season,matchId,gameweek,team_id,team,venue,playerId,pl_code,playerName,slug,position,substitute,accurateCross,accurateKeeperSweeper,accurateLongBalls,accurateOppositionHalfPasses,accurateOwnHalfPasses,accuratePass,aerialLost,aerialWon,ballRecovery,bigChanceCreated,bigChanceMissed,blockedScoringAttempt,challengeLost,clearanceOffLine,dispossessed,duelLost,duelWon,errorLeadToAGoal,errorLeadToAShot,expectedAssists,expectedGoals,expectedGoalsOnTarget,fouls,goalAssist,goals,goalsPrevented,goodHighClaim,hitWoodwork,interceptionWon,keyPass,lastManTackle,minutesPlayed,onTargetScoringAttempt,outfielderBlock,ownGoals,penaltyConceded,penaltyFaced,penaltyMiss,penaltyWon,possessionLostCtrl,punches,rating,savedShotsFromInsideTheBox,saves,shotOffTarget,substitute.1,totalClearance,totalContest,totalCross,totalKeeperSweeper,totalLongBalls,totalOffside,totalOppositionHalfPasses,totalOwnHalfPasses,totalPass,totalShots,totalTackle,touches,unsuccessfulTouch,wasFouled,wonContest,wonTackle
2022-23,10385741,1,3,Arsenal,Away,44760,58822,Cédric Soares,cedric-soares,M,True,,,,,,,,,,,,,,,,,,,,,,0.0,,,,,,,,,,,,,,,,,,,,,,,,,,,,,,,,,,0,,,,,,
2022-23,10385741,1,3,Arsenal,Away,117777,84450,Granit Xhaka,granit-xhaka,M,False,,,1.0,25.0,15.0,40.0,,4.0,5.0,,,,1.0,,1.0,2.0,9.0,,,0.0632469,0.0,0.0,1.0,,,,,,2.0,1.0,,90.0,,1.0,,,,,,9.0,,7.1,,,,,3.0,,,,3.0,,30.0,17.0,47.0,0,1.0,66.0,1.0,4.0,,1.0
2022-23,10385741,1,3,Arsenal,Away,159675,153256,Mohamed Elneny,mohamed-elneny,M,True,,,,,,,,,,,,,,,,,,,,,,0.0,,,,,,,,,,,,,,,,,,,,,,,,,,,,,,,,,,0,,,,,,
2022-23,10385741,1,3,Arsenal,Away,287643,206325,Oleksandr Zinchenko,oleksandr-zinchenko,D,False,,,1.0,22.0,17.0,39.0,2.0,2.0,6.0,1.0,,,3.0,,2.0,7.0,7.0,,,0.353522,0.0308,0.0614,,1.0,,,,,3.0,2.0,,83.0,1.0,,,,,,,15.0,,7.5,,,,,1.0,,1.0,,3.0,,29.0,20.0,48.0,1,5.0,70.0,1.0,,,1.0
2022-23,10385741,1,3,Arsenal,Away,316148,167199,Thomas Partey,thomas-partey,M,False,,,3.0,16.0,22.0,38.0,1.0,,8.0,,,1.0,4.0,,1.0,8.0,7.0,,,0.0165031,0.0957,0.0,2.0,,,,,,1.0,1.0,,90.0,,1.0,,,,,,13.0,,7.0,,,,,1.0,,,,5.0,,25.0,22.0,47.0,1,6.0,66.0,3.0,1.0,,5.0
2022-23,10385741,1,3,Arsenal,Away,366592,192895,Kieran Tierney,kieran-tierney,D,True,,,,1.0,1.0,2.0,,,,,,,,,,,2.0,,,5.48e-05,0.0,0.0,,,,,,,,,,11.0,,,,,,,,2.0,,6.8,,,,,1.0,,,,,,1.0,3.0,4.0,0,2.0,7.0,,,,1.0
2022-23,10385741,1,3,Arsenal,Away,547410,184029,Martin Ødegaard,martin-degaard,M,False,1.0,,1.0,15.0,14.0,28.0,,1.0,7.0,,,1.0,,,,1.0,3.0,,,0.0563182,0.0893,0.0,,,,,,,,,,89.0,,,,,,,,13.0,,7.1,,,1.0,,1.0,1.0,1.0,,1.0,,20.0,20.0,39.0,2,2.0,51.0,,,,1.0
2022-23,10385741,1,3,Arsenal,Away,593526,195735,Nicolas Pépé,nicolas-pepe,F,True,,,,,,,,,,,,,,,,,,,,,,0.0,,,,,,,,,,,,,,,,,,,,,,,,,,,,,,,,,,0,,,,,,
2022-23,10385741,1,3,Arsenal,Away,793228,156074,Rob Holding,rob-holding,D,True,,,,,,,,,,,,,,,,,,,,,,0.0,,,,,,,,,,,,,,,,,,,,,,,,,,,,,,,,,,0,,,,,,
2022-23,10385741,1,3,Arsenal,Away,794839,205651,Gabriel Jesus,gabriel-jesus,F,False,,,,12.0,8.0,20.0,3.0,2.0,4.0,,,1.0,2.0,,4.0,11.0,10.0,,,0.0810062,0.1454,0.0,2.0,,,,,,1.0,,,83.0,,,,,,,,17.0,,7.0,,,,,,6.0,,,,2.0,19.0,9.0,28.0,1,1.0,49.0,4.0,1.0,6.0,1.0
2022-23,10385741,1,3,Arsenal,Away,826139,200641,Reiss Nelson,reiss-nelson,M,True,,,,,,,,,,,,,,,,,,,,,,0.0,,,,,,,,,,,,,,,,,,,,,,,,,,,,,,,,,,0,,,,,,
2022-23,10385741,1,3,Arsenal,Away,833943,224068,Matt Turner,matt-turner,G,True,,,,,,,,,,,,,,,,,,,,,,0.0,,,,,,,,,,,,,,,,,,,,,,,,,,,,,,,,,,0,,,,,,
2022-23,10385741,1,3,Arsenal,Away,839410,225321,Aaron Ramsdale,aaron-ramsdale,G,False,,,9.0,6.0,14.0,20.0,,1.0,10.0,,,,,,,,1.0,,,0.00529057,0.0,0.0,,,,0.3455,,,,,,90.0,,,,,,,,8.0,,7.4,2.0,2.0,,,,,,,17.0,,13.0,15.0,28.0,0,,36.0,,,,
2022-23,10385741,1,3,Arsenal,Away,846036,198869,Ben White,ben-white,D,False,,,1.0,14.0,10.0,24.0,,,6.0,,,,2.0,,1.0,5.0,12.0,,,0.0329692,0.0,0.0,2.0,,,,,,1.0,1.0,,90.0,,1.0,,,,,,15.0,,7.7,,,,,4.0,1.0,1.0,,4.0,,21.0,12.0,32.0,0,8.0,70.0,4.0,3.0,1.0,5.0
2022-23,10385741,1,3,Arsenal,Away,858194,205533,Eddie Nketiah,eddie-nketiah,F,True,,,,1.0,2.0,3.0,,,1.0,,,,,,,1.0,1.0,,,0.0425795,0.0,0.0,1.0,,,,,,,1.0,,11.0,,,,,,,,1.0,,6.7,,,,,,1.0,,,,,1.0,2.0,3.0,0,,5.0,1.0,,1.0,
2022-23,10385741,1,3,Arsenal,Away,869792,226597,Gabriel Magalhães,gabriel-magalhaes,D,False,,,5.0,13.0,39.0,52.0,2.0,2.0,3.0,,,,1.0,,,3.0,6.0,,,0.00936252,0.0,0.0,,,,,,,1.0,,,90.0,,2.0,,,,,,6.0,,7.3,,,,,3.0,,,,9.0,,16.0,42.0,58.0,0,1.0,71.0,,3.0,,
2022-23,10385741,1,3,Arsenal,Away,901892,437742,Albert Sambi Lokonga,albert-sambi-lokonga,M,True,,,,,1.0,1.0,,,1.0,,,,,,,,1.0,,,7.82e-06,0.0,0.0,,,,,,,,,,1.0,,,,,,,,,,,,,,,,,,,,,,1.0,1.0,0,,2.0,,1.0,,
2022-23,10385741,1,3,Arsenal,Away,922573,444145,Gabriel Martinelli,gabriel-martinelli,F,False,,,3.0,14.0,10.0,24.0,1.0,1.0,2.0,,1.0,,2.0,,3.0,7.0,5.0,,,0.0473106,0.3773,0.2855,1.0,,1.0,,,,,1.0,,90.0,1.0,,,,,,,8.0,,7.0,,,1.0,,1.0,3.0,2.0,,3.0,,18.0,10.0,26.0,2,,42.0,1.0,1.0,3.0,
2022-23,10385741,1,3,Arsenal,Away,934235,223340,Bukayo Saka,bukayo-saka,F,False,1.0,,,19.0,6.0,24.0,1.0,,4.0,,,1.0,1.0,,2.0,7.0,4.0,,,0.110393,0.2583,0.0,2.0,,,,,,,1.0,,90.0,,,,,,,,17.0,,7.0,,,2.0,,2.0,3.0,6.0,,,,29.0,6.0,29.0,3,2.0,55.0,3.0,1.0,1.0,1.0
2022-23,10385741,1,3,Arsenal,Away,941168,462424,William Saliba,william-saliba,D,False,,,2.0,7.0,38.0,45.0,,1.0,7.0,,,,,,1.0,1.0,4.0,,,0.00182089,0.0,0.0,,,,,,,,,,90.0,,1.0,,,,,,5.0,,7.4,,,,,7.0,1.0,,,4.0,,9.0,39.0,48.0,0,1.0,62.0,1.0,1.0,1.0,
2022-23,10385500,2,3,Arsenal,Home,117777,84450,Granit Xhaka,granit-xhaka,M,False,,,2.0,29.0,9.0,38.0,,1.0,2.0,,1.0,,,,2.0,3.0,3.0,,,0.10245,0.3838,0.4186,1.0,1.0,1.0,,,1.0,,2.0,,90.0,1.0,,,,,,,9.0,,7.7,,,1.0,,1.0,,2.0,,2.0,,35.0,10.0,43.0,2,,57.0,,2.0,,
2022-23,10385500,2,3,Arsenal,Home,159675,153256,Mohamed Elneny,mohamed-elneny,M,True,,,,,,,,,,,,,,,,,,,,,,0.0,,,,,,,,,,,,,,,,,,,,,,,,,,,,,,,,,,0,,,,,,
2022-23,10385500,2,3,Arsenal,Home,287643,206325,Oleksandr Zinchenko,oleksandr-zinchenko,D,False,,,,35.0,19.0,54.0,,1.0,6.0,,,1.0,,,,,3.0,,,0.0388849,0.0815,0.0,,,,,,,2.0,,,77.0,,,,,,,,3.0,,6.7,,,1.0,,1.0,,1.0,,1.0,,38.0,19.0,56.0,2,1.0,68.0,,1.0,,
2022-23,10385500,2,3,Arsenal,Home,316148,167199,Thomas Partey,thomas-partey,M,False,,,3.0,15.0,16.0,31.0,3.0,3.0,5.0,,,2.0,1.0,,,6.0,6.0,,,0.0151957,0.3852,0.0,2.0,,,,,1.0,2.0,,,90.0,,,,,,,,15.0,,6.9,,,1.0,,,2.0,,,8.0,,27.0,18.0,45.0,3,1.0,57.0,1.0,,2.0,1.0
2022-23,10385500,2,3,Arsenal,Home,366592,192895,Kieran Tierney,kieran-tierney,D,True,,,,4.0,3.0,7.0,1.0,,1.0,,,,,,,1.0,,,,0.00176137,0.0,0.0,,,,,,,,,,13.0,,,,,,,,5.0,,6.4,,,,,,,,,3.0,,7.0,4.0,11.0,0,,13.0,,,,
2022-23,10385500,2,3,Arsenal,Home,547410,184029,Martin Ødegaard,martin-degaard,M,False,,,,28.0,11.0,39.0,1.0,1.0,10.0,,,1.0,,,,2.0,4.0,,,0.0689524,0.0293,0.0,1.0,,,,,,,1.0,,90.0,,,,,,,,8.0,,6.9,,,,,,2.0,1.0,,1.0,,32.0,13.0,44.0,1,1.0,56.0,1.0,,2.0,1.0
2022-23,10385500,2,3,Arsenal,Home,593526,195735,Nicolas Pépé,nicolas-pepe,F,True,,,,,,,,,,,,,,,,,,,,,,0.0,,,,,,,,,,,,,,,,,,,,,,,,,,,,,,,,,,0,,,,,,
2022-23,10385500,2,3,Arsenal,Home,793228,156074,Rob Holding,rob-holding,D,True,,,,,,,,,,,,,,,,,,,,,,0.0,,,,,,,,,,,,,,,,,,,,,,,,,,,,,,,,,,0,,,,,,
2022-23,10385500,2,3,Arsenal,Home,794839,205651,Gabriel Jesus,gabriel-jesus,F,False,,,1.0,19.0,3.0,22.0,2.0,4.0,1.0,1.0,2.0,,1.0,,4.0,10.0,8.0,,,0.0548622,1.9128,1.8984,2.0,2.0,2.0,,,,,3.0,,84.0,3.0,,,,,,,16.0,,8.9,,,4.0,,,4.0,,,1.0,,26.0,3.0,29.0,7,,55.0,4.0,1.0,3.0,
2022-23,10385500,2,3,Arsenal,Home,804434,223723,Takehiro Tomiyasu,takehiro-tomiyasu,D,True,,,,4.0,3.0,7.0,,,1.0,,,,,,,1.0,,,,0.00111492,0.0,0.0,1.0,,,,,,,,,15.0,,,,,,,,1.0,,6.5,,,,,,,,,,,4.0,4.0,8.0,0,,10.0,,,,
2022-23,10385500,2,3,Arsenal,Home,833943,224068,Matt Turner,matt-turner,G,True,,,,,,,,,,,,,,,,,,,,,,0.0,,,,,,,,,,,,,,,,,,,,,,,,,,,,,,,,,,0,,,,,,
2022-23,10385500,2,3,Arsenal,Home,839410,225321,Aaron Ramsdale,aaron-ramsdale,G,False,,1.0,6.0,6.0,8.0,14.0,,,7.0,,,,,,,,,,,0.00337292,0.0,0.0,,,,-1.5316,,,,,,90.0,,,,,,,,9.0,,6.2,1.0,1.0,,,1.0,,,1.0,15.0,,14.0,9.0,23.0,0,,28.0,,,,
2022-23,10385500,2,3,Arsenal,Home,846036,198869,Ben White,ben-white,D,False,,,,19.0,8.0,27.0,1.0,3.0,1.0,,,,,,,3.0,3.0,,,0.0156678,0.0,0.0,1.0,,,,,,1.0,,,75.0,,1.0,,,,,,11.0,,6.4,,,,,2.0,1.0,1.0,,3.0,,25.0,11.0,35.0,0,,48.0,,,,
2022-23,10385500,2,3,Arsenal,Home,858194,205533,Eddie Nketiah,eddie-nketiah,F,True,,,,2.0,,2.0,1.0,,,,,,,,,2.0,1.0,,,0.00180386,0.0388,0.1456,1.0,,,,,,,,,13.0,1.0,,,,,,,,,6.7,,,,,,,,,,1.0,2.0,,2.0,1,,4.0,,1.0,,
2022-23,10385500,2,3,Arsenal,Home,867445,209289,Emile Smith Rowe,emile-smith-rowe,M,True,1.0,,,1.0,2.0,2.0,,,1.0,,,,,,1.0,1.0,2.0,,,0.123667,0.0,0.0,,,,,,,,1.0,,13.0,,,,,,,,2.0,,6.9,,,,,,1.0,2.0,,,,2.0,2.0,2.0,0,1.0,7.0,,,1.0,1.0
2022-23,10385500,2,3,Arsenal,Home,869792,226597,Gabriel Magalhães,gabriel-magalhaes,D,False,,,,25.0,24.0,49.0,1.0,2.0,5.0,,,,1.0,,,2.0,6.0,,,0.0153326,0.0489,0.0,,,,,,,,,,90.0,,,,,,,,8.0,,6.6,,,1.0,,1.0,,,,2.0,,28.0,27.0,55.0,1,3.0,67.0,2.0,1.0,,2.0
2022-23,10385500,2,3,Arsenal,Home,901892,437742,Albert Sambi Lokonga,albert-sambi-lokonga,M,True,,,,,,,,,,,,,,,,,,,,,,0.0,,,,,,,,,,,,,,,,,,,,,,,,,,,,,,,,,,0,,,,,,
2022-23,10385500,2,3,Arsenal,Home,922573,444145,Gabriel Martinelli,gabriel-martinelli,F,False,1.0,,1.0,22.0,2.0,23.0,,,3.0,1.0,,,,,,6.0,4.0,,,0.314227,0.0543,0.6223,4.0,,1.0,,,,1.0,4.0,,90.0,1.0,,,,,,,15.0,,7.9,,,,,,5.0,8.0,,1.0,,31.0,2.0,25.0,1,,47.0,3.0,1.0,3.0,
2022-23,10385500,2,3,Arsenal,Home,934235,223340,Bukayo Saka,bukayo-saka,F,False,2.0,,1.0,24.0,3.0,25.0,3.0,1.0,4.0,1.0,,,,,,5.0,4.0,,,0.284995,0.0377,0.2807,1.0,,,,,,,3.0,,84.0,1.0,,,,,,,8.0,,7.2,,,,,,1.0,2.0,,1.0,1.0,28.0,5.0,31.0,1,1.0,43.0,1.0,2.0,,1.0
2022-23,10385500,2,3,Arsenal,Home,941168,462424,William Saliba,william-saliba,D,False,,,1.0,12.0,34.0,46.0,1.0,3.0,10.0,,,,,,,2.0,3.0,,,0.0051562,0.0,0.0,1.0,,,,,,2.0,,,90.0,,,1.0,,,,,7.0,,6.4,,,,,5.0,,,,3.0,,15.0,38.0,53.0,0,,61.0,,,,
2022-23,10385519,3,3,Arsenal,Away,117777,84450,Granit Xhaka,granit-xhaka,M,False,,,,22.0,25.0,47.0,1.0,,4.0,,,,1.0,,,2.0,2.0,,,0.114714,0.0,0.0,,1.0,,,,,,3.0,,88.0,,,,,,,,10.0,,7.2,,,,,,1.0,,,1.0,,28.0,27.0,55.0,0,1.0,60.0,1.0,,1.0,
2022-23,10385519,3,3,Arsenal,Away,159675,153256,Mohamed Elneny,mohamed-elneny,M,True,,,,,,,,,,,,,,,,,,,,,,0.0,,,,,,,,,,,,,,,,,,,,,,,,,,,,,,,,,,0,,,,,,
2022-23,10385519,3,3,Arsenal,Away,287643,206325,Oleksandr Zinchenko,oleksandr-zinchenko,D,False,2.0,,1.0,26.0,35.0,59.0,,1.0,10.0,,,,1.0,,,2.0,4.0,,,0.0419052,0.0,0.0,,,,,,,,,,90.0,,,,,,,,12.0,,7.1,,,,,1.0,2.0,2.0,,3.0,,36.0,35.0,69.0,0,2.0,83.0,,,1.0,1.0
2022-23,10385519,3,3,Arsenal,Away,316148,167199,Thomas Partey,thomas-partey,M,False,,,1.0,31.0,30.0,61.0,1.0,2.0,10.0,,,,2.0,,2.0,7.0,8.0,,,0.0228624,0.0,0.0,2.0,,,,,,,,,90.0,,,,,,,,11.0,,6.8,,,,,2.0,3.0,,,3.0,,35.0,34.0,69.0,0,2.0,85.0,,1.0,3.0,1.0
2022-23,10385519,3,3,Arsenal,Away,366592,192895,Kieran Tierney,kieran-tierney,D,True,,,,,,,1.0,,,,,,,,,1.0,,,,0.0,0.0,0.0,,,,,,,1.0,,,2.0,,,,,,,,,,,,,,,,,,,,,,,,0,,1.0,,,,
2022-23,10385519,3,3,Arsenal,Away,547410,184029,Martin Ødegaard,martin-degaard,M,False,1.0,,2.0,29.0,16.0,44.0,,3.0,2.0,,,1.0,1.0,,3.0,5.0,4.0,,,0.0512186,0.6359,0.9494,1.0,,2.0,,,,,,,74.0,2.0,,,,,,,18.0,,8.1,,,,,,1.0,2.0,,3.0,,39.0,17.0,54.0,3,,72.0,3.0,1.0,1.0,
2022-23,10385519,3,3,Arsenal,Away,793228,156074,Rob Holding,rob-holding,D,True,,,,,,,,,,,,,,,,,,,,,,0.0,,,,,,,,,,,,,,,,,,,,,,,,,,,,,,,,,,0,,,,,,
2022-23,10385519,3,3,Arsenal,Away,794839,205651,Gabriel Jesus,gabriel-jesus,F,False,,,,12.0,7.0,19.0,4.0,3.0,3.0,1.0,,2.0,,,1.0,10.0,9.0,,,0.0273769,0.0629,0.0,1.0,1.0,,,,,1.0,2.0,,90.0,,,,,,,,14.0,,7.0,,,,,,6.0,,,,2.0,14.0,7.0,21.0,2,2.0,47.0,7.0,2.0,2.0,2.0
2022-23,10385519,3,3,Arsenal,Away,804434,223723,Takehiro Tomiyasu,takehiro-tomiyasu,D,True,,,1.0,4.0,2.0,6.0,,,1.0,,,,,,,,1.0,,,0.00255111,0.0,0.0,,,,,,,,,,16.0,,,,,,,,2.0,,6.8,,,,,1.0,,,,1.0,,5.0,3.0,8.0,0,1.0,12.0,,,,1.0
2022-23,10385519,3,3,Arsenal,Away,833943,224068,Matt Turner,matt-turner,G,True,,,,,,,,,,,,,,,,,,,,,,0.0,,,,,,,,,,,,,,,,,,,,,,,,,,,,,,,,,,0,,,,,,
2022-23,10385519,3,3,Arsenal,Away,839410,225321,Aaron Ramsdale,aaron-ramsdale,G,False,,,5.0,3.0,13.0,16.0,,1.0,4.0,,,,,,,,1.0,,1.0,0.00093806,0.0,0.0,,,,0.0664,,,,,,90.0,,,,,,,,10.0,1.0,7.0,1.0,1.0,,,1.0,,,,13.0,,10.0,15.0,25.0,0,,31.0,,,,
2022-23,10385519,3,3,Arsenal,Away,846036,198869,Ben White,ben-white,D,False,,,3.0,35.0,21.0,56.0,,2.0,4.0,,,,1.0,,,2.0,4.0,,,0.0926464,0.0,0.0,,,,,,,2.0,1.0,,74.0,,,,,,,,9.0,,7.2,,,,,1.0,1.0,4.0,,4.0,,41.0,22.0,59.0,0,1.0,84.0,,1.0,,1.0
2022-23,10385519,3,3,Arsenal,Away,858194,205533,Eddie Nketiah,eddie-nketiah,F,True,,,,3.0,3.0,6.0,,,1.0,,1.0,,,,,2.0,,,,0.013183,0.0795,0.2128,1.0,,,,,,1.0,1.0,,15.0,1.0,,,,,,,2.0,,6.3,,,,,,1.0,,,,,3.0,3.0,6.0,1,,10.0,1.0,,,
2022-23,10385519,3,3,Arsenal,Away,867445,209289,Emile Smith Rowe,emile-smith-rowe,M,True,,,,3.0,2.0,5.0,1.0,,1.0,1.0,,,1.0,,,4.0,1.0,,,0.0304135,0.0396,0.0322,1.0,,,,,,,1.0,,16.0,1.0,,,,,,,1.0,,6.9,,,,,1.0,2.0,,,,,3.0,2.0,5.0,1,,9.0,,,1.0,
2022-23,10385519,3,3,Arsenal,Away,869792,226597,Gabriel Magalhães,gabriel-magalhaes,D,False,,,1.0,17.0,57.0,74.0,2.0,2.0,3.0,,,,,,,3.0,5.0,,,0.00483567,0.1013,0.0,1.0,,,,,,,,,90.0,,,,,,,,6.0,,7.3,,,1.0,,9.0,,,,4.0,,21.0,59.0,80.0,1,1.0,97.0,,2.0,,1.0
2022-23,10385519,3,3,Arsenal,Away,901892,437742,Albert Sambi Lokonga,albert-sambi-lokonga,M,True,,,,1.0,2.0,3.0,,,1.0,,,,,,,,,,,0.00042171,0.0,0.0,,,,,,,,,,2.0,,,,,,,,,,,,,,,,,,,,,1.0,2.0,3.0,0,,3.0,,,,
2022-23,10385519,3,3,Arsenal,Away,904835,438098,Fábio Vieira,fabio-vieira,M,True,,,,,,,,,,,,,,,,,,,,,,0.0,,,,,,,,,,,,,,,,,,,,,,,,,,,,,,,,,,0,,,,,,
2022-23,10385519,3,3,Arsenal,Away,922573,444145,Gabriel Martinelli,gabriel-martinelli,F,False,1.0,,1.0,10.0,5.0,14.0,,,3.0,,1.0,,,,2.0,3.0,4.0,,,0.0268162,0.3593,0.0807,,,,,,,,,,75.0,1.0,,,,,,,13.0,,6.8,,,3.0,,,2.0,5.0,,1.0,,15.0,6.0,16.0,4,1.0,38.0,4.0,2.0,1.0,1.0
2022-23,10385519,3,3,Arsenal,Away,934235,223340,Bukayo Saka,bukayo-saka,F,False,1.0,,,28.0,7.0,34.0,,1.0,7.0,,,1.0,,,1.0,7.0,7.0,,,0.133475,0.0239,0.0,2.0,,,,,,3.0,2.0,,88.0,,,,,,,,10.0,,6.9,,,,,1.0,6.0,3.0,,1.0,1.0,33.0,7.0,37.0,1,1.0,59.0,,3.0,2.0,
2022-23,10385519,3,3,Arsenal,Away,941168,462424,William Saliba,william-saliba,D,False,,,2.0,18.0,55.0,73.0,2.0,,6.0,,,,,,,3.0,2.0,,,0.00496138,0.0993,0.3364,1.0,,1.0,,,,2.0,,,90.0,1.0,,,,,,,,,8.0,,,,,3.0,,,,2.0,,18.0,55.0,73.0,1,2.0,82.0,,,,
2022-23,10385742,4,3,Arsenal,Home,44760,58822,Cédric Soares,cedric-soares,M,True,,,,,,,,,,,,,,,,,,,,,,0.0,,,,,,,,,,,,,,,,,,,,,,,,,,,,,,,,,,0,,,,,,
2022-23,10385742,4,3,Arsenal,Home,117777,84450,Granit Xhaka,granit-xhaka,M,False,,,6.0,27.0,19.0,46.0,,1.0,7.0,,,,,,2.0,2.0,2.0,,,0.0675399,0.0932,0.0,,,,,,,1.0,2.0,,90.0,,,,,,,,15.0,,6.9,,,1.0,,1.0,,1.0,,8.0,1.0,38.0,21.0,58.0,1,,71.0,,1.0,,
2022-23,10385742,4,3,Arsenal,Home,159675,153256,Mohamed Elneny,mohamed-elneny,M,False,,,3.0,22.0,29.0,51.0,1.0,,8.0,,,,,,,2.0,1.0,,,0.0414985,0.0,0.0,1.0,,,,,,,,,90.0,,,,,,,,1.0,,6.9,,,,,,,,,3.0,,22.0,30.0,52.0,0,1.0,55.0,,,,1.0
2022-23,10385742,4,3,Arsenal,Home,366592,192895,Kieran Tierney,kieran-tierney,D,False,1.0,,1.0,11.0,15.0,25.0,2.0,,2.0,,,1.0,,,,2.0,,,,0.0116348,0.0203,0.0,,,,,,,2.0,1.0,,61.0,,1.0,,,,,,13.0,,6.7,,,,,,,1.0,,3.0,,19.0,16.0,34.0,1,,46.0,2.0,,,
2022-23,10385742,4,3,Arsenal,Home,547410,184029,Martin Ødegaard,martin-degaard,M,False,2.0,,7.0,46.0,15.0,59.0,2.0,,11.0,,,1.0,2.0,,4.0,9.0,8.0,,,0.462228,0.1792,0.3363,1.0,,1.0,,,,,2.0,,89.0,2.0,,,,,,,19.0,,8.4,,,,,1.0,5.0,2.0,,8.0,,56.0,17.0,71.0,3,3.0,92.0,3.0,,5.0,2.0
2022-23,10385742,4,3,Arsenal,Home,793228,156074,Rob Holding,rob-holding,D,True,,,,,,,,,,,,,,,,,,,,0.0,0.0,0.0,,,,,,,,,,1.0,,,,,,,,,,,,,,,,,,,,,,,,0,,,,,,
2022-23,10385742,4,3,Arsenal,Home,794839,205651,Gabriel Jesus,gabriel-jesus,F,False,1.0,,,17.0,4.0,20.0,6.0,3.0,3.0,,,2.0,,,5.0,13.0,9.0,,,0.140084,0.3107,0.175,,,,,,,1.0,2.0,,89.0,1.0,,,,,,,22.0,,7.0,,,1.0,,,3.0,2.0,,,,27.0,5.0,30.0,4,,63.0,3.0,5.0,1.0,
2022-23,10385742,4,3,Arsenal,Home,804434,223723,Takehiro Tomiyasu,takehiro-tomiyasu,D,True,,,,,,,1.0,,1.0,,,,,,,2.0,1.0,,,0.0,0.0,0.0,1.0,,,,,,1.0,,,9.0,,,,,,,,2.0,,6.6,,,,,,,,,,,2.0,,2.0,0,,4.0,,1.0,,
2022-23,10385742,4,3,Arsenal,Home,833943,224068,Matt Turner,matt-turner,G,True,,,,,,,,,,,,,,,,,,,,,,0.0,,,,,,,,,,,,,,,,,,,,,,,,,,,,,,,,,,0,,,,,,
2022-23,10385742,4,3,Arsenal,Home,839410,225321,Aaron Ramsdale,aaron-ramsdale,G,False,,,2.0,2.0,15.0,17.0,,,7.0,,,,,,,,,,,0.00068596,0.0,0.0,,,,0.0732,2.0,,,,,90.0,,,,,,,,9.0,,6.7,2.0,2.0,,,,,,,9.0,,9.0,16.0,25.0,0,,34.0,,,,
2022-23,10385742,4,3,Arsenal,Home,846036,198869,Ben White,ben-white,D,False,,,4.0,26.0,29.0,55.0,1.0,1.0,5.0,,,,,,,3.0,3.0,,,0.0346042,0.0,0.0,1.0,,,,,,,,,90.0,,1.0,,,,,,11.0,,6.8,,,,,,1.0,1.0,,7.0,,32.0,31.0,62.0,0,2.0,79.0,2.0,,,2.0
2022-23,10385742,4,3,Arsenal,Home,858194,205533,Eddie Nketiah,eddie-nketiah,F,True,,,,4.0,,4.0,2.0,,,,1.0,1.0,1.0,,,3.0,5.0,,,0.00701672,0.3585,0.2453,,,,,,,,,,29.0,1.0,,,,,,,2.0,,6.8,,,1.0,,1.0,3.0,,,,,5.0,,5.0,3,1.0,15.0,1.0,1.0,3.0,1.0
2022-23,10385742,4,3,Arsenal,Home,867445,209289,Emile Smith Rowe,emile-smith-rowe,M,True,,,,,,,,,,,,,,,,,,,,,,0.0,,,,,,,,,,,,,,,,,,,,,,,,,,,,,,,,,,0,,,,,,
2022-23,10385742,4,3,Arsenal,Home,869792,226597,Gabriel Magalhães,gabriel-magalhaes,D,False,,,4.0,30.0,46.0,76.0,1.0,3.0,5.0,,,,,,1.0,2.0,6.0,1.0,,0.0184113,0.7455,0.9387,,,1.0,,,,1.0,1.0,,90.0,1.0,,,,,,,7.0,,7.4,,,,,1.0,,,,5.0,,32.0,50.0,82.0,1,3.0,94.0,,,,2.0
2022-23,10385742,4,3,Arsenal,Home,901892,437742,Albert Sambi Lokonga,albert-sambi-lokonga,M,True,,,,,,,,,,,,,,,,,,,,,,0.0,,,,,,,,,,,,,,,,,,,,,,,,,,,,,,,,,,0,,,,,,
2022-23,10385742,4,3,Arsenal,Home,904835,438098,Fábio Vieira,fabio-vieira,M,True,,,,,,,,,,,,,,,,,,,,,,0.0,,,,,,,,,,,,,,,,,,,,,,,,,,,,,,,,,,0,,,,,,
2022-23,10385742,4,3,Arsenal,Home,922573,444145,Gabriel Martinelli,gabriel-martinelli,F,False,1.0,,4.0,23.0,5.0,27.0,3.0,1.0,2.0,1.0,,4.0,1.0,,1.0,8.0,8.0,,,0.387386,0.5549,0.2511,1.0,,,,,1.0,,5.0,,90.0,2.0,,,,,,,17.0,,8.0,,,1.0,,,3.0,9.0,,4.0,,35.0,6.0,32.0,7,4.0,68.0,1.0,2.0,1.0,2.0
2022-23,10385742,4,3,Arsenal,Home,934235,223340,Bukayo Saka,bukayo-saka,F,False,,,2.0,25.0,12.0,37.0,1.0,1.0,3.0,,,1.0,,,2.0,7.0,5.0,,,0.107335,0.4738,0.0652,,1.0,,,,,1.0,2.0,,90.0,1.0,,,,,,,19.0,,7.0,,,,,,7.0,3.0,,2.0,,35.0,12.0,44.0,2,,69.0,3.0,1.0,3.0,
2022-23,10385742,4,3,Arsenal,Home,941168,462424,William Saliba,william-saliba,D,False,,,9.0,32.0,60.0,92.0,2.0,1.0,6.0,1.0,,,,,,3.0,3.0,,,0.0132931,0.0,0.0,1.0,1.0,,,,,,1.0,,90.0,,,,,,,,6.0,,7.4,,,,,1.0,,,,10.0,,34.0,64.0,98.0,0,1.0,103.0,,1.0,,1.0
2022-23,10385742,4,3,Arsenal,Home,1116954,479683,Marquinhos,marquinhos,M,True,,,,,,,,,,,,,,,,,,,,,,0.0,,,,,,,,,,,,,,,,,,,,,,,,,,,,,,,,,,0,,,,,,
2022-23,10385574,5,3,Arsenal,Home,44760,58822,Cédric Soares,cedric-soares,M,True,,,,,,,,,,,,,,,,,,,,,,0.0,,,,,,,,,,,,,,,,,,,,,,,,,,,,,,,,,,0,,,,,,
2022-23,10385574,5,3,Arsenal,Home,117777,84450,Granit Xhaka,granit-xhaka,M,False,,,3.0,28.0,21.0,49.0,1.0,1.0,5.0,,,,1.0,,,4.0,2.0,,,0.0371399,0.0,0.0,1.0,,,,,,,2.0,,90.0,,,,,,,,15.0,,6.8,,,,,2.0,1.0,3.0,,3.0,,37.0,25.0,59.0,0,1.0,72.0,1.0,,,1.0
2022-23,10385574,5,3,Arsenal,Home,366592,192895,Kieran Tierney,kieran-tierney,D,False,,,5.0,22.0,12.0,34.0,2.0,,4.0,,,,1.0,,,3.0,2.0,,,0.0390968,0.1998,0.2055,,,,,,,1.0,,,90.0,1.0,,,,,,,18.0,,6.8,,,1.0,,,,5.0,,10.0,,35.0,16.0,46.0,2,2.0,67.0,,,,
2022-23,10385574,5,3,Arsenal,Home,547410,184029,Martin Ødegaard,martin-degaard,M,False,,,2.0,25.0,15.0,40.0,,,7.0,,,1.0,1.0,,1.0,4.0,4.0,,,0.224104,0.4592,0.7236,2.0,,,,,,,3.0,,81.0,2.0,,,,,,,15.0,,7.3,,,,,1.0,1.0,2.0,,3.0,,34.0,16.0,48.0,3,1.0,68.0,3.0,2.0,1.0,1.0
2022-23,10385574,5,3,Arsenal,Home,793228,156074,Rob Holding,rob-holding,D,True,,,,,2.0,2.0,,1.0,1.0,,,,,,,,2.0,,,2.49e-06,0.0,0.0,,,,,,,,,,8.0,,,,,,,,,,6.7,,,,,,,,,,,,2.0,2.0,0,1.0,3.0,,,,1.0
2022-23,10385574,5,3,Arsenal,Home,794839,205651,Gabriel Jesus,gabriel-jesus,F,False,,,,11.0,3.0,14.0,5.0,3.0,1.0,,1.0,,,,2.0,14.0,8.0,,,0.0880398,0.8963,0.8078,3.0,,1.0,,,,,1.0,,88.0,3.0,,,,,,,14.0,,7.0,,,1.0,,,5.0,,,,,16.0,3.0,19.0,4,,42.0,2.0,4.0,1.0,
2022-23,10385574,5,3,Arsenal,Home,804434,223723,Takehiro Tomiyasu,takehiro-tomiyasu,D,True,,,,7.0,6.0,13.0,,,3.0,,,,,,,1.0,3.0,,,0.0180655,0.0,0.0,1.0,,,,,,2.0,1.0,,25.0,,,,,,,,6.0,,6.8,,,,,,,,,1.0,,11.0,7.0,18.0,0,2.0,25.0,,1.0,,2.0
2022-23,10385574,5,3,Arsenal,Home,833943,224068,Matt Turner,matt-turner,G,True,,,,,,,,,,,,,,,,,,,,,,0.0,,,,,,,,,,,,,,,,,,,,,,,,,,,,,,,,,,0,,,,,,
2022-23,10385574,5,3,Arsenal,Home,839410,225321,Aaron Ramsdale,aaron-ramsdale,G,False,,,3.0,1.0,7.0,8.0,,1.0,9.0,,,,,,,,1.0,,,0.00016356,0.0,0.0,,,,-0.8156,,,,,,90.0,,,,,,,,10.0,,6.6,2.0,2.0,,,,,,,13.0,,11.0,7.0,18.0,0,,30.0,,1.0,,
2022-23,10385574,5,3,Arsenal,Home,846036,198869,Ben White,ben-white,D,False,,,,28.0,26.0,54.0,,,3.0,1.0,,,,,,,1.0,,,0.283663,0.0,0.0,,,,,,,,1.0,,65.0,,,,,,,,7.0,,6.9,,,,,,,,,2.0,,30.0,28.0,58.0,0,,67.0,2.0,1.0,,
2022-23,10385574,5,3,Arsenal,Home,858194,205533,Eddie Nketiah,eddie-nketiah,F,True,,,,3.0,1.0,4.0,,,1.0,,,,,,,2.0,1.0,,,0.00085556,0.0493,0.0,1.0,,,,,,,,,8.0,,,,,,,,1.0,,6.6,,,1.0,,,2.0,,,,,3.0,1.0,4.0,1,,8.0,,,1.0,
2022-23,10385574,5,3,Arsenal,Home,867445,209289,Emile Smith Rowe,emile-smith-rowe,M,True,,,,5.0,1.0,6.0,,,1.0,,,,,,,,,,,0.0267378,0.0,0.0,,,,,,,,1.0,,9.0,,,,,,,,1.0,,6.7,,,,,,,,,,,5.0,2.0,7.0,0,,9.0,,,,
2022-23,10385574,5,3,Arsenal,Home,869792,226597,Gabriel Magalhães,gabriel-magalhaes,D,False,,,4.0,20.0,23.0,43.0,,2.0,4.0,,,3.0,,,1.0,1.0,3.0,,,0.00906343,0.3138,0.1337,,,,,,,1.0,,,90.0,1.0,,,,,,,3.0,,7.0,,,,,4.0,,,,5.0,,21.0,24.0,45.0,4,1.0,57.0,,,,1.0
2022-23,10385574,5,3,Arsenal,Home,901892,437742,Albert Sambi Lokonga,albert-sambi-lokonga,M,False,,,5.0,27.0,23.0,50.0,1.0,2.0,4.0,,,,,,,1.0,5.0,,,0.0274096,0.0,0.0,,,,,,,3.0,,,90.0,,,,,,,,4.0,,7.2,,,,,1.0,1.0,,,6.0,,30.0,24.0,54.0,0,,64.0,,2.0,1.0,
2022-23,10385574,5,3,Arsenal,Home,904835,438098,Fábio Vieira,fabio-vieira,M,True,,,,,,,,,,,,,,,,,,,,,,0.0,,,,,,,,,,,,,,,,,,,,,,,,,,,,,,,,,,0,,,,,,
2022-23,10385574,5,3,Arsenal,Home,922573,444145,Gabriel Martinelli,gabriel-martinelli,F,False,1.0,,2.0,26.0,5.0,30.0,,,2.0,1.0,,1.0,,,3.0,5.0,6.0,,,0.397202,0.1964,0.3363,1.0,,1.0,,,,1.0,2.0,,90.0,2.0,,,,,,,15.0,,8.0,,,2.0,,1.0,4.0,4.0,,3.0,1.0,35.0,5.0,36.0,5,1.0,62.0,2.0,2.0,3.0,1.0
2022-23,10385574,5,3,Arsenal,Home,934235,223340,Bukayo Saka,bukayo-saka,F,False,2.0,,1.0,18.0,10.0,26.0,,1.0,3.0,,1.0,2.0,2.0,,1.0,3.0,7.0,,,0.343406,0.4524,0.0,,1.0,,,,,,3.0,,88.0,,,,,,,,13.0,,7.2,,,1.0,,,5.0,6.0,,1.0,,24.0,10.0,28.0,3,,53.0,6.0,1.0,5.0,
2022-23,10385574,5,3,Arsenal,Home,941168,462424,William Saliba,william-saliba,D,False,,,3.0,12.0,43.0,55.0,1.0,,11.0,,,,,,1.0,3.0,1.0,,,0.0327712,0.0,0.0,1.0,,,,,,,1.0,,90.0,,,,,,,,10.0,,6.6,,,,,1.0,,,,4.0,,15.0,47.0,62.0,0,1.0,72.0,2.0,,,
2022-23,10385574,5,3,Arsenal,Home,991582,232241,Matthew Smith,matthew-smith,M,True,,,,,,,,,,,,,,,,,,,,,,0.0,,,,,,,,,,,,,,,,,,,,,,,,,,,,,,,,,,0,,,,,,
2022-23,10385574,5,3,Arsenal,Home,1116954,479683,Marquinhos,marquinhos,M,True,,,,,,,,,,,,,,,,,,,,,,0.0,,,,,,,,,,,,,,,,,,,,,,,,,,,,,,,,,,0,,,,,,
2022-23,10385750,6,3,Arsenal,Away,44760,58822,Cédric Soares,cedric-soares,M,True,,,,,,,,,,,,,,,,,,,,,,0.0,,,,,,,,,,,,,,,,,,,,,,,,,,,,,,,,,,0,,,,,,
2022-23,10385750,6,3,Arsenal,Away,117777,84450,Granit Xhaka,granit-xhaka,M,False,,,3.0,27.0,8.0,35.0,1.0,,4.0,,,3.0,,,2.0,3.0,3.0,,,0.127346,0.1612,0.0,,,,,,,2.0,1.0,,90.0,,,,,,,,7.0,,6.7,,,,,1.0,1.0,,,4.0,,31.0,8.0,39.0,3,2.0,54.0,1.0,,1.0,2.0
2022-23,10385750,6,3,Arsenal,Away,287643,206325,Oleksandr Zinchenko,oleksandr-zinchenko,D,False,,,,22.0,16.0,38.0,,1.0,3.0,,,,,,1.0,1.0,1.0,,,0.041537,0.0,0.0,,,,,,,,,,74.0,,,,,,,,5.0,,6.3,,,,,,,,,,,26.0,16.0,42.0,0,,52.0,,,,
2022-23,10385750,6,3,Arsenal,Away,366592,192895,Kieran Tierney,kieran-tierney,D,True,,,,,,,,,,,,,,,,,,,,,,0.0,,,,,,,,,,,,,,,,,,,,,,,,,,,,,,,,,,0,,,,,,
2022-23,10385750,6,3,Arsenal,Away,547410,184029,Martin Ødegaard,martin-degaard,M,False,,,,20.0,7.0,27.0,,,5.0,1.0,1.0,,,,2.0,4.0,,,,0.340295,0.3525,0.0,1.0,,,,,,,4.0,,73.0,,,,,,,,18.0,,6.4,,,1.0,,,1.0,1.0,,2.0,,33.0,8.0,40.0,1,,46.0,1.0,,,
2022-23,10385750,6,3,Arsenal,Away,793228,156074,Rob Holding,rob-holding,D,True,,,,,,,,,,,,,,,,,,,,,,0.0,,,,,,,,,,,,,,,,,,,,,,,,,,,,,,,,,,0,,,,,,
2022-23,10385750,6,3,Arsenal,Away,794839,205651,Gabriel Jesus,gabriel-jesus,F,False,,,1.0,23.0,5.0,28.0,1.0,,7.0,1.0,,,,,2.0,10.0,13.0,,,0.353236,0.0606,0.0,3.0,,,,,,,5.0,,90.0,,,,,,,,17.0,,7.4,,,2.0,,,8.0,1.0,,2.0,,28.0,5.0,32.0,2,2.0,64.0,5.0,8.0,3.0,1.0
2022-23,10385750,6,3,Arsenal,Away,804434,223723,Takehiro Tomiyasu,takehiro-tomiyasu,D,True,,,1.0,9.0,1.0,10.0,,,1.0,,,,,,,,1.0,,,0.00772621,0.0,0.0,,,,,,,1.0,,,10.0,,,,,,,,2.0,,6.8,,,,,,,,,1.0,,9.0,3.0,12.0,0,1.0,17.0,,,,
2022-23,10385750,6,3,Arsenal,Away,833943,224068,Matt Turner,matt-turner,G,True,,,,,,,,,,,,,,,,,,,,,,0.0,,,,,,,,,,,,,,,,,,,,,,,,,,,,,,,,,,0,,,,,,
2022-23,10385750,6,3,Arsenal,Away,839410,225321,Aaron Ramsdale,aaron-ramsdale,G,False,,2.0,11.0,2.0,20.0,22.0,,,7.0,,,,,,,,,,1.0,0.00162962,0.0,0.0,,,,0.0903,,,,,,90.0,,,,,,,,12.0,,6.3,2.0,3.0,,,1.0,,,2.0,22.0,,13.0,21.0,34.0,0,,45.0,,,,
2022-23,10385750,6,3,Arsenal,Away,846036,198869,Ben White,ben-white,D,False,1.0,,,16.0,14.0,29.0,,,1.0,,,,1.0,,,2.0,3.0,,,0.100568,0.0,0.0,1.0,,,,,,,,,80.0,,,,,,,,11.0,,6.3,,,,,,,3.0,,2.0,,25.0,16.0,38.0,0,3.0,51.0,,,,1.0
2022-23,10385750,6,3,Arsenal,Away,858194,205533,Eddie Nketiah,eddie-nketiah,F,True,,,,,1.0,1.0,,,,,,,,,,,1.0,,,1.379e-05,0.0,0.0,,,,,,,,,,16.0,,,,,,,,2.0,,6.5,,,,,,,,,,,,1.0,1.0,0,1.0,4.0,2.0,,,1.0
2022-23,10385750,6,3,Arsenal,Away,867445,209289,Emile Smith Rowe,emile-smith-rowe,M,True,,,,4.0,1.0,5.0,,,,,,,,,,,,,,0.0112307,0.0535,0.0,,,,,,,,,,17.0,,,,,,,,1.0,,6.5,,,1.0,,,,,,,,5.0,1.0,6.0,1,,7.0,,,,
2022-23,10385750,6,3,Arsenal,Away,869792,226597,Gabriel Magalhães,gabriel-magalhaes,D,False,,,3.0,17.0,23.0,40.0,2.0,,1.0,,,1.0,,,,2.0,1.0,,,0.0337707,0.0221,0.0,,,,,,,,,1.0,90.0,,1.0,,,,,,7.0,,6.5,,,,,,,2.0,,6.0,,24.0,23.0,45.0,1,1.0,51.0,,,,1.0
2022-23,10385750,6,3,Arsenal,Away,901892,437742,Albert Sambi Lokonga,albert-sambi-lokonga,M,False,,,2.0,20.0,18.0,38.0,1.0,1.0,6.0,,,,,,1.0,2.0,2.0,,,0.0196102,0.0,0.0,,,,,,,2.0,1.0,,74.0,,,,,,,,5.0,,6.7,,,,,1.0,,,,3.0,,23.0,19.0,42.0,0,,48.0,,1.0,,
2022-23,10385750,6,3,Arsenal,Away,904835,438098,Fábio Vieira,fabio-vieira,M,True,,,,7.0,,7.0,,,1.0,,,,,,,,2.0,,,0.00477393,0.0918,0.0261,,,,,,,1.0,,,16.0,1.0,,,,,,,6.0,,7.0,,,1.0,,,2.0,1.0,,,,10.0,,9.0,2,,21.0,3.0,,2.0,
2022-23,10385750,6,3,Arsenal,Away,922573,444145,Gabriel Martinelli,gabriel-martinelli,F,False,2.0,,3.0,27.0,3.0,28.0,2.0,,4.0,,1.0,,1.0,,,6.0,3.0,,,0.0655095,0.0968,0.2033,2.0,,,,,,,2.0,,90.0,1.0,,,,,,,18.0,,6.6,,,,,,2.0,5.0,,4.0,,37.0,4.0,36.0,1,,55.0,5.0,2.0,1.0,
2022-23,10385750,6,3,Arsenal,Away,934235,223340,Bukayo Saka,bukayo-saka,F,False,1.0,,3.0,21.0,3.0,23.0,1.0,,1.0,,,1.0,1.0,,,4.0,5.0,,,0.0696816,0.3993,0.5685,1.0,,1.0,,,1.0,,1.0,,90.0,1.0,,,,,,,12.0,,7.6,,,2.0,,,2.0,3.0,,4.0,,30.0,4.0,31.0,4,2.0,49.0,1.0,2.0,1.0,1.0
2022-23,10385750,6,3,Arsenal,Away,941168,462424,William Saliba,william-saliba,D,False,,,3.0,18.0,39.0,57.0,2.0,1.0,13.0,,,,,,,4.0,3.0,,,0.00550768,0.0784,0.0,1.0,,,,,,,,,90.0,,,,,,,,2.0,,6.4,,,1.0,,3.0,1.0,,,3.0,,19.0,39.0,58.0,1,2.0,66.0,,,,1.0
2022-23,10385750,6,3,Arsenal,Away,1116954,479683,Marquinhos,marquinhos,M,True,,,,,,,,,,,,,,,,,,,,,,0.0,,,,,,,,,,,,,,,,,,,,,,,,,,,,,,,,,,0,,,,,,
2022-23,11047751,7,3,Arsenal,Home,117777,84450,Granit Xhaka,granit-xhaka,M,False,,,2.0,25.0,14.0,39.0,,,8.0,,,,1.0,,,1.0,3.0,,,0.0437053,0.0,0.0,,,,,,,,,,72.0,,,,,,,,9.0,,6.8,,,,,1.0,,1.0,,4.0,,30.0,16.0,45.0,0,1.0,53.0,2.0,2.0,,1.0
2022-23,11047751,7,3,Arsenal,Home,132874,85955,Jorginho,jorginho,M,False,,,3.0,21.0,12.0,33.0,3.0,1.0,2.0,,,,,,1.0,4.0,2.0,,,0.0132782,0.0188,0.0,,,,,,,,,,45.0,,,,,,,,9.0,,6.7,,,1.0,,2.0,,1.0,,6.0,,28.0,12.0,39.0,1,,47.0,1.0,1.0,,
2022-23,11047751,7,3,Arsenal,Home,135666,116216,Leandro Trossard,leandro-trossard,F,False,,,3.0,13.0,6.0,19.0,1.0,,1.0,1.0,,,2.0,,2.0,6.0,4.0,,,0.19625,0.187,0.0,1.0,1.0,,,,,,1.0,,72.0,,,,,,,,13.0,,7.2,,,1.0,,,1.0,4.0,,4.0,1.0,20.0,8.0,24.0,1,1.0,38.0,2.0,2.0,1.0,1.0
2022-23,11047751,7,3,Arsenal,Home,287643,206325,Oleksandr Zinchenko,oleksandr-zinchenko,D,False,,,4.0,45.0,37.0,82.0,1.0,,10.0,,,,2.0,,,3.0,3.0,,,0.199662,0.0,0.0,,1.0,,,,,2.0,3.0,,82.0,,,,,,,,14.0,,7.6,,,,,1.0,2.0,,,7.0,,53.0,42.0,95.0,0,1.0,110.0,,,2.0,1.0
2022-23,11047751,7,3,Arsenal,Home,316148,167199,Thomas Partey,thomas-partey,M,True,,,6.0,35.0,21.0,56.0,1.0,,5.0,1.0,,,,,,1.0,3.0,,,0.406836,0.0,0.0,,,,,,,,1.0,,45.0,,,,,,,,5.0,,7.5,,,,,,,,,7.0,,38.0,22.0,60.0,0,2.0,66.0,1.0,1.0,,2.0
2022-23,11047751,7,3,Arsenal,Home,366592,192895,Kieran Tierney,kieran-tierney,D,True,1.0,,1.0,9.0,7.0,15.0,,,1.0,,,,,,,,,,,0.0202694,0.0,0.0,,,,,,,,,,8.0,,,,,,,,3.0,,6.6,,,,,,,2.0,,2.0,,11.0,8.0,17.0,0,,20.0,,,,
2022-23,11047751,7,3,Arsenal,Home,547410,184029,Martin Ødegaard,martin-degaard,M,False,,,1.0,27.0,29.0,56.0,2.0,1.0,7.0,,,1.0,3.0,,2.0,8.0,3.0,,,0.087802,0.5952,0.6606,1.0,,1.0,,,,,2.0,,90.0,1.0,,,,,,,13.0,,7.2,,,,,,1.0,4.0,,1.0,,35.0,29.0,60.0,2,,77.0,2.0,1.0,1.0,
2022-23,11047751,7,3,Arsenal,Home,793228,156074,Rob Holding,rob-holding,D,True,,,,,,,,,,,,,,,,,,,,,,0.0,,,,,,,,,,,,,,,,,,,,,,,,,,,,,,,,,,0,,,,,,
2022-23,11047751,7,3,Arsenal,Home,804434,223723,Takehiro Tomiyasu,takehiro-tomiyasu,D,True,,,,,,,,,,,,,,,,,,,,,,0.0,,,,,,,,,,,,,,,,,,,,,,,,,,,,,,,,,,0,,,,,,
2022-23,11047751,7,3,Arsenal,Home,833943,224068,Matt Turner,matt-turner,G,True,,,,,,,,,,,,,,,,,,,,,,0.0,,,,,,,,,,,,,,,,,,,,,,,,,,,,,,,,,,0,,,,,,
2022-23,11047751,7,3,Arsenal,Home,839410,225321,Aaron Ramsdale,aaron-ramsdale,G,False,,2.0,1.0,,17.0,17.0,,,6.0,,,,,,,,,,,4.273e-05,0.0,0.0,,,,2.3154,,,,,,90.0,,,,,,,,4.0,,8.0,4.0,5.0,,,1.0,,,2.0,4.0,,2.0,18.0,20.0,0,,31.0,,,,
2022-23,11047751,7,3,Arsenal,Home,846036,198869,Ben White,ben-white,D,False,1.0,,3.0,36.0,40.0,75.0,1.0,2.0,6.0,,,,1.0,,,2.0,4.0,,,0.136256,0.0,0.0,,,,,,,1.0,1.0,,90.0,,,,,,,,13.0,,7.2,,,,,1.0,,2.0,,4.0,,44.0,42.0,84.0,0,,107.0,1.0,2.0,,
2022-23,11047751,7,3,Arsenal,Home,858194,205533,Eddie Nketiah,eddie-nketiah,F,True,,,,5.0,1.0,6.0,,,2.0,1.0,1.0,,,,,,1.0,,,0.501322,0.2249,0.6317,,1.0,,,,,,1.0,,18.0,1.0,,,,,,,2.0,,6.9,,,,,,1.0,,,,,6.0,1.0,7.0,1,,10.0,1.0,,1.0,
2022-23,11047751,7,3,Arsenal,Home,867445,209289,Emile Smith Rowe,emile-smith-rowe,M,True,,,,4.0,4.0,8.0,,,1.0,,,1.0,,,1.0,1.0,,,,0.00827469,0.1368,0.0,,,,,,,,,,8.0,,,,,,,,3.0,,6.4,,,,,,,,,,1.0,6.0,4.0,10.0,1,,13.0,,,,
2022-23,11047751,7,3,Arsenal,Home,869792,226597,Gabriel Magalhães,gabriel-magalhaes,D,False,,,1.0,31.0,45.0,76.0,1.0,4.0,3.0,,,,,,,1.0,5.0,,,0.0144714,0.0,0.0,,,,,,,2.0,,,90.0,,1.0,,,,,,12.0,,7.2,,,,,1.0,,,,6.0,,37.0,50.0,87.0,0,,95.0,,1.0,,
2022-23,11047751,7,3,Arsenal,Home,904835,438098,Fábio Vieira,fabio-vieira,M,True,,,1.0,10.0,5.0,15.0,,,2.0,,,1.0,,,,,1.0,,,0.0466236,0.2893,0.0,,,,,,,1.0,,,18.0,,,,,,,,4.0,,7.1,,,2.0,,,,,,1.0,,13.0,5.0,18.0,3,,26.0,1.0,1.0,,
2022-23,11047751,7,3,Arsenal,Home,922573,444145,Gabriel Martinelli,gabriel-martinelli,F,False,,,1.0,27.0,7.0,34.0,3.0,,2.0,,,1.0,,,2.0,5.0,1.0,,,0.21053,0.8621,1.6813,,,2.0,,,,1.0,1.0,,90.0,2.0,,,,,,,10.0,,8.4,,,,,1.0,,1.0,,1.0,1.0,31.0,7.0,37.0,3,1.0,51.0,4.0,,,1.0
2022-23,11047751,7,3,Arsenal,Home,934235,223340,Bukayo Saka,bukayo-saka,F,False,,,,21.0,5.0,26.0,1.0,1.0,1.0,1.0,,1.0,1.0,,3.0,8.0,4.0,,,0.0289139,0.3589,0.3536,2.0,1.0,1.0,,,,,2.0,,82.0,1.0,,,,,,,19.0,,8.0,,,1.0,,,2.0,,,1.0,1.0,31.0,6.0,37.0,3,1.0,58.0,3.0,1.0,1.0,1.0
2022-23,11047751,7,3,Arsenal,Home,941168,462424,William Saliba,william-saliba,D,False,,,4.0,36.0,62.0,98.0,1.0,2.0,3.0,,,,,,,2.0,2.0,,,0.0172327,0.0,0.0,1.0,,,,,,,,,90.0,,,,,,,,10.0,,7.0,,,,,2.0,,,,7.0,,41.0,67.0,108.0,0,,110.0,,,,
2022-23,11047751,7,3,Arsenal,Home,976037,440854,Jakub Kiwior,jakub-kiwior,D,True,,,,,,,,,,,,,,,,,,,,,,0.0,,,,,,,,,,,,,,,,,,,,,,,,,,,,,,,,,,0,,,,,,
2022-23,10385635,8,3,Arsenal,Away,117777,84450,Granit Xhaka,granit-xhaka,M,False,,,2.0,37.0,13.0,50.0,1.0,1.0,6.0,2.0,,,,,2.0,3.0,3.0,,,0.254047,0.0407,0.0,1.0,1.0,,,,,1.0,3.0,,90.0,,,,,,,,9.0,,7.5,,,1.0,,1.0,,,,4.0,,43.0,13.0,56.0,1,,68.0,1.0,2.0,,
2022-23,10385635,8,3,Arsenal,Away,316148,167199,Thomas Partey,thomas-partey,M,False,,,3.0,44.0,29.0,73.0,1.0,1.0,7.0,,,,,,,3.0,4.0,,,0.0369745,0.0,0.0,,,,,,,,,,78.0,,,,,,,,14.0,,6.9,,,,,1.0,3.0,,,5.0,,54.0,31.0,85.0,0,1.0,93.0,,1.0,1.0,1.0
2022-23,10385635,8,3,Arsenal,Away,366592,192895,Kieran Tierney,kieran-tierney,D,False,,,2.0,28.0,14.0,42.0,,,4.0,,,,,,,1.0,2.0,,,0.130331,0.0209,0.0,1.0,,,,,,1.0,1.0,,90.0,,,,,,,,9.0,,7.2,,,1.0,,5.0,,,,4.0,,31.0,18.0,49.0,1,1.0,68.0,1.0,1.0,,1.0
2022-23,10385635,8,3,Arsenal,Away,793228,156074,Rob Holding,rob-holding,D,True,,,,,,,,,,,,,,,,,,,,,,0.0,,,,,,,,,,,,,,,,,,,,,,,,,,,,,,,,,,0,,,,,,
2022-23,10385635,8,3,Arsenal,Away,794839,205651,Gabriel Jesus,gabriel-jesus,F,False,,,,26.0,7.0,33.0,6.0,,3.0,,1.0,1.0,1.0,,3.0,12.0,5.0,,,0.0289732,0.8267,1.6824,3.0,,1.0,,,,,,,90.0,3.0,,,,,,,13.0,,7.1,,,,,,2.0,1.0,,,1.0,30.0,7.0,36.0,4,2.0,58.0,4.0,1.0,2.0,2.0
2022-23,10385635,8,3,Arsenal,Away,804434,223723,Takehiro Tomiyasu,takehiro-tomiyasu,D,True,,,,5.0,3.0,8.0,,,1.0,,,,,,,1.0,,,,0.00296412,0.0,0.0,,,,,,,,,,9.0,,,,,,,,2.0,,6.4,,,,,,1.0,,,,,5.0,3.0,8.0,0,,10.0,,,,
2022-23,10385635,8,3,Arsenal,Away,833943,224068,Matt Turner,matt-turner,G,True,,,,,,,,,,,,,,,,,,,,,,0.0,,,,,,,,,,,,,,,,,,,,,,,,,,,,,,,,,,0,,,,,,
2022-23,10385635,8,3,Arsenal,Away,839410,225321,Aaron Ramsdale,aaron-ramsdale,G,False,,,2.0,2.0,7.0,9.0,,,8.0,,,,,,,,,,,0.00067776,0.0,0.0,,,,0.3737,1.0,,,,,90.0,,,,,,,,13.0,,7.3,2.0,2.0,,,,,,,15.0,,15.0,7.0,22.0,0,,29.0,,,,
2022-23,10385635,8,3,Arsenal,Away,846036,198869,Ben White,ben-white,D,False,,,1.0,46.0,17.0,63.0,2.0,2.0,3.0,,,,1.0,,,3.0,4.0,,,0.0627143,0.0,0.0,,,,,,,2.0,2.0,,86.0,,,,,,,,14.0,,7.1,,,,,3.0,,1.0,,1.0,,52.0,20.0,71.0,0,,89.0,,2.0,,
2022-23,10385635,8,3,Arsenal,Away,858194,205533,Eddie Nketiah,eddie-nketiah,F,True,,,,4.0,,4.0,1.0,1.0,,,,,,,,2.0,1.0,,,0.00260499,0.0,0.0,,,,,,,,,,12.0,,,,,,,,4.0,,6.4,,,,,,1.0,,,,,7.0,,7.0,0,,9.0,,,,
2022-23,10385635,8,3,Arsenal,Away,869792,226597,Gabriel Magalhães,gabriel-magalhaes,D,False,,,1.0,26.0,29.0,55.0,4.0,2.0,9.0,,,,,,,4.0,4.0,,,0.0203613,0.0218,0.0,,,,,,,,,,90.0,,,,,,,,10.0,,7.0,,,1.0,,5.0,,,,7.0,,31.0,32.0,63.0,1,1.0,75.0,1.0,1.0,,
2022-23,10385635,8,3,Arsenal,Away,901892,437742,Albert Sambi Lokonga,albert-sambi-lokonga,M,True,,,,6.0,8.0,14.0,,,1.0,,,,1.0,,,2.0,2.0,,,0.00311207,0.0,0.0,1.0,,,,,,,,,12.0,,,,,,,,1.0,,6.6,,,,,,,,,,,6.0,8.0,14.0,0,1.0,17.0,1.0,1.0,,1.0
2022-23,10385635,8,3,Arsenal,Away,904835,438098,Fábio Vieira,fabio-vieira,M,False,,,,27.0,8.0,35.0,1.0,,6.0,,,,1.0,,,5.0,2.0,,,0.0374305,0.0457,0.2255,1.0,,1.0,,,,,1.0,,89.0,1.0,,,,,,,13.0,,7.1,,,,,,3.0,2.0,,1.0,,37.0,8.0,43.0,1,1.0,52.0,1.0,,1.0,1.0
2022-23,10385635,8,3,Arsenal,Away,922573,444145,Gabriel Martinelli,gabriel-martinelli,F,False,,,,20.0,4.0,24.0,2.0,,4.0,,,,,,5.0,9.0,5.0,,,0.179045,0.17,0.061,1.0,,,,,,1.0,2.0,,78.0,1.0,,,,,,,12.0,,6.8,,,,,1.0,5.0,2.0,,,,26.0,4.0,28.0,1,,50.0,,1.0,4.0,
2022-23,10385635,8,3,Arsenal,Away,934235,223340,Bukayo Saka,bukayo-saka,F,False,1.0,,1.0,38.0,3.0,40.0,2.0,,2.0,,,1.0,,,2.0,7.0,2.0,,,0.134827,0.2286,0.2378,2.0,2.0,,,,,1.0,3.0,,89.0,1.0,,,,,,,9.0,,7.7,,,1.0,,1.0,1.0,3.0,,1.0,,42.0,4.0,43.0,3,2.0,59.0,1.0,,,1.0
2022-23,10385635,8,3,Arsenal,Away,941168,462424,William Saliba,william-saliba,D,False,,,1.0,26.0,31.0,57.0,1.0,1.0,7.0,,,,,,1.0,2.0,6.0,,,0.00701694,0.1644,0.397,,,1.0,,,,,,,90.0,1.0,,,,,,,8.0,,7.9,,,,,2.0,2.0,,,4.0,,30.0,34.0,64.0,1,3.0,73.0,,,2.0,2.0
2022-23,10385635,8,3,Arsenal,Away,991582,232241,Matthew Smith,matthew-smith,M,True,,,,,,,,,,,,,,,,,,,,,,0.0,,,,,,,,,,,,,,,,,,,,,,,,,,,,,,,,,,0,,,,,,
2022-23,10385635,8,3,Arsenal,Away,1104418,514315,Lino Sousa,lino-sousa,D,True,,,,,,,,,,,,,,,,,,,,,,0.0,,,,,,,,,,,,,,,,,,,,,,,,,,,,,,,,,,0,,,,,,
2022-23,10385635,8,3,Arsenal,Away,1116954,479683,Marquinhos,marquinhos,M,True,,,,1.0,1.0,2.0,,,,,,,,,,,,,,0.00016223,0.0,0.0,,,,,,,,,,1.0,,,,,,,,1.0,,,,,,,,,,,,,2.0,1.0,3.0,0,,3.0,,,,
2022-23,10385635,8,3,Arsenal,Away,1401702,499175,Ethan Nwaneri,ethan-nwaneri,M,True,,,,,,,,,,,,,,,,,,,,0.0,0.0,0.0,,,,,,,,,,1.0,,,,,,,,,,,,,,,,,,,,,,,,0,,1.0,,,,
2022-23,10385648,9,3,Arsenal,Home,117777,84450,Granit Xhaka,granit-xhaka,M,False,1.0,,3.0,34.0,7.0,40.0,,1.0,6.0,,,,,,,1.0,1.0,,,0.167067,0.3324,0.0679,1.0,,1.0,,,,,1.0,,90.0,1.0,,,,,,,11.0,,7.5,,,2.0,,,,3.0,,3.0,,42.0,7.0,46.0,3,,56.0,3.0,,,
2022-23,10385648,9,3,Arsenal,Home,287643,206325,Oleksandr Zinchenko,oleksandr-zinchenko,D,False,1.0,,2.0,43.0,11.0,53.0,,2.0,5.0,,,,1.0,,,1.0,4.0,,,0.0991314,0.0094,0.0,,,,,,,,,,73.0,,,,,,,,6.0,,6.8,,,1.0,,2.0,1.0,1.0,,2.0,,47.0,13.0,59.0,1,1.0,69.0,,,1.0,1.0
2022-23,10385648,9,3,Arsenal,Home,316148,167199,Thomas Partey,thomas-partey,M,False,,,3.0,44.0,8.0,52.0,,,7.0,,,1.0,,,,,2.0,,,0.0717874,0.0633,0.3622,,,1.0,,,,3.0,4.0,,73.0,1.0,,,,,,,4.0,,8.0,,,,,1.0,1.0,,,4.0,,46.0,9.0,55.0,2,1.0,67.0,1.0,,1.0,
2022-23,10385648,9,3,Arsenal,Home,366592,192895,Kieran Tierney,kieran-tierney,D,True,,,1.0,17.0,7.0,24.0,,,,,,,,,,,,,,0.0256389,0.0193,0.169,,,,,,,,,,17.0,1.0,,,,,,,2.0,,6.8,,,,,,,,,2.0,,18.0,7.0,25.0,1,,30.0,,,,
2022-23,10385648,9,3,Arsenal,Home,547410,184029,Martin Ødegaard,martin-degaard,M,False,,,1.0,23.0,9.0,32.0,,,1.0,,,1.0,1.0,,2.0,3.0,3.0,,,0.0407887,0.1082,0.0618,,,,,,,1.0,1.0,,80.0,1.0,,,,,,,11.0,,6.7,,,1.0,,,1.0,1.0,,1.0,,31.0,10.0,40.0,3,,52.0,,2.0,1.0,
2022-23,10385648,9,3,Arsenal,Home,793228,156074,Rob Holding,rob-holding,D,True,,,,,,,,,,,,,,,,,,,,,,0.0,,,,,,,,,,,,,,,,,,,,,,,,,,,,,,,,,,0,,,,,,
2022-23,10385648,9,3,Arsenal,Home,794839,205651,Gabriel Jesus,gabriel-jesus,F,False,,,1.0,15.0,3.0,18.0,2.0,1.0,2.0,,1.0,,,,2.0,8.0,7.0,,,0.0312352,1.4179,1.1043,3.0,,1.0,,,,,1.0,,80.0,3.0,1.0,,,,,,12.0,,7.4,,,1.0,,,2.0,,,1.0,,18.0,3.0,21.0,4,2.0,44.0,4.0,3.0,1.0,2.0
2022-23,10385648,9,3,Arsenal,Home,804434,223723,Takehiro Tomiyasu,takehiro-tomiyasu,D,True,,,,,2.0,2.0,,,,,,,,,,,,,,4.27e-05,0.0,0.0,,,,,,,,,,1.0,,,,,,,,1.0,,,,,,,,,,,1.0,,1.0,2.0,3.0,0,,3.0,,,,
2022-23,10385648,9,3,Arsenal,Home,826139,200641,Reiss Nelson,reiss-nelson,M,True,,,,,,,,,,,,,,,,,,,,,,0.0,,,,,,,,,,,,,,,,,,,,,,,,,,,,,,,,,,0,,,,,,
2022-23,10385648,9,3,Arsenal,Home,833943,224068,Matt Turner,matt-turner,G,True,,,,,,,,,,,,,,,,,,,,,,0.0,,,,,,,,,,,,,,,,,,,,,,,,,,,,,,,,,,0,,,,,,
2022-23,10385648,9,3,Arsenal,Home,839410,225321,Aaron Ramsdale,aaron-ramsdale,G,False,,2.0,7.0,4.0,8.0,12.0,,,5.0,,,,,,,,,,,0.00164455,0.0,0.0,,,,0.107,,,,,,90.0,,,,,1.0,,,5.0,2.0,6.9,2.0,2.0,,,3.0,,,2.0,11.0,,8.0,8.0,16.0,0,,26.0,,,,
2022-23,10385648,9,3,Arsenal,Home,846036,198869,Ben White,ben-white,D,False,1.0,,1.0,37.0,16.0,52.0,,,2.0,1.0,,,,,,,3.0,,,0.374137,0.023,0.0,,1.0,,,,,,2.0,,89.0,,,,,,,,9.0,,7.4,,,1.0,,3.0,,1.0,,5.0,,43.0,19.0,61.0,1,3.0,78.0,,,,2.0
2022-23,10385648,9,3,Arsenal,Home,858194,205533,Eddie Nketiah,eddie-nketiah,F,True,,,,3.0,1.0,4.0,,,2.0,,,,,,1.0,1.0,2.0,,,0.0170799,0.0,0.0,,,,,,,,,,10.0,,,,,,,,2.0,,6.6,,,,,,,,,,,3.0,1.0,4.0,0,,9.0,1.0,2.0,,
2022-23,10385648,9,3,Arsenal,Home,869792,226597,Gabriel Magalhães,gabriel-magalhaes,D,False,,,1.0,32.0,24.0,56.0,3.0,4.0,6.0,,,,,,,5.0,6.0,,,0.0172527,0.0,0.0,2.0,,,,,,1.0,,,90.0,,1.0,,1.0,,,,6.0,,6.6,,,,,2.0,,,,2.0,,34.0,27.0,61.0,0,1.0,71.0,1.0,1.0,,
2022-23,10385648,9,3,Arsenal,Home,901892,437742,Albert Sambi Lokonga,albert-sambi-lokonga,M,True,,,1.0,18.0,8.0,26.0,,,1.0,,,,1.0,,,1.0,,,,0.0178797,0.0,0.0,,,,,,,,,,17.0,,,,,,,,,,6.5,,,,,,,,,1.0,,18.0,8.0,26.0,0,,26.0,,,,
2022-23,10385648,9,3,Arsenal,Home,904835,438098,Fábio Vieira,fabio-vieira,M,True,1.0,,,7.0,1.0,7.0,,,2.0,,,1.0,,,2.0,2.0,,,,0.100775,0.0807,0.0,,,,,,,1.0,1.0,,10.0,,,,,,,,4.0,,6.5,,,,,,,1.0,,1.0,,8.0,1.0,8.0,1,,14.0,1.0,,,
2022-23,10385648,9,3,Arsenal,Home,922573,444145,Gabriel Martinelli,gabriel-martinelli,F,False,,,1.0,31.0,5.0,36.0,1.0,,3.0,,,1.0,,,2.0,7.0,7.0,,,0.116543,0.1247,0.142,2.0,1.0,,,,1.0,,2.0,,90.0,1.0,,,,,,,18.0,,7.4,,,1.0,,,6.0,9.0,,1.0,1.0,42.0,5.0,38.0,3,2.0,71.0,2.0,1.0,4.0,2.0
2022-23,10385648,9,3,Arsenal,Home,934235,223340,Bukayo Saka,bukayo-saka,F,False,3.0,,,28.0,5.0,30.0,1.0,,1.0,,,,,,2.0,5.0,3.0,,,0.201992,0.2731,0.1409,,,,,,,,5.0,,90.0,1.0,,,,,,,14.0,,7.3,,,2.0,,1.0,3.0,9.0,,,,36.0,5.0,32.0,3,1.0,56.0,2.0,1.0,1.0,1.0
2022-23,10385648,9,3,Arsenal,Home,941168,462424,William Saliba,william-saliba,D,False,,,1.0,37.0,30.0,67.0,,1.0,11.0,,,,1.0,,,3.0,5.0,,,0.0269982,0.0,0.0,2.0,,,,,,,,,90.0,,,,,,,,4.0,,6.9,,,,,3.0,1.0,,,2.0,,38.0,32.0,70.0,0,3.0,78.0,1.0,,1.0,2.0
2022-23,10385648,9,3,Arsenal,Home,1116954,479683,Marquinhos,marquinhos,M,True,,,,,,,,,,,,,,,,,,,,,,0.0,,,,,,,,,,,,,,,,,,,,,,,,,,,,,,,,,,0,,,,,,
2022-23,10385644,10,3,Arsenal,Home,44760,58822,Cédric Soares,cedric-soares,M,True,,,,,,,,,,,,,,,,,,,,,,0.0,,,,,,,,,,,,,,,,,,,,,,,,,,,,,,,,,,0,,,,,,
2022-23,10385644,10,3,Arsenal,Home,117777,84450,Granit Xhaka,granit-xhaka,M,False,1.0,,,18.0,6.0,23.0,1.0,3.0,1.0,,,,,,2.0,4.0,5.0,,,0.24844,0.0759,0.0,1.0,,,,,,,,,90.0,,1.0,,,,,,12.0,,6.8,,,1.0,,5.0,1.0,1.0,,,1.0,26.0,8.0,33.0,1,1.0,50.0,,,1.0,1.0
2022-23,10385644,10,3,Arsenal,Home,316148,167199,Thomas Partey,thomas-partey,M,False,,,6.0,24.0,18.0,42.0,,1.0,4.0,,,,1.0,,,2.0,3.0,,,0.0503134,0.0,0.0,1.0,,,,,,2.0,1.0,,90.0,,,,,,,,5.0,,7.2,,,,,7.0,,,,6.0,,26.0,19.0,45.0,0,2.0,63.0,2.0,,,
2022-23,10385644,10,3,Arsenal,Home,366592,192895,Kieran Tierney,kieran-tierney,D,True,,,,2.0,2.0,4.0,,,,,,,,,,,,,,0.00082248,0.0,0.0,,,,,,,,,,8.0,,,,,,,,2.0,,6.5,,,,,,,,,,,3.0,2.0,5.0,0,,6.0,,,,
2022-23,10385644,10,3,Arsenal,Home,547410,184029,Martin Ødegaard,martin-degaard,M,False,,,1.0,13.0,4.0,17.0,4.0,1.0,3.0,1.0,,1.0,,,1.0,7.0,4.0,,,0.473965,0.2613,0.0247,1.0,1.0,,,,,,1.0,,82.0,1.0,,,,,,,9.0,,7.2,,,,,,2.0,1.0,,1.0,,16.0,7.0,22.0,2,1.0,36.0,1.0,1.0,1.0,1.0
2022-23,10385644,10,3,Arsenal,Home,793228,156074,Rob Holding,rob-holding,D,True,,,,,,,,,,,,,,,,,,,,,,0.0,,,,,,,,,,,,,,,,,,,,,,,,,,,,,,,,,,0,,,,,,
2022-23,10385644,10,3,Arsenal,Home,794839,205651,Gabriel Jesus,gabriel-jesus,F,False,,,2.0,14.0,5.0,19.0,,,4.0,,,,1.0,,3.0,7.0,5.0,,1.0,0.0640314,0.2851,0.3121,2.0,,,,,,,,,89.0,2.0,,,,,,1.0,9.0,,7.0,,,,,1.0,4.0,,,3.0,1.0,16.0,5.0,21.0,2,1.0,42.0,3.0,1.0,3.0,1.0
2022-23,10385644,10,3,Arsenal,Home,804434,223723,Takehiro Tomiyasu,takehiro-tomiyasu,D,False,,,,20.0,19.0,39.0,2.0,4.0,6.0,,,,1.0,,,3.0,7.0,,,0.00833321,0.0,0.0,,,,,,,1.0,,,90.0,,,,,,,,13.0,,6.8,,,,,6.0,,2.0,,4.0,,31.0,19.0,48.0,0,3.0,68.0,,,,2.0
2022-23,10385644,10,3,Arsenal,Home,826139,200641,Reiss Nelson,reiss-nelson,M,True,,,,,,,,,,,,,,,,,,,,,,0.0,,,,,,,,,,,,,,,,,,,,,,,,,,,,,,,,,,0,,,,,,
2022-23,10385644,10,3,Arsenal,Home,833943,224068,Matt Turner,matt-turner,G,True,,,,,,,,,,,,,,,,,,,,,,0.0,,,,,,,,,,,,,,,,,,,,,,,,,,,,,,,,,,0,,,,,,
2022-23,10385644,10,3,Arsenal,Home,839410,225321,Aaron Ramsdale,aaron-ramsdale,G,False,,,5.0,4.0,4.0,8.0,,,9.0,,,,,,,,1.0,,,0.00379734,0.0,0.0,,,,-1.0554,,,,,,90.0,,,,,,,,13.0,,6.5,1.0,2.0,,,2.0,1.0,,,18.0,,16.0,5.0,21.0,0,,32.0,,,1.0,
2022-23,10385644,10,3,Arsenal,Home,846036,198869,Ben White,ben-white,D,False,,,2.0,10.0,6.0,16.0,,1.0,2.0,,,,,,,1.0,5.0,,,0.0128008,0.0,0.0,1.0,,,,,,,,,90.0,,,,,,,,20.0,,6.6,,,,,2.0,1.0,1.0,,7.0,,23.0,7.0,29.0,0,2.0,47.0,,1.0,1.0,1.0
2022-23,10385644,10,3,Arsenal,Home,858194,205533,Eddie Nketiah,eddie-nketiah,F,True,,,,1.0,,1.0,,,,,,,,,1.0,1.0,,,,0.00098559,0.0,0.0,,,,,,,,,,1.0,,,,,,,,2.0,,,,,,,,,,,1.0,,2.0,,2.0,0,,4.0,,,,
2022-23,10385644,10,3,Arsenal,Home,869792,226597,Gabriel Magalhães,gabriel-magalhaes,D,False,,,3.0,15.0,32.0,47.0,3.0,,4.0,,,,,,,3.0,2.0,,,0.00932851,0.0,0.0,,,,,,,,,1.0,90.0,,2.0,,,,,,8.0,,6.9,,,,,5.0,,,,7.0,,20.0,35.0,55.0,0,1.0,67.0,,1.0,,1.0
2022-23,10385644,10,3,Arsenal,Home,901892,437742,Albert Sambi Lokonga,albert-sambi-lokonga,M,True,,,,,,,,,,,,,,,,,,,,,,0.0,,,,,,,,,,,,,,,,,,,,,,,,,,,,,,,,,,0,,,,,,
2022-23,10385644,10,3,Arsenal,Home,904835,438098,Fábio Vieira,fabio-vieira,M,True,,,,2.0,,2.0,,,1.0,,,,,,,,2.0,,,0.00253071,0.0,0.0,,,,,,,,,,1.0,,,,,,,,,,,,,,,,,,,,,2.0,,2.0,0,2.0,4.0,,,,1.0
2022-23,10385644,10,3,Arsenal,Home,922573,444145,Gabriel Martinelli,gabriel-martinelli,F,False,,,1.0,18.0,6.0,24.0,,1.0,6.0,1.0,,1.0,1.0,,,6.0,4.0,,,0.651391,0.4973,0.6301,2.0,1.0,1.0,,,,,2.0,,90.0,1.0,,,,,,,19.0,,7.6,,,,,,3.0,2.0,,1.0,1.0,26.0,7.0,31.0,2,,54.0,7.0,3.0,,
2022-23,10385644,10,3,Arsenal,Home,934235,223340,Bukayo Saka,bukayo-saka,F,False,,,1.0,16.0,2.0,18.0,,,3.0,,,1.0,,,1.0,5.0,4.0,,,0.0239559,2.0413,2.034,3.0,,2.0,,,,1.0,,,89.0,3.0,,,,,,,12.0,,8.1,,,,,1.0,3.0,2.0,,1.0,,22.0,2.0,22.0,4,1.0,43.0,3.0,2.0,1.0,1.0
2022-23,10385644,10,3,Arsenal,Home,941168,462424,William Saliba,william-saliba,D,False,,,4.0,17.0,25.0,42.0,,2.0,7.0,,,,,,,,4.0,,,0.00736486,0.0,0.0,,,,,,,2.0,,,90.0,,,,,,,,8.0,,6.8,,,,,2.0,,,,7.0,,21.0,29.0,50.0,0,2.0,58.0,,,,1.0
2022-23,10385644,10,3,Arsenal,Home,1116954,479683,Marquinhos,marquinhos,M,True,,,,,,,,,,,,,,,,,,,,,,0.0,,,,,,,,,,,,,,,,,,,,,,,,,,,,,,,,,,0,,,,,,
2022-23,10385700,11,3,Arsenal,Away,44760,58822,Cédric Soares,cedric-soares,M,True,,,,,,,,,,,,,,,,,,,,,,0.0,,,,,,,,,,,,,,,,,,,,,,,,,,,,,,,,,,0,,,,,,
2022-23,10385700,11,3,Arsenal,Away,117777,84450,Granit Xhaka,granit-xhaka,M,False,,,3.0,22.0,14.0,36.0,,,4.0,,,,,,,,2.0,,,0.0241145,0.0,0.0,,,,,,,1.0,,,90.0,,,,,,,,6.0,,6.9,,,,,2.0,2.0,,,3.0,,24.0,16.0,40.0,0,,50.0,2.0,,2.0,
2022-23,10385700,11,3,Arsenal,Away,316148,167199,Thomas Partey,thomas-partey,M,False,,,2.0,16.0,30.0,46.0,,2.0,12.0,,,,,,2.0,4.0,4.0,,,0.00429823,0.0,0.0,1.0,,,,,,3.0,,,90.0,,,,,,,,12.0,,6.8,,,,,,1.0,,,4.0,,19.0,34.0,53.0,0,2.0,65.0,2.0,,,2.0
2022-23,10385700,11,3,Arsenal,Away,366592,192895,Kieran Tierney,kieran-tierney,D,True,,,1.0,2.0,,2.0,,,1.0,,,,,,,,,,,0.00170061,0.0,0.0,,,,,,,,,,14.0,,,,,,,,3.0,,6.5,,,,,2.0,,,,4.0,,3.0,2.0,5.0,0,,8.0,,,,
2022-23,10385700,11,3,Arsenal,Away,547410,184029,Martin Ødegaard,martin-degaard,M,False,,,3.0,20.0,12.0,32.0,,,4.0,1.0,,2.0,,,,1.0,3.0,,,0.165232,0.1641,0.6028,,1.0,,,,,,2.0,,73.0,2.0,,,,,,,10.0,,7.6,,,,,,3.0,1.0,,4.0,,26.0,14.0,39.0,4,,49.0,1.0,1.0,2.0,
2022-23,10385700,11,3,Arsenal,Away,793228,156074,Rob Holding,rob-holding,D,True,,,,2.0,1.0,3.0,,,,,,,,,,,,,,0.00021656,0.0,0.0,,,,,,,,,,8.0,,,,,,,,,,6.5,,,,,,,,,,,2.0,1.0,3.0,0,,3.0,,,,
2022-23,10385700,11,3,Arsenal,Away,794839,205651,Gabriel Jesus,gabriel-jesus,F,False,,,1.0,13.0,7.0,20.0,3.0,,1.0,,1.0,,3.0,,2.0,11.0,4.0,,,0.0153355,0.0688,0.0,1.0,,,,,,,2.0,,82.0,,,,,,,,12.0,,6.3,,,1.0,,1.0,4.0,,,1.0,,16.0,8.0,24.0,1,1.0,43.0,4.0,1.0,2.0,1.0
2022-23,10385700,11,3,Arsenal,Away,804434,223723,Takehiro Tomiyasu,takehiro-tomiyasu,D,False,,,4.0,18.0,20.0,38.0,2.0,,5.0,,,,,,2.0,4.0,3.0,,,0.00758862,0.0,0.0,,,,,,,2.0,,,90.0,,,,,,,,14.0,,7.0,,,,,3.0,1.0,,,7.0,,20.0,24.0,44.0,0,1.0,70.0,2.0,1.0,1.0,1.0
2022-23,10385700,11,3,Arsenal,Away,826139,200641,Reiss Nelson,reiss-nelson,M,True,,,,,,,,,,,,,,,,,,,,,,0.0,,,,,,,,,,,,,,,,,,,,,,,,,,,,,,,,,,0,,,,,,
2022-23,10385700,11,3,Arsenal,Away,833943,224068,Matt Turner,matt-turner,G,True,,,,,,,,,,,,,,,,,,,,,,0.0,,,,,,,,,,,,,,,,,,,,,,,,,,,,,,,,,,0,,,,,,
2022-23,10385700,11,3,Arsenal,Away,839410,225321,Aaron Ramsdale,aaron-ramsdale,G,False,,,6.0,2.0,23.0,25.0,,,10.0,,,,,,,,1.0,,,0.00049651,0.0,0.0,,,,1.2964,1.0,,,,,90.0,,,,,1.0,,,14.0,2.0,8.0,3.0,4.0,,,2.0,,,,20.0,,16.0,23.0,39.0,0,1.0,52.0,,,,1.0
2022-23,10385700,11,3,Arsenal,Away,846036,198869,Ben White,ben-white,D,False,,,3.0,16.0,15.0,31.0,4.0,1.0,1.0,,,,2.0,,,9.0,6.0,,,0.0140163,0.0,0.0,1.0,,,,,,2.0,,,76.0,,2.0,,,,,,13.0,,7.2,,,,,1.0,2.0,1.0,,4.0,,23.0,17.0,39.0,0,5.0,66.0,,,,
2022-23,10385700,11,3,Arsenal,Away,858194,205533,Eddie Nketiah,eddie-nketiah,F,True,,,1.0,3.0,,3.0,2.0,1.0,1.0,,,,,,,3.0,1.0,,,0.00109012,0.0712,0.0,1.0,,,,,,,,,8.0,,,,,,,,2.0,,6.5,,,1.0,,,1.0,,,2.0,,4.0,,4.0,1,,7.0,,,,
2022-23,10385700,11,3,Arsenal,Away,869792,226597,Gabriel Magalhães,gabriel-magalhaes,D,False,,,,6.0,48.0,54.0,,2.0,2.0,,,,1.0,,,1.0,8.0,,,0.00136369,0.1007,0.3278,,,,,,,3.0,,,90.0,1.0,4.0,,,,,,7.0,,8.1,,,,,4.0,,,,3.0,,10.0,50.0,60.0,1,3.0,80.0,1.0,3.0,,3.0
2022-23,10385700,11,3,Arsenal,Away,901892,437742,Albert Sambi Lokonga,albert-sambi-lokonga,M,True,,,,,,,,,,,,,,,,,,,,,,0.0,,,,,,,,,,,,,,,,,,,,,,,,,,,,,,,,,,0,,,,,,
2022-23,10385700,11,3,Arsenal,Away,904835,438098,Fábio Vieira,fabio-vieira,M,True,1.0,,,4.0,1.0,4.0,,,1.0,,,,,,,2.0,,,,0.0216969,0.0,0.0,1.0,,,,,,,1.0,,17.0,,,,,,,,2.0,,6.5,,,,,,1.0,1.0,,1.0,,4.0,2.0,5.0,0,,7.0,,,,
2022-23,10385700,11,3,Arsenal,Away,922573,444145,Gabriel Martinelli,gabriel-martinelli,F,False,,,1.0,12.0,12.0,24.0,1.0,,6.0,,,1.0,,,3.0,12.0,6.0,,,0.214727,0.0523,0.0,4.0,,,,,,1.0,1.0,,90.0,,,,,,,,20.0,,6.2,,,,,,8.0,4.0,,4.0,,20.0,14.0,30.0,1,1.0,60.0,3.0,1.0,4.0,
2022-23,10385700,11,3,Arsenal,Away,934235,223340,Bukayo Saka,bukayo-saka,F,False,1.0,,,10.0,6.0,15.0,1.0,,6.0,,,,,,2.0,6.0,6.0,,,0.0880617,0.0924,0.1081,1.0,,1.0,,,,,1.0,,82.0,1.0,,,,,,,15.0,,7.2,,,,,,5.0,1.0,,1.0,,18.0,9.0,26.0,1,1.0,42.0,,2.0,3.0,1.0
2022-23,10385700,11,3,Arsenal,Away,941168,462424,William Saliba,william-saliba,D,False,,,4.0,13.0,69.0,82.0,,4.0,12.0,,,,,,,,8.0,,1.0,0.0029367,0.0,0.0,1.0,,,,,,,,,90.0,,1.0,,1.0,,,,8.0,,7.0,,,,,2.0,1.0,,,8.0,,15.0,74.0,89.0,0,2.0,99.0,1.0,1.0,1.0,1.0
2022-23,10385700,11,3,Arsenal,Away,1116954,479683,Marquinhos,marquinhos,M,True,,,,,,,,,,,,,,,,,,,,,,0.0,,,,,,,,,,,,,,,,,,,,,,,,,,,,,,,,,,0,,,,,,
2022-23,10913239,12,3,Arsenal,Home,117777,84450,Granit Xhaka,granit-xhaka,M,False,,,5.0,12.0,18.0,30.0,2.0,,4.0,,,,1.0,,,4.0,2.0,,,0.0682886,0.0537,,,,,,,,1.0,,,83.0,,,,,,,,12.0,,6.8,,,1.0,,,1.0,3.0,,5.0,,19.0,21.0,37.0,1,2.0,47.0,1.0,,,1.0
2022-23,10913239,12,3,Arsenal,Home,132874,85955,Jorginho,jorginho,M,False,,,3.0,26.0,32.0,58.0,,,8.0,,,,2.0,1.0,,3.0,1.0,,,0.0526074,,,1.0,,,,,,3.0,1.0,,90.0,,1.0,,,,,,8.0,,7.3,,,,,1.0,,,,5.0,,33.0,33.0,66.0,0,1.0,73.0,,,,
2022-23,10913239,12,3,Arsenal,Home,135666,116216,Leandro Trossard,leandro-trossard,F,True,,,,10.0,,10.0,,,,,,,,,1.0,2.0,,,,0.0272941,,,1.0,,,,,,,1.0,,14.0,,,,,,,,6.0,,6.4,,,,,,,1.0,,1.0,,14.0,,13.0,0,,18.0,1.0,,,
2022-23,10913239,12,3,Arsenal,Home,287643,206325,Oleksandr Zinchenko,oleksandr-zinchenko,D,False,1.0,,3.0,30.0,19.0,48.0,1.0,2.0,8.0,1.0,,,,,,2.0,5.0,,1.0,0.193681,,,,,,,,,2.0,1.0,,90.0,,,,,,,,17.0,,6.6,,,,,,2.0,2.0,,6.0,,36.0,26.0,60.0,0,2.0,86.0,3.0,,1.0,1.0
2022-23,10913239,12,3,Arsenal,Home,366592,192895,Kieran Tierney,kieran-tierney,D,True,,,,,,,,,,,,,,,,,,,,,,,,,,,,,,,,,,,,,,,,,,,,,,,,,,,,,,,,0,,,,,,
2022-23,10913239,12,3,Arsenal,Home,547410,184029,Martin Ødegaard,martin-degaard,M,False,,,3.0,25.0,13.0,38.0,,,4.0,,,2.0,2.0,,2.0,6.0,,,,0.085529,0.1108,,1.0,,,,,,,1.0,,90.0,,,,,,,,14.0,,5.9,,,,,,1.0,4.0,,3.0,,34.0,13.0,43.0,2,,55.0,2.0,,,
2022-23,10913239,12,3,Arsenal,Home,793228,156074,Rob Holding,rob-holding,D,True,,,,,,,,,,,,,,,,,,,,,,,,,,,,,,,,,,,,,,,,,,,,,,,,,,,,,,,,0,,,,,,
2022-23,10913239,12,3,Arsenal,Home,804434,223723,Takehiro Tomiyasu,takehiro-tomiyasu,D,False,1.0,,2.0,12.0,26.0,37.0,2.0,6.0,4.0,,,,2.0,,1.0,5.0,9.0,1.0,,0.005024,0.1014,,,,,,,,,,,83.0,,,,,,,,17.0,,5.6,,,1.0,,1.0,,1.0,,9.0,,22.0,32.0,53.0,1,3.0,61.0,,,,1.0
2022-23,10913239,12,3,Arsenal,Home,826139,200641,Reiss Nelson,reiss-nelson,M,True,,,,,,,,,,,,,,,,,,,,,,,,,,,,,,,,,,,,,,,,,,,,,,,,,,,,,,,,0,,,,,,
2022-23,10913239,12,3,Arsenal,Home,833943,224068,Matt Turner,matt-turner,G,True,,,,,,,,,,,,,,,,,,,,,,,,,,,,,,,,,,,,,,,,,,,,,,,,,,,,,,,,0,,,,,,
2022-23,10913239,12,3,Arsenal,Home,839410,225321,Aaron Ramsdale,aaron-ramsdale,G,False,,,5.0,3.0,21.0,24.0,,,8.0,,,,,,,,,,,0.000894446,,,,,,-1.7251,,,,,,90.0,,,,,,,,9.0,2.0,6.1,2.0,2.0,,,2.0,,,,14.0,,10.0,23.0,33.0,0,,44.0,,,,
2022-23,10913239,12,3,Arsenal,Home,846036,198869,Ben White,ben-white,D,True,,,,3.0,1.0,4.0,,,,,,1.0,,,,,2.0,,,0.00317866,0.0252,,,,,,,,,,,13.0,,,,,,,,4.0,,6.7,,,,,,1.0,,,,,7.0,1.0,8.0,1,,14.0,,1.0,1.0,
2022-23,10913239,12,3,Arsenal,Home,858194,205533,Eddie Nketiah,eddie-nketiah,F,False,,,,4.0,7.0,11.0,3.0,,2.0,,2.0,2.0,1.0,,3.0,10.0,4.0,,,0.00339365,0.5623,,3.0,,,,,,,,,90.0,,,,,,,1.0,8.0,,5.8,,,2.0,,,1.0,,,,,5.0,8.0,13.0,4,1.0,30.0,2.0,3.0,,
2022-23,10913239,12,3,Arsenal,Home,869792,226597,Gabriel Magalhães,gabriel-magalhaes,D,False,,,2.0,15.0,50.0,65.0,1.0,,4.0,,,,,,,2.0,2.0,1.0,,0.00680534,,,1.0,,,,,,,1.0,,90.0,,1.0,,,,,,4.0,,6.5,,,,,2.0,,,,4.0,,15.0,54.0,69.0,0,,75.0,,2.0,,
2022-23,10913239,12,3,Arsenal,Home,904835,438098,Fábio Vieira,fabio-vieira,M,True,,,,3.0,1.0,4.0,,,,,,,,,,1.0,,,,0.00202697,,,,,,,,,,,,13.0,,,,,,,,4.0,,6.3,,,,,,1.0,2.0,,,,5.0,2.0,5.0,0,,9.0,,,,
2022-23,10913239,12,3,Arsenal,Home,922573,444145,Gabriel Martinelli,gabriel-martinelli,F,False,1.0,,,9.0,9.0,17.0,2.0,,4.0,,,,,,1.0,6.0,5.0,,,0.0992955,,,2.0,,,,,,,1.0,,76.0,,,,,,,,9.0,,6.8,,,,,,4.0,3.0,,,,12.0,11.0,20.0,0,1.0,35.0,2.0,1.0,3.0,
2022-23,10913239,12,3,Arsenal,Home,934235,223340,Bukayo Saka,bukayo-saka,F,False,1.0,,,11.0,4.0,14.0,1.0,,2.0,1.0,,,1.0,,2.0,6.0,7.0,,,0.12082,0.7884,0.9934,1.0,,1.0,,,,1.0,1.0,,90.0,1.0,,,,,,,16.0,,7.2,,,,,,2.0,1.0,,2.0,,17.0,5.0,21.0,1,2.0,46.0,3.0,4.0,1.0,2.0
2022-23,10913239,12,3,Arsenal,Home,941168,462424,William Saliba,william-saliba,D,False,,,2.0,16.0,59.0,75.0,2.0,3.0,7.0,,,,,,,3.0,6.0,,,0.00598654,,,1.0,,,,,,1.0,,,90.0,,,,,,,,9.0,,6.5,,,,,1.0,,,,4.0,,22.0,61.0,83.0,0,1.0,91.0,1.0,2.0,,
2022-23,10913239,12,3,Arsenal,Home,976037,440854,Jakub Kiwior,jakub-kiwior,D,True,,,,,,,,,,,,,,,,,,,,,,,,,,,,,,,,,,,,,,,,,,,,,,,,,,,,,,,,0,,,,,,
2022-23,10913239,12,3,Arsenal,Home,1138842,519324,Amario Cozier-Duberry,amario-cozier-duberry,M,True,,,,,,,,,,,,,,,,,,,,,,,,,,,,,,,,,,,,,,,,,,,,,,,,,,,,,,,,0,,,,,,
2022-23,10385368,13,3,Arsenal,Away,44760,58822,Cédric Soares,cedric-soares,M,True,,,,,,,,,,,,,,,,,,,,,,0.0,,,,,,,,,,,,,,,,,,,,,,,,,,,,,,,,,,0,,,,,,
2022-23,10385368,13,3,Arsenal,Away,117777,84450,Granit Xhaka,granit-xhaka,M,False,,,3.0,41.0,15.0,56.0,,1.0,6.0,,,,1.0,,1.0,3.0,1.0,,,0.0584137,0.2931,0.4741,1.0,,1.0,,,,,3.0,,90.0,2.0,,,,,,,11.0,,7.5,,,,,2.0,,3.0,,5.0,,49.0,16.0,62.0,2,,72.0,1.0,,,
2022-23,10385368,13,3,Arsenal,Away,316148,167199,Thomas Partey,thomas-partey,M,False,,,5.0,41.0,27.0,68.0,,,10.0,,,,,,2.0,3.0,2.0,,,0.0725339,0.0,0.0,1.0,,,,,,2.0,1.0,,90.0,,,,,,,,14.0,,7.0,,,,,1.0,,,,5.0,,49.0,28.0,77.0,0,1.0,92.0,1.0,1.0,,1.0
2022-23,10385368,13,3,Arsenal,Away,366592,192895,Kieran Tierney,kieran-tierney,D,True,,,,3.0,2.0,5.0,,,1.0,,,,,,,,1.0,,,0.00425201,0.0,0.0,,,,,,,,,,18.0,,,,,,,,6.0,,6.6,,,,,1.0,,,,2.0,,7.0,2.0,9.0,0,,15.0,2.0,1.0,,
2022-23,10385368,13,3,Arsenal,Away,547410,184029,Martin Ødegaard,martin-degaard,M,False,,,1.0,21.0,9.0,30.0,,,3.0,2.0,,,,,1.0,2.0,1.0,,,0.269977,0.0948,0.0,1.0,,,,,,,4.0,,83.0,,,,,,,,6.0,,7.3,,,1.0,,1.0,,1.0,,1.0,,25.0,10.0,34.0,1,1.0,42.0,,,,1.0
2022-23,10385368,13,3,Arsenal,Away,793228,156074,Rob Holding,rob-holding,D,True,,,,,,,,,,,,,,,,,,,,,,0.0,,,,,,,,,,,,,,,,,,,,,,,,,,,,,,,,,,0,,,,,,
2022-23,10385368,13,3,Arsenal,Away,794839,205651,Gabriel Jesus,gabriel-jesus,F,False,,,,13.0,8.0,21.0,4.0,2.0,3.0,,2.0,2.0,,,3.0,11.0,8.0,,,0.0866654,0.3445,0.1471,1.0,,,,,,,,,90.0,1.0,1.0,,,,,,12.0,,5.8,,,1.0,,1.0,3.0,,,1.0,1.0,17.0,9.0,26.0,4,2.0,47.0,1.0,4.0,,1.0
2022-23,10385368,13,3,Arsenal,Away,804434,223723,Takehiro Tomiyasu,takehiro-tomiyasu,D,False,1.0,,3.0,26.0,22.0,47.0,2.0,2.0,5.0,,,,,,1.0,3.0,5.0,,,0.0474324,0.0,0.0,,,,,,,3.0,,,90.0,,,,,,,,10.0,,7.2,,,,,1.0,,1.0,,3.0,,34.0,22.0,55.0,0,3.0,77.0,1.0,,,2.0
2022-23,10385368,13,3,Arsenal,Away,826139,200641,Reiss Nelson,reiss-nelson,M,True,,,,,,,,,,,,,,,,,,,,,,0.0,,,,,,,,,,,,,,,,,,,,,,,,,,,,,,,,,,0,,,,,,
2022-23,10385368,13,3,Arsenal,Away,833943,224068,Matt Turner,matt-turner,G,True,,,,,,,,,,,,,,,,,,,,,,0.0,,,,,,,,,,,,,,,,,,,,,,,,,,,,,,,,,,0,,,,,,
2022-23,10385368,13,3,Arsenal,Away,839410,225321,Aaron Ramsdale,aaron-ramsdale,G,False,,,1.0,,14.0,14.0,,,7.0,,,,,,,,,,,7.892e-05,0.0,0.0,,,,-0.3165,,,,,,90.0,,,,,,,,10.0,,6.5,1.0,2.0,,,,,,,11.0,,9.0,15.0,24.0,0,,31.0,,,,
2022-23,10385368,13,3,Arsenal,Away,846036,198869,Ben White,ben-white,D,False,1.0,,2.0,24.0,23.0,46.0,1.0,1.0,7.0,1.0,,,,,1.0,2.0,2.0,,,0.0893989,0.0,0.0,,1.0,,,,,,2.0,,72.0,,1.0,,,,,,7.0,,7.4,,,,,2.0,,1.0,,3.0,,26.0,23.0,48.0,0,1.0,66.0,3.0,,,
2022-23,10385368,13,3,Arsenal,Away,858194,205533,Eddie Nketiah,eddie-nketiah,F,True,,,,5.0,,5.0,,,1.0,,,1.0,,,,2.0,3.0,,,0.00607636,0.0907,0.0,1.0,,,,,,,,,19.0,,,,,,,,3.0,,6.6,,,,,,1.0,,,,,5.0,,5.0,1,1.0,14.0,2.0,2.0,,
2022-23,10385368,13,3,Arsenal,Away,869792,226597,Gabriel Magalhães,gabriel-magalhaes,D,False,,,1.0,32.0,38.0,70.0,,4.0,3.0,,,,,,,,5.0,,,0.0162534,0.0556,0.0,,,,,,,,,,90.0,,1.0,,,,,,8.0,,7.2,,,1.0,,10.0,,,,4.0,,36.0,42.0,78.0,1,1.0,92.0,,,,1.0
2022-23,10385368,13,3,Arsenal,Away,901892,437742,Albert Sambi Lokonga,albert-sambi-lokonga,M,True,,,,,,,,,,,,,,,,,,,,,,0.0,,,,,,,,,,,,,,,,,,,,,,,,,,,,,,,,,,0,,,,,,
2022-23,10385368,13,3,Arsenal,Away,904835,438098,Fábio Vieira,fabio-vieira,M,True,,,,3.0,3.0,6.0,,,2.0,,,,,,1.0,2.0,2.0,,,0.0029345,0.0,0.0,,,,,,,,,,13.0,,,,,,,,5.0,,6.5,,,,,,1.0,,,,,6.0,3.0,9.0,0,1.0,13.0,,1.0,,
2022-23,10385368,13,3,Arsenal,Away,922573,444145,Gabriel Martinelli,gabriel-martinelli,F,False,1.0,,,9.0,4.0,12.0,3.0,,2.0,,,1.0,,,1.0,6.0,4.0,,,0.0285315,0.0445,0.0,1.0,,,,,,,,,71.0,,,,,,,,13.0,,6.6,,,,,2.0,3.0,4.0,,1.0,1.0,15.0,5.0,16.0,1,2.0,36.0,3.0,,2.0,
2022-23,10385368,13,3,Arsenal,Away,934235,223340,Bukayo Saka,bukayo-saka,F,False,,,1.0,13.0,8.0,21.0,,,7.0,,,1.0,2.0,,2.0,6.0,4.0,,,0.0375487,0.0714,0.0,2.0,,,,,,2.0,,,90.0,,,,,,,,15.0,,6.5,,,1.0,,,3.0,2.0,,2.0,1.0,23.0,8.0,29.0,2,2.0,47.0,1.0,1.0,1.0,2.0
2022-23,10385368,13,3,Arsenal,Away,941168,462424,William Saliba,william-saliba,D,False,,,2.0,19.0,46.0,65.0,1.0,1.0,4.0,,,,,,,1.0,2.0,,,0.00822644,0.0,0.0,,,,,,,,,,90.0,,1.0,,,,,,4.0,,6.9,,,,,4.0,,,,4.0,,20.0,49.0,69.0,0,1.0,75.0,,,,1.0
2022-23,10385368,13,3,Arsenal,Away,1116954,479683,Marquinhos,marquinhos,M,True,,,,,,,,,,,,,,,,,,,,,,0.0,,,,,,,,,,,,,,,,,,,,,,,,,,,,,,,,,,0,,,,,,
2022-23,10385364,14,3,Arsenal,Home,44760,58822,Cédric Soares,cedric-soares,M,True,,,,9.0,9.0,18.0,1.0,,,,,,1.0,,,3.0,,,,0.00979368,0.0,0.0,1.0,,,,,,,,,27.0,,,,,,,,4.0,,6.4,,,,,1.0,,3.0,,,,13.0,9.0,19.0,0,,26.0,,,,
2022-23,10385364,14,3,Arsenal,Home,117777,84450,Granit Xhaka,granit-xhaka,M,False,,,,21.0,14.0,35.0,,,3.0,,,1.0,,,,1.0,3.0,,1.0,0.187605,0.0382,0.0,,,,,,,,2.0,,75.0,,,,,,,,9.0,,6.5,,,,,,1.0,,,1.0,,24.0,16.0,40.0,1,,51.0,2.0,3.0,,
2022-23,10385364,14,3,Arsenal,Home,316148,167199,Thomas Partey,thomas-partey,M,False,,,4.0,65.0,39.0,104.0,,1.0,7.0,,,2.0,,,,,3.0,,1.0,0.2335,0.1616,0.2763,,,1.0,,,,,1.0,,90.0,1.0,,,,,,,13.0,,8.0,,,1.0,,1.0,,1.0,,6.0,,73.0,41.0,113.0,4,2.0,126.0,1.0,,,1.0
2022-23,10385364,14,3,Arsenal,Home,366592,192895,Kieran Tierney,kieran-tierney,D,True,,,1.0,7.0,4.0,11.0,,,1.0,,,,,,,1.0,1.0,,,0.0112185,0.0,0.0,1.0,,,,,,,,,14.0,,,,,,,,2.0,,6.7,,,,,1.0,,1.0,,1.0,,9.0,4.0,12.0,0,1.0,16.0,,,,
2022-23,10385364,14,3,Arsenal,Home,547410,184029,Martin Ødegaard,martin-degaard,M,False,2.0,,,30.0,7.0,35.0,,,2.0,1.0,,2.0,1.0,,3.0,6.0,1.0,,,0.477694,0.1737,0.2756,,,1.0,,,,1.0,5.0,,90.0,1.0,,,,,,,21.0,,7.7,,,,,1.0,2.0,11.0,,2.0,,45.0,7.0,41.0,3,1.0,69.0,1.0,,,
2022-23,10385364,14,3,Arsenal,Home,793228,156074,Rob Holding,rob-holding,D,True,,,,,,,,,,,,,,,,,,,,,,0.0,,,,,,,,,,,,,,,,,,,,,,,,,,,,,,,,,,0,,,,,,
2022-23,10385364,14,3,Arsenal,Home,794839,205651,Gabriel Jesus,gabriel-jesus,F,False,,,,27.0,9.0,36.0,,2.0,5.0,2.0,2.0,2.0,1.0,,6.0,10.0,6.0,,,0.575694,0.6699,0.4376,,2.0,,,,,1.0,4.0,,90.0,3.0,,,,,,,21.0,,7.4,,,2.0,,,3.0,,,1.0,,34.0,11.0,45.0,7,3.0,72.0,3.0,1.0,,3.0
2022-23,10385364,14,3,Arsenal,Home,804434,223723,Takehiro Tomiyasu,takehiro-tomiyasu,D,False,1.0,,2.0,17.0,16.0,32.0,2.0,1.0,3.0,,,1.0,,,,4.0,3.0,,,0.0394773,0.0785,0.0,2.0,,,,,,1.0,1.0,,63.0,,,,,,,,3.0,,7.0,,,,,,,1.0,,3.0,,19.0,17.0,35.0,1,2.0,49.0,,,,1.0
2022-23,10385364,14,3,Arsenal,Home,826139,200641,Reiss Nelson,reiss-nelson,M,True,1.0,,1.0,32.0,3.0,34.0,1.0,,5.0,,1.0,,,,4.0,7.0,3.0,,,0.153784,0.6306,2.3639,2.0,1.0,2.0,,,,,2.0,,63.0,3.0,,,,,,,8.0,,8.7,,,,,,1.0,1.0,,2.0,,34.0,5.0,38.0,3,1.0,52.0,,1.0,1.0,
2022-23,10385364,14,3,Arsenal,Home,839410,225321,Aaron Ramsdale,aaron-ramsdale,G,False,,,,,14.0,14.0,,,8.0,,,,,,,,,,,6.961e-05,0.0,0.0,,,,0.1259,1.0,,,,,90.0,,,,,,,,1.0,,7.2,,2.0,,,1.0,,,,1.0,,1.0,14.0,15.0,0,,26.0,,,,
2022-23,10385364,14,3,Arsenal,Home,846036,198869,Ben White,ben-white,D,False,,,2.0,34.0,31.0,65.0,3.0,1.0,4.0,,,,,,1.0,4.0,3.0,,,0.0451356,0.1073,0.0,,,,,,,,,,90.0,,1.0,,,,,,7.0,,7.2,,,1.0,,3.0,,,,6.0,,39.0,32.0,71.0,1,1.0,83.0,,1.0,,1.0
2022-23,10385364,14,3,Arsenal,Home,858194,205533,Eddie Nketiah,eddie-nketiah,F,True,,,,4.0,1.0,5.0,,,,,,,,,,,,,,0.0258351,0.0,0.0,,,,,,,,1.0,,15.0,,,,,,,,2.0,,6.6,,,,,,,,,,,5.0,2.0,7.0,0,,8.0,,,,
2022-23,10385364,14,3,Arsenal,Home,869792,226597,Gabriel Magalhães,gabriel-magalhaes,D,False,,,,31.0,31.0,62.0,2.0,3.0,8.0,,,,,,,2.0,4.0,,1.0,0.0157402,0.0,0.0,,,,,,,1.0,,,90.0,,,,,,,,7.0,,6.9,,,,,2.0,,,,3.0,,36.0,33.0,69.0,0,1.0,77.0,,,,1.0
2022-23,10385364,14,3,Arsenal,Home,901892,437742,Albert Sambi Lokonga,albert-sambi-lokonga,M,True,,,,,,,,,,,,,,,,,,,,,,0.0,,,,,,,,,,,,,,,,,,,,,,,,,,,,,,,,,,0,,,,,,
2022-23,10385364,14,3,Arsenal,Home,904835,438098,Fábio Vieira,fabio-vieira,M,True,,,1.0,7.0,4.0,11.0,,,2.0,,,1.0,,,1.0,2.0,,,,0.00382851,0.0447,0.0,1.0,,,,,,,,,27.0,,,,,,,,7.0,,6.4,,,,,,,1.0,,1.0,,10.0,4.0,13.0,1,,19.0,3.0,,,
2022-23,10385364,14,3,Arsenal,Home,922573,444145,Gabriel Martinelli,gabriel-martinelli,F,False,,,2.0,18.0,3.0,21.0,3.0,,2.0,,,,,,4.0,7.0,,,,0.0765646,0.2683,0.309,,,1.0,,,,2.0,1.0,,63.0,2.0,,,,,,,10.0,,7.4,,,,,,,1.0,,2.0,1.0,22.0,3.0,24.0,2,,38.0,2.0,,,
2022-23,10385364,14,3,Arsenal,Home,934235,223340,Bukayo Saka,bukayo-saka,F,False,2.0,,1.0,13.0,2.0,13.0,,,2.0,,,,1.0,,,2.0,1.0,,,0.122238,0.1564,0.0,1.0,1.0,,,,,,3.0,,27.0,,,,,,,,5.0,,7.3,,,1.0,,,,3.0,,1.0,,18.0,2.0,17.0,1,,23.0,,1.0,,
2022-23,10385364,14,3,Arsenal,Home,941168,462424,William Saliba,william-saliba,D,False,,,1.0,23.0,32.0,55.0,1.0,2.0,7.0,,,,,,,2.0,4.0,,,0.0207614,0.0,0.0,1.0,,,,,,1.0,1.0,,76.0,,,,,,,,5.0,,7.1,,,,,1.0,,,,2.0,,24.0,35.0,59.0,0,2.0,66.0,1.0,,,2.0
2022-23,10385364,14,3,Arsenal,Home,991591,463748,Karl Hein,karl-hein,G,True,,,,,,,,,,,,,,,,,,,,,,0.0,,,,,,,,,,,,,,,,,,,,,,,,,,,,,,,,,,0,,,,,,
2022-23,10385364,14,3,Arsenal,Home,1116954,479683,Marquinhos,marquinhos,M,True,,,,,,,,,,,,,,,,,,,,,,0.0,,,,,,,,,,,,,,,,,,,,,,,,,,,,,,,,,,0,,,,,,
2022-23,10385376,15,3,Arsenal,Away,44760,58822,Cédric Soares,cedric-soares,M,True,,,,,,,,,,,,,,,,,,,,,,0.0,,,,,,,,,,,,,,,,,,,,,,,,,,,,,,,,,,0,,,,,,
2022-23,10385376,15,3,Arsenal,Away,117777,84450,Granit Xhaka,granit-xhaka,M,False,,,2.0,20.0,13.0,33.0,3.0,3.0,6.0,,,2.0,1.0,,3.0,7.0,9.0,,,0.0290175,0.0715,0.0,,,,,,,,,,90.0,,1.0,,,,,,14.0,,6.8,,,,,2.0,1.0,,,4.0,,27.0,16.0,43.0,2,4.0,64.0,1.0,1.0,1.0,4.0
2022-23,10385376,15,3,Arsenal,Away,159675,153256,Mohamed Elneny,mohamed-elneny,M,True,,,,2.0,1.0,3.0,,,2.0,,,,,,,,,,,0.00280984,0.0,0.0,,,,,,,,,,9.0,,,,,,,,1.0,,6.5,,,,,,,,,1.0,,3.0,1.0,4.0,0,,4.0,,,,
2022-23,10385376,15,3,Arsenal,Away,287643,206325,Oleksandr Zinchenko,oleksandr-zinchenko,D,False,,,3.0,11.0,18.0,29.0,,1.0,6.0,,,,,,1.0,1.0,6.0,,,0.0129408,0.0,0.0,,,,,,,1.0,,,78.0,,,,,,,,13.0,,7.2,,,,,1.0,,1.0,,6.0,,16.0,20.0,35.0,0,4.0,57.0,3.0,1.0,,2.0
2022-23,10385376,15,3,Arsenal,Away,316148,167199,Thomas Partey,thomas-partey,M,False,,,6.0,23.0,27.0,50.0,3.0,2.0,12.0,,1.0,,,,,4.0,7.0,,,0.0188892,0.3434,0.0,1.0,,,,,,1.0,,,90.0,,,,,,,,7.0,,7.4,,,2.0,,3.0,2.0,,,6.0,,25.0,29.0,54.0,2,2.0,73.0,1.0,1.0,2.0,
2022-23,10385376,15,3,Arsenal,Away,366592,192895,Kieran Tierney,kieran-tierney,D,True,,,2.0,3.0,1.0,4.0,,,3.0,,,,,,,,1.0,,,0.00106326,0.0,0.0,,,,,,,1.0,,,12.0,,,,,,,,5.0,,6.8,,,,,1.0,,,,3.0,,5.0,1.0,6.0,0,,12.0,,1.0,,
2022-23,10385376,15,3,Arsenal,Away,547410,184029,Martin Ødegaard,martin-degaard,M,False,1.0,,1.0,20.0,4.0,23.0,,,3.0,,,,,,2.0,4.0,2.0,,,0.280613,0.1233,0.0,2.0,,,,,,,2.0,,87.0,,1.0,,,,,,12.0,,6.9,,,1.0,,,1.0,4.0,,3.0,,28.0,5.0,29.0,1,,43.0,1.0,1.0,1.0,
2022-23,10385376,15,3,Arsenal,Away,793228,156074,Rob Holding,rob-holding,D,True,,,,,,,,,,,,,,,,,,,,0.0,0.0,0.0,,,,,,,,,,1.0,,,,,,,,,,,,,,,,,,,,,,,,0,,,,,,
2022-23,10385376,15,3,Arsenal,Away,794839,205651,Gabriel Jesus,gabriel-jesus,F,False,,,,15.0,3.0,18.0,4.0,2.0,2.0,,1.0,1.0,1.0,,3.0,16.0,12.0,,,0.0399028,0.5455,0.1034,3.0,,,,,,2.0,2.0,,90.0,1.0,,,,,,,23.0,,6.6,,,1.0,,2.0,9.0,3.0,,1.0,,24.0,3.0,24.0,3,2.0,63.0,6.0,4.0,4.0,2.0
2022-23,10385376,15,3,Arsenal,Away,826139,200641,Reiss Nelson,reiss-nelson,M,True,,,,,,,,,,,,,,,,,,,,,,0.0,,,,,,,,,,,,,,,,,,,,,,,,,,,,,,,,,,0,,,,,,
2022-23,10385376,15,3,Arsenal,Away,833943,224068,Matt Turner,matt-turner,G,True,,,,,,,,,,,,,,,,,,,,,,0.0,,,,,,,,,,,,,,,,,,,,,,,,,,,,,,,,,,0,,,,,,
2022-23,10385376,15,3,Arsenal,Away,839410,225321,Aaron Ramsdale,aaron-ramsdale,G,False,,1.0,5.0,2.0,17.0,19.0,,,4.0,,,,,,,,,,,0.00089773,0.0,0.0,,,,0.0776,,,,,,90.0,,,,,,,,7.0,,7.2,1.0,1.0,,,1.0,,,1.0,12.0,,9.0,17.0,26.0,0,,32.0,,,,
2022-23,10385376,15,3,Arsenal,Away,846036,198869,Ben White,ben-white,D,False,,,2.0,20.0,21.0,41.0,2.0,,3.0,,,,2.0,,,5.0,5.0,,,0.0204225,0.1253,0.0,1.0,,,,,,1.0,1.0,,90.0,,,,,,,,13.0,,7.2,,,2.0,,4.0,1.0,1.0,,4.0,,29.0,23.0,51.0,2,1.0,71.0,,3.0,1.0,
2022-23,10385376,15,3,Arsenal,Away,858194,205533,Eddie Nketiah,eddie-nketiah,F,True,,,,,,,,,,,,,,,,,,,,,,0.0,,,,,,,,,,,,,,,,,,,,,,,,,,,,,,,,,,0,,,,,,
2022-23,10385376,15,3,Arsenal,Away,869792,226597,Gabriel Magalhães,gabriel-magalhaes,D,False,,,6.0,17.0,33.0,50.0,1.0,3.0,7.0,,,,1.0,,,3.0,5.0,,,0.0086547,0.7753,0.9863,1.0,,1.0,,,,1.0,,,90.0,1.0,,,,,,,10.0,,7.7,,,,,4.0,1.0,,,8.0,,25.0,34.0,59.0,1,,71.0,1.0,1.0,1.0,
2022-23,10385376,15,3,Arsenal,Away,901892,437742,Albert Sambi Lokonga,albert-sambi-lokonga,M,True,,,,,,,,,,,,,,,,,,,,,,0.0,,,,,,,,,,,,,,,,,,,,,,,,,,,,,,,,,,0,,,,,,
2022-23,10385376,15,3,Arsenal,Away,904835,438098,Fábio Vieira,fabio-vieira,M,True,,,,,,,,,,,,,,,,,,,,,,0.0,,,,,,,,,,,,,,,,,,,,,,,,,,,,,,,,,,0,,,,,,
2022-23,10385376,15,3,Arsenal,Away,922573,444145,Gabriel Martinelli,gabriel-martinelli,F,False,,,2.0,15.0,6.0,21.0,2.0,1.0,6.0,1.0,,,,,3.0,8.0,5.0,,,0.222672,0.162,0.0,2.0,,,,,,,1.0,,89.0,,,,,,,,14.0,,7.1,,,2.0,,1.0,2.0,3.0,,2.0,,20.0,8.0,25.0,2,,45.0,3.0,3.0,1.0,
2022-23,10385376,15,3,Arsenal,Away,934235,223340,Bukayo Saka,bukayo-saka,F,False,2.0,,1.0,25.0,9.0,32.0,1.0,,6.0,1.0,,,,,5.0,9.0,4.0,,,0.130674,0.1073,0.0,2.0,1.0,,,,,,3.0,,90.0,,,,,,,,21.0,,7.4,,,1.0,,,1.0,9.0,,1.0,,37.0,10.0,38.0,1,2.0,60.0,2.0,2.0,,1.0
2022-23,10385376,15,3,Arsenal,Away,941168,462424,William Saliba,william-saliba,D,False,1.0,,1.0,10.0,39.0,48.0,1.0,1.0,13.0,,,,,,,2.0,3.0,,1.0,0.00503192,0.0,0.0,1.0,,,,,,2.0,,,90.0,,1.0,,,,,,12.0,,7.1,,,,,3.0,,1.0,,7.0,,14.0,45.0,58.0,0,2.0,71.0,2.0,,,1.0
2022-23,10385393,16,3,Arsenal,Away,44760,58822,Cédric Soares,cedric-soares,M,True,,,,,,,,,,,,,,,,,,,,0.0,0.0,0.0,,,,,,,,,,1.0,,,,,,,,1.0,,,,,,,,,,,1.0,,,1.0,1.0,0,,1.0,,,,
2022-23,10385393,16,3,Arsenal,Away,117777,84450,Granit Xhaka,granit-xhaka,M,False,,,,2.0,,2.0,,,,,,,,,,,,,,0.00244671,0.0,0.0,,,,,,,,,,16.0,,,,,,,,,,6.5,,,,,,,,,,,2.0,,2.0,0,,2.0,,,,
2022-23,10385393,16,3,Arsenal,Away,159675,153256,Mohamed Elneny,mohamed-elneny,M,True,,,,,,,,,,,,,,,,,,,,0.0,0.0,0.0,,,,,,,,,,1.0,,,,,,,,,,,,,,,,,,,,,,,,0,,,,,,
2022-23,10385393,16,3,Arsenal,Away,287643,206325,Oleksandr Zinchenko,oleksandr-zinchenko,D,False,1.0,,3.0,38.0,27.0,64.0,1.0,2.0,7.0,,,,3.0,,2.0,6.0,3.0,,1.0,0.130704,0.0067,0.0,,,,,,,,2.0,,89.0,,,,,,,,13.0,,6.4,,,1.0,,2.0,,5.0,,5.0,,47.0,27.0,69.0,1,1.0,87.0,1.0,,,1.0
2022-23,10385393,16,3,Arsenal,Away,316148,167199,Thomas Partey,thomas-partey,M,False,,,5.0,25.0,28.0,53.0,2.0,1.0,4.0,,,,1.0,,1.0,5.0,4.0,,,0.022875,0.0,0.0,,,,,,,,1.0,,90.0,,,,,,,,13.0,,6.8,,,,,1.0,1.0,,,8.0,,34.0,29.0,63.0,0,3.0,70.0,,,,2.0
2022-23,10385393,16,3,Arsenal,Away,366592,192895,Kieran Tierney,kieran-tierney,D,True,,,,,,,,,,,,,,,,,,,,,,0.0,,,,,,,,,,,,,,,,,,,,,,,,,,,,,,,,,,0,,,,,,
2022-23,10385393,16,3,Arsenal,Away,547410,184029,Martin Ødegaard,martin-degaard,M,False,,,2.0,31.0,12.0,43.0,2.0,,7.0,,1.0,,2.0,,,6.0,4.0,,,0.0338015,1.4801,1.0866,2.0,,2.0,,,,,,,90.0,3.0,,,,,,,12.0,,8.5,,,,,,2.0,3.0,,2.0,,42.0,12.0,51.0,3,2.0,66.0,1.0,,2.0,
2022-23,10385393,16,3,Arsenal,Away,793228,156074,Rob Holding,rob-holding,D,True,,,,,,,,,,,,,,,,,,,,,,0.0,,,,,,,,,,,,,,,,,,,,,,,,,,,,,,,,,,0,,,,,,
2022-23,10385393,16,3,Arsenal,Away,794839,205651,Gabriel Jesus,gabriel-jesus,F,False,,,1.0,20.0,9.0,29.0,6.0,2.0,3.0,,,2.0,1.0,,,7.0,6.0,,,0.136724,0.3526,0.0,,,,,,1.0,2.0,1.0,,90.0,,,,,,,,6.0,,7.6,,,3.0,,3.0,1.0,,,1.0,1.0,21.0,10.0,31.0,5,1.0,52.0,4.0,2.0,1.0,
2022-23,10385393,16,3,Arsenal,Away,826139,200641,Reiss Nelson,reiss-nelson,M,True,,,,,,,,,,,,,,,,,1.0,,,0.0,0.0,0.0,,,,,,,,,,1.0,,,,,,,,,,,,,,,,,,,,,,,,0,,1.0,,1.0,,
2022-23,10385393,16,3,Arsenal,Away,833943,224068,Matt Turner,matt-turner,G,True,,,,,,,,,,,,,,,,,,,,,,0.0,,,,,,,,,,,,,,,,,,,,,,,,,,,,,,,,,,0,,,,,,
2022-23,10385393,16,3,Arsenal,Away,839410,225321,Aaron Ramsdale,aaron-ramsdale,G,False,,,1.0,,14.0,14.0,,,8.0,,,,,,,,1.0,,,9.72684e-05,0.0,0.0,,,,0.3868,1.0,,,,,90.0,,,,,,,,6.0,,7.4,1.0,2.0,,,,,,,7.0,,5.0,15.0,20.0,0,,32.0,,1.0,,
2022-23,10385393,16,3,Arsenal,Away,846036,198869,Ben White,ben-white,D,False,2.0,,4.0,64.0,32.0,94.0,,,7.0,,,,1.0,,,4.0,1.0,,,0.206239,0.0513,0.0,2.0,,,,,,,2.0,,90.0,,,,,,,,14.0,,7.2,,,1.0,,,1.0,3.0,,7.0,,70.0,35.0,102.0,1,1.0,116.0,1.0,,,1.0
2022-23,10385393,16,3,Arsenal,Away,858194,205533,Eddie Nketiah,eddie-nketiah,F,True,,,,,,,,,,,,,,,,,,,,,,0.0,,,,,,,,,,,,,,,,,,,,,,,,,,,,,,,,,,0,,,,,,
2022-23,10385393,16,3,Arsenal,Away,869792,226597,Gabriel Magalhães,gabriel-magalhaes,D,False,,,5.0,29.0,30.0,59.0,2.0,1.0,6.0,,,,,,,3.0,3.0,,,0.00718302,0.1078,0.0,1.0,,,,,,3.0,,,90.0,,1.0,,,,,,6.0,,7.4,,,1.0,,1.0,,,,7.0,,34.0,31.0,65.0,1,1.0,76.0,,1.0,,
2022-23,10385393,16,3,Arsenal,Away,904835,438098,Fábio Vieira,fabio-vieira,M,True,,,1.0,15.0,7.0,22.0,,1.0,3.0,1.0,,1.0,,,,2.0,1.0,,,0.583552,0.0656,0.0,,1.0,,,,,1.0,1.0,,73.0,,,,,,,,9.0,,7.0,,,1.0,,,2.0,2.0,,2.0,,19.0,9.0,26.0,2,,37.0,1.0,,,
2022-23,10385393,16,3,Arsenal,Away,922573,444145,Gabriel Martinelli,gabriel-martinelli,F,False,,,1.0,9.0,9.0,18.0,3.0,1.0,1.0,,,,,,1.0,5.0,4.0,,,0.0157314,0.0658,0.259,,,,,,,1.0,,,90.0,1.0,1.0,,,,,,16.0,,6.9,,,,,,3.0,5.0,,1.0,,16.0,9.0,20.0,1,1.0,44.0,5.0,,2.0,1.0
2022-23,10385393,16,3,Arsenal,Away,934235,223340,Bukayo Saka,bukayo-saka,F,False,2.0,,2.0,36.0,4.0,38.0,3.0,,2.0,,,,,,2.0,12.0,4.0,,,0.215569,0.0,0.0,1.0,,,,,,,3.0,,89.0,,,,,,,,17.0,,6.7,,,,,,10.0,5.0,,2.0,,42.0,4.0,41.0,0,,65.0,3.0,,4.0,
2022-23,10385393,16,3,Arsenal,Away,941168,462424,William Saliba,william-saliba,D,False,,,2.0,46.0,35.0,81.0,1.0,1.0,6.0,,,,1.0,,,2.0,1.0,,1.0,0.0143041,0.0,0.0,,,,,,,,,,90.0,,1.0,,,,,,7.0,,6.8,,,,,1.0,,,,2.0,,49.0,39.0,88.0,0,,91.0,,,,
2022-23,10385393,16,3,Arsenal,Away,1116954,479683,Marquinhos,marquinhos,M,True,,,,,,,,,,,,,,,,,,,,,,0.0,,,,,,,,,,,,,,,,,,,,,,,,,,,,,,,,,,0,,,,,,
2022-23,10385396,17,3,Arsenal,Home,44760,58822,Cédric Soares,cedric-soares,M,True,,,,,,,,,,,,,,,,,,,,,,0.0,,,,,,,,,,,,,,,,,,,,,,,,,,,,,,,,,,0,,,,,,
2022-23,10385396,17,3,Arsenal,Home,117777,84450,Granit Xhaka,granit-xhaka,M,False,,,2.0,34.0,21.0,55.0,,,5.0,,,1.0,,,1.0,3.0,5.0,,,0.0972235,0.0715,0.3398,1.0,1.0,,,,,,2.0,,90.0,1.0,,,,,,,7.0,,7.5,,,,,1.0,2.0,1.0,,2.0,,38.0,21.0,58.0,2,2.0,74.0,1.0,2.0,1.0,
2022-23,10385396,17,3,Arsenal,Home,159675,153256,Mohamed Elneny,mohamed-elneny,M,True,,,,,,,,,,,,,,,,,,,,0.0,0.0,0.0,,,,,,,,,,1.0,,,,,,,,,,,,,,,,,,,,,,,,0,,,,,,
2022-23,10385396,17,3,Arsenal,Home,287643,206325,Oleksandr Zinchenko,oleksandr-zinchenko,D,True,,,1.0,12.0,18.0,30.0,1.0,,5.0,,,,,,,1.0,1.0,,,0.0253311,0.0,0.0,,,,,,,,,,17.0,,,,,,,,2.0,,6.8,,,,,,,,,1.0,,14.0,18.0,32.0,0,1.0,33.0,,,,
2022-23,10385396,17,3,Arsenal,Home,316148,167199,Thomas Partey,thomas-partey,M,False,,,4.0,51.0,27.0,78.0,,2.0,8.0,,,,,,,2.0,6.0,,,0.0838914,0.0497,0.0,2.0,,,,,,1.0,,,89.0,,,,,,,,19.0,,7.2,,,1.0,,,,,,6.0,,62.0,32.0,94.0,1,2.0,105.0,3.0,2.0,,2.0
2022-23,10385396,17,3,Arsenal,Home,366592,192895,Kieran Tierney,kieran-tierney,D,False,,,,17.0,14.0,31.0,2.0,2.0,7.0,,,,,,,3.0,3.0,,,0.039085,0.0,0.0,1.0,,,,,,1.0,1.0,,73.0,,,,,,,,15.0,,6.6,,,,,,,4.0,,5.0,,29.0,16.0,41.0,0,,56.0,,1.0,,
2022-23,10385396,17,3,Arsenal,Home,547410,184029,Martin Ødegaard,martin-degaard,M,False,1.0,,1.0,45.0,13.0,57.0,1.0,1.0,7.0,2.0,,2.0,,,,4.0,6.0,,,0.260985,0.4363,0.0,2.0,2.0,,,,,,5.0,,90.0,,,,,,,,8.0,,9.0,,,4.0,,,3.0,3.0,,3.0,,51.0,13.0,61.0,6,1.0,82.0,1.0,2.0,2.0,1.0
2022-23,10385396,17,3,Arsenal,Home,793228,156074,Rob Holding,rob-holding,D,True,,,,,,,,,,,,,,,,,,,,,,0.0,,,,,,,,,,,,,,,,,,,,,,,,,,,,,,,,,,0,,,,,,
2022-23,10385396,17,3,Arsenal,Home,833943,224068,Matt Turner,matt-turner,G,True,,,,,,,,,,,,,,,,,,,,,,0.0,,,,,,,,,,,,,,,,,,,,,,,,,,,,,,,,,,0,,,,,,
2022-23,10385396,17,3,Arsenal,Home,839410,225321,Aaron Ramsdale,aaron-ramsdale,G,False,,2.0,2.0,2.0,12.0,14.0,,,5.0,,,,,,,,1.0,,,0.0122214,0.0,0.0,,,,0.3222,,,,,,90.0,,,,,1.0,,,4.0,,6.9,1.0,3.0,,,2.0,,,2.0,6.0,,5.0,13.0,18.0,0,,28.0,,1.0,,
2022-23,10385396,17,3,Arsenal,Home,846036,198869,Ben White,ben-white,D,False,1.0,,4.0,32.0,34.0,65.0,,,9.0,,,,,,1.0,2.0,3.0,,,0.326022,0.0,0.0,,,,,,,1.0,1.0,,90.0,,,,,,,,9.0,,7.1,,,,,4.0,2.0,3.0,,7.0,,39.0,34.0,70.0,0,1.0,87.0,,1.0,1.0,1.0
2022-23,10385396,17,3,Arsenal,Home,858194,205533,Eddie Nketiah,eddie-nketiah,F,False,,,,14.0,8.0,22.0,5.0,2.0,3.0,,,2.0,,,2.0,10.0,4.0,,,0.0267848,0.49,0.8705,2.0,,1.0,,,,,,,90.0,1.0,,,,,,,7.0,,7.0,,,1.0,,,2.0,,,,3.0,16.0,8.0,24.0,4,1.0,37.0,1.0,1.0,,
2022-23,10385396,17,3,Arsenal,Home,869792,226597,Gabriel Magalhães,gabriel-magalhaes,D,False,,,2.0,41.0,54.0,95.0,3.0,3.0,9.0,,,,,,,5.0,7.0,,,0.0587512,0.0,0.0,2.0,,,,,,,,,90.0,,,,,,,,8.0,,7.1,,,,,3.0,,,,6.0,,47.0,56.0,103.0,0,3.0,114.0,,1.0,,3.0
2022-23,10385396,17,3,Arsenal,Home,901892,437742,Albert Sambi Lokonga,albert-sambi-lokonga,M,True,,,,,,,,,,,,,,,,,,,,,,0.0,,,,,,,,,,,,,,,,,,,,,,,,,,,,,,,,,,0,,,,,,
2022-23,10385396,17,3,Arsenal,Home,904835,438098,Fábio Vieira,fabio-vieira,M,True,,,,,1.0,1.0,,,,,,,,,,,,,,8.426e-05,0.0,0.0,,,,,,,,,,2.0,,,,,,,,,,,,,,,1.0,,,,,,,1.0,1.0,0,,3.0,,,,
2022-23,10385396,17,3,Arsenal,Home,922573,444145,Gabriel Martinelli,gabriel-martinelli,F,False,,,2.0,16.0,4.0,20.0,3.0,1.0,,,,,,,2.0,8.0,6.0,,,0.0375865,0.0835,0.1302,1.0,,1.0,,,,,1.0,,88.0,1.0,,,,,,,21.0,,7.3,,,,,,3.0,7.0,,2.0,,31.0,4.0,28.0,1,1.0,49.0,1.0,3.0,1.0,1.0
2022-23,10385396,17,3,Arsenal,Home,934235,223340,Bukayo Saka,bukayo-saka,F,False,2.0,,3.0,26.0,3.0,27.0,,,2.0,1.0,,,,,,,4.0,,,0.311266,0.6557,0.9621,,,1.0,,,,,4.0,,90.0,1.0,,,,,,,15.0,,8.2,,,,,,,7.0,,3.0,,33.0,4.0,30.0,1,2.0,51.0,5.0,2.0,,1.0
2022-23,10385396,17,3,Arsenal,Home,941168,462424,William Saliba,william-saliba,D,False,,,4.0,24.0,69.0,93.0,1.0,4.0,5.0,,1.0,,,,1.0,4.0,7.0,,,0.00771387,0.415,0.2857,2.0,,,,,,1.0,,,90.0,1.0,,,1.0,,,,5.0,,6.6,,,,,2.0,1.0,,,6.0,,27.0,70.0,97.0,1,1.0,108.0,,1.0,1.0,1.0
2022-23,10385396,17,3,Arsenal,Home,1116954,479683,Marquinhos,marquinhos,M,True,,,,,,,,,,,,,,,,,,,,,,0.0,,,,,,,,,,,,,,,,,,,,,,,,,,,,,,,,,,0,,,,,,
2022-23,10385396,17,3,Arsenal,Home,1138842,519324,Amario Cozier-Duberry,amario-cozier-duberry,M,True,,,,,,,,,,,,,,,,,,,,,,0.0,,,,,,,,,,,,,,,,,,,,,,,,,,,,,,,,,,0,,,,,,
2022-23,10385409,18,3,Arsenal,Away,44760,58822,Cédric Soares,cedric-soares,M,True,,,,,,,,,,,,,,,,,,,,,,0.0,,,,,,,,,,,,,,,,,,,,,,,,,,,,,,,,,,0,,,,,,
2022-23,10385409,18,3,Arsenal,Away,117777,84450,Granit Xhaka,granit-xhaka,M,False,,,4.0,14.0,12.0,26.0,,1.0,4.0,,,,,,,,2.0,,,0.0923204,0.0,0.0,,,,,,,,1.0,,90.0,,1.0,,,,,,4.0,,6.9,,,,,2.0,1.0,,,5.0,,16.0,13.0,29.0,0,,35.0,1.0,,1.0,
2022-23,10385409,18,3,Arsenal,Away,159675,153256,Mohamed Elneny,mohamed-elneny,M,True,,,1.0,1.0,2.0,3.0,1.0,,,,,,,,,1.0,1.0,,,0.00075414,0.0,0.0,,,,,,,,,,16.0,,,,,,,,1.0,,6.4,,,,,,,,,1.0,,2.0,2.0,4.0,0,,5.0,,1.0,,
2022-23,10385409,18,3,Arsenal,Away,287643,206325,Oleksandr Zinchenko,oleksandr-zinchenko,D,False,,,2.0,17.0,9.0,26.0,,1.0,6.0,,1.0,,,,,,5.0,,,0.0465634,0.4581,0.5896,,,,,,,1.0,1.0,,60.0,1.0,,,,,,,4.0,,7.2,,,,,,,,,3.0,,20.0,9.0,29.0,1,2.0,45.0,1.0,2.0,,1.0
2022-23,10385409,18,3,Arsenal,Away,316148,167199,Thomas Partey,thomas-partey,M,False,,,2.0,11.0,8.0,19.0,,1.0,5.0,,,1.0,,,,1.0,4.0,,,0.0221661,0.1615,0.0,1.0,,,,,,,2.0,,74.0,,,,,,,,8.0,,6.7,,,,,1.0,,,,4.0,,17.0,9.0,26.0,1,2.0,34.0,1.0,1.0,,1.0
2022-23,10385409,18,3,Arsenal,Away,366592,192895,Kieran Tierney,kieran-tierney,D,True,,,,2.0,1.0,3.0,,,1.0,,,,,,,1.0,2.0,,,0.00014611,0.0,0.0,1.0,,,,,,2.0,,,30.0,,,,,,,,2.0,,6.5,,,,,2.0,,,,2.0,,3.0,2.0,5.0,0,2.0,13.0,,,,1.0
2022-23,10385409,18,3,Arsenal,Away,547410,184029,Martin Ødegaard,martin-degaard,M,False,1.0,,2.0,18.0,11.0,28.0,,,6.0,2.0,,,,,1.0,4.0,2.0,,,0.696962,0.0706,0.1852,,1.0,1.0,,,,,3.0,,87.0,1.0,,,,,,,11.0,,8.5,,,,,,4.0,1.0,,2.0,,23.0,13.0,35.0,1,1.0,46.0,,,1.0,
2022-23,10385409,18,3,Arsenal,Away,793228,156074,Rob Holding,rob-holding,D,True,,,,,,,,,1.0,,,,,,,,,,,0.0,0.0,0.0,,,,,,,,,,10.0,,,,,,,,1.0,,6.5,,,,,,,,,1.0,,1.0,,1.0,0,,2.0,,,,
2022-23,10385409,18,3,Arsenal,Away,804434,223723,Takehiro Tomiyasu,takehiro-tomiyasu,D,True,,,,1.0,,1.0,3.0,,,,,,,,,3.0,,,,0.0001914,0.0,0.0,,,,,,,1.0,,,30.0,,,,,,,,1.0,,6.2,,,,,1.0,,,,,,1.0,1.0,2.0,0,,10.0,,,,
2022-23,10385409,18,3,Arsenal,Away,833943,224068,Matt Turner,matt-turner,G,True,,,,,,,,,,,,,,,,,,,,,,0.0,,,,,,,,,,,,,,,,,,,,,,,,,,,,,,,,,,0,,,,,,
2022-23,10385409,18,3,Arsenal,Away,839410,225321,Aaron Ramsdale,aaron-ramsdale,G,False,,,5.0,3.0,8.0,11.0,,1.0,6.0,,,,,,,,1.0,,,0.000522,0.0,0.0,,,,0.1889,2.0,,,,,90.0,,,,,,,,23.0,1.0,6.7,2.0,3.0,,,2.0,,,,28.0,,24.0,10.0,34.0,0,,44.0,,,,
2022-23,10385409,18,3,Arsenal,Away,846036,198869,Ben White,ben-white,D,False,,,,2.0,5.0,7.0,,1.0,4.0,,,,,,,,4.0,,,0.00057076,0.0,0.0,,,,,,,1.0,,,60.0,,,,,,,,3.0,,7.0,,,,,1.0,1.0,,,,,3.0,6.0,9.0,0,2.0,18.0,,,1.0,1.0
2022-23,10385409,18,3,Arsenal,Away,858194,205533,Eddie Nketiah,eddie-nketiah,F,False,,,,13.0,6.0,19.0,3.0,,1.0,,,,,,,6.0,3.0,,,0.0259758,0.7708,0.9765,4.0,,1.0,,,,,,,90.0,1.0,,,,,,,7.0,,7.4,,,1.0,,2.0,,,,,,17.0,7.0,24.0,2,2.0,35.0,2.0,1.0,,2.0
2022-23,10385409,18,3,Arsenal,Away,869792,226597,Gabriel Magalhães,gabriel-magalhaes,D,False,,,3.0,8.0,14.0,22.0,3.0,1.0,6.0,,1.0,,,,,4.0,2.0,,,0.00310188,0.4327,0.076,1.0,,,,,,1.0,,,90.0,1.0,1.0,,,,,,7.0,,6.4,,,1.0,,2.0,,,,5.0,,12.0,16.0,28.0,2,,36.0,1.0,1.0,,
2022-23,10385409,18,3,Arsenal,Away,901892,437742,Albert Sambi Lokonga,albert-sambi-lokonga,M,True,,,,,,,,,,,,,,,,,,,,,,0.0,,,,,,,,,,,,,,,,,,,,,,,,,,,,,,,,,,0,,,,,,
2022-23,10385409,18,3,Arsenal,Away,904835,438098,Fábio Vieira,fabio-vieira,M,True,,,,,,,,,,,,,,,,,,,,,,0.0,,,,,,,,,,,,,,,,,,,,,,,,,,,,,,,,,,0,,,,,,
2022-23,10385409,18,3,Arsenal,Away,922573,444145,Gabriel Martinelli,gabriel-martinelli,F,False,,,,13.0,3.0,16.0,,1.0,2.0,,,3.0,,,2.0,6.0,4.0,,,0.0751312,0.6165,0.7182,2.0,,1.0,,,,,,,90.0,2.0,,,,,,,15.0,,7.2,,,,,,3.0,2.0,,,,19.0,5.0,22.0,5,2.0,41.0,2.0,,1.0,1.0
2022-23,10385409,18,3,Arsenal,Away,934235,223340,Bukayo Saka,bukayo-saka,F,False,,,,7.0,2.0,9.0,2.0,,3.0,,,,,,,4.0,4.0,,,0.0602923,0.3672,0.7337,2.0,,1.0,,,,2.0,1.0,,90.0,1.0,,,,,,,13.0,,7.4,,,,,2.0,,3.0,,1.0,,14.0,5.0,16.0,1,4.0,35.0,3.0,,,2.0
2022-23,10385409,18,3,Arsenal,Away,941168,462424,William Saliba,william-saliba,D,False,,,1.0,1.0,18.0,19.0,,1.0,5.0,,,,,,,,4.0,1.0,,0.00059888,0.1422,0.0,,,,,,,1.0,,,90.0,,,,,,,,8.0,,6.4,,,1.0,,9.0,1.0,,,3.0,,3.0,21.0,24.0,1,2.0,42.0,3.0,,1.0,
2022-23,10385409,18,3,Arsenal,Away,1116954,479683,Marquinhos,marquinhos,M,True,,,,,,,,,,,,,,,,,,,,,,0.0,,,,,,,,,,,,,,,,,,,,,,,,,,,,,,,,,,0,,,,,,
2022-23,10385416,19,3,Arsenal,Home,117777,84450,Granit Xhaka,granit-xhaka,M,False,,,3.0,39.0,10.0,49.0,2.0,,5.0,,,1.0,,,,6.0,4.0,,,0.157909,0.3091,0.0,4.0,,,,,,,3.0,,90.0,,,,,,,,12.0,,7.2,,,1.0,,1.0,,1.0,,3.0,,49.0,12.0,60.0,2,1.0,72.0,,3.0,,1.0
2022-23,10385416,19,3,Arsenal,Home,159675,153256,Mohamed Elneny,mohamed-elneny,M,True,,,,,,,,,,,,,,,,,,,,,,0.0,,,,,,,,,,,,,,,,,,,,,,,,,,,,,,,,,,0,,,,,,
2022-23,10385416,19,3,Arsenal,Home,287643,206325,Oleksandr Zinchenko,oleksandr-zinchenko,D,False,,,2.0,58.0,24.0,82.0,2.0,1.0,4.0,,,,2.0,,,5.0,1.0,,,0.0690555,0.0563,0.0,1.0,,,,,,,,,90.0,,,,,,,,10.0,,6.9,,,1.0,,3.0,,2.0,,2.0,,65.0,26.0,89.0,1,,108.0,1.0,,,
2022-23,10385416,19,3,Arsenal,Home,316148,167199,Thomas Partey,thomas-partey,M,False,,,3.0,43.0,35.0,78.0,,3.0,9.0,,,2.0,1.0,,1.0,5.0,7.0,,,0.0339082,0.0715,0.0,2.0,,,,,,1.0,1.0,,90.0,,1.0,,,,,,16.0,,7.0,,,,,3.0,1.0,,,8.0,,51.0,40.0,91.0,2,3.0,106.0,,1.0,,1.0
2022-23,10385416,19,3,Arsenal,Home,366592,192895,Kieran Tierney,kieran-tierney,D,True,,,,,,,,,,,,,,,,,,,,,,0.0,,,,,,,,,,,,,,,,,,,,,,,,,,,,,,,,,,0,,,,,,
2022-23,10385416,19,3,Arsenal,Home,547410,184029,Martin Ødegaard,martin-degaard,M,False,2.0,,,15.0,5.0,18.0,1.0,1.0,2.0,,,,1.0,,2.0,5.0,5.0,,,0.18336,0.1826,0.0,1.0,,,,,,,3.0,,90.0,,,,,,,,12.0,,7.1,,,2.0,,,1.0,2.0,,,,24.0,5.0,27.0,2,2.0,39.0,1.0,1.0,1.0,2.0
2022-23,10385416,19,3,Arsenal,Home,793228,156074,Rob Holding,rob-holding,D,True,,,,,,,,,,,,,,,,,,,,,,0.0,,,,,,,,,,,,,,,,,,,,,,,,,,,,,,,,,,0,,,,,,
2022-23,10385416,19,3,Arsenal,Home,804434,223723,Takehiro Tomiyasu,takehiro-tomiyasu,D,True,,,,6.0,4.0,10.0,2.0,,2.0,,,,1.0,,,3.0,,,,0.00494232,0.0,0.0,,,,,,,,,,14.0,,,,,,,,,,6.3,,,,,,,,,,,6.0,4.0,10.0,0,,12.0,,,,
2022-23,10385416,19,3,Arsenal,Home,833943,224068,Matt Turner,matt-turner,G,True,,,,,,,,,,,,,,,,,,,,,,0.0,,,,,,,,,,,,,,,,,,,,,,,,,,,,,,,,,,0,,,,,,
2022-23,10385416,19,3,Arsenal,Home,839410,225321,Aaron Ramsdale,aaron-ramsdale,G,False,,1.0,5.0,1.0,12.0,13.0,,,6.0,,,,,,,,,,,0.00100753,0.0,0.0,,,,0.2889,,,,,,90.0,,,,,,,,7.0,,7.1,,1.0,,,1.0,,,1.0,9.0,,5.0,13.0,18.0,0,,27.0,,,,
2022-23,10385416,19,3,Arsenal,Home,846036,198869,Ben White,ben-white,D,False,,,2.0,17.0,9.0,26.0,2.0,1.0,2.0,,,,,,1.0,3.0,7.0,,,0.0150016,0.0,0.0,,,,,,,1.0,1.0,,76.0,,,,,,,,10.0,,7.2,,,,,1.0,,1.0,,3.0,,20.0,13.0,32.0,0,5.0,53.0,2.0,1.0,,3.0
2022-23,10385416,19,3,Arsenal,Home,858194,205533,Eddie Nketiah,eddie-nketiah,F,False,,,,11.0,4.0,15.0,,,4.0,,,,,,1.0,3.0,4.0,,,0.0580102,0.1012,0.0615,1.0,,,,,,,,,90.0,2.0,,,,,,,13.0,,6.7,,,,,,1.0,,,,,15.0,6.0,21.0,2,,34.0,4.0,4.0,,
2022-23,10385416,19,3,Arsenal,Home,869792,226597,Gabriel Magalhães,gabriel-magalhaes,D,False,,,4.0,26.0,39.0,65.0,3.0,2.0,5.0,,,,,,1.0,4.0,6.0,,,0.0243516,0.0898,0.0,,,,,,,1.0,,,90.0,,,,,,,,6.0,,7.3,,,2.0,,3.0,,,,7.0,,30.0,39.0,69.0,2,2.0,83.0,1.0,2.0,,1.0
2022-23,10385416,19,3,Arsenal,Home,901892,437742,Albert Sambi Lokonga,albert-sambi-lokonga,M,True,,,,,,,,,,,,,,,,,,,,,,0.0,,,,,,,,,,,,,,,,,,,,,,,,,,,,,,,,,,0,,,,,,
2022-23,10385416,19,3,Arsenal,Home,904835,438098,Fábio Vieira,fabio-vieira,M,True,,,,,,,,,,,,,,,,,,,,,,0.0,,,,,,,,,,,,,,,,,,,,,,,,,,,,,,,,,,0,,,,,,
2022-23,10385416,19,3,Arsenal,Home,922573,444145,Gabriel Martinelli,gabriel-martinelli,F,False,,,1.0,20.0,6.0,26.0,,1.0,5.0,,,2.0,,,5.0,10.0,1.0,,,0.342696,0.171,0.4784,,,,,,,,3.0,,90.0,1.0,,,,,,,20.0,,6.5,,,1.0,,,5.0,4.0,,1.0,,29.0,6.0,31.0,4,,53.0,1.0,,,
2022-23,10385416,19,3,Arsenal,Home,934235,223340,Bukayo Saka,bukayo-saka,F,False,1.0,,1.0,20.0,6.0,25.0,1.0,,4.0,,,,1.0,,2.0,7.0,2.0,,,0.0612453,0.136,0.1038,,,,,,,,3.0,,90.0,1.0,,,,,,,15.0,,6.8,,,1.0,,1.0,4.0,6.0,,1.0,1.0,29.0,6.0,29.0,2,,48.0,,1.0,1.0,
2022-23,10385416,19,3,Arsenal,Home,941168,462424,William Saliba,william-saliba,D,False,,,4.0,19.0,34.0,53.0,3.0,3.0,6.0,,,,,,,4.0,6.0,,,0.0127845,0.0,0.0,1.0,,,,,,,,,90.0,,1.0,,,,,,6.0,,7.3,,,,,4.0,,,,6.0,,22.0,37.0,59.0,0,,68.0,,3.0,,
2022-23,10385416,19,3,Arsenal,Home,998835,461025,Nathan Butler-Oyedeji,butler-oyedeji-nathan,F,True,,,,,,,,,,,,,,,,,,,,,,0.0,,,,,,,,,,,,,,,,,,,,,,,,,,,,,,,,,,0,,,,,,
2022-23,10385416,19,3,Arsenal,Home,1116954,479683,Marquinhos,marquinhos,M,True,,,,,,,,,,,,,,,,,,,,,,0.0,,,,,,,,,,,,,,,,,,,,,,,,,,,,,,,,,,0,,,,,,
2022-23,10385433,20,3,Arsenal,Away,117777,84450,Granit Xhaka,granit-xhaka,M,False,,,,25.0,20.0,45.0,1.0,,6.0,1.0,,,1.0,,,4.0,3.0,,,0.299196,0.0911,,2.0,,,,,,2.0,1.0,,90.0,,3.0,,,,,,2.0,,7.8,,,1.0,,1.0,,1.0,,,,27.0,20.0,46.0,1,1.0,59.0,,2.0,,1.0
2022-23,10385433,20,3,Arsenal,Away,287643,206325,Oleksandr Zinchenko,oleksandr-zinchenko,D,False,,,1.0,31.0,30.0,61.0,,4.0,4.0,,,,1.0,,,2.0,9.0,,,0.0272195,,,1.0,,,,,,,,,86.0,,,,,,,,11.0,,7.3,,,,,2.0,2.0,1.0,,2.0,,37.0,34.0,70.0,0,2.0,92.0,1.0,1.0,2.0,
2022-23,10385433,20,3,Arsenal,Away,316148,167199,Thomas Partey,thomas-partey,M,False,,,4.0,43.0,25.0,68.0,,1.0,8.0,,,,1.0,,,1.0,5.0,,,0.0505783,0.1269,,1.0,,,,,1.0,1.0,1.0,,90.0,,2.0,,,,,,9.0,,7.9,,,3.0,,1.0,,1.0,,5.0,,48.0,27.0,74.0,3,4.0,90.0,,,,2.0
2022-23,10385433,20,3,Arsenal,Away,366592,192895,Kieran Tierney,kieran-tierney,D,True,,,,,,,2.0,,1.0,,,,,,,3.0,1.0,,,0.000274349,,,,,,,,,,,,11.0,,,,,,,,2.0,,6.5,,,,,,1.0,,,,,1.0,,1.0,0,1.0,6.0,,,,1.0
2022-23,10385433,20,3,Arsenal,Away,547410,184029,Martin Ødegaard,martin-degaard,M,False,,,2.0,27.0,10.0,37.0,,,3.0,,,1.0,,,2.0,4.0,4.0,,,0.146869,0.1332,0.4685,2.0,,1.0,,,,,2.0,,89.0,2.0,,,,,,,11.0,,7.8,,,,,1.0,1.0,2.0,,2.0,,34.0,11.0,43.0,3,,58.0,1.0,3.0,1.0,
2022-23,10385433,20,3,Arsenal,Away,793228,156074,Rob Holding,rob-holding,D,True,,,,,,,,,,,,,,,,,,,,,,,,,,,,,,,,,,,,,,,,,,,,,,,,,,,,,,,,0,,,,,,
2022-23,10385433,20,3,Arsenal,Away,804434,223723,Takehiro Tomiyasu,takehiro-tomiyasu,D,True,,,1.0,,1.0,1.0,,,,,,,,,,,1.0,,,6.62991e-06,,,,,,,,,,,,10.0,,,,,,,,,,6.7,,,,,,,,,1.0,,,1.0,1.0,0,1.0,3.0,,,,1.0
2022-23,10385433,20,3,Arsenal,Away,833943,224068,Matt Turner,matt-turner,G,True,,,,,,,,,,,,,,,,,,,,,,,,,,,,,,,,,,,,,,,,,,,,,,,,,,,,,,,,0,,,,,,
2022-23,10385433,20,3,Arsenal,Away,839410,225321,Aaron Ramsdale,aaron-ramsdale,G,False,,1.0,4.0,2.0,4.0,6.0,,,10.0,,,,,,,,,,,0.000443003,,,,,,2.5492,2.0,,,,,90.0,,,,,,,,13.0,1.0,8.8,6.0,7.0,,,2.0,,,1.0,17.0,,15.0,4.0,19.0,0,,36.0,,,,
2022-23,10385433,20,3,Arsenal,Away,846036,198869,Ben White,ben-white,D,False,1.0,,2.0,36.0,9.0,44.0,1.0,3.0,4.0,,,,1.0,,,3.0,4.0,,,0.0524484,,,,,,,,,,,,90.0,,,,,,,,10.0,,7.2,,,,,8.0,1.0,2.0,,3.0,,41.0,10.0,49.0,0,1.0,71.0,1.0,,,1.0
2022-23,10385433,20,3,Arsenal,Away,858194,205533,Eddie Nketiah,eddie-nketiah,F,False,,,1.0,11.0,4.0,15.0,6.0,1.0,3.0,,2.0,2.0,2.0,,2.0,14.0,6.0,,,0.102151,1.3999,1.2775,3.0,,,,,,,,,89.0,3.0,,,,,,,8.0,,6.3,,,,,2.0,3.0,,,1.0,2.0,14.0,4.0,18.0,5,1.0,42.0,2.0,2.0,2.0,1.0
2022-23,10385433,20,3,Arsenal,Away,867445,209289,Emile Smith Rowe,emile-smith-rowe,M,True,,,,,,,1.0,,,,,,,,,1.0,,,,,,,,,,,,,,,,1.0,,,,,,,,,,,,,,,,,,,,,,,,0,,,,,,
2022-23,10385433,20,3,Arsenal,Away,869792,226597,Gabriel Magalhães,gabriel-magalhaes,D,False,,,,12.0,15.0,27.0,6.0,1.0,6.0,,,,,,,8.0,4.0,,,0.00617947,,,3.0,,,,,,2.0,,,90.0,,1.0,,,,,,13.0,,6.8,,,,,6.0,,,,8.0,,19.0,19.0,38.0,0,,53.0,2.0,3.0,,
2022-23,10385433,20,3,Arsenal,Away,901892,437742,Albert Sambi Lokonga,albert-sambi-lokonga,M,True,,,,,,,,,,,,,,,,,,,,,,,,,,,,,,,,,,,,,,,,,,,,,,,,,,,,,,,,0,,,,,,
2022-23,10385433,20,3,Arsenal,Away,904835,438098,Fábio Vieira,fabio-vieira,M,True,,,,,,,,,,,,,,,,,,,,,,,,,,,,,,,,1.0,,,,,,,,,,,,,,,,,,,,,,,,0,,,,,,
2022-23,10385433,20,3,Arsenal,Away,922573,444145,Gabriel Martinelli,gabriel-martinelli,F,False,,,1.0,15.0,8.0,23.0,2.0,,7.0,1.0,,1.0,,,2.0,9.0,5.0,,,0.844958,0.0659,,1.0,,,,,,,4.0,,79.0,,,,,,,,18.0,,6.8,,,,,,5.0,1.0,,2.0,,21.0,9.0,29.0,1,2.0,50.0,3.0,2.0,1.0,1.0
2022-23,10385433,20,3,Arsenal,Away,934235,223340,Bukayo Saka,bukayo-saka,F,False,1.0,,,26.0,2.0,27.0,2.0,1.0,4.0,,,,1.0,,1.0,8.0,4.0,,,0.117116,0.0325,,2.0,1.0,,,,,,2.0,,90.0,,,,,,,,18.0,,6.8,,,1.0,,1.0,3.0,3.0,,1.0,,36.0,2.0,35.0,1,,55.0,4.0,3.0,,
2022-23,10385433,20,3,Arsenal,Away,941168,462424,William Saliba,william-saliba,D,False,,,2.0,10.0,20.0,30.0,1.0,2.0,3.0,,,,,,,1.0,2.0,,,0.00341146,,,,,,,,,1.0,,,90.0,,,,,,,,3.0,,7.0,,,,,5.0,,,,2.0,,11.0,22.0,33.0,0,,39.0,,,,
2022-23,10385433,20,3,Arsenal,Away,991582,232241,Matthew Smith,matthew-smith,M,True,,,,,,,,,,,,,,,,,,,,,,,,,,,,,,,,,,,,,,,,,,,,,,,,,,,,,,,,0,,,,,,
2022-23,10385433,20,3,Arsenal,Away,1116954,479683,Marquinhos,marquinhos,M,True,,,,,,,,,,,,,,,,,,,,,,,,,,,,,,,,,,,,,,,,,,,,,,,,,,,,,,,,0,,,,,,
2022-23,10652685,21,3,Arsenal,Home,117777,84450,Granit Xhaka,granit-xhaka,M,False,1.0,,1.0,24.0,17.0,40.0,1.0,,3.0,1.0,,,1.0,,1.0,6.0,4.0,,,0.718112,0.0,0.0,1.0,1.0,,,,,,4.0,,90.0,,,,,,,,9.0,,7.3,,,,,1.0,3.0,2.0,,1.0,,29.0,18.0,45.0,0,3.0,58.0,,,1.0,1.0
2022-23,10652685,21,3,Arsenal,Home,135666,116216,Leandro Trossard,leandro-trossard,F,True,,,,4.0,,4.0,,,1.0,,,,,,,,3.0,,,0.0115878,0.0,0.0,,,,,,,,,,8.0,,,,,,,,1.0,,7.0,,,,,,2.0,1.0,,,,5.0,,4.0,0,1.0,8.0,,,2.0,
2022-23,10652685,21,3,Arsenal,Home,287643,206325,Oleksandr Zinchenko,oleksandr-zinchenko,D,False,1.0,,1.0,35.0,23.0,57.0,,2.0,6.0,,,,,,4.0,4.0,5.0,,,0.170205,0.0418,0.0,,,,,,,2.0,1.0,,90.0,,,,,,,,16.0,,6.7,,,1.0,,1.0,,3.0,,3.0,,43.0,26.0,66.0,1,2.0,86.0,1.0,1.0,,1.0
2022-23,10652685,21,3,Arsenal,Home,316148,167199,Thomas Partey,thomas-partey,M,False,,,1.0,22.0,19.0,41.0,,,8.0,,,,2.0,,1.0,4.0,6.0,,,0.0366972,0.1137,0.0,1.0,,,,,,2.0,1.0,,90.0,,,,,,,,15.0,,6.9,,,1.0,,2.0,3.0,,,3.0,,28.0,23.0,51.0,1,2.0,75.0,3.0,1.0,3.0,2.0
2022-23,10652685,21,3,Arsenal,Home,366592,192895,Kieran Tierney,kieran-tierney,D,True,,,,,,,,,,,,,,,,,,,,,,0.0,,,,,,,,,,,,,,,,,,,,,,,,,,,,,,,,,,0,,,,,,
2022-23,10652685,21,3,Arsenal,Home,547410,184029,Martin Ødegaard,martin-degaard,M,False,,,2.0,26.0,11.0,37.0,1.0,1.0,3.0,,,5.0,1.0,,2.0,7.0,4.0,,,0.0360612,0.5158,0.0,1.0,,,,,,,1.0,,89.0,,,,,,,,19.0,,6.3,,,1.0,,,2.0,1.0,,5.0,1.0,36.0,14.0,49.0,6,3.0,66.0,2.0,,,3.0
2022-23,10652685,21,3,Arsenal,Home,793228,156074,Rob Holding,rob-holding,D,True,,,,,,,,,,,,,,,,,,,,0.0,0.0,0.0,,,,,,,,,,1.0,,,,,,,,,,,,,,,,,,,,,,,,0,,,,,,
2022-23,10652685,21,3,Arsenal,Home,804434,223723,Takehiro Tomiyasu,takehiro-tomiyasu,D,True,1.0,,,19.0,10.0,28.0,2.0,,5.0,1.0,,,1.0,,,4.0,4.0,,,0.0594935,0.0,0.0,,1.0,,,,,1.0,2.0,,45.0,,,,,,,,10.0,,7.2,,,,,1.0,1.0,3.0,,,,23.0,11.0,31.0,0,4.0,47.0,2.0,,,2.0
2022-23,10652685,21,3,Arsenal,Home,833943,224068,Matt Turner,matt-turner,G,True,,,,,,,,,,,,,,,,,,,,,,0.0,,,,,,,,,,,,,,,,,,,,,,,,,,,,,,,,,,0,,,,,,
2022-23,10652685,21,3,Arsenal,Home,839410,225321,Aaron Ramsdale,aaron-ramsdale,G,False,,1.0,6.0,2.0,14.0,16.0,,,4.0,,,,,,,,,1.0,,0.00120947,0.0,0.0,,,,-1.3905,,,,,,90.0,,,,,,,,9.0,,5.9,1.0,2.0,,,,,,1.0,15.0,,7.0,18.0,25.0,0,,29.0,,,,
2022-23,10652685,21,3,Arsenal,Home,846036,198869,Ben White,ben-white,D,False,,,,4.0,9.0,13.0,,,6.0,,,,1.0,,,4.0,2.0,,,0.00463388,0.0,0.0,2.0,,,,,,,,,45.0,,,,,,,,11.0,,6.1,,,,,1.0,1.0,,,1.0,,5.0,15.0,20.0,0,2.0,33.0,3.0,,,2.0
2022-23,10652685,21,3,Arsenal,Home,858194,205533,Eddie Nketiah,eddie-nketiah,F,False,,,1.0,12.0,5.0,17.0,3.0,2.0,,,1.0,3.0,1.0,,3.0,9.0,5.0,,,0.0145063,1.8529,1.6232,2.0,,2.0,,,,,,,90.0,3.0,,,,,,,7.0,,8.0,,,,,1.0,2.0,,,1.0,,14.0,5.0,19.0,6,1.0,36.0,1.0,1.0,1.0,1.0
2022-23,10652685,21,3,Arsenal,Home,867445,209289,Emile Smith Rowe,emile-smith-rowe,M,True,,,,,,,,,,,,,,,,,,,,,,0.0,,,,,,,,,,,,,,,,,,,,,,,,,,,,,,,,,,0,,,,,,
2022-23,10652685,21,3,Arsenal,Home,869792,226597,Gabriel Magalhães,gabriel-magalhaes,D,False,,,,18.0,30.0,48.0,2.0,2.0,6.0,,,,,,,2.0,6.0,,,0.0108378,0.1034,0.0,,,,,,,1.0,,,90.0,,2.0,,,,,,9.0,,7.1,,,1.0,,2.0,,,,2.0,,24.0,33.0,57.0,1,2.0,71.0,,2.0,,2.0
2022-23,10652685,21,3,Arsenal,Home,901892,437742,Albert Sambi Lokonga,albert-sambi-lokonga,M,True,,,,,,,,,,,,,,,,,,,,,,0.0,,,,,,,,,,,,,,,,,,,,,,,,,,,,,,,,,,0,,,,,,
2022-23,10652685,21,3,Arsenal,Home,904835,438098,Fábio Vieira,fabio-vieira,M,True,,,,,,,,,,,,,,,,,,,,,,0.0,,,,,,,,,,,,,,,,,,,,,,,,,,,,,,,,,,0,,,,,,
2022-23,10652685,21,3,Arsenal,Home,922573,444145,Gabriel Martinelli,gabriel-martinelli,F,False,1.0,,1.0,23.0,5.0,27.0,4.0,1.0,3.0,,,2.0,,,,5.0,2.0,,,0.169017,0.3519,0.0,,,,,,,,4.0,,82.0,,,,,,,,22.0,,7.2,,,3.0,,,2.0,7.0,,1.0,,39.0,7.0,39.0,5,,59.0,2.0,,1.0,
2022-23,10652685,21,3,Arsenal,Home,934235,223340,Bukayo Saka,bukayo-saka,F,False,1.0,,4.0,30.0,8.0,37.0,2.0,,4.0,,,3.0,,,2.0,4.0,8.0,,,0.523363,0.2698,1.0347,,,1.0,,,1.0,,4.0,,90.0,2.0,,,,,,,16.0,,8.1,,,,,,3.0,5.0,,4.0,,42.0,10.0,47.0,5,1.0,73.0,,4.0,3.0,
2022-23,10652685,21,3,Arsenal,Home,941168,462424,William Saliba,william-saliba,D,False,,,2.0,20.0,38.0,58.0,1.0,3.0,17.0,,,,,,,2.0,3.0,,,0.00963702,0.0,0.0,1.0,,,,,,3.0,,,90.0,,,,,,,,9.0,,6.6,,,,,1.0,,,,4.0,,25.0,42.0,67.0,0,,71.0,,,,
2022-23,10652685,21,3,Arsenal,Home,1116954,479683,Marquinhos,marquinhos,M,True,,,,,,,,,,,,,,,,,,,,,,0.0,,,,,,,,,,,,,,,,,,,,,,,,,,,,,,,,,,0,,,,,,
2022-23,10385450,22,3,Arsenal,Away,117777,84450,Granit Xhaka,granit-xhaka,M,False,,,2.0,21.0,32.0,53.0,2.0,2.0,5.0,,,1.0,,,1.0,3.0,3.0,,,0.0755229,0.1271,0.0,1.0,,,,,,,2.0,,90.0,,,,,,,,16.0,,6.8,,,1.0,,,,4.0,,3.0,,29.0,37.0,62.0,2,,75.0,2.0,1.0,,
2022-23,10385450,22,3,Arsenal,Away,132874,85955,Jorginho,jorginho,M,True,,,1.0,9.0,15.0,24.0,1.0,1.0,3.0,,,1.0,,,,1.0,4.0,,,0.00756159,0.0401,0.0,,,,,,,,,,31.0,,,,,,,,6.0,,6.7,,,,,,1.0,,,2.0,,13.0,17.0,30.0,1,1.0,34.0,,1.0,1.0,1.0
2022-23,10385450,22,3,Arsenal,Away,135666,116216,Leandro Trossard,leandro-trossard,F,True,,,,6.0,,6.0,,,1.0,,,,1.0,,1.0,4.0,2.0,,,0.0209086,0.0956,0.0321,1.0,,,,,,,,,31.0,1.0,,,,,,,8.0,,6.7,,,1.0,,,1.0,4.0,,,,12.0,,8.0,2,2.0,20.0,,,,2.0
2022-23,10385450,22,3,Arsenal,Away,287643,206325,Oleksandr Zinchenko,oleksandr-zinchenko,D,False,1.0,,8.0,48.0,33.0,80.0,,1.0,8.0,,,,1.0,,1.0,2.0,2.0,,,0.0564137,0.0814,0.0,,,,,,,,1.0,,90.0,,,,,,,,21.0,,6.8,,,2.0,,2.0,,1.0,,13.0,,58.0,41.0,98.0,2,,121.0,2.0,1.0,,
2022-23,10385450,22,3,Arsenal,Away,316148,167199,Thomas Partey,thomas-partey,M,False,,,11.0,40.0,24.0,64.0,1.0,,3.0,,,,1.0,,1.0,5.0,5.0,,,0.0338652,0.0448,0.1075,2.0,,,,,,,,,59.0,1.0,,,,,,,7.0,,7.3,,,,,1.0,2.0,,,13.0,,46.0,24.0,70.0,1,3.0,79.0,,,2.0,
2022-23,10385450,22,3,Arsenal,Away,366592,192895,Kieran Tierney,kieran-tierney,D,True,,,,,,,,,,,,,,,,,,,,,,0.0,,,,,,,,,,,,,,,,,,,,,,,,,,,,,,,,,,0,,,,,,
2022-23,10385450,22,3,Arsenal,Away,547410,184029,Martin Ødegaard,martin-degaard,M,False,,,,16.0,12.0,28.0,1.0,,6.0,,,,1.0,,,4.0,2.0,,,0.150523,0.1046,0.0,,,,,,,1.0,2.0,,77.0,,,,,,,,6.0,,6.8,,,1.0,,,3.0,,,,,19.0,12.0,31.0,1,,38.0,1.0,1.0,1.0,
2022-23,10385450,22,3,Arsenal,Away,793228,156074,Rob Holding,rob-holding,D,True,,,,,,,,,,,,,,,,,,,,,,0.0,,,,,,,,,,,,,,,,,,,,,,,,,,,,,,,,,,0,,,,,,
2022-23,10385450,22,3,Arsenal,Away,804434,223723,Takehiro Tomiyasu,takehiro-tomiyasu,D,True,,,,3.0,1.0,4.0,,,1.0,,,,,,,1.0,2.0,,,0.00234924,0.0,0.0,1.0,,,,,,,,,13.0,,,,,,,,,,6.8,,,,,,,,,,,3.0,1.0,4.0,0,2.0,7.0,,,,2.0
2022-23,10385450,22,3,Arsenal,Away,833943,224068,Matt Turner,matt-turner,G,True,,,,,,,,,,,,,,,,,,,,,,0.0,,,,,,,,,,,,,,,,,,,,,,,,,,,,,,,,,,0,,,,,,
2022-23,10385450,22,3,Arsenal,Away,839410,225321,Aaron Ramsdale,aaron-ramsdale,G,False,,,3.0,2.0,13.0,15.0,,,11.0,,,,,,,,,,1.0,0.0006392,0.0,0.0,,,,0.1307,2.0,,,,,90.0,,,,,,,,10.0,,6.5,1.0,3.0,,,1.0,,,,11.0,,9.0,14.0,23.0,0,,38.0,,,,
2022-23,10385450,22,3,Arsenal,Away,846036,198869,Ben White,ben-white,D,False,,,4.0,36.0,19.0,55.0,3.0,,2.0,,,,1.0,,,4.0,2.0,,,0.0403234,0.0,0.0,,,,,,,,,,85.0,,,,,,,,12.0,,6.5,,,,,1.0,,1.0,,7.0,,41.0,25.0,65.0,0,1.0,78.0,,1.0,,1.0
2022-23,10385450,22,3,Arsenal,Away,858194,205533,Eddie Nketiah,eddie-nketiah,F,False,,,,4.0,4.0,8.0,1.0,,,,,1.0,,,1.0,4.0,5.0,,,0.0795619,0.2486,0.0,2.0,,,,,,,1.0,,90.0,,,,,,,,6.0,,6.9,,,1.0,,,2.0,,,,,4.0,6.0,10.0,2,2.0,22.0,3.0,1.0,2.0,2.0
2022-23,10385450,22,3,Arsenal,Away,869792,226597,Gabriel Magalhães,gabriel-magalhaes,D,False,,,,30.0,47.0,77.0,6.0,4.0,7.0,,,,,,,7.0,6.0,,,0.00875785,0.0,0.0,1.0,,,,,,,,,90.0,,1.0,,,,,,3.0,,6.9,,,,,3.0,,,,,,31.0,49.0,80.0,0,1.0,91.0,,1.0,,1.0
2022-23,10385450,22,3,Arsenal,Away,904835,438098,Fábio Vieira,fabio-vieira,M,True,,,,2.0,4.0,6.0,,,1.0,,,,,,1.0,1.0,,,,0.00273162,0.0,0.0,,,,,,,,,,13.0,,,,,,,,2.0,,6.4,,,,,,,,,,,3.0,4.0,7.0,0,,8.0,,,,
2022-23,10385450,22,3,Arsenal,Away,922573,444145,Gabriel Martinelli,gabriel-martinelli,F,False,1.0,,,23.0,4.0,26.0,,,3.0,,,,1.0,,1.0,4.0,2.0,,,0.054605,0.0,0.0,,,,,,,,2.0,,59.0,,,,,,,,14.0,,6.5,,,,,,3.0,2.0,,2.0,,28.0,6.0,32.0,0,,45.0,4.0,1.0,1.0,
2022-23,10385450,22,3,Arsenal,Away,934235,223340,Bukayo Saka,bukayo-saka,F,False,,,2.0,32.0,6.0,38.0,,,4.0,,,2.0,,,1.0,5.0,9.0,,,0.0837657,0.1731,0.0,,,,,,,1.0,4.0,,90.0,1.0,,,,,,,20.0,,7.5,,,1.0,,1.0,9.0,4.0,,2.0,,40.0,7.0,43.0,4,1.0,81.0,5.0,3.0,5.0,1.0
2022-23,10385450,22,3,Arsenal,Away,941168,462424,William Saliba,william-saliba,D,False,,,2.0,14.0,55.0,69.0,2.0,4.0,8.0,,,,1.0,,1.0,4.0,6.0,,,0.00436923,0.0,0.0,,,,,,,,1.0,,90.0,,2.0,,,,,,9.0,,7.0,,,,,3.0,,,,3.0,,16.0,60.0,76.0,0,1.0,86.0,1.0,1.0,,1.0
2022-23,10385450,22,3,Arsenal,Away,976037,440854,Jakub Kiwior,jakub-kiwior,D,True,,,,,,,,,,,,,,,,,,,,,,0.0,,,,,,,,,,,,,,,,,,,,,,,,,,,,,,,,,,0,,,,,,
2022-23,10385450,22,3,Arsenal,Away,1138842,519324,Amario Cozier-Duberry,amario-cozier-duberry,M,True,,,,,,,,,,,,,,,,,,,,,,0.0,,,,,,,,,,,,,,,,,,,,,,,,,,,,,,,,,,0,,,,,,
2022-23,10385451,23,3,Arsenal,Home,117777,84450,Granit Xhaka,granit-xhaka,M,False,,,2.0,25.0,12.0,37.0,3.0,2.0,5.0,,,1.0,,,,4.0,4.0,,,0.0871671,0.0287,0.0,1.0,,,,,,,3.0,,81.0,,1.0,,,,,,8.0,,7.0,,,,,3.0,,2.0,,2.0,,31.0,13.0,42.0,1,,58.0,1.0,2.0,,
2022-23,10385451,23,3,Arsenal,Home,132874,85955,Jorginho,jorginho,M,True,,,,,,,,,,,,,,,,,,,,,,0.0,,,,,,,,,,,,,,,,,,,,,,,,,,,,,,,,,,0,,,,,,
2022-23,10385451,23,3,Arsenal,Home,135666,116216,Leandro Trossard,leandro-trossard,F,True,,,,19.0,,19.0,,,,,,,,,,2.0,2.0,,,0.100709,0.6788,0.6466,1.0,,1.0,,,,,1.0,,28.0,1.0,,,,,,,4.0,,7.5,,,1.0,,,3.0,2.0,,,,22.0,,20.0,2,,27.0,,,2.0,
2022-23,10385451,23,3,Arsenal,Home,287643,206325,Oleksandr Zinchenko,oleksandr-zinchenko,D,False,,,2.0,54.0,22.0,76.0,1.0,2.0,8.0,,,1.0,,,1.0,2.0,8.0,,,0.172332,0.1473,0.1101,,,,,,,,2.0,,90.0,1.0,,,,,,,16.0,,7.7,,,3.0,,,2.0,4.0,,2.0,,66.0,23.0,85.0,5,2.0,110.0,1.0,2.0,2.0,1.0
2022-23,10385451,23,3,Arsenal,Home,316148,167199,Thomas Partey,thomas-partey,M,False,1.0,,3.0,62.0,17.0,78.0,4.0,,10.0,,,,2.0,,,6.0,8.0,,,0.302737,0.0373,0.0,,,,,,,1.0,5.0,,90.0,,,,,,,,12.0,,8.0,,,1.0,,1.0,4.0,1.0,,4.0,,66.0,22.0,87.0,1,3.0,105.0,2.0,1.0,4.0,2.0
2022-23,10385451,23,3,Arsenal,Home,366592,192895,Kieran Tierney,kieran-tierney,D,True,,,,,,,,,,,,,,,,,,,,,,0.0,,,,,,,,,,,,,,,,,,,,,,,,,,,,,,,,,,0,,,,,,
2022-23,10385451,23,3,Arsenal,Home,547410,184029,Martin Ødegaard,martin-degaard,M,False,2.0,,2.0,38.0,8.0,44.0,,1.0,5.0,,,1.0,2.0,,2.0,6.0,3.0,,,0.180786,0.1183,0.0627,1.0,,,,,,,2.0,,90.0,1.0,1.0,,,,,,16.0,,7.3,,,,,1.0,3.0,7.0,,3.0,,50.0,8.0,51.0,2,,69.0,1.0,,2.0,
2022-23,10385451,23,3,Arsenal,Home,793228,156074,Rob Holding,rob-holding,D,True,,,,,,,,,,,,,,,,,,,,,,0.0,,,,,,,,,,,,,,,,,,,,,,,,,,,,,,,,,,0,,,,,,
2022-23,10385451,23,3,Arsenal,Home,804434,223723,Takehiro Tomiyasu,takehiro-tomiyasu,D,True,,,,,,,,,,,,,,,,,,,,,,0.0,,,,,,,,,,,,,,,,,,,,,,,,,,,,,,,,,,0,,,,,,
2022-23,10385451,23,3,Arsenal,Home,833943,224068,Matt Turner,matt-turner,G,True,,,,,,,,,,,,,,,,,,,,,,0.0,,,,,,,,,,,,,,,,,,,,,,,,,,,,,,,,,,0,,,,,,
2022-23,10385451,23,3,Arsenal,Home,839410,225321,Aaron Ramsdale,aaron-ramsdale,G,False,,,1.0,1.0,15.0,16.0,,,8.0,,,,,,,,,,,0.00028427,0.0,0.0,,,,-0.0124,,,,,,90.0,,,,,,,,10.0,,6.4,,1.0,,,,,,,11.0,,10.0,16.0,26.0,0,,32.0,,,,
2022-23,10385451,23,3,Arsenal,Home,846036,198869,Ben White,ben-white,D,False,2.0,,1.0,47.0,9.0,54.0,1.0,3.0,2.0,,,,,,,2.0,4.0,,,0.127056,0.0,0.0,1.0,,,,,,,2.0,,90.0,,,,,,,,19.0,,7.0,,,,,2.0,,9.0,,2.0,,60.0,12.0,63.0,0,1.0,85.0,2.0,,,1.0
2022-23,10385451,23,3,Arsenal,Home,858194,205533,Eddie Nketiah,eddie-nketiah,F,False,1.0,,,16.0,8.0,23.0,2.0,,2.0,,,,1.0,,2.0,8.0,2.0,,,0.102401,0.0321,0.0,2.0,,,,,,,1.0,,90.0,,1.0,,,,,,11.0,,6.6,,,1.0,,,2.0,4.0,,,1.0,23.0,9.0,28.0,1,,42.0,,1.0,1.0,
2022-23,10385451,23,3,Arsenal,Home,869792,226597,Gabriel Magalhães,gabriel-magalhaes,D,False,,,1.0,26.0,13.0,39.0,3.0,3.0,4.0,,,,,,,3.0,7.0,,,0.0351208,0.0393,0.1469,,,,,,,1.0,,,90.0,1.0,,,,,,,9.0,,7.2,,,,,3.0,,,,4.0,,32.0,15.0,47.0,1,3.0,62.0,1.0,1.0,,1.0
2022-23,10385451,23,3,Arsenal,Home,904835,438098,Fábio Vieira,fabio-vieira,M,True,,,,7.0,1.0,8.0,,,,,,,,,,,,,,0.00776912,0.0,0.0,,,,,,,,,,9.0,,,,,,,,1.0,,6.5,,,,,,,1.0,,,,8.0,1.0,8.0,0,,10.0,,,,
2022-23,10385451,23,3,Arsenal,Home,922573,444145,Gabriel Martinelli,gabriel-martinelli,F,False,,,1.0,28.0,5.0,33.0,6.0,,1.0,,,,,,1.0,8.0,,,,0.0869609,0.1815,0.0502,,,,,,,,,,62.0,1.0,,,,,,,10.0,,6.7,,,2.0,,,1.0,1.0,,1.0,,33.0,8.0,40.0,3,,48.0,,,,
2022-23,10385451,23,3,Arsenal,Home,934235,223340,Bukayo Saka,bukayo-saka,F,False,1.0,,1.0,35.0,2.0,36.0,2.0,1.0,3.0,1.0,,3.0,,,1.0,4.0,5.0,,,0.343297,0.2904,0.1691,1.0,1.0,,,,,,2.0,,90.0,2.0,,,,,,,11.0,,7.9,,,2.0,,1.0,2.0,5.0,,3.0,,43.0,3.0,41.0,7,1.0,62.0,1.0,1.0,2.0,1.0
2022-23,10385451,23,3,Arsenal,Home,941168,462424,William Saliba,william-saliba,D,False,,,,23.0,24.0,47.0,10.0,1.0,3.0,,,,,,1.0,13.0,2.0,,,0.0215817,0.0,0.0,2.0,,,,,,2.0,,,90.0,,,,,,,,6.0,,6.4,,,,,5.0,,,,,,25.0,27.0,52.0,0,,64.0,,1.0,,
2022-23,10385451,23,3,Arsenal,Home,976037,440854,Jakub Kiwior,jakub-kiwior,D,True,,,,,,,,,,,,,,,,,,,,,,0.0,,,,,,,,,,,,,,,,,,,,,,,,,,,,,,,,,,0,,,,,,
2022-23,10385451,23,3,Arsenal,Home,1138842,519324,Amario Cozier-Duberry,amario-cozier-duberry,M,True,,,,,,,,,,,,,,,,,,,,,,0.0,,,,,,,,,,,,,,,,,,,,,,,,,,,,,,,,,,0,,,,,,
2022-23,10385462,24,3,Arsenal,Away,117777,84450,Granit Xhaka,granit-xhaka,M,False,,,2.0,20.0,13.0,33.0,,3.0,1.0,,,1.0,2.0,,1.0,5.0,5.0,,,0.022144,0.0614,0.0,1.0,,,,,,,,,79.0,,1.0,,,,,,10.0,,6.2,,,,,,1.0,3.0,,2.0,,28.0,13.0,38.0,1,,51.0,,2.0,,
2022-23,10385462,24,3,Arsenal,Away,132874,85955,Jorginho,jorginho,M,False,,,4.0,49.0,22.0,71.0,,1.0,3.0,,,,2.0,,3.0,7.0,5.0,,,0.0963826,0.0611,0.0,2.0,,,,,1.0,,2.0,,90.0,,,,,,,,14.0,,7.0,,,1.0,,,1.0,,,5.0,,55.0,25.0,80.0,1,3.0,91.0,,1.0,,1.0
2022-23,10385462,24,3,Arsenal,Away,135666,116216,Leandro Trossard,leandro-trossard,F,False,2.0,,3.0,22.0,2.0,22.0,,,2.0,,,,,,2.0,2.0,2.0,,,0.109634,0.0,0.0,,,,,,,,1.0,,68.0,,,,,,,,10.0,,7.0,,,,,,1.0,5.0,,3.0,,29.0,2.0,26.0,0,1.0,40.0,1.0,,1.0,
2022-23,10385462,24,3,Arsenal,Away,287643,206325,Oleksandr Zinchenko,oleksandr-zinchenko,D,False,,,5.0,35.0,29.0,64.0,2.0,2.0,6.0,,,1.0,,,,4.0,4.0,,,0.0444426,0.0854,0.3741,,,1.0,,,,,,,89.0,2.0,,,,,,,16.0,,7.3,,,,,1.0,2.0,2.0,,7.0,,46.0,31.0,75.0,3,2.0,100.0,,,,1.0
2022-23,10385462,24,3,Arsenal,Away,366592,192895,Kieran Tierney,kieran-tierney,D,True,,,,,,,,,,,,,,,,,1.0,,,0.0,0.0,0.0,,,,,,,,,,1.0,,,,,,,,,,,,,,,,,,,,,,,,0,1.0,1.0,,,,1.0
2022-23,10385462,24,3,Arsenal,Away,547410,184029,Martin Ødegaard,martin-degaard,M,False,2.0,,2.0,43.0,11.0,52.0,1.0,,5.0,2.0,1.0,,1.0,,1.0,3.0,4.0,,,0.598619,0.3423,0.0,,1.0,,,,,,7.0,,89.0,,,,,,,,12.0,,8.0,,,1.0,,,3.0,5.0,,2.0,,51.0,11.0,57.0,1,1.0,73.0,2.0,,3.0,
2022-23,10385462,24,3,Arsenal,Away,793228,156074,Rob Holding,rob-holding,D,True,,,,,,,1.0,,,,,,,,,1.0,,,,0.0,0.0,0.0,,,,,,,,,,1.0,,,,,,,,,,,,,,,,,,,,,,,,0,,,,,,
2022-23,10385462,24,3,Arsenal,Away,804434,223723,Takehiro Tomiyasu,takehiro-tomiyasu,D,True,,,,9.0,3.0,12.0,1.0,1.0,,,,,,,,1.0,1.0,,,0.00362726,0.0,0.0,,,,,,,,,,11.0,,,,,,,,4.0,,6.5,,,,,,,1.0,,1.0,,12.0,4.0,15.0,0,,16.0,,,,
2022-23,10385462,24,3,Arsenal,Away,826139,200641,Reiss Nelson,reiss-nelson,M,True,,,,,,,,,,,,,,,,,,,,,,0.0,,,,,,,,,,,,,,,,,,,,,,,,,,,,,,,,,,0,,,,,,
2022-23,10385462,24,3,Arsenal,Away,833943,224068,Matt Turner,matt-turner,G,True,,,,,,,,,,,,,,,,,,,,,,0.0,,,,,,,,,,,,,,,,,,,,,,,,,,,,,,,,,,0,,,,,,
2022-23,10385462,24,3,Arsenal,Away,839410,225321,Aaron Ramsdale,aaron-ramsdale,G,False,,,1.0,1.0,13.0,14.0,,,6.0,,,,,,,,,,,0.0002308,0.0,0.0,,,,-1.1513,,,,,,90.0,,,,,,,,5.0,,6.5,2.0,3.0,,,,,,,5.0,,4.0,15.0,19.0,0,,26.0,,,,
2022-23,10385462,24,3,Arsenal,Away,846036,198869,Ben White,ben-white,D,False,1.0,,2.0,24.0,21.0,44.0,,,3.0,1.0,,,,,,3.0,2.0,,,0.275048,0.0,0.0,,,,,,,,1.0,,79.0,,,,,,,,23.0,,6.4,,,,,,3.0,3.0,,6.0,1.0,36.0,23.0,56.0,0,2.0,85.0,1.0,,,1.0
2022-23,10385462,24,3,Arsenal,Away,858194,205533,Eddie Nketiah,eddie-nketiah,F,False,,,,6.0,5.0,11.0,3.0,3.0,5.0,1.0,2.0,3.0,1.0,,,4.0,9.0,,,0.224105,1.1461,0.0,1.0,,,,,1.0,,1.0,,90.0,,,,,,,,5.0,,6.8,,,2.0,,,1.0,,,,,9.0,5.0,14.0,5,1.0,29.0,2.0,4.0,1.0,1.0
2022-23,10385462,24,3,Arsenal,Away,867445,209289,Emile Smith Rowe,emile-smith-rowe,M,True,,,,,,,,,,,,,,,,,,,,,,0.0,,,,,,,,,,,,,,,,,,,,,,,,,,,,,,,,,,0,,,,,,
2022-23,10385462,24,3,Arsenal,Away,869792,226597,Gabriel Magalhães,gabriel-magalhaes,D,False,,,3.0,22.0,36.0,58.0,1.0,1.0,2.0,,1.0,,1.0,,,2.0,3.0,,,0.0184026,0.296,0.0,,,,,,,,,1.0,90.0,,,,,,,,4.0,,6.5,,,2.0,,1.0,,,,5.0,,26.0,36.0,62.0,2,1.0,67.0,,1.0,,1.0
2022-23,10385462,24,3,Arsenal,Away,904835,438098,Fábio Vieira,fabio-vieira,M,True,,,1.0,6.0,,6.0,,,1.0,1.0,,,,,,,,,,0.170859,0.0,0.0,,1.0,,,,,,1.0,,11.0,,,,,,,,1.0,,7.4,,,,,,,,,1.0,,6.0,1.0,7.0,0,,7.0,,,,
2022-23,10385462,24,3,Arsenal,Away,922573,444145,Gabriel Martinelli,gabriel-martinelli,F,True,,,,5.0,1.0,6.0,,,1.0,,,,3.0,,1.0,5.0,1.0,,,0.0168092,0.9751,0.6813,,,1.0,,,,,1.0,,22.0,1.0,,,,,,,6.0,,7.1,,,,,,2.0,1.0,,,,8.0,1.0,8.0,1,,14.0,1.0,,1.0,
2022-23,10385462,24,3,Arsenal,Away,934235,223340,Bukayo Saka,bukayo-saka,F,False,1.0,,1.0,20.0,7.0,26.0,1.0,,3.0,,,2.0,1.0,,3.0,11.0,11.0,,,0.316341,0.3168,0.3392,,,1.0,,,,,,,90.0,2.0,,,,,,,34.0,,7.3,,,2.0,,,10.0,10.0,,3.0,1.0,40.0,9.0,39.0,6,4.0,85.0,3.0,3.0,4.0,2.0
2022-23,10385462,24,3,Arsenal,Away,941168,462424,William Saliba,william-saliba,D,False,,,1.0,23.0,47.0,70.0,2.0,2.0,8.0,,,,,,,2.0,5.0,,,0.0131729,0.0,0.0,,,,,,,,,,90.0,,,,,,,,6.0,,6.8,,,,,4.0,,,,1.0,,24.0,51.0,75.0,0,2.0,84.0,1.0,1.0,,2.0
2022-23,10385462,24,3,Arsenal,Away,976037,440854,Jakub Kiwior,jakub-kiwior,D,True,,,,,,,,,,,,,,,,,,,,,,0.0,,,,,,,,,,,,,,,,,,,,,,,,,,,,,,,,,,0,,,,,,
2022-23,10385480,25,3,Arsenal,Away,117777,84450,Granit Xhaka,granit-xhaka,M,False,,,2.0,39.0,19.0,58.0,1.0,1.0,4.0,,,,3.0,,,4.0,6.0,,,0.0773938,0.0,0.0,,,,,,,,1.0,,90.0,,,,,,,,13.0,,6.8,,,,,,,1.0,,3.0,,45.0,23.0,67.0,0,1.0,78.0,3.0,4.0,,1.0
2022-23,10385480,25,3,Arsenal,Away,132874,85955,Jorginho,jorginho,M,False,,,7.0,40.0,28.0,68.0,3.0,3.0,10.0,,,,4.0,,1.0,8.0,7.0,,,0.159952,0.0,0.0,,,,,,,1.0,,,90.0,,,,,,,,22.0,,7.0,,,,,,,1.0,,7.0,,57.0,30.0,86.0,0,3.0,95.0,2.0,1.0,,2.0
2022-23,10385480,25,3,Arsenal,Away,135666,116216,Leandro Trossard,leandro-trossard,F,False,1.0,,2.0,16.0,5.0,20.0,1.0,,5.0,1.0,,2.0,1.0,,2.0,5.0,7.0,,,0.0876181,0.1462,0.0,1.0,1.0,,,,,1.0,1.0,,70.0,,,,,,,,8.0,,7.5,,,,,,2.0,2.0,,2.0,,20.0,7.0,25.0,2,1.0,39.0,,4.0,2.0,1.0
2022-23,10385480,25,3,Arsenal,Away,287643,206325,Oleksandr Zinchenko,oleksandr-zinchenko,D,False,,,4.0,43.0,18.0,61.0,1.0,4.0,4.0,,,,,,,1.0,5.0,,,0.0941266,0.0551,0.4083,,,,,,,2.0,1.0,,89.0,1.0,,,,,,,11.0,,7.4,,,,,1.0,1.0,1.0,,6.0,1.0,49.0,22.0,70.0,1,,80.0,,,1.0,
2022-23,10385480,25,3,Arsenal,Away,316148,167199,Thomas Partey,thomas-partey,M,True,,,,1.0,2.0,3.0,,,3.0,,,,,,,1.0,,,,0.00037357,0.0,0.0,,,,,,,,,,12.0,,,,,,,,5.0,,6.3,,,,,,1.0,1.0,,1.0,,5.0,2.0,6.0,0,,8.0,,,,
2022-23,10385480,25,3,Arsenal,Away,366592,192895,Kieran Tierney,kieran-tierney,D,True,,,,,,,,,,,,,,,,,,,,,,0.0,,,,,,,,,,,,,,,,,,,,,,,,,,,,,,,,,,0,,,,,,
2022-23,10385480,25,3,Arsenal,Away,547410,184029,Martin Ødegaard,martin-degaard,M,False,,,2.0,28.0,7.0,35.0,1.0,,6.0,,,2.0,2.0,,3.0,7.0,3.0,,,0.0970633,0.1466,0.0,1.0,,,,,,,3.0,,84.0,,,,,,,,15.0,,6.8,,,1.0,,,2.0,2.0,,2.0,,34.0,8.0,40.0,3,,58.0,3.0,1.0,2.0,
2022-23,10385480,25,3,Arsenal,Away,793228,156074,Rob Holding,rob-holding,D,True,,,,,,,,,,,,,,,,,,,,,,0.0,,,,,,,,,,,,,,,,,,,,,,,,,,,,,,,,,,0,,,,,,
2022-23,10385480,25,3,Arsenal,Away,804434,223723,Takehiro Tomiyasu,takehiro-tomiyasu,D,True,,,,,,,,,,,,,,,,,,,,0.0,0.0,0.0,,,,,,,,,,1.0,,,,,,,,,,,,,,,,,,,,,,,,0,,,,,,
2022-23,10385480,25,3,Arsenal,Away,833943,224068,Matt Turner,matt-turner,G,True,,,,,,,,,,,,,,,,,,,,,,0.0,,,,,,,,,,,,,,,,,,,,,,,,,,,,,,,,,,0,,,,,,
2022-23,10385480,25,3,Arsenal,Away,839410,225321,Aaron Ramsdale,aaron-ramsdale,G,False,,,3.0,2.0,16.0,18.0,,,7.0,,,,,,,,,,,0.00024526,0.0,0.0,,,,,,,,,,90.0,,,,,,,,5.0,,6.9,,,,,,,,,8.0,,6.0,17.0,23.0,0,,28.0,,,,
2022-23,10385480,25,3,Arsenal,Away,846036,198869,Ben White,ben-white,D,False,,,3.0,37.0,22.0,59.0,4.0,1.0,6.0,,,,,,,5.0,3.0,,,0.0449202,0.0,0.0,1.0,,,,,,,,,90.0,,,,,,,,13.0,,7.2,,,,,5.0,,1.0,,6.0,,46.0,23.0,68.0,0,2.0,91.0,,,,1.0
2022-23,10385480,25,3,Arsenal,Away,858194,205533,Eddie Nketiah,eddie-nketiah,F,True,,,,1.0,1.0,2.0,1.0,,1.0,,,,,,1.0,3.0,2.0,,,0.00153647,0.0,0.0,1.0,,,,,,,,,20.0,,,,,,,,6.0,,6.6,,,,,,2.0,,,,1.0,4.0,1.0,5.0,0,,13.0,2.0,,2.0,
2022-23,10385480,25,3,Arsenal,Away,867445,209289,Emile Smith Rowe,emile-smith-rowe,M,True,,,,,,,,,,,,,,,,,,,,,,0.0,,,,,,,,,,,,,,,,,,,,,,,,,,,,,,,,,,0,,,,,,
2022-23,10385480,25,3,Arsenal,Away,869792,226597,Gabriel Magalhães,gabriel-magalhaes,D,False,,,7.0,18.0,30.0,48.0,,2.0,6.0,,,,,,,,4.0,,,0.00944708,0.0,0.0,,,,,,,1.0,,,90.0,,,,,,,,12.0,,7.4,,,,,5.0,,1.0,,12.0,1.0,27.0,32.0,58.0,0,2.0,71.0,,,,
2022-23,10385480,25,3,Arsenal,Away,904835,438098,Fábio Vieira,fabio-vieira,M,True,,,,,,,,,,,,,,,,,,,,,,0.0,,,,,,,,,,,,,,,,,,,,,,,,,,,,,,,,,,0,,,,,,
2022-23,10385480,25,3,Arsenal,Away,922573,444145,Gabriel Martinelli,gabriel-martinelli,F,False,,,,30.0,7.0,37.0,1.0,,1.0,,,,1.0,,,4.0,,,,0.0916207,0.2081,0.8406,2.0,,1.0,,,,,,,90.0,1.0,,,,,,,10.0,,7.2,,,1.0,,,,2.0,,1.0,1.0,34.0,9.0,41.0,2,,53.0,4.0,,,
2022-23,10385480,25,3,Arsenal,Away,934235,223340,Bukayo Saka,bukayo-saka,F,False,,,,24.0,3.0,27.0,2.0,1.0,5.0,,,1.0,1.0,,2.0,10.0,8.0,,,0.0531869,0.1086,0.0,3.0,,,,,,1.0,2.0,,90.0,,,,,,,,20.0,,6.9,,,1.0,,,5.0,3.0,,1.0,,37.0,4.0,38.0,2,2.0,65.0,1.0,2.0,3.0,1.0
2022-23,10385480,25,3,Arsenal,Away,941168,462424,William Saliba,william-saliba,D,False,,,5.0,24.0,45.0,69.0,1.0,6.0,4.0,,,,,,,1.0,7.0,,,0.00712041,0.0,0.0,,,,,,,,,,90.0,,,,,,,,17.0,,7.0,,,,,,,,,9.0,,36.0,50.0,86.0,0,,87.0,,1.0,,
2022-23,10385480,25,3,Arsenal,Away,976037,440854,Jakub Kiwior,jakub-kiwior,D,True,,,,,,,,,,,,,,,,,,,,,,0.0,,,,,,,,,,,,,,,,,,,,,,,,,,,,,,,,,,0,,,,,,
2022-23,10385490,26,3,Arsenal,Home,117777,84450,Granit Xhaka,granit-xhaka,M,True,,,,2.0,2.0,4.0,,2.0,,,,,,,,,2.0,,,0.00649803,0.0,0.0,,,,,,,,,,15.0,,,,,,,,3.0,,6.6,,,,,,,,,,,4.0,3.0,7.0,0,,7.0,,,,
2022-23,10385490,26,3,Arsenal,Home,132874,85955,Jorginho,jorginho,M,True,,,,,,,,,,,,,,,,,,,,,,0.0,,,,,,,,,,,,,,,,,,,,,,,,,,,,,,,,,,0,,,,,,
2022-23,10385490,26,3,Arsenal,Home,135666,116216,Leandro Trossard,leandro-trossard,F,False,,,,8.0,3.0,11.0,,,1.0,,,,,,,,2.0,,,0.0263238,0.0,0.0,,,,,,,,,,22.0,,,,,,,,4.0,,6.8,,,,,,1.0,3.0,,,,12.0,3.0,12.0,0,,17.0,,1.0,1.0,
2022-23,10385490,26,3,Arsenal,Home,287643,206325,Oleksandr Zinchenko,oleksandr-zinchenko,D,False,,,,75.0,10.0,85.0,1.0,5.0,3.0,,,1.0,,,,1.0,11.0,,,0.261298,0.1022,0.0,,,,,,,,4.0,,90.0,,,,,,,,16.0,,7.6,,,2.0,,,2.0,6.0,,,,88.0,12.0,94.0,3,4.0,118.0,1.0,,2.0,3.0
2022-23,10385490,26,3,Arsenal,Home,316148,167199,Thomas Partey,thomas-partey,M,False,,,7.0,59.0,17.0,76.0,2.0,2.0,13.0,,,,,,4.0,10.0,7.0,,,0.113654,0.2763,0.0913,4.0,,1.0,,,,,1.0,,90.0,1.0,,,,,,,20.0,,7.4,,,,,2.0,1.0,,,7.0,,71.0,19.0,90.0,1,3.0,108.0,2.0,1.0,1.0,2.0
2022-23,10385490,26,3,Arsenal,Home,366592,192895,Kieran Tierney,kieran-tierney,D,True,,,,,,,,,,,,,,,,,,,,,,0.0,,,,,,,,,,,,,,,,,,,,,,,,,,,,,,,,,,0,,,,,,
2022-23,10385490,26,3,Arsenal,Home,547410,184029,Martin Ødegaard,martin-degaard,M,False,3.0,,1.0,60.0,4.0,61.0,,,7.0,,,5.0,1.0,,1.0,2.0,6.0,,,0.380592,0.5644,0.5156,,,,,,,1.0,3.0,,90.0,3.0,,,,,,,22.0,,8.2,,,3.0,,,2.0,11.0,,3.0,,77.0,6.0,72.0,11,3.0,104.0,2.0,1.0,2.0,
2022-23,10385490,26,3,Arsenal,Home,793228,156074,Rob Holding,rob-holding,D,True,,,,,,,,,,,,,,,,,,,,,,0.0,,,,,,,,,,,,,,,,,,,,,,,,,,,,,,,,,,0,,,,,,
2022-23,10385490,26,3,Arsenal,Home,804434,223723,Takehiro Tomiyasu,takehiro-tomiyasu,D,False,,,,33.0,5.0,38.0,1.0,3.0,3.0,,,1.0,,,,1.0,4.0,,,0.0206479,0.0208,0.0,,,,,,,1.0,,,45.0,,,,,,,,13.0,,6.8,,,,,,,3.0,,1.0,,43.0,6.0,46.0,1,1.0,57.0,2.0,,,1.0
2022-23,10385490,26,3,Arsenal,Home,826139,200641,Reiss Nelson,reiss-nelson,M,True,2.0,,,15.0,2.0,15.0,1.0,,2.0,,,,,,,2.0,1.0,,,0.147635,0.0629,0.3767,1.0,1.0,1.0,,,,,3.0,,21.0,2.0,,,,,,,3.0,,8.6,,,,,,1.0,5.0,,,,18.0,2.0,15.0,2,,23.0,,,1.0,
2022-23,10385490,26,3,Arsenal,Home,833943,224068,Matt Turner,matt-turner,G,True,,,,,,,,,,,,,,,,,,,,,,0.0,,,,,,,,,,,,,,,,,,,,,,,,,,,,,,,,,,0,,,,,,
2022-23,10385490,26,3,Arsenal,Home,839410,225321,Aaron Ramsdale,aaron-ramsdale,G,False,,,,3.0,9.0,12.0,,,6.0,,,,,,,,,,,0.00052765,0.0,0.0,,,,-0.5238,,,,,,90.0,,,,,,,,2.0,,6.4,2.0,2.0,,,,,,,1.0,,4.0,10.0,14.0,0,,18.0,,,,
2022-23,10385490,26,3,Arsenal,Home,846036,198869,Ben White,ben-white,D,True,,,,27.0,5.0,32.0,1.0,,1.0,,,,1.0,,,2.0,,,,0.0430605,0.1151,0.0291,,,1.0,,,,,2.0,,45.0,1.0,,,,,,,7.0,,7.2,,,,,1.0,,3.0,,1.0,,33.0,6.0,36.0,1,,45.0,,,,
2022-23,10385490,26,3,Arsenal,Home,867445,209289,Emile Smith Rowe,emile-smith-rowe,M,True,,,,23.0,2.0,25.0,,,,1.0,,1.0,,,1.0,2.0,1.0,,,0.300048,0.0351,0.0,,1.0,,,,,,2.0,,47.0,,,,,,,,6.0,,6.7,,,,,,1.0,3.0,,,,27.0,2.0,26.0,1,,35.0,,1.0,,
2022-23,10385490,26,3,Arsenal,Home,869792,226597,Gabriel Magalhães,gabriel-magalhaes,D,False,,,3.0,55.0,25.0,80.0,1.0,3.0,6.0,,,,,,,1.0,5.0,,,0.0478004,0.2371,0.353,,,,,,,,,,90.0,1.0,,,,,,,4.0,,6.8,,,,,1.0,,,,4.0,,56.0,28.0,84.0,1,,92.0,,2.0,,
2022-23,10385490,26,3,Arsenal,Home,904835,438098,Fábio Vieira,fabio-vieira,M,False,,,1.0,34.0,8.0,42.0,3.0,,7.0,,,1.0,1.0,,1.0,8.0,5.0,,,0.0837371,0.0774,0.0,,,,,,,,3.0,,84.0,,,,,,,,10.0,,6.8,,,1.0,,,6.0,1.0,,2.0,,38.0,9.0,46.0,2,2.0,63.0,1.0,,3.0,2.0
2022-23,10385490,26,3,Arsenal,Home,922573,444145,Gabriel Martinelli,gabriel-martinelli,F,False,,,2.0,27.0,5.0,32.0,1.0,1.0,1.0,,,1.0,1.0,,,3.0,5.0,,,0.146173,0.1733,0.0,1.0,,,,,,,2.0,,90.0,,,,,,,,6.0,,7.3,,,3.0,,,2.0,,,2.0,,32.0,6.0,38.0,4,,47.0,,2.0,2.0,
2022-23,10385490,26,3,Arsenal,Home,934235,223340,Bukayo Saka,bukayo-saka,F,False,1.0,,1.0,53.0,4.0,56.0,1.0,,4.0,,1.0,2.0,,,2.0,6.0,6.0,,,0.222082,0.5362,0.7247,,,,,,1.0,,3.0,,90.0,1.0,,,,,,,30.0,,7.2,,,1.0,,,6.0,13.0,,1.0,,73.0,6.0,66.0,4,3.0,99.0,3.0,,3.0,1.0
2022-23,10385490,26,3,Arsenal,Home,941168,462424,William Saliba,william-saliba,D,False,,,,67.0,20.0,87.0,3.0,3.0,11.0,,,,,,,3.0,5.0,,,0.0582324,0.0,0.0,,,,,,,,2.0,,90.0,,,,,,,,7.0,,6.8,,,,,1.0,1.0,,,1.0,,72.0,22.0,94.0,0,1.0,98.0,,,1.0,1.0
2022-23,10385490,26,3,Arsenal,Home,976037,440854,Jakub Kiwior,jakub-kiwior,D,True,,,,,,,,,,,,,,,,,,,,,,0.0,,,,,,,,,,,,,,,,,,,,,,,,,,,,,,,,,,0,,,,,,
2022-23,10385512,27,3,Arsenal,Away,117777,84450,Granit Xhaka,granit-xhaka,M,False,,,3.0,25.0,21.0,46.0,3.0,1.0,6.0,,1.0,,3.0,,,6.0,3.0,,,0.0573339,0.1303,0.4554,,,,,,,,1.0,,90.0,1.0,,,,,,,7.0,,6.6,,,,,1.0,1.0,,,4.0,,26.0,25.0,51.0,1,1.0,59.0,1.0,,1.0,1.0
2022-23,10385512,27,3,Arsenal,Away,132874,85955,Jorginho,jorginho,M,True,,,,,,,,,,,,,,,,,,,,,,0.0,,,,,,,,,,,,,,,,,,,,,,,,,,,,,,,,,,0,,,,,,
2022-23,10385512,27,3,Arsenal,Away,135666,116216,Leandro Trossard,leandro-trossard,F,False,2.0,,,18.0,11.0,27.0,,,6.0,2.0,,,,,2.0,3.0,2.0,,,0.492323,0.2236,0.2353,1.0,3.0,,,,,1.0,4.0,,77.0,1.0,,,,,,,14.0,,8.8,,,1.0,,,1.0,7.0,,2.0,1.0,30.0,11.0,34.0,2,1.0,52.0,,,1.0,1.0
2022-23,10385512,27,3,Arsenal,Away,287643,206325,Oleksandr Zinchenko,oleksandr-zinchenko,D,False,,,4.0,19.0,25.0,44.0,,1.0,3.0,,,,,,,,1.0,,,0.0110191,0.0,0.0,,,,,,,1.0,1.0,,72.0,,,,,,,,6.0,,6.9,,,,,1.0,,,,4.0,,21.0,26.0,47.0,0,,57.0,,,,
2022-23,10385512,27,3,Arsenal,Away,316148,167199,Thomas Partey,thomas-partey,M,False,1.0,,,29.0,26.0,54.0,,2.0,11.0,,,,2.0,,,3.0,8.0,,,0.0185627,0.0,0.0,1.0,,,,,,2.0,,,90.0,,1.0,,,,,,5.0,,7.5,,,,,2.0,4.0,2.0,,2.0,,32.0,27.0,57.0,0,2.0,74.0,1.0,,4.0,1.0
2022-23,10385512,27,3,Arsenal,Away,366592,192895,Kieran Tierney,kieran-tierney,D,True,,,,3.0,2.0,5.0,1.0,,,,,,,,,1.0,2.0,,,0.00197597,0.0,0.0,,,,,,,,,,18.0,,,,,,,,1.0,,6.8,,,,,1.0,1.0,1.0,,,,4.0,2.0,5.0,0,1.0,9.0,,,1.0,1.0
2022-23,10385512,27,3,Arsenal,Away,547410,184029,Martin Ødegaard,martin-degaard,M,False,,,2.0,34.0,19.0,53.0,,,4.0,,,1.0,1.0,,,5.0,5.0,,,0.179206,0.4533,0.3332,2.0,,1.0,,,,,2.0,,90.0,1.0,,,,,,,13.0,,7.7,,,1.0,,,4.0,2.0,,3.0,,40.0,22.0,60.0,3,2.0,75.0,1.0,1.0,2.0,1.0
2022-23,10385512,27,3,Arsenal,Away,793228,156074,Rob Holding,rob-holding,D,True,,,,,,,,,,,,,,,,,,,,,,0.0,,,,,,,,,,,,,,,,,,,,,,,,,,,,,,,,,,0,,,,,,
2022-23,10385512,27,3,Arsenal,Away,794839,205651,Gabriel Jesus,gabriel-jesus,F,True,,,,4.0,2.0,6.0,2.0,1.0,1.0,,1.0,,,,,2.0,3.0,,,0.0176599,0.1238,0.33,,,,,,,,,,13.0,1.0,,,,,,,2.0,,6.5,,,,,,1.0,,,1.0,,6.0,2.0,8.0,1,1.0,12.0,,,1.0,1.0
2022-23,10385512,27,3,Arsenal,Away,804434,223723,Takehiro Tomiyasu,takehiro-tomiyasu,D,True,,,,2.0,5.0,7.0,,,,,,,,,,,3.0,,,0.00036162,0.0,0.0,,,,,,,,,,10.0,,,,,,,,2.0,,6.9,,,,,,,,,1.0,,2.0,7.0,9.0,0,3.0,13.0,,,,2.0
2022-23,10385512,27,3,Arsenal,Away,826139,200641,Reiss Nelson,reiss-nelson,M,True,,,,4.0,1.0,5.0,1.0,1.0,1.0,,,1.0,,,2.0,3.0,3.0,,,0.0492921,0.0329,0.0,,,,,,,,1.0,,18.0,,,,,,,,4.0,,6.8,,,,,1.0,1.0,1.0,,,,6.0,1.0,6.0,1,1.0,14.0,,,1.0,1.0
2022-23,10385512,27,3,Arsenal,Away,833943,224068,Matt Turner,matt-turner,G,True,,,,,,,,,,,,,,,,,,,,,,0.0,,,,,,,,,,,,,,,,,,,,,,,,,,,,,,,,,,0,,,,,,
2022-23,10385512,27,3,Arsenal,Away,839410,225321,Aaron Ramsdale,aaron-ramsdale,G,False,,1.0,,,10.0,10.0,,1.0,8.0,,,,,,,,1.0,,1.0,4.171e-05,0.0,0.0,,,,0.1471,,,,,,90.0,,,,,,,,11.0,3.0,7.4,2.0,2.0,,,3.0,,,1.0,10.0,,9.0,12.0,21.0,0,,33.0,,,,
2022-23,10385512,27,3,Arsenal,Away,846036,198869,Ben White,ben-white,D,False,1.0,,2.0,22.0,26.0,47.0,2.0,,3.0,1.0,,,2.0,,1.0,5.0,2.0,,,0.139245,0.0,0.0,,,,,,,,1.0,,80.0,,,,,,,,8.0,,6.6,,,,,1.0,,2.0,,3.0,,28.0,27.0,53.0,0,,62.0,,2.0,,
2022-23,10385512,27,3,Arsenal,Away,867445,209289,Emile Smith Rowe,emile-smith-rowe,M,True,,,,,,,,,,,,,,,,,,,,,,0.0,,,,,,,,,,,,,,,,,,,,,,,,,,,,,,,,,,0,,,,,,
2022-23,10385512,27,3,Arsenal,Away,869792,226597,Gabriel Magalhães,gabriel-magalhaes,D,False,,,3.0,11.0,32.0,43.0,1.0,2.0,3.0,,,,1.0,,,3.0,6.0,,,0.002969,0.2983,0.2761,1.0,,1.0,,,,,,,90.0,1.0,1.0,,,,,,9.0,,7.8,,,,,2.0,,,,6.0,,18.0,32.0,50.0,1,2.0,61.0,2.0,2.0,,1.0
2022-23,10385512,27,3,Arsenal,Away,904835,438098,Fábio Vieira,fabio-vieira,M,True,,,,4.0,4.0,8.0,,,1.0,1.0,,1.0,,,1.0,1.0,1.0,,,0.0434995,0.0502,0.0,,,,,,,,1.0,,13.0,,,,,,,,2.0,,6.8,,,,,,,1.0,,,,5.0,4.0,8.0,1,,13.0,,1.0,,
2022-23,10385512,27,3,Arsenal,Away,922573,444145,Gabriel Martinelli,gabriel-martinelli,F,False,,,2.0,13.0,7.0,20.0,3.0,1.0,5.0,,1.0,2.0,,,,5.0,4.0,,,0.109914,1.0445,1.1962,1.0,,1.0,,,,,1.0,,77.0,2.0,,,,,,,9.0,,7.2,,,,,,2.0,,,4.0,1.0,17.0,9.0,26.0,4,,37.0,2.0,2.0,1.0,
2022-23,10385512,27,3,Arsenal,Away,934235,223340,Bukayo Saka,bukayo-saka,F,False,1.0,,1.0,19.0,9.0,27.0,,1.0,4.0,,,,1.0,,4.0,8.0,6.0,,,0.145781,0.0,0.0,2.0,,,,,,,1.0,,72.0,,,,,,,,16.0,,6.8,,,,,1.0,2.0,2.0,,1.0,,26.0,9.0,33.0,0,2.0,52.0,4.0,2.0,1.0,1.0
2022-23,10385512,27,3,Arsenal,Away,941168,462424,William Saliba,william-saliba,D,False,,,1.0,9.0,55.0,64.0,3.0,,6.0,,,,,,,4.0,5.0,,,0.00223302,0.0181,0.0,1.0,,,,,,1.0,,,90.0,,2.0,,,,,,8.0,,7.8,,,1.0,,7.0,1.0,,,6.0,,16.0,55.0,71.0,1,4.0,90.0,1.0,,1.0,3.0
2022-23,10385522,28,3,Arsenal,Home,117777,84450,Granit Xhaka,granit-xhaka,M,False,,,1.0,34.0,13.0,47.0,,2.0,5.0,,,1.0,,,,2.0,8.0,,,0.0571669,0.404,0.913,2.0,,1.0,,,,,1.0,,90.0,1.0,,,,,,,14.0,,7.9,,,,,,,4.0,,2.0,,45.0,14.0,55.0,2,4.0,73.0,2.0,2.0,,4.0
2022-23,10385522,28,3,Arsenal,Home,132874,85955,Jorginho,jorginho,M,True,,,,5.0,6.0,11.0,,,1.0,,,,,,1.0,1.0,,,,0.00376972,0.0,0.0,,,,,,,,,,11.0,,,,,,,,1.0,,6.4,,,,,,,,,,,5.0,6.0,11.0,0,,13.0,,,,
2022-23,10385522,28,3,Arsenal,Home,135666,116216,Leandro Trossard,leandro-trossard,F,False,2.0,,1.0,20.0,3.0,21.0,,,2.0,1.0,,1.0,,,1.0,4.0,3.0,,,0.463732,0.0324,0.0,2.0,1.0,,,,,,3.0,,65.0,,,,,,,,7.0,,7.5,,,,,,2.0,4.0,,1.0,,24.0,4.0,24.0,1,,39.0,,2.0,1.0,
2022-23,10385522,28,3,Arsenal,Home,287643,206325,Oleksandr Zinchenko,oleksandr-zinchenko,D,False,,,2.0,31.0,16.0,47.0,,1.0,4.0,,,1.0,,,,1.0,4.0,,,0.0293851,0.0512,0.0,,,,,,,1.0,,,65.0,,1.0,,,,,,3.0,,7.0,,,,,,1.0,,,2.0,,33.0,16.0,49.0,1,2.0,62.0,,1.0,,1.0
2022-23,10385522,28,3,Arsenal,Home,316148,167199,Thomas Partey,thomas-partey,M,False,,,5.0,49.0,20.0,69.0,,3.0,11.0,,,,1.0,,,2.0,8.0,,,0.170383,0.1442,0.0,,,,,,,,1.0,,90.0,,,,,,,,13.0,,7.6,,,2.0,,,2.0,1.0,,7.0,,58.0,22.0,79.0,2,3.0,94.0,1.0,1.0,1.0,2.0
2022-23,10385522,28,3,Arsenal,Home,366592,192895,Kieran Tierney,kieran-tierney,D,True,,,,4.0,12.0,16.0,1.0,,4.0,,,,1.0,,,2.0,2.0,,,0.0704238,0.0,0.0,,1.0,,,,,,1.0,,25.0,,,,,,,,4.0,,6.8,,,,,,,1.0,,1.0,,8.0,12.0,19.0,0,,24.0,,2.0,,
2022-23,10385522,28,3,Arsenal,Home,547410,184029,Martin Ødegaard,martin-degaard,M,False,1.0,,1.0,33.0,15.0,47.0,,,9.0,,,,1.0,,2.0,5.0,3.0,,,0.304608,0.2386,0.062,,,,,,,,1.0,,90.0,1.0,1.0,,,,,,14.0,,7.0,,,2.0,,,4.0,2.0,,2.0,,40.0,16.0,54.0,3,1.0,74.0,,,2.0,1.0
2022-23,10385522,28,3,Arsenal,Home,793228,156074,Rob Holding,rob-holding,D,False,,,5.0,27.0,37.0,64.0,3.0,7.0,7.0,,,1.0,,,,4.0,11.0,,,0.010293,0.0311,0.0,1.0,,,,,,,,,90.0,,,,,,,,8.0,,7.3,,,,,5.0,1.0,,,5.0,,30.0,40.0,70.0,1,2.0,87.0,2.0,1.0,1.0,1.0
2022-23,10385522,28,3,Arsenal,Home,794839,205651,Gabriel Jesus,gabriel-jesus,F,True,,,1.0,4.0,5.0,9.0,1.0,1.0,,,,,,,1.0,3.0,1.0,,,0.0123674,0.2007,0.0,1.0,,,,,,,,,25.0,,,,,,,,5.0,,6.6,,,1.0,,,,,,1.0,,5.0,5.0,10.0,1,,15.0,2.0,,,
2022-23,10385522,28,3,Arsenal,Home,826139,200641,Reiss Nelson,reiss-nelson,M,True,,,,,,,,,,,,,,,,,,,,,,0.0,,,,,,,,,,,,,,,,,,,,,,,,,,,,,,,,,,0,,,,,,
2022-23,10385522,28,3,Arsenal,Home,833943,224068,Matt Turner,matt-turner,G,True,,,,,,,,,,,,,,,,,,,,,,0.0,,,,,,,,,,,,,,,,,,,,,,,,,,,,,,,,,,0,,,,,,
2022-23,10385522,28,3,Arsenal,Home,839410,225321,Aaron Ramsdale,aaron-ramsdale,G,False,,,5.0,3.0,16.0,19.0,,,3.0,,,,,,,,,,,0.00206217,0.0,0.0,,,,0.1741,,,,,,90.0,,,,,,,,7.0,,7.0,4.0,4.0,,,,,,,12.0,,8.0,18.0,26.0,0,,32.0,,,,
2022-23,10385522,28,3,Arsenal,Home,846036,198869,Ben White,ben-white,D,False,1.0,,1.0,26.0,14.0,39.0,3.0,1.0,6.0,,,,,,,4.0,3.0,,,0.174375,0.0,0.0,1.0,1.0,,,,,3.0,1.0,,83.0,,,,,,,,12.0,,7.3,,,,,3.0,,2.0,,4.0,,34.0,15.0,47.0,0,1.0,66.0,,1.0,,
2022-23,10385522,28,3,Arsenal,Home,867445,209289,Emile Smith Rowe,emile-smith-rowe,M,True,,,,1.0,4.0,5.0,,,,,,,,,,,,,,0.0108719,0.0,0.0,,,,,,,,,,11.0,,,,,,,,,,6.6,,,,,,,,,,,1.0,4.0,5.0,0,,5.0,,,,
2022-23,10385522,28,3,Arsenal,Home,869792,226597,Gabriel Magalhães,gabriel-magalhaes,D,False,,,1.0,27.0,33.0,60.0,1.0,3.0,3.0,,,,,,,2.0,3.0,,,0.0194376,0.0,0.0,1.0,,,,,,,1.0,,86.0,,1.0,,,,,,7.0,,6.8,,,,,2.0,,,,3.0,,31.0,35.0,66.0,0,,72.0,1.0,,,
2022-23,10385522,28,3,Arsenal,Home,904835,438098,Fábio Vieira,fabio-vieira,M,True,,,,,,,,,,,,,,,,,,,,,,0.0,,,,,,,,,,,,,,,,,,,,,,,,,,,,,,,,,,0,,,,,,
2022-23,10385522,28,3,Arsenal,Home,922573,444145,Gabriel Martinelli,gabriel-martinelli,F,False,,,,20.0,6.0,26.0,1.0,,4.0,,,,,,2.0,5.0,2.0,,,0.0376036,0.1117,0.2584,,,1.0,,,,,,,83.0,1.0,,,,,,,14.0,,7.1,,,,,,4.0,2.0,,,,29.0,6.0,33.0,1,,45.0,1.0,,2.0,
2022-23,10385522,28,3,Arsenal,Home,934235,223340,Bukayo Saka,bukayo-saka,F,False,2.0,,,20.0,5.0,23.0,1.0,,3.0,,,1.0,1.0,,1.0,6.0,1.0,,,0.246566,0.3532,0.2728,,1.0,2.0,,,,,3.0,,90.0,2.0,,,,,,,22.0,,8.6,,,,,,3.0,9.0,,1.0,2.0,36.0,6.0,33.0,3,1.0,56.0,1.0,,,
2022-23,10385522,28,3,Arsenal,Home,976037,440854,Jakub Kiwior,jakub-kiwior,D,True,,,,2.0,4.0,6.0,,,,,,,,,,,1.0,,,0.00025329,0.0,0.0,,,,,,,,,,8.0,,,,,,,,,,6.7,,,,,,,,,,,2.0,4.0,6.0,0,1.0,7.0,,,,
2022-23,10385522,28,3,Arsenal,Home,1138843,535262,Reuell Walters,walters-reuell,D,True,,,,,,,,,,,,,,,,,,,,,,0.0,,,,,,,,,,,,,,,,,,,,,,,,,,,,,,,,,,0,,,,,,
2022-23,10385553,29,3,Arsenal,Home,117777,84450,Granit Xhaka,granit-xhaka,M,False,1.0,,3.0,28.0,21.0,48.0,1.0,,4.0,1.0,,,1.0,,1.0,4.0,1.0,,,0.250135,0.1797,0.7339,1.0,,1.0,,,,2.0,1.0,,86.0,1.0,,,,,,,5.0,,7.8,,,,,,,2.0,,3.0,1.0,32.0,21.0,51.0,1,1.0,59.0,,,,1.0
2022-23,10385553,29,3,Arsenal,Home,132874,85955,Jorginho,jorginho,M,True,,,1.0,13.0,14.0,27.0,,1.0,2.0,,,,1.0,,,3.0,3.0,,,0.0463534,0.0,0.0,,,,,,,,,,30.0,,,,,,,,6.0,,6.5,,,,,,2.0,,,1.0,,16.0,15.0,31.0,0,1.0,37.0,,1.0,,1.0
2022-23,10385553,29,3,Arsenal,Home,135666,116216,Leandro Trossard,leandro-trossard,F,False,2.0,,1.0,24.0,11.0,33.0,,,1.0,2.0,,,,,1.0,2.0,,,,0.725296,0.0,0.0,1.0,1.0,,,,,2.0,3.0,,90.0,,,,,,,,11.0,,7.5,,,,,,,2.0,,2.0,1.0,28.0,14.0,40.0,0,,55.0,2.0,,,
2022-23,10385553,29,3,Arsenal,Home,287643,206325,Oleksandr Zinchenko,oleksandr-zinchenko,D,False,,,3.0,49.0,30.0,79.0,2.0,6.0,7.0,,,1.0,,,2.0,6.0,8.0,,,0.0315974,0.0627,0.0,1.0,,,,,,1.0,,,85.0,,,,,,,,24.0,,6.6,,,,,1.0,2.0,,,5.0,,64.0,34.0,98.0,1,1.0,119.0,,,1.0,
2022-23,10385553,29,3,Arsenal,Home,316148,167199,Thomas Partey,thomas-partey,M,False,,,3.0,29.0,15.0,44.0,,,5.0,,,,1.0,,,2.0,1.0,,,0.0133986,0.0,0.0,1.0,,,,,,1.0,,,60.0,,,,,,,,4.0,,6.8,,,,,1.0,,,,3.0,,30.0,16.0,46.0,0,1.0,53.0,2.0,,,
2022-23,10385553,29,3,Arsenal,Home,366592,192895,Kieran Tierney,kieran-tierney,D,True,,,,1.0,3.0,4.0,,,,,,,,,,1.0,,,,0.00065295,0.0,0.0,,,,,,,,,,10.0,,,,,,,,3.0,,6.3,,,,,,1.0,,,,1.0,1.0,3.0,4.0,0,,7.0,,,,
2022-23,10385553,29,3,Arsenal,Home,547410,184029,Martin Ødegaard,martin-degaard,M,False,,,1.0,32.0,13.0,45.0,,1.0,6.0,1.0,,,,,2.0,2.0,7.0,,,0.281441,0.0,0.0,,1.0,,,,,,2.0,,85.0,,,,,,,,12.0,,7.8,,,,,,2.0,2.0,,1.0,,40.0,13.0,51.0,0,3.0,67.0,1.0,1.0,2.0,3.0
2022-23,10385553,29,3,Arsenal,Home,793228,156074,Rob Holding,rob-holding,D,False,,,5.0,25.0,33.0,58.0,1.0,4.0,8.0,,,,,,,1.0,5.0,,,0.00747005,0.0,0.0,,,,,,,,,,90.0,,1.0,,,,,,11.0,,7.0,,,,,4.0,,,,9.0,,32.0,37.0,69.0,0,1.0,76.0,,,,1.0
2022-23,10385553,29,3,Arsenal,Home,794839,205651,Gabriel Jesus,gabriel-jesus,F,False,,,,16.0,9.0,25.0,1.0,,4.0,,1.0,1.0,,,,6.0,7.0,,,0.0324035,1.9243,1.5651,1.0,,2.0,,,,,1.0,,60.0,2.0,,,,,,1.0,11.0,,8.3,,,1.0,,,8.0,,,1.0,2.0,19.0,10.0,29.0,4,1.0,52.0,3.0,2.0,4.0,1.0
2022-23,10385553,29,3,Arsenal,Home,826139,200641,Reiss Nelson,reiss-nelson,M,True,,,,,,,,,,,,,,,,,,,,,,0.0,,,,,,,,,,,,,,,,,,,,,,,,,,,,,,,,,,0,,,,,,
2022-23,10385553,29,3,Arsenal,Home,833943,224068,Matt Turner,matt-turner,G,True,,,,,,,,,,,,,,,,,,,,,,0.0,,,,,,,,,,,,,,,,,,,,,,,,,,,,,,,,,,0,,,,,,
2022-23,10385553,29,3,Arsenal,Home,839410,225321,Aaron Ramsdale,aaron-ramsdale,G,False,,,2.0,1.0,11.0,12.0,,,3.0,,,,,,,,,,,0.00016925,0.0,0.0,,,,-0.5216,,,,,,90.0,,,,,,,,7.0,,7.0,4.0,4.0,,,,,,,9.0,,7.0,12.0,19.0,0,,25.0,,,,
2022-23,10385553,29,3,Arsenal,Home,846036,198869,Ben White,ben-white,D,False,,,,29.0,20.0,49.0,1.0,1.0,3.0,,,,1.0,,,6.0,7.0,,,0.0159453,0.8085,0.9735,3.0,,1.0,,,,,,,90.0,1.0,,,,,,,13.0,,7.2,,,,,4.0,1.0,,,3.0,,35.0,24.0,59.0,1,3.0,76.0,1.0,3.0,,2.0
2022-23,10385553,29,3,Arsenal,Home,867445,209289,Emile Smith Rowe,emile-smith-rowe,M,True,,,,,1.0,1.0,,,,,,,,,,,,,,1.531e-05,0.0,0.0,,,,,,,,,,10.0,,,,,,,,,,6.5,,,,,,,,,,,,1.0,1.0,0,,1.0,,,,
2022-23,10385553,29,3,Arsenal,Home,869792,226597,Gabriel Magalhães,gabriel-magalhaes,D,False,,,1.0,42.0,35.0,77.0,3.0,6.0,5.0,,,1.0,1.0,,,4.0,10.0,,,0.0177127,0.3586,0.0,,,,,,,1.0,,,90.0,,,,,,,,7.0,,7.2,,,1.0,,6.0,,,,1.0,,44.0,40.0,84.0,2,2.0,98.0,,2.0,,
2022-23,10385553,29,3,Arsenal,Home,904835,438098,Fábio Vieira,fabio-vieira,M,True,1.0,,,2.0,,1.0,,,,,,,,,,,,,,0.00170054,0.0,0.0,,,,,,,,,,9.0,,,,,,,,,,6.6,,,,,,,1.0,,,,2.0,,1.0,0,,2.0,,,,
2022-23,10385553,29,3,Arsenal,Home,922573,444145,Gabriel Martinelli,gabriel-martinelli,F,False,2.0,,1.0,25.0,9.0,32.0,3.0,1.0,6.0,1.0,1.0,2.0,1.0,,2.0,12.0,8.0,,,0.401371,0.4426,0.1192,3.0,1.0,,,,,1.0,2.0,,90.0,2.0,,,,,,,17.0,,7.2,,,,,1.0,8.0,2.0,,1.0,,31.0,12.0,41.0,4,,68.0,3.0,2.0,5.0,
2022-23,10385553,29,3,Arsenal,Home,934235,223340,Bukayo Saka,bukayo-saka,F,True,,,,7.0,2.0,9.0,,,2.0,,,,,,,1.0,3.0,,,0.00549783,0.0,0.0,,,,,,,,,,30.0,,,,,,,,6.0,,6.5,,,,,,2.0,2.0,,,,12.0,2.0,12.0,0,1.0,19.0,,1.0,1.0,
2022-23,10385553,29,3,Arsenal,Home,976037,440854,Jakub Kiwior,jakub-kiwior,D,True,,,,,,,,,,,,,,,,,,,,,,0.0,,,,,,,,,,,,,,,,,,,,,,,,,,,,,,,,,,0,,,,,,
2022-23,10385553,29,3,Arsenal,Home,1138843,535262,Reuell Walters,walters-reuell,D,True,,,,,,,,,,,,,,,,,,,,,,0.0,,,,,,,,,,,,,,,,,,,,,,,,,,,,,,,,,,0,,,,,,
2022-23,10385572,30,3,Arsenal,Away,117777,84450,Granit Xhaka,granit-xhaka,M,False,,,2.0,13.0,18.0,31.0,,,7.0,,,1.0,1.0,,1.0,5.0,4.0,,,0.0145018,0.0364,,2.0,,,,,,,,,90.0,,,,,,,,12.0,,6.4,,,,,2.0,2.0,,,4.0,,19.0,19.0,38.0,1,2.0,51.0,3.0,1.0,1.0,2.0
2022-23,10385572,30,3,Arsenal,Away,132874,85955,Jorginho,jorginho,M,True,,,,,,,,,,,,,,,,,,,,,,,,,,,,,,,,,,,,,,,,,,,,,,,,,,,,,,,,0,,,,,,
2022-23,10385572,30,3,Arsenal,Away,135666,116216,Leandro Trossard,leandro-trossard,F,True,,,1.0,,2.0,2.0,,,,,,,,,1.0,1.0,1.0,,,1.483e-05,,,,,,,,,,,,10.0,,,,,,,,4.0,,6.6,,,,,,1.0,2.0,,1.0,,2.0,2.0,2.0,0,,8.0,1.0,,1.0,
2022-23,10385572,30,3,Arsenal,Away,287643,206325,Oleksandr Zinchenko,oleksandr-zinchenko,D,False,,,4.0,25.0,22.0,47.0,1.0,,8.0,,,1.0,2.0,,,5.0,2.0,,,0.0378854,0.0606,0.4537,,,,,,,1.0,,,88.0,1.0,1.0,,,,,,5.0,,6.5,,,,,2.0,3.0,,,5.0,,27.0,23.0,50.0,2,1.0,68.0,,,1.0,
2022-23,10385572,30,3,Arsenal,Away,316148,167199,Thomas Partey,thomas-partey,M,False,,,,13.0,16.0,29.0,,3.0,9.0,,,,,,1.0,3.0,10.0,,,0.00414887,,,2.0,,,,,,2.0,,,90.0,,,,,,,,9.0,,7.3,,,,,3.0,2.0,,,1.0,,20.0,16.0,36.0,0,5.0,55.0,,,2.0,4.0
2022-23,10385572,30,3,Arsenal,Away,366592,192895,Kieran Tierney,kieran-tierney,D,True,,,,1.0,1.0,2.0,,,1.0,,,,,,,,3.0,,,0.00052766,0.0374,,,,,,,,,,,9.0,,,,,,,,2.0,,7.0,,,1.0,,,1.0,1.0,,,,2.0,1.0,2.0,1,1.0,8.0,,1.0,1.0,
2022-23,10385572,30,3,Arsenal,Away,547410,184029,Martin Ødegaard,martin-degaard,M,False,,,2.0,10.0,14.0,24.0,,,3.0,,,,,,,4.0,1.0,,,0.0142379,0.0522,0.404,1.0,,,,,,,,,80.0,1.0,,,,,,,10.0,,6.4,,,,,,3.0,1.0,,2.0,,14.0,15.0,28.0,1,1.0,40.0,2.0,,,1.0
2022-23,10385572,30,3,Arsenal,Away,793228,156074,Rob Holding,rob-holding,D,False,,,4.0,7.0,31.0,38.0,4.0,3.0,5.0,,,,,,,5.0,4.0,,1.0,0.00356681,,,1.0,,,,,,2.0,,,90.0,,1.0,,1.0,,,,15.0,,6.3,,,,,9.0,,,,12.0,,17.0,35.0,52.0,0,1.0,69.0,,,,
2022-23,10385572,30,3,Arsenal,Away,794839,205651,Gabriel Jesus,gabriel-jesus,F,False,,,2.0,8.0,5.0,13.0,4.0,3.0,4.0,,1.0,,1.0,,3.0,8.0,10.0,,,0.00775407,0.9564,0.7686,,,1.0,,,,,,,80.0,1.0,,,,,,,16.0,,7.2,,,1.0,,,4.0,,,3.0,1.0,15.0,5.0,20.0,2,1.0,42.0,5.0,2.0,4.0,
2022-23,10385572,30,3,Arsenal,Away,826139,200641,Reiss Nelson,reiss-nelson,M,True,,,,,,,,,,,,,,,,,,,,,,,,,,,,,,,,,,,,,,,,,,,,,,,,,,,,,,,,0,,,,,,
2022-23,10385572,30,3,Arsenal,Away,833943,224068,Matt Turner,matt-turner,G,True,,,,,,,,,,,,,,,,,,,,,,,,,,,,,,,,,,,,,,,,,,,,,,,,,,,,,,,,0,,,,,,
2022-23,10385572,30,3,Arsenal,Away,839410,225321,Aaron Ramsdale,aaron-ramsdale,G,False,,,8.0,7.0,4.0,11.0,,,5.0,,,,,,,,,,,0.00120752,,,,,,1.071,,,,,,90.0,,,,,1.0,,,19.0,,7.1,4.0,4.0,,,1.0,,,,27.0,,22.0,8.0,30.0,0,,39.0,,,,
2022-23,10385572,30,3,Arsenal,Away,846036,198869,Ben White,ben-white,D,False,,,1.0,10.0,11.0,21.0,1.0,1.0,6.0,,,,,,,2.0,3.0,,,0.00461521,,,1.0,,,,,,2.0,,,90.0,,,,,,,,8.0,,6.5,,,,,4.0,,,,3.0,,15.0,12.0,27.0,0,1.0,46.0,,1.0,,1.0
2022-23,10385572,30,3,Arsenal,Away,867445,209289,Emile Smith Rowe,emile-smith-rowe,M,True,,,,,,,,,,,,,,,,,,,,,,,,,,,,,,,,,,,,,,,,,,,,,,,,,,,,,,,,0,,,,,,
2022-23,10385572,30,3,Arsenal,Away,869792,226597,Gabriel Magalhães,gabriel-magalhaes,D,False,,,1.0,9.0,17.0,26.0,2.0,2.0,10.0,,,,,,,4.0,5.0,,,0.00222605,0.1088,0.021,2.0,,,,,,3.0,,,90.0,1.0,3.0,,,,,,6.0,,7.6,,,,,7.0,1.0,,,3.0,,10.0,20.0,30.0,1,2.0,53.0,2.0,,1.0,
2022-23,10385572,30,3,Arsenal,Away,904835,438098,Fábio Vieira,fabio-vieira,M,True,,,,,,,,,,,,,,,,,,,,,,,,,,,,,,,,,,,,,,,,,,,,,,,,,,,,,,,,0,,,,,,
2022-23,10385572,30,3,Arsenal,Away,922573,444145,Gabriel Martinelli,gabriel-martinelli,F,False,2.0,,,19.0,4.0,21.0,2.0,,2.0,1.0,,,,,2.0,10.0,7.0,,,0.415994,0.1536,0.9352,,1.0,1.0,,,,,3.0,,90.0,1.0,,,,,,,17.0,,8.0,,,,,,9.0,2.0,,2.0,,25.0,4.0,27.0,1,3.0,51.0,2.0,1.0,3.0,1.0
2022-23,10385572,30,3,Arsenal,Away,934235,223340,Bukayo Saka,bukayo-saka,F,False,2.0,,,15.0,7.0,20.0,,1.0,6.0,1.0,,,,,1.0,3.0,11.0,,,0.209496,,,2.0,,,,,,,3.0,,90.0,,,,,,,,18.0,,7.5,,,,,,4.0,5.0,,2.0,1.0,24.0,10.0,29.0,0,3.0,55.0,3.0,4.0,3.0,2.0
2022-23,10385572,30,3,Arsenal,Away,976037,440854,Jakub Kiwior,jakub-kiwior,D,True,,,,,,,,,,,,,,,,,,,,,,,,,,,,,,,,10.0,,,,,,,,1.0,,6.2,,,,,,,,,,,1.0,,1.0,0,,1.0,,,,
2022-23,10385572,30,3,Arsenal,Away,1138843,535262,Reuell Walters,walters-reuell,D,True,,,,,,,,,,,,,,,,,,,,,,,,,,,,,,,,,,,,,,,,,,,,,,,,,,,,,,,,0,,,,,,
2022-23,10385579,31,3,Arsenal,Away,117777,84450,Granit Xhaka,granit-xhaka,M,False,,,1.0,32.0,20.0,52.0,1.0,4.0,4.0,,,,,,,1.0,8.0,,,0.0410842,0.0,0.0,,,,,,,1.0,1.0,,96.0,,,,,,,,6.0,,7.0,,,,,1.0,1.0,,,3.0,,35.0,22.0,57.0,0,1.0,65.0,1.0,2.0,1.0,1.0
2022-23,10385579,31,3,Arsenal,Away,132874,85955,Jorginho,jorginho,M,True,,,1.0,22.0,6.0,28.0,,1.0,2.0,,,,,,,1.0,2.0,,,0.0340845,0.0,0.0,,,,,,,,,,29.0,,,,,,,,3.0,,6.7,,,,,1.0,2.0,,,1.0,,23.0,6.0,29.0,0,,34.0,1.0,,1.0,
2022-23,10385579,31,3,Arsenal,Away,135666,116216,Leandro Trossard,leandro-trossard,F,True,,,,15.0,6.0,21.0,,,1.0,,,,1.0,,2.0,3.0,1.0,,,0.0161717,0.0,0.0,,,,,,,,,,29.0,,,,,,,,4.0,,6.5,,,,,,1.0,,,,,17.0,6.0,23.0,0,,27.0,,,1.0,
2022-23,10385579,31,3,Arsenal,Away,316148,167199,Thomas Partey,thomas-partey,M,False,,,2.0,25.0,15.0,40.0,1.0,1.0,3.0,,,,2.0,,,6.0,3.0,,,0.0503043,0.0,0.0,2.0,,,,,,,,,67.0,,,,,,,,8.0,,6.1,,,,,,1.0,,,5.0,,27.0,19.0,46.0,0,1.0,50.0,1.0,1.0,,1.0
2022-23,10385579,31,3,Arsenal,Away,366592,192895,Kieran Tierney,kieran-tierney,D,False,1.0,,1.0,20.0,19.0,38.0,3.0,,3.0,,,,,,,3.0,2.0,,,0.0297257,0.0,0.0,,,,,,,,,,85.0,,1.0,,,,,,13.0,,6.6,,,,,2.0,,4.0,,7.0,,30.0,21.0,47.0,0,2.0,65.0,,,,2.0
2022-23,10385579,31,3,Arsenal,Away,547410,184029,Martin Ødegaard,martin-degaard,M,False,,,5.0,34.0,11.0,45.0,1.0,,1.0,,,,,,1.0,2.0,4.0,,,0.172562,0.4885,0.5302,,,1.0,,,,,1.0,,90.0,1.0,2.0,,,,,,13.0,,7.8,,,1.0,,1.0,3.0,2.0,,7.0,,45.0,11.0,54.0,2,,71.0,,1.0,3.0,
2022-23,10385579,31,3,Arsenal,Away,793228,156074,Rob Holding,rob-holding,D,False,,,,9.0,53.0,62.0,3.0,,3.0,,,,,,,4.0,,,,0.00767792,0.0631,0.0782,1.0,,,,,,,,,96.0,1.0,2.0,,,,,,8.0,,6.5,,,,,5.0,,,,4.0,,13.0,56.0,69.0,1,,78.0,1.0,,,
2022-23,10385579,31,3,Arsenal,Away,794839,205651,Gabriel Jesus,gabriel-jesus,F,False,,,1.0,15.0,20.0,35.0,2.0,3.0,4.0,,,,,,2.0,8.0,8.0,,,0.0230934,0.8234,0.7821,1.0,,1.0,,,,1.0,,,67.0,1.0,,,,,,,17.0,,7.1,,,,,,4.0,,,1.0,1.0,18.0,25.0,43.0,1,1.0,60.0,4.0,3.0,1.0,1.0
2022-23,10385579,31,3,Arsenal,Away,826139,200641,Reiss Nelson,reiss-nelson,M,True,,,,5.0,2.0,7.0,1.0,,,,,,,,,1.0,1.0,,,0.00938424,0.0,0.0,,,,,,,,,,11.0,,,,,,,,2.0,,6.6,,,,,,1.0,1.0,,,,6.0,2.0,7.0,0,,10.0,1.0,,1.0,
2022-23,10385579,31,3,Arsenal,Away,833943,224068,Matt Turner,matt-turner,G,True,,,,,,,,,,,,,,,,,,,,,,0.0,,,,,,,,,,,,,,,,,,,,,,,,,,,,,,,,,,0,,,,,,
2022-23,10385579,31,3,Arsenal,Away,839410,225321,Aaron Ramsdale,aaron-ramsdale,G,False,,,4.0,1.0,32.0,33.0,,,5.0,,,,,,,,,,,0.00023741,0.0,0.0,,,,-0.1555,,,,,,96.0,,,,,1.0,,,4.0,1.0,6.3,1.0,1.0,,,1.0,,,,8.0,,4.0,33.0,37.0,0,,43.0,,,,
2022-23,10385579,31,3,Arsenal,Away,846036,198869,Ben White,ben-white,D,False,,,,30.0,14.0,44.0,,1.0,4.0,1.0,,,2.0,,1.0,4.0,5.0,,,0.358746,0.0,0.0,1.0,1.0,,,,,,1.0,,96.0,,1.0,,,,,,10.0,,7.0,,,,,3.0,2.0,1.0,,,,33.0,16.0,48.0,0,1.0,71.0,,1.0,2.0,
2022-23,10385579,31,3,Arsenal,Away,858194,205533,Eddie Nketiah,eddie-nketiah,F,True,,,,,,,,,,,,,,,,,,,,0.0,0.0,0.0,,,,,,,,,,6.0,,,,,,,,,,,,,,,,,,,,,,,,0,,,,,,
2022-23,10385579,31,3,Arsenal,Away,867445,209289,Emile Smith Rowe,emile-smith-rowe,M,True,,,,,,,,,,,,,,,,,,,,,,0.0,,,,,,,,,,,,,,,,,,,,,,,,,,,,,,,,,,0,,,,,,
2022-23,10385579,31,3,Arsenal,Away,869792,226597,Gabriel Magalhães,gabriel-magalhaes,D,False,,,3.0,24.0,44.0,68.0,4.0,7.0,9.0,,,,,,,5.0,11.0,,,0.0159669,0.2384,0.0,1.0,,,,,,,,,96.0,,1.0,,1.0,,,,8.0,,7.2,,,1.0,,9.0,,,,7.0,,26.0,50.0,76.0,1,4.0,91.0,,,,4.0
2022-23,10385579,31,3,Arsenal,Away,904835,438098,Fábio Vieira,fabio-vieira,M,True,1.0,,,2.0,1.0,2.0,1.0,,,,,,,,,2.0,1.0,,,0.0773565,0.0,0.0,,,,,,,,1.0,,11.0,,,,,,,,2.0,,6.6,,,,,,1.0,1.0,,,,3.0,1.0,3.0,0,,6.0,,1.0,,
2022-23,10385579,31,3,Arsenal,Away,922573,444145,Gabriel Martinelli,gabriel-martinelli,F,False,2.0,,2.0,19.0,2.0,19.0,3.0,1.0,,1.0,,1.0,,,1.0,5.0,2.0,,,0.500332,0.0922,0.0264,,1.0,,,,,,3.0,,85.0,1.0,,,,,,,9.0,,7.5,,,,,,1.0,4.0,,2.0,,25.0,3.0,24.0,2,1.0,39.0,,,,
2022-23,10385579,31,3,Arsenal,Away,934235,223340,Bukayo Saka,bukayo-saka,F,False,2.0,,1.0,20.0,7.0,25.0,1.0,1.0,5.0,,1.0,1.0,,,,6.0,4.0,,,0.141147,1.0418,0.0461,2.0,,,,,,1.0,,,96.0,1.0,,,,,1.0,,17.0,,6.2,,,2.0,,,4.0,4.0,,1.0,,29.0,9.0,34.0,4,2.0,56.0,2.0,,1.0,
2022-23,10385579,31,3,Arsenal,Away,976037,440854,Jakub Kiwior,jakub-kiwior,D,True,,,,,,,,,,,,,,,,,,,,,,0.0,,,,,,,,,,,,,,,,,,,,,,,,,,,,,,,,,,0,,,,,,
2022-23,10385579,31,3,Arsenal,Away,1138843,535262,Reuell Walters,walters-reuell,D,True,,,,,,,,,,,,,,,,,,,,,,0.0,,,,,,,,,,,,,,,,,,,,,,,,,,,,,,,,,,0,,,,,,
2022-23,10385607,32,3,Arsenal,Home,132874,85955,Jorginho,jorginho,M,True,,,,,,,,,,,,,,,,,,,,,,,,,,,,,,,,,,,,,,,,,,,,,,,,,,,,,,,,0,,,,,,
2022-23,10385607,32,3,Arsenal,Home,135666,116216,Leandro Trossard,leandro-trossard,F,True,2.0,,1.0,20.0,3.0,21.0,,,4.0,,,,1.0,,,1.0,,,,0.118198,0.0639,,,,,,,1.0,,,,33.0,,,,,,,,5.0,,6.9,,,1.0,,,,3.0,,1.0,,23.0,4.0,24.0,1,,33.0,1.0,,,
2022-23,10385607,32,3,Arsenal,Home,287643,206325,Oleksandr Zinchenko,oleksandr-zinchenko,D,False,,,2.0,45.0,16.0,61.0,2.0,1.0,8.0,,,,1.0,,1.0,5.0,2.0,,,0.0811725,0.0257,,1.0,,,,,,,,,72.0,,,,,,,,16.0,,6.0,,,1.0,,2.0,,3.0,,5.0,,59.0,17.0,73.0,1,,91.0,,1.0,,
2022-23,10385607,32,3,Arsenal,Home,316148,167199,Thomas Partey,thomas-partey,M,False,,,9.0,55.0,23.0,78.0,1.0,,10.0,,,1.0,4.0,,,7.0,7.0,,,0.223972,0.0975,,2.0,,,,,,1.0,1.0,,90.0,,,,,,,,8.0,,7.3,,,1.0,,,1.0,,,12.0,,61.0,25.0,86.0,2,5.0,100.0,,1.0,1.0,2.0
2022-23,10385607,32,3,Arsenal,Home,366592,192895,Kieran Tierney,kieran-tierney,D,True,,,,,,,,,,,,,,,,,,,,,,,,,,,,,,,,,,,,,,,,,,,,,,,,,,,,,,,,0,,,,,,
2022-23,10385607,32,3,Arsenal,Home,547410,184029,Martin Ødegaard,martin-degaard,M,False,,,1.0,48.0,7.0,55.0,1.0,,2.0,,,1.0,1.0,,,7.0,3.0,,,0.190146,0.2717,0.2713,1.0,,1.0,,,,1.0,1.0,,90.0,1.0,,,,,,,17.0,,7.2,,,2.0,,,6.0,2.0,,1.0,,57.0,9.0,64.0,4,1.0,82.0,2.0,,2.0,1.0
2022-23,10385607,32,3,Arsenal,Home,793228,156074,Rob Holding,rob-holding,D,False,,,5.0,33.0,45.0,78.0,2.0,6.0,7.0,,,,1.0,,,3.0,8.0,,,0.0210251,0.0726,,,,,,,,,,,90.0,,,,,,,,13.0,,6.5,,,1.0,,,,,,8.0,,40.0,49.0,89.0,1,1.0,95.0,,1.0,,1.0
2022-23,10385607,32,3,Arsenal,Home,794839,205651,Gabriel Jesus,gabriel-jesus,F,False,,,2.0,12.0,6.0,18.0,1.0,2.0,2.0,,1.0,3.0,,,5.0,10.0,7.0,,,0.0869973,1.1382,0.0377,2.0,,,,,,,1.0,,90.0,1.0,,,,,,,17.0,,6.8,,,2.0,,,4.0,,,3.0,1.0,17.0,7.0,24.0,6,2.0,49.0,3.0,1.0,2.0,1.0
2022-23,10385607,32,3,Arsenal,Home,826139,200641,Reiss Nelson,reiss-nelson,M,True,,,1.0,5.0,1.0,6.0,,,1.0,,,1.0,,,1.0,2.0,1.0,,,0.00951678,0.1067,0.0414,1.0,,,,,,,1.0,,15.0,1.0,,,,,,,3.0,,6.9,,,,,,,1.0,,1.0,,7.0,1.0,7.0,2,1.0,12.0,,,,
2022-23,10385607,32,3,Arsenal,Home,833943,224068,Matt Turner,matt-turner,G,True,,,,,,,,,,,,,,,,,,,,,,,,,,,,,,,,,,,,,,,,,,,,,,,,,,,,,,,,0,,,,,,
2022-23,10385607,32,3,Arsenal,Home,839410,225321,Aaron Ramsdale,aaron-ramsdale,G,False,,,1.0,3.0,15.0,18.0,,1.0,6.0,,,,,,,,1.0,1.0,,0.00054654,,,,,,-1.348,,,,,,90.0,,,,,,,,5.0,1.0,5.5,2.0,3.0,,,1.0,,,,5.0,,6.0,17.0,23.0,0,,31.0,,,,
2022-23,10385607,32,3,Arsenal,Home,846036,198869,Ben White,ben-white,D,False,1.0,,,50.0,19.0,68.0,2.0,,11.0,,,1.0,1.0,,,5.0,3.0,,,0.161709,0.0747,,1.0,1.0,,,,,1.0,1.0,,90.0,1.0,,,,,,,16.0,,6.7,,,,,,1.0,4.0,,2.0,,60.0,22.0,78.0,2,2.0,100.0,1.0,1.0,,1.0
2022-23,10385607,32,3,Arsenal,Home,858194,205533,Eddie Nketiah,eddie-nketiah,F,True,,,,,1.0,1.0,,,,,,,,,1.0,1.0,1.0,,,0.0001326,,,,,,,,,,1.0,,18.0,,,,,,,,2.0,,6.6,,,,,,,,,,,1.0,1.0,2.0,0,,5.0,,1.0,,
2022-23,10385607,32,3,Arsenal,Home,867445,209289,Emile Smith Rowe,emile-smith-rowe,M,True,,,,,,,,,,,,,,,,,,,,,,,,,,,,,,,,,,,,,,,,,,,,,,,,,,,,,,,,0,,,,,,
2022-23,10385607,32,3,Arsenal,Home,869792,226597,Gabriel Magalhães,gabriel-magalhaes,D,False,,,5.0,45.0,32.0,77.0,,2.0,6.0,,,,1.0,,,1.0,4.0,,,0.0289393,,,,,,,,,1.0,1.0,,90.0,,,,,,,,6.0,,6.6,,,,,1.0,,1.0,,7.0,,49.0,34.0,82.0,0,1.0,89.0,,1.0,,1.0
2022-23,10385607,32,3,Arsenal,Home,904835,438098,Fábio Vieira,fabio-vieira,M,False,1.0,,,18.0,5.0,22.0,,1.0,1.0,,,,,,,,2.0,,,0.206767,0.1043,,,,,,,,,1.0,,57.0,,,,,,,,9.0,,6.7,,,2.0,,,,2.0,,2.0,,25.0,6.0,29.0,2,,36.0,1.0,1.0,,
2022-23,10385607,32,3,Arsenal,Home,922573,444145,Gabriel Martinelli,gabriel-martinelli,F,False,2.0,,,34.0,5.0,37.0,,1.0,3.0,1.0,,,1.0,,1.0,5.0,7.0,,,0.474791,0.3612,0.2504,1.0,,1.0,,,,,6.0,,85.0,1.0,,,,,,,20.0,,8.4,,,1.0,,,6.0,6.0,,,,48.0,5.0,47.0,2,1.0,72.0,3.0,1.0,4.0,1.0
2022-23,10385607,32,3,Arsenal,Home,934235,223340,Bukayo Saka,bukayo-saka,F,False,2.0,,,35.0,4.0,37.0,2.0,1.0,4.0,1.0,,1.0,1.0,,1.0,8.0,11.0,,,0.492791,0.278,0.6133,1.0,1.0,1.0,,,,,5.0,,90.0,1.0,,,,,,,16.0,,9.0,,,,,,5.0,8.0,,,,45.0,5.0,42.0,2,3.0,67.0,1.0,5.0,2.0,2.0
2022-23,10385607,32,3,Arsenal,Home,976037,440854,Jakub Kiwior,jakub-kiwior,D,True,,,,,,,,,,,,,,,,,,,,,,,,,,,,,,,,,,,,,,,,,,,,,,,,,,,,,,,,0,,,,,,
2022-23,10385607,32,3,Arsenal,Home,1138843,535262,Reuell Walters,walters-reuell,D,True,,,,,,,,,,,,,,,,,,,,,,,,,,,,,,,,,,,,,,,,,,,,,,,,,,,,,,,,0,,,,,,
2022-23,10385636,33,3,Arsenal,Away,117777,84450,Granit Xhaka,granit-xhaka,M,False,,,2.0,6.0,9.0,15.0,,1.0,2.0,,,,,,1.0,1.0,5.0,,,0.0310827,0.0321,0.0425,,,,,,,,1.0,,60.0,1.0,,,,,,,4.0,,6.8,,,,,,2.0,,,2.0,,8.0,10.0,18.0,1,,26.0,,2.0,2.0,
2022-23,10385636,33,3,Arsenal,Away,132874,85955,Jorginho,jorginho,M,True,,,2.0,13.0,14.0,27.0,,,2.0,,,,,,,,,,,0.0174243,0.0,0.0,,,,,,,2.0,,,30.0,,,,,,,,2.0,,6.7,,,,,,,,,2.0,,15.0,14.0,29.0,0,,32.0,,,,
2022-23,10385636,33,3,Arsenal,Away,135666,116216,Leandro Trossard,leandro-trossard,F,True,,,,5.0,5.0,10.0,,,,,,,,,1.0,1.0,1.0,,,0.129124,0.0,0.0,,1.0,,,,,,1.0,,30.0,,,,,,,,4.0,,6.7,,,,,,,1.0,,,,7.0,5.0,11.0,0,,16.0,1.0,1.0,,
2022-23,10385636,33,3,Arsenal,Away,287643,206325,Oleksandr Zinchenko,oleksandr-zinchenko,D,False,,,1.0,16.0,31.0,47.0,1.0,2.0,8.0,,,1.0,1.0,,,3.0,4.0,,,0.0214753,0.0479,0.0,1.0,,,,,,1.0,1.0,,90.0,,,,,,,,11.0,,6.2,,,,,1.0,1.0,1.0,,2.0,,18.0,37.0,54.0,1,1.0,68.0,,,1.0,
2022-23,10385636,33,3,Arsenal,Away,316148,167199,Thomas Partey,thomas-partey,M,False,,,2.0,15.0,23.0,38.0,,1.0,5.0,,,,1.0,,1.0,5.0,8.0,,,0.025847,0.0985,0.0,3.0,,,,,,,1.0,,90.0,,,,,,,,6.0,,6.7,,,1.0,,1.0,2.0,,,3.0,,16.0,24.0,40.0,1,2.0,57.0,2.0,3.0,2.0,1.0
2022-23,10385636,33,3,Arsenal,Away,366592,192895,Kieran Tierney,kieran-tierney,D,True,,,,,,,,,,,,,,,,,,,,,,0.0,,,,,,,,,,,,,,,,,,,,,,,,,,,,,,,,,,0,,,,,,
2022-23,10385636,33,3,Arsenal,Away,547410,184029,Martin Ødegaard,martin-degaard,M,False,,,,10.0,13.0,23.0,,1.0,7.0,,,,,,,,3.0,,,0.0355383,0.0,0.0,,,,,,,,1.0,,71.0,,,,,,,,5.0,,6.6,,,,,,,1.0,,,,14.0,14.0,27.0,0,1.0,32.0,,1.0,,
2022-23,10385636,33,3,Arsenal,Away,793228,156074,Rob Holding,rob-holding,D,False,,,2.0,10.0,63.0,73.0,2.0,1.0,7.0,,,1.0,1.0,,,5.0,3.0,,,0.0971643,0.1647,0.1184,2.0,,1.0,,,,1.0,,1.0,90.0,1.0,1.0,,,,,,7.0,,7.0,,,,,2.0,,,,6.0,,15.0,65.0,80.0,2,2.0,89.0,,,,1.0
2022-23,10385636,33,3,Arsenal,Away,794839,205651,Gabriel Jesus,gabriel-jesus,F,False,,,,7.0,8.0,15.0,5.0,2.0,1.0,,,,,,2.0,9.0,6.0,,,0.00193159,0.0,0.0,1.0,,,,,,,,,80.0,,,,,,,,9.0,,6.5,,,,,,2.0,,,,1.0,11.0,9.0,20.0,0,1.0,28.0,1.0,2.0,1.0,1.0
2022-23,10385636,33,3,Arsenal,Away,826139,200641,Reiss Nelson,reiss-nelson,M,True,,,,3.0,2.0,5.0,,,1.0,,,,,,1.0,1.0,3.0,,,0.00538585,0.0,0.0,,,,,,,,,,10.0,,,,,,,,3.0,,6.6,,,,,,1.0,1.0,,,,4.0,3.0,6.0,0,,11.0,,2.0,1.0,
2022-23,10385636,33,3,Arsenal,Away,833943,224068,Matt Turner,matt-turner,G,True,,,,,,,,,,,,,,,,,,,,,,0.0,,,,,,,,,,,,,,,,,,,,,,,,,,,,,,,,,,0,,,,,,
2022-23,10385636,33,3,Arsenal,Away,839410,225321,Aaron Ramsdale,aaron-ramsdale,G,False,,,3.0,2.0,16.0,18.0,,,3.0,,,,,,,,,,,0.00133085,0.0,0.0,,,,-1.3874,,,,,,90.0,,,,,,,,13.0,,6.6,5.0,5.0,,,2.0,,,,16.0,,13.0,18.0,31.0,0,,40.0,,,,
2022-23,10385636,33,3,Arsenal,Away,846036,198869,Ben White,ben-white,D,False,,,,9.0,30.0,39.0,,1.0,3.0,,,,3.0,,,6.0,2.0,,,0.00410693,0.0,0.0,3.0,,,,,,1.0,,,90.0,,1.0,,,,,,8.0,,5.7,,,,,3.0,,,,3.0,,15.0,31.0,46.0,0,1.0,61.0,1.0,,,
2022-23,10385636,33,3,Arsenal,Away,858194,205533,Eddie Nketiah,eddie-nketiah,F,True,,,,,,,,,,,,,,,,1.0,,,,0.0,0.0,0.0,,,,,,,,,,10.0,,,,,,,,3.0,,6.3,,,,,,1.0,1.0,,,,2.0,,1.0,0,,4.0,,,,
2022-23,10385636,33,3,Arsenal,Away,867445,209289,Emile Smith Rowe,emile-smith-rowe,M,True,,,1.0,2.0,3.0,5.0,,,1.0,,,,,,,,,,,0.00128247,0.0,0.0,,,,,,,,,,19.0,,,,,,,,1.0,,6.4,,,,,,,,,1.0,,3.0,3.0,6.0,0,,6.0,,,,
2022-23,10385636,33,3,Arsenal,Away,869792,226597,Gabriel Magalhães,gabriel-magalhaes,D,False,,,2.0,9.0,42.0,51.0,3.0,2.0,4.0,,,1.0,1.0,,,4.0,2.0,,,0.0497941,0.0815,0.0,,,,,,,,,,90.0,,,,,,,,11.0,,5.9,,,1.0,,1.0,,,,4.0,,12.0,49.0,61.0,2,,68.0,,,,
2022-23,10385636,33,3,Arsenal,Away,904835,438098,Fábio Vieira,fabio-vieira,M,True,,,,,,,,,,,,,,,,,,,,,,0.0,,,,,,,,,,,,,,,,,,,,,,,,,,,,,,,,,,0,,,,,,
2022-23,10385636,33,3,Arsenal,Away,922573,444145,Gabriel Martinelli,gabriel-martinelli,F,False,,,,5.0,1.0,6.0,3.0,,,,,,,,,4.0,2.0,,,0.0122917,0.0,0.0,1.0,,,,,,,,,60.0,,,,,,,,2.0,,6.6,,,,,1.0,,,,,,6.0,2.0,8.0,0,2.0,11.0,,,,1.0
2022-23,10385636,33,3,Arsenal,Away,934235,223340,Bukayo Saka,bukayo-saka,F,False,,,,12.0,3.0,15.0,1.0,1.0,,,,,,,2.0,6.0,3.0,,,0.0204942,0.0562,0.0,2.0,,,,,,,,,80.0,,,,,,,,13.0,,6.5,,,1.0,,1.0,3.0,3.0,,,,19.0,3.0,19.0,1,,35.0,3.0,,2.0,
2022-23,10385636,33,3,Arsenal,Away,976037,440854,Jakub Kiwior,jakub-kiwior,D,True,,,,,,,,,,,,,,,,,,,,,,0.0,,,,,,,,,,,,,,,,,,,,,,,,,,,,,,,,,,0,,,,,,
2022-23,11205391,34,3,Arsenal,Home,117777,84450,Granit Xhaka,granit-xhaka,M,False,1.0,,1.0,19.0,15.0,33.0,1.0,,2.0,1.0,1.0,1.0,5.0,,3.0,10.0,2.0,,,0.139357,0.553,1.1142,,2.0,,,,,,2.0,,90.0,3.0,,,,,,,10.0,,7.1,,,,,,3.0,1.0,,1.0,,22.0,17.0,38.0,4,,51.0,,,2.0,
2022-23,11205391,34,3,Arsenal,Home,132874,85955,Jorginho,jorginho,M,False,,,,38.0,24.0,62.0,,,9.0,,,,1.0,,,2.0,3.0,,,0.0253256,0.0,0.0,1.0,,,,,,,,,86.0,,1.0,,,,,,8.0,,6.8,,,,,,,,,1.0,,45.0,24.0,69.0,0,,76.0,1.0,3.0,,
2022-23,11205391,34,3,Arsenal,Home,135666,116216,Leandro Trossard,leandro-trossard,F,False,2.0,,2.0,15.0,9.0,22.0,,,6.0,,,,1.0,,2.0,3.0,4.0,,,0.495718,0.0,0.0,,,,,,,,2.0,,59.0,,,,,,,,12.0,,7.3,,,,,,1.0,6.0,,2.0,,23.0,10.0,27.0,0,,45.0,,3.0,1.0,
2022-23,11205391,34,3,Arsenal,Home,287643,206325,Oleksandr Zinchenko,oleksandr-zinchenko,D,False,,,3.0,37.0,21.0,58.0,,3.0,5.0,,,,1.0,,,2.0,6.0,,,0.0661264,0.0,0.0,,,,,,,1.0,,,73.0,,,,,,,,9.0,,7.1,,,,,2.0,1.0,,,4.0,,40.0,25.0,65.0,0,3.0,78.0,,,,2.0
2022-23,11205391,34,3,Arsenal,Home,316148,167199,Thomas Partey,thomas-partey,M,True,,,,,1.0,1.0,1.0,,,,,,,,,1.0,,,,4.56e-06,0.0,0.0,,,,,,,,,,10.0,,,,,,,,3.0,,6.4,,,,,,,,,,,1.0,3.0,4.0,0,,5.0,,,,
2022-23,11205391,34,3,Arsenal,Home,366592,192895,Kieran Tierney,kieran-tierney,D,True,,,,1.0,2.0,3.0,1.0,,,,,,,,,1.0,2.0,,,0.00026605,0.0,0.0,,,,,,,,,,17.0,,,,,,,,3.0,,6.7,,,,,1.0,,,,2.0,,2.0,3.0,5.0,0,2.0,10.0,,,,1.0
2022-23,11205391,34,3,Arsenal,Home,547410,184029,Martin Ødegaard,martin-degaard,M,False,,,1.0,33.0,8.0,41.0,,,5.0,,,,,,1.0,2.0,2.0,,,0.116764,0.3626,0.6656,,,2.0,,,,1.0,2.0,,90.0,3.0,,,,,,,13.0,,8.7,,,,,2.0,2.0,2.0,,2.0,,42.0,9.0,49.0,3,1.0,64.0,1.0,,1.0,
2022-23,11205391,34,3,Arsenal,Home,793228,156074,Rob Holding,rob-holding,D,True,,,,,3.0,3.0,1.0,,,,,,,,,1.0,,,,5.617e-05,0.0,0.0,,,,,,,,,,11.0,,,,,,,,1.0,,6.5,,,,,1.0,,,,,,1.0,3.0,4.0,0,,6.0,,,,
2022-23,11205391,34,3,Arsenal,Home,794839,205651,Gabriel Jesus,gabriel-jesus,F,False,,,1.0,24.0,13.0,37.0,6.0,,6.0,,1.0,1.0,,,2.0,12.0,4.0,,,0.450223,0.2852,0.6799,4.0,,1.0,,,,,2.0,,90.0,1.0,,,,,,,7.0,,7.1,,,1.0,,1.0,,1.0,,1.0,1.0,26.0,13.0,38.0,3,1.0,57.0,3.0,3.0,,
2022-23,11205391,34,3,Arsenal,Home,826139,200641,Reiss Nelson,reiss-nelson,M,True,,,,3.0,4.0,7.0,,,2.0,,,,1.0,,,3.0,,,,0.00175847,0.0,0.0,1.0,,,,,,,,,16.0,,,,,,,,3.0,,6.3,,,,,,1.0,1.0,,,,4.0,5.0,8.0,0,,12.0,,,,
2022-23,11205391,34,3,Arsenal,Home,833943,224068,Matt Turner,matt-turner,G,True,,,,,,,,,,,,,,,,,,,,,,0.0,,,,,,,,,,,,,,,,,,,,,,,,,,,,,,,,,,0,,,,,,
2022-23,11205391,34,3,Arsenal,Home,839410,225321,Aaron Ramsdale,aaron-ramsdale,G,False,,,3.0,3.0,13.0,16.0,,,10.0,,,,,,,,,,,0.00187964,0.0,0.0,,,,0.3519,,,,,,90.0,,,,,,,,11.0,,7.0,3.0,3.0,,,,,,,14.0,,14.0,13.0,27.0,0,,35.0,,,,
2022-23,11205391,34,3,Arsenal,Home,846036,198869,Ben White,ben-white,D,False,1.0,,5.0,30.0,18.0,47.0,1.0,3.0,8.0,,,,,,,2.0,5.0,,,0.148743,0.0,0.0,1.0,,,,,,1.0,2.0,,90.0,,,,,,,,10.0,,7.1,,,,,,,2.0,,5.0,,35.0,22.0,55.0,0,1.0,65.0,,1.0,,
2022-23,11205391,34,3,Arsenal,Home,858194,205533,Eddie Nketiah,eddie-nketiah,F,True,,,,,,,,,,,,,,,,,,,,,,0.0,,,,,,,,,,,,,,,,,,,,,,,,,,,,,,,,,,0,,,,,,
2022-23,11205391,34,3,Arsenal,Home,867445,209289,Emile Smith Rowe,emile-smith-rowe,M,True,,,,,,,,,,,,,,,,,,,,,,0.0,,,,,,,,,,,,,,,,,,,,,,,,,,,,,,,,,,0,,,,,,
2022-23,11205391,34,3,Arsenal,Home,869792,226597,Gabriel Magalhães,gabriel-magalhaes,D,False,,,2.0,22.0,33.0,55.0,2.0,3.0,1.0,,,,,,1.0,4.0,4.0,,,0.00509255,0.2366,0.0,2.0,,,,,,1.0,,,85.0,1.0,,,,,,,6.0,,6.7,,,,,1.0,,,,4.0,,25.0,34.0,59.0,1,1.0,71.0,1.0,,,1.0
2022-23,11205391,34,3,Arsenal,Home,904835,438098,Fábio Vieira,fabio-vieira,M,True,,,,,,,,,,,,,,,,,,,,,,0.0,,,,,,,,,,,,,,,,,,,,,,,,,,,,,,,,,,0,,,,,,
2022-23,11205391,34,3,Arsenal,Home,922573,444145,Gabriel Martinelli,gabriel-martinelli,F,True,,,,6.0,1.0,7.0,3.0,,,,,,,,,3.0,,,,0.00700088,0.0,0.0,1.0,,,,,,,,,31.0,,,,,,,,3.0,,6.5,,,,,,,2.0,,,,8.0,1.0,7.0,0,,13.0,1.0,,,
2022-23,11205391,34,3,Arsenal,Home,934235,223340,Bukayo Saka,bukayo-saka,F,False,,,1.0,17.0,8.0,25.0,,2.0,2.0,,,1.0,,,,2.0,6.0,,,0.0801499,0.3207,0.5947,,,,,,,,1.0,,74.0,2.0,,,,,,,12.0,,7.3,,,2.0,,,4.0,3.0,,3.0,,25.0,9.0,31.0,5,2.0,48.0,1.0,,2.0,
2022-23,11205391,34,3,Arsenal,Home,976037,440854,Jakub Kiwior,jakub-kiwior,D,False,,,,9.0,44.0,53.0,4.0,1.0,7.0,,,,,,,4.0,2.0,,,0.00357637,0.0,0.0,,,,,,,3.0,,,90.0,,1.0,,,,,,4.0,,7.0,,,,,4.0,,,,,,11.0,46.0,57.0,0,1.0,71.0,,,,
2022-23,10385658,35,3,Arsenal,Away,117777,84450,Granit Xhaka,granit-xhaka,M,False,,,3.0,11.0,16.0,27.0,3.0,1.0,6.0,,,,,,,5.0,3.0,,,0.166409,0.0,0.0,1.0,,,,,,,1.0,,90.0,,1.0,,,,,,7.0,,7.1,,,,,4.0,1.0,,,4.0,,15.0,18.0,33.0,0,2.0,45.0,,,,2.0
2022-23,10385658,35,3,Arsenal,Away,132874,85955,Jorginho,jorginho,M,False,,,,17.0,27.0,44.0,1.0,,9.0,,,,3.0,,2.0,6.0,6.0,,,0.0309908,0.0,0.0,,1.0,,,,,2.0,2.0,,90.0,,,,,,,,11.0,,6.9,,,,,2.0,,,,2.0,,21.0,32.0,53.0,0,2.0,69.0,,4.0,,1.0
2022-23,10385658,35,3,Arsenal,Away,135666,116216,Leandro Trossard,leandro-trossard,F,True,,,,,,,,,1.0,,,,,,,1.0,1.0,,,0.0,0.0,0.0,,,,,,,,,,10.0,,,,,,,,3.0,,6.4,,,,,,1.0,,,,,,,,0,1.0,5.0,2.0,,,1.0
2022-23,10385658,35,3,Arsenal,Away,287643,206325,Oleksandr Zinchenko,oleksandr-zinchenko,D,False,,,,16.0,19.0,35.0,1.0,3.0,5.0,,,,,,,2.0,3.0,,,0.0096455,0.0,0.0,1.0,,,,,,1.0,,,61.0,,,,,,,,6.0,,6.8,,,,,3.0,,,,1.0,,20.0,19.0,39.0,0,,51.0,,,,
2022-23,10385658,35,3,Arsenal,Away,316148,167199,Thomas Partey,thomas-partey,M,True,,,,1.0,1.0,2.0,,,1.0,,,,,,,,2.0,,,0.00028427,0.0,0.0,,,,,,,,,,10.0,,,,,,,,1.0,,6.7,,,,,,1.0,,,,,2.0,1.0,3.0,0,,6.0,,1.0,1.0,
2022-23,10385658,35,3,Arsenal,Away,366592,192895,Kieran Tierney,kieran-tierney,D,True,,,,1.0,2.0,3.0,,,3.0,,,,,,,,2.0,,,0.0196583,0.0,0.0,,,,,,,,,,29.0,,,,,,,,3.0,,6.8,,,,,2.0,,,,1.0,,3.0,3.0,6.0,0,1.0,14.0,,1.0,,1.0
2022-23,10385658,35,3,Arsenal,Away,547410,184029,Martin Ødegaard,martin-degaard,M,False,,,,14.0,8.0,22.0,,,4.0,1.0,1.0,,4.0,,1.0,7.0,4.0,,,0.184116,0.5002,1.3834,1.0,,1.0,,,,,2.0,,80.0,3.0,,,,,,,11.0,,7.3,,,,,1.0,2.0,2.0,,2.0,,21.0,10.0,29.0,3,1.0,43.0,,2.0,1.0,1.0
2022-23,10385658,35,3,Arsenal,Away,793228,156074,Rob Holding,rob-holding,D,True,,,,,,,,,,,,,,,,,,,,,,0.0,,,,,,,,,,,,,,,,,,,,,,,,,,,,,,,,,,0,,,,,,
2022-23,10385658,35,3,Arsenal,Away,794839,205651,Gabriel Jesus,gabriel-jesus,F,False,,,,10.0,4.0,14.0,3.0,4.0,4.0,,,1.0,2.0,,3.0,14.0,9.0,,,0.0561706,0.066,0.0287,4.0,,,,,,1.0,1.0,,87.0,1.0,,,,,,,18.0,,6.7,,,,,,3.0,1.0,,,1.0,15.0,5.0,19.0,2,1.0,50.0,6.0,3.0,1.0,1.0
2022-23,10385658,35,3,Arsenal,Away,826139,200641,Reiss Nelson,reiss-nelson,M,True,,,,,,,,,,,,,,,,,,,,0.0,0.0,0.0,,,,,,,,,,10.0,,,,,,,,,,6.6,,,,,2.0,,,,,,,,,0,,4.0,,,,
2022-23,10385658,35,3,Arsenal,Away,833943,224068,Matt Turner,matt-turner,G,True,,,,,,,,,,,,,,,,,,,,,,0.0,,,,,,,,,,,,,,,,,,,,,,,,,,,,,,,,,,0,,,,,,
2022-23,10385658,35,3,Arsenal,Away,839410,225321,Aaron Ramsdale,aaron-ramsdale,G,False,,,4.0,3.0,10.0,13.0,,1.0,13.0,,,,,,,,2.0,,,0.00102292,0.0,0.0,,,,0.8113,2.0,,,,,90.0,,,,,,,,16.0,,7.9,3.0,5.0,,,1.0,,,,20.0,,19.0,10.0,29.0,0,,46.0,,1.0,,
2022-23,10385658,35,3,Arsenal,Away,846036,198869,Ben White,ben-white,D,False,,,,13.0,13.0,26.0,,,5.0,,,,1.0,,,2.0,,,,0.035117,0.0,0.0,,,,,,,1.0,,,90.0,,1.0,,,,,,8.0,,6.8,,,,,3.0,1.0,,,4.0,,16.0,15.0,31.0,0,,49.0,,,,
2022-23,10385658,35,3,Arsenal,Away,858194,205533,Eddie Nketiah,eddie-nketiah,F,True,,,,,,,,,,,,,,,,1.0,1.0,,,0.0,0.0,0.0,2.0,,,,,,,,,10.0,,,,,,,,3.0,,6.5,,,,,,,,,,,1.0,,1.0,0,1.0,4.0,2.0,,,
2022-23,10385658,35,3,Arsenal,Away,867445,209289,Emile Smith Rowe,emile-smith-rowe,M,True,,,,,,,,,,,,,,,,,,,,,,0.0,,,,,,,,,,,,,,,,,,,,,,,,,,,,,,,,,,0,,,,,,
2022-23,10385658,35,3,Arsenal,Away,869792,226597,Gabriel Magalhães,gabriel-magalhaes,D,False,,,1.0,4.0,30.0,34.0,2.0,1.0,5.0,,,,,,,2.0,2.0,,,0.00114237,0.0,0.0,,,,,,,2.0,,,90.0,,,,,,,,6.0,,7.0,,,,,2.0,,,,3.0,,7.0,32.0,39.0,0,1.0,45.0,1.0,,,1.0
2022-23,10385658,35,3,Arsenal,Away,904835,438098,Fábio Vieira,fabio-vieira,M,True,,,,,,,,,,,,,,,,,,,,,,0.0,,,,,,,,,,,,,,,,,,,,,,,,,,,,,,,,,,0,,,,,,
2022-23,10385658,35,3,Arsenal,Away,922573,444145,Gabriel Martinelli,gabriel-martinelli,F,False,,,,9.0,3.0,12.0,3.0,,3.0,1.0,1.0,,,,3.0,8.0,9.0,,,0.0829131,0.4093,0.2965,1.0,,,,,1.0,,2.0,,80.0,1.0,,,,,,,14.0,,7.5,,,2.0,,,4.0,,,,,12.0,3.0,15.0,3,5.0,39.0,6.0,1.0,3.0,4.0
2022-23,10385658,35,3,Arsenal,Away,934235,223340,Bukayo Saka,bukayo-saka,F,False,,,1.0,12.0,5.0,17.0,2.0,,4.0,,,1.0,2.0,,2.0,8.0,9.0,,,0.0472516,0.2931,0.1295,2.0,,,,,,,1.0,,87.0,1.0,,,,,,,11.0,,7.2,,,,,,,2.0,,1.0,,16.0,6.0,20.0,2,6.0,43.0,3.0,3.0,,4.0
2022-23,10385658,35,3,Arsenal,Away,976037,440854,Jakub Kiwior,jakub-kiwior,D,False,,,,3.0,22.0,25.0,2.0,2.0,2.0,,,,,,,2.0,4.0,,,0.00221234,0.0,0.0,,,,,,,1.0,,,90.0,,1.0,,,,,,4.0,,7.2,,,,,4.0,,,,3.0,,6.0,23.0,29.0,0,2.0,39.0,,,,2.0
2022-23,10385684,36,3,Arsenal,Home,117777,84450,Granit Xhaka,granit-xhaka,M,False,,,,10.0,9.0,19.0,,1.0,2.0,,,,,,,1.0,3.0,,,0.0151638,0.0982,0.0,1.0,,,,,,,2.0,,60.0,,,,,,,,6.0,,6.9,,,1.0,,,,,,1.0,1.0,14.0,10.0,24.0,1,1.0,31.0,1.0,1.0,,
2022-23,10385684,36,3,Arsenal,Home,132874,85955,Jorginho,jorginho,M,False,,,,11.0,14.0,25.0,,1.0,6.0,,,,2.0,,,2.0,7.0,,,0.0066453,0.0,0.0,,,,,,,1.0,,,60.0,,,,,,,,5.0,,6.8,,,,,,,,,1.0,,14.0,15.0,29.0,0,2.0,37.0,1.0,4.0,,2.0
2022-23,10385684,36,3,Arsenal,Home,135666,116216,Leandro Trossard,leandro-trossard,F,True,2.0,,1.0,10.0,4.0,12.0,1.0,,5.0,,,,3.0,,3.0,8.0,2.0,1.0,,0.34321,0.161,0.0267,,,,,,1.0,1.0,2.0,,70.0,1.0,,,,,,,13.0,,6.3,,,1.0,,,1.0,3.0,,1.0,,13.0,5.0,15.0,2,,37.0,3.0,2.0,,
2022-23,10385684,36,3,Arsenal,Home,316148,167199,Thomas Partey,thomas-partey,M,True,,,,9.0,9.0,18.0,,,1.0,1.0,,,,,1.0,2.0,2.0,,,0.0553754,0.0,0.0,1.0,,,,,,,2.0,,30.0,,,,,,,,4.0,,6.6,,,,,,,,,1.0,,12.0,9.0,21.0,0,1.0,24.0,,1.0,,
2022-23,10385684,36,3,Arsenal,Home,366592,192895,Kieran Tierney,kieran-tierney,D,False,,,2.0,9.0,9.0,18.0,1.0,1.0,4.0,,,,,,,1.0,5.0,,,0.00414934,0.0,0.0,,,,,,,1.0,,,90.0,,,,,,,,9.0,,6.5,,,,,1.0,,1.0,,3.0,,14.0,13.0,26.0,0,3.0,39.0,,1.0,,1.0
2022-23,10385684,36,3,Arsenal,Home,547410,184029,Martin Ødegaard,martin-degaard,M,False,,,1.0,12.0,9.0,21.0,,,2.0,,,,1.0,,1.0,3.0,1.0,,,0.0688407,0.0964,0.0,1.0,,,,,,,2.0,,77.0,,,,,,,,10.0,,6.6,,,2.0,,,,,,2.0,,17.0,12.0,29.0,2,,37.0,1.0,1.0,,
2022-23,10385684,36,3,Arsenal,Home,793228,156074,Rob Holding,rob-holding,D,True,,,,,,,,,,,,,,,,,,,,,,0.0,,,,,,,,,,,,,,,,,,,,,,,,,,,,,,,,,,0,,,,,,
2022-23,10385684,36,3,Arsenal,Home,794839,205651,Gabriel Jesus,gabriel-jesus,F,False,,,,5.0,2.0,7.0,6.0,,1.0,,,1.0,,,1.0,10.0,3.0,,,0.0463109,0.0831,0.2166,3.0,,,,,,,2.0,,77.0,1.0,,,,,,,9.0,,6.8,,,,,1.0,1.0,,,1.0,,11.0,2.0,13.0,2,2.0,27.0,2.0,,1.0,
2022-23,10385684,36,3,Arsenal,Home,826139,200641,Reiss Nelson,reiss-nelson,M,True,,,,2.0,3.0,5.0,,,1.0,,,2.0,1.0,,1.0,6.0,3.0,,,0.00431205,0.1075,0.0,3.0,,,,,,,,,30.0,,,,,,,,4.0,,6.5,,,1.0,,,3.0,,,,,4.0,3.0,7.0,3,1.0,16.0,,,2.0,
2022-23,10385684,36,3,Arsenal,Home,833943,224068,Matt Turner,matt-turner,G,True,,,,,,,,,,,,,,,,,,,,,,0.0,,,,,,,,,,,,,,,,,,,,,,,,,,,,,,,,,,0,,,,,,
2022-23,10385684,36,3,Arsenal,Home,839410,225321,Aaron Ramsdale,aaron-ramsdale,G,False,,1.0,3.0,4.0,12.0,16.0,,,8.0,,,,,,,,,,,0.00142847,0.0,0.0,,,,-1.0888,1.0,,,,,90.0,,,,,,,,18.0,,6.1,1.0,3.0,,,1.0,,,1.0,21.0,,19.0,15.0,34.0,0,,43.0,,,,
2022-23,10385684,36,3,Arsenal,Home,846036,198869,Ben White,ben-white,D,False,,,1.0,15.0,15.0,30.0,1.0,,4.0,,,,2.0,,,4.0,4.0,,,0.0129172,0.0,0.0,1.0,,,,,,,,,90.0,,1.0,,,,,,7.0,,6.4,,,,,,,2.0,,1.0,,21.0,15.0,34.0,0,4.0,49.0,,,,1.0
2022-23,10385684,36,3,Arsenal,Home,858194,205533,Eddie Nketiah,eddie-nketiah,F,True,,,,3.0,2.0,5.0,,,,,,,,,1.0,1.0,,,,0.004056,0.0,0.0,,,,,,,,1.0,,13.0,,,,,,,,1.0,,6.5,,,,,,,,,,,3.0,2.0,5.0,0,,7.0,,,,
2022-23,10385684,36,3,Arsenal,Home,867445,209289,Emile Smith Rowe,emile-smith-rowe,M,True,,,1.0,5.0,2.0,7.0,,,1.0,,,,,,,1.0,,,,0.0403034,0.0,0.0,,,,,,,,,,13.0,,,,,,,,2.0,,6.2,,,,,,1.0,,,1.0,,6.0,2.0,8.0,0,,9.0,,,,
2022-23,10385684,36,3,Arsenal,Home,869792,226597,Gabriel Magalhães,gabriel-magalhaes,D,False,,,3.0,5.0,25.0,30.0,1.0,3.0,3.0,,1.0,,,,,3.0,4.0,,,0.00142359,0.2686,0.0,2.0,,,,,,2.0,,,90.0,,,,,,,,9.0,,6.2,,,2.0,,1.0,,,,6.0,,10.0,29.0,39.0,2,1.0,48.0,,,,
2022-23,10385684,36,3,Arsenal,Home,904835,438098,Fábio Vieira,fabio-vieira,M,True,,,,,,,,,,,,,,,,,,,,,,0.0,,,,,,,,,,,,,,,,,,,,,,,,,,,,,,,,,,0,,,,,,
2022-23,10385684,36,3,Arsenal,Home,922573,444145,Gabriel Martinelli,gabriel-martinelli,F,False,,,,1.0,1.0,2.0,,1.0,3.0,,,,,,,1.0,3.0,,,0.00035056,0.0,0.0,1.0,,,,,,,,,20.0,,,,,,,,1.0,,6.8,,,,,,1.0,1.0,,,,2.0,1.0,2.0,0,,6.0,,2.0,1.0,
2022-23,10385684,36,3,Arsenal,Home,934235,223340,Bukayo Saka,bukayo-saka,F,False,,,1.0,16.0,4.0,20.0,1.0,1.0,4.0,,,1.0,2.0,,3.0,7.0,13.0,,,0.0330703,0.1047,0.0,,,,,,,,1.0,,90.0,,,,,,,,15.0,,7.3,,,1.0,,,5.0,4.0,,1.0,,26.0,4.0,26.0,2,4.0,51.0,1.0,4.0,4.0,1.0
2022-23,10385684,36,3,Arsenal,Home,976037,440854,Jakub Kiwior,jakub-kiwior,D,False,,,1.0,12.0,29.0,41.0,,,7.0,,,,2.0,,,2.0,1.0,,,0.00348563,0.0,0.0,,,,,,,2.0,,,90.0,,,,,,,,7.0,,6.1,,,,,2.0,,,,3.0,,18.0,30.0,48.0,0,1.0,56.0,,,,1.0
2022-23,10385684,36,3,Arsenal,Home,1138843,535262,Reuell Walters,walters-reuell,D,True,,,,,,,,,,,,,,,,,,,,,,0.0,,,,,,,,,,,,,,,,,,,,,,,,,,,,,,,,,,0,,,,,,
2022-23,10385719,37,3,Arsenal,Away,117777,84450,Granit Xhaka,granit-xhaka,M,False,,,,7.0,12.0,19.0,,,3.0,,,,1.0,,,1.0,,,,0.00569889,0.0,0.0,,,,,,,2.0,,,63.0,,,,,,,,4.0,,6.5,,,,,1.0,,,,1.0,,8.0,14.0,22.0,0,,26.0,1.0,,,
2022-23,10385719,37,3,Arsenal,Away,132874,85955,Jorginho,jorginho,M,False,,,,89.0,20.0,109.0,,1.0,8.0,,,1.0,1.0,,,1.0,4.0,,,0.0879885,0.0562,0.0,1.0,,,,,,,,,90.0,,,,,,,,12.0,,6.9,,,1.0,,1.0,,,,4.0,,97.0,22.0,119.0,2,1.0,129.0,1.0,2.0,,1.0
2022-23,10385719,37,3,Arsenal,Away,135666,116216,Leandro Trossard,leandro-trossard,F,False,,,,19.0,4.0,23.0,,,5.0,,,,,,2.0,3.0,2.0,,,0.222202,0.1055,0.0,,,,,,,,1.0,,70.0,,,,,,,,15.0,,6.8,,,2.0,,,1.0,1.0,,2.0,1.0,27.0,5.0,31.0,2,2.0,44.0,3.0,,,
2022-23,10385719,37,3,Arsenal,Away,316148,167199,Thomas Partey,thomas-partey,M,False,,,1.0,83.0,24.0,107.0,,3.0,7.0,,,,,,1.0,2.0,8.0,,,0.103654,0.0,0.0,1.0,,,,,,2.0,,,90.0,,,,,,,,13.0,,7.3,,,,,1.0,3.0,2.0,,3.0,,92.0,27.0,117.0,0,1.0,135.0,,1.0,3.0,
2022-23,10385719,37,3,Arsenal,Away,366592,192895,Kieran Tierney,kieran-tierney,D,True,,,,8.0,2.0,10.0,,2.0,1.0,,,,1.0,,,3.0,2.0,,,0.0187758,0.054,0.0,1.0,,,,,,1.0,,,27.0,,,,,,,,8.0,,6.4,,,1.0,,,1.0,3.0,,1.0,,12.0,3.0,12.0,1,,26.0,2.0,,,
2022-23,10385719,37,3,Arsenal,Away,547410,184029,Martin Ødegaard,martin-degaard,M,False,,,2.0,57.0,7.0,64.0,1.0,1.0,4.0,,,,1.0,,,3.0,4.0,1.0,,0.111823,0.0197,0.0,1.0,,,,,,,1.0,,90.0,,,,,,,,10.0,,6.5,,,1.0,,1.0,1.0,,,4.0,,65.0,9.0,74.0,1,1.0,81.0,,1.0,1.0,1.0
2022-23,10385719,37,3,Arsenal,Away,793228,156074,Rob Holding,rob-holding,D,True,,,,,,,,,,,,,,,,,,,,,,0.0,,,,,,,,,,,,,,,,,,,,,,,,,,,,,,,,,,0,,,,,,
2022-23,10385719,37,3,Arsenal,Away,794839,205651,Gabriel Jesus,gabriel-jesus,F,False,,,,14.0,4.0,18.0,1.0,4.0,6.0,,,,1.0,,6.0,11.0,5.0,,,0.0619699,0.3161,0.0682,1.0,,,,,1.0,,1.0,,90.0,2.0,,,,,,,22.0,,6.5,,,2.0,,1.0,3.0,1.0,,1.0,,17.0,7.0,23.0,4,1.0,49.0,6.0,1.0,,1.0
2022-23,10385719,37,3,Arsenal,Away,833943,224068,Matt Turner,matt-turner,G,True,,,,,,,,,,,,,,,,,,,,,,0.0,,,,,,,,,,,,,,,,,,,,,,,,,,,,,,,,,,0,,,,,,
2022-23,10385719,37,3,Arsenal,Away,839410,225321,Aaron Ramsdale,aaron-ramsdale,G,False,,,1.0,1.0,17.0,18.0,,,9.0,,,,,,,,,,,0.00020003,0.0,0.0,,,,-0.4696,2.0,,,,,90.0,,,,,,,,1.0,,6.5,1.0,1.0,,,1.0,,,,2.0,,2.0,17.0,19.0,0,,32.0,,,,
2022-23,10385719,37,3,Arsenal,Away,846036,198869,Ben White,ben-white,D,False,,,2.0,74.0,32.0,106.0,1.0,2.0,7.0,,,,,,,2.0,4.0,,1.0,0.140772,0.0,0.0,1.0,,,,,,,1.0,,90.0,,,,,,,,8.0,,7.0,,,,,2.0,,,,5.0,,78.0,35.0,113.0,0,1.0,118.0,1.0,1.0,,
2022-23,10385719,37,3,Arsenal,Away,858194,205533,Eddie Nketiah,eddie-nketiah,F,True,,,,4.0,,4.0,,,,,,,1.0,,,2.0,,,,0.0174129,0.0,0.0,1.0,,,,,,,,,27.0,,,,,,,,,,6.4,,,,,,,,,,,4.0,,4.0,0,,4.0,,,,
2022-23,10385719,37,3,Arsenal,Away,867445,209289,Emile Smith Rowe,emile-smith-rowe,M,True,,,,,,,,,,,,,,,,,,,,,,0.0,,,,,,,,,,,,,,,,,,,,,,,,,,,,,,,,,,0,,,,,,
2022-23,10385719,37,3,Arsenal,Away,869792,226597,Gabriel Magalhães,gabriel-magalhaes,D,False,,,2.0,57.0,30.0,87.0,4.0,9.0,6.0,,,,,,,6.0,11.0,,,0.0477332,0.0,0.0,2.0,,,,,,1.0,1.0,,90.0,,1.0,,,,,,9.0,,7.2,,,,,3.0,,1.0,,3.0,,60.0,36.0,95.0,0,,109.0,,2.0,,
2022-23,10385719,37,3,Arsenal,Away,904835,438098,Fábio Vieira,fabio-vieira,M,True,,,,9.0,1.0,10.0,,1.0,2.0,,,,,,1.0,1.0,1.0,,,0.00697764,0.0,0.0,,,,,,,,1.0,,20.0,,,,,,,,4.0,,6.6,,,,,1.0,,1.0,,,,10.0,3.0,12.0,0,,15.0,,,,
2022-23,10385719,37,3,Arsenal,Away,934235,223340,Bukayo Saka,bukayo-saka,F,False,1.0,,2.0,36.0,6.0,41.0,,,2.0,,,,1.0,,1.0,7.0,3.0,,,0.0839554,0.0908,0.1458,3.0,,,,,,,2.0,,90.0,1.0,,,,,,,18.0,,7.0,,,,,,3.0,9.0,,2.0,,49.0,6.0,46.0,1,1.0,67.0,2.0,1.0,1.0,
2022-23,10385719,37,3,Arsenal,Away,976037,440854,Jakub Kiwior,jakub-kiwior,D,False,,,,14.0,14.0,28.0,2.0,4.0,,,,,,,,2.0,4.0,,,0.0089939,0.0,0.0,,,,,,,,,,63.0,,,,,,,,10.0,,6.4,,,,,,,1.0,,2.0,,17.0,21.0,37.0,0,,46.0,,,,
2022-23,10385719,37,3,Arsenal,Away,1089546,504751,Mauro Bandeira,mauro-bandeira,M,True,,,,,,,,,,,,,,,,,,,,,,0.0,,,,,,,,,,,,,,,,,,,,,,,,,,,,,,,,,,0,,,,,,
2022-23,10385719,37,3,Arsenal,Away,1138842,519324,Amario Cozier-Duberry,amario-cozier-duberry,M,True,,,,,,,,,,,,,,,,,,,,,,0.0,,,,,,,,,,,,,,,,,,,,,,,,,,,,,,,,,,0,,,,,,
2022-23,10385719,37,3,Arsenal,Away,1138843,535262,Reuell Walters,walters-reuell,D,True,,,,,,,,,,,,,,,,,,,,,,0.0,,,,,,,,,,,,,,,,,,,,,,,,,,,,,,,,,,0,,,,,,
2022-23,10385712,38,3,Arsenal,Home,117777,84450,Granit Xhaka,granit-xhaka,M,False,,,,10.0,12.0,22.0,,,1.0,,,,,,,1.0,1.0,,,0.0177795,1.0406,1.5799,1.0,,2.0,,,,,,,75.0,2.0,,,,,,,3.0,,8.5,,,1.0,,2.0,,,,,1.0,11.0,13.0,24.0,3,1.0,33.0,1.0,,,1.0
2022-23,10385712,38,3,Arsenal,Home,132874,85955,Jorginho,jorginho,M,False,,,5.0,28.0,26.0,54.0,,,4.0,,,,3.0,,,5.0,5.0,,,0.0445109,0.0348,0.0,1.0,,,,,,,,,90.0,,,,,,,,9.0,,7.1,,,1.0,,1.0,2.0,,,5.0,,35.0,26.0,61.0,1,4.0,74.0,1.0,,1.0,4.0
2022-23,10385712,38,3,Arsenal,Home,135666,116216,Leandro Trossard,leandro-trossard,F,False,,,1.0,17.0,8.0,25.0,1.0,1.0,4.0,1.0,,1.0,2.0,,,3.0,6.0,,,0.28421,0.122,0.1776,,2.0,,,,,1.0,2.0,,79.0,1.0,,,,,,,8.0,,8.3,,,,,2.0,1.0,4.0,,1.0,,21.0,9.0,26.0,2,2.0,47.0,1.0,2.0,1.0,1.0
2022-23,10385712,38,3,Arsenal,Home,316148,167199,Thomas Partey,thomas-partey,M,False,,,3.0,34.0,19.0,53.0,3.0,2.0,4.0,,,,,,,4.0,7.0,,,0.0403033,0.0,0.0,1.0,,,,,,,,,90.0,,,,,,,,8.0,,7.4,,,,,2.0,2.0,,,4.0,,36.0,20.0,56.0,0,2.0,71.0,2.0,1.0,2.0,1.0
2022-23,10385712,38,3,Arsenal,Home,366592,192895,Kieran Tierney,kieran-tierney,D,True,,,,4.0,1.0,5.0,1.0,1.0,,,,,1.0,,,2.0,1.0,,,0.0092495,0.0,0.0,,,,,,,,,,10.0,,,,,,,,,,6.3,,,,,,,,,,,4.0,1.0,5.0,0,,5.0,,,,
2022-23,10385712,38,3,Arsenal,Home,547410,184029,Martin Ødegaard,martin-degaard,M,False,,,1.0,31.0,7.0,38.0,,,5.0,,,1.0,2.0,,,3.0,4.0,,,0.439036,0.0425,0.0,1.0,,,,,,,3.0,,75.0,,,,,,,,13.0,,7.4,,,,,,3.0,2.0,,1.0,,44.0,7.0,49.0,1,1.0,57.0,,,3.0,1.0
2022-23,10385712,38,3,Arsenal,Home,793228,156074,Rob Holding,rob-holding,D,True,,,,,,,,,,,,,,,,,,,,,,0.0,,,,,,,,,,,,,,,,,,,,,,,,,,,,,,,,,,0,,,,,,
2022-23,10385712,38,3,Arsenal,Home,794839,205651,Gabriel Jesus,gabriel-jesus,F,False,1.0,,1.0,25.0,11.0,35.0,,1.0,4.0,1.0,,,2.0,,,6.0,5.0,,,0.383869,0.3387,0.5144,1.0,1.0,1.0,,,,1.0,1.0,,90.0,1.0,1.0,,,,,,8.0,,8.3,,,,,2.0,4.0,1.0,,2.0,,28.0,12.0,39.0,1,2.0,56.0,,1.0,1.0,2.0
2022-23,10385712,38,3,Arsenal,Home,826139,200641,Reiss Nelson,reiss-nelson,M,True,,,,12.0,2.0,14.0,1.0,1.0,3.0,1.0,,,,,,1.0,1.0,,,0.619631,0.1504,0.0332,,,,,,,,2.0,,30.0,1.0,,,,,,,3.0,,7.1,,,,,1.0,,1.0,,,,13.0,2.0,14.0,1,,20.0,2.0,,,
2022-23,10385712,38,3,Arsenal,Home,833943,224068,Matt Turner,matt-turner,G,True,,,,,,,,,,,,,,,,,,,,,,0.0,,,,,,,,,,,,,,,,,,,,,,,,,,,,,,,,,,0,,,,,,
2022-23,10385712,38,3,Arsenal,Home,839410,225321,Aaron Ramsdale,aaron-ramsdale,G,False,,,4.0,2.0,17.0,19.0,,,2.0,,,,,,,,,,,0.00061338,0.0,0.0,,,,,,,,,,90.0,,,,,,,,10.0,,6.8,,,,,,,,,14.0,,10.0,19.0,29.0,0,,31.0,,,,
2022-23,10385712,38,3,Arsenal,Home,846036,198869,Ben White,ben-white,D,False,,,,15.0,27.0,42.0,1.0,,1.0,,,,1.0,,,3.0,1.0,,,0.00696714,0.0,0.0,1.0,,,,,,,,,90.0,,,,,,,,2.0,,6.7,,,,,2.0,,,,,,15.0,28.0,43.0,0,,47.0,1.0,1.0,,
2022-23,10385712,38,3,Arsenal,Home,858194,205533,Eddie Nketiah,eddie-nketiah,F,True,,,,2.0,1.0,3.0,,,,,1.0,,,,1.0,1.0,,,,0.00202556,0.7315,0.0,,,,,,,,,,11.0,,,,,,,,2.0,,6.0,,,1.0,,,,,,,,3.0,1.0,4.0,1,,6.0,,,,
2022-23,10385712,38,3,Arsenal,Home,867445,209289,Emile Smith Rowe,emile-smith-rowe,M,True,,,1.0,1.0,3.0,4.0,,,2.0,,,,1.0,,1.0,2.0,,,,0.00012428,0.0,0.0,,1.0,,,,,,1.0,,15.0,,,,,,,,1.0,,6.6,,,,,,,,,1.0,,1.0,3.0,4.0,0,,8.0,,,,
2022-23,10385712,38,3,Arsenal,Home,869792,226597,Gabriel Magalhães,gabriel-magalhaes,D,False,,,1.0,18.0,35.0,53.0,2.0,4.0,5.0,,,,,,,3.0,7.0,,,0.0111062,0.0,0.0,1.0,,,,,,,,,90.0,,,,,,,,5.0,,7.2,,,,,2.0,,,,3.0,,19.0,38.0,57.0,0,1.0,67.0,1.0,2.0,,
2022-23,10385712,38,3,Arsenal,Home,904835,438098,Fábio Vieira,fabio-vieira,M,True,,,,5.0,2.0,7.0,,,1.0,,,,,,,,,,,0.00443593,0.0,0.0,,,,,,,,,,15.0,,,,,,,,3.0,,6.5,,,,,,,2.0,,,,7.0,2.0,7.0,0,,11.0,1.0,,,
2022-23,10385712,38,3,Arsenal,Home,934235,223340,Bukayo Saka,bukayo-saka,F,False,,,,14.0,2.0,16.0,1.0,,2.0,,,,3.0,,3.0,7.0,6.0,,,0.0624555,0.2611,0.3785,,,1.0,,,,,1.0,,60.0,2.0,,,,,,,11.0,,7.6,,,1.0,,,2.0,4.0,,,,22.0,2.0,20.0,3,2.0,37.0,,2.0,2.0,2.0
2022-23,10385712,38,3,Arsenal,Home,976037,440854,Jakub Kiwior,jakub-kiwior,D,False,,,,6.0,10.0,16.0,2.0,1.0,4.0,,,,1.0,,,4.0,5.0,,,0.00462524,0.0908,0.2486,1.0,,1.0,,,,,1.0,,80.0,1.0,1.0,,,,,,2.0,,7.6,,,,,,1.0,,,1.0,,7.0,11.0,18.0,1,2.0,29.0,,1.0,1.0,2.0
2022-23,10385712,38,3,Arsenal,Home,1089546,504751,Mauro Bandeira,mauro-bandeira,M,True,,,,,,,,,,,,,,,,,,,,,,0.0,,,,,,,,,,,,,,,,,,,,,,,,,,,,,,,,,,0,,,,,,
2022-23,10385712,38,3,Arsenal,Home,1138843,535262,Reuell Walters,walters-reuell,D,True,,,,,,,,,,,,,,,,,,,,,,0.0,,,,,,,,,,,,,,,,,,,,,,,,,,,,,,,,,,0,,,,,,
