season,matchId,gameweek,team_id,team,venue,playerId,pl_code,playerName,slug,position,substitute,accurateCross,accurateKeeperSweeper,accurateLongBalls,accurateOppositionHalfPasses,accurateOwnHalfPasses,accuratePass,aerialLost,aerialWon,ballRecovery,bigChanceCreated,bigChanceMissed,blockedScoringAttempt,challengeLost,crossNotClaimed,dispossessed,duelLost,duelWon,errorLeadToAGoal,errorLeadToAShot,fouls,goalAssist,goals,goodHighClaim,hitWoodwork,interceptionWon,keyPass,minutesPlayed,onTargetScoringAttempt,outfielderBlock,ownGoals,penaltyConceded,penaltyMiss,penaltySave,penaltyWon,punches,rating,savedShotsFromInsideTheBox,saves,shotOffTarget,substitute.1,totalClearance,totalContest,totalCross,totalKeeperSweeper,totalLongBalls,totalOffside,totalOppositionHalfPasses,totalOwnHalfPasses,totalPass,totalShots,totalTackle,touches,unsuccessfulTouch,wasFouled,wonContest
2014-15,5581524,1,43,Manchester_City,Away,301,15312,Martín Demichelis,martin-demichelis,D,False,,,,,,,,,,,,,,,,,,,,,0.0,0.0,,,,,90.0,,,0.0,,,,,,,,,,,,,,,,,,,,0.0,,,,,
2014-15,5581524,1,43,Manchester_City,Away,532,17336,Gaël Clichy,gael-clichy,D,False,,,,,,,,,,,,,,,,,,,,,0.0,0.0,,,,,90.0,,,0.0,,,,,,,,,,,,,,,,,,,,0.0,,,,,
2014-15,5581524,1,43,Manchester_City,Away,791,15157,James Milner,james-milner,M,True,,,,,,,,,,,,,,,,,,,,,0.0,0.0,,,,,12.0,,,0.0,,,,,,,,,,,,,,,,,,,,0.0,,,,,
2014-15,5581524,1,43,Manchester_City,Away,3544,28554,Samir Nasri,samir-nasri,M,False,,,,,,,,,,,,,,,,,,,,,0.0,0.0,,,,,78.0,,,0.0,,,,,,,,,,,,,,,,,,,,0.0,,,,,
2014-15,5581524,1,43,Manchester_City,Away,6019,17476,Vincent Kompany,vincent-kompany,D,False,,,,,,,,,,,,,,,,,,,,,0.0,0.0,,,,,90.0,,,0.0,,,,,,,,,,,,,,,,,,,,0.0,,,,,
2014-15,5581524,1,43,Manchester_City,Away,11781,20664,David Silva,david-silva,M,False,,,,,,,,,,,,,,,,,,,,,0.0,1.0,,,,,90.0,,,0.0,,,,,,,,,,,,,,,,,,,,0.0,,,,,
2014-15,5581524,1,43,Manchester_City,Away,11796,20658,Pablo Zabaleta,pablo-zabaleta,D,True,,,,,,,,,,,,,,,,,,,,,,,,,,,,,,,,,,,,,,,,,,,,,,,,,,,,,,,
2014-15,5581524,1,43,Manchester_City,Away,11869,17740,Jesús Navas,jesus-navas,D,True,,,,,,,,,,,,,,,,,,,,,,,,,,,,,,,,,,,,,,,,,,,,,,,,,,,,,,,
2014-15,5581524,1,43,Manchester_City,Away,13630,27789,Fernandinho,fernandinho,M,True,,,,,,,,,,,,,,,,,,,,,0.0,0.0,,,,,17.0,,,0.0,,,,,,,,,,,,,,,,,,,,0.0,,,,,
2014-15,5581524,1,43,Manchester_City,Away,14468,14664,Yaya Touré,yaya-toure,M,False,,,,,,,,,,,,,,,,,,,,,0.0,0.0,,,,,90.0,,,0.0,,,,,,,,,,,,,,,,,,,,0.0,,,,,
2014-15,5581524,1,43,Manchester_City,Away,14990,42544,Edin Džeko,edin-dzeko,F,False,,,,,,,,,,,,,,,,,,,,,1.0,0.0,,,,,83.0,,,0.0,,,,,,,,,,,,,,,,,,,,0.0,,,,,
2014-15,5581524,1,43,Manchester_City,Away,16817,15749,Joe Hart,joe-hart,G,False,,,,,,,,,,,,,,,,,,,,,0.0,0.0,,,,,90.0,,,0.0,,,,,,,,,,,,,,,,,,,,0.0,,,,,
2014-15,5581524,1,43,Manchester_City,Away,17094,37572,Sergio Agüero,sergio-aguero,F,True,,,,,,,,,,,,,,,,,,,,,0.0,1.0,,,,,7.0,,,0.0,,,,,,,,,,,,,,,,,,,,0.0,,,,,
2014-15,5581524,1,43,Manchester_City,Away,26097,42593,Aleksandar Kolarov,aleksandar-kolarov,D,False,,,,,,,,,,,,,,,,,,,,,0.0,0.0,,,,,90.0,,,0.0,,,,,,,,,,,,,,,,,,,,0.0,,,,,
2014-15,5581524,1,43,Manchester_City,Away,37126,50442,Stevan Jovetić,stevan-jovetic,F,False,,,,,,,,,,,,,,,,,,,,,0.0,0.0,,,,,73.0,,,0.0,,,,,,,,,,,,,,,,,,,,0.0,,,,,
2014-15,5581524,1,43,Manchester_City,Away,41837,52538,Fernando,fernando-reges,M,False,,,,,,,,,,,,,,,,,,,,,0.0,0.0,,,,,90.0,,,0.0,,,,,,,,,,,,,,,,,,,,0.0,,,,,
2014-15,5581524,1,43,Manchester_City,Away,52741,20310,Willy Caballero,willy-caballero,G,True,,,,,,,,,,,,,,,,,,,,,,,,,,,,,,,,,,,,,,,,,,,,,,,,,,,,,,,
2014-15,5581524,1,43,Manchester_City,Away,103928,80235,Dedryck Boyata,dedryck-boyata,D,True,,,,,,,,,,,,,,,,,,,,,,,,,,,,,,,,,,,,,,,,,,,,,,,,,,,,,,,
2014-15,5582462,2,43,Manchester_City,Home,301,15312,Martín Demichelis,martin-demichelis,D,False,,,1.0,,,33.0,,1.0,9.0,,,,1.0,,1.0,3.0,2.0,,,1.0,0.0,0.0,,,2.0,,90.0,,,0.0,,,,,,6.6,,,,,6.0,,,,4.0,,,,40.0,0.0,1.0,,,,
2014-15,5582462,2,43,Manchester_City,Home,532,17336,Gaël Clichy,gael-clichy,D,False,1.0,,2.0,,,57.0,1.0,1.0,3.0,,,,,,,2.0,4.0,,,1.0,0.0,0.0,,,2.0,1.0,90.0,,,0.0,,,,,,6.9,,,,,4.0,1.0,2.0,,9.0,,,,73.0,0.0,2.0,,2.0,,1.0
2014-15,5582462,2,43,Manchester_City,Home,791,15157,James Milner,james-milner,M,True,,,,,,,,,,,,,,,,,,,,,,,,,,,,,,,,,,,,,,,,,,,,,,,,,,,,,,,
2014-15,5582462,2,43,Manchester_City,Home,1053,37748,Bacary Sagna,bacary-sagna,D,True,,,,,,,,,,,,,,,,,,,,,,,,,,,,,,,,,,,,,,,,,,,,,,,,,,,,,,,
2014-15,5582462,2,43,Manchester_City,Home,3544,28554,Samir Nasri,samir-nasri,M,False,1.0,,1.0,,,69.0,1.0,,4.0,1.0,,,1.0,,3.0,8.0,3.0,,,2.0,1.0,0.0,,,,3.0,90.0,,,0.0,,,,,,6.9,,,,,,2.0,4.0,,1.0,,,,77.0,0.0,1.0,,,1.0,1.0
2014-15,5582462,2,43,Manchester_City,Home,6019,17476,Vincent Kompany,vincent-kompany,D,False,,,4.0,,,29.0,1.0,,5.0,,,,2.0,,,4.0,1.0,,,1.0,0.0,0.0,,,,,90.0,,,0.0,,,,,,6.3,,,,,6.0,,,,7.0,,,,34.0,0.0,,,,1.0,
2014-15,5582462,2,43,Manchester_City,Home,11781,20664,David Silva,david-silva,M,False,,,,,,39.0,,,5.0,,,,2.0,,2.0,4.0,1.0,,1.0,,0.0,0.0,,,1.0,,65.0,,,0.0,,,,,,6.2,,,,,,,1.0,,2.0,,,,51.0,0.0,,,1.0,1.0,
2014-15,5582462,2,43,Manchester_City,Home,11796,20658,Pablo Zabaleta,pablo-zabaleta,D,False,,,3.0,,,31.0,,,2.0,,,,2.0,,1.0,5.0,4.0,,,1.0,0.0,0.0,,,,,90.0,,,1.0,,,,,,6.2,,,1.0,,1.0,1.0,1.0,,4.0,,,,36.0,1.0,4.0,,2.0,,
2014-15,5582462,2,43,Manchester_City,Home,11869,17740,Jesús Navas,jesus-navas,D,True,,,1.0,,,13.0,,,2.0,1.0,,,,,1.0,1.0,1.0,,,,1.0,0.0,,,,1.0,25.0,,,0.0,,,,,,7.1,,,,,,,2.0,,3.0,,,,18.0,0.0,1.0,,1.0,,
2014-15,5582462,2,43,Manchester_City,Home,13630,27789,Fernandinho,fernandinho,M,True,,,,,,11.0,,,1.0,,,,,,,1.0,2.0,,,,0.0,0.0,,,1.0,1.0,10.0,,,0.0,,,,,,6.9,,,,,,1.0,,,,,,,12.0,0.0,2.0,,,,
2014-15,5582462,2,43,Manchester_City,Home,14468,14664,Yaya Touré,yaya-toure,M,False,,,3.0,,,85.0,2.0,,5.0,,,1.0,,,,4.0,4.0,,,2.0,0.0,0.0,,,,,90.0,1.0,,0.0,,,,,,7.4,,,,,,1.0,1.0,,3.0,,,,91.0,2.0,2.0,,,1.0,1.0
2014-15,5582462,2,43,Manchester_City,Home,14990,42544,Edin Džeko,edin-dzeko,F,False,,,,,,18.0,1.0,2.0,1.0,,,,,,2.0,6.0,4.0,,,2.0,0.0,0.0,,,,,68.0,,,0.0,,,,,,6.5,,,1.0,,3.0,1.0,1.0,,,1.0,,,21.0,1.0,1.0,,2.0,1.0,
2014-15,5582462,2,43,Manchester_City,Home,16817,15749,Joe Hart,joe-hart,G,False,,,3.0,,,17.0,,2.0,7.0,,,,,,,,2.0,,,,0.0,0.0,2.0,,,,90.0,,,0.0,,,,,3.0,7.1,3.0,3.0,,,3.0,,,,7.0,,,,21.0,0.0,,,,,
2014-15,5582462,2,43,Manchester_City,Home,17094,37572,Sergio Agüero,sergio-aguero,F,True,,,1.0,,,8.0,,,,,,,,,1.0,1.0,,,,,0.0,1.0,,,,,22.0,1.0,,0.0,,,,,,7.2,,,1.0,,,,,,1.0,,,,8.0,2.0,,,,,
2014-15,5582462,2,43,Manchester_City,Home,26097,42593,Aleksandar Kolarov,aleksandar-kolarov,D,True,,,,,,,,,,,,,,,,,,,,,,,,,,,,,,,,,,,,,,,,,,,,,,,,,,,,,,,
2014-15,5582462,2,43,Manchester_City,Home,37126,50442,Stevan Jovetić,stevan-jovetic,F,False,,,,,,35.0,1.0,1.0,3.0,,,,,,,1.0,4.0,,,,0.0,2.0,,,3.0,1.0,80.0,2.0,,0.0,,,,,,8.4,,,1.0,,,1.0,,,1.0,,,,41.0,3.0,,,,2.0,1.0
2014-15,5582462,2,43,Manchester_City,Home,41837,52538,Fernando,fernando-reges,M,False,,,4.0,,,61.0,1.0,,7.0,,,,1.0,,2.0,6.0,2.0,,,3.0,0.0,0.0,,,1.0,,90.0,,,0.0,,,,,,6.8,,,,,2.0,,,,5.0,,,,63.0,0.0,2.0,,,,
2014-15,5582462,2,43,Manchester_City,Home,52741,20310,Willy Caballero,willy-caballero,G,True,,,,,,,,,,,,,,,,,,,,,,,,,,,,,,,,,,,,,,,,,,,,,,,,,,,,,,,
2014-15,5582480,3,43,Manchester_City,Home,301,15312,Martín Demichelis,martin-demichelis,D,False,,,,,,,,,,,,,,,,,,,,,0.0,0.0,,,,,90.0,,,0.0,,,,,,,,,,,,,,,,,,,,0.0,,,,,
2014-15,5582480,3,43,Manchester_City,Home,532,17336,Gaël Clichy,gael-clichy,D,True,,,,,,,,,,,,,,,,,,,,,,,,,,,,,,,,,,,,,,,,,,,,,,,,,,,,,,,
2014-15,5582480,3,43,Manchester_City,Home,791,15157,James Milner,james-milner,M,True,,,,,,,,,,,,,,,,,,,,,,,,,,,,,,,,,,,,,,,,,,,,,,,,,,,,,,,
2014-15,5582480,3,43,Manchester_City,Home,1053,37748,Bacary Sagna,bacary-sagna,D,False,,,,,,,,,,,,,,,,,,,,,0.0,0.0,,,,,90.0,,,0.0,,,,,,,,,,,,,,,,,,,,0.0,,,,,
2014-15,5582480,3,43,Manchester_City,Home,3544,28554,Samir Nasri,samir-nasri,M,False,,,,,,,,,,,,,,,,,,,,,0.0,0.0,,,,,63.0,,,0.0,,,,,,,,,,,,,,,,,,,,0.0,,,,,
2014-15,5582480,3,43,Manchester_City,Home,6019,17476,Vincent Kompany,vincent-kompany,D,False,,,,,,,,,,,,,,,,,,,,,0.0,0.0,,,,,90.0,,,0.0,,,,,,,,,,,,,,,,,,,,0.0,,,,,
2014-15,5582480,3,43,Manchester_City,Home,11781,20664,David Silva,david-silva,M,False,,,,,,,,,,,,,,,,,,,,,0.0,0.0,,,,,90.0,,,0.0,,,,,,,,,,,,,,,,,,,,0.0,,,,,
2014-15,5582480,3,43,Manchester_City,Home,11796,20658,Pablo Zabaleta,pablo-zabaleta,D,True,,,,,,,,,,,,,,,,,,,,,,,,,,,,,,,,,,,,,,,,,,,,,,,,,,,,,,,
2014-15,5582480,3,43,Manchester_City,Home,11869,17740,Jesús Navas,jesus-navas,D,True,,,,,,,,,,,,,,,,,,,,,0.0,0.0,,,,,27.0,,,0.0,,,,,,,,,,,,,,,,,,,,0.0,,,,,
2014-15,5582480,3,43,Manchester_City,Home,13630,27789,Fernandinho,fernandinho,M,True,,,,,,,,,,,,,,,,,,,,,0.0,0.0,,,,,52.0,,,0.0,,,,,,,,,,,,,,,,,,,,0.0,,,,,
2014-15,5582480,3,43,Manchester_City,Home,14468,14664,Yaya Touré,yaya-toure,M,False,,,,,,,,,,,,,,,,,,,,,0.0,0.0,,,,,90.0,,,0.0,,,,,,,,,,,,,,,,,,,,0.0,,,,,
2014-15,5582480,3,43,Manchester_City,Home,14990,42544,Edin Džeko,edin-dzeko,F,True,,,,,,,,,,,,,,,,,,,,,0.0,0.0,,,,,27.0,,,0.0,,,,,,,,,,,,,,,,,,,,0.0,,,,,
2014-15,5582480,3,43,Manchester_City,Home,16817,15749,Joe Hart,joe-hart,G,False,,,,,,,,,,,,,,,,,,,,,0.0,0.0,,,,,90.0,,,0.0,,,,,,,,,,,,,,,,,,,,0.0,,,,,
2014-15,5582480,3,43,Manchester_City,Home,17094,37572,Sergio Agüero,sergio-aguero,F,False,,,,,,,,,,,,,,,,,,,,,0.0,0.0,,,,,90.0,,,0.0,,,,,,,,,,,,,,,,,,,,0.0,,,,,
2014-15,5582480,3,43,Manchester_City,Home,26097,42593,Aleksandar Kolarov,aleksandar-kolarov,D,False,,,,,,,,,,,,,,,,,,,,,0.0,0.0,,,,,90.0,,,0.0,,,,,,,,,,,,,,,,,,,,0.0,,,,,
2014-15,5582480,3,43,Manchester_City,Home,37126,50442,Stevan Jovetić,stevan-jovetic,F,False,,,,,,,,,,,,,,,,,,,,,0.0,0.0,,,,,63.0,,,0.0,,,,,,,,,,,,,,,,,,,,0.0,,,,,
2014-15,5582480,3,43,Manchester_City,Home,41837,52538,Fernando,fernando-reges,M,False,,,,,,,,,,,,,,,,,,,,,0.0,0.0,,,,,38.0,,,0.0,,,,,,,,,,,,,,,,,,,,0.0,,,,,
2014-15,5582480,3,43,Manchester_City,Home,52741,20310,Willy Caballero,willy-caballero,G,True,,,,,,,,,,,,,,,,,,,,,,,,,,,,,,,,,,,,,,,,,,,,,,,,,,,,,,,
2014-15,5582492,4,43,Manchester_City,Away,301,15312,Martín Demichelis,martin-demichelis,D,False,,,,,,,,,,,,,,,,,,,,,0.0,1.0,,,,,90.0,,,0.0,,,,,,,,,,,,,,,,,,,,0.0,,,,,
2014-15,5582492,4,43,Manchester_City,Away,532,17336,Gaël Clichy,gael-clichy,D,False,,,,,,,,,,,,,,,,,,,,,0.0,0.0,,,,,90.0,,,0.0,,,,,,,,,,,,,,,,,,,,0.0,,,,,
2014-15,5582492,4,43,Manchester_City,Away,791,15157,James Milner,james-milner,M,False,,,,,,,,,,,,,,,,,,,,,0.0,0.0,,,,,90.0,,,0.0,,,,,,,,,,,,,,,,,,,,0.0,,,,,
2014-15,5582492,4,43,Manchester_City,Away,1053,37748,Bacary Sagna,bacary-sagna,D,True,,,,,,,,,,,,,,,,,,,,,,,,,,,,,,,,,,,,,,,,,,,,,,,,,,,,,,,
2014-15,5582492,4,43,Manchester_City,Away,1216,2051,Frank Lampard,frank-lampard,M,False,,,,,,,,,,,,,,,,,,,,,0.0,0.0,,,,,45.0,,,0.0,,,,,,,,,,,,,,,,,,,,0.0,,,,,
2014-15,5582492,4,43,Manchester_City,Away,3544,28554,Samir Nasri,samir-nasri,M,True,,,,,,,,,,,,,,,,,,,,,0.0,0.0,,,,,45.0,,,0.0,,,,,,,,,,,,,,,,,,,,0.0,,,,,
2014-15,5582492,4,43,Manchester_City,Away,6019,17476,Vincent Kompany,vincent-kompany,D,False,,,,,,,,,,,,,,,,,,,,,0.0,0.0,,,,,90.0,,,0.0,,,,,,,,,,,,,,,,,,,,0.0,,,,,
2014-15,5582492,4,43,Manchester_City,Away,11781,20664,David Silva,david-silva,M,False,,,,,,,,,,,,,,,,,,,,,0.0,0.0,,,,,90.0,,,0.0,,,,,,,,,,,,,,,,,,,,0.0,,,,,
2014-15,5582492,4,43,Manchester_City,Away,11796,20658,Pablo Zabaleta,pablo-zabaleta,D,False,,,,,,,,,,,,,,,,,,,,,0.0,0.0,,,,,90.0,,,0.0,,,,,,,,,,,,,,,,,,,,0.0,,,,,
2014-15,5582492,4,43,Manchester_City,Away,11869,17740,Jesús Navas,jesus-navas,D,False,,,,,,,,,,,,,,,,,,,,,1.0,0.0,,,,,90.0,,,0.0,,,,,,,,,,,,,,,,,,,,0.0,,,,,
2014-15,5582492,4,43,Manchester_City,Away,13630,27789,Fernandinho,fernandinho,M,False,,,,,,,,,,,,,,,,,,,,,0.0,0.0,,,,,77.0,,,0.0,,,,,,,,,,,,,,,,,,,,0.0,,,,,
2014-15,5582492,4,43,Manchester_City,Away,14990,42544,Edin Džeko,edin-dzeko,F,True,,,,,,,,,,,,,,,,,,,,,0.0,0.0,,,,,23.0,,,0.0,,,,,,,,,,,,,,,,,,,,0.0,,,,,
2014-15,5582492,4,43,Manchester_City,Away,16817,15749,Joe Hart,joe-hart,G,False,,,,,,,,,,,,,,,,,,,,,0.0,0.0,,,,,90.0,,,0.0,,,,,,,,,,,,,,,,,,,,0.0,,,,,
2014-15,5582492,4,43,Manchester_City,Away,17094,37572,Sergio Agüero,sergio-aguero,F,False,,,,,,,,,,,,,,,,,,,,,0.0,1.0,,,,,67.0,,,0.0,,,,,,,,,,,,,,,,,,,,0.0,,,,,
2014-15,5582492,4,43,Manchester_City,Away,24055,19688,Scott Sinclair,scott-sinclair,M,True,,,,,,,,,,,,,,,,,,,,,,,,,,,,,,,,,,,,,,,,,,,,,,,,,,,,,,,
2014-15,5582492,4,43,Manchester_City,Away,26097,42593,Aleksandar Kolarov,aleksandar-kolarov,D,True,,,,,,,,,,,,,,,,,,,,,1.0,0.0,,,,,13.0,,,0.0,,,,,,,,,,,,,,,,,,,,0.0,,,,,
2014-15,5582492,4,43,Manchester_City,Away,42892,57112,Eliaquim Mangala,eliaquim-mangala,D,True,,,,,,,,,,,,,,,,,,,,,,,,,,,,,,,,,,,,,,,,,,,,,,,,,,,,,,,
2014-15,5582492,4,43,Manchester_City,Away,52741,20310,Willy Caballero,willy-caballero,G,True,,,,,,,,,,,,,,,,,,,,,,,,,,,,,,,,,,,,,,,,,,,,,,,,,,,,,,,
2014-15,5582520,5,43,Manchester_City,Home,301,15312,Martín Demichelis,martin-demichelis,D,True,,,,,,,,,,,,,,,,,,,,,,,,,,,,,,,,,,,,,,,,,,,,,,,,,,,,,,,
2014-15,5582520,5,43,Manchester_City,Home,532,17336,Gaël Clichy,gael-clichy,D,True,,,,,,,,,,,,,,,,,,,,,,,,,,,,,,,,,,,,,,,,,,,,,,,,,,,,,,,
2014-15,5582520,5,43,Manchester_City,Home,791,15157,James Milner,james-milner,M,False,,,,,,,,,,,,,,,,,,,,,1.0,0.0,,,,,90.0,,,0.0,,,,,,,,,,,,,,,,,,,,0.0,,,,,
2014-15,5582520,5,43,Manchester_City,Home,1053,37748,Bacary Sagna,bacary-sagna,D,True,,,,,,,,,,,,,,,,,,,,,0.0,0.0,,,,,20.0,,,0.0,,,,,,,,,,,,,,,,,,,,0.0,,,,,
2014-15,5582520,5,43,Manchester_City,Home,1216,2051,Frank Lampard,frank-lampard,M,True,,,,,,,,,,,,,,,,,,,,,0.0,1.0,,,,,12.0,,,0.0,,,,,,,,,,,,,,,,,,,,0.0,,,,,
2014-15,5582520,5,43,Manchester_City,Home,3544,28554,Samir Nasri,samir-nasri,M,True,,,,,,,,,,,,,,,,,,,,,,,,,,,,,,,,,,,,,,,,,,,,,,,,,,,,,,,
2014-15,5582520,5,43,Manchester_City,Home,6019,17476,Vincent Kompany,vincent-kompany,D,False,,,,,,,,,,,,,,,,,,,,,0.0,0.0,,,,,90.0,,,0.0,,,,,,,,,,,,,,,,,,,,0.0,,,,,
2014-15,5582520,5,43,Manchester_City,Home,11781,20664,David Silva,david-silva,M,False,,,,,,,,,,,,,,,,,,,,,0.0,0.0,,,,,90.0,,,0.0,,,,,,,,,,,,,,,,,,,,0.0,,,,,
2014-15,5582520,5,43,Manchester_City,Home,11796,20658,Pablo Zabaleta,pablo-zabaleta,D,False,,,,,,,,,,,,,,,,,,,,,0.0,0.0,,,,,66.0,,,0.0,,,,,,,,,,,,,,,,,,,,0.0,,,,,
2014-15,5582520,5,43,Manchester_City,Home,11869,17740,Jesús Navas,jesus-navas,D,True,,,,,,,,,,,,,,,,,,,,,0.0,0.0,,,,,17.0,,,0.0,,,,,,,,,,,,,,,,,,,,0.0,,,,,
2014-15,5582520,5,43,Manchester_City,Home,13630,27789,Fernandinho,fernandinho,M,False,,,,,,,,,,,,,,,,,,,,,0.0,0.0,,,,,73.0,,,0.0,,,,,,,,,,,,,,,,,,,,0.0,,,,,
2014-15,5582520,5,43,Manchester_City,Home,14468,14664,Yaya Touré,yaya-toure,M,False,,,,,,,,,,,,,,,,,,,,,0.0,0.0,,,,,90.0,,,0.0,,,,,,,,,,,,,,,,,,,,0.0,,,,,
2014-15,5582520,5,43,Manchester_City,Home,14990,42544,Edin Džeko,edin-dzeko,F,False,,,,,,,,,,,,,,,,,,,,,0.0,0.0,,,,,70.0,,,0.0,,,,,,,,,,,,,,,,,,,,0.0,,,,,
2014-15,5582520,5,43,Manchester_City,Home,16817,15749,Joe Hart,joe-hart,G,False,,,,,,,,,,,,,,,,,,,,,0.0,0.0,,,,,90.0,,,0.0,,,,,,,,,,,,,,,,,,,,0.0,,,,,
2014-15,5582520,5,43,Manchester_City,Home,17094,37572,Sergio Agüero,sergio-aguero,F,False,,,,,,,,,,,,,,,,,,,,,0.0,0.0,,,,,90.0,,,0.0,,,,,,,,,,,,,,,,,,,,0.0,,,,,
2014-15,5582520,5,43,Manchester_City,Home,26097,42593,Aleksandar Kolarov,aleksandar-kolarov,D,False,,,,,,,,,,,,,,,,,,,,,0.0,0.0,,,,,78.0,,,0.0,,,,,,,,,,,,,,,,,,,,0.0,,,,,
2014-15,5582520,5,43,Manchester_City,Home,42892,57112,Eliaquim Mangala,eliaquim-mangala,D,False,,,,,,,,,,,,,,,,,,,,,0.0,0.0,,,,,90.0,,,0.0,,,,,,,,,,,,,,,,,,,,0.0,,,,,
2014-15,5582520,5,43,Manchester_City,Home,52741,20310,Willy Caballero,willy-caballero,G,True,,,,,,,,,,,,,,,,,,,,,,,,,,,,,,,,,,,,,,,,,,,,,,,,,,,,,,,
2014-15,5582538,6,43,Manchester_City,Away,301,15312,Martín Demichelis,martin-demichelis,D,True,,,,,,,,,,,,,,,,,,,,,0.0,0.0,,,,,12.0,,,0.0,,,,,,,,,,,,,,,,,,,,0.0,,,,,
2014-15,5582538,6,43,Manchester_City,Away,532,17336,Gaël Clichy,gael-clichy,D,False,,,,,,,,,,,,,,,,,,,,,0.0,0.0,,,,,90.0,,,0.0,,,,,,,,,,,,,,,,,,,,0.0,,,,,
2014-15,5582538,6,43,Manchester_City,Away,791,15157,James Milner,james-milner,M,False,,,,,,,,,,,,,,,,,,,,,0.0,0.0,,,,,90.0,,,0.0,,,,,,,,,,,,,,,,,,,,0.0,,,,,
2014-15,5582538,6,43,Manchester_City,Away,1053,37748,Bacary Sagna,bacary-sagna,D,True,,,,,,,,,,,,,,,,,,,,,,,,,,,,,,,,,,,,,,,,,,,,,,,,,,,,,,,
2014-15,5582538,6,43,Manchester_City,Away,1216,2051,Frank Lampard,frank-lampard,M,True,,,,,,,,,,,,,,,,,,,,,0.0,1.0,,,,,18.0,,,0.0,,,,,,,,,,,,,,,,,,,,0.0,,,,,
2014-15,5582538,6,43,Manchester_City,Away,6019,17476,Vincent Kompany,vincent-kompany,D,False,,,,,,,,,,,,,,,,,,,,,0.0,0.0,,,,,90.0,,,0.0,,,,,,,,,,,,,,,,,,,,0.0,,,,,
2014-15,5582538,6,43,Manchester_City,Away,11781,20664,David Silva,david-silva,M,False,,,,,,,,,,,,,,,,,,,,,2.0,0.0,,,,,78.0,,,0.0,,,,,,,,,,,,,,,,,,,,0.0,,,,,
2014-15,5582538,6,43,Manchester_City,Away,11796,20658,Pablo Zabaleta,pablo-zabaleta,D,False,,,,,,,,,,,,,,,,,,,,,1.0,0.0,,,,,90.0,,,0.0,,,,,,,,,,,,,,,,,,,,0.0,,,,,
2014-15,5582538,6,43,Manchester_City,Away,11869,17740,Jesús Navas,jesus-navas,D,True,,,,,,,,,,,,,,,,,,,,,0.0,0.0,,,,,24.0,,,0.0,,,,,,,,,,,,,,,,,,,,0.0,,,,,
2014-15,5582538,6,43,Manchester_City,Away,13630,27789,Fernandinho,fernandinho,M,False,,,,,,,,,,,,,,,,,,,,,0.0,0.0,,,,,66.0,,,0.0,,,,,,,,,,,,,,,,,,,,0.0,,,,,
2014-15,5582538,6,43,Manchester_City,Away,14468,14664,Yaya Touré,yaya-toure,M,False,,,,,,,,,,,,,,,,,,,,,0.0,0.0,,,,,90.0,,,0.0,,,,,,,,,,,,,,,,,,,,0.0,,,,,
2014-15,5582538,6,43,Manchester_City,Away,14990,42544,Edin Džeko,edin-dzeko,F,False,,,,,,,,,,,,,,,,,,,,,0.0,2.0,,,,,90.0,,,0.0,,,,,,,,,,,,,,,,,,,,0.0,,,,,
2014-15,5582538,6,43,Manchester_City,Away,16817,15749,Joe Hart,joe-hart,G,True,,,,,,,,,,,,,,,,,,,,,,,,,,,,,,,,,,,,,,,,,,,,,,,,,,,,,,,
2014-15,5582538,6,43,Manchester_City,Away,17094,37572,Sergio Agüero,sergio-aguero,F,False,,,,,,,,,,,,,,,,,,,,,0.0,1.0,,,,,72.0,,,0.0,,,,,,,,,,,,,,,,,,,,0.0,,,,,
2014-15,5582538,6,43,Manchester_City,Away,26097,42593,Aleksandar Kolarov,aleksandar-kolarov,D,True,,,,,,,,,,,,,,,,,,,,,,,,,,,,,,,,,,,,,,,,,,,,,,,,,,,,,,,
2014-15,5582538,6,43,Manchester_City,Away,42892,57112,Eliaquim Mangala,eliaquim-mangala,D,False,,,,,,,,,,,,,,,,,,,,,0.0,0.0,,,,,90.0,,,1.0,,,,,,,,,,,,,,,,,,,,0.0,,,,,
2014-15,5582538,6,43,Manchester_City,Away,52741,20310,Willy Caballero,willy-caballero,G,False,,,,,,,,,,,,,,,,,,,,,0.0,0.0,,,,,90.0,,,0.0,,,,,,,,,,,,,,,,,,,,0.0,,,,,
2014-15,5582538,6,43,Manchester_City,Away,608370,114323,José Pozo,jose-pozo,M,True,,,,,,,,,,,,,,,,,,,,,,,,,,,,,,,,,,,,,,,,,,,,,,,,,,,,,,,
2014-15,5582552,7,43,Manchester_City,Away,301,15312,Martín Demichelis,martin-demichelis,D,True,,,,,,,,,,,,,,,,,,,,,,,,,,,,,,,,,,,,,,,,,,,,,,,,,,,,,,,
2014-15,5582552,7,43,Manchester_City,Away,791,15157,James Milner,james-milner,M,False,,,,,,,,,,,,,,,,,,,,,1.0,0.0,,,,,90.0,,,0.0,,,,,,,,,,,,,,,,,,,,0.0,,,,,
2014-15,5582552,7,43,Manchester_City,Away,1053,37748,Bacary Sagna,bacary-sagna,D,True,,,,,,,,,,,,,,,,,,,,,,,,,,,,,,,,,,,,,,,,,,,,,,,,,,,,,,,
2014-15,5582552,7,43,Manchester_City,Away,1216,2051,Frank Lampard,frank-lampard,M,True,,,,,,,,,,,,,,,,,,,,,0.0,0.0,,,,,34.0,,,0.0,,,,,,,,,,,,,,,,,,,,0.0,,,,,
2014-15,5582552,7,43,Manchester_City,Away,6019,17476,Vincent Kompany,vincent-kompany,D,False,,,,,,,,,,,,,,,,,,,,,0.0,0.0,,,,,90.0,,,0.0,,,,,,,,,,,,,,,,,,,,0.0,,,,,
2014-15,5582552,7,43,Manchester_City,Away,11781,20664,David Silva,david-silva,M,False,,,,,,,,,,,,,,,,,,,,,0.0,0.0,,,,,84.0,,,0.0,,,,,,,,,,,,,,,,,,,,0.0,,,,,
2014-15,5582552,7,43,Manchester_City,Away,11796,20658,Pablo Zabaleta,pablo-zabaleta,D,False,,,,,,,,,,,,,,,,,,,,,0.0,0.0,,,,,90.0,,,0.0,,,,,,,,,,,,,,,,,,,,0.0,,,,,
2014-15,5582552,7,43,Manchester_City,Away,11869,17740,Jesús Navas,jesus-navas,D,True,,,,,,,,,,,,,,,,,,,,,0.0,0.0,,,,,6.0,,,0.0,,,,,,,,,,,,,,,,,,,,0.0,,,,,
2014-15,5582552,7,43,Manchester_City,Away,13630,27789,Fernandinho,fernandinho,M,False,,,,,,,,,,,,,,,,,,,,,0.0,0.0,,,,,56.0,,,0.0,,,,,,,,,,,,,,,,,,,,0.0,,,,,
2014-15,5582552,7,43,Manchester_City,Away,14468,14664,Yaya Touré,yaya-toure,M,False,,,,,,,,,,,,,,,,,,,,,0.0,1.0,,,,,90.0,,,0.0,,,,,,,,,,,,,,,,,,,,0.0,,,,,
2014-15,5582552,7,43,Manchester_City,Away,14990,42544,Edin Džeko,edin-dzeko,F,False,,,,,,,,,,,,,,,,,,,,,0.0,0.0,,,,,64.0,,,0.0,,,,,,,,,,,,,,,,,,,,0.0,,,,,
2014-15,5582552,7,43,Manchester_City,Away,16817,15749,Joe Hart,joe-hart,G,False,,,,,,,,,,,,,,,,,,,,,0.0,0.0,,,,,90.0,,,0.0,,,,,,,,,,,,,,,,,,,,0.0,,,,,
2014-15,5582552,7,43,Manchester_City,Away,17094,37572,Sergio Agüero,sergio-aguero,F,False,,,,,,,,,,,,,,,,,,,,,0.0,1.0,,,,,90.0,,,0.0,,,,,,,,,,,,,,,,,,,,0.0,,,,,
2014-15,5582552,7,43,Manchester_City,Away,26097,42593,Aleksandar Kolarov,aleksandar-kolarov,D,False,,,,,,,,,,,,,,,,,,,,,0.0,0.0,,,,,90.0,,,0.0,,,,,,,,,,,,,,,,,,,,0.0,,,,,
2014-15,5582552,7,43,Manchester_City,Away,37126,50442,Stevan Jovetić,stevan-jovetic,F,True,,,,,,,,,,,,,,,,,,,,,,,,,,,,,,,,,,,,,,,,,,,,,,,,,,,,,,,
2014-15,5582552,7,43,Manchester_City,Away,41837,52538,Fernando,fernando-reges,M,True,,,,,,,,,,,,,,,,,,,,,1.0,0.0,,,,,26.0,,,0.0,,,,,,,,,,,,,,,,,,,,0.0,,,,,
2014-15,5582552,7,43,Manchester_City,Away,42892,57112,Eliaquim Mangala,eliaquim-mangala,D,False,,,,,,,,,,,,,,,,,,,,,0.0,0.0,,,,,90.0,,,0.0,,,,,,,,,,,,,,,,,,,,0.0,,,,,
2014-15,5582552,7,43,Manchester_City,Away,52741,20310,Willy Caballero,willy-caballero,G,True,,,,,,,,,,,,,,,,,,,,,,,,,,,,,,,,,,,,,,,,,,,,,,,,,,,,,,,
2014-15,5582580,8,43,Manchester_City,Home,301,15312,Martín Demichelis,martin-demichelis,D,False,,,1.0,,,60.0,1.0,,13.0,,,,1.0,,,5.0,1.0,,,3.0,0.0,0.0,,,3.0,,90.0,,,0.0,1.0,,,,,6.0,,,,,2.0,1.0,,,3.0,,,,67.0,0.0,,,,,1.0
2014-15,5582580,8,43,Manchester_City,Home,532,17336,Gaël Clichy,gael-clichy,D,False,,,4.0,,,53.0,1.0,,4.0,,,,1.0,,,3.0,3.0,,,1.0,0.0,0.0,,,4.0,,90.0,,,0.0,,,,,,7.0,,,,,3.0,1.0,2.0,,8.0,,,,61.0,0.0,1.0,,,1.0,1.0
2014-15,5582580,8,43,Manchester_City,Home,791,15157,James Milner,james-milner,M,False,,,4.0,,,54.0,2.0,1.0,4.0,,,,4.0,,2.0,8.0,9.0,,,,0.0,0.0,,1.0,1.0,1.0,90.0,2.0,,0.0,,,,,,7.6,,,1.0,,,5.0,3.0,,4.0,1.0,,,63.0,3.0,3.0,,,1.0,5.0
2014-15,5582580,8,43,Manchester_City,Home,1053,37748,Bacary Sagna,bacary-sagna,D,False,1.0,,1.0,,,58.0,1.0,2.0,7.0,,,,,,,1.0,3.0,,,,0.0,0.0,,,,1.0,90.0,,,0.0,,,,,,6.8,,,,,4.0,,4.0,,2.0,,,,66.0,0.0,1.0,,,,
2014-15,5582580,8,43,Manchester_City,Home,1216,2051,Frank Lampard,frank-lampard,M,False,,,2.0,,,25.0,,,1.0,,,,,,,,1.0,,,,1.0,0.0,,,,1.0,28.0,,,0.0,,,,1.0,,7.3,,,,,,,,,2.0,,,,27.0,0.0,,,,1.0,
2014-15,5582580,8,43,Manchester_City,Home,6019,17476,Vincent Kompany,vincent-kompany,D,False,,,5.0,,,53.0,,2.0,8.0,,,,2.0,,1.0,5.0,6.0,,,2.0,0.0,0.0,,,1.0,,90.0,,,0.0,,,,,,6.8,,,,,3.0,1.0,,,8.0,,,,57.0,0.0,3.0,,,,1.0
2014-15,5582580,8,43,Manchester_City,Home,11781,20664,David Silva,david-silva,M,False,,,2.0,,,30.0,,,1.0,,,,1.0,,1.0,3.0,3.0,,,1.0,0.0,0.0,,,,1.0,70.0,,,0.0,,,,1.0,,6.9,,,,,,,,,2.0,,,,41.0,0.0,1.0,,1.0,2.0,
2014-15,5582580,8,43,Manchester_City,Home,11869,17740,Jesús Navas,jesus-navas,D,False,1.0,,1.0,,,53.0,,,4.0,,,1.0,3.0,,2.0,7.0,5.0,,,2.0,0.0,0.0,,,,5.0,90.0,2.0,,0.0,,,,,,7.3,,,1.0,,,2.0,6.0,,1.0,1.0,,,65.0,4.0,2.0,,1.0,1.0,2.0
2014-15,5582580,8,43,Manchester_City,Home,13630,27789,Fernandinho,fernandinho,M,True,,,2.0,,,44.0,,1.0,8.0,,,,3.0,,1.0,5.0,8.0,,,1.0,1.0,0.0,,,1.0,1.0,62.0,,,0.0,,,,,,7.7,,,,,3.0,,,,3.0,,,,48.0,0.0,6.0,,3.0,1.0,
2014-15,5582580,8,43,Manchester_City,Home,14468,14664,Yaya Touré,yaya-toure,M,True,,,4.0,,,25.0,,,3.0,,,1.0,,,1.0,1.0,2.0,,,,0.0,0.0,,,,,14.0,,,0.0,,,,,,7.3,,,,,,1.0,,,4.0,,,,25.0,1.0,1.0,,,,1.0
2014-15,5582580,8,43,Manchester_City,Home,14990,42544,Edin Džeko,edin-dzeko,F,True,,,,,,,,,,,,,,,,,,,,,,,,,,,,,,,,,,,,,,,,,,,,,,,,,,,,,,,
2014-15,5582580,8,43,Manchester_City,Home,16817,15749,Joe Hart,joe-hart,G,False,,1.0,6.0,,,13.0,,,3.0,,,,,,,,,,,,0.0,0.0,,,,,90.0,,,0.0,,,1.0,,1.0,7.7,3.0,6.0,,,1.0,,,1.0,15.0,,,,22.0,0.0,,,,,
2014-15,5582580,8,43,Manchester_City,Home,17094,37572,Sergio Agüero,sergio-aguero,F,False,,,,,,21.0,,,4.0,,3.0,2.0,,,3.0,5.0,5.0,,,,0.0,4.0,,,,1.0,90.0,8.0,,0.0,,2.0,,1.0,,9.6,,,1.0,,,5.0,,,,1.0,,,27.0,11.0,,,,2.0,3.0
2014-15,5582580,8,43,Manchester_City,Home,26097,42593,Aleksandar Kolarov,aleksandar-kolarov,D,True,,,,,,,,,,,,,,,,,,,,,,,,,,,,,,,,,,,,,,,,,,,,,,,,,,,,,,,
2014-15,5582580,8,43,Manchester_City,Home,37126,50442,Stevan Jovetić,stevan-jovetic,F,True,,,,,,13.0,1.0,,,,,,1.0,,2.0,4.0,,,,,0.0,0.0,,,,1.0,20.0,,,0.0,,,,,,6.4,,,,,,,,,,,,,16.0,0.0,,,,,
2014-15,5582580,8,43,Manchester_City,Home,41837,52538,Fernando,fernando-reges,M,False,,,2.0,,,27.0,,,12.0,1.0,,,4.0,,4.0,9.0,3.0,1.0,,1.0,0.0,0.0,,,3.0,2.0,76.0,,,0.0,,,,,,6.2,,,1.0,,1.0,1.0,,,2.0,,,,33.0,1.0,2.0,,,,1.0
2014-15,5582580,8,43,Manchester_City,Home,52741,20310,Willy Caballero,willy-caballero,G,True,,,,,,,,,,,,,,,,,,,,,,,,,,,,,,,,,,,,,,,,,,,,,,,,,,,,,,,
2014-15,5582580,8,43,Manchester_City,Home,103928,80235,Dedryck Boyata,dedryck-boyata,D,True,,,,,,,,,,,,,,,,,,,,,,,,,,,,,,,,,,,,,,,,,,,,,,,,,,,,,,,
2014-15,5582610,9,43,Manchester_City,Away,301,15312,Martín Demichelis,martin-demichelis,D,True,,,,,,,,,,,,,,,,,,,,,,,,,,,,,,,,,,,,,,,,,,,,,,,,,,,,,,,
2014-15,5582610,9,43,Manchester_City,Away,532,17336,Gaël Clichy,gael-clichy,D,False,,,,,,,,,,,,,,,,,,,,,0.0,0.0,,,,,78.0,,,0.0,,,,,,,,,,,,,,,,,,,,0.0,,,,,
2014-15,5582610,9,43,Manchester_City,Away,791,15157,James Milner,james-milner,M,True,,,,,,,,,,,,,,,,,,,,,0.0,0.0,,,,,12.0,,,0.0,,,,,,,,,,,,,,,,,,,,0.0,,,,,
2014-15,5582610,9,43,Manchester_City,Away,1053,37748,Bacary Sagna,bacary-sagna,D,True,,,,,,,,,,,,,,,,,,,,,,,,,,,,,,,,,,,,,,,,,,,,,,,,,,,,,,,
2014-15,5582610,9,43,Manchester_City,Away,6019,17476,Vincent Kompany,vincent-kompany,D,False,,,,,,,,,,,,,,,,,,,,,0.0,0.0,,,,,90.0,,,0.0,,,,,,,,,,,,,,,,,,,,0.0,,,,,
2014-15,5582610,9,43,Manchester_City,Away,11781,20664,David Silva,david-silva,M,False,,,,,,,,,,,,,,,,,,,,,0.0,1.0,,,,,90.0,,,0.0,,,,,,,,,,,,,,,,,,,,0.0,,,,,
2014-15,5582610,9,43,Manchester_City,Away,11796,20658,Pablo Zabaleta,pablo-zabaleta,D,False,,,,,,,,,,,,,,,,,,,,,0.0,0.0,,,,,90.0,,,0.0,,,,,,,,,,,,,,,,,,,,0.0,,,,,
2014-15,5582610,9,43,Manchester_City,Away,11869,17740,Jesús Navas,jesus-navas,D,False,,,,,,,,,,,,,,,,,,,,,0.0,0.0,,,,,90.0,,,0.0,,,,,,,,,,,,,,,,,,,,0.0,,,,,
2014-15,5582610,9,43,Manchester_City,Away,13630,27789,Fernandinho,fernandinho,M,True,,,,,,,,,,,,,,,,,,,,,,,,,,,,,,,,,,,,,,,,,,,,,,,,,,,,,,,
2014-15,5582610,9,43,Manchester_City,Away,14468,14664,Yaya Touré,yaya-toure,M,False,,,,,,,,,,,,,,,,,,,,,0.0,0.0,,,,,90.0,,,0.0,,,,,,,,,,,,,,,,,,,,0.0,,,,,
2014-15,5582610,9,43,Manchester_City,Away,14990,42544,Edin Džeko,edin-dzeko,F,False,,,,,,,,,,,,,,,,,,,,,0.0,0.0,,,,,59.0,,,0.0,,,,,,,,,,,,,,,,,,,,0.0,,,,,
2014-15,5582610,9,43,Manchester_City,Away,16817,15749,Joe Hart,joe-hart,G,False,,,,,,,,,,,,,,,,,,,,,0.0,0.0,,,,,90.0,,,0.0,,,,,,,,,,,,,,,,,,,,0.0,,,,,
2014-15,5582610,9,43,Manchester_City,Away,17094,37572,Sergio Agüero,sergio-aguero,F,False,,,,,,,,,,,,,,,,,,,,,0.0,0.0,,,,,90.0,,,0.0,,,,,,,,,,,,,,,,,,,,0.0,,,,,
2014-15,5582610,9,43,Manchester_City,Away,26097,42593,Aleksandar Kolarov,aleksandar-kolarov,D,True,,,,,,,,,,,,,,,,,,,,,0.0,0.0,,,,,12.0,,,0.0,,,,,,,,,,,,,,,,,,,,0.0,,,,,
2014-15,5582610,9,43,Manchester_City,Away,37126,50442,Stevan Jovetić,stevan-jovetic,F,True,,,,,,,,,,,,,,,,,,,,,0.0,0.0,,,,,31.0,,,0.0,,,,,,,,,,,,,,,,,,,,0.0,,,,,
2014-15,5582610,9,43,Manchester_City,Away,41837,52538,Fernando,fernando-reges,M,False,,,,,,,,,,,,,,,,,,,,,0.0,0.0,,,,,78.0,,,0.0,,,,,,,,,,,,,,,,,,,,0.0,,,,,
2014-15,5582610,9,43,Manchester_City,Away,42892,57112,Eliaquim Mangala,eliaquim-mangala,D,False,,,,,,,,,,,,,,,,,,,,,0.0,0.0,,,,,90.0,,,0.0,,,,,,,,,,,,,,,,,,,,0.0,,,,,
2014-15,5582610,9,43,Manchester_City,Away,52741,20310,Willy Caballero,willy-caballero,G,True,,,,,,,,,,,,,,,,,,,,,,,,,,,,,,,,,,,,,,,,,,,,,,,,,,,,,,,
2014-15,5582626,10,43,Manchester_City,Home,301,15312,Martín Demichelis,martin-demichelis,D,False,,,,,,,,,,,,,,,,,,,,,0.0,0.0,,,,,90.0,,,0.0,,,,,,,,,,,,,,,,,,,,0.0,,,,,
2014-15,5582626,10,43,Manchester_City,Home,532,17336,Gaël Clichy,gael-clichy,D,False,,,,,,,,,,,,,,,,,,,,,1.0,0.0,,,,,90.0,,,0.0,,,,,,,,,,,,,,,,,,,,0.0,,,,,
2014-15,5582626,10,43,Manchester_City,Home,791,15157,James Milner,james-milner,M,False,,,,,,,,,,,,,,,,,,,,,0.0,0.0,,,,,70.0,,,0.0,,,,,,,,,,,,,,,,,,,,0.0,,,,,
2014-15,5582626,10,43,Manchester_City,Home,1053,37748,Bacary Sagna,bacary-sagna,D,True,,,,,,,,,,,,,,,,,,,,,,,,,,,,,,,,,,,,,,,,,,,,,,,,,,,,,,,
2014-15,5582626,10,43,Manchester_City,Home,3544,28554,Samir Nasri,samir-nasri,M,True,,,,,,,,,,,,,,,,,,,,,0.0,0.0,,,,,20.0,,,0.0,,,,,,,,,,,,,,,,,,,,0.0,,,,,
2014-15,5582626,10,43,Manchester_City,Home,6019,17476,Vincent Kompany,vincent-kompany,D,False,,,,,,,,,,,,,,,,,,,,,0.0,0.0,,,,,90.0,,,0.0,,,,,,,,,,,,,,,,,,,,0.0,,,,,
2014-15,5582626,10,43,Manchester_City,Home,11796,20658,Pablo Zabaleta,pablo-zabaleta,D,False,,,,,,,,,,,,,,,,,,,,,0.0,0.0,,,,,90.0,,,0.0,,,,,,,,,,,,,,,,,,,,0.0,,,,,
2014-15,5582626,10,43,Manchester_City,Home,11869,17740,Jesús Navas,jesus-navas,D,False,,,,,,,,,,,,,,,,,,,,,0.0,0.0,,,,,90.0,,,0.0,,,,,,,,,,,,,,,,,,,,0.0,,,,,
2014-15,5582626,10,43,Manchester_City,Home,13630,27789,Fernandinho,fernandinho,M,True,,,,,,,,,,,,,,,,,,,,,0.0,0.0,,,,,6.0,,,0.0,,,,,,,,,,,,,,,,,,,,0.0,,,,,
2014-15,5582626,10,43,Manchester_City,Home,14468,14664,Yaya Touré,yaya-toure,M,False,,,,,,,,,,,,,,,,,,,,,0.0,0.0,,,,,90.0,,,0.0,,,,,,,,,,,,,,,,,,,,0.0,,,,,
2014-15,5582626,10,43,Manchester_City,Home,14990,42544,Edin Džeko,edin-dzeko,F,True,,,,,,,,,,,,,,,,,,,,,0.0,0.0,,,,,19.0,,,0.0,,,,,,,,,,,,,,,,,,,,0.0,,,,,
2014-15,5582626,10,43,Manchester_City,Home,16817,15749,Joe Hart,joe-hart,G,False,,,,,,,,,,,,,,,,,,,,,0.0,0.0,,,,,90.0,,,0.0,,,,,,,,,,,,,,,,,,,,0.0,,,,,
2014-15,5582626,10,43,Manchester_City,Home,17094,37572,Sergio Agüero,sergio-aguero,F,False,,,,,,,,,,,,,,,,,,,,,0.0,1.0,,,,,84.0,,,0.0,,,,,,,,,,,,,,,,,,,,0.0,,,,,
2014-15,5582626,10,43,Manchester_City,Home,24055,19688,Scott Sinclair,scott-sinclair,M,True,,,,,,,,,,,,,,,,,,,,,,,,,,,,,,,,,,,,,,,,,,,,,,,,,,,,,,,
2014-15,5582626,10,43,Manchester_City,Home,37126,50442,Stevan Jovetić,stevan-jovetic,F,False,,,,,,,,,,,,,,,,,,,,,0.0,0.0,,,,,71.0,,,0.0,,,,,,,,,,,,,,,,,,,,0.0,,,,,
2014-15,5582626,10,43,Manchester_City,Home,41837,52538,Fernando,fernando-reges,M,False,,,,,,,,,,,,,,,,,,,,,0.0,0.0,,,,,90.0,,,0.0,,,,,,,,,,,,,,,,,,,,0.0,,,,,
2014-15,5582626,10,43,Manchester_City,Home,52741,20310,Willy Caballero,willy-caballero,G,True,,,,,,,,,,,,,,,,,,,,,,,,,,,,,,,,,,,,,,,,,,,,,,,,,,,,,,,
2014-15,5582626,10,43,Manchester_City,Home,103928,80235,Dedryck Boyata,dedryck-boyata,D,True,,,,,,,,,,,,,,,,,,,,,,,,,,,,,,,,,,,,,,,,,,,,,,,,,,,,,,,
2014-15,5582638,11,43,Manchester_City,Away,301,15312,Martín Demichelis,martin-demichelis,D,False,,,,,,,,,,,,,,,,,,,,,0.0,0.0,,,,,90.0,,,1.0,,,,,,,,,,,,,,,,,,,,0.0,,,,,
2014-15,5582638,11,43,Manchester_City,Away,532,17336,Gaël Clichy,gael-clichy,D,False,,,,,,,,,,,,,,,,,,,,,0.0,0.0,,,,,90.0,,,0.0,,,,,,,,,,,,,,,,,,,,0.0,,,,,
2014-15,5582638,11,43,Manchester_City,Away,791,15157,James Milner,james-milner,M,True,,,,,,,,,,,,,,,,,,,,,0.0,0.0,,,,,16.0,,,0.0,,,,,,,,,,,,,,,,,,,,0.0,,,,,
2014-15,5582638,11,43,Manchester_City,Away,1053,37748,Bacary Sagna,bacary-sagna,D,False,,,,,,,,,,,,,,,,,,,,,0.0,0.0,,,,,90.0,,,0.0,,,,,,,,,,,,,,,,,,,,0.0,,,,,
2014-15,5582638,11,43,Manchester_City,Away,1216,2051,Frank Lampard,frank-lampard,M,True,,,,,,,,,,,,,,,,,,,,,0.0,0.0,,,,,22.0,,,0.0,,,,,,,,,,,,,,,,,,,,0.0,,,,,
2014-15,5582638,11,43,Manchester_City,Away,3544,28554,Samir Nasri,samir-nasri,M,False,,,,,,,,,,,,,,,,,,,,,0.0,0.0,,,,,74.0,,,0.0,,,,,,,,,,,,,,,,,,,,0.0,,,,,
2014-15,5582638,11,43,Manchester_City,Away,11796,20658,Pablo Zabaleta,pablo-zabaleta,D,True,,,,,,,,,,,,,,,,,,,,,,,,,,,,,,,,,,,,,,,,,,,,,,,,,,,,,,,
2014-15,5582638,11,43,Manchester_City,Away,11869,17740,Jesús Navas,jesus-navas,D,False,,,,,,,,,,,,,,,,,,,,,0.0,0.0,,,,,90.0,,,0.0,,,,,,,,,,,,,,,,,,,,0.0,,,,,
2014-15,5582638,11,43,Manchester_City,Away,13630,27789,Fernandinho,fernandinho,M,False,,,,,,,,,,,,,,,,,,,,,0.0,0.0,,,,,64.0,,,0.0,,,,,,,,,,,,,,,,,,,,0.0,,,,,
2014-15,5582638,11,43,Manchester_City,Away,14468,14664,Yaya Touré,yaya-toure,M,False,,,,,,,,,,,,,,,,,,,,,1.0,0.0,,,,,90.0,,,0.0,,,,,,,,,,,,,,,,,,,,0.0,,,,,
2014-15,5582638,11,43,Manchester_City,Away,14990,42544,Edin Džeko,edin-dzeko,F,True,,,,,,,,,,,,,,,,,,,,,0.0,0.0,,,,,4.0,,,0.0,,,,,,,,,,,,,,,,,,,,0.0,,,,,
2014-15,5582638,11,43,Manchester_City,Away,16817,15749,Joe Hart,joe-hart,G,False,,,,,,,,,,,,,,,,,,,,,0.0,0.0,,,,,90.0,,,0.0,,,,,,,,,,,,,,,,,,,,0.0,,,,,
2014-15,5582638,11,43,Manchester_City,Away,17094,37572,Sergio Agüero,sergio-aguero,F,False,,,,,,,,,,,,,,,,,,,,,0.0,2.0,,,,,90.0,,,0.0,,,,,,,,,,,,,,,,,,,,0.0,,,,,
2014-15,5582638,11,43,Manchester_City,Away,37126,50442,Stevan Jovetić,stevan-jovetic,F,True,,,,,,,,,,,,,,,,,,,,,,,,,,,,,,,,,,,,,,,,,,,,,,,,,,,,,,,
2014-15,5582638,11,43,Manchester_City,Away,41837,52538,Fernando,fernando-reges,M,False,,,,,,,,,,,,,,,,,,,,,0.0,0.0,,,,,90.0,,,0.0,,,,,,,,,,,,,,,,,,,,0.0,,,,,
2014-15,5582638,11,43,Manchester_City,Away,42892,57112,Eliaquim Mangala,eliaquim-mangala,D,False,,,,,,,,,,,,,,,,,,,,,1.0,0.0,,,,,90.0,,,0.0,,,,,,,,,,,,,,,,,,,,0.0,,,,,
2014-15,5582638,11,43,Manchester_City,Away,52741,20310,Willy Caballero,willy-caballero,G,True,,,,,,,,,,,,,,,,,,,,,,,,,,,,,,,,,,,,,,,,,,,,,,,,,,,,,,,
2014-15,5582638,11,43,Manchester_City,Away,103928,80235,Dedryck Boyata,dedryck-boyata,D,True,,,,,,,,,,,,,,,,,,,,,,,,,,,,,,,,,,,,,,,,,,,,,,,,,,,,,,,
2014-15,5582666,12,43,Manchester_City,Home,301,15312,Martín Demichelis,martin-demichelis,D,False,,,,,,,,,,,,,,,,,,,,,0.0,0.0,,,,,90.0,,,0.0,,,,,,,,,,,,,,,,,,,,0.0,,,,,
2014-15,5582666,12,43,Manchester_City,Home,532,17336,Gaël Clichy,gael-clichy,D,False,,,,,,,,,,,,,,,,,,,,,0.0,0.0,,,,,90.0,,,0.0,,,,,,,,,,,,,,,,,,,,0.0,,,,,
2014-15,5582666,12,43,Manchester_City,Home,791,15157,James Milner,james-milner,M,True,,,,,,,,,,,,,,,,,,,,,0.0,0.0,,,,,11.0,,,0.0,,,,,,,,,,,,,,,,,,,,0.0,,,,,
2014-15,5582666,12,43,Manchester_City,Home,1053,37748,Bacary Sagna,bacary-sagna,D,True,,,,,,,,,,,,,,,,,,,,,,,,,,,,,,,,,,,,,,,,,,,,,,,,,,,,,,,
2014-15,5582666,12,43,Manchester_City,Home,1216,2051,Frank Lampard,frank-lampard,M,True,,,,,,,,,,,,,,,,,,,,,0.0,0.0,,,,,20.0,,,0.0,,,,,,,,,,,,,,,,,,,,0.0,,,,,
2014-15,5582666,12,43,Manchester_City,Home,3544,28554,Samir Nasri,samir-nasri,M,False,,,,,,,,,,,,,,,,,,,,,0.0,0.0,,,,,79.0,,,0.0,,,,,,,,,,,,,,,,,,,,0.0,,,,,
2014-15,5582666,12,43,Manchester_City,Home,6019,17476,Vincent Kompany,vincent-kompany,D,False,,,,,,,,,,,,,,,,,,,,,0.0,0.0,,,,,90.0,,,0.0,,,,,,,,,,,,,,,,,,,,0.0,,,,,
2014-15,5582666,12,43,Manchester_City,Home,11796,20658,Pablo Zabaleta,pablo-zabaleta,D,False,,,,,,,,,,,,,,,,,,,,,0.0,0.0,,,,,90.0,,,0.0,,,,,,,,,,,,,,,,,,,,0.0,,,,,
2014-15,5582666,12,43,Manchester_City,Home,11869,17740,Jesús Navas,jesus-navas,D,False,,,,,,,,,,,,,,,,,,,,,1.0,0.0,,,,,90.0,,,0.0,,,,,,,,,,,,,,,,,,,,0.0,,,,,
2014-15,5582666,12,43,Manchester_City,Home,13630,27789,Fernandinho,fernandinho,M,False,,,,,,,,,,,,,,,,,,,,,1.0,0.0,,,,,88.0,,,0.0,,,,,,,,,,,,,,,,,,,,0.0,,,,,
2014-15,5582666,12,43,Manchester_City,Home,14468,14664,Yaya Touré,yaya-toure,M,False,,,,,,,,,,,,,,,,,,,,,0.0,1.0,,,,,90.0,,,0.0,,,,,,,,,,,,,,,,,,,,0.0,,,,,
2014-15,5582666,12,43,Manchester_City,Home,16817,15749,Joe Hart,joe-hart,G,False,,,,,,,,,,,,,,,,,,,,,0.0,0.0,,,,,90.0,,,0.0,,,,,,,,,,,,,,,,,,,,0.0,,,,,
2014-15,5582666,12,43,Manchester_City,Home,17094,37572,Sergio Agüero,sergio-aguero,F,False,,,,,,,,,,,,,,,,,,,,,0.0,0.0,,,,,90.0,,,0.0,,,,,,,,,,,,,,,,,,,,0.0,,,,,
2014-15,5582666,12,43,Manchester_City,Home,37126,50442,Stevan Jovetić,stevan-jovetic,F,False,,,,,,,,,,,,,,,,,,,,,0.0,1.0,,,,,70.0,,,0.0,,,,,,,,,,,,,,,,,,,,0.0,,,,,
2014-15,5582666,12,43,Manchester_City,Home,41837,52538,Fernando,fernando-reges,M,True,,,,,,,,,,,,,,,,,,,,,0.0,0.0,,,,,2.0,,,0.0,,,,,,,,,,,,,,,,,,,,0.0,,,,,
2014-15,5582666,12,43,Manchester_City,Home,42892,57112,Eliaquim Mangala,eliaquim-mangala,D,True,,,,,,,,,,,,,,,,,,,,,,,,,,,,,,,,,,,,,,,,,,,,,,,,,,,,,,,
2014-15,5582666,12,43,Manchester_City,Home,52741,20310,Willy Caballero,willy-caballero,G,True,,,,,,,,,,,,,,,,,,,,,,,,,,,,,,,,,,,,,,,,,,,,,,,,,,,,,,,
2014-15,5582666,12,43,Manchester_City,Home,608370,114323,José Pozo,jose-pozo,M,True,,,,,,,,,,,,,,,,,,,,,,,,,,,,,,,,,,,,,,,,,,,,,,,,,,,,,,,
2014-15,5582680,13,43,Manchester_City,Away,301,15312,Martín Demichelis,martin-demichelis,D,True,,,,,,,,,,,,,,,,,,,,,,,,,,,,,,,,,,,,,,,,,,,,,,,,,,,,,,,
2014-15,5582680,13,43,Manchester_City,Away,532,17336,Gaël Clichy,gael-clichy,D,False,,,,,,,,,,,,,,,,,,,,,0.0,0.0,,,,,90.0,,,0.0,,,,,,,,,,,,,,,,,,,,0.0,,,,,
2014-15,5582680,13,43,Manchester_City,Away,791,15157,James Milner,james-milner,M,True,,,,,,,,,,,,,,,,,,,,,,,,,,,,,,,,,,,,,,,,,,,,,,,,,,,,,,,
2014-15,5582680,13,43,Manchester_City,Away,1053,37748,Bacary Sagna,bacary-sagna,D,True,,,,,,,,,,,,,,,,,,,,,,,,,,,,,,,,,,,,,,,,,,,,,,,,,,,,,,,
2014-15,5582680,13,43,Manchester_City,Away,1216,2051,Frank Lampard,frank-lampard,M,True,,,,,,,,,,,,,,,,,,,,,,,,,,,,,,,,,,,,,,,,,,,,,,,,,,,,,,,
2014-15,5582680,13,43,Manchester_City,Away,3544,28554,Samir Nasri,samir-nasri,M,False,,,,,,,,,,,,,,,,,,,,,0.0,0.0,,,,,90.0,,,0.0,,,,,,,,,,,,,,,,,,,,0.0,,,,,
2014-15,5582680,13,43,Manchester_City,Away,6019,17476,Vincent Kompany,vincent-kompany,D,False,,,,,,,,,,,,,,,,,,,,,0.0,0.0,,,,,90.0,,,0.0,,,,,,,,,,,,,,,,,,,,0.0,,,,,
2014-15,5582680,13,43,Manchester_City,Away,11796,20658,Pablo Zabaleta,pablo-zabaleta,D,False,,,,,,,,,,,,,,,,,,,,,0.0,0.0,,,,,90.0,,,0.0,,,,,,,,,,,,,,,,,,,,0.0,,,,,
2014-15,5582680,13,43,Manchester_City,Away,11869,17740,Jesús Navas,jesus-navas,D,False,,,,,,,,,,,,,,,,,,,,,0.0,0.0,,,,,90.0,,,0.0,,,,,,,,,,,,,,,,,,,,0.0,,,,,
2014-15,5582680,13,43,Manchester_City,Away,13630,27789,Fernandinho,fernandinho,M,False,,,,,,,,,,,,,,,,,,,,,0.0,0.0,,,,,90.0,,,0.0,,,,,,,,,,,,,,,,,,,,0.0,,,,,
2014-15,5582680,13,43,Manchester_City,Away,14468,14664,Yaya Touré,yaya-toure,M,False,,,,,,,,,,,,,,,,,,,,,0.0,0.0,,,,,90.0,,,0.0,,,,,,,,,,,,,,,,,,,,0.0,,,,,
2014-15,5582680,13,43,Manchester_City,Away,16817,15749,Joe Hart,joe-hart,G,False,,,,,,,,,,,,,,,,,,,,,0.0,0.0,,,,,90.0,,,0.0,,,,,,,,,,,,,,,,,,,,0.0,,,,,
2014-15,5582680,13,43,Manchester_City,Away,17094,37572,Sergio Agüero,sergio-aguero,F,False,,,,,,,,,,,,,,,,,,,,,0.0,0.0,,,,,90.0,,,0.0,,,,,,,,,,,,,,,,,,,,0.0,,,,,
2014-15,5582680,13,43,Manchester_City,Away,37126,50442,Stevan Jovetić,stevan-jovetic,F,False,,,,,,,,,,,,,,,,,,,,,0.0,0.0,,,,,90.0,,,0.0,,,,,,,,,,,,,,,,,,,,0.0,,,,,
2014-15,5582680,13,43,Manchester_City,Away,41837,52538,Fernando,fernando-reges,M,True,,,,,,,,,,,,,,,,,,,,,,,,,,,,,,,,,,,,,,,,,,,,,,,,,,,,,,,
2014-15,5582680,13,43,Manchester_City,Away,42892,57112,Eliaquim Mangala,eliaquim-mangala,D,False,,,,,,,,,,,,,,,,,,,,,0.0,0.0,,,,,90.0,,,0.0,,,,,,,,,,,,,,,,,,,,0.0,,,,,
2014-15,5582680,13,43,Manchester_City,Away,52741,20310,Willy Caballero,willy-caballero,G,True,,,,,,,,,,,,,,,,,,,,,,,,,,,,,,,,,,,,,,,,,,,,,,,,,,,,,,,
2014-15,5582680,13,43,Manchester_City,Away,608370,114323,José Pozo,jose-pozo,M,True,,,,,,,,,,,,,,,,,,,,,,,,,,,,,,,,,,,,,,,,,,,,,,,,,,,,,,,
2014-15,5582710,14,43,Manchester_City,Away,301,15312,Martín Demichelis,martin-demichelis,D,False,,,,,,,,,,,,,,,,,,,,,0.0,0.0,,,,,90.0,,,0.0,,,,,,,,,,,,,,,,,,,,0.0,,,,,
2014-15,5582710,14,43,Manchester_City,Away,532,17336,Gaël Clichy,gael-clichy,D,False,,,,,,,,,,,,,,,,,,,,,0.0,0.0,,,,,90.0,,,0.0,,,,,,,,,,,,,,,,,,,,0.0,,,,,
2014-15,5582710,14,43,Manchester_City,Away,791,15157,James Milner,james-milner,M,True,,,,,,,,,,,,,,,,,,,,,1.0,0.0,,,,,34.0,,,0.0,,,,,,,,,,,,,,,,,,,,0.0,,,,,
2014-15,5582710,14,43,Manchester_City,Away,1053,37748,Bacary Sagna,bacary-sagna,D,True,,,,,,,,,,,,,,,,,,,,,,,,,,,,,,,,,,,,,,,,,,,,,,,,,,,,,,,
2014-15,5582710,14,43,Manchester_City,Away,1216,2051,Frank Lampard,frank-lampard,M,True,,,,,,,,,,,,,,,,,,,,,0.0,0.0,,,,,16.0,,,0.0,,,,,,,,,,,,,,,,,,,,0.0,,,,,
2014-15,5582710,14,43,Manchester_City,Away,3544,28554,Samir Nasri,samir-nasri,M,False,,,,,,,,,,,,,,,,,,,,,1.0,0.0,,,,,83.0,,,0.0,,,,,,,,,,,,,,,,,,,,0.0,,,,,
2014-15,5582710,14,43,Manchester_City,Away,11796,20658,Pablo Zabaleta,pablo-zabaleta,D,False,,,,,,,,,,,,,,,,,,,,,0.0,1.0,,,,,90.0,,,0.0,,,,,,,,,,,,,,,,,,,,0.0,,,,,
2014-15,5582710,14,43,Manchester_City,Away,11869,17740,Jesús Navas,jesus-navas,D,False,,,,,,,,,,,,,,,,,,,,,0.0,0.0,,,,,90.0,,,0.0,,,,,,,,,,,,,,,,,,,,0.0,,,,,
2014-15,5582710,14,43,Manchester_City,Away,13630,27789,Fernandinho,fernandinho,M,False,,,,,,,,,,,,,,,,,,,,,0.0,0.0,,,,,90.0,,,0.0,,,,,,,,,,,,,,,,,,,,0.0,,,,,
2014-15,5582710,14,43,Manchester_City,Away,14468,14664,Yaya Touré,yaya-toure,M,False,,,,,,,,,,,,,,,,,,,,,0.0,0.0,,,,,90.0,,,0.0,,,,,,,,,,,,,,,,,,,,0.0,,,,,
2014-15,5582710,14,43,Manchester_City,Away,16817,15749,Joe Hart,joe-hart,G,False,,,,,,,,,,,,,,,,,,,,,0.0,0.0,,,,,90.0,,,0.0,,,,,,,,,,,,,,,,,,,,0.0,,,,,
2014-15,5582710,14,43,Manchester_City,Away,17094,37572,Sergio Agüero,sergio-aguero,F,False,,,,,,,,,,,,,,,,,,,,,1.0,2.0,,,,,74.0,,,0.0,,,,,,,,,,,,,,,,,,,,0.0,,,,,
2014-15,5582710,14,43,Manchester_City,Away,37126,50442,Stevan Jovetić,stevan-jovetic,F,False,,,,,,,,,,,,,,,,,,,,,0.0,1.0,,,,,56.0,,,0.0,,,,,,,,,,,,,,,,,,,,0.0,,,,,
2014-15,5582710,14,43,Manchester_City,Away,41837,52538,Fernando,fernando-reges,M,True,,,,,,,,,,,,,,,,,,,,,,,,,,,,,,,,,,,,,,,,,,,,,,,,,,,,,,,
2014-15,5582710,14,43,Manchester_City,Away,52741,20310,Willy Caballero,willy-caballero,G,True,,,,,,,,,,,,,,,,,,,,,,,,,,,,,,,,,,,,,,,,,,,,,,,,,,,,,,,
2014-15,5582710,14,43,Manchester_City,Away,103928,80235,Dedryck Boyata,dedryck-boyata,D,False,,,,,,,,,,,,,,,,,,,,,0.0,0.0,,,,,90.0,,,0.0,,,,,,,,,,,,,,,,,,,,0.0,,,,,
2014-15,5582710,14,43,Manchester_City,Away,608370,114323,José Pozo,jose-pozo,M,True,,,,,,,,,,,,,,,,,,,,,0.0,0.0,,,,,7.0,,,0.0,,,,,,,,,,,,,,,,,,,,0.0,,,,,
2014-15,5582710,14,43,Manchester_City,Away,848355,145235,Angeliño,angelino,M,True,,,,,,,,,,,,,,,,,,,,,,,,,,,,,,,,,,,,,,,,,,,,,,,,,,,,,,,
2014-15,5582718,15,43,Manchester_City,Home,301,15312,Martín Demichelis,martin-demichelis,D,False,,,,,,,,,,,,,,,,,,,,,0.0,0.0,,,,,90.0,,,0.0,,,,,,,,,,,,,,,,,,,,0.0,,,,,
2014-15,5582718,15,43,Manchester_City,Home,532,17336,Gaël Clichy,gael-clichy,D,False,,,,,,,,,,,,,,,,,,,,,0.0,0.0,,,,,90.0,,,0.0,,,,,,,,,,,,,,,,,,,,0.0,,,,,
2014-15,5582718,15,43,Manchester_City,Home,791,15157,James Milner,james-milner,M,False,,,,,,,,,,,,,,,,,,,,,0.0,0.0,,,,,90.0,,,0.0,,,,,,,,,,,,,,,,,,,,0.0,,,,,
2014-15,5582718,15,43,Manchester_City,Home,1053,37748,Bacary Sagna,bacary-sagna,D,True,,,,,,,,,,,,,,,,,,,,,,,,,,,,,,,,,,,,,,,,,,,,,,,,,,,,,,,
2014-15,5582718,15,43,Manchester_City,Home,1216,2051,Frank Lampard,frank-lampard,M,True,,,,,,,,,,,,,,,,,,,,,0.0,0.0,,,,,12.0,,,0.0,,,,,,,,,,,,,,,,,,,,0.0,,,,,
2014-15,5582718,15,43,Manchester_City,Home,3544,28554,Samir Nasri,samir-nasri,M,False,,,,,,,,,,,,,,,,,,,,,0.0,0.0,,,,,90.0,,,0.0,,,,,,,,,,,,,,,,,,,,0.0,,,,,
2014-15,5582718,15,43,Manchester_City,Home,11796,20658,Pablo Zabaleta,pablo-zabaleta,D,False,,,,,,,,,,,,,,,,,,,,,0.0,0.0,,,,,90.0,,,0.0,,,,,,,,,,,,,,,,,,,,0.0,,,,,
2014-15,5582718,15,43,Manchester_City,Home,11869,17740,Jesús Navas,jesus-navas,D,False,,,,,,,,,,,,,,,,,,,,,0.0,0.0,,,,,78.0,,,0.0,,,,,,,,,,,,,,,,,,,,0.0,,,,,
2014-15,5582718,15,43,Manchester_City,Home,14468,14664,Yaya Touré,yaya-toure,M,False,,,,,,,,,,,,,,,,,,,,,0.0,1.0,,,,,90.0,,,0.0,,,,,,,,,,,,,,,,,,,,0.0,,,,,
2014-15,5582718,15,43,Manchester_City,Home,14990,42544,Edin Džeko,edin-dzeko,F,True,,,,,,,,,,,,,,,,,,,,,0.0,0.0,,,,,27.0,,,0.0,,,,,,,,,,,,,,,,,,,,0.0,,,,,
2014-15,5582718,15,43,Manchester_City,Home,16817,15749,Joe Hart,joe-hart,G,False,,,,,,,,,,,,,,,,,,,,,0.0,0.0,,,,,90.0,,,0.0,,,,,,,,,,,,,,,,,,,,0.0,,,,,
2014-15,5582718,15,43,Manchester_City,Home,17094,37572,Sergio Agüero,sergio-aguero,F,False,,,,,,,,,,,,,,,,,,,,,0.0,0.0,,,,,7.0,,,0.0,,,,,,,,,,,,,,,,,,,,0.0,,,,,
2014-15,5582718,15,43,Manchester_City,Home,26097,42593,Aleksandar Kolarov,aleksandar-kolarov,D,True,,,,,,,,,,,,,,,,,,,,,,,,,,,,,,,,,,,,,,,,,,,,,,,,,,,,,,,
2014-15,5582718,15,43,Manchester_City,Home,41837,52538,Fernando,fernando-reges,M,False,,,,,,,,,,,,,,,,,,,,,0.0,0.0,,,,,90.0,,,0.0,,,,,,,,,,,,,,,,,,,,0.0,,,,,
2014-15,5582718,15,43,Manchester_City,Home,42892,57112,Eliaquim Mangala,eliaquim-mangala,D,False,,,,,,,,,,,,,,,,,,,,,0.0,0.0,,,,,90.0,,,0.0,,,,,,,,,,,,,,,,,,,,0.0,,,,,
2014-15,5582718,15,43,Manchester_City,Home,52741,20310,Willy Caballero,willy-caballero,G,True,,,,,,,,,,,,,,,,,,,,,,,,,,,,,,,,,,,,,,,,,,,,,,,,,,,,,,,
2014-15,5582718,15,43,Manchester_City,Home,103928,80235,Dedryck Boyata,dedryck-boyata,D,True,,,,,,,,,,,,,,,,,,,,,,,,,,,,,,,,,,,,,,,,,,,,,,,,,,,,,,,
2014-15,5582718,15,43,Manchester_City,Home,608370,114323,José Pozo,jose-pozo,M,True,,,,,,,,,,,,,,,,,,,,,0.0,0.0,,,,,56.0,,,0.0,,,,,,,,,,,,,,,,,,,,0.0,,,,,
2014-15,5582742,16,43,Manchester_City,Away,301,15312,Martín Demichelis,martin-demichelis,D,True,,,,,,,,,,,,,,,,,,,,,0.0,0.0,,,,,13.0,,,0.0,,,,,,,,,,,,,,,,,,,,0.0,,,,,
2014-15,5582742,16,43,Manchester_City,Away,532,17336,Gaël Clichy,gael-clichy,D,False,,,,,,,,,,,,,,,,,,,,,0.0,0.0,,,,,90.0,,,0.0,,,,,,,,,,,,,,,,,,,,0.0,,,,,
2014-15,5582742,16,43,Manchester_City,Away,791,15157,James Milner,james-milner,M,True,,,,,,,,,,,,,,,,,,,,,0.0,0.0,,,,,30.0,,,0.0,,,,,,,,,,,,,,,,,,,,0.0,,,,,
2014-15,5582742,16,43,Manchester_City,Away,1053,37748,Bacary Sagna,bacary-sagna,D,False,,,,,,,,,,,,,,,,,,,,,0.0,0.0,,,,,90.0,,,0.0,,,,,,,,,,,,,,,,,,,,0.0,,,,,
2014-15,5582742,16,43,Manchester_City,Away,1216,2051,Frank Lampard,frank-lampard,M,False,,,,,,,,,,,,,,,,,,,,,0.0,1.0,,,,,60.0,,,0.0,,,,,,,,,,,,,,,,,,,,0.0,,,,,
2014-15,5582742,16,43,Manchester_City,Away,3544,28554,Samir Nasri,samir-nasri,M,False,,,,,,,,,,,,,,,,,,,,,0.0,0.0,,,,,90.0,,,0.0,,,,,,,,,,,,,,,,,,,,0.0,,,,,
2014-15,5582742,16,43,Manchester_City,Away,6019,17476,Vincent Kompany,vincent-kompany,D,False,,,,,,,,,,,,,,,,,,,,,0.0,0.0,,,,,77.0,,,0.0,,,,,,,,,,,,,,,,,,,,0.0,,,,,
2014-15,5582742,16,43,Manchester_City,Away,11781,20664,David Silva,david-silva,M,False,,,,,,,,,,,,,,,,,,,,,0.0,0.0,,,,,90.0,,,0.0,,,,,,,,,,,,,,,,,,,,0.0,,,,,
2014-15,5582742,16,43,Manchester_City,Away,11796,20658,Pablo Zabaleta,pablo-zabaleta,D,True,,,,,,,,,,,,,,,,,,,,,,,,,,,,,,,,,,,,,,,,,,,,,,,,,,,,,,,
2014-15,5582742,16,43,Manchester_City,Away,11869,17740,Jesús Navas,jesus-navas,D,True,,,,,,,,,,,,,,,,,,,,,0.0,0.0,,,,,16.0,,,0.0,,,,,,,,,,,,,,,,,,,,0.0,,,,,
2014-15,5582742,16,43,Manchester_City,Away,13630,27789,Fernandinho,fernandinho,M,True,,,,,,,,,,,,,,,,,,,,,,,,,,,,,,,,,,,,,,,,,,,,,,,,,,,,,,,
2014-15,5582742,16,43,Manchester_City,Away,14468,14664,Yaya Touré,yaya-toure,M,False,,,,,,,,,,,,,,,,,,,,,0.0,0.0,,,,,90.0,,,0.0,,,,,,,,,,,,,,,,,,,,0.0,,,,,
2014-15,5582742,16,43,Manchester_City,Away,16817,15749,Joe Hart,joe-hart,G,False,,,,,,,,,,,,,,,,,,,,,0.0,0.0,,,,,90.0,,,0.0,,,,,,,,,,,,,,,,,,,,0.0,,,,,
2014-15,5582742,16,43,Manchester_City,Away,26097,42593,Aleksandar Kolarov,aleksandar-kolarov,D,True,,,,,,,,,,,,,,,,,,,,,,,,,,,,,,,,,,,,,,,,,,,,,,,,,,,,,,,
2014-15,5582742,16,43,Manchester_City,Away,41837,52538,Fernando,fernando-reges,M,False,,,,,,,,,,,,,,,,,,,,,0.0,0.0,,,,,90.0,,,0.0,,,,,,,,,,,,,,,,,,,,0.0,,,,,
2014-15,5582742,16,43,Manchester_City,Away,42892,57112,Eliaquim Mangala,eliaquim-mangala,D,False,,,,,,,,,,,,,,,,,,,,,0.0,0.0,,,,,90.0,,,0.0,,,,,,,,,,,,,,,,,,,,0.0,,,,,
2014-15,5582742,16,43,Manchester_City,Away,52741,20310,Willy Caballero,willy-caballero,G,True,,,,,,,,,,,,,,,,,,,,,,,,,,,,,,,,,,,,,,,,,,,,,,,,,,,,,,,
2014-15,5582742,16,43,Manchester_City,Away,608370,114323,José Pozo,jose-pozo,M,False,,,,,,,,,,,,,,,,,,,,,0.0,0.0,,,,,74.0,,,0.0,,,,,,,,,,,,,,,,,,,,0.0,,,,,
2014-15,5582758,17,43,Manchester_City,Home,301,15312,Martín Demichelis,martin-demichelis,D,False,,,,,,,,,,,,,,,,,,,,,0.0,0.0,,,,,90.0,,,0.0,,,,,,,,,,,,,,,,,,,,0.0,,,,,
2014-15,5582758,17,43,Manchester_City,Home,791,15157,James Milner,james-milner,M,False,,,,,,,,,,,,,,,,,,,,,0.0,0.0,,,,,82.0,,,0.0,,,,,,,,,,,,,,,,,,,,0.0,,,,,
2014-15,5582758,17,43,Manchester_City,Home,1053,37748,Bacary Sagna,bacary-sagna,D,True,,,,,,,,,,,,,,,,,,,,,,,,,,,,,,,,,,,,,,,,,,,,,,,,,,,,,,,
2014-15,5582758,17,43,Manchester_City,Home,1216,2051,Frank Lampard,frank-lampard,M,True,,,,,,,,,,,,,,,,,,,,,0.0,0.0,,,,,21.0,,,0.0,,,,,,,,,,,,,,,,,,,,0.0,,,,,
2014-15,5582758,17,43,Manchester_City,Home,3544,28554,Samir Nasri,samir-nasri,M,False,,,,,,,,,,,,,,,,,,,,,0.0,0.0,,,,,89.0,,,0.0,,,,,,,,,,,,,,,,,,,,0.0,,,,,
2014-15,5582758,17,43,Manchester_City,Home,11781,20664,David Silva,david-silva,M,False,,,,,,,,,,,,,,,,,,,,,0.0,2.0,,,,,69.0,,,0.0,,,,,,,,,,,,,,,,,,,,0.0,,,,,
2014-15,5582758,17,43,Manchester_City,Home,11796,20658,Pablo Zabaleta,pablo-zabaleta,D,False,,,,,,,,,,,,,,,,,,,,,0.0,0.0,,,,,90.0,,,0.0,,,,,,,,,,,,,,,,,,,,0.0,,,,,
2014-15,5582758,17,43,Manchester_City,Home,11869,17740,Jesús Navas,jesus-navas,D,False,,,,,,,,,,,,,,,,,,,,,0.0,0.0,,,,,90.0,,,0.0,,,,,,,,,,,,,,,,,,,,0.0,,,,,
2014-15,5582758,17,43,Manchester_City,Home,13630,27789,Fernandinho,fernandinho,M,False,,,,,,,,,,,,,,,,,,,,,0.0,0.0,,,,,90.0,,,0.0,,,,,,,,,,,,,,,,,,,,0.0,,,,,
2014-15,5582758,17,43,Manchester_City,Home,14468,14664,Yaya Touré,yaya-toure,M,False,,,,,,,,,,,,,,,,,,,,,0.0,1.0,,,,,90.0,,,0.0,,,,,,,,,,,,,,,,,,,,0.0,,,,,
2014-15,5582758,17,43,Manchester_City,Home,16817,15749,Joe Hart,joe-hart,G,False,,,,,,,,,,,,,,,,,,,,,0.0,0.0,,,,,90.0,,,0.0,,,,,,,,,,,,,,,,,,,,0.0,,,,,
2014-15,5582758,17,43,Manchester_City,Home,24055,19688,Scott Sinclair,scott-sinclair,M,True,,,,,,,,,,,,,,,,,,,,,0.0,0.0,,,,,1.0,,,0.0,,,,,,,,,,,,,,,,,,,,0.0,,,,,
2014-15,5582758,17,43,Manchester_City,Home,26097,42593,Aleksandar Kolarov,aleksandar-kolarov,D,False,,,,,,,,,,,,,,,,,,,,,0.0,0.0,,,,,90.0,,,0.0,,,,,,,,,,,,,,,,,,,,0.0,,,,,
2014-15,5582758,17,43,Manchester_City,Home,41837,52538,Fernando,fernando-reges,M,True,,,,,,,,,,,,,,,,,,,,,0.0,0.0,,,,,8.0,,,0.0,,,,,,,,,,,,,,,,,,,,0.0,,,,,
2014-15,5582758,17,43,Manchester_City,Home,42892,57112,Eliaquim Mangala,eliaquim-mangala,D,False,,,,,,,,,,,,,,,,,,,,,0.0,0.0,,,,,90.0,,,0.0,,,,,,,,,,,,,,,,,,,,0.0,,,,,
2014-15,5582758,17,43,Manchester_City,Home,52741,20310,Willy Caballero,willy-caballero,G,True,,,,,,,,,,,,,,,,,,,,,,,,,,,,,,,,,,,,,,,,,,,,,,,,,,,,,,,
2014-15,5582758,17,43,Manchester_City,Home,103928,80235,Dedryck Boyata,dedryck-boyata,D,True,,,,,,,,,,,,,,,,,,,,,,,,,,,,,,,,,,,,,,,,,,,,,,,,,,,,,,,
2014-15,5582758,17,43,Manchester_City,Home,356024,171173,Thierry Ambrose,thierry-ambrose,F,True,,,,,,,,,,,,,,,,,,,,,,,,,,,,,,,,,,,,,,,,,,,,,,,,,,,,,,,
2014-15,5582790,18,43,Manchester_City,Away,301,15312,Martín Demichelis,martin-demichelis,D,False,,,,,,,,,,,,,,,,,,,,,0.0,0.0,,,,,90.0,,,0.0,,,,,,,,,,,,,,,,,,,,0.0,,,,,
2014-15,5582790,18,43,Manchester_City,Away,532,17336,Gaël Clichy,gael-clichy,D,False,,,,,,,,,,,,,,,,,,,,,0.0,0.0,,,,,90.0,,,0.0,,,,,,,,,,,,,,,,,,,,0.0,,,,,
2014-15,5582790,18,43,Manchester_City,Away,791,15157,James Milner,james-milner,M,False,,,,,,,,,,,,,,,,,,,,,0.0,0.0,,,,,90.0,,,0.0,,,,,,,,,,,,,,,,,,,,0.0,,,,,
2014-15,5582790,18,43,Manchester_City,Away,1053,37748,Bacary Sagna,bacary-sagna,D,False,,,,,,,,,,,,,,,,,,,,,0.0,0.0,,,,,90.0,,,0.0,,,,,,,,,,,,,,,,,,,,0.0,,,,,
2014-15,5582790,18,43,Manchester_City,Away,1216,2051,Frank Lampard,frank-lampard,M,True,,,,,,,,,,,,,,,,,,,,,0.0,0.0,,,,,15.0,,,0.0,,,,,,,,,,,,,,,,,,,,0.0,,,,,
2014-15,5582790,18,43,Manchester_City,Away,3544,28554,Samir Nasri,samir-nasri,M,False,,,,,,,,,,,,,,,,,,,,,0.0,0.0,,,,,75.0,,,0.0,,,,,,,,,,,,,,,,,,,,0.0,,,,,
2014-15,5582790,18,43,Manchester_City,Away,11781,20664,David Silva,david-silva,M,False,,,,,,,,,,,,,,,,,,,,,0.0,1.0,,,,,63.0,,,0.0,,,,,,,,,,,,,,,,,,,,0.0,,,,,
2014-15,5582790,18,43,Manchester_City,Away,11796,20658,Pablo Zabaleta,pablo-zabaleta,D,True,,,,,,,,,,,,,,,,,,,,,,,,,,,,,,,,,,,,,,,,,,,,,,,,,,,,,,,
2014-15,5582790,18,43,Manchester_City,Away,11869,17740,Jesús Navas,jesus-navas,D,False,,,,,,,,,,,,,,,,,,,,,0.0,0.0,,,,,90.0,,,0.0,,,,,,,,,,,,,,,,,,,,0.0,,,,,
2014-15,5582790,18,43,Manchester_City,Away,13630,27789,Fernandinho,fernandinho,M,True,,,,,,,,,,,,,,,,,,,,,0.0,0.0,,,,,21.0,,,0.0,,,,,,,,,,,,,,,,,,,,0.0,,,,,
2014-15,5582790,18,43,Manchester_City,Away,14468,14664,Yaya Touré,yaya-toure,M,False,,,,,,,,,,,,,,,,,,,,,0.0,1.0,,,,,69.0,,,0.0,,,,,,,,,,,,,,,,,,,,0.0,,,,,
2014-15,5582790,18,43,Manchester_City,Away,16817,15749,Joe Hart,joe-hart,G,False,,,,,,,,,,,,,,,,,,,,,0.0,0.0,,,,,90.0,,,0.0,,,,,,,,,,,,,,,,,,,,0.0,,,,,
2014-15,5582790,18,43,Manchester_City,Away,26097,42593,Aleksandar Kolarov,aleksandar-kolarov,D,True,,,,,,,,,,,,,,,,,,,,,0.0,0.0,,,,,27.0,,,0.0,,,,,,,,,,,,,,,,,,,,0.0,,,,,
2014-15,5582790,18,43,Manchester_City,Away,37126,50442,Stevan Jovetić,stevan-jovetic,F,True,,,,,,,,,,,,,,,,,,,,,,,,,,,,,,,,,,,,,,,,,,,,,,,,,,,,,,,
2014-15,5582790,18,43,Manchester_City,Away,41837,52538,Fernando,fernando-reges,M,False,,,,,,,,,,,,,,,,,,,,,0.0,1.0,,,,,90.0,,,0.0,,,,,,,,,,,,,,,,,,,,0.0,,,,,
2014-15,5582790,18,43,Manchester_City,Away,42892,57112,Eliaquim Mangala,eliaquim-mangala,D,False,,,,,,,,,,,,,,,,,,,,,0.0,0.0,,,,,90.0,,,0.0,,,,,,,,,,,,,,,,,,,,0.0,,,,,
2014-15,5582790,18,43,Manchester_City,Away,52741,20310,Willy Caballero,willy-caballero,G,True,,,,,,,,,,,,,,,,,,,,,,,,,,,,,,,,,,,,,,,,,,,,,,,,,,,,,,,
2014-15,5582790,18,43,Manchester_City,Away,103928,80235,Dedryck Boyata,dedryck-boyata,D,True,,,,,,,,,,,,,,,,,,,,,,,,,,,,,,,,,,,,,,,,,,,,,,,,,,,,,,,
2014-15,5582798,19,43,Manchester_City,Home,301,15312,Martín Demichelis,martin-demichelis,D,False,,,,,,,,,,,,,,,,,,,,,0.0,0.0,,,,,90.0,,,0.0,,,,,,,,,,,,,,,,,,,,0.0,,,,,
2014-15,5582798,19,43,Manchester_City,Home,532,17336,Gaël Clichy,gael-clichy,D,True,,,,,,,,,,,,,,,,,,,,,,,,,,,,,,,,,,,,,,,,,,,,,,,,,,,,,,,
2014-15,5582798,19,43,Manchester_City,Home,791,15157,James Milner,james-milner,M,False,,,,,,,,,,,,,,,,,,,,,0.0,0.0,,,,,62.0,,,0.0,,,,,,,,,,,,,,,,,,,,0.0,,,,,
2014-15,5582798,19,43,Manchester_City,Home,1053,37748,Bacary Sagna,bacary-sagna,D,True,,,,,,,,,,,,,,,,,,,,,,,,,,,,,,,,,,,,,,,,,,,,,,,,,,,,,,,
2014-15,5582798,19,43,Manchester_City,Home,1216,2051,Frank Lampard,frank-lampard,M,True,,,,,,,,,,,,,,,,,,,,,0.0,0.0,,,,,14.0,,,0.0,,,,,,,,,,,,,,,,,,,,0.0,,,,,
2014-15,5582798,19,43,Manchester_City,Home,3544,28554,Samir Nasri,samir-nasri,M,False,,,,,,,,,,,,,,,,,,,,,0.0,0.0,,,,,76.0,,,0.0,,,,,,,,,,,,,,,,,,,,0.0,,,,,
2014-15,5582798,19,43,Manchester_City,Home,11781,20664,David Silva,david-silva,M,False,,,,,,,,,,,,,,,,,,,,,0.0,1.0,,,,,90.0,,,0.0,,,,,,,,,,,,,,,,,,,,0.0,,,,,
2014-15,5582798,19,43,Manchester_City,Home,11796,20658,Pablo Zabaleta,pablo-zabaleta,D,False,,,,,,,,,,,,,,,,,,,,,0.0,0.0,,,,,90.0,,,0.0,,,,,,,,,,,,,,,,,,,,0.0,,,,,
2014-15,5582798,19,43,Manchester_City,Home,11869,17740,Jesús Navas,jesus-navas,D,False,,,,,,,,,,,,,,,,,,,,,0.0,0.0,,,,,90.0,,,0.0,,,,,,,,,,,,,,,,,,,,0.0,,,,,
2014-15,5582798,19,43,Manchester_City,Home,13630,27789,Fernandinho,fernandinho,M,False,,,,,,,,,,,,,,,,,,,,,0.0,1.0,,,,,88.0,,,0.0,,,,,,,,,,,,,,,,,,,,0.0,,,,,
2014-15,5582798,19,43,Manchester_City,Home,16817,15749,Joe Hart,joe-hart,G,False,,,,,,,,,,,,,,,,,,,,,0.0,0.0,,,,,90.0,,,0.0,,,,,,,,,,,,,,,,,,,,0.0,,,,,
2014-15,5582798,19,43,Manchester_City,Home,24055,19688,Scott Sinclair,scott-sinclair,M,True,,,,,,,,,,,,,,,,,,,,,0.0,0.0,,,,,2.0,,,0.0,,,,,,,,,,,,,,,,,,,,0.0,,,,,
2014-15,5582798,19,43,Manchester_City,Home,26097,42593,Aleksandar Kolarov,aleksandar-kolarov,D,False,,,,,,,,,,,,,,,,,,,,,0.0,0.0,,,,,90.0,,,0.0,,,,,,,,,,,,,,,,,,,,0.0,,,,,
2014-15,5582798,19,43,Manchester_City,Home,37126,50442,Stevan Jovetić,stevan-jovetic,F,True,,,,,,,,,,,,,,,,,,,,,0.0,0.0,,,,,28.0,,,0.0,,,,,,,,,,,,,,,,,,,,0.0,,,,,
2014-15,5582798,19,43,Manchester_City,Home,41837,52538,Fernando,fernando-reges,M,False,,,,,,,,,,,,,,,,,,,,,0.0,0.0,,,,,90.0,,,0.0,,,,,,,,,,,,,,,,,,,,0.0,,,,,
2014-15,5582798,19,43,Manchester_City,Home,42892,57112,Eliaquim Mangala,eliaquim-mangala,D,False,,,,,,,,,,,,,,,,,,,,,0.0,0.0,,,,,90.0,,,0.0,,,,,,,,,,,,,,,,,,,,0.0,,,,,
2014-15,5582798,19,43,Manchester_City,Home,52741,20310,Willy Caballero,willy-caballero,G,True,,,,,,,,,,,,,,,,,,,,,,,,,,,,,,,,,,,,,,,,,,,,,,,,,,,,,,,
2014-15,5582798,19,43,Manchester_City,Home,103928,80235,Dedryck Boyata,dedryck-boyata,D,True,,,,,,,,,,,,,,,,,,,,,,,,,,,,,,,,,,,,,,,,,,,,,,,,,,,,,,,
2014-15,5582818,20,43,Manchester_City,Home,301,15312,Martín Demichelis,martin-demichelis,D,False,,,,,,,,,,,,,,,,,,,,,0.0,0.0,,,,,90.0,,,0.0,,,,,,,,,,,,,,,,,,,,0.0,,,,,
2014-15,5582818,20,43,Manchester_City,Home,532,17336,Gaël Clichy,gael-clichy,D,False,,,,,,,,,,,,,,,,,,,,,0.0,0.0,,,,,90.0,,,0.0,,,,,,,,,,,,,,,,,,,,0.0,,,,,
2014-15,5582818,20,43,Manchester_City,Home,791,15157,James Milner,james-milner,M,True,,,,,,,,,,,,,,,,,,,,,0.0,0.0,,,,,1.0,,,0.0,,,,,,,,,,,,,,,,,,,,0.0,,,,,
2014-15,5582818,20,43,Manchester_City,Home,1053,37748,Bacary Sagna,bacary-sagna,D,True,,,,,,,,,,,,,,,,,,,,,,,,,,,,,,,,,,,,,,,,,,,,,,,,,,,,,,,
2014-15,5582818,20,43,Manchester_City,Home,1216,2051,Frank Lampard,frank-lampard,M,True,,,,,,,,,,,,,,,,,,,,,0.0,1.0,,,,,21.0,,,0.0,,,,,,,,,,,,,,,,,,,,0.0,,,,,
2014-15,5582818,20,43,Manchester_City,Home,3544,28554,Samir Nasri,samir-nasri,M,False,,,,,,,,,,,,,,,,,,,,,0.0,0.0,,,,,85.0,,,0.0,,,,,,,,,,,,,,,,,,,,0.0,,,,,
2014-15,5582818,20,43,Manchester_City,Home,11781,20664,David Silva,david-silva,M,False,,,,,,,,,,,,,,,,,,,,,0.0,0.0,,,,,89.0,,,0.0,,,,,,,,,,,,,,,,,,,,0.0,,,,,
2014-15,5582818,20,43,Manchester_City,Home,11796,20658,Pablo Zabaleta,pablo-zabaleta,D,False,,,,,,,,,,,,,,,,,,,,,0.0,0.0,,,,,90.0,,,0.0,,,,,,,,,,,,,,,,,,,,0.0,,,,,
2014-15,5582818,20,43,Manchester_City,Home,11869,17740,Jesús Navas,jesus-navas,D,False,,,,,,,,,,,,,,,,,,,,,0.0,0.0,,,,,90.0,,,0.0,,,,,,,,,,,,,,,,,,,,0.0,,,,,
2014-15,5582818,20,43,Manchester_City,Home,13630,27789,Fernandinho,fernandinho,M,False,,,,,,,,,,,,,,,,,,,,,0.0,0.0,,,,,90.0,,,0.0,,,,,,,,,,,,,,,,,,,,0.0,,,,,
2014-15,5582818,20,43,Manchester_City,Home,14468,14664,Yaya Touré,yaya-toure,M,False,,,,,,,,,,,,,,,,,,,,,0.0,1.0,,,,,90.0,,,0.0,,,,,,,,,,,,,,,,,,,,0.0,,,,,
2014-15,5582818,20,43,Manchester_City,Home,16817,15749,Joe Hart,joe-hart,G,True,,,,,,,,,,,,,,,,,,,,,,,,,,,,,,,,,,,,,,,,,,,,,,,,,,,,,,,
2014-15,5582818,20,43,Manchester_City,Home,24055,19688,Scott Sinclair,scott-sinclair,M,True,,,,,,,,,,,,,,,,,,,,,,,,,,,,,,,,,,,,,,,,,,,,,,,,,,,,,,,
2014-15,5582818,20,43,Manchester_City,Home,26097,42593,Aleksandar Kolarov,aleksandar-kolarov,D,True,,,,,,,,,,,,,,,,,,,,,0.0,0.0,,,,,5.0,,,0.0,,,,,,,,,,,,,,,,,,,,0.0,,,,,
2014-15,5582818,20,43,Manchester_City,Home,37126,50442,Stevan Jovetić,stevan-jovetic,F,False,,,,,,,,,,,,,,,,,,,,,0.0,1.0,,,,,69.0,,,0.0,,,,,,,,,,,,,,,,,,,,0.0,,,,,
2014-15,5582818,20,43,Manchester_City,Home,42892,57112,Eliaquim Mangala,eliaquim-mangala,D,False,,,,,,,,,,,,,,,,,,,,,0.0,0.0,,,,,90.0,,,0.0,,,,,,,,,,,,,,,,,,,,0.0,,,,,
2014-15,5582818,20,43,Manchester_City,Home,52741,20310,Willy Caballero,willy-caballero,G,False,,,,,,,,,,,,,,,,,,,,,0.0,0.0,,,,,90.0,,,0.0,,,,,,,,,,,,,,,,,,,,0.0,,,,,
2014-15,5582818,20,43,Manchester_City,Home,103928,80235,Dedryck Boyata,dedryck-boyata,D,True,,,,,,,,,,,,,,,,,,,,,,,,,,,,,,,,,,,,,,,,,,,,,,,,,,,,,,,
2014-15,5582840,21,43,Manchester_City,Away,301,15312,Martín Demichelis,martin-demichelis,D,False,,,,,,,,,,,,,,,,,,,,,0.0,0.0,,,,,90.0,,,0.0,,,,,,,,,,,,,,,,,,,,0.0,,,,,
2014-15,5582840,21,43,Manchester_City,Away,532,17336,Gaël Clichy,gael-clichy,D,False,,,,,,,,,,,,,,,,,,,,,0.0,0.0,,,,,90.0,,,0.0,,,,,,,,,,,,,,,,,,,,0.0,,,,,
2014-15,5582840,21,43,Manchester_City,Away,1053,37748,Bacary Sagna,bacary-sagna,D,True,,,,,,,,,,,,,,,,,,,,,,,,,,,,,,,,,,,,,,,,,,,,,,,,,,,,,,,
2014-15,5582840,21,43,Manchester_City,Away,1216,2051,Frank Lampard,frank-lampard,M,True,,,,,,,,,,,,,,,,,,,,,0.0,0.0,,,,,8.0,,,0.0,,,,,,,,,,,,,,,,,,,,0.0,,,,,
2014-15,5582840,21,43,Manchester_City,Away,3544,28554,Samir Nasri,samir-nasri,M,False,,,,,,,,,,,,,,,,,,,,,0.0,0.0,,,,,90.0,,,0.0,,,,,,,,,,,,,,,,,,,,0.0,,,,,
2014-15,5582840,21,43,Manchester_City,Away,6019,17476,Vincent Kompany,vincent-kompany,D,True,,,,,,,,,,,,,,,,,,,,,,,,,,,,,,,,,,,,,,,,,,,,,,,,,,,,,,,
2014-15,5582840,21,43,Manchester_City,Away,11781,20664,David Silva,david-silva,M,False,,,,,,,,,,,,,,,,,,,,,0.0,0.0,,,,,90.0,,,0.0,,,,,,,,,,,,,,,,,,,,0.0,,,,,
2014-15,5582840,21,43,Manchester_City,Away,11796,20658,Pablo Zabaleta,pablo-zabaleta,D,False,,,,,,,,,,,,,,,,,,,,,0.0,0.0,,,,,90.0,,,0.0,,,,,,,,,,,,,,,,,,,,0.0,,,,,
2014-15,5582840,21,43,Manchester_City,Away,11869,17740,Jesús Navas,jesus-navas,D,False,,,,,,,,,,,,,,,,,,,,,0.0,0.0,,,,,90.0,,,0.0,,,,,,,,,,,,,,,,,,,,0.0,,,,,
2014-15,5582840,21,43,Manchester_City,Away,13630,27789,Fernandinho,fernandinho,M,False,,,,,,,,,,,,,,,,,,,,,0.0,1.0,,,,,82.0,,,0.0,,,,,,,,,,,,,,,,,,,,0.0,,,,,
2014-15,5582840,21,43,Manchester_City,Away,16817,15749,Joe Hart,joe-hart,G,False,,,,,,,,,,,,,,,,,,,,,0.0,0.0,,,,,90.0,,,0.0,,,,,,,,,,,,,,,,,,,,0.0,,,,,
2014-15,5582840,21,43,Manchester_City,Away,17094,37572,Sergio Agüero,sergio-aguero,F,True,,,,,,,,,,,,,,,,,,,,,0.0,0.0,,,,,23.0,,,0.0,,,,,,,,,,,,,,,,,,,,0.0,,,,,
2014-15,5582840,21,43,Manchester_City,Away,24055,19688,Scott Sinclair,scott-sinclair,M,True,,,,,,,,,,,,,,,,,,,,,,,,,,,,,,,,,,,,,,,,,,,,,,,,,,,,,,,
2014-15,5582840,21,43,Manchester_City,Away,26097,42593,Aleksandar Kolarov,aleksandar-kolarov,D,True,,,,,,,,,,,,,,,,,,,,,0.0,0.0,,,,,1.0,,,0.0,,,,,,,,,,,,,,,,,,,,0.0,,,,,
2014-15,5582840,21,43,Manchester_City,Away,37126,50442,Stevan Jovetić,stevan-jovetic,F,False,,,,,,,,,,,,,,,,,,,,,0.0,0.0,,,,,67.0,,,0.0,,,,,,,,,,,,,,,,,,,,0.0,,,,,
2014-15,5582840,21,43,Manchester_City,Away,41837,52538,Fernando,fernando-reges,M,False,,,,,,,,,,,,,,,,,,,,,0.0,0.0,,,,,90.0,,,0.0,,,,,,,,,,,,,,,,,,,,0.0,,,,,
2014-15,5582840,21,43,Manchester_City,Away,42892,57112,Eliaquim Mangala,eliaquim-mangala,D,False,,,,,,,,,,,,,,,,,,,,,0.0,0.0,,,,,90.0,,,0.0,,,,,,,,,,,,,,,,,,,,0.0,,,,,
2014-15,5582840,21,43,Manchester_City,Away,52741,20310,Willy Caballero,willy-caballero,G,True,,,,,,,,,,,,,,,,,,,,,,,,,,,,,,,,,,,,,,,,,,,,,,,,,,,,,,,
2014-15,5582860,22,43,Manchester_City,Home,301,15312,Martín Demichelis,martin-demichelis,D,False,,,,,,,,,,,,,,,,,,,,,0.0,0.0,,,,,90.0,,,0.0,,,,,,,,,,,,,,,,,,,,0.0,,,,,
2014-15,5582860,22,43,Manchester_City,Home,532,17336,Gaël Clichy,gael-clichy,D,False,,,,,,,,,,,,,,,,,,,,,0.0,0.0,,,,,90.0,,,0.0,,,,,,,,,,,,,,,,,,,,0.0,,,,,
2014-15,5582860,22,43,Manchester_City,Home,791,15157,James Milner,james-milner,M,False,,,,,,,,,,,,,,,,,,,,,0.0,0.0,,,,,46.0,,,0.0,,,,,,,,,,,,,,,,,,,,0.0,,,,,
2014-15,5582860,22,43,Manchester_City,Home,1053,37748,Bacary Sagna,bacary-sagna,D,True,,,,,,,,,,,,,,,,,,,,,,,,,,,,,,,,,,,,,,,,,,,,,,,,,,,,,,,
2014-15,5582860,22,43,Manchester_City,Home,1216,2051,Frank Lampard,frank-lampard,M,True,,,,,,,,,,,,,,,,,,,,,0.0,0.0,,,,,27.0,,,0.0,,,,,,,,,,,,,,,,,,,,0.0,,,,,
2014-15,5582860,22,43,Manchester_City,Home,6019,17476,Vincent Kompany,vincent-kompany,D,False,,,,,,,,,,,,,,,,,,,,,0.0,0.0,,,,,90.0,,,0.0,,,,,,,,,,,,,,,,,,,,0.0,,,,,
2014-15,5582860,22,43,Manchester_City,Home,11781,20664,David Silva,david-silva,M,False,,,,,,,,,,,,,,,,,,,,,0.0,0.0,,,,,90.0,,,0.0,,,,,,,,,,,,,,,,,,,,0.0,,,,,
2014-15,5582860,22,43,Manchester_City,Home,11796,20658,Pablo Zabaleta,pablo-zabaleta,D,False,,,,,,,,,,,,,,,,,,,,,0.0,0.0,,,,,90.0,,,0.0,,,,,,,,,,,,,,,,,,,,0.0,,,,,
2014-15,5582860,22,43,Manchester_City,Home,11869,17740,Jesús Navas,jesus-navas,D,False,,,,,,,,,,,,,,,,,,,,,0.0,0.0,,,,,76.0,,,0.0,,,,,,,,,,,,,,,,,,,,0.0,,,,,
2014-15,5582860,22,43,Manchester_City,Home,13630,27789,Fernandinho,fernandinho,M,False,,,,,,,,,,,,,,,,,,,,,0.0,0.0,,,,,63.0,,,0.0,,,,,,,,,,,,,,,,,,,,0.0,,,,,
2014-15,5582860,22,43,Manchester_City,Home,14990,42544,Edin Džeko,edin-dzeko,F,True,,,,,,,,,,,,,,,,,,,,,0.0,0.0,,,,,14.0,,,0.0,,,,,,,,,,,,,,,,,,,,0.0,,,,,
2014-15,5582860,22,43,Manchester_City,Home,16817,15749,Joe Hart,joe-hart,G,False,,,,,,,,,,,,,,,,,,,,,0.0,0.0,,,,,90.0,,,0.0,,,,,,,,,,,,,,,,,,,,0.0,,,,,
2014-15,5582860,22,43,Manchester_City,Home,17094,37572,Sergio Agüero,sergio-aguero,F,False,,,,,,,,,,,,,,,,,,,,,0.0,0.0,,,,,90.0,,,0.0,,,,,,,,,,,,,,,,,,,,0.0,,,,,
2014-15,5582860,22,43,Manchester_City,Home,26097,42593,Aleksandar Kolarov,aleksandar-kolarov,D,True,,,,,,,,,,,,,,,,,,,,,,,,,,,,,,,,,,,,,,,,,,,,,,,,,,,,,,,
2014-15,5582860,22,43,Manchester_City,Home,37126,50442,Stevan Jovetić,stevan-jovetic,F,True,,,,,,,,,,,,,,,,,,,,,0.0,0.0,,,,,44.0,,,0.0,,,,,,,,,,,,,,,,,,,,0.0,,,,,
2014-15,5582860,22,43,Manchester_City,Home,41837,52538,Fernando,fernando-reges,M,False,,,,,,,,,,,,,,,,,,,,,0.0,0.0,,,,,90.0,,,0.0,,,,,,,,,,,,,,,,,,,,0.0,,,,,
2014-15,5582860,22,43,Manchester_City,Home,42892,57112,Eliaquim Mangala,eliaquim-mangala,D,True,,,,,,,,,,,,,,,,,,,,,,,,,,,,,,,,,,,,,,,,,,,,,,,,,,,,,,,
2014-15,5582860,22,43,Manchester_City,Home,52741,20310,Willy Caballero,willy-caballero,G,True,,,,,,,,,,,,,,,,,,,,,,,,,,,,,,,,,,,,,,,,,,,,,,,,,,,,,,,
2014-15,5582874,23,43,Manchester_City,Away,301,15312,Martín Demichelis,martin-demichelis,D,False,,,3.0,,,40.0,1.0,1.0,4.0,,,,1.0,,,3.0,4.0,,,1.0,0.0,0.0,,,3.0,,90.0,,,0.0,,,,,,7.0,,,,,5.0,,,,4.0,,,,46.0,0.0,3.0,,,,
2014-15,5582874,23,43,Manchester_City,Away,532,17336,Gaël Clichy,gael-clichy,D,False,,,1.0,,,58.0,1.0,1.0,11.0,,,,2.0,,2.0,6.0,4.0,,,,0.0,0.0,,,5.0,,90.0,,,0.0,,,,,,6.5,,,,,3.0,1.0,2.0,,4.0,,,,72.0,0.0,3.0,,2.0,,
2014-15,5582874,23,43,Manchester_City,Away,791,15157,James Milner,james-milner,M,False,,,3.0,,,48.0,6.0,1.0,5.0,,,,1.0,,5.0,13.0,11.0,,,1.0,0.0,0.0,,,1.0,3.0,90.0,,,0.0,,,,,,6.8,,,2.0,,,3.0,7.0,,7.0,1.0,,,63.0,2.0,6.0,,2.0,1.0,3.0
2014-15,5582874,23,43,Manchester_City,Away,1053,37748,Bacary Sagna,bacary-sagna,D,False,,,4.0,,,47.0,5.0,6.0,2.0,,,,,,2.0,7.0,8.0,,,,0.0,0.0,,,,,90.0,,,0.0,,,,,,6.5,,,,,4.0,,1.0,,10.0,,,,61.0,0.0,2.0,,1.0,,
2014-15,5582874,23,43,Manchester_City,Away,1216,2051,Frank Lampard,frank-lampard,M,True,,,1.0,,,11.0,,,1.0,,,,,,1.0,1.0,1.0,,,,0.0,0.0,,,,,13.0,,,0.0,,,,,,6.6,,,,,,,,,1.0,,,,15.0,0.0,1.0,,,,
2014-15,5582874,23,43,Manchester_City,Away,6019,17476,Vincent Kompany,vincent-kompany,D,False,,,4.0,,,34.0,1.0,2.0,11.0,,,,,,2.0,4.0,5.0,,,1.0,0.0,0.0,,,,1.0,90.0,,,0.0,,,,,,6.9,,,,,4.0,,,,8.0,,,,41.0,0.0,2.0,,,1.0,
2014-15,5582874,23,43,Manchester_City,Away,11781,20664,David Silva,david-silva,M,False,,,,,,39.0,3.0,1.0,8.0,,,,2.0,,6.0,16.0,4.0,,,5.0,0.0,1.0,,,,1.0,90.0,1.0,,0.0,,,,,,6.2,,,,,,1.0,1.0,,,,,,47.0,1.0,,,4.0,2.0,1.0
2014-15,5582874,23,43,Manchester_City,Away,11796,20658,Pablo Zabaleta,pablo-zabaleta,D,True,,,,,,,,,,,,,,,,,,,,,,,,,,,,,,,,,,,,,,,,,,,,,,,,,,,,,,,
2014-15,5582874,23,43,Manchester_City,Away,11869,17740,Jesús Navas,jesus-navas,D,False,3.0,,,,,41.0,3.0,2.0,9.0,,,,1.0,,3.0,8.0,9.0,,,,0.0,0.0,,,1.0,2.0,90.0,1.0,,0.0,,,,,,6.8,,,,,,4.0,11.0,,1.0,,,,50.0,1.0,2.0,,4.0,2.0,3.0
2014-15,5582874,23,43,Manchester_City,Away,13630,27789,Fernandinho,fernandinho,M,False,,,2.0,,,54.0,1.0,1.0,6.0,,,,3.0,,1.0,8.0,12.0,,,2.0,0.0,0.0,,,1.0,,90.0,2.0,,0.0,,,,,,7.6,,,,,2.0,3.0,,,2.0,,,,68.0,2.0,7.0,,,2.0,2.0
2014-15,5582874,23,43,Manchester_City,Away,14990,42544,Edin Džeko,edin-dzeko,F,True,,,,,,4.0,1.0,,,,,,,,,1.0,,,,,0.0,0.0,,,,,6.0,,,0.0,,,,,,,,,,,,,,,,,,,4.0,0.0,,,,,
2014-15,5582874,23,43,Manchester_City,Away,16817,15749,Joe Hart,joe-hart,G,False,,1.0,4.0,,,7.0,,,4.0,,,,,,,,,,,,0.0,0.0,,,,,90.0,,,0.0,,,,,,6.5,,1.0,,,,,,1.0,13.0,,,,16.0,0.0,,,,,
2014-15,5582874,23,43,Manchester_City,Away,17094,37572,Sergio Agüero,sergio-aguero,F,False,,,1.0,,,21.0,1.0,,1.0,1.0,,,1.0,,1.0,6.0,2.0,,,1.0,1.0,0.0,,,,1.0,84.0,1.0,,0.0,,,,,,7.1,,,2.0,,,3.0,,,1.0,2.0,,,21.0,3.0,,,5.0,1.0,1.0
2014-15,5582874,23,43,Manchester_City,Away,26097,42593,Aleksandar Kolarov,aleksandar-kolarov,D,True,,,,,,,,,,,,,,,,,,,,,,,,,,,,,,,,,,,,,,,,,,,,,,,,,,,,,,,
2014-15,5582874,23,43,Manchester_City,Away,37126,50442,Stevan Jovetić,stevan-jovetic,F,True,,,,,,3.0,,,1.0,,,,,,,,1.0,,,,0.0,0.0,,,,,1.0,,,0.0,,,,,,,,,,,,1.0,,,,,,,3.0,0.0,,,1.0,,1.0
2014-15,5582874,23,43,Manchester_City,Away,41837,52538,Fernando,fernando-reges,M,False,,,3.0,,,29.0,2.0,3.0,3.0,,,,2.0,,1.0,8.0,8.0,,,3.0,0.0,0.0,,,,,77.0,,,0.0,,,,,,6.5,,,,,1.0,1.0,,,5.0,,,,37.0,0.0,1.0,,1.0,3.0,1.0
2014-15,5582874,23,43,Manchester_City,Away,52741,20310,Willy Caballero,willy-caballero,G,True,,,,,,,,,,,,,,,,,,,,,,,,,,,,,,,,,,,,,,,,,,,,,,,,,,,,,,,
2014-15,5582874,23,43,Manchester_City,Away,103928,80235,Dedryck Boyata,dedryck-boyata,D,True,,,,,,,,,,,,,,,,,,,,,,,,,,,,,,,,,,,,,,,,,,,,,,,,,,,,,,,
2014-15,5582900,24,43,Manchester_City,Home,301,15312,Martín Demichelis,martin-demichelis,D,False,,,,,,,,,,,,,,,,,,,,,0.0,0.0,,,,,90.0,,,0.0,,,,,,,,,,,,,,,,,,,,0.0,,,,,
2014-15,5582900,24,43,Manchester_City,Home,532,17336,Gaël Clichy,gael-clichy,D,False,,,,,,,,,,,,,,,,,,,,,0.0,0.0,,,,,90.0,,,0.0,,,,,,,,,,,,,,,,,,,,0.0,,,,,
2014-15,5582900,24,43,Manchester_City,Home,791,15157,James Milner,james-milner,M,True,,,,,,,,,,,,,,,,,,,,,0.0,1.0,,,,,24.0,,,0.0,,,,,,,,,,,,,,,,,,,,0.0,,,,,
2014-15,5582900,24,43,Manchester_City,Home,1216,2051,Frank Lampard,frank-lampard,M,True,,,,,,,,,,,,,,,,,,,,,,,,,,,,,,,,,,,,,,,,,,,,,,,,,,,,,,,
2014-15,5582900,24,43,Manchester_City,Home,3544,28554,Samir Nasri,samir-nasri,M,False,,,,,,,,,,,,,,,,,,,,,0.0,0.0,,,,,90.0,,,0.0,,,,,,,,,,,,,,,,,,,,0.0,,,,,
2014-15,5582900,24,43,Manchester_City,Home,6019,17476,Vincent Kompany,vincent-kompany,D,False,,,,,,,,,,,,,,,,,,,,,0.0,0.0,,,,,90.0,,,0.0,,,,,,,,,,,,,,,,,,,,0.0,,,,,
2014-15,5582900,24,43,Manchester_City,Home,11781,20664,David Silva,david-silva,M,False,,,,,,,,,,,,,,,,,,,,,0.0,0.0,,,,,74.0,,,0.0,,,,,,,,,,,,,,,,,,,,0.0,,,,,
2014-15,5582900,24,43,Manchester_City,Home,11796,20658,Pablo Zabaleta,pablo-zabaleta,D,False,,,,,,,,,,,,,,,,,,,,,0.0,0.0,,,,,90.0,,,0.0,,,,,,,,,,,,,,,,,,,,0.0,,,,,
2014-15,5582900,24,43,Manchester_City,Home,11869,17740,Jesús Navas,jesus-navas,D,True,,,,,,,,,,,,,,,,,,,,,0.0,0.0,,,,,45.0,,,0.0,,,,,,,,,,,,,,,,,,,,0.0,,,,,
2014-15,5582900,24,43,Manchester_City,Home,13630,27789,Fernandinho,fernandinho,M,False,,,,,,,,,,,,,,,,,,,,,0.0,0.0,,,,,90.0,,,0.0,,,,,,,,,,,,,,,,,,,,0.0,,,,,
2014-15,5582900,24,43,Manchester_City,Home,14990,42544,Edin Džeko,edin-dzeko,F,False,,,,,,,,,,,,,,,,,,,,,0.0,0.0,,,,,66.0,,,0.0,,,,,,,,,,,,,,,,,,,,0.0,,,,,
2014-15,5582900,24,43,Manchester_City,Home,16817,15749,Joe Hart,joe-hart,G,False,,,,,,,,,,,,,,,,,,,,,0.0,0.0,,,,,90.0,,,0.0,,,,,,,,,,,,,,,,,,,,0.0,,,,,
2014-15,5582900,24,43,Manchester_City,Home,17094,37572,Sergio Agüero,sergio-aguero,F,False,,,,,,,,,,,,,,,,,,,,,0.0,0.0,,,,,90.0,,,0.0,,,,,,,,,,,,,,,,,,,,0.0,,,,,
2014-15,5582900,24,43,Manchester_City,Home,26097,42593,Aleksandar Kolarov,aleksandar-kolarov,D,True,,,,,,,,,,,,,,,,,,,,,,,,,,,,,,,,,,,,,,,,,,,,,,,,,,,,,,,
2014-15,5582900,24,43,Manchester_City,Home,37126,50442,Stevan Jovetić,stevan-jovetic,F,True,,,,,,,,,,,,,,,,,,,,,0.0,0.0,,,,,16.0,,,0.0,,,,,,,,,,,,,,,,,,,,0.0,,,,,
2014-15,5582900,24,43,Manchester_City,Home,41837,52538,Fernando,fernando-reges,M,False,,,,,,,,,,,,,,,,,,,,,0.0,0.0,,,,,45.0,,,0.0,,,,,,,,,,,,,,,,,,,,0.0,,,,,
2014-15,5582900,24,43,Manchester_City,Home,42892,57112,Eliaquim Mangala,eliaquim-mangala,D,True,,,,,,,,,,,,,,,,,,,,,,,,,,,,,,,,,,,,,,,,,,,,,,,,,,,,,,,
2014-15,5582900,24,43,Manchester_City,Home,52741,20310,Willy Caballero,willy-caballero,G,True,,,,,,,,,,,,,,,,,,,,,,,,,,,,,,,,,,,,,,,,,,,,,,,,,,,,,,,
2014-15,5582928,25,43,Manchester_City,Away,301,15312,Martín Demichelis,martin-demichelis,D,True,,,,,,,,,,,,,,,,,,,,,,,,,,,,,,,,,,,,,,,,,,,,,,,,,,,,,,,
2014-15,5582928,25,43,Manchester_City,Away,791,15157,James Milner,james-milner,M,False,,,,,,,,,,,,,,,,,,,,,0.0,1.0,,,,,90.0,,,0.0,,,,,,,,,,,,,,,,,,,,0.0,,,,,
2014-15,5582928,25,43,Manchester_City,Away,1053,37748,Bacary Sagna,bacary-sagna,D,True,,,,,,,,,,,,,,,,,,,,,,,,,,,,,,,,,,,,,,,,,,,,,,,,,,,,,,,
2014-15,5582928,25,43,Manchester_City,Away,1216,2051,Frank Lampard,frank-lampard,M,True,,,,,,,,,,,,,,,,,,,,,0.0,0.0,,,,,10.0,,,0.0,,,,,,,,,,,,,,,,,,,,0.0,,,,,
2014-15,5582928,25,43,Manchester_City,Away,3544,28554,Samir Nasri,samir-nasri,M,False,,,,,,,,,,,,,,,,,,,,,1.0,1.0,,,,,86.0,,,0.0,,,,,,,,,,,,,,,,,,,,0.0,,,,,
2014-15,5582928,25,43,Manchester_City,Away,6019,17476,Vincent Kompany,vincent-kompany,D,False,,,,,,,,,,,,,,,,,,,,,0.0,0.0,,,,,90.0,,,0.0,,,,,,,,,,,,,,,,,,,,0.0,,,,,
2014-15,5582928,25,43,Manchester_City,Away,11781,20664,David Silva,david-silva,M,False,,,,,,,,,,,,,,,,,,,,,0.0,0.0,,,,,80.0,,,0.0,,,,,,,,,,,,,,,,,,,,0.0,,,,,
2014-15,5582928,25,43,Manchester_City,Away,11796,20658,Pablo Zabaleta,pablo-zabaleta,D,False,,,,,,,,,,,,,,,,,,,,,0.0,0.0,,,,,90.0,,,0.0,,,,,,,,,,,,,,,,,,,,0.0,,,,,
2014-15,5582928,25,43,Manchester_City,Away,11869,17740,Jesús Navas,jesus-navas,D,True,,,,,,,,,,,,,,,,,,,,,0.0,0.0,,,,,4.0,,,0.0,,,,,,,,,,,,,,,,,,,,0.0,,,,,
2014-15,5582928,25,43,Manchester_City,Away,13630,27789,Fernandinho,fernandinho,M,False,,,,,,,,,,,,,,,,,,,,,0.0,0.0,,,,,90.0,,,0.0,,,,,,,,,,,,,,,,,,,,0.0,,,,,
2014-15,5582928,25,43,Manchester_City,Away,14990,42544,Edin Džeko,edin-dzeko,F,True,,,,,,,,,,,,,,,,,,,,,0.0,0.0,,,,,17.0,,,0.0,,,,,,,,,,,,,,,,,,,,0.0,,,,,
2014-15,5582928,25,43,Manchester_City,Away,16817,15749,Joe Hart,joe-hart,G,False,,,,,,,,,,,,,,,,,,,,,0.0,0.0,,,,,90.0,,,0.0,,,,,,,,,,,,,,,,,,,,0.0,,,,,
2014-15,5582928,25,43,Manchester_City,Away,17094,37572,Sergio Agüero,sergio-aguero,F,False,,,,,,,,,,,,,,,,,,,,,0.0,2.0,,,,,73.0,,,0.0,,,,,,,,,,,,,,,,,,,,0.0,,,,,
2014-15,5582928,25,43,Manchester_City,Away,26097,42593,Aleksandar Kolarov,aleksandar-kolarov,D,False,,,,,,,,,,,,,,,,,,,,,0.0,0.0,,,,,90.0,,,0.0,,,,,,,,,,,,,,,,,,,,0.0,,,,,
2014-15,5582928,25,43,Manchester_City,Away,37126,50442,Stevan Jovetić,stevan-jovetic,F,True,,,,,,,,,,,,,,,,,,,,,,,,,,,,,,,,,,,,,,,,,,,,,,,,,,,,,,,
2014-15,5582928,25,43,Manchester_City,Away,41837,52538,Fernando,fernando-reges,M,False,,,,,,,,,,,,,,,,,,,,,0.0,0.0,,,,,90.0,,,0.0,,,,,,,,,,,,,,,,,,,,0.0,,,,,
2014-15,5582928,25,43,Manchester_City,Away,42892,57112,Eliaquim Mangala,eliaquim-mangala,D,False,,,,,,,,,,,,,,,,,,,,,0.0,0.0,,,,,90.0,,,0.0,,,,,,,,,,,,,,,,,,,,0.0,,,,,
2014-15,5582928,25,43,Manchester_City,Away,52741,20310,Willy Caballero,willy-caballero,G,True,,,,,,,,,,,,,,,,,,,,,,,,,,,,,,,,,,,,,,,,,,,,,,,,,,,,,,,
2014-15,5582942,26,43,Manchester_City,Home,301,15312,Martín Demichelis,martin-demichelis,D,True,,,,,,,,,,,,,,,,,,,,,,,,,,,,,,,,,,,,,,,,,,,,,,,,,,,,,,,
2014-15,5582942,26,43,Manchester_City,Home,532,17336,Gaël Clichy,gael-clichy,D,True,,,,,,,,,,,,,,,,,,,,,,,,,,,,,,,,,,,,,,,,,,,,,,,,,,,,,,,
2014-15,5582942,26,43,Manchester_City,Home,1216,2051,Frank Lampard,frank-lampard,M,True,,,,,,,,,,,,,,,,,,,,,0.0,0.0,,,,,20.0,,,0.0,,,,,,,,,,,,,,,,,,,,0.0,,,,,
2014-15,5582942,26,43,Manchester_City,Home,3544,28554,Samir Nasri,samir-nasri,M,False,,,,,,,,,,,,,,,,,,,,,1.0,1.0,,,,,70.0,,,0.0,,,,,,,,,,,,,,,,,,,,0.0,,,,,
2014-15,5582942,26,43,Manchester_City,Home,6019,17476,Vincent Kompany,vincent-kompany,D,False,,,,,,,,,,,,,,,,,,,,,0.0,0.0,,,,,90.0,,,0.0,,,,,,,,,,,,,,,,,,,,0.0,,,,,
2014-15,5582942,26,43,Manchester_City,Home,11781,20664,David Silva,david-silva,M,False,,,,,,,,,,,,,,,,,,,,,1.0,2.0,,,,,59.0,,,0.0,,,,,,,,,,,,,,,,,,,,0.0,,,,,
2014-15,5582942,26,43,Manchester_City,Home,11796,20658,Pablo Zabaleta,pablo-zabaleta,D,False,,,,,,,,,,,,,,,,,,,,,0.0,0.0,,,,,90.0,,,0.0,,,,,,,,,,,,,,,,,,,,0.0,,,,,
2014-15,5582942,26,43,Manchester_City,Home,11869,17740,Jesús Navas,jesus-navas,D,True,,,,,,,,,,,,,,,,,,,,,0.0,0.0,,,,,31.0,,,0.0,,,,,,,,,,,,,,,,,,,,0.0,,,,,
2014-15,5582942,26,43,Manchester_City,Home,13630,27789,Fernandinho,fernandinho,M,False,,,,,,,,,,,,,,,,,,,,,0.0,0.0,,,,,90.0,,,0.0,,,,,,,,,,,,,,,,,,,,0.0,,,,,
2014-15,5582942,26,43,Manchester_City,Home,14468,14664,Yaya Touré,yaya-toure,M,False,,,,,,,,,,,,,,,,,,,,,0.0,0.0,,,,,90.0,,,0.0,,,,,,,,,,,,,,,,,,,,0.0,,,,,
2014-15,5582942,26,43,Manchester_City,Home,14990,42544,Edin Džeko,edin-dzeko,F,False,,,,,,,,,,,,,,,,,,,,,1.0,1.0,,,,,90.0,,,0.0,,,,,,,,,,,,,,,,,,,,0.0,,,,,
2014-15,5582942,26,43,Manchester_City,Home,16817,15749,Joe Hart,joe-hart,G,False,,,,,,,,,,,,,,,,,,,,,0.0,0.0,,,,,90.0,,,0.0,,,,,,,,,,,,,,,,,,,,0.0,,,,,
2014-15,5582942,26,43,Manchester_City,Home,17094,37572,Sergio Agüero,sergio-aguero,F,False,,,,,,,,,,,,,,,,,,,,,1.0,1.0,,,,,60.0,,,0.0,,,,,,,,,,,,,,,,,,,,0.0,,,,,
2014-15,5582942,26,43,Manchester_City,Home,26097,42593,Aleksandar Kolarov,aleksandar-kolarov,D,False,,,,,,,,,,,,,,,,,,,,,0.0,0.0,,,,,90.0,,,0.0,,,,,,,,,,,,,,,,,,,,0.0,,,,,
2014-15,5582942,26,43,Manchester_City,Home,39543,57001,Wilfried Bony,wilfried-bony,F,True,,,,,,,,,,,,,,,,,,,,,0.0,0.0,,,,,30.0,,,0.0,,,,,,,,,,,,,,,,,,,,0.0,,,,,
2014-15,5582942,26,43,Manchester_City,Home,41837,52538,Fernando,fernando-reges,M,True,,,,,,,,,,,,,,,,,,,,,,,,,,,,,,,,,,,,,,,,,,,,,,,,,,,,,,,
2014-15,5582942,26,43,Manchester_City,Home,42892,57112,Eliaquim Mangala,eliaquim-mangala,D,False,,,,,,,,,,,,,,,,,,,,,0.0,0.0,,,,,90.0,,,0.0,,,,,,,,,,,,,,,,,,,,0.0,,,,,
2014-15,5582942,26,43,Manchester_City,Home,52741,20310,Willy Caballero,willy-caballero,G,True,,,,,,,,,,,,,,,,,,,,,,,,,,,,,,,,,,,,,,,,,,,,,,,,,,,,,,,
2014-15,5582958,27,43,Manchester_City,Away,301,15312,Martín Demichelis,martin-demichelis,D,True,,,,,,,,,,,,,,,,,,,,,,,,,,,,,,,,,,,,,,,,,,,,,,,,,,,,,,,
2014-15,5582958,27,43,Manchester_City,Away,532,17336,Gaël Clichy,gael-clichy,D,True,,,,,,,,,,,,,,,,,,,,,,,,,,,,,,,,,,,,,,,,,,,,,,,,,,,,,,,
2014-15,5582958,27,43,Manchester_City,Away,791,15157,James Milner,james-milner,M,True,,,,,,,,,,,,,,,,,,,,,0.0,0.0,,,,,32.0,,,0.0,,,,,,,,,,,,,,,,,,,,0.0,,,,,
2014-15,5582958,27,43,Manchester_City,Away,1216,2051,Frank Lampard,frank-lampard,M,True,,,,,,,,,,,,,,,,,,,,,0.0,0.0,,,,,7.0,,,0.0,,,,,,,,,,,,,,,,,,,,0.0,,,,,
2014-15,5582958,27,43,Manchester_City,Away,3544,28554,Samir Nasri,samir-nasri,M,False,,,,,,,,,,,,,,,,,,,,,0.0,0.0,,,,,83.0,,,0.0,,,,,,,,,,,,,,,,,,,,0.0,,,,,
2014-15,5582958,27,43,Manchester_City,Away,6019,17476,Vincent Kompany,vincent-kompany,D,False,,,,,,,,,,,,,,,,,,,,,0.0,0.0,,,,,90.0,,,0.0,,,,,,,,,,,,,,,,,,,,0.0,,,,,
2014-15,5582958,27,43,Manchester_City,Away,11781,20664,David Silva,david-silva,M,False,,,,,,,,,,,,,,,,,,,,,0.0,0.0,,,,,90.0,,,0.0,,,,,,,,,,,,,,,,,,,,0.0,,,,,
2014-15,5582958,27,43,Manchester_City,Away,11796,20658,Pablo Zabaleta,pablo-zabaleta,D,False,,,,,,,,,,,,,,,,,,,,,0.0,0.0,,,,,90.0,,,0.0,,,,,,,,,,,,,,,,,,,,0.0,,,,,
2014-15,5582958,27,43,Manchester_City,Away,13630,27789,Fernandinho,fernandinho,M,False,,,,,,,,,,,,,,,,,,,,,0.0,0.0,,,,,78.0,,,0.0,,,,,,,,,,,,,,,,,,,,0.0,,,,,
2014-15,5582958,27,43,Manchester_City,Away,14468,14664,Yaya Touré,yaya-toure,M,False,,,,,,,,,,,,,,,,,,,,,0.0,0.0,,,,,90.0,,,0.0,,,,,,,,,,,,,,,,,,,,0.0,,,,,
2014-15,5582958,27,43,Manchester_City,Away,14990,42544,Edin Džeko,edin-dzeko,F,False,,,,,,,,,,,,,,,,,,,,,0.0,1.0,,,,,58.0,,,0.0,,,,,,,,,,,,,,,,,,,,0.0,,,,,
2014-15,5582958,27,43,Manchester_City,Away,16817,15749,Joe Hart,joe-hart,G,False,,,,,,,,,,,,,,,,,,,,,0.0,0.0,,,,,90.0,,,0.0,,,,,,,,,,,,,,,,,,,,0.0,,,,,
2014-15,5582958,27,43,Manchester_City,Away,17094,37572,Sergio Agüero,sergio-aguero,F,False,,,,,,,,,,,,,,,,,,,,,1.0,0.0,,,,,90.0,,,0.0,,,,,,,,,,,,,,,,,,,,0.0,,,,,
2014-15,5582958,27,43,Manchester_City,Away,26097,42593,Aleksandar Kolarov,aleksandar-kolarov,D,False,,,,,,,,,,,,,,,,,,,,,0.0,0.0,,,,,90.0,,,0.0,,,,,,,,,,,,,,,,,,,,0.0,,,,,
2014-15,5582958,27,43,Manchester_City,Away,39543,57001,Wilfried Bony,wilfried-bony,F,True,,,,,,,,,,,,,,,,,,,,,0.0,0.0,,,,,12.0,,,0.0,,,,,,,,,,,,,,,,,,,,0.0,,,,,
2014-15,5582958,27,43,Manchester_City,Away,41837,52538,Fernando,fernando-reges,M,True,,,,,,,,,,,,,,,,,,,,,,,,,,,,,,,,,,,,,,,,,,,,,,,,,,,,,,,
2014-15,5582958,27,43,Manchester_City,Away,42892,57112,Eliaquim Mangala,eliaquim-mangala,D,False,,,,,,,,,,,,,,,,,,,,,0.0,0.0,,,,,90.0,,,0.0,,,,,,,,,,,,,,,,,,,,0.0,,,,,
2014-15,5582958,27,43,Manchester_City,Away,52741,20310,Willy Caballero,willy-caballero,G,True,,,,,,,,,,,,,,,,,,,,,,,,,,,,,,,,,,,,,,,,,,,,,,,,,,,,,,,
2014-15,5582984,28,43,Manchester_City,Home,301,15312,Martín Demichelis,martin-demichelis,D,False,,,,,,,,,,,,,,,,,,,,,0.0,0.0,,,,,90.0,,,0.0,,,,,,,,,,,,,,,,,,,,0.0,,,,,
2014-15,5582984,28,43,Manchester_City,Home,532,17336,Gaël Clichy,gael-clichy,D,True,,,,,,,,,,,,,,,,,,,,,,,,,,,,,,,,,,,,,,,,,,,,,,,,,,,,,,,
2014-15,5582984,28,43,Manchester_City,Home,791,15157,James Milner,james-milner,M,True,,,,,,,,,,,,,,,,,,,,,0.0,1.0,,,,,18.0,,,0.0,,,,,,,,,,,,,,,,,,,,0.0,,,,,
2014-15,5582984,28,43,Manchester_City,Home,1053,37748,Bacary Sagna,bacary-sagna,D,False,,,,,,,,,,,,,,,,,,,,,0.0,0.0,,,,,90.0,,,0.0,,,,,,,,,,,,,,,,,,,,0.0,,,,,
2014-15,5582984,28,43,Manchester_City,Home,1216,2051,Frank Lampard,frank-lampard,M,True,,,,,,,,,,,,,,,,,,,,,0.0,0.0,,,,,11.0,,,0.0,,,,,,,,,,,,,,,,,,,,0.0,,,,,
2014-15,5582984,28,43,Manchester_City,Home,6019,17476,Vincent Kompany,vincent-kompany,D,True,,,,,,,,,,,,,,,,,,,,,,,,,,,,,,,,,,,,,,,,,,,,,,,,,,,,,,,
2014-15,5582984,28,43,Manchester_City,Home,11781,20664,David Silva,david-silva,M,False,,,,,,,,,,,,,,,,,,,,,0.0,1.0,,,,,79.0,,,0.0,,,,,,,,,,,,,,,,,,,,0.0,,,,,
2014-15,5582984,28,43,Manchester_City,Home,11796,20658,Pablo Zabaleta,pablo-zabaleta,D,True,,,,,,,,,,,,,,,,,,,,,,,,,,,,,,,,,,,,,,,,,,,,,,,,,,,,,,,
2014-15,5582984,28,43,Manchester_City,Home,11869,17740,Jesús Navas,jesus-navas,D,False,,,,,,,,,,,,,,,,,,,,,0.0,0.0,,,,,90.0,,,0.0,,,,,,,,,,,,,,,,,,,,0.0,,,,,
2014-15,5582984,28,43,Manchester_City,Home,14468,14664,Yaya Touré,yaya-toure,M,False,,,,,,,,,,,,,,,,,,,,,0.0,0.0,,,,,90.0,,,0.0,,,,,,,,,,,,,,,,,,,,0.0,,,,,
2014-15,5582984,28,43,Manchester_City,Home,14990,42544,Edin Džeko,edin-dzeko,F,True,,,,,,,,,,,,,,,,,,,,,0.0,0.0,,,,,5.0,,,0.0,,,,,,,,,,,,,,,,,,,,0.0,,,,,
2014-15,5582984,28,43,Manchester_City,Home,16817,15749,Joe Hart,joe-hart,G,False,,,,,,,,,,,,,,,,,,,,,0.0,0.0,,,,,90.0,,,0.0,,,,,,,,,,,,,,,,,,,,0.0,,,,,
2014-15,5582984,28,43,Manchester_City,Home,17094,37572,Sergio Agüero,sergio-aguero,F,False,,,,,,,,,,,,,,,,,,,,,0.0,0.0,,,,,85.0,,,0.0,,,,,,,,,,,,,,,,,,,,0.0,,,,,
2014-15,5582984,28,43,Manchester_City,Home,26097,42593,Aleksandar Kolarov,aleksandar-kolarov,D,False,,,,,,,,,,,,,,,,,,,,,0.0,0.0,,,,,90.0,,,0.0,,,,,,,,,,,,,,,,,,,,0.0,,,,,
2014-15,5582984,28,43,Manchester_City,Home,39543,57001,Wilfried Bony,wilfried-bony,F,False,,,,,,,,,,,,,,,,,,,,,0.0,0.0,,,,,72.0,,,0.0,,,,,,,,,,,,,,,,,,,,0.0,,,,,
2014-15,5582984,28,43,Manchester_City,Home,41837,52538,Fernando,fernando-reges,M,False,,,,,,,,,,,,,,,,,,,,,0.0,0.0,,,,,90.0,,,0.0,,,,,,,,,,,,,,,,,,,,0.0,,,,,
2014-15,5582984,28,43,Manchester_City,Home,42892,57112,Eliaquim Mangala,eliaquim-mangala,D,False,,,,,,,,,,,,,,,,,,,,,0.0,0.0,,,,,90.0,,,0.0,,,,,,,,,,,,,,,,,,,,0.0,,,,,
2014-15,5582984,28,43,Manchester_City,Home,52741,20310,Willy Caballero,willy-caballero,G,True,,,,,,,,,,,,,,,,,,,,,,,,,,,,,,,,,,,,,,,,,,,,,,,,,,,,,,,
2014-15,5582994,29,43,Manchester_City,Away,301,15312,Martín Demichelis,martin-demichelis,D,False,,,,,,,,,,,,,,,,,,,,,0.0,0.0,,,,,90.0,,,0.0,,,,,,,,,,,,,,,,,,,,0.0,,,,,
2014-15,5582994,29,43,Manchester_City,Away,532,17336,Gaël Clichy,gael-clichy,D,False,,,,,,,,,,,,,,,,,,,,,0.0,0.0,,,,,90.0,,,0.0,,,,,,,,,,,,,,,,,,,,0.0,,,,,
2014-15,5582994,29,43,Manchester_City,Away,1053,37748,Bacary Sagna,bacary-sagna,D,True,,,,,,,,,,,,,,,,,,,,,,,,,,,,,,,,,,,,,,,,,,,,,,,,,,,,,,,
2014-15,5582994,29,43,Manchester_City,Away,1216,2051,Frank Lampard,frank-lampard,M,True,,,,,,,,,,,,,,,,,,,,,0.0,0.0,,,,,9.0,,,0.0,,,,,,,,,,,,,,,,,,,,0.0,,,,,
2014-15,5582994,29,43,Manchester_City,Away,3544,28554,Samir Nasri,samir-nasri,M,True,,,,,,,,,,,,,,,,,,,,,,,,,,,,,,,,,,,,,,,,,,,,,,,,,,,,,,,
2014-15,5582994,29,43,Manchester_City,Away,6019,17476,Vincent Kompany,vincent-kompany,D,False,,,,,,,,,,,,,,,,,,,,,0.0,0.0,,,,,90.0,,,0.0,,,,,,,,,,,,,,,,,,,,0.0,,,,,
2014-15,5582994,29,43,Manchester_City,Away,11781,20664,David Silva,david-silva,M,False,,,,,,,,,,,,,,,,,,,,,0.0,0.0,,,,,74.0,,,0.0,,,,,,,,,,,,,,,,,,,,0.0,,,,,
2014-15,5582994,29,43,Manchester_City,Away,11796,20658,Pablo Zabaleta,pablo-zabaleta,D,False,,,,,,,,,,,,,,,,,,,,,0.0,0.0,,,,,90.0,,,0.0,,,,,,,,,,,,,,,,,,,,0.0,,,,,
2014-15,5582994,29,43,Manchester_City,Away,11869,17740,Jesús Navas,jesus-navas,D,False,,,,,,,,,,,,,,,,,,,,,0.0,0.0,,,,,90.0,,,0.0,,,,,,,,,,,,,,,,,,,,0.0,,,,,
2014-15,5582994,29,43,Manchester_City,Away,13630,27789,Fernandinho,fernandinho,M,False,,,,,,,,,,,,,,,,,,,,,0.0,0.0,,,,,90.0,,,0.0,,,,,,,,,,,,,,,,,,,,0.0,,,,,
2014-15,5582994,29,43,Manchester_City,Away,14468,14664,Yaya Touré,yaya-toure,M,False,,,,,,,,,,,,,,,,,,,,,0.0,0.0,,,,,81.0,,,0.0,,,,,,,,,,,,,,,,,,,,0.0,,,,,
2014-15,5582994,29,43,Manchester_City,Away,14990,42544,Edin Džeko,edin-dzeko,F,False,,,,,,,,,,,,,,,,,,,,,0.0,0.0,,,,,63.0,,,0.0,,,,,,,,,,,,,,,,,,,,0.0,,,,,
2014-15,5582994,29,43,Manchester_City,Away,16817,15749,Joe Hart,joe-hart,G,False,,,,,,,,,,,,,,,,,,,,,0.0,0.0,,,,,90.0,,,0.0,,,,,,,,,,,,,,,,,,,,0.0,,,,,
2014-15,5582994,29,43,Manchester_City,Away,17094,37572,Sergio Agüero,sergio-aguero,F,False,,,,,,,,,,,,,,,,,,,,,0.0,0.0,,,,,90.0,,,0.0,,,,,,,,,,,,,,,,,,,,0.0,,,,,
2014-15,5582994,29,43,Manchester_City,Away,37126,50442,Stevan Jovetić,stevan-jovetic,F,True,,,,,,,,,,,,,,,,,,,,,0.0,0.0,,,,,16.0,,,0.0,,,,,,,,,,,,,,,,,,,,0.0,,,,,
2014-15,5582994,29,43,Manchester_City,Away,39543,57001,Wilfried Bony,wilfried-bony,F,True,,,,,,,,,,,,,,,,,,,,,0.0,0.0,,,,,27.0,,,0.0,,,,,,,,,,,,,,,,,,,,0.0,,,,,
2014-15,5582994,29,43,Manchester_City,Away,42892,57112,Eliaquim Mangala,eliaquim-mangala,D,True,,,,,,,,,,,,,,,,,,,,,,,,,,,,,,,,,,,,,,,,,,,,,,,,,,,,,,,
2014-15,5582994,29,43,Manchester_City,Away,52741,20310,Willy Caballero,willy-caballero,G,True,,,,,,,,,,,,,,,,,,,,,,,,,,,,,,,,,,,,,,,,,,,,,,,,,,,,,,,
2014-15,5583018,30,43,Manchester_City,Home,301,15312,Martín Demichelis,martin-demichelis,D,True,,,,,,,,,,,,,,,,,,,,,,,,,,,,,,,,,,,,,,,,,,,,,,,,,,,,,,,
2014-15,5583018,30,43,Manchester_City,Home,532,17336,Gaël Clichy,gael-clichy,D,False,,,1.0,,,59.0,2.0,3.0,4.0,,,,,,1.0,3.0,4.0,,,,0.0,0.0,,,2.0,3.0,90.0,,,0.0,,,,,,7.2,,,1.0,,2.0,,3.0,,2.0,1.0,,,68.0,1.0,1.0,,,,
2014-15,5583018,30,43,Manchester_City,Home,791,15157,James Milner,james-milner,M,True,,,3.0,,,18.0,1.0,,1.0,,,,,,,1.0,,,,,0.0,0.0,,,1.0,,9.0,,,0.0,,,,,,6.8,,,,,,,,,3.0,,,,19.0,0.0,,,,,
2014-15,5583018,30,43,Manchester_City,Home,1053,37748,Bacary Sagna,bacary-sagna,D,True,,,,,,,,,,,,,,,,,,,,,,,,,,,,,,,,,,,,,,,,,,,,,,,,,,,,,,,
2014-15,5583018,30,43,Manchester_City,Home,1216,2051,Frank Lampard,frank-lampard,M,False,,,2.0,,,75.0,,1.0,1.0,,,2.0,1.0,,1.0,2.0,4.0,,,,0.0,0.0,,,,3.0,65.0,2.0,,0.0,,,,,,8.2,,,2.0,,,2.0,,,3.0,,,,80.0,6.0,1.0,,,,2.0
2014-15,5583018,30,43,Manchester_City,Home,6019,17476,Vincent Kompany,vincent-kompany,D,False,,,7.0,,,47.0,,1.0,5.0,,,,,,,1.0,1.0,,,1.0,0.0,0.0,,,,1.0,90.0,,,0.0,,,,,,7.1,,,,,1.0,,,,8.0,,,,51.0,0.0,,,,,
2014-15,5583018,30,43,Manchester_City,Home,11781,20664,David Silva,david-silva,M,False,,,7.0,,,107.0,1.0,1.0,4.0,,,3.0,,,4.0,7.0,7.0,,,,0.0,1.0,,,1.0,11.0,81.0,4.0,,0.0,,,,,,10.0,,,3.0,,1.0,5.0,,,8.0,,,,120.0,10.0,,,,3.0,3.0
2014-15,5583018,30,43,Manchester_City,Home,11796,20658,Pablo Zabaleta,pablo-zabaleta,D,False,1.0,,1.0,,,74.0,1.0,2.0,3.0,,,,,,,3.0,5.0,,,1.0,0.0,0.0,,,4.0,3.0,90.0,1.0,,0.0,,,,,,7.7,,,,,2.0,1.0,3.0,,1.0,,,,77.0,1.0,3.0,,1.0,,
2014-15,5583018,30,43,Manchester_City,Home,11869,17740,Jesús Navas,jesus-navas,D,False,3.0,,1.0,,,60.0,,,7.0,1.0,,,,,1.0,2.0,3.0,,,,0.0,0.0,,,,4.0,90.0,2.0,,0.0,,,,,,7.3,,,,,,3.0,15.0,,1.0,,,,63.0,2.0,1.0,,2.0,,2.0
2014-15,5583018,30,43,Manchester_City,Home,13630,27789,Fernandinho,fernandinho,M,True,,,,,,,,,,,,,,,,,,,,,,,,,,,,,,,,,,,,,,,,,,,,,,,,,,,,,,,
2014-15,5583018,30,43,Manchester_City,Home,14990,42544,Edin Džeko,edin-dzeko,F,True,,,,,,2.0,,,,,,,,,1.0,1.0,,,,,0.0,0.0,,,,,12.0,,,0.0,,,,,,6.5,,,1.0,,,,,,,,,,3.0,1.0,,,,,
2014-15,5583018,30,43,Manchester_City,Home,16817,15749,Joe Hart,joe-hart,G,False,,,1.0,,,10.0,,,5.0,,,,,1.0,,,,,,,0.0,0.0,,,,,90.0,,,0.0,,,,,1.0,6.8,,,,,1.0,,,,1.0,,,,10.0,0.0,,,,,
2014-15,5583018,30,43,Manchester_City,Home,17094,37572,Sergio Agüero,sergio-aguero,F,False,,,,,,56.0,,,2.0,,1.0,3.0,1.0,,4.0,7.0,6.0,,,1.0,0.0,0.0,,1.0,1.0,2.0,90.0,4.0,,0.0,,,,,,8.4,,,2.0,,,4.0,1.0,,,1.0,,,58.0,9.0,3.0,,1.0,,3.0
2014-15,5583018,30,43,Manchester_City,Home,37126,50442,Stevan Jovetić,stevan-jovetic,F,True,,,2.0,,,24.0,,,1.0,1.0,,,,,,,2.0,,,,1.0,0.0,,,,1.0,25.0,,,0.0,,,,,,7.4,,,2.0,,,1.0,1.0,,2.0,,,,24.0,2.0,,,1.0,1.0,1.0
2014-15,5583018,30,43,Manchester_City,Home,39543,57001,Wilfried Bony,wilfried-bony,F,False,,,1.0,,,29.0,1.0,1.0,4.0,,,1.0,,,1.0,2.0,6.0,,,,0.0,1.0,,1.0,2.0,3.0,78.0,2.0,,0.0,,,,,,8.9,,,4.0,,,3.0,,,1.0,,,,37.0,7.0,1.0,,2.0,1.0,3.0
2014-15,5583018,30,43,Manchester_City,Home,41837,52538,Fernando,fernando-reges,M,False,,,8.0,,,98.0,,2.0,8.0,1.0,,2.0,,,,2.0,3.0,,,2.0,0.0,1.0,,,3.0,2.0,90.0,1.0,,0.0,,,,,,9.1,,,,,3.0,,,,9.0,,,,100.0,3.0,1.0,,1.0,,
2014-15,5583018,30,43,Manchester_City,Home,42892,57112,Eliaquim Mangala,eliaquim-mangala,D,False,,,1.0,,,48.0,1.0,,15.0,,,1.0,,,1.0,3.0,2.0,,,1.0,0.0,0.0,,,5.0,,90.0,,,0.0,,,,,,7.5,,,,,2.0,,,,3.0,,,,51.0,1.0,2.0,,,,
2014-15,5583018,30,43,Manchester_City,Home,52741,20310,Willy Caballero,willy-caballero,G,True,,,,,,,,,,,,,,,,,,,,,,,,,,,,,,,,,,,,,,,,,,,,,,,,,,,,,,,
2014-15,5583038,31,43,Manchester_City,Away,301,15312,Martín Demichelis,martin-demichelis,D,False,,,,,,,,,,,,,,,,,,,,,0.0,0.0,,,,,90.0,,,0.0,,,,,,,,,,,,,,,,,,,,0.0,,,,,
2014-15,5583038,31,43,Manchester_City,Away,532,17336,Gaël Clichy,gael-clichy,D,False,,,,,,,,,,,,,,,,,,,,,0.0,0.0,,,,,90.0,,,0.0,,,,,,,,,,,,,,,,,,,,0.0,,,,,
2014-15,5583038,31,43,Manchester_City,Away,791,15157,James Milner,james-milner,M,True,,,,,,,,,,,,,,,,,,,,,0.0,0.0,,,,,2.0,,,0.0,,,,,,,,,,,,,,,,,,,,0.0,,,,,
2014-15,5583038,31,43,Manchester_City,Away,1053,37748,Bacary Sagna,bacary-sagna,D,False,,,,,,,,,,,,,,,,,,,,,0.0,0.0,,,,,90.0,,,0.0,,,,,,,,,,,,,,,,,,,,0.0,,,,,
2014-15,5583038,31,43,Manchester_City,Away,1216,2051,Frank Lampard,frank-lampard,M,True,,,,,,,,,,,,,,,,,,,,,0.0,0.0,,,,,24.0,,,0.0,,,,,,,,,,,,,,,,,,,,0.0,,,,,
2014-15,5583038,31,43,Manchester_City,Away,3544,28554,Samir Nasri,samir-nasri,M,True,,,,,,,,,,,,,,,,,,,,,0.0,0.0,,,,,13.0,,,0.0,,,,,,,,,,,,,,,,,,,,0.0,,,,,
2014-15,5583038,31,43,Manchester_City,Away,6019,17476,Vincent Kompany,vincent-kompany,D,False,,,,,,,,,,,,,,,,,,,,,0.0,0.0,,,,,90.0,,,0.0,,,,,,,,,,,,,,,,,,,,0.0,,,,,
2014-15,5583038,31,43,Manchester_City,Away,11781,20664,David Silva,david-silva,M,False,,,,,,,,,,,,,,,,,,,,,0.0,0.0,,,,,90.0,,,0.0,,,,,,,,,,,,,,,,,,,,0.0,,,,,
2014-15,5583038,31,43,Manchester_City,Away,11796,20658,Pablo Zabaleta,pablo-zabaleta,D,True,,,,,,,,,,,,,,,,,,,,,,,,,,,,,,,,,,,,,,,,,,,,,,,,,,,,,,,
2014-15,5583038,31,43,Manchester_City,Away,11869,17740,Jesús Navas,jesus-navas,D,False,,,,,,,,,,,,,,,,,,,,,0.0,0.0,,,,,77.0,,,0.0,,,,,,,,,,,,,,,,,,,,0.0,,,,,
2014-15,5583038,31,43,Manchester_City,Away,13630,27789,Fernandinho,fernandinho,M,False,,,,,,,,,,,,,,,,,,,,,0.0,0.0,,,,,88.0,,,0.0,,,,,,,,,,,,,,,,,,,,0.0,,,,,
2014-15,5583038,31,43,Manchester_City,Away,14468,14664,Yaya Touré,yaya-toure,M,False,,,,,,,,,,,,,,,,,,,,,0.0,1.0,,,,,90.0,,,0.0,,,,,,,,,,,,,,,,,,,,0.0,,,,,
2014-15,5583038,31,43,Manchester_City,Away,14990,42544,Edin Džeko,edin-dzeko,F,False,,,,,,,,,,,,,,,,,,,,,0.0,0.0,,,,,66.0,,,0.0,,,,,,,,,,,,,,,,,,,,0.0,,,,,
2014-15,5583038,31,43,Manchester_City,Away,16817,15749,Joe Hart,joe-hart,G,False,,,,,,,,,,,,,,,,,,,,,0.0,0.0,,,,,90.0,,,0.0,,,,,,,,,,,,,,,,,,,,0.0,,,,,
2014-15,5583038,31,43,Manchester_City,Away,17094,37572,Sergio Agüero,sergio-aguero,F,False,,,,,,,,,,,,,,,,,,,,,0.0,0.0,,,,,90.0,,,0.0,,,,,,,,,,,,,,,,,,,,0.0,,,,,
2014-15,5583038,31,43,Manchester_City,Away,41837,52538,Fernando,fernando-reges,M,True,,,,,,,,,,,,,,,,,,,,,,,,,,,,,,,,,,,,,,,,,,,,,,,,,,,,,,,
2014-15,5583038,31,43,Manchester_City,Away,42892,57112,Eliaquim Mangala,eliaquim-mangala,D,True,,,,,,,,,,,,,,,,,,,,,,,,,,,,,,,,,,,,,,,,,,,,,,,,,,,,,,,
2014-15,5583038,31,43,Manchester_City,Away,52741,20310,Willy Caballero,willy-caballero,G,True,,,,,,,,,,,,,,,,,,,,,,,,,,,,,,,,,,,,,,,,,,,,,,,,,,,,,,,
2014-15,5583098,32,43,Manchester_City,Away,301,15312,Martín Demichelis,martin-demichelis,D,False,,,,,,,,,,,,,,,,,,,,,0.0,0.0,,,,,90.0,,,0.0,,,,,,,,,,,,,,,,,,,,0.0,,,,,
2014-15,5583098,32,43,Manchester_City,Away,532,17336,Gaël Clichy,gael-clichy,D,False,,,,,,,,,,,,,,,,,,,,,0.0,0.0,,,,,90.0,,,0.0,,,,,,,,,,,,,,,,,,,,0.0,,,,,
2014-15,5583098,32,43,Manchester_City,Away,791,15157,James Milner,james-milner,M,False,,,,,,,,,,,,,,,,,,,,,0.0,0.0,,,,,63.0,,,0.0,,,,,,,,,,,,,,,,,,,,0.0,,,,,
2014-15,5583098,32,43,Manchester_City,Away,1216,2051,Frank Lampard,frank-lampard,M,True,,,,,,,,,,,,,,,,,,,,,0.0,0.0,,,,,16.0,,,0.0,,,,,,,,,,,,,,,,,,,,0.0,,,,,
2014-15,5583098,32,43,Manchester_City,Away,3544,28554,Samir Nasri,samir-nasri,M,True,,,,,,,,,,,,,,,,,,,,,0.0,0.0,,,,,27.0,,,0.0,,,,,,,,,,,,,,,,,,,,0.0,,,,,
2014-15,5583098,32,43,Manchester_City,Away,6019,17476,Vincent Kompany,vincent-kompany,D,False,,,,,,,,,,,,,,,,,,,,,0.0,0.0,,,,,45.0,,,0.0,,,,,,,,,,,,,,,,,,,,0.0,,,,,
2014-15,5583098,32,43,Manchester_City,Away,11781,20664,David Silva,david-silva,M,False,,,,,,,,,,,,,,,,,,,,,1.0,0.0,,,,,90.0,,,0.0,,,,,,,,,,,,,,,,,,,,0.0,,,,,
2014-15,5583098,32,43,Manchester_City,Away,11796,20658,Pablo Zabaleta,pablo-zabaleta,D,False,,,,,,,,,,,,,,,,,,,,,1.0,0.0,,,,,90.0,,,0.0,,,,,,,,,,,,,,,,,,,,0.0,,,,,
2014-15,5583098,32,43,Manchester_City,Away,11869,17740,Jesús Navas,jesus-navas,D,False,,,,,,,,,,,,,,,,,,,,,0.0,0.0,,,,,74.0,,,0.0,,,,,,,,,,,,,,,,,,,,0.0,,,,,
2014-15,5583098,32,43,Manchester_City,Away,13630,27789,Fernandinho,fernandinho,M,False,,,,,,,,,,,,,,,,,,,,,0.0,0.0,,,,,90.0,,,0.0,,,,,,,,,,,,,,,,,,,,0.0,,,,,
2014-15,5583098,32,43,Manchester_City,Away,14468,14664,Yaya Touré,yaya-toure,M,False,,,,,,,,,,,,,,,,,,,,,0.0,0.0,,,,,90.0,,,0.0,,,,,,,,,,,,,,,,,,,,0.0,,,,,
2014-15,5583098,32,43,Manchester_City,Away,14990,42544,Edin Džeko,edin-dzeko,F,True,,,,,,,,,,,,,,,,,,,,,,,,,,,,,,,,,,,,,,,,,,,,,,,,,,,,,,,
2014-15,5583098,32,43,Manchester_City,Away,16817,15749,Joe Hart,joe-hart,G,False,,,,,,,,,,,,,,,,,,,,,0.0,0.0,,,,,90.0,,,0.0,,,,,,,,,,,,,,,,,,,,0.0,,,,,
2014-15,5583098,32,43,Manchester_City,Away,17094,37572,Sergio Agüero,sergio-aguero,F,False,,,,,,,,,,,,,,,,,,,,,0.0,2.0,,,,,90.0,,,0.0,,,,,,,,,,,,,,,,,,,,0.0,,,,,
2014-15,5583098,32,43,Manchester_City,Away,26097,42593,Aleksandar Kolarov,aleksandar-kolarov,D,True,,,,,,,,,,,,,,,,,,,,,,,,,,,,,,,,,,,,,,,,,,,,,,,,,,,,,,,
2014-15,5583098,32,43,Manchester_City,Away,41837,52538,Fernando,fernando-reges,M,True,,,,,,,,,,,,,,,,,,,,,,,,,,,,,,,,,,,,,,,,,,,,,,,,,,,,,,,
2014-15,5583098,32,43,Manchester_City,Away,42892,57112,Eliaquim Mangala,eliaquim-mangala,D,True,,,,,,,,,,,,,,,,,,,,,0.0,0.0,,,,,45.0,,,0.0,,,,,,,,,,,,,,,,,,,,0.0,,,,,
2014-15,5583098,32,43,Manchester_City,Away,52741,20310,Willy Caballero,willy-caballero,G,True,,,,,,,,,,,,,,,,,,,,,,,,,,,,,,,,,,,,,,,,,,,,,,,,,,,,,,,
2014-15,5583128,33,43,Manchester_City,Home,301,15312,Martín Demichelis,martin-demichelis,D,False,,,2.0,25.0,23.0,48.0,3.0,4.0,2.0,,,,1.0,,1.0,6.0,5.0,,1.0,,0.0,0.0,,,1.0,,90.0,,,0.0,,,,,,6.7,,,,,9.0,1.0,,,2.0,,26.0,25.0,51.0,0.0,,,,1.0,
2014-15,5583128,33,43,Manchester_City,Home,1053,37748,Bacary Sagna,bacary-sagna,D,True,,,,,,,,,,,,,,,,,,,,,,,,,,,,,,,,,,,,,,,,,,,,,,,,,,,,,,,
2014-15,5583128,33,43,Manchester_City,Home,1216,2051,Frank Lampard,frank-lampard,M,False,,,,36.0,13.0,49.0,,,6.0,,,,,,2.0,3.0,3.0,,,1.0,0.0,0.0,,,2.0,1.0,88.0,,1.0,0.0,,,,,,6.7,,,,,,,2.0,,1.0,,43.0,16.0,57.0,0.0,2.0,,1.0,1.0,
2014-15,5583128,33,43,Manchester_City,Home,3544,28554,Samir Nasri,samir-nasri,M,True,,,,16.0,4.0,20.0,,,1.0,,,,,,1.0,1.0,,,,,0.0,0.0,,,,1.0,15.0,,,0.0,,,,,,6.7,,,,,,,,,,,17.0,4.0,21.0,0.0,,,,,
2014-15,5583128,33,43,Manchester_City,Home,11781,20664,David Silva,david-silva,M,False,,,,50.0,12.0,62.0,,,1.0,,,2.0,,,1.0,3.0,1.0,,,1.0,0.0,0.0,,,,1.0,75.0,,,0.0,,,,,,6.9,,,2.0,,,1.0,1.0,,,,57.0,12.0,68.0,4.0,,,1.0,1.0,
2014-15,5583128,33,43,Manchester_City,Home,11796,20658,Pablo Zabaleta,pablo-zabaleta,D,False,,,1.0,40.0,15.0,55.0,2.0,1.0,6.0,,,,,,,3.0,9.0,,,1.0,0.0,0.0,,,3.0,,90.0,,,0.0,,,,,,7.8,,,,,1.0,,3.0,,4.0,,47.0,17.0,61.0,0.0,8.0,,,,
2014-15,5583128,33,43,Manchester_City,Home,11869,17740,Jesús Navas,jesus-navas,D,False,3.0,,,46.0,8.0,51.0,1.0,1.0,5.0,1.0,,,,,,2.0,4.0,,1.0,1.0,1.0,0.0,,,,8.0,90.0,,,0.0,,,,,,7.4,,,,,1.0,1.0,12.0,,1.0,1.0,60.0,9.0,57.0,0.0,1.0,,1.0,1.0,1.0
2014-15,5583128,33,43,Manchester_City,Home,13630,27789,Fernandinho,fernandinho,M,True,,,2.0,9.0,3.0,12.0,1.0,,2.0,,,,,,1.0,4.0,,,,2.0,0.0,0.0,,,1.0,,2.0,,,0.0,,,,,,,,,,,,,,,3.0,,9.0,4.0,13.0,0.0,,,,,
2014-15,5583128,33,43,Manchester_City,Home,14468,14664,Yaya Touré,yaya-toure,M,False,,,6.0,79.0,33.0,112.0,2.0,1.0,7.0,1.0,,3.0,2.0,,3.0,8.0,3.0,,,1.0,0.0,0.0,,,,2.0,90.0,,,0.0,,,,,,7.6,,,2.0,,,2.0,,,6.0,,83.0,36.0,119.0,5.0,,,1.0,,2.0
2014-15,5583128,33,43,Manchester_City,Home,14990,42544,Edin Džeko,edin-dzeko,F,True,,,,2.0,,2.0,,,,,,,,,,1.0,,,,,0.0,0.0,,,,,1.0,1.0,,0.0,,,,,,,,,,,,1.0,,,,,2.0,,2.0,1.0,,,,,
2014-15,5583128,33,43,Manchester_City,Home,16817,15749,Joe Hart,joe-hart,G,False,,,2.0,1.0,14.0,15.0,,,11.0,,,,,,,,,,,,0.0,0.0,1.0,,,,90.0,,,0.0,,,,,,7.3,2.0,3.0,,,,,,,16.0,,13.0,16.0,29.0,0.0,,,,,
2014-15,5583128,33,43,Manchester_City,Home,17094,37572,Sergio Agüero,sergio-aguero,F,False,1.0,,1.0,22.0,2.0,23.0,,,3.0,,1.0,1.0,1.0,,2.0,5.0,2.0,,,2.0,0.0,1.0,,,1.0,1.0,90.0,2.0,,0.0,,,,,,7.4,,,2.0,,,1.0,1.0,,1.0,4.0,25.0,2.0,26.0,5.0,1.0,,3.0,,1.0
2014-15,5583128,33,43,Manchester_City,Home,26097,42593,Aleksandar Kolarov,aleksandar-kolarov,D,False,1.0,,1.0,27.0,14.0,40.0,1.0,2.0,6.0,,,2.0,1.0,,,3.0,6.0,,,,0.0,0.0,,,3.0,,90.0,,1.0,0.0,,,,,,7.3,,,1.0,,2.0,1.0,6.0,,2.0,,35.0,16.0,45.0,3.0,2.0,,,2.0,
2014-15,5583128,33,43,Manchester_City,Home,41837,52538,Fernando,fernando-reges,M,False,,,2.0,57.0,21.0,78.0,1.0,2.0,5.0,,,,1.0,,,3.0,3.0,,,1.0,0.0,0.0,,,,1.0,90.0,,,0.0,,,,,,7.0,,,,,4.0,,,,3.0,,57.0,22.0,79.0,0.0,1.0,,,,
2014-15,5583128,33,43,Manchester_City,Home,42892,57112,Eliaquim Mangala,eliaquim-mangala,D,False,,,3.0,11.0,34.0,45.0,4.0,1.0,4.0,,,,1.0,,,5.0,2.0,,,,0.0,0.0,,,2.0,,90.0,,1.0,0.0,,,,,,7.0,,,,,3.0,,,,3.0,,11.0,36.0,47.0,0.0,1.0,,,,
2014-15,5583128,33,43,Manchester_City,Home,52741,20310,Willy Caballero,willy-caballero,G,True,,,,,,,,,,,,,,,,,,,,,,,,,,,,,,,,,,,,,,,,,,,,,,,,,,,,,,,
2014-15,5583128,33,43,Manchester_City,Home,103928,80235,Dedryck Boyata,dedryck-boyata,D,True,,,,,,,,,,,,,,,,,,,,,,,,,,,,,,,,,,,,,,,,,,,,,,,,,,,,,,,
2014-15,5583128,33,43,Manchester_City,Home,608370,114323,José Pozo,jose-pozo,M,True,,,,,,,,,,,,,,,,,,,,,,,,,,,,,,,,,,,,,,,,,,,,,,,,,,,,,,,
2014-15,5583142,34,43,Manchester_City,Home,301,15312,Martín Demichelis,martin-demichelis,D,False,,,3.0,7.0,8.0,15.0,6.0,4.0,1.0,,,,3.0,,,11.0,6.0,,,2.0,0.0,0.0,,,1.0,,90.0,,,0.0,,,,,,6.2,,,,,7.0,,,,4.0,,9.0,12.0,21.0,0.0,2.0,,,,
2014-15,5583142,34,43,Manchester_City,Home,791,15157,James Milner,james-milner,M,True,,,1.0,9.0,5.0,14.0,1.0,2.0,4.0,,,1.0,1.0,,2.0,4.0,3.0,,,,0.0,0.0,,,1.0,,33.0,,,0.0,,,,,,6.3,,,,,,,,,1.0,,14.0,7.0,21.0,1.0,,,3.0,1.0,
2014-15,5583142,34,43,Manchester_City,Home,1053,37748,Bacary Sagna,bacary-sagna,D,True,,,,,,,,,,,,,,,,,,,,,,,,,,,,,,,,,,,,,,,,,,,,,,,,,,,,,,,
2014-15,5583142,34,43,Manchester_City,Home,1216,2051,Frank Lampard,frank-lampard,M,False,,,,8.0,11.0,19.0,,,3.0,,,,,,,1.0,3.0,,,1.0,0.0,0.0,,,,3.0,57.0,,,0.0,,,,,,7.1,,,,,2.0,,,,1.0,,13.0,11.0,24.0,0.0,1.0,,1.0,2.0,
2014-15,5583142,34,43,Manchester_City,Home,11781,20664,David Silva,david-silva,M,False,,,,28.0,11.0,39.0,1.0,,4.0,,,1.0,2.0,,2.0,7.0,1.0,,,1.0,0.0,0.0,,,,,90.0,,,0.0,,,,,,6.1,,,,,1.0,2.0,1.0,,1.0,,38.0,11.0,48.0,1.0,,,2.0,,1.0
2014-15,5583142,34,43,Manchester_City,Home,11796,20658,Pablo Zabaleta,pablo-zabaleta,D,False,,,1.0,26.0,8.0,34.0,,1.0,1.0,,,,1.0,,,3.0,3.0,,,,0.0,0.0,,,,,90.0,,1.0,0.0,,,,,,6.2,,,,,3.0,2.0,1.0,,3.0,,32.0,10.0,41.0,0.0,2.0,,1.0,,
2014-15,5583142,34,43,Manchester_City,Home,11869,17740,Jesús Navas,jesus-navas,D,False,2.0,,,37.0,11.0,46.0,4.0,,5.0,,,2.0,3.0,,,9.0,5.0,,,2.0,0.0,0.0,,,,1.0,90.0,,,0.0,,,,,,6.8,,,,,1.0,3.0,7.0,,,,51.0,11.0,55.0,2.0,1.0,,1.0,1.0,3.0
2014-15,5583142,34,43,Manchester_City,Home,13630,27789,Fernandinho,fernandinho,M,True,,,2.0,12.0,7.0,19.0,1.0,2.0,3.0,,,,,,,2.0,7.0,,,1.0,0.0,1.0,,,1.0,1.0,45.0,1.0,1.0,0.0,,,,,,7.7,,,,,2.0,3.0,,,3.0,,14.0,8.0,22.0,1.0,1.0,,,1.0,3.0
2014-15,5583142,34,43,Manchester_City,Home,14468,14664,Yaya Touré,yaya-toure,M,False,,,2.0,12.0,7.0,19.0,,,2.0,,,,,,,1.0,,,,,0.0,0.0,,,,,45.0,,,0.0,,,,,,6.6,,,1.0,,1.0,1.0,,,2.0,,14.0,7.0,21.0,1.0,,,1.0,,
2014-15,5583142,34,43,Manchester_City,Home,14990,42544,Edin Džeko,edin-dzeko,F,True,,,,,,,,,,,,,,,,,,,,,,,,,,,,,,,,,,,,,,,,,,,,,,,,,,,,,,,
2014-15,5583142,34,43,Manchester_City,Home,16817,15749,Joe Hart,joe-hart,G,False,,1.0,11.0,7.0,9.0,16.0,,,5.0,,,,,,1.0,1.0,,1.0,,,0.0,0.0,,,,,90.0,,,0.0,,,,,2.0,5.9,1.0,2.0,,,2.0,,,1.0,28.0,,22.0,11.0,33.0,0.0,,,,,
2014-15,5583142,34,43,Manchester_City,Home,17094,37572,Sergio Agüero,sergio-aguero,F,False,,,1.0,21.0,5.0,26.0,,,1.0,,,,,,,5.0,1.0,,,1.0,0.0,1.0,,,1.0,,83.0,2.0,,0.0,,,,,,7.1,,,,,,5.0,,,1.0,1.0,23.0,6.0,29.0,2.0,,,4.0,,1.0
2014-15,5583142,34,43,Manchester_City,Home,26097,42593,Aleksandar Kolarov,aleksandar-kolarov,D,False,4.0,,3.0,20.0,18.0,34.0,,1.0,4.0,1.0,,,2.0,,,4.0,6.0,,,2.0,1.0,1.0,,,1.0,3.0,90.0,1.0,,0.0,,,,,,7.8,,,,,,,7.0,,8.0,,35.0,18.0,46.0,1.0,1.0,,1.0,4.0,
2014-15,5583142,34,43,Manchester_City,Home,39543,57001,Wilfried Bony,wilfried-bony,F,True,,,,5.0,,5.0,1.0,1.0,,,,,,,,2.0,1.0,,,1.0,0.0,0.0,,,,,7.0,,,0.0,,,,,,,,,,,,,,,,,5.0,1.0,6.0,0.0,,,,,
2014-15,5583142,34,43,Manchester_City,Home,41837,52538,Fernando,fernando-reges,M,False,,,,17.0,9.0,26.0,1.0,2.0,1.0,,1.0,,2.0,,,5.0,3.0,,,2.0,0.0,0.0,,,,1.0,90.0,,1.0,0.0,,,,,,6.1,,,1.0,,,,,,1.0,,20.0,10.0,30.0,1.0,,,1.0,1.0,
2014-15,5583142,34,43,Manchester_City,Home,42892,57112,Eliaquim Mangala,eliaquim-mangala,D,False,,,2.0,9.0,17.0,26.0,3.0,,3.0,,,1.0,1.0,,,4.0,2.0,,,,0.0,0.0,,,1.0,,90.0,,,0.0,,,,,,6.5,,,,,2.0,,,,5.0,,13.0,18.0,31.0,1.0,1.0,,1.0,1.0,
2014-15,5583142,34,43,Manchester_City,Home,52741,20310,Willy Caballero,willy-caballero,G,True,,,,,,,,,,,,,,,,,,,,,,,,,,,,,,,,,,,,,,,,,,,,,,,,,,,,,,,
2014-15,5583142,34,43,Manchester_City,Home,103928,80235,Dedryck Boyata,dedryck-boyata,D,True,,,,,,,,,,,,,,,,,,,,,,,,,,,,,,,,,,,,,,,,,,,,,,,,,,,,,,,
2014-15,5583170,35,43,Manchester_City,Away,301,15312,Martín Demichelis,martin-demichelis,D,False,,,,8.0,10.0,18.0,,1.0,1.0,,,,1.0,,,2.0,4.0,,1.0,1.0,0.0,0.0,,,7.0,,90.0,,,0.0,,,,,,7.1,,,,,7.0,,,,7.0,,19.0,10.0,29.0,0.0,2.0,,,1.0,
2014-15,5583170,35,43,Manchester_City,Away,532,17336,Gaël Clichy,gael-clichy,D,True,,,,,,,,,,,,,,,,,,,,,,,,,,,,,,,,,,,,,,,,,,,,,,,,,,,,,,,
2014-15,5583170,35,43,Manchester_City,Away,791,15157,James Milner,james-milner,M,False,2.0,,1.0,14.0,10.0,22.0,9.0,5.0,8.0,,,1.0,2.0,,5.0,18.0,9.0,,,2.0,0.0,0.0,,,,2.0,90.0,,1.0,0.0,,,,,,6.0,,,,,2.0,1.0,7.0,,5.0,,30.0,12.0,35.0,1.0,3.0,,2.0,2.0,
2014-15,5583170,35,43,Manchester_City,Away,1053,37748,Bacary Sagna,bacary-sagna,D,True,,,,,,,,,,,,,,,,,,,,,,,,,,,,,,,,,,,,,,,,,,,,,,,,,,,,,,,
2014-15,5583170,35,43,Manchester_City,Away,1216,2051,Frank Lampard,frank-lampard,M,False,,,1.0,9.0,11.0,20.0,2.0,1.0,5.0,,,1.0,,,,2.0,6.0,,,,0.0,0.0,,,1.0,,73.0,,,0.0,,,,,,7.7,,,2.0,,,2.0,,,1.0,,16.0,13.0,29.0,3.0,2.0,,1.0,1.0,2.0
2014-15,5583170,35,43,Manchester_City,Away,3544,28554,Samir Nasri,samir-nasri,M,True,,,,,1.0,1.0,,,1.0,,,,,,,1.0,,,,,0.0,0.0,,,,,3.0,,,0.0,,,,,,,,,,,,1.0,,,,,,1.0,1.0,0.0,,,,,
2014-15,5583170,35,43,Manchester_City,Away,11781,20664,David Silva,david-silva,M,False,,,2.0,37.0,13.0,50.0,,,6.0,1.0,,,4.0,,2.0,9.0,7.0,,,3.0,1.0,0.0,,,2.0,4.0,90.0,,,0.0,,,,,,7.7,,,,,,2.0,,,2.0,,39.0,14.0,53.0,0.0,4.0,,1.0,1.0,2.0
2014-15,5583170,35,43,Manchester_City,Away,11796,20658,Pablo Zabaleta,pablo-zabaleta,D,False,,,,12.0,10.0,22.0,1.0,2.0,5.0,,,1.0,3.0,,1.0,6.0,2.0,,,1.0,0.0,0.0,,,4.0,,90.0,,1.0,0.0,,,,,,6.4,,,,,2.0,,1.0,,4.0,,22.0,14.0,35.0,1.0,,,2.0,,
2014-15,5583170,35,43,Manchester_City,Away,13630,27789,Fernandinho,fernandinho,M,False,,,4.0,20.0,20.0,40.0,1.0,,8.0,1.0,,1.0,,,,4.0,4.0,,,3.0,0.0,0.0,,,4.0,1.0,90.0,,,0.0,,,,,,7.9,,,1.0,,1.0,1.0,,,7.0,,28.0,22.0,50.0,2.0,2.0,,1.0,1.0,1.0
2014-15,5583170,35,43,Manchester_City,Away,14990,42544,Edin Džeko,edin-dzeko,F,True,,,,,,,,,,,,,,,,,,,,,,,,,,,,,,,,,,,,,,,,,,,,,,,,,,,,,,,
2014-15,5583170,35,43,Manchester_City,Away,16817,15749,Joe Hart,joe-hart,G,False,,,9.0,9.0,1.0,10.0,,,14.0,,,,,,,,,,,,0.0,0.0,2.0,,,,90.0,,,0.0,,,,,,7.8,4.0,5.0,,,,,,1.0,29.0,,27.0,3.0,30.0,0.0,,,,,
2014-15,5583170,35,43,Manchester_City,Away,17094,37572,Sergio Agüero,sergio-aguero,F,False,,,1.0,13.0,3.0,16.0,,,1.0,,1.0,1.0,1.0,,5.0,7.0,7.0,,,,0.0,1.0,,,,,89.0,2.0,,0.0,,,,,,7.6,,,2.0,,,8.0,2.0,,1.0,1.0,17.0,3.0,18.0,5.0,,,1.0,,7.0
2014-15,5583170,35,43,Manchester_City,Away,26097,42593,Aleksandar Kolarov,aleksandar-kolarov,D,False,4.0,,3.0,29.0,17.0,42.0,,,7.0,,,,,,1.0,3.0,5.0,,,1.0,0.0,0.0,,,8.0,2.0,90.0,2.0,3.0,0.0,,,,,,8.0,,,,,2.0,3.0,9.0,,9.0,,42.0,18.0,51.0,2.0,3.0,,1.0,,2.0
2014-15,5583170,35,43,Manchester_City,Away,39543,57001,Wilfried Bony,wilfried-bony,F,True,,,,5.0,3.0,8.0,,,2.0,,,,,,1.0,1.0,,,,,0.0,0.0,,,,,14.0,,,0.0,,,,,,6.6,,,1.0,,,,,,,,6.0,3.0,9.0,1.0,,,1.0,,
2014-15,5583170,35,43,Manchester_City,Away,41837,52538,Fernando,fernando-reges,M,False,,,,14.0,14.0,28.0,1.0,2.0,7.0,,,,1.0,,,2.0,2.0,,,,0.0,0.0,,,3.0,1.0,90.0,,,0.0,,,,,,6.8,,,,,1.0,,,,1.0,,18.0,17.0,35.0,0.0,,,,,
2014-15,5583170,35,43,Manchester_City,Away,42892,57112,Eliaquim Mangala,eliaquim-mangala,D,False,,,3.0,4.0,15.0,19.0,1.0,1.0,7.0,,,,1.0,,1.0,3.0,1.0,,,,0.0,0.0,,,4.0,,90.0,,,0.0,,,,,,7.1,,,,,8.0,,,,5.0,,8.0,16.0,24.0,0.0,,,2.0,,
2014-15,5583170,35,43,Manchester_City,Away,52741,20310,Willy Caballero,willy-caballero,G,True,,,,,,,,,,,,,,,,,,,,,,,,,,,,,,,,,,,,,,,,,,,,,,,,,,,,,,,
2014-15,5583170,35,43,Manchester_City,Away,103928,80235,Dedryck Boyata,dedryck-boyata,D,True,,,,,,,,1.0,,,,,,,,,1.0,,,,0.0,0.0,,,,,1.0,,,0.0,,,,,,,,,,,3.0,,,,,,,,,0.0,,,,,
2014-15,5583188,36,43,Manchester_City,Home,301,15312,Martín Demichelis,martin-demichelis,D,False,,,,2.0,21.0,23.0,1.0,4.0,2.0,,,,,,,2.0,5.0,,,2.0,0.0,0.0,,,3.0,,90.0,,1.0,0.0,,,,,,7.3,,,,,11.0,,,,,,9.0,23.0,32.0,0.0,1.0,49.0,,,
2014-15,5583188,36,43,Manchester_City,Home,791,15157,James Milner,james-milner,M,False,3.0,,,15.0,9.0,21.0,6.0,2.0,4.0,,1.0,1.0,,,3.0,10.0,6.0,,,2.0,0.0,1.0,,,1.0,,82.0,1.0,,0.0,,,,,,7.1,,,2.0,,,,9.0,,2.0,,32.0,12.0,35.0,4.0,3.0,59.0,,1.0,
2014-15,5583188,36,43,Manchester_City,Home,1053,37748,Bacary Sagna,bacary-sagna,D,True,,,,,,,,,,,,,,,,,,,,,,,,,,,,,,,,,,,,,,,,,,,,,,,,,,,,,,,
2014-15,5583188,36,43,Manchester_City,Home,1216,2051,Frank Lampard,frank-lampard,M,False,,,1.0,23.0,16.0,39.0,1.0,,3.0,,,,,,,3.0,2.0,,,1.0,0.0,0.0,,,,,63.0,,,0.0,,,,,,6.8,,,1.0,,,2.0,,,1.0,,26.0,18.0,44.0,1.0,1.0,49.0,1.0,,1.0
2014-15,5583188,36,43,Manchester_City,Home,6019,17476,Vincent Kompany,vincent-kompany,D,True,,,,,,,,,,,,,,,,,,,,,,,,,,,,,,,,,,,,,,,,,,,,,,,,,,,,,,,
2014-15,5583188,36,43,Manchester_City,Home,11781,20664,David Silva,david-silva,M,False,,,2.0,45.0,15.0,60.0,,1.0,9.0,,1.0,,3.0,,4.0,9.0,7.0,,,,1.0,1.0,,,2.0,5.0,90.0,2.0,,0.0,,,,1.0,,8.0,,,1.0,,,5.0,1.0,,3.0,,53.0,17.0,69.0,3.0,2.0,88.0,,1.0,3.0
2014-15,5583188,36,43,Manchester_City,Home,11796,20658,Pablo Zabaleta,pablo-zabaleta,D,False,,,2.0,19.0,22.0,41.0,,3.0,4.0,,,,1.0,,,1.0,6.0,,,,0.0,0.0,,,2.0,1.0,90.0,,,0.0,,,,,,7.4,,,,,5.0,1.0,1.0,,2.0,,24.0,25.0,48.0,0.0,1.0,69.0,,1.0,1.0
2014-15,5583188,36,43,Manchester_City,Home,11869,17740,Jesús Navas,jesus-navas,D,True,1.0,,,3.0,1.0,3.0,,,,,,,,,1.0,1.0,,,,,0.0,0.0,,,,1.0,8.0,,,0.0,,,,,,6.5,,,,,,,1.0,,,,3.0,2.0,4.0,0.0,,6.0,,,
2014-15,5583188,36,43,Manchester_City,Home,13630,27789,Fernandinho,fernandinho,M,False,,,1.0,23.0,11.0,34.0,1.0,1.0,6.0,,,,5.0,,,8.0,4.0,,,2.0,0.0,0.0,,,1.0,,75.0,,,0.0,,,,,,6.7,,,,,1.0,,,,1.0,,27.0,13.0,40.0,0.0,3.0,46.0,1.0,,
2014-15,5583188,36,43,Manchester_City,Home,14468,14664,Yaya Touré,yaya-toure,M,True,,,,5.0,8.0,13.0,,,1.0,,,,,,,,,,,,0.0,0.0,,,,1.0,15.0,1.0,,0.0,,,,,,7.0,,,1.0,,1.0,,,,,,5.0,8.0,13.0,2.0,,16.0,,,
2014-15,5583188,36,43,Manchester_City,Home,14990,42544,Edin Džeko,edin-dzeko,F,True,,,,,,,,,,,,,,,,,,,,,,,,,,,,,,,,,,,,,,,,,,,,,,,,,,,,,,,
2014-15,5583188,36,43,Manchester_City,Home,16817,15749,Joe Hart,joe-hart,G,False,,1.0,7.0,5.0,5.0,10.0,,,9.0,,,,,,,,,,,,0.0,0.0,,,,,90.0,,,0.0,,,,,1.0,7.4,1.0,3.0,,,1.0,,,1.0,22.0,,19.0,6.0,25.0,0.0,,37.0,,,
2014-15,5583188,36,43,Manchester_City,Home,17094,37572,Sergio Agüero,sergio-aguero,F,False,1.0,,1.0,25.0,3.0,27.0,,,3.0,2.0,,1.0,,,1.0,4.0,3.0,,,1.0,1.0,3.0,,,2.0,3.0,90.0,4.0,,0.0,,,,,,10.0,,,,,,4.0,1.0,,1.0,1.0,31.0,5.0,35.0,5.0,,51.0,1.0,1.0,2.0
2014-15,5583188,36,43,Manchester_City,Home,26097,42593,Aleksandar Kolarov,aleksandar-kolarov,D,False,3.0,,2.0,27.0,24.0,48.0,2.0,3.0,8.0,,,,1.0,,,7.0,7.0,,,2.0,0.0,1.0,,,3.0,2.0,90.0,2.0,,0.0,,,,,,7.7,,,,,2.0,2.0,8.0,,9.0,,41.0,28.0,61.0,2.0,1.0,94.0,,3.0,
2014-15,5583188,36,43,Manchester_City,Home,39543,57001,Wilfried Bony,wilfried-bony,F,True,,,,6.0,5.0,11.0,1.0,1.0,3.0,1.0,,1.0,,,2.0,4.0,2.0,,,2.0,0.0,0.0,,1.0,,3.0,27.0,1.0,,0.0,,,,,,7.9,,,2.0,,,1.0,,,,,6.0,5.0,11.0,4.0,,18.0,,,1.0
2014-15,5583188,36,43,Manchester_City,Home,41837,52538,Fernando,fernando-reges,M,False,,,1.0,11.0,21.0,32.0,5.0,4.0,9.0,,,,,,,5.0,7.0,,,,0.0,0.0,,,4.0,,90.0,,,0.0,,,,,,7.4,,,1.0,,5.0,2.0,,,2.0,,13.0,26.0,39.0,1.0,1.0,55.0,,,2.0
2014-15,5583188,36,43,Manchester_City,Home,42892,57112,Eliaquim Mangala,eliaquim-mangala,D,False,,,1.0,10.0,20.0,30.0,1.0,1.0,8.0,,,,,,,1.0,3.0,,,,0.0,0.0,,,4.0,,90.0,,,0.0,,,,,,7.4,,,1.0,,5.0,,,,5.0,,13.0,23.0,36.0,1.0,2.0,50.0,1.0,,
2014-15,5583188,36,43,Manchester_City,Home,52741,20310,Willy Caballero,willy-caballero,G,True,,,,,,,,,,,,,,,,,,,,,,,,,,,,,,,,,,,,,,,,,,,,,,,,,,,,,,,
2014-15,5583206,37,43,Manchester_City,Away,301,15312,Martín Demichelis,martin-demichelis,D,False,,,3.0,18.0,18.0,36.0,1.0,,4.0,,,,2.0,,,4.0,3.0,,,1.0,0.0,0.0,,,1.0,,90.0,,1.0,0.0,,,,,,6.4,,,,,1.0,,,,5.0,,20.0,19.0,39.0,0.0,3.0,45.0,,,
2014-15,5583206,37,43,Manchester_City,Away,532,17336,Gaël Clichy,gael-clichy,D,True,,,,,,,,,,,,,,,,,,,,,,,,,,,,,,,,,,,,,,,,,,,,,,,,,,,,,,,
2014-15,5583206,37,43,Manchester_City,Away,791,15157,James Milner,james-milner,M,False,3.0,,1.0,43.0,15.0,55.0,2.0,2.0,9.0,1.0,,1.0,2.0,,2.0,7.0,10.0,,,1.0,0.0,1.0,,,4.0,6.0,90.0,1.0,,0.0,,,,,,8.2,,,,,,4.0,10.0,,1.0,,56.0,16.0,62.0,2.0,2.0,92.0,,2.0,4.0
2014-15,5583206,37,43,Manchester_City,Away,1216,2051,Frank Lampard,frank-lampard,M,False,,,3.0,19.0,4.0,23.0,,,4.0,,,1.0,1.0,,2.0,3.0,1.0,,,,0.0,0.0,,,1.0,3.0,59.0,1.0,,0.0,,,,,,7.0,,,,,,1.0,,,3.0,,23.0,5.0,28.0,2.0,,38.0,,,1.0
2014-15,5583206,37,43,Manchester_City,Away,6019,17476,Vincent Kompany,vincent-kompany,D,True,,,,,1.0,1.0,,,,,,,,,,,,,,,0.0,0.0,,,,,10.0,,,0.0,,,,,,6.5,,,,,1.0,,,,1.0,,1.0,1.0,2.0,0.0,,3.0,,,
2014-15,5583206,37,43,Manchester_City,Away,11781,20664,David Silva,david-silva,M,False,,,1.0,39.0,12.0,51.0,,,13.0,,1.0,2.0,2.0,,1.0,5.0,11.0,,,,2.0,0.0,,,2.0,4.0,90.0,2.0,,0.0,,,,,,8.6,,,,,,6.0,1.0,,1.0,,52.0,14.0,65.0,4.0,5.0,91.0,1.0,2.0,4.0
2014-15,5583206,37,43,Manchester_City,Away,11796,20658,Pablo Zabaleta,pablo-zabaleta,D,False,,,1.0,28.0,21.0,49.0,,,10.0,,,,1.0,,1.0,3.0,2.0,,,1.0,0.0,0.0,,,,,90.0,,,0.0,,,,,,6.2,,,,,2.0,,1.0,,4.0,,35.0,23.0,57.0,0.0,2.0,79.0,1.0,,
2014-15,5583206,37,43,Manchester_City,Away,11869,17740,Jesús Navas,jesus-navas,D,True,1.0,,,14.0,7.0,20.0,1.0,,3.0,,,,1.0,,,2.0,1.0,,,,0.0,0.0,,,,1.0,31.0,2.0,,0.0,,,,,,6.8,,,1.0,,,,3.0,,,,18.0,7.0,22.0,3.0,1.0,29.0,,,
2014-15,5583206,37,43,Manchester_City,Away,13630,27789,Fernandinho,fernandinho,M,False,,,,22.0,13.0,35.0,,1.0,3.0,,,,2.0,,,5.0,3.0,,,3.0,0.0,0.0,,,1.0,2.0,80.0,,,0.0,,,,,,6.8,,,,,3.0,,,,,,22.0,13.0,35.0,0.0,2.0,45.0,,,
2014-15,5583206,37,43,Manchester_City,Away,14468,14664,Yaya Touré,yaya-toure,M,False,,,3.0,35.0,19.0,54.0,,2.0,6.0,,,1.0,,,1.0,2.0,6.0,,,1.0,0.0,2.0,,,,1.0,85.0,2.0,,0.0,,,,,,8.6,,,,,1.0,3.0,,,5.0,,41.0,21.0,62.0,3.0,,73.0,,1.0,3.0
2014-15,5583206,37,43,Manchester_City,Away,14990,42544,Edin Džeko,edin-dzeko,F,True,,,,,,,,,,,,,,,,,,,,,,,,,,,,,,,,,,,,,,,,,,,,,,,,,,,,,,,
2014-15,5583206,37,43,Manchester_City,Away,16817,15749,Joe Hart,joe-hart,G,False,,,5.0,4.0,7.0,11.0,,,7.0,,,,,,,,,,,,0.0,0.0,1.0,,,,90.0,,,0.0,,,,,,7.5,4.0,7.0,,,,,,,15.0,,11.0,10.0,21.0,0.0,,31.0,,,
2014-15,5583206,37,43,Manchester_City,Away,17094,37572,Sergio Agüero,sergio-aguero,F,False,,,2.0,24.0,7.0,31.0,,1.0,5.0,1.0,,1.0,,,7.0,10.0,8.0,,,,1.0,0.0,,,1.0,2.0,90.0,,,0.0,,,,,,7.3,,,2.0,,,6.0,,,2.0,2.0,26.0,7.0,33.0,3.0,2.0,62.0,3.0,2.0,3.0
2014-15,5583206,37,43,Manchester_City,Away,26097,42593,Aleksandar Kolarov,aleksandar-kolarov,D,False,2.0,,5.0,36.0,20.0,54.0,2.0,3.0,8.0,,,,1.0,,1.0,5.0,9.0,,,1.0,0.0,0.0,,,2.0,2.0,90.0,,,0.0,,,,,,7.1,,,1.0,,3.0,1.0,6.0,,8.0,,50.0,23.0,67.0,1.0,5.0,94.0,,,1.0
2014-15,5583206,37,43,Manchester_City,Away,37126,50442,Stevan Jovetić,stevan-jovetic,F,True,,,,,,,,,,,,,,,,,,,,,,,,,,,,,,,,,,,,,,,,,,,,,,,,,,,,,,,
2014-15,5583206,37,43,Manchester_City,Away,39543,57001,Wilfried Bony,wilfried-bony,F,True,,,,3.0,1.0,4.0,1.0,,,,,,,,,1.0,1.0,,,,0.0,1.0,,,,,5.0,1.0,,0.0,,,,,,7.6,,,,,,,,,,,6.0,1.0,7.0,1.0,1.0,9.0,,,
2014-15,5583206,37,43,Manchester_City,Away,42892,57112,Eliaquim Mangala,eliaquim-mangala,D,False,,,,11.0,16.0,27.0,,2.0,3.0,,,,2.0,,,2.0,4.0,,1.0,,0.0,0.0,,,1.0,,90.0,2.0,1.0,0.0,,,,,,6.4,,,1.0,,3.0,1.0,,,,,12.0,18.0,30.0,3.0,,41.0,1.0,1.0,1.0
2014-15,5583206,37,43,Manchester_City,Away,52741,20310,Willy Caballero,willy-caballero,G,True,,,,,,,,,,,,,,,,,,,,,,,,,,,,,,,,,,,,,,,,,,,,,,,,,,,,,,,
2014-15,5583228,38,43,Manchester_City,Home,301,15312,Martín Demichelis,martin-demichelis,D,False,,,,8.0,9.0,17.0,3.0,2.0,3.0,,,,2.0,,,6.0,4.0,,,1.0,0.0,0.0,,,3.0,,90.0,,,0.0,,,,,,6.8,,,,,6.0,,,,3.0,,11.0,11.0,22.0,0.0,2.0,36.0,1.0,,
2014-15,5583228,38,43,Manchester_City,Home,791,15157,James Milner,james-milner,M,False,2.0,,,19.0,4.0,21.0,2.0,3.0,1.0,,,,5.0,,2.0,11.0,4.0,,,2.0,1.0,0.0,,,1.0,3.0,79.0,,1.0,0.0,,,,,,6.3,,,,,,,5.0,,1.0,,27.0,5.0,27.0,0.0,,41.0,,2.0,
2014-15,5583228,38,43,Manchester_City,Home,1053,37748,Bacary Sagna,bacary-sagna,D,True,,,,,,,,,,,,,,,,,,,,,,,,,,,,,,,,,,,,,,,,,,,,,,,,,,,,,,,
2014-15,5583228,38,43,Manchester_City,Home,1216,2051,Frank Lampard,frank-lampard,M,False,,,2.0,30.0,13.0,43.0,,1.0,4.0,,,,1.0,,1.0,2.0,3.0,,,,0.0,1.0,,,2.0,,77.0,2.0,,0.0,,,,,,7.6,,,,,1.0,1.0,,,3.0,,35.0,13.0,48.0,2.0,,58.0,1.0,1.0,1.0
2014-15,5583228,38,43,Manchester_City,Home,6019,17476,Vincent Kompany,vincent-kompany,D,True,,,,,1.0,1.0,1.0,,,,,,,,,1.0,,,,1.0,0.0,0.0,,,2.0,,11.0,,,0.0,,,,,,6.7,,,,,2.0,,,,2.0,,1.0,2.0,3.0,0.0,,7.0,,,
2014-15,5583228,38,43,Manchester_City,Home,11781,20664,David Silva,david-silva,M,False,,,1.0,50.0,9.0,59.0,,1.0,3.0,1.0,,,3.0,,1.0,6.0,6.0,,,,0.0,0.0,,,1.0,3.0,90.0,,,0.0,,,,,,7.5,,,1.0,,,4.0,1.0,,1.0,,57.0,10.0,66.0,1.0,2.0,80.0,1.0,1.0,2.0
2014-15,5583228,38,43,Manchester_City,Home,11796,20658,Pablo Zabaleta,pablo-zabaleta,D,False,,,2.0,20.0,16.0,36.0,,2.0,4.0,,,,3.0,,1.0,4.0,4.0,,,,0.0,0.0,,,4.0,,90.0,,,0.0,,,,,,7.1,,,,,8.0,,,,3.0,,22.0,18.0,40.0,0.0,2.0,62.0,1.0,,
2014-15,5583228,38,43,Manchester_City,Home,11869,17740,Jesús Navas,jesus-navas,D,True,,,,8.0,7.0,15.0,,,5.0,,,1.0,,,,,,,,,0.0,0.0,,,,,13.0,,,0.0,,,,,,6.6,,,,,,,3.0,,1.0,,13.0,8.0,18.0,1.0,,22.0,,,
2014-15,5583228,38,43,Manchester_City,Home,13630,27789,Fernandinho,fernandinho,M,False,,,2.0,27.0,14.0,41.0,,1.0,7.0,,,,2.0,,,6.0,3.0,,,3.0,0.0,0.0,,,3.0,1.0,90.0,,,0.0,,,,,,6.8,,,,,1.0,2.0,,,2.0,,29.0,16.0,45.0,0.0,1.0,54.0,,,1.0
2014-15,5583228,38,43,Manchester_City,Home,14468,14664,Yaya Touré,yaya-toure,M,False,,,2.0,47.0,6.0,53.0,,,6.0,,,,1.0,,2.0,5.0,7.0,,,2.0,0.0,0.0,,,1.0,1.0,66.0,1.0,,0.0,,,,,,7.4,,,,,,6.0,,,2.0,,52.0,6.0,58.0,1.0,2.0,73.0,2.0,,5.0
2014-15,5583228,38,43,Manchester_City,Home,14990,42544,Edin Džeko,edin-dzeko,F,True,,,,,,,,,,,,,,,,,,,,,,,,,,,,,,,,,,,,,,,,,,,,,,,,,,,,,,,
2014-15,5583228,38,43,Manchester_City,Home,16817,15749,Joe Hart,joe-hart,G,False,,,8.0,6.0,5.0,11.0,,2.0,9.0,,,,,,,,2.0,,,,0.0,0.0,3.0,,,,90.0,,,0.0,,,,,2.0,7.4,3.0,4.0,,,2.0,,,,36.0,,29.0,10.0,39.0,0.0,,52.0,,,
2014-15,5583228,38,43,Manchester_City,Home,17094,37572,Sergio Agüero,sergio-aguero,F,False,,,1.0,22.0,1.0,23.0,,,,,2.0,1.0,1.0,,6.0,9.0,4.0,,,,0.0,1.0,,,,,90.0,3.0,,0.0,,,,,,7.1,,,3.0,,1.0,4.0,,,1.0,,24.0,1.0,25.0,7.0,2.0,49.0,2.0,,2.0
2014-15,5583228,38,43,Manchester_City,Home,26097,42593,Aleksandar Kolarov,aleksandar-kolarov,D,False,1.0,,2.0,28.0,14.0,41.0,,,9.0,,,,1.0,,,3.0,7.0,,,2.0,0.0,0.0,,,1.0,,90.0,,,0.0,,,,,,7.2,,,2.0,,1.0,1.0,11.0,,5.0,,47.0,14.0,50.0,2.0,3.0,82.0,,3.0,1.0
2014-15,5583228,38,43,Manchester_City,Home,37126,50442,Stevan Jovetić,stevan-jovetic,F,True,,,,,,,,,,,,,,,,,,,,,,,,,,,,,,,,,,,,,,,,,,,,,,,,,,,,,,,
2014-15,5583228,38,43,Manchester_City,Home,39543,57001,Wilfried Bony,wilfried-bony,F,True,,,,6.0,2.0,8.0,1.0,2.0,3.0,,,,,,1.0,3.0,3.0,,,1.0,0.0,0.0,,,,1.0,24.0,,,0.0,,,,,,6.7,,,1.0,,,1.0,,,,,11.0,2.0,13.0,1.0,1.0,20.0,2.0,,
2014-15,5583228,38,43,Manchester_City,Home,42892,57112,Eliaquim Mangala,eliaquim-mangala,D,False,,,1.0,4.0,14.0,18.0,3.0,4.0,4.0,1.0,,,,,,4.0,6.0,,,1.0,1.0,0.0,,,2.0,2.0,90.0,,2.0,0.0,,,,,,7.8,,,,,7.0,,,,1.0,,7.0,14.0,21.0,0.0,1.0,34.0,,1.0,
2014-15,5583228,38,43,Manchester_City,Home,52741,20310,Willy Caballero,willy-caballero,G,True,,,,,,,,,,,,,,,,,,,,,,,,,,,,,,,,,,,,,,,,,,,,,,,,,,,,,,,
