season,matchId,gameweek,team_id,team,venue,playerId,playerName,slug,position,substitute,accurateCross,accurateKeeperSweeper,accurateLongBalls,accurateOppositionHalfPasses,accurateOwnHalfPasses,accuratePass,aerialLost,aerialWon,ballRecovery,bigChanceCreated,bigChanceMissed,blockedScoringAttempt,challengeLost,clearanceOffLine,crossNotClaimed,dispossessed,duelLost,duelWon,errorLeadToAGoal,errorLeadToAShot,fouls,goalAssist,goals,goodHighClaim,hitWoodwork,interceptionWon,keyPass,lastManTackle,minutesPlayed,onTargetScoringAttempt,outfielderBlock,ownGoals,penaltyConceded,penaltyFaced,penaltyMiss,penaltySave,penaltyWon,possessionLostCtrl,punches,rating,savedShotsFromInsideTheBox,saves,shotOffTarget,totalClearance,totalContest,totalCross,totalKeeperSweeper,totalLongBalls,totalOffside,totalOppositionHalfPasses,totalOwnHalfPasses,totalPass,totalShots,totalTackle,touches,unsuccessfulTouch,wasFouled,wonContest,wonTackle
2015-16,6767928,1,7,Aston_Villa,Away,764,Kieran Richardson,kieran-richardson,M,True,,,,,2.0,2.0,,,,,,,,,,,,,,,,,,,,,,,12.0,,,,,,,,,,,6.5,,,,,,,,,,2.0,2.0,4.0,0,,5.0,,,,
2015-16,6767928,1,7,Aston_Villa,Away,1208,Joe Cole,joe-cole,M,True,,,,,,,,,,,,,,,,,,,,,,,,,,,,,,,,,,,,,,,,,,,,,,,,,,,,,0,,,,,,
2015-16,6767928,1,91,Bournemouth,Home,11764,Marc Pugh,marc-pugh,M,False,,,1.0,12.0,6.0,18.0,1.0,1.0,1.0,,,,1.0,,,2.0,5.0,6.0,,,1.0,,,,,1.0,,,69.0,1.0,,,,,,,,,,6.9,,,1.0,,1.0,3.0,,1.0,,19.0,6.0,22.0,2,3.0,38.0,1.0,1.0,1.0,
2015-16,6767928,1,91,Bournemouth,Home,14695,Andrew Surman,andrew-surman,M,False,,,16.0,52.0,36.0,88.0,2.0,1.0,15.0,,,,,,,,2.0,2.0,,,,,,,,2.0,4.0,,90.0,,,,,,,,,,,8.1,,,2.0,1.0,,1.0,,18.0,,62.0,38.0,99.0,2,1.0,108.0,,1.0,,
2015-16,6767928,1,91,Bournemouth,Home,16590,Max Gradel,max-gradel,M,True,1.0,,,6.0,2.0,7.0,,,1.0,,,,,,,,2.0,3.0,,,,,,,,,,,21.0,,,,,,,,,,,6.5,,,,,2.0,1.0,,,,6.0,2.0,7.0,0,1.0,15.0,1.0,2.0,,
2015-16,6767928,1,7,Aston_Villa,Away,24055,Scott Sinclair,scott-sinclair,M,False,,,,15.0,6.0,21.0,1.0,,5.0,,,,,,,2.0,5.0,5.0,,,,,,,,,,,78.0,,,,,,,,,,,6.6,,,,,3.0,3.0,,,,21.0,8.0,26.0,0,2.0,42.0,1.0,2.0,1.0,
2015-16,6767928,1,91,Bournemouth,Home,41628,Eunan O'Kane,eunan-okane,M,True,,,1.0,6.0,1.0,7.0,,,,,,,,,,,,,,,,,,,,,,,6.0,,,,,,,,,,,,,,,,,,,1.0,,8.0,2.0,10.0,0,,11.0,,,,
2015-16,6767928,1,91,Bournemouth,Home,42699,Matt Ritchie,matt-ritchie,M,False,1.0,,6.0,39.0,10.0,48.0,,1.0,8.0,,,,3.0,,,1.0,8.0,2.0,,,1.0,,,,,2.0,1.0,,90.0,,,,,,,,,,,6.3,,,2.0,1.0,3.0,8.0,,9.0,,58.0,11.0,61.0,2,1.0,92.0,3.0,1.0,,
2015-16,6767928,1,7,Aston_Villa,Away,49647,Ashley Westwood,ashley-westwood,M,False,1.0,,1.0,25.0,17.0,41.0,,,7.0,1.0,,,1.0,,,1.0,3.0,2.0,,,1.0,1.0,,,,1.0,1.0,,90.0,,,,,,,,,,,7.1,,,,2.0,,5.0,,4.0,,32.0,19.0,46.0,0,2.0,60.0,1.0,,,
2015-16,6767928,1,7,Aston_Villa,Away,74545,Leandro Bacuna,leandro-bacuna,M,False,,,5.0,12.0,11.0,23.0,1.0,1.0,4.0,,,1.0,1.0,,,1.0,5.0,4.0,,,1.0,,,,,1.0,,,90.0,,,,,,,,,,,7.0,,,,2.0,1.0,2.0,,10.0,,19.0,12.0,29.0,1,3.0,56.0,,,,
2015-16,6767928,1,7,Aston_Villa,Away,106337,Idrissa Gana Gueye,idrissa-gana-gueye,M,False,,,2.0,20.0,22.0,42.0,,1.0,5.0,,,,,,,3.0,5.0,11.0,,,2.0,,,,,3.0,,,90.0,1.0,,,,,,,,,,7.5,,,1.0,2.0,2.0,,,7.0,,27.0,24.0,51.0,2,4.0,74.0,2.0,4.0,2.0,
2015-16,6767928,1,7,Aston_Villa,Away,151124,Jordan Veretout,jordan-veretout,M,False,,,3.0,23.0,18.0,41.0,,,5.0,,,,1.0,,,,3.0,4.0,,,2.0,,,,,3.0,1.0,,71.0,,,,,,,,,,,7.2,,,,2.0,,,,5.0,,28.0,19.0,47.0,0,3.0,59.0,1.0,1.0,,
2015-16,6767929,1,1,Manchester_United,Home,326,Bastian Schweinsteiger,bastian-schweinsteiger,M,True,,,2.0,13.0,7.0,20.0,2.0,,,,,,1.0,,,,5.0,1.0,,,2.0,,,,,,,,30.0,,,,,,,,,,,6.5,,,,2.0,,,,3.0,,15.0,8.0,23.0,0,1.0,27.0,,,,
2015-16,6767929,1,1,Manchester_United,Home,938,Michael Carrick,michael-carrick,M,False,,,3.0,12.0,18.0,30.0,,,3.0,,,,,,,1.0,1.0,3.0,,,,,,,,4.0,1.0,,60.0,,,,,,,,,,,7.1,,,,,,,,3.0,,13.0,18.0,31.0,0,1.0,40.0,1.0,2.0,,
2015-16,6767929,1,6,Tottenham_Hotspur,Away,9865,Mousa Dembélé,mousa-dembele,M,False,,,1.0,6.0,25.0,31.0,2.0,2.0,10.0,,,,,,,5.0,10.0,8.0,,,3.0,,,,,1.0,,,68.0,,,,,,,,,,,6.5,,,,1.0,,1.0,,2.0,1.0,9.0,26.0,34.0,0,5.0,49.0,,1.0,,
2015-16,6767929,1,1,Manchester_United,Home,27009,Morgan Schneiderlin,morgan-schneiderlin,M,False,,,4.0,17.0,27.0,44.0,,,6.0,,,,1.0,,,1.0,7.0,6.0,,1.0,5.0,,,,,3.0,,,90.0,,,,,,,,,,,6.8,,,,,,,,6.0,,22.0,29.0,51.0,0,4.0,62.0,,2.0,,
2015-16,6767929,1,1,Manchester_United,Home,28367,Juan Mata,juan-mata,M,False,,,3.0,22.0,14.0,36.0,1.0,,8.0,,,2.0,1.0,,,2.0,5.0,3.0,,,1.0,,,,,4.0,,,90.0,,,,,,,,,,,7.0,,,1.0,2.0,,,,3.0,,25.0,18.0,43.0,3,,59.0,2.0,3.0,,
2015-16,6767929,1,6,Tottenham_Hotspur,Away,32492,Nacer Chadli,nacer-chadli,M,False,,,,9.0,11.0,20.0,,,6.0,,,,,,,1.0,4.0,2.0,,,2.0,,,,,2.0,,,90.0,,,,,,,,,,,6.5,,,,,1.0,,,1.0,1.0,13.0,13.0,26.0,0,1.0,36.0,1.0,1.0,,
2015-16,6767929,1,6,Tottenham_Hotspur,Away,44567,Ryan Mason,ryan-mason,M,True,,,3.0,12.0,5.0,17.0,,1.0,4.0,,,,,,,,1.0,4.0,,,,,,,,,,,37.0,,,,,,,,,,,6.7,,,,,1.0,1.0,,5.0,,15.0,5.0,19.0,0,1.0,25.0,1.0,2.0,,
2015-16,6767929,1,1,Manchester_United,Home,82474,Ander Herrera,ander-herrera,M,True,,,1.0,5.0,3.0,8.0,1.0,,1.0,,,,,,,1.0,3.0,1.0,,,1.0,,,,,,,,22.0,,,,,,,,,,,6.5,,,,,1.0,,,1.0,,5.0,4.0,9.0,0,,14.0,1.0,,1.0,
2015-16,6767929,1,6,Tottenham_Hotspur,Away,105734,Christian Eriksen,christian-eriksen,M,False,2.0,,3.0,23.0,9.0,30.0,,,7.0,,1.0,,,,,2.0,4.0,5.0,,,,,,,,1.0,4.0,,90.0,2.0,,,,,,,,,,7.2,,,1.0,,2.0,5.0,,5.0,,36.0,12.0,43.0,3,2.0,66.0,2.0,3.0,,
2015-16,6767929,1,6,Tottenham_Hotspur,Away,122702,Erik Lamela,erik-lamela,M,True,,,1.0,3.0,2.0,5.0,,,1.0,,,,,,,2.0,2.0,3.0,,,,,,,,1.0,1.0,,22.0,,,,,,,,,,,6.8,,,,,,1.0,,1.0,,7.0,3.0,9.0,0,2.0,16.0,,1.0,,
2015-16,6767929,1,6,Tottenham_Hotspur,Away,198028,Dele Alli,dele-alli,M,True,,,,2.0,1.0,3.0,1.0,,2.0,,,,,,,,2.0,1.0,,,1.0,,,,,4.0,,,13.0,,,,,,,,,,,6.8,,,,,,,,1.0,,4.0,1.0,5.0,0,,11.0,,1.0,,
2015-16,6767929,1,1,Manchester_United,Home,285949,Andreas Pereira,andreas-pereira,M,True,,,,,,,,,,,,,,,,,,,,,,,,,,,,,,,,,,,,,,,,,,,,,,,,,,,,,0,,,,,,
2015-16,6767929,1,6,Tottenham_Hotspur,Away,368120,Nabil Bentaleb,nabil-bentaleb,M,False,,,,8.0,22.0,30.0,,1.0,5.0,,,,,,,1.0,1.0,1.0,,1.0,,,,,,1.0,,,53.0,,2.0,,,,,,,,,6.2,,,,,,,,2.0,,14.0,24.0,38.0,0,,44.0,2.0,,,
2015-16,6767929,1,6,Tottenham_Hotspur,Away,801460,Tom Carroll,carroll-tom,M,True,,,,,,,,,,,,,,,,,,,,,,,,,,,,,,,,,,,,,,,,,,,,,,,,,,,,,0,,,,,,
2015-16,6767930,1,8,Chelsea,Home,518,Cesc Fàbregas,cesc-fabregas,M,False,1.0,,2.0,26.0,19.0,44.0,,,7.0,,,,2.0,,,2.0,5.0,3.0,,,1.0,,,,,,1.0,,76.0,,,,,,,,,,,6.4,,,1.0,,1.0,4.0,,3.0,,35.0,20.0,51.0,1,,65.0,1.0,2.0,1.0,
2015-16,6767930,1,8,Chelsea,Home,7311,John Obi Mikel,john-obi-mikel,M,True,,,,,,,,,,,,,,,,,,,,,,,,,,,,,,,,,,,,,,,,,,,,,,,,,,,,,0,,,,,,
2015-16,6767930,1,80,Swansea_City,Away,20993,Jack Cork,jack-cork,M,True,,,2.0,13.0,21.0,34.0,1.0,2.0,4.0,,,,3.0,,,1.0,6.0,8.0,,,1.0,,,,,4.0,1.0,,49.0,,1.0,,,,,,,,,7.0,,,,,,,,2.0,,16.0,23.0,39.0,0,2.0,51.0,,4.0,,
2015-16,6767930,1,80,Swansea_City,Away,30243,Neil Taylor,neil-taylor,M,False,,,2.0,18.0,17.0,35.0,1.0,,5.0,,,,,,,,3.0,2.0,,,2.0,,,,,3.0,,,90.0,,,,,,,,,,,6.7,,,,6.0,,,,3.0,,19.0,18.0,37.0,0,1.0,60.0,,1.0,,
2015-16,6767930,1,8,Chelsea,Home,31417,Willian,willian,M,False,,,4.0,25.0,8.0,33.0,3.0,,6.0,,,1.0,2.0,,,,7.0,6.0,,1.0,,,,,,1.0,4.0,,84.0,,,,,,,,,,,6.6,,,,,4.0,6.0,,5.0,,35.0,9.0,38.0,1,2.0,55.0,1.0,2.0,2.0,
2015-16,6767930,1,8,Chelsea,Home,33110,Ramires,ramires,M,True,,,,,,,,,,,,,,,,,,,,,,,,,,,,,,,,,,,,,,,,,,,,,,,,,,,,,0,,,,,,
2015-16,6767930,1,80,Swansea_City,Away,36465,Jonjo Shelvey,jonjo-shelvey,M,False,3.0,,12.0,33.0,22.0,52.0,,,9.0,1.0,,1.0,,,,,3.0,3.0,,,2.0,,,,1.0,,6.0,,90.0,,,,,,,,,,,8.2,,,,2.0,3.0,9.0,,14.0,,44.0,23.0,58.0,1,1.0,81.0,2.0,,2.0,
2015-16,6767930,1,80,Swansea_City,Away,38642,Sung-Yueng Ki,sung-yueng-ki,M,False,,,2.0,9.0,12.0,21.0,,1.0,1.0,,,,,,,,2.0,2.0,,,2.0,,,,,2.0,,,41.0,1.0,,,,,,,,,,6.8,,,,,,,,2.0,,12.0,12.0,24.0,1,1.0,30.0,1.0,,,
2015-16,6767930,1,8,Chelsea,Home,39400,Oscar,oscar,M,False,1.0,,,17.0,8.0,24.0,2.0,,2.0,,,,2.0,,,,5.0,5.0,,,,,1.0,,,,,,54.0,1.0,,,,,,,,,,7.1,,,1.0,1.0,2.0,5.0,,2.0,,25.0,9.0,29.0,2,1.0,50.0,2.0,3.0,1.0,
2015-16,6767930,1,80,Swansea_City,Away,43192,Gylfi Sigurðsson,gylfi-sigursson,M,False,,,,12.0,9.0,21.0,,,2.0,,,2.0,3.0,,,3.0,7.0,4.0,,,1.0,,,,,,1.0,,90.0,1.0,,,,,,,,,,6.5,,,,1.0,1.0,,,,,16.0,9.0,25.0,3,2.0,41.0,2.0,1.0,1.0,
2015-16,6767930,1,8,Chelsea,Home,44241,Nemanja Matić,nemanja-matic,M,False,,,2.0,26.0,19.0,45.0,2.0,,16.0,,,1.0,2.0,,,1.0,8.0,5.0,,,4.0,,,,,3.0,,,90.0,,,,,,,,,,,6.8,,,,,1.0,3.0,,4.0,,35.0,19.0,51.0,1,4.0,67.0,,,1.0,
2015-16,6767930,1,80,Swansea_City,Away,54686,Jefferson Montero,jefferson-montero,M,False,2.0,,,13.0,2.0,13.0,2.0,2.0,6.0,1.0,,,1.0,,,,5.0,10.0,,,,,,,,,2.0,,71.0,2.0,,,,,,,,,,7.3,,,,,8.0,7.0,,,,21.0,6.0,20.0,2,1.0,40.0,1.0,1.0,6.0,
2015-16,6767931,1,3,Arsenal,Home,1152,Mikel Arteta,mikel-arteta,M,True,,,,,,,,,,,,,,,,,,,,,,,,,,,,,,,,,,,,,,,,,,,,,,,,,,,,,0,,,,,,
2015-16,6767931,1,21,West_Ham_United,Away,1227,Kevin Nolan,kevin-nolan,M,True,,,,,6.0,6.0,,,3.0,,,,,,,,,2.0,,,,,,,,,,,11.0,,,,,,,,,,,6.9,,,,1.0,1.0,,,1.0,,1.0,6.0,7.0,0,1.0,10.0,,,1.0,
2015-16,6767931,1,21,West_Ham_United,Away,9741,Mark Noble,mark-noble,M,False,,,4.0,15.0,21.0,36.0,,,5.0,,,,3.0,,,1.0,5.0,9.0,,,1.0,,,,,1.0,,,90.0,,,,,,,,,,,6.8,,,,1.0,2.0,,,5.0,,20.0,21.0,41.0,0,1.0,56.0,1.0,6.0,2.0,
2015-16,6767931,1,3,Arsenal,Home,10501,Theo Walcott,theo-walcott,M,True,,,,3.0,,3.0,,,,,,2.0,,,,,,1.0,,,,,,,,,,,32.0,,,,,,,,,,,6.7,,,,,1.0,2.0,,,,7.0,,5.0,2,,13.0,2.0,,1.0,
2015-16,6767931,1,3,Arsenal,Home,10577,Alex Oxlade-Chamberlain,alex-oxlade-chamberlain,M,False,2.0,,3.0,26.0,15.0,39.0,2.0,,6.0,1.0,,1.0,1.0,,,,3.0,11.0,1.0,,,,,,,1.0,4.0,,90.0,,1.0,,,,,,,,,8.2,,,2.0,1.0,9.0,4.0,,4.0,1.0,32.0,15.0,43.0,3,1.0,74.0,1.0,1.0,9.0,
2015-16,6767931,1,21,West_Ham_United,Away,14216,Dimitri Payet,dimitri-payet,M,False,1.0,,,16.0,18.0,33.0,1.0,1.0,7.0,1.0,,1.0,7.0,,,1.0,9.0,8.0,,,,1.0,,,,,2.0,,90.0,,,,,,,,,,,7.5,,,,,4.0,4.0,,1.0,,25.0,20.0,41.0,1,2.0,57.0,2.0,1.0,4.0,
2015-16,6767931,1,3,Arsenal,Home,16176,Mesut Özil,mesut-ozil,M,False,3.0,,3.0,57.0,10.0,64.0,2.0,,5.0,,,2.0,,,,3.0,9.0,2.0,,,3.0,,,,,1.0,4.0,,90.0,,,,,,,,,,,7.2,,,,,1.0,5.0,,4.0,,66.0,12.0,73.0,2,2.0,91.0,1.0,,,
2015-16,6767931,1,3,Arsenal,Home,17651,Santi Cazorla,santi-cazorla,M,False,1.0,,2.0,56.0,16.0,71.0,1.0,1.0,8.0,,,,2.0,,,,5.0,7.0,,,,,,,,1.0,5.0,,90.0,1.0,,,,,,,,,,7.5,,,1.0,1.0,5.0,5.0,,2.0,,64.0,17.0,76.0,2,2.0,101.0,,1.0,3.0,
2015-16,6767931,1,21,West_Ham_United,Away,20095,Matt Jarvis,matt-jarvis,M,True,,,,1.0,4.0,5.0,,1.0,1.0,,,,,,,1.0,2.0,2.0,,,1.0,,,,,,,,27.0,,,,,,,,,,,6.5,,,,,,,,,,2.0,4.0,6.0,0,1.0,8.0,,,,
2015-16,6767931,1,3,Arsenal,Home,23571,Aaron Ramsey,aaron-ramsey,M,False,2.0,,,51.0,14.0,63.0,,3.0,7.0,,,1.0,2.0,,,5.0,10.0,5.0,,,3.0,,,,,5.0,2.0,,90.0,,,,,,,,,,,6.7,,,1.0,,2.0,3.0,,,,58.0,16.0,71.0,2,,89.0,,,2.0,
2015-16,6767931,1,3,Arsenal,Home,40672,Francis Coquelin,francis-coquelin,M,False,1.0,,2.0,23.0,13.0,35.0,1.0,1.0,8.0,,,,2.0,,,2.0,5.0,3.0,,,,,,,,2.0,1.0,,58.0,,,,,,,,,,,6.5,,,,,1.0,1.0,,5.0,,29.0,13.0,41.0,0,,50.0,,1.0,1.0,
2015-16,6767931,1,21,West_Ham_United,Away,45944,Cheikhou Kouyaté,cheikhou-kouyate,M,False,,,1.0,10.0,10.0,20.0,5.0,,6.0,,,,6.0,,,1.0,12.0,3.0,,,,,1.0,,,2.0,2.0,,90.0,1.0,1.0,,,,,,,,,7.0,,,,,,,,3.0,1.0,16.0,14.0,30.0,1,3.0,42.0,1.0,,,
2015-16,6767931,1,21,West_Ham_United,Away,190849,Diego Poyet,diego-poyet,M,True,,,,,,,,,,,,,,,,,,,,,,,,,,,,,,,,,,,,,,,,,,,,,,,,,,,,,0,,,,,,
2015-16,6767931,1,21,West_Ham_United,Away,220315,Manuel Lanzini,manuel-lanzini,M,True,,,,,,,,,,,,,,,,,,,,,,,,,,,,,,,,,,,,,,,,,,,,,,,,,,,,,0,,,,,,
2015-16,6767932,1,56,Sunderland,Away,524,Sebastian Larsson,sebastian-larsson,M,False,2.0,,2.0,16.0,20.0,34.0,1.0,2.0,3.0,,,1.0,,,,,1.0,6.0,,,,,,,,1.0,1.0,,90.0,,,,,,,,,,,7.1,,,,,1.0,4.0,,4.0,,24.0,20.0,40.0,1,2.0,55.0,,1.0,1.0,
2015-16,6767932,1,13,Leicester_City,Home,9848,Dean Hammond,dean-hammond,M,True,,,,,,,,,,,,,,,,,,,,,,,,,,,,,,,,,,,,,,,,,,,,,,,,,,,,,0,,,,,,
2015-16,6767932,1,56,Sunderland,Away,14210,Lee Cattermole,lee-cattermole,M,False,,,,6.0,9.0,15.0,2.0,,,,,,,,,,3.0,,,,1.0,,,,,,,,30.0,,,,1.0,,,,,,,5.6,,,,,,,,1.0,,8.0,11.0,19.0,0,,19.0,,,,
2015-16,6767932,1,13,Leicester_City,Home,30530,Andy King,andy-king,M,False,,,4.0,16.0,14.0,30.0,3.0,3.0,8.0,,1.0,,,,,1.0,5.0,5.0,,,2.0,,,,,4.0,,,90.0,,,,,,,,,,,6.8,,,2.0,3.0,,,,6.0,,24.0,14.0,38.0,2,2.0,50.0,,,,
2015-16,6767932,1,56,Sunderland,Away,33852,Liam Bridcutt,liam-bridcutt,M,True,,,,,,,,,,,,,,,,,,,,,,,,,,,,,,,,,,,,,,,,,,,,,,,,,,,,,0,,,,,,
2015-16,6767932,1,13,Leicester_City,Home,47737,Marc Albrighton,marc-albrighton,M,False,4.0,,2.0,20.0,7.0,23.0,2.0,,6.0,1.0,,,1.0,,,,5.0,5.0,,,1.0,2.0,1.0,,,2.0,6.0,,90.0,1.0,,,,,,,,,,8.9,,,1.0,,1.0,9.0,,8.0,,37.0,7.0,35.0,2,2.0,61.0,1.0,3.0,,
2015-16,6767932,1,13,Leicester_City,Home,54330,Danny Drinkwater,danny-drinkwater,M,False,,,7.0,28.0,14.0,42.0,3.0,,8.0,,,,1.0,,,,4.0,3.0,,,,,,,,,2.0,,90.0,1.0,1.0,,,,,,,,,7.3,,,,1.0,,1.0,,8.0,,36.0,16.0,51.0,1,3.0,63.0,1.0,,,
2015-16,6767932,1,56,Sunderland,Away,76133,Emanuele Giaccherini,emanuele-giaccherini,M,True,,,,,,,,,,,,,,,,,,,,,,,,,,,,,,,,,,,,,,,,,,,,,,,,,,,,,0,,,,,,
2015-16,6767932,1,13,Leicester_City,Home,148710,Jeffrey Schlupp,jeffrey-schlupp,M,False,,,2.0,9.0,13.0,22.0,,,5.0,,,,,,,,2.0,5.0,,,1.0,,,,,2.0,,,90.0,,,,,,,,,,,6.7,,,1.0,1.0,2.0,3.0,,7.0,,18.0,16.0,31.0,1,2.0,57.0,2.0,2.0,1.0,
2015-16,6767932,1,13,Leicester_City,Home,158213,Riyad Mahrez,riyad-mahrez,M,False,4.0,,1.0,16.0,8.0,20.0,,,4.0,1.0,,1.0,,,,1.0,2.0,7.0,,,,,2.0,,1.0,1.0,4.0,,77.0,3.0,,,,,,,1.0,,,10.0,,,2.0,1.0,4.0,5.0,,3.0,,21.0,9.0,25.0,6,,51.0,,4.0,3.0,
2015-16,6767932,1,13,Leicester_City,Home,234148,N'Golo Kanté,n-golo-kante,M,True,,,,3.0,2.0,5.0,,,1.0,,,,2.0,,,,2.0,,,,,,,,,2.0,1.0,,8.0,,,,,,,,,,,6.5,,,,,,,,,,3.0,2.0,5.0,0,,7.0,,,,
2015-16,6767933,1,45,Norwich_City,Home,512,Alexander Tettey,alexander-tettey,M,False,,,2.0,16.0,14.0,30.0,,2.0,4.0,,,,1.0,,,,4.0,3.0,,,3.0,,,,,,,,54.0,,1.0,,,,,,,,,6.5,,,2.0,1.0,,,,2.0,,17.0,16.0,33.0,2,1.0,40.0,,1.0,,
2015-16,6767933,1,31,Crystal_Palace,Away,3574,Yohan Cabaye,yohan-cabaye,M,False,,,3.0,14.0,9.0,23.0,,,10.0,,,,2.0,,,2.0,7.0,5.0,,,2.0,,1.0,,,4.0,1.0,,90.0,2.0,,,,,,,,,,7.6,,,,2.0,1.0,3.0,,6.0,,21.0,9.0,27.0,2,4.0,48.0,1.0,1.0,,
2015-16,6767933,1,45,Norwich_City,Home,9148,Graham Dorrans,graham-dorrans,M,False,,,6.0,35.0,16.0,51.0,1.0,,1.0,,,,,,,1.0,4.0,2.0,,,2.0,,,,,2.0,1.0,,80.0,,,,,,,,,,,6.9,,,1.0,,,,,9.0,,41.0,16.0,57.0,1,,63.0,,2.0,,
2015-16,6767933,1,45,Norwich_City,Home,14336,Wesley Hoolahan,wesley-hoolahan,M,False,,,,39.0,11.0,50.0,2.0,,6.0,,,,,,,3.0,6.0,9.0,,,,1.0,,,,1.0,3.0,,90.0,,,,,,,,,,,6.9,,,,,3.0,1.0,,2.0,,50.0,14.0,63.0,0,1.0,82.0,2.0,6.0,2.0,
2015-16,6767933,1,31,Crystal_Palace,Away,19593,Jason Puncheon,jason-puncheon,M,False,2.0,,3.0,26.0,7.0,31.0,,,7.0,1.0,,1.0,,,,3.0,4.0,4.0,,,1.0,1.0,,,,,3.0,,90.0,,,,,,,,,,,7.5,,,,1.0,2.0,5.0,,4.0,,35.0,9.0,39.0,1,1.0,55.0,,1.0,2.0,
2015-16,6767933,1,45,Norwich_City,Home,20292,Bradley Johnson,bradley-johnson,M,False,1.0,,1.0,18.0,4.0,21.0,,1.0,3.0,,,1.0,1.0,,,3.0,8.0,8.0,,1.0,3.0,,,,,,,,90.0,1.0,,,,,,,,,,6.5,,,2.0,2.0,1.0,1.0,,3.0,,27.0,5.0,31.0,4,4.0,52.0,1.0,3.0,,
2015-16,6767933,1,45,Norwich_City,Home,29691,Gary O'Neil,gary-oneil,M,True,,,,,,,,,,,,,,,,,,,,,,,,,,,,,,,,,,,,,,,,,,,,,,,,,,,,,0,,,,,,
2015-16,6767933,1,31,Crystal_Palace,Away,38130,Jordon Mutch,jordon-mutch,M,False,1.0,,,8.0,6.0,13.0,3.0,,5.0,,,1.0,,,,,4.0,5.0,,,2.0,,,,,1.0,,,72.0,1.0,,,,,,,,,,7.2,,,,2.0,2.0,2.0,,,1.0,11.0,6.0,15.0,2,2.0,28.0,1.0,1.0,2.0,
2015-16,6767933,1,31,Crystal_Palace,Away,39282,James McArthur,james-mcarthur,M,False,,,1.0,11.0,11.0,22.0,,2.0,2.0,1.0,,,1.0,,,1.0,5.0,5.0,,,3.0,1.0,,,,1.0,3.0,,90.0,,,,,,,,,,,7.4,,,,2.0,1.0,,,1.0,,15.0,11.0,26.0,0,1.0,37.0,,1.0,1.0,
2015-16,6767933,1,31,Crystal_Palace,Away,84686,Pape Souaré,pape-souare,M,False,1.0,,,12.0,4.0,15.0,,,4.0,1.0,,,,,,,1.0,6.0,,,2.0,1.0,,,,3.0,1.0,,90.0,,,,,,,,,,,7.5,,,,7.0,1.0,3.0,,1.0,,16.0,5.0,18.0,0,1.0,46.0,1.0,4.0,1.0,
2015-16,6767933,1,31,Crystal_Palace,Away,111850,Wilfried Zaha,wilfried-zaha,M,False,,,1.0,12.0,2.0,14.0,1.0,,2.0,,,,,,,1.0,8.0,7.0,,,1.0,,1.0,,,,,,72.0,1.0,,,,,,,,,,6.8,,,,,9.0,2.0,,1.0,,14.0,2.0,14.0,1,,33.0,,3.0,4.0,
2015-16,6767933,1,45,Norwich_City,Home,115346,Nathan Redmond,nathan-redmond,M,True,1.0,,,6.0,4.0,9.0,,,1.0,,,,1.0,,,,3.0,,,,2.0,,1.0,,,,1.0,,36.0,1.0,,,,,,,,,,7.0,,,,,,1.0,,1.0,,8.0,5.0,12.0,1,,15.0,,,,
2015-16,6767933,1,45,Norwich_City,Home,267621,Robbie Brady,robbie-brady,M,False,2.0,,4.0,17.0,10.0,25.0,1.0,1.0,4.0,,,1.0,3.0,,,,5.0,6.0,,,1.0,,,,,,2.0,,90.0,1.0,,,,,,,,,,6.7,,,1.0,3.0,,7.0,,8.0,,30.0,12.0,35.0,3,3.0,61.0,,2.0,,
2015-16,6767934,1,14,Liverpool,Away,791,James Milner,james-milner,M,False,3.0,,2.0,35.0,22.0,54.0,2.0,2.0,3.0,,,,1.0,,,2.0,8.0,6.0,,,2.0,,,,,,1.0,,90.0,,,,,,,,,,,7.1,,,,1.0,1.0,3.0,,6.0,,41.0,25.0,63.0,0,4.0,81.0,,1.0,,
2015-16,6767934,1,110,Stoke_City,Home,2525,Ibrahim Afellay,ibrahim-afellay,M,False,,,2.0,20.0,17.0,37.0,2.0,,6.0,,,1.0,,,,2.0,6.0,2.0,,,3.0,,,,,,,,78.0,,,,,,,,,,,6.2,,,,1.0,1.0,4.0,,2.0,,26.0,20.0,42.0,1,,56.0,3.0,1.0,1.0,
2015-16,6767934,1,110,Stoke_City,Home,9360,Charlie Adam,charlie-adam,M,False,2.0,,4.0,16.0,14.0,28.0,1.0,1.0,6.0,,,,,,,1.0,4.0,5.0,,,1.0,,,,,,,,78.0,,,,,,,,,,,7.0,,,2.0,1.0,1.0,3.0,,12.0,,31.0,17.0,45.0,2,2.0,60.0,1.0,2.0,,
2015-16,6767934,1,110,Stoke_City,Home,9682,Stephen Ireland,stephen-ireland,M,True,,,,,,,,,,,,,,,,,,,,,,,,,,,,,,,,,,,,,,,,,,,,,,,,,,,,,0,,,,,,
2015-16,6767934,1,110,Stoke_City,Home,10468,Steve Sidwell,steve-sidwell,M,True,,,,2.0,3.0,5.0,,1.0,,,,,1.0,,,1.0,3.0,5.0,,,1.0,,,,,,,,12.0,,,,,,,,,,,6.7,,,,,,,,1.0,,3.0,3.0,6.0,0,4.0,11.0,,,,
2015-16,6767934,1,110,Stoke_City,Home,10535,Glenn Whelan,glenn-whelan,M,False,,,6.0,18.0,32.0,50.0,1.0,,7.0,,,,,,,,1.0,4.0,,,,,,,,1.0,,,90.0,,1.0,,,,,,,,,7.2,,,,2.0,,1.0,,9.0,,26.0,34.0,59.0,0,3.0,71.0,,1.0,,
2015-16,6767934,1,14,Liverpool,Away,17054,Adam Lallana,adam-lallana,M,False,1.0,,,9.0,7.0,15.0,1.0,2.0,6.0,,,1.0,3.0,,,1.0,5.0,5.0,,,,,,,,1.0,,,63.0,,,,,,,,,,,6.7,,,,,1.0,3.0,,1.0,1.0,15.0,9.0,21.0,1,2.0,36.0,1.0,,1.0,
2015-16,6767934,1,14,Liverpool,Away,42694,Jordan Henderson,jordan-henderson,M,False,1.0,,5.0,31.0,24.0,54.0,,,12.0,,,,,,,1.0,3.0,3.0,,,2.0,,,,,2.0,,,90.0,,,,,,,,,,,7.0,,,,1.0,,4.0,,12.0,,41.0,31.0,68.0,0,3.0,82.0,1.0,,,
2015-16,6767934,1,14,Liverpool,Away,119159,Philippe Coutinho,philippe-coutinho,M,False,,,,22.0,10.0,32.0,1.0,,7.0,,,1.0,1.0,,,1.0,5.0,5.0,,,,,1.0,,,1.0,1.0,,90.0,1.0,,,,,,,,,,7.7,,,1.0,,6.0,1.0,,1.0,,33.0,12.0,44.0,3,,63.0,2.0,1.0,4.0,
2015-16,6767934,1,14,Liverpool,Away,143697,Roberto Firmino,roberto-firmino,M,True,,,,3.0,5.0,8.0,,,2.0,,,,,,,5.0,9.0,3.0,,,1.0,,,,,,,,12.0,,,,,,,,,,,5.5,,,,,4.0,,,1.0,,4.0,5.0,9.0,0,1.0,20.0,,1.0,1.0,
2015-16,6767934,1,14,Liverpool,Away,185955,Jordon Ibe,jordon-ibe,M,False,,,,19.0,2.0,21.0,1.0,,3.0,,,1.0,,,,2.0,9.0,4.0,,,3.0,,,,,,,,78.0,,,,,,,,,,,6.3,,,,,5.0,1.0,,,1.0,22.0,2.0,23.0,1,,41.0,3.0,2.0,2.0,
2015-16,6767935,1,20,Southampton,Away,559,Steven Davis,steven-davis,M,False,1.0,,1.0,28.0,29.0,56.0,,,9.0,1.0,,,3.0,,,1.0,5.0,5.0,,,1.0,,,,,5.0,3.0,,90.0,,1.0,,,,,,,,,7.3,,,,1.0,1.0,6.0,,4.0,,39.0,30.0,63.0,0,3.0,84.0,,1.0,1.0,
2015-16,6767935,1,4,Newcastle_United,Home,10438,Cheik Tiote,cheik-tiote,M,True,,,1.0,13.0,7.0,20.0,1.0,1.0,2.0,,,,,,,,1.0,2.0,,,,,,,,,,,22.0,,,,,,,,,,,6.4,,,,1.0,,,,2.0,,16.0,9.0,25.0,0,,27.0,,1.0,,
2015-16,6767935,1,4,Newcastle_United,Home,15007,Vurnon Anita,vurnon-anita,M,False,,,2.0,14.0,20.0,34.0,2.0,1.0,4.0,,,,,,,,4.0,1.0,,,2.0,,,,,1.0,,,68.0,,,,,,,,,,,6.6,,,1.0,1.0,,,,4.0,,20.0,20.0,40.0,1,,44.0,,,,
2015-16,6767935,1,4,Newcastle_United,Home,16511,Gabriel Obertan,gabriel-obertan,M,False,1.0,,,21.0,16.0,36.0,2.0,2.0,7.0,,,,1.0,,,2.0,8.0,7.0,,,,1.0,,,,,2.0,,90.0,,,,,,,,,,,6.6,,,1.0,,3.0,5.0,,,,29.0,18.0,42.0,1,3.0,61.0,,2.0,,
2015-16,6767935,1,4,Newcastle_United,Home,22126,Georginio Wijnaldum,georginio-wijnaldum,M,False,,,3.0,10.0,11.0,21.0,1.0,,3.0,,,1.0,,,,,4.0,4.0,,,2.0,,1.0,,,,1.0,,81.0,1.0,,,,,,,,,,7.1,,,,,2.0,4.0,,3.0,,15.0,11.0,22.0,2,,38.0,3.0,3.0,1.0,
2015-16,6767935,1,4,Newcastle_United,Home,27014,Moussa Sissoko,moussa-sissoko,M,False,1.0,,1.0,21.0,2.0,22.0,,2.0,2.0,,,,,,,1.0,2.0,7.0,,,,,,,,1.0,1.0,,90.0,,,,,,,,,,,6.7,,,,1.0,4.0,6.0,,1.0,,39.0,3.0,36.0,0,1.0,57.0,5.0,1.0,3.0,
2015-16,6767935,1,4,Newcastle_United,Home,30262,Siem de Jong,siem-de-jong,M,True,,,,1.0,,1.0,,,,,,,,,,,1.0,,,,,,,,,,,,9.0,,,,,,,,,,,6.3,,,,,1.0,,,,,1.0,,1.0,0,,2.0,,,,
2015-16,6767935,1,4,Newcastle_United,Home,40686,Jack Colback,jack-colback,M,False,3.0,,6.0,30.0,20.0,47.0,,,4.0,,,,2.0,,,,3.0,3.0,,,1.0,,,,,4.0,2.0,,90.0,,1.0,,,,,,,,,6.9,,,,1.0,1.0,8.0,,9.0,,38.0,21.0,51.0,0,,73.0,,2.0,1.0,
2015-16,6767935,1,20,Southampton,Away,44760,Cédric Soares,cedric-soares,M,False,2.0,,4.0,9.0,6.0,13.0,1.0,1.0,4.0,,,,,1.0,,1.0,5.0,4.0,,,3.0,1.0,,,,2.0,2.0,,45.0,1.0,1.0,,,,,,,,,7.4,,,,2.0,1.0,2.0,,8.0,,15.0,7.0,20.0,1,2.0,43.0,,,1.0,
2015-16,6767935,1,20,Southampton,Away,45956,Victor Wanyama,victor-wanyama,M,False,,,1.0,8.0,27.0,35.0,,1.0,12.0,,,,1.0,,,,3.0,1.0,,,2.0,,,,,3.0,,,90.0,,,,,,,,,,,6.5,,,,4.0,,,,2.0,,14.0,28.0,42.0,0,,50.0,1.0,,,
2015-16,6767935,1,20,Southampton,Away,161717,James Ward-Prowse,james-ward-prowse,M,True,,,,,,,,,,,,,,,,,,,,,,,,,,,,,,,,,,,,,,,,,,,,,,,,,,,,,0,,,,,,
2015-16,6767935,1,20,Southampton,Away,217704,Sadio Mané,sadio-mane,M,False,,,1.0,18.0,12.0,30.0,3.0,2.0,11.0,,,1.0,1.0,,,2.0,9.0,9.0,,1.0,1.0,,,,,5.0,,,90.0,,,,,,,,,,,6.7,,,2.0,,6.0,,,1.0,2.0,24.0,13.0,37.0,3,,70.0,10.0,3.0,4.0,
2015-16,6767935,1,20,Southampton,Away,365802,Harrison Reed,harrison-reed,M,True,,,,,,,,,,,,,,,,,,,,,,,,,,,,,,,,,,,,,,,,,,,,,,,,,,,,,0,,,,,,
2015-16,6767936,1,11,Everton,Home,544,Gareth Barry,gareth-barry,M,False,,,13.0,37.0,19.0,56.0,2.0,1.0,9.0,,,,,,,1.0,3.0,5.0,,,,,,,,1.0,1.0,,90.0,1.0,1.0,,,,,,,,,7.4,,,,3.0,1.0,2.0,,20.0,,56.0,20.0,74.0,1,2.0,94.0,,1.0,1.0,
2015-16,6767936,1,57,Watford,Away,642,Ben Watson,ben-watson,M,True,,,1.0,3.0,4.0,7.0,,,,,,,,,,,,,,,,,,,,,1.0,,11.0,,,,,,,,,,,6.6,,,,,,,,1.0,,4.0,4.0,8.0,0,,8.0,,,,
2015-16,6767936,1,11,Everton,Home,1161,Leon Osman,leon-osman,M,True,,,,,,,,,,,,,,,,,,,,,,,,,,,,,,,,,,,,,,,,,,,,,,,,,,,,,0,,,,,,
2015-16,6767936,1,11,Everton,Home,3593,Kevin Mirallas,kevin-mirallas,M,False,2.0,,,21.0,5.0,24.0,3.0,1.0,1.0,,,1.0,,,,6.0,9.0,5.0,,,,,,,,,1.0,,77.0,,,,,,,,,,,6.2,,,,,,10.0,,1.0,1.0,35.0,5.0,30.0,1,3.0,53.0,1.0,1.0,,
2015-16,6767936,1,57,Watford,Away,11654,Valon Behrami,valon-behrami,M,False,,,,7.0,12.0,19.0,1.0,,6.0,,,,1.0,,,,5.0,6.0,1.0,,2.0,,,,,3.0,,,79.0,,2.0,,,,,,,,,6.6,,,,1.0,1.0,,,,,8.0,12.0,20.0,0,6.0,36.0,,,,
2015-16,6767936,1,57,Watford,Away,13990,José Jurado,jose-jurado,M,False,1.0,,1.0,13.0,4.0,16.0,,,3.0,,,,2.0,,,2.0,7.0,4.0,,,3.0,,,,,,2.0,,74.0,,,,,,,,,,,6.8,,,1.0,,,2.0,,5.0,,25.0,5.0,28.0,1,4.0,41.0,2.0,,,
2015-16,6767936,1,57,Watford,Away,16701,Étienne Capoue,etienne-capoue,M,False,,,2.0,14.0,9.0,23.0,,,8.0,,,,1.0,,,,3.0,5.0,,,1.0,,,,,5.0,1.0,,90.0,1.0,,,,,,,,,,7.4,,,,5.0,2.0,,,4.0,,16.0,9.0,25.0,1,3.0,46.0,2.0,1.0,1.0,
2015-16,6767936,1,57,Watford,Away,20364,Ikechi Anya,ikechi-anya,M,False,,,,17.0,9.0,26.0,,1.0,4.0,,,1.0,,,,,,3.0,,,,,,,,3.0,1.0,,90.0,,,,,,,,,,,7.1,,,1.0,2.0,2.0,2.0,,,,25.0,9.0,32.0,2,,43.0,,,2.0,
2015-16,6767936,1,11,Everton,Home,39283,James McCarthy,james-mccarthy,M,False,,,6.0,33.0,26.0,59.0,,,2.0,,,,3.0,,,1.0,5.0,3.0,,,1.0,,,,,,,,90.0,,,,,,,,,,,6.3,,,,1.0,1.0,1.0,,8.0,,48.0,26.0,73.0,0,1.0,84.0,1.0,1.0,1.0,
2015-16,6767936,1,11,Everton,Home,46432,Tom Cleverley,tom-cleverley,M,False,1.0,,2.0,29.0,12.0,40.0,2.0,,3.0,,,,2.0,,,1.0,6.0,1.0,,,,,,,,1.0,3.0,,90.0,,,,,,,,,,,6.4,,,,1.0,1.0,3.0,,5.0,,38.0,13.0,48.0,0,1.0,64.0,,,,
2015-16,6767936,1,57,Watford,Away,47668,Juan Carlos Paredes,juan-carlos-paredes,M,True,,,,3.0,,3.0,,,,,,,,,,,1.0,2.0,,,1.0,,,,,2.0,,,31.0,,,,,,,,,,,6.6,,,,2.0,1.0,,,1.0,,6.0,,6.0,0,,12.0,,1.0,1.0,
2015-16,6767936,1,11,Everton,Home,98435,Ross Barkley,ross-barkley,M,False,1.0,,1.0,24.0,11.0,34.0,3.0,,6.0,1.0,,1.0,,,,1.0,8.0,3.0,,,1.0,,1.0,,,2.0,1.0,,90.0,2.0,,,,,,,,,,7.4,,,1.0,,4.0,2.0,,3.0,,34.0,11.0,43.0,4,,64.0,2.0,2.0,1.0,
2015-16,6767937,1,35,West_Bromwich_Albion,Home,765,Darren Fletcher,darren-fletcher,M,False,,,1.0,28.0,15.0,43.0,2.0,,9.0,,,,,,,1.0,6.0,2.0,,,3.0,,,,,1.0,1.0,,90.0,,1.0,,,,,,,,,6.4,,,,2.0,,1.0,,1.0,,32.0,16.0,47.0,0,2.0,57.0,,,,
2015-16,6767937,1,35,West_Bromwich_Albion,Home,822,James Morrison,james-morrison,M,False,,,3.0,21.0,11.0,32.0,1.0,,5.0,,,,2.0,,,1.0,7.0,5.0,,,1.0,,,,,2.0,,,90.0,1.0,2.0,,,,,,,,,6.7,,,1.0,,5.0,1.0,,4.0,,26.0,13.0,38.0,2,1.0,61.0,2.0,1.0,3.0,
2015-16,6767937,1,43,Manchester_City,Away,3544,Samir Nasri,samir-nasri,M,True,,,1.0,22.0,6.0,28.0,,,,,,1.0,,,,,,,,,,,,,,,,,16.0,,,,,,,,,,,6.8,,,,,,1.0,,1.0,,24.0,6.0,29.0,1,,31.0,,,,
2015-16,6767937,1,35,West_Bromwich_Albion,Home,10540,Chris Brunt,chris-brunt,M,False,1.0,,3.0,11.0,18.0,28.0,,,4.0,,,,,,,1.0,1.0,2.0,,,,,,,,,1.0,,90.0,,1.0,,,,,,,,,6.4,,,1.0,3.0,2.0,6.0,,7.0,,21.0,18.0,33.0,1,,58.0,1.0,,2.0,
2015-16,6767937,1,43,Manchester_City,Away,11781,David Silva,david-silva,M,False,1.0,,5.0,80.0,11.0,90.0,1.0,1.0,1.0,,,2.0,,,,3.0,5.0,8.0,,,1.0,1.0,1.0,,,,4.0,,90.0,1.0,,,,,,,,,,8.9,,,1.0,,2.0,6.0,,5.0,,90.0,11.0,95.0,4,1.0,116.0,,4.0,2.0,
2015-16,6767937,1,43,Manchester_City,Away,13630,Fernandinho,fernandinho,M,False,,,2.0,61.0,29.0,90.0,,1.0,3.0,1.0,,,,,,1.0,5.0,3.0,,,4.0,,,,,1.0,1.0,,90.0,,,,,,,,,,,7.3,,,,3.0,,,,2.0,,64.0,33.0,97.0,0,2.0,107.0,,,,
2015-16,6767937,1,35,West_Bromwich_Albion,Home,14235,Craig Gardner,craig-gardner,M,False,1.0,,,11.0,7.0,17.0,1.0,,7.0,,,,,,,,4.0,5.0,,,3.0,,,,,1.0,1.0,,90.0,,,,,,,,,,,6.6,,,2.0,1.0,,7.0,,2.0,,22.0,9.0,24.0,2,2.0,44.0,1.0,3.0,,
2015-16,6767937,1,43,Manchester_City,Away,14468,Yaya Touré,yaya-toure,M,False,,,2.0,66.0,17.0,83.0,1.0,,6.0,,,1.0,1.0,,,2.0,5.0,1.0,,,1.0,1.0,1.0,,,,2.0,,80.0,1.0,,,,,,,,,,7.8,,,,,1.0,,,2.0,,69.0,17.0,86.0,2,,92.0,,,1.0,
2015-16,6767937,1,35,West_Bromwich_Albion,Home,16657,Stéphane Sessègnon,stephane-sessegnon,M,True,,,,,,,,,,,,,,,,,,,,,,,,,,,,,,,,,,,,,,,,,,,,,,,,,,,,,0,,,,,,
2015-16,6767937,1,35,West_Bromwich_Albion,Home,41631,James McClean,james-mcclean,M,False,,,,4.0,5.0,9.0,,,2.0,,,,,,,2.0,2.0,3.0,,,,,,,,,,,45.0,,,,,,,,,,,6.4,,,,1.0,,1.0,,1.0,,5.0,6.0,10.0,0,2.0,20.0,1.0,1.0,,
2015-16,6767937,1,35,West_Bromwich_Albion,Home,53783,Callum McManaman,callum-mcmanaman,M,True,1.0,,,1.0,,,,1.0,,,,,,,,,,1.0,,,,,,,,,1.0,,10.0,,,,,,,,,,,6.7,,,,,,1.0,,,,2.0,,1.0,0,,2.0,,,,
2015-16,6767937,1,35,West_Bromwich_Albion,Home,151037,Claudio Yacob,claudio-yacob,M,True,,,,7.0,7.0,14.0,,,5.0,,,,2.0,,,,5.0,5.0,,,3.0,,,,,,,,45.0,,1.0,,,,,,,,,6.5,,,,2.0,,1.0,,2.0,,11.0,9.0,19.0,0,4.0,28.0,,1.0,,
2015-16,6767943,2,4,Newcastle_United,Away,10438,Cheik Tiote,cheik-tiote,M,True,,,,,,,,,,,,,,,,,,,,,,,,,,,,,,,,,,,,,,,,,,,,,,,,,,,,,0,,,,,,
2015-16,6767943,2,80,Swansea_City,Home,14231,Nathan Dyer,nathan-dyer,M,True,,,,9.0,1.0,10.0,,,1.0,,,,1.0,,,,5.0,1.0,,,1.0,,,,,,2.0,,18.0,,,,,,,,,,,6.1,,,,,4.0,2.0,,,,11.0,1.0,10.0,0,,17.0,1.0,,1.0,
2015-16,6767943,2,4,Newcastle_United,Away,15007,Vurnon Anita,vurnon-anita,M,False,,,1.0,6.0,29.0,35.0,,,2.0,,,,,,,1.0,1.0,2.0,,,,,,,,4.0,,,90.0,,,,,,,,,,,6.9,,,,4.0,,,,2.0,,9.0,32.0,41.0,0,1.0,59.0,,1.0,,
2015-16,6767943,2,4,Newcastle_United,Away,16511,Gabriel Obertan,gabriel-obertan,M,False,,,1.0,11.0,9.0,20.0,2.0,,7.0,,,,1.0,,,,5.0,1.0,,,1.0,,,,,1.0,,,82.0,2.0,,,,,,,,,,6.6,,,,,2.0,1.0,,1.0,,15.0,9.0,23.0,2,,30.0,,,1.0,
2015-16,6767943,2,80,Swansea_City,Home,20538,Leon Britton,leon-britton,M,True,,,,5.0,2.0,7.0,,,1.0,,,,1.0,,,,1.0,,,,,,,,,,,,4.0,,,,,,,,,,,,,,,,,,,,,5.0,2.0,7.0,0,,7.0,,,,
2015-16,6767943,2,80,Swansea_City,Home,20993,Jack Cork,jack-cork,M,False,,,2.0,40.0,24.0,64.0,,,6.0,,,2.0,,,,,1.0,,,,1.0,,,,,5.0,3.0,,90.0,,,,,,,,,,,7.4,,,,,,,,4.0,,43.0,25.0,68.0,2,,80.0,1.0,,,
2015-16,6767943,2,4,Newcastle_United,Away,22126,Georginio Wijnaldum,georginio-wijnaldum,M,False,,,,6.0,12.0,18.0,,,4.0,,,,,,,2.0,2.0,2.0,,,,,,,,,,,90.0,,,,,,,,,,,6.3,,,1.0,,,2.0,,2.0,,12.0,13.0,23.0,1,1.0,35.0,3.0,1.0,,
2015-16,6767943,2,4,Newcastle_United,Away,27014,Moussa Sissoko,moussa-sissoko,M,False,1.0,,1.0,7.0,8.0,14.0,1.0,,4.0,,,,,,,1.0,6.0,1.0,,,,,,,,1.0,1.0,,45.0,,,,,,,,,,,6.3,,,1.0,1.0,4.0,1.0,,2.0,,11.0,8.0,18.0,1,1.0,31.0,1.0,,,
2015-16,6767943,2,80,Swansea_City,Home,30243,Neil Taylor,neil-taylor,M,False,,,4.0,30.0,18.0,48.0,1.0,1.0,9.0,,,,,,,,2.0,5.0,,,1.0,,,,,4.0,,,90.0,,,,,,,,,,,7.7,,,,2.0,,2.0,,4.0,,35.0,19.0,52.0,0,4.0,76.0,,,,
2015-16,6767943,2,80,Swansea_City,Home,36465,Jonjo Shelvey,jonjo-shelvey,M,False,1.0,,4.0,44.0,30.0,73.0,,,6.0,1.0,,2.0,,,,,1.0,3.0,,,1.0,1.0,,,,1.0,3.0,,90.0,2.0,,,,,,,,,,8.5,,,1.0,2.0,1.0,6.0,,7.0,,59.0,30.0,83.0,5,2.0,104.0,2.0,,1.0,
2015-16,6767943,2,4,Newcastle_United,Away,40686,Jack Colback,jack-colback,M,False,1.0,,1.0,15.0,18.0,32.0,1.0,,5.0,,,,1.0,,,1.0,4.0,4.0,,,1.0,,,,,2.0,,,90.0,,1.0,,,,,,,,,6.6,,,,,,4.0,,3.0,,21.0,18.0,35.0,0,2.0,48.0,1.0,2.0,,
2015-16,6767943,2,80,Swansea_City,Home,43192,Gylfi Sigurðsson,gylfi-sigursson,M,False,,,1.0,26.0,9.0,35.0,,,2.0,,,2.0,,,,,1.0,6.0,,,,,,,1.0,,1.0,,86.0,1.0,,,,,,,,,,8.0,,,2.0,,1.0,,,1.0,,33.0,9.0,42.0,5,4.0,59.0,1.0,2.0,,
2015-16,6767943,2,80,Swansea_City,Home,54686,Jefferson Montero,jefferson-montero,M,False,2.0,,,17.0,3.0,18.0,1.0,,6.0,1.0,,,2.0,,,,13.0,7.0,,,1.0,1.0,,,1.0,1.0,4.0,,77.0,,,,,,,,,,,6.7,,,1.0,,10.0,5.0,,1.0,,23.0,4.0,22.0,1,2.0,50.0,1.0,4.0,1.0,
2015-16,6767944,2,8,Chelsea,Away,518,Cesc Fàbregas,cesc-fabregas,M,False,1.0,,8.0,51.0,18.0,68.0,2.0,1.0,8.0,,,,3.0,,,,11.0,12.0,,,4.0,,,,,5.0,2.0,,90.0,,1.0,,,,,,,,,7.9,,,1.0,,4.0,4.0,,9.0,,63.0,20.0,79.0,1,7.0,106.0,,2.0,2.0,
2015-16,6767944,2,43,Manchester_City,Home,3544,Samir Nasri,samir-nasri,M,True,,,,14.0,5.0,19.0,,,1.0,,,,,,,,,,,,,,,,,,1.0,,25.0,,,,,,,,,,,6.8,,,1.0,,,1.0,,,,17.0,5.0,21.0,1,,23.0,,,,
2015-16,6767944,2,8,Chelsea,Away,7311,John Obi Mikel,john-obi-mikel,M,True,,,,,,,,,,,,,,,,,,,,,,,,,,,,,,,,,,,,,,,,,,,,,,,,,,,,,0,,,,,,
2015-16,6767944,2,43,Manchester_City,Home,11781,David Silva,david-silva,M,False,1.0,,2.0,31.0,10.0,40.0,1.0,,11.0,1.0,,,6.0,,,5.0,18.0,7.0,,,5.0,2.0,,,,,3.0,,90.0,,,,,,,,,,,7.1,,,,,4.0,5.0,,3.0,,42.0,12.0,49.0,0,2.0,71.0,1.0,2.0,3.0,
2015-16,6767944,2,43,Manchester_City,Home,13630,Fernandinho,fernandinho,M,False,1.0,,2.0,19.0,13.0,31.0,2.0,2.0,6.0,,,,,,,,5.0,9.0,,,4.0,,1.0,,,1.0,1.0,,90.0,1.0,,,,,,,,,,8.0,,,,1.0,,1.0,,4.0,,25.0,16.0,40.0,1,6.0,52.0,,1.0,,
2015-16,6767944,2,43,Manchester_City,Home,14468,Yaya Touré,yaya-toure,M,False,,,1.0,30.0,21.0,51.0,1.0,2.0,4.0,,,2.0,2.0,,,6.0,10.0,9.0,,,1.0,1.0,,,,,3.0,,90.0,2.0,,,,,,,,,,7.3,,,,3.0,3.0,1.0,,1.0,,36.0,24.0,59.0,4,2.0,82.0,,2.0,3.0,
2015-16,6767944,2,8,Chelsea,Away,31417,Willian,willian,M,False,,,1.0,31.0,10.0,41.0,,,3.0,,,1.0,2.0,,,1.0,5.0,2.0,,,,,,,,,,,79.0,,,,,,,,,,,6.0,,,,1.0,2.0,3.0,,3.0,,43.0,11.0,51.0,1,,62.0,,2.0,,
2015-16,6767944,2,8,Chelsea,Away,33110,Ramires,ramires,M,False,,,1.0,8.0,3.0,11.0,2.0,,2.0,,,,1.0,,,2.0,6.0,3.0,,,1.0,,,,,2.0,,,64.0,,,,,,,,,,,6.6,,,,1.0,1.0,1.0,,1.0,1.0,16.0,4.0,19.0,0,2.0,33.0,1.0,,1.0,
2015-16,6767944,2,8,Chelsea,Away,44241,Nemanja Matić,nemanja-matic,M,False,,,1.0,30.0,14.0,44.0,3.0,3.0,8.0,,,,2.0,,,,7.0,11.0,,,1.0,,,,,1.0,,,90.0,,,,,,,,,,,7.1,,,1.0,3.0,6.0,,,2.0,,34.0,19.0,53.0,1,2.0,70.0,,1.0,5.0,
2015-16,6767944,2,8,Chelsea,Away,47743,Juan Cuadrado,juan-cuadrado,M,True,,,1.0,6.0,3.0,9.0,1.0,,4.0,,,,,,,,2.0,3.0,,,,,,,,1.0,,,26.0,1.0,,,,,,,,,,6.7,,,,1.0,2.0,1.0,,1.0,,7.0,3.0,9.0,1,,19.0,,2.0,1.0,
2015-16,6767944,2,8,Chelsea,Away,284441,Ruben Loftus-Cheek,ruben-loftus-cheek,M,True,,,,,,,,,,,,,,,,,,,,,,,,,,,,,,,,,,,,,,,,,,,,,,,,,,,,,0,,,,,,
2015-16,6767945,2,3,Arsenal,Away,1152,Mikel Arteta,mikel-arteta,M,True,,,,3.0,1.0,4.0,,1.0,1.0,,,,,,,,1.0,6.0,,,1.0,,,,,,,,15.0,,,,,,,,,,,7.2,,,,1.0,,,,,,4.0,1.0,5.0,0,4.0,11.0,,1.0,,
2015-16,6767945,2,31,Crystal_Palace,Home,3574,Yohan Cabaye,yohan-cabaye,M,False,1.0,,4.0,21.0,24.0,44.0,,,11.0,,,2.0,3.0,,,1.0,7.0,6.0,,,3.0,,,,,7.0,,,90.0,1.0,1.0,,,,,,,,,7.4,,,,1.0,,5.0,,4.0,,27.0,24.0,46.0,3,4.0,75.0,2.0,2.0,,
2015-16,6767945,2,3,Arsenal,Away,10501,Theo Walcott,theo-walcott,M,True,,,,,,,,,,,,,,,,,,,,,,,,,,,,,,,,,,,,,,,,,,,,,,,,,,,,,0,,,,,,
2015-16,6767945,2,3,Arsenal,Away,10577,Alex Oxlade-Chamberlain,alex-oxlade-chamberlain,M,True,,,,4.0,3.0,7.0,1.0,,4.0,,,1.0,1.0,,,1.0,4.0,2.0,,,1.0,,,,,1.0,,,26.0,1.0,,,,,,,,,,6.7,,,,,1.0,1.0,,,,5.0,3.0,7.0,2,,19.0,1.0,1.0,1.0,
2015-16,6767945,2,3,Arsenal,Away,16176,Mesut Özil,mesut-ozil,M,False,3.0,,,49.0,8.0,54.0,,,2.0,1.0,,,,,,,3.0,2.0,,,2.0,1.0,,,,1.0,5.0,,83.0,,,,,,,,,,,7.7,,,1.0,2.0,1.0,10.0,,,1.0,57.0,8.0,55.0,1,1.0,76.0,1.0,1.0,,
2015-16,6767945,2,3,Arsenal,Away,17651,Santi Cazorla,santi-cazorla,M,False,,,7.0,50.0,25.0,75.0,,,11.0,,,,1.0,,,2.0,3.0,1.0,,,,,,,,3.0,4.0,,90.0,1.0,,,,,,,,,,7.4,,,1.0,1.0,,1.0,,8.0,,57.0,26.0,82.0,2,1.0,97.0,1.0,,,
2015-16,6767945,2,31,Crystal_Palace,Home,19593,Jason Puncheon,jason-puncheon,M,False,3.0,,1.0,26.0,15.0,38.0,,,11.0,,,1.0,,,,2.0,4.0,6.0,,,,,,,,3.0,4.0,,90.0,1.0,,,,,,,,,,7.7,,,1.0,,4.0,6.0,,5.0,,38.0,16.0,48.0,3,3.0,73.0,1.0,1.0,2.0,
2015-16,6767945,2,3,Arsenal,Away,23571,Aaron Ramsey,aaron-ramsey,M,False,,,4.0,42.0,18.0,60.0,,1.0,6.0,,,1.0,1.0,,,2.0,6.0,7.0,,,1.0,,,,,,4.0,,90.0,2.0,,,,,,,,,,7.8,,,1.0,1.0,2.0,,,6.0,,60.0,18.0,78.0,4,4.0,102.0,3.0,2.0,,
2015-16,6767945,2,31,Crystal_Palace,Home,38130,Jordon Mutch,jordon-mutch,M,True,,,1.0,9.0,8.0,17.0,2.0,1.0,3.0,,,,1.0,,,4.0,7.0,3.0,,,,,,,,3.0,,,45.0,,,,,,,,,,,6.4,,,1.0,,,,,2.0,,12.0,8.0,20.0,1,1.0,31.0,,1.0,,
2015-16,6767945,2,31,Crystal_Palace,Home,38639,Chung-yong Lee,chung-yong-lee,M,True,,,,2.0,4.0,6.0,1.0,,,,,,,,,,3.0,2.0,,,,,,,,,,,14.0,,,,,,,,,,,6.4,,,,,2.0,,,1.0,,3.0,4.0,7.0,0,1.0,12.0,,1.0,,
2015-16,6767945,2,31,Crystal_Palace,Home,39282,James McArthur,james-mcarthur,M,False,,,,21.0,14.0,35.0,,,5.0,,,,,1.0,,1.0,2.0,2.0,,,1.0,1.0,,,,2.0,1.0,,80.0,,1.0,,,,,,,,,7.1,,,,,,,,,,23.0,15.0,38.0,0,1.0,45.0,,1.0,,
2015-16,6767945,2,3,Arsenal,Away,40672,Francis Coquelin,francis-coquelin,M,False,,,5.0,29.0,22.0,51.0,,1.0,11.0,,,,,,,1.0,5.0,11.0,,1.0,4.0,,,,,1.0,,,64.0,,2.0,,,,,,,,,7.5,,,,2.0,2.0,,,6.0,,31.0,24.0,55.0,0,6.0,75.0,,2.0,2.0,
2015-16,6767945,2,31,Crystal_Palace,Home,84686,Pape Souaré,pape-souare,M,False,1.0,,1.0,14.0,14.0,27.0,,1.0,8.0,,,,,,,1.0,4.0,4.0,,,2.0,,,,,2.0,,,90.0,,1.0,,,,,,,,,6.6,,,,8.0,2.0,5.0,,5.0,,24.0,20.0,39.0,0,1.0,69.0,1.0,1.0,1.0,
2015-16,6767945,2,31,Crystal_Palace,Home,111850,Wilfried Zaha,wilfried-zaha,M,False,1.0,,,9.0,6.0,14.0,,,4.0,1.0,,,,,,3.0,11.0,5.0,,1.0,2.0,,,,,,1.0,,76.0,,,,,,,,,,,5.6,,,,,8.0,7.0,,1.0,,17.0,9.0,19.0,0,1.0,44.0,1.0,2.0,2.0,
2015-16,6767946,2,14,Liverpool,Home,791,James Milner,james-milner,M,False,,,2.0,30.0,16.0,46.0,2.0,1.0,11.0,,,,1.0,,,4.0,8.0,5.0,,,1.0,,,,,1.0,1.0,,90.0,,,,,,,,,,,6.8,,,2.0,1.0,,3.0,,2.0,,38.0,16.0,51.0,2,3.0,70.0,1.0,2.0,,
2015-16,6767946,2,91,Bournemouth,Away,11764,Marc Pugh,marc-pugh,M,True,,,,,,,,,,,,,,,,,,,,,,,,,,,,,,,,,,,,,,,,,,,,,,,,,,,,,0,,,,,,
2015-16,6767946,2,91,Bournemouth,Away,14695,Andrew Surman,andrew-surman,M,False,,,6.0,30.0,28.0,58.0,5.0,2.0,7.0,,,,,,,3.0,9.0,6.0,,,2.0,,,,,1.0,1.0,,90.0,,1.0,,,,,,,,,6.8,,,,1.0,,,,10.0,,38.0,30.0,68.0,0,3.0,84.0,2.0,1.0,,
2015-16,6767946,2,91,Bournemouth,Away,16590,Max Gradel,max-gradel,M,False,2.0,,,18.0,10.0,26.0,,,5.0,,,,3.0,,,2.0,9.0,6.0,,,1.0,,,,,,3.0,,81.0,,1.0,,,,,,,,,6.4,,,,1.0,4.0,6.0,,,,27.0,12.0,33.0,0,4.0,56.0,1.0,1.0,1.0,
2015-16,6767946,2,14,Liverpool,Home,17054,Adam Lallana,adam-lallana,M,False,,,1.0,20.0,17.0,37.0,1.0,1.0,4.0,,,,5.0,,,2.0,10.0,12.0,,,2.0,,,,,2.0,1.0,,90.0,,,,,,,,,,,7.2,,,1.0,4.0,4.0,2.0,,1.0,,27.0,19.0,44.0,1,5.0,72.0,2.0,2.0,4.0,
2015-16,6767946,2,91,Bournemouth,Away,41628,Eunan O'Kane,eunan-okane,M,False,,,4.0,21.0,15.0,36.0,,1.0,3.0,,,1.0,2.0,,,,4.0,6.0,,,2.0,,,,,3.0,2.0,,87.0,,1.0,,,,,,,,,7.1,,,1.0,2.0,2.0,,,6.0,,27.0,21.0,48.0,2,,61.0,,3.0,2.0,
2015-16,6767946,2,14,Liverpool,Home,42694,Jordan Henderson,jordan-henderson,M,False,1.0,,6.0,21.0,15.0,35.0,1.0,1.0,5.0,1.0,,,,,,1.0,2.0,6.0,,,,1.0,,,1.0,2.0,1.0,,52.0,,,,,,,,,,,8.1,,,1.0,1.0,2.0,3.0,,7.0,,29.0,15.0,41.0,1,2.0,56.0,,2.0,2.0,
2015-16,6767946,2,91,Bournemouth,Away,42699,Matt Ritchie,matt-ritchie,M,False,1.0,,4.0,21.0,8.0,28.0,1.0,,4.0,,,2.0,,,,1.0,4.0,5.0,,1.0,2.0,,,,1.0,,2.0,,90.0,1.0,,,,,,,,,,7.4,,,2.0,2.0,2.0,7.0,,9.0,,35.0,10.0,38.0,5,2.0,62.0,1.0,1.0,2.0,
2015-16,6767946,2,91,Bournemouth,Away,46738,Lee Tomlin,lee-tomlin,M,True,,,,4.0,2.0,6.0,1.0,2.0,1.0,,,1.0,1.0,,,1.0,6.0,4.0,,,1.0,,,,,,,,29.0,1.0,,,,,,,,,,6.7,,,1.0,,3.0,,,,,6.0,2.0,8.0,3,1.0,17.0,1.0,,1.0,
2015-16,6767946,2,14,Liverpool,Home,119159,Philippe Coutinho,philippe-coutinho,M,False,,,3.0,29.0,4.0,33.0,,1.0,3.0,,1.0,5.0,,,,3.0,5.0,3.0,,,2.0,,,,,2.0,,,81.0,,,,,,,,,,,7.3,,,3.0,,,1.0,,4.0,,41.0,5.0,45.0,8,,66.0,1.0,2.0,,
2015-16,6767946,2,14,Liverpool,Home,143697,Roberto Firmino,roberto-firmino,M,True,,,,3.0,1.0,4.0,2.0,,1.0,,,,,,,1.0,4.0,3.0,,,,,,,,,,,20.0,,,,,,,,,,,6.7,,,,,2.0,,,,,5.0,2.0,7.0,0,2.0,13.0,,,1.0,
2015-16,6767946,2,14,Liverpool,Home,185955,Jordon Ibe,jordon-ibe,M,False,,,1.0,10.0,2.0,12.0,,1.0,3.0,,,,,,,2.0,6.0,4.0,,,,,,,,,1.0,,70.0,,,,,,,,,,,6.4,,,2.0,,7.0,1.0,,1.0,,13.0,3.0,15.0,2,,30.0,1.0,,3.0,
2015-16,6767947,2,21,West_Ham_United,Home,1227,Kevin Nolan,kevin-nolan,M,True,,,,,,,,,,,,,,,,,,,,,,,,,,,,,,,,,,,,,,,,,,,,,,,,,,,,,0,,,,,,
2015-16,6767947,2,21,West_Ham_United,Home,9741,Mark Noble,mark-noble,M,False,,,7.0,38.0,21.0,59.0,,,8.0,,,1.0,1.0,,,,3.0,6.0,,,1.0,,,,,1.0,1.0,,90.0,,,,,,,,,,,7.2,,,,,2.0,1.0,,10.0,,44.0,24.0,67.0,1,1.0,81.0,,4.0,1.0,
2015-16,6767947,2,13,Leicester_City,Away,9848,Dean Hammond,dean-hammond,M,True,,,,,,,,,,,,,,,,,,,,,,,,,,,,,,,,,,,,,,,,,,,,,,,,,,,,,0,,,,,,
2015-16,6767947,2,21,West_Ham_United,Home,14216,Dimitri Payet,dimitri-payet,M,False,,,6.0,30.0,7.0,37.0,1.0,,,,,2.0,,,,2.0,6.0,2.0,,,1.0,,1.0,,1.0,,3.0,,90.0,1.0,,,,,,,,,,7.5,,,,,4.0,17.0,,9.0,,57.0,7.0,47.0,3,,76.0,1.0,,2.0,
2015-16,6767947,2,21,West_Ham_United,Home,20095,Matt Jarvis,matt-jarvis,M,True,,,,,,,,,,,,,,,,,,,,,,,,,,,,,,,,,,,,,,,,,,,,,,,,,,,,,0,,,,,,
2015-16,6767947,2,13,Leicester_City,Away,30530,Andy King,andy-king,M,False,,,2.0,9.0,11.0,20.0,1.0,2.0,8.0,,,,1.0,,,,3.0,5.0,,,1.0,,,,,2.0,1.0,,90.0,,1.0,,,,,,,,,6.9,,,,2.0,,,,4.0,,13.0,13.0,26.0,0,2.0,38.0,,1.0,,
2015-16,6767947,2,21,West_Ham_United,Home,45944,Cheikhou Kouyaté,cheikhou-kouyate,M,False,,,1.0,9.0,13.0,22.0,3.0,4.0,4.0,,,,,,,3.0,6.0,7.0,,,,1.0,,,,,1.0,,76.0,,,,,,,,,,,6.6,,,1.0,1.0,,2.0,,1.0,,14.0,15.0,27.0,1,1.0,40.0,,2.0,,
2015-16,6767947,2,21,West_Ham_United,Home,46799,Pedro Obiang,pedro-obiang,M,True,,,5.0,20.0,12.0,32.0,1.0,1.0,3.0,,,,1.0,,,1.0,4.0,7.0,,,1.0,,,,,,,,45.0,,,,,,,,,,,7.2,,,,,3.0,,,5.0,,24.0,14.0,38.0,0,3.0,45.0,,,3.0,
2015-16,6767947,2,13,Leicester_City,Away,47737,Marc Albrighton,marc-albrighton,M,False,2.0,,4.0,14.0,2.0,14.0,1.0,,8.0,,,1.0,,,,,6.0,3.0,,,3.0,1.0,,,,,1.0,,90.0,,,,,,,,,,,7.2,,,1.0,,3.0,3.0,,9.0,,22.0,4.0,23.0,2,2.0,38.0,,,1.0,
2015-16,6767947,2,13,Leicester_City,Away,54330,Danny Drinkwater,danny-drinkwater,M,False,,,3.0,16.0,10.0,26.0,2.0,2.0,8.0,,1.0,,1.0,,,2.0,8.0,5.0,,,3.0,,,,,2.0,,,90.0,,,,,,,,,,,6.5,,,1.0,5.0,,,,4.0,,22.0,10.0,32.0,1,2.0,46.0,1.0,1.0,,
2015-16,6767947,2,13,Leicester_City,Away,148710,Jeffrey Schlupp,jeffrey-schlupp,M,False,2.0,,8.0,11.0,3.0,12.0,,1.0,5.0,,,1.0,,,,,,5.0,,,,,,,,3.0,1.0,,90.0,,1.0,,,,,,,,,7.4,,,,1.0,1.0,3.0,,11.0,,14.0,6.0,17.0,1,2.0,38.0,,1.0,1.0,
2015-16,6767947,2,13,Leicester_City,Away,158213,Riyad Mahrez,riyad-mahrez,M,False,2.0,,1.0,10.0,4.0,12.0,1.0,,5.0,1.0,,,2.0,,,5.0,9.0,10.0,,,,,1.0,,,2.0,2.0,,82.0,2.0,,,,,,,,,,7.9,,,1.0,,5.0,5.0,,2.0,,18.0,4.0,17.0,3,3.0,48.0,,3.0,4.0,
2015-16,6767947,2,21,West_Ham_United,Home,220315,Manuel Lanzini,manuel-lanzini,M,True,,,,7.0,,7.0,,,,,,,,,,,,1.0,,,,,,,,,1.0,,14.0,,,,,,,,,,,6.7,,,,,,1.0,,,,12.0,,11.0,0,1.0,14.0,1.0,,,
2015-16,6767947,2,13,Leicester_City,Away,234148,N'Golo Kanté,n-golo-kante,M,True,,,,3.0,2.0,5.0,,,1.0,,,,1.0,,,,2.0,4.0,,,1.0,,,,,1.0,,,28.0,,,,,,,,,,,6.7,,,,,,2.0,,1.0,,6.0,4.0,8.0,0,3.0,16.0,1.0,1.0,,
2015-16,6767948,2,57,Watford,Home,642,Ben Watson,ben-watson,M,True,,,,,,,,,,,,,,,,,,,,,,,,,,,,,,,,,,,,,,,,,,,,,,,,,,,,,0,,,,,,
2015-16,6767948,2,35,West_Bromwich_Albion,Away,765,Darren Fletcher,darren-fletcher,M,False,,,1.0,10.0,8.0,18.0,1.0,3.0,3.0,,,,2.0,,,,4.0,5.0,,,1.0,,,,,3.0,,,90.0,,,,,,,,,,,6.7,,,,,1.0,1.0,,5.0,,25.0,8.0,32.0,0,1.0,42.0,,,1.0,
2015-16,6767948,2,35,West_Bromwich_Albion,Away,822,James Morrison,james-morrison,M,False,,,4.0,19.0,16.0,35.0,1.0,1.0,9.0,,,,3.0,,,2.0,7.0,6.0,,,1.0,,,,,3.0,1.0,,90.0,,,,,,,,,,,7.2,,,,5.0,,,,7.0,,25.0,18.0,43.0,0,5.0,63.0,,,,
2015-16,6767948,2,57,Watford,Home,4366,Almen Abdi,almen-abdi,M,True,1.0,,,17.0,12.0,28.0,,1.0,3.0,,,,1.0,,,,1.0,3.0,,,,,,,,,1.0,,35.0,1.0,,,,,,,,,,7.0,,,,1.0,,1.0,,1.0,,19.0,12.0,30.0,1,2.0,38.0,1.0,,,
2015-16,6767948,2,35,West_Bromwich_Albion,Away,10540,Chris Brunt,chris-brunt,M,False,1.0,,3.0,17.0,5.0,21.0,1.0,1.0,3.0,,,,,,,,1.0,4.0,,,,,,,,3.0,,,90.0,,,,,,,,,,,7.5,,,1.0,2.0,,2.0,,11.0,,24.0,9.0,31.0,1,3.0,51.0,1.0,,,
2015-16,6767948,2,57,Watford,Home,11654,Valon Behrami,valon-behrami,M,False,,,1.0,23.0,15.0,38.0,4.0,4.0,9.0,,,,3.0,,,1.0,11.0,9.0,,,3.0,,,,,6.0,,,90.0,,,,,,,,,,,6.9,,,,2.0,1.0,,,7.0,,29.0,20.0,49.0,0,4.0,68.0,2.0,1.0,,
2015-16,6767948,2,57,Watford,Home,13990,José Jurado,jose-jurado,M,False,2.0,,4.0,28.0,9.0,35.0,,,4.0,,,,,,,2.0,2.0,5.0,,,,,,,,1.0,3.0,,84.0,,,,,,,,,,,7.5,,,3.0,,3.0,8.0,,6.0,,41.0,10.0,43.0,3,,71.0,3.0,2.0,3.0,
2015-16,6767948,2,35,West_Bromwich_Albion,Away,14235,Craig Gardner,craig-gardner,M,False,2.0,,,7.0,2.0,7.0,,,2.0,,,,2.0,,,1.0,4.0,1.0,,,1.0,,,,,1.0,1.0,,62.0,,,,,,,,,,,6.4,,,,1.0,,5.0,,2.0,,15.0,3.0,13.0,0,,25.0,1.0,1.0,,
2015-16,6767948,2,57,Watford,Home,16701,Étienne Capoue,etienne-capoue,M,False,1.0,,11.0,51.0,22.0,72.0,3.0,3.0,6.0,,,1.0,,,,4.0,10.0,13.0,,,3.0,,,,,2.0,2.0,,90.0,,,,,,,,,,,7.8,,,,1.0,6.0,1.0,,16.0,,59.0,25.0,83.0,1,3.0,107.0,1.0,2.0,5.0,
2015-16,6767948,2,57,Watford,Home,20364,Ikechi Anya,ikechi-anya,M,False,2.0,,2.0,34.0,16.0,48.0,1.0,1.0,8.0,,,,,,,,1.0,4.0,,,,,,,,4.0,3.0,,90.0,,,,,,,,,,,7.7,,,,2.0,,4.0,,5.0,,44.0,18.0,58.0,0,2.0,95.0,1.0,1.0,,
2015-16,6767948,2,35,West_Bromwich_Albion,Away,41631,James McClean,james-mcclean,M,True,,,,2.0,1.0,3.0,1.0,1.0,3.0,,,,,,,,3.0,5.0,,,1.0,,,,,,,,21.0,,,,,,,,,,,6.6,,,,,1.0,2.0,,1.0,,4.0,3.0,5.0,0,2.0,14.0,,3.0,,
2015-16,6767948,2,35,West_Bromwich_Albion,Away,53783,Callum McManaman,callum-mcmanaman,M,True,,,,,,,,,,,,,,,,,,1.0,,,,,,,,,,,1.0,,,,,,,,,,,,,,,,,2.0,,,,2.0,,,0,1.0,3.0,,,,
2015-16,6767948,2,35,West_Bromwich_Albion,Away,151037,Claudio Yacob,claudio-yacob,M,False,,,4.0,11.0,13.0,24.0,1.0,3.0,4.0,,,,1.0,,,1.0,4.0,10.0,,,1.0,,,,,3.0,,,90.0,,,,,,,,,,,7.5,,,,4.0,,,,8.0,,17.0,15.0,32.0,0,5.0,51.0,1.0,2.0,,
2015-16,6767949,2,11,Everton,Away,544,Gareth Barry,gareth-barry,M,False,,,2.0,18.0,20.0,38.0,,2.0,8.0,,,,,,,,2.0,4.0,,,1.0,,,,,3.0,,,90.0,,,,,,,,,,,7.1,,,,4.0,1.0,,,4.0,,22.0,22.0,44.0,0,2.0,56.0,,,,
2015-16,6767949,2,20,Southampton,Home,559,Steven Davis,steven-davis,M,False,4.0,,8.0,38.0,15.0,49.0,,,7.0,,,,,,,,1.0,2.0,,,1.0,,,,,1.0,3.0,,79.0,,,,,,,,,,,7.4,,,,2.0,,8.0,,9.0,,46.0,15.0,53.0,0,2.0,67.0,,,,
2015-16,6767949,2,11,Everton,Away,1161,Leon Osman,leon-osman,M,True,,,,,,,,,,,,,,,,,,,,,,,,,,,,,,,,,,,,,,,,,,,,,,,,,,,,,0,,,,,,
2015-16,6767949,2,11,Everton,Away,3593,Kevin Mirallas,kevin-mirallas,M,True,,,,,,,,,,,,,,,,,,,,,,,,,,,,,,,,,,,,,,,,,,,,,,,,,,,,,0,,,,,,
2015-16,6767949,2,11,Everton,Away,39283,James McCarthy,james-mccarthy,M,False,,,3.0,31.0,9.0,40.0,1.0,,5.0,,,,,,,1.0,4.0,3.0,,,3.0,,,,,2.0,1.0,,90.0,,,,,,,,,,,6.8,,,,5.0,,2.0,,6.0,,37.0,9.0,44.0,0,1.0,60.0,1.0,2.0,,
2015-16,6767949,2,20,Southampton,Home,44760,Cédric Soares,cedric-soares,M,False,,,,21.0,7.0,28.0,1.0,1.0,4.0,,,1.0,1.0,,,1.0,7.0,8.0,,,1.0,,,,,2.0,1.0,,90.0,,1.0,,,,,,,,,6.3,,,,1.0,4.0,6.0,,2.0,,33.0,7.0,34.0,1,5.0,71.0,,1.0,1.0,
2015-16,6767949,2,20,Southampton,Home,45956,Victor Wanyama,victor-wanyama,M,False,,,2.0,38.0,18.0,56.0,2.0,3.0,7.0,,,,,,,,3.0,7.0,,,,,,,,,1.0,,90.0,,,,,,,,,,,7.1,,,3.0,,3.0,1.0,,5.0,,44.0,19.0,62.0,3,2.0,79.0,2.0,,2.0,
2015-16,6767949,2,11,Everton,Away,46432,Tom Cleverley,tom-cleverley,M,False,1.0,,4.0,21.0,13.0,33.0,1.0,1.0,7.0,,1.0,1.0,1.0,,,1.0,4.0,4.0,,,1.0,,,,,,1.0,,90.0,,,,,,,,,,,6.7,,,1.0,3.0,,6.0,,7.0,1.0,33.0,16.0,43.0,2,2.0,65.0,2.0,1.0,,
2015-16,6767949,2,20,Southampton,Home,69416,Oriol Romeu,oriol-romeu,M,True,,,3.0,31.0,11.0,42.0,1.0,1.0,2.0,,,,2.0,,,,5.0,1.0,,,2.0,,,,,1.0,2.0,,45.0,,,,,,,,,,,6.6,,,,,,,,4.0,,36.0,11.0,47.0,0,,50.0,,,,
2015-16,6767949,2,11,Everton,Away,98435,Ross Barkley,ross-barkley,M,False,,,3.0,32.0,15.0,47.0,1.0,3.0,3.0,,1.0,1.0,,,,1.0,7.0,8.0,,,2.0,1.0,1.0,,,1.0,2.0,,90.0,2.0,,,,,,,,,,7.9,,,,,5.0,4.0,,5.0,,40.0,17.0,53.0,3,2.0,76.0,,1.0,2.0,
2015-16,6767949,2,11,Everton,Away,124960,Muhamed Bešić,muhamed-besic,M,True,,,,,,,,,,,,,,,,,,,,,,,,,,,,,,,,,,,,,,,,,,,,,,,,,,,,,0,,,,,,
2015-16,6767949,2,20,Southampton,Home,161717,James Ward-Prowse,james-ward-prowse,M,True,,,,5.0,1.0,6.0,,,,,,,,,,,,,,,,,,,,,,,11.0,,,,,,,,,,,6.3,,,,1.0,,2.0,,,,7.0,1.0,6.0,0,,10.0,,,,
2015-16,6767949,2,20,Southampton,Home,217704,Sadio Mané,sadio-mane,M,False,,,,30.0,7.0,37.0,2.0,,4.0,,,,,,,2.0,6.0,4.0,,,,,,,,,2.0,,90.0,2.0,,,,,,,,,,6.6,,,1.0,,3.0,5.0,,1.0,,42.0,7.0,44.0,3,1.0,66.0,3.0,2.0,1.0,
2015-16,6767949,2,20,Southampton,Home,365802,Harrison Reed,harrison-reed,M,True,,,,,,,,,,,,,,,,,,,,,,,,,,,,,,,,,,,,,,,,,,,,,,,,,,,,,0,,,,,,
2015-16,6767951,2,1,Manchester_United,Away,326,Bastian Schweinsteiger,bastian-schweinsteiger,M,True,,,4.0,23.0,9.0,32.0,,,3.0,,,,,,,1.0,1.0,4.0,,,,,,,,1.0,,,30.0,,,,,,,,,,,7.1,,,,,,,,4.0,,25.0,10.0,35.0,0,2.0,42.0,1.0,2.0,,
2015-16,6767951,2,7,Aston_Villa,Home,764,Kieran Richardson,kieran-richardson,M,True,,,,,,,,,,,,,,,,,,,,,,,,,,,,,,,,,,,,,,,,,,,,,,,,,,,,,0,,,,,,
2015-16,6767951,2,1,Manchester_United,Away,938,Michael Carrick,michael-carrick,M,False,,,4.0,11.0,22.0,33.0,,,6.0,,,,1.0,,,,2.0,3.0,,,1.0,,,,,,,,60.0,,,,,,,,,,,6.9,,,,,,,,6.0,,13.0,23.0,36.0,0,2.0,40.0,,1.0,,
2015-16,6767951,2,7,Aston_Villa,Home,24055,Scott Sinclair,scott-sinclair,M,False,,,2.0,8.0,4.0,12.0,,,4.0,,,,,,,,3.0,3.0,,,,,,,,,,,59.0,,,,,,,,,,,6.7,,,,,5.0,1.0,,2.0,1.0,10.0,4.0,13.0,0,1.0,21.0,1.0,,2.0,
2015-16,6767951,2,1,Manchester_United,Away,27009,Morgan Schneiderlin,morgan-schneiderlin,M,False,,,4.0,25.0,26.0,51.0,,1.0,3.0,,,,2.0,,,,5.0,7.0,,,1.0,,,,,5.0,,,90.0,,,,,,,,,,,7.3,,,1.0,2.0,2.0,,,6.0,,29.0,30.0,59.0,1,5.0,78.0,,1.0,,
2015-16,6767951,2,1,Manchester_United,Away,28367,Juan Mata,juan-mata,M,False,,,4.0,32.0,15.0,47.0,,,10.0,1.0,,,3.0,,,2.0,6.0,4.0,,1.0,,1.0,,,,2.0,3.0,,90.0,,,,,,,,,,,7.4,,,,1.0,1.0,3.0,,6.0,,37.0,16.0,50.0,0,4.0,66.0,1.0,,,
2015-16,6767951,2,7,Aston_Villa,Home,49647,Ashley Westwood,ashley-westwood,M,False,3.0,,7.0,24.0,24.0,45.0,,,7.0,,,,,,,,1.0,2.0,,,1.0,,,,,,3.0,,90.0,,2.0,,,,,,,,,7.4,,,,,,6.0,,9.0,,36.0,26.0,56.0,0,2.0,70.0,2.0,,,
2015-16,6767951,2,7,Aston_Villa,Home,74545,Leandro Bacuna,leandro-bacuna,M,False,,,4.0,10.0,20.0,30.0,,,5.0,,,,,,,2.0,3.0,5.0,,,,,,,,4.0,,,90.0,,,,,,,,,,,7.0,,,,4.0,3.0,1.0,,9.0,1.0,16.0,23.0,38.0,0,2.0,68.0,,1.0,2.0,
2015-16,6767951,2,1,Manchester_United,Away,82474,Ander Herrera,ander-herrera,M,True,,,,18.0,6.0,24.0,,,5.0,,,,,,,4.0,5.0,2.0,,,1.0,,,,,,1.0,,30.0,,,,,,,,,,,6.2,,,,,,,,,,20.0,7.0,27.0,0,,34.0,1.0,2.0,,
2015-16,6767951,2,7,Aston_Villa,Home,106337,Idrissa Gana Gueye,idrissa-gana-gueye,M,False,,,1.0,21.0,25.0,46.0,,,7.0,,,1.0,1.0,,,,5.0,9.0,,,4.0,,,,,4.0,,,90.0,,,,,,,,,,,7.5,,,,,,1.0,,2.0,,29.0,27.0,55.0,1,7.0,75.0,3.0,2.0,,
2015-16,6767951,2,7,Aston_Villa,Home,151124,Jordan Veretout,jordan-veretout,M,False,,,1.0,10.0,14.0,24.0,,,4.0,,,,3.0,,,,5.0,2.0,,,,,,,,1.0,,,78.0,,,,,,,,,,,6.1,,,,,2.0,1.0,,2.0,,16.0,14.0,29.0,0,1.0,40.0,3.0,1.0,,
2015-16,6767951,2,1,Manchester_United,Away,328145,Adnan Januzaj,adnan-januzaj,M,False,,,3.0,9.0,4.0,13.0,2.0,,5.0,,,,1.0,,,3.0,9.0,3.0,,,1.0,,1.0,,,,1.0,,60.0,1.0,,,,,,,,,,6.8,,,,,4.0,,,3.0,,12.0,4.0,16.0,1,,29.0,3.0,1.0,2.0,
2015-16,6767952,2,45,Norwich_City,Away,512,Alexander Tettey,alexander-tettey,M,False,,,4.0,17.0,30.0,47.0,1.0,1.0,10.0,,,,1.0,,,,3.0,5.0,,,1.0,,,,,,,,90.0,,1.0,,,,,,,,,6.9,,,,2.0,1.0,,,7.0,,26.0,33.0,59.0,0,2.0,68.0,,1.0,1.0,
2015-16,6767952,2,56,Sunderland,Home,524,Sebastian Larsson,sebastian-larsson,M,False,,,1.0,5.0,2.0,7.0,1.0,1.0,2.0,,,1.0,2.0,,,1.0,4.0,2.0,,,,,,,,1.0,,,45.0,,,,,,,,,,,6.2,,,,,,3.0,,3.0,,13.0,6.0,16.0,1,,27.0,1.0,1.0,,
2015-16,6767952,2,45,Norwich_City,Away,9148,Graham Dorrans,graham-dorrans,M,False,,,4.0,31.0,9.0,40.0,1.0,,4.0,,,,1.0,,,2.0,7.0,3.0,,,2.0,,,,,,,,90.0,,,,,,,,,,,6.5,,,1.0,2.0,4.0,1.0,,4.0,,37.0,10.0,46.0,1,,64.0,3.0,,3.0,
2015-16,6767952,2,56,Sunderland,Home,14210,Lee Cattermole,lee-cattermole,M,False,,,5.0,11.0,30.0,41.0,1.0,,2.0,,,,4.0,,,1.0,6.0,2.0,,1.0,,,,,,3.0,,,90.0,,3.0,,,,,,,,,6.0,,,,1.0,1.0,,,8.0,,20.0,32.0,52.0,0,1.0,64.0,,,1.0,
2015-16,6767952,2,45,Norwich_City,Away,14336,Wesley Hoolahan,wesley-hoolahan,M,False,,,,24.0,10.0,34.0,,,6.0,,,,,,,3.0,5.0,1.0,,,,2.0,,,,2.0,3.0,,62.0,,,,,,,,,,,7.2,,,,,2.0,2.0,,1.0,,30.0,11.0,39.0,0,,54.0,2.0,1.0,,
2015-16,6767952,2,45,Norwich_City,Away,20292,Bradley Johnson,bradley-johnson,M,True,,,2.0,10.0,6.0,16.0,,2.0,1.0,,,4.0,,,,2.0,3.0,3.0,,,,,,,,,,,28.0,,,,,,,,,,,6.8,,,,1.0,1.0,,,2.0,,16.0,7.0,23.0,4,,36.0,,1.0,,
2015-16,6767952,2,45,Norwich_City,Away,29691,Gary O'Neil,gary-oneil,M,True,,,,8.0,4.0,12.0,,,1.0,,,,,,,,,,,,,,,,,,,,7.0,,,,,,,,,,,,,,,,,,,,,8.0,5.0,13.0,0,,13.0,,,,
2015-16,6767952,2,56,Sunderland,Home,32045,Yann M'Vila,yann-mvila,M,False,,,5.0,21.0,24.0,45.0,1.0,,12.0,,,,1.0,,,2.0,4.0,8.0,,,,,,,,3.0,,,90.0,,,,,,,,,,,7.3,,,,,,,,5.0,,22.0,25.0,47.0,0,6.0,63.0,,2.0,,
2015-16,6767952,2,56,Sunderland,Home,33852,Liam Bridcutt,liam-bridcutt,M,True,,,,,,,,,,,,,,,,,,,,,,,,,,,,,,,,,,,,,,,,,,,,,,,,,,,,,0,,,,,,
2015-16,6767952,2,45,Norwich_City,Away,115346,Nathan Redmond,nathan-redmond,M,False,,,,34.0,7.0,41.0,1.0,1.0,6.0,,,2.0,,,,1.0,6.0,7.0,,,,,1.0,,,,3.0,,83.0,1.0,,,,,,,,,,7.6,,,,,8.0,2.0,,,,41.0,9.0,48.0,3,1.0,72.0,6.0,1.0,4.0,
2015-16,6767952,2,56,Sunderland,Home,240256,Duncan Watmore,duncan-watmore,M,True,,,,2.0,,2.0,,,1.0,,,,,,,,2.0,1.0,,,,,1.0,,,,,,20.0,1.0,,,,,,,,,,7.1,,,,,3.0,2.0,,,,6.0,,4.0,1,,11.0,,,1.0,
2015-16,6767952,2,45,Norwich_City,Away,267621,Robbie Brady,robbie-brady,M,False,3.0,,4.0,31.0,6.0,34.0,1.0,,3.0,,,1.0,1.0,,,3.0,6.0,6.0,,,,,,,,2.0,3.0,,90.0,1.0,,,,,,,,,,7.2,,,1.0,1.0,4.0,9.0,,11.0,,49.0,10.0,50.0,3,3.0,94.0,2.0,,3.0,
2015-16,6767954,2,110,Stoke_City,Away,2525,Ibrahim Afellay,ibrahim-afellay,M,False,1.0,,6.0,24.0,22.0,45.0,,,4.0,,,1.0,,,,2.0,5.0,1.0,,,2.0,,,,,1.0,1.0,,90.0,,,,,,,,,,,6.6,,,,1.0,1.0,2.0,,7.0,1.0,28.0,23.0,49.0,1,,63.0,2.0,1.0,,
2015-16,6767954,2,110,Stoke_City,Away,9360,Charlie Adam,charlie-adam,M,True,,,,,,,,,,,,,,,,,,1.0,,,,,,,,,,,1.0,,,,,,,,,,,,,,,,,,,,,,,,0,1.0,1.0,,,,
2015-16,6767954,2,110,Stoke_City,Away,9682,Stephen Ireland,stephen-ireland,M,True,2.0,,1.0,17.0,5.0,20.0,1.0,1.0,1.0,2.0,1.0,,,,,,1.0,3.0,,,,1.0,,,,,3.0,,31.0,,,,,,,,,,,7.6,,,1.0,,,4.0,,1.0,,19.0,6.0,21.0,1,2.0,30.0,,,,
2015-16,6767954,2,6,Tottenham_Hotspur,Home,9865,Mousa Dembélé,mousa-dembele,M,False,,,2.0,29.0,27.0,56.0,,1.0,4.0,,,1.0,1.0,,,1.0,3.0,10.0,,,,,,,,3.0,,,90.0,1.0,,,,,,,,,,7.6,,,,,4.0,,,2.0,,36.0,27.0,63.0,2,5.0,81.0,1.0,1.0,3.0,
2015-16,6767954,2,110,Stoke_City,Away,10468,Steve Sidwell,steve-sidwell,M,True,,,,,,,,,,,,,,,,,,,,,,,,,,,,,,,,,,,,,,,,,,,,,,,,,,,,,0,,,,,,
2015-16,6767954,2,110,Stoke_City,Away,10535,Glenn Whelan,glenn-whelan,M,False,,,4.0,20.0,28.0,48.0,1.0,1.0,6.0,,,,3.0,,,1.0,6.0,6.0,,1.0,1.0,,,,,1.0,1.0,,90.0,,,,,,,,,,,6.4,,,,1.0,,,,5.0,,24.0,29.0,53.0,0,4.0,62.0,1.0,1.0,,
2015-16,6767954,2,6,Tottenham_Hotspur,Home,32492,Nacer Chadli,nacer-chadli,M,False,1.0,,1.0,17.0,12.0,28.0,1.0,1.0,4.0,1.0,1.0,,1.0,,,1.0,7.0,2.0,,,4.0,,1.0,,,,2.0,,90.0,1.0,,,,,,,,,,6.9,,,,2.0,1.0,1.0,,1.0,2.0,21.0,12.0,32.0,1,,43.0,3.0,,1.0,
2015-16,6767954,2,6,Tottenham_Hotspur,Home,44567,Ryan Mason,ryan-mason,M,False,,,3.0,13.0,27.0,40.0,,1.0,3.0,,1.0,1.0,2.0,,,1.0,4.0,4.0,,,,,,,,2.0,1.0,,69.0,1.0,2.0,,,,,,,,,6.9,,,1.0,1.0,2.0,,,7.0,,19.0,29.0,48.0,3,2.0,64.0,2.0,,1.0,
2015-16,6767954,2,6,Tottenham_Hotspur,Home,105734,Christian Eriksen,christian-eriksen,M,False,1.0,,3.0,30.0,7.0,36.0,1.0,,8.0,1.0,,,,,,1.0,2.0,3.0,,,,1.0,,,,1.0,2.0,,90.0,2.0,,,,,,,,,,7.8,,,1.0,,2.0,6.0,,6.0,,43.0,7.0,44.0,3,1.0,64.0,,,2.0,
2015-16,6767954,2,6,Tottenham_Hotspur,Home,122702,Erik Lamela,erik-lamela,M,True,,,,4.0,2.0,6.0,1.0,,4.0,,,1.0,2.0,,,2.0,9.0,2.0,,,3.0,,,,,,,,26.0,,,,,,,,,,,5.8,,,,,1.0,2.0,,,,7.0,3.0,8.0,1,2.0,18.0,,,,
2015-16,6767954,2,6,Tottenham_Hotspur,Home,198028,Dele Alli,dele-alli,M,True,,,,,,,,,,,,,,,,,,,,,,,,,,,,,,,,,,,,,,,,,,,,,,,,,,,,,0,,,,,,
2015-16,6767954,2,6,Tottenham_Hotspur,Home,368120,Nabil Bentaleb,nabil-bentaleb,M,True,,,1.0,4.0,5.0,9.0,,2.0,1.0,,,,,,,,1.0,2.0,,,,,,,,,,,21.0,,,,,,,,,,,6.3,,,,,1.0,,,1.0,,6.0,5.0,11.0,0,,13.0,,,,
2015-16,6767954,2,6,Tottenham_Hotspur,Home,801460,Tom Carroll,carroll-tom,M,True,,,,,,,,,,,,,,,,,,,,,,,,,,,,,,,,,,,,,,,,,,,,,,,,,,,,,0,,,,,,
2015-16,6767950,3,3,Arsenal,Home,519,Mathieu Flamini,mathieu-flamini,M,True,,,,,,,,,,,,,,,,,,,,,,,,,,,,,,,,,,,,,,,,,,,,,,,,,,,,,0,,,,,,
2015-16,6767950,3,14,Liverpool,Away,791,James Milner,james-milner,M,False,1.0,,1.0,25.0,14.0,38.0,,1.0,11.0,,,1.0,1.0,,,1.0,4.0,3.0,,,2.0,,,,,,2.0,,90.0,2.0,,,,,,,,,,7.3,,,,1.0,,4.0,,4.0,,35.0,16.0,47.0,3,2.0,64.0,,,,
2015-16,6767950,3,3,Arsenal,Home,1152,Mikel Arteta,mikel-arteta,M,True,,,,,,,,,,,,,,,,,,,,,,,,,,,,,,,,,,,,,,,,,,,,,,,,,,,,,0,,,,,,
2015-16,6767950,3,3,Arsenal,Home,10501,Theo Walcott,theo-walcott,M,True,,,,1.0,,1.0,1.0,,,,,,,,,1.0,2.0,,,,,,,,,,1.0,,17.0,,,,,,,,,,,6.4,,,,,,,,,,1.0,,1.0,0,,4.0,1.0,,,
2015-16,6767950,3,3,Arsenal,Home,10577,Alex Oxlade-Chamberlain,alex-oxlade-chamberlain,M,True,,,,1.0,1.0,2.0,1.0,,1.0,,,,,,,1.0,3.0,2.0,,,,,,,,1.0,,,8.0,1.0,,,,,,,,,,6.9,,,1.0,,3.0,1.0,,1.0,,3.0,1.0,3.0,2,,12.0,,,2.0,
2015-16,6767950,3,3,Arsenal,Home,16176,Mesut Özil,mesut-ozil,M,False,4.0,,1.0,69.0,10.0,75.0,2.0,,3.0,,,,2.0,,,1.0,7.0,7.0,,,,,,,,1.0,3.0,,90.0,,,,,,,,,,,7.5,,,1.0,,5.0,9.0,,2.0,,89.0,10.0,90.0,1,2.0,120.0,3.0,2.0,3.0,
2015-16,6767950,3,3,Arsenal,Home,17651,Santi Cazorla,santi-cazorla,M,False,,,,61.0,26.0,87.0,2.0,,14.0,,,,3.0,,,1.0,6.0,2.0,,1.0,,,,,,4.0,3.0,,90.0,,,,,,,,,,,7.0,,,2.0,,,4.0,,3.0,,70.0,30.0,96.0,2,2.0,118.0,2.0,,,
2015-16,6767950,3,3,Arsenal,Home,23571,Aaron Ramsey,aaron-ramsey,M,False,,,1.0,42.0,14.0,56.0,1.0,,8.0,1.0,,1.0,1.0,,,3.0,6.0,9.0,,,,,,,,1.0,1.0,,90.0,2.0,1.0,,,,,,,,,7.7,,,,,3.0,1.0,,2.0,2.0,52.0,16.0,67.0,3,4.0,95.0,1.0,3.0,2.0,
2015-16,6767950,3,14,Liverpool,Away,27234,Lucas Leiva,lucas-leiva,M,False,,,1.0,10.0,8.0,18.0,3.0,2.0,2.0,,,,1.0,,,,5.0,8.0,,,1.0,,,,,4.0,1.0,,76.0,,1.0,,,,,,,,,7.5,,,,1.0,,,,1.0,,15.0,12.0,27.0,0,6.0,42.0,,,,
2015-16,6767950,3,3,Arsenal,Home,40672,Francis Coquelin,francis-coquelin,M,False,,,5.0,45.0,24.0,69.0,3.0,2.0,15.0,,,,1.0,,,1.0,5.0,9.0,,,,,,,,5.0,,,82.0,,,,,,,,,,,8.0,,,1.0,1.0,1.0,,,6.0,,50.0,26.0,76.0,1,5.0,95.0,,1.0,1.0,
2015-16,6767950,3,14,Liverpool,Away,119159,Philippe Coutinho,philippe-coutinho,M,False,,,1.0,17.0,4.0,21.0,1.0,,12.0,,,,2.0,,,5.0,10.0,4.0,,,,,,,2.0,1.0,1.0,,88.0,3.0,,,,,,,,,,7.4,,,1.0,1.0,5.0,3.0,,1.0,,29.0,6.0,32.0,4,1.0,58.0,1.0,,3.0,
2015-16,6767950,3,14,Liverpool,Away,143697,Roberto Firmino,roberto-firmino,M,False,1.0,,,19.0,4.0,22.0,1.0,2.0,6.0,1.0,,,2.0,,,3.0,8.0,9.0,,,1.0,,,,,1.0,3.0,,63.0,1.0,1.0,,,,,,,,,7.7,,,1.0,,5.0,1.0,,,,27.0,4.0,30.0,2,3.0,53.0,2.0,,4.0,
2015-16,6767950,3,14,Liverpool,Away,185955,Jordon Ibe,jordon-ibe,M,True,,,,2.0,,2.0,1.0,,2.0,,,,,,,2.0,7.0,,,,1.0,,,,,,,,27.0,,,,,,,,,,,5.8,,,,,3.0,,,,,2.0,1.0,3.0,0,,11.0,1.0,,,
2015-16,6767950,3,14,Liverpool,Away,361328,Jordan Rossiter,jordan-rossiter,M,True,,,,4.0,,4.0,,,,,,,2.0,,,,2.0,1.0,,,,,,,,1.0,,,14.0,,,,,,,,,,,6.6,,,,1.0,,,,,,5.0,,5.0,0,1.0,9.0,,,,
2015-16,6767956,3,20,Southampton,Away,559,Steven Davis,steven-davis,M,False,3.0,,1.0,22.0,13.0,32.0,2.0,,5.0,,,,,,,,4.0,1.0,,,2.0,,,,,1.0,3.0,,72.0,,,,,,,,,,,7.2,,,,,1.0,3.0,,5.0,1.0,29.0,15.0,41.0,0,,48.0,1.0,,1.0,
2015-16,6767956,3,57,Watford,Home,642,Ben Watson,ben-watson,M,True,,,,3.0,2.0,5.0,1.0,,1.0,,,,,,,,2.0,,,,1.0,,,,,,,,4.0,,,,,,,,,,,,,,1.0,,,,,,,4.0,2.0,6.0,1,,7.0,,,,
2015-16,6767956,3,57,Watford,Home,4366,Almen Abdi,almen-abdi,M,True,,,,,,,,,,,,,,,,,,,,,,,,,,,,,,,,,,,,,,,,,,,,,,,,,,,,,0,,,,,,
2015-16,6767956,3,57,Watford,Home,11654,Valon Behrami,valon-behrami,M,False,,,1.0,10.0,22.0,32.0,,1.0,3.0,,,,,,,,4.0,6.0,,,4.0,,,,,2.0,,,86.0,,,,,,,,,,,7.1,,,,,,,,3.0,,14.0,24.0,38.0,0,3.0,49.0,,2.0,,
2015-16,6767956,3,57,Watford,Home,13990,José Jurado,jose-jurado,M,False,2.0,,2.0,34.0,13.0,45.0,3.0,,5.0,,,,1.0,,,2.0,6.0,6.0,,,,,,,,1.0,3.0,,90.0,,,,,,,,,,,7.1,,,,,4.0,7.0,,4.0,1.0,45.0,15.0,53.0,0,,76.0,2.0,2.0,4.0,
2015-16,6767956,3,57,Watford,Home,16701,Étienne Capoue,etienne-capoue,M,False,,,5.0,30.0,15.0,45.0,1.0,2.0,13.0,,1.0,1.0,1.0,,,2.0,9.0,9.0,,,2.0,,,,,2.0,1.0,,90.0,,,,,,,,,,,6.8,,,1.0,,6.0,,,9.0,1.0,37.0,18.0,55.0,2,2.0,74.0,3.0,2.0,3.0,
2015-16,6767956,3,57,Watford,Home,20364,Ikechi Anya,ikechi-anya,M,False,,,,27.0,9.0,36.0,,,4.0,1.0,,,,,,,,,,,,,,,,2.0,1.0,,90.0,,,,,,,,,,,6.5,,,,,,9.0,,4.0,,43.0,11.0,45.0,0,,69.0,1.0,,,
2015-16,6767956,3,57,Watford,Home,27803,Alessandro Diamanti,alessandro-diamanti,M,True,2.0,,4.0,22.0,3.0,23.0,1.0,,3.0,,,,1.0,,,,3.0,5.0,,,,,,,,1.0,2.0,,45.0,,,,,,,,,,,7.1,,,1.0,,1.0,7.0,,6.0,,32.0,4.0,29.0,1,3.0,46.0,2.0,2.0,,
2015-16,6767956,3,20,Southampton,Away,44760,Cédric Soares,cedric-soares,M,False,1.0,,2.0,17.0,4.0,20.0,3.0,1.0,8.0,,,,,,,1.0,5.0,6.0,,,1.0,,,,,6.0,3.0,,90.0,,,,,,,,,,,7.5,,,2.0,4.0,1.0,6.0,,10.0,,28.0,12.0,34.0,2,2.0,67.0,2.0,2.0,1.0,
2015-16,6767956,3,20,Southampton,Away,45956,Victor Wanyama,victor-wanyama,M,False,,,4.0,29.0,15.0,44.0,4.0,3.0,16.0,,,,2.0,,,1.0,10.0,8.0,,1.0,1.0,,,,,3.0,,,90.0,1.0,,,,,,,,,,6.7,,,1.0,3.0,2.0,,,7.0,,35.0,18.0,53.0,2,3.0,71.0,1.0,2.0,,
2015-16,6767956,3,20,Southampton,Away,69416,Oriol Romeu,oriol-romeu,M,False,,,2.0,20.0,15.0,35.0,1.0,3.0,9.0,,,,2.0,,,,6.0,8.0,,,2.0,,,,,3.0,,,90.0,,1.0,,,,,,,,,7.0,,,,2.0,1.0,,,4.0,,25.0,17.0,42.0,0,4.0,57.0,,1.0,,
2015-16,6767956,3,20,Southampton,Away,161717,James Ward-Prowse,james-ward-prowse,M,True,1.0,,,5.0,1.0,5.0,,,,,,,,,,,,,,,,,,,,,1.0,,18.0,,,,,,,,,,,6.7,,,,1.0,,1.0,,,,5.0,2.0,6.0,0,,11.0,3.0,,,
2015-16,6767956,3,20,Southampton,Away,217704,Sadio Mané,sadio-mane,M,False,,,,6.0,1.0,7.0,,,,,,,1.0,,,,2.0,2.0,,,1.0,,,,,,,,25.0,,,,,,,,,,,6.6,,,,,1.0,1.0,,,,9.0,1.0,9.0,0,,13.0,1.0,1.0,1.0,
2015-16,6767957,3,21,West_Ham_United,Home,1227,Kevin Nolan,kevin-nolan,M,False,,,,6.0,2.0,8.0,1.0,,2.0,,,,1.0,,,1.0,3.0,,,,,,,,,,,,45.0,,,,,,,,,,,6.4,,,,,,,,,,6.0,2.0,8.0,0,,10.0,,,,
2015-16,6767957,3,21,West_Ham_United,Home,9741,Mark Noble,mark-noble,M,False,,,6.0,26.0,12.0,38.0,,1.0,5.0,,,,1.0,,,,3.0,7.0,,,1.0,,1.0,,,4.0,1.0,,90.0,1.0,,,,,,,1.0,,,8.0,,,1.0,,2.0,,,9.0,,32.0,13.0,45.0,2,4.0,61.0,1.0,1.0,1.0,
2015-16,6767957,3,91,Bournemouth,Away,11764,Marc Pugh,marc-pugh,M,True,,,1.0,7.0,10.0,17.0,2.0,2.0,2.0,,,,,,,1.0,4.0,4.0,,,,,1.0,,,1.0,,,39.0,2.0,,,,,,,,,,7.1,,,,,2.0,1.0,,1.0,,12.0,11.0,22.0,2,1.0,33.0,,,1.0,
2015-16,6767957,3,21,West_Ham_United,Home,14216,Dimitri Payet,dimitri-payet,M,False,2.0,,1.0,23.0,6.0,27.0,,,4.0,,,1.0,,,,1.0,2.0,1.0,,,,,,,,,1.0,,90.0,,,,,,,,,,,6.7,,,,,1.0,8.0,,4.0,,41.0,6.0,39.0,1,1.0,59.0,2.0,,,
2015-16,6767957,3,91,Bournemouth,Away,14695,Andrew Surman,andrew-surman,M,False,,,4.0,29.0,27.0,56.0,2.0,1.0,6.0,,,,,,,,2.0,4.0,,,,,,,,1.0,1.0,,90.0,,,,,,,,,,,7.1,,,1.0,,2.0,,,5.0,,34.0,29.0,63.0,1,1.0,71.0,1.0,,2.0,
2015-16,6767957,3,91,Bournemouth,Away,16590,Max Gradel,max-gradel,M,False,,,,17.0,11.0,28.0,,1.0,7.0,,1.0,1.0,2.0,,,3.0,7.0,8.0,,,,1.0,,,,,2.0,,85.0,1.0,,,,,,,1.0,,,7.0,,,1.0,,4.0,,,,,25.0,11.0,36.0,3,3.0,54.0,1.0,2.0,2.0,
2015-16,6767957,3,21,West_Ham_United,Home,20095,Matt Jarvis,matt-jarvis,M,True,,,,4.0,5.0,9.0,2.0,,2.0,,,,,,,1.0,4.0,2.0,,,,,,,,,,,45.0,,,,,,,,,,,6.2,,,,,1.0,1.0,,,,6.0,6.0,11.0,0,2.0,16.0,,,,
2015-16,6767957,3,91,Bournemouth,Away,41628,Eunan O'Kane,eunan-okane,M,False,,,2.0,16.0,14.0,30.0,1.0,,3.0,,,,1.0,,,1.0,5.0,1.0,,,2.0,,,,,,,,90.0,,,,,,,,,,,6.2,,,,2.0,,,,5.0,,25.0,17.0,42.0,0,,47.0,1.0,1.0,,
2015-16,6767957,3,91,Bournemouth,Away,42699,Matt Ritchie,matt-ritchie,M,False,1.0,,3.0,21.0,8.0,28.0,5.0,1.0,5.0,,,1.0,1.0,,,1.0,9.0,2.0,,,2.0,,,,,1.0,1.0,,89.0,,1.0,,,,,,,,,6.5,,,1.0,2.0,,4.0,,8.0,,35.0,12.0,43.0,2,1.0,64.0,3.0,,,
2015-16,6767957,3,21,West_Ham_United,Home,45944,Cheikhou Kouyaté,cheikhou-kouyate,M,False,,,2.0,12.0,10.0,22.0,4.0,1.0,5.0,,,1.0,1.0,,,,6.0,7.0,,,1.0,,1.0,,,4.0,,,90.0,1.0,,,,,,,,,,7.5,,,1.0,,1.0,3.0,,6.0,,27.0,15.0,39.0,3,3.0,61.0,1.0,2.0,1.0,
2015-16,6767957,3,21,West_Ham_United,Home,46799,Pedro Obiang,pedro-obiang,M,False,,,3.0,15.0,17.0,32.0,1.0,1.0,7.0,,,1.0,2.0,,,,3.0,4.0,,,,,,,,4.0,,,90.0,,,,,,,,,,,6.8,,,,1.0,,,,8.0,,22.0,21.0,43.0,1,2.0,54.0,,1.0,,
2015-16,6767957,3,21,West_Ham_United,Home,220315,Manuel Lanzini,manuel-lanzini,M,True,,,,,,,,,,,,,,,,,,,,,,,,,,,,,,,,,,,,,,,,,,,,,,,,,,,,,0,,,,,,
2015-16,6767957,3,21,West_Ham_United,Home,792122,Josh Cullen,cullen-josh,M,True,,,,,,,,,,,,,,,,,,,,,,,,,,,,,,,,,,,,,,,,,,,,,,,,,,,,,0,,,,,,
2015-16,6767958,3,13,Leicester_City,Home,4252,Gökhan Inler,gokhan-inler,M,True,,,,4.0,2.0,6.0,,,2.0,,,,,,,,,1.0,,,,,,,,1.0,,,10.0,,,,,,,,,,,6.7,,,1.0,,,,,,,4.0,3.0,7.0,1,,11.0,,1.0,,
2015-16,6767958,3,6,Tottenham_Hotspur,Away,9865,Mousa Dembélé,mousa-dembele,M,False,,,,26.0,11.0,37.0,1.0,1.0,6.0,,,,2.0,,,2.0,10.0,8.0,,,3.0,,,,,,1.0,,77.0,2.0,,,,,,,,,,6.8,,,,,6.0,,,1.0,,28.0,12.0,40.0,2,2.0,55.0,1.0,1.0,4.0,
2015-16,6767958,3,13,Leicester_City,Home,30530,Andy King,andy-king,M,False,,,3.0,16.0,10.0,26.0,2.0,1.0,5.0,,,1.0,3.0,,,1.0,7.0,5.0,,,1.0,,,,,3.0,1.0,,90.0,,,,,,,,,,,6.8,,,,1.0,2.0,1.0,,4.0,,20.0,12.0,31.0,1,2.0,43.0,,,2.0,
2015-16,6767958,3,6,Tottenham_Hotspur,Away,32492,Nacer Chadli,nacer-chadli,M,False,1.0,,4.0,21.0,10.0,30.0,4.0,3.0,6.0,1.0,1.0,1.0,1.0,,,1.0,6.0,3.0,,,,1.0,,,,,1.0,,90.0,,1.0,,,,,,,,,7.3,,,4.0,1.0,,1.0,,5.0,,24.0,10.0,33.0,5,,45.0,1.0,,,
2015-16,6767958,3,6,Tottenham_Hotspur,Away,44567,Ryan Mason,ryan-mason,M,False,,,7.0,36.0,24.0,60.0,,1.0,6.0,,,1.0,3.0,,,1.0,6.0,5.0,,,2.0,,,,,,1.0,,88.0,,,,,,,,,,,6.9,,,1.0,1.0,2.0,,,10.0,,44.0,27.0,71.0,2,1.0,81.0,2.0,1.0,2.0,
2015-16,6767958,3,13,Leicester_City,Home,47737,Marc Albrighton,marc-albrighton,M,False,1.0,,,11.0,3.0,13.0,1.0,,5.0,,,,3.0,,,2.0,7.0,6.0,,,,,,,,2.0,1.0,,78.0,,,,,,,,,,,6.6,,,2.0,,3.0,9.0,,,,24.0,3.0,18.0,2,2.0,44.0,1.0,2.0,2.0,
2015-16,6767958,3,13,Leicester_City,Home,54330,Danny Drinkwater,danny-drinkwater,M,False,,,3.0,20.0,10.0,30.0,2.0,,8.0,,,1.0,2.0,,,,5.0,2.0,,,1.0,,,,,2.0,,,80.0,,,,,,,,,,,6.9,,,1.0,1.0,2.0,,,6.0,,26.0,10.0,36.0,2,,43.0,,,2.0,
2015-16,6767958,3,6,Tottenham_Hotspur,Away,122702,Erik Lamela,erik-lamela,M,False,3.0,,1.0,26.0,6.0,29.0,2.0,,4.0,,,,2.0,,,2.0,9.0,2.0,,,2.0,,,,,,5.0,,65.0,,1.0,,,,,,,,,6.7,,,1.0,,1.0,4.0,,1.0,,30.0,9.0,35.0,1,2.0,48.0,1.0,,,
2015-16,6767958,3,13,Leicester_City,Home,148710,Jeffrey Schlupp,jeffrey-schlupp,M,False,,,4.0,11.0,9.0,20.0,1.0,1.0,6.0,,,,,,,,1.0,8.0,,,,,,,,2.0,,,90.0,,,,,,,,,,,7.2,,,,1.0,1.0,,,10.0,,14.0,13.0,27.0,0,3.0,46.0,,3.0,1.0,
2015-16,6767958,3,13,Leicester_City,Home,158213,Riyad Mahrez,riyad-mahrez,M,False,1.0,,3.0,10.0,1.0,10.0,2.0,2.0,5.0,1.0,,2.0,,,,1.0,5.0,9.0,,,,,1.0,,1.0,4.0,2.0,,89.0,1.0,,,,,,,,,,8.4,,,1.0,1.0,5.0,6.0,,5.0,,20.0,3.0,17.0,4,2.0,46.0,2.0,2.0,3.0,
2015-16,6767958,3,6,Tottenham_Hotspur,Away,198028,Dele Alli,dele-alli,M,True,,,,4.0,2.0,6.0,2.0,,2.0,,,,,,,1.0,4.0,1.0,,,1.0,,1.0,,,,,,25.0,2.0,,,,,,,,,,7.0,,,,,,,,,,6.0,2.0,8.0,2,,12.0,,1.0,,
2015-16,6767958,3,13,Leicester_City,Home,234148,N'Golo Kanté,n-golo-kante,M,True,,,,3.0,2.0,5.0,,,3.0,,,,,,,,,,,,,,,,,1.0,,,12.0,,1.0,,,,,,,,,6.4,,,,,,2.0,,1.0,,6.0,3.0,7.0,0,,12.0,1.0,,,
2015-16,6767958,3,6,Tottenham_Hotspur,Away,361332,Joshua Onomah,joshua-onomah,M,True,,,,,,,,,,,,,,,,,,,,,,,,,,,,,,,,,,,,,,,,,,,,,,,,,,,,,0,,,,,,
2015-16,6767958,3,6,Tottenham_Hotspur,Away,368120,Nabil Bentaleb,nabil-bentaleb,M,True,,,,,,,,,,,,,1.0,,,,1.0,,,,,,,,,,,,2.0,,,,,,,,,,,,,,,,,,,,,,,,0,,,,,,
2015-16,6767958,3,6,Tottenham_Hotspur,Away,801460,Tom Carroll,carroll-tom,M,True,,,,1.0,,1.0,,,,,,,,,,,,,,,,,,,,,,,13.0,,,,,,,,,,,6.3,,,,,,2.0,,,,6.0,1.0,5.0,0,,7.0,,,,
2015-16,6767959,3,56,Sunderland,Home,524,Sebastian Larsson,sebastian-larsson,M,True,,,,,,,,,,,,1.0,,,,,,,,,,,,,,,,,1.0,,,,,,,,,,,,,,,,,,,,,,,,1,,1.0,,,,
2015-16,6767959,3,56,Sunderland,Home,14210,Lee Cattermole,lee-cattermole,M,False,,,3.0,13.0,19.0,32.0,1.0,,9.0,,,,1.0,,,1.0,4.0,3.0,,,1.0,,,,,3.0,,,90.0,,,,,,,,,,,6.8,,,,,,,,4.0,,18.0,21.0,39.0,0,3.0,48.0,,,,
2015-16,6767959,3,80,Swansea_City,Away,14231,Nathan Dyer,nathan-dyer,M,True,,,,,,,,,,,,,,,,,,,,,,,,,,,,,,,,,,,,,,,,,,,,,,,,,,,,,0,,,,,,
2015-16,6767959,3,80,Swansea_City,Away,20538,Leon Britton,leon-britton,M,True,,,,,,,,,,,,,,,,,,,,,,,,,,,,,,,,,,,,,,,,,,,,,,,,,,,,,0,,,,,,
2015-16,6767959,3,80,Swansea_City,Away,20993,Jack Cork,jack-cork,M,False,,,5.0,39.0,30.0,69.0,4.0,5.0,8.0,,,,1.0,,,2.0,7.0,9.0,,,,,,,,6.0,1.0,,90.0,,,,,,,,,,,7.5,,,,7.0,3.0,,,5.0,,44.0,32.0,76.0,0,1.0,99.0,1.0,,3.0,
2015-16,6767959,3,80,Swansea_City,Away,30243,Neil Taylor,neil-taylor,M,False,,,1.0,12.0,11.0,23.0,2.0,,4.0,,,,1.0,,,1.0,5.0,3.0,,,2.0,,,,,,1.0,,90.0,,,,,,,,,,,6.3,,,,1.0,,1.0,,5.0,,19.0,15.0,33.0,0,2.0,50.0,,1.0,,
2015-16,6767959,3,56,Sunderland,Home,32045,Yann M'Vila,yann-mvila,M,False,2.0,,1.0,26.0,15.0,39.0,1.0,1.0,11.0,,,,2.0,,,,3.0,4.0,,,1.0,,,,,1.0,3.0,,90.0,,,,,,,,,,,7.0,,,,1.0,1.0,4.0,,5.0,,36.0,17.0,49.0,0,1.0,62.0,3.0,1.0,1.0,
2015-16,6767959,3,80,Swansea_City,Away,36465,Jonjo Shelvey,jonjo-shelvey,M,False,4.0,,8.0,26.0,32.0,54.0,,2.0,13.0,2.0,,2.0,1.0,,,2.0,3.0,5.0,,,,,,,,3.0,4.0,,90.0,1.0,,,,,,,,,,8.1,,,,2.0,1.0,8.0,,14.0,,42.0,32.0,66.0,3,,89.0,,2.0,1.0,
2015-16,6767959,3,80,Swansea_City,Away,43192,Gylfi Sigurðsson,gylfi-sigursson,M,False,,,,18.0,4.0,22.0,1.0,,1.0,,,1.0,1.0,,,2.0,6.0,,,,1.0,,,,,1.0,4.0,,90.0,2.0,1.0,,,,,,,,,6.6,,,1.0,,1.0,3.0,,1.0,,26.0,4.0,27.0,4,,43.0,3.0,,,
2015-16,6767959,3,80,Swansea_City,Away,54686,Jefferson Montero,jefferson-montero,M,False,2.0,,,25.0,4.0,27.0,2.0,,2.0,,,1.0,1.0,,,1.0,7.0,6.0,,,,,,,,,2.0,,90.0,1.0,,,,,,,,,,6.7,,,,,5.0,4.0,,1.0,1.0,31.0,5.0,32.0,2,,48.0,,4.0,2.0,
2015-16,6767959,3,56,Sunderland,Home,76133,Emanuele Giaccherini,emanuele-giaccherini,M,True,,,,,,,,,,,,,,,,,,,,,,,,,,,,,,,,,,,,,,,,,,,,,,,,,,,,,0,,,,,,
2015-16,6767959,3,56,Sunderland,Home,240256,Duncan Watmore,duncan-watmore,M,True,,,,,,,,,,,,,,,,,1.0,,,,,,,,,,,,4.0,,,,,,,,,,,,,,,,1.0,,,,,,,,0,,1.0,,,,
2015-16,6767960,3,1,Manchester_United,Home,326,Bastian Schweinsteiger,bastian-schweinsteiger,M,False,,,2.0,33.0,14.0,47.0,,1.0,2.0,,,,1.0,,,1.0,4.0,2.0,,,2.0,,,,,4.0,1.0,,59.0,,,,,,,,,,,7.0,,,,3.0,,,,5.0,,44.0,14.0,58.0,0,1.0,69.0,,,,
2015-16,6767960,3,1,Manchester_United,Home,938,Michael Carrick,michael-carrick,M,True,2.0,,2.0,37.0,9.0,44.0,,,2.0,,,1.0,,,,1.0,1.0,,,,,,,,,,,,31.0,,,,,,,,,,,6.9,,,,,,2.0,,3.0,,43.0,10.0,51.0,1,,55.0,,,,
2015-16,6767960,3,4,Newcastle_United,Away,10438,Cheik Tiote,cheik-tiote,M,True,,,,,,,,1.0,2.0,,,,1.0,,,,1.0,2.0,,,,,,,,,,,12.0,,,,,,,,,,,6.5,,,,2.0,,,,,,1.0,,1.0,0,,6.0,,1.0,,
2015-16,6767960,3,4,Newcastle_United,Away,15007,Vurnon Anita,vurnon-anita,M,False,1.0,,2.0,9.0,9.0,17.0,1.0,,7.0,,,,,,,,4.0,1.0,,,3.0,,,,,4.0,1.0,,90.0,,1.0,,,,,,,,,7.0,,,,2.0,,1.0,,3.0,,10.0,12.0,21.0,0,1.0,30.0,,,,
2015-16,6767960,3,4,Newcastle_United,Away,16511,Gabriel Obertan,gabriel-obertan,M,False,1.0,,1.0,10.0,7.0,16.0,1.0,2.0,4.0,,,,1.0,,,1.0,5.0,3.0,,,1.0,,,,,2.0,1.0,,69.0,,,,,,,,,,,6.4,,,,3.0,1.0,4.0,,1.0,2.0,16.0,7.0,19.0,0,1.0,34.0,1.0,,,
2015-16,6767960,3,4,Newcastle_United,Away,22126,Georginio Wijnaldum,georginio-wijnaldum,M,False,1.0,,,11.0,10.0,20.0,,,8.0,,,,,,,,1.0,5.0,,,,,,,,1.0,2.0,,90.0,,,,,,,,,,,7.2,,,,,4.0,3.0,,,,18.0,12.0,27.0,0,1.0,40.0,3.0,1.0,3.0,
2015-16,6767960,3,1,Manchester_United,Home,27009,Morgan Schneiderlin,morgan-schneiderlin,M,False,,,8.0,54.0,28.0,82.0,1.0,1.0,8.0,,,,2.0,,,,5.0,5.0,,,2.0,,,,,2.0,1.0,,90.0,,,,,,,,,,,7.4,,,,1.0,1.0,1.0,,9.0,,59.0,29.0,87.0,0,3.0,98.0,,,1.0,
2015-16,6767960,3,1,Manchester_United,Home,28367,Juan Mata,juan-mata,M,False,1.0,,3.0,62.0,17.0,78.0,,,4.0,,,1.0,2.0,,,1.0,5.0,6.0,,,,,,,,,5.0,,90.0,2.0,,,,,,,,,,8.1,,,2.0,2.0,5.0,6.0,,7.0,,76.0,17.0,87.0,5,3.0,110.0,,,3.0,
2015-16,6767960,3,4,Newcastle_United,Away,30262,Siem de Jong,siem-de-jong,M,True,,,,,,,,,,,,,,,,,,,,,,,,,,,,,,,,,,,,,,,,,,,,,,,,,,,,,0,,,,,,
2015-16,6767960,3,4,Newcastle_United,Away,40686,Jack Colback,jack-colback,M,False,1.0,,1.0,13.0,13.0,25.0,1.0,,4.0,,,,1.0,,,1.0,4.0,5.0,,,,,,,,1.0,,,90.0,,1.0,,,,,,,,,6.8,,,,1.0,1.0,3.0,,1.0,,18.0,14.0,29.0,0,3.0,44.0,1.0,2.0,,
2015-16,6767960,3,1,Manchester_United,Home,82474,Ander Herrera,ander-herrera,M,True,,,,,,,,,,,,,,,,,,,,,,,,,,,,,,,,,,,,,,,,,,,,,,,,,,,,,0,,,,,,
2015-16,6767960,3,1,Manchester_United,Home,328145,Adnan Januzaj,adnan-januzaj,M,False,,,3.0,19.0,1.0,20.0,,,5.0,,,2.0,,,,1.0,2.0,4.0,,,1.0,,,,,,,,67.0,,,,,,,,,,,7.2,,,,,1.0,1.0,,3.0,,21.0,1.0,21.0,2,1.0,33.0,,2.0,1.0,
2015-16,6767961,3,31,Crystal_Palace,Home,3574,Yohan Cabaye,yohan-cabaye,M,False,2.0,,1.0,18.0,11.0,27.0,,,9.0,,,1.0,2.0,,,,4.0,6.0,,,2.0,,,,,3.0,3.0,,82.0,,1.0,,,,,,,,,7.4,,,1.0,,,5.0,,6.0,,29.0,11.0,35.0,2,3.0,55.0,1.0,3.0,,
2015-16,6767961,3,31,Crystal_Palace,Home,19593,Jason Puncheon,jason-puncheon,M,False,1.0,,,33.0,14.0,46.0,1.0,,10.0,,,,1.0,,,2.0,5.0,7.0,,,1.0,1.0,,,,2.0,2.0,,90.0,,,,,,,,,,,7.4,,,3.0,,2.0,6.0,,2.0,,44.0,14.0,52.0,3,2.0,75.0,2.0,3.0,2.0,
2015-16,6767961,3,7,Aston_Villa,Away,24055,Scott Sinclair,scott-sinclair,M,True,,,,,,,,,,,,,,,,,,,,,,,,,,,,,,,,,,,,,,,,,,,,,,,,,,,,,0,,,,,,
2015-16,6767961,3,31,Crystal_Palace,Home,38130,Jordon Mutch,jordon-mutch,M,True,1.0,,1.0,11.0,1.0,11.0,2.0,1.0,3.0,,,1.0,1.0,,,2.0,5.0,2.0,,,,,,,,,1.0,,45.0,,,,,,,,,,,6.3,,,,,,4.0,,3.0,1.0,18.0,1.0,15.0,1,,25.0,1.0,1.0,,
2015-16,6767961,3,31,Crystal_Palace,Home,38639,Chung-yong Lee,chung-yong-lee,M,True,,,,,,,,,,,,,,,,,,,,,,,,,,,,,,,,,,,,,,,,,,,,,,,,,,,,,0,,,,,,
2015-16,6767961,3,31,Crystal_Palace,Home,39282,James McArthur,james-mcarthur,M,False,,,1.0,15.0,22.0,37.0,1.0,2.0,10.0,,,,2.0,,,,4.0,5.0,,,1.0,,,,,2.0,2.0,,90.0,,,,,,,,,,,6.9,,,,,,,,2.0,1.0,18.0,25.0,43.0,0,2.0,51.0,1.0,1.0,,
2015-16,6767961,3,7,Aston_Villa,Away,49647,Ashley Westwood,ashley-westwood,M,False,3.0,,7.0,30.0,24.0,51.0,1.0,1.0,6.0,1.0,,,1.0,,,1.0,4.0,3.0,,1.0,,,,,,1.0,5.0,,90.0,,,,,,,,,,,7.4,,,1.0,1.0,1.0,6.0,,7.0,,34.0,26.0,54.0,1,1.0,68.0,1.0,1.0,,
2015-16,6767961,3,7,Aston_Villa,Away,74545,Leandro Bacuna,leandro-bacuna,M,False,1.0,,7.0,8.0,13.0,20.0,,1.0,5.0,,,,3.0,,,,3.0,5.0,,,,,,,,4.0,,,90.0,,,,,,,,,,,6.7,,,1.0,2.0,,4.0,,12.0,,17.0,16.0,29.0,1,4.0,60.0,2.0,,,
2015-16,6767961,3,31,Crystal_Palace,Home,84686,Pape Souaré,pape-souare,M,False,,,3.0,19.0,20.0,39.0,1.0,,10.0,,,,,,,1.0,3.0,1.0,,,1.0,,,,,,1.0,,90.0,,1.0,1.0,,,,,,,,6.3,,,,4.0,,4.0,,5.0,,30.0,20.0,46.0,0,,70.0,4.0,1.0,,
2015-16,6767961,3,7,Aston_Villa,Away,106337,Idrissa Gana Gueye,idrissa-gana-gueye,M,False,1.0,,2.0,24.0,15.0,38.0,,2.0,6.0,,,,,,,,5.0,9.0,,,4.0,,,,,2.0,1.0,,90.0,,,,,,,,,,,7.3,,,1.0,,2.0,2.0,,3.0,,28.0,16.0,42.0,1,4.0,57.0,1.0,2.0,1.0,
2015-16,6767961,3,31,Crystal_Palace,Home,111850,Wilfried Zaha,wilfried-zaha,M,False,,,,5.0,3.0,8.0,2.0,1.0,1.0,,1.0,1.0,,,,1.0,5.0,2.0,,,1.0,,,,,1.0,1.0,,45.0,,,,,,,,,,,6.1,,,,,1.0,2.0,,,1.0,9.0,3.0,10.0,1,,20.0,3.0,1.0,,
2015-16,6767961,3,7,Aston_Villa,Away,151124,Jordan Veretout,jordan-veretout,M,True,,,,,,,,,,,,,,,,,,,,,,,,,,,,,,,,,,,,,,,,,,,,,,,,,,,,,0,,,,,,
2015-16,6767961,3,7,Aston_Villa,Away,189061,Jack Grealish,jack-grealish,M,False,,,1.0,23.0,5.0,28.0,2.0,,6.0,,,1.0,,,,1.0,7.0,5.0,,,3.0,,,,,,1.0,,90.0,1.0,,,,,,,,,,6.8,,,,,4.0,,,2.0,,26.0,5.0,31.0,2,,42.0,2.0,2.0,3.0,
2015-16,6767962,3,11,Everton,Home,544,Gareth Barry,gareth-barry,M,False,,,5.0,24.0,19.0,43.0,1.0,4.0,3.0,,,,,,,3.0,5.0,7.0,,,1.0,,,,,2.0,1.0,,90.0,,,,,,,,,,,7.0,,,1.0,3.0,,,,5.0,,28.0,20.0,48.0,1,2.0,64.0,1.0,1.0,,
2015-16,6767962,3,11,Everton,Home,1161,Leon Osman,leon-osman,M,True,,,,,,,,,,,,,,,,,,,,,,,,,,,,,,,,,,,,,,,,,,,,,,,,,,,,,0,,,,,,
2015-16,6767962,3,43,Manchester_City,Away,3544,Samir Nasri,samir-nasri,M,True,,,,17.0,,17.0,,,2.0,,,,,,,1.0,1.0,2.0,,,,,1.0,,,,,,14.0,1.0,,,,,,,,,,7.4,,,,,1.0,1.0,,,,19.0,,18.0,1,1.0,23.0,,,1.0,
2015-16,6767962,3,11,Everton,Home,3593,Kevin Mirallas,kevin-mirallas,M,True,,,,,,,,,,,,,,,,,,,,,,,,,,,,,,,,,,,,,,,,,,,,,,,,,,,,,0,,,,,,
2015-16,6767962,3,43,Manchester_City,Away,11781,David Silva,david-silva,M,False,1.0,,2.0,55.0,9.0,63.0,1.0,,5.0,1.0,,1.0,1.0,,,1.0,4.0,4.0,,,,,,,1.0,1.0,3.0,,89.0,1.0,,,,,,,,,,7.6,,,1.0,,1.0,6.0,,5.0,,71.0,9.0,74.0,3,2.0,96.0,2.0,2.0,,
2015-16,6767962,3,43,Manchester_City,Away,13630,Fernandinho,fernandinho,M,False,,,2.0,42.0,17.0,59.0,,2.0,3.0,,,,3.0,,,1.0,6.0,4.0,,,2.0,,,,,2.0,,,90.0,,,,,,,,,,,6.5,,,,2.0,,,,4.0,,48.0,18.0,66.0,0,2.0,75.0,,,,
2015-16,6767962,3,43,Manchester_City,Away,14468,Yaya Touré,yaya-toure,M,False,,,1.0,33.0,18.0,51.0,,1.0,1.0,1.0,,1.0,3.0,,,,3.0,5.0,,,,1.0,,,,2.0,2.0,,90.0,1.0,,,,,,,,,,7.9,,,1.0,2.0,2.0,2.0,,2.0,,40.0,19.0,57.0,3,2.0,73.0,,,2.0,
2015-16,6767962,3,43,Manchester_City,Away,24048,Fabian Delph,fabian-delph,M,True,,,,3.0,1.0,4.0,,,2.0,,,,,,,,,,,,,,,,,,,,1.0,,,,,,,,,,,,,,,,,,,,,3.0,1.0,4.0,0,,4.0,,,,
2015-16,6767962,3,11,Everton,Home,39283,James McCarthy,james-mccarthy,M,False,1.0,,3.0,28.0,19.0,46.0,,,1.0,,,,2.0,,,,3.0,2.0,,,1.0,,,,,,1.0,,90.0,,2.0,,,,,,,,,6.6,,,,,,2.0,,4.0,,31.0,19.0,48.0,0,2.0,60.0,3.0,,,
2015-16,6767962,3,11,Everton,Home,46432,Tom Cleverley,tom-cleverley,M,False,2.0,,2.0,21.0,11.0,30.0,1.0,,3.0,,,,2.0,,,,3.0,5.0,,,,,,,,2.0,3.0,,86.0,,,,,,,,,,,7.1,,,,1.0,1.0,10.0,,3.0,,35.0,12.0,37.0,0,3.0,60.0,,1.0,1.0,
2015-16,6767962,3,11,Everton,Home,98435,Ross Barkley,ross-barkley,M,False,1.0,,3.0,26.0,15.0,40.0,1.0,,9.0,,,1.0,1.0,,,3.0,7.0,8.0,,,,,,,,,1.0,,90.0,1.0,,,,,,,,,,7.1,,,1.0,,8.0,4.0,,6.0,,36.0,16.0,48.0,3,1.0,71.0,,1.0,6.0,
2015-16,6767962,3,11,Everton,Home,124960,Muhamed Bešić,muhamed-besic,M,True,,,,,,,,,,,,,,,,,,,,,,,,,,,,,,,,,,,,,,,,,,,,,,,,,,,,,0,,,,,,
2015-16,6767963,3,45,Norwich_City,Home,512,Alexander Tettey,alexander-tettey,M,False,,,1.0,20.0,9.0,29.0,,1.0,4.0,,,,,,,2.0,4.0,5.0,,,2.0,,,,,4.0,,,90.0,,,,,,,,,,,7.0,,,1.0,2.0,,,,2.0,,26.0,10.0,36.0,1,4.0,50.0,,,,
2015-16,6767963,3,110,Stoke_City,Away,2525,Ibrahim Afellay,ibrahim-afellay,M,False,,,2.0,19.0,10.0,29.0,,,2.0,,,,1.0,,,1.0,2.0,2.0,,,,,,,,,,,57.0,,,,,,,,,,,6.5,,,,,,,,2.0,,19.0,10.0,29.0,0,1.0,33.0,,1.0,,
2015-16,6767963,3,110,Stoke_City,Away,9104,Marc Wilson,marc-wilson,M,True,,,,,,,,,,,,,,,,,,,,,,,,,,,,,,,,,,,,,,,,,,,,,,,,,,,,,0,,,,,,
2015-16,6767963,3,45,Norwich_City,Home,9148,Graham Dorrans,graham-dorrans,M,False,,,5.0,22.0,21.0,43.0,1.0,,5.0,,,1.0,1.0,,,1.0,5.0,2.0,,,2.0,,,,,,2.0,,90.0,2.0,,,,,,,,,,7.2,,,,,,1.0,,6.0,,28.0,22.0,49.0,3,2.0,56.0,,,,
2015-16,6767963,3,110,Stoke_City,Away,9360,Charlie Adam,charlie-adam,M,True,,,2.0,1.0,2.0,3.0,,,1.0,,,,1.0,,,1.0,2.0,1.0,,,,,,,,,,,11.0,,,,,,,,,,,6.3,,,,1.0,,,,2.0,,2.0,2.0,4.0,0,,7.0,,1.0,,
2015-16,6767963,3,110,Stoke_City,Away,9682,Stephen Ireland,stephen-ireland,M,True,,,1.0,10.0,3.0,13.0,2.0,,1.0,,,,,,,,3.0,2.0,,,1.0,,,,,,,,33.0,,,,,,,,,,,7.0,,,1.0,1.0,,1.0,,1.0,,14.0,3.0,16.0,1,2.0,25.0,3.0,,,
2015-16,6767963,3,110,Stoke_City,Away,10535,Glenn Whelan,glenn-whelan,M,False,,,1.0,26.0,25.0,51.0,,1.0,5.0,,,,2.0,,,,2.0,2.0,,,,,,,,3.0,1.0,,90.0,,,,,,,,,,,6.7,,,,1.0,,,,4.0,,33.0,28.0,61.0,0,1.0,68.0,1.0,,,
2015-16,6767963,3,45,Norwich_City,Home,14336,Wesley Hoolahan,wesley-hoolahan,M,False,,,,24.0,7.0,31.0,1.0,,3.0,,1.0,,,,,2.0,4.0,6.0,,,,,,,,,1.0,,77.0,,,,,,,,,,,6.6,,,1.0,,2.0,1.0,,,,31.0,7.0,37.0,1,2.0,53.0,2.0,3.0,1.0,
2015-16,6767963,3,45,Norwich_City,Home,20292,Bradley Johnson,bradley-johnson,M,True,1.0,,,3.0,1.0,3.0,1.0,,1.0,,1.0,,,,,,1.0,1.0,,,,,,,,,1.0,,13.0,,,,,,,,,,,6.6,,,1.0,,,2.0,,1.0,1.0,5.0,1.0,4.0,1,1.0,9.0,,,,
2015-16,6767963,3,45,Norwich_City,Home,29691,Gary O'Neil,gary-oneil,M,True,,,,1.0,,1.0,,,,,,,,,,,,1.0,,,,,,,,,,,4.0,,,,,,,,,,,,,,,,,,,,,1.0,,1.0,0,1.0,2.0,,,,
2015-16,6767963,3,110,Stoke_City,Away,65953,Xherdan Shaqiri,xherdan-shaqiri,M,False,2.0,,1.0,21.0,13.0,32.0,1.0,,4.0,2.0,,,,,,5.0,8.0,6.0,,,1.0,1.0,,,,1.0,2.0,,90.0,,,,,,,,,,,7.2,,,1.0,,1.0,3.0,,1.0,1.0,23.0,13.0,33.0,1,2.0,54.0,2.0,4.0,,
2015-16,6767963,3,45,Norwich_City,Home,115346,Nathan Redmond,nathan-redmond,M,False,,,1.0,25.0,6.0,31.0,1.0,1.0,6.0,1.0,1.0,1.0,,,,2.0,6.0,4.0,,,3.0,1.0,,,,,4.0,,90.0,1.0,,,,,,,,,,7.5,,,2.0,,1.0,1.0,,2.0,,32.0,6.0,37.0,4,2.0,54.0,2.0,,1.0,
2015-16,6767963,3,45,Norwich_City,Home,267621,Robbie Brady,robbie-brady,M,False,4.0,,3.0,24.0,2.0,22.0,,,6.0,2.0,,1.0,1.0,,,,5.0,8.0,,,4.0,,,,,2.0,4.0,,90.0,,,,,,,,,,,8.0,,,2.0,1.0,2.0,15.0,,5.0,,40.0,2.0,27.0,3,6.0,67.0,,1.0,1.0,
2015-16,6767964,3,8,Chelsea,Away,518,Cesc Fàbregas,cesc-fabregas,M,False,,,2.0,44.0,18.0,62.0,,1.0,4.0,,,,3.0,,,1.0,6.0,3.0,,,1.0,,,,,,2.0,,90.0,,1.0,,,,,,,,,6.6,,,,1.0,1.0,1.0,,9.0,,59.0,21.0,79.0,0,2.0,86.0,,,,
2015-16,6767964,3,35,West_Bromwich_Albion,Home,765,Darren Fletcher,darren-fletcher,M,False,,,1.0,25.0,12.0,37.0,1.0,,5.0,,,,,,,1.0,2.0,4.0,,,,,,,,,,,90.0,,,,,,,,,,,6.8,,,,,,,,7.0,,35.0,13.0,48.0,0,4.0,55.0,1.0,,,
2015-16,6767964,3,35,West_Bromwich_Albion,Home,822,James Morrison,james-morrison,M,False,1.0,,,21.0,14.0,34.0,,1.0,10.0,,1.0,,,,,3.0,4.0,3.0,,,1.0,,2.0,,,3.0,2.0,,88.0,3.0,,,,,1.0,,,,,8.0,,,,,1.0,2.0,,,,22.0,14.0,34.0,3,1.0,52.0,1.0,,1.0,
2015-16,6767964,3,8,Chelsea,Away,7311,John Obi Mikel,john-obi-mikel,M,True,,,,1.0,1.0,2.0,,,1.0,,,,,,,,,,,,,,,,,,,,6.0,,,,,,,,,,,,,,,,,,,1.0,,1.0,2.0,3.0,0,,4.0,,,,
2015-16,6767964,3,35,West_Bromwich_Albion,Home,10540,Chris Brunt,chris-brunt,M,False,1.0,,1.0,21.0,16.0,36.0,1.0,1.0,7.0,,,,,,,,2.0,2.0,,,1.0,,,,,1.0,1.0,,90.0,1.0,,,,,,,,,,6.5,,,1.0,4.0,1.0,7.0,,9.0,1.0,35.0,18.0,46.0,2,,71.0,,,1.0,
2015-16,6767964,3,35,West_Bromwich_Albion,Home,14235,Craig Gardner,craig-gardner,M,True,,,,,,,,,,,,,,,,,,1.0,,,,,,,,,,,2.0,,,,,,,,,,,,,,,,,,,,,1.0,,1.0,0,,2.0,,1.0,,
2015-16,6767964,3,8,Chelsea,Away,31417,Willian,willian,M,False,,,,18.0,8.0,26.0,1.0,,1.0,,1.0,,,,,,1.0,1.0,,,,,,,,,1.0,,56.0,1.0,,,,,,,,,,6.7,,,2.0,,,,,,1.0,20.0,9.0,29.0,3,1.0,34.0,1.0,,,
2015-16,6767964,3,35,West_Bromwich_Albion,Home,41631,James McClean,james-mcclean,M,False,1.0,,1.0,8.0,4.0,11.0,,3.0,5.0,,,,,,,,2.0,6.0,,,2.0,,,,,1.0,1.0,,60.0,,1.0,,,,,,,,,6.6,,,,3.0,,4.0,,1.0,,14.0,7.0,17.0,0,2.0,32.0,3.0,1.0,,
2015-16,6767964,3,8,Chelsea,Away,44241,Nemanja Matić,nemanja-matic,M,False,,,1.0,26.0,22.0,48.0,3.0,3.0,13.0,,,,1.0,,,,7.0,5.0,,,3.0,,,,,4.0,1.0,,90.0,1.0,1.0,,1.0,,,,,,,6.4,,,,3.0,1.0,,,3.0,,31.0,22.0,53.0,1,1.0,67.0,,1.0,,
2015-16,6767964,3,35,West_Bromwich_Albion,Home,53783,Callum McManaman,callum-mcmanaman,M,False,1.0,,,16.0,4.0,19.0,,1.0,3.0,,,,,,,1.0,1.0,7.0,,,,1.0,,,,1.0,4.0,,78.0,,,,,,,,1.0,,,7.6,,,1.0,,3.0,4.0,,,,20.0,4.0,20.0,1,,38.0,1.0,3.0,3.0,
2015-16,6767964,3,35,West_Bromwich_Albion,Home,151037,Claudio Yacob,claudio-yacob,M,False,,,3.0,27.0,15.0,42.0,1.0,,7.0,,,,3.0,,,,4.0,4.0,,,1.0,,,,,2.0,2.0,,90.0,,2.0,,,,,,,,,6.9,,,,1.0,,1.0,,4.0,,32.0,18.0,49.0,0,4.0,62.0,,,,
2015-16,6767964,3,35,West_Bromwich_Albion,Home,187433,Serge Gnabry,serge-gnabry,M,True,1.0,,,5.0,2.0,6.0,1.0,,1.0,,,,,,,,3.0,1.0,,,2.0,,,,,,1.0,,12.0,1.0,,,,,,,,,,7.0,,,1.0,,1.0,1.0,,,,5.0,3.0,7.0,2,,15.0,,,1.0,
2015-16,6767964,3,8,Chelsea,Away,284441,Ruben Loftus-Cheek,ruben-loftus-cheek,M,True,,,,,,,,,,,,,,,,,,,,,,,,,,,,,,,,,,,,,,,,,,,,,,,,,,,,,0,,,,,,
2015-16,6768027,4,3,Arsenal,Away,1152,Mikel Arteta,mikel-arteta,M,True,,,1.0,7.0,8.0,15.0,1.0,,2.0,,,,,,,,1.0,1.0,,,,,,,,1.0,,,9.0,,,,,,,,,,,6.9,,,,,,,,1.0,,8.0,8.0,16.0,0,1.0,18.0,,,,
2015-16,6768027,4,4,Newcastle_United,Home,10438,Cheik Tiote,cheik-tiote,M,True,,,,,,,,,,,,,,,,,,,,,,,,,,,,,,,,,,,,,,,,,,,,,,,,,,,,,0,,,,,,
2015-16,6768027,4,3,Arsenal,Away,10501,Theo Walcott,theo-walcott,M,False,,,,8.0,2.0,10.0,1.0,,,,2.0,,,,,1.0,2.0,2.0,,,,,,,,,,,70.0,1.0,,,,,,,,,,6.3,,,2.0,,1.0,1.0,,,,10.0,2.0,11.0,3,,18.0,,1.0,1.0,
2015-16,6768027,4,3,Arsenal,Away,10577,Alex Oxlade-Chamberlain,alex-oxlade-chamberlain,M,False,,,2.0,39.0,8.0,47.0,,,5.0,,,1.0,,,,5.0,7.0,1.0,,,1.0,,,,,1.0,,,81.0,,,,,,,,,,,6.2,,,1.0,2.0,1.0,3.0,,3.0,,47.0,9.0,53.0,2,1.0,78.0,6.0,,,
2015-16,6768027,4,4,Newcastle_United,Home,15007,Vurnon Anita,vurnon-anita,M,False,,,2.0,10.0,10.0,20.0,,,5.0,,,,,,,,3.0,2.0,,,3.0,,,,,2.0,,,72.0,,,,,,,,,,,6.7,,,,3.0,1.0,,,5.0,,12.0,14.0,26.0,0,1.0,33.0,,,1.0,
2015-16,6768027,4,4,Newcastle_United,Home,16511,Gabriel Obertan,gabriel-obertan,M,True,,,,,,,,,,,,,,,,,,,,,,,,,,,,,,,,,,,,,,,,,,,,,,,,,,,,,0,,,,,,
2015-16,6768027,4,3,Arsenal,Away,17651,Santi Cazorla,santi-cazorla,M,False,2.0,,3.0,102.0,18.0,118.0,,,5.0,,,1.0,,,,2.0,4.0,1.0,,,1.0,,,,,3.0,4.0,,90.0,2.0,,,,,,,,,,7.7,,,,,2.0,5.0,,6.0,,113.0,19.0,127.0,3,,148.0,2.0,,1.0,
2015-16,6768027,4,4,Newcastle_United,Home,22126,Georginio Wijnaldum,georginio-wijnaldum,M,False,,,1.0,14.0,13.0,27.0,,,10.0,,,,,,,1.0,1.0,4.0,,,,,,,,1.0,1.0,,90.0,,,,,,,,,,,6.9,,,,,1.0,,,2.0,,17.0,13.0,30.0,0,1.0,40.0,1.0,2.0,1.0,
2015-16,6768027,4,3,Arsenal,Away,23571,Aaron Ramsey,aaron-ramsey,M,False,,,1.0,76.0,13.0,89.0,1.0,,5.0,1.0,,1.0,2.0,,,4.0,8.0,3.0,,,1.0,,,,,,5.0,,90.0,1.0,,,,,,,,,,7.3,,,,,,1.0,,3.0,1.0,87.0,14.0,100.0,2,,113.0,,3.0,,
2015-16,6768027,4,4,Newcastle_United,Home,27014,Moussa Sissoko,moussa-sissoko,M,False,,,,10.0,5.0,15.0,2.0,2.0,8.0,,,,1.0,,,2.0,8.0,6.0,,,1.0,,,,,,,,78.0,,1.0,,,,,,,,,6.2,,,1.0,2.0,2.0,2.0,,,,13.0,9.0,20.0,1,3.0,41.0,3.0,1.0,,
2015-16,6768027,4,4,Newcastle_United,Home,30262,Siem de Jong,siem-de-jong,M,True,,,,,,,,,,,,,,,,,,,,,,,,,,,,,3.0,,,,,,,,,,,,,,,,,,,,,,,,0,,,,,,
2015-16,6768027,4,3,Arsenal,Away,40672,Francis Coquelin,francis-coquelin,M,False,,,2.0,49.0,20.0,69.0,,1.0,11.0,,,,1.0,,,1.0,2.0,10.0,,,,,,,,,,,90.0,,,,,,,,,,,7.6,,,1.0,1.0,1.0,,,2.0,,52.0,21.0,73.0,1,5.0,89.0,1.0,3.0,1.0,
2015-16,6768027,4,4,Newcastle_United,Home,40686,Jack Colback,jack-colback,M,False,,,2.0,13.0,18.0,31.0,,1.0,7.0,,,,1.0,,,1.0,6.0,7.0,,,4.0,,,,,,,,90.0,,,,,,,,,,,6.7,,,,,,1.0,,5.0,,14.0,22.0,35.0,0,4.0,45.0,,2.0,,
2015-16,6768027,4,3,Arsenal,Away,154508,Joel Campbell,joel-campbell,M,True,,,,,,,,,,,,,,,,,,,,,,,,,,,,,,,,,,,,,,,,,,,,,,,,,,,,,0,,,,,,
2015-16,6768028,4,14,Liverpool,Home,791,James Milner,james-milner,M,False,1.0,,4.0,56.0,9.0,64.0,3.0,1.0,7.0,,,1.0,,,,5.0,11.0,3.0,,,4.0,,,,,1.0,3.0,,90.0,,,,,,,,,,,6.3,,,1.0,2.0,,6.0,,12.0,,72.0,11.0,77.0,2,,98.0,,2.0,,
2015-16,6768028,4,21,West_Ham_United,Away,9741,Mark Noble,mark-noble,M,False,,,4.0,14.0,15.0,29.0,,,6.0,,,,1.0,,,,3.0,8.0,,,1.0,,1.0,,,1.0,1.0,,78.0,1.0,,,,,,,,,,7.5,,,1.0,1.0,3.0,1.0,,4.0,,16.0,15.0,30.0,2,1.0,46.0,1.0,5.0,2.0,
2015-16,6768028,4,21,West_Ham_United,Away,14216,Dimitri Payet,dimitri-payet,M,False,2.0,,1.0,21.0,15.0,34.0,,,4.0,,,,,,,,2.0,9.0,,,1.0,,,,,1.0,3.0,,88.0,,,,,,,,,,,7.6,,,,,5.0,8.0,,3.0,,31.0,17.0,40.0,0,1.0,69.0,3.0,4.0,4.0,
2015-16,6768028,4,21,West_Ham_United,Away,20095,Matt Jarvis,matt-jarvis,M,True,,,,3.0,,3.0,,,1.0,,,,,,,,,,,,,,,,,1.0,,,2.0,,,,,,,,,,,,,,,,,,,,,4.0,,4.0,0,,5.0,,,,
2015-16,6768028,4,14,Liverpool,Home,27234,Lucas Leiva,lucas-leiva,M,False,,,3.0,50.0,17.0,67.0,1.0,1.0,4.0,,,,3.0,,,,6.0,5.0,,,2.0,,,,,1.0,1.0,,90.0,,,,,,,,,,,6.5,,,,3.0,,2.0,,4.0,,59.0,20.0,77.0,0,2.0,91.0,,2.0,,
2015-16,6768028,4,21,West_Ham_United,Away,45944,Cheikhou Kouyaté,cheikhou-kouyate,M,False,,,,14.0,12.0,26.0,1.0,2.0,6.0,,,2.0,,,,,6.0,9.0,,,3.0,,,,,,,,90.0,1.0,,,,,,,,,,7.3,,,,,3.0,,,1.0,,19.0,14.0,33.0,3,5.0,49.0,1.0,1.0,1.0,
2015-16,6768028,4,21,West_Ham_United,Away,46799,Pedro Obiang,pedro-obiang,M,False,,,1.0,14.0,12.0,26.0,,3.0,6.0,,,,1.0,,,1.0,4.0,9.0,,,2.0,,,,,6.0,,,90.0,,1.0,,,,,,,,,7.4,,,,1.0,1.0,,,4.0,,19.0,14.0,33.0,0,4.0,50.0,,1.0,1.0,
2015-16,6768028,4,14,Liverpool,Home,119159,Philippe Coutinho,philippe-coutinho,M,False,,,3.0,22.0,5.0,27.0,1.0,,1.0,,,1.0,,,,4.0,6.0,2.0,,,1.0,,,,,,,,52.0,,,,,,,,,,,6.2,,,2.0,,1.0,,,3.0,,25.0,5.0,30.0,3,1.0,44.0,2.0,,1.0,
2015-16,6768028,4,14,Liverpool,Home,143697,Roberto Firmino,roberto-firmino,M,False,,,,19.0,,19.0,1.0,,2.0,,,1.0,1.0,,,3.0,9.0,4.0,,,3.0,,,,1.0,,2.0,,61.0,,,,,,,,,,,6.8,,,1.0,,2.0,1.0,,,,27.0,1.0,27.0,2,1.0,39.0,1.0,2.0,1.0,
2015-16,6768028,4,14,Liverpool,Home,185955,Jordon Ibe,jordon-ibe,M,True,1.0,,,3.0,1.0,3.0,,,,,,,,,,,,,,,,,,,,,1.0,,12.0,,,,,,,,,,,6.6,,,,,,1.0,,,,3.0,1.0,3.0,0,,6.0,1.0,,,
2015-16,6768028,4,21,West_Ham_United,Away,220315,Manuel Lanzini,manuel-lanzini,M,False,,,,15.0,13.0,28.0,,,9.0,,,1.0,,,,1.0,3.0,8.0,,,1.0,,1.0,,,1.0,,,82.0,1.0,,,,,,,,,,7.9,,,1.0,,1.0,1.0,,,,19.0,16.0,34.0,3,8.0,52.0,1.0,,,
2015-16,6768028,4,21,West_Ham_United,Away,303604,Elliott Lee,elliott-lee,M,True,,,,,,,,,,,,,,,,,,,,,,,,,,,,,,,,,,,,,,,,,,,,,,,,,,,,,0,,,,,,
2015-16,6768028,4,14,Liverpool,Home,361328,Jordan Rossiter,jordan-rossiter,M,True,,,,,,,,,,,,,,,,,,,,,,,,,,,,,,,,,,,,,,,,,,,,,,,,,,,,,0,,,,,,
2015-16,6768028,4,21,West_Ham_United,Away,792122,Josh Cullen,cullen-josh,M,True,,,,,,,,,,,,,,,,,,,,,,,,,,,,,1.0,,,,,,,,,,,,,,,1.0,,,,,,,,,0,,1.0,,,,
2015-16,6768029,4,8,Chelsea,Home,518,Cesc Fàbregas,cesc-fabregas,M,False,,,2.0,39.0,31.0,70.0,,,10.0,,,1.0,1.0,,,2.0,4.0,3.0,,,1.0,,,,,,1.0,,90.0,3.0,,,,,,,,,,7.1,,,,,,5.0,,7.0,,62.0,34.0,91.0,4,1.0,109.0,2.0,2.0,,
2015-16,6768029,4,31,Crystal_Palace,Away,3574,Yohan Cabaye,yohan-cabaye,M,False,,,2.0,10.0,19.0,29.0,2.0,1.0,6.0,,1.0,1.0,2.0,,,,7.0,4.0,,,1.0,,,,,2.0,,,82.0,1.0,,,,,,,,,,6.5,,,1.0,1.0,2.0,3.0,,4.0,,16.0,20.0,33.0,3,3.0,48.0,,,,
2015-16,6768029,4,8,Chelsea,Home,7311,John Obi Mikel,john-obi-mikel,M,True,,,,,,,,,,,,,,,,,,,,,,,,,,,,,,,,,,,,,,,,,,,,,,,,,,,,,0,,,,,,
2015-16,6768029,4,31,Crystal_Palace,Away,9921,Joe Ledley,joe-ledley,M,True,,,,1.0,,1.0,,,,,,,,,,,,,,,,,,,,1.0,,,8.0,,,,,,,,,,,6.7,,,,1.0,,,,1.0,,2.0,1.0,3.0,0,,5.0,,,,
2015-16,6768029,4,31,Crystal_Palace,Away,19593,Jason Puncheon,jason-puncheon,M,False,,,3.0,24.0,17.0,41.0,1.0,,9.0,,,,6.0,,,1.0,9.0,8.0,,,1.0,,,,,3.0,1.0,,90.0,,,,,,,,,,,6.7,,,1.0,1.0,1.0,4.0,,4.0,1.0,36.0,19.0,51.0,1,4.0,73.0,1.0,3.0,1.0,
2015-16,6768029,4,8,Chelsea,Home,31417,Willian,willian,M,False,,,9.0,32.0,8.0,40.0,1.0,1.0,4.0,,,1.0,,,,3.0,5.0,6.0,,,1.0,,,,,,2.0,,66.0,,,,,,,,,,,7.4,,,2.0,,2.0,1.0,,10.0,,37.0,8.0,44.0,3,2.0,60.0,4.0,1.0,2.0,
2015-16,6768029,4,31,Crystal_Palace,Away,38130,Jordon Mutch,jordon-mutch,M,True,,,,,,,,,,,,,,,,,,,,,,,,,,,,,,,,,,,,,,,,,,,,,,,,,,,,,0,,,,,,
2015-16,6768029,4,31,Crystal_Palace,Away,38639,Chung-yong Lee,chung-yong-lee,M,True,,,,2.0,1.0,3.0,,,1.0,,,,,,,,,3.0,,,,,,,,,,,6.0,,,,,,,,,,,,,,,1.0,1.0,,,,,3.0,1.0,4.0,0,1.0,12.0,2.0,1.0,1.0,
2015-16,6768029,4,31,Crystal_Palace,Away,39282,James McArthur,james-mcarthur,M,False,,,,15.0,16.0,31.0,2.0,2.0,5.0,,,,2.0,,,1.0,9.0,6.0,,,4.0,,,,,1.0,2.0,,90.0,,,,,,,,,,,6.8,,,,6.0,,,,1.0,,17.0,17.0,34.0,0,4.0,49.0,,,,
2015-16,6768029,4,8,Chelsea,Home,44241,Nemanja Matić,nemanja-matic,M,False,,,5.0,31.0,25.0,56.0,1.0,4.0,7.0,,,,1.0,,,1.0,6.0,9.0,,,3.0,,,,,,2.0,,73.0,1.0,,,,,,,,,,7.4,,,,2.0,2.0,,,5.0,,36.0,26.0,62.0,1,3.0,73.0,,,2.0,
2015-16,6768029,4,31,Crystal_Palace,Away,84686,Pape Souaré,pape-souare,M,False,1.0,,2.0,11.0,9.0,19.0,,2.0,6.0,,,,,,,1.0,2.0,4.0,,,1.0,,,,,,1.0,,90.0,,,,,,,,,,,6.8,,,,6.0,,4.0,,2.0,,16.0,10.0,22.0,0,1.0,56.0,1.0,1.0,,
2015-16,6768029,4,31,Crystal_Palace,Away,111850,Wilfried Zaha,wilfried-zaha,M,False,,,,7.0,6.0,13.0,,,3.0,1.0,,,1.0,,,1.0,3.0,3.0,,,,,,,,,2.0,,55.0,,,,,,,,,,,6.8,,,,,3.0,3.0,,1.0,,13.0,7.0,17.0,0,1.0,27.0,,,2.0,
2015-16,6768029,4,8,Chelsea,Home,284441,Ruben Loftus-Cheek,ruben-loftus-cheek,M,True,,,2.0,9.0,4.0,13.0,1.0,,1.0,,,,,,,,1.0,2.0,,,,,,,,,1.0,,17.0,,,,,,,,,,,6.8,,,,2.0,,,,2.0,,10.0,4.0,14.0,0,1.0,18.0,,1.0,,
2015-16,6768029,4,8,Chelsea,Home,801391,Kenedy,kenedy,M,True,,,,11.0,2.0,13.0,,,4.0,,,,,,,1.0,2.0,4.0,,,,,,,,1.0,2.0,,22.0,1.0,,,,,,,,,,7.2,,,,,4.0,1.0,,3.0,,15.0,2.0,16.0,1,1.0,26.0,,,3.0,
2015-16,6768030,4,11,Everton,Away,544,Gareth Barry,gareth-barry,M,False,,,3.0,28.0,16.0,44.0,1.0,1.0,8.0,,,,1.0,,,1.0,5.0,5.0,,2.0,2.0,,,,,2.0,,,90.0,,1.0,,,,,,,,,6.5,,,,,,,,7.0,1.0,33.0,18.0,51.0,0,3.0,63.0,2.0,1.0,,
2015-16,6768030,4,11,Everton,Away,3593,Kevin Mirallas,kevin-mirallas,M,True,,,1.0,3.0,6.0,9.0,,1.0,2.0,,,,,,,,2.0,4.0,,,1.0,,,,,,,,45.0,1.0,,,,,,,,,,6.9,,,1.0,,2.0,1.0,,1.0,,4.0,9.0,12.0,2,,22.0,1.0,2.0,1.0,
2015-16,6768030,4,6,Tottenham_Hotspur,Home,9865,Mousa Dembélé,mousa-dembele,M,False,,,,15.0,4.0,19.0,,,8.0,,,,,,,1.0,4.0,6.0,,,2.0,,,,,1.0,2.0,,53.0,,,,,,,,,,,7.1,,,,,2.0,,,1.0,,21.0,4.0,25.0,0,4.0,36.0,1.0,1.0,1.0,
2015-16,6768030,4,6,Tottenham_Hotspur,Home,32492,Nacer Chadli,nacer-chadli,M,False,,,1.0,24.0,9.0,33.0,1.0,1.0,6.0,1.0,,1.0,,,,4.0,7.0,1.0,,,2.0,,,,,1.0,5.0,,90.0,,,,,,,,,,,6.9,,,2.0,,,3.0,,2.0,,29.0,10.0,36.0,3,,51.0,3.0,,,
2015-16,6768030,4,11,Everton,Away,39283,James McCarthy,james-mccarthy,M,False,,,8.0,32.0,20.0,52.0,,,3.0,,,,1.0,,,1.0,2.0,4.0,,,,,,,,1.0,,,90.0,,1.0,,,,,,,,,7.1,,,,2.0,,,,13.0,,40.0,21.0,61.0,0,2.0,73.0,1.0,2.0,,
2015-16,6768030,4,6,Tottenham_Hotspur,Home,44567,Ryan Mason,ryan-mason,M,False,1.0,,3.0,19.0,6.0,24.0,1.0,,4.0,1.0,2.0,2.0,1.0,,,,4.0,1.0,,,2.0,,,,,,4.0,,85.0,2.0,,,,,,,,,,7.2,,,,,,5.0,,4.0,,25.0,7.0,27.0,4,1.0,40.0,2.0,,,
2015-16,6768030,4,11,Everton,Away,46432,Tom Cleverley,tom-cleverley,M,False,,,3.0,12.0,8.0,20.0,,,1.0,,,,,,,1.0,1.0,2.0,,,,,,,,,1.0,,45.0,1.0,,,,,,,,,,7.0,,,,,,1.0,,3.0,,14.0,8.0,21.0,1,2.0,28.0,1.0,,,
2015-16,6768030,4,11,Everton,Away,98435,Ross Barkley,ross-barkley,M,False,1.0,,4.0,25.0,7.0,31.0,2.0,,3.0,,,,,,,2.0,5.0,7.0,,,,,,,,,,,90.0,1.0,,,,,,,,,,7.0,,,2.0,1.0,4.0,6.0,,5.0,,34.0,7.0,35.0,3,,59.0,3.0,4.0,3.0,
2015-16,6768030,4,6,Tottenham_Hotspur,Home,122702,Erik Lamela,erik-lamela,M,True,,,,,,,,,,,,,,,,,,,,,,,,,,,,,,,,,,,,,,,,,,,,,,,,,,,,,0,,,,,,
2015-16,6768030,4,11,Everton,Away,124960,Muhamed Bešić,muhamed-besic,M,True,,,,,,,,,,,,,,,,,,,,,,,,,,,,,,,,,,,,,,,,,,,,,,,,,,,,,0,,,,,,
2015-16,6768030,4,6,Tottenham_Hotspur,Home,180009,Alex Pritchard,alex-pritchard,M,True,,,,2.0,1.0,3.0,,,1.0,,,,,,,,1.0,,,,1.0,,,,,,,,5.0,,,,,,,,,,,,,,,,,,,,,2.0,1.0,3.0,0,,4.0,,,,
2015-16,6768030,4,6,Tottenham_Hotspur,Home,198028,Dele Alli,dele-alli,M,True,,,,11.0,2.0,13.0,1.0,2.0,2.0,1.0,,,2.0,,,,4.0,3.0,,,,,,,,1.0,1.0,,37.0,1.0,,,,,,,,,,6.6,,,,,1.0,2.0,,,,18.0,2.0,18.0,1,1.0,32.0,3.0,,,
2015-16,6768030,4,6,Tottenham_Hotspur,Home,368120,Nabil Bentaleb,nabil-bentaleb,M,False,,,1.0,20.0,18.0,38.0,2.0,2.0,4.0,,,,,,,,5.0,5.0,,,3.0,,,,,1.0,2.0,,90.0,1.0,,,,,,,,,,7.3,,,1.0,1.0,1.0,,,5.0,,29.0,19.0,48.0,2,2.0,56.0,,,1.0,
2015-16,6768030,4,6,Tottenham_Hotspur,Home,801460,Tom Carroll,carroll-tom,M,True,,,,,,,,,,,,,,,,,,,,,,,,,,,,,,,,,,,,,,,,,,,,,,,,,,,,,0,,,,,,
2015-16,6768031,4,13,Leicester_City,Away,4252,Gökhan Inler,gokhan-inler,M,True,,,,,,,,,,,,,,,,,,,,,,,,,,,,,,,,,,,,,,,,,,,,,,,,,,,,,0,,,,,,
2015-16,6768031,4,91,Bournemouth,Home,11764,Marc Pugh,marc-pugh,M,True,,,2.0,,8.0,8.0,2.0,2.0,4.0,,,,,,,1.0,5.0,4.0,,,1.0,,,,,,,,23.0,,,,,,,,,,,6.4,,,,2.0,1.0,,,2.0,,3.0,10.0,13.0,0,,22.0,,2.0,,
2015-16,6768031,4,91,Bournemouth,Home,14695,Andrew Surman,andrew-surman,M,False,,,11.0,26.0,32.0,58.0,4.0,2.0,7.0,,,,1.0,,,1.0,6.0,3.0,,,,,,,,4.0,,,90.0,,,,,,,,,,,6.9,,,,,,,,14.0,,33.0,36.0,69.0,0,1.0,78.0,3.0,,,
2015-16,6768031,4,91,Bournemouth,Home,16590,Max Gradel,max-gradel,M,False,,,,12.0,5.0,17.0,,1.0,6.0,,,2.0,,,,2.0,5.0,9.0,,,1.0,,,,,1.0,,,67.0,1.0,,,,,,,,,,6.8,,,,,3.0,6.0,,1.0,,26.0,8.0,28.0,3,2.0,58.0,4.0,5.0,1.0,
2015-16,6768031,4,13,Leicester_City,Away,30530,Andy King,andy-king,M,False,,,5.0,16.0,17.0,33.0,,2.0,7.0,,,,1.0,,,1.0,3.0,3.0,,,2.0,,,,,5.0,,,90.0,,,,,,,,,,,6.7,,,,2.0,,2.0,,6.0,,20.0,18.0,36.0,0,1.0,54.0,1.0,,,
2015-16,6768031,4,91,Bournemouth,Home,41628,Eunan O'Kane,eunan-okane,M,False,,,3.0,18.0,14.0,32.0,,,5.0,,,,1.0,,,4.0,6.0,3.0,,,1.0,,,,,2.0,,,90.0,,,,,,,,,,,6.4,,,,1.0,3.0,,,5.0,,24.0,15.0,39.0,0,,52.0,2.0,,3.0,
2015-16,6768031,4,91,Bournemouth,Home,42699,Matt Ritchie,matt-ritchie,M,False,2.0,,3.0,24.0,13.0,35.0,2.0,1.0,13.0,,,,2.0,,,4.0,9.0,5.0,,,,,,,,1.0,,,90.0,,,,,,,,,,,6.3,,,,1.0,1.0,6.0,,5.0,,34.0,16.0,44.0,0,2.0,65.0,1.0,2.0,,
2015-16,6768031,4,91,Bournemouth,Home,46738,Lee Tomlin,lee-tomlin,M,False,,,,13.0,6.0,19.0,6.0,1.0,4.0,,,,3.0,,,3.0,12.0,8.0,,,,,,,,1.0,2.0,,90.0,,,,,,,,,,,6.9,,,,1.0,2.0,,,,,24.0,9.0,33.0,0,1.0,52.0,3.0,4.0,2.0,
2015-16,6768031,4,13,Leicester_City,Away,47737,Marc Albrighton,marc-albrighton,M,False,,,,6.0,4.0,10.0,1.0,,2.0,,,,,,,2.0,4.0,3.0,,,1.0,,,,,,,,71.0,,,,,,,,,,,6.3,,,,,,5.0,,1.0,,18.0,5.0,18.0,0,3.0,30.0,,,,
2015-16,6768031,4,13,Leicester_City,Away,54330,Danny Drinkwater,danny-drinkwater,M,False,,,1.0,21.0,12.0,33.0,,1.0,7.0,,,,1.0,,,,7.0,10.0,,,5.0,,,,,1.0,1.0,,90.0,,,,,,,,,,,7.0,,,,,3.0,1.0,,4.0,,30.0,13.0,42.0,0,4.0,56.0,2.0,3.0,2.0,
2015-16,6768031,4,13,Leicester_City,Away,148710,Jeffrey Schlupp,jeffrey-schlupp,M,False,,,5.0,10.0,11.0,21.0,2.0,1.0,5.0,,,,,,,,10.0,10.0,,,3.0,,,,,3.0,,,90.0,1.0,,,,,,,,,,6.9,,,1.0,2.0,11.0,3.0,,12.0,,19.0,14.0,30.0,2,3.0,69.0,,,6.0,
2015-16,6768031,4,13,Leicester_City,Away,158213,Riyad Mahrez,riyad-mahrez,M,False,,,,5.0,2.0,7.0,1.0,1.0,2.0,,,,,,,,2.0,3.0,,,1.0,,,,,,,,45.0,,1.0,,,,,,,,,6.5,,,,1.0,,2.0,,1.0,1.0,13.0,2.0,13.0,0,1.0,21.0,,1.0,,
2015-16,6768031,4,13,Leicester_City,Away,234148,N'Golo Kanté,n-golo-kante,M,False,,,2.0,20.0,11.0,31.0,,2.0,10.0,,,,3.0,,,,5.0,13.0,,,1.0,,,,,5.0,1.0,,90.0,,,,,,,,,,,7.9,,,,,2.0,2.0,,4.0,,28.0,14.0,40.0,0,10.0,67.0,2.0,,1.0,
2015-16,6768031,4,13,Leicester_City,Away,809389,Joe Dodoo,joe-dodoo,M,True,,,,2.0,1.0,3.0,2.0,,1.0,,,,,,,1.0,5.0,1.0,,,2.0,,,,,,,,19.0,,,,,,,,,,,6.4,,,,,,,,1.0,,5.0,1.0,6.0,0,,9.0,1.0,1.0,,
2015-16,6768032,4,57,Watford,Away,642,Ben Watson,ben-watson,M,True,,,4.0,8.0,7.0,15.0,,,1.0,,,,,,,,,1.0,,,,,,,,,,,14.0,,,,,,,,,,,6.8,,,,,,,,6.0,,10.0,7.0,17.0,0,1.0,18.0,,,,
2015-16,6768032,4,43,Manchester_City,Home,3544,Samir Nasri,samir-nasri,M,True,,,1.0,25.0,16.0,41.0,,,2.0,,,,,,,,1.0,3.0,,,1.0,,,,,,1.0,,45.0,1.0,,,,,,,,,,7.0,,,,,,2.0,,1.0,,30.0,16.0,44.0,1,2.0,51.0,1.0,1.0,,
2015-16,6768032,4,57,Watford,Away,4366,Almen Abdi,almen-abdi,M,False,,,2.0,15.0,22.0,37.0,1.0,,4.0,,,,1.0,,,3.0,5.0,5.0,,1.0,,,,,,2.0,,,63.0,,,,,,,,,,,6.6,,,,1.0,,,,2.0,,15.0,23.0,38.0,0,4.0,51.0,,1.0,,
2015-16,6768032,4,57,Watford,Away,11654,Valon Behrami,valon-behrami,M,False,,,,16.0,22.0,38.0,,,3.0,,,,3.0,,,,6.0,6.0,,,2.0,,,,,3.0,1.0,,90.0,,1.0,,,,,,,,,6.7,,,,1.0,1.0,,,,,18.0,24.0,42.0,0,4.0,55.0,,2.0,,
2015-16,6768032,4,43,Manchester_City,Home,11781,David Silva,david-silva,M,False,1.0,,2.0,46.0,17.0,62.0,,,3.0,,,,2.0,,,6.0,9.0,2.0,,,,1.0,,,,1.0,3.0,,75.0,,,,,,,,,,,6.7,,,1.0,,2.0,6.0,,3.0,,55.0,17.0,66.0,1,1.0,88.0,,,1.0,
2015-16,6768032,4,43,Manchester_City,Home,13630,Fernandinho,fernandinho,M,False,,,2.0,42.0,32.0,74.0,2.0,,7.0,,,,,,,1.0,4.0,6.0,,,1.0,,1.0,,,2.0,3.0,,90.0,1.0,1.0,,,,,,,,,8.2,,,,1.0,,,,3.0,,44.0,33.0,77.0,1,5.0,91.0,1.0,1.0,,
2015-16,6768032,4,57,Watford,Away,13990,José Jurado,jose-jurado,M,False,1.0,,3.0,37.0,19.0,55.0,,,2.0,,,,2.0,,,2.0,5.0,3.0,,1.0,1.0,,,,,,2.0,,90.0,,,,,,,,,,,6.2,,,,,1.0,4.0,,3.0,,43.0,20.0,59.0,0,,72.0,1.0,2.0,1.0,
2015-16,6768032,4,43,Manchester_City,Home,14468,Yaya Touré,yaya-toure,M,False,,,7.0,45.0,35.0,80.0,,,7.0,,,2.0,,,,2.0,4.0,7.0,,,1.0,,,,,,2.0,,90.0,,,,,,,,,,,7.9,,,2.0,1.0,6.0,,,8.0,,51.0,36.0,87.0,4,2.0,102.0,,,5.0,
2015-16,6768032,4,57,Watford,Away,16701,Étienne Capoue,etienne-capoue,M,False,,,4.0,20.0,22.0,42.0,,,5.0,,,,3.0,,,1.0,5.0,5.0,,,1.0,,,,,4.0,,,76.0,,,,,,,,,,,6.8,,,1.0,2.0,,1.0,,6.0,,25.0,26.0,50.0,1,4.0,65.0,1.0,1.0,,
2015-16,6768032,4,57,Watford,Away,20364,Ikechi Anya,ikechi-anya,M,True,,,,9.0,2.0,11.0,,,1.0,,,2.0,1.0,,,,2.0,2.0,,,,,,,,,,,27.0,,,,,,,,,,,6.8,,,,,3.0,2.0,,,,15.0,2.0,15.0,2,,25.0,1.0,,2.0,
2015-16,6768032,4,43,Manchester_City,Home,24048,Fabian Delph,fabian-delph,M,True,,,,10.0,3.0,13.0,,,,,,,2.0,,,1.0,3.0,1.0,,,,,,,,,,,15.0,,,,,,,,,,,6.3,,,,,,,,,,10.0,3.0,13.0,0,1.0,16.0,,,,
2015-16,6768032,4,57,Watford,Away,27803,Alessandro Diamanti,alessandro-diamanti,M,True,,,,,,,,,,,,,,,,,,,,,,,,,,,,,,,,,,,,,,,,,,,,,,,,,,,,,0,,,,,,
2015-16,6768032,4,43,Manchester_City,Home,361326,Patrick Roberts,patrick-roberts,M,True,,,,,,,,,,,,,,,,,,,,,,,,,,,,,,,,,,,,,,,,,,,,,,,,,,,,,0,,,,,,
2015-16,6768033,4,35,West_Bromwich_Albion,Away,765,Darren Fletcher,darren-fletcher,M,False,,,8.0,52.0,18.0,70.0,1.0,1.0,6.0,,,1.0,3.0,,,1.0,6.0,5.0,,,,,,,,2.0,,,90.0,,,,,,,,,12.0,,7.1,,,,,2.0,1.0,,9.0,,61.0,19.0,79.0,1,3.0,93.0,,1.0,1.0,3.0
2015-16,6768033,4,35,West_Bromwich_Albion,Away,822,James Morrison,james-morrison,M,False,,,6.0,54.0,21.0,75.0,,,8.0,,,,1.0,,,1.0,4.0,4.0,,,,,,,,3.0,5.0,,90.0,2.0,,,,,,,,14.0,,7.8,,,1.0,,3.0,1.0,,7.0,,62.0,21.0,82.0,3,2.0,101.0,2.0,1.0,1.0,1.0
2015-16,6768033,4,110,Stoke_City,Home,2525,Ibrahim Afellay,ibrahim-afellay,M,False,,,1.0,10.0,8.0,18.0,,,1.0,,,,,,,,,1.0,,,,,,,,,2.0,,25.0,,,,,,,,,1.0,,4.9,,,,1.0,,1.0,,1.0,,11.0,8.0,18.0,0,,23.0,,1.0,,
2015-16,6768033,4,110,Stoke_City,Home,9104,Marc Wilson,marc-wilson,M,True,,,,1.0,4.0,5.0,,,1.0,,,,1.0,,,,1.0,,,,,,,,,,,,27.0,,,,,,,,,3.0,,6.4,,,,2.0,,,,2.0,,4.0,4.0,8.0,0,,11.0,,,,
2015-16,6768033,4,110,Stoke_City,Home,9360,Charlie Adam,charlie-adam,M,False,1.0,,2.0,13.0,3.0,15.0,1.0,,2.0,,,,,,,2.0,3.0,3.0,,,1.0,,,,,,1.0,,31.0,1.0,,,,,,,,5.0,,5.8,,,1.0,,1.0,2.0,,4.0,,16.0,3.0,17.0,2,1.0,27.0,,1.0,1.0,1.0
2015-16,6768033,4,110,Stoke_City,Home,9682,Stephen Ireland,stephen-ireland,M,True,,,,4.0,4.0,8.0,,,1.0,,,,1.0,,,,1.0,,,,,,,,,,,,9.0,,,,,,,,,3.0,,6.4,,,,,,,,,,5.0,4.0,9.0,0,,12.0,2.0,,,
2015-16,6768033,4,110,Stoke_City,Home,10535,Glenn Whelan,glenn-whelan,M,False,,,7.0,38.0,35.0,73.0,,2.0,9.0,,,,,,,,,8.0,,,,,,,,1.0,2.0,,90.0,,,,,,,,,12.0,,7.8,,,,1.0,3.0,2.0,,8.0,,45.0,40.0,83.0,0,3.0,96.0,,,3.0,3.0
2015-16,6768033,4,35,West_Bromwich_Albion,Away,14235,Craig Gardner,craig-gardner,M,False,,,,4.0,2.0,6.0,2.0,,2.0,,,,2.0,,,,5.0,1.0,,,1.0,,,,,2.0,,,45.0,,,,,,,,,5.0,,6.4,,,1.0,,,,,3.0,1.0,5.0,4.0,9.0,1,1.0,16.0,2.0,,,1.0
2015-16,6768033,4,35,West_Bromwich_Albion,Away,41631,James McClean,james-mcclean,M,False,4.0,,,14.0,5.0,15.0,2.0,,3.0,,,,1.0,,,4.0,9.0,,,,1.0,,,,,1.0,2.0,,63.0,,1.0,,,,,,,19.0,,6.5,,,,1.0,1.0,13.0,,1.0,1.0,26.0,6.0,19.0,0,,43.0,1.0,,,
2015-16,6768033,4,35,West_Bromwich_Albion,Away,53783,Callum McManaman,callum-mcmanaman,M,True,,,,17.0,4.0,21.0,,1.0,1.0,,,1.0,1.0,,,1.0,3.0,6.0,,,,,,,,,2.0,,45.0,,,,,,,,,6.0,,7.1,,,1.0,,5.0,2.0,,,,21.0,4.0,23.0,2,1.0,35.0,,,4.0,1.0
2015-16,6768033,4,110,Stoke_City,Home,65953,Xherdan Shaqiri,xherdan-shaqiri,M,False,,,1.0,10.0,7.0,17.0,,,5.0,,,1.0,,,,1.0,7.0,3.0,,,,,,,,,,,68.0,,,,,,,,,19.0,,6.1,,,2.0,,8.0,5.0,,1.0,,18.0,7.0,20.0,3,1.0,44.0,2.0,,2.0,1.0
2015-16,6768033,4,35,West_Bromwich_Albion,Away,151037,Claudio Yacob,claudio-yacob,M,False,,,3.0,4.0,3.0,7.0,,,1.0,,,,,,,,,3.0,,,,,,,,1.0,,,35.0,,,,,,,,,3.0,,7.0,,,,,,,,4.0,,7.0,3.0,10.0,0,3.0,14.0,,,,2.0
2015-16,6768033,4,35,West_Bromwich_Albion,Away,187433,Serge Gnabry,serge-gnabry,M,True,,,,,,,,,,,,,,,,,,,,,,,,,,,,,,,,,,,,,,,,,,,,,,,,,,,,,0,,,,,,
2015-16,6768035,4,56,Sunderland,Away,524,Sebastian Larsson,sebastian-larsson,M,True,,,2.0,4.0,3.0,7.0,,1.0,4.0,,,,1.0,,,,1.0,3.0,,,,,,,,,,,13.0,,,,,,,,,,,6.7,,,,,,1.0,,3.0,,7.0,3.0,9.0,0,1.0,14.0,,1.0,,
2015-16,6768035,4,7,Aston_Villa,Home,1208,Joe Cole,joe-cole,M,True,,,,,,,,,,,,,,,,,,,,,,,,,,,,,,,,,,,,,,,,,,,,,,,,,,,,,0,,,,,,
2015-16,6768035,4,56,Sunderland,Away,14210,Lee Cattermole,lee-cattermole,M,False,,,1.0,6.0,12.0,18.0,,,2.0,,,,2.0,,,,3.0,2.0,,,1.0,,,,,3.0,,,45.0,,,,1.0,,,,,,,6.1,,,,,,,,2.0,,8.0,12.0,20.0,0,2.0,27.0,,,,
2015-16,6768035,4,7,Aston_Villa,Home,24055,Scott Sinclair,scott-sinclair,M,False,1.0,,1.0,15.0,7.0,21.0,2.0,,2.0,1.0,,1.0,1.0,,,5.0,9.0,2.0,,,,,2.0,,,,1.0,,90.0,2.0,,,,,,,1.0,,,8.1,,,,,1.0,1.0,,1.0,,17.0,7.0,23.0,3,,38.0,1.0,2.0,,
2015-16,6768035,4,56,Sunderland,Away,32045,Yann M'Vila,yann-mvila,M,False,1.0,,1.0,24.0,19.0,42.0,,,7.0,1.0,,,1.0,,,,2.0,6.0,,,1.0,,1.0,,,4.0,2.0,,90.0,1.0,1.0,,,,,,,,,8.4,,,,4.0,,4.0,,3.0,,30.0,22.0,48.0,1,5.0,69.0,,1.0,,
2015-16,6768035,4,7,Aston_Villa,Home,49647,Ashley Westwood,ashley-westwood,M,False,3.0,,3.0,32.0,15.0,44.0,2.0,,5.0,,,,,,,3.0,6.0,,,,1.0,,,,,,2.0,,90.0,1.0,,,,,,,,,,6.7,,,2.0,1.0,,7.0,,4.0,,41.0,16.0,50.0,3,,66.0,2.0,,,
2015-16,6768035,4,7,Aston_Villa,Home,74545,Leandro Bacuna,leandro-bacuna,M,False,3.0,,3.0,24.0,8.0,29.0,1.0,,2.0,,,,,,,1.0,3.0,,,,,,,,,,,,68.0,1.0,,,,,,,,,,6.9,,,2.0,,1.0,4.0,,4.0,,28.0,8.0,32.0,3,,45.0,4.0,,,
2015-16,6768035,4,7,Aston_Villa,Home,106337,Idrissa Gana Gueye,idrissa-gana-gueye,M,False,1.0,,1.0,38.0,26.0,63.0,1.0,3.0,15.0,,,,,,,2.0,9.0,14.0,,,3.0,,,,,3.0,5.0,,90.0,,,,,,,,,,,7.6,,,2.0,,9.0,2.0,,3.0,,49.0,29.0,76.0,2,2.0,108.0,4.0,4.0,5.0,
2015-16,6768035,4,7,Aston_Villa,Home,151124,Jordan Veretout,jordan-veretout,M,True,,,,,,,,,,,,,,,,,,,,,,,,,,,,,,,,,,,,,,,,,,,,,,,,,,,,,0,,,,,,
2015-16,6768035,4,56,Sunderland,Away,240256,Duncan Watmore,duncan-watmore,M,True,,,,,,,,,,,,,,,,,,,,,,,,,,,,,,,,,,,,,,,,,,,,,,,,,,,,,0,,,,,,
2015-16,6768035,4,7,Aston_Villa,Home,254895,Carles Gil,carles-gil,M,True,,,1.0,24.0,2.0,26.0,,,1.0,,,,,,,,4.0,1.0,,,1.0,,,,,,,,22.0,,,,,,,,,,,6.0,,,,,4.0,1.0,,2.0,,28.0,2.0,29.0,0,,38.0,,1.0,,
2015-16,6768036,4,45,Norwich_City,Away,512,Alexander Tettey,alexander-tettey,M,False,,,1.0,12.0,18.0,30.0,1.0,1.0,9.0,,,,2.0,,,,3.0,4.0,,,,,,,,4.0,,,90.0,,,,,,,,,,,6.8,,,1.0,1.0,,,,4.0,,16.0,21.0,37.0,1,3.0,47.0,1.0,,,
2015-16,6768036,4,20,Southampton,Home,559,Steven Davis,steven-davis,M,False,,,,15.0,5.0,20.0,3.0,,5.0,,,,,,,1.0,5.0,1.0,,,1.0,,,,,1.0,2.0,,45.0,,,,,,,,,,,6.6,,,,1.0,1.0,1.0,,1.0,,20.0,6.0,25.0,0,,34.0,,,1.0,
2015-16,6768036,4,45,Norwich_City,Away,9148,Graham Dorrans,graham-dorrans,M,False,1.0,,2.0,17.0,22.0,38.0,2.0,,3.0,1.0,,,1.0,,,1.0,4.0,1.0,,,1.0,,,,,,1.0,,70.0,,,,,,,,,,,6.5,,,,,,3.0,,3.0,,25.0,23.0,45.0,0,1.0,51.0,,,,
2015-16,6768036,4,45,Norwich_City,Away,14336,Wesley Hoolahan,wesley-hoolahan,M,False,1.0,,,4.0,2.0,5.0,,,1.0,,,,,,,,,1.0,,,,,,,,,1.0,,32.0,,,,,,,,,,,6.7,,,,,,2.0,,,,6.0,2.0,6.0,0,1.0,12.0,2.0,,,
2015-16,6768036,4,45,Norwich_City,Away,20292,Bradley Johnson,bradley-johnson,M,True,,,,4.0,3.0,7.0,1.0,2.0,1.0,,,,,,,1.0,3.0,2.0,,,1.0,,,,,,1.0,,20.0,1.0,,,,,,,,,,6.6,,,,,,,,,,6.0,3.0,9.0,1,,12.0,,,,
2015-16,6768036,4,45,Norwich_City,Away,29691,Gary O'Neil,gary-oneil,M,True,,,,,,,,,,,,,,,,,,,,,,,,,,,,,,,,,,,,,,,,,,,,,,,,,,,,,0,,,,,,
2015-16,6768036,4,20,Southampton,Home,44760,Cédric Soares,cedric-soares,M,False,2.0,,,34.0,13.0,45.0,2.0,,3.0,1.0,,,,,,,3.0,4.0,,,1.0,,,,,1.0,2.0,,72.0,,,,,,,,,,,7.2,,,,1.0,1.0,10.0,,1.0,,46.0,14.0,50.0,0,2.0,73.0,2.0,1.0,1.0,
2015-16,6768036,4,20,Southampton,Home,69416,Oriol Romeu,oriol-romeu,M,False,,,7.0,32.0,23.0,55.0,2.0,5.0,6.0,,,1.0,1.0,,,1.0,5.0,10.0,,,1.0,,,,,2.0,,,90.0,,,,,,,,,,,7.7,,,1.0,1.0,,,,8.0,,37.0,26.0,63.0,2,5.0,78.0,,1.0,,
2015-16,6768036,4,45,Norwich_City,Away,115346,Nathan Redmond,nathan-redmond,M,False,,,1.0,18.0,6.0,24.0,1.0,,4.0,,,1.0,,,,2.0,8.0,2.0,,,2.0,,,,,,1.0,,90.0,,,,,,,,,,,6.1,,,,,4.0,1.0,,3.0,,26.0,7.0,32.0,1,1.0,47.0,2.0,,1.0,
2015-16,6768036,4,20,Southampton,Home,161717,James Ward-Prowse,james-ward-prowse,M,False,2.0,,1.0,28.0,24.0,50.0,,,5.0,,,,,,,,,2.0,,,,,,,,1.0,4.0,,90.0,1.0,,,,,,,,,,7.7,,,1.0,2.0,1.0,5.0,,5.0,,39.0,25.0,59.0,2,1.0,71.0,,,1.0,
2015-16,6768036,4,20,Southampton,Home,217704,Sadio Mané,sadio-mane,M,False,3.0,,1.0,34.0,5.0,36.0,1.0,,6.0,2.0,,,,,,2.0,5.0,8.0,,,,2.0,,,,1.0,5.0,,81.0,2.0,,,,,,,,,,9.1,,,,,7.0,5.0,,2.0,,47.0,5.0,47.0,2,1.0,70.0,2.0,2.0,5.0,
2015-16,6768036,4,45,Norwich_City,Away,267621,Robbie Brady,robbie-brady,M,False,1.0,,2.0,10.0,11.0,20.0,1.0,,6.0,,,,1.0,,,,5.0,4.0,,,2.0,,,,,2.0,1.0,,90.0,,,,,,,,,,,6.3,,,,5.0,1.0,7.0,,9.0,,25.0,12.0,30.0,0,3.0,57.0,,1.0,,
2015-16,6768036,4,20,Southampton,Home,365802,Harrison Reed,harrison-reed,M,True,,,,,,,,,,,,,,,,,,,,,,,,,,,,,,,,,,,,,,,,,,,,,,,,,,,,,0,,,,,,
2015-16,6768037,4,1,Manchester_United,Away,326,Bastian Schweinsteiger,bastian-schweinsteiger,M,False,,,8.0,35.0,41.0,76.0,,1.0,12.0,,,,,,,2.0,2.0,7.0,,,1.0,,,,,4.0,,,90.0,,,,,,,,,,,7.4,,,,1.0,1.0,,,12.0,,44.0,44.0,88.0,0,3.0,106.0,1.0,2.0,1.0,
2015-16,6768037,4,1,Manchester_United,Away,938,Michael Carrick,michael-carrick,M,True,,,,14.0,9.0,23.0,,1.0,5.0,,,,,,,,,1.0,,,,,,,,,,,20.0,,,,,,,,,,,6.7,,,,,,,,,,17.0,9.0,26.0,0,,26.0,,,,
2015-16,6768037,4,80,Swansea_City,Home,14231,Nathan Dyer,nathan-dyer,M,True,,,,,,,,,,,,,,,,,,,,,,,,,,,,,,,,,,,,,,,,,,,,,,,,,,,,,0,,,,,,
2015-16,6768037,4,80,Swansea_City,Home,20993,Jack Cork,jack-cork,M,False,,,1.0,11.0,17.0,28.0,1.0,1.0,10.0,,,,,,,1.0,2.0,9.0,,,,,,,,4.0,,,90.0,,,,,,,,,,,7.5,,,,2.0,1.0,,,3.0,,17.0,19.0,36.0,0,5.0,55.0,1.0,2.0,1.0,
2015-16,6768037,4,1,Manchester_United,Away,27009,Morgan Schneiderlin,morgan-schneiderlin,M,False,,,4.0,30.0,23.0,53.0,2.0,3.0,1.0,,,1.0,,,,,3.0,7.0,,,1.0,,,,,3.0,1.0,,70.0,,,,,,,,,,,7.3,,,,1.0,1.0,,,5.0,,35.0,23.0,58.0,1,3.0,68.0,,,1.0,
2015-16,6768037,4,1,Manchester_United,Away,28367,Juan Mata,juan-mata,M,False,,,4.0,20.0,12.0,32.0,,1.0,6.0,,,,1.0,,,,3.0,1.0,,,1.0,,1.0,,,1.0,1.0,,70.0,2.0,,,,,,,,,,7.4,,,2.0,,1.0,,,5.0,,24.0,14.0,38.0,4,,46.0,,,,
2015-16,6768037,4,80,Swansea_City,Home,30243,Neil Taylor,neil-taylor,M,False,,,2.0,7.0,9.0,16.0,4.0,,4.0,,,,,,,,4.0,,,,,,,,,1.0,,,90.0,,,,,,,,,,,6.4,,,,2.0,,2.0,,3.0,,11.0,12.0,21.0,0,,36.0,,,,
2015-16,6768037,4,80,Swansea_City,Home,36465,Jonjo Shelvey,jonjo-shelvey,M,False,,,1.0,14.0,15.0,29.0,2.0,,8.0,,,,1.0,,,,4.0,1.0,,,,,,,,3.0,1.0,,89.0,2.0,1.0,,,,,,,,,7.0,,,1.0,1.0,2.0,3.0,,3.0,1.0,26.0,18.0,41.0,3,,60.0,,,1.0,
2015-16,6768037,4,80,Swansea_City,Home,38642,Sung-Yueng Ki,sung-yueng-ki,M,True,,,,7.0,2.0,9.0,,,1.0,,,,1.0,,,,2.0,1.0,,,,,,,,,,,32.0,,,,,,,,,,,6.4,,,,,1.0,,,,,7.0,2.0,9.0,0,1.0,12.0,,,,
2015-16,6768037,4,80,Swansea_City,Home,43192,Gylfi Sigurðsson,gylfi-sigursson,M,False,1.0,,,12.0,4.0,15.0,3.0,2.0,2.0,,1.0,,1.0,,,,4.0,4.0,,,,1.0,,,,1.0,2.0,,90.0,,,,,,,,,,,6.8,,,1.0,,1.0,2.0,,1.0,,19.0,5.0,22.0,1,1.0,34.0,2.0,,1.0,
2015-16,6768037,4,1,Manchester_United,Away,82474,Ander Herrera,ander-herrera,M,False,,,,30.0,19.0,49.0,1.0,2.0,4.0,,,,1.0,,,2.0,5.0,3.0,,,,,,,,1.0,4.0,,77.0,,,,,,,,,,,7.0,,,1.0,,1.0,,,,,37.0,21.0,58.0,1,1.0,68.0,2.0,,,
2015-16,6768034,5,3,Arsenal,Home,1152,Mikel Arteta,mikel-arteta,M,True,,,1.0,4.0,2.0,6.0,,,1.0,,,,,,,,,1.0,,,,,,,,2.0,,,6.0,,,,,,,,,,,,,,,,,,,1.0,,4.0,2.0,6.0,0,1.0,9.0,,,,
2015-16,6768034,5,110,Stoke_City,Away,9104,Marc Wilson,marc-wilson,M,True,,,,,,,,,,,,,,,,,,,,,,,,,,,,,,,,,,,,,,,,,,,,,,,,,,,,,0,,,,,,
2015-16,6768034,5,110,Stoke_City,Away,9682,Stephen Ireland,stephen-ireland,M,True,,,,5.0,8.0,13.0,1.0,1.0,1.0,,,,1.0,,,1.0,3.0,2.0,,,,,,,,1.0,,,33.0,,,,,,,,,,,6.4,,,,,,,,1.0,,8.0,8.0,16.0,0,1.0,21.0,,,,
2015-16,6768034,5,110,Stoke_City,Away,10468,Steve Sidwell,steve-sidwell,M,True,,,,,,,,,,,,,,,,,,,,,,,,,,,,,,,,,,,,,,,,,,,,,,,,,,,,,0,,,,,,
2015-16,6768034,5,3,Arsenal,Home,10501,Theo Walcott,theo-walcott,M,False,,,,7.0,,7.0,,1.0,3.0,,4.0,,,,,1.0,1.0,2.0,,,,,1.0,,,1.0,,,75.0,5.0,,,,,,,,,,7.0,,,3.0,,,,,,,9.0,1.0,10.0,8,1.0,24.0,2.0,,,
2015-16,6768034,5,110,Stoke_City,Away,10535,Glenn Whelan,glenn-whelan,M,False,,,1.0,12.0,17.0,29.0,1.0,,4.0,,,,1.0,,,1.0,3.0,4.0,,1.0,,,,,,1.0,,,90.0,,2.0,,,,,,,,,6.5,,,,4.0,,,,5.0,,15.0,21.0,36.0,0,3.0,52.0,,1.0,,
2015-16,6768034,5,3,Arsenal,Home,10577,Alex Oxlade-Chamberlain,alex-oxlade-chamberlain,M,True,,,1.0,2.0,1.0,3.0,,,,,,,,,,,2.0,1.0,,,1.0,,,,,,,,6.0,,,,,,,,,,,,,,,1.0,1.0,,,1.0,,5.0,1.0,6.0,0,,9.0,,1.0,,
2015-16,6768034,5,3,Arsenal,Home,16176,Mesut Özil,mesut-ozil,M,False,2.0,,2.0,55.0,4.0,57.0,1.0,,4.0,1.0,1.0,,1.0,,,1.0,5.0,2.0,,,1.0,1.0,,,,1.0,8.0,,84.0,1.0,,,,,,,,,,7.5,,,,,2.0,9.0,,2.0,1.0,69.0,4.0,64.0,1,,84.0,2.0,1.0,1.0,
2015-16,6768034,5,3,Arsenal,Home,17651,Santi Cazorla,santi-cazorla,M,False,5.0,,1.0,59.0,20.0,74.0,1.0,,11.0,3.0,,2.0,3.0,,,1.0,9.0,6.0,,,2.0,1.0,,,,2.0,7.0,,90.0,1.0,,,,,,,,,,9.2,,,1.0,,6.0,7.0,,4.0,1.0,70.0,20.0,83.0,4,1.0,109.0,2.0,1.0,4.0,
2015-16,6768034,5,3,Arsenal,Home,23571,Aaron Ramsey,aaron-ramsey,M,False,,,,33.0,17.0,50.0,,1.0,4.0,,,1.0,1.0,,,4.0,7.0,5.0,,,1.0,,,,,2.0,,,90.0,,,,,,,,,,,6.5,,,1.0,,2.0,2.0,,1.0,1.0,41.0,17.0,56.0,2,1.0,77.0,2.0,2.0,1.0,
2015-16,6768034,5,3,Arsenal,Home,40672,Francis Coquelin,francis-coquelin,M,False,,,1.0,31.0,21.0,52.0,1.0,1.0,3.0,,,1.0,1.0,,,,2.0,8.0,,,,,,,,3.0,2.0,,90.0,,,,,,,,,,,8.0,,,1.0,1.0,1.0,,,2.0,,37.0,22.0,59.0,2,6.0,75.0,1.0,,1.0,
2015-16,6768034,5,110,Stoke_City,Away,65953,Xherdan Shaqiri,xherdan-shaqiri,M,False,,,,11.0,10.0,21.0,,,10.0,,,2.0,1.0,,,2.0,3.0,3.0,,,,,,,,1.0,1.0,,90.0,1.0,,,,,,,,,,6.8,,,,,2.0,1.0,,1.0,,17.0,11.0,27.0,3,,44.0,4.0,1.0,2.0,
2015-16,6768034,5,3,Arsenal,Home,154508,Joel Campbell,joel-campbell,M,True,,,,,,,,,,,,,,,,,,,,,,,,,,,,,,,,,,,,,,,,,,,,,,,,,,,,,0,,,,,,
2015-16,6768038,5,7,Aston_Villa,Away,764,Kieran Richardson,kieran-richardson,M,True,,,,,,,,,,,,,,,,,,,,,,,,,,,,,,,,,,,,,,,,,,,,,,,,,,,,,0,,,,,,
2015-16,6768038,5,13,Leicester_City,Home,4252,Gökhan Inler,gokhan-inler,M,False,,,6.0,23.0,18.0,41.0,3.0,1.0,11.0,,,,1.0,,,1.0,5.0,6.0,,,,,,,,3.0,1.0,,64.0,,1.0,,,,,,,,,7.2,,,1.0,,,,,7.0,,29.0,20.0,49.0,1,4.0,62.0,,1.0,,
2015-16,6768038,5,13,Leicester_City,Home,14231,Nathan Dyer,nathan-dyer,M,True,,,,7.0,3.0,10.0,3.0,,4.0,,,1.0,1.0,,,2.0,7.0,5.0,,,1.0,,1.0,,,1.0,,,45.0,1.0,,,,,,,,,,7.2,,,,,3.0,,,,,12.0,3.0,15.0,2,,28.0,2.0,2.0,3.0,
2015-16,6768038,5,7,Aston_Villa,Away,24055,Scott Sinclair,scott-sinclair,M,False,,,,11.0,6.0,17.0,,2.0,5.0,,1.0,,2.0,,,2.0,6.0,3.0,,,,,,,,,,,90.0,,,,,,,,,,,5.5,,,1.0,,3.0,1.0,,,1.0,15.0,6.0,20.0,1,,31.0,3.0,,1.0,
2015-16,6768038,5,13,Leicester_City,Home,30530,Andy King,andy-king,M,True,,,,,,,,,,,,,,,,,,,,,,,,,,,,,,,,,,,,,,,,,,,,,,,,,,,,,0,,,,,,
2015-16,6768038,5,13,Leicester_City,Home,47737,Marc Albrighton,marc-albrighton,M,False,1.0,,1.0,16.0,3.0,18.0,2.0,,3.0,,,,2.0,,,2.0,7.0,6.0,,,1.0,,,,,2.0,2.0,,64.0,1.0,,,,,,,,,,6.7,,,1.0,2.0,3.0,6.0,,6.0,,26.0,3.0,23.0,2,,45.0,1.0,3.0,3.0,
2015-16,6768038,5,7,Aston_Villa,Away,49647,Ashley Westwood,ashley-westwood,M,False,3.0,,2.0,23.0,18.0,38.0,2.0,,7.0,,,1.0,2.0,,,1.0,10.0,2.0,,,4.0,,,,,3.0,2.0,,90.0,,1.0,,,,,,,,,6.6,,,,1.0,1.0,5.0,,4.0,,31.0,21.0,47.0,1,2.0,65.0,1.0,,,
2015-16,6768038,5,13,Leicester_City,Home,54330,Danny Drinkwater,danny-drinkwater,M,False,,,6.0,32.0,21.0,53.0,,1.0,13.0,1.0,,1.0,,,,2.0,2.0,8.0,,,,1.0,,,,1.0,4.0,,90.0,,,,,,,,,,,8.1,,,1.0,,1.0,2.0,,10.0,,46.0,22.0,66.0,2,4.0,85.0,,2.0,1.0,
2015-16,6768038,5,7,Aston_Villa,Away,74545,Leandro Bacuna,leandro-bacuna,M,False,,,4.0,15.0,20.0,35.0,,3.0,13.0,,,,2.0,,,,7.0,7.0,,,3.0,,,,,4.0,,,86.0,,1.0,,,,,,,,,6.6,,,,4.0,3.0,2.0,,11.0,,28.0,24.0,50.0,0,3.0,78.0,1.0,,1.0,
2015-16,6768038,5,13,Leicester_City,Home,148710,Jeffrey Schlupp,jeffrey-schlupp,M,False,2.0,,1.0,10.0,10.0,18.0,,1.0,3.0,,,,1.0,,,,5.0,5.0,,,1.0,,,,,2.0,1.0,,90.0,,,,,,,,,,,6.4,,,1.0,4.0,6.0,4.0,,4.0,,17.0,15.0,28.0,1,1.0,64.0,2.0,,3.0,
2015-16,6768038,5,7,Aston_Villa,Away,151124,Jordan Veretout,jordan-veretout,M,True,,,,,,,,,,,,,,,,,,,,,,,,,,,,,,,,,,,,,,,,,,,,,,,,,,,,,0,,,,,,
2015-16,6768038,5,13,Leicester_City,Home,158213,Riyad Mahrez,riyad-mahrez,M,False,1.0,,2.0,22.0,8.0,29.0,3.0,2.0,9.0,,,,1.0,,,4.0,12.0,18.0,,,,2.0,,,,1.0,5.0,,90.0,2.0,,,,,,,,,,9.2,,,2.0,,16.0,4.0,,2.0,,32.0,8.0,36.0,4,2.0,84.0,5.0,2.0,12.0,
2015-16,6768038,5,7,Aston_Villa,Away,189061,Jack Grealish,jack-grealish,M,False,,,,10.0,9.0,19.0,1.0,1.0,9.0,,,1.0,,,,2.0,7.0,5.0,,,,,1.0,,,1.0,1.0,,90.0,2.0,,,,,,,,,,6.9,,,,1.0,7.0,1.0,,2.0,,16.0,15.0,30.0,3,,50.0,2.0,1.0,3.0,
2015-16,6768038,5,13,Leicester_City,Home,234148,N'Golo Kanté,n-golo-kante,M,True,,,1.0,10.0,5.0,15.0,1.0,1.0,3.0,,,,1.0,,,,2.0,4.0,,,,,,,,1.0,,,26.0,,,,,,,,,,,6.9,,,,1.0,,,,1.0,,12.0,6.0,18.0,0,3.0,24.0,,,,
2015-16,6768038,5,7,Aston_Villa,Away,254895,Carles Gil,carles-gil,M,False,,,1.0,12.0,16.0,28.0,,1.0,4.0,,,,3.0,,,,6.0,7.0,,,,,1.0,,,1.0,1.0,,66.0,1.0,,,,,,,,,,7.5,,,1.0,1.0,5.0,1.0,,1.0,,15.0,16.0,30.0,2,2.0,47.0,,2.0,2.0,
2015-16,6768039,5,43,Manchester_City,Away,3544,Samir Nasri,samir-nasri,M,False,3.0,,2.0,40.0,14.0,51.0,1.0,,7.0,,1.0,,1.0,,,3.0,6.0,4.0,,,,,,,,,2.0,,89.0,2.0,,,,,,,,,,7.1,,,1.0,,3.0,3.0,,2.0,,44.0,15.0,56.0,3,1.0,75.0,,1.0,2.0,
2015-16,6768039,5,31,Crystal_Palace,Home,3574,Yohan Cabaye,yohan-cabaye,M,False,1.0,,3.0,18.0,17.0,34.0,,,5.0,,,1.0,,,,3.0,4.0,5.0,,,,,,,,5.0,2.0,,90.0,,,,,,,,,,,7.3,,,,1.0,2.0,2.0,,6.0,,24.0,19.0,41.0,1,3.0,64.0,1.0,1.0,1.0,
2015-16,6768039,5,43,Manchester_City,Away,13630,Fernandinho,fernandinho,M,False,,,2.0,32.0,13.0,45.0,3.0,1.0,7.0,,,1.0,2.0,,,2.0,7.0,3.0,,,,,,,,4.0,,,90.0,,,,,,,,,,,6.7,,,1.0,1.0,,,,3.0,,38.0,14.0,52.0,2,1.0,64.0,,1.0,,
2015-16,6768039,5,43,Manchester_City,Away,14468,Yaya Touré,yaya-toure,M,False,,,4.0,39.0,14.0,53.0,2.0,,4.0,1.0,1.0,1.0,3.0,,,1.0,8.0,5.0,,1.0,3.0,,,,,1.0,3.0,,90.0,1.0,1.0,,,,,,,,,7.2,,,2.0,1.0,,1.0,,6.0,,46.0,14.0,59.0,4,2.0,76.0,3.0,3.0,,
2015-16,6768039,5,31,Crystal_Palace,Home,19593,Jason Puncheon,jason-puncheon,M,False,,,,13.0,6.0,19.0,,2.0,5.0,,,,,,,,3.0,6.0,,,1.0,,,,,,,,83.0,1.0,,,,,,,,,,7.0,,,1.0,,3.0,3.0,,1.0,1.0,21.0,7.0,25.0,2,2.0,39.0,,2.0,1.0,
2015-16,6768039,5,31,Crystal_Palace,Home,38130,Jordon Mutch,jordon-mutch,M,True,,,,,,,,,,,,,,,,,,,,,,,,,,,,,,,,,,,,,,,,,,,,,,,,,,,,,0,,,,,,
2015-16,6768039,5,31,Crystal_Palace,Home,38639,Chung-yong Lee,chung-yong-lee,M,True,,,,1.0,4.0,5.0,1.0,,2.0,,,,,,,,1.0,,,,,,,,,,,,7.0,,,,,,,,,,,,,,,,,,,,,1.0,4.0,5.0,0,,5.0,,,,
2015-16,6768039,5,31,Crystal_Palace,Home,39282,James McArthur,james-mcarthur,M,False,,,,16.0,19.0,35.0,1.0,2.0,10.0,,,,1.0,,,1.0,5.0,9.0,,,2.0,,,,,4.0,,,90.0,,,,,,,,,,,7.1,,,1.0,2.0,,,,5.0,,22.0,21.0,43.0,1,3.0,65.0,2.0,4.0,,
2015-16,6768039,5,43,Manchester_City,Away,70996,Kevin De Bruyne,kevin-de-bruyne,M,True,1.0,,3.0,33.0,15.0,47.0,1.0,,8.0,1.0,,,2.0,,,1.0,6.0,2.0,,,2.0,,,,,3.0,5.0,,65.0,1.0,,,,,,,,,,7.7,,,,,,3.0,,5.0,,43.0,16.0,56.0,1,2.0,68.0,1.0,,,
2015-16,6768039,5,31,Crystal_Palace,Home,84686,Pape Souaré,pape-souare,M,False,2.0,,1.0,14.0,13.0,25.0,1.0,,8.0,,,,,,,,3.0,3.0,,,1.0,,,,,2.0,2.0,,90.0,,1.0,,,,,,,,,7.2,,,1.0,6.0,2.0,2.0,,3.0,,22.0,15.0,35.0,1,2.0,59.0,,,1.0,
2015-16,6768039,5,31,Crystal_Palace,Home,111850,Wilfried Zaha,wilfried-zaha,M,False,2.0,,,10.0,4.0,12.0,,1.0,4.0,1.0,,,,,,1.0,5.0,14.0,,,3.0,,,,,3.0,2.0,,90.0,,,,,,,,,,,8.1,,,,,6.0,3.0,,,2.0,17.0,4.0,18.0,0,6.0,51.0,7.0,2.0,5.0,
2015-16,6768039,5,43,Manchester_City,Away,361326,Patrick Roberts,patrick-roberts,M,True,,,,,,,,,,,,,,,,,,,,,,,,,,,,,,,,,,,,,,,,,,,,,,,,,,,,,0,,,,,,
2015-16,6768039,5,43,Manchester_City,Away,792317,Manu García,manu-garcia,M,True,,,,,,,,,,,,,,,,,,,,,,,,,,,,,,,,,,,,,,,,,,,,,,,,,,,,,0,,,,,,
2015-16,6768040,5,20,Southampton,Away,559,Steven Davis,steven-davis,M,False,1.0,,7.0,46.0,22.0,67.0,1.0,2.0,8.0,,,,2.0,,,1.0,4.0,4.0,,,,,,,,1.0,5.0,,90.0,,,,,,,,,,,7.5,,,,2.0,,4.0,,9.0,,55.0,25.0,76.0,0,2.0,91.0,,,,
2015-16,6768040,5,35,West_Bromwich_Albion,Home,765,Darren Fletcher,darren-fletcher,M,False,,,4.0,23.0,17.0,40.0,1.0,,8.0,,,,,,,1.0,2.0,2.0,,1.0,,,,,,2.0,,,90.0,,2.0,,,,,,,,,7.0,,,,1.0,1.0,2.0,,6.0,,28.0,20.0,46.0,0,1.0,59.0,,,1.0,
2015-16,6768040,5,35,West_Bromwich_Albion,Home,822,James Morrison,james-morrison,M,True,,,,,,,,,,,,,,,,,,,,,,,,,,,,,,,,,,,,,,,,,,,,,,,,,,,,,0,,,,,,
2015-16,6768040,5,35,West_Bromwich_Albion,Home,10540,Chris Brunt,chris-brunt,M,False,1.0,,6.0,12.0,13.0,24.0,,1.0,8.0,,,,,,,,2.0,4.0,,,2.0,,,,,,2.0,,90.0,,1.0,,,,,,,,,7.5,,,,5.0,,3.0,,9.0,,22.0,14.0,33.0,0,3.0,52.0,1.0,,,
2015-16,6768040,5,35,West_Bromwich_Albion,Home,14235,Craig Gardner,craig-gardner,M,False,1.0,,1.0,15.0,8.0,22.0,1.0,4.0,7.0,,,1.0,1.0,,,1.0,3.0,8.0,,,,,,,,2.0,1.0,,90.0,,,,,,,,,,,7.2,,,1.0,,,5.0,,3.0,,23.0,10.0,28.0,2,4.0,51.0,4.0,,,
2015-16,6768040,5,35,West_Bromwich_Albion,Home,41631,James McClean,james-mcclean,M,True,1.0,,,3.0,4.0,6.0,,,2.0,,,,1.0,,,,2.0,2.0,,,,,,,,,,,29.0,,1.0,,,,,,,,,6.5,,,,,1.0,3.0,,,,6.0,4.0,7.0,0,2.0,16.0,1.0,,,
2015-16,6768040,5,20,Southampton,Away,44760,Cédric Soares,cedric-soares,M,False,,,5.0,21.0,20.0,41.0,2.0,,6.0,,,,,,,1.0,4.0,3.0,,,,,,,,1.0,,,75.0,,,,,,,,,,,6.8,,,,2.0,3.0,2.0,,10.0,,28.0,22.0,48.0,0,1.0,68.0,,,2.0,
2015-16,6768040,5,20,Southampton,Away,45956,Victor Wanyama,victor-wanyama,M,False,,,1.0,27.0,29.0,56.0,6.0,6.0,8.0,,,1.0,1.0,,,1.0,9.0,8.0,,,1.0,,,,,6.0,,,90.0,,,,,,,,,,,7.2,,,,2.0,,,,4.0,,33.0,33.0,66.0,1,2.0,80.0,1.0,,,
2015-16,6768040,5,35,West_Bromwich_Albion,Home,53783,Callum McManaman,callum-mcmanaman,M,False,,,,6.0,3.0,9.0,,,1.0,,,1.0,,,,1.0,3.0,6.0,,,,,,,,,,,61.0,,,,,,,,,,,6.7,,,1.0,,5.0,2.0,,1.0,,9.0,5.0,12.0,2,1.0,27.0,,2.0,3.0,
2015-16,6768040,5,20,Southampton,Away,69416,Oriol Romeu,oriol-romeu,M,True,,,,,,,,,,,,,,,,,,,,,,,,,,,,,,,,,,,,,,,,,,,,,,,,,,,,,0,,,,,,
2015-16,6768040,5,35,West_Bromwich_Albion,Home,151037,Claudio Yacob,claudio-yacob,M,False,,,,19.0,12.0,31.0,3.0,1.0,9.0,,,,2.0,,,1.0,7.0,6.0,,,2.0,,,,,2.0,,,90.0,,,,,,,,,,,6.8,,,,1.0,,,,2.0,,26.0,13.0,39.0,0,4.0,50.0,,1.0,,
2015-16,6768040,5,20,Southampton,Away,161717,James Ward-Prowse,james-ward-prowse,M,False,1.0,,2.0,34.0,13.0,46.0,2.0,1.0,2.0,,,1.0,2.0,,,,6.0,2.0,,,1.0,,,,,1.0,2.0,,90.0,,1.0,,,,,,,,,7.0,,,2.0,,1.0,5.0,,3.0,,42.0,15.0,52.0,3,1.0,67.0,2.0,,,
2015-16,6768040,5,35,West_Bromwich_Albion,Home,187433,Serge Gnabry,serge-gnabry,M,True,,,,,,,,,,,,,,,,,,,,,,,,,,,,,,,,,,,,,,,,,,,,,,,,,,,,,0,,,,,,
2015-16,6768040,5,20,Southampton,Away,217704,Sadio Mané,sadio-mane,M,True,,,2.0,6.0,6.0,12.0,1.0,1.0,3.0,,,2.0,,,,1.0,4.0,5.0,,,,,,,,1.0,,,23.0,,,,,,,,,,,7.0,,,1.0,,4.0,,,2.0,,7.0,6.0,13.0,3,,29.0,2.0,3.0,2.0,
2015-16,6768041,5,1,Manchester_United,Home,326,Bastian Schweinsteiger,bastian-schweinsteiger,M,False,,,5.0,45.0,29.0,74.0,1.0,2.0,6.0,,,,,,,3.0,4.0,10.0,,,,,,,,3.0,,,90.0,,,,,,,,,,,7.6,,,,2.0,3.0,1.0,,8.0,,57.0,30.0,86.0,0,4.0,110.0,2.0,1.0,3.0,
2015-16,6768041,5,14,Liverpool,Away,791,James Milner,james-milner,M,False,3.0,,3.0,27.0,11.0,35.0,,1.0,8.0,,,,2.0,,,1.0,4.0,6.0,,,1.0,,,,,2.0,2.0,,90.0,,,,,,,,,,,7.1,,,1.0,,1.0,6.0,,5.0,,35.0,15.0,44.0,1,4.0,64.0,3.0,,1.0,
2015-16,6768041,5,1,Manchester_United,Home,938,Michael Carrick,michael-carrick,M,False,,,9.0,36.0,30.0,66.0,2.0,1.0,6.0,,,,,,,,2.0,5.0,,,,,,,,4.0,1.0,,72.0,,,,,,,,,,,7.9,,,,,,,,12.0,,40.0,31.0,71.0,0,3.0,83.0,1.0,1.0,,
2015-16,6768041,5,1,Manchester_United,Home,27009,Morgan Schneiderlin,morgan-schneiderlin,M,True,,,1.0,6.0,2.0,8.0,1.0,,,,,,1.0,,,,2.0,3.0,,,,,,,,1.0,,,18.0,,,,,,,,,,,6.8,,,,1.0,,,,1.0,,7.0,2.0,9.0,0,3.0,15.0,,,,
2015-16,6768041,5,14,Liverpool,Away,27234,Lucas Leiva,lucas-leiva,M,False,,,4.0,12.0,27.0,39.0,1.0,1.0,10.0,,,,,,,,4.0,7.0,,,3.0,,,,,3.0,,,87.0,,1.0,,,,,,,,,7.3,,,,,2.0,,,4.0,,17.0,31.0,48.0,0,4.0,60.0,,,2.0,
2015-16,6768041,5,1,Manchester_United,Home,28367,Juan Mata,juan-mata,M,False,,,1.0,14.0,8.0,22.0,,,1.0,,,,3.0,,,2.0,5.0,,,,,1.0,,,,2.0,2.0,,65.0,,,,,,,,,,,6.4,,,,,,2.0,,1.0,1.0,20.0,8.0,26.0,0,,35.0,1.0,,,
2015-16,6768041,5,1,Manchester_United,Home,82474,Ander Herrera,ander-herrera,M,False,,,4.0,30.0,23.0,53.0,,,8.0,,,,,,,2.0,2.0,5.0,,,,,1.0,,,2.0,,,90.0,1.0,,,,,,,1.0,,,7.6,,,,2.0,,2.0,,5.0,,39.0,26.0,63.0,1,2.0,84.0,3.0,3.0,,
2015-16,6768041,5,14,Liverpool,Away,143697,Roberto Firmino,roberto-firmino,M,False,,,,11.0,9.0,20.0,,1.0,3.0,,1.0,,1.0,,,2.0,4.0,9.0,,,,,,,1.0,1.0,,,65.0,,,,,,,,,,,6.8,,,,1.0,1.0,,,1.0,,21.0,9.0,30.0,0,8.0,47.0,1.0,,,
2015-16,6768041,5,14,Liverpool,Away,185955,Jordon Ibe,jordon-ibe,M,True,,,,2.0,6.0,8.0,,,3.0,,,,,,,1.0,1.0,1.0,,,,,,,,,,,25.0,1.0,,,,,,,,,,6.4,,,,,1.0,1.0,,,,3.0,6.0,8.0,1,,13.0,,,1.0,
2015-16,6768041,5,1,Manchester_United,Home,191176,Anthony Martial,anthony-martial,M,True,,,,6.0,,6.0,3.0,1.0,,,,,,,,1.0,4.0,3.0,,,,,1.0,,,1.0,,,25.0,1.0,,,,,,,,,,7.2,,,,,1.0,,,,,7.0,,7.0,1,,13.0,1.0,1.0,1.0,
2015-16,6768041,5,14,Liverpool,Away,361328,Jordan Rossiter,jordan-rossiter,M,True,,,,,,,,,,,,,,,,,,,,,,,,,,,,,,,,,,,,,,,,,,,,,,,,,,,,,0,,,,,,
2015-16,6768042,5,21,West_Ham_United,Home,9741,Mark Noble,mark-noble,M,False,,,2.0,22.0,15.0,37.0,1.0,,4.0,,,,3.0,,,,5.0,4.0,,,2.0,1.0,,,,6.0,1.0,,90.0,,1.0,,,,,,,,,7.2,,,1.0,,1.0,,,5.0,,26.0,17.0,43.0,1,1.0,60.0,4.0,2.0,1.0,
2015-16,6768042,5,21,West_Ham_United,Home,14216,Dimitri Payet,dimitri-payet,M,False,2.0,,2.0,26.0,10.0,34.0,,,9.0,,,,,,,3.0,5.0,5.0,,,,,2.0,,,5.0,7.0,,90.0,2.0,,,,,,,,,,9.0,,,1.0,,4.0,9.0,,2.0,,39.0,10.0,40.0,3,2.0,69.0,2.0,1.0,2.0,
2015-16,6768042,5,4,Newcastle_United,Away,15007,Vurnon Anita,vurnon-anita,M,False,,,4.0,10.0,27.0,37.0,,,7.0,,,,1.0,,,,2.0,3.0,,,1.0,,,,,,,,60.0,,,,,,,,,,,6.8,,,1.0,,,,,5.0,,12.0,27.0,39.0,1,3.0,43.0,,,,
2015-16,6768042,5,4,Newcastle_United,Away,16511,Gabriel Obertan,gabriel-obertan,M,True,,,,,,,,,,,,,,,,,,,,,,,,,,,,,,,,,,,,,,,,,,,,,,,,,,,,,0,,,,,,
2015-16,6768042,5,4,Newcastle_United,Away,22126,Georginio Wijnaldum,georginio-wijnaldum,M,False,1.0,,,19.0,11.0,29.0,,1.0,4.0,1.0,,,,,,2.0,4.0,2.0,,,1.0,,,,,,1.0,,79.0,,,,,,,,,,,6.5,,,1.0,1.0,2.0,3.0,,1.0,,25.0,11.0,33.0,1,,44.0,1.0,,1.0,
2015-16,6768042,5,4,Newcastle_United,Away,26982,Yoan Gouffran,yoan-gouffran,M,True,,,,,,,,,,,,,,,,,,,,,,,,,,,,,,,,,,,,,,,,,,,,,,,,,,,,,0,,,,,,
2015-16,6768042,5,4,Newcastle_United,Away,27014,Moussa Sissoko,moussa-sissoko,M,False,3.0,,2.0,23.0,13.0,33.0,3.0,,7.0,,,,1.0,,,2.0,7.0,4.0,,,1.0,,,,,1.0,4.0,,90.0,,,,,,,,,,,7.0,,,,,,5.0,,5.0,,36.0,14.0,45.0,0,3.0,70.0,4.0,1.0,,
2015-16,6768042,5,4,Newcastle_United,Away,30262,Siem de Jong,siem-de-jong,M,True,,,,6.0,1.0,7.0,,,,,,,1.0,,,,2.0,1.0,,,,,,,,,,,30.0,1.0,,,,,,,,,,6.5,,,,,1.0,,,,,9.0,1.0,10.0,1,1.0,16.0,3.0,,,
2015-16,6768042,5,4,Newcastle_United,Away,40686,Jack Colback,jack-colback,M,False,,,5.0,24.0,25.0,49.0,,1.0,6.0,,,1.0,,,,1.0,3.0,5.0,,,1.0,,,,,4.0,1.0,,90.0,,,,,,,,,,,7.2,,,,,1.0,2.0,,6.0,,29.0,29.0,56.0,1,4.0,72.0,,,,
2015-16,6768042,5,21,West_Ham_United,Home,45944,Cheikhou Kouyaté,cheikhou-kouyate,M,False,,,1.0,12.0,8.0,20.0,,1.0,9.0,,,,1.0,,,1.0,3.0,7.0,,,1.0,,,,,6.0,1.0,,90.0,,,,,,,,,,,7.2,,,,,,,,3.0,,16.0,10.0,26.0,0,3.0,45.0,3.0,3.0,,
2015-16,6768042,5,21,West_Ham_United,Home,46799,Pedro Obiang,pedro-obiang,M,True,,,1.0,3.0,5.0,8.0,,1.0,1.0,,,1.0,2.0,,,,4.0,2.0,,,1.0,,,,,1.0,,,31.0,,1.0,,,,,,,,,6.6,,,,1.0,1.0,,,1.0,,4.0,5.0,9.0,1,1.0,16.0,,,,
2015-16,6768042,5,21,West_Ham_United,Home,220315,Manuel Lanzini,manuel-lanzini,M,False,,,1.0,16.0,5.0,21.0,1.0,,5.0,,,,,,,,1.0,1.0,,,,,,,,2.0,1.0,,59.0,,,,,,,,,,,7.0,,,1.0,1.0,,,,2.0,,18.0,5.0,23.0,1,,28.0,,1.0,,
2015-16,6768043,5,8,Chelsea,Away,518,Cesc Fàbregas,cesc-fabregas,M,False,4.0,,6.0,42.0,22.0,60.0,1.0,,2.0,,,,3.0,,,,4.0,1.0,,,,,,,,1.0,3.0,,74.0,,,,,,,,,,,6.9,,,,,,10.0,,9.0,1.0,54.0,24.0,68.0,0,,83.0,,1.0,,
2015-16,6768043,5,11,Everton,Home,544,Gareth Barry,gareth-barry,M,False,,,4.0,22.0,12.0,34.0,1.0,2.0,5.0,,,,1.0,,,,3.0,8.0,,,1.0,,,,,1.0,1.0,,90.0,,3.0,,,,,,,,,7.5,,,,5.0,1.0,,,7.0,,28.0,12.0,40.0,0,5.0,58.0,,,1.0,
2015-16,6768043,5,11,Everton,Home,1161,Leon Osman,leon-osman,M,True,,,,,,,,,,,,,,,,,,,,,,,,,,,,,,,,,,,,,,,,,,,,,,,,,,,,,0,,,,,,
2015-16,6768043,5,11,Everton,Home,3593,Kevin Mirallas,kevin-mirallas,M,True,,,,,,,,,,,,,,,,,,,,,,,,,,,,,,,,,,,,,,,,,,,,,,,,,,,,,0,,,,,,
2015-16,6768043,5,8,Chelsea,Away,7311,John Obi Mikel,john-obi-mikel,M,False,,,2.0,23.0,19.0,42.0,1.0,,3.0,,,,,,,,2.0,1.0,,,1.0,1.0,,,,,1.0,,55.0,,,,,,,,,,,6.8,,,,1.0,,,,4.0,,26.0,20.0,46.0,0,1.0,48.0,,,,
2015-16,6768043,5,11,Everton,Home,9692,Aaron Lennon,aaron-lennon,M,True,,,,1.0,1.0,2.0,,,,,,,,,,,,1.0,,,,,,,,,,,18.0,,,,,,,,,,,6.7,,,,,,,,,,2.0,1.0,3.0,0,,7.0,,1.0,,
2015-16,6768043,5,8,Chelsea,Away,31417,Willian,willian,M,True,,,1.0,10.0,,10.0,,,,,,,,,,,4.0,,,,3.0,,,,,,,,16.0,,,,,,,,,,,5.9,,,,1.0,1.0,3.0,,3.0,,18.0,,15.0,0,,21.0,,,,
2015-16,6768043,5,11,Everton,Home,39283,James McCarthy,james-mccarthy,M,False,,,2.0,19.0,19.0,38.0,,,2.0,,,,2.0,,,,2.0,3.0,,1.0,,,,,,,,,90.0,1.0,,,,,,,,,,6.7,,,,4.0,,2.0,,3.0,,24.0,19.0,41.0,1,3.0,53.0,1.0,,,
2015-16,6768043,5,8,Chelsea,Away,44241,Nemanja Matić,nemanja-matic,M,False,1.0,,2.0,28.0,29.0,56.0,2.0,1.0,6.0,,,2.0,,,,,3.0,11.0,,,1.0,,1.0,,,4.0,1.0,,90.0,1.0,,,,,,,,,,8.6,,,,,1.0,3.0,,3.0,,32.0,30.0,59.0,3,8.0,81.0,,1.0,1.0,
2015-16,6768043,5,11,Everton,Home,98435,Ross Barkley,ross-barkley,M,False,1.0,,2.0,31.0,5.0,35.0,,1.0,4.0,,,,1.0,,,2.0,6.0,6.0,,,,2.0,,,,,4.0,,90.0,1.0,,,,,,,,,,7.6,,,1.0,,4.0,6.0,,3.0,,40.0,9.0,43.0,2,,65.0,,4.0,1.0,
2015-16,6768043,5,11,Everton,Home,124960,Muhamed Bešić,muhamed-besic,M,False,,,,,1.0,1.0,,,,,,,,,,,,,,,,,,,,,,,9.0,,,,,,,,,,,6.4,,,,,,1.0,,,,1.0,1.0,1.0,0,,2.0,,,,
2015-16,6768043,5,8,Chelsea,Away,284441,Ruben Loftus-Cheek,ruben-loftus-cheek,M,True,,,,,,,,,,,,,,,,,,,,,,,,,,,,,,,,,,,,,,,,,,,,,,,,,,,,,0,,,,,,
2015-16,6768043,5,8,Chelsea,Away,801391,Kenedy,kenedy,M,True,,,,12.0,2.0,14.0,1.0,,3.0,,,,2.0,,,,4.0,4.0,,,,,,,,,1.0,,35.0,,,,,,,,,,,6.8,,,1.0,,2.0,,,1.0,,16.0,2.0,18.0,1,1.0,26.0,1.0,2.0,1.0,
2015-16,6768044,5,57,Watford,Home,642,Ben Watson,ben-watson,M,True,,,,3.0,3.0,6.0,1.0,,3.0,,,,,,,,1.0,1.0,,,,,,,,3.0,,,24.0,,,,,,,,,,,6.9,,,,1.0,,,,2.0,,6.0,3.0,9.0,0,1.0,14.0,,,,
2015-16,6768044,5,57,Watford,Home,1037,Lloyd Dyer,lloyd-dyer,M,True,,,,,,,,,,,,,,,,,,,,,,,,,,,,,,,,,,,,,,,,,,,,,,,,,,,,,0,,,,,,
2015-16,6768044,5,57,Watford,Home,4366,Almen Abdi,almen-abdi,M,False,,,,12.0,5.0,17.0,1.0,1.0,4.0,,,1.0,,,,1.0,3.0,4.0,,,1.0,,,,,1.0,1.0,,66.0,1.0,,,,,,,,,,7.3,,,1.0,,,2.0,,1.0,,16.0,5.0,19.0,3,3.0,37.0,1.0,,,
2015-16,6768044,5,57,Watford,Home,11654,Valon Behrami,valon-behrami,M,False,,,1.0,8.0,7.0,15.0,2.0,1.0,3.0,,,,,,,,6.0,6.0,,,4.0,,,,,1.0,,,64.0,,,,,,,,,,,6.5,,,,,,,,1.0,,9.0,8.0,17.0,0,4.0,24.0,,1.0,,
2015-16,6768044,5,57,Watford,Home,13990,José Jurado,jose-jurado,M,False,,,,20.0,8.0,28.0,1.0,,4.0,1.0,,1.0,1.0,,,2.0,5.0,4.0,,,,,,,,2.0,2.0,,90.0,,,,,,,,,,,6.8,,,1.0,,2.0,5.0,,,,30.0,9.0,34.0,2,1.0,56.0,2.0,2.0,1.0,
2015-16,6768044,5,57,Watford,Home,16701,Étienne Capoue,etienne-capoue,M,False,,,1.0,16.0,14.0,30.0,1.0,1.0,7.0,,,1.0,1.0,,,,6.0,5.0,,,4.0,,,,,5.0,1.0,,90.0,1.0,,,,,,,,,,7.4,,,1.0,1.0,1.0,1.0,,7.0,,26.0,16.0,41.0,3,3.0,63.0,3.0,,1.0,
2015-16,6768044,5,57,Watford,Home,20364,Ikechi Anya,ikechi-anya,M,False,,,3.0,15.0,10.0,25.0,2.0,2.0,5.0,,,,,,,,3.0,7.0,,1.0,,,,,,3.0,1.0,,90.0,,,,,,,,,,,7.2,,,,4.0,2.0,3.0,,7.0,,22.0,12.0,31.0,0,1.0,65.0,1.0,3.0,1.0,
2015-16,6768044,5,80,Swansea_City,Away,20993,Jack Cork,jack-cork,M,False,,,4.0,18.0,28.0,46.0,3.0,5.0,7.0,,,,,,,2.0,5.0,10.0,,,,,,,,,,,66.0,,,,,,,,,,,7.1,,,,6.0,2.0,,,5.0,,25.0,30.0,55.0,0,2.0,70.0,,2.0,2.0,
2015-16,6768044,5,57,Watford,Home,27803,Alessandro Diamanti,alessandro-diamanti,M,True,,,1.0,4.0,,4.0,,,1.0,,,,,,,,,,,,,,,,,,,,6.0,,,,,,,,,,,,,,,,,,,2.0,,7.0,,7.0,0,,8.0,1.0,,,
2015-16,6768044,5,80,Swansea_City,Away,30243,Neil Taylor,neil-taylor,M,False,,,1.0,19.0,19.0,38.0,,2.0,6.0,,,,,,,,2.0,3.0,,,2.0,,,,,,,,90.0,,1.0,,,,,,,,,6.7,,,,4.0,,1.0,,6.0,,28.0,21.0,48.0,0,,71.0,1.0,1.0,,
2015-16,6768044,5,80,Swansea_City,Away,36465,Jonjo Shelvey,jonjo-shelvey,M,False,,,12.0,29.0,21.0,50.0,,,8.0,,,1.0,1.0,,,2.0,5.0,3.0,,,,,,,,,,,90.0,1.0,,,,,,,,,,6.8,,,1.0,,4.0,5.0,,18.0,,45.0,21.0,61.0,3,,82.0,1.0,1.0,2.0,
2015-16,6768044,5,80,Swansea_City,Away,38642,Sung-Yueng Ki,sung-yueng-ki,M,True,,,4.0,20.0,10.0,30.0,,,4.0,,,,,,,,1.0,1.0,,,1.0,,,,,1.0,2.0,,24.0,,,,,,,,,,,7.0,,,,,,1.0,,5.0,,25.0,12.0,36.0,0,1.0,39.0,,,,
2015-16,6768044,5,80,Swansea_City,Away,43192,Gylfi Sigurðsson,gylfi-sigursson,M,False,,,1.0,10.0,6.0,16.0,1.0,,3.0,,,,,,,2.0,4.0,,,,,,,,,,,,71.0,,,,,,,,,,,6.0,,,,,1.0,,,1.0,,15.0,8.0,23.0,0,,28.0,1.0,,,
2015-16,6768044,5,80,Swansea_City,Away,54686,Jefferson Montero,jefferson-montero,M,True,2.0,,,9.0,2.0,9.0,,,2.0,1.0,,,1.0,,,1.0,4.0,1.0,,,1.0,,,,,,1.0,,30.0,,,,,,,,,,,6.4,,,1.0,,2.0,10.0,,,,19.0,2.0,11.0,1,,28.0,1.0,,1.0,
2015-16,6768045,5,56,Sunderland,Home,524,Sebastian Larsson,sebastian-larsson,M,True,,,,,,,,,,,,,,,,,,,,,,,,,,,,,,,,,,,,,,,,,,,,,,,,,,,,,0,,,,,,
2015-16,6768045,5,56,Sunderland,Home,14210,Lee Cattermole,lee-cattermole,M,True,,,1.0,4.0,1.0,5.0,,,,,,,1.0,,,,1.0,1.0,,,,,,,,1.0,,,16.0,,,,,,,,,,,6.5,,,,,,,,1.0,,5.0,2.0,7.0,0,1.0,10.0,,,,
2015-16,6768045,5,56,Sunderland,Home,32045,Yann M'Vila,yann-mvila,M,False,1.0,,5.0,21.0,15.0,35.0,,2.0,14.0,,,,,,,2.0,2.0,7.0,,1.0,,,,,,2.0,2.0,,90.0,,,,,,,,,,,7.3,,,,4.0,,6.0,,7.0,,32.0,16.0,42.0,0,5.0,66.0,,,,
2015-16,6768045,5,6,Tottenham_Hotspur,Away,32492,Nacer Chadli,nacer-chadli,M,False,,,1.0,25.0,8.0,33.0,2.0,1.0,5.0,,,1.0,1.0,,,4.0,9.0,4.0,,,1.0,,,,,1.0,2.0,,90.0,,,,,,,,,,,6.7,,,2.0,2.0,3.0,1.0,,2.0,,30.0,9.0,38.0,3,,59.0,4.0,1.0,2.0,
2015-16,6768045,5,56,Sunderland,Home,35528,Jordi Gómez,jordi-gomez,M,False,,,1.0,13.0,12.0,25.0,,2.0,1.0,,,,1.0,,,1.0,4.0,8.0,,,2.0,,,,,2.0,1.0,,74.0,,,,,,,,,,,7.2,,,,2.0,,2.0,,2.0,,19.0,12.0,29.0,0,5.0,44.0,,1.0,,
2015-16,6768045,5,6,Tottenham_Hotspur,Away,44567,Ryan Mason,ryan-mason,M,False,,,9.0,40.0,16.0,56.0,1.0,1.0,5.0,,,,,,,,2.0,6.0,,,1.0,,1.0,,,,2.0,,85.0,2.0,1.0,,,,,,,,,8.3,,,1.0,,1.0,2.0,,12.0,,54.0,17.0,69.0,3,3.0,81.0,,1.0,1.0,
2015-16,6768045,5,6,Tottenham_Hotspur,Away,122702,Erik Lamela,erik-lamela,M,True,1.0,,1.0,10.0,2.0,11.0,1.0,,,1.0,1.0,,1.0,,,1.0,3.0,1.0,,,,1.0,,,,,4.0,,23.0,,,,,,,,,,,7.3,,,1.0,,,2.0,,1.0,,11.0,2.0,11.0,1,1.0,18.0,1.0,,,
2015-16,6768045,5,6,Tottenham_Hotspur,Away,198028,Dele Alli,dele-alli,M,False,,,1.0,14.0,8.0,22.0,3.0,,6.0,,,,2.0,,,1.0,11.0,9.0,,,4.0,,,,,,1.0,,67.0,,,,,,,,,,,6.6,,,,1.0,4.0,1.0,,2.0,,20.0,9.0,28.0,0,3.0,46.0,3.0,4.0,2.0,
2015-16,6768045,5,56,Sunderland,Home,240256,Duncan Watmore,duncan-watmore,M,True,,,,2.0,,2.0,,,,,,,,,,2.0,2.0,,,,,,,,,2.0,,,16.0,,,,,,,,,,,6.4,,,,,,,,,,2.0,,2.0,0,,9.0,1.0,,,
2015-16,6768045,5,6,Tottenham_Hotspur,Away,545780,Harry Winks,harry-winks,M,True,,,,,,,,,,,,,,,,,,,,,,,,,,,,,,,,,,,,,,,,,,,,,,,,,,,,,0,,,,,,
2015-16,6768045,5,6,Tottenham_Hotspur,Away,801460,Tom Carroll,carroll-tom,M,True,,,,3.0,,3.0,1.0,,,,,,,,,,1.0,1.0,,,,,,,,1.0,,,5.0,,,,,,,,,,,,,,,,,,,1.0,,4.0,,4.0,0,1.0,6.0,,,,
2015-16,6768046,5,45,Norwich_City,Home,512,Alexander Tettey,alexander-tettey,M,False,,,2.0,12.0,22.0,34.0,1.0,3.0,5.0,,,,1.0,,,,5.0,8.0,,,3.0,,,,,5.0,,,90.0,,1.0,,,,,,,,,7.2,,,1.0,3.0,1.0,,,5.0,,16.0,25.0,41.0,1,3.0,58.0,,2.0,1.0,
2015-16,6768046,5,45,Norwich_City,Home,9148,Graham Dorrans,graham-dorrans,M,True,,,,,4.0,4.0,,,1.0,,,,,,,,,1.0,,,,,,,,,,,17.0,,,,,,,,,,,6.5,,,,,,,,1.0,,1.0,4.0,5.0,0,1.0,8.0,1.0,,,
2015-16,6768046,5,91,Bournemouth,Away,11764,Marc Pugh,marc-pugh,M,True,,,,,,,,,,,,,,,,,,,,,,,,,,,,,,,,,,,,,,,,,,,,,,,,,,,,,0,,,,,,
2015-16,6768046,5,45,Norwich_City,Home,14336,Wesley Hoolahan,wesley-hoolahan,M,False,,,,28.0,14.0,42.0,,,12.0,1.0,,,,,,4.0,7.0,4.0,,,3.0,1.0,1.0,,,2.0,3.0,,73.0,1.0,,,,,,,,,,8.2,,,,,3.0,,,1.0,,33.0,15.0,48.0,1,2.0,61.0,,,2.0,
2015-16,6768046,5,91,Bournemouth,Away,14695,Andrew Surman,andrew-surman,M,False,,,2.0,34.0,22.0,56.0,1.0,,2.0,,,1.0,,,,1.0,2.0,2.0,,,,,,,,3.0,1.0,,90.0,,,,,,,,,,,6.8,,,,1.0,,1.0,,4.0,,40.0,22.0,61.0,1,,72.0,,2.0,,
2015-16,6768046,5,45,Norwich_City,Home,20095,Matt Jarvis,matt-jarvis,M,False,1.0,,,15.0,4.0,18.0,,1.0,2.0,,,,1.0,,,,2.0,5.0,,,,,1.0,,,1.0,,,73.0,1.0,,,,,,,,,,7.1,,,,,2.0,6.0,,1.0,,23.0,5.0,22.0,1,1.0,39.0,1.0,2.0,1.0,
2015-16,6768046,5,45,Norwich_City,Home,29691,Gary O'Neil,gary-oneil,M,True,,,,,,,,,,,,,,,,,,,,,,,,,,,,,,,,,,,,,,,,,,,,,,,,,,,,,0,,,,,,
2015-16,6768046,5,91,Bournemouth,Away,41628,Eunan O'Kane,eunan-okane,M,False,,,6.0,21.0,8.0,29.0,2.0,,4.0,,,,1.0,,,3.0,7.0,2.0,2.0,,,,,,,,,,72.0,,,,,,,,,,,5.1,,,,1.0,1.0,,,8.0,,27.0,10.0,37.0,0,2.0,45.0,1.0,,,
2015-16,6768046,5,91,Bournemouth,Away,42699,Matt Ritchie,matt-ritchie,M,False,,,,19.0,12.0,31.0,,,5.0,,,,1.0,,,,3.0,2.0,,,2.0,,,,,1.0,,,90.0,,,,,,,,,,,6.1,,,,,,5.0,,3.0,,35.0,12.0,42.0,0,1.0,64.0,3.0,1.0,,
2015-16,6768046,5,91,Bournemouth,Away,44823,Junior Stanislas,junior-stanislas,M,False,,,,15.0,3.0,18.0,1.0,,6.0,,,,1.0,,,,9.0,3.0,,,1.0,,,,,,,,57.0,,,,,,,,,,,6.0,,,2.0,,7.0,3.0,,1.0,,24.0,4.0,25.0,2,1.0,44.0,,1.0,1.0,
2015-16,6768046,5,45,Norwich_City,Home,115346,Nathan Redmond,nathan-redmond,M,False,,,1.0,22.0,5.0,27.0,,,1.0,,,,,,,1.0,3.0,3.0,,,,,,,,,3.0,,90.0,,,,,,,,,,,6.7,,,1.0,,3.0,1.0,,1.0,,27.0,5.0,31.0,1,1.0,40.0,1.0,1.0,1.0,
2015-16,6768046,5,45,Norwich_City,Home,267621,Robbie Brady,robbie-brady,M,False,1.0,,7.0,21.0,23.0,43.0,1.0,2.0,6.0,,,,,,,1.0,3.0,7.0,,,1.0,,,,1.0,3.0,1.0,,90.0,1.0,,,,,,,,,,7.7,,,1.0,,,9.0,,8.0,,36.0,23.0,50.0,2,5.0,80.0,2.0,,,
2015-16,6768047,6,45,Norwich_City,Away,512,Alexander Tettey,alexander-tettey,M,False,,,1.0,9.0,22.0,31.0,2.0,1.0,11.0,,,1.0,1.0,,,2.0,9.0,3.0,,,5.0,,,,,3.0,,,90.0,,,,,,,,,,,6.4,,,,2.0,,,,4.0,,12.0,27.0,39.0,1,2.0,50.0,,,,
2015-16,6768047,6,14,Liverpool,Home,791,James Milner,james-milner,M,False,1.0,,4.0,32.0,13.0,44.0,2.0,2.0,6.0,,,1.0,5.0,,,4.0,13.0,5.0,,,1.0,,,,,,2.0,,90.0,1.0,,,,,,,,,,6.0,,,,,1.0,9.0,,9.0,,55.0,14.0,60.0,2,3.0,88.0,4.0,,,
2015-16,6768047,6,45,Norwich_City,Away,9148,Graham Dorrans,graham-dorrans,M,False,,,2.0,15.0,23.0,38.0,,,6.0,,,,5.0,,,1.0,8.0,4.0,,,,,,,,1.0,2.0,,85.0,,1.0,,,,,,,,,6.6,,,1.0,,6.0,,,4.0,,17.0,24.0,41.0,1,,54.0,2.0,,4.0,
2015-16,6768047,6,45,Norwich_City,Away,14336,Wesley Hoolahan,wesley-hoolahan,M,True,,,,,,,,,,,,,,,,,,,,,,,,,,,,,,,,,,,,,,,,,,,,,,,,,,,,,0,,,,,,
2015-16,6768047,6,14,Liverpool,Home,17054,Adam Lallana,adam-lallana,M,True,,,,5.0,5.0,10.0,,,2.0,,,1.0,,,,,1.0,4.0,,,,,,,,,2.0,,27.0,,,,,,,,,,,7.2,,,1.0,,4.0,3.0,,,,11.0,5.0,13.0,2,,26.0,1.0,1.0,3.0,
2015-16,6768047,6,45,Norwich_City,Away,20095,Matt Jarvis,matt-jarvis,M,False,,,,11.0,2.0,13.0,,,2.0,,1.0,,1.0,,,1.0,2.0,,,,,,,,,,1.0,,90.0,1.0,,,,,,,,,,6.1,,,,,,4.0,,,1.0,21.0,2.0,19.0,1,,27.0,,,,
2015-16,6768047,6,14,Liverpool,Home,27234,Lucas Leiva,lucas-leiva,M,False,,,4.0,27.0,24.0,51.0,1.0,1.0,11.0,1.0,,,2.0,,,1.0,4.0,4.0,,,,,,,,1.0,3.0,,72.0,,,,,,,,,,,7.5,,,,,,,,4.0,,28.0,26.0,54.0,0,3.0,62.0,,,,
2015-16,6768047,6,45,Norwich_City,Away,29691,Gary O'Neil,gary-oneil,M,True,,,,,,,,,,,,,1.0,,,,1.0,1.0,,,,,,,,,,,5.0,,,,,,,,,,,,,,,,,,,,,,,,0,1.0,1.0,,,,
2015-16,6768047,6,45,Norwich_City,Away,115346,Nathan Redmond,nathan-redmond,M,False,1.0,,,17.0,16.0,32.0,4.0,,7.0,1.0,,,1.0,,,2.0,11.0,3.0,,,1.0,,,,,1.0,2.0,,90.0,,,,,,,,,,,6.4,,,1.0,,4.0,4.0,,2.0,,29.0,18.0,43.0,1,1.0,62.0,3.0,1.0,1.0,
2015-16,6768047,6,14,Liverpool,Home,119159,Philippe Coutinho,philippe-coutinho,M,False,,,1.0,28.0,12.0,40.0,,1.0,2.0,,1.0,4.0,2.0,,,1.0,3.0,5.0,,,,,,,,,1.0,,90.0,2.0,,,,,,,,,,7.6,,,4.0,,1.0,2.0,,1.0,,34.0,12.0,44.0,10,1.0,69.0,2.0,3.0,1.0,
2015-16,6768047,6,14,Liverpool,Home,143697,Roberto Firmino,roberto-firmino,M,True,,,3.0,8.0,4.0,12.0,1.0,,,1.0,,,1.0,,,,3.0,4.0,,,1.0,,,,,1.0,2.0,,18.0,1.0,,,,,,,,,,7.5,,,,,4.0,1.0,,3.0,1.0,11.0,4.0,14.0,1,,21.0,,,4.0,
2015-16,6768047,6,14,Liverpool,Home,185955,Jordon Ibe,jordon-ibe,M,True,,,,,,,,,,,,,,,,,,,,,,,,,,,,,,,,,,,,,,,,,,,,,,,,,,,,,0,,,,,,
2015-16,6768047,6,45,Norwich_City,Away,267621,Robbie Brady,robbie-brady,M,False,,,1.0,16.0,11.0,27.0,,,5.0,,,,1.0,,,1.0,6.0,9.0,,,2.0,,,,,1.0,,,90.0,,1.0,,,,,,,,,6.9,,,1.0,6.0,5.0,3.0,,9.0,,31.0,15.0,43.0,1,5.0,80.0,1.0,1.0,3.0,
2015-16,6768049,6,35,West_Bromwich_Albion,Away,765,Darren Fletcher,darren-fletcher,M,False,,,3.0,26.0,11.0,37.0,2.0,1.0,8.0,,,,2.0,,,3.0,7.0,4.0,,,,,,,,1.0,1.0,,90.0,1.0,,,,,,,,,,6.6,,,,3.0,1.0,1.0,,3.0,,30.0,12.0,41.0,1,,56.0,2.0,2.0,1.0,
2015-16,6768049,6,35,West_Bromwich_Albion,Away,822,James Morrison,james-morrison,M,False,,,3.0,18.0,15.0,33.0,1.0,,7.0,,,1.0,2.0,,,3.0,7.0,6.0,,,,1.0,,,,4.0,1.0,,90.0,,,,,,,,,,,7.1,,,1.0,1.0,2.0,,,4.0,,21.0,15.0,36.0,2,2.0,53.0,,3.0,1.0,
2015-16,6768049,6,7,Aston_Villa,Home,1208,Joe Cole,joe-cole,M,True,,,,,,,,,,,,,,,,,,,,,,,,,,,,,,,,,,,,,,,,,,,,,,,,,,,,,0,,,,,,
2015-16,6768049,6,35,West_Bromwich_Albion,Away,10540,Chris Brunt,chris-brunt,M,False,1.0,,2.0,16.0,11.0,26.0,2.0,2.0,7.0,,,,,,,1.0,4.0,5.0,,,1.0,,,,,3.0,1.0,,90.0,,,,,,,,,,,7.2,,,,5.0,1.0,4.0,,9.0,,25.0,13.0,34.0,0,2.0,67.0,2.0,,1.0,
2015-16,6768049,6,35,West_Bromwich_Albion,Away,14235,Craig Gardner,craig-gardner,M,True,,,,6.0,1.0,7.0,1.0,,1.0,,,,,,,2.0,3.0,2.0,,,,,,,,1.0,,,23.0,,,,,,,,,,,6.5,,,,,1.0,2.0,,,,8.0,2.0,8.0,0,1.0,17.0,,,1.0,
2015-16,6768049,6,7,Aston_Villa,Home,24055,Scott Sinclair,scott-sinclair,M,False,,,,3.0,2.0,5.0,,,,,,,,,,,1.0,1.0,,,,,,,,,,,45.0,,,,,,,,,,,6.4,,,,,1.0,1.0,,,,4.0,3.0,6.0,0,,10.0,1.0,1.0,,
2015-16,6768049,6,35,West_Bromwich_Albion,Away,41631,James McClean,james-mcclean,M,False,1.0,,,11.0,1.0,11.0,4.0,2.0,3.0,,,,4.0,,,4.0,16.0,10.0,,,2.0,,,,,2.0,1.0,,89.0,,,,,,,,,,,6.7,,,,2.0,4.0,2.0,,1.0,,19.0,1.0,18.0,0,4.0,46.0,1.0,2.0,2.0,
2015-16,6768049,6,7,Aston_Villa,Home,49647,Ashley Westwood,ashley-westwood,M,False,1.0,,4.0,36.0,18.0,53.0,,,8.0,,,,,,,1.0,3.0,5.0,,,2.0,,,,,4.0,,,90.0,,,,,,,,,,,7.6,,,3.0,2.0,,3.0,,8.0,,44.0,21.0,62.0,3,5.0,84.0,,,,
2015-16,6768049,6,35,West_Bromwich_Albion,Away,53783,Callum McManaman,callum-mcmanaman,M,True,,,,,,,,,,,,,,,,,,,,,,,,,,,,,,,,,,,,,,,,,,,,,,,,,,,,,0,,,,,,
2015-16,6768049,6,7,Aston_Villa,Home,74545,Leandro Bacuna,leandro-bacuna,M,True,2.0,,1.0,6.0,,4.0,1.0,,1.0,1.0,,1.0,2.0,,,,4.0,,,,,,,,,,1.0,,14.0,,,,,,,,,,,6.7,,,,,1.0,5.0,,2.0,,12.0,,7.0,1,,15.0,,,,
2015-16,6768049,6,35,West_Bromwich_Albion,Away,151037,Claudio Yacob,claudio-yacob,M,False,,,2.0,12.0,16.0,28.0,4.0,2.0,8.0,,,,1.0,,,1.0,9.0,4.0,,,2.0,,,,,4.0,1.0,,90.0,,2.0,,,,,,,,,6.7,,,,3.0,2.0,,,5.0,,16.0,17.0,33.0,0,1.0,47.0,,,1.0,
2015-16,6768049,6,7,Aston_Villa,Home,151124,Jordan Veretout,jordan-veretout,M,True,,,,4.0,4.0,8.0,,1.0,1.0,,,,,,,,,1.0,,,,,,,,,,,8.0,,,,,,,,,,,6.6,,,,,,,,,,5.0,4.0,9.0,0,,9.0,,,,
2015-16,6768049,6,35,West_Bromwich_Albion,Away,187433,Serge Gnabry,serge-gnabry,M,True,,,,,,,,,,,,,,,,,,,,,,,,,,,,,,,,,,,,,,,,,,,,,,,,,,,,,0,,,,,,
2015-16,6768049,6,7,Aston_Villa,Home,189061,Jack Grealish,jack-grealish,M,False,,,4.0,27.0,14.0,41.0,2.0,,7.0,,,1.0,,,,,4.0,9.0,,,,,,,,,2.0,,90.0,,,,,,,,,,,7.6,,,1.0,,7.0,1.0,,5.0,,34.0,14.0,47.0,2,,64.0,1.0,4.0,5.0,
2015-16,6768049,6,7,Aston_Villa,Home,254895,Carles Gil,carles-gil,M,False,,,1.0,31.0,10.0,41.0,,,3.0,,,1.0,,,,2.0,3.0,3.0,,,1.0,,,,,,1.0,,76.0,1.0,,,,,,,,,,6.8,,,,,2.0,2.0,,1.0,,43.0,10.0,51.0,2,,61.0,,1.0,2.0,
2015-16,6768050,6,8,Chelsea,Home,518,Cesc Fàbregas,cesc-fabregas,M,False,1.0,,6.0,58.0,18.0,75.0,2.0,1.0,15.0,2.0,,2.0,3.0,,,1.0,10.0,6.0,,,3.0,1.0,,,,1.0,3.0,,89.0,1.0,,,,,,,,,,8.0,,,,,1.0,3.0,,10.0,,70.0,20.0,87.0,3,3.0,102.0,,2.0,,
2015-16,6768050,6,3,Arsenal,Away,1152,Mikel Arteta,mikel-arteta,M,True,,,,,,,,,,,,,,,,,,,,,,,,,,,,,,,,,,,,,,,,,,,,,,,,,,,,,0,,,,,,
2015-16,6768050,6,8,Chelsea,Home,7311,John Obi Mikel,john-obi-mikel,M,True,,,,9.0,3.0,12.0,,,,,,,,,,,,,,,,,,,,,,,1.0,,,,,,,,,,,,,,,,,,,,,9.0,3.0,12.0,0,,12.0,,,,
2015-16,6768050,6,3,Arsenal,Away,10501,Theo Walcott,theo-walcott,M,False,,,,12.0,1.0,13.0,1.0,,3.0,,,1.0,,,,1.0,3.0,2.0,,,,,,,,,1.0,,90.0,1.0,,,,,,,,,,6.9,,,1.0,,2.0,,,,3.0,15.0,3.0,18.0,3,,28.0,1.0,1.0,1.0,
2015-16,6768050,6,3,Arsenal,Away,10577,Alex Oxlade-Chamberlain,alex-oxlade-chamberlain,M,True,,,,1.0,3.0,4.0,,1.0,2.0,,,,,,,,1.0,3.0,,,,,,,,,,,15.0,,1.0,,,,,,,,,6.6,,,,,2.0,,,,,4.0,4.0,8.0,0,1.0,13.0,,,1.0,
2015-16,6768050,6,3,Arsenal,Away,16176,Mesut Özil,mesut-ozil,M,False,1.0,,1.0,20.0,11.0,30.0,,,7.0,,,,1.0,,,3.0,4.0,3.0,,,,,,,,2.0,2.0,,75.0,,,,,,,,,,,6.8,,,,,1.0,2.0,,1.0,,22.0,12.0,32.0,0,2.0,47.0,1.0,,1.0,
2015-16,6768050,6,3,Arsenal,Away,17651,Santi Cazorla,santi-cazorla,M,False,,,2.0,26.0,20.0,46.0,,,10.0,,,,4.0,,,1.0,7.0,10.0,,,2.0,,,,,2.0,,,79.0,,1.0,,,,,,,,,6.7,,,,1.0,3.0,6.0,,3.0,,36.0,25.0,55.0,0,5.0,81.0,1.0,2.0,3.0,
2015-16,6768050,6,3,Arsenal,Away,23571,Aaron Ramsey,aaron-ramsey,M,False,1.0,,3.0,14.0,16.0,29.0,1.0,1.0,5.0,,,1.0,4.0,,,3.0,13.0,9.0,,,2.0,,,,,1.0,,,90.0,1.0,,,,,,,,,,6.5,,,1.0,,4.0,2.0,,5.0,,24.0,19.0,41.0,3,4.0,68.0,2.0,3.0,1.0,
2015-16,6768050,6,8,Chelsea,Home,33110,Ramires,ramires,M,True,,,3.0,17.0,6.0,23.0,,,3.0,,,1.0,3.0,,,,4.0,2.0,,,1.0,,,,,,,,21.0,,1.0,,,,,,,,,6.6,,,,,1.0,1.0,,3.0,,21.0,6.0,26.0,1,1.0,31.0,,,1.0,
2015-16,6768050,6,8,Chelsea,Home,39400,Oscar,oscar,M,False,,,,25.0,4.0,29.0,1.0,,7.0,,,,3.0,,,2.0,9.0,2.0,,,,,,,,1.0,2.0,,69.0,,,,,,,,,,,6.0,,,,1.0,3.0,1.0,,1.0,,31.0,8.0,38.0,0,2.0,53.0,2.0,,,
2015-16,6768050,6,3,Arsenal,Away,40672,Francis Coquelin,francis-coquelin,M,False,,,1.0,7.0,5.0,12.0,1.0,,2.0,,,,,,,,2.0,5.0,,,1.0,,,,,1.0,,,45.0,,,,,,,,,,,7.1,,,,,4.0,,,2.0,,8.0,6.0,14.0,0,1.0,22.0,,,4.0,
2015-16,6768050,6,8,Chelsea,Home,44241,Nemanja Matić,nemanja-matic,M,False,,,5.0,46.0,29.0,75.0,,1.0,7.0,,,2.0,3.0,,,1.0,5.0,5.0,,,1.0,,,,,2.0,3.0,,90.0,,,,,,,,,,,7.5,,,,3.0,,,,6.0,,52.0,29.0,81.0,2,4.0,96.0,1.0,,,
2015-16,6768050,6,8,Chelsea,Home,284441,Ruben Loftus-Cheek,ruben-loftus-cheek,M,True,,,,,,,,,,,,,,,,,,,,,,,,,,,,,,,,,,,,,,,,,,,,,,,,,,,,,0,,,,,,
2015-16,6768051,6,21,West_Ham_United,Away,9741,Mark Noble,mark-noble,M,False,,,6.0,12.0,24.0,36.0,1.0,2.0,8.0,,,,6.0,,,1.0,9.0,8.0,,,,,,,,2.0,,,90.0,,1.0,,,,,,,,,6.7,,,,1.0,1.0,,,6.0,,15.0,28.0,43.0,0,5.0,61.0,1.0,1.0,,
2015-16,6768051,6,43,Manchester_City,Home,13630,Fernandinho,fernandinho,M,False,,,3.0,73.0,21.0,94.0,4.0,3.0,12.0,,,1.0,4.0,,,1.0,11.0,9.0,,,1.0,,,,,2.0,,,90.0,1.0,,,,,,,,,,7.0,,,,2.0,1.0,,,7.0,,77.0,24.0,101.0,2,5.0,123.0,1.0,1.0,,
2015-16,6768051,6,21,West_Ham_United,Away,14216,Dimitri Payet,dimitri-payet,M,False,1.0,,1.0,16.0,13.0,28.0,2.0,,7.0,1.0,,,3.0,,,2.0,11.0,7.0,,,,1.0,,,,2.0,3.0,,90.0,1.0,,,,,,,,,,7.3,,,,1.0,6.0,2.0,,1.0,,24.0,16.0,38.0,1,4.0,60.0,2.0,1.0,2.0,
2015-16,6768051,6,43,Manchester_City,Home,14468,Yaya Touré,yaya-toure,M,False,2.0,,4.0,44.0,18.0,60.0,2.0,1.0,5.0,,2.0,3.0,1.0,,,1.0,11.0,10.0,,,4.0,,,,,,3.0,,90.0,2.0,,,,,,,,,,7.7,,,2.0,2.0,9.0,3.0,,11.0,,62.0,18.0,77.0,7,2.0,106.0,3.0,1.0,6.0,
2015-16,6768051,6,43,Manchester_City,Home,41837,Fernando,fernando-reges,M,True,,,,,,,,,,,,,,,,,,,,,,,,,,,,,,,,,,,,,,,,,,,,,,,,,,,,,0,,,,,,
2015-16,6768051,6,21,West_Ham_United,Away,46799,Pedro Obiang,pedro-obiang,M,False,,,1.0,2.0,18.0,20.0,1.0,2.0,4.0,1.0,,,1.0,,,,3.0,3.0,,,1.0,1.0,,,,2.0,1.0,,90.0,,2.0,,,,,,,,,7.1,,,,4.0,,,,4.0,,8.0,19.0,27.0,0,1.0,40.0,1.0,,,
2015-16,6768051,6,43,Manchester_City,Home,70996,Kevin De Bruyne,kevin-de-bruyne,M,False,3.0,,5.0,56.0,4.0,57.0,,2.0,8.0,,,2.0,4.0,,,1.0,7.0,6.0,,,1.0,,1.0,,,2.0,4.0,,90.0,1.0,,,,,,,,,,8.0,,,1.0,1.0,4.0,10.0,,6.0,,76.0,4.0,70.0,4,1.0,100.0,4.0,,3.0,
2015-16,6768051,6,21,West_Ham_United,Away,220315,Manuel Lanzini,manuel-lanzini,M,False,1.0,,,7.0,9.0,15.0,1.0,1.0,5.0,,,,1.0,,,2.0,5.0,7.0,,,1.0,,,,,3.0,1.0,,69.0,,,,,,,,,,,7.0,,,,,4.0,1.0,,,,10.0,11.0,20.0,0,1.0,33.0,,1.0,4.0,
2015-16,6768051,6,43,Manchester_City,Home,361326,Patrick Roberts,patrick-roberts,M,True,,,,,,,,,,,,,,,,,,,,,,,,,,,,,,,,,,,,,,,,,,,,,,,,,,,,,0,,,,,,
2015-16,6768062,6,1,Manchester_United,Away,326,Bastian Schweinsteiger,bastian-schweinsteiger,M,True,,,2.0,15.0,9.0,24.0,,1.0,4.0,,,,2.0,,,,2.0,3.0,,,,,,,,1.0,1.0,,30.0,,,,,,,,,,,6.7,,,,,1.0,,,3.0,,16.0,11.0,27.0,0,,31.0,,1.0,1.0,
2015-16,6768062,6,20,Southampton,Home,559,Steven Davis,steven-davis,M,True,,,,16.0,6.0,22.0,,1.0,5.0,,,,,,,,,3.0,,,,,,,,,,,34.0,,,,,,,,,,,6.8,,,,,1.0,,,,,16.0,7.0,23.0,0,1.0,25.0,,,1.0,
2015-16,6768062,6,1,Manchester_United,Away,938,Michael Carrick,michael-carrick,M,False,,,1.0,20.0,20.0,40.0,1.0,,5.0,,,,,,,2.0,3.0,1.0,,,,,,,,1.0,,,60.0,,,,,,,,,,,6.4,,,,2.0,,,,3.0,,24.0,22.0,46.0,0,,54.0,1.0,1.0,,
2015-16,6768062,6,1,Manchester_United,Away,27009,Morgan Schneiderlin,morgan-schneiderlin,M,False,,,4.0,30.0,29.0,59.0,,2.0,4.0,,,1.0,2.0,,,,5.0,4.0,,,3.0,,,,,3.0,,,90.0,,,,,,,,,,,6.9,,,,4.0,,,,5.0,,31.0,31.0,62.0,1,2.0,75.0,3.0,,,
2015-16,6768062,6,1,Manchester_United,Away,28367,Juan Mata,juan-mata,M,False,1.0,,4.0,34.0,12.0,45.0,,,3.0,1.0,,1.0,3.0,,,3.0,7.0,,,,1.0,,1.0,,,,2.0,,90.0,1.0,,,,,,,,,,7.0,,,,2.0,,1.0,,5.0,,36.0,12.0,47.0,2,,59.0,1.0,,,
2015-16,6768062,6,20,Southampton,Home,44760,Cédric Soares,cedric-soares,M,True,,,,,,,,,,,,,,,,,,,,,,,,,,,,,,,,,,,,,,,,,,,,,,,,,,,,,0,,,,,,
2015-16,6768062,6,20,Southampton,Home,45956,Victor Wanyama,victor-wanyama,M,False,,,2.0,14.0,20.0,34.0,2.0,,7.0,,,,1.0,,,,4.0,8.0,,,1.0,,,,,3.0,,,90.0,2.0,1.0,,,,,,,,,7.3,,,,1.0,2.0,,,5.0,,21.0,21.0,42.0,2,2.0,58.0,,4.0,2.0,
2015-16,6768062,6,20,Southampton,Home,69416,Oriol Romeu,oriol-romeu,M,False,,,1.0,9.0,14.0,23.0,,,6.0,,,,1.0,,,,1.0,3.0,,,,,,,,2.0,1.0,,56.0,,,,,,,,,,,7.1,,,1.0,,,,,4.0,,11.0,15.0,26.0,1,3.0,35.0,,,,
2015-16,6768062,6,1,Manchester_United,Away,82474,Ander Herrera,ander-herrera,M,True,,,,,,,,,,,,,,,,,,,,,,,,,,,,,,,,,,,,,,,,,,,,,,,,,,,,,0,,,,,,
2015-16,6768062,6,20,Southampton,Home,161717,James Ward-Prowse,james-ward-prowse,M,False,3.0,,,12.0,5.0,14.0,,,3.0,1.0,,,,,,1.0,1.0,1.0,,,,,,,,1.0,2.0,,76.0,1.0,1.0,,,,,,,,,7.1,,,,1.0,,7.0,,,,17.0,7.0,17.0,1,1.0,34.0,1.0,,,
2015-16,6768062,6,1,Manchester_United,Away,191176,Anthony Martial,anthony-martial,M,False,,,,13.0,3.0,16.0,7.0,7.0,4.0,,,,,,,2.0,11.0,12.0,,,2.0,,2.0,,,1.0,,,90.0,2.0,,,,,,,,,,8.5,,,1.0,2.0,4.0,,,,1.0,25.0,3.0,28.0,3,,44.0,1.0,2.0,3.0,
2015-16,6768062,6,20,Southampton,Home,217704,Sadio Mané,sadio-mane,M,False,2.0,,,23.0,6.0,27.0,1.0,1.0,5.0,1.0,1.0,,,,,2.0,4.0,11.0,,,1.0,1.0,,,,,3.0,,90.0,1.0,,,,,,,,,,7.6,,,,,3.0,3.0,,1.0,,27.0,6.0,30.0,1,3.0,55.0,4.0,4.0,3.0,
2015-16,6768063,6,13,Leicester_City,Away,4252,Gökhan Inler,gokhan-inler,M,False,,,2.0,11.0,13.0,24.0,3.0,,6.0,,,,1.0,,,1.0,5.0,2.0,,1.0,,,,,,2.0,,,45.0,,,,,,,,,,,6.2,,,,,,1.0,,3.0,,15.0,14.0,28.0,0,2.0,35.0,1.0,,,
2015-16,6768063,6,110,Stoke_City,Home,9104,Marc Wilson,marc-wilson,M,False,1.0,,2.0,4.0,20.0,23.0,4.0,2.0,4.0,,,,1.0,,,,5.0,6.0,,,,,,,,2.0,1.0,,90.0,,,,,,,,,,,6.8,,,,4.0,,1.0,,11.0,,13.0,24.0,36.0,0,4.0,49.0,1.0,,,
2015-16,6768063,6,110,Stoke_City,Home,9682,Stephen Ireland,stephen-ireland,M,True,,,,3.0,4.0,7.0,,,3.0,,,,,,,,,1.0,,,,,,,,,,,11.0,,,,,,,,,,,6.6,,,,,,1.0,,,,4.0,5.0,8.0,0,1.0,10.0,,,,
2015-16,6768063,6,110,Stoke_City,Home,10535,Glenn Whelan,glenn-whelan,M,False,,,3.0,23.0,23.0,46.0,1.0,3.0,10.0,,,,1.0,,,,2.0,8.0,,,,,,,,5.0,1.0,,90.0,,,,,,,,,,,7.7,,,,2.0,1.0,,,5.0,,32.0,25.0,57.0,0,4.0,75.0,,,1.0,
2015-16,6768063,6,13,Leicester_City,Away,30530,Andy King,andy-king,M,True,,,,,2.0,2.0,1.0,,1.0,,,,,,,,1.0,,,,,,,,,,,,4.0,,,,,,,,,,,,,,,,,,,,,,4.0,4.0,0,,4.0,,,,
2015-16,6768063,6,13,Leicester_City,Away,47737,Marc Albrighton,marc-albrighton,M,True,,,1.0,8.0,3.0,11.0,,,5.0,,,,1.0,,,1.0,2.0,3.0,,,,,,,,,,,45.0,,,,,,,,,,,6.7,,,,,1.0,1.0,,3.0,,12.0,5.0,16.0,0,2.0,21.0,,,1.0,
2015-16,6768063,6,13,Leicester_City,Away,54330,Danny Drinkwater,danny-drinkwater,M,False,,,5.0,40.0,13.0,53.0,,5.0,10.0,,,1.0,1.0,,,3.0,8.0,8.0,,,4.0,,,,,4.0,2.0,,90.0,,,,,,,,1.0,,,7.4,,,1.0,2.0,,1.0,,12.0,,58.0,14.0,71.0,2,1.0,88.0,,2.0,,
2015-16,6768063,6,110,Stoke_City,Home,65953,Xherdan Shaqiri,xherdan-shaqiri,M,False,4.0,,2.0,19.0,8.0,23.0,,1.0,9.0,,,,,,,1.0,1.0,9.0,,,,,,,,2.0,4.0,,90.0,1.0,,,,,,,,,,7.9,,,1.0,,4.0,10.0,,4.0,2.0,30.0,10.0,30.0,2,2.0,60.0,4.0,2.0,4.0,
2015-16,6768063,6,13,Leicester_City,Away,148710,Jeffrey Schlupp,jeffrey-schlupp,M,False,,,2.0,14.0,9.0,23.0,2.0,,4.0,,,,3.0,,,,8.0,3.0,,,1.0,,,,,,1.0,,90.0,,,,,,,,,,,5.7,,,,1.0,5.0,4.0,,5.0,,24.0,9.0,29.0,0,,49.0,,,3.0,
2015-16,6768063,6,13,Leicester_City,Away,158213,Riyad Mahrez,riyad-mahrez,M,False,2.0,,1.0,17.0,4.0,19.0,2.0,1.0,4.0,,,,3.0,,,6.0,18.0,8.0,,,1.0,1.0,1.0,,,2.0,3.0,,90.0,2.0,,,,,,,,,,6.9,,,,,9.0,5.0,,1.0,,25.0,6.0,26.0,2,2.0,61.0,,2.0,3.0,
2015-16,6768063,6,13,Leicester_City,Away,234148,N'Golo Kanté,n-golo-kante,M,False,,,,24.0,13.0,37.0,1.0,1.0,12.0,,,,1.0,,,,5.0,8.0,,,2.0,,,,,7.0,,,86.0,1.0,,,,,,,,,,7.5,,,,,2.0,,,,,31.0,14.0,45.0,1,6.0,67.0,1.0,,1.0,
2015-16,6768065,6,31,Crystal_Palace,Away,3574,Yohan Cabaye,yohan-cabaye,M,False,1.0,,4.0,13.0,17.0,29.0,,,5.0,,,,3.0,,,1.0,4.0,12.0,,,,,,,1.0,8.0,1.0,,90.0,,,,,,,,,,,8.1,,,1.0,1.0,,3.0,,9.0,,21.0,20.0,38.0,1,8.0,68.0,,4.0,,
2015-16,6768065,6,31,Crystal_Palace,Away,9921,Joe Ledley,joe-ledley,M,True,,,,,,,,,,,,,,,,,,,,,,,,,,,,,,,,,,,,,,,,,,,,,,,,,,,,,0,,,,,,
2015-16,6768065,6,31,Crystal_Palace,Away,19593,Jason Puncheon,jason-puncheon,M,False,3.0,,4.0,20.0,15.0,32.0,,,10.0,,,,3.0,,,3.0,7.0,4.0,,,1.0,,,,,1.0,2.0,,90.0,,,,,,,,,,,6.8,,,,,2.0,5.0,,5.0,1.0,29.0,16.0,40.0,0,2.0,58.0,3.0,,2.0,
2015-16,6768065,6,6,Tottenham_Hotspur,Home,32492,Nacer Chadli,nacer-chadli,M,False,1.0,,1.0,20.0,3.0,22.0,2.0,1.0,4.0,,,,,,,3.0,10.0,3.0,,,1.0,,,,,,4.0,,66.0,1.0,1.0,,,,,,,,,6.4,,,,,6.0,2.0,,1.0,,27.0,3.0,28.0,1,,47.0,3.0,,2.0,
2015-16,6768065,6,31,Crystal_Palace,Away,38130,Jordon Mutch,jordon-mutch,M,True,,,,1.0,1.0,2.0,,1.0,1.0,,,,,,,,1.0,2.0,,,,,,,,,,,14.0,,,,,,,,,,,6.2,,,,,1.0,4.0,,1.0,,8.0,2.0,6.0,0,,13.0,,1.0,,
2015-16,6768065,6,31,Crystal_Palace,Away,38639,Chung-yong Lee,chung-yong-lee,M,True,,,,,,,,,,,,,,,,,,,,,,,,,,,,,,,,,,,,,,,,,,,,,,,,,,,,,0,,,,,,
2015-16,6768065,6,31,Crystal_Palace,Away,39282,James McArthur,james-mcarthur,M,False,,,,9.0,16.0,25.0,,2.0,6.0,,,,3.0,,,3.0,9.0,7.0,,,1.0,,,,,2.0,,,76.0,,2.0,,,,,,,,,6.2,,,,2.0,2.0,,,1.0,,11.0,17.0,28.0,0,4.0,49.0,3.0,1.0,,
2015-16,6768065,6,31,Crystal_Palace,Away,84686,Pape Souaré,pape-souare,M,False,1.0,,,13.0,11.0,23.0,,1.0,2.0,,,,,,,1.0,1.0,3.0,,,,,,,,1.0,2.0,,90.0,,,,,,,,,,,7.1,,,1.0,9.0,1.0,1.0,,1.0,,18.0,11.0,28.0,1,1.0,53.0,1.0,,1.0,
2015-16,6768065,6,6,Tottenham_Hotspur,Home,105734,Christian Eriksen,christian-eriksen,M,True,,,3.0,11.0,5.0,16.0,,,2.0,,,,,,,1.0,1.0,1.0,,,,1.0,,,,,3.0,,24.0,,,,,,,,,,,7.2,,,1.0,,1.0,1.0,,3.0,,13.0,5.0,17.0,1,,23.0,,,1.0,
2015-16,6768065,6,31,Crystal_Palace,Away,111850,Wilfried Zaha,wilfried-zaha,M,False,,,,2.0,4.0,6.0,,,4.0,,,,,,,3.0,3.0,1.0,,,,,,,,,1.0,,45.0,,,,,,,,,,,6.3,,,,1.0,,,,1.0,,5.0,4.0,9.0,0,,15.0,1.0,1.0,,
2015-16,6768065,6,6,Tottenham_Hotspur,Home,122702,Erik Lamela,erik-lamela,M,False,2.0,,,28.0,6.0,32.0,1.0,,5.0,,,1.0,,,,2.0,5.0,6.0,,,2.0,,,,,2.0,4.0,,87.0,2.0,,,,,,,,,,7.7,,,1.0,,2.0,8.0,,,,37.0,7.0,36.0,4,3.0,66.0,5.0,1.0,2.0,
2015-16,6768065,6,6,Tottenham_Hotspur,Home,198028,Dele Alli,dele-alli,M,False,,,,27.0,13.0,40.0,,1.0,4.0,,,2.0,4.0,,,2.0,9.0,8.0,,,1.0,,,,,5.0,2.0,,90.0,1.0,1.0,,,,,,,,,7.5,,,1.0,3.0,3.0,1.0,,3.0,,35.0,16.0,50.0,4,5.0,81.0,2.0,2.0,1.0,
2015-16,6768065,6,6,Tottenham_Hotspur,Home,801460,Tom Carroll,carroll-tom,M,True,,,,,,,,,,,,,,,,,,,,,,,,,,1.0,,,3.0,,,,,,,,,,,,,,,,,,,1.0,,,1.0,1.0,0,,2.0,,,,
2015-16,6768066,6,11,Everton,Away,544,Gareth Barry,gareth-barry,M,False,,,6.0,26.0,20.0,46.0,1.0,,8.0,1.0,,,,,,,2.0,2.0,,1.0,1.0,,,,,3.0,1.0,,90.0,,2.0,,,,,,,,,7.1,,,,,1.0,3.0,,9.0,,39.0,22.0,58.0,0,,73.0,1.0,1.0,1.0,
2015-16,6768066,6,11,Everton,Away,1161,Leon Osman,leon-osman,M,True,,,,,,,,,,,,,,,,,,,,,,,,,,,,,,,,,,,,,,,,,,,,,,,,,,,,,0,,,,,,
2015-16,6768066,6,11,Everton,Away,3593,Kevin Mirallas,kevin-mirallas,M,True,,,,,,,,,,,,,,,,,1.0,,,,1.0,,,,,,,,1.0,,,,,,,,,,,,,,,,,,,,,,,,0,,1.0,1.0,,,
2015-16,6768066,6,11,Everton,Away,9692,Aaron Lennon,aaron-lennon,M,True,,,,,,,,,,,,,,,,,,,,,,,,,,,,,,,,,,,,,,,,,,,,,,,,,,,,,0,,,,,,
2015-16,6768066,6,80,Swansea_City,Home,20993,Jack Cork,jack-cork,M,False,,,3.0,12.0,34.0,46.0,2.0,2.0,6.0,,,,1.0,,,2.0,5.0,9.0,,,,,,,,2.0,,,90.0,,2.0,,,,,,,,,7.3,,,,3.0,1.0,,,4.0,,13.0,38.0,51.0,0,4.0,75.0,2.0,2.0,1.0,
2015-16,6768066,6,11,Everton,Away,21073,Darron Gibson,darron-gibson,M,True,,,,,,,,,,,,,,,,,,,,,,,,,,,,,,,,,,,,,,,,,,,,,,,,,,,,,0,,,,,,
2015-16,6768066,6,80,Swansea_City,Home,30243,Neil Taylor,neil-taylor,M,False,1.0,,2.0,11.0,14.0,24.0,,1.0,4.0,,,,1.0,,,,1.0,1.0,,,,,,,,,,,90.0,,2.0,,,,,,,,,6.6,,,,,,1.0,,3.0,,18.0,17.0,34.0,0,,46.0,,,,
2015-16,6768066,6,80,Swansea_City,Home,36465,Jonjo Shelvey,jonjo-shelvey,M,False,1.0,,9.0,23.0,21.0,43.0,,,9.0,,,1.0,,,,2.0,4.0,3.0,,,2.0,,,,,2.0,2.0,,90.0,,,,,,,,,,,7.4,,,1.0,1.0,1.0,4.0,,10.0,,34.0,22.0,52.0,2,2.0,71.0,,,1.0,
2015-16,6768066,6,80,Swansea_City,Home,38642,Sung-Yueng Ki,sung-yueng-ki,M,True,,,1.0,9.0,3.0,12.0,2.0,1.0,1.0,,,,,,,,2.0,2.0,,,,,,,,,1.0,,29.0,,,,,,,,,,,6.8,,,1.0,1.0,,,,1.0,,9.0,3.0,12.0,1,1.0,15.0,,,,
2015-16,6768066,6,11,Everton,Away,39283,James McCarthy,james-mccarthy,M,False,,,1.0,22.0,14.0,36.0,,1.0,4.0,,,,1.0,,,,2.0,5.0,,,1.0,,,,,5.0,,,90.0,,,,,,,,,,,7.3,,,1.0,,,2.0,,5.0,,30.0,16.0,44.0,1,4.0,60.0,1.0,,,
2015-16,6768066,6,80,Swansea_City,Home,43192,Gylfi Sigurðsson,gylfi-sigursson,M,False,,,1.0,9.0,2.0,11.0,,,2.0,,,,1.0,,,,1.0,,,,,,,,,1.0,,,61.0,,,,,,,,,,,6.6,,,1.0,,,1.0,,2.0,,14.0,2.0,15.0,1,,19.0,,,,
2015-16,6768066,6,80,Swansea_City,Home,54686,Jefferson Montero,jefferson-montero,M,False,2.0,,,10.0,3.0,11.0,,,8.0,,,1.0,1.0,,,5.0,7.0,8.0,,,1.0,,,,,,2.0,,90.0,1.0,,,,,,,,,,6.8,,,,,4.0,8.0,,1.0,,24.0,3.0,19.0,2,2.0,49.0,1.0,2.0,4.0,
2015-16,6768066,6,11,Everton,Away,98435,Ross Barkley,ross-barkley,M,False,1.0,,1.0,36.0,11.0,46.0,,1.0,4.0,2.0,,2.0,1.0,,,,4.0,8.0,,,1.0,,,,,,6.0,,89.0,,1.0,,,,,,,,,8.0,,,,,5.0,7.0,,2.0,,45.0,11.0,49.0,2,1.0,71.0,2.0,3.0,3.0,
2015-16,6768066,6,80,Swansea_City,Home,209098,Modou Barrow,modou-barrow,M,True,,,,3.0,1.0,4.0,,,1.0,,,,,,,,,3.0,,,,,,,,,1.0,,3.0,,,,,,,,,,,,,,,,1.0,2.0,,,,5.0,1.0,4.0,0,,10.0,,2.0,1.0,
2015-16,6768067,6,56,Sunderland,Away,524,Sebastian Larsson,sebastian-larsson,M,True,,,,,,,,,,,,,,,,,,,,,,,,,,,,,,,,,,,,,,,,,,,,,,,,,,,,,0,,,,,,
2015-16,6768067,6,91,Bournemouth,Home,11764,Marc Pugh,marc-pugh,M,False,,,,22.0,12.0,34.0,3.0,,6.0,,,2.0,2.0,,,3.0,11.0,9.0,,,,,,,1.0,,1.0,,90.0,1.0,,,,,,,,,,7.0,,,2.0,,7.0,3.0,,,,29.0,13.0,39.0,5,2.0,71.0,3.0,3.0,4.0,
2015-16,6768067,6,56,Sunderland,Away,14210,Lee Cattermole,lee-cattermole,M,True,,,,,,,,,,,,,,,,,,,,,,,,,,,,,,,,,,,,,,,,,,,,,,,,,,,,,0,,,,,,
2015-16,6768067,6,91,Bournemouth,Home,14695,Andrew Surman,andrew-surman,M,False,,,3.0,24.0,28.0,52.0,2.0,2.0,6.0,,,1.0,4.0,,,2.0,10.0,3.0,,,2.0,,,,,1.0,1.0,,90.0,,1.0,,,,,,,,,6.4,,,,2.0,,,,5.0,,28.0,31.0,59.0,1,1.0,72.0,,,,
2015-16,6768067,6,56,Sunderland,Away,32045,Yann M'Vila,yann-mvila,M,False,1.0,,7.0,27.0,26.0,52.0,1.0,2.0,9.0,1.0,,,3.0,,,1.0,7.0,5.0,,,2.0,,,,,4.0,2.0,,90.0,,,,,,,,,,,7.1,,,,1.0,1.0,1.0,,11.0,,33.0,27.0,59.0,0,1.0,72.0,,1.0,1.0,
2015-16,6768067,6,56,Sunderland,Away,35528,Jordi Gómez,jordi-gomez,M,False,1.0,,1.0,13.0,14.0,26.0,1.0,1.0,2.0,,,,,,,,1.0,3.0,,,,,,,,2.0,,,45.0,1.0,,,,,,,,,,7.1,,,,1.0,1.0,1.0,,1.0,,15.0,14.0,28.0,1,1.0,38.0,,,1.0,
2015-16,6768067,6,91,Bournemouth,Home,41628,Eunan O'Kane,eunan-okane,M,True,,,1.0,14.0,1.0,15.0,1.0,,1.0,,,,1.0,,,,2.0,1.0,,,,,,,,,,,25.0,,,,,,,,,,,6.5,,,,,1.0,,,2.0,,16.0,1.0,17.0,0,,19.0,1.0,,1.0,
2015-16,6768067,6,91,Bournemouth,Home,42699,Matt Ritchie,matt-ritchie,M,False,1.0,,2.0,15.0,13.0,27.0,2.0,1.0,6.0,,,1.0,1.0,,,4.0,11.0,3.0,,,3.0,,1.0,,,2.0,1.0,,89.0,1.0,,,,,,,,,,7.1,,,1.0,1.0,1.0,2.0,,5.0,1.0,24.0,13.0,35.0,3,2.0,58.0,2.0,,,
2015-16,6768067,6,91,Bournemouth,Home,44823,Junior Stanislas,junior-stanislas,M,True,,,,,,,,,,,,,,,,,,,,,,,,,,,,,,,,,,,,,,,,,,,,,,,,,,,,,0,,,,,,
2015-16,6768067,6,91,Bournemouth,Home,46738,Lee Tomlin,lee-tomlin,M,False,,,1.0,7.0,6.0,13.0,2.0,1.0,2.0,,,,1.0,,,1.0,6.0,7.0,,,1.0,,,,,,,,65.0,1.0,,,,,,,,,,7.0,,,,,3.0,,,2.0,,13.0,7.0,20.0,1,3.0,33.0,,1.0,2.0,
2015-16,6768070,6,57,Watford,Away,642,Ben Watson,ben-watson,M,False,,,1.0,16.0,13.0,29.0,2.0,3.0,4.0,,,,3.0,,,,6.0,9.0,,,1.0,,,,,1.0,1.0,,88.0,,1.0,,,,,,,,,7.0,,,,1.0,1.0,,,2.0,,22.0,15.0,37.0,0,4.0,51.0,1.0,1.0,1.0,
2015-16,6768070,6,57,Watford,Away,4366,Almen Abdi,almen-abdi,M,False,2.0,,2.0,32.0,13.0,43.0,,,7.0,1.0,,,1.0,,,1.0,4.0,5.0,,,2.0,,,,,,5.0,,76.0,,,,,,,,,,,7.7,,,,1.0,,3.0,,3.0,,38.0,14.0,49.0,0,5.0,62.0,1.0,,,
2015-16,6768070,6,57,Watford,Away,13990,José Jurado,jose-jurado,M,False,,,,27.0,11.0,38.0,,,6.0,,,,,,,2.0,4.0,3.0,,,1.0,,,,,2.0,,,80.0,1.0,,,,,,,,,,6.7,,,,,2.0,2.0,,,,31.0,12.0,41.0,1,1.0,61.0,4.0,1.0,1.0,
2015-16,6768070,6,4,Newcastle_United,Home,15007,Vurnon Anita,vurnon-anita,M,True,,,,,,,,,,,,,,,,,,,,,,,,,,,,,,,,,,,,,,,,,,,,,,,,,,,,,0,,,,,,
2015-16,6768070,6,4,Newcastle_United,Home,16511,Gabriel Obertan,gabriel-obertan,M,True,,,,1.0,1.0,2.0,,,,,,,,,,,,,,,,,,,,,,,2.0,,,,,,,,,,,,,,,,,,,,,2.0,1.0,3.0,0,,4.0,1.0,,,
2015-16,6768070,6,57,Watford,Away,16701,Étienne Capoue,etienne-capoue,M,False,,,3.0,16.0,16.0,32.0,,1.0,8.0,,,,5.0,,,1.0,9.0,6.0,,,3.0,1.0,,,,4.0,2.0,,90.0,,,,,,,,,,,7.0,,,,1.0,1.0,,,6.0,,23.0,19.0,42.0,0,4.0,56.0,1.0,,1.0,
2015-16,6768070,6,57,Watford,Away,20364,Ikechi Anya,ikechi-anya,M,False,,,3.0,11.0,7.0,18.0,,2.0,6.0,,,,1.0,,,1.0,2.0,4.0,,,,,,,,3.0,1.0,,90.0,,,,,,,,,,,6.7,,,,2.0,,2.0,,5.0,,19.0,9.0,26.0,0,1.0,52.0,,1.0,,
2015-16,6768070,6,4,Newcastle_United,Home,22126,Georginio Wijnaldum,georginio-wijnaldum,M,False,,,2.0,33.0,14.0,47.0,1.0,2.0,12.0,,,,,,,1.0,3.0,8.0,,,,,,,,1.0,3.0,,90.0,,,,,,,,,,,7.3,,,,,4.0,,,2.0,,37.0,15.0,52.0,0,,64.0,1.0,3.0,3.0,
2015-16,6768070,6,4,Newcastle_United,Home,27014,Moussa Sissoko,moussa-sissoko,M,False,,,4.0,33.0,9.0,42.0,3.0,1.0,3.0,,,,,,,4.0,10.0,5.0,,,2.0,1.0,,,,,4.0,,90.0,,,,,,,,,,,6.8,,,1.0,1.0,5.0,5.0,,4.0,1.0,47.0,9.0,51.0,1,,71.0,,,4.0,
2015-16,6768070,6,57,Watford,Away,27803,Alessandro Diamanti,alessandro-diamanti,M,True,,,,,,,,,,,,,,,,,,,,,,,,,,,,,,,,,,,,,,,,,,,,,,,,,,,,,0,,,,,,
2015-16,6768070,6,4,Newcastle_United,Home,30262,Siem de Jong,siem-de-jong,M,True,,,1.0,5.0,3.0,8.0,1.0,,1.0,,,,1.0,,,,2.0,1.0,,,,,,,,,,,45.0,1.0,,,,,,,,,,6.7,,,1.0,,,1.0,,2.0,,8.0,3.0,10.0,2,1.0,16.0,2.0,,,
2015-16,6768070,6,4,Newcastle_United,Home,40686,Jack Colback,jack-colback,M,False,,,5.0,27.0,26.0,53.0,,2.0,14.0,,,,,,,1.0,2.0,11.0,,,1.0,,,,,7.0,,,90.0,,,,,,,,,,,7.8,,,,,,2.0,,7.0,,36.0,28.0,62.0,0,7.0,84.0,1.0,3.0,,
2015-16,6768070,6,57,Watford,Away,45989,Adlène Guédioura,adlene-guedioura,M,True,,,,1.0,,1.0,,,1.0,,,,,,,,,,,,,,,,,1.0,,,2.0,,,,,,,,,,,,,,,,,,,1.0,,2.0,,2.0,0,,3.0,,,,
2015-16,6768048,7,14,Liverpool,Home,791,James Milner,james-milner,M,False,1.0,,6.0,25.0,12.0,36.0,,1.0,2.0,,,,1.0,,,2.0,7.0,11.0,,,2.0,1.0,1.0,,,,3.0,,90.0,2.0,,,,,,,,,,8.4,,,,,2.0,7.0,,9.0,,35.0,12.0,40.0,2,6.0,68.0,2.0,4.0,,
2015-16,6768048,7,14,Liverpool,Home,17054,Adam Lallana,adam-lallana,M,True,,,,,,,,,,,,,,,,,,,,,,,,,,,,,,,,,,,,,,,,,,,,,,,,,,,,,0,,,,,,
2015-16,6768048,7,14,Liverpool,Home,20602,Joe Allen,joe-allen,M,True,,,,2.0,,2.0,,,,,,,,,,,,,,,,,,,,,,,1.0,,,,,,,,,,,,,,,,,,,,,2.0,,2.0,0,,2.0,,,,
2015-16,6768048,7,7,Aston_Villa,Away,24055,Scott Sinclair,scott-sinclair,M,False,,,,3.0,9.0,12.0,1.0,,3.0,,,,1.0,,,4.0,10.0,3.0,,1.0,1.0,,,,,,1.0,,90.0,1.0,,,,,,,,,,6.0,,,1.0,1.0,4.0,1.0,,,1.0,4.0,9.0,12.0,2,2.0,29.0,1.0,1.0,,
2015-16,6768048,7,14,Liverpool,Home,27234,Lucas Leiva,lucas-leiva,M,False,1.0,,1.0,61.0,40.0,100.0,2.0,2.0,9.0,,,,,,,,4.0,16.0,,,2.0,,,,,2.0,,,90.0,,,,,,,,,,,8.3,,,,1.0,1.0,1.0,,2.0,,68.0,41.0,108.0,0,11.0,126.0,,2.0,1.0,
2015-16,6768048,7,7,Aston_Villa,Away,49647,Ashley Westwood,ashley-westwood,M,False,1.0,,4.0,20.0,27.0,46.0,,1.0,5.0,,,1.0,,,,,1.0,2.0,,,,,,,,1.0,1.0,,90.0,,1.0,,,,,,,,,6.9,,,,1.0,1.0,1.0,,7.0,,25.0,29.0,53.0,1,1.0,64.0,,,,
2015-16,6768048,7,7,Aston_Villa,Away,74545,Leandro Bacuna,leandro-bacuna,M,True,,,,,,,,,,,,,,,,,,,,,,,,,,,,,,,,,,,,,,,,,,,,,,,,,,,,,0,,,,,,
2015-16,6768048,7,7,Aston_Villa,Away,106337,Idrissa Gana Gueye,idrissa-gana-gueye,M,False,,,3.0,24.0,19.0,43.0,1.0,,9.0,,,,,,,2.0,6.0,6.0,,1.0,1.0,,,,,3.0,,,90.0,1.0,,,,,,,,,,6.7,,,,,4.0,,,3.0,,26.0,22.0,48.0,1,3.0,66.0,1.0,1.0,2.0,
2015-16,6768048,7,14,Liverpool,Home,119159,Philippe Coutinho,philippe-coutinho,M,False,,,3.0,49.0,16.0,65.0,2.0,,6.0,1.0,,3.0,6.0,,,1.0,12.0,6.0,,,1.0,2.0,,,,2.0,3.0,,90.0,3.0,,,,,,,,,,8.5,,,1.0,,4.0,3.0,,5.0,,60.0,16.0,73.0,7,3.0,101.0,2.0,1.0,2.0,
2015-16,6768048,7,7,Aston_Villa,Away,151124,Jordan Veretout,jordan-veretout,M,True,1.0,,3.0,8.0,16.0,23.0,,2.0,2.0,,,,1.0,,,,3.0,2.0,1.0,1.0,2.0,,,,,,1.0,,30.0,,,,,,,,,,,5.8,,,,1.0,,1.0,,3.0,,11.0,18.0,28.0,0,,31.0,1.0,,,
2015-16,6768048,7,14,Liverpool,Home,185955,Jordon Ibe,jordon-ibe,M,True,,,,,,,,,,,,,,,,,,,,,,,,,,,,,,,,,,,,,,,,,,,,,,,,,,,,,0,,,,,,
2015-16,6768048,7,7,Aston_Villa,Away,189061,Jack Grealish,jack-grealish,M,False,,,1.0,11.0,7.0,18.0,,,6.0,,,,,,,,3.0,3.0,,,,,,,,2.0,,,69.0,,,,,,,,,,,6.4,,,,,4.0,,,1.0,,13.0,8.0,21.0,0,,34.0,1.0,2.0,1.0,
2015-16,6768048,7,7,Aston_Villa,Away,254895,Carles Gil,carles-gil,M,True,,,,,,,,,,,,,,,,,,,,,,,,,,,,,,,,,,,,,,,,,,,,,,,,,,,,,0,,,,,,
2015-16,6768064,7,8,Chelsea,Away,518,Cesc Fàbregas,cesc-fabregas,M,False,1.0,,10.0,49.0,18.0,66.0,1.0,2.0,7.0,1.0,,1.0,4.0,,,2.0,7.0,4.0,,,,,,,,,2.0,,90.0,1.0,1.0,,,,,,,,,7.1,,,1.0,2.0,,5.0,,14.0,,64.0,21.0,80.0,3,1.0,99.0,,1.0,,
2015-16,6768064,7,8,Chelsea,Away,7311,John Obi Mikel,john-obi-mikel,M,True,,,,,,,,,,,,,,,,,,,,,,,,,,,,,,,,,,,,,,,,,,,,,,,,,,,,,0,,,,,,
2015-16,6768064,7,4,Newcastle_United,Home,15007,Vurnon Anita,vurnon-anita,M,False,,,5.0,11.0,9.0,20.0,1.0,1.0,6.0,,,1.0,3.0,,,,4.0,7.0,,,,1.0,,,,2.0,2.0,,90.0,,,,,,,,,,,7.4,,,,1.0,,1.0,,8.0,,20.0,14.0,33.0,1,5.0,47.0,1.0,1.0,,
2015-16,6768064,7,4,Newcastle_United,Home,16511,Gabriel Obertan,gabriel-obertan,M,True,,,,3.0,4.0,7.0,,,1.0,,,,1.0,,,,4.0,2.0,,,,,,,,1.0,,,36.0,,,,,,,,,,,6.3,,,,1.0,3.0,,,1.0,1.0,5.0,5.0,10.0,0,2.0,18.0,,,,
2015-16,6768064,7,4,Newcastle_United,Home,22126,Georginio Wijnaldum,georginio-wijnaldum,M,False,1.0,,,18.0,3.0,20.0,1.0,,5.0,,,,,,,1.0,5.0,5.0,,,,,1.0,,,1.0,1.0,,90.0,1.0,1.0,,,,,,,,,7.2,,,,,6.0,1.0,,1.0,,21.0,5.0,25.0,1,2.0,41.0,1.0,,3.0,
2015-16,6768064,7,4,Newcastle_United,Home,27014,Moussa Sissoko,moussa-sissoko,M,False,,,,8.0,3.0,11.0,1.0,2.0,2.0,,,,,,,2.0,9.0,3.0,,,4.0,,,,,,,,89.0,,,,,,,,,,,5.8,,,1.0,3.0,3.0,2.0,,1.0,,16.0,5.0,19.0,1,,35.0,2.0,,1.0,
2015-16,6768064,7,4,Newcastle_United,Home,30262,Siem de Jong,siem-de-jong,M,True,,,,2.0,,2.0,,,,,,,,,,,,,,,,,,,,,,,1.0,,,,,,,,,,,,,,,,,,,,,2.0,,2.0,0,,2.0,,,,
2015-16,6768064,7,8,Chelsea,Away,31417,Willian,willian,M,True,,,4.0,15.0,6.0,21.0,,,1.0,1.0,,,,,,,2.0,3.0,,,1.0,,1.0,,,,1.0,,29.0,1.0,,,,,,,,,,7.7,,,,,1.0,,,4.0,,15.0,6.0,21.0,1,2.0,27.0,1.0,1.0,,
2015-16,6768064,7,8,Chelsea,Away,33110,Ramires,ramires,M,True,,,,2.0,6.0,8.0,,1.0,,,1.0,1.0,,,,1.0,1.0,4.0,,,,,1.0,,,,,,17.0,2.0,,,,,,,,,,7.5,,,,,,,,,,4.0,6.0,10.0,3,2.0,20.0,,1.0,,
2015-16,6768064,7,8,Chelsea,Away,39400,Oscar,oscar,M,False,2.0,,4.0,32.0,9.0,39.0,1.0,,4.0,,,,3.0,,,,9.0,4.0,,,2.0,,,,,1.0,1.0,,73.0,,,,,,,,,,,6.7,,,2.0,,4.0,3.0,,5.0,,51.0,13.0,61.0,2,2.0,81.0,1.0,1.0,1.0,
2015-16,6768064,7,4,Newcastle_United,Home,40686,Jack Colback,jack-colback,M,False,,,1.0,13.0,6.0,19.0,,,8.0,,,,2.0,,,,4.0,3.0,,,2.0,,,,,2.0,1.0,,54.0,,,,,,,,,,,6.7,,,,,,,,3.0,,14.0,10.0,24.0,0,1.0,30.0,,2.0,,
2015-16,6768064,7,8,Chelsea,Away,44241,Nemanja Matić,nemanja-matic,M,False,,,,18.0,19.0,37.0,1.0,2.0,7.0,,,,2.0,,,2.0,11.0,10.0,,,4.0,,,,,4.0,,,61.0,,,,,,,,,,,6.8,,,,2.0,2.0,,,,,21.0,19.0,40.0,0,6.0,59.0,1.0,2.0,,
2015-16,6768064,7,8,Chelsea,Away,801391,Kenedy,kenedy,M,True,,,,,,,,,,,,,,,,,,,,,,,,,,,,,,,,,,,,,,,,,,,,,,,,,,,,,0,,,,,,
2015-16,6768068,7,43,Manchester_City,Away,3544,Samir Nasri,samir-nasri,M,True,1.0,,3.0,15.0,4.0,18.0,1.0,,,,,,,,,,1.0,,,,,,,,,,,,21.0,,,,,,,,,,,6.8,,,1.0,,,1.0,,3.0,,16.0,4.0,19.0,1,,22.0,,,,
2015-16,6768068,7,43,Manchester_City,Away,13630,Fernandinho,fernandinho,M,False,,,3.0,19.0,8.0,27.0,,1.0,5.0,,,,1.0,,,2.0,5.0,11.0,,,1.0,,,,,2.0,1.0,,69.0,,,,,,,,,,,7.0,,,,1.0,1.0,1.0,,6.0,,27.0,11.0,37.0,0,8.0,58.0,1.0,2.0,,
2015-16,6768068,7,43,Manchester_City,Away,14468,Yaya Touré,yaya-toure,M,False,,,,16.0,3.0,19.0,2.0,1.0,4.0,1.0,,,,,,1.0,3.0,4.0,,,,1.0,,,,,2.0,,56.0,1.0,,,,,,,,,,7.6,,,1.0,,2.0,,,,1.0,23.0,4.0,27.0,2,1.0,34.0,1.0,,2.0,
2015-16,6768068,7,6,Tottenham_Hotspur,Home,32492,Nacer Chadli,nacer-chadli,M,True,,,1.0,3.0,3.0,6.0,2.0,1.0,1.0,,,1.0,1.0,,,,3.0,2.0,,,,,,,,,2.0,,22.0,,1.0,,,,,,,,,6.9,,,,2.0,,,,1.0,,5.0,3.0,8.0,1,1.0,17.0,1.0,,,
2015-16,6768068,7,43,Manchester_City,Away,41837,Fernando,fernando-reges,M,False,,,5.0,19.0,16.0,35.0,2.0,3.0,7.0,,,1.0,1.0,,,1.0,5.0,7.0,,,,,,,,1.0,,,90.0,,,,,,,,,,,6.8,,,,1.0,3.0,,,7.0,,24.0,16.0,40.0,1,2.0,53.0,,,2.0,
2015-16,6768068,7,43,Manchester_City,Away,70996,Kevin De Bruyne,kevin-de-bruyne,M,False,,,2.0,24.0,4.0,28.0,2.0,1.0,3.0,,,,2.0,,,5.0,11.0,4.0,1.0,,,,1.0,,,,1.0,,90.0,2.0,,,,,,,,,,5.7,,,1.0,,2.0,7.0,,2.0,,45.0,8.0,46.0,3,1.0,68.0,1.0,2.0,,
2015-16,6768068,7,6,Tottenham_Hotspur,Home,105734,Christian Eriksen,christian-eriksen,M,False,,,,15.0,5.0,20.0,2.0,,5.0,,,,,,,2.0,6.0,5.0,,,1.0,,,,1.0,1.0,1.0,,68.0,,,,,,,,,,,6.8,,,1.0,2.0,1.0,5.0,,2.0,,31.0,7.0,33.0,1,5.0,57.0,1.0,,,
2015-16,6768068,7,6,Tottenham_Hotspur,Home,122702,Erik Lamela,erik-lamela,M,False,2.0,,,20.0,11.0,29.0,,1.0,9.0,,,2.0,3.0,,,3.0,9.0,10.0,,,3.0,1.0,1.0,,,1.0,2.0,,87.0,1.0,,,,,,,,,,8.3,,,1.0,,3.0,5.0,,,1.0,29.0,13.0,37.0,4,4.0,63.0,2.0,2.0,3.0,
2015-16,6768068,7,43,Manchester_City,Away,155872,George Evans,george-evans,M,True,,,,,,,,,,,,,,,,,,,,,,,,,,,,,,,,,,,,,,,,,,,,,,,,,,,,,0,,,,,,
2015-16,6768068,7,6,Tottenham_Hotspur,Home,198028,Dele Alli,dele-alli,M,False,,,2.0,17.0,13.0,30.0,2.0,2.0,6.0,,,,,,,2.0,7.0,10.0,,,2.0,,,,,5.0,,,90.0,,,,,,,,,,,7.2,,,,1.0,1.0,,,7.0,,24.0,17.0,41.0,0,7.0,62.0,,1.0,,
2015-16,6768068,7,43,Manchester_City,Away,361326,Patrick Roberts,patrick-roberts,M,True,,,,2.0,1.0,3.0,,,,,,,,,,,,1.0,,,,,,,,,,,4.0,,,,,,,,,,,6.6,,,,,,,,,,2.0,1.0,3.0,0,,6.0,1.0,1.0,,
2015-16,6768068,7,6,Tottenham_Hotspur,Home,801460,Tom Carroll,carroll-tom,M,True,,,,2.0,,2.0,,,,,,,,,,,1.0,1.0,,,1.0,,,,,1.0,,,3.0,,,,,,,,,,,6.6,,,,,,,,,,2.0,,2.0,0,1.0,5.0,1.0,,,
2015-16,6768069,7,3,Arsenal,Away,519,Mathieu Flamini,mathieu-flamini,M,False,,,,2.0,3.0,5.0,,,1.0,,,,1.0,,,1.0,2.0,,,,,,,,,,,,21.0,,,,,,,,,,,6.1,,,,1.0,,,,,,3.0,3.0,6.0,0,,8.0,,,,
2015-16,6768069,7,3,Arsenal,Away,1152,Mikel Arteta,mikel-arteta,M,True,,,3.0,22.0,23.0,45.0,1.0,4.0,6.0,,,,1.0,,,1.0,6.0,7.0,,,4.0,,,,,3.0,,,69.0,,,,,,,,,,,6.7,,,,4.0,,,,5.0,,26.0,26.0,52.0,0,1.0,67.0,1.0,2.0,,
2015-16,6768069,7,13,Leicester_City,Home,4252,Gökhan Inler,gokhan-inler,M,True,,,,,,,,,,,,,,,,,,,,,,,,,,,,,,,,,,,,,,,,,,,,,,,,,,,,,0,,,,,,
2015-16,6768069,7,3,Arsenal,Away,10501,Theo Walcott,theo-walcott,M,False,1.0,,,13.0,,12.0,1.0,1.0,,,,3.0,,,,1.0,3.0,4.0,,,,,1.0,,,,2.0,,80.0,4.0,,,,,,,,,,8.2,,,1.0,,2.0,1.0,,,1.0,14.0,,13.0,8,1.0,32.0,1.0,1.0,1.0,
2015-16,6768069,7,3,Arsenal,Away,10577,Alex Oxlade-Chamberlain,alex-oxlade-chamberlain,M,True,,,,3.0,1.0,4.0,,,2.0,1.0,,,,,,,,3.0,,,,,,,,,1.0,,13.0,,,,,,,,,,,7.1,,,,,1.0,1.0,,,,4.0,1.0,4.0,0,1.0,8.0,,1.0,1.0,
2015-16,6768069,7,3,Arsenal,Away,16176,Mesut Özil,mesut-ozil,M,False,,,1.0,39.0,16.0,55.0,,,2.0,1.0,1.0,2.0,5.0,,,3.0,10.0,3.0,,,1.0,1.0,,,,,7.0,,90.0,1.0,,,,,,,,,,7.1,,,,1.0,2.0,2.0,,1.0,,45.0,16.0,59.0,3,2.0,80.0,6.0,,1.0,
2015-16,6768069,7,3,Arsenal,Away,17651,Santi Cazorla,santi-cazorla,M,False,,,3.0,44.0,27.0,71.0,1.0,,15.0,2.0,,1.0,3.0,,,1.0,6.0,9.0,,,,1.0,,,,1.0,5.0,,90.0,2.0,,,,,,,,,,8.7,,,1.0,4.0,4.0,2.0,,6.0,1.0,52.0,28.0,78.0,4,5.0,106.0,2.0,1.0,3.0,
2015-16,6768069,7,3,Arsenal,Away,23571,Aaron Ramsey,aaron-ramsey,M,False,,,1.0,18.0,15.0,33.0,2.0,,2.0,,,3.0,2.0,,,4.0,10.0,4.0,,,1.0,,,,,,1.0,,77.0,1.0,,,,,,,,,,6.6,,,,1.0,1.0,,,1.0,,23.0,15.0,38.0,4,3.0,55.0,2.0,1.0,,
2015-16,6768069,7,13,Leicester_City,Home,30530,Andy King,andy-king,M,True,,,1.0,16.0,7.0,23.0,,,3.0,,,,2.0,,,1.0,3.0,1.0,,,,,,,,,1.0,,45.0,,,,,,,,,,,6.3,,,1.0,,,1.0,,3.0,,23.0,7.0,29.0,1,1.0,34.0,,,,
2015-16,6768069,7,13,Leicester_City,Home,47737,Marc Albrighton,marc-albrighton,M,False,1.0,,,10.0,4.0,13.0,1.0,,2.0,,,,2.0,,,1.0,5.0,,,,,,,,,1.0,1.0,,64.0,,,,,,,,,,,5.6,,,,,1.0,13.0,,2.0,,25.0,5.0,17.0,0,,35.0,1.0,,,
2015-16,6768069,7,13,Leicester_City,Home,54330,Danny Drinkwater,danny-drinkwater,M,False,,,7.0,38.0,13.0,51.0,,,5.0,,,,3.0,,,1.0,6.0,5.0,,,2.0,1.0,,,,1.0,3.0,,78.0,,1.0,,,,,,,,,6.8,,,,,1.0,3.0,,13.0,,47.0,13.0,57.0,0,3.0,69.0,1.0,1.0,1.0,
2015-16,6768069,7,13,Leicester_City,Home,148710,Jeffrey Schlupp,jeffrey-schlupp,M,False,,,1.0,24.0,8.0,32.0,,2.0,7.0,,,,1.0,,,2.0,4.0,10.0,,,,,,,,3.0,,,90.0,2.0,,,,,,,,,,6.4,,,,1.0,3.0,1.0,,7.0,,34.0,9.0,42.0,2,4.0,66.0,1.0,2.0,2.0,
2015-16,6768069,7,13,Leicester_City,Home,158213,Riyad Mahrez,riyad-mahrez,M,False,3.0,,2.0,23.0,5.0,25.0,5.0,2.0,5.0,1.0,,2.0,5.0,,,5.0,18.0,12.0,,,,,,,,,3.0,,90.0,1.0,,,,,,,,,,6.6,,,1.0,,11.0,9.0,,3.0,,36.0,5.0,32.0,4,,73.0,5.0,2.0,8.0,
2015-16,6768069,7,13,Leicester_City,Home,234148,N'Golo Kanté,n-golo-kante,M,False,,,,25.0,15.0,40.0,2.0,,9.0,,,,2.0,,,,7.0,6.0,,,2.0,,,,,2.0,1.0,,90.0,,,,,,,,,,,6.7,,,1.0,1.0,2.0,,,1.0,,31.0,16.0,47.0,1,4.0,63.0,1.0,1.0,1.0,
2015-16,6768069,7,13,Leicester_City,Home,809389,Joe Dodoo,joe-dodoo,M,True,,,,,,,,,,,,,,,,,,,,,,,,,,,,,,,,,,,,,,,,,,,,,,,,,,,,,0,,,,,,
2015-16,6768071,7,20,Southampton,Home,559,Steven Davis,steven-davis,M,False,,,2.0,16.0,13.0,29.0,1.0,,2.0,,,,,,,,3.0,6.0,,,2.0,,,,,,1.0,,62.0,,,,,,,,,,,7.2,,,,,,1.0,,3.0,,21.0,13.0,33.0,0,4.0,43.0,2.0,2.0,,
2015-16,6768071,7,80,Swansea_City,Away,20538,Leon Britton,leon-britton,M,True,,,,15.0,7.0,22.0,,,1.0,,,,,,,,,,,,,,,,,,,,10.0,,,,,,,,,,,6.6,,,,,,,,,,15.0,7.0,22.0,0,,22.0,,,,
2015-16,6768071,7,80,Swansea_City,Away,20993,Jack Cork,jack-cork,M,False,,,2.0,11.0,20.0,31.0,1.0,2.0,1.0,,,,,,,,2.0,4.0,,,1.0,,,,,3.0,,,45.0,,,,,,,,,,,7.1,,,,2.0,,1.0,,2.0,,13.0,23.0,35.0,0,2.0,46.0,,,,
2015-16,6768071,7,80,Swansea_City,Away,30243,Neil Taylor,neil-taylor,M,False,,,1.0,27.0,12.0,39.0,1.0,1.0,4.0,,,,,,,,2.0,5.0,,,1.0,,,,,3.0,1.0,,90.0,,,,,,,,1.0,,,6.8,,,,,,4.0,,5.0,,43.0,12.0,51.0,0,1.0,76.0,1.0,3.0,,
2015-16,6768071,7,80,Swansea_City,Away,36465,Jonjo Shelvey,jonjo-shelvey,M,False,1.0,,8.0,31.0,28.0,58.0,,1.0,9.0,,,1.0,1.0,,,,2.0,2.0,,,1.0,,,,,1.0,1.0,,80.0,1.0,,,,,,,,,,6.9,,,1.0,,,6.0,,12.0,,43.0,33.0,70.0,3,,85.0,2.0,1.0,,
2015-16,6768071,7,80,Swansea_City,Away,38642,Sung-Yueng Ki,sung-yueng-ki,M,False,,,4.0,35.0,29.0,64.0,,,9.0,,1.0,,,,,1.0,4.0,1.0,,,2.0,,,,,,,,90.0,1.0,,1.0,,,,,,,,6.1,,,1.0,1.0,1.0,,,4.0,,38.0,29.0,67.0,2,,75.0,1.0,1.0,,
2015-16,6768071,7,80,Swansea_City,Away,43192,Gylfi Sigurðsson,gylfi-sigursson,M,False,,,,20.0,11.0,31.0,1.0,1.0,2.0,,,2.0,1.0,,,1.0,5.0,4.0,,,1.0,,1.0,,,,1.0,,90.0,1.0,,,,,,,,,,7.2,,,,,2.0,,,,,28.0,12.0,40.0,3,,53.0,,3.0,1.0,
2015-16,6768071,7,20,Southampton,Home,44760,Cédric Soares,cedric-soares,M,False,,,4.0,13.0,5.0,18.0,2.0,1.0,4.0,,,,,,,,3.0,6.0,,,1.0,,,,,4.0,,,90.0,,,,,,,,,,,7.3,,,,5.0,,3.0,,10.0,1.0,24.0,10.0,31.0,0,5.0,59.0,,,,
2015-16,6768071,7,20,Southampton,Home,45956,Victor Wanyama,victor-wanyama,M,False,,,2.0,12.0,23.0,35.0,2.0,1.0,13.0,,,,1.0,,,1.0,7.0,3.0,,,4.0,,,,,3.0,1.0,,90.0,,,,,,,,,,,6.8,,,1.0,,,1.0,,5.0,,20.0,27.0,46.0,1,2.0,55.0,1.0,,,
2015-16,6768071,7,80,Swansea_City,Away,54686,Jefferson Montero,jefferson-montero,M,True,2.0,,,13.0,5.0,16.0,1.0,,1.0,,,,,,,1.0,6.0,2.0,,,,,,,,,1.0,,45.0,,,,,,,,,,,6.0,,,,,4.0,3.0,,,,16.0,5.0,18.0,0,,29.0,,2.0,,
2015-16,6768071,7,20,Southampton,Home,69416,Oriol Romeu,oriol-romeu,M,True,,,1.0,2.0,5.0,7.0,,,2.0,,,,1.0,,,,3.0,2.0,,,2.0,,,,,1.0,,,28.0,1.0,1.0,,,,,,,,,6.8,,,,1.0,,,,2.0,,4.0,6.0,10.0,1,2.0,18.0,1.0,,,
2015-16,6768071,7,20,Southampton,Home,161717,James Ward-Prowse,james-ward-prowse,M,False,1.0,,1.0,17.0,15.0,31.0,,1.0,9.0,1.0,,,1.0,,,1.0,3.0,4.0,,,1.0,1.0,,,,1.0,1.0,,90.0,,,,,,,,,,,7.1,,,,3.0,1.0,3.0,,4.0,,24.0,18.0,39.0,0,,51.0,,2.0,1.0,
2015-16,6768071,7,20,Southampton,Home,217704,Sadio Mané,sadio-mane,M,False,,,2.0,9.0,11.0,20.0,,1.0,7.0,,,1.0,,,,,3.0,5.0,,,3.0,,1.0,,,,,,86.0,2.0,,,,,,,,,,7.8,,,4.0,,1.0,,,3.0,2.0,10.0,12.0,22.0,7,,42.0,3.0,4.0,1.0,
2015-16,6768072,7,110,Stoke_City,Home,2525,Ibrahim Afellay,ibrahim-afellay,M,True,,,1.0,11.0,5.0,16.0,,,5.0,,1.0,,,,,2.0,2.0,4.0,,,,,,,,1.0,,,45.0,,,,,,,,,,,6.5,,,1.0,,1.0,3.0,,2.0,,16.0,7.0,20.0,1,3.0,34.0,1.0,,1.0,
2015-16,6768072,7,110,Stoke_City,Home,9360,Charlie Adam,charlie-adam,M,False,1.0,,8.0,22.0,15.0,36.0,,,7.0,,,,,,,,3.0,2.0,,,3.0,,,,,,,,75.0,,,,,,,,,,,6.8,,,,1.0,,4.0,,13.0,,30.0,17.0,43.0,0,1.0,50.0,,1.0,,
2015-16,6768072,7,110,Stoke_City,Home,10535,Glenn Whelan,glenn-whelan,M,False,,,3.0,26.0,19.0,45.0,,1.0,10.0,,,,3.0,,,2.0,7.0,3.0,,,2.0,,,,,4.0,,,90.0,1.0,1.0,,,,,,,,,6.8,,,,5.0,,,,3.0,,29.0,20.0,49.0,1,2.0,67.0,,,,
2015-16,6768072,7,91,Bournemouth,Away,11764,Marc Pugh,marc-pugh,M,False,,,,16.0,12.0,28.0,,,4.0,,,1.0,1.0,,,4.0,6.0,6.0,,,1.0,,,,,2.0,1.0,,87.0,,,,,,,,,,,6.5,,,,,3.0,2.0,,,,27.0,13.0,38.0,1,1.0,55.0,,2.0,3.0,
2015-16,6768072,7,91,Bournemouth,Away,14695,Andrew Surman,andrew-surman,M,False,,,2.0,35.0,23.0,58.0,,,8.0,,,,1.0,,,1.0,3.0,,,,1.0,,,,,1.0,1.0,,90.0,,,,,,,,,,,6.4,,,,,,,,5.0,,44.0,28.0,72.0,0,,74.0,,,,
2015-16,6768072,7,91,Bournemouth,Away,42699,Matt Ritchie,matt-ritchie,M,False,,,1.0,19.0,22.0,41.0,1.0,,6.0,,1.0,3.0,,,,1.0,4.0,6.0,,,2.0,,,,,,1.0,,90.0,1.0,,,,,,,,,,7.1,,,1.0,1.0,,5.0,,2.0,,27.0,25.0,47.0,5,3.0,72.0,2.0,3.0,,
2015-16,6768072,7,91,Bournemouth,Away,46738,Lee Tomlin,lee-tomlin,M,False,,,1.0,18.0,9.0,27.0,,,3.0,1.0,,,,,,,2.0,4.0,,,,,,,,1.0,4.0,,71.0,,,,,,,,,,,7.3,,,,,3.0,1.0,,1.0,,21.0,10.0,30.0,0,1.0,43.0,1.0,2.0,1.0,
2015-16,6768072,7,110,Stoke_City,Home,65953,Xherdan Shaqiri,xherdan-shaqiri,M,False,1.0,,2.0,5.0,3.0,7.0,,,1.0,,,,,,,1.0,2.0,,,,1.0,,,,,,,,45.0,,,,,,,,,,,6.5,,,,,,1.0,,3.0,,8.0,3.0,10.0,0,,14.0,2.0,,,
2015-16,6768076,7,57,Watford,Home,642,Ben Watson,ben-watson,M,False,,,4.0,21.0,14.0,35.0,2.0,1.0,,,,,,,,,5.0,3.0,,,3.0,,,,,,,,82.0,,,,,,,,,,,6.6,,,,3.0,,,,6.0,,27.0,16.0,43.0,0,1.0,48.0,,1.0,,
2015-16,6768076,7,31,Crystal_Palace,Away,3574,Yohan Cabaye,yohan-cabaye,M,False,1.0,,2.0,10.0,12.0,21.0,,,3.0,1.0,,1.0,,,,3.0,6.0,5.0,,,3.0,,1.0,,,,1.0,,77.0,1.0,,,,,,,,,,7.2,,,,1.0,,6.0,,3.0,,24.0,12.0,30.0,2,2.0,48.0,,3.0,,
2015-16,6768076,7,57,Watford,Home,4366,Almen Abdi,almen-abdi,M,False,4.0,,,22.0,11.0,29.0,,,5.0,,,1.0,3.0,,,,7.0,5.0,,,3.0,,,,,2.0,6.0,,64.0,1.0,1.0,,,,,,,,,7.4,,,,,1.0,8.0,,,,31.0,13.0,36.0,2,2.0,58.0,,3.0,,
2015-16,6768076,7,31,Crystal_Palace,Away,9921,Joe Ledley,joe-ledley,M,False,,,2.0,9.0,19.0,28.0,1.0,2.0,6.0,,,,,,,,3.0,3.0,,,2.0,,,,,1.0,,,90.0,,2.0,,,,,,,,,6.8,,,,6.0,,,,5.0,,16.0,19.0,35.0,0,1.0,45.0,,,,
2015-16,6768076,7,57,Watford,Home,13990,José Jurado,jose-jurado,M,False,,,2.0,23.0,7.0,30.0,,,3.0,,,1.0,1.0,,,,5.0,5.0,,,,,,,1.0,,,,90.0,,,,,,,,,,,6.4,,,1.0,,4.0,4.0,,4.0,,33.0,8.0,37.0,2,,55.0,2.0,5.0,,
2015-16,6768076,7,57,Watford,Home,16701,Étienne Capoue,etienne-capoue,M,False,,,,10.0,23.0,33.0,,,5.0,,,,1.0,,,1.0,6.0,10.0,,,2.0,,,,,2.0,,,90.0,,1.0,,,,,,,,,6.9,,,1.0,,2.0,1.0,,5.0,,17.0,26.0,42.0,1,5.0,62.0,1.0,5.0,,
2015-16,6768076,7,31,Crystal_Palace,Away,19593,Jason Puncheon,jason-puncheon,M,False,,,3.0,29.0,4.0,33.0,1.0,,7.0,,,,1.0,,,,6.0,5.0,,,3.0,,,,,1.0,3.0,,90.0,1.0,,,,,,,,,,7.2,,,2.0,1.0,3.0,1.0,,8.0,,39.0,6.0,44.0,3,1.0,56.0,,2.0,2.0,
2015-16,6768076,7,57,Watford,Home,20364,Ikechi Anya,ikechi-anya,M,False,,,1.0,15.0,7.0,22.0,,,4.0,,,,,,,,,3.0,,,,,,,,2.0,2.0,,90.0,,1.0,,,,,,,,,6.9,,,1.0,3.0,2.0,5.0,,6.0,,25.0,9.0,29.0,1,,61.0,,1.0,2.0,
2015-16,6768076,7,57,Watford,Home,27803,Alessandro Diamanti,alessandro-diamanti,M,True,,,,,,,,,,,,,,,,,,,,,,,,,,,,,,,,,,,,,,,,,,,,,,,,,,,,,0,,,,,,
2015-16,6768076,7,31,Crystal_Palace,Away,39282,James McArthur,james-mcarthur,M,True,,,,2.0,3.0,5.0,1.0,,3.0,,,,,,,,1.0,1.0,,,,,,,,,,,13.0,,,,,,,,,,,6.6,,,,,,,,1.0,,2.0,4.0,6.0,0,1.0,7.0,,,,
2015-16,6768076,7,57,Watford,Home,45989,Adlène Guédioura,adlene-guedioura,M,True,,,,,,,,,,,,,,,,,,,,,,,,,,,,,,,,,,,,,,,,,,,,,,,,,,,,,0,,,,,,
2015-16,6768076,7,57,Watford,Home,47668,Juan Carlos Paredes,juan-carlos-paredes,M,True,,,,,,,,,,,,,,,,,,,,,,,,,,,,,,,,,,,,,,,,,,,,,,,,,,,,,0,,,,,,
2015-16,6768076,7,31,Crystal_Palace,Away,84686,Pape Souaré,pape-souare,M,False,,,4.0,14.0,11.0,25.0,,,4.0,,,,,,,,1.0,2.0,,,,,,,,1.0,,,90.0,,,,,,,,,,,6.9,,,,6.0,2.0,3.0,,10.0,,24.0,13.0,34.0,0,,56.0,,1.0,1.0,
2015-16,6768076,7,31,Crystal_Palace,Away,111850,Wilfried Zaha,wilfried-zaha,M,True,1.0,,,7.0,1.0,7.0,1.0,,4.0,,,,,,,,6.0,3.0,,,2.0,,,,,,1.0,,28.0,,,,,,,,1.0,,,6.8,,,,,3.0,1.0,,,,10.0,3.0,12.0,0,2.0,21.0,,1.0,,
2015-16,6768076,7,31,Crystal_Palace,Away,785840,Jake Gray,jake-gray,M,True,,,,,,,,,,,,,,,,,,,,,,,,,,,,,,,,,,,,,,,,,,,,,,,,,,,,,0,,,,,,
2015-16,6768077,7,11,Everton,Away,544,Gareth Barry,gareth-barry,M,False,,,7.0,29.0,29.0,58.0,,2.0,10.0,,,1.0,1.0,,,,3.0,3.0,1.0,,2.0,,,,,2.0,1.0,,90.0,,,,,,,,,,,6.5,,,,3.0,,1.0,,10.0,,42.0,33.0,74.0,1,1.0,83.0,,,,
2015-16,6768077,7,35,West_Bromwich_Albion,Home,765,Darren Fletcher,darren-fletcher,M,False,,,2.0,20.0,15.0,35.0,,,6.0,,,,1.0,,,1.0,3.0,4.0,,,,,,,,,,,90.0,,1.0,,,,,,,,,6.4,,,1.0,,1.0,2.0,,6.0,,31.0,17.0,46.0,1,1.0,59.0,1.0,3.0,,
2015-16,6768077,7,35,West_Bromwich_Albion,Home,822,James Morrison,james-morrison,M,False,,,1.0,25.0,12.0,37.0,,1.0,4.0,1.0,,1.0,,,,3.0,3.0,9.0,,,,1.0,,,,2.0,2.0,,90.0,1.0,,,,,,,,,,7.9,,,,,5.0,2.0,,2.0,,33.0,13.0,44.0,2,1.0,64.0,2.0,2.0,5.0,
2015-16,6768077,7,11,Everton,Away,1161,Leon Osman,leon-osman,M,True,,,,,,,,,,,,,,,,,,,,,,,,,,,,,,,,,,,,,,,,,,,,,,,,,,,,,0,,,,,,
2015-16,6768077,7,11,Everton,Away,9036,Aiden McGeady,aiden-mcgeady,M,True,,,,,,,,,,,,,,,,,,,,,,,,,,,,,,,,,,,,,,,,,,,,,,,,,,,,,0,,,,,,
2015-16,6768077,7,11,Everton,Away,9692,Aaron Lennon,aaron-lennon,M,True,,,,3.0,,3.0,,,,,,,,,,,,,,,,,,,,,,,1.0,,,,,,,,,,,,,,,,,,,,,4.0,,4.0,0,,4.0,,,,
2015-16,6768077,7,35,West_Bromwich_Albion,Home,10540,Chris Brunt,chris-brunt,M,False,2.0,,2.0,15.0,14.0,27.0,1.0,1.0,6.0,1.0,,,1.0,,,,2.0,7.0,,,,1.0,,,,2.0,2.0,,90.0,,,,,,,,,,,7.3,,,,,3.0,5.0,,6.0,,26.0,15.0,36.0,0,3.0,62.0,,,3.0,
2015-16,6768077,7,35,West_Bromwich_Albion,Home,14235,Craig Gardner,craig-gardner,M,True,,,,4.0,,4.0,1.0,1.0,2.0,,,,,,,,5.0,2.0,,,3.0,,,,,,,,21.0,,,,,,,,,,,6.1,,,,,1.0,1.0,,1.0,,6.0,4.0,9.0,0,1.0,15.0,,,,
2015-16,6768077,7,11,Everton,Away,21073,Darron Gibson,darron-gibson,M,True,,,,9.0,3.0,12.0,,,1.0,,,,,,,,,1.0,,,,,,,,,,,18.0,1.0,,,,,,,,,,6.8,,,,,,,,,,9.0,3.0,12.0,1,1.0,17.0,1.0,,,
2015-16,6768077,7,11,Everton,Away,39283,James McCarthy,james-mccarthy,M,False,,,3.0,20.0,22.0,42.0,3.0,,3.0,,,,4.0,,,,9.0,2.0,,,3.0,,,,,2.0,,,90.0,,,,,,,,,,,6.4,,,1.0,3.0,,,,3.0,,25.0,23.0,48.0,1,2.0,63.0,,,,
2015-16,6768077,7,35,West_Bromwich_Albion,Home,41631,James McClean,james-mcclean,M,False,,,1.0,13.0,11.0,24.0,2.0,4.0,8.0,,,,1.0,,,,5.0,14.0,,,1.0,,,,,2.0,1.0,,90.0,,1.0,,,,,,,,,7.4,,,1.0,1.0,3.0,3.0,,2.0,1.0,22.0,12.0,31.0,1,7.0,53.0,2.0,1.0,2.0,
2015-16,6768077,7,35,West_Bromwich_Albion,Home,53783,Callum McManaman,callum-mcmanaman,M,True,,,,,,,,,,,,,,,,,,,,,,,,,,,,,,,,,,,,,,,,,,,,,,,,,,,,,0,,,,,,
2015-16,6768077,7,11,Everton,Away,98435,Ross Barkley,ross-barkley,M,False,2.0,,6.0,28.0,11.0,37.0,2.0,,7.0,,1.0,2.0,,,,2.0,8.0,2.0,,,1.0,,,,,,2.0,,90.0,,,,,,,,,,,6.4,,,1.0,,3.0,6.0,,7.0,1.0,38.0,11.0,43.0,3,1.0,64.0,1.0,1.0,,
2015-16,6768077,7,35,West_Bromwich_Albion,Home,151037,Claudio Yacob,claudio-yacob,M,False,,,2.0,15.0,19.0,34.0,,3.0,6.0,,,,,,,1.0,3.0,6.0,,,2.0,,,,,5.0,,,85.0,,,,,,,,,,,7.0,,,,3.0,,1.0,,2.0,,19.0,20.0,38.0,0,2.0,55.0,1.0,1.0,,
2015-16,6768077,7,35,West_Bromwich_Albion,Home,187433,Serge Gnabry,serge-gnabry,M,True,,,,,,,,,,,,,,,,,,,,,,,,,,,,,,,,,,,,,,,,,,,,,,,,,,,,,0,,,,,,
2015-16,6768079,7,45,Norwich_City,Away,512,Alexander Tettey,alexander-tettey,M,False,,,1.0,11.0,37.0,48.0,,1.0,9.0,,,,1.0,,,,3.0,5.0,,,2.0,,,,,,,,90.0,,,,,,,,,,,6.9,,,,3.0,,,,1.0,,14.0,37.0,51.0,0,4.0,58.0,,,,
2015-16,6768079,7,45,Norwich_City,Away,9148,Graham Dorrans,graham-dorrans,M,False,,,5.0,16.0,23.0,39.0,1.0,,4.0,,,,,,,,2.0,1.0,,,1.0,,,,,,1.0,,69.0,,,,,,,,,,,6.7,,,,,,1.0,,11.0,,25.0,26.0,50.0,0,1.0,56.0,2.0,,,
2015-16,6768079,7,21,West_Ham_United,Home,9741,Mark Noble,mark-noble,M,False,,,6.0,18.0,16.0,34.0,,,7.0,,,,3.0,,,1.0,4.0,4.0,1.0,,,,,,,3.0,1.0,,85.0,,1.0,,,,,,,,,6.4,,,,1.0,,,,9.0,,22.0,20.0,42.0,0,4.0,55.0,2.0,,,
2015-16,6768079,7,21,West_Ham_United,Home,14216,Dimitri Payet,dimitri-payet,M,False,6.0,,2.0,20.0,8.0,22.0,,,9.0,2.0,,,,,,,3.0,4.0,,,1.0,1.0,,,,2.0,7.0,,90.0,1.0,,,,,,,,,,8.1,,,,,5.0,13.0,,3.0,,34.0,8.0,29.0,1,,56.0,1.0,2.0,2.0,
2015-16,6768079,7,45,Norwich_City,Away,14336,Wesley Hoolahan,wesley-hoolahan,M,False,,,,34.0,17.0,51.0,,,3.0,,,,1.0,,,2.0,4.0,3.0,,,1.0,1.0,,,,1.0,2.0,,85.0,,,,,,,,,,,6.8,,,,,2.0,1.0,,1.0,,42.0,17.0,58.0,0,,69.0,2.0,1.0,2.0,
2015-16,6768079,7,45,Norwich_City,Away,29691,Gary O'Neil,gary-oneil,M,True,,,,1.0,3.0,4.0,,,3.0,,,,,,,,,2.0,,,,,,,,,,,5.0,,,,,,,,,,,6.7,,,,,,,,,,1.0,3.0,4.0,0,2.0,9.0,2.0,,,
2015-16,6768079,7,21,West_Ham_United,Home,45944,Cheikhou Kouyaté,cheikhou-kouyate,M,False,,,1.0,14.0,7.0,21.0,1.0,4.0,2.0,,,1.0,2.0,,,3.0,7.0,10.0,,,1.0,,1.0,,,2.0,2.0,,90.0,2.0,,,,,,,,,,7.8,,,1.0,,2.0,,,2.0,,18.0,10.0,28.0,4,4.0,48.0,1.0,1.0,2.0,
2015-16,6768079,7,21,West_Ham_United,Home,46799,Pedro Obiang,pedro-obiang,M,True,,,2.0,11.0,6.0,17.0,,1.0,7.0,,,,1.0,,,,2.0,3.0,,,1.0,,,,,1.0,,,33.0,,1.0,,,,,,,,,6.6,,,,1.0,,,,3.0,,15.0,7.0,22.0,0,1.0,27.0,,1.0,,
2015-16,6768079,7,45,Norwich_City,Away,115346,Nathan Redmond,nathan-redmond,M,True,1.0,,,7.0,2.0,8.0,,,1.0,,,,,,,,,1.0,,,,,1.0,,,,2.0,,21.0,1.0,,,,,,,,,,7.4,,,,,,2.0,,1.0,,9.0,4.0,11.0,1,,15.0,,1.0,,
2015-16,6768079,7,21,West_Ham_United,Home,220315,Manuel Lanzini,manuel-lanzini,M,False,,,1.0,15.0,5.0,20.0,1.0,,5.0,,,1.0,,,,1.0,3.0,3.0,,,,,,,,,,,72.0,,,,,,,,,,,6.8,,,2.0,,2.0,1.0,,2.0,,20.0,5.0,24.0,3,,35.0,1.0,2.0,1.0,
2015-16,6768079,7,45,Norwich_City,Away,267621,Robbie Brady,robbie-brady,M,False,1.0,,3.0,21.0,10.0,30.0,1.0,2.0,8.0,,,2.0,2.0,,,3.0,9.0,9.0,,,1.0,,1.0,,,3.0,2.0,,90.0,1.0,1.0,,,,,,,,,7.8,,,1.0,2.0,5.0,3.0,,6.0,,31.0,12.0,40.0,4,4.0,71.0,1.0,,3.0,
2015-16,6768081,7,1,Manchester_United,Home,326,Bastian Schweinsteiger,bastian-schweinsteiger,M,True,,,2.0,6.0,14.0,20.0,,,2.0,,,,,,,2.0,2.0,2.0,,,,,,,,,,,22.0,,,,,,,,,,,6.6,,,,,,,,3.0,,7.0,15.0,22.0,0,1.0,26.0,,1.0,,
2015-16,6768081,7,56,Sunderland,Away,524,Sebastian Larsson,sebastian-larsson,M,True,,,1.0,7.0,5.0,12.0,,,2.0,,,,,,,,1.0,,,,1.0,,,,,1.0,1.0,,20.0,,,,,,,,,,,6.6,,,,,,,,1.0,,8.0,5.0,13.0,0,,14.0,,,,
2015-16,6768081,7,1,Manchester_United,Home,938,Michael Carrick,michael-carrick,M,False,,,5.0,37.0,21.0,58.0,1.0,,5.0,,,,1.0,,,,3.0,1.0,,,1.0,,,,,2.0,1.0,,68.0,,1.0,,,,,,,,,7.1,,,,2.0,,,,7.0,,45.0,21.0,66.0,0,1.0,73.0,,,,
2015-16,6768081,7,56,Sunderland,Away,14210,Lee Cattermole,lee-cattermole,M,False,,,5.0,11.0,24.0,35.0,,,11.0,,,,2.0,,,,4.0,6.0,,,2.0,,,,,4.0,1.0,,90.0,,3.0,,,,,,,,,7.2,,,,1.0,1.0,,,6.0,,14.0,24.0,38.0,0,4.0,53.0,,1.0,1.0,
2015-16,6768081,7,1,Manchester_United,Home,27009,Morgan Schneiderlin,morgan-schneiderlin,M,False,,,5.0,36.0,31.0,67.0,,,10.0,,,,1.0,,,,5.0,5.0,,,4.0,,,,,3.0,,,90.0,,1.0,,,,,,,,,7.1,,,,1.0,,,,7.0,,42.0,32.0,74.0,0,2.0,86.0,1.0,3.0,,
2015-16,6768081,7,1,Manchester_United,Home,28367,Juan Mata,juan-mata,M,False,,,3.0,34.0,15.0,49.0,1.0,,6.0,1.0,,2.0,3.0,,,2.0,6.0,4.0,,,,1.0,1.0,,,,1.0,,90.0,2.0,,,,,,,,,,8.2,,,,,1.0,3.0,,4.0,,40.0,16.0,53.0,4,2.0,69.0,2.0,1.0,1.0,
2015-16,6768081,7,56,Sunderland,Away,32045,Yann M'Vila,yann-mvila,M,False,1.0,,3.0,18.0,20.0,37.0,,,4.0,,,,1.0,,,,1.0,4.0,,,,,,,,,3.0,,90.0,,,,,,,,,,,7.1,,,1.0,3.0,1.0,4.0,,6.0,,26.0,23.0,45.0,1,2.0,60.0,,1.0,1.0,
2015-16,6768081,7,56,Sunderland,Away,35528,Jordi Gómez,jordi-gomez,M,True,,,,,,,,,,,,,,,,,,,,,,,,,,,,,,,,,,,,,,,,,,,,,,,,,,,,,0,,,,,,
2015-16,6768081,7,1,Manchester_United,Home,82474,Ander Herrera,ander-herrera,M,True,,,,,,,,,,,,,,,,,,,,,,,,,,,,,,,,,,,,,,,,,,,,,,,,,,,,,0,,,,,,
2015-16,6768081,7,1,Manchester_United,Home,191176,Anthony Martial,anthony-martial,M,False,,,,20.0,2.0,22.0,5.0,2.0,1.0,2.0,,,1.0,,,3.0,10.0,8.0,,,1.0,1.0,,,,,2.0,,90.0,,,,,,,,,,,7.5,,,1.0,,4.0,2.0,,,,31.0,2.0,31.0,1,,48.0,1.0,4.0,3.0,
2015-16,6768081,7,1,Manchester_United,Home,285949,Andreas Pereira,andreas-pereira,M,True,,,,,,,,,,,,,,,,,,,,,,,,,,,,,,,,,,,,,,,,,,,,,,,,,,,,,0,,,,,,
2015-16,6768073,8,1,Manchester_United,Away,326,Bastian Schweinsteiger,bastian-schweinsteiger,M,False,2.0,,4.0,65.0,16.0,79.0,5.0,1.0,2.0,,1.0,,4.0,,,3.0,14.0,7.0,,,2.0,,,,,,1.0,,90.0,1.0,1.0,,,,,,,,,6.5,,,,,3.0,4.0,,6.0,,78.0,17.0,91.0,1,3.0,110.0,,,3.0,
2015-16,6768073,8,1,Manchester_United,Away,938,Michael Carrick,michael-carrick,M,False,1.0,,5.0,64.0,30.0,93.0,,,11.0,,,,3.0,,,2.0,7.0,2.0,,,2.0,,,,,2.0,,,90.0,,,,,,,,,,,6.6,,,,2.0,1.0,1.0,,10.0,,74.0,31.0,104.0,0,1.0,114.0,,,1.0,
2015-16,6768073,8,3,Arsenal,Home,10501,Theo Walcott,theo-walcott,M,False,,,,9.0,1.0,10.0,2.0,,3.0,,,,,,,3.0,8.0,3.0,,,,2.0,,,,1.0,2.0,,75.0,,,,,,,,,,,7.1,,,1.0,,3.0,,,,1.0,11.0,1.0,12.0,1,,26.0,,3.0,,
2015-16,6768073,8,3,Arsenal,Home,10577,Alex Oxlade-Chamberlain,alex-oxlade-chamberlain,M,True,,,,1.0,2.0,3.0,,,,,1.0,,1.0,,,,1.0,,,,,,,,1.0,,1.0,,15.0,,,,,,,,,,,6.4,,,1.0,,,,,,,2.0,2.0,4.0,1,,6.0,,,,
2015-16,6768073,8,3,Arsenal,Home,16176,Mesut Özil,mesut-ozil,M,False,,,1.0,25.0,7.0,32.0,1.0,1.0,4.0,1.0,,2.0,1.0,,,1.0,5.0,5.0,,,1.0,1.0,1.0,,,,2.0,,75.0,2.0,,,,,,,,,,8.5,,,,,3.0,,,2.0,,29.0,10.0,39.0,4,1.0,53.0,1.0,1.0,2.0,
2015-16,6768073,8,3,Arsenal,Home,17651,Santi Cazorla,santi-cazorla,M,False,1.0,,7.0,24.0,26.0,49.0,,,10.0,,,,,,,2.0,4.0,9.0,,,1.0,,,,,2.0,1.0,,90.0,,,,,,,,,,,7.8,,,1.0,,6.0,5.0,,9.0,,31.0,29.0,55.0,1,2.0,81.0,,2.0,5.0,
2015-16,6768073,8,3,Arsenal,Home,23571,Aaron Ramsey,aaron-ramsey,M,False,,,1.0,14.0,29.0,43.0,,,8.0,,1.0,,7.0,,,4.0,14.0,8.0,,,3.0,,,,,5.0,1.0,,90.0,,,,,,,,,,,6.3,,,1.0,,1.0,,,1.0,,15.0,31.0,46.0,1,4.0,68.0,2.0,3.0,1.0,
2015-16,6768073,8,1,Manchester_United,Away,27009,Morgan Schneiderlin,morgan-schneiderlin,M,True,,,,,,,,,,,,,,,,,,,,,,,,,,,,,,,,,,,,,,,,,,,,,,,,,,,,,0,,,,,,
2015-16,6768073,8,1,Manchester_United,Away,28367,Juan Mata,juan-mata,M,False,,,4.0,36.0,10.0,46.0,,,3.0,,,1.0,1.0,,,2.0,3.0,1.0,,,,,,,,,2.0,,82.0,,,,,,,,,,,6.6,,,1.0,,1.0,3.0,,4.0,,41.0,11.0,49.0,2,,58.0,,,1.0,
2015-16,6768073,8,3,Arsenal,Home,40672,Francis Coquelin,francis-coquelin,M,False,,,1.0,10.0,18.0,28.0,,2.0,7.0,,,,1.0,,,1.0,3.0,10.0,,,1.0,,,,,3.0,,,90.0,,1.0,,,,,,,,,7.4,,,,3.0,2.0,,,2.0,,12.0,18.0,30.0,0,5.0,51.0,1.0,1.0,2.0,
2015-16,6768073,8,3,Arsenal,Home,154508,Joel Campbell,joel-campbell,M,True,,,,,,,,,,,,,,,,,,,,,,,,,,,,,,,,,,,,,,,,,,,,,,,,,,,,,0,,,,,,
2015-16,6768073,8,1,Manchester_United,Away,191176,Anthony Martial,anthony-martial,M,False,,,,18.0,4.0,22.0,1.0,2.0,2.0,,1.0,,1.0,,,3.0,14.0,6.0,,,2.0,,,,,,1.0,,90.0,1.0,,,,,,,,,,5.8,,,,,9.0,1.0,,,2.0,25.0,4.0,28.0,1,1.0,50.0,2.0,1.0,2.0,
2015-16,6768074,8,8,Chelsea,Home,518,Cesc Fàbregas,cesc-fabregas,M,False,,,7.0,55.0,25.0,80.0,,1.0,11.0,,,,1.0,,,,3.0,6.0,,,1.0,,,,,1.0,2.0,,90.0,,,,,,,,,,,7.4,,,1.0,,3.0,3.0,,10.0,,72.0,27.0,96.0,1,3.0,108.0,,,2.0,
2015-16,6768074,8,20,Southampton,Away,559,Steven Davis,steven-davis,M,False,,,2.0,13.0,13.0,26.0,2.0,,10.0,,,,1.0,,,4.0,7.0,2.0,,,,,1.0,,,4.0,,,90.0,1.0,,,,,,,,,,6.9,,,1.0,,,6.0,,3.0,,24.0,15.0,33.0,2,1.0,61.0,4.0,1.0,,
2015-16,6768074,8,8,Chelsea,Home,31417,Willian,willian,M,False,,,,11.0,5.0,16.0,1.0,,4.0,,,1.0,,,,,4.0,3.0,,,,,1.0,,,,,,64.0,1.0,,,,,,,,,,6.9,,,,,4.0,,,1.0,,14.0,7.0,21.0,2,,29.0,,2.0,1.0,
2015-16,6768074,8,8,Chelsea,Home,33110,Ramires,ramires,M,False,,,1.0,10.0,9.0,19.0,3.0,,2.0,,,,2.0,,,1.0,12.0,4.0,,,4.0,,,,,1.0,,,45.0,,,,,,,,,,,6.0,,,,,2.0,,,4.0,,17.0,11.0,28.0,0,3.0,37.0,,1.0,,
2015-16,6768074,8,8,Chelsea,Home,39400,Oscar,oscar,M,False,,,7.0,35.0,20.0,55.0,2.0,,3.0,,,1.0,1.0,,,2.0,5.0,5.0,,,,,,,,,,,90.0,1.0,,,,,,,,,,7.0,,,2.0,,,1.0,,9.0,1.0,41.0,21.0,61.0,4,3.0,75.0,,2.0,,
2015-16,6768074,8,8,Chelsea,Home,44241,Nemanja Matić,nemanja-matic,M,True,,,1.0,7.0,6.0,13.0,,,3.0,,,,,,,1.0,4.0,2.0,,1.0,2.0,,,,,1.0,,,28.0,,,,,,,,,,,6.1,,,,,1.0,1.0,,2.0,,11.0,7.0,17.0,0,2.0,25.0,1.0,,,
2015-16,6768074,8,20,Southampton,Away,44760,Cédric Soares,cedric-soares,M,False,,,3.0,10.0,8.0,18.0,1.0,1.0,6.0,,,,,,,1.0,7.0,8.0,,,3.0,,,,,3.0,,,90.0,,1.0,,,,,,,,,7.0,,,,5.0,3.0,,,10.0,,22.0,11.0,33.0,0,5.0,67.0,1.0,1.0,1.0,
2015-16,6768074,8,20,Southampton,Away,45956,Victor Wanyama,victor-wanyama,M,False,,,2.0,14.0,18.0,32.0,2.0,5.0,6.0,,,,,,,1.0,4.0,9.0,,,1.0,,,,,3.0,,,90.0,,,,,,,,,,,7.0,,,,1.0,1.0,1.0,,4.0,,23.0,20.0,42.0,0,2.0,53.0,,1.0,1.0,
2015-16,6768074,8,20,Southampton,Away,69416,Oriol Romeu,oriol-romeu,M,False,,,1.0,5.0,11.0,16.0,,,4.0,,,,,,,,1.0,1.0,,,1.0,,,,,,,,45.0,,,,,,,,,,,6.5,,,,,,,,2.0,,8.0,13.0,21.0,0,1.0,25.0,,,,
2015-16,6768074,8,20,Southampton,Away,161717,James Ward-Prowse,james-ward-prowse,M,True,,,2.0,4.0,6.0,10.0,1.0,1.0,2.0,,,,1.0,,,,3.0,2.0,,,1.0,,,,,1.0,,,45.0,,,,,,,,,,,6.7,,,2.0,4.0,,2.0,,3.0,,7.0,6.0,11.0,2,,22.0,,1.0,,
2015-16,6768074,8,20,Southampton,Away,217704,Sadio Mané,sadio-mane,M,False,,,,12.0,6.0,18.0,1.0,1.0,7.0,1.0,1.0,2.0,,,,5.0,12.0,14.0,,,5.0,1.0,1.0,,,,3.0,,89.0,2.0,,,,,,,,,,8.5,,,,,6.0,1.0,,,1.0,18.0,6.0,23.0,4,6.0,55.0,3.0,3.0,4.0,
2015-16,6768074,8,8,Chelsea,Home,284441,Ruben Loftus-Cheek,ruben-loftus-cheek,M,True,,,,,,,,,,,,,,,,,,,,,,,,,,,,,,,,,,,,,,,,,,,,,,,,,,,,,0,,,,,,
2015-16,6768075,8,57,Watford,Away,642,Ben Watson,ben-watson,M,False,,,2.0,20.0,15.0,35.0,5.0,1.0,7.0,,,1.0,3.0,,,,9.0,4.0,,,,,,,1.0,1.0,,,90.0,,,,,,,,,,,6.8,,,1.0,1.0,1.0,,,5.0,,29.0,18.0,47.0,2,3.0,58.0,,,,
2015-16,6768075,8,57,Watford,Away,1037,Lloyd Dyer,lloyd-dyer,M,True,,,,,,,,,,,,,,,,,,,,,,,,,,,,,,,,,,,,,,,,,,,,,,,,,,,,,0,,,,,,
2015-16,6768075,8,57,Watford,Away,4366,Almen Abdi,almen-abdi,M,False,,,3.0,34.0,15.0,49.0,4.0,2.0,7.0,1.0,,,2.0,,,1.0,7.0,6.0,,,,,,,,1.0,2.0,,89.0,,,,,,,,,,,7.1,,,1.0,,1.0,8.0,,3.0,,48.0,16.0,56.0,1,2.0,78.0,1.0,1.0,1.0,
2015-16,6768075,8,91,Bournemouth,Home,11764,Marc Pugh,marc-pugh,M,False,,,1.0,18.0,7.0,25.0,2.0,1.0,3.0,,,,1.0,,,1.0,5.0,2.0,,,,,,,,,,,57.0,,,,,,,,,,,6.2,,,1.0,,1.0,1.0,,2.0,,22.0,7.0,28.0,1,,38.0,1.0,1.0,,
2015-16,6768075,8,91,Bournemouth,Home,14695,Andrew Surman,andrew-surman,M,False,,,8.0,31.0,28.0,59.0,3.0,3.0,4.0,,,,4.0,,,2.0,9.0,5.0,,,,,,,,5.0,3.0,,90.0,,,,,,,,,,,6.9,,,,4.0,1.0,,,11.0,,39.0,33.0,72.0,0,,87.0,,1.0,1.0,
2015-16,6768075,8,57,Watford,Away,16701,Étienne Capoue,etienne-capoue,M,False,1.0,,8.0,23.0,25.0,47.0,1.0,1.0,6.0,,,1.0,4.0,,,1.0,13.0,9.0,,,7.0,,,,,3.0,,,90.0,,,,1.0,,,,,,,6.6,,,1.0,1.0,2.0,2.0,,10.0,,29.0,27.0,54.0,2,3.0,74.0,1.0,3.0,2.0,
2015-16,6768075,8,57,Watford,Away,20364,Ikechi Anya,ikechi-anya,M,False,,,1.0,16.0,9.0,25.0,1.0,1.0,5.0,,1.0,,,,,,1.0,4.0,,,,,,,,1.0,,,79.0,1.0,,,,,,,,,,6.8,,,1.0,,2.0,3.0,,3.0,,23.0,10.0,30.0,2,1.0,44.0,1.0,,2.0,
2015-16,6768075,8,57,Watford,Away,27803,Alessandro Diamanti,alessandro-diamanti,M,True,,,,,,,,,,,,,,,,,,,,,,,,,,,,,,,,,,,,,,,,,,,,,,,,,,,,,0,,,,,,
2015-16,6768075,8,91,Bournemouth,Home,41628,Eunan O'Kane,eunan-okane,M,True,,,1.0,6.0,3.0,9.0,,,,,,,,,,,,1.0,,,,,,,,1.0,,,20.0,1.0,,,,,,,,,,7.0,,,,,1.0,1.0,,1.0,,10.0,3.0,12.0,1,,17.0,,,1.0,
2015-16,6768075,8,91,Bournemouth,Home,42699,Matt Ritchie,matt-ritchie,M,False,2.0,,1.0,24.0,8.0,30.0,2.0,1.0,6.0,1.0,,1.0,1.0,,,3.0,9.0,6.0,,,2.0,1.0,,,,2.0,2.0,,90.0,,,,,,,,,,,7.0,,,,,1.0,11.0,,2.0,1.0,43.0,9.0,41.0,1,2.0,73.0,2.0,3.0,,
2015-16,6768075,8,57,Watford,Away,45989,Adlène Guédioura,adlene-guedioura,M,True,,,,,,,,,,,,,,,,,,,,,,,,,,,,,1.0,,,,,,,,,,,,,,,,,,,,,,,,0,,,,,,
2015-16,6768075,8,91,Bournemouth,Home,46738,Lee Tomlin,lee-tomlin,M,True,,,,,,,,,,,,,,,,,,,,,,,,,,,,,,,,,,,,,,,,,,,,,,,,,,,,,0,,,,,,
2015-16,6768075,8,57,Watford,Away,47668,Juan Carlos Paredes,juan-carlos-paredes,M,True,,,1.0,,1.0,1.0,,,,,,,1.0,,,,1.0,,,,,,,,,1.0,,,11.0,,,,,,,,,,,6.5,,,,1.0,,,,2.0,,2.0,1.0,3.0,0,,10.0,,,,
2015-16,6768078,8,4,Newcastle_United,Away,10438,Cheik Tiote,cheik-tiote,M,True,,,1.0,5.0,13.0,18.0,,,4.0,,,,,,,,1.0,1.0,,,1.0,,,,,,,,24.0,,,,,,,,,,,6.7,,,,,,,,1.0,,5.0,13.0,18.0,0,,21.0,,1.0,,
2015-16,6768078,8,43,Manchester_City,Home,11781,David Silva,david-silva,M,False,1.0,,5.0,46.0,8.0,53.0,1.0,,5.0,1.0,,,,,,2.0,7.0,4.0,,,,2.0,,,,1.0,6.0,,75.0,,,,,,,,,,,8.1,,,1.0,,6.0,3.0,,6.0,,54.0,9.0,60.0,1,,78.0,1.0,2.0,2.0,
2015-16,6768078,8,43,Manchester_City,Home,13630,Fernandinho,fernandinho,M,False,,,6.0,53.0,14.0,67.0,,,6.0,1.0,,,2.0,,,,3.0,4.0,,,1.0,1.0,,,,1.0,3.0,,90.0,,,,,,,,,,,7.7,,,1.0,,,,,7.0,,59.0,17.0,76.0,1,4.0,82.0,,,,
2015-16,6768078,8,4,Newcastle_United,Away,15007,Vurnon Anita,vurnon-anita,M,False,,,4.0,16.0,18.0,34.0,,1.0,6.0,,,,1.0,,,1.0,4.0,5.0,,,1.0,,,,,1.0,,,90.0,,,,,,,,,,,6.3,,,,,1.0,,,7.0,,24.0,19.0,43.0,0,4.0,55.0,,,,
2015-16,6768078,8,4,Newcastle_United,Away,22126,Georginio Wijnaldum,georginio-wijnaldum,M,False,,,2.0,14.0,15.0,29.0,1.0,,9.0,1.0,,1.0,,,,1.0,2.0,6.0,,,,1.0,,,,,1.0,,90.0,1.0,,,,,,,,,,7.3,,,,,5.0,1.0,,3.0,,19.0,17.0,35.0,2,,50.0,2.0,1.0,5.0,
2015-16,6768078,8,4,Newcastle_United,Away,26982,Yoan Gouffran,yoan-gouffran,M,False,,,2.0,9.0,9.0,18.0,,1.0,1.0,,,,1.0,,,,2.0,2.0,,,1.0,,,,,2.0,,,66.0,,1.0,,,,,,,,,6.1,,,,1.0,,1.0,,4.0,,15.0,10.0,24.0,0,1.0,33.0,1.0,,,
2015-16,6768078,8,4,Newcastle_United,Away,27014,Moussa Sissoko,moussa-sissoko,M,False,1.0,,1.0,15.0,6.0,20.0,,,4.0,1.0,,,,,,1.0,1.0,4.0,,,,,,,,1.0,4.0,,66.0,,2.0,,,,,,,,,7.0,,,,,1.0,2.0,,1.0,,18.0,6.0,22.0,0,2.0,35.0,,1.0,1.0,
2015-16,6768078,8,4,Newcastle_United,Away,30262,Siem de Jong,siem-de-jong,M,True,,,,,,,,,,,,,,,,,,,,,,,,,,,,,,,,,,,,,,,,,,,,,,,,,,,,,0,,,,,,
2015-16,6768078,8,43,Manchester_City,Home,41837,Fernando,fernando-reges,M,False,,,5.0,43.0,15.0,58.0,,1.0,6.0,,1.0,2.0,1.0,,,,4.0,4.0,,,2.0,,,,,1.0,,,90.0,2.0,,,,,,,,,,7.1,,,,,3.0,,,6.0,,46.0,20.0,66.0,4,1.0,78.0,,,2.0,
2015-16,6768078,8,43,Manchester_City,Home,70996,Kevin De Bruyne,kevin-de-bruyne,M,False,3.0,,7.0,49.0,7.0,53.0,1.0,,6.0,2.0,,,,,,1.0,4.0,6.0,,,,2.0,1.0,,,1.0,3.0,,90.0,2.0,,,,,,,,,,9.8,,,2.0,2.0,5.0,7.0,,8.0,,63.0,9.0,65.0,4,2.0,93.0,2.0,1.0,3.0,
2015-16,6768078,8,43,Manchester_City,Home,792317,Manu García,manu-garcia,M,True,,,,,,,,,,,,,,,,,,,,,,,,,,,,,,,,,,,,,,,,,,,,,,,,,,,,,0,,,,,,
2015-16,6768080,8,11,Everton,Home,544,Gareth Barry,gareth-barry,M,False,,,7.0,38.0,9.0,47.0,,,7.0,,,,,,,,1.0,5.0,,,1.0,,,,,1.0,2.0,,90.0,,2.0,,,,,,,,,7.3,,,1.0,,1.0,2.0,,15.0,,47.0,15.0,60.0,1,3.0,72.0,,1.0,1.0,
2015-16,6768080,8,14,Liverpool,Away,791,James Milner,james-milner,M,False,5.0,,2.0,20.0,4.0,19.0,3.0,2.0,3.0,1.0,,,2.0,,,1.0,10.0,10.0,,,4.0,1.0,,,,,4.0,,90.0,1.0,1.0,,,,,,,,,8.3,,,1.0,1.0,2.0,8.0,,5.0,,36.0,7.0,35.0,2,4.0,67.0,3.0,3.0,2.0,
2015-16,6768080,8,11,Everton,Home,1161,Leon Osman,leon-osman,M,True,,,,,,,,,,,,,,,,,,,,,,,,,,,,,,,,,,,,,,,,,,,,,,,,,,,,,0,,,,,,
2015-16,6768080,8,11,Everton,Home,9692,Aaron Lennon,aaron-lennon,M,True,,,,8.0,3.0,11.0,,,,,,1.0,1.0,,,,2.0,1.0,,,,,,,,,1.0,,30.0,,,,,,,,,,,6.5,,,,,2.0,1.0,,,,12.0,4.0,15.0,1,,21.0,2.0,,1.0,
2015-16,6768080,8,14,Liverpool,Away,17054,Adam Lallana,adam-lallana,M,True,,,,4.0,2.0,6.0,,,,,,,1.0,,,,3.0,1.0,,,1.0,,,,,,,,14.0,,1.0,,,,,,,,,6.2,,,,,1.0,1.0,,,,5.0,2.0,6.0,0,1.0,10.0,,,,
2015-16,6768080,8,14,Liverpool,Away,20602,Joe Allen,joe-allen,M,True,,,1.0,3.0,5.0,8.0,,,2.0,,,,,,,,1.0,2.0,,,1.0,,,,,,,,11.0,,,,,,,,,,,6.8,,,,,,,,2.0,,3.0,6.0,9.0,0,2.0,12.0,,,,
2015-16,6768080,8,11,Everton,Home,21073,Darron Gibson,darron-gibson,M,True,,,,,,,,,,,,,,,,,,,,,,,,,,,,,,,,,,,,,,,,,,,,,,,,,,,,,0,,,,,,
2015-16,6768080,8,14,Liverpool,Away,27234,Lucas Leiva,lucas-leiva,M,False,,,6.0,27.0,15.0,42.0,1.0,1.0,9.0,,,,1.0,,,1.0,11.0,11.0,,,7.0,,,,,,1.0,,79.0,,1.0,,,,,,,,,7.4,,,,,2.0,,,7.0,,30.0,17.0,47.0,0,8.0,63.0,,1.0,1.0,
2015-16,6768080,8,11,Everton,Home,39283,James McCarthy,james-mccarthy,M,False,,,4.0,26.0,7.0,33.0,1.0,,5.0,,,,1.0,,,1.0,5.0,10.0,,,2.0,,,,,1.0,1.0,,90.0,1.0,1.0,,,,,,,,,7.7,,,,1.0,1.0,,,5.0,,29.0,8.0,37.0,1,7.0,56.0,1.0,2.0,1.0,
2015-16,6768080,8,11,Everton,Home,98435,Ross Barkley,ross-barkley,M,False,2.0,,3.0,27.0,12.0,37.0,2.0,,3.0,1.0,,2.0,,,,4.0,11.0,11.0,,,2.0,,,,,,2.0,,90.0,,,,,,,,,,,7.2,,,1.0,1.0,8.0,7.0,,5.0,,40.0,12.0,45.0,3,1.0,79.0,1.0,5.0,5.0,
2015-16,6768080,8,14,Liverpool,Away,119159,Philippe Coutinho,philippe-coutinho,M,False,,,1.0,19.0,11.0,30.0,,,5.0,,,2.0,4.0,,,2.0,9.0,3.0,,,,,,,,,1.0,,90.0,1.0,1.0,,,,,,,,,6.1,,,,,4.0,,,2.0,,25.0,12.0,37.0,3,,55.0,2.0,2.0,1.0,
2015-16,6768080,8,14,Liverpool,Away,185955,Jordon Ibe,jordon-ibe,M,True,,,,,,,,,,,,,,,,,,,,,,,,,,,,,,,,,,,,,,,,,,,,,,,,,,,,,0,,,,,,
2015-16,6768080,8,14,Liverpool,Away,361328,Jordan Rossiter,jordan-rossiter,M,True,,,,,,,,,,,,,,,,,,,,,,,,,,,,,,,,,,,,,,,,,,,,,,,,,,,,,0,,,,,,
2015-16,6768082,8,56,Sunderland,Home,524,Sebastian Larsson,sebastian-larsson,M,True,,,,,1.0,1.0,1.0,,1.0,,,,,,,,1.0,,,,,,,,,,,,6.0,,,,,,,,,,,6.5,,,,,,,,,,,1.0,1.0,0,,3.0,,,,
2015-16,6768082,8,21,West_Ham_United,Away,9741,Mark Noble,mark-noble,M,False,,,6.0,39.0,14.0,53.0,,,5.0,,,,2.0,,,,5.0,2.0,,,2.0,,,,,2.0,2.0,,79.0,,,,,,,,,,,6.5,,,,,2.0,1.0,,8.0,,49.0,15.0,63.0,0,1.0,71.0,1.0,,1.0,
2015-16,6768082,8,56,Sunderland,Home,14210,Lee Cattermole,lee-cattermole,M,False,1.0,,,14.0,18.0,31.0,1.0,1.0,5.0,,,,,,,,1.0,3.0,,,,,,,,5.0,,,90.0,,1.0,,,,,,,,,7.0,,,,2.0,,1.0,,1.0,,18.0,18.0,35.0,0,2.0,46.0,,,,
2015-16,6768082,8,21,West_Ham_United,Away,14216,Dimitri Payet,dimitri-payet,M,False,4.0,,12.0,48.0,12.0,56.0,1.0,,7.0,1.0,,,,,,2.0,4.0,4.0,1.0,,,,1.0,,,,7.0,,90.0,2.0,,,,,,,,,,8.1,,,,,3.0,11.0,,15.0,,65.0,12.0,66.0,2,,87.0,,2.0,2.0,
2015-16,6768082,8,56,Sunderland,Home,32045,Yann M'Vila,yann-mvila,M,False,1.0,,2.0,26.0,17.0,42.0,,,7.0,,,,3.0,,,2.0,5.0,2.0,,,,2.0,,,,1.0,3.0,,89.0,,,,,,,,,,,7.5,,,1.0,8.0,,3.0,,5.0,,37.0,19.0,53.0,1,2.0,75.0,1.0,,,
2015-16,6768082,8,56,Sunderland,Home,35528,Jordi Gómez,jordi-gomez,M,True,,,,,,,,,,,,,,,,,,,,,,,,,,,,,1.0,,,,,,,,,,,,,,,,,,,,,,,,0,,,,,,
2015-16,6768082,8,21,West_Ham_United,Away,45944,Cheikhou Kouyaté,cheikhou-kouyate,M,False,,,,17.0,8.0,25.0,5.0,3.0,6.0,,,,1.0,,,,6.0,9.0,,,,,,,,1.0,,,90.0,,,,,,,,,,,6.9,,,,,,1.0,,1.0,,25.0,8.0,32.0,0,5.0,44.0,,1.0,,
2015-16,6768082,8,21,West_Ham_United,Away,46799,Pedro Obiang,pedro-obiang,M,True,,,,,,,,,,,,,,,,,,,,,,,,,,,,,,,,,,,,,,,,,,,,,,,,,,,,,0,,,,,,
2015-16,6768082,8,21,West_Ham_United,Away,220315,Manuel Lanzini,manuel-lanzini,M,False,,,1.0,28.0,9.0,37.0,,1.0,7.0,,,1.0,,,,,5.0,6.0,,,1.0,,,,,2.0,,,90.0,1.0,,,,,,,,,,6.9,,,2.0,,9.0,1.0,,1.0,1.0,31.0,10.0,40.0,4,,64.0,5.0,1.0,4.0,
2015-16,6768083,8,7,Aston_Villa,Home,764,Kieran Richardson,kieran-richardson,M,True,,,,,,,,,,,,,,,,,,,,,,,,,,,,,,,,,,,,,,,,,,,,,,,,,,,,,0,,,,,,
2015-16,6768083,8,110,Stoke_City,Away,2525,Ibrahim Afellay,ibrahim-afellay,M,True,,,,4.0,2.0,6.0,,,5.0,,,1.0,,,,,5.0,3.0,,,1.0,,,,,,,,32.0,1.0,,,,,,,,,,6.6,,,,,5.0,,,,,4.0,2.0,6.0,2,2.0,18.0,3.0,,1.0,
2015-16,6768083,8,110,Stoke_City,Away,9360,Charlie Adam,charlie-adam,M,False,,,5.0,9.0,18.0,27.0,,1.0,5.0,,,,5.0,,,,10.0,4.0,,,5.0,,,,,2.0,2.0,,90.0,1.0,1.0,,,,,,,,,6.5,,,,3.0,,1.0,,12.0,,18.0,18.0,35.0,1,1.0,48.0,,2.0,,
2015-16,6768083,8,110,Stoke_City,Away,9682,Stephen Ireland,stephen-ireland,M,True,,,,,,,,,,,,,,,,,,,,,,,,,,,,,,,,,,,,,,,,,,,,,,,,,,,,,0,,,,,,
2015-16,6768083,8,110,Stoke_City,Away,10535,Glenn Whelan,glenn-whelan,M,False,1.0,,3.0,14.0,26.0,39.0,1.0,,6.0,,,,3.0,,,,4.0,4.0,,,,,,,,3.0,2.0,,90.0,,2.0,,,,,,,,,7.2,,,,5.0,,2.0,,4.0,,16.0,28.0,42.0,0,3.0,61.0,1.0,1.0,,
2015-16,6768083,8,7,Aston_Villa,Home,24055,Scott Sinclair,scott-sinclair,M,False,,,,4.0,2.0,6.0,,,2.0,,,,,,,2.0,8.0,,,,1.0,,,,,,,,59.0,,,,,,,,,,,5.8,,,,,5.0,,,,1.0,4.0,2.0,6.0,0,,18.0,3.0,,,
2015-16,6768083,8,7,Aston_Villa,Home,49647,Ashley Westwood,ashley-westwood,M,False,4.0,,3.0,36.0,21.0,53.0,,,9.0,1.0,,,,,,,,3.0,,,,,,,,,3.0,,75.0,,,,,,,,,,,7.6,,,,1.0,1.0,7.0,,7.0,,50.0,22.0,65.0,0,2.0,77.0,,,1.0,
2015-16,6768083,8,7,Aston_Villa,Home,74545,Leandro Bacuna,leandro-bacuna,M,True,,,,,,,,,,,,,,,,,,,,,,,,,,,,,,,,,,,,,,,,,,,,,,,,,,,,,0,,,,,,
2015-16,6768083,8,7,Aston_Villa,Home,106337,Idrissa Gana Gueye,idrissa-gana-gueye,M,False,,,4.0,47.0,26.0,73.0,1.0,,12.0,,,,2.0,,,1.0,8.0,11.0,,,3.0,,,,,3.0,,,90.0,,,,,,,,,,,7.4,,,1.0,1.0,4.0,1.0,,6.0,,54.0,28.0,81.0,1,4.0,102.0,2.0,4.0,3.0,
2015-16,6768083,8,7,Aston_Villa,Home,151124,Jordan Veretout,jordan-veretout,M,False,,,2.0,38.0,18.0,56.0,2.0,2.0,7.0,,,2.0,6.0,,,,11.0,9.0,,,,,,,,,2.0,,90.0,,,,,,,,,,,6.8,,,1.0,,5.0,2.0,,4.0,,46.0,18.0,62.0,3,3.0,82.0,,2.0,2.0,
2015-16,6768083,8,7,Aston_Villa,Home,189061,Jack Grealish,jack-grealish,M,True,,,,27.0,7.0,34.0,,,3.0,,,1.0,,,,1.0,3.0,1.0,,,,,,,,,,,45.0,,,,,,,,,,,6.3,,,,,3.0,4.0,,,,33.0,7.0,36.0,1,,48.0,1.0,,1.0,
2015-16,6768083,8,7,Aston_Villa,Home,254895,Carles Gil,carles-gil,M,True,,,,22.0,1.0,23.0,,,1.0,,,,,,,,1.0,3.0,,,,,,,,,2.0,,15.0,,,,,,,,,,,7.2,,,,,4.0,,,1.0,,26.0,1.0,27.0,0,,31.0,,,3.0,
2015-16,6768084,8,45,Norwich_City,Home,512,Alexander Tettey,alexander-tettey,M,False,,,5.0,27.0,29.0,56.0,1.0,3.0,6.0,,,,1.0,,,,2.0,5.0,,,,,,,,1.0,,,90.0,,,,,,,,,,,6.9,,,,3.0,1.0,1.0,,6.0,,33.0,31.0,63.0,0,1.0,71.0,,,1.0,
2015-16,6768084,8,13,Leicester_City,Away,4252,Gökhan Inler,gokhan-inler,M,True,,,,,,,,,,,,,,,,,,,,,,,,,,,,,,,,,,,,,,,,,,,,,,,,,,,,,0,,,,,,
2015-16,6768084,8,45,Norwich_City,Home,9148,Graham Dorrans,graham-dorrans,M,False,,,3.0,16.0,14.0,30.0,,2.0,1.0,,,1.0,1.0,,,,1.0,5.0,,,,,,,,,1.0,,50.0,,,,,,,,,,,7.0,,,1.0,1.0,1.0,1.0,,6.0,,19.0,20.0,38.0,2,2.0,46.0,,,1.0,
2015-16,6768084,8,45,Norwich_City,Home,14336,Wesley Hoolahan,wesley-hoolahan,M,False,,,2.0,38.0,13.0,51.0,2.0,2.0,6.0,,,2.0,1.0,,,3.0,9.0,6.0,,,,,,,,,2.0,,90.0,,,,,,,,,,,7.0,,,,,6.0,2.0,,4.0,1.0,45.0,15.0,58.0,2,1.0,73.0,,,3.0,
2015-16,6768084,8,45,Norwich_City,Home,20095,Matt Jarvis,matt-jarvis,M,False,1.0,,,10.0,2.0,11.0,1.0,,,,,,,,,1.0,2.0,,,,,,,,,,,,59.0,,1.0,,,,,,,,,6.0,,,,,,8.0,,,,21.0,2.0,15.0,0,,26.0,1.0,,,
2015-16,6768084,8,45,Norwich_City,Home,29691,Gary O'Neil,gary-oneil,M,True,,,,,,,,,,,,,,,,,,,,,,,,,,,,,,,,,,,,,,,,,,,,,,,,,,,,,0,,,,,,
2015-16,6768084,8,13,Leicester_City,Away,30530,Andy King,andy-king,M,True,,,,1.0,4.0,5.0,,1.0,2.0,,,,,,,,,3.0,,,,,,,,,,,13.0,,,,,,,,,,,6.9,,,,1.0,1.0,,,1.0,,2.0,4.0,6.0,0,1.0,10.0,1.0,,1.0,
2015-16,6768084,8,13,Leicester_City,Away,47737,Marc Albrighton,marc-albrighton,M,False,3.0,,,8.0,4.0,9.0,3.0,,5.0,1.0,1.0,,1.0,,,1.0,7.0,6.0,,1.0,,,,,,3.0,3.0,,90.0,,,,,,,,,,,6.7,,,,1.0,6.0,11.0,,4.0,,26.0,4.0,19.0,0,2.0,51.0,1.0,,4.0,
2015-16,6768084,8,13,Leicester_City,Away,54330,Danny Drinkwater,danny-drinkwater,M,False,,,2.0,17.0,7.0,24.0,4.0,1.0,8.0,,1.0,,1.0,,,1.0,8.0,5.0,,,1.0,,,,,,2.0,,90.0,1.0,2.0,,,,,,,,,6.5,,,,4.0,1.0,2.0,,7.0,,27.0,11.0,36.0,1,4.0,54.0,,,,
2015-16,6768084,8,45,Norwich_City,Home,115346,Nathan Redmond,nathan-redmond,M,True,1.0,,,16.0,,15.0,,,4.0,,,1.0,,,,,3.0,2.0,,,,,,,1.0,2.0,1.0,,40.0,1.0,,,,,,,,,,6.7,,,,,4.0,7.0,,1.0,,26.0,1.0,20.0,2,,39.0,,1.0,1.0,
2015-16,6768084,8,13,Leicester_City,Away,148710,Jeffrey Schlupp,jeffrey-schlupp,M,False,,,1.0,7.0,1.0,8.0,,1.0,6.0,,1.0,1.0,1.0,,,1.0,4.0,10.0,,,,,1.0,,,1.0,,,77.0,1.0,,,,,,,,,,7.7,,,2.0,,4.0,2.0,,1.0,,12.0,2.0,12.0,4,5.0,38.0,,2.0,2.0,
2015-16,6768084,8,13,Leicester_City,Away,158213,Riyad Mahrez,riyad-mahrez,M,True,,,,,,,,,,,,,,,,,,,,,,,,,,,,,,,,,,,,,,,,,,,,,,,,,,,,,0,,,,,,
2015-16,6768084,8,13,Leicester_City,Away,234148,N'Golo Kanté,n-golo-kante,M,False,,,2.0,19.0,10.0,29.0,2.0,2.0,7.0,1.0,,,4.0,,,,7.0,7.0,,,,1.0,,,,6.0,3.0,,90.0,,1.0,,,,,,,,,7.8,,,,3.0,2.0,,,3.0,,23.0,12.0,35.0,0,4.0,58.0,3.0,,1.0,
2015-16,6768084,8,45,Norwich_City,Home,267621,Robbie Brady,robbie-brady,M,False,6.0,,3.0,28.0,14.0,36.0,1.0,4.0,5.0,,,,1.0,,,1.0,4.0,8.0,,,,,,,,1.0,4.0,,90.0,,,,,,,,,,,7.1,,,,6.0,2.0,21.0,,5.0,,51.0,15.0,45.0,0,3.0,99.0,2.0,,1.0,
2015-16,6768085,8,35,West_Bromwich_Albion,Away,765,Darren Fletcher,darren-fletcher,M,False,,,,12.0,14.0,26.0,,3.0,2.0,,,,,,,1.0,1.0,9.0,,,,,,,,1.0,,,90.0,,2.0,,,,,,,,,7.0,,,,,3.0,1.0,,,,18.0,14.0,31.0,0,2.0,47.0,3.0,1.0,3.0,
2015-16,6768085,8,35,West_Bromwich_Albion,Away,822,James Morrison,james-morrison,M,False,,,1.0,7.0,6.0,13.0,1.0,,5.0,,,,1.0,,,2.0,4.0,7.0,,,,,,,,,1.0,,70.0,,1.0,,,,,,,,,7.0,,,,1.0,6.0,,,2.0,,9.0,9.0,18.0,0,1.0,32.0,3.0,,6.0,
2015-16,6768085,8,31,Crystal_Palace,Home,3574,Yohan Cabaye,yohan-cabaye,M,False,1.0,,6.0,30.0,23.0,52.0,,,1.0,1.0,,1.0,4.0,,,3.0,11.0,5.0,,1.0,2.0,1.0,1.0,,,1.0,2.0,,90.0,2.0,,,,,,,,,,7.9,,,3.0,,3.0,5.0,,9.0,,42.0,23.0,60.0,6,4.0,88.0,,,1.0,
2015-16,6768085,8,31,Crystal_Palace,Home,9921,Joe Ledley,joe-ledley,M,True,,,,4.0,5.0,9.0,,,,,,,1.0,,,,1.0,,,,,,,,,,,,1.0,,,,,,,,,,,,,,,,,,,,,4.0,5.0,9.0,0,,9.0,,,,
2015-16,6768085,8,35,West_Bromwich_Albion,Away,10540,Chris Brunt,chris-brunt,M,False,,,2.0,6.0,10.0,16.0,1.0,1.0,2.0,,,,3.0,,,,6.0,9.0,,,2.0,,,,,3.0,,,90.0,,,,1.0,,,,,,,6.3,,,1.0,7.0,,2.0,,9.0,,13.0,19.0,30.0,1,6.0,61.0,,2.0,,
2015-16,6768085,8,35,West_Bromwich_Albion,Away,14235,Craig Gardner,craig-gardner,M,True,,,,2.0,3.0,5.0,1.0,,3.0,,,,1.0,,,3.0,6.0,1.0,,,1.0,,,,,,,,45.0,,,,,,,,,,,5.8,,,,,,2.0,,,,9.0,4.0,11.0,0,,19.0,,1.0,,
2015-16,6768085,8,31,Crystal_Palace,Home,19593,Jason Puncheon,jason-puncheon,M,False,,,5.0,38.0,7.0,45.0,,,8.0,,,2.0,1.0,,,1.0,5.0,4.0,,,1.0,,,,,1.0,3.0,,90.0,,1.0,,,,,,,,,7.3,,,2.0,,4.0,6.0,,9.0,,55.0,7.0,56.0,4,2.0,80.0,1.0,,2.0,
2015-16,6768085,8,31,Crystal_Palace,Home,39282,James McArthur,james-mcarthur,M,False,,,2.0,25.0,22.0,47.0,2.0,,3.0,,,,4.0,,,,7.0,3.0,,,1.0,,,,,2.0,2.0,,90.0,,,,,,,,,,,6.8,,,1.0,,,,,3.0,,29.0,25.0,54.0,1,1.0,63.0,,2.0,,
2015-16,6768085,8,35,West_Bromwich_Albion,Away,41631,James McClean,james-mcclean,M,False,1.0,,1.0,11.0,9.0,19.0,2.0,3.0,6.0,,,2.0,2.0,,,1.0,6.0,9.0,,,1.0,,,,,,1.0,,90.0,1.0,,,,,,,,,,7.4,,,1.0,,3.0,3.0,,2.0,,21.0,10.0,28.0,4,2.0,46.0,,1.0,3.0,
2015-16,6768085,8,35,West_Bromwich_Albion,Away,53783,Callum McManaman,callum-mcmanaman,M,True,,,,2.0,2.0,4.0,,,4.0,,,,,,,1.0,3.0,2.0,,,,,,,,1.0,,,20.0,1.0,,,,,,,,,,6.5,,,,,2.0,,,,,2.0,2.0,4.0,1,1.0,15.0,,1.0,,
2015-16,6768085,8,31,Crystal_Palace,Home,84686,Pape Souaré,pape-souare,M,False,,,1.0,23.0,13.0,36.0,5.0,2.0,6.0,,,,,,,,6.0,4.0,,,1.0,,,,,1.0,,,90.0,,,,,,,,,,,6.6,,,,7.0,,14.0,,5.0,,42.0,13.0,41.0,0,1.0,83.0,1.0,1.0,,
2015-16,6768085,8,31,Crystal_Palace,Home,111850,Wilfried Zaha,wilfried-zaha,M,False,3.0,,1.0,16.0,4.0,17.0,,1.0,4.0,,,1.0,,,,2.0,6.0,14.0,,,1.0,,,,,2.0,3.0,,89.0,2.0,,,,,,,1.0,,,8.5,,,1.0,,12.0,7.0,,1.0,1.0,21.0,4.0,18.0,4,,55.0,2.0,4.0,9.0,
2015-16,6768085,8,35,West_Bromwich_Albion,Away,151037,Claudio Yacob,claudio-yacob,M,False,,,,10.0,12.0,22.0,1.0,2.0,3.0,,,,4.0,,,,9.0,8.0,,,4.0,,,,,2.0,,,90.0,,,,,,,,,,,6.6,,,,7.0,,,,2.0,,15.0,13.0,28.0,0,5.0,44.0,,1.0,,
2015-16,6768085,8,31,Crystal_Palace,Home,785840,Jake Gray,jake-gray,M,True,,,,,,,,,,,,,,,,,,,,,,,,,,,,,,,,,,,,,,,,,,,,,,,,,,,,,0,,,,,,
2015-16,6768092,8,6,Tottenham_Hotspur,Away,9865,Mousa Dembélé,mousa-dembele,M,True,,,,7.0,2.0,9.0,,,1.0,,,,,,,,1.0,,,,1.0,,,,,,1.0,,9.0,,,,,,,,,,,6.6,,,,,,,,,,9.0,2.0,11.0,0,,12.0,,,,
2015-16,6768092,8,80,Swansea_City,Home,20993,Jack Cork,jack-cork,M,True,,,,3.0,1.0,4.0,,,1.0,,,,,,,,,,,,,,,,,1.0,,,4.0,,,,,,,,,,,6.6,,,,,,,,,,3.0,1.0,4.0,0,,5.0,,,,
2015-16,6768092,8,80,Swansea_City,Home,30243,Neil Taylor,neil-taylor,M,False,1.0,,4.0,23.0,12.0,34.0,,1.0,5.0,,,,1.0,,,,1.0,5.0,,,,,,,,4.0,1.0,,90.0,,,,,,,,,,,7.2,,,,2.0,1.0,2.0,,5.0,,24.0,15.0,37.0,0,2.0,57.0,,1.0,1.0,
2015-16,6768092,8,6,Tottenham_Hotspur,Away,32492,Nacer Chadli,nacer-chadli,M,False,,,1.0,10.0,4.0,14.0,1.0,1.0,4.0,,,,,,,,2.0,1.0,,,1.0,,,,,,1.0,,64.0,2.0,,,,,,,,,,6.8,,,,2.0,,2.0,,1.0,,15.0,4.0,17.0,2,,24.0,,,,
2015-16,6768092,8,80,Swansea_City,Home,36465,Jonjo Shelvey,jonjo-shelvey,M,False,,,7.0,14.0,18.0,32.0,,2.0,7.0,,,,2.0,,,1.0,4.0,4.0,,,1.0,,,,,5.0,1.0,,86.0,,,,,,,,,,,7.0,,,1.0,1.0,,5.0,,11.0,,26.0,20.0,41.0,1,2.0,59.0,1.0,,,
2015-16,6768092,8,80,Swansea_City,Home,38642,Sung-Yueng Ki,sung-yueng-ki,M,False,1.0,,6.0,12.0,21.0,32.0,,1.0,4.0,,,2.0,1.0,,,,1.0,6.0,,,,,,,,,1.0,,90.0,,,,,,,,,,,7.4,,,,2.0,,3.0,,7.0,,17.0,23.0,37.0,2,5.0,52.0,2.0,,,
2015-16,6768092,8,80,Swansea_City,Home,43192,Gylfi Sigurðsson,gylfi-sigursson,M,False,,,1.0,12.0,9.0,21.0,,,5.0,1.0,,,1.0,,,2.0,3.0,,,,,,,,,2.0,1.0,,75.0,,,,,,,,,,,6.4,,,1.0,,,2.0,,2.0,,16.0,9.0,23.0,1,,33.0,1.0,,,
2015-16,6768092,8,80,Swansea_City,Home,54686,Jefferson Montero,jefferson-montero,M,False,2.0,,,10.0,3.0,11.0,,,5.0,,,1.0,2.0,,,,10.0,8.0,,,2.0,1.0,,,,,2.0,,90.0,,,,,,,,,,,6.4,,,,,10.0,3.0,,3.0,,19.0,6.0,22.0,1,1.0,48.0,5.0,3.0,4.0,
2015-16,6768092,8,6,Tottenham_Hotspur,Away,105734,Christian Eriksen,christian-eriksen,M,False,1.0,,,35.0,7.0,41.0,3.0,1.0,4.0,,,1.0,,,,1.0,5.0,6.0,,,,,2.0,,,,2.0,,90.0,4.0,,,,,,,,,,8.9,,,2.0,1.0,3.0,7.0,,2.0,,50.0,8.0,51.0,7,3.0,78.0,2.0,,2.0,
2015-16,6768092,8,6,Tottenham_Hotspur,Away,122702,Erik Lamela,erik-lamela,M,False,1.0,,1.0,11.0,11.0,21.0,1.0,,2.0,,,,1.0,,,1.0,5.0,3.0,,,1.0,,,,,1.0,3.0,,57.0,,,,,,,,,,,6.5,,,,,2.0,3.0,,1.0,,18.0,12.0,27.0,0,,40.0,2.0,2.0,1.0,
2015-16,6768092,8,6,Tottenham_Hotspur,Away,198028,Dele Alli,dele-alli,M,False,,,2.0,15.0,19.0,34.0,1.0,,9.0,,,,2.0,,,3.0,13.0,9.0,,,4.0,,,,,4.0,1.0,,90.0,1.0,,,,,,,,,,6.7,,,,2.0,6.0,1.0,,4.0,,22.0,20.0,41.0,1,4.0,70.0,3.0,2.0,3.0,
2015-16,6768092,8,80,Swansea_City,Home,209098,Modou Barrow,modou-barrow,M,True,,,1.0,4.0,2.0,6.0,,1.0,2.0,,,,2.0,,,2.0,4.0,1.0,,,,,,,,1.0,1.0,,15.0,,,,,,,,,,,6.4,,,,,,,,1.0,,5.0,2.0,7.0,0,,12.0,,1.0,,
2015-16,6768092,8,6,Tottenham_Hotspur,Away,801460,Tom Carroll,carroll-tom,M,True,,,,,,,,,,,,,,,,,,,,,,,,,,,,,,,,,,,,,,,,,,,,,,,,,,,,,0,,,,,,
2015-16,6768086,9,45,Norwich_City,Away,512,Alexander Tettey,alexander-tettey,M,False,,,4.0,22.0,14.0,36.0,,1.0,7.0,,,,1.0,,,1.0,3.0,3.0,,,1.0,,,,,,,,62.0,,,,,,,,,,,6.4,,,,,,,,7.0,,30.0,14.0,44.0,0,2.0,48.0,,,,
2015-16,6768086,9,45,Norwich_City,Away,9148,Graham Dorrans,graham-dorrans,M,False,,,1.0,34.0,15.0,49.0,1.0,,5.0,,,,1.0,,,,3.0,8.0,,,1.0,,,,,3.0,1.0,,84.0,,,,,,,,,,,7.1,,,,,2.0,2.0,,3.0,,38.0,17.0,53.0,0,6.0,67.0,,,2.0,
2015-16,6768086,9,4,Newcastle_United,Home,10438,Cheik Tiote,cheik-tiote,M,False,,,2.0,8.0,10.0,18.0,2.0,2.0,3.0,,,,1.0,,,3.0,7.0,2.0,,,1.0,,,,,,1.0,,45.0,,,,,,,,,,,6.0,,,,1.0,,,,3.0,,12.0,10.0,22.0,0,,30.0,,,,
2015-16,6768086,9,45,Norwich_City,Away,14336,Wesley Hoolahan,wesley-hoolahan,M,True,1.0,,,14.0,2.0,15.0,,,2.0,,,,,,,,2.0,2.0,,,1.0,,,,,,2.0,,28.0,,,,,,,,,,,6.7,,,,,3.0,1.0,,,,21.0,3.0,23.0,0,,27.0,,,2.0,
2015-16,6768086,9,4,Newcastle_United,Home,15007,Vurnon Anita,vurnon-anita,M,True,,,1.0,8.0,9.0,17.0,,,3.0,,,,2.0,,,,2.0,2.0,,,,,,,,1.0,,,45.0,,,,,,,,,,,6.7,,,,,,,,2.0,,9.0,9.0,18.0,0,2.0,22.0,,,,
2015-16,6768086,9,45,Norwich_City,Away,20095,Matt Jarvis,matt-jarvis,M,True,,,,,,,,,,,,,,,,,,,,,,,,,,,,,,,,,,,,,,,,,,,,,,,,,,,,,0,,,,,,
2015-16,6768086,9,4,Newcastle_United,Home,22126,Georginio Wijnaldum,georginio-wijnaldum,M,False,,,2.0,23.0,6.0,29.0,2.0,2.0,6.0,,,,1.0,1.0,,3.0,8.0,6.0,,,1.0,,4.0,,,2.0,1.0,,90.0,4.0,2.0,,,,,,,,,9.7,,,1.0,1.0,2.0,1.0,,4.0,,30.0,8.0,37.0,5,,58.0,,3.0,1.0,
2015-16,6768086,9,4,Newcastle_United,Home,27014,Moussa Sissoko,moussa-sissoko,M,False,1.0,,4.0,23.0,10.0,32.0,4.0,,8.0,3.0,,,,,,,9.0,11.0,,,,3.0,,,,1.0,4.0,,90.0,,,,,,,,,,,9.2,,,,,11.0,3.0,,4.0,,29.0,13.0,39.0,0,2.0,65.0,,3.0,6.0,
2015-16,6768086,9,45,Norwich_City,Away,29691,Gary O'Neil,gary-oneil,M,True,,,,6.0,1.0,7.0,,1.0,,,,,,,,,,2.0,,,,,,,,,1.0,,6.0,,,,,,,,,,,6.9,,,,,,,,2.0,,8.0,2.0,10.0,0,1.0,12.0,,1.0,,
2015-16,6768086,9,4,Newcastle_United,Home,30262,Siem de Jong,siem-de-jong,M,True,,,,,,,,,,,,,,,,,,,,,,,,,,,,,,,,,,,,,,,,,,,,,,,,,,,,,0,,,,,,
2015-16,6768086,9,4,Newcastle_United,Home,40686,Jack Colback,jack-colback,M,False,,,2.0,12.0,15.0,27.0,,,3.0,,,,,,,,1.0,2.0,,,,,,,,1.0,,,90.0,,1.0,,,,,,,,,6.7,,,,1.0,1.0,1.0,,3.0,,15.0,16.0,30.0,0,1.0,38.0,,1.0,,
2015-16,6768086,9,45,Norwich_City,Away,115346,Nathan Redmond,nathan-redmond,M,False,2.0,,,32.0,10.0,40.0,,1.0,3.0,,,1.0,,,,1.0,3.0,7.0,,,1.0,,1.0,,1.0,,4.0,,90.0,1.0,,,,,,,,,,7.9,,,3.0,1.0,4.0,5.0,,,1.0,45.0,11.0,51.0,5,1.0,71.0,,2.0,3.0,
2015-16,6768086,9,45,Norwich_City,Away,267621,Robbie Brady,robbie-brady,M,False,3.0,,3.0,26.0,6.0,29.0,,2.0,3.0,,,,4.0,,,1.0,6.0,9.0,,,1.0,,,,1.0,1.0,3.0,,90.0,1.0,,,,,,,,,,7.3,,,1.0,,1.0,9.0,,5.0,,39.0,7.0,37.0,2,6.0,63.0,,1.0,1.0,
2015-16,6768088,9,43,Manchester_City,Home,3544,Samir Nasri,samir-nasri,M,True,,,,7.0,5.0,12.0,,,2.0,,,,,,,,,,,,,,,,,,,,28.0,,,,,,,,,,,6.5,,,,,,,,,,8.0,5.0,13.0,0,,13.0,,,,
2015-16,6768088,9,91,Bournemouth,Away,11764,Marc Pugh,marc-pugh,M,True,,,,4.0,4.0,8.0,,,1.0,,,,,,,1.0,1.0,2.0,,,,,,,,,,,12.0,,,,,,,,,,,6.5,,,,,1.0,,,,,6.0,4.0,10.0,0,,15.0,1.0,1.0,1.0,
2015-16,6768088,9,43,Manchester_City,Home,13630,Fernandinho,fernandinho,M,False,,,3.0,30.0,12.0,42.0,1.0,2.0,1.0,,,,4.0,,,1.0,7.0,5.0,,,1.0,,,,,3.0,,,90.0,,,,,,,,,,,6.7,,,,4.0,,,,3.0,,34.0,12.0,46.0,0,1.0,59.0,1.0,2.0,,
2015-16,6768088,9,43,Manchester_City,Home,14468,Yaya Touré,yaya-toure,M,False,,,2.0,18.0,12.0,30.0,,2.0,1.0,,,,,,,,1.0,6.0,,,,,,,,1.0,,,45.0,,,,,,,,,,,7.1,,,,1.0,4.0,,,5.0,,26.0,13.0,39.0,0,1.0,49.0,,,3.0,
2015-16,6768088,9,91,Bournemouth,Away,14695,Andrew Surman,andrew-surman,M,False,,,6.0,33.0,24.0,57.0,2.0,1.0,5.0,,,,2.0,,,1.0,5.0,2.0,,,,,,,,2.0,1.0,,90.0,,,,,,,,,,,6.3,,,,,,1.0,,7.0,,39.0,24.0,62.0,0,1.0,71.0,2.0,,,
2015-16,6768088,9,91,Bournemouth,Away,41628,Eunan O'Kane,eunan-okane,M,False,,,3.0,18.0,7.0,25.0,,1.0,,,,,1.0,,,,2.0,3.0,,,,1.0,,,,,1.0,,65.0,,,,,,,,,,,6.8,,,,,1.0,,,4.0,,27.0,8.0,35.0,0,2.0,40.0,,,,
2015-16,6768088,9,43,Manchester_City,Home,41837,Fernando,fernando-reges,M,True,,,1.0,12.0,11.0,23.0,1.0,,2.0,,,,2.0,,,,3.0,4.0,,,,,,,,2.0,,,45.0,,,,,,,,,,,7.0,,,,1.0,2.0,,,2.0,,14.0,12.0,26.0,0,2.0,34.0,,,2.0,
2015-16,6768088,9,91,Bournemouth,Away,42699,Matt Ritchie,matt-ritchie,M,False,2.0,,1.0,20.0,13.0,31.0,2.0,2.0,8.0,,,,2.0,,,,6.0,6.0,,,1.0,,,,,3.0,1.0,,90.0,,,,,,,,,,,6.1,,,,2.0,1.0,16.0,,4.0,,47.0,20.0,51.0,0,2.0,83.0,2.0,2.0,,
2015-16,6768088,9,91,Bournemouth,Away,46738,Lee Tomlin,lee-tomlin,M,True,,,,,,,,,,,,,,,,,,,,,,,,,,,,,,,,,,,,,,,,,,,,,,,,,,,,,0,,,,,,
2015-16,6768088,9,43,Manchester_City,Home,70996,Kevin De Bruyne,kevin-de-bruyne,M,False,,,4.0,29.0,8.0,37.0,1.0,,6.0,,,,,,,,4.0,3.0,,,1.0,1.0,,,1.0,,2.0,,62.0,2.0,,,,,,,,,,7.5,,,1.0,,4.0,1.0,,7.0,,37.0,10.0,46.0,3,,58.0,,1.0,2.0,
2015-16,6768088,9,43,Manchester_City,Home,361326,Patrick Roberts,patrick-roberts,M,True,,,,,,,,,,,,,,,,,,,,,,,,,,,,,,,,,,,,,,,,,,,,,,,,,,,,,0,,,,,,
2015-16,6768089,9,56,Sunderland,Away,524,Sebastian Larsson,sebastian-larsson,M,False,,,1.0,10.0,2.0,12.0,1.0,,,,,,1.0,,,,2.0,1.0,,,,,,,,1.0,2.0,,61.0,,,,,,,,,,,6.6,,,,,1.0,1.0,,2.0,,14.0,3.0,16.0,0,,19.0,,,1.0,
2015-16,6768089,9,35,West_Bromwich_Albion,Home,765,Darren Fletcher,darren-fletcher,M,False,,,6.0,40.0,17.0,57.0,1.0,4.0,6.0,,,,,,,1.0,4.0,7.0,,,1.0,,,,,,,,90.0,,,,,,,,,,,6.8,,,,,3.0,1.0,,10.0,,50.0,19.0,68.0,0,1.0,76.0,,1.0,1.0,
2015-16,6768089,9,35,West_Bromwich_Albion,Home,10540,Chris Brunt,chris-brunt,M,False,,,5.0,25.0,16.0,41.0,,2.0,2.0,,,,,,,,1.0,4.0,,,1.0,,,,,3.0,2.0,,90.0,,2.0,,,,,,,,,7.2,,,,1.0,1.0,3.0,,12.0,,38.0,19.0,54.0,0,,77.0,,1.0,1.0,
2015-16,6768089,9,56,Sunderland,Away,14210,Lee Cattermole,lee-cattermole,M,False,,,4.0,16.0,18.0,34.0,3.0,,5.0,,,1.0,1.0,,,1.0,7.0,2.0,,,2.0,,,,,,1.0,,90.0,,1.0,,,,,,,,,6.4,,,,,,1.0,,9.0,,28.0,21.0,48.0,1,1.0,56.0,1.0,1.0,,
2015-16,6768089,9,35,West_Bromwich_Albion,Home,14235,Craig Gardner,craig-gardner,M,True,,,,7.0,,7.0,1.0,,1.0,,,,1.0,,,,3.0,,,,1.0,,,,,1.0,,,11.0,,,,,,,,,,,6.4,,,,,,,,1.0,,8.0,,8.0,0,,11.0,,,,
2015-16,6768089,9,35,West_Bromwich_Albion,Home,16657,Stéphane Sessègnon,stephane-sessegnon,M,False,1.0,,,22.0,7.0,28.0,,2.0,7.0,,,,,,,4.0,10.0,9.0,,,2.0,,,,,1.0,,,90.0,,,,,,,,,,,6.4,,,1.0,,8.0,5.0,,1.0,,32.0,9.0,36.0,1,1.0,68.0,4.0,2.0,4.0,
2015-16,6768089,9,56,Sunderland,Away,32045,Yann M'Vila,yann-mvila,M,False,,,2.0,28.0,10.0,38.0,,2.0,7.0,,,1.0,,,,,,9.0,,,,,,,,3.0,1.0,,90.0,1.0,,,,,,,,,,8.1,,,,3.0,2.0,,,5.0,,34.0,15.0,49.0,2,5.0,65.0,1.0,,2.0,
2015-16,6768089,9,56,Sunderland,Away,33852,Liam Bridcutt,liam-bridcutt,M,True,,,,,,,,,,,,,,,,,,,,,,,,,,,,,,,,,,,,,,,,,,,,,,,,,,,,,0,,,,,,
2015-16,6768089,9,56,Sunderland,Away,35528,Jordi Gómez,jordi-gomez,M,False,1.0,,2.0,16.0,13.0,28.0,1.0,,5.0,,,1.0,,,,,1.0,3.0,,,,,,,,1.0,,,71.0,,,,,,,,,,,7.0,,,,1.0,,3.0,,3.0,,22.0,16.0,35.0,1,1.0,48.0,1.0,2.0,,
2015-16,6768089,9,35,West_Bromwich_Albion,Home,41631,James McClean,james-mcclean,M,False,2.0,,1.0,15.0,,13.0,2.0,4.0,5.0,,,,1.0,,,3.0,9.0,10.0,,,,,,,,,1.0,,90.0,,,,,,,,,,,6.4,,,1.0,4.0,5.0,7.0,,3.0,1.0,29.0,2.0,24.0,1,,52.0,1.0,4.0,2.0,
2015-16,6768089,9,35,West_Bromwich_Albion,Home,53783,Callum McManaman,callum-mcmanaman,M,True,,,,,,,,,,,,,,,,,,,,,,,,,,,,,,,,,,,,,,,,,,,,,,,,,,,,,0,,,,,,
2015-16,6768089,9,35,West_Bromwich_Albion,Home,151037,Claudio Yacob,claudio-yacob,M,False,,,2.0,36.0,22.0,58.0,1.0,2.0,7.0,,,1.0,2.0,,,,4.0,7.0,,,1.0,,,,,1.0,1.0,,90.0,,,,,,,,,,,7.2,,,,2.0,,1.0,,3.0,,44.0,23.0,66.0,1,5.0,79.0,1.0,,,
2015-16,6768090,9,20,Southampton,Home,559,Steven Davis,steven-davis,M,False,,,1.0,11.0,11.0,22.0,,,5.0,,,,,,,2.0,3.0,4.0,,,,,,,,1.0,,,60.0,,1.0,,,,,,,,,6.8,,,,3.0,2.0,,,2.0,,12.0,13.0,25.0,0,2.0,39.0,1.0,1.0,1.0,
2015-16,6768090,9,13,Leicester_City,Away,4252,Gökhan Inler,gokhan-inler,M,True,,,,,,,,,,,,,,,,,,,,,,,,,,,,,,,,,,,,,,,,,,,,,,,,,,,,,0,,,,,,
2015-16,6768090,9,13,Leicester_City,Away,14231,Nathan Dyer,nathan-dyer,M,True,2.0,,,5.0,1.0,4.0,1.0,,5.0,1.0,,1.0,1.0,,,2.0,4.0,4.0,,,1.0,1.0,,,,,3.0,,45.0,,,,,,,,,,,7.4,,,1.0,,2.0,3.0,,,,7.0,1.0,5.0,2,,20.0,1.0,2.0,2.0,
2015-16,6768090,9,13,Leicester_City,Away,30530,Andy King,andy-king,M,True,,,,,,,,,,,,,,,,,,,,,,,,,,,,,,,,,,,,,,,,,,,,,,,,,,,,,0,,,,,,
2015-16,6768090,9,20,Southampton,Home,44760,Cédric Soares,cedric-soares,M,False,2.0,,2.0,10.0,10.0,18.0,3.0,1.0,6.0,,,1.0,,,,,3.0,2.0,,,,,,,,,2.0,,60.0,,,,,,,,,,,7.2,,,,2.0,,3.0,,7.0,,15.0,13.0,25.0,1,1.0,43.0,,1.0,,
2015-16,6768090,9,20,Southampton,Home,45956,Victor Wanyama,victor-wanyama,M,False,,,3.0,13.0,15.0,28.0,3.0,6.0,5.0,1.0,,,2.0,,,,9.0,10.0,,,3.0,,,,,4.0,2.0,,90.0,,1.0,,,,,,,,,7.1,,,,5.0,2.0,,,4.0,,17.0,20.0,37.0,0,3.0,53.0,,,1.0,
2015-16,6768090,9,13,Leicester_City,Away,47737,Marc Albrighton,marc-albrighton,M,False,5.0,,2.0,16.0,4.0,15.0,3.0,1.0,7.0,1.0,,3.0,2.0,,,1.0,8.0,7.0,,,1.0,,,,,1.0,4.0,,90.0,,,,,,,,,,,7.4,,,,,3.0,15.0,,7.0,,40.0,5.0,30.0,3,3.0,59.0,,2.0,1.0,
2015-16,6768090,9,13,Leicester_City,Away,54330,Danny Drinkwater,danny-drinkwater,M,False,,,8.0,41.0,15.0,56.0,2.0,1.0,8.0,,,,1.0,1.0,,2.0,6.0,3.0,,,2.0,,,,,,,,90.0,1.0,1.0,,,,,,,,,7.2,,,3.0,,,1.0,,12.0,,47.0,16.0,62.0,4,1.0,76.0,1.0,1.0,,
2015-16,6768090,9,20,Southampton,Home,69416,Oriol Romeu,oriol-romeu,M,True,,,,,,,,,,,,,,,,,,,,,,,,,,,,,,,,,,,,,,,,,,,,,,,,,,,,,0,,,,,,
2015-16,6768090,9,20,Southampton,Home,116946,Jordy Clasie,jordy-clasie,M,True,,,1.0,3.0,6.0,9.0,,1.0,2.0,,,,2.0,,,1.0,6.0,1.0,,,3.0,,,,,1.0,,,30.0,,,,,,,,,,,6.0,,,,3.0,,,,2.0,,4.0,7.0,11.0,0,,16.0,,,,
2015-16,6768090,9,13,Leicester_City,Away,148710,Jeffrey Schlupp,jeffrey-schlupp,M,False,1.0,,1.0,8.0,4.0,11.0,2.0,1.0,3.0,,,,,,,1.0,4.0,3.0,,,1.0,,,,,,1.0,,45.0,,,,,,,,,,,6.5,,,,2.0,2.0,2.0,,2.0,,11.0,5.0,14.0,0,1.0,28.0,2.0,,1.0,
2015-16,6768090,9,13,Leicester_City,Away,158213,Riyad Mahrez,riyad-mahrez,M,True,,,1.0,12.0,1.0,13.0,2.0,,3.0,2.0,,1.0,,,,1.0,3.0,7.0,,,,1.0,,,,,3.0,,45.0,,,,,,,,,,,8.1,,,1.0,,2.0,1.0,,2.0,,19.0,1.0,19.0,2,1.0,35.0,2.0,4.0,2.0,
2015-16,6768090,9,20,Southampton,Home,161717,James Ward-Prowse,james-ward-prowse,M,False,2.0,,1.0,12.0,7.0,17.0,2.0,1.0,2.0,,,,1.0,,,2.0,7.0,1.0,,,2.0,,,,,1.0,3.0,,90.0,,,,,,,,,,,6.6,,,,6.0,,4.0,,2.0,,20.0,8.0,24.0,0,,43.0,1.0,1.0,,
2015-16,6768090,9,20,Southampton,Home,217704,Sadio Mané,sadio-mane,M,False,,,2.0,12.0,8.0,20.0,1.0,2.0,2.0,,1.0,1.0,2.0,,,4.0,10.0,12.0,,,2.0,,,,,,1.0,,90.0,1.0,1.0,,,,,,,,,6.8,,,1.0,3.0,6.0,2.0,,2.0,,17.0,9.0,24.0,3,1.0,57.0,3.0,4.0,5.0,
2015-16,6768090,9,13,Leicester_City,Away,234148,N'Golo Kanté,n-golo-kante,M,False,,,2.0,29.0,12.0,41.0,2.0,,7.0,,,,,,,,2.0,7.0,,,,,,,,8.0,1.0,,90.0,,,,,,,,,,,7.8,,,1.0,1.0,1.0,,,5.0,,40.0,14.0,54.0,1,4.0,71.0,,2.0,1.0,
2015-16,6768091,9,1,Manchester_United,Away,326,Bastian Schweinsteiger,bastian-schweinsteiger,M,False,,,5.0,27.0,27.0,54.0,,,10.0,,,,2.0,,,1.0,7.0,4.0,,,3.0,,,,,1.0,,,74.0,,1.0,,,,,,,14.0,,6.7,,,,1.0,2.0,,,7.0,,33.0,30.0,63.0,0,1.0,76.0,3.0,2.0,1.0,1.0
2015-16,6768091,9,11,Everton,Home,544,Gareth Barry,gareth-barry,M,False,,,2.0,21.0,17.0,38.0,,,8.0,,,,1.0,,,2.0,5.0,5.0,,,1.0,,,,,4.0,,,90.0,,,,,,,,,14.0,,6.5,,,,1.0,1.0,1.0,,8.0,,31.0,18.0,48.0,0,4.0,64.0,,1.0,,3.0
2015-16,6768091,9,1,Manchester_United,Away,938,Michael Carrick,michael-carrick,M,True,,,2.0,8.0,5.0,13.0,,,3.0,,,,,,,,,2.0,,,,,,,,,,,16.0,,,,,,,,,1.0,,7.0,,,,,,,,2.0,,8.0,6.0,14.0,0,1.0,19.0,,1.0,,
2015-16,6768091,9,11,Everton,Home,1161,Leon Osman,leon-osman,M,True,,,,,,,,,,,,,,,,,,,,,,,,,,,,,,,,,,,,,,,,,,,,,,,,,,,,,0,,,,,,
2015-16,6768091,9,11,Everton,Home,3593,Kevin Mirallas,kevin-mirallas,M,True,,,,,,,,,,,,,,,,,,,,,,,,,,,,,,,,,,,,,,,,,,,,,,,,,,,,,0,,,,,,
2015-16,6768091,9,11,Everton,Home,9692,Aaron Lennon,aaron-lennon,M,False,,,1.0,8.0,6.0,14.0,,,3.0,,,,,,,2.0,4.0,5.0,,,,,,,,,3.0,,73.0,,,,,,,,,9.0,,6.6,,,,,4.0,,,2.0,,12.0,7.0,19.0,0,3.0,32.0,,,2.0,3.0
2015-16,6768091,9,1,Manchester_United,Away,27009,Morgan Schneiderlin,morgan-schneiderlin,M,False,,,6.0,37.0,32.0,69.0,2.0,,3.0,,,,1.0,,,,6.0,4.0,,,3.0,,1.0,,,2.0,,,90.0,1.0,1.0,,,,,,,3.0,,8.0,,,,2.0,,,,6.0,,39.0,32.0,71.0,1,4.0,83.0,,,,1.0
2015-16,6768091,9,1,Manchester_United,Away,28367,Juan Mata,juan-mata,M,False,,,1.0,21.0,14.0,35.0,,,4.0,,,,3.0,,,,4.0,,,,,,,,,,1.0,,45.0,,,,,,,,,8.0,,6.3,,,,,1.0,3.0,,2.0,,24.0,17.0,38.0,0,,43.0,1.0,,,
2015-16,6768091,9,11,Everton,Home,39283,James McCarthy,james-mccarthy,M,False,,,5.0,22.0,11.0,33.0,,,9.0,,,,,,,,3.0,3.0,,,3.0,,,,,,1.0,,90.0,,,,,,,,,7.0,,7.0,,,,,,,,8.0,,27.0,13.0,40.0,0,3.0,47.0,,,,3.0
2015-16,6768091,9,1,Manchester_United,Away,82474,Ander Herrera,ander-herrera,M,False,,,2.0,21.0,19.0,40.0,1.0,,4.0,1.0,,,1.0,,,2.0,6.0,8.0,,,2.0,1.0,1.0,,,,2.0,,81.0,2.0,,,,,,,,8.0,,8.6,,,,1.0,3.0,1.0,,2.0,,25.0,19.0,43.0,2,4.0,63.0,,2.0,2.0,3.0
2015-16,6768091,9,11,Everton,Home,98435,Ross Barkley,ross-barkley,M,False,2.0,,2.0,21.0,21.0,40.0,,3.0,5.0,,,1.0,1.0,,,1.0,5.0,12.0,,,2.0,,,,,,,,90.0,2.0,,,,,,,,20.0,,7.6,,,2.0,,4.0,8.0,,3.0,,36.0,22.0,50.0,5,2.0,77.0,2.0,4.0,3.0,
2015-16,6768091,9,1,Manchester_United,Away,191176,Anthony Martial,anthony-martial,M,False,2.0,,1.0,21.0,5.0,24.0,4.0,3.0,6.0,1.0,,,3.0,,,2.0,12.0,12.0,,,,,,,,,1.0,,90.0,2.0,,,,,,,,17.0,,7.3,,,,2.0,10.0,3.0,,2.0,1.0,28.0,6.0,31.0,2,1.0,58.0,3.0,1.0,7.0,1.0
2015-16,6768091,9,1,Manchester_United,Away,285949,Andreas Pereira,andreas-pereira,M,True,,,,,,,,,,,,,,,,,,,,,,,,,,,,,,,,,,,,,,,,,,,,,,,,,,,,,0,,,,,,
2015-16,6768093,9,57,Watford,Home,642,Ben Watson,ben-watson,M,False,,,2.0,13.0,8.0,21.0,,,2.0,,,,3.0,,,,3.0,,,,,,,,,1.0,,,90.0,,,,,,,,,,,6.2,,,,3.0,,,,5.0,,17.0,10.0,27.0,0,,36.0,,,,
2015-16,6768093,9,3,Arsenal,Away,1152,Mikel Arteta,mikel-arteta,M,True,,,,5.0,4.0,9.0,,1.0,2.0,,,,,,,1.0,1.0,1.0,,,,,,,,,,,9.0,,,,,,,,,,,6.4,,,,2.0,,,,,,6.0,4.0,10.0,0,,14.0,1.0,,,
2015-16,6768093,9,57,Watford,Home,4366,Almen Abdi,almen-abdi,M,False,,,1.0,14.0,6.0,20.0,,1.0,4.0,,,,2.0,,,1.0,5.0,9.0,,,2.0,,,,,,2.0,,75.0,,,,,,,,,,,7.0,,,,2.0,3.0,2.0,,2.0,,17.0,7.0,22.0,0,5.0,43.0,5.0,,3.0,
2015-16,6768093,9,3,Arsenal,Away,10501,Theo Walcott,theo-walcott,M,False,,,,6.0,2.0,8.0,1.0,1.0,2.0,,,,,,,2.0,4.0,2.0,,,1.0,,,,,,,,64.0,1.0,,,,,,,,,,6.6,,,,,,,,,3.0,7.0,2.0,9.0,1,,14.0,,1.0,,
2015-16,6768093,9,3,Arsenal,Away,10577,Alex Oxlade-Chamberlain,alex-oxlade-chamberlain,M,True,,,1.0,2.0,5.0,7.0,,,1.0,,,,,,,,2.0,2.0,,,,,,,,,,,10.0,,,,,,,,,,,6.4,,,,,3.0,,,1.0,,3.0,6.0,9.0,0,,16.0,1.0,1.0,1.0,
2015-16,6768093,9,57,Watford,Home,11654,Valon Behrami,valon-behrami,M,True,,,,,,,,,,,,,,,,,,,,,,,,,,,,,,,,,,,,,,,,,,,,,,,,,,,,,0,,,,,,
2015-16,6768093,9,3,Arsenal,Away,16176,Mesut Özil,mesut-ozil,M,False,2.0,,2.0,45.0,14.0,57.0,,,2.0,2.0,,,2.0,,,1.0,4.0,3.0,,,,2.0,,,,,6.0,,81.0,,,,,,,,,,,8.3,,,,,3.0,3.0,,2.0,,56.0,16.0,69.0,0,,80.0,1.0,1.0,2.0,
2015-16,6768093,9,57,Watford,Home,16701,Étienne Capoue,etienne-capoue,M,False,1.0,,5.0,27.0,18.0,44.0,,,12.0,,,1.0,3.0,,,1.0,7.0,8.0,,,3.0,,,,,1.0,,,90.0,,1.0,,,,,,,,,7.1,,,1.0,2.0,2.0,3.0,,11.0,,39.0,18.0,54.0,2,5.0,77.0,2.0,1.0,2.0,
2015-16,6768093,9,3,Arsenal,Away,17651,Santi Cazorla,santi-cazorla,M,False,2.0,,6.0,58.0,37.0,93.0,,,13.0,,,2.0,1.0,,,1.0,3.0,6.0,,,,,,,,,2.0,,90.0,,,,,,,,,,,8.3,,,,2.0,4.0,6.0,,7.0,,69.0,37.0,100.0,2,2.0,121.0,,1.0,3.0,
2015-16,6768093,9,57,Watford,Home,20364,Ikechi Anya,ikechi-anya,M,False,,,1.0,15.0,4.0,19.0,1.0,,5.0,,,,3.0,,,3.0,7.0,2.0,,,,,,,,3.0,1.0,,81.0,,1.0,,,,,,,,,6.1,,,,3.0,,2.0,,1.0,,21.0,5.0,24.0,0,1.0,43.0,3.0,1.0,,
2015-16,6768093,9,3,Arsenal,Away,23571,Aaron Ramsey,aaron-ramsey,M,False,1.0,,1.0,34.0,19.0,52.0,1.0,1.0,4.0,,1.0,2.0,3.0,,,1.0,7.0,6.0,,,1.0,,1.0,,1.0,2.0,1.0,,90.0,1.0,,,,,,,,,,7.4,,,3.0,2.0,1.0,3.0,,2.0,,43.0,21.0,61.0,6,1.0,88.0,3.0,4.0,,
2015-16,6768093,9,3,Arsenal,Away,40672,Francis Coquelin,francis-coquelin,M,False,,,6.0,33.0,35.0,68.0,1.0,,12.0,,,,,,,3.0,8.0,6.0,,1.0,2.0,,,,,2.0,,,90.0,,,,,,,,,,,6.8,,,,1.0,6.0,,,8.0,,35.0,37.0,72.0,0,1.0,91.0,1.0,1.0,4.0,
2015-16,6768093,9,57,Watford,Home,47668,Juan Carlos Paredes,juan-carlos-paredes,M,True,,,,,2.0,2.0,,,1.0,,,,1.0,,,,2.0,1.0,,,1.0,,,,,1.0,,,9.0,,,,,,,,,,,6.5,,,,,,,,,,,2.0,2.0,0,1.0,5.0,,,,
2015-16,6768094,9,8,Chelsea,Home,518,Cesc Fàbregas,cesc-fabregas,M,False,2.0,,2.0,42.0,23.0,63.0,2.0,1.0,10.0,,1.0,,,,,3.0,8.0,4.0,,,3.0,,,,,4.0,2.0,,90.0,,1.0,,,,,,,,,7.1,,,1.0,2.0,,3.0,,5.0,,57.0,25.0,79.0,1,2.0,97.0,,1.0,,
2015-16,6768094,9,7,Aston_Villa,Away,764,Kieran Richardson,kieran-richardson,M,False,1.0,,1.0,16.0,6.0,21.0,,2.0,6.0,,,,1.0,,,,8.0,4.0,,,4.0,,,,,2.0,,,64.0,,,,,,,,,,,6.0,,,,1.0,3.0,1.0,,3.0,,22.0,8.0,29.0,0,2.0,52.0,,,,
2015-16,6768094,9,8,Chelsea,Home,7311,John Obi Mikel,john-obi-mikel,M,True,,,,,,,,,,,,,,,,,,,,,,,,,,,,,,,,,,,,,,,,,,,,,,,,,,,,,0,,,,,,
2015-16,6768094,9,7,Aston_Villa,Away,24055,Scott Sinclair,scott-sinclair,M,True,,,,,,,,,,,,,,,,,,,,,,,,,,,,,,,,,,,,,,,,,,,,,,,,,,,,,0,,,,,,
2015-16,6768094,9,8,Chelsea,Home,31417,Willian,willian,M,False,1.0,,3.0,24.0,8.0,31.0,2.0,,8.0,2.0,,,1.0,,,2.0,9.0,9.0,,,2.0,1.0,,,,2.0,4.0,,89.0,1.0,,,,,,,,,,7.9,,,,,5.0,3.0,,3.0,,28.0,8.0,33.0,1,2.0,60.0,4.0,4.0,3.0,
2015-16,6768094,9,8,Chelsea,Home,33110,Ramires,ramires,M,False,,,2.0,14.0,14.0,28.0,6.0,5.0,10.0,,,,3.0,,,,14.0,15.0,,,5.0,,,,,3.0,,,90.0,,,,,,,,,,,7.3,,,,2.0,2.0,,,2.0,,22.0,15.0,37.0,0,6.0,59.0,1.0,3.0,1.0,
2015-16,6768094,9,8,Chelsea,Home,39400,Oscar,oscar,M,True,,,,,,,,,,,,,,,,,,,,,,,,,,,,,,,,,,,,,,,,,,,,,,,,,,,,,0,,,,,,
2015-16,6768094,9,8,Chelsea,Home,44241,Nemanja Matić,nemanja-matic,M,True,,,,8.0,11.0,19.0,2.0,2.0,4.0,,,,1.0,,,,3.0,7.0,,,,,,,,2.0,,,45.0,,,,,,,,,,,7.1,,,,2.0,,,,3.0,,13.0,14.0,27.0,0,5.0,36.0,,,,
2015-16,6768094,9,7,Aston_Villa,Away,49647,Ashley Westwood,ashley-westwood,M,False,1.0,,3.0,21.0,14.0,34.0,1.0,,6.0,,,1.0,2.0,,,2.0,9.0,3.0,,,3.0,,,,,2.0,1.0,,90.0,,,,,,,,,,,6.4,,,,,2.0,4.0,,7.0,,31.0,17.0,44.0,1,2.0,59.0,,,1.0,
2015-16,6768094,9,7,Aston_Villa,Away,74545,Leandro Bacuna,leandro-bacuna,M,True,,,,,,,,,,,,,,,,,,,,,,,,,,,,,,,,,,,,,,,,,,,,,,,,,,,,,0,,,,,,
2015-16,6768094,9,7,Aston_Villa,Away,106337,Idrissa Gana Gueye,idrissa-gana-gueye,M,False,,,1.0,21.0,30.0,51.0,1.0,,10.0,,,,2.0,,,1.0,11.0,8.0,,,4.0,,,,,6.0,,,90.0,,,,,,,,,,,6.8,,,,2.0,3.0,,,1.0,,23.0,31.0,54.0,0,5.0,76.0,1.0,3.0,,
2015-16,6768094,9,7,Aston_Villa,Away,189061,Jack Grealish,jack-grealish,M,False,,,1.0,20.0,8.0,28.0,1.0,,4.0,,,,,,,1.0,5.0,9.0,,,1.0,,,,,2.0,1.0,,90.0,1.0,,,,,,,,,,7.1,,,1.0,,6.0,2.0,,1.0,,24.0,11.0,33.0,2,,56.0,1.0,5.0,4.0,
2015-16,6768094,9,7,Aston_Villa,Away,254895,Carles Gil,carles-gil,M,False,1.0,,2.0,23.0,20.0,42.0,1.0,,5.0,,,,,,,1.0,5.0,7.0,,,,,,,,1.0,2.0,,90.0,,,,,,,,,,,7.0,,,1.0,,4.0,3.0,,2.0,,29.0,22.0,48.0,1,3.0,70.0,4.0,3.0,1.0,
2015-16,6768094,9,8,Chelsea,Home,284441,Ruben Loftus-Cheek,ruben-loftus-cheek,M,False,,,,3.0,3.0,6.0,2.0,1.0,5.0,,,1.0,,,,,4.0,4.0,,,1.0,,,,,1.0,,,45.0,,,,,,,,,,,6.8,,,,,2.0,,,1.0,,6.0,3.0,9.0,1,1.0,21.0,1.0,1.0,1.0,
2015-16,6768095,9,31,Crystal_Palace,Home,3574,Yohan Cabaye,yohan-cabaye,M,False,1.0,,1.0,12.0,18.0,29.0,,,4.0,,,,4.0,,,2.0,7.0,7.0,,,,,1.0,,,4.0,1.0,,77.0,1.0,,,,,,,,,,7.3,,,,,1.0,1.0,,3.0,,17.0,21.0,37.0,1,5.0,56.0,1.0,2.0,,
2015-16,6768095,9,21,West_Ham_United,Away,9741,Mark Noble,mark-noble,M,False,,,4.0,28.0,10.0,38.0,,,2.0,,,,,,,2.0,2.0,6.0,,,,,,,,,1.0,,62.0,,1.0,,,,,,,,,7.1,,,,,1.0,,,4.0,,35.0,11.0,46.0,0,3.0,55.0,,2.0,1.0,
2015-16,6768095,9,31,Crystal_Palace,Home,9921,Joe Ledley,joe-ledley,M,True,,,,2.0,2.0,4.0,,1.0,2.0,,,,,,,,,1.0,,,,,,,,1.0,,,13.0,,2.0,,,,,,,,,6.3,,,,,,,,1.0,,2.0,5.0,7.0,0,,11.0,1.0,,,
2015-16,6768095,9,21,West_Ham_United,Away,14216,Dimitri Payet,dimitri-payet,M,False,4.0,,2.0,40.0,12.0,48.0,,,6.0,,1.0,2.0,,,,3.0,6.0,8.0,,,2.0,,1.0,,,1.0,6.0,,90.0,2.0,,,,,,,,,,8.3,,,1.0,,5.0,13.0,,4.0,,57.0,13.0,57.0,5,2.0,97.0,4.0,2.0,4.0,
2015-16,6768095,9,31,Crystal_Palace,Home,19593,Jason Puncheon,jason-puncheon,M,False,1.0,,4.0,19.0,10.0,28.0,,,9.0,,,1.0,2.0,,,4.0,6.0,3.0,,,,,,,,,1.0,,90.0,,1.0,,,,,,,,,6.7,,,2.0,2.0,1.0,2.0,,7.0,,27.0,11.0,36.0,3,2.0,57.0,2.0,,1.0,
2015-16,6768095,9,31,Crystal_Palace,Home,39282,James McArthur,james-mcarthur,M,False,,,2.0,11.0,16.0,27.0,,,1.0,,,,1.0,,,1.0,4.0,,,,2.0,,,,,2.0,,,63.0,,,,,,,,,,,6.3,,,,,,,,3.0,,13.0,17.0,30.0,0,,35.0,1.0,,,
2015-16,6768095,9,21,West_Ham_United,Away,45944,Cheikhou Kouyaté,cheikhou-kouyate,M,False,1.0,,2.0,45.0,20.0,64.0,3.0,2.0,7.0,,,1.0,2.0,,,1.0,7.0,12.0,,,1.0,,,,,1.0,1.0,,90.0,,1.0,,,,,,,,,7.6,,,,,1.0,1.0,,2.0,,51.0,26.0,76.0,1,7.0,93.0,,2.0,1.0,
2015-16,6768095,9,21,West_Ham_United,Away,46799,Pedro Obiang,pedro-obiang,M,True,,,,,,,,,,,,,,,,,,,,,,,,,,,,,,,,,,,,,,,,,,,,,,,,,,,,,0,,,,,,
2015-16,6768095,9,31,Crystal_Palace,Home,84686,Pape Souaré,pape-souare,M,False,1.0,,2.0,9.0,7.0,15.0,2.0,,2.0,,,,1.0,,,,4.0,2.0,,,1.0,,,,,2.0,,,90.0,,,,,,,,,,,6.1,,,,,,4.0,,7.0,,16.0,11.0,23.0,0,1.0,47.0,,1.0,,
2015-16,6768095,9,31,Crystal_Palace,Home,111850,Wilfried Zaha,wilfried-zaha,M,False,,,1.0,4.0,3.0,7.0,1.0,,4.0,,,1.0,,,,2.0,5.0,1.0,,,1.0,,,,,1.0,,,45.0,,,,,,,,,,,6.2,,,,,1.0,2.0,,1.0,,6.0,3.0,7.0,1,,20.0,2.0,1.0,,
2015-16,6768095,9,21,West_Ham_United,Away,220315,Manuel Lanzini,manuel-lanzini,M,False,,,2.0,63.0,21.0,84.0,,,7.0,2.0,,2.0,1.0,,,,2.0,7.0,,,1.0,1.0,1.0,,,,3.0,,90.0,1.0,,,,,,,,,,9.5,,,1.0,,6.0,,,3.0,,69.0,21.0,90.0,4,1.0,104.0,1.0,,6.0,
2015-16,6768096,9,14,Liverpool,Away,791,James Milner,james-milner,M,False,3.0,,1.0,21.0,7.0,25.0,3.0,3.0,4.0,,,,2.0,,,4.0,13.0,8.0,,,3.0,,,,,1.0,2.0,,90.0,,,,,,,,,,,6.6,,,,,3.0,5.0,,5.0,1.0,33.0,9.0,37.0,0,2.0,65.0,3.0,2.0,2.0,
2015-16,6768096,9,6,Tottenham_Hotspur,Home,9865,Mousa Dembélé,mousa-dembele,M,False,,,2.0,16.0,13.0,29.0,3.0,1.0,10.0,,,,,,,3.0,6.0,16.0,,,,,,,,6.0,,,90.0,,,,,,,,,,,8.5,,,1.0,3.0,5.0,,,2.0,,18.0,14.0,32.0,1,9.0,64.0,1.0,1.0,5.0,
2015-16,6768096,9,14,Liverpool,Away,17054,Adam Lallana,adam-lallana,M,False,,,,18.0,8.0,26.0,1.0,1.0,5.0,,,1.0,1.0,,,6.0,9.0,5.0,,1.0,,,,,,,,,81.0,1.0,,,,,,,,,,6.2,,,,5.0,2.0,2.0,,,1.0,22.0,11.0,31.0,2,2.0,63.0,6.0,1.0,1.0,
2015-16,6768096,9,14,Liverpool,Away,20602,Joe Allen,joe-allen,M,True,,,,1.0,2.0,3.0,,,1.0,,,,,,,,,2.0,,,,,,,,,1.0,,9.0,,,,,,,,,,,6.9,,,,1.0,,,,,,1.0,2.0,3.0,0,1.0,7.0,,1.0,,
2015-16,6768096,9,14,Liverpool,Away,27234,Lucas Leiva,lucas-leiva,M,False,,,3.0,17.0,26.0,43.0,2.0,4.0,10.0,,,1.0,1.0,,,1.0,8.0,10.0,,,4.0,,,,,1.0,,,90.0,,,,,,,,,,,7.3,,,1.0,1.0,,,,4.0,,27.0,29.0,56.0,2,6.0,70.0,,,,
2015-16,6768096,9,6,Tottenham_Hotspur,Home,32492,Nacer Chadli,nacer-chadli,M,False,,,,1.0,,1.0,,,1.0,,,,,,,,,,,,,,,,,,,,11.0,,,,,,,,,,,6.5,,,,,,,,,,1.0,,1.0,0,,1.0,,,,
2015-16,6768096,9,14,Liverpool,Away,97006,João Carlos Teixeira,joao-carlos-teixeira,M,True,,,,,,,,,,,,,,,,,,,,,,,,,,,,,,,,,,,,,,,,,,,,,,,,,,,,,0,,,,,,
2015-16,6768096,9,6,Tottenham_Hotspur,Home,105734,Christian Eriksen,christian-eriksen,M,False,2.0,,2.0,26.0,11.0,35.0,2.0,1.0,4.0,,,1.0,,,,3.0,6.0,2.0,,,,,,,,,4.0,,90.0,,,,,,,,,,,6.9,,,,2.0,1.0,8.0,,2.0,,43.0,11.0,46.0,1,1.0,70.0,,,,
2015-16,6768096,9,14,Liverpool,Away,119159,Philippe Coutinho,philippe-coutinho,M,False,2.0,,,21.0,7.0,26.0,,,7.0,,,,1.0,,,4.0,7.0,7.0,,,1.0,,,,,,1.0,,87.0,1.0,,,,,,,,,,7.0,,,,,3.0,5.0,,,,35.0,7.0,37.0,1,4.0,64.0,2.0,1.0,2.0,
2015-16,6768096,9,6,Tottenham_Hotspur,Home,122702,Erik Lamela,erik-lamela,M,False,1.0,,,14.0,6.0,19.0,1.0,,3.0,,,,2.0,,,1.0,11.0,7.0,,,7.0,,,,,1.0,1.0,,87.0,,,,,,,,,,,6.5,,,,,2.0,5.0,,,,21.0,9.0,25.0,0,4.0,49.0,5.0,2.0,1.0,
2015-16,6768096,9,14,Liverpool,Away,185955,Jordon Ibe,jordon-ibe,M,True,,,,3.0,1.0,4.0,,,1.0,,,,,,,1.0,1.0,,,,,,,,,,,,3.0,,,,,,,,,,,,,,,,,,,,,3.0,1.0,4.0,0,,5.0,,,,
2015-16,6768096,9,6,Tottenham_Hotspur,Home,198028,Dele Alli,dele-alli,M,False,1.0,,1.0,10.0,18.0,27.0,3.0,1.0,8.0,,,1.0,3.0,,,2.0,13.0,8.0,,,4.0,,,,,2.0,2.0,,90.0,,2.0,,,,,,,,,6.9,,,,4.0,2.0,1.0,,3.0,,18.0,23.0,40.0,1,6.0,67.0,4.0,1.0,,
2015-16,6768096,9,6,Tottenham_Hotspur,Home,545780,Harry Winks,harry-winks,M,True,,,,,,,,,,,,,,,,,,,,,,,,,,,,,,,,,,,,,,,,,,,,,,,,,,,,,0,,,,,,
2015-16,6768096,9,14,Liverpool,Away,787580,Connor Randall,connor-randall,M,True,,,,,,,,,,,,,,,,,,,,,,,,,,,,,,,,,,,,,,,,,,,,,,,,,,,,,0,,,,,,
2015-16,6768104,9,110,Stoke_City,Away,2525,Ibrahim Afellay,ibrahim-afellay,M,True,,,,,3.0,3.0,1.0,,,,,,,,,,2.0,1.0,,,,,,,,,,,15.0,1.0,,,,,,,,,,6.6,,,,,1.0,,,,,1.0,3.0,4.0,1,1.0,7.0,,,,
2015-16,6768104,9,110,Stoke_City,Away,9104,Marc Wilson,marc-wilson,M,True,,,,,,,,,,,,,,,,,,,,,,,,,,,,,,,,,,,,,,,,,,,,,,,,,,,,,0,,,,,,
2015-16,6768104,9,110,Stoke_City,Away,9360,Charlie Adam,charlie-adam,M,False,,,4.0,18.0,23.0,41.0,1.0,,3.0,,,,,,,1.0,4.0,2.0,,,1.0,,,,,2.0,,,70.0,,,,,,,,,,,6.9,,,1.0,,2.0,,,6.0,,20.0,26.0,46.0,1,1.0,56.0,,,1.0,
2015-16,6768104,9,110,Stoke_City,Away,9682,Stephen Ireland,stephen-ireland,M,True,,,,2.0,3.0,5.0,1.0,,2.0,,,,1.0,,,,2.0,1.0,,,,,,,,,,,11.0,,,,,,,,,,,6.5,,,,,,,,,,2.0,4.0,6.0,0,1.0,9.0,1.0,,,
2015-16,6768104,9,110,Stoke_City,Away,10535,Glenn Whelan,glenn-whelan,M,False,,,3.0,24.0,34.0,58.0,,1.0,10.0,,,,,,,1.0,2.0,7.0,,,1.0,,,,,2.0,,,90.0,,,,,,,,,,,7.5,,,,3.0,,,,7.0,,27.0,38.0,65.0,0,5.0,78.0,,1.0,,
2015-16,6768104,9,80,Swansea_City,Home,20538,Leon Britton,leon-britton,M,True,,,,,,,,,,,,,,,,,,,,,,,,,,,,,,,,,,,,,,,,,,,,,,,,,,,,,0,,,,,,
2015-16,6768104,9,80,Swansea_City,Home,20993,Jack Cork,jack-cork,M,False,,,4.0,23.0,23.0,46.0,,1.0,5.0,,,,1.0,,,1.0,3.0,4.0,,,1.0,,,,,2.0,4.0,,59.0,,,,,,,,,,,7.1,,,,,1.0,1.0,,5.0,,30.0,25.0,54.0,0,1.0,61.0,,1.0,1.0,
2015-16,6768104,9,80,Swansea_City,Home,30243,Neil Taylor,neil-taylor,M,False,1.0,,1.0,28.0,12.0,39.0,,1.0,5.0,,,,,,,,1.0,3.0,,,,,,,,,,,90.0,,,,,,,,,,,6.6,,,1.0,1.0,1.0,5.0,,1.0,,39.0,12.0,46.0,1,1.0,71.0,,1.0,,
2015-16,6768104,9,80,Swansea_City,Home,36465,Jonjo Shelvey,jonjo-shelvey,M,False,,,3.0,30.0,24.0,54.0,,,7.0,,,1.0,1.0,,,1.0,5.0,4.0,,,,,,,1.0,1.0,,,90.0,1.0,,,,,,,,,,7.4,,,4.0,1.0,6.0,2.0,,4.0,,37.0,24.0,59.0,6,1.0,81.0,1.0,,3.0,
2015-16,6768104,9,80,Swansea_City,Home,38642,Sung-Yueng Ki,sung-yueng-ki,M,True,,,1.0,24.0,10.0,34.0,,2.0,2.0,,,,1.0,,,1.0,2.0,5.0,,,,,,,,,3.0,,31.0,,,,,,,,,,,7.3,,,1.0,2.0,1.0,,,2.0,,27.0,10.0,37.0,1,2.0,45.0,,,1.0,
2015-16,6768104,9,80,Swansea_City,Home,43192,Gylfi Sigurðsson,gylfi-sigursson,M,True,,,,17.0,1.0,18.0,1.0,,1.0,,,,,,,2.0,4.0,,,,,,,,,,,,31.0,,,,,,,,,,,6.3,,,1.0,,1.0,1.0,,,,19.0,1.0,19.0,1,,26.0,,,,
2015-16,6768104,9,80,Swansea_City,Home,54686,Jefferson Montero,jefferson-montero,M,False,1.0,,,14.0,4.0,17.0,,,6.0,,,,,,,,7.0,9.0,,,1.0,,,,,,2.0,,90.0,,,,,,,,,,,6.8,,,,1.0,11.0,11.0,,,,28.0,4.0,21.0,0,3.0,51.0,2.0,1.0,5.0,
2015-16,6768104,9,110,Stoke_City,Away,65953,Xherdan Shaqiri,xherdan-shaqiri,M,False,,,1.0,14.0,15.0,29.0,,,7.0,1.0,,1.0,2.0,,,1.0,4.0,1.0,,,1.0,,,,,,3.0,,90.0,,,,,,,,,,,7.2,,,2.0,,,4.0,,1.0,,21.0,17.0,34.0,3,,47.0,3.0,1.0,,
2015-16,6768104,9,80,Swansea_City,Home,209098,Modou Barrow,modou-barrow,M,False,,,1.0,2.0,7.0,9.0,2.0,,6.0,,,,,,,2.0,8.0,7.0,,,,,,,,1.0,,,59.0,,,,,,,,,,,6.5,,,,,5.0,1.0,,2.0,,5.0,7.0,11.0,0,3.0,32.0,1.0,3.0,1.0,
2015-16,6768087,10,6,Tottenham_Hotspur,Away,9865,Mousa Dembélé,mousa-dembele,M,False,,,1.0,18.0,8.0,26.0,2.0,,4.0,,,,,,,3.0,8.0,6.0,,,4.0,,1.0,,,,1.0,,68.0,1.0,,,,,,,,,,7.3,,,,,3.0,,,1.0,1.0,21.0,8.0,29.0,1,3.0,45.0,3.0,,3.0,
2015-16,6768087,10,91,Bournemouth,Home,11764,Marc Pugh,marc-pugh,M,False,,,2.0,15.0,12.0,27.0,4.0,,8.0,,,,,,,3.0,9.0,12.0,,,,,,,,2.0,,,75.0,1.0,,,,,,,,,,6.9,,,,,5.0,2.0,,3.0,,21.0,12.0,31.0,1,5.0,57.0,3.0,4.0,3.0,
2015-16,6768087,10,91,Bournemouth,Home,14695,Andrew Surman,andrew-surman,M,False,,,2.0,14.0,18.0,32.0,2.0,2.0,4.0,,,,1.0,,,1.0,6.0,5.0,,,2.0,,,,,1.0,1.0,,90.0,,,,,,,,,,,6.2,,,,1.0,,,,5.0,,21.0,20.0,41.0,0,1.0,50.0,2.0,2.0,,
2015-16,6768087,10,91,Bournemouth,Home,41628,Eunan O'Kane,eunan-okane,M,True,,,2.0,8.0,5.0,13.0,,,,,,,,,,,1.0,,,,,,,,,,,,29.0,,,,,,,,,,,6.4,,,,1.0,1.0,,,2.0,,10.0,5.0,15.0,0,,18.0,,,,
2015-16,6768087,10,91,Bournemouth,Home,42699,Matt Ritchie,matt-ritchie,M,False,4.0,,4.0,20.0,15.0,31.0,1.0,1.0,5.0,,,1.0,,,,1.0,3.0,5.0,,,1.0,,1.0,,,1.0,2.0,,90.0,2.0,,,,,,,,,,8.1,,,2.0,1.0,,7.0,,5.0,,28.0,18.0,39.0,5,3.0,64.0,1.0,1.0,,
2015-16,6768087,10,6,Tottenham_Hotspur,Away,44567,Ryan Mason,ryan-mason,M,True,,,2.0,16.0,5.0,21.0,,,2.0,,,,,,,,,,,,,,,,,1.0,,,22.0,,,,,,,,,,,6.7,,,,,,,,2.0,,18.0,5.0,23.0,0,,24.0,,,,
2015-16,6768087,10,91,Bournemouth,Home,44823,Junior Stanislas,junior-stanislas,M,True,,,,,,,,,,,,,,,,,,,,,,,,,,,,,,,,,,,,,,,,,,,,,,,,,,,,,0,,,,,,
2015-16,6768087,10,6,Tottenham_Hotspur,Away,105734,Christian Eriksen,christian-eriksen,M,False,3.0,,1.0,42.0,5.0,44.0,2.0,,7.0,1.0,,,,,,1.0,3.0,2.0,,,,1.0,,,1.0,2.0,5.0,,90.0,,,,,,,,,,,7.9,,,1.0,,1.0,5.0,,3.0,,51.0,11.0,57.0,1,,74.0,2.0,1.0,1.0,
2015-16,6768087,10,6,Tottenham_Hotspur,Away,122702,Erik Lamela,erik-lamela,M,False,,,1.0,25.0,16.0,41.0,,1.0,11.0,,,,1.0,,,2.0,7.0,4.0,,,3.0,,1.0,,,2.0,,,90.0,1.0,,,,,,,,,,7.2,,,,2.0,2.0,1.0,,1.0,1.0,30.0,17.0,46.0,1,2.0,62.0,1.0,,1.0,
2015-16,6768087,10,6,Tottenham_Hotspur,Away,198028,Dele Alli,dele-alli,M,False,,,2.0,28.0,10.0,38.0,,,8.0,,,1.0,1.0,,,2.0,11.0,3.0,,,2.0,,,,,3.0,1.0,,90.0,,,,,,,,,,,6.1,,,1.0,2.0,6.0,1.0,,3.0,,33.0,10.0,42.0,2,1.0,63.0,1.0,2.0,,
2015-16,6768087,10,6,Tottenham_Hotspur,Away,361332,Joshua Onomah,joshua-onomah,M,True,,,,,,,,,,,,,,,,,,,,,,,,,,,,,,,,,,,,,,,,,,,,,,,,,,,,,0,,,,,,
2015-16,6768098,10,7,Aston_Villa,Home,764,Kieran Richardson,kieran-richardson,M,False,,,3.0,7.0,11.0,18.0,4.0,2.0,11.0,,,,2.0,,,,8.0,4.0,,,1.0,,,,,1.0,,,90.0,1.0,,,,,,,,,,6.1,,,,4.0,1.0,3.0,,12.0,,18.0,17.0,32.0,1,1.0,60.0,2.0,1.0,,
2015-16,6768098,10,80,Swansea_City,Away,20538,Leon Britton,leon-britton,M,True,,,,,,,,,,,,,,,,,,,,,,,,,,,,,,,,,,,,,,,,,,,,,,,,,,,,,0,,,,,,
2015-16,6768098,10,80,Swansea_City,Away,20993,Jack Cork,jack-cork,M,True,,,,1.0,2.0,3.0,2.0,,1.0,,,,,,,,2.0,,,,,,,,,,,,5.0,,,,,,,,,,,6.3,,,,1.0,,,,2.0,,3.0,2.0,5.0,0,,6.0,,,,
2015-16,6768098,10,80,Swansea_City,Away,30243,Neil Taylor,neil-taylor,M,False,,,,10.0,14.0,24.0,1.0,2.0,5.0,,,,1.0,,,,2.0,6.0,,,1.0,,,,,1.0,,,90.0,,,,,,,,,,,6.7,,,,3.0,1.0,,,3.0,,16.0,16.0,32.0,0,2.0,54.0,1.0,1.0,1.0,
2015-16,6768098,10,80,Swansea_City,Away,36465,Jonjo Shelvey,jonjo-shelvey,M,False,1.0,,6.0,19.0,21.0,39.0,,,9.0,,,1.0,2.0,,,,3.0,5.0,,,,,,,,1.0,1.0,,85.0,,,,,,,,,,,7.4,,,1.0,,2.0,5.0,,9.0,,29.0,22.0,46.0,2,4.0,63.0,,,1.0,
2015-16,6768098,10,80,Swansea_City,Away,38642,Sung-Yueng Ki,sung-yueng-ki,M,False,,,2.0,12.0,27.0,39.0,3.0,3.0,13.0,,,,3.0,,,1.0,8.0,9.0,,,1.0,,,,,3.0,1.0,,90.0,,,,,,,,,,,6.9,,,,1.0,,,,4.0,,17.0,30.0,47.0,0,4.0,62.0,1.0,2.0,,
2015-16,6768098,10,80,Swansea_City,Away,43192,Gylfi Sigurðsson,gylfi-sigursson,M,False,,,,17.0,10.0,27.0,,,4.0,,,,3.0,,,,6.0,2.0,,,2.0,,1.0,,,2.0,,,90.0,1.0,,,,,,,,,,7.0,,,1.0,,2.0,,,,,23.0,11.0,34.0,2,,48.0,2.0,1.0,1.0,
2015-16,6768098,10,7,Aston_Villa,Home,49647,Ashley Westwood,ashley-westwood,M,True,,,,,,,,,,,,,,,,,,,,,,,,,,,,,,,,,,,,,,,,,,,,,,,,,,,,,0,,,,,,
2015-16,6768098,10,80,Swansea_City,Away,54686,Jefferson Montero,jefferson-montero,M,False,,,,9.0,4.0,13.0,1.0,2.0,5.0,,,,2.0,,,1.0,6.0,4.0,,,1.0,,,,,2.0,,,76.0,,,,,,,,,,,6.1,,,,,2.0,5.0,,,,17.0,4.0,16.0,0,,31.0,1.0,1.0,1.0,
2015-16,6768098,10,7,Aston_Villa,Home,74545,Leandro Bacuna,leandro-bacuna,M,False,4.0,,3.0,23.0,10.0,29.0,1.0,,5.0,1.0,,,1.0,,,,5.0,4.0,,,1.0,,,,,3.0,2.0,,90.0,,,,,,,,,,,7.3,,,,,5.0,7.0,,9.0,,40.0,12.0,45.0,0,1.0,64.0,,,3.0,
2015-16,6768098,10,7,Aston_Villa,Home,106337,Idrissa Gana Gueye,idrissa-gana-gueye,M,False,,,1.0,23.0,22.0,45.0,2.0,3.0,13.0,,,,,,,1.0,5.0,11.0,,,2.0,,,,,5.0,1.0,,90.0,,1.0,,,,,,,,,7.6,,,,,4.0,1.0,,2.0,,33.0,23.0,55.0,0,3.0,81.0,5.0,1.0,4.0,
2015-16,6768098,10,7,Aston_Villa,Home,189061,Jack Grealish,jack-grealish,M,False,,,,14.0,2.0,16.0,2.0,,4.0,,,,,,,2.0,5.0,2.0,,,,,,,,1.0,1.0,,74.0,,,,,,,,,,,6.3,,,,,2.0,1.0,,,,16.0,2.0,17.0,0,,28.0,2.0,1.0,1.0,
2015-16,6768098,10,80,Swansea_City,Away,209098,Modou Barrow,modou-barrow,M,True,1.0,,,5.0,5.0,9.0,,1.0,2.0,,,,,,,,2.0,3.0,,,1.0,,,,,,2.0,,14.0,,,,,,,,,,,7.0,,,1.0,,1.0,1.0,,,,6.0,5.0,10.0,1,1.0,16.0,,1.0,,
2015-16,6768098,10,7,Aston_Villa,Home,254895,Carles Gil,carles-gil,M,True,,,,10.0,2.0,12.0,,,,,,,,,,,,1.0,,,,,,,,,,,16.0,,,,,,,,,,,6.6,,,,,1.0,,,,,11.0,2.0,13.0,0,,14.0,,,1.0,
2015-16,6768099,10,31,Crystal_Palace,Away,3574,Yohan Cabaye,yohan-cabaye,M,False,1.0,,3.0,21.0,20.0,40.0,1.0,2.0,5.0,,,,,,,1.0,2.0,3.0,,,,,,,,3.0,1.0,,90.0,1.0,,,,,,,,,,7.3,,,1.0,1.0,,2.0,,3.0,,30.0,20.0,48.0,2,1.0,60.0,1.0,,,
2015-16,6768099,10,13,Leicester_City,Home,4252,Gökhan Inler,gokhan-inler,M,True,,,,,,,,,,,,,,,,,,,,,,,,,,,,,,,,,,,,,,,,,,,,,,,,,,,,,0,,,,,,
2015-16,6768099,10,31,Crystal_Palace,Away,9921,Joe Ledley,joe-ledley,M,True,,,,,,,,,,,,,,,,,,,,,,,,,,,,,,,,,,,,,,,,,,,,,,,,,,,,,0,,,,,,
2015-16,6768099,10,13,Leicester_City,Home,14231,Nathan Dyer,nathan-dyer,M,True,,,,,,,,,1.0,,,,,,,1.0,1.0,2.0,,,,,,,,,,,11.0,,,,,,,,,,,6.5,,,,,,,,,,,,,0,1.0,5.0,1.0,1.0,,
2015-16,6768099,10,31,Crystal_Palace,Away,19593,Jason Puncheon,jason-puncheon,M,False,,,3.0,17.0,9.0,26.0,,,5.0,,,,,,,,2.0,4.0,,,1.0,,,,,1.0,1.0,,68.0,,,,,,,,,,,6.9,,,,,2.0,,,4.0,,20.0,10.0,30.0,0,1.0,41.0,3.0,2.0,1.0,
2015-16,6768099,10,13,Leicester_City,Home,30530,Andy King,andy-king,M,True,,,,,,,,,,,,,,,,,,,,,,,,,,,,,,,,,,,,,,,,,,,,,,,,,,,,,0,,,,,,
2015-16,6768099,10,31,Crystal_Palace,Away,38130,Jordon Mutch,jordon-mutch,M,True,,,,,,,,,,,,,,,,,,,,,,,,,,,,,,,,,,,,,,,,,,,,,,,,,,,,,0,,,,,,
2015-16,6768099,10,31,Crystal_Palace,Away,39282,James McArthur,james-mcarthur,M,False,,,8.0,17.0,31.0,48.0,2.0,1.0,6.0,,,,3.0,,,,7.0,6.0,,,2.0,,,,,5.0,,,90.0,,1.0,,,,,,,,,7.2,,,1.0,,1.0,1.0,,12.0,,23.0,32.0,54.0,1,4.0,69.0,1.0,,1.0,
2015-16,6768099,10,13,Leicester_City,Home,47737,Marc Albrighton,marc-albrighton,M,False,,,1.0,4.0,5.0,9.0,,1.0,7.0,,,,,,,,4.0,7.0,,,,,,,1.0,2.0,,,63.0,,,,,,,,,,,6.7,,,1.0,,7.0,6.0,,7.0,,19.0,7.0,20.0,1,1.0,43.0,2.0,2.0,3.0,
2015-16,6768099,10,13,Leicester_City,Home,54330,Danny Drinkwater,danny-drinkwater,M,False,1.0,,5.0,30.0,21.0,50.0,1.0,1.0,11.0,,,,1.0,,,,3.0,4.0,,,,,,,,3.0,2.0,,90.0,1.0,,,,,,,,,,7.5,,,,3.0,2.0,1.0,,17.0,,45.0,26.0,70.0,1,2.0,86.0,2.0,,1.0,
2015-16,6768099,10,31,Crystal_Palace,Away,111850,Wilfried Zaha,wilfried-zaha,M,True,1.0,,,7.0,2.0,8.0,,,4.0,,,,,,,1.0,4.0,3.0,,,1.0,,,,,,1.0,,22.0,,,,,,,,,,,6.5,,,,,5.0,2.0,,,,8.0,2.0,8.0,0,1.0,21.0,,,2.0,
2015-16,6768099,10,13,Leicester_City,Home,148710,Jeffrey Schlupp,jeffrey-schlupp,M,False,1.0,,3.0,20.0,10.0,29.0,7.0,4.0,7.0,,,2.0,,,,3.0,11.0,11.0,,,1.0,,,,,1.0,2.0,,90.0,,,,,,,,,,,7.5,,,1.0,1.0,4.0,1.0,,4.0,,23.0,11.0,33.0,3,2.0,56.0,4.0,2.0,4.0,
2015-16,6768099,10,13,Leicester_City,Home,158213,Riyad Mahrez,riyad-mahrez,M,False,,,,14.0,10.0,24.0,1.0,2.0,5.0,1.0,,1.0,1.0,,,2.0,5.0,5.0,,,,1.0,,,,,1.0,,79.0,1.0,,,,,,,,,,7.6,,,1.0,1.0,2.0,1.0,,1.0,,15.0,12.0,26.0,3,1.0,45.0,1.0,1.0,1.0,
2015-16,6768099,10,13,Leicester_City,Home,234148,N'Golo Kanté,n-golo-kante,M,False,,,2.0,15.0,24.0,39.0,1.0,1.0,7.0,,,,,,,1.0,3.0,6.0,,,,,,,,5.0,,,90.0,,1.0,,,,,,,,,7.5,,,1.0,4.0,2.0,,,4.0,,17.0,26.0,43.0,1,3.0,64.0,,1.0,1.0,
2015-16,6768100,10,8,Chelsea,Away,518,Cesc Fàbregas,cesc-fabregas,M,False,1.0,,1.0,19.0,14.0,32.0,,,4.0,,,,2.0,,,,3.0,4.0,,,1.0,,,,,1.0,2.0,,45.0,,,,,,,,,,,6.9,,,,,,3.0,,3.0,1.0,26.0,16.0,39.0,0,4.0,48.0,,,,
2015-16,6768100,10,8,Chelsea,Away,7311,John Obi Mikel,john-obi-mikel,M,True,,,2.0,15.0,19.0,34.0,,,4.0,,,,2.0,,,,3.0,1.0,,,1.0,,,,,,,,45.0,,,,,,,,,,,6.4,,,,,,,,4.0,,21.0,20.0,41.0,0,1.0,43.0,,,,
2015-16,6768100,10,21,West_Ham_United,Home,9741,Mark Noble,mark-noble,M,False,,,2.0,13.0,17.0,30.0,,,2.0,,,,3.0,,,2.0,6.0,5.0,,,1.0,,,,,1.0,2.0,,89.0,,,,,,,,,,,6.7,,,,1.0,1.0,,,3.0,1.0,18.0,18.0,36.0,0,4.0,48.0,,,1.0,
2015-16,6768100,10,21,West_Ham_United,Home,14216,Dimitri Payet,dimitri-payet,M,False,2.0,,5.0,22.0,10.0,30.0,1.0,,5.0,1.0,,1.0,2.0,,,3.0,7.0,4.0,,,,,,,,1.0,2.0,,90.0,1.0,,,,,,,,,,7.0,,,2.0,,3.0,9.0,,8.0,1.0,37.0,10.0,38.0,4,,64.0,4.0,2.0,2.0,
2015-16,6768100,10,8,Chelsea,Away,31417,Willian,willian,M,False,2.0,,4.0,30.0,11.0,39.0,1.0,,7.0,,,,2.0,,,1.0,6.0,10.0,,,1.0,,,,,1.0,4.0,,90.0,1.0,,,,,,,,,,7.8,,,1.0,,5.0,4.0,,7.0,,39.0,12.0,47.0,2,3.0,69.0,,3.0,4.0,
2015-16,6768100,10,8,Chelsea,Away,33110,Ramires,ramires,M,False,,,2.0,20.0,22.0,42.0,,,4.0,,,,3.0,,,1.0,8.0,4.0,,,3.0,,,,,1.0,,,82.0,1.0,,,,,,,,,,6.3,,,1.0,1.0,1.0,,,3.0,,23.0,25.0,48.0,2,1.0,59.0,,3.0,,
2015-16,6768100,10,8,Chelsea,Away,39400,Oscar,oscar,M,True,,,,,,,,,,,,,,,,,,,,,,,,,,,,,,,,,,,,,,,,,,,,,,,,,,,,,0,,,,,,
2015-16,6768100,10,8,Chelsea,Away,44241,Nemanja Matić,nemanja-matic,M,False,,,,15.0,10.0,25.0,1.0,1.0,1.0,,,,,,,1.0,4.0,3.0,,,2.0,,,,,1.0,,,44.0,,,,,,,,,,,5.9,,,,1.0,2.0,,,1.0,,19.0,10.0,29.0,0,,37.0,1.0,,2.0,
2015-16,6768100,10,21,West_Ham_United,Home,45944,Cheikhou Kouyaté,cheikhou-kouyate,M,False,,,4.0,17.0,19.0,36.0,,2.0,6.0,,,,,,,2.0,3.0,7.0,,,1.0,,,,,1.0,1.0,,90.0,,,,,,,,,,,7.0,,,,,2.0,,,6.0,,23.0,25.0,48.0,0,2.0,59.0,,1.0,2.0,
2015-16,6768100,10,21,West_Ham_United,Home,46799,Pedro Obiang,pedro-obiang,M,True,,,,,,,,,1.0,,,,,,,,,,,,,,,,,1.0,,,8.0,,,,,,,,,,,6.7,,,1.0,1.0,,,,,,2.0,,2.0,1,,5.0,,,,
2015-16,6768100,10,21,West_Ham_United,Home,220315,Manuel Lanzini,manuel-lanzini,M,False,,,,14.0,14.0,28.0,,,6.0,,1.0,1.0,,1.0,,1.0,3.0,7.0,,,1.0,,,,,,,,82.0,,1.0,,,,,,,,,7.2,,,1.0,2.0,6.0,1.0,,,1.0,19.0,15.0,33.0,2,1.0,49.0,1.0,1.0,5.0,
2015-16,6768100,10,8,Chelsea,Away,284441,Ruben Loftus-Cheek,ruben-loftus-cheek,M,True,,,,,,,,,,,,,,,,,,,,,,,,,,,,,,,,,,,,,,,,,,,,,,,,,,,,,0,,,,,,
2015-16,6768101,10,1,Manchester_United,Home,326,Bastian Schweinsteiger,bastian-schweinsteiger,M,False,,,4.0,34.0,31.0,65.0,5.0,1.0,8.0,,,,1.0,,,,7.0,3.0,,,1.0,,,,,1.0,1.0,,75.0,,1.0,,,,,,,,,7.0,,,,2.0,,2.0,,7.0,,46.0,34.0,78.0,0,1.0,90.0,,1.0,,
2015-16,6768101,10,1,Manchester_United,Home,938,Michael Carrick,michael-carrick,M,True,,,,,,,,,,,,,,,,,,,,,,,,,,,,,,,,,,,,,,,,,,,,,,,,,,,,,0,,,,,,
2015-16,6768101,10,43,Manchester_City,Away,13630,Fernandinho,fernandinho,M,False,,,2.0,18.0,13.0,31.0,2.0,2.0,4.0,,,,1.0,,,2.0,8.0,11.0,,,1.0,,,,,1.0,1.0,,90.0,,,,,,,,,,,7.1,,,,1.0,3.0,1.0,,2.0,,25.0,14.0,38.0,0,6.0,60.0,,3.0,1.0,
2015-16,6768101,10,43,Manchester_City,Away,14468,Yaya Touré,yaya-toure,M,False,,,1.0,10.0,11.0,21.0,1.0,1.0,1.0,,,1.0,,,,2.0,5.0,5.0,,,1.0,,,,,,,,77.0,,,,,,,,,,,6.8,,,2.0,2.0,3.0,,,1.0,,13.0,14.0,27.0,3,1.0,41.0,,1.0,2.0,
2015-16,6768101,10,1,Manchester_United,Home,27009,Morgan Schneiderlin,morgan-schneiderlin,M,False,,,6.0,25.0,28.0,53.0,1.0,,7.0,,,,1.0,,,1.0,5.0,3.0,,,2.0,,,,,4.0,,,90.0,,,,,,,,,,,7.1,,,,1.0,1.0,,,8.0,,31.0,29.0,60.0,0,2.0,70.0,,,1.0,
2015-16,6768101,10,1,Manchester_United,Home,28367,Juan Mata,juan-mata,M,False,2.0,,3.0,24.0,11.0,33.0,,,7.0,,,,,,,2.0,4.0,1.0,,,1.0,,,,,,2.0,,67.0,,,,,,,,,,,6.7,,,,,1.0,5.0,,3.0,,30.0,13.0,38.0,0,1.0,52.0,,,,
2015-16,6768101,10,43,Manchester_City,Away,41837,Fernando,fernando-reges,M,False,,,1.0,8.0,20.0,28.0,,,7.0,,,,2.0,,,1.0,4.0,6.0,,,1.0,,,,,5.0,,,90.0,,2.0,,,,,,,,,7.1,,,,,,,,2.0,,11.0,21.0,32.0,0,5.0,47.0,,1.0,,
2015-16,6768101,10,43,Manchester_City,Away,70996,Kevin De Bruyne,kevin-de-bruyne,M,False,2.0,,1.0,14.0,2.0,14.0,2.0,,3.0,,,1.0,2.0,,,3.0,11.0,6.0,,,1.0,,,,,,2.0,,90.0,,,,,,,,,,,6.3,,,,,5.0,9.0,,2.0,,29.0,3.0,23.0,1,2.0,48.0,1.0,2.0,2.0,
2015-16,6768101,10,1,Manchester_United,Home,82474,Ander Herrera,ander-herrera,M,False,,,8.0,27.0,23.0,50.0,,1.0,5.0,,,1.0,2.0,,,1.0,8.0,7.0,,,2.0,,,,,2.0,,,90.0,,1.0,,,,,,,,,6.9,,,,1.0,4.0,2.0,,10.0,,39.0,25.0,62.0,1,4.0,86.0,3.0,1.0,1.0,
2015-16,6768101,10,1,Manchester_United,Home,191176,Anthony Martial,anthony-martial,M,False,,,,16.0,5.0,21.0,2.0,1.0,4.0,,,,,,,2.0,10.0,12.0,,,,,,,,,1.0,,90.0,,,,,,,,,,,6.8,,,,,13.0,3.0,,,,23.0,6.0,26.0,0,,52.0,2.0,4.0,7.0,
2015-16,6768101,10,43,Manchester_City,Away,361326,Patrick Roberts,patrick-roberts,M,True,,,,,,,,,,,,,,,,,,,,,,,,,,,,,,,,,,,,,,,,,,,,,,,,,,,,,0,,,,,,
2015-16,6768102,10,57,Watford,Away,642,Ben Watson,ben-watson,M,False,1.0,,2.0,11.0,12.0,22.0,1.0,,5.0,,,1.0,,,,,3.0,3.0,,,1.0,,,,,3.0,1.0,,90.0,,1.0,,,,,,,,,7.2,,,,4.0,1.0,6.0,,4.0,,23.0,12.0,29.0,1,3.0,53.0,1.0,,,
2015-16,6768102,10,110,Stoke_City,Home,2525,Ibrahim Afellay,ibrahim-afellay,M,True,,,,,,,,,,,,,,,,,,,,,,,,,,,,,,,,,,,,,,,,,,,,,,,,,,,,,0,,,,,,
2015-16,6768102,10,57,Watford,Away,4366,Almen Abdi,almen-abdi,M,False,1.0,,1.0,14.0,8.0,21.0,,1.0,5.0,1.0,,,2.0,,,,4.0,6.0,,,2.0,,1.0,,,1.0,2.0,,78.0,1.0,,,,,,,,,,8.2,,,1.0,1.0,,1.0,,2.0,,20.0,11.0,30.0,2,5.0,49.0,2.0,,,
2015-16,6768102,10,110,Stoke_City,Home,9104,Marc Wilson,marc-wilson,M,True,,,6.0,7.0,32.0,39.0,5.0,1.0,4.0,,,,,,,1.0,7.0,4.0,1.0,,1.0,,,,,,,,81.0,,,,,,,,,,,6.0,,,,4.0,,,,9.0,,10.0,37.0,47.0,0,2.0,58.0,1.0,2.0,,
2015-16,6768102,10,110,Stoke_City,Home,9360,Charlie Adam,charlie-adam,M,False,,,6.0,20.0,16.0,36.0,2.0,2.0,2.0,,,2.0,,,,,6.0,5.0,,,4.0,,,,,,,,90.0,,,,,,,,,,,6.7,,,3.0,,1.0,5.0,,11.0,,35.0,18.0,48.0,5,,66.0,3.0,3.0,,
2015-16,6768102,10,110,Stoke_City,Home,9682,Stephen Ireland,stephen-ireland,M,True,,,,,,,,,,,,,,,,,,,,,,,,,,,,,,,,,,,,,,,,,,,,,,,,,,,,,0,,,,,,
2015-16,6768102,10,110,Stoke_City,Home,10535,Glenn Whelan,glenn-whelan,M,False,,,5.0,37.0,28.0,65.0,,,8.0,,,,1.0,,,1.0,3.0,1.0,,,1.0,,,,,2.0,1.0,,90.0,,2.0,,,,,,,,,6.6,,,,1.0,,1.0,,7.0,,42.0,31.0,72.0,0,,83.0,,1.0,,
2015-16,6768102,10,57,Watford,Away,11654,Valon Behrami,valon-behrami,M,True,,,,,3.0,3.0,1.0,,2.0,,,,,,,,1.0,1.0,,,,,,,,,,,12.0,,,,,,,,,,,6.6,,,,,,,,,,,3.0,3.0,0,1.0,5.0,1.0,,,
2015-16,6768102,10,57,Watford,Away,16701,Étienne Capoue,etienne-capoue,M,False,,,1.0,14.0,12.0,26.0,,2.0,7.0,,,,2.0,,,1.0,7.0,7.0,,,1.0,,,,,4.0,1.0,,90.0,,,,,,,,,,,6.9,,,2.0,3.0,4.0,,,2.0,,19.0,15.0,34.0,2,1.0,58.0,3.0,3.0,1.0,
2015-16,6768102,10,57,Watford,Away,20364,Ikechi Anya,ikechi-anya,M,False,1.0,,3.0,12.0,3.0,14.0,,,2.0,,,1.0,,,,1.0,2.0,,,,,,,,,,2.0,,66.0,,,,,,,,,,,6.7,,,,,1.0,3.0,,3.0,,14.0,3.0,14.0,1,,25.0,3.0,,,
2015-16,6768102,10,57,Watford,Away,27803,Alessandro Diamanti,alessandro-diamanti,M,True,,,,,,,,,,,,,,,,,,,,,,,,,,,,,,,,,,,,,,,,,,,,,,,,,,,,,0,,,,,,
2015-16,6768102,10,57,Watford,Away,45989,Adlène Guédioura,adlene-guedioura,M,True,,,,,,,,,,,,,,,,,,,,,,,,,,,,,1.0,,,,,,,,,,,,,,,,,,,,,,,,0,,,,,,
2015-16,6768102,10,57,Watford,Away,47668,Juan Carlos Paredes,juan-carlos-paredes,M,True,1.0,,1.0,6.0,,5.0,,1.0,1.0,,,,,,,2.0,2.0,1.0,,,,,,,,,,,24.0,1.0,,,,,,,,,,6.6,,,,,,1.0,,3.0,,8.0,,7.0,1,,13.0,1.0,,,
2015-16,6768102,10,110,Stoke_City,Home,65953,Xherdan Shaqiri,xherdan-shaqiri,M,False,2.0,,1.0,17.0,8.0,23.0,,1.0,2.0,1.0,,,,,,3.0,5.0,6.0,,,1.0,,,,,,3.0,,60.0,,,,,,,,,,,6.9,,,1.0,,3.0,8.0,,1.0,1.0,26.0,8.0,26.0,1,1.0,47.0,1.0,2.0,2.0,
2015-16,6768103,10,20,Southampton,Away,559,Steven Davis,steven-davis,M,False,1.0,,4.0,18.0,9.0,26.0,,2.0,1.0,2.0,,,5.0,,,1.0,7.0,4.0,,,1.0,,,,,3.0,3.0,,80.0,1.0,,,,,,,,,,7.3,,,,1.0,,4.0,,6.0,,32.0,10.0,38.0,1,2.0,54.0,1.0,,,
2015-16,6768103,10,14,Liverpool,Home,791,James Milner,james-milner,M,False,5.0,,3.0,31.0,15.0,41.0,1.0,,3.0,,,1.0,3.0,,,2.0,8.0,5.0,,,2.0,1.0,,,,1.0,5.0,,90.0,,,,,,,,,,,7.6,,,1.0,1.0,2.0,7.0,,6.0,,40.0,17.0,50.0,2,1.0,74.0,1.0,2.0,2.0,
2015-16,6768103,10,14,Liverpool,Home,17054,Adam Lallana,adam-lallana,M,False,1.0,,,19.0,8.0,26.0,3.0,2.0,4.0,,,,,,,4.0,8.0,10.0,,,,,,,,,3.0,,67.0,1.0,,,,,,,,,,7.4,,,1.0,3.0,3.0,2.0,,,2.0,23.0,8.0,29.0,2,4.0,51.0,1.0,2.0,2.0,
2015-16,6768103,10,14,Liverpool,Home,20602,Joe Allen,joe-allen,M,True,,,,,,,,,,,,,,,,,,,,,,,,,,,,,,,,,,,,,,,,,,,,,,,,,,,,,0,,,,,,
2015-16,6768103,10,14,Liverpool,Home,27234,Lucas Leiva,lucas-leiva,M,False,,,2.0,37.0,30.0,67.0,,2.0,10.0,,,,2.0,,,1.0,6.0,12.0,,,3.0,,,,,6.0,1.0,,90.0,,,,,,,,,,,7.9,,,,2.0,1.0,1.0,,3.0,,45.0,31.0,75.0,0,7.0,99.0,,2.0,1.0,
2015-16,6768103,10,20,Southampton,Away,44760,Cédric Soares,cedric-soares,M,False,1.0,,5.0,18.0,7.0,24.0,1.0,,9.0,,,,,,,,1.0,7.0,,,,,,,,5.0,2.0,,90.0,,1.0,,,,,,,,,7.9,,,,3.0,,3.0,,19.0,,34.0,10.0,41.0,0,7.0,78.0,1.0,,,
2015-16,6768103,10,20,Southampton,Away,45956,Victor Wanyama,victor-wanyama,M,False,,,3.0,8.0,17.0,25.0,2.0,1.0,16.0,,,,,,,1.0,5.0,9.0,,,2.0,,,,,1.0,,,90.0,,1.0,,,,,,,,,7.2,,,,1.0,1.0,,,3.0,,14.0,17.0,31.0,0,5.0,46.0,1.0,2.0,1.0,
2015-16,6768103,10,20,Southampton,Away,69416,Oriol Romeu,oriol-romeu,M,True,,,,,,,,,,,,,,,,,,,,,,,,,,,,,,,,,,,,,,,,,,,,,,,,,,,,,0,,,,,,
2015-16,6768103,10,20,Southampton,Away,116946,Jordy Clasie,jordy-clasie,M,False,,,2.0,9.0,8.0,17.0,,,2.0,,,,4.0,,,1.0,6.0,5.0,,,1.0,,,,,3.0,,,76.0,,1.0,,,,,,,,,6.8,,,,5.0,1.0,,,6.0,,15.0,10.0,25.0,0,4.0,42.0,,,1.0,
2015-16,6768103,10,14,Liverpool,Home,119159,Philippe Coutinho,philippe-coutinho,M,False,,,1.0,25.0,5.0,30.0,,,1.0,,,2.0,,,,1.0,4.0,5.0,,,,,,,,1.0,1.0,,83.0,,,,,,,,,,,7.6,,,2.0,,6.0,1.0,,1.0,1.0,32.0,6.0,37.0,4,2.0,59.0,4.0,,3.0,
2015-16,6768103,10,20,Southampton,Away,135590,Gastón Ramírez,gaston-ramirez,M,True,,,,1.0,6.0,7.0,,1.0,1.0,1.0,,,,,,,,4.0,,,,1.0,,,,,1.0,,10.0,,,,,,,,,,,7.7,,,,,2.0,,,,,2.0,6.0,8.0,0,1.0,12.0,1.0,,2.0,
2015-16,6768103,10,14,Liverpool,Home,143697,Roberto Firmino,roberto-firmino,M,True,,,,4.0,5.0,9.0,,,1.0,,,,,,,,1.0,5.0,,,1.0,,,,,,,,23.0,,,,,,,,,,,6.7,,,,,2.0,4.0,,,,11.0,6.0,13.0,0,1.0,22.0,,2.0,2.0,
2015-16,6768103,10,20,Southampton,Away,161717,James Ward-Prowse,james-ward-prowse,M,True,1.0,,,6.0,2.0,7.0,,,,,,,1.0,,,,1.0,1.0,,,,,,,,,,,26.0,,,,,,,,,,,6.4,,,,1.0,,3.0,,1.0,,9.0,2.0,8.0,0,,13.0,,1.0,,
2015-16,6768103,10,14,Liverpool,Home,185955,Jordon Ibe,jordon-ibe,M,True,2.0,,,3.0,2.0,3.0,,,1.0,,,,,,,1.0,3.0,,,,,,,,,,,,7.0,,,,,,,,,,,6.0,,,,,2.0,2.0,,,,3.0,2.0,3.0,0,,8.0,,,,
2015-16,6768103,10,20,Southampton,Away,217704,Sadio Mané,sadio-mane,M,False,,,1.0,18.0,3.0,21.0,1.0,1.0,3.0,,1.0,,2.0,,,1.0,15.0,7.0,,,4.0,,1.0,,,1.0,,,89.0,1.0,,,,,,,,,,6.0,,,1.0,1.0,8.0,1.0,,1.0,2.0,26.0,3.0,28.0,2,2.0,56.0,3.0,3.0,1.0,
2015-16,6768103,10,14,Liverpool,Home,787580,Connor Randall,connor-randall,M,True,,,,,,,,,,,,,,,,,,,,,,,,,,,,,,,,,,,,,,,,,,,,,,,,,,,,,0,,,,,,
2015-16,6768105,10,45,Norwich_City,Home,512,Alexander Tettey,alexander-tettey,M,False,,,7.0,23.0,34.0,57.0,1.0,1.0,14.0,,,1.0,1.0,,,,3.0,6.0,,,1.0,,,,,2.0,,,90.0,1.0,,,,,,,,,,7.5,,,,2.0,3.0,,,8.0,,27.0,34.0,61.0,2,,73.0,,2.0,3.0,
2015-16,6768105,10,35,West_Bromwich_Albion,Away,765,Darren Fletcher,darren-fletcher,M,False,,,3.0,12.0,15.0,27.0,,2.0,6.0,,,,2.0,,,,2.0,5.0,,,,,,,,3.0,1.0,,90.0,,,,,,,,,,,7.1,,,,,,,,4.0,,16.0,16.0,32.0,0,2.0,42.0,2.0,1.0,,
2015-16,6768105,10,45,Norwich_City,Home,9148,Graham Dorrans,graham-dorrans,M,True,,,,,,,,,,,,,,,,,,,,,,,,,,,,,,,,,,,,,,,,,,,,,,,,,,,,,0,,,,,,
2015-16,6768105,10,35,West_Bromwich_Albion,Away,10540,Chris Brunt,chris-brunt,M,False,1.0,,3.0,14.0,5.0,18.0,2.0,4.0,3.0,1.0,,,3.0,,,,7.0,4.0,,,2.0,,,,,4.0,1.0,,90.0,3.0,,,,,,,,,,7.3,,,,4.0,,4.0,,11.0,,30.0,8.0,34.0,3,,61.0,,,,
2015-16,6768105,10,35,West_Bromwich_Albion,Away,14235,Craig Gardner,craig-gardner,M,True,,,1.0,1.0,,1.0,,,,,,,,,,,,,,,,,,,,,,,2.0,,,,,,,,,,,,,,,,,,,2.0,,2.0,,2.0,0,,2.0,,,,
2015-16,6768105,10,45,Norwich_City,Home,14336,Wesley Hoolahan,wesley-hoolahan,M,False,1.0,,3.0,26.0,11.0,36.0,1.0,,3.0,,,,1.0,,,1.0,4.0,1.0,,,1.0,,,,,,2.0,,78.0,,,,,,,,,,,6.6,,,2.0,,,6.0,,3.0,1.0,35.0,12.0,41.0,2,,60.0,5.0,1.0,,
2015-16,6768105,10,35,West_Bromwich_Albion,Away,16657,Stéphane Sessègnon,stephane-sessegnon,M,False,1.0,,1.0,15.0,11.0,25.0,2.0,1.0,10.0,1.0,,,,,,1.0,4.0,6.0,,,1.0,,,,,1.0,1.0,,90.0,,,,,,,,,,,7.2,,,1.0,,1.0,4.0,,4.0,,24.0,14.0,34.0,1,2.0,56.0,3.0,2.0,1.0,
2015-16,6768105,10,45,Norwich_City,Home,20095,Matt Jarvis,matt-jarvis,M,False,4.0,,2.0,23.0,4.0,23.0,3.0,,5.0,1.0,,1.0,,,,1.0,5.0,2.0,,,,,,,,,2.0,,90.0,,,,,,,,,,,6.8,,,,,3.0,15.0,,2.0,,36.0,4.0,25.0,1,,54.0,5.0,,2.0,
2015-16,6768105,10,45,Norwich_City,Home,29691,Gary O'Neil,gary-oneil,M,True,,,,,,,,,,,,,,,,,,,,,,,,,,,,,,,,,,,,,,,,,,,,,,,,,,,,,0,,,,,,
2015-16,6768105,10,35,West_Bromwich_Albion,Away,41631,James McClean,james-mcclean,M,False,2.0,,,17.0,6.0,21.0,2.0,2.0,1.0,1.0,,,1.0,,,3.0,8.0,5.0,,,2.0,1.0,,,,,1.0,,90.0,,,,,,,,,,,6.8,,,,6.0,3.0,9.0,,1.0,,31.0,6.0,28.0,0,,51.0,,,3.0,
2015-16,6768105,10,35,West_Bromwich_Albion,Away,53783,Callum McManaman,callum-mcmanaman,M,True,,,,,,,,,,,,,,,,,,,,,,,,,,,,,,,,,,,,,,,,,,,,,,,,,,,,,0,,,,,,
2015-16,6768105,10,45,Norwich_City,Home,115346,Nathan Redmond,nathan-redmond,M,False,2.0,,1.0,25.0,8.0,31.0,5.0,,2.0,,1.0,1.0,2.0,,,2.0,12.0,4.0,,,2.0,,,,,,3.0,,90.0,1.0,,,,,,,,,,6.2,,,1.0,,4.0,11.0,,2.0,,42.0,10.0,41.0,3,,65.0,,1.0,3.0,
2015-16,6768105,10,35,West_Bromwich_Albion,Away,151037,Claudio Yacob,claudio-yacob,M,False,,,2.0,20.0,7.0,27.0,1.0,5.0,3.0,,,,2.0,,,,4.0,8.0,,,1.0,,,,,7.0,1.0,,90.0,,,,,,,,,,,7.2,,,,4.0,1.0,,,3.0,,26.0,10.0,36.0,0,1.0,50.0,,1.0,1.0,
2015-16,6768105,10,45,Norwich_City,Home,267621,Robbie Brady,robbie-brady,M,False,,,5.0,35.0,12.0,47.0,1.0,5.0,7.0,,,,1.0,,,,4.0,7.0,,,1.0,,,,,2.0,1.0,,90.0,,,,,,,,,,,6.7,,,,8.0,3.0,11.0,,9.0,,53.0,14.0,56.0,0,,88.0,,,2.0,
2015-16,6768111,10,3,Arsenal,Home,519,Mathieu Flamini,mathieu-flamini,M,True,,,,3.0,3.0,6.0,,,3.0,,1.0,,1.0,,,,3.0,,,,1.0,,,,,2.0,,,9.0,1.0,,,,,,,,,,6.2,,,1.0,,1.0,,,,,3.0,4.0,7.0,2,,17.0,2.0,,,
2015-16,6768111,10,11,Everton,Away,544,Gareth Barry,gareth-barry,M,False,1.0,,4.0,17.0,19.0,35.0,1.0,,8.0,,,,5.0,,,1.0,9.0,7.0,,,3.0,,,,,1.0,1.0,,89.0,,1.0,,,,,,,,,6.7,,,,2.0,,1.0,,7.0,,24.0,20.0,43.0,0,7.0,59.0,,,,
2015-16,6768111,10,11,Everton,Away,1161,Leon Osman,leon-osman,M,True,,,,,,,,,,,,,,,,,,,,,,,,,,,,,,,,,,,,,,,,,,,,,,,,,,,,,0,,,,,,
2015-16,6768111,10,11,Everton,Away,3593,Kevin Mirallas,kevin-mirallas,M,True,,,,4.0,,4.0,,,,,,1.0,1.0,,,,2.0,,,,1.0,,,,,,,,20.0,1.0,,,,,,,,,,6.7,,,,,,,,,1.0,4.0,,4.0,2,,6.0,,,,
2015-16,6768111,10,11,Everton,Away,9692,Aaron Lennon,aaron-lennon,M,False,,,,7.0,8.0,15.0,,1.0,2.0,,,,2.0,,,,5.0,6.0,,,3.0,,,,,1.0,,,70.0,,,,,,,,,,,6.7,,,,,1.0,1.0,,,,11.0,8.0,18.0,0,4.0,26.0,,,1.0,
2015-16,6768111,10,3,Arsenal,Home,10501,Theo Walcott,theo-walcott,M,True,,,,,,,,,,,,,,,,,,,,,,,,,,,,,,,,,,,,,,,,,,,,,,,,,,,,,0,,,,,,
2015-16,6768111,10,3,Arsenal,Home,10577,Alex Oxlade-Chamberlain,alex-oxlade-chamberlain,M,False,,,1.0,22.0,4.0,26.0,1.0,1.0,3.0,,,2.0,1.0,,,2.0,9.0,7.0,,,2.0,,,,,2.0,2.0,,81.0,,2.0,,,,,,,,,7.0,,,,1.0,7.0,1.0,,1.0,,28.0,5.0,32.0,2,2.0,59.0,4.0,,4.0,
2015-16,6768111,10,3,Arsenal,Home,16176,Mesut Özil,mesut-ozil,M,False,2.0,,4.0,46.0,18.0,62.0,1.0,,3.0,1.0,,,1.0,,,3.0,6.0,5.0,,,1.0,1.0,,,1.0,2.0,5.0,,90.0,1.0,,,,,,,,,,8.0,,,1.0,,2.0,4.0,,6.0,,56.0,18.0,70.0,2,1.0,93.0,2.0,3.0,1.0,
2015-16,6768111,10,3,Arsenal,Home,17651,Santi Cazorla,santi-cazorla,M,False,3.0,,8.0,59.0,17.0,73.0,,,10.0,1.0,,,4.0,,,4.0,10.0,5.0,,,2.0,1.0,,,,5.0,5.0,,90.0,,,,,,,,,,,7.9,,,,,3.0,8.0,,9.0,,71.0,17.0,80.0,0,1.0,106.0,,1.0,3.0,
2015-16,6768111,10,11,Everton,Away,39283,James McCarthy,james-mccarthy,M,False,1.0,,,17.0,16.0,32.0,,1.0,5.0,,,,2.0,,,1.0,5.0,6.0,,,2.0,,,,,3.0,1.0,,90.0,,,,,,,,,,,7.1,,,,1.0,,1.0,,2.0,,19.0,18.0,36.0,0,5.0,51.0,,1.0,,
2015-16,6768111,10,3,Arsenal,Home,40672,Francis Coquelin,francis-coquelin,M,False,1.0,,2.0,35.0,18.0,52.0,,,12.0,,,1.0,3.0,,,1.0,5.0,8.0,,,1.0,,,,,6.0,,,90.0,,,,,,,,,,,7.4,,,,1.0,3.0,1.0,,2.0,,37.0,20.0,56.0,1,1.0,78.0,,4.0,3.0,
2015-16,6768111,10,11,Everton,Away,46432,Tom Cleverley,tom-cleverley,M,True,,,,,,,,,,,,,,,,,,,,,,,,,,,,,,,,,,,,,,,,,,,,,,,,,,,,,0,,,,,,
2015-16,6768111,10,11,Everton,Away,98435,Ross Barkley,ross-barkley,M,False,,,1.0,23.0,22.0,45.0,,1.0,7.0,,,,1.0,,,3.0,10.0,10.0,,,3.0,,1.0,,,2.0,1.0,,90.0,2.0,,,,,,,,,,7.3,,,,1.0,8.0,2.0,,1.0,,31.0,24.0,53.0,2,1.0,78.0,1.0,3.0,5.0,
2015-16,6768111,10,3,Arsenal,Home,154508,Joel Campbell,joel-campbell,M,True,,,,,,,,,,,,,,,,,,,,,,,,,,,,,,,,,,,,,,,,,,,,,,,,,,,,,0,,,,,,
2015-16,6768117,10,56,Sunderland,Home,524,Sebastian Larsson,sebastian-larsson,M,True,,,,,4.0,4.0,,,2.0,,,,,,,,1.0,,,,1.0,,,,,,,,8.0,,,,,,,,,,,6.5,,,,,,,,,,,4.0,4.0,0,,4.0,,,,
2015-16,6768117,10,4,Newcastle_United,Away,10438,Cheik Tiote,cheik-tiote,M,False,,,1.0,19.0,16.0,35.0,1.0,2.0,4.0,,,,,,,,4.0,5.0,,,2.0,,,,,,1.0,,45.0,,,,,,,,,,,6.6,,,,,1.0,,,2.0,,23.0,19.0,42.0,0,2.0,46.0,,1.0,,
2015-16,6768117,10,56,Sunderland,Home,14210,Lee Cattermole,lee-cattermole,M,False,,,2.0,16.0,15.0,31.0,,2.0,2.0,,,1.0,2.0,,,1.0,7.0,5.0,,,4.0,,,,,2.0,,,90.0,,1.0,,,,,,,,,6.8,,,,,1.0,,,6.0,,20.0,19.0,39.0,1,2.0,49.0,,,1.0,
2015-16,6768117,10,4,Newcastle_United,Away,15007,Vurnon Anita,vurnon-anita,M,True,,,1.0,8.0,12.0,20.0,,,4.0,,,,,,,,1.0,3.0,,,1.0,,,,,,1.0,,41.0,,,,,,,,,,,6.9,,,1.0,1.0,,,,1.0,,10.0,14.0,24.0,1,3.0,30.0,,,,
2015-16,6768117,10,4,Newcastle_United,Away,22126,Georginio Wijnaldum,georginio-wijnaldum,M,False,,,2.0,29.0,21.0,50.0,2.0,,7.0,,,,1.0,,,1.0,6.0,8.0,,,1.0,,,,,1.0,,,90.0,3.0,,,,,,,,,,7.2,,,,,4.0,1.0,,3.0,,35.0,22.0,56.0,3,2.0,71.0,,3.0,3.0,
2015-16,6768117,10,4,Newcastle_United,Away,27014,Moussa Sissoko,moussa-sissoko,M,False,2.0,,2.0,33.0,16.0,47.0,1.0,1.0,5.0,,,2.0,,,,,3.0,6.0,,,,,,,,1.0,5.0,,90.0,1.0,,,,,,,,,,7.5,,,,,7.0,7.0,,4.0,,42.0,17.0,52.0,3,,79.0,3.0,,5.0,
2015-16,6768117,10,4,Newcastle_United,Away,30262,Siem de Jong,siem-de-jong,M,True,,,,,,,,,,,,,,,,,,,,,,,,,,,,,,,,,,,,,,,,,,,,,,,,,,,,,0,,,,,,
2015-16,6768117,10,56,Sunderland,Home,32045,Yann M'Vila,yann-mvila,M,False,,,5.0,21.0,20.0,41.0,1.0,,8.0,1.0,,1.0,4.0,,,,5.0,6.0,,,,1.0,,,,3.0,2.0,,90.0,,,,,,,,,,,7.8,,,,4.0,1.0,,,8.0,,27.0,23.0,50.0,1,4.0,66.0,,1.0,1.0,
2015-16,6768117,10,56,Sunderland,Home,35528,Jordi Gómez,jordi-gomez,M,True,,,,,,,,,,,,,,,,,,,,,,,,,,,,,,,,,,,,,,,,,,,,,,,,,,,,,0,,,,,,
2015-16,6768117,10,4,Newcastle_United,Away,40686,Jack Colback,jack-colback,M,False,2.0,,2.0,16.0,12.0,26.0,1.0,1.0,2.0,,,,,,,,1.0,3.0,,,,,,,,2.0,1.0,,49.0,1.0,1.0,,,,,,,,,7.3,,,1.0,,,3.0,,4.0,,21.0,14.0,32.0,2,1.0,43.0,,1.0,,
2015-16,6768117,10,56,Sunderland,Home,240256,Duncan Watmore,duncan-watmore,M,True,,,,,,,,,,,,,,,,,,,,,,,,,,,,,,,,,,,,,,,,,,,,,,,,,,,,,0,,,,,,
2015-16,6768097,11,8,Chelsea,Home,518,Cesc Fàbregas,cesc-fabregas,M,True,1.0,,3.0,16.0,7.0,22.0,,,1.0,,,,,,,,,1.0,,,,,,,,,1.0,,20.0,,,,,,,,,,,6.8,,,,,,1.0,,4.0,,21.0,7.0,27.0,0,1.0,30.0,,,,
2015-16,6768097,11,14,Liverpool,Away,791,James Milner,james-milner,M,False,2.0,,,19.0,4.0,21.0,1.0,,2.0,,,,,,,5.0,8.0,3.0,,,2.0,,,,,,2.0,,64.0,,,,,,,,,,,6.6,,,1.0,,1.0,4.0,,1.0,,24.0,5.0,25.0,1,1.0,47.0,2.0,1.0,1.0,
2015-16,6768097,11,8,Chelsea,Home,7311,John Obi Mikel,john-obi-mikel,M,False,,,1.0,11.0,20.0,31.0,,3.0,6.0,,,,1.0,,,3.0,5.0,12.0,,,1.0,,,,,2.0,,,70.0,,,,,,,,,,,7.1,,,,1.0,1.0,,,2.0,,16.0,21.0,37.0,0,6.0,52.0,,2.0,1.0,
2015-16,6768097,11,14,Liverpool,Away,17054,Adam Lallana,adam-lallana,M,False,1.0,,,20.0,15.0,34.0,1.0,1.0,6.0,,,,3.0,,,1.0,9.0,5.0,,,3.0,,,,,1.0,1.0,,89.0,2.0,,,,,,,,,,6.8,,,1.0,2.0,1.0,1.0,,1.0,1.0,25.0,17.0,41.0,3,2.0,57.0,,2.0,,
2015-16,6768097,11,14,Liverpool,Away,20602,Joe Allen,joe-allen,M,True,,,,,,,,,,,,,,,,,,,,,,,,,,,,,,,,,,,,,,,,,,,,,,,,,,,,,0,,,,,,
2015-16,6768097,11,14,Liverpool,Away,27234,Lucas Leiva,lucas-leiva,M,False,,,3.0,31.0,29.0,60.0,,1.0,9.0,,,1.0,1.0,,,2.0,9.0,8.0,,1.0,6.0,,,,,1.0,2.0,,90.0,1.0,,,,,,,,,,7.1,,,,,2.0,,,5.0,,39.0,34.0,73.0,2,5.0,92.0,1.0,,2.0,
2015-16,6768097,11,8,Chelsea,Home,31417,Willian,willian,M,False,1.0,,3.0,21.0,8.0,28.0,,,12.0,,,,,,,4.0,5.0,15.0,,,,,,,,2.0,1.0,,90.0,,,,,,,,,,,7.0,,,,,3.0,7.0,,3.0,,32.0,8.0,33.0,0,3.0,69.0,3.0,10.0,2.0,
2015-16,6768097,11,8,Chelsea,Home,33110,Ramires,ramires,M,False,,,4.0,18.0,11.0,29.0,,,4.0,,,1.0,3.0,,,1.0,8.0,11.0,,,3.0,,1.0,,,3.0,1.0,,90.0,1.0,,,,,,,,,,7.8,,,,1.0,4.0,1.0,,7.0,,26.0,12.0,37.0,2,4.0,64.0,1.0,4.0,3.0,
2015-16,6768097,11,8,Chelsea,Home,39400,Oscar,oscar,M,False,,,2.0,17.0,12.0,29.0,,1.0,11.0,,,2.0,2.0,,,3.0,7.0,9.0,,,,,,,,1.0,,,90.0,1.0,,,,,,,,,,6.9,,,,3.0,2.0,1.0,,4.0,,26.0,15.0,40.0,3,7.0,67.0,3.0,1.0,,
2015-16,6768097,11,8,Chelsea,Home,44241,Nemanja Matić,nemanja-matic,M,True,,,,,,,,,,,,,,,,,,,,,,,,,,,,,,,,,,,,,,,,,,,,,,,,,,,,,0,,,,,,
2015-16,6768097,11,14,Liverpool,Away,97006,João Carlos Teixeira,joao-carlos-teixeira,M,True,,,,,,,,,,,,,,,,,,,,,,,,,,,,,,,,,,,,,,,,,,,,,,,,,,,,,0,,,,,,
2015-16,6768097,11,14,Liverpool,Away,119159,Philippe Coutinho,philippe-coutinho,M,False,,,,25.0,10.0,35.0,2.0,,9.0,,,2.0,3.0,,,2.0,9.0,4.0,,,1.0,,2.0,,,1.0,1.0,,90.0,2.0,,,,,,,,,,7.9,,,,,3.0,2.0,,2.0,,36.0,13.0,47.0,4,1.0,64.0,2.0,1.0,2.0,
2015-16,6768097,11,14,Liverpool,Away,143697,Roberto Firmino,roberto-firmino,M,False,,,2.0,27.0,13.0,40.0,6.0,,7.0,,,,1.0,,,5.0,17.0,7.0,,,2.0,1.0,,,,1.0,1.0,,76.0,,,,,,,,,,,6.8,,,2.0,1.0,7.0,,,2.0,,30.0,14.0,44.0,2,4.0,72.0,3.0,1.0,2.0,
2015-16,6768097,11,14,Liverpool,Away,185955,Jordon Ibe,jordon-ibe,M,True,,,,3.0,2.0,5.0,,,1.0,,,1.0,,,,,,1.0,,,,1.0,,,,,1.0,,14.0,,,,,,,,,,,7.1,,,,,,,,,,3.0,2.0,5.0,1,1.0,7.0,,,,
2015-16,6768097,11,14,Liverpool,Away,787580,Connor Randall,connor-randall,M,True,,,,,,,,,,,,,,,,,,,,,,,,,,,,,,,,,,,,,,,,,,,,,,,,,,,,,0,,,,,,
2015-16,6768097,11,8,Chelsea,Home,801391,Kenedy,kenedy,M,True,,,1.0,14.0,8.0,22.0,,2.0,4.0,,,,,,,1.0,1.0,4.0,,,,,,,,2.0,,,31.0,,,,,,,,,,,6.9,,,1.0,,1.0,,,1.0,,18.0,8.0,26.0,1,1.0,38.0,2.0,,1.0,
2015-16,6768106,11,56,Sunderland,Away,524,Sebastian Larsson,sebastian-larsson,M,True,1.0,,1.0,8.0,5.0,12.0,,,2.0,,,1.0,1.0,,,,2.0,1.0,,,1.0,,,,,,,,26.0,,,,,,,,,,,6.7,,,,2.0,1.0,1.0,,1.0,,9.0,5.0,13.0,1,,18.0,,,1.0,
2015-16,6768106,11,11,Everton,Home,544,Gareth Barry,gareth-barry,M,False,,,3.0,49.0,41.0,90.0,2.0,1.0,8.0,,,1.0,1.0,,,1.0,6.0,2.0,,,2.0,,,,,2.0,,,90.0,,2.0,,,,,,,,,7.1,,,,5.0,,,,5.0,,57.0,43.0,100.0,1,1.0,115.0,,,,
2015-16,6768106,11,11,Everton,Home,1161,Leon Osman,leon-osman,M,True,,,,7.0,4.0,11.0,,,1.0,,,,,,,,1.0,,,,,,,,,,,,12.0,,,,,,,,,,,6.4,,,,,1.0,,,,,8.0,4.0,12.0,0,,14.0,,,,
2015-16,6768106,11,11,Everton,Home,3593,Kevin Mirallas,kevin-mirallas,M,True,1.0,,1.0,14.0,1.0,14.0,,,1.0,,,,1.0,,,,1.0,1.0,,,,,,,,1.0,1.0,,25.0,,,,,,,,,,,6.7,,,1.0,,1.0,3.0,,1.0,1.0,19.0,1.0,17.0,1,,26.0,2.0,,1.0,
2015-16,6768106,11,11,Everton,Home,9692,Aaron Lennon,aaron-lennon,M,True,,,,,,,,,,,,,,,,,,,,,,,,,,,,,,,,,,,,,,,,,,,,,,,,,,,,,0,,,,,,
2015-16,6768106,11,56,Sunderland,Away,14210,Lee Cattermole,lee-cattermole,M,False,,,2.0,5.0,3.0,8.0,,,1.0,,,,,,,,1.0,1.0,,,1.0,,,,,1.0,,,38.0,,,,,,,,,,,6.5,,,,,1.0,,,2.0,,6.0,3.0,9.0,0,,12.0,1.0,,1.0,
2015-16,6768106,11,11,Everton,Home,21073,Darron Gibson,darron-gibson,M,True,,,,,,,,,,,,,,,,,,,,,,,,,,,,,,,,,,,,,,,,,,,,,,,,,,,,,0,,,,,,
2015-16,6768106,11,56,Sunderland,Away,32045,Yann M'Vila,yann-mvila,M,False,,,5.0,29.0,16.0,45.0,,3.0,10.0,,,,,,,1.0,1.0,7.0,,,,,,,,5.0,1.0,,90.0,1.0,,,,,,,,,,7.3,,,,5.0,,,,8.0,,34.0,17.0,51.0,1,3.0,74.0,1.0,2.0,,
2015-16,6768106,11,56,Sunderland,Away,35528,Jordi Gómez,jordi-gomez,M,True,,,,,,,,,,,,,,,,,,,,,,,,,,,,,,,,,,,,,,,,,,,,,,,,,,,,,0,,,,,,
2015-16,6768106,11,11,Everton,Home,39283,James McCarthy,james-mccarthy,M,False,,,5.0,47.0,30.0,77.0,1.0,1.0,6.0,1.0,,,3.0,,,,4.0,2.0,,,,1.0,,,,1.0,1.0,,90.0,,,,,,,,,,,7.1,,,,,,1.0,,7.0,,52.0,36.0,87.0,0,1.0,92.0,,,,
2015-16,6768106,11,11,Everton,Home,98435,Ross Barkley,ross-barkley,M,False,,,3.0,75.0,26.0,101.0,,1.0,6.0,,,1.0,,,,,,5.0,,,,,,,,1.0,3.0,,90.0,,,,,,,,,,,7.6,,,1.0,1.0,1.0,3.0,,4.0,2.0,82.0,28.0,107.0,2,,123.0,1.0,3.0,1.0,
2015-16,6768106,11,56,Sunderland,Away,240256,Duncan Watmore,duncan-watmore,M,True,,,,4.0,1.0,5.0,,,,,1.0,,,,,1.0,2.0,4.0,,,,,,,,,,,15.0,1.0,,,,,,,,,,6.6,,,,,4.0,,,,1.0,5.0,1.0,6.0,1,1.0,16.0,1.0,,3.0,
2015-16,6768107,11,7,Aston_Villa,Away,764,Kieran Richardson,kieran-richardson,M,False,,,2.0,9.0,8.0,17.0,,1.0,5.0,,,,,,,2.0,4.0,6.0,,,2.0,,,,,3.0,2.0,,90.0,,2.0,,,,,,,,,6.6,,,,1.0,1.0,2.0,,6.0,,17.0,11.0,26.0,0,4.0,59.0,2.0,,1.0,
2015-16,6768107,11,6,Tottenham_Hotspur,Home,9865,Mousa Dembélé,mousa-dembele,M,False,,,1.0,23.0,10.0,33.0,,2.0,5.0,,,,,,,3.0,5.0,8.0,,,2.0,,1.0,,,,,,69.0,1.0,,,,,,,,,,7.5,,,1.0,,3.0,,,1.0,,32.0,11.0,43.0,2,1.0,55.0,1.0,2.0,3.0,
2015-16,6768107,11,7,Aston_Villa,Away,24055,Scott Sinclair,scott-sinclair,M,False,,,1.0,8.0,2.0,10.0,3.0,1.0,6.0,,,1.0,,,,,8.0,3.0,,,1.0,,,,,,,,90.0,1.0,,,,,,,,,,6.2,,,,,6.0,,,1.0,1.0,11.0,3.0,14.0,2,,33.0,5.0,,2.0,
2015-16,6768107,11,6,Tottenham_Hotspur,Home,44567,Ryan Mason,ryan-mason,M,True,,,,7.0,3.0,10.0,,,1.0,,,,,,,1.0,1.0,1.0,1.0,,,,,,,,,,21.0,,,,,,,,,,,5.3,,,,1.0,,,,,,7.0,3.0,10.0,0,,17.0,1.0,1.0,,
2015-16,6768107,11,7,Aston_Villa,Away,49647,Ashley Westwood,ashley-westwood,M,False,,,2.0,9.0,4.0,13.0,,,3.0,,,,,,,,1.0,1.0,,,1.0,,,,,,,,38.0,,,,,,,,,,,6.6,,,,,,,,2.0,,9.0,4.0,13.0,0,1.0,14.0,,,,
2015-16,6768107,11,7,Aston_Villa,Away,74545,Leandro Bacuna,leandro-bacuna,M,False,1.0,,2.0,17.0,9.0,25.0,1.0,2.0,4.0,,,,2.0,,,,6.0,5.0,,,,,,,1.0,3.0,3.0,,90.0,,,,,,,,,,,6.9,,,1.0,,5.0,3.0,,3.0,,30.0,11.0,38.0,1,1.0,54.0,1.0,,2.0,
2015-16,6768107,11,6,Tottenham_Hotspur,Home,105734,Christian Eriksen,christian-eriksen,M,False,,,,32.0,13.0,45.0,,,5.0,,,1.0,2.0,,,,2.0,4.0,,,,,,,,1.0,5.0,,90.0,,,,,,,,,,,7.4,,,1.0,,2.0,3.0,,1.0,,39.0,14.0,50.0,2,2.0,67.0,5.0,,2.0,
2015-16,6768107,11,6,Tottenham_Hotspur,Home,122702,Erik Lamela,erik-lamela,M,False,1.0,,1.0,20.0,11.0,30.0,2.0,,5.0,1.0,,2.0,7.0,,,2.0,14.0,6.0,,,1.0,1.0,,,,1.0,4.0,,90.0,1.0,,,,,,,,,,6.8,,,,,5.0,2.0,,2.0,1.0,25.0,11.0,34.0,3,2.0,58.0,2.0,2.0,2.0,
2015-16,6768107,11,7,Aston_Villa,Away,151124,Jordan Veretout,jordan-veretout,M,True,,,,,,,,,,,,,,,,,,,,,,,,,,,,,,,,,,,,,,,,,,,,,,,,,,,,,0,,,,,,
2015-16,6768107,11,7,Aston_Villa,Away,189061,Jack Grealish,jack-grealish,M,False,,,,10.0,6.0,16.0,2.0,,2.0,,,2.0,,,,2.0,7.0,4.0,,,2.0,,,,,2.0,,,65.0,,,,,,,,,,,6.5,,,1.0,,3.0,,,1.0,,15.0,6.0,21.0,3,2.0,35.0,1.0,1.0,1.0,
2015-16,6768107,11,6,Tottenham_Hotspur,Home,198028,Dele Alli,dele-alli,M,False,,,5.0,31.0,19.0,50.0,3.0,2.0,8.0,,,1.0,1.0,,,3.0,11.0,7.0,,,,,1.0,,,3.0,1.0,,89.0,1.0,,,,,,,,,,7.1,,,,4.0,5.0,1.0,,7.0,,41.0,20.0,60.0,2,2.0,85.0,1.0,2.0,1.0,
2015-16,6768107,11,7,Aston_Villa,Away,254895,Carles Gil,carles-gil,M,True,,,3.0,15.0,6.0,21.0,,,1.0,,,,,,,,,1.0,,,,,,,,1.0,1.0,,25.0,,,,,,,,,,,6.8,,,,,1.0,2.0,,3.0,,18.0,6.0,22.0,0,,26.0,,,1.0,
2015-16,6768107,11,6,Tottenham_Hotspur,Home,361332,Joshua Onomah,joshua-onomah,M,True,,,,2.0,,2.0,,,,,,,,,,,,1.0,,,,,,,,,,,1.0,1.0,,,,,,,,,,,,,,,1.0,1.0,,,,3.0,,2.0,1,,5.0,,,1.0,
2015-16,6768108,11,1,Manchester_United,Away,326,Bastian Schweinsteiger,bastian-schweinsteiger,M,False,,,3.0,26.0,19.0,45.0,,,5.0,,,,1.0,,,1.0,3.0,5.0,,,1.0,,,,,2.0,,,69.0,,,,,,,,,,,7.1,,,,1.0,,,,4.0,,28.0,20.0,48.0,0,3.0,61.0,2.0,2.0,,
2015-16,6768108,11,1,Manchester_United,Away,938,Michael Carrick,michael-carrick,M,True,,,,,,,,,,,,,,,,,,,,,,,,,,,,,,,,,,,,,,,,,,,,,,,,,,,,,0,,,,,,
2015-16,6768108,11,31,Crystal_Palace,Home,3574,Yohan Cabaye,yohan-cabaye,M,False,3.0,,1.0,12.0,14.0,23.0,1.0,,3.0,,1.0,,1.0,,,1.0,6.0,4.0,,,2.0,,,,,4.0,3.0,,80.0,,,,,,,,,,,6.9,,,1.0,,2.0,8.0,,5.0,,21.0,15.0,28.0,1,2.0,53.0,3.0,1.0,1.0,
2015-16,6768108,11,31,Crystal_Palace,Home,9921,Joe Ledley,joe-ledley,M,True,,,,,,,,,,,,,,,,,,,,,,,,,,,,,,,,,,,,,,,,,,,,,,,,,,,,,0,,,,,,
2015-16,6768108,11,31,Crystal_Palace,Home,19593,Jason Puncheon,jason-puncheon,M,False,,,2.0,13.0,23.0,36.0,,1.0,7.0,,,,2.0,,,,3.0,6.0,,,,,,,,,,,90.0,,,,,,,,,,,6.8,,,1.0,1.0,2.0,5.0,,4.0,,24.0,25.0,44.0,1,3.0,58.0,,1.0,1.0,
2015-16,6768108,11,1,Manchester_United,Away,27009,Morgan Schneiderlin,morgan-schneiderlin,M,False,,,5.0,33.0,27.0,60.0,1.0,3.0,6.0,,,,,,,,2.0,7.0,,,2.0,,,,,1.0,,,90.0,,,,,,,,,,,7.3,,,,3.0,,,,7.0,,37.0,31.0,68.0,0,3.0,81.0,,1.0,,
2015-16,6768108,11,1,Manchester_United,Away,28367,Juan Mata,juan-mata,M,False,1.0,,,15.0,10.0,24.0,,,3.0,,,,2.0,,,2.0,5.0,5.0,,,1.0,,,,,,,,79.0,,,,,,,,,,,6.7,,,,,2.0,3.0,,1.0,,23.0,13.0,33.0,0,1.0,46.0,1.0,2.0,2.0,
2015-16,6768108,11,31,Crystal_Palace,Home,38639,Chung-yong Lee,chung-yong-lee,M,True,,,,,,,,,,,,,,,,,,,,,,,,,,,,,,,,,,,,,,,,,,,,,,,,,,,,,0,,,,,,
2015-16,6768108,11,31,Crystal_Palace,Home,39282,James McArthur,james-mcarthur,M,False,,,4.0,17.0,27.0,44.0,,1.0,8.0,,,,1.0,,,,3.0,5.0,,,1.0,,,,,3.0,,,90.0,,,,,,,,,,,7.1,,,,,2.0,,,8.0,,30.0,28.0,58.0,0,2.0,70.0,1.0,1.0,1.0,
2015-16,6768108,11,1,Manchester_United,Away,82474,Ander Herrera,ander-herrera,M,False,,,2.0,26.0,14.0,40.0,,,8.0,,,,1.0,,,2.0,4.0,2.0,,,1.0,,,,,1.0,,,90.0,,1.0,,,,,,,,,6.6,,,1.0,2.0,,4.0,,3.0,,31.0,16.0,43.0,1,2.0,62.0,4.0,,,
2015-16,6768108,11,31,Crystal_Palace,Home,111850,Wilfried Zaha,wilfried-zaha,M,False,,,1.0,8.0,2.0,10.0,2.0,,9.0,,,,,,,3.0,18.0,9.0,,,2.0,,,,,2.0,,,90.0,,,,,,,,,,,5.7,,,,,14.0,2.0,,2.0,,12.0,3.0,13.0,0,3.0,45.0,3.0,3.0,3.0,
2015-16,6768108,11,1,Manchester_United,Away,191176,Anthony Martial,anthony-martial,M,False,,,,8.0,1.0,9.0,2.0,4.0,6.0,,,1.0,,,,3.0,11.0,9.0,,,3.0,,,,,,1.0,,90.0,,,,,,,,,,,6.4,,,,1.0,4.0,,,1.0,,18.0,2.0,20.0,1,1.0,39.0,3.0,4.0,1.0,
2015-16,6768108,11,1,Manchester_United,Away,285949,Andreas Pereira,andreas-pereira,M,True,,,,,,,,,,,,,,,,,,,,,,,,,,,,,,,,,,,,,,,,,,,,,,,,,,,,,0,,,,,,
2015-16,6768109,11,35,West_Bromwich_Albion,Home,765,Darren Fletcher,darren-fletcher,M,False,,,2.0,19.0,19.0,38.0,1.0,1.0,11.0,,,,,,,4.0,6.0,6.0,,,,,,,,,1.0,,90.0,,,,,,,,,,,6.4,,,,1.0,4.0,1.0,,8.0,,25.0,25.0,49.0,0,,64.0,1.0,2.0,3.0,
2015-16,6768109,11,35,West_Bromwich_Albion,Home,822,James Morrison,james-morrison,M,True,,,3.0,10.0,7.0,17.0,1.0,,4.0,,,,,,,,1.0,1.0,,,,,,,,1.0,,,14.0,,,,,,,,,,,6.8,,,,,,,,4.0,,14.0,7.0,21.0,0,1.0,25.0,,,,
2015-16,6768109,11,13,Leicester_City,Away,4252,Gökhan Inler,gokhan-inler,M,True,,,,,,,,,,,,,,,,,,,,,,,,,,,,,,,,,,,,,,,,,,,,,,,,,,,,,0,,,,,,
2015-16,6768109,11,35,West_Bromwich_Albion,Home,10540,Chris Brunt,chris-brunt,M,False,1.0,,3.0,5.0,9.0,13.0,1.0,2.0,5.0,,,1.0,,,,1.0,2.0,5.0,,,,,,,,2.0,,,82.0,,1.0,,,,,,,,,6.8,,,,6.0,2.0,2.0,,5.0,,12.0,13.0,23.0,1,1.0,55.0,,,2.0,
2015-16,6768109,11,13,Leicester_City,Away,14231,Nathan Dyer,nathan-dyer,M,True,,,,,1.0,1.0,,1.0,,,,,2.0,,,,3.0,1.0,,,1.0,,,,,,,,14.0,,,,1.0,,,,,,,4.2,,,,,,,,,,2.0,1.0,3.0,0,,3.0,,,,
2015-16,6768109,11,35,West_Bromwich_Albion,Home,14235,Craig Gardner,craig-gardner,M,True,,,,,,,,,,,,,,,,,,,,,,,,,,,,,,,,,,,,,,,,,,,,,,,,,,,,,0,,,,,,
2015-16,6768109,11,35,West_Bromwich_Albion,Home,16657,Stéphane Sessègnon,stephane-sessegnon,M,False,3.0,,1.0,16.0,3.0,16.0,1.0,1.0,2.0,,,,,,,4.0,6.0,7.0,,,,1.0,,,,,2.0,,90.0,2.0,,,,,,,,,,6.9,,,,,5.0,11.0,,2.0,,27.0,3.0,19.0,2,,45.0,1.0,2.0,4.0,
2015-16,6768109,11,13,Leicester_City,Away,30530,Andy King,andy-king,M,True,,,,6.0,3.0,9.0,,,2.0,,,,,,,,,3.0,,,,,,,,1.0,,,21.0,,,,,,,,,,,6.9,,,,,,,,1.0,,7.0,3.0,10.0,0,3.0,16.0,,,,
2015-16,6768109,11,35,West_Bromwich_Albion,Home,41631,James McClean,james-mcclean,M,False,3.0,,,10.0,3.0,10.0,3.0,5.0,3.0,,,1.0,1.0,,,3.0,9.0,11.0,,,2.0,,,,,,2.0,,90.0,1.0,,,,,,,,,,6.9,,,1.0,2.0,2.0,8.0,,2.0,,17.0,7.0,16.0,3,2.0,41.0,,2.0,2.0,
2015-16,6768109,11,13,Leicester_City,Away,47737,Marc Albrighton,marc-albrighton,M,False,3.0,,6.0,16.0,7.0,20.0,,2.0,6.0,1.0,,1.0,,,,,3.0,7.0,,,2.0,1.0,,,,2.0,3.0,,76.0,,,,,,,,,,,7.7,,,1.0,,1.0,13.0,,10.0,,33.0,8.0,28.0,2,3.0,57.0,1.0,2.0,,
2015-16,6768109,11,35,West_Bromwich_Albion,Home,53783,Callum McManaman,callum-mcmanaman,M,True,,,,2.0,1.0,3.0,,,,,,,,,,,,3.0,,,,,,,,,,,8.0,,,,,,,,1.0,,,7.6,,,2.0,,2.0,1.0,,,,3.0,1.0,3.0,2,,11.0,,1.0,2.0,
2015-16,6768109,11,13,Leicester_City,Away,54330,Danny Drinkwater,danny-drinkwater,M,False,1.0,,1.0,19.0,19.0,37.0,2.0,2.0,13.0,1.0,,1.0,2.0,,,,6.0,7.0,,,2.0,1.0,,,,,2.0,,88.0,,1.0,,,,,,,,,7.3,,,,,1.0,4.0,,11.0,,37.0,21.0,54.0,1,4.0,68.0,,,1.0,
2015-16,6768109,11,13,Leicester_City,Away,148710,Jeffrey Schlupp,jeffrey-schlupp,M,False,1.0,,5.0,20.0,10.0,29.0,3.0,2.0,6.0,,,,1.0,,,,4.0,5.0,,,,,,,,1.0,1.0,,90.0,,,,,,,,,,,6.7,,,,2.0,,4.0,,11.0,,27.0,13.0,36.0,0,3.0,57.0,1.0,,,
2015-16,6768109,11,35,West_Bromwich_Albion,Home,151037,Claudio Yacob,claudio-yacob,M,False,,,,6.0,8.0,14.0,1.0,1.0,3.0,,,,,,,2.0,3.0,4.0,,,,,,,,4.0,,,76.0,,,,,,,,,,,6.9,,,,2.0,1.0,1.0,,2.0,,11.0,9.0,19.0,0,1.0,35.0,,1.0,1.0,
2015-16,6768109,11,13,Leicester_City,Away,158213,Riyad Mahrez,riyad-mahrez,M,False,3.0,,4.0,21.0,8.0,26.0,6.0,1.0,10.0,1.0,,2.0,5.0,,,,14.0,5.0,,,,,2.0,,,1.0,1.0,,90.0,2.0,,,,,,,,,,8.0,,,,1.0,3.0,6.0,,6.0,,34.0,9.0,37.0,4,3.0,64.0,2.0,1.0,,
2015-16,6768109,11,13,Leicester_City,Away,234148,N'Golo Kanté,n-golo-kante,M,False,,,2.0,22.0,19.0,41.0,1.0,,13.0,,,,3.0,,,,10.0,4.0,,,5.0,,,,,1.0,,,90.0,,,,,,,,,,,6.4,,,,,1.0,,,3.0,,25.0,23.0,48.0,0,4.0,57.0,1.0,,,
2015-16,6768110,11,3,Arsenal,Away,519,Mathieu Flamini,mathieu-flamini,M,True,,,,,,,,,,,,,,,,,,,,,,,,,,,,,,,,,,,,,,,,,,,,,,,,,,,,,0,,,,,,
2015-16,6768110,11,3,Arsenal,Away,16176,Mesut Özil,mesut-ozil,M,False,2.0,,,41.0,14.0,53.0,,,6.0,2.0,,,1.0,,,2.0,3.0,2.0,,,,2.0,,,1.0,1.0,5.0,,89.0,1.0,,,,,,,,,,8.3,,,,,1.0,5.0,,,1.0,49.0,15.0,59.0,1,,74.0,3.0,1.0,1.0,
2015-16,6768110,11,3,Arsenal,Away,17651,Santi Cazorla,santi-cazorla,M,False,,,3.0,48.0,20.0,68.0,1.0,,6.0,,,,,,,,2.0,5.0,,,1.0,,,,,,,,90.0,,,,,,,,,,,7.3,,,,,3.0,3.0,,5.0,,58.0,21.0,76.0,0,2.0,85.0,,,3.0,
2015-16,6768110,11,80,Swansea_City,Home,20538,Leon Britton,leon-britton,M,True,,,,3.0,5.0,8.0,,,1.0,,,,,,,1.0,1.0,,,,,,,,,,,,5.0,,,,,,,,,,,6.3,,,,,,,,,,3.0,5.0,8.0,0,,9.0,,,,
2015-16,6768110,11,80,Swansea_City,Home,20993,Jack Cork,jack-cork,M,True,,,,,,,,,,,,,,,,,,,,,,,,,,,,,,,,,,,,,,,,,,,,,,,,,,,,,0,,,,,,
2015-16,6768110,11,80,Swansea_City,Home,30243,Neil Taylor,neil-taylor,M,False,,,2.0,15.0,20.0,35.0,2.0,1.0,4.0,,,,,,,,3.0,1.0,,,1.0,,,,,,,,90.0,,,,,,,,,,,6.1,,,,3.0,,1.0,,5.0,,22.0,22.0,43.0,0,,58.0,1.0,,,
2015-16,6768110,11,80,Swansea_City,Home,36465,Jonjo Shelvey,jonjo-shelvey,M,False,1.0,,10.0,34.0,38.0,71.0,,1.0,10.0,1.0,,,6.0,,,,6.0,3.0,,,,,,,,3.0,1.0,,90.0,,,,,,,,,,,6.9,,,1.0,,1.0,5.0,,14.0,,49.0,39.0,83.0,1,,98.0,,1.0,1.0,
2015-16,6768110,11,80,Swansea_City,Home,38642,Sung-Yueng Ki,sung-yueng-ki,M,False,,,7.0,24.0,37.0,61.0,2.0,,6.0,,,,2.0,,,1.0,9.0,4.0,,,4.0,,,,,2.0,1.0,,85.0,,,,,,,,,,,6.7,,,,1.0,1.0,,,7.0,,26.0,37.0,63.0,0,2.0,77.0,1.0,1.0,1.0,
2015-16,6768110,11,3,Arsenal,Away,40672,Francis Coquelin,francis-coquelin,M,False,,,3.0,23.0,18.0,41.0,1.0,,6.0,,,,1.0,,,1.0,4.0,3.0,,,,,,,,6.0,,,90.0,,,,,,,,,,,7.2,,,,1.0,3.0,,,3.0,,23.0,18.0,41.0,0,1.0,56.0,,,2.0,
2015-16,6768110,11,80,Swansea_City,Home,43192,Gylfi Sigurðsson,gylfi-sigursson,M,False,,,1.0,21.0,9.0,30.0,,,6.0,,,3.0,3.0,,,3.0,8.0,1.0,,,1.0,,,,,,,,90.0,1.0,,,,,,,,,,6.1,,,,1.0,1.0,,,2.0,,24.0,10.0,34.0,4,1.0,48.0,2.0,,,
2015-16,6768110,11,80,Swansea_City,Home,54686,Jefferson Montero,jefferson-montero,M,False,1.0,,,8.0,2.0,9.0,,1.0,3.0,,,,,,,3.0,4.0,8.0,,,,,,,,,2.0,,79.0,,,,,,,,,,,6.5,,,,,6.0,7.0,,1.0,1.0,17.0,2.0,12.0,0,1.0,37.0,3.0,1.0,5.0,
2015-16,6768110,11,3,Arsenal,Away,154508,Joel Campbell,joel-campbell,M,False,1.0,,,9.0,4.0,12.0,2.0,1.0,6.0,,,,1.0,,,,3.0,7.0,,,,,1.0,,,2.0,,,84.0,2.0,,,,,,,,,,8.1,,,2.0,1.0,1.0,2.0,,,,16.0,5.0,19.0,4,3.0,42.0,,2.0,1.0,
2015-16,6768110,11,80,Swansea_City,Home,209098,Modou Barrow,modou-barrow,M,True,,,,1.0,2.0,3.0,1.0,,4.0,,,,,,,1.0,3.0,2.0,,,,,,,,,,,11.0,,,,,,,,,,,6.5,,,,,2.0,1.0,,1.0,,5.0,3.0,7.0,0,1.0,12.0,,,1.0,
2015-16,6768110,11,3,Arsenal,Away,352770,Alex Iwobi,alex-iwobi,M,True,,,,2.0,,2.0,,,,,,,,,,,,,,,,,,,,,,,1.0,,,,,,,,,,,,,,,,,,,,,2.0,,2.0,0,,2.0,,,,
2015-16,6768112,11,45,Norwich_City,Away,512,Alexander Tettey,alexander-tettey,M,False,,,2.0,15.0,21.0,36.0,,1.0,4.0,,,1.0,,,,2.0,7.0,3.0,,,4.0,,,,,2.0,,,90.0,,,,,,,,,,,6.5,,,,1.0,2.0,,,4.0,,21.0,24.0,45.0,1,1.0,57.0,1.0,,1.0,
2015-16,6768112,11,45,Norwich_City,Away,9148,Graham Dorrans,graham-dorrans,M,True,,,,,,,,,,,,,,,,,,,,,,,,,,,,,,,,,,,,,,,,,,,,,,,,,,,,,0,,,,,,
2015-16,6768112,11,43,Manchester_City,Home,13630,Fernandinho,fernandinho,M,False,,,6.0,102.0,18.0,120.0,,,3.0,1.0,,,2.0,,,1.0,3.0,7.0,,,,,,,,,2.0,,90.0,,,,,,,,,,,7.5,,,,1.0,1.0,,,7.0,,107.0,18.0,125.0,0,3.0,137.0,,3.0,1.0,
2015-16,6768112,11,45,Norwich_City,Away,14336,Wesley Hoolahan,wesley-hoolahan,M,True,,,,,,,,,,,,,,,,,,,,,,,,,,,,,,,,,,,,,,,,,,,,,,,,,,,,,0,,,,,,
2015-16,6768112,11,43,Manchester_City,Home,14468,Yaya Touré,yaya-toure,M,False,,,5.0,70.0,18.0,88.0,1.0,,7.0,,,2.0,2.0,,,2.0,5.0,4.0,,,,,1.0,,,,,,89.0,2.0,,,,,,,,,,8.0,,,1.0,,1.0,1.0,,9.0,,79.0,20.0,98.0,5,2.0,117.0,2.0,1.0,1.0,
2015-16,6768112,11,45,Norwich_City,Away,18712,Youssouf Mulumbu,youssouf-mulumbu,M,False,,,,9.0,19.0,28.0,2.0,1.0,7.0,,,,1.0,,,1.0,4.0,8.0,,,,,,,,2.0,,,70.0,,,,,,,,,,,7.2,,,,,1.0,,,,,10.0,20.0,30.0,0,6.0,40.0,,,1.0,
2015-16,6768112,11,45,Norwich_City,Away,20095,Matt Jarvis,matt-jarvis,M,False,2.0,,,6.0,1.0,5.0,,,1.0,,,,1.0,,,,3.0,,,,,,,,,,2.0,,45.0,1.0,,,,,,,,,,6.6,,,,,2.0,2.0,,,,6.0,1.0,5.0,1,,10.0,,,,
2015-16,6768112,11,45,Norwich_City,Away,29691,Gary O'Neil,gary-oneil,M,True,,,,4.0,4.0,8.0,,,1.0,,,,,,,,1.0,2.0,,,1.0,,,,,,,,20.0,,1.0,,,,,,,,,6.5,,,,,,,,1.0,,5.0,4.0,9.0,0,1.0,13.0,1.0,1.0,,
2015-16,6768112,11,43,Manchester_City,Home,41837,Fernando,fernando-reges,M,True,,,1.0,24.0,5.0,29.0,,,4.0,,,,,,,,1.0,1.0,,,1.0,,,,,,,,17.0,,,,,,,,,,,6.7,,,,2.0,,,,1.0,,24.0,6.0,30.0,0,1.0,34.0,1.0,,,
2015-16,6768112,11,43,Manchester_City,Home,70996,Kevin De Bruyne,kevin-de-bruyne,M,False,4.0,,,32.0,5.0,33.0,1.0,2.0,4.0,,,,,,,2.0,5.0,6.0,,,1.0,1.0,,,,,4.0,,73.0,,,,,,,,,,,7.4,,,1.0,1.0,3.0,8.0,,1.0,2.0,46.0,5.0,43.0,1,,65.0,3.0,2.0,2.0,
2015-16,6768112,11,45,Norwich_City,Away,115346,Nathan Redmond,nathan-redmond,M,True,,,2.0,9.0,5.0,14.0,1.0,,4.0,,,,1.0,,,,4.0,1.0,,,1.0,,,,,,,,45.0,,,,,,,,,,,6.3,,,,,2.0,1.0,,2.0,,13.0,5.0,17.0,0,,23.0,,,1.0,
2015-16,6768112,11,45,Norwich_City,Away,267621,Robbie Brady,robbie-brady,M,False,,,3.0,10.0,6.0,16.0,2.0,,3.0,,,,1.0,,,,6.0,4.0,,,2.0,,,,,3.0,1.0,,90.0,,,,1.0,,,,,,,5.9,,,,1.0,4.0,8.0,,7.0,,29.0,7.0,28.0,0,1.0,59.0,2.0,,3.0,
2015-16,6768112,11,43,Manchester_City,Home,361326,Patrick Roberts,patrick-roberts,M,True,,,,,,,,,,,,,,,,,,,,,,,,,,,,,,,,,,,,,,,,,,,,,,,,,,,,,0,,,,,,
2015-16,6768112,11,43,Manchester_City,Home,792317,Manu García,manu-garcia,M,True,,,,,,,,,,,,,,,,,,,,,,,,,,,,,,,,,,,,,,,,,,,,,,,,,,,,,0,,,,,,
2015-16,6768113,11,110,Stoke_City,Away,2525,Ibrahim Afellay,ibrahim-afellay,M,True,,,1.0,13.0,2.0,15.0,1.0,,2.0,1.0,,,,,,,2.0,1.0,,,,,,,,,1.0,,30.0,,,,,,,,,,,6.9,,,1.0,,1.0,,,1.0,,13.0,2.0,15.0,1,1.0,18.0,,,,
2015-16,6768113,11,110,Stoke_City,Away,9104,Marc Wilson,marc-wilson,M,True,,,,,,,,,,,,,,,,,,,,,,,,,,,,,,,,,,,,,,,,,,,,,,,,,,,,,0,,,,,,
2015-16,6768113,11,110,Stoke_City,Away,9360,Charlie Adam,charlie-adam,M,False,1.0,,6.0,22.0,15.0,36.0,1.0,,5.0,1.0,,,2.0,,,,5.0,3.0,,,1.0,,,,,,1.0,,90.0,,,,,,,,,,,7.1,,,2.0,,2.0,1.0,,9.0,,29.0,16.0,44.0,2,,55.0,,2.0,1.0,
2015-16,6768113,11,110,Stoke_City,Away,9682,Stephen Ireland,stephen-ireland,M,True,,,,,,,,,,,,,,,,,,,,,,,,,,,,,,,,,,,,,,,,,,,,,,,,,,,,,0,,,,,,
2015-16,6768113,11,4,Newcastle_United,Home,10438,Cheik Tiote,cheik-tiote,M,False,,,1.0,23.0,22.0,45.0,1.0,1.0,8.0,,,,,,,,2.0,5.0,,,,,,,,1.0,,,71.0,,,,,,,,,,,7.1,,,,1.0,2.0,,,2.0,,26.0,22.0,48.0,0,3.0,57.0,1.0,,1.0,
2015-16,6768113,11,110,Stoke_City,Away,10535,Glenn Whelan,glenn-whelan,M,False,,,2.0,22.0,21.0,43.0,2.0,1.0,12.0,,,,1.0,,,,4.0,6.0,,,1.0,,,,,,1.0,,90.0,,,,,,,,,,,7.1,,,,3.0,1.0,,,6.0,,28.0,23.0,51.0,0,3.0,61.0,1.0,1.0,1.0,
2015-16,6768113,11,4,Newcastle_United,Home,15007,Vurnon Anita,vurnon-anita,M,False,,,1.0,18.0,20.0,38.0,1.0,1.0,4.0,,,,1.0,,,,3.0,4.0,,,1.0,,,,,2.0,,,90.0,,1.0,,,,,,,,,6.8,,,,,1.0,3.0,,2.0,,26.0,24.0,47.0,0,1.0,62.0,1.0,1.0,1.0,
2015-16,6768113,11,4,Newcastle_United,Home,22126,Georginio Wijnaldum,georginio-wijnaldum,M,False,,,2.0,23.0,9.0,32.0,1.0,1.0,6.0,1.0,,1.0,,,,2.0,4.0,4.0,,,,,,,,2.0,4.0,,90.0,1.0,,,,,,,,,,7.6,,,,,1.0,1.0,,3.0,1.0,29.0,10.0,38.0,2,1.0,50.0,,2.0,,
2015-16,6768113,11,4,Newcastle_United,Home,26982,Yoan Gouffran,yoan-gouffran,M,True,,,,,,,,,,,,,,,,,,,,,,,,,,,,,,,,,,,,,,,,,,,,,,,,,,,,,0,,,,,,
2015-16,6768113,11,4,Newcastle_United,Home,27014,Moussa Sissoko,moussa-sissoko,M,False,1.0,,1.0,28.0,10.0,37.0,,1.0,6.0,,1.0,,1.0,,,1.0,6.0,5.0,,,2.0,,,,,1.0,1.0,,90.0,2.0,,,,,,,,,,6.9,,,,1.0,4.0,2.0,,3.0,,32.0,11.0,41.0,2,2.0,59.0,1.0,,2.0,
2015-16,6768113,11,4,Newcastle_United,Home,30262,Siem de Jong,siem-de-jong,M,True,,,,3.0,3.0,6.0,,1.0,1.0,,,,,,,,1.0,3.0,,,1.0,,,,,,1.0,,19.0,,,,,,,,,,,6.7,,,,,,,,,,4.0,3.0,7.0,0,,9.0,,2.0,,
2015-16,6768113,11,110,Stoke_City,Away,65953,Xherdan Shaqiri,xherdan-shaqiri,M,False,2.0,,,23.0,10.0,31.0,,,6.0,,,,1.0,,,,4.0,3.0,,,,,,,,1.0,2.0,,89.0,,,,,,,,,,,6.8,,,,,5.0,6.0,,,1.0,29.0,10.0,33.0,0,1.0,50.0,2.0,,2.0,
2015-16,6768115,11,20,Southampton,Home,559,Steven Davis,steven-davis,M,False,2.0,,1.0,20.0,10.0,28.0,2.0,,3.0,,,,1.0,,,1.0,4.0,4.0,,,,,1.0,,,,2.0,,90.0,1.0,,,,,,,,,,7.8,,,,2.0,,2.0,,1.0,,20.0,11.0,29.0,1,4.0,44.0,2.0,,,
2015-16,6768115,11,91,Bournemouth,Away,11764,Marc Pugh,marc-pugh,M,False,,,,5.0,3.0,8.0,1.0,1.0,1.0,,,,,,,2.0,4.0,1.0,,,,,,,,1.0,,,45.0,,,,,,,,,,,6.1,,,,2.0,1.0,,,1.0,,8.0,6.0,14.0,0,,20.0,,,,
2015-16,6768115,11,91,Bournemouth,Away,14695,Andrew Surman,andrew-surman,M,False,,,4.0,29.0,24.0,53.0,,,5.0,,,,,,,1.0,1.0,,,,,,,,,3.0,1.0,,90.0,,,,,,,,,,,6.8,,,,1.0,,,,7.0,,38.0,25.0,63.0,0,,69.0,,,,
2015-16,6768115,11,91,Bournemouth,Away,39121,Harry Arter,harry-arter,M,False,1.0,,3.0,23.0,15.0,37.0,,,4.0,,,,,,,3.0,5.0,4.0,,,1.0,,,,,,1.0,,73.0,,,,,,,,,,,6.9,,,1.0,,3.0,1.0,,3.0,,31.0,15.0,45.0,1,1.0,58.0,1.0,1.0,2.0,
2015-16,6768115,11,91,Bournemouth,Away,42699,Matt Ritchie,matt-ritchie,M,False,,,5.0,17.0,20.0,37.0,,1.0,9.0,,,1.0,1.0,,,1.0,4.0,3.0,,,,,,,,2.0,,,90.0,,,,,,,,,,,6.8,,,1.0,2.0,2.0,,,7.0,,23.0,25.0,48.0,2,2.0,61.0,1.0,,,
2015-16,6768115,11,20,Southampton,Home,44760,Cédric Soares,cedric-soares,M,False,1.0,,6.0,15.0,15.0,29.0,,1.0,9.0,,,,,,,,2.0,6.0,,,,,,,,4.0,,,90.0,,1.0,,,,,,,,,7.6,,,,6.0,2.0,4.0,,9.0,,25.0,18.0,39.0,0,4.0,81.0,1.0,1.0,,
2015-16,6768115,11,91,Bournemouth,Away,44823,Junior Stanislas,junior-stanislas,M,True,2.0,,3.0,21.0,6.0,25.0,,,2.0,,,2.0,,,,3.0,4.0,2.0,,,1.0,,,,,,3.0,,45.0,,,,,,,,,,,7.2,,,2.0,,,5.0,,3.0,1.0,27.0,6.0,28.0,4,2.0,50.0,4.0,,,
2015-16,6768115,11,20,Southampton,Home,45956,Victor Wanyama,victor-wanyama,M,False,,,3.0,14.0,29.0,43.0,,3.0,5.0,,,,1.0,,,1.0,5.0,8.0,,,3.0,,,,,5.0,,,78.0,,,,,,,,,,,7.2,,,1.0,3.0,3.0,,,3.0,,17.0,31.0,48.0,1,2.0,64.0,1.0,,3.0,
2015-16,6768115,11,91,Bournemouth,Away,46738,Lee Tomlin,lee-tomlin,M,True,,,,10.0,1.0,11.0,1.0,,,,,,,,,,1.0,1.0,,,,,,,,,,,17.0,1.0,,,,,,,,,,6.8,,,,,,,,,,11.0,1.0,12.0,1,,15.0,,1.0,,
2015-16,6768115,11,20,Southampton,Home,69416,Oriol Romeu,oriol-romeu,M,True,,,,3.0,2.0,5.0,,,2.0,,,,,,,,,1.0,,,,,,,,2.0,,,19.0,,,,,,,,,,,6.8,,,,,,,,,,3.0,2.0,5.0,0,1.0,8.0,,,,
2015-16,6768115,11,20,Southampton,Home,116946,Jordy Clasie,jordy-clasie,M,False,,,4.0,12.0,31.0,43.0,2.0,,3.0,,,1.0,1.0,,,,3.0,2.0,,,,,,,,,,,71.0,,,,,,,,,,,6.9,,,,,,,,4.0,,15.0,32.0,47.0,1,1.0,53.0,1.0,1.0,,
2015-16,6768115,11,20,Southampton,Home,135590,Gastón Ramírez,gaston-ramirez,M,True,,,,,,,,,,,,,,,,,,,,,,,,,,,,,,,,,,,,,,,,,,,,,,,,,,,,,0,,,,,,
2015-16,6768115,11,20,Southampton,Home,161717,James Ward-Prowse,james-ward-prowse,M,True,,,,,1.0,1.0,,,,,,,,,,,,,,,,,,,,,,,10.0,,,,,,,,,,,6.5,,,,1.0,,,,,,,1.0,1.0,0,,2.0,,,,
2015-16,6768115,11,20,Southampton,Home,217704,Sadio Mané,sadio-mane,M,False,,,1.0,17.0,14.0,31.0,1.0,1.0,8.0,,,1.0,1.0,,,1.0,8.0,5.0,,,,,,,,,,,90.0,,,,,,,,,,,6.3,,,1.0,,5.0,3.0,,1.0,,25.0,15.0,37.0,2,3.0,61.0,5.0,1.0,,
2015-16,6768118,11,57,Watford,Home,642,Ben Watson,ben-watson,M,False,5.0,,4.0,27.0,14.0,36.0,1.0,1.0,4.0,1.0,,,3.0,,,,5.0,1.0,,,1.0,,,,,2.0,3.0,,90.0,,,,,,,,,,,7.1,,,,2.0,,10.0,,8.0,,45.0,15.0,50.0,0,,65.0,,,,
2015-16,6768118,11,57,Watford,Home,4366,Almen Abdi,almen-abdi,M,False,,,3.0,19.0,12.0,31.0,2.0,,9.0,,,1.0,1.0,,,,4.0,4.0,,,1.0,,,,,2.0,,,76.0,,,,,,,,,,,7.3,,,1.0,,,,,4.0,,27.0,12.0,39.0,2,3.0,54.0,4.0,1.0,,
2015-16,6768118,11,21,West_Ham_United,Away,9741,Mark Noble,mark-noble,M,False,,,2.0,11.0,14.0,25.0,,2.0,3.0,,,,,,,1.0,3.0,3.0,,,2.0,,,,,1.0,,,76.0,,,,,,,,,,,6.5,,,,,,,,3.0,,17.0,14.0,31.0,0,1.0,39.0,1.0,,,
2015-16,6768118,11,57,Watford,Home,11654,Valon Behrami,valon-behrami,M,True,,,,6.0,6.0,12.0,,,3.0,,,,1.0,,,,4.0,,,,2.0,,,,,,,,14.0,,,,,,,,,,,6.2,,,,,1.0,,,,,9.0,6.0,15.0,0,,16.0,,,,
2015-16,6768118,11,21,West_Ham_United,Away,13175,Joey O'Brien,joey-obrien,M,True,,,,,,,,,,,,,,,,,,,,,,,,,,,,,,,,,,,,,,,,,,,,,,,,,,,,,0,,,,,,
2015-16,6768118,11,21,West_Ham_United,Away,14216,Dimitri Payet,dimitri-payet,M,False,3.0,,5.0,21.0,6.0,24.0,,,3.0,,,,,,,,,3.0,,,,,,,,,3.0,,90.0,1.0,,,,,,,,,,7.5,,,2.0,1.0,1.0,7.0,,8.0,,32.0,7.0,32.0,3,,50.0,2.0,2.0,1.0,
2015-16,6768118,11,57,Watford,Home,16701,Étienne Capoue,etienne-capoue,M,False,,,3.0,35.0,18.0,53.0,1.0,,9.0,,,1.0,,,,2.0,5.0,8.0,,,1.0,,,,,,2.0,,90.0,,,,,,,,,,,7.4,,,,1.0,5.0,,,5.0,,43.0,18.0,61.0,1,1.0,80.0,1.0,3.0,4.0,
2015-16,6768118,11,57,Watford,Home,20364,Ikechi Anya,ikechi-anya,M,False,1.0,,1.0,11.0,3.0,13.0,3.0,,5.0,,,1.0,,,,,4.0,1.0,,,,,,,,,2.0,,68.0,,,,,,,,,,,6.7,,,,,1.0,4.0,,1.0,,14.0,3.0,13.0,1,,23.0,,1.0,,
2015-16,6768118,11,57,Watford,Home,27803,Alessandro Diamanti,alessandro-diamanti,M,True,,,,,,,,,,,,,,,,,,,,,,,,,,,,,,,,,,,,,,,,,,,,,,,,,,,,,0,,,,,,
2015-16,6768118,11,21,West_Ham_United,Away,45944,Cheikhou Kouyaté,cheikhou-kouyate,M,False,,,2.0,18.0,34.0,52.0,1.0,5.0,8.0,,,,3.0,,,1.0,7.0,8.0,,,1.0,,,,,1.0,1.0,,90.0,1.0,1.0,,,,,,,,,6.8,,,,4.0,2.0,,,2.0,,20.0,36.0,56.0,1,2.0,69.0,,,1.0,
2015-16,6768118,11,57,Watford,Home,45989,Adlène Guédioura,adlene-guedioura,M,True,,,,1.0,1.0,2.0,,,,,,,1.0,,,,1.0,1.0,,,,,,,,,,,4.0,,,,,,,,,,,6.3,,,,,,,,,,3.0,1.0,4.0,0,,5.0,,1.0,,
2015-16,6768118,11,57,Watford,Home,47668,Juan Carlos Paredes,juan-carlos-paredes,M,True,1.0,,1.0,6.0,1.0,6.0,2.0,,1.0,,,,,,,,3.0,1.0,,,1.0,,,,,,1.0,,22.0,,,,,,,,,,,6.8,,,1.0,,1.0,2.0,,1.0,,10.0,1.0,9.0,1,,16.0,,,1.0,
2015-16,6768118,11,21,West_Ham_United,Away,220315,Manuel Lanzini,manuel-lanzini,M,False,,,1.0,6.0,12.0,18.0,1.0,,2.0,,,,,,,,2.0,1.0,,,,,,,,,,,45.0,,,,,,,,,,,6.5,,,,,2.0,,,2.0,,8.0,13.0,21.0,0,,24.0,,,1.0,
2015-16,6768114,12,7,Aston_Villa,Home,764,Kieran Richardson,kieran-richardson,M,True,,,,,,,,,,,,,,,,,,,,,,,,,,,,,,,,,,,,,,,,,,,,,,,,,,,,,0,,,,,,
2015-16,6768114,12,7,Aston_Villa,Home,789,Charles N'Zogbia,charles-nzogbia,M,True,,,,5.0,,5.0,,,,,,,,,,,,1.0,,,,,,,,,,,25.0,,,,,,,,,,,6.4,,,,,1.0,4.0,,,,9.0,,5.0,0,,11.0,1.0,,1.0,
2015-16,6768114,12,43,Manchester_City,Away,13630,Fernandinho,fernandinho,M,False,,,3.0,21.0,6.0,27.0,2.0,2.0,3.0,,,,2.0,,,1.0,6.0,3.0,,,1.0,,,,,2.0,1.0,,90.0,,,,,,,,,,,6.4,,,,,,1.0,,4.0,,28.0,6.0,33.0,0,,41.0,1.0,1.0,,
2015-16,6768114,12,43,Manchester_City,Away,14468,Yaya Touré,yaya-toure,M,False,,,4.0,23.0,17.0,40.0,,,3.0,,,,3.0,,,,4.0,,,,1.0,,,,,,,,78.0,,,,,,,,,,,6.5,,,1.0,,,1.0,,4.0,,30.0,17.0,46.0,1,,50.0,2.0,,,
2015-16,6768114,12,43,Manchester_City,Away,24048,Fabian Delph,fabian-delph,M,True,,,,2.0,,2.0,,,,,,,,,,1.0,1.0,,,,,,,,,,,,12.0,,,,,,,,,,,6.5,,,1.0,,,,,,,2.0,,2.0,1,,4.0,,,,
2015-16,6768114,12,7,Aston_Villa,Home,24055,Scott Sinclair,scott-sinclair,M,False,,,,9.0,5.0,14.0,1.0,,3.0,,,,,,,1.0,6.0,3.0,,,1.0,,,,,2.0,,,72.0,,,,,,,,,,,6.5,,,,,5.0,,,,,12.0,6.0,18.0,0,1.0,29.0,1.0,,2.0,
2015-16,6768114,12,43,Manchester_City,Away,41837,Fernando,fernando-reges,M,False,,,5.0,26.0,20.0,46.0,1.0,2.0,5.0,,1.0,,3.0,,,,4.0,6.0,,,,,,,1.0,2.0,,,90.0,,,,,,,,,,,7.1,,,2.0,3.0,,,,6.0,,28.0,21.0,49.0,2,4.0,63.0,1.0,,,
2015-16,6768114,12,43,Manchester_City,Away,70996,Kevin De Bruyne,kevin-de-bruyne,M,False,3.0,,1.0,28.0,6.0,31.0,2.0,,3.0,,1.0,,4.0,,,,7.0,1.0,,,1.0,,,,,,3.0,,90.0,,,,,,,,,,,6.2,,,,,,8.0,,1.0,1.0,40.0,6.0,38.0,0,,51.0,3.0,1.0,,
2015-16,6768114,12,7,Aston_Villa,Home,74545,Leandro Bacuna,leandro-bacuna,M,True,,,,2.0,,2.0,1.0,,1.0,,,,1.0,,,,3.0,1.0,,,1.0,,,,,,,,18.0,,1.0,,,,,,,,,6.4,,,,,,,,,,2.0,,2.0,0,1.0,8.0,1.0,,,
2015-16,6768114,12,7,Aston_Villa,Home,106337,Idrissa Gana Gueye,idrissa-gana-gueye,M,False,,,1.0,21.0,16.0,37.0,1.0,,8.0,,,,1.0,,,3.0,6.0,4.0,,,1.0,,,,,1.0,,,90.0,,,,,,,,,,,6.7,,,1.0,2.0,2.0,,,4.0,,25.0,20.0,45.0,1,1.0,60.0,2.0,1.0,2.0,
2015-16,6768114,12,7,Aston_Villa,Home,151124,Jordan Veretout,jordan-veretout,M,False,1.0,,1.0,34.0,19.0,52.0,1.0,,2.0,,,,,,,,3.0,2.0,,,,,,,,,1.0,,90.0,,,,,,,,,,,6.7,,,,,3.0,3.0,,4.0,,46.0,20.0,63.0,0,1.0,73.0,1.0,,1.0,
2015-16,6768114,12,7,Aston_Villa,Home,189061,Jack Grealish,jack-grealish,M,True,,,,,,,,,,,,,,,,,,,,,,,,,,,,,,,,,,,,,,,,,,,,,,,,,,,,,0,,,,,,
2015-16,6768114,12,7,Aston_Villa,Home,254895,Carles Gil,carles-gil,M,False,,,2.0,35.0,9.0,44.0,1.0,,4.0,,,,1.0,,,,3.0,8.0,,,,,,,,,1.0,,65.0,,,,,,,,,,,7.3,,,1.0,1.0,4.0,,,3.0,1.0,36.0,10.0,46.0,1,1.0,59.0,2.0,4.0,3.0,
2015-16,6768116,12,3,Arsenal,Home,519,Mathieu Flamini,mathieu-flamini,M,True,,,1.0,5.0,6.0,11.0,2.0,1.0,,,,,,,,,3.0,4.0,,,2.0,,,,,,,,45.0,,,,,,,,,,,6.8,,,,1.0,,1.0,,1.0,,12.0,6.0,17.0,0,3.0,33.0,,,,
2015-16,6768116,12,3,Arsenal,Home,1152,Mikel Arteta,mikel-arteta,M,True,,,,5.0,3.0,8.0,,2.0,1.0,,,,,,,,,2.0,,,,,,,,,,,13.0,,1.0,,,,,,,,,6.6,,,,,,,,,,6.0,4.0,10.0,0,,11.0,,,,
2015-16,6768116,12,6,Tottenham_Hotspur,Away,9865,Mousa Dembélé,mousa-dembele,M,False,1.0,,,24.0,14.0,37.0,3.0,2.0,9.0,,,1.0,,,,4.0,11.0,14.0,,,4.0,,,,,2.0,1.0,,90.0,,,,,,,,,,,7.8,,,,,5.0,1.0,,,,29.0,14.0,42.0,1,7.0,66.0,,1.0,5.0,
2015-16,6768116,12,3,Arsenal,Home,16176,Mesut Özil,mesut-ozil,M,False,6.0,,1.0,39.0,11.0,44.0,,,5.0,3.0,,,3.0,,,2.0,9.0,8.0,,,1.0,1.0,,,,,7.0,,90.0,,,,,,,,,,,7.8,,,,1.0,4.0,14.0,,2.0,,54.0,14.0,54.0,0,2.0,85.0,1.0,5.0,1.0,
2015-16,6768116,12,3,Arsenal,Home,17651,Santi Cazorla,santi-cazorla,M,False,,,3.0,12.0,12.0,24.0,,,2.0,,,,2.0,,,1.0,3.0,3.0,,,,,,,,,,,45.0,,,,,,,,,,,6.6,,,,2.0,1.0,,,3.0,,16.0,13.0,29.0,0,1.0,36.0,1.0,1.0,1.0,
2015-16,6768116,12,3,Arsenal,Home,40672,Francis Coquelin,francis-coquelin,M,False,,,2.0,13.0,15.0,28.0,1.0,1.0,9.0,,,,2.0,,,,3.0,10.0,,,,,,,,2.0,,,90.0,,,,,,,,,,,7.5,,,,,1.0,,,3.0,,18.0,17.0,35.0,0,6.0,46.0,,2.0,1.0,
2015-16,6768116,12,6,Tottenham_Hotspur,Away,44567,Ryan Mason,ryan-mason,M,True,,,,,1.0,1.0,,,,,,,,,,,1.0,,,,1.0,,,,,1.0,,,8.0,,,,,,,,,,,6.5,,,,1.0,,,,2.0,,,3.0,3.0,0,,6.0,,,,
2015-16,6768116,12,6,Tottenham_Hotspur,Away,105734,Christian Eriksen,christian-eriksen,M,False,,,3.0,31.0,8.0,39.0,1.0,2.0,4.0,,,1.0,1.0,,,4.0,8.0,3.0,,,,,,,,2.0,3.0,,89.0,1.0,,,,,,,,,,6.7,,,1.0,2.0,2.0,3.0,,4.0,,38.0,10.0,45.0,3,1.0,68.0,,,,
2015-16,6768116,12,6,Tottenham_Hotspur,Away,122702,Erik Lamela,erik-lamela,M,False,1.0,,,12.0,3.0,14.0,,,8.0,,,,2.0,,,4.0,10.0,10.0,,,2.0,,,,,,2.0,,75.0,,,,,,,,,,,7.1,,,,,4.0,1.0,,,1.0,14.0,5.0,18.0,0,8.0,40.0,,,2.0,
2015-16,6768116,12,3,Arsenal,Home,154508,Joel Campbell,joel-campbell,M,False,,,2.0,15.0,3.0,18.0,2.0,,4.0,1.0,,,1.0,,,1.0,5.0,4.0,,,,,,,,1.0,1.0,,74.0,1.0,,,,,,,,,,6.8,,,,,1.0,1.0,,3.0,,22.0,4.0,25.0,1,1.0,40.0,3.0,3.0,,
2015-16,6768116,12,6,Tottenham_Hotspur,Away,198028,Dele Alli,dele-alli,M,False,,,,13.0,5.0,18.0,,,7.0,,,,,,,3.0,13.0,8.0,,,3.0,,,,,2.0,,,82.0,,,,,,,,,,,6.1,,,1.0,,11.0,1.0,,4.0,1.0,21.0,7.0,27.0,1,1.0,57.0,3.0,3.0,4.0,
2015-16,6768116,12,3,Arsenal,Home,352770,Alex Iwobi,alex-iwobi,M,True,,,,,,,,,,,,,,,,,,,,,,,,,,,,,,,,,,,,,,,,,,,,,,,,,,,,,0,,,,,,
2015-16,6768116,12,6,Tottenham_Hotspur,Away,361332,Joshua Onomah,joshua-onomah,M,True,,,,,,,,,,,,,,,,,,,,,1.0,,,,,,,,1.0,,,,,,,,,,,,,,,,,,,,,1.0,1.0,2.0,0,,2.0,,,,
2015-16,6768116,12,6,Tottenham_Hotspur,Away,801460,Tom Carroll,carroll-tom,M,True,,,,,,,,,,,,,,,,,,,,,,,,,,,,,,,,,,,,,,,,,,,,,,,,,,,,,0,,,,,,
2015-16,6768119,12,31,Crystal_Palace,Away,3574,Yohan Cabaye,yohan-cabaye,M,False,1.0,,5.0,12.0,15.0,26.0,1.0,,9.0,,,1.0,1.0,,,,2.0,6.0,,,,,,,,5.0,1.0,,87.0,,1.0,,,,,,,,,7.9,,,2.0,,,4.0,,8.0,,20.0,20.0,36.0,3,6.0,60.0,1.0,,,
2015-16,6768119,12,31,Crystal_Palace,Away,9921,Joe Ledley,joe-ledley,M,True,,,,2.0,,2.0,,,2.0,,,,,,,,,1.0,,,,,,,,2.0,,,11.0,,,,,,,,,,,6.8,,,,1.0,,,,2.0,,3.0,2.0,5.0,0,,9.0,,1.0,,
2015-16,6768119,12,14,Liverpool,Home,17054,Adam Lallana,adam-lallana,M,False,1.0,,,26.0,8.0,33.0,2.0,,5.0,1.0,,1.0,1.0,,,2.0,8.0,4.0,,,1.0,1.0,,,,1.0,2.0,,90.0,,,,,,,,,,,7.1,,,2.0,,5.0,5.0,,,,33.0,8.0,36.0,3,,59.0,3.0,1.0,3.0,
2015-16,6768119,12,31,Crystal_Palace,Away,19593,Jason Puncheon,jason-puncheon,M,False,1.0,,3.0,13.0,11.0,23.0,,,10.0,,,,6.0,,,3.0,11.0,5.0,,,1.0,,,,,,,,79.0,1.0,1.0,,,,,,,,,6.1,,,1.0,1.0,3.0,3.0,,9.0,,25.0,14.0,36.0,2,3.0,56.0,1.0,,2.0,
2015-16,6768119,12,14,Liverpool,Home,20602,Joe Allen,joe-allen,M,True,,,,,,,,,,,,,,,,,,,,,,,,,,,,,,,,,,,,,,,,,,,,,,,,,,,,,0,,,,,,
2015-16,6768119,12,14,Liverpool,Home,27234,Lucas Leiva,lucas-leiva,M,False,,,6.0,31.0,30.0,61.0,1.0,3.0,6.0,,,1.0,2.0,,,1.0,4.0,6.0,,,,,,,,1.0,2.0,,90.0,,,,,,,,,,,7.1,,,,,,,,7.0,,37.0,32.0,69.0,1,3.0,76.0,,,,
2015-16,6768119,12,31,Crystal_Palace,Away,38130,Jordon Mutch,jordon-mutch,M,True,,,1.0,2.0,,2.0,1.0,,1.0,,,,1.0,,,,2.0,1.0,,,,,,,,1.0,,,3.0,,,,,,,,,,,6.6,,,,,,,,1.0,,3.0,,3.0,0,1.0,5.0,,,,
2015-16,6768119,12,31,Crystal_Palace,Away,39282,James McArthur,james-mcarthur,M,False,,,4.0,12.0,14.0,26.0,1.0,,7.0,,,,4.0,,,2.0,7.0,2.0,,,,,,,,4.0,1.0,,90.0,,1.0,,,,,,,,,6.5,,,,1.0,,,,6.0,,16.0,16.0,32.0,0,2.0,47.0,1.0,,,
2015-16,6768119,12,31,Crystal_Palace,Away,84686,Pape Souaré,pape-souare,M,False,,,3.0,7.0,11.0,18.0,,,3.0,,,,,,,2.0,3.0,3.0,,,1.0,,,,,3.0,1.0,,90.0,,,,,,,,,,,6.7,,,,5.0,1.0,3.0,,6.0,,15.0,11.0,23.0,0,2.0,58.0,2.0,,1.0,
2015-16,6768119,12,14,Liverpool,Home,97006,João Carlos Teixeira,joao-carlos-teixeira,M,True,,,,,,,,,,,,,,,,,,,,,,,,,,,,,,,,,,,,,,,,,,,,,,,,,,,,,0,,,,,,
2015-16,6768119,12,31,Crystal_Palace,Away,111850,Wilfried Zaha,wilfried-zaha,M,False,1.0,,,7.0,4.0,10.0,,1.0,7.0,1.0,,,2.0,,,4.0,14.0,15.0,,,1.0,,,,,,2.0,,90.0,,,,,,,,,,,6.7,,,,,16.0,2.0,,1.0,,10.0,6.0,14.0,0,3.0,49.0,1.0,2.0,9.0,
2015-16,6768119,12,14,Liverpool,Home,119159,Philippe Coutinho,philippe-coutinho,M,False,1.0,,5.0,32.0,5.0,36.0,1.0,,5.0,,,2.0,2.0,,,3.0,7.0,6.0,,,,,1.0,,,1.0,4.0,,90.0,2.0,,,,,,,,,,8.1,,,1.0,,7.0,2.0,,5.0,,41.0,7.0,46.0,5,,67.0,3.0,,6.0,
2015-16,6768119,12,14,Liverpool,Home,143697,Roberto Firmino,roberto-firmino,M,True,,,,6.0,2.0,8.0,,,2.0,,,1.0,,,,2.0,2.0,1.0,,,,,,,,,,,25.0,,,,,,,,,,,6.5,,,,1.0,,1.0,,1.0,1.0,8.0,4.0,11.0,1,1.0,20.0,,,,
2015-16,6768119,12,14,Liverpool,Home,185955,Jordon Ibe,jordon-ibe,M,False,1.0,,,25.0,7.0,31.0,,,9.0,,,2.0,2.0,,,4.0,9.0,6.0,,,,,,,,,3.0,,87.0,,,,,,,,,,,6.4,,,1.0,,6.0,8.0,,1.0,,36.0,8.0,36.0,3,1.0,65.0,2.0,2.0,3.0,
2015-16,6768119,12,14,Liverpool,Home,372522,Cameron Brannagan,cameron-brannagan,M,True,,,,,,,,,,,,,,,,,,,,,,,,,,,,,,,,,,,,,,,,,,,,,,,,,,,,,0,,,,,,
2015-16,6768120,12,57,Watford,Away,642,Ben Watson,ben-watson,M,False,1.0,,1.0,23.0,40.0,62.0,2.0,,8.0,,,,,,,,3.0,1.0,,,2.0,,,,,2.0,,,90.0,,,,,,,,,,,6.6,,,,,,2.0,,3.0,,32.0,44.0,74.0,0,,83.0,2.0,1.0,,
2015-16,6768120,12,13,Leicester_City,Home,4252,Gökhan Inler,gokhan-inler,M,True,,,,,,,,,,,,,,,,,,,,,,,,,,,,,,,,,,,,,,,,,,,,,,,,,,,,,0,,,,,,
2015-16,6768120,12,57,Watford,Away,4366,Almen Abdi,almen-abdi,M,False,,,5.0,30.0,26.0,56.0,1.0,3.0,7.0,,,,4.0,,,1.0,7.0,6.0,,,1.0,,,,,2.0,,,90.0,1.0,,,,,,,,,,6.7,,,1.0,3.0,1.0,1.0,,6.0,,36.0,32.0,67.0,2,1.0,85.0,1.0,2.0,1.0,
2015-16,6768120,12,57,Watford,Away,11654,Valon Behrami,valon-behrami,M,True,,,,,,,,,,,,,,,,,,,,,,,,,,,,,,,,,,,,,,,,,,,,,,,,,,,,,0,,,,,,
2015-16,6768120,12,13,Leicester_City,Home,14231,Nathan Dyer,nathan-dyer,M,True,,,1.0,5.0,2.0,7.0,,,2.0,,,,,,,,1.0,,,,,,,,,,,,6.0,,,,,,,,,,,6.3,,,,,1.0,,,1.0,,6.0,2.0,8.0,0,,9.0,,,,
2015-16,6768120,12,57,Watford,Away,16701,Étienne Capoue,etienne-capoue,M,False,,,5.0,24.0,21.0,45.0,,1.0,9.0,,,,,,,,1.0,5.0,,,1.0,,,,,3.0,1.0,,70.0,1.0,,,,,,,,,,7.7,,,1.0,1.0,2.0,,,7.0,,37.0,22.0,59.0,2,2.0,75.0,1.0,,2.0,
2015-16,6768120,12,57,Watford,Away,20364,Ikechi Anya,ikechi-anya,M,False,,,1.0,15.0,6.0,21.0,1.0,,3.0,,,,,,,2.0,3.0,4.0,,,,,,,,,1.0,,90.0,,,,,,,,,,,6.5,,,,2.0,,3.0,,3.0,,21.0,9.0,27.0,0,2.0,43.0,,2.0,,
2015-16,6768120,12,57,Watford,Away,27803,Alessandro Diamanti,alessandro-diamanti,M,True,,,1.0,3.0,6.0,9.0,,,3.0,,,,1.0,,,,2.0,2.0,,,1.0,,,,,,,,14.0,,,,,,,,,,,6.7,,,,1.0,1.0,1.0,,2.0,,9.0,7.0,15.0,0,,19.0,,1.0,1.0,
2015-16,6768120,12,13,Leicester_City,Home,30530,Andy King,andy-king,M,True,,,,6.0,,6.0,,,1.0,,,,,,,1.0,1.0,1.0,,,,,,,,,,,1.0,,,,,,,,,,,,,,,,,,,,,6.0,,6.0,0,,9.0,,1.0,,
2015-16,6768120,12,57,Watford,Away,45989,Adlène Guédioura,adlene-guedioura,M,True,,,,,,,,,,,,,,,,,,,,,,,,,,,,,,,,,,,,,,,,,,,,,,,,,,,,,0,,,,,,
2015-16,6768120,12,57,Watford,Away,47668,Juan Carlos Paredes,juan-carlos-paredes,M,True,,,,4.0,3.0,7.0,,,2.0,,,,1.0,,,,5.0,2.0,,,1.0,,,,,,,,20.0,,,,,,,,1.0,,,6.4,,,,,3.0,1.0,,1.0,,9.0,3.0,11.0,0,1.0,19.0,,1.0,,
2015-16,6768120,12,13,Leicester_City,Home,47737,Marc Albrighton,marc-albrighton,M,False,1.0,,3.0,23.0,1.0,23.0,,,5.0,,,1.0,,,,,1.0,5.0,,,,,,,,3.0,1.0,,90.0,2.0,,,,,,,,,,7.7,,,1.0,,5.0,9.0,,3.0,,37.0,1.0,29.0,4,1.0,61.0,,,4.0,
2015-16,6768120,12,13,Leicester_City,Home,54330,Danny Drinkwater,danny-drinkwater,M,False,,,6.0,27.0,15.0,42.0,2.0,,12.0,,,,1.0,,,,5.0,2.0,,,1.0,,,,,1.0,1.0,,89.0,,,,,,,,,,,6.7,,,,3.0,3.0,,,8.0,,35.0,20.0,55.0,0,1.0,65.0,,,1.0,
2015-16,6768120,12,13,Leicester_City,Home,148710,Jeffrey Schlupp,jeffrey-schlupp,M,False,,,,10.0,3.0,13.0,1.0,,2.0,,,,,,,,2.0,3.0,,,,,,,,2.0,,,45.0,,,,,,,,,,,6.9,,,1.0,1.0,1.0,1.0,,1.0,,16.0,6.0,21.0,1,3.0,33.0,1.0,,,
2015-16,6768120,12,13,Leicester_City,Home,158213,Riyad Mahrez,riyad-mahrez,M,False,1.0,,,15.0,1.0,15.0,3.0,1.0,2.0,,,,1.0,,,2.0,9.0,7.0,,,,,,,,1.0,1.0,,84.0,1.0,,,,,,,,,,7.0,,,1.0,,6.0,6.0,,,,29.0,2.0,25.0,2,1.0,52.0,4.0,2.0,3.0,
2015-16,6768120,12,13,Leicester_City,Home,234148,N'Golo Kanté,n-golo-kante,M,False,,,3.0,13.0,20.0,33.0,1.0,1.0,10.0,,,,2.0,,,1.0,7.0,5.0,,,3.0,,1.0,,,9.0,3.0,,90.0,1.0,,,1.0,,,,,,,7.5,,,,2.0,1.0,,,3.0,,17.0,22.0,39.0,1,2.0,59.0,,1.0,1.0,
2015-16,6768121,12,11,Everton,Away,544,Gareth Barry,gareth-barry,M,False,,,7.0,26.0,29.0,55.0,,1.0,5.0,,,,3.0,,,1.0,4.0,3.0,,,,,,,,1.0,2.0,,90.0,,1.0,,,,,,,,,7.1,,,,1.0,,,,9.0,,31.0,29.0,60.0,0,2.0,71.0,,,,
2015-16,6768121,12,11,Everton,Away,1161,Leon Osman,leon-osman,M,True,,,,,,,,,,,,,,,,,,,,,,,,,,,,,,,,,,,,,,,,,,,,,,,,,,,,,0,,,,,,
2015-16,6768121,12,11,Everton,Away,3593,Kevin Mirallas,kevin-mirallas,M,True,,,,3.0,1.0,4.0,,,2.0,,,,,,,,2.0,1.0,,,,,,,,,,,26.0,1.0,,,,,,,,,,6.5,,,,,2.0,,,1.0,,5.0,1.0,6.0,1,,11.0,,1.0,,
2015-16,6768121,12,11,Everton,Away,9692,Aaron Lennon,aaron-lennon,M,True,,,,,,,,,,,,,1.0,,,,2.0,1.0,,,,,,,,,,,7.0,,,,,,,,,,,6.1,,,,,1.0,,,,,,,,0,,2.0,,1.0,,
2015-16,6768121,12,21,West_Ham_United,Home,9741,Mark Noble,mark-noble,M,False,,,2.0,27.0,32.0,59.0,,,5.0,,,,3.0,,,1.0,4.0,5.0,,,,,,,,3.0,1.0,,90.0,,,,,,,,,,,7.0,,,1.0,1.0,2.0,2.0,,3.0,,33.0,32.0,63.0,1,2.0,78.0,,1.0,2.0,
2015-16,6768121,12,21,West_Ham_United,Home,14216,Dimitri Payet,dimitri-payet,M,False,1.0,,2.0,25.0,10.0,34.0,,,2.0,,,,,,,,1.0,5.0,,,,,,,,1.0,3.0,,50.0,,,,,,,,,,,7.3,,,,,4.0,2.0,,3.0,,28.0,10.0,36.0,0,,48.0,,2.0,3.0,
2015-16,6768121,12,11,Everton,Away,21073,Darron Gibson,darron-gibson,M,True,,,,,,,,,,,,,,,,,,,,,,,,,,,,,,,,,,,,,,,,,,,,,,,,,,,,,0,,,,,,
2015-16,6768121,12,11,Everton,Away,39283,James McCarthy,james-mccarthy,M,False,,,3.0,22.0,26.0,48.0,,,5.0,,,,1.0,,,,5.0,1.0,,,3.0,,,,,,1.0,,90.0,,1.0,,,,,,,,,6.4,,,,2.0,1.0,,,4.0,,25.0,27.0,52.0,0,1.0,57.0,,,,
2015-16,6768121,12,21,West_Ham_United,Home,45944,Cheikhou Kouyaté,cheikhou-kouyate,M,False,,,1.0,18.0,27.0,45.0,,3.0,3.0,,,,2.0,,,,3.0,5.0,,,1.0,,,,,2.0,1.0,,90.0,,,,,,,,,,,6.8,,,,,,,,2.0,,21.0,30.0,51.0,0,2.0,57.0,,,,
2015-16,6768121,12,11,Everton,Away,98435,Ross Barkley,ross-barkley,M,False,2.0,,2.0,33.0,10.0,41.0,,,4.0,,,,2.0,,,1.0,7.0,2.0,,,2.0,,,,,,3.0,,90.0,2.0,,,,,,,,,,6.9,,,1.0,,4.0,4.0,,3.0,,41.0,12.0,49.0,3,,65.0,1.0,,2.0,
2015-16,6768121,12,21,West_Ham_United,Home,220315,Manuel Lanzini,manuel-lanzini,M,False,1.0,,,29.0,16.0,44.0,,,6.0,,,,3.0,,,,7.0,7.0,,,,,1.0,,,,3.0,,90.0,2.0,,,,,,,,,,7.5,,,2.0,,6.0,4.0,,,,33.0,18.0,47.0,4,2.0,70.0,2.0,3.0,2.0,
2015-16,6768121,12,21,West_Ham_United,Home,792122,Josh Cullen,cullen-josh,M,True,,,,,,,,,,,,,,,,,,,,,,,,,,,,,,,,,,,,,,,,,,,,,,,,,,,,,0,,,,,,
2015-16,6768123,12,20,Southampton,Away,559,Steven Davis,steven-davis,M,False,,,5.0,38.0,13.0,51.0,4.0,,7.0,,,,1.0,,,1.0,8.0,1.0,,,2.0,,,,,,1.0,,90.0,1.0,,,,,,,,,,6.7,,,,2.0,,1.0,,9.0,,51.0,17.0,67.0,1,1.0,75.0,1.0,,,
2015-16,6768123,12,56,Sunderland,Home,32045,Yann M'Vila,yann-mvila,M,False,1.0,,7.0,25.0,17.0,41.0,,5.0,13.0,,,,,,,,1.0,10.0,,,1.0,,,,,7.0,1.0,,90.0,,,,1.0,,,,,,,7.8,,,,7.0,2.0,1.0,,14.0,,41.0,19.0,59.0,0,3.0,87.0,,,2.0,
2015-16,6768123,12,56,Sunderland,Home,35528,Jordi Gómez,jordi-gomez,M,False,,,2.0,15.0,7.0,22.0,,,3.0,,,,1.0,,,,2.0,2.0,,,1.0,,,,,1.0,,,74.0,,1.0,,,,,,,,,6.5,,,,2.0,,1.0,,3.0,,19.0,8.0,26.0,0,,37.0,1.0,2.0,,
2015-16,6768123,12,20,Southampton,Away,44760,Cédric Soares,cedric-soares,M,True,,,,,,,,,,,,,,,,,,,,,,,,,,,,,,,,,,,,,,,,,,,,,,,,,,,,,0,,,,,,
2015-16,6768123,12,20,Southampton,Away,69416,Oriol Romeu,oriol-romeu,M,True,,,1.0,3.0,4.0,7.0,,,1.0,,,,,,,,,1.0,,,,,,,,,,,12.0,,,,,,,,,,,6.7,,,,1.0,,,,1.0,,3.0,4.0,7.0,0,,9.0,,1.0,,
2015-16,6768123,12,20,Southampton,Away,116946,Jordy Clasie,jordy-clasie,M,False,,,5.0,37.0,25.0,62.0,2.0,1.0,6.0,,,,2.0,,,,4.0,5.0,,,,,,,,,1.0,,78.0,,,,,,,,,,,7.1,,,1.0,,,,,9.0,,45.0,27.0,72.0,1,3.0,78.0,,1.0,,
2015-16,6768123,12,20,Southampton,Away,161717,James Ward-Prowse,james-ward-prowse,M,False,2.0,,3.0,33.0,16.0,47.0,3.0,,4.0,,,2.0,,,,3.0,8.0,1.0,,,2.0,,,,,1.0,1.0,,90.0,,,,,,,,,,,6.9,,,1.0,2.0,,5.0,,4.0,1.0,41.0,16.0,52.0,3,,73.0,1.0,1.0,,
2015-16,6768123,12,20,Southampton,Away,217704,Sadio Mané,sadio-mane,M,False,1.0,,,23.0,9.0,31.0,1.0,3.0,6.0,,,1.0,,,,,4.0,11.0,,,2.0,,,,,1.0,2.0,,83.0,2.0,,,,,,,,,,7.8,,,1.0,,4.0,6.0,,1.0,2.0,36.0,10.0,40.0,4,1.0,65.0,,4.0,3.0,
2015-16,6768123,12,56,Sunderland,Home,240256,Duncan Watmore,duncan-watmore,M,False,1.0,,1.0,12.0,3.0,14.0,,1.0,7.0,,,,,,,2.0,8.0,2.0,,,2.0,,,,,,1.0,,90.0,,,,,,,,,,,5.9,,,,1.0,5.0,2.0,,1.0,1.0,18.0,7.0,23.0,0,,37.0,2.0,,1.0,
2015-16,6768124,12,1,Manchester_United,Home,326,Bastian Schweinsteiger,bastian-schweinsteiger,M,False,,,8.0,62.0,21.0,83.0,1.0,1.0,9.0,,,,1.0,,,3.0,6.0,6.0,,,1.0,,,,,2.0,1.0,,90.0,,,,,,,,,,,7.2,,,1.0,,1.0,,,13.0,,75.0,23.0,98.0,1,3.0,120.0,4.0,1.0,1.0,
2015-16,6768124,12,35,West_Bromwich_Albion,Away,765,Darren Fletcher,darren-fletcher,M,False,,,5.0,13.0,16.0,29.0,1.0,1.0,10.0,,,,1.0,,,2.0,4.0,3.0,,,,,,,,,,,90.0,,,,,,,,,,,6.5,,,1.0,2.0,1.0,,,11.0,,23.0,18.0,41.0,1,1.0,51.0,2.0,,1.0,
2015-16,6768124,12,35,West_Bromwich_Albion,Away,822,James Morrison,james-morrison,M,False,,,1.0,2.0,11.0,13.0,1.0,,7.0,,,,,,,3.0,4.0,2.0,,,,,,,,2.0,,,72.0,,1.0,,,,,,,,,6.5,,,,,,,,2.0,,7.0,11.0,18.0,0,2.0,27.0,,,,
2015-16,6768124,12,1,Manchester_United,Home,938,Michael Carrick,michael-carrick,M,False,,,3.0,79.0,24.0,103.0,,2.0,6.0,,,1.0,,,,,,5.0,,,,,,,,1.0,1.0,,90.0,,,,,,,,,,,7.4,,,,,,1.0,,5.0,,91.0,25.0,115.0,1,3.0,121.0,,,,
2015-16,6768124,12,35,West_Bromwich_Albion,Away,10540,Chris Brunt,chris-brunt,M,False,1.0,,,7.0,5.0,11.0,,,6.0,,,1.0,,,,,2.0,,1.0,,2.0,,,,,,,,85.0,,,,,,,,,,,6.0,,,,3.0,,3.0,,6.0,,14.0,7.0,18.0,1,,32.0,,,,
2015-16,6768124,12,35,West_Bromwich_Albion,Away,14235,Craig Gardner,craig-gardner,M,True,,,,,,,,,,,,,,,,,,,,,,,,,,,,,,,,,,,,,,,,,,,,,,,,,,,,,0,,,,,,
2015-16,6768124,12,35,West_Bromwich_Albion,Away,16657,Stéphane Sessègnon,stephane-sessegnon,M,False,1.0,,,9.0,7.0,15.0,3.0,,4.0,,,,1.0,,,,6.0,12.0,,,2.0,,,,,1.0,1.0,,90.0,,,,,,,,,,,7.2,,,,,5.0,4.0,,1.0,,16.0,11.0,23.0,0,2.0,47.0,1.0,5.0,5.0,
2015-16,6768124,12,1,Manchester_United,Home,27009,Morgan Schneiderlin,morgan-schneiderlin,M,True,,,,,,,,,,,,,,,,,,,,,,,,,,,,,,,,,,,,,,,,,,,,,,,,,,,,,0,,,,,,
2015-16,6768124,12,1,Manchester_United,Home,28367,Juan Mata,juan-mata,M,False,,,1.0,48.0,12.0,60.0,,,4.0,,,,,,,1.0,1.0,3.0,,,,,1.0,,,,1.0,,90.0,1.0,,,,,,,,,,7.5,,,2.0,,,3.0,,2.0,,59.0,12.0,68.0,3,,83.0,,3.0,,
2015-16,6768124,12,35,West_Bromwich_Albion,Away,41631,James McClean,james-mcclean,M,False,1.0,,,9.0,4.0,12.0,5.0,4.0,6.0,,,,,,,2.0,8.0,7.0,,,1.0,,,,,2.0,1.0,,90.0,,,,,,,,,,,6.6,,,,3.0,1.0,4.0,,1.0,,17.0,5.0,18.0,0,1.0,38.0,1.0,1.0,1.0,
2015-16,6768124,12,35,West_Bromwich_Albion,Away,53783,Callum McManaman,callum-mcmanaman,M,True,,,,1.0,1.0,2.0,,,,,,,,,,1.0,1.0,,,,,,,,,,,,5.0,,,,,,,,,,,6.1,,,,,,,,,,1.0,1.0,2.0,0,,3.0,,,,
2015-16,6768124,12,1,Manchester_United,Home,82474,Ander Herrera,ander-herrera,M,True,,,,5.0,4.0,9.0,,,1.0,,,,1.0,,,,1.0,1.0,,,,,,,,,,,8.0,,,,,,,,,,,6.6,,,,,1.0,,,,,7.0,4.0,11.0,0,,13.0,,,1.0,
2015-16,6768124,12,35,West_Bromwich_Albion,Away,151037,Claudio Yacob,claudio-yacob,M,False,,,1.0,8.0,6.0,14.0,2.0,1.0,2.0,,,,1.0,,,,4.0,5.0,,,1.0,,,,,6.0,,,90.0,,,,,,,,,,,7.1,,,,3.0,,,,6.0,,15.0,11.0,26.0,0,4.0,45.0,1.0,,,
2015-16,6768124,12,1,Manchester_United,Home,191176,Anthony Martial,anthony-martial,M,False,1.0,,,29.0,2.0,30.0,8.0,1.0,4.0,,,1.0,,,,3.0,17.0,3.0,,,2.0,,,,,,2.0,,90.0,1.0,1.0,,,,,,1.0,,,6.8,,,,,5.0,3.0,,,,33.0,3.0,33.0,2,,52.0,2.0,1.0,1.0,
2015-16,6768124,12,1,Manchester_United,Home,285949,Andreas Pereira,andreas-pereira,M,True,,,,,,,,,,,,,,,,,,,,,,,,,,,,,,,,,,,,,,,,,,,,,,,,,,,,,0,,,,,,
2015-16,6768125,12,45,Norwich_City,Home,512,Alexander Tettey,alexander-tettey,M,False,,,3.0,18.0,13.0,31.0,1.0,,7.0,,,,,,,,1.0,1.0,,,,,,,,,,,90.0,,,,,,,,,,,6.8,,,,1.0,1.0,,,4.0,,23.0,14.0,37.0,0,,41.0,,,1.0,
2015-16,6768125,12,45,Norwich_City,Home,9148,Graham Dorrans,graham-dorrans,M,True,,,,,,,,,,,,,,,,,,,,,,,,,,,,,,,,,,,,,,,,,,,,,,,,,,,,,0,,,,,,
2015-16,6768125,12,45,Norwich_City,Home,14336,Wesley Hoolahan,wesley-hoolahan,M,False,,,3.0,30.0,23.0,53.0,,,13.0,,,,4.0,,,1.0,11.0,4.0,,,3.0,,,,,1.0,1.0,,89.0,1.0,,,,,,,,,,6.8,,,1.0,,5.0,2.0,,3.0,,37.0,24.0,59.0,2,2.0,75.0,1.0,,2.0,
2015-16,6768125,12,45,Norwich_City,Home,17806,Vadis Odjidja-Ofoe,vadis-odjidja-ofoe,M,True,,,,,,,,,,,,,,,,,,,,,,,,,,,,,,,,,,,,,,,,,,,,,,,,,,,,,0,,,,,,
2015-16,6768125,12,45,Norwich_City,Home,18712,Youssouf Mulumbu,youssouf-mulumbu,M,True,,,,1.0,,1.0,,,,,,,,,,,,,,,,,,,,,,,1.0,,,,,,,,,,,,,,,,,,,,1.0,1.0,,1.0,0,,1.0,,,,
2015-16,6768125,12,80,Swansea_City,Away,20538,Leon Britton,leon-britton,M,True,,,1.0,11.0,8.0,19.0,,,3.0,,,,,,,,1.0,1.0,,,1.0,,,,,,,,12.0,,,,,,,,,,,6.6,,,,,,,,1.0,,12.0,9.0,21.0,0,,22.0,,1.0,,
2015-16,6768125,12,80,Swansea_City,Away,20993,Jack Cork,jack-cork,M,True,,,,,,,,,,,,,,,,,,,,,,,,,,,,,,,,,,,,,,,,,,,,,,,,,,,,,0,,,,,,
2015-16,6768125,12,45,Norwich_City,Home,29691,Gary O'Neil,gary-oneil,M,False,1.0,,1.0,21.0,19.0,39.0,,2.0,7.0,,,,1.0,,,1.0,6.0,3.0,,,4.0,,,,,3.0,,,90.0,,,,,,,,,,,6.6,,,1.0,,1.0,3.0,,5.0,,29.0,19.0,45.0,1,1.0,58.0,,,,
2015-16,6768125,12,80,Swansea_City,Away,30243,Neil Taylor,neil-taylor,M,False,1.0,,1.0,21.0,21.0,41.0,,1.0,4.0,,,,,,,1.0,1.0,2.0,,,,,,,,1.0,2.0,,90.0,,,,,,,,,,,6.7,,,,,,5.0,,3.0,,28.0,23.0,46.0,0,1.0,61.0,,,,
2015-16,6768125,12,80,Swansea_City,Away,36465,Jonjo Shelvey,jonjo-shelvey,M,False,1.0,,11.0,40.0,42.0,81.0,,,5.0,,,,,,,2.0,2.0,2.0,,,,,,,,2.0,2.0,,87.0,,,,,,,,,,,7.4,,,,,1.0,2.0,,14.0,,47.0,44.0,89.0,0,1.0,98.0,,,1.0,
2015-16,6768125,12,80,Swansea_City,Away,38642,Sung-Yueng Ki,sung-yueng-ki,M,False,,,7.0,65.0,40.0,105.0,,1.0,9.0,,,,,,,,2.0,7.0,,,2.0,,,,,2.0,1.0,,90.0,,,,,,,,,,,7.7,,,1.0,2.0,,,,9.0,,72.0,41.0,113.0,1,1.0,126.0,,5.0,,
2015-16,6768125,12,80,Swansea_City,Away,43192,Gylfi Sigurðsson,gylfi-sigursson,M,False,,,1.0,35.0,13.0,48.0,,,2.0,,,,2.0,,,,2.0,1.0,,,,,,,1.0,,2.0,,78.0,,,,,,,,,,,6.9,,,1.0,,,2.0,,2.0,1.0,44.0,13.0,55.0,1,1.0,62.0,2.0,,,
2015-16,6768125,12,80,Swansea_City,Away,54686,Jefferson Montero,jefferson-montero,M,False,,,,11.0,3.0,14.0,,,1.0,,,,,,,2.0,3.0,1.0,,,,,,,,1.0,,,64.0,,,,,,,,,,,6.2,,,,,2.0,3.0,,,,14.0,3.0,14.0,0,,25.0,2.0,,1.0,
2015-16,6768125,12,45,Norwich_City,Home,267621,Robbie Brady,robbie-brady,M,False,3.0,,1.0,17.0,5.0,19.0,3.0,,3.0,1.0,,,,,,1.0,6.0,8.0,,,1.0,,,,,2.0,3.0,,90.0,2.0,,,,,,,,,,8.0,,,,,2.0,8.0,,4.0,,26.0,6.0,24.0,2,5.0,52.0,1.0,2.0,1.0,
2015-16,6768127,12,8,Chelsea,Away,518,Cesc Fàbregas,cesc-fabregas,M,True,,,4.0,27.0,2.0,29.0,,,4.0,,,,,,,,,2.0,,,,,,,,1.0,1.0,,20.0,,,,,,,,,,,7.2,,,,,1.0,,,5.0,,31.0,2.0,33.0,0,1.0,37.0,1.0,,1.0,
2015-16,6768127,12,110,Stoke_City,Home,2525,Ibrahim Afellay,ibrahim-afellay,M,True,,,,4.0,2.0,6.0,,,,,,,2.0,,,1.0,3.0,2.0,,,,,,,,,,,11.0,,,,,,,,,,,6.2,,,,,,1.0,,,,6.0,2.0,7.0,0,2.0,11.0,,,,
2015-16,6768127,12,8,Chelsea,Away,7311,John Obi Mikel,john-obi-mikel,M,True,,,,,,,,,,,,,,,,,,,,,,,,,,,,,,,,,,,,,,,,,,,,,,,,,,,,,0,,,,,,
2015-16,6768127,12,110,Stoke_City,Home,9104,Marc Wilson,marc-wilson,M,True,,,,,,,,,,,,,,,,,,,,,,,,,,,,,,,,,,,,,,,,,,,,,,,,,,,,,0,,,,,,
2015-16,6768127,12,110,Stoke_City,Home,9360,Charlie Adam,charlie-adam,M,False,1.0,,3.0,14.0,11.0,24.0,1.0,2.0,9.0,,,,4.0,,,2.0,9.0,4.0,,,3.0,,,,,1.0,1.0,,79.0,,,,,,,,,,,6.2,,,,,2.0,1.0,,6.0,,22.0,14.0,35.0,0,,50.0,3.0,1.0,1.0,
2015-16,6768127,12,110,Stoke_City,Home,9682,Stephen Ireland,stephen-ireland,M,True,,,,,,,,,,,,,,,,,,,,,,,,,,,,,,,,,,,,,,,,,,,,,,,,,,,,,0,,,,,,
2015-16,6768127,12,110,Stoke_City,Home,10535,Glenn Whelan,glenn-whelan,M,False,,,2.0,10.0,20.0,30.0,,2.0,10.0,,,1.0,,,,,2.0,5.0,,,1.0,,,,,3.0,,,90.0,,2.0,,,,,,,,,7.1,,,,5.0,1.0,,,2.0,,12.0,22.0,34.0,1,1.0,51.0,1.0,2.0,,
2015-16,6768127,12,8,Chelsea,Away,31417,Willian,willian,M,False,,,1.0,41.0,12.0,53.0,1.0,,8.0,,,1.0,,,,1.0,2.0,7.0,,,,,,,,,4.0,,90.0,,,,,,,,,,,7.5,,,1.0,,5.0,10.0,,3.0,,61.0,12.0,63.0,2,1.0,91.0,2.0,1.0,5.0,
2015-16,6768127,12,8,Chelsea,Away,33110,Ramires,ramires,M,False,,,,24.0,16.0,40.0,2.0,,6.0,,,,1.0,,,2.0,8.0,2.0,,,2.0,,,,,1.0,,,77.0,1.0,,,,,,,,,,6.4,,,1.0,,1.0,1.0,,2.0,,31.0,17.0,47.0,2,2.0,60.0,2.0,,,
2015-16,6768127,12,8,Chelsea,Away,39400,Oscar,oscar,M,True,,,2.0,10.0,1.0,11.0,,,1.0,,,1.0,,,,,,1.0,,,,,,,,,,,20.0,1.0,,,,,,,,,,7.1,,,,,,,,2.0,,10.0,1.0,11.0,2,1.0,14.0,,,,
2015-16,6768127,12,8,Chelsea,Away,44241,Nemanja Matić,nemanja-matic,M,False,,,4.0,30.0,25.0,55.0,3.0,1.0,12.0,,,2.0,,,,2.0,5.0,3.0,,,,,,,,1.0,1.0,,90.0,1.0,,,,,,,,,,7.4,,,1.0,1.0,,1.0,,4.0,1.0,34.0,27.0,60.0,4,2.0,73.0,1.0,1.0,,
2015-16,6768127,12,110,Stoke_City,Home,65953,Xherdan Shaqiri,xherdan-shaqiri,M,False,3.0,,,13.0,7.0,17.0,,,3.0,,,,,,,1.0,2.0,6.0,,,,,,,,,4.0,,82.0,,,,,,,,,,,7.5,,,1.0,,5.0,8.0,,1.0,,21.0,7.0,20.0,1,,40.0,1.0,2.0,4.0,
2015-16,6768127,12,8,Chelsea,Away,801391,Kenedy,kenedy,M,True,,,,,,,,,,,,,,,,,,,,,,,,,,,,,,,,,,,,,,,,,,,,,,,,,,,,,0,,,,,,
2015-16,6768129,12,4,Newcastle_United,Away,10438,Cheik Tiote,cheik-tiote,M,False,,,2.0,6.0,19.0,25.0,1.0,2.0,3.0,,,,2.0,,,1.0,8.0,7.0,,,4.0,,,,,1.0,,,90.0,,,,,,,,,,,6.8,,,,,1.0,,,4.0,,9.0,22.0,31.0,0,4.0,45.0,,,1.0,
2015-16,6768129,12,91,Bournemouth,Home,14695,Andrew Surman,andrew-surman,M,False,,,5.0,28.0,26.0,54.0,1.0,1.0,4.0,,,1.0,1.0,,,3.0,5.0,3.0,,,,,,,,2.0,2.0,,90.0,,,,,,,,,,,6.7,,,,,,,,6.0,,31.0,28.0,59.0,1,1.0,70.0,3.0,1.0,,
2015-16,6768129,12,4,Newcastle_United,Away,15007,Vurnon Anita,vurnon-anita,M,False,,,1.0,7.0,18.0,25.0,2.0,,7.0,,,,1.0,,,,4.0,4.0,,,1.0,,,,,2.0,,,89.0,,1.0,,,,,,,,,6.9,,,,1.0,,,,6.0,,13.0,23.0,36.0,0,3.0,48.0,,1.0,,
2015-16,6768129,12,4,Newcastle_United,Away,22126,Georginio Wijnaldum,georginio-wijnaldum,M,False,,,2.0,8.0,8.0,16.0,,,8.0,,,,,,,1.0,2.0,2.0,,,,1.0,,,,2.0,1.0,,90.0,,,,,,,,,,,7.0,,,,1.0,2.0,,,3.0,,11.0,10.0,21.0,0,1.0,30.0,,,1.0,
2015-16,6768129,12,4,Newcastle_United,Away,26982,Yoan Gouffran,yoan-gouffran,M,True,,,,,,,,,,,,,,,,,,,,,,,,,,,,,,,,,,,,,,,,,,,,,,,,,,,,,0,,,,,,
2015-16,6768129,12,4,Newcastle_United,Away,27014,Moussa Sissoko,moussa-sissoko,M,False,,,1.0,11.0,4.0,15.0,4.0,1.0,4.0,,,,1.0,,,3.0,11.0,4.0,,,,,,,,,,,90.0,,,,,,,,,,,6.0,,,,2.0,5.0,,,2.0,,15.0,6.0,21.0,0,,40.0,2.0,1.0,2.0,
2015-16,6768129,12,4,Newcastle_United,Away,30262,Siem de Jong,siem-de-jong,M,True,,,,,,,,,,,,,,,,,,,,,,,,,,,,,,,,,,,,,,,,,,,,,,,,,,,,,0,,,,,,
2015-16,6768129,12,91,Bournemouth,Home,39121,Harry Arter,harry-arter,M,False,,,3.0,32.0,19.0,51.0,,,5.0,,,3.0,1.0,,,2.0,7.0,5.0,,,1.0,,,,,,1.0,,79.0,,,,,,,,,,,7.0,,,1.0,,3.0,,,3.0,,35.0,19.0,54.0,4,4.0,75.0,1.0,1.0,,
2015-16,6768129,12,91,Bournemouth,Home,42699,Matt Ritchie,matt-ritchie,M,False,7.0,,3.0,33.0,9.0,35.0,1.0,,5.0,1.0,,2.0,,,,2.0,6.0,4.0,,,3.0,,,,,,3.0,,90.0,1.0,,,,,,,,,,7.9,,,2.0,1.0,1.0,21.0,,6.0,,59.0,12.0,50.0,5,1.0,87.0,1.0,2.0,1.0,
2015-16,6768129,12,91,Bournemouth,Home,44823,Junior Stanislas,junior-stanislas,M,False,1.0,,2.0,23.0,16.0,38.0,,1.0,4.0,,,,,,,,5.0,8.0,,,1.0,,,,,1.0,2.0,,73.0,,,,,,,,,,,6.9,,,1.0,,8.0,11.0,,2.0,,41.0,16.0,46.0,1,2.0,73.0,,1.0,4.0,
2015-16,6768129,12,91,Bournemouth,Home,46738,Lee Tomlin,lee-tomlin,M,True,,,2.0,4.0,5.0,9.0,,,3.0,,,,,,,,1.0,,,,,,,,,,1.0,,17.0,,,,,,,,,,,6.6,,,,,1.0,1.0,,2.0,,9.0,5.0,13.0,0,,21.0,1.0,,,
2015-16,6768122,13,56,Sunderland,Away,524,Sebastian Larsson,sebastian-larsson,M,False,2.0,,,9.0,12.0,19.0,1.0,,11.0,,,,1.0,,,1.0,3.0,6.0,,,,,,,,1.0,1.0,,60.0,,,,,,,,,,,7.1,,,,1.0,,3.0,,3.0,,20.0,14.0,31.0,0,3.0,50.0,1.0,3.0,,
2015-16,6768122,13,31,Crystal_Palace,Home,3574,Yohan Cabaye,yohan-cabaye,M,False,1.0,,8.0,35.0,19.0,53.0,,,7.0,,,1.0,1.0,1.0,,1.0,2.0,3.0,,,,,,,,5.0,2.0,,90.0,2.0,1.0,,,,,,,,,7.9,,,2.0,1.0,,12.0,,9.0,,50.0,19.0,57.0,5,1.0,87.0,1.0,2.0,,
2015-16,6768122,13,31,Crystal_Palace,Home,9921,Joe Ledley,joe-ledley,M,True,,,,,,,,,,,,,,,,,,,,,,,,,,,,,,,,,,,,,,,,,,,,,,,,,,,,,0,,,,,,
2015-16,6768122,13,56,Sunderland,Away,14210,Lee Cattermole,lee-cattermole,M,False,,,2.0,9.0,9.0,18.0,,2.0,4.0,,,,3.0,,,2.0,6.0,9.0,,,1.0,,,,,1.0,1.0,,90.0,,1.0,,,,,,,,,7.1,,,,2.0,,,,4.0,,15.0,10.0,25.0,0,4.0,41.0,,3.0,,
2015-16,6768122,13,31,Crystal_Palace,Home,19593,Jason Puncheon,jason-puncheon,M,False,1.0,,1.0,15.0,8.0,22.0,,2.0,5.0,,,2.0,1.0,,,3.0,6.0,2.0,,,2.0,,,,,1.0,2.0,,45.0,,,,,,,,,,,6.6,,,,,,3.0,,2.0,,18.0,10.0,25.0,2,,38.0,2.0,,,
2015-16,6768122,13,56,Sunderland,Away,32045,Yann M'Vila,yann-mvila,M,False,1.0,,3.0,17.0,13.0,29.0,,1.0,7.0,,,1.0,2.0,,,2.0,6.0,3.0,,,2.0,,,,,,1.0,,90.0,,,,,,,,,,,6.6,,,,9.0,,3.0,,5.0,,25.0,15.0,37.0,1,1.0,58.0,3.0,1.0,,
2015-16,6768122,13,31,Crystal_Palace,Home,39282,James McArthur,james-mcarthur,M,False,,,11.0,34.0,28.0,62.0,,,9.0,,,,2.0,,,,2.0,4.0,,,,,,,,2.0,2.0,,90.0,2.0,,,,,,,,,,7.7,,,,,,1.0,,14.0,,42.0,31.0,72.0,2,4.0,85.0,,,,
2015-16,6768122,13,31,Crystal_Palace,Home,84686,Pape Souaré,pape-souare,M,False,,,4.0,22.0,18.0,40.0,1.0,2.0,7.0,,,,1.0,,,1.0,3.0,3.0,,,1.0,,,,,1.0,3.0,,90.0,,,,,,,,,,,6.7,,,,4.0,,3.0,,7.0,,33.0,20.0,50.0,0,1.0,78.0,2.0,,,
2015-16,6768122,13,31,Crystal_Palace,Home,111850,Wilfried Zaha,wilfried-zaha,M,False,3.0,,,23.0,,20.0,2.0,1.0,3.0,,,,,,,2.0,10.0,11.0,,,2.0,,,,,,2.0,,90.0,1.0,,,,,,,,,,7.0,,,1.0,1.0,10.0,8.0,,,1.0,32.0,1.0,25.0,2,,63.0,3.0,4.0,6.0,
2015-16,6768122,13,56,Sunderland,Away,240256,Duncan Watmore,duncan-watmore,M,True,,,,3.0,,3.0,1.0,,2.0,,,,,,,,4.0,5.0,,,1.0,,,,,,1.0,,30.0,,,,,,,,,,,6.9,,,,1.0,6.0,,,,,5.0,1.0,6.0,0,,14.0,,1.0,4.0,
2015-16,6768126,13,13,Leicester_City,Away,4252,Gökhan Inler,gokhan-inler,M,True,,,,,,,,,,,,,,,,,,,,,,,,,,,,,,,,,,,,,,,,,,,,,,,,,,,,,0,,,,,,
2015-16,6768126,13,4,Newcastle_United,Home,10438,Cheik Tiote,cheik-tiote,M,False,,,1.0,4.0,10.0,14.0,,,1.0,,,,2.0,,,,4.0,,,,1.0,,,,,2.0,,,20.0,,,,,,,,,,,6.2,,,,,1.0,,,2.0,,5.0,10.0,15.0,0,,20.0,1.0,,,
2015-16,6768126,13,13,Leicester_City,Away,14231,Nathan Dyer,nathan-dyer,M,True,,,,1.0,,1.0,,,,,,,,,,,1.0,,,,1.0,,,,,,,,1.0,,,,,,,,,,,,,,,,,,,,,1.0,,1.0,0,,2.0,,,,
2015-16,6768126,13,4,Newcastle_United,Home,15007,Vurnon Anita,vurnon-anita,M,False,,,3.0,17.0,38.0,55.0,,2.0,16.0,,,,4.0,,,3.0,8.0,9.0,,,1.0,,,,,9.0,,,90.0,,1.0,,,,,,,,,7.1,,,,3.0,1.0,,,5.0,,21.0,43.0,64.0,0,5.0,92.0,,1.0,1.0,
2015-16,6768126,13,4,Newcastle_United,Home,22126,Georginio Wijnaldum,georginio-wijnaldum,M,False,,,2.0,14.0,19.0,33.0,1.0,,6.0,,,,1.0,,,1.0,4.0,3.0,,,,,,,,3.0,1.0,,90.0,1.0,,,,,,,,,,6.6,,,,,2.0,,,4.0,,19.0,23.0,42.0,1,1.0,51.0,,1.0,1.0,
2015-16,6768126,13,4,Newcastle_United,Home,26982,Yoan Gouffran,yoan-gouffran,M,True,,,,,,,,,,,,,,,,,,,,,,,,,,,,,,,,,,,,,,,,,,,,,,,,,,,,,0,,,,,,
2015-16,6768126,13,4,Newcastle_United,Home,27014,Moussa Sissoko,moussa-sissoko,M,False,,,1.0,18.0,13.0,31.0,,2.0,10.0,,,2.0,2.0,,,5.0,10.0,8.0,,,1.0,,,,,,1.0,,90.0,,,,,,,,,,,6.1,,,,1.0,3.0,2.0,,4.0,,30.0,15.0,43.0,2,3.0,65.0,,2.0,1.0,
2015-16,6768126,13,4,Newcastle_United,Home,30262,Siem de Jong,siem-de-jong,M,True,,,,,2.0,2.0,,,,,,,,,,1.0,1.0,,,,,,,,,,,,9.0,,,,,,,,,,,6.2,,,,,,,,,,,3.0,3.0,0,,4.0,,,,
2015-16,6768126,13,13,Leicester_City,Away,30530,Andy King,andy-king,M,True,,,,7.0,2.0,9.0,,,2.0,,,,,,,,,,,,,,,,,2.0,,,13.0,,,,,,,,,,,6.6,,,,,,1.0,,,,10.0,2.0,11.0,0,,14.0,,,,
2015-16,6768126,13,13,Leicester_City,Away,47737,Marc Albrighton,marc-albrighton,M,False,2.0,,3.0,19.0,4.0,21.0,,,7.0,1.0,,,1.0,,,,5.0,6.0,,1.0,,,,,,,4.0,,90.0,,,,,,,,,,,7.2,,,1.0,,7.0,8.0,,5.0,1.0,33.0,4.0,29.0,1,2.0,53.0,3.0,1.0,3.0,
2015-16,6768126,13,13,Leicester_City,Away,54330,Danny Drinkwater,danny-drinkwater,M,False,,,3.0,24.0,28.0,52.0,,,15.0,,,1.0,,1.0,,4.0,9.0,7.0,,,5.0,,,,,2.0,,,90.0,1.0,1.0,,,,,,,,,7.3,,,,1.0,2.0,,,6.0,,33.0,29.0,62.0,2,4.0,83.0,2.0,2.0,1.0,
2015-16,6768126,13,13,Leicester_City,Away,148710,Jeffrey Schlupp,jeffrey-schlupp,M,True,,,,,,,,,,,,,,,,,,,,,,,,,,,,,,,,,,,,,,,,,,,,,,,,,,,,,0,,,,,,
2015-16,6768126,13,13,Leicester_City,Away,158213,Riyad Mahrez,riyad-mahrez,M,False,1.0,,1.0,20.0,14.0,33.0,3.0,,10.0,2.0,,1.0,,,,2.0,7.0,10.0,,,2.0,1.0,,,,,5.0,,89.0,,,,,,,,,,,8.8,,,1.0,2.0,5.0,3.0,,3.0,,27.0,14.0,38.0,2,3.0,65.0,1.0,2.0,5.0,
2015-16,6768126,13,13,Leicester_City,Away,234148,N'Golo Kanté,n-golo-kante,M,False,,,4.0,18.0,17.0,35.0,1.0,2.0,8.0,,,,1.0,,,1.0,6.0,13.0,,,1.0,,,,,7.0,1.0,,90.0,,1.0,,,,,,,,,8.1,,,,1.0,4.0,,,5.0,,22.0,20.0,42.0,0,9.0,66.0,,,2.0,
2015-16,6768128,13,14,Liverpool,Away,791,James Milner,james-milner,M,False,,,3.0,18.0,9.0,27.0,3.0,4.0,6.0,,,,2.0,,,1.0,8.0,13.0,,1.0,1.0,,,,,2.0,,,90.0,,,,,,,,,,,7.1,,,1.0,2.0,1.0,2.0,,8.0,,28.0,17.0,43.0,1,8.0,68.0,2.0,1.0,,
2015-16,6768128,13,43,Manchester_City,Home,13630,Fernandinho,fernandinho,M,True,,,2.0,12.0,1.0,13.0,3.0,,5.0,,,,2.0,,,1.0,6.0,3.0,,,,,,,,1.0,1.0,,45.0,,,,,,,,,,,6.7,,,1.0,,1.0,,,5.0,,18.0,2.0,20.0,1,1.0,31.0,1.0,1.0,1.0,
2015-16,6768128,13,43,Manchester_City,Home,14468,Yaya Touré,yaya-toure,M,False,,,4.0,31.0,15.0,46.0,2.0,,3.0,,,,,,,1.0,3.0,3.0,,,,,,,,1.0,,,45.0,,,,,,,,,,,6.9,,,,1.0,2.0,,,7.0,,38.0,16.0,54.0,0,1.0,61.0,,,2.0,
2015-16,6768128,13,14,Liverpool,Away,17054,Adam Lallana,adam-lallana,M,False,1.0,,1.0,20.0,13.0,32.0,1.0,1.0,4.0,,,,3.0,,,1.0,8.0,3.0,,,1.0,,,,,2.0,1.0,,89.0,,,,,,,,,,,6.5,,,,4.0,2.0,1.0,,2.0,2.0,25.0,14.0,38.0,0,1.0,57.0,,1.0,,
2015-16,6768128,13,14,Liverpool,Away,20602,Joe Allen,joe-allen,M,True,,,,,,,,,,,,,,,,,,,,,,,,,,,,,,,,,,,,,,,,,,,,,,,,,,,,,0,,,,,,
2015-16,6768128,13,43,Manchester_City,Home,24048,Fabian Delph,fabian-delph,M,True,,,1.0,9.0,7.0,16.0,1.0,,5.0,,,,1.0,,,,4.0,6.0,,,,,,,,2.0,,,45.0,1.0,1.0,,,,,,,,,7.3,,,1.0,2.0,5.0,1.0,,3.0,,14.0,8.0,21.0,2,3.0,39.0,,,3.0,
2015-16,6768128,13,14,Liverpool,Away,27234,Lucas Leiva,lucas-leiva,M,False,,,2.0,8.0,22.0,30.0,3.0,3.0,9.0,,,,5.0,,,,10.0,7.0,,,2.0,,,,,4.0,1.0,,90.0,,1.0,,,,,,,,,6.5,,,,,,,,3.0,,14.0,28.0,42.0,0,3.0,56.0,,1.0,,
2015-16,6768128,13,43,Manchester_City,Home,41837,Fernando,fernando-reges,M,False,,,2.0,17.0,20.0,37.0,4.0,3.0,2.0,,1.0,,1.0,,,,8.0,8.0,,1.0,3.0,,,,,3.0,,,90.0,,1.0,,,,,,,,,6.4,,,2.0,5.0,,,,3.0,1.0,22.0,23.0,45.0,2,2.0,65.0,1.0,3.0,,
2015-16,6768128,13,43,Manchester_City,Home,70996,Kevin De Bruyne,kevin-de-bruyne,M,False,1.0,,1.0,38.0,6.0,43.0,3.0,2.0,6.0,1.0,,,,,,4.0,9.0,5.0,,,,,,,,,4.0,,90.0,,,,,,,,,,,6.0,,,,,3.0,15.0,,1.0,,64.0,7.0,56.0,0,1.0,84.0,1.0,1.0,1.0,
2015-16,6768128,13,14,Liverpool,Away,119159,Philippe Coutinho,philippe-coutinho,M,False,,,,22.0,,22.0,2.0,,4.0,2.0,,1.0,,,,1.0,4.0,4.0,,,,1.0,1.0,,,1.0,3.0,,68.0,2.0,,,,,,,,,,8.9,,,,,2.0,,,,1.0,28.0,3.0,31.0,3,3.0,45.0,3.0,,1.0,
2015-16,6768128,13,14,Liverpool,Away,143697,Roberto Firmino,roberto-firmino,M,False,,,1.0,15.0,11.0,26.0,8.0,,9.0,1.0,2.0,,1.0,,,2.0,13.0,5.0,,,2.0,1.0,1.0,,,,2.0,,77.0,4.0,,,,,,,,,,8.3,,,1.0,1.0,3.0,,,2.0,1.0,26.0,11.0,37.0,5,2.0,55.0,1.0,,3.0,
2015-16,6768128,13,14,Liverpool,Away,185955,Jordon Ibe,jordon-ibe,M,True,,,,2.0,3.0,5.0,,,2.0,1.0,,1.0,,,,,2.0,4.0,,,1.0,,,,,,1.0,,22.0,,,,,,,,,,,7.4,,,,,5.0,1.0,,,,4.0,3.0,6.0,1,,14.0,1.0,,4.0,
2015-16,6768128,13,14,Liverpool,Away,787580,Connor Randall,connor-randall,M,True,,,,,,,,,,,,,,,,,,,,,,,,,,,,,,,,,,,,,,,,,,,,,,,,,,,,,0,,,,,,
2015-16,6768130,13,8,Chelsea,Home,518,Cesc Fàbregas,cesc-fabregas,M,False,,,10.0,70.0,29.0,99.0,1.0,2.0,5.0,1.0,,,2.0,,,1.0,5.0,6.0,,,,1.0,,,,,1.0,,90.0,2.0,,,,,,,,,,8.5,,,1.0,,1.0,1.0,,14.0,,83.0,29.0,111.0,3,4.0,123.0,,,,
2015-16,6768130,13,45,Norwich_City,Away,9148,Graham Dorrans,graham-dorrans,M,True,,,1.0,6.0,2.0,8.0,,,,,,,1.0,,,,1.0,3.0,,,,,,,,1.0,,,17.0,,,,,,,,,,,7.0,,,,1.0,2.0,,,1.0,,6.0,2.0,8.0,0,1.0,15.0,,,2.0,
2015-16,6768130,13,45,Norwich_City,Away,14336,Wesley Hoolahan,wesley-hoolahan,M,True,1.0,,1.0,5.0,,4.0,,,1.0,,,,2.0,,,1.0,3.0,2.0,,,,,,,,,,,17.0,,,,,,,,,,,6.5,,,,,,1.0,,1.0,1.0,7.0,1.0,7.0,0,2.0,12.0,,,,
2015-16,6768130,13,45,Norwich_City,Away,17806,Vadis Odjidja-Ofoe,vadis-odjidja-ofoe,M,True,,,,,,,,,,,,,,,,,,,,,,,,,,,,,,,,,,,,,,,,,,,,,,,,,,,,,0,,,,,,
2015-16,6768130,13,45,Norwich_City,Away,18712,Youssouf Mulumbu,youssouf-mulumbu,M,False,,,,13.0,10.0,23.0,1.0,,5.0,,,,3.0,,,2.0,9.0,8.0,,,2.0,,,,,,,,73.0,,,,,,,,,,,6.6,,,,,4.0,,,1.0,,16.0,13.0,29.0,0,5.0,44.0,1.0,,3.0,
2015-16,6768130,13,45,Norwich_City,Away,29691,Gary O'Neil,gary-oneil,M,False,,,2.0,19.0,15.0,34.0,,2.0,2.0,,,,3.0,,,1.0,6.0,7.0,,,2.0,,,,,3.0,,,90.0,,2.0,,,,,,,,,6.8,,,,1.0,,,,6.0,,26.0,19.0,45.0,0,5.0,60.0,1.0,,,
2015-16,6768130,13,8,Chelsea,Home,31417,Willian,willian,M,False,4.0,,6.0,36.0,11.0,43.0,,,6.0,,,1.0,,,,,2.0,5.0,,,1.0,,,,,,4.0,,87.0,2.0,,,,,,,,,,7.9,,,,,2.0,13.0,,9.0,1.0,55.0,15.0,57.0,3,1.0,84.0,,3.0,1.0,
2015-16,6768130,13,8,Chelsea,Home,33110,Ramires,ramires,M,True,,,1.0,2.0,,2.0,,,,,,,,,,1.0,2.0,,,,1.0,,,,,,,,3.0,,,,,,,,,,,,,,,1.0,,,,1.0,,2.0,,2.0,0,,5.0,1.0,,,
2015-16,6768130,13,8,Chelsea,Home,39400,Oscar,oscar,M,True,,,,3.0,1.0,4.0,,,1.0,1.0,,,,,,,,1.0,,,,,,,,,1.0,,7.0,,,,,,,,,,,,,,,1.0,1.0,,,1.0,,4.0,2.0,6.0,0,,9.0,,,1.0,
2015-16,6768130,13,8,Chelsea,Home,44241,Nemanja Matić,nemanja-matic,M,False,,,5.0,50.0,23.0,73.0,2.0,4.0,10.0,,1.0,,1.0,,,,3.0,12.0,,,,,,,,,3.0,,90.0,1.0,,,,,,,,,,8.0,,,1.0,1.0,3.0,3.0,,5.0,,56.0,24.0,77.0,2,5.0,97.0,2.0,,3.0,
2015-16,6768130,13,45,Norwich_City,Away,115346,Nathan Redmond,nathan-redmond,M,False,,,,18.0,6.0,24.0,2.0,1.0,2.0,,,,3.0,,,2.0,7.0,4.0,,,,,,,,,,,90.0,1.0,,,,,,,,,,6.6,,,,1.0,2.0,4.0,,1.0,,30.0,8.0,34.0,1,1.0,49.0,3.0,,2.0,
2015-16,6768130,13,45,Norwich_City,Away,267621,Robbie Brady,robbie-brady,M,False,2.0,,1.0,14.0,7.0,19.0,1.0,,4.0,,,,1.0,,,1.0,6.0,5.0,,,2.0,,,,,1.0,1.0,,90.0,1.0,,,,,,,,,,6.7,,,,1.0,4.0,6.0,,4.0,,24.0,7.0,25.0,1,1.0,48.0,3.0,1.0,3.0,
2015-16,6768130,13,8,Chelsea,Home,801391,Kenedy,kenedy,M,False,1.0,,2.0,33.0,18.0,50.0,1.0,3.0,8.0,1.0,,,2.0,,,,9.0,9.0,,,,,,,,3.0,2.0,,90.0,,,,,,,,,,,7.2,,,1.0,1.0,10.0,3.0,,2.0,,39.0,18.0,54.0,1,1.0,89.0,2.0,1.0,4.0,
2015-16,6768131,13,91,Bournemouth,Away,14695,Andrew Surman,andrew-surman,M,False,,,2.0,24.0,27.0,51.0,2.0,2.0,5.0,,,,,,,,3.0,3.0,,,,,,,,4.0,1.0,,90.0,,,,,,,,,,,6.9,,,,1.0,1.0,,,4.0,,30.0,28.0,58.0,0,,69.0,1.0,1.0,,
2015-16,6768131,13,80,Swansea_City,Home,20538,Leon Britton,leon-britton,M,False,,,,9.0,21.0,30.0,,2.0,2.0,,,,2.0,,,,2.0,3.0,,1.0,,,,,,,,,70.0,,1.0,,,,,,,,,6.1,,,,1.0,,,,,,10.0,23.0,33.0,0,,38.0,2.0,1.0,,
2015-16,6768131,13,80,Swansea_City,Home,20993,Jack Cork,jack-cork,M,True,,,,,,,,,,,,,,,,,,,,,,,,,,,,,,,,,,,,,,,,,,,,,,,,,,,,,0,,,,,,
2015-16,6768131,13,80,Swansea_City,Home,30243,Neil Taylor,neil-taylor,M,False,,,1.0,13.0,18.0,31.0,1.0,1.0,8.0,,,1.0,,,,1.0,5.0,4.0,,,2.0,,,,,4.0,1.0,,90.0,,1.0,,,,,,,,,6.7,,,,1.0,2.0,2.0,,7.0,,24.0,23.0,45.0,1,2.0,72.0,,,1.0,
2015-16,6768131,13,80,Swansea_City,Home,36465,Jonjo Shelvey,jonjo-shelvey,M,False,2.0,,5.0,17.0,16.0,31.0,1.0,1.0,3.0,1.0,,1.0,,,,,2.0,1.0,,,,1.0,1.0,,,1.0,2.0,,90.0,1.0,,,,,,,,,,7.8,,,1.0,,1.0,7.0,,7.0,,29.0,17.0,39.0,3,,52.0,,,,
2015-16,6768131,13,80,Swansea_City,Home,38642,Sung-Yueng Ki,sung-yueng-ki,M,False,,,4.0,14.0,16.0,30.0,,,5.0,,,1.0,4.0,,,,4.0,2.0,,,,,,,,2.0,1.0,,90.0,,,,,,,,,,,6.6,,,,1.0,,,,5.0,,18.0,17.0,35.0,1,1.0,48.0,2.0,1.0,,
2015-16,6768131,13,91,Bournemouth,Away,39121,Harry Arter,harry-arter,M,False,,,4.0,40.0,26.0,66.0,1.0,1.0,13.0,,,,,,,5.0,6.0,5.0,,,,,,,,,2.0,,89.0,1.0,,,,,,,,,,7.1,,,,1.0,,,,6.0,,50.0,26.0,76.0,1,2.0,91.0,1.0,2.0,,
2015-16,6768131,13,91,Bournemouth,Away,41628,Eunan O'Kane,eunan-okane,M,True,,,,,,,,,,,,,,,,,,,,,,,,,,,,,,,,,,,,,,,,,,,,,,,,,,,,,0,,,,,,
2015-16,6768131,13,91,Bournemouth,Away,42699,Matt Ritchie,matt-ritchie,M,False,1.0,,4.0,22.0,14.0,35.0,,1.0,8.0,,,2.0,1.0,,,1.0,4.0,4.0,,,2.0,1.0,,,,1.0,2.0,,80.0,,,,,,,,,,,7.1,,,,1.0,1.0,5.0,,6.0,1.0,35.0,15.0,45.0,2,,69.0,1.0,2.0,1.0,
2015-16,6768131,13,80,Swansea_City,Home,43192,Gylfi Sigurðsson,gylfi-sigursson,M,True,,,,8.0,1.0,9.0,,,,,,,1.0,,,1.0,3.0,1.0,,,1.0,,,,,,1.0,,20.0,,,,,,,,,,,6.4,,,,,,,,,,9.0,1.0,10.0,0,1.0,14.0,1.0,,,
2015-16,6768131,13,91,Bournemouth,Away,44823,Junior Stanislas,junior-stanislas,M,False,,,1.0,26.0,10.0,36.0,2.0,,4.0,1.0,,1.0,1.0,,,1.0,6.0,5.0,,,,1.0,,,,3.0,4.0,,90.0,,,,,,,,,,,7.3,,,,1.0,5.0,4.0,,1.0,2.0,41.0,11.0,48.0,1,2.0,72.0,2.0,,3.0,
2015-16,6768131,13,80,Swansea_City,Home,54686,Jefferson Montero,jefferson-montero,M,True,1.0,,,4.0,1.0,4.0,,,1.0,,,,,,,,2.0,4.0,,,,,,,,,2.0,,20.0,,,,,,,,,,,6.7,,,,,4.0,5.0,,,,8.0,1.0,4.0,0,1.0,18.0,1.0,1.0,2.0,
2015-16,6768132,13,20,Southampton,Home,559,Steven Davis,steven-davis,M,False,2.0,,2.0,29.0,15.0,42.0,,,1.0,,,,1.0,,,,1.0,1.0,,,,,,,,,2.0,,72.0,,,,,,,,,,,7.0,,,,1.0,,3.0,,3.0,,41.0,16.0,54.0,0,1.0,60.0,,,,
2015-16,6768132,13,110,Stoke_City,Away,2525,Ibrahim Afellay,ibrahim-afellay,M,True,,,,3.0,7.0,10.0,,,4.0,,,,,,,,,3.0,,,,,,,,1.0,,,25.0,1.0,,,,,,,,,,7.4,,,3.0,1.0,3.0,,,1.0,,3.0,9.0,12.0,4,,24.0,1.0,,3.0,
2015-16,6768132,13,110,Stoke_City,Away,9104,Marc Wilson,marc-wilson,M,True,,,,,,,,,,,,,,,,,,,,,,,,,,,,,,,,,,,,,,,,,,,,,,,,,,,,,0,,,,,,
2015-16,6768132,13,110,Stoke_City,Away,9360,Charlie Adam,charlie-adam,M,False,,,1.0,12.0,28.0,40.0,,3.0,16.0,,,,2.0,,,1.0,6.0,9.0,,,2.0,,,,,2.0,,,90.0,,,,,,,,,,,6.9,,,2.0,3.0,2.0,1.0,,8.0,,21.0,30.0,50.0,2,1.0,68.0,,4.0,1.0,
2015-16,6768132,13,110,Stoke_City,Away,9682,Stephen Ireland,stephen-ireland,M,True,,,,,,,,,,,,,,,,,,,,,,,,,,,,,,,,,,,,,,,,,,,,,,,,,,,,,0,,,,,,
2015-16,6768132,13,110,Stoke_City,Away,10535,Glenn Whelan,glenn-whelan,M,False,,,3.0,15.0,31.0,46.0,1.0,1.0,10.0,,,,2.0,,,1.0,4.0,3.0,,,,,,,,2.0,,,90.0,,,,,,,,,,,6.8,,,,5.0,,,,7.0,,22.0,37.0,59.0,0,1.0,70.0,,1.0,,
2015-16,6768132,13,20,Southampton,Home,44760,Cédric Soares,cedric-soares,M,False,2.0,,,21.0,3.0,22.0,,1.0,2.0,,,,,,,1.0,1.0,4.0,,,,,,,,1.0,,,85.0,,1.0,,,,,,,,,6.7,,,2.0,,,8.0,,4.0,,30.0,8.0,30.0,2,2.0,55.0,1.0,1.0,,
2015-16,6768132,13,20,Southampton,Home,45956,Victor Wanyama,victor-wanyama,M,False,,,3.0,40.0,25.0,65.0,5.0,,19.0,,,,1.0,,,,8.0,9.0,,,2.0,,,,,1.0,3.0,,90.0,,,,,,,,,,,7.7,,,3.0,,3.0,,,5.0,,52.0,28.0,80.0,3,3.0,96.0,1.0,3.0,3.0,
2015-16,6768132,13,110,Stoke_City,Away,65953,Xherdan Shaqiri,xherdan-shaqiri,M,False,,,1.0,9.0,5.0,14.0,,,1.0,,1.0,,,,,2.0,6.0,,,,3.0,,,,,1.0,,,65.0,1.0,,,,,,,,,,6.3,,,3.0,,1.0,2.0,,2.0,,12.0,6.0,16.0,4,,28.0,1.0,,,
2015-16,6768132,13,20,Southampton,Home,69416,Oriol Romeu,oriol-romeu,M,True,,,,,,,,,,,,,,,,,,,,,,,,,,,,,,,,,,,,,,,,,,,,,,,,,,,,,0,,,,,,
2015-16,6768132,13,20,Southampton,Home,116946,Jordy Clasie,jordy-clasie,M,False,,,,15.0,15.0,30.0,4.0,,10.0,,,,,,,,4.0,2.0,,,,,,,,1.0,1.0,,64.0,,,,,,,,,,,7.1,,,2.0,1.0,1.0,1.0,,2.0,,25.0,16.0,40.0,2,1.0,52.0,1.0,,1.0,
2015-16,6768132,13,20,Southampton,Home,161717,James Ward-Prowse,james-ward-prowse,M,True,1.0,,1.0,6.0,4.0,9.0,2.0,,1.0,,,,2.0,,,,5.0,,,,1.0,,,,,,1.0,,18.0,,,,,,,,,,,6.3,,,,,,1.0,,1.0,,7.0,4.0,10.0,0,,11.0,,,,
2015-16,6768132,13,20,Southampton,Home,217704,Sadio Mané,sadio-mane,M,True,,,1.0,10.0,1.0,11.0,,,2.0,,,,,,,1.0,1.0,3.0,,,,,,,,1.0,1.0,,26.0,1.0,,,,,,,,,,7.0,,,,,1.0,1.0,,1.0,,11.0,1.0,11.0,1,1.0,20.0,2.0,1.0,1.0,
2015-16,6768136,13,21,West_Ham_United,Away,9741,Mark Noble,mark-noble,M,False,,,2.0,14.0,14.0,28.0,1.0,,3.0,,,1.0,1.0,,,1.0,6.0,7.0,,,3.0,,,,,2.0,1.0,,80.0,,,,,,,,,,,7.1,,,,,,,,3.0,,19.0,16.0,35.0,1,7.0,52.0,2.0,,,
2015-16,6768136,13,6,Tottenham_Hotspur,Home,9865,Mousa Dembélé,mousa-dembele,M,False,,,2.0,40.0,16.0,56.0,,1.0,14.0,,,,2.0,,,2.0,6.0,11.0,,,1.0,,,,,4.0,4.0,,90.0,,,,,,,,,,,7.7,,,,3.0,6.0,2.0,,3.0,,45.0,18.0,61.0,0,4.0,85.0,,1.0,5.0,
2015-16,6768136,13,21,West_Ham_United,Away,12987,Alex Song,alex-song,M,True,,,,3.0,7.0,10.0,,,1.0,,,,,,,,,3.0,,,,,,,,,,,10.0,,,,,,,,,,,6.9,,,,,,,,,,4.0,8.0,12.0,0,3.0,16.0,,,,
2015-16,6768136,13,6,Tottenham_Hotspur,Home,44567,Ryan Mason,ryan-mason,M,True,,,1.0,8.0,3.0,11.0,,,1.0,,2.0,,,,,1.0,1.0,,,,,,,,1.0,1.0,,,19.0,2.0,,,,,,,,,,6.4,,,1.0,,,,,2.0,,12.0,3.0,15.0,3,,22.0,,,,
2015-16,6768136,13,21,West_Ham_United,Away,45944,Cheikhou Kouyaté,cheikhou-kouyate,M,False,,,2.0,15.0,21.0,36.0,,,17.0,,1.0,,1.0,,,1.0,3.0,2.0,,,1.0,,,,1.0,2.0,1.0,,90.0,,2.0,,,,,,,,,6.5,,,1.0,3.0,,,,3.0,,19.0,21.0,40.0,1,1.0,54.0,1.0,1.0,,
2015-16,6768136,13,6,Tottenham_Hotspur,Home,105734,Christian Eriksen,christian-eriksen,M,False,1.0,,,37.0,11.0,47.0,,,5.0,1.0,,,1.0,,,3.0,4.0,2.0,,,,2.0,,,,1.0,4.0,,90.0,2.0,,,,,,,,,,7.8,,,,1.0,2.0,7.0,,,,54.0,15.0,62.0,2,,84.0,1.0,,2.0,
2015-16,6768136,13,6,Tottenham_Hotspur,Home,198028,Dele Alli,dele-alli,M,False,,,1.0,15.0,5.0,20.0,1.0,,5.0,2.0,1.0,3.0,1.0,,,6.0,9.0,3.0,,,1.0,1.0,,,1.0,,3.0,,71.0,,,,,,,,,,,7.0,,,1.0,,,,,1.0,2.0,20.0,7.0,27.0,4,2.0,43.0,2.0,1.0,,
2015-16,6768136,13,21,West_Ham_United,Away,220315,Manuel Lanzini,manuel-lanzini,M,False,2.0,,2.0,24.0,17.0,39.0,,,8.0,,,1.0,3.0,,,3.0,11.0,10.0,,,,,1.0,,,,1.0,,90.0,1.0,,,,,,,,,,6.9,,,,,9.0,4.0,,2.0,,28.0,18.0,42.0,2,2.0,75.0,5.0,4.0,4.0,
2015-16,6768136,13,6,Tottenham_Hotspur,Home,361332,Joshua Onomah,joshua-onomah,M,True,,,,3.0,,3.0,,,,,,,,,,,,1.0,,,,,,,,,,,5.0,,,,,,,,,,,6.5,,,,,,,,,,4.0,,4.0,0,1.0,6.0,,,,
2015-16,6768136,13,6,Tottenham_Hotspur,Home,801460,Tom Carroll,carroll-tom,M,True,,,,,,,,,,,,,,,,,,,,,,,,,,,,,1.0,,,,,,,,,,,,,,,,,1.0,,,,1.0,,,0,,1.0,,,,
2015-16,6768137,13,1,Manchester_United,Away,326,Bastian Schweinsteiger,bastian-schweinsteiger,M,False,,,5.0,27.0,19.0,46.0,,1.0,9.0,,,,2.0,,,3.0,6.0,4.0,,,1.0,,,,,2.0,1.0,,90.0,,,,,,,,,,,6.9,,,2.0,2.0,,,,11.0,,40.0,24.0,64.0,2,3.0,82.0,3.0,,,
2015-16,6768137,13,57,Watford,Home,642,Ben Watson,ben-watson,M,False,1.0,,2.0,12.0,19.0,30.0,1.0,1.0,7.0,,,1.0,1.0,,,1.0,5.0,7.0,,,2.0,,,,,,,,90.0,,,,,,,,,,,6.9,,,,3.0,,5.0,,6.0,,27.0,20.0,42.0,1,6.0,63.0,1.0,,,
2015-16,6768137,13,57,Watford,Home,4366,Almen Abdi,almen-abdi,M,False,1.0,,1.0,15.0,10.0,24.0,,2.0,9.0,,,,1.0,,,3.0,5.0,8.0,,,,,,,,4.0,2.0,,90.0,1.0,,,,,,,,,,7.2,,,,,1.0,2.0,,2.0,,25.0,14.0,37.0,1,5.0,63.0,1.0,1.0,,
2015-16,6768137,13,57,Watford,Home,13990,José Jurado,jose-jurado,M,False,,,,6.0,6.0,12.0,1.0,,5.0,,,,,,,,2.0,3.0,,,,,,,,,,,45.0,,,,,,,,,,,6.5,,,,1.0,2.0,,,,,7.0,7.0,14.0,0,,22.0,2.0,2.0,1.0,
2015-16,6768137,13,57,Watford,Home,16701,Étienne Capoue,etienne-capoue,M,False,,,1.0,18.0,11.0,29.0,,1.0,10.0,,,1.0,,,,3.0,4.0,8.0,,1.0,,,,,,3.0,2.0,,90.0,,,,,,,,,,,7.0,,,1.0,2.0,2.0,,,3.0,,28.0,16.0,44.0,2,4.0,67.0,2.0,2.0,1.0,
2015-16,6768137,13,57,Watford,Home,20364,Ikechi Anya,ikechi-anya,M,False,,,1.0,13.0,17.0,30.0,1.0,,11.0,,,,,,,1.0,2.0,1.0,,,,,,,,5.0,,,90.0,,,,,,,,,,,6.8,,,,7.0,,3.0,,4.0,,25.0,21.0,43.0,0,1.0,77.0,1.0,,,
2015-16,6768137,13,1,Manchester_United,Away,27009,Morgan Schneiderlin,morgan-schneiderlin,M,False,,,4.0,22.0,25.0,47.0,2.0,1.0,13.0,,,,1.0,,,2.0,10.0,4.0,,,5.0,,,,,7.0,,,90.0,,1.0,,,,,,,,,7.1,,,1.0,3.0,1.0,,,4.0,,27.0,28.0,55.0,1,2.0,74.0,,,1.0,
2015-16,6768137,13,57,Watford,Home,27803,Alessandro Diamanti,alessandro-diamanti,M,True,,,,,,,,,,,,,,,,,,,,,,,,,,,,,,,,,,,,,,,,,,,,,,,,,,,,,0,,,,,,
2015-16,6768137,13,1,Manchester_United,Away,28367,Juan Mata,juan-mata,M,False,3.0,,4.0,34.0,8.0,39.0,,,2.0,,,,2.0,,,3.0,5.0,1.0,,,,,,,,,3.0,,79.0,,,,,,,,,,,6.5,,,,,,6.0,,7.0,1.0,42.0,10.0,46.0,0,,59.0,1.0,1.0,,
2015-16,6768137,13,57,Watford,Home,45989,Adlène Guédioura,adlene-guedioura,M,True,,,,,,,,,,,,,,,,,,,,,,,,,,,,,,,,,,,,,,,,,,,,,,,,,,,,,0,,,,,,
2015-16,6768137,13,57,Watford,Home,47668,Juan Carlos Paredes,juan-carlos-paredes,M,True,,,,3.0,1.0,4.0,,,3.0,,,,,,,2.0,2.0,2.0,,,,,,,,1.0,,,21.0,,,,,,,,,,,6.3,,,,,,,,,,4.0,1.0,5.0,0,,12.0,,2.0,,
2015-16,6768137,13,1,Manchester_United,Away,82474,Ander Herrera,ander-herrera,M,False,1.0,,,11.0,5.0,15.0,,,2.0,1.0,,1.0,1.0,,,1.0,2.0,,,,,1.0,,,,,1.0,,25.0,,,,,,,,,,,7.0,,,,,,2.0,,,,13.0,6.0,17.0,1,,24.0,1.0,,,
2015-16,6768137,13,1,Manchester_United,Away,285949,Andreas Pereira,andreas-pereira,M,True,1.0,,,8.0,,7.0,1.0,,1.0,,,,,,,2.0,4.0,1.0,,,,,,,,,2.0,,11.0,,,,,,,,,,,6.4,,,,,1.0,1.0,,,,9.0,1.0,9.0,0,1.0,15.0,,,,
2015-16,6768137,13,1,Manchester_United,Away,788131,Sean Goss,sean-goss,M,True,,,,,,,,,,,,,,,,,,,,,,,,,,,,,,,,,,,,,,,,,,,,,,,,,,,,,0,,,,,,
2015-16,6768139,13,3,Arsenal,Away,519,Mathieu Flamini,mathieu-flamini,M,True,1.0,,2.0,32.0,16.0,47.0,1.0,,4.0,,,,,,,1.0,2.0,1.0,,,,,,,,,,,41.0,,,,,,,,,,,6.7,,,,1.0,,3.0,,3.0,,36.0,16.0,49.0,0,1.0,58.0,,,,
2015-16,6768139,13,35,West_Bromwich_Albion,Home,765,Darren Fletcher,darren-fletcher,M,False,,,1.0,9.0,9.0,18.0,1.0,2.0,6.0,,,,1.0,,,1.0,3.0,6.0,,,,,,,,,,,90.0,,,,,,,,,,,6.8,,,,1.0,,,,2.0,,15.0,9.0,24.0,0,4.0,32.0,1.0,,,
2015-16,6768139,13,35,West_Bromwich_Albion,Home,822,James Morrison,james-morrison,M,False,,,,11.0,8.0,19.0,,,8.0,,,,,,,,4.0,4.0,,,3.0,,1.0,,,3.0,,,77.0,1.0,,,,,,,,,,7.3,,,,,2.0,,,2.0,,15.0,8.0,23.0,1,2.0,36.0,2.0,1.0,1.0,
2015-16,6768139,13,3,Arsenal,Away,1152,Mikel Arteta,mikel-arteta,M,True,,,1.0,12.0,7.0,19.0,1.0,,2.0,,,,1.0,,,,4.0,2.0,,,2.0,,,,,,,,35.0,,,1.0,,,,,,,,6.2,,,,1.0,,,,1.0,,13.0,7.0,20.0,0,1.0,25.0,,1.0,,
2015-16,6768139,13,35,West_Bromwich_Albion,Home,10540,Chris Brunt,chris-brunt,M,False,1.0,,3.0,10.0,4.0,13.0,,2.0,2.0,,,,4.0,,,1.0,6.0,4.0,,,1.0,1.0,,,,4.0,2.0,,90.0,,,,1.0,,,,,,,6.3,,,,5.0,1.0,4.0,,7.0,,16.0,7.0,19.0,0,1.0,47.0,,,1.0,
2015-16,6768139,13,35,West_Bromwich_Albion,Home,14235,Craig Gardner,craig-gardner,M,True,,,,,3.0,3.0,1.0,1.0,1.0,,,,3.0,,,,4.0,2.0,,,,,,,,2.0,,,29.0,,,,,,,,,,,6.3,,,,2.0,,,,2.0,,4.0,4.0,8.0,0,1.0,14.0,1.0,,,
2015-16,6768139,13,3,Arsenal,Away,16176,Mesut Özil,mesut-ozil,M,False,1.0,,2.0,61.0,19.0,79.0,,,6.0,1.0,,,1.0,,,,2.0,3.0,,,,1.0,,,1.0,,2.0,,90.0,,,,,,,,,,,7.6,,,1.0,2.0,2.0,7.0,,3.0,,74.0,19.0,86.0,1,1.0,105.0,2.0,1.0,1.0,
2015-16,6768139,13,35,West_Bromwich_Albion,Home,16657,Stéphane Sessègnon,stephane-sessegnon,M,False,,,,5.0,3.0,8.0,1.0,,3.0,,,1.0,,,,2.0,6.0,3.0,,,1.0,,,,,2.0,,,61.0,,,,,,,,,,,6.2,,,,,2.0,3.0,,,1.0,10.0,4.0,11.0,1,1.0,27.0,1.0,2.0,,
2015-16,6768139,13,3,Arsenal,Away,17651,Santi Cazorla,santi-cazorla,M,False,,,1.0,80.0,33.0,113.0,,,7.0,1.0,1.0,,,,,2.0,3.0,4.0,,,1.0,,,,,2.0,1.0,,90.0,,,,,,1.0,,,,,7.2,,,2.0,2.0,4.0,1.0,,6.0,,93.0,35.0,127.0,2,,143.0,,1.0,3.0,
2015-16,6768139,13,3,Arsenal,Away,40672,Francis Coquelin,francis-coquelin,M,False,,,1.0,5.0,5.0,10.0,,,1.0,,,,1.0,,,,2.0,2.0,,,2.0,,,,,1.0,,,14.0,,,,,,,,,,,6.7,,,,,,,,1.0,,5.0,6.0,11.0,0,1.0,15.0,,1.0,,
2015-16,6768139,13,35,West_Bromwich_Albion,Home,41631,James McClean,james-mcclean,M,False,,,,7.0,5.0,12.0,,1.0,3.0,,,,5.0,,,,9.0,6.0,,,3.0,,,,,1.0,,,90.0,,,,,,,,,,,5.9,,,,2.0,3.0,8.0,,2.0,1.0,17.0,6.0,15.0,0,3.0,36.0,1.0,,2.0,
2015-16,6768139,13,35,West_Bromwich_Albion,Home,53783,Callum McManaman,callum-mcmanaman,M,True,,,,,,,,,,,,,,,,,,,,,,,,,,,,,,,,,,,,,,,,,,,,,,,,,,,,,0,,,,,,
2015-16,6768139,13,35,West_Bromwich_Albion,Home,151037,Claudio Yacob,claudio-yacob,M,False,,,1.0,8.0,9.0,17.0,,,6.0,,,,1.0,,,,3.0,4.0,,,2.0,,,,,4.0,,,90.0,,,,,,,,,,,7.1,,,,2.0,1.0,,,3.0,,14.0,12.0,26.0,0,2.0,41.0,,1.0,1.0,
2015-16,6768139,13,3,Arsenal,Away,154508,Joel Campbell,joel-campbell,M,True,,,,7.0,2.0,9.0,2.0,,,,1.0,,1.0,,,,4.0,1.0,,,,,,,,,,,27.0,,,,,,,,,,,6.1,,,1.0,,2.0,,,,,9.0,2.0,11.0,1,,16.0,1.0,,1.0,
2015-16,6768139,13,3,Arsenal,Away,794269,Jeff Reine-Adélaïde,jeff-reine-adelaide,M,True,,,,,,,,,,,,,,,,,,,,,,,,,,,,,,,,,,,,,,,,,,,,,,,,,,,,,0,,,,,,
2015-16,6768141,13,11,Everton,Home,544,Gareth Barry,gareth-barry,M,False,,,5.0,40.0,45.0,85.0,,,1.0,,,,,,,1.0,3.0,7.0,,,2.0,,,,,2.0,,,90.0,,,,,,,,,,,7.5,,,,1.0,1.0,,,15.0,,55.0,46.0,101.0,0,4.0,115.0,,2.0,1.0,
2015-16,6768141,13,7,Aston_Villa,Away,764,Kieran Richardson,kieran-richardson,M,False,,,5.0,14.0,27.0,41.0,,,3.0,,,,2.0,,,,5.0,5.0,,,2.0,,,,,1.0,,,90.0,1.0,,,,,,,,,,6.3,,,,2.0,1.0,2.0,,6.0,,19.0,28.0,45.0,1,4.0,66.0,,1.0,,
2015-16,6768141,13,7,Aston_Villa,Away,789,Charles N'Zogbia,charles-nzogbia,M,True,,,,3.0,1.0,4.0,,,1.0,,,,,,,,2.0,1.0,,,1.0,,,,,,,,16.0,,,,,,,,,,,6.4,,,,,1.0,,,,,3.0,1.0,4.0,0,1.0,8.0,1.0,,,
2015-16,6768141,13,11,Everton,Home,1161,Leon Osman,leon-osman,M,True,,,,3.0,7.0,10.0,,,1.0,,,,,,,2.0,3.0,2.0,,,1.0,,,,,1.0,,,16.0,,,,,,,,,,,6.5,,,,,,,,,,6.0,7.0,13.0,0,1.0,18.0,,1.0,,
2015-16,6768141,13,11,Everton,Home,3593,Kevin Mirallas,kevin-mirallas,M,True,,,3.0,10.0,5.0,15.0,,,,,,,,,,,1.0,4.0,,,,,,,,,2.0,,16.0,1.0,,,,,,,,,,7.4,,,2.0,,3.0,2.0,,4.0,,14.0,5.0,17.0,3,,29.0,1.0,2.0,2.0,
2015-16,6768141,13,11,Everton,Home,9692,Aaron Lennon,aaron-lennon,M,True,,,,,,,,,,,,,,,,,,,,,,,,,,,,,,,,,,,,,,,,,,,,,,,,,,,,,0,,,,,,
2015-16,6768141,13,11,Everton,Home,21073,Darron Gibson,darron-gibson,M,True,,,2.0,3.0,5.0,8.0,,,2.0,,,,,,,,,1.0,,,,,,,,,2.0,,6.0,,,,,,,,,,,,,,,,,,,2.0,,4.0,5.0,9.0,0,1.0,10.0,,,,
2015-16,6768141,13,7,Aston_Villa,Away,24055,Scott Sinclair,scott-sinclair,M,True,,,,,,,,,,,,,,,,,,,,,,,,,,,,,,,,,,,,,,,,,,,,,,,,,,,,,0,,,,,,
2015-16,6768141,13,11,Everton,Home,39283,James McCarthy,james-mccarthy,M,False,1.0,,3.0,25.0,33.0,57.0,1.0,,5.0,,,,1.0,,,,2.0,2.0,,,,,,,,1.0,,,84.0,,2.0,,,,,,,,,7.1,,,1.0,1.0,,1.0,,5.0,,25.0,36.0,60.0,1,2.0,73.0,3.0,,,
2015-16,6768141,13,11,Everton,Home,46432,Tom Cleverley,tom-cleverley,M,True,,,,,,,,,,,,,,,,,,,,,,,,,,,,,,,,,,,,,,,,,,,,,,,,,,,,,0,,,,,,
2015-16,6768141,13,7,Aston_Villa,Away,49647,Ashley Westwood,ashley-westwood,M,False,,,3.0,33.0,26.0,59.0,,,9.0,,,1.0,2.0,,,,2.0,,,,,,,,,5.0,1.0,,90.0,,,,,,,,,,,6.7,,,1.0,1.0,,,,9.0,,45.0,28.0,73.0,2,,81.0,,,,
2015-16,6768141,13,7,Aston_Villa,Away,74545,Leandro Bacuna,leandro-bacuna,M,True,,,,,,,,,,,,,,,,,,,,,,,,,,,,,,,,,,,,,,,,,,,,,,,,,,,,,0,,,,,,
2015-16,6768141,13,11,Everton,Home,98435,Ross Barkley,ross-barkley,M,False,,,,25.0,13.0,38.0,,,4.0,1.0,,,3.0,,,2.0,5.0,3.0,,,,1.0,2.0,,,1.0,1.0,,74.0,2.0,,,,,,,,,,8.5,,,,,1.0,2.0,,3.0,,32.0,13.0,43.0,2,1.0,59.0,3.0,1.0,1.0,
2015-16,6768141,13,7,Aston_Villa,Away,106337,Idrissa Gana Gueye,idrissa-gana-gueye,M,False,,,2.0,7.0,13.0,20.0,,1.0,2.0,,,,1.0,,,,2.0,3.0,,,,,,,,3.0,,,45.0,,,,,,,,,,,6.6,,,,1.0,1.0,,,2.0,,8.0,14.0,22.0,0,2.0,29.0,,,,
2015-16,6768141,13,7,Aston_Villa,Away,151124,Jordan Veretout,jordan-veretout,M,False,1.0,,2.0,22.0,15.0,36.0,1.0,,2.0,,,1.0,3.0,,,1.0,7.0,4.0,,,1.0,,,,,1.0,3.0,,90.0,,,,,,,,,,,6.5,,,1.0,,1.0,1.0,,3.0,,23.0,19.0,41.0,2,1.0,53.0,1.0,3.0,,
2015-16,6768141,13,7,Aston_Villa,Away,189061,Jack Grealish,jack-grealish,M,False,,,1.0,11.0,12.0,23.0,,,4.0,,,1.0,,,,,3.0,3.0,,,,,,,,4.0,4.0,,74.0,,,,,,,,,,,7.1,,,,,4.0,,,2.0,,12.0,14.0,26.0,1,2.0,42.0,,,1.0,
2015-16,6768141,13,7,Aston_Villa,Away,254895,Carles Gil,carles-gil,M,False,1.0,,,9.0,8.0,16.0,,,3.0,,,1.0,,,,,3.0,2.0,,,,,,,,,1.0,,57.0,,,,,,,,,,,6.6,,,,,4.0,3.0,,,1.0,14.0,8.0,19.0,1,1.0,30.0,,,1.0,
2015-16,6768133,14,57,Watford,Away,642,Ben Watson,ben-watson,M,False,4.0,,2.0,19.0,9.0,24.0,1.0,1.0,5.0,,,2.0,6.0,,,,10.0,4.0,,,3.0,,,,,2.0,2.0,,90.0,,,,,,,,,,,6.6,,,,5.0,,9.0,,6.0,,35.0,10.0,36.0,2,3.0,59.0,1.0,,,
2015-16,6768133,14,7,Aston_Villa,Home,764,Kieran Richardson,kieran-richardson,M,False,,,2.0,24.0,24.0,48.0,,1.0,2.0,,,,1.0,,,,1.0,5.0,,,,1.0,,,,3.0,2.0,,90.0,,1.0,,,,,,,,,7.1,,,,6.0,1.0,5.0,,4.0,,32.0,29.0,56.0,0,3.0,89.0,2.0,,1.0,
2015-16,6768133,14,57,Watford,Away,4366,Almen Abdi,almen-abdi,M,False,,,,11.0,4.0,15.0,3.0,,5.0,,,,2.0,,,,6.0,2.0,,,1.0,,,,,1.0,1.0,,81.0,,1.0,,,,,,,,,6.4,,,,1.0,,1.0,,1.0,,16.0,4.0,19.0,0,2.0,29.0,3.0,,,
2015-16,6768133,14,57,Watford,Away,13990,José Jurado,jose-jurado,M,True,,,,,,,,,,,,,,,,,,,,,,,,,,,,,,,,,,,,,,,,,,,,,,,,,,,,,0,,,,,,
2015-16,6768133,14,57,Watford,Away,16701,Étienne Capoue,etienne-capoue,M,False,,,,15.0,7.0,22.0,,1.0,3.0,,1.0,,2.0,,,,4.0,6.0,,,1.0,,,,,1.0,,,90.0,1.0,,,,,,,,,,6.5,,,,2.0,2.0,1.0,,3.0,,27.0,8.0,34.0,1,3.0,48.0,,1.0,1.0,
2015-16,6768133,14,57,Watford,Away,20364,Ikechi Anya,ikechi-anya,M,True,,,,7.0,,7.0,,,3.0,,,,,,,1.0,3.0,1.0,,,,,,,,1.0,,,23.0,,,,,,,,,,,6.3,,,,2.0,2.0,1.0,,3.0,,9.0,2.0,10.0,0,1.0,18.0,,,,
2015-16,6768133,14,7,Aston_Villa,Home,24055,Scott Sinclair,scott-sinclair,M,False,,,,13.0,6.0,19.0,1.0,,1.0,,,,,,,1.0,5.0,2.0,,,,,,,,,,,90.0,1.0,,,,,,,,,,6.4,,,1.0,1.0,4.0,3.0,,,1.0,18.0,7.0,22.0,2,,41.0,3.0,1.0,1.0,
2015-16,6768133,14,57,Watford,Away,27803,Alessandro Diamanti,alessandro-diamanti,M,True,,,,,,,,,,,,,,,,,,,,,,,,,,,,,,,,,,,,,,,,,,,,,,,,,,,,,0,,,,,,
2015-16,6768133,14,57,Watford,Away,45989,Adlène Guédioura,adlene-guedioura,M,True,,,,,2.0,2.0,,,2.0,,,,,,,,2.0,2.0,,,2.0,,,,,1.0,,,9.0,2.0,,,,,,,,,,7.0,,,,,1.0,1.0,,,,3.0,2.0,4.0,2,1.0,10.0,,,1.0,
2015-16,6768133,14,57,Watford,Away,47668,Juan Carlos Paredes,juan-carlos-paredes,M,False,1.0,,,4.0,1.0,4.0,,,3.0,,,,2.0,,,,3.0,3.0,,,1.0,,,,,1.0,,,67.0,,,,,,,,,,,6.5,,,,,,3.0,,2.0,,9.0,1.0,7.0,0,1.0,22.0,2.0,2.0,,
2015-16,6768133,14,7,Aston_Villa,Home,49647,Ashley Westwood,ashley-westwood,M,True,,,,,,,,,,,,,,,,,,,,,,,,,,,,,,,,,,,,,,,,,,,,,,,,,,,,,0,,,,,,
2015-16,6768133,14,7,Aston_Villa,Home,74545,Leandro Bacuna,leandro-bacuna,M,True,,,,,,,,,,,,,,,,,,,,,,,,,,,,,,,,,,,,,,,,,,,,,,,,,,,,,0,,,,,,
2015-16,6768133,14,7,Aston_Villa,Home,106337,Idrissa Gana Gueye,idrissa-gana-gueye,M,False,,,3.0,32.0,32.0,64.0,,1.0,8.0,,,,1.0,,,,3.0,2.0,,,1.0,,,,,3.0,1.0,,82.0,,,,,,,,,,,6.8,,,1.0,1.0,1.0,,,4.0,,36.0,34.0,70.0,1,,81.0,2.0,1.0,,
2015-16,6768133,14,7,Aston_Villa,Home,151124,Jordan Veretout,jordan-veretout,M,False,2.0,,2.0,31.0,14.0,43.0,1.0,1.0,9.0,,,1.0,1.0,,,,4.0,7.0,,,2.0,1.0,,,,2.0,1.0,,90.0,,,,,,,,,,,7.2,,,,1.0,,11.0,,6.0,,52.0,17.0,58.0,1,3.0,82.0,2.0,3.0,,
2015-16,6768133,14,7,Aston_Villa,Home,254895,Carles Gil,carles-gil,M,False,2.0,,,18.0,6.0,22.0,,,,,,,1.0,,,1.0,4.0,2.0,,,,,,,,,3.0,,68.0,,,,,,,,,,,6.6,,,,,3.0,5.0,,,,23.0,6.0,24.0,0,,38.0,3.0,1.0,1.0,
2015-16,6768134,14,11,Everton,Away,544,Gareth Barry,gareth-barry,M,False,,,7.0,24.0,26.0,50.0,2.0,1.0,5.0,,,,2.0,,,3.0,8.0,8.0,,,1.0,,,,,2.0,1.0,,90.0,,1.0,,,,,,,,,6.8,,,,4.0,2.0,1.0,,13.0,,34.0,26.0,59.0,0,3.0,80.0,1.0,2.0,2.0,
2015-16,6768134,14,11,Everton,Away,1161,Leon Osman,leon-osman,M,True,,,,,,,,,,,,,,,,,,,,,,,,,,,,,,,,,,,,,,,,,,,,,,,,,,,,,0,,,,,,
2015-16,6768134,14,11,Everton,Away,3593,Kevin Mirallas,kevin-mirallas,M,True,,,,,,,,,,,,,,,,,,,,,,,,,,,,,,,,,,,,,,,,,,,,,,,,,,,,,0,,,,,,
2015-16,6768134,14,11,Everton,Away,9692,Aaron Lennon,aaron-lennon,M,True,,,,,1.0,1.0,,,,,,,,,,,,,,,,,,,,,,,4.0,,,,,,,,,,,6.2,,,,,,,,,,,1.0,1.0,0,,2.0,,,,
2015-16,6768134,14,91,Bournemouth,Home,14695,Andrew Surman,andrew-surman,M,False,,,11.0,49.0,34.0,83.0,1.0,1.0,10.0,,,1.0,2.0,,,,3.0,6.0,,,,,,,,2.0,1.0,,90.0,,2.0,,,,,,,,,7.4,,,,1.0,1.0,,,14.0,,59.0,39.0,98.0,1,4.0,112.0,1.0,,1.0,
2015-16,6768134,14,11,Everton,Away,21073,Darron Gibson,darron-gibson,M,True,,,,,,,,,,,,,,,,,,,,,,,,,,,,,1.0,,,,,,,,,,,,,,,,,,,,,,,,0,,,,,,
2015-16,6768134,14,91,Bournemouth,Home,39121,Harry Arter,harry-arter,M,False,,,2.0,28.0,16.0,44.0,,1.0,4.0,,,,3.0,,,4.0,7.0,5.0,,,,,,,,,3.0,,76.0,,,,,,,,,,,6.9,,,1.0,1.0,,,,5.0,,32.0,20.0,52.0,1,4.0,65.0,2.0,,,
2015-16,6768134,14,11,Everton,Away,39283,James McCarthy,james-mccarthy,M,False,,,4.0,9.0,20.0,29.0,1.0,1.0,3.0,,,,,,,2.0,5.0,7.0,,,2.0,,,,,,,,68.0,1.0,,,,,,,,,,7.4,,,,3.0,,,,5.0,,13.0,22.0,35.0,1,6.0,51.0,,,,
2015-16,6768134,14,91,Bournemouth,Home,41628,Eunan O'Kane,eunan-okane,M,True,,,,,,,,,,,,,,,,,,,,,,,,,,,,,,,,,,,,,,,,,,,,,,,,,,,,,0,,,,,,
2015-16,6768134,14,91,Bournemouth,Home,42699,Matt Ritchie,matt-ritchie,M,False,2.0,,4.0,22.0,13.0,33.0,2.0,,10.0,,,,,,,1.0,4.0,3.0,,,,,,,,2.0,2.0,,90.0,3.0,,,,,,,,,,7.2,,,,,1.0,11.0,,8.0,,43.0,16.0,48.0,3,2.0,77.0,,1.0,,
2015-16,6768134,14,91,Bournemouth,Home,44823,Junior Stanislas,junior-stanislas,M,False,,,2.0,25.0,7.0,32.0,,2.0,3.0,,,2.0,,,,1.0,4.0,3.0,,,1.0,,2.0,,,,2.0,,90.0,2.0,,,,,,,,,,7.9,,,,1.0,3.0,6.0,,2.0,,38.0,7.0,39.0,4,,61.0,1.0,,1.0,
2015-16,6768134,14,11,Everton,Away,46432,Tom Cleverley,tom-cleverley,M,True,,,,3.0,7.0,10.0,,,1.0,,,,1.0,,,,1.0,1.0,,,,,,,,2.0,,,22.0,,,,,,,,,,,6.3,,,,1.0,,1.0,,1.0,,6.0,7.0,12.0,0,1.0,17.0,,,,
2015-16,6768134,14,11,Everton,Away,98435,Ross Barkley,ross-barkley,M,False,2.0,,1.0,23.0,21.0,42.0,1.0,2.0,12.0,1.0,,1.0,,,,2.0,5.0,7.0,,,,1.0,1.0,,,,4.0,,90.0,1.0,,,,,,,,,,8.3,,,,1.0,5.0,3.0,,3.0,,30.0,21.0,48.0,2,1.0,68.0,3.0,1.0,3.0,
2015-16,6768135,14,1,Manchester_United,Away,326,Bastian Schweinsteiger,bastian-schweinsteiger,M,False,,,2.0,31.0,25.0,56.0,,1.0,9.0,,,1.0,1.0,,,2.0,3.0,5.0,,,,,1.0,,,1.0,,,90.0,2.0,,,,,,,,,,7.7,,,1.0,,1.0,,,4.0,,35.0,27.0,62.0,4,3.0,76.0,2.0,,1.0,
2015-16,6768135,14,1,Manchester_United,Away,938,Michael Carrick,michael-carrick,M,False,,,5.0,40.0,25.0,65.0,2.0,1.0,8.0,,,,1.0,,,2.0,5.0,5.0,,,,,,,,1.0,,,90.0,,1.0,,,,,,,,,6.9,,,,,,,,7.0,,47.0,28.0,75.0,0,3.0,84.0,,1.0,,
2015-16,6768135,14,13,Leicester_City,Home,4252,Gökhan Inler,gokhan-inler,M,True,,,,,,,,,,,,,,,,,,,,,,,,,,,,,,,,,,,,,,,,,,,,,,,,,,,,,0,,,,,,
2015-16,6768135,14,13,Leicester_City,Home,14231,Nathan Dyer,nathan-dyer,M,True,,,,,,,,,,,,,,,,,,,,,,,,,,,,,,,,,,,,,,,,,,,,,,,,,,,,,0,,,,,,
2015-16,6768135,14,1,Manchester_United,Away,27009,Morgan Schneiderlin,morgan-schneiderlin,M,True,,,,,,,,,,,,,,,,,,,,,,,,,,,,,,,,,,,,,,,,,,,,,,,,,,,,,0,,,,,,
2015-16,6768135,14,1,Manchester_United,Away,28367,Juan Mata,juan-mata,M,False,,,3.0,44.0,10.0,54.0,3.0,,1.0,,,2.0,,,,2.0,7.0,3.0,,,1.0,,,,,,,,90.0,,,,,,,,,,,6.9,,,,1.0,1.0,1.0,,3.0,,48.0,10.0,57.0,2,2.0,70.0,1.0,1.0,,
2015-16,6768135,14,13,Leicester_City,Home,30530,Andy King,andy-king,M,True,,,,,,,,,,,,,,,,,,,,,,,,,,,,,,,,,,,,,,,,,,,,,,,,,,,,,0,,,,,,
2015-16,6768135,14,13,Leicester_City,Home,47737,Marc Albrighton,marc-albrighton,M,False,,,2.0,10.0,2.0,12.0,,1.0,7.0,,,1.0,1.0,,,,2.0,7.0,,,,,,,,3.0,,,70.0,,,,,,,,,,,7.1,,,,,3.0,5.0,,6.0,1.0,24.0,3.0,22.0,1,4.0,39.0,,,2.0,
2015-16,6768135,14,13,Leicester_City,Home,54330,Danny Drinkwater,danny-drinkwater,M,False,,,2.0,15.0,13.0,28.0,1.0,2.0,8.0,,,,2.0,,,1.0,6.0,5.0,,,,,,,,2.0,,,90.0,,,,,,,,,,,6.7,,,1.0,2.0,2.0,1.0,,5.0,,25.0,15.0,39.0,1,3.0,55.0,1.0,,,
2015-16,6768135,14,13,Leicester_City,Home,148710,Jeffrey Schlupp,jeffrey-schlupp,M,True,,,,,,,,1.0,,,,,,,,,2.0,5.0,,,,,,,,,,,20.0,,,,,,,,,,,6.7,,,,2.0,3.0,,,,,,,,0,3.0,9.0,,,1.0,
2015-16,6768135,14,13,Leicester_City,Home,158213,Riyad Mahrez,riyad-mahrez,M,False,1.0,,,12.0,3.0,14.0,2.0,,7.0,1.0,,,1.0,,,2.0,8.0,12.0,,,,,,,,2.0,1.0,,90.0,1.0,1.0,,,,,,,,,7.4,,,,1.0,7.0,3.0,,2.0,1.0,20.0,4.0,21.0,1,4.0,55.0,5.0,4.0,4.0,
2015-16,6768135,14,1,Manchester_United,Away,191176,Anthony Martial,anthony-martial,M,False,,,,13.0,5.0,18.0,4.0,2.0,2.0,,,,,,,5.0,15.0,7.0,,,1.0,,,,,,1.0,,90.0,,,,,,,,,,,6.3,,,,,9.0,1.0,,,,21.0,6.0,26.0,0,,47.0,3.0,1.0,4.0,
2015-16,6768135,14,13,Leicester_City,Home,234148,N'Golo Kanté,n-golo-kante,M,False,,,2.0,14.0,19.0,33.0,,1.0,10.0,,,1.0,,,,2.0,2.0,3.0,,,,,,,,5.0,1.0,,90.0,,,,,,,,,,,7.2,,,,,,2.0,,3.0,,20.0,21.0,39.0,1,2.0,56.0,1.0,,,
2015-16,6768135,14,1,Manchester_United,Away,285949,Andreas Pereira,andreas-pereira,M,True,,,,,,,,,,,,,,,,,,,,,,,,,,,,,,,,,,,,,,,,,,,,,,,,,,,,,0,,,,,,
2015-16,6768138,14,3,Arsenal,Away,519,Mathieu Flamini,mathieu-flamini,M,False,,,2.0,32.0,24.0,56.0,,2.0,5.0,,,,,,,,1.0,6.0,,,1.0,,,,,3.0,1.0,,90.0,,1.0,,,,,,,,,7.5,,,,2.0,1.0,,,2.0,,38.0,26.0,64.0,0,3.0,78.0,1.0,,1.0,
2015-16,6768138,14,45,Norwich_City,Home,9148,Graham Dorrans,graham-dorrans,M,False,,,4.0,20.0,17.0,37.0,,,7.0,,,,2.0,,,,2.0,1.0,,,,,,,,1.0,1.0,,90.0,,,,,,,,,,,6.8,,,1.0,1.0,,,,5.0,,23.0,18.0,41.0,1,1.0,49.0,1.0,,,
2015-16,6768138,14,3,Arsenal,Away,10577,Alex Oxlade-Chamberlain,alex-oxlade-chamberlain,M,True,1.0,,1.0,15.0,2.0,16.0,,,,,,,1.0,,,2.0,3.0,,,,,,,,,1.0,1.0,,18.0,,,,,,,,,,,6.3,,,,,,4.0,,1.0,,19.0,2.0,17.0,0,,25.0,1.0,,,
2015-16,6768138,14,45,Norwich_City,Home,14336,Wesley Hoolahan,wesley-hoolahan,M,False,,,3.0,30.0,14.0,44.0,1.0,,4.0,,1.0,,3.0,,,1.0,7.0,3.0,,,1.0,,,,,,2.0,,85.0,,,,,,,,,,,6.2,,,1.0,,3.0,2.0,,4.0,,38.0,16.0,52.0,1,,64.0,2.0,1.0,2.0,
2015-16,6768138,14,3,Arsenal,Away,16176,Mesut Özil,mesut-ozil,M,False,2.0,,4.0,58.0,11.0,67.0,1.0,,4.0,,1.0,3.0,1.0,,,3.0,6.0,1.0,,,1.0,,1.0,,,1.0,2.0,,90.0,2.0,,,,,,,,,,7.6,,,,2.0,1.0,5.0,,4.0,,62.0,11.0,68.0,5,,85.0,,,1.0,
2015-16,6768138,14,3,Arsenal,Away,17651,Santi Cazorla,santi-cazorla,M,False,,,3.0,54.0,21.0,75.0,,,8.0,,,,3.0,,,2.0,6.0,7.0,,,2.0,,,,,,1.0,,90.0,,,,,,,,,,,7.0,,,1.0,1.0,4.0,1.0,,5.0,,59.0,27.0,85.0,1,1.0,99.0,1.0,2.0,4.0,
2015-16,6768138,14,45,Norwich_City,Home,17806,Vadis Odjidja-Ofoe,vadis-odjidja-ofoe,M,True,,,,2.0,2.0,4.0,,,2.0,,,1.0,,,,,1.0,,,,1.0,,,,,,,,5.0,,,,,,,,,,,6.6,,,,1.0,,,,,,2.0,2.0,4.0,1,,6.0,,,,
2015-16,6768138,14,45,Norwich_City,Home,18712,Youssouf Mulumbu,youssouf-mulumbu,M,True,,,,,,,,,,,,,,,,,,,,,,,,,,,,,,,,,,,,,,,,,,,,,,,,,,,,,0,,,,,,
2015-16,6768138,14,3,Arsenal,Away,23571,Aaron Ramsey,aaron-ramsey,M,False,,,1.0,24.0,12.0,36.0,,,1.0,,,1.0,2.0,,,,3.0,2.0,,,1.0,,,,,,1.0,,72.0,,,,,,,,,,,6.5,,,,,1.0,3.0,,1.0,,30.0,12.0,39.0,1,,49.0,3.0,1.0,1.0,
2015-16,6768138,14,45,Norwich_City,Home,29691,Gary O'Neil,gary-oneil,M,False,,,4.0,15.0,18.0,33.0,2.0,,7.0,,,,1.0,,,1.0,8.0,8.0,,,4.0,,,,,2.0,,,90.0,,,,,,,,,,,7.0,,,1.0,2.0,3.0,2.0,,6.0,,26.0,20.0,44.0,1,3.0,63.0,1.0,2.0,3.0,
2015-16,6768138,14,45,Norwich_City,Home,115346,Nathan Redmond,nathan-redmond,M,True,1.0,,,8.0,2.0,9.0,,,2.0,,,,1.0,,,1.0,2.0,1.0,,,,,,,,,,,19.0,,,,,,,,,,,6.5,,,,,1.0,2.0,,1.0,,11.0,3.0,12.0,0,,16.0,,,1.0,
2015-16,6768138,14,3,Arsenal,Away,154508,Joel Campbell,joel-campbell,M,True,,,,10.0,1.0,11.0,,2.0,,,,,1.0,,,,2.0,2.0,,,,,,,,,,,30.0,,,,,,,,,,,6.3,,,,,1.0,1.0,,,1.0,14.0,1.0,14.0,0,,19.0,1.0,,,
2015-16,6768138,14,45,Norwich_City,Home,267621,Robbie Brady,robbie-brady,M,False,2.0,,1.0,15.0,6.0,19.0,1.0,1.0,5.0,1.0,,,1.0,,,1.0,4.0,6.0,,,,1.0,,,,,1.0,,90.0,1.0,,,,,,,,,,7.4,,,,2.0,2.0,6.0,,2.0,,29.0,7.0,30.0,1,4.0,48.0,,,1.0,
2015-16,6768138,14,3,Arsenal,Away,794269,Jeff Reine-Adélaïde,jeff-reine-adelaide,M,True,,,,,,,,,,,,,,,,,,,,,,,,,,,,,,,,,,,,,,,,,,,,,,,,,,,,,0,,,,,,
2015-16,6768140,14,20,Southampton,Away,559,Steven Davis,steven-davis,M,False,,,3.0,31.0,24.0,55.0,1.0,,8.0,,,,1.0,1.0,,1.0,4.0,4.0,,,1.0,,,,,1.0,,,90.0,,3.0,,,,,,,,,6.8,,,,,,1.0,,5.0,1.0,39.0,24.0,62.0,0,2.0,78.0,2.0,2.0,,
2015-16,6768140,14,43,Manchester_City,Home,11781,David Silva,david-silva,M,True,,,,5.0,3.0,8.0,,,1.0,,,,1.0,,,,1.0,,,,,,,,,2.0,,,15.0,,,,,,,,,,,6.5,,,,,,,,,,7.0,5.0,12.0,0,,14.0,,,,
2015-16,6768140,14,43,Manchester_City,Home,13630,Fernandinho,fernandinho,M,False,,,3.0,23.0,10.0,33.0,,1.0,7.0,,,1.0,3.0,,,1.0,8.0,8.0,,,5.0,,,,,5.0,,,90.0,1.0,1.0,,,,,,,,,7.2,,,,1.0,,,,4.0,,29.0,12.0,41.0,2,5.0,62.0,1.0,2.0,,
2015-16,6768140,14,43,Manchester_City,Home,14468,Yaya Touré,yaya-toure,M,False,,,9.0,33.0,14.0,47.0,1.0,1.0,8.0,,,1.0,1.0,,,4.0,6.0,7.0,,,,,,,,1.0,2.0,,90.0,2.0,1.0,,,,,,,,,7.5,,,,1.0,1.0,,,9.0,,38.0,17.0,55.0,3,2.0,77.0,3.0,3.0,1.0,
2015-16,6768140,14,43,Manchester_City,Home,24048,Fabian Delph,fabian-delph,M,False,,,,22.0,6.0,28.0,1.0,,4.0,1.0,,1.0,1.0,,,3.0,6.0,7.0,,,1.0,,1.0,,,,1.0,,70.0,1.0,,,,,,,,,,7.8,,,,1.0,3.0,1.0,,1.0,,26.0,7.0,32.0,2,4.0,48.0,1.0,,3.0,
2015-16,6768140,14,43,Manchester_City,Home,41837,Fernando,fernando-reges,M,True,,,,3.0,5.0,8.0,,,2.0,,,,2.0,,,,4.0,3.0,,,2.0,,,,,1.0,,,20.0,,,,,,,,,,,6.6,,,,1.0,,,,1.0,,4.0,5.0,9.0,0,3.0,14.0,,,,
2015-16,6768140,14,20,Southampton,Away,45956,Victor Wanyama,victor-wanyama,M,False,,,4.0,30.0,38.0,68.0,1.0,2.0,9.0,,,1.0,2.0,,,5.0,10.0,6.0,,,2.0,,,,,1.0,,,90.0,1.0,,,,,,,,,,6.2,,,,2.0,,1.0,,8.0,1.0,42.0,43.0,84.0,2,3.0,104.0,3.0,1.0,,
2015-16,6768140,14,20,Southampton,Away,69416,Oriol Romeu,oriol-romeu,M,False,,,,17.0,7.0,24.0,1.0,,1.0,,,,,,,,2.0,2.0,,,1.0,,,,,,,,45.0,,1.0,,,,,,,,,6.6,,,,,,,,,,19.0,9.0,28.0,0,2.0,31.0,,,,
2015-16,6768140,14,43,Manchester_City,Home,70996,Kevin De Bruyne,kevin-de-bruyne,M,False,2.0,,2.0,29.0,10.0,37.0,,,10.0,,,,1.0,,,1.0,3.0,1.0,,,,2.0,1.0,,,3.0,5.0,,90.0,1.0,,,,,,,,,,8.5,,,,,1.0,4.0,,5.0,,36.0,11.0,43.0,1,1.0,59.0,1.0,,,
2015-16,6768140,14,20,Southampton,Away,116946,Jordy Clasie,jordy-clasie,M,True,,,,,,,,,,,,,,,,,,,,,,,,,,,,,,,,,,,,,,,,,,,,,,,,,,,,,0,,,,,,
2015-16,6768140,14,20,Southampton,Away,135590,Gastón Ramírez,gaston-ramirez,M,True,,,,,,,,,,,,,,,,,,,,,,,,,,,,,,,,,,,,,,,,,,,,,,,,,,,,,0,,,,,,
2015-16,6768140,14,20,Southampton,Away,161717,James Ward-Prowse,james-ward-prowse,M,False,1.0,,1.0,26.0,13.0,38.0,,,6.0,1.0,,,,,,2.0,3.0,2.0,,,1.0,,,,,,5.0,,77.0,,,,,,,,,,,7.0,,,1.0,,1.0,4.0,,3.0,,35.0,15.0,46.0,1,1.0,57.0,,,1.0,
2015-16,6768140,14,20,Southampton,Away,217704,Sadio Mané,sadio-mane,M,False,1.0,,1.0,19.0,5.0,23.0,2.0,,7.0,1.0,,,2.0,,,4.0,12.0,16.0,,,2.0,1.0,,,,,1.0,,90.0,2.0,,,,,,,,,,7.4,,,,,9.0,1.0,,1.0,2.0,24.0,7.0,30.0,2,4.0,66.0,6.0,6.0,6.0,
2015-16,6768142,14,31,Crystal_Palace,Home,3574,Yohan Cabaye,yohan-cabaye,M,False,2.0,,5.0,17.0,18.0,33.0,,,5.0,,,,,,,,1.0,4.0,,,1.0,,,,,3.0,2.0,,75.0,,,,,,,,,,,7.8,,,,,1.0,3.0,,6.0,,21.0,18.0,36.0,0,2.0,51.0,,1.0,1.0,
2015-16,6768142,14,31,Crystal_Palace,Home,9921,Joe Ledley,joe-ledley,M,True,,,,,,,,,,,,,,,,,,,,,,,,,,,,,,,,,,,,,,,,,,,,,,,,,,,,,0,,,,,,
2015-16,6768142,14,4,Newcastle_United,Away,15007,Vurnon Anita,vurnon-anita,M,False,,,2.0,23.0,17.0,40.0,,1.0,8.0,,,,1.0,,,,5.0,3.0,,,2.0,,,,,,,,90.0,1.0,,,,,,,,,,6.2,,,,2.0,2.0,,,9.0,,32.0,24.0,56.0,1,2.0,63.0,,,,
2015-16,6768142,14,31,Crystal_Palace,Home,19593,Jason Puncheon,jason-puncheon,M,False,2.0,,5.0,28.0,13.0,39.0,,,14.0,,,,2.0,,,2.0,4.0,1.0,,,,,,,,,2.0,,90.0,1.0,,,,,,,,,,6.6,,,1.0,,,10.0,,9.0,,45.0,15.0,50.0,2,1.0,70.0,3.0,,,
2015-16,6768142,14,4,Newcastle_United,Away,22126,Georginio Wijnaldum,georginio-wijnaldum,M,False,,,1.0,12.0,6.0,18.0,1.0,,4.0,,,,2.0,,,2.0,8.0,3.0,,,2.0,,,,,,,,70.0,,1.0,,,,,,,,,5.7,,,,1.0,2.0,,,1.0,,14.0,7.0,21.0,0,,32.0,2.0,2.0,1.0,
2015-16,6768142,14,4,Newcastle_United,Away,26982,Yoan Gouffran,yoan-gouffran,M,True,,,2.0,10.0,3.0,13.0,,,1.0,,,1.0,,,,1.0,2.0,,,,1.0,,,,,1.0,,,20.0,,1.0,,,,,,,,,6.6,,,,,,,,2.0,,10.0,3.0,13.0,1,,17.0,,,,
2015-16,6768142,14,4,Newcastle_United,Away,27014,Moussa Sissoko,moussa-sissoko,M,False,1.0,,,22.0,10.0,31.0,,,7.0,,,1.0,2.0,,,3.0,8.0,5.0,,,,,,,,,2.0,,90.0,,,,,,,,,,,5.9,,,,,6.0,4.0,,1.0,,31.0,11.0,38.0,1,2.0,56.0,1.0,,3.0,
2015-16,6768142,14,4,Newcastle_United,Away,30262,Siem de Jong,siem-de-jong,M,True,,,1.0,6.0,,6.0,3.0,1.0,1.0,,,1.0,,,,,5.0,3.0,,,2.0,,,,,,,,20.0,,,,,,,,,,,6.7,,,,,1.0,1.0,,1.0,,8.0,,7.0,1,1.0,12.0,,,1.0,
2015-16,6768142,14,31,Crystal_Palace,Home,38639,Chung-yong Lee,chung-yong-lee,M,True,,,,5.0,,5.0,1.0,1.0,,,,,,,,1.0,2.0,4.0,,,,,,,,,,,15.0,,,,,,,,,,,6.7,,,,,,1.0,,,,6.0,,5.0,0,2.0,11.0,1.0,1.0,,
2015-16,6768142,14,31,Crystal_Palace,Home,39282,James McArthur,james-mcarthur,M,False,,,2.0,21.0,26.0,47.0,,,9.0,,,,4.0,,,1.0,8.0,5.0,,,1.0,,2.0,,,3.0,1.0,,90.0,2.0,,,,,,,,,,8.2,,,1.0,,4.0,,,3.0,,24.0,27.0,51.0,3,2.0,71.0,1.0,1.0,2.0,
2015-16,6768142,14,4,Newcastle_United,Away,40686,Jack Colback,jack-colback,M,False,,,2.0,20.0,10.0,30.0,1.0,,8.0,,,,,,,1.0,4.0,6.0,,,1.0,,,,,,,,70.0,,,,,,,,,,,6.4,,,,,1.0,5.0,,2.0,,25.0,11.0,31.0,0,4.0,47.0,1.0,2.0,,
2015-16,6768142,14,31,Crystal_Palace,Home,84686,Pape Souaré,pape-souare,M,False,,,1.0,17.0,22.0,39.0,,,7.0,,,1.0,1.0,,,,3.0,3.0,,,,,,,,3.0,1.0,,90.0,,1.0,,,,,,,,,6.6,,,1.0,1.0,2.0,2.0,,5.0,,26.0,23.0,47.0,2,,73.0,,3.0,,
2015-16,6768142,14,31,Crystal_Palace,Home,111850,Wilfried Zaha,wilfried-zaha,M,False,2.0,,,9.0,7.0,14.0,,,5.0,,,2.0,,,,1.0,8.0,6.0,,,2.0,,1.0,,,1.0,2.0,,67.0,1.0,,,,,,,,,,7.2,,,,,10.0,6.0,,,,15.0,8.0,17.0,3,,49.0,2.0,2.0,4.0,
2015-16,6768143,14,8,Chelsea,Away,518,Cesc Fàbregas,cesc-fabregas,M,False,,,5.0,31.0,8.0,39.0,1.0,,6.0,,,,3.0,,,1.0,7.0,4.0,,,2.0,,,,,,1.0,,90.0,,,,,,,,,,,6.5,,,,,,1.0,,10.0,,44.0,10.0,53.0,0,3.0,67.0,1.0,1.0,,
2015-16,6768143,14,8,Chelsea,Away,7311,John Obi Mikel,john-obi-mikel,M,True,,,,,,,,,,,,,,,,,,,,,,,,,,,,,,,,,,,,,,,,,,,,,,,,,,,,,0,,,,,,
2015-16,6768143,14,6,Tottenham_Hotspur,Home,9865,Mousa Dembélé,mousa-dembele,M,False,,,1.0,27.0,18.0,45.0,,,5.0,,,,,,,3.0,4.0,10.0,,,1.0,,,,,6.0,,,90.0,1.0,,,,,,,,,,7.9,,,,1.0,4.0,,,4.0,,35.0,20.0,55.0,1,4.0,77.0,,2.0,4.0,
2015-16,6768143,14,8,Chelsea,Away,31417,Willian,willian,M,False,,,3.0,18.0,9.0,27.0,1.0,,8.0,,,,1.0,,,1.0,3.0,9.0,,,,,,,,3.0,,,89.0,,,,,,,,,,,7.4,,,,,,10.0,,5.0,,36.0,11.0,37.0,0,6.0,65.0,1.0,3.0,,
2015-16,6768143,14,8,Chelsea,Away,39400,Oscar,oscar,M,False,1.0,,1.0,21.0,4.0,24.0,,2.0,2.0,,,,3.0,,,1.0,5.0,8.0,,,1.0,,,,,,1.0,,90.0,,,,,,,,,,,6.8,,,1.0,1.0,1.0,1.0,,1.0,,26.0,4.0,29.0,1,2.0,46.0,3.0,3.0,1.0,
2015-16,6768143,14,8,Chelsea,Away,44241,Nemanja Matić,nemanja-matic,M,False,,,2.0,11.0,7.0,18.0,3.0,,3.0,,,,,,,,4.0,5.0,,,1.0,,,,,5.0,,,90.0,,,,,,,,,,,7.1,,,,1.0,1.0,,,5.0,,17.0,9.0,26.0,0,3.0,40.0,2.0,1.0,1.0,
2015-16,6768143,14,6,Tottenham_Hotspur,Home,44567,Ryan Mason,ryan-mason,M,False,,,,10.0,4.0,14.0,,1.0,2.0,,,,1.0,,,2.0,3.0,5.0,,,,,,,,1.0,,,56.0,,,,,,,,,,,6.7,,,,,1.0,2.0,,,,13.0,4.0,15.0,0,3.0,27.0,1.0,,1.0,
2015-16,6768143,14,6,Tottenham_Hotspur,Home,105734,Christian Eriksen,christian-eriksen,M,False,,,,36.0,8.0,44.0,1.0,1.0,4.0,,,,,,,2.0,5.0,4.0,,,,,,,,,2.0,,90.0,,,,,,,,,,,6.4,,,,1.0,2.0,5.0,,2.0,,47.0,9.0,51.0,0,1.0,72.0,3.0,2.0,,
2015-16,6768143,14,6,Tottenham_Hotspur,Home,122702,Erik Lamela,erik-lamela,M,True,,,,8.0,3.0,11.0,,1.0,2.0,,,,1.0,,,4.0,8.0,3.0,,,3.0,,,,,2.0,2.0,,34.0,,,,,,,,,,,6.5,,,,,1.0,,,,1.0,15.0,3.0,18.0,0,1.0,29.0,2.0,,1.0,
2015-16,6768143,14,8,Chelsea,Away,284441,Ruben Loftus-Cheek,ruben-loftus-cheek,M,True,,,,,,,,,,,,,,,,,,,,,,,,,,,,,1.0,,,,,,,,,,,,,,,,,,,,,,,,0,,1.0,1.0,,,
2015-16,6768143,14,6,Tottenham_Hotspur,Home,361332,Joshua Onomah,joshua-onomah,M,True,,,,,,,,,,,,,,,,,,,,,,,,,,,,,,,,,,,,,,,,,,,,,,,,,,,,,0,,,,,,
2015-16,6768143,14,8,Chelsea,Away,801391,Kenedy,kenedy,M,True,,,,,,,,,1.0,,,,,,,,1.0,1.0,,,,,,,,,,,1.0,,,,,,,,,,,,,,,,1.0,,,,,,,,0,,2.0,,1.0,,
2015-16,6768143,14,6,Tottenham_Hotspur,Home,801460,Tom Carroll,carroll-tom,M,True,,,,,,,,,,,,,,,,,,,,,,,,,,,,,,,,,,,,,,,,,,,,,,,,,,,,,0,,,,,,
2015-16,6768145,14,56,Sunderland,Home,524,Sebastian Larsson,sebastian-larsson,M,False,,,1.0,16.0,6.0,22.0,1.0,,3.0,,,,6.0,,,,9.0,1.0,,,2.0,,,,,4.0,1.0,,54.0,,,,,,,,,,,6.4,,,,1.0,1.0,2.0,,1.0,,23.0,6.0,27.0,0,,36.0,,,1.0,
2015-16,6768145,14,110,Stoke_City,Away,2525,Ibrahim Afellay,ibrahim-afellay,M,True,,,,5.0,3.0,8.0,,,,,,,,,,,,,,,,,,,,,1.0,,5.0,,,,,,,,,,,6.6,,,,,,,,1.0,,7.0,4.0,11.0,0,,11.0,,,,
2015-16,6768145,14,110,Stoke_City,Away,9104,Marc Wilson,marc-wilson,M,True,,,,,,,,,,,,,,,,,,,,,,,,,,,,,,,,,,,,,,,,,,,,,,,,,,,,,0,,,,,,
2015-16,6768145,14,110,Stoke_City,Away,9360,Charlie Adam,charlie-adam,M,False,,,6.0,24.0,22.0,46.0,,2.0,4.0,,,,1.0,,,,3.0,5.0,,,2.0,,,,,1.0,1.0,,85.0,,1.0,,,,,,,,,6.9,,,1.0,2.0,2.0,,,11.0,,34.0,23.0,57.0,1,,69.0,1.0,1.0,2.0,
2015-16,6768145,14,110,Stoke_City,Away,10535,Glenn Whelan,glenn-whelan,M,False,,,3.0,48.0,30.0,78.0,1.0,1.0,6.0,,,,,,,2.0,3.0,2.0,,,,,,,,1.0,,,90.0,,1.0,,,,,,,,,6.5,,,,1.0,,2.0,,6.0,,55.0,32.0,85.0,0,1.0,94.0,,,,
2015-16,6768145,14,56,Sunderland,Home,14210,Lee Cattermole,lee-cattermole,M,False,,,6.0,29.0,22.0,51.0,,,6.0,,,,4.0,,,,4.0,7.0,,,,,,,,1.0,1.0,,90.0,,,,,,,,,,,7.5,,,,,2.0,,,10.0,,37.0,22.0,59.0,0,3.0,71.0,,2.0,2.0,
2015-16,6768145,14,56,Sunderland,Home,32045,Yann M'Vila,yann-mvila,M,False,3.0,,2.0,36.0,31.0,64.0,2.0,,7.0,,,2.0,,,,,3.0,3.0,,,,,,,,2.0,2.0,,90.0,1.0,,,,,,,,,,7.8,,,1.0,,2.0,9.0,,4.0,,46.0,31.0,68.0,4,1.0,89.0,1.0,1.0,1.0,
2015-16,6768145,14,110,Stoke_City,Away,65953,Xherdan Shaqiri,xherdan-shaqiri,M,False,,,,24.0,6.0,30.0,,,3.0,,,,,,,2.0,3.0,2.0,,,,,,,,,,,64.0,,,,,,,,,,,6.4,,,1.0,,2.0,4.0,,,,29.0,7.0,32.0,1,1.0,43.0,,,1.0,
2015-16,6768145,14,56,Sunderland,Home,240256,Duncan Watmore,duncan-watmore,M,True,,,1.0,8.0,1.0,9.0,,,2.0,,,1.0,1.0,,,1.0,4.0,4.0,,,1.0,,1.0,,,,1.0,,59.0,1.0,,,,,,,,,,7.4,,,,,3.0,2.0,,1.0,,12.0,1.0,11.0,2,,29.0,7.0,2.0,2.0,
2015-16,6768148,14,14,Liverpool,Home,791,James Milner,james-milner,M,False,1.0,,4.0,23.0,10.0,32.0,3.0,,4.0,,,,3.0,,,3.0,12.0,6.0,,,2.0,,1.0,,,1.0,,,90.0,1.0,,,,,,,,,,6.8,,,1.0,,1.0,6.0,,6.0,,34.0,12.0,40.0,2,5.0,64.0,1.0,1.0,,
2015-16,6768148,14,14,Liverpool,Home,17054,Adam Lallana,adam-lallana,M,False,1.0,,,30.0,5.0,34.0,,,9.0,1.0,,1.0,2.0,,,3.0,5.0,5.0,,,,,,,,1.0,2.0,,90.0,,,,,,,,,,,7.3,,,,2.0,1.0,2.0,,2.0,,39.0,7.0,44.0,1,3.0,61.0,1.0,1.0,1.0,
2015-16,6768148,14,80,Swansea_City,Away,20538,Leon Britton,leon-britton,M,False,,,1.0,16.0,24.0,40.0,,,6.0,,,,,,,4.0,4.0,2.0,,,,,,,,6.0,1.0,,65.0,,1.0,,,,,,,,,6.9,,,,,2.0,,,3.0,,18.0,27.0,45.0,0,,62.0,,,2.0,
2015-16,6768148,14,14,Liverpool,Home,20602,Joe Allen,joe-allen,M,True,,,,,,,,,,,,,,,,,,,,,,,,,,,,,,,,,,,,,,,,,,,,,,,,,,,,,0,,,,,,
2015-16,6768148,14,80,Swansea_City,Away,20993,Jack Cork,jack-cork,M,True,,,2.0,18.0,10.0,28.0,,1.0,2.0,,,1.0,,,,,,3.0,,,,,,,,,,,25.0,,,,,,,,,,,7.0,,,,,2.0,1.0,,3.0,,23.0,10.0,32.0,1,,37.0,,,2.0,
2015-16,6768148,14,80,Swansea_City,Away,30243,Neil Taylor,neil-taylor,M,False,,,2.0,15.0,14.0,29.0,,,3.0,,,,3.0,,,1.0,5.0,2.0,,,2.0,,,,,1.0,,,90.0,,1.0,,1.0,,,,,,,5.7,,,,4.0,,3.0,,2.0,,19.0,18.0,34.0,0,2.0,53.0,1.0,,,
2015-16,6768148,14,80,Swansea_City,Away,38642,Sung-Yueng Ki,sung-yueng-ki,M,False,,,5.0,32.0,22.0,54.0,1.0,,11.0,,,,1.0,,,3.0,5.0,2.0,,,,,,,,4.0,,,90.0,,,,,,,,,,,6.8,,,1.0,,,,,5.0,,34.0,23.0,57.0,1,1.0,69.0,,1.0,,
2015-16,6768148,14,14,Liverpool,Home,42694,Jordan Henderson,jordan-henderson,M,True,,,,6.0,2.0,8.0,,,,,,,2.0,,,,2.0,,,,,,,,,1.0,1.0,,26.0,,1.0,,,,,,,,,6.4,,,,,,1.0,,1.0,,8.0,3.0,10.0,0,,15.0,,,,
2015-16,6768148,14,80,Swansea_City,Away,43192,Gylfi Sigurðsson,gylfi-sigursson,M,False,1.0,,,19.0,13.0,31.0,1.0,,10.0,,,,1.0,,,3.0,5.0,3.0,,,,,,,,,2.0,,90.0,,,,,,,,,,,6.3,,,,,1.0,7.0,,2.0,,30.0,14.0,37.0,0,1.0,55.0,1.0,1.0,1.0,
2015-16,6768148,14,80,Swansea_City,Away,54686,Jefferson Montero,jefferson-montero,M,True,,,,4.0,,4.0,,,2.0,,,1.0,,,,,,2.0,,,,,,,,2.0,,,18.0,,,,,,,,,,,6.9,,,,,1.0,4.0,,,,10.0,,6.0,1,1.0,17.0,1.0,,1.0,
2015-16,6768148,14,14,Liverpool,Home,143697,Roberto Firmino,roberto-firmino,M,False,,,,23.0,7.0,30.0,1.0,,9.0,,,2.0,1.0,,,2.0,4.0,4.0,,,,,,,,1.0,,,64.0,,,,,,,,,,,7.1,,,,,,1.0,,,,37.0,9.0,45.0,2,4.0,65.0,4.0,,,
2015-16,6768148,14,14,Liverpool,Home,185955,Jordon Ibe,jordon-ibe,M,False,,,2.0,26.0,8.0,34.0,1.0,,6.0,,1.0,1.0,,,,1.0,7.0,5.0,,,1.0,,,,,,,,89.0,1.0,,,,,,,,,,6.6,,,,,7.0,4.0,,2.0,,39.0,8.0,43.0,2,1.0,69.0,4.0,1.0,3.0,
2015-16,6768148,14,80,Swansea_City,Away,340713,Matt Grimes,matt-grimes,M,True,,,,,,,,,,,,,,,,,,,,,,,,,,,,,,,,,,,,,,,,,,,,,,,,,,,,,0,,,,,,
2015-16,6768148,14,14,Liverpool,Home,787580,Connor Randall,connor-randall,M,True,,,,,,,,,,,,,,,,,,,,,,,,,,,,,,,,,,,,,,,,,,,,,,,,,,,,,0,,,,,,
2015-16,6768151,14,35,West_Bromwich_Albion,Away,765,Darren Fletcher,darren-fletcher,M,False,1.0,,3.0,10.0,11.0,20.0,,1.0,5.0,1.0,,,1.0,,,1.0,3.0,5.0,,,1.0,,,,,,3.0,,90.0,,,,,,,,,,,7.2,,,,4.0,1.0,2.0,,3.0,,12.0,11.0,21.0,0,2.0,35.0,2.0,1.0,1.0,
2015-16,6768151,14,35,West_Bromwich_Albion,Away,822,James Morrison,james-morrison,M,False,,,2.0,10.0,12.0,22.0,1.0,1.0,5.0,,,,1.0,,,1.0,3.0,3.0,,,,,,,,3.0,,,90.0,,,,,,,,,,,6.9,,,,3.0,1.0,2.0,,8.0,,21.0,12.0,31.0,0,,45.0,1.0,1.0,1.0,
2015-16,6768151,14,21,West_Ham_United,Home,12987,Alex Song,alex-song,M,True,,,,,,,,,,,,,,,,,,,,,,,,,,,,,,,,,,,,,,,,,,,,,,,,,,,,,0,,,,,,
2015-16,6768151,14,35,West_Bromwich_Albion,Away,14235,Craig Gardner,craig-gardner,M,True,,,,,,,,,,,,,,,,,,,,,,,,,,,,,,,,,,,,,,,,,,,,,,,,,,,,,0,,,,,,
2015-16,6768151,14,35,West_Bromwich_Albion,Away,16657,Stéphane Sessègnon,stephane-sessegnon,M,False,,,,5.0,2.0,7.0,,,3.0,,,,,,,3.0,5.0,2.0,,,1.0,,,,,,,,45.0,,,,,,,,,,,6.2,,,1.0,,1.0,1.0,,,,7.0,2.0,8.0,1,1.0,17.0,1.0,1.0,,
2015-16,6768151,14,35,West_Bromwich_Albion,Away,41631,James McClean,james-mcclean,M,False,4.0,,1.0,13.0,6.0,15.0,1.0,1.0,2.0,,,,2.0,,,3.0,9.0,7.0,,,2.0,,,,,,,,90.0,1.0,,,,,,,,,,6.7,,,1.0,1.0,3.0,12.0,,3.0,1.0,27.0,7.0,22.0,2,4.0,52.0,,,2.0,
2015-16,6768151,14,21,West_Ham_United,Home,45944,Cheikhou Kouyaté,cheikhou-kouyate,M,False,,,4.0,25.0,12.0,37.0,1.0,3.0,7.0,,1.0,,1.0,,,,2.0,8.0,,,,,,,,2.0,1.0,,90.0,,,,,,,,,,,7.2,,,1.0,4.0,1.0,1.0,,7.0,,30.0,15.0,44.0,1,2.0,60.0,,2.0,1.0,
2015-16,6768151,14,21,West_Ham_United,Home,46799,Pedro Obiang,pedro-obiang,M,False,,,3.0,16.0,16.0,32.0,1.0,,7.0,,,,1.0,,,1.0,5.0,3.0,,,2.0,,,,,,,,64.0,,,,,,,,,,,6.6,,,,1.0,,,,3.0,,19.0,17.0,36.0,0,3.0,43.0,1.0,,,
2015-16,6768151,14,35,West_Bromwich_Albion,Away,53783,Callum McManaman,callum-mcmanaman,M,True,,,,,,,,,,,,,,,,,,,,,,,,,,,,,,,,,,,,,,,,,,,,,,,,,,,,,0,,,,,,
2015-16,6768151,14,35,West_Bromwich_Albion,Away,151037,Claudio Yacob,claudio-yacob,M,False,,,1.0,4.0,16.0,20.0,2.0,2.0,5.0,,,,5.0,,,2.0,13.0,6.0,,2.0,4.0,,,,,4.0,,,90.0,,,,,,,,,,,5.7,,,,,,,,3.0,,7.0,19.0,26.0,0,2.0,42.0,1.0,3.0,,
2015-16,6768151,14,21,West_Ham_United,Home,220315,Manuel Lanzini,manuel-lanzini,M,False,1.0,,1.0,35.0,17.0,51.0,2.0,,8.0,,,,1.0,,,,3.0,8.0,,,1.0,,,,,,3.0,,90.0,2.0,,,,,,,,,,7.8,,,,,5.0,4.0,,1.0,,41.0,19.0,56.0,2,1.0,74.0,2.0,2.0,5.0,
2015-16,6768151,14,21,West_Ham_United,Home,792122,Josh Cullen,cullen-josh,M,True,,,,,,,,,,,,,,,,,,,,,,,,,,,,,,,,,,,,,,,,,,,,,,,,,,,,,0,,,,,,
2015-16,6768144,15,1,Manchester_United,Home,326,Bastian Schweinsteiger,bastian-schweinsteiger,M,False,,,3.0,31.0,15.0,46.0,2.0,1.0,4.0,,,,,,,,3.0,7.0,,,,,,,,,,,73.0,,,,,,,,,,,7.2,,,1.0,,2.0,,,6.0,,39.0,15.0,54.0,1,2.0,66.0,,4.0,1.0,
2015-16,6768144,15,1,Manchester_United,Home,938,Michael Carrick,michael-carrick,M,True,,,1.0,20.0,16.0,36.0,,1.0,2.0,,,1.0,,,,,1.0,1.0,,,1.0,,,,,,,,46.0,,,,,,,,,,,6.7,,,,1.0,,,,3.0,,27.0,16.0,43.0,1,,48.0,1.0,,,
2015-16,6768144,15,21,West_Ham_United,Away,9741,Mark Noble,mark-noble,M,False,,,4.0,14.0,22.0,36.0,1.0,,10.0,1.0,,1.0,1.0,,,1.0,3.0,3.0,,,1.0,,,,,3.0,1.0,,90.0,,,,,,,,,,,7.5,,,1.0,3.0,1.0,,,4.0,,15.0,24.0,39.0,2,1.0,56.0,,1.0,1.0,
2015-16,6768144,15,21,West_Ham_United,Away,12987,Alex Song,alex-song,M,False,,,6.0,10.0,19.0,29.0,,1.0,9.0,,,,6.0,,,2.0,10.0,10.0,,,2.0,,,,,,1.0,,78.0,,,,,,,,,,,6.8,,,,1.0,1.0,,,7.0,,12.0,22.0,34.0,0,7.0,46.0,,1.0,1.0,
2015-16,6768144,15,1,Manchester_United,Home,27009,Morgan Schneiderlin,morgan-schneiderlin,M,False,,,,8.0,8.0,16.0,1.0,,3.0,,,1.0,,,,,2.0,3.0,,,,,,,,,,,44.0,,,,,,,,,,,6.8,,,,,1.0,1.0,,2.0,,12.0,9.0,20.0,1,3.0,26.0,,,,
2015-16,6768144,15,1,Manchester_United,Home,28367,Juan Mata,juan-mata,M,False,2.0,,2.0,32.0,10.0,40.0,2.0,,5.0,,,,2.0,,,2.0,7.0,2.0,,,1.0,,,,,,2.0,,90.0,,,,,,,,,,,6.4,,,1.0,,1.0,13.0,,5.0,1.0,47.0,15.0,49.0,1,,68.0,,1.0,1.0,
2015-16,6768144,15,21,West_Ham_United,Away,45944,Cheikhou Kouyaté,cheikhou-kouyate,M,False,1.0,,,7.0,14.0,20.0,1.0,,9.0,,,,,,,,3.0,5.0,,,1.0,,,,,2.0,,,90.0,,1.0,,,,,,,,,7.2,,,,,1.0,1.0,,1.0,,10.0,16.0,25.0,0,5.0,41.0,3.0,,,
2015-16,6768144,15,21,West_Ham_United,Away,46799,Pedro Obiang,pedro-obiang,M,True,,,1.0,,3.0,3.0,,1.0,1.0,,,,1.0,,,,1.0,1.0,,,,,,,,1.0,,,12.0,,1.0,,,,,,,,,6.5,,,,,,,,1.0,,1.0,3.0,4.0,0,,6.0,,,,
2015-16,6768144,15,1,Manchester_United,Home,191176,Anthony Martial,anthony-martial,M,False,,,,14.0,3.0,17.0,2.0,1.0,3.0,1.0,,2.0,,,,4.0,12.0,7.0,,,1.0,,,,,,2.0,,90.0,,,,,,,,,,,6.9,,,1.0,,7.0,1.0,,,,17.0,4.0,20.0,3,,45.0,3.0,4.0,2.0,
2015-16,6768144,15,1,Manchester_United,Home,285949,Andreas Pereira,andreas-pereira,M,True,,,,,,,,,,,,,,,,,,,,,,,,,,,,,,,,,,,,,,,,,,,,,,,,,,,,,0,,,,,,
2015-16,6768146,15,11,Everton,Home,544,Gareth Barry,gareth-barry,M,False,2.0,,6.0,45.0,21.0,64.0,2.0,1.0,6.0,1.0,,1.0,4.0,,,3.0,10.0,2.0,,,1.0,1.0,,,,2.0,4.0,,90.0,1.0,,,,,,,,,,7.2,,,,2.0,,5.0,,9.0,,58.0,22.0,75.0,2,1.0,92.0,,,,
2015-16,6768146,15,11,Everton,Home,1161,Leon Osman,leon-osman,M,True,,,,,,,,,,,,,,,,,,,,,,,,,,,,,,,,,,,,,,,,,,,,,,,,,,,,,0,,,,,,
2015-16,6768146,15,31,Crystal_Palace,Away,3574,Yohan Cabaye,yohan-cabaye,M,False,,,5.0,21.0,11.0,32.0,,,5.0,,,,2.0,,,1.0,5.0,,,,1.0,,,,,3.0,1.0,,77.0,,,,,,,,,,,6.8,,,1.0,1.0,1.0,2.0,,6.0,,25.0,12.0,35.0,1,,50.0,1.0,,,
2015-16,6768146,15,11,Everton,Home,3593,Kevin Mirallas,kevin-mirallas,M,True,,,,,,,,,,,,,,,,,,,,,,,,,,,,,,,,,,,,,,,,,,,,,,,,,,,,,0,,,,,,
2015-16,6768146,15,11,Everton,Home,9692,Aaron Lennon,aaron-lennon,M,True,,,,,,,,,,,,,,,,,,,,,,,,,,,,,,,,,,,,,,,,,,,,,,,,,,,,,0,,,,,,
2015-16,6768146,15,31,Crystal_Palace,Away,19593,Jason Puncheon,jason-puncheon,M,False,4.0,,2.0,19.0,16.0,31.0,,1.0,11.0,,,,2.0,,,3.0,12.0,4.0,,,2.0,1.0,,,,1.0,6.0,,90.0,1.0,,,,,,,,,,7.2,,,,,7.0,5.0,,3.0,,24.0,20.0,39.0,1,1.0,58.0,,,2.0,
2015-16,6768146,15,11,Everton,Home,21073,Darron Gibson,darron-gibson,M,True,,,,,,,,,,,,,,,,,,,,,,,,,,,,,,,,,,,,,,,,,,,,,,,,,,,,,0,,,,,,
2015-16,6768146,15,31,Crystal_Palace,Away,38130,Jordon Mutch,jordon-mutch,M,True,,,1.0,6.0,,6.0,,,3.0,,,,,,,,,6.0,,,,,,,,,,,13.0,,,,,,,,,,,7.4,,,1.0,,2.0,1.0,,1.0,,8.0,,7.0,1,4.0,17.0,1.0,,2.0,
2015-16,6768146,15,31,Crystal_Palace,Away,39282,James McArthur,james-mcarthur,M,False,,,2.0,21.0,17.0,38.0,2.0,,12.0,,,,5.0,,,,9.0,4.0,,,1.0,,,,,2.0,2.0,,90.0,,1.0,,,,,,,,,6.6,,,1.0,,1.0,1.0,,5.0,,28.0,20.0,47.0,1,4.0,64.0,1.0,,,
2015-16,6768146,15,11,Everton,Home,46432,Tom Cleverley,tom-cleverley,M,False,,,1.0,37.0,15.0,52.0,,1.0,6.0,,,1.0,1.0,,,1.0,2.0,5.0,,,,,,,,2.0,2.0,,90.0,2.0,1.0,,,,,,,,,7.6,,,,2.0,1.0,1.0,,3.0,,47.0,16.0,62.0,3,2.0,80.0,,1.0,1.0,
2015-16,6768146,15,31,Crystal_Palace,Away,84686,Pape Souaré,pape-souare,M,False,,,3.0,8.0,7.0,15.0,,,5.0,,,,,,,1.0,2.0,2.0,,,,,,,,3.0,,,90.0,,1.0,,,,,,,,,6.8,,,,4.0,1.0,1.0,,6.0,,11.0,11.0,21.0,0,2.0,55.0,1.0,,,
2015-16,6768146,15,11,Everton,Home,98435,Ross Barkley,ross-barkley,M,False,,,4.0,54.0,16.0,70.0,1.0,,4.0,,,2.0,,,,2.0,4.0,4.0,,,,,,,1.0,2.0,,,90.0,,,,,,,,,,,7.5,,,3.0,1.0,3.0,4.0,,5.0,,61.0,18.0,75.0,5,1.0,95.0,1.0,1.0,2.0,
2015-16,6768147,15,20,Southampton,Home,559,Steven Davis,steven-davis,M,False,1.0,,2.0,47.0,15.0,61.0,1.0,,3.0,,,1.0,2.0,,,2.0,5.0,3.0,,,,,,,,1.0,2.0,,90.0,,1.0,,,,,,,,,7.0,,,,,1.0,2.0,,4.0,,55.0,16.0,69.0,1,2.0,84.0,2.0,,1.0,
2015-16,6768147,15,7,Aston_Villa,Away,764,Kieran Richardson,kieran-richardson,M,True,,,,2.0,,2.0,,,1.0,,,,,,,1.0,1.0,1.0,,,,,,,,,,,12.0,,,,,,,,,,,6.4,,,,1.0,1.0,1.0,,1.0,,4.0,,3.0,0,,9.0,1.0,,1.0,
2015-16,6768147,15,7,Aston_Villa,Away,24055,Scott Sinclair,scott-sinclair,M,False,,,,9.0,3.0,12.0,3.0,2.0,2.0,,,1.0,,,,,4.0,3.0,,,,,,,,,,,90.0,,,,,,,,,,,6.6,,,,1.0,1.0,1.0,,,,11.0,5.0,15.0,1,1.0,24.0,1.0,,,
2015-16,6768147,15,20,Southampton,Home,44760,Cédric Soares,cedric-soares,M,False,3.0,,4.0,18.0,13.0,28.0,1.0,1.0,7.0,,,,2.0,,,1.0,5.0,13.0,,,,,,,,1.0,3.0,,90.0,,1.0,,,,,,,,,7.5,,,,3.0,4.0,8.0,,16.0,,38.0,15.0,45.0,0,8.0,86.0,1.0,1.0,3.0,
2015-16,6768147,15,20,Southampton,Home,45956,Victor Wanyama,victor-wanyama,M,False,,,4.0,19.0,15.0,34.0,3.0,1.0,4.0,,,1.0,,,,1.0,5.0,6.0,,,1.0,,,,,,,,63.0,,,,,,,,,,,7.1,,,1.0,,,,,4.0,,21.0,22.0,43.0,2,4.0,54.0,,1.0,,
2015-16,6768147,15,7,Aston_Villa,Away,49647,Ashley Westwood,ashley-westwood,M,True,,,,3.0,1.0,4.0,,,1.0,,1.0,,,,,1.0,1.0,,,,,,,,,1.0,,,15.0,,,,,,,,,,,6.2,,,1.0,,,,,,,3.0,2.0,5.0,1,,9.0,1.0,,,
2015-16,6768147,15,20,Southampton,Home,69416,Oriol Romeu,oriol-romeu,M,True,,,2.0,11.0,12.0,23.0,1.0,,2.0,,,,2.0,,,,3.0,2.0,,,,,1.0,,,2.0,,,27.0,1.0,,,,,,,,,,7.4,,,1.0,,,,,2.0,,13.0,12.0,25.0,2,2.0,32.0,,,,
2015-16,6768147,15,7,Aston_Villa,Away,74545,Leandro Bacuna,leandro-bacuna,M,False,1.0,,4.0,16.0,14.0,29.0,,1.0,4.0,,,,,,,1.0,1.0,2.0,,,,,,,,2.0,,,78.0,,,,,,,,,,,7.1,,,1.0,7.0,,1.0,,7.0,,19.0,19.0,37.0,1,1.0,72.0,1.0,,,
2015-16,6768147,15,7,Aston_Villa,Away,106337,Idrissa Gana Gueye,idrissa-gana-gueye,M,False,,,4.0,23.0,12.0,35.0,,,8.0,,,,1.0,,,1.0,4.0,6.0,,,2.0,,,,,6.0,,,90.0,1.0,,,,,,,,,,7.6,,,,2.0,3.0,,,6.0,,30.0,16.0,46.0,1,3.0,63.0,,,3.0,
2015-16,6768147,15,20,Southampton,Home,116946,Jordy Clasie,jordy-clasie,M,True,,,,,,,,,,,,,,,,,,,,,,,,,,,,,,,,,,,,,,,,,,,,,,,,,,,,,0,,,,,,
2015-16,6768147,15,7,Aston_Villa,Away,151124,Jordan Veretout,jordan-veretout,M,False,4.0,,2.0,31.0,9.0,36.0,,1.0,4.0,1.0,,,,,,2.0,2.0,3.0,,,,1.0,,,,3.0,3.0,,90.0,,,,,,,,,,,7.6,,,,1.0,1.0,6.0,,8.0,,41.0,11.0,46.0,0,,65.0,3.0,1.0,1.0,
2015-16,6768147,15,20,Southampton,Home,161717,James Ward-Prowse,james-ward-prowse,M,False,3.0,,1.0,32.0,16.0,45.0,1.0,,9.0,1.0,,1.0,,,,,2.0,1.0,,,1.0,1.0,,,,4.0,4.0,,90.0,1.0,,,,,,,,,,7.9,,,,1.0,,8.0,,3.0,,43.0,16.0,51.0,2,1.0,69.0,1.0,,,
2015-16,6768147,15,20,Southampton,Home,217704,Sadio Mané,sadio-mane,M,False,2.0,,1.0,14.0,4.0,16.0,,,1.0,,1.0,1.0,,,,,1.0,4.0,,,,,,,,,2.0,,83.0,,,,,,,,,,,6.9,,,2.0,,3.0,6.0,,1.0,1.0,24.0,4.0,22.0,3,1.0,43.0,6.0,1.0,2.0,
2015-16,6768147,15,7,Aston_Villa,Away,254895,Carles Gil,carles-gil,M,True,,,,,,,,,,,,,,,,,,,,,,,,,,,,,,,,,,,,,,,,,,,,,,,,,,,,,0,,,,,,
2015-16,6768149,15,14,Liverpool,Away,791,James Milner,james-milner,M,False,3.0,,4.0,31.0,13.0,41.0,2.0,1.0,5.0,,,,3.0,,,3.0,13.0,4.0,,,3.0,,,,,2.0,2.0,,90.0,,,,,,,,,,,6.4,,,,,3.0,5.0,,6.0,,43.0,18.0,56.0,0,2.0,78.0,2.0,,1.0,
2015-16,6768149,15,4,Newcastle_United,Home,15007,Vurnon Anita,vurnon-anita,M,False,,,3.0,22.0,14.0,36.0,3.0,,8.0,,,,1.0,,,1.0,7.0,8.0,,,2.0,,,,,3.0,,,90.0,,,,,,,,,,,7.4,,,,2.0,1.0,,,5.0,,30.0,14.0,44.0,0,6.0,61.0,,1.0,1.0,
2015-16,6768149,15,14,Liverpool,Away,17054,Adam Lallana,adam-lallana,M,True,1.0,,1.0,13.0,3.0,15.0,,,2.0,,,,,,,1.0,1.0,4.0,,,,,,,,,1.0,,28.0,,,,,,,,,,,7.0,,,,,2.0,2.0,,1.0,,18.0,3.0,19.0,0,,28.0,2.0,2.0,2.0,
2015-16,6768149,15,14,Liverpool,Away,20602,Joe Allen,joe-allen,M,False,,,1.0,18.0,27.0,45.0,1.0,1.0,8.0,1.0,,,1.0,,,,5.0,9.0,,,1.0,,,,,3.0,1.0,,90.0,,,,,,,,,,,7.4,,,1.0,,3.0,,,6.0,,29.0,29.0,58.0,1,5.0,82.0,3.0,2.0,1.0,
2015-16,6768149,15,4,Newcastle_United,Home,22126,Georginio Wijnaldum,georginio-wijnaldum,M,False,,,2.0,14.0,16.0,30.0,3.0,2.0,12.0,,,1.0,2.0,,,4.0,10.0,10.0,,,,,1.0,,,,,,90.0,1.0,,,,,,,,,,7.5,,,3.0,,4.0,,,3.0,,20.0,21.0,41.0,5,3.0,63.0,3.0,2.0,3.0,
2015-16,6768149,15,4,Newcastle_United,Home,26982,Yoan Gouffran,yoan-gouffran,M,True,,,,1.0,1.0,2.0,2.0,1.0,1.0,,,,1.0,,,,4.0,2.0,,,,,,,,,,,13.0,,,,,,,,,,,6.3,,,,,1.0,,,1.0,,4.0,2.0,6.0,0,1.0,8.0,,,,
2015-16,6768149,15,4,Newcastle_United,Home,27014,Moussa Sissoko,moussa-sissoko,M,False,1.0,,2.0,17.0,6.0,22.0,4.0,2.0,3.0,1.0,,,,,,,9.0,6.0,,,,1.0,,,,2.0,3.0,,90.0,,,,,,,,,,,7.4,,,,2.0,7.0,1.0,,3.0,,28.0,7.0,34.0,0,2.0,54.0,2.0,,2.0,
2015-16,6768149,15,14,Liverpool,Away,27234,Lucas Leiva,lucas-leiva,M,False,,,6.0,30.0,40.0,70.0,3.0,7.0,12.0,,,,,,,2.0,6.0,16.0,,,1.0,,,,,,,,90.0,,,,,,,,,,,7.4,,,,1.0,1.0,1.0,,13.0,,45.0,42.0,86.0,0,8.0,103.0,2.0,,1.0,
2015-16,6768149,15,4,Newcastle_United,Home,30262,Siem de Jong,siem-de-jong,M,False,,,1.0,13.0,12.0,25.0,4.0,2.0,5.0,,,,,,,1.0,5.0,5.0,,,,,,,,1.0,,,68.0,,,,,,,,,,,6.7,,,,,,1.0,,2.0,,22.0,13.0,34.0,0,2.0,44.0,2.0,1.0,,
2015-16,6768149,15,4,Newcastle_United,Home,40686,Jack Colback,jack-colback,M,False,2.0,,1.0,9.0,11.0,18.0,,2.0,6.0,,,,2.0,,,1.0,5.0,8.0,,,2.0,,,,,3.0,1.0,,77.0,,1.0,,,,,,,,,7.1,,,,2.0,1.0,3.0,,2.0,,16.0,13.0,26.0,0,2.0,42.0,,3.0,1.0,
2015-16,6768149,15,14,Liverpool,Away,42694,Jordan Henderson,jordan-henderson,M,True,,,,,,,,,,,,,,,,,,,,,,,,,,,,,,,,,,,,,,,,,,,,,,,,,,,,,0,,,,,,
2015-16,6768149,15,14,Liverpool,Away,143697,Roberto Firmino,roberto-firmino,M,False,,,,19.0,10.0,29.0,4.0,1.0,5.0,,,,1.0,,,2.0,8.0,3.0,,,1.0,,,,,1.0,1.0,,62.0,,,,,,,,,,,6.5,,,1.0,1.0,,2.0,,,,26.0,11.0,35.0,1,1.0,49.0,2.0,1.0,,
2015-16,6768149,15,14,Liverpool,Away,185955,Jordon Ibe,jordon-ibe,M,False,,,1.0,23.0,1.0,24.0,,,4.0,,,,1.0,,,3.0,5.0,4.0,,,,,,,,,1.0,,75.0,,,,,,,,,,,6.5,,,1.0,,4.0,5.0,,2.0,,36.0,2.0,33.0,1,1.0,50.0,,,3.0,
2015-16,6768149,15,14,Liverpool,Away,787580,Connor Randall,connor-randall,M,True,,,,,,,,,,,,,,,,,,,,,,,,,,,,,,,,,,,,,,,,,,,,,,,,,,,,,0,,,,,,
2015-16,6768152,15,35,West_Bromwich_Albion,Home,765,Darren Fletcher,darren-fletcher,M,False,1.0,,1.0,11.0,5.0,15.0,1.0,,5.0,1.0,,,4.0,,,,6.0,2.0,,,1.0,1.0,,,,2.0,1.0,,90.0,,,,,,,,,,,6.7,,,,1.0,,1.0,,3.0,,14.0,5.0,18.0,0,,27.0,,2.0,,
2015-16,6768152,15,35,West_Bromwich_Albion,Home,822,James Morrison,james-morrison,M,False,,,1.0,17.0,10.0,27.0,2.0,,13.0,,,,1.0,,,3.0,6.0,3.0,,,,,,,,3.0,1.0,,90.0,,,,,,,,,,,6.5,,,,,,1.0,,3.0,,24.0,11.0,34.0,0,2.0,50.0,3.0,1.0,,
2015-16,6768152,15,6,Tottenham_Hotspur,Away,9865,Mousa Dembélé,mousa-dembele,M,False,,,,45.0,18.0,63.0,,1.0,8.0,,,,,,,1.0,4.0,10.0,,,3.0,,,,,1.0,1.0,,90.0,1.0,2.0,,,,,,,,,7.7,,,1.0,,4.0,,,1.0,,47.0,22.0,69.0,2,4.0,93.0,3.0,1.0,4.0,
2015-16,6768152,15,35,West_Bromwich_Albion,Home,10540,Chris Brunt,chris-brunt,M,False,3.0,,10.0,17.0,10.0,24.0,,2.0,4.0,,,,,,,,,4.0,,,,,,,,,,,90.0,,,,,,,,,,,7.2,,,1.0,2.0,,6.0,,16.0,,29.0,11.0,34.0,1,1.0,59.0,,1.0,,
2015-16,6768152,15,35,West_Bromwich_Albion,Home,14235,Craig Gardner,craig-gardner,M,True,,,1.0,5.0,3.0,8.0,,,3.0,,,1.0,2.0,,,1.0,4.0,3.0,,,,,,,,1.0,,,46.0,,,,,,,,,,,6.5,,,,,2.0,1.0,,4.0,,9.0,3.0,11.0,1,2.0,21.0,1.0,,1.0,
2015-16,6768152,15,35,West_Bromwich_Albion,Home,16657,Stéphane Sessègnon,stephane-sessegnon,M,False,,,,10.0,1.0,11.0,,1.0,2.0,,,,,,,2.0,3.0,7.0,,,,,,,,,1.0,,44.0,,,,,,,,,,,6.6,,,,,3.0,4.0,,,,15.0,1.0,12.0,0,,28.0,1.0,4.0,2.0,
2015-16,6768152,15,35,West_Bromwich_Albion,Home,41631,James McClean,james-mcclean,M,False,1.0,,,8.0,10.0,17.0,,3.0,5.0,,,,1.0,,,2.0,6.0,12.0,,,3.0,,1.0,,,3.0,2.0,,90.0,2.0,,,,,,,,,,8.0,,,,2.0,2.0,6.0,,1.0,,20.0,11.0,25.0,2,6.0,54.0,3.0,1.0,2.0,
2015-16,6768152,15,35,West_Bromwich_Albion,Home,53783,Callum McManaman,callum-mcmanaman,M,True,,,,,,,,,,,,,,,,,,,,,,,,,,,,,,,,,,,,,,,,,,,,,,,,,,,,,0,,,,,,
2015-16,6768152,15,6,Tottenham_Hotspur,Away,105734,Christian Eriksen,christian-eriksen,M,False,2.0,,1.0,38.0,15.0,51.0,,,5.0,,,,1.0,,,1.0,2.0,4.0,,,,,,,,,2.0,,90.0,,,,,,,,,,,7.3,,,1.0,,2.0,4.0,,1.0,,49.0,15.0,60.0,1,2.0,79.0,2.0,,2.0,
2015-16,6768152,15,6,Tottenham_Hotspur,Away,122702,Erik Lamela,erik-lamela,M,False,,,,10.0,4.0,14.0,4.0,1.0,3.0,,,,2.0,,,2.0,11.0,6.0,,,2.0,,,,,2.0,,,65.0,1.0,1.0,,,,,,,,,6.3,,,,,3.0,3.0,,,,17.0,4.0,18.0,1,1.0,37.0,2.0,2.0,2.0,
2015-16,6768152,15,6,Tottenham_Hotspur,Away,198028,Dele Alli,dele-alli,M,False,,,,19.0,8.0,27.0,,1.0,8.0,1.0,,1.0,2.0,,,,4.0,4.0,,,1.0,,1.0,,,,3.0,,80.0,1.0,,,,,,,,,,7.6,,,,,1.0,1.0,,3.0,,26.0,11.0,36.0,2,,51.0,1.0,3.0,,
2015-16,6768152,15,6,Tottenham_Hotspur,Away,361332,Joshua Onomah,joshua-onomah,M,True,,,,,,,,,,,,,,,,,,,,,,,,,,,,,,,,,,,,,,,,,,,,,,,,,,,,,0,,,,,,
2015-16,6768152,15,6,Tottenham_Hotspur,Away,545780,Harry Winks,harry-winks,M,True,,,,,,,,,,,,,,,,,,,,,,,,,,,,,,,,,,,,,,,,,,,,,,,,,,,,,0,,,,,,
2015-16,6768156,15,3,Arsenal,Home,519,Mathieu Flamini,mathieu-flamini,M,False,,,3.0,71.0,32.0,103.0,,2.0,12.0,,,,,,,1.0,2.0,4.0,,,1.0,,,,,4.0,1.0,,90.0,,,,,,,,,,,7.3,,,,3.0,,,,4.0,,74.0,33.0,107.0,0,2.0,119.0,,,,
2015-16,6768156,15,3,Arsenal,Home,10501,Theo Walcott,theo-walcott,M,True,,,,7.0,1.0,8.0,,,1.0,,,,,,,1.0,2.0,2.0,,,,,,,,,1.0,,26.0,,,,,,,,,,,6.6,,,1.0,1.0,2.0,,,,,8.0,1.0,9.0,1,,17.0,,1.0,1.0,
2015-16,6768156,15,3,Arsenal,Home,10577,Alex Oxlade-Chamberlain,alex-oxlade-chamberlain,M,False,,,3.0,13.0,10.0,23.0,1.0,1.0,3.0,,,1.0,,,,,1.0,5.0,,,,,,,,,1.0,,64.0,,,,,,,,,,,7.0,,,,1.0,,3.0,,4.0,,20.0,11.0,28.0,1,3.0,39.0,1.0,1.0,,
2015-16,6768156,15,3,Arsenal,Home,16176,Mesut Özil,mesut-ozil,M,False,1.0,,1.0,70.0,15.0,84.0,,,3.0,2.0,,,,,,2.0,2.0,10.0,,,,1.0,,,,,5.0,,90.0,,,,,,,,,,,8.8,,,1.0,,3.0,3.0,,4.0,,94.0,16.0,107.0,1,2.0,127.0,,5.0,3.0,
2015-16,6768156,15,3,Arsenal,Home,23571,Aaron Ramsey,aaron-ramsey,M,False,1.0,,2.0,73.0,41.0,113.0,1.0,1.0,14.0,,2.0,2.0,1.0,,,2.0,6.0,4.0,,,1.0,1.0,1.0,,,1.0,4.0,,90.0,3.0,,,,,,,,,,8.4,,,2.0,,4.0,1.0,,5.0,1.0,81.0,44.0,124.0,7,1.0,145.0,3.0,,2.0,
2015-16,6768156,15,56,Sunderland,Away,32045,Yann M'Vila,yann-mvila,M,False,1.0,,4.0,14.0,21.0,34.0,1.0,,13.0,,,,,,,,5.0,4.0,,,3.0,,,,,3.0,1.0,,90.0,,,,,,,,,,,7.3,,,2.0,2.0,1.0,3.0,,7.0,,21.0,21.0,39.0,2,3.0,58.0,,1.0,,
2015-16,6768156,15,56,Sunderland,Away,35528,Jordi Gómez,jordi-gomez,M,True,,,,,,,,,,,,,,,,,,,,,,,,,,,,,,,,,,,,,,,,,,,,,,,,,,,,,0,,,,,,
2015-16,6768156,15,3,Arsenal,Home,154508,Joel Campbell,joel-campbell,M,False,,,,19.0,8.0,27.0,1.0,,3.0,,,,1.0,,,,4.0,4.0,,,1.0,,1.0,,,,,,76.0,1.0,,,,,,,,,,7.1,,,,,2.0,,,1.0,,29.0,9.0,38.0,1,2.0,51.0,2.0,1.0,1.0,
2015-16,6768156,15,56,Sunderland,Away,240256,Duncan Watmore,duncan-watmore,M,False,,,1.0,9.0,1.0,10.0,2.0,,1.0,1.0,,,1.0,,,3.0,7.0,3.0,,,,,,,,,2.0,,90.0,1.0,,,,,,,,,,6.8,,,1.0,,2.0,4.0,,1.0,1.0,13.0,1.0,10.0,2,,25.0,1.0,2.0,1.0,
2015-16,6768156,15,3,Arsenal,Home,352770,Alex Iwobi,alex-iwobi,M,True,,,,,,,,,,,,,,,,,,,,,,,,,,,,,,,,,,,,,,,,,,,,,,,,,,,,,0,,,,,,
2015-16,6768157,15,45,Norwich_City,Away,512,Alexander Tettey,alexander-tettey,M,False,,,7.0,18.0,25.0,43.0,3.0,1.0,7.0,,,,1.0,,,2.0,7.0,4.0,,,1.0,,,,,4.0,1.0,,90.0,,,,1.0,,,,,,,6.1,,,,4.0,,,,20.0,,34.0,28.0,62.0,0,2.0,80.0,1.0,1.0,,
2015-16,6768157,15,57,Watford,Home,642,Ben Watson,ben-watson,M,False,1.0,,4.0,22.0,16.0,37.0,4.0,1.0,4.0,,,1.0,3.0,,,,8.0,2.0,,,1.0,,,,,1.0,2.0,,90.0,,,,,,,,,,,6.5,,,,1.0,,4.0,,10.0,,35.0,22.0,53.0,1,1.0,64.0,2.0,,,
2015-16,6768157,15,57,Watford,Home,4366,Almen Abdi,almen-abdi,M,True,,,,2.0,1.0,3.0,1.0,,1.0,,,,2.0,,,,3.0,2.0,,,,,,,,1.0,,,13.0,,1.0,,,,,,,,,6.5,,,,,,,,1.0,,3.0,1.0,4.0,0,1.0,9.0,,1.0,,
2015-16,6768157,15,45,Norwich_City,Away,9148,Graham Dorrans,graham-dorrans,M,False,,,6.0,18.0,17.0,35.0,,3.0,5.0,,,,2.0,,,,4.0,4.0,,,2.0,,,,,,,,90.0,1.0,,,,,,,,,,6.7,,,1.0,1.0,,,,8.0,,25.0,21.0,46.0,2,1.0,52.0,1.0,,,
2015-16,6768157,15,57,Watford,Home,13990,José Jurado,jose-jurado,M,False,,,3.0,26.0,13.0,39.0,1.0,,7.0,,,,,,,,6.0,4.0,,,1.0,,,,,,3.0,,77.0,,,,,,,,,,,6.8,,,,1.0,6.0,,,3.0,,31.0,15.0,46.0,0,,61.0,3.0,2.0,2.0,
2015-16,6768157,15,57,Watford,Home,16701,Étienne Capoue,etienne-capoue,M,False,,,1.0,26.0,19.0,45.0,2.0,1.0,8.0,,,,,,,1.0,5.0,8.0,,,1.0,,,,,2.0,,,90.0,,,,,,,,,,,7.5,,,1.0,2.0,5.0,,,3.0,,39.0,20.0,59.0,1,2.0,77.0,1.0,1.0,4.0,
2015-16,6768157,15,45,Norwich_City,Away,17806,Vadis Odjidja-Ofoe,vadis-odjidja-ofoe,M,True,,,1.0,2.0,1.0,3.0,,,1.0,,,,,,,,,,,,,,,,,,,,12.0,,,,,,,,,,,6.3,,,,,,1.0,,1.0,,6.0,2.0,7.0,0,,8.0,,,,
2015-16,6768157,15,45,Norwich_City,Away,18712,Youssouf Mulumbu,youssouf-mulumbu,M,True,,,,,,,,,,,,,,,,,,,,,,,,,,,,,,,,,,,,,,,,,,,,,,,,,,,,,0,,,,,,
2015-16,6768157,15,57,Watford,Home,20364,Ikechi Anya,ikechi-anya,M,False,1.0,,1.0,14.0,4.0,17.0,3.0,,2.0,,,,1.0,,,,4.0,,,,,,,,,2.0,,,74.0,,,,,,,,,,,6.5,,,,1.0,,4.0,,2.0,,20.0,6.0,22.0,0,,34.0,1.0,,,
2015-16,6768157,15,57,Watford,Home,27803,Alessandro Diamanti,alessandro-diamanti,M,True,,,,,,,,,,,,,,,,,,,,,,,,,,,,,,,,,,,,,,,,,,,,,,,,,,,,,0,,,,,,
2015-16,6768157,15,45,Norwich_City,Away,29691,Gary O'Neil,gary-oneil,M,True,,,,,,,,,,,,,,,,,,,,,,,,,,,,,,,,,,,,,,,,,,,,,,,,,,,,,0,,,,,,
2015-16,6768157,15,57,Watford,Home,45989,Adlène Guédioura,adlene-guedioura,M,True,,,,,,,1.0,,3.0,,,,,,,,1.0,,,,1.0,,,,,1.0,,,1.0,,,,,,,,,,,,,,1.0,,,,,1.0,,2.0,,2.0,1,,5.0,,,,
2015-16,6768157,15,57,Watford,Home,47668,Juan Carlos Paredes,juan-carlos-paredes,M,True,,,,1.0,1.0,2.0,,,,,,,,,,,,,,,,,,,,,1.0,,16.0,,,,,,,,,,,6.7,,,,1.0,,,,1.0,,3.0,2.0,5.0,0,,8.0,,,,
2015-16,6768157,15,45,Norwich_City,Away,115346,Nathan Redmond,nathan-redmond,M,False,,,,10.0,3.0,13.0,,,2.0,,,,,,,1.0,2.0,2.0,,,,,,,,,,,45.0,,,,,,,,,,,6.4,,,,,1.0,1.0,,,2.0,12.0,4.0,15.0,0,1.0,23.0,,1.0,,
2015-16,6768157,15,45,Norwich_City,Away,267621,Robbie Brady,robbie-brady,M,False,2.0,,1.0,11.0,5.0,14.0,,1.0,6.0,,,1.0,2.0,,,,7.0,10.0,,,3.0,,,,,,2.0,,90.0,,,,,,,,,,,7.0,,,2.0,1.0,9.0,10.0,,2.0,,25.0,5.0,20.0,3,,49.0,3.0,2.0,7.0,
2015-16,6768158,15,8,Chelsea,Home,518,Cesc Fàbregas,cesc-fabregas,M,False,,,6.0,49.0,15.0,64.0,,1.0,7.0,,,,3.0,,,1.0,4.0,6.0,,,,,,,,1.0,1.0,,83.0,,,,,,,,,,,7.3,,,,2.0,1.0,4.0,,10.0,,65.0,18.0,79.0,0,4.0,97.0,1.0,,1.0,
2015-16,6768158,15,8,Chelsea,Home,7311,John Obi Mikel,john-obi-mikel,M,True,,,,,,,,,,,,,,,,,,,,,,,,,,,,,,,,,,,,,,,,,,,,,,,,,,,,,0,,,,,,
2015-16,6768158,15,91,Bournemouth,Away,14695,Andrew Surman,andrew-surman,M,False,,,4.0,16.0,21.0,37.0,1.0,3.0,7.0,,,,,,,,4.0,3.0,,,3.0,,,,,5.0,,,90.0,,,,,,,,,,,7.0,,,,6.0,,,,4.0,,20.0,25.0,45.0,0,,59.0,1.0,,,
2015-16,6768158,15,8,Chelsea,Home,31417,Willian,willian,M,False,4.0,,6.0,52.0,11.0,59.0,,,13.0,,,,2.0,,,1.0,5.0,8.0,,,1.0,,,,,1.0,6.0,,90.0,,,,,,,,,,,7.9,,,1.0,,6.0,14.0,,9.0,,67.0,13.0,66.0,1,1.0,98.0,2.0,2.0,5.0,
2015-16,6768158,15,91,Bournemouth,Away,39121,Harry Arter,harry-arter,M,False,,,,20.0,9.0,29.0,,1.0,6.0,,,1.0,7.0,,,2.0,14.0,8.0,,,4.0,,,,,2.0,1.0,,90.0,,,,,,,,,,,6.5,,,1.0,1.0,1.0,,,,,23.0,11.0,34.0,2,6.0,55.0,2.0,1.0,,
2015-16,6768158,15,8,Chelsea,Home,39400,Oscar,oscar,M,False,,,3.0,9.0,3.0,12.0,1.0,1.0,1.0,,,1.0,2.0,,,,3.0,4.0,,,,,,,,,,,45.0,1.0,,,,,,,,,,6.8,,,,,,,,3.0,,12.0,3.0,15.0,2,,21.0,1.0,3.0,,
2015-16,6768158,15,91,Bournemouth,Away,41628,Eunan O'Kane,eunan-okane,M,True,,,,,,,,,,,,,,,,,,,,,,,,,,,,,,,,,,,,,,,,,,,,,,,,,,,,,0,,,,,,
2015-16,6768158,15,91,Bournemouth,Away,42699,Matt Ritchie,matt-ritchie,M,False,,,1.0,18.0,6.0,24.0,3.0,,4.0,1.0,,,,,,2.0,6.0,6.0,,,1.0,,,,,4.0,1.0,,90.0,,,,,,,,,,,7.6,,,2.0,2.0,2.0,2.0,,6.0,,30.0,7.0,35.0,2,2.0,58.0,,2.0,2.0,
2015-16,6768158,15,8,Chelsea,Home,44241,Nemanja Matić,nemanja-matic,M,False,,,5.0,33.0,25.0,58.0,1.0,,10.0,,1.0,,2.0,,,,6.0,5.0,,,1.0,,,,,4.0,,,90.0,,2.0,,,,,,,,,7.1,,,3.0,,4.0,,,5.0,1.0,37.0,27.0,64.0,3,3.0,86.0,1.0,,2.0,
2015-16,6768158,15,91,Bournemouth,Away,44823,Junior Stanislas,junior-stanislas,M,False,,,,10.0,7.0,17.0,2.0,,2.0,,,2.0,1.0,,,,6.0,3.0,,,,,,,,,2.0,,90.0,1.0,,,,,,,,,,6.7,,,,1.0,5.0,3.0,,1.0,,15.0,9.0,21.0,3,,39.0,2.0,1.0,2.0,
2015-16,6768158,15,8,Chelsea,Home,284441,Ruben Loftus-Cheek,ruben-loftus-cheek,M,True,,,,,,,,,,,,,,,,,,,,,,,,,,,,,,,,,,,,,,,,,,,,,,,,,,,,,0,,,,,,
2015-16,6768158,15,91,Bournemouth,Away,817575,Matt Butcher,matt-butcher,M,True,,,,,,,,,,,,,,,,,,,,,,,,,,,,,,,,,,,,,,,,,,,,,,,,,,,,,0,,,,,,
2015-16,6768159,15,13,Leicester_City,Away,4252,Gökhan Inler,gokhan-inler,M,True,,,,,,,,,,,,,,,,,,,,,,,,,,,,,,,,,,,,,,,,,,,,,,,,,,,,,0,,,,,,
2015-16,6768159,15,80,Swansea_City,Home,20538,Leon Britton,leon-britton,M,False,,,1.0,24.0,26.0,50.0,,,4.0,,,,,,,,,2.0,,,,,,,,6.0,,,63.0,,,,,,,,,,,7.2,,,,1.0,1.0,,,1.0,,26.0,29.0,55.0,0,1.0,69.0,2.0,,1.0,
2015-16,6768159,15,80,Swansea_City,Home,20993,Jack Cork,jack-cork,M,True,,,2.0,3.0,8.0,11.0,,,1.0,,,,,,,1.0,1.0,,,,,,,,,2.0,,,12.0,,,,,,,,,,,6.7,,,,,,,,2.0,,4.0,8.0,12.0,0,,15.0,,,,
2015-16,6768159,15,80,Swansea_City,Home,30243,Neil Taylor,neil-taylor,M,False,,,2.0,15.0,22.0,37.0,,2.0,10.0,,,,,,,2.0,6.0,8.0,,,2.0,,,,,3.0,,,90.0,,,,,,,,,,,6.4,,,,4.0,4.0,3.0,,5.0,,24.0,27.0,48.0,0,3.0,80.0,1.0,1.0,2.0,
2015-16,6768159,15,13,Leicester_City,Away,30530,Andy King,andy-king,M,True,1.0,,,4.0,1.0,4.0,,,,,,1.0,,,,,1.0,1.0,,,,,,,,,1.0,,3.0,,,,,,,,,,,,,,,,2.0,1.0,,,,4.0,1.0,4.0,1,,8.0,,,1.0,
2015-16,6768159,15,80,Swansea_City,Home,38642,Sung-Yueng Ki,sung-yueng-ki,M,False,,,6.0,24.0,34.0,58.0,,2.0,11.0,,,,1.0,,,,1.0,5.0,,,,,,,1.0,,1.0,,78.0,,,,,,,,,,,7.0,,,1.0,,1.0,,,7.0,,28.0,35.0,63.0,1,,72.0,2.0,3.0,1.0,
2015-16,6768159,15,80,Swansea_City,Home,43192,Gylfi Sigurðsson,gylfi-sigursson,M,False,3.0,,2.0,15.0,16.0,28.0,,,2.0,,,,2.0,,,1.0,3.0,3.0,,,,,,,1.0,1.0,2.0,,90.0,,,,,,,,,,,7.1,,,3.0,,,8.0,,3.0,1.0,30.0,18.0,40.0,3,2.0,58.0,,1.0,,
2015-16,6768159,15,13,Leicester_City,Away,47737,Marc Albrighton,marc-albrighton,M,False,2.0,,2.0,16.0,8.0,22.0,,1.0,3.0,,,2.0,4.0,,,1.0,8.0,1.0,,,1.0,1.0,,,,,2.0,,90.0,,,,,,,,,,,6.3,,,,,2.0,9.0,,4.0,,34.0,8.0,33.0,2,,51.0,2.0,,,
2015-16,6768159,15,13,Leicester_City,Away,54330,Danny Drinkwater,danny-drinkwater,M,False,,,7.0,32.0,25.0,57.0,,,16.0,,,,3.0,,,1.0,7.0,6.0,,,3.0,,,,,2.0,3.0,,90.0,,,,,,,,,,,7.3,,,,1.0,1.0,,,12.0,,41.0,27.0,68.0,0,5.0,80.0,1.0,,1.0,
2015-16,6768159,15,80,Swansea_City,Home,54686,Jefferson Montero,jefferson-montero,M,True,2.0,,,7.0,,5.0,1.0,,,,,,1.0,,,1.0,4.0,3.0,,,,,,,,,2.0,,45.0,,,,,,,,,,,6.4,,,,,1.0,4.0,,,,11.0,1.0,8.0,0,,18.0,,3.0,,
2015-16,6768159,15,13,Leicester_City,Away,148710,Jeffrey Schlupp,jeffrey-schlupp,M,True,,,,2.0,,2.0,,,,,,,,,,,,1.0,,,,,,,,,1.0,,1.0,,,,,,,,,,,,,,,,,,,,,2.0,,2.0,0,1.0,3.0,,,,
2015-16,6768159,15,13,Leicester_City,Away,158213,Riyad Mahrez,riyad-mahrez,M,False,,,3.0,19.0,8.0,27.0,1.0,,13.0,,1.0,,2.0,,,2.0,10.0,6.0,,,2.0,,3.0,,,2.0,1.0,,89.0,4.0,,,,,,,,,,9.0,,,1.0,,5.0,1.0,,6.0,1.0,31.0,9.0,39.0,5,3.0,64.0,,1.0,2.0,
2015-16,6768159,15,80,Swansea_City,Home,209098,Modou Barrow,modou-barrow,M,True,,,1.0,8.0,2.0,10.0,,,3.0,,,,,,,1.0,1.0,6.0,,,,,,,,1.0,1.0,,27.0,,,,,,,,,,,7.3,,,,,4.0,,,1.0,,8.0,2.0,10.0,0,,19.0,,2.0,4.0,
2015-16,6768159,15,13,Leicester_City,Away,234148,N'Golo Kanté,n-golo-kante,M,False,,,3.0,22.0,17.0,39.0,,,13.0,1.0,,,,,,,2.0,3.0,,,2.0,1.0,,,,4.0,3.0,,90.0,,,,,,,,,,,8.1,,,,2.0,,,,7.0,,27.0,24.0,51.0,0,3.0,63.0,,,,
2015-16,6768164,15,110,Stoke_City,Home,2525,Ibrahim Afellay,ibrahim-afellay,M,False,,,,17.0,19.0,36.0,,1.0,10.0,,,,1.0,,,2.0,5.0,7.0,,,1.0,,,,,3.0,,,85.0,,,,,,,,,,,7.0,,,,,6.0,,,,,22.0,20.0,42.0,0,,58.0,1.0,1.0,5.0,
2015-16,6768164,15,110,Stoke_City,Home,9104,Marc Wilson,marc-wilson,M,True,,,,,,,,,,,,,,,,,,,,,,,,,,,,,,,,,,,,,,,,,,,,,,,,,,,,,0,,,,,,
2015-16,6768164,15,110,Stoke_City,Home,9360,Charlie Adam,charlie-adam,M,True,,,,,,,,,,,,,,,,,,,,,,,,,,,,,,,,,,,,,,,,,,,,,,,,,,,,,0,,,,,,
2015-16,6768164,15,110,Stoke_City,Home,10535,Glenn Whelan,glenn-whelan,M,False,1.0,,1.0,15.0,29.0,43.0,1.0,,11.0,,,,2.0,,,,4.0,3.0,,,,,,,,5.0,1.0,,90.0,,,,,,,,,,,6.9,,,,1.0,1.0,1.0,,5.0,,23.0,32.0,54.0,0,1.0,70.0,2.0,2.0,,
2015-16,6768164,15,43,Manchester_City,Away,11781,David Silva,david-silva,M,False,,,2.0,25.0,9.0,34.0,,1.0,5.0,,,,3.0,,,1.0,4.0,2.0,,,,,,,,1.0,1.0,,62.0,,,,,,,,,,,6.4,,,,,,1.0,,3.0,,35.0,9.0,43.0,0,1.0,51.0,2.0,,,
2015-16,6768164,15,43,Manchester_City,Away,13630,Fernandinho,fernandinho,M,False,,,1.0,16.0,10.0,26.0,,,2.0,,,,3.0,,,,4.0,5.0,,,1.0,,,,,,,,56.0,,,,,,,,,,,6.5,,,,,2.0,1.0,,1.0,,20.0,11.0,30.0,0,2.0,39.0,3.0,1.0,2.0,
2015-16,6768164,15,43,Manchester_City,Away,24048,Fabian Delph,fabian-delph,M,True,,,,10.0,7.0,17.0,,1.0,7.0,,,,,,,1.0,1.0,4.0,,,,,,,,1.0,,,34.0,1.0,,,,,,,,,,7.1,,,1.0,,1.0,,,,,14.0,8.0,22.0,2,2.0,30.0,1.0,,1.0,
2015-16,6768164,15,43,Manchester_City,Away,41837,Fernando,fernando-reges,M,False,,,1.0,20.0,15.0,35.0,,,3.0,,,,5.0,,,,5.0,6.0,,,,,,,,2.0,,,74.0,,,,,,,,,,,6.7,,,,,1.0,,,1.0,,23.0,17.0,40.0,0,5.0,50.0,1.0,,1.0,
2015-16,6768164,15,110,Stoke_City,Home,65953,Xherdan Shaqiri,xherdan-shaqiri,M,False,1.0,,,14.0,8.0,21.0,,,7.0,3.0,1.0,,,,,2.0,4.0,7.0,,,1.0,2.0,,,,,3.0,,77.0,1.0,,,,,,,,,,8.9,,,,,6.0,2.0,,1.0,,17.0,8.0,23.0,1,,40.0,1.0,2.0,5.0,
2015-16,6768164,15,43,Manchester_City,Away,70996,Kevin De Bruyne,kevin-de-bruyne,M,False,4.0,,1.0,25.0,9.0,30.0,,,6.0,,,,7.0,,,1.0,11.0,4.0,,,1.0,,,,,,2.0,,90.0,1.0,,,,,,,,,,6.3,,,,,5.0,6.0,,1.0,,45.0,9.0,48.0,1,1.0,66.0,2.0,,3.0,
2015-16,6768164,15,43,Manchester_City,Away,792317,Manu García,manu-garcia,M,True,,,,,,,,,,,,,,,,,,,,,,,,,,,,,,,,,,,,,,,,,,,,,,,,,,,,,0,,,,,,
2015-16,6768150,16,1,Manchester_United,Away,938,Michael Carrick,michael-carrick,M,False,,,6.0,28.0,27.0,55.0,1.0,,7.0,1.0,,1.0,,,,1.0,2.0,5.0,,,,,,,,,1.0,,90.0,,,,,,,,,,,7.3,,,,2.0,2.0,,,10.0,,35.0,30.0,65.0,1,3.0,79.0,2.0,,2.0,
2015-16,6768150,16,91,Bournemouth,Home,11764,Marc Pugh,marc-pugh,M,True,,,,,,,,,,,,,,,,,,,,,,,,,,,,,,,,,,,,,,,,,,,,,,,,,,,,,0,,,,,,
2015-16,6768150,16,91,Bournemouth,Home,14695,Andrew Surman,andrew-surman,M,False,,,3.0,18.0,21.0,39.0,4.0,2.0,3.0,,,,2.0,,,,6.0,4.0,,,,,,,,1.0,,,90.0,,,,,,,,,,,6.6,,,,4.0,1.0,,,5.0,,22.0,22.0,44.0,0,1.0,52.0,,,1.0,
2015-16,6768150,16,1,Manchester_United,Away,27009,Morgan Schneiderlin,morgan-schneiderlin,M,True,,,,,,,,,,,,,,,,,,,,,,,,,,,,,,,,,,,,,,,,,,,,,,,,,,,,,0,,,,,,
2015-16,6768150,16,1,Manchester_United,Away,28367,Juan Mata,juan-mata,M,False,,,3.0,30.0,22.0,52.0,,,4.0,,,,,,,2.0,3.0,3.0,,,1.0,,,,,,,,90.0,,,,,,,,,,,6.8,,,,1.0,3.0,,,3.0,1.0,36.0,22.0,58.0,0,,64.0,,,3.0,
2015-16,6768150,16,91,Bournemouth,Home,39121,Harry Arter,harry-arter,M,False,,,3.0,16.0,18.0,34.0,,1.0,10.0,,,,2.0,,,2.0,7.0,7.0,,,,,,,,3.0,1.0,,86.0,,1.0,,,,,,,,,6.9,,,1.0,,4.0,,,6.0,,21.0,19.0,40.0,1,5.0,61.0,1.0,,1.0,
2015-16,6768150,16,91,Bournemouth,Home,41628,Eunan O'Kane,eunan-okane,M,True,,,,3.0,,3.0,,,1.0,,,,,,,,,,,,,,,,,1.0,,,4.0,,,,,,,,,,,6.6,,,,2.0,,,,,,3.0,,3.0,0,,6.0,,,,
2015-16,6768150,16,91,Bournemouth,Home,42699,Matt Ritchie,matt-ritchie,M,False,,,,16.0,8.0,24.0,,,6.0,,,,3.0,,,,4.0,6.0,,,1.0,1.0,,,,1.0,1.0,,90.0,1.0,,,,,,,,,,7.2,,,1.0,,2.0,3.0,,1.0,,24.0,8.0,29.0,2,2.0,44.0,,2.0,2.0,
2015-16,6768150,16,91,Bournemouth,Home,44823,Junior Stanislas,junior-stanislas,M,False,,,1.0,16.0,11.0,27.0,,4.0,4.0,,1.0,,1.0,,,,8.0,8.0,,1.0,1.0,,1.0,,,1.0,1.0,,90.0,2.0,,,,,,,,,,6.6,,,1.0,2.0,8.0,5.0,,1.0,,25.0,13.0,33.0,3,1.0,66.0,1.0,1.0,2.0,
2015-16,6768150,16,1,Manchester_United,Away,123778,Nick Powell,nick-powell,M,True,,,,1.0,,1.0,3.0,1.0,,,,,,,,,3.0,1.0,,,,,,,,,,,16.0,,,,,,,,,,,6.4,,,,,,,,,,2.0,,2.0,0,,2.0,,,,
2015-16,6768150,16,1,Manchester_United,Away,191176,Anthony Martial,anthony-martial,M,False,,,,10.0,2.0,12.0,6.0,2.0,2.0,,1.0,,1.0,,,3.0,17.0,7.0,,,,,,,,,,,90.0,,,,,,,,,,,5.8,,,2.0,,10.0,2.0,,,,14.0,2.0,14.0,2,,38.0,2.0,2.0,3.0,
2015-16,6768150,16,1,Manchester_United,Away,285949,Andreas Pereira,andreas-pereira,M,True,2.0,,,15.0,4.0,17.0,1.0,,3.0,,,,3.0,,,,5.0,4.0,,,1.0,,,,,1.0,,,59.0,,,,,,,,,,,6.4,,,,,3.0,9.0,,1.0,,26.0,4.0,21.0,0,,38.0,,1.0,3.0,
2015-16,6768153,16,43,Manchester_City,Home,11781,David Silva,david-silva,M,False,,,2.0,41.0,10.0,51.0,1.0,,4.0,,,,,,,1.0,3.0,4.0,,,,,,,,,2.0,,68.0,,,,,,,,,,,6.9,,,,,1.0,1.0,,2.0,,44.0,13.0,56.0,0,2.0,64.0,1.0,2.0,,
2015-16,6768153,16,43,Manchester_City,Home,13630,Fernandinho,fernandinho,M,False,,,3.0,27.0,19.0,46.0,,,6.0,,,,2.0,,,,3.0,5.0,,,,,,,,3.0,1.0,,90.0,,,,,,,,,,,7.1,,,,1.0,2.0,,,4.0,,30.0,21.0,51.0,0,3.0,63.0,1.0,1.0,1.0,
2015-16,6768153,16,43,Manchester_City,Home,14468,Yaya Touré,yaya-toure,M,False,,,5.0,40.0,28.0,68.0,,1.0,9.0,,,2.0,2.0,,,1.0,7.0,10.0,,,2.0,1.0,,,,1.0,2.0,,90.0,2.0,,,,,,,,,,8.1,,,1.0,1.0,7.0,,,5.0,,43.0,30.0,73.0,5,3.0,98.0,1.0,1.0,5.0,
2015-16,6768153,16,80,Swansea_City,Away,20538,Leon Britton,leon-britton,M,False,,,,10.0,29.0,39.0,,,3.0,,,,,,,,,6.0,,,,,,,,4.0,,,75.0,,,,,,,,,,,7.4,,,,1.0,1.0,,,1.0,,11.0,31.0,42.0,0,3.0,55.0,1.0,2.0,1.0,
2015-16,6768153,16,80,Swansea_City,Away,20993,Jack Cork,jack-cork,M,False,,,2.0,33.0,20.0,53.0,,3.0,4.0,1.0,,1.0,4.0,,,2.0,7.0,13.0,,,1.0,,,,,,2.0,,90.0,,,,,,,,,,,7.6,,,,3.0,2.0,,,2.0,1.0,42.0,21.0,63.0,1,5.0,88.0,2.0,3.0,2.0,
2015-16,6768153,16,43,Manchester_City,Home,24048,Fabian Delph,fabian-delph,M,True,,,,11.0,6.0,17.0,1.0,,2.0,,,,,,,2.0,4.0,1.0,,,1.0,,,,,1.0,,,45.0,,,,,,,,,,,6.5,,,1.0,1.0,,1.0,,,,12.0,6.0,17.0,1,1.0,28.0,,,,
2015-16,6768153,16,80,Swansea_City,Away,30243,Neil Taylor,neil-taylor,M,False,,,1.0,19.0,14.0,33.0,,1.0,2.0,,,,,,,,3.0,5.0,,,3.0,,,,,,,,90.0,,,,,,,,,,,6.4,,,,,1.0,1.0,,2.0,,23.0,15.0,37.0,0,1.0,56.0,2.0,2.0,1.0,
2015-16,6768153,16,80,Swansea_City,Away,38642,Sung-Yueng Ki,sung-yueng-ki,M,False,,,6.0,23.0,30.0,53.0,,1.0,5.0,,,,1.0,,,2.0,3.0,5.0,,,,,,,,1.0,,,90.0,1.0,1.0,,,,,,,,,6.9,,,,,,,,6.0,,24.0,30.0,54.0,1,2.0,64.0,,2.0,,
2015-16,6768153,16,80,Swansea_City,Away,43192,Gylfi Sigurðsson,gylfi-sigursson,M,False,3.0,,1.0,19.0,10.0,26.0,,,3.0,,,1.0,1.0,,,4.0,5.0,4.0,,,1.0,,,,,,3.0,,90.0,4.0,,,,,,,,,,7.7,,,,,2.0,9.0,,1.0,1.0,32.0,10.0,33.0,5,2.0,61.0,3.0,,2.0,
2015-16,6768153,16,80,Swansea_City,Away,54686,Jefferson Montero,jefferson-montero,M,True,,,,3.0,,3.0,,,,,,,,,,,,,,,,,,,,,,,15.0,,,,,,,,,,,6.4,,,,,,,,,,3.0,1.0,4.0,0,,5.0,1.0,,,
2015-16,6768153,16,43,Manchester_City,Home,70996,Kevin De Bruyne,kevin-de-bruyne,M,True,2.0,,,5.0,,3.0,,,,,,,,,,,,,,,,,,,,,2.0,,22.0,,,,,,,,,,,6.6,,,,,,6.0,,,,11.0,,5.0,0,,11.0,,,,
2015-16,6768153,16,80,Swansea_City,Away,209098,Modou Barrow,modou-barrow,M,True,,,,1.0,,1.0,,,,,,,,,,,,1.0,,,,,,,,,1.0,,14.0,,,,,,,,,,,6.6,,,,,,,,,,1.0,,1.0,0,,3.0,1.0,1.0,,
2015-16,6768153,16,80,Swansea_City,Away,340713,Matt Grimes,matt-grimes,M,True,,,,,,,,,,,,,,,,,,,,,,,,,,,,,,,,,,,,,,,,,,,,,,,,,,,,,0,,,,,,
2015-16,6768153,16,43,Manchester_City,Home,361326,Patrick Roberts,patrick-roberts,M,True,,,,,,,,,,,,,,,,,,,,,,,,,,,,,,,,,,,,,,,,,,,,,,,,,,,,,0,,,,,,
2015-16,6768154,16,35,West_Bromwich_Albion,Away,765,Darren Fletcher,darren-fletcher,M,False,,,2.0,18.0,7.0,25.0,,3.0,9.0,,,,1.0,,,5.0,7.0,4.0,,,1.0,,,,,,,,90.0,,,,,,,,,,,6.0,,,,2.0,,,,5.0,,26.0,8.0,34.0,0,,44.0,,1.0,,
2015-16,6768154,16,14,Liverpool,Home,791,James Milner,james-milner,M,False,2.0,,2.0,37.0,12.0,47.0,3.0,1.0,7.0,,,2.0,,,,1.0,5.0,5.0,,1.0,1.0,,,,,1.0,2.0,,90.0,,,,,,,,,,,7.3,,,2.0,1.0,,6.0,,7.0,,54.0,17.0,65.0,4,4.0,90.0,1.0,,,
2015-16,6768154,16,35,West_Bromwich_Albion,Away,822,James Morrison,james-morrison,M,False,,,2.0,16.0,15.0,31.0,,2.0,7.0,,,,2.0,,,2.0,4.0,5.0,,,,,,,,3.0,,,90.0,,1.0,,,,,,,,,6.6,,,1.0,1.0,1.0,,,3.0,,20.0,17.0,37.0,1,1.0,52.0,1.0,1.0,1.0,
2015-16,6768154,16,35,West_Bromwich_Albion,Away,10540,Chris Brunt,chris-brunt,M,False,2.0,,5.0,9.0,14.0,21.0,1.0,,7.0,,,,2.0,,,,3.0,,,,,1.0,,,,5.0,1.0,,90.0,,1.0,,,,,,,,,6.9,,,,7.0,,5.0,,10.0,,17.0,15.0,27.0,0,,49.0,,,,
2015-16,6768154,16,35,West_Bromwich_Albion,Away,14235,Craig Gardner,craig-gardner,M,False,,,,9.0,3.0,12.0,1.0,3.0,4.0,,,,,,,1.0,3.0,8.0,,,2.0,,,,,2.0,,,90.0,,,,,,,,,,,6.6,,,,1.0,1.0,4.0,,4.0,,23.0,6.0,25.0,0,3.0,46.0,3.0,1.0,1.0,
2015-16,6768154,16,14,Liverpool,Home,17054,Adam Lallana,adam-lallana,M,False,2.0,,,28.0,3.0,29.0,,1.0,2.0,1.0,1.0,,,,,,,5.0,,,,1.0,,,,,3.0,,86.0,1.0,,,,,,,,,,7.3,,,,,1.0,5.0,,1.0,1.0,36.0,3.0,34.0,1,1.0,47.0,3.0,2.0,1.0,
2015-16,6768154,16,14,Liverpool,Home,20602,Joe Allen,joe-allen,M,True,,,,,,,,,,,,,,,,,,,,,,,,,,,,,,,,,,,,,,,,,,,,,,,,,,,,,0,,,,,,
2015-16,6768154,16,14,Liverpool,Home,27234,Lucas Leiva,lucas-leiva,M,True,,,,,,,,,,,,,,,,,,,,,,,,,,,,,,,,,,,,,,,,,,,,,,,,,,,,,0,,,,,,
2015-16,6768154,16,35,West_Bromwich_Albion,Away,41631,James McClean,james-mcclean,M,False,,,,8.0,3.0,11.0,,,2.0,,,,5.0,,,,6.0,3.0,,,,,,,,,1.0,,90.0,,,,,,,,,,,6.0,,,,3.0,1.0,3.0,,1.0,,15.0,4.0,16.0,0,3.0,30.0,1.0,,,
2015-16,6768154,16,14,Liverpool,Home,42694,Jordan Henderson,jordan-henderson,M,False,,,4.0,44.0,20.0,64.0,1.0,,4.0,,,1.0,1.0,,,,2.0,2.0,,,,1.0,1.0,,,,1.0,,90.0,2.0,,,,,,,,,,8.1,,,2.0,,2.0,4.0,,7.0,,63.0,24.0,83.0,5,,98.0,,,2.0,
2015-16,6768154,16,35,West_Bromwich_Albion,Away,53783,Callum McManaman,callum-mcmanaman,M,True,,,,,,,,,,,,,,,,,,,,,,,,,,,,,,,,,,,,,,,,,,,,,,,,,,,,,0,,,,,,
2015-16,6768154,16,14,Liverpool,Home,119159,Philippe Coutinho,philippe-coutinho,M,False,,,1.0,29.0,7.0,36.0,4.0,,7.0,,,,,,,3.0,7.0,2.0,,,,,,,,,3.0,,72.0,3.0,,,,,,,,,,7.5,,,1.0,,1.0,,,2.0,,39.0,8.0,47.0,4,1.0,57.0,,,1.0,
2015-16,6768154,16,14,Liverpool,Home,143697,Roberto Firmino,roberto-firmino,M,True,,,,2.0,,2.0,1.0,,,,,,,,,,2.0,1.0,,,,,,,,,,,4.0,,,,,,,,,,,5.9,,,,,1.0,2.0,,,,5.0,,3.0,0,1.0,9.0,1.0,,,
2015-16,6768154,16,14,Liverpool,Home,185955,Jordon Ibe,jordon-ibe,M,True,,,,8.0,,8.0,,,,,,,,,,,1.0,3.0,,,,,,,,,1.0,,18.0,,,,,,,,,,,6.9,,,1.0,,4.0,1.0,,,,11.0,,10.0,1,,19.0,1.0,,3.0,
2015-16,6768154,16,35,West_Bromwich_Albion,Away,187433,Serge Gnabry,serge-gnabry,M,True,,,,,,,,,,,,,,,,,,,,,,,,,,,,,,,,,,,,,,,,,,,,,,,,,,,,,0,,,,,,
2015-16,6768155,16,57,Watford,Away,642,Ben Watson,ben-watson,M,False,,,4.0,28.0,19.0,47.0,1.0,1.0,7.0,,,,1.0,,,,2.0,5.0,,,,,,,,3.0,,,90.0,,,,,,,,,,,7.1,,,,4.0,,2.0,,9.0,,40.0,23.0,61.0,0,1.0,79.0,2.0,3.0,,
2015-16,6768155,16,57,Watford,Away,4366,Almen Abdi,almen-abdi,M,False,,,,25.0,13.0,38.0,1.0,1.0,7.0,,,1.0,1.0,,,2.0,5.0,2.0,,,1.0,,,,,,2.0,,69.0,1.0,,,,,,,,,,7.0,,,,4.0,,,,,,26.0,13.0,39.0,2,1.0,53.0,3.0,,,
2015-16,6768155,16,57,Watford,Away,13990,José Jurado,jose-jurado,M,False,,,,26.0,13.0,39.0,,,13.0,,,,,,,1.0,1.0,6.0,,,,,,,1.0,1.0,1.0,,76.0,,,,,,,,,,,7.5,,,1.0,,1.0,,,1.0,,30.0,18.0,48.0,1,4.0,60.0,,1.0,1.0,
2015-16,6768155,16,57,Watford,Away,16701,Étienne Capoue,etienne-capoue,M,False,,,4.0,35.0,18.0,53.0,2.0,5.0,3.0,,,,5.0,,,,10.0,5.0,,,2.0,,,,,4.0,2.0,,90.0,1.0,,,,,,,,,,6.6,,,,2.0,1.0,,,9.0,,48.0,20.0,68.0,1,,80.0,,1.0,,
2015-16,6768155,16,57,Watford,Away,20364,Ikechi Anya,ikechi-anya,M,True,,,,1.0,2.0,3.0,,,2.0,,,,,,,,,,,,,,,,,,1.0,,14.0,,,,,,,,,,,6.6,,,,,,,,,,2.0,2.0,4.0,0,,5.0,,,,
2015-16,6768155,16,57,Watford,Away,27803,Alessandro Diamanti,alessandro-diamanti,M,True,,,,,,,,,,,,,,,,,,,,,,,,,,,,,,,,,,,,,,,,,,,,,,,,,,,,,0,,,,,,
2015-16,6768155,16,56,Sunderland,Home,32045,Yann M'Vila,yann-mvila,M,False,3.0,,3.0,30.0,32.0,59.0,1.0,,15.0,,,,1.0,,,1.0,4.0,3.0,,,2.0,,,,,5.0,1.0,,90.0,,,,,,,,,,,7.0,,,,5.0,,15.0,,7.0,,51.0,38.0,74.0,0,1.0,106.0,,2.0,,
2015-16,6768155,16,57,Watford,Away,45989,Adlène Guédioura,adlene-guedioura,M,True,,,,7.0,3.0,10.0,1.0,1.0,4.0,,,,,,,1.0,5.0,1.0,,,2.0,,,,,1.0,,,21.0,1.0,,,,,,,,,,6.4,,,,,1.0,,,2.0,,10.0,5.0,15.0,1,,20.0,,,,
2015-16,6768155,16,57,Watford,Away,47668,Juan Carlos Paredes,juan-carlos-paredes,M,True,,,,,,,,,,,,,,,,,,,,,,,,,,,,,,,,,,,,,,,,,,,,,,,,,,,,,0,,,,,,
2015-16,6768155,16,56,Sunderland,Home,240256,Duncan Watmore,duncan-watmore,M,False,1.0,,,12.0,3.0,14.0,2.0,1.0,5.0,,,,,,,3.0,8.0,3.0,,,,,,,,,2.0,,90.0,,,,,,,,,,,6.1,,,1.0,,3.0,2.0,,,1.0,16.0,3.0,17.0,1,,34.0,1.0,2.0,,
2015-16,6768160,16,20,Southampton,Away,559,Steven Davis,steven-davis,M,False,2.0,,3.0,22.0,13.0,33.0,,1.0,9.0,,,,,,,2.0,2.0,1.0,,,,,,,,,1.0,,67.0,1.0,,,,,,,,,,7.0,,,,2.0,,4.0,,4.0,,28.0,14.0,38.0,1,,52.0,2.0,,,
2015-16,6768160,16,31,Crystal_Palace,Home,3574,Yohan Cabaye,yohan-cabaye,M,False,2.0,,3.0,23.0,9.0,30.0,,,8.0,,,,1.0,,,1.0,4.0,3.0,,,2.0,,1.0,,,3.0,4.0,,90.0,2.0,,,,,,,,,,7.9,,,,1.0,,9.0,,7.0,,36.0,10.0,37.0,2,2.0,61.0,1.0,1.0,,
2015-16,6768160,16,31,Crystal_Palace,Home,19593,Jason Puncheon,jason-puncheon,M,False,3.0,,3.0,19.0,9.0,25.0,1.0,,9.0,,,1.0,3.0,,,2.0,6.0,8.0,,,,,,,,2.0,,,85.0,,,,,,,,,,,7.5,,,,,5.0,4.0,,9.0,,29.0,11.0,36.0,1,3.0,58.0,1.0,,5.0,
2015-16,6768160,16,31,Crystal_Palace,Home,38130,Jordon Mutch,jordon-mutch,M,True,,,,1.0,,1.0,,,,,,,,,,,,,,,,,,,,,,,5.0,,,,,,,,,,,6.3,,,,,,1.0,,2.0,,5.0,1.0,5.0,0,,6.0,,,,
2015-16,6768160,16,31,Crystal_Palace,Home,38639,Chung-yong Lee,chung-yong-lee,M,True,,,,,,,,,,,,,,,,,,,,,,,,,,,,,,,,,,,,,,,,,,,,,,,,,,,,,0,,,,,,
2015-16,6768160,16,31,Crystal_Palace,Home,39282,James McArthur,james-mcarthur,M,False,,,3.0,11.0,15.0,26.0,2.0,3.0,5.0,,,,1.0,,,2.0,9.0,7.0,,,3.0,,,,,2.0,1.0,,90.0,,1.0,,,,,,,,,6.7,,,,1.0,1.0,,,4.0,,17.0,15.0,32.0,0,3.0,45.0,,1.0,,
2015-16,6768160,16,20,Southampton,Away,44760,Cédric Soares,cedric-soares,M,False,2.0,,2.0,18.0,7.0,23.0,1.0,1.0,4.0,,,,3.0,,,1.0,5.0,5.0,,,,,,,,2.0,1.0,,90.0,,2.0,,,,,,,,,6.5,,,,2.0,1.0,8.0,,6.0,,28.0,9.0,29.0,0,1.0,67.0,3.0,2.0,1.0,
2015-16,6768160,16,20,Southampton,Away,45956,Victor Wanyama,victor-wanyama,M,False,,,3.0,32.0,9.0,41.0,3.0,1.0,7.0,,,1.0,2.0,,,,8.0,7.0,,,1.0,,,,,2.0,2.0,,90.0,,1.0,,,,,,,,,7.3,,,2.0,3.0,3.0,,,4.0,,36.0,11.0,47.0,3,4.0,69.0,2.0,1.0,1.0,
2015-16,6768160,16,20,Southampton,Away,69416,Oriol Romeu,oriol-romeu,M,False,,,3.0,20.0,16.0,36.0,,1.0,8.0,,,,1.0,,,,1.0,6.0,,,,,,,,,,,79.0,1.0,,,,,,,,,,7.2,,,,,1.0,,,4.0,,25.0,18.0,43.0,1,3.0,52.0,,1.0,1.0,
2015-16,6768160,16,31,Crystal_Palace,Home,84686,Pape Souaré,pape-souare,M,False,,,,9.0,7.0,16.0,,,1.0,,,,1.0,,,,3.0,2.0,,,1.0,,,,,,,,90.0,,,,,,,,,,,6.5,,,,4.0,2.0,1.0,,7.0,,17.0,11.0,27.0,0,,50.0,1.0,1.0,1.0,
2015-16,6768160,16,31,Crystal_Palace,Home,111850,Wilfried Zaha,wilfried-zaha,M,False,,,1.0,10.0,4.0,14.0,,,6.0,,,1.0,,,,1.0,2.0,10.0,,,,,,,,,1.0,,90.0,,,,,,,,,,,7.6,,,2.0,2.0,6.0,3.0,,4.0,1.0,19.0,6.0,22.0,3,3.0,49.0,4.0,2.0,5.0,
2015-16,6768160,16,20,Southampton,Away,116946,Jordy Clasie,jordy-clasie,M,True,,,,,,,,,,,,,,,,,,,,,,,,,,,,,,,,,,,,,,,,,,,,,,,,,,,,,0,,,,,,
2015-16,6768160,16,20,Southampton,Away,161717,James Ward-Prowse,james-ward-prowse,M,True,,,1.0,6.0,,6.0,,,,,,,1.0,,,,2.0,,,,1.0,,,,,,,,11.0,,,,,,,,,,,6.4,,,,,,,,1.0,,6.0,,6.0,0,,6.0,,,,
2015-16,6768160,16,20,Southampton,Away,217704,Sadio Mané,sadio-mane,M,False,,,2.0,20.0,4.0,24.0,2.0,2.0,6.0,,,1.0,,,,3.0,13.0,8.0,,,5.0,,,,,,2.0,,90.0,,,,,,,,,,,6.8,,,2.0,1.0,8.0,1.0,,2.0,,25.0,4.0,28.0,3,,56.0,5.0,2.0,4.0,
2015-16,6768162,16,8,Chelsea,Away,518,Cesc Fàbregas,cesc-fabregas,M,True,,,1.0,18.0,11.0,29.0,1.0,2.0,4.0,1.0,,,2.0,,,,4.0,3.0,,,,,,,,,1.0,,37.0,1.0,,,,,,,,,,7.0,,,,1.0,2.0,1.0,,4.0,,25.0,13.0,37.0,1,,43.0,,,1.0,
2015-16,6768162,16,13,Leicester_City,Home,4252,Gökhan Inler,gokhan-inler,M,True,,,,2.0,2.0,4.0,,1.0,,,,,,,,,,1.0,,,,,,,,,,,8.0,,,,,,,,,,,6.6,,,,,,,,,,4.0,2.0,6.0,0,,6.0,,,,
2015-16,6768162,16,8,Chelsea,Away,7311,John Obi Mikel,john-obi-mikel,M,True,,,,,,,,,,,,,,,,,,,,,,,,,,,,,,,,,,,,,,,,,,,,,,,,,,,,,0,,,,,,
2015-16,6768162,16,13,Leicester_City,Home,14231,Nathan Dyer,nathan-dyer,M,True,,,,,,,,,,,,,,,,,,,,,,,,,,,,,,,,,,,,,,,,,,,,,,,,,,,,,0,,,,,,
2015-16,6768162,16,13,Leicester_City,Home,30530,Andy King,andy-king,M,True,,,,9.0,3.0,12.0,1.0,1.0,4.0,,,,,,,,1.0,4.0,,,,,,,,1.0,,,73.0,,1.0,,,,,,,,,6.8,,,,1.0,,1.0,,4.0,,16.0,4.0,19.0,0,3.0,26.0,,,,
2015-16,6768162,16,8,Chelsea,Away,31417,Willian,willian,M,False,2.0,,1.0,31.0,11.0,40.0,2.0,,5.0,,,1.0,1.0,,,7.0,10.0,7.0,,,,,,,,,3.0,,90.0,,,,,,,,,,,6.3,,,,,3.0,13.0,,2.0,,46.0,12.0,45.0,1,1.0,80.0,2.0,3.0,3.0,
2015-16,6768162,16,8,Chelsea,Away,33110,Ramires,ramires,M,False,,,3.0,30.0,9.0,39.0,2.0,1.0,7.0,,,,4.0,,,1.0,10.0,4.0,,,1.0,,,,,2.0,,,90.0,,,,,,,,,,,6.1,,,,1.0,2.0,1.0,,5.0,,34.0,12.0,45.0,0,2.0,61.0,,1.0,,
2015-16,6768162,16,8,Chelsea,Away,39400,Oscar,oscar,M,False,1.0,,1.0,18.0,10.0,27.0,,,2.0,,,,1.0,,,1.0,5.0,,,,1.0,,,,,,1.0,,65.0,,,,,,,,,,,6.0,,,,1.0,2.0,4.0,,2.0,,26.0,13.0,35.0,0,,47.0,1.0,,,
2015-16,6768162,16,8,Chelsea,Away,44241,Nemanja Matić,nemanja-matic,M,False,,,8.0,36.0,26.0,62.0,2.0,3.0,7.0,,,1.0,3.0,,,4.0,10.0,6.0,,,1.0,,,,1.0,9.0,,,90.0,,,,,,,,,,,7.2,,,1.0,3.0,1.0,,,10.0,,44.0,30.0,74.0,2,1.0,99.0,2.0,1.0,1.0,
2015-16,6768162,16,13,Leicester_City,Home,47737,Marc Albrighton,marc-albrighton,M,False,1.0,,2.0,15.0,3.0,17.0,1.0,1.0,5.0,,,,3.0,,,1.0,7.0,9.0,,,1.0,1.0,,,,,3.0,,90.0,1.0,,,,,,,,,,7.3,,,1.0,3.0,4.0,10.0,,4.0,,33.0,5.0,28.0,2,3.0,58.0,1.0,2.0,3.0,
2015-16,6768162,16,13,Leicester_City,Home,54330,Danny Drinkwater,danny-drinkwater,M,False,,,,3.0,2.0,5.0,,1.0,,,,,,,,,,3.0,,,,,,,,,,,17.0,,,,,,,,,,,6.8,,,,1.0,1.0,,,3.0,,10.0,2.0,12.0,0,1.0,16.0,,,1.0,
2015-16,6768162,16,13,Leicester_City,Home,158213,Riyad Mahrez,riyad-mahrez,M,False,1.0,,1.0,8.0,3.0,10.0,2.0,,4.0,1.0,,,,,,2.0,6.0,9.0,,,,1.0,1.0,,,,1.0,,82.0,3.0,,,,,,,,,,8.7,,,,,6.0,1.0,,1.0,,12.0,4.0,15.0,3,2.0,39.0,,3.0,4.0,
2015-16,6768162,16,13,Leicester_City,Home,234148,N'Golo Kanté,n-golo-kante,M,False,,,,24.0,8.0,32.0,1.0,2.0,11.0,,,,1.0,,,,5.0,12.0,,,4.0,,,,,2.0,2.0,,90.0,,,,,,,,,,,7.8,,,1.0,1.0,3.0,,,4.0,,30.0,12.0,42.0,1,7.0,64.0,1.0,,3.0,
2015-16,6768162,16,8,Chelsea,Away,801391,Kenedy,kenedy,M,True,,,,,,,,,,,,,,,,,,,,,,,,,,,,,,,,,,,,,,,,,,,,,,,,,,,,,0,,,,,,
2015-16,6768163,16,110,Stoke_City,Away,2525,Ibrahim Afellay,ibrahim-afellay,M,False,,,1.0,12.0,7.0,19.0,1.0,,2.0,,,1.0,,,,2.0,5.0,2.0,,,1.0,,,,,1.0,1.0,,66.0,,,,,,,,,,,6.5,,,,,2.0,3.0,,1.0,,17.0,7.0,21.0,1,,33.0,1.0,1.0,1.0,
2015-16,6768163,16,110,Stoke_City,Away,9104,Marc Wilson,marc-wilson,M,True,,,,,,,,,,,,,,,,,,,,,,,,,,,,,,,,,,,,,,,,,,,,,,,,,,,,,0,,,,,,
2015-16,6768163,16,110,Stoke_City,Away,9360,Charlie Adam,charlie-adam,M,True,,,2.0,4.0,4.0,8.0,,,3.0,,,1.0,1.0,,,,1.0,1.0,,,,,,,,,,,22.0,,,,,,,,,,,6.5,,,,,,4.0,,5.0,,10.0,6.0,12.0,1,1.0,18.0,,,,
2015-16,6768163,16,21,West_Ham_United,Home,9741,Mark Noble,mark-noble,M,False,,,5.0,28.0,12.0,40.0,1.0,2.0,8.0,,,,,,,2.0,4.0,5.0,,,1.0,,,,,1.0,1.0,,90.0,,,,,,,,,,,6.8,,,1.0,,,4.0,,7.0,,36.0,14.0,46.0,1,2.0,58.0,,1.0,,
2015-16,6768163,16,110,Stoke_City,Away,10535,Glenn Whelan,glenn-whelan,M,False,,,2.0,19.0,22.0,41.0,2.0,2.0,9.0,,,,1.0,,,,3.0,4.0,,,1.0,,,,,3.0,,,90.0,,,,,,,,,,,7.1,,,,5.0,,1.0,,4.0,,26.0,22.0,47.0,0,2.0,62.0,1.0,,,
2015-16,6768163,16,21,West_Ham_United,Home,12987,Alex Song,alex-song,M,False,,,1.0,15.0,7.0,22.0,,,8.0,,,1.0,1.0,,,2.0,4.0,7.0,,,1.0,,,,,3.0,,,64.0,,,,,,,,,,,7.3,,,,1.0,1.0,1.0,,3.0,,25.0,9.0,33.0,1,4.0,51.0,,2.0,1.0,
2015-16,6768163,16,21,West_Ham_United,Home,45944,Cheikhou Kouyaté,cheikhou-kouyate,M,False,,,1.0,12.0,8.0,20.0,2.0,1.0,9.0,,,1.0,2.0,,,1.0,7.0,7.0,,,2.0,,,,,,3.0,,90.0,2.0,1.0,,,,,,,,,7.5,,,1.0,3.0,,,,2.0,,17.0,9.0,26.0,4,4.0,43.0,,2.0,,
2015-16,6768163,16,21,West_Ham_United,Home,46799,Pedro Obiang,pedro-obiang,M,True,,,,,,,,,,,,,,,,,,,,,,,,,,,,,,,,,,,,,,,,,,,,,,,,,,,,,0,,,,,,
2015-16,6768163,16,21,West_Ham_United,Home,792122,Josh Cullen,cullen-josh,M,True,,,,,,,,,,,,,,,,,,,,,,,,,,,,,,,,,,,,,,,,,,,,,,,,,,,,,0,,,,,,
2015-16,6768166,16,45,Norwich_City,Home,512,Alexander Tettey,alexander-tettey,M,False,,,1.0,36.0,17.0,53.0,3.0,,7.0,,,,1.0,,,,4.0,7.0,,,,,,,,,,,90.0,,,,,,,,,,,7.4,,,2.0,1.0,,,,2.0,,43.0,18.0,61.0,2,7.0,74.0,,,,
2015-16,6768166,16,11,Everton,Away,544,Gareth Barry,gareth-barry,M,False,,,5.0,30.0,28.0,58.0,2.0,3.0,6.0,,1.0,,,,,1.0,3.0,5.0,,,,,,,,1.0,,,90.0,1.0,,,,,,,,,,6.8,,,1.0,3.0,,1.0,,9.0,,42.0,32.0,73.0,2,2.0,88.0,2.0,,,
2015-16,6768166,16,11,Everton,Away,1161,Leon Osman,leon-osman,M,True,,,,,,,,,,,,,,,,,,,,,,,,,,,,,,,,,,,,,,,,,,,,,,,,,,,,,0,,,,,,
2015-16,6768166,16,11,Everton,Away,3593,Kevin Mirallas,kevin-mirallas,M,True,2.0,,,8.0,3.0,9.0,,,3.0,,,1.0,,,,,2.0,2.0,,,1.0,,,,,,1.0,,21.0,,,,,,,,,,,6.9,,,,,1.0,2.0,,,,8.0,3.0,9.0,1,1.0,16.0,,1.0,,
2015-16,6768166,16,45,Norwich_City,Home,9148,Graham Dorrans,graham-dorrans,M,True,,,,,,,,,,,,,,,,,,,,,,,,,,,,,,,,,,,,,,,,,,,,,,,,,,,,,0,,,,,,
2015-16,6768166,16,11,Everton,Away,9692,Aaron Lennon,aaron-lennon,M,True,,,,,,,,,,,,,,,,,,,,,,,,,,,,,,,,,,,,,,,,,,,,,,,,,,,,,0,,,,,,
2015-16,6768166,16,45,Norwich_City,Home,14336,Wesley Hoolahan,wesley-hoolahan,M,False,,,2.0,36.0,11.0,47.0,,,11.0,1.0,,1.0,3.0,,,3.0,9.0,2.0,,,2.0,,1.0,,,,3.0,,84.0,1.0,,,,,,,,,,6.8,,,,,1.0,3.0,,2.0,,45.0,11.0,53.0,2,,75.0,7.0,2.0,,
2015-16,6768166,16,45,Norwich_City,Home,18712,Youssouf Mulumbu,youssouf-mulumbu,M,True,,,,,,,,,,,,,,,,,,,,,,,,,,,,,,,,,,,,,,,,,,,,,,,,,,,,,0,,,,,,
2015-16,6768166,16,11,Everton,Away,21073,Darron Gibson,darron-gibson,M,True,,,1.0,6.0,5.0,11.0,,,1.0,,,,,,,,,1.0,,,,,,,,1.0,,,14.0,,,,,,,,,,,6.8,,,1.0,,1.0,,,5.0,,11.0,5.0,16.0,1,,19.0,,,1.0,
2015-16,6768166,16,45,Norwich_City,Home,29691,Gary O'Neil,gary-oneil,M,False,,,12.0,31.0,19.0,50.0,2.0,1.0,10.0,,,,2.0,,,1.0,5.0,1.0,,,,,,,,1.0,2.0,,90.0,,,,,,,,,,,6.7,,,,3.0,,,,17.0,,41.0,21.0,62.0,0,,69.0,,,,
2015-16,6768166,16,11,Everton,Away,46432,Tom Cleverley,tom-cleverley,M,False,,,3.0,45.0,28.0,73.0,1.0,1.0,9.0,,,,,,,,1.0,7.0,,,,,,,,1.0,,,90.0,,,,,,,,,,,7.5,,,1.0,1.0,2.0,2.0,,4.0,,53.0,28.0,79.0,1,3.0,94.0,2.0,1.0,2.0,
2015-16,6768166,16,11,Everton,Away,98435,Ross Barkley,ross-barkley,M,False,,,1.0,25.0,23.0,48.0,,2.0,6.0,,,,,1.0,,1.0,2.0,3.0,,,,,,,,,2.0,,76.0,,1.0,,,,,,,,,6.9,,,,1.0,2.0,,,2.0,,26.0,27.0,53.0,0,,59.0,1.0,,1.0,
2015-16,6768166,16,45,Norwich_City,Home,115346,Nathan Redmond,nathan-redmond,M,False,,,2.0,26.0,7.0,33.0,,,2.0,,,,,,,2.0,5.0,1.0,,,2.0,,,,,,,,90.0,,,,,,,,,,,6.2,,,1.0,,1.0,4.0,,4.0,,36.0,8.0,40.0,1,,54.0,2.0,1.0,,
2015-16,6768166,16,45,Norwich_City,Home,267621,Robbie Brady,robbie-brady,M,False,1.0,,,7.0,8.0,14.0,1.0,1.0,6.0,,,1.0,1.0,,,2.0,4.0,3.0,,,,,,,,,1.0,,90.0,,,,,,,,,,,6.5,,,,1.0,,4.0,,2.0,,19.0,8.0,23.0,1,2.0,39.0,2.0,,,
2015-16,6768168,16,3,Arsenal,Away,519,Mathieu Flamini,mathieu-flamini,M,False,,,1.0,29.0,19.0,48.0,,2.0,2.0,,,,1.0,,,,1.0,4.0,,,,,,,,1.0,,,90.0,,1.0,,,,,,,,,6.9,,,,2.0,,,,2.0,,34.0,19.0,53.0,0,2.0,59.0,,,,
2015-16,6768168,16,3,Arsenal,Away,10501,Theo Walcott,theo-walcott,M,False,,,1.0,4.0,5.0,9.0,,,3.0,,,,,,,,,3.0,,,,,,,,2.0,1.0,,64.0,,,,,,,,1.0,,,7.6,,,,1.0,1.0,1.0,,1.0,2.0,8.0,7.0,14.0,0,,24.0,1.0,2.0,1.0,
2015-16,6768168,16,3,Arsenal,Away,10577,Alex Oxlade-Chamberlain,alex-oxlade-chamberlain,M,True,1.0,,1.0,8.0,4.0,11.0,,,2.0,,,,,,,2.0,3.0,2.0,,,1.0,,,,,,1.0,,26.0,1.0,,,,,,,,,,6.8,,,,,1.0,2.0,,1.0,,9.0,4.0,11.0,1,1.0,20.0,1.0,,1.0,
2015-16,6768168,16,3,Arsenal,Away,16176,Mesut Özil,mesut-ozil,M,False,2.0,,,31.0,15.0,44.0,,,,1.0,,,,,,1.0,2.0,2.0,,,,1.0,,,,,2.0,,86.0,,,,,,,,,,,7.4,,,,,3.0,2.0,,2.0,1.0,37.0,15.0,50.0,0,,62.0,3.0,,2.0,
2015-16,6768168,16,3,Arsenal,Away,23571,Aaron Ramsey,aaron-ramsey,M,False,,,2.0,36.0,35.0,71.0,1.0,1.0,9.0,,,1.0,1.0,,,2.0,6.0,7.0,,1.0,2.0,,1.0,,,2.0,1.0,,90.0,1.0,,,,,,,,,,7.9,,,1.0,,1.0,1.0,,3.0,,42.0,37.0,78.0,3,5.0,97.0,3.0,,1.0,
2015-16,6768168,16,7,Aston_Villa,Home,24055,Scott Sinclair,scott-sinclair,M,False,,,,13.0,1.0,14.0,1.0,,2.0,,1.0,,,,,2.0,7.0,2.0,,1.0,,,,,,,2.0,,87.0,1.0,,,,,,,,,,6.0,,,1.0,,6.0,2.0,,,1.0,17.0,1.0,16.0,2,,33.0,4.0,,2.0,
2015-16,6768168,16,7,Aston_Villa,Home,49647,Ashley Westwood,ashley-westwood,M,True,,,,,,,,,,,,,,,,,,,,,,,,,,,,,,,,,,,,,,,,,,,,,,,,,,,,,0,,,,,,
2015-16,6768168,16,7,Aston_Villa,Home,74545,Leandro Bacuna,leandro-bacuna,M,False,1.0,,3.0,16.0,22.0,37.0,1.0,,5.0,,,,,,,,2.0,1.0,,,1.0,,,,,1.0,,,90.0,,,,,,,,,,,6.5,,,2.0,1.0,,2.0,,5.0,,22.0,24.0,44.0,2,,59.0,,1.0,,
2015-16,6768168,16,7,Aston_Villa,Home,106337,Idrissa Gana Gueye,idrissa-gana-gueye,M,False,,,6.0,22.0,22.0,44.0,,1.0,8.0,,,1.0,1.0,,,1.0,4.0,5.0,1.0,,,,,,,4.0,1.0,,78.0,,,,,,,,,,,6.7,,,2.0,,2.0,1.0,,6.0,,26.0,23.0,48.0,3,3.0,66.0,1.0,1.0,,
2015-16,6768168,16,7,Aston_Villa,Home,151124,Jordan Veretout,jordan-veretout,M,False,2.0,,4.0,34.0,15.0,47.0,2.0,,4.0,,,1.0,,,,1.0,4.0,2.0,,,1.0,,,,,1.0,4.0,,90.0,,,,,,,,,,,7.5,,,2.0,,,4.0,,5.0,,38.0,16.0,50.0,3,2.0,61.0,,,,
2015-16,6768168,16,3,Arsenal,Away,154508,Joel Campbell,joel-campbell,M,False,,,,9.0,2.0,11.0,,1.0,1.0,,,,2.0,,,,3.0,4.0,,,1.0,,,,,,1.0,,64.0,,,,,,,,,,,6.5,,,,,,2.0,,1.0,1.0,15.0,3.0,16.0,0,1.0,22.0,,2.0,,
2015-16,6768168,16,7,Aston_Villa,Home,189061,Jack Grealish,jack-grealish,M,True,,,1.0,2.0,2.0,4.0,,,1.0,,,,,,,,,2.0,,,,,,,,,,,12.0,,,,,,,,,,,6.8,,,,,1.0,1.0,,1.0,,3.0,2.0,4.0,0,1.0,7.0,,,1.0,
2015-16,6768168,16,7,Aston_Villa,Home,254895,Carles Gil,carles-gil,M,True,,,,13.0,5.0,18.0,,,1.0,,,1.0,1.0,,,2.0,3.0,2.0,,,,,,,,,,,33.0,,,,,,,,,,,6.4,,,1.0,,,3.0,,,,17.0,5.0,19.0,2,1.0,32.0,2.0,1.0,,
2015-16,6768168,16,3,Arsenal,Away,352770,Alex Iwobi,alex-iwobi,M,True,,,,,,,,,,,,,,,,,,,,,,,,,,,,,,,,,,,,,,,,,,,,,,,,,,,,,0,,,,,,
2015-16,6768168,16,7,Aston_Villa,Home,827284,Jordan Lyden,jordan-lyden,M,True,,,,,,,,,,,,,,,,,,,,,,,,,,,,,,,,,,,,,,,,,,,,,,,,,,,,,0,,,,,,
2015-16,6768177,16,4,Newcastle_United,Away,15007,Vurnon Anita,vurnon-anita,M,False,,,3.0,13.0,13.0,26.0,1.0,1.0,11.0,,,,1.0,,,,5.0,6.0,,,3.0,,,,,2.0,,,89.0,,,,,,,,,,,7.1,,,,1.0,,,,7.0,,19.0,13.0,32.0,0,4.0,51.0,4.0,2.0,,
2015-16,6768177,16,4,Newcastle_United,Away,22126,Georginio Wijnaldum,georginio-wijnaldum,M,False,,,1.0,10.0,10.0,20.0,,,7.0,,,1.0,1.0,,,3.0,5.0,3.0,,,,,,,,,,,90.0,,,,,,,,,,,6.3,,,,1.0,2.0,,,1.0,,16.0,11.0,27.0,1,,39.0,2.0,2.0,1.0,
2015-16,6768177,16,4,Newcastle_United,Away,26982,Yoan Gouffran,yoan-gouffran,M,True,,,,,1.0,1.0,,,1.0,,,,,,,,,,,,,,,,,1.0,,,1.0,,,,,,,,,,,,,,,,,,,,,,1.0,1.0,0,,3.0,,,,
2015-16,6768177,16,4,Newcastle_United,Away,27014,Moussa Sissoko,moussa-sissoko,M,False,1.0,,1.0,10.0,9.0,18.0,1.0,1.0,5.0,1.0,,,,,,,11.0,4.0,,,3.0,,,,,1.0,3.0,,90.0,,,,,,,,,,,6.3,,,,1.0,9.0,9.0,,1.0,,27.0,10.0,28.0,0,1.0,55.0,1.0,,2.0,
2015-16,6768177,16,4,Newcastle_United,Away,30262,Siem de Jong,siem-de-jong,M,False,,,,9.0,9.0,18.0,2.0,,3.0,,,1.0,,,,,5.0,2.0,,,1.0,,,,,1.0,,,63.0,,1.0,,,,,,,,,6.5,,,,,2.0,1.0,,,,17.0,12.0,28.0,1,1.0,40.0,1.0,1.0,,
2015-16,6768177,16,6,Tottenham_Hotspur,Home,32492,Nacer Chadli,nacer-chadli,M,True,,,,3.0,,3.0,,,,,,,,,,,,,,,,,,,,,,,4.0,,,,,,,,,,,6.3,,,,,,,,,,5.0,,5.0,0,,6.0,1.0,,,
2015-16,6768177,16,4,Newcastle_United,Away,40686,Jack Colback,jack-colback,M,False,1.0,,4.0,11.0,16.0,26.0,,2.0,7.0,,,,,,,1.0,2.0,9.0,,,2.0,,,,,1.0,,,90.0,,1.0,,,,,,,,,7.1,,,,1.0,,2.0,,7.0,,18.0,18.0,34.0,0,3.0,49.0,,4.0,,
2015-16,6768177,16,6,Tottenham_Hotspur,Home,105734,Christian Eriksen,christian-eriksen,M,False,1.0,,3.0,30.0,9.0,38.0,,2.0,6.0,,,4.0,1.0,,,4.0,5.0,6.0,,,,1.0,,,,1.0,2.0,,90.0,2.0,,,,,,,,,,7.6,,,1.0,1.0,1.0,4.0,,5.0,,45.0,13.0,54.0,7,,86.0,4.0,3.0,1.0,
2015-16,6768177,16,6,Tottenham_Hotspur,Home,122702,Erik Lamela,erik-lamela,M,False,1.0,,2.0,19.0,6.0,24.0,2.0,,8.0,,,1.0,,,,1.0,6.0,3.0,,,2.0,,,,,,3.0,,86.0,2.0,,,,,,,,,,7.1,,,,,2.0,4.0,,2.0,2.0,32.0,6.0,34.0,3,2.0,49.0,2.0,,1.0,
2015-16,6768177,16,6,Tottenham_Hotspur,Home,198028,Dele Alli,dele-alli,M,False,1.0,,,25.0,10.0,34.0,3.0,3.0,5.0,,,,,,,2.0,10.0,11.0,,,2.0,,,,,3.0,1.0,,90.0,1.0,,,,,,,,,,7.0,,,1.0,1.0,3.0,1.0,,3.0,,35.0,10.0,44.0,2,3.0,70.0,2.0,5.0,,
2015-16,6768177,16,6,Tottenham_Hotspur,Home,361332,Joshua Onomah,joshua-onomah,M,True,,,,,,,,,,,,,,,,,,,,,,,,,,,,,,,,,,,,,,,,,,,,,,,,,,,,,0,,,,,,
2015-16,6768177,16,6,Tottenham_Hotspur,Home,368120,Nabil Bentaleb,nabil-bentaleb,M,True,,,,,,,,,,,,,,,,,,,,,,,,,,,,,,,,,,,,,,,,,,,,,,,,,,,,,0,,,,,,
2015-16,6768177,16,6,Tottenham_Hotspur,Home,801460,Tom Carroll,carroll-tom,M,False,,,,18.0,9.0,27.0,,1.0,2.0,,,,,,,2.0,6.0,1.0,,,4.0,,,,,1.0,2.0,,69.0,,,,,,,,,,,6.3,,,,,,,,2.0,,23.0,10.0,33.0,0,,40.0,2.0,,,
2015-16,6768161,17,3,Arsenal,Home,519,Mathieu Flamini,mathieu-flamini,M,False,,,1.0,10.0,19.0,29.0,,,7.0,,,,1.0,,,,1.0,1.0,,,,,,,,3.0,,,90.0,,1.0,,,,,,,,,6.7,,,,2.0,,,,3.0,,12.0,24.0,36.0,0,,44.0,,1.0,,
2015-16,6768161,17,3,Arsenal,Home,10501,Theo Walcott,theo-walcott,M,False,,,1.0,10.0,8.0,18.0,4.0,,8.0,,,,1.0,,,,8.0,6.0,,,1.0,,1.0,,,3.0,,,88.0,2.0,,,,,,,,,,7.5,,,,2.0,3.0,,,3.0,,15.0,9.0,24.0,2,3.0,45.0,2.0,2.0,1.0,
2015-16,6768161,17,3,Arsenal,Home,10577,Alex Oxlade-Chamberlain,alex-oxlade-chamberlain,M,True,,,1.0,4.0,3.0,7.0,,2.0,1.0,1.0,,,,,,,1.0,3.0,,,,,,,,1.0,1.0,,14.0,,1.0,,,,,,,,,6.9,,,,,2.0,,,3.0,,6.0,4.0,10.0,0,,14.0,,,1.0,
2015-16,6768161,17,43,Manchester_City,Away,11781,David Silva,david-silva,M,False,,,1.0,29.0,7.0,36.0,,,6.0,,,1.0,1.0,,,,4.0,3.0,,,3.0,,,,,,1.0,,73.0,,,,,,,,,,,6.8,,,1.0,,,1.0,,2.0,,34.0,8.0,41.0,2,,48.0,,3.0,,
2015-16,6768161,17,43,Manchester_City,Away,13630,Fernandinho,fernandinho,M,False,,,8.0,60.0,15.0,75.0,2.0,,4.0,1.0,,1.0,1.0,,,1.0,6.0,8.0,,,2.0,,,,,,1.0,,90.0,,,,,,,,,,,7.8,,,1.0,1.0,3.0,,,10.0,,67.0,16.0,83.0,2,5.0,101.0,2.0,,3.0,
2015-16,6768161,17,43,Manchester_City,Away,14468,Yaya Touré,yaya-toure,M,False,,,4.0,57.0,26.0,83.0,2.0,1.0,6.0,,,,2.0,,,1.0,7.0,4.0,,,1.0,,1.0,,,2.0,3.0,,90.0,1.0,,,,,,,,,,7.5,,,3.0,,2.0,1.0,,5.0,,64.0,27.0,90.0,4,1.0,108.0,1.0,1.0,1.0,
2015-16,6768161,17,3,Arsenal,Home,16176,Mesut Özil,mesut-ozil,M,False,1.0,,,24.0,10.0,33.0,,,4.0,,,,1.0,,,4.0,7.0,8.0,,,,2.0,,,,1.0,2.0,,76.0,,,,,,,,,,,7.7,,,,,4.0,6.0,,,1.0,34.0,10.0,38.0,0,4.0,61.0,1.0,2.0,2.0,
2015-16,6768161,17,3,Arsenal,Home,23571,Aaron Ramsey,aaron-ramsey,M,False,,,5.0,24.0,28.0,52.0,,,13.0,,2.0,,,,,2.0,5.0,9.0,,,2.0,,,,,4.0,1.0,,90.0,1.0,1.0,,,,,,,,,7.4,,,2.0,,6.0,3.0,,7.0,,35.0,29.0,61.0,3,1.0,91.0,2.0,3.0,5.0,
2015-16,6768161,17,43,Manchester_City,Away,24048,Fabian Delph,fabian-delph,M,False,,,1.0,13.0,9.0,22.0,,,2.0,,,,,,,1.0,2.0,3.0,,,1.0,,,,,,,,45.0,,,,,,,,,,,6.7,,,,,,,,1.0,,16.0,9.0,25.0,0,3.0,29.0,,,,
2015-16,6768161,17,43,Manchester_City,Away,70996,Kevin De Bruyne,kevin-de-bruyne,M,False,1.0,,2.0,37.0,12.0,48.0,1.0,1.0,9.0,,,1.0,3.0,,,2.0,10.0,5.0,,,2.0,,,,,1.0,5.0,,90.0,1.0,,,,,,,,,,6.9,,,1.0,,4.0,13.0,,3.0,,55.0,19.0,61.0,3,2.0,93.0,3.0,,2.0,
2015-16,6768161,17,3,Arsenal,Home,154508,Joel Campbell,joel-campbell,M,False,,,,11.0,4.0,15.0,,,3.0,1.0,1.0,,3.0,,,,4.0,4.0,,,,,,,,2.0,1.0,,70.0,1.0,1.0,,,,,,,,,6.9,,,1.0,,1.0,,,,1.0,13.0,5.0,18.0,2,2.0,35.0,2.0,2.0,,
2015-16,6768161,17,3,Arsenal,Home,352770,Alex Iwobi,alex-iwobi,M,True,,,,,,,,,,,,,,,,,,,,,,,,,,,,,,,,,,,,,,,,,,,,,,,,,,,,,0,,,,,,
2015-16,6768161,17,3,Arsenal,Home,794269,Jeff Reine-Adélaïde,jeff-reine-adelaide,M,True,,,,,,,,,,,,,,,,,,,,,,,,,,,,,,,,,,,,,,,,,,,,,,,,,,,,,0,,,,,,
2015-16,6768165,17,11,Everton,Home,544,Gareth Barry,gareth-barry,M,False,,,8.0,19.0,42.0,61.0,2.0,6.0,10.0,,,1.0,1.0,,,2.0,7.0,11.0,,1.0,2.0,,,,,2.0,,,90.0,,,,,,,,,,,6.8,,,,2.0,,,,16.0,,37.0,48.0,85.0,1,4.0,99.0,,2.0,,
2015-16,6768165,17,11,Everton,Home,1161,Leon Osman,leon-osman,M,True,,,,,,,,,,,,,,,,,,,,,,,,,,,,,,,,,,,,,,,,,,,,,,,,,,,,,0,,,,,,
2015-16,6768165,17,11,Everton,Home,3593,Kevin Mirallas,kevin-mirallas,M,True,,,,2.0,1.0,3.0,1.0,1.0,,,,,,,,1.0,2.0,2.0,,,,,1.0,,,,1.0,,16.0,1.0,,,,,,,,,,7.3,,,,,,1.0,,,,4.0,1.0,4.0,1,,8.0,,1.0,,
2015-16,6768165,17,13,Leicester_City,Away,4252,Gökhan Inler,gokhan-inler,M,True,,,,,,,,,,,,,,,,,,,,,,,,,,,,,,,,,,,,,,,,,,,,,,,,,,,,,0,,,,,,
2015-16,6768165,17,11,Everton,Home,9692,Aaron Lennon,aaron-lennon,M,True,,,,3.0,1.0,4.0,,,,,,,1.0,,,1.0,3.0,1.0,,,,,,,,,1.0,,16.0,,,,,,,,,,,6.3,,,,,2.0,1.0,,,,4.0,1.0,4.0,0,,10.0,,,1.0,
2015-16,6768165,17,13,Leicester_City,Away,14231,Nathan Dyer,nathan-dyer,M,True,,,,2.0,1.0,3.0,,,1.0,,,,2.0,,,1.0,4.0,3.0,,,1.0,,,,,,,,19.0,,,,,,,,,,,6.3,,,,,1.0,,,,,3.0,3.0,6.0,0,1.0,12.0,1.0,1.0,1.0,
2015-16,6768165,17,11,Everton,Home,21073,Darron Gibson,darron-gibson,M,True,,,,,,,,,,,,,,,,,,,,,,,,,,,,,,,,,,,,,,,,,,,,,,,,,,,,,0,,,,,,
2015-16,6768165,17,13,Leicester_City,Away,30530,Andy King,andy-king,M,False,,,2.0,11.0,17.0,28.0,1.0,,7.0,,,,2.0,1.0,,,3.0,5.0,,,,,,,,6.0,,,90.0,,1.0,,,,,,,,,7.3,,,1.0,3.0,,,,5.0,,17.0,22.0,39.0,1,4.0,60.0,3.0,1.0,,
2015-16,6768165,17,11,Everton,Home,46432,Tom Cleverley,tom-cleverley,M,False,,,4.0,19.0,12.0,31.0,,,4.0,1.0,,,3.0,,,1.0,6.0,1.0,,,2.0,,,,,,1.0,,90.0,,,,,,,,,,,6.1,,,,,,2.0,,8.0,,34.0,15.0,47.0,0,,55.0,1.0,1.0,,
2015-16,6768165,17,13,Leicester_City,Away,47737,Marc Albrighton,marc-albrighton,M,False,2.0,,,5.0,6.0,9.0,2.0,,9.0,,,,6.0,,,1.0,10.0,5.0,,,,,,,,3.0,3.0,,71.0,,,,,,,,,,,6.6,,,,1.0,1.0,3.0,,1.0,,9.0,8.0,14.0,0,5.0,37.0,4.0,,,
2015-16,6768165,17,11,Everton,Home,98435,Ross Barkley,ross-barkley,M,False,,,6.0,18.0,19.0,37.0,,,5.0,,2.0,1.0,,,,2.0,4.0,12.0,,,,1.0,,,,,1.0,,90.0,3.0,,,,,,,,,,7.7,,,1.0,1.0,10.0,1.0,,7.0,,28.0,21.0,48.0,5,2.0,74.0,1.0,2.0,8.0,
2015-16,6768165,17,11,Everton,Home,124960,Muhamed Bešić,muhamed-besic,M,True,,,,,,,,,,,,,,,,,,,,,,,,,,,,,,,,,,,,,,,,,,,,,,,,,,,,,0,,,,,,
2015-16,6768165,17,13,Leicester_City,Away,158213,Riyad Mahrez,riyad-mahrez,M,False,,,,7.0,4.0,11.0,1.0,1.0,3.0,,,,1.0,,,1.0,6.0,5.0,,,,,2.0,,,3.0,,,83.0,2.0,,,,,,,,,,7.9,,,,2.0,7.0,,,,,13.0,5.0,18.0,2,,38.0,2.0,,4.0,
2015-16,6768165,17,13,Leicester_City,Away,234148,N'Golo Kanté,n-golo-kante,M,False,,,1.0,7.0,19.0,26.0,1.0,1.0,10.0,,,,1.0,,,1.0,5.0,6.0,,,2.0,,,,,6.0,,,90.0,,,,,,,,,,,7.2,,,,2.0,1.0,,,2.0,,11.0,21.0,32.0,0,4.0,53.0,,,1.0,
2015-16,6768167,17,8,Chelsea,Home,518,Cesc Fàbregas,cesc-fabregas,M,False,,,6.0,42.0,23.0,65.0,,,5.0,1.0,,,1.0,,,1.0,4.0,3.0,,,2.0,,,,,,1.0,,71.0,,,,,,,,,,,7.2,,,,,1.0,,,7.0,,48.0,23.0,71.0,0,1.0,76.0,,1.0,1.0,
2015-16,6768167,17,8,Chelsea,Home,7311,John Obi Mikel,john-obi-mikel,M,True,,,1.0,12.0,8.0,20.0,,,5.0,,,,,,,,,3.0,,,,,,,,,,,19.0,,,,,,,,,,,7.0,,,,,,,,1.0,,13.0,9.0,22.0,0,2.0,26.0,,1.0,,
2015-16,6768167,17,8,Chelsea,Home,31417,Willian,willian,M,False,2.0,,2.0,32.0,7.0,37.0,3.0,,1.0,1.0,,1.0,3.0,,,1.0,7.0,5.0,,,,1.0,,,,,4.0,,90.0,2.0,,,,,,,1.0,,,8.0,,,,,3.0,4.0,,2.0,,42.0,8.0,46.0,3,,65.0,1.0,2.0,3.0,
2015-16,6768167,17,56,Sunderland,Away,32045,Yann M'Vila,yann-mvila,M,False,,,2.0,19.0,16.0,35.0,,2.0,8.0,,,,2.0,,,,3.0,8.0,,,1.0,,,,,2.0,1.0,,90.0,,,,,,,,,,,7.1,,,,6.0,,1.0,,4.0,,25.0,20.0,44.0,0,4.0,61.0,,2.0,,
2015-16,6768167,17,8,Chelsea,Home,33110,Ramires,ramires,M,True,,,,1.0,,1.0,2.0,,,,,,,,,,3.0,1.0,,,,,,,,,,,8.0,,,,,,,,,,,6.3,,,,,1.0,,,,,2.0,,2.0,0,,4.0,,1.0,,
2015-16,6768167,17,56,Sunderland,Away,35528,Jordi Gómez,jordi-gomez,M,True,,,,,,,,,,,,,,,,,,,,,,,,,,,,,,,,,,,,,,,,,,,,,,,,,,,,,0,,,,,,
2015-16,6768167,17,8,Chelsea,Home,39400,Oscar,oscar,M,False,1.0,,6.0,47.0,21.0,67.0,,,5.0,,1.0,2.0,1.0,,,5.0,9.0,11.0,,,1.0,,1.0,,,,1.0,,82.0,2.0,,,,,,,,,,7.9,,,1.0,1.0,8.0,3.0,,9.0,,62.0,21.0,80.0,5,4.0,109.0,,1.0,6.0,
2015-16,6768167,17,8,Chelsea,Home,44241,Nemanja Matić,nemanja-matic,M,False,1.0,,3.0,38.0,39.0,76.0,5.0,,6.0,1.0,,,1.0,,,1.0,9.0,7.0,,1.0,2.0,,,,,1.0,2.0,,90.0,,,,,,,,,,,7.5,,,,3.0,2.0,1.0,,3.0,,40.0,42.0,81.0,0,4.0,95.0,1.0,1.0,2.0,
2015-16,6768167,17,56,Sunderland,Away,240256,Duncan Watmore,duncan-watmore,M,False,,,,,4.0,4.0,1.0,1.0,3.0,,,,2.0,,,3.0,10.0,7.0,,,,,,,,,1.0,,79.0,,,,,,,,,,,6.4,,,1.0,,7.0,,,,1.0,,6.0,6.0,1,1.0,24.0,2.0,2.0,3.0,
2015-16,6768169,17,21,West_Ham_United,Away,9741,Mark Noble,mark-noble,M,False,,,5.0,20.0,9.0,29.0,1.0,,9.0,,,,,,,2.0,3.0,3.0,,,,,,,,2.0,,,90.0,,,,,,,,,,,7.0,,,1.0,1.0,,,,5.0,,26.0,9.0,35.0,1,1.0,48.0,1.0,2.0,,
2015-16,6768169,17,21,West_Ham_United,Away,12987,Alex Song,alex-song,M,False,,,1.0,13.0,7.0,20.0,,,7.0,,,,3.0,,,1.0,4.0,4.0,,,,,,,,2.0,2.0,,73.0,,,,,,,,,,,6.9,,,,1.0,,1.0,,1.0,,15.0,8.0,22.0,0,3.0,33.0,,1.0,,
2015-16,6768169,17,80,Swansea_City,Home,20538,Leon Britton,leon-britton,M,False,,,1.0,48.0,36.0,84.0,,2.0,9.0,,,1.0,,,,1.0,2.0,7.0,,1.0,1.0,,,,,5.0,1.0,,90.0,,,,,,,,,,,7.5,,,,,2.0,,,1.0,,56.0,42.0,98.0,1,3.0,113.0,1.0,,2.0,
2015-16,6768169,17,80,Swansea_City,Home,20993,Jack Cork,jack-cork,M,False,,,2.0,33.0,23.0,56.0,,,4.0,,,,1.0,,,1.0,2.0,3.0,,,,,,,,1.0,1.0,,73.0,1.0,,,,,,,,,,6.9,,,,1.0,,4.0,,2.0,1.0,44.0,25.0,65.0,1,2.0,79.0,1.0,1.0,,
2015-16,6768169,17,80,Swansea_City,Home,30243,Neil Taylor,neil-taylor,M,False,2.0,,2.0,20.0,15.0,33.0,2.0,,5.0,,,,1.0,,,,5.0,6.0,,,,,,,,2.0,1.0,,90.0,,,,,,,,,,,7.1,,,,,3.0,6.0,,2.0,,28.0,16.0,38.0,0,2.0,73.0,,3.0,1.0,
2015-16,6768169,17,80,Swansea_City,Home,36465,Jonjo Shelvey,jonjo-shelvey,M,True,,,,3.0,5.0,8.0,,,,,,1.0,,,,,2.0,1.0,,,2.0,,,,,,,,17.0,,,,,,,,,,,6.6,,,,,1.0,1.0,,2.0,,9.0,6.0,14.0,1,,18.0,1.0,,1.0,
2015-16,6768169,17,80,Swansea_City,Home,38642,Sung-Yueng Ki,sung-yueng-ki,M,False,,,1.0,37.0,24.0,61.0,1.0,1.0,7.0,,,3.0,1.0,,,1.0,3.0,3.0,,,,,,,,1.0,2.0,,90.0,1.0,,,,,,,,,,7.5,,,1.0,,1.0,,,2.0,,44.0,26.0,70.0,5,,85.0,1.0,1.0,1.0,
2015-16,6768169,17,80,Swansea_City,Home,43192,Gylfi Sigurðsson,gylfi-sigursson,M,False,4.0,,,23.0,11.0,30.0,,,3.0,,,5.0,,,,1.0,3.0,,,,2.0,,,,,,3.0,,90.0,,,,,,,,,,,7.3,,,,,,11.0,,,,36.0,12.0,37.0,5,,58.0,3.0,,,
2015-16,6768169,17,21,West_Ham_United,Away,45944,Cheikhou Kouyaté,cheikhou-kouyate,M,False,,,2.0,11.0,5.0,16.0,1.0,1.0,6.0,,,,1.0,,,1.0,4.0,2.0,,,1.0,,,,,2.0,1.0,,90.0,,1.0,,,,,,,,,6.6,,,,1.0,1.0,1.0,,2.0,1.0,16.0,5.0,20.0,0,,32.0,1.0,,1.0,
2015-16,6768169,17,21,West_Ham_United,Away,46799,Pedro Obiang,pedro-obiang,M,True,,,,2.0,2.0,4.0,,,1.0,,,,1.0,,,,1.0,1.0,,,,,,,,1.0,,,17.0,,,,,,,,,,,6.6,,,,,,,,,,2.0,2.0,4.0,0,1.0,7.0,,,,
2015-16,6768169,17,80,Swansea_City,Home,54686,Jefferson Montero,jefferson-montero,M,True,,,,,,,,,,,,,,,,,,,,,,,,,,,,,,,,,,,,,,,,,,,,,,,,,,,,,0,,,,,,
2015-16,6768169,17,80,Swansea_City,Home,209098,Modou Barrow,modou-barrow,M,True,,,,2.0,,2.0,,,,,,,,,,,,,,,,,,,,1.0,,,7.0,,,,,,,,,,,6.6,,,,,,,,,,2.0,,2.0,0,,5.0,1.0,,,
2015-16,6768169,17,21,West_Ham_United,Away,792122,Josh Cullen,cullen-josh,M,True,,,,,,,,,,,,,,,,,,,,,,,,,,,,,,,,,,,,,,,,,,,,,,,,,,,,,0,,,,,,
2015-16,6768170,17,110,Stoke_City,Home,2525,Ibrahim Afellay,ibrahim-afellay,M,False,,,2.0,31.0,24.0,55.0,,1.0,14.0,,,,,,,1.0,4.0,8.0,,,1.0,,,,,,1.0,,90.0,,,,,,,,,,,7.0,,,2.0,1.0,4.0,1.0,,3.0,,35.0,26.0,60.0,2,2.0,77.0,,3.0,2.0,
2015-16,6768170,17,110,Stoke_City,Home,9104,Marc Wilson,marc-wilson,M,True,,,,,,,,,,,,,,,,,,,,,,,,,,,,,,,,,,,,,,,,,,,,,,,,,,,,,0,,,,,,
2015-16,6768170,17,110,Stoke_City,Home,9360,Charlie Adam,charlie-adam,M,True,,,1.0,3.0,2.0,5.0,1.0,,2.0,,,3.0,2.0,,,,3.0,2.0,,,,,,,,,,,15.0,,,,,,,,,,,6.7,,,,,1.0,1.0,,4.0,,9.0,2.0,10.0,3,1.0,17.0,,,1.0,
2015-16,6768170,17,31,Crystal_Palace,Away,9921,Joe Ledley,joe-ledley,M,False,,,,7.0,21.0,28.0,1.0,1.0,8.0,,,,1.0,,,,2.0,3.0,,,,,,,,,1.0,,90.0,,2.0,,,,,,,,,6.6,,,,1.0,,3.0,,3.0,,15.0,23.0,35.0,0,2.0,45.0,2.0,,,
2015-16,6768170,17,110,Stoke_City,Home,10535,Glenn Whelan,glenn-whelan,M,False,,,,19.0,14.0,33.0,,,1.0,,,1.0,1.0,,,1.0,4.0,,,,1.0,,,,,1.0,,,65.0,,,,1.0,,,,,,,5.7,,,,,1.0,,,3.0,,23.0,14.0,37.0,1,,42.0,1.0,,,
2015-16,6768170,17,31,Crystal_Palace,Away,19593,Jason Puncheon,jason-puncheon,M,False,,,5.0,15.0,16.0,31.0,,,7.0,,,,,,,,1.0,2.0,,,1.0,,,,,,1.0,,79.0,,,,,,,,,,,6.8,,,,,,,,10.0,,24.0,16.0,40.0,0,1.0,42.0,,1.0,,
2015-16,6768170,17,31,Crystal_Palace,Away,38130,Jordon Mutch,jordon-mutch,M,True,,,,3.0,,3.0,,,,,,,,,,,,,,,,,,,,1.0,,,11.0,,,,,,,,,,,6.7,,,1.0,,,,,,,4.0,,4.0,1,,8.0,1.0,,,
2015-16,6768170,17,31,Crystal_Palace,Away,38639,Chung-yong Lee,chung-yong-lee,M,True,,,1.0,4.0,2.0,6.0,,,2.0,1.0,,,,,,,,2.0,,,,,1.0,,,,1.0,,9.0,1.0,,,,,,,,,,8.1,,,,1.0,1.0,,,1.0,,6.0,2.0,8.0,1,1.0,12.0,,,1.0,
2015-16,6768170,17,31,Crystal_Palace,Away,39282,James McArthur,james-mcarthur,M,False,,,2.0,17.0,13.0,30.0,3.0,1.0,4.0,,1.0,1.0,2.0,,,3.0,12.0,3.0,,,4.0,,,,,2.0,,,90.0,,1.0,,,,,,,,,6.0,,,1.0,,,,,2.0,,19.0,14.0,33.0,2,2.0,46.0,1.0,,,
2015-16,6768170,17,110,Stoke_City,Home,65953,Xherdan Shaqiri,xherdan-shaqiri,M,False,4.0,,,15.0,8.0,19.0,,,2.0,,,2.0,,,,2.0,4.0,1.0,,,,,,,,,6.0,,90.0,,,,,,,,,,,7.0,,,2.0,,3.0,15.0,,1.0,,29.0,8.0,22.0,4,,52.0,5.0,,1.0,
2015-16,6768170,17,31,Crystal_Palace,Away,84686,Pape Souaré,pape-souare,M,False,,,1.0,7.0,13.0,20.0,,,6.0,,,,,,,1.0,1.0,1.0,,1.0,,,,,,1.0,,,90.0,,1.0,,,,,,,,,6.3,,,,4.0,,2.0,,7.0,,11.0,19.0,28.0,0,1.0,50.0,2.0,,,
2015-16,6768170,17,31,Crystal_Palace,Away,111850,Wilfried Zaha,wilfried-zaha,M,False,1.0,,,5.0,3.0,7.0,,,9.0,,,,2.0,,,2.0,10.0,3.0,,,3.0,,,,,,1.0,,81.0,,,,,,,,1.0,,,5.9,,,,,4.0,4.0,,4.0,,13.0,5.0,14.0,0,,35.0,4.0,2.0,1.0,
2015-16,6768171,17,35,West_Bromwich_Albion,Home,765,Darren Fletcher,darren-fletcher,M,False,,,,11.0,9.0,20.0,,2.0,8.0,,,,1.0,,,1.0,3.0,4.0,,,1.0,,,,,4.0,1.0,,89.0,,,,1.0,,,,,,,6.2,,,,1.0,,,,1.0,,14.0,10.0,24.0,0,1.0,34.0,2.0,1.0,,
2015-16,6768171,17,35,West_Bromwich_Albion,Home,822,James Morrison,james-morrison,M,False,,,,4.0,5.0,9.0,,,3.0,,,,,,,2.0,2.0,1.0,,1.0,,,,,,4.0,,,45.0,,,,,,,,,,,6.6,,,1.0,,1.0,,,,,7.0,6.0,13.0,1,,22.0,1.0,,1.0,
2015-16,6768171,17,35,West_Bromwich_Albion,Home,10540,Chris Brunt,chris-brunt,M,False,1.0,,2.0,5.0,3.0,7.0,,,3.0,,,,1.0,,,,2.0,1.0,,,1.0,,,,,,1.0,,74.0,,1.0,,,,,,,,,6.5,,,,3.0,,4.0,,4.0,,14.0,4.0,14.0,0,,31.0,1.0,1.0,,
2015-16,6768171,17,91,Bournemouth,Away,11764,Marc Pugh,marc-pugh,M,True,,,,3.0,3.0,6.0,1.0,,2.0,,1.0,,,,,,1.0,2.0,,,,,,,,,1.0,,20.0,1.0,,,,,,,,,,6.6,,,,1.0,2.0,1.0,,,,4.0,3.0,6.0,1,,11.0,,,2.0,
2015-16,6768171,17,35,West_Bromwich_Albion,Home,14235,Craig Gardner,craig-gardner,M,False,2.0,,3.0,14.0,7.0,19.0,,1.0,3.0,1.0,,,3.0,,,,6.0,5.0,,,3.0,1.0,,,,1.0,2.0,,90.0,,,,,,,,,,,7.1,,,,1.0,,6.0,,5.0,,24.0,9.0,27.0,0,2.0,40.0,1.0,2.0,,
2015-16,6768171,17,91,Bournemouth,Away,14695,Andrew Surman,andrew-surman,M,False,,,13.0,48.0,26.0,74.0,3.0,3.0,7.0,,,,,,,,3.0,6.0,,,,1.0,,,,,4.0,,90.0,,,,,,,,,,,7.8,,,,,,,,15.0,,56.0,30.0,86.0,0,3.0,92.0,,,,
2015-16,6768171,17,35,West_Bromwich_Albion,Home,16657,Stéphane Sessègnon,stephane-sessegnon,M,True,,,1.0,8.0,1.0,9.0,,,2.0,,,,1.0,,,1.0,4.0,2.0,,,1.0,,,,,,,,45.0,,,,,,,,,,,6.2,,,,1.0,2.0,,,2.0,,9.0,1.0,10.0,0,1.0,19.0,1.0,,1.0,
2015-16,6768171,17,91,Bournemouth,Away,39121,Harry Arter,harry-arter,M,False,,,7.0,57.0,14.0,71.0,,,4.0,,,2.0,1.0,,,,2.0,3.0,,,1.0,,,,,,,,82.0,,,,,,,,,,,7.3,,,1.0,,2.0,1.0,,8.0,,62.0,14.0,75.0,3,1.0,83.0,,,2.0,
2015-16,6768171,17,91,Bournemouth,Away,41628,Eunan O'Kane,eunan-okane,M,True,,,,,,,,,,,,,,,,,,,,,,,,,,,,,,,,,,,,,,,,,,,,,,,,,,,,,0,,,,,,
2015-16,6768171,17,35,West_Bromwich_Albion,Home,41631,James McClean,james-mcclean,M,False,,,1.0,4.0,5.0,9.0,1.0,,3.0,,,,1.0,,,2.0,7.0,2.0,,,2.0,,,,,1.0,,,34.0,,,,,,,,,,,5.4,,,,,2.0,1.0,,2.0,,5.0,7.0,11.0,0,,19.0,,1.0,1.0,
2015-16,6768171,17,91,Bournemouth,Away,42699,Matt Ritchie,matt-ritchie,M,False,1.0,,1.0,35.0,12.0,46.0,,,4.0,,,1.0,2.0,,,2.0,5.0,5.0,,,1.0,,,,,,,,90.0,,,,,,,,,,,6.7,,,2.0,1.0,,5.0,,4.0,,42.0,15.0,52.0,3,1.0,74.0,,4.0,,
2015-16,6768171,17,91,Bournemouth,Away,44823,Junior Stanislas,junior-stanislas,M,False,1.0,,3.0,30.0,7.0,36.0,3.0,1.0,5.0,,,,1.0,,,,7.0,2.0,,,1.0,,,,1.0,2.0,3.0,,70.0,1.0,,,,,,,,,,7.1,,,1.0,2.0,3.0,6.0,,3.0,,40.0,7.0,41.0,2,,60.0,,,1.0,
2015-16,6768171,17,35,West_Bromwich_Albion,Home,53783,Callum McManaman,callum-mcmanaman,M,True,,,,,,,,,,,,,,,,,,,,,,,,,,,,,,,,,,,,,,,,,,,,,,,,,,,,,0,,,,,,
2015-16,6768172,17,45,Norwich_City,Away,512,Alexander Tettey,alexander-tettey,M,False,,,,15.0,16.0,31.0,,3.0,5.0,,,,,,,,1.0,7.0,,,1.0,,1.0,,,1.0,,,90.0,1.0,,,,,,,,,,7.9,,,1.0,10.0,2.0,,,2.0,,21.0,18.0,39.0,2,2.0,62.0,2.0,,2.0,
2015-16,6768172,17,1,Manchester_United,Home,938,Michael Carrick,michael-carrick,M,False,,,8.0,52.0,18.0,70.0,,,4.0,,,,,,,1.0,1.0,3.0,,,,,,,,2.0,,,90.0,,,,,,,,,,,7.2,,,,,,,,11.0,,60.0,19.0,79.0,0,3.0,90.0,1.0,,,
2015-16,6768172,17,45,Norwich_City,Away,9148,Graham Dorrans,graham-dorrans,M,True,,,,,,,,,,,,,,,,,,,,,,,,,,,,,,,,,,,,,,,,,,,,,,,,,,,,,0,,,,,,
2015-16,6768172,17,45,Norwich_City,Away,14336,Wesley Hoolahan,wesley-hoolahan,M,False,,,,15.0,13.0,28.0,,,8.0,,,,2.0,,,3.0,5.0,4.0,,,,,,,,,1.0,,66.0,1.0,,,,,,,,,,6.9,,,,,2.0,1.0,,,,23.0,14.0,36.0,1,1.0,51.0,1.0,1.0,2.0,
2015-16,6768172,17,45,Norwich_City,Away,17806,Vadis Odjidja-Ofoe,vadis-odjidja-ofoe,M,True,,,,,,,,,,,,,,,,,,,,,,,,,,,,,,,,,,,,,,,,,,,,,,,,,,,,,0,,,,,,
2015-16,6768172,17,45,Norwich_City,Away,18712,Youssouf Mulumbu,youssouf-mulumbu,M,True,,,1.0,3.0,,3.0,,,1.0,,,,1.0,,,,1.0,1.0,,,,,,,,,,,8.0,1.0,,,,,,,,,,6.9,,,,2.0,1.0,,,1.0,,4.0,,4.0,1,,11.0,1.0,,1.0,
2015-16,6768172,17,1,Manchester_United,Home,27009,Morgan Schneiderlin,morgan-schneiderlin,M,True,,,,,,,,,,,,,,,,,,,,,,,,,,,,,,,,,,,,,,,,,,,,,,,,,,,,,0,,,,,,
2015-16,6768172,17,1,Manchester_United,Home,28367,Juan Mata,juan-mata,M,False,1.0,,7.0,47.0,20.0,66.0,1.0,,8.0,1.0,,,2.0,,,,4.0,2.0,,,1.0,,,,,3.0,3.0,,90.0,1.0,,,,,,,,,,7.4,,,,,1.0,8.0,,7.0,,63.0,21.0,76.0,1,,96.0,3.0,1.0,1.0,
2015-16,6768172,17,45,Norwich_City,Away,29691,Gary O'Neil,gary-oneil,M,False,,,2.0,15.0,13.0,28.0,1.0,1.0,7.0,,,,1.0,,,1.0,4.0,1.0,,,1.0,,,,,1.0,,,82.0,,2.0,,,,,,,,,6.3,,,,5.0,,,,5.0,,18.0,18.0,36.0,0,,49.0,2.0,,,
2015-16,6768172,17,1,Manchester_United,Home,82474,Ander Herrera,ander-herrera,M,True,,,,28.0,7.0,35.0,2.0,,3.0,,,1.0,2.0,,,,4.0,,,,,,,,,,,,30.0,,,,,,,,,,,6.3,,,,,,1.0,,2.0,,34.0,8.0,41.0,1,,43.0,,,,
2015-16,6768172,17,45,Norwich_City,Away,115346,Nathan Redmond,nathan-redmond,M,False,,,3.0,16.0,8.0,24.0,1.0,1.0,4.0,,,,1.0,,,2.0,4.0,6.0,,,,1.0,,,,1.0,1.0,,90.0,,,,,,,,,,,7.0,,,,1.0,3.0,1.0,,4.0,,19.0,9.0,27.0,0,1.0,42.0,1.0,1.0,3.0,
2015-16,6768172,17,1,Manchester_United,Home,191176,Anthony Martial,anthony-martial,M,False,1.0,,1.0,19.0,4.0,22.0,3.0,1.0,5.0,,,,,,,7.0,12.0,8.0,,,1.0,,1.0,,,3.0,1.0,,90.0,1.0,,,,,,,,,,6.8,,,,1.0,3.0,4.0,,1.0,,27.0,6.0,29.0,1,2.0,56.0,1.0,3.0,2.0,
2015-16,6768172,17,45,Norwich_City,Away,267621,Robbie Brady,robbie-brady,M,False,,,1.0,11.0,6.0,17.0,2.0,2.0,8.0,,,,2.0,,,3.0,10.0,7.0,,,3.0,,,,1.0,3.0,,,90.0,,,,,,,,,,,6.8,,,,8.0,1.0,1.0,,5.0,,17.0,11.0,27.0,0,4.0,59.0,2.0,,1.0,
2015-16,6768172,17,1,Manchester_United,Home,285949,Andreas Pereira,andreas-pereira,M,True,,,,,,,,,,,,,,,,,,,,,,,,,,,,,,,,,,,,,,,,,,,,,,,,,,,,,0,,,,,,
2015-16,6768173,17,7,Aston_Villa,Away,764,Kieran Richardson,kieran-richardson,M,True,,,,,,,,,,,,,,,,,,,,,,,,,,,,,,,,,,,,,,,,,,,,,,,,,,,,,0,,,,,,
2015-16,6768173,17,4,Newcastle_United,Home,10438,Cheik Tiote,cheik-tiote,M,True,,,,,,,,,,,,,,,,,,,,,,,,,,,,,,,,,,,,,,,,,,,,,,,,,,,,,0,,,,,,
2015-16,6768173,17,4,Newcastle_United,Home,15007,Vurnon Anita,vurnon-anita,M,False,,,1.0,11.0,4.0,15.0,,3.0,4.0,,,,1.0,,,1.0,3.0,6.0,,,1.0,,,,,1.0,,,71.0,,,,,,,,,,,6.7,,,,,,,,2.0,,17.0,7.0,24.0,0,3.0,31.0,1.0,,,
2015-16,6768173,17,4,Newcastle_United,Home,22126,Georginio Wijnaldum,georginio-wijnaldum,M,False,1.0,,,13.0,7.0,19.0,1.0,,7.0,1.0,1.0,,,,,3.0,6.0,,,,,,,,,,1.0,,90.0,1.0,,,,,,,,,,6.0,,,,,2.0,2.0,,,,17.0,7.0,22.0,1,,32.0,2.0,,,
2015-16,6768173,17,7,Aston_Villa,Away,24055,Scott Sinclair,scott-sinclair,M,False,,,,7.0,2.0,9.0,,,3.0,,,,1.0,,,1.0,4.0,2.0,,,,,,,,,,,60.0,,,,,,,,,,,6.3,,,,,2.0,1.0,,,,9.0,2.0,10.0,0,1.0,22.0,2.0,1.0,,
2015-16,6768173,17,4,Newcastle_United,Home,26982,Yoan Gouffran,yoan-gouffran,M,True,,,,,,,,,,,,,,,,,,,,,,,,,,,,,,,,,,,,,,,,,,,,,,,,,,,,,0,,,,,,
2015-16,6768173,17,4,Newcastle_United,Home,27014,Moussa Sissoko,moussa-sissoko,M,False,1.0,,1.0,19.0,9.0,27.0,,,9.0,1.0,,,3.0,,,1.0,7.0,4.0,,,,,,,,1.0,1.0,,90.0,,,,,,,,,,,6.5,,,1.0,2.0,4.0,5.0,,2.0,,33.0,9.0,37.0,1,2.0,62.0,2.0,1.0,1.0,
2015-16,6768173,17,4,Newcastle_United,Home,30262,Siem de Jong,siem-de-jong,M,False,1.0,,,15.0,2.0,16.0,2.0,1.0,2.0,,1.0,,1.0,,,,5.0,7.0,,,1.0,1.0,,,,,1.0,,59.0,,,,,,,,,,,7.0,,,1.0,,2.0,2.0,,,,21.0,5.0,24.0,1,4.0,37.0,2.0,1.0,1.0,
2015-16,6768173,17,4,Newcastle_United,Home,40686,Jack Colback,jack-colback,M,False,1.0,,4.0,13.0,11.0,23.0,2.0,3.0,8.0,,,,2.0,,,1.0,6.0,8.0,,,1.0,,,,,1.0,1.0,,90.0,,,,,,,,,,,6.8,,,,3.0,,3.0,,7.0,,22.0,12.0,31.0,0,2.0,45.0,,3.0,,
2015-16,6768173,17,7,Aston_Villa,Away,49647,Ashley Westwood,ashley-westwood,M,False,,,4.0,24.0,18.0,42.0,1.0,1.0,10.0,,,,2.0,,,1.0,6.0,6.0,,,2.0,,,,,,1.0,,90.0,1.0,,,,,,,,,,6.7,,,,,1.0,2.0,,7.0,,29.0,21.0,48.0,1,4.0,61.0,1.0,1.0,,
2015-16,6768173,17,7,Aston_Villa,Away,74545,Leandro Bacuna,leandro-bacuna,M,False,,,5.0,9.0,11.0,20.0,1.0,1.0,5.0,,,,2.0,,,1.0,7.0,4.0,,,3.0,,,,,4.0,1.0,,90.0,1.0,,,,,,,,,,6.8,,,,2.0,,2.0,,12.0,,19.0,15.0,32.0,1,3.0,67.0,,,,
2015-16,6768173,17,7,Aston_Villa,Away,106337,Idrissa Gana Gueye,idrissa-gana-gueye,M,False,,,4.0,20.0,23.0,43.0,,1.0,10.0,,,,1.0,,,1.0,3.0,9.0,,,1.0,,,,,6.0,1.0,,90.0,,,,,,,,,,,7.8,,,1.0,,3.0,1.0,,5.0,,31.0,29.0,59.0,1,4.0,85.0,6.0,1.0,3.0,
2015-16,6768173,17,7,Aston_Villa,Away,151124,Jordan Veretout,jordan-veretout,M,False,3.0,,2.0,26.0,11.0,34.0,5.0,,5.0,,,,1.0,,,1.0,8.0,4.0,,,1.0,1.0,,,,1.0,3.0,,90.0,1.0,,,,,,,,,,7.1,,,,,1.0,12.0,,4.0,,41.0,13.0,42.0,1,1.0,65.0,1.0,2.0,1.0,
2015-16,6768173,17,7,Aston_Villa,Away,189061,Jack Grealish,jack-grealish,M,True,,,,,,,,,,,,,,,,,,,,,,,,,,,,,,,,,,,,,,,,,,,,,,,,,,,,,0,,,,,,
2015-16,6768173,17,7,Aston_Villa,Away,254895,Carles Gil,carles-gil,M,True,,,,,,,,,,,,,,,,,,,,,,,,,,,,,,,,,,,,,,,,,,,,,,,,,,,,,0,,,,,,
2015-16,6768176,17,20,Southampton,Home,559,Steven Davis,steven-davis,M,False,1.0,,2.0,16.0,5.0,20.0,2.0,,4.0,,,1.0,1.0,,,1.0,5.0,4.0,,,,,,,,2.0,1.0,,64.0,,1.0,,,,,,,,,6.8,,,,,1.0,3.0,,4.0,,22.0,7.0,26.0,1,4.0,43.0,2.0,,,
2015-16,6768176,17,6,Tottenham_Hotspur,Away,9865,Mousa Dembélé,mousa-dembele,M,False,,,2.0,23.0,25.0,48.0,,1.0,14.0,,,,,,,5.0,8.0,12.0,,,3.0,,,,,2.0,,,90.0,,,,,,,,,,,7.1,,,,,3.0,,,3.0,,26.0,25.0,51.0,0,3.0,73.0,1.0,5.0,3.0,
2015-16,6768176,17,6,Tottenham_Hotspur,Away,32492,Nacer Chadli,nacer-chadli,M,True,,,,,1.0,1.0,,,,,,,,,,,,,,,,,,,,,,,4.0,,,,,,,,,,,6.5,,,,,,,,,,3.0,1.0,4.0,0,,4.0,,,,
2015-16,6768176,17,20,Southampton,Home,44760,Cédric Soares,cedric-soares,M,False,5.0,,6.0,23.0,11.0,29.0,2.0,1.0,13.0,,,,2.0,,,1.0,6.0,5.0,,,1.0,,,,,2.0,2.0,,90.0,,,,,,,,,,,6.9,,,,1.0,1.0,6.0,,16.0,,40.0,16.0,50.0,0,3.0,86.0,1.0,,1.0,
2015-16,6768176,17,20,Southampton,Home,45956,Victor Wanyama,victor-wanyama,M,False,,,3.0,14.0,13.0,27.0,1.0,,6.0,,,,1.0,,,1.0,6.0,11.0,,,3.0,,,,,4.0,,,90.0,,,,,,,,,,,7.4,,,,,1.0,,,5.0,,17.0,14.0,31.0,0,7.0,51.0,3.0,3.0,1.0,
2015-16,6768176,17,20,Southampton,Home,69416,Oriol Romeu,oriol-romeu,M,True,,,,,,,,,,,,,,,,,,,,,,,,,,,,,,,,,,,,,,,,,,,,,,,,,,,,,0,,,,,,
2015-16,6768176,17,6,Tottenham_Hotspur,Away,105734,Christian Eriksen,christian-eriksen,M,False,,,,25.0,7.0,32.0,2.0,,10.0,,,1.0,,,,1.0,7.0,6.0,,,,,,,,1.0,3.0,,86.0,1.0,,,,,,,,,,7.1,,,1.0,,7.0,8.0,,2.0,,41.0,9.0,42.0,3,2.0,73.0,2.0,1.0,3.0,
2015-16,6768176,17,20,Southampton,Home,116946,Jordy Clasie,jordy-clasie,M,False,,,4.0,12.0,13.0,25.0,2.0,,6.0,,,,1.0,,,2.0,7.0,3.0,,,2.0,,,,,5.0,,,78.0,,,,,,,,,,,6.6,,,,,,1.0,,4.0,,14.0,15.0,28.0,0,3.0,40.0,,,,
2015-16,6768176,17,6,Tottenham_Hotspur,Away,122702,Erik Lamela,erik-lamela,M,False,,,1.0,16.0,5.0,21.0,1.0,,3.0,,,2.0,1.0,,,,2.0,8.0,,,1.0,,,,,,1.0,,90.0,,,,,,,,,,,7.4,,,1.0,,1.0,3.0,,1.0,1.0,23.0,8.0,28.0,3,4.0,51.0,1.0,3.0,1.0,
2015-16,6768176,17,20,Southampton,Home,161717,James Ward-Prowse,james-ward-prowse,M,True,,,1.0,5.0,2.0,7.0,,,1.0,,1.0,,1.0,,,1.0,2.0,,,1.0,,,,,,,,,12.0,1.0,,,,,,,,,,5.8,,,,1.0,,1.0,,1.0,,6.0,2.0,7.0,1,,12.0,,,,
2015-16,6768176,17,6,Tottenham_Hotspur,Away,198028,Dele Alli,dele-alli,M,False,,,1.0,9.0,7.0,16.0,1.0,2.0,5.0,1.0,,,2.0,,,,7.0,6.0,,,2.0,1.0,1.0,,,2.0,1.0,,79.0,1.0,,,,,,,,,,7.8,,,1.0,,2.0,,,4.0,1.0,21.0,8.0,29.0,2,1.0,44.0,2.0,3.0,,
2015-16,6768176,17,20,Southampton,Home,217704,Sadio Mané,sadio-mane,M,False,2.0,,1.0,28.0,6.0,32.0,3.0,,6.0,,,3.0,1.0,,,4.0,12.0,5.0,,,3.0,,,,,2.0,1.0,,90.0,1.0,,,,,,,,,,6.9,,,1.0,,2.0,2.0,,1.0,2.0,30.0,6.0,34.0,5,2.0,58.0,4.0,2.0,1.0,
2015-16,6768176,17,6,Tottenham_Hotspur,Away,368120,Nabil Bentaleb,nabil-bentaleb,M,True,,,,,,,,,,,,,,,,,,,,,,,,,,,,,,,,,,,,,,,,,,,,,,,,,,,,,0,,,,,,
2015-16,6768176,17,6,Tottenham_Hotspur,Away,545780,Harry Winks,harry-winks,M,True,,,,,,,,,,,,,,,,,,,,,,,,,,,,,,,,,,,,,,,,,,,,,,,,,,,,,0,,,,,,
2015-16,6768176,17,6,Tottenham_Hotspur,Away,801460,Tom Carroll,carroll-tom,M,True,,,,7.0,,7.0,,1.0,,,,,,,,1.0,1.0,2.0,,,,,,,,1.0,1.0,,11.0,1.0,,,,,,,,,,6.9,,,,,1.0,,,,,8.0,1.0,9.0,1,,14.0,1.0,,1.0,
2015-16,6768179,17,57,Watford,Home,642,Ben Watson,ben-watson,M,False,1.0,,1.0,11.0,5.0,15.0,,1.0,4.0,,,,,,,,,5.0,,,,,,,,6.0,,,90.0,,,,,,,,,,,7.2,,,,1.0,1.0,8.0,,7.0,,31.0,7.0,30.0,0,2.0,50.0,,1.0,1.0,
2015-16,6768179,17,57,Watford,Home,4366,Almen Abdi,almen-abdi,M,False,1.0,,1.0,9.0,5.0,13.0,1.0,1.0,3.0,,,,3.0,,,1.0,6.0,10.0,,1.0,1.0,,,,,1.0,2.0,,80.0,,,,,,,,,,,7.3,,,,3.0,1.0,1.0,,2.0,,17.0,5.0,21.0,0,8.0,41.0,1.0,,1.0,
2015-16,6768179,17,57,Watford,Home,11654,Valon Behrami,valon-behrami,M,True,1.0,,,1.0,1.0,1.0,,,1.0,1.0,,,,,,1.0,1.0,3.0,,,,1.0,,,,,1.0,,10.0,,,,,,,,,,,7.4,,,,,,1.0,,,,1.0,1.0,1.0,0,2.0,7.0,1.0,1.0,,
2015-16,6768179,17,57,Watford,Home,13990,José Jurado,jose-jurado,M,False,,,2.0,8.0,9.0,17.0,,,6.0,1.0,,,,,,1.0,1.0,1.0,,,,,,,,,1.0,,76.0,1.0,,,,,,,,,,7.2,,,,,1.0,,,2.0,,11.0,10.0,21.0,1,,27.0,1.0,,1.0,
2015-16,6768179,17,57,Watford,Home,16701,Étienne Capoue,etienne-capoue,M,False,,,2.0,17.0,9.0,26.0,1.0,,12.0,,,1.0,,,,2.0,5.0,9.0,,,1.0,,,,,3.0,,,90.0,,,,,,,,,,,7.4,,,,2.0,2.0,1.0,,4.0,,29.0,10.0,38.0,1,6.0,59.0,1.0,2.0,1.0,
2015-16,6768179,17,14,Liverpool,Away,17054,Adam Lallana,adam-lallana,M,False,,,1.0,15.0,8.0,23.0,1.0,1.0,5.0,,,1.0,1.0,,,3.0,8.0,1.0,,,1.0,,,,,,,,74.0,,,,,,,,,,,6.3,,,1.0,3.0,2.0,,,2.0,,19.0,9.0,28.0,2,,44.0,2.0,,,
2015-16,6768179,17,57,Watford,Home,20364,Ikechi Anya,ikechi-anya,M,True,,,1.0,2.0,1.0,3.0,,,2.0,,,,,,,,1.0,,,,,,,,,,,,14.0,,,,,,,,,,,6.4,,,,,1.0,,,1.0,,3.0,2.0,5.0,0,,12.0,1.0,,,
2015-16,6768179,17,14,Liverpool,Away,20602,Joe Allen,joe-allen,M,True,,,,,,,,,,,,,,,,,,,,,,,,,,,,,,,,,,,,,,,,,,,,,,,,,,,,,0,,,,,,
2015-16,6768179,17,14,Liverpool,Away,27234,Lucas Leiva,lucas-leiva,M,False,,,5.0,12.0,31.0,43.0,3.0,2.0,5.0,,,,1.0,,,1.0,6.0,6.0,,,1.0,,,,,,,,90.0,,,,,,,,,,,6.6,,,,4.0,,1.0,,13.0,,23.0,38.0,60.0,0,4.0,76.0,,,,
2015-16,6768179,17,57,Watford,Home,27803,Alessandro Diamanti,alessandro-diamanti,M,True,,,,,,,,,,,,,,,,,,,,,,,,,,,,,,,,,,,,,,,,,,,,,,,,,,,,,0,,,,,,
2015-16,6768179,17,14,Liverpool,Away,42694,Jordan Henderson,jordan-henderson,M,False,2.0,,9.0,22.0,16.0,36.0,1.0,,6.0,,,1.0,1.0,,,1.0,6.0,3.0,,,1.0,,,,,,3.0,,90.0,1.0,,,,,,,,,,7.0,,,,1.0,3.0,5.0,,17.0,2.0,37.0,22.0,54.0,2,2.0,73.0,1.0,,1.0,
2015-16,6768179,17,57,Watford,Home,45989,Adlène Guédioura,adlene-guedioura,M,True,,,,,,,,,,,,,,,,,,,,,,,,,,,,,2.0,,,,,,,,,,,,,,,,,,,,,,,,0,,,,,,
2015-16,6768179,17,14,Liverpool,Away,119159,Philippe Coutinho,philippe-coutinho,M,False,1.0,,2.0,17.0,12.0,28.0,,,3.0,,,,,,,3.0,4.0,9.0,,,1.0,,,,,,1.0,,90.0,1.0,,,,,,,,,,7.4,,,,,4.0,4.0,,2.0,2.0,25.0,13.0,34.0,1,2.0,59.0,2.0,3.0,4.0,
2015-16,6768179,17,14,Liverpool,Away,143697,Roberto Firmino,roberto-firmino,M,False,,,,10.0,8.0,18.0,1.0,,2.0,,,,,,,6.0,7.0,1.0,,,,,,,,1.0,,,74.0,,,,,,,,,,,6.3,,,,1.0,1.0,,,1.0,3.0,14.0,8.0,22.0,0,,35.0,1.0,,1.0,
2015-16,6768179,17,14,Liverpool,Away,185955,Jordon Ibe,jordon-ibe,M,True,2.0,,,3.0,8.0,9.0,,,4.0,,,1.0,,,,,,,,,,,,,,,,,16.0,,,,,,,,,,,6.9,,,1.0,,,3.0,,,,5.0,8.0,10.0,2,,16.0,,,,
2015-16,6768179,17,14,Liverpool,Away,787580,Connor Randall,connor-randall,M,True,,,,,,,,,,,,,,,,,,,,,,,,,,,,,,,,,,,,,,,,,,,,,,,,,,,,,0,,,,,,
2015-16,6768174,18,8,Chelsea,Home,518,Cesc Fàbregas,cesc-fabregas,M,False,,,3.0,17.0,14.0,31.0,,,2.0,,,,,,,,,,,,,,,,,,,,45.0,,,,,,,,,,,6.5,,,,1.0,,2.0,,4.0,,23.0,18.0,39.0,0,,43.0,,,,
2015-16,6768174,18,57,Watford,Away,642,Ben Watson,ben-watson,M,False,1.0,,,13.0,16.0,28.0,,1.0,5.0,,,,2.0,,,1.0,4.0,5.0,,,1.0,,,,,5.0,2.0,,90.0,,3.0,,,,,,,,,7.0,,,,2.0,,4.0,,4.0,,24.0,20.0,40.0,0,4.0,61.0,,,,
2015-16,6768174,18,57,Watford,Away,4366,Almen Abdi,almen-abdi,M,False,1.0,,1.0,10.0,12.0,21.0,1.0,,4.0,,,,1.0,,,,5.0,5.0,,,3.0,,,,,,,,69.0,,,,,,,,,,,6.9,,,1.0,1.0,,2.0,,1.0,,13.0,12.0,23.0,1,5.0,33.0,,,,
2015-16,6768174,18,8,Chelsea,Home,7311,John Obi Mikel,john-obi-mikel,M,True,,,4.0,18.0,17.0,35.0,1.0,1.0,2.0,,,,,,,,2.0,3.0,,,1.0,,,,,1.0,,,45.0,,,,,,,,,,,7.0,,,1.0,,1.0,,,5.0,,19.0,19.0,38.0,1,1.0,42.0,,,1.0,
2015-16,6768174,18,57,Watford,Away,11654,Valon Behrami,valon-behrami,M,True,,,,1.0,2.0,3.0,,,1.0,,,,,,,,2.0,,,,2.0,,,,,1.0,,,21.0,,,,1.0,,,,,,,5.4,,,,,,,,,,2.0,2.0,4.0,0,,5.0,,,,
2015-16,6768174,18,57,Watford,Away,13990,José Jurado,jose-jurado,M,False,,,1.0,18.0,13.0,31.0,1.0,,7.0,1.0,,2.0,1.0,,,3.0,5.0,8.0,,,1.0,,,,,,3.0,,73.0,,,,,,,,,,,7.4,,,,,4.0,,,2.0,,21.0,15.0,36.0,2,3.0,51.0,1.0,1.0,4.0,
2015-16,6768174,18,57,Watford,Away,16701,Étienne Capoue,etienne-capoue,M,False,,,2.0,16.0,13.0,29.0,1.0,1.0,5.0,,,1.0,,,,2.0,6.0,8.0,,,1.0,,,,,3.0,,,90.0,1.0,1.0,,,,,,,,,7.0,,,,,4.0,1.0,,2.0,,21.0,13.0,33.0,2,4.0,55.0,,2.0,1.0,
2015-16,6768174,18,57,Watford,Away,20364,Ikechi Anya,ikechi-anya,M,True,,,,2.0,4.0,6.0,1.0,,2.0,,,,,,,,1.0,1.0,,,,,,,,1.0,,,17.0,,,,,,,,,,,6.6,,,,,,,,,1.0,2.0,4.0,6.0,0,1.0,11.0,2.0,,,
2015-16,6768174,18,57,Watford,Away,27803,Alessandro Diamanti,alessandro-diamanti,M,True,,,,,,,,,,,,,,,,,,,,,,,,,,,,,,,,,,,,,,,,,,,,,,,,,,,,,0,,,,,,
2015-16,6768174,18,8,Chelsea,Home,31417,Willian,willian,M,False,1.0,,9.0,37.0,8.0,44.0,,1.0,6.0,1.0,,1.0,1.0,,,4.0,7.0,4.0,,,,1.0,,,,1.0,4.0,,90.0,,,,,,,,,,,7.3,,,2.0,,3.0,12.0,,9.0,,58.0,8.0,54.0,3,1.0,81.0,,1.0,1.0,
2015-16,6768174,18,8,Chelsea,Home,33110,Ramires,ramires,M,True,,,,,,,,,,,,,,,,,,,,,,,,,,,,,,,,,,,,,,,,,,,,,,,,,,,,,0,,,,,,
2015-16,6768174,18,8,Chelsea,Home,39400,Oscar,oscar,M,False,1.0,,2.0,27.0,9.0,35.0,,,6.0,,1.0,,1.0,,,4.0,8.0,3.0,,,1.0,,,,,1.0,2.0,,90.0,,,,,,1.0,,,,,5.8,,,2.0,,2.0,3.0,,4.0,,39.0,10.0,46.0,2,1.0,63.0,1.0,2.0,,
2015-16,6768174,18,8,Chelsea,Home,44241,Nemanja Matić,nemanja-matic,M,False,,,3.0,32.0,27.0,59.0,,3.0,7.0,,,2.0,,,,2.0,4.0,9.0,,,1.0,,,,,,,,90.0,,1.0,,1.0,,,,,,,6.7,,,,1.0,2.0,,,5.0,,38.0,28.0,66.0,2,6.0,84.0,,,,
2015-16,6768174,18,57,Watford,Away,45989,Adlène Guédioura,adlene-guedioura,M,True,,,,,,,3.0,,,,,,,,,,3.0,,,,,,,,,,,,1.0,,,,,,,,,,,,,,,,,,,,,,,,0,,,,,,
2015-16,6768175,18,7,Aston_Villa,Home,764,Kieran Richardson,kieran-richardson,M,True,,,,,,,,,,,,,,,,,,,,,,,,,,,,,,,,,,,,,,,,,,,,,,,,,,,,,0,,,,,,
2015-16,6768175,18,21,West_Ham_United,Away,9741,Mark Noble,mark-noble,M,False,,,1.0,17.0,19.0,36.0,2.0,1.0,4.0,,,1.0,4.0,,,1.0,8.0,7.0,,,1.0,,,,,1.0,1.0,,90.0,,,,,,,,,,,6.6,,,,1.0,,2.0,,3.0,,24.0,21.0,43.0,1,4.0,56.0,1.0,2.0,,
2015-16,6768175,18,21,West_Ham_United,Away,12987,Alex Song,alex-song,M,True,,,,4.0,1.0,5.0,,,1.0,,,,,,,,1.0,,,,1.0,,,,,1.0,,,15.0,,,,,,,,,,,6.6,,,,1.0,,,,,,6.0,2.0,8.0,0,,10.0,,,,
2015-16,6768175,18,7,Aston_Villa,Home,24055,Scott Sinclair,scott-sinclair,M,True,,,,,,,,,,,,,,,,,,,,,,,,,,,,,,,,,,,,,,,,,,,,,,,,,,,,,0,,,,,,
2015-16,6768175,18,21,West_Ham_United,Away,45944,Cheikhou Kouyaté,cheikhou-kouyate,M,False,,,,9.0,5.0,14.0,,3.0,4.0,,1.0,,,,,1.0,4.0,7.0,,,2.0,,,,1.0,1.0,,,90.0,,,,,,,,,,,6.8,,,2.0,3.0,3.0,2.0,,1.0,,18.0,6.0,22.0,2,2.0,42.0,3.0,1.0,2.0,
2015-16,6768175,18,21,West_Ham_United,Away,46799,Pedro Obiang,pedro-obiang,M,False,,,1.0,16.0,11.0,27.0,6.0,3.0,5.0,,,,2.0,,,,8.0,8.0,,,,,,,,3.0,,,90.0,1.0,,,,,,,,,,7.2,,,,5.0,1.0,,,1.0,,20.0,12.0,32.0,1,4.0,47.0,,,1.0,
2015-16,6768175,18,7,Aston_Villa,Home,49647,Ashley Westwood,ashley-westwood,M,False,,,7.0,39.0,12.0,51.0,2.0,,9.0,,,1.0,1.0,,,,4.0,1.0,,,1.0,,,,,2.0,1.0,,90.0,,,,,,,,,,,7.1,,,2.0,1.0,,1.0,,13.0,,46.0,16.0,61.0,3,1.0,72.0,2.0,,,
2015-16,6768175,18,7,Aston_Villa,Home,74545,Leandro Bacuna,leandro-bacuna,M,False,,,1.0,24.0,22.0,46.0,,1.0,3.0,,,,2.0,,,,4.0,5.0,,,2.0,,,,,1.0,2.0,,90.0,1.0,1.0,,,,,,,,,6.5,,,,2.0,2.0,8.0,,5.0,1.0,38.0,24.0,54.0,1,3.0,88.0,1.0,,1.0,
2015-16,6768175,18,7,Aston_Villa,Home,106337,Idrissa Gana Gueye,idrissa-gana-gueye,M,False,,,2.0,32.0,21.0,53.0,1.0,4.0,5.0,,,,1.0,,,3.0,8.0,10.0,,,1.0,,,,,3.0,1.0,,90.0,,,,,,,,,,,7.0,,,,3.0,3.0,,,4.0,,38.0,26.0,64.0,0,5.0,82.0,1.0,,1.0,
2015-16,6768175,18,7,Aston_Villa,Home,151124,Jordan Veretout,jordan-veretout,M,False,3.0,,2.0,22.0,11.0,30.0,,,7.0,,,,4.0,,,,4.0,2.0,,,,,,,,2.0,3.0,,83.0,1.0,,,,,,,,,,6.8,,,,1.0,1.0,13.0,,2.0,,36.0,13.0,36.0,1,1.0,61.0,1.0,,1.0,
2015-16,6768175,18,7,Aston_Villa,Home,189061,Jack Grealish,jack-grealish,M,True,,,,,,,,,,,,,,,,,,,,,,,,,,,,,,,,,,,,,,,,,,,,,,,,,,,,,0,,,,,,
2015-16,6768175,18,7,Aston_Villa,Home,254895,Carles Gil,carles-gil,M,True,2.0,,,23.0,5.0,26.0,,,4.0,,,,,,,1.0,4.0,4.0,,,,,,,,,1.0,,52.0,,,,,,,,,,,6.6,,,1.0,,3.0,5.0,,,,27.0,6.0,28.0,1,2.0,46.0,3.0,2.0,,
2015-16,6768175,18,21,West_Ham_United,Away,792122,Josh Cullen,cullen-josh,M,True,,,,,,,,,,,,,,,,,,,,,,,,,,,,,,,,,,,,,,,,,,,,,,,,,,,,,0,,,,,,
2015-16,6768175,18,21,West_Ham_United,Away,798083,Djair Parfitt-Williams,djair-parfitt-williams,M,True,,,,,,,,,,,,,,,,,,,,,,,,,,,,,,,,,,,,,,,,,,,,,,,,,,,,,0,,,,,,
2015-16,6768178,18,43,Manchester_City,Home,11781,David Silva,david-silva,M,False,1.0,,4.0,50.0,15.0,64.0,1.0,,9.0,,,,1.0,,,4.0,8.0,6.0,,,1.0,1.0,,,,,3.0,,90.0,1.0,,,,,,,1.0,,,8.0,,,2.0,,5.0,3.0,,4.0,,64.0,16.0,77.0,3,1.0,96.0,1.0,1.0,4.0,
2015-16,6768178,18,43,Manchester_City,Home,13630,Fernandinho,fernandinho,M,False,,,2.0,48.0,30.0,78.0,,,8.0,,,,2.0,,,,2.0,3.0,,,,,,,,,,,90.0,,,,,,,,,,,7.0,,,,1.0,1.0,,,4.0,,53.0,31.0,84.0,0,2.0,89.0,,,1.0,
2015-16,6768178,18,56,Sunderland,Away,14210,Lee Cattermole,lee-cattermole,M,True,,,1.0,3.0,4.0,7.0,1.0,1.0,2.0,1.0,,,,,,,4.0,1.0,,,3.0,,,,,3.0,1.0,,34.0,,,,,,,,,,,7.0,,,1.0,1.0,,,,1.0,,5.0,5.0,10.0,1,,18.0,1.0,,,
2015-16,6768178,18,43,Manchester_City,Home,14468,Yaya Touré,yaya-toure,M,False,,,1.0,32.0,22.0,54.0,,1.0,5.0,,,,,,,,,4.0,,,,,1.0,,,1.0,,,62.0,2.0,,,,,,,,,,7.7,,,,2.0,1.0,,,4.0,,34.0,24.0,58.0,2,,66.0,,2.0,1.0,
2015-16,6768178,18,43,Manchester_City,Home,24048,Fabian Delph,fabian-delph,M,True,,,1.0,28.0,15.0,43.0,,,4.0,,,,,,,2.0,2.0,3.0,,,,,,,,1.0,,,28.0,,,,,,,,,,,6.8,,,,,1.0,,,1.0,,29.0,15.0,44.0,0,1.0,51.0,,1.0,1.0,
2015-16,6768178,18,56,Sunderland,Away,32045,Yann M'Vila,yann-mvila,M,False,,,1.0,8.0,14.0,22.0,,,2.0,,,,3.0,,,,4.0,3.0,,,1.0,,,,,,,,56.0,,,,,,,,,,,6.3,,,1.0,4.0,1.0,1.0,,2.0,,10.0,14.0,23.0,1,2.0,34.0,,,1.0,
2015-16,6768178,18,56,Sunderland,Away,35528,Jordi Gómez,jordi-gomez,M,False,1.0,,2.0,16.0,18.0,33.0,2.0,,7.0,,,,2.0,,,1.0,6.0,2.0,,,1.0,,,,,,1.0,,90.0,,2.0,,,,,,,,,6.3,,,,1.0,,1.0,,5.0,,21.0,18.0,38.0,0,2.0,46.0,1.0,,,
2015-16,6768178,18,43,Manchester_City,Home,70996,Kevin De Bruyne,kevin-de-bruyne,M,False,3.0,,5.0,35.0,17.0,49.0,,,5.0,,,1.0,1.0,,,2.0,4.0,7.0,,,,2.0,1.0,,,1.0,6.0,,90.0,2.0,,,,,,,,,,9.4,,,,,5.0,8.0,,5.0,,52.0,17.0,61.0,3,2.0,92.0,3.0,1.0,4.0,
2015-16,6768178,18,56,Sunderland,Away,240256,Duncan Watmore,duncan-watmore,M,True,,,,,,,,,,,,,,,,,1.0,1.0,,,,,,,,,,,19.0,,,,,,,,,,,6.4,,,,,1.0,,,,1.0,,,,0,1.0,7.0,3.0,,,
2015-16,6768180,18,13,Leicester_City,Away,4252,Gökhan Inler,gokhan-inler,M,True,,,,,,,,,,,,,,,,,,,,,,,,,,,,,,,,,,,,,,,,,,,,,,,,,,,,,0,,,,,,
2015-16,6768180,18,13,Leicester_City,Away,14231,Nathan Dyer,nathan-dyer,M,True,,,,3.0,,3.0,1.0,,3.0,,,,,,,,3.0,4.0,,,,,,,,,,,21.0,1.0,,,,,,,,,,6.7,,,,,3.0,,,2.0,,5.0,,5.0,1,,18.0,3.0,3.0,1.0,
2015-16,6768180,18,14,Liverpool,Home,17054,Adam Lallana,adam-lallana,M,False,,,2.0,13.0,12.0,25.0,3.0,1.0,7.0,,,2.0,,,,2.0,6.0,7.0,,,,,,,,2.0,1.0,,89.0,,,,,,,,,,,7.3,,,2.0,1.0,3.0,1.0,,6.0,,27.0,13.0,39.0,4,2.0,63.0,1.0,2.0,2.0,
2015-16,6768180,18,14,Liverpool,Home,20602,Joe Allen,joe-allen,M,True,,,,,,,,,,,,,,,,,,,,,,,,,,,,,1.0,,,,,,,,,,,,,,,,,,,,,,,,0,,1.0,,,,
2015-16,6768180,18,14,Liverpool,Home,27234,Lucas Leiva,lucas-leiva,M,True,,,,,1.0,1.0,,,,,,,,,,,,,,,,,,,,,,,1.0,,,,,,,,,,,,,,,,,,,,1.0,,1.0,1.0,0,,2.0,,,,
2015-16,6768180,18,13,Leicester_City,Away,30530,Andy King,andy-king,M,False,,,,5.0,9.0,14.0,3.0,3.0,2.0,,,1.0,,,,1.0,5.0,6.0,,,,,,,,2.0,,,90.0,,1.0,,,,,,,,,6.9,,,1.0,4.0,1.0,,,4.0,,18.0,11.0,29.0,2,3.0,43.0,,,,
2015-16,6768180,18,14,Liverpool,Home,42694,Jordan Henderson,jordan-henderson,M,False,1.0,,11.0,29.0,16.0,44.0,,3.0,13.0,,,,1.0,,,,3.0,6.0,,,1.0,,,,,1.0,5.0,,90.0,,,,,,,,,,,7.8,,,,5.0,1.0,2.0,,18.0,,44.0,20.0,62.0,0,3.0,84.0,,1.0,,
2015-16,6768180,18,13,Leicester_City,Away,47737,Marc Albrighton,marc-albrighton,M,False,3.0,,,7.0,2.0,6.0,1.0,1.0,5.0,,,,,,,1.0,3.0,5.0,,,1.0,,,,,1.0,2.0,,90.0,,,,,,,,,,,7.0,,,,2.0,1.0,8.0,,4.0,,19.0,5.0,16.0,0,2.0,38.0,,1.0,1.0,
2015-16,6768180,18,14,Liverpool,Home,97006,João Carlos Teixeira,joao-carlos-teixeira,M,True,,,,,,,,,,,,,,,,,,,,,,,,,,,,,,,,,,,,,,,,,,,,,,,,,,,,,0,,,,,,
2015-16,6768180,18,14,Liverpool,Home,119159,Philippe Coutinho,philippe-coutinho,M,False,,,1.0,16.0,5.0,21.0,2.0,,5.0,,1.0,1.0,,,,3.0,7.0,3.0,,,,,,,,,3.0,,89.0,,,,,,,,,,,6.7,,,4.0,,4.0,7.0,,1.0,1.0,30.0,7.0,30.0,5,,56.0,2.0,1.0,2.0,
2015-16,6768180,18,14,Liverpool,Home,143697,Roberto Firmino,roberto-firmino,M,False,1.0,,3.0,26.0,10.0,35.0,4.0,,6.0,1.0,,1.0,1.0,,,1.0,8.0,7.0,,,1.0,1.0,,,,,6.0,,90.0,,,,,,,,,,,7.9,,,1.0,,4.0,3.0,,5.0,,37.0,14.0,48.0,2,4.0,67.0,1.0,,3.0,
2015-16,6768180,18,13,Leicester_City,Away,158213,Riyad Mahrez,riyad-mahrez,M,False,,,2.0,8.0,4.0,12.0,3.0,,4.0,,,,1.0,,,3.0,9.0,5.0,,,,,,,,1.0,,,80.0,1.0,1.0,,,,,,,,,6.4,,,,,4.0,,,3.0,,16.0,6.0,22.0,1,2.0,41.0,4.0,1.0,2.0,
2015-16,6768180,18,13,Leicester_City,Away,234148,N'Golo Kanté,n-golo-kante,M,False,,,2.0,23.0,11.0,34.0,2.0,2.0,12.0,,,,3.0,,,1.0,6.0,9.0,,1.0,1.0,,,,,4.0,2.0,,90.0,,,,,,,,,,,7.2,,,,4.0,2.0,,,2.0,,27.0,12.0,39.0,0,4.0,67.0,6.0,1.0,2.0,
2015-16,6768180,18,14,Liverpool,Home,787580,Connor Randall,connor-randall,M,True,,,,,,,,,,,,,,,,,,,,,,,,,,,,,,,,,,,,,,,,,,,,,,,,,,,,,0,,,,,,
2015-16,6768181,18,45,Norwich_City,Away,512,Alexander Tettey,alexander-tettey,M,False,,,3.0,22.0,22.0,44.0,2.0,,13.0,,,,1.0,,,2.0,7.0,4.0,,,2.0,,,,,7.0,1.0,,90.0,,,,,,,,,,,7.0,,,,1.0,,,,5.0,,27.0,24.0,51.0,0,4.0,70.0,1.0,,,
2015-16,6768181,18,45,Norwich_City,Away,9148,Graham Dorrans,graham-dorrans,M,True,,,,2.0,9.0,11.0,,,1.0,,,,1.0,,,,2.0,2.0,,,,,,,,1.0,,,17.0,,,,,,,,,,,6.5,,,,1.0,2.0,,,,1.0,2.0,10.0,12.0,0,1.0,17.0,,,1.0,
2015-16,6768181,18,6,Tottenham_Hotspur,Home,9865,Mousa Dembélé,mousa-dembele,M,False,,,1.0,23.0,31.0,54.0,,,6.0,,,,,,,2.0,3.0,6.0,,,1.0,,,,,4.0,1.0,,86.0,,,,,,,,,,,7.4,,,,1.0,2.0,,,1.0,,25.0,32.0,57.0,0,3.0,74.0,1.0,1.0,2.0,
2015-16,6768181,18,45,Norwich_City,Away,14336,Wesley Hoolahan,wesley-hoolahan,M,True,,,,,,,,,,,,,,,,,,,,,,,,,,,,,,,,,,,,,,,,,,,,,,,,,,,,,0,,,,,,
2015-16,6768181,18,45,Norwich_City,Away,17806,Vadis Odjidja-Ofoe,vadis-odjidja-ofoe,M,False,2.0,,1.0,20.0,9.0,27.0,1.0,,5.0,,,,1.0,,,,4.0,3.0,,,1.0,,,,,,3.0,,73.0,1.0,,,,,,,,,,7.0,,,,,1.0,3.0,,1.0,,25.0,10.0,32.0,1,2.0,41.0,,1.0,,
2015-16,6768181,18,45,Norwich_City,Away,18712,Youssouf Mulumbu,youssouf-mulumbu,M,False,,,3.0,8.0,19.0,27.0,1.0,,5.0,,,,,,,2.0,5.0,2.0,,,2.0,,,,,3.0,,,73.0,,,,,,,,,,,6.6,,,,2.0,,1.0,,3.0,,9.0,19.0,27.0,0,1.0,41.0,1.0,1.0,,
2015-16,6768181,18,6,Tottenham_Hotspur,Home,32492,Nacer Chadli,nacer-chadli,M,True,,,,2.0,2.0,4.0,,,2.0,,,,,,,,,1.0,,,,,,,,,,,4.0,,,,,,,,,,,,,,,1.0,,,,1.0,,2.0,3.0,5.0,0,1.0,8.0,1.0,,,
2015-16,6768181,18,6,Tottenham_Hotspur,Home,105734,Christian Eriksen,christian-eriksen,M,False,2.0,,2.0,28.0,11.0,37.0,,1.0,3.0,,,,,,,,1.0,2.0,,,,,,,,,5.0,,72.0,,,,,,,,,,,7.3,,,,1.0,1.0,5.0,,3.0,,35.0,12.0,42.0,0,1.0,57.0,1.0,,,
2015-16,6768181,18,45,Norwich_City,Away,115346,Nathan Redmond,nathan-redmond,M,False,,,1.0,17.0,13.0,30.0,1.0,,8.0,,,,1.0,,,2.0,9.0,2.0,,,2.0,,,,,2.0,2.0,,90.0,,,,,,,,,,,6.0,,,1.0,1.0,3.0,2.0,,1.0,1.0,25.0,15.0,38.0,1,1.0,57.0,2.0,1.0,,
2015-16,6768181,18,6,Tottenham_Hotspur,Home,122702,Erik Lamela,erik-lamela,M,False,1.0,,1.0,24.0,10.0,33.0,3.0,,12.0,2.0,,,1.0,,,4.0,9.0,10.0,,,,,,,,2.0,2.0,,90.0,2.0,,,,,,,,,,8.0,,,1.0,,3.0,6.0,,1.0,1.0,35.0,13.0,42.0,3,5.0,81.0,4.0,3.0,2.0,
2015-16,6768181,18,6,Tottenham_Hotspur,Home,198028,Dele Alli,dele-alli,M,False,,,1.0,15.0,8.0,23.0,,1.0,7.0,,1.0,1.0,1.0,,,2.0,5.0,10.0,,,,1.0,,,,2.0,2.0,,79.0,3.0,,,,,,,,,,7.7,,,,,4.0,1.0,,1.0,,20.0,10.0,29.0,4,2.0,54.0,3.0,5.0,2.0,
2015-16,6768181,18,45,Norwich_City,Away,267621,Robbie Brady,robbie-brady,M,False,2.0,,1.0,14.0,1.0,13.0,1.0,2.0,1.0,,,,,,,1.0,2.0,5.0,,,,,,,,,2.0,,79.0,1.0,,,,,,,,,,7.3,,,2.0,,1.0,4.0,,2.0,2.0,24.0,1.0,21.0,3,2.0,37.0,2.0,,1.0,
2015-16,6768181,18,6,Tottenham_Hotspur,Home,368120,Nabil Bentaleb,nabil-bentaleb,M,True,,,,,,,,,,,,,,,,,,,,,,,,,,,,,,,,,,,,,,,,,,,,,,,,,,,,,0,,,,,,
2015-16,6768181,18,6,Tottenham_Hotspur,Home,801460,Tom Carroll,carroll-tom,M,True,,,,1.0,5.0,6.0,,,1.0,,,,,,,,,,,,,,1.0,,,,,,18.0,1.0,,,,,,,,,,7.2,,,,,,,,,,1.0,6.0,7.0,1,,9.0,,,,
2015-16,6768182,18,35,West_Bromwich_Albion,Away,765,Darren Fletcher,darren-fletcher,M,False,,,3.0,23.0,13.0,36.0,1.0,,13.0,,,1.0,2.0,,,2.0,9.0,2.0,,,1.0,,,,,2.0,1.0,,90.0,,,,,,,,,,,6.2,,,,,4.0,2.0,,10.0,,34.0,14.0,46.0,1,1.0,60.0,1.0,,1.0,
2015-16,6768182,18,35,West_Bromwich_Albion,Away,822,James Morrison,james-morrison,M,False,,,4.0,27.0,12.0,39.0,1.0,,2.0,,,1.0,1.0,,,,2.0,1.0,,,,,,,,3.0,,,90.0,1.0,,,,,,,,,,7.0,,,,,,1.0,,5.0,,34.0,13.0,46.0,2,1.0,55.0,1.0,,,
2015-16,6768182,18,35,West_Bromwich_Albion,Away,10540,Chris Brunt,chris-brunt,M,False,3.0,,3.0,15.0,5.0,17.0,1.0,,4.0,,,,2.0,,,1.0,5.0,2.0,,,1.0,,,,,2.0,3.0,,90.0,,,,,,,,,,,6.8,,,2.0,2.0,1.0,10.0,,10.0,,30.0,8.0,28.0,2,1.0,56.0,2.0,,1.0,
2015-16,6768182,18,35,West_Bromwich_Albion,Away,14235,Craig Gardner,craig-gardner,M,False,1.0,,1.0,5.0,4.0,8.0,,,3.0,,,,,,,,1.0,3.0,,,,,,,,,,,59.0,,,,,,,,,,,6.6,,,,,1.0,4.0,,3.0,2.0,15.0,4.0,15.0,0,1.0,27.0,1.0,2.0,,
2015-16,6768182,18,35,West_Bromwich_Albion,Away,16657,Stéphane Sessègnon,stephane-sessegnon,M,True,,,,8.0,5.0,13.0,1.0,,2.0,,,,,,,3.0,6.0,,,,1.0,,,,,,1.0,,31.0,,,,,,,,,,,6.0,,,,,1.0,1.0,,1.0,,10.0,5.0,14.0,0,,20.0,,,,
2015-16,6768182,18,80,Swansea_City,Home,20538,Leon Britton,leon-britton,M,False,,,1.0,12.0,27.0,39.0,,,3.0,,,,1.0,,,,1.0,6.0,,,,,,,,1.0,,,89.0,,1.0,,,,,,,,,7.2,,,,,,,,1.0,,14.0,28.0,42.0,0,5.0,54.0,1.0,1.0,,
2015-16,6768182,18,80,Swansea_City,Home,20993,Jack Cork,jack-cork,M,True,,,2.0,21.0,16.0,37.0,,1.0,6.0,,,,,,,1.0,1.0,5.0,,,,,,,,1.0,,,45.0,,,,,,,,,,,7.1,,,,,1.0,,,3.0,,29.0,16.0,45.0,0,2.0,52.0,,1.0,1.0,
2015-16,6768182,18,80,Swansea_City,Home,30243,Neil Taylor,neil-taylor,M,False,,,,11.0,6.0,17.0,2.0,,4.0,,,1.0,,,,,3.0,2.0,,1.0,1.0,,,,,3.0,1.0,,90.0,,,,,,,,,,,7.0,,,,3.0,1.0,2.0,,3.0,,19.0,11.0,28.0,1,1.0,49.0,,,1.0,
2015-16,6768182,18,80,Swansea_City,Home,36465,Jonjo Shelvey,jonjo-shelvey,M,True,,,,,,,,,,,,,,,,,,,,,,,,,,,,,1.0,,,,,,,,,,,,,,,,,,,,,,,,0,,,,,,
2015-16,6768182,18,80,Swansea_City,Home,38642,Sung-Yueng Ki,sung-yueng-ki,M,False,,,3.0,24.0,20.0,44.0,3.0,2.0,10.0,,,,,,,3.0,7.0,4.0,,,1.0,,1.0,,,1.0,,,90.0,1.0,1.0,,,,,,,,,7.1,,,,1.0,,,,6.0,,31.0,22.0,53.0,1,1.0,66.0,1.0,1.0,,
2015-16,6768182,18,80,Swansea_City,Home,43192,Gylfi Sigurðsson,gylfi-sigursson,M,False,,,,29.0,12.0,41.0,1.0,,6.0,,,,,,,,4.0,1.0,,,2.0,,,,,2.0,3.0,,90.0,1.0,,,,,,,,,,7.1,,,,2.0,1.0,,,2.0,,34.0,17.0,51.0,1,,68.0,2.0,1.0,,
2015-16,6768182,18,35,West_Bromwich_Albion,Away,53783,Callum McManaman,callum-mcmanaman,M,True,,,,,,,,,,,,,,,,3.0,3.0,2.0,,,,,,,,,,,9.0,,,,,,,,,,,6.3,,,,,1.0,,,,,,,,0,1.0,9.0,2.0,,1.0,
2015-16,6768182,18,80,Swansea_City,Home,54686,Jefferson Montero,jefferson-montero,M,False,,,1.0,5.0,4.0,9.0,1.0,,2.0,,,1.0,,,,1.0,2.0,1.0,,,,,,,,,,,45.0,,,,,,,,,,,6.5,,,,,,2.0,,1.0,,9.0,4.0,11.0,1,,17.0,,1.0,,
2015-16,6768182,18,35,West_Bromwich_Albion,Away,151037,Claudio Yacob,claudio-yacob,M,False,,,1.0,10.0,15.0,25.0,,3.0,7.0,,,,3.0,,,1.0,6.0,8.0,,,2.0,,,,,4.0,,,81.0,,,,,,,,,,,6.9,,,,,,,,1.0,,15.0,15.0,30.0,0,4.0,43.0,,1.0,,
2015-16,6768182,18,80,Swansea_City,Home,209098,Modou Barrow,modou-barrow,M,True,,,,,,,,,,,,,1.0,,,,1.0,,,,,,,,,,,,1.0,,,,,,,,,,,,,,,,,,,,,,,,0,,1.0,,,,
2015-16,6768184,18,11,Everton,Away,544,Gareth Barry,gareth-barry,M,False,1.0,,8.0,37.0,31.0,67.0,,3.0,15.0,,,,1.0,,,1.0,4.0,12.0,,,2.0,,,,,1.0,1.0,,90.0,,,,,,,,,,,7.9,,,,2.0,1.0,1.0,,13.0,,48.0,32.0,79.0,0,5.0,101.0,,3.0,1.0,
2015-16,6768184,18,11,Everton,Away,1161,Leon Osman,leon-osman,M,True,,,,1.0,1.0,2.0,,,1.0,,,,,,,,,,,,,,,,,,,,5.0,,,,,,,,,,,6.5,,,,,,,,,,1.0,1.0,2.0,0,,2.0,,,,
2015-16,6768184,18,11,Everton,Away,3593,Kevin Mirallas,kevin-mirallas,M,False,,,3.0,26.0,3.0,29.0,,1.0,,,1.0,3.0,,,,,3.0,4.0,,,1.0,,,,,,,,85.0,2.0,,,,,,,,,,7.2,,,1.0,,4.0,2.0,,3.0,1.0,30.0,3.0,31.0,6,,46.0,,1.0,2.0,
2015-16,6768184,18,11,Everton,Away,9692,Aaron Lennon,aaron-lennon,M,False,2.0,,,26.0,5.0,29.0,,,,,,,,,,2.0,2.0,4.0,,,,,,,,,4.0,,69.0,1.0,1.0,,,,,,,,,7.2,,,,,2.0,5.0,,1.0,,30.0,5.0,30.0,1,1.0,49.0,3.0,1.0,2.0,
2015-16,6768184,18,4,Newcastle_United,Home,10438,Cheik Tiote,cheik-tiote,M,True,,,,,,,,,,,,,,,,,,,,,,,,,,,,,,,,,,,,,,,,,,,,,,,,,,,,,0,,,,,,
2015-16,6768184,18,4,Newcastle_United,Home,15007,Vurnon Anita,vurnon-anita,M,False,,,2.0,21.0,15.0,36.0,1.0,1.0,9.0,,,,3.0,,,1.0,5.0,3.0,,,,,,,,3.0,,,90.0,,,,,,,,,,,6.6,,,,1.0,,,,3.0,,22.0,17.0,39.0,0,2.0,49.0,1.0,,,
2015-16,6768184,18,11,Everton,Away,21073,Darron Gibson,darron-gibson,M,True,,,,,,,,,,,,,,,,,,,,,,,,,,,,,,,,,,,,,,,,,,,,,,,,,,,,,0,,,,,,
2015-16,6768184,18,4,Newcastle_United,Home,22126,Georginio Wijnaldum,georginio-wijnaldum,M,False,,,1.0,18.0,16.0,34.0,2.0,,12.0,,1.0,1.0,2.0,,,3.0,7.0,7.0,,1.0,,,,,,,,,90.0,1.0,,,,,,,,,,6.4,,,1.0,,2.0,,,1.0,,20.0,17.0,37.0,3,1.0,54.0,1.0,4.0,2.0,
2015-16,6768184,18,4,Newcastle_United,Home,26982,Yoan Gouffran,yoan-gouffran,M,True,,,,,,,,,,,,,,,,,,,,,,,,,,,,,,,,,,,,,,,,,,,,,,,,,,,,,0,,,,,,
2015-16,6768184,18,4,Newcastle_United,Home,27014,Moussa Sissoko,moussa-sissoko,M,False,2.0,,,25.0,10.0,33.0,1.0,2.0,4.0,1.0,,,,,,2.0,7.0,5.0,,,1.0,,,,,3.0,3.0,,90.0,,1.0,,,,,,,,,7.0,,,,1.0,5.0,4.0,,1.0,,40.0,13.0,49.0,0,,68.0,,1.0,2.0,
2015-16,6768184,18,4,Newcastle_United,Home,30262,Siem de Jong,siem-de-jong,M,True,,,,,,,,,,,,,,,,,,,,,,,,,,,,,,,,,,,,,,,,,,,,,,,,,,,,,0,,,,,,
2015-16,6768184,18,4,Newcastle_United,Home,40686,Jack Colback,jack-colback,M,False,1.0,,6.0,18.0,22.0,39.0,,1.0,6.0,1.0,,,3.0,,,,6.0,6.0,,,3.0,,,,,1.0,1.0,,90.0,,1.0,,,,,,,,,7.3,,,1.0,1.0,,3.0,,8.0,,22.0,24.0,43.0,1,5.0,57.0,,,,
2015-16,6768184,18,11,Everton,Away,46432,Tom Cleverley,tom-cleverley,M,False,1.0,,3.0,45.0,6.0,50.0,3.0,3.0,6.0,,,3.0,1.0,,,3.0,9.0,11.0,,,2.0,,1.0,,,2.0,,,90.0,1.0,,,,,,,,,,8.1,,,,1.0,4.0,3.0,,6.0,,51.0,7.0,55.0,4,2.0,80.0,,3.0,4.0,
2015-16,6768184,18,11,Everton,Away,98435,Ross Barkley,ross-barkley,M,False,,,2.0,39.0,18.0,57.0,1.0,,4.0,,,2.0,2.0,,,,7.0,6.0,,,1.0,,,,,1.0,1.0,,69.0,,,,,,,,,,,6.8,,,,,6.0,1.0,,2.0,,43.0,18.0,60.0,2,,75.0,1.0,3.0,3.0,
2015-16,6768184,18,11,Everton,Away,124960,Muhamed Bešić,muhamed-besic,M,True,,,,6.0,1.0,7.0,,,,,,,,,,,,4.0,,,,,,,,1.0,1.0,,21.0,,1.0,,,,,,,,,7.1,,,,,2.0,,,,,8.0,1.0,9.0,0,2.0,16.0,1.0,,2.0,
2015-16,6768185,18,3,Arsenal,Away,519,Mathieu Flamini,mathieu-flamini,M,False,,,1.0,21.0,22.0,43.0,1.0,,4.0,,,,2.0,,,,3.0,3.0,,,1.0,,,,,2.0,,,73.0,,,,,,,,,,,6.5,,,,1.0,,,,3.0,,26.0,23.0,49.0,0,2.0,57.0,1.0,1.0,,
2015-16,6768185,18,20,Southampton,Home,559,Steven Davis,steven-davis,M,False,,,1.0,17.0,8.0,25.0,2.0,,9.0,,,,2.0,,,2.0,6.0,7.0,,,,,,,,1.0,1.0,,90.0,,,,,,,,,,,7.1,,,1.0,2.0,2.0,,,6.0,,23.0,8.0,31.0,1,4.0,47.0,,1.0,2.0,
2015-16,6768185,18,3,Arsenal,Away,10501,Theo Walcott,theo-walcott,M,False,,,,12.0,5.0,17.0,,,4.0,,,,,,,6.0,8.0,3.0,,,1.0,,,,,1.0,,,78.0,1.0,,,,,,,,,,6.0,,,1.0,,2.0,1.0,,1.0,,17.0,5.0,21.0,2,1.0,39.0,1.0,1.0,1.0,
2015-16,6768185,18,3,Arsenal,Away,10577,Alex Oxlade-Chamberlain,alex-oxlade-chamberlain,M,True,1.0,,,3.0,6.0,8.0,,,2.0,,,,1.0,,,1.0,4.0,1.0,,,1.0,,,,,1.0,1.0,,26.0,,,,,,,,,,,6.1,,,,,1.0,4.0,,1.0,,7.0,6.0,9.0,0,,19.0,,1.0,,
2015-16,6768185,18,3,Arsenal,Away,16176,Mesut Özil,mesut-ozil,M,False,4.0,,,42.0,21.0,59.0,,,2.0,,1.0,,,,,3.0,3.0,,,,,,,,,,4.0,,90.0,1.0,,,,,,,,,,6.4,,,,,,7.0,,1.0,,50.0,23.0,66.0,1,,81.0,3.0,,,
2015-16,6768185,18,3,Arsenal,Away,23571,Aaron Ramsey,aaron-ramsey,M,False,1.0,,3.0,49.0,32.0,80.0,,,7.0,,,,,,,2.0,4.0,5.0,,1.0,2.0,,,,,2.0,1.0,,90.0,1.0,1.0,,,,,,,,,6.8,,,,,2.0,3.0,,3.0,,57.0,35.0,89.0,1,2.0,108.0,2.0,1.0,2.0,
2015-16,6768185,18,20,Southampton,Home,45956,Victor Wanyama,victor-wanyama,M,False,,,4.0,18.0,12.0,30.0,3.0,,10.0,,,,1.0,,,,8.0,7.0,,,2.0,,,,,2.0,,,90.0,,,,,,,,,,,7.2,,,,1.0,4.0,,,8.0,,22.0,16.0,38.0,0,5.0,54.0,,,2.0,
2015-16,6768185,18,20,Southampton,Home,69416,Oriol Romeu,oriol-romeu,M,True,,,,4.0,1.0,5.0,,,3.0,,,1.0,,,,,1.0,3.0,,,1.0,,,,,,1.0,,23.0,,,,,,,,,,,7.0,,,,1.0,,,,,,5.0,2.0,7.0,1,2.0,12.0,,1.0,,
2015-16,6768185,18,20,Southampton,Home,116946,Jordy Clasie,jordy-clasie,M,False,,,1.0,6.0,6.0,12.0,,,2.0,,,,3.0,,,,3.0,3.0,,,,,,,,3.0,,,67.0,,,,,,,,,,,6.7,,,,2.0,,,,2.0,,10.0,8.0,18.0,0,3.0,27.0,1.0,,,
2015-16,6768185,18,20,Southampton,Home,135590,Gastón Ramírez,gaston-ramirez,M,True,,,,,,,,,,,,,,,,,,,,,,,,,,,,,,,,,,,,,,,,,,,,,,,,,,,,,0,,,,,,
2015-16,6768185,18,3,Arsenal,Away,154508,Joel Campbell,joel-campbell,M,False,,,,14.0,8.0,22.0,,,2.0,,,,4.0,,,1.0,6.0,4.0,,,1.0,,,,,,,,64.0,,,,,,,,,,,6.2,,,,,1.0,,,1.0,,16.0,8.0,24.0,0,2.0,34.0,4.0,1.0,1.0,
2015-16,6768185,18,20,Southampton,Home,161717,James Ward-Prowse,james-ward-prowse,M,False,,,1.0,10.0,3.0,13.0,1.0,1.0,2.0,,,,1.0,,,1.0,4.0,2.0,,,1.0,,,,,2.0,,,71.0,,,,,,,,,,,6.5,,,2.0,,,4.0,,2.0,,17.0,3.0,16.0,2,1.0,30.0,1.0,,,
2015-16,6768185,18,20,Southampton,Home,217704,Sadio Mané,sadio-mane,M,False,,,,18.0,10.0,28.0,,1.0,7.0,2.0,,1.0,1.0,,,,3.0,5.0,,,,1.0,,,,1.0,2.0,,81.0,,,,,,,,,,,7.5,,,,,4.0,,,1.0,1.0,22.0,11.0,33.0,1,,51.0,8.0,3.0,2.0,
2015-16,6768185,18,3,Arsenal,Away,352770,Alex Iwobi,alex-iwobi,M,True,,,,3.0,1.0,4.0,,,,,,,,,,,,,,,,,,,,,,,12.0,,,,,,,,,,,6.4,,,,,,,,,,4.0,1.0,5.0,0,,5.0,,,,
2015-16,6768185,18,3,Arsenal,Away,794269,Jeff Reine-Adélaïde,jeff-reine-adelaide,M,True,,,,,,,,,,,,,,,,,,,,,,,,,,,,,,,,,,,,,,,,,,,,,,,,,,,,,0,,,,,,
2015-16,6768188,18,1,Manchester_United,Away,938,Michael Carrick,michael-carrick,M,False,,,,21.0,10.0,31.0,1.0,,2.0,,,,3.0,,,,4.0,2.0,,,,,,,,1.0,1.0,,90.0,,,,,,,,,,,6.4,,,,,,,,1.0,,28.0,12.0,40.0,0,2.0,45.0,1.0,,,
2015-16,6768188,18,110,Stoke_City,Home,2525,Ibrahim Afellay,ibrahim-afellay,M,False,,,,10.0,26.0,36.0,,1.0,13.0,,,,,,,1.0,1.0,5.0,,,,,,,,,1.0,,90.0,,,,,,,,,,,7.2,,,2.0,,3.0,1.0,,2.0,,15.0,26.0,40.0,2,,52.0,1.0,1.0,3.0,
2015-16,6768188,18,110,Stoke_City,Home,9104,Marc Wilson,marc-wilson,M,True,,,,,,,,,,,,,,,,,,,,,,,,,,,,,,,,,,,,,,,,,,,,,,,,,,,,,0,,,,,,
2015-16,6768188,18,110,Stoke_City,Home,9360,Charlie Adam,charlie-adam,M,True,,,1.0,1.0,3.0,4.0,,,4.0,,,,2.0,,,1.0,3.0,1.0,,,,,,,,,1.0,,15.0,,,,,,,,,,,6.5,,,2.0,1.0,,,,4.0,,4.0,5.0,9.0,2,1.0,15.0,1.0,,,
2015-16,6768188,18,110,Stoke_City,Home,10535,Glenn Whelan,glenn-whelan,M,False,,,2.0,5.0,11.0,16.0,3.0,1.0,2.0,,,,,,,,3.0,2.0,,,,,,,,1.0,,,45.0,,,,,,,,,,,6.7,,,,2.0,,,,5.0,,9.0,13.0,22.0,0,,29.0,,1.0,,
2015-16,6768188,18,1,Manchester_United,Away,27009,Morgan Schneiderlin,morgan-schneiderlin,M,True,,,,,,,,,,,,,,,,,,,,,,,,,,,,,,,,,,,,,,,,,,,,,,,,,,,,,0,,,,,,
2015-16,6768188,18,1,Manchester_United,Away,28367,Juan Mata,juan-mata,M,False,,,2.0,29.0,10.0,39.0,,,5.0,,,,1.0,,,3.0,5.0,1.0,,,1.0,,,,,,,,90.0,1.0,,,,,,,,,,6.0,,,,,1.0,3.0,,3.0,,37.0,10.0,44.0,1,,59.0,3.0,1.0,,
2015-16,6768188,18,110,Stoke_City,Home,65953,Xherdan Shaqiri,xherdan-shaqiri,M,False,1.0,,1.0,5.0,6.0,10.0,1.0,,3.0,,,,,,,1.0,3.0,3.0,,,,,,,,,,,65.0,,,,,,,,,,,6.5,,,,,2.0,3.0,,1.0,1.0,7.0,7.0,11.0,0,1.0,23.0,3.0,1.0,1.0,
2015-16,6768188,18,1,Manchester_United,Away,82474,Ander Herrera,ander-herrera,M,False,1.0,,2.0,28.0,20.0,47.0,1.0,,5.0,,,1.0,3.0,,,,6.0,8.0,,,1.0,,,,,,,,82.0,1.0,1.0,,,,,,,,,7.1,,,1.0,1.0,2.0,2.0,,9.0,,38.0,24.0,60.0,3,3.0,81.0,1.0,4.0,1.0,
2015-16,6768188,18,1,Manchester_United,Away,191176,Anthony Martial,anthony-martial,M,False,,,,16.0,3.0,19.0,1.0,,1.0,,,,2.0,,,1.0,8.0,2.0,,,,,,,,,1.0,,90.0,1.0,,,,,,,,,,6.2,,,1.0,,5.0,3.0,,,,24.0,3.0,24.0,2,,41.0,3.0,1.0,1.0,
2015-16,6768188,18,1,Manchester_United,Away,285949,Andreas Pereira,andreas-pereira,M,True,1.0,,,15.0,1.0,15.0,,,3.0,,,,1.0,,,1.0,3.0,1.0,,,1.0,,,,,,1.0,,8.0,,,,,,,,,,,6.6,,,,,1.0,1.0,,1.0,,16.0,1.0,16.0,0,,19.0,,,1.0,
2015-16,6768189,18,31,Crystal_Palace,Away,3574,Yohan Cabaye,yohan-cabaye,M,True,1.0,,2.0,5.0,8.0,12.0,,,5.0,,,,1.0,,,,1.0,4.0,,,,,,,,3.0,,,45.0,,,,,,,,,,,7.1,,,,,,4.0,,4.0,,12.0,9.0,17.0,0,4.0,31.0,1.0,,,
2015-16,6768189,18,31,Crystal_Palace,Away,9921,Joe Ledley,joe-ledley,M,False,,,2.0,11.0,11.0,22.0,,1.0,2.0,,,,2.0,,,,2.0,6.0,,,,,,,,2.0,,,74.0,,,,,,,,,,,7.0,,,,3.0,1.0,,,2.0,,16.0,13.0,29.0,0,2.0,43.0,1.0,2.0,1.0,
2015-16,6768189,18,91,Bournemouth,Home,11764,Marc Pugh,marc-pugh,M,True,,,,,,,,,,,,,,,,,,,,,,,,,,,,,,,,,,,,,,,,,,,,,,,,,,,,,0,,,,,,
2015-16,6768189,18,91,Bournemouth,Home,14695,Andrew Surman,andrew-surman,M,False,,,2.0,27.0,22.0,49.0,2.0,1.0,4.0,,,,3.0,,,,6.0,2.0,,,1.0,,,,,8.0,,,90.0,,,,,,,,,,,7.0,,,1.0,3.0,,,,3.0,,29.0,25.0,54.0,1,,67.0,,1.0,,
2015-16,6768189,18,31,Crystal_Palace,Away,19593,Jason Puncheon,jason-puncheon,M,False,5.0,,2.0,26.0,10.0,31.0,1.0,1.0,3.0,,,,3.0,,,3.0,10.0,7.0,,,2.0,,,,,1.0,3.0,,90.0,,,,,,,,,,,7.1,,,,2.0,4.0,9.0,,2.0,,36.0,12.0,39.0,0,2.0,62.0,,1.0,3.0,
2015-16,6768189,18,31,Crystal_Palace,Away,38130,Jordon Mutch,jordon-mutch,M,False,1.0,,,6.0,3.0,8.0,4.0,,1.0,,,,2.0,,,2.0,9.0,,,,1.0,,,,,,,,45.0,,,,,,,,,,,6.4,,,2.0,,,2.0,,,,8.0,3.0,9.0,2,,18.0,1.0,,,
2015-16,6768189,18,91,Bournemouth,Home,39121,Harry Arter,harry-arter,M,False,1.0,,1.0,19.0,10.0,28.0,,,2.0,,,,,,,,3.0,4.0,,,2.0,,,,,,,,45.0,1.0,,,,,,,,,,7.1,,,,,3.0,1.0,,3.0,,25.0,10.0,34.0,1,2.0,42.0,,,2.0,
2015-16,6768189,18,31,Crystal_Palace,Away,39282,James McArthur,james-mcarthur,M,False,,,1.0,9.0,20.0,29.0,2.0,2.0,9.0,,,1.0,2.0,,,3.0,9.0,6.0,,1.0,2.0,,,,,1.0,,,90.0,,,,,,,,,,,6.3,,,,1.0,,1.0,,3.0,,17.0,21.0,37.0,1,4.0,52.0,,,,
2015-16,6768189,18,91,Bournemouth,Home,41628,Eunan O'Kane,eunan-okane,M,True,,,2.0,12.0,9.0,21.0,,,5.0,,,,,,,,,4.0,,,,,,,,1.0,2.0,,45.0,1.0,1.0,,,,,,,,,7.5,,,,2.0,1.0,,,4.0,1.0,17.0,10.0,27.0,1,2.0,36.0,,1.0,1.0,
2015-16,6768189,18,91,Bournemouth,Home,42699,Matt Ritchie,matt-ritchie,M,False,1.0,,1.0,16.0,12.0,27.0,3.0,1.0,4.0,,,,1.0,,,3.0,7.0,6.0,,,,,,,,1.0,1.0,,90.0,,,,,,,,,,,6.5,,,,2.0,,10.0,,4.0,,39.0,14.0,43.0,0,3.0,71.0,,2.0,,
2015-16,6768189,18,91,Bournemouth,Home,44823,Junior Stanislas,junior-stanislas,M,False,2.0,,,22.0,12.0,32.0,3.0,1.0,5.0,1.0,,,1.0,,,,5.0,9.0,,,,,,,,1.0,2.0,,90.0,,,,,,,,,,,7.7,,,2.0,1.0,3.0,5.0,,1.0,,31.0,15.0,41.0,2,4.0,67.0,2.0,2.0,2.0,
2015-16,6768189,18,31,Crystal_Palace,Away,84686,Pape Souaré,pape-souare,M,False,1.0,,4.0,13.0,19.0,31.0,,,8.0,,,,,,,1.0,5.0,1.0,,,3.0,,,,,3.0,1.0,,90.0,,,,,,,,,,,6.8,,,,4.0,1.0,6.0,,10.0,,26.0,20.0,40.0,0,,70.0,,1.0,,
2015-16,6768189,18,31,Crystal_Palace,Away,111850,Wilfried Zaha,wilfried-zaha,M,False,1.0,,1.0,10.0,4.0,13.0,,,8.0,,,,,,,5.0,10.0,7.0,,,1.0,,,,,1.0,1.0,,90.0,,,,,,,,,,,6.4,,,,,8.0,1.0,,3.0,,18.0,6.0,23.0,0,1.0,50.0,1.0,2.0,4.0,
2015-16,6768189,18,31,Crystal_Palace,Away,547482,Connor Dymond,connor-dymond,M,True,,,,,,,,,,,,,,,,,,,,,,,,,,,,,,,,,,,,,,,,,,,,,,,,,,,,,0,,,,,,
2015-16,6768322,19,56,Sunderland,Home,14210,Lee Cattermole,lee-cattermole,M,False,,,3.0,14.0,11.0,25.0,2.0,,7.0,,,,1.0,,,3.0,7.0,5.0,,,2.0,,,,,5.0,1.0,,90.0,,2.0,,,,,,,,,6.9,,,,2.0,1.0,1.0,,7.0,,24.0,12.0,35.0,0,3.0,53.0,,1.0,1.0,
2015-16,6768322,19,14,Liverpool,Away,17054,Adam Lallana,adam-lallana,M,False,,,1.0,11.0,6.0,17.0,1.0,1.0,3.0,1.0,,,2.0,,,2.0,9.0,4.0,,,3.0,1.0,,,,,1.0,,90.0,,,,,,,,,,,6.7,,,,3.0,1.0,2.0,,1.0,,21.0,7.0,26.0,0,3.0,45.0,4.0,,,
2015-16,6768322,19,14,Liverpool,Away,27234,Lucas Leiva,lucas-leiva,M,True,,,,6.0,3.0,9.0,,3.0,2.0,,,,1.0,,,,1.0,8.0,,,,,,,,2.0,1.0,,29.0,,,,,,,,,,,7.2,,,,,1.0,,,3.0,,11.0,7.0,18.0,0,3.0,27.0,,1.0,1.0,
2015-16,6768322,19,56,Sunderland,Home,32045,Yann M'Vila,yann-mvila,M,False,,,2.0,17.0,17.0,34.0,1.0,3.0,7.0,,,,2.0,,,1.0,4.0,7.0,,,,,,,,2.0,1.0,,90.0,,,,,,,,,,,6.9,,,,4.0,,4.0,,6.0,,27.0,21.0,44.0,0,4.0,62.0,1.0,,,
2015-16,6768322,19,14,Liverpool,Away,42694,Jordan Henderson,jordan-henderson,M,False,,,2.0,18.0,12.0,30.0,1.0,1.0,5.0,,,1.0,2.0,,,,3.0,2.0,,,,,,,,1.0,,,61.0,,,,,,,,,,,6.7,,,,1.0,1.0,1.0,,5.0,,25.0,12.0,36.0,1,,42.0,,,1.0,
2015-16,6768322,19,14,Liverpool,Away,97006,João Carlos Teixeira,joao-carlos-teixeira,M,True,,,,,,,,,,,,,,,,,,,,,,,,,,,,,,,,,,,,,,,,,,,,,,,,,,,,,0,,,,,,
2015-16,6768322,19,14,Liverpool,Away,119159,Philippe Coutinho,philippe-coutinho,M,False,,,1.0,30.0,7.0,37.0,1.0,1.0,8.0,1.0,,1.0,,,,4.0,6.0,2.0,,,,,,,,1.0,2.0,,83.0,1.0,,,,,,,,,,7.3,,,4.0,2.0,1.0,2.0,,2.0,,44.0,8.0,50.0,6,,79.0,3.0,1.0,,
2015-16,6768322,19,14,Liverpool,Away,143697,Roberto Firmino,roberto-firmino,M,False,,,1.0,16.0,13.0,29.0,,,9.0,1.0,1.0,,,,,1.0,1.0,3.0,,1.0,,,,,1.0,,2.0,,89.0,2.0,,,,,,,,,,7.3,,,,1.0,1.0,,,3.0,,20.0,14.0,34.0,2,2.0,51.0,4.0,,1.0,
2015-16,6768322,19,14,Liverpool,Away,185955,Jordon Ibe,jordon-ibe,M,True,,,,1.0,,1.0,,,1.0,,,,,,,,,1.0,,,,,,,,,,,7.0,,,,,,,,,,,6.8,,,1.0,,1.0,,,,,2.0,,2.0,1,,5.0,1.0,,1.0,
2015-16,6768322,19,56,Sunderland,Home,240256,Duncan Watmore,duncan-watmore,M,True,,,,5.0,3.0,8.0,2.0,1.0,2.0,,,,1.0,,,2.0,5.0,7.0,,,,,,,,,,,60.0,1.0,,,,,,,,,,6.8,,,,,2.0,2.0,,,,10.0,4.0,12.0,1,1.0,27.0,4.0,3.0,2.0,
2015-16,6768322,19,14,Liverpool,Away,787580,Connor Randall,connor-randall,M,True,,,,,,,,,,,,,,,,,,,,,,,,,,,,,,,,,,,,,,,,,,,,,,,,,,,,,0,,,,,,
2015-16,6768325,19,3,Arsenal,Home,10501,Theo Walcott,theo-walcott,M,False,,,,9.0,6.0,15.0,,,7.0,,3.0,1.0,3.0,,,2.0,8.0,7.0,,,,,,,,1.0,1.0,,90.0,2.0,,,,,,,,,,6.2,,,,,6.0,1.0,,1.0,1.0,12.0,7.0,18.0,3,2.0,40.0,3.0,2.0,3.0,
2015-16,6768325,19,3,Arsenal,Home,10577,Alex Oxlade-Chamberlain,alex-oxlade-chamberlain,M,False,,,2.0,20.0,12.0,32.0,,1.0,8.0,,,1.0,,,,2.0,3.0,13.0,,,1.0,,,,1.0,1.0,,,89.0,,,,,,,,,,,7.6,,,,,3.0,3.0,,3.0,,31.0,12.0,40.0,1,4.0,63.0,2.0,5.0,3.0,
2015-16,6768325,19,91,Bournemouth,Away,11764,Marc Pugh,marc-pugh,M,False,,,1.0,4.0,5.0,9.0,1.0,,3.0,,,,,,,1.0,3.0,1.0,,,,,,,,,,,45.0,,,,,,,,,,,6.2,,,,3.0,1.0,2.0,,1.0,,6.0,6.0,10.0,0,,20.0,2.0,1.0,,
2015-16,6768325,19,91,Bournemouth,Away,14695,Andrew Surman,andrew-surman,M,False,,,6.0,31.0,22.0,53.0,,1.0,2.0,,,,,,,,,4.0,,,,,,,,2.0,,,90.0,,,,,,,,,,,7.3,,,,,,,,7.0,,37.0,23.0,60.0,0,2.0,67.0,,1.0,,
2015-16,6768325,19,3,Arsenal,Home,16176,Mesut Özil,mesut-ozil,M,False,6.0,,2.0,54.0,9.0,57.0,,,3.0,4.0,,,4.0,,,2.0,7.0,3.0,,,,1.0,1.0,,,,9.0,,90.0,1.0,,,,,,,,,,10.0,,,,,2.0,11.0,,3.0,,61.0,10.0,60.0,1,2.0,84.0,3.0,,1.0,
2015-16,6768325,19,3,Arsenal,Home,23571,Aaron Ramsey,aaron-ramsey,M,False,,,3.0,35.0,25.0,60.0,,1.0,8.0,,,,2.0,,,2.0,5.0,3.0,,,1.0,,,,,4.0,,,90.0,,,,,,,,,,,6.6,,,,,,3.0,,4.0,,47.0,26.0,70.0,0,2.0,88.0,4.0,,,
2015-16,6768325,19,91,Bournemouth,Away,39121,Harry Arter,harry-arter,M,False,,,5.0,41.0,21.0,62.0,,1.0,6.0,,,3.0,4.0,,,,6.0,9.0,,,1.0,,,,,2.0,5.0,,90.0,,,,,,,,,,,7.9,,,1.0,,3.0,,,8.0,,45.0,22.0,67.0,4,4.0,83.0,,2.0,2.0,
2015-16,6768325,19,91,Bournemouth,Away,41628,Eunan O'Kane,eunan-okane,M,True,,,,5.0,2.0,7.0,2.0,,,,,,,,,,2.0,,,,,,,,,,1.0,,29.0,,,,,,,,,,,6.6,,,1.0,1.0,,,,1.0,,11.0,2.0,13.0,1,,17.0,1.0,,,
2015-16,6768325,19,91,Bournemouth,Away,42699,Matt Ritchie,matt-ritchie,M,False,,,,14.0,8.0,22.0,4.0,,4.0,,,,,,,2.0,8.0,5.0,,,1.0,,,,,1.0,2.0,,90.0,1.0,,,,,,,,,,6.8,,,,2.0,2.0,1.0,,1.0,,22.0,9.0,30.0,1,3.0,48.0,3.0,1.0,1.0,
2015-16,6768325,19,91,Bournemouth,Away,44823,Junior Stanislas,junior-stanislas,M,True,,,,15.0,10.0,25.0,1.0,1.0,1.0,,,,,,,,3.0,3.0,,,1.0,,,,,,,,45.0,,,,,,,,,,,6.7,,,1.0,,2.0,3.0,,,,21.0,10.0,28.0,1,1.0,36.0,,,1.0,
2015-16,6768325,19,91,Bournemouth,Away,46738,Lee Tomlin,lee-tomlin,M,True,,,,,,,,,,,,,,,,,,,,,,,,,,,,,,,,,,,,,,,,,,,,,,,,,,,,,0,,,,,,
2015-16,6768325,19,3,Arsenal,Home,154508,Joel Campbell,joel-campbell,M,True,,,,2.0,2.0,4.0,1.0,,1.0,,,,1.0,,,,2.0,,,,,,,,,,,,10.0,,,,,,,,,,,6.3,,,,,,,,,,2.0,2.0,4.0,0,,5.0,1.0,,,
2015-16,6768325,19,3,Arsenal,Home,352770,Alex Iwobi,alex-iwobi,M,True,,,,,,,,,,,,,,,,,,,,,,,,,,,,,1.0,,,,,,,,,,,,,,,,,,,,,,,,0,,,,,,
2015-16,6768325,19,3,Arsenal,Home,794269,Jeff Reine-Adélaïde,jeff-reine-adelaide,M,True,,,,,,,,,,,,,,,,,,,,,,,,,,,,,,,,,,,,,,,,,,,,,,,,,,,,,0,,,,,,
2015-16,6768327,19,13,Leicester_City,Home,4252,Gökhan Inler,gokhan-inler,M,False,,,3.0,10.0,13.0,23.0,2.0,3.0,8.0,,,,1.0,,,3.0,9.0,10.0,,,3.0,,,,,4.0,,,67.0,,,,,,,,,,,7.1,,,,,1.0,,,4.0,,17.0,17.0,34.0,0,4.0,52.0,1.0,2.0,1.0,
2015-16,6768327,19,43,Manchester_City,Away,11781,David Silva,david-silva,M,False,2.0,,,29.0,7.0,34.0,1.0,,7.0,,,,2.0,,,1.0,5.0,6.0,,,1.0,,,,,2.0,4.0,,74.0,,,,,,,,,,,7.2,,,,,2.0,5.0,,3.0,,37.0,10.0,42.0,0,2.0,57.0,,2.0,2.0,
2015-16,6768327,19,43,Manchester_City,Away,13630,Fernandinho,fernandinho,M,False,,,,34.0,13.0,47.0,,3.0,12.0,,,1.0,3.0,,,,4.0,5.0,,1.0,,,,,,4.0,,,90.0,,,,,,,,,,,6.9,,,,1.0,1.0,,,1.0,,40.0,16.0,56.0,1,2.0,75.0,1.0,,,
2015-16,6768327,19,13,Leicester_City,Home,14231,Nathan Dyer,nathan-dyer,M,True,,,,,,,,,,,,,,,,,,,,,,,,,,,,,,,,,,,,,,,,,,,,,,,,,,,,,0,,,,,,
2015-16,6768327,19,43,Manchester_City,Away,14468,Yaya Touré,yaya-toure,M,False,,,8.0,34.0,21.0,55.0,,1.0,4.0,,,1.0,,,,2.0,2.0,8.0,,,,,,,,3.0,,,90.0,,,,,,,,,,,7.7,,,1.0,3.0,,,,10.0,,43.0,26.0,69.0,2,5.0,89.0,,2.0,,
2015-16,6768327,19,13,Leicester_City,Home,30530,Andy King,andy-king,M,True,,,,4.0,1.0,5.0,,,,,,,,,,,1.0,,,,1.0,,,,,,,,10.0,,,,,,,,,,,6.5,,,,1.0,,,,,,6.0,1.0,7.0,0,,8.0,,,,
2015-16,6768327,19,13,Leicester_City,Home,47737,Marc Albrighton,marc-albrighton,M,False,,,1.0,8.0,4.0,12.0,2.0,,6.0,,1.0,,,,,,4.0,4.0,,,1.0,,,,,1.0,,,89.0,,,,,,,,,,,6.7,,,2.0,1.0,2.0,4.0,,6.0,1.0,27.0,8.0,31.0,2,2.0,47.0,1.0,1.0,1.0,
2015-16,6768327,19,13,Leicester_City,Home,54330,Danny Drinkwater,danny-drinkwater,M,False,2.0,,,19.0,10.0,27.0,1.0,,10.0,,,,,,,,4.0,4.0,,,2.0,,,,,1.0,2.0,,80.0,,1.0,,,,,,,,,7.5,,,1.0,2.0,1.0,3.0,,4.0,,30.0,16.0,43.0,1,4.0,61.0,1.0,,,
2015-16,6768327,19,43,Manchester_City,Away,70996,Kevin De Bruyne,kevin-de-bruyne,M,False,3.0,,2.0,29.0,8.0,34.0,1.0,,6.0,1.0,,,2.0,,,2.0,6.0,4.0,,,,,,,,1.0,3.0,,90.0,1.0,,,,,,,,,,7.2,,,1.0,,3.0,15.0,,3.0,,54.0,8.0,47.0,2,2.0,82.0,4.0,,2.0,
2015-16,6768327,19,13,Leicester_City,Home,158213,Riyad Mahrez,riyad-mahrez,M,False,1.0,,1.0,17.0,6.0,22.0,1.0,1.0,6.0,,,,3.0,,,,8.0,5.0,,,,,,,,1.0,3.0,,90.0,,,,,,,,,,,6.8,,,1.0,1.0,7.0,2.0,,1.0,,27.0,6.0,31.0,1,,54.0,4.0,1.0,3.0,
2015-16,6768327,19,13,Leicester_City,Home,234148,N'Golo Kanté,n-golo-kante,M,False,1.0,,,13.0,13.0,25.0,1.0,,4.0,,,,,,,1.0,5.0,2.0,,,1.0,,,,,1.0,,,90.0,,2.0,,,,,,,,,6.7,,,1.0,4.0,2.0,1.0,,,,17.0,17.0,33.0,1,2.0,57.0,4.0,,,
2015-16,6768329,19,11,Everton,Home,544,Gareth Barry,gareth-barry,M,False,1.0,,4.0,38.0,30.0,67.0,1.0,2.0,6.0,,,,2.0,,,1.0,6.0,7.0,,,2.0,,,,,1.0,1.0,,90.0,,2.0,,,,,,,,,6.9,,,,1.0,1.0,2.0,,5.0,,46.0,32.0,76.0,0,4.0,92.0,1.0,,1.0,
2015-16,6768329,19,11,Everton,Home,1161,Leon Osman,leon-osman,M,True,,,,,,,,,,,,,,,,,,,,,,,,,,,,,,,,,,,,,,,,,,,,,,,,,,,,,0,,,,,,
2015-16,6768329,19,110,Stoke_City,Away,2525,Ibrahim Afellay,ibrahim-afellay,M,False,,,4.0,33.0,31.0,64.0,,,7.0,,,,3.0,,,1.0,5.0,4.0,,,2.0,,,,,,,,90.0,,,,,,,,,,,6.3,,,,,,1.0,,5.0,,37.0,31.0,67.0,0,2.0,79.0,1.0,2.0,,
2015-16,6768329,19,110,Stoke_City,Away,9104,Marc Wilson,marc-wilson,M,True,,,,,,,,,,,,,,,,,,,,,,,,,,,,,,,,,,,,,,,,,,,,,,,,,,,,,0,,,,,,
2015-16,6768329,19,110,Stoke_City,Away,9360,Charlie Adam,charlie-adam,M,True,,,,,,,,,,,,,,,,,,,,,,,,,,,,,,,,,,,,,,,,,,,,,,,,,,,,,0,,,,,,
2015-16,6768329,19,110,Stoke_City,Away,10535,Glenn Whelan,glenn-whelan,M,False,,,2.0,18.0,38.0,56.0,,,6.0,,,,,,,,,,,,,,,,,1.0,,,90.0,,3.0,,,,,,,,,6.6,,,,3.0,,,,3.0,,20.0,39.0,59.0,0,,68.0,,,,
2015-16,6768329,19,11,Everton,Home,21073,Darron Gibson,darron-gibson,M,True,,,,,,,,,,,,,,,,,,,,,,,,,,,,,,,,,,,,,,,,,,,,,,,,,,,,,0,,,,,,
2015-16,6768329,19,11,Everton,Home,39283,James McCarthy,james-mccarthy,M,False,,,1.0,3.0,8.0,11.0,,,3.0,1.0,,,,,,,,3.0,,,,1.0,,,,1.0,2.0,,26.0,,,,,,,,,,,7.6,,,,1.0,1.0,,,2.0,,5.0,9.0,14.0,0,1.0,20.0,,1.0,1.0,
2015-16,6768329,19,11,Everton,Home,46432,Tom Cleverley,tom-cleverley,M,True,,,4.0,18.0,2.0,20.0,,,4.0,1.0,,1.0,1.0,,,1.0,3.0,1.0,,,1.0,1.0,,,,,2.0,,39.0,,,,,,,,,,,7.3,,,,,,,,4.0,,21.0,2.0,23.0,1,1.0,28.0,,,,
2015-16,6768329,19,110,Stoke_City,Away,65953,Xherdan Shaqiri,xherdan-shaqiri,M,False,,,1.0,10.0,12.0,22.0,,,4.0,,,,,,,2.0,5.0,1.0,,,1.0,,2.0,,,1.0,1.0,,87.0,2.0,,,,,,,,,,7.3,,,,,2.0,4.0,,2.0,,18.0,12.0,26.0,2,,47.0,5.0,1.0,,
2015-16,6768329,19,11,Everton,Home,98435,Ross Barkley,ross-barkley,M,False,,,3.0,40.0,27.0,67.0,,,4.0,1.0,,3.0,1.0,,,1.0,2.0,7.0,,,,1.0,,,,1.0,2.0,,90.0,,,,,,,,,,,7.7,,,,,6.0,3.0,,5.0,,46.0,27.0,70.0,3,,90.0,1.0,1.0,6.0,
2015-16,6768329,19,11,Everton,Home,124960,Muhamed Bešić,muhamed-besic,M,True,,,,,,,,,,,,,,,,,,,,,,,,,,,,,,,,,,,,,,,,,,,,,,,,,,,,,0,,,,,,
2015-16,6768332,19,45,Norwich_City,Home,512,Alexander Tettey,alexander-tettey,M,False,,,3.0,19.0,16.0,35.0,2.0,,9.0,,,,3.0,,,1.0,9.0,3.0,,,2.0,,,,,2.0,2.0,,90.0,,,,,,,,,,,6.6,,,,3.0,1.0,,,4.0,,24.0,19.0,43.0,0,2.0,57.0,3.0,1.0,,
2015-16,6768332,19,7,Aston_Villa,Away,764,Kieran Richardson,kieran-richardson,M,False,,,,12.0,12.0,24.0,1.0,2.0,6.0,,,,,,,,5.0,5.0,,,2.0,,,,,,,,90.0,,,,,,,,,,,6.5,,,2.0,4.0,2.0,4.0,,2.0,,21.0,13.0,30.0,2,3.0,51.0,1.0,,,
2015-16,6768332,19,45,Norwich_City,Home,9148,Graham Dorrans,graham-dorrans,M,False,,,2.0,15.0,16.0,31.0,,,9.0,,,,1.0,,,,2.0,1.0,,,1.0,,,,,3.0,,,85.0,,,,,,,,,,,7.0,,,1.0,1.0,,,,3.0,,20.0,18.0,38.0,1,1.0,47.0,,,,
2015-16,6768332,19,45,Norwich_City,Home,14336,Wesley Hoolahan,wesley-hoolahan,M,False,,,1.0,14.0,12.0,26.0,,,5.0,1.0,,,3.0,,,4.0,9.0,5.0,,,,1.0,,,,,1.0,,88.0,,,,,,,,,,,6.8,,,,,4.0,,,1.0,,19.0,12.0,31.0,0,,45.0,,3.0,2.0,
2015-16,6768332,19,45,Norwich_City,Home,17806,Vadis Odjidja-Ofoe,vadis-odjidja-ofoe,M,True,,,,2.0,,2.0,,,,,,,,,,1.0,1.0,,,,,,,,,,,,2.0,,,,,,,,,,,6.3,,,,,,,,,,2.0,,2.0,0,,4.0,1.0,,,
2015-16,6768332,19,7,Aston_Villa,Away,24055,Scott Sinclair,scott-sinclair,M,False,,,,9.0,3.0,12.0,1.0,,4.0,,,,1.0,,,2.0,5.0,5.0,,,1.0,,,,,,,,58.0,,,,,,,,,,,6.3,,,,,4.0,1.0,,,,12.0,3.0,14.0,0,,26.0,3.0,2.0,3.0,
2015-16,6768332,19,45,Norwich_City,Home,29691,Gary O'Neil,gary-oneil,M,True,,,,3.0,,3.0,,,,,,,,,,,,3.0,,,,,,,,,,,5.0,,,,,,,,,,,6.7,,,,,,,,,,4.0,,4.0,0,2.0,7.0,,1.0,,
2015-16,6768332,19,7,Aston_Villa,Away,49647,Ashley Westwood,ashley-westwood,M,False,,,6.0,15.0,18.0,33.0,2.0,1.0,9.0,,,,4.0,,,,7.0,5.0,,,1.0,,,,,3.0,,,90.0,,1.0,,,,,,,,,6.7,,,,1.0,1.0,,,9.0,,20.0,21.0,41.0,0,2.0,56.0,1.0,1.0,1.0,
2015-16,6768332,19,7,Aston_Villa,Away,74545,Leandro Bacuna,leandro-bacuna,M,False,,,6.0,15.0,16.0,31.0,2.0,4.0,5.0,,,,,,,,5.0,6.0,,,3.0,,,,,1.0,,,69.0,1.0,,,,,,,,,,6.9,,,,3.0,2.0,1.0,,8.0,,19.0,19.0,37.0,1,,56.0,2.0,,2.0,
2015-16,6768332,19,7,Aston_Villa,Away,106337,Idrissa Gana Gueye,idrissa-gana-gueye,M,False,,,9.0,27.0,32.0,59.0,1.0,,15.0,,,,1.0,,,,6.0,6.0,,,4.0,,,,,3.0,,,90.0,,,,,,,,,,,7.2,,,,1.0,,,,14.0,,33.0,35.0,68.0,0,5.0,83.0,3.0,1.0,,
2015-16,6768332,19,45,Norwich_City,Home,115346,Nathan Redmond,nathan-redmond,M,False,,,1.0,12.0,3.0,15.0,1.0,,3.0,,,,2.0,,,2.0,8.0,11.0,,,2.0,,,,,2.0,1.0,,90.0,2.0,,,,,,,,,,7.2,,,,2.0,6.0,8.0,,3.0,,22.0,5.0,19.0,2,3.0,51.0,2.0,3.0,5.0,
2015-16,6768332,19,7,Aston_Villa,Away,151124,Jordan Veretout,jordan-veretout,M,False,5.0,,2.0,28.0,6.0,29.0,1.0,,2.0,,,,1.0,,,1.0,6.0,2.0,,,2.0,,,,,,3.0,,81.0,,,,,,,,,,,6.7,,,,,2.0,11.0,,2.0,,41.0,6.0,36.0,0,1.0,59.0,5.0,,1.0,
2015-16,6768332,19,7,Aston_Villa,Away,189061,Jack Grealish,jack-grealish,M,True,,,,1.0,1.0,2.0,,,,,,,,,,,,,,,,,,,,,,,9.0,,,,,,,,,,,6.3,,,,,,1.0,,,,2.0,1.0,2.0,0,,3.0,,,,
2015-16,6768332,19,7,Aston_Villa,Away,254895,Carles Gil,carles-gil,M,True,,,,,,,,,,,,,,,,,,,,,,,,,,,,,,,,,,,,,,,,,,,,,,,,,,,,,0,,,,,,
2015-16,6768332,19,45,Norwich_City,Home,267621,Robbie Brady,robbie-brady,M,False,1.0,,1.0,12.0,13.0,24.0,,4.0,9.0,,,1.0,2.0,,,1.0,6.0,9.0,,,2.0,,,,,2.0,1.0,,90.0,,,,,,,,,,,7.3,,,1.0,7.0,2.0,4.0,,6.0,,26.0,15.0,37.0,2,3.0,67.0,1.0,1.0,1.0,
2015-16,6768332,19,7,Aston_Villa,Away,827284,Jordan Lyden,jordan-lyden,M,True,,,,,,,,,,,,,,,,,,,,,,,,,,,,,,,,,,,,,,,,,,,,,,,,,,,,,0,,,,,,
2015-16,6768334,19,31,Crystal_Palace,Home,3574,Yohan Cabaye,yohan-cabaye,M,False,4.0,,2.0,20.0,13.0,29.0,,,6.0,,,1.0,,,,1.0,3.0,5.0,,,2.0,,,,,3.0,4.0,,90.0,,,,,,,,,,,7.9,,,2.0,,1.0,5.0,,6.0,,30.0,15.0,40.0,3,,63.0,2.0,4.0,1.0,
2015-16,6768334,19,31,Crystal_Palace,Home,9921,Joe Ledley,joe-ledley,M,True,,,,,,,,,,,,,,,,,,,,,,,,,,,,,,,,,,,,,,,,,,,,,,,,,,,,,0,,,,,,
2015-16,6768334,19,31,Crystal_Palace,Home,19593,Jason Puncheon,jason-puncheon,M,False,2.0,,,16.0,2.0,16.0,,1.0,2.0,,,,,,,1.0,2.0,3.0,,,1.0,,,,,1.0,,,71.0,,,,,,,,,,,6.7,,,,1.0,1.0,8.0,,,,27.0,2.0,21.0,0,,38.0,1.0,1.0,1.0,
2015-16,6768334,19,80,Swansea_City,Away,20993,Jack Cork,jack-cork,M,False,,,1.0,12.0,12.0,24.0,4.0,1.0,4.0,,,,1.0,,,,7.0,4.0,,,2.0,,,,,1.0,,,90.0,,,,,,,,,,,6.6,,,,2.0,,,,1.0,,19.0,13.0,32.0,0,1.0,39.0,,2.0,,
2015-16,6768334,19,80,Swansea_City,Away,30243,Neil Taylor,neil-taylor,M,False,,,4.0,13.0,12.0,25.0,2.0,,5.0,,,,1.0,,,,5.0,2.0,,,2.0,,,,,3.0,,,90.0,,,,,,,,,,,6.7,,,,,,1.0,,6.0,,18.0,14.0,31.0,0,1.0,44.0,,1.0,,
2015-16,6768334,19,80,Swansea_City,Away,36465,Jonjo Shelvey,jonjo-shelvey,M,False,,,3.0,7.0,8.0,15.0,1.0,,4.0,,,,,,,2.0,4.0,2.0,,,1.0,,,,,3.0,,,56.0,,,,,,,,,,,6.7,,,,2.0,,3.0,,5.0,,15.0,11.0,23.0,0,1.0,42.0,,1.0,,
2015-16,6768334,19,31,Crystal_Palace,Home,38130,Jordon Mutch,jordon-mutch,M,True,1.0,,,7.0,3.0,9.0,,,1.0,,,,,,,1.0,1.0,2.0,,,,,,,,,,,15.0,,,,,,,,,,,6.8,,,1.0,,1.0,3.0,,,,9.0,3.0,9.0,1,1.0,18.0,1.0,,1.0,
2015-16,6768334,19,31,Crystal_Palace,Home,38639,Chung-yong Lee,chung-yong-lee,M,True,,,1.0,7.0,3.0,10.0,,1.0,2.0,,,,,,,,1.0,1.0,,,1.0,,,,,,,,19.0,,,,,,,,,,,6.5,,,,,,,,1.0,,9.0,3.0,12.0,0,,12.0,,,,
2015-16,6768334,19,80,Swansea_City,Away,38642,Sung-Yueng Ki,sung-yueng-ki,M,True,,,,12.0,11.0,23.0,,,5.0,,,,,,,,,2.0,,,,,,,,1.0,,,34.0,,,,,,,,,,,6.9,,,,,1.0,,,1.0,,13.0,11.0,24.0,0,1.0,28.0,,,1.0,
2015-16,6768334,19,31,Crystal_Palace,Home,39282,James McArthur,james-mcarthur,M,False,,,4.0,20.0,8.0,28.0,3.0,2.0,4.0,,,1.0,2.0,,,,5.0,3.0,,,,,,,,2.0,,,75.0,,,,,,,,,,,6.8,,,,1.0,,,,5.0,,24.0,9.0,33.0,1,,42.0,1.0,1.0,,
2015-16,6768334,19,80,Swansea_City,Away,43192,Gylfi Sigurðsson,gylfi-sigursson,M,True,,,,8.0,5.0,13.0,,,1.0,,,,,,,1.0,2.0,,,,1.0,,,,,,,,34.0,2.0,,,,,,,,,,6.5,,,,,,5.0,,1.0,,15.0,5.0,15.0,2,,25.0,,,,
2015-16,6768334,19,80,Swansea_City,Away,54686,Jefferson Montero,jefferson-montero,M,True,,,,,,,,,,,,,,,,,,,,,,,,,,,,,,,,,,,,,,,,,,,,,,,,,,,,,0,,,,,,
2015-16,6768334,19,31,Crystal_Palace,Home,84686,Pape Souaré,pape-souare,M,False,3.0,,3.0,25.0,19.0,41.0,1.0,4.0,10.0,,,,,,,,2.0,7.0,,,1.0,,,,,1.0,1.0,,90.0,,,,,,,,,,,7.1,,,,1.0,,11.0,,7.0,1.0,44.0,22.0,55.0,0,2.0,90.0,1.0,1.0,,
2015-16,6768334,19,31,Crystal_Palace,Home,111850,Wilfried Zaha,wilfried-zaha,M,False,,,2.0,13.0,5.0,18.0,,,8.0,,,,,,,1.0,5.0,10.0,,,1.0,,,,,1.0,,,90.0,,,,,,,,,,,6.9,,,1.0,,7.0,6.0,,2.0,,27.0,5.0,26.0,1,1.0,57.0,3.0,5.0,4.0,
2015-16,6768334,19,80,Swansea_City,Away,209098,Modou Barrow,modou-barrow,M,False,,,,11.0,4.0,15.0,3.0,,1.0,,,,,,,1.0,5.0,5.0,,,,,,,,,,,90.0,1.0,,,,,,,,,,6.9,,,,1.0,2.0,,,,,13.0,4.0,17.0,1,1.0,29.0,,3.0,1.0,
2015-16,6768334,19,80,Swansea_City,Away,340713,Matt Grimes,matt-grimes,M,False,,,5.0,18.0,14.0,32.0,2.0,1.0,3.0,,,1.0,2.0,,,1.0,8.0,3.0,,,3.0,,,,,,1.0,,90.0,,,,,,,,,,,6.5,,,,,,1.0,,9.0,,29.0,16.0,44.0,1,1.0,52.0,1.0,1.0,,
2015-16,6768346,19,1,Manchester_United,Home,326,Bastian Schweinsteiger,bastian-schweinsteiger,M,False,,,4.0,49.0,41.0,90.0,1.0,,9.0,,,2.0,1.0,,,4.0,10.0,1.0,,,4.0,,,,,1.0,2.0,,90.0,,,,,,,,,,,6.7,,,1.0,,,,,5.0,,53.0,43.0,96.0,3,1.0,109.0,1.0,,,
2015-16,6768346,19,1,Manchester_United,Home,938,Michael Carrick,michael-carrick,M,True,,,,,,,,,,,,,,,,,,,,,,,,,,,,,,,,,,,,,,,,,,,,,,,,,,,,,0,,,,,,
2015-16,6768346,19,8,Chelsea,Away,7311,John Obi Mikel,john-obi-mikel,M,False,,,2.0,16.0,18.0,34.0,1.0,1.0,12.0,,,,,,,,2.0,4.0,,,1.0,,,,,2.0,1.0,,90.0,,,,,,,,,,,7.2,,,,4.0,,,,6.0,,23.0,21.0,44.0,0,2.0,59.0,,1.0,,
2015-16,6768346,19,1,Manchester_United,Home,27009,Morgan Schneiderlin,morgan-schneiderlin,M,False,,,5.0,30.0,32.0,62.0,1.0,,5.0,,,,,,,1.0,4.0,6.0,,,2.0,,,,,1.0,,,90.0,,,,,,,,,,,7.3,,,1.0,1.0,,,,7.0,,36.0,33.0,69.0,1,5.0,80.0,,1.0,,
2015-16,6768346,19,1,Manchester_United,Home,28367,Juan Mata,juan-mata,M,False,,,1.0,21.0,13.0,34.0,1.0,,4.0,,,1.0,2.0,,,1.0,4.0,,,,,,,,1.0,1.0,,,77.0,,,,,,,,,,,6.5,,,1.0,,,3.0,,1.0,,26.0,13.0,36.0,2,,47.0,1.0,,,
2015-16,6768346,19,8,Chelsea,Away,31417,Willian,willian,M,False,3.0,,1.0,12.0,5.0,14.0,,,3.0,1.0,,,,,,2.0,5.0,3.0,,,1.0,,,,,1.0,2.0,,70.0,,,,,,,,,,,6.8,,,,,3.0,6.0,,3.0,,19.0,8.0,21.0,0,,38.0,1.0,2.0,1.0,
2015-16,6768346,19,8,Chelsea,Away,33110,Ramires,ramires,M,True,,,,2.0,2.0,4.0,1.0,2.0,3.0,,,,,,,2.0,3.0,2.0,,,,,,,,1.0,,,20.0,,,,,,,,,,,6.3,,,,,,,,2.0,,3.0,5.0,8.0,0,,14.0,,1.0,,
2015-16,6768346,19,8,Chelsea,Away,39400,Oscar,oscar,M,False,,,1.0,10.0,13.0,23.0,,,6.0,,,,1.0,,,3.0,5.0,5.0,,,1.0,,,,,,,,89.0,,,,,,,,,,,6.8,,,1.0,5.0,,,,1.0,,13.0,16.0,29.0,1,4.0,46.0,2.0,1.0,,
2015-16,6768346,19,8,Chelsea,Away,44241,Nemanja Matić,nemanja-matic,M,False,,,1.0,12.0,13.0,25.0,,1.0,6.0,,1.0,,,,,3.0,3.0,10.0,,,,,,,,1.0,,,90.0,,1.0,,,,,,,,,7.4,,,3.0,4.0,4.0,,,2.0,,18.0,13.0,31.0,3,3.0,53.0,1.0,2.0,4.0,
2015-16,6768346,19,1,Manchester_United,Home,82474,Ander Herrera,ander-herrera,M,False,1.0,,2.0,37.0,23.0,59.0,1.0,,7.0,,1.0,1.0,5.0,,,2.0,12.0,8.0,,,2.0,,,,,2.0,1.0,,90.0,1.0,,,,,,,,,,6.6,,,,1.0,3.0,3.0,,2.0,,44.0,25.0,66.0,2,6.0,91.0,4.0,1.0,1.0,
2015-16,6768346,19,1,Manchester_United,Home,191176,Anthony Martial,anthony-martial,M,False,1.0,,3.0,31.0,6.0,36.0,2.0,1.0,5.0,1.0,,1.0,,,,4.0,11.0,5.0,,,1.0,,,,1.0,,1.0,,90.0,,,,,,,,,,,6.7,,,1.0,1.0,6.0,2.0,,3.0,,40.0,6.0,44.0,2,1.0,72.0,2.0,1.0,2.0,
2015-16,6768346,19,8,Chelsea,Away,284441,Ruben Loftus-Cheek,ruben-loftus-cheek,M,True,,,,,,,,,,,,,,,,,,,,,,,,,,,,,1.0,,,,,,,,,,,,,,,,,,,,,,,,0,,,,,,
2015-16,6768346,19,1,Manchester_United,Home,285949,Andreas Pereira,andreas-pereira,M,True,,,,,,,,,,,,,,,,,,,,,,,,,,,,,,,,,,,,,,,,,,,,,,,,,,,,,0,,,,,,
2015-16,6768346,19,8,Chelsea,Away,801391,Kenedy,kenedy,M,True,,,,,,,,,,,,,,,,,,,,,,,,,,,,,,,,,,,,,,,,,,,,,,,,,,,,,0,,,,,,
2015-16,6768351,19,35,West_Bromwich_Albion,Home,765,Darren Fletcher,darren-fletcher,M,False,,,1.0,27.0,9.0,36.0,,1.0,7.0,,,3.0,1.0,,,3.0,5.0,4.0,,,,,1.0,,,3.0,2.0,,90.0,1.0,,,,,,,,,,7.8,,,1.0,1.0,1.0,2.0,,2.0,,36.0,10.0,44.0,5,3.0,67.0,2.0,,,
2015-16,6768351,19,35,West_Bromwich_Albion,Home,822,James Morrison,james-morrison,M,False,1.0,,1.0,21.0,7.0,27.0,,,2.0,,,,,,,,,2.0,,,,,,,,2.0,1.0,,70.0,2.0,,,,,,,,,,7.3,,,1.0,,1.0,5.0,,2.0,,30.0,8.0,33.0,3,1.0,49.0,2.0,,1.0,
2015-16,6768351,19,4,Newcastle_United,Away,10438,Cheik Tiote,cheik-tiote,M,True,,,4.0,18.0,19.0,37.0,1.0,,2.0,,,,,,,,4.0,,,,2.0,,,,,,,,63.0,,2.0,,,,,,,,,6.3,,,,2.0,1.0,,,6.0,,20.0,21.0,41.0,0,,48.0,1.0,,,
2015-16,6768351,19,35,West_Bromwich_Albion,Home,10540,Chris Brunt,chris-brunt,M,False,2.0,,4.0,16.0,2.0,16.0,1.0,2.0,5.0,,,,2.0,,,1.0,4.0,5.0,,,,,,,1.0,,1.0,,90.0,,1.0,,,,,,,,,6.9,,,1.0,3.0,1.0,12.0,,8.0,,35.0,3.0,26.0,1,2.0,54.0,,,1.0,
2015-16,6768351,19,35,West_Bromwich_Albion,Home,14235,Craig Gardner,craig-gardner,M,True,1.0,,,9.0,3.0,11.0,2.0,1.0,4.0,,,1.0,,,,,4.0,4.0,,,1.0,,,,,,1.0,,72.0,,,,,,,,,,,7.0,,,,,1.0,1.0,,,,12.0,4.0,15.0,1,3.0,23.0,1.0,,,
2015-16,6768351,19,4,Newcastle_United,Away,15007,Vurnon Anita,vurnon-anita,M,False,,,,3.0,3.0,6.0,1.0,,1.0,,,,,,,,1.0,1.0,,,,,,,,1.0,,,27.0,,,,,,,,,,,6.6,,,,1.0,,,,,,3.0,5.0,8.0,0,,11.0,,1.0,,
2015-16,6768351,19,35,West_Bromwich_Albion,Home,16657,Stéphane Sessègnon,stephane-sessegnon,M,False,2.0,,,31.0,6.0,35.0,1.0,,7.0,,,,,,,,8.0,13.0,,,2.0,,,,,1.0,5.0,,90.0,,,,,,,,,,,7.7,,,,,10.0,12.0,,,,45.0,7.0,40.0,0,3.0,81.0,4.0,5.0,5.0,
2015-16,6768351,19,4,Newcastle_United,Away,22126,Georginio Wijnaldum,georginio-wijnaldum,M,False,1.0,,1.0,23.0,6.0,28.0,1.0,1.0,7.0,,,,,,,2.0,4.0,4.0,,,,,,,,1.0,2.0,,90.0,1.0,,,,,,,,,,6.9,,,,1.0,2.0,2.0,,2.0,,28.0,11.0,37.0,1,1.0,52.0,1.0,1.0,1.0,
2015-16,6768351,19,4,Newcastle_United,Away,26982,Yoan Gouffran,yoan-gouffran,M,True,,,,,,,,,,,,,,,,,,,,,,,,,,,,,,,,,,,,,,,,,,,,,,,,,,,,,0,,,,,,
2015-16,6768351,19,4,Newcastle_United,Away,27014,Moussa Sissoko,moussa-sissoko,M,False,2.0,,1.0,18.0,9.0,25.0,1.0,,6.0,,,,,,,2.0,7.0,3.0,,,2.0,,,,,,,,90.0,,,,,,,,,,,6.3,,,,1.0,5.0,5.0,,1.0,,24.0,11.0,30.0,0,,49.0,1.0,1.0,2.0,
2015-16,6768351,19,4,Newcastle_United,Away,30262,Siem de Jong,siem-de-jong,M,True,,,1.0,1.0,4.0,5.0,1.0,,,,,,,,,,1.0,1.0,,,,,,,,1.0,,,18.0,,,,,,,,,,,6.6,,,,,,,,1.0,,1.0,4.0,5.0,0,1.0,7.0,,,,
2015-16,6768351,19,4,Newcastle_United,Away,40686,Jack Colback,jack-colback,M,False,1.0,,4.0,15.0,17.0,31.0,,1.0,3.0,,,,1.0,,,2.0,4.0,3.0,,,1.0,,,,,2.0,,,86.0,,,,,,,,,,,6.6,,,,3.0,,2.0,,4.0,,17.0,18.0,33.0,0,2.0,47.0,1.0,,,
2015-16,6768351,19,35,West_Bromwich_Albion,Home,53783,Callum McManaman,callum-mcmanaman,M,True,,,,,,,,,,,,,,,,,,,,,,,,,,,,,,,,,,,,,,,,,,,,,,,,,,,,,0,,,,,,
2015-16,6768351,19,35,West_Bromwich_Albion,Home,151037,Claudio Yacob,claudio-yacob,M,False,1.0,,,17.0,8.0,24.0,,2.0,8.0,1.0,,,1.0,,,1.0,3.0,6.0,,,1.0,1.0,,,,4.0,1.0,,90.0,,,,,,,,,,,7.8,,,1.0,1.0,,1.0,,,,18.0,10.0,27.0,1,4.0,44.0,,1.0,,
2015-16,6768371,19,57,Watford,Home,642,Ben Watson,ben-watson,M,False,1.0,,7.0,14.0,16.0,29.0,,4.0,6.0,,,,3.0,,,1.0,4.0,5.0,,,,,,,,4.0,1.0,,90.0,,,,,,,,,,,6.7,,,,2.0,,6.0,,13.0,,29.0,20.0,43.0,0,1.0,60.0,,,,
2015-16,6768371,19,57,Watford,Home,4366,Almen Abdi,almen-abdi,M,False,,,1.0,12.0,3.0,15.0,1.0,1.0,4.0,,,1.0,,,,1.0,4.0,1.0,,,2.0,,,,,2.0,1.0,,45.0,,,,,,,,,,,6.7,,,,,,,,1.0,,12.0,5.0,17.0,1,,24.0,,,,
2015-16,6768371,19,6,Tottenham_Hotspur,Away,9865,Mousa Dembélé,mousa-dembele,M,False,,,,10.0,13.0,23.0,,,7.0,,,,,,,,1.0,1.0,,,1.0,,,,,1.0,,,45.0,,,,,,,,,,,6.6,,,,,1.0,,,,,13.0,13.0,26.0,0,,28.0,,,1.0,
2015-16,6768371,19,57,Watford,Home,11654,Valon Behrami,valon-behrami,M,True,,,,1.0,,1.0,4.0,,1.0,,,,1.0,,,,6.0,,,,1.0,,,,,1.0,,,45.0,,,,,,,,,,,6.3,,,,,,,,1.0,,3.0,,3.0,0,,12.0,1.0,,,
2015-16,6768371,19,57,Watford,Home,13990,José Jurado,jose-jurado,M,False,,,1.0,12.0,16.0,28.0,1.0,,9.0,,,,,,,1.0,4.0,5.0,,,1.0,,,,,3.0,1.0,,68.0,,,,,,,,,,,6.9,,,1.0,1.0,2.0,,,1.0,,20.0,17.0,37.0,1,2.0,58.0,2.0,2.0,1.0,
2015-16,6768371,19,57,Watford,Home,16701,Étienne Capoue,etienne-capoue,M,False,1.0,,2.0,11.0,11.0,21.0,,1.0,7.0,,,,1.0,,,,3.0,7.0,,,1.0,,,,,4.0,,,90.0,,,,,,,,,,,7.1,,,2.0,1.0,1.0,1.0,,6.0,,19.0,14.0,32.0,2,3.0,50.0,1.0,3.0,,
2015-16,6768371,19,57,Watford,Home,20364,Ikechi Anya,ikechi-anya,M,False,,,3.0,8.0,11.0,19.0,,2.0,5.0,,,,,,,1.0,2.0,6.0,,,1.0,,,,,4.0,,,90.0,,,,,,,,,,,6.6,,,,1.0,,2.0,,9.0,,19.0,12.0,29.0,0,1.0,59.0,1.0,3.0,,
2015-16,6768371,19,57,Watford,Home,27803,Alessandro Diamanti,alessandro-diamanti,M,True,,,,,,,,,,,,,,,,,,,,,,,,,,,,,,,,,,,,,,,,,,,,,,,,,,,,,0,,,,,,
2015-16,6768371,19,6,Tottenham_Hotspur,Away,32492,Nacer Chadli,nacer-chadli,M,True,,,1.0,2.0,1.0,3.0,,1.0,1.0,,,,,,,,,2.0,,,,,,,,,,,9.0,,,,,,,,,,,6.7,,,,2.0,,,,2.0,,2.0,3.0,5.0,0,,8.0,,1.0,,
2015-16,6768371,19,6,Tottenham_Hotspur,Away,44567,Ryan Mason,ryan-mason,M,True,,,,,,,,,,,,,,,,,,,,,,,,,,,,,,,,,,,,,,,,,,,,,,,,,,,,,0,,,,,,
2015-16,6768371,19,57,Watford,Home,45989,Adlène Guédioura,adlene-guedioura,M,True,,,,,,,,,,,,,,,,,,,,,,,,,,,,,,,,,,,,,,,,,,,,,,,,,,,,,0,,,,,,
2015-16,6768371,19,6,Tottenham_Hotspur,Away,105734,Christian Eriksen,christian-eriksen,M,True,,,6.0,30.0,7.0,37.0,2.0,,6.0,,,,1.0,,,,6.0,1.0,,,,,,,,2.0,1.0,,45.0,,,,,,,,,,,6.8,,,1.0,1.0,4.0,,,8.0,,38.0,7.0,45.0,1,,54.0,,,1.0,
2015-16,6768371,19,6,Tottenham_Hotspur,Away,122702,Erik Lamela,erik-lamela,M,False,,,,18.0,5.0,23.0,,,6.0,,,,1.0,,,2.0,7.0,3.0,,,3.0,,1.0,,,2.0,,,90.0,1.0,,,,,,,,,,7.2,,,1.0,,3.0,4.0,,,1.0,29.0,7.0,32.0,2,,47.0,1.0,1.0,2.0,
2015-16,6768371,19,6,Tottenham_Hotspur,Away,198028,Dele Alli,dele-alli,M,False,,,2.0,22.0,15.0,37.0,,2.0,7.0,,,,,,,,3.0,8.0,,,2.0,,,,,7.0,1.0,,81.0,,,,,,,,,,,7.3,,,1.0,1.0,2.0,,,3.0,,29.0,16.0,45.0,1,3.0,67.0,3.0,2.0,1.0,
2015-16,6768371,19,6,Tottenham_Hotspur,Away,801460,Tom Carroll,carroll-tom,M,False,,,8.0,23.0,11.0,34.0,1.0,,4.0,,,,,,,1.0,4.0,2.0,,,1.0,,,,,3.0,,,68.0,,,,,,,,,,,6.8,,,,,1.0,,,10.0,,30.0,13.0,43.0,0,1.0,54.0,2.0,1.0,,
2015-16,6768372,19,20,Southampton,Away,559,Steven Davis,steven-davis,M,False,1.0,,1.0,38.0,9.0,46.0,2.0,,9.0,,,1.0,1.0,,,4.0,10.0,5.0,,,1.0,,,,,1.0,1.0,,90.0,,,,,,,,,,,6.4,,,2.0,1.0,3.0,8.0,,5.0,,57.0,9.0,58.0,3,3.0,82.0,,1.0,1.0,
2015-16,6768372,19,21,West_Ham_United,Home,9741,Mark Noble,mark-noble,M,False,,,3.0,32.0,33.0,65.0,,1.0,7.0,,,,3.0,,,1.0,4.0,6.0,,,,,,,,4.0,3.0,,90.0,,,,,,,,,,,7.3,,,,,,2.0,,6.0,,41.0,35.0,74.0,0,5.0,91.0,,,,
2015-16,6768372,19,21,West_Ham_United,Home,12987,Alex Song,alex-song,M,False,,,,10.0,5.0,15.0,2.0,3.0,3.0,,,,1.0,,,2.0,6.0,4.0,,,1.0,,,,,,,,45.0,,,,,,,,,,,6.2,,,,,,,,,,17.0,6.0,23.0,0,1.0,27.0,,,,
2015-16,6768372,19,21,West_Ham_United,Home,45944,Cheikhou Kouyaté,cheikhou-kouyate,M,False,,,2.0,13.0,23.0,36.0,1.0,4.0,7.0,,,,1.0,,,,3.0,10.0,,,1.0,,,,,4.0,,,90.0,,,,,,,,,,,7.4,,,1.0,3.0,,1.0,,4.0,,21.0,27.0,47.0,1,5.0,66.0,1.0,1.0,,
2015-16,6768372,19,20,Southampton,Away,45956,Victor Wanyama,victor-wanyama,M,False,,,4.0,17.0,14.0,31.0,1.0,1.0,8.0,,,,1.0,,,,4.0,6.0,1.0,,,,,,,4.0,1.0,,90.0,,,,,,,,,,,6.6,,,1.0,3.0,3.0,,,7.0,,26.0,18.0,44.0,1,4.0,62.0,,,1.0,
2015-16,6768372,19,21,West_Ham_United,Home,46799,Pedro Obiang,pedro-obiang,M,True,,,,2.0,,2.0,,,1.0,,,,,,,,,,,,,,,,,,,,4.0,,,,,,,,,,,6.5,,,,,,,,1.0,,3.0,1.0,4.0,0,,4.0,,,,
2015-16,6768372,19,20,Southampton,Away,69416,Oriol Romeu,oriol-romeu,M,False,,,4.0,26.0,19.0,45.0,2.0,2.0,8.0,,,,1.0,,,,5.0,6.0,,,2.0,,,,,1.0,,,90.0,1.0,,,,,,,,,,7.1,,,1.0,1.0,,,,5.0,,29.0,23.0,52.0,2,4.0,65.0,2.0,,,
2015-16,6768372,19,20,Southampton,Away,116946,Jordy Clasie,jordy-clasie,M,True,,,,,,,,,,,,,,,,,,,,,,,,,,,,,,,,,,,,,,,,,,,,,,,,,,,,,0,,,,,,
2015-16,6768372,19,20,Southampton,Away,135590,Gastón Ramírez,gaston-ramirez,M,True,,,,6.0,,6.0,,,,,,,,,,1.0,2.0,,,,,,,,,,1.0,,15.0,,,,,,,,,,,6.0,,,,,1.0,5.0,,,,12.0,,7.0,0,,17.0,,,,
2015-16,6768372,19,20,Southampton,Away,161717,James Ward-Prowse,james-ward-prowse,M,True,,,,,,,,,,,,,,,,,,,,,,,,,,,,,,,,,,,,,,,,,,,,,,,,,,,,,0,,,,,,
2015-16,6768372,19,20,Southampton,Away,217704,Sadio Mané,sadio-mane,M,False,1.0,,,18.0,2.0,19.0,4.0,,6.0,,,,,,,3.0,9.0,3.0,,,,,,,,,2.0,,75.0,,,,,,,,,,,6.4,,,1.0,,5.0,2.0,,,,24.0,2.0,24.0,1,,41.0,2.0,,3.0,
2015-16,6768372,19,21,West_Ham_United,Home,220315,Manuel Lanzini,manuel-lanzini,M,True,1.0,,1.0,14.0,9.0,22.0,,,10.0,,,,,,,,3.0,3.0,,,,,,,,,1.0,,45.0,,,,,,,,,,,6.7,,,1.0,1.0,3.0,4.0,,1.0,,19.0,10.0,25.0,1,1.0,40.0,1.0,2.0,,
2015-16,6768372,19,21,West_Ham_United,Home,792122,Josh Cullen,cullen-josh,M,True,,,,,,,,,,,,,,,,,,,,,,,,,,,,,,,,,,,,,,,,,,,,,,,,,,,,,0,,,,,,
2015-16,6768320,20,8,Chelsea,Away,518,Cesc Fàbregas,cesc-fabregas,M,False,,,7.0,62.0,31.0,93.0,2.0,1.0,10.0,,,,3.0,,,,7.0,3.0,,,2.0,,,,,1.0,1.0,,90.0,,,,,,,,,,,7.0,,,,,,1.0,,7.0,,74.0,31.0,104.0,0,1.0,116.0,2.0,1.0,,
2015-16,6768320,20,8,Chelsea,Away,7311,John Obi Mikel,john-obi-mikel,M,False,,,5.0,36.0,42.0,78.0,2.0,1.0,7.0,,,,1.0,,,1.0,7.0,6.0,,,3.0,,,,,1.0,,,90.0,,1.0,,,,,,,,,7.1,,,,1.0,1.0,,,6.0,,39.0,43.0,82.0,0,3.0,93.0,,1.0,1.0,
2015-16,6768320,20,31,Crystal_Palace,Home,9921,Joe Ledley,joe-ledley,M,True,,,,8.0,8.0,16.0,1.0,,4.0,,,,,,,,1.0,1.0,,,,,,,,,,,23.0,,,,,,,,,,,6.7,,,,2.0,,,,1.0,,11.0,9.0,20.0,0,1.0,23.0,,,,
2015-16,6768320,20,31,Crystal_Palace,Home,19593,Jason Puncheon,jason-puncheon,M,False,5.0,,2.0,31.0,11.0,37.0,,,3.0,1.0,,2.0,2.0,,,,6.0,3.0,,,1.0,,,,,2.0,3.0,,90.0,1.0,,,,,,,,,,7.1,,,,,3.0,10.0,,4.0,,41.0,11.0,42.0,3,1.0,68.0,3.0,2.0,,
2015-16,6768320,20,8,Chelsea,Away,31417,Willian,willian,M,False,3.0,,4.0,36.0,12.0,45.0,,,6.0,1.0,,,,,,2.0,4.0,4.0,,,2.0,,1.0,,,,2.0,,90.0,1.0,,,,,,,,,,7.9,,,,,2.0,8.0,,4.0,,46.0,13.0,51.0,1,1.0,68.0,1.0,1.0,2.0,
2015-16,6768320,20,8,Chelsea,Away,33110,Ramires,ramires,M,True,,,,,,,,,,,,,,,,,,,,,,,,,,,,,,,,,,,,,,,,,,,,,,,,,,,,,0,,,,,,
2015-16,6768320,20,31,Crystal_Palace,Home,38130,Jordon Mutch,jordon-mutch,M,True,,,,,,,,,,,,,,,,,,,,,,,,,,,,,,,,,,,,,,,,,,,,,,,,,,,,,0,,,,,,
2015-16,6768320,20,31,Crystal_Palace,Home,38639,Chung-yong Lee,chung-yong-lee,M,False,1.0,,2.0,14.0,17.0,30.0,1.0,1.0,7.0,,,,1.0,,,3.0,6.0,8.0,,,1.0,,,,,2.0,1.0,,80.0,,,,,,,,,,,6.7,,,,,1.0,4.0,,3.0,,20.0,17.0,33.0,0,4.0,54.0,,2.0,1.0,
2015-16,6768320,20,31,Crystal_Palace,Home,39282,James McArthur,james-mcarthur,M,False,,,2.0,11.0,20.0,31.0,1.0,2.0,8.0,,,,1.0,,,1.0,3.0,5.0,,,,,,,,4.0,1.0,,90.0,,,,,,,,,,,6.8,,,,1.0,,,,6.0,,18.0,25.0,43.0,0,2.0,53.0,,1.0,,
2015-16,6768320,20,8,Chelsea,Away,39400,Oscar,oscar,M,False,,,4.0,35.0,13.0,48.0,2.0,1.0,6.0,,,1.0,1.0,,,2.0,6.0,11.0,,,1.0,1.0,1.0,,,1.0,4.0,,88.0,1.0,,,,,,,,,,8.7,,,,,1.0,,,6.0,,42.0,16.0,58.0,2,5.0,77.0,2.0,4.0,1.0,
2015-16,6768320,20,8,Chelsea,Away,44241,Nemanja Matić,nemanja-matic,M,True,,,,2.0,2.0,4.0,,,,,,,1.0,,,,1.0,1.0,,,,,,,,1.0,,,2.0,,,,,,,,,,,,,,,,1.0,,,,,2.0,2.0,4.0,0,,7.0,,,1.0,
2015-16,6768320,20,31,Crystal_Palace,Home,84686,Pape Souaré,pape-souare,M,False,,,1.0,12.0,15.0,27.0,,,6.0,,,,,,,,2.0,1.0,,,1.0,,,,,3.0,,,90.0,,,,,,,,,,,6.0,,,,1.0,1.0,3.0,,7.0,,23.0,16.0,36.0,0,,47.0,,1.0,,
2015-16,6768320,20,31,Crystal_Palace,Home,94752,Jonathan Williams,jonathan-williams,M,True,,,,3.0,2.0,5.0,1.0,,2.0,,,,,,,,1.0,,,,,,,,,,,,10.0,,,,,,,,,,,6.5,,,,,,,,,,3.0,2.0,5.0,0,,5.0,,,,
2015-16,6768320,20,31,Crystal_Palace,Home,111850,Wilfried Zaha,wilfried-zaha,M,False,1.0,,1.0,7.0,4.0,10.0,,1.0,4.0,,,,,,,3.0,10.0,11.0,,,1.0,,,,,2.0,,,90.0,1.0,,,,,,,,,,6.4,,,1.0,,11.0,6.0,,2.0,,14.0,4.0,12.0,2,2.0,50.0,3.0,4.0,5.0,
2015-16,6768320,20,8,Chelsea,Away,284441,Ruben Loftus-Cheek,ruben-loftus-cheek,M,True,,,,,,,,,,,,,,,,,,,,,,,,,,,,,,,,,,,,,,,,,,,,,,,,,,,,,0,,,,,,
2015-16,6768330,20,35,West_Bromwich_Albion,Home,765,Darren Fletcher,darren-fletcher,M,False,,,2.0,25.0,11.0,36.0,,,5.0,,,1.0,1.0,,,1.0,4.0,2.0,,,,,,,,1.0,,,90.0,,,,,,,,,,,6.7,,,2.0,2.0,4.0,2.0,,4.0,,34.0,11.0,43.0,3,,59.0,1.0,,2.0,
2015-16,6768330,20,35,West_Bromwich_Albion,Home,822,James Morrison,james-morrison,M,False,,,2.0,24.0,6.0,30.0,1.0,,7.0,,,3.0,2.0,,,1.0,6.0,4.0,,,1.0,1.0,,,,2.0,1.0,,90.0,1.0,,,,,,,,,,7.4,,,,,2.0,,,4.0,,30.0,9.0,39.0,4,3.0,55.0,1.0,1.0,,
2015-16,6768330,20,110,Stoke_City,Away,2525,Ibrahim Afellay,ibrahim-afellay,M,False,,,3.0,33.0,24.0,57.0,,1.0,7.0,,,,,,,,3.0,6.0,,,,,,,,1.0,1.0,,90.0,,,,,,,,,,,6.8,,,,,5.0,,,3.0,,37.0,29.0,66.0,0,1.0,75.0,,2.0,2.0,
2015-16,6768330,20,110,Stoke_City,Away,9104,Marc Wilson,marc-wilson,M,True,,,,,,,,,,,,,,,,,,,,,,,,,,,,,,,,,,,,,,,,,,,,,,,,,,,,,0,,,,,,
2015-16,6768330,20,110,Stoke_City,Away,9360,Charlie Adam,charlie-adam,M,True,,,,1.0,,1.0,,,,,,,,,,,,1.0,,,,,,,,1.0,,,5.0,,1.0,,,,,,,,,6.8,,,1.0,,,,,1.0,,2.0,,2.0,1,1.0,9.0,,,,
2015-16,6768330,20,110,Stoke_City,Away,10535,Glenn Whelan,glenn-whelan,M,False,,,2.0,23.0,22.0,45.0,,2.0,2.0,,,,1.0,,,1.0,4.0,3.0,,,2.0,,,,,1.0,,,68.0,,1.0,,,,,,,,,6.5,,,,2.0,,1.0,,4.0,,26.0,26.0,51.0,0,1.0,59.0,,,,
2015-16,6768330,20,35,West_Bromwich_Albion,Home,10540,Chris Brunt,chris-brunt,M,False,4.0,,1.0,20.0,3.0,19.0,,2.0,3.0,,,,,,,1.0,2.0,5.0,,,1.0,,,,,,2.0,,90.0,,1.0,,,,,,,,,6.8,,,,2.0,,9.0,,6.0,,31.0,5.0,27.0,0,2.0,51.0,,1.0,,
2015-16,6768330,20,35,West_Bromwich_Albion,Home,14235,Craig Gardner,craig-gardner,M,False,1.0,,,16.0,3.0,18.0,5.0,1.0,4.0,,,,1.0,,,,9.0,6.0,,,3.0,,,,,1.0,1.0,,89.0,2.0,,,,,,,,,,7.2,,,1.0,2.0,,2.0,,4.0,,23.0,5.0,26.0,3,3.0,43.0,1.0,2.0,,
2015-16,6768330,20,35,West_Bromwich_Albion,Home,16657,Stéphane Sessègnon,stephane-sessegnon,M,False,1.0,,,19.0,5.0,23.0,1.0,,5.0,,,,2.0,,,1.0,7.0,9.0,,,1.0,,1.0,,,,2.0,,90.0,1.0,,,,,,,,,,7.1,,,,,6.0,4.0,,4.0,,28.0,7.0,31.0,1,,54.0,3.0,5.0,4.0,
2015-16,6768330,20,35,West_Bromwich_Albion,Home,53783,Callum McManaman,callum-mcmanaman,M,True,1.0,,,1.0,1.0,1.0,,,,,,,,,,,,,,,,,,,,,1.0,,1.0,,,,,,,,,,,,,,,,,1.0,,,,1.0,1.0,1.0,0,,2.0,,,,
2015-16,6768330,20,110,Stoke_City,Away,65953,Xherdan Shaqiri,xherdan-shaqiri,M,False,3.0,,,17.0,6.0,20.0,,,3.0,,,,,,,2.0,4.0,3.0,,,4.0,,,,,,3.0,,85.0,,,,,,,,,,,6.8,,,1.0,,,7.0,,1.0,,27.0,6.0,26.0,1,1.0,44.0,2.0,2.0,,
2015-16,6768330,20,35,West_Bromwich_Albion,Home,151037,Claudio Yacob,claudio-yacob,M,False,,,3.0,13.0,15.0,28.0,3.0,1.0,5.0,,,,1.0,,,1.0,6.0,5.0,,,1.0,,,,,,1.0,,85.0,,,,,,,,,,,6.7,,,,1.0,,,,5.0,,16.0,17.0,33.0,0,3.0,40.0,,1.0,,
2015-16,6768331,20,11,Everton,Home,544,Gareth Barry,gareth-barry,M,False,,,5.0,24.0,19.0,43.0,1.0,2.0,8.0,,,,,,,1.0,4.0,7.0,,,3.0,,,,,2.0,,,90.0,,3.0,,,,,,,,,7.4,,,,4.0,1.0,1.0,,7.0,,34.0,21.0,54.0,0,4.0,77.0,1.0,,1.0,
2015-16,6768331,20,11,Everton,Home,1161,Leon Osman,leon-osman,M,True,,,,,,,,,,,,,,,,,,,,,,,,,,,,,,,,,,,,,,,,,,,,,,,,,,,,,0,,,,,,
2015-16,6768331,20,11,Everton,Home,3593,Kevin Mirallas,kevin-mirallas,M,True,,,,,,,,,,,,,,,,,,,,,,,,,,,,,,,,,,,,,,,,,,,,,,,,,,,,,0,,,,,,
2015-16,6768331,20,11,Everton,Home,9692,Aaron Lennon,aaron-lennon,M,False,1.0,,1.0,7.0,1.0,7.0,,,,,,,,,,,1.0,2.0,,,,,1.0,,,1.0,1.0,,60.0,1.0,,,,,,,,,,7.4,,,,1.0,2.0,1.0,,1.0,,11.0,2.0,12.0,1,1.0,22.0,,,1.0,
2015-16,6768331,20,6,Tottenham_Hotspur,Away,32492,Nacer Chadli,nacer-chadli,M,True,,,,1.0,3.0,4.0,,,1.0,,,,,,,,,,,,,,,,,,,,7.0,,,,,,,,,,,6.6,,,,,,,,,,2.0,3.0,5.0,0,,5.0,,,,
2015-16,6768331,20,11,Everton,Home,46432,Tom Cleverley,tom-cleverley,M,False,1.0,,7.0,17.0,24.0,40.0,,,8.0,,,1.0,2.0,,,,2.0,4.0,,,,,,,,1.0,2.0,,90.0,,,,,,,,,,,7.3,,,,2.0,,2.0,,10.0,,25.0,25.0,48.0,1,3.0,61.0,2.0,1.0,,
2015-16,6768331,20,11,Everton,Home,98435,Ross Barkley,ross-barkley,M,False,,,7.0,20.0,16.0,36.0,1.0,2.0,3.0,,,,2.0,,,3.0,9.0,8.0,,,2.0,,,,,1.0,1.0,,90.0,1.0,,,,,,,,,,7.0,,,1.0,,5.0,1.0,,8.0,1.0,27.0,17.0,43.0,2,,61.0,2.0,2.0,4.0,
2015-16,6768331,20,6,Tottenham_Hotspur,Away,105734,Christian Eriksen,christian-eriksen,M,False,2.0,,2.0,35.0,11.0,44.0,,,11.0,,,1.0,1.0,,,,1.0,6.0,,,,,,,,1.0,3.0,,69.0,1.0,,,,,,,,,,7.9,,,,,2.0,2.0,,2.0,,43.0,11.0,52.0,2,3.0,65.0,2.0,1.0,2.0,
2015-16,6768331,20,6,Tottenham_Hotspur,Away,122702,Erik Lamela,erik-lamela,M,False,1.0,,1.0,21.0,8.0,28.0,2.0,,5.0,,,2.0,4.0,,,3.0,15.0,7.0,,,5.0,,,,,,1.0,,88.0,,,,,,,,,,,6.4,,,,2.0,4.0,4.0,,1.0,,33.0,11.0,40.0,2,4.0,62.0,1.0,,3.0,
2015-16,6768331,20,11,Everton,Home,124960,Muhamed Bešić,muhamed-besic,M,True,,,1.0,7.0,7.0,14.0,,1.0,8.0,,,,,,,1.0,2.0,6.0,,,,,,,,,,,30.0,1.0,,,,,,,,,,7.2,,,,,4.0,,,2.0,,12.0,8.0,20.0,1,2.0,32.0,,,3.0,
2015-16,6768331,20,6,Tottenham_Hotspur,Away,198028,Dele Alli,dele-alli,M,False,,,1.0,30.0,3.0,33.0,2.0,,3.0,,,3.0,1.0,,,4.0,9.0,3.0,,,,,1.0,,,1.0,3.0,,83.0,2.0,1.0,,,,,,,,,7.4,,,1.0,,2.0,,,1.0,,37.0,3.0,40.0,6,,63.0,3.0,3.0,,
2015-16,6768331,20,6,Tottenham_Hotspur,Away,361332,Joshua Onomah,joshua-onomah,M,True,,,,1.0,2.0,3.0,,,1.0,,,,,,,,,,,,,,,,,1.0,1.0,,2.0,,,,,,,,,,,,,,,,,,,,,1.0,2.0,3.0,0,,4.0,,,,
2015-16,6768331,20,6,Tottenham_Hotspur,Away,368120,Nabil Bentaleb,nabil-bentaleb,M,True,,,,,,,,,,,,,,,,,,,,,,,,,,,,,,,,,,,,,,,,,,,,,,,,,,,,,0,,,,,,
2015-16,6768331,20,6,Tottenham_Hotspur,Away,801460,Tom Carroll,carroll-tom,M,False,,,5.0,47.0,24.0,71.0,3.0,,7.0,,,,1.0,,,1.0,6.0,5.0,,,1.0,,,,,4.0,4.0,,90.0,1.0,,,,,,,,,,7.6,,,,1.0,,,,8.0,,56.0,24.0,80.0,1,4.0,100.0,3.0,1.0,,
2015-16,6768333,20,45,Norwich_City,Home,512,Alexander Tettey,alexander-tettey,M,False,,,2.0,21.0,15.0,36.0,2.0,3.0,5.0,,,,1.0,,,,4.0,5.0,,,,,1.0,,,1.0,,,90.0,1.0,,,,,,,,,,7.5,,,2.0,4.0,2.0,,,5.0,,25.0,22.0,47.0,3,1.0,60.0,1.0,,1.0,
2015-16,6768333,20,20,Southampton,Away,559,Steven Davis,steven-davis,M,False,,,4.0,37.0,20.0,57.0,1.0,,5.0,,,1.0,1.0,,,2.0,5.0,1.0,,,1.0,,,,,,,,90.0,,,,,,,,,,,6.5,,,,1.0,,,,6.0,,45.0,20.0,65.0,1,,74.0,1.0,1.0,,
2015-16,6768333,20,45,Norwich_City,Home,9148,Graham Dorrans,graham-dorrans,M,True,,,,,,,,,,,,,,,,,,,,,,,,,,,,,,,,,,,,,,,,,,,,,,,,,,,,,0,,,,,,
2015-16,6768333,20,45,Norwich_City,Home,14336,Wesley Hoolahan,wesley-hoolahan,M,False,,,2.0,19.0,4.0,23.0,,,5.0,,,1.0,,,,,2.0,3.0,,,1.0,,,,,,,,82.0,,,,,,,,,,,6.9,,,1.0,,1.0,,,3.0,,26.0,5.0,31.0,2,1.0,42.0,2.0,2.0,,
2015-16,6768333,20,45,Norwich_City,Home,17806,Vadis Odjidja-Ofoe,vadis-odjidja-ofoe,M,True,,,,9.0,2.0,11.0,1.0,,,,,,1.0,,,,4.0,3.0,,,,1.0,,,,,2.0,,27.0,,,,,,,,,,,6.7,,,,,4.0,1.0,,,,10.0,3.0,12.0,0,,20.0,,1.0,2.0,
2015-16,6768333,20,45,Norwich_City,Home,18712,Youssouf Mulumbu,youssouf-mulumbu,M,True,,,,,,,,,,,,,,,,,,,,,,,,,,,,,,,,,,,,,,,,,,,,,,,,,,,,,0,,,,,,
2015-16,6768333,20,45,Norwich_City,Home,29691,Gary O'Neil,gary-oneil,M,False,,,5.0,19.0,18.0,37.0,2.0,1.0,5.0,,,,,,,3.0,7.0,1.0,,,2.0,,,,,1.0,1.0,,90.0,,,,,,,,,,,6.3,,,,1.0,1.0,1.0,,5.0,,23.0,23.0,45.0,0,,56.0,3.0,,,
2015-16,6768333,20,20,Southampton,Away,45956,Victor Wanyama,victor-wanyama,M,False,,,2.0,14.0,22.0,36.0,3.0,8.0,5.0,,,,1.0,,,1.0,8.0,10.0,,,3.0,,,,,,,,73.0,,1.0,,,,,,,,,6.4,,,1.0,1.0,,,,5.0,,20.0,24.0,44.0,1,2.0,50.0,,,,
2015-16,6768333,20,45,Norwich_City,Home,115346,Nathan Redmond,nathan-redmond,M,False,,,1.0,9.0,6.0,15.0,1.0,1.0,3.0,,,,,,,1.0,3.0,5.0,,,,,,,,2.0,,,63.0,,,,,,,,,,,6.8,,,,1.0,3.0,2.0,,4.0,,17.0,10.0,25.0,0,,40.0,2.0,2.0,2.0,
2015-16,6768333,20,20,Southampton,Away,116946,Jordy Clasie,jordy-clasie,M,False,,,8.0,25.0,22.0,47.0,3.0,1.0,7.0,,,,3.0,,,,6.0,5.0,,,,,,,,3.0,1.0,,80.0,1.0,,,,,,,,,,7.2,,,,1.0,,,,12.0,,33.0,26.0,59.0,1,3.0,72.0,1.0,1.0,,
2015-16,6768333,20,20,Southampton,Away,135590,Gastón Ramírez,gaston-ramirez,M,True,,,,,,,,,1.0,,,,,,,,1.0,1.0,,,,,,,,1.0,,,3.0,,,,,,,,,,,,,,,1.0,1.0,,,,,,,,0,1.0,6.0,,,,
2015-16,6768333,20,20,Southampton,Away,161717,James Ward-Prowse,james-ward-prowse,M,False,1.0,,,14.0,14.0,27.0,,,4.0,,,,2.0,,,,2.0,2.0,,,,,,,,,2.0,,87.0,1.0,,,,,,,,,,6.6,,,,1.0,,9.0,,,,27.0,14.0,32.0,1,2.0,48.0,1.0,,,
2015-16,6768333,20,20,Southampton,Away,217704,Sadio Mané,sadio-mane,M,True,,,,6.0,,6.0,,,,,,,,,,,,,,,,,,,,,,,10.0,,,,,,,,,,,6.5,,,,,,1.0,,,,8.0,,7.0,0,,9.0,,,,
2015-16,6768333,20,45,Norwich_City,Home,267621,Robbie Brady,robbie-brady,M,False,1.0,,4.0,20.0,8.0,27.0,1.0,,8.0,,,1.0,,,,2.0,5.0,4.0,,,2.0,,,,,2.0,1.0,,90.0,,,,,,,,,,,7.2,,,,2.0,2.0,7.0,,11.0,,35.0,13.0,41.0,1,2.0,75.0,1.0,,2.0,
2015-16,6768333,20,20,Southampton,Away,365802,Harrison Reed,harrison-reed,M,True,,,,3.0,4.0,7.0,1.0,1.0,1.0,,,,,,,1.0,2.0,2.0,,,,,,,,,,,10.0,,,,,,,,,,,6.5,,,,,,,,,,5.0,4.0,9.0,0,1.0,13.0,2.0,,,
2015-16,6768335,20,13,Leicester_City,Home,4252,Gökhan Inler,gokhan-inler,M,True,,,,,,,,,,,,,,,,,,,,,,,,,,,,,,,,,,,,,,,,,,,,,,,,,,,,,0,,,,,,
2015-16,6768335,20,91,Bournemouth,Away,11764,Marc Pugh,marc-pugh,M,True,,,,,,,,,,,,,,,,,,,,,,,,,,,,,,,,,,,,,,,,,,,,,,,,,,,,,0,,,,,,
2015-16,6768335,20,13,Leicester_City,Home,14231,Nathan Dyer,nathan-dyer,M,True,,,1.0,11.0,1.0,12.0,,,3.0,,,,,,,2.0,4.0,2.0,,,,,,,,,,,45.0,,,,,,,,,,,6.2,,,,,2.0,1.0,,1.0,,14.0,1.0,14.0,0,1.0,31.0,6.0,1.0,,
2015-16,6768335,20,91,Bournemouth,Away,14695,Andrew Surman,andrew-surman,M,False,,,4.0,15.0,25.0,40.0,2.0,,11.0,,,,,,,1.0,5.0,3.0,,,2.0,,,,,1.0,1.0,,90.0,,,,,,,,,,,7.0,,,,4.0,1.0,,,7.0,,22.0,28.0,50.0,0,1.0,61.0,,1.0,1.0,
2015-16,6768335,20,13,Leicester_City,Home,30530,Andy King,andy-king,M,True,,,,,,,,,,,,,,,,,,,,,,,,,,,,,,,,,,,,,,,,,,,,,,,,,,,,,0,,,,,,
2015-16,6768335,20,91,Bournemouth,Away,39121,Harry Arter,harry-arter,M,False,,,2.0,9.0,20.0,29.0,,1.0,4.0,,,,,,,3.0,5.0,7.0,,,1.0,,,,,,1.0,,60.0,,,,,,,,,,,7.0,,,,,4.0,,,4.0,,13.0,23.0,36.0,0,3.0,48.0,,,3.0,
2015-16,6768335,20,91,Bournemouth,Away,42699,Matt Ritchie,matt-ritchie,M,False,,,6.0,8.0,24.0,32.0,2.0,,7.0,,,,1.0,,,2.0,5.0,6.0,,,,,,,,2.0,2.0,,90.0,,,,,,,,,,,7.2,,,,,1.0,4.0,,10.0,,17.0,28.0,41.0,0,4.0,61.0,3.0,1.0,1.0,
2015-16,6768335,20,91,Bournemouth,Away,44823,Junior Stanislas,junior-stanislas,M,False,,,,11.0,6.0,17.0,1.0,3.0,5.0,1.0,,2.0,1.0,,,,2.0,6.0,,,,,,,,,2.0,,90.0,,,,,,,,,,,7.3,,,1.0,1.0,2.0,4.0,,1.0,,21.0,11.0,28.0,3,1.0,43.0,2.0,,2.0,
2015-16,6768335,20,91,Bournemouth,Away,46738,Lee Tomlin,lee-tomlin,M,True,,,,,,,,,,,,,,,,,,,,,,,,,,,,,,,,,,,,,,,,,,,,,,,,,,,,,0,,,,,,
2015-16,6768335,20,13,Leicester_City,Home,47737,Marc Albrighton,marc-albrighton,M,False,1.0,,1.0,7.0,2.0,8.0,1.0,,4.0,,,,2.0,,,2.0,7.0,3.0,,,2.0,,,,,2.0,2.0,,65.0,,,,,,,,,,,6.4,,,,,,5.0,,5.0,,19.0,4.0,18.0,0,3.0,31.0,,,,
2015-16,6768335,20,13,Leicester_City,Home,54330,Danny Drinkwater,danny-drinkwater,M,False,1.0,,9.0,46.0,32.0,77.0,3.0,1.0,12.0,,,,1.0,,,3.0,9.0,4.0,,,2.0,,,,,1.0,1.0,,90.0,,,,,,,,,,,7.4,,,1.0,1.0,1.0,2.0,,10.0,,55.0,34.0,87.0,1,2.0,101.0,,,1.0,
2015-16,6768335,20,13,Leicester_City,Home,158213,Riyad Mahrez,riyad-mahrez,M,False,1.0,,6.0,33.0,6.0,38.0,1.0,,6.0,,1.0,1.0,1.0,,,4.0,9.0,2.0,,,,,,,,,3.0,,90.0,1.0,,,,,1.0,,,,,6.5,,,1.0,,5.0,3.0,,7.0,,41.0,9.0,47.0,3,,67.0,4.0,,2.0,
2015-16,6768335,20,13,Leicester_City,Home,234148,N'Golo Kanté,n-golo-kante,M,False,,,6.0,42.0,15.0,57.0,1.0,1.0,14.0,,,1.0,2.0,,,1.0,5.0,10.0,,,1.0,,,,,4.0,1.0,,90.0,,,,,,,,,,,8.4,,,3.0,1.0,3.0,1.0,,7.0,,49.0,15.0,63.0,4,5.0,89.0,1.0,1.0,3.0,
2015-16,6768341,20,1,Manchester_United,Home,326,Bastian Schweinsteiger,bastian-schweinsteiger,M,False,,,1.0,41.0,11.0,52.0,1.0,5.0,10.0,,,,,,,2.0,5.0,8.0,,,1.0,,,,,,,,90.0,,,,,,,,,,,6.7,,,,,2.0,,,2.0,,52.0,12.0,64.0,0,2.0,75.0,1.0,,1.0,
2015-16,6768341,20,1,Manchester_United,Home,938,Michael Carrick,michael-carrick,M,True,,,,,,,,,,,,,,,,,,,,,,,,,,,,,1.0,,,,,,,,,,,,,,,,,,,,,,,,0,,,,,,
2015-16,6768341,20,80,Swansea_City,Away,20538,Leon Britton,leon-britton,M,False,,,1.0,9.0,18.0,27.0,,,7.0,,,,3.0,,,,3.0,2.0,,,,,,,,1.0,,,62.0,,,,,,,,,,,6.3,,,,,,,,2.0,,10.0,22.0,32.0,0,,38.0,2.0,2.0,,
2015-16,6768341,20,80,Swansea_City,Away,20993,Jack Cork,jack-cork,M,False,,,2.0,16.0,25.0,41.0,2.0,2.0,7.0,,,,1.0,,,1.0,6.0,5.0,,,2.0,,,,,,1.0,,90.0,,1.0,,,,,,,,,6.7,,,,2.0,1.0,,,4.0,,23.0,26.0,49.0,0,2.0,58.0,1.0,,1.0,
2015-16,6768341,20,1,Manchester_United,Home,27009,Morgan Schneiderlin,morgan-schneiderlin,M,False,,,1.0,26.0,26.0,52.0,,1.0,8.0,,,,,,,,3.0,7.0,,,3.0,,,,,5.0,2.0,,90.0,,,,,,,,,,,7.7,,,,1.0,2.0,,,2.0,,29.0,27.0,56.0,0,3.0,70.0,,1.0,2.0,
2015-16,6768341,20,1,Manchester_United,Home,28367,Juan Mata,juan-mata,M,False,,,3.0,43.0,14.0,57.0,,,7.0,,,1.0,1.0,,,1.0,6.0,4.0,,,1.0,,,,,1.0,2.0,,90.0,2.0,,,,,,,,,,7.3,,,1.0,,5.0,2.0,,4.0,,50.0,15.0,63.0,4,2.0,84.0,1.0,,2.0,
2015-16,6768341,20,80,Swansea_City,Away,30243,Neil Taylor,neil-taylor,M,False,,,,10.0,3.0,13.0,,1.0,2.0,,,,1.0,,,2.0,7.0,3.0,,,3.0,,,,,3.0,,,90.0,,2.0,,,,,,,,,6.0,,,,2.0,1.0,,,6.0,,14.0,10.0,24.0,0,2.0,49.0,1.0,,,
2015-16,6768341,20,80,Swansea_City,Away,38642,Sung-Yueng Ki,sung-yueng-ki,M,False,,,7.0,16.0,29.0,45.0,,1.0,9.0,,,,,,,2.0,2.0,4.0,,,,,,,,1.0,,,90.0,,,,,,,,,,,7.0,,,1.0,1.0,1.0,,,7.0,,18.0,31.0,49.0,1,,65.0,1.0,2.0,1.0,
2015-16,6768341,20,80,Swansea_City,Away,43192,Gylfi Sigurðsson,gylfi-sigursson,M,False,1.0,,,18.0,6.0,23.0,2.0,,8.0,1.0,,2.0,2.0,,,2.0,8.0,4.0,,,,,1.0,,,3.0,3.0,,90.0,1.0,,,,,,,,,,7.7,,,,,2.0,4.0,,,,29.0,8.0,33.0,3,1.0,52.0,1.0,3.0,,
2015-16,6768341,20,80,Swansea_City,Away,54686,Jefferson Montero,jefferson-montero,M,True,,,,1.0,,1.0,,1.0,,,,,1.0,,,,2.0,3.0,,,1.0,,,,,,,,8.0,,,,,,,,,,,6.6,,,,,1.0,,,1.0,,4.0,,4.0,0,,6.0,,1.0,1.0,
2015-16,6768341,20,1,Manchester_United,Home,82474,Ander Herrera,ander-herrera,M,False,,,,39.0,14.0,53.0,,,6.0,,,1.0,2.0,,,2.0,7.0,2.0,,,3.0,,,,,1.0,1.0,,89.0,,1.0,,,,,,,,,6.5,,,1.0,,1.0,2.0,,3.0,,47.0,17.0,62.0,2,1.0,75.0,2.0,,1.0,
2015-16,6768341,20,1,Manchester_United,Home,191176,Anthony Martial,anthony-martial,M,False,,,,26.0,5.0,31.0,3.0,2.0,2.0,,,1.0,,,,1.0,9.0,8.0,,,2.0,1.0,1.0,,,,1.0,,90.0,1.0,,,,,,,,,,7.9,,,2.0,,7.0,1.0,,,,30.0,5.0,34.0,4,,57.0,3.0,3.0,4.0,
2015-16,6768341,20,80,Swansea_City,Away,209098,Modou Barrow,modou-barrow,M,True,2.0,,,3.0,1.0,2.0,2.0,,1.0,,,,1.0,,,,4.0,3.0,,,,1.0,,,,,1.0,,28.0,1.0,,,,,,,,,,7.0,,,,,2.0,4.0,,1.0,,5.0,2.0,3.0,1,1.0,13.0,1.0,1.0,1.0,
2015-16,6768341,20,1,Manchester_United,Home,285949,Andreas Pereira,andreas-pereira,M,True,,,,,,,,,,,,,,,,,,,,,,,,,,,,,,,,,,,,,,,,,,,,,,,,,,,,,0,,,,,,
2015-16,6768341,20,80,Swansea_City,Away,340713,Matt Grimes,matt-grimes,M,True,,,,,,,,,,,,,,,,,,,,,,,,,,,,,,,,,,,,,,,,,,,,,,,,,,,,,0,,,,,,
2015-16,6768344,20,7,Aston_Villa,Away,764,Kieran Richardson,kieran-richardson,M,True,,,,,,,,,,,,,,,,,,,,,,,,,,,,,,,,,,,,,,,,,,,,,,,,,,,,,0,,,,,,
2015-16,6768344,20,56,Sunderland,Home,14210,Lee Cattermole,lee-cattermole,M,False,,,3.0,14.0,20.0,34.0,1.0,3.0,7.0,,,,3.0,,,1.0,6.0,6.0,,1.0,1.0,,,,,3.0,1.0,,90.0,,,,,,,,,,,6.6,,,,,,,,6.0,,23.0,23.0,46.0,0,3.0,57.0,2.0,,,
2015-16,6768344,20,7,Aston_Villa,Away,24055,Scott Sinclair,scott-sinclair,M,True,,,,,,,,,,,,,,,,,,,,,,,,,,,,,1.0,,,,,,,,,,,,,,,,,,,,,,,,0,,,,,,
2015-16,6768344,20,56,Sunderland,Home,32045,Yann M'Vila,yann-mvila,M,False,,,2.0,17.0,26.0,43.0,1.0,2.0,9.0,,,1.0,2.0,,,,3.0,10.0,,,,,,,,4.0,2.0,,90.0,,,,,,,,,,,7.6,,,,1.0,,1.0,,7.0,,25.0,27.0,51.0,1,6.0,67.0,1.0,2.0,,
2015-16,6768344,20,7,Aston_Villa,Away,74545,Leandro Bacuna,leandro-bacuna,M,False,1.0,,5.0,30.0,13.0,42.0,3.0,2.0,8.0,,,,,,,,5.0,8.0,,,2.0,,,,,1.0,1.0,1.0,90.0,,,,,,,,,,,7.6,,,2.0,,3.0,1.0,,9.0,,34.0,15.0,48.0,2,3.0,62.0,1.0,,3.0,
2015-16,6768344,20,7,Aston_Villa,Away,106337,Idrissa Gana Gueye,idrissa-gana-gueye,M,False,,,8.0,34.0,27.0,61.0,1.0,2.0,14.0,,,,,,,1.0,5.0,9.0,,,2.0,,,,,6.0,,,90.0,,,,,,,,,,,7.6,,,,,2.0,,,10.0,,39.0,31.0,70.0,0,5.0,89.0,1.0,1.0,1.0,
2015-16,6768344,20,7,Aston_Villa,Away,151124,Jordan Veretout,jordan-veretout,M,False,1.0,,3.0,32.0,16.0,47.0,4.0,1.0,6.0,,,,2.0,,,1.0,9.0,4.0,,,1.0,,,,,2.0,1.0,,90.0,1.0,,,,,,,,,,6.5,,,,,3.0,3.0,,8.0,,48.0,19.0,64.0,1,1.0,80.0,,,2.0,
2015-16,6768344,20,7,Aston_Villa,Away,189061,Jack Grealish,jack-grealish,M,False,,,1.0,12.0,1.0,13.0,1.0,,1.0,,,,,,,2.0,4.0,1.0,,,,,,,,,,,57.0,,,,,,,,,,,6.3,,,,,1.0,1.0,,1.0,,15.0,1.0,15.0,0,,22.0,,1.0,,
2015-16,6768344,20,56,Sunderland,Home,240256,Duncan Watmore,duncan-watmore,M,False,,,,2.0,2.0,4.0,,,5.0,,,,1.0,,,,2.0,4.0,,,,,,,,,,,56.0,1.0,,,,,,,,,,6.8,,,1.0,,3.0,3.0,,1.0,,9.0,4.0,10.0,2,1.0,25.0,3.0,1.0,2.0,
2015-16,6768344,20,7,Aston_Villa,Away,254895,Carles Gil,carles-gil,M,False,1.0,,1.0,29.0,13.0,41.0,1.0,,4.0,,,,2.0,,,5.0,10.0,2.0,,,,,1.0,,,,1.0,,90.0,1.0,,,,,,,,,,6.8,,,1.0,1.0,3.0,5.0,,2.0,,36.0,14.0,45.0,2,1.0,65.0,1.0,,1.0,
2015-16,6768350,20,57,Watford,Home,642,Ben Watson,ben-watson,M,False,,,3.0,17.0,19.0,36.0,1.0,1.0,3.0,,,,,,,1.0,2.0,2.0,,,,,1.0,,,4.0,,,90.0,1.0,1.0,,,,,,,,,7.4,,,2.0,2.0,,5.0,,8.0,,30.0,20.0,45.0,3,1.0,64.0,1.0,,,
2015-16,6768350,20,57,Watford,Home,4366,Almen Abdi,almen-abdi,M,False,,,3.0,25.0,12.0,37.0,,,7.0,1.0,,,3.0,,,3.0,7.0,4.0,,,1.0,,,,,2.0,2.0,,90.0,,,,,,,,,,,7.0,,,2.0,2.0,1.0,2.0,,5.0,,32.0,15.0,45.0,2,3.0,72.0,5.0,,1.0,
2015-16,6768350,20,57,Watford,Home,11654,Valon Behrami,valon-behrami,M,True,,,,,,,,,,,,,,,,,,,,,,,,,,,,,,,,,,,,,,,,,,,,,,,,,,,,,0,,,,,,
2015-16,6768350,20,43,Manchester_City,Away,11781,David Silva,david-silva,M,False,1.0,,2.0,25.0,11.0,35.0,1.0,,3.0,,,1.0,,,,2.0,4.0,4.0,,,,,,,,1.0,4.0,,90.0,,,,,,,,,,,7.1,,,,,1.0,2.0,,2.0,,33.0,12.0,43.0,1,3.0,60.0,3.0,1.0,,
2015-16,6768350,20,43,Manchester_City,Away,13630,Fernandinho,fernandinho,M,False,,,5.0,20.0,12.0,32.0,1.0,3.0,9.0,,,,2.0,,,2.0,7.0,10.0,,,3.0,,,,,2.0,2.0,,90.0,1.0,,,,,,,,,,7.7,,,1.0,6.0,1.0,,,6.0,,23.0,17.0,40.0,2,6.0,62.0,,,1.0,
2015-16,6768350,20,57,Watford,Home,13990,José Jurado,jose-jurado,M,False,,,1.0,22.0,14.0,36.0,,,8.0,,,,1.0,,,1.0,4.0,3.0,,,,,,,,3.0,,,80.0,,,,,,,,,,,6.9,,,1.0,,5.0,,,2.0,,29.0,16.0,45.0,1,,60.0,1.0,,3.0,
2015-16,6768350,20,43,Manchester_City,Away,14468,Yaya Touré,yaya-toure,M,False,,,5.0,28.0,23.0,51.0,1.0,1.0,11.0,,,1.0,2.0,,,3.0,7.0,4.0,,,1.0,,1.0,,,4.0,,,90.0,1.0,,,,,,,,,,7.4,,,2.0,,2.0,,,8.0,,33.0,29.0,62.0,4,,78.0,,1.0,2.0,
2015-16,6768350,20,57,Watford,Home,16701,Étienne Capoue,etienne-capoue,M,False,,,8.0,44.0,15.0,59.0,1.0,,8.0,,1.0,,1.0,,,4.0,9.0,5.0,,,1.0,,,,,7.0,1.0,,90.0,,,,,,,,,,,6.6,,,1.0,1.0,3.0,,,9.0,,53.0,16.0,69.0,1,3.0,97.0,2.0,1.0,1.0,
2015-16,6768350,20,57,Watford,Home,20364,Ikechi Anya,ikechi-anya,M,True,,,,,,,,,,,,,,,,,,,,,,,,,,,,,,,,,,,,,,,,,,,,,,,,,,,,,0,,,,,,
2015-16,6768350,20,43,Manchester_City,Away,41837,Fernando,fernando-reges,M,True,,,,,,,,,,,,,,,,,,,,,,,,,,,,,,,,,,,,,,,,,,,,,,,,,,,,,0,,,,,,
2015-16,6768350,20,57,Watford,Home,45989,Adlène Guédioura,adlene-guedioura,M,True,,,,1.0,2.0,3.0,,,2.0,,,,,,,1.0,1.0,1.0,,,,,,,,1.0,,,10.0,,,,,,,,,,,6.2,,,,,,2.0,,,,3.0,2.0,3.0,0,1.0,12.0,3.0,,,
2015-16,6768350,20,43,Manchester_City,Away,70996,Kevin De Bruyne,kevin-de-bruyne,M,False,2.0,,1.0,34.0,7.0,39.0,3.0,1.0,8.0,,,1.0,5.0,,,1.0,11.0,4.0,,,,,,,,,4.0,,90.0,2.0,,,,,,,,,,6.8,,,,1.0,3.0,7.0,,3.0,,48.0,12.0,53.0,3,2.0,78.0,2.0,,1.0,
2015-16,6768373,20,21,West_Ham_United,Home,9741,Mark Noble,mark-noble,M,False,1.0,,1.0,7.0,17.0,23.0,,,9.0,,,,2.0,1.0,,2.0,6.0,8.0,,,1.0,1.0,,,,6.0,2.0,,90.0,1.0,2.0,,,,,,,,,7.9,,,,2.0,1.0,1.0,,1.0,,11.0,21.0,31.0,1,5.0,59.0,2.0,3.0,,
2015-16,6768373,20,21,West_Ham_United,Home,12987,Alex Song,alex-song,M,True,,,,,,,,,,,,,,,,,,,,,,,,,,,,,,,,,,,,,,,,,,,,,,,,,,,,,0,,,,,,
2015-16,6768373,20,21,West_Ham_United,Home,14216,Dimitri Payet,dimitri-payet,M,True,1.0,,,4.0,5.0,8.0,,,1.0,,,,,,,,,1.0,,,,,,,,,2.0,,26.0,,,,,,,,,,,7.0,,,,,1.0,2.0,,,,5.0,5.0,8.0,0,,12.0,1.0,,1.0,
2015-16,6768373,20,14,Liverpool,Away,17054,Adam Lallana,adam-lallana,M,True,1.0,,,10.0,1.0,10.0,,,2.0,,,,1.0,,,1.0,2.0,,,,,,,,,,,,29.0,,,,,,,,,,,6.1,,,,,,7.0,,,,18.0,1.0,12.0,0,,21.0,1.0,,,
2015-16,6768373,20,14,Liverpool,Away,20602,Joe Allen,joe-allen,M,True,,,,3.0,4.0,7.0,,,2.0,,,,,,,,1.0,,,,1.0,,,,,,,,8.0,,,,,,,,,,,6.6,,,1.0,,,,,,,4.0,4.0,8.0,1,,9.0,,,,
2015-16,6768373,20,14,Liverpool,Away,27234,Lucas Leiva,lucas-leiva,M,False,,,3.0,34.0,20.0,54.0,2.0,1.0,7.0,,1.0,,,,,,4.0,5.0,,1.0,2.0,,,,,,2.0,,90.0,1.0,,,,,,,,,,6.6,,,,1.0,,1.0,,6.0,,47.0,23.0,69.0,1,3.0,83.0,3.0,1.0,,
2015-16,6768373,20,21,West_Ham_United,Home,45944,Cheikhou Kouyaté,cheikhou-kouyate,M,False,,,,8.0,10.0,18.0,,3.0,7.0,,,,2.0,,,,3.0,9.0,,,,,,,,3.0,,,90.0,1.0,2.0,,,,,,,,,7.2,,,,,1.0,,,2.0,,14.0,15.0,29.0,1,4.0,47.0,2.0,2.0,,
2015-16,6768373,20,21,West_Ham_United,Home,46799,Pedro Obiang,pedro-obiang,M,True,,,2.0,6.0,9.0,15.0,,1.0,1.0,,,,1.0,,,,2.0,3.0,,,1.0,,,,,,,,51.0,,1.0,,,,,,,,,6.8,,,1.0,,1.0,,,2.0,,7.0,11.0,18.0,1,1.0,25.0,,,1.0,
2015-16,6768373,20,14,Liverpool,Away,119159,Philippe Coutinho,philippe-coutinho,M,False,1.0,,1.0,30.0,5.0,34.0,,1.0,2.0,,,5.0,,,,1.0,3.0,6.0,,,,,,,,1.0,2.0,,90.0,,,,,,,,,,,7.4,,,1.0,,2.0,5.0,,2.0,,46.0,7.0,48.0,6,3.0,79.0,6.0,3.0,,
2015-16,6768373,20,14,Liverpool,Away,143697,Roberto Firmino,roberto-firmino,M,False,,,2.0,23.0,9.0,32.0,,,10.0,1.0,1.0,1.0,,,,,2.0,9.0,,,,,,,,1.0,3.0,,61.0,1.0,1.0,,,,,,,,,7.7,,,1.0,1.0,5.0,,,3.0,,28.0,10.0,38.0,3,3.0,59.0,2.0,3.0,3.0,
2015-16,6768373,20,14,Liverpool,Away,185955,Jordon Ibe,jordon-ibe,M,False,2.0,,,28.0,4.0,30.0,,,3.0,,,,,,,1.0,3.0,4.0,,,1.0,,,,,,1.0,,90.0,,,,,,,,,,,7.0,,,2.0,,5.0,6.0,,,,37.0,4.0,35.0,2,,58.0,4.0,,4.0,
2015-16,6768373,20,21,West_Ham_United,Home,220315,Manuel Lanzini,manuel-lanzini,M,False,,,,14.0,6.0,20.0,,,2.0,,,,1.0,,,1.0,3.0,,,,,,,,1.0,1.0,,,39.0,,,,,,,,,,,6.3,,,1.0,,1.0,,,1.0,,17.0,7.0,24.0,1,,30.0,,,,
2015-16,6768373,20,14,Liverpool,Away,372522,Cameron Brannagan,cameron-brannagan,M,True,,,,,,,,,,,,,,,,,,,,,,,,,,,,,,,,,,,,,,,,,,,,,,,,,,,,,0,,,,,,
2015-16,6768373,20,14,Liverpool,Away,787580,Connor Randall,connor-randall,M,True,,,,,,,,,,,,,,,,,,,,,,,,,,,,,,,,,,,,,,,,,,,,,,,,,,,,,0,,,,,,
2015-16,6768376,20,3,Arsenal,Home,519,Mathieu Flamini,mathieu-flamini,M,False,,,2.0,13.0,15.0,28.0,1.0,,3.0,,,1.0,3.0,,,,7.0,6.0,,,3.0,,,,,2.0,,,90.0,,1.0,,,,,,,,,7.0,,,,1.0,,,,3.0,,16.0,16.0,32.0,1,6.0,48.0,,,,
2015-16,6768376,20,4,Newcastle_United,Away,10438,Cheik Tiote,cheik-tiote,M,False,,,8.0,22.0,44.0,66.0,,1.0,6.0,,,,4.0,,,,5.0,7.0,,,1.0,,,,,3.0,1.0,,87.0,,1.0,,,,,,,,,7.4,,,,2.0,3.0,,,8.0,,22.0,44.0,66.0,0,3.0,81.0,,,3.0,
2015-16,6768376,20,3,Arsenal,Home,10501,Theo Walcott,theo-walcott,M,False,,,,11.0,5.0,16.0,1.0,1.0,2.0,,,,2.0,,,2.0,7.0,4.0,,,,,,,,,1.0,,81.0,,,,,,,,,,,6.4,,,1.0,,4.0,,,,,18.0,6.0,24.0,1,,35.0,1.0,1.0,2.0,
2015-16,6768376,20,3,Arsenal,Home,10577,Alex Oxlade-Chamberlain,alex-oxlade-chamberlain,M,False,,,3.0,21.0,7.0,28.0,,,5.0,,,,,,,3.0,6.0,3.0,,,2.0,,,,,,1.0,,68.0,,,,,,,,,,,6.7,,,2.0,1.0,3.0,3.0,,3.0,,26.0,8.0,31.0,2,1.0,48.0,,,2.0,
2015-16,6768376,20,3,Arsenal,Home,16176,Mesut Özil,mesut-ozil,M,False,4.0,,2.0,41.0,14.0,51.0,,,7.0,1.0,,,,,,1.0,2.0,4.0,,,,,,,,2.0,4.0,,90.0,,,,,,,,,,,7.9,,,1.0,,3.0,9.0,,3.0,2.0,55.0,15.0,61.0,1,1.0,84.0,3.0,1.0,2.0,
2015-16,6768376,20,4,Newcastle_United,Away,22126,Georginio Wijnaldum,georginio-wijnaldum,M,False,,,2.0,25.0,10.0,35.0,1.0,3.0,,,1.0,,,,,1.0,2.0,4.0,,,1.0,,,,,1.0,1.0,,90.0,3.0,,,,,,,,,,7.0,,,1.0,,1.0,,,2.0,,31.0,11.0,42.0,4,,51.0,1.0,,1.0,
2015-16,6768376,20,3,Arsenal,Home,23571,Aaron Ramsey,aaron-ramsey,M,False,1.0,,3.0,47.0,20.0,66.0,2.0,1.0,7.0,,1.0,,6.0,,,1.0,10.0,9.0,,1.0,1.0,,,,,1.0,2.0,,90.0,2.0,1.0,,,,,,,,,7.1,,,1.0,,3.0,2.0,,5.0,,58.0,20.0,76.0,3,3.0,97.0,3.0,2.0,3.0,
2015-16,6768376,20,4,Newcastle_United,Away,26982,Yoan Gouffran,yoan-gouffran,M,True,,,,,,,,,,,,,,,,,,,,,,,,,,,,,,,,,,,,,,,,,,,,,,,,,,,,,0,,,,,,
2015-16,6768376,20,4,Newcastle_United,Away,27014,Moussa Sissoko,moussa-sissoko,M,False,2.0,,,28.0,12.0,38.0,,1.0,8.0,,,,,,,2.0,8.0,9.0,,,2.0,,,,,4.0,1.0,,90.0,,,,,,,,,,,7.1,,,,,10.0,3.0,,,,34.0,14.0,45.0,0,1.0,69.0,1.0,1.0,6.0,
2015-16,6768376,20,4,Newcastle_United,Away,30262,Siem de Jong,siem-de-jong,M,True,,,,1.0,1.0,2.0,,,1.0,,,,1.0,,,,2.0,1.0,,,1.0,,,,,,,,3.0,1.0,,,,,,,,,,6.6,,,,,,1.0,,,,3.0,1.0,3.0,1,1.0,6.0,,,,
2015-16,6768376,20,4,Newcastle_United,Away,40686,Jack Colback,jack-colback,M,False,1.0,,3.0,19.0,23.0,41.0,,,1.0,,,1.0,1.0,,,,2.0,5.0,,,1.0,,,,,1.0,,,79.0,1.0,,,,,,,,,,7.2,,,,1.0,,3.0,,3.0,,22.0,23.0,42.0,2,3.0,55.0,,2.0,,
2015-16,6768376,20,3,Arsenal,Home,154508,Joel Campbell,joel-campbell,M,True,,,,6.0,1.0,7.0,,,1.0,,,,2.0,,,,2.0,5.0,,,,,,,,1.0,1.0,,22.0,,,,,,,,,,,7.0,,,,,2.0,1.0,,,,8.0,1.0,8.0,0,2.0,18.0,2.0,1.0,2.0,
2015-16,6768376,20,3,Arsenal,Home,352770,Alex Iwobi,alex-iwobi,M,True,,,,,,,,,,,,,,,,,,,,,,,,,,,,,,,,,,,,,,,,,,,,,,,,,,,,,0,,,,,,
2015-16,6768376,20,3,Arsenal,Home,794269,Jeff Reine-Adélaïde,jeff-reine-adelaide,M,True,,,,,,,,,,,,,,,,,,,,,,,,,,,,,,,,,,,,,,,,,,,,,,,,,,,,,0,,,,,,
2015-16,6768183,21,7,Aston_Villa,Home,764,Kieran Richardson,kieran-richardson,M,True,,,,,,,,,,,,,,,,,,,,,,,,,,,,,,,,,,,,,,,,,,,,,,,,,,,,,0,,,,,,
2015-16,6768183,21,31,Crystal_Palace,Away,3574,Yohan Cabaye,yohan-cabaye,M,False,,,3.0,18.0,16.0,34.0,,1.0,1.0,,,1.0,1.0,,,1.0,2.0,4.0,,,,,,,,2.0,1.0,,90.0,1.0,,,,,,,,,,7.1,,,,,,1.0,,4.0,,28.0,17.0,44.0,2,1.0,60.0,1.0,2.0,,
2015-16,6768183,21,31,Crystal_Palace,Away,9921,Joe Ledley,joe-ledley,M,False,,,2.0,6.0,11.0,17.0,,,2.0,,,,,,,,,1.0,,,,,,,,4.0,,,45.0,,2.0,,,,,,,,,6.9,,,,2.0,,,,3.0,,8.0,12.0,20.0,0,1.0,32.0,2.0,,,
2015-16,6768183,21,31,Crystal_Palace,Away,19593,Jason Puncheon,jason-puncheon,M,False,1.0,,2.0,20.0,21.0,40.0,,1.0,8.0,1.0,,,2.0,,,3.0,6.0,7.0,,,,,,,,,1.0,,90.0,,,,,,,,,,,6.8,,,,1.0,2.0,2.0,,4.0,,34.0,24.0,56.0,0,3.0,71.0,1.0,2.0,1.0,
2015-16,6768183,21,7,Aston_Villa,Home,24055,Scott Sinclair,scott-sinclair,M,True,,,,,,,,,,,,,,,,,,,,,,,,,,,,,,,,,,,,,,,,,,,,,,,,,,,,,0,,,,,,
2015-16,6768183,21,31,Crystal_Palace,Away,38130,Jordon Mutch,jordon-mutch,M,True,,,,,,,,,,,,,,,,,,,,,,,,,,,,,,,,,,,,,,,,,,,,,,,,,,,,,0,,,,,,
2015-16,6768183,21,31,Crystal_Palace,Away,39282,James McArthur,james-mcarthur,M,False,,,2.0,14.0,17.0,31.0,,1.0,5.0,,,,1.0,,,1.0,4.0,2.0,,1.0,3.0,,,,,8.0,,,78.0,,,,,,,,,,,6.8,,,,2.0,,,,3.0,,18.0,19.0,37.0,0,,49.0,,1.0,,
2015-16,6768183,21,7,Aston_Villa,Home,49647,Ashley Westwood,ashley-westwood,M,False,,,2.0,28.0,18.0,46.0,1.0,,9.0,,,1.0,2.0,,,,4.0,3.0,,,1.0,,,,,,2.0,,90.0,,,,,,,,,,,7.1,,,1.0,1.0,,1.0,,6.0,,40.0,21.0,60.0,2,2.0,70.0,,1.0,,
2015-16,6768183,21,7,Aston_Villa,Home,74545,Leandro Bacuna,leandro-bacuna,M,False,,,2.0,16.0,13.0,29.0,,1.0,10.0,,,1.0,,,,3.0,4.0,6.0,,,1.0,,,,,2.0,,,90.0,,,,,,,,,,,7.5,,,,5.0,,2.0,,8.0,,30.0,16.0,44.0,1,5.0,74.0,,,,
2015-16,6768183,21,31,Crystal_Palace,Away,84686,Pape Souaré,pape-souare,M,False,,,5.0,14.0,17.0,31.0,,2.0,9.0,,,,1.0,,,,1.0,3.0,,,,,,,,3.0,1.0,,90.0,,,,,,,,,,,6.9,,,,4.0,1.0,1.0,,14.0,,22.0,20.0,41.0,0,,70.0,,,1.0,
2015-16,6768183,21,7,Aston_Villa,Home,106337,Idrissa Gana Gueye,idrissa-gana-gueye,M,False,,,2.0,23.0,24.0,47.0,1.0,2.0,9.0,,,1.0,1.0,,,,4.0,6.0,,,2.0,,,,,6.0,1.0,,90.0,,,,,,,,,,,7.5,,,,,1.0,1.0,,3.0,,30.0,26.0,55.0,1,3.0,71.0,,,1.0,
2015-16,6768183,21,31,Crystal_Palace,Away,111850,Wilfried Zaha,wilfried-zaha,M,False,,,,12.0,7.0,19.0,,,2.0,,1.0,,1.0,,,4.0,11.0,5.0,,,2.0,,,,1.0,,1.0,,90.0,,,,,,,,,,,5.7,,,1.0,,6.0,1.0,,1.0,,16.0,9.0,24.0,1,1.0,56.0,8.0,2.0,2.0,
2015-16,6768183,21,7,Aston_Villa,Home,151124,Jordan Veretout,jordan-veretout,M,False,1.0,,6.0,33.0,12.0,44.0,,,7.0,,,,,,,,1.0,5.0,,,1.0,,,,,,3.0,,90.0,1.0,,,,,,,,,,7.5,,,,,,5.0,,10.0,,43.0,14.0,52.0,1,3.0,68.0,2.0,2.0,,
2015-16,6768183,21,7,Aston_Villa,Home,254895,Carles Gil,carles-gil,M,False,,,2.0,28.0,4.0,32.0,1.0,,3.0,,,,2.0,,,2.0,5.0,2.0,,,,,,,,,,,89.0,,,,,,,,,,,6.4,,,,,1.0,5.0,,2.0,,35.0,4.0,34.0,0,,47.0,2.0,1.0,1.0,
2015-16,6768183,21,7,Aston_Villa,Home,827284,Jordan Lyden,jordan-lyden,M,True,,,,,,,,,,,,,,,,,,,,,,,,,,,,,,,,,,,,,,,,,,,,,,,,,,,,,0,,,,,,
2015-16,6768186,21,8,Chelsea,Home,518,Cesc Fàbregas,cesc-fabregas,M,False,,,6.0,49.0,28.0,77.0,1.0,2.0,8.0,,,,1.0,,,1.0,3.0,5.0,,,,,,,,,3.0,,78.0,,,,,,,,,,,7.5,,,,,,,,9.0,,61.0,29.0,90.0,0,3.0,100.0,1.0,,,
2015-16,6768186,21,35,West_Bromwich_Albion,Away,765,Darren Fletcher,darren-fletcher,M,False,2.0,,3.0,27.0,11.0,36.0,1.0,1.0,7.0,,,1.0,1.0,,,3.0,5.0,12.0,,,,1.0,,,,3.0,3.0,,90.0,,,,,,,,,,,8.0,,,,,3.0,4.0,,9.0,,39.0,12.0,47.0,1,5.0,73.0,,3.0,3.0,
2015-16,6768186,21,35,West_Bromwich_Albion,Away,822,James Morrison,james-morrison,M,False,,,,1.0,1.0,2.0,1.0,,,,,,,,,,1.0,,,,,,,,,,,,7.0,,,,,,,,,,,,,,,,,,,,,2.0,1.0,3.0,0,,3.0,,,,
2015-16,6768186,21,8,Chelsea,Home,7311,John Obi Mikel,john-obi-mikel,M,False,,,5.0,36.0,36.0,72.0,2.0,3.0,4.0,,,,3.0,,,1.0,10.0,7.0,,,3.0,,,,,3.0,1.0,,90.0,,,,,,,,,,,6.7,,,,2.0,3.0,1.0,,5.0,,41.0,41.0,81.0,0,2.0,93.0,,,2.0,
2015-16,6768186,21,35,West_Bromwich_Albion,Away,10540,Chris Brunt,chris-brunt,M,False,1.0,,,15.0,3.0,17.0,4.0,2.0,8.0,,,,,,,1.0,5.0,4.0,,,,,,,,3.0,1.0,,90.0,,1.0,,,,,,,,,6.5,,,,1.0,,6.0,,5.0,,30.0,3.0,27.0,0,1.0,46.0,2.0,1.0,,
2015-16,6768186,21,35,West_Bromwich_Albion,Away,14235,Craig Gardner,craig-gardner,M,True,1.0,,1.0,20.0,8.0,27.0,5.0,2.0,5.0,,,,2.0,,,1.0,8.0,7.0,,,,,1.0,,,,2.0,,83.0,1.0,,,,,,,,,,7.3,,,1.0,,,4.0,,3.0,,30.0,9.0,35.0,2,2.0,50.0,1.0,3.0,,
2015-16,6768186,21,35,West_Bromwich_Albion,Away,16657,Stéphane Sessègnon,stephane-sessegnon,M,True,,,,4.0,,4.0,,,,,,,,,,1.0,2.0,1.0,,,,,,,,,,,23.0,,,,,,,,,,,6.0,,,,,2.0,4.0,,,,8.0,,4.0,0,,15.0,4.0,,1.0,
2015-16,6768186,21,8,Chelsea,Home,31417,Willian,willian,M,False,1.0,,,24.0,12.0,35.0,1.0,,5.0,,,1.0,1.0,,,1.0,6.0,4.0,,,3.0,,,,,2.0,2.0,,90.0,,,,,,,,,,,6.8,,,2.0,,1.0,11.0,,,,40.0,14.0,43.0,3,2.0,68.0,1.0,1.0,1.0,
2015-16,6768186,21,8,Chelsea,Home,33110,Ramires,ramires,M,True,,,,,,,,,,,,,,,,,,,,,,,,,,,,,,,,,,,,,,,,,,,,,,,,,,,,,0,,,,,,
2015-16,6768186,21,8,Chelsea,Home,39400,Oscar,oscar,M,False,,,1.0,32.0,9.0,41.0,4.0,2.0,5.0,,,1.0,,,,,8.0,5.0,,,2.0,,,,,,3.0,,90.0,,,,,,,,,,,6.7,,,1.0,3.0,3.0,,,2.0,,40.0,11.0,51.0,2,1.0,66.0,2.0,2.0,,
2015-16,6768186,21,35,West_Bromwich_Albion,Away,41631,James McClean,james-mcclean,M,False,2.0,,1.0,12.0,5.0,15.0,3.0,2.0,4.0,,,,,,,2.0,5.0,6.0,,,,,1.0,,,2.0,,,90.0,3.0,,,,,,,,,,7.7,,,2.0,2.0,1.0,5.0,,1.0,,20.0,9.0,24.0,5,2.0,49.0,2.0,1.0,1.0,
2015-16,6768186,21,8,Chelsea,Home,44241,Nemanja Matić,nemanja-matic,M,True,,,,3.0,4.0,7.0,,,1.0,,,,,,,,,1.0,,,,,,,,,,,12.0,,,,,,,,,,,6.6,,,,1.0,,,,1.0,,4.0,5.0,9.0,0,1.0,11.0,,,,
2015-16,6768186,21,35,West_Bromwich_Albion,Away,53783,Callum McManaman,callum-mcmanaman,M,True,,,,,,,,,,,,,,,,,,,,,,,,,,,,,,,,,,,,,,,,,,,,,,,,,,,,,0,,,,,,
2015-16,6768186,21,35,West_Bromwich_Albion,Away,151037,Claudio Yacob,claudio-yacob,M,False,,,,8.0,8.0,16.0,,2.0,3.0,,,,2.0,,,,5.0,4.0,,,3.0,,,,,2.0,,,60.0,,,,,,,,,,,6.5,,,,2.0,,,,,,10.0,10.0,20.0,0,2.0,27.0,,,,
2015-16,6768186,21,8,Chelsea,Home,284441,Ruben Loftus-Cheek,ruben-loftus-cheek,M,True,,,,,,,,,,,,,,,,,,,,,,,,,,,,,,,,,,,,,,,,,,,,,,,,,,,,,0,,,,,,
2015-16,6768186,21,8,Chelsea,Home,801391,Kenedy,kenedy,M,True,,,,9.0,3.0,12.0,,,1.0,,,1.0,1.0,,,2.0,4.0,1.0,,,1.0,,,,,1.0,,,45.0,,,,,,,,,,,6.8,,,2.0,1.0,1.0,,,,,12.0,4.0,16.0,3,,28.0,,,1.0,
2015-16,6768187,21,56,Sunderland,Away,14210,Lee Cattermole,lee-cattermole,M,False,,,2.0,18.0,11.0,29.0,1.0,,3.0,,,,2.0,,,1.0,5.0,1.0,,,1.0,,,,,,,,73.0,,,,,,,,,,,6.1,,,,1.0,,,,4.0,,24.0,12.0,36.0,0,1.0,42.0,,,,
2015-16,6768187,21,80,Swansea_City,Home,20538,Leon Britton,leon-britton,M,False,,,,13.0,13.0,26.0,,,5.0,,,,1.0,,,1.0,2.0,2.0,,,,,,,,2.0,,,42.0,,,,,,,,,,,6.7,,,,,1.0,,,,,15.0,13.0,28.0,0,1.0,33.0,,,1.0,
2015-16,6768187,21,80,Swansea_City,Home,20993,Jack Cork,jack-cork,M,True,,,,2.0,2.0,4.0,,,,,,,,,,,,,,,,,,,,,1.0,,1.0,,,,,,,,,,,,,,,,,,,,,2.0,2.0,4.0,0,,5.0,1.0,,,
2015-16,6768187,21,80,Swansea_City,Home,30243,Neil Taylor,neil-taylor,M,False,,,4.0,17.0,5.0,22.0,1.0,2.0,2.0,,,,,,,1.0,2.0,6.0,,,,,,,,1.0,,,90.0,,,,,,,,,,,6.4,,,1.0,1.0,,,,4.0,,22.0,6.0,28.0,1,2.0,46.0,1.0,3.0,,
2015-16,6768187,21,56,Sunderland,Away,32045,Yann M'Vila,yann-mvila,M,False,,,4.0,37.0,28.0,65.0,,1.0,7.0,,,,1.0,,,,1.0,8.0,,,,,,,,2.0,,,90.0,,1.0,,,,,,,,,7.5,,,,2.0,,1.0,,4.0,,41.0,28.0,68.0,0,6.0,82.0,,1.0,,
2015-16,6768187,21,80,Swansea_City,Home,38642,Sung-Yueng Ki,sung-yueng-ki,M,False,,,5.0,22.0,24.0,46.0,,,5.0,,,1.0,,,,3.0,3.0,4.0,,,,,,,,,1.0,,90.0,,,,,,,,,,,6.6,,,,1.0,3.0,2.0,,6.0,,26.0,27.0,51.0,1,,65.0,2.0,1.0,3.0,
2015-16,6768187,21,80,Swansea_City,Home,43192,Gylfi Sigurðsson,gylfi-sigursson,M,False,4.0,,2.0,20.0,10.0,26.0,1.0,,2.0,,,1.0,2.0,,,1.0,5.0,3.0,,,,,1.0,,,1.0,2.0,,90.0,2.0,,,,,,,,,,7.1,,,,,2.0,12.0,,6.0,,33.0,13.0,34.0,3,2.0,57.0,,,1.0,
2015-16,6768187,21,80,Swansea_City,Home,54686,Jefferson Montero,jefferson-montero,M,True,,,,,,,,,,,,,,,,,,,,,,,,,,,,,,,,,,,,,,,,,,,,,,,,,,,,,0,,,,,,
2015-16,6768187,21,80,Swansea_City,Home,209098,Modou Barrow,modou-barrow,M,False,,,1.0,14.0,5.0,19.0,1.0,,6.0,,,,1.0,,,4.0,8.0,3.0,,,,,,,,2.0,1.0,,90.0,1.0,,,,,,,,,,6.0,,,,1.0,3.0,1.0,,1.0,,21.0,6.0,26.0,1,,50.0,2.0,2.0,1.0,
2015-16,6768187,21,56,Sunderland,Away,240256,Duncan Watmore,duncan-watmore,M,True,,,,3.0,3.0,6.0,1.0,,2.0,,,,,,,,2.0,,,,,,,,,,,,4.0,,,,,,,,,,,6.3,,,,,1.0,,,,,3.0,3.0,6.0,0,,8.0,1.0,,,
2015-16,6768190,21,4,Newcastle_United,Home,10438,Cheik Tiote,cheik-tiote,M,False,,,3.0,28.0,52.0,80.0,,1.0,13.0,,,,2.0,,,,5.0,6.0,,,2.0,,,,,3.0,1.0,,85.0,,,,,,,,,,,6.9,,,,1.0,2.0,,,5.0,,35.0,53.0,88.0,0,3.0,99.0,,1.0,1.0,
2015-16,6768190,21,4,Newcastle_United,Home,22126,Georginio Wijnaldum,georginio-wijnaldum,M,False,,,,22.0,6.0,28.0,1.0,,2.0,,1.0,2.0,,,,3.0,5.0,4.0,,,1.0,,1.0,,,1.0,2.0,,90.0,2.0,,,,,,,,,,7.3,,,,,2.0,,,,1.0,24.0,7.0,31.0,4,1.0,52.0,6.0,1.0,2.0,
2015-16,6768190,21,4,Newcastle_United,Home,26982,Yoan Gouffran,yoan-gouffran,M,True,,,,,4.0,4.0,,1.0,2.0,,,,,,,,,2.0,,,,,,,,1.0,,,9.0,,,,,,,,,,,6.7,,,,,,,,1.0,,2.0,6.0,8.0,0,1.0,10.0,,,,
2015-16,6768190,21,1,Manchester_United,Away,27009,Morgan Schneiderlin,morgan-schneiderlin,M,False,,,6.0,33.0,19.0,52.0,,,10.0,,,,2.0,,,,2.0,3.0,,,,,,,,1.0,1.0,,90.0,,1.0,,,,,,,,,6.9,,,,3.0,,,,6.0,,34.0,22.0,56.0,0,3.0,65.0,1.0,,,
2015-16,6768190,21,4,Newcastle_United,Home,27014,Moussa Sissoko,moussa-sissoko,M,False,,,,27.0,6.0,33.0,4.0,1.0,7.0,,,,,,,1.0,11.0,7.0,,,1.0,,,,,1.0,3.0,,90.0,1.0,,,,,,,,,,6.4,,,,1.0,8.0,4.0,,,,38.0,6.0,40.0,1,2.0,66.0,3.0,1.0,3.0,
2015-16,6768190,21,1,Manchester_United,Away,28367,Juan Mata,juan-mata,M,True,,,,10.0,1.0,11.0,,1.0,1.0,,,,,,,1.0,2.0,1.0,,,,,,,,,,,15.0,,,,,,,,,,,6.3,,,,,1.0,1.0,,,,11.0,1.0,11.0,0,,14.0,,,,
2015-16,6768190,21,4,Newcastle_United,Home,30262,Siem de Jong,siem-de-jong,M,True,,,,,1.0,1.0,,,1.0,,,,,,,,,,,,,,,,,,,,1.0,,,,,,,,,,,,,,,1.0,,,,,,,1.0,1.0,0,,2.0,,,,
2015-16,6768190,21,4,Newcastle_United,Home,40686,Jack Colback,jack-colback,M,False,,,4.0,23.0,22.0,45.0,,,4.0,,,,1.0,,,1.0,3.0,5.0,,,1.0,,,,,1.0,1.0,,81.0,,,,,,,,,,,6.8,,,1.0,1.0,1.0,4.0,,6.0,,36.0,24.0,56.0,1,1.0,73.0,,3.0,1.0,
2015-16,6768190,21,1,Manchester_United,Away,82474,Ander Herrera,ander-herrera,M,False,,,3.0,29.0,11.0,40.0,,,7.0,1.0,,,1.0,,,,2.0,4.0,,,1.0,,,,,1.0,3.0,,75.0,,,,,,,,,,,7.3,,,,,2.0,1.0,,6.0,,35.0,13.0,47.0,0,1.0,56.0,3.0,1.0,2.0,
2015-16,6768190,21,1,Manchester_United,Away,191176,Anthony Martial,anthony-martial,M,False,,,,19.0,7.0,26.0,1.0,,6.0,,,,,,,5.0,9.0,7.0,,,,,,,,,1.0,,90.0,,,,,,,,,,,6.2,,,1.0,1.0,5.0,2.0,,,,26.0,7.0,31.0,1,4.0,57.0,4.0,1.0,2.0,
2015-16,6768190,21,1,Manchester_United,Away,285949,Andreas Pereira,andreas-pereira,M,True,,,,,,,,,,,,,,,,,,,,,,,,,,,,,,,,,,,,,,,,,,,,,,,,,,,,,0,,,,,,
2015-16,6768190,21,1,Manchester_United,Away,353214,James Weir,james-weir,M,True,,,,,,,,,,,,,,,,,,,,,,,,,,,,,,,,,,,,,,,,,,,,,,,,,,,,,0,,,,,,
2015-16,6768191,21,21,West_Ham_United,Away,9741,Mark Noble,mark-noble,M,False,,,5.0,30.0,33.0,63.0,,1.0,15.0,,,1.0,5.0,,,,5.0,7.0,,,,,,,,2.0,,,90.0,,,,,,,,,,,7.3,,,1.0,,2.0,1.0,,6.0,,37.0,38.0,74.0,2,3.0,87.0,,1.0,2.0,
2015-16,6768191,21,91,Bournemouth,Home,11764,Marc Pugh,marc-pugh,M,True,,,,,,,,,,,,,,,,,,,,,,,,,,,,,,,,,,,,,,,,,,,,,,,,,,,,,0,,,,,,
2015-16,6768191,21,21,West_Ham_United,Away,12987,Alex Song,alex-song,M,True,,,,1.0,4.0,5.0,,,,,,,,,,,,1.0,,,,,,,,1.0,,,12.0,,,,,,,,,,,6.7,,,,,,,,,,1.0,4.0,5.0,0,1.0,9.0,2.0,,,
2015-16,6768191,21,21,West_Ham_United,Away,14216,Dimitri Payet,dimitri-payet,M,False,3.0,,2.0,29.0,13.0,39.0,,,3.0,2.0,,,,,,3.0,3.0,5.0,,,,1.0,1.0,,,,3.0,,78.0,2.0,,,,,,,,,,8.9,,,,,2.0,9.0,,3.0,,42.0,14.0,47.0,2,3.0,71.0,1.0,,2.0,
2015-16,6768191,21,91,Bournemouth,Home,14695,Andrew Surman,andrew-surman,M,False,,,1.0,23.0,23.0,46.0,1.0,,6.0,,,,,,,,2.0,6.0,,1.0,,1.0,,,,4.0,2.0,,90.0,,,,,,,,,,,7.2,,,,3.0,3.0,,,8.0,,33.0,24.0,57.0,0,3.0,74.0,1.0,1.0,2.0,
2015-16,6768191,21,91,Bournemouth,Home,39121,Harry Arter,harry-arter,M,False,,,2.0,12.0,9.0,21.0,,,7.0,,,1.0,3.0,,,2.0,7.0,7.0,,,1.0,,1.0,,,1.0,3.0,,80.0,1.0,,,,,,,,,,7.6,,,1.0,1.0,5.0,,,6.0,,21.0,10.0,31.0,3,3.0,49.0,1.0,,4.0,
2015-16,6768191,21,91,Bournemouth,Home,41628,Eunan O'Kane,eunan-okane,M,True,,,,,,,,,,,,,,,,,,,,,,,,,,,,,,,,,,,,,,,,,,,,,,,,,,,,,0,,,,,,
2015-16,6768191,21,91,Bournemouth,Home,42699,Matt Ritchie,matt-ritchie,M,False,,,,10.0,8.0,18.0,,,4.0,,,,,,,,,1.0,,,,,,,,1.0,,,50.0,,,,,,,,,,,6.7,,,,1.0,,1.0,,,,11.0,9.0,19.0,0,1.0,27.0,2.0,,,
2015-16,6768191,21,91,Bournemouth,Home,44823,Junior Stanislas,junior-stanislas,M,False,,,,17.0,8.0,25.0,4.0,1.0,3.0,1.0,,1.0,3.0,,,2.0,14.0,7.0,,,,,,,,2.0,1.0,,90.0,,,,,,,,,,,6.2,,,,,9.0,6.0,,1.0,,32.0,13.0,39.0,1,1.0,67.0,,1.0,4.0,
2015-16,6768191,21,21,West_Ham_United,Away,46799,Pedro Obiang,pedro-obiang,M,False,,,,13.0,20.0,33.0,2.0,3.0,6.0,,,,6.0,,,,10.0,9.0,,,2.0,,,,,1.0,,,90.0,,1.0,,,,,,,,,6.4,,,,1.0,2.0,,,1.0,,21.0,21.0,42.0,0,2.0,58.0,2.0,2.0,2.0,
2015-16,6768191,21,21,West_Ham_United,Away,792122,Josh Cullen,cullen-josh,M,True,,,,,,,,,,,,,,,,,,,,,,,,,,,,,,,,,,,,,,,,,,,,,,,,,,,,,0,,,,,,
2015-16,6768192,21,11,Everton,Away,544,Gareth Barry,gareth-barry,M,False,,,3.0,34.0,16.0,50.0,,1.0,3.0,,,,4.0,,,,5.0,4.0,,,1.0,,,,,1.0,,,90.0,,2.0,,,,,,,,,6.9,,,,4.0,1.0,1.0,,3.0,,37.0,18.0,54.0,0,2.0,71.0,,,1.0,
2015-16,6768192,21,11,Everton,Away,1161,Leon Osman,leon-osman,M,False,,,2.0,23.0,11.0,34.0,2.0,1.0,5.0,,,,2.0,,,,5.0,2.0,,,1.0,,,,,,,,71.0,,,,,,,,,,,6.6,,,1.0,,,1.0,,2.0,,28.0,12.0,39.0,1,1.0,47.0,1.0,1.0,,
2015-16,6768192,21,11,Everton,Away,1924,Steven Pienaar,steven-pienaar,M,True,,,,5.0,2.0,7.0,,1.0,,,,,1.0,,,,1.0,3.0,,,,,,,,1.0,,,19.0,,,,,,,,,,,6.6,,,,1.0,,,,1.0,,6.0,3.0,9.0,0,,15.0,2.0,2.0,,
2015-16,6768192,21,11,Everton,Away,3593,Kevin Mirallas,kevin-mirallas,M,True,,,,,,,,,,,,,,,,,,,,,,,,,,,,,,,,,,,,,,,,,,,,,,,,,,,,,0,,,,,,
2015-16,6768192,21,11,Everton,Away,9692,Aaron Lennon,aaron-lennon,M,True,,,,,,,,,,,,,,,,,,,,,,,,,,,,,,,,,,,,,,,,,,,,,,,,,,,,,0,,,,,,
2015-16,6768192,21,43,Manchester_City,Home,11781,David Silva,david-silva,M,True,,,,15.0,,15.0,1.0,,1.0,,,1.0,,,,,2.0,2.0,,,1.0,,,,,,2.0,,16.0,,,,,,,,,,,7.1,,,,,1.0,3.0,,,,20.0,,17.0,1,1.0,25.0,,,1.0,
2015-16,6768192,21,43,Manchester_City,Home,14468,Yaya Touré,yaya-toure,M,False,,,7.0,58.0,20.0,78.0,,,3.0,1.0,,3.0,2.0,,,1.0,5.0,4.0,,,1.0,,,,,,3.0,,90.0,1.0,,,,,,,,,,8.0,,,,3.0,2.0,,,7.0,,63.0,21.0,84.0,4,2.0,97.0,,1.0,1.0,
2015-16,6768192,21,43,Manchester_City,Home,24048,Fabian Delph,fabian-delph,M,True,,,,,,,,,,,,,,,,,,,,,,,,,,,,,,,,,,,,,,,,,,,,,,,,,,,,,0,,,,,,
2015-16,6768192,21,43,Manchester_City,Home,41837,Fernando,fernando-reges,M,False,,,3.0,37.0,15.0,52.0,,3.0,5.0,,,,1.0,,,,2.0,5.0,,,1.0,,,,,,2.0,,90.0,,,,,,,,,,,7.1,,,,1.0,,,,3.0,,40.0,15.0,55.0,0,2.0,62.0,,,,
2015-16,6768192,21,43,Manchester_City,Home,70996,Kevin De Bruyne,kevin-de-bruyne,M,False,5.0,,1.0,40.0,10.0,45.0,,,3.0,,,,3.0,,,,4.0,2.0,,,,,,,,,6.0,,74.0,,,,,,,,,,,6.9,,,2.0,1.0,2.0,20.0,,2.0,,63.0,12.0,55.0,2,,86.0,,1.0,1.0,
2015-16,6768192,21,11,Everton,Away,98435,Ross Barkley,ross-barkley,M,False,,,1.0,29.0,12.0,41.0,,,5.0,,,,,,,1.0,6.0,9.0,,,1.0,,,,,,,,90.0,1.0,1.0,,,,,,,,,7.1,,,,2.0,11.0,,,3.0,,37.0,12.0,49.0,1,,70.0,3.0,2.0,7.0,
2015-16,6768192,21,11,Everton,Away,124960,Muhamed Bešić,muhamed-besic,M,False,1.0,,6.0,37.0,32.0,68.0,,,4.0,,,,,,,2.0,3.0,7.0,,,2.0,,,,,,2.0,,90.0,,1.0,,,,,,,,,7.7,,,,4.0,2.0,1.0,,7.0,,40.0,35.0,74.0,0,5.0,92.0,,,2.0,
2015-16,6768196,21,20,Southampton,Home,559,Steven Davis,steven-davis,M,False,1.0,,2.0,29.0,8.0,36.0,1.0,,11.0,1.0,,,2.0,,,2.0,5.0,3.0,,,,1.0,,,,4.0,2.0,,81.0,,,,,,,,,,,7.1,,,,,1.0,5.0,,3.0,2.0,41.0,8.0,44.0,0,1.0,63.0,3.0,1.0,1.0,
2015-16,6768196,21,57,Watford,Away,642,Ben Watson,ben-watson,M,False,,,4.0,22.0,31.0,53.0,,1.0,10.0,,,,2.0,,,2.0,4.0,5.0,,,,,,,,5.0,1.0,,90.0,,,,,,,,,,,6.9,,,,3.0,1.0,2.0,,8.0,,32.0,34.0,64.0,0,2.0,84.0,2.0,1.0,1.0,
2015-16,6768196,21,57,Watford,Away,4366,Almen Abdi,almen-abdi,M,False,,,,9.0,11.0,20.0,,1.0,2.0,,,,,,,,,2.0,,,,,,,,1.0,,,61.0,,,,,,,,,,,6.6,,,,,,2.0,,,,14.0,16.0,28.0,0,,35.0,1.0,1.0,,
2015-16,6768196,21,57,Watford,Away,11654,Valon Behrami,valon-behrami,M,True,,,,,,,,,,,,,,,,,,,,,,,,,,,,,,,,,,,,,,,,,,,,,,,,,,,,,0,,,,,,
2015-16,6768196,21,57,Watford,Away,13990,José Jurado,jose-jurado,M,False,,,,17.0,25.0,42.0,,,8.0,,,1.0,1.0,,,1.0,3.0,2.0,,1.0,,,,,,1.0,,,90.0,,,,,,,,,,,6.4,,,,1.0,2.0,,,,,21.0,29.0,50.0,1,1.0,64.0,2.0,,1.0,
2015-16,6768196,21,57,Watford,Away,16701,Étienne Capoue,etienne-capoue,M,False,,,6.0,18.0,41.0,59.0,,1.0,9.0,,,,,,,1.0,1.0,8.0,,,,,,,,4.0,1.0,,90.0,,1.0,,,,,,,,,7.5,,,,1.0,1.0,2.0,,10.0,,31.0,46.0,75.0,0,4.0,95.0,,2.0,1.0,
2015-16,6768196,21,57,Watford,Away,20364,Ikechi Anya,ikechi-anya,M,True,,,1.0,4.0,8.0,12.0,,1.0,3.0,,,,,,,,2.0,1.0,,,,,,,,,,,29.0,,,,,,,,,,,6.3,,,,,2.0,1.0,,2.0,,8.0,9.0,16.0,0,,21.0,,,,
2015-16,6768196,21,20,Southampton,Home,44760,Cédric Soares,cedric-soares,M,False,2.0,,4.0,18.0,6.0,22.0,1.0,,7.0,,,,,,,2.0,5.0,4.0,,,1.0,,,,,3.0,1.0,,82.0,,,,,,,,,,,6.9,,,,3.0,2.0,6.0,,9.0,,32.0,7.0,33.0,0,1.0,64.0,2.0,2.0,1.0,
2015-16,6768196,21,57,Watford,Away,45989,Adlène Guédioura,adlene-guedioura,M,True,,,,,,,,,,,,,,,,,,,,,,,,,,,,,,,,,,,,,,,,,,,,,,,,,,,,,0,,,,,,
2015-16,6768196,21,57,Watford,Away,47668,Juan Carlos Paredes,juan-carlos-paredes,M,True,,,,,,,,,,,,,,,,,,,,,,,,,,,,,,,,,,,,,,,,,,,,,,,,,,,,,0,,,,,,
2015-16,6768196,21,20,Southampton,Home,69416,Oriol Romeu,oriol-romeu,M,False,,,4.0,18.0,17.0,35.0,1.0,,6.0,,,,2.0,,,1.0,7.0,9.0,,,2.0,,,,,5.0,,,90.0,1.0,1.0,,,,,,,,,7.7,,,1.0,2.0,3.0,,,4.0,,21.0,19.0,40.0,2,5.0,67.0,,2.0,2.0,
2015-16,6768196,21,20,Southampton,Home,116946,Jordy Clasie,jordy-clasie,M,False,,,2.0,29.0,14.0,43.0,2.0,,8.0,,,,1.0,,,1.0,6.0,3.0,,,3.0,,,,,6.0,,,90.0,,,,,,,,,,,6.9,,,,1.0,,1.0,,6.0,,37.0,18.0,54.0,0,3.0,69.0,2.0,,,
2015-16,6768196,21,20,Southampton,Home,161717,James Ward-Prowse,james-ward-prowse,M,True,,,,,,,,,,,,,,,,,,,,,,,,,,,,,,,,,,,,,,,,,,,,,,,,,,,,,0,,,,,,
2015-16,6768196,21,20,Southampton,Home,217704,Sadio Mané,sadio-mane,M,False,,,2.0,12.0,5.0,17.0,3.0,,5.0,,2.0,,,,,,5.0,2.0,,,,,,,1.0,1.0,,,71.0,2.0,,,,,,,,,,6.7,,,3.0,1.0,3.0,3.0,,2.0,,18.0,5.0,20.0,5,1.0,39.0,2.0,,1.0,
2015-16,6768198,21,3,Arsenal,Away,519,Mathieu Flamini,mathieu-flamini,M,False,,,,11.0,13.0,24.0,,3.0,9.0,,,,,,,1.0,2.0,7.0,,,1.0,,,,,2.0,,,90.0,,3.0,,,,,,,,,7.0,,,,7.0,,,,,,18.0,15.0,33.0,0,3.0,55.0,,1.0,,
2015-16,6768198,21,14,Liverpool,Home,791,James Milner,james-milner,M,False,1.0,,,18.0,7.0,24.0,,,1.0,,,1.0,2.0,,,1.0,4.0,,,,,1.0,,,,1.0,3.0,,66.0,,1.0,,,,,,,,,6.4,,,,1.0,1.0,6.0,,1.0,1.0,28.0,8.0,30.0,1,,43.0,1.0,,,
2015-16,6768198,21,3,Arsenal,Away,1152,Mikel Arteta,mikel-arteta,M,True,,,,,,,1.0,,,,,,,,,,2.0,,,,1.0,,,,,1.0,,,3.0,,,,,,,,,,,,,,,,,,,1.0,,4.0,,4.0,0,,5.0,,,,
2015-16,6768198,21,3,Arsenal,Away,10501,Theo Walcott,theo-walcott,M,False,,,,12.0,2.0,14.0,,,3.0,2.0,,1.0,,,,1.0,3.0,2.0,1.0,,,,,,,1.0,2.0,,76.0,,,,,,,,,,,6.6,,,2.0,2.0,3.0,,,,1.0,15.0,2.0,17.0,3,,33.0,4.0,1.0,1.0,
2015-16,6768198,21,3,Arsenal,Away,10577,Alex Oxlade-Chamberlain,alex-oxlade-chamberlain,M,True,,,1.0,1.0,1.0,2.0,1.0,,1.0,,,,,,,1.0,3.0,1.0,,,,,,,,,,,15.0,,,,,,,,,,,6.2,,,,,1.0,,,1.0,,1.0,1.0,2.0,0,1.0,6.0,1.0,,,
2015-16,6768198,21,3,Arsenal,Away,16176,Mesut Özil,mesut-ozil,M,False,2.0,,,19.0,7.0,24.0,,,3.0,,,1.0,3.0,,,1.0,6.0,2.0,,,,,,,,2.0,3.0,,87.0,,,,,,,,,,,6.7,,,,,3.0,4.0,,1.0,,31.0,8.0,35.0,1,1.0,56.0,3.0,,1.0,
2015-16,6768198,21,14,Liverpool,Home,17054,Adam Lallana,adam-lallana,M,False,,,1.0,17.0,11.0,28.0,4.0,1.0,8.0,,,1.0,,,,,5.0,5.0,,,,,,,,1.0,3.0,,88.0,,,,,,,,,,,7.1,,,,1.0,2.0,2.0,,2.0,1.0,24.0,14.0,36.0,1,3.0,50.0,1.0,,1.0,
2015-16,6768198,21,14,Liverpool,Home,20602,Joe Allen,joe-allen,M,True,,,,8.0,3.0,11.0,,,,,,,,,,,,,,,,,1.0,,,,1.0,,8.0,1.0,,,,,,,,,,7.5,,,,,,,,,,9.0,3.0,12.0,1,,13.0,,,,
2015-16,6768198,21,3,Arsenal,Away,23571,Aaron Ramsey,aaron-ramsey,M,False,1.0,,,22.0,17.0,38.0,2.0,,11.0,1.0,1.0,,4.0,,,4.0,11.0,3.0,,,1.0,1.0,1.0,,,2.0,2.0,,90.0,2.0,3.0,,,,,,,,,7.3,,,,,,1.0,,2.0,,33.0,21.0,53.0,2,3.0,71.0,1.0,,,
2015-16,6768198,21,14,Liverpool,Home,27234,Lucas Leiva,lucas-leiva,M,True,,,,,,,,,,,,,,,,,,,,,,,,,,,,,,,,,,,,,,,,,,,,,,,,,,,,,0,,,,,,
2015-16,6768198,21,14,Liverpool,Home,42694,Jordan Henderson,jordan-henderson,M,False,1.0,,5.0,37.0,14.0,50.0,,2.0,11.0,,,,1.0,,,2.0,4.0,4.0,,,1.0,,,,,6.0,2.0,,90.0,,,,,,,,,,,7.1,,,1.0,,,3.0,,11.0,,53.0,17.0,67.0,1,2.0,87.0,,1.0,,
2015-16,6768198,21,14,Liverpool,Home,97006,João Carlos Teixeira,joao-carlos-teixeira,M,True,,,,,,,,,,,,,,,,,,,,,,,,,,,,,,,,,,,,,,,,,,,,,,,,,,,,,0,,,,,,
2015-16,6768198,21,14,Liverpool,Home,143697,Roberto Firmino,roberto-firmino,M,False,,,2.0,28.0,12.0,40.0,1.0,3.0,5.0,1.0,,1.0,,,,1.0,4.0,5.0,,,1.0,,2.0,,1.0,2.0,2.0,,90.0,2.0,,,,,,,,,,8.8,,,2.0,,2.0,1.0,,4.0,1.0,40.0,12.0,51.0,5,,66.0,3.0,1.0,1.0,
2015-16,6768198,21,3,Arsenal,Away,154508,Joel Campbell,joel-campbell,M,False,,,,8.0,8.0,16.0,1.0,,6.0,,,1.0,1.0,,,2.0,5.0,9.0,,,,1.0,,,,2.0,2.0,,75.0,1.0,2.0,,,,,,,,,7.7,,,1.0,,1.0,,,1.0,,14.0,8.0,22.0,3,5.0,47.0,1.0,4.0,,
2015-16,6768198,21,14,Liverpool,Home,185955,Jordon Ibe,jordon-ibe,M,False,,,3.0,18.0,11.0,29.0,1.0,,5.0,,,2.0,,,,2.0,9.0,3.0,,,1.0,,,,,,,,90.0,,,,,,,,,,,6.3,,,,,8.0,8.0,,3.0,,32.0,12.0,36.0,2,,64.0,1.0,,3.0,
2015-16,6768198,21,3,Arsenal,Away,352770,Alex Iwobi,alex-iwobi,M,True,,,,,,,,,,,,,,,,,,,,,,,,,,,,,,,,,,,,,,,,,,,,,,,,,,,,,0,,,,,,
2015-16,6768203,21,45,Norwich_City,Away,512,Alexander Tettey,alexander-tettey,M,False,,,1.0,14.0,16.0,30.0,2.0,1.0,2.0,,,,,,,1.0,7.0,4.0,,,4.0,,,,,3.0,,,90.0,,,,,,,,,,,6.5,,,,1.0,3.0,1.0,,3.0,,18.0,17.0,34.0,0,,43.0,,,3.0,
2015-16,6768203,21,110,Stoke_City,Home,2525,Ibrahim Afellay,ibrahim-afellay,M,False,2.0,,9.0,47.0,46.0,91.0,,1.0,9.0,,,,2.0,,,,2.0,6.0,,,,1.0,,,,,3.0,,90.0,,,,,,,,,,,7.7,,,1.0,,1.0,7.0,,10.0,,55.0,48.0,96.0,1,2.0,109.0,,2.0,1.0,
2015-16,6768203,21,110,Stoke_City,Home,9104,Marc Wilson,marc-wilson,M,True,,,,,,,,,,,,,,,,,,,,,,,,,,,,,,,,,,,,,,,,,,,,,,,,,,,,,0,,,,,,
2015-16,6768203,21,45,Norwich_City,Away,9148,Graham Dorrans,graham-dorrans,M,True,,,,,,,,,,,,,,,,,,,,,,,,,,,,,,,,,,,,,,,,,,,,,,,,,,,,,0,,,,,,
2015-16,6768203,21,110,Stoke_City,Home,9360,Charlie Adam,charlie-adam,M,True,,,,,,,,,,,,,,,,,,,,,,,,,,,,,,,,,,,,,,,,,,,,,,,,,,,,,0,,,,,,
2015-16,6768203,21,110,Stoke_City,Home,10535,Glenn Whelan,glenn-whelan,M,False,,,10.0,49.0,40.0,89.0,,,8.0,,,,,,,,,2.0,,,,,,,,2.0,1.0,,90.0,,,,,,,,,,,7.4,,,,2.0,,2.0,,14.0,,58.0,40.0,96.0,0,2.0,105.0,1.0,,,
2015-16,6768203,21,45,Norwich_City,Away,14336,Wesley Hoolahan,wesley-hoolahan,M,False,1.0,,1.0,25.0,8.0,32.0,,,5.0,,,,1.0,,,1.0,2.0,3.0,,,,,,,,2.0,,,63.0,,,,,,,,,,,7.0,,,1.0,,1.0,2.0,,1.0,,29.0,8.0,35.0,1,1.0,44.0,,1.0,1.0,
2015-16,6768203,21,45,Norwich_City,Away,17806,Vadis Odjidja-Ofoe,vadis-odjidja-ofoe,M,False,,,,19.0,9.0,28.0,1.0,4.0,6.0,,,,,,,2.0,7.0,9.0,,,,1.0,,,,1.0,1.0,,62.0,,,,,,,,,,,6.9,,,,4.0,6.0,,,1.0,,22.0,14.0,36.0,0,3.0,58.0,2.0,,2.0,
2015-16,6768203,21,45,Norwich_City,Away,20095,Matt Jarvis,matt-jarvis,M,True,,,,5.0,,5.0,,,1.0,,,,,,,,,,,,,,,,,,,,27.0,,,,,,,,,,,6.2,,,,,,3.0,,1.0,,11.0,,8.0,0,,11.0,,,,
2015-16,6768203,21,45,Norwich_City,Away,29691,Gary O'Neil,gary-oneil,M,False,,,3.0,9.0,7.0,16.0,1.0,,3.0,,,,1.0,,,,3.0,,,,2.0,,,,,,1.0,,31.0,,,,,,,,,,,5.7,,,,,,2.0,,5.0,,15.0,8.0,21.0,0,,25.0,,,,
2015-16,6768203,21,45,Norwich_City,Away,115346,Nathan Redmond,nathan-redmond,M,True,,,,5.0,6.0,11.0,,,3.0,,,,1.0,,,1.0,3.0,1.0,,,,,,,,,,,28.0,,,,,,,,,,,6.2,,,1.0,,2.0,,,1.0,,8.0,6.0,14.0,1,,20.0,,,1.0,
2015-16,6768203,21,45,Norwich_City,Away,267621,Robbie Brady,robbie-brady,M,False,,,1.0,19.0,12.0,31.0,,1.0,9.0,,,,1.0,,,,2.0,4.0,,,,,,,,2.0,,,90.0,,,,,,,,,,,6.2,,,,2.0,2.0,4.0,,3.0,1.0,30.0,14.0,40.0,0,2.0,63.0,,,1.0,
2015-16,6768207,21,13,Leicester_City,Away,4252,Gökhan Inler,gokhan-inler,M,True,,,,,,,,,,,,,,,,,,,,,,,,,,,,,,,,,,,,,,,,,,,,,,,,,,,,,0,,,,,,
2015-16,6768207,21,6,Tottenham_Hotspur,Home,9865,Mousa Dembélé,mousa-dembele,M,True,,,1.0,6.0,2.0,8.0,,2.0,2.0,,,,,,,,,2.0,,,,,,,,2.0,,,19.0,,,,,,,,,,,6.7,,,,1.0,,,,1.0,,6.0,3.0,9.0,0,,14.0,,,,
2015-16,6768207,21,13,Leicester_City,Away,14231,Nathan Dyer,nathan-dyer,M,True,,,,2.0,,2.0,1.0,,,,,,,,,,1.0,1.0,,,1.0,,,,,,,,1.0,,,,,,,,,,,,,,,,,,,,,3.0,,3.0,0,1.0,5.0,,,,
2015-16,6768207,21,13,Leicester_City,Away,30530,Andy King,andy-king,M,True,,,,5.0,1.0,6.0,,,1.0,,,,,,,,,,,,,,,,,,,,13.0,,,,,,,,,,,6.5,,,,,,,,,,5.0,2.0,7.0,0,,7.0,,,,
2015-16,6768207,21,13,Leicester_City,Away,47737,Marc Albrighton,marc-albrighton,M,False,1.0,,1.0,18.0,5.0,22.0,,,10.0,,,,1.0,,,1.0,3.0,3.0,,,,,,,,3.0,1.0,,90.0,,,,,,,,,,,6.6,,,,,2.0,10.0,,7.0,,40.0,11.0,41.0,0,2.0,62.0,2.0,,1.0,
2015-16,6768207,21,13,Leicester_City,Away,54330,Danny Drinkwater,danny-drinkwater,M,False,,,2.0,13.0,9.0,22.0,2.0,2.0,6.0,,,2.0,2.0,,,1.0,7.0,10.0,,,2.0,,,,,3.0,,,90.0,1.0,2.0,,,,,,,,,7.5,,,1.0,5.0,1.0,,,6.0,,24.0,12.0,36.0,4,3.0,62.0,,4.0,1.0,
2015-16,6768207,21,6,Tottenham_Hotspur,Home,105734,Christian Eriksen,christian-eriksen,M,False,1.0,,5.0,31.0,6.0,36.0,,,3.0,,,1.0,1.0,,,3.0,7.0,,,,1.0,,,,,,1.0,,71.0,2.0,,,,,,,,,,6.4,,,,1.0,2.0,6.0,,5.0,,40.0,8.0,42.0,3,,59.0,1.0,,,
2015-16,6768207,21,6,Tottenham_Hotspur,Home,122702,Erik Lamela,erik-lamela,M,False,3.0,,,34.0,5.0,36.0,2.0,2.0,5.0,1.0,,2.0,,,,3.0,8.0,3.0,,,2.0,,,,,3.0,6.0,,90.0,,,,,,,,,,,7.1,,,1.0,,1.0,16.0,,,1.0,52.0,6.0,42.0,3,,77.0,2.0,1.0,,
2015-16,6768207,21,13,Leicester_City,Away,158213,Riyad Mahrez,riyad-mahrez,M,False,,,1.0,10.0,7.0,17.0,,1.0,5.0,,,1.0,1.0,,,1.0,4.0,6.0,,,,,,,,3.0,,,89.0,,,,,,,,,,,6.9,,,,2.0,4.0,1.0,,1.0,,16.0,9.0,24.0,1,,48.0,1.0,3.0,2.0,
2015-16,6768207,21,6,Tottenham_Hotspur,Home,198028,Dele Alli,dele-alli,M,False,,,3.0,21.0,7.0,28.0,4.0,3.0,10.0,,,2.0,1.0,,,2.0,10.0,10.0,,,1.0,,,,,1.0,1.0,,90.0,1.0,,,,,,,,,,7.1,,,1.0,,4.0,2.0,,5.0,,30.0,9.0,37.0,4,2.0,61.0,2.0,3.0,2.0,
2015-16,6768207,21,13,Leicester_City,Away,234148,N'Golo Kanté,n-golo-kante,M,False,,,1.0,13.0,7.0,20.0,4.0,1.0,10.0,,,,1.0,,,1.0,8.0,9.0,,,,,,,,2.0,,,90.0,,,,,,,,,,,7.2,,,1.0,3.0,3.0,,,1.0,,16.0,9.0,25.0,1,6.0,48.0,2.0,1.0,1.0,
2015-16,6768207,21,13,Leicester_City,Away,355152,Demarai Gray,demarai-gray,M,True,,,,,,,,,,,,,,,,,,,,,,,,,,,,,,,,,,,,,,,,,,,,,,,,,,,,,0,,,,,,
2015-16,6768207,21,6,Tottenham_Hotspur,Home,361332,Joshua Onomah,joshua-onomah,M,True,,,,,,,,,,,,,,,,1.0,1.0,,,,,,,,,,,,1.0,,,,,,,,,,,,,,,,,1.0,,,,1.0,,,0,,2.0,,,,
2015-16,6768207,21,6,Tottenham_Hotspur,Home,801460,Tom Carroll,carroll-tom,M,False,1.0,,1.0,22.0,16.0,37.0,2.0,1.0,4.0,,,,2.0,,,2.0,6.0,6.0,,,,,,,,1.0,,,82.0,,1.0,,,,,,,,,6.9,,,1.0,2.0,1.0,3.0,,4.0,,31.0,17.0,45.0,1,3.0,67.0,1.0,1.0,1.0,
2015-16,6768193,22,7,Aston_Villa,Home,764,Kieran Richardson,kieran-richardson,M,True,,,,,,,,,,,,,,,,,,,,,,,,,,,,,,,,,,,,,,,,,,,,,,,,,,,,,0,,,,,,
2015-16,6768193,22,13,Leicester_City,Away,4252,Gökhan Inler,gokhan-inler,M,True,,,,,,,,,,,,,,,,,,,,,,,,,,,,,,,,,,,,,,,,,,,,,,,,,,,,,0,,,,,,
2015-16,6768193,22,7,Aston_Villa,Home,24055,Scott Sinclair,scott-sinclair,M,True,,,,,,,,,,,,,,,,,,,,,,,,,,,,,1.0,,,,,,,,,,,,,,,,,,,,,,,,0,,,,,,
2015-16,6768193,22,13,Leicester_City,Away,30530,Andy King,andy-king,M,True,,,,,,,,,,,,,,,,,,,,,,,,,,,,,,,,,,,,,,,,,,,,,,,,,,,,,0,,,,,,
2015-16,6768193,22,13,Leicester_City,Away,47737,Marc Albrighton,marc-albrighton,M,False,2.0,,3.0,12.0,9.0,19.0,1.0,1.0,3.0,,,1.0,1.0,,,1.0,7.0,7.0,,,2.0,,,,,2.0,1.0,,85.0,1.0,,,,,,,,,,7.2,,,1.0,2.0,4.0,5.0,,5.0,,19.0,10.0,24.0,3,3.0,49.0,2.0,1.0,2.0,
2015-16,6768193,22,7,Aston_Villa,Home,49647,Ashley Westwood,ashley-westwood,M,False,,,6.0,29.0,13.0,42.0,,2.0,6.0,,,,1.0,,,,3.0,4.0,,,1.0,,,,,,1.0,,90.0,,,,,,,,,,,6.8,,,1.0,,1.0,1.0,,7.0,,34.0,16.0,49.0,1,1.0,54.0,,1.0,,
2015-16,6768193,22,13,Leicester_City,Away,54330,Danny Drinkwater,danny-drinkwater,M,False,,,4.0,30.0,22.0,52.0,1.0,,9.0,,1.0,,,,,,4.0,6.0,,,1.0,,,,,2.0,2.0,,90.0,1.0,1.0,,,,,,,,,7.8,,,2.0,4.0,2.0,,,7.0,,41.0,24.0,65.0,3,5.0,89.0,1.0,1.0,,
2015-16,6768193,22,7,Aston_Villa,Home,74545,Leandro Bacuna,leandro-bacuna,M,False,2.0,,4.0,26.0,21.0,45.0,2.0,2.0,6.0,,,1.0,,,,,5.0,5.0,,,2.0,,,,,4.0,2.0,,90.0,1.0,,,,,,,,,,7.2,,,,,3.0,10.0,,9.0,,44.0,25.0,59.0,2,1.0,95.0,,1.0,1.0,
2015-16,6768193,22,7,Aston_Villa,Home,106337,Idrissa Gana Gueye,idrissa-gana-gueye,M,False,,,3.0,21.0,19.0,40.0,1.0,1.0,12.0,,,1.0,1.0,,,,6.0,13.0,,,3.0,,,,,4.0,,,90.0,,,,,,,,,,,8.1,,,2.0,,2.0,,,5.0,,25.0,20.0,45.0,3,9.0,68.0,,2.0,1.0,
2015-16,6768193,22,7,Aston_Villa,Home,151124,Jordan Veretout,jordan-veretout,M,False,2.0,,5.0,33.0,10.0,41.0,2.0,1.0,4.0,,,1.0,2.0,,,2.0,9.0,5.0,,,2.0,,,,,,2.0,,90.0,,,,,,,,,,,6.5,,,,2.0,2.0,10.0,,9.0,,52.0,12.0,54.0,1,1.0,85.0,1.0,2.0,1.0,
2015-16,6768193,22,13,Leicester_City,Away,158213,Riyad Mahrez,riyad-mahrez,M,False,,,,9.0,9.0,18.0,2.0,,8.0,,1.0,1.0,2.0,,,1.0,6.0,5.0,,,1.0,,,,,2.0,,,69.0,1.0,,,,,1.0,,,,,6.6,,,,,1.0,,,3.0,,16.0,10.0,26.0,2,1.0,37.0,,3.0,1.0,
2015-16,6768193,22,13,Leicester_City,Away,234148,N'Golo Kanté,n-golo-kante,M,False,,,1.0,19.0,17.0,36.0,5.0,,9.0,,,,2.0,,,,10.0,4.0,,,2.0,,,,,4.0,,,90.0,,,,,,,,,,,6.6,,,,3.0,1.0,,,4.0,,26.0,19.0,45.0,0,3.0,59.0,1.0,1.0,,
2015-16,6768193,22,7,Aston_Villa,Home,254895,Carles Gil,carles-gil,M,False,,,1.0,17.0,7.0,24.0,,,2.0,,,,,,,,1.0,3.0,,,,,,,,,,,67.0,,,,,,,,,,,6.7,,,,,2.0,1.0,,2.0,,22.0,9.0,30.0,0,1.0,41.0,2.0,1.0,1.0,
2015-16,6768193,22,13,Leicester_City,Away,355152,Demarai Gray,demarai-gray,M,True,,,,1.0,1.0,2.0,,,,,,,,,,1.0,1.0,2.0,,,,,,,,,,,5.0,,,,,,,,,,,6.6,,,,,1.0,1.0,,,,2.0,2.0,3.0,0,,7.0,,1.0,1.0,
2015-16,6768193,22,7,Aston_Villa,Home,827284,Jordan Lyden,jordan-lyden,M,True,,,,,,,,,,,,,,,,,,,,,,,,,,,,,,,,,,,,,,,,,,,,,,,,,,,,,0,,,,,,
2015-16,6768194,22,45,Norwich_City,Away,512,Alexander Tettey,alexander-tettey,M,False,,,5.0,31.0,28.0,59.0,1.0,1.0,12.0,,,,1.0,,,2.0,7.0,3.0,,,3.0,,,,,,,,90.0,,,,,,,,,,,6.3,,,1.0,2.0,1.0,,,6.0,,37.0,28.0,65.0,1,1.0,77.0,2.0,1.0,,
2015-16,6768194,22,45,Norwich_City,Away,9148,Graham Dorrans,graham-dorrans,M,True,,,1.0,8.0,9.0,17.0,,1.0,1.0,,,,,,,,,1.0,,,,,,,,1.0,,,21.0,,,,,,,,,,,6.6,,,,,,,,1.0,,8.0,9.0,17.0,0,,18.0,,,,
2015-16,6768194,22,91,Bournemouth,Home,11764,Marc Pugh,marc-pugh,M,False,1.0,,1.0,11.0,3.0,13.0,2.0,2.0,5.0,1.0,1.0,,2.0,,,4.0,10.0,12.0,,,,1.0,,,,3.0,2.0,,90.0,2.0,,,,,,,1.0,,,7.8,,,,1.0,4.0,2.0,,4.0,,18.0,6.0,22.0,2,4.0,54.0,2.0,4.0,2.0,
2015-16,6768194,22,45,Norwich_City,Away,14336,Wesley Hoolahan,wesley-hoolahan,M,False,,,1.0,22.0,7.0,29.0,1.0,,7.0,,,2.0,3.0,,,3.0,8.0,2.0,,,1.0,,,,,,,,69.0,,,,,,,,,,,6.6,,,,,,2.0,,1.0,,34.0,7.0,39.0,2,1.0,52.0,3.0,1.0,,
2015-16,6768194,22,91,Bournemouth,Home,14695,Andrew Surman,andrew-surman,M,False,,,5.0,18.0,29.0,47.0,1.0,1.0,7.0,,,,1.0,,,,3.0,3.0,,,,,,,,5.0,,,90.0,,,,,,,,,,,7.1,,,,1.0,1.0,,,7.0,,22.0,31.0,53.0,0,2.0,64.0,1.0,,,
2015-16,6768194,22,45,Norwich_City,Away,17806,Vadis Odjidja-Ofoe,vadis-odjidja-ofoe,M,False,,,1.0,12.0,4.0,16.0,1.0,,3.0,,,,2.0,,,2.0,8.0,6.0,,,1.0,,,,,1.0,1.0,,56.0,,,,1.0,,,,,,,5.8,,,,,4.0,5.0,,3.0,,20.0,5.0,20.0,0,4.0,43.0,1.0,,2.0,
2015-16,6768194,22,45,Norwich_City,Away,18712,Youssouf Mulumbu,youssouf-mulumbu,M,True,,,,,,,,,,,,,,,,,,,,,,,,,,,,,,,,,,,,,,,,,,,,,,,,,,,,,0,,,,,,
2015-16,6768194,22,45,Norwich_City,Away,20095,Matt Jarvis,matt-jarvis,M,False,,,1.0,10.0,1.0,11.0,1.0,,2.0,,,,,,,,1.0,1.0,,,,,,,,1.0,,,56.0,1.0,,,,,,,,,,6.6,,,,,,1.0,,1.0,1.0,13.0,1.0,13.0,1,1.0,18.0,,,,
2015-16,6768194,22,91,Bournemouth,Home,39121,Harry Arter,harry-arter,M,False,,,4.0,15.0,8.0,23.0,,,6.0,1.0,,,,,,2.0,4.0,3.0,,1.0,1.0,,,,,,1.0,,80.0,,,,,,,,,,,7.1,,,2.0,,1.0,,,5.0,,17.0,9.0,26.0,2,3.0,39.0,1.0,,,
2015-16,6768194,22,91,Bournemouth,Home,41628,Eunan O'Kane,eunan-okane,M,True,,,1.0,1.0,1.0,2.0,,1.0,1.0,,,,,,,,,1.0,,,,,,,,,,,10.0,,,,,,,,,,,6.6,,,,,,,,2.0,,1.0,3.0,4.0,0,,5.0,,1.0,,
2015-16,6768194,22,91,Bournemouth,Home,44823,Junior Stanislas,junior-stanislas,M,False,3.0,,,21.0,6.0,24.0,2.0,,7.0,,,,,,,1.0,4.0,3.0,,,2.0,,,,,2.0,3.0,,90.0,1.0,,,,,,,,,,7.3,,,2.0,1.0,,8.0,,2.0,,32.0,8.0,32.0,3,1.0,57.0,3.0,2.0,,
2015-16,6768194,22,45,Norwich_City,Away,115346,Nathan Redmond,nathan-redmond,M,True,,,1.0,17.0,2.0,19.0,1.0,,1.0,,,,,,,2.0,5.0,3.0,,,1.0,,,,,,,,34.0,,,,,,,,,,,6.2,,,,,2.0,5.0,,2.0,,23.0,3.0,21.0,0,2.0,35.0,,,1.0,
2015-16,6768194,22,45,Norwich_City,Away,267621,Robbie Brady,robbie-brady,M,False,2.0,,5.0,17.0,10.0,25.0,,2.0,5.0,,,1.0,,,,,,7.0,,1.0,,,,,,,1.0,,90.0,1.0,,,,,,,,,,6.9,,,,3.0,,9.0,,8.0,,33.0,11.0,35.0,2,4.0,69.0,,2.0,,
2015-16,6768195,22,14,Liverpool,Home,791,James Milner,james-milner,M,False,4.0,,,24.0,5.0,25.0,,3.0,8.0,1.0,,1.0,4.0,,,3.0,7.0,8.0,,,,,,,,1.0,3.0,,89.0,,,,,,,,,,,7.4,,,1.0,1.0,1.0,11.0,,2.0,,42.0,8.0,39.0,2,2.0,68.0,2.0,2.0,1.0,
2015-16,6768195,22,14,Liverpool,Home,17054,Adam Lallana,adam-lallana,M,False,,,1.0,15.0,8.0,23.0,3.0,1.0,5.0,,1.0,,,,,3.0,7.0,6.0,,,1.0,,,,,,2.0,,76.0,1.0,,,,,,,,,,7.0,,,1.0,,1.0,,,3.0,,23.0,10.0,33.0,2,4.0,47.0,1.0,,1.0,
2015-16,6768195,22,14,Liverpool,Home,20602,Joe Allen,joe-allen,M,True,,,,,,,,,,,,,,,,,,,,,,,,,,,,,,,,,,,,,,,,,,,,,,,,,,,,,0,,,,,,
2015-16,6768195,22,1,Manchester_United,Away,27009,Morgan Schneiderlin,morgan-schneiderlin,M,False,,,7.0,17.0,23.0,40.0,4.0,1.0,3.0,,,,1.0,,,,9.0,3.0,,,4.0,,,,,2.0,1.0,,90.0,,,,,,,,,,,6.8,,,,3.0,1.0,,,8.0,,24.0,27.0,51.0,0,2.0,63.0,1.0,,,
2015-16,6768195,22,14,Liverpool,Home,27234,Lucas Leiva,lucas-leiva,M,False,,,3.0,29.0,25.0,54.0,4.0,3.0,6.0,1.0,,,4.0,,,4.0,14.0,7.0,,,3.0,,,,,,2.0,,90.0,,,,,,,,,,,6.4,,,,,,,,12.0,,45.0,29.0,74.0,0,4.0,89.0,1.0,2.0,,
2015-16,6768195,22,1,Manchester_United,Away,28367,Juan Mata,juan-mata,M,True,1.0,,,8.0,9.0,16.0,1.0,1.0,3.0,,,,,,,,1.0,2.0,,,1.0,,,,,,1.0,,24.0,,,,,,,,,,,6.8,,,,,,1.0,,,,8.0,9.0,16.0,0,1.0,19.0,1.0,,,
2015-16,6768195,22,14,Liverpool,Home,42694,Jordan Henderson,jordan-henderson,M,False,1.0,,3.0,35.0,13.0,47.0,,1.0,8.0,,,1.0,3.0,,,1.0,6.0,6.0,,,2.0,,,,,1.0,,,90.0,1.0,,,,,,,,,,7.3,,,3.0,,,3.0,,6.0,1.0,47.0,15.0,59.0,5,4.0,79.0,1.0,1.0,,
2015-16,6768195,22,1,Manchester_United,Away,82474,Ander Herrera,ander-herrera,M,False,1.0,,,20.0,11.0,30.0,,,5.0,,,,2.0,,,4.0,6.0,6.0,,,1.0,,,,,2.0,,,72.0,,,,,,,,,,,6.7,,,1.0,1.0,1.0,2.0,,2.0,,26.0,12.0,36.0,1,3.0,57.0,3.0,2.0,1.0,
2015-16,6768195,22,14,Liverpool,Home,97006,João Carlos Teixeira,joao-carlos-teixeira,M,True,,,,,,,,,,,,,,,,,,,,,,,,,,,,,,,,,,,,,,,,,,,,,,,,,,,,,0,,,,,,
2015-16,6768195,22,14,Liverpool,Home,143697,Roberto Firmino,roberto-firmino,M,False,,,3.0,21.0,11.0,32.0,3.0,,5.0,,,,1.0,,,8.0,16.0,9.0,,,,,,,,,5.0,,90.0,,,,,,,,,,,7.0,,,2.0,,6.0,2.0,,3.0,1.0,32.0,13.0,43.0,2,5.0,76.0,2.0,2.0,2.0,
2015-16,6768195,22,14,Liverpool,Home,185955,Jordon Ibe,jordon-ibe,M,True,1.0,,,6.0,3.0,8.0,,,,,,1.0,,,,,,3.0,,,,,,,,,1.0,,14.0,,,,,,,,,,,7.1,,,,,1.0,1.0,,,,7.0,3.0,9.0,1,1.0,15.0,,1.0,1.0,
2015-16,6768195,22,1,Manchester_United,Away,191176,Anthony Martial,anthony-martial,M,False,,,2.0,12.0,4.0,16.0,1.0,1.0,4.0,,,1.0,,,,4.0,12.0,10.0,,,3.0,,,,,1.0,1.0,1.0,90.0,,,,,,,,,,,6.8,,,1.0,3.0,9.0,1.0,,2.0,,17.0,6.0,22.0,2,2.0,49.0,1.0,2.0,5.0,
2015-16,6768195,22,1,Manchester_United,Away,285949,Andreas Pereira,andreas-pereira,M,True,,,,,,,,,,,,,,,,,,,,,,,,,,,,,,,,,,,,,,,,,,,,,,,,,,,,,0,,,,,,
2015-16,6768197,22,3,Arsenal,Away,519,Mathieu Flamini,mathieu-flamini,M,False,,,,20.0,23.0,43.0,,1.0,5.0,,,,1.0,,,,3.0,2.0,,,2.0,,,,,5.0,1.0,,90.0,,2.0,,,,,,,,,6.9,,,,,,,,,,25.0,26.0,51.0,0,1.0,63.0,,,,
2015-16,6768197,22,3,Arsenal,Away,1152,Mikel Arteta,mikel-arteta,M,True,,,,,,,,,,,,,,,,,,,,,,,,,,,,,,,,,,,,,,,,,,,,,,,,,,,,,0,,,,,,
2015-16,6768197,22,110,Stoke_City,Home,2525,Ibrahim Afellay,ibrahim-afellay,M,False,1.0,,5.0,25.0,24.0,48.0,,1.0,7.0,,,,4.0,,,1.0,5.0,4.0,,1.0,,,,,,,,,88.0,,,,,,,,,,,6.4,,,1.0,,3.0,5.0,,5.0,,33.0,24.0,52.0,1,,66.0,3.0,,3.0,
2015-16,6768197,22,110,Stoke_City,Home,9360,Charlie Adam,charlie-adam,M,True,1.0,,,1.0,,,1.0,1.0,,,,1.0,,,,,1.0,1.0,,,,,,,,,1.0,,3.0,,,,,,,,,,,,,,,,,2.0,,2.0,,4.0,,2.0,1,,6.0,,1.0,,
2015-16,6768197,22,3,Arsenal,Away,10501,Theo Walcott,theo-walcott,M,False,,,,11.0,7.0,18.0,,,6.0,,,,,,,1.0,2.0,9.0,,,,,,,,1.0,1.0,,72.0,,,,,,,,,,,7.3,,,,1.0,7.0,,,1.0,,15.0,11.0,26.0,0,,44.0,4.0,3.0,6.0,
2015-16,6768197,22,110,Stoke_City,Home,10535,Glenn Whelan,glenn-whelan,M,False,,,4.0,22.0,19.0,41.0,,1.0,7.0,,,1.0,3.0,,,,5.0,3.0,,,2.0,,,,,1.0,1.0,,90.0,,1.0,,,,,,,,,6.8,,,,1.0,1.0,,,6.0,,25.0,20.0,45.0,1,,56.0,,1.0,1.0,
2015-16,6768197,22,3,Arsenal,Away,10577,Alex Oxlade-Chamberlain,alex-oxlade-chamberlain,M,False,,,2.0,19.0,19.0,38.0,2.0,1.0,4.0,,,2.0,1.0,,,,4.0,7.0,,,,,,,,1.0,1.0,,89.0,1.0,,,,,,,,,,7.6,,,,,5.0,1.0,,4.0,,28.0,22.0,49.0,3,2.0,68.0,2.0,,4.0,
2015-16,6768197,22,3,Arsenal,Away,23571,Aaron Ramsey,aaron-ramsey,M,False,3.0,,1.0,37.0,25.0,59.0,2.0,1.0,13.0,,,2.0,3.0,1.0,,1.0,7.0,3.0,,,1.0,,,,,2.0,1.0,,90.0,,1.0,,,,,,,,,7.3,,,,,1.0,8.0,,2.0,,51.0,26.0,69.0,2,,88.0,2.0,1.0,1.0,
2015-16,6768197,22,3,Arsenal,Away,154508,Joel Campbell,joel-campbell,M,False,,,1.0,24.0,11.0,35.0,1.0,1.0,5.0,1.0,,,1.0,,,1.0,4.0,9.0,,,,,,,,,1.0,,90.0,,,,,,,,,,,7.3,,,1.0,1.0,2.0,2.0,,3.0,,32.0,11.0,41.0,1,1.0,62.0,4.0,6.0,1.0,
2015-16,6768197,22,3,Arsenal,Away,159675,Mohamed Elneny,mohamed-elneny,M,True,,,,,,,,,,,,,,,,,,,,,,,,,,,,,,,,,,,,,,,,,,,,,,,,,,,,,0,,,,,,
2015-16,6768197,22,3,Arsenal,Away,352770,Alex Iwobi,alex-iwobi,M,True,,,,10.0,3.0,13.0,,,2.0,,,,,,,,,1.0,,,,,,,,,,,18.0,,,,,,,,,,,6.7,,,,,1.0,,,,,11.0,3.0,14.0,0,,15.0,,,1.0,
2015-16,6768199,22,57,Watford,Away,642,Ben Watson,ben-watson,M,False,3.0,,8.0,27.0,19.0,43.0,3.0,2.0,7.0,,,1.0,3.0,,,1.0,8.0,6.0,,,1.0,,,,,5.0,1.0,,90.0,,1.0,,,,,,,,,7.4,,,,3.0,,7.0,,12.0,,37.0,21.0,51.0,1,3.0,82.0,1.0,1.0,,
2015-16,6768199,22,57,Watford,Away,4366,Almen Abdi,almen-abdi,M,True,,,,,,,,,,,,,,,,,,,,,,,,,,,,,,,,,,,,,,,,,,,,,,,,,,,,,0,,,,,,
2015-16,6768199,22,57,Watford,Away,11654,Valon Behrami,valon-behrami,M,False,,,1.0,17.0,8.0,25.0,1.0,3.0,8.0,,,,2.0,,,1.0,5.0,10.0,,,1.0,,,,,4.0,,,87.0,,1.0,,,,,,,,,7.2,,,,,,,,4.0,,25.0,12.0,37.0,0,6.0,53.0,,1.0,,
2015-16,6768199,22,57,Watford,Away,13990,José Jurado,jose-jurado,M,False,,,,22.0,8.0,30.0,1.0,1.0,7.0,,,,2.0,,,,6.0,5.0,,,1.0,,,,,1.0,,,90.0,2.0,1.0,,,,,,,,,7.0,,,4.0,,5.0,1.0,,1.0,,27.0,9.0,35.0,6,1.0,55.0,3.0,,3.0,
2015-16,6768199,22,57,Watford,Away,16701,Étienne Capoue,etienne-capoue,M,False,1.0,,3.0,20.0,12.0,31.0,2.0,3.0,4.0,,,,1.0,,,3.0,8.0,9.0,,,1.0,,,,,1.0,1.0,,90.0,,,,,,,,,,,6.8,,,,,2.0,4.0,,6.0,,31.0,15.0,42.0,0,5.0,62.0,1.0,,1.0,
2015-16,6768199,22,57,Watford,Away,20364,Ikechi Anya,ikechi-anya,M,True,,,,,,,,,,,,,,,,,,,,,,,,,,,,,,,,,,,,,,,,,,,,,,,,,,,,,0,,,,,,
2015-16,6768199,22,80,Swansea_City,Home,20538,Leon Britton,leon-britton,M,False,,,,20.0,22.0,42.0,1.0,1.0,9.0,,,1.0,,,,2.0,4.0,4.0,,,1.0,,,,,4.0,,,90.0,,,,,,,,,,,6.9,,,,4.0,3.0,,,1.0,,28.0,25.0,53.0,1,1.0,76.0,4.0,,2.0,
2015-16,6768199,22,80,Swansea_City,Home,20993,Jack Cork,jack-cork,M,False,,,2.0,27.0,19.0,46.0,3.0,3.0,9.0,,,1.0,1.0,,,3.0,8.0,13.0,,,1.0,,,,,4.0,1.0,,90.0,,,,,,,,,,,8.0,,,2.0,6.0,2.0,4.0,,3.0,,40.0,23.0,59.0,3,8.0,97.0,2.0,,2.0,
2015-16,6768199,22,80,Swansea_City,Home,30243,Neil Taylor,neil-taylor,M,False,1.0,,6.0,35.0,11.0,45.0,3.0,1.0,9.0,,,,2.0,,,2.0,8.0,3.0,,1.0,,,,,,2.0,1.0,,90.0,,,,,,,,,,,6.7,,,,4.0,1.0,2.0,,10.0,,42.0,12.0,52.0,0,1.0,79.0,,1.0,,
2015-16,6768199,22,80,Swansea_City,Home,38642,Sung-Yueng Ki,sung-yueng-ki,M,False,1.0,,5.0,32.0,21.0,52.0,2.0,,4.0,,,,1.0,,,1.0,5.0,2.0,,,1.0,1.0,,,,,1.0,,87.0,,,,,,,,,,,7.0,,,1.0,1.0,1.0,2.0,,5.0,1.0,36.0,22.0,56.0,1,1.0,65.0,,1.0,,
2015-16,6768199,22,80,Swansea_City,Home,43192,Gylfi Sigurðsson,gylfi-sigursson,M,False,1.0,,,24.0,10.0,33.0,1.0,,4.0,,,,1.0,,,,2.0,4.0,,,,,,,,1.0,2.0,,90.0,,1.0,,,,,,,,,7.1,,,,2.0,2.0,7.0,,,1.0,41.0,12.0,46.0,0,1.0,70.0,1.0,1.0,2.0,
2015-16,6768199,22,57,Watford,Away,45989,Adlène Guédioura,adlene-guedioura,M,True,,,,,,,,,,,,,,,,,,,,,,,,,,,,,,,,,,,,,,,,,,,,,,,,,,,,,0,,,,,,
2015-16,6768199,22,57,Watford,Away,47668,Juan Carlos Paredes,juan-carlos-paredes,M,True,,,,4.0,1.0,5.0,,,,,,,,,,,1.0,,,,,,,,,,,,16.0,,,,,,,,,,,6.2,,,,,1.0,2.0,,,,7.0,1.0,6.0,0,,15.0,1.0,,,
2015-16,6768199,22,80,Swansea_City,Home,54686,Jefferson Montero,jefferson-montero,M,True,,,,,,,,,,,,,,,,,,,,,,,,,,,,,,,,,,,,,,,,,,,,,,,,,,,,,0,,,,,,
2015-16,6768199,22,80,Swansea_City,Home,209098,Modou Barrow,modou-barrow,M,True,,,,2.0,1.0,3.0,2.0,,3.0,,,,,,,2.0,9.0,3.0,,,,,,,,1.0,,,24.0,,,,,,,,,,,6.1,,,,1.0,6.0,,,1.0,,5.0,1.0,6.0,0,,20.0,,2.0,1.0,
2015-16,6768200,22,8,Chelsea,Home,518,Cesc Fàbregas,cesc-fabregas,M,False,,,3.0,46.0,23.0,69.0,1.0,,4.0,1.0,,1.0,1.0,,,,4.0,6.0,,,,1.0,1.0,,,,3.0,,90.0,2.0,,,,,,,,,,8.7,,,,,2.0,1.0,,5.0,,58.0,25.0,82.0,3,5.0,100.0,1.0,1.0,,
2015-16,6768200,22,11,Everton,Away,544,Gareth Barry,gareth-barry,M,False,,,6.0,17.0,25.0,42.0,1.0,1.0,2.0,,,,2.0,,,2.0,5.0,5.0,,,,,,,,2.0,,,90.0,,1.0,,,,,,,,,6.7,,,,5.0,1.0,,,7.0,,24.0,28.0,52.0,0,1.0,71.0,,2.0,1.0,
2015-16,6768200,22,11,Everton,Away,1161,Leon Osman,leon-osman,M,True,,,,,,,,,,,,,,,,,,,,,,,,,,,,,,,,,,,,,,,,,,,,,,,,,,,,,0,,,,,,
2015-16,6768200,22,11,Everton,Away,1924,Steven Pienaar,steven-pienaar,M,True,,,1.0,2.0,3.0,5.0,,,1.0,,,,,,,,,,,,,,,,,,,,9.0,,,,,,,,,,,6.4,,,,,,,,1.0,,4.0,3.0,7.0,0,,8.0,,,,
2015-16,6768200,22,11,Everton,Away,3593,Kevin Mirallas,kevin-mirallas,M,False,,,3.0,16.0,16.0,32.0,1.0,,11.0,1.0,1.0,,,,,,4.0,1.0,,,1.0,,1.0,,,2.0,2.0,,90.0,3.0,,,,,,,,,,7.4,,,,2.0,3.0,1.0,,5.0,1.0,20.0,18.0,37.0,3,,50.0,2.0,,1.0,
2015-16,6768200,22,8,Chelsea,Home,7311,John Obi Mikel,john-obi-mikel,M,False,,,2.0,34.0,24.0,58.0,1.0,2.0,9.0,,,,5.0,,,,8.0,9.0,,,2.0,,,,,1.0,,,90.0,,,,,,,,,,,6.7,,,1.0,1.0,1.0,,,3.0,,41.0,25.0,66.0,1,5.0,77.0,1.0,1.0,1.0,
2015-16,6768200,22,11,Everton,Away,9692,Aaron Lennon,aaron-lennon,M,False,,,1.0,7.0,6.0,13.0,,,2.0,,,,,,,,1.0,2.0,,,1.0,,,,,,1.0,,80.0,,,,,,,,,,,6.7,,,,,2.0,,,1.0,,10.0,7.0,17.0,0,,20.0,,,2.0,
2015-16,6768200,22,8,Chelsea,Home,31417,Willian,willian,M,False,2.0,,1.0,32.0,12.0,42.0,2.0,,7.0,,,2.0,,,,2.0,5.0,8.0,,,1.0,,,,,1.0,1.0,,90.0,1.0,,,,,,,,,,7.3,,,,,7.0,11.0,,2.0,,52.0,12.0,53.0,3,1.0,82.0,3.0,,7.0,
2015-16,6768200,22,8,Chelsea,Home,39400,Oscar,oscar,M,True,,,1.0,24.0,8.0,32.0,1.0,1.0,1.0,1.0,,,,,,1.0,3.0,4.0,,,,1.0,,,,,1.0,,35.0,1.0,,,,,,,,,,7.2,,,,,1.0,,,2.0,,27.0,8.0,35.0,1,3.0,41.0,,,,
2015-16,6768200,22,8,Chelsea,Home,44241,Nemanja Matić,nemanja-matic,M,False,,,2.0,25.0,19.0,44.0,,,6.0,,,,2.0,,,1.0,6.0,,,1.0,3.0,,,,,2.0,,,55.0,,,,,,,,,,,6.1,,,,2.0,,,,2.0,,26.0,22.0,48.0,0,,54.0,1.0,,,
2015-16,6768200,22,11,Everton,Away,46432,Tom Cleverley,tom-cleverley,M,True,,,,,,,,,,,,,,,,,,,,,,,,,,,,,,,,,,,,,,,,,,,,,,,,,,,,,0,,,,,,
2015-16,6768200,22,11,Everton,Away,98435,Ross Barkley,ross-barkley,M,False,,,3.0,19.0,9.0,28.0,,,2.0,,1.0,2.0,2.0,,,4.0,11.0,7.0,,,1.0,,,,1.0,,,,81.0,,,,,,,,,,,6.1,,,1.0,,10.0,,,3.0,,23.0,10.0,33.0,3,,56.0,3.0,2.0,5.0,
2015-16,6768200,22,11,Everton,Away,124960,Muhamed Bešić,muhamed-besic,M,False,,,4.0,29.0,34.0,63.0,4.0,1.0,8.0,1.0,,,3.0,,,2.0,10.0,9.0,,,,,,,,1.0,2.0,,90.0,,,,,,,,,,,7.2,,,,4.0,4.0,,,5.0,,34.0,37.0,71.0,0,5.0,92.0,2.0,,3.0,
2015-16,6768200,22,8,Chelsea,Home,284441,Ruben Loftus-Cheek,ruben-loftus-cheek,M,True,,,,,,,,,,,,,,,,,,,,,,,,,,,,,,,,,,,,,,,,,,,,,,,,,,,,,0,,,,,,
2015-16,6768200,22,8,Chelsea,Home,801391,Kenedy,kenedy,M,True,,,1.0,11.0,3.0,14.0,1.0,,6.0,,,,,,,1.0,3.0,2.0,,,,,,,,,,,24.0,1.0,,,,,,,,,,6.8,,,,,2.0,1.0,,1.0,,12.0,3.0,14.0,1,1.0,23.0,,,1.0,
2015-16,6768205,22,20,Southampton,Home,559,Steven Davis,steven-davis,M,False,,,1.0,33.0,12.0,45.0,1.0,1.0,7.0,,,,,,,1.0,3.0,3.0,,,2.0,1.0,,,,,1.0,,73.0,,,,,,,,,,,7.2,,,,,1.0,,,5.0,,38.0,12.0,50.0,0,1.0,58.0,1.0,,1.0,
2015-16,6768205,22,35,West_Bromwich_Albion,Away,765,Darren Fletcher,darren-fletcher,M,False,,,3.0,10.0,6.0,16.0,,1.0,1.0,,,,,,,1.0,1.0,1.0,,,,,,,,,,,45.0,,,,,,,,,,,6.4,,,,,,,,4.0,,13.0,7.0,20.0,0,,23.0,1.0,,,
2015-16,6768205,22,35,West_Bromwich_Albion,Away,10540,Chris Brunt,chris-brunt,M,True,,,1.0,18.0,7.0,25.0,,,2.0,,,1.0,1.0,,,,1.0,3.0,,,,,,,,1.0,,,45.0,,,,,,,,,,,7.1,,,1.0,1.0,1.0,2.0,,1.0,,22.0,7.0,27.0,2,2.0,39.0,2.0,,1.0,
2015-16,6768205,22,35,West_Bromwich_Albion,Away,14235,Craig Gardner,craig-gardner,M,False,1.0,,,11.0,7.0,17.0,2.0,1.0,5.0,,,,,,,1.0,5.0,7.0,,,2.0,,,,,,1.0,,90.0,,,,,,,,,,,6.8,,,2.0,2.0,,7.0,,4.0,1.0,24.0,10.0,27.0,2,5.0,50.0,,1.0,,
2015-16,6768205,22,35,West_Bromwich_Albion,Away,16657,Stéphane Sessègnon,stephane-sessegnon,M,False,,,,16.0,4.0,20.0,1.0,,2.0,,,,,,,3.0,6.0,2.0,,,,,,,,,1.0,,63.0,,,,,,,,,,,6.2,,,2.0,,4.0,3.0,,,1.0,23.0,4.0,24.0,2,,37.0,1.0,,2.0,
2015-16,6768205,22,35,West_Bromwich_Albion,Away,41631,James McClean,james-mcclean,M,False,3.0,,,10.0,7.0,14.0,2.0,2.0,6.0,,,,3.0,1.0,,1.0,7.0,3.0,,,,,,,,1.0,1.0,,90.0,,1.0,,,,,,,,,6.2,,,,1.0,1.0,8.0,,4.0,,24.0,10.0,26.0,0,1.0,45.0,,,,
2015-16,6768205,22,20,Southampton,Home,44760,Cédric Soares,cedric-soares,M,False,1.0,,1.0,23.0,2.0,24.0,1.0,,5.0,,,,,,,,1.0,4.0,,,,,,,,,1.0,,84.0,,,,,,,,,,,7.0,,,1.0,1.0,2.0,8.0,,4.0,,37.0,4.0,33.0,1,2.0,55.0,,,2.0,
2015-16,6768205,22,20,Southampton,Home,45956,Victor Wanyama,victor-wanyama,M,False,,,3.0,29.0,24.0,53.0,8.0,,10.0,,,,,,,,9.0,4.0,,,,,,,,2.0,,,90.0,,1.0,,,,,,,,,6.9,,,,3.0,2.0,,,4.0,,36.0,24.0,60.0,0,2.0,74.0,1.0,1.0,1.0,
2015-16,6768205,22,35,West_Bromwich_Albion,Away,53783,Callum McManaman,callum-mcmanaman,M,True,,,,,,,,,,,,,,,,,,,,,,,,,,,,,,,,,,,,,,,,,,,,,,,,,,,,,0,,,,,,
2015-16,6768205,22,20,Southampton,Home,69416,Oriol Romeu,oriol-romeu,M,True,,,1.0,1.0,3.0,4.0,2.0,,1.0,,,,,,,1.0,4.0,2.0,,,2.0,,,,,,,,17.0,,1.0,,,,,,,,,6.6,,,,,1.0,,,1.0,,3.0,3.0,6.0,0,1.0,11.0,,,1.0,
2015-16,6768205,22,35,West_Bromwich_Albion,Away,151037,Claudio Yacob,claudio-yacob,M,False,,,,22.0,17.0,39.0,1.0,4.0,7.0,,,,1.0,,,1.0,5.0,9.0,,,3.0,,,,,4.0,,,90.0,,,,,,,,,,,6.9,,,,1.0,,,,1.0,,27.0,19.0,46.0,0,4.0,59.0,,2.0,,
2015-16,6768205,22,20,Southampton,Home,161717,James Ward-Prowse,james-ward-prowse,M,False,,,2.0,29.0,21.0,50.0,1.0,,10.0,,,,1.0,,,1.0,4.0,,,,1.0,,2.0,,,2.0,,,90.0,2.0,,,,,,,,,,7.8,,,,,,2.0,,5.0,,38.0,23.0,59.0,2,,69.0,1.0,,,
2015-16,6768205,22,20,Southampton,Home,217704,Sadio Mané,sadio-mane,M,False,1.0,,1.0,19.0,8.0,26.0,2.0,,4.0,,,2.0,,,,1.0,6.0,4.0,,,1.0,,,,,1.0,1.0,,63.0,,,,,,,,,,,7.1,,,1.0,,4.0,1.0,,1.0,1.0,22.0,10.0,31.0,3,2.0,47.0,,1.0,1.0,
2015-16,6768206,22,21,West_Ham_United,Away,9741,Mark Noble,mark-noble,M,False,,,6.0,25.0,30.0,55.0,,,6.0,,,,3.0,,,1.0,4.0,6.0,,,,,,,,1.0,1.0,,90.0,,,,,,,,,,,7.0,,,1.0,,,,,8.0,,30.0,31.0,61.0,1,4.0,73.0,1.0,2.0,,
2015-16,6768206,22,21,West_Ham_United,Away,12987,Alex Song,alex-song,M,True,,,,,,,,,,,,,,,,,,,,,,,,,,,,,,,,,,,,,,,,,,,,,,,,,,,,,0,,,,,,
2015-16,6768206,22,21,West_Ham_United,Away,14216,Dimitri Payet,dimitri-payet,M,False,1.0,,5.0,29.0,14.0,42.0,,,9.0,,,,1.0,,,3.0,7.0,2.0,,,,,,,,1.0,3.0,,90.0,,,,,,,,,,,6.7,,,,,5.0,8.0,,9.0,,49.0,17.0,58.0,0,,77.0,1.0,,2.0,
2015-16,6768206,22,4,Newcastle_United,Home,22126,Georginio Wijnaldum,georginio-wijnaldum,M,False,,,,37.0,14.0,51.0,2.0,1.0,10.0,,,1.0,,,,,6.0,4.0,,,,1.0,1.0,,,,5.0,,90.0,1.0,,,,,,,,,,8.2,,,2.0,,6.0,,,1.0,1.0,39.0,16.0,55.0,4,1.0,72.0,2.0,,2.0,
2015-16,6768206,22,4,Newcastle_United,Home,26895,Henri Saivet,henri-saivet,M,True,,,1.0,3.0,11.0,14.0,1.0,,3.0,,,,1.0,,,1.0,3.0,3.0,,,,,,,,1.0,,,33.0,,,,,,,,,,,6.7,,,,,1.0,,,1.0,,4.0,12.0,16.0,0,2.0,23.0,,,1.0,
2015-16,6768206,22,4,Newcastle_United,Home,26982,Yoan Gouffran,yoan-gouffran,M,True,,,,2.0,1.0,3.0,1.0,,1.0,,,,,,,,2.0,2.0,,,,,,,,,1.0,,10.0,1.0,,,,,,,,,,6.8,,,,1.0,1.0,,,2.0,,2.0,3.0,5.0,1,1.0,11.0,,1.0,,
2015-16,6768206,22,4,Newcastle_United,Home,27014,Moussa Sissoko,moussa-sissoko,M,False,1.0,,1.0,16.0,10.0,25.0,,2.0,9.0,,,2.0,,,,1.0,5.0,4.0,,,3.0,,,,,,2.0,,90.0,,,,,,,,,,,6.8,,,1.0,,2.0,3.0,,1.0,,27.0,10.0,34.0,3,2.0,47.0,1.0,,,
2015-16,6768206,22,4,Newcastle_United,Home,36465,Jonjo Shelvey,jonjo-shelvey,M,False,,,9.0,25.0,29.0,54.0,1.0,,10.0,1.0,,1.0,1.0,,,,5.0,3.0,,,1.0,,,,,,2.0,,90.0,1.0,,,,,,,,,,7.6,,,2.0,,2.0,1.0,,11.0,,30.0,30.0,59.0,4,3.0,71.0,2.0,,,
2015-16,6768206,22,4,Newcastle_United,Home,40686,Jack Colback,jack-colback,M,False,,,2.0,15.0,26.0,41.0,2.0,1.0,10.0,,,,,,,,4.0,6.0,,,2.0,,,,,4.0,,,90.0,,1.0,,,,,,,,,7.4,,,1.0,4.0,1.0,2.0,,2.0,,17.0,27.0,42.0,1,3.0,69.0,2.0,1.0,1.0,
2015-16,6768206,22,21,West_Ham_United,Away,45944,Cheikhou Kouyaté,cheikhou-kouyate,M,False,,,,16.0,14.0,30.0,1.0,3.0,7.0,,,,1.0,,,1.0,3.0,7.0,,,,,,,,1.0,,,90.0,2.0,,,,,,,,,,7.1,,,1.0,,1.0,2.0,,,,19.0,14.0,31.0,3,2.0,46.0,1.0,1.0,1.0,
2015-16,6768206,22,21,West_Ham_United,Away,46799,Pedro Obiang,pedro-obiang,M,False,,,2.0,8.0,12.0,20.0,,,5.0,,,1.0,,,,1.0,1.0,2.0,,,,,,,,2.0,1.0,,45.0,,1.0,,,,,,,,,6.9,,,,1.0,1.0,,,4.0,,10.0,14.0,24.0,1,1.0,33.0,,,1.0,
2015-16,6768206,22,21,West_Ham_United,Away,792122,Josh Cullen,cullen-josh,M,True,,,,,,,,,,,,,,,,,,,,,,,,,,,,,,,,,,,,,,,,,,,,,,,,,,,,,0,,,,,,
2015-16,6768213,22,31,Crystal_Palace,Away,3574,Yohan Cabaye,yohan-cabaye,M,False,2.0,,,19.0,22.0,39.0,2.0,,5.0,,,,3.0,,,1.0,8.0,10.0,,,2.0,,,,,4.0,,,90.0,1.0,,,,,,,,,,7.3,,,1.0,,,4.0,,1.0,,28.0,24.0,48.0,2,8.0,72.0,,2.0,,
2015-16,6768213,22,31,Crystal_Palace,Away,9921,Joe Ledley,joe-ledley,M,False,,,2.0,28.0,27.0,55.0,1.0,3.0,4.0,,,1.0,1.0,,,,3.0,5.0,,,1.0,,,,,8.0,,,90.0,,,,,,,,,,,7.0,,,,1.0,,1.0,,3.0,,36.0,28.0,63.0,1,2.0,79.0,1.0,,,
2015-16,6768213,22,43,Manchester_City,Home,11781,David Silva,david-silva,M,False,2.0,,,42.0,18.0,58.0,1.0,2.0,5.0,,,2.0,,,,5.0,7.0,6.0,,,2.0,1.0,1.0,,,,4.0,,90.0,1.0,,,,,,,,,,8.1,,,2.0,2.0,1.0,6.0,,2.0,,54.0,19.0,67.0,5,1.0,96.0,3.0,2.0,1.0,
2015-16,6768213,22,43,Manchester_City,Home,14468,Yaya Touré,yaya-toure,M,True,,,2.0,10.0,6.0,16.0,2.0,1.0,2.0,,,1.0,,,,1.0,4.0,2.0,,,,,,,,,1.0,,33.0,,,,,,,,,,,6.7,,,,,2.0,,,2.0,,12.0,7.0,19.0,1,,25.0,1.0,,1.0,
2015-16,6768213,22,31,Crystal_Palace,Away,19593,Jason Puncheon,jason-puncheon,M,False,2.0,,,26.0,16.0,40.0,2.0,,8.0,,,,,,,3.0,10.0,5.0,,,2.0,,,,,1.0,2.0,,90.0,,,,,,,,,,,6.1,,,,,4.0,6.0,,4.0,,36.0,20.0,50.0,0,3.0,73.0,2.0,1.0,1.0,
2015-16,6768213,22,43,Manchester_City,Home,24048,Fabian Delph,fabian-delph,M,False,1.0,,1.0,35.0,18.0,52.0,1.0,1.0,13.0,,,,4.0,,,2.0,10.0,11.0,,,2.0,,1.0,,,6.0,,,90.0,1.0,,,,,,,,,,8.0,,,1.0,,7.0,1.0,,5.0,,39.0,23.0,61.0,2,3.0,84.0,,1.0,6.0,
2015-16,6768213,22,31,Crystal_Palace,Away,38130,Jordon Mutch,jordon-mutch,M,True,,,,3.0,1.0,4.0,,,2.0,,,,,,,,,1.0,,,,,,,,,,,10.0,,,,,,,,,,,6.5,,,,,,1.0,,1.0,,4.0,2.0,5.0,0,1.0,7.0,,,,
2015-16,6768213,22,31,Crystal_Palace,Away,38639,Chung-yong Lee,chung-yong-lee,M,True,,,,,2.0,2.0,,,,,,,1.0,,,,1.0,1.0,,,,,,,,,,,5.0,,,,,,,,,,,6.7,,,,,1.0,,,,,1.0,3.0,4.0,0,,6.0,,,1.0,
2015-16,6768213,22,31,Crystal_Palace,Away,39282,James McArthur,james-mcarthur,M,False,,,2.0,22.0,13.0,35.0,4.0,2.0,7.0,,,,2.0,,,1.0,10.0,5.0,,,1.0,,,,,1.0,2.0,,80.0,,,,,,,,,,,6.3,,,,,4.0,,,2.0,,24.0,15.0,39.0,0,1.0,51.0,1.0,,2.0,
2015-16,6768213,22,43,Manchester_City,Home,41837,Fernando,fernando-reges,M,False,,,2.0,37.0,22.0,59.0,2.0,2.0,7.0,,,,,,,1.0,4.0,4.0,,,1.0,,,,,2.0,3.0,,90.0,,,,,,,,,,,7.3,,,1.0,3.0,,,,3.0,,38.0,22.0,60.0,1,1.0,73.0,1.0,1.0,,
2015-16,6768213,22,43,Manchester_City,Home,70996,Kevin De Bruyne,kevin-de-bruyne,M,False,,,2.0,22.0,12.0,34.0,,,1.0,1.0,,,1.0,,,2.0,3.0,2.0,,,,1.0,,,,1.0,3.0,,90.0,,,,,,,,,,,7.1,,,,,,3.0,,4.0,,34.0,13.0,44.0,0,1.0,54.0,,1.0,,
2015-16,6768213,22,31,Crystal_Palace,Away,84686,Pape Souaré,pape-souare,M,False,,,2.0,16.0,16.0,32.0,,,5.0,,,,,,,,,,,,,,,,,2.0,,,90.0,,,,,,,,,,,6.0,,,,1.0,,6.0,,6.0,,32.0,19.0,45.0,0,,65.0,,,,
2015-16,6768213,22,31,Crystal_Palace,Away,111850,Wilfried Zaha,wilfried-zaha,M,False,,,,10.0,5.0,15.0,2.0,,8.0,,,,1.0,,,5.0,10.0,10.0,,,1.0,,,,,2.0,1.0,,85.0,,,,,,,,,,,6.3,,,,,7.0,4.0,,,,16.0,5.0,17.0,0,2.0,44.0,2.0,2.0,6.0,
2015-16,6768216,22,6,Tottenham_Hotspur,Home,9865,Mousa Dembélé,mousa-dembele,M,False,,,2.0,51.0,18.0,69.0,,2.0,9.0,,,1.0,,,,1.0,4.0,6.0,,,3.0,,1.0,,,1.0,4.0,,80.0,1.0,,,,,,,,,,8.0,,,,1.0,,,,2.0,,57.0,19.0,76.0,2,3.0,86.0,1.0,1.0,,
2015-16,6768216,22,56,Sunderland,Away,14210,Lee Cattermole,lee-cattermole,M,False,,,1.0,2.0,14.0,16.0,1.0,,7.0,,,,1.0,,,2.0,7.0,3.0,1.0,,3.0,,,,,2.0,,,53.0,,,,,,,,,,,6.0,,,,,,,,1.0,,4.0,16.0,20.0,0,3.0,28.0,,,,
2015-16,6768216,22,56,Sunderland,Away,32045,Yann M'Vila,yann-mvila,M,False,,,5.0,13.0,22.0,35.0,1.0,,10.0,,,,2.0,,,,3.0,5.0,,,,,,,,1.0,,,90.0,,1.0,,,,,,,,,6.6,,,,2.0,1.0,2.0,,9.0,,25.0,25.0,48.0,0,2.0,60.0,,2.0,1.0,
2015-16,6768216,22,6,Tottenham_Hotspur,Home,32492,Nacer Chadli,nacer-chadli,M,True,,,,,,,,,,,,,,,,,,,,,,,,,,,,,,,,,,,,,,,,,,,,,,,,,,,,,0,,,,,,
2015-16,6768216,22,56,Sunderland,Away,43473,Jan Kirchhoff,jan-kirchhoff,M,True,,,,1.0,6.0,7.0,,1.0,3.0,,,,,,,,1.0,4.0,,,1.0,,,,,2.0,,,31.0,,,,1.0,,,,,,,6.1,,,,4.0,,,,1.0,,4.0,7.0,11.0,0,3.0,23.0,2.0,,,
2015-16,6768216,22,6,Tottenham_Hotspur,Home,105734,Christian Eriksen,christian-eriksen,M,False,4.0,,1.0,49.0,12.0,57.0,1.0,,2.0,1.0,,,,,,3.0,6.0,2.0,,,1.0,,2.0,,,,6.0,,90.0,3.0,,,,,,,,,,8.9,,,1.0,,2.0,8.0,,1.0,,63.0,14.0,69.0,4,1.0,91.0,1.0,,1.0,
2015-16,6768216,22,6,Tottenham_Hotspur,Home,122702,Erik Lamela,erik-lamela,M,False,3.0,,,31.0,2.0,30.0,1.0,,4.0,,,,1.0,,,,4.0,3.0,,,2.0,,,,,,2.0,,73.0,,,,,,,,,,,7.0,,,1.0,,2.0,5.0,,,1.0,40.0,3.0,38.0,1,2.0,49.0,1.0,,1.0,
2015-16,6768216,22,6,Tottenham_Hotspur,Home,198028,Dele Alli,dele-alli,M,False,,,,23.0,6.0,29.0,1.0,1.0,2.0,,,1.0,1.0,,,5.0,9.0,4.0,,,,,,,,2.0,,,90.0,,,,,,,,,,,6.2,,,2.0,2.0,2.0,,,,,29.0,6.0,35.0,3,1.0,57.0,3.0,2.0,,
2015-16,6768216,22,56,Sunderland,Away,240256,Duncan Watmore,duncan-watmore,M,True,,,,3.0,1.0,4.0,2.0,,2.0,,,,,,,1.0,3.0,1.0,,,,,,,,,1.0,,14.0,,,,,,,,,,,6.6,,,,,1.0,,,,,3.0,1.0,4.0,0,,8.0,1.0,,1.0,
2015-16,6768216,22,6,Tottenham_Hotspur,Home,361332,Joshua Onomah,joshua-onomah,M,True,,,,11.0,,11.0,,,,,,,,,,,,,,,,,,,,,,,17.0,,,,,,,,,,,6.5,,,,,,1.0,,,,13.0,,12.0,0,,13.0,,,,
2015-16,6768216,22,6,Tottenham_Hotspur,Home,801460,Tom Carroll,carroll-tom,M,True,1.0,,1.0,14.0,4.0,17.0,,,1.0,,,,,,,,,1.0,,,,,,,,,,,10.0,,,,,,,,,,,7.0,,,,,,1.0,,1.0,,14.0,4.0,17.0,0,1.0,20.0,,,,
2015-16,6768201,23,110,Stoke_City,Away,2525,Ibrahim Afellay,ibrahim-afellay,M,False,,,10.0,35.0,27.0,62.0,1.0,,10.0,,,,,,,2.0,4.0,4.0,,,1.0,,,,,1.0,,,90.0,1.0,1.0,,,,,,,,,7.1,,,,1.0,1.0,1.0,,13.0,,41.0,27.0,67.0,1,2.0,81.0,2.0,1.0,1.0,
2015-16,6768201,23,13,Leicester_City,Home,4252,Gökhan Inler,gokhan-inler,M,True,,,,,,,,,,,,,,,,,,,,,,,,,,,,,,,,,,,,,,,,,,,,,,,,,,,,,0,,,,,,
2015-16,6768201,23,110,Stoke_City,Away,9104,Marc Wilson,marc-wilson,M,True,,,2.0,4.0,13.0,17.0,1.0,4.0,2.0,,,,1.0,,,,3.0,5.0,,,1.0,,,,,,,,60.0,,,,,,,,,,,6.3,,,,5.0,,,,4.0,,6.0,16.0,22.0,0,1.0,31.0,,1.0,,
2015-16,6768201,23,110,Stoke_City,Away,9360,Charlie Adam,charlie-adam,M,True,,,,,,,,,,,,,,,,,,,,,,,,,,,,,,,,,,,,,,,,,,,,,,,,,,,,,0,,,,,,
2015-16,6768201,23,110,Stoke_City,Away,10535,Glenn Whelan,glenn-whelan,M,False,,,4.0,17.0,32.0,49.0,1.0,,5.0,,,1.0,5.0,,,,7.0,4.0,,1.0,1.0,,,,,,,,90.0,,,,,,,,,,,6.2,,,,3.0,1.0,,,8.0,,24.0,36.0,60.0,1,3.0,72.0,2.0,,1.0,
2015-16,6768201,23,13,Leicester_City,Home,14231,Nathan Dyer,nathan-dyer,M,True,,,,,,,,,,,,,,,,,,,,,,,,,,,,,,,,,,,,,,,,,,,,,,,,,,,,,0,,,,,,
2015-16,6768201,23,13,Leicester_City,Home,30530,Andy King,andy-king,M,True,,,,,,,,,,,,,,,,,,,,,,,,,,,,,,,,,,,,,,,,,,,,,,,,,,,,,0,,,,,,
2015-16,6768201,23,13,Leicester_City,Home,47737,Marc Albrighton,marc-albrighton,M,False,2.0,,1.0,23.0,6.0,27.0,1.0,,6.0,,,1.0,1.0,,,,4.0,4.0,,,1.0,,,,,,2.0,,88.0,,,,,,,,,,,7.1,,,1.0,,6.0,14.0,,2.0,,42.0,7.0,35.0,2,,66.0,2.0,,4.0,
2015-16,6768201,23,13,Leicester_City,Home,54330,Danny Drinkwater,danny-drinkwater,M,False,,,3.0,32.0,22.0,54.0,2.0,1.0,10.0,1.0,,,1.0,,,2.0,7.0,3.0,,,2.0,1.0,1.0,,,,2.0,,90.0,1.0,,,,,,,,,,8.0,,,,1.0,,1.0,,9.0,,48.0,22.0,69.0,1,2.0,80.0,2.0,,,
2015-16,6768201,23,110,Stoke_City,Away,65953,Xherdan Shaqiri,xherdan-shaqiri,M,False,,,,9.0,11.0,20.0,2.0,,6.0,,,,,,,3.0,9.0,1.0,,,2.0,,,,,,,,79.0,,,,,,,,,,,5.7,,,,,2.0,6.0,,1.0,,23.0,13.0,30.0,0,1.0,45.0,1.0,,,
2015-16,6768201,23,13,Leicester_City,Home,158213,Riyad Mahrez,riyad-mahrez,M,False,,,,14.0,7.0,21.0,2.0,2.0,7.0,1.0,1.0,,,,,2.0,9.0,10.0,,,1.0,1.0,,,,,1.0,,90.0,,,,,,,,,,,6.5,,,2.0,,6.0,3.0,,,,22.0,8.0,27.0,2,,52.0,1.0,6.0,2.0,
2015-16,6768201,23,13,Leicester_City,Home,234148,N'Golo Kanté,n-golo-kante,M,False,,,4.0,22.0,15.0,37.0,1.0,2.0,11.0,,,,,,,1.0,3.0,14.0,,,,,,,,5.0,1.0,,90.0,,1.0,,,,,,,,,8.5,,,1.0,1.0,5.0,,,6.0,,30.0,17.0,47.0,1,5.0,74.0,2.0,3.0,4.0,
2015-16,6768201,23,13,Leicester_City,Home,355152,Demarai Gray,demarai-gray,M,True,,,,3.0,1.0,4.0,,,1.0,,,,,,,,,,,,,,,,,,,,2.0,,,,,,,,,,,,,,,,,,,,,3.0,1.0,4.0,0,,4.0,,,,
2015-16,6768202,23,11,Everton,Home,544,Gareth Barry,gareth-barry,M,False,1.0,,9.0,28.0,23.0,50.0,,4.0,12.0,,,,1.0,,,,1.0,9.0,,,,,,,,2.0,2.0,,90.0,,,,,,,,,,,7.7,,,1.0,,,2.0,,14.0,,41.0,27.0,66.0,1,5.0,78.0,1.0,,,
2015-16,6768202,23,11,Everton,Home,1161,Leon Osman,leon-osman,M,True,,,,,,,,,,,,,,,,,,,,,,,,,,,,,,,,,,,,,,,,,,,,,,,,,,,,,0,,,,,,
2015-16,6768202,23,11,Everton,Home,1924,Steven Pienaar,steven-pienaar,M,True,1.0,,2.0,39.0,5.0,43.0,1.0,1.0,5.0,,,1.0,1.0,,,2.0,4.0,5.0,,,,,,,,2.0,1.0,,62.0,,,,,,,,,,,7.0,,,1.0,1.0,3.0,3.0,,3.0,,46.0,7.0,50.0,2,,70.0,2.0,1.0,3.0,
2015-16,6768202,23,11,Everton,Home,3593,Kevin Mirallas,kevin-mirallas,M,False,,,,1.0,3.0,4.0,,1.0,2.0,,,1.0,,,,,,4.0,,,,,,,,2.0,1.0,,28.0,,,,,,,,,,,7.0,,,,1.0,,,,,,4.0,3.0,7.0,1,2.0,17.0,1.0,1.0,,
2015-16,6768202,23,11,Everton,Home,9692,Aaron Lennon,aaron-lennon,M,True,,,,,,,,,,,,,,,,,,,,,,,,,,,,,,,,,,,,,,,,,,,,,,,,,,,,,0,,,,,,
2015-16,6768202,23,80,Swansea_City,Away,20538,Leon Britton,leon-britton,M,False,,,,14.0,18.0,32.0,,1.0,6.0,,,,,,,3.0,7.0,5.0,,,4.0,,,,,2.0,,,90.0,,,,,,,,,,,6.7,,,,2.0,1.0,,,1.0,,22.0,21.0,43.0,0,3.0,59.0,1.0,,1.0,
2015-16,6768202,23,80,Swansea_City,Away,20993,Jack Cork,jack-cork,M,False,,,,26.0,20.0,46.0,2.0,2.0,10.0,,,,1.0,,,,6.0,6.0,,,1.0,,,,,1.0,2.0,,90.0,1.0,1.0,1.0,,,,,,,,6.7,,,,2.0,2.0,,,3.0,,30.0,23.0,53.0,1,2.0,70.0,1.0,2.0,,
2015-16,6768202,23,80,Swansea_City,Away,30243,Neil Taylor,neil-taylor,M,False,,,2.0,12.0,7.0,19.0,,,6.0,,,,1.0,,,,3.0,,,,2.0,1.0,,,,3.0,1.0,,90.0,,2.0,,,,,,,,,6.7,,,,1.0,,2.0,,5.0,,22.0,9.0,29.0,0,,50.0,,,,
2015-16,6768202,23,80,Swansea_City,Away,38642,Sung-Yueng Ki,sung-yueng-ki,M,False,,,4.0,22.0,23.0,45.0,1.0,,9.0,,,,2.0,,,,3.0,,,,,,,,,1.0,1.0,,90.0,,,,,,,,,,,6.6,,,,1.0,,1.0,,5.0,,26.0,23.0,48.0,0,,58.0,2.0,,,
2015-16,6768202,23,80,Swansea_City,Away,43192,Gylfi Sigurðsson,gylfi-sigursson,M,False,1.0,,,10.0,10.0,19.0,3.0,,9.0,,,,2.0,,,1.0,8.0,4.0,,,1.0,,1.0,,,2.0,,,90.0,2.0,1.0,,,,,,,,,7.0,,,,1.0,2.0,3.0,,4.0,,19.0,12.0,28.0,2,3.0,50.0,2.0,,1.0,
2015-16,6768202,23,11,Everton,Home,46432,Tom Cleverley,tom-cleverley,M,True,1.0,,,32.0,13.0,44.0,,4.0,3.0,,,,,,,1.0,2.0,11.0,,,,,,,,,,,79.0,,,,,,,,,,,6.9,,,,2.0,1.0,8.0,,1.0,,47.0,13.0,52.0,0,4.0,74.0,,3.0,,
2015-16,6768202,23,80,Swansea_City,Away,54686,Jefferson Montero,jefferson-montero,M,True,,,,,,,,,,,,,,,,,,,,,,,,,,,,,,,,,,,,,,,,,,,,,,,,,,,,,0,,,,,,
2015-16,6768202,23,11,Everton,Home,98435,Ross Barkley,ross-barkley,M,False,1.0,,4.0,31.0,15.0,45.0,1.0,,5.0,,,2.0,1.0,,,2.0,8.0,7.0,,,2.0,,,,,1.0,1.0,,90.0,,,,,,,,,,,6.9,,,,,5.0,2.0,,6.0,,40.0,16.0,54.0,2,1.0,76.0,5.0,3.0,3.0,
2015-16,6768202,23,11,Everton,Home,124960,Muhamed Bešić,muhamed-besic,M,False,,,,1.0,3.0,4.0,,1.0,,,,,,,,,,1.0,,,,,,,1.0,,,,11.0,,,,,,,,,,,6.8,,,1.0,,,,,,,1.0,3.0,4.0,1,,5.0,,,,
2015-16,6768202,23,80,Swansea_City,Away,209098,Modou Barrow,modou-barrow,M,True,,,,,,,,,,,,,,,,,,,,,,,,,,,,,,,,,,,,,,,,,,,,,,,,,,,,,0,,,,,,
2015-16,6768204,23,14,Liverpool,Away,791,James Milner,james-milner,M,False,,,1.0,22.0,11.0,33.0,5.0,2.0,6.0,,1.0,1.0,3.0,,,1.0,9.0,4.0,,,1.0,1.0,1.0,,,1.0,2.0,,90.0,1.0,,,,,,,,,,7.5,,,,2.0,,5.0,,5.0,,34.0,11.0,40.0,2,1.0,64.0,2.0,1.0,,
2015-16,6768204,23,45,Norwich_City,Home,9148,Graham Dorrans,graham-dorrans,M,False,,,2.0,18.0,21.0,39.0,4.0,1.0,8.0,,,,1.0,,,,5.0,2.0,,,,1.0,,,,1.0,1.0,,90.0,,1.0,,,,,,,,,6.5,,,,,1.0,1.0,,5.0,,26.0,23.0,48.0,0,,57.0,1.0,,1.0,
2015-16,6768204,23,45,Norwich_City,Home,14336,Wesley Hoolahan,wesley-hoolahan,M,False,,,,14.0,3.0,17.0,1.0,,3.0,,,,2.0,,,5.0,10.0,3.0,,,1.0,1.0,1.0,,,,1.0,,70.0,1.0,,,,,,,,,,6.5,,,,,3.0,1.0,,,,20.0,6.0,25.0,1,1.0,40.0,3.0,,2.0,
2015-16,6768204,23,14,Liverpool,Away,17054,Adam Lallana,adam-lallana,M,True,,,1.0,7.0,4.0,11.0,,1.0,2.0,1.0,,,,,,2.0,3.0,3.0,,,,1.0,1.0,,,,1.0,,31.0,1.0,,,,,,,,,,7.6,,,,1.0,1.0,1.0,,2.0,2.0,12.0,5.0,16.0,1,1.0,25.0,,1.0,,
2015-16,6768204,23,45,Norwich_City,Home,17806,Vadis Odjidja-Ofoe,vadis-odjidja-ofoe,M,True,,,,,,,,,,,,,,,,,,,,,,,,,,,,,,,,,,,,,,,,,,,,,,,,,,,,,0,,,,,,
2015-16,6768204,23,45,Norwich_City,Home,18712,Youssouf Mulumbu,youssouf-mulumbu,M,True,,,,,,,,,,,,,,,,,,,,,,,,,,,,,,,,,,,,,,,,,,,,,,,,,,,,,0,,,,,,
2015-16,6768204,23,45,Norwich_City,Home,20095,Matt Jarvis,matt-jarvis,M,True,,,,3.0,2.0,5.0,1.0,,2.0,,,,,,,,1.0,1.0,,,,,,,,,,,20.0,,,,,,,,,,,6.2,,,,1.0,,1.0,,1.0,,7.0,2.0,8.0,0,,12.0,1.0,1.0,,
2015-16,6768204,23,14,Liverpool,Away,20602,Joe Allen,joe-allen,M,True,,,,,,,,,,,,,,,,,,,,,,,,,,,,,,,,,,,,,,,,,,,,,,,,,,,,,0,,,,,,
2015-16,6768204,23,14,Liverpool,Away,27234,Lucas Leiva,lucas-leiva,M,False,,,3.0,22.0,17.0,39.0,4.0,6.0,9.0,,,,2.0,,,1.0,9.0,13.0,,,2.0,,,,,5.0,,,90.0,,1.0,,,,,,,,,7.1,,,,1.0,1.0,,,6.0,,34.0,21.0,55.0,0,5.0,78.0,,1.0,1.0,
2015-16,6768204,23,14,Liverpool,Away,42694,Jordan Henderson,jordan-henderson,M,False,,,3.0,17.0,8.0,25.0,1.0,2.0,5.0,,,1.0,,,,2.0,5.0,5.0,,,,,1.0,,,,,,76.0,1.0,,,,,,,,,,7.0,,,,1.0,2.0,,,6.0,,24.0,12.0,36.0,2,2.0,52.0,2.0,1.0,,
2015-16,6768204,23,14,Liverpool,Away,97006,João Carlos Teixeira,joao-carlos-teixeira,M,True,,,,,,,,,,,,,,,,,,,,,,,,,,,,,,,,,,,,,,,,,,,,,,,,,,,,,0,,,,,,
2015-16,6768204,23,45,Norwich_City,Home,115346,Nathan Redmond,nathan-redmond,M,False,1.0,,2.0,21.0,3.0,23.0,1.0,1.0,3.0,,,,1.0,,,,6.0,4.0,,,2.0,,,,,1.0,1.0,,70.0,,,,,,,,,,,6.5,,,,,3.0,4.0,,4.0,,31.0,5.0,32.0,0,2.0,47.0,1.0,,1.0,
2015-16,6768204,23,14,Liverpool,Away,143697,Roberto Firmino,roberto-firmino,M,False,,,,18.0,8.0,26.0,5.0,,5.0,,,,1.0,,,2.0,10.0,3.0,,,2.0,1.0,2.0,,,,2.0,,90.0,3.0,,,,,,,,,,8.6,,,1.0,1.0,1.0,1.0,,1.0,1.0,27.0,12.0,38.0,4,1.0,55.0,2.0,1.0,1.0,
2015-16,6768204,23,14,Liverpool,Away,185955,Jordon Ibe,jordon-ibe,M,False,,,1.0,6.0,4.0,10.0,,,4.0,,,,3.0,,,2.0,5.0,5.0,,,,,,,,,1.0,,59.0,,,,,,,,,,,6.6,,,,,2.0,1.0,,2.0,,11.0,6.0,16.0,0,1.0,24.0,,2.0,2.0,
2015-16,6768204,23,45,Norwich_City,Home,267621,Robbie Brady,robbie-brady,M,False,2.0,,4.0,16.0,10.0,24.0,1.0,4.0,5.0,,,,,,,3.0,8.0,10.0,1.0,,1.0,,,,,3.0,,1.0,90.0,,1.0,,,,,,,,,5.9,,,,5.0,4.0,3.0,,7.0,,23.0,14.0,34.0,0,5.0,78.0,1.0,,1.0,
2015-16,6768208,23,8,Chelsea,Away,518,Cesc Fàbregas,cesc-fabregas,M,False,1.0,,,43.0,27.0,69.0,,,12.0,,,1.0,3.0,,,1.0,6.0,14.0,,,1.0,,,,,,1.0,,90.0,1.0,,,,,,,,,,7.8,,,,,4.0,3.0,,7.0,,58.0,28.0,83.0,2,6.0,105.0,1.0,5.0,3.0,
2015-16,6768208,23,3,Arsenal,Home,519,Mathieu Flamini,mathieu-flamini,M,False,,,1.0,7.0,20.0,27.0,,,2.0,,1.0,,1.0,,,1.0,5.0,1.0,,,2.0,,,,,1.0,,,90.0,1.0,1.0,,,,,,,,,6.3,,,2.0,,2.0,,,2.0,,10.0,24.0,34.0,3,,44.0,,,1.0,
2015-16,6768208,23,8,Chelsea,Away,7311,John Obi Mikel,john-obi-mikel,M,False,,,1.0,39.0,30.0,69.0,,,6.0,,,,3.0,,,,5.0,4.0,,,2.0,,,,,1.0,,,90.0,,,,,,,,,,,6.7,,,,1.0,1.0,,,3.0,,42.0,31.0,73.0,0,2.0,83.0,2.0,1.0,1.0,
2015-16,6768208,23,3,Arsenal,Home,10501,Theo Walcott,theo-walcott,M,False,,,,16.0,2.0,18.0,1.0,,3.0,,,,,,,3.0,5.0,3.0,,,,,,,,1.0,3.0,,75.0,,,,,,,,,,,6.5,,,,,2.0,1.0,,,1.0,17.0,3.0,19.0,0,1.0,33.0,4.0,1.0,1.0,
2015-16,6768208,23,3,Arsenal,Home,10577,Alex Oxlade-Chamberlain,alex-oxlade-chamberlain,M,True,,,,6.0,3.0,9.0,,,,,,,,,,1.0,1.0,2.0,,,,,,,,,1.0,,15.0,,,,,,,,,,,6.7,,,1.0,,1.0,1.0,,,,7.0,3.0,9.0,1,,16.0,1.0,1.0,1.0,
2015-16,6768208,23,3,Arsenal,Home,16176,Mesut Özil,mesut-ozil,M,False,,,1.0,40.0,9.0,49.0,1.0,1.0,5.0,,,,2.0,,,3.0,9.0,3.0,,,,,,,,,1.0,,90.0,,,,,,,,,,,5.9,,,,1.0,5.0,8.0,,1.0,,63.0,9.0,64.0,0,,86.0,2.0,1.0,2.0,
2015-16,6768208,23,3,Arsenal,Home,23571,Aaron Ramsey,aaron-ramsey,M,False,,,,35.0,23.0,58.0,,,8.0,1.0,,,2.0,,,1.0,10.0,11.0,,,6.0,,,,,2.0,1.0,,90.0,,,,,,,,,,,7.8,,,2.0,2.0,6.0,2.0,,,,44.0,24.0,66.0,2,5.0,94.0,3.0,2.0,4.0,
2015-16,6768208,23,8,Chelsea,Away,31417,Willian,willian,M,False,2.0,,3.0,38.0,9.0,45.0,1.0,,2.0,,1.0,,1.0,,,1.0,7.0,7.0,,,2.0,,,,,1.0,2.0,,90.0,1.0,,,,,,,,,,7.3,,,2.0,,5.0,7.0,,4.0,,52.0,9.0,54.0,3,2.0,81.0,,2.0,3.0,
2015-16,6768208,23,8,Chelsea,Away,39400,Oscar,oscar,M,False,,,2.0,29.0,11.0,40.0,1.0,,8.0,,,1.0,3.0,,,1.0,7.0,2.0,,,1.0,,,,,3.0,1.0,,77.0,1.0,,,,,,,,,,6.7,,,,2.0,1.0,1.0,,5.0,,40.0,13.0,52.0,2,1.0,70.0,2.0,1.0,,
2015-16,6768208,23,8,Chelsea,Away,44241,Nemanja Matić,nemanja-matic,M,False,,,2.0,29.0,23.0,52.0,,1.0,7.0,,,1.0,,,,1.0,4.0,4.0,,,2.0,,,,,,,,90.0,,,,,,,,,,,6.8,,,,1.0,1.0,2.0,,5.0,,39.0,23.0,60.0,1,3.0,75.0,1.0,,,
2015-16,6768208,23,3,Arsenal,Home,154508,Joel Campbell,joel-campbell,M,False,,,,9.0,2.0,11.0,,1.0,,,,,1.0,,,2.0,4.0,8.0,,,1.0,,,,,,1.0,,57.0,,,,,,,,,,,7.0,,,1.0,,2.0,,,,,14.0,2.0,16.0,1,3.0,30.0,1.0,2.0,2.0,
2015-16,6768208,23,3,Arsenal,Home,159675,Mohamed Elneny,mohamed-elneny,M,True,,,,,,,,,,,,,,,,,,,,,,,,,,,,,,,,,,,,,,,,,,,,,,,,,,,,,0,,,,,,
2015-16,6768208,23,8,Chelsea,Away,284441,Ruben Loftus-Cheek,ruben-loftus-cheek,M,True,,,,,,,,,,,,,,,,,,,,,,,,,,,,,,,,,,,,,,,,,,,,,,,,,,,,,0,,,,,,
2015-16,6768209,23,35,West_Bromwich_Albion,Home,765,Darren Fletcher,darren-fletcher,M,False,1.0,,1.0,16.0,10.0,25.0,,,11.0,,,,2.0,,,3.0,5.0,4.0,,,,,,,,3.0,1.0,,90.0,,,,,,,,,,,6.8,,,,2.0,1.0,2.0,,3.0,,24.0,11.0,33.0,0,2.0,49.0,1.0,1.0,1.0,
2015-16,6768209,23,35,West_Bromwich_Albion,Home,14235,Craig Gardner,craig-gardner,M,False,1.0,,2.0,9.0,4.0,12.0,3.0,3.0,2.0,,,,,,,1.0,5.0,3.0,,,1.0,,,,,,2.0,,64.0,,,,,,,,,,,6.7,,,,1.0,,4.0,,3.0,,19.0,5.0,20.0,0,,26.0,,,,
2015-16,6768209,23,35,West_Bromwich_Albion,Home,16657,Stéphane Sessègnon,stephane-sessegnon,M,False,,,,13.0,3.0,16.0,1.0,,4.0,,,1.0,,,,1.0,5.0,5.0,,,,,,,,,,,74.0,,,,,,,,,,,6.5,,,1.0,,6.0,3.0,,,,20.0,3.0,20.0,2,,42.0,4.0,2.0,3.0,
2015-16,6768209,23,7,Aston_Villa,Away,24055,Scott Sinclair,scott-sinclair,M,True,,,,,,,,,,,,,,,,,,,,,,,,,,,,,,,,,,,,,,,,,,,,,,,,,,,,,0,,,,,,
2015-16,6768209,23,35,West_Bromwich_Albion,Home,41631,James McClean,james-mcclean,M,False,1.0,,2.0,12.0,8.0,19.0,4.0,1.0,5.0,,,,4.0,,,2.0,11.0,9.0,,,1.0,,,,,3.0,,,90.0,,,,,,,,,,,6.3,,,,2.0,,10.0,,6.0,,26.0,9.0,25.0,0,3.0,54.0,1.0,5.0,,
2015-16,6768209,23,7,Aston_Villa,Away,49647,Ashley Westwood,ashley-westwood,M,False,1.0,,7.0,42.0,13.0,54.0,,,9.0,,,,1.0,,,2.0,6.0,5.0,,,1.0,,,,,1.0,3.0,,90.0,2.0,,,,,,,,,,7.3,,,,,3.0,5.0,,13.0,,56.0,16.0,67.0,2,4.0,90.0,1.0,,1.0,
2015-16,6768209,23,35,West_Bromwich_Albion,Home,53783,Callum McManaman,callum-mcmanaman,M,True,1.0,,,2.0,,1.0,1.0,,,,,,,,,,1.0,1.0,,,,,,,,,,,16.0,,,,,,,,,,,6.7,,,,,1.0,2.0,,,,3.0,,1.0,0,,4.0,,,1.0,
2015-16,6768209,23,7,Aston_Villa,Away,74545,Leandro Bacuna,leandro-bacuna,M,False,,,3.0,28.0,14.0,42.0,1.0,1.0,9.0,,,,,,,1.0,5.0,2.0,,,2.0,,,,,3.0,,,90.0,1.0,,,,,,,,,,6.9,,,3.0,2.0,2.0,9.0,,6.0,,42.0,16.0,49.0,4,,72.0,1.0,,1.0,
2015-16,6768209,23,7,Aston_Villa,Away,106337,Idrissa Gana Gueye,idrissa-gana-gueye,M,False,,,3.0,21.0,21.0,42.0,2.0,1.0,12.0,,,,2.0,,,1.0,8.0,5.0,,,3.0,,,,,4.0,1.0,,90.0,,,,,,,,,,,7.0,,,1.0,3.0,2.0,1.0,,3.0,,28.0,23.0,50.0,1,1.0,69.0,3.0,1.0,2.0,
2015-16,6768209,23,35,West_Bromwich_Albion,Home,151037,Claudio Yacob,claudio-yacob,M,False,,,1.0,7.0,15.0,22.0,1.0,1.0,10.0,,,,,,,1.0,3.0,7.0,,,1.0,,,,,4.0,,,90.0,,1.0,,,,,,,,,7.3,,,,1.0,,,,2.0,,11.0,17.0,28.0,0,4.0,42.0,,2.0,,
2015-16,6768209,23,7,Aston_Villa,Away,151124,Jordan Veretout,jordan-veretout,M,True,1.0,,2.0,14.0,1.0,14.0,,,2.0,,,1.0,,,,,,1.0,,,,,,,,,2.0,,10.0,,,,,,,,,,,7.1,,,,,,3.0,,3.0,,16.0,2.0,15.0,1,,20.0,,1.0,,
2015-16,6768209,23,7,Aston_Villa,Away,189061,Jack Grealish,jack-grealish,M,True,,,,,,,,,,,,,,,,,,,,,,,,,,,,,,,,,,,,,,,,,,,,,,,,,,,,,0,,,,,,
2015-16,6768209,23,7,Aston_Villa,Away,254895,Carles Gil,carles-gil,M,False,1.0,,3.0,36.0,8.0,43.0,,,8.0,,,,1.0,,,3.0,6.0,5.0,,,1.0,,,,,,3.0,,90.0,,,,,,,,,,,6.8,,,,,3.0,5.0,,4.0,,45.0,9.0,49.0,0,1.0,69.0,4.0,2.0,2.0,
2015-16,6768209,23,7,Aston_Villa,Away,827284,Jordan Lyden,jordan-lyden,M,True,,,,,,,,,,,,,,,,,,,,,,,,,,,,,,,,,,,,,,,,,,,,,,,,,,,,,0,,,,,,
2015-16,6768210,23,57,Watford,Home,642,Ben Watson,ben-watson,M,False,1.0,,5.0,23.0,30.0,52.0,1.0,1.0,8.0,,,,1.0,,,,3.0,4.0,,,1.0,,,,,2.0,1.0,,90.0,,,,,,,,,,,7.0,,,,1.0,,3.0,,12.0,,36.0,30.0,63.0,0,2.0,74.0,,1.0,,
2015-16,6768210,23,57,Watford,Home,4366,Almen Abdi,almen-abdi,M,True,,,1.0,3.0,2.0,5.0,,,1.0,,,,,,,,,1.0,,,,,,,,1.0,,,13.0,,,,,,,,,,,6.8,,,,,,,,1.0,,6.0,3.0,9.0,0,1.0,13.0,,,,
2015-16,6768210,23,57,Watford,Home,11654,Valon Behrami,valon-behrami,M,False,,,,14.0,24.0,38.0,1.0,1.0,11.0,,,,4.0,,,1.0,6.0,12.0,,,2.0,,,,,9.0,,,90.0,,,,,,,,,,,7.5,,,,,1.0,,,2.0,,19.0,25.0,44.0,0,7.0,68.0,1.0,3.0,1.0,
2015-16,6768210,23,57,Watford,Home,13990,José Jurado,jose-jurado,M,False,1.0,,1.0,23.0,16.0,38.0,,,7.0,1.0,,,1.0,,,4.0,8.0,6.0,,,1.0,,,,,,2.0,,77.0,,,,,,,,,,,6.8,,,1.0,,5.0,2.0,,1.0,,30.0,16.0,44.0,1,2.0,63.0,3.0,1.0,3.0,
2015-16,6768210,23,57,Watford,Home,16701,Étienne Capoue,etienne-capoue,M,False,,,4.0,31.0,14.0,45.0,,,6.0,,2.0,,,,,1.0,4.0,8.0,,,1.0,,,,,2.0,1.0,,90.0,1.0,,,,,,,,,,7.0,,,1.0,2.0,3.0,,,7.0,,38.0,17.0,55.0,2,5.0,81.0,4.0,2.0,1.0,
2015-16,6768210,23,57,Watford,Home,20364,Ikechi Anya,ikechi-anya,M,True,,,,,,,,,,,,,,,,,,,,,,,,,,,,,,,,,,,,,,,,,,,,,,,,,,,,,0,,,,,,
2015-16,6768210,23,4,Newcastle_United,Away,22126,Georginio Wijnaldum,georginio-wijnaldum,M,False,,,,9.0,11.0,20.0,3.0,,7.0,,,1.0,,,,1.0,6.0,4.0,,,1.0,,,,,,3.0,,90.0,,,,,,,,,,,7.1,,,,,2.0,1.0,,,,14.0,12.0,25.0,1,2.0,35.0,,1.0,1.0,
2015-16,6768210,23,4,Newcastle_United,Away,26895,Henri Saivet,henri-saivet,M,False,,,3.0,2.0,15.0,17.0,3.0,,8.0,,,,3.0,,,1.0,10.0,7.0,,,1.0,,,,,1.0,,,59.0,,,,,,,,,,,6.4,,,,1.0,2.0,,,6.0,,8.0,21.0,29.0,0,6.0,44.0,,1.0,,
2015-16,6768210,23,4,Newcastle_United,Away,26982,Yoan Gouffran,yoan-gouffran,M,True,1.0,,2.0,4.0,6.0,9.0,2.0,,2.0,,1.0,,,,,2.0,5.0,,,,,,,,,,,,31.0,,,,,,,,,,,6.2,,,1.0,,1.0,2.0,,3.0,,6.0,6.0,10.0,1,,19.0,,,,
2015-16,6768210,23,4,Newcastle_United,Away,27014,Moussa Sissoko,moussa-sissoko,M,False,1.0,,2.0,21.0,17.0,37.0,2.0,2.0,8.0,1.0,,,,,,6.0,18.0,4.0,,,5.0,,,,,1.0,1.0,,90.0,,,,,,,,,,,6.2,,,,,7.0,3.0,,3.0,1.0,36.0,17.0,50.0,0,,72.0,1.0,,2.0,
2015-16,6768210,23,57,Watford,Home,27714,Nordin Amrabat,nordin-amrabat,M,True,,,,,,,,,,,,,,,,,,,,,,,,,,,,,1.0,,,,,,,,,,,,,,,,,,,,,,,,0,,,,,,
2015-16,6768210,23,4,Newcastle_United,Away,36465,Jonjo Shelvey,jonjo-shelvey,M,False,5.0,,5.0,25.0,21.0,41.0,,,6.0,,,,1.0,,,1.0,2.0,,,,,1.0,,,,1.0,4.0,,90.0,,,,,,,,,,,7.2,,,,1.0,,9.0,,12.0,,39.0,24.0,54.0,0,,68.0,,,,
2015-16,6768210,23,57,Watford,Home,45989,Adlène Guédioura,adlene-guedioura,M,True,,,,,,,,,,,,,,,,,,,,,,,,,,,,,,,,,,,,,,,,,,,,,,,,,,,,,0,,,,,,
2015-16,6768210,23,57,Watford,Home,47668,Juan Carlos Paredes,juan-carlos-paredes,M,False,,,4.0,17.0,12.0,29.0,,,4.0,,,,2.0,,,,5.0,5.0,,,2.0,,,,,2.0,,,89.0,,,,,,,,,,,6.7,,,1.0,1.0,3.0,4.0,,9.0,,28.0,12.0,36.0,1,3.0,68.0,1.0,,2.0,
2015-16,6768211,23,31,Crystal_Palace,Home,3574,Yohan Cabaye,yohan-cabaye,M,False,,,1.0,5.0,7.0,12.0,1.0,1.0,4.0,,,1.0,3.0,,,2.0,8.0,8.0,,,1.0,,,,,3.0,1.0,,85.0,,,,,,,,,,,6.6,,,,,2.0,5.0,,2.0,,15.0,8.0,18.0,1,5.0,41.0,1.0,1.0,1.0,
2015-16,6768211,23,6,Tottenham_Hotspur,Away,9865,Mousa Dembélé,mousa-dembele,M,False,,,2.0,44.0,20.0,64.0,2.0,1.0,8.0,,,2.0,,,,2.0,4.0,13.0,,,,,,,,1.0,2.0,,90.0,,,,,,,,,,,8.2,,,,3.0,4.0,,,3.0,,45.0,21.0,66.0,2,7.0,87.0,,1.0,4.0,
2015-16,6768211,23,31,Crystal_Palace,Home,9921,Joe Ledley,joe-ledley,M,False,,,,6.0,10.0,16.0,1.0,1.0,2.0,,,1.0,3.0,,,,6.0,4.0,,,2.0,,,,,3.0,,,90.0,,,,,,,,,,,6.6,,,,1.0,1.0,,,1.0,,13.0,10.0,23.0,1,2.0,38.0,2.0,,1.0,
2015-16,6768211,23,31,Crystal_Palace,Home,19593,Jason Puncheon,jason-puncheon,M,False,2.0,,,18.0,8.0,24.0,2.0,,11.0,,,,1.0,,,2.0,6.0,3.0,,,2.0,,,,,3.0,3.0,,90.0,,,,,,,,,,,6.8,,,1.0,,,5.0,,4.0,,26.0,10.0,31.0,1,2.0,52.0,2.0,1.0,,
2015-16,6768211,23,6,Tottenham_Hotspur,Away,32492,Nacer Chadli,nacer-chadli,M,True,1.0,,1.0,7.0,5.0,11.0,1.0,1.0,2.0,1.0,,,1.0,,,2.0,6.0,2.0,,,1.0,1.0,1.0,,,,2.0,,34.0,1.0,,,,,,,,,,7.7,,,,,2.0,1.0,,1.0,,10.0,5.0,14.0,1,,22.0,,,1.0,
2015-16,6768211,23,31,Crystal_Palace,Home,38130,Jordon Mutch,jordon-mutch,M,True,,,,,,,,,,,,,,,,,,,,,,,,,,,,,,,,,,,,,,,,,,,,,,,,,,,,,0,,,,,,
2015-16,6768211,23,31,Crystal_Palace,Home,38639,Chung-yong Lee,chung-yong-lee,M,True,,,,,,,,,,,,,,,,,,,,,,,,,,,,,,,,,,,,,,,,,,,,,,,,,,,,,0,,,,,,
2015-16,6768211,23,31,Crystal_Palace,Home,39282,James McArthur,james-mcarthur,M,False,,,2.0,8.0,9.0,17.0,2.0,1.0,4.0,,,,1.0,,,,4.0,3.0,,,1.0,,,,,1.0,,,79.0,,,,,,,,,,,6.7,,,,,,2.0,,3.0,,14.0,10.0,22.0,0,1.0,30.0,1.0,1.0,,
2015-16,6768211,23,31,Crystal_Palace,Home,84686,Pape Souaré,pape-souare,M,False,,,3.0,13.0,4.0,17.0,,,8.0,,,,1.0,,,1.0,3.0,2.0,,,,,,,,5.0,,,90.0,1.0,3.0,,,,,,,,,6.1,,,,,1.0,3.0,,17.0,,27.0,11.0,35.0,1,1.0,64.0,,1.0,,
2015-16,6768211,23,6,Tottenham_Hotspur,Away,105734,Christian Eriksen,christian-eriksen,M,False,3.0,,3.0,45.0,9.0,51.0,,,7.0,1.0,,2.0,1.0,,,1.0,2.0,4.0,,,,1.0,,,,,9.0,,88.0,1.0,,,,,,,,,,8.5,,,1.0,2.0,1.0,9.0,,5.0,,57.0,12.0,60.0,4,2.0,85.0,2.0,1.0,1.0,
2015-16,6768211,23,31,Crystal_Palace,Home,111850,Wilfried Zaha,wilfried-zaha,M,False,2.0,,2.0,9.0,8.0,15.0,,,9.0,,,,,,,2.0,7.0,10.0,,,1.0,,,,,3.0,1.0,,90.0,1.0,,,,,,,,,,6.9,,,1.0,2.0,6.0,5.0,,4.0,,13.0,11.0,19.0,2,2.0,53.0,3.0,6.0,2.0,
2015-16,6768211,23,6,Tottenham_Hotspur,Away,122702,Erik Lamela,erik-lamela,M,True,,,,,,,,,,,,,,,,,,,,,,,,,,,,,,,,,,,,,,,,,,,,,,,,,,,,,0,,,,,,
2015-16,6768211,23,6,Tottenham_Hotspur,Away,198028,Dele Alli,dele-alli,M,False,,,,35.0,6.0,41.0,2.0,3.0,7.0,,,1.0,2.0,,,3.0,8.0,8.0,,,1.0,1.0,1.0,,1.0,1.0,3.0,,90.0,4.0,,,,,,,,,,8.6,,,2.0,1.0,3.0,,,1.0,,41.0,9.0,50.0,7,1.0,74.0,3.0,1.0,3.0,
2015-16,6768211,23,6,Tottenham_Hotspur,Away,368120,Nabil Bentaleb,nabil-bentaleb,M,True,,,,,,,,,,,,,,,,,,,,,,,,,,,,,2.0,1.0,,,,,,,,,,,,,,,,,,,,,,,1,,1.0,,,,
2015-16,6768211,23,6,Tottenham_Hotspur,Away,801460,Tom Carroll,carroll-tom,M,True,,,,,,,,,,,,,,,,,,,,,,,,,,,,,,,,,,,,,,,,,,,,,,,,,,,,,0,,,,,,
2015-16,6768212,23,21,West_Ham_United,Home,9741,Mark Noble,mark-noble,M,False,1.0,,7.0,35.0,15.0,49.0,2.0,1.0,11.0,,,,1.0,,,,7.0,5.0,,,3.0,,,,,3.0,3.0,,90.0,,3.0,,,,,,,,,7.0,,,,1.0,1.0,3.0,,9.0,1.0,50.0,17.0,64.0,0,3.0,89.0,3.0,1.0,,
2015-16,6768212,23,43,Manchester_City,Away,11781,David Silva,david-silva,M,False,1.0,,1.0,34.0,6.0,39.0,1.0,,6.0,,,,1.0,,,5.0,7.0,2.0,,,,,,,,,1.0,,83.0,,,,,,,,,,,5.9,,,,,,3.0,,1.0,,46.0,8.0,51.0,0,1.0,62.0,,1.0,,
2015-16,6768212,23,21,West_Ham_United,Home,12987,Alex Song,alex-song,M,False,,,2.0,22.0,23.0,45.0,,1.0,13.0,,,,5.0,,,1.0,8.0,10.0,,,1.0,,,,,,,,90.0,,,,,,,,,,,6.8,,,1.0,2.0,3.0,,,2.0,,30.0,23.0,53.0,1,7.0,70.0,2.0,,2.0,
2015-16,6768212,23,43,Manchester_City,Away,13630,Fernandinho,fernandinho,M,True,,,,,,,,,,,,,,,,,,,,,,,,,,,,,,,,,,,,,,,,,,,,,,,,,,,,,0,,,,,,
2015-16,6768212,23,21,West_Ham_United,Home,14216,Dimitri Payet,dimitri-payet,M,False,2.0,,9.0,34.0,14.0,46.0,,,8.0,,,,2.0,,,1.0,7.0,12.0,,,1.0,,,,,,2.0,,90.0,1.0,,,,,,,,,,7.7,,,1.0,,9.0,10.0,,13.0,,51.0,15.0,56.0,2,3.0,89.0,2.0,3.0,6.0,
2015-16,6768212,23,43,Manchester_City,Away,14468,Yaya Touré,yaya-toure,M,False,,,4.0,25.0,30.0,55.0,4.0,2.0,10.0,,,2.0,2.0,,,2.0,9.0,7.0,,,2.0,,,,,3.0,3.0,,90.0,,,,,,,,,,,7.3,,,,4.0,1.0,,,9.0,,36.0,33.0,69.0,2,3.0,89.0,1.0,1.0,1.0,
2015-16,6768212,23,43,Manchester_City,Away,24048,Fabian Delph,fabian-delph,M,False,,,,16.0,8.0,24.0,3.0,3.0,3.0,,,2.0,3.0,,,,6.0,11.0,,,,,,,1.0,3.0,,,76.0,,,,,,,,,,,7.1,,,,,3.0,1.0,,1.0,,21.0,10.0,30.0,2,1.0,50.0,3.0,4.0,3.0,
2015-16,6768212,23,43,Manchester_City,Away,41837,Fernando,fernando-reges,M,True,,,1.0,2.0,3.0,5.0,,1.0,1.0,,,,,,,,1.0,1.0,,,1.0,,,,,,,,7.0,,1.0,,,,,,,,,6.5,,,,,,,,1.0,,3.0,3.0,6.0,0,,8.0,,1.0,,
2015-16,6768212,23,21,West_Ham_United,Home,45944,Cheikhou Kouyaté,cheikhou-kouyate,M,False,,,1.0,13.0,15.0,28.0,3.0,6.0,4.0,,,,2.0,,,,8.0,11.0,,,3.0,,,,1.0,1.0,1.0,,90.0,,,,,,,,,,,6.8,,,1.0,2.0,3.0,1.0,,2.0,,19.0,16.0,34.0,1,1.0,51.0,2.0,3.0,2.0,
2015-16,6768212,23,21,West_Ham_United,Home,46799,Pedro Obiang,pedro-obiang,M,True,,,,,,,,,,,,,,,,,,,,,,,,,,,,,,,,,,,,,,,,,,,,,,,,,,,,,0,,,,,,
2015-16,6768212,23,43,Manchester_City,Away,70996,Kevin De Bruyne,kevin-de-bruyne,M,False,,,2.0,29.0,9.0,38.0,,,9.0,,,1.0,1.0,,,,5.0,2.0,,,3.0,,,,,2.0,3.0,,90.0,,,,,,,,,,,6.9,,,,3.0,1.0,3.0,,3.0,,38.0,10.0,45.0,1,2.0,61.0,1.0,,,
2015-16,6768212,23,43,Manchester_City,Away,848355,Angeliño,angelino,M,True,,,,,,,,,,,,,,,,,,,,,,,,,,,,,,,,,,,,,,,,,,,,,,,,,,,,,0,,,,,,
2015-16,6768215,23,1,Manchester_United,Home,27009,Morgan Schneiderlin,morgan-schneiderlin,M,False,,,5.0,26.0,24.0,50.0,3.0,1.0,7.0,,,,1.0,,,,7.0,3.0,,,2.0,,,,,1.0,1.0,,90.0,,,,,,,,,,,6.7,,,,2.0,2.0,1.0,,6.0,,32.0,24.0,55.0,0,1.0,67.0,3.0,,1.0,
2015-16,6768215,23,1,Manchester_United,Home,28367,Juan Mata,juan-mata,M,True,,,2.0,20.0,6.0,26.0,1.0,,5.0,,,,,,,,1.0,,,,,,,,,,,,45.0,,,,,,,,,,,6.6,,,,,,,,2.0,2.0,23.0,6.0,29.0,0,,31.0,1.0,,,
2015-16,6768215,23,20,Southampton,Away,44760,Cédric Soares,cedric-soares,M,False,,,4.0,13.0,3.0,16.0,1.0,,10.0,,,,,,,,1.0,2.0,,,,,,,,5.0,,,90.0,,,,,,,,,,,7.3,,,1.0,6.0,,2.0,,12.0,,29.0,6.0,33.0,1,2.0,65.0,,,,
2015-16,6768215,23,20,Southampton,Away,45956,Victor Wanyama,victor-wanyama,M,False,,,2.0,16.0,17.0,33.0,2.0,5.0,7.0,,,,1.0,,,,4.0,10.0,,,1.0,,,,,6.0,,,90.0,,,,,,,,,,,7.7,,,2.0,2.0,1.0,,,2.0,,20.0,20.0,40.0,2,3.0,58.0,,1.0,1.0,
2015-16,6768215,23,20,Southampton,Away,69416,Oriol Romeu,oriol-romeu,M,True,,,,3.0,,3.0,1.0,2.0,2.0,,,,1.0,,,,2.0,3.0,,,,,,,,,,,23.0,1.0,,,,,,,,,,6.7,,,1.0,,1.0,1.0,,1.0,,8.0,1.0,8.0,2,,13.0,,,1.0,
2015-16,6768215,23,1,Manchester_United,Home,82474,Ander Herrera,ander-herrera,M,False,,,2.0,33.0,22.0,55.0,,,7.0,,,1.0,2.0,,,2.0,6.0,4.0,,,,,,,,1.0,1.0,,90.0,,,,,,,,,,,6.8,,,,,2.0,3.0,,5.0,,46.0,22.0,65.0,1,3.0,87.0,1.0,1.0,,
2015-16,6768215,23,20,Southampton,Away,116946,Jordy Clasie,jordy-clasie,M,False,1.0,,2.0,13.0,14.0,26.0,,,7.0,,,,1.0,,,,1.0,5.0,,,,,,,,6.0,1.0,,67.0,,,,,,,,,,,7.5,,,,2.0,,2.0,,4.0,,20.0,15.0,33.0,0,4.0,49.0,,1.0,,
2015-16,6768215,23,20,Southampton,Away,161717,James Ward-Prowse,james-ward-prowse,M,True,2.0,,1.0,8.0,2.0,8.0,1.0,1.0,2.0,1.0,,,1.0,,,1.0,3.0,1.0,,,,1.0,,,,1.0,2.0,,23.0,,,,,,,,,,,7.1,,,,1.0,,5.0,,2.0,,14.0,4.0,13.0,0,,22.0,,,,
2015-16,6768215,23,1,Manchester_United,Home,191176,Anthony Martial,anthony-martial,M,False,,,,10.0,7.0,17.0,5.0,3.0,3.0,,,,,,,1.0,11.0,8.0,,,1.0,,,,,,1.0,,90.0,,,,,,,,,,,6.6,,,1.0,,6.0,,,,,16.0,7.0,23.0,1,,42.0,4.0,3.0,2.0,
2015-16,6768215,23,20,Southampton,Away,217704,Sadio Mané,sadio-mane,M,False,,,,7.0,8.0,15.0,3.0,,8.0,,1.0,,1.0,,,2.0,9.0,4.0,,,1.0,,,,,1.0,1.0,,79.0,,1.0,,,,,,,,,6.3,,,,,4.0,1.0,,,1.0,15.0,9.0,23.0,0,1.0,41.0,4.0,1.0,2.0,
2015-16,6768215,23,1,Manchester_United,Home,285949,Andreas Pereira,andreas-pereira,M,True,,,,,,,,,,,,,,,,,,,,,,,,,,,,,,,,,,,,,,,,,,,,,,,,,,,,,0,,,,,,
2015-16,6768215,23,1,Manchester_United,Home,328145,Adnan Januzaj,adnan-januzaj,M,True,,,,,1.0,1.0,1.0,,1.0,,,,,,,,2.0,,,,1.0,,,,,,,,4.0,,,,,,,,,,,6.3,,,1.0,,,1.0,,,,1.0,1.0,1.0,1,,4.0,,,,
2015-16,6768226,23,91,Bournemouth,Away,11764,Marc Pugh,marc-pugh,M,False,,,1.0,13.0,9.0,22.0,1.0,1.0,1.0,,,,,,,2.0,4.0,3.0,,,,,,,,,,,57.0,,,,,,,,,,,6.4,,,1.0,1.0,1.0,3.0,,1.0,,20.0,10.0,27.0,1,2.0,46.0,4.0,1.0,,
2015-16,6768226,23,56,Sunderland,Home,14210,Lee Cattermole,lee-cattermole,M,False,,,2.0,22.0,20.0,42.0,1.0,1.0,6.0,,,,2.0,,,,4.0,6.0,,,,,,,,1.0,2.0,,90.0,,,,,,,,,,,7.1,,,,1.0,3.0,,,2.0,,27.0,23.0,50.0,0,3.0,62.0,1.0,,2.0,
2015-16,6768226,23,91,Bournemouth,Away,14695,Andrew Surman,andrew-surman,M,False,,,3.0,21.0,27.0,48.0,2.0,1.0,8.0,,,,1.0,,,1.0,5.0,2.0,,,1.0,,,,,5.0,,,90.0,,,,,,,,,,,6.8,,,1.0,2.0,,,,4.0,,25.0,31.0,56.0,1,1.0,67.0,,,,
2015-16,6768226,23,56,Sunderland,Home,32045,Yann M'Vila,yann-mvila,M,False,1.0,,3.0,29.0,18.0,46.0,,1.0,5.0,,,1.0,,,,1.0,2.0,4.0,,,1.0,,,,,4.0,1.0,,90.0,,1.0,,,,,,,,,7.3,,,,6.0,,4.0,,5.0,,40.0,19.0,55.0,1,2.0,80.0,,1.0,,
2015-16,6768226,23,91,Bournemouth,Away,39121,Harry Arter,harry-arter,M,False,,,6.0,48.0,18.0,66.0,1.0,1.0,11.0,,,,1.0,,,,4.0,3.0,,,,,,,,5.0,1.0,,90.0,,,,,,,,,,,7.4,,,1.0,1.0,2.0,,,8.0,,57.0,20.0,77.0,1,1.0,97.0,2.0,1.0,,
2015-16,6768226,23,91,Bournemouth,Away,41628,Eunan O'Kane,eunan-okane,M,True,,,,,,,,,,,,,,,,,,,,,,,,,,,,,,,,,,,,,,,,,,,,,,,,,,,,,0,,,,,,
2015-16,6768226,23,91,Bournemouth,Away,42699,Matt Ritchie,matt-ritchie,M,True,,,1.0,9.0,6.0,15.0,,1.0,2.0,,,1.0,,,,,1.0,3.0,,,,,,,,,,,33.0,,,,,,,,,,,6.8,,,1.0,,1.0,2.0,,1.0,,13.0,7.0,18.0,2,1.0,27.0,,1.0,,
2015-16,6768226,23,91,Bournemouth,Away,44823,Junior Stanislas,junior-stanislas,M,False,3.0,,,22.0,12.0,31.0,7.0,,2.0,1.0,,,,,,,9.0,7.0,,,,1.0,,,,3.0,6.0,,89.0,2.0,,,,,,,,,,8.5,,,1.0,1.0,5.0,8.0,,,,33.0,13.0,38.0,3,2.0,67.0,2.0,2.0,3.0,
2015-16,6768226,23,56,Sunderland,Home,240256,Duncan Watmore,duncan-watmore,M,True,,,,2.0,,2.0,1.0,,,,,1.0,,,,,3.0,,,,,,,,,,,,24.0,,,,,,,,,,,6.3,,,,,2.0,1.0,,1.0,,4.0,,3.0,1,,8.0,1.0,,,
2015-16,6768214,24,3,Arsenal,Home,519,Mathieu Flamini,mathieu-flamini,M,False,,,2.0,14.0,18.0,32.0,,1.0,5.0,,,,,,,,3.0,6.0,,,3.0,,,,,7.0,,,85.0,,1.0,,,,,,,,,7.6,,,,1.0,,,,2.0,,20.0,20.0,40.0,0,5.0,56.0,1.0,,,
2015-16,6768214,24,3,Arsenal,Home,10501,Theo Walcott,theo-walcott,M,True,1.0,,,3.0,,2.0,,,,,1.0,,,,,1.0,2.0,1.0,,,,,,,,,1.0,,28.0,2.0,,,,,,,,,,6.5,,,,,1.0,1.0,,,,3.0,,2.0,2,,11.0,1.0,1.0,,
2015-16,6768214,24,3,Arsenal,Home,10577,Alex Oxlade-Chamberlain,alex-oxlade-chamberlain,M,True,,,,,,,,,,,,,,,,,,,,,,,,,,,,,,,,,,,,,,,,,,,,,,,,,,,,,0,,,,,,
2015-16,6768214,24,3,Arsenal,Home,16176,Mesut Özil,mesut-ozil,M,False,9.0,,1.0,48.0,6.0,45.0,,,5.0,1.0,2.0,,1.0,,,5.0,8.0,6.0,,,1.0,,,,,1.0,10.0,,90.0,2.0,,,,,,,,,,7.8,,,,,6.0,17.0,,2.0,,63.0,9.0,55.0,2,,92.0,2.0,1.0,5.0,
2015-16,6768214,24,3,Arsenal,Home,23571,Aaron Ramsey,aaron-ramsey,M,False,,,1.0,41.0,24.0,65.0,1.0,1.0,10.0,,,,1.0,,,2.0,6.0,2.0,,,,,,,,2.0,1.0,,90.0,1.0,,,,,,,,,,6.7,,,1.0,,2.0,2.0,,3.0,,52.0,26.0,76.0,2,1.0,96.0,3.0,,,
2015-16,6768214,24,3,Arsenal,Home,40672,Francis Coquelin,francis-coquelin,M,True,,,1.0,3.0,1.0,4.0,,1.0,1.0,,,,,,,,1.0,2.0,,,1.0,,,,,,,,5.0,,,,,,,,,,,6.4,,,,,,,,1.0,,5.0,1.0,6.0,0,1.0,8.0,,,,
2015-16,6768214,24,20,Southampton,Away,44760,Cédric Soares,cedric-soares,M,False,2.0,,4.0,13.0,3.0,14.0,2.0,,5.0,,,,1.0,,,1.0,5.0,5.0,,,1.0,,,,,3.0,1.0,,90.0,,,,,,,,,,,7.3,,,,3.0,1.0,4.0,,7.0,,23.0,6.0,25.0,0,3.0,58.0,2.0,1.0,1.0,
2015-16,6768214,24,20,Southampton,Away,45956,Victor Wanyama,victor-wanyama,M,False,,,,11.0,11.0,22.0,2.0,1.0,9.0,,,1.0,3.0,,,2.0,8.0,8.0,,,1.0,,,,,2.0,,,90.0,,,,,,,,,,,7.2,,,,7.0,,,,2.0,,18.0,11.0,29.0,1,6.0,54.0,,1.0,,
2015-16,6768214,24,20,Southampton,Away,69416,Oriol Romeu,oriol-romeu,M,False,,,3.0,15.0,9.0,24.0,,,7.0,,,1.0,2.0,,,1.0,6.0,12.0,,,4.0,,,,,2.0,,,90.0,,,,,,,,,,,7.9,,,1.0,1.0,2.0,,,4.0,,20.0,12.0,32.0,2,9.0,56.0,2.0,1.0,2.0,
2015-16,6768214,24,20,Southampton,Away,116946,Jordy Clasie,jordy-clasie,M,True,,,,,,,,,,,,,,,,,,,,,,,,,,,,,,,,,,,,,,,,,,,,,,,,,,,,,0,,,,,,
2015-16,6768214,24,3,Arsenal,Home,154508,Joel Campbell,joel-campbell,M,False,,,,12.0,5.0,17.0,,,1.0,,,,,,,2.0,4.0,5.0,,,2.0,,,,,1.0,,,62.0,,,,,,,,,,,7.0,,,1.0,,2.0,,,,,17.0,5.0,22.0,1,3.0,35.0,1.0,,2.0,
2015-16,6768214,24,20,Southampton,Away,161717,James Ward-Prowse,james-ward-prowse,M,False,,,,11.0,5.0,16.0,1.0,1.0,1.0,,,1.0,2.0,1.0,,2.0,9.0,4.0,,,5.0,,,,,1.0,,,83.0,,2.0,,,,,,,,,6.7,,,,5.0,,3.0,,2.0,,17.0,8.0,22.0,1,3.0,43.0,,,,
2015-16,6768214,24,20,Southampton,Away,217704,Sadio Mané,sadio-mane,M,False,,,1.0,15.0,1.0,16.0,,,4.0,,1.0,1.0,2.0,,,2.0,10.0,3.0,,,2.0,,,,,4.0,1.0,,86.0,2.0,,,,,,,,,,6.2,,,1.0,1.0,4.0,,,2.0,2.0,19.0,1.0,20.0,4,,40.0,1.0,3.0,,
2015-16,6768217,24,43,Manchester_City,Away,11781,David Silva,david-silva,M,False,1.0,,1.0,35.0,20.0,54.0,,1.0,6.0,,,,5.0,,,4.0,12.0,9.0,,,1.0,,,,,2.0,1.0,,90.0,,,,,,,,,,,6.4,,,,1.0,7.0,4.0,,3.0,,46.0,22.0,64.0,0,2.0,90.0,,1.0,5.0,
2015-16,6768217,24,43,Manchester_City,Away,13630,Fernandinho,fernandinho,M,False,,,,20.0,18.0,38.0,3.0,3.0,8.0,,,,2.0,,,2.0,12.0,12.0,,,2.0,,,,,1.0,1.0,,90.0,,,,,,,,,,,7.0,,,1.0,4.0,7.0,,,,,23.0,22.0,45.0,1,4.0,68.0,1.0,1.0,4.0,
2015-16,6768217,24,56,Sunderland,Home,14210,Lee Cattermole,lee-cattermole,M,False,,,1.0,12.0,4.0,16.0,2.0,2.0,5.0,,,,5.0,,,2.0,9.0,7.0,,,,,,,,1.0,,,75.0,,,,,,,,,,,6.4,,,1.0,2.0,1.0,,,5.0,,23.0,6.0,29.0,1,4.0,41.0,,,1.0,
2015-16,6768217,24,43,Manchester_City,Away,14468,Yaya Touré,yaya-toure,M,False,,,2.0,24.0,19.0,43.0,1.0,1.0,7.0,,,,1.0,,,1.0,4.0,5.0,,,,,,,,2.0,1.0,,79.0,,,,,,,,,,,7.2,,,1.0,2.0,3.0,,,4.0,,31.0,20.0,51.0,1,2.0,66.0,3.0,,2.0,
2015-16,6768217,24,56,Sunderland,Home,32045,Yann M'Vila,yann-mvila,M,False,,,,28.0,15.0,43.0,2.0,1.0,6.0,,,,1.0,,,,3.0,14.0,,1.0,,,,,,3.0,,,90.0,,1.0,,,,,,,,,7.4,,,1.0,1.0,1.0,4.0,,2.0,,39.0,17.0,52.0,1,6.0,82.0,1.0,6.0,1.0,
2015-16,6768217,24,43,Manchester_City,Away,41837,Fernando,fernando-reges,M,True,,,,15.0,5.0,20.0,,2.0,3.0,,,,1.0,,,,1.0,2.0,,,,,,,,2.0,,,45.0,,,,,,,,,,,6.7,,,,2.0,,,,,,16.0,6.0,22.0,0,,29.0,,,,
2015-16,6768217,24,56,Sunderland,Home,43473,Jan Kirchhoff,jan-kirchhoff,M,False,,,5.0,24.0,25.0,49.0,2.0,2.0,11.0,,,,1.0,,,1.0,4.0,12.0,,,,,,,,5.0,1.0,,90.0,1.0,,,,,,,,,,8.0,,,,2.0,3.0,,,10.0,,42.0,26.0,68.0,1,5.0,94.0,2.0,2.0,3.0,
2015-16,6768217,24,56,Sunderland,Home,240256,Duncan Watmore,duncan-watmore,M,True,,,,,,,,,,,,,,,,,,,,,,,,,,,,,,,,,,,,,,,,,,,,,,,,,,,,,0,,,,,,
2015-16,6768217,24,43,Manchester_City,Away,281013,Bersant Celina,bersant-celina,M,True,,,,,,,,,,,,,,,,,,,,,,,,,,,,,,,,,,,,,,,,,,,,,,,,,,,,,0,,,,,,
2015-16,6768218,24,45,Norwich_City,Home,512,Alexander Tettey,alexander-tettey,M,False,,,9.0,25.0,19.0,44.0,1.0,2.0,5.0,,,,,,,,4.0,3.0,,,2.0,,,,,3.0,1.0,,90.0,,,,,,,,,,,7.0,,,2.0,1.0,1.0,,,10.0,,28.0,21.0,49.0,2,1.0,60.0,2.0,,,
2015-16,6768218,24,6,Tottenham_Hotspur,Away,9865,Mousa Dembélé,mousa-dembele,M,False,,,4.0,16.0,32.0,48.0,1.0,1.0,8.0,,,,,,,,1.0,9.0,,,,,,,,5.0,,,90.0,,,,,,,,,,,8.0,,,,2.0,,,,6.0,,18.0,37.0,55.0,0,7.0,72.0,1.0,1.0,,
2015-16,6768218,24,45,Norwich_City,Home,14336,Wesley Hoolahan,wesley-hoolahan,M,True,,,,,,,,,,,,,,,,,,,,,,,,,,,,,,,,,,,,,,,,,,,,,,,,,,,,,0,,,,,,
2015-16,6768218,24,45,Norwich_City,Home,17806,Vadis Odjidja-Ofoe,vadis-odjidja-ofoe,M,True,,,,4.0,2.0,6.0,1.0,,1.0,,,,,,,1.0,3.0,,,,1.0,,,,,,1.0,,16.0,,,,,,,,,,,6.2,,,,,,2.0,,1.0,,8.0,3.0,9.0,0,,15.0,1.0,,,
2015-16,6768218,24,45,Norwich_City,Home,18712,Youssouf Mulumbu,youssouf-mulumbu,M,False,,,3.0,27.0,18.0,45.0,1.0,3.0,7.0,,,1.0,,,,3.0,4.0,8.0,,1.0,,,,,,1.0,,,90.0,,,,,,,,,,,6.8,,,1.0,,,,,6.0,,30.0,20.0,50.0,2,4.0,64.0,1.0,1.0,,
2015-16,6768218,24,45,Norwich_City,Home,20095,Matt Jarvis,matt-jarvis,M,False,2.0,,1.0,8.0,4.0,10.0,1.0,,1.0,,,,,,,,2.0,2.0,,,,,,,,,1.0,,70.0,,,,,,,,,,,6.5,,,1.0,,1.0,10.0,,2.0,,19.0,6.0,15.0,1,2.0,32.0,1.0,,,
2015-16,6768218,24,6,Tottenham_Hotspur,Away,32492,Nacer Chadli,nacer-chadli,M,True,,,,6.0,7.0,13.0,1.0,,2.0,,,,,,,1.0,3.0,2.0,,,1.0,,,,,1.0,,,45.0,,,,,,,,,,,6.6,,,,,,,,2.0,,11.0,7.0,18.0,0,2.0,26.0,1.0,,,
2015-16,6768218,24,6,Tottenham_Hotspur,Away,105734,Christian Eriksen,christian-eriksen,M,False,2.0,,1.0,25.0,8.0,31.0,2.0,,2.0,1.0,,,,,,3.0,6.0,4.0,,,,1.0,,,,,3.0,,89.0,2.0,,,,,,,,,,7.4,,,1.0,,1.0,9.0,,2.0,,40.0,12.0,43.0,3,3.0,68.0,3.0,1.0,,
2015-16,6768218,24,45,Norwich_City,Home,115346,Nathan Redmond,nathan-redmond,M,True,,,,,,,,,,,,,,,,,,,,,,,,,,,,,,,,,,,,,,,,,,,,,,,,,,,,,0,,,,,,
2015-16,6768218,24,6,Tottenham_Hotspur,Away,122702,Erik Lamela,erik-lamela,M,True,,,,,,,,,,,,,,,,1.0,1.0,,,,,,,,,,,,1.0,,,,,,,,,,,,,,,,,,,,,,,,0,,2.0,,,,
2015-16,6768218,24,6,Tottenham_Hotspur,Away,198028,Dele Alli,dele-alli,M,False,,,,7.0,3.0,10.0,,2.0,4.0,,1.0,,,,,1.0,2.0,4.0,,,,,1.0,,,,2.0,,45.0,1.0,,,,,,,1.0,,,7.4,,,1.0,2.0,1.0,2.0,,,,14.0,3.0,15.0,2,1.0,27.0,2.0,1.0,,
2015-16,6768218,24,6,Tottenham_Hotspur,Away,368120,Nabil Bentaleb,nabil-bentaleb,M,True,,,,,,,,,,,,,,,,,,,,,,,,,,,,,,,,,,,,,,,,,,,,,,,,,,,,,0,,,,,,
2015-16,6768218,24,6,Tottenham_Hotspur,Away,801460,Tom Carroll,carroll-tom,M,True,,,1.0,2.0,4.0,6.0,1.0,,3.0,,,,,,,,1.0,,,,,,,,,,,,20.0,,,,,,,,,,,6.5,,,,,,,,1.0,,3.0,5.0,8.0,0,,8.0,,,,
2015-16,6768219,24,91,Bournemouth,Away,11764,Marc Pugh,marc-pugh,M,False,,,1.0,7.0,9.0,16.0,2.0,1.0,,,,,1.0,,,1.0,9.0,4.0,,,2.0,,1.0,,,,,,90.0,1.0,,,,,,,,,,6.5,,,,2.0,4.0,3.0,,3.0,,16.0,12.0,25.0,1,1.0,44.0,2.0,1.0,1.0,
2015-16,6768219,24,91,Bournemouth,Away,14695,Andrew Surman,andrew-surman,M,False,,,4.0,15.0,16.0,31.0,,,9.0,,,,,,,,,1.0,,,,,,,,1.0,1.0,,90.0,,1.0,,,,,,,,,6.8,,,,4.0,,,,9.0,,19.0,19.0,38.0,0,,46.0,,1.0,,
2015-16,6768219,24,31,Crystal_Palace,Home,19593,Jason Puncheon,jason-puncheon,M,False,1.0,,1.0,27.0,7.0,33.0,2.0,,5.0,,,3.0,1.0,,,,6.0,2.0,,,2.0,,,,,1.0,2.0,,90.0,1.0,,,,,,,,,,7.0,,,,1.0,2.0,5.0,,2.0,,36.0,8.0,39.0,4,,61.0,3.0,1.0,1.0,
2015-16,6768219,24,31,Crystal_Palace,Home,38130,Jordon Mutch,jordon-mutch,M,True,,,2.0,15.0,4.0,19.0,,,2.0,,,,,,,,,2.0,,,,,,,,,,,45.0,,,,,,,,,,,6.7,,,,2.0,1.0,2.0,,2.0,,20.0,4.0,22.0,0,,29.0,,1.0,1.0,
2015-16,6768219,24,31,Crystal_Palace,Home,38639,Chung-yong Lee,chung-yong-lee,M,False,1.0,,3.0,21.0,6.0,26.0,1.0,,6.0,,,1.0,,,,1.0,3.0,5.0,,,1.0,,,,,1.0,1.0,,68.0,,,,,,,,,,,7.2,,,1.0,1.0,1.0,5.0,,4.0,,29.0,8.0,32.0,2,3.0,52.0,2.0,1.0,1.0,
2015-16,6768219,24,91,Bournemouth,Away,39121,Harry Arter,harry-arter,M,False,,,1.0,20.0,5.0,25.0,,,4.0,,,,1.0,,,,2.0,3.0,,,1.0,,,,,,,,89.0,1.0,,,,,,,,,,6.8,,,1.0,3.0,2.0,,,5.0,,28.0,5.0,33.0,2,1.0,47.0,3.0,1.0,1.0,
2015-16,6768219,24,31,Crystal_Palace,Home,39282,James McArthur,james-mcarthur,M,False,,,3.0,10.0,17.0,27.0,1.0,1.0,5.0,,,,,,,1.0,3.0,3.0,,,1.0,,,,,2.0,,,45.0,,1.0,,,,,,,,,6.8,,,1.0,,,,,4.0,,11.0,18.0,29.0,1,1.0,38.0,,1.0,,
2015-16,6768219,24,91,Bournemouth,Away,41628,Eunan O'Kane,eunan-okane,M,True,,,,,,,,,,,,,,,,,,,,,,,,,,,,,,,,,,,,,,,,,,,,,,,,,,,,,0,,,,,,
2015-16,6768219,24,91,Bournemouth,Away,42699,Matt Ritchie,matt-ritchie,M,False,,,2.0,25.0,8.0,33.0,2.0,,8.0,,,2.0,2.0,,,,4.0,4.0,,,,,,,,3.0,1.0,,85.0,1.0,,,,,,,,,,7.1,,,,2.0,1.0,5.0,,5.0,,36.0,11.0,42.0,3,1.0,62.0,1.0,2.0,1.0,
2015-16,6768219,24,31,Crystal_Palace,Home,84686,Pape Souaré,pape-souare,M,False,1.0,,1.0,20.0,9.0,28.0,,1.0,2.0,,,,1.0,,,,7.0,2.0,,,1.0,,,,,5.0,1.0,,90.0,,,,,,,,,,,6.2,,,1.0,2.0,5.0,2.0,,3.0,,23.0,9.0,30.0,1,,66.0,1.0,1.0,,
2015-16,6768219,24,31,Crystal_Palace,Home,111850,Wilfried Zaha,wilfried-zaha,M,False,2.0,,1.0,13.0,3.0,14.0,,,5.0,1.0,,,,,,1.0,5.0,11.0,,1.0,1.0,1.0,,,,,3.0,,90.0,,,,,,,,,,,7.3,,,1.0,,8.0,6.0,,1.0,,22.0,4.0,20.0,1,,55.0,4.0,6.0,5.0,
2015-16,6768219,24,31,Crystal_Palace,Home,307652,Hiram Boateng,hiram-boateng,M,True,,,,,,,,,,,,,,,,,,,,,,,,,,,,,,,,,,,,,,,,,,,,,,,,,,,,,0,,,,,,
2015-16,6768220,24,35,West_Bromwich_Albion,Home,765,Darren Fletcher,darren-fletcher,M,False,,,,12.0,8.0,20.0,1.0,3.0,5.0,,2.0,1.0,2.0,,,3.0,7.0,5.0,,,1.0,,,,,3.0,,,90.0,2.0,1.0,,,,,,,,,6.0,,,2.0,1.0,,3.0,,4.0,,28.0,12.0,37.0,5,,60.0,3.0,2.0,,
2015-16,6768220,24,35,West_Bromwich_Albion,Home,14235,Craig Gardner,craig-gardner,M,True,1.0,,,3.0,1.0,3.0,2.0,2.0,1.0,,,,1.0,,,1.0,4.0,3.0,,,2.0,,,,,1.0,,,37.0,,,,,,,,,,,6.3,,,,,,2.0,,4.0,,13.0,2.0,13.0,0,1.0,23.0,1.0,,,
2015-16,6768220,24,35,West_Bromwich_Albion,Home,16657,Stéphane Sessègnon,stephane-sessegnon,M,False,1.0,,1.0,15.0,8.0,22.0,1.0,1.0,8.0,1.0,,,,,,1.0,2.0,6.0,,,,,,,,1.0,1.0,,62.0,2.0,,,,,,,,,,7.6,,,1.0,1.0,2.0,4.0,,1.0,,21.0,8.0,25.0,3,,45.0,2.0,3.0,2.0,
2015-16,6768220,24,80,Swansea_City,Away,20538,Leon Britton,leon-britton,M,False,,,2.0,25.0,18.0,43.0,3.0,,11.0,,,,1.0,,,,5.0,7.0,,,1.0,,,,,5.0,,,90.0,,,,,,,,,,,7.3,,,,4.0,1.0,,,4.0,,29.0,20.0,49.0,0,2.0,67.0,1.0,4.0,1.0,
2015-16,6768220,24,80,Swansea_City,Away,20993,Jack Cork,jack-cork,M,False,,,1.0,24.0,12.0,36.0,5.0,6.0,4.0,,,1.0,,,,2.0,9.0,7.0,,,1.0,,,,,2.0,,,90.0,,,,,,,,,,,6.5,,,1.0,2.0,2.0,,,2.0,,33.0,18.0,51.0,2,,69.0,2.0,1.0,1.0,
2015-16,6768220,24,80,Swansea_City,Away,30243,Neil Taylor,neil-taylor,M,False,,,1.0,17.0,10.0,27.0,2.0,1.0,1.0,,,,2.0,,,,6.0,1.0,,,2.0,,,,,1.0,,,59.0,,,,,,,,,,,6.3,,,,3.0,,1.0,,2.0,,23.0,12.0,34.0,0,,46.0,,,,
2015-16,6768220,24,80,Swansea_City,Away,38642,Sung-Yueng Ki,sung-yueng-ki,M,False,,,8.0,15.0,15.0,30.0,1.0,1.0,5.0,,,,1.0,,,,3.0,1.0,,,1.0,,,,,,2.0,,45.0,,,,,,,,,,,6.9,,,,,,,,9.0,,17.0,17.0,34.0,0,,35.0,,,,
2015-16,6768220,24,35,West_Bromwich_Albion,Home,41631,James McClean,james-mcclean,M,False,6.0,,3.0,19.0,5.0,18.0,5.0,3.0,3.0,1.0,,,,,,1.0,7.0,9.0,,,2.0,,,,,,3.0,,90.0,,1.0,,,,,,,,,7.2,,,,1.0,2.0,19.0,,4.0,,36.0,7.0,24.0,0,1.0,57.0,,3.0,2.0,
2015-16,6768220,24,80,Swansea_City,Away,43192,Gylfi Sigurðsson,gylfi-sigursson,M,False,1.0,,2.0,32.0,12.0,43.0,1.0,,5.0,,,1.0,,1.0,,1.0,3.0,4.0,,,1.0,,1.0,,,1.0,3.0,,90.0,2.0,1.0,,,,,,,,,8.5,,,2.0,,2.0,5.0,,3.0,,44.0,12.0,51.0,5,1.0,73.0,2.0,1.0,2.0,
2015-16,6768220,24,35,West_Bromwich_Albion,Home,43301,Sandro,sandro,M,False,1.0,,,15.0,6.0,20.0,1.0,4.0,1.0,,,,1.0,,,,3.0,7.0,,,1.0,,,,,2.0,1.0,,69.0,,,,,,,,,,,6.8,,,,,,2.0,,2.0,,22.0,7.0,27.0,0,1.0,39.0,3.0,2.0,,
2015-16,6768220,24,80,Swansea_City,Away,54686,Jefferson Montero,jefferson-montero,M,True,,,,,,,,,,,,,,,,,,,,,,,,,,,,,,,,,,,,,,,,,,,,,,,,,,,,,0,,,,,,
2015-16,6768220,24,35,West_Bromwich_Albion,Home,151037,Claudio Yacob,claudio-yacob,M,False,,,4.0,15.0,21.0,36.0,,1.0,10.0,,,,1.0,,,,2.0,7.0,,,1.0,,,,,6.0,,,90.0,,1.0,,,,,,,,,7.5,,,,3.0,,,,6.0,,19.0,21.0,40.0,0,3.0,59.0,1.0,3.0,,
2015-16,6768220,24,35,West_Bromwich_Albion,Home,180009,Alex Pritchard,alex-pritchard,M,True,,,,,,,,,,,,,,,,,,,,,,,,,,,,,,,,,,,,,,,,,,,,,,,,,,,,,0,,,,,,
2015-16,6768220,24,80,Swansea_City,Away,209098,Modou Barrow,modou-barrow,M,True,,,,,,,,,,,,,,,,,,,,,,,,,,,,,,,,,,,,,,,,,,,,,,,,,,,,,0,,,,,,
2015-16,6768221,24,14,Liverpool,Away,791,James Milner,james-milner,M,False,1.0,,2.0,26.0,8.0,33.0,2.0,2.0,7.0,,,1.0,,,,1.0,4.0,9.0,,,1.0,,,,,1.0,2.0,,90.0,,,,,,,,,,,7.5,,,,2.0,3.0,8.0,,7.0,,42.0,9.0,43.0,1,3.0,71.0,3.0,1.0,3.0,
2015-16,6768221,24,13,Leicester_City,Home,14231,Nathan Dyer,nathan-dyer,M,True,,,,,,,,,,,,,,,,,,,,,,,,,,,,,,,,,,,,,,,,,,,,,,,,,,,,,0,,,,,,
2015-16,6768221,24,14,Liverpool,Away,17054,Adam Lallana,adam-lallana,M,False,,,2.0,27.0,7.0,34.0,4.0,1.0,6.0,,,,2.0,,,1.0,8.0,7.0,,,,,,,,,1.0,,90.0,,,,,,,,,,,6.6,,,1.0,2.0,5.0,4.0,,2.0,,36.0,8.0,40.0,1,1.0,62.0,5.0,1.0,4.0,
2015-16,6768221,24,14,Liverpool,Away,20602,Joe Allen,joe-allen,M,True,1.0,,1.0,4.0,4.0,7.0,2.0,,1.0,,,,,,,,2.0,2.0,,,,,,,,,1.0,,15.0,,,,,,,,,,,7.0,,,,1.0,,1.0,,2.0,,5.0,4.0,8.0,0,2.0,12.0,,,,
2015-16,6768221,24,14,Liverpool,Away,27234,Lucas Leiva,lucas-leiva,M,False,,,9.0,44.0,27.0,71.0,3.0,8.0,11.0,,,,5.0,,,2.0,12.0,17.0,,,3.0,,,,,3.0,1.0,,90.0,,,,,,,,,,,7.3,,,1.0,1.0,1.0,1.0,,11.0,,49.0,32.0,80.0,1,6.0,105.0,1.0,3.0,1.0,
2015-16,6768221,24,13,Leicester_City,Home,30530,Andy King,andy-king,M,True,,,,1.0,,1.0,1.0,,,,,,,,,,1.0,1.0,,,,,,,,,,,3.0,,,,,,,,,,,,,,,,,,,,,1.0,,1.0,0,,4.0,1.0,1.0,,
2015-16,6768221,24,14,Liverpool,Away,42694,Jordan Henderson,jordan-henderson,M,False,1.0,,3.0,27.0,8.0,34.0,3.0,5.0,5.0,,,,,,,1.0,5.0,6.0,,,,,,,,2.0,3.0,,66.0,,,,,,,,,,,6.7,,,,2.0,1.0,7.0,,6.0,,48.0,11.0,52.0,0,1.0,71.0,2.0,,,
2015-16,6768221,24,13,Leicester_City,Home,47737,Marc Albrighton,marc-albrighton,M,False,,,1.0,12.0,5.0,17.0,1.0,1.0,8.0,,,,,,,1.0,2.0,2.0,,,,,,,,3.0,,,79.0,,,,,,,,,,,6.8,,,,1.0,1.0,3.0,,4.0,,21.0,7.0,25.0,0,,40.0,1.0,,1.0,
2015-16,6768221,24,13,Leicester_City,Home,54330,Danny Drinkwater,danny-drinkwater,M,False,,,4.0,17.0,14.0,31.0,3.0,1.0,9.0,,,,3.0,,,3.0,10.0,8.0,,,,,,,,4.0,1.0,,90.0,,1.0,,,,,,,,,7.0,,,,6.0,4.0,3.0,,10.0,,28.0,20.0,45.0,0,4.0,77.0,1.0,,3.0,
2015-16,6768221,24,14,Liverpool,Away,97006,João Carlos Teixeira,joao-carlos-teixeira,M,True,,,,1.0,2.0,3.0,,,1.0,,,,,,,1.0,1.0,1.0,,,,,,,,,,,3.0,,,,,,,,,,,,,,,,,,,,,1.0,2.0,3.0,0,1.0,6.0,,,,
2015-16,6768221,24,14,Liverpool,Away,143697,Roberto Firmino,roberto-firmino,M,False,,,1.0,13.0,9.0,22.0,2.0,2.0,6.0,,,1.0,1.0,,,1.0,8.0,4.0,,,1.0,,,,,,1.0,,87.0,,,,,,,,,,,6.4,,,1.0,,3.0,3.0,,3.0,,30.0,11.0,38.0,2,2.0,60.0,7.0,,,
2015-16,6768221,24,13,Leicester_City,Home,158213,Riyad Mahrez,riyad-mahrez,M,False,,,3.0,13.0,6.0,19.0,1.0,1.0,8.0,,,2.0,3.0,,,6.0,12.0,7.0,,,,1.0,,,,1.0,1.0,,89.0,2.0,,,,,,,,,,6.8,,,1.0,1.0,6.0,2.0,,4.0,,19.0,6.0,23.0,5,1.0,55.0,5.0,1.0,4.0,
2015-16,6768221,24,14,Liverpool,Away,185955,Jordon Ibe,jordon-ibe,M,True,,,,,,,,,,,,,,,,,,,,,,,,,,,,,,,,,,,,,,,,,,,,,,,,,,,,,0,,,,,,
2015-16,6768221,24,13,Leicester_City,Home,234148,N'Golo Kanté,n-golo-kante,M,False,,,,12.0,14.0,26.0,3.0,4.0,11.0,,,,4.0,,,2.0,11.0,8.0,,,,,,,,6.0,,,90.0,,1.0,,,,,,,,,6.5,,,,2.0,3.0,,,3.0,,24.0,16.0,40.0,0,2.0,63.0,1.0,1.0,1.0,
2015-16,6768221,24,13,Leicester_City,Home,355152,Demarai Gray,demarai-gray,M,True,,,,3.0,1.0,4.0,,,5.0,,,,,,,1.0,2.0,1.0,,,,,,,,1.0,,,11.0,,,,,,,,,,,6.5,,,,,1.0,,,1.0,,5.0,3.0,8.0,0,1.0,13.0,,,,
2015-16,6768223,24,11,Everton,Home,544,Gareth Barry,gareth-barry,M,False,,,4.0,28.0,21.0,49.0,,1.0,8.0,,,,2.0,,,1.0,3.0,5.0,,,,,,,,1.0,1.0,,90.0,,,,,,,,,,,7.1,,,,3.0,1.0,,,8.0,,39.0,28.0,67.0,0,3.0,83.0,,,1.0,
2015-16,6768223,24,11,Everton,Home,1161,Leon Osman,leon-osman,M,True,,,,,,,,,,,,,,,,,,,,,,,,,,,,,,,,,,,,,,,,,,,,,,,,,,,,,0,,,,,,
2015-16,6768223,24,11,Everton,Home,1924,Steven Pienaar,steven-pienaar,M,True,,,,,,,,,,,,,,,,,,,,,,,,,,,,,,,,,,,,,,,,,,,,,,,,,,,,,0,,,,,,
2015-16,6768223,24,11,Everton,Home,9692,Aaron Lennon,aaron-lennon,M,False,,,1.0,20.0,6.0,26.0,,,4.0,,,1.0,1.0,,,2.0,6.0,6.0,,,1.0,,1.0,,,,,,90.0,2.0,,,,,,,1.0,,,7.4,,,,,3.0,3.0,,1.0,,28.0,7.0,32.0,3,3.0,50.0,,3.0,,
2015-16,6768223,24,11,Everton,Home,21073,Darron Gibson,darron-gibson,M,True,,,,,,,,,,,,,,,,,,,,,,,,,,,,,,,,,,,,,,,,,,,,,,,,,,,,,0,,,,,,
2015-16,6768223,24,4,Newcastle_United,Away,22126,Georginio Wijnaldum,georginio-wijnaldum,M,False,,,1.0,13.0,7.0,20.0,2.0,1.0,4.0,,,,1.0,,,1.0,6.0,3.0,,,1.0,,,,,,1.0,,90.0,,,,,,,,,,,6.2,,,,,1.0,,,1.0,1.0,15.0,8.0,23.0,0,1.0,31.0,,1.0,,
2015-16,6768223,24,4,Newcastle_United,Away,26895,Henri Saivet,henri-saivet,M,False,,,,9.0,20.0,29.0,2.0,1.0,8.0,,,,1.0,,,,3.0,5.0,,,,,,,,3.0,1.0,,55.0,,,,,,,,,,,7.1,,,,1.0,,,,1.0,,14.0,21.0,35.0,0,4.0,45.0,2.0,,,
2015-16,6768223,24,4,Newcastle_United,Away,26982,Yoan Gouffran,yoan-gouffran,M,True,,,,,,,,,,,,,,,,,,,,,,,,,,,,,,,,,,,,,,,,,,,,,,,,,,,,,0,,,,,,
2015-16,6768223,24,4,Newcastle_United,Away,27014,Moussa Sissoko,moussa-sissoko,M,False,2.0,,,21.0,12.0,31.0,,3.0,7.0,1.0,,,,,,1.0,8.0,7.0,,,,,,,,1.0,2.0,,90.0,,,,,,,,,,,6.5,,,,2.0,8.0,3.0,,1.0,,33.0,14.0,44.0,0,2.0,67.0,2.0,1.0,1.0,
2015-16,6768223,24,4,Newcastle_United,Away,36465,Jonjo Shelvey,jonjo-shelvey,M,False,,,3.0,18.0,24.0,42.0,,,5.0,,,1.0,1.0,,,2.0,5.0,2.0,,,2.0,,,,,3.0,,,90.0,1.0,,,,,,,,,,6.6,,,,3.0,1.0,2.0,,4.0,,24.0,29.0,51.0,2,1.0,68.0,,,1.0,
2015-16,6768223,24,11,Everton,Home,39283,James McCarthy,james-mccarthy,M,False,,,8.0,21.0,26.0,47.0,,1.0,10.0,,,,1.0,,,1.0,3.0,6.0,,,1.0,,,,,6.0,,,90.0,,,,,,,,,,,7.6,,,,,1.0,,,9.0,,25.0,26.0,51.0,0,1.0,66.0,,3.0,1.0,
2015-16,6768223,24,11,Everton,Home,46432,Tom Cleverley,tom-cleverley,M,False,,,1.0,19.0,8.0,27.0,1.0,2.0,5.0,,,,4.0,,,,6.0,11.0,,,1.0,1.0,,,1.0,,1.0,,90.0,2.0,,,,,,,,,,7.9,,,,,2.0,1.0,,1.0,,29.0,8.0,36.0,2,7.0,52.0,1.0,,2.0,
2015-16,6768223,24,11,Everton,Home,98435,Ross Barkley,ross-barkley,M,False,1.0,,2.0,25.0,13.0,37.0,1.0,3.0,8.0,,,2.0,,,,4.0,10.0,13.0,,,1.0,,2.0,,1.0,,2.0,,90.0,3.0,,,,,,,1.0,,,9.1,,,2.0,2.0,9.0,3.0,,2.0,,34.0,13.0,44.0,7,2.0,78.0,3.0,3.0,5.0,
2015-16,6768224,24,1,Manchester_United,Home,938,Michael Carrick,michael-carrick,M,False,,,3.0,25.0,16.0,41.0,1.0,2.0,7.0,,,,1.0,,,1.0,3.0,6.0,,,,,,,,5.0,,,90.0,,,,,,,,,,,7.2,,,,2.0,,,,9.0,,34.0,16.0,50.0,0,3.0,65.0,1.0,1.0,,
2015-16,6768224,24,110,Stoke_City,Away,2525,Ibrahim Afellay,ibrahim-afellay,M,False,1.0,,2.0,23.0,32.0,54.0,1.0,,8.0,,,2.0,,,,2.0,4.0,2.0,,,1.0,,,,,,,,90.0,,,,,,,,,,,6.5,,,1.0,,,5.0,,3.0,,29.0,36.0,60.0,3,,76.0,3.0,2.0,,
2015-16,6768224,24,110,Stoke_City,Away,9682,Stephen Ireland,stephen-ireland,M,True,,,1.0,10.0,8.0,18.0,,,1.0,,,,,,,,3.0,1.0,,,2.0,,,,,1.0,,,30.0,,,,,,,,,,,6.7,,,,,2.0,,,2.0,,11.0,8.0,19.0,0,,23.0,,,1.0,
2015-16,6768224,24,110,Stoke_City,Away,10535,Glenn Whelan,glenn-whelan,M,False,,,6.0,32.0,34.0,66.0,2.0,,11.0,,,,,,,1.0,3.0,2.0,,1.0,,,,,,1.0,2.0,,90.0,,,,,,,,,,,6.7,,,,1.0,,1.0,,7.0,,37.0,37.0,73.0,0,2.0,79.0,,,,
2015-16,6768224,24,1,Manchester_United,Home,27009,Morgan Schneiderlin,morgan-schneiderlin,M,True,,,,,,,,,,,,,,,,,,,,,,,,,,,,,,,,,,,,,,,,,,,,,,,,,,,,,0,,,,,,
2015-16,6768224,24,1,Manchester_United,Home,28367,Juan Mata,juan-mata,M,False,1.0,,2.0,30.0,8.0,37.0,,,5.0,,1.0,3.0,2.0,,,,2.0,1.0,,,,,,,,2.0,2.0,,88.0,,,,,,,,,,,7.1,,,2.0,1.0,,2.0,,3.0,,36.0,8.0,42.0,5,,56.0,1.0,1.0,,
2015-16,6768224,24,110,Stoke_City,Away,65953,Xherdan Shaqiri,xherdan-shaqiri,M,True,,,,,,,,,,,,,,,,,,,,,,,,,,,,,,,,,,,,,,,,,,,,,,,,,,,,,0,,,,,,
2015-16,6768224,24,1,Manchester_United,Home,82474,Ander Herrera,ander-herrera,M,True,,,,10.0,8.0,18.0,,,1.0,,,,,,,,,,,,,,,,,,,,10.0,,,,,,,,,,,6.6,,,,,,,,,,11.0,9.0,20.0,0,,20.0,,,,
2015-16,6768224,24,1,Manchester_United,Home,191176,Anthony Martial,anthony-martial,M,False,1.0,,,26.0,4.0,29.0,2.0,1.0,3.0,1.0,,1.0,,,,3.0,11.0,6.0,,,4.0,1.0,1.0,,,,6.0,,79.0,2.0,,,,,,,,,,8.6,,,2.0,1.0,5.0,3.0,,1.0,2.0,31.0,4.0,32.0,5,,53.0,1.0,2.0,3.0,
2015-16,6768224,24,1,Manchester_United,Home,285949,Andreas Pereira,andreas-pereira,M,True,,,,3.0,,3.0,,,,,,,,,,,,,,,,,,,,,,,2.0,,,,,,,,,,,,,,,,,,,,,3.0,,3.0,0,,5.0,2.0,,,
2015-16,6768228,24,8,Chelsea,Away,518,Cesc Fàbregas,cesc-fabregas,M,False,,,10.0,38.0,28.0,66.0,,,9.0,,,,3.0,,,2.0,7.0,10.0,,,2.0,,,,,,2.0,,90.0,,1.0,,,,,,,,,7.7,,,,,1.0,,,13.0,,52.0,32.0,84.0,0,6.0,101.0,,3.0,1.0,
2015-16,6768228,24,57,Watford,Home,642,Ben Watson,ben-watson,M,False,2.0,,2.0,31.0,32.0,61.0,,1.0,9.0,,,,4.0,,,,4.0,6.0,,,,,,,,5.0,3.0,,90.0,,1.0,,,,,,,,,7.4,,,,1.0,,8.0,,6.0,,40.0,37.0,69.0,0,4.0,91.0,,1.0,,
2015-16,6768228,24,57,Watford,Home,4366,Almen Abdi,almen-abdi,M,True,,,,2.0,9.0,11.0,,1.0,2.0,,,,,,,,,3.0,,,,,,,,,,,26.0,,,,,,,,,,,6.8,,,,1.0,,,,,,3.0,9.0,12.0,0,1.0,16.0,,1.0,,
2015-16,6768228,24,8,Chelsea,Away,7311,John Obi Mikel,john-obi-mikel,M,False,,,2.0,24.0,22.0,46.0,3.0,,9.0,,,1.0,3.0,,,2.0,8.0,4.0,,,,,,,,3.0,,,90.0,,,,,,,,,,,6.8,,,,2.0,,,,5.0,,26.0,25.0,51.0,1,4.0,66.0,1.0,,,
2015-16,6768228,24,57,Watford,Home,11654,Valon Behrami,valon-behrami,M,False,,,,17.0,22.0,39.0,1.0,,9.0,,,,3.0,,,3.0,9.0,3.0,,,2.0,,,,,7.0,,,90.0,,,,,,,,,,,6.5,,,,,,,,1.0,,23.0,24.0,47.0,0,2.0,61.0,1.0,1.0,,
2015-16,6768228,24,57,Watford,Home,13990,José Jurado,jose-jurado,M,False,,,1.0,19.0,12.0,31.0,,,5.0,,,,1.0,,,2.0,5.0,5.0,,,,,,,,,1.0,,64.0,,,,,,,,,,,6.6,,,,,4.0,1.0,,1.0,,23.0,12.0,34.0,0,2.0,47.0,2.0,1.0,2.0,
2015-16,6768228,24,57,Watford,Home,16701,Étienne Capoue,etienne-capoue,M,False,,,1.0,19.0,16.0,35.0,1.0,1.0,7.0,,,,2.0,,,1.0,6.0,2.0,,,1.0,,,,,1.0,2.0,,87.0,1.0,,,,,,,,,,6.4,,,,1.0,2.0,4.0,,1.0,,29.0,18.0,43.0,1,,57.0,1.0,,1.0,
2015-16,6768228,24,57,Watford,Home,20364,Ikechi Anya,ikechi-anya,M,True,,,,,,,,,,,,,,,,,,,,,,,,,,,,,,,,,,,,,,,,,,,,,,,,,,,,,0,,,,,,
2015-16,6768228,24,57,Watford,Home,27714,Nordin Amrabat,nordin-amrabat,M,True,,,,,,,,,,,,,,,,,,,,,,,,,,,,,,,,,,,,,,,,,,,,,,,,,,,,,0,,,,,,
2015-16,6768228,24,8,Chelsea,Away,31417,Willian,willian,M,False,2.0,,3.0,31.0,9.0,38.0,1.0,,6.0,,,,,,,2.0,4.0,8.0,,,1.0,,,,,1.0,1.0,,90.0,,,,,,,,,,,7.3,,,,,5.0,11.0,,4.0,,43.0,11.0,43.0,0,1.0,67.0,2.0,2.0,5.0,
2015-16,6768228,24,8,Chelsea,Away,39400,Oscar,oscar,M,False,,,10.0,28.0,15.0,43.0,,,9.0,,,2.0,,,,1.0,4.0,9.0,,,2.0,,,,,,2.0,,90.0,1.0,,,,,,,,,,8.0,,,1.0,,4.0,2.0,,13.0,1.0,40.0,17.0,55.0,4,4.0,81.0,3.0,2.0,3.0,
2015-16,6768228,24,8,Chelsea,Away,44241,Nemanja Matić,nemanja-matic,M,False,1.0,,,26.0,24.0,49.0,3.0,1.0,9.0,,,,3.0,,,2.0,9.0,4.0,,,1.0,,,,,4.0,,,73.0,1.0,1.0,,,,,,,,,6.8,,,,2.0,1.0,1.0,,,,28.0,28.0,55.0,1,1.0,74.0,2.0,1.0,1.0,
2015-16,6768228,24,57,Watford,Home,45989,Adlène Guédioura,adlene-guedioura,M,True,,,,,,,,,,,,,,,,,,,,,,,,,,,,,,,,,,,,,,,,,,,,,,,,,,,,,0,,,,,,
2015-16,6768228,24,57,Watford,Home,47668,Juan Carlos Paredes,juan-carlos-paredes,M,False,,,1.0,9.0,7.0,16.0,,,6.0,,,,,,,,1.0,4.0,,,,,,,,4.0,,,68.0,,,,,,,,,,,7.0,,,,,2.0,2.0,,9.0,,16.0,12.0,26.0,0,2.0,55.0,,1.0,1.0,
2015-16,6768228,24,8,Chelsea,Away,284441,Ruben Loftus-Cheek,ruben-loftus-cheek,M,True,,,,,,,,,,,,,,,,,,,,,,,,,,,,,,,,,,,,,,,,,,,,,,,,,,,,,0,,,,,,
2015-16,6768228,24,8,Chelsea,Away,801391,Kenedy,kenedy,M,True,,,,,,,,,,,,,,,,,,,,,,,,,,,,,,,,,,,,,,,,,,,,,,,,,,,,,0,,,,,,
2015-16,6768245,24,7,Aston_Villa,Away,764,Kieran Richardson,kieran-richardson,M,True,,,,3.0,,3.0,,,,,,1.0,1.0,,,1.0,3.0,,,,1.0,,,,,,,,19.0,,,,,,,,,,,6.2,,,,,,,,,,3.0,,3.0,1,,6.0,1.0,,,
2015-16,6768245,24,21,West_Ham_United,Home,9741,Mark Noble,mark-noble,M,False,,,6.0,79.0,27.0,106.0,,1.0,5.0,,,,2.0,,,3.0,8.0,3.0,,,3.0,1.0,,,,,4.0,,90.0,1.0,1.0,,,,,,,,,7.3,,,1.0,,,,,7.0,,85.0,29.0,114.0,2,1.0,129.0,1.0,1.0,,
2015-16,6768245,24,21,West_Ham_United,Home,12987,Alex Song,alex-song,M,False,,,10.0,75.0,28.0,103.0,,,16.0,,,,2.0,,,2.0,7.0,6.0,,,3.0,,,,,2.0,3.0,,90.0,,,,,,,,,,,7.6,,,1.0,,1.0,,,14.0,,84.0,30.0,114.0,1,4.0,127.0,1.0,1.0,1.0,
2015-16,6768245,24,21,West_Ham_United,Home,13175,Joey O'Brien,joey-obrien,M,True,,,,,,,,,,,,,,,,,,,,,,,,,,,,,,,,,,,,,,,,,,,,,,,,,,,,,0,,,,,,
2015-16,6768245,24,21,West_Ham_United,Home,14216,Dimitri Payet,dimitri-payet,M,False,4.0,,5.0,60.0,15.0,71.0,,,6.0,,,,1.0,,,5.0,7.0,8.0,,,,,,,1.0,,5.0,,90.0,2.0,,,,,,,,,,8.3,,,,,7.0,8.0,,6.0,1.0,70.0,15.0,77.0,2,,107.0,3.0,2.0,6.0,
2015-16,6768245,24,7,Aston_Villa,Away,24055,Scott Sinclair,scott-sinclair,M,True,,,,,2.0,2.0,,,,,,,,,,,,1.0,,,,,,,,,,,10.0,,,,,,,,,,,6.4,,,,,1.0,1.0,,,,1.0,2.0,2.0,0,,5.0,1.0,,1.0,
2015-16,6768245,24,21,West_Ham_United,Home,45944,Cheikhou Kouyaté,cheikhou-kouyate,M,False,,,,17.0,5.0,22.0,4.0,6.0,4.0,,,2.0,,,,1.0,8.0,10.0,,,2.0,,1.0,,,1.0,,,89.0,2.0,,,,,,,,,,7.8,,,2.0,1.0,2.0,,,,,24.0,6.0,30.0,6,2.0,44.0,,1.0,1.0,
2015-16,6768245,24,21,West_Ham_United,Home,46799,Pedro Obiang,pedro-obiang,M,True,,,,,,,,,,,,,,,,,,,,,,,,,,,,,1.0,,,,,,,,,,,,,,,,,,,,,,,,0,,,,,,
2015-16,6768245,24,7,Aston_Villa,Away,74545,Leandro Bacuna,leandro-bacuna,M,False,,,1.0,11.0,11.0,22.0,3.0,,3.0,,,,4.0,,,2.0,9.0,2.0,,,,,,,,2.0,,,90.0,,,,,,,,,,,5.8,,,,1.0,1.0,4.0,,6.0,,26.0,13.0,35.0,0,1.0,50.0,,,1.0,
2015-16,6768245,24,7,Aston_Villa,Away,106337,Idrissa Gana Gueye,idrissa-gana-gueye,M,False,,,3.0,15.0,25.0,40.0,,,12.0,,,1.0,1.0,,,1.0,6.0,9.0,,,2.0,,,,,1.0,2.0,,90.0,,1.0,,,,,,,,,7.4,,,1.0,2.0,4.0,,,5.0,,23.0,26.0,49.0,2,7.0,69.0,,,2.0,
2015-16,6768245,24,7,Aston_Villa,Away,151124,Jordan Veretout,jordan-veretout,M,False,,,2.0,28.0,16.0,44.0,,,8.0,,,,1.0,,,,2.0,5.0,,,1.0,,,,,5.0,,,90.0,1.0,,,,,,,,,,7.3,,,,2.0,,1.0,,5.0,,35.0,18.0,52.0,1,3.0,69.0,1.0,2.0,,
2015-16,6768245,24,7,Aston_Villa,Away,189061,Jack Grealish,jack-grealish,M,True,,,,,,,,,,,,,,,,,,,,,,,,,,,,,,,,,,,,,,,,,,,,,,,,,,,,,0,,,,,,
2015-16,6768245,24,7,Aston_Villa,Away,254895,Carles Gil,carles-gil,M,False,1.0,,,9.0,2.0,10.0,,,2.0,,,,2.0,,,2.0,6.0,3.0,,,,,,,,,,,71.0,1.0,,,,,,,,,,6.1,,,,2.0,2.0,3.0,,,,14.0,3.0,14.0,1,1.0,32.0,4.0,2.0,,
2015-16,6768245,24,21,West_Ham_United,Home,792122,Josh Cullen,cullen-josh,M,True,,,,,,,,,,,,,,,,,,,,,,,,,,,,,,,,,,,,,,,,,,,,,,,,,,,,,0,,,,,,
2015-16,6768245,24,7,Aston_Villa,Away,827284,Jordan Lyden,jordan-lyden,M,True,,,,,,,,,,,,,,,,,,,,,,,,,,,,,,,,,,,,,,,,,,,,,,,,,,,,,0,,,,,,
2015-16,6768222,25,3,Arsenal,Away,519,Mathieu Flamini,mathieu-flamini,M,False,,,1.0,23.0,18.0,41.0,,,4.0,,,1.0,1.0,,,,2.0,2.0,,,1.0,,,,,3.0,,,90.0,,2.0,,,,,,,,,6.9,,,,2.0,,1.0,,2.0,,28.0,20.0,47.0,1,2.0,59.0,,,,
2015-16,6768222,25,3,Arsenal,Away,10501,Theo Walcott,theo-walcott,M,True,,,,,,,,,,,,,,,,,,,,,,,,,,,,,1.0,,,,,,,,,,,,,,,,,,,,,,,,0,,,,,,
2015-16,6768222,25,3,Arsenal,Away,10577,Alex Oxlade-Chamberlain,alex-oxlade-chamberlain,M,False,,,1.0,8.0,3.0,11.0,1.0,,5.0,,,1.0,3.0,,,1.0,6.0,3.0,,,,,1.0,,,1.0,,,67.0,1.0,,,,,,,,,,7.2,,,,2.0,1.0,1.0,,2.0,,14.0,4.0,17.0,2,3.0,34.0,1.0,,,
2015-16,6768222,25,91,Bournemouth,Home,11764,Marc Pugh,marc-pugh,M,False,,,2.0,19.0,6.0,25.0,1.0,,5.0,,,1.0,2.0,,,2.0,7.0,5.0,,,1.0,,,,,,1.0,,90.0,,,,,,,,,,,6.3,,,,,4.0,4.0,,2.0,,29.0,7.0,32.0,1,3.0,56.0,6.0,,2.0,
2015-16,6768222,25,91,Bournemouth,Home,14695,Andrew Surman,andrew-surman,M,False,,,9.0,27.0,31.0,58.0,,1.0,11.0,,,1.0,1.0,,,,1.0,4.0,,,,,,,,5.0,2.0,,90.0,,2.0,,,,,,,,,7.6,,,,2.0,1.0,,,14.0,,36.0,33.0,69.0,1,1.0,84.0,1.0,1.0,1.0,
2015-16,6768222,25,3,Arsenal,Away,16176,Mesut Özil,mesut-ozil,M,False,1.0,,3.0,44.0,9.0,52.0,,,11.0,,,,,,,2.0,4.0,3.0,,,,,1.0,,,1.0,2.0,,90.0,1.0,,,,,,,,,,7.5,,,,,3.0,4.0,,3.0,2.0,50.0,10.0,56.0,1,1.0,73.0,3.0,1.0,1.0,
2015-16,6768222,25,3,Arsenal,Away,23571,Aaron Ramsey,aaron-ramsey,M,False,,,3.0,35.0,19.0,54.0,2.0,2.0,11.0,,1.0,1.0,3.0,,,1.0,10.0,12.0,,,4.0,1.0,,,,4.0,3.0,,90.0,1.0,,,,,,,,,,8.2,,,1.0,2.0,2.0,1.0,,6.0,,44.0,20.0,63.0,3,5.0,92.0,4.0,3.0,2.0,
2015-16,6768222,25,91,Bournemouth,Home,39121,Harry Arter,harry-arter,M,False,,,,34.0,9.0,43.0,,,4.0,,,1.0,,,,3.0,4.0,4.0,,,1.0,,,,,3.0,1.0,,90.0,2.0,,,,,,,,,,7.3,,,1.0,,1.0,1.0,,2.0,,44.0,10.0,53.0,4,3.0,73.0,,,1.0,
2015-16,6768222,25,3,Arsenal,Away,40672,Francis Coquelin,francis-coquelin,M,True,,,,6.0,8.0,14.0,,,,,,,,,,1.0,1.0,2.0,,,,,,,,1.0,,,23.0,,,,,,,,,,,6.8,,,,1.0,,,,,,9.0,8.0,17.0,0,2.0,23.0,,,,
2015-16,6768222,25,91,Bournemouth,Home,41628,Eunan O'Kane,eunan-okane,M,True,,,,,,,,,,,,,,,,,,,,,,,,,,,,,,,,,,,,,,,,,,,,,,,,,,,,,0,,,,,,
2015-16,6768222,25,91,Bournemouth,Home,42699,Matt Ritchie,matt-ritchie,M,False,1.0,,2.0,20.0,12.0,31.0,1.0,1.0,6.0,,,2.0,,,,1.0,3.0,4.0,,,,,,,,1.0,1.0,,66.0,,,,,,,,,,,7.2,,,3.0,,2.0,4.0,,3.0,,27.0,14.0,37.0,5,1.0,55.0,1.0,1.0,1.0,
2015-16,6768222,25,91,Bournemouth,Home,44823,Junior Stanislas,junior-stanislas,M,True,,,,6.0,5.0,11.0,1.0,,3.0,,,1.0,,,,,2.0,2.0,,,1.0,,,,,,,,24.0,,,,,,,,,,,6.6,,,,,,6.0,,,,16.0,5.0,15.0,1,2.0,24.0,,,,
2015-16,6768222,25,3,Arsenal,Away,154508,Joel Campbell,joel-campbell,M,True,,,,,,,,,,,,,,,,,,,,,,,,,,,,,,,,,,,,,,,,,,,,,,,,,,,,,0,,,,,,
2015-16,6768222,25,3,Arsenal,Away,352770,Alex Iwobi,alex-iwobi,M,True,,,,,,,,,,,,,,,,,,,,,,,,,,,,,,,,,,,,,,,,,,,,,,,,,,,,,0,,,,,,
2015-16,6768225,25,7,Aston_Villa,Home,764,Kieran Richardson,kieran-richardson,M,True,,,,,,,,,,,,,,,,,,,,,,,,,,,,,,,,,,,,,,,,,,,,,,,,,,,,,0,,,,,,
2015-16,6768225,25,45,Norwich_City,Away,14336,Wesley Hoolahan,wesley-hoolahan,M,False,,,1.0,12.0,4.0,16.0,1.0,,3.0,,,,1.0,,,1.0,3.0,2.0,,,,,,,,,,,56.0,,,,,,,,,,,6.2,,,,,,2.0,,1.0,,16.0,4.0,18.0,0,1.0,25.0,1.0,1.0,,
2015-16,6768225,25,45,Norwich_City,Away,18712,Youssouf Mulumbu,youssouf-mulumbu,M,False,,,1.0,4.0,9.0,13.0,,,2.0,,,,1.0,,,,2.0,6.0,,,1.0,,,,,,1.0,,56.0,,,,,,,,,,,6.9,,,,,,1.0,,1.0,,6.0,11.0,16.0,0,5.0,26.0,1.0,1.0,,
2015-16,6768225,25,45,Norwich_City,Away,20095,Matt Jarvis,matt-jarvis,M,True,,,,3.0,1.0,4.0,,,,,,,,,,1.0,1.0,,,,,,,,,,1.0,,10.0,,,,,,,,,,,6.2,,,,,,5.0,,,,9.0,1.0,5.0,0,,11.0,,,,
2015-16,6768225,25,7,Aston_Villa,Home,24055,Scott Sinclair,scott-sinclair,M,True,,,,,,,,,,,,,,,,,,,,,,,,,,,,,,,,,,,,,,,,,,,,,,,,,,,,,0,,,,,,
2015-16,6768225,25,45,Norwich_City,Away,29691,Gary O'Neil,gary-oneil,M,False,2.0,,3.0,20.0,14.0,32.0,,,2.0,,1.0,,,,,1.0,2.0,1.0,,,1.0,,,,,1.0,,,90.0,,,,,,,,,,,6.3,,,1.0,,,8.0,,4.0,,34.0,17.0,43.0,1,1.0,57.0,1.0,,,
2015-16,6768225,25,7,Aston_Villa,Home,49647,Ashley Westwood,ashley-westwood,M,False,,,2.0,26.0,9.0,35.0,1.0,,5.0,,,1.0,1.0,,,3.0,5.0,,,,,,,,,4.0,,,90.0,,1.0,,,,,,,,,6.5,,,,1.0,,1.0,,8.0,,36.0,11.0,46.0,1,,59.0,1.0,,,
2015-16,6768225,25,7,Aston_Villa,Home,74545,Leandro Bacuna,leandro-bacuna,M,False,1.0,,4.0,18.0,7.0,24.0,2.0,,4.0,,,,,,,1.0,7.0,3.0,,,3.0,,,,,2.0,1.0,,90.0,,,,,,,,,,,7.0,,,2.0,,3.0,4.0,,6.0,,24.0,7.0,27.0,2,1.0,45.0,2.0,,2.0,
2015-16,6768225,25,7,Aston_Villa,Home,106337,Idrissa Gana Gueye,idrissa-gana-gueye,M,False,,,2.0,31.0,19.0,50.0,1.0,,18.0,,,,2.0,,,1.0,6.0,9.0,,,,,,,,7.0,2.0,,90.0,,1.0,,,,,,,,,7.9,,,,2.0,4.0,,,3.0,,38.0,21.0,59.0,0,5.0,89.0,1.0,2.0,2.0,
2015-16,6768225,25,45,Norwich_City,Away,115346,Nathan Redmond,nathan-redmond,M,True,,,,9.0,2.0,11.0,,,1.0,,,1.0,,,,1.0,1.0,2.0,,,,,,,,,,,34.0,,,,,,,,,,,6.7,,,,,,2.0,,2.0,,15.0,2.0,15.0,1,2.0,23.0,,,,
2015-16,6768225,25,7,Aston_Villa,Home,151124,Jordan Veretout,jordan-veretout,M,False,,,2.0,20.0,3.0,23.0,1.0,,3.0,1.0,,,,,,1.0,3.0,4.0,,,,1.0,,,,2.0,2.0,,90.0,,,,,,,,,,,7.5,,,,1.0,2.0,,,4.0,1.0,29.0,5.0,34.0,0,1.0,47.0,1.0,2.0,1.0,
2015-16,6768225,25,7,Aston_Villa,Home,189061,Jack Grealish,jack-grealish,M,True,,,,,,,,,,,,,,,,,,,,,,,,,,,,,,,,,,,,,,,,,,,,,,,,,,,,,0,,,,,,
2015-16,6768225,25,7,Aston_Villa,Home,254895,Carles Gil,carles-gil,M,False,1.0,,,25.0,6.0,30.0,,,9.0,,,1.0,2.0,1.0,,2.0,8.0,3.0,,,,,,,,1.0,1.0,,90.0,,1.0,,,,,,,,,6.4,,,1.0,,5.0,6.0,,3.0,,34.0,7.0,35.0,2,1.0,59.0,1.0,1.0,1.0,
2015-16,6768225,25,45,Norwich_City,Away,267621,Robbie Brady,robbie-brady,M,False,3.0,,2.0,20.0,11.0,28.0,,1.0,9.0,,,,2.0,,,1.0,4.0,9.0,,,1.0,,,,,3.0,3.0,,90.0,1.0,,,,,,,,,,7.4,,,1.0,3.0,2.0,7.0,,7.0,,36.0,11.0,40.0,2,5.0,82.0,,1.0,2.0,
2015-16,6768225,25,7,Aston_Villa,Home,827284,Jordan Lyden,jordan-lyden,M,True,,,,,,,,,,,,,,,,,,,,,,,,,,,,,,,,,,,,,,,,,,,,,,,,,,,,,0,,,,,,
2015-16,6768227,25,8,Chelsea,Home,518,Cesc Fàbregas,cesc-fabregas,M,False,3.0,,4.0,41.0,19.0,57.0,1.0,1.0,6.0,1.0,,,3.0,,,3.0,7.0,6.0,,,,,,,,,2.0,,90.0,1.0,,,,,,,,,,7.5,,,,,1.0,3.0,,6.0,1.0,48.0,20.0,65.0,1,3.0,86.0,2.0,1.0,1.0,
2015-16,6768227,25,1,Manchester_United,Away,938,Michael Carrick,michael-carrick,M,False,,,5.0,26.0,24.0,50.0,,,4.0,,,,1.0,,,1.0,2.0,5.0,,,,,,,,3.0,,,90.0,1.0,,,,,,,,,,7.4,,,,3.0,1.0,1.0,,5.0,,38.0,24.0,61.0,1,3.0,78.0,,1.0,1.0,
2015-16,6768227,25,8,Chelsea,Home,7311,John Obi Mikel,john-obi-mikel,M,False,,,3.0,22.0,14.0,36.0,1.0,1.0,9.0,,,,,,,,2.0,4.0,,,1.0,,,,,3.0,,,90.0,,,,,,,,,,,7.0,,,,1.0,,1.0,,5.0,,27.0,15.0,41.0,0,2.0,51.0,1.0,1.0,,
2015-16,6768227,25,1,Manchester_United,Away,27009,Morgan Schneiderlin,morgan-schneiderlin,M,True,,,,,1.0,1.0,,,1.0,,,,,,,,2.0,1.0,,,2.0,,,,,1.0,,,11.0,,,,,,,,,,,6.5,,,,2.0,,,,1.0,,2.0,1.0,3.0,0,1.0,7.0,,,,
2015-16,6768227,25,1,Manchester_United,Away,28367,Juan Mata,juan-mata,M,False,,,,33.0,12.0,45.0,,,5.0,,,,3.0,,,2.0,6.0,3.0,,,1.0,,,,,,4.0,,89.0,,,,,,,,,,,6.5,,,,2.0,,,,,,36.0,12.0,48.0,0,1.0,56.0,,2.0,,
2015-16,6768227,25,8,Chelsea,Home,31417,Willian,willian,M,False,7.0,,4.0,34.0,13.0,40.0,,,8.0,1.0,,,,,,2.0,4.0,8.0,,,,,,,,,4.0,,90.0,,,,,,,,,,,7.9,,,,,7.0,17.0,,8.0,,56.0,17.0,56.0,0,2.0,88.0,2.0,1.0,5.0,
2015-16,6768227,25,8,Chelsea,Home,39400,Oscar,oscar,M,False,,,,12.0,2.0,14.0,2.0,1.0,2.0,,,1.0,4.0,,,1.0,9.0,4.0,,,1.0,,,,,,1.0,,55.0,,,,,,,,,,,6.3,,,1.0,2.0,1.0,1.0,,2.0,,16.0,4.0,19.0,2,2.0,33.0,1.0,1.0,,
2015-16,6768227,25,8,Chelsea,Home,44241,Nemanja Matić,nemanja-matic,M,False,,,1.0,13.0,5.0,18.0,4.0,1.0,3.0,,,1.0,,,,1.0,7.0,3.0,,,2.0,,,,,,,,67.0,1.0,,,,,,,,,,6.7,,,,1.0,2.0,2.0,,2.0,,19.0,7.0,24.0,2,,39.0,1.0,,2.0,
2015-16,6768227,25,1,Manchester_United,Away,82474,Ander Herrera,ander-herrera,M,True,,,,1.0,1.0,2.0,,,,,,,,,,,,,,,,,,,,,,,1.0,,,,,,,,,,,,,,,,,,,,,1.0,1.0,2.0,0,,2.0,,,,
2015-16,6768227,25,1,Manchester_United,Away,191176,Anthony Martial,anthony-martial,M,False,,,,25.0,6.0,31.0,1.0,1.0,2.0,,,,1.0,,,5.0,11.0,4.0,,,1.0,,,,,,1.0,,90.0,1.0,1.0,,,,,,,,,6.0,,,1.0,1.0,4.0,1.0,,,,32.0,6.0,37.0,2,1.0,58.0,,1.0,1.0,
2015-16,6768227,25,8,Chelsea,Home,284441,Ruben Loftus-Cheek,ruben-loftus-cheek,M,True,,,,,,,,,,,,,,,,,,,,,,,,,,,,,,,,,,,,,,,,,,,,,,,,,,,,,0,,,,,,
2015-16,6768227,25,1,Manchester_United,Away,285949,Andreas Pereira,andreas-pereira,M,True,,,,,,,,,,,,,,,,,,,,,,,,,,,,,,,,,,,,,,,,,,,,,,,,,,,,,0,,,,,,
2015-16,6768229,25,11,Everton,Away,544,Gareth Barry,gareth-barry,M,False,1.0,,2.0,12.0,17.0,28.0,,3.0,11.0,,,,4.0,,,,7.0,6.0,,,2.0,,,,,1.0,1.0,,90.0,,,,,,,,,,,6.7,,,,3.0,2.0,2.0,,5.0,,18.0,21.0,37.0,0,2.0,52.0,,,1.0,
2015-16,6768229,25,11,Everton,Away,1161,Leon Osman,leon-osman,M,True,,,,5.0,,5.0,,,,,,,,,,,,,,,,,,,,,,,1.0,,,,,,,,,,,,,,,,,,,,,5.0,,5.0,0,,5.0,,,,
2015-16,6768229,25,11,Everton,Away,1924,Steven Pienaar,steven-pienaar,M,True,,,,,,,,,,,,,,,,,,,,,,,,,,,,,,,,,,,,,,,,,,,,,,,,,,,,,0,,,,,,
2015-16,6768229,25,110,Stoke_City,Home,2525,Ibrahim Afellay,ibrahim-afellay,M,False,1.0,,4.0,41.0,16.0,56.0,1.0,1.0,3.0,,,1.0,1.0,,,,3.0,5.0,,,,,,,,1.0,1.0,,62.0,,,,,,,,,,,7.0,,,,,2.0,2.0,,5.0,,48.0,18.0,64.0,1,2.0,73.0,,1.0,1.0,
2015-16,6768229,25,11,Everton,Away,3593,Kevin Mirallas,kevin-mirallas,M,True,,,,2.0,,2.0,,,,,1.0,,,,,,,,,,,,,,,,,,3.0,,,,,,,,,,,,,,,,,,,,,2.0,,2.0,0,,4.0,2.0,,,
2015-16,6768229,25,110,Stoke_City,Home,9682,Stephen Ireland,stephen-ireland,M,True,,,2.0,14.0,5.0,19.0,,,5.0,,,,,,,,1.0,1.0,,,,,,,,,2.0,,28.0,,,,,,,,,,,6.9,,,1.0,,1.0,1.0,,3.0,,21.0,5.0,25.0,1,1.0,30.0,1.0,,,
2015-16,6768229,25,11,Everton,Away,9692,Aaron Lennon,aaron-lennon,M,False,,,,6.0,7.0,13.0,,,5.0,,,,1.0,,,,3.0,5.0,,,1.0,,1.0,,,1.0,1.0,,90.0,1.0,,,,,,,,,,7.6,,,,2.0,3.0,1.0,,1.0,1.0,11.0,7.0,17.0,1,2.0,34.0,1.0,1.0,2.0,
2015-16,6768229,25,110,Stoke_City,Home,10535,Glenn Whelan,glenn-whelan,M,False,,,3.0,50.0,24.0,74.0,1.0,1.0,9.0,,,,1.0,,,1.0,4.0,5.0,,,,,,,,1.0,,,90.0,,,,,,,,,,,6.8,,,,2.0,2.0,,,5.0,,57.0,26.0,83.0,0,3.0,94.0,1.0,,1.0,
2015-16,6768229,25,11,Everton,Away,39283,James McCarthy,james-mccarthy,M,False,,,2.0,4.0,16.0,20.0,,1.0,2.0,,,,2.0,,,,2.0,8.0,,,,,,,,1.0,,,89.0,,,,,,,,,,,7.3,,,1.0,1.0,,,,4.0,,13.0,18.0,31.0,1,6.0,46.0,,1.0,,
2015-16,6768229,25,11,Everton,Away,46432,Tom Cleverley,tom-cleverley,M,False,3.0,,2.0,19.0,16.0,32.0,1.0,,11.0,1.0,,,3.0,,,2.0,6.0,5.0,,,,1.0,,,,1.0,3.0,,90.0,,,,,,,,1.0,,,7.7,,,,1.0,,5.0,,6.0,,27.0,18.0,40.0,0,4.0,55.0,,1.0,,
2015-16,6768229,25,110,Stoke_City,Home,65953,Xherdan Shaqiri,xherdan-shaqiri,M,False,,,,11.0,4.0,15.0,1.0,,3.0,,,,,,,2.0,6.0,6.0,,,,,,,,1.0,1.0,,62.0,,,,,,,,,,,6.8,,,1.0,,6.0,6.0,,1.0,,25.0,4.0,23.0,1,1.0,45.0,3.0,2.0,3.0,
2015-16,6768229,25,110,Stoke_City,Home,96702,Giannelli Imbula,giannelli-imbula,M,False,,,1.0,74.0,20.0,94.0,1.0,,6.0,,,1.0,1.0,,,2.0,7.0,5.0,,,2.0,,,,,,,,90.0,,,,,,,,,,,6.6,,,1.0,,6.0,,,3.0,,79.0,20.0,99.0,2,,114.0,1.0,1.0,4.0,
2015-16,6768229,25,11,Everton,Away,98435,Ross Barkley,ross-barkley,M,False,1.0,,1.0,16.0,10.0,25.0,2.0,,5.0,2.0,1.0,3.0,,,,4.0,8.0,4.0,,,,,,,,,2.0,,87.0,,,,,,,,,,,7.0,,,1.0,,5.0,2.0,,1.0,,21.0,10.0,29.0,4,,50.0,2.0,1.0,3.0,
2015-16,6768230,25,21,West_Ham_United,Away,9741,Mark Noble,mark-noble,M,False,,,10.0,49.0,35.0,84.0,,,8.0,,,1.0,,,,,1.0,4.0,,,1.0,,,,,,3.0,,90.0,,,,,,,,,,,7.7,,,,,1.0,,,13.0,,55.0,35.0,90.0,1,2.0,96.0,,1.0,1.0,
2015-16,6768230,25,21,West_Ham_United,Away,12987,Alex Song,alex-song,M,False,,,5.0,52.0,20.0,72.0,,,4.0,,,1.0,1.0,,,2.0,5.0,6.0,,,1.0,,,,,1.0,2.0,,90.0,,,,,,,,,,,7.4,,,2.0,,2.0,1.0,,8.0,,58.0,22.0,79.0,3,4.0,97.0,2.0,1.0,1.0,
2015-16,6768230,25,21,West_Ham_United,Away,13175,Joey O'Brien,joey-obrien,M,True,,,,,,,,,,,,,,,,,,,,,,,,,,,,,,,,,,,,,,,,,,,,,,,,,,,,,0,,,,,,
2015-16,6768230,25,21,West_Ham_United,Away,14216,Dimitri Payet,dimitri-payet,M,False,5.0,,1.0,37.0,9.0,41.0,1.0,,3.0,,,,,,,,5.0,4.0,,,1.0,,,,,1.0,4.0,,90.0,,,,,,,,,,,7.1,,,,,3.0,12.0,,3.0,,52.0,10.0,50.0,0,1.0,77.0,4.0,3.0,,
2015-16,6768230,25,20,Southampton,Home,44760,Cédric Soares,cedric-soares,M,False,2.0,,,7.0,3.0,8.0,2.0,1.0,4.0,,,,,,,,2.0,4.0,,,,,,,,2.0,1.0,,90.0,1.0,,,,,,,,,,7.5,,,,9.0,1.0,2.0,,1.0,,11.0,4.0,13.0,1,2.0,41.0,3.0,,1.0,
2015-16,6768230,25,20,Southampton,Home,45956,Victor Wanyama,victor-wanyama,M,False,,,1.0,8.0,14.0,22.0,,,2.0,1.0,,,1.0,,,1.0,7.0,3.0,,,5.0,1.0,,,,,1.0,,54.0,,,,,,,,,,,6.4,,,,1.0,,,,1.0,,9.0,14.0,23.0,0,3.0,30.0,1.0,,,
2015-16,6768230,25,21,West_Ham_United,Away,46799,Pedro Obiang,pedro-obiang,M,True,,,,,,,,,,,,,,,,,,,,,,,,,,,,,,,,,,,,,,,,,,,,,,,,,,,,,0,,,,,,
2015-16,6768230,25,20,Southampton,Home,69416,Oriol Romeu,oriol-romeu,M,True,,,1.0,2.0,5.0,7.0,,,4.0,,,,1.0,,,,2.0,3.0,,,1.0,,,,,1.0,2.0,,34.0,,1.0,,,,,,,,,7.0,,,,1.0,,,,1.0,,3.0,5.0,8.0,0,2.0,14.0,,1.0,,
2015-16,6768230,25,20,Southampton,Home,116946,Jordy Clasie,jordy-clasie,M,False,1.0,,,9.0,16.0,24.0,,1.0,6.0,,,1.0,3.0,,,,3.0,2.0,,,,,,,,2.0,,,89.0,,3.0,,,,,,,,,6.4,,,,,,5.0,,1.0,,17.0,17.0,29.0,1,,42.0,,1.0,,
2015-16,6768230,25,20,Southampton,Home,161717,James Ward-Prowse,james-ward-prowse,M,True,,,,,,,,,,,,,,,,,,,,,,,,,,,,,1.0,,,,,,,,,,,,,,,1.0,,,,,,,,,0,,1.0,,,,
2015-16,6768230,25,20,Southampton,Home,217704,Sadio Mané,sadio-mane,M,False,,,,13.0,5.0,18.0,1.0,,4.0,,,,,,,3.0,4.0,3.0,,,,,,,,,,,56.0,,,,,,,,,,,6.6,,,,,,,,,,19.0,6.0,25.0,0,2.0,36.0,3.0,1.0,,
2015-16,6768231,25,57,Watford,Away,642,Ben Watson,ben-watson,M,False,,,3.0,10.0,15.0,25.0,,1.0,3.0,,,,4.0,,,1.0,5.0,2.0,,,,,,,,3.0,,,90.0,,,,,,,,,,,6.3,,,,2.0,,4.0,,7.0,,19.0,17.0,32.0,0,1.0,47.0,2.0,,,
2015-16,6768231,25,57,Watford,Away,4366,Almen Abdi,almen-abdi,M,False,,,,4.0,8.0,12.0,1.0,,2.0,,,,3.0,,,,5.0,6.0,,,1.0,,,,,1.0,,,45.0,,,,,,,,,,,6.9,,,1.0,,,,,,,4.0,9.0,13.0,1,5.0,25.0,3.0,1.0,,
2015-16,6768231,25,6,Tottenham_Hotspur,Home,9865,Mousa Dembélé,mousa-dembele,M,False,,,1.0,28.0,25.0,53.0,2.0,1.0,8.0,,,1.0,,,,2.0,7.0,10.0,,,3.0,,,,,,,,90.0,,,,,,,,,,,7.2,,,1.0,,5.0,,,4.0,,33.0,28.0,61.0,2,2.0,78.0,1.0,3.0,4.0,
2015-16,6768231,25,57,Watford,Away,11654,Valon Behrami,valon-behrami,M,True,,,,1.0,1.0,2.0,,,3.0,,,,2.0,,,1.0,3.0,3.0,,,,,,,,1.0,,,45.0,,1.0,,,,,,,,,6.4,,,,1.0,,,,3.0,,4.0,4.0,8.0,0,2.0,17.0,,1.0,,
2015-16,6768231,25,57,Watford,Away,13990,José Jurado,jose-jurado,M,False,,,1.0,11.0,10.0,21.0,,,4.0,,,,1.0,,,3.0,5.0,8.0,,,1.0,,,,,,,,90.0,,,,,,,,,,,6.8,,,,3.0,4.0,1.0,,1.0,,16.0,11.0,26.0,0,2.0,44.0,2.0,2.0,4.0,
2015-16,6768231,25,57,Watford,Away,16701,Étienne Capoue,etienne-capoue,M,False,1.0,,4.0,24.0,2.0,25.0,2.0,2.0,5.0,,,,1.0,,,1.0,9.0,8.0,,1.0,2.0,,,,,1.0,1.0,,90.0,,1.0,,,,,,,,,6.6,,,,1.0,6.0,1.0,,6.0,,31.0,3.0,33.0,0,3.0,56.0,3.0,,3.0,
2015-16,6768231,25,57,Watford,Away,20364,Ikechi Anya,ikechi-anya,M,True,,,,,,,,,,,,,,,,,,,,,,,,,,,,,,,,,,,,,,,,,,,,,,,,,,,,,0,,,,,,
2015-16,6768231,25,57,Watford,Away,27714,Nordin Amrabat,nordin-amrabat,M,True,,,,,,,,,,,,,,,,,,,,,,,,,,,,,,,,,,,,,,,,,,,,,,,,,,,,,0,,,,,,
2015-16,6768231,25,6,Tottenham_Hotspur,Home,32492,Nacer Chadli,nacer-chadli,M,False,,,,12.0,6.0,18.0,1.0,,3.0,,,1.0,1.0,,,,4.0,1.0,,,1.0,,,,,2.0,2.0,,61.0,,,,,,,,,,,6.8,,,1.0,2.0,1.0,1.0,,,1.0,16.0,7.0,22.0,2,1.0,34.0,2.0,,,
2015-16,6768231,25,6,Tottenham_Hotspur,Home,44567,Ryan Mason,ryan-mason,M,True,,,,,,,,,,,,,,,,,,,,,,,,,,,,,,,,,,,,,,,,,,,,,,,,,,,,,0,,,,,,
2015-16,6768231,25,6,Tottenham_Hotspur,Home,105734,Christian Eriksen,christian-eriksen,M,False,2.0,,4.0,44.0,14.0,56.0,,,3.0,,,3.0,,,,3.0,3.0,2.0,,,,,,,,3.0,8.0,,89.0,1.0,,,,,,,,,,8.1,,,,,2.0,10.0,,6.0,,57.0,17.0,64.0,4,,95.0,3.0,,2.0,
2015-16,6768231,25,6,Tottenham_Hotspur,Home,122702,Erik Lamela,erik-lamela,M,False,3.0,,,20.0,7.0,24.0,,,3.0,,,1.0,3.0,,,,7.0,3.0,,,2.0,,,,,,1.0,,72.0,2.0,,,,,,,,,,6.9,,,2.0,,5.0,11.0,,,,34.0,7.0,30.0,5,,60.0,3.0,,3.0,
2015-16,6768231,25,6,Tottenham_Hotspur,Home,198028,Dele Alli,dele-alli,M,True,1.0,,,8.0,,7.0,,,1.0,1.0,,,,,,2.0,4.0,4.0,,,2.0,1.0,,,,,3.0,,29.0,,,,,,,,,,,7.5,,,,,1.0,1.0,,1.0,,11.0,,10.0,0,3.0,22.0,1.0,,1.0,
2015-16,6768231,25,6,Tottenham_Hotspur,Home,801460,Tom Carroll,carroll-tom,M,True,,,,,,,,,,,,,,,,,1.0,1.0,,,1.0,,,,,,,,1.0,,,,,,,,,,,,,,,,,,,,,,,,0,1.0,1.0,,,,
2015-16,6768232,25,14,Liverpool,Home,791,James Milner,james-milner,M,False,4.0,,2.0,37.0,18.0,51.0,,,8.0,1.0,,,1.0,,,3.0,5.0,1.0,,,,1.0,,,,1.0,2.0,,90.0,,,,,,,,,,,7.0,,,,2.0,1.0,11.0,,4.0,,59.0,18.0,66.0,0,1.0,99.0,2.0,,,
2015-16,6768232,25,56,Sunderland,Away,14210,Lee Cattermole,lee-cattermole,M,False,,,,6.0,10.0,16.0,1.0,2.0,8.0,,,,1.0,,,1.0,3.0,5.0,,,1.0,,,,,1.0,,,90.0,,,,,,,,,,,6.6,,,,1.0,,,,2.0,,11.0,15.0,26.0,0,3.0,33.0,,,,
2015-16,6768232,25,14,Liverpool,Home,17054,Adam Lallana,adam-lallana,M,False,2.0,,3.0,26.0,11.0,35.0,2.0,,4.0,,,,,,,3.0,5.0,2.0,,,,,1.0,,,1.0,3.0,,90.0,2.0,,,,,,,,,,7.5,,,1.0,,,4.0,,3.0,1.0,37.0,11.0,44.0,3,1.0,62.0,1.0,1.0,,
2015-16,6768232,25,14,Liverpool,Home,20602,Joe Allen,joe-allen,M,False,,,2.0,15.0,5.0,20.0,,,4.0,,,,,,,,,2.0,,,,,,,,,,,45.0,,,,,,,,,,,6.9,,,,,,,,2.0,,19.0,5.0,24.0,0,1.0,28.0,2.0,1.0,,
2015-16,6768232,25,14,Liverpool,Home,27234,Lucas Leiva,lucas-leiva,M,True,,,,2.0,1.0,3.0,,,,,,,,,,,,2.0,,,,,,,,1.0,,,4.0,,,,,,,,,,,6.7,,,,,1.0,,,1.0,,4.0,1.0,5.0,0,,8.0,,1.0,1.0,
2015-16,6768232,25,56,Sunderland,Away,32045,Yann M'Vila,yann-mvila,M,False,,,2.0,13.0,7.0,20.0,1.0,1.0,4.0,,,,6.0,,,1.0,8.0,6.0,,,,,,,,3.0,,,90.0,,1.0,,,,,,,,,6.3,,,,3.0,1.0,,,6.0,,19.0,8.0,27.0,0,2.0,42.0,1.0,2.0,1.0,
2015-16,6768232,25,14,Liverpool,Home,42694,Jordan Henderson,jordan-henderson,M,False,,,6.0,46.0,20.0,66.0,,,2.0,,,2.0,,,,,1.0,1.0,,,1.0,,,,,,1.0,,86.0,,,,,,,,,,,7.2,,,1.0,,,2.0,,13.0,,58.0,20.0,76.0,3,1.0,88.0,2.0,,,
2015-16,6768232,25,56,Sunderland,Away,43473,Jan Kirchhoff,jan-kirchhoff,M,False,,,2.0,7.0,8.0,15.0,2.0,2.0,3.0,,,,2.0,,,1.0,8.0,4.0,,,3.0,,,,,2.0,1.0,,66.0,,1.0,,,,,,,,,6.6,,,,7.0,,,,4.0,,11.0,9.0,20.0,0,2.0,36.0,1.0,,,
2015-16,6768232,25,14,Liverpool,Home,143697,Roberto Firmino,roberto-firmino,M,False,,,1.0,41.0,6.0,47.0,7.0,,4.0,1.0,,1.0,,,,1.0,8.0,5.0,,,,1.0,1.0,,,1.0,3.0,,90.0,1.0,,,,,,,,,,8.9,,,3.0,,2.0,4.0,,2.0,2.0,55.0,6.0,57.0,5,2.0,78.0,2.0,1.0,2.0,
2015-16,6768232,25,14,Liverpool,Home,185955,Jordon Ibe,jordon-ibe,M,True,,,,18.0,4.0,22.0,,,2.0,,,1.0,,,,2.0,4.0,10.0,,,,,,,,1.0,,,45.0,1.0,,,,,,,,,,7.6,,,1.0,,12.0,1.0,,,,21.0,4.0,24.0,3,,46.0,1.0,,10.0,
2015-16,6768232,25,56,Sunderland,Away,240256,Duncan Watmore,duncan-watmore,M,False,,,,,,,1.0,,,,,,,,,2.0,4.0,,,,1.0,,,,,,,,26.0,,,,,,,,,,,6.1,,,,,,,,,,,,,0,,2.0,,,,
2015-16,6768233,25,43,Manchester_City,Home,11781,David Silva,david-silva,M,False,3.0,,5.0,45.0,12.0,54.0,,,3.0,1.0,,,,,,2.0,3.0,3.0,,,,,,,,1.0,4.0,,77.0,,,,,,,,,,,7.2,,,1.0,,3.0,11.0,,5.0,,57.0,14.0,60.0,1,,82.0,1.0,1.0,2.0,
2015-16,6768233,25,43,Manchester_City,Home,13630,Fernandinho,fernandinho,M,False,,,4.0,35.0,10.0,45.0,4.0,4.0,2.0,,,1.0,3.0,,,,7.0,9.0,,,,,,,,1.0,1.0,,90.0,,,,,,,,,,,7.1,,,3.0,3.0,,2.0,,5.0,,42.0,14.0,54.0,4,4.0,73.0,1.0,1.0,,
2015-16,6768233,25,13,Leicester_City,Away,14231,Nathan Dyer,nathan-dyer,M,True,,,,1.0,2.0,3.0,,,1.0,,,,,,,,2.0,,,,2.0,,,,,,,,4.0,,,,,,,,,,,6.2,,,,,,,,,,1.0,2.0,3.0,0,,3.0,,,,
2015-16,6768233,25,43,Manchester_City,Home,14468,Yaya Touré,yaya-toure,M,False,,,1.0,33.0,8.0,41.0,1.0,1.0,2.0,,,1.0,3.0,,,1.0,6.0,2.0,,,1.0,,,,,,1.0,,52.0,,,,,,,,,,,6.3,,,1.0,,1.0,,,1.0,,38.0,8.0,46.0,2,,51.0,1.0,,1.0,
2015-16,6768233,25,43,Manchester_City,Home,24048,Fabian Delph,fabian-delph,M,False,,,1.0,27.0,5.0,32.0,1.0,,4.0,,,,1.0,,,1.0,4.0,3.0,,,,,,,,1.0,,,52.0,,,,,,,,,,,6.5,,,,1.0,3.0,1.0,,4.0,,36.0,8.0,43.0,0,1.0,52.0,,,2.0,
2015-16,6768233,25,13,Leicester_City,Away,30530,Andy King,andy-king,M,True,,,,,,,,,,,,,,,,,,,,,,,,,,,,,,,,,,,,,,,,,,,,,,,,,,,,,0,,,,,,
2015-16,6768233,25,43,Manchester_City,Home,41837,Fernando,fernando-reges,M,True,,,2.0,14.0,6.0,20.0,,1.0,2.0,,1.0,,,,,,2.0,1.0,,,2.0,,,,,,,,38.0,1.0,,,,,,,,,,6.4,,,,1.0,,,,2.0,,14.0,7.0,21.0,1,,23.0,,,,
2015-16,6768233,25,13,Leicester_City,Away,47737,Marc Albrighton,marc-albrighton,M,False,1.0,,,15.0,5.0,19.0,,1.0,7.0,1.0,,,2.0,,,,3.0,4.0,,,,,,,,1.0,3.0,,86.0,1.0,,,,,,,,,,7.3,,,,2.0,1.0,6.0,,4.0,,34.0,7.0,35.0,1,2.0,54.0,2.0,1.0,,
2015-16,6768233,25,13,Leicester_City,Away,54330,Danny Drinkwater,danny-drinkwater,M,False,,,3.0,21.0,10.0,31.0,,1.0,8.0,1.0,,,,,,1.0,3.0,5.0,,,1.0,,,,,1.0,2.0,,90.0,,,,,,,,,,,7.4,,,1.0,2.0,2.0,1.0,,8.0,,31.0,13.0,43.0,1,3.0,55.0,,,1.0,
2015-16,6768233,25,13,Leicester_City,Away,158213,Riyad Mahrez,riyad-mahrez,M,False,1.0,,1.0,7.0,1.0,7.0,1.0,1.0,4.0,1.0,,,5.0,,,,9.0,7.0,,,1.0,1.0,1.0,,,,1.0,,77.0,1.0,,,,,,,,,,7.9,,,,,7.0,2.0,,2.0,,15.0,2.0,15.0,1,,32.0,2.0,1.0,5.0,
2015-16,6768233,25,13,Leicester_City,Away,234148,N'Golo Kanté,n-golo-kante,M,False,,,1.0,23.0,9.0,32.0,4.0,1.0,6.0,,,,2.0,,,1.0,9.0,12.0,,1.0,,1.0,,,,5.0,1.0,,90.0,,,,,,,,,,,7.6,,,,4.0,6.0,,,2.0,,23.0,11.0,34.0,0,7.0,66.0,2.0,,4.0,
2015-16,6768233,25,43,Manchester_City,Home,281013,Bersant Celina,bersant-celina,M,True,2.0,,,8.0,6.0,12.0,,,,1.0,,,,,,,,1.0,,1.0,,1.0,,,,,2.0,,13.0,,,,,,,,,,,7.2,,,,,,4.0,,,,10.0,6.0,12.0,0,1.0,17.0,,,,
2015-16,6768233,25,13,Leicester_City,Away,355152,Demarai Gray,demarai-gray,M,True,,,,5.0,3.0,8.0,,,,,,,,,,,3.0,,,,,,,,,1.0,,,13.0,,,,,,,,,,,6.1,,,,,3.0,,,,,6.0,3.0,9.0,0,,15.0,,,,
2015-16,6768233,25,43,Manchester_City,Home,796047,Aleix García,aleix-garcia,M,True,,,,,,,,,,,,,,,,,,,,,,,,,,,,,,,,,,,,,,,,,,,,,,,,,,,,,0,,,,,,
2015-16,6768236,25,35,West_Bromwich_Albion,Away,765,Darren Fletcher,darren-fletcher,M,False,,,1.0,11.0,12.0,23.0,1.0,1.0,8.0,,,1.0,1.0,,,,2.0,1.0,,,,,,,,1.0,1.0,,90.0,,,,,,,,,,,6.6,,,,3.0,,1.0,,4.0,,21.0,14.0,34.0,1,,44.0,3.0,,,
2015-16,6768236,25,4,Newcastle_United,Home,10438,Cheik Tiote,cheik-tiote,M,False,,,3.0,25.0,41.0,66.0,1.0,4.0,8.0,,,1.0,1.0,,,,2.0,11.0,,,,,,,,4.0,1.0,,90.0,,,,,,,,,,,7.8,,,,,1.0,,,6.0,,31.0,46.0,77.0,1,4.0,93.0,1.0,2.0,1.0,
2015-16,6768236,25,35,West_Bromwich_Albion,Away,14235,Craig Gardner,craig-gardner,M,False,,,,5.0,1.0,6.0,2.0,,4.0,,,1.0,1.0,,,1.0,7.0,4.0,,,3.0,,,,,1.0,1.0,,45.0,,,,,,,,,,,6.5,,,,1.0,1.0,,,,,7.0,1.0,8.0,1,1.0,21.0,2.0,3.0,,
2015-16,6768236,25,35,West_Bromwich_Albion,Away,16657,Stéphane Sessègnon,stephane-sessegnon,M,True,,,,,,,,,,,,,,,,,,,,,,,,,,,,,,,,,,,,,,,,,,,,,,,,,,,,,0,,,,,,
2015-16,6768236,25,4,Newcastle_United,Home,22126,Georginio Wijnaldum,georginio-wijnaldum,M,False,,,,19.0,14.0,33.0,2.0,2.0,3.0,1.0,1.0,,,,,1.0,3.0,5.0,,,,,,,,1.0,2.0,,90.0,1.0,1.0,,,,,,,,,7.0,,,1.0,1.0,,,,1.0,,27.0,14.0,41.0,2,1.0,57.0,5.0,2.0,,
2015-16,6768236,25,4,Newcastle_United,Home,26895,Henri Saivet,henri-saivet,M,True,,,,1.0,1.0,2.0,,,1.0,,,,,,,,,1.0,,,,,,,,,,,1.0,,,,,,,,,,,,,,,,,,,,,1.0,1.0,2.0,0,1.0,3.0,,,,
2015-16,6768236,25,4,Newcastle_United,Home,27014,Moussa Sissoko,moussa-sissoko,M,False,2.0,,,29.0,8.0,35.0,3.0,3.0,3.0,,1.0,1.0,,,,1.0,4.0,6.0,,,1.0,,,,,,,,90.0,1.0,,,,,,,,,,6.9,,,2.0,,2.0,8.0,,1.0,,41.0,8.0,41.0,4,,58.0,1.0,1.0,2.0,
2015-16,6768236,25,4,Newcastle_United,Home,36465,Jonjo Shelvey,jonjo-shelvey,M,False,,,14.0,34.0,25.0,59.0,,,8.0,1.0,,2.0,,,,,2.0,,,,2.0,1.0,,,,3.0,3.0,,89.0,1.0,,,,,,,,,,8.4,,,1.0,,,3.0,,17.0,,42.0,26.0,65.0,4,,76.0,1.0,,,
2015-16,6768236,25,35,West_Bromwich_Albion,Away,41631,James McClean,james-mcclean,M,False,1.0,,1.0,3.0,9.0,11.0,4.0,1.0,6.0,,,1.0,5.0,,,2.0,12.0,6.0,,,,,,,,1.0,,,90.0,,,,,,,,,,,5.9,,,,1.0,1.0,6.0,,4.0,,11.0,11.0,16.0,1,2.0,39.0,1.0,3.0,,
2015-16,6768236,25,35,West_Bromwich_Albion,Away,43301,Sandro,sandro,M,False,,,,1.0,2.0,3.0,,1.0,1.0,,,,,,,,,2.0,,,,,,,,1.0,,,45.0,,,,,,,,,,,6.6,,,,1.0,,,,1.0,,3.0,2.0,5.0,0,1.0,8.0,,,,
2015-16,6768236,25,35,West_Bromwich_Albion,Away,151037,Claudio Yacob,claudio-yacob,M,False,,,3.0,7.0,9.0,16.0,1.0,,6.0,,,,1.0,,,1.0,6.0,3.0,,,3.0,,,,,7.0,,,90.0,,,,,,,,,,,7.2,,,,4.0,,,,5.0,,14.0,12.0,26.0,0,3.0,47.0,2.0,,,
2015-16,6768236,25,35,West_Bromwich_Albion,Away,180009,Alex Pritchard,alex-pritchard,M,True,,,,7.0,4.0,11.0,,,4.0,,,,1.0,,,1.0,4.0,4.0,,,1.0,,,,,,,,45.0,,,,,,,,,,,6.7,,,2.0,,2.0,3.0,,,,11.0,4.0,12.0,2,3.0,24.0,,,1.0,
2015-16,6768236,25,4,Newcastle_United,Home,817564,Daniel Barlaser,daniel-barlaser,M,True,,,,,,,,,,,,,,,,,,,,,,,,,,,,,,,,,,,,,,,,,,,,,,,,,,,,,0,,,,,,
2015-16,6768247,25,31,Crystal_Palace,Away,3574,Yohan Cabaye,yohan-cabaye,M,False,2.0,,,12.0,19.0,29.0,,,8.0,,,1.0,1.0,,,4.0,6.0,5.0,,1.0,1.0,,,,,6.0,2.0,,72.0,,,,,,,,,,,7.4,,,2.0,3.0,1.0,3.0,,2.0,,18.0,21.0,36.0,3,4.0,61.0,,,1.0,
2015-16,6768247,25,80,Swansea_City,Home,20538,Leon Britton,leon-britton,M,False,,,,30.0,18.0,48.0,1.0,,6.0,,,,1.0,,,2.0,6.0,4.0,,,1.0,,,,,3.0,1.0,,90.0,,,,,,,,,,,6.7,,,,2.0,3.0,1.0,,3.0,,38.0,18.0,55.0,0,1.0,69.0,,1.0,2.0,
2015-16,6768247,25,80,Swansea_City,Home,20993,Jack Cork,jack-cork,M,False,1.0,,4.0,33.0,17.0,49.0,2.0,1.0,10.0,,,,2.0,,,2.0,6.0,4.0,,,,,,,,5.0,1.0,,90.0,,,,,,,,,,,6.9,,,,,1.0,3.0,,6.0,,45.0,20.0,62.0,0,2.0,77.0,,1.0,1.0,
2015-16,6768247,25,80,Swansea_City,Home,30243,Neil Taylor,neil-taylor,M,False,1.0,,3.0,19.0,10.0,28.0,,1.0,5.0,,,,2.0,,,2.0,5.0,3.0,,,1.0,,,,,,,,90.0,,,,,,,,,,,6.3,,,,2.0,,3.0,,5.0,,29.0,12.0,38.0,0,2.0,69.0,,,,
2015-16,6768247,25,80,Swansea_City,Home,31821,Leroy Fer,leroy-fer,M,True,,,,,,,,,,,,,,,,,,,,,,,,,,,,,,,,,,,,,,,,,,,,,,,,,,,,,0,,,,,,
2015-16,6768247,25,31,Crystal_Palace,Away,38130,Jordon Mutch,jordon-mutch,M,False,,,2.0,18.0,11.0,29.0,1.0,1.0,3.0,,,1.0,2.0,,,1.0,4.0,7.0,,,,,,,,1.0,,,90.0,,,,,,,,,,,7.0,,,,1.0,3.0,3.0,,4.0,,28.0,11.0,36.0,1,1.0,54.0,,2.0,3.0,
2015-16,6768247,25,31,Crystal_Palace,Away,38639,Chung-yong Lee,chung-yong-lee,M,False,1.0,,,6.0,4.0,9.0,1.0,1.0,,,,,,,,1.0,2.0,2.0,,,,,,,,,,,45.0,,,,,,,,,,,6.6,,,1.0,,,2.0,,,,8.0,4.0,10.0,1,1.0,16.0,,,,
2015-16,6768247,25,80,Swansea_City,Home,43192,Gylfi Sigurðsson,gylfi-sigursson,M,False,4.0,,1.0,29.0,7.0,32.0,1.0,,3.0,,,1.0,2.0,,,,5.0,7.0,,,1.0,,1.0,,,,4.0,,90.0,2.0,,,,,,,,,,8.3,,,1.0,,1.0,10.0,,1.0,,40.0,9.0,39.0,4,5.0,65.0,2.0,2.0,,
2015-16,6768247,25,80,Swansea_City,Home,54686,Jefferson Montero,jefferson-montero,M,True,,,,,,,,,,,,,,,,,,,,,,,,,,,,,,,,,,,,,,,,,,,,,,,,,,,,,0,,,,,,
2015-16,6768247,25,31,Crystal_Palace,Away,84686,Pape Souaré,pape-souare,M,False,1.0,,2.0,11.0,16.0,26.0,2.0,2.0,9.0,,,,1.0,,,,3.0,6.0,,,,,,,,5.0,1.0,,90.0,,3.0,,,,,,,,,7.2,,,,3.0,,4.0,,10.0,,20.0,19.0,35.0,0,3.0,63.0,3.0,1.0,,
2015-16,6768247,25,31,Crystal_Palace,Away,111850,Wilfried Zaha,wilfried-zaha,M,False,1.0,,1.0,12.0,7.0,18.0,1.0,,12.0,,,,1.0,,,6.0,14.0,11.0,,,1.0,,,,,1.0,4.0,,90.0,,,,,,,,,,,6.4,,,,,11.0,6.0,,1.0,,19.0,7.0,20.0,0,3.0,58.0,2.0,2.0,6.0,
2015-16,6768247,25,80,Swansea_City,Home,209098,Modou Barrow,modou-barrow,M,True,,,,5.0,1.0,6.0,2.0,,1.0,,,1.0,1.0,,,,5.0,5.0,,,1.0,,,,,,,,29.0,,,,,,,,,,,7.0,,,1.0,,3.0,2.0,,,,9.0,1.0,8.0,2,2.0,21.0,,1.0,2.0,
2015-16,6768247,25,31,Crystal_Palace,Away,307652,Hiram Boateng,hiram-boateng,M,True,,,,,3.0,3.0,,,3.0,,,1.0,,,,1.0,4.0,,,,2.0,,,,,,,,18.0,,,,,,,,,,,6.2,,,,,1.0,,,1.0,,1.0,3.0,4.0,1,,9.0,1.0,,,
2015-16,6768234,26,7,Aston_Villa,Home,764,Kieran Richardson,kieran-richardson,M,True,,,,,,,,,,,,,,,,,,,,,,,,,,,,,,,,,,,,,,,,,,,,,,,,,,,,,0,,,,,,
2015-16,6768234,26,14,Liverpool,Away,791,James Milner,james-milner,M,False,2.0,,1.0,23.0,13.0,34.0,,,2.0,,,,,,,1.0,2.0,1.0,,,1.0,,1.0,,,2.0,1.0,,90.0,1.0,,,,,,,,,,7.4,,,,,,5.0,,3.0,,33.0,13.0,41.0,1,1.0,54.0,1.0,,,
2015-16,6768234,26,7,Aston_Villa,Home,24055,Scott Sinclair,scott-sinclair,M,True,1.0,,,8.0,,7.0,1.0,,,,,,,,,,2.0,,,,,,,,1.0,,,,32.0,,,,,,,,,,,6.2,,,1.0,,1.0,1.0,,,,9.0,,8.0,1,,14.0,2.0,,,
2015-16,6768234,26,14,Liverpool,Away,42694,Jordan Henderson,jordan-henderson,M,False,1.0,,6.0,34.0,30.0,63.0,1.0,2.0,6.0,,,1.0,2.0,,,,4.0,9.0,,,1.0,1.0,,,,1.0,1.0,,90.0,,,,,,,,,,,7.8,,,,1.0,1.0,4.0,,10.0,,47.0,32.0,75.0,1,6.0,93.0,2.0,,1.0,
2015-16,6768234,26,7,Aston_Villa,Home,49647,Ashley Westwood,ashley-westwood,M,False,,,6.0,35.0,19.0,54.0,,,3.0,,,1.0,1.0,,,,4.0,3.0,,,3.0,,,,,5.0,1.0,,90.0,,,,,,,,,,,6.9,,,1.0,2.0,,,,7.0,,39.0,20.0,59.0,2,3.0,72.0,,,,
2015-16,6768234,26,7,Aston_Villa,Home,74545,Leandro Bacuna,leandro-bacuna,M,False,,,,13.0,10.0,23.0,,1.0,5.0,,,,,,,2.0,7.0,1.0,1.0,,2.0,,,,,1.0,,,66.0,1.0,,,,,,,,,,5.1,,,1.0,,3.0,4.0,,,,18.0,11.0,25.0,2,,42.0,1.0,,,
2015-16,6768234,26,7,Aston_Villa,Home,106337,Idrissa Gana Gueye,idrissa-gana-gueye,M,False,,,2.0,22.0,23.0,45.0,,,13.0,,,,1.0,,,,5.0,15.0,,,,,,,,10.0,,,90.0,,,,,,,,,,,7.8,,,,2.0,9.0,,,3.0,,27.0,29.0,56.0,0,7.0,87.0,,3.0,5.0,
2015-16,6768234,26,14,Liverpool,Away,119159,Philippe Coutinho,philippe-coutinho,M,False,1.0,,3.0,29.0,9.0,37.0,,,9.0,2.0,,,2.0,,,1.0,3.0,7.0,,,,2.0,,,,,2.0,,66.0,,,,,,,,,,,8.7,,,1.0,1.0,1.0,1.0,,3.0,,40.0,10.0,49.0,1,3.0,62.0,2.0,3.0,1.0,
2015-16,6768234,26,14,Liverpool,Away,143697,Roberto Firmino,roberto-firmino,M,False,,,,27.0,14.0,41.0,,,3.0,,,,1.0,,,3.0,6.0,8.0,,,,1.0,,,,,3.0,,74.0,,,,,,,,,,,7.4,,,,1.0,6.0,2.0,,,,40.0,14.0,52.0,0,3.0,76.0,3.0,1.0,4.0,
2015-16,6768234,26,7,Aston_Villa,Home,151124,Jordan Veretout,jordan-veretout,M,False,,,,26.0,12.0,38.0,1.0,,6.0,,,,1.0,,,1.0,4.0,4.0,,,1.0,,,,,3.0,,,90.0,,,,,,,,,,,6.2,,,,,,2.0,,1.0,,33.0,14.0,45.0,0,2.0,58.0,1.0,2.0,,
2015-16,6768234,26,14,Liverpool,Away,180011,Kevin Stewart,kevin-stewart,M,True,,,1.0,10.0,11.0,21.0,,,4.0,,,,,,,,1.0,2.0,,,1.0,,,,,2.0,,,24.0,,,,,,,,,,,6.8,,,,,,,,2.0,,11.0,12.0,23.0,0,,28.0,,2.0,,
2015-16,6768234,26,14,Liverpool,Away,185955,Jordon Ibe,jordon-ibe,M,True,,,,,,,,,,,,,,,,,,,,,,,,,,,,,,,,,,,,,,,,,,,,,,,,,,,,,0,,,,,,
2015-16,6768234,26,7,Aston_Villa,Home,254895,Carles Gil,carles-gil,M,False,1.0,,,26.0,16.0,41.0,,,5.0,,,,5.0,,,2.0,9.0,5.0,,,,,,,,2.0,1.0,,90.0,,,,,,,,,,,6.4,,,,,6.0,3.0,,,,30.0,19.0,46.0,0,1.0,65.0,3.0,,4.0,
2015-16,6768234,26,7,Aston_Villa,Home,827284,Jordan Lyden,jordan-lyden,M,True,,,,6.0,1.0,7.0,1.0,,1.0,,,,,,,1.0,3.0,,,,,,,,,1.0,1.0,,24.0,,,,,,,,,,,6.3,,,1.0,,1.0,,,1.0,,8.0,1.0,9.0,1,,15.0,1.0,,,
2015-16,6768235,26,3,Arsenal,Home,519,Mathieu Flamini,mathieu-flamini,M,True,,,,,,,,,,,,,,,,,,,,,,,,,,,,,,,,,,,,,,,,,,,,,,,,,,,,,0,,,,,,
2015-16,6768235,26,3,Arsenal,Home,10501,Theo Walcott,theo-walcott,M,True,1.0,,,12.0,1.0,12.0,1.0,,,,,,,,,,1.0,1.0,,,,,1.0,,,,1.0,,29.0,1.0,,,,,,,,,,7.4,,,1.0,,1.0,4.0,,,,16.0,1.0,13.0,2,,20.0,,,1.0,
2015-16,6768235,26,3,Arsenal,Home,10577,Alex Oxlade-Chamberlain,alex-oxlade-chamberlain,M,False,4.0,,3.0,32.0,7.0,35.0,,1.0,3.0,,,,1.0,,,2.0,4.0,8.0,,,1.0,,,,,,3.0,,83.0,,,,,,,,,,,7.3,,,,,5.0,10.0,,3.0,1.0,50.0,7.0,47.0,0,2.0,70.0,2.0,,5.0,
2015-16,6768235,26,13,Leicester_City,Away,14231,Nathan Dyer,nathan-dyer,M,True,,,,,,,,,,,,,,,,,,,,,,,,,,,,,,,,,,,,,,,,,,,,,,,,,,,,,0,,,,,,
2015-16,6768235,26,3,Arsenal,Home,16176,Mesut Özil,mesut-ozil,M,False,6.0,,2.0,61.0,9.0,64.0,1.0,1.0,6.0,1.0,,1.0,2.0,,,2.0,8.0,6.0,,,,1.0,,,,3.0,6.0,,90.0,,,,,,,,,,,8.2,,,,,6.0,12.0,,2.0,2.0,71.0,12.0,71.0,1,,107.0,3.0,2.0,3.0,
2015-16,6768235,26,3,Arsenal,Home,23571,Aaron Ramsey,aaron-ramsey,M,False,1.0,,4.0,68.0,28.0,95.0,,,15.0,,,,2.0,,,4.0,9.0,4.0,,,2.0,,,,,2.0,,,90.0,,,,,,,,,,,7.1,,,4.0,1.0,1.0,2.0,,6.0,,78.0,30.0,106.0,4,4.0,126.0,,,,
2015-16,6768235,26,13,Leicester_City,Away,30530,Andy King,andy-king,M,True,,,,2.0,2.0,4.0,1.0,,1.0,,,,1.0,,,,2.0,,,,,,,,,,,,7.0,,,,,,,,,,,6.2,,,,,,,,1.0,,2.0,3.0,5.0,0,,6.0,,,,
2015-16,6768235,26,3,Arsenal,Home,40672,Francis Coquelin,francis-coquelin,M,False,,,4.0,19.0,22.0,41.0,1.0,2.0,7.0,,,,1.0,,,3.0,7.0,2.0,,,2.0,,,,,2.0,,,61.0,,,,,,,,,,,6.2,,,,1.0,,,,5.0,,24.0,24.0,48.0,0,,59.0,1.0,,,
2015-16,6768235,26,13,Leicester_City,Away,47737,Marc Albrighton,marc-albrighton,M,False,1.0,,1.0,11.0,3.0,13.0,1.0,,6.0,1.0,,,1.0,,,1.0,5.0,3.0,,,1.0,,,,,3.0,2.0,,83.0,,,,,,,,,,,7.0,,,,1.0,1.0,4.0,,6.0,,20.0,9.0,25.0,0,3.0,44.0,3.0,,,
2015-16,6768235,26,13,Leicester_City,Away,54330,Danny Drinkwater,danny-drinkwater,M,False,,,3.0,23.0,9.0,32.0,1.0,,13.0,,,,2.0,,,1.0,5.0,9.0,,,1.0,,,,,,1.0,,90.0,,1.0,,,,,,,,,7.1,,,,2.0,2.0,2.0,,11.0,,39.0,13.0,50.0,0,6.0,70.0,2.0,1.0,2.0,
2015-16,6768235,26,3,Arsenal,Home,154508,Joel Campbell,joel-campbell,M,True,,,,,,,,,,,,,,,,,,,,,,,,,,,,,,,,,,,,,,,,,,,,,,,,,,,,,0,,,,,,
2015-16,6768235,26,13,Leicester_City,Away,158213,Riyad Mahrez,riyad-mahrez,M,False,,,1.0,9.0,5.0,14.0,2.0,,2.0,,,,1.0,,,1.0,7.0,4.0,,,,,,,,,1.0,,58.0,,,,,,,,,,,6.3,,,,,4.0,1.0,,2.0,,18.0,5.0,22.0,0,1.0,39.0,3.0,2.0,1.0,
2015-16,6768235,26,3,Arsenal,Home,159675,Mohamed Elneny,mohamed-elneny,M,True,,,,,,,,,,,,,,,,,,,,,,,,,,,,,,,,,,,,,,,,,,,,,,,,,,,,,0,,,,,,
2015-16,6768235,26,13,Leicester_City,Away,234148,N'Golo Kanté,n-golo-kante,M,False,1.0,,1.0,18.0,13.0,30.0,2.0,2.0,13.0,,,,1.0,,,1.0,6.0,13.0,,,1.0,,,,,6.0,1.0,,90.0,1.0,,,,,,,,,,8.3,,,2.0,,5.0,1.0,,4.0,,22.0,18.0,39.0,3,6.0,68.0,,1.0,4.0,
2015-16,6768235,26,13,Leicester_City,Away,355152,Demarai Gray,demarai-gray,M,True,,,,1.0,2.0,3.0,,,3.0,,,,2.0,,,1.0,4.0,2.0,,,,,,,,2.0,,,29.0,,,,,,,,,,,6.5,,,,2.0,3.0,,,,,2.0,2.0,4.0,0,,17.0,1.0,,2.0,
2015-16,6768243,26,8,Chelsea,Home,518,Cesc Fàbregas,cesc-fabregas,M,False,,,11.0,60.0,28.0,88.0,1.0,,9.0,2.0,,1.0,1.0,,,1.0,5.0,7.0,,,1.0,1.0,,,,,3.0,,90.0,,1.0,,,,,,,,,8.5,,,,1.0,2.0,2.0,,13.0,,69.0,28.0,95.0,1,4.0,112.0,2.0,2.0,1.0,
2015-16,6768243,26,8,Chelsea,Home,7311,John Obi Mikel,john-obi-mikel,M,True,,,,,,,,,,,,,,,,,,,,,,,,,,,,,,,,,,,,,,,,,,,,,,,,,,,,,0,,,,,,
2015-16,6768243,26,4,Newcastle_United,Away,10438,Cheik Tiote,cheik-tiote,M,False,,,1.0,14.0,30.0,44.0,1.0,,4.0,,,,2.0,,,2.0,10.0,5.0,,,5.0,,,,,7.0,,,67.0,,,,,,,,,,,6.5,,,,1.0,1.0,,,2.0,,17.0,32.0,49.0,0,3.0,66.0,1.0,1.0,1.0,
2015-16,6768243,26,4,Newcastle_United,Away,22126,Georginio Wijnaldum,georginio-wijnaldum,M,False,,,1.0,8.0,5.0,13.0,,,4.0,,,,,,,1.0,1.0,1.0,,,,,,,,,1.0,,45.0,1.0,,,,,,,,,,6.6,,,,1.0,,,,1.0,,8.0,5.0,13.0,1,1.0,19.0,1.0,,,
2015-16,6768243,26,4,Newcastle_United,Away,26895,Henri Saivet,henri-saivet,M,True,,,,,,,,,,,,,,,,,,,,,,,,,,,,,,,,,,,,,,,,,,,,,,,,,,,,,0,,,,,,
2015-16,6768243,26,4,Newcastle_United,Away,27014,Moussa Sissoko,moussa-sissoko,M,False,,,1.0,13.0,16.0,29.0,1.0,1.0,5.0,,,,,,,5.0,11.0,4.0,,,2.0,,,,,1.0,,,90.0,,,,,,,,,,,5.4,,,1.0,,3.0,4.0,,1.0,,22.0,18.0,36.0,1,1.0,61.0,4.0,2.0,,
2015-16,6768243,26,8,Chelsea,Home,31417,Willian,willian,M,False,2.0,,1.0,29.0,11.0,38.0,,1.0,2.0,,,,,,,1.0,2.0,9.0,,,1.0,1.0,1.0,,,,3.0,,80.0,2.0,1.0,,,,,,,,,8.9,,,,,3.0,6.0,,4.0,,42.0,13.0,49.0,2,1.0,71.0,3.0,4.0,3.0,
2015-16,6768243,26,4,Newcastle_United,Away,36465,Jonjo Shelvey,jonjo-shelvey,M,False,,,8.0,25.0,35.0,60.0,,,8.0,,,4.0,1.0,,,,2.0,4.0,,1.0,1.0,,,,,2.0,1.0,,90.0,,,,,,,,,,,7.1,,,,2.0,3.0,5.0,,12.0,,34.0,39.0,68.0,4,1.0,88.0,2.0,,3.0,
2015-16,6768243,26,4,Newcastle_United,Away,40686,Jack Colback,jack-colback,M,True,,,2.0,9.0,15.0,24.0,,1.0,7.0,,,,,,,,1.0,4.0,,,1.0,1.0,,,,1.0,2.0,,45.0,,1.0,,,,,,,,,7.2,,,,,,1.0,,3.0,,12.0,16.0,27.0,0,3.0,33.0,,,,
2015-16,6768243,26,8,Chelsea,Home,44241,Nemanja Matić,nemanja-matic,M,False,,,3.0,25.0,39.0,64.0,,1.0,9.0,,,,1.0,,,,2.0,5.0,,,1.0,,,,,3.0,,,90.0,,,,,,,,,,,7.2,,,1.0,2.0,,1.0,,5.0,,32.0,40.0,71.0,1,2.0,87.0,,2.0,,
2015-16,6768243,26,8,Chelsea,Home,284441,Ruben Loftus-Cheek,ruben-loftus-cheek,M,True,,,,6.0,3.0,9.0,,,1.0,,,,,,,,,,,,,,,,,,,,10.0,,,,,,,,,,,6.5,,,,,,,,,,7.0,3.0,10.0,0,,13.0,2.0,,,
2015-16,6768243,26,8,Chelsea,Home,801391,Kenedy,kenedy,M,True,,,,,,,,,,,,,,,,,,,,,,,,,,,,,,,,,,,,,,,,,,,,,,,,,,,,,0,,,,,,
2015-16,6768244,26,20,Southampton,Away,559,Steven Davis,steven-davis,M,False,1.0,,8.0,18.0,21.0,38.0,,,10.0,1.0,,,1.0,,,,2.0,4.0,,,1.0,,,,,,3.0,,90.0,,,,,,,,,,,7.7,,,,6.0,,4.0,,11.0,,26.0,25.0,47.0,0,3.0,74.0,1.0,1.0,,
2015-16,6768244,26,80,Swansea_City,Home,20538,Leon Britton,leon-britton,M,False,,,2.0,18.0,20.0,38.0,2.0,,4.0,,,,1.0,,,,3.0,2.0,,,,,,,,3.0,,,73.0,,,,,,,,,,,6.9,,,1.0,1.0,,,,2.0,,21.0,20.0,41.0,1,1.0,49.0,1.0,1.0,,
2015-16,6768244,26,80,Swansea_City,Home,20993,Jack Cork,jack-cork,M,False,,,5.0,26.0,22.0,48.0,4.0,2.0,5.0,,,,,,,,8.0,6.0,,,3.0,,,,,3.0,3.0,,90.0,,1.0,,,,,,,,,7.1,,,,3.0,2.0,1.0,,10.0,,38.0,27.0,64.0,0,1.0,82.0,2.0,2.0,1.0,
2015-16,6768244,26,80,Swansea_City,Home,30243,Neil Taylor,neil-taylor,M,False,2.0,,2.0,31.0,13.0,42.0,3.0,,10.0,,,2.0,,,,2.0,5.0,2.0,,,,,,,,1.0,2.0,,90.0,,,,,,,,,,,7.0,,,,1.0,,10.0,,5.0,,49.0,14.0,53.0,2,2.0,85.0,1.0,,,
2015-16,6768244,26,80,Swansea_City,Home,31821,Leroy Fer,leroy-fer,M,True,,,,,,,,,,,,,,,,,,,,,,,,,,,,,,,,,,,,,,,,,,,,,,,,,,,,,0,,,,,,
2015-16,6768244,26,80,Swansea_City,Home,38642,Sung-Yueng Ki,sung-yueng-ki,M,True,,,,,,,,,,,,,,,,,,,,,,,,,,,,,,,,,,,,,,,,,,,,,,,,,,,,,0,,,,,,
2015-16,6768244,26,80,Swansea_City,Home,43192,Gylfi Sigurðsson,gylfi-sigursson,M,False,1.0,,2.0,17.0,12.0,28.0,,,4.0,1.0,,,,,,1.0,2.0,2.0,,,1.0,,,,,1.0,2.0,,90.0,,,,,,,,,,,7.4,,,3.0,,1.0,9.0,,2.0,,31.0,12.0,34.0,3,,57.0,2.0,1.0,1.0,
2015-16,6768244,26,20,Southampton,Away,44760,Cédric Soares,cedric-soares,M,True,,,,2.0,,2.0,1.0,,1.0,,,,,,,,1.0,,,,,,,,,,,,27.0,,,,,,,,,,,6.4,,,,,,,,3.0,,5.0,2.0,7.0,0,,11.0,,,,
2015-16,6768244,26,20,Southampton,Away,69416,Oriol Romeu,oriol-romeu,M,False,,,2.0,14.0,7.0,21.0,,2.0,3.0,,,2.0,1.0,,,4.0,6.0,4.0,,,1.0,,,,,2.0,,,63.0,,,,,,,,,,,6.7,,,2.0,2.0,,,,2.0,,17.0,8.0,25.0,4,1.0,42.0,,1.0,,
2015-16,6768244,26,20,Southampton,Away,116946,Jordy Clasie,jordy-clasie,M,False,,,1.0,9.0,20.0,29.0,1.0,,7.0,,,1.0,1.0,,,,3.0,2.0,,,1.0,,,,,2.0,,,90.0,,1.0,,,,,,,,,6.9,,,,5.0,,,,4.0,,13.0,21.0,34.0,1,2.0,47.0,1.0,,,
2015-16,6768244,26,20,Southampton,Away,161717,James Ward-Prowse,james-ward-prowse,M,False,3.0,,2.0,20.0,13.0,30.0,,,10.0,1.0,,1.0,,,,,1.0,1.0,,,,1.0,,,,1.0,3.0,,90.0,,1.0,,,,,,,,,7.7,,,,2.0,2.0,5.0,,5.0,,27.0,16.0,38.0,1,,52.0,,,1.0,
2015-16,6768244,26,80,Swansea_City,Home,209098,Modou Barrow,modou-barrow,M,True,,,,5.0,3.0,8.0,1.0,,1.0,,,,,,,,2.0,,,,,,,,,,,,29.0,,,,,,,,,,,6.5,,,1.0,,1.0,1.0,,,,8.0,3.0,10.0,1,,14.0,,,,
2015-16,6768244,26,20,Southampton,Away,217704,Sadio Mané,sadio-mane,M,True,,,,,,,,,,,,,,,,,,,,,,,,,,,,,,,,,,,,,,,,,,,,,,,,,,,,,0,,,,,,
2015-16,6768246,26,57,Watford,Away,642,Ben Watson,ben-watson,M,False,1.0,,2.0,23.0,15.0,37.0,1.0,2.0,5.0,,,,1.0,,,,4.0,4.0,,,2.0,,,,,2.0,,,90.0,,,,,,,,,,,6.9,,,,9.0,,4.0,,13.0,,44.0,16.0,56.0,0,1.0,75.0,,1.0,,
2015-16,6768246,26,31,Crystal_Palace,Home,3574,Yohan Cabaye,yohan-cabaye,M,False,,,4.0,22.0,14.0,36.0,,1.0,10.0,,,,1.0,,,1.0,6.0,5.0,,,3.0,,,,1.0,4.0,,,90.0,1.0,,,,,,,,,,7.4,,,3.0,1.0,2.0,6.0,,6.0,,36.0,17.0,47.0,4,2.0,76.0,2.0,1.0,1.0,
2015-16,6768246,26,57,Watford,Away,4366,Almen Abdi,almen-abdi,M,True,,,,6.0,1.0,7.0,2.0,,3.0,,,1.0,3.0,,,2.0,7.0,2.0,,,,,,,,,,,28.0,,,,,,,,,,,6.0,,,,,1.0,1.0,,2.0,,9.0,5.0,13.0,1,,19.0,,1.0,1.0,
2015-16,6768246,26,57,Watford,Away,11654,Valon Behrami,valon-behrami,M,False,,,3.0,18.0,16.0,34.0,1.0,1.0,8.0,,,,4.0,,,,5.0,13.0,,,,,,,,6.0,1.0,,90.0,,,,,,,,,,,7.7,,,,2.0,,1.0,,6.0,,27.0,21.0,47.0,0,9.0,71.0,,3.0,,
2015-16,6768246,26,57,Watford,Away,16701,Étienne Capoue,etienne-capoue,M,False,,,2.0,23.0,7.0,30.0,2.0,1.0,6.0,,,,,,,2.0,5.0,10.0,,,1.0,,,,,3.0,,,71.0,,1.0,,,,,,,,,7.3,,,,1.0,2.0,2.0,,3.0,,28.0,9.0,35.0,0,5.0,58.0,3.0,2.0,2.0,
2015-16,6768246,26,57,Watford,Away,20364,Ikechi Anya,ikechi-anya,M,True,,,,,,,,,,,,,,,,,,,,,,,,,,,,,,,,,,,,,,,,,,,,,,,,,,,,,0,,,,,,
2015-16,6768246,26,57,Watford,Away,27714,Nordin Amrabat,nordin-amrabat,M,False,,,,8.0,5.0,13.0,1.0,,3.0,,,,1.0,,,2.0,10.0,2.0,,,6.0,,,,,,,,62.0,,,,,,,,,,,6.1,,,,,3.0,1.0,,1.0,,12.0,6.0,17.0,0,,31.0,2.0,2.0,,
2015-16,6768246,26,31,Crystal_Palace,Home,38130,Jordon Mutch,jordon-mutch,M,False,,,,17.0,6.0,23.0,,1.0,4.0,,,,,,,2.0,4.0,3.0,,,2.0,,,,,,,,73.0,1.0,,,,,,,,,,6.4,,,,,,3.0,,1.0,1.0,22.0,7.0,26.0,1,1.0,43.0,5.0,1.0,,
2015-16,6768246,26,31,Crystal_Palace,Home,38639,Chung-yong Lee,chung-yong-lee,M,True,3.0,,2.0,19.0,7.0,23.0,1.0,,2.0,,,,,,,3.0,5.0,3.0,,,1.0,,,,,,3.0,,45.0,1.0,,,,,,,,,,7.0,,,,,2.0,5.0,,4.0,,24.0,9.0,28.0,1,1.0,44.0,,,2.0,
2015-16,6768246,26,57,Watford,Away,45989,Adlène Guédioura,adlene-guedioura,M,True,,,,,,,,,,,,,,,,,,,,,,,,,,,,,,,,,,,,,,,,,,,,,,,,,,,,,0,,,,,,
2015-16,6768246,26,57,Watford,Away,47668,Juan Carlos Paredes,juan-carlos-paredes,M,True,,,,,,,,,,,,,,,,,,,,,,,,,,,,,,,,,,,,,,,,,,,,,,,,,,,,,0,,,,,,
2015-16,6768246,26,31,Crystal_Palace,Home,84686,Pape Souaré,pape-souare,M,False,,,6.0,18.0,6.0,24.0,1.0,1.0,5.0,,,1.0,1.0,,,,4.0,3.0,,,1.0,,,,,,,,89.0,,,,,,,,,,,6.1,,,1.0,2.0,2.0,4.0,,12.0,,32.0,9.0,37.0,2,,65.0,2.0,1.0,1.0,
2015-16,6768246,26,31,Crystal_Palace,Home,111850,Wilfried Zaha,wilfried-zaha,M,False,2.0,,1.0,14.0,5.0,17.0,,1.0,9.0,1.0,,,,,,5.0,8.0,6.0,,,1.0,,,,,1.0,2.0,,90.0,,,,,,,,,,,6.5,,,1.0,,6.0,7.0,,1.0,,21.0,6.0,20.0,1,,47.0,1.0,2.0,4.0,
2015-16,6768246,26,31,Crystal_Palace,Home,307652,Hiram Boateng,hiram-boateng,M,True,,,,,,,,,,,,,,,,,,,,,,,,,,,,,,,,,,,,,,,,,,,,,,,,,,,,,0,,,,,,
2015-16,6768248,26,1,Manchester_United,Away,938,Michael Carrick,michael-carrick,M,False,,,8.0,59.0,17.0,76.0,,1.0,7.0,,,1.0,2.0,,,1.0,6.0,7.0,,,2.0,,,,,3.0,1.0,,90.0,,,,,,,,,,,7.1,,,,6.0,2.0,,,10.0,,73.0,18.0,91.0,1,2.0,116.0,1.0,3.0,1.0,
2015-16,6768248,26,56,Sunderland,Home,14210,Lee Cattermole,lee-cattermole,M,False,,,,11.0,5.0,16.0,1.0,,7.0,,,1.0,1.0,,,,3.0,4.0,,,1.0,,,,,,2.0,,85.0,,2.0,,,,,,,,,7.0,,,1.0,2.0,1.0,,,,,17.0,8.0,25.0,2,2.0,38.0,2.0,1.0,1.0,
2015-16,6768248,26,1,Manchester_United,Away,27009,Morgan Schneiderlin,morgan-schneiderlin,M,False,,,2.0,31.0,15.0,46.0,1.0,1.0,10.0,,,,,,,,2.0,5.0,,,1.0,,,,,2.0,2.0,,86.0,,1.0,,,,,,,,,7.4,,,,3.0,,,,3.0,,36.0,16.0,52.0,0,4.0,68.0,,,,
2015-16,6768248,26,1,Manchester_United,Away,28367,Juan Mata,juan-mata,M,False,,,2.0,33.0,20.0,53.0,,,7.0,,,1.0,,,,,1.0,2.0,,,1.0,,,,,,1.0,,90.0,3.0,,,,,,,,,,7.1,,,,,1.0,1.0,,3.0,1.0,41.0,21.0,61.0,4,,73.0,3.0,1.0,1.0,
2015-16,6768248,26,56,Sunderland,Home,32045,Yann M'Vila,yann-mvila,M,False,,,,9.0,16.0,25.0,1.0,,6.0,,,,1.0,,,1.0,3.0,4.0,,,,,,,,5.0,1.0,,90.0,,,,,,,,,,,7.3,,,2.0,6.0,,,,3.0,,15.0,18.0,33.0,2,2.0,54.0,,2.0,,
2015-16,6768248,26,56,Sunderland,Home,43473,Jan Kirchhoff,jan-kirchhoff,M,False,,,1.0,4.0,,4.0,,,1.0,,,,,,,2.0,2.0,,,,,,,,,1.0,,,15.0,,,,,,,,,,,6.3,,,,1.0,,,,1.0,,4.0,,4.0,0,,9.0,1.0,,,
2015-16,6768248,26,1,Manchester_United,Away,82474,Ander Herrera,ander-herrera,M,True,,,,,,,,,,,,,,,,,,,,,,,,,,,,,,,,,,,,,,,,,,,,,,,,,,,,,0,,,,,,
2015-16,6768248,26,1,Manchester_United,Away,191176,Anthony Martial,anthony-martial,M,False,,,,25.0,4.0,29.0,1.0,1.0,1.0,,,1.0,1.0,1.0,,4.0,11.0,1.0,,,2.0,,1.0,,,1.0,1.0,,90.0,1.0,1.0,,,,,,,,,6.3,,,,,3.0,2.0,,,2.0,34.0,5.0,37.0,2,,55.0,3.0,,,
2015-16,6768248,26,1,Manchester_United,Away,285949,Andreas Pereira,andreas-pereira,M,True,,,,,,,,,,,,,,,,,,,,,,,,,,,,,,,,,,,,,,,,,,,,,,,,,,,,,0,,,,,,
2015-16,6768248,26,1,Manchester_United,Away,353214,James Weir,james-weir,M,True,,,,,,,,,,,,,,,,,,,,,,,,,,,,,,,,,,,,,,,,,,,,,,,,,,,,,0,,,,,,
2015-16,6768248,26,56,Sunderland,Home,789859,George Honeyman,george-honeyman,M,True,,,,,,,,,,,,,,,,,,,,,,,,,,,,,,,,,,,,,,,,,,,,,,,,,,,,,0,,,,,,
2015-16,6768250,26,11,Everton,Home,544,Gareth Barry,gareth-barry,M,False,1.0,,7.0,69.0,17.0,85.0,1.0,,6.0,,,2.0,,,,,3.0,2.0,,,3.0,,,,,1.0,4.0,,90.0,,,,,,,,,,,7.9,,,1.0,1.0,1.0,3.0,,10.0,,84.0,18.0,99.0,3,1.0,112.0,1.0,,1.0,
2015-16,6768250,26,35,West_Bromwich_Albion,Away,765,Darren Fletcher,darren-fletcher,M,False,,,2.0,4.0,9.0,13.0,,2.0,8.0,,,,,,,,,4.0,,1.0,,,,,,1.0,,,90.0,,,,,,,,,,,6.8,,,,3.0,,,,3.0,,6.0,12.0,18.0,0,2.0,30.0,1.0,1.0,,
2015-16,6768250,26,11,Everton,Home,1161,Leon Osman,leon-osman,M,True,,,1.0,12.0,,12.0,1.0,,1.0,,,,1.0,,,,3.0,,,,,,,,,,,,8.0,,,,,,,,,,,6.3,,,1.0,,1.0,1.0,,1.0,,13.0,,12.0,1,,16.0,1.0,,,
2015-16,6768250,26,11,Everton,Home,1924,Steven Pienaar,steven-pienaar,M,True,,,,,,,,,,,,,,,,,,,,,,,,,,,,,,,,,,,,,,,,,,,,,,,,,,,,,0,,,,,,
2015-16,6768250,26,11,Everton,Home,3593,Kevin Mirallas,kevin-mirallas,M,True,,,,,,,,,,,,,,,,,,,,,,,,,,,,,,,,,,,,,,,,,,,,,,,,,,,,,0,,,,,,
2015-16,6768250,26,11,Everton,Home,9692,Aaron Lennon,aaron-lennon,M,False,2.0,,1.0,23.0,3.0,24.0,,,4.0,,,,,,,1.0,3.0,9.0,,,1.0,,,,,,5.0,,74.0,1.0,,,,,,,,,,7.5,,,,,5.0,6.0,,2.0,,35.0,3.0,32.0,1,2.0,55.0,2.0,3.0,4.0,
2015-16,6768250,26,35,West_Bromwich_Albion,Away,10540,Chris Brunt,chris-brunt,M,True,,,,1.0,3.0,4.0,,,2.0,,,,1.0,,,,3.0,,,,2.0,,,,,,,,33.0,,,,,,,,,,,6.4,,,1.0,2.0,,,,2.0,,3.0,3.0,6.0,1,,14.0,2.0,,,
2015-16,6768250,26,35,West_Bromwich_Albion,Away,14235,Craig Gardner,craig-gardner,M,True,,,,,,,,,,,,,,,,,,,,,,,,,,,,,,,,,,,,,,,,,,,,,,,,,,,,,0,,,,,,
2015-16,6768250,26,35,West_Bromwich_Albion,Away,16657,Stéphane Sessègnon,stephane-sessegnon,M,False,1.0,,2.0,10.0,6.0,15.0,,,8.0,,,,3.0,,,1.0,4.0,8.0,,,,,,,,,1.0,,90.0,,,,,,,,,,,7.1,,,,2.0,4.0,3.0,,3.0,,14.0,9.0,20.0,0,1.0,40.0,4.0,3.0,4.0,
2015-16,6768250,26,11,Everton,Home,39283,James McCarthy,james-mccarthy,M,False,,,4.0,34.0,20.0,54.0,2.0,,2.0,,,1.0,,,,,2.0,3.0,,,,,,,,3.0,1.0,,82.0,1.0,,,,,,,,,,7.4,,,1.0,2.0,,,,9.0,,41.0,22.0,63.0,3,1.0,79.0,2.0,2.0,,
2015-16,6768250,26,35,West_Bromwich_Albion,Away,41631,James McClean,james-mcclean,M,False,,,,2.0,,2.0,1.0,,1.0,,,,4.0,,,1.0,8.0,2.0,,,2.0,,,,,2.0,,,57.0,,1.0,,,,,,,,,6.0,,,1.0,,,2.0,,,,5.0,2.0,5.0,1,1.0,16.0,1.0,1.0,,
2015-16,6768250,26,35,West_Bromwich_Albion,Away,43301,Sandro,sandro,M,True,,,,,,,,,,,,,,,,,,,,,,,,,,1.0,,,1.0,,,,,,,,,,,,,,,,,,,,,,,,0,,1.0,,,,
2015-16,6768250,26,11,Everton,Home,46432,Tom Cleverley,tom-cleverley,M,False,1.0,,1.0,22.0,3.0,24.0,3.0,2.0,2.0,,,1.0,1.0,,,,4.0,3.0,,,,,,,1.0,1.0,1.0,,58.0,,,,,,,,,,,6.8,,,,1.0,,6.0,,1.0,,34.0,3.0,31.0,1,1.0,44.0,1.0,,,
2015-16,6768250,26,11,Everton,Home,98435,Ross Barkley,ross-barkley,M,False,,,6.0,50.0,11.0,61.0,1.0,2.0,4.0,,,4.0,1.0,,,6.0,9.0,7.0,,,1.0,,,,1.0,,3.0,,90.0,,,,,,,,,,,7.5,,,5.0,,4.0,5.0,,7.0,,59.0,12.0,66.0,9,1.0,99.0,3.0,,4.0,
2015-16,6768250,26,35,West_Bromwich_Albion,Away,151037,Claudio Yacob,claudio-yacob,M,False,,,2.0,10.0,4.0,14.0,2.0,,5.0,,,,1.0,1.0,,1.0,6.0,4.0,,,2.0,,,,,6.0,1.0,,90.0,,3.0,,,,,,,,,7.5,,,,4.0,,,,9.0,,16.0,8.0,24.0,0,3.0,49.0,,1.0,,
2015-16,6768250,26,35,West_Bromwich_Albion,Away,180009,Alex Pritchard,alex-pritchard,M,True,,,,,,,,,,,,,,,,,,,,,,,,,,,,,,,,,,,,,,,,,,,,,,,,,,,,,0,,,,,,
2015-16,6768251,26,110,Stoke_City,Away,2525,Ibrahim Afellay,ibrahim-afellay,M,False,,,1.0,26.0,10.0,36.0,,,1.0,,,,1.0,,,1.0,3.0,1.0,,,,,1.0,,,,1.0,,86.0,1.0,,,,,,,,,,7.1,,,,,2.0,,,1.0,1.0,27.0,10.0,37.0,1,,43.0,1.0,,1.0,
2015-16,6768251,26,110,Stoke_City,Away,9682,Stephen Ireland,stephen-ireland,M,True,,,,3.0,2.0,5.0,,,1.0,,,,,,,,,,,,,,,,,,1.0,,4.0,,,,,,,,,,,6.6,,,,,,,,,,4.0,3.0,7.0,0,,7.0,,,,
2015-16,6768251,26,110,Stoke_City,Away,10535,Glenn Whelan,glenn-whelan,M,False,,,2.0,13.0,18.0,31.0,,,10.0,,,,,,,,2.0,,,,2.0,,,,,5.0,,,90.0,,,,,,,,,,,6.8,,,,5.0,,,,7.0,,20.0,19.0,39.0,0,,53.0,1.0,,,
2015-16,6768251,26,91,Bournemouth,Home,11764,Marc Pugh,marc-pugh,M,False,,,1.0,10.0,6.0,16.0,,,,,,,,,,,3.0,3.0,,,2.0,,,,,,,,45.0,,,,,,,,,,,6.4,,,,,2.0,1.0,,1.0,,15.0,6.0,20.0,0,1.0,28.0,2.0,1.0,1.0,
2015-16,6768251,26,91,Bournemouth,Home,14695,Andrew Surman,andrew-surman,M,False,,,4.0,32.0,24.0,56.0,1.0,3.0,7.0,,,,2.0,,,1.0,5.0,4.0,,,1.0,,,,,2.0,2.0,,90.0,,,,,,,,,,,6.5,,,,1.0,,,,7.0,,41.0,25.0,66.0,0,1.0,72.0,1.0,,,
2015-16,6768251,26,91,Bournemouth,Home,39121,Harry Arter,harry-arter,M,False,,,6.0,37.0,19.0,56.0,,,8.0,,,,4.0,,,,5.0,3.0,,,1.0,,,,,2.0,1.0,,90.0,,,,,,,,,,,6.8,,,1.0,,2.0,1.0,,9.0,,47.0,19.0,65.0,1,,74.0,1.0,1.0,2.0,
2015-16,6768251,26,91,Bournemouth,Home,41628,Eunan O'Kane,eunan-okane,M,True,,,,,,,,,,,,,,,,,,,,,,,,,,,,,,,,,,,,,,,,,,,,,,,,,,,,,0,,,,,,
2015-16,6768251,26,91,Bournemouth,Home,42699,Matt Ritchie,matt-ritchie,M,True,1.0,,3.0,18.0,4.0,21.0,,,,,1.0,1.0,,,,,,2.0,,,,,1.0,,,1.0,,,45.0,1.0,,,,,,,,,,7.1,,,1.0,,,6.0,,5.0,,27.0,5.0,26.0,3,,43.0,2.0,2.0,,
2015-16,6768251,26,91,Bournemouth,Home,44823,Junior Stanislas,junior-stanislas,M,False,1.0,,,21.0,10.0,30.0,2.0,,4.0,,1.0,1.0,,,,1.0,4.0,3.0,,,,,,,,,1.0,,75.0,,,,,,,,,,,6.5,,,1.0,,1.0,4.0,,,,31.0,12.0,39.0,2,2.0,53.0,,1.0,,
2015-16,6768251,26,110,Stoke_City,Away,65953,Xherdan Shaqiri,xherdan-shaqiri,M,False,1.0,,1.0,16.0,13.0,28.0,,,5.0,,,,,,,1.0,7.0,6.0,,,2.0,1.0,,,,1.0,1.0,,90.0,1.0,,,,,,,,,,7.1,,,2.0,,7.0,8.0,,2.0,,24.0,15.0,31.0,3,1.0,59.0,2.0,2.0,3.0,
2015-16,6768251,26,110,Stoke_City,Away,96702,Giannelli Imbula,giannelli-imbula,M,False,,,2.0,21.0,10.0,31.0,1.0,3.0,8.0,,,,,,,,3.0,8.0,,,2.0,,1.0,,,4.0,,,90.0,1.0,,,,,,,,,,8.0,,,,1.0,4.0,,,4.0,,26.0,12.0,38.0,1,1.0,55.0,3.0,,4.0,
2015-16,6768254,26,6,Tottenham_Hotspur,Away,9865,Mousa Dembélé,mousa-dembele,M,False,,,3.0,33.0,29.0,62.0,4.0,2.0,14.0,,,,,,,4.0,8.0,14.0,,,1.0,,,,,2.0,,,90.0,,1.0,,,,,,,,,7.6,,,,2.0,4.0,,,3.0,,35.0,32.0,67.0,0,6.0,93.0,2.0,2.0,4.0,
2015-16,6768254,26,43,Manchester_City,Home,11781,David Silva,david-silva,M,False,2.0,,4.0,33.0,15.0,46.0,,,8.0,,1.0,1.0,4.0,,,1.0,7.0,8.0,,,2.0,,,,,1.0,2.0,,90.0,,,,,,,,,,,7.1,,,1.0,,3.0,3.0,,4.0,,42.0,16.0,55.0,2,4.0,72.0,,1.0,3.0,
2015-16,6768254,26,43,Manchester_City,Home,13630,Fernandinho,fernandinho,M,False,,,1.0,29.0,17.0,46.0,2.0,1.0,7.0,,,,2.0,,,1.0,6.0,4.0,,,1.0,,,,,4.0,2.0,,90.0,,,,,,,,,,,6.9,,,1.0,,1.0,,,4.0,,39.0,18.0,57.0,1,2.0,70.0,2.0,,1.0,
2015-16,6768254,26,43,Manchester_City,Home,14468,Yaya Touré,yaya-toure,M,False,,,2.0,25.0,20.0,45.0,3.0,2.0,9.0,,,1.0,4.0,,,3.0,13.0,6.0,,,1.0,,,,1.0,,,,90.0,2.0,,,,,,,,,,6.4,,,2.0,,4.0,,,3.0,,32.0,21.0,53.0,5,,72.0,2.0,2.0,2.0,
2015-16,6768254,26,6,Tottenham_Hotspur,Away,32492,Nacer Chadli,nacer-chadli,M,True,,,,,1.0,1.0,,,,,,,,,,,,,,,,,,,,,,,1.0,,,,,,,,,,,,,,,,,,,,,,1.0,1.0,0,,1.0,,,,
2015-16,6768254,26,43,Manchester_City,Home,41837,Fernando,fernando-reges,M,False,,,3.0,6.0,11.0,17.0,,2.0,2.0,,,,1.0,,,2.0,5.0,6.0,,,2.0,,,,,2.0,1.0,,66.0,,,,,,,,,,,6.9,,,,1.0,,,,4.0,,7.0,12.0,19.0,0,4.0,30.0,,,,
2015-16,6768254,26,6,Tottenham_Hotspur,Away,44567,Ryan Mason,ryan-mason,M,True,,,,,,,,,,,,,,,,,,,,,,,,,,,,,,,,,,,,,,,,,,,,,,,,,,,,,0,,,,,,
2015-16,6768254,26,6,Tottenham_Hotspur,Away,105734,Christian Eriksen,christian-eriksen,M,False,,,1.0,31.0,21.0,52.0,1.0,1.0,6.0,,,,2.0,,,2.0,6.0,3.0,,,,,1.0,,,,1.0,,90.0,2.0,,,,,,,,,,7.0,,,,1.0,2.0,3.0,,1.0,,45.0,22.0,64.0,2,1.0,79.0,2.0,,1.0,
2015-16,6768254,26,6,Tottenham_Hotspur,Away,122702,Erik Lamela,erik-lamela,M,True,,,,1.0,1.0,2.0,,,1.0,1.0,,,1.0,,,1.0,3.0,3.0,,,1.0,1.0,,,,,1.0,,9.0,,,,,,,,,,,7.5,,,,,1.0,,,,,1.0,1.0,2.0,0,2.0,7.0,,,1.0,
2015-16,6768254,26,6,Tottenham_Hotspur,Away,198028,Dele Alli,dele-alli,M,False,,,,20.0,12.0,32.0,2.0,,8.0,,,,4.0,,,2.0,10.0,9.0,,,3.0,,,,,2.0,,,81.0,,,,,,,,,,,6.4,,,,1.0,3.0,,,3.0,,32.0,15.0,47.0,0,2.0,65.0,2.0,5.0,2.0,
2015-16,6768254,26,43,Manchester_City,Home,281013,Bersant Celina,bersant-celina,M,True,,,,,,,,,,,,,,,,,,,,,,,,,,,,,,,,,,,,,,,,,,,,,,,,,,,,,0,,,,,,
2015-16,6768254,26,43,Manchester_City,Home,792317,Manu García,manu-garcia,M,True,,,,,,,,,,,,,,,,,,,,,,,,,,,,,,,,,,,,,,,,,,,,,,,,,,,,,0,,,,,,
2015-16,6768254,26,43,Manchester_City,Home,796047,Aleix García,aleix-garcia,M,True,,,,,,,,,,,,,,,,,,,,,,,,,,,,,,,,,,,,,,,,,,,,,,,,,,,,,0,,,,,,
2015-16,6768254,26,6,Tottenham_Hotspur,Away,801460,Tom Carroll,carroll-tom,M,True,,,1.0,6.0,3.0,9.0,,,1.0,,,,1.0,,,,1.0,2.0,,,,,,,,,,,18.0,,,,,,,,,,,6.5,,,,,,,,2.0,,9.0,3.0,12.0,0,2.0,15.0,,,,
2015-16,6768256,26,45,Norwich_City,Home,9148,Graham Dorrans,graham-dorrans,M,True,,,,1.0,1.0,2.0,,,1.0,,,,1.0,,,,1.0,2.0,,,,,,,,1.0,1.0,,5.0,,,,,,,,,,,6.8,,,,,2.0,,,1.0,,5.0,1.0,6.0,0,,9.0,,,2.0,
2015-16,6768256,26,21,West_Ham_United,Away,9741,Mark Noble,mark-noble,M,False,,,5.0,28.0,14.0,42.0,2.0,,9.0,,,,,,,,3.0,3.0,,,,,1.0,,,2.0,2.0,,90.0,1.0,,,,,,,,,,7.8,,,,,3.0,,,9.0,,42.0,14.0,56.0,1,1.0,68.0,1.0,,2.0,
2015-16,6768256,26,21,West_Ham_United,Away,12987,Alex Song,alex-song,M,False,,,1.0,13.0,14.0,27.0,,,6.0,,,,3.0,,,1.0,5.0,6.0,,,1.0,,,,,1.0,,,62.0,,,,,,,,,,,6.8,,,,,1.0,,,1.0,,15.0,18.0,33.0,0,5.0,43.0,1.0,,1.0,
2015-16,6768256,26,21,West_Ham_United,Away,14216,Dimitri Payet,dimitri-payet,M,False,2.0,,,22.0,12.0,32.0,1.0,1.0,4.0,,,,,,,2.0,4.0,4.0,,,,1.0,1.0,,,,3.0,,90.0,2.0,,,,,,,,,,8.1,,,,,3.0,12.0,,3.0,1.0,39.0,12.0,39.0,2,,63.0,1.0,1.0,2.0,
2015-16,6768256,26,45,Norwich_City,Home,14336,Wesley Hoolahan,wesley-hoolahan,M,False,,,3.0,25.0,7.0,32.0,1.0,1.0,6.0,,,,2.0,,,4.0,7.0,9.0,,,,,1.0,,,,2.0,,85.0,1.0,,,,,,,,,,7.8,,,,,3.0,1.0,,6.0,,32.0,8.0,39.0,1,2.0,57.0,,3.0,3.0,
2015-16,6768256,26,45,Norwich_City,Home,20095,Matt Jarvis,matt-jarvis,M,True,,,,,,,,,,,,,,,,,,,,,,,,,,,,,,,,,,,,,,,,,,,,,,,,,,,,,0,,,,,,
2015-16,6768256,26,45,Norwich_City,Home,29691,Gary O'Neil,gary-oneil,M,False,,,1.0,16.0,8.0,24.0,4.0,3.0,4.0,,,,4.0,,,1.0,11.0,6.0,,,2.0,,,,,2.0,1.0,,90.0,,,,,,,,,,,6.3,,,,3.0,,1.0,,2.0,,21.0,8.0,28.0,0,2.0,40.0,,1.0,,
2015-16,6768256,26,21,West_Ham_United,Away,46799,Pedro Obiang,pedro-obiang,M,False,,,1.0,18.0,15.0,33.0,1.0,9.0,5.0,,,,2.0,,,3.0,9.0,17.0,,,3.0,,,,,2.0,,,90.0,,1.0,,,,,,,,,6.7,,,1.0,,2.0,3.0,,2.0,,28.0,21.0,46.0,1,4.0,72.0,2.0,3.0,2.0,
2015-16,6768256,26,45,Norwich_City,Home,115346,Nathan Redmond,nathan-redmond,M,False,,,1.0,18.0,6.0,24.0,2.0,,6.0,,,1.0,3.0,,,1.0,10.0,5.0,,,3.0,,,,,,3.0,,90.0,,,,,,,,,,,6.4,,,,,3.0,4.0,,3.0,,31.0,12.0,39.0,1,2.0,58.0,4.0,1.0,2.0,
2015-16,6768256,26,45,Norwich_City,Home,267621,Robbie Brady,robbie-brady,M,False,1.0,,3.0,19.0,10.0,28.0,1.0,,8.0,,,,1.0,,,,4.0,5.0,,,2.0,,1.0,,,3.0,1.0,,90.0,1.0,,,,,,,,,,7.7,,,2.0,4.0,,8.0,,9.0,,45.0,12.0,49.0,3,5.0,86.0,,,,
2015-16,6768256,26,21,West_Ham_United,Away,798083,Djair Parfitt-Williams,djair-parfitt-williams,M,True,,,,,,,,,,,,,,,,,,,,,,,,,,,,,,,,,,,,,,,,,,,,,,,,,,,,,0,,,,,,
2015-16,6768252,27,80,Swansea_City,Away,20538,Leon Britton,leon-britton,M,False,,,,10.0,14.0,24.0,1.0,,4.0,,,,,,,,1.0,2.0,,,,,,,,1.0,1.0,,75.0,,1.0,,,,,,,,,6.9,,,,1.0,,,,1.0,,13.0,15.0,28.0,0,2.0,34.0,1.0,,,
2015-16,6768252,27,80,Swansea_City,Away,20993,Jack Cork,jack-cork,M,False,,,1.0,15.0,10.0,25.0,3.0,1.0,4.0,1.0,,,1.0,,,3.0,10.0,1.0,,,3.0,1.0,,,,4.0,2.0,,90.0,,2.0,,,,,,,,,6.7,,,1.0,1.0,,2.0,,5.0,,22.0,11.0,31.0,1,,46.0,,,,
2015-16,6768252,27,80,Swansea_City,Away,30243,Neil Taylor,neil-taylor,M,False,,,3.0,7.0,15.0,22.0,,2.0,5.0,,,,2.0,,,,2.0,3.0,,,,,,,,2.0,,,90.0,,1.0,,,,,,,,,6.5,,,,5.0,,1.0,,8.0,,16.0,18.0,33.0,0,,52.0,,1.0,,
2015-16,6768252,27,80,Swansea_City,Away,31821,Leroy Fer,leroy-fer,M,True,,,,4.0,4.0,8.0,,,2.0,,,,,,,,1.0,3.0,,,,,,,,,1.0,,15.0,,,,,,,,,,,6.8,,,,,2.0,,,,,5.0,5.0,10.0,0,2.0,15.0,,,1.0,
2015-16,6768252,27,6,Tottenham_Hotspur,Home,32492,Nacer Chadli,nacer-chadli,M,True,,,1.0,9.0,1.0,10.0,,,1.0,,,1.0,,,,1.0,1.0,1.0,,,,,1.0,,,,1.0,,27.0,1.0,,,,,,,,,,7.4,,,2.0,1.0,,,,1.0,,9.0,1.0,10.0,4,,18.0,,1.0,,
2015-16,6768252,27,80,Swansea_City,Away,38642,Sung-Yueng Ki,sung-yueng-ki,M,False,,,2.0,8.0,11.0,19.0,1.0,,4.0,,,,,,,1.0,2.0,4.0,,,,,,,,2.0,,,83.0,,,,,,,,,,,6.9,,,,,,,,2.0,,9.0,14.0,23.0,0,3.0,30.0,,1.0,,
2015-16,6768252,27,80,Swansea_City,Away,43192,Gylfi Sigurðsson,gylfi-sigursson,M,False,2.0,,,11.0,9.0,18.0,1.0,,4.0,,1.0,1.0,,,,1.0,3.0,2.0,,,1.0,,,,,2.0,,,90.0,1.0,,,,,,,,,,6.5,,,1.0,2.0,,9.0,,,,21.0,13.0,25.0,3,1.0,48.0,,1.0,,
2015-16,6768252,27,6,Tottenham_Hotspur,Home,44567,Ryan Mason,ryan-mason,M,True,,,,4.0,3.0,7.0,,1.0,1.0,,,,,,,,,2.0,,,,,,,,,1.0,,15.0,,,,,,,,,,,6.9,,,1.0,1.0,,,,,,5.0,3.0,8.0,1,1.0,11.0,,,,
2015-16,6768252,27,6,Tottenham_Hotspur,Home,105734,Christian Eriksen,christian-eriksen,M,False,1.0,,4.0,50.0,10.0,59.0,1.0,1.0,10.0,1.0,,,2.0,,,3.0,8.0,5.0,,,1.0,,,,,6.0,3.0,,90.0,4.0,,,,,,,,,,7.9,,,2.0,,3.0,9.0,,9.0,,67.0,13.0,71.0,6,1.0,102.0,,1.0,2.0,
2015-16,6768252,27,6,Tottenham_Hotspur,Home,122702,Erik Lamela,erik-lamela,M,False,2.0,,1.0,14.0,1.0,13.0,1.0,,4.0,,1.0,,,,,1.0,4.0,4.0,,,2.0,,,,,,2.0,,63.0,1.0,,,,,,,,,,6.9,,,1.0,,,4.0,,3.0,,25.0,2.0,23.0,2,2.0,36.0,2.0,2.0,,
2015-16,6768252,27,6,Tottenham_Hotspur,Home,198028,Dele Alli,dele-alli,M,False,,,1.0,17.0,1.0,18.0,2.0,4.0,2.0,1.0,,3.0,1.0,,,4.0,10.0,11.0,,,2.0,,,,,1.0,3.0,,90.0,1.0,1.0,,,,,,,,,7.1,,,,1.0,5.0,,,1.0,,24.0,2.0,26.0,4,2.0,52.0,3.0,2.0,3.0,
2015-16,6768252,27,80,Swansea_City,Away,209098,Modou Barrow,modou-barrow,M,True,,,,,,,,,,,,,1.0,,,2.0,3.0,1.0,,,,,,,,,,,2.0,,,,,,,,,,,6.3,,,,,,,,,,1.0,,1.0,0,1.0,5.0,,,,
2015-16,6768252,27,6,Tottenham_Hotspur,Home,361332,Joshua Onomah,joshua-onomah,M,True,,,,2.0,,2.0,1.0,,,,,,,,,1.0,2.0,,,,,,,,,,,,6.0,,,,,,,,,,,6.3,,,1.0,,,,,1.0,,5.0,,5.0,1,,9.0,1.0,,,
2015-16,6768252,27,6,Tottenham_Hotspur,Home,368120,Nabil Bentaleb,nabil-bentaleb,M,True,,,,,,,,,,,,,,,,,,,,,,,,,,,,,,,,,,,,,,,,,,,,,,,,,,,,,0,,,,,,
2015-16,6768253,27,45,Norwich_City,Away,512,Alexander Tettey,alexander-tettey,M,False,,,2.0,15.0,19.0,34.0,,4.0,7.0,,,,3.0,,,,4.0,7.0,,,2.0,,,,,,,,90.0,,1.0,,,,,,,,,6.8,,,1.0,3.0,,,,4.0,,23.0,22.0,45.0,1,3.0,60.0,1.0,,,
2015-16,6768253,27,13,Leicester_City,Home,14231,Nathan Dyer,nathan-dyer,M,True,,,,,,,,,,,,,,,,,,,,,,,,,,,,,,,,,,,,,,,,,,,,,,,,,,,,,0,,,,,,
2015-16,6768253,27,45,Norwich_City,Away,18712,Youssouf Mulumbu,youssouf-mulumbu,M,True,,,,,,,,,,,,,,,,,,,,,,,,,,,,,,,,,,,,,,,,,,,,,,,,,,,,,0,,,,,,
2015-16,6768253,27,45,Norwich_City,Away,20095,Matt Jarvis,matt-jarvis,M,True,,,,2.0,1.0,3.0,1.0,,1.0,,,,,,,,2.0,1.0,,,,,,,,,1.0,,8.0,,,,,,,,,,,6.3,,,,,1.0,,,,,2.0,1.0,3.0,0,,7.0,,1.0,,
2015-16,6768253,27,45,Norwich_City,Away,29691,Gary O'Neil,gary-oneil,M,True,,,,,,,,,,,,,,,,,,,,,,,,,,,,,,,,,,,,,,,,,,,,,,,,,,,,,0,,,,,,
2015-16,6768253,27,13,Leicester_City,Home,30530,Andy King,andy-king,M,True,,,,3.0,1.0,4.0,,1.0,2.0,,,,,,,,,2.0,,,,,,,,,,,20.0,,,,,,,,,,,6.6,,,,,,,,1.0,,8.0,1.0,9.0,0,1.0,11.0,1.0,,,
2015-16,6768253,27,13,Leicester_City,Home,47737,Marc Albrighton,marc-albrighton,M,False,2.0,,2.0,19.0,5.0,22.0,,,5.0,1.0,,1.0,1.0,,,2.0,5.0,3.0,,,1.0,,,,,2.0,3.0,,90.0,1.0,,,,,,,,,,7.1,,,2.0,,2.0,14.0,,6.0,,40.0,8.0,34.0,4,1.0,68.0,,1.0,1.0,
2015-16,6768253,27,13,Leicester_City,Home,54330,Danny Drinkwater,danny-drinkwater,M,False,,,5.0,40.0,21.0,61.0,,1.0,8.0,,,,,,,1.0,2.0,2.0,,,1.0,,,,,4.0,1.0,,90.0,,,,,,,,,,,7.0,,,,,1.0,1.0,,10.0,,53.0,24.0,76.0,0,,85.0,,,1.0,
2015-16,6768253,27,45,Norwich_City,Away,115346,Nathan Redmond,nathan-redmond,M,False,,,1.0,19.0,4.0,23.0,1.0,,3.0,,,,1.0,,,3.0,6.0,6.0,,,1.0,,,,,,,,90.0,1.0,,,,,,,,,,6.7,,,1.0,,2.0,3.0,,3.0,1.0,32.0,6.0,35.0,2,3.0,52.0,1.0,1.0,2.0,
2015-16,6768253,27,13,Leicester_City,Home,148710,Jeffrey Schlupp,jeffrey-schlupp,M,True,1.0,,,4.0,2.0,5.0,,1.0,1.0,,,,,,,,1.0,2.0,,,,,,,,,1.0,,21.0,,,,,,,,,,,6.6,,,,,2.0,3.0,,,,7.0,3.0,7.0,0,,13.0,,,1.0,
2015-16,6768253,27,13,Leicester_City,Home,158213,Riyad Mahrez,riyad-mahrez,M,False,,,1.0,17.0,7.0,24.0,3.0,1.0,4.0,,,2.0,1.0,,,3.0,12.0,8.0,,,1.0,,,,,,,,90.0,,,,,,,,,,,6.2,,,,,7.0,2.0,,3.0,,28.0,8.0,34.0,2,,59.0,1.0,4.0,3.0,
2015-16,6768253,27,13,Leicester_City,Home,234148,N'Golo Kanté,n-golo-kante,M,False,,,2.0,21.0,18.0,39.0,2.0,4.0,7.0,,,,2.0,,,,5.0,8.0,,,1.0,,,,,2.0,1.0,,70.0,,,,,,,,,,,7.1,,,,,1.0,,,4.0,,27.0,21.0,48.0,0,3.0,59.0,1.0,,1.0,
2015-16,6768253,27,45,Norwich_City,Away,267621,Robbie Brady,robbie-brady,M,False,4.0,,4.0,18.0,5.0,19.0,,,9.0,1.0,,1.0,,,,,2.0,9.0,,,1.0,,,,,1.0,4.0,,90.0,,,,,,,,,,,8.2,,,,4.0,5.0,7.0,,11.0,,29.0,11.0,33.0,1,4.0,72.0,1.0,1.0,4.0,
2015-16,6768253,27,13,Leicester_City,Home,308526,Daniel Amartey,daniel-amartey,M,False,,,3.0,17.0,18.0,35.0,1.0,2.0,5.0,,,,,,,1.0,3.0,3.0,,,,,,,,1.0,,,78.0,,,,,,,,,,,6.7,,,,1.0,1.0,,,6.0,,26.0,20.0,46.0,0,1.0,63.0,,,,
2015-16,6768253,27,13,Leicester_City,Home,355152,Demarai Gray,demarai-gray,M,True,,,,,,,,,,,,,,,,,,,,,,,,,,,,,,,,,,,,,,,,,,,,,,,,,,,,,0,,,,,,
2015-16,6768255,27,8,Chelsea,Away,518,Cesc Fàbregas,cesc-fabregas,M,False,1.0,,5.0,69.0,42.0,110.0,,1.0,11.0,,,,,,,,1.0,6.0,,1.0,1.0,,1.0,,,1.0,,,90.0,1.0,,,,,,,,,,8.0,,,1.0,1.0,,4.0,,8.0,,85.0,47.0,128.0,2,4.0,146.0,1.0,1.0,,
2015-16,6768255,27,20,Southampton,Home,559,Steven Davis,steven-davis,M,False,,,3.0,22.0,11.0,33.0,1.0,,7.0,,,,2.0,,,2.0,7.0,2.0,,,1.0,,,,,4.0,3.0,,90.0,,2.0,,,,,,,,,6.4,,,,1.0,2.0,8.0,,4.0,,37.0,12.0,41.0,0,,65.0,2.0,1.0,1.0,
2015-16,6768255,27,8,Chelsea,Away,7311,John Obi Mikel,john-obi-mikel,M,False,,,2.0,32.0,39.0,71.0,3.0,,9.0,,,,1.0,,,1.0,6.0,3.0,,,1.0,,,,,2.0,2.0,,90.0,,,,,,,,,,,7.1,,,1.0,2.0,2.0,,,2.0,,34.0,40.0,74.0,1,1.0,86.0,2.0,,2.0,
2015-16,6768255,27,8,Chelsea,Away,31417,Willian,willian,M,False,3.0,,7.0,53.0,15.0,65.0,,,6.0,,,,,,,2.0,8.0,10.0,,,3.0,1.0,,,,,6.0,,90.0,,,,,,,,,,,8.1,,,1.0,,8.0,5.0,,9.0,,62.0,16.0,73.0,1,1.0,100.0,3.0,4.0,5.0,
2015-16,6768255,27,8,Chelsea,Away,39400,Oscar,oscar,M,True,1.0,,7.0,45.0,14.0,58.0,1.0,,2.0,,,,,,,,2.0,,,,,,,,,1.0,1.0,,83.0,2.0,,,,,,,,,,7.2,,,,,1.0,3.0,,7.0,,53.0,14.0,64.0,2,,73.0,,,,
2015-16,6768255,27,8,Chelsea,Away,44241,Nemanja Matić,nemanja-matic,M,True,,,,,1.0,1.0,,,,,,,,,,,,,,,,,,,,,,,1.0,,,,,,,,,,,,,,,,,,,1.0,,1.0,1.0,2.0,0,,2.0,,,,
2015-16,6768255,27,20,Southampton,Home,44760,Cédric Soares,cedric-soares,M,False,1.0,,4.0,18.0,4.0,21.0,,1.0,5.0,,,,2.0,,,1.0,4.0,5.0,,,1.0,,,,,1.0,,,90.0,,,,,,,,,,,6.3,,,,1.0,,6.0,,6.0,,30.0,5.0,29.0,0,3.0,52.0,,1.0,,
2015-16,6768255,27,20,Southampton,Home,69416,Oriol Romeu,oriol-romeu,M,False,,,5.0,16.0,14.0,30.0,1.0,1.0,7.0,,,,5.0,,,1.0,9.0,6.0,,,1.0,,,,,1.0,1.0,,90.0,,,,,,,,,,,6.4,,,,2.0,1.0,,,5.0,,20.0,14.0,34.0,0,4.0,52.0,2.0,1.0,,
2015-16,6768255,27,20,Southampton,Home,116946,Jordy Clasie,jordy-clasie,M,False,,,1.0,11.0,18.0,29.0,,,6.0,,,1.0,3.0,,,,4.0,2.0,,,1.0,,,,,4.0,,,90.0,,,,,,,,,,,6.6,,,,1.0,,1.0,,5.0,,20.0,19.0,38.0,1,2.0,51.0,1.0,,,
2015-16,6768255,27,20,Southampton,Home,161717,James Ward-Prowse,james-ward-prowse,M,True,,,,1.0,,1.0,,,1.0,,,,1.0,,,,1.0,,,,,,,,,,,,1.0,,,,,,,,,,,,,,,,,,,,,1.0,,1.0,0,,2.0,,,,
2015-16,6768255,27,20,Southampton,Home,217704,Sadio Mané,sadio-mane,M,True,,,,5.0,2.0,7.0,,1.0,3.0,,,,,,,,1.0,2.0,,,,,,,,,1.0,,11.0,,,,,,,,,,,6.6,,,,,2.0,,,,2.0,5.0,2.0,7.0,0,,10.0,1.0,,1.0,
2015-16,6768255,27,8,Chelsea,Away,284441,Ruben Loftus-Cheek,ruben-loftus-cheek,M,True,,,,,,,,,,,,,,,,,,,,,,,,,,,,,,,,,,,,,,,,,,,,,,,,,,,,,0,,,,,,
2015-16,6768255,27,8,Chelsea,Away,801391,Kenedy,kenedy,M,True,,,,10.0,12.0,22.0,,,5.0,,,1.0,,,,1.0,1.0,3.0,,,,,,,,1.0,,,45.0,,,,,,,,,,,7.0,,,1.0,1.0,2.0,1.0,,1.0,,13.0,13.0,25.0,2,1.0,38.0,,,2.0,
2015-16,6768258,27,110,Stoke_City,Home,2525,Ibrahim Afellay,ibrahim-afellay,M,False,,,,20.0,10.0,30.0,1.0,1.0,2.0,,,1.0,,,,,3.0,7.0,,,,,,,,,,,71.0,,,,,,,,,,,7.0,,,,1.0,6.0,3.0,,,,27.0,12.0,36.0,1,,52.0,1.0,3.0,4.0,
2015-16,6768258,27,110,Stoke_City,Home,9682,Stephen Ireland,stephen-ireland,M,True,,,,,,,,,,,,,,,,,,,,,,,,,,,,,,,,,,,,,,,,,,,,,,,,,,,,,0,,,,,,
2015-16,6768258,27,110,Stoke_City,Home,10535,Glenn Whelan,glenn-whelan,M,False,,,4.0,25.0,27.0,52.0,,3.0,10.0,,,,,,,1.0,1.0,8.0,,,,,,,,3.0,,,90.0,,,,,,,,,,,7.6,,,,2.0,,,,11.0,,35.0,29.0,64.0,0,4.0,82.0,1.0,1.0,,
2015-16,6768258,27,7,Aston_Villa,Away,24055,Scott Sinclair,scott-sinclair,M,True,,,,6.0,2.0,8.0,,,1.0,,,,,,,1.0,1.0,2.0,,,,,,,,1.0,,,32.0,,,,,,,,,,,6.6,,,,,2.0,1.0,,,,7.0,2.0,8.0,0,,15.0,1.0,,2.0,
2015-16,6768258,27,7,Aston_Villa,Away,49647,Ashley Westwood,ashley-westwood,M,False,,,2.0,28.0,6.0,34.0,,,4.0,,,,2.0,,,,5.0,2.0,,,3.0,,,,,1.0,,,90.0,,,,1.0,,,,,,,5.9,,,1.0,,,,,5.0,,32.0,8.0,40.0,1,2.0,45.0,1.0,,,
2015-16,6768258,27,110,Stoke_City,Home,65953,Xherdan Shaqiri,xherdan-shaqiri,M,False,7.0,,2.0,20.0,9.0,22.0,1.0,,4.0,1.0,,,1.0,,,2.0,7.0,5.0,,,,1.0,,,,,5.0,,90.0,,,,,,,,,,,7.5,,,1.0,,5.0,18.0,,4.0,,39.0,12.0,33.0,1,1.0,67.0,2.0,2.0,2.0,
2015-16,6768258,27,7,Aston_Villa,Away,74545,Leandro Bacuna,leandro-bacuna,M,False,,,,16.0,16.0,32.0,1.0,,5.0,,,,1.0,,,,6.0,2.0,,,4.0,,1.0,,,1.0,,,90.0,1.0,,,,,,,,,,7.2,,,,1.0,1.0,,,4.0,,27.0,18.0,45.0,1,,54.0,,1.0,1.0,
2015-16,6768258,27,110,Stoke_City,Home,96702,Giannelli Imbula,giannelli-imbula,M,False,,,2.0,31.0,20.0,51.0,1.0,1.0,9.0,,,,2.0,,,,3.0,6.0,,,,,,,,1.0,,,90.0,,,,,,,,,,,7.1,,,2.0,,3.0,1.0,,3.0,,36.0,20.0,55.0,2,,67.0,1.0,2.0,3.0,
2015-16,6768258,27,7,Aston_Villa,Away,106337,Idrissa Gana Gueye,idrissa-gana-gueye,M,False,1.0,,4.0,23.0,26.0,48.0,3.0,1.0,12.0,,,,1.0,,,,6.0,7.0,,,2.0,,,,,7.0,1.0,,90.0,,,,,,,,,,,7.6,,,,2.0,3.0,1.0,,5.0,,31.0,29.0,59.0,0,4.0,82.0,2.0,,2.0,
2015-16,6768258,27,7,Aston_Villa,Away,151124,Jordan Veretout,jordan-veretout,M,False,,,1.0,29.0,9.0,38.0,3.0,1.0,7.0,,,,1.0,,,1.0,6.0,2.0,,,,,,,,,,,77.0,,,,,,,,,,,6.3,,,1.0,1.0,1.0,1.0,,2.0,,33.0,9.0,41.0,1,1.0,50.0,2.0,,,
2015-16,6768258,27,7,Aston_Villa,Away,254895,Carles Gil,carles-gil,M,False,,,1.0,25.0,3.0,28.0,,,6.0,,,,,,,1.0,2.0,1.0,,,,,,,,,,,58.0,,,,,,,,,,,6.5,,,1.0,,1.0,4.0,,1.0,,35.0,3.0,34.0,1,,44.0,,1.0,,
2015-16,6768258,27,7,Aston_Villa,Away,796139,Andre Green,andre-green,M,True,,,,,,,,,,,,,,,,,,,,,,,,,,,,,,,,,,,,,,,,,,,,,,,,,,,,,0,,,,,,
2015-16,6768258,27,7,Aston_Villa,Away,827284,Jordan Lyden,jordan-lyden,M,True,,,,,,,,,,,,,,,,,,,,,,,,,,,,,,,,,,,,,,,,,,,,,,,,,,,,,0,,,,,,
2015-16,6768259,27,35,West_Bromwich_Albion,Home,765,Darren Fletcher,darren-fletcher,M,False,1.0,,2.0,24.0,14.0,37.0,2.0,,13.0,,,,1.0,,,,4.0,2.0,,,1.0,,,,,,1.0,,90.0,,,,,,,,,,,6.8,,,,,1.0,1.0,,5.0,,29.0,17.0,45.0,0,1.0,49.0,,,1.0,
2015-16,6768259,27,31,Crystal_Palace,Away,3574,Yohan Cabaye,yohan-cabaye,M,False,3.0,,2.0,20.0,24.0,41.0,,,7.0,,,1.0,2.0,,,4.0,7.0,6.0,,,1.0,,,,,,2.0,,80.0,,,,,,,,,,,6.7,,,1.0,,,4.0,,4.0,,26.0,25.0,47.0,2,3.0,67.0,2.0,3.0,,
2015-16,6768259,27,31,Crystal_Palace,Away,9921,Joe Ledley,joe-ledley,M,False,,,1.0,12.0,17.0,29.0,2.0,1.0,4.0,,,1.0,1.0,,,,3.0,2.0,,,,,,,,4.0,,,81.0,,,,,,,,,,,6.8,,,1.0,1.0,,,,2.0,,14.0,24.0,38.0,2,1.0,48.0,,,,
2015-16,6768259,27,35,West_Bromwich_Albion,Home,10540,Chris Brunt,chris-brunt,M,False,,,,6.0,4.0,10.0,,,1.0,,,,,,,1.0,3.0,1.0,,,1.0,,,,,1.0,,,44.0,,,,,,,,,,,6.3,,,,,1.0,3.0,,2.0,,13.0,5.0,15.0,0,,27.0,,1.0,,
2015-16,6768259,27,35,West_Bromwich_Albion,Home,14235,Craig Gardner,craig-gardner,M,False,2.0,,2.0,23.0,7.0,28.0,2.0,1.0,4.0,1.0,,1.0,,,,,3.0,9.0,,,1.0,1.0,1.0,,1.0,,1.0,,90.0,1.0,1.0,,,,,,,,,9.2,,,4.0,2.0,1.0,7.0,,4.0,,36.0,8.0,37.0,6,5.0,67.0,,2.0,1.0,
2015-16,6768259,27,35,West_Bromwich_Albion,Home,16657,Stéphane Sessègnon,stephane-sessegnon,M,False,,,2.0,21.0,7.0,28.0,1.0,,6.0,1.0,,,,,,,2.0,8.0,,,,1.0,,,,,2.0,,75.0,1.0,,,,,,,,,,8.0,,,,,4.0,1.0,,2.0,,24.0,8.0,31.0,1,,48.0,3.0,5.0,3.0,
2015-16,6768259,27,31,Crystal_Palace,Away,38130,Jordon Mutch,jordon-mutch,M,False,1.0,,4.0,28.0,12.0,39.0,1.0,2.0,8.0,,,2.0,3.0,,,,7.0,4.0,,,3.0,,,,,2.0,3.0,,90.0,,,,,,,,,,,6.9,,,2.0,1.0,1.0,5.0,,6.0,,37.0,19.0,51.0,4,,69.0,3.0,1.0,1.0,
2015-16,6768259,27,31,Crystal_Palace,Away,38639,Chung-yong Lee,chung-yong-lee,M,True,,,,,,,,,,,,,,,,,,,,,,,,,,,,,,,,,,,,,,,,,,,,,,,,,,,,,0,,,,,,
2015-16,6768259,27,35,West_Bromwich_Albion,Home,41631,James McClean,james-mcclean,M,True,,,,3.0,1.0,4.0,1.0,,1.0,,,,,,,,2.0,1.0,,,1.0,,,,,,,,15.0,,,,,,,,,,,6.3,,,,1.0,,1.0,,,,4.0,1.0,4.0,0,,9.0,2.0,1.0,,
2015-16,6768259,27,35,West_Bromwich_Albion,Home,43301,Sandro,sandro,M,True,,,,,,,2.0,1.0,,,,,,,,,2.0,1.0,,,,,,,,,,,3.0,,,,,,,,,,,6.4,,,,,,,,,,,1.0,1.0,0,,1.0,,,,
2015-16,6768259,27,31,Crystal_Palace,Away,111850,Wilfried Zaha,wilfried-zaha,M,False,,,2.0,11.0,10.0,21.0,,1.0,6.0,,,,,,,2.0,10.0,9.0,,,3.0,,,,,,1.0,,90.0,,,,,,,,,,,6.1,,,,,8.0,4.0,,3.0,,16.0,11.0,23.0,0,1.0,45.0,2.0,4.0,3.0,
2015-16,6768259,27,35,West_Bromwich_Albion,Home,151037,Claudio Yacob,claudio-yacob,M,False,,,5.0,18.0,18.0,36.0,,1.0,11.0,,,,1.0,,,,4.0,5.0,,,3.0,,,,,2.0,,,90.0,,,,,,,,,,,6.9,,,,2.0,,,,6.0,,20.0,19.0,39.0,0,2.0,52.0,2.0,2.0,,
2015-16,6768259,27,35,West_Bromwich_Albion,Home,180009,Alex Pritchard,alex-pritchard,M,True,,,,,,,,,,,,,,,,,,,,,,,,,,,,,,,,,,,,,,,,,,,,,,,,,,,,,0,,,,,,
2015-16,6768261,27,56,Sunderland,Away,524,Sebastian Larsson,sebastian-larsson,M,True,,,,,,,,,,,,,,,,,,,,,,,,,,,,,,,,,,,,,,,,,,,,,,,,,,,,,0,,,,,,
2015-16,6768261,27,21,West_Ham_United,Home,9741,Mark Noble,mark-noble,M,False,,,3.0,22.0,17.0,39.0,,,2.0,,,,2.0,,,3.0,6.0,2.0,,,1.0,,,,1.0,2.0,,,82.0,1.0,,,,,,,,,,6.7,,,,1.0,1.0,1.0,,5.0,,26.0,19.0,44.0,1,1.0,57.0,1.0,,1.0,
2015-16,6768261,27,21,West_Ham_United,Home,12987,Alex Song,alex-song,M,True,,,,,,,,,,,,,,,,,,,,,,,,,,,,,,,,,,,,,,,,,,,,,,,,,,,,,0,,,,,,
2015-16,6768261,27,56,Sunderland,Away,14210,Lee Cattermole,lee-cattermole,M,False,,,2.0,5.0,3.0,8.0,,,3.0,,,,2.0,,,,2.0,2.0,,,,,,,,1.0,1.0,,65.0,,,,,,,,,,,6.7,,,,,,,,2.0,,16.0,3.0,19.0,0,2.0,25.0,,,,
2015-16,6768261,27,21,West_Ham_United,Home,14216,Dimitri Payet,dimitri-payet,M,False,2.0,,1.0,19.0,8.0,25.0,,,4.0,,,,1.0,,,,5.0,6.0,,,1.0,,,,,1.0,1.0,,90.0,,,,,,,,,,,7.2,,,2.0,,7.0,8.0,,2.0,,30.0,8.0,30.0,2,1.0,53.0,2.0,1.0,4.0,
2015-16,6768261,27,56,Sunderland,Away,32045,Yann M'Vila,yann-mvila,M,False,,,4.0,21.0,24.0,45.0,,2.0,7.0,,,,,,,2.0,2.0,5.0,,,,,,,,2.0,,,90.0,,,,,,,,,,,7.1,,,1.0,2.0,1.0,1.0,,9.0,,30.0,27.0,56.0,1,1.0,69.0,,1.0,1.0,
2015-16,6768261,27,56,Sunderland,Away,43473,Jan Kirchhoff,jan-kirchhoff,M,False,,,6.0,16.0,23.0,39.0,6.0,4.0,9.0,,,,3.0,,,1.0,10.0,14.0,,,1.0,,,,,3.0,2.0,,90.0,,,,,,,,,,,7.6,,,,4.0,2.0,,,9.0,,32.0,26.0,58.0,0,6.0,77.0,,2.0,2.0,
2015-16,6768261,27,21,West_Ham_United,Home,45944,Cheikhou Kouyaté,cheikhou-kouyate,M,False,,,3.0,13.0,22.0,35.0,4.0,1.0,8.0,,,,,,,2.0,7.0,10.0,,,,,,,,4.0,,,90.0,,1.0,,,,,,,,,7.6,,,,,6.0,,,6.0,,22.0,24.0,46.0,0,4.0,69.0,1.0,,5.0,
2015-16,6768261,27,21,West_Ham_United,Home,46799,Pedro Obiang,pedro-obiang,M,True,,,,,2.0,2.0,,,1.0,,,,,,,1.0,2.0,,,,1.0,,,,,,,,8.0,,,,,,,,,,,6.3,,,,1.0,,,,1.0,,1.0,3.0,4.0,0,,8.0,1.0,,,
2015-16,6768261,27,21,West_Ham_United,Home,220315,Manuel Lanzini,manuel-lanzini,M,False,,,1.0,23.0,9.0,32.0,,,2.0,,,,1.0,,,1.0,4.0,1.0,,,,,,,,1.0,1.0,,65.0,,,,,,,,,,,6.5,,,1.0,,3.0,1.0,,2.0,,27.0,9.0,35.0,1,,45.0,,,1.0,
2015-16,6768264,27,1,Manchester_United,Home,938,Michael Carrick,michael-carrick,M,False,,,2.0,8.0,18.0,26.0,,,8.0,,,,,,,,1.0,1.0,,,1.0,,,,,2.0,,,90.0,,,,,,,,,,,6.5,,,,3.0,,,,5.0,,10.0,22.0,32.0,0,1.0,41.0,,,,
2015-16,6768264,27,3,Arsenal,Away,10501,Theo Walcott,theo-walcott,M,False,,,,5.0,1.0,6.0,,,2.0,,,,1.0,,,1.0,3.0,1.0,,,,,,,,,,,63.0,,,,,,,,,,,6.3,,,,,1.0,1.0,,,,9.0,1.0,9.0,0,,17.0,4.0,1.0,,
2015-16,6768264,27,3,Arsenal,Away,16176,Mesut Özil,mesut-ozil,M,False,4.0,,2.0,32.0,7.0,35.0,1.0,,2.0,2.0,,1.0,2.0,,,3.0,10.0,3.0,,,4.0,1.0,1.0,,,1.0,6.0,,90.0,1.0,,,,,,,,,,8.5,,,,,,7.0,,3.0,,50.0,8.0,51.0,2,2.0,71.0,1.0,1.0,,
2015-16,6768264,27,3,Arsenal,Away,23571,Aaron Ramsey,aaron-ramsey,M,False,,,6.0,30.0,25.0,55.0,,,9.0,,,,1.0,,,2.0,5.0,6.0,,,2.0,,,,,2.0,,,90.0,,,,,,,,,,,6.7,,,1.0,1.0,2.0,,,9.0,,36.0,26.0,62.0,1,1.0,78.0,4.0,3.0,2.0,
2015-16,6768264,27,1,Manchester_United,Home,27009,Morgan Schneiderlin,morgan-schneiderlin,M,False,,,1.0,9.0,16.0,25.0,1.0,,4.0,,,1.0,1.0,,,,4.0,7.0,,,2.0,,,,,3.0,,,90.0,,,,,,,,,,,7.2,,,,4.0,,,,3.0,,12.0,18.0,30.0,1,5.0,49.0,1.0,2.0,,
2015-16,6768264,27,1,Manchester_United,Home,28367,Juan Mata,juan-mata,M,False,,,2.0,31.0,13.0,44.0,,,8.0,,,,1.0,,,1.0,4.0,2.0,,,2.0,,,,,1.0,,,90.0,,,,,,,,,,,6.6,,,,1.0,,2.0,,2.0,,38.0,14.0,50.0,0,2.0,59.0,1.0,,,
2015-16,6768264,27,3,Arsenal,Away,40672,Francis Coquelin,francis-coquelin,M,False,,,2.0,16.0,12.0,28.0,,1.0,5.0,,,,,,,1.0,3.0,7.0,,,1.0,,,,,3.0,,,70.0,,1.0,,,,,,,,,6.9,,,,1.0,1.0,,,2.0,,18.0,12.0,30.0,0,4.0,45.0,1.0,2.0,,
2015-16,6768264,27,1,Manchester_United,Home,82474,Ander Herrera,ander-herrera,M,False,,,2.0,19.0,12.0,31.0,,1.0,8.0,,,,1.0,,,1.0,7.0,8.0,,,5.0,,1.0,,,,1.0,,89.0,1.0,,,,,,,,,,7.3,,,,1.0,1.0,2.0,,6.0,,26.0,14.0,38.0,1,5.0,53.0,3.0,1.0,1.0,
2015-16,6768264,27,3,Arsenal,Away,154508,Joel Campbell,joel-campbell,M,True,,,,,,,,,,,,,,,,,,,,,,,,,,,,,,,,,,,,,,,,,,,,,,,,,,,,,0,,,,,,
2015-16,6768264,27,3,Arsenal,Away,159675,Mohamed Elneny,mohamed-elneny,M,True,,,,5.0,12.0,17.0,,,2.0,,,,,,,,2.0,1.0,,,2.0,,,,,,,,20.0,,,,,,,,,,,6.5,,,,,,,,,,5.0,12.0,17.0,0,,18.0,,1.0,,
2015-16,6768264,27,1,Manchester_United,Home,285949,Andreas Pereira,andreas-pereira,M,True,,,,,,,,,,,,,,,,,,,,,,,,,,,,,,,,,,,,,,,,,,,,,,,,,,,,,0,,,,,,
2015-16,6768264,27,1,Manchester_United,Home,328145,Adnan Januzaj,adnan-januzaj,M,True,,,,2.0,,2.0,,,,,,,,,,,3.0,,,,2.0,,,,,,,,10.0,,,,,,,,,,,6.2,,,,1.0,1.0,,,,,3.0,,3.0,0,,6.0,1.0,,,
2015-16,6768264,27,3,Arsenal,Away,352770,Alex Iwobi,alex-iwobi,M,True,,,1.0,,2.0,2.0,,,1.0,,,,,,,1.0,1.0,,,,,,,,,,,,7.0,,,,,,,,,,,6.3,,,,,,,,1.0,,2.0,2.0,4.0,0,,7.0,1.0,,,
2015-16,6768264,27,1,Manchester_United,Home,353214,James Weir,james-weir,M,True,,,,,,,,,,,,,,,,,,,,,,,,,,,,,1.0,,,,,,,,,,,,,,,,,,,,,,,,0,,,,,,
2015-16,6768264,27,1,Manchester_United,Home,831848,Joe Riley,joe-riley,M,True,,,,,,,,,,,,,,,,,,,,,,,,,,,,,,,,,,,,,,,,,,,,,,,,,,,,,0,,,,,,
2015-16,6768269,27,57,Watford,Home,642,Ben Watson,ben-watson,M,False,4.0,,2.0,18.0,9.0,23.0,1.0,1.0,5.0,,,,3.0,,,,5.0,2.0,,,1.0,,,,,4.0,3.0,,90.0,,,,,,,,,,,7.2,,,,1.0,,6.0,,7.0,,27.0,10.0,31.0,0,1.0,44.0,1.0,,,
2015-16,6768269,27,57,Watford,Home,4366,Almen Abdi,almen-abdi,M,True,,,,2.0,,2.0,,,,,,,1.0,,,,2.0,1.0,,,1.0,,,,,,,,7.0,,,,,,,,,,,6.3,,,,,,,,,,4.0,,4.0,0,,7.0,2.0,1.0,,
2015-16,6768269,27,57,Watford,Home,11654,Valon Behrami,valon-behrami,M,False,,,1.0,9.0,9.0,18.0,4.0,1.0,8.0,,,,2.0,,,2.0,9.0,4.0,,,2.0,,,,,2.0,,,90.0,,,,,,,,,,,6.5,,,1.0,1.0,,,,4.0,,13.0,14.0,27.0,1,2.0,38.0,,1.0,,
2015-16,6768269,27,91,Bournemouth,Away,14695,Andrew Surman,andrew-surman,M,False,1.0,,12.0,27.0,15.0,41.0,1.0,2.0,5.0,,,1.0,,,,,4.0,5.0,,,3.0,,,,,3.0,1.0,,90.0,,2.0,,,,,,,,,7.7,,,,,1.0,1.0,,15.0,,36.0,19.0,54.0,1,2.0,70.0,3.0,,1.0,
2015-16,6768269,27,91,Bournemouth,Away,16590,Max Gradel,max-gradel,M,True,1.0,,,8.0,4.0,11.0,1.0,1.0,8.0,,1.0,1.0,1.0,,,,5.0,7.0,,,1.0,,,,,1.0,,,67.0,2.0,,,,,,,,,,6.9,,,,1.0,4.0,2.0,,1.0,,16.0,4.0,18.0,3,1.0,37.0,1.0,3.0,2.0,
2015-16,6768269,27,57,Watford,Home,16701,Étienne Capoue,etienne-capoue,M,False,,,1.0,14.0,6.0,20.0,,,5.0,,,1.0,1.0,,,,3.0,1.0,,,1.0,,,,,1.0,1.0,,57.0,,,,,,,,,,,6.5,,,,2.0,1.0,,,5.0,1.0,21.0,7.0,28.0,1,,39.0,2.0,1.0,,
2015-16,6768269,27,57,Watford,Home,20364,Ikechi Anya,ikechi-anya,M,True,,,,,,,,,,,,,,,,,,,,,,,,,,,,,,,,,,,,,,,,,,,,,,,,,,,,,0,,,,,,
2015-16,6768269,27,57,Watford,Home,27714,Nordin Amrabat,nordin-amrabat,M,False,2.0,,3.0,14.0,4.0,16.0,3.0,,8.0,1.0,,1.0,1.0,,,3.0,9.0,7.0,,,2.0,,,,,1.0,2.0,,83.0,,,,,,,,,,,6.9,,,,,2.0,8.0,,8.0,1.0,26.0,6.0,24.0,1,1.0,53.0,2.0,4.0,2.0,
2015-16,6768269,27,91,Bournemouth,Away,39121,Harry Arter,harry-arter,M,False,1.0,,6.0,15.0,12.0,26.0,,1.0,3.0,,,,1.0,,,,3.0,10.0,,,2.0,,,,,2.0,,,90.0,1.0,,,,,,,,,,8.0,,,2.0,1.0,1.0,1.0,,6.0,,19.0,12.0,30.0,3,5.0,50.0,1.0,3.0,1.0,
2015-16,6768269,27,91,Bournemouth,Away,42699,Matt Ritchie,matt-ritchie,M,False,2.0,,5.0,18.0,8.0,24.0,2.0,1.0,6.0,,,1.0,3.0,,,2.0,10.0,2.0,,,3.0,,,,,1.0,2.0,,85.0,,,,,,,,,,,6.6,,,1.0,,,9.0,,10.0,,36.0,11.0,38.0,2,,62.0,2.0,2.0,,
2015-16,6768269,27,91,Bournemouth,Away,44823,Junior Stanislas,junior-stanislas,M,False,,,1.0,7.0,1.0,8.0,,,2.0,,,,,,,,,,,,,,,,,,,,23.0,,,,,,,,,,,6.5,,,,,,1.0,,1.0,,10.0,2.0,11.0,0,,13.0,,,,
2015-16,6768269,27,57,Watford,Home,47668,Juan Carlos Paredes,juan-carlos-paredes,M,False,2.0,,3.0,11.0,6.0,15.0,1.0,,10.0,,,,1.0,,,3.0,7.0,6.0,,,1.0,,,,,1.0,1.0,,90.0,,,,,,,,,,,7.2,,,1.0,2.0,3.0,3.0,,5.0,,14.0,8.0,19.0,1,3.0,50.0,1.0,1.0,2.0,
2015-16,7030780,27,11,Everton,Away,544,Gareth Barry,gareth-barry,M,False,,,3.0,11.0,9.0,20.0,,2.0,5.0,,,,1.0,,,1.0,3.0,4.0,,,1.0,,,,,3.0,1.0,,45.0,,1.0,,,,,,,,,6.7,,,,1.0,,1.0,,3.0,,16.0,11.0,26.0,0,1.0,36.0,,1.0,,
2015-16,7030780,27,14,Liverpool,Home,791,James Milner,james-milner,M,False,9.0,,4.0,47.0,18.0,56.0,,,9.0,2.0,,,,,,,3.0,2.0,,,3.0,2.0,,,,4.0,8.0,,81.0,,,,,,,,,,,9.2,,,,,1.0,14.0,,6.0,,57.0,18.0,61.0,0,,86.0,,1.0,1.0,
2015-16,7030780,27,11,Everton,Away,1161,Leon Osman,leon-osman,M,True,,,,,,,,,,,,,,,,,,,,,,,,,,,,,,,,,,,,,,,,,,,,,,,,,,,,,0,,,,,,
2015-16,7030780,27,11,Everton,Away,1924,Steven Pienaar,steven-pienaar,M,True,,,1.0,2.0,3.0,5.0,1.0,,1.0,,,,,,,2.0,5.0,,,,1.0,,,,,1.0,,,28.0,,,,,,,,,,,6.0,,,,1.0,1.0,,,3.0,,4.0,7.0,11.0,0,,16.0,,,,
2015-16,7030780,27,11,Everton,Away,3593,Kevin Mirallas,kevin-mirallas,M,False,,,2.0,3.0,4.0,7.0,2.0,,5.0,,,,1.0,,,,5.0,3.0,,,1.0,,,,,,,,90.0,,1.0,,,,,,,,,6.4,,,2.0,,4.0,2.0,,4.0,,10.0,7.0,15.0,2,,27.0,1.0,,3.0,
2015-16,7030780,27,11,Everton,Away,9692,Aaron Lennon,aaron-lennon,M,False,,,,3.0,7.0,10.0,,,2.0,,,,,,,2.0,4.0,2.0,,,1.0,,,,,,,,90.0,,,,,,,,,,,5.8,,,,1.0,1.0,,,1.0,,6.0,9.0,15.0,0,1.0,22.0,,1.0,,
2015-16,7030780,27,14,Liverpool,Home,17054,Adam Lallana,adam-lallana,M,False,1.0,,1.0,40.0,8.0,47.0,,1.0,11.0,,1.0,2.0,1.0,,,3.0,5.0,4.0,,,1.0,,,,,2.0,5.0,,90.0,1.0,,,,,,,,,,7.3,,,1.0,,1.0,2.0,,1.0,,49.0,8.0,55.0,4,1.0,73.0,,1.0,1.0,
2015-16,7030780,27,14,Liverpool,Home,20602,Joe Allen,joe-allen,M,True,,,1.0,9.0,2.0,11.0,,1.0,1.0,,,1.0,,,,,,5.0,,,,1.0,,,,3.0,1.0,,24.0,,,,,,,,,,,7.5,,,1.0,,1.0,,,1.0,,13.0,2.0,15.0,2,1.0,26.0,,2.0,1.0,
2015-16,7030780,27,14,Liverpool,Home,27234,Lucas Leiva,lucas-leiva,M,False,,,5.0,51.0,24.0,75.0,1.0,2.0,8.0,1.0,,,2.0,,,,5.0,7.0,,,2.0,1.0,,,,3.0,3.0,,90.0,1.0,,,,,,,,,,8.4,,,1.0,1.0,1.0,,,7.0,,55.0,28.0,83.0,2,4.0,95.0,,,1.0,
2015-16,7030780,27,11,Everton,Away,39283,James McCarthy,james-mccarthy,M,False,,,2.0,8.0,15.0,23.0,,1.0,2.0,,,,,,,2.0,3.0,3.0,,,1.0,,,,,6.0,1.0,,90.0,,3.0,,,,,,,,,7.4,,,,5.0,,,,4.0,,13.0,16.0,29.0,0,2.0,53.0,,,,
2015-16,7030780,27,11,Everton,Away,46432,Tom Cleverley,tom-cleverley,M,True,,,,1.0,7.0,8.0,,,2.0,,,,2.0,,,,2.0,3.0,,,,,,,,,,,32.0,,,,,,,,,,,6.5,,,,,,,,,,1.0,7.0,8.0,0,3.0,13.0,,,,
2015-16,7030780,27,11,Everton,Away,98435,Ross Barkley,ross-barkley,M,False,,,2.0,11.0,10.0,21.0,2.0,,8.0,,,1.0,,,,2.0,5.0,8.0,,1.0,,,,,,,,,58.0,,1.0,,,,,,,,,7.0,,,,1.0,4.0,,,2.0,,15.0,10.0,25.0,1,2.0,43.0,3.0,3.0,3.0,
2015-16,7030780,27,14,Liverpool,Home,119159,Philippe Coutinho,philippe-coutinho,M,False,,,11.0,71.0,6.0,77.0,,,2.0,1.0,,4.0,3.0,,,2.0,6.0,5.0,,,,,1.0,,,1.0,6.0,,90.0,2.0,,,,,,,,,,8.5,,,3.0,,4.0,,,13.0,,81.0,7.0,88.0,9,1.0,117.0,2.0,1.0,3.0,
2015-16,7030780,27,11,Everton,Away,124960,Muhamed Bešić,muhamed-besic,M,True,,,1.0,1.0,12.0,13.0,,,3.0,,,,2.0,,,1.0,3.0,4.0,,,,,,,,1.0,,,45.0,,,,,,,,,,,6.4,,,,2.0,,,,1.0,,1.0,13.0,14.0,0,3.0,23.0,,1.0,,
2015-16,7030780,27,14,Liverpool,Home,143697,Roberto Firmino,roberto-firmino,M,False,,,,16.0,5.0,21.0,2.0,,3.0,,1.0,1.0,1.0,,,2.0,7.0,5.0,,,,,,,,1.0,1.0,,66.0,1.0,,,,,,,,,,6.7,,,,1.0,3.0,2.0,,1.0,,25.0,7.0,30.0,2,3.0,51.0,3.0,1.0,1.0,
2015-16,7030780,27,14,Liverpool,Home,180011,Kevin Stewart,kevin-stewart,M,True,,,,,,,,,,,,,,,,,,,,,,,,,,,,,,,,,,,,,,,,,,,,,,,,,,,,,0,,,,,,
2015-16,7030780,27,14,Liverpool,Home,185955,Jordon Ibe,jordon-ibe,M,True,,,,15.0,1.0,16.0,,1.0,,,,,,,,1.0,2.0,2.0,,,1.0,,,,,,,,9.0,1.0,,,,,,,,,,6.7,,,,,1.0,2.0,,,,19.0,1.0,18.0,1,,28.0,,,1.0,
2015-16,7030794,27,4,Newcastle_United,Home,10438,Cheik Tiote,cheik-tiote,M,False,,,2.0,25.0,27.0,52.0,4.0,6.0,20.0,,,,1.0,,,,7.0,11.0,,,2.0,,,,,3.0,,,90.0,,,,,,,,,,,7.3,,,,2.0,2.0,,,7.0,,36.0,30.0,66.0,0,3.0,80.0,1.0,,2.0,
2015-16,7030794,27,43,Manchester_City,Away,13630,Fernandinho,fernandinho,M,True,,,,5.0,3.0,8.0,1.0,,3.0,,,,,,,1.0,2.0,1.0,,,,,,,,,,,17.0,,,,,,,,,,,6.4,,,,,,,,1.0,,8.0,3.0,11.0,0,,15.0,1.0,1.0,,
2015-16,7030794,27,43,Manchester_City,Away,14468,Yaya Touré,yaya-toure,M,False,,,3.0,32.0,16.0,48.0,1.0,4.0,3.0,,,,,,,1.0,3.0,6.0,,,1.0,,,,,,1.0,,73.0,,,,,,,,,,,7.1,,,,1.0,1.0,,,4.0,,42.0,19.0,61.0,0,1.0,69.0,,,1.0,
2015-16,7030794,27,4,Newcastle_United,Home,15007,Vurnon Anita,vurnon-anita,M,False,,,2.0,17.0,9.0,26.0,1.0,,6.0,,,,,,,1.0,3.0,5.0,,,1.0,,1.0,,,4.0,,,90.0,1.0,,,,,,,,,,7.7,,,,3.0,,1.0,,10.0,,33.0,11.0,43.0,1,5.0,76.0,1.0,,,
2015-16,7030794,27,4,Newcastle_United,Home,22126,Georginio Wijnaldum,georginio-wijnaldum,M,True,,,1.0,2.0,1.0,3.0,1.0,,3.0,,1.0,,,,,,1.0,3.0,,,,,,,,,,,9.0,1.0,,,,,,,,,,6.8,,,1.0,,1.0,,,1.0,,3.0,1.0,4.0,2,1.0,11.0,1.0,1.0,1.0,
2015-16,7030794,27,43,Manchester_City,Away,24048,Fabian Delph,fabian-delph,M,False,,,1.0,21.0,10.0,31.0,,,9.0,,,,,,,2.0,3.0,5.0,,,,,,,,1.0,,,68.0,,,,,,,,,,,6.7,,,,1.0,4.0,1.0,,4.0,,27.0,14.0,40.0,0,2.0,56.0,2.0,,3.0,
2015-16,7030794,27,4,Newcastle_United,Home,26895,Henri Saivet,henri-saivet,M,True,,,,,,,,,,,,,,,,,,,,,,,,,,,,,,,,,,,,,,,,,,,,,,,,,,,,,0,,,,,,
2015-16,7030794,27,4,Newcastle_United,Home,27014,Moussa Sissoko,moussa-sissoko,M,False,,,1.0,15.0,7.0,22.0,1.0,1.0,9.0,,,,1.0,,,3.0,12.0,8.0,,,3.0,1.0,,,,1.0,1.0,,90.0,1.0,,,,,,,,,,6.3,,,,1.0,9.0,4.0,,3.0,,31.0,10.0,37.0,1,,70.0,4.0,2.0,5.0,
2015-16,7030794,27,4,Newcastle_United,Home,30262,Siem de Jong,siem-de-jong,M,True,,,,,,,,,,,,,,,,,,,,,,,,,,,,,,,,,,,,,,,,,,,,,,,,,,,,,0,,,,,,
2015-16,7030794,27,4,Newcastle_United,Home,36465,Jonjo Shelvey,jonjo-shelvey,M,True,,,,,,,,,,,,,,,,,,,,,,,,,,,,,,,,,,,,,,,,,,,,,,,,,,,,,0,,,,,,
2015-16,7030794,27,4,Newcastle_United,Home,40686,Jack Colback,jack-colback,M,False,1.0,,,14.0,11.0,24.0,1.0,,6.0,,,,1.0,,,2.0,7.0,1.0,,,2.0,,,,,1.0,,,90.0,,,,,,,,,,,6.2,,,,1.0,1.0,1.0,,1.0,,19.0,12.0,30.0,0,1.0,43.0,1.0,,,
2015-16,7030794,27,43,Manchester_City,Away,41837,Fernando,fernando-reges,M,False,,,2.0,26.0,17.0,43.0,2.0,2.0,9.0,,,,2.0,,,,5.0,10.0,,,1.0,,,,,2.0,,,90.0,,,,,,,,,,,7.5,,,,1.0,,,,4.0,,30.0,20.0,50.0,0,8.0,62.0,,,,
2015-16,7030794,27,43,Manchester_City,Away,70996,Kevin De Bruyne,kevin-de-bruyne,M,False,1.0,,1.0,34.0,3.0,36.0,4.0,,6.0,,,1.0,2.0,,,3.0,10.0,2.0,,,,,,,,,,,90.0,1.0,,,,,,,,,,6.2,,,1.0,,2.0,5.0,,2.0,,47.0,5.0,47.0,3,,64.0,,1.0,1.0,
2015-16,6768260,28,45,Norwich_City,Home,512,Alexander Tettey,alexander-tettey,M,False,,,4.0,8.0,10.0,18.0,,,2.0,,,,2.0,,,,2.0,3.0,,,,,,,,,,,36.0,,,,,,,,,,,6.7,,,,,1.0,,,6.0,,12.0,10.0,22.0,0,2.0,25.0,,,1.0,
2015-16,6768260,28,8,Chelsea,Away,518,Cesc Fàbregas,cesc-fabregas,M,False,,,4.0,45.0,28.0,73.0,,,7.0,,,,5.0,,,,7.0,7.0,,,1.0,,,,,1.0,4.0,,90.0,,,,,,,,,,,7.5,,,1.0,,3.0,4.0,,8.0,,58.0,30.0,84.0,1,4.0,106.0,1.0,1.0,2.0,
2015-16,6768260,28,8,Chelsea,Away,7311,John Obi Mikel,john-obi-mikel,M,True,,,,8.0,9.0,17.0,1.0,,2.0,,,,2.0,,,,3.0,,,,,,,,,2.0,,,30.0,,1.0,,,,,,,,,6.5,,,,2.0,,,,2.0,,11.0,9.0,20.0,0,,27.0,,,,
2015-16,6768260,28,45,Norwich_City,Home,9148,Graham Dorrans,graham-dorrans,M,True,,,,,,,,,,,,,,,,,,,,,,,,,,,,,,,,,,,,,,,,,,,,,,,,,,,,,0,,,,,,
2015-16,6768260,28,45,Norwich_City,Home,14336,Wesley Hoolahan,wesley-hoolahan,M,False,1.0,,2.0,47.0,8.0,54.0,,,13.0,,,,1.0,,,4.0,9.0,6.0,,,1.0,1.0,,,,1.0,4.0,,90.0,,,,,,,,,,,7.0,,,,,5.0,6.0,,4.0,,65.0,10.0,69.0,0,2.0,94.0,,2.0,2.0,
2015-16,6768260,28,45,Norwich_City,Home,18712,Youssouf Mulumbu,youssouf-mulumbu,M,True,,,,,,,,,,,,,,,,,,,,,,,,,,,,,,,,,,,,,,,,,,,,,,,,,,,,,0,,,,,,
2015-16,6768260,28,45,Norwich_City,Home,20095,Matt Jarvis,matt-jarvis,M,True,,,,,,,,,,,,,,,,,,,,,,,,,,,,,,,,,,,,,,,,,,,,,,,,,,,,,0,,,,,,
2015-16,6768260,28,45,Norwich_City,Home,29691,Gary O'Neil,gary-oneil,M,True,1.0,,4.0,24.0,13.0,36.0,,,5.0,1.0,,1.0,2.0,,,,4.0,,,,2.0,,,,,2.0,1.0,,54.0,,,,,,,,,,,6.7,,,,,,1.0,,8.0,,32.0,15.0,46.0,1,,52.0,,,,
2015-16,6768260,28,8,Chelsea,Away,31417,Willian,willian,M,True,1.0,,1.0,9.0,3.0,11.0,,,3.0,,,,1.0,,,1.0,3.0,,,,,,,,,,1.0,,30.0,,,,,,,,,,,6.3,,,,,1.0,3.0,,2.0,,14.0,3.0,14.0,0,,20.0,,,,
2015-16,6768260,28,8,Chelsea,Away,39400,Oscar,oscar,M,False,,,3.0,18.0,12.0,30.0,,,1.0,,1.0,1.0,1.0,,,,4.0,8.0,,,2.0,,,,,,,,60.0,,,,,,,,,,,6.9,,,,,3.0,,,3.0,,20.0,13.0,33.0,1,4.0,46.0,2.0,2.0,2.0,
2015-16,6768260,28,8,Chelsea,Away,44241,Nemanja Matić,nemanja-matic,M,False,,,3.0,29.0,17.0,46.0,1.0,1.0,7.0,,,1.0,3.0,,,2.0,7.0,4.0,,,1.0,,,,,,,,90.0,,1.0,,,,,,,,,6.6,,,1.0,1.0,1.0,1.0,,6.0,,35.0,20.0,54.0,2,2.0,68.0,,,1.0,
2015-16,6768260,28,45,Norwich_City,Home,115346,Nathan Redmond,nathan-redmond,M,False,,,1.0,23.0,10.0,33.0,,,7.0,,,1.0,1.0,,,2.0,10.0,10.0,,,2.0,,1.0,,,,1.0,,90.0,1.0,,,,,,,,,,7.2,,,1.0,,13.0,3.0,,1.0,1.0,32.0,12.0,41.0,3,1.0,70.0,2.0,1.0,8.0,
2015-16,6768260,28,45,Norwich_City,Home,267621,Robbie Brady,robbie-brady,M,False,2.0,,3.0,20.0,13.0,31.0,1.0,1.0,9.0,,,,,,,2.0,5.0,2.0,,,1.0,,,,,1.0,3.0,,90.0,,,,,,,,,,,6.5,,,1.0,1.0,1.0,9.0,,3.0,,30.0,15.0,36.0,1,1.0,65.0,1.0,,,
2015-16,6768260,28,8,Chelsea,Away,284441,Ruben Loftus-Cheek,ruben-loftus-cheek,M,True,,,,,,,,,,,,,,,,,,,,,,,,,,,,,,,,,,,,,,,,,,,,,,,,,,,,,0,,,,,,
2015-16,6768260,28,8,Chelsea,Away,801391,Kenedy,kenedy,M,False,,,,16.0,20.0,36.0,1.0,1.0,4.0,,,,,,,,1.0,9.0,,,,,1.0,,,3.0,,,69.0,1.0,,,,,,,,,,8.1,,,,2.0,3.0,,,1.0,,16.0,26.0,42.0,1,3.0,63.0,,3.0,3.0,
2015-16,6768262,28,57,Watford,Away,642,Ben Watson,ben-watson,M,False,4.0,,5.0,14.0,12.0,22.0,,2.0,3.0,1.0,,,,,,,1.0,2.0,,,1.0,,,,,2.0,3.0,,90.0,,1.0,,,,,,,,,7.5,,,,1.0,,9.0,,8.0,,26.0,12.0,29.0,0,,45.0,1.0,,,
2015-16,6768262,28,57,Watford,Away,4366,Almen Abdi,almen-abdi,M,False,2.0,,1.0,6.0,13.0,17.0,1.0,1.0,5.0,,,,4.0,,,1.0,8.0,5.0,,,2.0,,,,,1.0,,,70.0,,,,,,,,,,,6.7,,,1.0,1.0,,3.0,,1.0,,9.0,13.0,19.0,1,3.0,34.0,1.0,1.0,,
2015-16,6768262,28,57,Watford,Away,11654,Valon Behrami,valon-behrami,M,False,,,1.0,14.0,9.0,23.0,1.0,,7.0,,,,3.0,,,1.0,7.0,6.0,,,2.0,,,,,1.0,,,86.0,,,,,,,,,,,6.6,,,,,,,,2.0,,22.0,10.0,32.0,0,5.0,40.0,,1.0,,
2015-16,6768262,28,57,Watford,Away,16701,Étienne Capoue,etienne-capoue,M,False,1.0,,2.0,17.0,8.0,24.0,,1.0,11.0,,,,3.0,,,4.0,11.0,10.0,,,2.0,,,,,,,,90.0,,,,,,,,,,,6.1,,,1.0,1.0,6.0,7.0,,5.0,,30.0,10.0,33.0,1,1.0,59.0,,4.0,4.0,
2015-16,6768262,28,57,Watford,Away,20364,Ikechi Anya,ikechi-anya,M,True,,,,1.0,,1.0,,,,,,,,,,,,,,,,,,,,1.0,,,4.0,,,,,,,,,,,6.5,,,,,,,,,,2.0,,2.0,0,,3.0,,,,
2015-16,6768262,28,1,Manchester_United,Home,27009,Morgan Schneiderlin,morgan-schneiderlin,M,False,,,5.0,25.0,29.0,54.0,3.0,,12.0,,,,1.0,,,2.0,6.0,2.0,,,,,,,,6.0,,,90.0,,,,,,,,,,,7.0,,,1.0,4.0,,,,8.0,,28.0,33.0,61.0,1,,77.0,,2.0,,
2015-16,6768262,28,57,Watford,Away,27714,Nordin Amrabat,nordin-amrabat,M,True,,,,1.0,1.0,2.0,,,,,1.0,1.0,,,,3.0,3.0,1.0,,,1.0,,,,,,,,15.0,,,,,,,,,,,5.7,,,,,1.0,1.0,,,,4.0,1.0,4.0,1,,11.0,,,1.0,
2015-16,6768262,28,1,Manchester_United,Home,28367,Juan Mata,juan-mata,M,False,1.0,,2.0,37.0,17.0,53.0,,,5.0,,,1.0,,,,2.0,3.0,6.0,,,,,1.0,,,,3.0,,89.0,2.0,,,,,,,,,,8.0,,,1.0,,3.0,4.0,,2.0,,44.0,19.0,59.0,4,2.0,77.0,,2.0,2.0,
2015-16,6768262,28,57,Watford,Away,47668,Juan Carlos Paredes,juan-carlos-paredes,M,True,,,,,,,,,,,,,,,,,,,,,,,,,,,,,,,,,,,,,,,,,,,,,,,,,,,,,0,,,,,,
2015-16,6768262,28,1,Manchester_United,Home,82474,Ander Herrera,ander-herrera,M,False,1.0,,3.0,25.0,25.0,49.0,,,7.0,1.0,,1.0,1.0,,,1.0,3.0,8.0,,,1.0,,,,,2.0,3.0,,77.0,,,,,,,,,,,8.1,,,,1.0,3.0,2.0,,6.0,,35.0,29.0,62.0,1,5.0,79.0,,,3.0,
2015-16,6768262,28,1,Manchester_United,Home,190853,Joe Rothwell,joe-rothwell,M,True,,,,,,,,,,,,,,,,,,,,,,,,,,,,,,,,,,,,,,,,,,,,,,,,,,,,,0,,,,,,
2015-16,6768262,28,1,Manchester_United,Home,191176,Anthony Martial,anthony-martial,M,False,1.0,,1.0,10.0,8.0,17.0,5.0,2.0,2.0,,1.0,,,,,2.0,9.0,5.0,,,,,,,,,,,90.0,1.0,,,,,,,,,,6.4,,,2.0,,3.0,1.0,,1.0,,17.0,8.0,24.0,3,1.0,42.0,4.0,1.0,1.0,
2015-16,6768262,28,1,Manchester_United,Home,353214,James Weir,james-weir,M,True,,,,,,,,,,,,,,,,,,,,,,,,,,,,,,,,,,,,,,,,,,,,,,,,,,,,,0,,,,,,
2015-16,6768262,28,1,Manchester_United,Home,831848,Joe Riley,joe-riley,M,True,,,,,,,,,,,,,,,,,,,,,,,,,,,,,,,,,,,,,,,,,,,,,,,,,,,,,0,,,,,,
2015-16,6768263,28,56,Sunderland,Home,524,Sebastian Larsson,sebastian-larsson,M,True,,,,,,,,,,,,,,,,,,,,,,,,,,,,,,,,,,,,,,,,,,,,,,,,,,,,,0,,,,,,
2015-16,6768263,28,31,Crystal_Palace,Away,3574,Yohan Cabaye,yohan-cabaye,M,False,2.0,,2.0,9.0,7.0,14.0,,,2.0,,,,2.0,,,,3.0,2.0,,,1.0,,,,,2.0,3.0,,73.0,,,,,,,,,,,7.1,,,,,,2.0,,4.0,,14.0,7.0,19.0,0,2.0,28.0,1.0,,,
2015-16,6768263,28,31,Crystal_Palace,Away,9921,Joe Ledley,joe-ledley,M,True,,,,,3.0,3.0,,,,,,,,,,,,,,,,,,,,2.0,,,17.0,,,,,,,,,,,6.6,,,,2.0,,,,,,,4.0,4.0,0,,8.0,,,,
2015-16,6768263,28,56,Sunderland,Home,14210,Lee Cattermole,lee-cattermole,M,True,,,,6.0,1.0,7.0,,1.0,,,,,,,,,,2.0,,,,,,,,1.0,,,16.0,,,,,,,,,,,6.7,,,,,1.0,,,,,8.0,1.0,9.0,0,,14.0,1.0,1.0,1.0,
2015-16,6768263,28,56,Sunderland,Home,32045,Yann M'Vila,yann-mvila,M,False,,,6.0,41.0,15.0,56.0,,1.0,11.0,,,1.0,,,,1.0,2.0,4.0,,,1.0,,,,,1.0,5.0,,90.0,,,,,,,,,,,7.4,,,1.0,3.0,,1.0,,9.0,,48.0,16.0,63.0,2,1.0,77.0,1.0,2.0,,
2015-16,6768263,28,31,Crystal_Palace,Away,38130,Jordon Mutch,jordon-mutch,M,False,1.0,,,15.0,6.0,20.0,7.0,2.0,6.0,,,,1.0,,,1.0,9.0,5.0,,,2.0,,,,,3.0,2.0,,90.0,,1.0,,,,,,,,,6.8,,,1.0,2.0,,5.0,,1.0,,24.0,11.0,30.0,1,3.0,52.0,4.0,,,
2015-16,6768263,28,31,Crystal_Palace,Away,38639,Chung-yong Lee,chung-yong-lee,M,True,,,,,,,,,,,,,,,,,,,,,,,,,,,,,,,,,,,,,,,,,,,,,,,,,,,,,0,,,,,,
2015-16,6768263,28,56,Sunderland,Home,43473,Jan Kirchhoff,jan-kirchhoff,M,False,,,4.0,15.0,14.0,29.0,3.0,6.0,11.0,,,,3.0,,,2.0,8.0,9.0,,,,,,,,1.0,,,64.0,,,,,,,,,,,6.6,,,,6.0,,,,5.0,,23.0,15.0,38.0,0,2.0,52.0,,2.0,,
2015-16,6768263,28,31,Crystal_Palace,Away,111850,Wilfried Zaha,wilfried-zaha,M,False,2.0,,1.0,13.0,5.0,16.0,,,13.0,,,2.0,,,,3.0,7.0,14.0,,,1.0,,,,,1.0,1.0,,90.0,,,,,,,,,,,7.2,,,1.0,,11.0,3.0,,1.0,2.0,16.0,6.0,19.0,3,2.0,55.0,6.0,4.0,8.0,
2015-16,6768265,28,21,West_Ham_United,Home,9741,Mark Noble,mark-noble,M,False,1.0,,4.0,14.0,8.0,21.0,2.0,2.0,4.0,,,,,,,3.0,7.0,8.0,,,1.0,,,,,4.0,3.0,,90.0,1.0,,,,,,,,,,7.4,,,1.0,2.0,2.0,1.0,,7.0,2.0,23.0,11.0,33.0,2,2.0,59.0,4.0,3.0,1.0,
2015-16,6768265,28,21,West_Ham_United,Home,12987,Alex Song,alex-song,M,True,,,,,,,,,,,,,,,,,,,,,,,,,,,,,,,,,,,,,,,,,,,,,,,,,,,,,0,,,,,,
2015-16,6768265,28,21,West_Ham_United,Home,14216,Dimitri Payet,dimitri-payet,M,False,4.0,,1.0,20.0,4.0,20.0,,,5.0,,,2.0,,,,3.0,7.0,3.0,,,1.0,1.0,,,,2.0,6.0,,90.0,1.0,,,,,,,,,,7.3,,,,,5.0,9.0,,1.0,,34.0,6.0,31.0,3,,60.0,1.0,1.0,2.0,
2015-16,6768265,28,6,Tottenham_Hotspur,Away,32492,Nacer Chadli,nacer-chadli,M,False,,,,14.0,7.0,21.0,6.0,4.0,3.0,,,,,,,,8.0,10.0,,,1.0,,,,,1.0,,,61.0,,,,,,,,,,,6.9,,,,1.0,1.0,,,1.0,,19.0,8.0,27.0,0,4.0,40.0,3.0,2.0,,
2015-16,6768265,28,6,Tottenham_Hotspur,Away,44567,Ryan Mason,ryan-mason,M,False,,,1.0,14.0,21.0,35.0,1.0,1.0,3.0,,,,2.0,,,,3.0,11.0,,,,,,,,2.0,,,90.0,,,,,,,,,,,7.5,,,1.0,1.0,,,,2.0,,19.0,23.0,42.0,1,8.0,59.0,,2.0,,
2015-16,6768265,28,21,West_Ham_United,Home,45944,Cheikhou Kouyaté,cheikhou-kouyate,M,False,,,1.0,6.0,6.0,12.0,2.0,2.0,6.0,,,,1.0,1.0,,,3.0,3.0,,,,,,,,3.0,,,90.0,,1.0,,,,,,,,,7.4,,,,10.0,,,,6.0,,10.0,8.0,18.0,0,,35.0,1.0,1.0,,
2015-16,6768265,28,21,West_Ham_United,Home,46799,Pedro Obiang,pedro-obiang,M,False,,,2.0,13.0,4.0,17.0,4.0,3.0,6.0,,,,,,,2.0,10.0,12.0,,,3.0,,,,,4.0,,,90.0,,,,,,,,,,,7.6,,,1.0,1.0,3.0,,,5.0,,20.0,8.0,28.0,1,7.0,56.0,1.0,,2.0,
2015-16,6768265,28,6,Tottenham_Hotspur,Away,105734,Christian Eriksen,christian-eriksen,M,False,1.0,,1.0,38.0,10.0,47.0,1.0,1.0,11.0,1.0,,,,,,3.0,6.0,4.0,,,,,,,,1.0,3.0,,90.0,1.0,,,,,,,,,,6.8,,,,,4.0,5.0,,4.0,,48.0,16.0,59.0,1,,84.0,3.0,1.0,2.0,
2015-16,6768265,28,6,Tottenham_Hotspur,Away,122702,Erik Lamela,erik-lamela,M,False,,,,11.0,7.0,18.0,,4.0,6.0,,,,,,,1.0,5.0,7.0,,,3.0,,,,,1.0,2.0,,70.0,,,,,,,,,,,6.8,,,1.0,,2.0,2.0,,,,19.0,9.0,26.0,1,2.0,46.0,6.0,1.0,1.0,
2015-16,6768265,28,6,Tottenham_Hotspur,Away,198028,Dele Alli,dele-alli,M,True,,,,7.0,3.0,10.0,1.0,1.0,,,,,1.0,,,1.0,6.0,3.0,,,1.0,,,,,,,,29.0,,,,,,,,,,,6.2,,,,,2.0,,,1.0,,14.0,3.0,17.0,0,2.0,26.0,2.0,,,
2015-16,6768265,28,21,West_Ham_United,Home,220315,Manuel Lanzini,manuel-lanzini,M,False,,,2.0,14.0,5.0,19.0,1.0,,9.0,,,,1.0,,,2.0,5.0,4.0,,,,,,,,3.0,,,84.0,,,,,,,,,,,6.9,,,,,4.0,,,2.0,2.0,18.0,5.0,23.0,0,1.0,36.0,1.0,,3.0,
2015-16,6768265,28,6,Tottenham_Hotspur,Away,361332,Joshua Onomah,joshua-onomah,M,True,,,,,,,,,,,,,,,,,,,,,,,,,,,,,,,,,,,,,,,,,,,,,,,,,,,,,0,,,,,,
2015-16,6768265,28,21,West_Ham_United,Home,788240,George Dobson,george-dobson,M,True,,,,,,,,,,,,,,,,,,,,,,,,,,,,,,,,,,,,,,,,,,,,,,,,,,,,,0,,,,,,
2015-16,6768265,28,6,Tottenham_Hotspur,Away,801460,Tom Carroll,carroll-tom,M,True,,,1.0,5.0,1.0,6.0,,,,,,,1.0,,,,2.0,1.0,,,,,,,,1.0,,,13.0,,,,,,,,,,,6.4,,,,,1.0,1.0,,2.0,,7.0,1.0,7.0,0,1.0,15.0,1.0,,,
2015-16,6768266,28,11,Everton,Away,544,Gareth Barry,gareth-barry,M,False,,,10.0,21.0,39.0,60.0,1.0,2.0,13.0,,,,4.0,,,,6.0,8.0,,,1.0,,,,,2.0,,,90.0,,,,,,,,,,,7.3,,,,3.0,2.0,,,14.0,,27.0,47.0,74.0,0,3.0,91.0,1.0,1.0,2.0,
2015-16,6768266,28,11,Everton,Away,1161,Leon Osman,leon-osman,M,True,,,,,,,,,,,,,,,,,,,,,,,,,,,,,,,,,,,,,,,,,,,,,,,,,,,,,0,,,,,,
2015-16,6768266,28,11,Everton,Away,3593,Kevin Mirallas,kevin-mirallas,M,False,2.0,,4.0,20.0,14.0,32.0,,,7.0,2.0,,1.0,3.0,,,3.0,7.0,3.0,,,,2.0,,,,1.0,2.0,,88.0,1.0,,,,,,,,,,7.7,,,,1.0,2.0,4.0,,5.0,,24.0,16.0,36.0,2,,58.0,1.0,2.0,1.0,
2015-16,6768266,28,11,Everton,Away,9692,Aaron Lennon,aaron-lennon,M,False,1.0,,3.0,21.0,11.0,31.0,,,4.0,1.0,,,,,,,1.0,4.0,,,1.0,,1.0,,,1.0,1.0,,90.0,1.0,,,,,,,,,,8.0,,,,2.0,2.0,3.0,,5.0,,29.0,13.0,39.0,1,2.0,52.0,,,2.0,
2015-16,6768266,28,7,Aston_Villa,Home,24055,Scott Sinclair,scott-sinclair,M,True,,,,,,,,,,,,,,,,,,,,,,,,,,,,,,,,,,,,,,,,,,,,,,,,,,,,,0,,,,,,
2015-16,6768266,28,11,Everton,Away,39283,James McCarthy,james-mccarthy,M,False,,,1.0,15.0,31.0,46.0,1.0,,5.0,,,1.0,1.0,,,1.0,5.0,4.0,,,1.0,,,,,,,,90.0,,1.0,,,,,,,,,6.6,,,,3.0,1.0,1.0,,2.0,,19.0,33.0,51.0,1,2.0,69.0,2.0,2.0,,
2015-16,6768266,28,7,Aston_Villa,Home,49647,Ashley Westwood,ashley-westwood,M,False,,,1.0,19.0,5.0,24.0,,,5.0,,,1.0,,,,,1.0,2.0,,,1.0,,,,,1.0,,,71.0,1.0,,,,,,,,,,6.7,,,1.0,,,1.0,,3.0,,23.0,8.0,30.0,3,,37.0,,2.0,,
2015-16,6768266,28,7,Aston_Villa,Home,74545,Leandro Bacuna,leandro-bacuna,M,False,3.0,,6.0,37.0,13.0,47.0,1.0,,4.0,,,1.0,1.0,,,,3.0,3.0,,,1.0,,,,,1.0,2.0,,90.0,1.0,,,,,,,,,,7.1,,,,,1.0,8.0,,9.0,,52.0,15.0,59.0,2,2.0,76.0,1.0,1.0,,
2015-16,6768266,28,11,Everton,Away,98435,Ross Barkley,ross-barkley,M,False,3.0,,5.0,27.0,18.0,42.0,2.0,,4.0,,,,,,,2.0,6.0,5.0,,,2.0,,,,,,3.0,,90.0,,,,,,,,,,,7.3,,,,,1.0,7.0,,6.0,,36.0,22.0,51.0,0,3.0,70.0,2.0,1.0,1.0,
2015-16,6768266,28,7,Aston_Villa,Home,106337,Idrissa Gana Gueye,idrissa-gana-gueye,M,False,,,1.0,45.0,21.0,66.0,,3.0,14.0,,,1.0,1.0,,,2.0,5.0,16.0,,,2.0,,,,,6.0,3.0,,90.0,,,,,,,,,,,8.3,,,1.0,,2.0,,,2.0,,55.0,24.0,79.0,2,10.0,105.0,,1.0,2.0,
2015-16,6768266,28,7,Aston_Villa,Home,151124,Jordan Veretout,jordan-veretout,M,True,2.0,,,16.0,2.0,16.0,,,,,,,,,,,,,,,,1.0,,,,,2.0,,19.0,,,,,,,,,,,7.0,,,,,,7.0,,,,22.0,2.0,17.0,0,,25.0,,,,
2015-16,6768266,28,7,Aston_Villa,Home,254895,Carles Gil,carles-gil,M,True,,,,,,,,,,,,,,,,,,,,,,,,,,,,,,,,,,,,,,,,,,,,,,,,,,,,,0,,,,,,
2015-16,6768266,28,7,Aston_Villa,Home,827284,Jordan Lyden,jordan-lyden,M,True,,,,,,,,,,,,,,,,,,,,,,,,,,,,,,,,,,,,,,,,,,,,,,,,,,,,,0,,,,,,
2015-16,6768267,28,3,Arsenal,Home,519,Mathieu Flamini,mathieu-flamini,M,True,,,,,,,,,,,,,,,,,,,,,,,,,,,,,,,,,,,,,,,,,,,,,,,,,,,,,0,,,,,,
2015-16,6768267,28,3,Arsenal,Home,10501,Theo Walcott,theo-walcott,M,True,,,,5.0,,5.0,,1.0,1.0,,,,,,,1.0,1.0,3.0,,,,,,,,,1.0,,15.0,1.0,,,,,,,,,,6.9,,,,,,,,,,5.0,,5.0,1,1.0,11.0,,1.0,,
2015-16,6768267,28,3,Arsenal,Home,16176,Mesut Özil,mesut-ozil,M,False,4.0,,2.0,53.0,10.0,59.0,,,4.0,,,1.0,,,,,,5.0,,,,,,,,,4.0,,90.0,,,,,,,,,,,7.7,,,,,,9.0,,4.0,,67.0,13.0,71.0,1,2.0,95.0,4.0,3.0,,
2015-16,6768267,28,80,Swansea_City,Away,20993,Jack Cork,jack-cork,M,False,,,,20.0,17.0,37.0,1.0,1.0,9.0,1.0,,,2.0,,,3.0,6.0,7.0,,,,1.0,,,,1.0,1.0,,90.0,,,,,,,,,,,7.3,,,,2.0,1.0,,,2.0,,22.0,20.0,42.0,0,3.0,58.0,,2.0,1.0,
2015-16,6768267,28,3,Arsenal,Home,23571,Aaron Ramsey,aaron-ramsey,M,False,,,2.0,50.0,23.0,73.0,,,6.0,,,,1.0,,,,2.0,6.0,,,,,,,,1.0,,,90.0,,,,,,,,,,,7.0,,,,1.0,2.0,3.0,,2.0,,60.0,24.0,81.0,0,3.0,98.0,1.0,2.0,1.0,
2015-16,6768267,28,80,Swansea_City,Away,31821,Leroy Fer,leroy-fer,M,False,,,2.0,17.0,13.0,30.0,,,7.0,,,,2.0,,,1.0,5.0,4.0,,,1.0,,,,,1.0,,,71.0,,1.0,,,,,,,,,6.8,,,1.0,,2.0,,,2.0,,20.0,13.0,33.0,1,3.0,44.0,1.0,,1.0,
2015-16,6768267,28,80,Swansea_City,Away,38642,Sung-Yueng Ki,sung-yueng-ki,M,False,,,3.0,11.0,10.0,21.0,,,,,,,,,,2.0,4.0,,,,2.0,,,,,,1.0,,45.0,,,,,,,,,,,6.3,,,,,,,,3.0,,13.0,10.0,23.0,0,,26.0,1.0,,,
2015-16,6768267,28,3,Arsenal,Home,40672,Francis Coquelin,francis-coquelin,M,False,,,2.0,28.0,27.0,55.0,,,11.0,,,,2.0,,,,3.0,8.0,,,1.0,,,,,7.0,,,90.0,,2.0,,,,,,,,,8.0,,,1.0,,1.0,,,4.0,,35.0,29.0,64.0,1,7.0,84.0,,,1.0,
2015-16,6768267,28,80,Swansea_City,Away,43192,Gylfi Sigurðsson,gylfi-sigursson,M,True,,,,8.0,7.0,15.0,,,3.0,,1.0,1.0,3.0,,,,3.0,2.0,,,,,,,,,,,45.0,,1.0,,,,,,,,,6.5,,,1.0,,2.0,2.0,,,,13.0,7.0,18.0,2,,30.0,1.0,,2.0,
2015-16,6768267,28,3,Arsenal,Home,154508,Joel Campbell,joel-campbell,M,False,,,3.0,26.0,6.0,32.0,1.0,,3.0,,,1.0,1.0,,,3.0,8.0,6.0,,,2.0,,1.0,,,1.0,2.0,,64.0,1.0,,,,,,,,,,7.5,,,1.0,1.0,5.0,1.0,,3.0,,32.0,7.0,38.0,3,1.0,57.0,1.0,1.0,4.0,
2015-16,6768267,28,3,Arsenal,Home,159675,Mohamed Elneny,mohamed-elneny,M,True,,,,,,,,,,,,,,,,,,,,,,,,,,,,,,,,,,,,,,,,,,,,,,,,,,,,,0,,,,,,
2015-16,6768267,28,80,Swansea_City,Away,164291,Jay Fulton,jay-fulton,M,True,,,1.0,3.0,2.0,5.0,,,3.0,,,,,,,,1.0,3.0,,,,,,,,,,,19.0,,,,,,,,,,,6.9,,,,,1.0,,,1.0,,3.0,2.0,5.0,0,3.0,12.0,1.0,,,
2015-16,6768267,28,80,Swansea_City,Away,209098,Modou Barrow,modou-barrow,M,True,,,,,,,,,,,,,,,,,,,,,,,,,,,,,,,,,,,,,,,,,,,,,,,,,,,,,0,,,,,,
2015-16,6768268,28,20,Southampton,Away,559,Steven Davis,steven-davis,M,True,,,3.0,17.0,16.0,33.0,1.0,,5.0,,,,1.0,,,,2.0,,,,,,,,,1.0,1.0,,55.0,,,,,,,,,,,6.6,,,,,,,,4.0,,23.0,18.0,41.0,0,,47.0,,,,
2015-16,6768268,28,91,Bournemouth,Home,11764,Marc Pugh,marc-pugh,M,True,,,,,1.0,1.0,1.0,,1.0,,,,,,,,1.0,1.0,,,,,,,,,,,5.0,,,,,,,,,,,6.6,,,,,,1.0,,,,1.0,1.0,1.0,0,1.0,3.0,,,,
2015-16,6768268,28,91,Bournemouth,Home,14695,Andrew Surman,andrew-surman,M,False,,,4.0,22.0,16.0,38.0,5.0,4.0,4.0,,,,,,,1.0,6.0,6.0,,,,,,,,,2.0,,90.0,,1.0,,,,,,,,,7.0,,,,1.0,,,,6.0,,32.0,19.0,51.0,0,2.0,58.0,1.0,,,
2015-16,6768268,28,91,Bournemouth,Home,16590,Max Gradel,max-gradel,M,False,2.0,,,16.0,2.0,16.0,,,4.0,,,,,,,,1.0,7.0,,,,,,,,2.0,,,85.0,,,,,,,,,,,7.1,,,1.0,1.0,3.0,10.0,,1.0,,27.0,3.0,20.0,1,2.0,48.0,4.0,3.0,2.0,
2015-16,6768268,28,91,Bournemouth,Home,39121,Harry Arter,harry-arter,M,False,,,3.0,21.0,5.0,26.0,1.0,,2.0,,,,1.0,,,,3.0,1.0,,,,,,,,1.0,,,66.0,,,,,,,,,,,6.6,,,,,1.0,,,5.0,,26.0,7.0,33.0,0,1.0,36.0,,,,
2015-16,6768268,28,91,Bournemouth,Home,42699,Matt Ritchie,matt-ritchie,M,False,3.0,,5.0,20.0,14.0,31.0,2.0,1.0,6.0,1.0,,1.0,,,,,6.0,4.0,,,3.0,1.0,,,,2.0,2.0,,90.0,1.0,,,,,,,,,,7.8,,,,,2.0,8.0,,8.0,1.0,32.0,15.0,39.0,2,1.0,66.0,3.0,1.0,1.0,
2015-16,6768268,28,20,Southampton,Away,44760,Cédric Soares,cedric-soares,M,False,,,4.0,15.0,10.0,25.0,,1.0,4.0,1.0,,,2.0,,,2.0,6.0,2.0,,,2.0,,,,,,1.0,,90.0,,,,,,,,,,,6.3,,,,5.0,,5.0,,7.0,,26.0,12.0,33.0,0,1.0,65.0,1.0,,,
2015-16,6768268,28,20,Southampton,Away,69416,Oriol Romeu,oriol-romeu,M,False,,,5.0,17.0,15.0,32.0,2.0,2.0,9.0,1.0,,,,,,2.0,5.0,7.0,,,1.0,,,,,3.0,2.0,,90.0,,,,,,,,,,,7.8,,,,2.0,,,,6.0,,26.0,15.0,41.0,0,5.0,56.0,1.0,,,
2015-16,6768268,28,20,Southampton,Away,116946,Jordy Clasie,jordy-clasie,M,True,,,,,,,,,,,,,,,,,,,,,,,,,,,,,,,,,,,,,,,,,,,,,,,,,,,,,0,,,,,,
2015-16,6768268,28,20,Southampton,Away,161717,James Ward-Prowse,james-ward-prowse,M,False,,,2.0,12.0,10.0,22.0,1.0,,4.0,,,,,,,1.0,3.0,2.0,,,1.0,,,,,,1.0,,90.0,,,,,,,,,,,6.6,,,,,2.0,3.0,,3.0,,22.0,11.0,30.0,0,,39.0,,,2.0,
2015-16,6768268,28,20,Southampton,Away,217704,Sadio Mané,sadio-mane,M,False,,,,18.0,12.0,30.0,1.0,1.0,7.0,,1.0,,,,,1.0,4.0,5.0,,,2.0,,,,,,,,90.0,1.0,,,,,,,,,,6.7,,,1.0,2.0,1.0,1.0,,,2.0,23.0,13.0,35.0,2,1.0,52.0,4.0,2.0,1.0,
2015-16,6768270,28,35,West_Bromwich_Albion,Away,765,Darren Fletcher,darren-fletcher,M,False,,,1.0,16.0,8.0,24.0,2.0,1.0,6.0,1.0,,,1.0,,,3.0,7.0,6.0,,2.0,1.0,1.0,,,,3.0,3.0,,90.0,,,,,,,,,,,7.1,,,,1.0,2.0,,,2.0,,25.0,8.0,33.0,0,2.0,47.0,,1.0,2.0,
2015-16,6768270,28,13,Leicester_City,Home,4252,Gökhan Inler,gokhan-inler,M,True,,,,,,,,,,,,,,,,,,,,,,,,,,,,,,,,,,,,,,,,,,,,,,,,,,,,,0,,,,,,
2015-16,6768270,28,35,West_Bromwich_Albion,Away,14235,Craig Gardner,craig-gardner,M,False,1.0,,1.0,7.0,4.0,10.0,1.0,1.0,6.0,,,,,,,1.0,2.0,3.0,,,,,1.0,,,4.0,1.0,,83.0,1.0,,,,,,,,,,7.8,,,3.0,4.0,,4.0,,5.0,,16.0,6.0,18.0,4,2.0,46.0,1.0,,,
2015-16,6768270,28,35,West_Bromwich_Albion,Away,16657,Stéphane Sessègnon,stephane-sessegnon,M,False,,,,14.0,8.0,22.0,3.0,,8.0,,,1.0,2.0,,,6.0,12.0,5.0,,,1.0,,,,,1.0,1.0,,89.0,,,,,,,,,,,5.7,,,,,4.0,6.0,,,,22.0,10.0,26.0,1,,52.0,2.0,1.0,4.0,
2015-16,6768270,28,13,Leicester_City,Home,30530,Andy King,andy-king,M,False,,,3.0,24.0,19.0,43.0,2.0,,4.0,,,,,,,,4.0,1.0,,,,,1.0,,,2.0,1.0,,90.0,1.0,,,,,,,,,,7.3,,,1.0,3.0,2.0,,,4.0,,32.0,20.0,52.0,2,1.0,65.0,1.0,,,
2015-16,6768270,28,35,West_Bromwich_Albion,Away,41631,James McClean,james-mcclean,M,True,,,,,,,,,,,,,,,,,1.0,,,,,,,,,,,,7.0,,,,,,,,,,,6.3,,,,,1.0,,,,,,,,0,,1.0,,,,
2015-16,6768270,28,35,West_Bromwich_Albion,Away,43301,Sandro,sandro,M,True,,,,,,,,,,,,,,,,,,,,,,,,,,,,,1.0,,,,,,,,,,,,,,,1.0,,,,,,1.0,,1.0,0,,2.0,,,,
2015-16,6768270,28,13,Leicester_City,Home,47737,Marc Albrighton,marc-albrighton,M,False,3.0,,1.0,15.0,6.0,18.0,1.0,,4.0,1.0,,,2.0,,,,3.0,3.0,,,,,,,,1.0,4.0,,63.0,,,,,,,,,,,7.0,,,,,2.0,13.0,,5.0,,34.0,8.0,29.0,0,1.0,51.0,2.0,,2.0,
2015-16,6768270,28,13,Leicester_City,Home,54330,Danny Drinkwater,danny-drinkwater,M,False,,,4.0,32.0,32.0,64.0,3.0,1.0,13.0,,,1.0,2.0,,,,7.0,5.0,,,2.0,,,,,6.0,1.0,,90.0,,,,,,,,,,,7.2,,,2.0,1.0,1.0,4.0,,7.0,,43.0,33.0,72.0,3,3.0,95.0,,1.0,,
2015-16,6768270,28,13,Leicester_City,Home,148710,Jeffrey Schlupp,jeffrey-schlupp,M,True,1.0,,2.0,13.0,2.0,14.0,2.0,,1.0,,,1.0,,,,,3.0,2.0,,,,,,,,1.0,1.0,,27.0,,,,,,,,,,,6.8,,,1.0,,2.0,3.0,,4.0,,18.0,2.0,17.0,2,1.0,27.0,1.0,,1.0,
2015-16,6768270,28,35,West_Bromwich_Albion,Away,151037,Claudio Yacob,claudio-yacob,M,False,,,,10.0,9.0,19.0,4.0,1.0,6.0,,,,2.0,,,1.0,11.0,4.0,,,4.0,,,,,1.0,,,90.0,,2.0,,,,,,,,,6.3,,,,4.0,,,,2.0,,14.0,12.0,26.0,0,1.0,45.0,1.0,2.0,,
2015-16,6768270,28,13,Leicester_City,Home,158213,Riyad Mahrez,riyad-mahrez,M,False,,,3.0,19.0,7.0,26.0,2.0,1.0,7.0,2.0,,3.0,1.0,,,3.0,9.0,14.0,,,1.0,1.0,,,,,2.0,,90.0,,,,,,,,,,,7.6,,,2.0,,7.0,7.0,,7.0,,35.0,9.0,37.0,5,5.0,72.0,1.0,4.0,4.0,
2015-16,6768270,28,35,West_Bromwich_Albion,Away,180009,Alex Pritchard,alex-pritchard,M,True,,,,,,,,,,,,,,,,,,,,,,,,,,,,,,,,,,,,,,,,,,,,,,,,,,,,,0,,,,,,
2015-16,6768270,28,13,Leicester_City,Home,308526,Daniel Amartey,daniel-amartey,M,True,,,,,,,,,,,,,,,,,,,,,,,,,,,,,,,,,,,,,,,,,,,,,,,,,,,,,0,,,,,,
2015-16,6768270,28,13,Leicester_City,Home,355152,Demarai Gray,demarai-gray,M,True,1.0,,,4.0,2.0,5.0,,,,,,,,,,,2.0,1.0,,,1.0,,,,,,1.0,,11.0,,,,,,,,,,,6.6,,,,,2.0,5.0,,,,8.0,2.0,5.0,0,,14.0,1.0,,1.0,
2015-16,6768272,28,110,Stoke_City,Home,2525,Ibrahim Afellay,ibrahim-afellay,M,False,,,1.0,25.0,18.0,43.0,,,3.0,,,,1.0,,,1.0,3.0,5.0,,,,,,,,,,,70.0,,,,,,,,,,,6.7,,,1.0,,3.0,3.0,,1.0,,30.0,18.0,45.0,1,2.0,59.0,3.0,1.0,2.0,
2015-16,6768272,28,110,Stoke_City,Home,9682,Stephen Ireland,stephen-ireland,M,True,,,,,,,,,,,,,,,,,,,,,,,,,,,,,,,,,,,,,,,,,,,,,,,,,,,,,0,,,,,,
2015-16,6768272,28,110,Stoke_City,Home,10535,Glenn Whelan,glenn-whelan,M,False,,,3.0,23.0,22.0,45.0,4.0,2.0,13.0,,,,4.0,,,,9.0,6.0,,,1.0,,,,,2.0,2.0,,90.0,,,,,,,,,,,7.1,,,1.0,4.0,1.0,,,7.0,,33.0,25.0,58.0,1,3.0,75.0,2.0,,1.0,
2015-16,6768272,28,4,Newcastle_United,Away,22126,Georginio Wijnaldum,georginio-wijnaldum,M,False,,,1.0,22.0,9.0,31.0,,,6.0,,,,1.0,,,5.0,7.0,9.0,,,,,,,,1.0,1.0,,90.0,,,,,,,,,,,6.4,,,,,5.0,2.0,,2.0,,30.0,11.0,39.0,0,,59.0,,5.0,4.0,
2015-16,6768272,28,4,Newcastle_United,Away,26895,Henri Saivet,henri-saivet,M,True,,,,,,,,,,,,,,,,,,,,,,,,,,,,,,,,,,,,,,,,,,,,,,,,,,,,,0,,,,,,
2015-16,6768272,28,4,Newcastle_United,Away,26982,Yoan Gouffran,yoan-gouffran,M,False,,,1.0,13.0,9.0,22.0,1.0,1.0,11.0,,,,,,,4.0,7.0,4.0,,,1.0,,,,,1.0,,,74.0,,,,,,,,,,,6.4,,,,1.0,2.0,1.0,,2.0,,17.0,9.0,25.0,0,2.0,41.0,2.0,,1.0,
2015-16,6768272,28,4,Newcastle_United,Away,27014,Moussa Sissoko,moussa-sissoko,M,False,2.0,,2.0,24.0,15.0,37.0,1.0,2.0,8.0,,,,,,,3.0,8.0,4.0,,,,,,,,1.0,1.0,,90.0,,,,,,,,,,,6.3,,,,1.0,5.0,6.0,,4.0,,35.0,15.0,44.0,0,1.0,66.0,2.0,,1.0,
2015-16,6768272,28,4,Newcastle_United,Away,36465,Jonjo Shelvey,jonjo-shelvey,M,False,2.0,,1.0,23.0,10.0,31.0,,1.0,5.0,,,,2.0,,,,2.0,8.0,,,,,,,,2.0,2.0,,90.0,1.0,,,,,,,,,,7.6,,,,,2.0,4.0,,9.0,,39.0,10.0,45.0,1,4.0,63.0,3.0,1.0,2.0,
2015-16,6768272,28,4,Newcastle_United,Away,40686,Jack Colback,jack-colback,M,False,,,,10.0,17.0,27.0,2.0,1.0,8.0,,,,3.0,,,,7.0,4.0,,,2.0,,,,,2.0,,,84.0,,,,,,,,,,,6.4,,,,1.0,,1.0,,1.0,,13.0,17.0,29.0,0,2.0,39.0,,1.0,,
2015-16,6768272,28,110,Stoke_City,Home,65953,Xherdan Shaqiri,xherdan-shaqiri,M,False,1.0,,,19.0,7.0,25.0,4.0,,8.0,,,,1.0,,,1.0,10.0,2.0,,,1.0,,1.0,,,,2.0,,90.0,2.0,,,,,,,,,,6.4,,,,,4.0,15.0,,,,39.0,8.0,32.0,2,,64.0,5.0,1.0,1.0,
2015-16,6768272,28,110,Stoke_City,Home,96702,Giannelli Imbula,giannelli-imbula,M,False,,,1.0,38.0,14.0,52.0,2.0,1.0,12.0,,,,,,,3.0,9.0,8.0,,,2.0,,,,,,2.0,,90.0,,,,,,,,,,,7.1,,,1.0,,6.0,,,2.0,,43.0,14.0,57.0,1,2.0,72.0,1.0,1.0,4.0,
2015-16,6768282,28,14,Liverpool,Home,791,James Milner,james-milner,M,False,,,2.0,21.0,5.0,26.0,1.0,1.0,8.0,,,1.0,3.0,,,1.0,6.0,7.0,,,1.0,1.0,1.0,,,3.0,2.0,,88.0,2.0,1.0,,,,,,,,,8.4,,,1.0,2.0,2.0,3.0,,4.0,,39.0,5.0,41.0,4,1.0,75.0,3.0,3.0,2.0,
2015-16,6768282,28,43,Manchester_City,Away,11781,David Silva,david-silva,M,False,2.0,,1.0,36.0,23.0,57.0,,,8.0,,,,,,,4.0,5.0,5.0,,,1.0,,,,,1.0,3.0,,90.0,,,,,,,,,,,6.9,,,,,1.0,2.0,,2.0,,46.0,28.0,72.0,0,1.0,85.0,1.0,3.0,1.0,
2015-16,6768282,28,43,Manchester_City,Away,13630,Fernandinho,fernandinho,M,False,,,1.0,17.0,8.0,25.0,2.0,1.0,1.0,,,,2.0,,,2.0,7.0,6.0,,,1.0,,,,,,,,55.0,,,,,,,,,,,6.6,,,1.0,3.0,1.0,,,1.0,,25.0,11.0,36.0,1,3.0,50.0,1.0,1.0,1.0,
2015-16,6768282,28,14,Liverpool,Home,17054,Adam Lallana,adam-lallana,M,False,,,1.0,27.0,14.0,41.0,,2.0,13.0,1.0,,,1.0,,,1.0,9.0,14.0,,,5.0,1.0,1.0,,,1.0,4.0,,90.0,1.0,,,,,,,,,,9.1,,,,1.0,5.0,3.0,,1.0,,33.0,18.0,48.0,1,7.0,77.0,4.0,2.0,3.0,
2015-16,6768282,28,14,Liverpool,Home,20602,Joe Allen,joe-allen,M,True,,,,2.0,1.0,3.0,,,1.0,,,,1.0,,,1.0,3.0,1.0,,,1.0,,,,,,,,15.0,,,,,,,,,,,6.4,,,1.0,,,,,,,3.0,1.0,4.0,1,1.0,8.0,,,,
2015-16,6768282,28,43,Manchester_City,Away,41837,Fernando,fernando-reges,M,False,,,3.0,19.0,12.0,31.0,2.0,2.0,9.0,,,,2.0,,,1.0,6.0,6.0,,,1.0,,,,,3.0,,,90.0,,,,,,,,,,,6.7,,,,1.0,,,,4.0,,24.0,15.0,39.0,0,4.0,53.0,2.0,,,
2015-16,6768282,28,14,Liverpool,Home,42694,Jordan Henderson,jordan-henderson,M,False,1.0,,6.0,37.0,14.0,50.0,,1.0,4.0,,,,1.0,,,2.0,3.0,5.0,,,,,,,,2.0,,,90.0,,,,,,,,,,,7.3,,,1.0,,1.0,2.0,,12.0,,48.0,17.0,63.0,1,3.0,78.0,,,1.0,
2015-16,6768282,28,14,Liverpool,Home,119159,Philippe Coutinho,philippe-coutinho,M,True,,,,,,,,,,,,,,,,,,,,,,,,,,,,,,,,,,,,,,,,,,,,,,,,,,,,,0,,,,,,
2015-16,6768282,28,14,Liverpool,Home,143697,Roberto Firmino,roberto-firmino,M,False,,,,25.0,10.0,35.0,3.0,,8.0,1.0,,,4.0,,,3.0,16.0,3.0,,,3.0,1.0,1.0,,,,1.0,,75.0,2.0,,,,,,,,,,7.6,,,,,5.0,,,,2.0,32.0,12.0,44.0,2,1.0,60.0,2.0,,2.0,
2015-16,6768282,28,14,Liverpool,Home,185955,Jordon Ibe,jordon-ibe,M,True,,,,2.0,,2.0,,,3.0,,,,,,,1.0,1.0,,,,,,,,,,,,2.0,,,,,,,,,,,,,,,,,,,1.0,,3.0,,3.0,0,,5.0,,,,
2015-16,6768271,29,43,Manchester_City,Home,11781,David Silva,david-silva,M,False,3.0,,2.0,61.0,16.0,74.0,1.0,,3.0,,,,1.0,,,3.0,6.0,7.0,,,,2.0,,,,1.0,6.0,,70.0,,,,,,,,,,,8.4,,,,,3.0,4.0,,3.0,,72.0,16.0,84.0,0,4.0,101.0,1.0,1.0,2.0,
2015-16,6768271,29,43,Manchester_City,Home,13630,Fernandinho,fernandinho,M,False,,,3.0,57.0,18.0,75.0,3.0,1.0,3.0,1.0,,1.0,,,,1.0,7.0,4.0,,,2.0,,,,,2.0,1.0,,90.0,,,,,,,,,,,7.2,,,,2.0,2.0,,,3.0,,62.0,18.0,80.0,1,1.0,93.0,,1.0,1.0,
2015-16,6768271,29,43,Manchester_City,Home,14468,Yaya Touré,yaya-toure,M,False,,,6.0,53.0,26.0,79.0,1.0,,4.0,,,,,,,2.0,4.0,2.0,,,,,1.0,,,,4.0,,80.0,1.0,,,,,,,,,,7.9,,,1.0,,2.0,,,10.0,,60.0,26.0,86.0,2,1.0,94.0,,,1.0,
2015-16,6768271,29,7,Aston_Villa,Away,24055,Scott Sinclair,scott-sinclair,M,True,,,,4.0,1.0,5.0,,,,,,,,,,,,,,,,,,,,,,,10.0,,,,,,,,,,,6.5,,,,,,,,,,4.0,1.0,5.0,0,,6.0,,,,
2015-16,6768271,29,7,Aston_Villa,Away,49647,Ashley Westwood,ashley-westwood,M,False,,,3.0,20.0,13.0,33.0,1.0,,6.0,,,,,,,3.0,6.0,1.0,,,1.0,,,,,2.0,,,90.0,,1.0,,,,,,,,,6.2,,,,1.0,1.0,,,4.0,,28.0,14.0,42.0,0,1.0,53.0,,,,
2015-16,6768271,29,7,Aston_Villa,Away,74545,Leandro Bacuna,leandro-bacuna,M,True,,,2.0,6.0,3.0,9.0,,,2.0,,,,,,,,,,,,,,,,,,,,16.0,,,,,,,,,,,6.6,,,,,,,,3.0,,8.0,4.0,12.0,0,,15.0,,,,
2015-16,6768271,29,7,Aston_Villa,Away,106337,Idrissa Gana Gueye,idrissa-gana-gueye,M,False,,,3.0,15.0,21.0,36.0,2.0,,12.0,,,,1.0,,,1.0,11.0,11.0,,,3.0,,,,,5.0,,,90.0,,,,,,,,,,,7.0,,,,,6.0,,,5.0,,18.0,24.0,42.0,0,7.0,71.0,4.0,2.0,2.0,
2015-16,6768271,29,7,Aston_Villa,Away,151124,Jordan Veretout,jordan-veretout,M,False,1.0,,1.0,14.0,8.0,21.0,1.0,1.0,4.0,,,,2.0,,,,5.0,4.0,,,2.0,,,,,1.0,,,74.0,,,,,,,,,,,6.3,,,,1.0,,2.0,,1.0,,17.0,9.0,24.0,0,3.0,37.0,2.0,,,
2015-16,6768271,29,7,Aston_Villa,Away,254895,Carles Gil,carles-gil,M,True,,,,,,,,,,,,,,,,,,,,,,,,,,,,,,,,,,,,,,,,,,,,,,,,,,,,,0,,,,,,
2015-16,6768271,29,43,Manchester_City,Home,792317,Manu García,manu-garcia,M,True,,,1.0,12.0,6.0,18.0,,,,,,,1.0,,,1.0,2.0,,,,,,,,,1.0,,,10.0,,,,,,,,,,,6.4,,,,,,,,1.0,,12.0,6.0,18.0,0,,20.0,,,,
2015-16,6768271,29,7,Aston_Villa,Away,827284,Jordan Lyden,jordan-lyden,M,True,,,,,,,,,,,,,,,,,,,,,,,,,,,,,,,,,,,,,,,,,,,,,,,,,,,,,0,,,,,,
2015-16,6768273,29,56,Sunderland,Away,524,Sebastian Larsson,sebastian-larsson,M,True,,,,,1.0,1.0,,1.0,1.0,,,,1.0,,,,2.0,1.0,,,1.0,,,,,,,,14.0,,,,,,,,,,,6.4,,,1.0,1.0,,,,,,1.0,2.0,3.0,1,,6.0,,,,
2015-16,6768273,29,20,Southampton,Home,559,Steven Davis,steven-davis,M,False,1.0,,2.0,24.0,8.0,31.0,1.0,2.0,6.0,,,,1.0,,,,2.0,4.0,,,,,,,,1.0,1.0,,65.0,,,,,,,,,,,7.0,,,,1.0,,7.0,,3.0,1.0,39.0,9.0,41.0,0,2.0,55.0,1.0,,,
2015-16,6768273,29,56,Sunderland,Away,32045,Yann M'Vila,yann-mvila,M,False,,,,17.0,7.0,24.0,1.0,4.0,5.0,,,,2.0,,,,3.0,6.0,,,,,,,,1.0,1.0,,90.0,,,,,,,,,,,6.8,,,,3.0,,3.0,,3.0,,36.0,8.0,41.0,0,2.0,54.0,1.0,1.0,,
2015-16,6768273,29,56,Sunderland,Away,43473,Jan Kirchhoff,jan-kirchhoff,M,False,,,1.0,21.0,6.0,27.0,3.0,,8.0,,,,2.0,,,1.0,7.0,4.0,,,1.0,,,,,5.0,,,89.0,,1.0,,,,,,,,,6.9,,,1.0,5.0,,1.0,,4.0,,32.0,8.0,39.0,1,3.0,59.0,,1.0,,
2015-16,6768273,29,20,Southampton,Home,44760,Cédric Soares,cedric-soares,M,True,,,,,,,,,,,,,,,,,,,,,,,,,,,,,,,,,,,,,,,,,,,,,,,,,,,,,0,,,,,,
2015-16,6768273,29,20,Southampton,Home,69416,Oriol Romeu,oriol-romeu,M,False,,,5.0,37.0,18.0,55.0,1.0,1.0,3.0,,1.0,,2.0,,,,4.0,6.0,,,,,,,,2.0,,,90.0,1.0,2.0,,,,,,,,,7.4,,,1.0,2.0,5.0,,,7.0,,42.0,21.0,63.0,2,1.0,81.0,1.0,,4.0,
2015-16,6768273,29,20,Southampton,Home,116946,Jordy Clasie,jordy-clasie,M,False,,,1.0,14.0,15.0,29.0,2.0,,4.0,,,,,,,1.0,4.0,,,,2.0,,,,,1.0,,,65.0,,,,,,,,,,,6.5,,,,3.0,,,,2.0,,18.0,15.0,33.0,0,,41.0,1.0,,,
2015-16,6768273,29,20,Southampton,Home,161717,James Ward-Prowse,james-ward-prowse,M,True,,,4.0,17.0,7.0,24.0,,1.0,1.0,,,2.0,,,,,,1.0,,,,,,,,,,,25.0,,,,,,,,,,,6.6,,,,1.0,,2.0,,5.0,,20.0,7.0,25.0,2,,30.0,,,,
2015-16,6768273,29,20,Southampton,Home,217704,Sadio Mané,sadio-mane,M,False,,,,13.0,14.0,27.0,2.0,2.0,3.0,,,,1.0,,,2.0,5.0,7.0,,,,,,,,,3.0,,83.0,,,,,,,,,,,6.7,,,,2.0,1.0,3.0,,1.0,,28.0,17.0,42.0,0,1.0,58.0,2.0,3.0,1.0,
2015-16,6768273,29,20,Southampton,Home,365802,Harrison Reed,harrison-reed,M,True,,,,,,,,,,,,,,,,,,,,,,,,,,,,,,,,,,,,,,,,,,,,,,,,,,,,,0,,,,,,
2015-16,6768274,29,11,Everton,Home,544,Gareth Barry,gareth-barry,M,True,,,,3.0,1.0,4.0,,,1.0,,,,,,,,,,,,,,,,,,,,1.0,,,,,,,,,,,,,,,,,1.0,,,,4.0,1.0,4.0,0,,5.0,,,,
2015-16,6768274,29,11,Everton,Home,1161,Leon Osman,leon-osman,M,True,,,,,,,,,,,,,,,,,,,,,,,,,,,,,,,,,,,,,,,,,,,,,,,,,,,,,0,,,,,,
2015-16,6768274,29,11,Everton,Home,3593,Kevin Mirallas,kevin-mirallas,M,False,,,1.0,5.0,4.0,9.0,2.0,,3.0,,,2.0,,,,,5.0,1.0,,,2.0,,,,,,,,34.0,,,,,,,,,,,5.6,,,,,2.0,1.0,,1.0,,6.0,6.0,11.0,2,1.0,22.0,2.0,,,
2015-16,6768274,29,11,Everton,Home,9692,Aaron Lennon,aaron-lennon,M,False,,,,12.0,7.0,19.0,,,4.0,,,,,,,,3.0,5.0,,,1.0,,1.0,,,,1.0,,76.0,1.0,,,,,,,,,,7.4,,,,,4.0,2.0,,2.0,,18.0,8.0,24.0,1,3.0,39.0,3.0,,2.0,
2015-16,6768274,29,21,West_Ham_United,Away,9741,Mark Noble,mark-noble,M,False,1.0,,3.0,37.0,34.0,70.0,1.0,1.0,4.0,1.0,,,2.0,,,,3.0,2.0,,,1.0,1.0,,,,1.0,2.0,,90.0,,1.0,,,,,,,,,7.4,,,1.0,1.0,,2.0,,6.0,,45.0,34.0,77.0,1,1.0,87.0,,1.0,,
2015-16,6768274,29,21,West_Ham_United,Away,12987,Alex Song,alex-song,M,True,,,2.0,18.0,11.0,29.0,,,5.0,,,,2.0,,,,4.0,3.0,,,2.0,,,,,1.0,,,29.0,,,,1.0,,,,,,,6.1,,,,,,,,4.0,,20.0,12.0,32.0,0,2.0,37.0,,1.0,,
2015-16,6768274,29,21,West_Ham_United,Away,14216,Dimitri Payet,dimitri-payet,M,False,5.0,,4.0,42.0,11.0,48.0,,,6.0,,,1.0,,,,5.0,7.0,4.0,,,,1.0,1.0,,,1.0,5.0,,90.0,1.0,,,,,,,,,,8.6,,,2.0,,4.0,19.0,,5.0,,68.0,12.0,61.0,4,,101.0,2.0,2.0,2.0,
2015-16,6768274,29,11,Everton,Home,39283,James McCarthy,james-mccarthy,M,False,,,2.0,11.0,15.0,26.0,,,5.0,,,,1.0,,,1.0,4.0,8.0,,,2.0,,,,,4.0,1.0,,90.0,1.0,1.0,,,,,,,,,7.4,,,,3.0,1.0,1.0,,3.0,,15.0,16.0,30.0,1,4.0,52.0,,3.0,1.0,
2015-16,6768274,29,21,West_Ham_United,Away,45944,Cheikhou Kouyaté,cheikhou-kouyate,M,False,,,1.0,9.0,16.0,25.0,,4.0,4.0,,,,2.0,,,,2.0,9.0,,,,,,,,4.0,,,90.0,1.0,,,,,,,,,,7.3,,,,9.0,,,,3.0,,10.0,18.0,28.0,1,5.0,53.0,1.0,,,
2015-16,6768274,29,21,West_Ham_United,Away,46799,Pedro Obiang,pedro-obiang,M,False,,,1.0,17.0,19.0,36.0,,1.0,4.0,,,,2.0,,,,2.0,6.0,,,,,,,,,,,61.0,,1.0,,,,,,,,,6.9,,,,1.0,,,,2.0,,18.0,21.0,39.0,0,4.0,47.0,,1.0,,
2015-16,6768274,29,11,Everton,Home,98435,Ross Barkley,ross-barkley,M,False,2.0,,7.0,27.0,23.0,48.0,,1.0,5.0,,,,1.0,,,4.0,8.0,10.0,,,2.0,,,,,,1.0,,90.0,2.0,,,,,,,,,,7.0,,,,,6.0,8.0,,11.0,1.0,40.0,25.0,57.0,2,1.0,85.0,3.0,3.0,5.0,
2015-16,6768274,29,11,Everton,Home,124960,Muhamed Bešić,muhamed-besic,M,True,,,1.0,10.0,6.0,16.0,,,5.0,,,,1.0,,,2.0,4.0,5.0,,,1.0,,,,,1.0,,,45.0,,1.0,,,,,,1.0,,,7.0,,,1.0,1.0,2.0,,,1.0,,12.0,7.0,19.0,1,2.0,31.0,1.0,1.0,2.0,
2015-16,6768274,29,21,West_Ham_United,Away,220315,Manuel Lanzini,manuel-lanzini,M,False,,,3.0,49.0,32.0,81.0,,,9.0,,,1.0,1.0,,,2.0,7.0,7.0,,,2.0,,,,,1.0,3.0,,90.0,,,,,,,,,,,7.2,,,,,4.0,1.0,,4.0,,55.0,34.0,88.0,1,4.0,103.0,,2.0,1.0,
2015-16,6768274,29,21,West_Ham_United,Away,788240,George Dobson,george-dobson,M,True,,,,,,,,,,,,,,,,,,,,,,,,,,,,,,,,,,,,,,,,,,,,,,,,,,,,,0,,,,,,
2015-16,6768275,29,8,Chelsea,Home,518,Cesc Fàbregas,cesc-fabregas,M,True,,,,8.0,6.0,14.0,,,2.0,,,,1.0,,,,1.0,2.0,,,,,,,,,,,8.0,,,,,,,,,,,6.7,,,,,1.0,,,1.0,,9.0,7.0,16.0,0,1.0,20.0,,,1.0,
2015-16,6768275,29,110,Stoke_City,Away,2525,Ibrahim Afellay,ibrahim-afellay,M,False,,,2.0,33.0,16.0,49.0,2.0,,4.0,1.0,,1.0,,,,,3.0,3.0,,,1.0,,,,,,1.0,,90.0,1.0,,,,,,,,,,7.1,,,,1.0,1.0,,,2.0,,38.0,17.0,55.0,2,,71.0,7.0,2.0,1.0,
2015-16,6768275,29,8,Chelsea,Home,7311,John Obi Mikel,john-obi-mikel,M,False,,,2.0,23.0,21.0,44.0,3.0,1.0,6.0,,,,3.0,,,,10.0,4.0,,,3.0,,,,,3.0,,,90.0,,,,,,,,,,,6.4,,,1.0,,2.0,1.0,,2.0,,26.0,21.0,46.0,1,1.0,55.0,,1.0,1.0,
2015-16,6768275,29,110,Stoke_City,Away,9682,Stephen Ireland,stephen-ireland,M,True,,,,2.0,,2.0,,,,,,,,,,,,,,,,,,,,,,,1.0,,,,,,,,,,,,,,,,,,,,,3.0,,3.0,0,,4.0,,,,
2015-16,6768275,29,110,Stoke_City,Away,10535,Glenn Whelan,glenn-whelan,M,False,,,3.0,34.0,20.0,54.0,,2.0,3.0,,,,2.0,,,,5.0,4.0,,,1.0,,,,,3.0,1.0,,75.0,,,,,,,,,,,6.7,,,,2.0,2.0,,,3.0,,35.0,22.0,57.0,0,2.0,69.0,1.0,,,
2015-16,6768275,29,8,Chelsea,Home,31417,Willian,willian,M,False,2.0,,2.0,37.0,13.0,48.0,,,6.0,,,1.0,,,,2.0,7.0,6.0,1.0,,1.0,,,,,,7.0,,90.0,1.0,,,,,,,,,,7.1,,,3.0,,8.0,10.0,,5.0,,54.0,16.0,60.0,5,,90.0,2.0,2.0,4.0,
2015-16,6768275,29,8,Chelsea,Home,39400,Oscar,oscar,M,False,,,2.0,22.0,5.0,27.0,,1.0,2.0,,,2.0,4.0,,,,7.0,8.0,,,1.0,,,,,,2.0,,90.0,2.0,,,,,,,,,,6.8,,,1.0,,3.0,4.0,,2.0,,35.0,8.0,39.0,5,4.0,61.0,1.0,2.0,1.0,
2015-16,6768275,29,8,Chelsea,Home,44241,Nemanja Matić,nemanja-matic,M,False,,,2.0,17.0,16.0,33.0,2.0,1.0,10.0,,,,1.0,,,3.0,7.0,4.0,,,1.0,1.0,,,,5.0,1.0,,82.0,,1.0,,,,,,,,,7.1,,,,,,,,2.0,,25.0,18.0,43.0,0,3.0,57.0,1.0,,,
2015-16,6768275,29,110,Stoke_City,Away,65953,Xherdan Shaqiri,xherdan-shaqiri,M,False,2.0,,1.0,24.0,7.0,29.0,,,9.0,,,,2.0,,,3.0,10.0,3.0,,,1.0,,,,,1.0,4.0,,90.0,1.0,,,,,,,,,,6.3,,,,,5.0,10.0,,4.0,1.0,40.0,8.0,38.0,1,2.0,66.0,2.0,,1.0,
2015-16,6768275,29,110,Stoke_City,Away,96702,Giannelli Imbula,giannelli-imbula,M,False,,,2.0,38.0,15.0,53.0,1.0,1.0,5.0,,,,2.0,,,1.0,5.0,13.0,,,1.0,,,,,,1.0,,90.0,,,,,,,,,,,7.8,,,1.0,2.0,8.0,,,4.0,,46.0,16.0,62.0,1,2.0,81.0,,2.0,8.0,
2015-16,6768275,29,8,Chelsea,Home,284441,Ruben Loftus-Cheek,ruben-loftus-cheek,M,True,,,,7.0,6.0,13.0,1.0,1.0,2.0,,,1.0,1.0,,,,3.0,4.0,,,,,,,,2.0,,,27.0,1.0,,,,,,,,,,6.8,,,,1.0,1.0,1.0,,,,10.0,8.0,17.0,2,2.0,30.0,1.0,1.0,,
2015-16,6768276,29,57,Watford,Home,642,Ben Watson,ben-watson,M,False,3.0,,4.0,19.0,22.0,38.0,,3.0,9.0,,,,5.0,,,1.0,6.0,8.0,,,,,,,,4.0,1.0,,90.0,,,,,,,,,,,7.0,,,,,,11.0,,6.0,,34.0,23.0,46.0,0,5.0,72.0,1.0,,,
2015-16,6768276,29,57,Watford,Home,4366,Almen Abdi,almen-abdi,M,True,,,1.0,5.0,2.0,7.0,3.0,2.0,1.0,,,,,,,,4.0,4.0,,,1.0,,,,,,,1.0,25.0,,,,,,,,,,,7.0,,,1.0,,,,,3.0,,9.0,4.0,13.0,1,2.0,18.0,,,,
2015-16,6768276,29,57,Watford,Home,11654,Valon Behrami,valon-behrami,M,True,,,,,,,,,,,,,,,,,,,,,,,,,,,,,,,,,,,,,,,,,,,,,,,,,,,,,0,,,,,,
2015-16,6768276,29,57,Watford,Home,16701,Étienne Capoue,etienne-capoue,M,False,,,7.0,27.0,20.0,47.0,,1.0,8.0,,,,,,,2.0,4.0,5.0,,,,,,,,1.0,,,88.0,,,,,,,,,,,6.7,,,,,3.0,1.0,,10.0,,34.0,22.0,55.0,0,1.0,69.0,2.0,2.0,1.0,
2015-16,6768276,29,57,Watford,Home,20364,Ikechi Anya,ikechi-anya,M,True,,,,4.0,2.0,6.0,,,1.0,,,,,,,,,,,,,,,,,,,,8.0,,,,,,,,,,,6.5,,,,,,,,,,4.0,2.0,6.0,0,,6.0,,,,
2015-16,6768276,29,57,Watford,Home,27714,Nordin Amrabat,nordin-amrabat,M,False,1.0,,,10.0,8.0,17.0,3.0,1.0,6.0,,,1.0,1.0,,,4.0,11.0,11.0,,,2.0,,,,,,,,90.0,1.0,,,,,,,,,,6.6,,,,1.0,7.0,5.0,,,,15.0,8.0,18.0,2,2.0,50.0,3.0,3.0,5.0,
2015-16,6768276,29,13,Leicester_City,Away,30530,Andy King,andy-king,M,True,,,3.0,15.0,7.0,22.0,1.0,,4.0,,,,1.0,,,,2.0,4.0,,,,,,,,,,,45.0,,,,,,,,,,,6.9,,,,2.0,1.0,1.0,,3.0,,18.0,8.0,25.0,0,2.0,33.0,1.0,1.0,1.0,
2015-16,6768276,29,57,Watford,Home,45989,Adlène Guédioura,adlene-guedioura,M,True,,,,,,,,,,,,,,,,,,,,,,,,,,,,,,,,,,,,,,,,,,,,,,,,,,,,,0,,,,,,
2015-16,6768276,29,57,Watford,Home,47668,Juan Carlos Paredes,juan-carlos-paredes,M,True,,,,,,,,,,,,,,,,,,,,,,,,,,,,,,,,,,,,,,,,,,,,,,,,,,,,,0,,,,,,
2015-16,6768276,29,13,Leicester_City,Away,47737,Marc Albrighton,marc-albrighton,M,False,1.0,,3.0,7.0,8.0,14.0,,,8.0,,,,1.0,,,,2.0,2.0,,,,,,,,1.0,2.0,,45.0,,,,,,,,,,,6.9,,,,,1.0,5.0,,5.0,,17.0,9.0,21.0,0,1.0,34.0,2.0,1.0,,
2015-16,6768276,29,13,Leicester_City,Away,54330,Danny Drinkwater,danny-drinkwater,M,False,,,6.0,32.0,22.0,54.0,1.0,,9.0,,,,3.0,,,2.0,6.0,7.0,,,,,,,,2.0,,,90.0,,,,,,,,,,,7.2,,,1.0,1.0,2.0,1.0,,10.0,,43.0,24.0,66.0,1,5.0,81.0,,,2.0,
2015-16,6768276,29,13,Leicester_City,Away,148710,Jeffrey Schlupp,jeffrey-schlupp,M,True,,,,12.0,4.0,16.0,2.0,4.0,4.0,,,,1.0,,,,5.0,7.0,,,1.0,,,,,,1.0,,45.0,,,,,,,,,,,6.8,,,1.0,,2.0,2.0,,3.0,,19.0,5.0,22.0,1,1.0,33.0,3.0,1.0,1.0,
2015-16,6768276,29,13,Leicester_City,Away,158213,Riyad Mahrez,riyad-mahrez,M,False,1.0,,2.0,18.0,12.0,29.0,2.0,2.0,10.0,1.0,,,3.0,,,5.0,13.0,6.0,,,,,1.0,,,2.0,2.0,,85.0,2.0,,,,,,,,,,7.1,,,,,6.0,3.0,,2.0,,26.0,13.0,36.0,2,,69.0,4.0,1.0,3.0,
2015-16,6768276,29,13,Leicester_City,Away,234148,N'Golo Kanté,n-golo-kante,M,False,1.0,,4.0,18.0,23.0,40.0,3.0,,11.0,,,,1.0,,,3.0,9.0,10.0,,,1.0,,,,,5.0,1.0,,90.0,,,,,,,,,,,7.7,,,,1.0,3.0,1.0,,6.0,,23.0,26.0,48.0,0,8.0,70.0,,,2.0,
2015-16,6768276,29,13,Leicester_City,Away,308526,Daniel Amartey,daniel-amartey,M,True,,,,4.0,2.0,6.0,2.0,,2.0,,,,,,,,2.0,,,,,,,,,1.0,1.0,,5.0,,,,,,,,,,,6.7,,,,,,,,,,5.0,2.0,7.0,0,,10.0,1.0,,,
2015-16,6768276,29,13,Leicester_City,Away,355152,Demarai Gray,demarai-gray,M,True,,,,,,,,,,,,,,,,,,,,,,,,,,,,,,,,,,,,,,,,,,,,,,,,,,,,,0,,,,,,
2015-16,6768277,29,14,Liverpool,Away,791,James Milner,james-milner,M,False,1.0,,3.0,25.0,12.0,36.0,1.0,1.0,5.0,,,1.0,2.0,,,2.0,8.0,3.0,,,3.0,,,,,1.0,1.0,,62.0,,,,,,,,,,,5.9,,,,,,5.0,,3.0,,35.0,13.0,43.0,1,2.0,59.0,1.0,,,
2015-16,6768277,29,31,Crystal_Palace,Home,3574,Yohan Cabaye,yohan-cabaye,M,False,2.0,,4.0,19.0,7.0,24.0,1.0,,5.0,,,1.0,1.0,,,,4.0,4.0,,,2.0,,,,,1.0,2.0,,70.0,,1.0,,,,,,,,,7.4,,,1.0,,,7.0,,4.0,,28.0,11.0,32.0,2,3.0,48.0,,1.0,,
2015-16,6768277,29,31,Crystal_Palace,Home,9921,Joe Ledley,joe-ledley,M,False,,,2.0,12.0,6.0,18.0,2.0,,7.0,,,,1.0,,,1.0,4.0,1.0,,,,,1.0,,,1.0,1.0,,82.0,1.0,,,,,,,,,,7.2,,,1.0,1.0,,,,4.0,,15.0,7.0,22.0,2,1.0,28.0,,,,
2015-16,6768277,29,14,Liverpool,Away,17054,Adam Lallana,adam-lallana,M,False,,,3.0,27.0,6.0,33.0,2.0,3.0,4.0,1.0,,,1.0,,,3.0,9.0,6.0,,,,,,,,1.0,3.0,,90.0,,,,,,,,,,,6.7,,,,1.0,4.0,1.0,,3.0,,31.0,6.0,36.0,0,1.0,60.0,2.0,1.0,1.0,
2015-16,6768277,29,14,Liverpool,Away,20602,Joe Allen,joe-allen,M,True,,,,,,,,,,,,,,,,,,,,,,,,,,,,,,,,,,,,,,,,,,,,,,,,,,,,,0,,,,,,
2015-16,6768277,29,31,Crystal_Palace,Home,38130,Jordon Mutch,jordon-mutch,M,True,1.0,,,2.0,5.0,6.0,,,1.0,,,,,,,,,,,,,,,,,1.0,1.0,,20.0,,,,,,,,,,,6.6,,,,,,1.0,,1.0,,7.0,5.0,11.0,0,,14.0,1.0,,,
2015-16,6768277,29,31,Crystal_Palace,Home,38639,Chung-yong Lee,chung-yong-lee,M,True,,,,,,,,,,,,,,,,,,,,,,,,,,,,,,,,,,,,,,,,,,,,,,,,,,,,,0,,,,,,
2015-16,6768277,29,14,Liverpool,Away,42694,Jordan Henderson,jordan-henderson,M,False,1.0,,5.0,43.0,36.0,78.0,,1.0,11.0,,,1.0,1.0,,,,2.0,5.0,,,1.0,,,,,,,,90.0,,,,,,,,,,,7.3,,,,2.0,,1.0,,6.0,,49.0,37.0,85.0,1,4.0,98.0,1.0,,,
2015-16,6768277,29,31,Crystal_Palace,Home,84686,Pape Souaré,pape-souare,M,False,2.0,,4.0,13.0,16.0,27.0,,1.0,6.0,1.0,,1.0,,,,1.0,2.0,7.0,,,,,,,,3.0,1.0,,90.0,,1.0,,,,,,,,,7.1,,,,2.0,4.0,7.0,,7.0,,24.0,17.0,34.0,1,,70.0,,3.0,3.0,
2015-16,6768277,29,31,Crystal_Palace,Home,111850,Wilfried Zaha,wilfried-zaha,M,False,,,1.0,12.0,5.0,17.0,1.0,,11.0,,,,,,,5.0,14.0,10.0,,,2.0,,,,,2.0,1.0,,90.0,,,,,,,,,,,6.0,,,,,10.0,2.0,,1.0,,15.0,6.0,19.0,0,1.0,52.0,3.0,5.0,4.0,
2015-16,6768277,29,14,Liverpool,Away,119159,Philippe Coutinho,philippe-coutinho,M,True,,,1.0,21.0,4.0,25.0,,,3.0,,,,1.0,,,2.0,4.0,,,,,,,,,,2.0,,29.0,,,,,,,,,,,6.5,,,2.0,1.0,1.0,,,1.0,,22.0,5.0,27.0,2,,36.0,1.0,,,
2015-16,6768277,29,14,Liverpool,Away,143697,Roberto Firmino,roberto-firmino,M,False,1.0,,,15.0,6.0,20.0,1.0,,3.0,,,3.0,,,,,4.0,3.0,1.0,,4.0,,1.0,,,,2.0,,88.0,2.0,,,,,,,,,,7.3,,,,,,2.0,,1.0,,19.0,9.0,26.0,5,2.0,40.0,2.0,1.0,,
2015-16,6768278,29,3,Arsenal,Away,519,Mathieu Flamini,mathieu-flamini,M,True,,,,1.0,1.0,2.0,,,,,,,,,,,,,,,,,,,,,,,5.0,,,,,,,,,,,6.5,,,,1.0,,,,,,1.0,1.0,2.0,0,,3.0,,,,
2015-16,6768278,29,6,Tottenham_Hotspur,Home,9865,Mousa Dembélé,mousa-dembele,M,False,,,3.0,21.0,14.0,35.0,1.0,,9.0,,,,,,,1.0,3.0,12.0,,,,,,,,2.0,2.0,,82.0,,,,,,,,,,,8.1,,,,1.0,6.0,,,3.0,,22.0,14.0,36.0,0,7.0,58.0,,,5.0,
2015-16,6768278,29,3,Arsenal,Away,10501,Theo Walcott,theo-walcott,M,True,,,,,,,,,,,,,,,,,,,,,,,,,,,,,,,,,,,,,,,,,,,,,,,,,,,,,0,,,,,,
2015-16,6768278,29,3,Arsenal,Away,16176,Mesut Özil,mesut-ozil,M,False,,,2.0,25.0,16.0,41.0,2.0,,3.0,,,,3.0,,,,5.0,2.0,,,,,,,,,,,89.0,,,,,,,,,,,6.4,,,1.0,,1.0,1.0,,4.0,,34.0,17.0,50.0,1,1.0,60.0,3.0,,1.0,
2015-16,6768278,29,3,Arsenal,Away,23571,Aaron Ramsey,aaron-ramsey,M,False,,,2.0,18.0,17.0,35.0,,3.0,15.0,,,2.0,2.0,,,7.0,15.0,7.0,,,2.0,,1.0,,,2.0,1.0,,90.0,1.0,,,,,,,,,,6.3,,,,1.0,4.0,,,4.0,,37.0,21.0,58.0,3,4.0,82.0,,,,
2015-16,6768278,29,6,Tottenham_Hotspur,Home,32492,Nacer Chadli,nacer-chadli,M,True,,,,,,,,,,,,,,,,,,,,,,,,,,,,,,,,,,,,,,,,,,,,,,,,,,,,,0,,,,,,
2015-16,6768278,29,3,Arsenal,Away,40672,Francis Coquelin,francis-coquelin,M,False,,,1.0,9.0,15.0,24.0,1.0,1.0,8.0,,,,,,,1.0,4.0,4.0,,,3.0,,,,,6.0,,,55.0,,,,,,,,,,,6.6,,,,,1.0,,,3.0,,14.0,19.0,33.0,0,2.0,45.0,1.0,,1.0,
2015-16,6768278,29,6,Tottenham_Hotspur,Home,44567,Ryan Mason,ryan-mason,M,True,,,,1.0,2.0,3.0,,2.0,1.0,,,1.0,,,,,,4.0,,,,,,,,,,,23.0,,,,,,,,,,,6.8,,,,1.0,,,,,,3.0,3.0,6.0,1,1.0,13.0,,1.0,,
2015-16,6768278,29,6,Tottenham_Hotspur,Home,105734,Christian Eriksen,christian-eriksen,M,False,1.0,,1.0,31.0,5.0,35.0,,,5.0,,,1.0,1.0,,,1.0,3.0,1.0,,1.0,,,,,,,5.0,,90.0,2.0,,,,,,,,,,6.6,,,1.0,1.0,1.0,10.0,,3.0,,51.0,8.0,49.0,4,1.0,78.0,5.0,,,
2015-16,6768278,29,6,Tottenham_Hotspur,Home,122702,Erik Lamela,erik-lamela,M,False,1.0,,,15.0,6.0,20.0,,,8.0,1.0,1.0,1.0,2.0,,,1.0,7.0,5.0,,,1.0,1.0,,,,2.0,1.0,,67.0,1.0,,,,,,,,,,6.7,,,,,3.0,3.0,,1.0,,22.0,7.0,26.0,2,5.0,45.0,1.0,,,
2015-16,6768278,29,3,Arsenal,Away,154508,Joel Campbell,joel-campbell,M,True,,,,,,,,,,,,,,,,,,,,,,,,,,,,,1.0,,,,,,,,,,,,,,,,,,,,,,,,0,,,,,,
2015-16,6768278,29,3,Arsenal,Away,159675,Mohamed Elneny,mohamed-elneny,M,False,,,1.0,18.0,15.0,33.0,,1.0,10.0,,,,1.0,,,1.0,2.0,1.0,,,,,,,,2.0,,,75.0,,1.0,,,,,,,,,6.6,,,,4.0,,,,1.0,,22.0,19.0,41.0,0,,52.0,,,,
2015-16,6768278,29,6,Tottenham_Hotspur,Home,198028,Dele Alli,dele-alli,M,False,,,,16.0,6.0,22.0,3.0,3.0,9.0,,,3.0,3.0,,,5.0,16.0,9.0,,,1.0,1.0,,,,3.0,3.0,,90.0,1.0,,,,,,,,,,6.1,,,,1.0,4.0,,,1.0,,21.0,8.0,29.0,4,3.0,65.0,8.0,3.0,,
2015-16,6768278,29,6,Tottenham_Hotspur,Home,801460,Tom Carroll,carroll-tom,M,True,,,,,,,,,,,,,,,,,,,,,,,,,,,,,,,,,,,,,,,,,,,,,,,,,,,,,0,,,,,,
2015-16,6768280,29,35,West_Bromwich_Albion,Home,765,Darren Fletcher,darren-fletcher,M,False,1.0,,2.0,34.0,14.0,47.0,3.0,,10.0,,,,2.0,,,1.0,6.0,9.0,,,,,,,,2.0,,,90.0,,,,,,,,,,,7.5,,,,,3.0,1.0,,3.0,,43.0,17.0,59.0,0,4.0,76.0,1.0,2.0,3.0,
2015-16,6768280,29,1,Manchester_United,Away,938,Michael Carrick,michael-carrick,M,False,,,2.0,26.0,29.0,55.0,,2.0,7.0,,,,,,,,1.0,3.0,,,1.0,,,,,2.0,,,90.0,,,,,,,,,,,6.9,,,,,,,,3.0,,35.0,36.0,71.0,0,1.0,76.0,,,,
2015-16,6768280,29,35,West_Bromwich_Albion,Home,14235,Craig Gardner,craig-gardner,M,False,,,1.0,14.0,5.0,19.0,4.0,1.0,5.0,,,1.0,3.0,,,1.0,12.0,5.0,,,2.0,,,,,2.0,1.0,,90.0,,,,,,,,,,,6.2,,,,,2.0,3.0,,3.0,2.0,28.0,6.0,31.0,1,3.0,51.0,,1.0,,
2015-16,6768280,29,35,West_Bromwich_Albion,Home,16657,Stéphane Sessègnon,stephane-sessegnon,M,False,,,,14.0,6.0,20.0,,,7.0,,,1.0,,,,3.0,7.0,,,,1.0,,,,,,1.0,,69.0,1.0,,,,,,,,,,6.1,,,,1.0,3.0,1.0,,,,19.0,7.0,25.0,2,,40.0,2.0,,,
2015-16,6768280,29,1,Manchester_United,Away,27009,Morgan Schneiderlin,morgan-schneiderlin,M,True,,,1.0,6.0,6.0,12.0,,,1.0,,,,,,,,,1.0,,,,,,,,1.0,,,28.0,,,,,,,,,,,6.6,,,,,,,,1.0,,7.0,6.0,13.0,0,1.0,16.0,1.0,,,
2015-16,6768280,29,1,Manchester_United,Away,28367,Juan Mata,juan-mata,M,False,,,2.0,10.0,5.0,15.0,,,1.0,,,,,,,2.0,3.0,4.0,,,1.0,,,,,,,,26.0,,,,,,,,,,,5.6,,,,,3.0,1.0,,2.0,,13.0,5.0,17.0,0,1.0,24.0,,,3.0,
2015-16,6768280,29,35,West_Bromwich_Albion,Home,41631,James McClean,james-mcclean,M,True,,,,1.0,1.0,2.0,1.0,,,,,,,,,,2.0,1.0,,,,,,,,,,,21.0,,,,,,,,,,,6.5,,,,2.0,1.0,1.0,,,,4.0,1.0,4.0,0,1.0,11.0,,,,
2015-16,6768280,29,35,West_Bromwich_Albion,Home,43301,Sandro,sandro,M,True,,,,,3.0,3.0,,,2.0,,,,,,,,,,,,,,,,,,,,2.0,,,,,,,,,,,,,,,2.0,,,,,,1.0,3.0,4.0,0,,6.0,,,,
2015-16,6768280,29,1,Manchester_United,Away,82474,Ander Herrera,ander-herrera,M,False,,,4.0,34.0,12.0,46.0,,1.0,6.0,,,1.0,3.0,,,1.0,6.0,4.0,,,2.0,,,,,2.0,,,62.0,,,,,,,,,,,6.6,,,,,,2.0,,8.0,,47.0,15.0,60.0,1,3.0,74.0,2.0,,,
2015-16,6768280,29,35,West_Bromwich_Albion,Home,151037,Claudio Yacob,claudio-yacob,M,False,,,6.0,29.0,20.0,49.0,,1.0,9.0,,,,1.0,,,1.0,2.0,6.0,,,,,,,,6.0,,,90.0,,,,,,,,,,,7.5,,,,1.0,2.0,1.0,,10.0,,40.0,22.0,61.0,0,3.0,80.0,,,2.0,
2015-16,6768280,29,35,West_Bromwich_Albion,Home,180009,Alex Pritchard,alex-pritchard,M,True,,,,,,,,,,,,,,,,,,,,,,,,,,,,,,,,,,,,,,,,,,,,,,,,,,,,,0,,,,,,
2015-16,6768280,29,1,Manchester_United,Away,191176,Anthony Martial,anthony-martial,M,False,,,2.0,22.0,8.0,30.0,6.0,4.0,4.0,,,1.0,,,,2.0,12.0,10.0,,,,,,,,,1.0,,90.0,1.0,,,,,,,,,,6.5,,,,1.0,8.0,,,2.0,1.0,28.0,10.0,38.0,2,,59.0,3.0,2.0,4.0,
2015-16,6768280,29,1,Manchester_United,Away,353214,James Weir,james-weir,M,True,,,,,,,,,,,,,,,,,,,,,,,,,,,,,,,,,,,,,,,,,,,,,,,,,,,,,0,,,,,,
2015-16,6768283,29,91,Bournemouth,Away,11764,Marc Pugh,marc-pugh,M,True,,,,3.0,3.0,6.0,,,3.0,,,,,,,,3.0,2.0,,,,1.0,,,,,1.0,,29.0,1.0,,,,,,,,,,6.7,,,,,5.0,,,,,3.0,4.0,7.0,1,,15.0,,,2.0,
2015-16,6768283,29,91,Bournemouth,Away,14695,Andrew Surman,andrew-surman,M,False,,,7.0,25.0,27.0,52.0,1.0,2.0,7.0,,,,2.0,,,,3.0,9.0,,,,,,,,7.0,3.0,,90.0,,,,,,,,,,,8.1,,,,4.0,1.0,,,7.0,,26.0,27.0,53.0,0,4.0,74.0,1.0,2.0,1.0,
2015-16,6768283,29,4,Newcastle_United,Home,15007,Vurnon Anita,vurnon-anita,M,True,,,1.0,19.0,11.0,30.0,,,5.0,,,,1.0,,,1.0,4.0,4.0,,,2.0,,,,,,,,59.0,,1.0,,,,,,,,,6.6,,,,,,,,4.0,,25.0,12.0,37.0,0,3.0,44.0,1.0,1.0,,
2015-16,6768283,29,91,Bournemouth,Away,16590,Max Gradel,max-gradel,M,False,,,1.0,10.0,3.0,13.0,,,6.0,,,2.0,1.0,,,1.0,6.0,3.0,,,,,,,,1.0,1.0,,61.0,,,,,,,,,,,6.4,,,1.0,,6.0,1.0,,3.0,,14.0,4.0,17.0,3,,34.0,2.0,1.0,2.0,
2015-16,6768283,29,4,Newcastle_United,Home,22126,Georginio Wijnaldum,georginio-wijnaldum,M,False,,,1.0,21.0,8.0,29.0,2.0,,9.0,,,1.0,1.0,,,5.0,10.0,5.0,,,1.0,,,,,1.0,3.0,,90.0,,,,,,,,,,,6.2,,,,1.0,1.0,,,2.0,,25.0,10.0,35.0,1,3.0,55.0,3.0,2.0,,
2015-16,6768283,29,4,Newcastle_United,Home,26895,Henri Saivet,henri-saivet,M,True,,,,,,,,,,,,,,,,,,,,,,,,,,,,,,,,,,,,,,,,,,,,,,,,,,,,,0,,,,,,
2015-16,6768283,29,4,Newcastle_United,Home,26982,Yoan Gouffran,yoan-gouffran,M,True,,,,,,,,,,,,,,,,,,,,,,,,,,,,,,,,,,,,,,,,,,,,,,,,,,,,,0,,,,,,
2015-16,6768283,29,4,Newcastle_United,Home,27014,Moussa Sissoko,moussa-sissoko,M,False,1.0,,,21.0,6.0,26.0,1.0,2.0,5.0,,,,,,,,3.0,8.0,,,1.0,,,,,,1.0,,69.0,1.0,,,,,,,,,,7.3,,,1.0,,5.0,6.0,,,,35.0,7.0,36.0,2,2.0,56.0,,,4.0,
2015-16,6768283,29,4,Newcastle_United,Home,36465,Jonjo Shelvey,jonjo-shelvey,M,False,2.0,,4.0,20.0,19.0,37.0,5.0,,5.0,1.0,,,4.0,,,,11.0,9.0,,,2.0,1.0,,,,3.0,2.0,,90.0,,,,,,,,,,,7.7,,,1.0,,3.0,7.0,,15.0,,36.0,21.0,50.0,1,6.0,74.0,1.0,,3.0,
2015-16,6768283,29,4,Newcastle_United,Home,40686,Jack Colback,jack-colback,M,False,,,1.0,19.0,13.0,32.0,1.0,1.0,8.0,,,,2.0,,,,4.0,9.0,,,1.0,,,,,2.0,1.0,,90.0,,,,,,,,,,,7.0,,,,1.0,1.0,1.0,,5.0,,25.0,19.0,43.0,0,3.0,71.0,1.0,4.0,1.0,
2015-16,6768283,29,91,Bournemouth,Away,41628,Eunan O'Kane,eunan-okane,M,True,,,,,,,,,,,,,,,,,,,,,,,,,,,,,,,,,,,,,,,,,,,,,,,,,,,,,0,,,,,,
2015-16,6768283,29,91,Bournemouth,Away,42699,Matt Ritchie,matt-ritchie,M,False,2.0,,3.0,26.0,5.0,29.0,2.0,2.0,9.0,1.0,,,2.0,,,,6.0,6.0,,,1.0,1.0,,,,3.0,3.0,,89.0,,,,,,,,,,,7.5,,,,1.0,2.0,7.0,,4.0,,42.0,9.0,44.0,0,1.0,68.0,4.0,2.0,1.0,
2015-16,6768295,29,45,Norwich_City,Away,9148,Graham Dorrans,graham-dorrans,M,True,,,,,,,,,,,,,,,,,,,,,,,,,,,,,,,,,,,,,,,,,,,,,,,,,,,,,0,,,,,,
2015-16,6768295,29,45,Norwich_City,Away,14336,Wesley Hoolahan,wesley-hoolahan,M,False,3.0,,2.0,29.0,6.0,32.0,,,11.0,,,1.0,,,,2.0,5.0,8.0,,,,,,,,2.0,4.0,,90.0,,,,,,,,,,,7.5,,,,1.0,6.0,4.0,,6.0,,42.0,7.0,45.0,1,2.0,77.0,3.0,3.0,3.0,
2015-16,6768295,29,45,Norwich_City,Away,18712,Youssouf Mulumbu,youssouf-mulumbu,M,True,,,,,,,,,,,,,,,,,,,,,,,,,,,,,,,,,,,,,,,,,,,,,,,,,,,,,0,,,,,,
2015-16,6768295,29,45,Norwich_City,Away,20095,Matt Jarvis,matt-jarvis,M,True,,,,,,,,,,,,,,,,,,,,,,,,,,,,,,,,,,,,,,,,,,,,,,,,,,,,,0,,,,,,
2015-16,6768295,29,80,Swansea_City,Home,20538,Leon Britton,leon-britton,M,False,,,,16.0,7.0,23.0,,1.0,6.0,,,,,,,,1.0,5.0,,,1.0,,,,,1.0,,,55.0,,,,,,,,,,,7.1,,,,,1.0,,,,,20.0,11.0,31.0,0,3.0,37.0,1.0,,1.0,
2015-16,6768295,29,80,Swansea_City,Home,20993,Jack Cork,jack-cork,M,False,,,1.0,27.0,21.0,48.0,2.0,2.0,8.0,,,,1.0,,,1.0,6.0,8.0,,,2.0,,,,,3.0,1.0,,90.0,,,,,,,,,,,7.1,,,,4.0,1.0,1.0,,2.0,,37.0,22.0,58.0,0,1.0,77.0,1.0,4.0,1.0,
2015-16,6768295,29,45,Norwich_City,Away,29691,Gary O'Neil,gary-oneil,M,False,,,1.0,14.0,14.0,28.0,,2.0,9.0,,,,1.0,,,1.0,5.0,4.0,,,3.0,,,,,2.0,,,90.0,,,,,,,,,,,6.7,,,,1.0,1.0,,,3.0,,20.0,17.0,37.0,0,1.0,49.0,1.0,1.0,1.0,
2015-16,6768295,29,80,Swansea_City,Home,30243,Neil Taylor,neil-taylor,M,False,1.0,,7.0,26.0,11.0,36.0,1.0,1.0,2.0,,,,1.0,,,,5.0,5.0,,,1.0,,,,,4.0,,,90.0,,1.0,,,,,,,,,7.3,,,,2.0,4.0,1.0,,10.0,,34.0,12.0,45.0,0,1.0,77.0,1.0,1.0,2.0,
2015-16,6768295,29,80,Swansea_City,Home,31821,Leroy Fer,leroy-fer,M,True,,,1.0,6.0,8.0,14.0,,3.0,3.0,,,,1.0,,,,2.0,6.0,,,1.0,1.0,,,,1.0,1.0,,35.0,,,,,,,,,,,7.2,,,,3.0,,,,2.0,,9.0,8.0,17.0,0,2.0,26.0,1.0,1.0,,
2015-16,6768295,29,80,Swansea_City,Home,43192,Gylfi Sigurðsson,gylfi-sigursson,M,False,,,2.0,19.0,14.0,33.0,2.0,,6.0,,,2.0,3.0,,,2.0,7.0,3.0,,,1.0,,1.0,,,,,,90.0,2.0,,,,,,,,,,6.8,,,,,1.0,8.0,,5.0,,43.0,18.0,53.0,4,2.0,73.0,2.0,,1.0,
2015-16,6768295,29,80,Swansea_City,Home,54686,Jefferson Montero,jefferson-montero,M,True,,,,,,,,,,,,,,,,,,,,,,,,,,,,,,,,,,,,,,,,,,,,,,,,,,,,,0,,,,,,
2015-16,6768295,29,45,Norwich_City,Away,115346,Nathan Redmond,nathan-redmond,M,False,1.0,,1.0,16.0,4.0,19.0,3.0,,4.0,,,1.0,2.0,,,2.0,10.0,6.0,,,1.0,,,,,1.0,,,90.0,1.0,,,,,,,,,,6.6,,,1.0,,3.0,2.0,,1.0,,23.0,4.0,25.0,3,2.0,47.0,3.0,3.0,1.0,
2015-16,6768295,29,80,Swansea_City,Home,209098,Modou Barrow,modou-barrow,M,True,,,1.0,13.0,1.0,14.0,3.0,,3.0,,,,,,,1.0,4.0,3.0,,,,,,,,,2.0,,45.0,,,,,,,,,,,7.0,,,1.0,2.0,1.0,2.0,,1.0,1.0,16.0,2.0,16.0,1,1.0,28.0,1.0,1.0,1.0,
2015-16,6768295,29,45,Norwich_City,Away,267621,Robbie Brady,robbie-brady,M,False,,,2.0,4.0,1.0,5.0,,2.0,1.0,,,,1.0,,,,2.0,2.0,,,1.0,,,,,1.0,,,27.0,,,,,,,,,,,6.4,,,,3.0,,2.0,,3.0,,9.0,2.0,9.0,0,,21.0,,,,
2015-16,6768281,30,91,Bournemouth,Home,11764,Marc Pugh,marc-pugh,M,True,,,,7.0,1.0,8.0,1.0,,2.0,,,,,,,2.0,5.0,,,,1.0,,,,,1.0,1.0,,14.0,,,,,,,,,,,6.0,,,,,1.0,1.0,,,,8.0,2.0,9.0,0,,14.0,,,,
2015-16,6768281,30,91,Bournemouth,Home,14695,Andrew Surman,andrew-surman,M,False,,,7.0,21.0,11.0,32.0,,1.0,6.0,,,,1.0,,,,5.0,2.0,,,3.0,,,,1.0,8.0,,,90.0,,,,,,,,,,,7.0,,,1.0,1.0,2.0,,,11.0,,29.0,12.0,41.0,1,,55.0,1.0,,1.0,
2015-16,6768281,30,91,Bournemouth,Home,16590,Max Gradel,max-gradel,M,False,2.0,,1.0,10.0,3.0,11.0,1.0,,6.0,,,,4.0,,,,8.0,6.0,,,1.0,1.0,1.0,,,2.0,2.0,,76.0,1.0,,,,,,,,,,7.7,,,1.0,,3.0,3.0,,2.0,,20.0,3.0,20.0,2,3.0,44.0,3.0,2.0,1.0,
2015-16,6768281,30,80,Swansea_City,Away,20538,Leon Britton,leon-britton,M,True,,,,,,,,,,,,,,,,,,,,,,,,,,,,,,,,,,,,,,,,,,,,,,,,,,,,,0,,,,,,
2015-16,6768281,30,80,Swansea_City,Away,20993,Jack Cork,jack-cork,M,False,,,3.0,28.0,33.0,61.0,1.0,1.0,9.0,,,,1.0,,,,5.0,11.0,,,1.0,,,,,4.0,1.0,,90.0,,1.0,,,,,,,,,7.6,,,,1.0,4.0,,,6.0,,33.0,37.0,70.0,0,6.0,94.0,2.0,2.0,2.0,
2015-16,6768281,30,80,Swansea_City,Away,30243,Neil Taylor,neil-taylor,M,False,2.0,,1.0,21.0,10.0,29.0,,1.0,5.0,,,,,,,,3.0,4.0,,,2.0,,,,,2.0,1.0,,90.0,,,,,,,,,,,6.5,,,1.0,1.0,2.0,4.0,,5.0,,29.0,14.0,39.0,1,1.0,62.0,1.0,1.0,1.0,
2015-16,6768281,30,80,Swansea_City,Away,31821,Leroy Fer,leroy-fer,M,False,,,3.0,24.0,17.0,41.0,1.0,3.0,5.0,,,1.0,2.0,,,1.0,4.0,11.0,,,1.0,1.0,,,,,2.0,,84.0,,,,,,,,,,,7.1,,,,1.0,,,,7.0,,31.0,18.0,49.0,1,4.0,61.0,,4.0,,
2015-16,6768281,30,80,Swansea_City,Away,38642,Sung-Yueng Ki,sung-yueng-ki,M,True,,,,2.0,3.0,5.0,,,,,,,,,,,1.0,2.0,,,1.0,,,,,1.0,,,6.0,,,,,,,,,,,6.9,,,,,1.0,,,,,2.0,3.0,5.0,0,1.0,8.0,,,1.0,
2015-16,6768281,30,91,Bournemouth,Home,41628,Eunan O'Kane,eunan-okane,M,True,,,3.0,16.0,6.0,22.0,,,3.0,,,,,,,,,1.0,,,,,,,,,1.0,,45.0,,,,,,,,,,,6.8,,,,1.0,,,,5.0,,21.0,6.0,27.0,0,1.0,32.0,,,,
2015-16,6768281,30,91,Bournemouth,Home,42699,Matt Ritchie,matt-ritchie,M,False,1.0,,4.0,22.0,15.0,36.0,1.0,2.0,6.0,,,,3.0,,,,7.0,9.0,,,1.0,1.0,,,,3.0,3.0,,90.0,,,,,,,,,,,7.2,,,1.0,1.0,2.0,3.0,,10.0,,34.0,19.0,50.0,1,3.0,75.0,1.0,4.0,,
2015-16,6768281,30,80,Swansea_City,Away,43192,Gylfi Sigurðsson,gylfi-sigursson,M,False,2.0,,1.0,21.0,14.0,33.0,1.0,,3.0,,,,2.0,,,1.0,5.0,6.0,,,,,1.0,,,1.0,3.0,,90.0,1.0,,,,,,,,,,7.7,,,1.0,2.0,4.0,8.0,,2.0,,33.0,14.0,39.0,2,3.0,64.0,2.0,,3.0,
2015-16,6768281,30,80,Swansea_City,Away,209098,Modou Barrow,modou-barrow,M,False,2.0,,,15.0,3.0,16.0,2.0,,3.0,1.0,,,1.0,,,1.0,9.0,3.0,,,,,1.0,,,,1.0,,80.0,1.0,,,,,,,,,,6.6,,,,,7.0,3.0,,,,18.0,4.0,19.0,1,,37.0,2.0,1.0,2.0,
2015-16,6768285,30,20,Southampton,Away,559,Steven Davis,steven-davis,M,False,1.0,,1.0,23.0,8.0,30.0,2.0,,10.0,,,,4.0,,,5.0,12.0,4.0,,,1.0,1.0,,,,1.0,1.0,,90.0,,,,,,,,,,,6.2,,,,2.0,,2.0,,3.0,,31.0,11.0,40.0,0,3.0,58.0,1.0,1.0,,
2015-16,6768285,30,110,Stoke_City,Home,2525,Ibrahim Afellay,ibrahim-afellay,M,False,1.0,,3.0,40.0,10.0,49.0,1.0,2.0,5.0,1.0,,1.0,,,,2.0,5.0,5.0,,,1.0,1.0,,,,,3.0,,90.0,,,,,,,,,,,7.0,,,2.0,,2.0,8.0,,5.0,,49.0,11.0,52.0,3,,78.0,4.0,2.0,1.0,
2015-16,6768285,30,110,Stoke_City,Home,9682,Stephen Ireland,stephen-ireland,M,True,,,,,,,,,,,,,,,,,,,,,,,,,,,,,,,,,,,,,,,,,,,,,,,,,,,,,0,,,,,,
2015-16,6768285,30,110,Stoke_City,Home,10535,Glenn Whelan,glenn-whelan,M,False,,,1.0,35.0,20.0,55.0,2.0,1.0,10.0,,,,1.0,,,,3.0,3.0,,,,,,,,,4.0,,78.0,,,,,,,,,,,6.9,,,,1.0,,2.0,,4.0,,42.0,22.0,62.0,0,1.0,71.0,2.0,1.0,,
2015-16,6768285,30,20,Southampton,Away,44760,Cédric Soares,cedric-soares,M,True,,,,,,,,,,,,,,,,,,,,,,,,,,,,,,,,,,,,,,,,,,,,,,,,,,,,,0,,,,,,
2015-16,6768285,30,110,Stoke_City,Home,65953,Xherdan Shaqiri,xherdan-shaqiri,M,False,,,1.0,3.0,3.0,6.0,,,1.0,,,,,,,1.0,1.0,,,,,,,,,,,,31.0,,,,,,,,,,,6.2,,,,,,1.0,,2.0,,7.0,3.0,9.0,0,,13.0,2.0,,,
2015-16,6768285,30,20,Southampton,Away,69416,Oriol Romeu,oriol-romeu,M,False,,,2.0,12.0,16.0,28.0,5.0,2.0,4.0,,,,3.0,,,2.0,10.0,7.0,,,,,,,,1.0,,,90.0,,,,,,,,,,,6.6,,,1.0,3.0,1.0,,,3.0,,16.0,18.0,34.0,1,4.0,46.0,,,1.0,
2015-16,6768285,30,110,Stoke_City,Home,96702,Giannelli Imbula,giannelli-imbula,M,False,,,6.0,59.0,18.0,77.0,,,5.0,,,,1.0,,,1.0,6.0,6.0,,,,,,,,,,,90.0,,,,,,,,,,,6.9,,,2.0,1.0,7.0,1.0,,13.0,,74.0,19.0,92.0,2,2.0,115.0,4.0,1.0,3.0,
2015-16,6768285,30,20,Southampton,Away,116946,Jordy Clasie,jordy-clasie,M,False,,,2.0,6.0,19.0,25.0,1.0,1.0,8.0,,,,3.0,,,,5.0,3.0,,,1.0,,,,,2.0,,,69.0,,,,,,,,,,,6.5,,,1.0,,,,,5.0,,12.0,21.0,33.0,1,2.0,41.0,1.0,,,
2015-16,6768285,30,20,Southampton,Away,161717,James Ward-Prowse,james-ward-prowse,M,True,,,,4.0,2.0,6.0,1.0,,3.0,,,,,,,,1.0,2.0,,,,,,,1.0,1.0,,,21.0,,,,,,,,,,,7.0,,,2.0,,,1.0,,1.0,,7.0,2.0,8.0,2,1.0,14.0,,1.0,,
2015-16,6768285,30,20,Southampton,Away,217704,Sadio Mané,sadio-mane,M,True,,,,,1.0,1.0,,,1.0,,,,,,,,1.0,,,,1.0,,,,,,,,14.0,,,,,,,,,,,6.0,,,,,,,,,,,1.0,1.0,0,,2.0,,,,
2015-16,6768285,30,20,Southampton,Away,365802,Harrison Reed,harrison-reed,M,True,,,,,,,,,,,,,,,,,,,,,,,,,,,,,,,,,,,,,,,,,,,,,,,,,,,,,0,,,,,,
2015-16,6768288,30,6,Tottenham_Hotspur,Away,9865,Mousa Dembélé,mousa-dembele,M,False,,,1.0,33.0,33.0,66.0,1.0,2.0,5.0,,,,2.0,,,5.0,9.0,9.0,,,1.0,,,,,2.0,1.0,,90.0,,1.0,,,,,,,,,7.0,,,,1.0,4.0,,,1.0,,36.0,35.0,71.0,0,2.0,90.0,,1.0,4.0,
2015-16,6768288,30,7,Aston_Villa,Home,24055,Scott Sinclair,scott-sinclair,M,True,,,1.0,2.0,,2.0,,,,,,,,,,,1.0,,,,,,,,,,,,20.0,,,,,,,,,,,6.4,,,,,1.0,,,1.0,,3.0,,3.0,0,,7.0,1.0,,,
2015-16,6768288,30,6,Tottenham_Hotspur,Away,32492,Nacer Chadli,nacer-chadli,M,True,,,,,1.0,1.0,,,,,,,,,,,,,,,,,,,,,,,1.0,,,,,,,,,,,,,,,,,,,,,,1.0,1.0,0,,1.0,,,,
2015-16,6768288,30,6,Tottenham_Hotspur,Away,44567,Ryan Mason,ryan-mason,M,True,,,,1.0,7.0,8.0,,,1.0,,,,,,,,,1.0,,,,,,,,,,,3.0,,,,,,,,,,,,,,,,,,,,,1.0,7.0,8.0,0,1.0,9.0,,,,
2015-16,6768288,30,7,Aston_Villa,Home,49647,Ashley Westwood,ashley-westwood,M,False,,,4.0,20.0,16.0,36.0,,,8.0,,,1.0,1.0,,,1.0,2.0,7.0,,,,,,,,4.0,,,90.0,,,,,,,,,,,7.5,,,,1.0,1.0,,,6.0,,25.0,17.0,42.0,1,6.0,60.0,,,1.0,
2015-16,6768288,30,7,Aston_Villa,Home,74545,Leandro Bacuna,leandro-bacuna,M,True,,,,,,,,,,,,,,,,,,,,,,,,,,,,,,,,,,,,,,,,,,,,,,,,,,,,,0,,,,,,
2015-16,6768288,30,6,Tottenham_Hotspur,Away,105734,Christian Eriksen,christian-eriksen,M,False,,,2.0,34.0,11.0,45.0,1.0,,4.0,,,,,,,2.0,4.0,3.0,,,1.0,,,,,,,,78.0,,,,,,,,,,,6.9,,,3.0,2.0,1.0,5.0,,2.0,,46.0,12.0,53.0,3,2.0,68.0,,,1.0,
2015-16,6768288,30,7,Aston_Villa,Home,106337,Idrissa Gana Gueye,idrissa-gana-gueye,M,False,,,2.0,28.0,14.0,42.0,2.0,,13.0,,,1.0,,,,2.0,8.0,7.0,,,2.0,,,,,4.0,2.0,,90.0,,,,,,,,,,,7.1,,,,,4.0,,,2.0,1.0,33.0,14.0,47.0,1,4.0,67.0,3.0,1.0,2.0,
2015-16,6768288,30,6,Tottenham_Hotspur,Away,122702,Erik Lamela,erik-lamela,M,False,,,2.0,29.0,8.0,37.0,,,7.0,1.0,,3.0,2.0,,,2.0,6.0,1.0,,,1.0,,,,1.0,1.0,4.0,,89.0,1.0,,,,,,,,,,7.2,,,,,1.0,1.0,,2.0,,36.0,10.0,45.0,4,1.0,61.0,1.0,,,
2015-16,6768288,30,7,Aston_Villa,Home,151124,Jordan Veretout,jordan-veretout,M,False,2.0,,,10.0,5.0,13.0,1.0,,2.0,,,,,,,,1.0,1.0,,,,,,,,,,,62.0,1.0,,,,,,,,,,6.6,,,1.0,1.0,,6.0,,2.0,,20.0,5.0,19.0,2,,31.0,1.0,1.0,,
2015-16,6768288,30,6,Tottenham_Hotspur,Away,198028,Dele Alli,dele-alli,M,False,,,1.0,17.0,5.0,22.0,1.0,,4.0,1.0,,,2.0,,,6.0,10.0,5.0,,,,2.0,,,,2.0,3.0,,87.0,1.0,,,,,,,,,,7.6,,,,1.0,2.0,1.0,,4.0,,31.0,7.0,37.0,1,3.0,65.0,8.0,1.0,1.0,
2015-16,6768288,30,7,Aston_Villa,Home,254895,Carles Gil,carles-gil,M,False,1.0,,1.0,16.0,3.0,18.0,,,3.0,1.0,,,1.0,,,1.0,3.0,3.0,,,,,,,,2.0,1.0,,70.0,,1.0,,,,,,,,,7.0,,,,,2.0,5.0,,2.0,,27.0,4.0,26.0,0,2.0,42.0,1.0,,1.0,
2015-16,6768288,30,7,Aston_Villa,Home,796139,Andre Green,andre-green,M,True,1.0,,,6.0,2.0,7.0,,,5.0,,,,1.0,,,,3.0,1.0,,,,,,,,1.0,1.0,,28.0,,,,,,,,,,,6.5,,,,,3.0,4.0,,,,13.0,5.0,14.0,0,,23.0,,,1.0,
2015-16,6768288,30,6,Tottenham_Hotspur,Away,801460,Tom Carroll,carroll-tom,M,True,,,1.0,8.0,2.0,10.0,,,5.0,,,,,,,1.0,1.0,,,,,,,,,,1.0,,12.0,,,,,,,,,,,6.5,,,,,,1.0,,2.0,,11.0,2.0,12.0,0,,14.0,,,,
2015-16,6768288,30,7,Aston_Villa,Home,827284,Jordan Lyden,jordan-lyden,M,True,,,,,,,,,,,,,,,,,,,,,,,,,,,,,,,,,,,,,,,,,,,,,,,,,,,,,0,,,,,,
2015-16,6768290,30,13,Leicester_City,Home,4252,Gökhan Inler,gokhan-inler,M,True,,,,,,,,,,,,,,,,,,,,,,,,,,,,,,,,,,,,,,,,,,,,,,,,,,,,,0,,,,,,
2015-16,6768290,30,4,Newcastle_United,Away,15007,Vurnon Anita,vurnon-anita,M,False,,,3.0,11.0,17.0,28.0,,,6.0,,,,2.0,,,1.0,4.0,,,,,,,,,1.0,,,56.0,,1.0,,,,,,,,,6.4,,,,1.0,1.0,,,4.0,,13.0,20.0,33.0,0,,40.0,,,,
2015-16,6768290,30,4,Newcastle_United,Away,22126,Georginio Wijnaldum,georginio-wijnaldum,M,False,,,2.0,26.0,17.0,43.0,1.0,3.0,4.0,,,,1.0,,,3.0,8.0,9.0,,,1.0,,,,,1.0,,,90.0,,,,,,,,,,,6.7,,,,1.0,5.0,,,2.0,,29.0,20.0,49.0,0,2.0,63.0,,1.0,3.0,
2015-16,6768290,30,4,Newcastle_United,Away,26895,Henri Saivet,henri-saivet,M,True,,,,,,,,,,,,,,,,,,,,,,,,,,,,,,,,,,,,,,,,,,,,,,,,,,,,,0,,,,,,
2015-16,6768290,30,4,Newcastle_United,Away,27014,Moussa Sissoko,moussa-sissoko,M,False,1.0,,2.0,23.0,13.0,35.0,3.0,4.0,11.0,,,2.0,,,,,6.0,13.0,,,2.0,,,,,2.0,3.0,,90.0,,,,,,,,,,,7.9,,,1.0,2.0,5.0,3.0,,3.0,,32.0,17.0,46.0,3,4.0,74.0,,1.0,4.0,
2015-16,6768290,30,4,Newcastle_United,Away,30262,Siem de Jong,siem-de-jong,M,True,,,,6.0,2.0,8.0,2.0,,,,,,1.0,,,1.0,4.0,1.0,,,,,,,,,,,19.0,,,,,,,,,,,6.4,,,1.0,,,,,,,9.0,3.0,12.0,1,1.0,15.0,,,,
2015-16,6768290,30,4,Newcastle_United,Away,36465,Jonjo Shelvey,jonjo-shelvey,M,False,2.0,,6.0,15.0,24.0,37.0,1.0,1.0,7.0,,,,,,,,3.0,4.0,,,2.0,,,,,3.0,1.0,,87.0,,1.0,,,,,,,,,7.4,,,,2.0,1.0,5.0,,13.0,,26.0,27.0,48.0,0,2.0,66.0,,,1.0,
2015-16,6768290,30,4,Newcastle_United,Away,40686,Jack Colback,jack-colback,M,False,,,3.0,7.0,18.0,25.0,7.0,3.0,6.0,,,,1.0,,,,10.0,8.0,,,2.0,,,,,4.0,1.0,,90.0,,1.0,,,,,,,,,7.3,,,1.0,4.0,1.0,,,6.0,,14.0,22.0,36.0,1,3.0,68.0,,1.0,1.0,
2015-16,6768290,30,13,Leicester_City,Home,47737,Marc Albrighton,marc-albrighton,M,False,2.0,,2.0,12.0,9.0,19.0,4.0,,7.0,,,,1.0,,,,6.0,3.0,,,,,,,,,1.0,,75.0,,,,,,,,,,,6.7,,,1.0,,3.0,13.0,,2.0,,28.0,11.0,26.0,1,1.0,46.0,,,2.0,
2015-16,6768290,30,13,Leicester_City,Home,54330,Danny Drinkwater,danny-drinkwater,M,False,,,5.0,30.0,25.0,55.0,1.0,1.0,6.0,,,,4.0,,,1.0,7.0,2.0,,,1.0,,,,,1.0,1.0,,90.0,,,,,,,,,,,6.5,,,,2.0,,2.0,,7.0,,41.0,26.0,65.0,0,1.0,78.0,4.0,,,
2015-16,6768290,30,13,Leicester_City,Home,148710,Jeffrey Schlupp,jeffrey-schlupp,M,True,,,,4.0,2.0,6.0,1.0,1.0,4.0,,,1.0,,,,5.0,8.0,2.0,,,,,,,,2.0,,,25.0,,,,,,,,,,,6.2,,,,,3.0,,,1.0,,7.0,2.0,9.0,1,,24.0,1.0,,1.0,
2015-16,6768290,30,13,Leicester_City,Home,158213,Riyad Mahrez,riyad-mahrez,M,False,,,,22.0,11.0,33.0,2.0,4.0,2.0,,,2.0,3.0,,,2.0,11.0,9.0,,,1.0,,,,,1.0,2.0,,90.0,,,,,,,,,,,6.3,,,1.0,,4.0,2.0,,1.0,,31.0,12.0,41.0,3,,63.0,1.0,4.0,1.0,
2015-16,6768290,30,13,Leicester_City,Home,234148,N'Golo Kanté,n-golo-kante,M,False,,,5.0,23.0,26.0,49.0,4.0,1.0,6.0,,,,2.0,,,3.0,11.0,9.0,,,,,,,,4.0,1.0,,90.0,,1.0,,,,,,,,,7.4,,,,2.0,2.0,,,6.0,,28.0,27.0,55.0,0,8.0,78.0,1.0,,,
2015-16,6768290,30,13,Leicester_City,Home,308526,Daniel Amartey,daniel-amartey,M,True,,,,,,,,,,,,,,,,,,,,,,,,,,,,,,,,,,,,,,,,,,,,,,,,,,,,,0,,,,,,
2015-16,6768290,30,13,Leicester_City,Home,355152,Demarai Gray,demarai-gray,M,True,,,,,,,,,,,,,,,,,,,,,,,,,,,,,,,,,,,,,,,,,,,,,,,,,,,,,0,,,,,,
2015-16,6768297,30,45,Norwich_City,Home,9148,Graham Dorrans,graham-dorrans,M,True,,,,5.0,5.0,10.0,1.0,,4.0,,,,,,,1.0,4.0,1.0,,,1.0,,,,,2.0,,,45.0,,1.0,,,,,,,,,6.7,,,1.0,3.0,1.0,1.0,,1.0,,9.0,7.0,15.0,1,1.0,31.0,1.0,,,
2015-16,6768297,30,43,Manchester_City,Away,11781,David Silva,david-silva,M,False,3.0,,7.0,73.0,21.0,91.0,1.0,2.0,8.0,,,2.0,,,,3.0,5.0,6.0,,,1.0,,,,,,4.0,,90.0,,,,,,,,,,,7.4,,,1.0,,1.0,6.0,,10.0,,86.0,25.0,105.0,3,2.0,127.0,1.0,2.0,,
2015-16,6768297,30,43,Manchester_City,Away,13630,Fernandinho,fernandinho,M,False,,,2.0,57.0,16.0,73.0,2.0,1.0,6.0,,,1.0,2.0,,,2.0,8.0,6.0,,,2.0,,,,,,1.0,,90.0,,,,,,,,,,,6.7,,,,,1.0,1.0,,2.0,,65.0,17.0,81.0,1,4.0,97.0,2.0,2.0,,
2015-16,6768297,30,45,Norwich_City,Home,14336,Wesley Hoolahan,wesley-hoolahan,M,False,,,1.0,17.0,11.0,28.0,1.0,,8.0,,,,4.0,,,6.0,12.0,2.0,,,,,,,,,,,67.0,,,,,,,,,,,6.0,,,,,1.0,,,2.0,1.0,21.0,12.0,33.0,0,1.0,45.0,,1.0,,
2015-16,6768297,30,45,Norwich_City,Home,18712,Youssouf Mulumbu,youssouf-mulumbu,M,True,,,,,,,,,,,,,,,,,,,,,,,,,,,,,,,,,,,,,,,,,,,,,,,,,,,,,0,,,,,,
2015-16,6768297,30,45,Norwich_City,Home,20095,Matt Jarvis,matt-jarvis,M,False,,,1.0,8.0,5.0,13.0,5.0,3.0,3.0,,,1.0,,,,3.0,9.0,7.0,,,1.0,,,,,2.0,1.0,,90.0,,,,,,,,,,,6.8,,,,2.0,,2.0,,3.0,,11.0,8.0,17.0,1,4.0,39.0,,1.0,,
2015-16,6768297,30,45,Norwich_City,Home,29691,Gary O'Neil,gary-oneil,M,False,,,4.0,20.0,14.0,34.0,5.0,3.0,11.0,,,,2.0,,,,10.0,9.0,,,3.0,,,,,2.0,,,90.0,,1.0,,,,,,,,,7.0,,,,5.0,2.0,2.0,,10.0,,40.0,16.0,54.0,0,3.0,74.0,,2.0,1.0,
2015-16,6768297,30,43,Manchester_City,Away,41837,Fernando,fernando-reges,M,False,,,5.0,48.0,18.0,66.0,5.0,3.0,8.0,,,,,,,3.0,9.0,9.0,,,1.0,,,,,,1.0,,90.0,,,,,,,,,,,7.2,,,,3.0,3.0,,,5.0,,54.0,20.0,74.0,0,2.0,89.0,,1.0,3.0,
2015-16,6768297,30,45,Norwich_City,Home,115346,Nathan Redmond,nathan-redmond,M,False,1.0,,,15.0,4.0,18.0,1.0,,1.0,,,,,,,,3.0,1.0,,,,,,,,,1.0,,45.0,,,,,,,,,,,6.4,,,,,2.0,4.0,,,,21.0,4.0,21.0,0,1.0,29.0,1.0,,,
2015-16,6768297,30,43,Manchester_City,Away,792317,Manu García,manu-garcia,M,True,,,,,,,,,,,,,,,,,,,,,,,,,,,,,,,,,,,,,,,,,,,,,,,,,,,,,0,,,,,,
2015-16,7030781,30,8,Chelsea,Away,518,Cesc Fàbregas,cesc-fabregas,M,False,,,4.0,40.0,21.0,61.0,,,10.0,,,,5.0,,,2.0,10.0,7.0,,,3.0,,,,,1.0,1.0,,90.0,,,,,,,,,,,6.3,,,1.0,2.0,1.0,3.0,,7.0,,53.0,24.0,74.0,1,4.0,95.0,1.0,3.0,,
2015-16,7030781,30,14,Liverpool,Home,791,James Milner,james-milner,M,False,1.0,,8.0,25.0,24.0,48.0,1.0,1.0,8.0,,,1.0,4.0,,,,8.0,2.0,,,3.0,,,,,1.0,2.0,,75.0,,,,,,,,,,,6.3,,,,,,8.0,,10.0,,40.0,26.0,58.0,1,1.0,77.0,1.0,,,
2015-16,7030781,30,8,Chelsea,Away,7311,John Obi Mikel,john-obi-mikel,M,False,,,2.0,8.0,17.0,25.0,,2.0,1.0,,,,,,,,1.0,3.0,,,1.0,,,,,1.0,,,90.0,,,,,,,,,,,6.7,,,,4.0,1.0,,,8.0,,15.0,19.0,34.0,0,,42.0,,,1.0,
2015-16,7030781,30,14,Liverpool,Home,17054,Adam Lallana,adam-lallana,M,False,,,,21.0,18.0,39.0,,,3.0,1.0,,2.0,2.0,,,3.0,6.0,7.0,,,1.0,,,,,1.0,2.0,,75.0,1.0,,,,,,,,,,7.4,,,1.0,,3.0,,,,,24.0,18.0,42.0,4,4.0,62.0,1.0,,3.0,
2015-16,7030781,30,14,Liverpool,Home,20602,Joe Allen,joe-allen,M,True,1.0,,1.0,5.0,3.0,7.0,1.0,,3.0,,,,,,,2.0,4.0,2.0,,,,,,,,1.0,,,15.0,,,,,,,,,,,6.6,,,,,1.0,1.0,,1.0,,6.0,3.0,8.0,0,1.0,16.0,,1.0,,
2015-16,7030781,30,14,Liverpool,Home,27234,Lucas Leiva,lucas-leiva,M,True,,,,,,,,,,,,,,,,,,,,,,,,,,,,,,,,,,,,,,,,,,,,,,,,,,,,,0,,,,,,
2015-16,7030781,30,8,Chelsea,Away,31417,Willian,willian,M,False,,,1.0,14.0,6.0,20.0,1.0,,3.0,,,1.0,,,,,1.0,1.0,,,,,,,,,1.0,,57.0,,,,,,,,,,,6.7,,,,,1.0,2.0,,3.0,,19.0,6.0,23.0,1,,30.0,1.0,,1.0,
2015-16,7030781,30,8,Chelsea,Away,44241,Nemanja Matić,nemanja-matic,M,False,,,3.0,18.0,18.0,36.0,,,9.0,,,,1.0,,,2.0,5.0,3.0,,,,,,,,2.0,,,90.0,,1.0,,,,,,,,,6.9,,,,2.0,3.0,,,5.0,,24.0,18.0,42.0,0,2.0,61.0,3.0,,1.0,
2015-16,7030781,30,14,Liverpool,Home,119159,Philippe Coutinho,philippe-coutinho,M,False,,,5.0,37.0,9.0,46.0,2.0,1.0,8.0,,,2.0,1.0,,,5.0,11.0,8.0,,,,,,,,1.0,5.0,,90.0,2.0,,,,,,,,,,6.9,,,1.0,,5.0,1.0,,6.0,,42.0,10.0,51.0,5,2.0,78.0,1.0,3.0,2.0,
2015-16,7030781,30,14,Liverpool,Home,143697,Roberto Firmino,roberto-firmino,M,False,,,2.0,26.0,10.0,36.0,2.0,,6.0,,,3.0,3.0,,,1.0,8.0,8.0,,,2.0,,,,,2.0,2.0,,90.0,,,,,,,,,,,7.4,,,2.0,,3.0,1.0,,2.0,1.0,30.0,15.0,44.0,5,6.0,64.0,,,2.0,
2015-16,7030781,30,8,Chelsea,Away,284441,Ruben Loftus-Cheek,ruben-loftus-cheek,M,True,,,,1.0,,1.0,,,,,,,,,,,1.0,,,,,,,,,,,,1.0,,,,,,,,,,,,,,,,1.0,,,,,1.0,,1.0,0,,2.0,,,,
2015-16,7030781,30,8,Chelsea,Away,788260,Kasey Palmer,kasey-palmer,M,True,,,,,,,,,,,,,,,,,,,,,,,,,,,,,,,,,,,,,,,,,,,,,,,,,,,,,0,,,,,,
2015-16,7030781,30,8,Chelsea,Away,801391,Kenedy,kenedy,M,True,,,2.0,13.0,2.0,15.0,,,1.0,,,,,,,1.0,3.0,5.0,,,1.0,,,,,,1.0,,33.0,,,,,,,,,,,7.0,,,,,4.0,,,2.0,,14.0,2.0,16.0,0,2.0,25.0,1.0,,3.0,
2015-16,7030820,30,31,Crystal_Palace,Away,3574,Yohan Cabaye,yohan-cabaye,M,False,1.0,,2.0,14.0,15.0,28.0,,,7.0,,,,1.0,,,1.0,3.0,6.0,,,,,,,,8.0,,,66.0,,,,,,,,,,,7.3,,,,,1.0,1.0,,4.0,,17.0,17.0,33.0,0,5.0,52.0,,1.0,,
2015-16,7030820,30,31,Crystal_Palace,Away,19593,Jason Puncheon,jason-puncheon,M,True,,,,,,,,,,,,,,,,,,,,,,,,,,,,,,,,,,,,,,,,,,,,,,,,,,,,,0,,,,,,
2015-16,7030820,30,1,Manchester_United,Home,27009,Morgan Schneiderlin,morgan-schneiderlin,M,False,,,3.0,65.0,20.0,85.0,3.0,,8.0,,,,,,,,5.0,3.0,,,2.0,,,,,1.0,,,90.0,,,,,,,,,,,7.0,,,,1.0,,,,8.0,,70.0,24.0,94.0,0,3.0,101.0,1.0,,,
2015-16,7030820,30,1,Manchester_United,Home,28367,Juan Mata,juan-mata,M,False,,,4.0,66.0,14.0,80.0,,,7.0,,,,,,,3.0,3.0,6.0,,,,,,,,,1.0,,90.0,2.0,,,,,,,,,,7.4,,,,1.0,1.0,1.0,,4.0,1.0,72.0,14.0,85.0,2,2.0,103.0,1.0,3.0,1.0,
2015-16,7030820,30,31,Crystal_Palace,Away,38130,Jordon Mutch,jordon-mutch,M,True,,,,2.0,2.0,4.0,,,,,,,,,,,2.0,1.0,,,1.0,,,,,1.0,,,30.0,,,,,,,,,,,6.6,,,,,1.0,,,,,3.0,2.0,5.0,0,1.0,9.0,,,,
2015-16,7030820,30,31,Crystal_Palace,Away,38639,Chung-yong Lee,chung-yong-lee,M,False,,,,8.0,9.0,17.0,1.0,1.0,,,,,2.0,,,4.0,7.0,1.0,,,,,,,,2.0,1.0,,60.0,,,,,,,,,,,5.8,,,,,,1.0,,,,10.0,10.0,19.0,0,,28.0,1.0,,,
2015-16,7030820,30,31,Crystal_Palace,Away,39282,James McArthur,james-mcarthur,M,True,,,1.0,3.0,2.0,5.0,1.0,,1.0,,,,,,,,1.0,,,,,,,,,1.0,,,24.0,,,,,,,,,,,6.6,,,,,,,,2.0,,4.0,3.0,7.0,0,,10.0,1.0,,,
2015-16,7030820,30,1,Manchester_United,Home,82474,Ander Herrera,ander-herrera,M,True,1.0,,2.0,20.0,8.0,27.0,,1.0,2.0,,,,1.0,,,,1.0,1.0,,,,,,,,2.0,,,17.0,,,,,,,,,,,7.0,,,,,,1.0,,4.0,,24.0,8.0,31.0,0,,34.0,,,,
2015-16,7030820,30,31,Crystal_Palace,Away,84686,Pape Souaré,pape-souare,M,False,1.0,,2.0,10.0,10.0,19.0,1.0,,2.0,,,,,,,2.0,7.0,1.0,,,1.0,,,,,6.0,,,90.0,,1.0,,,,,,,,,6.1,,,,3.0,3.0,4.0,,6.0,,16.0,12.0,24.0,0,1.0,51.0,,,,
2015-16,7030820,30,31,Crystal_Palace,Away,111850,Wilfried Zaha,wilfried-zaha,M,False,1.0,,,6.0,5.0,10.0,1.0,1.0,8.0,,,1.0,1.0,,,3.0,9.0,21.0,,,,,,,,,1.0,,90.0,,,,,,,,,,,7.4,,,,,13.0,1.0,,,,12.0,6.0,17.0,1,5.0,53.0,4.0,6.0,9.0,
2015-16,7030820,30,1,Manchester_United,Home,191176,Anthony Martial,anthony-martial,M,False,,,1.0,26.0,7.0,33.0,1.0,1.0,8.0,,,,3.0,,,2.0,9.0,7.0,,,2.0,,,,,1.0,3.0,,90.0,2.0,,,,,,,,,,7.0,,,,1.0,4.0,3.0,,1.0,,35.0,8.0,40.0,2,3.0,64.0,2.0,1.0,2.0,
2015-16,7030820,30,31,Crystal_Palace,Away,838928,Luke Dreher,luke-dreher,M,True,,,,,,,,,,,,,,,,,,,,,,,,,,,,,,,,,,,,,,,,,,,,,,,,,,,,,0,,,,,,
2015-16,7030821,30,56,Sunderland,Home,524,Sebastian Larsson,sebastian-larsson,M,True,,,,5.0,4.0,9.0,,,4.0,,,,,,,1.0,2.0,2.0,,,1.0,,,,,1.0,,,20.0,,,,,,,,,,,6.7,,,,,,,,1.0,,9.0,5.0,14.0,0,2.0,19.0,,,,
2015-16,7030821,30,11,Everton,Away,544,Gareth Barry,gareth-barry,M,False,1.0,,9.0,45.0,32.0,76.0,1.0,1.0,9.0,,,,1.0,,,,2.0,6.0,,,1.0,,,,,,4.0,,90.0,1.0,,,,,,,,,,7.7,,,,1.0,,2.0,,13.0,,58.0,36.0,92.0,1,4.0,105.0,,1.0,,
2015-16,7030821,30,11,Everton,Away,1161,Leon Osman,leon-osman,M,True,,,,6.0,1.0,7.0,,,1.0,,,,,,,,1.0,1.0,,,,,,,,,,,6.0,,,,,,,,,,,6.2,,,1.0,,1.0,1.0,,,,8.0,1.0,8.0,1,,12.0,,1.0,,
2015-16,7030821,30,11,Everton,Away,3593,Kevin Mirallas,kevin-mirallas,M,False,3.0,,2.0,22.0,5.0,24.0,2.0,,3.0,,,2.0,,,,1.0,8.0,1.0,,,2.0,,,,,1.0,2.0,,90.0,1.0,,,,,,,,,,6.5,,,1.0,,3.0,6.0,,4.0,1.0,28.0,5.0,27.0,4,,44.0,1.0,1.0,,
2015-16,7030821,30,11,Everton,Away,9692,Aaron Lennon,aaron-lennon,M,True,,,,13.0,6.0,19.0,,,5.0,,,,1.0,,,,1.0,6.0,,,,,,,,,1.0,,45.0,,,,,,,,,,,7.0,,,,,2.0,1.0,,1.0,,16.0,8.0,23.0,0,3.0,31.0,,1.0,2.0,
2015-16,7030821,30,56,Sunderland,Home,14210,Lee Cattermole,lee-cattermole,M,False,,,2.0,23.0,7.0,30.0,1.0,1.0,7.0,,,,2.0,,,4.0,10.0,1.0,,,3.0,,,,,1.0,,,79.0,,,,,,,,,,,6.1,,,,,,,,2.0,,29.0,9.0,38.0,0,,45.0,,,,
2015-16,7030821,30,11,Everton,Away,21073,Darron Gibson,darron-gibson,M,True,,,,,,,,,,,,,,,,,,,,,,,,,,,,,,,,,,,,,,,,,,,,,,,,,,,,,0,,,,,,
2015-16,7030821,30,56,Sunderland,Home,32045,Yann M'Vila,yann-mvila,M,False,,,2.0,26.0,12.0,38.0,,2.0,7.0,1.0,,,,,,2.0,4.0,2.0,,,1.0,1.0,,,,,3.0,,90.0,,,,,,,,,,,7.3,,,,2.0,1.0,1.0,,3.0,,33.0,12.0,44.0,0,,54.0,,,,
2015-16,7030821,30,11,Everton,Away,39283,James McCarthy,james-mccarthy,M,False,,,4.0,38.0,29.0,67.0,2.0,1.0,8.0,,,1.0,,,,1.0,4.0,5.0,,,1.0,,,,,1.0,,,90.0,,,,,,,,,,,6.8,,,,2.0,,1.0,,8.0,,49.0,31.0,79.0,1,2.0,97.0,2.0,2.0,,
2015-16,7030821,30,56,Sunderland,Home,43473,Jan Kirchhoff,jan-kirchhoff,M,False,,,3.0,21.0,10.0,31.0,1.0,1.0,6.0,,,,2.0,,,,6.0,4.0,,,3.0,,,,,2.0,1.0,,70.0,,1.0,,,,,,,,,6.9,,,1.0,,,,,4.0,,25.0,11.0,36.0,1,2.0,46.0,2.0,1.0,,
2015-16,7030821,30,11,Everton,Away,46432,Tom Cleverley,tom-cleverley,M,False,,,5.0,30.0,13.0,43.0,2.0,1.0,5.0,,,1.0,,,,1.0,3.0,4.0,,,,,,,,1.0,1.0,,84.0,,,,,,,,,,,7.0,,,,1.0,,,,6.0,,38.0,16.0,54.0,1,3.0,64.0,1.0,1.0,,
2015-16,7030821,30,11,Everton,Away,98435,Ross Barkley,ross-barkley,M,False,,,1.0,17.0,15.0,32.0,1.0,1.0,2.0,,,,1.0,,,,2.0,6.0,,,,,,,,,,,45.0,,,,,,,,,,,6.8,,,1.0,,1.0,,,2.0,,23.0,16.0,39.0,1,2.0,49.0,1.0,2.0,1.0,
2015-16,7030821,30,11,Everton,Away,124960,Muhamed Bešić,muhamed-besic,M,True,,,,,,,,,,,,,,,,,,,,,,,,,,,,,,,,,,,,,,,,,,,,,,,,,,,,,0,,,,,,
2015-16,7030821,30,56,Sunderland,Home,240256,Duncan Watmore,duncan-watmore,M,True,,,,1.0,1.0,2.0,,,,,,,,,,,,,,,,,,,,,,,4.0,,,,,,,,,,,6.5,,,,,,,,,,1.0,1.0,2.0,0,,2.0,,,,
2015-16,7030822,30,57,Watford,Away,642,Ben Watson,ben-watson,M,True,,,,,,,,,,,,,,,,,,,,,,,,,,,,,,,,,,,,,,,,,,,,,,,,,,,,,0,,,,,,
2015-16,7030822,30,57,Watford,Away,4366,Almen Abdi,almen-abdi,M,False,,,,20.0,15.0,35.0,1.0,,5.0,,1.0,,2.0,,,2.0,8.0,3.0,,,3.0,,,,,2.0,,,76.0,,,,1.0,,,,,,,5.8,,,1.0,,,,,1.0,1.0,23.0,16.0,39.0,1,2.0,55.0,4.0,1.0,,
2015-16,7030822,30,21,West_Ham_United,Home,9741,Mark Noble,mark-noble,M,False,,,11.0,36.0,25.0,61.0,1.0,,9.0,,,1.0,2.0,,,1.0,4.0,8.0,,,,,2.0,,,8.0,1.0,,90.0,2.0,,,,,,,,,,9.0,,,,,2.0,,,13.0,,38.0,26.0,64.0,3,3.0,84.0,,3.0,2.0,
2015-16,7030822,30,57,Watford,Away,11654,Valon Behrami,valon-behrami,M,False,,,,18.0,16.0,34.0,1.0,,5.0,,,,4.0,,,,7.0,8.0,,,3.0,,,,,2.0,1.0,,90.0,,,,,,,,,,,6.7,,,,2.0,3.0,,,1.0,,21.0,19.0,40.0,0,5.0,53.0,,,3.0,
2015-16,7030822,30,57,Watford,Away,13990,José Jurado,jose-jurado,M,False,1.0,,1.0,19.0,9.0,27.0,1.0,,3.0,1.0,,,2.0,,,,3.0,6.0,,,,,,,,,2.0,,56.0,1.0,,,,,,,,,,7.5,,,,,3.0,1.0,,1.0,,22.0,9.0,30.0,1,2.0,41.0,,1.0,3.0,
2015-16,7030822,30,21,West_Ham_United,Home,14216,Dimitri Payet,dimitri-payet,M,False,2.0,,1.0,16.0,8.0,22.0,,,7.0,1.0,,1.0,1.0,,,4.0,7.0,2.0,,,,1.0,,,,1.0,3.0,,89.0,1.0,,,,,,,,,,7.6,,,2.0,,4.0,8.0,,3.0,,32.0,9.0,33.0,4,,65.0,4.0,,2.0,
2015-16,7030822,30,57,Watford,Away,20364,Ikechi Anya,ikechi-anya,M,True,,,,4.0,7.0,11.0,1.0,1.0,,,,,1.0,,,,2.0,1.0,,,,,,,,,,,33.0,,,,,,,,,,,6.3,,,,,,2.0,,,,7.0,8.0,13.0,0,,17.0,,,,
2015-16,7030822,30,57,Watford,Away,27714,Nordin Amrabat,nordin-amrabat,M,False,,,,16.0,7.0,23.0,1.0,,1.0,,,,2.0,,,2.0,7.0,3.0,,,2.0,,,,,,,,89.0,1.0,,,,,,,,,,6.3,,,,,,1.0,,,1.0,18.0,7.0,24.0,1,,40.0,5.0,3.0,,
2015-16,7030822,30,21,West_Ham_United,Home,45944,Cheikhou Kouyaté,cheikhou-kouyate,M,False,,,,9.0,10.0,19.0,2.0,3.0,4.0,,,1.0,1.0,,,2.0,6.0,8.0,,,,,,,,5.0,,,90.0,,,,,,,,1.0,,,7.1,,,,,1.0,1.0,,1.0,,15.0,11.0,25.0,1,3.0,46.0,,3.0,,
2015-16,7030822,30,57,Watford,Away,45989,Adlène Guédioura,adlene-guedioura,M,False,,,1.0,11.0,10.0,21.0,2.0,1.0,5.0,,,,,,,1.0,7.0,6.0,,,1.0,,,,,2.0,,,57.0,,,,,,,,,,,6.1,,,,,3.0,4.0,,2.0,,25.0,10.0,31.0,0,4.0,49.0,2.0,1.0,,
2015-16,7030822,30,21,West_Ham_United,Home,46799,Pedro Obiang,pedro-obiang,M,True,,,,,,,,,,,,,,,,,,,,,,,,,,,,,,,,,,,,,,,,,,,,,,,,,,,,,0,,,,,,
2015-16,7030822,30,57,Watford,Away,47668,Juan Carlos Paredes,juan-carlos-paredes,M,False,,,,9.0,9.0,18.0,,,5.0,,,,2.0,,,1.0,5.0,6.0,,,1.0,,,,,2.0,,,90.0,,1.0,,,,,,,,,6.1,,,,,2.0,3.0,,5.0,,20.0,14.0,31.0,0,4.0,58.0,,1.0,1.0,
2015-16,7030822,30,21,West_Ham_United,Home,220315,Manuel Lanzini,manuel-lanzini,M,False,,,,29.0,11.0,40.0,,1.0,8.0,,2.0,1.0,3.0,,,2.0,6.0,8.0,,1.0,,,,,,,1.0,,90.0,,,,,,,,,,,6.0,,,2.0,1.0,6.0,1.0,,1.0,,35.0,14.0,48.0,3,1.0,67.0,2.0,1.0,5.0,
2015-16,7030823,30,35,West_Bromwich_Albion,Away,765,Darren Fletcher,darren-fletcher,M,False,,,4.0,14.0,13.0,27.0,5.0,1.0,7.0,,,1.0,1.0,,,2.0,8.0,2.0,,,,,,,,,,,90.0,,,,,,,,,,,6.2,,,,1.0,,2.0,,7.0,,20.0,15.0,33.0,1,1.0,41.0,,,,
2015-16,7030823,30,3,Arsenal,Home,10501,Theo Walcott,theo-walcott,M,True,,,,4.0,,4.0,,,1.0,,,,,,,,1.0,1.0,,,,,,,,,,,4.0,,,,,,,,,,,,,,,,2.0,,,,,5.0,,5.0,0,,8.0,1.0,,1.0,
2015-16,7030823,30,35,West_Bromwich_Albion,Away,14235,Craig Gardner,craig-gardner,M,True,1.0,,,3.0,3.0,5.0,,1.0,3.0,1.0,,1.0,1.0,,,1.0,2.0,1.0,,,,,,,,,1.0,,25.0,,,,,,,,,,,6.7,,,,,,2.0,,,,6.0,4.0,8.0,1,,13.0,,,,
2015-16,7030823,30,3,Arsenal,Home,16176,Mesut Özil,mesut-ozil,M,False,1.0,,2.0,49.0,15.0,63.0,,,4.0,,,2.0,1.0,,,,3.0,9.0,,,1.0,,,,,,1.0,,86.0,2.0,,,,,,,,,,7.8,,,,,6.0,3.0,,3.0,1.0,63.0,15.0,75.0,4,1.0,95.0,2.0,3.0,5.0,
2015-16,7030823,30,35,West_Bromwich_Albion,Away,16657,Stéphane Sessègnon,stephane-sessegnon,M,False,,,1.0,8.0,4.0,12.0,4.0,1.0,1.0,,,,1.0,,,2.0,7.0,5.0,,,,,,,,1.0,1.0,,90.0,,,,,,,,,,,6.6,,,,1.0,,3.0,,2.0,,14.0,7.0,18.0,0,2.0,31.0,1.0,2.0,,
2015-16,7030823,30,3,Arsenal,Home,23571,Aaron Ramsey,aaron-ramsey,M,False,1.0,,1.0,63.0,43.0,105.0,2.0,3.0,6.0,,,,1.0,,,1.0,5.0,17.0,,,2.0,1.0,,,,,2.0,,90.0,,1.0,,,,,,,,,8.7,,,1.0,2.0,3.0,3.0,,2.0,,74.0,44.0,115.0,1,7.0,142.0,,4.0,3.0,
2015-16,7030823,30,3,Arsenal,Home,40672,Francis Coquelin,francis-coquelin,M,True,,,,11.0,6.0,17.0,,,4.0,,,,,,,,,,,,,,,,,,,,8.0,,,,,,,,,,,6.6,,,,,,,,,,11.0,6.0,17.0,0,,17.0,,,,
2015-16,7030823,30,35,West_Bromwich_Albion,Away,41631,James McClean,james-mcclean,M,False,1.0,,1.0,6.0,8.0,13.0,2.0,4.0,4.0,,,,3.0,,,1.0,8.0,4.0,,,2.0,,,,,1.0,1.0,,65.0,1.0,,,,,,,,,,6.7,,,,1.0,,6.0,,1.0,,13.0,9.0,16.0,1,,32.0,1.0,1.0,,
2015-16,7030823,30,35,West_Bromwich_Albion,Away,43301,Sandro,sandro,M,False,,,1.0,5.0,2.0,7.0,1.0,1.0,2.0,,,,1.0,,,1.0,3.0,7.0,,,,,,,,2.0,,,45.0,,,,,,,,,,,6.8,,,,,4.0,,,1.0,,6.0,5.0,11.0,0,,22.0,,2.0,4.0,
2015-16,7030823,30,35,West_Bromwich_Albion,Away,53783,Callum McManaman,callum-mcmanaman,M,True,,,,,,,,,,,,,,,,,,,,,,,,,,,,,,,,,,,,,,,,,,,,,,,,,,,,,0,,,,,,
2015-16,7030823,30,35,West_Bromwich_Albion,Away,151037,Claudio Yacob,claudio-yacob,M,False,,,3.0,11.0,14.0,25.0,,,5.0,,,,5.0,,,,8.0,5.0,,,3.0,,,,,4.0,,,90.0,,1.0,,,,,,,,,6.8,,,1.0,1.0,,,,4.0,,12.0,15.0,27.0,1,3.0,44.0,,2.0,,
2015-16,7030823,30,3,Arsenal,Home,154508,Joel Campbell,joel-campbell,M,True,,,,8.0,2.0,10.0,,,1.0,,,,,,,,1.0,,,,1.0,,,,,,2.0,,4.0,,,,,,,,,,,,,,1.0,,,,,1.0,,11.0,2.0,13.0,1,,16.0,1.0,,,
2015-16,7030823,30,3,Arsenal,Home,159675,Mohamed Elneny,mohamed-elneny,M,False,,,2.0,53.0,35.0,88.0,2.0,1.0,8.0,,,,1.0,,,1.0,4.0,2.0,,,,,,,,4.0,,,90.0,,1.0,,,,,,,,,7.1,,,1.0,,,,,4.0,,58.0,37.0,95.0,1,,111.0,2.0,1.0,,
2015-16,7030823,30,3,Arsenal,Home,352770,Alex Iwobi,alex-iwobi,M,False,,,1.0,35.0,14.0,49.0,,1.0,7.0,,,,,,,1.0,4.0,2.0,,,,,,,,,3.0,,82.0,1.0,,,,,,,,,,6.9,,,,,4.0,,,2.0,,40.0,15.0,55.0,1,,70.0,1.0,,1.0,
2015-16,6768289,31,8,Chelsea,Home,518,Cesc Fàbregas,cesc-fabregas,M,False,2.0,,4.0,32.0,31.0,61.0,,,8.0,,,1.0,1.0,,,,1.0,3.0,,,1.0,,2.0,,,2.0,4.0,,90.0,2.0,,,,,,,,,,9.0,,,2.0,1.0,,5.0,,11.0,,49.0,36.0,80.0,5,2.0,100.0,2.0,1.0,,
2015-16,6768289,31,8,Chelsea,Home,7311,John Obi Mikel,john-obi-mikel,M,False,,,2.0,26.0,28.0,54.0,6.0,2.0,14.0,,,,,,,1.0,11.0,8.0,,,4.0,,,,,2.0,,,90.0,,3.0,,,,,,,,,7.6,,,2.0,1.0,1.0,,,5.0,,36.0,31.0,67.0,2,5.0,86.0,1.0,1.0,1.0,
2015-16,6768289,31,21,West_Ham_United,Away,9741,Mark Noble,mark-noble,M,False,,,1.0,9.0,22.0,31.0,,,4.0,,,,3.0,,,2.0,6.0,6.0,,,1.0,,,,,3.0,1.0,,90.0,,,,,,,,,,,6.7,,,,,,,,2.0,1.0,16.0,22.0,38.0,0,5.0,54.0,,1.0,,
2015-16,6768289,31,21,West_Ham_United,Away,12987,Alex Song,alex-song,M,True,,,,,,,,,,,,,,,,,,,,,,,,,,,,,,,,,,,,,,,,,,,,,,,,,,,,,0,,,,,,
2015-16,6768289,31,21,West_Ham_United,Away,13175,Joey O'Brien,joey-obrien,M,True,,,,,,,,,,,,,,,,,,,,,,,,,,,,,,,,,,,,,,,,,,,,,,,,,,,,,0,,,,,,
2015-16,6768289,31,21,West_Ham_United,Away,14216,Dimitri Payet,dimitri-payet,M,False,5.0,,,21.0,14.0,30.0,,,6.0,1.0,,3.0,1.0,,,3.0,5.0,2.0,,,,1.0,,,,,5.0,,90.0,1.0,,,,,,,,,,7.3,,,1.0,,1.0,11.0,,,,38.0,16.0,43.0,5,1.0,68.0,2.0,1.0,,
2015-16,6768289,31,8,Chelsea,Home,31417,Willian,willian,M,False,5.0,,6.0,31.0,11.0,37.0,1.0,,4.0,,,1.0,,,,1.0,4.0,3.0,,,,,,,,,3.0,,90.0,,,,,,,,,,,7.3,,,1.0,1.0,4.0,11.0,,8.0,,42.0,12.0,43.0,2,,66.0,1.0,1.0,2.0,
2015-16,6768289,31,8,Chelsea,Home,39400,Oscar,oscar,M,False,,,1.0,17.0,18.0,35.0,2.0,1.0,3.0,,,3.0,,,,1.0,9.0,8.0,,,1.0,,,,,1.0,1.0,,84.0,,,,,,,,,,,6.6,,,1.0,,7.0,1.0,,2.0,,22.0,20.0,41.0,4,3.0,60.0,,2.0,2.0,
2015-16,6768289,31,8,Chelsea,Home,44241,Nemanja Matić,nemanja-matic,M,True,,,,,,,,,,,,,,,,,,,,,,,,,,,,,,,,,,,,,,,,,,,,,,,,,,,,,0,,,,,,
2015-16,6768289,31,21,West_Ham_United,Away,45944,Cheikhou Kouyaté,cheikhou-kouyate,M,False,,,,8.0,20.0,28.0,3.0,5.0,10.0,,,,4.0,,,1.0,11.0,9.0,,,3.0,,,,,1.0,,,90.0,,,,,,,,,,,6.3,,,1.0,3.0,,,,4.0,,15.0,24.0,39.0,1,4.0,57.0,3.0,,,
2015-16,6768289,31,21,West_Ham_United,Away,46799,Pedro Obiang,pedro-obiang,M,True,,,,3.0,2.0,5.0,,1.0,2.0,,,,,,,,,1.0,,,,,,,,,,,8.0,,,,,,,,,,,6.5,,,,1.0,,,,,,4.0,2.0,6.0,0,,8.0,,,,
2015-16,6768289,31,21,West_Ham_United,Away,220315,Manuel Lanzini,manuel-lanzini,M,False,,,1.0,23.0,16.0,39.0,,,9.0,,,,2.0,,,1.0,4.0,5.0,,,1.0,,1.0,,,1.0,1.0,,82.0,1.0,,,,,,,,,,7.3,,,,,2.0,,,1.0,,25.0,19.0,44.0,1,2.0,56.0,1.0,2.0,1.0,
2015-16,6768289,31,8,Chelsea,Home,284441,Ruben Loftus-Cheek,ruben-loftus-cheek,M,True,,,,1.0,1.0,2.0,,1.0,,,,,,,,,1.0,2.0,,,,,,,,,,,6.0,,,,,,,,1.0,,,6.9,,,1.0,,1.0,,,,,3.0,1.0,4.0,1,,8.0,1.0,1.0,,
2015-16,6768289,31,8,Chelsea,Home,801391,Kenedy,kenedy,M,False,,,1.0,4.0,8.0,12.0,3.0,,3.0,,,,3.0,,,2.0,10.0,7.0,,,1.0,,,,,2.0,,,45.0,,,,,,,,,,,6.5,,,1.0,,6.0,1.0,,2.0,1.0,9.0,9.0,17.0,1,1.0,32.0,1.0,1.0,5.0,
2015-16,6768292,31,31,Crystal_Palace,Home,3574,Yohan Cabaye,yohan-cabaye,M,False,1.0,,2.0,21.0,26.0,46.0,1.0,1.0,11.0,,,,6.0,,,,8.0,3.0,,,1.0,,,,,6.0,2.0,,90.0,,,,,,,,,,,6.7,,,1.0,1.0,,6.0,,3.0,,31.0,28.0,53.0,1,2.0,72.0,1.0,,,
2015-16,6768292,31,13,Leicester_City,Away,4252,Gökhan Inler,gokhan-inler,M,True,,,,,,,,,,,,,,,,,,,,,,,,,,,,,,,,,,,,,,,,,,,,,,,,,,,,,0,,,,,,
2015-16,6768292,31,31,Crystal_Palace,Home,9921,Joe Ledley,joe-ledley,M,False,,,1.0,11.0,23.0,34.0,1.0,1.0,4.0,,,,1.0,,,,4.0,1.0,,,2.0,,,,,1.0,,,79.0,,,,,,,,,,,6.4,,,,,,1.0,,3.0,,13.0,25.0,37.0,0,,41.0,,,,
2015-16,6768292,31,31,Crystal_Palace,Home,19593,Jason Puncheon,jason-puncheon,M,True,,,,,,,,,,,,,,,,,,,,,,,,,,,,,,,,,,,,,,,,,,,,,,,,,,,,,0,,,,,,
2015-16,6768292,31,31,Crystal_Palace,Home,38130,Jordon Mutch,jordon-mutch,M,True,,,,,,,,,,,,,,,,,,,,,,,,,,,,,,,,,,,,,,,,,,,,,,,,,,,,,0,,,,,,
2015-16,6768292,31,13,Leicester_City,Away,47737,Marc Albrighton,marc-albrighton,M,False,,,2.0,21.0,6.0,27.0,2.0,,10.0,,,,2.0,,,,6.0,6.0,,,1.0,,,,,2.0,1.0,,90.0,1.0,,,,,,,,,,7.0,,,,2.0,2.0,7.0,,3.0,,33.0,7.0,33.0,1,4.0,55.0,,1.0,1.0,
2015-16,6768292,31,13,Leicester_City,Away,54330,Danny Drinkwater,danny-drinkwater,M,False,1.0,,5.0,37.0,12.0,48.0,3.0,1.0,8.0,1.0,,,1.0,,,,5.0,6.0,,,1.0,,,,,,1.0,,90.0,,1.0,,,,,,,,,7.6,,,,1.0,1.0,1.0,,10.0,,52.0,15.0,66.0,0,3.0,75.0,,1.0,1.0,
2015-16,6768292,31,31,Crystal_Palace,Home,84686,Pape Souaré,pape-souare,M,False,,,,8.0,8.0,16.0,1.0,1.0,6.0,,,,,,,3.0,6.0,3.0,,,2.0,,,,,,1.0,,45.0,,,,,,,,,,,6.1,,,,1.0,,2.0,,7.0,,18.0,11.0,27.0,0,2.0,45.0,,,,
2015-16,6768292,31,31,Crystal_Palace,Home,111850,Wilfried Zaha,wilfried-zaha,M,False,,,2.0,15.0,5.0,20.0,2.0,1.0,4.0,,1.0,,1.0,,,5.0,13.0,9.0,,,1.0,,,,,,3.0,,90.0,,,,,,,,,,,6.1,,,2.0,1.0,9.0,2.0,,2.0,,22.0,6.0,26.0,2,,55.0,4.0,3.0,5.0,
2015-16,6768292,31,13,Leicester_City,Away,148710,Jeffrey Schlupp,jeffrey-schlupp,M,True,,,,1.0,,1.0,1.0,,1.0,,,,,,,,2.0,1.0,,,1.0,,,,,,,,4.0,,,,,,,,,,,6.5,,,,,,1.0,,1.0,,2.0,1.0,2.0,0,1.0,5.0,1.0,,,
2015-16,6768292,31,13,Leicester_City,Away,158213,Riyad Mahrez,riyad-mahrez,M,False,1.0,,,17.0,1.0,17.0,,,7.0,,1.0,,2.0,,,4.0,9.0,7.0,,,,,1.0,,,1.0,,,86.0,2.0,,,,,,,,,,6.8,,,1.0,,7.0,7.0,,4.0,,27.0,4.0,24.0,3,3.0,57.0,4.0,,4.0,
2015-16,6768292,31,13,Leicester_City,Away,234148,N'Golo Kanté,n-golo-kante,M,False,,,2.0,20.0,10.0,30.0,4.0,2.0,11.0,,,,2.0,,,,7.0,9.0,,,1.0,,,,,6.0,,,90.0,,,,,,,,,,,7.4,,,,1.0,3.0,1.0,,5.0,,29.0,12.0,40.0,0,4.0,62.0,4.0,,3.0,
2015-16,6768292,31,13,Leicester_City,Away,308526,Daniel Amartey,daniel-amartey,M,True,,,,,,,,,,,,,,,,,,,,,,,,,,,,,1.0,,,,,,,,,,,,,,,,,,,,,,,,0,,,,,,
2015-16,6768292,31,13,Leicester_City,Away,355152,Demarai Gray,demarai-gray,M,True,,,,,,,,,,,,,,,,,,,,,,,,,,,,,,,,,,,,,,,,,,,,,,,,,,,,,0,,,,,,
2015-16,6768293,31,6,Tottenham_Hotspur,Home,9865,Mousa Dembélé,mousa-dembele,M,False,,,2.0,18.0,39.0,57.0,,1.0,7.0,,,,,,,2.0,4.0,7.0,,,2.0,,,,,2.0,,,90.0,,,,,,,,,,,7.3,,,,,1.0,,,2.0,,21.0,39.0,60.0,0,5.0,76.0,3.0,,1.0,
2015-16,6768293,31,91,Bournemouth,Away,11764,Marc Pugh,marc-pugh,M,True,,,1.0,2.0,2.0,4.0,1.0,,1.0,,,,,,,,3.0,,,,,,,,,,,,20.0,,,,,,,,,,,6.3,,,,,2.0,,,1.0,,3.0,2.0,5.0,0,,10.0,1.0,,,
2015-16,6768293,31,91,Bournemouth,Away,14695,Andrew Surman,andrew-surman,M,False,1.0,,3.0,8.0,16.0,23.0,,,2.0,,,,,,,,,5.0,,,,,,,,3.0,1.0,,90.0,,,,,,,,,,,7.2,,,,2.0,2.0,1.0,,8.0,,16.0,18.0,33.0,0,2.0,46.0,,1.0,2.0,
2015-16,6768293,31,91,Bournemouth,Away,16590,Max Gradel,max-gradel,M,False,1.0,,1.0,5.0,4.0,8.0,2.0,1.0,3.0,,,,1.0,,,,6.0,5.0,,,,,,,,1.0,1.0,,70.0,,,,,,,,,,,6.2,,,,,5.0,4.0,,1.0,1.0,11.0,4.0,11.0,0,1.0,30.0,1.0,1.0,2.0,
2015-16,6768293,31,6,Tottenham_Hotspur,Home,32492,Nacer Chadli,nacer-chadli,M,True,,,,1.0,3.0,4.0,,,1.0,,,,1.0,,,,1.0,,,,,,,,,,1.0,,1.0,,,,,,,,,,,,,,,,,,,,,1.0,3.0,4.0,0,,5.0,,,,
2015-16,6768293,31,91,Bournemouth,Away,39121,Harry Arter,harry-arter,M,False,,,1.0,,13.0,13.0,1.0,,4.0,,,,1.0,,,1.0,4.0,3.0,,,1.0,,,,,2.0,,,45.0,,,,,,,,,,,6.5,,,,,,,,2.0,,2.0,13.0,15.0,0,2.0,21.0,,1.0,,
2015-16,6768293,31,91,Bournemouth,Away,41628,Eunan O'Kane,eunan-okane,M,True,,,2.0,11.0,3.0,14.0,,,,,,,1.0,,,,2.0,4.0,,,,,,,,,,,45.0,,,,,,,,,,,6.7,,,,,3.0,,,2.0,,12.0,4.0,16.0,0,1.0,24.0,1.0,1.0,2.0,
2015-16,6768293,31,91,Bournemouth,Away,42699,Matt Ritchie,matt-ritchie,M,False,2.0,,,12.0,14.0,24.0,2.0,,2.0,,,,1.0,,,2.0,5.0,1.0,,,,,,,,1.0,,,90.0,,,,,,,,,,,6.0,,,,2.0,,8.0,,1.0,,20.0,19.0,31.0,0,,55.0,2.0,1.0,,
2015-16,6768293,31,6,Tottenham_Hotspur,Home,44567,Ryan Mason,ryan-mason,M,True,,,,3.0,4.0,7.0,,,,,,,,,,,,,,,,,,,,,,,8.0,1.0,,,,,,,,,,6.7,,,,,,1.0,,1.0,,5.0,4.0,8.0,1,,11.0,,,,
2015-16,6768293,31,6,Tottenham_Hotspur,Home,105734,Christian Eriksen,christian-eriksen,M,False,1.0,,5.0,47.0,14.0,60.0,,2.0,6.0,1.0,,,4.0,,,1.0,6.0,3.0,,,1.0,,1.0,,,2.0,4.0,,90.0,2.0,,,,,,,,,,7.9,,,2.0,1.0,1.0,2.0,,6.0,,57.0,15.0,70.0,4,,87.0,,,1.0,
2015-16,6768293,31,6,Tottenham_Hotspur,Home,122702,Erik Lamela,erik-lamela,M,False,1.0,,,13.0,8.0,20.0,,,1.0,,,,3.0,,,2.0,6.0,4.0,,,1.0,,,,,,1.0,,66.0,,,,,,,,,,,6.3,,,,,1.0,5.0,,,1.0,21.0,9.0,25.0,0,2.0,41.0,2.0,1.0,1.0,
2015-16,6768293,31,6,Tottenham_Hotspur,Home,198028,Dele Alli,dele-alli,M,False,1.0,,1.0,22.0,3.0,24.0,1.0,2.0,4.0,,1.0,,,,,4.0,8.0,3.0,,,3.0,1.0,,,,,1.0,,82.0,1.0,,,,,,,,,,6.7,,,1.0,,,1.0,,1.0,1.0,28.0,3.0,30.0,2,1.0,41.0,2.0,,,
2015-16,6768293,31,6,Tottenham_Hotspur,Home,801460,Tom Carroll,carroll-tom,M,True,,,1.0,15.0,3.0,18.0,,,,,,,1.0,,,,1.0,,,,,,,,,,,,24.0,,,,,,,,,,,6.4,,,,1.0,,,,1.0,,15.0,3.0,18.0,0,,20.0,,,,
2015-16,6768294,31,11,Everton,Home,1161,Leon Osman,leon-osman,M,True,,,,,,,,,,,,,,,,,,,,,,,,,,,,,,,,,,,,,,,,,,,,,,,,,,,,,0,,,,,,
2015-16,6768294,31,11,Everton,Home,9692,Aaron Lennon,aaron-lennon,M,False,1.0,,,16.0,5.0,20.0,,,1.0,,,,1.0,,,1.0,5.0,4.0,,,2.0,,,,,,1.0,,90.0,,,,,,,,,,,6.4,,,1.0,,1.0,3.0,,,,23.0,5.0,25.0,1,1.0,39.0,,3.0,,
2015-16,6768294,31,3,Arsenal,Away,10501,Theo Walcott,theo-walcott,M,True,,,,,,,,,,,,,,,,,,,,,,,,,,,,,,,,,,,,,,,,,,,,,,,,,,,,,0,,,,,,
2015-16,6768294,31,3,Arsenal,Away,16176,Mesut Özil,mesut-ozil,M,False,1.0,,,35.0,16.0,50.0,,,6.0,,,2.0,3.0,,,1.0,5.0,4.0,,,,,,,,,1.0,,74.0,,,,,,,,,,,6.6,,,,,3.0,3.0,,1.0,2.0,44.0,17.0,58.0,2,1.0,73.0,3.0,1.0,2.0,
2015-16,6768294,31,11,Everton,Home,39283,James McCarthy,james-mccarthy,M,False,,,3.0,25.0,22.0,47.0,1.0,1.0,8.0,,,,4.0,,,3.0,9.0,5.0,,,1.0,,,,,2.0,,,90.0,,,,,,,,,,,6.2,,,1.0,,1.0,,,7.0,,35.0,24.0,59.0,1,3.0,75.0,2.0,1.0,,
2015-16,6768294,31,3,Arsenal,Away,40672,Francis Coquelin,francis-coquelin,M,False,,,,22.0,18.0,40.0,,2.0,15.0,,,,1.0,,,,3.0,7.0,,,1.0,,,,,13.0,,,90.0,,,,,,,,,,,8.1,,,1.0,2.0,2.0,,,1.0,,26.0,20.0,46.0,1,3.0,71.0,,1.0,1.0,
2015-16,6768294,31,11,Everton,Home,46432,Tom Cleverley,tom-cleverley,M,False,2.0,,1.0,22.0,16.0,36.0,1.0,,4.0,1.0,,,4.0,,,,6.0,1.0,,,1.0,,,,,,2.0,,90.0,,,,,,,,,,,6.4,,,1.0,,,5.0,,6.0,,32.0,18.0,45.0,1,1.0,61.0,1.0,,,
2015-16,6768294,31,11,Everton,Home,98435,Ross Barkley,ross-barkley,M,False,,,3.0,14.0,13.0,27.0,1.0,1.0,5.0,,,1.0,1.0,,,1.0,4.0,6.0,,,,,,,,,1.0,,73.0,,,,,,,,,,,6.7,,,,,4.0,1.0,,5.0,,22.0,15.0,36.0,1,1.0,50.0,,1.0,3.0,
2015-16,6768294,31,11,Everton,Home,124960,Muhamed Bešić,muhamed-besic,M,False,,,3.0,17.0,13.0,30.0,1.0,1.0,5.0,,,,1.0,,,2.0,4.0,8.0,,,,,,,,1.0,,,45.0,1.0,,,,,,,,,,7.1,,,,1.0,2.0,1.0,,4.0,,23.0,13.0,35.0,1,5.0,50.0,,,2.0,
2015-16,6768294,31,3,Arsenal,Away,154508,Joel Campbell,joel-campbell,M,True,,,,,,,,,,,,,,,,,,,,,,,,,,,,,,,,,,,,,,,,,,,,,,,,,,,,,0,,,,,,
2015-16,6768294,31,3,Arsenal,Away,159675,Mohamed Elneny,mohamed-elneny,M,False,,,2.0,24.0,20.0,44.0,3.0,,6.0,,,,1.0,,,,4.0,3.0,,,,,,,,2.0,,,90.0,,,,,,,,,,,6.9,,,,3.0,1.0,,,4.0,,28.0,21.0,49.0,0,,61.0,1.0,2.0,1.0,
2015-16,6768294,31,3,Arsenal,Away,352770,Alex Iwobi,alex-iwobi,M,False,,,2.0,23.0,6.0,29.0,,,6.0,,,,1.0,,,5.0,10.0,5.0,,,2.0,,1.0,,,,1.0,,86.0,2.0,,,,,,,,,,7.3,,,1.0,,3.0,,,2.0,,28.0,8.0,36.0,3,4.0,63.0,7.0,,1.0,
2015-16,6768296,31,35,West_Bromwich_Albion,Home,765,Darren Fletcher,darren-fletcher,M,False,,,,11.0,10.0,21.0,1.0,,3.0,,,1.0,3.0,,,2.0,6.0,,,,,,,,,3.0,,,90.0,,,,,,,,,,,6.0,,,,,,1.0,,4.0,,18.0,13.0,30.0,1,,39.0,,,,
2015-16,6768296,31,45,Norwich_City,Away,9148,Graham Dorrans,graham-dorrans,M,True,,,,,,,,,,,,,,,,,,,,,,,,,,,,,,,,,,,,,,,,,,,,,,,,,,,,,0,,,,,,
2015-16,6768296,31,35,West_Bromwich_Albion,Home,14235,Craig Gardner,craig-gardner,M,False,,,2.0,11.0,3.0,14.0,,2.0,6.0,,,,1.0,,,2.0,3.0,6.0,,,,,,,,,1.0,,73.0,,,,,,,,,,,6.7,,,1.0,2.0,,5.0,,5.0,,25.0,4.0,24.0,1,4.0,41.0,1.0,,,
2015-16,6768296,31,45,Norwich_City,Away,14336,Wesley Hoolahan,wesley-hoolahan,M,True,,,,,,,,,,,,,,,,,,,,,,,,,,,,,,,,,,,,,,,,,,,,,,,,,,,,,0,,,,,,
2015-16,6768296,31,35,West_Bromwich_Albion,Home,16657,Stéphane Sessègnon,stephane-sessegnon,M,False,,,,14.0,5.0,19.0,3.0,,6.0,,,,,,,3.0,8.0,3.0,,,1.0,,,,,1.0,1.0,,86.0,,,,,,,,,,,6.4,,,1.0,,3.0,2.0,,2.0,,19.0,8.0,25.0,1,,37.0,,1.0,2.0,
2015-16,6768296,31,45,Norwich_City,Away,17806,Vadis Odjidja-Ofoe,vadis-odjidja-ofoe,M,True,,,,2.0,1.0,3.0,1.0,,,,,,,,,2.0,3.0,1.0,,,,,,,,,,,13.0,,,,,,,,,,,6.1,,,,,,,,1.0,,7.0,1.0,8.0,0,,14.0,1.0,1.0,,
2015-16,6768296,31,45,Norwich_City,Away,20095,Matt Jarvis,matt-jarvis,M,False,2.0,,4.0,16.0,5.0,19.0,,,7.0,1.0,,,,,,1.0,2.0,3.0,,,,1.0,,,,,2.0,,89.0,,,,,,,,,,,7.2,,,,1.0,2.0,7.0,,6.0,,27.0,6.0,26.0,0,1.0,46.0,,1.0,1.0,
2015-16,6768296,31,45,Norwich_City,Away,29691,Gary O'Neil,gary-oneil,M,False,1.0,,10.0,26.0,15.0,40.0,3.0,1.0,9.0,,,1.0,,,,2.0,6.0,7.0,,1.0,2.0,,,,,,,,90.0,,,,,,,,,,,7.1,,,,2.0,2.0,3.0,,15.0,,40.0,16.0,53.0,1,4.0,73.0,2.0,,2.0,
2015-16,6768296,31,35,West_Bromwich_Albion,Home,41631,James McClean,james-mcclean,M,True,1.0,,2.0,7.0,3.0,9.0,,2.0,2.0,,,,,,,,,4.0,,,,,,,,3.0,1.0,,30.0,,,,,,,,,,,7.1,,,,2.0,,7.0,,5.0,,16.0,5.0,14.0,0,2.0,32.0,2.0,,,
2015-16,6768296,31,35,West_Bromwich_Albion,Home,43301,Sandro,sandro,M,True,,,,,,,,,,,,,,,,,,,,,,,,,,,,,,,,,,,,,,,,,,,,,,,,,,,,,0,,,,,,
2015-16,6768296,31,35,West_Bromwich_Albion,Home,151037,Claudio Yacob,claudio-yacob,M,False,,,3.0,12.0,12.0,24.0,3.0,5.0,8.0,,,1.0,3.0,,,,8.0,14.0,,,2.0,,,,1.0,3.0,,,90.0,,,,,,,,,,,7.4,,,1.0,2.0,2.0,,,8.0,,20.0,18.0,38.0,2,4.0,58.0,,4.0,2.0,
2015-16,6768296,31,35,West_Bromwich_Albion,Home,180009,Alex Pritchard,alex-pritchard,M,True,,,,5.0,2.0,7.0,,,4.0,,,,,,,1.0,2.0,3.0,,,,,,,,,,,17.0,,,,,,,,,,,6.7,,,,,2.0,,,,,8.0,2.0,10.0,0,1.0,17.0,,1.0,1.0,
2015-16,6768296,31,45,Norwich_City,Away,267621,Robbie Brady,robbie-brady,M,False,1.0,,,14.0,3.0,16.0,,,2.0,,,,,,,1.0,4.0,5.0,,,2.0,,1.0,,,1.0,2.0,,77.0,1.0,,,,,,,,,,7.7,,,2.0,1.0,3.0,7.0,,1.0,,25.0,3.0,21.0,3,2.0,44.0,,1.0,2.0,
2015-16,6768298,31,80,Swansea_City,Home,20538,Leon Britton,leon-britton,M,True,,,1.0,25.0,9.0,34.0,1.0,,9.0,,,,,,,4.0,6.0,3.0,,,1.0,,,,,3.0,,,45.0,,,,,,,,,,,6.7,,,1.0,,,,,1.0,,26.0,10.0,36.0,1,2.0,50.0,1.0,1.0,,
2015-16,6768298,31,80,Swansea_City,Home,20993,Jack Cork,jack-cork,M,False,,,1.0,36.0,15.0,51.0,3.0,2.0,12.0,,,,3.0,,,1.0,7.0,8.0,,1.0,1.0,,,,,7.0,1.0,,90.0,,1.0,,,,,,,,,7.3,,,1.0,5.0,,1.0,,1.0,,42.0,17.0,58.0,1,4.0,87.0,3.0,2.0,,
2015-16,6768298,31,7,Aston_Villa,Away,24055,Scott Sinclair,scott-sinclair,M,True,,,,,,,,,,,,,,,,,,,,,,,,,,,,,,,,,,,,,,,,,,,,,,,,,,,,,0,,,,,,
2015-16,6768298,31,80,Swansea_City,Home,31821,Leroy Fer,leroy-fer,M,False,,,5.0,38.0,12.0,50.0,1.0,1.0,4.0,,,,4.0,,,2.0,11.0,3.0,,,3.0,,,,,1.0,2.0,,90.0,,,,,,,,,,,6.2,,,,2.0,1.0,,,7.0,,44.0,16.0,60.0,0,1.0,70.0,1.0,1.0,,
2015-16,6768298,31,80,Swansea_City,Home,38642,Sung-Yueng Ki,sung-yueng-ki,M,False,,,1.0,6.0,11.0,17.0,,,3.0,,,,,,,2.0,2.0,2.0,,,,,,,,2.0,,,45.0,,,,,,,,,,,6.6,,,,1.0,,,,2.0,,7.0,11.0,18.0,0,1.0,26.0,1.0,1.0,,
2015-16,6768298,31,80,Swansea_City,Home,43192,Gylfi Sigurðsson,gylfi-sigursson,M,False,1.0,,1.0,12.0,7.0,18.0,2.0,1.0,5.0,,,2.0,2.0,,,5.0,11.0,6.0,,,2.0,1.0,,,,,2.0,,90.0,,,,,,,,,,,6.6,,,1.0,3.0,2.0,7.0,,2.0,,24.0,9.0,26.0,3,2.0,60.0,6.0,1.0,2.0,
2015-16,6768298,31,7,Aston_Villa,Away,49647,Ashley Westwood,ashley-westwood,M,False,,,5.0,28.0,9.0,37.0,1.0,,8.0,,,,2.0,,,1.0,4.0,1.0,,,,,,,,5.0,,,90.0,,,,,,,,,,,6.5,,,,,,3.0,,10.0,,39.0,12.0,48.0,0,1.0,60.0,,,,
2015-16,6768298,31,80,Swansea_City,Home,54686,Jefferson Montero,jefferson-montero,M,True,,,,,,,,,,,,,,,,,,,,,,,,,,,,,,,,,,,,,,,,,,,,,,,,,,,,,0,,,,,,
2015-16,6768298,31,7,Aston_Villa,Away,74545,Leandro Bacuna,leandro-bacuna,M,True,,,,,,,,,,,,,,,,,,,,,,,,,,,,,,,,,,,,,,,,,,,,,,,,,,,,,0,,,,,,
2015-16,6768298,31,7,Aston_Villa,Away,106337,Idrissa Gana Gueye,idrissa-gana-gueye,M,False,,,3.0,29.0,10.0,39.0,1.0,1.0,11.0,,,2.0,,,,1.0,5.0,10.0,,,2.0,,,,,12.0,1.0,,90.0,,1.0,,,,,,,,,8.1,,,,1.0,5.0,3.0,,8.0,,39.0,15.0,51.0,2,5.0,86.0,3.0,,4.0,
2015-16,6768298,31,7,Aston_Villa,Away,151124,Jordan Veretout,jordan-veretout,M,False,2.0,,2.0,20.0,7.0,25.0,1.0,,2.0,,,,,,,1.0,3.0,1.0,,,,,,,,,2.0,,61.0,,,,,,,,,,,6.7,,,,1.0,1.0,4.0,,2.0,,24.0,7.0,27.0,0,,38.0,,1.0,,
2015-16,6768298,31,80,Swansea_City,Home,209098,Modou Barrow,modou-barrow,M,False,,,,10.0,3.0,13.0,,,3.0,,,1.0,1.0,,,4.0,5.0,7.0,,,,,,,,1.0,,,78.0,,,,,,,,,,,6.6,,,,,3.0,3.0,,1.0,2.0,17.0,3.0,17.0,1,2.0,39.0,2.0,2.0,3.0,
2015-16,6768298,31,7,Aston_Villa,Away,254895,Carles Gil,carles-gil,M,False,4.0,,2.0,22.0,6.0,24.0,,,5.0,,,,,,,1.0,1.0,6.0,,,,,,,,,2.0,,74.0,,,,,,,,,,,7.3,,,,,2.0,11.0,,3.0,,34.0,7.0,30.0,0,2.0,53.0,1.0,2.0,2.0,
2015-16,6768298,31,7,Aston_Villa,Away,796139,Andre Green,andre-green,M,True,2.0,,1.0,7.0,3.0,8.0,,,1.0,,,1.0,,,,,4.0,3.0,,,,,,,,2.0,1.0,,29.0,,,,,,,,,,,6.7,,,,,5.0,4.0,,1.0,,10.0,3.0,9.0,1,2.0,25.0,1.0,,1.0,
2015-16,6768299,31,1,Manchester_United,Away,326,Bastian Schweinsteiger,bastian-schweinsteiger,M,True,,,,4.0,1.0,5.0,4.0,,2.0,,,,,,,,4.0,2.0,,,,,,,,,,,20.0,,,,,,,,,,,6.7,,,,2.0,,,,,,8.0,2.0,10.0,0,2.0,14.0,,,,
2015-16,6768299,31,1,Manchester_United,Away,938,Michael Carrick,michael-carrick,M,False,1.0,,4.0,20.0,27.0,46.0,1.0,2.0,9.0,,,,1.0,,,,2.0,4.0,,,,,,,,1.0,,,90.0,,,,,,,,,,,7.0,,,,1.0,,1.0,,10.0,,29.0,30.0,58.0,0,1.0,67.0,1.0,1.0,,
2015-16,6768299,31,43,Manchester_City,Home,11781,David Silva,david-silva,M,False,5.0,,1.0,45.0,12.0,52.0,,,4.0,1.0,,,3.0,,,2.0,6.0,4.0,,,,,,,,,6.0,,90.0,,,,,,,,,,,7.1,,,,,2.0,11.0,,1.0,,56.0,12.0,57.0,0,1.0,80.0,1.0,2.0,1.0,
2015-16,6768299,31,43,Manchester_City,Home,13630,Fernandinho,fernandinho,M,False,1.0,,,23.0,20.0,42.0,1.0,2.0,8.0,,,,,,,,5.0,6.0,,,3.0,,,,,2.0,,,90.0,,1.0,,,,,,,,,7.2,,,2.0,1.0,3.0,2.0,,2.0,,28.0,20.0,46.0,2,2.0,59.0,,,2.0,
2015-16,6768299,31,43,Manchester_City,Home,14468,Yaya Touré,yaya-toure,M,False,1.0,,2.0,37.0,14.0,50.0,2.0,1.0,9.0,,1.0,,,,,,2.0,6.0,,,,,,,,1.0,4.0,,90.0,,,,,,,,,,,7.6,,,3.0,,2.0,2.0,,4.0,1.0,47.0,16.0,61.0,3,2.0,75.0,1.0,1.0,2.0,
2015-16,6768299,31,1,Manchester_United,Away,27009,Morgan Schneiderlin,morgan-schneiderlin,M,False,,,3.0,29.0,14.0,43.0,1.0,,4.0,,,,,,,,1.0,3.0,,,,,,,,2.0,,,90.0,,,,,,,,,,,7.2,,,,,1.0,,,3.0,,34.0,14.0,48.0,0,1.0,57.0,2.0,1.0,1.0,
2015-16,6768299,31,1,Manchester_United,Away,28367,Juan Mata,juan-mata,M,False,,,2.0,14.0,17.0,31.0,,,5.0,1.0,,,2.0,,,,3.0,3.0,,,1.0,1.0,,,,1.0,1.0,,70.0,,,,,,,,,,,7.2,,,,,1.0,,,4.0,,17.0,18.0,35.0,0,2.0,40.0,,,1.0,
2015-16,6768299,31,43,Manchester_City,Home,41837,Fernando,fernando-reges,M,True,1.0,,,17.0,10.0,26.0,,1.0,8.0,,,1.0,1.0,,,,2.0,5.0,,,,,,,,1.0,,,64.0,,,,,,,,,,,7.1,,,1.0,2.0,3.0,1.0,,2.0,,21.0,11.0,31.0,2,2.0,43.0,,,2.0,
2015-16,6768299,31,1,Manchester_United,Away,191176,Anthony Martial,anthony-martial,M,False,,,1.0,13.0,6.0,19.0,8.0,2.0,4.0,,,,3.0,,,5.0,23.0,10.0,,,2.0,,,,,,1.0,,90.0,2.0,,,,,,,,,,6.0,,,,,11.0,1.0,,1.0,,25.0,7.0,31.0,2,1.0,58.0,2.0,1.0,6.0,
2015-16,6768299,31,1,Manchester_United,Away,328145,Adnan Januzaj,adnan-januzaj,M,True,,,,,,,,,,,,,,,,,,,,,,,,,,,,,,,,,,,,,,,,,,,,,,,,,,,,,0,,,,,,
2015-16,6768299,31,43,Manchester_City,Home,792317,Manu García,manu-garcia,M,True,,,,,,,,,,,,,,,,,,,,,,,,,,,,,,,,,,,,,,,,,,,,,,,,,,,,,0,,,,,,
2015-16,6768300,31,56,Sunderland,Away,14210,Lee Cattermole,lee-cattermole,M,True,,,1.0,1.0,1.0,2.0,1.0,,,,,,,,,,2.0,1.0,,,1.0,,,,,,,,6.0,,,,,,,,,,,6.6,,,,,,,,1.0,,3.0,1.0,4.0,0,1.0,5.0,,,,
2015-16,6768300,31,4,Newcastle_United,Home,15007,Vurnon Anita,vurnon-anita,M,True,,,,11.0,1.0,12.0,,,,,,,2.0,,,,3.0,,,,,,,,,,1.0,,19.0,,,,,,,,,,,6.1,,,,,1.0,1.0,,1.0,,13.0,1.0,13.0,0,,18.0,,,,
2015-16,6768300,31,4,Newcastle_United,Home,22126,Georginio Wijnaldum,georginio-wijnaldum,M,False,1.0,,1.0,25.0,21.0,45.0,1.0,,10.0,,,,,,,2.0,4.0,8.0,,,,1.0,,,,,2.0,,90.0,,,,,,,,,,,7.6,,,,2.0,4.0,1.0,,2.0,,27.0,23.0,49.0,0,5.0,65.0,,,3.0,
2015-16,6768300,31,4,Newcastle_United,Home,26895,Henri Saivet,henri-saivet,M,True,,,,,,,,,,,,,,,,,,,,,,,,,,,,,,,,,,,,,,,,,,,,,,,,,,,,,0,,,,,,
2015-16,6768300,31,4,Newcastle_United,Home,27014,Moussa Sissoko,moussa-sissoko,M,False,1.0,,1.0,11.0,14.0,24.0,2.0,6.0,6.0,,,,1.0,,,2.0,7.0,15.0,,,,,,,,3.0,1.0,,90.0,1.0,,,,,,,,,,7.5,,,1.0,4.0,8.0,4.0,,5.0,,26.0,16.0,38.0,2,2.0,76.0,4.0,1.0,6.0,
2015-16,6768300,31,4,Newcastle_United,Home,30262,Siem de Jong,siem-de-jong,M,True,,,1.0,8.0,2.0,10.0,2.0,1.0,1.0,,,,3.0,,,,5.0,4.0,,,,,,,,1.0,,,28.0,,,,,,,,,,,6.5,,,,1.0,,,,1.0,,10.0,2.0,12.0,0,2.0,19.0,1.0,1.0,,
2015-16,6768300,31,56,Sunderland,Away,32045,Yann M'Vila,yann-mvila,M,False,,,2.0,18.0,6.0,24.0,1.0,1.0,2.0,,,,3.0,1.0,,2.0,6.0,6.0,,,,,,,,,,,90.0,,1.0,,,,,,,,,6.8,,,,,,,,5.0,,27.0,6.0,33.0,0,5.0,44.0,,,,
2015-16,6768300,31,4,Newcastle_United,Home,36465,Jonjo Shelvey,jonjo-shelvey,M,False,,,7.0,18.0,28.0,46.0,3.0,2.0,6.0,,,,,,,,4.0,5.0,,,1.0,,,,,,1.0,,90.0,2.0,,,,,,,,,,7.4,,,2.0,2.0,,1.0,,18.0,,33.0,30.0,62.0,4,3.0,75.0,1.0,,,
2015-16,6768300,31,4,Newcastle_United,Home,40686,Jack Colback,jack-colback,M,False,,,2.0,7.0,18.0,25.0,,2.0,1.0,,,,1.0,,,,5.0,4.0,,,4.0,,,,,2.0,,,62.0,,,,,,,,,,,6.6,,,,5.0,,1.0,,3.0,,11.0,20.0,30.0,0,2.0,50.0,,,,
2015-16,6768300,31,56,Sunderland,Away,43473,Jan Kirchhoff,jan-kirchhoff,M,False,,,2.0,10.0,10.0,20.0,1.0,1.0,5.0,,,,5.0,,,2.0,10.0,11.0,,,2.0,,,,,1.0,,,84.0,,,,,,,,,,,6.8,,,,1.0,1.0,,,5.0,,21.0,11.0,32.0,0,8.0,51.0,1.0,2.0,1.0,
2015-16,6768302,31,20,Southampton,Home,559,Steven Davis,steven-davis,M,False,2.0,,3.0,33.0,18.0,49.0,,,8.0,,,1.0,4.0,,,1.0,5.0,4.0,,,,,,,,1.0,2.0,,90.0,,,,,,,,,,,7.0,,,,1.0,,5.0,,6.0,,49.0,19.0,63.0,1,3.0,82.0,,1.0,,
2015-16,6768302,31,14,Liverpool,Away,17054,Adam Lallana,adam-lallana,M,False,,,,35.0,14.0,49.0,2.0,1.0,7.0,,,,1.0,,,1.0,7.0,10.0,,,1.0,1.0,,,,1.0,4.0,,90.0,,1.0,,,,,,,,,7.7,,,,1.0,8.0,2.0,,,1.0,42.0,15.0,55.0,0,2.0,76.0,,1.0,6.0,
2015-16,6768302,31,14,Liverpool,Away,20602,Joe Allen,joe-allen,M,False,,,5.0,24.0,18.0,42.0,,,7.0,,1.0,2.0,1.0,,,,4.0,2.0,,,3.0,,,,,,2.0,,87.0,1.0,1.0,,,,,,,,,6.6,,,,2.0,,1.0,,6.0,,30.0,19.0,48.0,3,1.0,62.0,3.0,1.0,,
2015-16,6768302,31,14,Liverpool,Away,42694,Jordan Henderson,jordan-henderson,M,True,,,,,,,,,,,,,,,,,,,,,,,,,,,,,,,,,,,,,,,,,,,,,,,,,,,,,0,,,,,,
2015-16,6768302,31,20,Southampton,Home,44760,Cédric Soares,cedric-soares,M,True,,,,,,,,,,,,,,,,,,,,,,,,,,,,,,,,,,,,,,,,,,,,,,,,,,,,,0,,,,,,
2015-16,6768302,31,20,Southampton,Home,45956,Victor Wanyama,victor-wanyama,M,True,,,4.0,22.0,12.0,34.0,1.0,1.0,7.0,,,,1.0,,,,2.0,4.0,,,,,,,,1.0,2.0,,45.0,,,,,,,,,,,7.2,,,,2.0,,,,5.0,,25.0,14.0,39.0,0,2.0,49.0,1.0,1.0,,
2015-16,6768302,31,20,Southampton,Home,69416,Oriol Romeu,oriol-romeu,M,False,,,2.0,20.0,14.0,34.0,2.0,,2.0,,,,1.0,,,2.0,7.0,6.0,,,2.0,,,,,,,,69.0,,1.0,,,,,,,,,7.0,,,1.0,1.0,2.0,,,3.0,,26.0,14.0,40.0,1,4.0,54.0,,,2.0,
2015-16,6768302,31,20,Southampton,Home,116946,Jordy Clasie,jordy-clasie,M,False,,,4.0,15.0,4.0,19.0,2.0,,1.0,,,1.0,1.0,,,1.0,5.0,1.0,,,2.0,,,,,2.0,,,45.0,,,,,,,,,,,6.4,,,,,,,,4.0,,17.0,4.0,21.0,1,1.0,30.0,,,,
2015-16,6768302,31,14,Liverpool,Away,119159,Philippe Coutinho,philippe-coutinho,M,False,1.0,,2.0,38.0,7.0,44.0,1.0,,10.0,,,,2.0,,,2.0,7.0,3.0,,,,,1.0,,,1.0,1.0,,90.0,1.0,,,,,,,,,,6.9,,,2.0,,3.0,6.0,,4.0,,52.0,11.0,57.0,3,1.0,79.0,2.0,1.0,1.0,
2015-16,6768302,31,20,Southampton,Home,161717,James Ward-Prowse,james-ward-prowse,M,True,,,,6.0,4.0,10.0,,1.0,,,,,,,,,2.0,2.0,,,2.0,,,,,,,,21.0,,,,,,,,,,,6.5,,,,,,1.0,,,,8.0,4.0,11.0,0,1.0,16.0,1.0,,,
2015-16,6768302,31,20,Southampton,Home,217704,Sadio Mané,sadio-mane,M,True,1.0,,1.0,18.0,5.0,22.0,1.0,,4.0,,1.0,,1.0,,,,3.0,3.0,,,,,2.0,,,1.0,2.0,,45.0,3.0,,,,,1.0,,,,,8.2,,,,1.0,4.0,2.0,,1.0,,19.0,5.0,22.0,3,,35.0,,,3.0,
2015-16,6768307,31,57,Watford,Home,642,Ben Watson,ben-watson,M,True,,,,,,,,,,,,,,,,,,,,,,,,,,,,,,,,,,,,,,,,,,,,,,,,,,,,,0,,,,,,
2015-16,6768307,31,110,Stoke_City,Away,2525,Ibrahim Afellay,ibrahim-afellay,M,False,1.0,,3.0,26.0,21.0,46.0,1.0,2.0,3.0,,,,3.0,,,3.0,9.0,5.0,,,1.0,,,,,,2.0,,84.0,1.0,,,,,,,,,,6.5,,,,1.0,3.0,4.0,,3.0,,36.0,22.0,54.0,1,1.0,71.0,2.0,,2.0,
2015-16,6768307,31,57,Watford,Home,4366,Almen Abdi,almen-abdi,M,True,,,,,,,,,,,,,,,,,,,,,,,,,,,,,,,,,,,,,,,,,,,,,,,,,,,,,0,,,,,,
2015-16,6768307,31,110,Stoke_City,Away,9360,Charlie Adam,charlie-adam,M,True,,,,,,,,,,,,,,,,,,,,,,,,,,,,,,,,,,,,,,,,,,,,,,,,,,,,,0,,,,,,
2015-16,6768307,31,110,Stoke_City,Away,9682,Stephen Ireland,stephen-ireland,M,True,,,1.0,5.0,2.0,7.0,,,2.0,,,,1.0,,,,1.0,,,,,,,,,,,,6.0,,,,,,,,,,,6.6,,,,,,,,1.0,,5.0,3.0,8.0,0,,8.0,,,,
2015-16,6768307,31,110,Stoke_City,Away,10535,Glenn Whelan,glenn-whelan,M,False,,,2.0,16.0,22.0,38.0,2.0,2.0,8.0,,,,1.0,,,1.0,4.0,4.0,,,,,,,,1.0,,,90.0,,1.0,,,,,,,,,6.8,,,,6.0,,,,5.0,,23.0,25.0,48.0,0,1.0,63.0,,1.0,,
2015-16,6768307,31,57,Watford,Home,11654,Valon Behrami,valon-behrami,M,False,,,,5.0,9.0,14.0,2.0,,4.0,,,,1.0,,,1.0,5.0,4.0,,,1.0,,,,,,,,55.0,,,,,,,,,,,6.6,,,,,,,,,,7.0,9.0,16.0,0,4.0,24.0,1.0,,,
2015-16,6768307,31,57,Watford,Home,13990,José Jurado,jose-jurado,M,False,2.0,,,13.0,6.0,17.0,,,4.0,,,1.0,1.0,,,,1.0,6.0,,,,,,,,,1.0,,55.0,,,,,,,,,,,7.0,,,1.0,,3.0,10.0,,,,22.0,6.0,18.0,2,1.0,38.0,,2.0,3.0,
2015-16,6768307,31,57,Watford,Home,16701,Étienne Capoue,etienne-capoue,M,False,,,1.0,34.0,15.0,49.0,,2.0,7.0,,,,,,,3.0,7.0,9.0,,1.0,1.0,,,,,2.0,,,90.0,,,,,,,,,,,6.2,,,,1.0,4.0,,,2.0,,45.0,19.0,64.0,0,2.0,80.0,,4.0,1.0,
2015-16,6768307,31,57,Watford,Home,20364,Ikechi Anya,ikechi-anya,M,True,1.0,,,5.0,3.0,7.0,1.0,1.0,,1.0,,,,,,,1.0,2.0,,,,1.0,,,,,1.0,,14.0,,,,,,,,,,,7.3,,,,,1.0,2.0,,,,6.0,3.0,7.0,0,,14.0,,,1.0,
2015-16,6768307,31,57,Watford,Home,27714,Nordin Amrabat,nordin-amrabat,M,True,1.0,,1.0,12.0,4.0,15.0,,,6.0,,,,,,,3.0,4.0,4.0,,,1.0,,,,,1.0,1.0,,35.0,1.0,,,,,,,,,,6.9,,,,,3.0,6.0,,2.0,,20.0,6.0,20.0,1,,37.0,1.0,1.0,3.0,
2015-16,6768307,31,57,Watford,Home,45989,Adlène Guédioura,adlene-guedioura,M,True,,,3.0,16.0,2.0,18.0,1.0,3.0,1.0,,,,1.0,,,,4.0,5.0,,,1.0,,,,,,,,35.0,,,,,,,,,,,6.4,,,,,2.0,7.0,,4.0,,29.0,2.0,24.0,0,,39.0,2.0,1.0,1.0,
2015-16,6768307,31,110,Stoke_City,Away,96702,Giannelli Imbula,giannelli-imbula,M,False,,,,18.0,20.0,38.0,,,8.0,,,,1.0,,,,5.0,6.0,,,1.0,,,,,,,,90.0,,,,,,,,,,,6.6,,,,,6.0,1.0,,1.0,,25.0,21.0,45.0,0,1.0,61.0,3.0,2.0,3.0,
2015-16,6768301,32,8,Chelsea,Away,518,Cesc Fàbregas,cesc-fabregas,M,False,,,6.0,50.0,48.0,98.0,,1.0,13.0,,,,1.0,,,2.0,4.0,4.0,,,2.0,,,,,1.0,1.0,,90.0,,,,,,,,,,,7.0,,,,,,4.0,,10.0,,72.0,52.0,120.0,0,2.0,134.0,,1.0,,
2015-16,6768301,32,8,Chelsea,Away,7311,John Obi Mikel,john-obi-mikel,M,False,,,1.0,35.0,54.0,89.0,3.0,,12.0,,,,1.0,,,1.0,5.0,4.0,,,,,,,,2.0,,,90.0,,,,,,,,,,,7.1,,,,,2.0,,,2.0,,38.0,55.0,93.0,0,2.0,102.0,,,2.0,
2015-16,6768301,32,7,Aston_Villa,Home,24055,Scott Sinclair,scott-sinclair,M,True,,,,,,,,,,,,,,,,,,,,,,,,,,,,,,,,,,,,,,,,,,,,,,,,,,,,,0,,,,,,
2015-16,6768301,32,8,Chelsea,Away,39400,Oscar,oscar,M,True,,,1.0,15.0,14.0,29.0,,,3.0,1.0,,,,,,,2.0,3.0,,,,1.0,,,,1.0,3.0,,45.0,1.0,,,,,,,,,,7.6,,,,,2.0,,,1.0,,18.0,14.0,32.0,1,2.0,45.0,3.0,1.0,,
2015-16,6768301,32,8,Chelsea,Away,44241,Nemanja Matić,nemanja-matic,M,True,,,,,,,,,,,,,,,,,,,,,,,,,,,,,,,,,,,,,,,,,,,,,,,,,,,,,0,,,,,,
2015-16,6768301,32,7,Aston_Villa,Home,49647,Ashley Westwood,ashley-westwood,M,False,1.0,,4.0,22.0,13.0,34.0,1.0,,7.0,,,1.0,1.0,,,,3.0,3.0,,,1.0,,,,,2.0,1.0,,90.0,,,,,,,,,,,6.9,,,1.0,,,5.0,,4.0,,33.0,14.0,42.0,2,3.0,56.0,,,,
2015-16,6768301,32,7,Aston_Villa,Home,74545,Leandro Bacuna,leandro-bacuna,M,True,,,,5.0,1.0,6.0,,1.0,1.0,,,,,,,,,1.0,,,,,,,,,,,23.0,,,,,,,,,,,6.5,,,,,,,,1.0,,7.0,1.0,8.0,0,,8.0,,,,
2015-16,6768301,32,7,Aston_Villa,Home,106337,Idrissa Gana Gueye,idrissa-gana-gueye,M,False,,,2.0,26.0,22.0,48.0,,1.0,9.0,,,,2.0,,,1.0,3.0,6.0,,,,,,,,2.0,,,82.0,,,,,,,,,,,6.5,,,,,2.0,,,2.0,,33.0,22.0,55.0,0,1.0,66.0,3.0,2.0,2.0,
2015-16,6768301,32,7,Aston_Villa,Home,151124,Jordan Veretout,jordan-veretout,M,True,,,,,,,,,,,,,,,,,,,,,,,,,,,,,,,,,,,,,,,,,,,,,,,,,,,,,0,,,,,,
2015-16,6768301,32,7,Aston_Villa,Home,189061,Jack Grealish,jack-grealish,M,True,,,,10.0,1.0,11.0,,,1.0,,,,,,,2.0,2.0,1.0,,,,,,,,1.0,1.0,,24.0,,,,,,,,,,,6.6,,,1.0,,1.0,2.0,,1.0,,13.0,1.0,12.0,1,,20.0,,,1.0,
2015-16,6768301,32,7,Aston_Villa,Home,254895,Carles Gil,carles-gil,M,False,2.0,,1.0,18.0,9.0,25.0,,,2.0,,,,1.0,,,1.0,2.0,5.0,,,,,,,,2.0,3.0,,66.0,1.0,,,,,,,,,,7.2,,,,,1.0,4.0,,1.0,,25.0,10.0,31.0,1,2.0,47.0,2.0,2.0,1.0,
2015-16,6768301,32,8,Chelsea,Away,284441,Ruben Loftus-Cheek,ruben-loftus-cheek,M,False,,,2.0,33.0,20.0,53.0,1.0,1.0,4.0,,,,1.0,,,4.0,8.0,8.0,,,1.0,,1.0,,,1.0,1.0,,90.0,1.0,,,,,,,,,,7.5,,,1.0,,4.0,,,2.0,,36.0,20.0,56.0,2,,80.0,1.0,4.0,3.0,
2015-16,6768301,32,8,Chelsea,Away,801391,Kenedy,kenedy,M,False,,,,10.0,5.0,15.0,1.0,,2.0,,,,1.0,,,1.0,4.0,1.0,,,1.0,,,,,,,,45.0,,,,,,,,,,,6.4,,,,1.0,,,,,,14.0,6.0,20.0,0,1.0,29.0,3.0,,,
2015-16,6768301,32,7,Aston_Villa,Home,827284,Jordan Lyden,jordan-lyden,M,True,,,,,1.0,1.0,,,,,,,,,,,,,,,,,,,,1.0,,,8.0,,,,,,,,,,,6.6,,,,,,,,,,,1.0,1.0,0,,2.0,,,,
2015-16,6768303,32,57,Watford,Away,642,Ben Watson,ben-watson,M,False,1.0,,2.0,16.0,10.0,25.0,,1.0,8.0,,,,,,,1.0,3.0,4.0,,1.0,,,,,,3.0,2.0,,90.0,,,,,,,,,,,6.6,,,,2.0,2.0,2.0,,5.0,,24.0,12.0,34.0,0,3.0,54.0,3.0,,,
2015-16,6768303,32,57,Watford,Away,4366,Almen Abdi,almen-abdi,M,False,,,,11.0,7.0,18.0,2.0,,3.0,,,,1.0,,,2.0,7.0,2.0,,,1.0,,,,,,,,69.0,,,,,,,,,,,5.9,,,,1.0,1.0,,,3.0,,15.0,12.0,27.0,0,2.0,36.0,1.0,,,
2015-16,6768303,32,3,Arsenal,Home,10501,Theo Walcott,theo-walcott,M,True,,,,3.0,3.0,6.0,,,3.0,,,,,,,1.0,2.0,,,,,,1.0,,,1.0,,,16.0,1.0,1.0,,,,,,,,,7.2,,,,,1.0,,,1.0,,4.0,3.0,7.0,1,,12.0,,,,
2015-16,6768303,32,57,Watford,Away,13990,José Jurado,jose-jurado,M,True,,,,,,,,,,,,,,,,,,,,,,,,,,,,,,,,,,,,,,,,,,,,,,,,,,,,,0,,,,,,
2015-16,6768303,32,3,Arsenal,Home,16176,Mesut Özil,mesut-ozil,M,False,2.0,,2.0,83.0,19.0,100.0,,,4.0,,2.0,,,,,,,4.0,,,,,,,,,3.0,,90.0,1.0,,,,,,,,,,7.3,,,1.0,1.0,,7.0,,3.0,,98.0,20.0,111.0,2,1.0,128.0,2.0,3.0,,
2015-16,6768303,32,57,Watford,Away,16701,Étienne Capoue,etienne-capoue,M,False,,,1.0,5.0,7.0,12.0,,2.0,4.0,,,,,,,,2.0,4.0,,,2.0,,,,,1.0,,,41.0,,,,,,,,,,,6.6,,,,1.0,,,,3.0,,10.0,7.0,17.0,0,2.0,23.0,1.0,,,
2015-16,6768303,32,57,Watford,Away,20364,Ikechi Anya,ikechi-anya,M,True,,,,9.0,4.0,13.0,1.0,1.0,2.0,,,,,,,,2.0,2.0,,,,,,,,,,,49.0,,,,,,,,,,,6.2,,,,,1.0,2.0,,,,15.0,5.0,18.0,0,,24.0,,1.0,,
2015-16,6768303,32,57,Watford,Away,27714,Nordin Amrabat,nordin-amrabat,M,True,1.0,,1.0,13.0,3.0,15.0,,,4.0,,,,,,,1.0,2.0,4.0,,,1.0,,,,,,,,45.0,,,,,,,,,,,6.5,,,1.0,,,2.0,,2.0,,17.0,3.0,18.0,1,,27.0,,4.0,,
2015-16,6768303,32,3,Arsenal,Home,40672,Francis Coquelin,francis-coquelin,M,False,,,7.0,53.0,26.0,79.0,1.0,1.0,5.0,,,1.0,,,,,1.0,8.0,,,,,,,,4.0,1.0,,90.0,,,,,,,,,,,8.1,,,,1.0,2.0,,,9.0,,60.0,29.0,89.0,1,4.0,103.0,,1.0,2.0,
2015-16,6768303,32,57,Watford,Away,45989,Adlène Guédioura,adlene-guedioura,M,True,,,2.0,6.0,7.0,13.0,,,3.0,,,1.0,1.0,,,1.0,3.0,,,,,,,,,,,,21.0,,,,,,,,,,,6.0,,,1.0,,1.0,5.0,,3.0,,14.0,10.0,19.0,2,,29.0,1.0,,,
2015-16,6768303,32,3,Arsenal,Home,154508,Joel Campbell,joel-campbell,M,True,,,,6.0,1.0,7.0,,,,1.0,,,,,,1.0,2.0,2.0,,,,1.0,,,,,1.0,,11.0,,,,,,,,,,,7.2,,,,,3.0,1.0,,,,8.0,1.0,8.0,0,,15.0,1.0,,2.0,
2015-16,6768303,32,3,Arsenal,Home,159675,Mohamed Elneny,mohamed-elneny,M,False,,,5.0,76.0,46.0,122.0,1.0,,9.0,,,1.0,1.0,,,1.0,5.0,4.0,,,2.0,,,,,2.0,,,90.0,,,,,,,,,,,7.1,,,,2.0,,1.0,,6.0,,80.0,48.0,127.0,1,2.0,142.0,1.0,2.0,,
2015-16,6768303,32,3,Arsenal,Home,352770,Alex Iwobi,alex-iwobi,M,False,,,,36.0,5.0,41.0,2.0,,7.0,1.0,,,,,,2.0,5.0,1.0,,,,,1.0,,1.0,,3.0,,74.0,3.0,,,,,,,,,,7.8,,,1.0,1.0,1.0,,,1.0,,42.0,7.0,49.0,4,,62.0,2.0,1.0,,
2015-16,6768304,32,20,Southampton,Away,559,Steven Davis,steven-davis,M,False,1.0,,1.0,29.0,3.0,31.0,4.0,3.0,5.0,,,,1.0,,,3.0,8.0,7.0,,,,,,,,,,,73.0,,,,,,,,,,,7.0,,,,,3.0,7.0,,1.0,,38.0,5.0,36.0,0,1.0,52.0,,,3.0,
2015-16,6768304,32,13,Leicester_City,Home,14231,Nathan Dyer,nathan-dyer,M,True,,,,,,,,,1.0,,,,,,,,,,,,,,,,,,,,1.0,,,,,,,,,,,,,,,,,,,1.0,,,1.0,1.0,0,,1.0,,,,
2015-16,6768304,32,13,Leicester_City,Home,30530,Andy King,andy-king,M,True,,,,,,,,,,,,,,,,,,,,,,,,,,,,,,,,,,,,,,,,,,,,,,,,,,,,,0,,,,,,
2015-16,6768304,32,20,Southampton,Away,44760,Cédric Soares,cedric-soares,M,False,1.0,,1.0,19.0,6.0,24.0,1.0,4.0,2.0,,,,,,,,3.0,7.0,,,2.0,,,,,2.0,1.0,,90.0,,1.0,,,,,,,,,7.1,,,,1.0,,7.0,,4.0,1.0,35.0,8.0,36.0,0,3.0,67.0,1.0,,,
2015-16,6768304,32,20,Southampton,Away,45956,Victor Wanyama,victor-wanyama,M,False,,,4.0,25.0,16.0,41.0,1.0,1.0,5.0,,,,3.0,,,1.0,9.0,3.0,,,4.0,,,,,,,,90.0,,,,,,,,,,,6.3,,,,4.0,,,,5.0,,28.0,16.0,44.0,0,2.0,59.0,3.0,,,
2015-16,6768304,32,13,Leicester_City,Home,47737,Marc Albrighton,marc-albrighton,M,False,2.0,,1.0,16.0,7.0,21.0,3.0,,8.0,1.0,,1.0,,,,,6.0,4.0,,,,,,,,,2.0,,89.0,,,,,,,,,,,7.3,,,,1.0,6.0,10.0,,4.0,,31.0,9.0,30.0,1,1.0,54.0,,,3.0,
2015-16,6768304,32,13,Leicester_City,Home,54330,Danny Drinkwater,danny-drinkwater,M,False,,,2.0,34.0,22.0,56.0,,2.0,7.0,,,,2.0,,,,3.0,5.0,,,1.0,,,,,1.0,,,90.0,,,,,,,,,,,6.8,,,1.0,2.0,,1.0,,7.0,,49.0,25.0,73.0,1,3.0,84.0,1.0,,,
2015-16,6768304,32,20,Southampton,Away,69416,Oriol Romeu,oriol-romeu,M,True,,,,,,,,,,,,,,,,,,,,,,,,,,,,,,,,,,,,,,,,,,,,,,,,,,,,,0,,,,,,
2015-16,6768304,32,20,Southampton,Away,116946,Jordy Clasie,jordy-clasie,M,False,,,6.0,25.0,11.0,36.0,1.0,1.0,9.0,,,,,,,1.0,2.0,3.0,,,,,,,,2.0,3.0,,73.0,,,,,,,,,,,7.4,,,2.0,2.0,,,,9.0,,32.0,11.0,43.0,2,2.0,54.0,1.0,,,
2015-16,6768304,32,13,Leicester_City,Home,158213,Riyad Mahrez,riyad-mahrez,M,False,,,3.0,10.0,4.0,14.0,1.0,2.0,5.0,,,,3.0,,,,10.0,8.0,,,1.0,,,,,1.0,,,79.0,1.0,,,,,,,,,,6.4,,,,,8.0,3.0,,4.0,,23.0,5.0,25.0,1,1.0,42.0,,2.0,3.0,
2015-16,6768304,32,20,Southampton,Away,161717,James Ward-Prowse,james-ward-prowse,M,True,,,,7.0,3.0,10.0,,,1.0,,,,1.0,,,1.0,2.0,,,,,,,,,1.0,,,17.0,,,,,,,,,,,6.3,,,,2.0,,2.0,,1.0,,11.0,3.0,12.0,0,,18.0,,,,
2015-16,6768304,32,20,Southampton,Away,217704,Sadio Mané,sadio-mane,M,False,,,1.0,16.0,3.0,19.0,2.0,1.0,4.0,,1.0,,1.0,,,3.0,8.0,8.0,,,2.0,,,,,,,,90.0,1.0,,,,,,,,,,6.7,,,1.0,,5.0,4.0,,1.0,1.0,22.0,5.0,23.0,2,1.0,46.0,2.0,2.0,4.0,
2015-16,6768304,32,13,Leicester_City,Home,234148,N'Golo Kanté,n-golo-kante,M,False,,,5.0,11.0,18.0,29.0,2.0,1.0,10.0,,,,1.0,,,,10.0,11.0,,,4.0,,,,,4.0,,,90.0,,1.0,,,,,,,,,7.7,,,,3.0,4.0,,,7.0,,16.0,21.0,37.0,0,8.0,61.0,,1.0,1.0,
2015-16,6768304,32,13,Leicester_City,Home,308526,Daniel Amartey,daniel-amartey,M,True,,,,,,,,,,,,,,,,,,,,,,,,,,,,,,,,,,,,,,,,,,,,,,,,,,,,,0,,,,,,
2015-16,6768304,32,13,Leicester_City,Home,355152,Demarai Gray,demarai-gray,M,True,1.0,,1.0,10.0,2.0,11.0,,,1.0,,,,,,,,1.0,3.0,,,,,,,,,1.0,,11.0,,,,,,,,,,,6.9,,,,,1.0,1.0,,1.0,,12.0,3.0,14.0,0,1.0,21.0,,2.0,,
2015-16,6768305,32,14,Liverpool,Home,791,James Milner,james-milner,M,False,,,1.0,21.0,6.0,27.0,2.0,1.0,8.0,,,1.0,5.0,,,3.0,10.0,7.0,,,,,,,,5.0,,,89.0,,,,,,,,,,,6.2,,,,2.0,,7.0,,4.0,,41.0,8.0,42.0,1,4.0,76.0,2.0,2.0,,
2015-16,6768305,32,6,Tottenham_Hotspur,Away,9865,Mousa Dembélé,mousa-dembele,M,False,,,1.0,32.0,29.0,61.0,,4.0,12.0,,,,1.0,,,5.0,6.0,17.0,,,,,,,,2.0,,,90.0,1.0,,,,,,,,,,8.0,,,,6.0,8.0,,,1.0,,35.0,33.0,68.0,1,3.0,97.0,,2.0,8.0,
2015-16,6768305,32,14,Liverpool,Home,17054,Adam Lallana,adam-lallana,M,False,,,1.0,14.0,9.0,23.0,3.0,,6.0,,,,3.0,,,3.0,12.0,3.0,,,2.0,,,,,,1.0,,82.0,2.0,,,,,,,,,,6.2,,,,,1.0,,,1.0,,16.0,12.0,28.0,2,2.0,42.0,3.0,1.0,,
2015-16,6768305,32,14,Liverpool,Home,20602,Joe Allen,joe-allen,M,True,,,,1.0,1.0,2.0,1.0,,1.0,,,,,,,,2.0,,,,1.0,,,,,,,,8.0,,,,,,,,,,,6.4,,,,,,,,,,1.0,2.0,3.0,0,,3.0,,,,
2015-16,6768305,32,6,Tottenham_Hotspur,Away,32492,Nacer Chadli,nacer-chadli,M,True,,,,4.0,1.0,5.0,1.0,1.0,2.0,,,,,,,1.0,4.0,3.0,,,1.0,,,,,,,,24.0,,,,,,,,,,,6.3,,,,,1.0,2.0,,,,7.0,2.0,7.0,0,1.0,14.0,,1.0,,
2015-16,6768305,32,14,Liverpool,Home,42694,Jordan Henderson,jordan-henderson,M,False,,,5.0,15.0,23.0,38.0,1.0,2.0,16.0,,,2.0,2.0,,,1.0,4.0,10.0,,,,,,,,2.0,1.0,,90.0,1.0,,,,,,,,,,7.9,,,,1.0,,3.0,,8.0,,26.0,26.0,49.0,3,8.0,75.0,1.0,1.0,,
2015-16,6768305,32,6,Tottenham_Hotspur,Away,44567,Ryan Mason,ryan-mason,M,True,,,,1.0,,1.0,1.0,,,,,,,,,,1.0,1.0,,,,,,,,,,,2.0,,,,,,,,,,,,,,,,,,,,,2.0,,2.0,0,,3.0,,1.0,,
2015-16,6768305,32,6,Tottenham_Hotspur,Away,105734,Christian Eriksen,christian-eriksen,M,False,4.0,,4.0,37.0,8.0,41.0,1.0,,5.0,,,,,,,4.0,6.0,4.0,,1.0,1.0,1.0,,,,,5.0,,90.0,2.0,,,,,,,,,,7.7,,,1.0,1.0,1.0,7.0,,9.0,,48.0,8.0,49.0,3,3.0,79.0,2.0,,1.0,
2015-16,6768305,32,14,Liverpool,Home,119159,Philippe Coutinho,philippe-coutinho,M,False,2.0,,4.0,21.0,5.0,24.0,1.0,,4.0,2.0,,2.0,2.0,,,2.0,6.0,8.0,,,2.0,,1.0,,1.0,1.0,5.0,,90.0,2.0,,,,,,,,,,8.8,,,1.0,,3.0,8.0,,4.0,,34.0,7.0,33.0,5,5.0,63.0,3.0,,3.0,
2015-16,6768305,32,14,Liverpool,Home,185955,Jordon Ibe,jordon-ibe,M,True,,,,,1.0,1.0,,,1.0,,,,,,,,,,,,,,,,,,,,1.0,,,,,,,,,,,,,,,,,,,,,,1.0,1.0,0,,1.0,,,,
2015-16,6768305,32,6,Tottenham_Hotspur,Away,198028,Dele Alli,dele-alli,M,False,,,,22.0,6.0,28.0,2.0,,4.0,,1.0,1.0,,,,4.0,9.0,4.0,,,3.0,,,,,,2.0,,88.0,1.0,,,,,,,,,,6.3,,,1.0,,2.0,,,1.0,,34.0,6.0,40.0,3,2.0,59.0,2.0,2.0,,
2015-16,6768305,32,6,Tottenham_Hotspur,Away,361332,Joshua Onomah,joshua-onomah,M,True,,,,,,,,,,,,,,,,,,,,,,,,,,,,,,,,,,,,,,,,,,,,,,,,,,,,,0,,,,,,
2015-16,6768305,32,6,Tottenham_Hotspur,Away,801460,Tom Carroll,carroll-tom,M,True,,,,,,,,,,,,,,,,,,,,,,,,,,,,,,,,,,,,,,,,,,,,,,,,,,,,,0,,,,,,
2015-16,6768310,32,43,Manchester_City,Away,3544,Samir Nasri,samir-nasri,M,True,,,,12.0,6.0,18.0,,,1.0,,,,1.0,,,,1.0,1.0,,,,1.0,,,,,1.0,,24.0,,,,,,,,,,,6.8,,,,,,,,,1.0,12.0,8.0,20.0,0,1.0,24.0,2.0,,,
2015-16,6768310,32,91,Bournemouth,Home,11764,Marc Pugh,marc-pugh,M,True,,,1.0,8.0,7.0,15.0,,1.0,1.0,,,,2.0,,,,7.0,6.0,,,,,,,,1.0,,,45.0,,,,,,,,,,,6.3,,,,,8.0,2.0,,1.0,1.0,13.0,7.0,18.0,0,1.0,35.0,1.0,1.0,3.0,
2015-16,6768310,32,43,Manchester_City,Away,11781,David Silva,david-silva,M,False,,,1.0,34.0,16.0,50.0,1.0,2.0,4.0,,,,3.0,,,1.0,5.0,7.0,,,,1.0,,,,1.0,3.0,,66.0,,,,,,,,,,,7.5,,,2.0,,1.0,2.0,,2.0,,40.0,16.0,54.0,2,3.0,65.0,,1.0,1.0,
2015-16,6768310,32,43,Manchester_City,Away,13630,Fernandinho,fernandinho,M,False,,,3.0,36.0,16.0,52.0,,,9.0,,,,1.0,,,,4.0,5.0,,,3.0,,,,1.0,,1.0,,90.0,,2.0,,,,,,,,,7.7,,,1.0,1.0,1.0,,,3.0,,40.0,16.0,56.0,1,4.0,69.0,,,1.0,
2015-16,6768310,32,91,Bournemouth,Home,14695,Andrew Surman,andrew-surman,M,False,,,6.0,27.0,24.0,51.0,,,9.0,,,2.0,1.0,,,,2.0,3.0,,,1.0,,,,,3.0,,,90.0,,,,,,,,,,,6.9,,,,1.0,1.0,,,10.0,,35.0,27.0,62.0,2,1.0,73.0,1.0,1.0,1.0,
2015-16,6768310,32,91,Bournemouth,Home,16590,Max Gradel,max-gradel,M,False,1.0,,1.0,11.0,7.0,17.0,1.0,,4.0,,,,3.0,,,1.0,11.0,6.0,,,3.0,,,,,,,,84.0,,,,,,,,,,,5.8,,,,1.0,4.0,4.0,,3.0,,18.0,8.0,22.0,0,2.0,39.0,,3.0,1.0,
2015-16,6768310,32,91,Bournemouth,Home,41628,Eunan O'Kane,eunan-okane,M,False,,,,18.0,9.0,27.0,,,3.0,,1.0,,2.0,,,,6.0,1.0,,,1.0,,,,,,,,90.0,,,,,,,,,,,5.5,,,1.0,,4.0,,,,,24.0,10.0,34.0,1,1.0,42.0,1.0,,,
2015-16,6768310,32,43,Manchester_City,Away,41837,Fernando,fernando-reges,M,False,,,2.0,32.0,17.0,49.0,,,5.0,,,,1.0,,,,4.0,4.0,,,3.0,,1.0,,,3.0,,,90.0,1.0,,,,,,,,,,7.7,,,,2.0,,,,3.0,,34.0,19.0,53.0,1,3.0,64.0,,1.0,,
2015-16,6768310,32,91,Bournemouth,Home,42699,Matt Ritchie,matt-ritchie,M,False,2.0,,4.0,24.0,16.0,38.0,1.0,2.0,6.0,,,1.0,2.0,,,,7.0,6.0,,,2.0,,,,,3.0,2.0,,90.0,1.0,,,,,,,,,,7.0,,,1.0,1.0,4.0,3.0,,7.0,,34.0,19.0,50.0,3,1.0,71.0,2.0,2.0,2.0,
2015-16,6768310,32,43,Manchester_City,Away,70996,Kevin De Bruyne,kevin-de-bruyne,M,False,,,2.0,22.0,4.0,26.0,,1.0,2.0,,,,,,,3.0,3.0,3.0,,,,,1.0,,,1.0,3.0,,57.0,3.0,,,,,,,,,,7.8,,,1.0,1.0,,1.0,,2.0,1.0,26.0,6.0,31.0,4,1.0,48.0,2.0,1.0,,
2015-16,6768312,32,21,West_Ham_United,Home,9741,Mark Noble,mark-noble,M,False,,,4.0,30.0,27.0,57.0,1.0,,7.0,,,,1.0,,,2.0,5.0,1.0,,,1.0,,,,,,2.0,,80.0,,,,,,,,,,,6.4,,,1.0,,,2.0,,8.0,,36.0,28.0,62.0,1,1.0,69.0,,,,
2015-16,6768312,32,31,Crystal_Palace,Away,9921,Joe Ledley,joe-ledley,M,False,,,1.0,6.0,4.0,10.0,1.0,,3.0,,,,2.0,,,1.0,5.0,3.0,,,1.0,,,,,2.0,1.0,,71.0,1.0,,,,,,,,,,6.6,,,,1.0,,,,3.0,,10.0,5.0,15.0,1,3.0,24.0,,,,
2015-16,6768312,32,21,West_Ham_United,Home,12987,Alex Song,alex-song,M,True,,,,,,,,,,,,,,,,,,,,,,,,,,,,,,,,,,,,,,,,,,,,,,,,,,,,,0,,,,,,
2015-16,6768312,32,21,West_Ham_United,Home,14216,Dimitri Payet,dimitri-payet,M,False,3.0,,1.0,21.0,7.0,25.0,,,1.0,1.0,,,1.0,,,,7.0,6.0,,,2.0,,1.0,,,,4.0,,90.0,2.0,,,,,,,,,,7.7,,,1.0,,7.0,6.0,,4.0,,35.0,8.0,37.0,3,1.0,58.0,,3.0,2.0,
2015-16,6768312,32,31,Crystal_Palace,Away,19593,Jason Puncheon,jason-puncheon,M,False,1.0,,4.0,17.0,8.0,24.0,,1.0,6.0,,1.0,1.0,3.0,,,,5.0,2.0,,,2.0,,,,,1.0,1.0,,90.0,,,,,,,,,,,6.2,,,1.0,,1.0,2.0,,5.0,,22.0,8.0,28.0,2,,43.0,3.0,,1.0,
2015-16,6768312,32,31,Crystal_Palace,Away,38130,Jordon Mutch,jordon-mutch,M,True,,,,,,,,,,,,,,,,,,,,,,,,,,,,,,,,,,,,,,,,,,,,,,,,,,,,,0,,,,,,
2015-16,6768312,32,31,Crystal_Palace,Away,38639,Chung-yong Lee,chung-yong-lee,M,True,,,,,,,,,,,,,,,,,,,,,,,,,,,,,,,,,,,,,,,,,,,,,,,,,,,,,0,,,,,,
2015-16,6768312,32,21,West_Ham_United,Home,45944,Cheikhou Kouyaté,cheikhou-kouyate,M,False,,,3.0,24.0,35.0,59.0,,2.0,7.0,,,,2.0,,,,4.0,7.0,,1.0,2.0,,,,,2.0,,,67.0,,,,,,,,,,,6.6,,,,1.0,2.0,,,4.0,,28.0,35.0,63.0,0,1.0,74.0,2.0,2.0,2.0,
2015-16,6768312,32,21,West_Ham_United,Home,46799,Pedro Obiang,pedro-obiang,M,True,,,,,1.0,1.0,,,2.0,,,,,,,,,,,,,,,,,,,,10.0,,,,,,,,,,,6.5,,,,,,,,,,1.0,1.0,2.0,0,,3.0,,,,
2015-16,6768312,32,31,Crystal_Palace,Away,84686,Pape Souaré,pape-souare,M,False,1.0,,4.0,7.0,4.0,10.0,3.0,2.0,5.0,1.0,,,1.0,,,,4.0,5.0,,,1.0,,,,,5.0,1.0,,90.0,,1.0,,,,,,,,,7.2,,,,4.0,1.0,5.0,,7.0,,19.0,5.0,19.0,0,2.0,49.0,,1.0,1.0,
2015-16,6768312,32,31,Crystal_Palace,Away,111850,Wilfried Zaha,wilfried-zaha,M,False,,,,4.0,,4.0,1.0,1.0,3.0,,,,1.0,,,2.0,7.0,7.0,,,1.0,,,,,,,,45.0,,,,,,,,,,,6.2,,,,,3.0,,,,,6.0,2.0,8.0,0,2.0,20.0,,3.0,1.0,
2015-16,6768312,32,21,West_Ham_United,Home,220315,Manuel Lanzini,manuel-lanzini,M,False,,,1.0,42.0,24.0,66.0,1.0,,8.0,,,1.0,1.0,,,1.0,3.0,9.0,,,,,1.0,,,3.0,5.0,,90.0,2.0,,,,,,,,,,8.4,,,,,5.0,1.0,,2.0,,49.0,25.0,73.0,3,2.0,94.0,2.0,2.0,5.0,
2015-16,6768313,32,1,Manchester_United,Home,938,Michael Carrick,michael-carrick,M,False,,,4.0,19.0,15.0,34.0,,,8.0,,,,1.0,,,2.0,3.0,,,,,,,,,5.0,,,58.0,,,,,,,,,,,6.7,,,,2.0,,,,6.0,,24.0,17.0,41.0,0,,51.0,,,,
2015-16,6768313,32,11,Everton,Away,3593,Kevin Mirallas,kevin-mirallas,M,True,,,,3.0,1.0,4.0,,,,,,1.0,,,,,1.0,1.0,,,,,,,,,,,27.0,,,,,,,,,,,6.5,,,,,1.0,,,,,5.0,1.0,6.0,1,1.0,12.0,1.0,,,
2015-16,6768313,32,11,Everton,Away,9692,Aaron Lennon,aaron-lennon,M,False,,,2.0,12.0,4.0,16.0,,,2.0,,,,,,,1.0,1.0,5.0,,,,,,,,,1.0,,90.0,,,,,,,,,,,6.9,,,,2.0,,2.0,,2.0,,17.0,4.0,19.0,0,3.0,37.0,5.0,2.0,,
2015-16,6768313,32,1,Manchester_United,Home,27009,Morgan Schneiderlin,morgan-schneiderlin,M,False,,,5.0,30.0,27.0,57.0,1.0,1.0,4.0,,,,,,,,3.0,3.0,,,2.0,,,,,1.0,,,90.0,,,,,,,,,,,7.0,,,1.0,,,2.0,,6.0,,36.0,28.0,62.0,1,2.0,71.0,1.0,,,
2015-16,6768313,32,1,Manchester_United,Home,28367,Juan Mata,juan-mata,M,False,,,4.0,36.0,10.0,46.0,,,5.0,,,1.0,1.0,,,2.0,5.0,2.0,,,1.0,,,,,,2.0,,90.0,,,,,,,,,,,6.5,,,,1.0,2.0,4.0,,4.0,,45.0,12.0,53.0,1,1.0,67.0,1.0,,1.0,
2015-16,6768313,32,11,Everton,Away,39283,James McCarthy,james-mccarthy,M,False,,,2.0,13.0,15.0,28.0,1.0,1.0,6.0,,,,,,,,1.0,8.0,,,,,,,,3.0,,,90.0,,1.0,,,,,,,,,7.5,,,,1.0,,,,6.0,,18.0,18.0,36.0,0,4.0,51.0,,3.0,,
2015-16,6768313,32,11,Everton,Away,46432,Tom Cleverley,tom-cleverley,M,False,,,2.0,22.0,19.0,41.0,,,5.0,,,2.0,2.0,,,,2.0,4.0,,,,,,,,4.0,,,90.0,,,,,,,,,,,6.8,,,,,1.0,2.0,,5.0,,29.0,21.0,48.0,2,1.0,65.0,3.0,2.0,1.0,
2015-16,6768313,32,1,Manchester_United,Home,82474,Ander Herrera,ander-herrera,M,True,,,5.0,14.0,12.0,26.0,,,7.0,,,,,,,,,3.0,,,,,,,,,,,32.0,,,,,,,,,,,7.2,,,,3.0,,1.0,,5.0,,16.0,13.0,28.0,0,3.0,37.0,,,,
2015-16,6768313,32,11,Everton,Away,98435,Ross Barkley,ross-barkley,M,False,,,3.0,20.0,12.0,32.0,,1.0,10.0,,,,,,,3.0,6.0,8.0,,,1.0,,,,,2.0,,,87.0,,,,,,,,,,,6.8,,,,3.0,5.0,1.0,,6.0,,30.0,13.0,42.0,0,3.0,64.0,2.0,1.0,3.0,
2015-16,6768313,32,11,Everton,Away,124960,Muhamed Bešić,muhamed-besic,M,True,,,,,,,,,,,,,,,,,,,,,,,,,,,,,,,,,,,,,,,,,,,,,,,,,,,,,0,,,,,,
2015-16,6768313,32,1,Manchester_United,Home,191176,Anthony Martial,anthony-martial,M,False,,,,26.0,7.0,33.0,3.0,2.0,3.0,,,2.0,2.0,,,3.0,12.0,8.0,,,3.0,,1.0,,,1.0,1.0,,90.0,1.0,,,,,,,,,,7.1,,,1.0,1.0,5.0,1.0,,2.0,,35.0,9.0,43.0,4,2.0,65.0,1.0,1.0,3.0,
2015-16,6768315,32,56,Sunderland,Home,524,Sebastian Larsson,sebastian-larsson,M,True,,,,,,,,,,,,,,,,,,,,,,,,,,,,,,,,,,,,,,,,,,,,,,,,,,,,,0,,,,,,
2015-16,6768315,32,35,West_Bromwich_Albion,Away,765,Darren Fletcher,darren-fletcher,M,False,,,4.0,9.0,8.0,17.0,2.0,,6.0,,,,1.0,,,,3.0,2.0,,,,,,,,1.0,,,90.0,,,,,,,,,,,6.7,,,,1.0,,3.0,,6.0,,18.0,12.0,27.0,0,1.0,40.0,3.0,1.0,,
2015-16,6768315,32,56,Sunderland,Home,14210,Lee Cattermole,lee-cattermole,M,False,1.0,,2.0,21.0,11.0,31.0,,,9.0,,1.0,1.0,2.0,,,1.0,5.0,4.0,,,2.0,,,,,1.0,6.0,,90.0,1.0,,,,,,,,,,7.2,,,,3.0,1.0,2.0,,6.0,,34.0,11.0,43.0,2,1.0,62.0,,2.0,1.0,
2015-16,6768315,32,35,West_Bromwich_Albion,Away,14235,Craig Gardner,craig-gardner,M,False,1.0,,2.0,12.0,2.0,13.0,1.0,4.0,6.0,,,,,,,1.0,2.0,8.0,,,,,,,,2.0,,,71.0,,,,,,,,,,,6.9,,,1.0,1.0,1.0,3.0,,7.0,,28.0,4.0,29.0,1,1.0,47.0,4.0,2.0,1.0,
2015-16,6768315,32,56,Sunderland,Home,32045,Yann M'Vila,yann-mvila,M,False,,,2.0,29.0,11.0,40.0,2.0,1.0,8.0,1.0,,1.0,1.0,,,2.0,5.0,1.0,,1.0,,,,,,2.0,1.0,,90.0,,,,,,,,,,,6.7,,,1.0,1.0,,,,4.0,,38.0,13.0,51.0,2,,61.0,,,,
2015-16,6768315,32,35,West_Bromwich_Albion,Away,41631,James McClean,james-mcclean,M,True,1.0,,,1.0,1.0,1.0,,,3.0,,,,1.0,,,,2.0,2.0,,,1.0,,,,,,1.0,,19.0,,,,,,,,,,,6.6,,,,,1.0,3.0,,3.0,,5.0,2.0,4.0,0,,12.0,1.0,1.0,1.0,
2015-16,6768315,32,35,West_Bromwich_Albion,Away,43301,Sandro,sandro,M,False,1.0,,,9.0,8.0,16.0,1.0,3.0,6.0,,,,1.0,,,,4.0,7.0,,,1.0,,,,,4.0,,,90.0,,1.0,,,,,,,,,7.3,,,1.0,4.0,1.0,1.0,,4.0,,20.0,11.0,30.0,1,3.0,50.0,,1.0,,
2015-16,6768315,32,56,Sunderland,Home,43473,Jan Kirchhoff,jan-kirchhoff,M,False,,,4.0,28.0,16.0,44.0,4.0,5.0,8.0,,,,2.0,,,,7.0,11.0,,,1.0,,,,,8.0,3.0,,90.0,1.0,,,,,,,,,,8.0,,,,4.0,3.0,,,8.0,,39.0,22.0,61.0,1,2.0,83.0,1.0,1.0,3.0,
2015-16,6768315,32,35,West_Bromwich_Albion,Away,151037,Claudio Yacob,claudio-yacob,M,False,,,,13.0,10.0,23.0,,,7.0,,,,3.0,,,2.0,9.0,2.0,,,4.0,,,,,3.0,,,90.0,,1.0,,,,,,,,,6.1,,,,,,,,6.0,,21.0,11.0,32.0,0,1.0,42.0,1.0,1.0,,
2015-16,6768315,32,35,West_Bromwich_Albion,Away,180009,Alex Pritchard,alex-pritchard,M,True,,,,,,,,,,,,,,,,,,,,,,,,,,,,,,,,,,,,,,,,,,,,,,,,,,,,,0,,,,,,
2015-16,6768316,32,4,Newcastle_United,Away,10438,Cheik Tiote,cheik-tiote,M,False,,,2.0,11.0,21.0,32.0,2.0,4.0,3.0,,,,1.0,,,,5.0,7.0,,,2.0,,,,,1.0,1.0,,45.0,,,,,,,,,,,6.9,,,,5.0,,,,2.0,,12.0,21.0,33.0,0,2.0,42.0,,1.0,,
2015-16,6768316,32,45,Norwich_City,Home,14336,Wesley Hoolahan,wesley-hoolahan,M,True,,,,2.0,3.0,5.0,,,2.0,,,,,,,,,1.0,,,,,,,,,,,9.0,,,,,,,,,,,6.5,,,,,,,,,,2.0,3.0,5.0,0,1.0,8.0,2.0,,,
2015-16,6768316,32,4,Newcastle_United,Away,15007,Vurnon Anita,vurnon-anita,M,False,,,,10.0,11.0,21.0,1.0,,1.0,,,,,,,,2.0,2.0,,,1.0,,,,,1.0,,,62.0,,,,,,,,,,,6.5,,,,1.0,,2.0,,4.0,,18.0,14.0,30.0,0,2.0,50.0,1.0,,,
2015-16,6768316,32,45,Norwich_City,Home,18712,Youssouf Mulumbu,youssouf-mulumbu,M,True,,,,,,,,,,,,,,,,,,,,,,,,,,,,,,,,,,,,,,,,,,,,,,,,,,,,,0,,,,,,
2015-16,6768316,32,45,Norwich_City,Home,20095,Matt Jarvis,matt-jarvis,M,False,2.0,,,9.0,3.0,10.0,,1.0,1.0,,,,,,,,2.0,1.0,,,1.0,,,,,,1.0,,75.0,,,,,,,,,,,6.3,,,,,1.0,8.0,,,,18.0,4.0,14.0,0,,30.0,3.0,,,
2015-16,6768316,32,4,Newcastle_United,Away,22126,Georginio Wijnaldum,georginio-wijnaldum,M,False,2.0,,1.0,32.0,16.0,46.0,3.0,2.0,5.0,,,,,,,,3.0,2.0,,,,,,,,1.0,2.0,,90.0,,,,,,,,,,,6.7,,,,2.0,,3.0,,2.0,,37.0,17.0,51.0,0,,58.0,1.0,,,
2015-16,6768316,32,4,Newcastle_United,Away,27014,Moussa Sissoko,moussa-sissoko,M,False,2.0,,2.0,18.0,22.0,38.0,2.0,2.0,8.0,,,,,,,,5.0,7.0,,,2.0,,,,,,2.0,,90.0,,,,,,,,,,,6.9,,,,,3.0,6.0,,3.0,,29.0,23.0,46.0,0,2.0,62.0,,1.0,2.0,
2015-16,6768316,32,45,Norwich_City,Home,29691,Gary O'Neil,gary-oneil,M,False,1.0,,5.0,16.0,15.0,30.0,1.0,,9.0,,,,3.0,,,1.0,6.0,4.0,,,1.0,,,,,2.0,,,90.0,,1.0,,1.0,,,,,,,6.1,,,,1.0,3.0,4.0,,9.0,,28.0,18.0,42.0,0,2.0,60.0,,,2.0,
2015-16,6768316,32,4,Newcastle_United,Away,30262,Siem de Jong,siem-de-jong,M,True,,,,,,,,,,,,,,,,,,,,,,,,,,,,,,,,,,,,,,,,,,,,,,,,,,,,,0,,,,,,
2015-16,6768316,32,4,Newcastle_United,Away,36465,Jonjo Shelvey,jonjo-shelvey,M,False,3.0,,5.0,33.0,25.0,55.0,,1.0,4.0,,,,1.0,,,1.0,3.0,2.0,,,,,,,,,3.0,,90.0,,,,,,,,,,,6.8,,,1.0,,1.0,5.0,,12.0,,42.0,26.0,63.0,1,1.0,73.0,,,,
2015-16,6768316,32,45,Norwich_City,Home,115346,Nathan Redmond,nathan-redmond,M,True,,,,5.0,,5.0,1.0,,1.0,,,1.0,2.0,,,2.0,6.0,,,,,,,,,,,,15.0,,,,,,,,,,,5.4,,,,,1.0,1.0,,1.0,,8.0,,7.0,1,,16.0,3.0,,,
2015-16,6768316,32,45,Norwich_City,Home,267621,Robbie Brady,robbie-brady,M,False,3.0,,,10.0,10.0,17.0,,1.0,3.0,1.0,,,,,,,1.0,4.0,,,1.0,1.0,,,,,3.0,,90.0,1.0,,,,,,,,,,7.5,,,1.0,,2.0,10.0,,3.0,,29.0,11.0,30.0,2,,55.0,6.0,1.0,2.0,
2015-16,6768318,32,110,Stoke_City,Home,2525,Ibrahim Afellay,ibrahim-afellay,M,False,2.0,,3.0,27.0,18.0,43.0,2.0,,3.0,,,,1.0,,,1.0,6.0,3.0,,,,,1.0,,,,1.0,,90.0,1.0,,,,,,,,,,7.2,,,2.0,1.0,3.0,8.0,,4.0,,37.0,20.0,49.0,3,,70.0,,2.0,1.0,
2015-16,6768318,32,110,Stoke_City,Home,9360,Charlie Adam,charlie-adam,M,True,,,,,,,,,,,,,,,,,,,,,,,,,,,,,,,,,,,,,,,,,,,,,,,,,,,,,0,,,,,,
2015-16,6768318,32,110,Stoke_City,Home,9682,Stephen Ireland,stephen-ireland,M,True,,,,1.0,4.0,5.0,,,1.0,,,,,,,,,2.0,,,,,,,,,,,9.0,,,,,,,,,,,6.9,,,,,,,,,,1.0,4.0,5.0,0,2.0,9.0,,,,
2015-16,6768318,32,110,Stoke_City,Home,10535,Glenn Whelan,glenn-whelan,M,False,1.0,,1.0,19.0,25.0,43.0,1.0,2.0,9.0,1.0,,1.0,1.0,,,1.0,4.0,5.0,,,1.0,1.0,,,,4.0,2.0,,81.0,,1.0,,,,,,,,,7.5,,,,1.0,1.0,1.0,,2.0,,22.0,25.0,46.0,1,1.0,60.0,,1.0,1.0,
2015-16,6768318,32,80,Swansea_City,Away,20538,Leon Britton,leon-britton,M,False,,,,15.0,19.0,34.0,1.0,,6.0,,,,1.0,,,2.0,4.0,2.0,,,,,,,,2.0,,,61.0,,,,,,,,,,,6.5,,,1.0,,1.0,,,,,17.0,19.0,36.0,1,1.0,46.0,3.0,,1.0,
2015-16,6768318,32,80,Swansea_City,Away,20993,Jack Cork,jack-cork,M,False,,,3.0,25.0,19.0,44.0,1.0,2.0,4.0,,,,2.0,,,,6.0,9.0,,,2.0,,,,,2.0,,,90.0,1.0,,,,,,,,,,7.1,,,,4.0,2.0,2.0,,4.0,,34.0,22.0,54.0,1,4.0,75.0,1.0,2.0,1.0,
2015-16,6768318,32,80,Swansea_City,Away,30243,Neil Taylor,neil-taylor,M,True,,,,1.0,1.0,2.0,,,,,,,,,,,,,,,,,,,,,,,8.0,,,,,,,,,,,6.6,,,,1.0,,,,,,1.0,1.0,2.0,0,,4.0,,,,
2015-16,6768318,32,80,Swansea_City,Away,31821,Leroy Fer,leroy-fer,M,False,,,4.0,27.0,27.0,54.0,1.0,1.0,8.0,,,,,,,,2.0,5.0,,,1.0,,,,,1.0,,,90.0,,,,,,,,,,,7.3,,,1.0,,1.0,,,6.0,,36.0,27.0,63.0,1,2.0,74.0,,1.0,1.0,
2015-16,6768318,32,80,Swansea_City,Away,38642,Sung-Yueng Ki,sung-yueng-ki,M,True,,,,,,,,,,,,,,,,,,,,,,,,,,,,,,,,,,,,,,,,,,,,,,,,,,,,,0,,,,,,
2015-16,6768318,32,80,Swansea_City,Away,43192,Gylfi Sigurðsson,gylfi-sigursson,M,False,,,1.0,15.0,19.0,34.0,,,4.0,,,1.0,2.0,,,1.0,6.0,1.0,,,1.0,,1.0,,,3.0,2.0,,90.0,1.0,,,,,,,,,,6.5,,,,,2.0,7.0,,1.0,,30.0,21.0,44.0,2,,67.0,2.0,1.0,,
2015-16,6768318,32,80,Swansea_City,Away,54686,Jefferson Montero,jefferson-montero,M,True,,,1.0,7.0,5.0,12.0,,,2.0,,,,,,,1.0,1.0,,,,,,,,,,,,29.0,,,,,,,,,,,6.2,,,1.0,,,6.0,,1.0,,15.0,5.0,14.0,1,,24.0,,,,
2015-16,6768318,32,110,Stoke_City,Home,96702,Giannelli Imbula,giannelli-imbula,M,False,,,,14.0,23.0,37.0,,,7.0,,,,1.0,,,1.0,2.0,6.0,,,,,,,,,,,90.0,1.0,,,,,,,,,,6.8,,,,,2.0,,,,,19.0,24.0,43.0,1,,52.0,,4.0,2.0,
2015-16,6768308,33,56,Sunderland,Home,524,Sebastian Larsson,sebastian-larsson,M,True,,,,,,,,,,,,,,,,,,,,,,,,,,,,,,,,,,,,,,,,,,,,,,,,,,,,,0,,,,,,
2015-16,6768308,33,56,Sunderland,Home,14210,Lee Cattermole,lee-cattermole,M,False,,,3.0,18.0,9.0,27.0,1.0,5.0,5.0,,,,2.0,,,1.0,5.0,9.0,,,1.0,,,,,3.0,2.0,,90.0,,,,,,,,,,,7.1,,,,3.0,,,,7.0,,28.0,13.0,41.0,0,4.0,55.0,2.0,,,
2015-16,6768308,33,13,Leicester_City,Away,14231,Nathan Dyer,nathan-dyer,M,True,,,,,,,,,,,,,,,,,,,,,,,,,,,,,,,,,,,,,,,,,,,,,,,,,,,,,0,,,,,,
2015-16,6768308,33,13,Leicester_City,Away,30530,Andy King,andy-king,M,True,,,,,,,,,,,,,,,,,,,,,,,,,,,,,,,,,,,,,,,,,,,,,,,,,,,,,0,,,,,,
2015-16,6768308,33,56,Sunderland,Home,32045,Yann M'Vila,yann-mvila,M,False,,,1.0,13.0,5.0,18.0,,1.0,5.0,,,,1.0,,,1.0,2.0,4.0,,,,,,,,1.0,2.0,,68.0,,1.0,,,,,,,,,7.0,,,,2.0,,,,2.0,,17.0,6.0,23.0,0,2.0,32.0,,1.0,,
2015-16,6768308,33,56,Sunderland,Home,43473,Jan Kirchhoff,jan-kirchhoff,M,False,,,6.0,23.0,17.0,40.0,3.0,3.0,18.0,,,,1.0,,,2.0,7.0,13.0,,,1.0,,,,,3.0,1.0,,90.0,,,,,,,,,,,7.5,,,,4.0,1.0,1.0,,10.0,,36.0,20.0,55.0,0,7.0,81.0,2.0,2.0,1.0,
2015-16,6768308,33,13,Leicester_City,Away,47737,Marc Albrighton,marc-albrighton,M,False,2.0,,4.0,13.0,7.0,18.0,3.0,,9.0,,,1.0,1.0,,,1.0,8.0,6.0,,,,,,,,3.0,2.0,,84.0,1.0,,,,,,,,,,7.2,,,,,6.0,10.0,,6.0,,28.0,9.0,27.0,2,1.0,56.0,1.0,2.0,3.0,
2015-16,6768308,33,13,Leicester_City,Away,54330,Danny Drinkwater,danny-drinkwater,M,False,,,3.0,37.0,11.0,48.0,1.0,,17.0,1.0,,,2.0,,,1.0,8.0,6.0,,,2.0,1.0,,,,2.0,2.0,,90.0,,,,,,,,,,,7.5,,,2.0,3.0,3.0,,,10.0,,50.0,15.0,65.0,2,4.0,87.0,1.0,1.0,1.0,
2015-16,6768308,33,13,Leicester_City,Away,158213,Riyad Mahrez,riyad-mahrez,M,False,,,1.0,13.0,3.0,16.0,1.0,1.0,9.0,,,1.0,2.0,,,2.0,13.0,12.0,,,,,,,,,1.0,,81.0,,,,,,,,,,,6.4,,,,,14.0,,,2.0,,19.0,6.0,25.0,1,2.0,54.0,3.0,3.0,6.0,
2015-16,6768308,33,13,Leicester_City,Away,234148,N'Golo Kanté,n-golo-kante,M,False,,,2.0,22.0,20.0,42.0,2.0,,11.0,1.0,,,3.0,,,2.0,11.0,10.0,,,1.0,,,,,4.0,2.0,,90.0,1.0,1.0,,,,,,,,,7.6,,,,1.0,6.0,2.0,,2.0,,30.0,21.0,49.0,1,7.0,74.0,,,3.0,
2015-16,6768308,33,13,Leicester_City,Away,308526,Daniel Amartey,daniel-amartey,M,True,,,,7.0,3.0,10.0,,,,,1.0,,,,,,,1.0,,,,,,,,,,,6.0,1.0,,,,,,,,,,6.6,,,,1.0,1.0,,,,,7.0,3.0,10.0,1,,13.0,,,1.0,
2015-16,6768308,33,13,Leicester_City,Away,355152,Demarai Gray,demarai-gray,M,True,,,2.0,8.0,1.0,9.0,,,4.0,1.0,,,1.0,,,,3.0,3.0,,,,1.0,,,,,1.0,,9.0,,,,,,,,,,,7.2,,,,,4.0,,,4.0,,11.0,1.0,12.0,0,1.0,19.0,,,2.0,
2015-16,6768309,33,8,Chelsea,Away,518,Cesc Fàbregas,cesc-fabregas,M,False,,,7.0,59.0,32.0,91.0,,1.0,8.0,,,,1.0,,,2.0,6.0,3.0,,,2.0,,,,,,2.0,,90.0,,,,,,,,,,,6.7,,,,,1.0,6.0,,12.0,,81.0,35.0,110.0,0,1.0,128.0,2.0,1.0,,
2015-16,6768309,33,8,Chelsea,Away,7311,John Obi Mikel,john-obi-mikel,M,False,,,,24.0,42.0,66.0,,1.0,10.0,,,,4.0,,,1.0,8.0,2.0,,,2.0,,,,,,,,90.0,,1.0,,,,,,,,,6.2,,,,1.0,2.0,,,,,28.0,46.0,74.0,0,,80.0,,,1.0,
2015-16,6768309,33,80,Swansea_City,Home,20993,Jack Cork,jack-cork,M,False,,,3.0,11.0,25.0,36.0,2.0,1.0,9.0,,,,1.0,,,,4.0,6.0,,,1.0,,,,,3.0,,,90.0,1.0,,,,,,,,,,7.4,,,,,2.0,,,5.0,,18.0,27.0,45.0,1,3.0,61.0,3.0,,2.0,
2015-16,6768309,33,80,Swansea_City,Home,30243,Neil Taylor,neil-taylor,M,False,1.0,,3.0,6.0,6.0,11.0,,,3.0,,,,,,,2.0,4.0,4.0,,,1.0,,,,,3.0,1.0,,90.0,,,,,,,,,,,7.1,,,,4.0,1.0,1.0,,8.0,,12.0,10.0,21.0,0,3.0,44.0,,1.0,,
2015-16,6768309,33,80,Swansea_City,Home,31821,Leroy Fer,leroy-fer,M,False,,,2.0,18.0,15.0,33.0,,2.0,12.0,,,,3.0,,,1.0,7.0,7.0,,,3.0,,,,,6.0,,,90.0,1.0,,,,,,,,,,7.1,,,,2.0,1.0,,,6.0,,24.0,17.0,41.0,1,1.0,58.0,1.0,3.0,1.0,
2015-16,6768309,33,80,Swansea_City,Home,38642,Sung-Yueng Ki,sung-yueng-ki,M,True,,,,,,,,,,,,,,,,,,,,,,,,,,,,,,,,,,,,,,,,,,,,,,,,,,,,,0,,,,,,
2015-16,6768309,33,8,Chelsea,Away,39400,Oscar,oscar,M,False,2.0,,2.0,38.0,24.0,60.0,1.0,,9.0,,,1.0,1.0,,,,5.0,10.0,,,,,,,,2.0,1.0,,90.0,,2.0,,,,,,,,,8.0,,,1.0,,9.0,4.0,,2.0,,51.0,25.0,72.0,2,3.0,101.0,1.0,1.0,6.0,
2015-16,6768309,33,80,Swansea_City,Home,43192,Gylfi Sigurðsson,gylfi-sigursson,M,False,2.0,,1.0,20.0,13.0,31.0,2.0,1.0,3.0,2.0,,1.0,2.0,,,1.0,7.0,7.0,,,,,1.0,,,,3.0,,90.0,2.0,,,,,,,,,,8.4,,,,1.0,3.0,3.0,,5.0,,31.0,15.0,43.0,3,4.0,63.0,1.0,1.0,1.0,
2015-16,6768309,33,80,Swansea_City,Home,54686,Jefferson Montero,jefferson-montero,M,False,,,,15.0,5.0,20.0,1.0,1.0,4.0,1.0,1.0,1.0,3.0,,,,6.0,7.0,,,1.0,,,,,,2.0,,84.0,,,,,,,,,,,6.5,,,1.0,1.0,2.0,10.0,,1.0,,29.0,5.0,24.0,2,3.0,49.0,3.0,2.0,1.0,
2015-16,6768309,33,80,Swansea_City,Home,209098,Modou Barrow,modou-barrow,M,True,,,,,,,,,,,,,,,,,,,,,,,,,,,,,,,,,,,,,,,,,,,,,,,,,,,,,0,,,,,,
2015-16,6768309,33,8,Chelsea,Away,284437,Charlie Colkett,charlie-colkett,M,True,,,,,,,,,,,,,,,,,,,,,,,,,,,,,,,,,,,,,,,,,,,,,,,,,,,,,0,,,,,,
2015-16,6768309,33,8,Chelsea,Away,284441,Ruben Loftus-Cheek,ruben-loftus-cheek,M,False,,,,29.0,10.0,39.0,1.0,,5.0,,,2.0,,,,2.0,6.0,8.0,,,,,,,,,,,76.0,1.0,,,,,,,,,,6.9,,,,,5.0,,,,1.0,35.0,10.0,45.0,3,2.0,65.0,,4.0,2.0,
2015-16,6768309,33,8,Chelsea,Away,788260,Kasey Palmer,kasey-palmer,M,True,,,,,,,,,,,,,,,,,,,,,,,,,,,,,,,,,,,,,,,,,,,,,,,,,,,,,0,,,,,,
2015-16,6768309,33,8,Chelsea,Away,801391,Kenedy,kenedy,M,True,,,,5.0,7.0,12.0,,,3.0,,,,1.0,,,2.0,7.0,3.0,,,,,,,,,,,45.0,,,,,,,,,,,6.1,,,,,5.0,4.0,,,,10.0,7.0,13.0,0,1.0,32.0,4.0,1.0,1.0,
2015-16,6768311,33,7,Aston_Villa,Home,764,Kieran Richardson,kieran-richardson,M,False,1.0,,,9.0,11.0,19.0,2.0,1.0,4.0,,1.0,,,,,1.0,7.0,3.0,,,3.0,,,,,1.0,,,84.0,,,,,,,,,,,6.1,,,1.0,1.0,2.0,2.0,,,,11.0,14.0,23.0,1,,34.0,2.0,1.0,1.0,
2015-16,6768311,33,91,Bournemouth,Away,11764,Marc Pugh,marc-pugh,M,True,2.0,,,8.0,4.0,10.0,1.0,,3.0,,,,2.0,,,3.0,7.0,3.0,,,1.0,,,,,1.0,1.0,,32.0,,,,,,,,,,,6.2,,,,,2.0,5.0,,1.0,,16.0,5.0,16.0,0,1.0,30.0,,1.0,1.0,
2015-16,6768311,33,91,Bournemouth,Away,14695,Andrew Surman,andrew-surman,M,False,,,11.0,41.0,27.0,68.0,1.0,2.0,2.0,,,1.0,,,,,2.0,2.0,,,1.0,,,,,,,,90.0,,,,,,,,,,,7.0,,,1.0,3.0,,,,13.0,,45.0,27.0,72.0,2,,80.0,,,,
2015-16,6768311,33,91,Bournemouth,Away,16590,Max Gradel,max-gradel,M,False,,,,15.0,6.0,21.0,,,4.0,,,1.0,2.0,,,2.0,7.0,2.0,,,,,,,,3.0,1.0,,58.0,,,,,,,,,,,6.2,,,,,4.0,1.0,,3.0,1.0,22.0,6.0,27.0,1,1.0,40.0,1.0,,1.0,
2015-16,6768311,33,7,Aston_Villa,Home,24055,Scott Sinclair,scott-sinclair,M,False,,,2.0,11.0,11.0,22.0,,,5.0,,,,,,,1.0,2.0,8.0,,,,,,,,2.0,,,71.0,,,,,,,,,,,7.1,,,,,4.0,3.0,,2.0,1.0,17.0,11.0,25.0,0,3.0,42.0,1.0,2.0,3.0,
2015-16,6768311,33,91,Bournemouth,Away,41628,Eunan O'Kane,eunan-okane,M,True,,,,,,,,,,,,,,,,,,,,,,,,,,,,,,,,,,,,,,,,,,,,,,,,,,,,,0,,,,,,
2015-16,6768311,33,91,Bournemouth,Away,42699,Matt Ritchie,matt-ritchie,M,False,,,4.0,28.0,12.0,40.0,,,2.0,,,,3.0,,,1.0,6.0,5.0,,,1.0,,,,,,2.0,,90.0,,,,,,,,,,,6.6,,,1.0,,2.0,4.0,,4.0,,38.0,12.0,46.0,1,2.0,60.0,1.0,2.0,1.0,
2015-16,6768311,33,7,Aston_Villa,Home,49647,Ashley Westwood,ashley-westwood,M,False,3.0,,5.0,24.0,14.0,35.0,,,6.0,,,,3.0,,,1.0,4.0,4.0,,,,,,,,1.0,2.0,,90.0,,2.0,,,,,,,,,7.1,,,1.0,,,6.0,,9.0,,34.0,18.0,46.0,1,4.0,62.0,,,,
2015-16,6768311,33,7,Aston_Villa,Home,74545,Leandro Bacuna,leandro-bacuna,M,False,,,4.0,16.0,20.0,36.0,,,7.0,,,,1.0,,,,1.0,6.0,,,,,,,,,,,90.0,,,,,,,,,,,6.9,,,,1.0,1.0,1.0,,8.0,,22.0,26.0,47.0,0,5.0,72.0,1.0,,1.0,
2015-16,6768311,33,7,Aston_Villa,Home,106337,Idrissa Gana Gueye,idrissa-gana-gueye,M,False,,,1.0,22.0,15.0,37.0,2.0,1.0,5.0,,,,2.0,,,,7.0,13.0,,,3.0,1.0,,,,,2.0,,90.0,,,,,,,,,,,7.8,,,1.0,1.0,5.0,,,1.0,,25.0,15.0,40.0,1,3.0,57.0,2.0,4.0,5.0,
2015-16,6768311,33,7,Aston_Villa,Home,189061,Jack Grealish,jack-grealish,M,True,,,,1.0,,1.0,,,1.0,,,,,,,1.0,1.0,,,,,,,,,,,,6.0,,,,,,,,,,,6.3,,,,,,,,,,1.0,,1.0,0,,3.0,1.0,,,
2015-16,6768311,33,7,Aston_Villa,Home,827284,Jordan Lyden,jordan-lyden,M,False,,,1.0,7.0,9.0,16.0,1.0,,3.0,,,,,,,,2.0,2.0,,,1.0,,,,,1.0,,,45.0,,,,,,,,,,,6.7,,,,,,,,1.0,,9.0,10.0,19.0,0,1.0,22.0,,1.0,,
2015-16,6768314,33,31,Crystal_Palace,Home,3574,Yohan Cabaye,yohan-cabaye,M,False,3.0,,4.0,17.0,10.0,24.0,1.0,,4.0,,,1.0,5.0,,,,6.0,4.0,,,,,,,,4.0,5.0,,90.0,2.0,,,,,,,,,,7.7,,,,,1.0,6.0,,8.0,,26.0,13.0,33.0,3,3.0,51.0,,,1.0,
2015-16,6768314,33,31,Crystal_Palace,Home,9921,Joe Ledley,joe-ledley,M,True,,,,,1.0,1.0,1.0,,,,,,,,,,1.0,,,,,,,,,,,,14.0,,,,,,,,,,,6.4,,,,1.0,,,,1.0,,2.0,1.0,3.0,0,,4.0,,,,
2015-16,6768314,33,45,Norwich_City,Away,14336,Wesley Hoolahan,wesley-hoolahan,M,True,,,,,,,,,,,,,,,,,,,,,,,,,,,,,,,,,,,,,,,,,,,,,,,,,,,,,0,,,,,,
2015-16,6768314,33,45,Norwich_City,Away,18712,Youssouf Mulumbu,youssouf-mulumbu,M,True,,,,,,,,,,,,,,,,,,,,,,,,,,,,,,,,,,,,,,,,,,,,,,,,,,,,,0,,,,,,
2015-16,6768314,33,31,Crystal_Palace,Home,19593,Jason Puncheon,jason-puncheon,M,False,3.0,,2.0,21.0,5.0,23.0,,,4.0,,1.0,,,,,1.0,3.0,2.0,,,2.0,,1.0,,,,2.0,,76.0,1.0,,,,,,,,,,7.4,,,1.0,,1.0,5.0,,3.0,2.0,29.0,7.0,31.0,2,1.0,44.0,1.0,,1.0,
2015-16,6768314,33,45,Norwich_City,Away,20095,Matt Jarvis,matt-jarvis,M,False,1.0,,,8.0,4.0,11.0,1.0,,3.0,,,1.0,2.0,,,1.0,4.0,1.0,,,,,,,,,1.0,,76.0,,,,,,,,,,,6.1,,,,,,5.0,,1.0,,16.0,6.0,17.0,1,,30.0,2.0,1.0,,
2015-16,6768314,33,45,Norwich_City,Away,29691,Gary O'Neil,gary-oneil,M,False,1.0,,3.0,17.0,9.0,25.0,,2.0,9.0,,,,4.0,,,,4.0,8.0,,,,,,,,,1.0,,90.0,,,,,,,,,,,6.8,,,,1.0,4.0,5.0,,13.0,,38.0,12.0,45.0,0,1.0,61.0,,2.0,4.0,
2015-16,6768314,33,31,Crystal_Palace,Home,38639,Chung-yong Lee,chung-yong-lee,M,True,,,,,,,,,,,,,,,,,,,,,,,,,,,,,,,,,,,,,,,,,,,,,,,,,,,,,0,,,,,,
2015-16,6768314,33,31,Crystal_Palace,Home,84686,Pape Souaré,pape-souare,M,False,2.0,,4.0,13.0,8.0,19.0,3.0,,5.0,1.0,,,,,,,5.0,3.0,,,1.0,,,,,4.0,1.0,,90.0,,1.0,,,,,,,,,7.4,,,,2.0,3.0,6.0,,12.0,,23.0,11.0,28.0,0,,61.0,1.0,1.0,2.0,
2015-16,6768314,33,31,Crystal_Palace,Home,111850,Wilfried Zaha,wilfried-zaha,M,True,,,,3.0,,3.0,1.0,,4.0,,,,,,,,2.0,5.0,,,,,,,,2.0,,,25.0,2.0,,,,,,,,,,7.3,,,,,4.0,1.0,,1.0,,5.0,2.0,6.0,2,1.0,17.0,,1.0,3.0,
2015-16,6768314,33,45,Norwich_City,Away,115346,Nathan Redmond,nathan-redmond,M,True,,,,3.0,1.0,4.0,,,2.0,,,,,,,,,1.0,,,,,,,,,,,14.0,,,,,,,,,,,6.7,,,1.0,,1.0,2.0,,,,7.0,1.0,6.0,1,,13.0,2.0,,1.0,
2015-16,6768314,33,45,Norwich_City,Away,267621,Robbie Brady,robbie-brady,M,False,1.0,,,6.0,3.0,8.0,3.0,1.0,2.0,,,1.0,1.0,,,2.0,8.0,3.0,,,1.0,,,,,1.0,,,90.0,2.0,,,,,,,,,,6.6,,,2.0,1.0,2.0,4.0,,4.0,1.0,15.0,5.0,16.0,5,1.0,33.0,1.0,,1.0,
2015-16,6768317,33,4,Newcastle_United,Away,10438,Cheik Tiote,cheik-tiote,M,True,,,,,,,,,,,,,,,,,,,,,,,,,,,,,,,,,,,,,,,,,,,,,,,,,,,,,0,,,,,,
2015-16,6768317,33,4,Newcastle_United,Away,15007,Vurnon Anita,vurnon-anita,M,False,,,2.0,12.0,30.0,42.0,1.0,,9.0,,,,,,,1.0,2.0,1.0,,,,1.0,,,,3.0,1.0,,90.0,,1.0,,,,,,,,,6.8,,,,4.0,1.0,2.0,,4.0,,20.0,33.0,51.0,0,,81.0,2.0,,1.0,
2015-16,6768317,33,4,Newcastle_United,Away,16511,Gabriel Obertan,gabriel-obertan,M,True,,,,,,,,,,,,,,,,,,,,,,,,,,,,,,,,,,,,,,,,,,,,,,,,,,,,,0,,,,,,
2015-16,6768317,33,4,Newcastle_United,Away,22126,Georginio Wijnaldum,georginio-wijnaldum,M,False,,,,21.0,19.0,40.0,1.0,,3.0,,,,1.0,,,2.0,4.0,4.0,,,,,,,,1.0,,,90.0,,1.0,,,,,,,,,6.4,,,,1.0,1.0,1.0,,,,23.0,20.0,42.0,0,1.0,54.0,2.0,2.0,1.0,
2015-16,6768317,33,4,Newcastle_United,Away,27014,Moussa Sissoko,moussa-sissoko,M,False,1.0,,,15.0,14.0,28.0,,2.0,10.0,,,,,,,2.0,4.0,10.0,,,1.0,,,,,1.0,,,90.0,,,,,,,,,,,6.9,,,1.0,2.0,3.0,5.0,,4.0,,26.0,18.0,39.0,1,5.0,62.0,1.0,1.0,2.0,
2015-16,6768317,33,4,Newcastle_United,Away,30262,Siem de Jong,siem-de-jong,M,True,,,,8.0,15.0,23.0,2.0,1.0,3.0,,,,,,,1.0,4.0,3.0,,,1.0,,,,,,,,50.0,,,,,,,,,,,6.5,,,,,1.0,,,2.0,,12.0,18.0,30.0,0,1.0,36.0,,,1.0,
2015-16,6768317,33,4,Newcastle_United,Away,36465,Jonjo Shelvey,jonjo-shelvey,M,False,,,6.0,16.0,26.0,42.0,,,8.0,,,,,,,1.0,1.0,1.0,,,,,,,,1.0,,,90.0,,,,,,,,,,,6.4,,,,2.0,,2.0,,14.0,,31.0,29.0,58.0,0,1.0,67.0,2.0,,,
2015-16,6768317,33,20,Southampton,Home,44760,Cédric Soares,cedric-soares,M,True,,,,,,,,,,,,,,,,,,,,,,,,,,,,,,,,,,,,,,,,,,,,,,,,,,,,,0,,,,,,
2015-16,6768317,33,20,Southampton,Home,45956,Victor Wanyama,victor-wanyama,M,False,,,3.0,18.0,20.0,38.0,,2.0,11.0,,,1.0,1.0,,,,4.0,5.0,,,3.0,,1.0,,,,1.0,,90.0,1.0,,,,,,,,,,7.4,,,1.0,1.0,,1.0,,5.0,,30.0,23.0,52.0,3,2.0,65.0,1.0,1.0,,
2015-16,6768317,33,20,Southampton,Home,69416,Oriol Romeu,oriol-romeu,M,True,,,,3.0,4.0,7.0,,1.0,,,,,1.0,,,,2.0,1.0,,,,,,,,,,,13.0,,,,,,,,,,,6.5,,,2.0,,1.0,,,1.0,,8.0,4.0,12.0,2,,15.0,,,,
2015-16,6768317,33,20,Southampton,Home,116946,Jordy Clasie,jordy-clasie,M,False,4.0,,2.0,14.0,15.0,25.0,,,6.0,,,,2.0,,,1.0,3.0,2.0,,,,,,,,3.0,2.0,,77.0,,,,,,,,,,,7.0,,,,,,7.0,,4.0,,26.0,16.0,35.0,0,2.0,49.0,,,,
2015-16,6768317,33,20,Southampton,Home,161717,James Ward-Prowse,james-ward-prowse,M,True,,,,8.0,4.0,12.0,,1.0,1.0,,,,,,,,,1.0,,,,,,,,,,,30.0,,,,,,,,,,,6.5,,,,,,2.0,,,,14.0,5.0,17.0,0,,21.0,1.0,,,
2015-16,6768317,33,20,Southampton,Home,217704,Sadio Mané,sadio-mane,M,False,,,1.0,24.0,10.0,34.0,,2.0,4.0,1.0,,1.0,1.0,,,6.0,7.0,8.0,,,,,,,,1.0,2.0,,90.0,,,,,,,,,,,6.8,,,1.0,1.0,2.0,3.0,,1.0,,32.0,11.0,40.0,2,3.0,64.0,1.0,1.0,2.0,
2015-16,6768319,33,35,West_Bromwich_Albion,Away,765,Darren Fletcher,darren-fletcher,M,False,1.0,,8.0,29.0,19.0,47.0,1.0,,14.0,,,,1.0,,,1.0,4.0,2.0,,,1.0,,,,,3.0,1.0,,90.0,,,,,,,,,,,7.0,,,,1.0,1.0,1.0,,9.0,,35.0,21.0,55.0,0,,67.0,2.0,1.0,1.0,
2015-16,6768319,33,43,Manchester_City,Home,3544,Samir Nasri,samir-nasri,M,False,3.0,,2.0,53.0,14.0,64.0,1.0,,5.0,,,1.0,,,,5.0,7.0,3.0,,,,,1.0,,,,3.0,,90.0,1.0,,,,,,,,,,7.5,,,1.0,,1.0,6.0,,3.0,,58.0,15.0,67.0,3,2.0,92.0,1.0,1.0,,
2015-16,6768319,33,43,Manchester_City,Home,13630,Fernandinho,fernandinho,M,True,,,,,,,,,,,,,,,,,,,,,,,,,,,,,,,,,,,,,,,,,,,,,,,,,,,,,0,,,,,,
2015-16,6768319,33,35,West_Bromwich_Albion,Away,14235,Craig Gardner,craig-gardner,M,True,,,2.0,8.0,6.0,14.0,,1.0,1.0,,,2.0,,,,,1.0,4.0,,,1.0,,,,,1.0,,,69.0,1.0,,,,,,,,,,6.8,,,2.0,,,9.0,,2.0,,19.0,7.0,17.0,5,2.0,38.0,,2.0,,
2015-16,6768319,33,43,Manchester_City,Home,14468,Yaya Touré,yaya-toure,M,True,,,5.0,21.0,12.0,33.0,,,5.0,,,,1.0,,,,1.0,2.0,,,,,,,,,1.0,,30.0,,,,,,,,,,,7.1,,,,,1.0,,,5.0,,23.0,14.0,37.0,0,,40.0,,1.0,1.0,
2015-16,6768319,33,35,West_Bromwich_Albion,Away,16657,Stéphane Sessègnon,stephane-sessegnon,M,False,2.0,,,16.0,8.0,22.0,2.0,1.0,6.0,,,2.0,,,,2.0,6.0,6.0,,,1.0,,1.0,,,2.0,1.0,,80.0,1.0,,,1.0,,,,,,,6.9,,,,,3.0,5.0,,,,27.0,10.0,32.0,3,1.0,54.0,2.0,2.0,2.0,
2015-16,6768319,33,43,Manchester_City,Home,24048,Fabian Delph,fabian-delph,M,False,,,2.0,31.0,14.0,45.0,,,3.0,,,,,,,1.0,2.0,3.0,,,2.0,,,,,2.0,1.0,,60.0,,1.0,,,,,,,,,7.0,,,,1.0,2.0,,,3.0,,33.0,15.0,48.0,0,,62.0,3.0,1.0,2.0,
2015-16,6768319,33,35,West_Bromwich_Albion,Away,41631,James McClean,james-mcclean,M,False,1.0,,,11.0,4.0,14.0,,3.0,4.0,,,1.0,3.0,,,,5.0,9.0,,,,1.0,,,,1.0,1.0,,90.0,,,,,,,,,,,6.8,,,1.0,4.0,2.0,6.0,,2.0,,20.0,7.0,21.0,2,5.0,46.0,,1.0,,
2015-16,6768319,33,43,Manchester_City,Home,41837,Fernando,fernando-reges,M,False,,,,26.0,11.0,37.0,2.0,1.0,3.0,,,,5.0,,,,9.0,2.0,,,2.0,,,,,3.0,1.0,,90.0,,1.0,,,,,,,,,6.3,,,,3.0,,,,,,30.0,12.0,42.0,0,1.0,52.0,,,,
2015-16,6768319,33,35,West_Bromwich_Albion,Away,43301,Sandro,sandro,M,False,,,1.0,10.0,12.0,22.0,,1.0,4.0,,,,1.0,,,1.0,5.0,6.0,,,3.0,,,,,2.0,,,90.0,,2.0,,,,,,,,,7.0,,,,2.0,1.0,,,3.0,,18.0,13.0,31.0,0,3.0,48.0,1.0,1.0,1.0,
2015-16,6768319,33,35,West_Bromwich_Albion,Away,53783,Callum McManaman,callum-mcmanaman,M,True,,,,,,,,,,,,,,,,,,,,,,,,,,,,,,,,,,,,,,,,,,,,,,,,,,,,,0,,,,,,
2015-16,6768319,33,43,Manchester_City,Home,70996,Kevin De Bruyne,kevin-de-bruyne,M,True,,,,13.0,2.0,15.0,4.0,,,,,,1.0,,,,5.0,,,,,,,,,,,,30.0,,,,,,,,,,,6.2,,,,1.0,,1.0,,,2.0,14.0,5.0,18.0,0,,22.0,2.0,,,
2015-16,6768319,33,35,West_Bromwich_Albion,Away,151037,Claudio Yacob,claudio-yacob,M,True,,,,,,,,,,,,,,,,,,,,,,,,,,,,,,,,,,,,,,,,,,,,,,,,,,,,,0,,,,,,
2015-16,6768321,33,1,Manchester_United,Away,938,Michael Carrick,michael-carrick,M,False,,,6.0,18.0,23.0,41.0,,1.0,9.0,,,,,,,,,3.0,,,,,,,,1.0,1.0,,90.0,,,,,,,,,,,7.1,,,,3.0,,,,9.0,,24.0,26.0,50.0,0,2.0,59.0,,,,
2015-16,6768321,33,6,Tottenham_Hotspur,Home,9865,Mousa Dembélé,mousa-dembele,M,False,,,,23.0,12.0,35.0,2.0,1.0,13.0,,1.0,,1.0,,,1.0,5.0,8.0,,,1.0,,,,,4.0,3.0,,90.0,,1.0,,,,,,,,,7.6,,,1.0,1.0,4.0,,,,,27.0,17.0,44.0,1,3.0,65.0,2.0,,4.0,
2015-16,6768321,33,1,Manchester_United,Away,27009,Morgan Schneiderlin,morgan-schneiderlin,M,False,,,3.0,19.0,21.0,40.0,,2.0,10.0,,,,4.0,,,4.0,8.0,6.0,,,,,,,,2.0,,,90.0,,,,,,,,,,,6.0,,,,1.0,1.0,1.0,,5.0,,25.0,23.0,47.0,0,2.0,65.0,3.0,1.0,1.0,
2015-16,6768321,33,1,Manchester_United,Away,28367,Juan Mata,juan-mata,M,False,1.0,,2.0,19.0,15.0,33.0,,,8.0,,,,,,,2.0,3.0,1.0,,,,,,,,4.0,1.0,,76.0,,,,,,,,,,,6.5,,,,2.0,1.0,2.0,,3.0,,24.0,18.0,40.0,0,,56.0,1.0,1.0,,
2015-16,6768321,33,6,Tottenham_Hotspur,Home,32492,Nacer Chadli,nacer-chadli,M,True,,,,3.0,,3.0,,,,,,,,,,,,,,,,,,,,,,,3.0,,,,,,,,,,,6.5,,,,,,,,,,3.0,,3.0,0,,3.0,,,,
2015-16,6768321,33,6,Tottenham_Hotspur,Home,44567,Ryan Mason,ryan-mason,M,True,,,,2.0,1.0,3.0,,,1.0,,,,,,,,,,,,,,,,,,,,1.0,,,,,,,,,,,,,,,,,,,,,2.0,1.0,3.0,0,,4.0,1.0,,,
2015-16,6768321,33,1,Manchester_United,Away,82474,Ander Herrera,ander-herrera,M,True,,,,,,,,,,,,,,,,,,,,,,,,,,,,,,,,,,,,,,,,,,,,,,,,,,,,,0,,,,,,
2015-16,6768321,33,6,Tottenham_Hotspur,Home,105734,Christian Eriksen,christian-eriksen,M,False,1.0,,4.0,28.0,13.0,40.0,,,9.0,2.0,,,3.0,,,3.0,7.0,1.0,,,1.0,1.0,,,,3.0,4.0,,90.0,1.0,,,,,,,,,,7.6,,,2.0,1.0,,2.0,,6.0,,44.0,15.0,57.0,3,1.0,72.0,1.0,,,
2015-16,6768321,33,6,Tottenham_Hotspur,Home,122702,Erik Lamela,erik-lamela,M,False,2.0,,2.0,9.0,7.0,14.0,,,7.0,,1.0,,,,,4.0,4.0,10.0,,,,1.0,1.0,,,2.0,2.0,,87.0,1.0,,,,,,,,,,8.6,,,2.0,,1.0,4.0,,4.0,,18.0,13.0,27.0,3,7.0,66.0,3.0,2.0,1.0,
2015-16,6768321,33,1,Manchester_United,Away,191176,Anthony Martial,anthony-martial,M,False,,,,21.0,4.0,25.0,2.0,2.0,4.0,,,,,,,6.0,12.0,8.0,,,1.0,,,,,,1.0,,90.0,1.0,,,,,,,,,,6.0,,,,,7.0,1.0,,,2.0,38.0,5.0,42.0,1,,67.0,3.0,2.0,4.0,
2015-16,6768321,33,6,Tottenham_Hotspur,Home,198028,Dele Alli,dele-alli,M,False,,,,16.0,7.0,23.0,1.0,,8.0,1.0,,,2.0,,,4.0,9.0,5.0,,,2.0,,1.0,,,3.0,2.0,,89.0,1.0,,,,,,,,,,7.4,,,,2.0,2.0,,,2.0,1.0,24.0,9.0,33.0,1,3.0,57.0,3.0,1.0,1.0,
2015-16,6768321,33,6,Tottenham_Hotspur,Home,801460,Tom Carroll,carroll-tom,M,True,,,,,,,,,,,,,,,,,,,,,,,,,,,,,,,,,,,,,,,,,,,,,,,,,,,,,0,,,,,,
2015-16,6768323,33,11,Everton,Away,544,Gareth Barry,gareth-barry,M,False,,,8.0,29.0,22.0,51.0,4.0,4.0,9.0,,,,1.0,,,2.0,8.0,10.0,,,3.0,,,,,1.0,2.0,,90.0,,,,,,,,,,,7.1,,,,3.0,1.0,,,14.0,,37.0,27.0,64.0,0,3.0,79.0,1.0,3.0,1.0,
2015-16,6768323,33,57,Watford,Home,642,Ben Watson,ben-watson,M,False,2.0,,3.0,15.0,12.0,25.0,,1.0,3.0,,,,3.0,,,1.0,7.0,5.0,,,3.0,,,,,1.0,2.0,,90.0,2.0,,,,,,,,,,7.3,,,,1.0,,4.0,,9.0,,23.0,15.0,34.0,2,4.0,48.0,,,,
2015-16,6768323,33,11,Everton,Away,3593,Kevin Mirallas,kevin-mirallas,M,True,1.0,,1.0,3.0,2.0,4.0,2.0,,2.0,,,,,,,,3.0,1.0,,,,,,,,,,,12.0,1.0,,,,,,,,,,6.7,,,,,1.0,3.0,,1.0,,5.0,2.0,4.0,1,,11.0,,1.0,,
2015-16,6768323,33,57,Watford,Home,4366,Almen Abdi,almen-abdi,M,True,,,,,,,,,,,,,,,,,,,,,,,,,,,,,,,,,,,,,,,,,,,,,,,,,,,,,0,,,,,,
2015-16,6768323,33,11,Everton,Away,9692,Aaron Lennon,aaron-lennon,M,False,,,2.0,10.0,7.0,17.0,1.0,,4.0,,,1.0,2.0,,,,5.0,2.0,,,,,,,,,,,90.0,2.0,1.0,,,,,,,,,6.6,,,,1.0,3.0,,,2.0,,11.0,7.0,18.0,3,,31.0,1.0,1.0,1.0,
2015-16,6768323,33,57,Watford,Home,11654,Valon Behrami,valon-behrami,M,False,1.0,,,10.0,6.0,15.0,1.0,,1.0,,,,,,,,1.0,,,,,,,,,,1.0,,45.0,,,,,,,,,,,6.6,,,,,,1.0,,3.0,,11.0,8.0,18.0,0,,19.0,,,,
2015-16,6768323,33,57,Watford,Home,13990,José Jurado,jose-jurado,M,False,,,1.0,12.0,3.0,15.0,,,2.0,,,1.0,,,,2.0,4.0,2.0,,,,,,,,2.0,1.0,,59.0,1.0,,,,,,,,,,6.4,,,,,4.0,2.0,,2.0,,16.0,4.0,18.0,2,,31.0,,,2.0,
2015-16,6768323,33,57,Watford,Home,16701,Étienne Capoue,etienne-capoue,M,False,,,4.0,15.0,12.0,27.0,2.0,2.0,6.0,,,1.0,2.0,,,,7.0,8.0,,,2.0,,,,,1.0,,,82.0,,,,,,,,,,,6.8,,,,,1.0,,,7.0,,23.0,15.0,38.0,1,5.0,51.0,,1.0,,
2015-16,6768323,33,57,Watford,Home,27714,Nordin Amrabat,nordin-amrabat,M,True,1.0,,2.0,8.0,1.0,8.0,,,3.0,,,,,,,1.0,1.0,5.0,,,,,,,,1.0,1.0,,31.0,,,,,,,,,,,7.1,,,,,1.0,1.0,,3.0,,10.0,1.0,10.0,0,2.0,19.0,1.0,2.0,1.0,
2015-16,6768323,33,11,Everton,Away,39283,James McCarthy,james-mccarthy,M,False,,,3.0,20.0,25.0,45.0,1.0,,9.0,,,,3.0,,,1.0,7.0,6.0,,,3.0,,1.0,,,3.0,,,90.0,1.0,,,,,,,,,,7.4,,,,2.0,,1.0,,5.0,,27.0,26.0,52.0,1,5.0,74.0,1.0,1.0,,
2015-16,6768323,33,57,Watford,Home,45989,Adlène Guédioura,adlene-guedioura,M,True,2.0,,2.0,12.0,3.0,13.0,1.0,1.0,6.0,,,,,,,,3.0,3.0,,,1.0,,,,,1.0,1.0,,45.0,,,,,,,,,,,6.9,,,1.0,1.0,3.0,7.0,,5.0,,22.0,5.0,20.0,1,,40.0,4.0,,2.0,
2015-16,6768323,33,11,Everton,Away,46432,Tom Cleverley,tom-cleverley,M,True,,,,2.0,7.0,9.0,1.0,,1.0,,,,1.0,,,,2.0,1.0,,,,,,,,,,,25.0,,,,,,,,,,,6.4,,,,,1.0,3.0,,2.0,,7.0,7.0,11.0,0,,16.0,,,1.0,
2015-16,6768323,33,57,Watford,Home,47668,Juan Carlos Paredes,juan-carlos-paredes,M,False,,,3.0,13.0,8.0,21.0,,1.0,7.0,,,,,,,1.0,2.0,1.0,,,1.0,,,,,1.0,,,90.0,,,,,,,,,,,6.6,,,,5.0,,2.0,,5.0,,18.0,11.0,27.0,0,,47.0,1.0,,,
2015-16,6768323,33,11,Everton,Away,98435,Ross Barkley,ross-barkley,M,False,,,1.0,9.0,13.0,22.0,1.0,2.0,5.0,,,,,,,1.0,3.0,6.0,,,,,,,,,,,65.0,1.0,,,,,,,,,,6.6,,,,,1.0,2.0,,2.0,,16.0,13.0,27.0,1,,41.0,,4.0,,
2015-16,6768324,33,21,West_Ham_United,Home,9741,Mark Noble,mark-noble,M,False,1.0,,1.0,23.0,21.0,43.0,,,4.0,,,,4.0,,,2.0,7.0,8.0,,,1.0,,,,,3.0,4.0,,90.0,,,,,,,,,,,7.3,,,,,3.0,1.0,,3.0,,30.0,21.0,50.0,0,5.0,66.0,1.0,,3.0,
2015-16,6768324,33,3,Arsenal,Away,10501,Theo Walcott,theo-walcott,M,True,,,,2.0,,2.0,,,,,,,,,,,,,,,,,,,,,,,9.0,,,,,,,,,,,6.5,,,,,,2.0,,,,4.0,,2.0,0,,5.0,,,,
2015-16,6768324,33,21,West_Ham_United,Home,14216,Dimitri Payet,dimitri-payet,M,False,6.0,,1.0,30.0,8.0,32.0,,,5.0,,,,2.0,,,1.0,7.0,8.0,,,,,,,,,4.0,,90.0,1.0,,,,,,,,,,7.6,,,1.0,,9.0,12.0,,2.0,,46.0,9.0,43.0,2,1.0,74.0,,2.0,5.0,
2015-16,6768324,33,3,Arsenal,Away,16176,Mesut Özil,mesut-ozil,M,False,,,,48.0,12.0,60.0,,,3.0,1.0,,,1.0,,,2.0,4.0,2.0,,,,,1.0,,,,4.0,,90.0,1.0,,,,,,,,,,7.4,,,,,2.0,4.0,,2.0,1.0,62.0,16.0,74.0,1,,87.0,1.0,1.0,1.0,
2015-16,6768324,33,3,Arsenal,Away,23571,Aaron Ramsey,aaron-ramsey,M,True,,,,18.0,9.0,27.0,,,6.0,,,1.0,2.0,,,1.0,3.0,2.0,,1.0,,,,,,1.0,,,29.0,,,,,,,,,,,6.4,,,,,1.0,,,,,20.0,9.0,29.0,1,1.0,37.0,1.0,,1.0,
2015-16,6768324,33,3,Arsenal,Away,40672,Francis Coquelin,francis-coquelin,M,False,,,,20.0,15.0,35.0,2.0,,3.0,,,,2.0,,,,6.0,4.0,,,2.0,,,,,1.0,,,61.0,,,,,,,,,,,6.5,,,,,,,,,,21.0,17.0,38.0,0,4.0,46.0,2.0,,,
2015-16,6768324,33,21,West_Ham_United,Home,45944,Cheikhou Kouyaté,cheikhou-kouyate,M,False,,,,11.0,10.0,21.0,,4.0,8.0,,,,1.0,,,1.0,5.0,6.0,,,1.0,,,,,7.0,,,90.0,,,,,,,,,,,6.5,,,,,3.0,,,,,18.0,13.0,31.0,0,,48.0,1.0,1.0,1.0,
2015-16,6768324,33,21,West_Ham_United,Home,46799,Pedro Obiang,pedro-obiang,M,True,,,,,,,,,,,,,,,,,,,,,,,,,,,,,,,,,,,,,,,,,,,,,,,,,,,,,0,,,,,,
2015-16,6768324,33,3,Arsenal,Away,159675,Mohamed Elneny,mohamed-elneny,M,False,,,,36.0,24.0,60.0,,,4.0,,,1.0,2.0,,,,4.0,3.0,,,2.0,,,,,1.0,,,68.0,,,,,,,,,,,6.4,,,,,,2.0,,1.0,,42.0,24.0,64.0,1,3.0,72.0,,,,
2015-16,6768324,33,21,West_Ham_United,Home,220315,Manuel Lanzini,manuel-lanzini,M,False,,,2.0,36.0,13.0,49.0,,,11.0,,,1.0,1.0,1.0,,1.0,5.0,3.0,,,,,,,,1.0,2.0,,90.0,,1.0,,,,,,,,,7.0,,,1.0,,4.0,1.0,,2.0,2.0,40.0,13.0,52.0,2,1.0,65.0,1.0,1.0,1.0,
2015-16,6768324,33,3,Arsenal,Away,352770,Alex Iwobi,alex-iwobi,M,False,,,1.0,36.0,10.0,46.0,1.0,,3.0,2.0,,,1.0,,,1.0,3.0,7.0,,,,2.0,,,,,2.0,,90.0,,,,,,,,,,,8.3,,,,,4.0,2.0,,1.0,,43.0,13.0,54.0,0,1.0,69.0,1.0,2.0,4.0,
2015-16,6768326,33,14,Liverpool,Home,791,James Milner,james-milner,M,False,2.0,,2.0,40.0,11.0,49.0,2.0,,5.0,1.0,,,1.0,,,2.0,7.0,6.0,,,1.0,2.0,,,,3.0,3.0,,90.0,,,,,,,,,,,7.9,,,,1.0,2.0,11.0,,5.0,,60.0,16.0,65.0,0,3.0,99.0,1.0,2.0,1.0,
2015-16,6768326,33,110,Stoke_City,Away,2525,Ibrahim Afellay,ibrahim-afellay,M,False,1.0,,1.0,22.0,16.0,37.0,1.0,1.0,7.0,,,,,,,4.0,7.0,4.0,,,2.0,,,,,1.0,,,90.0,,,,,,,,,,,6.1,,,1.0,1.0,,3.0,,3.0,,32.0,18.0,47.0,1,1.0,66.0,2.0,2.0,,
2015-16,6768326,33,110,Stoke_City,Away,9360,Charlie Adam,charlie-adam,M,True,,,,,,,,,,,,,,,,,,,,,,,,,,,,,,,,,,,,,,,,,,,,,,,,,,,,,0,,,,,,
2015-16,6768326,33,110,Stoke_City,Away,9682,Stephen Ireland,stephen-ireland,M,True,,,,,,,,,,,,,,,,,,,,,,,,,,,,,,,,,,,,,,,,,,,,,,,,,,,,,0,,,,,,
2015-16,6768326,33,14,Liverpool,Home,17054,Adam Lallana,adam-lallana,M,True,,,2.0,13.0,5.0,18.0,,,5.0,,,1.0,,,,2.0,3.0,5.0,,,1.0,,,,,,1.0,,27.0,,,,,,,,,,,7.0,,,,,1.0,,,3.0,,15.0,6.0,21.0,1,3.0,29.0,,1.0,1.0,
2015-16,6768326,33,14,Liverpool,Home,20602,Joe Allen,joe-allen,M,False,,,,14.0,12.0,26.0,1.0,,8.0,,,,5.0,,,2.0,11.0,8.0,,,3.0,,,,,,,,78.0,,,,,,,,,,,6.2,,,,1.0,,1.0,,1.0,,18.0,13.0,30.0,0,5.0,44.0,1.0,3.0,,
2015-16,6768326,33,14,Liverpool,Home,27234,Lucas Leiva,lucas-leiva,M,True,,,,7.0,6.0,13.0,,,2.0,,,,,,,1.0,1.0,,,,,,,,,,,,12.0,,,,,,,,,,,6.4,,,,,,,,1.0,,9.0,6.0,15.0,0,,17.0,,,,
2015-16,6768326,33,110,Stoke_City,Away,65953,Xherdan Shaqiri,xherdan-shaqiri,M,False,3.0,,,10.0,4.0,11.0,,,3.0,2.0,,,1.0,,,2.0,4.0,2.0,,,1.0,1.0,,,,,3.0,,71.0,,,,,,,,,,,7.0,,,2.0,2.0,,13.0,,,,21.0,4.0,12.0,2,1.0,33.0,,1.0,,
2015-16,6768326,33,110,Stoke_City,Away,96702,Giannelli Imbula,giannelli-imbula,M,False,,,2.0,32.0,24.0,56.0,,1.0,8.0,,,,1.0,,,3.0,8.0,9.0,,,3.0,,,,,,,,90.0,1.0,,,,,,,,,,6.7,,,,,5.0,,,2.0,,36.0,25.0,61.0,1,2.0,78.0,,2.0,4.0,
2015-16,6768326,33,14,Liverpool,Home,119159,Philippe Coutinho,philippe-coutinho,M,True,,,,,,,,,,,,,,,,,,,,,,,,,,,,,,,,,,,,,,,,,,,,,,,,,,,,,0,,,,,,
2015-16,6768326,33,14,Liverpool,Home,143697,Roberto Firmino,roberto-firmino,M,False,,,,13.0,4.0,17.0,1.0,,2.0,,,,2.0,,,1.0,5.0,2.0,,,1.0,,,,,,,,63.0,1.0,,,,,,,,,,6.6,,,,,,,,,,17.0,4.0,21.0,1,1.0,28.0,,1.0,,
2015-16,6768326,33,14,Liverpool,Home,180011,Kevin Stewart,kevin-stewart,M,False,,,2.0,25.0,35.0,60.0,,,7.0,,,,,,,1.0,2.0,6.0,,,2.0,,,,,1.0,2.0,,90.0,,,,,,,,,,,7.4,,,2.0,1.0,1.0,,,5.0,,30.0,38.0,68.0,2,2.0,81.0,,3.0,1.0,
2015-16,6768328,34,20,Southampton,Away,559,Steven Davis,steven-davis,M,True,,,1.0,10.0,3.0,13.0,1.0,,2.0,,,,,,,1.0,2.0,,,,,,,,,1.0,1.0,,26.0,,,,,,,,,,,6.5,,,,,,1.0,,1.0,,12.0,3.0,14.0,0,,18.0,,,,
2015-16,6768328,34,11,Everton,Home,1161,Leon Osman,leon-osman,M,False,,,,22.0,14.0,36.0,2.0,,3.0,,,,1.0,,,1.0,5.0,4.0,,,,,,,,,,,90.0,,,,,,,,,,,6.2,,,,1.0,1.0,1.0,,1.0,,29.0,17.0,45.0,0,1.0,58.0,2.0,3.0,,
2015-16,6768328,34,11,Everton,Home,1924,Steven Pienaar,steven-pienaar,M,True,,,,,,,,,,,,,,,,,,,,,,,,,,,,,,,,,,,,,,,,,,,,,,,,,,,,,0,,,,,,
2015-16,6768328,34,11,Everton,Home,3593,Kevin Mirallas,kevin-mirallas,M,False,1.0,,2.0,9.0,6.0,14.0,1.0,,6.0,,,3.0,1.0,,,3.0,7.0,5.0,,,2.0,,,,,1.0,1.0,,90.0,1.0,,,,,,,,,,6.9,,,,1.0,2.0,1.0,,5.0,,14.0,7.0,20.0,4,2.0,36.0,1.0,1.0,2.0,
2015-16,6768328,34,11,Everton,Home,21073,Darron Gibson,darron-gibson,M,False,,,5.0,14.0,26.0,40.0,1.0,2.0,6.0,,,,2.0,,,1.0,5.0,5.0,,,1.0,,,,,2.0,,,83.0,,1.0,,,,,,,,,7.0,,,,12.0,2.0,,,7.0,,19.0,27.0,46.0,0,1.0,69.0,,,2.0,
2015-16,6768328,34,20,Southampton,Away,44760,Cédric Soares,cedric-soares,M,True,,,,,,,,,,,,,,,,,,,,,,,,,,,,,,,,,,,,,,,,,,,,,,,,,,,,,0,,,,,,
2015-16,6768328,34,20,Southampton,Away,45956,Victor Wanyama,victor-wanyama,M,False,,,2.0,17.0,11.0,28.0,2.0,5.0,7.0,,,,2.0,,,2.0,6.0,9.0,,,,,,,,2.0,1.0,,72.0,,,,,,,,,,,7.1,,,1.0,2.0,1.0,,,4.0,,24.0,11.0,35.0,1,2.0,51.0,2.0,1.0,1.0,
2015-16,6768328,34,20,Southampton,Away,69416,Oriol Romeu,oriol-romeu,M,True,,,,,,,,,,,,,,,,,,,,,,,,,,,,,,,,,,,,,,,,,,,,,,,,,,,,,0,,,,,,
2015-16,6768328,34,11,Everton,Home,98435,Ross Barkley,ross-barkley,M,True,,,,13.0,3.0,16.0,,,2.0,,,,,,,1.0,2.0,1.0,,,,,,,,,2.0,,26.0,,,,,,,,,,,6.5,,,,,1.0,,,,,15.0,3.0,18.0,0,,24.0,,1.0,,
2015-16,6768328,34,20,Southampton,Away,116946,Jordy Clasie,jordy-clasie,M,False,,,3.0,21.0,10.0,31.0,1.0,,6.0,,,,3.0,,,,5.0,2.0,,,1.0,,,,,3.0,1.0,,90.0,,,,,,,,,,,6.8,,,1.0,1.0,,1.0,,8.0,,32.0,10.0,41.0,1,1.0,51.0,,1.0,,
2015-16,6768328,34,11,Everton,Home,124960,Muhamed Bešić,muhamed-besic,M,False,,,,16.0,20.0,36.0,,,4.0,,,,,,,,2.0,,,,2.0,,,,,1.0,,,90.0,,,,,,,,,,,6.4,,,,3.0,,1.0,,3.0,,21.0,23.0,43.0,0,,54.0,1.0,,,
2015-16,6768328,34,20,Southampton,Away,161717,James Ward-Prowse,james-ward-prowse,M,True,,,,,,,,,,,,,,,,,,,,,,,,,,,,,,,,,,,,,,,,,,,,,,,,,,,,,0,,,,,,
2015-16,6768328,34,20,Southampton,Away,217704,Sadio Mané,sadio-mane,M,False,,,2.0,23.0,3.0,26.0,2.0,2.0,7.0,,,1.0,,,,1.0,4.0,10.0,,,1.0,,1.0,,,,1.0,,90.0,2.0,,,,,,,,,,8.0,,,1.0,,3.0,4.0,,2.0,1.0,32.0,3.0,31.0,4,4.0,52.0,2.0,1.0,3.0,
2015-16,6768328,34,11,Everton,Home,795058,Tom Davies,tom-davies,M,True,,,,6.0,5.0,11.0,,,1.0,,,,,,,,,1.0,,,,,,,,1.0,,,7.0,,,,,,,,,,,6.8,,,,,1.0,,,2.0,,8.0,7.0,15.0,0,,17.0,,,1.0,
2015-16,6768336,34,7,Aston_Villa,Away,764,Kieran Richardson,kieran-richardson,M,False,,,1.0,4.0,10.0,14.0,2.0,,4.0,,,,1.0,,,2.0,8.0,2.0,,,3.0,,,,,1.0,,,82.0,,,,,,,,,,,6.0,,,1.0,,,1.0,,3.0,,8.0,11.0,18.0,1,1.0,31.0,2.0,1.0,,
2015-16,6768336,34,7,Aston_Villa,Away,24055,Scott Sinclair,scott-sinclair,M,False,,,,6.0,8.0,14.0,1.0,1.0,4.0,,,,1.0,,,3.0,6.0,5.0,,,,,,,,1.0,,,90.0,,,,,,,,,,,6.3,,,,,2.0,,,1.0,,7.0,9.0,16.0,0,1.0,35.0,4.0,3.0,1.0,
2015-16,6768336,34,1,Manchester_United,Home,27009,Morgan Schneiderlin,morgan-schneiderlin,M,False,,,2.0,28.0,25.0,53.0,1.0,,7.0,,,,1.0,,,2.0,6.0,1.0,,,3.0,,,,,5.0,,,90.0,,,,,,,,,,,6.6,,,,2.0,,1.0,,4.0,,33.0,26.0,58.0,0,1.0,70.0,1.0,,,
2015-16,6768336,34,1,Manchester_United,Home,28367,Juan Mata,juan-mata,M,False,1.0,,5.0,47.0,6.0,52.0,1.0,,5.0,,,,,,,3.0,4.0,3.0,,,,,,,,1.0,3.0,,89.0,1.0,,,,,,,,,,7.5,,,2.0,,2.0,4.0,,6.0,,54.0,6.0,56.0,3,1.0,75.0,1.0,,2.0,
2015-16,6768336,34,7,Aston_Villa,Away,49647,Ashley Westwood,ashley-westwood,M,False,2.0,,1.0,19.0,17.0,34.0,,,7.0,,,,,,,,,5.0,,,,,,,,1.0,3.0,,90.0,,,,,,,,,,,7.5,,,,1.0,1.0,6.0,,3.0,,26.0,20.0,40.0,0,4.0,56.0,,,1.0,
2015-16,6768336,34,7,Aston_Villa,Away,74545,Leandro Bacuna,leandro-bacuna,M,False,,,2.0,13.0,23.0,36.0,,,9.0,,,1.0,,,,1.0,4.0,3.0,,,1.0,,,,,2.0,,,90.0,,,,,,,,,,,6.7,,,,4.0,3.0,2.0,,3.0,,17.0,27.0,42.0,1,1.0,61.0,1.0,1.0,1.0,
2015-16,6768336,34,7,Aston_Villa,Away,106337,Idrissa Gana Gueye,idrissa-gana-gueye,M,False,,,,14.0,12.0,26.0,1.0,1.0,4.0,,,,,,,2.0,6.0,6.0,,,3.0,,,,,3.0,1.0,,90.0,,1.0,,,,,,,,,7.0,,,,,,,,,,15.0,14.0,29.0,0,3.0,49.0,2.0,2.0,,
2015-16,6768336,34,7,Aston_Villa,Away,189061,Jack Grealish,jack-grealish,M,True,,,,,,,,,,,,,,,,,,,,,,,,,,,,,,,,,,,,,,,,,,,,,,,,,,,,,0,,,,,,
2015-16,6768336,34,1,Manchester_United,Home,191176,Anthony Martial,anthony-martial,M,True,,,,5.0,2.0,7.0,,,2.0,1.0,,,,,,2.0,3.0,2.0,,,,,,,,,1.0,,14.0,,,,,,,,,,,6.9,,,,,1.0,,,,2.0,7.0,2.0,9.0,0,,17.0,2.0,2.0,,
2015-16,6768336,34,7,Aston_Villa,Away,254895,Carles Gil,carles-gil,M,True,,,,,,,,,,,,,,,,,,,,,,,,,,,,,,,,,,,,,,,,,,,,,,,,,,,,,0,,,,,,
2015-16,6768336,34,7,Aston_Villa,Away,827284,Jordan Lyden,jordan-lyden,M,True,,,,,,,,,,,,,,,,,,,,,,,,,,,,,,,,,,,,,,,,,,,,,,,,,,,,,0,,,,,,
2015-16,6768338,34,4,Newcastle_United,Home,10438,Cheik Tiote,cheik-tiote,M,False,,,1.0,9.0,14.0,23.0,1.0,3.0,10.0,,,,1.0,,,2.0,5.0,8.0,,,1.0,,,,,2.0,,,66.0,,,,,,,,,,,6.9,,,,2.0,2.0,,,3.0,,17.0,17.0,34.0,0,2.0,49.0,1.0,1.0,2.0,
2015-16,6768338,34,4,Newcastle_United,Home,15007,Vurnon Anita,vurnon-anita,M,False,,,,8.0,4.0,12.0,2.0,1.0,3.0,,,,1.0,,,,5.0,5.0,,,2.0,,,,,3.0,1.0,,90.0,,,,,,,,,,,6.9,,,,,,2.0,,7.0,,18.0,9.0,25.0,0,4.0,59.0,,,,
2015-16,6768338,34,4,Newcastle_United,Home,16511,Gabriel Obertan,gabriel-obertan,M,True,,,,,,,,,,,,,,,,,,,,,,,,,,,,,,,,,,,,,,,,,,,,,,,,,,,,,0,,,,,,
2015-16,6768338,34,80,Swansea_City,Away,20538,Leon Britton,leon-britton,M,True,,,,,,,,,,,,,,,,,,,,,,,,,,,,,,,,,,,,,,,,,,,,,,,,,,,,,0,,,,,,
2015-16,6768338,34,80,Swansea_City,Away,20993,Jack Cork,jack-cork,M,False,,,2.0,33.0,43.0,76.0,2.0,3.0,5.0,,,,,,,2.0,5.0,10.0,,,,,,,,2.0,,,90.0,,,,,,,,,,,6.8,,,1.0,2.0,2.0,,,6.0,,45.0,48.0,93.0,1,2.0,109.0,,4.0,1.0,
2015-16,6768338,34,4,Newcastle_United,Home,22126,Georginio Wijnaldum,georginio-wijnaldum,M,False,,,1.0,11.0,7.0,18.0,1.0,,3.0,,,,1.0,,,2.0,5.0,,,,1.0,,,,,,2.0,,73.0,,,,,,,,,,,6.4,,,,,,1.0,,1.0,,15.0,7.0,21.0,0,,28.0,2.0,,,
2015-16,6768338,34,4,Newcastle_United,Home,27014,Moussa Sissoko,moussa-sissoko,M,False,1.0,,,11.0,5.0,15.0,2.0,,6.0,,,,,,,1.0,7.0,2.0,,,2.0,,1.0,,,,1.0,,90.0,1.0,,,,,,,,,,7.2,,,1.0,,2.0,2.0,,3.0,1.0,20.0,6.0,24.0,2,2.0,45.0,4.0,,,
2015-16,6768338,34,80,Swansea_City,Away,30243,Neil Taylor,neil-taylor,M,False,1.0,,1.0,15.0,15.0,29.0,,,4.0,,,,,,,1.0,2.0,,,,1.0,,,,,3.0,1.0,,90.0,,,,,,,,,,,6.3,,,,3.0,,3.0,,3.0,,27.0,20.0,44.0,0,,71.0,,,,
2015-16,6768338,34,4,Newcastle_United,Home,30262,Siem de Jong,siem-de-jong,M,True,,,,,,,,,,,,,,,,,,,,,,,,,,,,,,,,,,,,,,,,,,,,,,,,,,,,,0,,,,,,
2015-16,6768338,34,80,Swansea_City,Away,31821,Leroy Fer,leroy-fer,M,False,,,3.0,16.0,10.0,26.0,2.0,3.0,3.0,,,,,,,1.0,4.0,6.0,,,,,,,,,,,57.0,,,,,,,,,,,6.4,,,,2.0,1.0,,,4.0,,19.0,12.0,31.0,0,2.0,41.0,1.0,1.0,,
2015-16,6768338,34,4,Newcastle_United,Home,36465,Jonjo Shelvey,jonjo-shelvey,M,True,,,,3.0,3.0,6.0,,,,,,,,,,,,,,,,,,,,,,,24.0,1.0,,,,,,,,,,6.7,,,,1.0,,,,1.0,,7.0,4.0,11.0,1,,13.0,,,,
2015-16,6768338,34,4,Newcastle_United,Home,40686,Jack Colback,jack-colback,M,False,,,3.0,10.0,11.0,21.0,,,5.0,,,,1.0,,,1.0,5.0,6.0,,,3.0,,,,,4.0,,,90.0,1.0,,,,,,,,,,7.4,,,1.0,2.0,,,,4.0,,16.0,12.0,28.0,2,4.0,49.0,,2.0,,
2015-16,6768338,34,80,Swansea_City,Away,43192,Gylfi Sigurðsson,gylfi-sigursson,M,False,2.0,,,20.0,4.0,22.0,,,2.0,,,1.0,1.0,,,1.0,4.0,1.0,,,2.0,,,,,1.0,1.0,,90.0,,,,,,,,,,,6.1,,,,,2.0,8.0,,3.0,,30.0,6.0,28.0,1,,42.0,,,1.0,
2015-16,6768338,34,80,Swansea_City,Away,54686,Jefferson Montero,jefferson-montero,M,False,1.0,,,17.0,6.0,22.0,1.0,2.0,5.0,,1.0,,1.0,,,5.0,10.0,9.0,,,1.0,,,,,,1.0,,90.0,,,,,,,,,,,5.9,,,1.0,,4.0,6.0,,2.0,,28.0,9.0,31.0,1,2.0,61.0,4.0,3.0,2.0,
2015-16,6768338,34,80,Swansea_City,Away,209098,Modou Barrow,modou-barrow,M,True,,,,6.0,6.0,12.0,1.0,,2.0,,,,,,,2.0,5.0,3.0,,,1.0,,,,,,1.0,,33.0,,,,,,,,,,,6.6,,,,,3.0,2.0,,,,11.0,6.0,15.0,0,1.0,26.0,1.0,,2.0,
2015-16,6768345,34,21,West_Ham_United,Away,9741,Mark Noble,mark-noble,M,False,,,3.0,20.0,12.0,32.0,,,6.0,,,,,,,,1.0,4.0,,,1.0,,,,,2.0,,,63.0,,,,,,,,,,,7.1,,,,,,,,5.0,,22.0,16.0,38.0,0,4.0,47.0,1.0,,,
2015-16,6768345,34,21,West_Ham_United,Away,14216,Dimitri Payet,dimitri-payet,M,False,6.0,,1.0,28.0,7.0,29.0,,,4.0,,,,1.0,,,1.0,4.0,1.0,,,2.0,,,,,2.0,5.0,,90.0,,,,,,,,,,,7.2,,,2.0,,,18.0,,2.0,,46.0,7.0,35.0,2,1.0,65.0,2.0,,,
2015-16,6768345,34,13,Leicester_City,Home,30530,Andy King,andy-king,M,True,,,,,,,,,,,,,,,,,,,,,,,,,,,,,,,,,,,,,,,,,,,,,,,,,,,,,0,,,,,,
2015-16,6768345,34,21,West_Ham_United,Away,45944,Cheikhou Kouyaté,cheikhou-kouyate,M,False,,,1.0,14.0,10.0,24.0,2.0,2.0,2.0,,,,1.0,,,,3.0,7.0,,,,,,,1.0,2.0,1.0,,90.0,2.0,,,,,,,,,,7.5,,,2.0,2.0,,,,1.0,,20.0,12.0,32.0,4,2.0,51.0,2.0,3.0,,
2015-16,6768345,34,21,West_Ham_United,Away,46799,Pedro Obiang,pedro-obiang,M,False,1.0,,1.0,4.0,5.0,8.0,1.0,,4.0,,,,2.0,,,1.0,5.0,3.0,,,2.0,,,,,6.0,1.0,,45.0,,,,,,,,,,,6.8,,,,,,1.0,,1.0,,5.0,6.0,10.0,0,2.0,21.0,,1.0,,
2015-16,6768345,34,13,Leicester_City,Home,47737,Marc Albrighton,marc-albrighton,M,False,1.0,,2.0,6.0,4.0,9.0,,,5.0,1.0,,,,,,1.0,1.0,1.0,,,,,,,,,1.0,,54.0,,,,,,,,,,,6.9,,,,,,1.0,,2.0,,9.0,4.0,12.0,0,1.0,17.0,1.0,,,
2015-16,6768345,34,13,Leicester_City,Home,54330,Danny Drinkwater,danny-drinkwater,M,False,,,3.0,26.0,17.0,43.0,,,12.0,,,,1.0,,,2.0,4.0,6.0,,,1.0,,,,,,,,90.0,,,,,,,,,,,6.9,,,1.0,3.0,2.0,,,11.0,,41.0,18.0,59.0,1,3.0,76.0,1.0,1.0,2.0,
2015-16,6768345,34,13,Leicester_City,Home,148710,Jeffrey Schlupp,jeffrey-schlupp,M,True,,,,5.0,1.0,6.0,,2.0,1.0,,,,,,,,1.0,6.0,,,1.0,,,,,1.0,,,36.0,,,,,,,,1.0,,,6.9,,,,1.0,,,,,,7.0,1.0,8.0,0,2.0,18.0,,2.0,,
2015-16,6768345,34,13,Leicester_City,Home,158213,Riyad Mahrez,riyad-mahrez,M,False,1.0,,,13.0,15.0,27.0,,1.0,5.0,,,,2.0,,,4.0,7.0,7.0,,,,,,,,,1.0,,78.0,,,,,,,,,,,6.6,,,,,2.0,2.0,,1.0,,17.0,17.0,32.0,0,3.0,58.0,6.0,2.0,1.0,
2015-16,6768345,34,21,West_Ham_United,Away,220315,Manuel Lanzini,manuel-lanzini,M,True,,,,21.0,6.0,27.0,,,3.0,,,,,,,3.0,3.0,2.0,,,,,,,,1.0,,,27.0,,,,,,,,,,,6.5,,,1.0,,1.0,1.0,,1.0,,23.0,6.0,28.0,1,,36.0,,1.0,1.0,
2015-16,6768345,34,13,Leicester_City,Home,234148,N'Golo Kanté,n-golo-kante,M,False,,,2.0,13.0,21.0,34.0,,2.0,5.0,,,,2.0,,,,6.0,6.0,,,1.0,1.0,,,,,1.0,,90.0,,,,,,,,,,,6.6,,,,2.0,4.0,,,3.0,,23.0,24.0,47.0,0,3.0,61.0,2.0,,1.0,
2015-16,6768345,34,13,Leicester_City,Home,308526,Daniel Amartey,daniel-amartey,M,True,,,,2.0,1.0,3.0,,,,,,,1.0,,,,1.0,,,,,,,,,,,,12.0,,,,,,,,,,,6.1,,,,,,,,,,2.0,1.0,3.0,0,,3.0,,,,
2015-16,6768345,34,13,Leicester_City,Home,355152,Demarai Gray,demarai-gray,M,True,,,,,,,,,,,,,,,,,,,,,,,,,,,,,,,,,,,,,,,,,,,,,,,,,,,,,0,,,,,,
2015-16,6768348,34,57,Watford,Away,642,Ben Watson,ben-watson,M,False,,,2.0,6.0,14.0,20.0,,3.0,6.0,,,,4.0,,,1.0,9.0,5.0,,,3.0,,1.0,,,3.0,,,90.0,1.0,1.0,,,,,,,,,7.2,,,,1.0,1.0,,,7.0,,17.0,16.0,33.0,1,2.0,49.0,2.0,,,
2015-16,6768348,34,35,West_Bromwich_Albion,Home,765,Darren Fletcher,darren-fletcher,M,False,2.0,,14.0,41.0,12.0,51.0,3.0,,11.0,,,,,,,,4.0,3.0,,,1.0,,,,,1.0,1.0,,90.0,,,,,,,,,,,7.5,,,,,1.0,2.0,,20.0,,52.0,15.0,65.0,0,2.0,77.0,3.0,,1.0,
2015-16,6768348,34,57,Watford,Away,11654,Valon Behrami,valon-behrami,M,True,,,,,,,,,,,,,,,,,,,,,,,,,,,,,1.0,,,,,,,,,,,,,,,,,,,,,,,,0,,1.0,,,,
2015-16,6768348,34,57,Watford,Away,13990,José Jurado,jose-jurado,M,False,,,,17.0,14.0,31.0,3.0,1.0,5.0,,,,3.0,,,2.0,8.0,9.0,,1.0,,,,,,2.0,3.0,,89.0,2.0,,,,,,,,,,7.5,,,1.0,,1.0,,,,,21.0,17.0,38.0,3,4.0,54.0,,3.0,1.0,
2015-16,6768348,34,35,West_Bromwich_Albion,Home,14235,Craig Gardner,craig-gardner,M,True,,,2.0,6.0,1.0,7.0,,,1.0,,,,,,,,1.0,,,,1.0,,,,,1.0,,,15.0,,,,,,,,,,,6.5,,,,,,2.0,,5.0,,12.0,1.0,11.0,0,,14.0,,,,
2015-16,6768348,34,35,West_Bromwich_Albion,Home,16657,Stéphane Sessègnon,stephane-sessegnon,M,False,3.0,,1.0,29.0,3.0,29.0,2.0,1.0,5.0,,,2.0,,,,5.0,10.0,10.0,,,,,,,,2.0,4.0,,90.0,1.0,,,,,,,1.0,,,7.5,,,1.0,,7.0,7.0,,1.0,,42.0,4.0,39.0,4,1.0,74.0,3.0,4.0,4.0,
2015-16,6768348,34,57,Watford,Away,16701,Étienne Capoue,etienne-capoue,M,False,,,7.0,16.0,27.0,43.0,1.0,,13.0,,,,1.0,,,1.0,5.0,7.0,,,2.0,,,,,2.0,1.0,,90.0,,1.0,,1.0,,,,,,,7.1,,,,4.0,3.0,,,9.0,,21.0,28.0,49.0,0,1.0,68.0,1.0,3.0,3.0,
2015-16,6768348,34,57,Watford,Away,20364,Ikechi Anya,ikechi-anya,M,True,,,,,,,,,,,,,,,,,,,,,,,,,,,,,,,,,,,,,,,,,,,,,,,,,,,,,0,,,,,,
2015-16,6768348,34,57,Watford,Away,27714,Nordin Amrabat,nordin-amrabat,M,True,,,,,,,,,,,,,,,,,,,,,,,,,,,,,,,,,,,,,,,,,,,,,,,,,,,,,0,,,,,,
2015-16,6768348,34,35,West_Bromwich_Albion,Home,41631,James McClean,james-mcclean,M,False,3.0,,2.0,18.0,7.0,22.0,7.0,2.0,2.0,,,1.0,,,,2.0,11.0,11.0,,,2.0,,,,,1.0,3.0,,90.0,,,,,,,,,,,7.1,,,2.0,1.0,5.0,19.0,,3.0,,42.0,9.0,32.0,3,1.0,74.0,2.0,3.0,5.0,
2015-16,6768348,34,35,West_Bromwich_Albion,Home,43301,Sandro,sandro,M,True,,,,,,,,,,,,,,,,,,,,,,,,,,,,,,,,,,,,,,,,,,,,,,,,,,,,,0,,,,,,
2015-16,6768348,34,57,Watford,Away,45989,Adlène Guédioura,adlene-guedioura,M,False,2.0,,1.0,13.0,9.0,20.0,3.0,3.0,6.0,,,1.0,,,,,6.0,7.0,,,3.0,1.0,,,,,4.0,,66.0,,,,,,,,,,,7.8,,,1.0,,1.0,4.0,,5.0,,28.0,9.0,33.0,2,3.0,49.0,3.0,,1.0,
2015-16,6768348,34,57,Watford,Away,47668,Juan Carlos Paredes,juan-carlos-paredes,M,True,,,,,,,,,,,,,,,,,,,,,,,,,,,,,,,,,,,,,,,,,,,,,,,,,,,,,0,,,,,,
2015-16,6768348,34,35,West_Bromwich_Albion,Home,53783,Callum McManaman,callum-mcmanaman,M,True,,,,7.0,1.0,8.0,,,2.0,,,,,,,,2.0,2.0,,,2.0,,,,,,,,22.0,,,,,,,,,,,6.6,,,,,,,,,,9.0,1.0,10.0,0,1.0,14.0,1.0,1.0,,
2015-16,6768348,34,35,West_Bromwich_Albion,Home,151037,Claudio Yacob,claudio-yacob,M,False,,,1.0,11.0,11.0,22.0,6.0,,8.0,,,,4.0,,,,10.0,9.0,,,,,,,,5.0,,,75.0,,,,,,,,,,,6.8,,,,1.0,1.0,,,3.0,,17.0,13.0,30.0,0,5.0,49.0,1.0,3.0,1.0,
2015-16,6768349,34,56,Sunderland,Away,524,Sebastian Larsson,sebastian-larsson,M,True,,,,2.0,1.0,3.0,,,1.0,1.0,,,,,,,,1.0,,,,1.0,,,,,1.0,,23.0,,,,,,,,,,,7.5,,,1.0,1.0,,,,1.0,,3.0,1.0,4.0,1,1.0,7.0,,,,
2015-16,6768349,34,45,Norwich_City,Home,9148,Graham Dorrans,graham-dorrans,M,True,,,,,,,,,,,,,,,,,,,,,,,,,,,,,,,,,,,,,,,,,,,,,,,,,,,,,0,,,,,,
2015-16,6768349,34,56,Sunderland,Away,14210,Lee Cattermole,lee-cattermole,M,False,,,4.0,10.0,4.0,14.0,,3.0,3.0,,,,1.0,2.0,,,3.0,5.0,,,2.0,,,,,,,,90.0,,4.0,,,,,,,,,7.5,,,1.0,7.0,,,,5.0,,18.0,5.0,23.0,1,1.0,40.0,,1.0,,
2015-16,6768349,34,45,Norwich_City,Home,14336,Wesley Hoolahan,wesley-hoolahan,M,True,2.0,,1.0,15.0,3.0,16.0,,,,,,,2.0,,,2.0,5.0,2.0,,,,,,,,,4.0,,31.0,1.0,,,,,,,,,,6.7,,,1.0,,2.0,3.0,,2.0,,20.0,3.0,20.0,2,,33.0,3.0,1.0,1.0,
2015-16,6768349,34,45,Norwich_City,Home,18712,Youssouf Mulumbu,youssouf-mulumbu,M,True,,,,,,,,,,,,,,,,,,,,,,,,,,,,,,,,,,,,,,,,,,,,,,,,,,,,,0,,,,,,
2015-16,6768349,34,45,Norwich_City,Home,20095,Matt Jarvis,matt-jarvis,M,False,,,,4.0,4.0,8.0,3.0,,,,,,,,,,5.0,,,,1.0,,,,,,,,59.0,,,,,,,,,,,6.0,,,,,1.0,2.0,,,,7.0,4.0,9.0,0,,13.0,,,,
2015-16,6768349,34,45,Norwich_City,Home,29691,Gary O'Neil,gary-oneil,M,False,,,6.0,35.0,16.0,51.0,,,5.0,,,,1.0,,,,2.0,5.0,,,1.0,,,,,1.0,1.0,,90.0,,,,,,,,,,,6.8,,,1.0,,,8.0,,12.0,,49.0,21.0,62.0,1,3.0,81.0,,2.0,,
2015-16,6768349,34,56,Sunderland,Away,32045,Yann M'Vila,yann-mvila,M,False,,,1.0,10.0,3.0,13.0,,,2.0,,,,2.0,,,,3.0,,,,,,,,,1.0,,,67.0,,,,,,,,,,,6.4,,,,,1.0,,,2.0,,14.0,4.0,18.0,0,,22.0,,,,
2015-16,6768349,34,56,Sunderland,Away,43473,Jan Kirchhoff,jan-kirchhoff,M,False,,,1.0,18.0,7.0,25.0,6.0,4.0,9.0,,,,2.0,,,,12.0,9.0,,,4.0,,,,,1.0,2.0,,85.0,,,,,,,,,,,7.1,,,,9.0,,,,6.0,,29.0,12.0,41.0,0,4.0,61.0,3.0,1.0,,
2015-16,6768349,34,45,Norwich_City,Home,115346,Nathan Redmond,nathan-redmond,M,True,2.0,,,15.0,3.0,16.0,,,2.0,,,1.0,1.0,,,1.0,2.0,2.0,,,,,,,1.0,,1.0,,45.0,1.0,,,,,,,,,,6.8,,,1.0,,1.0,6.0,,2.0,,23.0,4.0,21.0,3,,34.0,,1.0,1.0,
2015-16,6768349,34,56,Sunderland,Away,240256,Duncan Watmore,duncan-watmore,M,True,,,,4.0,4.0,8.0,1.0,,5.0,,1.0,,,,,1.0,2.0,3.0,,,,,1.0,,,,,,45.0,1.0,,,,,,,,,,7.3,,,,,2.0,,,1.0,,5.0,4.0,9.0,1,1.0,20.0,2.0,,2.0,
2015-16,6768349,34,45,Norwich_City,Home,267621,Robbie Brady,robbie-brady,M,False,4.0,,,8.0,4.0,8.0,,,3.0,,,,,,,1.0,3.0,2.0,,,1.0,,,,,,3.0,,45.0,1.0,,,,,,,,,,7.0,,,,1.0,3.0,6.0,,1.0,,16.0,6.0,16.0,1,,33.0,2.0,,2.0,
2015-16,6768357,34,14,Liverpool,Away,791,James Milner,james-milner,M,True,,,,,,,,,,,,,,,,,,,,,,,,,,,,,,,,,,,,,,,,,,,,,,,,,,,,,0,,,,,,
2015-16,6768357,34,91,Bournemouth,Home,11764,Marc Pugh,marc-pugh,M,True,3.0,,,10.0,3.0,10.0,,1.0,2.0,,,,,,,,1.0,2.0,,,,,,,,,2.0,,31.0,,,,,,,,,,,6.8,,,,,1.0,6.0,,1.0,,15.0,4.0,13.0,0,,24.0,1.0,1.0,,
2015-16,6768357,34,91,Bournemouth,Home,14695,Andrew Surman,andrew-surman,M,False,,,5.0,36.0,23.0,59.0,,,7.0,,,,2.0,,,2.0,4.0,5.0,,1.0,,1.0,,,,2.0,2.0,,90.0,,,,,,,,,,,7.3,,,,1.0,,1.0,,9.0,,44.0,24.0,67.0,0,5.0,81.0,1.0,,,
2015-16,6768357,34,91,Bournemouth,Home,16590,Max Gradel,max-gradel,M,False,,,2.0,7.0,10.0,17.0,1.0,1.0,3.0,,,,1.0,,,2.0,7.0,4.0,,,3.0,,,,,1.0,,,59.0,,,,,,,,,,,6.5,,,,,,1.0,,2.0,1.0,11.0,12.0,22.0,0,2.0,37.0,2.0,1.0,,
2015-16,6768357,34,14,Liverpool,Away,17054,Adam Lallana,adam-lallana,M,True,,,,9.0,4.0,13.0,,,2.0,,,,,,,1.0,2.0,1.0,,,1.0,,,,,1.0,2.0,,12.0,,,,,,,,,,,6.6,,,,,,,,,,10.0,4.0,14.0,0,,18.0,1.0,1.0,,
2015-16,6768357,34,14,Liverpool,Away,20602,Joe Allen,joe-allen,M,False,,,2.0,29.0,25.0,54.0,1.0,,14.0,1.0,,,1.0,,,2.0,5.0,6.0,,,1.0,,,,,2.0,2.0,,90.0,,,,,,,,,,,7.2,,,,2.0,1.0,,,5.0,,37.0,27.0,64.0,0,3.0,79.0,,2.0,1.0,
2015-16,6768357,34,14,Liverpool,Away,27234,Lucas Leiva,lucas-leiva,M,False,,,5.0,16.0,24.0,40.0,1.0,1.0,4.0,,,,1.0,,,,3.0,7.0,,,1.0,,,,,4.0,,,90.0,,2.0,,,,,,,,,7.5,,,,4.0,,,,7.0,,20.0,26.0,46.0,0,5.0,66.0,1.0,1.0,,
2015-16,6768357,34,91,Bournemouth,Home,41628,Eunan O'Kane,eunan-okane,M,True,,,,,,,,,,,,,,,,,,,,,,,,,,,,,,,,,,,,,,,,,,,,,,,,,,,,,0,,,,,,
2015-16,6768357,34,91,Bournemouth,Home,42699,Matt Ritchie,matt-ritchie,M,False,2.0,,4.0,19.0,10.0,27.0,1.0,1.0,3.0,,,2.0,3.0,,,2.0,8.0,5.0,,,2.0,,,,,,1.0,,77.0,,,,,,,,,,,6.7,,,2.0,,1.0,2.0,,5.0,,27.0,12.0,37.0,4,2.0,52.0,,1.0,1.0,
2015-16,6768357,34,91,Bournemouth,Home,44823,Junior Stanislas,junior-stanislas,M,False,,,1.0,7.0,9.0,16.0,,,3.0,,,1.0,,,,1.0,2.0,1.0,,,,,,,,1.0,,,45.0,,,,,,,,,,,6.4,,,,,1.0,,,1.0,,11.0,9.0,20.0,1,1.0,28.0,2.0,,,
2015-16,6768357,34,14,Liverpool,Away,119159,Philippe Coutinho,philippe-coutinho,M,True,,,,,,,,,,,,,,,,,,,,,,,,,,,,,,,,,,,,,,,,,,,,,,,,,,,,,0,,,,,,
2015-16,6768357,34,14,Liverpool,Away,143697,Roberto Firmino,roberto-firmino,M,False,,,,28.0,8.0,36.0,2.0,,6.0,,,,1.0,,,1.0,5.0,2.0,,,,,1.0,,,,2.0,,75.0,2.0,,,,,,,,,,7.7,,,2.0,1.0,2.0,1.0,,,,34.0,9.0,42.0,4,1.0,55.0,,,1.0,
2015-16,6768357,34,14,Liverpool,Away,180011,Kevin Stewart,kevin-stewart,M,False,,,6.0,21.0,35.0,56.0,2.0,2.0,6.0,,,,1.0,,,5.0,10.0,7.0,,,2.0,,,,,4.0,,,90.0,,1.0,,,,,,,,,6.8,,,,3.0,,,,10.0,,30.0,36.0,66.0,0,2.0,91.0,1.0,3.0,,
2015-16,6768357,34,14,Liverpool,Away,185955,Jordon Ibe,jordon-ibe,M,False,,,1.0,22.0,13.0,35.0,2.0,,5.0,,,,,,,3.0,5.0,7.0,,,,1.0,,,,,5.0,,78.0,,,,,,,,,,,7.6,,,1.0,,5.0,4.0,,2.0,,29.0,13.0,38.0,1,1.0,56.0,2.0,1.0,5.0,
2015-16,6768357,34,14,Liverpool,Away,787580,Connor Randall,connor-randall,M,False,,,,15.0,15.0,30.0,1.0,1.0,6.0,,,1.0,,,,1.0,4.0,2.0,,,2.0,,,,,2.0,,,90.0,1.0,1.0,,,,,,,,,6.6,,,,,,,,4.0,,23.0,21.0,44.0,2,1.0,69.0,2.0,,,
2015-16,6768367,34,110,Stoke_City,Home,2525,Ibrahim Afellay,ibrahim-afellay,M,False,,,1.0,26.0,19.0,45.0,,1.0,15.0,,,,1.0,,,,3.0,11.0,,,1.0,,,,,,,,90.0,,,,,,,,,,,7.2,,,3.0,1.0,5.0,2.0,,1.0,,33.0,20.0,51.0,3,2.0,71.0,,4.0,4.0,
2015-16,6768367,34,110,Stoke_City,Home,9360,Charlie Adam,charlie-adam,M,True,,,,,2.0,2.0,,,,,,1.0,,,,,1.0,,,,1.0,,,,,,,,14.0,,,,,,,,,,,6.2,,,,1.0,,2.0,,1.0,,6.0,2.0,6.0,1,,10.0,,,,
2015-16,6768367,34,110,Stoke_City,Home,9682,Stephen Ireland,stephen-ireland,M,True,,,,,,,,,,,,,,,,,,,,,,,,,,,,,,,,,,,,,,,,,,,,,,,,,,,,,0,,,,,,
2015-16,6768367,34,6,Tottenham_Hotspur,Away,9865,Mousa Dembélé,mousa-dembele,M,False,,,,15.0,10.0,25.0,,,7.0,,,,2.0,,,,5.0,5.0,,,3.0,1.0,,,,,2.0,,87.0,,3.0,,,,,,,,,7.6,,,1.0,1.0,1.0,,,,,16.0,13.0,29.0,1,3.0,40.0,,1.0,1.0,
2015-16,6768367,34,110,Stoke_City,Home,10535,Glenn Whelan,glenn-whelan,M,False,,,1.0,23.0,28.0,51.0,1.0,1.0,8.0,,,,1.0,,,,3.0,3.0,,,1.0,,,,,2.0,,,76.0,,,,,,,,,,,6.7,,,,5.0,,,,2.0,,27.0,31.0,58.0,0,2.0,71.0,1.0,1.0,,
2015-16,6768367,34,6,Tottenham_Hotspur,Away,32492,Nacer Chadli,nacer-chadli,M,True,,,,2.0,1.0,3.0,,,,,,,,,,,,1.0,,,,,,,,,,,6.0,,,,,,,,,,,6.8,,,1.0,,1.0,,,,,5.0,1.0,6.0,1,,8.0,,,1.0,
2015-16,6768367,34,6,Tottenham_Hotspur,Away,44567,Ryan Mason,ryan-mason,M,True,,,,3.0,7.0,10.0,1.0,,,,,,,,,,1.0,,,,,,,,,,1.0,,3.0,,,,,,,,,,,,,,,,,,,,,3.0,7.0,10.0,0,,12.0,1.0,,,
2015-16,6768367,34,110,Stoke_City,Home,65953,Xherdan Shaqiri,xherdan-shaqiri,M,False,,,1.0,5.0,4.0,9.0,1.0,,2.0,,,,,,,1.0,5.0,2.0,,,2.0,,,,,1.0,1.0,,45.0,,,,,,,,,,,6.4,,,,,1.0,5.0,,1.0,,10.0,4.0,9.0,0,1.0,21.0,1.0,1.0,,
2015-16,6768367,34,110,Stoke_City,Home,96702,Giannelli Imbula,giannelli-imbula,M,False,,,1.0,22.0,15.0,37.0,2.0,2.0,10.0,,,2.0,,,,4.0,12.0,8.0,,,1.0,,,,,,3.0,,90.0,,1.0,,,,,,,,,6.2,,,,,11.0,,,2.0,,28.0,16.0,44.0,2,,65.0,2.0,,6.0,
2015-16,6768367,34,6,Tottenham_Hotspur,Away,105734,Christian Eriksen,christian-eriksen,M,False,,,1.0,20.0,17.0,37.0,,1.0,3.0,1.0,1.0,,1.0,,,1.0,3.0,4.0,,,1.0,2.0,,,1.0,1.0,3.0,,90.0,,,,,,,,,,,8.0,,,1.0,1.0,1.0,2.0,,3.0,,27.0,19.0,44.0,1,2.0,59.0,2.0,,1.0,
2015-16,6768367,34,6,Tottenham_Hotspur,Away,122702,Erik Lamela,erik-lamela,M,False,1.0,,,16.0,10.0,25.0,,,7.0,1.0,,,3.0,,,3.0,8.0,6.0,,,2.0,1.0,,,,,4.0,,89.0,1.0,,,,,,,,,,7.4,,,,1.0,2.0,4.0,,1.0,1.0,26.0,11.0,33.0,1,2.0,49.0,1.0,2.0,2.0,
2015-16,6768367,34,6,Tottenham_Hotspur,Away,198028,Dele Alli,dele-alli,M,False,,,1.0,18.0,7.0,25.0,1.0,1.0,6.0,1.0,1.0,3.0,2.0,,,6.0,12.0,6.0,,,1.0,,2.0,,1.0,1.0,4.0,,84.0,2.0,,,,,,,,,,8.1,,,3.0,1.0,5.0,,,1.0,,20.0,7.0,27.0,8,2.0,60.0,4.0,1.0,2.0,
2015-16,6768374,34,31,Crystal_Palace,Away,3574,Yohan Cabaye,yohan-cabaye,M,False,2.0,,1.0,13.0,23.0,34.0,,,4.0,,,1.0,1.0,,,,3.0,5.0,,,2.0,,,,,3.0,2.0,,90.0,,1.0,,,,,,,,,7.5,,,,1.0,,5.0,,2.0,,18.0,24.0,37.0,1,5.0,57.0,1.0,,,
2015-16,6768374,34,31,Crystal_Palace,Away,9921,Joe Ledley,joe-ledley,M,False,,,1.0,6.0,15.0,21.0,1.0,1.0,5.0,,,,2.0,,,,6.0,2.0,,,3.0,,,,,1.0,,,90.0,,1.0,,,,,,,,,6.4,,,,2.0,,,,3.0,,9.0,17.0,26.0,0,,38.0,1.0,1.0,,
2015-16,6768374,34,3,Arsenal,Home,10501,Theo Walcott,theo-walcott,M,True,,,,3.0,2.0,5.0,,,2.0,,,,,,,,1.0,,,,,,,,,,,,6.0,,,,,,,,,,,6.3,,,,,1.0,,,,,4.0,2.0,6.0,0,,7.0,,,,
2015-16,6768374,34,3,Arsenal,Home,16176,Mesut Özil,mesut-ozil,M,False,6.0,,2.0,79.0,9.0,82.0,2.0,,4.0,,,,,,,2.0,4.0,1.0,,,,,,,,,8.0,,90.0,1.0,,,,,,,,,,8.2,,,1.0,,,10.0,,3.0,,94.0,9.0,93.0,2,1.0,110.0,,,,
2015-16,6768374,34,31,Crystal_Palace,Away,19593,Jason Puncheon,jason-puncheon,M,False,,,,7.0,3.0,10.0,2.0,,3.0,,,,1.0,,,1.0,4.0,2.0,,,,,,,,,,,75.0,,,,,,,,,,,6.1,,,,1.0,,5.0,,1.0,,16.0,4.0,15.0,0,1.0,27.0,2.0,1.0,,
2015-16,6768374,34,3,Arsenal,Home,23571,Aaron Ramsey,aaron-ramsey,M,True,,,1.0,17.0,4.0,21.0,,,1.0,,,,1.0,,,,3.0,1.0,,,,,,,,,,,15.0,,,,,,,,,,,6.3,,,,,3.0,,,1.0,,18.0,5.0,23.0,0,,26.0,,,1.0,
2015-16,6768374,34,31,Crystal_Palace,Away,38639,Chung-yong Lee,chung-yong-lee,M,True,,,,,,,,,,,,,,,,,,,,,,,,,,,,,,,,,,,,,,,,,,,,,,,,,,,,,0,,,,,,
2015-16,6768374,34,3,Arsenal,Home,40672,Francis Coquelin,francis-coquelin,M,False,,,2.0,47.0,21.0,68.0,1.0,1.0,13.0,,,,1.0,,,1.0,4.0,8.0,,,1.0,,,,,2.0,1.0,,90.0,,,,,,,,,,,7.4,,,,3.0,1.0,,,2.0,,54.0,26.0,80.0,0,3.0,100.0,2.0,3.0,1.0,
2015-16,6768374,34,31,Crystal_Palace,Away,84686,Pape Souaré,pape-souare,M,False,1.0,,1.0,9.0,12.0,20.0,2.0,1.0,6.0,,,,,,,,3.0,5.0,,,1.0,,,,,3.0,2.0,,90.0,,,,,,,,,,,7.1,,,,5.0,1.0,2.0,,9.0,,13.0,17.0,28.0,0,2.0,47.0,1.0,1.0,1.0,
2015-16,6768374,34,31,Crystal_Palace,Away,111850,Wilfried Zaha,wilfried-zaha,M,True,,,,,,,1.0,,3.0,,,,,,,2.0,5.0,3.0,,,,,,,,,,,15.0,,,,,,,,,,,6.2,,,,,4.0,2.0,,1.0,,3.0,,1.0,0,1.0,15.0,,,2.0,
2015-16,6768374,34,3,Arsenal,Home,154508,Joel Campbell,joel-campbell,M,True,,,,,,,,,,,,,,,,,,,,,,,,,,,,,,,,,,,,,,,,,,,,,,,,,,,,,0,,,,,,
2015-16,6768374,34,3,Arsenal,Home,159675,Mohamed Elneny,mohamed-elneny,M,False,,,2.0,74.0,33.0,107.0,1.0,1.0,3.0,,,3.0,1.0,,,1.0,3.0,2.0,,,,,,,,1.0,,,84.0,,,,,,,,,,,6.6,,,,1.0,1.0,5.0,,2.0,,85.0,36.0,116.0,3,,131.0,1.0,,1.0,
2015-16,6768374,34,3,Arsenal,Home,352770,Alex Iwobi,alex-iwobi,M,False,,,1.0,36.0,8.0,44.0,,,6.0,,,,,,,4.0,4.0,5.0,,,,,,,,2.0,2.0,,75.0,,,,,,,,,,,7.1,,,1.0,,2.0,,,4.0,,40.0,9.0,49.0,1,2.0,65.0,2.0,1.0,2.0,
2015-16,6768381,34,8,Chelsea,Home,518,Cesc Fàbregas,cesc-fabregas,M,False,,,5.0,50.0,23.0,73.0,1.0,,6.0,,,,7.0,,,,11.0,6.0,,,2.0,,,,,1.0,1.0,,90.0,1.0,,,,,,,,,,6.2,,,,1.0,1.0,5.0,,7.0,1.0,65.0,26.0,86.0,1,3.0,108.0,2.0,3.0,,
2015-16,6768381,34,43,Manchester_City,Away,3544,Samir Nasri,samir-nasri,M,False,,,1.0,34.0,12.0,46.0,,,4.0,1.0,2.0,1.0,,,,1.0,3.0,3.0,,,1.0,1.0,,,,2.0,1.0,,75.0,2.0,,,,,,,,,,7.3,,,,,1.0,,,1.0,,35.0,12.0,47.0,3,1.0,63.0,,2.0,,
2015-16,6768381,34,8,Chelsea,Home,7311,John Obi Mikel,john-obi-mikel,M,False,,,2.0,30.0,17.0,47.0,,,10.0,,,,3.0,,,,6.0,2.0,,,3.0,,,,,,,,79.0,,,,,,,,,,,6.3,,,,1.0,,,,5.0,,35.0,17.0,52.0,0,2.0,56.0,,,,
2015-16,6768381,34,43,Manchester_City,Away,13630,Fernandinho,fernandinho,M,False,,,3.0,37.0,20.0,57.0,1.0,2.0,7.0,,,,3.0,,,3.0,9.0,11.0,,1.0,2.0,,,,,3.0,1.0,,90.0,,1.0,,,,,,1.0,,,7.8,,,,2.0,6.0,,,3.0,,44.0,20.0,64.0,0,2.0,85.0,1.0,2.0,5.0,
2015-16,6768381,34,43,Manchester_City,Away,14468,Yaya Touré,yaya-toure,M,False,,,1.0,36.0,20.0,56.0,1.0,2.0,7.0,1.0,,1.0,3.0,,,2.0,8.0,11.0,,,2.0,,,,,1.0,1.0,,90.0,,,,,,,,,,,7.4,,,,4.0,7.0,,,1.0,,45.0,21.0,66.0,1,1.0,86.0,1.0,1.0,7.0,
2015-16,6768381,34,43,Manchester_City,Away,24048,Fabian Delph,fabian-delph,M,True,,,,2.0,2.0,4.0,,,,,,,1.0,,,,1.0,2.0,,,,,,,,,,,15.0,,,,,,,,,,,6.7,,,,1.0,,,,,,2.0,2.0,4.0,0,1.0,10.0,,1.0,,
2015-16,6768381,34,8,Chelsea,Home,31417,Willian,willian,M,False,,,2.0,14.0,12.0,26.0,,,5.0,,,,2.0,,,,2.0,7.0,,,,,,,,,,,70.0,,,,,,,,,,,6.8,,,1.0,1.0,4.0,9.0,,2.0,1.0,32.0,12.0,35.0,1,2.0,55.0,1.0,1.0,4.0,
2015-16,6768381,34,43,Manchester_City,Away,41837,Fernando,fernando-reges,M,True,,,,,,,,,,,,,,,,,,,,,,,,,,,,,,,,,,,,,,,,,,,,,,,,,,,,,0,,,,,,
2015-16,6768381,34,8,Chelsea,Home,44241,Nemanja Matić,nemanja-matic,M,True,,,,,,,,,,,,,,,,,,,,,,,,,,,,,,,,,,,,,,,,,,,,,,,,,,,,,0,,,,,,
2015-16,6768381,34,43,Manchester_City,Away,70996,Kevin De Bruyne,kevin-de-bruyne,M,False,,,1.0,35.0,9.0,44.0,,,5.0,1.0,1.0,,,,,1.0,3.0,4.0,,,2.0,,,,,,2.0,,90.0,2.0,,,,,,,,,,7.6,,,1.0,2.0,2.0,2.0,,1.0,,42.0,10.0,50.0,3,1.0,67.0,3.0,1.0,2.0,
2015-16,6768381,34,8,Chelsea,Home,284441,Ruben Loftus-Cheek,ruben-loftus-cheek,M,False,,,4.0,31.0,15.0,46.0,1.0,2.0,2.0,,,,2.0,,,2.0,8.0,10.0,,,2.0,,,,,,2.0,,90.0,,,,,,,,,,,7.1,,,2.0,,5.0,,,5.0,,37.0,16.0,53.0,2,3.0,76.0,3.0,2.0,4.0,
2015-16,6768381,34,8,Chelsea,Home,801391,Kenedy,kenedy,M,True,,,,8.0,5.0,13.0,,,1.0,,,1.0,,,,1.0,3.0,1.0,,,2.0,,,,,,,,20.0,,,,,,,,,,,6.5,,,,,1.0,1.0,,,1.0,9.0,5.0,13.0,1,,22.0,3.0,,1.0,
2015-16,6768340,35,110,Stoke_City,Away,9360,Charlie Adam,charlie-adam,M,True,,,2.0,3.0,9.0,12.0,,,1.0,,,,,,,,,1.0,,,,,,,,1.0,,,15.0,,,,,,,,,,,6.6,,,,,,2.0,,2.0,,6.0,9.0,13.0,0,,17.0,,1.0,,
2015-16,6768340,35,110,Stoke_City,Away,10535,Glenn Whelan,glenn-whelan,M,False,1.0,,3.0,24.0,31.0,54.0,1.0,3.0,7.0,,,,1.0,,,1.0,4.0,4.0,,,1.0,,,,,1.0,1.0,,90.0,1.0,1.0,,,,,,,,,6.9,,,1.0,1.0,,4.0,,3.0,,29.0,32.0,57.0,2,1.0,72.0,,,,
2015-16,6768340,35,43,Manchester_City,Home,11781,David Silva,david-silva,M,False,2.0,,,27.0,13.0,38.0,,,6.0,,,,3.0,,,2.0,6.0,1.0,,,,,,,,,,,57.0,,,,,,,,,,,6.3,,,,,1.0,2.0,,,,31.0,13.0,42.0,0,1.0,49.0,1.0,,,
2015-16,6768340,35,43,Manchester_City,Home,14468,Yaya Touré,yaya-toure,M,False,,,5.0,29.0,25.0,54.0,1.0,,7.0,,,,4.0,,,1.0,10.0,5.0,,,3.0,,,,,1.0,1.0,,90.0,1.0,,,,,,,,,,6.9,,,,1.0,2.0,,,9.0,,44.0,25.0,69.0,1,3.0,83.0,,1.0,1.0,
2015-16,6768340,35,43,Manchester_City,Home,24048,Fabian Delph,fabian-delph,M,True,,,,8.0,6.0,14.0,1.0,1.0,2.0,,,,,,,,1.0,2.0,,,,,,,,1.0,,,33.0,,,,,,,,,,,6.6,,,,,,,,1.0,,10.0,9.0,19.0,0,,23.0,1.0,1.0,,
2015-16,6768340,35,43,Manchester_City,Home,41837,Fernando,fernando-reges,M,False,,,1.0,15.0,13.0,28.0,2.0,3.0,3.0,,,,4.0,,,1.0,9.0,7.0,,,1.0,,1.0,,,,,,72.0,1.0,,,,,,,,,,7.0,,,,,2.0,,,2.0,,16.0,15.0,31.0,1,3.0,41.0,1.0,,1.0,
2015-16,6768340,35,43,Manchester_City,Home,70996,Kevin De Bruyne,kevin-de-bruyne,M,True,,,,,,,,,,,,,,,,,,,,,,,,,,,,,,,,,,,,,,,,,,,,,,,,,,,,,0,,,,,,
2015-16,6768340,35,110,Stoke_City,Away,96702,Giannelli Imbula,giannelli-imbula,M,False,,,2.0,34.0,19.0,53.0,,,3.0,,,,1.0,,,1.0,4.0,12.0,,,1.0,,,,,1.0,1.0,,90.0,,,,,,,,,,,7.5,,,4.0,,11.0,1.0,,4.0,,40.0,20.0,59.0,4,1.0,83.0,,1.0,10.0,
2015-16,6768340,35,110,Stoke_City,Away,780222,Ollie Shenton,oliver-shenton,M,True,,,,,,,,,,,,,,,,,,,,,,,,,,,,,,,,,,,,,,,,,,,,,,,,,,,,,0,,,,,,
2015-16,6768342,35,8,Chelsea,Away,518,Cesc Fàbregas,cesc-fabregas,M,False,,,8.0,55.0,22.0,77.0,,1.0,5.0,2.0,,1.0,2.0,,,,3.0,6.0,,,,3.0,,,,,6.0,,90.0,,,,,,,,,,,9.2,,,1.0,,1.0,3.0,,11.0,,66.0,28.0,91.0,2,4.0,110.0,,1.0,,
2015-16,6768342,35,8,Chelsea,Away,7311,John Obi Mikel,john-obi-mikel,M,False,,,3.0,6.0,31.0,37.0,1.0,,4.0,,,,,,,,1.0,4.0,,,,,,,,1.0,,,90.0,,1.0,,,,,,,,,7.2,,,,4.0,,,,6.0,,9.0,32.0,41.0,0,3.0,54.0,1.0,1.0,,
2015-16,6768342,35,91,Bournemouth,Home,11764,Marc Pugh,marc-pugh,M,False,1.0,,,16.0,11.0,26.0,2.0,,3.0,,,,2.0,,,3.0,9.0,9.0,,,,,,,,1.0,1.0,,90.0,,,,,,,,,,,6.7,,,1.0,,7.0,2.0,,,,21.0,13.0,32.0,1,3.0,53.0,,1.0,5.0,
2015-16,6768342,35,91,Bournemouth,Home,14695,Andrew Surman,andrew-surman,M,False,,,6.0,28.0,29.0,57.0,1.0,1.0,7.0,,,,2.0,,,2.0,5.0,2.0,,,,,,,,3.0,1.0,,90.0,,,,,,,,,,,6.3,,,,3.0,1.0,3.0,,8.0,,37.0,29.0,63.0,0,,77.0,1.0,,1.0,
2015-16,6768342,35,8,Chelsea,Away,31417,Willian,willian,M,False,,,5.0,32.0,16.0,48.0,,,3.0,,,2.0,2.0,,,,4.0,5.0,,,,,1.0,,,,1.0,,83.0,1.0,,,,,,,,,,7.3,,,1.0,,4.0,5.0,,5.0,,41.0,16.0,52.0,4,1.0,69.0,,2.0,2.0,
2015-16,6768342,35,91,Bournemouth,Home,41628,Eunan O'Kane,eunan-okane,M,True,,,,,,,,,,,,,,,,,,,,,,,,,,,,,,,,,,,,,,,,,,,,,,,,,,,,,0,,,,,,
2015-16,6768342,35,91,Bournemouth,Home,42699,Matt Ritchie,matt-ritchie,M,True,2.0,,1.0,7.0,2.0,7.0,,,2.0,,,,,,,,1.0,,,,1.0,,,,,,1.0,,12.0,,,,,,,,,,,6.6,,,,,,4.0,,1.0,,9.0,2.0,7.0,0,,13.0,1.0,,,
2015-16,6768342,35,8,Chelsea,Away,44241,Nemanja Matić,nemanja-matic,M,False,,,1.0,26.0,31.0,57.0,,,10.0,1.0,,,1.0,,,2.0,4.0,7.0,,,,1.0,,,,1.0,2.0,,90.0,,1.0,,,,,,,,,7.8,,,,2.0,5.0,,,1.0,,29.0,34.0,63.0,0,2.0,84.0,2.0,1.0,4.0,
2015-16,6768342,35,91,Bournemouth,Home,44823,Junior Stanislas,junior-stanislas,M,False,1.0,,,25.0,7.0,31.0,,,5.0,,,,1.0,,,1.0,5.0,7.0,,,1.0,,,,,,2.0,,78.0,,1.0,,,,,,,,,7.2,,,2.0,,3.0,2.0,,2.0,,33.0,9.0,40.0,2,5.0,60.0,1.0,1.0,1.0,
2015-16,6768342,35,8,Chelsea,Away,284441,Ruben Loftus-Cheek,ruben-loftus-cheek,M,True,,,,8.0,4.0,12.0,,,1.0,,,,,,,,,1.0,,,,,,,,1.0,,,7.0,,,,,,,,,,,6.8,,,,,,,,,,8.0,4.0,12.0,0,1.0,16.0,1.0,,,
2015-16,6768342,35,8,Chelsea,Away,801391,Kenedy,kenedy,M,True,,,,,,,,,,,,,,,,,,,,,,,,,,,,,,,,,,,,,,,,,,,,,,,,,,,,,0,,,,,,
2015-16,6768343,35,57,Watford,Away,642,Ben Watson,ben-watson,M,False,1.0,,2.0,20.0,16.0,35.0,2.0,2.0,5.0,1.0,,,3.0,,,,7.0,7.0,,,2.0,,,,,,1.0,,72.0,,1.0,,,,,,,9.0,,6.9,,,,,,1.0,,3.0,,26.0,18.0,43.0,0,5.0,51.0,1.0,,,4.0
2015-16,6768343,35,57,Watford,Away,4366,Almen Abdi,almen-abdi,M,False,,,3.0,19.0,13.0,32.0,3.0,1.0,4.0,,,,2.0,,,1.0,8.0,9.0,,,2.0,,,,,2.0,2.0,,90.0,1.0,,,,,,,,15.0,,7.1,,,1.0,,3.0,1.0,,6.0,,30.0,15.0,44.0,2,4.0,63.0,1.0,1.0,3.0,1.0
2015-16,6768343,35,45,Norwich_City,Home,9148,Graham Dorrans,graham-dorrans,M,False,,,1.0,21.0,24.0,45.0,,,11.0,,,1.0,,,,1.0,2.0,2.0,,,1.0,,,,,6.0,2.0,,90.0,,,,,,,,,3.0,,7.2,,,,1.0,,,,2.0,,23.0,24.0,47.0,1,2.0,60.0,,,,1.0
2015-16,6768343,35,57,Watford,Away,13990,José Jurado,jose-jurado,M,False,,,1.0,9.0,3.0,12.0,,1.0,4.0,,,,2.0,,,1.0,5.0,6.0,,,1.0,,,,,,,,54.0,1.0,,,,,,,,8.0,,6.6,,,,,3.0,2.0,,1.0,,12.0,5.0,15.0,1,2.0,31.0,1.0,1.0,2.0,2.0
2015-16,6768343,35,45,Norwich_City,Home,14336,Wesley Hoolahan,wesley-hoolahan,M,False,1.0,,5.0,33.0,10.0,42.0,,,9.0,2.0,,2.0,1.0,,,2.0,6.0,4.0,,,1.0,,,,,2.0,4.0,,72.0,1.0,,,,,,,,16.0,,7.9,,,1.0,,3.0,2.0,,8.0,1.0,44.0,10.0,52.0,4,,72.0,1.0,3.0,1.0,
2015-16,6768343,35,45,Norwich_City,Home,17806,Vadis Odjidja-Ofoe,vadis-odjidja-ofoe,M,True,,,,4.0,1.0,5.0,,,1.0,,,,1.0,,,,2.0,,,,1.0,,,,,1.0,,,9.0,,,,,,,,,1.0,,6.4,,,1.0,,,,,,,4.0,1.0,5.0,1,,10.0,1.0,,,
2015-16,6768343,35,45,Norwich_City,Home,18712,Youssouf Mulumbu,youssouf-mulumbu,M,True,,,,,,,,,,,,,,,,,,,,,,,,,,,,,,,,,,,,,,,,,,,,,,,,,,,,,0,,,,,,
2015-16,6768343,35,45,Norwich_City,Home,20095,Matt Jarvis,matt-jarvis,M,True,,,,4.0,,4.0,,,,,,,,,,,,,,,,,,,,1.0,1.0,,10.0,,,,,,,,,1.0,,6.8,,,1.0,,,,,1.0,,4.0,1.0,5.0,1,,7.0,,,,
2015-16,6768343,35,57,Watford,Away,20364,Ikechi Anya,ikechi-anya,M,False,,,3.0,20.0,10.0,30.0,,,8.0,,,,,,,,,2.0,,,,,,,,2.0,1.0,,90.0,,,,,,,,,15.0,,6.4,,,,,,3.0,,7.0,,27.0,14.0,38.0,0,2.0,60.0,1.0,,,2.0
2015-16,6768343,35,57,Watford,Away,27714,Nordin Amrabat,nordin-amrabat,M,True,,,,,,,,,,,,,,,,,,,,,,,,,,,,,,,,,,,,,,,,,,,,,,,,,,,,,0,,,,,,
2015-16,6768343,35,45,Norwich_City,Home,29691,Gary O'Neil,gary-oneil,M,False,,,6.0,28.0,28.0,56.0,1.0,1.0,8.0,,,1.0,4.0,,,1.0,9.0,6.0,,,2.0,,,,,5.0,,,90.0,,,,,,,,,12.0,,6.7,,,,1.0,1.0,,,9.0,,33.0,32.0,65.0,1,3.0,80.0,1.0,2.0,,3.0
2015-16,6768343,35,57,Watford,Away,45989,Adlène Guédioura,adlene-guedioura,M,True,,,1.0,6.0,8.0,14.0,,1.0,6.0,,,,,,,1.0,1.0,5.0,,,,,,,,1.0,1.0,,18.0,,1.0,,,,,,,2.0,,7.4,,,1.0,,2.0,,,1.0,,6.0,8.0,14.0,1,2.0,24.0,,1.0,2.0,2.0
2015-16,6768343,35,57,Watford,Away,47668,Juan Carlos Paredes,juan-carlos-paredes,M,True,,,,,,,,,,,,,,,,,,,,,,,,,,,,,,,,,,,,,,,,,,,,,,,,,,,,,0,,,,,,
2015-16,6768343,35,45,Norwich_City,Home,115346,Nathan Redmond,nathan-redmond,M,False,,,2.0,34.0,10.0,44.0,,,,1.0,1.0,1.0,1.0,,,2.0,6.0,6.0,,,,1.0,1.0,,2.0,1.0,2.0,,80.0,1.0,,,,,,,,22.0,,8.3,,,2.0,,8.0,5.0,,3.0,,48.0,12.0,55.0,4,,79.0,,1.0,5.0,
2015-16,6768343,35,45,Norwich_City,Home,267621,Robbie Brady,robbie-brady,M,True,,,,8.0,1.0,9.0,,,2.0,,,,,,,1.0,3.0,,,,,,,,,,,,18.0,,,,,,,,,7.0,,6.1,,,,,2.0,2.0,,,,11.0,2.0,11.0,0,,18.0,,,,
2015-16,6768352,35,56,Sunderland,Home,524,Sebastian Larsson,sebastian-larsson,M,True,,,1.0,4.0,2.0,6.0,,,,,,,1.0,,,,1.0,,,,,,,,,,,,12.0,,,,,,,,,,,6.5,,,,1.0,,,,1.0,,4.0,2.0,6.0,0,,9.0,,,,
2015-16,6768352,35,3,Arsenal,Away,10501,Theo Walcott,theo-walcott,M,True,,,,5.0,,5.0,,,1.0,,,,,,,,,2.0,,,,,,,,1.0,,,19.0,,,,,,,,,,,6.8,,,,1.0,1.0,3.0,,,,9.0,,6.0,0,1.0,14.0,1.0,,1.0,
2015-16,6768352,35,56,Sunderland,Home,14210,Lee Cattermole,lee-cattermole,M,False,,,4.0,13.0,8.0,21.0,,,8.0,,,,3.0,,,3.0,8.0,,,,2.0,,,,,,1.0,,90.0,,,,,,,,,,,6.2,,,1.0,1.0,,1.0,,6.0,,22.0,8.0,29.0,1,,39.0,1.0,,,
2015-16,6768352,35,3,Arsenal,Away,16176,Mesut Özil,mesut-ozil,M,False,4.0,,1.0,41.0,12.0,49.0,,,4.0,,,,,,,2.0,2.0,,,,,,,,,,5.0,,84.0,1.0,,,,,,,,,,7.4,,,,,,8.0,,1.0,,53.0,13.0,58.0,1,,74.0,3.0,,,
2015-16,6768352,35,3,Arsenal,Away,23571,Aaron Ramsey,aaron-ramsey,M,False,,,3.0,53.0,34.0,87.0,2.0,3.0,8.0,,,1.0,2.0,,,1.0,6.0,3.0,,1.0,1.0,,,,,4.0,2.0,,90.0,,1.0,,,,,,,,,6.9,,,1.0,3.0,,1.0,,4.0,,62.0,38.0,99.0,2,,117.0,4.0,,,
2015-16,6768352,35,56,Sunderland,Home,32045,Yann M'Vila,yann-mvila,M,False,1.0,,2.0,16.0,10.0,25.0,1.0,4.0,9.0,,,,1.0,,,,2.0,11.0,,,,,,,,3.0,1.0,,90.0,1.0,1.0,,,,,,,,,7.9,,,1.0,3.0,,1.0,,6.0,,28.0,11.0,38.0,2,5.0,55.0,,2.0,,
2015-16,6768352,35,3,Arsenal,Away,38094,Jack Wilshere,jack-wilshere,M,True,,,,9.0,1.0,10.0,,,1.0,,,,,,,,,2.0,,,,,,,,,,,6.0,,,,,,,,,,,6.8,,,,,1.0,,,,,10.0,1.0,11.0,0,,13.0,,1.0,1.0,
2015-16,6768352,35,3,Arsenal,Away,40672,Francis Coquelin,francis-coquelin,M,True,,,,,,,,,,,,,,,,,,,,,,,,,,,,,,,,,,,,,,,,,,,,,,,,,,,,,0,,,,,,
2015-16,6768352,35,56,Sunderland,Home,43473,Jan Kirchhoff,jan-kirchhoff,M,False,,,2.0,9.0,6.0,15.0,3.0,3.0,7.0,,,,5.0,,,,9.0,5.0,,,1.0,,,,,1.0,1.0,,78.0,,,,,,,,,,,6.4,,,,1.0,1.0,,,8.0,,19.0,9.0,28.0,0,1.0,38.0,2.0,,1.0,
2015-16,6768352,35,3,Arsenal,Away,154508,Joel Campbell,joel-campbell,M,True,,,,,,,,,,,,,,,,,,,,,,,,,,,,,,,,,,,,,,,,,,,,,,,,,,,,,0,,,,,,
2015-16,6768352,35,3,Arsenal,Away,159675,Mohamed Elneny,mohamed-elneny,M,False,,,2.0,57.0,26.0,83.0,1.0,,6.0,,,1.0,1.0,,,,3.0,8.0,,,1.0,,,,,,1.0,,90.0,1.0,,,,,,,,,,7.6,,,,2.0,2.0,,,3.0,,60.0,27.0,87.0,2,2.0,102.0,,4.0,2.0,
2015-16,6768352,35,56,Sunderland,Home,240256,Duncan Watmore,duncan-watmore,M,True,,,,3.0,1.0,4.0,2.0,1.0,2.0,,,,,,,,3.0,3.0,,,,,,,,,,,16.0,,,,,,,,,,,6.6,,,,2.0,2.0,,,,2.0,3.0,1.0,4.0,0,,12.0,,1.0,1.0,
2015-16,6768352,35,3,Arsenal,Away,352770,Alex Iwobi,alex-iwobi,M,False,,,,28.0,12.0,40.0,1.0,,3.0,,,1.0,,,,,2.0,5.0,,,,,,,,,,,71.0,1.0,,,,,,,,,,7.1,,,2.0,,5.0,5.0,,,,36.0,13.0,44.0,4,,65.0,3.0,1.0,4.0,
2015-16,6768362,35,35,West_Bromwich_Albion,Away,765,Darren Fletcher,darren-fletcher,M,False,,,,20.0,7.0,27.0,,1.0,8.0,,,,2.0,,,1.0,4.0,1.0,,,1.0,,,,,,4.0,,90.0,,2.0,,,,,,,,,6.6,,,,,,,,,,27.0,10.0,37.0,0,,45.0,2.0,,,
2015-16,6768362,35,6,Tottenham_Hotspur,Home,9865,Mousa Dembélé,mousa-dembele,M,False,,,4.0,46.0,12.0,58.0,2.0,2.0,6.0,,,,,,,2.0,7.0,9.0,,,3.0,,,,,2.0,1.0,,90.0,,,,,,,,,,,7.6,,,1.0,4.0,4.0,,,4.0,,50.0,13.0,63.0,1,2.0,86.0,1.0,1.0,4.0,
2015-16,6768362,35,35,West_Bromwich_Albion,Away,14235,Craig Gardner,craig-gardner,M,False,3.0,,2.0,13.0,6.0,16.0,,1.0,5.0,1.0,,,2.0,,,2.0,6.0,2.0,,,3.0,1.0,,,,1.0,4.0,,90.0,1.0,1.0,,,,,,,,,7.3,,,2.0,1.0,1.0,9.0,,3.0,1.0,25.0,10.0,26.0,3,,52.0,2.0,1.0,,
2015-16,6768362,35,35,West_Bromwich_Albion,Away,16657,Stéphane Sessègnon,stephane-sessegnon,M,False,,,,17.0,2.0,19.0,,,4.0,,,1.0,1.0,,,3.0,6.0,5.0,,,1.0,,,,,1.0,,,89.0,,,,,,,,,,,6.7,,,2.0,,2.0,,,,,17.0,2.0,19.0,3,3.0,36.0,3.0,1.0,1.0,
2015-16,6768362,35,6,Tottenham_Hotspur,Home,32492,Nacer Chadli,nacer-chadli,M,True,,,,,1.0,1.0,,,,,,,,,,,,,,,,,,,,,,,1.0,,,,,,,,,,,,,,,,,1.0,,,,1.0,1.0,1.0,0,,3.0,,,,
2015-16,6768362,35,35,West_Bromwich_Albion,Away,41631,James McClean,james-mcclean,M,False,2.0,,4.0,15.0,5.0,18.0,2.0,2.0,3.0,,,1.0,1.0,,,1.0,6.0,5.0,,,,,,,,1.0,,,90.0,,,,,,,,,,,6.4,,,,4.0,3.0,8.0,,4.0,,24.0,5.0,21.0,1,2.0,46.0,1.0,,1.0,
2015-16,6768362,35,35,West_Bromwich_Albion,Away,43301,Sandro,sandro,M,True,,,,,,,,,,,,,,,,,,,,,,,,,,,,,1.0,,,,,,,,,,,,,,,,,,,,,,,,0,,,,,,
2015-16,6768362,35,6,Tottenham_Hotspur,Home,44567,Ryan Mason,ryan-mason,M,True,1.0,,,11.0,6.0,16.0,1.0,,,,,,,,,,1.0,,,,,,,,,,,,15.0,,,,,,,,,,,6.6,,,,1.0,,1.0,,,,12.0,6.0,17.0,0,,19.0,,,,
2015-16,6768362,35,6,Tottenham_Hotspur,Home,105734,Christian Eriksen,christian-eriksen,M,False,1.0,,,47.0,14.0,60.0,2.0,1.0,5.0,,,3.0,1.0,,,,4.0,3.0,,,,,,,1.0,2.0,3.0,,90.0,,,,,,,,,,,7.3,,,3.0,1.0,1.0,4.0,,4.0,,64.0,16.0,76.0,6,2.0,97.0,2.0,,,
2015-16,6768362,35,6,Tottenham_Hotspur,Home,122702,Erik Lamela,erik-lamela,M,False,3.0,,1.0,31.0,8.0,36.0,,,5.0,,,1.0,1.0,,,2.0,7.0,4.0,,,2.0,,,,1.0,,2.0,,85.0,,,,,,,,,,,6.8,,,1.0,,3.0,6.0,,1.0,,39.0,8.0,41.0,2,,63.0,4.0,3.0,1.0,
2015-16,6768362,35,35,West_Bromwich_Albion,Away,151037,Claudio Yacob,claudio-yacob,M,False,,,3.0,9.0,9.0,18.0,1.0,,5.0,,,2.0,3.0,,,,7.0,4.0,,,3.0,,,,,3.0,,,90.0,,,,,,,,,,,6.8,,,1.0,2.0,,,,3.0,,13.0,9.0,22.0,3,3.0,39.0,1.0,1.0,,
2015-16,6768362,35,6,Tottenham_Hotspur,Home,198028,Dele Alli,dele-alli,M,False,,,,25.0,7.0,32.0,,,4.0,1.0,,,,,,2.0,4.0,6.0,,,,,,,,1.0,6.0,,89.0,,,,,,,,,,,7.3,,,,1.0,3.0,,,1.0,,32.0,8.0,40.0,0,2.0,56.0,1.0,3.0,1.0,
2015-16,6768362,35,6,Tottenham_Hotspur,Home,801460,Tom Carroll,carroll-tom,M,True,,,,,,,,,,,,,,,,,,,,,,,,,,,,,,,,,,,,,,,,,,,,,,,,,,,,,0,,,,,,
2015-16,6768382,35,14,Liverpool,Home,791,James Milner,james-milner,M,False,3.0,,4.0,31.0,24.0,52.0,,1.0,6.0,,,1.0,2.0,,,4.0,10.0,6.0,,,2.0,,,,,1.0,1.0,,90.0,,,,,,,,,,,6.4,,,,,4.0,10.0,,6.0,,53.0,29.0,72.0,1,1.0,106.0,,2.0,2.0,
2015-16,6768382,35,4,Newcastle_United,Away,10438,Cheik Tiote,cheik-tiote,M,False,,,2.0,10.0,12.0,22.0,1.0,3.0,9.0,,,,1.0,,,1.0,6.0,10.0,,,3.0,,,,,5.0,,,83.0,,,,,,,,,,,7.2,,,,4.0,,,,8.0,,21.0,13.0,34.0,0,7.0,52.0,1.0,,,
2015-16,6768382,35,4,Newcastle_United,Away,15007,Vurnon Anita,vurnon-anita,M,False,2.0,,,11.0,7.0,16.0,,,10.0,,,,1.0,,,2.0,5.0,4.0,,,,1.0,,,,2.0,1.0,,90.0,,1.0,,,,,,,,,6.9,,,1.0,2.0,3.0,2.0,,6.0,,18.0,11.0,27.0,1,3.0,63.0,,,1.0,
2015-16,6768382,35,14,Liverpool,Home,17054,Adam Lallana,adam-lallana,M,False,,,,35.0,14.0,49.0,1.0,,8.0,,,1.0,,,,1.0,5.0,5.0,,,2.0,,1.0,,,1.0,1.0,,83.0,1.0,,,,,,,,,,7.3,,,,1.0,2.0,5.0,,1.0,1.0,50.0,15.0,60.0,2,3.0,78.0,1.0,1.0,1.0,
2015-16,6768382,35,14,Liverpool,Home,20602,Joe Allen,joe-allen,M,False,,,1.0,16.0,10.0,26.0,2.0,1.0,9.0,,,,1.0,,,1.0,5.0,8.0,,,1.0,,,,,2.0,1.0,,72.0,1.0,,,,,,,,,,7.0,,,,,1.0,,,2.0,,22.0,10.0,32.0,1,1.0,49.0,,5.0,1.0,
2015-16,6768382,35,4,Newcastle_United,Away,22126,Georginio Wijnaldum,georginio-wijnaldum,M,True,,,2.0,9.0,4.0,13.0,1.0,1.0,3.0,,,,,,,1.0,2.0,3.0,,,,1.0,,,,,2.0,,45.0,,,,,,,,,,,7.0,,,,,,,,3.0,,11.0,5.0,16.0,0,1.0,24.0,2.0,1.0,,
2015-16,6768382,35,4,Newcastle_United,Away,27014,Moussa Sissoko,moussa-sissoko,M,False,1.0,,2.0,19.0,10.0,28.0,,2.0,7.0,,,,,,,1.0,5.0,6.0,,,2.0,,,,,2.0,,,90.0,1.0,,,,,,,,,,6.8,,,,2.0,4.0,3.0,,3.0,,26.0,15.0,38.0,1,2.0,56.0,,,2.0,
2015-16,6768382,35,14,Liverpool,Home,27234,Lucas Leiva,lucas-leiva,M,True,,,,14.0,13.0,27.0,2.0,2.0,1.0,,,,,,,,3.0,3.0,,,1.0,,,,,2.0,1.0,,18.0,,,,,,,,,,,6.9,,,,,,,,,,18.0,13.0,31.0,0,1.0,37.0,2.0,,,
2015-16,6768382,35,4,Newcastle_United,Away,30262,Siem de Jong,siem-de-jong,M,True,,,,,,,,,,,,,,,,,,,,,,,,,,,,,,,,,,,,,,,,,,,,,,,,,,,,,0,,,,,,
2015-16,6768382,35,4,Newcastle_United,Away,36465,Jonjo Shelvey,jonjo-shelvey,M,True,,,,1.0,,1.0,1.0,,,,,,,,,,2.0,1.0,,,,,,,,,,,7.0,,,,,,,,,,,6.4,,,,,1.0,1.0,,,,3.0,,2.0,0,1.0,6.0,1.0,,,
2015-16,6768382,35,4,Newcastle_United,Away,40686,Jack Colback,jack-colback,M,False,,,,6.0,8.0,14.0,1.0,1.0,6.0,,,,3.0,,,1.0,11.0,7.0,,,6.0,,1.0,,,7.0,,,90.0,1.0,,,,,,,,,,7.2,,,,2.0,,,,,,14.0,15.0,29.0,1,4.0,47.0,,2.0,,
2015-16,6768382,35,14,Liverpool,Home,119159,Philippe Coutinho,philippe-coutinho,M,True,,,,8.0,3.0,11.0,,,1.0,,,2.0,,,,,,3.0,,,,,,,,,,,19.0,,,,,,,,,,,7.1,,,1.0,,2.0,,,,,13.0,3.0,16.0,3,1.0,23.0,,,2.0,
2015-16,6768382,35,14,Liverpool,Home,143697,Roberto Firmino,roberto-firmino,M,False,1.0,,1.0,23.0,11.0,33.0,3.0,,6.0,,,1.0,1.0,,,5.0,12.0,3.0,,,1.0,,,,,1.0,1.0,,90.0,,,,,,,,,,,6.3,,,,,2.0,3.0,,1.0,1.0,35.0,13.0,45.0,1,2.0,67.0,4.0,1.0,,
2015-16,6768382,35,14,Liverpool,Home,180011,Kevin Stewart,kevin-stewart,M,False,,,6.0,26.0,27.0,53.0,1.0,,6.0,,,1.0,,,,1.0,4.0,3.0,,,,,,,,1.0,,,90.0,,,,,,,,,,,6.7,,,1.0,3.0,3.0,,,11.0,,33.0,34.0,67.0,2,1.0,82.0,2.0,1.0,1.0,
2015-16,6768382,35,14,Liverpool,Home,185955,Jordon Ibe,jordon-ibe,M,True,,,,,,,,,,,,,,,,,,,,,,,,,,,,,,,,,,,,,,,,,,,,,,,,,,,,,0,,,,,,
2015-16,6768382,35,14,Liverpool,Home,787580,Connor Randall,connor-randall,M,False,,,5.0,13.0,14.0,27.0,2.0,1.0,2.0,,,,1.0,,,1.0,8.0,4.0,,,,,,,,1.0,1.0,,71.0,,,,,,,,,,,6.0,,,,,4.0,1.0,,8.0,,21.0,15.0,35.0,0,2.0,66.0,2.0,2.0,,
2015-16,6768384,35,80,Swansea_City,Away,20538,Leon Britton,leon-britton,M,False,,,1.0,34.0,41.0,75.0,1.0,1.0,16.0,,,,10.0,,,4.0,15.0,7.0,,,,,,,,7.0,,,90.0,,,,,,,,,,,6.1,,,,,1.0,1.0,,2.0,,37.0,46.0,82.0,0,5.0,104.0,2.0,,1.0,
2015-16,6768384,35,80,Swansea_City,Away,20993,Jack Cork,jack-cork,M,False,,,5.0,38.0,25.0,63.0,1.0,2.0,5.0,,,,,,,1.0,5.0,10.0,,,1.0,,,,,2.0,1.0,,90.0,,,,,,,,,,,7.2,,,,1.0,4.0,1.0,,7.0,,46.0,28.0,73.0,0,4.0,93.0,1.0,2.0,2.0,
2015-16,6768384,35,80,Swansea_City,Away,30243,Neil Taylor,neil-taylor,M,False,,,2.0,28.0,19.0,47.0,1.0,2.0,5.0,,,1.0,2.0,,,1.0,6.0,7.0,,,2.0,,,,,1.0,,,90.0,,,,,,,,,,,5.7,,,,2.0,1.0,1.0,,7.0,,39.0,23.0,61.0,1,1.0,87.0,,3.0,1.0,
2015-16,6768384,35,13,Leicester_City,Home,30530,Andy King,andy-king,M,True,,,,5.0,5.0,10.0,,,2.0,1.0,1.0,,,,,,1.0,1.0,,,,,,,,,1.0,,11.0,1.0,,,,,,,,,,7.0,,,2.0,,2.0,,,,,7.0,5.0,12.0,3,,17.0,,,1.0,
2015-16,6768384,35,80,Swansea_City,Away,31821,Leroy Fer,leroy-fer,M,False,,,1.0,18.0,10.0,28.0,1.0,1.0,2.0,,,,,,,2.0,4.0,5.0,,,1.0,,,,,2.0,,,45.0,,,,,,,,,,,6.7,,,,,,,,1.0,,20.0,10.0,30.0,0,3.0,40.0,,1.0,,
2015-16,6768384,35,80,Swansea_City,Away,38642,Sung-Yueng Ki,sung-yueng-ki,M,True,1.0,,1.0,13.0,3.0,15.0,,,1.0,1.0,,,,,,,,,,,,,,,,,1.0,,14.0,,,,,,,,,,,7.0,,,,1.0,,1.0,,1.0,,14.0,3.0,16.0,0,,19.0,,,,
2015-16,6768384,35,80,Swansea_City,Away,43192,Gylfi Sigurðsson,gylfi-sigursson,M,False,2.0,,,20.0,3.0,21.0,1.0,,4.0,,,1.0,1.0,,,3.0,6.0,,,,1.0,,,,,,1.0,,76.0,,,,,,,,,,,6.3,,,1.0,,,8.0,,1.0,,29.0,4.0,25.0,2,,45.0,5.0,,,
2015-16,6768384,35,13,Leicester_City,Home,47737,Marc Albrighton,marc-albrighton,M,True,,,1.0,8.0,3.0,11.0,,,3.0,,,,,,,,,,,,,,1.0,,,,,,8.0,1.0,,,,,,,,,,7.5,,,,,,,,2.0,,9.0,4.0,13.0,1,,14.0,,,,
2015-16,6768384,35,13,Leicester_City,Home,54330,Danny Drinkwater,danny-drinkwater,M,False,2.0,,4.0,29.0,33.0,60.0,1.0,,14.0,1.0,,1.0,2.0,,,3.0,7.0,7.0,,,1.0,1.0,,,,3.0,1.0,,90.0,,,,,,,,,,,7.8,,,,2.0,2.0,2.0,,14.0,,43.0,35.0,76.0,1,3.0,98.0,,2.0,2.0,
2015-16,6768384,35,80,Swansea_City,Away,54686,Jefferson Montero,jefferson-montero,M,True,,,,5.0,4.0,9.0,1.0,,1.0,,,1.0,1.0,,,3.0,8.0,6.0,,,,,,,,1.0,,,45.0,,,,,,,,,,,6.0,,,,,6.0,4.0,,,,11.0,5.0,12.0,1,1.0,34.0,2.0,2.0,3.0,
2015-16,6768384,35,13,Leicester_City,Home,148710,Jeffrey Schlupp,jeffrey-schlupp,M,False,,,,7.0,7.0,14.0,,,12.0,1.0,,,,,,3.0,8.0,14.0,,,1.0,1.0,,,,2.0,2.0,,82.0,1.0,,,,,,,,,,8.1,,,2.0,1.0,14.0,3.0,,3.0,,17.0,10.0,24.0,3,4.0,58.0,1.0,,10.0,
2015-16,6768384,35,13,Leicester_City,Home,158213,Riyad Mahrez,riyad-mahrez,M,False,,,3.0,23.0,7.0,30.0,1.0,1.0,11.0,,,,2.0,,,1.0,11.0,14.0,,,3.0,,1.0,,,5.0,3.0,,90.0,1.0,1.0,,,,,,,,,8.3,,,,,10.0,4.0,,5.0,1.0,32.0,10.0,38.0,1,4.0,68.0,,3.0,6.0,
2015-16,6768384,35,80,Swansea_City,Away,209098,Modou Barrow,modou-barrow,M,True,,,,,,,,,,,,,,,,,,,,,,,,,,,,,,,,,,,,,,,,,,,,,,,,,,,,,0,,,,,,
2015-16,6768384,35,13,Leicester_City,Home,234148,N'Golo Kanté,n-golo-kante,M,False,,,,10.0,16.0,26.0,,,16.0,,,,1.0,,,,3.0,4.0,,,2.0,,,,,8.0,,,90.0,,,,,,,,,,,7.5,,,,2.0,,,,1.0,,17.0,18.0,35.0,0,4.0,54.0,1.0,,,
2015-16,6768384,35,13,Leicester_City,Home,308526,Daniel Amartey,daniel-amartey,M,True,,,,,,,,,,,,,,,,,,,,,,,,,,,,,,,,,,,,,,,,,,,,,,,,,,,,,0,,,,,,
2015-16,6768384,35,13,Leicester_City,Home,355152,Demarai Gray,demarai-gray,M,True,1.0,,,3.0,1.0,3.0,,,1.0,1.0,1.0,,,,,,2.0,3.0,,,2.0,,,,,1.0,1.0,,17.0,1.0,,,,,,,,,,7.0,,,,,2.0,1.0,,,,4.0,1.0,4.0,1,,11.0,,1.0,2.0,
2015-16,6768385,35,20,Southampton,Away,559,Steven Davis,steven-davis,M,False,6.0,,2.0,39.0,25.0,58.0,1.0,,7.0,,,,,,,3.0,5.0,,,,1.0,,,,,1.0,2.0,,90.0,1.0,,,,,,,,,,7.0,,,,1.0,,11.0,,4.0,,50.0,27.0,66.0,1,,92.0,3.0,,,
2015-16,6768385,35,7,Aston_Villa,Home,24055,Scott Sinclair,scott-sinclair,M,False,,,,6.0,7.0,13.0,2.0,1.0,4.0,,,,,,,3.0,7.0,7.0,,,,,,,,1.0,1.0,,90.0,1.0,,,,,,,,,,7.0,,,1.0,1.0,6.0,1.0,,,,10.0,9.0,18.0,2,1.0,38.0,2.0,1.0,4.0,
2015-16,6768385,35,20,Southampton,Away,44760,Cédric Soares,cedric-soares,M,False,1.0,,1.0,15.0,12.0,26.0,4.0,2.0,3.0,2.0,,,1.0,1.0,,1.0,6.0,8.0,,,,1.0,,,,3.0,2.0,,90.0,,1.0,,,,,,,,,7.8,,,,1.0,1.0,6.0,,5.0,,27.0,14.0,35.0,0,5.0,61.0,,,1.0,
2015-16,6768385,35,20,Southampton,Away,45956,Victor Wanyama,victor-wanyama,M,False,,,1.0,8.0,11.0,19.0,4.0,,4.0,,,1.0,1.0,,,1.0,7.0,2.0,,,1.0,,,,,2.0,1.0,,45.0,,,,,,,,,,,6.5,,,,2.0,,1.0,,2.0,,11.0,11.0,21.0,1,2.0,31.0,,,,
2015-16,6768385,35,7,Aston_Villa,Home,49647,Ashley Westwood,ashley-westwood,M,False,2.0,,4.0,25.0,17.0,40.0,1.0,,7.0,1.0,,,2.0,,,2.0,5.0,4.0,,,,,2.0,,,4.0,2.0,,90.0,3.0,1.0,,,,,,,,,8.7,,,1.0,,1.0,5.0,,8.0,,33.0,20.0,48.0,4,1.0,71.0,,2.0,1.0,
2015-16,6768385,35,20,Southampton,Away,69416,Oriol Romeu,oriol-romeu,M,False,,,,24.0,32.0,56.0,2.0,1.0,11.0,,,,2.0,,,,5.0,9.0,,,1.0,,,,,5.0,1.0,,90.0,,,,,,,,,,,7.5,,,,3.0,1.0,,,1.0,,26.0,32.0,58.0,0,5.0,76.0,1.0,2.0,1.0,
2015-16,6768385,35,7,Aston_Villa,Home,74545,Leandro Bacuna,leandro-bacuna,M,False,1.0,,2.0,11.0,15.0,25.0,1.0,2.0,5.0,,1.0,1.0,,,,1.0,3.0,8.0,1.0,,,,,,,1.0,1.0,,90.0,,,,,,,,,,,6.4,,,1.0,,3.0,2.0,,5.0,,18.0,18.0,34.0,2,3.0,48.0,,1.0,2.0,
2015-16,6768385,35,7,Aston_Villa,Home,106337,Idrissa Gana Gueye,idrissa-gana-gueye,M,False,,,4.0,23.0,20.0,43.0,,,5.0,,,1.0,1.0,,,1.0,5.0,3.0,,,3.0,,,,,1.0,,,90.0,1.0,,,,,,,,,,6.5,,,,1.0,2.0,,,4.0,,25.0,21.0,46.0,2,2.0,56.0,1.0,,1.0,
2015-16,6768385,35,20,Southampton,Away,116946,Jordy Clasie,jordy-clasie,M,True,,,,16.0,17.0,33.0,,,5.0,,,,2.0,,,,2.0,2.0,,,,,,,,1.0,1.0,,45.0,,,,,,,,,,,6.6,,,,,,,,,,19.0,17.0,36.0,0,1.0,40.0,,1.0,,
2015-16,6768385,35,7,Aston_Villa,Home,151124,Jordan Veretout,jordan-veretout,M,True,,,,,,,,,,,,,,,,,,,,,,,,,,,,,,,,,,,,,,,,,,,,,,,,,,,,,0,,,,,,
2015-16,6768385,35,20,Southampton,Away,161717,James Ward-Prowse,james-ward-prowse,M,True,,,,,,,,,,,,,,,,,,,,,,,,,,,,,,,,,,,,,,,,,,,,,,,,,,,,,0,,,,,,
2015-16,6768385,35,7,Aston_Villa,Home,189061,Jack Grealish,jack-grealish,M,True,2.0,,,6.0,3.0,7.0,,,2.0,1.0,,,1.0,,,1.0,3.0,,,,,,,,,1.0,1.0,,22.0,,,,,,,,,,,6.3,,,,,1.0,6.0,,,,12.0,3.0,9.0,0,,19.0,,,,
2015-16,6768385,35,20,Southampton,Away,217704,Sadio Mané,sadio-mane,M,True,,,,7.0,2.0,9.0,1.0,,2.0,,,,,,,,4.0,2.0,,,1.0,,1.0,,,1.0,,,20.0,1.0,,,,,,,,,,7.0,,,,,4.0,1.0,,,,13.0,2.0,14.0,1,1.0,23.0,,,1.0,
2015-16,6768385,35,7,Aston_Villa,Home,254895,Carles Gil,carles-gil,M,True,,,,,,,,,,,,,,,,,,,,,,,,,,,,,,,,,,,,,,,,,,,,,,,,,,,,,0,,,,,,
2015-16,6768385,35,7,Aston_Villa,Home,827284,Jordan Lyden,jordan-lyden,M,True,,,,,,,,,,,,,,,,,,,,,,,,,,,,,,,,,,,,,,,,,,,,,,,,,,,,,0,,,,,,
2015-16,7030795,35,1,Manchester_United,Away,938,Michael Carrick,michael-carrick,M,True,,,2.0,11.0,12.0,23.0,,,4.0,,,,1.0,,,,1.0,,,,,,,,,,,,45.0,,1.0,,,,,,,,,6.4,,,,2.0,,,,4.0,,18.0,12.0,30.0,0,,35.0,,,,
2015-16,7030795,35,21,West_Ham_United,Home,9741,Mark Noble,mark-noble,M,False,1.0,,,15.0,10.0,24.0,,2.0,7.0,,,,2.0,,,4.0,7.0,12.0,,,1.0,,,,,1.0,1.0,,90.0,,,,,,,,,,,7.1,,,1.0,,1.0,2.0,,,1.0,22.0,12.0,32.0,1,5.0,57.0,3.0,4.0,1.0,
2015-16,7030795,35,21,West_Ham_United,Home,14216,Dimitri Payet,dimitri-payet,M,False,7.0,,,17.0,6.0,16.0,1.0,,4.0,2.0,,1.0,2.0,,,1.0,6.0,1.0,,,,2.0,,,,1.0,8.0,,89.0,1.0,,,,,,,,,,8.5,,,4.0,,2.0,11.0,,2.0,,27.0,7.0,23.0,6,,47.0,1.0,1.0,,
2015-16,7030795,35,1,Manchester_United,Away,27009,Morgan Schneiderlin,morgan-schneiderlin,M,False,,,,6.0,13.0,19.0,1.0,,3.0,,,,,,,,2.0,1.0,,,1.0,,,,,4.0,,,45.0,,,,,,,,,,,6.7,,,,3.0,,,,1.0,,8.0,14.0,22.0,0,1.0,31.0,,,,
2015-16,7030795,35,1,Manchester_United,Away,28367,Juan Mata,juan-mata,M,False,,,2.0,21.0,16.0,37.0,1.0,,8.0,1.0,,,,,,1.0,3.0,5.0,,,1.0,1.0,,,,,1.0,,90.0,,,,,,,,,,,7.2,,,,1.0,2.0,,,5.0,,28.0,20.0,48.0,0,2.0,58.0,,1.0,2.0,
2015-16,7030795,35,21,West_Ham_United,Home,45944,Cheikhou Kouyaté,cheikhou-kouyate,M,False,,,1.0,15.0,10.0,25.0,,1.0,7.0,,,,,,,2.0,4.0,7.0,,,1.0,,,,,2.0,,,90.0,,,,,,,,,,,7.0,,,1.0,,2.0,,,2.0,,20.0,13.0,33.0,1,4.0,50.0,,1.0,1.0,
2015-16,7030795,35,21,West_Ham_United,Home,46799,Pedro Obiang,pedro-obiang,M,True,,,,1.0,,1.0,,,,,,,,,,,,1.0,,,,,,,,1.0,,,6.0,,,,,,,,,,,6.7,,,,,,,,2.0,,3.0,,3.0,0,1.0,6.0,,,,
2015-16,7030795,35,1,Manchester_United,Away,82474,Ander Herrera,ander-herrera,M,False,,,1.0,11.0,12.0,23.0,,,2.0,,,,1.0,,,2.0,9.0,4.0,,,5.0,,,,,2.0,,,83.0,,,,,,,,,,,6.2,,,,,2.0,,,4.0,,19.0,16.0,35.0,0,3.0,51.0,4.0,,1.0,
2015-16,7030795,35,1,Manchester_United,Away,191176,Anthony Martial,anthony-martial,M,False,,,,16.0,7.0,23.0,1.0,3.0,5.0,,,,1.0,1.0,,2.0,7.0,7.0,,1.0,3.0,,2.0,,,,,,90.0,2.0,1.0,,,,,,,,,7.7,,,,1.0,3.0,2.0,,,2.0,26.0,8.0,32.0,2,1.0,52.0,3.0,1.0,2.0,
2015-16,7030795,35,21,West_Ham_United,Home,220315,Manuel Lanzini,manuel-lanzini,M,False,,,,23.0,12.0,35.0,2.0,,8.0,1.0,,,,,,2.0,5.0,5.0,,,,1.0,,,,1.0,2.0,,84.0,,,,,,,,,,,7.6,,,2.0,,3.0,,,,,31.0,14.0,45.0,2,2.0,60.0,1.0,1.0,2.0,
2015-16,7030795,35,1,Manchester_United,Away,328145,Adnan Januzaj,adnan-januzaj,M,True,,,,1.0,,1.0,,,,,,,,,,,,,,,,,,,,,,,3.0,,,,,,,,,,,6.5,,,,,,,,,,1.0,,1.0,0,,1.0,,,,
2015-16,7038620,35,11,Everton,Away,544,Gareth Barry,gareth-barry,M,False,,,10.0,33.0,20.0,53.0,,1.0,6.0,,,,,,,2.0,3.0,6.0,,,1.0,,,,,1.0,,,90.0,,1.0,,,,,,,,,7.7,,,,5.0,,,,12.0,,41.0,25.0,66.0,0,4.0,82.0,2.0,1.0,,
2015-16,7038620,35,11,Everton,Away,1924,Steven Pienaar,steven-pienaar,M,True,,,,,,,,,,,,,,,,,,,,,,,,,,,,,,,,,,,,,,,,,,,,,,,,,,,,,0,,,,,,
2015-16,7038620,35,31,Crystal_Palace,Home,3574,Yohan Cabaye,yohan-cabaye,M,False,1.0,,4.0,38.0,20.0,57.0,,,5.0,,,1.0,4.0,,,,6.0,8.0,,,2.0,,,,,4.0,2.0,,90.0,1.0,,,,,,,,,,7.4,,,1.0,,,3.0,,5.0,,44.0,21.0,62.0,3,5.0,81.0,,3.0,,
2015-16,7038620,35,11,Everton,Away,3593,Kevin Mirallas,kevin-mirallas,M,True,,,,,,,,,,,,,,,,,,,,,,,,,,,,,4.0,,,,,,,,,,,6.5,,,,,,,,,,,,,0,,,,,,
2015-16,7038620,35,11,Everton,Away,9692,Aaron Lennon,aaron-lennon,M,False,,,,8.0,7.0,15.0,1.0,,2.0,,,,2.0,,,,4.0,7.0,,,1.0,,,,,2.0,,,69.0,,,,,,,,,,,7.1,,,,2.0,1.0,,,,,9.0,7.0,16.0,0,4.0,27.0,,2.0,1.0,
2015-16,7038620,35,31,Crystal_Palace,Home,9921,Joe Ledley,joe-ledley,M,True,,,,,,,,,,,,,,,,,,,,,,,,,,,,,,,,,,,,,,,,,,,,,,,,,,,,,0,,,,,,
2015-16,7038620,35,31,Crystal_Palace,Home,19593,Jason Puncheon,jason-puncheon,M,False,2.0,,2.0,55.0,14.0,67.0,,2.0,12.0,,1.0,1.0,,,,2.0,6.0,14.0,,,1.0,,,,,,7.0,,90.0,3.0,,,,,,,,,,8.3,,,,1.0,8.0,12.0,,2.0,,75.0,15.0,78.0,4,6.0,121.0,4.0,1.0,5.0,
2015-16,7038620,35,31,Crystal_Palace,Home,38639,Chung-yong Lee,chung-yong-lee,M,True,,,,,,,,,,,,,,,,,,,,,,,,,,,,,,,,,,,,,,,,,,,,,,,,,,,,,0,,,,,,
2015-16,7038620,35,11,Everton,Away,39283,James McCarthy,james-mccarthy,M,False,,,2.0,14.0,14.0,28.0,1.0,,2.0,,,,1.0,,,1.0,6.0,,,,3.0,,,,,2.0,1.0,,52.0,,,,,,,,,,,6.1,,,,1.0,,,,2.0,,14.0,14.0,28.0,0,,34.0,,,,
2015-16,7038620,35,31,Crystal_Palace,Home,84686,Pape Souaré,pape-souare,M,False,2.0,,1.0,33.0,23.0,54.0,,1.0,7.0,,,,,,,,,4.0,,,,,,,,,2.0,,90.0,,,,,,,,,,,7.3,,,,3.0,,10.0,,5.0,,48.0,24.0,62.0,0,3.0,90.0,2.0,,,
2015-16,7038620,35,11,Everton,Away,98435,Ross Barkley,ross-barkley,M,False,1.0,,1.0,35.0,11.0,45.0,2.0,,6.0,,,1.0,,,,1.0,6.0,5.0,,1.0,1.0,,,,1.0,,3.0,,86.0,,,,,,,,,,,7.4,,,1.0,1.0,6.0,5.0,,2.0,,47.0,15.0,57.0,2,,76.0,,1.0,4.0,
2015-16,7038620,35,31,Crystal_Palace,Home,111850,Wilfried Zaha,wilfried-zaha,M,False,1.0,,,13.0,2.0,14.0,,,8.0,,,,1.0,,,3.0,6.0,6.0,,,,,,,,,1.0,,77.0,,,,,,,,,,,6.7,,,1.0,,4.0,7.0,,,,22.0,2.0,17.0,1,1.0,45.0,3.0,3.0,2.0,
2015-16,7038620,35,11,Everton,Away,124960,Muhamed Bešić,muhamed-besic,M,True,,,3.0,9.0,7.0,16.0,,,5.0,,,,1.0,,,2.0,3.0,,,,,,,,,1.0,,,36.0,,,,,,,,,,,6.4,,,,1.0,,,,3.0,,9.0,8.0,17.0,0,,23.0,,,,
2015-16,6768337,36,14,Liverpool,Away,17054,Adam Lallana,adam-lallana,M,True,,,,,,,,,,,,,,,,,,,,,,,,,,,,,,,,,,,,,,,,,,,,,,,,,,,,,0,,,,,,
2015-16,6768337,36,80,Swansea_City,Home,20538,Leon Britton,leon-britton,M,False,,,2.0,35.0,19.0,54.0,,,7.0,,,,3.0,,,1.0,6.0,5.0,,,2.0,,,,,1.0,,,89.0,,1.0,,,,,,,,,6.8,,,,,,,,4.0,,38.0,21.0,59.0,0,4.0,71.0,1.0,1.0,,
2015-16,6768337,36,80,Swansea_City,Home,20993,Jack Cork,jack-cork,M,False,1.0,,8.0,36.0,29.0,64.0,2.0,2.0,11.0,,1.0,1.0,3.0,,,3.0,10.0,7.0,,,2.0,,1.0,,,3.0,2.0,,90.0,2.0,,,,,,,,,,7.5,,,,1.0,2.0,2.0,,10.0,,47.0,31.0,76.0,3,3.0,96.0,,,2.0,
2015-16,6768337,36,14,Liverpool,Away,27234,Lucas Leiva,lucas-leiva,M,True,,,,20.0,22.0,42.0,,,4.0,,,,2.0,,,,2.0,2.0,,,,,,,,3.0,,,45.0,,1.0,,,,,,,,,6.8,,,,,,,,,,23.0,23.0,46.0,0,1.0,54.0,1.0,1.0,,
2015-16,6768337,36,80,Swansea_City,Home,30243,Neil Taylor,neil-taylor,M,False,2.0,,1.0,25.0,8.0,31.0,,1.0,3.0,1.0,,1.0,3.0,,,3.0,7.0,1.0,,,1.0,,,,,4.0,1.0,,90.0,,,,,,,,,,,6.2,,,,1.0,,2.0,,3.0,,34.0,8.0,40.0,1,,64.0,1.0,,,
2015-16,6768337,36,80,Swansea_City,Home,38642,Sung-Yueng Ki,sung-yueng-ki,M,True,,,,,,,,,,,,,,,,,,,,,,,,,,,,,,,,,,,,,,,,,,,,,,,,,,,,,0,,,,,,
2015-16,6768337,36,80,Swansea_City,Home,43192,Gylfi Sigurðsson,gylfi-sigursson,M,False,2.0,,,31.0,10.0,39.0,,,6.0,2.0,,1.0,1.0,,,,2.0,3.0,,,1.0,1.0,,,,1.0,3.0,,90.0,2.0,,,,,,,,,,8.0,,,1.0,,,6.0,,,,41.0,10.0,45.0,4,2.0,62.0,2.0,1.0,,
2015-16,6768337,36,80,Swansea_City,Home,54686,Jefferson Montero,jefferson-montero,M,False,1.0,,,14.0,5.0,18.0,1.0,1.0,4.0,,,1.0,1.0,,,2.0,7.0,4.0,,,,,,,,1.0,1.0,,73.0,2.0,,,,,,,,,,6.5,,,,,3.0,3.0,,,1.0,19.0,5.0,21.0,3,2.0,44.0,4.0,1.0,,
2015-16,6768337,36,14,Liverpool,Away,97006,João Carlos Teixeira,joao-carlos-teixeira,M,True,,,,,,,,,,,,,,,,,,,,,,,,,,,,,,,,,,,,,,,,,,,,,,,,,,,,,0,,,,,,
2015-16,6768337,36,14,Liverpool,Away,119159,Philippe Coutinho,philippe-coutinho,M,False,1.0,,,9.0,5.0,13.0,1.0,,1.0,,,1.0,,,,,3.0,5.0,,,,,,,,,2.0,,45.0,,,,,,,,,,,6.9,,,,2.0,5.0,1.0,,,,13.0,7.0,19.0,1,,34.0,2.0,2.0,3.0,
2015-16,6768337,36,80,Swansea_City,Home,164291,Jay Fulton,jay-fulton,M,True,,,,3.0,2.0,5.0,,,,,,,,,,,1.0,,,,1.0,,,,,,,,1.0,,,,,,,,,,,,,,,,,,,,,3.0,2.0,5.0,0,,5.0,,,,
2015-16,6768337,36,14,Liverpool,Away,180011,Kevin Stewart,kevin-stewart,M,False,,,,18.0,33.0,51.0,,1.0,5.0,,,1.0,,,,,,9.0,,,1.0,,,,,2.0,2.0,,90.0,,,,,,,,,,,7.5,,,,3.0,,1.0,,2.0,,22.0,36.0,57.0,1,6.0,84.0,3.0,2.0,,
2015-16,6768337,36,14,Liverpool,Away,185955,Jordon Ibe,jordon-ibe,M,False,1.0,,1.0,16.0,12.0,27.0,,,7.0,,,,,,,2.0,6.0,5.0,,,,,,,,,2.0,,80.0,1.0,,,,,,,,,,6.5,,,,,8.0,3.0,,2.0,,21.0,13.0,31.0,1,1.0,50.0,1.0,,4.0,
2015-16,6768337,36,80,Swansea_City,Home,209098,Modou Barrow,modou-barrow,M,True,,,,,,,,,,,,,,,,,,,,,,,,,,,,,,,,,,,,,,,,,,,,,,,,,,,,,0,,,,,,
2015-16,6768337,36,14,Liverpool,Away,372522,Cameron Brannagan,cameron-brannagan,M,True,,,2.0,3.0,7.0,10.0,,,1.0,,,,1.0,,,,1.0,1.0,,,,,,,,1.0,,,10.0,,,,,,,,,,,6.7,,,,,,,,3.0,,4.0,7.0,11.0,0,1.0,13.0,,,,
2015-16,6768337,36,14,Liverpool,Away,799216,Pedro Chirivella,pedro-chirivella,M,False,,,2.0,9.0,15.0,24.0,,,3.0,,,,,,,2.0,2.0,,,1.0,,,,,,,,,45.0,,,,,,,,,,,6.0,,,,1.0,,,,6.0,,13.0,20.0,33.0,0,,37.0,1.0,,,
2015-16,6768339,36,11,Everton,Home,1161,Leon Osman,leon-osman,M,True,,,,,,,,,,,,,,,,,,,,,,,,,,,,,,,,,,,,,,,,,,,,,,,,,,,,,0,,,,,,
2015-16,6768339,36,11,Everton,Home,3593,Kevin Mirallas,kevin-mirallas,M,True,,,,,,,,,,,,,,,,,,,,,,,,,,,,,,,,,,,,,,,,,,,,,,,,,,,,,0,,,,,,
2015-16,6768339,36,11,Everton,Home,9692,Aaron Lennon,aaron-lennon,M,False,,,1.0,28.0,9.0,37.0,1.0,,5.0,,,,2.0,,,,3.0,2.0,,,,,,,,1.0,1.0,,90.0,1.0,,,,,,,,,,6.7,,,,,,,,2.0,,35.0,10.0,45.0,1,1.0,53.0,,1.0,,
2015-16,6768339,36,91,Bournemouth,Away,11764,Marc Pugh,marc-pugh,M,False,,,2.0,10.0,9.0,19.0,1.0,1.0,4.0,,,,,,,1.0,3.0,4.0,,,,,1.0,,,,,,68.0,1.0,,,,,,,,,,7.2,,,,1.0,1.0,,,5.0,,13.0,14.0,27.0,1,3.0,38.0,2.0,,,
2015-16,6768339,36,91,Bournemouth,Away,14695,Andrew Surman,andrew-surman,M,False,,,6.0,28.0,17.0,45.0,1.0,2.0,10.0,,,,1.0,,,2.0,6.0,5.0,,,1.0,,,,,1.0,1.0,,90.0,,,,,,,,,,,6.8,,,,2.0,1.0,,,7.0,,34.0,18.0,52.0,0,3.0,65.0,,,,
2015-16,6768339,36,11,Everton,Home,21073,Darron Gibson,darron-gibson,M,False,,,14.0,34.0,37.0,71.0,,4.0,5.0,,,,1.0,,,1.0,4.0,5.0,,,2.0,,,,,,1.0,,90.0,,1.0,,,,,,,,,7.0,,,,3.0,,,,22.0,,44.0,39.0,83.0,0,1.0,93.0,2.0,,,
2015-16,6768339,36,91,Bournemouth,Away,39121,Harry Arter,harry-arter,M,False,1.0,,3.0,28.0,25.0,52.0,,,6.0,,,,2.0,,,1.0,4.0,4.0,,,1.0,,,,,2.0,1.0,,90.0,,,,,,,,,,,6.8,,,,,,1.0,,6.0,,36.0,26.0,61.0,0,3.0,75.0,2.0,1.0,,
2015-16,6768339,36,11,Everton,Home,39283,James McCarthy,james-mccarthy,M,False,,,1.0,25.0,26.0,51.0,,,4.0,,,,,,,1.0,2.0,3.0,,,2.0,,,,,1.0,1.0,,90.0,,2.0,,,,,,,,,6.9,,,,,,1.0,,3.0,,30.0,28.0,57.0,0,3.0,68.0,2.0,,,
2015-16,6768339,36,91,Bournemouth,Away,41628,Eunan O'Kane,eunan-okane,M,True,,,,,,,,,,,,,,,,,,,,,,,,,,,,,,,,,,,,,,,,,,,,,,,,,,,,,0,,,,,,
2015-16,6768339,36,91,Bournemouth,Away,42699,Matt Ritchie,matt-ritchie,M,False,1.0,,1.0,22.0,13.0,34.0,1.0,1.0,7.0,,,4.0,2.0,,,3.0,7.0,3.0,,,1.0,,,,,,,,90.0,1.0,,,,,,,,,,6.3,,,1.0,2.0,1.0,5.0,,4.0,,32.0,14.0,41.0,6,,63.0,,1.0,1.0,
2015-16,6768339,36,91,Bournemouth,Away,44823,Junior Stanislas,junior-stanislas,M,True,,,1.0,7.0,4.0,11.0,,,3.0,,,2.0,,,,,1.0,3.0,,,,,,,,1.0,,,22.0,,,,,,,,,,,6.9,,,1.0,,4.0,3.0,,1.0,,14.0,4.0,15.0,3,,27.0,1.0,,3.0,
2015-16,6768339,36,11,Everton,Home,46432,Tom Cleverley,tom-cleverley,M,False,,,3.0,29.0,18.0,47.0,1.0,3.0,5.0,,,,2.0,,,,3.0,7.0,,,,1.0,1.0,,,,1.0,,90.0,1.0,,,,,,,,,,8.0,,,2.0,,1.0,2.0,,3.0,,35.0,21.0,54.0,3,1.0,66.0,2.0,2.0,1.0,
2015-16,6768339,36,11,Everton,Home,98435,Ross Barkley,ross-barkley,M,False,,,3.0,26.0,10.0,36.0,1.0,,2.0,,1.0,2.0,2.0,,,4.0,8.0,5.0,,,,1.0,,,,1.0,3.0,,87.0,1.0,,,,,,,,,,7.1,,,1.0,1.0,6.0,,,4.0,,34.0,11.0,45.0,4,,63.0,2.0,,5.0,
2015-16,6768339,36,11,Everton,Home,124960,Muhamed Bešić,muhamed-besic,M,False,,,4.0,8.0,14.0,22.0,,1.0,3.0,,,,,,,3.0,3.0,3.0,,,,,,,,1.0,,,45.0,,,,,,,,,,,6.6,,,,,,2.0,,5.0,,16.0,15.0,29.0,0,2.0,41.0,,,,
2015-16,6768339,36,11,Everton,Home,784503,Kieran Dowell,kieran-dowell,M,True,,,,2.0,,2.0,1.0,,,,,,2.0,,,1.0,4.0,,,,,,,,,,,,3.0,,,,,,,,,,,5.9,,,,,,,,,,2.0,,2.0,0,,3.0,,,,
2015-16,6768354,36,8,Chelsea,Home,518,Cesc Fàbregas,cesc-fabregas,M,False,3.0,,4.0,33.0,15.0,45.0,1.0,1.0,4.0,,,1.0,1.0,,,,3.0,10.0,,,1.0,,,,,,3.0,,90.0,,,,,,,,,,,7.8,,,2.0,1.0,,5.0,,7.0,,46.0,17.0,58.0,3,5.0,82.0,2.0,4.0,,
2015-16,6768354,36,8,Chelsea,Home,7311,John Obi Mikel,john-obi-mikel,M,False,,,2.0,10.0,19.0,29.0,,,9.0,,,,1.0,,,,2.0,6.0,,,1.0,,,,,2.0,,,90.0,,,,,,,,,,,7.2,,,,1.0,2.0,,,4.0,,15.0,20.0,35.0,0,4.0,47.0,1.0,,2.0,
2015-16,6768354,36,6,Tottenham_Hotspur,Away,9865,Mousa Dembélé,mousa-dembele,M,False,,,3.0,19.0,14.0,33.0,2.0,,4.0,,,,2.0,,,3.0,9.0,2.0,,,2.0,,,,,,1.0,,90.0,,,,,,,,,,,6.0,,,,1.0,1.0,,,4.0,,21.0,14.0,35.0,0,,44.0,,1.0,1.0,
2015-16,6768354,36,8,Chelsea,Home,31417,Willian,willian,M,False,2.0,,2.0,13.0,10.0,21.0,2.0,,8.0,1.0,,1.0,,,,2.0,8.0,10.0,,,,1.0,,,,,2.0,,90.0,1.0,,,,,,,,,,7.2,,,1.0,,8.0,6.0,,4.0,,20.0,12.0,26.0,3,2.0,58.0,2.0,4.0,4.0,
2015-16,6768354,36,6,Tottenham_Hotspur,Away,32492,Nacer Chadli,nacer-chadli,M,True,,,,,,,,,,,,,,,,,,,,,,,,,,,,,1.0,,,,,,,,,,,,,,,,,,,,,,,,0,,,,,,
2015-16,6768354,36,8,Chelsea,Home,39400,Oscar,oscar,M,True,,,,1.0,2.0,3.0,1.0,1.0,,,,,,,,1.0,2.0,4.0,,,,,,,,,,,12.0,,,,,,,,,,,6.6,,,,,,,,1.0,,2.0,2.0,4.0,0,3.0,10.0,1.0,,,
2015-16,6768354,36,8,Chelsea,Home,44241,Nemanja Matić,nemanja-matic,M,False,,,1.0,11.0,19.0,30.0,3.0,2.0,7.0,,,,1.0,,,1.0,6.0,4.0,,,,,,,,2.0,1.0,,78.0,,,,,,,,,,,6.6,,,,,1.0,1.0,,2.0,,17.0,19.0,35.0,0,2.0,44.0,,,,
2015-16,6768354,36,6,Tottenham_Hotspur,Away,44567,Ryan Mason,ryan-mason,M,True,,,,3.0,4.0,7.0,,,1.0,,,,1.0,,,1.0,5.0,2.0,,,2.0,,,,,,,,25.0,1.0,,,,,,,,,,6.4,,,,,1.0,,,,,3.0,5.0,8.0,1,1.0,14.0,,1.0,,
2015-16,6768354,36,6,Tottenham_Hotspur,Away,105734,Christian Eriksen,christian-eriksen,M,False,1.0,,1.0,22.0,6.0,27.0,2.0,2.0,6.0,1.0,,2.0,1.0,,,,7.0,7.0,,,3.0,1.0,,,,1.0,2.0,,90.0,,,,,,,,,,,7.2,,,1.0,,3.0,6.0,,2.0,,34.0,7.0,35.0,3,2.0,59.0,3.0,1.0,2.0,
2015-16,6768354,36,6,Tottenham_Hotspur,Away,122702,Erik Lamela,erik-lamela,M,False,1.0,,2.0,20.0,11.0,30.0,2.0,1.0,6.0,1.0,,1.0,3.0,,,6.0,13.0,4.0,,,2.0,1.0,,,,,5.0,,90.0,,,,,,,,,,,6.3,,,,,,6.0,,3.0,,34.0,12.0,40.0,1,1.0,61.0,,2.0,,
2015-16,6768354,36,8,Chelsea,Home,284441,Ruben Loftus-Cheek,ruben-loftus-cheek,M,True,,,,,,,,,,,,,,,,,,,,,,,,,,,,,,,,,,,,,,,,,,,,,,,,,,,,,0,,,,,,
2015-16,6768354,36,8,Chelsea,Home,801391,Kenedy,kenedy,M,True,,,,,,,,,,,,,,,,,,,,,,,,,,,,,,,,,,,,,,,,,,,,,,,,,,,,,0,,,,,,
2015-16,6768354,36,6,Tottenham_Hotspur,Away,801460,Tom Carroll,carroll-tom,M,True,,,,,,,,,,,,,,,,,,,,,,,,,,,,,,,,,,,,,,,,,,,,,,,,,,,,,0,,,,,,
2015-16,6768358,36,35,West_Bromwich_Albion,Home,765,Darren Fletcher,darren-fletcher,M,False,,,6.0,11.0,11.0,22.0,2.0,,6.0,,,,3.0,,,2.0,7.0,2.0,,,,,,,,,,,90.0,,,,,,,,,,,6.1,,,,1.0,1.0,,,12.0,,25.0,15.0,40.0,0,1.0,46.0,,,1.0,
2015-16,6768358,36,21,West_Ham_United,Away,9741,Mark Noble,mark-noble,M,False,,,9.0,29.0,33.0,62.0,,,12.0,,,,3.0,,,,3.0,8.0,,,,,2.0,,,2.0,,,90.0,3.0,1.0,,,,,,,,,9.2,,,,1.0,3.0,,,13.0,,37.0,35.0,72.0,3,3.0,89.0,1.0,2.0,3.0,
2015-16,6768358,36,21,West_Ham_United,Away,14216,Dimitri Payet,dimitri-payet,M,False,1.0,,2.0,26.0,13.0,38.0,1.0,,2.0,2.0,,1.0,,,,,1.0,3.0,,,,1.0,,,,,2.0,,81.0,,,,,,,,,,,7.7,,,,,3.0,8.0,,3.0,,36.0,13.0,41.0,1,,57.0,1.0,,3.0,
2015-16,6768358,36,35,West_Bromwich_Albion,Home,14235,Craig Gardner,craig-gardner,M,False,1.0,,,10.0,8.0,17.0,2.0,,5.0,,2.0,1.0,,,,1.0,5.0,1.0,,,2.0,,,,,,1.0,,78.0,3.0,,,,,,,,,,6.4,,,1.0,,1.0,3.0,,5.0,1.0,22.0,8.0,27.0,5,,43.0,4.0,,1.0,
2015-16,6768358,36,35,West_Bromwich_Albion,Home,16657,Stéphane Sessègnon,stephane-sessegnon,M,True,3.0,,,6.0,1.0,4.0,,,2.0,1.0,,1.0,,,,,2.0,1.0,,,,,,,,,2.0,,12.0,1.0,,,,,,,,,,7.2,,,,,3.0,3.0,,,,7.0,2.0,6.0,2,,16.0,1.0,,1.0,
2015-16,6768358,36,35,West_Bromwich_Albion,Home,41631,James McClean,james-mcclean,M,False,1.0,,,6.0,4.0,9.0,1.0,,5.0,,,,2.0,,,,5.0,3.0,,,1.0,,,,,,1.0,,61.0,,,,,,,,,,,6.0,,,,,2.0,7.0,,,,18.0,5.0,16.0,0,2.0,34.0,3.0,,1.0,
2015-16,6768358,36,35,West_Bromwich_Albion,Home,43301,Sandro,sandro,M,True,,,,7.0,7.0,14.0,2.0,2.0,4.0,,,,,,,,2.0,3.0,,,,,,,,1.0,,,28.0,,,,,,,,,,,6.7,,,2.0,2.0,,,,,,13.0,9.0,22.0,2,1.0,32.0,,,,
2015-16,6768358,36,21,West_Ham_United,Away,45944,Cheikhou Kouyaté,cheikhou-kouyate,M,False,,,3.0,20.0,21.0,41.0,1.0,4.0,13.0,1.0,,,3.0,,,2.0,8.0,8.0,,,1.0,1.0,1.0,,,5.0,1.0,,90.0,1.0,,,,,,,,,,8.3,,,,4.0,2.0,,,7.0,,28.0,25.0,53.0,1,3.0,77.0,2.0,,1.0,
2015-16,6768358,36,35,West_Bromwich_Albion,Home,151037,Claudio Yacob,claudio-yacob,M,False,,,3.0,14.0,7.0,21.0,,,3.0,,,,5.0,,,,6.0,2.0,,,1.0,,,,,3.0,,,62.0,,,,,,,,,,,6.2,,,,,,,,5.0,,20.0,10.0,30.0,0,1.0,35.0,,1.0,,
2015-16,6768358,36,21,West_Ham_United,Away,220315,Manuel Lanzini,manuel-lanzini,M,False,1.0,,2.0,33.0,19.0,51.0,1.0,1.0,3.0,,,,1.0,,,,2.0,6.0,,,,,,,,1.0,1.0,,87.0,,1.0,,,,,,,,,7.4,,,,,2.0,2.0,,2.0,,39.0,21.0,58.0,0,2.0,70.0,2.0,1.0,2.0,
2015-16,6768365,36,45,Norwich_City,Away,9148,Graham Dorrans,graham-dorrans,M,True,,,,,,,,,,,,,,,,,,,,,,,,,,,,,,,,,,,,,,,,,,,,,,,,,,,,,0,,,,,,
2015-16,6768365,36,3,Arsenal,Home,10501,Theo Walcott,theo-walcott,M,True,,,,,,,,,,,,,,,,,,,,,,,,,,,,,,,,,,,,,,,,,,,,,,,,,,,,,0,,,,,,
2015-16,6768365,36,45,Norwich_City,Away,14336,Wesley Hoolahan,wesley-hoolahan,M,False,,,,18.0,6.0,24.0,2.0,,5.0,,,,2.0,,,3.0,7.0,1.0,,,,,,,,1.0,,,68.0,,,,,,,,,,,6.3,,,,,,1.0,,1.0,,28.0,8.0,35.0,0,,44.0,1.0,1.0,,
2015-16,6768365,36,3,Arsenal,Home,16176,Mesut Özil,mesut-ozil,M,False,5.0,,3.0,64.0,12.0,71.0,,,7.0,,,,,,,1.0,5.0,2.0,,,2.0,,,,,1.0,5.0,,90.0,,,,,,,,,,,7.5,,,1.0,,2.0,11.0,,5.0,,80.0,14.0,83.0,1,1.0,104.0,2.0,1.0,,
2015-16,6768365,36,3,Arsenal,Home,17651,Santi Cazorla,santi-cazorla,M,True,,,,,,,,,,,,,,,,,,,,,,,,,,,,,,,,,,,,,,,,,,,,,,,,,,,,,0,,,,,,
2015-16,6768365,36,45,Norwich_City,Away,18712,Youssouf Mulumbu,youssouf-mulumbu,M,True,,,,,,,,,,,,,,,,,,,,,,,,,,,,,,,,,,,,,,,,,,,,,,,,,,,,,0,,,,,,
2015-16,6768365,36,45,Norwich_City,Away,20095,Matt Jarvis,matt-jarvis,M,True,1.0,,,3.0,1.0,3.0,,,,,,,,,,,,,,,,,,,,,1.0,,1.0,,,,,,,,,,,,,,,,,2.0,,,,4.0,1.0,3.0,0,,5.0,,,,
2015-16,6768365,36,3,Arsenal,Home,23571,Aaron Ramsey,aaron-ramsey,M,False,,,1.0,66.0,25.0,91.0,2.0,1.0,9.0,,,,1.0,,,,5.0,4.0,,,1.0,,,,,2.0,1.0,,90.0,,1.0,,,,,,,,,7.4,,,,2.0,2.0,,,1.0,,77.0,26.0,103.0,0,2.0,118.0,3.0,,1.0,
2015-16,6768365,36,45,Norwich_City,Away,29691,Gary O'Neil,gary-oneil,M,False,,,4.0,16.0,16.0,32.0,2.0,,11.0,,,1.0,2.0,,,,7.0,3.0,,,2.0,,,,,5.0,,,90.0,,,,,,,,,,,6.8,,,1.0,1.0,1.0,,,6.0,,20.0,18.0,38.0,2,2.0,56.0,1.0,1.0,,
2015-16,6768365,36,3,Arsenal,Home,38094,Jack Wilshere,jack-wilshere,M,True,,,,,,,,,,,,,,,,,,,,,,,,,,,,,,,,,,,,,,,,,,,,,,,,,,,,,0,,,,,,
2015-16,6768365,36,3,Arsenal,Home,40672,Francis Coquelin,francis-coquelin,M,True,,,,,2.0,2.0,,,1.0,,,,,,,,,1.0,,,,,,,,,,,6.0,,,,,,,,,,,6.7,,,,1.0,1.0,,,,,,2.0,2.0,0,,4.0,,,1.0,
2015-16,6768365,36,45,Norwich_City,Away,115346,Nathan Redmond,nathan-redmond,M,False,2.0,,2.0,18.0,4.0,20.0,1.0,,3.0,,,1.0,,,,1.0,5.0,5.0,,,,,,,,,2.0,,90.0,2.0,,,,,,,,,,7.4,,,1.0,1.0,5.0,4.0,,4.0,,26.0,5.0,27.0,4,1.0,50.0,2.0,2.0,2.0,
2015-16,6768365,36,3,Arsenal,Home,159675,Mohamed Elneny,mohamed-elneny,M,False,,,3.0,48.0,34.0,82.0,1.0,1.0,8.0,,,2.0,,,,,4.0,5.0,,,2.0,,,,,3.0,1.0,,90.0,1.0,,,,,,,,,,7.6,,,,3.0,1.0,1.0,,4.0,,54.0,34.0,87.0,3,3.0,107.0,2.0,1.0,,
2015-16,6768365,36,45,Norwich_City,Away,267621,Robbie Brady,robbie-brady,M,False,1.0,,,13.0,4.0,16.0,,,3.0,,,,3.0,,,1.0,5.0,2.0,,,,,,,,1.0,1.0,,78.0,,,,,,,,,,,6.2,,,,,1.0,4.0,,2.0,,21.0,5.0,22.0,0,2.0,33.0,,,,
2015-16,6768365,36,3,Arsenal,Home,352770,Alex Iwobi,alex-iwobi,M,False,,,,27.0,3.0,30.0,,,2.0,,,1.0,,,,1.0,2.0,4.0,,,,,,,,1.0,1.0,,56.0,,,,,,,,,,,7.2,,,1.0,,4.0,,,,,34.0,4.0,38.0,2,1.0,51.0,1.0,,3.0,
2015-16,6768366,36,57,Watford,Home,642,Ben Watson,ben-watson,M,False,1.0,,11.0,43.0,34.0,76.0,1.0,2.0,10.0,,,,1.0,,,,4.0,6.0,,,2.0,,,,1.0,3.0,,,90.0,,,,,,,,,,,7.8,,,1.0,1.0,,1.0,,11.0,,46.0,36.0,81.0,1,3.0,95.0,1.0,1.0,,
2015-16,6768366,36,57,Watford,Home,4366,Almen Abdi,almen-abdi,M,False,1.0,,4.0,40.0,18.0,57.0,,1.0,5.0,,,2.0,2.0,,,1.0,9.0,7.0,,,5.0,,1.0,,,2.0,,,90.0,1.0,,,,,,,,,,7.2,,,1.0,,1.0,6.0,,6.0,,51.0,19.0,64.0,4,3.0,88.0,1.0,3.0,,
2015-16,6768366,36,57,Watford,Home,13990,José Jurado,jose-jurado,M,False,3.0,,3.0,37.0,9.0,43.0,1.0,,6.0,,,1.0,,,,1.0,3.0,4.0,,,,,,,,,5.0,,71.0,,,,,,,,,,,7.2,,,,,3.0,9.0,,4.0,,48.0,9.0,48.0,1,2.0,72.0,2.0,,2.0,
2015-16,6768366,36,57,Watford,Home,20364,Ikechi Anya,ikechi-anya,M,False,,,1.0,37.0,22.0,59.0,4.0,1.0,6.0,,,,,,,1.0,5.0,6.0,,,,,,,,4.0,,,90.0,,,,,,,,,,,6.4,,,,1.0,1.0,7.0,,4.0,,47.0,25.0,65.0,0,1.0,94.0,1.0,3.0,1.0,
2015-16,6768366,36,7,Aston_Villa,Away,24055,Scott Sinclair,scott-sinclair,M,True,,,,2.0,1.0,3.0,,,,,,,,,,,1.0,1.0,,,,,,,,,,,2.0,,,,,,,,,,,6.1,,,,,1.0,,,,,2.0,1.0,3.0,0,,5.0,,1.0,,
2015-16,6768366,36,57,Watford,Home,27714,Nordin Amrabat,nordin-amrabat,M,True,,,,8.0,3.0,11.0,1.0,,1.0,,,,,,,1.0,2.0,,,,,,,,,,,,19.0,,,,,,,,,,,6.0,,,,,,7.0,,,,16.0,3.0,12.0,0,,23.0,,,,
2015-16,6768366,36,57,Watford,Home,45989,Adlène Guédioura,adlene-guedioura,M,True,,,,,,,,,,,,,,,,,,,,,,,,,,,,,,,,,,,,,,,,,,,,,,,,,,,,,0,,,,,,
2015-16,6768366,36,57,Watford,Home,47668,Juan Carlos Paredes,juan-carlos-paredes,M,False,1.0,,3.0,27.0,12.0,38.0,,,6.0,,,,2.0,,,,3.0,1.0,,,,,,,,,1.0,,57.0,,,,,,,,,,,6.3,,,,,2.0,3.0,,8.0,,42.0,13.0,52.0,0,,69.0,3.0,,1.0,
2015-16,6768366,36,7,Aston_Villa,Away,49647,Ashley Westwood,ashley-westwood,M,False,2.0,,3.0,24.0,10.0,32.0,2.0,,7.0,,,,3.0,1.0,,,5.0,5.0,,,,1.0,,,,1.0,3.0,,90.0,,2.0,,,,,,,,,7.7,,,,2.0,1.0,4.0,,5.0,,33.0,13.0,42.0,0,3.0,65.0,1.0,1.0,1.0,
2015-16,6768366,36,7,Aston_Villa,Away,74545,Leandro Bacuna,leandro-bacuna,M,False,,,4.0,15.0,14.0,29.0,,,6.0,,,,,,,2.0,3.0,2.0,,,1.0,,,,,2.0,,,90.0,,,,,,,,,,,6.4,,,,2.0,,,,11.0,,22.0,16.0,38.0,0,1.0,52.0,,1.0,,
2015-16,6768366,36,7,Aston_Villa,Away,106337,Idrissa Gana Gueye,idrissa-gana-gueye,M,False,,,,22.0,18.0,40.0,,,11.0,,,,2.0,,,1.0,5.0,12.0,,,1.0,,,,,3.0,,,88.0,,1.0,,,,,,,,,7.3,,,,1.0,7.0,,,1.0,,25.0,19.0,44.0,0,3.0,68.0,3.0,3.0,6.0,
2015-16,6768366,36,7,Aston_Villa,Away,151124,Jordan Veretout,jordan-veretout,M,True,,,,,,,,,,,,,,,,,,,,,,,,,,,,,,,,,,,,,,,,,,,,,,,,,,,,,0,,,,,,
2015-16,6768366,36,7,Aston_Villa,Away,189061,Jack Grealish,jack-grealish,M,True,,,,,,,,,,,,,,,,,,,,,,,,,,,,,,,,,,,,,,,,,,,,,,,,,,,,,0,,,,,,
2015-16,6768366,36,7,Aston_Villa,Away,254895,Carles Gil,carles-gil,M,True,,,,,,,,,,,,,,,,,,,,,,,,,,,,,,,,,,,,,,,,,,,,,,,,,,,,,0,,,,,,
2015-16,6768375,36,31,Crystal_Palace,Away,3574,Yohan Cabaye,yohan-cabaye,M,False,1.0,,5.0,20.0,22.0,41.0,1.0,1.0,11.0,,1.0,,2.0,,,2.0,5.0,6.0,,,,,,,,4.0,1.0,,90.0,2.0,,,,,1.0,,,,,7.0,,,1.0,,,7.0,,8.0,,36.0,22.0,51.0,3,5.0,73.0,,,,
2015-16,6768375,36,31,Crystal_Palace,Away,9921,Joe Ledley,joe-ledley,M,True,,,,,,,,,,,,,,,,,,,,,,,,,,,,,,,,,,,,,,,,,,,,,,,,,,,,,0,,,,,,
2015-16,6768375,36,4,Newcastle_United,Home,10438,Cheik Tiote,cheik-tiote,M,False,,,2.0,16.0,23.0,39.0,2.0,3.0,12.0,,,,,,,2.0,4.0,12.0,,,1.0,,,,,4.0,1.0,,90.0,,,,,,,,,,,7.6,,,,1.0,3.0,,,13.0,,34.0,25.0,59.0,0,4.0,76.0,,2.0,3.0,
2015-16,6768375,36,4,Newcastle_United,Home,15007,Vurnon Anita,vurnon-anita,M,False,1.0,,2.0,15.0,7.0,21.0,3.0,1.0,5.0,,,1.0,1.0,,,1.0,6.0,9.0,,,1.0,,,,,1.0,3.0,,88.0,,,,,,,,,,,7.4,,,,2.0,2.0,5.0,,6.0,,29.0,9.0,33.0,1,5.0,72.0,3.0,1.0,2.0,
2015-16,6768375,36,31,Crystal_Palace,Away,19593,Jason Puncheon,jason-puncheon,M,False,1.0,,1.0,14.0,13.0,26.0,2.0,,6.0,,,,1.0,,,2.0,6.0,3.0,,,1.0,,,,,1.0,1.0,,73.0,,,,,,,,,,,6.6,,,1.0,,2.0,4.0,,1.0,,21.0,13.0,30.0,1,,46.0,,1.0,2.0,
2015-16,6768375,36,4,Newcastle_United,Home,22126,Georginio Wijnaldum,georginio-wijnaldum,M,False,,,,13.0,10.0,23.0,2.0,2.0,5.0,,,1.0,1.0,,,2.0,6.0,6.0,,,,,,,,1.0,,,80.0,1.0,,,,,,,,,,6.7,,,,1.0,2.0,1.0,,,,18.0,10.0,27.0,2,1.0,44.0,1.0,2.0,1.0,
2015-16,6768375,36,4,Newcastle_United,Home,27014,Moussa Sissoko,moussa-sissoko,M,False,,,,16.0,6.0,22.0,5.0,2.0,1.0,,,,,,,,8.0,4.0,,,3.0,,,,,,,,90.0,,,,1.0,,,,,,,5.7,,,,2.0,3.0,2.0,,,,27.0,7.0,32.0,0,,44.0,3.0,1.0,1.0,
2015-16,6768375,36,4,Newcastle_United,Home,30262,Siem de Jong,siem-de-jong,M,True,,,,,,,,,,,,,,,,,,,,,,,,,,,,,,,,,,,,,,,,,,,,,,,,,,,,,0,,,,,,
2015-16,6768375,36,4,Newcastle_United,Home,36465,Jonjo Shelvey,jonjo-shelvey,M,True,,,,2.0,1.0,3.0,,,1.0,,,,,,,,,,,,,,,,,,,,2.0,,,,,,,,,,,6.5,,,,,,,,1.0,,4.0,1.0,5.0,0,,6.0,,,,
2015-16,6768375,36,31,Crystal_Palace,Away,39282,James McArthur,james-mcarthur,M,False,,,,13.0,8.0,21.0,6.0,1.0,4.0,,,,1.0,,,3.0,11.0,6.0,,,2.0,,,,,1.0,,,61.0,,,,,,,,,,,6.4,,,,1.0,1.0,,,,,16.0,8.0,24.0,0,4.0,35.0,,1.0,1.0,
2015-16,6768375,36,4,Newcastle_United,Home,40686,Jack Colback,jack-colback,M,False,1.0,,3.0,32.0,16.0,47.0,,,5.0,,,,2.0,,,,3.0,5.0,,,1.0,,,,,1.0,2.0,,90.0,,1.0,,,,,,,,,7.5,,,1.0,1.0,,1.0,,5.0,,36.0,18.0,53.0,1,5.0,63.0,,,,
2015-16,6768375,36,31,Crystal_Palace,Away,84686,Pape Souaré,pape-souare,M,False,1.0,,3.0,19.0,11.0,29.0,,,8.0,,,,,,,2.0,3.0,2.0,,,,,,,,6.0,1.0,,90.0,,,,,,,,,,,6.7,,,,4.0,2.0,1.0,,10.0,,26.0,15.0,40.0,0,,80.0,2.0,1.0,1.0,
2015-16,6768387,36,56,Sunderland,Away,524,Sebastian Larsson,sebastian-larsson,M,True,1.0,,,3.0,2.0,4.0,,,,,,,,,,,1.0,,,,1.0,,,,,,,,13.0,1.0,,,,,,,,,,6.6,,,,,,4.0,,,,7.0,2.0,5.0,1,,11.0,1.0,,,
2015-16,6768387,36,110,Stoke_City,Home,9360,Charlie Adam,charlie-adam,M,False,2.0,,11.0,18.0,10.0,26.0,1.0,4.0,2.0,,,,1.0,,,2.0,7.0,11.0,,,3.0,,,,,2.0,2.0,,86.0,,,,,,,,,,,7.7,,,1.0,,2.0,4.0,,16.0,,30.0,12.0,38.0,1,3.0,59.0,2.0,3.0,2.0,
2015-16,6768387,36,110,Stoke_City,Home,10535,Glenn Whelan,glenn-whelan,M,False,,,3.0,14.0,33.0,47.0,1.0,2.0,13.0,,,,1.0,,,,3.0,6.0,,,1.0,,,,,1.0,,,90.0,1.0,,,,,,,,,,7.4,,,1.0,6.0,,,,7.0,,22.0,34.0,56.0,2,4.0,74.0,1.0,,,
2015-16,6768387,36,56,Sunderland,Away,14210,Lee Cattermole,lee-cattermole,M,False,,,3.0,19.0,8.0,27.0,3.0,2.0,4.0,,,,2.0,,,1.0,8.0,6.0,,,2.0,,,,,2.0,1.0,,90.0,,,,,,,,,,,6.6,,,,1.0,,1.0,,5.0,,26.0,9.0,34.0,0,2.0,46.0,,2.0,,
2015-16,6768387,36,56,Sunderland,Away,32045,Yann M'Vila,yann-mvila,M,False,,,1.0,17.0,6.0,23.0,5.0,,5.0,,,1.0,3.0,,,,8.0,3.0,,,,,,,,,1.0,,90.0,,,,,,,,,,,6.2,,,,2.0,,3.0,,5.0,,27.0,7.0,31.0,1,1.0,46.0,2.0,2.0,,
2015-16,6768387,36,56,Sunderland,Away,43473,Jan Kirchhoff,jan-kirchhoff,M,False,1.0,,1.0,14.0,6.0,19.0,7.0,2.0,3.0,,,1.0,2.0,,,,10.0,8.0,,,1.0,,,,,,1.0,,77.0,,,,,,,,,,,6.5,,,,1.0,,3.0,,3.0,,25.0,10.0,32.0,1,3.0,46.0,2.0,3.0,,
2015-16,6768387,36,110,Stoke_City,Home,65953,Xherdan Shaqiri,xherdan-shaqiri,M,False,,,,8.0,5.0,13.0,1.0,,3.0,,,,1.0,,,1.0,6.0,3.0,,,2.0,,,,,1.0,,,78.0,,,,,,,,,,,6.5,,,1.0,1.0,2.0,4.0,,2.0,,18.0,5.0,19.0,1,1.0,38.0,4.0,1.0,1.0,
2015-16,6768387,36,110,Stoke_City,Home,96702,Giannelli Imbula,giannelli-imbula,M,False,,,,14.0,17.0,31.0,2.0,2.0,7.0,,,,,,,1.0,7.0,7.0,,,2.0,,,,,,1.0,,90.0,,,,,,,,,,,6.8,,,1.0,1.0,6.0,,,2.0,,19.0,17.0,36.0,1,,48.0,1.0,1.0,4.0,
2015-16,6768387,36,56,Sunderland,Away,240256,Duncan Watmore,duncan-watmore,M,True,,,,3.0,,3.0,,,1.0,,,,,,,1.0,2.0,1.0,,,,,,,,,2.0,,30.0,,,,,,,,,,,6.5,,,,,2.0,1.0,,,,5.0,,4.0,0,,9.0,,,1.0,
2015-16,6768390,36,1,Manchester_United,Home,938,Michael Carrick,michael-carrick,M,False,,,7.0,44.0,30.0,74.0,,1.0,4.0,,,,2.0,,,,4.0,5.0,,,2.0,,,,,3.0,2.0,,90.0,,,,,,,,,,,7.5,,,,2.0,1.0,,,8.0,,47.0,30.0,77.0,0,3.0,90.0,,,1.0,
2015-16,6768390,36,1,Manchester_United,Home,27009,Morgan Schneiderlin,morgan-schneiderlin,M,True,,,,,,,,,,,,,,,,,,,,,,,,,,,,,,,,,,,,,,,,,,,,,,,,,,,,,0,,,,,,
2015-16,6768390,36,1,Manchester_United,Home,28367,Juan Mata,juan-mata,M,True,,,,11.0,6.0,17.0,1.0,,1.0,,,,2.0,,,,4.0,,,,,,,,,,,,28.0,,,,,,,,,,,6.1,,,,1.0,1.0,1.0,,,,16.0,6.0,21.0,0,,25.0,,,,
2015-16,6768390,36,13,Leicester_City,Away,30530,Andy King,andy-king,M,True,,,,,,,,,,,,,,,,,,,,,,,,,,,,,2.0,,,,,,,,,,,,,,,,,,,1.0,,1.0,,1.0,0,,1.0,,,,
2015-16,6768390,36,13,Leicester_City,Away,47737,Marc Albrighton,marc-albrighton,M,True,,,1.0,1.0,3.0,4.0,,,2.0,,,,1.0,,,,1.0,,,,,,,,,,,,13.0,,,,,,,,,,,6.3,,,,,,1.0,,1.0,,3.0,3.0,5.0,0,,7.0,,,,
2015-16,6768390,36,13,Leicester_City,Away,54330,Danny Drinkwater,danny-drinkwater,M,False,1.0,,1.0,14.0,12.0,25.0,1.0,,8.0,1.0,,1.0,4.0,,,,9.0,5.0,,,3.0,1.0,,,,3.0,2.0,,86.0,,1.0,,,,,,,,,7.4,,,,5.0,2.0,1.0,,8.0,,26.0,18.0,43.0,1,4.0,61.0,,,1.0,
2015-16,6768390,36,1,Manchester_United,Home,82474,Ander Herrera,ander-herrera,M,True,,,,9.0,4.0,13.0,,,2.0,,,,,,,1.0,1.0,2.0,,,,,,,,2.0,,,15.0,,1.0,,,,,,,,,6.9,,,,1.0,,,,1.0,,14.0,4.0,18.0,0,1.0,26.0,1.0,1.0,,
2015-16,6768390,36,13,Leicester_City,Away,148710,Jeffrey Schlupp,jeffrey-schlupp,M,False,,,2.0,4.0,3.0,7.0,4.0,2.0,7.0,,,1.0,1.0,,,,8.0,10.0,,,1.0,,,,,3.0,1.0,,77.0,,,,,,,,,,,6.8,,,,,3.0,2.0,,5.0,,14.0,5.0,17.0,1,2.0,40.0,3.0,5.0,1.0,
2015-16,6768390,36,13,Leicester_City,Away,158213,Riyad Mahrez,riyad-mahrez,M,False,2.0,,1.0,15.0,3.0,16.0,1.0,,5.0,,,,6.0,,,5.0,12.0,12.0,,,,,,,,1.0,4.0,,88.0,1.0,,,,,,,,,,7.1,,,,,8.0,2.0,,2.0,,21.0,3.0,22.0,1,1.0,48.0,1.0,3.0,8.0,
2015-16,6768390,36,1,Manchester_United,Home,191176,Anthony Martial,anthony-martial,M,False,,,,25.0,3.0,28.0,1.0,3.0,3.0,,,,1.0,,,2.0,9.0,9.0,,,2.0,,1.0,,,,,,90.0,1.0,,,,,,,,,,6.9,,,1.0,1.0,8.0,4.0,,,1.0,40.0,4.0,40.0,2,,64.0,2.0,2.0,5.0,
2015-16,6768390,36,13,Leicester_City,Away,234148,N'Golo Kanté,n-golo-kante,M,False,2.0,,1.0,12.0,12.0,22.0,3.0,,8.0,,,,3.0,,,1.0,8.0,7.0,,,1.0,,,,,6.0,,,90.0,,,,,,,,,,,7.3,,,,2.0,1.0,2.0,,2.0,,15.0,13.0,26.0,0,5.0,51.0,2.0,1.0,1.0,
2015-16,6768390,36,13,Leicester_City,Away,308526,Daniel Amartey,daniel-amartey,M,True,,,,,,,,,,,,,,,,,,,,,,,,,,,,,,,,,,,,,,,,,,,,,,,,,,,,,0,,,,,,
2015-16,6768390,36,13,Leicester_City,Away,355152,Demarai Gray,demarai-gray,M,True,,,,7.0,,7.0,,,1.0,,,,,,,,1.0,2.0,,,,,,,,,,,23.0,,1.0,,,,,,,,,6.8,,,,,3.0,,,1.0,,10.0,,10.0,0,,14.0,,,2.0,
2015-16,6768392,36,20,Southampton,Home,559,Steven Davis,steven-davis,M,False,3.0,,,29.0,6.0,32.0,,,5.0,,,,,,,3.0,3.0,5.0,,,,,,,,1.0,3.0,,73.0,,,,,,,,,,,7.3,,,1.0,,2.0,8.0,,,,36.0,7.0,35.0,1,2.0,56.0,,1.0,2.0,
2015-16,6768392,36,43,Manchester_City,Away,3544,Samir Nasri,samir-nasri,M,False,,,2.0,44.0,18.0,62.0,3.0,,4.0,,,,5.0,,,2.0,12.0,4.0,,,1.0,,,,,,1.0,,90.0,,,,,,,,,,,5.9,,,,,3.0,1.0,,2.0,,50.0,18.0,67.0,0,2.0,78.0,1.0,,2.0,
2015-16,6768392,36,43,Manchester_City,Away,13630,Fernandinho,fernandinho,M,False,,,2.0,19.0,11.0,30.0,1.0,,6.0,,,,2.0,,,,5.0,6.0,,,1.0,,,,,3.0,,,60.0,,1.0,,,,,,,,,6.8,,,,,2.0,,,4.0,,26.0,15.0,41.0,0,4.0,56.0,1.0,1.0,1.0,
2015-16,6768392,36,43,Manchester_City,Away,24048,Fabian Delph,fabian-delph,M,False,,,2.0,38.0,12.0,50.0,,,5.0,,,,,,,,2.0,3.0,,,,,,,,3.0,,,64.0,1.0,,,,,,,,,,7.0,,,,,2.0,,,5.0,,46.0,12.0,58.0,1,3.0,71.0,,,,
2015-16,6768392,36,43,Manchester_City,Away,41837,Fernando,fernando-reges,M,True,,,,,,,,,,,,,,,,,,,,,,,,,,,,,,,,,,,,,,,,,,,,,,,,,,,,,0,,,,,,
2015-16,6768392,36,20,Southampton,Home,44760,Cédric Soares,cedric-soares,M,True,,,,,,,,,,,,,,,,,,,,,,,,,,,,,,,,,,,,,,,,,,,,,,,,,,,,,0,,,,,,
2015-16,6768392,36,20,Southampton,Home,45956,Victor Wanyama,victor-wanyama,M,False,,,2.0,21.0,18.0,39.0,,5.0,11.0,,,,2.0,,,2.0,5.0,12.0,,,1.0,,,,,4.0,,,90.0,,,,,,,,,,,7.2,,,,1.0,1.0,,,4.0,,29.0,21.0,50.0,0,5.0,68.0,,1.0,1.0,
2015-16,6768392,36,20,Southampton,Home,69416,Oriol Romeu,oriol-romeu,M,True,,,2.0,5.0,10.0,15.0,,,4.0,,,,1.0,,,,1.0,4.0,,,,,,,,2.0,,,31.0,,,,,,,,,,,7.0,,,,,1.0,,,3.0,,7.0,10.0,17.0,0,3.0,25.0,1.0,,1.0,
2015-16,6768392,36,20,Southampton,Home,116946,Jordy Clasie,jordy-clasie,M,False,,,,5.0,16.0,21.0,,2.0,8.0,,,1.0,4.0,,,1.0,7.0,7.0,,,1.0,,,,,2.0,1.0,,59.0,,,,,,,,,,,6.6,,,,1.0,3.0,,,1.0,,8.0,19.0,27.0,1,3.0,41.0,1.0,,2.0,
2015-16,6768392,36,20,Southampton,Home,161717,James Ward-Prowse,james-ward-prowse,M,True,,,,4.0,1.0,5.0,,,1.0,,,1.0,1.0,,,,1.0,1.0,,,,,,,,1.0,,,17.0,,,,,,,,,,,6.4,,,,,,,,,,6.0,1.0,7.0,1,,10.0,,1.0,,
2015-16,6768392,36,20,Southampton,Home,217704,Sadio Mané,sadio-mane,M,False,,,3.0,17.0,8.0,25.0,4.0,,13.0,,,,,,,2.0,13.0,13.0,,,2.0,,3.0,,,5.0,,,90.0,4.0,,,,,,,,,,9.6,,,1.0,,8.0,1.0,,3.0,1.0,28.0,9.0,36.0,5,8.0,71.0,1.0,3.0,2.0,
2015-16,6768353,37,4,Newcastle_United,Away,10438,Cheik Tiote,cheik-tiote,M,False,,,6.0,14.0,29.0,43.0,4.0,1.0,5.0,1.0,,,1.0,,,1.0,8.0,6.0,,,2.0,,,,,2.0,1.0,,68.0,,,,,,,,,,,7.3,,,,3.0,,,,6.0,,16.0,29.0,45.0,0,3.0,58.0,1.0,2.0,,
2015-16,6768353,37,4,Newcastle_United,Away,15007,Vurnon Anita,vurnon-anita,M,False,1.0,,5.0,37.0,11.0,47.0,,2.0,3.0,,,,1.0,,,1.0,2.0,9.0,,,,,,,,3.0,2.0,,90.0,,,,,,,,,,,7.9,,,,4.0,,8.0,,10.0,,59.0,12.0,63.0,0,6.0,117.0,1.0,1.0,,
2015-16,6768353,37,4,Newcastle_United,Away,22126,Georginio Wijnaldum,georginio-wijnaldum,M,False,,,,11.0,11.0,22.0,1.0,1.0,6.0,,,1.0,1.0,,,3.0,8.0,4.0,,,2.0,,,,,1.0,,,90.0,1.0,,,,,,,,,,6.1,,,,,1.0,3.0,,,1.0,19.0,12.0,28.0,2,2.0,44.0,3.0,1.0,,
2015-16,6768353,37,7,Aston_Villa,Home,24055,Scott Sinclair,scott-sinclair,M,False,,,,7.0,2.0,9.0,3.0,,2.0,,,,,,,2.0,5.0,5.0,,,,,,,,1.0,,,89.0,,,,,,,,,,,6.6,,,,,1.0,1.0,,,1.0,11.0,2.0,12.0,0,1.0,26.0,3.0,3.0,1.0,
2015-16,6768353,37,4,Newcastle_United,Away,27014,Moussa Sissoko,moussa-sissoko,M,False,3.0,,5.0,29.0,13.0,39.0,3.0,2.0,4.0,,,,,,,2.0,9.0,6.0,,,2.0,,,,,2.0,,,90.0,,,,,,,,,,,6.7,,,,,4.0,5.0,,7.0,,38.0,19.0,52.0,0,1.0,75.0,2.0,2.0,2.0,
2015-16,6768353,37,4,Newcastle_United,Away,30262,Siem de Jong,siem-de-jong,M,True,,,,4.0,,4.0,,,2.0,,,,,,,,,,,,,,,,,,,,1.0,,,,,,,,,,,,,,,,,,,,,4.0,,4.0,0,,4.0,,,,
2015-16,6768353,37,4,Newcastle_United,Away,36465,Jonjo Shelvey,jonjo-shelvey,M,True,,,,,,,,,,,,,,,,,,,,,,,,,,,,,,,,,,,,,,,,,,,,,,,,,,,,,0,,,,,,
2015-16,6768353,37,4,Newcastle_United,Away,40686,Jack Colback,jack-colback,M,False,1.0,,3.0,17.0,15.0,31.0,,,3.0,,,,2.0,,,,4.0,2.0,,,2.0,,,,,1.0,1.0,,89.0,,,,,,,,,,,7.0,,,1.0,1.0,,1.0,,3.0,,18.0,17.0,34.0,1,2.0,43.0,1.0,,,
2015-16,6768353,37,7,Aston_Villa,Home,49647,Ashley Westwood,ashley-westwood,M,False,,,3.0,30.0,9.0,39.0,,,3.0,,,,,,,,1.0,2.0,,,1.0,,,,,,,,90.0,,,,,,,,,,,6.8,,,,2.0,,3.0,,4.0,,42.0,10.0,49.0,0,2.0,57.0,,,,
2015-16,6768353,37,7,Aston_Villa,Home,74545,Leandro Bacuna,leandro-bacuna,M,False,,,2.0,23.0,16.0,39.0,,1.0,5.0,,,,,,,,1.0,3.0,,,1.0,,,,,3.0,,,90.0,,,,,,,,,,,7.2,,,,6.0,1.0,,,8.0,,30.0,17.0,47.0,0,,59.0,,1.0,1.0,
2015-16,6768353,37,7,Aston_Villa,Home,106337,Idrissa Gana Gueye,idrissa-gana-gueye,M,False,,,2.0,24.0,15.0,39.0,1.0,,11.0,,,,1.0,,,2.0,6.0,9.0,,,,,,,,1.0,,,90.0,,,,,,,,,,,7.5,,,,,3.0,,,4.0,,29.0,19.0,48.0,0,8.0,73.0,2.0,,1.0,
2015-16,6768353,37,7,Aston_Villa,Home,189061,Jack Grealish,jack-grealish,M,True,,,,,,,,,,,,,,,,,,,,,,,,,,,,,,,,,,,,,,,,,,,,,,,,,,,,,0,,,,,,
2015-16,6768353,37,7,Aston_Villa,Home,254895,Carles Gil,carles-gil,M,True,,,,,,,,,,,,,,,,,,,,,,,,,,,,,,,,,,,,,,,,,,,,,,,,,,,,,0,,,,,,
2015-16,6768353,37,7,Aston_Villa,Home,827284,Jordan Lyden,jordan-lyden,M,True,,,,,,,,,,,,,,,,,,,,,,,,,,,,,,,,,,,,,,,,,,,,,,,,,,,,,0,,,,,,
2015-16,6768359,37,35,West_Bromwich_Albion,Away,765,Darren Fletcher,darren-fletcher,M,False,1.0,,5.0,12.0,9.0,20.0,,,3.0,,,,1.0,,,2.0,4.0,3.0,,,1.0,,,,,1.0,2.0,,90.0,,,,,,,,,,,6.7,,,,,,2.0,,7.0,,16.0,9.0,23.0,0,2.0,34.0,1.0,1.0,,
2015-16,6768359,37,35,West_Bromwich_Albion,Away,14235,Craig Gardner,craig-gardner,M,False,1.0,,1.0,6.0,5.0,10.0,,,3.0,,1.0,,1.0,,,1.0,2.0,1.0,,,,,,,1.0,,,,74.0,2.0,,,,,1.0,,,,,6.6,,,2.0,,1.0,5.0,,1.0,,14.0,8.0,17.0,4,,30.0,,,1.0,
2015-16,6768359,37,91,Bournemouth,Home,14695,Andrew Surman,andrew-surman,M,False,,,6.0,33.0,31.0,64.0,3.0,,8.0,,,,,,,,3.0,3.0,,,,,,,,1.0,1.0,,90.0,,,,,,,,,,,7.0,,,,,,,,11.0,,47.0,33.0,80.0,0,2.0,85.0,1.0,1.0,,
2015-16,6768359,37,91,Bournemouth,Home,16590,Max Gradel,max-gradel,M,False,,,1.0,10.0,4.0,14.0,1.0,,2.0,,,,,,,,5.0,5.0,,,1.0,,,,,,,,61.0,1.0,,,,,,,,,,6.5,,,,1.0,7.0,7.0,,2.0,,20.0,5.0,18.0,1,,42.0,4.0,1.0,4.0,
2015-16,6768359,37,91,Bournemouth,Home,39121,Harry Arter,harry-arter,M,False,,,18.0,54.0,32.0,86.0,1.0,,3.0,,,,2.0,,,2.0,7.0,5.0,,,3.0,,,,,,3.0,,90.0,,,,,,,,,,,7.4,,,2.0,1.0,1.0,,,22.0,,61.0,35.0,96.0,2,3.0,108.0,1.0,1.0,1.0,
2015-16,6768359,37,91,Bournemouth,Home,41628,Eunan O'Kane,eunan-okane,M,True,,,,,,,,,,,,,,,,,,,,,,,,,,,,,,,,,,,,,,,,,,,,,,,,,,,,,0,,,,,,
2015-16,6768359,37,35,West_Bromwich_Albion,Away,41631,James McClean,james-mcclean,M,False,1.0,,1.0,7.0,11.0,17.0,,1.0,7.0,,,,2.0,,,,2.0,6.0,,,,,,,,2.0,3.0,,90.0,,,,,,,,,,,7.3,,,1.0,,2.0,6.0,,1.0,1.0,13.0,11.0,18.0,1,3.0,40.0,1.0,,2.0,
2015-16,6768359,37,91,Bournemouth,Home,42699,Matt Ritchie,matt-ritchie,M,True,,,2.0,6.0,2.0,8.0,,,1.0,,,,,,,1.0,1.0,2.0,,,,,1.0,,,,,,16.0,1.0,,,,,,,,,,7.4,,,,,,,,2.0,,6.0,2.0,8.0,1,1.0,14.0,,1.0,,
2015-16,6768359,37,35,West_Bromwich_Albion,Away,43301,Sandro,sandro,M,True,,,,3.0,1.0,4.0,,2.0,,,,,,,,,,3.0,,,,,,,,,,,4.0,,,,,,,,,,,6.8,,,,,,,,,,5.0,1.0,6.0,0,1.0,8.0,,,,
2015-16,6768359,37,91,Bournemouth,Home,44823,Junior Stanislas,junior-stanislas,M,False,1.0,,,21.0,9.0,29.0,,,2.0,,,,1.0,,,1.0,3.0,3.0,,,,,,,,,,,74.0,1.0,,,,,,,,,,6.7,,,1.0,,3.0,3.0,,1.0,,28.0,10.0,35.0,2,1.0,49.0,2.0,,2.0,
2015-16,6768359,37,35,West_Bromwich_Albion,Away,151037,Claudio Yacob,claudio-yacob,M,False,,,1.0,5.0,17.0,22.0,,1.0,4.0,,,,2.0,,,,2.0,6.0,1.0,,,,,,,3.0,,,90.0,,1.0,,,,,,,,,6.7,,,,2.0,,,,2.0,,10.0,20.0,30.0,0,5.0,42.0,,,,
2015-16,6768359,37,35,West_Bromwich_Albion,Away,839819,Sam Field,sam-field,M,True,,,,,,,,,,,,,,,,,,,,,,,,,,,,,,,,,,,,,,,,,,,,,,,,,,,,,0,,,,,,
2015-16,6768361,37,21,West_Ham_United,Home,9741,Mark Noble,mark-noble,M,False,,,1.0,27.0,16.0,43.0,,,6.0,,,,2.0,,,,4.0,4.0,,,2.0,,,,,5.0,,,90.0,,,,,,,,,,,6.6,,,1.0,,,1.0,,3.0,,34.0,16.0,49.0,1,2.0,65.0,1.0,2.0,,
2015-16,6768361,37,21,West_Ham_United,Home,14216,Dimitri Payet,dimitri-payet,M,False,8.0,,3.0,45.0,9.0,46.0,,,9.0,1.0,,2.0,,,,2.0,3.0,,,,,,,,,,7.0,,90.0,2.0,,,,,,,,,,7.9,,,1.0,,1.0,16.0,,3.0,,60.0,10.0,54.0,5,,82.0,2.0,,,
2015-16,6768361,37,80,Swansea_City,Away,20538,Leon Britton,leon-britton,M,True,,,,,,,,,,,,,,,,,,,,,,,,,,1.0,,,1.0,,,,,,,,,,,,,,,,,,,,,,,,0,,1.0,,,,
2015-16,6768361,37,80,Swansea_City,Away,20993,Jack Cork,jack-cork,M,False,,,,13.0,22.0,35.0,2.0,,3.0,,,,2.0,,,,4.0,5.0,,,1.0,,,,,2.0,,,90.0,,1.0,,,,,,,,,7.0,,,,2.0,,,,1.0,,17.0,23.0,40.0,0,3.0,54.0,1.0,2.0,,
2015-16,6768361,37,80,Swansea_City,Away,31821,Leroy Fer,leroy-fer,M,False,,,3.0,23.0,19.0,42.0,2.0,3.0,6.0,,,,,,,,5.0,5.0,,,2.0,,,,,,1.0,,90.0,,1.0,,,,,,,,,7.2,,,1.0,2.0,2.0,,,4.0,,30.0,19.0,49.0,1,,63.0,2.0,1.0,1.0,
2015-16,6768361,37,80,Swansea_City,Away,38642,Sung-Yueng Ki,sung-yueng-ki,M,False,1.0,,4.0,27.0,13.0,39.0,,,7.0,,,,1.0,,,1.0,3.0,4.0,,,1.0,,1.0,,,1.0,2.0,,90.0,2.0,2.0,,,,,,,,,8.2,,,1.0,,1.0,1.0,,4.0,,34.0,13.0,46.0,3,2.0,60.0,1.0,1.0,1.0,
2015-16,6768361,37,21,West_Ham_United,Home,45944,Cheikhou Kouyaté,cheikhou-kouyate,M,False,,,1.0,17.0,12.0,29.0,1.0,1.0,4.0,,,,1.0,,,1.0,6.0,5.0,,,3.0,,,,,3.0,2.0,,77.0,,1.0,,,,,,,,,6.8,,,,2.0,2.0,1.0,,3.0,,23.0,13.0,35.0,0,1.0,51.0,2.0,1.0,2.0,
2015-16,6768361,37,21,West_Ham_United,Home,46799,Pedro Obiang,pedro-obiang,M,True,,,,,,,,,,,,,,,,,,,,,,,,,,,,,,,,,,,,,,,,,,,,,,,,,,,,,0,,,,,,
2015-16,6768361,37,80,Swansea_City,Away,164291,Jay Fulton,jay-fulton,M,True,,,,,,,,,,,,,,,,,,,,,,,,,,,,,,,,,,,,,,,,,,,,,,,,,,,,,0,,,,,,
2015-16,6768361,37,80,Swansea_City,Away,209098,Modou Barrow,modou-barrow,M,False,1.0,,1.0,5.0,2.0,6.0,1.0,,3.0,,,,1.0,,,2.0,5.0,5.0,,,,1.0,,,,,1.0,,70.0,,,,,,,,,,,6.9,,,1.0,,3.0,5.0,,2.0,,10.0,3.0,8.0,1,3.0,26.0,,,2.0,
2015-16,6768361,37,21,West_Ham_United,Home,220315,Manuel Lanzini,manuel-lanzini,M,False,1.0,,2.0,29.0,15.0,43.0,,,4.0,,1.0,3.0,,,,1.0,2.0,1.0,,,,,,,,1.0,1.0,,84.0,,,,,,,,,,,6.3,,,1.0,,1.0,2.0,,2.0,,33.0,15.0,46.0,4,,57.0,,1.0,,
2015-16,6768361,37,80,Swansea_City,Away,796142,Kenji Gorré,kenji-gorre,M,True,,,,,,,,,,,,,,,,,,,,,,,,,,,,,,,,,,,,,,,,,,,,,,,,,,,,,0,,,,,,
2015-16,6768364,37,57,Watford,Away,642,Ben Watson,ben-watson,M,False,,,3.0,11.0,10.0,21.0,1.0,1.0,5.0,,,1.0,3.0,,,2.0,8.0,4.0,,,2.0,,,,,4.0,,,90.0,,2.0,,,,,,,,,6.4,,,,1.0,1.0,,,4.0,,17.0,11.0,28.0,1,1.0,45.0,1.0,1.0,1.0,
2015-16,6768364,37,57,Watford,Away,4366,Almen Abdi,almen-abdi,M,False,3.0,,1.0,11.0,9.0,17.0,,,6.0,,,1.0,1.0,,,,1.0,4.0,,,1.0,,,,,,1.0,,69.0,,,,,,,,,,,7.0,,,2.0,1.0,,7.0,,2.0,,17.0,10.0,20.0,3,2.0,38.0,1.0,2.0,,
2015-16,6768364,37,57,Watford,Away,13990,José Jurado,jose-jurado,M,False,2.0,,1.0,5.0,13.0,16.0,3.0,,8.0,,,,1.0,,,1.0,6.0,6.0,,1.0,,,,,,1.0,2.0,,57.0,,,,,,,,,,,7.0,,,,,3.0,6.0,,1.0,,10.0,17.0,21.0,0,3.0,36.0,,1.0,2.0,
2015-16,6768364,37,57,Watford,Away,20364,Ikechi Anya,ikechi-anya,M,False,1.0,,1.0,17.0,6.0,22.0,,,3.0,,,,1.0,,,,2.0,4.0,,,,,,,,4.0,2.0,,90.0,,,,,,,,,,,7.2,,,1.0,3.0,4.0,2.0,,6.0,,23.0,11.0,32.0,1,1.0,60.0,2.0,,3.0,
2015-16,6768364,37,14,Liverpool,Home,20602,Joe Allen,joe-allen,M,False,,,2.0,23.0,18.0,41.0,1.0,,6.0,,,,2.0,,,3.0,7.0,5.0,,1.0,1.0,,1.0,,,2.0,1.0,,90.0,1.0,,,,,,,,,,7.2,,,,1.0,1.0,1.0,,3.0,,29.0,21.0,49.0,1,2.0,62.0,,2.0,1.0,
2015-16,6768364,37,14,Liverpool,Home,27234,Lucas Leiva,lucas-leiva,M,False,,,5.0,18.0,38.0,56.0,2.0,3.0,3.0,,,,1.0,,,,5.0,6.0,,,1.0,,,,,2.0,,,90.0,,,,,,,,,,,7.4,,,,4.0,1.0,,,8.0,,20.0,42.0,62.0,0,3.0,75.0,,,,
2015-16,6768364,37,57,Watford,Away,27714,Nordin Amrabat,nordin-amrabat,M,True,1.0,,,2.0,1.0,2.0,,,1.0,,,,1.0,,,,4.0,2.0,,,,,,,,1.0,1.0,,21.0,,,,,,,,,,,6.2,,,,,5.0,4.0,,,,5.0,1.0,2.0,0,,14.0,,,2.0,
2015-16,6768364,37,57,Watford,Away,45989,Adlène Guédioura,adlene-guedioura,M,True,,,1.0,8.0,6.0,14.0,,1.0,4.0,,,,2.0,,,1.0,6.0,8.0,,,,,,,,2.0,,,37.0,,,,,,,,,,,6.6,,,1.0,,7.0,1.0,,3.0,,12.0,9.0,20.0,1,1.0,36.0,1.0,2.0,4.0,
2015-16,6768364,37,57,Watford,Away,47668,Juan Carlos Paredes,juan-carlos-paredes,M,True,,,,,,,,,,,,,,,,,,,,,,,,,,,,,,,,,,,,,,,,,,,,,,,,,,,,,0,,,,,,
2015-16,6768364,37,14,Liverpool,Home,119159,Philippe Coutinho,philippe-coutinho,M,False,,,8.0,23.0,9.0,32.0,1.0,,2.0,,,2.0,2.0,,,,7.0,1.0,,,1.0,,,,,1.0,1.0,,61.0,1.0,,,,,,,,,,7.0,,,2.0,,4.0,2.0,,8.0,,32.0,10.0,40.0,5,,53.0,,,1.0,
2015-16,6768364,37,14,Liverpool,Home,143697,Roberto Firmino,roberto-firmino,M,True,,,,6.0,9.0,15.0,,,2.0,,,,2.0,,,1.0,4.0,1.0,,,1.0,,1.0,,,1.0,2.0,,29.0,2.0,,,,,,,,,,7.3,,,,,1.0,1.0,,,,9.0,11.0,19.0,2,,28.0,2.0,,1.0,
2015-16,6768364,37,14,Liverpool,Home,180011,Kevin Stewart,kevin-stewart,M,False,,,3.0,21.0,49.0,70.0,1.0,,7.0,,,,3.0,,,2.0,8.0,10.0,,,2.0,,,,,3.0,,,90.0,,,,,,,,,,,7.3,,,,4.0,1.0,,,3.0,,25.0,51.0,76.0,0,5.0,98.0,3.0,4.0,1.0,
2015-16,6768364,37,14,Liverpool,Home,185955,Jordon Ibe,jordon-ibe,M,False,2.0,,,25.0,8.0,31.0,,,4.0,,1.0,,2.0,,,2.0,4.0,7.0,,,,,,,1.0,,1.0,,90.0,,,,,,,,,,,7.1,,,1.0,,3.0,4.0,,,,29.0,11.0,36.0,1,,54.0,2.0,4.0,3.0,
2015-16,6768364,37,14,Liverpool,Home,372522,Cameron Brannagan,cameron-brannagan,M,True,2.0,,,10.0,9.0,17.0,,,2.0,1.0,,,1.0,,,,1.0,3.0,,,,,,,,,2.0,,12.0,,,,,,,,,,,7.3,,,,,1.0,2.0,,,,10.0,9.0,17.0,0,2.0,22.0,,,1.0,
2015-16,6768364,37,14,Liverpool,Home,787580,Connor Randall,connor-randall,M,True,,,,1.0,2.0,3.0,,,,,,,,,,,,,,,,,,,,,,,2.0,,,,,,,,,,,,,,,,,,,,,1.0,2.0,3.0,0,,3.0,,,,
2015-16,6768364,37,14,Liverpool,Home,799216,Pedro Chirivella,pedro-chirivella,M,True,,,,,,,,,,,,,,,,,,,,,,,,,,,,,,,,,,,,,,,,,,,,,,,,,,,,,0,,,,,,
2015-16,6768369,37,11,Everton,Away,1161,Leon Osman,leon-osman,M,True,,,1.0,2.0,2.0,4.0,2.0,,,,,,,,,,2.0,,,,,,,,,,,,9.0,,,,,,,,,,,6.4,,,,,,,,1.0,,3.0,3.0,6.0,0,,6.0,,,,
2015-16,6768369,37,11,Everton,Away,3593,Kevin Mirallas,kevin-mirallas,M,True,,,,3.0,2.0,5.0,,,,,,,,,,,1.0,6.0,,,1.0,,1.0,,,,1.0,,27.0,1.0,,,,,,,,,,7.8,,,,,6.0,3.0,,,,8.0,2.0,7.0,1,,19.0,,,6.0,
2015-16,6768369,37,13,Leicester_City,Home,4252,Gökhan Inler,gokhan-inler,M,True,,,,,,,,,,,,,,,,,,,,,,,,,,,,,,,,,,,,,,,,,,,,,,,,,,,,,0,,,,,,
2015-16,6768369,37,11,Everton,Away,9692,Aaron Lennon,aaron-lennon,M,False,,,,15.0,12.0,27.0,1.0,,3.0,,1.0,,1.0,,,2.0,4.0,1.0,,,,,,,,1.0,,,90.0,,,,,,,,,,,6.0,,,2.0,2.0,,3.0,,,,23.0,12.0,32.0,2,1.0,45.0,,,,
2015-16,6768369,37,11,Everton,Away,21073,Darron Gibson,darron-gibson,M,True,,,1.0,5.0,7.0,12.0,,1.0,3.0,1.0,,,,,,,1.0,1.0,,,1.0,1.0,,,,1.0,1.0,,27.0,,,,1.0,,,,,,,6.1,,,,,,,,2.0,,7.0,8.0,15.0,0,,17.0,,,,
2015-16,6768369,37,13,Leicester_City,Home,30530,Andy King,andy-king,M,False,1.0,,3.0,26.0,13.0,38.0,1.0,3.0,6.0,1.0,1.0,3.0,1.0,,,,2.0,8.0,,,,1.0,1.0,,,,3.0,,90.0,2.0,,,,,,,,,,8.6,,,2.0,1.0,1.0,2.0,,4.0,,32.0,13.0,43.0,7,1.0,60.0,2.0,3.0,1.0,
2015-16,6768369,37,11,Everton,Away,39283,James McCarthy,james-mccarthy,M,False,,,7.0,12.0,35.0,47.0,2.0,1.0,8.0,,,,4.0,,,,7.0,8.0,,,1.0,,,,,1.0,,,90.0,,1.0,,,,,,,,,7.4,,,,3.0,2.0,,,8.0,,14.0,37.0,51.0,0,5.0,70.0,,,2.0,
2015-16,6768369,37,11,Everton,Away,46432,Tom Cleverley,tom-cleverley,M,False,,,1.0,10.0,14.0,24.0,1.0,1.0,3.0,,,,3.0,,,1.0,9.0,4.0,,,3.0,,,,,1.0,,,63.0,,,,,,,,,,,6.0,,,1.0,,1.0,1.0,,1.0,,13.0,18.0,30.0,1,2.0,38.0,,1.0,,
2015-16,6768369,37,13,Leicester_City,Home,47737,Marc Albrighton,marc-albrighton,M,False,,,,12.0,4.0,16.0,,,6.0,,,,,,,1.0,3.0,5.0,,,,,,,,1.0,1.0,,67.0,,,,,,,,,,,6.9,,,,1.0,4.0,4.0,,1.0,,25.0,6.0,27.0,0,2.0,45.0,,1.0,2.0,
2015-16,6768369,37,11,Everton,Away,98435,Ross Barkley,ross-barkley,M,False,,,5.0,32.0,18.0,50.0,1.0,2.0,3.0,1.0,,,2.0,,,3.0,7.0,8.0,,,,,,,,1.0,1.0,,81.0,,1.0,,,,,,,,,6.8,,,,,2.0,,,7.0,,37.0,21.0,58.0,0,4.0,76.0,1.0,1.0,1.0,
2015-16,6768369,37,11,Everton,Away,124960,Muhamed Bešić,muhamed-besic,M,True,,,,,,,,,,,,,,,,,,,,,,,,,,,,,,,,,,,,,,,,,,,,,,,,,,,,,0,,,,,,
2015-16,6768369,37,13,Leicester_City,Home,148710,Jeffrey Schlupp,jeffrey-schlupp,M,True,,,,9.0,2.0,11.0,,,1.0,,,,3.0,,,1.0,4.0,1.0,,,,,,,,,,,23.0,,,,,,,,1.0,,,5.9,,,,,,2.0,,1.0,,13.0,2.0,13.0,0,,17.0,,1.0,,
2015-16,6768369,37,13,Leicester_City,Home,158213,Riyad Mahrez,riyad-mahrez,M,False,3.0,,4.0,24.0,9.0,30.0,2.0,3.0,3.0,2.0,,2.0,3.0,,,1.0,11.0,12.0,,,1.0,,,,,,8.0,,89.0,,,,,,,,,,,8.0,,,1.0,,9.0,5.0,,6.0,,33.0,9.0,37.0,3,,65.0,1.0,4.0,5.0,
2015-16,6768369,37,13,Leicester_City,Home,234148,N'Golo Kanté,n-golo-kante,M,False,,,,22.0,13.0,35.0,,,8.0,,,1.0,1.0,,,2.0,6.0,9.0,,,1.0,,,,,4.0,1.0,,90.0,1.0,,,,,,,,,,7.4,,,,1.0,4.0,,,,,24.0,15.0,39.0,2,7.0,65.0,1.0,,2.0,
2015-16,6768369,37,13,Leicester_City,Home,308526,Daniel Amartey,daniel-amartey,M,True,,,,,,,,,,,,,,,,,,,,,,,,,,,,,,,,,,,,,,,,,,,,,,,,,,,,,0,,,,,,
2015-16,6768369,37,13,Leicester_City,Home,355152,Demarai Gray,demarai-gray,M,True,1.0,,,1.0,,,,,,,,,,,,,,,,,,,,,,,1.0,,1.0,1.0,,,,,,,,,,,,,,,,3.0,,,,3.0,,,1,,4.0,,,,
2015-16,6768369,37,11,Everton,Away,784503,Kieran Dowell,kieran-dowell,M,True,,,,,,,,,,,,,,,,,,,,,,,,,,,,,,,,,,,,,,,,,,,,,,,,,,,,,0,,,,,,
2015-16,6768378,37,1,Manchester_United,Away,938,Michael Carrick,michael-carrick,M,False,,,7.0,40.0,17.0,57.0,,1.0,4.0,,,,,,,1.0,1.0,5.0,,,,,,,,1.0,,,88.0,,,,,,,,,,,7.4,,,,2.0,2.0,,,9.0,,47.0,20.0,67.0,0,2.0,77.0,,,2.0,
2015-16,6768378,37,45,Norwich_City,Home,9148,Graham Dorrans,graham-dorrans,M,True,1.0,,1.0,1.0,2.0,2.0,,1.0,,,,,,,,,1.0,3.0,,,1.0,,,,,,,,12.0,,,,,,,,,,,7.1,,,1.0,,,1.0,,1.0,,2.0,2.0,3.0,1,2.0,8.0,,,,
2015-16,6768378,37,45,Norwich_City,Home,14336,Wesley Hoolahan,wesley-hoolahan,M,False,2.0,,2.0,20.0,6.0,24.0,,,4.0,2.0,,,,,,3.0,5.0,4.0,,,2.0,,,,,,3.0,,90.0,,,,,,,,,,,7.4,,,,,,4.0,,6.0,,28.0,6.0,30.0,0,2.0,46.0,1.0,2.0,,
2015-16,6768378,37,45,Norwich_City,Home,20095,Matt Jarvis,matt-jarvis,M,True,,,,,,,,,,,,,,,,,,,,,,,,,,,,,,,,,,,,,,,,,,,,,,,,,,,,,0,,,,,,
2015-16,6768378,37,1,Manchester_United,Away,27009,Morgan Schneiderlin,morgan-schneiderlin,M,True,,,,3.0,2.0,5.0,,1.0,,,,,,,,,,1.0,,,,,,,,1.0,,,12.0,,,,,,,,,,,6.7,,,1.0,,,,,1.0,,4.0,3.0,7.0,1,,9.0,,,,
2015-16,6768378,37,1,Manchester_United,Away,28367,Juan Mata,juan-mata,M,False,2.0,,3.0,52.0,15.0,65.0,,,8.0,1.0,,1.0,1.0,,,1.0,4.0,4.0,,,1.0,,1.0,,,,4.0,,90.0,1.0,,,,,,,,,,7.9,,,,,2.0,6.0,,3.0,,60.0,15.0,69.0,2,,86.0,1.0,3.0,1.0,
2015-16,6768378,37,45,Norwich_City,Home,29691,Gary O'Neil,gary-oneil,M,False,1.0,,7.0,15.0,6.0,20.0,1.0,1.0,3.0,,,1.0,3.0,,,,6.0,2.0,,,2.0,,,,,3.0,,,90.0,,,,,,,,,,,6.5,,,1.0,1.0,,4.0,,11.0,,27.0,8.0,31.0,2,,47.0,,1.0,,
2015-16,6768378,37,1,Manchester_United,Away,82474,Ander Herrera,ander-herrera,M,False,,,3.0,44.0,19.0,63.0,,,5.0,,,2.0,2.0,,,1.0,3.0,11.0,,,,,,,,1.0,3.0,,90.0,,1.0,,,,,,,,,8.3,,,2.0,2.0,3.0,1.0,,4.0,1.0,55.0,21.0,75.0,4,6.0,99.0,1.0,2.0,3.0,
2015-16,6768378,37,45,Norwich_City,Home,115346,Nathan Redmond,nathan-redmond,M,False,1.0,,1.0,11.0,4.0,14.0,,,8.0,1.0,,1.0,1.0,,,3.0,4.0,8.0,,,,,,,,1.0,2.0,,90.0,,,,,,,,,,,7.2,,,,1.0,5.0,5.0,,4.0,,21.0,4.0,20.0,1,1.0,46.0,1.0,2.0,5.0,
2015-16,6768378,37,45,Norwich_City,Home,267621,Robbie Brady,robbie-brady,M,False,1.0,,,7.0,3.0,9.0,1.0,1.0,1.0,,,,2.0,,,1.0,4.0,2.0,,,,,,,,2.0,1.0,,63.0,,,,,,,,,,,6.5,,,,,,3.0,,,,13.0,3.0,13.0,0,1.0,21.0,1.0,,,
2015-16,6768378,37,1,Manchester_United,Away,328145,Adnan Januzaj,adnan-januzaj,M,True,,,,,,,,,,,,,,,,,,,,,,,,,,,,,,,,,,,,,,,,,,,,,,,,,,,,,0,,,,,,
2015-16,6768380,37,31,Crystal_Palace,Home,3574,Yohan Cabaye,yohan-cabaye,M,False,,,1.0,13.0,11.0,24.0,,,2.0,,,2.0,3.0,,,,4.0,1.0,,,1.0,,,,,3.0,,,45.0,,,,,,,,,,,6.2,,,,,,1.0,,3.0,,17.0,12.0,28.0,2,,36.0,1.0,1.0,,
2015-16,6768380,37,110,Stoke_City,Away,9360,Charlie Adam,charlie-adam,M,False,,,3.0,9.0,8.0,17.0,,1.0,,,,1.0,2.0,,,,4.0,5.0,,,2.0,,1.0,,,,,,65.0,1.0,1.0,,,,,,,,,7.1,,,,1.0,,2.0,,6.0,,18.0,9.0,25.0,2,2.0,39.0,3.0,2.0,,
2015-16,6768380,37,110,Stoke_City,Away,9682,Stephen Ireland,stephen-ireland,M,True,1.0,,3.0,9.0,5.0,13.0,1.0,,2.0,1.0,,,1.0,,,,3.0,1.0,,,1.0,,,,,1.0,2.0,,25.0,,,,,,,,,,,7.1,,,,,1.0,2.0,,3.0,,14.0,5.0,17.0,0,,22.0,1.0,,1.0,
2015-16,6768380,37,31,Crystal_Palace,Home,9921,Joe Ledley,joe-ledley,M,True,,,,3.0,2.0,5.0,,,,,,,,,,,1.0,,,,1.0,,,,,,,,11.0,,,,,,,,,,,6.5,,,,,,,,,,3.0,2.0,5.0,0,,5.0,,,,
2015-16,6768380,37,110,Stoke_City,Away,10535,Glenn Whelan,glenn-whelan,M,False,1.0,,,12.0,14.0,25.0,,,3.0,,,,1.0,,,,3.0,2.0,,,2.0,,,,,5.0,1.0,,75.0,,1.0,,,,,,,,,6.9,,,,3.0,,1.0,,4.0,,21.0,14.0,34.0,0,2.0,47.0,,,,
2015-16,6768380,37,31,Crystal_Palace,Home,19593,Jason Puncheon,jason-puncheon,M,False,2.0,,1.0,24.0,15.0,37.0,1.0,1.0,2.0,,1.0,,1.0,,,1.0,4.0,4.0,,,1.0,,,,,1.0,3.0,,90.0,1.0,,,,,,,,,,7.0,,,2.0,,1.0,7.0,,4.0,,36.0,16.0,45.0,3,1.0,72.0,7.0,1.0,1.0,
2015-16,6768380,37,31,Crystal_Palace,Home,38130,Jordon Mutch,jordon-mutch,M,True,,,,4.0,6.0,10.0,1.0,1.0,1.0,,,,,,,,1.0,2.0,,,,,,,,,,,34.0,,,,,,,,,,,6.7,,,1.0,,1.0,2.0,,,,9.0,6.0,13.0,1,,18.0,,,1.0,
2015-16,6768380,37,31,Crystal_Palace,Home,39282,James McArthur,james-mcarthur,M,False,,,3.0,36.0,26.0,62.0,4.0,2.0,8.0,,,,1.0,,,1.0,9.0,7.0,,,2.0,,,,,6.0,2.0,,90.0,,,,,,,,,,,7.1,,,,,2.0,1.0,,8.0,,44.0,26.0,69.0,0,2.0,87.0,,2.0,1.0,
2015-16,6768380,37,110,Stoke_City,Away,65953,Xherdan Shaqiri,xherdan-shaqiri,M,False,,,1.0,9.0,3.0,12.0,1.0,,5.0,,1.0,,,,,1.0,4.0,1.0,,,1.0,,,,,,1.0,,65.0,1.0,1.0,,,,,,,,,6.4,,,1.0,,2.0,1.0,,2.0,1.0,11.0,4.0,14.0,2,,22.0,,,1.0,
2015-16,6768380,37,31,Crystal_Palace,Home,84686,Pape Souaré,pape-souare,M,False,1.0,,1.0,11.0,12.0,22.0,,2.0,4.0,,,,1.0,,,1.0,2.0,5.0,,,,,,,,3.0,1.0,,90.0,,,,,,,,,,,6.9,,,1.0,3.0,,5.0,,6.0,,22.0,13.0,30.0,1,2.0,59.0,1.0,2.0,,
2015-16,6768380,37,110,Stoke_City,Away,96702,Giannelli Imbula,giannelli-imbula,M,False,,,,23.0,6.0,29.0,2.0,,9.0,,,,1.0,,,,5.0,5.0,,1.0,1.0,,,,,1.0,2.0,,90.0,,1.0,,,,,,,,,6.7,,,,,4.0,1.0,,,,27.0,7.0,33.0,0,,45.0,2.0,2.0,3.0,
2015-16,6768386,37,3,Arsenal,Away,10501,Theo Walcott,theo-walcott,M,True,,,,2.0,1.0,3.0,,,1.0,,1.0,,2.0,,,,3.0,1.0,,,,,,,,,,,31.0,,,,,,,,,,,6.1,,,1.0,,2.0,1.0,,,,4.0,1.0,4.0,1,,10.0,1.0,,1.0,
2015-16,6768386,37,43,Manchester_City,Home,13630,Fernandinho,fernandinho,M,False,,,2.0,30.0,13.0,43.0,1.0,5.0,9.0,,,,4.0,,,2.0,13.0,14.0,,,6.0,1.0,,,,1.0,1.0,,90.0,,,,,,,,,,,6.9,,,1.0,,4.0,,,6.0,,43.0,15.0,58.0,1,3.0,76.0,2.0,3.0,3.0,
2015-16,6768386,37,43,Manchester_City,Home,14468,Yaya Touré,yaya-toure,M,True,,,1.0,8.0,3.0,11.0,,,1.0,,,,,,,2.0,2.0,1.0,,,,,,,,,,,11.0,,,,,,,,,,,6.3,,,,,,,,2.0,,10.0,3.0,13.0,0,1.0,18.0,1.0,,,
2015-16,6768386,37,3,Arsenal,Away,17651,Santi Cazorla,santi-cazorla,M,True,,,,,,,,,,,,,,,,,,,,,,,,,,,,,,,,,,,,,,,,,,,,,,,,,,,,,0,,,,,,
2015-16,6768386,37,3,Arsenal,Away,23571,Aaron Ramsey,aaron-ramsey,M,False,,,2.0,23.0,15.0,38.0,3.0,2.0,12.0,,,1.0,4.0,,,2.0,12.0,14.0,,,2.0,,,,,1.0,,,90.0,,,,,,,,,,,6.7,,,,1.0,3.0,,,5.0,,32.0,23.0,55.0,1,7.0,81.0,2.0,4.0,2.0,
2015-16,6768386,37,43,Manchester_City,Home,24048,Fabian Delph,fabian-delph,M,True,,,,,,,,,,,,,,,,,,,,,,,,,,,,,,,,,,,,,,,,,,,,,,,,,,,,,0,,,,,,
2015-16,6768386,37,3,Arsenal,Away,38094,Jack Wilshere,jack-wilshere,M,True,,,,16.0,10.0,26.0,2.0,2.0,7.0,,,,2.0,,,1.0,7.0,11.0,,,1.0,,,,1.0,2.0,,,66.0,,,,,,,,,,,6.9,,,,2.0,5.0,,,,,18.0,12.0,30.0,0,3.0,45.0,1.0,2.0,4.0,
2015-16,6768386,37,3,Arsenal,Away,40672,Francis Coquelin,francis-coquelin,M,True,,,,1.0,2.0,3.0,,1.0,2.0,,,,,,,1.0,2.0,4.0,,,,,,,,1.0,,,14.0,,,,,,,,,,,6.8,,,,1.0,1.0,,,1.0,,4.0,2.0,6.0,0,3.0,14.0,,,,
2015-16,6768386,37,43,Manchester_City,Home,41837,Fernando,fernando-reges,M,False,,,2.0,21.0,6.0,27.0,3.0,5.0,7.0,,,,2.0,,,,7.0,11.0,,,2.0,,,,,5.0,,,79.0,,,,,,,,,,,7.2,,,,2.0,2.0,,,4.0,,26.0,7.0,33.0,0,3.0,50.0,1.0,1.0,2.0,
2015-16,6768386,37,43,Manchester_City,Home,70996,Kevin De Bruyne,kevin-de-bruyne,M,False,7.0,,1.0,34.0,2.0,29.0,3.0,1.0,7.0,,,,5.0,,,,8.0,11.0,,,,,1.0,,,1.0,4.0,,90.0,2.0,,,,,,,,,,8.8,,,1.0,,5.0,10.0,,3.0,1.0,44.0,3.0,37.0,3,4.0,65.0,2.0,1.0,5.0,
2015-16,6768386,37,3,Arsenal,Away,154508,Joel Campbell,joel-campbell,M,True,,,,,,,,,,,,,,,,,,,,,,,,,,,,,,,,,,,,,,,,,,,,,,,,,,,,,0,,,,,,
2015-16,6768386,37,3,Arsenal,Away,159675,Mohamed Elneny,mohamed-elneny,M,False,1.0,,2.0,14.0,15.0,28.0,,1.0,5.0,1.0,,,4.0,,,,4.0,1.0,,,,1.0,,,,1.0,1.0,,76.0,,1.0,,,,,,,,,6.7,,,,1.0,,2.0,,4.0,,20.0,16.0,34.0,0,,41.0,1.0,,,
2015-16,6768386,37,3,Arsenal,Away,352770,Alex Iwobi,alex-iwobi,M,False,,,,10.0,5.0,15.0,2.0,,1.0,,,,1.0,,,2.0,6.0,,,,1.0,,,,,,,,59.0,,,,,,,,,,,5.9,,,,,,1.0,,1.0,,13.0,6.0,18.0,0,,25.0,2.0,,,
2015-16,6768386,37,43,Manchester_City,Home,848355,Angeliño,angelino,M,True,,,,,,,,,,,,,,,,,,,,,,,,,,,,,,,,,,,,,,,,,,,,,,,,,,,,,0,,,,,,
2015-16,6768388,37,8,Chelsea,Away,518,Cesc Fàbregas,cesc-fabregas,M,False,1.0,,4.0,50.0,30.0,79.0,,,3.0,1.0,,1.0,1.0,,,1.0,3.0,6.0,,,,,,,,,1.0,,90.0,,1.0,,,,,,,,,7.4,,,,,3.0,2.0,,8.0,,64.0,32.0,94.0,1,4.0,114.0,1.0,,2.0,
2015-16,6768388,37,56,Sunderland,Home,524,Sebastian Larsson,sebastian-larsson,M,True,,,,2.0,1.0,3.0,,,2.0,,,,1.0,,,,2.0,,,,1.0,,,,,,,,19.0,,,,,,,,,,,6.4,,,,1.0,,1.0,,1.0,,4.0,1.0,4.0,0,,6.0,,,,
2015-16,6768388,37,8,Chelsea,Away,7311,John Obi Mikel,john-obi-mikel,M,False,,,1.0,26.0,39.0,65.0,,,3.0,,,,,,,1.0,2.0,6.0,,,1.0,,,,,,,,83.0,,1.0,,,,,,,,,7.3,,,,4.0,3.0,,,1.0,,28.0,42.0,70.0,0,3.0,85.0,,,3.0,
2015-16,6768388,37,56,Sunderland,Home,14210,Lee Cattermole,lee-cattermole,M,False,,,1.0,11.0,4.0,15.0,,,4.0,,,,,,,,2.0,2.0,,,2.0,,,,,3.0,1.0,,71.0,,,,,,,,,,,6.8,,,1.0,,,,,1.0,,17.0,5.0,22.0,1,1.0,31.0,,1.0,,
2015-16,6768388,37,8,Chelsea,Away,31417,Willian,willian,M,False,,,1.0,26.0,15.0,41.0,,,1.0,,,,2.0,,,1.0,3.0,2.0,,1.0,,,,,,,,,80.0,2.0,,,,,,,,,,6.2,,,,1.0,2.0,,,3.0,,36.0,17.0,53.0,2,,62.0,3.0,,2.0,
2015-16,6768388,37,56,Sunderland,Home,32045,Yann M'Vila,yann-mvila,M,False,,,4.0,22.0,14.0,36.0,2.0,2.0,13.0,,,,1.0,,,,3.0,4.0,,,,,,,,5.0,2.0,,90.0,,,,,,,,,,,7.4,,,1.0,,,1.0,,5.0,,32.0,14.0,45.0,1,2.0,54.0,,,,
2015-16,6768388,37,8,Chelsea,Away,39400,Oscar,oscar,M,True,,,,3.0,1.0,4.0,,,,,,,,,,,,,,,,,,,,,,,10.0,,,,,,,,,,,6.5,,,,,,,,,,4.0,1.0,5.0,0,,6.0,,,,
2015-16,6768388,37,56,Sunderland,Home,43473,Jan Kirchhoff,jan-kirchhoff,M,False,,,,15.0,5.0,20.0,1.0,1.0,5.0,,,3.0,1.0,,,,3.0,4.0,,,1.0,,,,,,,,64.0,,,,,,,,,,,6.4,,,,,,,,4.0,,25.0,5.0,30.0,3,3.0,38.0,1.0,,,
2015-16,6768388,37,8,Chelsea,Away,44241,Nemanja Matić,nemanja-matic,M,False,,,4.0,37.0,42.0,79.0,,1.0,8.0,,,,,,,,1.0,3.0,,,,,1.0,,,1.0,,,90.0,1.0,,,,,,,,,,7.5,,,,,2.0,,,5.0,,43.0,45.0,88.0,1,1.0,96.0,,,1.0,
2015-16,6768388,37,56,Sunderland,Home,240256,Duncan Watmore,duncan-watmore,M,True,,,,3.0,,3.0,,,1.0,,,,1.0,,,,3.0,3.0,,,,,,,,,,,26.0,,,,,,,,,,,6.5,,,,,3.0,,,,,4.0,1.0,5.0,0,1.0,11.0,,1.0,1.0,
2015-16,6768388,37,8,Chelsea,Away,284441,Ruben Loftus-Cheek,ruben-loftus-cheek,M,True,,,,,,,,,,,,,,,,,,,,,,,,,,,,,,,,,,,,,,,,,,,,,,,,,,,,,0,,,,,,
2015-16,6768388,37,8,Chelsea,Away,801391,Kenedy,kenedy,M,True,,,,,,,,,,,,,,,,,,,,,,,,,,,,,,,,,,,,,,,,,,,,,,,,,,,,,0,,,,,,
2015-16,6768398,37,20,Southampton,Away,559,Steven Davis,steven-davis,M,False,,,1.0,15.0,6.0,21.0,,,6.0,,,,2.0,,,,2.0,5.0,,,,,2.0,,,2.0,,,90.0,2.0,,,,,,,,,,8.3,,,,3.0,2.0,4.0,,4.0,,27.0,7.0,30.0,2,2.0,46.0,,1.0,2.0,
2015-16,6768398,37,6,Tottenham_Hotspur,Home,32492,Nacer Chadli,nacer-chadli,M,True,,,,6.0,1.0,7.0,1.0,,,,1.0,,,,,1.0,2.0,,,,,,,,,,,,12.0,1.0,,,,,,,,,,6.2,,,,,,,,,,7.0,1.0,8.0,1,,10.0,,,,
2015-16,6768398,37,6,Tottenham_Hotspur,Home,44567,Ryan Mason,ryan-mason,M,False,1.0,,5.0,49.0,16.0,64.0,1.0,1.0,4.0,,,,3.0,,,1.0,5.0,1.0,,,,,,,,,,,78.0,,,,,,,,,,,6.3,,,,1.0,,1.0,,7.0,,53.0,18.0,70.0,0,,76.0,1.0,,,
2015-16,6768398,37,20,Southampton,Away,44760,Cédric Soares,cedric-soares,M,True,,,,,,,,,,,,,,,,,,,,,,,,,,,,,,,,,,,,,,,,,,,,,,,,,,,,,0,,,,,,
2015-16,6768398,37,20,Southampton,Away,45956,Victor Wanyama,victor-wanyama,M,False,,,4.0,13.0,13.0,26.0,,1.0,8.0,,,,1.0,,,1.0,3.0,10.0,,,1.0,,,,,3.0,,,90.0,,,,,,,,,,,7.4,,,,3.0,,,,5.0,,18.0,15.0,33.0,0,7.0,46.0,1.0,2.0,,
2015-16,6768398,37,20,Southampton,Away,69416,Oriol Romeu,oriol-romeu,M,True,,,,2.0,2.0,4.0,1.0,1.0,2.0,,,1.0,2.0,,,,4.0,4.0,,,1.0,,,,,,,,32.0,,1.0,,,,,,,,,6.7,,,,2.0,,,,,,4.0,2.0,6.0,1,3.0,10.0,,,,
2015-16,6768398,37,6,Tottenham_Hotspur,Home,105734,Christian Eriksen,christian-eriksen,M,False,1.0,,4.0,46.0,18.0,63.0,2.0,,3.0,,,,1.0,,,2.0,8.0,2.0,,,1.0,,,,,1.0,1.0,,90.0,3.0,,,,,,,,,,6.9,,,1.0,1.0,3.0,4.0,,4.0,,59.0,21.0,76.0,4,,94.0,2.0,1.0,1.0,
2015-16,6768398,37,20,Southampton,Away,116946,Jordy Clasie,jordy-clasie,M,False,,,1.0,6.0,5.0,11.0,1.0,,1.0,,,,,,,,1.0,2.0,,,,,,,,3.0,2.0,,58.0,,,,,,,,,,,7.0,,,,,,,,1.0,,6.0,5.0,11.0,0,1.0,16.0,,1.0,,
2015-16,6768398,37,6,Tottenham_Hotspur,Home,122702,Erik Lamela,erik-lamela,M,False,2.0,,,32.0,7.0,37.0,,1.0,4.0,1.0,,1.0,1.0,,,3.0,9.0,10.0,,,4.0,1.0,,,,1.0,3.0,,90.0,,,,,,,,,,,7.7,,,1.0,,5.0,7.0,,1.0,,44.0,10.0,47.0,2,4.0,76.0,3.0,1.0,4.0,
2015-16,6768398,37,20,Southampton,Away,161717,James Ward-Prowse,james-ward-prowse,M,True,,,,2.0,2.0,4.0,1.0,,2.0,,,,1.0,,,,2.0,,,,,,,,,,,,4.0,,,,,,,,,,,6.5,,,1.0,,,,,,,2.0,2.0,4.0,1,,6.0,,,,
2015-16,6768398,37,20,Southampton,Away,217704,Sadio Mané,sadio-mane,M,False,,,,4.0,4.0,8.0,1.0,3.0,7.0,,,,,,,1.0,6.0,8.0,,,2.0,,,,,4.0,1.0,,65.0,,,,,,,,,,,6.9,,,,1.0,6.0,,,1.0,,9.0,5.0,14.0,0,1.0,30.0,1.0,,4.0,
2015-16,6768398,37,6,Tottenham_Hotspur,Home,545780,Harry Winks,harry-winks,M,True,,,,,,,,,,,,,,,,,,,,,,,,,,,,,,,,,,,,,,,,,,,,,,,,,,,,,0,,,,,,
2015-16,6768398,37,6,Tottenham_Hotspur,Home,801460,Tom Carroll,carroll-tom,M,True,,,,,,,,,,,,,,,,,,,,,,,,,,,,,,,,,,,,,,,,,,,,,,,,,,,,,0,,,,,,
2015-16,6768356,38,8,Chelsea,Home,518,Cesc Fàbregas,cesc-fabregas,M,False,,,8.0,56.0,20.0,76.0,,1.0,6.0,,,1.0,2.0,,,,4.0,8.0,,,,,1.0,,,,4.0,,90.0,3.0,,,,,,,,,,8.4,,,,3.0,5.0,3.0,,13.0,,65.0,24.0,86.0,4,4.0,113.0,,,3.0,
2015-16,6768356,38,13,Leicester_City,Away,30530,Andy King,andy-king,M,False,,,2.0,7.0,10.0,17.0,,,3.0,,,,,,,,,,,,,,,,,1.0,,,45.0,,,,,,,,,,,6.8,,,,,,,,4.0,,14.0,12.0,26.0,0,,30.0,,,,
2015-16,6768356,38,8,Chelsea,Home,31417,Willian,willian,M,False,,,,23.0,11.0,34.0,1.0,,6.0,,,1.0,3.0,,,1.0,10.0,1.0,,1.0,2.0,,,,,3.0,3.0,,90.0,1.0,,,,,,,,,,6.2,,,,,4.0,2.0,,3.0,,36.0,17.0,51.0,2,,66.0,1.0,,1.0,
2015-16,6768356,38,8,Chelsea,Home,39400,Oscar,oscar,M,True,,,,,,,,,,,,,,,,,,,,,,,,,,,,,,,,,,,,,,,,,,,,,,,,,,,,,0,,,,,,
2015-16,6768356,38,8,Chelsea,Home,44241,Nemanja Matić,nemanja-matic,M,False,,,4.0,27.0,25.0,52.0,,,9.0,,,1.0,1.0,,,2.0,3.0,8.0,,,,,,,,3.0,2.0,,90.0,,,,,,,,1.0,,,7.7,,,,3.0,3.0,,,4.0,,29.0,29.0,58.0,1,3.0,76.0,,2.0,3.0,
2015-16,6768356,38,13,Leicester_City,Away,47737,Marc Albrighton,marc-albrighton,M,True,,,,1.0,,1.0,,,,,,,,,,1.0,1.0,,,,,,,,,,,,10.0,,,,,,,,,,,6.4,,,,,,,,,,3.0,,3.0,0,,5.0,,,,
2015-16,6768356,38,13,Leicester_City,Away,54330,Danny Drinkwater,danny-drinkwater,M,False,2.0,,5.0,38.0,25.0,61.0,1.0,,13.0,,,1.0,3.0,,,1.0,6.0,8.0,,,1.0,,1.0,,,,2.0,,90.0,1.0,2.0,,,,,,,,,8.1,,,,1.0,1.0,5.0,,11.0,,52.0,25.0,72.0,2,6.0,93.0,,1.0,1.0,
2015-16,6768356,38,13,Leicester_City,Away,148710,Jeffrey Schlupp,jeffrey-schlupp,M,True,1.0,,1.0,16.0,2.0,17.0,,1.0,2.0,1.0,,2.0,2.0,,,2.0,7.0,5.0,,,2.0,1.0,,,,2.0,3.0,,45.0,1.0,,,1.0,,,,,,,6.5,,,,,2.0,1.0,,1.0,,18.0,3.0,20.0,3,2.0,35.0,2.0,1.0,1.0,
2015-16,6768356,38,13,Leicester_City,Away,158213,Riyad Mahrez,riyad-mahrez,M,False,1.0,,,24.0,13.0,36.0,2.0,,10.0,1.0,,,3.0,,,4.0,17.0,9.0,,,2.0,,,,,,3.0,,80.0,1.0,1.0,,,,,,,,,6.5,,,,,13.0,5.0,,1.0,,34.0,13.0,42.0,1,1.0,74.0,1.0,1.0,7.0,
2015-16,6768356,38,13,Leicester_City,Away,234148,N'Golo Kanté,n-golo-kante,M,False,,,,34.0,20.0,54.0,,1.0,8.0,,,,3.0,,,1.0,6.0,12.0,,,1.0,,,,,4.0,1.0,,90.0,,,,,,,,,,,7.9,,,1.0,2.0,2.0,,,1.0,,43.0,22.0,65.0,1,10.0,92.0,1.0,,1.0,
2015-16,6768356,38,8,Chelsea,Home,284441,Ruben Loftus-Cheek,ruben-loftus-cheek,M,True,,,,12.0,7.0,19.0,1.0,1.0,3.0,,,1.0,3.0,,,1.0,7.0,2.0,,,,,,,,,,,36.0,,,,,,,,,,,5.9,,,,1.0,2.0,,,,,15.0,7.0,22.0,1,1.0,29.0,,,,
2015-16,6768356,38,13,Leicester_City,Away,308526,Daniel Amartey,daniel-amartey,M,True,,,,,,,,,,,,,,,,,,,,,,,,,,,,,,,,,,,,,,,,,,,,,,,,,,,,,0,,,,,,
2015-16,6768356,38,13,Leicester_City,Away,355152,Demarai Gray,demarai-gray,M,False,,,1.0,13.0,1.0,14.0,2.0,1.0,1.0,,,1.0,1.0,,,1.0,5.0,3.0,,,,,,,,1.0,1.0,,45.0,1.0,,,,,,,,,,6.7,,,1.0,,3.0,1.0,,1.0,,15.0,2.0,16.0,3,,26.0,1.0,,2.0,
2015-16,6768356,38,8,Chelsea,Home,801391,Kenedy,kenedy,M,True,,,,,,,,,,,,,,,,,,,,,,,,,,,,,,,,,,,,,,,,,,,,,,,,,,,,,0,,,,,,
2015-16,6768360,38,110,Stoke_City,Home,9360,Charlie Adam,charlie-adam,M,True,3.0,,1.0,6.0,2.0,5.0,,,1.0,,,,,,,,1.0,1.0,,,1.0,1.0,,,,,1.0,,12.0,1.0,,,,,,,,,,7.9,,,,,,5.0,,1.0,,8.0,2.0,5.0,1,1.0,14.0,1.0,,,
2015-16,6768360,38,21,West_Ham_United,Away,9741,Mark Noble,mark-noble,M,False,1.0,,1.0,31.0,16.0,46.0,,,7.0,1.0,,,3.0,,,,4.0,5.0,,,1.0,,,,,,3.0,,90.0,,,,,,,,,,,7.0,,,,,,1.0,,1.0,,36.0,17.0,52.0,0,4.0,61.0,2.0,1.0,,
2015-16,6768360,38,110,Stoke_City,Home,10535,Glenn Whelan,glenn-whelan,M,False,,,,23.0,29.0,52.0,,1.0,8.0,,,,3.0,2.0,,2.0,6.0,3.0,,,1.0,,,,,,,,90.0,,2.0,,,,,,,,,6.6,,,,2.0,,3.0,,3.0,,32.0,29.0,58.0,0,2.0,75.0,1.0,1.0,,
2015-16,6768360,38,21,West_Ham_United,Away,45944,Cheikhou Kouyaté,cheikhou-kouyate,M,False,,,,13.0,20.0,33.0,3.0,2.0,11.0,,,1.0,5.0,,,1.0,13.0,7.0,,,2.0,,,,,,,,90.0,1.0,,,,,,,,,,5.8,,,,1.0,3.0,1.0,,,,15.0,23.0,37.0,2,3.0,51.0,1.0,1.0,1.0,
2015-16,6768360,38,21,West_Ham_United,Away,46799,Pedro Obiang,pedro-obiang,M,True,,,,,,,,,,,,,,,,,,,,,,,,,,,,,,,,,,,,,,,,,,,,,,,,,,,,,0,,,,,,
2015-16,6768360,38,110,Stoke_City,Home,65953,Xherdan Shaqiri,xherdan-shaqiri,M,True,,,,,,,,,,,,,,,,,,,,,,,,,,,,,,,,,,,,,,,,,,,,,,,,,,,,,0,,,,,,
2015-16,6768360,38,110,Stoke_City,Home,96702,Giannelli Imbula,giannelli-imbula,M,False,,,,21.0,18.0,39.0,,1.0,12.0,,,1.0,,,,1.0,3.0,8.0,,,1.0,,1.0,,,,1.0,,90.0,2.0,,,,,,,,,,7.9,,,,,4.0,,,3.0,,28.0,20.0,48.0,3,3.0,61.0,,1.0,3.0,
2015-16,6768360,38,21,West_Ham_United,Away,220315,Manuel Lanzini,manuel-lanzini,M,False,4.0,,2.0,33.0,26.0,55.0,,,7.0,,,2.0,1.0,,,2.0,4.0,4.0,,,,,,,,1.0,3.0,,90.0,,,,,,,,,,,7.0,,,1.0,,4.0,12.0,,7.0,,48.0,27.0,63.0,3,,93.0,3.0,1.0,3.0,
2015-16,6768363,38,3,Arsenal,Home,1152,Mikel Arteta,mikel-arteta,M,True,,,1.0,5.0,4.0,9.0,,,2.0,1.0,1.0,,,,,,,,,,,,,,1.0,,1.0,,2.0,1.0,,,,,,,,,,,,,,,,,,1.0,,5.0,4.0,9.0,1,,10.0,,,,
2015-16,6768363,38,3,Arsenal,Home,16176,Mesut Özil,mesut-ozil,M,False,2.0,,3.0,58.0,7.0,63.0,,,4.0,2.0,,,,,,,2.0,1.0,,,1.0,1.0,,,,,4.0,,88.0,,,,,,,,,,,8.0,,,,,1.0,7.0,,3.0,,71.0,7.0,71.0,0,,80.0,,1.0,,
2015-16,6768363,38,3,Arsenal,Home,17651,Santi Cazorla,santi-cazorla,M,False,1.0,,4.0,63.0,10.0,72.0,,,8.0,,,,1.0,,,,2.0,5.0,,,1.0,,,,,1.0,1.0,,88.0,1.0,,,,,,,,,,7.6,,,,1.0,1.0,5.0,,5.0,,74.0,11.0,80.0,1,3.0,95.0,1.0,1.0,1.0,
2015-16,6768363,38,3,Arsenal,Home,23571,Aaron Ramsey,aaron-ramsey,M,True,,,,,,,,,,,,,,,,,,,,,,,,,,,,,,,,,,,,,,,,,,,,,,,,,,,,,0,,,,,,
2015-16,6768363,38,7,Aston_Villa,Away,24055,Scott Sinclair,scott-sinclair,M,False,,,2.0,16.0,6.0,22.0,1.0,,2.0,,,1.0,,,,4.0,5.0,1.0,,,,,,,,1.0,,,90.0,,,,,,,,,,,6.4,,,,,,,,5.0,,19.0,10.0,29.0,1,,39.0,,1.0,,
2015-16,6768363,38,3,Arsenal,Home,38094,Jack Wilshere,jack-wilshere,M,False,,,,29.0,5.0,34.0,,,4.0,,1.0,,2.0,,,,3.0,2.0,,,,,,,,,1.0,,69.0,,,,,,,,,,,6.5,,,1.0,1.0,2.0,,,,,35.0,7.0,42.0,1,,53.0,2.0,1.0,1.0,
2015-16,6768363,38,3,Arsenal,Home,40672,Francis Coquelin,francis-coquelin,M,False,,,6.0,51.0,18.0,69.0,1.0,,16.0,,,,1.0,,,,3.0,3.0,,,1.0,,,,,5.0,2.0,,90.0,,1.0,,,,,,,,,7.7,,,,,1.0,,,7.0,,55.0,21.0,76.0,0,1.0,91.0,2.0,1.0,1.0,
2015-16,6768363,38,7,Aston_Villa,Away,49647,Ashley Westwood,ashley-westwood,M,False,3.0,,1.0,24.0,17.0,38.0,1.0,,6.0,,,,4.0,,,1.0,6.0,1.0,,,,,,,,2.0,2.0,,90.0,1.0,,,,,,,,,,6.4,,,,,,6.0,,3.0,,29.0,22.0,45.0,1,,58.0,,1.0,,
2015-16,6768363,38,7,Aston_Villa,Away,74545,Leandro Bacuna,leandro-bacuna,M,False,,,4.0,15.0,16.0,31.0,,1.0,6.0,,,,2.0,,,,3.0,6.0,,1.0,1.0,,,,,3.0,,,90.0,,,,,,,,,,,6.2,,,,4.0,,3.0,,8.0,,21.0,22.0,40.0,0,3.0,60.0,,3.0,,
2015-16,6768363,38,7,Aston_Villa,Away,106337,Idrissa Gana Gueye,idrissa-gana-gueye,M,False,,,3.0,41.0,13.0,54.0,,,6.0,,,,,,,,2.0,5.0,,,2.0,,,,,1.0,1.0,,90.0,,,,,,,,,,,6.6,,,,,3.0,,,6.0,,46.0,15.0,61.0,0,2.0,71.0,,1.0,2.0,
2015-16,6768363,38,3,Arsenal,Home,154508,Joel Campbell,joel-campbell,M,True,,,,5.0,,5.0,,,,,,,,,,1.0,2.0,,,,,,,,,,,,2.0,,,,,,,,,,,,,,,,1.0,,,,,5.0,,5.0,0,,7.0,,,,
2015-16,6768363,38,3,Arsenal,Home,159675,Mohamed Elneny,mohamed-elneny,M,True,,,,15.0,6.0,21.0,,,,,2.0,,,,,,,,,,,,,,,,,,21.0,,,,,,,,,,,6.2,,,2.0,,,,,,,15.0,6.0,21.0,2,,23.0,,,,
2015-16,6768363,38,7,Aston_Villa,Away,189061,Jack Grealish,jack-grealish,M,True,,,1.0,2.0,7.0,9.0,,,4.0,,,1.0,,,,,,3.0,,,,,,,,,,,15.0,,,,,,,,,,,6.7,,,,,2.0,,,1.0,,3.0,7.0,10.0,1,1.0,15.0,,,2.0,
2015-16,6768363,38,7,Aston_Villa,Away,254895,Carles Gil,carles-gil,M,True,,,,,,,,,,,,,,,,,,,,,,,,,,,,,,,,,,,,,,,,,,,,,,,,,,,,,0,,,,,,
2015-16,6768363,38,3,Arsenal,Home,352770,Alex Iwobi,alex-iwobi,M,True,,,,,,,,,,,,,,,,,,,,,,,,,,,,,,,,,,,,,,,,,,,,,,,,,,,,,0,,,,,,
2015-16,6768363,38,7,Aston_Villa,Away,827284,Jordan Lyden,jordan-lyden,M,False,,,1.0,15.0,14.0,29.0,,,5.0,,,,2.0,,,1.0,3.0,2.0,,,,,,,,1.0,,,75.0,,,,,,,,,,,6.3,,,,6.0,,1.0,,2.0,,20.0,19.0,38.0,0,1.0,49.0,,1.0,,
2015-16,6768370,38,20,Southampton,Home,559,Steven Davis,steven-davis,M,False,2.0,,4.0,34.0,9.0,41.0,1.0,,12.0,,,,,,,,1.0,2.0,,,,,1.0,,,2.0,3.0,,90.0,1.0,1.0,,,,,,,,,8.0,,,1.0,2.0,1.0,3.0,,4.0,,40.0,11.0,48.0,2,,65.0,3.0,1.0,1.0,
2015-16,6768370,38,31,Crystal_Palace,Away,19593,Jason Puncheon,jason-puncheon,M,False,1.0,,1.0,30.0,9.0,38.0,,,2.0,1.0,,3.0,2.0,,,1.0,5.0,5.0,,,1.0,,1.0,,,,1.0,,90.0,1.0,,,,,,,,,,7.3,,,1.0,,4.0,3.0,,2.0,,35.0,12.0,44.0,5,2.0,67.0,3.0,,3.0,
2015-16,6768370,38,31,Crystal_Palace,Away,38130,Jordon Mutch,jordon-mutch,M,False,,,,9.0,4.0,13.0,,,2.0,,,,,,,,,3.0,,,,,,,,1.0,,,45.0,,,,,,,,,,,6.6,,,,,,3.0,,1.0,,14.0,4.0,15.0,0,2.0,23.0,1.0,1.0,,
2015-16,6768370,38,31,Crystal_Palace,Away,38639,Chung-yong Lee,chung-yong-lee,M,True,,,,5.0,5.0,10.0,,,2.0,,,,,,,1.0,1.0,2.0,,,,,,,,1.0,,,12.0,,,,,,,,,,,6.7,,,,,1.0,,,,,5.0,5.0,10.0,0,1.0,16.0,,,1.0,
2015-16,6768370,38,31,Crystal_Palace,Away,39282,James McArthur,james-mcarthur,M,False,1.0,,4.0,16.0,19.0,34.0,1.0,2.0,7.0,,,2.0,,,,2.0,4.0,3.0,,,2.0,,,,,,,,78.0,,1.0,,,,,,,,,6.6,,,,,1.0,1.0,,6.0,,19.0,20.0,38.0,2,,51.0,,,1.0,
2015-16,6768370,38,20,Southampton,Home,44760,Cédric Soares,cedric-soares,M,True,,,,,,,,,,,,,,,,,,,,,,,,,,,,,,,,,,,,,,,,,,,,,,,,,,,,,0,,,,,,
2015-16,6768370,38,20,Southampton,Home,45956,Victor Wanyama,victor-wanyama,M,False,,,5.0,25.0,14.0,39.0,5.0,1.0,6.0,,,,2.0,,,1.0,9.0,6.0,,,1.0,,,,,1.0,,,90.0,,,,,,,,,,,6.7,,,1.0,4.0,1.0,1.0,,7.0,,29.0,18.0,46.0,1,3.0,60.0,,1.0,1.0,
2015-16,6768370,38,20,Southampton,Home,69416,Oriol Romeu,oriol-romeu,M,False,,,2.0,11.0,19.0,30.0,2.0,,5.0,,,,2.0,,,,4.0,3.0,,,,,,,,1.0,1.0,,45.0,1.0,1.0,,,,,,,,,7.2,,,,3.0,,,,3.0,,13.0,20.0,33.0,1,1.0,43.0,1.0,2.0,,
2015-16,6768370,38,31,Crystal_Palace,Away,84686,Pape Souaré,pape-souare,M,False,,,2.0,13.0,16.0,29.0,,,1.0,,,,,,,1.0,1.0,2.0,,,,,,,,4.0,,,90.0,,,,,,,,,,,6.0,,,1.0,2.0,,3.0,,7.0,,23.0,17.0,37.0,1,,59.0,1.0,2.0,,
2015-16,6768370,38,20,Southampton,Home,161717,James Ward-Prowse,james-ward-prowse,M,True,1.0,,1.0,7.0,1.0,7.0,,,2.0,,,,,,,,,1.0,,,,,,,,1.0,1.0,,18.0,,1.0,,,,,,,,,7.0,,,,,,3.0,,1.0,,10.0,2.0,9.0,0,1.0,17.0,,,,
2015-16,6768370,38,20,Southampton,Home,217704,Sadio Mané,sadio-mane,M,False,1.0,,1.0,26.0,5.0,30.0,,1.0,6.0,,,1.0,1.0,,,1.0,3.0,7.0,,,,,1.0,,,3.0,1.0,,90.0,1.0,,,,,,,1.0,,,8.1,,,3.0,,3.0,3.0,,1.0,1.0,35.0,5.0,37.0,5,2.0,59.0,1.0,2.0,2.0,
2015-16,6768370,38,20,Southampton,Home,365802,Harrison Reed,harrison-reed,M,True,,,,,,,,,,,,,,,,,,,,,,,,,,,,,,,,,,,,,,,,,,,,,,,,,,,,,0,,,,,,
2015-16,6768370,38,31,Crystal_Palace,Away,785840,Jake Gray,jake-gray,M,True,,,,,,,,,,,,,,,,,,,,,,,,,,,,,,,,,,,,,,,,,,,,,,,,,,,,,0,,,,,,
2015-16,6768377,38,11,Everton,Home,544,Gareth Barry,gareth-barry,M,False,,,3.0,20.0,20.0,40.0,,4.0,10.0,1.0,,,,,,,1.0,13.0,,,1.0,,,,,2.0,2.0,,90.0,,,,,,,,,,,8.1,,,,4.0,,,,10.0,,35.0,22.0,57.0,0,8.0,77.0,,1.0,,
2015-16,6768377,38,11,Everton,Home,1161,Leon Osman,leon-osman,M,True,,,,,,,,,,,,,,,,,,,,,,,,,,,,,,,,,,,,,,,,,,,,,,,,,,,,,0,,,,,,
2015-16,6768377,38,11,Everton,Home,3593,Kevin Mirallas,kevin-mirallas,M,False,2.0,,,18.0,7.0,23.0,1.0,1.0,3.0,,,,1.0,,,,3.0,7.0,,,,,1.0,,,1.0,3.0,,90.0,1.0,,,,,,,,,,7.9,,,1.0,1.0,1.0,4.0,,1.0,1.0,23.0,7.0,26.0,2,4.0,51.0,3.0,2.0,,
2015-16,6768377,38,45,Norwich_City,Away,9148,Graham Dorrans,graham-dorrans,M,False,1.0,,6.0,34.0,18.0,51.0,,,2.0,,,,3.0,,,1.0,4.0,3.0,,,,,,,,2.0,1.0,,90.0,,,,,,,,,,,6.6,,,,,1.0,2.0,,9.0,,42.0,19.0,59.0,0,,67.0,,2.0,1.0,
2015-16,6768377,38,11,Everton,Home,9692,Aaron Lennon,aaron-lennon,M,True,,,,10.0,4.0,14.0,,,3.0,,,,,,,,,2.0,,,,,,,,,1.0,,37.0,,,,,,,,,,,7.0,,,1.0,2.0,2.0,1.0,,1.0,,13.0,5.0,17.0,1,,25.0,,,2.0,
2015-16,6768377,38,45,Norwich_City,Away,14336,Wesley Hoolahan,wesley-hoolahan,M,True,,,,20.0,3.0,23.0,,,4.0,,,,,,,1.0,2.0,1.0,,,,,,,,,,,19.0,,,,,,,,,,,6.6,,,,,2.0,1.0,,,,24.0,3.0,26.0,0,,31.0,,,1.0,
2015-16,6768377,38,45,Norwich_City,Away,17806,Vadis Odjidja-Ofoe,vadis-odjidja-ofoe,M,True,,,,,,,,,,,,,,,,,,,,,,,,,,,,,,,,,,,,,,,,,,,,,,,,,,,,,0,,,,,,
2015-16,6768377,38,45,Norwich_City,Away,20095,Matt Jarvis,matt-jarvis,M,False,2.0,,,13.0,4.0,15.0,,,1.0,,,,,,,,2.0,3.0,,,,,,,,,3.0,,71.0,,1.0,,,,,,,,,6.6,,,1.0,,4.0,4.0,,,,17.0,5.0,18.0,1,1.0,32.0,1.0,,2.0,
2015-16,6768377,38,45,Norwich_City,Away,29691,Gary O'Neil,gary-oneil,M,False,,,7.0,28.0,20.0,48.0,,2.0,9.0,,,,2.0,,,2.0,7.0,4.0,,,3.0,,,,,,,,90.0,,,,,,,,,,,6.8,,,,1.0,,,,9.0,,37.0,25.0,62.0,0,2.0,68.0,,,,
2015-16,6768377,38,11,Everton,Home,39283,James McCarthy,james-mccarthy,M,False,,,3.0,17.0,3.0,20.0,1.0,,3.0,,,,1.0,,,,2.0,1.0,,,,,1.0,,,1.0,,,53.0,1.0,,,,,,,,,,7.3,,,,1.0,,,,3.0,,17.0,4.0,21.0,1,,27.0,1.0,1.0,,
2015-16,6768377,38,11,Everton,Home,46432,Tom Cleverley,tom-cleverley,M,True,,,,,,,,,,,,,,,,,,,,,,,,,,,,,,,,,,,,,,,,,,,,,,,,,,,,,0,,,,,,
2015-16,6768377,38,45,Norwich_City,Away,69018,Anthony Andreu,anthony-andreu,M,True,,,,,,,,,,,,,,,,,,,,,,,,,,,,,,,,,,,,,,,,,,,,,,,,,,,,,0,,,,,,
2015-16,6768377,38,11,Everton,Home,98435,Ross Barkley,ross-barkley,M,True,,,,8.0,4.0,12.0,,,2.0,,,,,,,,3.0,3.0,,,,,,,,,,,21.0,1.0,,,,,,,,,,6.6,,,,,6.0,,,1.0,,10.0,4.0,14.0,1,,24.0,2.0,,3.0,
2015-16,6768377,38,45,Norwich_City,Away,115346,Nathan Redmond,nathan-redmond,M,False,6.0,,1.0,30.0,12.0,36.0,1.0,,4.0,,,,,,,2.0,5.0,,,,1.0,,,,,1.0,4.0,,90.0,,1.0,,,,,,,,,6.8,,,2.0,1.0,1.0,13.0,,2.0,,43.0,12.0,42.0,2,,69.0,3.0,,,
2015-16,6768377,38,45,Norwich_City,Away,267621,Robbie Brady,robbie-brady,M,True,,,2.0,25.0,9.0,34.0,,1.0,8.0,,,,1.0,,,2.0,4.0,11.0,,,1.0,,,,,8.0,,,80.0,1.0,,,1.0,,,,,,,6.9,,,,6.0,3.0,6.0,,6.0,,40.0,11.0,45.0,1,7.0,89.0,1.0,,3.0,
2015-16,6768377,38,11,Everton,Home,784503,Kieran Dowell,kieran-dowell,M,False,,,,18.0,5.0,23.0,,,4.0,,,,3.0,,,3.0,8.0,2.0,,,1.0,,,,,,1.0,,69.0,,,,,,,,,,,5.9,,,,,3.0,5.0,,1.0,,25.0,8.0,28.0,0,,45.0,2.0,,2.0,
2015-16,6768377,38,11,Everton,Home,795058,Tom Davies,tom-davies,M,False,,,2.0,16.0,11.0,27.0,1.0,,4.0,,,1.0,1.0,,,,5.0,4.0,,,2.0,,,,,4.0,,,90.0,,,,,,,,,,,6.8,,,,1.0,2.0,1.0,,3.0,,22.0,13.0,34.0,1,1.0,52.0,4.0,2.0,1.0,
2015-16,6768379,38,56,Sunderland,Away,524,Sebastian Larsson,sebastian-larsson,M,False,,,,8.0,14.0,22.0,1.0,1.0,2.0,,,,2.0,,,,3.0,4.0,,,,,,,,,,,62.0,,,,,,,,,,,6.4,,,,3.0,,5.0,,4.0,,19.0,16.0,30.0,0,3.0,42.0,,,,
2015-16,6768379,38,57,Watford,Home,642,Ben Watson,ben-watson,M,False,,,2.0,17.0,22.0,39.0,,,8.0,,,,1.0,,,,3.0,3.0,,,2.0,,,,,4.0,2.0,,90.0,,,,,,,,,,,6.8,,,,,,,,4.0,,20.0,25.0,45.0,0,2.0,55.0,1.0,1.0,,
2015-16,6768379,38,57,Watford,Home,4366,Almen Abdi,almen-abdi,M,False,,,1.0,22.0,10.0,32.0,1.0,1.0,3.0,,,1.0,2.0,,,3.0,6.0,4.0,,,,,,,1.0,,1.0,,66.0,1.0,,,,,,,,,,6.6,,,2.0,,1.0,1.0,,5.0,,30.0,13.0,42.0,4,1.0,57.0,1.0,1.0,1.0,
2015-16,6768379,38,57,Watford,Home,13990,José Jurado,jose-jurado,M,False,1.0,,2.0,23.0,9.0,31.0,,,7.0,,,,1.0,,,1.0,3.0,4.0,,1.0,,,,,,2.0,3.0,,80.0,1.0,,,,,,,1.0,,,7.4,,,1.0,,2.0,2.0,,3.0,,27.0,12.0,37.0,2,,54.0,1.0,3.0,1.0,
2015-16,6768379,38,57,Watford,Home,20364,Ikechi Anya,ikechi-anya,M,True,,,,,,,,,,,,,,,,,,,,,,,,,,,,,,,,,,,,,,,,,,,,,,,,,,,,,0,,,,,,
2015-16,6768379,38,57,Watford,Home,27714,Nordin Amrabat,nordin-amrabat,M,True,1.0,,,4.0,2.0,5.0,,,2.0,,,,1.0,,,2.0,3.0,,,,,,,,,,,,10.0,,,,,,,,,,,6.1,,,,,,2.0,,1.0,,5.0,4.0,7.0,0,,14.0,1.0,,,
2015-16,6768379,38,56,Sunderland,Away,32045,Yann M'Vila,yann-mvila,M,True,,,3.0,8.0,6.0,14.0,1.0,,5.0,,,,,,,,2.0,4.0,,,1.0,,,,,1.0,,,28.0,,,,,,,,,,,7.0,,,,1.0,1.0,1.0,,5.0,,14.0,8.0,21.0,0,1.0,29.0,,2.0,1.0,
2015-16,6768379,38,57,Watford,Home,45989,Adlène Guédioura,adlene-guedioura,M,False,5.0,,2.0,28.0,21.0,44.0,3.0,1.0,8.0,1.0,,,1.0,,,3.0,9.0,4.0,,,2.0,1.0,,,,5.0,4.0,,90.0,,,,,,,,,,,7.3,,,2.0,,1.0,12.0,,5.0,,46.0,26.0,60.0,2,1.0,90.0,2.0,1.0,1.0,
2015-16,6768379,38,57,Watford,Home,47668,Juan Carlos Paredes,juan-carlos-paredes,M,True,1.0,,1.0,7.0,5.0,11.0,,,2.0,,,,,,,,,,,,,,,,,,,,45.0,,,,,,,,,,,6.5,,,1.0,1.0,,3.0,,2.0,,10.0,5.0,12.0,1,,24.0,1.0,,,
2015-16,6768379,38,56,Sunderland,Away,240256,Duncan Watmore,duncan-watmore,M,False,,,1.0,5.0,4.0,9.0,1.0,,2.0,,,,,,,2.0,5.0,,,,,1.0,,,,,1.0,,90.0,1.0,,,,,,,,,,6.2,,,,,2.0,4.0,,1.0,1.0,11.0,5.0,12.0,1,,25.0,2.0,,,
2015-16,6768379,38,56,Sunderland,Away,789859,George Honeyman,george-honeyman,M,True,,,,4.0,1.0,5.0,,,1.0,,,,,,,,,2.0,,,,,,,,,1.0,,38.0,,,,,,,,,,,6.7,,,,1.0,1.0,,,,,4.0,1.0,5.0,0,,9.0,,1.0,1.0,
2015-16,6768379,38,56,Sunderland,Away,840437,Rees Greenwood,rees-greenwood,M,False,,,1.0,15.0,6.0,21.0,1.0,,2.0,,,,,,,,3.0,2.0,,,1.0,,,,,2.0,1.0,,52.0,,,,,,,,,,,6.5,,,,,2.0,2.0,,2.0,,19.0,6.0,23.0,0,1.0,33.0,2.0,,1.0,
2015-16,6768383,38,4,Newcastle_United,Home,10438,Cheik Tiote,cheik-tiote,M,False,,,1.0,15.0,20.0,35.0,,,6.0,,,,1.0,,,3.0,6.0,5.0,,,1.0,,,,,4.0,,,62.0,,,,,,,,,,,6.6,,,,1.0,1.0,,,3.0,,17.0,24.0,41.0,0,5.0,57.0,1.0,,,
2015-16,6768383,38,4,Newcastle_United,Home,22126,Georginio Wijnaldum,georginio-wijnaldum,M,False,,,,19.0,10.0,29.0,,,4.0,,,,,,,2.0,4.0,,,,,,2.0,,,2.0,1.0,,76.0,2.0,,,,,,,,,,7.6,,,,,2.0,,,,,23.0,12.0,35.0,2,,44.0,1.0,,,
2015-16,6768383,38,4,Newcastle_United,Home,27014,Moussa Sissoko,moussa-sissoko,M,False,2.0,,,25.0,11.0,34.0,1.0,,6.0,,1.0,1.0,,,,1.0,4.0,7.0,,,1.0,1.0,,,,1.0,2.0,,84.0,2.0,1.0,,,,,,1.0,,,8.2,,,1.0,,5.0,5.0,,,,34.0,11.0,40.0,4,1.0,60.0,,2.0,4.0,
2015-16,6768383,38,4,Newcastle_United,Home,30262,Siem de Jong,siem-de-jong,M,True,,,,,,,,,,,,,,,,,,,,,,,,,,,,,,,,,,,,,,,,,,,,,,,,,,,,,0,,,,,,
2015-16,6768383,38,6,Tottenham_Hotspur,Away,32492,Nacer Chadli,nacer-chadli,M,True,,,,11.0,1.0,12.0,,,1.0,,,,,,,,,,,,,,,,,,1.0,,19.0,,,,,,,,,,,6.3,,,,,,,,,,12.0,1.0,13.0,0,,13.0,,,,
2015-16,6768383,38,4,Newcastle_United,Home,36465,Jonjo Shelvey,jonjo-shelvey,M,True,,,,3.0,2.0,5.0,1.0,,1.0,,,,,,,,1.0,,,,,,,,,1.0,1.0,,28.0,,,,,,,,,,,6.6,,,,,,,,1.0,,5.0,2.0,7.0,0,,9.0,,,,
2015-16,6768383,38,4,Newcastle_United,Home,40686,Jack Colback,jack-colback,M,False,,,4.0,11.0,20.0,31.0,,1.0,7.0,,,1.0,2.0,,,1.0,4.0,7.0,,,1.0,,,,,1.0,,,90.0,,1.0,,,,,,,,,7.2,,,,2.0,1.0,1.0,,5.0,,13.0,23.0,35.0,1,4.0,50.0,,1.0,1.0,
2015-16,6768383,38,6,Tottenham_Hotspur,Away,44567,Ryan Mason,ryan-mason,M,False,,,2.0,27.0,12.0,39.0,,1.0,3.0,,,,2.0,,,1.0,5.0,5.0,,,1.0,,,,,1.0,,,45.0,,,,,,,,,,,6.3,,,,,2.0,,,3.0,,32.0,12.0,44.0,0,2.0,52.0,1.0,1.0,1.0,
2015-16,6768383,38,6,Tottenham_Hotspur,Away,105734,Christian Eriksen,christian-eriksen,M,False,,,6.0,53.0,9.0,62.0,1.0,,5.0,,,1.0,,,,3.0,5.0,2.0,,,,,,,,,4.0,,90.0,1.0,,,,,,,,,,6.8,,,2.0,,1.0,3.0,,6.0,,60.0,10.0,67.0,4,2.0,86.0,5.0,,,
2015-16,6768383,38,6,Tottenham_Hotspur,Away,122702,Erik Lamela,erik-lamela,M,False,,,,32.0,9.0,41.0,,,5.0,,,,1.0,,,3.0,7.0,6.0,,,1.0,,1.0,,,,4.0,,90.0,2.0,,,,,,,,,,6.9,,,,,3.0,7.0,,,,40.0,9.0,42.0,2,4.0,66.0,2.0,1.0,1.0,
2015-16,6768383,38,6,Tottenham_Hotspur,Away,361332,Joshua Onomah,joshua-onomah,M,True,,,,9.0,2.0,11.0,,,2.0,,,,,,,,1.0,3.0,,,,,,,,,,,45.0,1.0,,,,,,,,,,6.7,,,,,1.0,1.0,,,,15.0,2.0,16.0,1,3.0,24.0,,,,
2015-16,6768383,38,6,Tottenham_Hotspur,Away,801460,Tom Carroll,carroll-tom,M,True,1.0,,1.0,27.0,5.0,31.0,,,2.0,,,,3.0,,,,4.0,,,,,,,,,,1.0,,45.0,,,,,,,,,,,6.0,,,1.0,,1.0,3.0,,2.0,,32.0,6.0,35.0,1,,42.0,2.0,,,
2015-16,6768391,38,43,Manchester_City,Away,3544,Samir Nasri,samir-nasri,M,True,,,,12.0,1.0,13.0,1.0,,1.0,,,,,,,1.0,3.0,2.0,,,1.0,,,,,,,,18.0,,,,,,,,,,,6.4,,,,,2.0,1.0,,,,15.0,1.0,15.0,0,1.0,21.0,,,1.0,
2015-16,6768391,38,43,Manchester_City,Away,13630,Fernandinho,fernandinho,M,False,1.0,,2.0,35.0,11.0,45.0,2.0,,7.0,,,,,,,,6.0,4.0,,,4.0,,,,,3.0,2.0,,90.0,,,,,,,,,,,7.3,,,1.0,,,1.0,,5.0,,37.0,14.0,50.0,1,3.0,62.0,1.0,1.0,,
2015-16,6768391,38,43,Manchester_City,Away,14468,Yaya Touré,yaya-toure,M,True,,,,,,,,,,,,,,,,,,,,,,,,,,,,,1.0,,,,,,,,,,,,,,,,,,,,,,,,0,,,,,,
2015-16,6768391,38,80,Swansea_City,Home,20538,Leon Britton,leon-britton,M,False,,,2.0,15.0,27.0,42.0,1.0,1.0,9.0,,,,2.0,,,,5.0,7.0,,,1.0,,,,,4.0,,,90.0,,1.0,,,,,,,,,7.0,,,,,1.0,,,5.0,,24.0,30.0,54.0,0,3.0,67.0,,3.0,,
2015-16,6768391,38,80,Swansea_City,Home,20993,Jack Cork,jack-cork,M,False,,,4.0,26.0,18.0,44.0,,1.0,5.0,,,,,,,,,5.0,,,,,,,,3.0,,,90.0,,1.0,,,,,,,,,7.4,,,,2.0,1.0,,,7.0,,39.0,19.0,58.0,0,2.0,70.0,,1.0,1.0,
2015-16,6768391,38,80,Swansea_City,Home,31821,Leroy Fer,leroy-fer,M,False,,,3.0,22.0,23.0,45.0,,5.0,7.0,,,,1.0,,,2.0,5.0,7.0,,,1.0,,,,,1.0,1.0,,90.0,,,,,,,,,,,6.6,,,,3.0,1.0,,,6.0,,34.0,24.0,58.0,0,1.0,69.0,1.0,1.0,,
2015-16,6768391,38,43,Manchester_City,Away,41837,Fernando,fernando-reges,M,False,,,1.0,27.0,8.0,35.0,1.0,1.0,2.0,,,,1.0,,,,2.0,4.0,,,,,,,,3.0,,,90.0,,,,,,,,,,,6.9,,,,1.0,1.0,,,2.0,,32.0,10.0,42.0,0,2.0,51.0,,,1.0,
2015-16,6768391,38,80,Swansea_City,Home,54686,Jefferson Montero,jefferson-montero,M,False,,,2.0,7.0,5.0,12.0,,1.0,4.0,,,,1.0,,,1.0,7.0,8.0,,1.0,1.0,,,,,1.0,,,83.0,,,,,,,,,,,6.3,,,1.0,,5.0,1.0,,4.0,1.0,13.0,7.0,19.0,1,1.0,42.0,2.0,5.0,1.0,
2015-16,6768391,38,43,Manchester_City,Away,70996,Kevin De Bruyne,kevin-de-bruyne,M,False,2.0,,1.0,25.0,9.0,32.0,,1.0,7.0,1.0,,2.0,2.0,,,,4.0,4.0,,,1.0,,,,,1.0,6.0,,90.0,1.0,,,,,,,,,,7.3,,,,,3.0,9.0,,1.0,1.0,37.0,11.0,39.0,3,,60.0,1.0,1.0,2.0,
2015-16,6768391,38,80,Swansea_City,Home,164291,Jay Fulton,jay-fulton,M,True,,,,,,,,,,,,,,,,,,,,,,,,,,,,,,,,,,,,,,,,,,,,,,,,,,,,,0,,,,,,
2015-16,6768391,38,80,Swansea_City,Home,209098,Modou Barrow,modou-barrow,M,True,,,,3.0,2.0,5.0,1.0,1.0,1.0,,,,,,,2.0,3.0,3.0,,,,,,,,,,,32.0,,,,,,,,,,,6.6,,,,,,,,,,4.0,4.0,8.0,0,1.0,15.0,,1.0,,
2015-16,6768391,38,80,Swansea_City,Home,796142,Kenji Gorré,kenji-gorre,M,True,,,,,,,,,,,,,,,,,,,,,,,,,,,,,,,,,,,,,,,,,,,,,,,,,,,,,0,,,,,,
2015-16,6768393,38,35,West_Bromwich_Albion,Home,765,Darren Fletcher,darren-fletcher,M,False,,,4.0,12.0,9.0,21.0,,,4.0,,,,,,,2.0,4.0,1.0,,,1.0,,,,,1.0,1.0,,90.0,,,,,,,,,,,6.4,,,,1.0,1.0,2.0,,5.0,,21.0,11.0,30.0,0,,40.0,,1.0,,
2015-16,6768393,38,35,West_Bromwich_Albion,Home,14235,Craig Gardner,craig-gardner,M,False,1.0,,1.0,18.0,5.0,22.0,4.0,1.0,2.0,,,,2.0,,,3.0,10.0,2.0,,,1.0,,,,,2.0,1.0,,90.0,,,,,,,,,,,6.1,,,,1.0,,5.0,,1.0,,26.0,7.0,28.0,0,1.0,45.0,,,,
2015-16,6768393,38,14,Liverpool,Away,20602,Joe Allen,joe-allen,M,False,,,2.0,20.0,9.0,29.0,1.0,,5.0,,,,2.0,,,3.0,6.0,5.0,,,,,,,,1.0,1.0,,64.0,,,,,,,,,,,6.8,,,1.0,,2.0,,,2.0,,22.0,11.0,33.0,1,2.0,46.0,,1.0,2.0,
2015-16,6768393,38,14,Liverpool,Away,27234,Lucas Leiva,lucas-leiva,M,False,,,5.0,27.0,37.0,64.0,3.0,3.0,4.0,,,,,,,,5.0,7.0,,,2.0,,,,,3.0,,,90.0,,,,,,,,,,,7.0,,,,2.0,1.0,,,9.0,,35.0,43.0,78.0,0,3.0,89.0,2.0,,1.0,
2015-16,6768393,38,35,West_Bromwich_Albion,Home,41631,James McClean,james-mcclean,M,False,2.0,,,7.0,5.0,10.0,2.0,2.0,5.0,1.0,,1.0,1.0,,,2.0,7.0,9.0,,,1.0,,,,,1.0,1.0,,86.0,,,,,,,,,,,6.8,,,2.0,,4.0,5.0,,4.0,,18.0,6.0,19.0,3,3.0,42.0,1.0,1.0,3.0,
2015-16,6768393,38,14,Liverpool,Away,42694,Jordan Henderson,jordan-henderson,M,True,1.0,,,14.0,8.0,21.0,,,,,,,,,,,,1.0,,,,,,,,1.0,,,26.0,,,,,,,,,,,6.8,,,,1.0,,2.0,,1.0,,17.0,8.0,23.0,0,,29.0,1.0,1.0,,
2015-16,6768393,38,35,West_Bromwich_Albion,Home,43301,Sandro,sandro,M,True,,,,,,,,,,,,,,,,,,,,,,,,,,,,,,,,,,,,,,,,,,,,,,,,,,,,,0,,,,,,
2015-16,6768393,38,35,West_Bromwich_Albion,Home,151037,Claudio Yacob,claudio-yacob,M,False,1.0,,3.0,13.0,13.0,25.0,,2.0,6.0,,,1.0,5.0,,,2.0,8.0,11.0,,,1.0,,,,,2.0,,,90.0,,,,,,,,,,,6.9,,,,1.0,,1.0,,6.0,,18.0,19.0,36.0,1,7.0,53.0,,2.0,,
2015-16,6768393,38,14,Liverpool,Away,180011,Kevin Stewart,kevin-stewart,M,False,,,2.0,46.0,41.0,87.0,,2.0,4.0,,,,1.0,,,,2.0,6.0,,,1.0,,,,,2.0,,,90.0,,1.0,,,,,,,,,7.3,,,,,,,,3.0,,50.0,43.0,93.0,0,3.0,102.0,1.0,1.0,,
2015-16,6768393,38,14,Liverpool,Away,185955,Jordon Ibe,jordon-ibe,M,False,,,,19.0,8.0,27.0,,,1.0,,,,1.0,,,2.0,5.0,7.0,,,1.0,,1.0,,,,,,64.0,1.0,,,,,,,,,,7.6,,,,,5.0,1.0,,,,23.0,8.0,30.0,1,2.0,45.0,2.0,1.0,4.0,
2015-16,6768393,38,14,Liverpool,Away,372522,Cameron Brannagan,cameron-brannagan,M,False,,,2.0,47.0,42.0,89.0,1.0,,6.0,,,,3.0,,,2.0,7.0,3.0,,,,,,,,1.0,1.0,,90.0,1.0,1.0,,,,,,,,,6.8,,,,,2.0,4.0,,4.0,,58.0,42.0,96.0,1,2.0,115.0,2.0,,1.0,
2015-16,6768393,38,14,Liverpool,Away,787580,Connor Randall,connor-randall,M,True,,,,,,,,,,,,,,,,,,,,,,,,,,,,,,,,,,,,,,,,,,,,,,,,,,,,,0,,,,,,
2015-16,6768393,38,14,Liverpool,Away,790833,Sergi Canós,sergi-canos,M,True,,,,4.0,,4.0,,1.0,,,,,,,,,1.0,2.0,,,1.0,,,,,,,,9.0,,,,,,,,,,,6.6,,,,,,,,,,5.0,,5.0,0,1.0,7.0,,,,
2015-16,6768393,38,14,Liverpool,Away,799216,Pedro Chirivella,pedro-chirivella,M,True,,,,,,,,,,,,,,,,,,,,,,,,,,,,,,,,,,,,,,,,,,,,,,,,,,,,,0,,,,,,
2015-16,6768393,38,35,West_Bromwich_Albion,Home,839819,Sam Field,sam-field,M,True,,,,1.0,,1.0,1.0,,2.0,,,,,,,,1.0,1.0,,,,,,,,,,,4.0,,,,,,,,,,,,,,,,,,,,,2.0,,2.0,0,,4.0,,1.0,,
2015-16,7073008,38,1,Manchester_United,Home,938,Michael Carrick,michael-carrick,M,False,,,6.0,36.0,36.0,72.0,,,6.0,,,1.0,1.0,,,,1.0,2.0,,,,,,,1.0,1.0,,,90.0,,,,,,,,,,,7.1,,,,1.0,,,,8.0,,40.0,37.0,77.0,1,2.0,85.0,2.0,,,
2015-16,7073008,38,91,Bournemouth,Away,11764,Marc Pugh,marc-pugh,M,False,,,,6.0,8.0,14.0,1.0,,3.0,,,1.0,2.0,,,,3.0,3.0,,,,,,,,2.0,1.0,,66.0,,,,,,,,,,,6.5,,,,,,,,,,6.0,8.0,14.0,1,,22.0,2.0,3.0,,
2015-16,7073008,38,91,Bournemouth,Away,14695,Andrew Surman,andrew-surman,M,False,,,5.0,6.0,22.0,28.0,,,3.0,,,,1.0,,,,3.0,1.0,,,2.0,,,,,8.0,,,90.0,,1.0,,,,,,,,,6.9,,,,2.0,,,,7.0,,12.0,24.0,36.0,0,1.0,48.0,,,,
2015-16,7073008,38,91,Bournemouth,Away,16590,Max Gradel,max-gradel,M,True,,,,2.0,3.0,5.0,,,1.0,,,,1.0,,,,1.0,2.0,,,,,,,,1.0,,,24.0,,,,,,,,,,,6.6,,,1.0,,,,,1.0,,3.0,4.0,7.0,1,1.0,11.0,,1.0,,
2015-16,7073008,38,1,Manchester_United,Home,28367,Juan Mata,juan-mata,M,False,,,8.0,44.0,15.0,59.0,,,3.0,,,1.0,1.0,,,1.0,3.0,3.0,,,1.0,,,,,,1.0,,75.0,1.0,,,,,,,,,,7.4,,,,,2.0,,,10.0,1.0,47.0,16.0,63.0,2,,71.0,1.0,1.0,2.0,
2015-16,7073008,38,91,Bournemouth,Away,41628,Eunan O'Kane,eunan-okane,M,True,,,,,,,,,,,,,,,,,,,,,,,,,,,,,,,,,,,,,,,,,,,,,,,,,,,,,0,,,,,,
2015-16,7073008,38,91,Bournemouth,Away,42699,Matt Ritchie,matt-ritchie,M,False,,,1.0,10.0,17.0,27.0,,,5.0,,,1.0,1.0,,,,1.0,2.0,,,1.0,,,,,2.0,,,90.0,,,,,,,,,,,6.6,,,,,,,,2.0,,15.0,19.0,34.0,1,,43.0,1.0,2.0,,
2015-16,7073008,38,91,Bournemouth,Away,44823,Junior Stanislas,junior-stanislas,M,True,,,,,,,,,,,,,,,,,,,,,,,,,,,,,,,,,,,,,,,,,,,,,,,,,,,,,0,,,,,,
2015-16,7073008,38,1,Manchester_United,Home,82474,Ander Herrera,ander-herrera,M,True,,,,14.0,3.0,17.0,,1.0,,,,,1.0,,,,1.0,1.0,,,,,,,,,1.0,,15.0,,,,,,,,,,,6.5,,,,,,,,,,15.0,3.0,18.0,0,,20.0,,,,
2015-16,7073008,38,1,Manchester_United,Home,191176,Anthony Martial,anthony-martial,M,False,,,1.0,32.0,7.0,39.0,,,2.0,1.0,,,,,,4.0,6.0,2.0,,,,1.0,,,,,2.0,,84.0,,,,,,,,,,,6.8,,,1.0,,3.0,2.0,,1.0,1.0,39.0,9.0,46.0,1,,69.0,6.0,1.0,1.0,
2015-16,7073008,38,1,Manchester_United,Home,285949,Andreas Pereira,andreas-pereira,M,True,,,,,,,,,,,,,,,,,,,,,,,,,,,,,,,,,,,,,,,,,,,,,,,,,,,,,0,,,,,,
