team_dir,season,matchId,gameweek,kickoff,ground,attendance,venue,team,opponent,result,accuratePass,aerialLost,aerialWon,attPenGoal,attSetpiece,bigChanceCreated,bigChanceMissed,bigChanceScored,blockedPass,blockedScoringAtt,challengeLost,cleanSheet,cornerTaken,dispossessed,duelLost,duelWon,effectiveClearance,errorLeadToGoal,errorLeadToShot,expectedAssists,expectedGoals,expectedGoalsOnTarget,expectedGoalsOnTargetConceded,finalThirdEntries,fkFoulLost,fkFoulWon,goalAssist,goals,goalsAgainst,goalsConceded,goalsFor,halfTimeAgainst,halfTimeFor,hitWoodwork,interception,ontargetAttAssist,ontargetScoringAtt,outfielderBlock,ownGoals,penAreaEntries,penaltyWon,possLostAll,possessionPercentage,redCard,redCardsAgainst,redCardsFor,saves,shotOffTarget,totalAttAssist,totalClearance,totalOffside,totalPass,totalScoringAtt,totalTackle,touchesInOppBox,wonCorners,wonTackle,yellowCard
A_Villa_7,2022-23,2292811,1,2022-08-06 15:00:00,"Vitality Stadium, Bournemouth",10000,Away,Aston Villa,Bournemouth,L,479.0,16.0,16.0,,1.0,,,,19.0,6.0,10.0,,5.0,11.0,62.0,58.0,8.0,,,,,,,82.0,16.0,18.0,,,2,2.0,0,1,0,,8.0,5.0,2.0,2.0,,51.0,,159.0,65.6,0.0,0,0,1.0,7.0,8.0,8.0,4.0,571.0,15.0,10.0,22.0,5.0,8.0,0.0
A_Villa_7,2022-23,2292821,2,2022-08-13 12:30:00,"Villa Park, Birmingham",41883,Home,Aston Villa,Everton,W,435.0,12.0,14.0,,1.0,3.0,2.0,1.0,11.0,4.0,7.0,,5.0,7.0,43.0,43.0,16.0,,,,,,,77.0,9.0,7.0,2.0,2.0,1,1.0,2,0,1,,14.0,6.0,4.0,8.0,1.0,36.0,,128.0,57.5,0.0,0,0,4.0,4.0,9.0,16.0,2.0,517.0,12.0,15.0,28.0,5.0,9.0,0.0
A_Villa_7,2022-23,2292831,3,2022-08-20 15:00:00,"Selhurst Park, London",22012,Away,Aston Villa,Crystal Palace,L,348.0,9.0,13.0,,2.0,1.0,,1.0,25.0,2.0,14.0,,2.0,12.0,52.0,60.0,8.0,,,,,,,53.0,14.0,16.0,1.0,1.0,3,3.0,1,1,1,1.0,7.0,5.0,5.0,2.0,,21.0,,128.0,49.2,0.0,0,0,6.0,6.0,10.0,8.0,1.0,428.0,13.0,26.0,21.0,2.0,12.0,0.0
A_Villa_7,2022-23,2292841,4,2022-08-28 14:00:00,"Villa Park, Birmingham",41796,Home,Aston Villa,West Ham,L,489.0,9.0,13.0,,,,,,18.0,2.0,9.0,,3.0,10.0,41.0,45.0,13.0,,,,,,,67.0,10.0,10.0,,,1,1.0,0,0,0,,13.0,5.0,3.0,2.0,,38.0,,145.0,57.8,0.0,0,0,1.0,4.0,8.0,13.0,2.0,582.0,9.0,17.0,14.0,3.0,11.0,0.0
A_Villa_7,2022-23,2292851,5,2022-08-31 19:30:00,"Emirates Stadium, London",60012,Away,Aston Villa,Arsenal,L,271.0,11.0,10.0,,,,,,6.0,,12.0,,3.0,6.0,46.0,41.0,24.0,1.0,,,,,,52.0,14.0,10.0,,1.0,2,2.0,1,1,0,,11.0,2.0,3.0,8.0,,19.0,,122.0,41.1,0.0,0,0,6.0,1.0,3.0,24.0,1.0,352.0,4.0,16.0,9.0,3.0,6.0,0.0
A_Villa_7,2022-23,2292860,6,2022-09-03 17:30:00,"Villa Park, Birmingham",41830,Home,Aston Villa,Man City,D,203.0,27.0,13.0,,,,,,12.0,1.0,4.0,,1.0,7.0,50.0,34.0,15.0,,,,,,,43.0,7.0,6.0,1.0,1.0,1,1.0,1,0,0,,4.0,2.0,1.0,3.0,,9.0,,119.0,27.7,0.0,0,0,3.0,1.0,2.0,15.0,5.0,287.0,3.0,15.0,13.0,1.0,9.0,0.0
A_Villa_7,2022-23,2292875,7,2023-04-04 19:45:00,"King Power Stadium, Leicester",32087,Away,Aston Villa,Leicester,W,471.0,6.0,10.0,,,1.0,,1.0,5.0,5.0,3.0,,8.0,14.0,42.0,38.0,19.0,,,,,,,57.0,14.0,10.0,1.0,2.0,1,1.0,2,1,1,1.0,6.0,7.0,5.0,1.0,,26.0,,105.0,64.1,0.0,1,0,3.0,5.0,11.0,19.0,1.0,534.0,15.0,7.0,23.0,8.0,3.0,0.0
A_Villa_7,2022-23,2292880,8,2022-09-16 20:00:00,"Villa Park, Birmingham",40758,Home,Aston Villa,Southampton,W,312.0,20.0,29.0,,1.0,1.0,1.0,1.0,18.0,5.0,11.0,1.0,6.0,17.0,72.0,82.0,21.0,,,,,,,63.0,13.0,12.0,,1.0,0,,1,0,1,1.0,6.0,5.0,3.0,3.0,,32.0,,178.0,52.7,0.0,0,0,1.0,3.0,7.0,21.0,1.0,420.0,11.0,35.0,17.0,6.0,19.0,0.0
A_Villa_7,2022-23,2292894,9,2022-10-02 16:30:00,"Elland Road, Leeds",36582,Away,Aston Villa,Leeds,D,370.0,16.0,22.0,,,3.0,5.0,,3.0,4.0,6.0,1.0,9.0,6.0,46.0,71.0,7.0,,,,,,,78.0,12.0,23.0,,,0,,0,0,0,1.0,10.0,8.0,7.0,3.0,,36.0,,154.0,56.2,0.0,1,0,1.0,8.0,14.0,7.0,2.0,479.0,19.0,16.0,30.0,9.0,11.0,0.0
A_Villa_7,2022-23,2292908,10,2022-10-10 20:00:00,"The City Ground, Nottingham",29208,Away,Aston Villa,Nott'm Forest,D,436.0,21.0,9.0,,,,,,14.0,8.0,9.0,,4.0,9.0,62.0,48.0,8.0,,,,,,,69.0,19.0,12.0,,1.0,1,1.0,1,1,1,,9.0,6.0,2.0,2.0,,32.0,,124.0,60.1,0.0,0,0,2.0,2.0,8.0,8.0,3.0,506.0,12.0,20.0,29.0,4.0,10.0,0.0
A_Villa_7,2022-23,2292910,11,2022-10-16 14:00:00,"Villa Park, Birmingham",41754,Home,Aston Villa,Chelsea,L,283.0,6.0,12.0,,3.0,3.0,4.0,,14.0,4.0,8.0,,7.0,7.0,35.0,51.0,6.0,1.0,,,,,,46.0,12.0,11.0,,,2,2.0,0,1,0,2.0,8.0,5.0,7.0,1.0,,28.0,,127.0,41.1,0.0,0,0,2.0,7.0,11.0,6.0,3.0,353.0,18.0,24.0,25.0,7.0,10.0,0.0
A_Villa_7,2022-23,2292925,12,2022-10-20 19:30:00,"Craven Cottage, London",23508,Away,Aston Villa,Fulham,L,241.0,17.0,15.0,,3.0,,,,22.0,3.0,1.0,,7.0,6.0,40.0,43.0,12.0,,1.0,,,,,40.0,11.0,10.0,,,3,3.0,0,1,0,,5.0,7.0,6.0,5.0,1.0,23.0,,118.0,39.6,0.0,0,1,5.0,3.0,9.0,12.0,3.0,311.0,12.0,14.0,13.0,7.0,6.0,0.0
A_Villa_7,2022-23,2292930,13,2022-10-23 14:00:00,"Villa Park, Birmingham",41693,Home,Aston Villa,Brentford,W,247.0,21.0,15.0,1.0,,2.0,3.0,3.0,13.0,5.0,11.0,1.0,7.0,13.0,66.0,53.0,25.0,,,,,,,45.0,14.0,9.0,2.0,4.0,0,,4,0,3,2.0,12.0,10.0,11.0,2.0,,24.0,1.0,127.0,45.1,0.0,0,0,3.0,3.0,13.0,25.0,,329.0,19.0,20.0,26.0,7.0,12.0,0.0
A_Villa_7,2022-23,2292949,14,2022-10-29 15:00:00,"St. James' Park, Newcastle",52233,Away,Aston Villa,Newcastle,L,263.0,13.0,8.0,,,,,,12.0,3.0,4.0,,,7.0,42.0,41.0,14.0,,,,,,,51.0,11.0,10.0,,,4,4.0,0,1,0,,11.0,3.0,,2.0,,12.0,,139.0,40.5,0.0,0,0,3.0,,3.0,14.0,3.0,356.0,3.0,19.0,13.0,,9.0,0.0
A_Villa_7,2022-23,2292950,15,2022-11-06 14:00:00,"Villa Park, Birmingham",42058,Home,Aston Villa,Man Utd,W,335.0,8.0,8.0,,,1.0,,1.0,11.0,,8.0,,3.0,9.0,34.0,40.0,24.0,,,,,,,24.0,6.0,12.0,2.0,3.0,1,1.0,3,1,2,,15.0,3.0,4.0,3.0,1.0,11.0,,107.0,41.8,0.0,0,0,3.0,2.0,4.0,24.0,,401.0,6.0,16.0,13.0,3.0,5.0,0.0
A_Villa_7,2022-23,2292961,16,2022-11-13 14:00:00,"American Express Stadium, Falmer",31581,Away,Aston Villa,Brighton,W,211.0,10.0,8.0,1.0,,,,1.0,7.0,3.0,3.0,,4.0,9.0,38.0,50.0,34.0,1.0,,,,,,34.0,11.0,14.0,1.0,2.0,1,1.0,2,1,1,1.0,9.0,3.0,2.0,4.0,,10.0,1.0,121.0,34.9,0.0,0,0,1.0,3.0,5.0,34.0,1.0,293.0,8.0,23.0,15.0,4.0,12.0,0.0
A_Villa_7,2022-23,2292971,17,2022-12-26 17:30:00,"Villa Park, Birmingham",42085,Home,Aston Villa,Liverpool,L,381.0,8.0,6.0,,1.0,3.0,3.0,1.0,9.0,3.0,5.0,,,9.0,38.0,33.0,14.0,,1.0,,,,,46.0,7.0,11.0,1.0,1.0,3,3.0,1,2,0,,6.0,8.0,6.0,1.0,,32.0,,142.0,48.1,0.0,0,0,6.0,3.0,10.0,14.0,3.0,471.0,12.0,11.0,30.0,,3.0,0.0
A_Villa_7,2022-23,2292987,18,2023-01-01 14:00:00,"Tottenham Hotspur Stadium, London",61651,Away,Aston Villa,Spurs,W,321.0,10.0,7.0,,1.0,1.0,,1.0,12.0,5.0,5.0,1.0,3.0,9.0,38.0,45.0,21.0,,,,,,,41.0,10.0,15.0,2.0,2.0,0,,2,0,0,,13.0,8.0,4.0,3.0,,16.0,,118.0,40.7,0.0,0,0,1.0,4.0,11.0,21.0,,403.0,13.0,18.0,20.0,3.0,9.0,0.0
A_Villa_7,2022-23,2292991,19,2023-01-04 20:00:00,"Villa Park, Birmingham",39978,Home,Aston Villa,Wolves,D,430.0,13.0,9.0,,,2.0,1.0,1.0,8.0,6.0,4.0,,7.0,17.0,51.0,38.0,19.0,,,,,,,67.0,6.0,12.0,1.0,1.0,1,1.0,1,1,0,,6.0,7.0,4.0,3.0,,40.0,,132.0,55.9,0.0,0,0,2.0,3.0,9.0,19.0,1.0,491.0,13.0,11.0,22.0,7.0,5.0,0.0
A_Villa_7,2022-23,2293000,20,2023-01-13 20:00:00,"Villa Park, Birmingham",42008,Home,Aston Villa,Leeds,W,311.0,11.0,16.0,,,1.0,1.0,1.0,8.0,2.0,6.0,,,17.0,56.0,70.0,28.0,,,,,,,47.0,12.0,18.0,1.0,2.0,1,1.0,2,0,1,,13.0,5.0,5.0,9.0,,11.0,,175.0,53.4,0.0,0,0,2.0,4.0,6.0,28.0,2.0,428.0,11.0,28.0,12.0,,13.0,0.0
A_Villa_7,2022-23,2293018,21,2023-01-21 15:00:00,"St. Mary's Stadium, Southampton",30158,Away,Aston Villa,Southampton,W,456.0,23.0,14.0,,3.0,1.0,,1.0,7.0,3.0,3.0,1.0,2.0,18.0,61.0,57.0,9.0,,,,,,,53.0,9.0,19.0,1.0,1.0,0,,1,0,0,,6.0,5.0,5.0,1.0,,29.0,,164.0,63.5,0.0,0,0,5.0,8.0,10.0,9.0,,566.0,16.0,19.0,20.0,2.0,9.0,0.0
A_Villa_7,2022-23,2293020,22,2023-02-04 15:00:00,"Villa Park, Birmingham",42055,Home,Aston Villa,Leicester,L,489.0,10.0,12.0,,,,,1.0,9.0,9.0,13.0,,11.0,10.0,56.0,42.0,7.0,3.0,,,,,,54.0,10.0,10.0,,2.0,4,4.0,2,3,2,2.0,5.0,9.0,4.0,,,36.0,,141.0,63.2,0.0,0,0,1.0,6.0,14.0,7.0,2.0,564.0,19.0,9.0,30.0,11.0,6.0,0.0
A_Villa_7,2022-23,2293037,23,2023-02-12 16:30:00,"Etihad Stadium, Manchester",53392,Away,Aston Villa,Man City,L,247.0,8.0,4.0,,1.0,,,,6.0,2.0,6.0,,4.0,3.0,34.0,32.0,15.0,1.0,,,,,,35.0,14.0,12.0,1.0,1.0,3,3.0,1,3,0,1.0,16.0,3.0,2.0,6.0,,11.0,,87.0,32.8,0.0,0,0,5.0,2.0,5.0,15.0,4.0,304.0,6.0,7.0,12.0,4.0,3.0,0.0
A_Villa_7,2022-23,2293040,24,2023-02-18 12:30:00,"Villa Park, Birmingham",42066,Home,Aston Villa,Arsenal,L,225.0,13.0,12.0,,,,,,20.0,1.0,10.0,,2.0,13.0,53.0,50.0,25.0,1.0,1.0,,,,,42.0,13.0,3.0,2.0,2.0,4,4.0,2,1,2,1.0,13.0,5.0,5.0,7.0,1.0,13.0,,111.0,33.4,0.0,0,0,2.0,1.0,6.0,25.0,,293.0,7.0,25.0,12.0,2.0,18.0,0.0
A_Villa_7,2022-23,2293052,25,2023-02-25 15:00:00,"Goodison Park, Liverpool",39309,Away,Aston Villa,Everton,W,343.0,17.0,18.0,1.0,,3.0,2.0,2.0,9.0,,21.0,1.0,1.0,13.0,68.0,57.0,27.0,,,,,,,30.0,12.0,12.0,1.0,2.0,0,,2,0,0,1.0,7.0,3.0,5.0,4.0,,22.0,1.0,136.0,53.5,0.0,0,0,4.0,4.0,6.0,27.0,,433.0,9.0,16.0,17.0,1.0,8.0,0.0
A_Villa_7,2022-23,2293061,26,2023-03-04 15:00:00,"Villa Park, Birmingham",41893,Home,Aston Villa,Crystal Palace,W,462.0,4.0,8.0,,2.0,1.0,1.0,,5.0,3.0,11.0,1.0,2.0,14.0,52.0,45.0,11.0,,,,,,,36.0,14.0,17.0,,1.0,0,,1,0,1,1.0,7.0,4.0,1.0,1.0,,15.0,,111.0,58.1,0.0,1,0,,4.0,8.0,11.0,,526.0,8.0,13.0,26.0,2.0,8.0,0.0
A_Villa_7,2022-23,2293079,27,2023-03-12 14:00:00,"London Stadium, London",62472,Away,Aston Villa,West Ham,D,474.0,12.0,8.0,,,3.0,2.0,1.0,10.0,4.0,9.0,,2.0,8.0,45.0,39.0,25.0,,1.0,,,,,48.0,6.0,9.0,1.0,1.0,1,1.0,1,1,1,,6.0,7.0,4.0,4.0,,26.0,,111.0,59.2,0.0,0,0,4.0,4.0,11.0,25.0,1.0,545.0,12.0,12.0,37.0,2.0,8.0,0.0
A_Villa_7,2022-23,2293081,28,2023-03-18 15:00:00,"Villa Park, Birmingham",41021,Home,Aston Villa,Bournemouth,W,381.0,9.0,7.0,,1.0,5.0,2.0,3.0,6.0,8.0,12.0,1.0,9.0,10.0,49.0,55.0,8.0,,,,,,,36.0,8.0,13.0,3.0,3.0,0,,3,0,1,,5.0,15.0,9.0,2.0,,29.0,,115.0,55.8,0.0,0,0,3.0,3.0,17.0,8.0,,447.0,20.0,16.0,40.0,9.0,10.0,0.0
A_Villa_7,2022-23,2293093,29,2023-04-01 17:30:00,"Stamford Bridge, London",40082,Away,Aston Villa,Chelsea,W,214.0,11.0,13.0,,,1.0,1.0,1.0,7.0,,18.0,1.0,2.0,6.0,63.0,62.0,32.0,,1.0,,,,,23.0,16.0,14.0,1.0,2.0,0,,2,0,1,1.0,8.0,1.0,2.0,5.0,,12.0,,108.0,31.0,0.0,0,0,7.0,3.0,4.0,32.0,,285.0,5.0,24.0,10.0,2.0,14.0,0.0
A_Villa_7,2022-23,2293100,30,2023-04-08 15:00:00,"Villa Park, Birmingham",42076,Home,Aston Villa,Nott'm Forest,W,384.0,14.0,11.0,,,1.0,,2.0,5.0,1.0,10.0,1.0,1.0,7.0,48.0,49.0,21.0,,,,,,,48.0,7.0,17.0,1.0,2.0,0,,2,0,0,,4.0,3.0,3.0,3.0,,16.0,,113.0,65.3,0.0,0,0,2.0,4.0,6.0,21.0,1.0,448.0,8.0,12.0,24.0,1.0,8.0,0.0
A_Villa_7,2022-23,2293110,31,2023-04-15 12:30:00,"Villa Park, Birmingham",42055,Home,Aston Villa,Newcastle,W,309.0,11.0,8.0,,,3.0,2.0,1.0,6.0,4.0,10.0,1.0,7.0,10.0,52.0,50.0,14.0,,,,,,,51.0,13.0,15.0,3.0,3.0,0,,3,0,1,2.0,6.0,9.0,6.0,3.0,,21.0,,137.0,52.0,0.0,0,0,2.0,6.0,13.0,14.0,1.0,395.0,16.0,18.0,30.0,7.0,11.0,0.0
A_Villa_7,2022-23,2293122,32,2023-04-22 15:00:00,"Gtech Community Stadium, Brentford",17098,Away,Aston Villa,Brentford,D,333.0,18.0,13.0,,,3.0,2.0,1.0,7.0,1.0,15.0,,4.0,9.0,57.0,39.0,24.0,,,,,,,48.0,8.0,12.0,1.0,1.0,1,1.0,1,0,0,,5.0,3.0,2.0,5.0,,23.0,,134.0,57.5,0.0,0,0,4.0,11.0,12.0,24.0,3.0,422.0,14.0,9.0,18.0,4.0,3.0,0.0
A_Villa_7,2022-23,2293130,33,2023-04-25 19:45:00,"Villa Park, Birmingham",41046,Home,Aston Villa,Fulham,W,365.0,8.0,15.0,,,,,,7.0,7.0,12.0,1.0,8.0,10.0,47.0,50.0,20.0,,,,,,,49.0,6.0,18.0,1.0,1.0,0,,1,0,1,,2.0,8.0,3.0,,,25.0,,117.0,51.8,0.0,0,0,,4.0,10.0,20.0,,436.0,14.0,11.0,17.0,8.0,7.0,0.0
A_Villa_7,2022-23,2293148,34,2023-04-30 14:00:00,"Old Trafford, Manchester",73592,Away,Aston Villa,Man Utd,L,289.0,6.0,6.0,,2.0,,,,7.0,4.0,8.0,,4.0,9.0,35.0,42.0,18.0,,,,,,,32.0,7.0,16.0,,,1,1.0,0,1,0,,2.0,3.0,1.0,2.0,,18.0,,139.0,42.9,0.0,0,0,5.0,2.0,3.0,18.0,3.0,370.0,7.0,15.0,14.0,4.0,7.0,0.0
A_Villa_7,2022-23,2293159,35,2023-05-06 15:00:00,"Molineux Stadium, Wolverhampton",31641,Away,Aston Villa,Wolves,L,371.0,9.0,19.0,,1.0,2.0,2.0,,5.0,7.0,15.0,,6.0,5.0,46.0,56.0,12.0,,,,,,,41.0,9.0,20.0,,,1,1.0,0,1,0,,8.0,7.0,3.0,2.0,,31.0,,112.0,62.0,0.0,0,0,1.0,6.0,12.0,12.0,2.0,432.0,16.0,10.0,35.0,6.0,7.0,0.0
A_Villa_7,2022-23,2293161,36,2023-05-13 15:00:00,"Villa Park, Birmingham",42164,Home,Aston Villa,Spurs,W,350.0,8.0,6.0,,,3.0,2.0,1.0,5.0,,8.0,,8.0,7.0,41.0,38.0,14.0,,1.0,,,,,45.0,9.0,13.0,1.0,2.0,1,1.0,2,0,1,1.0,11.0,3.0,4.0,1.0,,34.0,,107.0,48.7,0.0,0,0,1.0,4.0,7.0,14.0,2.0,412.0,8.0,11.0,26.0,8.0,8.0,0.0
A_Villa_7,2022-23,2293173,37,2023-05-20 15:00:00,"Anfield, Liverpool",53306,Away,Aston Villa,Liverpool,D,178.0,13.0,7.0,,1.0,2.0,2.0,1.0,7.0,1.0,12.0,,3.0,8.0,55.0,64.0,38.0,,,,,,,55.0,13.0,16.0,1.0,1.0,1,1.0,1,0,1,,15.0,4.0,3.0,4.0,,23.0,1.0,140.0,33.7,0.0,0,0,4.0,2.0,5.0,38.0,1.0,267.0,6.0,29.0,12.0,4.0,15.0,0.0
A_Villa_7,2022-23,2293181,38,2023-05-28 16:30:00,"Villa Park, Birmingham",42212,Home,Aston Villa,Brighton,W,213.0,11.0,12.0,,1.0,4.0,2.0,2.0,12.0,2.0,8.0,,3.0,9.0,47.0,57.0,7.0,,,,,,,49.0,15.0,16.0,2.0,2.0,1,1.0,2,1,2,2.0,12.0,6.0,5.0,1.0,,24.0,,113.0,40.3,0.0,0,0,3.0,5.0,8.0,7.0,,283.0,12.0,14.0,21.0,4.0,6.0,0.0
Arsenal_3,2022-23,2292810,1,2022-08-05 20:00:00,"Selhurst Park, London",25286,Away,Arsenal,Crystal Palace,W,360.0,10.0,14.0,,,1.0,1.0,1.0,17.0,4.0,16.0,1.0,5.0,15.0,53.0,72.0,24.0,,,,,,,53.0,11.0,16.0,1.0,2.0,0,,2,0,1,,9.0,5.0,2.0,6.0,,22.0,,129.0,43.7,0.0,0,0,2.0,4.0,7.0,24.0,2.0,438.0,10.0,29.0,31.0,5.0,16.0,0.0
Arsenal_3,2022-23,2292820,2,2022-08-13 15:00:00,"Emirates Stadium, London",60033,Home,Arsenal,Leicester,W,386.0,14.0,19.0,,2.0,3.0,3.0,2.0,8.0,4.0,3.0,,6.0,7.0,44.0,47.0,11.0,,,,,,,52.0,15.0,9.0,3.0,4.0,2,2.0,4,0,2,2.0,8.0,9.0,7.0,1.0,1.0,30.0,,117.0,49.9,0.0,0,0,1.0,8.0,14.0,11.0,2.0,462.0,19.0,8.0,35.0,6.0,6.0,0.0
Arsenal_3,2022-23,2292830,3,2022-08-20 17:30:00,"Vitality Stadium, Bournemouth",10423,Away,Arsenal,Bournemouth,W,517.0,12.0,15.0,,1.0,2.0,2.0,1.0,11.0,4.0,7.0,1.0,4.0,9.0,51.0,52.0,20.0,,1.0,,,,,52.0,10.0,12.0,2.0,3.0,0,,3,0,2,,10.0,5.0,6.0,,,23.0,,118.0,58.2,0.0,0,0,1.0,4.0,9.0,20.0,3.0,580.0,14.0,14.0,18.0,4.0,8.0,0.0
Arsenal_3,2022-23,2292840,4,2022-08-27 17:30:00,"Emirates Stadium, London",60164,Home,Arsenal,Fulham,W,509.0,22.0,11.0,,1.0,2.0,1.0,1.0,15.0,10.0,4.0,,9.0,15.0,56.0,51.0,5.0,1.0,,,,,,68.0,6.0,12.0,2.0,2.0,1,1.0,2,0,0,1.0,7.0,13.0,8.0,2.0,,48.0,,143.0,72.0,0.0,0,0,2.0,4.0,16.0,5.0,1.0,595.0,22.0,15.0,52.0,9.0,11.0,0.0
Arsenal_3,2022-23,2292851,5,2022-08-31 19:30:00,"Emirates Stadium, London",60012,Home,Arsenal,Aston Villa,W,428.0,10.0,11.0,,1.0,2.0,2.0,1.0,4.0,7.0,5.0,,10.0,9.0,41.0,46.0,10.0,,,,,,,62.0,10.0,14.0,1.0,2.0,1,1.0,2,0,1,,8.0,11.0,9.0,,,39.0,,132.0,58.9,0.0,0,0,2.0,6.0,15.0,10.0,1.0,504.0,22.0,10.0,51.0,10.0,7.0,0.0
Arsenal_3,2022-23,2292865,6,2022-09-04 16:30:00,"Old Trafford, Manchester",73431,Away,Arsenal,Man Utd,L,388.0,10.0,3.0,,2.0,2.0,2.0,1.0,6.0,5.0,3.0,,5.0,8.0,38.0,38.0,6.0,,1.0,,,,,60.0,9.0,13.0,,1.0,3,3.0,1,1,0,1.0,6.0,6.0,3.0,1.0,,41.0,,125.0,60.5,0.0,0,0,3.0,8.0,14.0,6.0,,465.0,16.0,14.0,47.0,5.0,8.0,0.0
Arsenal_3,2022-23,2292871,7,2023-03-01 19:45:00,"Emirates Stadium, London",60213,Home,Arsenal,Everton,W,655.0,15.0,11.0,,,4.0,1.0,3.0,8.0,5.0,10.0,1.0,5.0,11.0,42.0,36.0,10.0,,,,,,,83.0,5.0,12.0,4.0,4.0,0,,4,0,2,,7.0,8.0,5.0,1.0,,33.0,,143.0,73.1,0.0,0,0,5.0,5.0,11.0,10.0,4.0,748.0,15.0,7.0,32.0,5.0,7.0,0.0
Arsenal_3,2022-23,2292881,8,2022-09-18 12:00:00,"Gtech Community Stadium, Brentford",17122,Away,Arsenal,Brentford,W,509.0,21.0,8.0,,,2.0,1.0,1.0,2.0,2.0,4.0,1.0,3.0,13.0,54.0,40.0,19.0,,,,,,,85.0,10.0,10.0,3.0,3.0,0,,3,0,2,,6.0,8.0,7.0,,,25.0,,132.0,63.9,0.0,0,0,2.0,4.0,12.0,19.0,1.0,592.0,13.0,12.0,21.0,3.0,9.0,0.0
Arsenal_3,2022-23,2292891,9,2022-10-01 12:30:00,"Emirates Stadium, London",60278,Home,Arsenal,Spurs,W,511.0,7.0,9.0,,,1.0,1.0,1.0,2.0,4.0,4.0,,5.0,11.0,37.0,43.0,15.0,,,,,,,84.0,10.0,10.0,2.0,3.0,1,1.0,3,1,1,1.0,6.0,10.0,9.0,2.0,,32.0,,109.0,64.7,0.0,1,0,2.0,9.0,17.0,15.0,1.0,565.0,22.0,14.0,42.0,5.0,10.0,0.0
Arsenal_3,2022-23,2292901,10,2022-10-09 16:30:00,"Emirates Stadium, London",59968,Home,Arsenal,Liverpool,W,302.0,10.0,13.0,1.0,,2.0,,3.0,8.0,3.0,4.0,,4.0,8.0,39.0,46.0,31.0,,1.0,,,,,70.0,11.0,9.0,2.0,3.0,2,2.0,3,1,2,,6.0,3.0,7.0,3.0,,28.0,1.0,132.0,44.0,0.0,0,0,2.0,1.0,4.0,31.0,3.0,386.0,11.0,16.0,46.0,4.0,10.0,0.0
Arsenal_3,2022-23,2292913,11,2022-10-16 14:00:00,"Elland Road, Leeds",36700,Away,Arsenal,Leeds,W,415.0,13.0,10.0,,,1.0,1.0,,9.0,3.0,6.0,1.0,3.0,11.0,53.0,53.0,17.0,,1.0,0.562874,0.5496,1.0387,1.2964,47.0,11.0,10.0,1.0,1.0,0,,1,0,1,,12.0,5.0,4.0,7.0,,17.0,,138.0,53.0,0.0,0,0,4.0,2.0,7.0,17.0,,500.0,9.0,17.0,15.0,3.0,10.0,0.0
Arsenal_3,2022-23,2292921,12,2023-02-15 19:30:00,"Emirates Stadium, London",60276,Home,Arsenal,Man City,L,435.0,14.0,11.0,1.0,,2.0,2.0,1.0,4.0,5.0,9.0,,1.0,10.0,50.0,43.0,7.0,2.0,1.0,,,,,51.0,11.0,13.0,,1.0,3,3.0,1,1,1,,8.0,5.0,1.0,2.0,,27.0,1.0,137.0,63.5,0.0,0,0,2.0,4.0,7.0,7.0,,524.0,10.0,13.0,22.0,1.0,5.0,0.0
Arsenal_3,2022-23,2292936,13,2022-10-23 14:00:00,"St. Mary's Stadium, Southampton",31145,Away,Arsenal,Southampton,D,466.0,11.0,11.0,,,3.0,2.0,1.0,13.0,5.0,3.0,,4.0,13.0,41.0,40.0,25.0,,,,,,,92.0,8.0,10.0,1.0,1.0,1,1.0,1,0,1,,7.0,7.0,3.0,4.0,,24.0,,124.0,59.3,0.0,0,0,2.0,4.0,10.0,25.0,3.0,541.0,12.0,16.0,25.0,4.0,9.0,0.0
Arsenal_3,2022-23,2292941,14,2022-10-30 14:00:00,"Emirates Stadium, London",60263,Home,Arsenal,Nott'm Forest,W,551.0,13.0,10.0,,1.0,3.0,3.0,2.0,16.0,9.0,4.0,1.0,9.0,19.0,51.0,32.0,11.0,,3.0,,,,,60.0,9.0,7.0,4.0,5.0,0,,5,0,1,,7.0,17.0,10.0,1.0,,49.0,,125.0,69.1,0.0,0,0,2.0,5.0,21.0,11.0,1.0,618.0,24.0,14.0,59.0,9.0,9.0,0.0
Arsenal_3,2022-23,2292951,15,2022-11-06 12:00:00,"Stamford Bridge, London",40142,Away,Arsenal,Chelsea,W,371.0,17.0,13.0,,1.0,2.0,2.0,1.0,7.0,3.0,5.0,1.0,6.0,17.0,59.0,59.0,22.0,,1.0,,,,,62.0,13.0,18.0,1.0,1.0,0,,1,0,0,,9.0,3.0,2.0,3.0,,40.0,,152.0,55.7,0.0,0,0,1.0,9.0,9.0,22.0,,452.0,14.0,17.0,29.0,6.0,10.0,0.0
Arsenal_3,2022-23,2292969,16,2022-11-12 19:45:00,"Molineux Stadium, Wolverhampton",34624,Away,Arsenal,Wolves,W,517.0,20.0,9.0,,,1.0,1.0,1.0,5.0,3.0,9.0,1.0,4.0,6.0,52.0,33.0,8.0,,2.0,,,,,89.0,6.0,5.0,1.0,2.0,0,,2,0,0,1.0,7.0,4.0,4.0,3.0,,33.0,,120.0,62.6,0.0,0,0,2.0,7.0,9.0,8.0,1.0,579.0,14.0,10.0,23.0,4.0,5.0,0.0
Arsenal_3,2022-23,2292970,17,2022-12-26 20:00:00,"Emirates Stadium, London",60125,Home,Arsenal,West Ham,W,588.0,16.0,15.0,,1.0,3.0,1.0,2.0,7.0,5.0,,,7.0,7.0,42.0,53.0,13.0,,,,,,,66.0,13.0,17.0,3.0,3.0,1,1.0,3,1,0,,4.0,9.0,5.0,,,47.0,,120.0,66.5,0.0,0,0,3.0,6.0,14.0,13.0,3.0,657.0,16.0,15.0,35.0,7.0,10.0,0.0
Arsenal_3,2022-23,2292981,18,2022-12-31 17:30:00,"American Express Stadium, Falmer",31647,Away,Arsenal,Brighton,W,209.0,12.0,8.0,,2.0,2.0,2.0,3.0,3.0,4.0,,,4.0,3.0,30.0,38.0,24.0,1.0,,,,,,50.0,11.0,6.0,1.0,4.0,2,2.0,4,0,2,,9.0,6.0,7.0,2.0,,15.0,,108.0,32.2,0.0,0,0,3.0,3.0,8.0,24.0,,288.0,14.0,19.0,29.0,4.0,9.0,0.0
Arsenal_3,2022-23,2292990,19,2023-01-03 19:45:00,"Emirates Stadium, London",60319,Home,Arsenal,Newcastle,D,460.0,16.0,12.0,,3.0,,,,7.0,5.0,6.0,1.0,5.0,13.0,55.0,43.0,17.0,,,,,,,75.0,10.0,16.0,,,0,,0,0,0,,3.0,8.0,4.0,2.0,,30.0,,127.0,66.8,0.0,0,0,1.0,8.0,14.0,17.0,1.0,536.0,17.0,13.0,42.0,5.0,8.0,0.0
Arsenal_3,2022-23,2293008,20,2023-01-15 16:30:00,"Tottenham Hotspur Stadium, London",61870,Away,Arsenal,Spurs,W,384.0,22.0,13.0,,2.0,2.0,2.0,,10.0,4.0,7.0,1.0,3.0,7.0,58.0,48.0,29.0,,,,,,,74.0,15.0,16.0,1.0,2.0,0,,2,0,2,1.0,6.0,7.0,5.0,6.0,,28.0,,118.0,49.4,0.0,0,0,7.0,5.0,10.0,29.0,2.0,456.0,14.0,13.0,26.0,3.0,8.0,0.0
Arsenal_3,2022-23,2293011,21,2023-01-22 16:30:00,"Emirates Stadium, London",60325,Home,Arsenal,Man Utd,W,423.0,16.0,11.0,,1.0,2.0,1.0,2.0,9.0,13.0,7.0,,12.0,13.0,51.0,52.0,10.0,1.0,,,,,,49.0,8.0,9.0,2.0,3.0,2,2.0,3,1,1,1.0,9.0,11.0,5.0,2.0,,34.0,,153.0,57.2,0.0,0,0,2.0,7.0,17.0,10.0,1.0,520.0,25.0,21.0,64.0,12.0,14.0,0.0
Arsenal_3,2022-23,2293024,22,2023-02-04 12:30:00,"Goodison Park, Liverpool",39314,Away,Arsenal,Everton,L,553.0,17.0,12.0,,1.0,,,,3.0,5.0,7.0,,5.0,9.0,49.0,50.0,12.0,,1.0,,,,,65.0,8.0,12.0,,,1,1.0,0,0,0,,2.0,7.0,3.0,3.0,,31.0,,140.0,70.5,0.0,0,0,3.0,7.0,13.0,12.0,,639.0,15.0,14.0,39.0,5.0,11.0,0.0
Arsenal_3,2022-23,2293031,23,2023-02-11 15:00:00,"Emirates Stadium, London",60254,Home,Arsenal,Brentford,D,510.0,32.0,13.0,,,1.0,,1.0,6.0,6.0,5.0,,7.0,8.0,58.0,45.0,16.0,,,,,,,62.0,9.0,9.0,1.0,1.0,1,1.0,1,0,0,,4.0,12.0,7.0,3.0,,55.0,,133.0,69.2,0.0,0,0,1.0,10.0,18.0,16.0,1.0,590.0,23.0,10.0,52.0,7.0,6.0,0.0
Arsenal_3,2022-23,2293040,24,2023-02-18 12:30:00,"Villa Park, Birmingham",42066,Away,Arsenal,Aston Villa,W,489.0,12.0,13.0,,1.0,5.0,4.0,1.0,5.0,7.0,11.0,,9.0,11.0,50.0,53.0,6.0,,,,,,,71.0,4.0,12.0,2.0,4.0,2,2.0,4,2,1,2.0,,8.0,5.0,1.0,,39.0,,150.0,66.6,0.0,0,0,3.0,8.0,14.0,6.0,2.0,571.0,20.0,18.0,47.0,9.0,10.0,0.0
Arsenal_3,2022-23,2293055,25,2023-02-25 15:00:00,"King Power Stadium, Leicester",32227,Away,Arsenal,Leicester,W,505.0,16.0,18.0,,,1.0,,1.0,10.0,5.0,12.0,1.0,8.0,9.0,49.0,52.0,11.0,,,,,,,76.0,9.0,13.0,1.0,1.0,0,,1,0,0,,6.0,6.0,2.0,,,38.0,,158.0,65.9,0.0,0,0,,3.0,8.0,11.0,4.0,613.0,10.0,11.0,28.0,8.0,6.0,0.0
Arsenal_3,2022-23,2293060,26,2023-03-04 15:00:00,"Emirates Stadium, London",60222,Home,Arsenal,Bournemouth,W,656.0,15.0,19.0,,,1.0,1.0,1.0,6.0,12.0,4.0,,17.0,9.0,41.0,60.0,5.0,,,,,,,84.0,6.0,8.0,2.0,3.0,2,2.0,3,1,0,1.0,2.0,17.0,9.0,,,69.0,,153.0,80.1,0.0,0,0,2.0,10.0,25.0,5.0,,740.0,31.0,17.0,78.0,17.0,10.0,0.0
Arsenal_3,2022-23,2293073,27,2023-03-12 14:00:00,"Craven Cottage, London",24426,Away,Arsenal,Fulham,W,466.0,16.0,11.0,,,4.0,3.0,1.0,7.0,5.0,10.0,1.0,8.0,10.0,49.0,55.0,20.0,,1.0,,,,,45.0,9.0,10.0,3.0,3.0,0,,3,0,3,,5.0,9.0,7.0,4.0,,34.0,,117.0,55.3,0.0,0,0,2.0,3.0,13.0,20.0,2.0,539.0,15.0,20.0,29.0,8.0,14.0,0.0
Arsenal_3,2022-23,2293080,28,2023-03-19 14:00:00,"Emirates Stadium, London",60247,Home,Arsenal,Crystal Palace,W,509.0,11.0,18.0,,1.0,1.0,,1.0,11.0,5.0,4.0,,5.0,8.0,41.0,50.0,10.0,,,,,,,76.0,8.0,10.0,4.0,4.0,1,1.0,4,0,2,,4.0,8.0,5.0,3.0,,40.0,,131.0,62.2,0.0,0,0,4.0,5.0,12.0,10.0,2.0,587.0,15.0,15.0,43.0,5.0,9.0,0.0
Arsenal_3,2022-23,2293091,29,2023-04-01 15:00:00,"Emirates Stadium, London",60283,Home,Arsenal,Leeds,W,544.0,12.0,20.0,1.0,,5.0,2.0,4.0,11.0,5.0,6.0,,4.0,8.0,50.0,60.0,17.0,,,,,,,60.0,11.0,12.0,3.0,4.0,1,1.0,4,0,1,,8.0,8.0,6.0,1.0,,21.0,1.0,137.0,67.1,0.0,0,0,4.0,2.0,9.0,17.0,5.0,636.0,13.0,15.0,32.0,4.0,9.0,0.0
Arsenal_3,2022-23,2293105,30,2023-04-09 16:30:00,"Anfield, Liverpool",53267,Away,Arsenal,Liverpool,D,285.0,14.0,13.0,,1.0,2.0,1.0,2.0,10.0,2.0,4.0,,4.0,9.0,50.0,61.0,28.0,,1.0,,,,,64.0,11.0,10.0,1.0,2.0,2,2.0,2,1,2,,10.0,4.0,5.0,5.0,,18.0,,142.0,41.0,0.0,0,0,4.0,2.0,6.0,28.0,2.0,372.0,9.0,21.0,25.0,4.0,11.0,0.0
Arsenal_3,2022-23,2293118,31,2023-04-16 14:00:00,"London Stadium, London",62475,Away,Arsenal,West Ham,D,523.0,23.0,19.0,,3.0,2.0,1.0,2.0,7.0,2.0,6.0,,2.0,7.0,54.0,52.0,24.0,,,,,,,59.0,8.0,9.0,2.0,2.0,2,2.0,2,1,2,,3.0,4.0,5.0,7.0,,30.0,1.0,123.0,71.5,0.0,0,0,1.0,4.0,6.0,24.0,1.0,601.0,11.0,13.0,23.0,2.0,9.0,0.0
Arsenal_3,2022-23,2293121,32,2023-04-21 20:00:00,"Emirates Stadium, London",60175,Home,Arsenal,Southampton,D,577.0,11.0,15.0,,2.0,2.0,1.0,2.0,5.0,8.0,12.0,,7.0,10.0,55.0,57.0,4.0,1.0,,,,,,108.0,10.0,14.0,2.0,3.0,3,3.0,3,2,1,1.0,4.0,10.0,6.0,,,57.0,,153.0,74.2,0.0,0,0,3.0,11.0,19.0,4.0,1.0,670.0,25.0,17.0,75.0,7.0,10.0,0.0
Arsenal_3,2022-23,2293138,33,2023-04-26 20:00:00,"Etihad Stadium, Manchester",53482,Away,Arsenal,Man City,L,387.0,15.0,12.0,,4.0,,,,6.0,3.0,7.0,,3.0,8.0,46.0,42.0,12.0,,,,,,,47.0,13.0,11.0,1.0,1.0,4,4.0,1,2,0,,5.0,3.0,2.0,2.0,,15.0,,102.0,48.1,0.0,0,0,5.0,3.0,5.0,12.0,1.0,457.0,8.0,10.0,20.0,3.0,4.0,0.0
Arsenal_3,2022-23,2293141,34,2023-05-02 20:00:00,"Emirates Stadium, London",60144,Home,Arsenal,Chelsea,W,470.0,20.0,12.0,,,1.0,2.0,2.0,8.0,3.0,9.0,,7.0,9.0,52.0,40.0,12.0,,,,,,,56.0,10.0,10.0,2.0,3.0,1,1.0,3,0,3,,7.0,10.0,10.0,2.0,,32.0,,115.0,54.8,0.0,0,0,3.0,3.0,11.0,12.0,1.0,543.0,16.0,12.0,42.0,7.0,4.0,0.0
Arsenal_3,2022-23,2293155,35,2023-05-07 16:30:00,"St. James' Park, Newcastle",50267,Away,Arsenal,Newcastle,W,274.0,17.0,12.0,,1.0,2.0,2.0,,11.0,2.0,12.0,1.0,4.0,11.0,58.0,57.0,24.0,,,,,,,47.0,12.0,16.0,1.0,2.0,0,,2,0,1,1.0,8.0,7.0,6.0,3.0,,18.0,,122.0,45.7,0.0,0,0,5.0,2.0,9.0,24.0,1.0,346.0,10.0,23.0,24.0,4.0,18.0,0.0
Arsenal_3,2022-23,2293160,36,2023-05-14 16:30:00,"Emirates Stadium, London",60139,Home,Arsenal,Brighton,L,276.0,11.0,8.0,,1.0,1.0,1.0,,11.0,4.0,13.0,,5.0,11.0,52.0,51.0,6.0,1.0,,,,,,49.0,13.0,16.0,,,3,3.0,0,0,0,1.0,7.0,5.0,2.0,1.0,,22.0,,120.0,40.9,0.0,0,0,3.0,8.0,12.0,6.0,1.0,360.0,14.0,20.0,28.0,5.0,6.0,0.0
Arsenal_3,2022-23,2293176,37,2023-05-20 17:30:00,"The City Ground, Nottingham",29514,Away,Arsenal,Nott'm Forest,L,644.0,9.0,27.0,,,,,,4.0,1.0,7.0,,6.0,11.0,44.0,48.0,12.0,1.0,1.0,,,,,82.0,12.0,9.0,,,1,1.0,0,1,0,1.0,6.0,2.0,3.0,1.0,,41.0,,134.0,81.7,0.0,0,0,1.0,7.0,8.0,12.0,1.0,724.0,11.0,8.0,32.0,6.0,3.0,0.0
Arsenal_3,2022-23,2293180,38,2023-05-28 16:30:00,"Emirates Stadium, London",60095,Home,Arsenal,Wolves,W,406.0,12.0,11.0,,,3.0,1.0,3.0,9.0,2.0,16.0,1.0,8.0,5.0,45.0,49.0,14.0,,,,,,,47.0,8.0,10.0,4.0,5.0,0,,5,0,3,,2.0,8.0,8.0,2.0,,36.0,,88.0,51.0,0.0,0,0,,4.0,11.0,14.0,1.0,456.0,14.0,17.0,41.0,8.0,14.0,0.0
Bournemouth_91,2022-23,2292811,1,2022-08-06 15:00:00,"Vitality Stadium, Bournemouth",10000,Home,Bournemouth,Aston Villa,W,211.0,16.0,16.0,,2.0,1.0,1.0,,16.0,2.0,14.0,1.0,5.0,5.0,58.0,62.0,36.0,,,,,,,46.0,18.0,16.0,1.0,2.0,0,,2,0,1,,13.0,3.0,3.0,6.0,,16.0,,128.0,34.4,0.0,0,0,2.0,2.0,5.0,36.0,1.0,301.0,7.0,20.0,9.0,5.0,12.0,0.0
Bournemouth_91,2022-23,2292826,2,2022-08-13 15:00:00,"Etihad Stadium, Manchester",53453,Away,Bournemouth,Man City,L,288.0,9.0,8.0,,,,,,1.0,1.0,10.0,,1.0,4.0,36.0,33.0,20.0,1.0,,,,,,21.0,9.0,9.0,,,4,4.0,0,3,0,,6.0,1.0,1.0,4.0,1.0,10.0,,88.0,33.3,0.0,0,0,4.0,1.0,2.0,20.0,1.0,353.0,3.0,10.0,5.0,1.0,5.0,0.0
Bournemouth_91,2022-23,2292830,3,2022-08-20 17:30:00,"Vitality Stadium, Bournemouth",10423,Home,Bournemouth,Arsenal,L,324.0,15.0,12.0,,,,,,7.0,,12.0,,3.0,9.0,52.0,51.0,11.0,,,,,,,41.0,12.0,10.0,,,3,3.0,0,2,0,,7.0,1.0,1.0,4.0,,24.0,,131.0,41.8,0.0,0,0,3.0,5.0,5.0,11.0,1.0,411.0,6.0,22.0,12.0,3.0,8.0,0.0
Bournemouth_91,2022-23,2292845,4,2022-08-27 15:00:00,"Anfield, Liverpool",53328,Away,Bournemouth,Liverpool,L,211.0,18.0,14.0,,2.0,,,,21.0,1.0,10.0,,1.0,7.0,46.0,46.0,17.0,,,,,,,42.0,5.0,6.0,,,9,9.0,0,5,0,1.0,11.0,3.0,2.0,1.0,1.0,11.0,,131.0,30.6,0.0,0,0,4.0,2.0,5.0,17.0,,303.0,5.0,20.0,8.0,1.0,12.0,0.0
Bournemouth_91,2022-23,2292850,5,2022-08-31 19:30:00,"Vitality Stadium, Bournemouth",10113,Home,Bournemouth,Wolves,D,238.0,14.0,12.0,,,,,,12.0,1.0,4.0,1.0,2.0,13.0,54.0,57.0,27.0,,,,,,,39.0,12.0,12.0,,,0,,0,0,0,,8.0,2.0,2.0,5.0,,16.0,,139.0,34.1,0.0,0,0,3.0,2.0,3.0,27.0,,320.0,5.0,24.0,16.0,2.0,20.0,0.0
Bournemouth_91,2022-23,2292867,6,2022-09-03 15:00:00,"The City Ground, Nottingham",28720,Away,Bournemouth,Nott'm Forest,W,359.0,12.0,12.0,,,1.0,,1.0,19.0,3.0,8.0,,6.0,7.0,41.0,42.0,29.0,,,,,,,43.0,10.0,13.0,3.0,3.0,2,2.0,3,2,0,,3.0,5.0,3.0,4.0,,27.0,,132.0,47.3,0.0,0,0,1.0,2.0,7.0,29.0,1.0,442.0,8.0,12.0,17.0,6.0,8.0,0.0
Bournemouth_91,2022-23,2292870,7,2023-04-04 19:45:00,"Vitality Stadium, Bournemouth",10266,Home,Bournemouth,Brighton,L,269.0,14.0,12.0,,2.0,1.0,2.0,,5.0,5.0,14.0,,5.0,5.0,55.0,42.0,13.0,,,,,,,31.0,11.0,4.0,,,2,2.0,0,1,0,,15.0,6.0,3.0,1.0,,25.0,,128.0,36.7,0.0,0,0,4.0,6.0,11.0,13.0,1.0,344.0,14.0,18.0,21.0,5.0,8.0,0.0
Bournemouth_91,2022-23,2292886,8,2022-09-17 15:00:00,"St. James' Park, Newcastle",52238,Away,Bournemouth,Newcastle,D,165.0,14.0,11.0,,,1.0,,1.0,20.0,2.0,5.0,,1.0,7.0,44.0,53.0,35.0,,,,,,,27.0,11.0,10.0,1.0,1.0,1,1.0,1,0,0,,8.0,5.0,3.0,5.0,,15.0,,125.0,27.6,0.0,0,0,6.0,5.0,9.0,35.0,1.0,245.0,10.0,18.0,10.0,1.0,14.0,0.0
Bournemouth_91,2022-23,2292890,9,2022-10-01 15:00:00,"Vitality Stadium, Bournemouth",10126,Home,Bournemouth,Brentford,D,297.0,10.0,12.0,,,1.0,1.0,,5.0,2.0,6.0,1.0,7.0,14.0,47.0,40.0,20.0,,,,,,,62.0,11.0,9.0,,,0,,0,0,0,,9.0,2.0,1.0,4.0,,26.0,,131.0,42.0,0.0,0,0,4.0,4.0,5.0,20.0,1.0,375.0,7.0,14.0,12.0,7.0,8.0,0.0
Bournemouth_91,2022-23,2292900,10,2022-10-08 15:00:00,"Vitality Stadium, Bournemouth",10272,Home,Bournemouth,Leicester,W,359.0,19.0,7.0,,,1.0,,1.0,11.0,4.0,6.0,,7.0,15.0,64.0,46.0,12.0,,,,,,,47.0,8.0,16.0,1.0,2.0,1,1.0,2,1,0,,10.0,5.0,4.0,2.0,,27.0,,137.0,44.2,0.0,0,0,4.0,2.0,5.0,12.0,3.0,424.0,10.0,13.0,26.0,7.0,11.0,0.0
Bournemouth_91,2022-23,2292912,11,2022-10-15 15:00:00,"Craven Cottage, London",22913,Away,Bournemouth,Fulham,D,187.0,19.0,18.0,,,2.0,2.0,1.0,13.0,,8.0,,6.0,8.0,49.0,44.0,46.0,,,,,,,38.0,11.0,9.0,2.0,2.0,2,2.0,2,1,2,,5.0,5.0,6.0,7.0,,13.0,,119.0,31.1,0.0,0,0,2.0,4.0,8.0,46.0,,268.0,10.0,14.0,18.0,6.0,7.0,0.0
Bournemouth_91,2022-23,2292920,12,2022-10-19 19:30:00,"Vitality Stadium, Bournemouth",10405,Home,Bournemouth,Southampton,L,433.0,9.0,15.0,,,,,,24.0,4.0,5.0,,7.0,14.0,45.0,44.0,10.0,,1.0,,,,,65.0,8.0,12.0,,,1,1.0,0,1,0,,8.0,7.0,3.0,4.0,,37.0,,156.0,53.5,0.0,0,0,2.0,8.0,14.0,10.0,2.0,529.0,15.0,13.0,32.0,7.0,5.0,0.0
Bournemouth_91,2022-23,2292938,13,2022-10-24 20:00:00,"London Stadium, London",62447,Away,Bournemouth,West Ham,L,359.0,17.0,18.0,,1.0,1.0,1.0,,7.0,,9.0,,,15.0,57.0,53.0,23.0,,,,,,,49.0,11.0,9.0,,,2,2.0,0,1,0,,6.0,2.0,3.0,8.0,,18.0,,127.0,45.6,0.0,0,0,2.0,2.0,4.0,23.0,,432.0,5.0,21.0,14.0,,16.0,0.0
Bournemouth_91,2022-23,2292940,14,2022-10-29 15:00:00,"Vitality Stadium, Bournemouth",10430,Home,Bournemouth,Spurs,L,223.0,11.0,12.0,,,2.0,,2.0,15.0,,7.0,,2.0,9.0,43.0,35.0,39.0,,,,,,,29.0,10.0,5.0,2.0,2.0,3,3.0,2,0,1,,7.0,4.0,4.0,6.0,,18.0,,108.0,30.6,0.0,0,0,4.0,2.0,6.0,39.0,,292.0,6.0,18.0,17.0,2.0,9.0,0.0
Bournemouth_91,2022-23,2292953,15,2022-11-05 15:00:00,"Elland Road, Leeds",36304,Away,Bournemouth,Leeds,L,211.0,25.0,13.0,,,2.0,2.0,1.0,6.0,1.0,5.0,,3.0,15.0,65.0,53.0,32.0,,,,,,,52.0,10.0,15.0,2.0,3.0,4,4.0,3,1,2,,7.0,5.0,6.0,8.0,,21.0,,141.0,39.1,0.0,0,0,,2.0,6.0,32.0,,289.0,9.0,15.0,19.0,3.0,11.0,0.0
Bournemouth_91,2022-23,2292960,16,2022-11-12 15:00:00,"Vitality Stadium, Bournemouth",10382,Home,Bournemouth,Everton,W,223.0,13.0,17.0,,1.0,2.0,,3.0,9.0,3.0,8.0,1.0,3.0,19.0,63.0,50.0,22.0,,,,,,,33.0,12.0,8.0,2.0,3.0,0,,3,0,2,,1.0,9.0,9.0,6.0,,15.0,,137.0,35.8,0.0,0,0,3.0,4.0,13.0,22.0,1.0,305.0,16.0,15.0,36.0,3.0,10.0,0.0
Bournemouth_91,2022-23,2292973,17,2022-12-27 17:30:00,"Stamford Bridge, London",40046,Away,Bournemouth,Chelsea,L,290.0,8.0,11.0,,,,,,6.0,1.0,6.0,,8.0,12.0,41.0,44.0,15.0,,,,,,,39.0,10.0,8.0,,,2,2.0,0,2,0,,9.0,2.0,4.0,2.0,,27.0,,126.0,39.7,0.0,0,0,3.0,4.0,6.0,15.0,,357.0,9.0,17.0,17.0,8.0,11.0,0.0
Bournemouth_91,2022-23,2292980,18,2022-12-31 15:00:00,"Vitality Stadium, Bournemouth",9972,Home,Bournemouth,Crystal Palace,L,342.0,12.0,13.0,,1.0,,1.0,,10.0,1.0,2.0,,2.0,18.0,61.0,53.0,17.0,,,,,,,71.0,17.0,11.0,,,2,2.0,0,2,0,,6.0,3.0,2.0,5.0,,32.0,,179.0,58.9,0.0,0,0,4.0,3.0,5.0,17.0,1.0,455.0,6.0,17.0,19.0,2.0,10.0,0.0
Bournemouth_91,2022-23,2292998,19,2023-01-03 20:00:00,"Old Trafford, Manchester",73322,Away,Bournemouth,Man Utd,L,320.0,6.0,9.0,,,1.0,1.0,,15.0,1.0,4.0,,5.0,2.0,26.0,45.0,19.0,,,,,,,40.0,7.0,13.0,,,3,3.0,0,1,0,1.0,12.0,3.0,4.0,6.0,,26.0,,118.0,41.5,0.0,0,0,3.0,2.0,5.0,19.0,2.0,405.0,7.0,18.0,14.0,5.0,6.0,0.0
Bournemouth_91,2022-23,2293001,20,2023-01-14 17:30:00,"Gtech Community Stadium, Brentford",17031,Away,Bournemouth,Brentford,L,338.0,18.0,20.0,,,,,,6.0,2.0,6.0,,3.0,9.0,53.0,52.0,31.0,,,,,,,38.0,9.0,5.0,,,2,2.0,0,1,0,,13.0,2.0,2.0,1.0,,22.0,,159.0,50.1,0.0,0,0,2.0,3.0,5.0,31.0,1.0,435.0,7.0,19.0,15.0,3.0,11.0,0.0
Bournemouth_91,2022-23,2293010,21,2023-01-21 15:00:00,"Vitality Stadium, Bournemouth",10248,Home,Bournemouth,Nott'm Forest,D,265.0,18.0,20.0,,,2.0,2.0,,11.0,4.0,5.0,,4.0,9.0,54.0,39.0,31.0,,,,,,,56.0,10.0,7.0,1.0,1.0,1,1.0,1,0,1,,9.0,4.0,4.0,3.0,,23.0,,150.0,42.4,0.0,0,0,4.0,8.0,10.0,31.0,2.0,366.0,16.0,11.0,30.0,4.0,6.0,0.0
Bournemouth_91,2022-23,2293022,22,2023-02-04 15:00:00,"American Express Stadium, Falmer",31600,Away,Bournemouth,Brighton,L,191.0,7.0,17.0,,,,,,5.0,3.0,9.0,,3.0,7.0,40.0,59.0,24.0,,2.0,,,,,39.0,7.0,14.0,,,1,1.0,0,0,0,,9.0,4.0,2.0,7.0,,12.0,,118.0,28.2,0.0,0,0,5.0,7.0,9.0,24.0,1.0,264.0,12.0,20.0,22.0,3.0,12.0,0.0
Bournemouth_91,2022-23,2293030,23,2023-02-11 17:30:00,"Vitality Stadium, Bournemouth",10419,Home,Bournemouth,Newcastle,D,184.0,16.0,17.0,,,2.0,1.0,1.0,9.0,1.0,17.0,,4.0,10.0,56.0,61.0,29.0,,1.0,,,,,49.0,8.0,10.0,1.0,1.0,1,1.0,1,1,1,,17.0,6.0,5.0,3.0,,24.0,,147.0,33.2,0.0,0,0,6.0,5.0,10.0,29.0,2.0,276.0,11.0,20.0,16.0,4.0,11.0,0.0
Bournemouth_91,2022-23,2293049,24,2023-02-18 15:00:00,"Molineux Stadium, Wolverhampton",31222,Away,Bournemouth,Wolves,W,197.0,19.0,24.0,,,1.0,,1.0,11.0,3.0,17.0,1.0,2.0,12.0,60.0,53.0,48.0,,,,,,,51.0,10.0,11.0,1.0,1.0,0,,1,0,0,1.0,6.0,3.0,1.0,6.0,,17.0,,141.0,31.4,0.0,0,0,4.0,1.0,4.0,48.0,,291.0,5.0,9.0,13.0,2.0,4.0,0.0
Bournemouth_91,2022-23,2293050,25,2023-02-25 17:30:00,"Vitality Stadium, Bournemouth",10481,Home,Bournemouth,Man City,L,313.0,9.0,10.0,,,,,1.0,19.0,6.0,8.0,,4.0,15.0,52.0,46.0,12.0,1.0,,,,,,35.0,10.0,9.0,,1.0,4,4.0,1,3,0,,10.0,3.0,2.0,7.0,1.0,21.0,,120.0,34.0,0.0,0,0,2.0,5.0,8.0,12.0,1.0,377.0,13.0,15.0,32.0,4.0,8.0,0.0
Bournemouth_91,2022-23,2293060,26,2023-03-04 15:00:00,"Emirates Stadium, London",60222,Away,Bournemouth,Arsenal,L,106.0,19.0,15.0,,,2.0,1.0,2.0,13.0,,16.0,,1.0,4.0,60.0,41.0,60.0,,,,,,,28.0,8.0,6.0,1.0,2.0,3,3.0,2,0,1,,12.0,3.0,4.0,12.0,,10.0,,117.0,19.9,0.0,0,0,6.0,,3.0,60.0,,184.0,4.0,16.0,7.0,1.0,12.0,0.0
Bournemouth_91,2022-23,2293070,27,2023-03-11 12:30:00,"Vitality Stadium, Bournemouth",10536,Home,Bournemouth,Liverpool,W,182.0,14.0,17.0,,,2.0,1.0,1.0,9.0,,7.0,1.0,3.0,7.0,49.0,55.0,34.0,,3.0,,,,,45.0,7.0,9.0,1.0,1.0,0,,1,0,1,,13.0,2.0,2.0,1.0,,13.0,,154.0,30.7,0.0,0,0,5.0,3.0,3.0,34.0,2.0,278.0,5.0,11.0,12.0,3.0,7.0,0.0
Bournemouth_91,2022-23,2293081,28,2023-03-18 15:00:00,"Villa Park, Birmingham",41021,Away,Bournemouth,Aston Villa,L,294.0,7.0,9.0,,,,1.0,,11.0,3.0,19.0,,6.0,6.0,55.0,49.0,17.0,,1.0,,,,,48.0,13.0,8.0,,,3,3.0,0,1,0,,12.0,5.0,3.0,7.0,,22.0,,105.0,44.2,0.0,0,0,6.0,4.0,8.0,17.0,2.0,350.0,10.0,20.0,25.0,6.0,15.0,0.0
Bournemouth_91,2022-23,2293090,29,2023-04-01 15:00:00,"Vitality Stadium, Bournemouth",10305,Home,Bournemouth,Fulham,W,281.0,11.0,12.0,,1.0,2.0,4.0,1.0,5.0,2.0,8.0,,4.0,7.0,52.0,58.0,11.0,,,,,,,65.0,15.0,13.0,,2.0,1,1.0,2,1,0,,8.0,4.0,7.0,2.0,,24.0,,132.0,42.7,0.0,0,0,1.0,3.0,6.0,11.0,1.0,367.0,12.0,17.0,26.0,4.0,13.0,0.0
Bournemouth_91,2022-23,2293104,30,2023-04-08 15:00:00,"King Power Stadium, Leicester",32094,Away,Bournemouth,Leicester,W,328.0,18.0,20.0,,,1.0,1.0,1.0,12.0,10.0,8.0,1.0,6.0,7.0,58.0,45.0,25.0,,,,,,,59.0,13.0,10.0,,1.0,0,,1,0,1,1.0,11.0,8.0,7.0,2.0,,22.0,,146.0,49.2,0.0,0,0,4.0,2.0,9.0,25.0,2.0,417.0,19.0,8.0,34.0,6.0,5.0,0.0
Bournemouth_91,2022-23,2293117,31,2023-04-15 15:15:00,"Tottenham Hotspur Stadium, London",61369,Away,Bournemouth,Spurs,W,289.0,21.0,10.0,,,2.0,,3.0,11.0,1.0,10.0,,1.0,9.0,56.0,47.0,37.0,,,,,,,47.0,9.0,7.0,2.0,3.0,2,2.0,3,1,1,,18.0,5.0,6.0,8.0,,12.0,,128.0,42.6,0.0,0,0,6.0,2.0,7.0,37.0,1.0,379.0,9.0,17.0,19.0,1.0,12.0,0.0
Bournemouth_91,2022-23,2293120,32,2023-04-23 14:00:00,"Vitality Stadium, Bournemouth",10465,Home,Bournemouth,West Ham,L,560.0,16.0,15.0,,,1.0,1.0,,6.0,5.0,5.0,,8.0,7.0,45.0,45.0,12.0,,,,,,,70.0,7.0,8.0,,,4,4.0,0,3,0,1.0,9.0,6.0,5.0,4.0,,40.0,,138.0,64.6,0.0,0,0,6.0,7.0,12.0,12.0,,643.0,17.0,11.0,31.0,8.0,7.0,0.0
Bournemouth_91,2022-23,2293139,33,2023-04-27 19:45:00,"St. Mary's Stadium, Southampton",30414,Away,Bournemouth,Southampton,W,305.0,10.0,12.0,,,,,,9.0,10.0,17.0,1.0,4.0,10.0,56.0,57.0,32.0,,,,,,,52.0,11.0,7.0,1.0,1.0,0,,1,0,0,,6.0,7.0,2.0,3.0,,27.0,,136.0,43.5,0.0,0,0,2.0,4.0,10.0,32.0,2.0,389.0,16.0,21.0,33.0,4.0,12.0,0.0
Bournemouth_91,2022-23,2293140,34,2023-04-30 14:00:00,"Vitality Stadium, Bournemouth",10434,Home,Bournemouth,Leeds,W,271.0,23.0,12.0,,,2.0,2.0,2.0,11.0,3.0,13.0,,2.0,9.0,66.0,61.0,20.0,,,,,,,64.0,12.0,14.0,1.0,4.0,1,1.0,4,1,2,,6.0,6.0,7.0,1.0,,17.0,,145.0,42.1,0.0,0,0,5.0,2.0,7.0,20.0,2.0,371.0,12.0,24.0,26.0,2.0,12.0,0.0
Bournemouth_91,2022-23,2293150,35,2023-05-06 15:00:00,"Vitality Stadium, Bournemouth",10357,Home,Bournemouth,Chelsea,L,230.0,11.0,11.0,,,1.0,1.0,,4.0,2.0,15.0,,7.0,6.0,46.0,44.0,25.0,,1.0,,,,,37.0,9.0,9.0,1.0,1.0,3,3.0,1,1,1,,8.0,6.0,4.0,1.0,,22.0,,117.0,34.0,0.0,0,0,2.0,4.0,10.0,25.0,1.0,305.0,10.0,16.0,25.0,7.0,9.0,0.0
Bournemouth_91,2022-23,2293164,36,2023-05-13 15:00:00,"Selhurst Park, London",25034,Away,Bournemouth,Crystal Palace,L,330.0,11.0,15.0,,,,,,13.0,4.0,12.0,,2.0,15.0,57.0,47.0,33.0,,,,,,,35.0,12.0,5.0,,,2,2.0,0,1,0,,11.0,4.0,,5.0,,16.0,,123.0,40.2,0.0,0,0,3.0,1.0,4.0,33.0,1.0,410.0,5.0,20.0,17.0,2.0,10.0,0.0
Bournemouth_91,2022-23,2293170,37,2023-05-20 15:00:00,"Vitality Stadium, Bournemouth",10240,Home,Bournemouth,Man Utd,L,387.0,13.0,7.0,,1.0,1.0,1.0,,10.0,3.0,15.0,,3.0,15.0,60.0,34.0,20.0,,,,,,,44.0,6.0,7.0,,,1,1.0,0,1,0,,18.0,5.0,4.0,7.0,,26.0,,123.0,41.5,0.0,0,0,4.0,3.0,7.0,20.0,,453.0,10.0,12.0,23.0,3.0,7.0,0.0
Bournemouth_91,2022-23,2293185,38,2023-05-28 16:30:00,"Goodison Park, Liverpool",39201,Away,Bournemouth,Everton,L,447.0,21.0,18.0,,,,,,6.0,2.0,8.0,,3.0,5.0,59.0,47.0,29.0,,,,,,,55.0,12.0,11.0,,,1,1.0,0,0,0,,6.0,4.0,2.0,2.0,,27.0,,142.0,62.2,0.0,0,0,5.0,3.0,5.0,29.0,1.0,533.0,7.0,12.0,15.0,3.0,7.0,0.0
Brentford_94,2022-23,2292815,1,2022-08-07 14:00:00,"King Power Stadium, Leicester",31794.0,Away,Brentford,Leicester,D,386.0,14.0,15.0,,,2.0,1.0,1.0,9.0,1.0,8.0,,6.0,9.0,40.0,35.0,16.0,,,,,,,46.0,5.0,6.0,1.0,2.0,2,2.0,2,1,0,,8.0,3.0,3.0,3.0,,23.0,,116.0,44.6,0.0,0,0,3.0,4.0,7.0,16.0,2.0,457.0,8.0,10.0,10.0,6.0,6.0,0.0
Brentford_94,2022-23,2292822,2,2022-08-13 17:30:00,"Gtech Community Stadium, Brentford",17051.0,Home,Brentford,Man Utd,W,167.0,14.0,10.0,,,2.0,,2.0,19.0,3.0,10.0,1.0,8.0,9.0,42.0,38.0,13.0,,,,,,,47.0,6.0,14.0,3.0,4.0,0,,4,0,4,,8.0,6.0,7.0,4.0,,27.0,,135.0,33.3,0.0,0,0,4.0,3.0,6.0,13.0,1.0,255.0,13.0,6.0,22.0,8.0,4.0,0.0
Brentford_94,2022-23,2292833,3,2022-08-20 15:00:00,"Craven Cottage, London",21798.0,Away,Brentford,Fulham,L,315.0,20.0,23.0,,,3.0,1.0,2.0,10.0,4.0,4.0,,3.0,7.0,43.0,54.0,9.0,,1.0,,,,,60.0,7.0,11.0,2.0,2.0,3,3.0,2,2,1,,6.0,5.0,5.0,5.0,,29.0,,151.0,56.3,0.0,0,0,6.0,4.0,9.0,9.0,7.0,417.0,13.0,12.0,25.0,3.0,5.0,0.0
Brentford_94,2022-23,2292842,4,2022-08-27 15:00:00,"Gtech Community Stadium, Brentford",17009.0,Home,Brentford,Everton,D,429.0,17.0,21.0,,,2.0,2.0,1.0,6.0,5.0,9.0,,8.0,14.0,56.0,48.0,12.0,,,,,,,59.0,8.0,8.0,1.0,1.0,1,1.0,1,1,0,3.0,8.0,8.0,5.0,5.0,,47.0,,143.0,57.8,0.0,0,0,6.0,10.0,14.0,12.0,,514.0,20.0,14.0,31.0,8.0,6.0,0.0
Brentford_94,2022-23,2292852,5,2022-08-30 19:30:00,"Selhurst Park, London",25043.0,Away,Brentford,Crystal Palace,D,386.0,14.0,12.0,,1.0,5.0,4.0,1.0,9.0,1.0,7.0,,6.0,10.0,50.0,43.0,5.0,,1.0,,,,,57.0,8.0,11.0,1.0,1.0,1,1.0,1,0,0,1.0,14.0,3.0,3.0,3.0,,40.0,,163.0,51.1,0.0,0,0,3.0,5.0,8.0,5.0,,482.0,9.0,14.0,27.0,6.0,13.0,0.0
Brentford_94,2022-23,2292861,6,2022-09-03 15:00:00,"Gtech Community Stadium, Brentford",,Home,Brentford,Leeds,W,141.0,11.0,17.0,1.0,,3.0,3.0,3.0,11.0,1.0,16.0,,2.0,15.0,59.0,63.0,21.0,,,,,,,44.0,8.0,9.0,,5.0,2,2.0,5,1,2,,14.0,4.0,8.0,3.0,,21.0,1.0,136.0,31.1,0.0,0,0,4.0,5.0,5.0,21.0,1.0,218.0,14.0,24.0,19.0,2.0,17.0,0.0
Brentford_94,2022-23,2292878,7,2023-03-15 19:30:00,"St. Mary's Stadium, Southampton",30438.0,Away,Brentford,Southampton,W,186.0,17.0,24.0,,3.0,3.0,1.0,2.0,15.0,4.0,12.0,1.0,3.0,9.0,53.0,67.0,24.0,,,,,,,54.0,10.0,14.0,2.0,2.0,0,,2,0,1,,14.0,6.0,5.0,3.0,,24.0,,140.0,33.6,0.0,0,0,,2.0,7.0,24.0,1.0,289.0,11.0,20.0,26.0,3.0,11.0,0.0
Brentford_94,2022-23,2292881,8,2022-09-18 12:00:00,"Gtech Community Stadium, Brentford",17122.0,Home,Brentford,Arsenal,L,238.0,8.0,21.0,,1.0,1.0,1.0,,5.0,,10.0,,3.0,9.0,40.0,55.0,16.0,,,,,,,37.0,10.0,9.0,,,3,3.0,0,2,0,,12.0,2.0,2.0,1.0,,27.0,,135.0,36.1,0.0,0,0,4.0,3.0,5.0,16.0,3.0,321.0,5.0,21.0,14.0,3.0,13.0,0.0
Brentford_94,2022-23,2292890,9,2022-10-01 15:00:00,"Vitality Stadium, Bournemouth",10126.0,Away,Brentford,Bournemouth,D,440.0,12.0,10.0,,,1.0,1.0,,7.0,4.0,5.0,1.0,8.0,8.0,40.0,47.0,19.0,,,,,,,68.0,10.0,11.0,,,0,,0,0,0,,7.0,5.0,4.0,3.0,,38.0,,133.0,58.0,0.0,0,0,,5.0,10.0,19.0,2.0,530.0,13.0,20.0,22.0,8.0,14.0,0.0
Brentford_94,2022-23,2292907,10,2022-10-08 15:00:00,"St. James' Park, Newcastle",52067.0,Away,Brentford,Newcastle,L,239.0,15.0,13.0,1.0,2.0,,,1.0,6.0,2.0,10.0,,5.0,6.0,48.0,43.0,15.0,2.0,,,,,,56.0,9.0,13.0,,1.0,5,5.0,1,2,0,,13.0,3.0,3.0,6.0,1.0,32.0,1.0,132.0,45.6,0.0,0,0,2.0,1.0,4.0,15.0,3.0,320.0,6.0,10.0,22.0,5.0,7.0,0.0
Brentford_94,2022-23,2292911,11,2022-10-14 20:00:00,"Gtech Community Stadium, Brentford",17016.0,Home,Brentford,Brighton,W,157.0,15.0,17.0,1.0,1.0,2.0,1.0,2.0,11.0,,2.0,1.0,2.0,16.0,52.0,53.0,29.0,,,,,,,39.0,12.0,15.0,1.0,2.0,0,,2,0,1,1.0,12.0,1.0,3.0,10.0,,26.0,1.0,137.0,27.5,0.0,0,0,7.0,4.0,3.0,29.0,,235.0,7.0,12.0,19.0,2.0,7.0,0.0
Brentford_94,2022-23,2292922,12,2022-10-19 19:30:00,"Gtech Community Stadium, Brentford",17118.0,Home,Brentford,Chelsea,D,222.0,11.0,12.0,,1.0,2.0,3.0,,3.0,1.0,11.0,1.0,6.0,8.0,46.0,41.0,25.0,,1.0,,,,,54.0,7.0,6.0,,,0,,0,0,0,,10.0,5.0,5.0,6.0,,32.0,,147.0,33.7,0.0,0,0,5.0,2.0,7.0,25.0,2.0,317.0,8.0,19.0,22.0,6.0,9.0,0.0
Brentford_94,2022-23,2292930,13,2022-10-23 14:00:00,"Villa Park, Birmingham",41693.0,Away,Brentford,Aston Villa,L,302.0,15.0,21.0,,,1.0,2.0,,6.0,4.0,9.0,,6.0,10.0,53.0,66.0,12.0,,,,,,,58.0,11.0,14.0,,,4,4.0,0,3,0,,8.0,7.0,3.0,4.0,,30.0,,156.0,54.9,0.0,0,0,7.0,5.0,11.0,12.0,1.0,397.0,12.0,20.0,21.0,6.0,10.0,0.0
Brentford_94,2022-23,2292942,14,2022-10-29 15:00:00,"Gtech Community Stadium, Brentford",17051.0,Home,Brentford,Wolves,D,337.0,11.0,18.0,,2.0,1.0,2.0,,6.0,3.0,8.0,,3.0,12.0,45.0,59.0,18.0,,1.0,,,,,59.0,10.0,16.0,1.0,1.0,1,1.0,1,0,0,,5.0,3.0,3.0,3.0,,38.0,,137.0,57.8,0.0,1,0,3.0,6.0,8.0,18.0,,419.0,12.0,17.0,30.0,3.0,9.0,0.0
Brentford_94,2022-23,2292955,15,2022-11-05 15:00:00,"The City Ground, Nottingham",28869.0,Away,Brentford,Nott'm Forest,D,367.0,16.0,14.0,1.0,,1.0,,2.0,16.0,1.0,10.0,,3.0,13.0,54.0,40.0,30.0,,,,,,,52.0,11.0,10.0,1.0,2.0,2,2.0,2,1,1,,4.0,2.0,2.0,3.0,1.0,22.0,1.0,157.0,52.8,0.0,0,0,5.0,3.0,4.0,30.0,2.0,477.0,6.0,12.0,16.0,3.0,9.0,0.0
Brentford_94,2022-23,2292964,16,2022-11-12 12:30:00,"Etihad Stadium, Manchester",52786.0,Away,Brentford,Man City,W,123.0,22.0,20.0,,1.0,5.0,4.0,2.0,8.0,1.0,8.0,,2.0,4.0,45.0,44.0,46.0,,,,,,,57.0,7.0,8.0,2.0,2.0,1,1.0,2,1,1,,9.0,8.0,8.0,14.0,,21.0,,124.0,25.4,0.0,0,0,5.0,1.0,8.0,46.0,2.0,216.0,10.0,11.0,27.0,2.0,3.0,0.0
Brentford_94,2022-23,2292972,17,2022-12-26 12:30:00,"Gtech Community Stadium, Brentford",17137.0,Home,Brentford,Spurs,D,213.0,28.0,14.0,,,2.0,1.0,2.0,8.0,1.0,12.0,,6.0,11.0,67.0,42.0,24.0,,,,,,,55.0,11.0,10.0,1.0,2.0,2,2.0,2,0,1,,9.0,4.0,5.0,5.0,,27.0,,171.0,39.1,0.0,0,0,6.0,3.0,7.0,24.0,1.0,335.0,9.0,16.0,21.0,6.0,4.0,0.0
Brentford_94,2022-23,2292988,18,2022-12-30 19:45:00,"London Stadium, London",62467.0,Away,Brentford,West Ham,W,261.0,17.0,14.0,,1.0,1.0,,2.0,6.0,1.0,5.0,1.0,1.0,7.0,39.0,41.0,35.0,,1.0,,,,,52.0,5.0,9.0,1.0,2.0,0,,2,0,2,,9.0,5.0,6.0,6.0,,18.0,,120.0,36.9,0.0,0,0,5.0,2.0,7.0,35.0,,348.0,9.0,16.0,18.0,1.0,8.0,0.0
Brentford_94,2022-23,2292992,19,2023-01-02 17:30:00,"Gtech Community Stadium, Brentford",17163.0,Home,Brentford,Liverpool,W,118.0,16.0,15.0,,,1.0,3.0,1.0,8.0,1.0,13.0,,4.0,7.0,42.0,42.0,37.0,,,,,,,55.0,5.0,8.0,1.0,3.0,1,1.0,3,0,2,,13.0,3.0,7.0,8.0,,24.0,,164.0,27.0,0.0,0,0,4.0,2.0,5.0,37.0,7.0,237.0,10.0,17.0,15.0,4.0,7.0,0.0
Brentford_94,2022-23,2293001,20,2023-01-14 17:30:00,"Gtech Community Stadium, Brentford",17031.0,Home,Brentford,Bournemouth,W,317.0,20.0,18.0,1.0,2.0,,,1.0,5.0,1.0,8.0,1.0,5.0,10.0,51.0,53.0,19.0,,1.0,,,,,59.0,5.0,9.0,1.0,2.0,0,,2,0,1,,7.0,3.0,4.0,2.0,,32.0,1.0,176.0,49.9,0.0,0,0,2.0,7.0,5.0,19.0,2.0,426.0,12.0,20.0,18.0,5.0,11.0,0.0
Brentford_94,2022-23,2293014,21,2023-01-22 14:00:00,"Elland Road, Leeds",36260.0,Away,Brentford,Leeds,D,223.0,18.0,18.0,,,,,,7.0,1.0,7.0,1.0,3.0,11.0,60.0,49.0,23.0,,,,,,,53.0,18.0,10.0,,,0,,0,0,0,,14.0,,,3.0,,28.0,,178.0,41.5,0.0,0,0,5.0,5.0,4.0,23.0,1.0,346.0,6.0,14.0,12.0,3.0,6.0,0.0
Brentford_94,2022-23,2293021,22,2023-02-04 15:00:00,"Gtech Community Stadium, Brentford",17051.0,Home,Brentford,Southampton,W,274.0,25.0,20.0,,1.0,3.0,1.0,2.0,11.0,4.0,4.0,1.0,4.0,13.0,55.0,46.0,18.0,,,,,,,76.0,10.0,9.0,3.0,3.0,0,,3,0,2,1.0,7.0,7.0,4.0,5.0,,41.0,,165.0,48.3,0.0,0,0,5.0,6.0,11.0,18.0,1.0,396.0,14.0,14.0,34.0,4.0,8.0,0.0
Brentford_94,2022-23,2293031,23,2023-02-11 15:00:00,"Emirates Stadium, London",60254.0,Away,Brentford,Arsenal,D,177.0,13.0,32.0,,1.0,3.0,2.0,1.0,10.0,3.0,13.0,,4.0,6.0,45.0,58.0,34.0,,,,,,,51.0,9.0,9.0,1.0,1.0,1,1.0,1,0,0,1.0,6.0,5.0,2.0,6.0,,32.0,,120.0,30.8,0.0,0,0,6.0,4.0,9.0,34.0,1.0,267.0,9.0,12.0,37.0,4.0,8.0,0.0
Brentford_94,2022-23,2293041,24,2023-02-18 15:00:00,"Gtech Community Stadium, Brentford",17122.0,Home,Brentford,Crystal Palace,D,426.0,16.0,24.0,,1.0,1.0,,1.0,5.0,1.0,10.0,,2.0,6.0,50.0,49.0,12.0,,,,,,,72.0,10.0,8.0,1.0,1.0,1,1.0,1,0,0,,9.0,6.0,5.0,3.0,,45.0,,151.0,58.7,0.0,0,0,3.0,6.0,8.0,12.0,3.0,517.0,12.0,12.0,31.0,2.0,6.0,0.0
Brentford_94,2022-23,2293056,25,2023-04-05 20:00:00,"Old Trafford, Manchester",73309.0,Away,Brentford,Man Utd,L,249.0,23.0,17.0,,,1.0,1.0,,11.0,1.0,10.0,,3.0,8.0,61.0,54.0,26.0,,,,,,,45.0,13.0,9.0,,,1,1.0,0,1,0,,10.0,2.0,1.0,7.0,,22.0,,119.0,35.3,0.0,0,0,2.0,4.0,5.0,26.0,1.0,327.0,6.0,18.0,16.0,3.0,13.0,0.0
Brentford_94,2022-23,2293062,26,2023-03-06 20:00:00,"Gtech Community Stadium, Brentford",17025.0,Home,Brentford,Fulham,W,183.0,8.0,18.0,1.0,2.0,3.0,2.0,2.0,10.0,1.0,15.0,,2.0,7.0,46.0,62.0,26.0,1.0,,,,,,49.0,12.0,16.0,1.0,3.0,2,2.0,3,1,1,2.0,11.0,3.0,6.0,,,35.0,1.0,139.0,36.2,0.0,0,0,3.0,7.0,6.0,26.0,3.0,274.0,14.0,22.0,23.0,2.0,15.0,0.0
Brentford_94,2022-23,2293072,27,2023-03-11 15:00:00,"Goodison Park, Liverpool",39036.0,Away,Brentford,Everton,L,405.0,18.0,23.0,,,3.0,3.0,,9.0,2.0,8.0,,8.0,12.0,63.0,60.0,11.0,,,,,,,80.0,12.0,10.0,,,1,1.0,0,1,0,,4.0,4.0,4.0,1.0,,47.0,,185.0,66.7,0.0,0,0,5.0,6.0,10.0,11.0,1.0,523.0,12.0,11.0,26.0,8.0,9.0,0.0
Brentford_94,2022-23,2293082,28,2023-03-18 15:00:00,"Gtech Community Stadium, Brentford",17006.0,Home,Brentford,Leicester,D,374.0,15.0,16.0,,1.0,,,,15.0,7.0,14.0,,8.0,7.0,51.0,62.0,15.0,,,,,,,65.0,10.0,11.0,,1.0,1,1.0,1,0,1,,8.0,6.0,2.0,6.0,,44.0,,162.0,52.9,0.0,0,1,,2.0,8.0,15.0,1.0,484.0,11.0,22.0,30.0,8.0,17.0,0.0
Brentford_94,2022-23,2293092,29,2023-04-01 15:00:00,"American Express Stadium, Falmer",31493.0,Away,Brentford,Brighton,D,150.0,16.0,10.0,,1.0,2.0,1.0,2.0,13.0,1.0,15.0,,,7.0,49.0,43.0,38.0,,2.0,,,,,36.0,10.0,15.0,3.0,3.0,3,3.0,3,2,2,,9.0,5.0,5.0,9.0,,16.0,,100.0,27.8,0.0,0,0,11.0,1.0,6.0,38.0,2.0,227.0,7.0,16.0,17.0,,7.0,0.0
Brentford_94,2022-23,2293101,30,2023-04-08 15:00:00,"Gtech Community Stadium, Brentford",17107.0,Home,Brentford,Newcastle,L,206.0,20.0,23.0,1.0,1.0,,1.0,1.0,7.0,2.0,6.0,,6.0,6.0,55.0,62.0,15.0,,,,,,,37.0,10.0,14.0,,1.0,2,2.0,1,0,1,,7.0,5.0,6.0,2.0,1.0,38.0,2.0,126.0,41.0,0.0,0,0,3.0,4.0,9.0,15.0,2.0,273.0,12.0,16.0,27.0,6.0,14.0,0.0
Brentford_94,2022-23,2293119,31,2023-04-15 15:00:00,"Molineux Stadium, Wolverhampton",30769.0,Away,Brentford,Wolves,L,352.0,11.0,20.0,,1.0,,1.0,,5.0,4.0,9.0,,2.0,13.0,48.0,61.0,13.0,1.0,,,,,,63.0,8.0,11.0,,,2,2.0,0,1,0,1.0,13.0,6.0,3.0,2.0,,24.0,,141.0,49.4,0.0,0,0,7.0,3.0,7.0,13.0,1.0,436.0,10.0,23.0,22.0,2.0,11.0,0.0
Brentford_94,2022-23,2293122,32,2023-04-22 15:00:00,"Gtech Community Stadium, Brentford",17098.0,Home,Brentford,Aston Villa,D,210.0,13.0,18.0,,1.0,3.0,3.0,1.0,3.0,5.0,6.0,,8.0,3.0,39.0,57.0,16.0,1.0,,,,,,64.0,12.0,8.0,1.0,1.0,1,1.0,1,0,0,,11.0,8.0,5.0,1.0,,35.0,,142.0,42.5,0.0,0,0,1.0,6.0,11.0,16.0,6.0,308.0,16.0,16.0,24.0,8.0,6.0,0.0
Brentford_94,2022-23,2293137,33,2023-04-26 19:45:00,"Stamford Bridge, London",39929.0,Away,Brentford,Chelsea,W,173.0,19.0,15.0,,,,,,7.0,1.0,17.0,1.0,2.0,9.0,61.0,36.0,23.0,,,,,,,54.0,13.0,5.0,1.0,2.0,0,,2,0,1,,9.0,2.0,1.0,3.0,,23.0,,137.0,27.1,0.0,0,0,4.0,5.0,7.0,23.0,2.0,263.0,7.0,13.0,14.0,2.0,6.0,0.0
Brentford_94,2022-23,2293142,34,2023-04-29 15:00:00,"Gtech Community Stadium, Brentford",17080.0,Home,Brentford,Nott'm Forest,W,466.0,23.0,22.0,,2.0,,1.0,,2.0,3.0,1.0,,6.0,7.0,51.0,51.0,5.0,,,,,,,82.0,6.0,13.0,1.0,2.0,1,1.0,2,1,0,,6.0,6.0,8.0,1.0,,47.0,,150.0,68.9,0.0,0,0,2.0,3.0,8.0,5.0,1.0,550.0,14.0,9.0,23.0,6.0,5.0,0.0
Brentford_94,2022-23,2293153,35,2023-05-06 17:30:00,"Anfield, Liverpool",52838.0,Away,Brentford,Liverpool,L,244.0,14.0,14.0,,,,,,5.0,1.0,8.0,,3.0,5.0,40.0,52.0,18.0,,1.0,,,,,62.0,10.0,19.0,,,1,1.0,0,1,0,,8.0,2.0,1.0,4.0,,32.0,,126.0,46.1,0.0,0,0,4.0,3.0,4.0,18.0,2.0,326.0,5.0,11.0,8.0,3.0,6.0,0.0
Brentford_94,2022-23,2293162,36,2023-05-14 14:00:00,"Gtech Community Stadium, Brentford",17075.0,Home,Brentford,West Ham,W,411.0,19.0,18.0,,,5.0,4.0,2.0,11.0,5.0,6.0,1.0,7.0,6.0,41.0,53.0,15.0,,,,,,,55.0,5.0,3.0,2.0,2.0,0,,2,0,2,,5.0,10.0,10.0,,,38.0,,142.0,53.1,0.0,0,0,4.0,9.0,17.0,15.0,3.0,506.0,24.0,20.0,46.0,7.0,11.0,0.0
Brentford_94,2022-23,2293177,37,2023-05-20 12:30:00,"Tottenham Hotspur Stadium, London",61514.0,Away,Brentford,Spurs,W,283.0,26.0,18.0,,,2.0,,2.0,17.0,1.0,5.0,,2.0,7.0,51.0,45.0,20.0,,,,,,,51.0,9.0,10.0,3.0,3.0,1,1.0,3,1,0,,4.0,4.0,4.0,9.0,,22.0,,120.0,38.2,0.0,0,0,6.0,6.0,6.0,20.0,1.0,364.0,11.0,11.0,27.0,2.0,6.0,0.0
Brentford_94,2022-23,2293182,38,2023-05-28 16:30:00,"Gtech Community Stadium, Brentford",17120.0,Home,Brentford,Man City,W,256.0,12.0,12.0,,3.0,2.0,1.0,1.0,8.0,3.0,13.0,1.0,3.0,9.0,51.0,44.0,17.0,,,,,,,41.0,12.0,8.0,1.0,1.0,0,,1,0,0,,10.0,6.0,4.0,9.0,,30.0,,104.0,34.4,0.0,0,0,2.0,4.0,8.0,17.0,3.0,323.0,11.0,17.0,39.0,3.0,11.0,0.0
Brighton_36,2022-23,2292818,1,2022-08-07 14:00:00,"Old Trafford, Manchester",73711.0,Away,Brighton,Man Utd,W,229.0,11.0,9.0,,,1.0,,2.0,20.0,5.0,5.0,,2.0,6.0,40.0,36.0,24.0,,,,,,,71.0,12.0,7.0,1.0,2.0,1,1.0,2,0,2,,12.0,8.0,4.0,7.0,1.0,23.0,,141.0,37.1,0.0,0,0,5.0,6.0,13.0,24.0,1.0,326.0,15.0,14.0,27.0,2.0,9.0,0.0
Brighton_36,2022-23,2292823,2,2022-08-13 15:00:00,"American Express Stadium, Falmer",31552.0,Home,Brighton,Newcastle,D,286.0,16.0,18.0,,,3.0,3.0,,12.0,3.0,12.0,1.0,7.0,7.0,47.0,43.0,19.0,,1.0,,,,,59.0,8.0,4.0,,,0,,0,0,0,,8.0,7.0,7.0,1.0,,39.0,,141.0,54.5,0.0,0,0,1.0,3.0,10.0,19.0,1.0,374.0,13.0,18.0,31.0,7.0,14.0,0.0
Brighton_36,2022-23,2292839,3,2022-08-21 14:00:00,"London Stadium, London",62449.0,Away,Brighton,West Ham,W,395.0,20.0,9.0,1.0,,2.0,1.0,2.0,19.0,4.0,4.0,1.0,4.0,6.0,38.0,39.0,16.0,,,,,,,72.0,7.0,10.0,1.0,2.0,0,,2,0,1,,6.0,4.0,2.0,7.0,,21.0,1.0,131.0,50.4,0.0,0,0,3.0,5.0,8.0,16.0,1.0,485.0,11.0,17.0,22.0,4.0,7.0,0.0
Brighton_36,2022-23,2292843,4,2022-08-27 15:00:00,"American Express Stadium, Falmer",30953.0,Home,Brighton,Leeds,W,250.0,10.0,14.0,,3.0,2.0,2.0,,16.0,1.0,11.0,1.0,5.0,14.0,53.0,48.0,8.0,,,,,,,65.0,10.0,13.0,1.0,1.0,0,,1,0,0,,9.0,5.0,4.0,5.0,,25.0,,163.0,42.8,0.0,0,0,2.0,8.0,12.0,8.0,2.0,353.0,13.0,14.0,27.0,5.0,10.0,0.0
Brighton_36,2022-23,2292853,5,2022-08-30 19:30:00,"Craven Cottage, London",22224.0,Away,Brighton,Fulham,L,446.0,18.0,13.0,1.0,,1.0,2.0,1.0,29.0,,9.0,,3.0,14.0,64.0,56.0,11.0,,2.0,,,,,73.0,11.0,9.0,,1.0,2,2.0,1,0,0,1.0,11.0,2.0,4.0,,1.0,29.0,1.0,155.0,60.9,0.0,0,0,2.0,3.0,5.0,11.0,2.0,533.0,7.0,23.0,20.0,3.0,12.0,0.0
Brighton_36,2022-23,2292862,6,2022-09-04 14:00:00,"American Express Stadium, Falmer",31185.0,Home,Brighton,Leicester,W,421.0,11.0,10.0,1.0,1.0,3.0,1.0,3.0,8.0,7.0,6.0,,10.0,7.0,36.0,46.0,5.0,,,,,,,68.0,6.0,8.0,2.0,5.0,2,2.0,5,2,2,,13.0,10.0,11.0,1.0,,36.0,1.0,121.0,53.5,0.0,0,0,2.0,5.0,13.0,5.0,2.0,493.0,23.0,17.0,36.0,10.0,12.0,0.0
Brighton_36,2022-23,2292870,7,2023-04-04 19:45:00,"Vitality Stadium, Bournemouth",10266.0,Away,Brighton,Bournemouth,W,545.0,12.0,14.0,,1.0,3.0,1.0,2.0,12.0,1.0,8.0,1.0,5.0,11.0,42.0,55.0,10.0,,1.0,,,,,62.0,5.0,10.0,2.0,2.0,0,,2,0,1,,7.0,7.0,6.0,4.0,,24.0,,130.0,63.3,0.0,0,0,3.0,9.0,15.0,10.0,,626.0,16.0,17.0,30.0,5.0,9.0,0.0
Brighton_36,2022-23,2292882,8,2023-03-15 19:30:00,"American Express Stadium, Falmer",30933.0,Home,Brighton,Crystal Palace,W,488.0,3.0,10.0,,1.0,,,,9.0,1.0,11.0,1.0,1.0,6.0,42.0,53.0,8.0,,1.0,,,,,57.0,13.0,19.0,1.0,1.0,0,,1,0,1,,15.0,6.0,5.0,2.0,,23.0,,133.0,57.1,0.0,0,0,3.0,5.0,10.0,8.0,2.0,579.0,11.0,20.0,15.0,1.0,11.0,0.0
Brighton_36,2022-23,2292896,9,2022-10-01 15:00:00,"Anfield, Liverpool",53320.0,Away,Brighton,Liverpool,D,359.0,11.0,8.0,,,5.0,3.0,3.0,7.0,,8.0,,2.0,6.0,46.0,48.0,26.0,,,,,,,42.0,13.0,6.0,2.0,3.0,3,3.0,3,1,2,,14.0,5.0,6.0,2.0,1.0,25.0,,154.0,46.2,0.0,0,0,5.0,,5.0,26.0,,460.0,6.0,23.0,23.0,2.0,9.0,0.0
Brighton_36,2022-23,2292902,10,2022-10-08 17:30:00,"American Express Stadium, Falmer",31498.0,Home,Brighton,Spurs,L,610.0,11.0,12.0,,1.0,1.0,1.0,,10.0,5.0,8.0,,6.0,12.0,42.0,51.0,7.0,,,,,,,67.0,9.0,13.0,,,1,1.0,0,1,0,,10.0,9.0,4.0,1.0,,29.0,,132.0,58.9,0.0,0,0,2.0,5.0,14.0,7.0,2.0,694.0,14.0,17.0,30.0,6.0,9.0,0.0
Brighton_36,2022-23,2292911,11,2022-10-14 20:00:00,"Gtech Community Stadium, Brentford",17016.0,Away,Brighton,Brentford,L,520.0,17.0,15.0,,,2.0,2.0,,6.0,10.0,9.0,,11.0,5.0,53.0,52.0,9.0,,,,,,,78.0,15.0,11.0,,,2,2.0,0,1,0,,7.0,15.0,7.0,1.0,,43.0,,146.0,72.5,0.0,0,0,,4.0,19.0,9.0,3.0,611.0,21.0,25.0,39.0,11.0,15.0,0.0
Brighton_36,2022-23,2292923,12,2022-10-18 19:30:00,"American Express Stadium, Falmer",31463.0,Home,Brighton,Nott'm Forest,D,541.0,15.0,16.0,,2.0,2.0,3.0,,22.0,5.0,4.0,1.0,9.0,5.0,42.0,42.0,8.0,,,,,,,68.0,10.0,13.0,,,0,,0,0,0,1.0,7.0,11.0,7.0,,,45.0,,134.0,70.3,0.0,0,0,,7.0,16.0,8.0,1.0,623.0,19.0,11.0,41.0,9.0,7.0,0.0
Brighton_36,2022-23,2292934,13,2022-10-22 15:00:00,"Etihad Stadium, Manchester",53223.0,Away,Brighton,Man City,L,398.0,1.0,8.0,,,1.0,1.0,,4.0,3.0,8.0,,3.0,7.0,35.0,42.0,11.0,1.0,,,,,,48.0,12.0,11.0,1.0,1.0,3,3.0,1,2,0,,9.0,5.0,2.0,3.0,,25.0,,118.0,51.6,0.0,0,0,1.0,3.0,6.0,11.0,4.0,471.0,8.0,16.0,14.0,3.0,6.0,0.0
Brighton_36,2022-23,2292943,14,2022-10-29 15:00:00,"American Express Stadium, Falmer",31746.0,Home,Brighton,Chelsea,W,276.0,12.0,11.0,,,2.0,1.0,2.0,16.0,3.0,2.0,,8.0,5.0,38.0,43.0,21.0,,,,,,,36.0,16.0,6.0,1.0,4.0,1,1.0,4,0,3,1.0,6.0,9.0,9.0,3.0,,26.0,,113.0,41.0,0.0,0,0,7.0,7.0,16.0,21.0,,349.0,19.0,18.0,30.0,8.0,11.0,0.0
Brighton_36,2022-23,2292959,15,2022-11-05 15:00:00,"Molineux Stadium, Wolverhampton",30732.0,Away,Brighton,Wolves,W,589.0,8.0,15.0,,1.0,1.0,1.0,1.0,5.0,4.0,6.0,,9.0,10.0,41.0,53.0,13.0,,,,,,,62.0,11.0,15.0,2.0,3.0,2,2.0,3,2,2,,5.0,7.0,8.0,1.0,,34.0,,109.0,71.4,0.0,1,0,3.0,7.0,11.0,13.0,1.0,653.0,19.0,14.0,39.0,9.0,11.0,0.0
Brighton_36,2022-23,2292961,16,2022-11-13 14:00:00,"American Express Stadium, Falmer",31581.0,Home,Brighton,Aston Villa,L,454.0,8.0,10.0,,,1.0,1.0,1.0,9.0,4.0,5.0,,11.0,13.0,50.0,38.0,7.0,1.0,,,,,,65.0,14.0,11.0,,1.0,2,2.0,1,1,1,,15.0,3.0,2.0,3.0,,42.0,,139.0,65.1,0.0,0,0,,1.0,4.0,7.0,3.0,526.0,7.0,14.0,18.0,11.0,6.0,0.0
Brighton_36,2022-23,2292979,17,2022-12-26 15:00:00,"St. Mary's Stadium, Southampton",31010.0,Away,Brighton,Southampton,W,590.0,14.0,17.0,,,1.0,1.0,,8.0,1.0,10.0,,2.0,7.0,49.0,57.0,12.0,,,,,,,53.0,10.0,9.0,2.0,3.0,1,1.0,3,0,2,,6.0,5.0,4.0,3.0,,26.0,,129.0,66.4,0.0,0,0,3.0,2.0,7.0,12.0,1.0,680.0,7.0,21.0,27.0,2.0,8.0,0.0
Brighton_36,2022-23,2292981,18,2022-12-31 17:30:00,"American Express Stadium, Falmer",31647.0,Home,Brighton,Arsenal,L,527.0,8.0,12.0,,,1.0,,2.0,10.0,2.0,5.0,,7.0,16.0,38.0,30.0,5.0,,,,,,,58.0,7.0,10.0,1.0,2.0,4,4.0,2,2,0,,9.0,4.0,5.0,4.0,,38.0,,131.0,67.8,0.0,0,0,3.0,2.0,6.0,5.0,5.0,597.0,9.0,8.0,26.0,7.0,4.0,0.0
Brighton_36,2022-23,2292995,19,2023-01-03 19:45:00,"Goodison Park, Liverpool",,Away,Brighton,Everton,W,437.0,4.0,13.0,,2.0,2.0,1.0,3.0,5.0,5.0,3.0,,2.0,10.0,33.0,39.0,13.0,,,,,,,40.0,10.0,8.0,2.0,4.0,1,1.0,4,0,1,1.0,8.0,9.0,8.0,1.0,,15.0,,114.0,51.1,0.0,0,0,3.0,6.0,14.0,13.0,,512.0,19.0,15.0,31.0,2.0,10.0,0.0
Brighton_36,2022-23,2293002,20,2023-01-14 15:00:00,"American Express Stadium, Falmer",31645.0,Home,Brighton,Liverpool,W,573.0,5.0,7.0,,,2.0,1.0,2.0,1.0,4.0,5.0,1.0,7.0,14.0,38.0,47.0,7.0,,,,,,,47.0,9.0,14.0,2.0,3.0,0,,3,0,0,,7.0,12.0,9.0,1.0,,34.0,,126.0,60.8,0.0,0,0,2.0,3.0,15.0,7.0,4.0,650.0,16.0,16.0,40.0,7.0,9.0,0.0
Brighton_36,2022-23,2293015,21,2023-01-21 15:00:00,"King Power Stadium, Leicester",32056.0,Away,Brighton,Leicester,D,563.0,12.0,8.0,,,3.0,3.0,,9.0,3.0,3.0,,6.0,7.0,40.0,36.0,8.0,,,,,,,79.0,9.0,9.0,2.0,2.0,2,2.0,2,1,1,,14.0,6.0,4.0,5.0,,38.0,,118.0,63.4,0.0,0,0,,6.0,11.0,8.0,2.0,637.0,13.0,11.0,27.0,6.0,6.0,0.0
Brighton_36,2022-23,2293022,22,2023-02-04 15:00:00,"American Express Stadium, Falmer",31600.0,Home,Brighton,Bournemouth,W,609.0,17.0,7.0,,,2.0,5.0,,5.0,7.0,9.0,1.0,7.0,12.0,59.0,40.0,4.0,,,,,,,73.0,14.0,7.0,1.0,1.0,0,,1,0,0,1.0,2.0,10.0,6.0,3.0,,48.0,,138.0,71.8,0.0,0,0,2.0,7.0,12.0,4.0,,682.0,20.0,17.0,36.0,7.0,9.0,0.0
Brighton_36,2022-23,2293032,23,2023-02-11 15:00:00,"Selhurst Park, London",24827.0,Away,Brighton,Crystal Palace,D,634.0,10.0,16.0,,1.0,5.0,4.0,1.0,3.0,5.0,8.0,,6.0,14.0,48.0,61.0,17.0,1.0,1.0,,,,,54.0,11.0,9.0,1.0,1.0,1,1.0,1,0,0,,11.0,10.0,7.0,3.0,,32.0,,125.0,74.2,0.0,0,0,,5.0,14.0,17.0,2.0,705.0,17.0,23.0,34.0,6.0,13.0,0.0
Brighton_36,2022-23,2293042,24,2023-02-18 15:00:00,"American Express Stadium, Falmer",31619.0,Home,Brighton,Fulham,L,520.0,11.0,16.0,,1.0,5.0,5.0,,4.0,4.0,9.0,,10.0,6.0,44.0,54.0,3.0,,,,,,,61.0,12.0,13.0,,,1,1.0,0,0,0,,8.0,11.0,7.0,3.0,,38.0,,124.0,65.3,0.0,0,0,1.0,10.0,18.0,3.0,4.0,593.0,21.0,10.0,36.0,10.0,4.0,0.0
Brighton_36,2022-23,2293057,25,2023-05-18 19:30:00,"St. James' Park, Newcastle",52122.0,Away,Brighton,Newcastle,L,438.0,15.0,7.0,,,1.0,,1.0,6.0,3.0,11.0,,1.0,2.0,53.0,53.0,16.0,,,,,,,42.0,16.0,17.0,1.0,1.0,4,4.0,1,2,0,,2.0,4.0,2.0,8.0,1.0,16.0,,122.0,66.3,0.0,0,0,5.0,3.0,7.0,16.0,2.0,521.0,8.0,14.0,8.0,1.0,10.0,0.0
Brighton_36,2022-23,2293063,26,2023-03-04 15:00:00,"American Express Stadium, Falmer",31523.0,Home,Brighton,West Ham,W,641.0,6.0,8.0,1.0,,2.0,,3.0,6.0,4.0,8.0,1.0,7.0,4.0,30.0,47.0,5.0,,,,,,,72.0,6.0,7.0,3.0,4.0,0,,4,0,1,1.0,3.0,10.0,9.0,1.0,,31.0,1.0,111.0,65.8,0.0,0,0,2.0,7.0,15.0,5.0,,708.0,20.0,20.0,38.0,7.0,10.0,0.0
Brighton_36,2022-23,2293074,27,2023-03-11 15:00:00,"Elland Road, Leeds",36471.0,Away,Brighton,Leeds,D,534.0,5.0,12.0,,1.0,2.0,1.0,2.0,8.0,4.0,6.0,,7.0,4.0,35.0,62.0,7.0,,1.0,,,,,64.0,9.0,12.0,1.0,2.0,2,2.0,2,1,1,,8.0,4.0,3.0,4.0,,36.0,,142.0,62.0,0.0,0,0,2.0,8.0,8.0,7.0,3.0,620.0,15.0,24.0,38.0,7.0,13.0,0.0
Brighton_36,2022-23,2293083,28,2023-05-04 20:00:00,"American Express Stadium, Falmer",31577.0,Home,Brighton,Man Utd,W,486.0,7.0,12.0,1.0,1.0,,1.0,1.0,14.0,5.0,11.0,1.0,8.0,8.0,47.0,50.0,6.0,,,,,,,55.0,10.0,13.0,,1.0,0,,1,0,0,1.0,10.0,9.0,6.0,5.0,,31.0,1.0,121.0,59.6,0.0,0,0,5.0,11.0,19.0,6.0,,563.0,22.0,15.0,37.0,8.0,8.0,0.0
Brighton_36,2022-23,2293092,29,2023-04-01 15:00:00,"American Express Stadium, Falmer",31493.0,Home,Brighton,Brentford,D,507.0,10.0,16.0,1.0,,4.0,3.0,3.0,7.0,10.0,2.0,,14.0,8.0,43.0,49.0,5.0,,1.0,,,,,51.0,16.0,9.0,2.0,3.0,3,3.0,3,2,2,,2.0,18.0,15.0,1.0,,47.0,1.0,131.0,72.2,0.0,0,0,2.0,8.0,24.0,5.0,2.0,582.0,33.0,9.0,50.0,14.0,6.0,0.0
Brighton_36,2022-23,2293108,30,2023-04-08 15:00:00,"Tottenham Hotspur Stadium, London",61405.0,Away,Brighton,Spurs,L,485.0,9.0,18.0,,1.0,2.0,1.0,1.0,5.0,8.0,8.0,,7.0,11.0,46.0,59.0,12.0,,,,,,,55.0,15.0,15.0,1.0,1.0,2,2.0,1,1,1,1.0,4.0,12.0,4.0,2.0,,35.0,,121.0,64.8,0.0,0,0,1.0,5.0,17.0,12.0,1.0,557.0,17.0,18.0,36.0,7.0,8.0,0.0
Brighton_36,2022-23,2293111,31,2023-04-15 15:00:00,"Stamford Bridge, London",40126.0,Away,Brighton,Chelsea,W,475.0,9.0,8.0,,,1.0,5.0,,11.0,6.0,9.0,,8.0,7.0,47.0,59.0,11.0,,,,,,,50.0,11.0,11.0,2.0,2.0,1,1.0,2,1,1,2.0,6.0,10.0,10.0,1.0,,36.0,,121.0,57.3,0.0,0,0,1.0,10.0,17.0,11.0,1.0,555.0,26.0,24.0,39.0,8.0,13.0,0.0
Brighton_36,2022-23,2293123,32,2023-05-24 20:00:00,"American Express Stadium, Falmer",31388.0,Home,Brighton,Man City,D,325.0,12.0,9.0,,,2.0,2.0,,5.0,7.0,12.0,,5.0,5.0,50.0,39.0,6.0,,,,,,,34.0,16.0,10.0,1.0,1.0,1,1.0,1,1,1,1.0,11.0,10.0,7.0,3.0,,22.0,,98.0,39.6,0.0,0,0,3.0,6.0,14.0,6.0,2.0,386.0,20.0,12.0,34.0,5.0,6.0,0.0
Brighton_36,2022-23,2293133,33,2023-04-26 19:30:00,"The City Ground, Nottingham",28808.0,Away,Brighton,Nott'm Forest,L,622.0,9.0,10.0,,,2.0,3.0,1.0,8.0,4.0,9.0,,7.0,13.0,43.0,43.0,16.0,1.0,2.0,,,,,65.0,8.0,7.0,,1.0,3,3.0,1,1,1,,7.0,8.0,7.0,2.0,1.0,28.0,,140.0,75.2,0.0,0,0,3.0,6.0,14.0,16.0,2.0,719.0,17.0,14.0,37.0,7.0,9.0,0.0
Brighton_36,2022-23,2293143,34,2023-04-29 15:00:00,"American Express Stadium, Falmer",31584.0,Home,Brighton,Wolves,W,465.0,1.0,9.0,,2.0,4.0,1.0,4.0,9.0,7.0,9.0,1.0,2.0,7.0,40.0,42.0,15.0,,,,,,,44.0,14.0,11.0,4.0,6.0,0,,6,0,4,1.0,9.0,10.0,8.0,2.0,,18.0,,98.0,57.2,0.0,0,0,2.0,7.0,14.0,15.0,2.0,527.0,22.0,15.0,34.0,2.0,9.0,0.0
Brighton_36,2022-23,2293151,35,2023-05-08 17:30:00,"American Express Stadium, Falmer",31567.0,Home,Brighton,Everton,L,657.0,19.0,16.0,,,2.0,4.0,1.0,5.0,9.0,13.0,,15.0,9.0,62.0,56.0,6.0,,,,,,,84.0,11.0,13.0,,1.0,5,5.0,1,3,0,3.0,6.0,11.0,5.0,4.0,1.0,68.0,,159.0,77.7,0.0,0,0,1.0,9.0,20.0,6.0,1.0,741.0,23.0,11.0,46.0,15.0,7.0,0.0
Brighton_36,2022-23,2293160,36,2023-05-14 16:30:00,"Emirates Stadium, London",60139.0,Away,Brighton,Arsenal,W,446.0,8.0,11.0,,,2.0,1.0,3.0,8.0,1.0,8.0,1.0,2.0,8.0,51.0,52.0,13.0,,1.0,,,,,41.0,17.0,13.0,2.0,3.0,0,,3,0,0,,8.0,4.0,6.0,4.0,,7.0,,129.0,59.1,0.0,0,0,2.0,5.0,8.0,13.0,4.0,535.0,12.0,15.0,19.0,2.0,9.0,0.0
Brighton_36,2022-23,2293171,37,2023-05-21 14:00:00,"American Express Stadium, Falmer",31507.0,Home,Brighton,Southampton,W,575.0,4.0,11.0,,2.0,1.0,2.0,1.0,5.0,7.0,6.0,,4.0,9.0,33.0,45.0,8.0,,,,,,,70.0,8.0,9.0,3.0,3.0,1,1.0,3,0,2,1.0,5.0,15.0,8.0,1.0,,35.0,,102.0,63.0,0.0,0,0,,11.0,22.0,8.0,1.0,627.0,26.0,13.0,43.0,4.0,9.0,0.0
Brighton_36,2022-23,2293181,38,2023-05-28 16:30:00,"Villa Park, Birmingham",42212.0,Away,Brighton,Aston Villa,L,357.0,12.0,11.0,,1.0,3.0,2.0,1.0,5.0,1.0,15.0,,3.0,9.0,57.0,47.0,14.0,,,,,,,33.0,16.0,15.0,1.0,1.0,2,2.0,1,2,1,,3.0,5.0,4.0,2.0,,12.0,,114.0,59.7,0.0,0,0,3.0,3.0,7.0,14.0,6.0,427.0,8.0,13.0,23.0,3.0,2.0,0.0
C_Palace_31,2022-23,2292810,1,2022-08-05 20:00:00,"Selhurst Park, London",25286,Home,Crystal Palace,Arsenal,L,487.0,14.0,10.0,,1.0,2.0,2.0,,17.0,6.0,13.0,,3.0,16.0,72.0,53.0,19.0,,,,,,,65.0,16.0,9.0,,,2,2.0,0,1,0,,8.0,6.0,2.0,4.0,1.0,30.0,,142.0,56.3,0.0,0,0,1.0,2.0,8.0,19.0,1.0,562.0,10.0,18.0,29.0,3.0,9.0,0.0
C_Palace_31,2022-23,2292825,2,2022-08-15 20:00:00,"Anfield, Liverpool",52970,Away,Crystal Palace,Liverpool,D,189.0,9.0,16.0,,,4.0,3.0,1.0,15.0,,10.0,,2.0,13.0,46.0,59.0,38.0,,,,,,,37.0,8.0,7.0,1.0,1.0,1,1.0,1,0,1,1.0,18.0,3.0,3.0,10.0,,15.0,,143.0,27.4,0.0,1,0,3.0,4.0,7.0,38.0,2.0,274.0,7.0,23.0,12.0,2.0,14.0,0.0
C_Palace_31,2022-23,2292831,3,2022-08-20 15:00:00,"Selhurst Park, London",22012,Home,Crystal Palace,Aston Villa,W,378.0,13.0,9.0,,1.0,3.0,3.0,2.0,24.0,3.0,5.0,,4.0,18.0,60.0,50.0,11.0,,,,,,,56.0,16.0,13.0,2.0,3.0,1,1.0,3,1,1,,3.0,8.0,9.0,2.0,,19.0,1.0,121.0,50.8,0.0,0,0,4.0,5.0,13.0,11.0,1.0,448.0,17.0,14.0,36.0,4.0,9.0,0.0
C_Palace_31,2022-23,2292846,4,2022-08-27 15:00:00,"Etihad Stadium, Manchester",53112,Away,Crystal Palace,Man City,L,196.0,14.0,7.0,,,1.0,,1.0,3.0,,10.0,,1.0,7.0,43.0,35.0,27.0,,,,,,,36.0,8.0,14.0,1.0,2.0,4,4.0,2,0,2,,5.0,2.0,2.0,4.0,,7.0,,100.0,25.7,0.0,0,0,1.0,,2.0,27.0,1.0,265.0,2.0,9.0,3.0,1.0,6.0,0.0
C_Palace_31,2022-23,2292852,5,2022-08-30 19:30:00,"Selhurst Park, London",25043,Home,Crystal Palace,Brentford,D,383.0,12.0,14.0,,,,,,10.0,3.0,6.0,,4.0,9.0,43.0,50.0,26.0,,,,,,,49.0,11.0,8.0,1.0,1.0,1,1.0,1,0,0,1.0,9.0,6.0,4.0,1.0,,20.0,,136.0,48.9,0.0,0,0,2.0,6.0,11.0,26.0,1.0,472.0,13.0,21.0,20.0,4.0,12.0,0.0
C_Palace_31,2022-23,2292866,6,2022-09-03 15:00:00,"St. James' Park, Newcastle",51863,Away,Crystal Palace,Newcastle,D,282.0,14.0,14.0,,3.0,,,,18.0,6.0,4.0,1.0,5.0,9.0,48.0,66.0,35.0,,,,,,,43.0,12.0,18.0,,,0,,0,0,0,,13.0,11.0,9.0,11.0,,19.0,,126.0,48.3,0.0,0,0,5.0,4.0,14.0,35.0,1.0,362.0,19.0,23.0,22.0,5.0,17.0,0.0
C_Palace_31,2022-23,2292872,7,2023-01-18 20:00:00,"Selhurst Park, London",23343,Home,Crystal Palace,Man Utd,D,294.0,9.0,13.0,,1.0,,,,14.0,2.0,2.0,,3.0,14.0,51.0,51.0,18.0,,,,,,,53.0,9.0,10.0,,1.0,1,1.0,1,1,0,1.0,21.0,5.0,5.0,3.0,,26.0,,178.0,39.4,0.0,0,0,3.0,3.0,7.0,18.0,,399.0,10.0,24.0,21.0,3.0,11.0,0.0
C_Palace_31,2022-23,2292882,8,2023-03-15 19:30:00,"American Express Stadium, Falmer",30933,Away,Crystal Palace,Brighton,L,345.0,10.0,3.0,,1.0,2.0,2.0,,11.0,2.0,4.0,,4.0,11.0,53.0,42.0,14.0,,,,,,,35.0,20.0,13.0,,,1,1.0,0,1,0,,13.0,4.0,3.0,1.0,,22.0,,135.0,42.9,0.0,0,0,4.0,6.0,9.0,14.0,,430.0,11.0,15.0,20.0,4.0,11.0,0.0
C_Palace_31,2022-23,2292892,9,2022-10-01 15:00:00,"Selhurst Park, London",25198,Home,Crystal Palace,Chelsea,L,271.0,11.0,9.0,,1.0,1.0,,1.0,10.0,,6.0,,5.0,4.0,43.0,49.0,14.0,,,,,,,35.0,11.0,12.0,1.0,1.0,2,2.0,1,1,1,,7.0,3.0,3.0,3.0,,11.0,,128.0,36.0,0.0,0,0,1.0,4.0,7.0,14.0,1.0,348.0,7.0,18.0,14.0,5.0,10.0,0.0
C_Palace_31,2022-23,2292904,10,2022-10-09 14:00:00,"Selhurst Park, London",25042,Home,Crystal Palace,Leeds,W,321.0,13.0,15.0,,2.0,3.0,1.0,2.0,27.0,3.0,8.0,,5.0,18.0,62.0,63.0,19.0,,,,,,,45.0,13.0,23.0,2.0,2.0,1,1.0,2,1,1,,13.0,7.0,5.0,4.0,,21.0,,169.0,54.5,0.0,0,0,3.0,5.0,10.0,19.0,2.0,418.0,13.0,18.0,19.0,5.0,7.0,0.0
C_Palace_31,2022-23,2292914,11,2022-10-15 12:30:00,"King Power Stadium, Leicester",31298,Away,Crystal Palace,Leicester,D,426.0,9.0,13.0,,2.0,,,,10.0,2.0,5.0,1.0,2.0,20.0,51.0,53.0,25.0,,,,,,,57.0,13.0,16.0,,,0,,0,0,0,,7.0,1.0,1.0,4.0,,21.0,,133.0,46.9,0.0,0,0,6.0,5.0,4.0,25.0,1.0,514.0,8.0,13.0,8.0,2.0,9.0,0.0
C_Palace_31,2022-23,2292924,12,2022-10-18 20:15:00,"Selhurst Park, London",25125,Home,Crystal Palace,Wolves,W,370.0,12.0,17.0,,,2.0,,2.0,19.0,5.0,4.0,,4.0,21.0,58.0,69.0,15.0,,,,,,,61.0,14.0,18.0,2.0,2.0,1,1.0,2,1,0,1.0,11.0,9.0,4.0,1.0,,26.0,,146.0,51.3,0.0,0,0,3.0,5.0,13.0,15.0,,449.0,14.0,23.0,26.0,4.0,12.0,0.0
C_Palace_31,2022-23,2292932,13,2022-10-22 15:00:00,"Goodison Park, Liverpool",38939,Away,Crystal Palace,Everton,L,387.0,12.0,10.0,,,,,,10.0,3.0,5.0,,4.0,18.0,56.0,51.0,17.0,1.0,1.0,,,,,32.0,14.0,16.0,,,3,3.0,0,1,0,,2.0,4.0,2.0,2.0,,15.0,,132.0,54.2,0.0,0,0,3.0,4.0,6.0,17.0,2.0,456.0,9.0,20.0,15.0,4.0,12.0,0.0
C_Palace_31,2022-23,2292944,14,2022-10-29 15:00:00,"Selhurst Park, London",25130,Home,Crystal Palace,Southampton,W,290.0,18.0,18.0,,,1.0,,1.0,9.0,5.0,5.0,1.0,8.0,12.0,56.0,65.0,33.0,,,,,,,66.0,13.0,12.0,1.0,1.0,0,,1,0,1,,4.0,7.0,3.0,4.0,,32.0,,164.0,44.4,0.0,0,0,4.0,4.0,10.0,33.0,5.0,402.0,12.0,23.0,24.0,8.0,16.0,0.0
C_Palace_31,2022-23,2292958,15,2022-11-06 14:00:00,"London Stadium, London",62451,Away,Crystal Palace,West Ham,W,515.0,12.0,10.0,,,1.0,,1.0,9.0,7.0,2.0,,5.0,9.0,35.0,41.0,9.0,,,,,,,65.0,7.0,10.0,2.0,2.0,1,1.0,2,1,1,,4.0,8.0,6.0,,,28.0,,127.0,58.0,0.0,0,0,1.0,2.0,10.0,9.0,,591.0,15.0,13.0,31.0,5.0,9.0,0.0
C_Palace_31,2022-23,2292966,16,2022-11-12 15:00:00,"The City Ground, Nottingham",29045,Away,Crystal Palace,Nott'm Forest,L,551.0,9.0,14.0,,1.0,,1.0,,5.0,1.0,4.0,,5.0,15.0,47.0,40.0,13.0,,,,,,,70.0,13.0,11.0,,,1,1.0,0,0,0,1.0,10.0,,,1.0,,27.0,1.0,140.0,68.5,0.0,0,0,1.0,7.0,5.0,13.0,,633.0,8.0,11.0,24.0,5.0,6.0,0.0
C_Palace_31,2022-23,2292974,17,2022-12-26 15:00:00,"Selhurst Park, London",25176,Home,Crystal Palace,Fulham,L,274.0,10.0,4.0,,1.0,,,,12.0,1.0,4.0,,1.0,11.0,41.0,36.0,36.0,,,,,,,27.0,12.0,15.0,,,3,3.0,0,1,0,1.0,11.0,1.0,,7.0,,9.0,,134.0,36.2,0.0,0,2,7.0,3.0,3.0,36.0,1.0,368.0,4.0,15.0,6.0,1.0,11.0,0.0
C_Palace_31,2022-23,2292980,18,2022-12-31 15:00:00,"Vitality Stadium, Bournemouth",9972,Away,Crystal Palace,Bournemouth,W,218.0,13.0,12.0,,2.0,2.0,1.0,1.0,21.0,5.0,12.0,1.0,7.0,8.0,53.0,61.0,22.0,,,,,,,66.0,11.0,17.0,2.0,2.0,0,,2,0,2,,11.0,9.0,6.0,1.0,,23.0,,163.0,41.1,0.0,0,0,2.0,4.0,10.0,22.0,1.0,317.0,15.0,30.0,21.0,7.0,17.0,0.0
C_Palace_31,2022-23,2292994,19,2023-01-04 20:00:00,"Selhurst Park, London",25132,Home,Crystal Palace,Spurs,L,387.0,19.0,8.0,,1.0,,,,9.0,6.0,5.0,,10.0,12.0,56.0,48.0,10.0,1.0,,,,,,60.0,11.0,8.0,,,4,4.0,0,0,0,,8.0,8.0,4.0,5.0,,30.0,,148.0,46.7,0.0,0,0,2.0,9.0,14.0,10.0,1.0,472.0,19.0,22.0,28.0,10.0,13.0,0.0
C_Palace_31,2022-23,2293003,20,2023-01-15 14:00:00,"Stamford Bridge, London",40075,Away,Crystal Palace,Chelsea,L,249.0,31.0,16.0,,1.0,,1.0,,7.0,3.0,9.0,,7.0,17.0,90.0,62.0,26.0,,1.0,,,,,58.0,17.0,10.0,,,1,1.0,0,0,0,,8.0,4.0,5.0,5.0,,30.0,,165.0,37.5,0.0,0,0,4.0,2.0,5.0,26.0,1.0,335.0,10.0,24.0,17.0,7.0,11.0,0.0
C_Palace_31,2022-23,2293012,21,2023-01-21 17:30:00,"Selhurst Park, London",25350,Home,Crystal Palace,Newcastle,D,212.0,20.0,18.0,,,,,,11.0,4.0,6.0,1.0,3.0,12.0,58.0,57.0,30.0,,,,,,,53.0,13.0,7.0,,,0,,0,0,0,,16.0,3.0,1.0,2.0,,15.0,,150.0,39.2,0.0,0,0,7.0,1.0,4.0,30.0,,316.0,6.0,29.0,15.0,3.0,17.0,0.0
C_Palace_31,2022-23,2293025,22,2023-02-04 15:00:00,"Old Trafford, Manchester",73420,Away,Crystal Palace,Man Utd,L,342.0,11.0,8.0,,2.0,2.0,1.0,1.0,8.0,2.0,2.0,,5.0,11.0,42.0,39.0,15.0,,1.0,,,,,44.0,9.0,9.0,1.0,1.0,2,2.0,1,1,0,,13.0,5.0,3.0,3.0,,25.0,,138.0,46.9,0.0,1,0,3.0,5.0,6.0,15.0,4.0,426.0,10.0,16.0,26.0,5.0,9.0,0.0
C_Palace_31,2022-23,2293032,23,2023-02-11 15:00:00,"Selhurst Park, London",24827,Home,Crystal Palace,Brighton,D,169.0,16.0,10.0,,1.0,,,1.0,6.0,3.0,13.0,,1.0,16.0,61.0,48.0,22.0,,,,,,,35.0,10.0,11.0,,1.0,1,1.0,1,0,0,,15.0,2.0,1.0,5.0,,18.0,,130.0,25.8,0.0,0,0,6.0,2.0,4.0,22.0,3.0,240.0,6.0,19.0,15.0,1.0,14.0,0.0
C_Palace_31,2022-23,2293041,24,2023-02-18 15:00:00,"Gtech Community Stadium, Brentford",17122,Away,Crystal Palace,Brentford,D,280.0,24.0,16.0,,,1.0,,1.0,7.0,3.0,5.0,,6.0,6.0,49.0,50.0,37.0,,,,,,,44.0,8.0,10.0,1.0,1.0,1,1.0,1,0,0,,14.0,7.0,4.0,1.0,,18.0,,135.0,41.3,0.0,0,0,4.0,3.0,9.0,37.0,2.0,360.0,10.0,15.0,14.0,6.0,9.0,0.0
C_Palace_31,2022-23,2293051,25,2023-02-25 19:45:00,"Selhurst Park, London",25842,Home,Crystal Palace,Liverpool,D,257.0,18.0,18.0,,2.0,2.0,3.0,,9.0,2.0,9.0,1.0,5.0,8.0,51.0,62.0,23.0,,,,,,,56.0,11.0,14.0,,,0,,0,0,0,1.0,6.0,2.0,,2.0,,25.0,,146.0,36.2,0.0,0,0,4.0,4.0,4.0,23.0,4.0,345.0,6.0,16.0,11.0,5.0,11.0,0.0
C_Palace_31,2022-23,2293061,26,2023-03-04 15:00:00,"Villa Park, Birmingham",41893,Away,Crystal Palace,Aston Villa,L,305.0,8.0,4.0,,1.0,,,,7.0,1.0,7.0,,4.0,6.0,45.0,52.0,7.0,,,,,,,45.0,17.0,14.0,,,1,1.0,0,1,0,,9.0,1.0,,3.0,1.0,20.0,,107.0,41.9,0.0,0,1,1.0,2.0,3.0,7.0,5.0,364.0,3.0,22.0,5.0,4.0,13.0,0.0
C_Palace_31,2022-23,2293071,27,2023-03-11 17:30:00,"Selhurst Park, London",25844,Home,Crystal Palace,Man City,L,218.0,12.0,9.0,,,,,,12.0,4.0,14.0,,2.0,9.0,51.0,44.0,23.0,,,,,,,32.0,11.0,17.0,,,1,1.0,0,0,0,,9.0,4.0,,5.0,,13.0,,119.0,32.2,0.0,0,0,3.0,,4.0,23.0,3.0,290.0,4.0,11.0,9.0,2.0,8.0,0.0
C_Palace_31,2022-23,2293080,28,2023-03-19 14:00:00,"Emirates Stadium, London",60247,Away,Crystal Palace,Arsenal,L,279.0,18.0,11.0,,1.0,1.0,1.0,1.0,9.0,3.0,7.0,,4.0,7.0,50.0,41.0,32.0,,,,,,,37.0,10.0,8.0,,1.0,4,4.0,1,2,0,1.0,18.0,6.0,5.0,5.0,,15.0,,120.0,37.8,0.0,0,0,1.0,1.0,7.0,32.0,2.0,358.0,9.0,18.0,21.0,4.0,10.0,0.0
C_Palace_31,2022-23,2293094,29,2023-04-01 15:00:00,"Selhurst Park, London",25143,Home,Crystal Palace,Leicester,W,357.0,17.0,15.0,,,2.0,1.0,1.0,9.0,14.0,4.0,,10.0,14.0,56.0,52.0,13.0,,,,,,,52.0,12.0,16.0,1.0,2.0,1,1.0,2,0,0,1.0,9.0,18.0,9.0,1.0,,40.0,,155.0,51.0,0.0,0,0,1.0,8.0,22.0,13.0,1.0,446.0,31.0,12.0,47.0,10.0,8.0,0.0
C_Palace_31,2022-23,2293103,30,2023-04-09 14:00:00,"Elland Road, Leeds",36427,Away,Crystal Palace,Leeds,W,325.0,16.0,23.0,,2.0,5.0,1.0,4.0,8.0,4.0,7.0,,4.0,21.0,65.0,89.0,17.0,,1.0,,,,,69.0,8.0,11.0,5.0,5.0,1,1.0,5,1,1,1.0,8.0,10.0,8.0,,,25.0,,181.0,52.0,0.0,0,0,7.0,4.0,14.0,17.0,2.0,436.0,16.0,22.0,32.0,4.0,16.0,0.0
C_Palace_31,2022-23,2293116,31,2023-04-15 15:00:00,"St. Mary's Stadium, Southampton",30309,Away,Crystal Palace,Southampton,W,274.0,20.0,14.0,,1.0,,,1.0,9.0,4.0,12.0,1.0,2.0,8.0,59.0,55.0,17.0,,,,,,,36.0,13.0,6.0,1.0,2.0,0,,2,0,0,1.0,8.0,1.0,2.0,3.0,,21.0,,133.0,41.8,0.0,0,0,4.0,4.0,2.0,17.0,1.0,362.0,10.0,22.0,21.0,2.0,17.0,0.0
C_Palace_31,2022-23,2293124,32,2023-04-22 15:00:00,"Selhurst Park, London",25202,Home,Crystal Palace,Everton,D,309.0,36.0,26.0,,1.0,,,,9.0,5.0,7.0,1.0,8.0,10.0,68.0,63.0,24.0,,,,,,,68.0,12.0,13.0,,,0,,0,0,0,,5.0,5.0,2.0,2.0,,30.0,,168.0,56.9,0.0,1,0,5.0,5.0,9.0,24.0,1.0,414.0,12.0,15.0,23.0,8.0,11.0,0.0
C_Palace_31,2022-23,2293136,33,2023-04-25 19:30:00,"Molineux Stadium, Wolverhampton",30792,Away,Crystal Palace,Wolves,L,364.0,19.0,15.0,,1.0,,,,7.0,6.0,9.0,,11.0,14.0,63.0,51.0,16.0,1.0,,,,,,57.0,14.0,13.0,,,2,2.0,0,1,0,,6.0,9.0,4.0,2.0,1.0,31.0,,150.0,58.8,0.0,0,0,2.0,4.0,12.0,16.0,1.0,446.0,14.0,11.0,30.0,11.0,6.0,0.0
C_Palace_31,2022-23,2293144,34,2023-04-29 12:30:00,"Selhurst Park, London",25148,Home,Crystal Palace,West Ham,W,392.0,23.0,31.0,1.0,2.0,,,3.0,6.0,6.0,2.0,,8.0,15.0,57.0,75.0,30.0,,,,,,,67.0,9.0,17.0,1.0,4.0,3,3.0,4,2,3,,5.0,6.0,6.0,1.0,,31.0,1.0,165.0,59.9,0.0,0,0,1.0,4.0,10.0,30.0,1.0,498.0,16.0,21.0,36.0,8.0,13.0,0.0
C_Palace_31,2022-23,2293157,35,2023-05-06 15:00:00,"Tottenham Hotspur Stadium, London",61093,Away,Crystal Palace,Spurs,L,285.0,19.0,11.0,,,,,,8.0,2.0,9.0,,4.0,9.0,54.0,56.0,16.0,,,,,,,43.0,14.0,15.0,,,1,1.0,0,1,0,,12.0,2.0,2.0,2.0,,24.0,,139.0,42.5,0.0,0,0,2.0,3.0,5.0,16.0,,378.0,7.0,15.0,21.0,4.0,11.0,0.0
C_Palace_31,2022-23,2293164,36,2023-05-13 15:00:00,"Selhurst Park, London",25034,Home,Crystal Palace,Bournemouth,W,517.0,15.0,11.0,,3.0,2.0,1.0,1.0,7.0,5.0,7.0,1.0,11.0,11.0,47.0,57.0,9.0,,,,,,,72.0,5.0,12.0,2.0,2.0,0,,2,0,1,,9.0,7.0,5.0,4.0,,45.0,,137.0,59.8,0.0,0,0,,7.0,13.0,9.0,2.0,604.0,17.0,22.0,39.0,11.0,16.0,0.0
C_Palace_31,2022-23,2293172,37,2023-05-20 15:00:00,"Craven Cottage, London",24356,Away,Crystal Palace,Fulham,D,291.0,13.0,12.0,,3.0,1.0,1.0,2.0,10.0,3.0,6.0,,4.0,7.0,47.0,49.0,17.0,,,,,,,56.0,12.0,13.0,1.0,2.0,2,2.0,2,1,1,,9.0,5.0,5.0,4.0,,25.0,,131.0,50.5,0.0,0,0,2.0,3.0,7.0,17.0,2.0,371.0,11.0,12.0,28.0,4.0,4.0,0.0
C_Palace_31,2022-23,2293184,38,2023-05-28 16:30:00,"Selhurst Park, London",25198,Home,Crystal Palace,Nott'm Forest,D,461.0,10.0,14.0,,2.0,1.0,1.0,,8.0,4.0,2.0,,5.0,11.0,40.0,49.0,13.0,,,,,,,85.0,9.0,13.0,1.0,1.0,1,1.0,1,1,0,,2.0,7.0,3.0,1.0,,36.0,,131.0,66.0,0.0,0,0,3.0,8.0,13.0,13.0,2.0,538.0,15.0,15.0,31.0,5.0,6.0,0.0
Chelsea_8,2022-23,2292812,1,2022-08-06 17:30:00,"Goodison Park, Liverpool",39254.0,Away,Chelsea,Everton,W,490.0,12.0,22.0,1.0,2.0,1.0,1.0,1.0,19.0,6.0,10.0,1.0,16.0,18.0,57.0,68.0,16.0,,,,,,,61.0,11.0,14.0,,1.0,0,,1,0,1,,9.0,9.0,6.0,2.0,,37.0,1.0,145.0,62.7,0.0,0,0,3.0,3.0,11.0,16.0,2.0,566.0,15.0,19.0,25.0,16.0,9.0,0.0
Chelsea_8,2022-23,2292824,2,2022-08-14 16:30:00,"Stamford Bridge, London",39946.0,Home,Chelsea,Spurs,D,512.0,16.0,14.0,,,2.0,1.0,1.0,28.0,7.0,7.0,,8.0,17.0,56.0,62.0,5.0,,,,,,,67.0,9.0,9.0,2.0,2.0,2,2.0,2,0,1,,4.0,8.0,3.0,3.0,,43.0,,155.0,63.7,0.0,0,0,3.0,6.0,13.0,5.0,2.0,597.0,16.0,28.0,43.0,8.0,18.0,0.0
Chelsea_8,2022-23,2292834,3,2022-08-21 14:00:00,"Elland Road, Leeds",36372.0,Away,Chelsea,Leeds,L,405.0,10.0,21.0,,,,,,9.0,7.0,8.0,,6.0,12.0,58.0,72.0,12.0,1.0,,,,,,52.0,15.0,16.0,,,3,3.0,0,2,0,,17.0,8.0,3.0,2.0,,29.0,,154.0,60.9,0.0,0,1,3.0,4.0,12.0,12.0,7.0,494.0,14.0,22.0,31.0,6.0,10.0,0.0
Chelsea_8,2022-23,2292844,4,2022-08-27 15:00:00,"Stamford Bridge, London",39953.0,Home,Chelsea,Leicester,W,372.0,17.0,18.0,,1.0,2.0,2.0,1.0,17.0,2.0,5.0,,3.0,9.0,48.0,48.0,25.0,,,,,,,63.0,10.0,7.0,2.0,2.0,1,1.0,2,0,0,2.0,6.0,5.0,4.0,5.0,,16.0,,124.0,45.1,0.0,0,1,4.0,1.0,6.0,25.0,3.0,446.0,7.0,18.0,11.0,3.0,12.0,0.0
Chelsea_8,2022-23,2292859,5,2022-08-30 19:45:00,"St. Mary's Stadium, Southampton",,Away,Chelsea,Southampton,L,460.0,13.0,16.0,,,1.0,1.0,1.0,29.0,4.0,6.0,,3.0,9.0,47.0,62.0,26.0,,,,,,,82.0,10.0,15.0,,1.0,2,2.0,1,2,1,,20.0,5.0,4.0,4.0,,38.0,,160.0,67.8,0.0,0,0,3.0,2.0,7.0,26.0,3.0,561.0,10.0,26.0,26.0,3.0,13.0,0.0
Chelsea_8,2022-23,2292863,6,2022-09-03 15:00:00,"Stamford Bridge, London",39923.0,Home,Chelsea,West Ham,W,577.0,15.0,15.0,,,2.0,1.0,1.0,17.0,3.0,9.0,,10.0,8.0,44.0,51.0,12.0,,,,,,,64.0,6.0,11.0,2.0,2.0,1,1.0,2,0,0,,3.0,4.0,3.0,1.0,,26.0,,141.0,68.1,0.0,0,0,2.0,2.0,6.0,12.0,1.0,661.0,8.0,16.0,24.0,10.0,11.0,0.0
Chelsea_8,2022-23,2292873,7,2023-01-12 20:00:00,"Craven Cottage, London",24460.0,Away,Chelsea,Fulham,L,412.0,10.0,5.0,,4.0,3.0,3.0,1.0,12.0,7.0,3.0,,7.0,6.0,40.0,40.0,20.0,,1.0,,,,,52.0,16.0,12.0,,1.0,2,2.0,1,1,0,1.0,15.0,11.0,10.0,2.0,,25.0,,137.0,52.6,0.0,0,1,1.0,3.0,13.0,20.0,3.0,505.0,20.0,18.0,25.0,7.0,11.0,0.0
Chelsea_8,2022-23,2292883,8,2023-04-04 20:00:00,"Stamford Bridge, London",40093.0,Home,Chelsea,Liverpool,D,437.0,10.0,8.0,,1.0,3.0,4.0,,11.0,2.0,11.0,1.0,3.0,9.0,36.0,65.0,14.0,,1.0,,,,,55.0,6.0,17.0,,,0,,0,0,0,,12.0,4.0,3.0,4.0,,27.0,,138.0,49.6,0.0,0,0,3.0,7.0,11.0,14.0,4.0,522.0,12.0,24.0,24.0,3.0,18.0,0.0
Chelsea_8,2022-23,2292892,9,2022-10-01 15:00:00,"Selhurst Park, London",25198.0,Away,Chelsea,Crystal Palace,W,559.0,9.0,11.0,,1.0,,1.0,,10.0,3.0,10.0,,2.0,10.0,49.0,43.0,12.0,,,,,,,77.0,13.0,10.0,2.0,2.0,1,1.0,2,1,1,1.0,9.0,5.0,3.0,,,20.0,,112.0,64.0,0.0,0,0,2.0,7.0,11.0,12.0,,635.0,13.0,16.0,30.0,2.0,9.0,0.0
Chelsea_8,2022-23,2292903,10,2022-10-08 15:00:00,"Stamford Bridge, London",39940.0,Home,Chelsea,Wolves,W,518.0,13.0,9.0,,,4.0,3.0,1.0,19.0,3.0,9.0,1.0,4.0,9.0,43.0,46.0,12.0,,,,,,,60.0,8.0,7.0,3.0,3.0,0,,3,0,1,,8.0,8.0,7.0,1.0,,38.0,,113.0,57.4,0.0,0,0,2.0,10.0,17.0,12.0,3.0,591.0,20.0,26.0,42.0,4.0,15.0,0.0
Chelsea_8,2022-23,2292910,11,2022-10-16 14:00:00,"Villa Park, Birmingham",41754.0,Away,Chelsea,Aston Villa,W,468.0,12.0,6.0,,,2.0,2.0,1.0,10.0,1.0,5.0,1.0,1.0,18.0,51.0,35.0,22.0,,2.0,,,,,38.0,11.0,12.0,,2.0,0,,2,0,1,1.0,8.0,3.0,4.0,4.0,,11.0,,127.0,58.9,0.0,0,0,7.0,3.0,6.0,22.0,1.0,548.0,8.0,9.0,15.0,1.0,6.0,0.0
Chelsea_8,2022-23,2292922,12,2022-10-19 19:30:00,"Gtech Community Stadium, Brentford",17118.0,Away,Chelsea,Brentford,D,559.0,12.0,11.0,,,1.0,1.0,,8.0,6.0,4.0,1.0,2.0,4.0,41.0,46.0,21.0,,,,,,,73.0,7.0,7.0,,,0,,0,0,0,,6.0,10.0,5.0,1.0,,46.0,,148.0,66.3,0.0,0,0,5.0,3.0,14.0,21.0,,656.0,14.0,17.0,37.0,2.0,8.0,0.0
Chelsea_8,2022-23,2292931,13,2022-10-22 17:30:00,"Stamford Bridge, London",39503.0,Home,Chelsea,Man Utd,D,323.0,16.0,14.0,1.0,,1.0,1.0,1.0,7.0,1.0,6.0,,6.0,5.0,48.0,41.0,18.0,,,,,,,50.0,8.0,10.0,,1.0,1,1.0,1,0,0,1.0,11.0,1.0,2.0,1.0,,28.0,1.0,150.0,47.9,0.0,0,0,5.0,3.0,3.0,18.0,2.0,414.0,6.0,10.0,19.0,6.0,5.0,0.0
Chelsea_8,2022-23,2292943,14,2022-10-29 15:00:00,"American Express Stadium, Falmer",31746.0,Away,Chelsea,Brighton,L,441.0,11.0,12.0,,,1.0,,1.0,8.0,3.0,8.0,,7.0,9.0,43.0,38.0,16.0,1.0,2.0,,,,,54.0,6.0,16.0,1.0,1.0,4,4.0,1,3,0,,7.0,9.0,7.0,5.0,2.0,33.0,,123.0,59.0,0.0,0,0,5.0,5.0,11.0,16.0,,513.0,15.0,8.0,33.0,7.0,4.0,0.0
Chelsea_8,2022-23,2292951,15,2022-11-06 12:00:00,"Stamford Bridge, London",40142.0,Home,Chelsea,Arsenal,L,263.0,13.0,17.0,,,,,,10.0,3.0,11.0,,4.0,10.0,59.0,59.0,19.0,,,,,,,51.0,19.0,13.0,,,1,1.0,0,0,0,,9.0,2.0,1.0,3.0,,21.0,,150.0,44.3,0.0,0,0,1.0,1.0,3.0,19.0,3.0,360.0,5.0,24.0,15.0,4.0,13.0,0.0
Chelsea_8,2022-23,2292965,16,2022-11-12 17:30:00,"St. James' Park, Newcastle",52264.0,Away,Chelsea,Newcastle,L,396.0,16.0,6.0,,,,,,2.0,1.0,3.0,,3.0,15.0,52.0,49.0,20.0,,,,,,,45.0,11.0,13.0,,,1,1.0,0,0,0,,13.0,3.0,2.0,4.0,,20.0,,134.0,51.1,0.0,0,0,2.0,2.0,5.0,20.0,,471.0,5.0,23.0,7.0,3.0,15.0,0.0
Chelsea_8,2022-23,2292973,17,2022-12-27 17:30:00,"Stamford Bridge, London",40046.0,Home,Chelsea,Bournemouth,W,497.0,11.0,8.0,,1.0,2.0,1.0,1.0,4.0,3.0,8.0,1.0,6.0,8.0,44.0,41.0,24.0,,,,,,,38.0,8.0,10.0,2.0,2.0,0,,2,0,2,,6.0,8.0,5.0,1.0,,28.0,,114.0,60.3,0.0,0,0,4.0,7.0,14.0,24.0,3.0,563.0,15.0,17.0,29.0,6.0,10.0,0.0
Chelsea_8,2022-23,2292986,18,2023-01-01 16:30:00,"The City Ground, Nottingham",29229.0,Away,Chelsea,Nott'm Forest,D,623.0,6.0,7.0,,1.0,1.0,1.0,1.0,6.0,3.0,3.0,,2.0,7.0,41.0,46.0,18.0,,,,,,,56.0,14.0,16.0,,1.0,1,1.0,1,0,1,1.0,3.0,3.0,2.0,3.0,,22.0,,119.0,72.3,0.0,0,0,4.0,2.0,5.0,18.0,2.0,697.0,7.0,16.0,17.0,2.0,9.0,0.0
Chelsea_8,2022-23,2292993,19,2023-01-05 20:00:00,"Stamford Bridge, London",39998.0,Home,Chelsea,Man City,L,471.0,12.0,8.0,,,,,,1.0,3.0,7.0,,3.0,12.0,47.0,55.0,14.0,,1.0,,,,,38.0,9.0,9.0,,,1,1.0,0,0,0,1.0,13.0,4.0,2.0,3.0,,23.0,,133.0,47.7,0.0,0,0,2.0,3.0,7.0,14.0,2.0,553.0,8.0,28.0,13.0,3.0,11.0,0.0
Chelsea_8,2022-23,2293003,20,2023-01-15 14:00:00,"Stamford Bridge, London",40075.0,Home,Chelsea,Crystal Palace,W,490.0,16.0,31.0,,2.0,3.0,4.0,,14.0,5.0,12.0,1.0,11.0,15.0,62.0,90.0,23.0,,,,,,,58.0,10.0,17.0,1.0,1.0,0,,1,0,0,,7.0,5.0,5.0,3.0,,40.0,,155.0,62.5,0.0,0,0,5.0,5.0,8.0,23.0,3.0,579.0,15.0,33.0,34.0,11.0,18.0,0.0
Chelsea_8,2022-23,2293016,21,2023-01-21 12:30:00,"Anfield, Liverpool",53126.0,Away,Chelsea,Liverpool,D,437.0,12.0,18.0,,2.0,4.0,4.0,,13.0,3.0,9.0,1.0,5.0,13.0,48.0,60.0,32.0,,1.0,,,,,46.0,9.0,16.0,,,0,,0,0,0,1.0,18.0,4.0,2.0,6.0,,29.0,,151.0,52.5,0.0,0,0,3.0,6.0,11.0,32.0,1.0,540.0,11.0,21.0,25.0,5.0,8.0,0.0
Chelsea_8,2022-23,2293023,22,2023-02-03 20:00:00,"Stamford Bridge, London",40041.0,Home,Chelsea,Fulham,D,568.0,12.0,13.0,,,1.0,2.0,,11.0,2.0,14.0,1.0,6.0,12.0,60.0,56.0,14.0,,,,,,,69.0,16.0,12.0,,,0,,0,0,0,1.0,9.0,5.0,3.0,3.0,,26.0,,153.0,66.9,0.0,0,0,4.0,7.0,9.0,14.0,3.0,662.0,12.0,24.0,21.0,6.0,13.0,0.0
Chelsea_8,2022-23,2293039,23,2023-02-11 12:30:00,"London Stadium, London",62471.0,Away,Chelsea,West Ham,D,597.0,15.0,18.0,,,1.0,,1.0,5.0,4.0,7.0,,6.0,14.0,56.0,61.0,17.0,,,,,,,56.0,11.0,9.0,1.0,1.0,1,1.0,1,1,1,,7.0,5.0,4.0,3.0,,33.0,,123.0,71.8,0.0,0,0,1.0,4.0,7.0,17.0,4.0,660.0,12.0,21.0,26.0,6.0,17.0,0.0
Chelsea_8,2022-23,2293043,24,2023-02-18 15:00:00,"Stamford Bridge, London",40152.0,Home,Chelsea,Southampton,L,433.0,12.0,13.0,,,2.0,2.0,,13.0,7.0,9.0,,8.0,12.0,67.0,72.0,5.0,,1.0,,,,,49.0,16.0,25.0,,,1,1.0,0,1,0,,8.0,8.0,5.0,1.0,,35.0,,144.0,61.3,0.0,0,0,3.0,5.0,12.0,5.0,3.0,504.0,17.0,17.0,32.0,8.0,13.0,0.0
Chelsea_8,2022-23,2293058,25,2023-02-26 13:30:00,"Tottenham Hotspur Stadium, London",61613.0,Away,Chelsea,Spurs,L,532.0,17.0,11.0,,,,,,16.0,3.0,11.0,,4.0,15.0,65.0,50.0,23.0,,1.0,,,,,62.0,10.0,10.0,,,2,2.0,0,0,0,,12.0,5.0,2.0,1.0,,26.0,,124.0,58.8,0.0,0,0,1.0,5.0,7.0,23.0,2.0,596.0,10.0,19.0,18.0,4.0,15.0,0.0
Chelsea_8,2022-23,2293064,26,2023-03-04 15:00:00,"Stamford Bridge, London",39905.0,Home,Chelsea,Leeds,W,507.0,16.0,14.0,,,3.0,3.0,,13.0,2.0,11.0,1.0,5.0,7.0,61.0,58.0,13.0,,,,,,,70.0,11.0,7.0,1.0,1.0,0,,1,0,0,1.0,12.0,4.0,3.0,3.0,,33.0,,136.0,57.2,0.0,0,0,2.0,8.0,10.0,13.0,2.0,579.0,13.0,26.0,23.0,5.0,17.0,0.0
Chelsea_8,2022-23,2293075,27,2023-03-11 15:00:00,"King Power Stadium, Leicester",32170.0,Away,Chelsea,Leicester,W,464.0,19.0,10.0,,,2.0,1.0,1.0,17.0,3.0,18.0,,5.0,5.0,62.0,52.0,18.0,1.0,,,,,,44.0,11.0,9.0,3.0,3.0,1,1.0,3,1,2,1.0,9.0,9.0,6.0,7.0,,17.0,,129.0,51.6,0.0,1,0,5.0,3.0,12.0,18.0,4.0,550.0,12.0,24.0,21.0,5.0,14.0,0.0
Chelsea_8,2022-23,2293084,28,2023-03-18 17:30:00,"Stamford Bridge, London",40025.0,Home,Chelsea,Everton,D,455.0,9.0,19.0,1.0,3.0,,,1.0,6.0,10.0,6.0,,8.0,12.0,43.0,57.0,9.0,,,,,,,70.0,8.0,12.0,,2.0,2,2.0,2,0,0,,8.0,11.0,7.0,4.0,,40.0,1.0,144.0,68.9,0.0,0,0,1.0,3.0,13.0,9.0,2.0,542.0,20.0,15.0,32.0,8.0,11.0,0.0
Chelsea_8,2022-23,2293093,29,2023-04-01 17:30:00,"Stamford Bridge, London",40082.0,Home,Chelsea,Aston Villa,L,543.0,13.0,11.0,,1.0,2.0,3.0,,8.0,4.0,11.0,,13.0,5.0,62.0,63.0,4.0,1.0,,,,,,76.0,14.0,16.0,,,2,2.0,0,1,0,1.0,9.0,11.0,8.0,,,55.0,,127.0,69.0,0.0,0,0,,15.0,23.0,4.0,2.0,600.0,27.0,18.0,51.0,13.0,13.0,0.0
Chelsea_8,2022-23,2293109,30,2023-04-08 15:00:00,"Molineux Stadium, Wolverhampton",31614.0,Away,Chelsea,Wolves,L,443.0,9.0,16.0,,2.0,,,,9.0,8.0,11.0,,8.0,13.0,51.0,71.0,27.0,,,,,,,56.0,10.0,14.0,,,1,1.0,0,1,0,,3.0,8.0,1.0,2.0,,38.0,,155.0,62.4,0.0,0,0,3.0,4.0,12.0,27.0,1.0,530.0,13.0,27.0,30.0,8.0,15.0,0.0
Chelsea_8,2022-23,2293111,31,2023-04-15 15:00:00,"Stamford Bridge, London",40126.0,Home,Chelsea,Brighton,L,330.0,8.0,9.0,,,,,,10.0,1.0,16.0,,2.0,13.0,59.0,47.0,18.0,,1.0,,,,,30.0,11.0,11.0,1.0,1.0,2,2.0,1,1,1,1.0,13.0,1.0,2.0,4.0,,22.0,,116.0,42.7,0.0,0,0,9.0,5.0,4.0,18.0,1.0,405.0,8.0,18.0,19.0,2.0,13.0,0.0
Chelsea_8,2022-23,2293128,32,2023-05-25 20:00:00,"Old Trafford, Manchester",73561.0,Away,Chelsea,Man Utd,L,558.0,4.0,8.0,,,3.0,3.0,,14.0,4.0,14.0,,4.0,7.0,43.0,60.0,8.0,1.0,2.0,,,,,39.0,6.0,12.0,1.0,1.0,4,4.0,1,2,0,,6.0,7.0,5.0,5.0,,24.0,,107.0,58.9,0.0,0,0,5.0,5.0,12.0,8.0,,617.0,14.0,21.0,39.0,4.0,13.0,0.0
Chelsea_8,2022-23,2293137,33,2023-04-26 19:45:00,"Stamford Bridge, London",39929.0,Home,Chelsea,Brentford,L,614.0,15.0,19.0,,2.0,1.0,1.0,,10.0,3.0,3.0,,5.0,7.0,36.0,61.0,19.0,,,,,,,87.0,5.0,13.0,,,2,2.0,0,1,0,,9.0,6.0,4.0,1.0,1.0,41.0,,134.0,72.9,0.0,0,0,,8.0,13.0,19.0,,696.0,15.0,12.0,26.0,5.0,6.0,0.0
Chelsea_8,2022-23,2293141,34,2023-05-02 20:00:00,"Emirates Stadium, London",60144.0,Away,Chelsea,Arsenal,L,383.0,12.0,20.0,,1.0,2.0,1.0,1.0,9.0,2.0,6.0,,2.0,8.0,40.0,52.0,22.0,,1.0,,,,,29.0,10.0,10.0,1.0,1.0,3,3.0,1,3,0,,7.0,5.0,4.0,4.0,,21.0,,107.0,45.2,0.0,0,0,6.0,1.0,6.0,22.0,,455.0,7.0,15.0,22.0,2.0,11.0,0.0
Chelsea_8,2022-23,2293150,35,2023-05-06 15:00:00,"Vitality Stadium, Bournemouth",10357.0,Away,Chelsea,Bournemouth,W,529.0,11.0,11.0,,1.0,2.0,,2.0,9.0,1.0,8.0,,7.0,6.0,44.0,46.0,10.0,,,,,,,62.0,11.0,8.0,3.0,3.0,1,1.0,3,1,1,,9.0,4.0,5.0,2.0,,41.0,,125.0,66.0,0.0,0,0,3.0,5.0,5.0,10.0,,600.0,11.0,12.0,41.0,7.0,11.0,0.0
Chelsea_8,2022-23,2293163,36,2023-05-13 15:00:00,"Stamford Bridge, London",40030.0,Home,Chelsea,Nott'm Forest,D,631.0,13.0,16.0,,1.0,1.0,1.0,1.0,6.0,5.0,5.0,,2.0,16.0,56.0,60.0,17.0,1.0,,,,,,81.0,13.0,15.0,1.0,2.0,2,2.0,2,1,0,,3.0,9.0,6.0,1.0,,35.0,,137.0,76.1,0.0,0,0,,3.0,11.0,17.0,1.0,708.0,14.0,14.0,32.0,2.0,9.0,0.0
Chelsea_8,2022-23,2293174,37,2023-05-21 16:00:00,"Etihad Stadium, Manchester",53490.0,Away,Chelsea,Man City,L,330.0,4.0,5.0,,1.0,2.0,2.0,,10.0,3.0,7.0,,2.0,1.0,28.0,43.0,13.0,1.0,,,,,,27.0,9.0,11.0,,,1,1.0,0,1,0,1.0,6.0,7.0,6.0,6.0,,22.0,,80.0,35.4,0.0,0,0,1.0,4.0,11.0,13.0,2.0,380.0,13.0,17.0,24.0,2.0,12.0,0.0
Chelsea_8,2022-23,2293183,38,2023-05-28 16:30:00,"Stamford Bridge, London",40130.0,Home,Chelsea,Newcastle,D,527.0,5.0,6.0,,1.0,2.0,2.0,,7.0,8.0,14.0,,10.0,5.0,42.0,52.0,10.0,,,,,,,52.0,9.0,11.0,,1.0,1,1.0,1,1,1,,7.0,11.0,5.0,3.0,,40.0,,115.0,64.4,0.0,0,0,3.0,9.0,17.0,10.0,2.0,593.0,22.0,21.0,47.0,10.0,9.0,0.0
Everton_11,2022-23,2292812,1,2022-08-06 17:30:00,"Goodison Park, Liverpool",39254.0,Home,Everton,Chelsea,L,246.0,22.0,12.0,,1.0,,,,20.0,1.0,13.0,,4.0,13.0,68.0,57.0,27.0,,,,,,,68.0,14.0,11.0,,,1,1.0,0,1,0,,8.0,4.0,4.0,6.0,,23.0,,136.0,37.3,0.0,0,0,5.0,3.0,6.0,27.0,,335.0,8.0,24.0,23.0,4.0,17.0,0.0
Everton_11,2022-23,2292821,2,2022-08-13 12:30:00,"Villa Park, Birmingham",41883.0,Away,Everton,Aston Villa,L,291.0,14.0,12.0,,2.0,,1.0,,5.0,9.0,7.0,,8.0,5.0,43.0,43.0,17.0,,1.0,,,,,44.0,7.0,8.0,,1.0,2,2.0,1,1,0,,8.0,9.0,4.0,5.0,,20.0,,139.0,42.5,0.0,0,0,1.0,2.0,10.0,17.0,3.0,378.0,15.0,16.0,26.0,8.0,11.0,0.0
Everton_11,2022-23,2292832,3,2022-08-20 15:00:00,"Goodison Park, Liverpool",39271.0,Home,Everton,Nott'm Forest,D,319.0,15.0,10.0,,,1.0,1.0,1.0,5.0,5.0,5.0,,6.0,8.0,46.0,41.0,15.0,,1.0,,,,,70.0,6.0,9.0,1.0,1.0,1,1.0,1,0,0,,11.0,9.0,8.0,3.0,,28.0,,153.0,48.3,0.0,0,0,4.0,6.0,15.0,15.0,4.0,412.0,19.0,13.0,27.0,6.0,8.0,0.0
Everton_11,2022-23,2292842,4,2022-08-27 15:00:00,"Gtech Community Stadium, Brentford",17009.0,Away,Everton,Brentford,D,302.0,21.0,17.0,,,2.0,2.0,1.0,7.0,5.0,5.0,,5.0,8.0,47.0,56.0,37.0,,,,,,,54.0,8.0,8.0,1.0,1.0,1,1.0,1,0,1,,10.0,8.0,7.0,5.0,,22.0,,130.0,42.2,0.0,0,0,4.0,2.0,9.0,37.0,2.0,385.0,14.0,22.0,19.0,5.0,16.0,0.0
Everton_11,2022-23,2292854,5,2022-08-30 20:00:00,"Elland Road, Leeds",36338.0,Away,Everton,Leeds,D,203.0,24.0,12.0,,2.0,3.0,2.0,1.0,14.0,3.0,12.0,,2.0,10.0,70.0,53.0,35.0,,,,,,,41.0,9.0,7.0,1.0,1.0,1,1.0,1,0,1,,18.0,3.0,2.0,1.0,,7.0,,150.0,30.9,0.0,0,0,4.0,2.0,4.0,35.0,2.0,292.0,7.0,28.0,10.0,2.0,13.0,0.0
Everton_11,2022-23,2292864,6,2022-09-03 12:30:00,"Goodison Park, Liverpool",39240.0,Home,Everton,Liverpool,D,217.0,14.0,9.0,,,1.0,1.0,,9.0,5.0,3.0,1.0,7.0,8.0,39.0,41.0,32.0,,,,,,,38.0,7.0,9.0,,,0,,0,0,0,1.0,10.0,6.0,3.0,5.0,,25.0,,141.0,39.1,0.0,0,0,8.0,6.0,10.0,32.0,3.0,302.0,14.0,19.0,26.0,7.0,11.0,0.0
Everton_11,2022-23,2292871,7,2023-03-01 19:45:00,"Emirates Stadium, London",60213.0,Away,Everton,Arsenal,L,185.0,11.0,15.0,,,1.0,2.0,,12.0,1.0,6.0,,1.0,5.0,36.0,42.0,23.0,1.0,,,,,,45.0,12.0,5.0,,,4,4.0,0,2,0,,12.0,4.0,5.0,5.0,,12.0,,126.0,26.9,0.0,0,0,1.0,2.0,5.0,23.0,2.0,274.0,8.0,12.0,11.0,1.0,8.0,0.0
Everton_11,2022-23,2292884,8,2022-09-18 14:15:00,"Goodison Park, Liverpool",39298.0,Home,Everton,West Ham,W,385.0,11.0,10.0,,2.0,,,,14.0,1.0,1.0,1.0,5.0,7.0,38.0,45.0,28.0,,1.0,,,,,58.0,8.0,10.0,1.0,1.0,0,,1,0,0,,10.0,3.0,2.0,7.0,,27.0,,138.0,53.6,0.0,0,0,4.0,4.0,5.0,28.0,1.0,464.0,7.0,18.0,17.0,5.0,11.0,0.0
Everton_11,2022-23,2292898,9,2022-10-01 15:00:00,"St. Mary's Stadium, Southampton",30510.0,Away,Everton,Southampton,W,295.0,13.0,19.0,,1.0,4.0,3.0,1.0,24.0,3.0,7.0,,6.0,17.0,52.0,60.0,26.0,,,,,,,67.0,10.0,11.0,2.0,2.0,1,1.0,2,0,0,,11.0,7.0,5.0,7.0,,24.0,,146.0,45.8,0.0,0,0,5.0,4.0,9.0,26.0,1.0,380.0,12.0,23.0,25.0,6.0,13.0,0.0
Everton_11,2022-23,2292905,10,2022-10-09 19:00:00,"Goodison Park, Liverpool",39258.0,Home,Everton,Man Utd,L,295.0,17.0,13.0,,2.0,,,,19.0,6.0,7.0,,5.0,3.0,46.0,41.0,9.0,1.0,,,,,,42.0,7.0,11.0,,1.0,2,2.0,1,2,1,,15.0,4.0,2.0,3.0,,37.0,,140.0,39.7,0.0,0,0,2.0,3.0,7.0,9.0,1.0,375.0,11.0,9.0,21.0,5.0,6.0,0.0
Everton_11,2022-23,2292918,11,2022-10-15 17:30:00,"Tottenham Hotspur Stadium, London",61812.0,Away,Everton,Spurs,L,300.0,13.0,10.0,,1.0,,1.0,,13.0,1.0,3.0,,1.0,3.0,37.0,41.0,25.0,,,,,,,37.0,13.0,12.0,,,2,2.0,0,0,0,,6.0,1.0,,8.0,,12.0,,96.0,38.5,0.0,0,0,5.0,3.0,3.0,25.0,,367.0,4.0,15.0,8.0,1.0,10.0,0.0
Everton_11,2022-23,2292929,12,2022-10-19 19:30:00,"St. James' Park, Newcastle",52247.0,Away,Everton,Newcastle,L,314.0,11.0,6.0,,,,,,12.0,,5.0,,2.0,11.0,44.0,45.0,19.0,,1.0,,,,,55.0,12.0,9.0,,,1,1.0,0,1,0,,7.0,,,3.0,,18.0,,145.0,50.2,0.0,0,0,3.0,1.0,1.0,19.0,3.0,412.0,1.0,18.0,11.0,2.0,8.0,0.0
Everton_11,2022-23,2292932,13,2022-10-22 15:00:00,"Goodison Park, Liverpool",38939.0,Home,Everton,Crystal Palace,W,313.0,10.0,12.0,,,2.0,,3.0,10.0,2.0,5.0,1.0,3.0,15.0,51.0,56.0,16.0,,,,,,,49.0,16.0,13.0,2.0,3.0,0,,3,0,1,,7.0,5.0,6.0,3.0,,21.0,,127.0,45.8,0.0,0,0,2.0,1.0,5.0,16.0,1.0,382.0,9.0,26.0,13.0,3.0,20.0,0.0
Everton_11,2022-23,2292945,14,2022-10-29 17:30:00,"Craven Cottage, London",23534.0,Away,Everton,Fulham,D,295.0,21.0,12.0,,1.0,2.0,2.0,,18.0,2.0,5.0,1.0,4.0,9.0,46.0,43.0,33.0,,1.0,,,,,46.0,8.0,10.0,,,0,,0,0,0,,6.0,5.0,4.0,8.0,,20.0,,112.0,43.5,0.0,0,0,6.0,3.0,7.0,33.0,5.0,370.0,9.0,15.0,18.0,4.0,9.0,0.0
Everton_11,2022-23,2292952,15,2022-11-05 17:30:00,"Goodison Park, Liverpool",39206.0,Home,Everton,Leicester,L,388.0,6.0,19.0,,1.0,2.0,2.0,,2.0,5.0,6.0,,8.0,7.0,33.0,41.0,19.0,,2.0,,,,,56.0,9.0,5.0,,,2,2.0,0,1,0,,11.0,6.0,2.0,7.0,,33.0,,147.0,48.4,0.0,0,0,6.0,5.0,10.0,19.0,,482.0,12.0,14.0,33.0,8.0,7.0,0.0
Everton_11,2022-23,2292960,16,2022-11-12 15:00:00,"Vitality Stadium, Bournemouth",10382.0,Away,Everton,Bournemouth,L,464.0,17.0,13.0,,2.0,1.0,1.0,,4.0,6.0,10.0,,5.0,6.0,50.0,63.0,6.0,1.0,,,,,,60.0,8.0,12.0,,,3,3.0,0,2,0,,7.0,7.0,3.0,3.0,,34.0,,133.0,64.2,0.0,0,0,5.0,6.0,11.0,6.0,1.0,542.0,15.0,30.0,21.0,5.0,15.0,0.0
Everton_11,2022-23,2292975,17,2022-12-26 15:00:00,"Goodison Park, Liverpool",39252.0,Home,Everton,Wolves,L,441.0,12.0,12.0,,3.0,2.0,2.0,,6.0,2.0,7.0,,2.0,10.0,47.0,58.0,16.0,,,,,,,51.0,9.0,21.0,1.0,1.0,2,2.0,1,1,1,,7.0,5.0,6.0,1.0,,23.0,,134.0,58.8,0.0,0,0,2.0,4.0,6.0,16.0,1.0,520.0,12.0,17.0,16.0,2.0,13.0,0.0
Everton_11,2022-23,2292984,18,2022-12-31 15:00:00,"Etihad Stadium, Manchester",53444.0,Away,Everton,Man City,D,185.0,9.0,7.0,,,,,,12.0,1.0,4.0,,1.0,9.0,40.0,35.0,35.0,,,,,,,27.0,14.0,12.0,1.0,1.0,1,1.0,1,1,0,,11.0,2.0,1.0,7.0,,14.0,,95.0,26.3,0.0,0,0,2.0,,2.0,35.0,2.0,238.0,2.0,13.0,6.0,1.0,7.0,0.0
Everton_11,2022-23,2292995,19,2023-01-03 19:45:00,"Goodison Park, Liverpool",,Home,Everton,Brighton,L,419.0,13.0,4.0,1.0,1.0,,,1.0,18.0,1.0,3.0,,5.0,6.0,39.0,33.0,15.0,1.0,,,,,,51.0,8.0,10.0,,1.0,4,4.0,1,1,0,,9.0,3.0,4.0,5.0,,23.0,1.0,106.0,48.9,0.0,0,0,4.0,5.0,8.0,15.0,1.0,478.0,10.0,16.0,20.0,5.0,10.0,0.0
Everton_11,2022-23,2293004,20,2023-01-14 15:00:00,"Goodison Park, Liverpool",39305.0,Home,Everton,Southampton,L,290.0,26.0,21.0,,4.0,1.0,2.0,,7.0,3.0,3.0,,6.0,10.0,53.0,55.0,18.0,,,,,,,93.0,7.0,17.0,1.0,1.0,2,2.0,1,0,1,1.0,10.0,5.0,4.0,6.0,,39.0,,168.0,52.2,0.0,0,0,3.0,5.0,8.0,18.0,3.0,395.0,12.0,10.0,19.0,6.0,6.0,0.0
Everton_11,2022-23,2293019,21,2023-01-21 15:00:00,"London Stadium, London",62470.0,Away,Everton,West Ham,L,639.0,18.0,19.0,,1.0,,,,5.0,2.0,7.0,,9.0,10.0,47.0,51.0,12.0,,,,,,,91.0,6.0,9.0,,,2,2.0,0,2,0,1.0,7.0,3.0,2.0,4.0,,44.0,,152.0,67.8,0.0,0,0,2.0,1.0,3.0,12.0,2.0,729.0,5.0,19.0,28.0,9.0,10.0,0.0
Everton_11,2022-23,2293024,22,2023-02-04 12:30:00,"Goodison Park, Liverpool",39314.0,Home,Everton,Arsenal,W,180.0,12.0,17.0,,,4.0,3.0,1.0,10.0,3.0,12.0,1.0,7.0,5.0,50.0,49.0,20.0,,,,,,,57.0,13.0,7.0,1.0,1.0,0,,1,0,0,,11.0,6.0,4.0,6.0,,29.0,,122.0,29.5,0.0,0,0,2.0,5.0,10.0,20.0,3.0,252.0,12.0,18.0,18.0,7.0,11.0,0.0
Everton_11,2022-23,2293036,23,2023-02-13 20:00:00,"Anfield, Liverpool",53027.0,Away,Everton,Liverpool,L,317.0,12.0,9.0,,,1.0,1.0,,14.0,1.0,11.0,,3.0,11.0,60.0,45.0,21.0,2.0,1.0,,,,,47.0,16.0,7.0,,,2,2.0,0,1,0,1.0,14.0,2.0,1.0,4.0,,17.0,,130.0,40.9,0.0,0,0,4.0,4.0,5.0,21.0,2.0,403.0,6.0,18.0,11.0,3.0,8.0,0.0
Everton_11,2022-23,2293044,24,2023-02-18 15:00:00,"Goodison Park, Liverpool",39232.0,Home,Everton,Leeds,W,293.0,20.0,18.0,,,2.0,2.0,,12.0,2.0,10.0,1.0,6.0,11.0,61.0,63.0,19.0,,,,,,,72.0,8.0,6.0,1.0,1.0,0,,1,0,0,,10.0,8.0,6.0,4.0,,32.0,,172.0,50.0,0.0,0,0,,7.0,13.0,19.0,1.0,399.0,15.0,23.0,28.0,6.0,13.0,0.0
Everton_11,2022-23,2293052,25,2023-02-25 15:00:00,"Goodison Park, Liverpool",39309.0,Home,Everton,Aston Villa,L,277.0,18.0,17.0,,3.0,,1.0,,6.0,3.0,11.0,,5.0,8.0,57.0,68.0,15.0,,,,,,,70.0,12.0,10.0,,,2,2.0,0,0,0,,12.0,4.0,5.0,,,39.0,,138.0,46.5,0.0,0,0,3.0,7.0,10.0,15.0,1.0,353.0,15.0,20.0,44.0,5.0,10.0,0.0
Everton_11,2022-23,2293067,26,2023-03-05 14:00:00,"The City Ground, Nottingham",29353.0,Away,Everton,Nott'm Forest,D,240.0,21.0,30.0,1.0,2.0,2.0,1.0,2.0,6.0,5.0,12.0,,3.0,13.0,73.0,68.0,28.0,,,,,,,54.0,17.0,11.0,1.0,2.0,2,2.0,2,1,2,,13.0,7.0,3.0,4.0,,26.0,1.0,179.0,42.9,0.0,0,0,2.0,2.0,8.0,28.0,,361.0,10.0,21.0,38.0,3.0,13.0,0.0
Everton_11,2022-23,2293072,27,2023-03-11 15:00:00,"Goodison Park, Liverpool",39036.0,Home,Everton,Brentford,W,164.0,23.0,18.0,,2.0,1.0,3.0,,9.0,1.0,16.0,1.0,5.0,5.0,60.0,63.0,26.0,,,,,,,61.0,11.0,12.0,1.0,1.0,0,,1,0,1,,10.0,5.0,6.0,3.0,,23.0,,149.0,33.3,0.0,0,0,3.0,6.0,8.0,26.0,3.0,262.0,13.0,25.0,15.0,5.0,14.0,0.0
Everton_11,2022-23,2293084,28,2023-03-18 17:30:00,"Stamford Bridge, London",40025.0,Away,Everton,Chelsea,D,165.0,19.0,9.0,,1.0,3.0,1.0,2.0,8.0,5.0,11.0,,2.0,7.0,57.0,43.0,32.0,,,,,,,51.0,12.0,8.0,2.0,2.0,2,2.0,2,0,0,,6.0,5.0,3.0,10.0,,18.0,,128.0,31.1,0.0,0,0,5.0,4.0,9.0,32.0,1.0,246.0,12.0,20.0,15.0,2.0,13.0,0.0
Everton_11,2022-23,2293095,29,2023-04-03 20:00:00,"Goodison Park, Liverpool",39294.0,Home,Everton,Spurs,D,303.0,15.0,13.0,,3.0,1.0,1.0,,10.0,4.0,12.0,,3.0,3.0,50.0,56.0,17.0,,,,,,,74.0,10.0,14.0,1.0,1.0,1,1.0,1,0,0,,8.0,8.0,6.0,2.0,,40.0,,138.0,39.3,0.0,1,1,,5.0,12.0,17.0,1.0,377.0,15.0,23.0,28.0,3.0,15.0,0.0
Everton_11,2022-23,2293106,30,2023-04-08 12:30:00,"Old Trafford, Manchester",73509.0,Away,Everton,Man Utd,L,236.0,14.0,14.0,,2.0,1.0,1.0,,7.0,8.0,13.0,,4.0,4.0,46.0,62.0,15.0,1.0,2.0,,,,,48.0,9.0,10.0,,,2,2.0,0,1,0,,6.0,6.0,1.0,8.0,,21.0,,134.0,36.2,0.0,0,0,9.0,6.0,12.0,15.0,2.0,331.0,15.0,30.0,16.0,4.0,20.0,0.0
Everton_11,2022-23,2293112,31,2023-04-15 15:00:00,"Goodison Park, Liverpool",39241.0,Home,Everton,Fulham,L,302.0,21.0,21.0,,3.0,3.0,4.0,,13.0,2.0,6.0,,4.0,12.0,54.0,54.0,13.0,,,,,,,77.0,10.0,6.0,1.0,1.0,3,3.0,1,1,1,1.0,7.0,6.0,7.0,5.0,,30.0,,162.0,46.5,0.0,0,0,4.0,6.0,10.0,13.0,1.0,408.0,15.0,14.0,16.0,4.0,10.0,0.0
Everton_11,2022-23,2293124,32,2023-04-22 15:00:00,"Selhurst Park, London",25202.0,Away,Everton,Crystal Palace,D,214.0,26.0,36.0,,2.0,,,,6.0,2.0,9.0,1.0,1.0,4.0,63.0,68.0,22.0,,,,,,,59.0,14.0,12.0,,,0,,0,0,0,,12.0,6.0,5.0,5.0,,26.0,,159.0,43.1,0.0,0,1,2.0,3.0,7.0,22.0,3.0,318.0,10.0,14.0,16.0,1.0,9.0,0.0
Everton_11,2022-23,2293131,33,2023-04-27 19:45:00,"Goodison Park, Liverpool",39248.0,Home,Everton,Newcastle,L,196.0,9.0,11.0,,,,,,17.0,3.0,10.0,,3.0,8.0,41.0,48.0,24.0,,,,,,,65.0,8.0,6.0,,1.0,4,4.0,1,1,0,,17.0,6.0,5.0,5.0,,26.0,,156.0,39.6,0.0,0,0,3.0,5.0,9.0,24.0,3.0,300.0,13.0,18.0,17.0,3.0,9.0,0.0
Everton_11,2022-23,2293146,34,2023-05-01 20:00:00,"King Power Stadium, Leicester",32173.0,Away,Everton,Leicester,D,246.0,30.0,33.0,1.0,2.0,1.0,2.0,1.0,6.0,6.0,17.0,,9.0,10.0,77.0,67.0,18.0,,,,,,,64.0,12.0,9.0,,2.0,2,2.0,2,2,1,,11.0,9.0,8.0,6.0,,46.0,1.0,171.0,44.7,0.0,0,0,3.0,9.0,15.0,18.0,3.0,341.0,23.0,15.0,33.0,9.0,9.0,0.0
Everton_11,2022-23,2293151,35,2023-05-08 17:30:00,"American Express Stadium, Falmer",31567.0,Away,Everton,Brighton,W,144.0,16.0,19.0,,1.0,4.0,1.0,3.0,8.0,4.0,16.0,,1.0,6.0,56.0,62.0,53.0,,,,,,,30.0,13.0,11.0,4.0,5.0,1,1.0,5,0,3,,16.0,9.0,5.0,9.0,,14.0,,110.0,22.3,0.0,0,0,4.0,1.0,9.0,53.0,1.0,221.0,10.0,19.0,27.0,1.0,11.0,0.0
Everton_11,2022-23,2293165,36,2023-05-14 14:00:00,"Goodison Park, Liverpool",39376.0,Home,Everton,Man City,L,324.0,8.0,8.0,,,1.0,1.0,,8.0,1.0,8.0,,8.0,3.0,33.0,37.0,15.0,,,,,,,43.0,12.0,4.0,,,3,3.0,0,2,0,1.0,11.0,2.0,3.0,2.0,,29.0,,91.0,36.8,0.0,0,0,1.0,3.0,5.0,15.0,1.0,381.0,7.0,16.0,16.0,8.0,11.0,0.0
Everton_11,2022-23,2293179,37,2023-05-20 15:00:00,"Molineux Stadium, Wolverhampton",31684.0,Away,Everton,Wolves,D,290.0,15.0,25.0,,5.0,3.0,2.0,1.0,4.0,6.0,6.0,,7.0,4.0,42.0,68.0,5.0,,,,,,,61.0,10.0,18.0,1.0,1.0,1,1.0,1,1,0,,12.0,8.0,4.0,2.0,,52.0,,147.0,46.8,0.0,0,0,4.0,9.0,13.0,5.0,,382.0,19.0,19.0,30.0,7.0,10.0,0.0
Everton_11,2022-23,2293185,38,2023-05-28 16:30:00,"Goodison Park, Liverpool",39201.0,Home,Everton,Bournemouth,W,223.0,18.0,21.0,,,,1.0,,8.0,2.0,6.0,1.0,9.0,6.0,47.0,59.0,23.0,,,,,,,62.0,11.0,12.0,,1.0,0,,1,0,0,,13.0,5.0,6.0,3.0,,42.0,,135.0,37.8,0.0,0,0,1.0,5.0,9.0,23.0,,305.0,13.0,18.0,20.0,9.0,9.0,0.0
Fulham_54,2022-23,2292813,1,2022-08-06 12:30:00,"Craven Cottage, London",25000,Home,Fulham,Liverpool,D,181.0,13.0,23.0,1.0,2.0,,,1.0,20.0,4.0,4.0,,4.0,6.0,35.0,61.0,30.0,,,,,,,63.0,7.0,8.0,1.0,2.0,2,2.0,2,0,1,1.0,10.0,4.0,3.0,3.0,,24.0,1.0,171.0,33.1,0.0,0,0,1.0,2.0,6.0,30.0,4.0,294.0,9.0,25.0,18.0,4.0,13.0,0.0
Fulham_54,2022-23,2292829,2,2022-08-13 15:00:00,"Molineux Stadium, Wolverhampton",31178,Away,Fulham,Wolves,D,235.0,15.0,13.0,,,1.0,2.0,,16.0,1.0,5.0,1.0,3.0,11.0,50.0,48.0,22.0,,1.0,,,,,48.0,14.0,7.0,,,0,,0,0,0,,9.0,3.0,3.0,1.0,,25.0,1.0,151.0,40.4,0.0,0,0,1.0,5.0,6.0,22.0,,328.0,9.0,19.0,14.0,3.0,8.0,0.0
Fulham_54,2022-23,2292833,3,2022-08-20 15:00:00,"Craven Cottage, London",21798,Home,Fulham,Brentford,W,219.0,23.0,20.0,,1.0,3.0,4.0,1.0,11.0,5.0,8.0,,6.0,11.0,54.0,43.0,22.0,,,,,,,51.0,13.0,7.0,2.0,3.0,2,2.0,3,1,2,1.0,11.0,9.0,9.0,4.0,,26.0,,146.0,43.7,0.0,0,0,3.0,4.0,12.0,22.0,5.0,311.0,18.0,12.0,30.0,6.0,8.0,0.0
Fulham_54,2022-23,2292840,4,2022-08-27 17:30:00,"Emirates Stadium, London",60164,Away,Fulham,Arsenal,L,138.0,11.0,22.0,,1.0,,,1.0,13.0,2.0,13.0,,2.0,9.0,51.0,56.0,30.0,1.0,1.0,,,,,33.0,12.0,6.0,,1.0,2,2.0,1,0,0,,14.0,3.0,3.0,10.0,,19.0,,120.0,28.0,0.0,0,0,6.0,6.0,9.0,30.0,,223.0,11.0,24.0,14.0,2.0,11.0,0.0
Fulham_54,2022-23,2292853,5,2022-08-30 19:30:00,"Craven Cottage, London",22224,Home,Fulham,Brighton,W,257.0,13.0,18.0,,,1.0,1.0,1.0,27.0,,11.0,,3.0,14.0,56.0,64.0,22.0,,,,,,,35.0,9.0,11.0,1.0,2.0,1,1.0,2,0,0,,6.0,3.0,3.0,1.0,,17.0,,144.0,39.1,0.0,0,0,2.0,7.0,8.0,22.0,,344.0,10.0,26.0,15.0,3.0,15.0,0.0
Fulham_54,2022-23,2292868,6,2022-09-03 15:00:00,"Tottenham Hotspur Stadium, London",61641,Away,Fulham,Spurs,L,371.0,17.0,11.0,,,,,,15.0,1.0,7.0,,3.0,15.0,49.0,46.0,19.0,,1.0,,,,,60.0,6.0,9.0,1.0,1.0,2,2.0,1,1,0,,7.0,4.0,3.0,6.0,,30.0,,117.0,48.1,0.0,0,0,8.0,5.0,7.0,19.0,,433.0,9.0,18.0,10.0,3.0,11.0,0.0
Fulham_54,2022-23,2292873,7,2023-01-12 20:00:00,"Craven Cottage, London",24460,Home,Fulham,Chelsea,W,362.0,5.0,10.0,,,1.0,,1.0,13.0,2.0,5.0,,5.0,12.0,40.0,40.0,22.0,,1.0,,,,,56.0,12.0,16.0,1.0,2.0,1,1.0,2,0,1,1.0,10.0,3.0,3.0,5.0,,27.0,,154.0,47.4,0.0,1,0,9.0,3.0,6.0,22.0,3.0,449.0,8.0,11.0,11.0,5.0,6.0,0.0
Fulham_54,2022-23,2292887,8,2022-09-16 20:00:00,"The City Ground, Nottingham",28654,Away,Fulham,Nott'm Forest,W,460.0,19.0,15.0,,1.0,2.0,1.0,1.0,5.0,5.0,2.0,,10.0,4.0,40.0,46.0,14.0,,,,,,,70.0,10.0,10.0,3.0,3.0,2,2.0,3,1,0,,6.0,9.0,7.0,3.0,,30.0,,143.0,59.2,0.0,0,0,1.0,3.0,12.0,14.0,1.0,555.0,15.0,12.0,21.0,10.0,5.0,0.0
Fulham_54,2022-23,2292893,9,2022-10-01 15:00:00,"Craven Cottage, London",22913,Home,Fulham,Newcastle,L,190.0,9.0,1.0,,,1.0,,1.0,19.0,1.0,3.0,,1.0,7.0,35.0,29.0,14.0,,,,,,,45.0,9.0,10.0,1.0,1.0,4,4.0,1,3,0,,8.0,2.0,1.0,4.0,,16.0,,127.0,31.7,0.0,0,1,6.0,1.0,3.0,14.0,4.0,281.0,3.0,13.0,8.0,1.0,10.0,0.0
Fulham_54,2022-23,2292909,10,2022-10-09 14:00:00,"London Stadium, London",62454,Away,Fulham,West Ham,L,400.0,7.0,9.0,,,,,,6.0,2.0,12.0,,2.0,10.0,39.0,38.0,17.0,1.0,,,,,,60.0,7.0,9.0,1.0,1.0,3,3.0,1,1,1,1.0,5.0,2.0,2.0,5.0,,26.0,,137.0,49.7,0.0,0,0,5.0,4.0,4.0,17.0,2.0,486.0,8.0,16.0,18.0,2.0,8.0,0.0
Fulham_54,2022-23,2292912,11,2022-10-15 15:00:00,"Craven Cottage, London",22913,Home,Fulham,Bournemouth,D,496.0,18.0,19.0,1.0,,,,1.0,6.0,7.0,3.0,,5.0,9.0,44.0,49.0,8.0,,,,,,,79.0,9.0,11.0,1.0,2.0,2,2.0,2,2,1,,5.0,6.0,4.0,,,49.0,1.0,149.0,68.9,0.0,0,0,4.0,8.0,12.0,8.0,1.0,585.0,19.0,12.0,40.0,5.0,9.0,0.0
Fulham_54,2022-23,2292925,12,2022-10-20 19:30:00,"Craven Cottage, London",23508,Home,Fulham,Aston Villa,W,413.0,15.0,17.0,1.0,1.0,2.0,3.0,1.0,23.0,5.0,4.0,1.0,9.0,6.0,43.0,40.0,14.0,,,,,,,45.0,11.0,10.0,,3.0,0,,3,0,1,,2.0,8.0,8.0,3.0,,37.0,1.0,119.0,60.4,0.0,1,0,6.0,5.0,12.0,14.0,,482.0,18.0,12.0,23.0,9.0,7.0,0.0
Fulham_54,2022-23,2292933,13,2022-10-23 14:00:00,"Elland Road, Leeds",36447,Away,Fulham,Leeds,W,255.0,14.0,17.0,,1.0,5.0,2.0,3.0,11.0,3.0,4.0,,6.0,14.0,47.0,58.0,16.0,,1.0,,,,,48.0,8.0,12.0,3.0,3.0,2,2.0,3,1,1,,10.0,8.0,5.0,4.0,,21.0,,155.0,42.8,0.0,0,0,3.0,3.0,10.0,16.0,4.0,355.0,11.0,16.0,28.0,6.0,9.0,0.0
Fulham_54,2022-23,2292945,14,2022-10-29 17:30:00,"Craven Cottage, London",23534,Home,Fulham,Everton,D,386.0,12.0,21.0,,1.0,,1.0,,22.0,8.0,6.0,1.0,13.0,10.0,43.0,46.0,8.0,,,,,,,43.0,10.0,8.0,,,0,,0,0,0,,3.0,11.0,6.0,2.0,,44.0,,135.0,56.5,0.0,0,0,4.0,10.0,20.0,8.0,,463.0,24.0,12.0,40.0,13.0,6.0,0.0
Fulham_54,2022-23,2292954,15,2022-11-05 15:00:00,"Etihad Stadium, Manchester",52395,Away,Fulham,Man City,L,234.0,12.0,10.0,1.0,,,,1.0,8.0,1.0,5.0,,,4.0,44.0,31.0,21.0,,,,,,,26.0,11.0,6.0,,1.0,2,2.0,1,1,1,,5.0,2.0,2.0,6.0,,10.0,1.0,98.0,29.4,0.0,1,0,3.0,1.0,3.0,21.0,,295.0,4.0,15.0,8.0,,11.0,0.0
Fulham_54,2022-23,2292962,16,2022-11-13 16:30:00,"Craven Cottage, London",24246,Home,Fulham,Man Utd,L,366.0,17.0,11.0,,1.0,1.0,1.0,1.0,6.0,2.0,1.0,,10.0,6.0,37.0,42.0,11.0,,,,,,,59.0,9.0,9.0,,1.0,2,2.0,1,1,0,,7.0,5.0,7.0,2.0,,42.0,,155.0,52.7,0.0,0,0,8.0,5.0,9.0,11.0,1.0,461.0,14.0,18.0,30.0,10.0,8.0,0.0
Fulham_54,2022-23,2292974,17,2022-12-26 15:00:00,"Selhurst Park, London",25176,Away,Fulham,Crystal Palace,W,543.0,4.0,10.0,,4.0,2.0,1.0,2.0,5.0,6.0,2.0,1.0,7.0,12.0,36.0,41.0,3.0,,,,,,,70.0,15.0,11.0,1.0,3.0,0,,3,0,1,1.0,9.0,11.0,11.0,1.0,,53.0,,149.0,63.8,0.0,2,0,,6.0,16.0,3.0,2.0,633.0,23.0,16.0,48.0,8.0,9.0,0.0
Fulham_54,2022-23,2292982,18,2022-12-31 15:00:00,"Craven Cottage, London",24344,Home,Fulham,Southampton,W,464.0,19.0,13.0,,,1.0,1.0,1.0,9.0,1.0,4.0,,4.0,14.0,50.0,44.0,23.0,,,,,,,75.0,8.0,11.0,1.0,2.0,1,1.0,2,0,1,,12.0,1.0,2.0,2.0,,24.0,1.0,173.0,62.5,0.0,0,0,2.0,5.0,4.0,23.0,1.0,579.0,8.0,19.0,18.0,4.0,10.0,0.0
Fulham_54,2022-23,2292997,19,2023-01-03 19:45:00,"King Power Stadium, Leicester",30813,Away,Fulham,Leicester,W,264.0,13.0,10.0,,,2.0,1.0,1.0,18.0,2.0,7.0,1.0,3.0,10.0,48.0,46.0,32.0,,,,,,,33.0,11.0,12.0,1.0,1.0,0,,1,0,1,,10.0,3.0,2.0,3.0,,22.0,,138.0,38.6,0.0,0,0,6.0,7.0,7.0,32.0,1.0,350.0,11.0,13.0,17.0,3.0,8.0,0.0
Fulham_54,2022-23,2293006,20,2023-01-15 14:00:00,"St. James' Park, Newcastle",52247,Away,Fulham,Newcastle,L,189.0,12.0,14.0,,1.0,,1.0,,7.0,1.0,7.0,,5.0,10.0,48.0,44.0,27.0,,,,,,,32.0,14.0,5.0,,,1,1.0,0,0,0,,9.0,1.0,,8.0,,23.0,1.0,125.0,37.7,0.0,0,0,4.0,4.0,3.0,27.0,3.0,270.0,5.0,17.0,17.0,5.0,10.0,0.0
Fulham_54,2022-23,2293013,21,2023-01-23 20:15:00,"Craven Cottage, London",24190,Home,Fulham,Spurs,L,398.0,21.0,9.0,,2.0,1.0,1.0,,11.0,1.0,5.0,,3.0,17.0,59.0,42.0,14.0,,,,,,,59.0,10.0,10.0,,,1,1.0,0,1,0,,10.0,4.0,5.0,3.0,,32.0,,158.0,52.9,0.0,0,0,2.0,4.0,7.0,14.0,2.0,485.0,10.0,19.0,22.0,3.0,10.0,0.0
Fulham_54,2022-23,2293023,22,2023-02-03 20:00:00,"Stamford Bridge, London",40041,Away,Fulham,Chelsea,D,226.0,13.0,12.0,,2.0,,,,3.0,3.0,7.0,1.0,2.0,14.0,56.0,60.0,20.0,,,,,,,53.0,12.0,15.0,,,0,,0,0,0,,19.0,5.0,4.0,3.0,,21.0,,152.0,33.1,0.0,0,0,2.0,3.0,6.0,20.0,,313.0,10.0,19.0,17.0,2.0,14.0,0.0
Fulham_54,2022-23,2293033,23,2023-02-11 15:00:00,"Craven Cottage, London",24244,Home,Fulham,Nott'm Forest,W,313.0,16.0,18.0,,3.0,2.0,1.0,1.0,5.0,2.0,7.0,1.0,5.0,6.0,42.0,57.0,17.0,,,,,,,55.0,9.0,11.0,1.0,2.0,0,,2,0,1,3.0,15.0,4.0,3.0,2.0,,34.0,,128.0,50.0,0.0,0,0,1.0,11.0,14.0,17.0,1.0,396.0,16.0,10.0,32.0,5.0,5.0,0.0
Fulham_54,2022-23,2293042,24,2023-02-18 15:00:00,"American Express Stadium, Falmer",31619,Away,Fulham,Brighton,W,231.0,16.0,11.0,,,,,,2.0,3.0,15.0,1.0,2.0,8.0,54.0,44.0,19.0,,,,,,,35.0,14.0,12.0,1.0,1.0,0,,1,0,0,,11.0,4.0,2.0,4.0,,7.0,,111.0,34.7,0.0,0,0,7.0,,4.0,19.0,,316.0,5.0,13.0,8.0,2.0,5.0,0.0
Fulham_54,2022-23,2293053,25,2023-02-24 20:00:00,"Craven Cottage, London",24399,Home,Fulham,Wolves,D,364.0,19.0,11.0,,,2.0,2.0,,8.0,3.0,15.0,,3.0,15.0,65.0,55.0,15.0,,,,,,,58.0,12.0,15.0,1.0,1.0,1,1.0,1,1,0,,14.0,7.0,5.0,1.0,,26.0,,147.0,50.5,0.0,0,0,1.0,2.0,9.0,15.0,1.0,448.0,10.0,20.0,17.0,4.0,11.0,0.0
Fulham_54,2022-23,2293062,26,2023-03-06 20:00:00,"Gtech Community Stadium, Brentford",17025,Away,Fulham,Brentford,L,400.0,18.0,8.0,,1.0,,1.0,2.0,12.0,,6.0,,3.0,14.0,62.0,46.0,22.0,,,,,,,56.0,17.0,12.0,,2.0,3,3.0,2,1,1,1.0,13.0,1.0,5.0,1.0,,30.0,,148.0,63.8,0.0,0,0,3.0,4.0,3.0,22.0,1.0,483.0,9.0,12.0,13.0,3.0,7.0,0.0
Fulham_54,2022-23,2293073,27,2023-03-12 14:00:00,"Craven Cottage, London",24426,Home,Fulham,Arsenal,L,358.0,11.0,16.0,,2.0,,,,12.0,4.0,14.0,,4.0,9.0,55.0,49.0,12.0,,1.0,,,,,58.0,10.0,9.0,,,3,3.0,0,3,0,1.0,7.0,4.0,2.0,4.0,,28.0,,124.0,44.7,0.0,0,0,4.0,6.0,8.0,12.0,2.0,433.0,12.0,14.0,17.0,4.0,8.0,0.0
Fulham_54,2022-23,2293085,28,2023-05-03 20:00:00,"Anfield, Liverpool",52602,Away,Fulham,Liverpool,L,381.0,14.0,7.0,,1.0,1.0,1.0,,11.0,3.0,13.0,,5.0,9.0,48.0,41.0,33.0,,,,,,,50.0,8.0,10.0,,,1,1.0,0,1,0,,11.0,5.0,3.0,2.0,,24.0,,119.0,42.9,0.0,0,0,2.0,3.0,7.0,33.0,2.0,454.0,9.0,15.0,13.0,5.0,8.0,0.0
Fulham_54,2022-23,2293090,29,2023-04-01 15:00:00,"Vitality Stadium, Bournemouth",10305,Away,Fulham,Bournemouth,L,424.0,12.0,11.0,,1.0,,,,9.0,2.0,16.0,,3.0,14.0,58.0,52.0,16.0,,1.0,,,,,51.0,13.0,14.0,1.0,1.0,2,2.0,1,0,1,1.0,4.0,3.0,2.0,3.0,,30.0,,118.0,57.3,0.0,0,0,4.0,6.0,8.0,16.0,1.0,496.0,10.0,19.0,19.0,3.0,11.0,0.0
Fulham_54,2022-23,2293102,30,2023-04-08 15:00:00,"Craven Cottage, London",24491,Home,Fulham,West Ham,L,581.0,24.0,15.0,,,1.0,1.0,,8.0,11.0,2.0,,11.0,9.0,52.0,45.0,26.0,,1.0,,,,,81.0,10.0,10.0,,,1,1.0,0,1,0,,5.0,11.0,3.0,,1.0,58.0,,154.0,76.6,0.0,0,0,5.0,2.0,13.0,26.0,,659.0,16.0,17.0,39.0,11.0,9.0,0.0
Fulham_54,2022-23,2293112,31,2023-04-15 15:00:00,"Goodison Park, Liverpool",39241,Away,Fulham,Everton,W,351.0,21.0,21.0,,1.0,2.0,,3.0,7.0,5.0,13.0,,7.0,8.0,54.0,54.0,19.0,,1.0,,,,,68.0,6.0,10.0,2.0,3.0,1,1.0,3,1,1,2.0,13.0,7.0,7.0,2.0,,28.0,,158.0,53.5,0.0,0,0,6.0,9.0,13.0,19.0,,467.0,21.0,17.0,28.0,8.0,11.0,0.0
Fulham_54,2022-23,2293125,32,2023-04-22 12:30:00,"Craven Cottage, London",24356,Home,Fulham,Leeds,W,281.0,22.0,16.0,,,,,1.0,6.0,4.0,5.0,,8.0,9.0,61.0,66.0,23.0,,,,,,,58.0,10.0,15.0,,2.0,1,1.0,2,0,0,2.0,9.0,4.0,5.0,4.0,1.0,34.0,,173.0,49.3,0.0,0,0,2.0,3.0,5.0,23.0,5.0,375.0,12.0,19.0,13.0,8.0,11.0,0.0
Fulham_54,2022-23,2293130,33,2023-04-25 19:45:00,"Villa Park, Birmingham",41046,Away,Fulham,Aston Villa,L,326.0,15.0,8.0,,,,,,6.0,,6.0,,2.0,5.0,50.0,47.0,14.0,,,,,,,51.0,18.0,6.0,,,1,1.0,0,1,0,,6.0,,,7.0,,23.0,,119.0,48.2,0.0,0,0,2.0,1.0,1.0,14.0,5.0,401.0,1.0,21.0,15.0,2.0,8.0,0.0
Fulham_54,2022-23,2293145,34,2023-04-30 14:00:00,"Craven Cottage, London",24498,Home,Fulham,Man City,L,308.0,17.0,15.0,,1.0,1.0,,1.0,13.0,2.0,8.0,,2.0,11.0,46.0,53.0,31.0,,,,,,,35.0,9.0,10.0,1.0,1.0,2,2.0,1,2,1,,9.0,1.0,1.0,,,16.0,,111.0,37.4,0.0,0,0,7.0,1.0,1.0,31.0,3.0,379.0,4.0,22.0,9.0,2.0,14.0,0.0
Fulham_54,2022-23,2293152,35,2023-05-08 15:00:00,"Craven Cottage, London",24442,Home,Fulham,Leicester,W,419.0,9.0,16.0,,5.0,2.0,1.0,1.0,12.0,5.0,17.0,,2.0,8.0,51.0,57.0,14.0,1.0,1.0,,,,,57.0,13.0,15.0,4.0,5.0,3,3.0,5,0,3,,6.0,10.0,7.0,5.0,,21.0,,137.0,57.1,0.0,0,0,6.0,5.0,15.0,14.0,1.0,511.0,17.0,22.0,24.0,2.0,14.0,0.0
Fulham_54,2022-23,2293169,36,2023-05-13 15:00:00,"St. Mary's Stadium, Southampton",28978,Away,Fulham,Southampton,W,548.0,14.0,8.0,,1.0,2.0,,2.0,8.0,4.0,6.0,1.0,8.0,10.0,45.0,45.0,6.0,,1.0,,,,,51.0,12.0,17.0,2.0,2.0,0,,2,0,0,,10.0,8.0,4.0,2.0,,34.0,,124.0,64.4,0.0,0,0,1.0,1.0,9.0,6.0,1.0,626.0,9.0,10.0,33.0,8.0,5.0,0.0
Fulham_54,2022-23,2293172,37,2023-05-20 15:00:00,"Craven Cottage, London",24356,Home,Fulham,Crystal Palace,D,265.0,12.0,13.0,1.0,1.0,2.0,1.0,2.0,7.0,4.0,12.0,,7.0,7.0,49.0,47.0,21.0,1.0,,,,,,42.0,13.0,12.0,1.0,2.0,2,2.0,2,1,1,,9.0,6.0,4.0,3.0,,31.0,1.0,140.0,49.5,0.0,0,0,3.0,3.0,8.0,21.0,2.0,352.0,11.0,16.0,27.0,7.0,7.0,0.0
Fulham_54,2022-23,2293188,38,2023-05-28 16:30:00,"Old Trafford, Manchester",73465,Away,Fulham,Man Utd,L,358.0,13.0,15.0,,1.0,2.0,2.0,1.0,7.0,1.0,9.0,,4.0,12.0,51.0,51.0,17.0,,,,,,,34.0,10.0,14.0,1.0,1.0,2,2.0,1,1,1,,11.0,3.0,3.0,6.0,,28.0,1.0,119.0,46.8,0.0,0,0,6.0,6.0,7.0,17.0,1.0,426.0,10.0,15.0,20.0,4.0,10.0,0.0
Leeds_2,2022-23,2292814,1,2022-08-06 15:00:00,"Elland Road, Leeds",36347.0,Home,Leeds,Wolves,W,269.0,7.0,9.0,,1.0,2.0,2.0,,10.0,3.0,25.0,,6.0,10.0,61.0,45.0,22.0,,,,,,,52.0,13.0,8.0,1.0,2.0,1,1.0,2,1,1,,14.0,6.0,4.0,3.0,,27.0,,135.0,40.1,0.0,0,0,5.0,5.0,10.0,22.0,,355.0,12.0,21.0,28.0,6.0,14.0,0.0
Leeds_2,2022-23,2292828,2,2022-08-13 15:00:00,"St. Mary's Stadium, Southampton",30815.0,Away,Leeds,Southampton,D,336.0,17.0,23.0,,,3.0,1.0,2.0,21.0,4.0,17.0,,5.0,10.0,62.0,65.0,20.0,,,,,,,58.0,12.0,9.0,2.0,2.0,2,2.0,2,0,0,,10.0,8.0,5.0,3.0,,22.0,,168.0,57.4,0.0,0,0,2.0,4.0,12.0,20.0,1.0,454.0,13.0,27.0,20.0,5.0,20.0,0.0
Leeds_2,2022-23,2292834,3,2022-08-21 14:00:00,"Elland Road, Leeds",36372.0,Home,Leeds,Chelsea,W,227.0,21.0,10.0,,1.0,2.0,1.0,2.0,16.0,2.0,13.0,1.0,4.0,10.0,72.0,58.0,14.0,,,,,,,44.0,16.0,15.0,2.0,3.0,0,,3,0,2,,16.0,6.0,6.0,5.0,,18.0,,133.0,39.1,0.0,1,0,3.0,4.0,9.0,14.0,1.0,318.0,12.0,26.0,15.0,4.0,14.0,0.0
Leeds_2,2022-23,2292843,4,2022-08-27 15:00:00,"American Express Stadium, Falmer",30953.0,Away,Leeds,Brighton,L,359.0,14.0,10.0,,1.0,,1.0,,15.0,5.0,7.0,,3.0,9.0,48.0,53.0,16.0,,,,,,,59.0,14.0,10.0,,,1,1.0,0,0,0,,16.0,5.0,2.0,1.0,,24.0,,156.0,57.2,0.0,0,0,3.0,3.0,7.0,16.0,1.0,475.0,10.0,22.0,13.0,3.0,12.0,0.0
Leeds_2,2022-23,2292854,5,2022-08-30 20:00:00,"Elland Road, Leeds",36338.0,Home,Leeds,Everton,D,535.0,12.0,24.0,,,1.0,2.0,,7.0,1.0,6.0,,10.0,14.0,53.0,70.0,12.0,1.0,,,,,,77.0,10.0,9.0,1.0,1.0,1,1.0,1,1,0,,11.0,4.0,5.0,3.0,,43.0,,190.0,69.1,0.0,0,0,1.0,8.0,12.0,12.0,2.0,644.0,14.0,25.0,30.0,10.0,13.0,0.0
Leeds_2,2022-23,2292861,6,2022-09-03 15:00:00,"Gtech Community Stadium, Brentford",,Away,Leeds,Brentford,L,402.0,17.0,11.0,,,3.0,3.0,1.0,13.0,4.0,13.0,,6.0,11.0,63.0,59.0,13.0,1.0,1.0,,,,,79.0,9.0,8.0,1.0,2.0,5,5.0,2,2,1,,3.0,7.0,6.0,1.0,,27.0,,149.0,68.9,0.0,0,0,3.0,7.0,12.0,13.0,1.0,488.0,17.0,24.0,25.0,6.0,17.0,0.0
Leeds_2,2022-23,2292874,7,2023-04-04 19:45:00,"Elland Road, Leeds",36740.0,Home,Leeds,Nott'm Forest,W,401.0,15.0,23.0,,1.0,1.0,1.0,1.0,13.0,9.0,10.0,,11.0,7.0,54.0,65.0,21.0,,,,,,,78.0,11.0,12.0,1.0,2.0,1,1.0,2,1,2,,10.0,13.0,6.0,7.0,,41.0,,159.0,62.4,0.0,0,0,,6.0,17.0,21.0,3.0,494.0,21.0,15.0,41.0,11.0,9.0,0.0
Leeds_2,2022-23,2292885,8,2023-02-08 20:00:00,"Old Trafford, Manchester",73456.0,Away,Leeds,Man Utd,D,210.0,14.0,14.0,,,1.0,1.0,,20.0,2.0,17.0,,5.0,10.0,60.0,58.0,30.0,,,,,,,51.0,11.0,7.0,1.0,2.0,2,2.0,2,0,1,1.0,16.0,3.0,2.0,9.0,,16.0,,163.0,34.1,0.0,0,0,5.0,4.0,5.0,30.0,,326.0,8.0,30.0,20.0,5.0,20.0,0.0
Leeds_2,2022-23,2292894,9,2022-10-02 16:30:00,"Elland Road, Leeds",36582.0,Home,Leeds,Aston Villa,D,270.0,22.0,16.0,,,,,,7.0,3.0,10.0,1.0,2.0,10.0,71.0,46.0,23.0,,,,,,,44.0,23.0,12.0,,,0,,0,0,0,,6.0,3.0,1.0,5.0,,23.0,,148.0,43.8,0.0,0,1,6.0,2.0,5.0,23.0,,375.0,6.0,12.0,16.0,2.0,9.0,0.0
Leeds_2,2022-23,2292904,10,2022-10-09 14:00:00,"Selhurst Park, London",25042.0,Away,Leeds,Crystal Palace,L,222.0,15.0,13.0,,,1.0,1.0,1.0,27.0,4.0,7.0,,3.0,10.0,63.0,63.0,12.0,,,,,,,51.0,23.0,13.0,,1.0,2,2.0,1,1,1,1.0,10.0,6.0,4.0,3.0,,35.0,,171.0,45.5,0.0,0,0,3.0,2.0,8.0,12.0,2.0,345.0,10.0,29.0,24.0,3.0,13.0,0.0
Leeds_2,2022-23,2292913,11,2022-10-16 14:00:00,"Elland Road, Leeds",36700.0,Home,Leeds,Arsenal,L,334.0,10.0,13.0,,,1.0,3.0,,8.0,7.0,16.0,,6.0,8.0,53.0,53.0,5.0,,,0.812134,1.8551,1.2964,1.0387,64.0,10.0,9.0,,,1,1.0,0,1,0,,13.0,8.0,4.0,2.0,,32.0,1.0,146.0,47.0,0.0,0,0,3.0,5.0,11.0,5.0,4.0,428.0,16.0,25.0,26.0,6.0,14.0,0.0
Leeds_2,2022-23,2292926,12,2022-10-20 20:15:00,"King Power Stadium, Leicester",30814.0,Away,Leeds,Leicester,L,406.0,6.0,12.0,,3.0,1.0,1.0,,23.0,4.0,5.0,,9.0,14.0,48.0,60.0,14.0,,1.0,,,,,50.0,11.0,14.0,,,2,2.0,0,2,0,1.0,12.0,5.0,2.0,3.0,1.0,26.0,,165.0,53.2,0.0,0,0,,8.0,11.0,14.0,2.0,518.0,14.0,30.0,25.0,9.0,16.0,0.0
Leeds_2,2022-23,2292933,13,2022-10-23 14:00:00,"Elland Road, Leeds",36447.0,Home,Leeds,Fulham,L,390.0,17.0,14.0,,1.0,3.0,2.0,2.0,10.0,5.0,13.0,,3.0,8.0,58.0,47.0,7.0,,,,,,,68.0,12.0,7.0,1.0,2.0,3,3.0,2,1,1,,12.0,8.0,5.0,4.0,,27.0,,149.0,57.2,0.0,0,0,1.0,4.0,12.0,7.0,4.0,488.0,14.0,22.0,24.0,3.0,9.0,0.0
Leeds_2,2022-23,2292947,14,2022-10-29 19:45:00,"Anfield, Liverpool",53274.0,Away,Leeds,Liverpool,W,192.0,15.0,15.0,,1.0,1.0,1.0,1.0,15.0,2.0,12.0,,4.0,9.0,47.0,48.0,47.0,,1.0,,,,,58.0,3.0,8.0,1.0,2.0,1,1.0,2,1,1,1.0,10.0,5.0,6.0,4.0,,22.0,,163.0,31.0,0.0,0,0,9.0,6.0,9.0,47.0,,304.0,14.0,21.0,19.0,5.0,7.0,0.0
Leeds_2,2022-23,2292953,15,2022-11-05 15:00:00,"Elland Road, Leeds",36304.0,Home,Leeds,Bournemouth,W,362.0,13.0,25.0,1.0,1.0,1.0,,2.0,10.0,8.0,10.0,,13.0,8.0,53.0,65.0,14.0,,,,,,,64.0,16.0,9.0,2.0,4.0,3,3.0,4,2,1,,6.0,9.0,4.0,2.0,,48.0,1.0,150.0,60.9,0.0,0,0,2.0,6.0,15.0,14.0,,443.0,18.0,26.0,30.0,13.0,17.0,0.0
Leeds_2,2022-23,2292967,16,2022-11-12 15:00:00,"Tottenham Hotspur Stadium, London",61667.0,Away,Leeds,Spurs,L,366.0,14.0,13.0,,3.0,4.0,1.0,3.0,9.0,5.0,12.0,,2.0,7.0,45.0,42.0,24.0,,,,,,,67.0,7.0,8.0,3.0,3.0,4,4.0,3,1,2,,6.0,9.0,5.0,4.0,,14.0,,142.0,45.3,0.0,0,1,3.0,2.0,9.0,24.0,1.0,464.0,12.0,19.0,17.0,2.0,10.0,0.0
Leeds_2,2022-23,2292976,17,2022-12-28 20:00:00,"Elland Road, Leeds",36889.0,Home,Leeds,Man City,L,225.0,7.0,5.0,,,,,,13.0,4.0,8.0,,3.0,7.0,39.0,38.0,19.0,1.0,,,,,,30.0,11.0,14.0,1.0,1.0,3,3.0,1,1,0,,4.0,2.0,1.0,5.0,,17.0,,123.0,31.0,0.0,0,0,6.0,4.0,5.0,19.0,,307.0,9.0,13.0,18.0,3.0,6.0,0.0
Leeds_2,2022-23,2292985,18,2022-12-31 15:00:00,"St. James' Park, Newcastle",52211.0,Away,Leeds,Newcastle,D,189.0,15.0,12.0,,,,,,13.0,4.0,9.0,1.0,3.0,6.0,59.0,59.0,23.0,,,,,,,52.0,19.0,11.0,,,0,,0,0,0,,10.0,4.0,1.0,2.0,,18.0,,150.0,41.0,0.0,0,0,5.0,3.0,7.0,23.0,,297.0,8.0,32.0,11.0,3.0,18.0,0.0
Leeds_2,2022-23,2292996,19,2023-01-04 19:45:00,"Elland Road, Leeds",36173.0,Home,Leeds,West Ham,D,378.0,25.0,23.0,,2.0,1.0,1.0,1.0,9.0,2.0,3.0,,8.0,14.0,58.0,65.0,21.0,1.0,,,,,,38.0,11.0,18.0,2.0,2.0,2,2.0,2,1,1,,13.0,8.0,6.0,2.0,,29.0,,161.0,63.3,0.0,0,0,,6.0,11.0,21.0,3.0,476.0,14.0,19.0,23.0,8.0,13.0,0.0
Leeds_2,2022-23,2293000,20,2023-01-13 20:00:00,"Villa Park, Birmingham",42008.0,Away,Leeds,Aston Villa,L,248.0,16.0,11.0,,2.0,3.0,4.0,1.0,13.0,8.0,8.0,,11.0,14.0,70.0,56.0,7.0,,,,,,,57.0,18.0,12.0,1.0,1.0,2,2.0,1,1,0,1.0,12.0,9.0,4.0,2.0,,40.0,,189.0,46.6,0.0,0,0,3.0,4.0,12.0,7.0,5.0,357.0,16.0,27.0,35.0,11.0,14.0,0.0
Leeds_2,2022-23,2293014,21,2023-01-22 14:00:00,"Elland Road, Leeds",36260.0,Home,Leeds,Brentford,D,369.0,18.0,18.0,,,,,,16.0,3.0,7.0,1.0,2.0,9.0,49.0,60.0,18.0,,,,,,,64.0,10.0,18.0,,,0,,0,0,0,,7.0,7.0,5.0,1.0,,38.0,,176.0,58.5,0.0,0,0,,1.0,7.0,18.0,1.0,501.0,9.0,17.0,19.0,2.0,8.0,0.0
Leeds_2,2022-23,2293027,22,2023-02-05 14:00:00,"The City Ground, Nottingham",29363.0,Away,Leeds,Nott'm Forest,L,438.0,28.0,30.0,,3.0,1.0,1.0,,7.0,3.0,9.0,,2.0,14.0,77.0,72.0,10.0,,,,,,,86.0,14.0,14.0,,,1,1.0,0,1,0,,2.0,6.0,4.0,2.0,,36.0,,212.0,69.9,0.0,0,0,1.0,3.0,9.0,10.0,3.0,585.0,10.0,19.0,21.0,2.0,14.0,0.0
Leeds_2,2022-23,2293034,23,2023-02-12 14:00:00,"Elland Road, Leeds",36919.0,Home,Leeds,Man Utd,L,170.0,12.0,16.0,,3.0,1.0,2.0,,12.0,6.0,9.0,,7.0,21.0,61.0,61.0,14.0,,1.0,,,,,48.0,10.0,13.0,,,2,2.0,0,0,0,,10.0,6.0,6.0,1.0,,29.0,,144.0,33.0,0.0,0,0,3.0,4.0,9.0,14.0,3.0,251.0,16.0,23.0,23.0,7.0,13.0,0.0
Leeds_2,2022-23,2293044,24,2023-02-18 15:00:00,"Goodison Park, Liverpool",39232.0,Away,Leeds,Everton,L,276.0,18.0,20.0,,,1.0,1.0,,10.0,4.0,16.0,,4.0,10.0,63.0,62.0,18.0,1.0,,,,,,61.0,6.0,8.0,,,1,1.0,0,0,0,,11.0,4.0,,4.0,,31.0,,179.0,50.0,0.0,0,0,3.0,4.0,7.0,18.0,,400.0,8.0,24.0,14.0,4.0,14.0,0.0
Leeds_2,2022-23,2293054,25,2023-02-25 15:00:00,"Elland Road, Leeds",36641.0,Home,Leeds,Southampton,W,440.0,11.0,12.0,,,,,,11.0,4.0,10.0,1.0,9.0,13.0,61.0,55.0,12.0,,,,,,,57.0,15.0,13.0,1.0,1.0,0,,1,0,0,,8.0,7.0,4.0,3.0,,36.0,,150.0,60.6,0.0,0,0,2.0,6.0,9.0,12.0,2.0,520.0,14.0,23.0,39.0,9.0,15.0,0.0
Leeds_2,2022-23,2293064,26,2023-03-04 15:00:00,"Stamford Bridge, London",39905.0,Away,Leeds,Chelsea,L,337.0,14.0,16.0,,2.0,,,,7.0,3.0,11.0,,7.0,17.0,58.0,61.0,13.0,,,,,,,45.0,7.0,11.0,,,1,1.0,0,0,0,,12.0,4.0,2.0,2.0,,22.0,,152.0,42.8,0.0,0,0,2.0,6.0,7.0,13.0,2.0,425.0,11.0,23.0,21.0,7.0,15.0,0.0
Leeds_2,2022-23,2293074,27,2023-03-11 15:00:00,"Elland Road, Leeds",36471.0,Home,Leeds,Brighton,D,310.0,12.0,5.0,,,,,,13.0,5.0,14.0,,4.0,17.0,62.0,35.0,26.0,,,,,,,34.0,12.0,9.0,2.0,2.0,2,2.0,2,1,1,,21.0,7.0,4.0,3.0,,21.0,,125.0,38.0,0.0,0,0,2.0,3.0,10.0,26.0,3.0,378.0,12.0,14.0,25.0,4.0,10.0,0.0
Leeds_2,2022-23,2293089,28,2023-03-18 15:00:00,"Molineux Stadium, Wolverhampton",31570.0,Away,Leeds,Wolves,W,199.0,16.0,11.0,,,2.0,,2.0,11.0,2.0,10.0,,4.0,8.0,55.0,52.0,34.0,1.0,1.0,,,,,44.0,9.0,13.0,3.0,4.0,2,2.0,4,0,1,,9.0,5.0,4.0,5.0,,14.0,,150.0,34.1,0.0,2,0,6.0,5.0,7.0,34.0,,294.0,11.0,21.0,17.0,4.0,14.0,0.0
Leeds_2,2022-23,2293091,29,2023-04-01 15:00:00,"Emirates Stadium, London",60283.0,Away,Leeds,Arsenal,L,220.0,20.0,12.0,,,,,,11.0,1.0,13.0,,3.0,9.0,60.0,50.0,13.0,,1.0,,,,,51.0,13.0,11.0,,1.0,4,4.0,1,1,0,,13.0,4.0,5.0,6.0,,15.0,,125.0,32.9,0.0,0,0,1.0,1.0,5.0,13.0,1.0,307.0,7.0,21.0,16.0,3.0,12.0,0.0
Leeds_2,2022-23,2293103,30,2023-04-09 14:00:00,"Elland Road, Leeds",36427.0,Home,Leeds,Crystal Palace,L,305.0,23.0,16.0,,1.0,1.0,1.0,,10.0,,33.0,,2.0,17.0,89.0,65.0,23.0,,,,,,,62.0,11.0,8.0,1.0,1.0,5,5.0,1,1,1,,13.0,6.0,7.0,4.0,,31.0,,161.0,48.0,0.0,0,0,2.0,4.0,8.0,23.0,2.0,403.0,11.0,34.0,22.0,2.0,19.0,0.0
Leeds_2,2022-23,2293113,31,2023-04-17 20:00:00,"Elland Road, Leeds",36657.0,Home,Leeds,Liverpool,L,204.0,9.0,10.0,,1.0,1.0,1.0,1.0,7.0,3.0,12.0,,4.0,10.0,48.0,45.0,17.0,,,,,,,33.0,6.0,11.0,,1.0,6,6.0,1,2,0,1.0,11.0,5.0,3.0,2.0,,20.0,,142.0,26.4,0.0,0,0,1.0,7.0,10.0,17.0,1.0,296.0,13.0,13.0,14.0,4.0,7.0,0.0
Leeds_2,2022-23,2293125,32,2023-04-22 12:30:00,"Craven Cottage, London",24356.0,Away,Leeds,Fulham,L,284.0,16.0,22.0,,1.0,,1.0,,8.0,4.0,16.0,,6.0,12.0,66.0,61.0,28.0,,,,,,,59.0,15.0,10.0,,1.0,2,2.0,1,0,0,,14.0,5.0,2.0,4.0,,28.0,,162.0,50.7,0.0,0,0,3.0,4.0,6.0,28.0,2.0,392.0,10.0,24.0,16.0,6.0,12.0,0.0
Leeds_2,2022-23,2293132,33,2023-04-25 20:00:00,"Elland Road, Leeds",36666.0,Home,Leeds,Leicester,D,197.0,18.0,16.0,,1.0,3.0,2.0,1.0,10.0,4.0,10.0,,3.0,11.0,63.0,58.0,25.0,,2.0,,,,,61.0,14.0,15.0,1.0,1.0,1,1.0,1,0,1,,11.0,4.0,3.0,6.0,,23.0,,163.0,40.8,0.0,0,0,2.0,6.0,8.0,25.0,4.0,307.0,13.0,22.0,13.0,3.0,11.0,0.0
Leeds_2,2022-23,2293140,34,2023-04-30 14:00:00,"Vitality Stadium, Bournemouth",10434.0,Away,Leeds,Bournemouth,L,402.0,12.0,23.0,,1.0,1.0,,1.0,11.0,2.0,11.0,,5.0,16.0,61.0,66.0,14.0,2.0,,,,,,70.0,14.0,11.0,1.0,1.0,4,4.0,1,2,1,,6.0,5.0,6.0,3.0,,27.0,,155.0,57.9,0.0,0,0,3.0,7.0,10.0,14.0,1.0,500.0,15.0,19.0,28.0,6.0,8.0,0.0
Leeds_2,2022-23,2293154,35,2023-05-06 15:00:00,"Etihad Stadium, Manchester",53406.0,Away,Leeds,Man City,L,120.0,13.0,12.0,,,,,,10.0,1.0,14.0,,1.0,5.0,49.0,26.0,27.0,,1.0,,,,,36.0,16.0,3.0,,1.0,2,2.0,1,2,0,,4.0,2.0,2.0,2.0,,16.0,,113.0,19.1,0.0,0,0,4.0,1.0,3.0,27.0,3.0,201.0,4.0,10.0,5.0,1.0,5.0,0.0
Leeds_2,2022-23,2293166,36,2023-05-13 12:30:00,"Elland Road, Leeds",36955.0,Home,Leeds,Newcastle,D,163.0,18.0,11.0,,1.0,,1.0,1.0,11.0,2.0,18.0,,2.0,13.0,71.0,50.0,26.0,,,,,,,54.0,16.0,13.0,,2.0,2,2.0,2,1,1,,15.0,1.0,4.0,6.0,,22.0,1.0,131.0,36.1,0.0,0,1,3.0,3.0,4.0,26.0,,253.0,9.0,23.0,18.0,2.0,12.0,0.0
Leeds_2,2022-23,2293178,37,2023-05-21 13:30:00,"London Stadium, London",62478.0,Away,Leeds,West Ham,L,255.0,34.0,12.0,,1.0,,,,16.0,3.0,11.0,,5.0,4.0,66.0,45.0,21.0,,,,,,,73.0,11.0,6.0,1.0,1.0,3,3.0,1,1,1,,6.0,5.0,3.0,6.0,,44.0,,147.0,41.2,0.0,0,0,6.0,6.0,9.0,21.0,1.0,350.0,12.0,23.0,26.0,5.0,14.0,0.0
Leeds_2,2022-23,2293186,38,2023-05-28 16:30:00,"Elland Road, Leeds",36871.0,Home,Leeds,Spurs,L,341.0,25.0,30.0,,,1.0,1.0,,12.0,10.0,13.0,,12.0,19.0,71.0,62.0,6.0,1.0,,,,,,81.0,8.0,5.0,1.0,1.0,4,4.0,1,1,0,,9.0,7.0,2.0,1.0,,59.0,,178.0,52.1,0.0,0,0,3.0,7.0,12.0,6.0,1.0,441.0,19.0,22.0,44.0,12.0,12.0,0.0
Leicester_13,2022-23,2292815,1,2022-08-07 14:00:00,"King Power Stadium, Leicester",31794,Home,Leicester,Brentford,D,510.0,15.0,14.0,,1.0,,,,4.0,3.0,4.0,,5.0,4.0,35.0,40.0,12.0,,,,,,,71.0,6.0,5.0,2.0,2.0,2,2.0,2,0,1,2.0,10.0,7.0,5.0,1.0,,24.0,,117.0,55.4,0.0,0,0,1.0,6.0,11.0,12.0,2.0,580.0,14.0,13.0,13.0,5.0,9.0,0.0
Leicester_13,2022-23,2292820,2,2022-08-13 15:00:00,"Emirates Stadium, London",60033,Away,Leicester,Arsenal,L,383.0,19.0,14.0,,,1.0,1.0,,7.0,1.0,11.0,,2.0,3.0,47.0,44.0,16.0,1.0,,,,,,60.0,9.0,15.0,1.0,2.0,4,4.0,2,2,0,,8.0,3.0,2.0,4.0,,14.0,,119.0,50.1,0.0,0,0,4.0,3.0,5.0,16.0,3.0,472.0,6.0,12.0,12.0,2.0,7.0,0.0
Leicester_13,2022-23,2292835,3,2022-08-20 15:00:00,"King Power Stadium, Leicester",30850,Home,Leicester,Southampton,L,454.0,20.0,17.0,,,,,,17.0,2.0,13.0,,2.0,14.0,63.0,55.0,20.0,,,,,,,67.0,11.0,14.0,,1.0,2,2.0,1,0,0,,6.0,1.0,1.0,1.0,,21.0,,155.0,62.0,0.0,0,0,1.0,3.0,3.0,20.0,,556.0,6.0,15.0,20.0,2.0,11.0,0.0
Leicester_13,2022-23,2292844,4,2022-08-27 15:00:00,"Stamford Bridge, London",39953,Away,Leicester,Chelsea,L,456.0,18.0,17.0,,,4.0,4.0,,18.0,5.0,6.0,,11.0,11.0,48.0,48.0,14.0,,,,,,,54.0,7.0,9.0,1.0,1.0,2,2.0,1,0,0,1.0,7.0,9.0,5.0,2.0,,39.0,,133.0,54.9,0.0,1,0,2.0,7.0,16.0,14.0,1.0,524.0,17.0,17.0,28.0,11.0,10.0,0.0
Leicester_13,2022-23,2292855,5,2022-09-01 20:00:00,"King Power Stadium, Leicester",32226,Home,Leicester,Man Utd,L,487.0,16.0,18.0,,1.0,1.0,1.0,,8.0,3.0,8.0,,1.0,9.0,46.0,59.0,16.0,,,,,,,77.0,7.0,15.0,,,1,1.0,0,1,0,,17.0,3.0,2.0,2.0,,19.0,,150.0,53.9,0.0,0,0,1.0,5.0,7.0,16.0,,595.0,10.0,21.0,10.0,1.0,13.0,0.0
Leicester_13,2022-23,2292862,6,2022-09-04 14:00:00,"American Express Stadium, Falmer",31185,Away,Leicester,Brighton,L,360.0,10.0,11.0,,,2.0,,2.0,3.0,1.0,11.0,,1.0,13.0,46.0,36.0,27.0,,1.0,,,,,43.0,8.0,6.0,2.0,2.0,5,5.0,2,2,2,,12.0,4.0,4.0,5.0,1.0,12.0,,117.0,46.5,0.0,0,0,7.0,1.0,5.0,27.0,3.0,436.0,6.0,13.0,10.0,1.0,8.0,0.0
Leicester_13,2022-23,2292875,7,2023-04-04 19:45:00,"King Power Stadium, Leicester",32087,Home,Leicester,Aston Villa,L,216.0,10.0,6.0,,1.0,2.0,1.0,1.0,8.0,1.0,11.0,,4.0,2.0,38.0,42.0,10.0,1.0,,,,,,29.0,10.0,14.0,1.0,1.0,2,2.0,1,1,1,1.0,15.0,4.0,4.0,5.0,,22.0,,106.0,35.9,0.0,0,1,3.0,4.0,6.0,10.0,2.0,290.0,9.0,19.0,14.0,4.0,13.0,0.0
Leicester_13,2022-23,2292888,8,2022-09-17 17:30:00,"Tottenham Hotspur Stadium, London",61450,Away,Leicester,Spurs,L,552.0,12.0,10.0,1.0,,1.0,1.0,1.0,9.0,5.0,9.0,,1.0,9.0,43.0,37.0,11.0,1.0,,,,,,94.0,9.0,8.0,1.0,2.0,6,6.0,2,2,2,,8.0,10.0,7.0,3.0,,18.0,1.0,117.0,56.3,0.0,0,0,5.0,7.0,15.0,11.0,,632.0,19.0,16.0,23.0,1.0,12.0,0.0
Leicester_13,2022-23,2292895,9,2022-10-03 20:00:00,"King Power Stadium, Leicester",32202,Home,Leicester,Nott'm Forest,W,416.0,11.0,12.0,,1.0,2.0,2.0,,10.0,3.0,11.0,1.0,6.0,6.0,46.0,39.0,17.0,,,,,,,59.0,13.0,11.0,2.0,4.0,0,,4,0,3,,14.0,8.0,7.0,2.0,,21.0,,121.0,51.6,0.0,0,0,3.0,7.0,12.0,17.0,3.0,492.0,17.0,11.0,23.0,6.0,7.0,0.0
Leicester_13,2022-23,2292900,10,2022-10-08 15:00:00,"Vitality Stadium, Bournemouth",10272,Away,Leicester,Bournemouth,L,475.0,7.0,19.0,,,1.0,1.0,,7.0,2.0,10.0,,2.0,9.0,46.0,64.0,23.0,,,,,,,50.0,16.0,7.0,,1.0,2,2.0,1,0,1,,6.0,5.0,5.0,4.0,,25.0,,119.0,55.8,0.0,0,0,2.0,2.0,7.0,23.0,,551.0,9.0,32.0,25.0,2.0,22.0,0.0
Leicester_13,2022-23,2292914,11,2022-10-15 12:30:00,"King Power Stadium, Leicester",31298,Home,Leicester,Crystal Palace,D,493.0,13.0,9.0,,1.0,1.0,1.0,,8.0,4.0,11.0,1.0,9.0,5.0,53.0,51.0,12.0,,,,,,,64.0,18.0,12.0,,,0,,0,0,0,,11.0,7.0,5.0,2.0,,36.0,,137.0,53.1,0.0,0,0,1.0,5.0,10.0,12.0,2.0,579.0,14.0,25.0,33.0,9.0,12.0,0.0
Leicester_13,2022-23,2292926,12,2022-10-20 20:15:00,"King Power Stadium, Leicester",30814,Home,Leicester,Leeds,W,361.0,12.0,6.0,,,1.0,,1.0,22.0,3.0,4.0,1.0,2.0,17.0,60.0,48.0,19.0,,,,,,,56.0,15.0,11.0,1.0,2.0,0,,2,0,2,,5.0,3.0,1.0,3.0,,11.0,,160.0,46.8,0.0,0,0,2.0,1.0,4.0,19.0,4.0,461.0,5.0,26.0,13.0,2.0,14.0,0.0
Leicester_13,2022-23,2292939,13,2022-10-23 14:00:00,"Molineux Stadium, Wolverhampton",31425,Away,Leicester,Wolves,W,252.0,17.0,9.0,,2.0,2.0,,2.0,11.0,,14.0,1.0,2.0,8.0,52.0,45.0,22.0,,,,,,,43.0,12.0,10.0,3.0,4.0,0,,4,0,2,,8.0,3.0,4.0,9.0,,18.0,,124.0,39.1,0.0,0,0,5.0,1.0,4.0,22.0,3.0,347.0,5.0,22.0,21.0,2.0,8.0,0.0
Leicester_13,2022-23,2292946,14,2022-10-29 12:30:00,"King Power Stadium, Leicester",32223,Home,Leicester,Man City,L,309.0,13.0,11.0,,2.0,1.0,1.0,,18.0,1.0,3.0,,3.0,4.0,28.0,36.0,14.0,,,,,,,39.0,5.0,10.0,,,1,1.0,0,0,0,1.0,3.0,4.0,5.0,4.0,,12.0,,101.0,35.7,0.0,0,0,4.0,4.0,8.0,14.0,,385.0,10.0,12.0,15.0,3.0,9.0,0.0
Leicester_13,2022-23,2292952,15,2022-11-05 17:30:00,"Goodison Park, Liverpool",39206,Away,Leicester,Everton,W,450.0,19.0,6.0,,,3.0,3.0,,8.0,7.0,3.0,1.0,3.0,9.0,41.0,33.0,25.0,,,,,,,50.0,5.0,8.0,2.0,2.0,0,,2,0,1,1.0,11.0,11.0,8.0,4.0,,26.0,,120.0,51.6,0.0,0,0,2.0,7.0,18.0,25.0,1.0,527.0,22.0,13.0,32.0,3.0,8.0,0.0
Leicester_13,2022-23,2292968,16,2022-11-12 15:00:00,"London Stadium, London",62459,Away,Leicester,West Ham,W,330.0,21.0,12.0,,,1.0,1.0,1.0,8.0,1.0,9.0,1.0,2.0,9.0,56.0,44.0,26.0,,,,,,,35.0,8.0,9.0,2.0,2.0,0,,2,0,1,,20.0,6.0,6.0,3.0,,15.0,1.0,139.0,46.4,0.0,0,0,6.0,2.0,8.0,26.0,,422.0,9.0,19.0,11.0,2.0,9.0,0.0
Leicester_13,2022-23,2292977,17,2022-12-26 15:00:00,"King Power Stadium, Leicester",32185,Home,Leicester,Newcastle,L,472.0,19.0,11.0,,,,,,9.0,4.0,11.0,,5.0,2.0,51.0,47.0,13.0,,,,,,,64.0,9.0,6.0,,,3,3.0,0,3,0,,11.0,4.0,2.0,3.0,,27.0,,158.0,60.1,0.0,0,0,2.0,2.0,6.0,13.0,3.0,575.0,8.0,24.0,25.0,5.0,16.0,0.0
Leicester_13,2022-23,2292983,18,2022-12-30 20:00:00,"Anfield, Liverpool",53343,Away,Leicester,Liverpool,L,352.0,7.0,8.0,,,3.0,2.0,1.0,8.0,2.0,7.0,,5.0,6.0,47.0,37.0,20.0,,1.0,,,,,41.0,15.0,8.0,1.0,1.0,2,2.0,1,2,1,,10.0,4.0,2.0,6.0,2.0,23.0,,145.0,43.0,0.0,0,0,5.0,3.0,6.0,20.0,5.0,448.0,7.0,14.0,15.0,5.0,5.0,0.0
Leicester_13,2022-23,2292997,19,2023-01-03 19:45:00,"King Power Stadium, Leicester",30813,Home,Leicester,Fulham,L,458.0,10.0,13.0,,,3.0,3.0,,10.0,3.0,11.0,,6.0,9.0,46.0,48.0,15.0,,,,,,,66.0,12.0,11.0,,,1,1.0,0,1,0,1.0,13.0,6.0,6.0,2.0,,43.0,,149.0,61.4,0.0,0,0,1.0,6.0,10.0,15.0,,560.0,15.0,17.0,26.0,6.0,14.0,0.0
Leicester_13,2022-23,2293007,20,2023-01-14 15:00:00,"The City Ground, Nottingham",29301,Away,Leicester,Nott'm Forest,L,452.0,13.0,11.0,,,2.0,2.0,,10.0,2.0,13.0,,5.0,10.0,51.0,38.0,15.0,,,,,,,66.0,12.0,11.0,,,2,2.0,0,0,0,,5.0,3.0,1.0,6.0,,34.0,,153.0,61.2,0.0,0,0,3.0,3.0,6.0,15.0,1.0,547.0,6.0,12.0,10.0,5.0,7.0,0.0
Leicester_13,2022-23,2293015,21,2023-01-21 15:00:00,"King Power Stadium, Leicester",32056,Home,Leicester,Brighton,D,293.0,8.0,12.0,,,,,2.0,14.0,5.0,8.0,,5.0,7.0,36.0,40.0,18.0,,,,,,,34.0,9.0,9.0,,2.0,2,2.0,2,1,1,,9.0,3.0,2.0,2.0,,13.0,,109.0,36.6,0.0,0,0,2.0,2.0,5.0,18.0,,369.0,9.0,16.0,12.0,5.0,11.0,0.0
Leicester_13,2022-23,2293020,22,2023-02-04 15:00:00,"Villa Park, Birmingham",42055,Away,Leicester,Aston Villa,W,249.0,12.0,10.0,,,4.0,1.0,4.0,8.0,,11.0,,3.0,5.0,42.0,56.0,29.0,,,,,,,44.0,10.0,10.0,3.0,4.0,2,2.0,4,2,3,,9.0,4.0,5.0,9.0,1.0,17.0,,124.0,36.8,0.0,0,0,3.0,4.0,8.0,29.0,8.0,333.0,9.0,23.0,15.0,3.0,16.0,0.0
Leicester_13,2022-23,2293035,23,2023-02-11 15:00:00,"King Power Stadium, Leicester",32184,Home,Leicester,Spurs,W,356.0,26.0,10.0,,1.0,2.0,1.0,1.0,11.0,2.0,15.0,,1.0,6.0,65.0,56.0,8.0,1.0,,,,,,43.0,14.0,9.0,3.0,4.0,1,1.0,4,1,3,,12.0,7.0,7.0,1.0,,12.0,,135.0,48.9,0.0,0,0,3.0,6.0,12.0,8.0,2.0,454.0,15.0,27.0,22.0,1.0,17.0,0.0
Leicester_13,2022-23,2293045,24,2023-02-19 14:00:00,"Old Trafford, Manchester",73578,Away,Leicester,Man Utd,L,351.0,16.0,7.0,,1.0,2.0,2.0,,17.0,7.0,21.0,,6.0,9.0,68.0,50.0,14.0,,,,,,,43.0,9.0,9.0,,,3,3.0,0,1,0,,10.0,7.0,3.0,8.0,,19.0,,143.0,43.1,0.0,0,0,5.0,9.0,15.0,14.0,1.0,433.0,19.0,26.0,29.0,6.0,14.0,0.0
Leicester_13,2022-23,2293055,25,2023-02-25 15:00:00,"King Power Stadium, Leicester",32227,Home,Leicester,Arsenal,L,217.0,18.0,16.0,,,,,,19.0,,10.0,,,8.0,52.0,49.0,20.0,,,,,,,43.0,14.0,9.0,,,1,1.0,0,0,0,,6.0,,,5.0,,10.0,,143.0,34.1,0.0,0,0,1.0,1.0,1.0,20.0,4.0,315.0,1.0,12.0,14.0,,8.0,0.0
Leicester_13,2022-23,2293068,26,2023-03-04 17:30:00,"St. Mary's Stadium, Southampton",30139,Away,Leicester,Southampton,L,486.0,12.0,26.0,,1.0,3.0,3.0,,5.0,4.0,9.0,,4.0,9.0,52.0,69.0,10.0,,1.0,,,,,83.0,11.0,12.0,,,1,1.0,0,1,0,1.0,10.0,3.0,,3.0,,30.0,,185.0,65.1,0.0,0,0,4.0,7.0,9.0,10.0,2.0,615.0,11.0,22.0,34.0,4.0,14.0,0.0
Leicester_13,2022-23,2293075,27,2023-03-11 15:00:00,"King Power Stadium, Leicester",32170,Home,Leicester,Chelsea,L,429.0,10.0,19.0,,1.0,3.0,3.0,,11.0,6.0,9.0,,2.0,14.0,52.0,62.0,10.0,,,,,,,61.0,10.0,10.0,1.0,1.0,3,3.0,1,2,1,1.0,15.0,11.0,7.0,3.0,,26.0,,133.0,48.4,0.0,0,1,3.0,4.0,14.0,10.0,,517.0,17.0,15.0,23.0,2.0,11.0,0.0
Leicester_13,2022-23,2293082,28,2023-03-18 15:00:00,"Gtech Community Stadium, Brentford",17006,Away,Leicester,Brentford,D,355.0,16.0,15.0,,,1.0,1.0,1.0,12.0,7.0,13.0,,4.0,12.0,62.0,51.0,30.0,,,,,,,52.0,11.0,10.0,1.0,1.0,1,1.0,1,1,0,,14.0,5.0,1.0,7.0,,23.0,,137.0,47.1,0.0,1,0,1.0,6.0,10.0,30.0,3.0,443.0,14.0,12.0,21.0,4.0,5.0,0.0
Leicester_13,2022-23,2293094,29,2023-04-01 15:00:00,"Selhurst Park, London",25143,Away,Leicester,Crystal Palace,L,345.0,15.0,17.0,,,,,,7.0,1.0,9.0,,1.0,7.0,52.0,56.0,31.0,,1.0,,,,,54.0,16.0,11.0,1.0,1.0,2,2.0,1,0,0,1.0,14.0,3.0,2.0,14.0,1.0,11.0,,141.0,49.0,0.0,0,0,8.0,,3.0,31.0,2.0,445.0,3.0,24.0,9.0,1.0,12.0,0.0
Leicester_13,2022-23,2293104,30,2023-04-08 15:00:00,"King Power Stadium, Leicester",32094,Home,Leicester,Bournemouth,L,319.0,20.0,18.0,,2.0,1.0,1.0,,8.0,2.0,7.0,,6.0,5.0,45.0,58.0,27.0,1.0,,,,,,50.0,10.0,13.0,,,1,1.0,0,1,0,,4.0,4.0,4.0,8.0,,35.0,,146.0,50.8,0.0,0,0,6.0,8.0,9.0,27.0,3.0,423.0,14.0,19.0,19.0,6.0,8.0,0.0
Leicester_13,2022-23,2293114,31,2023-04-15 17:30:00,"Etihad Stadium, Manchester",53329,Away,Leicester,Man City,L,254.0,7.0,15.0,,1.0,1.0,2.0,1.0,5.0,3.0,13.0,,2.0,6.0,38.0,43.0,25.0,,,,,,,27.0,8.0,8.0,,1.0,3,3.0,1,3,0,1.0,6.0,5.0,4.0,3.0,,12.0,,90.0,29.4,0.0,0,0,1.0,4.0,9.0,25.0,3.0,317.0,11.0,10.0,21.0,2.0,7.0,0.0
Leicester_13,2022-23,2293126,32,2023-04-22 15:00:00,"King Power Stadium, Leicester",32053,Home,Leicester,Wolves,W,270.0,17.0,21.0,1.0,2.0,1.0,2.0,1.0,9.0,3.0,16.0,,1.0,8.0,62.0,71.0,24.0,1.0,,,,,,54.0,17.0,16.0,1.0,2.0,1,1.0,2,1,1,,8.0,7.0,8.0,6.0,,21.0,1.0,137.0,41.8,0.0,0,0,2.0,4.0,9.0,24.0,1.0,364.0,15.0,22.0,21.0,1.0,12.0,0.0
Leicester_13,2022-23,2293132,33,2023-04-25 20:00:00,"Elland Road, Leeds",36666,Away,Leicester,Leeds,D,325.0,16.0,18.0,,1.0,3.0,2.0,1.0,9.0,6.0,5.0,,6.0,18.0,58.0,63.0,14.0,,1.0,,,,,66.0,15.0,14.0,1.0,1.0,1,1.0,1,1,0,,5.0,6.0,3.0,4.0,,28.0,,185.0,59.2,0.0,0,0,2.0,6.0,11.0,14.0,6.0,445.0,15.0,21.0,25.0,6.0,13.0,0.0
Leicester_13,2022-23,2293146,34,2023-05-01 20:00:00,"King Power Stadium, Leicester",32173,Home,Leicester,Everton,D,335.0,33.0,30.0,,1.0,3.0,3.0,1.0,4.0,5.0,10.0,,2.0,12.0,67.0,77.0,34.0,,,,,,,65.0,10.0,11.0,2.0,2.0,2,2.0,2,1,2,1.0,6.0,9.0,6.0,6.0,,20.0,1.0,164.0,55.3,0.0,0,0,6.0,4.0,12.0,34.0,6.0,452.0,15.0,19.0,22.0,2.0,10.0,0.0
Leicester_13,2022-23,2293152,35,2023-05-08 15:00:00,"Craven Cottage, London",24442,Away,Leicester,Fulham,L,292.0,16.0,9.0,1.0,2.0,2.0,2.0,3.0,13.0,5.0,4.0,,7.0,10.0,57.0,51.0,4.0,,,,,,,49.0,15.0,11.0,2.0,3.0,5,5.0,3,3,0,,13.0,8.0,9.0,4.0,,20.0,2.0,140.0,42.9,0.0,0,0,2.0,4.0,10.0,4.0,4.0,380.0,18.0,14.0,21.0,7.0,8.0,0.0
Leicester_13,2022-23,2293167,36,2023-05-15 20:00:00,"King Power Stadium, Leicester",32225,Home,Leicester,Liverpool,L,230.0,11.0,12.0,,,1.0,1.0,,8.0,,14.0,,4.0,6.0,54.0,74.0,16.0,,,,,,,56.0,11.0,17.0,,,3,3.0,0,2,0,,14.0,3.0,4.0,5.0,,10.0,,151.0,33.1,0.0,0,0,2.0,,3.0,16.0,3.0,331.0,4.0,36.0,9.0,4.0,17.0,0.0
Leicester_13,2022-23,2293175,37,2023-05-22 20:00:00,"St. James' Park, Newcastle",52152,Away,Leicester,Newcastle,D,123.0,19.0,13.0,,1.0,,,,9.0,,9.0,1.0,1.0,4.0,39.0,46.0,45.0,,1.0,,,,,41.0,5.0,9.0,,,0,,0,0,0,,5.0,1.0,1.0,7.0,,14.0,,106.0,22.4,0.0,0,0,3.0,,1.0,45.0,,209.0,1.0,17.0,5.0,1.0,8.0,0.0
Leicester_13,2022-23,2293187,38,2023-05-28 16:30:00,"King Power Stadium, Leicester",32183,Home,Leicester,West Ham,W,475.0,5.0,11.0,,1.0,2.0,1.0,2.0,9.0,3.0,6.0,,3.0,8.0,36.0,39.0,17.0,,,,,,,66.0,8.0,9.0,2.0,2.0,1,1.0,2,0,1,1.0,7.0,7.0,4.0,4.0,,15.0,,109.0,48.2,0.0,0,0,2.0,6.0,11.0,17.0,2.0,541.0,13.0,11.0,22.0,3.0,7.0,0.0
Liverpool_14,2022-23,2292813,1,2022-08-06 12:30:00,"Craven Cottage, London",25000.0,Away,Liverpool,Fulham,D,473.0,23.0,13.0,,,3.0,2.0,2.0,19.0,2.0,5.0,,4.0,14.0,61.0,35.0,14.0,,,,,,,74.0,9.0,7.0,1.0,2.0,2,2.0,2,1,0,2.0,10.0,4.0,4.0,4.0,,44.0,,203.0,66.9,0.0,0,0,1.0,5.0,8.0,14.0,4.0,612.0,11.0,11.0,34.0,4.0,9.0,0.0
Liverpool_14,2022-23,2292825,2,2022-08-15 20:00:00,"Anfield, Liverpool",52970.0,Home,Liverpool,Crystal Palace,D,645.0,16.0,9.0,,1.0,3.0,3.0,,14.0,10.0,13.0,,4.0,12.0,59.0,46.0,8.0,,,,,,,97.0,7.0,7.0,1.0,1.0,1,1.0,1,1,0,1.0,13.0,12.0,4.0,,,60.0,,160.0,72.6,0.0,0,1,2.0,10.0,20.0,8.0,3.0,741.0,24.0,20.0,45.0,4.0,15.0,0.0
Liverpool_14,2022-23,2292836,3,2022-08-22 20:00:00,"Old Trafford, Manchester",,Away,Liverpool,Man Utd,L,540.0,14.0,20.0,,,1.0,1.0,,22.0,5.0,11.0,,8.0,21.0,56.0,53.0,7.0,,,,,,,66.0,7.0,10.0,,1.0,2,2.0,1,1,0,,6.0,7.0,5.0,3.0,,43.0,,165.0,70.5,0.0,0,0,3.0,7.0,13.0,7.0,2.0,645.0,17.0,13.0,47.0,8.0,11.0,0.0
Liverpool_14,2022-23,2292845,4,2022-08-27 15:00:00,"Anfield, Liverpool",53328.0,Home,Liverpool,Bournemouth,W,589.0,14.0,18.0,,,3.0,3.0,3.0,22.0,1.0,6.0,1.0,8.0,8.0,46.0,45.0,3.0,,,,,,,93.0,6.0,5.0,6.0,9.0,0,,9,0,5,,9.0,10.0,12.0,1.0,,44.0,,136.0,69.4,0.0,0,0,2.0,6.0,15.0,3.0,3.0,681.0,19.0,12.0,50.0,8.0,10.0,0.0
Liverpool_14,2022-23,2292857,5,2022-08-31 20:00:00,"Anfield, Liverpool",53316.0,Home,Liverpool,Newcastle,W,523.0,22.0,15.0,,2.0,1.0,1.0,,15.0,9.0,6.0,,13.0,10.0,58.0,43.0,4.0,,,,,,,83.0,9.0,10.0,2.0,2.0,1,1.0,2,1,0,,6.0,12.0,6.0,,,59.0,,172.0,71.8,0.0,0,0,1.0,8.0,17.0,4.0,2.0,625.0,23.0,7.0,51.0,13.0,5.0,0.0
Liverpool_14,2022-23,2292864,6,2022-09-03 12:30:00,"Goodison Park, Liverpool",39240.0,Away,Liverpool,Everton,D,380.0,9.0,14.0,,1.0,,1.0,,10.0,6.0,4.0,1.0,9.0,14.0,41.0,39.0,16.0,,1.0,,,,,70.0,11.0,7.0,,,0,,0,0,0,3.0,12.0,11.0,8.0,5.0,,43.0,,149.0,60.9,0.0,0,0,4.0,9.0,18.0,16.0,2.0,469.0,23.0,15.0,46.0,9.0,12.0,0.0
Liverpool_14,2022-23,2292876,7,2023-03-01 20:00:00,"Anfield, Liverpool",53259.0,Home,Liverpool,Wolves,W,439.0,12.0,9.0,,2.0,3.0,1.0,2.0,5.0,3.0,15.0,1.0,5.0,12.0,61.0,47.0,5.0,,1.0,,,,,45.0,13.0,13.0,2.0,2.0,0,,2,0,0,,12.0,7.0,6.0,1.0,,31.0,,134.0,56.8,0.0,0,0,1.0,6.0,12.0,5.0,1.0,528.0,15.0,12.0,34.0,5.0,10.0,0.0
Liverpool_14,2022-23,2292883,8,2023-04-04 20:00:00,"Stamford Bridge, London",40093.0,Away,Liverpool,Chelsea,D,449.0,8.0,10.0,,,,,,12.0,3.0,16.0,1.0,5.0,16.0,65.0,36.0,17.0,,,,,,,55.0,17.0,2.0,,,0,,0,0,0,,6.0,4.0,4.0,3.0,,23.0,,151.0,50.4,0.0,0,0,2.0,,4.0,17.0,3.0,537.0,7.0,13.0,17.0,5.0,7.0,0.0
Liverpool_14,2022-23,2292896,9,2022-10-01 15:00:00,"Anfield, Liverpool",53320.0,Home,Liverpool,Brighton,D,432.0,8.0,11.0,,1.0,4.0,3.0,2.0,10.0,2.0,11.0,,9.0,16.0,48.0,46.0,16.0,1.0,,,,,,83.0,9.0,13.0,2.0,3.0,3,3.0,3,2,1,1.0,9.0,6.0,7.0,,,41.0,,166.0,53.8,0.0,0,0,3.0,6.0,9.0,16.0,1.0,530.0,15.0,14.0,45.0,9.0,9.0,0.0
Liverpool_14,2022-23,2292901,10,2022-10-09 16:30:00,"Emirates Stadium, London",59968.0,Away,Liverpool,Arsenal,L,395.0,13.0,10.0,,,1.0,,1.0,4.0,3.0,8.0,,3.0,11.0,46.0,39.0,19.0,,1.0,,,,,47.0,11.0,10.0,2.0,2.0,3,3.0,2,2,1,,8.0,3.0,3.0,3.0,,20.0,,145.0,56.0,0.0,0,0,4.0,2.0,5.0,19.0,6.0,488.0,8.0,15.0,19.0,3.0,7.0,0.0
Liverpool_14,2022-23,2292915,11,2022-10-16 16:30:00,"Anfield, Liverpool",53286.0,Home,Liverpool,Man City,W,313.0,15.0,10.0,,2.0,5.0,4.0,1.0,22.0,3.0,8.0,1.0,5.0,15.0,51.0,45.0,27.0,,,1.5871,2.0448,,1.3289,39.0,10.0,6.0,1.0,1.0,0,,1,0,0,,11.0,5.0,2.0,5.0,,27.0,,148.0,36.8,0.0,0,0,6.0,8.0,10.0,27.0,3.0,407.0,13.0,23.0,26.0,5.0,12.0,0.0
Liverpool_14,2022-23,2292927,12,2022-10-19 19:30:00,"Anfield, Liverpool",53346.0,Home,Liverpool,West Ham,W,511.0,7.0,11.0,,,1.0,3.0,,7.0,7.0,9.0,1.0,8.0,9.0,40.0,37.0,15.0,,,,,,,58.0,9.0,7.0,1.0,1.0,0,,1,0,1,2.0,8.0,9.0,7.0,1.0,,37.0,,138.0,53.8,0.0,0,0,3.0,8.0,15.0,15.0,1.0,600.0,22.0,13.0,32.0,8.0,8.0,0.0
Liverpool_14,2022-23,2292935,13,2022-10-22 12:30:00,"The City Ground, Nottingham",29245.0,Away,Liverpool,Nott'm Forest,L,595.0,11.0,11.0,,2.0,4.0,4.0,,6.0,1.0,8.0,,11.0,15.0,46.0,44.0,7.0,,,,,,,100.0,8.0,13.0,,,1,1.0,0,0,0,,4.0,7.0,7.0,2.0,,54.0,,154.0,75.2,0.0,0,0,6.0,7.0,13.0,7.0,,691.0,15.0,14.0,34.0,11.0,7.0,0.0
Liverpool_14,2022-23,2292947,14,2022-10-29 19:45:00,"Anfield, Liverpool",53274.0,Home,Liverpool,Leeds,L,554.0,15.0,15.0,,,3.0,2.0,1.0,15.0,4.0,4.0,,14.0,12.0,48.0,47.0,15.0,1.0,,,,,,94.0,9.0,3.0,1.0,1.0,2,2.0,1,1,1,,9.0,13.0,10.0,2.0,,54.0,,198.0,69.0,0.0,0,0,4.0,8.0,19.0,15.0,,679.0,22.0,17.0,44.0,14.0,9.0,0.0
Liverpool_14,2022-23,2292957,15,2022-11-06 16:30:00,"Tottenham Hotspur Stadium, London",62008.0,Away,Liverpool,Spurs,W,515.0,14.0,12.0,,,1.0,1.0,1.0,4.0,4.0,9.0,,3.0,6.0,45.0,43.0,33.0,,,,,,,52.0,8.0,10.0,1.0,2.0,1,1.0,2,0,2,1.0,11.0,6.0,6.0,3.0,,16.0,,150.0,53.4,0.0,0,0,4.0,3.0,9.0,33.0,2.0,616.0,13.0,14.0,27.0,3.0,7.0,0.0
Liverpool_14,2022-23,2292963,16,2022-11-12 15:00:00,"Anfield, Liverpool",53331.0,Home,Liverpool,Southampton,W,578.0,9.0,11.0,,1.0,6.0,4.0,2.0,5.0,2.0,7.0,,6.0,12.0,41.0,39.0,14.0,,,,,,,57.0,8.0,8.0,3.0,3.0,1,1.0,3,1,3,,7.0,9.0,7.0,1.0,,39.0,,145.0,59.9,0.0,0,0,4.0,6.0,14.0,14.0,,670.0,15.0,12.0,29.0,6.0,5.0,0.0
Liverpool_14,2022-23,2292971,17,2022-12-26 17:30:00,"Villa Park, Birmingham",42085.0,Away,Liverpool,Aston Villa,W,420.0,6.0,8.0,,1.0,5.0,5.0,2.0,5.0,1.0,6.0,,6.0,4.0,33.0,38.0,23.0,,,,,,,56.0,12.0,6.0,2.0,3.0,1,1.0,3,0,2,1.0,11.0,7.0,9.0,3.0,,32.0,,136.0,51.9,0.0,0,0,5.0,6.0,11.0,23.0,3.0,514.0,16.0,19.0,36.0,6.0,7.0,0.0
Liverpool_14,2022-23,2292983,18,2022-12-30 20:00:00,"Anfield, Liverpool",53343.0,Home,Liverpool,Leicester,W,496.0,8.0,7.0,,3.0,3.0,3.0,,12.0,6.0,7.0,,4.0,8.0,37.0,47.0,10.0,,,,,,,73.0,8.0,15.0,,2.0,1,1.0,2,1,2,1.0,11.0,6.0,5.0,2.0,,38.0,,145.0,57.0,0.0,0,0,1.0,10.0,15.0,10.0,2.0,588.0,21.0,18.0,26.0,4.0,12.0,0.0
Liverpool_14,2022-23,2292992,19,2023-01-02 17:30:00,"Gtech Community Stadium, Brentford",17163.0,Away,Liverpool,Brentford,L,543.0,15.0,16.0,,1.0,3.0,2.0,1.0,8.0,7.0,2.0,,9.0,12.0,42.0,42.0,15.0,1.0,1.0,,,,,88.0,8.0,4.0,1.0,1.0,3,3.0,1,2,0,,4.0,10.0,6.0,1.0,1.0,53.0,,176.0,73.0,0.0,0,0,5.0,3.0,12.0,15.0,4.0,652.0,16.0,9.0,47.0,9.0,5.0,0.0
Liverpool_14,2022-23,2293002,20,2023-01-14 15:00:00,"American Express Stadium, Falmer",31645.0,Away,Liverpool,Brighton,L,350.0,7.0,5.0,,,2.0,2.0,,8.0,1.0,10.0,,1.0,11.0,47.0,38.0,24.0,1.0,,,,,,37.0,15.0,9.0,,,3,3.0,0,0,0,,16.0,3.0,2.0,5.0,,16.0,,110.0,39.2,0.0,0,0,5.0,3.0,6.0,24.0,2.0,420.0,6.0,19.0,18.0,1.0,12.0,0.0
Liverpool_14,2022-23,2293016,21,2023-01-21 12:30:00,"Anfield, Liverpool",53126.0,Home,Liverpool,Chelsea,D,375.0,18.0,12.0,,1.0,,,,13.0,6.0,5.0,1.0,5.0,10.0,59.0,48.0,15.0,,,,,,,61.0,16.0,9.0,,,0,,0,0,0,,15.0,4.0,3.0,3.0,,36.0,,164.0,47.5,0.0,0,0,2.0,6.0,7.0,15.0,5.0,477.0,15.0,18.0,36.0,5.0,13.0,0.0
Liverpool_14,2022-23,2293029,22,2023-02-04 15:00:00,"Molineux Stadium, Wolverhampton",31664.0,Away,Liverpool,Wolves,L,465.0,14.0,16.0,,1.0,1.0,1.0,,8.0,10.0,6.0,,7.0,13.0,41.0,40.0,7.0,,2.0,,,,,61.0,7.0,9.0,,,3,3.0,0,2,0,,10.0,9.0,4.0,2.0,1.0,52.0,,148.0,58.2,0.0,0,0,3.0,8.0,15.0,7.0,2.0,544.0,22.0,10.0,35.0,7.0,7.0,0.0
Liverpool_14,2022-23,2293036,23,2023-02-13 20:00:00,"Anfield, Liverpool",53027.0,Home,Liverpool,Everton,W,505.0,9.0,12.0,,3.0,2.0,1.0,2.0,11.0,5.0,11.0,1.0,3.0,8.0,45.0,60.0,11.0,,1.0,,,,,57.0,8.0,16.0,1.0,2.0,0,,2,0,1,,7.0,8.0,6.0,1.0,,39.0,,143.0,59.1,0.0,0,0,1.0,4.0,11.0,11.0,4.0,585.0,15.0,21.0,25.0,3.0,15.0,0.0
Liverpool_14,2022-23,2293046,24,2023-02-18 17:30:00,"St. James' Park, Newcastle",52758.0,Away,Liverpool,Newcastle,W,533.0,11.0,5.0,,2.0,5.0,3.0,2.0,8.0,2.0,21.0,1.0,7.0,3.0,50.0,30.0,20.0,,,,,,,56.0,8.0,2.0,2.0,2.0,0,,2,0,2,,4.0,8.0,7.0,3.0,,31.0,,111.0,62.6,0.0,1,0,4.0,4.0,12.0,20.0,,605.0,13.0,14.0,23.0,7.0,7.0,0.0
Liverpool_14,2022-23,2293051,25,2023-02-25 19:45:00,"Selhurst Park, London",25842.0,Away,Liverpool,Crystal Palace,D,544.0,18.0,18.0,,1.0,2.0,2.0,,5.0,3.0,14.0,1.0,3.0,13.0,62.0,51.0,15.0,,2.0,,,,,52.0,14.0,10.0,,,0,,0,0,0,3.0,5.0,5.0,4.0,2.0,,26.0,,151.0,63.8,0.0,0,0,,5.0,9.0,15.0,1.0,644.0,12.0,14.0,17.0,3.0,9.0,0.0
Liverpool_14,2022-23,2293065,26,2023-03-05 16:30:00,"Anfield, Liverpool",53001.0,Home,Liverpool,Man Utd,W,365.0,12.0,9.0,,2.0,6.0,2.0,4.0,11.0,5.0,10.0,1.0,4.0,7.0,49.0,48.0,11.0,,,,,,,55.0,13.0,13.0,6.0,7.0,0,,7,0,1,,9.0,10.0,8.0,1.0,,39.0,,158.0,59.6,0.0,0,0,4.0,5.0,13.0,11.0,,468.0,18.0,17.0,43.0,4.0,14.0,0.0
Liverpool_14,2022-23,2293070,27,2023-03-11 12:30:00,"Vitality Stadium, Bournemouth",10536.0,Away,Liverpool,Bournemouth,L,531.0,17.0,14.0,,3.0,3.0,4.0,,7.0,1.0,18.0,,8.0,6.0,55.0,49.0,11.0,,,,,,,74.0,9.0,6.0,,,1,1.0,0,1,0,,11.0,6.0,6.0,,,46.0,1.0,162.0,69.3,0.0,0,0,1.0,8.0,7.0,11.0,4.0,637.0,15.0,22.0,30.0,8.0,15.0,0.0
Liverpool_14,2022-23,2293085,28,2023-05-03 20:00:00,"Anfield, Liverpool",52602.0,Home,Liverpool,Fulham,W,522.0,7.0,14.0,1.0,1.0,1.0,1.0,1.0,3.0,3.0,9.0,1.0,7.0,7.0,41.0,48.0,18.0,,,,,,,70.0,10.0,7.0,,1.0,0,,1,0,1,,6.0,3.0,3.0,3.0,,40.0,1.0,140.0,57.1,0.0,0,0,3.0,9.0,12.0,18.0,3.0,613.0,15.0,14.0,36.0,7.0,8.0,0.0
Liverpool_14,2022-23,2293096,29,2023-04-01 12:30:00,"Etihad Stadium, Manchester",52877.0,Away,Liverpool,Man City,L,288.0,1.0,7.0,,,,,,3.0,3.0,12.0,,1.0,7.0,32.0,38.0,16.0,,,,,,,27.0,12.0,9.0,1.0,1.0,4,4.0,1,1,1,,9.0,4.0,1.0,5.0,,13.0,,89.0,31.9,0.0,0,0,4.0,,4.0,16.0,5.0,350.0,4.0,12.0,15.0,1.0,8.0,0.0
Liverpool_14,2022-23,2293105,30,2023-04-09 16:30:00,"Anfield, Liverpool",53267.0,Home,Liverpool,Arsenal,D,432.0,13.0,14.0,,,6.0,6.0,2.0,7.0,5.0,17.0,,5.0,13.0,61.0,50.0,12.0,1.0,,,,,,55.0,11.0,10.0,1.0,2.0,2,2.0,2,2,1,,11.0,9.0,6.0,2.0,,47.0,1.0,152.0,59.0,0.0,0,0,3.0,10.0,16.0,12.0,2.0,525.0,21.0,22.0,53.0,5.0,12.0,0.0
Liverpool_14,2022-23,2293113,31,2023-04-17 20:00:00,"Elland Road, Leeds",36657.0,Away,Liverpool,Leeds,W,774.0,10.0,9.0,,,4.0,,4.0,9.0,2.0,11.0,,2.0,7.0,45.0,48.0,16.0,1.0,,,,,,83.0,12.0,6.0,6.0,6.0,1,1.0,6,0,2,,8.0,9.0,7.0,3.0,,29.0,,132.0,73.6,0.0,0,0,2.0,4.0,13.0,16.0,2.0,869.0,13.0,21.0,24.0,2.0,10.0,0.0
Liverpool_14,2022-23,2293127,32,2023-04-22 15:00:00,"Anfield, Liverpool",,Home,Liverpool,Nott'm Forest,W,570.0,14.0,19.0,,6.0,5.0,3.0,2.0,7.0,5.0,3.0,,9.0,7.0,40.0,53.0,12.0,,1.0,,,,,76.0,9.0,12.0,3.0,3.0,2,2.0,3,0,0,,5.0,9.0,6.0,,,50.0,,135.0,81.1,0.0,0,0,3.0,7.0,15.0,12.0,2.0,650.0,18.0,14.0,47.0,9.0,8.0,0.0
Liverpool_14,2022-23,2293135,33,2023-04-26 19:45:00,"London Stadium, London",62473.0,Away,Liverpool,West Ham,W,743.0,16.0,28.0,,,3.0,3.0,1.0,7.0,7.0,13.0,,6.0,7.0,50.0,59.0,17.0,,,,,,,88.0,8.0,5.0,2.0,2.0,1,1.0,2,1,1,,18.0,7.0,4.0,1.0,,29.0,,145.0,72.6,0.0,0,0,1.0,9.0,15.0,17.0,1.0,850.0,20.0,20.0,36.0,6.0,11.0,0.0
Liverpool_14,2022-23,2293147,34,2023-04-30 16:30:00,"Anfield, Liverpool",53275.0,Home,Liverpool,Spurs,W,639.0,7.0,20.0,1.0,,2.0,,4.0,9.0,4.0,9.0,,4.0,7.0,52.0,53.0,9.0,,2.0,,,,,84.0,12.0,6.0,2.0,4.0,3,3.0,4,1,3,,1.0,6.0,4.0,1.0,,33.0,1.0,141.0,67.6,0.0,0,0,3.0,4.0,10.0,9.0,,724.0,12.0,16.0,29.0,5.0,11.0,0.0
Liverpool_14,2022-23,2293153,35,2023-05-06 17:30:00,"Anfield, Liverpool",52838.0,Home,Liverpool,Brentford,W,308.0,14.0,14.0,,,2.0,3.0,1.0,2.0,4.0,8.0,1.0,7.0,7.0,52.0,40.0,27.0,,,,,,,61.0,19.0,9.0,1.0,1.0,0,,1,0,1,,4.0,5.0,5.0,1.0,,33.0,,118.0,53.9,0.0,0,0,2.0,6.0,10.0,27.0,1.0,378.0,15.0,9.0,29.0,7.0,5.0,0.0
Liverpool_14,2022-23,2293167,36,2023-05-15 20:00:00,"King Power Stadium, Leicester",32225.0,Away,Liverpool,Leicester,W,576.0,12.0,11.0,,,3.0,2.0,1.0,9.0,5.0,9.0,1.0,4.0,27.0,74.0,54.0,9.0,,1.0,,,,,59.0,17.0,11.0,3.0,3.0,0,,3,0,2,,6.0,9.0,5.0,,,28.0,,164.0,66.9,0.0,0,0,4.0,6.0,14.0,9.0,4.0,675.0,16.0,18.0,39.0,4.0,12.0,0.0
Liverpool_14,2022-23,2293173,37,2023-05-20 15:00:00,"Anfield, Liverpool",53306.0,Home,Liverpool,Aston Villa,D,430.0,7.0,13.0,,,1.0,,1.0,6.0,4.0,12.0,,9.0,14.0,64.0,55.0,20.0,,,,,,,83.0,16.0,12.0,1.0,1.0,1,1.0,1,1,0,,8.0,8.0,5.0,1.0,,54.0,,164.0,66.3,0.0,0,0,2.0,1.0,9.0,20.0,4.0,510.0,10.0,18.0,53.0,9.0,11.0,0.0
Liverpool_14,2022-23,2293189,38,2023-05-28 16:30:00,"St. Mary's Stadium, Southampton",31129.0,Away,Liverpool,Southampton,D,524.0,12.0,12.0,,1.0,5.0,2.0,4.0,6.0,11.0,17.0,,9.0,13.0,59.0,46.0,2.0,1.0,,,,,,79.0,10.0,4.0,3.0,4.0,4,4.0,4,2,2,1.0,13.0,12.0,8.0,,,49.0,,138.0,69.0,0.0,0,0,6.0,11.0,21.0,2.0,,604.0,30.0,20.0,60.0,9.0,15.0,0.0
Man_City_43,2022-23,2292819,1,2022-08-07 16:30:00,"London Stadium, London",62443,Away,Man City,West Ham,W,774.0,10.0,11.0,1.0,,3.0,2.0,2.0,8.0,4.0,1.0,1.0,4.0,3.0,29.0,39.0,11.0,,,,,,,65.0,4.0,8.0,1.0,2.0,0,,2,0,1,,3.0,3.0,2.0,3.0,,30.0,1.0,98.0,75.4,0.0,0,0,1.0,8.0,11.0,11.0,1.0,833.0,14.0,6.0,36.0,4.0,4.0,0.0
Man_City_43,2022-23,2292826,2,2022-08-13 15:00:00,"Etihad Stadium, Manchester",53453,Home,Man City,Bournemouth,W,649.0,8.0,9.0,,,2.0,1.0,1.0,10.0,6.0,6.0,1.0,11.0,6.0,33.0,36.0,4.0,,,,,,,90.0,9.0,9.0,3.0,4.0,0,,4,0,3,,5.0,12.0,7.0,1.0,,47.0,,87.0,66.7,0.0,0,0,1.0,6.0,17.0,4.0,2.0,696.0,19.0,8.0,34.0,11.0,4.0,0.0
Man_City_43,2022-23,2292837,3,2022-08-21 16:30:00,"St. James' Park, Newcastle",52258,Away,Man City,Newcastle,D,521.0,12.0,15.0,,1.0,6.0,4.0,3.0,13.0,7.0,9.0,,5.0,6.0,42.0,51.0,13.0,,,,,,,68.0,7.0,14.0,3.0,3.0,3,3.0,3,2,1,1.0,5.0,14.0,10.0,3.0,,32.0,,131.0,68.7,0.0,0,0,2.0,4.0,17.0,13.0,1.0,608.0,21.0,9.0,35.0,5.0,5.0,0.0
Man_City_43,2022-23,2292846,4,2022-08-27 15:00:00,"Etihad Stadium, Manchester",53112,Home,Man City,Crystal Palace,W,702.0,7.0,14.0,,,4.0,1.0,3.0,7.0,4.0,5.0,,6.0,5.0,35.0,44.0,3.0,,,,,,,98.0,14.0,8.0,4.0,4.0,2,2.0,4,2,0,,5.0,7.0,5.0,,1.0,51.0,,107.0,74.3,0.0,0,0,1.0,9.0,15.0,3.0,2.0,770.0,18.0,12.0,47.0,6.0,10.0,0.0
Man_City_43,2022-23,2292858,5,2022-08-31 19:30:00,"Etihad Stadium, Manchester",53409,Home,Man City,Nott'm Forest,W,720.0,8.0,17.0,,1.0,4.0,3.0,4.0,12.0,2.0,6.0,1.0,10.0,4.0,37.0,42.0,6.0,,,,,,,84.0,9.0,5.0,2.0,6.0,0,,6,0,3,1.0,5.0,7.0,9.0,3.0,,35.0,,116.0,74.9,0.0,0,0,1.0,6.0,13.0,6.0,2.0,785.0,17.0,13.0,35.0,10.0,11.0,0.0
Man_City_43,2022-23,2292860,6,2022-09-03 17:30:00,"Villa Park, Birmingham",41830,Away,Man City,Aston Villa,D,673.0,13.0,27.0,,,4.0,3.0,1.0,13.0,4.0,,,4.0,12.0,34.0,50.0,8.0,,,,,,,55.0,6.0,7.0,1.0,1.0,1,1.0,1,0,0,1.0,5.0,7.0,4.0,1.0,,40.0,,130.0,72.3,0.0,0,0,,5.0,11.0,8.0,3.0,763.0,13.0,13.0,36.0,4.0,5.0,0.0
Man_City_43,2022-23,2292877,7,2023-01-19 20:00:00,"Etihad Stadium, Manchester",53088,Home,Man City,Spurs,W,511.0,11.0,11.0,,,3.0,2.0,3.0,10.0,5.0,4.0,,8.0,8.0,40.0,43.0,12.0,1.0,,,,,,51.0,10.0,13.0,2.0,4.0,2,2.0,4,2,0,,8.0,7.0,6.0,2.0,,33.0,,115.0,57.9,0.0,0,0,1.0,5.0,11.0,12.0,,583.0,16.0,15.0,37.0,8.0,11.0,0.0
Man_City_43,2022-23,2292889,8,2022-09-17 12:30:00,"Molineux Stadium, Wolverhampton",31578,Away,Man City,Wolves,W,563.0,4.0,11.0,,,1.0,,1.0,11.0,4.0,13.0,1.0,7.0,11.0,44.0,47.0,10.0,,,,,,,51.0,9.0,6.0,3.0,3.0,0,,3,0,2,,15.0,11.0,7.0,1.0,,26.0,,102.0,59.2,0.0,1,0,1.0,5.0,14.0,10.0,1.0,622.0,16.0,19.0,27.0,7.0,11.0,0.0
Man_City_43,2022-23,2292897,9,2022-10-02 14:00:00,"Etihad Stadium, Manchester",53475,Home,Man City,Man Utd,W,485.0,6.0,10.0,,,3.0,,3.0,14.0,6.0,4.0,,5.0,13.0,27.0,44.0,9.0,,,,,,,37.0,3.0,9.0,6.0,6.0,3,3.0,6,0,4,1.0,11.0,11.0,10.0,3.0,,23.0,,94.0,53.9,0.0,0,0,5.0,6.0,16.0,9.0,1.0,551.0,22.0,14.0,49.0,5.0,8.0,0.0
Man_City_43,2022-23,2292906,10,2022-10-08 15:00:00,"Etihad Stadium, Manchester",53365,Home,Man City,Southampton,W,666.0,10.0,11.0,,,6.0,4.0,2.0,6.0,4.0,6.0,1.0,9.0,12.0,38.0,43.0,6.0,,,,,,,57.0,4.0,8.0,4.0,4.0,0,,4,0,2,1.0,8.0,10.0,8.0,2.0,,33.0,,126.0,65.2,0.0,0,0,,9.0,17.0,6.0,1.0,744.0,21.0,15.0,56.0,9.0,8.0,0.0
Man_City_43,2022-23,2292915,11,2022-10-16 16:30:00,"Anfield, Liverpool",53286,Away,Man City,Liverpool,L,616.0,10.0,15.0,,,1.0,1.0,,24.0,6.0,6.0,,6.0,15.0,45.0,51.0,15.0,1.0,,1.24825,0.8132,,0.7361,79.0,7.0,8.0,,,1,1.0,0,0,0,,7.0,9.0,6.0,2.0,,39.0,,144.0,63.2,0.0,0,0,1.0,4.0,12.0,15.0,,702.0,16.0,20.0,37.0,6.0,14.0,0.0
Man_City_43,2022-23,2292921,12,2023-02-15 19:30:00,"Emirates Stadium, London",60276,Away,Man City,Arsenal,W,219.0,11.0,14.0,,4.0,4.0,4.0,2.0,7.0,2.0,6.0,,2.0,6.0,43.0,50.0,13.0,,,,,,,41.0,15.0,10.0,2.0,3.0,1,1.0,3,1,1,1.0,11.0,5.0,6.0,5.0,,21.0,,127.0,36.5,0.0,0,0,,1.0,6.0,13.0,3.0,303.0,9.0,17.0,19.0,3.0,12.0,0.0
Man_City_43,2022-23,2292934,13,2022-10-22 15:00:00,"Etihad Stadium, Manchester",53223,Home,Man City,Brighton,W,368.0,8.0,1.0,1.0,1.0,2.0,1.0,2.0,9.0,3.0,7.0,,6.0,11.0,42.0,35.0,12.0,,1.0,,,,,42.0,11.0,12.0,2.0,3.0,1,1.0,3,0,2,,8.0,5.0,4.0,3.0,,29.0,1.0,112.0,48.4,0.0,0,0,1.0,3.0,8.0,12.0,,446.0,10.0,14.0,29.0,7.0,9.0,0.0
Man_City_43,2022-23,2292946,14,2022-10-29 12:30:00,"King Power Stadium, Leicester",32223,Away,Man City,Leicester,W,622.0,11.0,13.0,,,,,,24.0,4.0,3.0,1.0,10.0,6.0,36.0,28.0,6.0,,1.0,,,,,82.0,10.0,5.0,,1.0,0,,1,0,0,,6.0,8.0,5.0,1.0,,47.0,,117.0,64.3,0.0,0,0,5.0,6.0,13.0,6.0,2.0,691.0,15.0,7.0,24.0,10.0,4.0,0.0
Man_City_43,2022-23,2292954,15,2022-11-05 15:00:00,"Etihad Stadium, Manchester",52395,Home,Man City,Fulham,W,653.0,10.0,12.0,1.0,2.0,3.0,2.0,2.0,5.0,6.0,,,9.0,3.0,31.0,44.0,4.0,,,,,,,65.0,6.0,11.0,1.0,2.0,1,1.0,2,1,1,,5.0,8.0,5.0,1.0,,37.0,1.0,117.0,70.6,0.0,0,1,1.0,5.0,12.0,4.0,3.0,717.0,16.0,16.0,36.0,9.0,2.0,0.0
Man_City_43,2022-23,2292964,16,2022-11-12 12:30:00,"Etihad Stadium, Manchester",52786,Home,Man City,Brentford,L,530.0,20.0,22.0,,,1.0,1.0,,4.0,14.0,5.0,,10.0,5.0,44.0,45.0,12.0,,,,,,,56.0,9.0,6.0,1.0,1.0,2,2.0,1,1,1,,3.0,17.0,6.0,2.0,,74.0,,143.0,74.6,0.0,0,0,5.0,9.0,21.0,12.0,2.0,622.0,29.0,9.0,62.0,10.0,7.0,0.0
Man_City_43,2022-23,2292976,17,2022-12-28 20:00:00,"Elland Road, Leeds",36889,Away,Man City,Leeds,W,611.0,5.0,7.0,,3.0,6.0,5.0,2.0,11.0,5.0,6.0,,5.0,10.0,38.0,39.0,10.0,,,,,,,51.0,14.0,11.0,2.0,3.0,1,1.0,3,0,1,,5.0,12.0,9.0,4.0,,27.0,,122.0,69.0,0.0,0,0,,12.0,22.0,10.0,1.0,698.0,26.0,13.0,36.0,5.0,7.0,0.0
Man_City_43,2022-23,2292984,18,2022-12-31 15:00:00,"Etihad Stadium, Manchester",53444,Home,Man City,Everton,D,597.0,7.0,9.0,,1.0,4.0,3.0,1.0,4.0,7.0,3.0,,7.0,7.0,35.0,40.0,7.0,,,,,,,62.0,13.0,14.0,1.0,1.0,1,1.0,1,0,1,1.0,3.0,10.0,3.0,1.0,,46.0,,118.0,73.7,0.0,0,0,,6.0,16.0,7.0,3.0,662.0,16.0,13.0,44.0,7.0,7.0,0.0
Man_City_43,2022-23,2292993,19,2023-01-05 20:00:00,"Stamford Bridge, London",39998,Away,Man City,Chelsea,W,548.0,8.0,12.0,,,3.0,2.0,1.0,10.0,3.0,10.0,1.0,2.0,20.0,55.0,47.0,14.0,,,,,,,77.0,9.0,9.0,1.0,1.0,0,,1,0,0,1.0,10.0,4.0,3.0,3.0,,27.0,,125.0,52.3,0.0,0,0,2.0,6.0,9.0,14.0,1.0,612.0,12.0,19.0,24.0,2.0,13.0,0.0
Man_City_43,2022-23,2293005,20,2023-01-14 12:30:00,"Old Trafford, Manchester",75546,Away,Man City,Man Utd,L,658.0,9.0,10.0,,,1.0,,1.0,7.0,2.0,9.0,,2.0,9.0,38.0,37.0,5.0,,,,,,,51.0,5.0,15.0,1.0,1.0,2,2.0,1,0,0,,4.0,2.0,1.0,4.0,,36.0,,124.0,70.6,0.0,0,0,1.0,2.0,4.0,5.0,2.0,737.0,5.0,6.0,28.0,2.0,1.0,0.0
Man_City_43,2022-23,2293017,21,2023-01-22 14:00:00,"Etihad Stadium, Manchester",53282,Home,Man City,Wolves,W,526.0,9.0,14.0,1.0,,4.0,2.0,3.0,9.0,1.0,5.0,1.0,5.0,8.0,39.0,38.0,16.0,,,,,,,53.0,10.0,10.0,2.0,3.0,0,,3,0,1,,6.0,7.0,7.0,4.0,,26.0,1.0,108.0,55.3,0.0,0,0,1.0,5.0,12.0,16.0,1.0,587.0,13.0,8.0,45.0,5.0,5.0,0.0
Man_City_43,2022-23,2293028,22,2023-02-05 16:30:00,"Tottenham Hotspur Stadium, London",61747,Away,Man City,Spurs,L,487.0,9.0,16.0,,1.0,,,,7.0,5.0,6.0,,6.0,9.0,43.0,59.0,13.0,1.0,,,,,,57.0,14.0,18.0,,,1,1.0,0,1,0,1.0,7.0,5.0,5.0,4.0,,32.0,,123.0,64.8,0.0,1,0,2.0,5.0,9.0,13.0,1.0,556.0,15.0,19.0,33.0,6.0,9.0,0.0
Man_City_43,2022-23,2293037,23,2023-02-12 16:30:00,"Etihad Stadium, Manchester",53392,Home,Man City,Aston Villa,W,558.0,4.0,8.0,1.0,2.0,4.0,4.0,2.0,5.0,5.0,9.0,,8.0,2.0,32.0,34.0,4.0,,,,,,,71.0,13.0,14.0,2.0,3.0,1,1.0,3,0,3,,3.0,11.0,9.0,2.0,,27.0,1.0,89.0,67.2,0.0,0,0,1.0,3.0,13.0,4.0,1.0,620.0,17.0,7.0,35.0,8.0,3.0,0.0
Man_City_43,2022-23,2293047,24,2023-02-18 15:00:00,"The City Ground, Nottingham",29365,Away,Man City,Nott'm Forest,D,595.0,13.0,10.0,,1.0,2.0,5.0,,19.0,6.0,4.0,,10.0,4.0,36.0,42.0,5.0,,,,,,,83.0,6.0,8.0,1.0,1.0,1,1.0,1,0,1,2.0,2.0,9.0,6.0,1.0,,50.0,,134.0,73.0,0.0,0,0,,11.0,17.0,5.0,,676.0,23.0,10.0,45.0,10.0,7.0,0.0
Man_City_43,2022-23,2293050,25,2023-02-25 17:30:00,"Vitality Stadium, Bournemouth",10481,Away,Man City,Bournemouth,W,676.0,10.0,9.0,,,1.0,,3.0,9.0,7.0,12.0,,6.0,9.0,46.0,52.0,16.0,,,,,,,63.0,9.0,9.0,1.0,4.0,1,1.0,4,0,3,1.0,6.0,6.0,5.0,5.0,,29.0,,111.0,66.0,0.0,0,0,1.0,8.0,11.0,16.0,2.0,750.0,20.0,26.0,41.0,6.0,17.0,0.0
Man_City_43,2022-23,2293066,26,2023-03-04 12:30:00,"Etihad Stadium, Manchester",53419,Home,Man City,Newcastle,W,466.0,7.0,9.0,,,2.0,1.0,1.0,3.0,2.0,12.0,1.0,8.0,3.0,35.0,46.0,24.0,,,,,,,51.0,8.0,12.0,2.0,2.0,0,,2,0,1,,4.0,5.0,3.0,2.0,,32.0,,115.0,56.3,0.0,0,0,2.0,6.0,9.0,24.0,,539.0,11.0,13.0,28.0,8.0,6.0,0.0
Man_City_43,2022-23,2293071,27,2023-03-11 17:30:00,"Selhurst Park, London",25844,Away,Man City,Crystal Palace,W,538.0,9.0,12.0,1.0,,2.0,2.0,1.0,6.0,5.0,7.0,1.0,6.0,4.0,44.0,51.0,11.0,,,,,,,71.0,17.0,11.0,,1.0,0,,1,0,0,,9.0,5.0,4.0,4.0,,35.0,1.0,121.0,67.8,0.0,0,0,,5.0,10.0,11.0,2.0,616.0,14.0,14.0,35.0,6.0,7.0,0.0
Man_City_43,2022-23,2293086,28,2023-05-03 20:00:00,"Etihad Stadium, Manchester",53305,Home,Man City,West Ham,W,656.0,14.0,10.0,,2.0,6.0,4.0,2.0,6.0,2.0,6.0,1.0,6.0,8.0,40.0,43.0,11.0,,,,,,,61.0,8.0,8.0,2.0,3.0,0,,3,0,0,2.0,5.0,6.0,7.0,1.0,,43.0,,114.0,68.9,0.0,0,0,2.0,7.0,12.0,11.0,1.0,723.0,16.0,16.0,36.0,6.0,9.0,0.0
Man_City_43,2022-23,2293096,29,2023-04-01 12:30:00,"Etihad Stadium, Manchester",52877,Home,Man City,Liverpool,W,693.0,7.0,1.0,,,3.0,,4.0,6.0,6.0,10.0,,7.0,8.0,38.0,32.0,10.0,,,,,,,57.0,9.0,12.0,3.0,4.0,1,1.0,4,1,1,,4.0,13.0,8.0,3.0,,31.0,,100.0,68.1,0.0,0,0,,3.0,15.0,10.0,3.0,754.0,17.0,7.0,44.0,7.0,,0.0
Man_City_43,2022-23,2293107,30,2023-04-08 17:30:00,"St. Mary's Stadium, Southampton",30963,Away,Man City,Southampton,W,653.0,7.0,13.0,1.0,,3.0,1.0,4.0,7.0,3.0,13.0,,10.0,7.0,41.0,36.0,4.0,,,,,,,52.0,10.0,6.0,2.0,4.0,1,1.0,4,0,1,,6.0,9.0,8.0,1.0,,32.0,1.0,121.0,72.8,0.0,0,0,,2.0,9.0,4.0,2.0,732.0,13.0,9.0,31.0,10.0,7.0,0.0
Man_City_43,2022-23,2293114,31,2023-04-15 17:30:00,"Etihad Stadium, Manchester",53329,Home,Man City,Leicester,W,695.0,15.0,7.0,1.0,,1.0,,2.0,6.0,3.0,10.0,,6.0,5.0,43.0,38.0,9.0,,1.0,,,,,74.0,8.0,7.0,2.0,3.0,1,1.0,3,0,3,,1.0,5.0,4.0,3.0,,33.0,1.0,102.0,70.6,0.0,0,0,3.0,5.0,8.0,9.0,,754.0,12.0,11.0,24.0,6.0,6.0,0.0
Man_City_43,2022-23,2293123,32,2023-05-24 20:00:00,"American Express Stadium, Falmer",31388,Away,Man City,Brighton,D,540.0,9.0,12.0,,1.0,3.0,2.0,1.0,5.0,3.0,8.0,,1.0,4.0,39.0,50.0,12.0,,,,,,,33.0,11.0,14.0,1.0,1.0,1,1.0,1,1,1,1.0,3.0,7.0,4.0,7.0,,17.0,,97.0,60.4,0.0,0,0,6.0,6.0,13.0,12.0,,607.0,13.0,12.0,29.0,1.0,4.0,0.0
Man_City_43,2022-23,2293138,33,2023-04-26 20:00:00,"Etihad Stadium, Manchester",53482,Home,Man City,Arsenal,W,422.0,12.0,15.0,,1.0,4.0,2.0,2.0,5.0,2.0,9.0,,1.0,6.0,42.0,46.0,8.0,,,,,,,38.0,13.0,13.0,4.0,4.0,1,1.0,4,0,2,,9.0,10.0,9.0,2.0,,14.0,,103.0,51.9,0.0,0,0,1.0,3.0,13.0,8.0,,496.0,14.0,11.0,25.0,1.0,8.0,0.0
Man_City_43,2022-23,2293145,34,2023-04-30 14:00:00,"Craven Cottage, London",24498,Away,Man City,Fulham,W,563.0,15.0,17.0,1.0,2.0,1.0,2.0,1.0,7.0,,6.0,,5.0,10.0,53.0,46.0,14.0,,,,,,,70.0,10.0,8.0,1.0,2.0,1,1.0,2,1,2,1.0,5.0,7.0,9.0,2.0,,30.0,1.0,132.0,62.6,0.0,0,0,,3.0,9.0,14.0,1.0,647.0,12.0,14.0,36.0,5.0,10.0,0.0
Man_City_43,2022-23,2293154,35,2023-05-06 15:00:00,"Etihad Stadium, Manchester",53406,Home,Man City,Leeds,W,795.0,12.0,13.0,,1.0,2.0,4.0,,8.0,2.0,1.0,,10.0,8.0,26.0,49.0,7.0,1.0,,,,,,111.0,3.0,15.0,2.0,2.0,1,1.0,2,0,2,2.0,5.0,4.0,6.0,1.0,,39.0,1.0,127.0,80.9,0.0,0,0,1.0,10.0,12.0,7.0,4.0,873.0,18.0,7.0,38.0,10.0,5.0,0.0
Man_City_43,2022-23,2293165,36,2023-05-14 14:00:00,"Goodison Park, Liverpool",39376,Away,Man City,Everton,W,610.0,8.0,8.0,,1.0,1.0,,1.0,2.0,2.0,9.0,1.0,6.0,10.0,37.0,33.0,21.0,,,,,,,65.0,4.0,10.0,2.0,3.0,0,,3,0,2,,5.0,4.0,4.0,2.0,,30.0,,96.0,63.2,0.0,0,0,2.0,3.0,6.0,21.0,,670.0,9.0,7.0,26.0,6.0,5.0,0.0
Man_City_43,2022-23,2293174,37,2023-05-21 16:00:00,"Etihad Stadium, Manchester",53490,Home,Man City,Chelsea,W,633.0,5.0,4.0,,1.0,2.0,1.0,1.0,2.0,6.0,10.0,1.0,5.0,8.0,43.0,28.0,11.0,,2.0,,,,,53.0,12.0,9.0,1.0,1.0,0,,1,0,1,1.0,4.0,6.0,2.0,3.0,,20.0,,98.0,64.6,0.0,0,0,6.0,7.0,10.0,11.0,2.0,692.0,15.0,8.0,32.0,5.0,6.0,0.0
Man_City_43,2022-23,2293182,38,2023-05-28 16:30:00,"Gtech Community Stadium, Brentford",17120,Away,Man City,Brentford,L,570.0,12.0,12.0,,,1.0,1.0,,5.0,8.0,7.0,,4.0,13.0,44.0,51.0,15.0,,,,,,,59.0,8.0,12.0,,,1,1.0,0,0,0,,7.0,8.0,3.0,3.0,,26.0,,103.0,65.6,0.0,0,0,3.0,6.0,13.0,15.0,,635.0,17.0,14.0,23.0,4.0,5.0,0.0
Man_Utd_1,2022-23,2292818,1,2022-08-07 14:00:00,"Old Trafford, Manchester",73711.0,Home,Man Utd,Brighton,L,452.0,9.0,11.0,,,1.0,2.0,,20.0,7.0,6.0,,6.0,7.0,36.0,40.0,10.0,,1.0,,,,,63.0,7.0,12.0,,1.0,2,2.0,1,2,0,,15.0,9.0,5.0,4.0,,41.0,,148.0,62.9,0.0,0,0,2.0,5.0,13.0,10.0,3.0,548.0,17.0,12.0,34.0,6.0,8.0,0.0
Man_Utd_1,2022-23,2292822,2,2022-08-13 17:30:00,"Gtech Community Stadium, Brentford",17051.0,Away,Man Utd,Brentford,L,444.0,10.0,14.0,,,,1.0,,21.0,4.0,8.0,,2.0,5.0,38.0,42.0,22.0,2.0,,,,,,52.0,15.0,6.0,,,4,4.0,0,4,0,,12.0,8.0,4.0,3.0,,32.0,,123.0,66.7,0.0,0,0,3.0,7.0,13.0,22.0,2.0,525.0,15.0,12.0,24.0,2.0,7.0,0.0
Man_Utd_1,2022-23,2292836,3,2022-08-22 20:00:00,"Old Trafford, Manchester",,Home,Man Utd,Liverpool,W,180.0,20.0,14.0,,,4.0,2.0,2.0,21.0,4.0,10.0,,6.0,6.0,53.0,56.0,34.0,,,,,,,45.0,11.0,7.0,2.0,2.0,1,1.0,2,0,1,1.0,12.0,6.0,5.0,5.0,,18.0,,138.0,29.5,0.0,0,0,5.0,4.0,9.0,34.0,2.0,273.0,13.0,24.0,24.0,6.0,17.0,0.0
Man_Utd_1,2022-23,2292848,4,2022-08-27 12:30:00,"St. Mary's Stadium, Southampton",31196.0,Away,Man Utd,Southampton,W,299.0,19.0,26.0,,,1.0,3.0,,11.0,3.0,6.0,1.0,3.0,10.0,56.0,50.0,36.0,,,,,,,42.0,14.0,3.0,1.0,1.0,0,,1,0,0,,10.0,5.0,6.0,3.0,,21.0,,150.0,51.7,0.0,0,0,4.0,2.0,7.0,36.0,1.0,404.0,11.0,14.0,27.0,3.0,8.0,0.0
Man_Utd_1,2022-23,2292855,5,2022-09-01 20:00:00,"King Power Stadium, Leicester",32226.0,Away,Man Utd,Leicester,W,400.0,18.0,16.0,,,1.0,,1.0,12.0,2.0,5.0,1.0,3.0,15.0,59.0,46.0,10.0,,,,,,,61.0,15.0,7.0,1.0,1.0,0,,1,0,1,,8.0,4.0,2.0,3.0,,20.0,,165.0,46.1,0.0,0,0,2.0,5.0,8.0,10.0,2.0,513.0,9.0,15.0,27.0,3.0,8.0,0.0
Man_Utd_1,2022-23,2292865,6,2022-09-04 16:30:00,"Old Trafford, Manchester",73431.0,Home,Man Utd,Arsenal,W,242.0,3.0,10.0,,,4.0,1.0,3.0,9.0,1.0,8.0,,2.0,6.0,38.0,38.0,24.0,,,,,,,43.0,13.0,8.0,3.0,3.0,1,1.0,3,0,1,,7.0,7.0,6.0,5.0,,14.0,,107.0,39.5,0.0,0,0,2.0,3.0,10.0,24.0,4.0,310.0,10.0,17.0,17.0,2.0,8.0,0.0
Man_Utd_1,2022-23,2292872,7,2023-01-18 20:00:00,"Selhurst Park, London",23343.0,Away,Man Utd,Crystal Palace,D,509.0,13.0,9.0,,,2.0,2.0,,10.0,3.0,4.0,,3.0,14.0,51.0,51.0,18.0,,,,,,,62.0,10.0,8.0,1.0,1.0,1,1.0,1,0,1,,12.0,6.0,4.0,2.0,,29.0,,166.0,60.6,0.0,0,0,4.0,8.0,13.0,18.0,,626.0,15.0,32.0,29.0,3.0,18.0,0.0
Man_Utd_1,2022-23,2292885,8,2023-02-08 20:00:00,"Old Trafford, Manchester",73456.0,Home,Man Utd,Leeds,D,498.0,14.0,14.0,,1.0,1.0,2.0,,16.0,8.0,7.0,,6.0,16.0,58.0,60.0,14.0,,,,,,,76.0,7.0,11.0,1.0,2.0,2,2.0,2,1,0,,8.0,10.0,7.0,2.0,1.0,45.0,,189.0,65.9,0.0,0,0,1.0,9.0,17.0,14.0,1.0,615.0,24.0,19.0,37.0,6.0,11.0,0.0
Man_Utd_1,2022-23,2292897,9,2022-10-02 14:00:00,"Etihad Stadium, Manchester",53475.0,Away,Man Utd,Man City,L,408.0,10.0,6.0,1.0,,,,2.0,14.0,3.0,11.0,,1.0,7.0,44.0,27.0,10.0,,,,,,,42.0,9.0,3.0,1.0,3.0,6,6.0,3,4,0,,7.0,8.0,8.0,7.0,,16.0,1.0,94.0,46.1,0.0,0,0,3.0,1.0,9.0,10.0,,476.0,12.0,14.0,14.0,1.0,5.0,0.0
Man_Utd_1,2022-23,2292905,10,2022-10-09 19:00:00,"Goodison Park, Liverpool",39258.0,Away,Man Utd,Everton,W,510.0,13.0,17.0,,,3.0,1.0,2.0,20.0,3.0,8.0,,4.0,4.0,41.0,46.0,25.0,,,,,,,67.0,13.0,7.0,2.0,2.0,1,1.0,2,1,2,,5.0,6.0,4.0,6.0,,21.0,,132.0,60.3,0.0,0,0,1.0,5.0,11.0,25.0,4.0,609.0,12.0,15.0,16.0,4.0,6.0,0.0
Man_Utd_1,2022-23,2292916,11,2022-10-16 14:00:00,"Old Trafford, Manchester",73726.0,Home,Man Utd,Newcastle,D,415.0,13.0,7.0,,,2.0,2.0,,22.0,5.0,,1.0,4.0,7.0,38.0,39.0,9.0,,,,,,,60.0,13.0,11.0,,,0,,0,0,0,,10.0,6.0,2.0,2.0,,29.0,,142.0,63.0,0.0,0,0,2.0,8.0,12.0,9.0,2.0,512.0,15.0,18.0,29.0,4.0,11.0,0.0
Man_Utd_1,2022-23,2292928,12,2022-10-19 20:15:00,"Old Trafford, Manchester",73677.0,Home,Man Utd,Spurs,W,498.0,7.0,11.0,,,2.0,2.0,,23.0,9.0,8.0,1.0,8.0,6.0,32.0,44.0,15.0,,,,,,,54.0,7.0,7.0,1.0,2.0,0,,2,0,0,1.0,7.0,16.0,10.0,2.0,,23.0,,125.0,51.9,0.0,0,0,2.0,9.0,25.0,15.0,4.0,583.0,28.0,17.0,30.0,8.0,12.0,0.0
Man_Utd_1,2022-23,2292931,13,2022-10-22 17:30:00,"Stamford Bridge, London",39503.0,Away,Man Utd,Chelsea,D,360.0,14.0,16.0,,,1.0,1.0,,7.0,1.0,7.0,,4.0,3.0,41.0,48.0,16.0,,,,,,,53.0,10.0,8.0,1.0,1.0,1,1.0,1,0,0,,12.0,6.0,6.0,1.0,,22.0,,141.0,52.1,0.0,0,0,1.0,6.0,12.0,16.0,3.0,464.0,13.0,18.0,22.0,4.0,8.0,0.0
Man_Utd_1,2022-23,2292948,14,2022-10-30 16:15:00,"Old Trafford, Manchester",73682.0,Home,Man Utd,West Ham,W,405.0,14.0,16.0,,1.0,3.0,2.0,1.0,15.0,6.0,4.0,1.0,5.0,8.0,43.0,50.0,32.0,,,,,,,54.0,12.0,10.0,1.0,1.0,0,,1,0,1,1.0,7.0,8.0,3.0,7.0,,32.0,,123.0,53.0,0.0,0,0,4.0,7.0,14.0,32.0,1.0,490.0,16.0,18.0,24.0,5.0,15.0,0.0
Man_Utd_1,2022-23,2292950,15,2022-11-06 14:00:00,"Villa Park, Birmingham",42058.0,Away,Man Utd,Aston Villa,L,463.0,8.0,8.0,,,,1.0,,8.0,3.0,4.0,,5.0,7.0,40.0,34.0,5.0,,,,,,,75.0,12.0,3.0,,1.0,3,3.0,1,2,1,,9.0,3.0,3.0,,,33.0,,130.0,58.2,0.0,0,0,1.0,2.0,4.0,5.0,3.0,543.0,8.0,15.0,29.0,5.0,10.0,0.0
Man_Utd_1,2022-23,2292962,16,2022-11-13 16:30:00,"Craven Cottage, London",24246.0,Away,Man Utd,Fulham,W,344.0,11.0,17.0,,,6.0,5.0,2.0,12.0,2.0,4.0,,3.0,6.0,42.0,38.0,37.0,,,,,,,45.0,10.0,8.0,1.0,2.0,1,1.0,2,0,1,,8.0,8.0,9.0,2.0,,24.0,,136.0,47.3,0.0,0,0,6.0,3.0,11.0,37.0,2.0,433.0,14.0,12.0,25.0,3.0,7.0,0.0
Man_Utd_1,2022-23,2292978,17,2022-12-27 20:00:00,"Old Trafford, Manchester",73608.0,Home,Man Utd,Nott'm Forest,W,549.0,6.0,7.0,,,3.0,2.0,1.0,10.0,6.0,11.0,1.0,9.0,5.0,47.0,31.0,20.0,,,,,,,67.0,13.0,4.0,3.0,3.0,0,,3,0,2,1.0,14.0,11.0,8.0,2.0,,39.0,,132.0,65.8,0.0,0,0,3.0,3.0,13.0,20.0,1.0,631.0,17.0,17.0,39.0,9.0,9.0,0.0
Man_Utd_1,2022-23,2292989,18,2022-12-31 12:30:00,"Molineux Stadium, Wolverhampton",31658.0,Away,Man Utd,Wolves,W,393.0,7.0,10.0,,,1.0,3.0,,5.0,5.0,13.0,1.0,5.0,4.0,46.0,42.0,21.0,,,,,,,53.0,11.0,11.0,1.0,1.0,0,,1,0,0,,15.0,8.0,6.0,6.0,,27.0,,136.0,54.3,0.0,0,0,3.0,5.0,9.0,21.0,2.0,484.0,16.0,17.0,39.0,5.0,5.0,0.0
Man_Utd_1,2022-23,2292998,19,2023-01-03 20:00:00,"Old Trafford, Manchester",73322.0,Home,Man Utd,Bournemouth,W,495.0,9.0,6.0,,1.0,4.0,1.0,3.0,9.0,6.0,5.0,1.0,6.0,12.0,45.0,26.0,11.0,,1.0,,,,,58.0,13.0,7.0,3.0,3.0,0,,3,0,1,1.0,10.0,9.0,6.0,1.0,,28.0,,129.0,58.5,0.0,0,0,4.0,6.0,15.0,11.0,,579.0,18.0,9.0,37.0,6.0,6.0,0.0
Man_Utd_1,2022-23,2293005,20,2023-01-14 12:30:00,"Old Trafford, Manchester",75546.0,Home,Man Utd,Man City,W,230.0,10.0,9.0,,,4.0,2.0,2.0,5.0,3.0,6.0,,1.0,5.0,37.0,38.0,26.0,,,,,,,31.0,15.0,5.0,2.0,2.0,1,1.0,2,0,0,,6.0,7.0,4.0,2.0,,11.0,,107.0,29.4,0.0,0,0,,1.0,8.0,26.0,6.0,310.0,8.0,15.0,15.0,1.0,8.0,0.0
Man_Utd_1,2022-23,2293011,21,2023-01-22 16:30:00,"Emirates Stadium, London",60325.0,Away,Man Utd,Arsenal,L,307.0,11.0,16.0,,,,,,10.0,2.0,11.0,,4.0,11.0,52.0,52.0,36.0,,,,,,,39.0,9.0,8.0,1.0,2.0,3,3.0,2,1,1,,16.0,3.0,4.0,13.0,,16.0,,142.0,42.8,0.0,0,0,2.0,,3.0,36.0,4.0,396.0,6.0,21.0,12.0,4.0,11.0,0.0
Man_Utd_1,2022-23,2293025,22,2023-02-04 15:00:00,"Old Trafford, Manchester",73420.0,Home,Man Utd,Crystal Palace,W,416.0,8.0,11.0,1.0,,,,2.0,20.0,4.0,6.0,,5.0,6.0,39.0,42.0,16.0,,,,,,,60.0,9.0,8.0,,2.0,1,1.0,2,0,1,,5.0,6.0,5.0,2.0,,29.0,1.0,124.0,53.1,0.0,0,1,2.0,5.0,9.0,16.0,1.0,487.0,14.0,21.0,32.0,5.0,12.0,0.0
Man_Utd_1,2022-23,2293034,23,2023-02-12 14:00:00,"Elland Road, Leeds",36919.0,Away,Man Utd,Leeds,W,444.0,16.0,12.0,,,2.0,1.0,2.0,6.0,2.0,9.0,1.0,3.0,8.0,61.0,61.0,17.0,,1.0,,,,,49.0,13.0,10.0,2.0,2.0,0,,2,0,0,1.0,6.0,6.0,5.0,6.0,,17.0,,148.0,67.0,0.0,0,0,6.0,4.0,10.0,17.0,3.0,544.0,11.0,30.0,18.0,3.0,21.0,0.0
Man_Utd_1,2022-23,2293045,24,2023-02-19 14:00:00,"Old Trafford, Manchester",73578.0,Home,Man Utd,Leicester,W,484.0,7.0,16.0,,3.0,6.0,4.0,3.0,9.0,9.0,8.0,1.0,6.0,10.0,50.0,68.0,22.0,,,,,,,68.0,9.0,8.0,3.0,3.0,0,,3,0,1,1.0,10.0,17.0,8.0,6.0,,29.0,,142.0,56.9,0.0,0,0,3.0,9.0,23.0,22.0,,572.0,26.0,23.0,39.0,6.0,16.0,0.0
Man_Utd_1,2022-23,2293056,25,2023-04-05 20:00:00,"Old Trafford, Manchester",73309.0,Home,Man Utd,Brentford,W,528.0,17.0,23.0,,1.0,1.0,,1.0,5.0,7.0,10.0,1.0,12.0,7.0,54.0,61.0,14.0,,,,,,,71.0,9.0,13.0,1.0,1.0,0,,1,0,1,,8.0,7.0,3.0,1.0,,39.0,,131.0,64.7,0.0,0,0,1.0,8.0,14.0,14.0,2.0,616.0,18.0,15.0,35.0,12.0,11.0,0.0
Man_Utd_1,2022-23,2293065,26,2023-03-05 16:30:00,"Anfield, Liverpool",53001.0,Away,Man Utd,Liverpool,L,223.0,9.0,12.0,,1.0,2.0,2.0,,8.0,1.0,9.0,,3.0,4.0,48.0,49.0,25.0,1.0,,,,,,39.0,14.0,12.0,,,7,7.0,0,1,0,1.0,9.0,5.0,4.0,5.0,,23.0,,143.0,40.4,0.0,0,0,1.0,3.0,8.0,25.0,4.0,314.0,8.0,15.0,16.0,3.0,10.0,0.0
Man_Utd_1,2022-23,2293076,27,2023-03-12 14:00:00,"Old Trafford, Manchester",73439.0,Home,Man Utd,Southampton,D,304.0,6.0,11.0,,1.0,2.0,2.0,,11.0,3.0,8.0,1.0,7.0,7.0,41.0,52.0,25.0,,,,,,,52.0,12.0,9.0,,,0,,0,0,0,1.0,3.0,6.0,4.0,9.0,,25.0,,131.0,46.7,0.0,0,1,4.0,3.0,10.0,25.0,,389.0,10.0,21.0,20.0,7.0,8.0,0.0
Man_Utd_1,2022-23,2293083,28,2023-05-04 20:00:00,"American Express Stadium, Falmer",31577.0,Away,Man Utd,Brighton,L,291.0,12.0,7.0,,,2.0,2.0,,12.0,5.0,10.0,,6.0,6.0,50.0,47.0,13.0,,1.0,,,,,46.0,14.0,9.0,,,1,1.0,0,0,0,,6.0,9.0,5.0,5.0,,18.0,,126.0,40.4,0.0,0,0,5.0,6.0,14.0,13.0,2.0,385.0,16.0,20.0,20.0,6.0,13.0,0.0
Man_Utd_1,2022-23,2293097,29,2023-04-02 16:30:00,"St. James' Park, Newcastle",52268.0,Away,Man Utd,Newcastle,L,338.0,14.0,8.0,,,,,,9.0,2.0,11.0,,4.0,7.0,59.0,43.0,22.0,,1.0,,,,,34.0,12.0,8.0,,,2,2.0,0,0,0,,9.0,3.0,1.0,6.0,,18.0,,124.0,54.3,0.0,0,0,4.0,3.0,6.0,22.0,,417.0,6.0,18.0,15.0,4.0,12.0,0.0
Man_Utd_1,2022-23,2293106,30,2023-04-08 12:30:00,"Old Trafford, Manchester",73509.0,Home,Man Utd,Everton,W,535.0,14.0,14.0,,,5.0,6.0,1.0,7.0,8.0,8.0,1.0,10.0,14.0,62.0,46.0,22.0,,,,,,,57.0,10.0,9.0,2.0,2.0,0,,2,0,1,1.0,7.0,16.0,11.0,6.0,,33.0,,131.0,63.8,0.0,0,0,1.0,10.0,24.0,22.0,3.0,614.0,29.0,10.0,56.0,10.0,6.0,0.0
Man_Utd_1,2022-23,2293115,31,2023-04-16 16:30:00,"The City Ground, Nottingham",29435.0,Away,Man Utd,Nott'm Forest,W,504.0,13.0,15.0,,2.0,4.0,4.0,2.0,17.0,5.0,3.0,1.0,9.0,11.0,44.0,47.0,16.0,,1.0,,,,,65.0,9.0,8.0,1.0,2.0,0,,2,0,1,2.0,12.0,9.0,8.0,2.0,,45.0,,156.0,68.2,0.0,0,0,,9.0,16.0,16.0,3.0,608.0,22.0,12.0,43.0,9.0,10.0,0.0
Man_Utd_1,2022-23,2293128,32,2023-05-25 20:00:00,"Old Trafford, Manchester",73561.0,Home,Man Utd,Chelsea,W,368.0,8.0,4.0,1.0,1.0,4.0,4.0,3.0,11.0,5.0,19.0,,3.0,12.0,60.0,43.0,11.0,,,,,,,39.0,12.0,6.0,2.0,4.0,1,1.0,4,0,2,2.0,4.0,11.0,9.0,4.0,,27.0,1.0,112.0,41.1,0.0,0,0,4.0,4.0,15.0,11.0,,438.0,18.0,19.0,38.0,3.0,10.0,0.0
Man_Utd_1,2022-23,2293134,33,2023-04-27 20:15:00,"Tottenham Hotspur Stadium, London",61586.0,Away,Man Utd,Spurs,D,518.0,12.0,11.0,,,3.0,3.0,1.0,5.0,4.0,9.0,,8.0,7.0,47.0,42.0,18.0,,,,,,,64.0,7.0,8.0,2.0,2.0,2,2.0,2,0,2,1.0,14.0,9.0,8.0,3.0,,31.0,,134.0,60.1,0.0,0,0,5.0,5.0,11.0,18.0,3.0,600.0,17.0,16.0,35.0,8.0,13.0,0.0
Man_Utd_1,2022-23,2293148,34,2023-04-30 14:00:00,"Old Trafford, Manchester",73592.0,Home,Man Utd,Aston Villa,W,434.0,6.0,6.0,,1.0,1.0,1.0,1.0,9.0,2.0,5.0,1.0,1.0,8.0,42.0,35.0,17.0,,,,,,,65.0,16.0,7.0,,1.0,0,,1,0,1,1.0,12.0,6.0,6.0,3.0,,28.0,,122.0,57.1,0.0,0,0,1.0,6.0,11.0,17.0,7.0,511.0,14.0,14.0,33.0,1.0,11.0,0.0
Man_Utd_1,2022-23,2293158,35,2023-05-07 19:00:00,"London Stadium, London",62477.0,Away,Man Utd,West Ham,L,588.0,17.0,15.0,,,1.0,1.0,,7.0,3.0,10.0,,7.0,8.0,52.0,42.0,18.0,1.0,1.0,,,,,58.0,9.0,3.0,,,1,1.0,0,1,0,2.0,10.0,6.0,4.0,6.0,,41.0,,130.0,65.4,0.0,0,0,3.0,12.0,17.0,18.0,1.0,680.0,19.0,14.0,36.0,6.0,7.0,0.0
Man_Utd_1,2022-23,2293168,36,2023-05-13 15:00:00,"Old Trafford, Manchester",73570.0,Home,Man Utd,Wolves,W,359.0,14.0,16.0,,,4.0,2.0,2.0,9.0,7.0,16.0,1.0,11.0,3.0,47.0,51.0,23.0,,,,,,,60.0,9.0,9.0,2.0,2.0,0,,2,0,1,1.0,8.0,13.0,9.0,,,29.0,,119.0,48.0,0.0,0,0,,11.0,22.0,23.0,,439.0,27.0,13.0,41.0,11.0,8.0,0.0
Man_Utd_1,2022-23,2293170,37,2023-05-20 15:00:00,"Vitality Stadium, Bournemouth",10240.0,Away,Man Utd,Bournemouth,W,561.0,7.0,13.0,,1.0,,,1.0,6.0,7.0,8.0,1.0,6.0,7.0,34.0,60.0,14.0,,,,,,,64.0,7.0,6.0,,1.0,0,,1,0,1,,5.0,7.0,5.0,3.0,,33.0,,137.0,58.5,0.0,0,0,4.0,8.0,15.0,14.0,2.0,655.0,20.0,26.0,36.0,6.0,19.0,0.0
Man_Utd_1,2022-23,2293188,38,2023-05-28 16:30:00,"Old Trafford, Manchester",73465.0,Home,Man Utd,Fulham,W,415.0,15.0,13.0,,,4.0,4.0,2.0,8.0,6.0,7.0,,5.0,4.0,51.0,51.0,10.0,,,,,,,50.0,14.0,10.0,1.0,2.0,1,1.0,2,1,1,1.0,14.0,11.0,8.0,1.0,,28.0,,113.0,53.2,0.0,0,0,2.0,7.0,18.0,10.0,1.0,493.0,21.0,19.0,30.0,5.0,15.0,0.0
Newcastle_4,2022-23,2292816,1,2022-08-06 15:00:00,"St. James' Park, Newcastle",52245,Home,Newcastle,Nott'm Forest,W,379.0,16.0,12.0,,2.0,2.0,2.0,,14.0,5.0,5.0,1.0,11.0,8.0,45.0,57.0,14.0,,,,,,,70.0,9.0,14.0,1.0,2.0,0,,2,0,0,1.0,11.0,13.0,10.0,2.0,,56.0,,144.0,61.4,0.0,0,0,,8.0,21.0,14.0,2.0,469.0,23.0,19.0,52.0,11.0,13.0,0.0
Newcastle_4,2022-23,2292823,2,2022-08-13 15:00:00,"American Express Stadium, Falmer",31552,Away,Newcastle,Brighton,D,230.0,18.0,16.0,,,,,,10.0,1.0,3.0,1.0,3.0,10.0,43.0,47.0,32.0,,,,,,,50.0,6.0,7.0,,,0,,0,0,0,,14.0,2.0,1.0,5.0,,24.0,,136.0,45.5,0.0,0,0,5.0,2.0,4.0,32.0,4.0,314.0,4.0,12.0,11.0,3.0,7.0,0.0
Newcastle_4,2022-23,2292837,3,2022-08-21 16:30:00,"St. James' Park, Newcastle",52258,Home,Newcastle,Man City,D,185.0,15.0,12.0,,,4.0,2.0,2.0,13.0,2.0,13.0,,5.0,5.0,51.0,42.0,22.0,,1.0,,,,,46.0,14.0,7.0,2.0,3.0,3,3.0,3,1,2,,13.0,7.0,6.0,6.0,,24.0,,119.0,31.3,0.0,0,0,7.0,4.0,11.0,22.0,2.0,275.0,12.0,13.0,23.0,5.0,7.0,0.0
Newcastle_4,2022-23,2292849,4,2022-08-28 14:00:00,"Molineux Stadium, Wolverhampton",31311,Away,Newcastle,Wolves,D,376.0,11.0,16.0,,1.0,,2.0,,25.0,11.0,4.0,,13.0,7.0,48.0,51.0,13.0,,,,,,,65.0,11.0,10.0,,1.0,1,1.0,1,1,0,1.0,6.0,14.0,6.0,4.0,,52.0,,144.0,63.9,0.0,0,0,3.0,4.0,15.0,13.0,1.0,458.0,21.0,15.0,30.0,13.0,10.0,0.0
Newcastle_4,2022-23,2292857,5,2022-08-31 20:00:00,"Anfield, Liverpool",53316,Away,Newcastle,Liverpool,L,163.0,15.0,22.0,,1.0,1.0,,1.0,12.0,,11.0,,,3.0,43.0,58.0,42.0,,,,,,,50.0,10.0,8.0,1.0,1.0,2,2.0,1,0,1,,15.0,1.0,2.0,8.0,,16.0,,124.0,28.2,0.0,0,0,4.0,3.0,4.0,42.0,2.0,256.0,5.0,23.0,4.0,,9.0,0.0
Newcastle_4,2022-23,2292866,6,2022-09-03 15:00:00,"St. James' Park, Newcastle",51863,Home,Newcastle,Crystal Palace,D,283.0,14.0,14.0,,5.0,3.0,5.0,,21.0,10.0,11.0,1.0,13.0,13.0,66.0,48.0,18.0,,,,,,,50.0,19.0,12.0,,,0,,0,0,0,1.0,15.0,9.0,6.0,6.0,,52.0,,144.0,51.7,0.0,0,0,9.0,7.0,14.0,18.0,2.0,359.0,23.0,18.0,55.0,13.0,11.0,0.0
Newcastle_4,2022-23,2292879,7,2023-04-05 20:00:00,"London Stadium, London",62470,Away,Newcastle,West Ham,W,397.0,12.0,19.0,,1.0,4.0,1.0,4.0,9.0,2.0,17.0,,6.0,9.0,54.0,63.0,16.0,1.0,,,,,,55.0,12.0,11.0,4.0,5.0,1,1.0,5,1,2,,13.0,9.0,8.0,2.0,,25.0,,139.0,58.0,0.0,0,0,1.0,5.0,13.0,16.0,,492.0,15.0,24.0,39.0,6.0,14.0,0.0
Newcastle_4,2022-23,2292886,8,2022-09-17 15:00:00,"St. James' Park, Newcastle",52238,Home,Newcastle,Bournemouth,D,556.0,11.0,14.0,1.0,1.0,,,1.0,21.0,5.0,14.0,,8.0,15.0,53.0,44.0,9.0,,,,,,,82.0,10.0,10.0,,1.0,1,1.0,1,0,0,2.0,1.0,6.0,7.0,2.0,,57.0,1.0,151.0,72.4,0.0,0,0,2.0,8.0,13.0,9.0,3.0,643.0,20.0,16.0,37.0,8.0,12.0,0.0
Newcastle_4,2022-23,2292893,9,2022-10-01 15:00:00,"Craven Cottage, London",22913,Away,Newcastle,Fulham,W,530.0,1.0,9.0,,2.0,4.0,3.0,3.0,20.0,5.0,5.0,,8.0,4.0,29.0,35.0,14.0,,,,,,,65.0,10.0,9.0,3.0,4.0,1,1.0,4,0,3,2.0,4.0,14.0,10.0,1.0,,32.0,,119.0,68.3,0.0,1,0,,4.0,17.0,14.0,7.0,605.0,19.0,15.0,51.0,8.0,10.0,0.0
Newcastle_4,2022-23,2292907,10,2022-10-08 15:00:00,"St. James' Park, Newcastle",52067,Home,Newcastle,Brentford,W,309.0,13.0,15.0,,1.0,2.0,1.0,2.0,8.0,6.0,7.0,,9.0,7.0,43.0,48.0,21.0,,,,,,,47.0,14.0,8.0,2.0,5.0,1,1.0,5,0,2,,6.0,8.0,6.0,2.0,,34.0,,126.0,54.4,0.0,0,0,2.0,4.0,10.0,21.0,1.0,389.0,16.0,15.0,31.0,9.0,6.0,0.0
Newcastle_4,2022-23,2292916,11,2022-10-16 14:00:00,"Old Trafford, Manchester",73726,Away,Newcastle,Man Utd,D,217.0,7.0,13.0,,3.0,,1.0,,20.0,2.0,4.0,1.0,4.0,9.0,39.0,38.0,19.0,,,,,,,40.0,11.0,12.0,,,0,,0,0,0,2.0,13.0,3.0,2.0,5.0,,26.0,,129.0,37.0,0.0,0,0,2.0,5.0,7.0,19.0,,301.0,9.0,13.0,18.0,4.0,4.0,0.0
Newcastle_4,2022-23,2292929,12,2022-10-19 19:30:00,"St. James' Park, Newcastle",52247,Home,Newcastle,Everton,W,301.0,6.0,11.0,,2.0,1.0,1.0,,8.0,3.0,12.0,1.0,8.0,11.0,45.0,44.0,9.0,,,,,,,47.0,9.0,11.0,1.0,1.0,0,,1,0,1,,9.0,6.0,4.0,,,27.0,,140.0,49.8,0.0,0,0,,9.0,14.0,9.0,,392.0,16.0,18.0,30.0,8.0,14.0,0.0
Newcastle_4,2022-23,2292937,13,2022-10-23 16:30:00,"Tottenham Hotspur Stadium, London",61726,Away,Newcastle,Spurs,W,332.0,19.0,16.0,,1.0,1.0,1.0,,15.0,5.0,11.0,,7.0,10.0,52.0,49.0,16.0,,,,,,,53.0,6.0,12.0,1.0,2.0,1,1.0,2,0,2,,7.0,5.0,5.0,8.0,,23.0,,134.0,47.6,0.0,0,0,3.0,3.0,7.0,16.0,4.0,409.0,13.0,15.0,31.0,7.0,11.0,0.0
Newcastle_4,2022-23,2292949,14,2022-10-29 15:00:00,"St. James' Park, Newcastle",52233,Home,Newcastle,Aston Villa,W,410.0,8.0,13.0,1.0,1.0,3.0,3.0,3.0,8.0,3.0,4.0,1.0,3.0,12.0,41.0,42.0,7.0,,,,,,,62.0,11.0,10.0,2.0,4.0,0,,4,0,1,2.0,6.0,6.0,7.0,3.0,,29.0,1.0,148.0,59.5,0.0,0,0,,10.0,15.0,7.0,2.0,520.0,20.0,15.0,38.0,3.0,9.0,0.0
Newcastle_4,2022-23,2292956,15,2022-11-06 14:00:00,"St. Mary's Stadium, Southampton",30402,Away,Newcastle,Southampton,W,257.0,8.0,9.0,,,2.0,1.0,2.0,11.0,1.0,13.0,,2.0,11.0,51.0,33.0,25.0,,1.0,,,,,59.0,10.0,7.0,3.0,4.0,1,1.0,4,0,1,,4.0,4.0,4.0,5.0,,21.0,,161.0,44.8,0.0,0,0,4.0,2.0,6.0,25.0,1.0,380.0,7.0,15.0,20.0,2.0,9.0,0.0
Newcastle_4,2022-23,2292965,16,2022-11-12 17:30:00,"St. James' Park, Newcastle",52264,Home,Newcastle,Chelsea,W,373.0,6.0,16.0,,1.0,2.0,2.0,,5.0,4.0,7.0,1.0,5.0,12.0,49.0,52.0,13.0,,1.0,,,,,56.0,14.0,10.0,1.0,1.0,0,,1,0,0,,10.0,7.0,3.0,1.0,,29.0,,136.0,48.9,0.0,0,0,2.0,3.0,9.0,13.0,3.0,451.0,10.0,23.0,22.0,5.0,15.0,0.0
Newcastle_4,2022-23,2292977,17,2022-12-26 15:00:00,"King Power Stadium, Leicester",32185,Away,Newcastle,Leicester,W,282.0,11.0,19.0,1.0,1.0,2.0,,3.0,13.0,3.0,6.0,1.0,5.0,13.0,47.0,51.0,21.0,,,,,,,41.0,6.0,9.0,2.0,3.0,0,,3,0,3,,14.0,5.0,5.0,4.0,,27.0,1.0,150.0,39.9,0.0,0,0,2.0,4.0,8.0,21.0,1.0,380.0,12.0,12.0,22.0,5.0,7.0,0.0
Newcastle_4,2022-23,2292985,18,2022-12-31 15:00:00,"St. James' Park, Newcastle",52211,Home,Newcastle,Leeds,D,324.0,12.0,15.0,,3.0,7.0,7.0,,3.0,2.0,4.0,1.0,9.0,11.0,59.0,59.0,11.0,,,,,,,65.0,13.0,19.0,,,0,,0,0,0,,10.0,5.0,5.0,4.0,,45.0,,170.0,59.0,0.0,0,0,1.0,9.0,12.0,11.0,3.0,419.0,16.0,16.0,27.0,9.0,8.0,0.0
Newcastle_4,2022-23,2292990,19,2023-01-03 19:45:00,"Emirates Stadium, London",60319,Away,Newcastle,Arsenal,D,181.0,12.0,16.0,,2.0,2.0,2.0,,13.0,2.0,2.0,1.0,5.0,7.0,43.0,55.0,29.0,,,,,,,29.0,16.0,10.0,,,0,,0,0,0,,5.0,2.0,1.0,5.0,,23.0,,114.0,33.2,0.0,0,0,4.0,5.0,7.0,29.0,4.0,253.0,8.0,23.0,23.0,5.0,16.0,0.0
Newcastle_4,2022-23,2293006,20,2023-01-15 14:00:00,"St. James' Park, Newcastle",52247,Home,Newcastle,Fulham,W,369.0,14.0,12.0,,3.0,2.0,1.0,1.0,10.0,8.0,8.0,1.0,10.0,5.0,44.0,48.0,12.0,,,,,,,63.0,6.0,12.0,1.0,1.0,0,,1,0,0,1.0,8.0,10.0,5.0,1.0,,43.0,,131.0,62.3,0.0,0,0,,7.0,14.0,12.0,2.0,449.0,20.0,18.0,31.0,10.0,13.0,0.0
Newcastle_4,2022-23,2293012,21,2023-01-21 17:30:00,"Selhurst Park, London",25350,Away,Newcastle,Crystal Palace,D,386.0,18.0,20.0,,1.0,2.0,2.0,,9.0,2.0,3.0,1.0,15.0,20.0,57.0,58.0,22.0,,,,,,,59.0,7.0,13.0,,,0,,0,0,0,,9.0,7.0,7.0,4.0,,46.0,,168.0,60.8,0.0,0,0,1.0,7.0,13.0,22.0,1.0,488.0,16.0,19.0,53.0,15.0,9.0,0.0
Newcastle_4,2022-23,2293026,22,2023-02-04 17:30:00,"St. James' Park, Newcastle",52256,Home,Newcastle,West Ham,D,449.0,15.0,20.0,,2.0,3.0,2.0,1.0,11.0,3.0,6.0,,4.0,13.0,50.0,51.0,23.0,,,,,,,57.0,11.0,12.0,1.0,1.0,1,1.0,1,1,1,,9.0,4.0,2.0,3.0,,35.0,,154.0,62.7,0.0,0,0,,3.0,7.0,23.0,,557.0,8.0,13.0,22.0,4.0,8.0,0.0
Newcastle_4,2022-23,2293030,23,2023-02-11 17:30:00,"Vitality Stadium, Bournemouth",10419,Away,Newcastle,Bournemouth,D,463.0,17.0,16.0,,2.0,,2.0,1.0,11.0,3.0,14.0,,6.0,14.0,61.0,56.0,15.0,,1.0,,,,,74.0,10.0,8.0,,1.0,1,1.0,1,1,1,,9.0,8.0,7.0,2.0,,37.0,,172.0,66.8,0.0,0,0,3.0,5.0,12.0,15.0,5.0,566.0,15.0,15.0,35.0,6.0,9.0,0.0
Newcastle_4,2022-23,2293046,24,2023-02-18 17:30:00,"St. James' Park, Newcastle",52758,Home,Newcastle,Liverpool,L,287.0,5.0,11.0,,,3.0,3.0,,8.0,3.0,9.0,,6.0,5.0,30.0,50.0,22.0,,1.0,,,,,44.0,3.0,8.0,,,2,2.0,0,2,0,2.0,7.0,6.0,4.0,2.0,,29.0,,111.0,37.4,0.0,0,1,5.0,7.0,11.0,22.0,3.0,350.0,14.0,10.0,26.0,6.0,9.0,0.0
Newcastle_4,2022-23,2293057,25,2023-05-18 19:30:00,"St. James' Park, Newcastle",52122,Home,Newcastle,Brighton,W,180.0,7.0,15.0,,4.0,5.0,5.0,3.0,6.0,7.0,15.0,,6.0,7.0,53.0,53.0,9.0,,,,,,,52.0,17.0,16.0,3.0,4.0,1,1.0,4,0,2,,9.0,10.0,9.0,3.0,,34.0,,121.0,33.7,0.0,0,0,1.0,6.0,15.0,9.0,1.0,254.0,22.0,11.0,42.0,6.0,10.0,0.0
Newcastle_4,2022-23,2293066,26,2023-03-04 12:30:00,"Etihad Stadium, Manchester",53419,Away,Newcastle,Man City,L,331.0,9.0,7.0,,,1.0,1.0,,12.0,2.0,12.0,,4.0,9.0,46.0,35.0,17.0,,,,,,,39.0,13.0,5.0,,,2,2.0,0,1,0,,11.0,2.0,2.0,2.0,,24.0,,121.0,43.7,0.0,0,0,1.0,1.0,4.0,17.0,1.0,410.0,5.0,11.0,20.0,4.0,7.0,0.0
Newcastle_4,2022-23,2293077,27,2023-03-12 16:30:00,"St. James' Park, Newcastle",52240,Home,Newcastle,Wolves,W,238.0,11.0,12.0,,2.0,3.0,2.0,1.0,8.0,8.0,11.0,,10.0,12.0,53.0,48.0,20.0,1.0,,,,,,38.0,11.0,10.0,2.0,2.0,1,1.0,2,0,1,1.0,5.0,8.0,8.0,,,39.0,,127.0,42.1,0.0,0,0,3.0,3.0,11.0,20.0,,302.0,19.0,13.0,49.0,10.0,6.0,0.0
Newcastle_4,2022-23,2293087,28,2023-03-17 20:00:00,"The City Ground, Nottingham",29362,Away,Newcastle,Nott'm Forest,W,358.0,13.0,25.0,1.0,1.0,2.0,1.0,2.0,6.0,6.0,5.0,,7.0,5.0,39.0,64.0,9.0,1.0,1.0,,,,,54.0,9.0,16.0,1.0,2.0,1,1.0,2,1,1,1.0,8.0,8.0,4.0,,,46.0,1.0,145.0,61.6,0.0,0,0,2.0,5.0,12.0,9.0,1.0,449.0,15.0,15.0,36.0,7.0,11.0,0.0
Newcastle_4,2022-23,2293097,29,2023-04-02 16:30:00,"St. James' Park, Newcastle",52268,Home,Newcastle,Man Utd,W,264.0,8.0,14.0,,2.0,3.0,2.0,2.0,9.0,7.0,9.0,1.0,7.0,9.0,43.0,59.0,8.0,,,,,,,34.0,8.0,12.0,2.0,2.0,0,,2,0,0,2.0,11.0,12.0,6.0,2.0,,34.0,,124.0,45.7,0.0,0,0,1.0,9.0,20.0,8.0,1.0,343.0,22.0,22.0,45.0,7.0,15.0,0.0
Newcastle_4,2022-23,2293101,30,2023-04-08 15:00:00,"Gtech Community Stadium, Brentford",17107,Away,Newcastle,Brentford,W,341.0,23.0,20.0,,1.0,1.0,1.0,,5.0,2.0,9.0,,5.0,5.0,62.0,55.0,27.0,,,,,,,50.0,15.0,10.0,1.0,2.0,1,1.0,2,1,0,,7.0,6.0,4.0,2.0,,29.0,,113.0,59.0,0.0,0,0,5.0,4.0,9.0,27.0,2.0,413.0,10.0,19.0,15.0,5.0,10.0,0.0
Newcastle_4,2022-23,2293110,31,2023-04-15 12:30:00,"Villa Park, Birmingham",42055,Away,Newcastle,Aston Villa,L,283.0,8.0,11.0,,1.0,1.0,1.0,,12.0,3.0,9.0,,2.0,7.0,50.0,52.0,13.0,,,,,,,43.0,15.0,13.0,,,3,3.0,0,1,0,,7.0,4.0,2.0,3.0,,28.0,,125.0,48.0,0.0,0,0,3.0,3.0,7.0,13.0,4.0,362.0,8.0,18.0,15.0,2.0,11.0,0.0
Newcastle_4,2022-23,2293129,32,2023-04-23 14:00:00,"St. James' Park, Newcastle",52252,Home,Newcastle,Spurs,W,446.0,4.0,10.0,,,5.0,3.0,4.0,14.0,12.0,12.0,,9.0,8.0,40.0,52.0,8.0,,,,,,,58.0,7.0,13.0,4.0,6.0,1,1.0,6,0,5,,6.0,16.0,8.0,3.0,,35.0,,113.0,57.0,0.0,0,0,2.0,5.0,21.0,8.0,2.0,516.0,25.0,13.0,42.0,9.0,7.0,0.0
Newcastle_4,2022-23,2293131,33,2023-04-27 19:45:00,"Goodison Park, Liverpool",39248,Away,Newcastle,Everton,W,338.0,11.0,9.0,,,1.0,,3.0,7.0,4.0,13.0,,14.0,11.0,48.0,41.0,14.0,,1.0,,,,,42.0,6.0,8.0,2.0,4.0,1,1.0,4,0,1,,9.0,7.0,8.0,3.0,,30.0,,182.0,60.4,0.0,0,0,4.0,3.0,10.0,14.0,1.0,452.0,15.0,14.0,32.0,14.0,7.0,0.0
Newcastle_4,2022-23,2293149,34,2023-04-30 14:00:00,"St. James' Park, Newcastle",52234,Home,Newcastle,Southampton,W,408.0,7.0,21.0,,3.0,3.0,3.0,2.0,11.0,8.0,17.0,,11.0,13.0,54.0,61.0,7.0,,,,,,,73.0,7.0,8.0,1.0,3.0,1,1.0,3,1,0,2.0,9.0,10.0,5.0,,,46.0,,164.0,63.4,0.0,0,0,2.0,9.0,18.0,7.0,1.0,498.0,22.0,17.0,56.0,11.0,7.0,0.0
Newcastle_4,2022-23,2293155,35,2023-05-07 16:30:00,"St. James' Park, Newcastle",50267,Home,Newcastle,Arsenal,L,315.0,12.0,17.0,,2.0,2.0,2.0,,5.0,3.0,6.0,,9.0,13.0,57.0,58.0,11.0,,,,,,,44.0,16.0,11.0,,,2,2.0,0,1,0,2.0,8.0,8.0,5.0,2.0,1.0,36.0,,138.0,54.3,0.0,0,0,5.0,4.0,12.0,11.0,,395.0,12.0,18.0,34.0,9.0,9.0,0.0
Newcastle_4,2022-23,2293166,36,2023-05-13 12:30:00,"Elland Road, Leeds",36955,Away,Newcastle,Leeds,D,365.0,11.0,18.0,2.0,1.0,,,2.0,8.0,6.0,3.0,,6.0,8.0,50.0,71.0,21.0,,,,,,,49.0,14.0,14.0,,2.0,2,2.0,2,1,1,,13.0,7.0,5.0,2.0,,37.0,2.0,148.0,63.9,0.0,1,0,2.0,7.0,11.0,21.0,2.0,452.0,18.0,21.0,37.0,6.0,12.0,0.0
Newcastle_4,2022-23,2293175,37,2023-05-22 20:00:00,"St. James' Park, Newcastle",52152,Home,Newcastle,Leicester,D,628.0,13.0,19.0,,,1.0,3.0,,4.0,6.0,7.0,1.0,12.0,12.0,46.0,39.0,9.0,,,,,,,79.0,9.0,5.0,,,0,,0,0,0,3.0,4.0,7.0,4.0,,,58.0,,137.0,77.6,0.0,0,0,1.0,13.0,14.0,9.0,1.0,702.0,23.0,6.0,47.0,12.0,2.0,0.0
Newcastle_4,2022-23,2293183,38,2023-05-28 16:30:00,"Stamford Bridge, London",40130,Away,Newcastle,Chelsea,D,274.0,6.0,5.0,,,2.0,1.0,1.0,6.0,4.0,14.0,,3.0,10.0,52.0,42.0,28.0,,,,,,,30.0,11.0,9.0,1.0,1.0,1,1.0,1,1,1,1.0,8.0,6.0,4.0,9.0,1.0,20.0,,102.0,35.6,0.0,0,0,5.0,5.0,8.0,28.0,1.0,329.0,13.0,14.0,22.0,3.0,6.0,0.0
Nottm_Forest_17,2022-23,2292816,1,2022-08-06 15:00:00,"St. James' Park, Newcastle",52245.0,Away,Nott'm Forest,Newcastle,L,207.0,12.0,16.0,,,,,,13.0,2.0,12.0,,1.0,8.0,57.0,45.0,36.0,,,,,,,45.0,14.0,9.0,,,2,2.0,0,0,0,,10.0,1.0,,6.0,,16.0,,135.0,38.6,0.0,0,0,7.0,3.0,2.0,36.0,,294.0,5.0,15.0,8.0,1.0,11.0,0.0
Nottm_Forest_17,2022-23,2292827,2,2022-08-14 14:00:00,"The City Ground, Nottingham",29281.0,Home,Nott'm Forest,West Ham,W,190.0,20.0,18.0,,1.0,2.0,2.0,1.0,24.0,3.0,8.0,1.0,6.0,12.0,53.0,51.0,29.0,,,,,,,52.0,10.0,10.0,,1.0,0,,1,0,1,1.0,5.0,5.0,6.0,6.0,,28.0,,153.0,43.2,0.0,0,0,4.0,4.0,7.0,29.0,3.0,288.0,13.0,16.0,20.0,6.0,8.0,0.0
Nottm_Forest_17,2022-23,2292832,3,2022-08-20 15:00:00,"Goodison Park, Liverpool",39271.0,Away,Nott'm Forest,Everton,D,326.0,10.0,15.0,,,,,1.0,4.0,3.0,9.0,,2.0,6.0,41.0,46.0,20.0,,1.0,,,,,64.0,9.0,4.0,,1.0,1,1.0,1,0,0,,2.0,6.0,5.0,5.0,,22.0,,164.0,51.7,0.0,0,0,7.0,6.0,8.0,20.0,1.0,444.0,14.0,22.0,17.0,2.0,17.0,0.0
Nottm_Forest_17,2022-23,2292847,4,2022-08-28 16:30:00,"The City Ground, Nottingham",29296.0,Home,Nott'm Forest,Spurs,L,481.0,15.0,15.0,,,,,,10.0,7.0,6.0,,6.0,4.0,42.0,55.0,7.0,,,,,,,73.0,11.0,11.0,,,2,2.0,0,1,0,,13.0,5.0,1.0,5.0,,37.0,,135.0,55.3,0.0,0,0,4.0,9.0,12.0,7.0,1.0,568.0,17.0,21.0,40.0,6.0,11.0,0.0
Nottm_Forest_17,2022-23,2292858,5,2022-08-31 19:30:00,"Etihad Stadium, Manchester",53409.0,Away,Nott'm Forest,Man City,L,192.0,17.0,8.0,,,2.0,2.0,,9.0,3.0,7.0,,1.0,7.0,42.0,37.0,24.0,1.0,,,,,,23.0,7.0,9.0,,,6,6.0,0,3,0,,14.0,2.0,1.0,2.0,,12.0,,94.0,25.1,0.0,0,0,3.0,4.0,6.0,24.0,2.0,261.0,8.0,14.0,7.0,1.0,8.0,0.0
Nottm_Forest_17,2022-23,2292867,6,2022-09-03 15:00:00,"The City Ground, Nottingham",28720.0,Home,Nott'm Forest,Bournemouth,L,402.0,12.0,12.0,1.0,,,,1.0,17.0,5.0,5.0,,4.0,9.0,42.0,41.0,17.0,1.0,,,,,,60.0,13.0,8.0,1.0,2.0,3,3.0,2,0,2,,9.0,6.0,3.0,3.0,,39.0,1.0,136.0,52.7,0.0,0,0,,3.0,8.0,17.0,1.0,486.0,11.0,13.0,22.0,4.0,7.0,0.0
Nottm_Forest_17,2022-23,2292874,7,2023-04-04 19:45:00,"Elland Road, Leeds",36740.0,Away,Nott'm Forest,Leeds,L,198.0,23.0,15.0,,1.0,,,,18.0,8.0,15.0,,4.0,7.0,65.0,54.0,31.0,1.0,,,,,,54.0,13.0,11.0,1.0,1.0,2,2.0,1,2,1,1.0,8.0,5.0,1.0,9.0,,24.0,,157.0,37.6,0.0,0,0,4.0,4.0,6.0,31.0,3.0,296.0,13.0,18.0,20.0,4.0,5.0,0.0
Nottm_Forest_17,2022-23,2292887,8,2022-09-16 20:00:00,"The City Ground, Nottingham",28654.0,Home,Nott'm Forest,Fulham,L,279.0,15.0,19.0,,,2.0,1.0,2.0,3.0,3.0,9.0,,2.0,10.0,46.0,40.0,22.0,,,,,,,42.0,11.0,10.0,1.0,2.0,3,3.0,2,0,1,,8.0,2.0,3.0,5.0,,19.0,,142.0,40.8,0.0,0,0,4.0,5.0,7.0,22.0,2.0,375.0,11.0,10.0,10.0,2.0,3.0,0.0
Nottm_Forest_17,2022-23,2292895,9,2022-10-03 20:00:00,"King Power Stadium, Leicester",32202.0,Away,Nott'm Forest,Leicester,L,362.0,12.0,11.0,,,3.0,3.0,,6.0,2.0,5.0,,6.0,5.0,39.0,46.0,15.0,,,,,,,35.0,12.0,11.0,,,4,4.0,0,3,0,1.0,13.0,4.0,3.0,3.0,,21.0,,139.0,48.4,0.0,0,0,4.0,5.0,7.0,15.0,4.0,464.0,10.0,13.0,15.0,6.0,9.0,0.0
Nottm_Forest_17,2022-23,2292908,10,2022-10-10 20:00:00,"The City Ground, Nottingham",29208.0,Home,Nott'm Forest,Aston Villa,D,246.0,9.0,21.0,,1.0,,,,4.0,2.0,7.0,,1.0,10.0,48.0,62.0,23.0,,,,,,,51.0,13.0,19.0,1.0,1.0,1,1.0,1,1,1,,7.0,4.0,3.0,8.0,,16.0,,141.0,39.9,0.0,0,0,1.0,1.0,5.0,23.0,,333.0,6.0,14.0,9.0,1.0,9.0,0.0
Nottm_Forest_17,2022-23,2292919,11,2022-10-15 15:00:00,"Molineux Stadium, Wolverhampton",31554.0,Away,Nott'm Forest,Wolves,L,225.0,9.0,17.0,,1.0,,1.0,,12.0,2.0,3.0,,5.0,11.0,40.0,56.0,21.0,,,,,,,46.0,13.0,16.0,,,1,1.0,0,0,0,,7.0,2.0,2.0,1.0,,25.0,1.0,138.0,42.0,0.0,0,0,1.0,6.0,5.0,21.0,1.0,313.0,10.0,16.0,16.0,5.0,6.0,0.0
Nottm_Forest_17,2022-23,2292923,12,2022-10-18 19:30:00,"American Express Stadium, Falmer",31463.0,Away,Nott'm Forest,Brighton,D,176.0,16.0,15.0,,,,,,21.0,,2.0,1.0,1.0,6.0,42.0,42.0,24.0,,,,,,,38.0,14.0,10.0,,,0,,0,0,0,,9.0,,,5.0,,13.0,,121.0,29.7,0.0,0,0,7.0,3.0,3.0,24.0,,260.0,3.0,13.0,6.0,1.0,8.0,0.0
Nottm_Forest_17,2022-23,2292935,13,2022-10-22 12:30:00,"The City Ground, Nottingham",29245.0,Home,Nott'm Forest,Liverpool,W,145.0,11.0,11.0,,2.0,4.0,4.0,1.0,14.0,2.0,6.0,1.0,2.0,9.0,44.0,46.0,38.0,,,,,,,40.0,14.0,8.0,,1.0,0,,1,0,0,1.0,8.0,8.0,7.0,1.0,,14.0,,130.0,24.8,0.0,0,0,7.0,1.0,9.0,38.0,3.0,227.0,10.0,19.0,11.0,2.0,15.0,0.0
Nottm_Forest_17,2022-23,2292941,14,2022-10-30 14:00:00,"Emirates Stadium, London",60263.0,Away,Nott'm Forest,Arsenal,L,207.0,10.0,13.0,,,,,,16.0,1.0,1.0,,4.0,6.0,32.0,51.0,30.0,,1.0,,,,,34.0,8.0,9.0,,,5,5.0,0,1,0,,5.0,1.0,2.0,10.0,,15.0,,109.0,30.9,0.0,0,0,4.0,2.0,2.0,30.0,2.0,275.0,5.0,25.0,15.0,4.0,14.0,0.0
Nottm_Forest_17,2022-23,2292955,15,2022-11-05 15:00:00,"The City Ground, Nottingham",28869.0,Home,Nott'm Forest,Brentford,D,317.0,14.0,16.0,,1.0,2.0,3.0,,17.0,2.0,4.0,,3.0,10.0,40.0,54.0,17.0,,,,,,,65.0,10.0,10.0,1.0,2.0,2,2.0,2,1,1,,5.0,7.0,7.0,1.0,,31.0,,163.0,47.2,0.0,0,0,,6.0,10.0,17.0,,419.0,15.0,18.0,25.0,3.0,11.0,0.0
Nottm_Forest_17,2022-23,2292966,16,2022-11-12 15:00:00,"The City Ground, Nottingham",29045.0,Home,Nott'm Forest,Crystal Palace,W,203.0,14.0,9.0,,3.0,,,1.0,3.0,1.0,4.0,1.0,1.0,8.0,40.0,47.0,25.0,,,,,,,32.0,11.0,13.0,,1.0,0,,1,0,0,,11.0,2.0,2.0,1.0,,22.0,,120.0,31.5,0.0,0,0,,6.0,6.0,25.0,3.0,284.0,9.0,21.0,11.0,1.0,12.0,0.0
Nottm_Forest_17,2022-23,2292978,17,2022-12-27 20:00:00,"Old Trafford, Manchester",73608.0,Away,Nott'm Forest,Man Utd,L,224.0,7.0,6.0,,1.0,,,,10.0,2.0,3.0,,9.0,13.0,31.0,47.0,24.0,,,,,,,47.0,4.0,13.0,,,3,3.0,0,2,0,,8.0,4.0,3.0,6.0,,25.0,,152.0,34.2,0.0,0,0,5.0,3.0,5.0,24.0,2.0,314.0,8.0,17.0,20.0,9.0,11.0,0.0
Nottm_Forest_17,2022-23,2292986,18,2023-01-01 16:30:00,"The City Ground, Nottingham",29229.0,Home,Nott'm Forest,Chelsea,D,196.0,7.0,6.0,,2.0,,,,7.0,3.0,7.0,,1.0,8.0,46.0,41.0,15.0,,,,,,,42.0,16.0,14.0,1.0,1.0,1,1.0,1,1,0,1.0,11.0,6.0,5.0,3.0,,24.0,,114.0,27.7,0.0,0,0,1.0,4.0,10.0,15.0,2.0,256.0,12.0,18.0,19.0,1.0,10.0,0.0
Nottm_Forest_17,2022-23,2292999,19,2023-01-04 19:30:00,"St. Mary's Stadium, Southampton",30150.0,Away,Nott'm Forest,Southampton,W,180.0,25.0,30.0,,2.0,2.0,1.0,1.0,8.0,1.0,3.0,1.0,2.0,9.0,59.0,69.0,33.0,,,,,,,39.0,17.0,14.0,1.0,1.0,0,,1,0,1,1.0,10.0,2.0,1.0,2.0,,15.0,,158.0,37.5,0.0,0,0,,9.0,7.0,33.0,,283.0,11.0,22.0,16.0,2.0,11.0,0.0
Nottm_Forest_17,2022-23,2293007,20,2023-01-14 15:00:00,"The City Ground, Nottingham",29301.0,Home,Nott'm Forest,Leicester,W,260.0,11.0,13.0,,,3.0,1.0,2.0,16.0,6.0,4.0,1.0,3.0,9.0,38.0,51.0,27.0,,,,,,,48.0,11.0,11.0,2.0,2.0,0,,2,0,0,,9.0,7.0,5.0,2.0,,31.0,,133.0,38.8,0.0,0,0,1.0,4.0,11.0,27.0,2.0,345.0,15.0,14.0,18.0,3.0,6.0,0.0
Nottm_Forest_17,2022-23,2293010,21,2023-01-21 15:00:00,"Vitality Stadium, Bournemouth",10248.0,Away,Nott'm Forest,Bournemouth,D,388.0,20.0,18.0,,2.0,1.0,,1.0,9.0,4.0,1.0,,6.0,6.0,39.0,54.0,20.0,,,,,,,57.0,7.0,10.0,1.0,1.0,1,1.0,1,1,0,,11.0,7.0,5.0,5.0,,38.0,,153.0,57.6,0.0,0,0,2.0,11.0,15.0,20.0,2.0,485.0,20.0,21.0,26.0,6.0,10.0,0.0
Nottm_Forest_17,2022-23,2293027,22,2023-02-05 14:00:00,"The City Ground, Nottingham",29363.0,Home,Nott'm Forest,Leeds,W,138.0,30.0,28.0,,2.0,,,,14.0,2.0,9.0,1.0,,11.0,72.0,77.0,25.0,,,,,,,43.0,15.0,14.0,,1.0,0,,1,0,1,,15.0,3.0,2.0,3.0,,11.0,,189.0,30.1,0.0,0,0,4.0,2.0,5.0,25.0,2.0,253.0,6.0,26.0,6.0,,17.0,0.0
Nottm_Forest_17,2022-23,2293033,23,2023-02-11 15:00:00,"Craven Cottage, London",24244.0,Away,Nott'm Forest,Fulham,L,314.0,18.0,16.0,,,1.0,1.0,,6.0,2.0,18.0,,4.0,6.0,57.0,42.0,18.0,,,,,,,50.0,11.0,9.0,,,2,2.0,0,1,0,,10.0,2.0,1.0,2.0,,25.0,,134.0,50.0,0.0,0,0,1.0,7.0,6.0,18.0,3.0,408.0,10.0,10.0,20.0,4.0,8.0,0.0
Nottm_Forest_17,2022-23,2293047,24,2023-02-18 15:00:00,"The City Ground, Nottingham",29365.0,Home,Nott'm Forest,Man City,D,164.0,10.0,13.0,,,1.0,,1.0,13.0,1.0,14.0,,,8.0,42.0,36.0,37.0,,,,,,,32.0,8.0,6.0,1.0,1.0,1,1.0,1,1,0,,8.0,1.0,1.0,6.0,,6.0,,117.0,27.0,0.0,0,0,5.0,2.0,3.0,37.0,2.0,252.0,4.0,13.0,9.0,,8.0,0.0
Nottm_Forest_17,2022-23,2293059,25,2023-02-25 15:00:00,"London Stadium, London",62469.0,Away,Nott'm Forest,West Ham,L,340.0,25.0,23.0,,1.0,,,,7.0,2.0,11.0,,3.0,2.0,54.0,57.0,24.0,,,,,,,52.0,5.0,6.0,,,4,4.0,0,0,0,,5.0,5.0,3.0,5.0,,22.0,,147.0,50.9,0.0,0,0,1.0,3.0,8.0,24.0,1.0,435.0,8.0,15.0,15.0,3.0,9.0,0.0
Nottm_Forest_17,2022-23,2293067,26,2023-03-05 14:00:00,"The City Ground, Nottingham",29353.0,Home,Nott'm Forest,Everton,D,362.0,30.0,21.0,,2.0,,,1.0,17.0,4.0,6.0,,3.0,10.0,68.0,73.0,19.0,,,,,,,68.0,11.0,16.0,1.0,2.0,2,2.0,2,2,1,,9.0,6.0,4.0,5.0,,37.0,,182.0,57.1,0.0,0,0,1.0,2.0,7.0,19.0,,472.0,10.0,24.0,26.0,3.0,17.0,0.0
Nottm_Forest_17,2022-23,2293078,27,2023-03-11 15:00:00,"Tottenham Hotspur Stadium, London",61460.0,Away,Nott'm Forest,Spurs,L,318.0,17.0,11.0,,2.0,1.0,1.0,1.0,6.0,2.0,10.0,,10.0,5.0,50.0,44.0,18.0,,,,,,,39.0,13.0,12.0,1.0,1.0,3,3.0,1,2,0,,7.0,6.0,5.0,5.0,,28.0,1.0,113.0,44.8,0.0,0,0,4.0,2.0,7.0,18.0,1.0,391.0,9.0,8.0,21.0,10.0,7.0,0.0
Nottm_Forest_17,2022-23,2293087,28,2023-03-17 20:00:00,"The City Ground, Nottingham",29362.0,Home,Nott'm Forest,Newcastle,L,192.0,25.0,13.0,,,,,1.0,7.0,,9.0,,3.0,7.0,64.0,39.0,23.0,,,,,,,46.0,17.0,9.0,,1.0,2,2.0,1,1,1,,10.0,1.0,3.0,5.0,,18.0,,140.0,38.4,0.0,0,0,2.0,2.0,1.0,23.0,1.0,285.0,5.0,12.0,6.0,3.0,9.0,0.0
Nottm_Forest_17,2022-23,2293098,29,2023-04-01 15:00:00,"The City Ground, Nottingham",29368.0,Home,Nott'm Forest,Wolves,D,162.0,16.0,17.0,,5.0,,,,14.0,3.0,11.0,,4.0,3.0,54.0,56.0,13.0,,,,,,,38.0,14.0,13.0,1.0,1.0,1,1.0,1,0,1,,6.0,9.0,7.0,4.0,,26.0,,123.0,27.6,0.0,0,0,,7.0,13.0,13.0,2.0,235.0,17.0,15.0,43.0,4.0,8.0,0.0
Nottm_Forest_17,2022-23,2293100,30,2023-04-08 15:00:00,"Villa Park, Birmingham",42076.0,Away,Nott'm Forest,Aston Villa,L,149.0,11.0,14.0,,,,,,6.0,3.0,9.0,,8.0,3.0,49.0,48.0,11.0,1.0,,,,,,39.0,17.0,7.0,,,2,2.0,0,0,0,,5.0,2.0,2.0,1.0,,27.0,,127.0,34.7,0.0,0,0,1.0,1.0,3.0,11.0,7.0,227.0,6.0,17.0,14.0,8.0,11.0,0.0
Nottm_Forest_17,2022-23,2293115,31,2023-04-16 16:30:00,"The City Ground, Nottingham",29435.0,Home,Nott'm Forest,Man Utd,L,183.0,15.0,13.0,,1.0,2.0,2.0,,20.0,2.0,12.0,,4.0,5.0,47.0,44.0,28.0,,,,,,,48.0,9.0,8.0,,,2,2.0,0,1,0,1.0,11.0,2.0,,5.0,,23.0,,139.0,31.8,0.0,0,0,5.0,4.0,4.0,28.0,1.0,281.0,6.0,20.0,14.0,4.0,11.0,0.0
Nottm_Forest_17,2022-23,2293127,32,2023-04-22 15:00:00,"Anfield, Liverpool",,Away,Nott'm Forest,Liverpool,L,78.0,19.0,14.0,,2.0,1.0,1.0,,8.0,1.0,8.0,,3.0,6.0,53.0,40.0,27.0,,,,,,,35.0,12.0,8.0,1.0,2.0,3,3.0,2,0,0,1.0,12.0,2.0,5.0,6.0,,25.0,,114.0,18.9,0.0,0,0,2.0,5.0,6.0,27.0,3.0,148.0,11.0,15.0,25.0,3.0,11.0,0.0
Nottm_Forest_17,2022-23,2293133,33,2023-04-26 19:30:00,"The City Ground, Nottingham",28808.0,Home,Nott'm Forest,Brighton,W,155.0,10.0,9.0,1.0,,1.0,2.0,1.0,13.0,2.0,12.0,,2.0,6.0,43.0,43.0,20.0,1.0,,,,,,38.0,7.0,7.0,1.0,3.0,1,1.0,3,1,1,,14.0,4.0,5.0,4.0,,17.0,2.0,116.0,24.8,0.0,0,0,6.0,5.0,9.0,20.0,1.0,232.0,12.0,18.0,22.0,2.0,11.0,0.0
Nottm_Forest_17,2022-23,2293142,34,2023-04-29 15:00:00,"Gtech Community Stadium, Brentford",17080.0,Away,Nott'm Forest,Brentford,L,174.0,22.0,23.0,,1.0,1.0,1.0,1.0,6.0,1.0,7.0,,,7.0,51.0,51.0,41.0,,,,,,,36.0,13.0,6.0,,1.0,2,2.0,1,0,1,,7.0,2.0,3.0,3.0,,9.0,,125.0,31.1,0.0,0,0,6.0,1.0,3.0,41.0,1.0,255.0,5.0,21.0,7.0,,13.0,0.0
Nottm_Forest_17,2022-23,2293156,35,2023-05-08 20:00:00,"The City Ground, Nottingham",29154.0,Home,Nott'm Forest,Southampton,W,213.0,8.0,12.0,1.0,,1.0,,2.0,9.0,2.0,11.0,,2.0,5.0,41.0,46.0,23.0,,,,,,,42.0,16.0,9.0,3.0,4.0,3,3.0,4,1,3,,12.0,4.0,4.0,5.0,,21.0,1.0,131.0,35.9,0.0,0,0,2.0,3.0,5.0,23.0,3.0,306.0,9.0,20.0,26.0,2.0,8.0,0.0
Nottm_Forest_17,2022-23,2293163,36,2023-05-13 15:00:00,"Stamford Bridge, London",40030.0,Away,Nott'm Forest,Chelsea,D,132.0,16.0,13.0,,2.0,3.0,1.0,2.0,4.0,2.0,15.0,,5.0,5.0,60.0,56.0,25.0,,,,,,,48.0,15.0,11.0,2.0,2.0,2,2.0,2,0,1,,17.0,4.0,2.0,4.0,,24.0,,124.0,23.9,0.0,0,0,4.0,7.0,7.0,25.0,2.0,217.0,11.0,28.0,13.0,5.0,15.0,0.0
Nottm_Forest_17,2022-23,2293176,37,2023-05-20 17:30:00,"The City Ground, Nottingham",29514.0,Home,Nott'm Forest,Arsenal,W,80.0,27.0,9.0,,1.0,,1.0,1.0,11.0,1.0,5.0,1.0,3.0,4.0,48.0,44.0,23.0,,,,,,,44.0,11.0,10.0,,1.0,0,,1,0,1,,12.0,2.0,2.0,1.0,,20.0,,121.0,18.3,0.0,0,0,3.0,3.0,4.0,23.0,1.0,161.0,6.0,18.0,13.0,3.0,12.0,0.0
Nottm_Forest_17,2022-23,2293184,38,2023-05-28 16:30:00,"Selhurst Park, London",25198.0,Away,Nott'm Forest,Crystal Palace,D,193.0,14.0,10.0,,,,,,7.0,1.0,7.0,,4.0,8.0,49.0,40.0,19.0,,,,,,,53.0,13.0,9.0,1.0,1.0,1,1.0,1,0,1,,6.0,4.0,4.0,3.0,,16.0,,126.0,34.0,0.0,0,0,2.0,2.0,4.0,19.0,2.0,276.0,7.0,19.0,13.0,4.0,10.0,0.0
Southampton_20,2022-23,2292817,1,2022-08-06 15:00:00,"Tottenham Hotspur Stadium, London",61732.0,Away,Southampton,Spurs,L,337.0,13.0,11.0,,3.0,,,,22.0,3.0,7.0,,2.0,17.0,49.0,45.0,19.0,,,,,,,62.0,6.0,11.0,1.0,1.0,4,4.0,1,2,1,,13.0,4.0,2.0,3.0,1.0,31.0,,130.0,42.5,0.0,0,0,5.0,5.0,8.0,19.0,,410.0,10.0,14.0,23.0,2.0,6.0,0.0
Southampton_20,2022-23,2292828,2,2022-08-13 15:00:00,"St. Mary's Stadium, Southampton",30815.0,Home,Southampton,Leeds,D,232.0,23.0,17.0,,,2.0,,2.0,22.0,3.0,6.0,,2.0,19.0,65.0,62.0,17.0,,,,,,,66.0,10.0,11.0,2.0,2.0,2,2.0,2,0,0,,14.0,5.0,4.0,3.0,,31.0,,165.0,42.6,0.0,0,0,3.0,7.0,8.0,17.0,1.0,332.0,14.0,17.0,16.0,2.0,9.0,0.0
Southampton_20,2022-23,2292835,3,2022-08-20 15:00:00,"King Power Stadium, Leicester",30850.0,Away,Southampton,Leicester,W,240.0,17.0,20.0,,1.0,3.0,1.0,2.0,20.0,1.0,9.0,,5.0,8.0,55.0,63.0,22.0,,,,,,,61.0,15.0,11.0,2.0,2.0,1,1.0,2,0,0,1.0,10.0,3.0,3.0,2.0,,29.0,,147.0,38.0,0.0,0,0,,5.0,8.0,22.0,1.0,335.0,9.0,19.0,21.0,5.0,12.0,0.0
Southampton_20,2022-23,2292848,4,2022-08-27 12:30:00,"St. Mary's Stadium, Southampton",31196.0,Home,Southampton,Man Utd,L,266.0,26.0,19.0,,,1.0,1.0,,13.0,2.0,7.0,,5.0,8.0,50.0,56.0,10.0,,,,,,,66.0,4.0,14.0,,,1,1.0,0,0,0,,13.0,6.0,5.0,5.0,,48.0,,158.0,48.3,0.0,0,0,3.0,10.0,15.0,10.0,1.0,364.0,17.0,17.0,40.0,5.0,8.0,0.0
Southampton_20,2022-23,2292859,5,2022-08-30 19:45:00,"St. Mary's Stadium, Southampton",,Home,Southampton,Chelsea,W,158.0,16.0,13.0,,,3.0,2.0,1.0,31.0,2.0,5.0,,5.0,9.0,62.0,47.0,29.0,,,,,,,57.0,15.0,9.0,1.0,2.0,1,1.0,2,1,2,,13.0,7.0,7.0,4.0,,27.0,,164.0,32.2,0.0,0,0,3.0,,7.0,29.0,,259.0,9.0,19.0,19.0,5.0,13.0,0.0
Southampton_20,2022-23,2292869,6,2022-09-03 15:00:00,"Molineux Stadium, Wolverhampton",30546.0,Away,Southampton,Wolves,L,317.0,14.0,10.0,,,1.0,1.0,,24.0,4.0,9.0,,6.0,9.0,48.0,53.0,18.0,,,,,,,73.0,14.0,10.0,,,1,1.0,0,1,0,1.0,10.0,4.0,1.0,1.0,,40.0,,139.0,49.2,0.0,0,0,1.0,7.0,9.0,18.0,,406.0,12.0,20.0,36.0,6.0,12.0,0.0
Southampton_20,2022-23,2292878,7,2023-03-15 19:30:00,"St. Mary's Stadium, Southampton",30438.0,Home,Southampton,Brentford,L,464.0,24.0,17.0,,,,,,16.0,3.0,10.0,,3.0,14.0,67.0,53.0,12.0,,,,,,,62.0,14.0,8.0,,,2,2.0,0,1,0,,3.0,2.0,1.0,4.0,,38.0,,163.0,66.4,0.0,0,0,2.0,3.0,4.0,12.0,1.0,563.0,7.0,16.0,23.0,3.0,6.0,0.0
Southampton_20,2022-23,2292880,8,2022-09-16 20:00:00,"Villa Park, Birmingham",40758.0,Away,Southampton,Aston Villa,L,277.0,29.0,20.0,,2.0,,,,18.0,3.0,6.0,,3.0,12.0,82.0,72.0,26.0,,,,,,,46.0,13.0,13.0,,,1,1.0,0,1,0,,12.0,2.0,1.0,5.0,,29.0,,175.0,47.3,0.0,0,0,2.0,3.0,3.0,26.0,,376.0,7.0,28.0,12.0,3.0,18.0,0.0
Southampton_20,2022-23,2292898,9,2022-10-01 15:00:00,"St. Mary's Stadium, Southampton",30510.0,Home,Southampton,Everton,L,362.0,19.0,13.0,,2.0,3.0,3.0,,25.0,7.0,7.0,,7.0,13.0,60.0,52.0,17.0,,,,,,,60.0,11.0,10.0,1.0,1.0,2,2.0,1,0,0,,8.0,9.0,6.0,3.0,,35.0,,139.0,54.2,0.0,0,0,3.0,9.0,15.0,17.0,,445.0,22.0,22.0,39.0,7.0,11.0,0.0
Southampton_20,2022-23,2292906,10,2022-10-08 15:00:00,"Etihad Stadium, Manchester",53365.0,Away,Southampton,Man City,L,317.0,11.0,10.0,,,,,,14.0,2.0,9.0,,1.0,4.0,43.0,38.0,20.0,1.0,,,,,,38.0,8.0,3.0,,,4,4.0,0,2,0,,11.0,,,4.0,,10.0,,119.0,34.8,0.0,0,0,4.0,3.0,2.0,20.0,1.0,393.0,5.0,19.0,3.0,1.0,9.0,0.0
Southampton_20,2022-23,2292917,11,2022-10-16 14:00:00,"St. Mary's Stadium, Southampton",29159.0,Home,Southampton,West Ham,D,234.0,23.0,23.0,,,1.0,1.0,,12.0,1.0,5.0,,4.0,15.0,57.0,48.0,34.0,,1.0,,,,,53.0,7.0,3.0,,1.0,1,1.0,1,0,1,,13.0,6.0,8.0,12.0,,23.0,,148.0,39.1,0.0,0,0,3.0,1.0,7.0,34.0,1.0,323.0,10.0,14.0,17.0,4.0,5.0,0.0
Southampton_20,2022-23,2292920,12,2022-10-19 19:30:00,"Vitality Stadium, Bournemouth",10405.0,Away,Southampton,Bournemouth,W,376.0,15.0,9.0,,,1.0,1.0,,25.0,4.0,4.0,1.0,3.0,7.0,44.0,45.0,24.0,,,,,,,51.0,13.0,8.0,1.0,1.0,0,,1,0,1,,9.0,6.0,3.0,4.0,,20.0,,137.0,46.5,0.0,0,0,3.0,2.0,7.0,24.0,,464.0,9.0,23.0,14.0,3.0,11.0,0.0
Southampton_20,2022-23,2292936,13,2022-10-23 14:00:00,"St. Mary's Stadium, Southampton",31145.0,Home,Southampton,Arsenal,D,288.0,11.0,11.0,,,1.0,,1.0,16.0,4.0,3.0,,9.0,12.0,40.0,41.0,17.0,,,,,,,28.0,11.0,6.0,1.0,1.0,1,1.0,1,1,0,,3.0,7.0,3.0,5.0,,34.0,,136.0,40.7,0.0,0,0,2.0,3.0,8.0,17.0,4.0,358.0,10.0,21.0,14.0,9.0,14.0,0.0
Southampton_20,2022-23,2292944,14,2022-10-29 15:00:00,"Selhurst Park, London",25130.0,Away,Southampton,Crystal Palace,L,404.0,18.0,18.0,,1.0,3.0,3.0,,5.0,4.0,12.0,,4.0,12.0,65.0,56.0,21.0,1.0,,,,,,59.0,12.0,13.0,,,1,1.0,0,1,0,1.0,6.0,6.0,4.0,5.0,,34.0,,166.0,55.6,0.0,0,0,2.0,6.0,12.0,21.0,3.0,497.0,14.0,20.0,28.0,4.0,13.0,0.0
Southampton_20,2022-23,2292956,15,2022-11-06 14:00:00,"St. Mary's Stadium, Southampton",30402.0,Home,Southampton,Newcastle,L,366.0,9.0,8.0,,1.0,2.0,1.0,1.0,8.0,5.0,2.0,,8.0,7.0,33.0,51.0,17.0,,,,,,,70.0,7.0,9.0,1.0,1.0,4,4.0,1,1,0,,13.0,8.0,5.0,1.0,,30.0,,158.0,55.2,0.0,0,0,,6.0,13.0,17.0,4.0,468.0,16.0,21.0,29.0,8.0,15.0,0.0
Southampton_20,2022-23,2292963,16,2022-11-12 15:00:00,"Anfield, Liverpool",53331.0,Away,Southampton,Liverpool,L,356.0,11.0,9.0,,1.0,3.0,2.0,1.0,8.0,1.0,8.0,,,9.0,39.0,41.0,18.0,,,,,,,69.0,8.0,8.0,1.0,1.0,3,3.0,1,3,1,,10.0,6.0,5.0,2.0,,27.0,,135.0,40.1,0.0,0,0,4.0,3.0,9.0,18.0,2.0,445.0,9.0,16.0,21.0,,8.0,0.0
Southampton_20,2022-23,2292979,17,2022-12-26 15:00:00,"St. Mary's Stadium, Southampton",31010.0,Home,Southampton,Brighton,L,254.0,17.0,14.0,,3.0,,1.0,1.0,14.0,3.0,11.0,,4.0,6.0,57.0,49.0,17.0,1.0,,,,,,46.0,9.0,9.0,,1.0,3,3.0,1,2,0,,12.0,4.0,4.0,1.0,1.0,27.0,1.0,121.0,33.6,0.0,0,0,2.0,7.0,10.0,17.0,,329.0,14.0,16.0,21.0,4.0,10.0,0.0
Southampton_20,2022-23,2292982,18,2022-12-31 15:00:00,"Craven Cottage, London",24344.0,Away,Southampton,Fulham,L,224.0,13.0,19.0,,,1.0,1.0,,10.0,2.0,1.0,,4.0,13.0,44.0,50.0,16.0,,,,,,,54.0,13.0,6.0,,1.0,2,2.0,1,1,0,,15.0,4.0,3.0,1.0,1.0,23.0,,176.0,37.5,0.0,0,0,1.0,4.0,6.0,16.0,,342.0,9.0,21.0,14.0,4.0,14.0,0.0
Southampton_20,2022-23,2292999,19,2023-01-04 19:30:00,"St. Mary's Stadium, Southampton",30150.0,Home,Southampton,Nott'm Forest,L,365.0,30.0,25.0,,1.0,1.0,1.0,,5.0,2.0,3.0,,6.0,20.0,69.0,59.0,17.0,1.0,1.0,,,,,68.0,14.0,17.0,,,1,1.0,0,1,0,,9.0,2.0,,1.0,,37.0,,167.0,62.5,0.0,0,0,,6.0,6.0,17.0,1.0,468.0,8.0,14.0,15.0,6.0,7.0,0.0
Southampton_20,2022-23,2293004,20,2023-01-14 15:00:00,"Goodison Park, Liverpool",39305.0,Away,Southampton,Everton,W,261.0,21.0,26.0,,,1.0,,1.0,6.0,6.0,7.0,,4.0,6.0,55.0,53.0,33.0,,,,,,,47.0,18.0,6.0,1.0,2.0,1,1.0,2,1,0,1.0,5.0,8.0,5.0,3.0,,27.0,,155.0,47.8,0.0,0,0,3.0,2.0,9.0,33.0,2.0,369.0,13.0,18.0,26.0,4.0,12.0,0.0
Southampton_20,2022-23,2293018,21,2023-01-21 15:00:00,"St. Mary's Stadium, Southampton",30158.0,Home,Southampton,Aston Villa,L,228.0,14.0,23.0,,2.0,1.0,1.0,,14.0,1.0,5.0,,2.0,9.0,57.0,61.0,24.0,,,,,,,55.0,19.0,9.0,,,1,1.0,0,0,0,,12.0,5.0,5.0,3.0,,19.0,,145.0,36.5,0.0,0,0,4.0,2.0,7.0,24.0,3.0,322.0,8.0,25.0,13.0,2.0,11.0,0.0
Southampton_20,2022-23,2293021,22,2023-02-04 15:00:00,"Gtech Community Stadium, Brentford",17051.0,Away,Southampton,Brentford,L,323.0,20.0,25.0,,1.0,1.0,2.0,,4.0,4.0,3.0,,4.0,10.0,46.0,55.0,29.0,,,,,,,57.0,9.0,10.0,,,3,3.0,0,2,0,,17.0,8.0,6.0,5.0,,28.0,,157.0,51.7,0.0,0,0,,4.0,11.0,29.0,2.0,427.0,14.0,16.0,18.0,4.0,10.0,0.0
Southampton_20,2022-23,2293038,23,2023-02-11 15:00:00,"St. Mary's Stadium, Southampton",29751.0,Home,Southampton,Wolves,L,232.0,15.0,31.0,,6.0,,1.0,,6.0,5.0,13.0,,5.0,11.0,61.0,74.0,15.0,,,,,,,70.0,12.0,13.0,,1.0,2,2.0,1,0,1,,10.0,3.0,2.0,7.0,1.0,44.0,,161.0,40.9,0.0,1,0,,10.0,11.0,15.0,,329.0,17.0,16.0,32.0,5.0,11.0,0.0
Southampton_20,2022-23,2293043,24,2023-02-18 15:00:00,"Stamford Bridge, London",40152.0,Away,Southampton,Chelsea,W,241.0,13.0,12.0,,3.0,,1.0,,8.0,,17.0,1.0,2.0,9.0,72.0,68.0,27.0,,,,,,,54.0,25.0,16.0,,1.0,0,,1,0,1,,13.0,2.0,5.0,8.0,,11.0,,124.0,38.7,0.0,0,0,4.0,3.0,4.0,27.0,1.0,320.0,8.0,31.0,11.0,2.0,22.0,0.0
Southampton_20,2022-23,2293054,25,2023-02-25 15:00:00,"Elland Road, Leeds",36641.0,Away,Southampton,Leeds,L,268.0,12.0,11.0,,,,,,9.0,3.0,7.0,,2.0,10.0,55.0,61.0,30.0,,,,,,,49.0,13.0,14.0,,,1,1.0,0,0,0,,11.0,5.0,2.0,3.0,,15.0,,138.0,39.4,0.0,0,0,3.0,3.0,8.0,30.0,3.0,345.0,8.0,27.0,8.0,2.0,15.0,0.0
Southampton_20,2022-23,2293068,26,2023-03-04 17:30:00,"St. Mary's Stadium, Southampton",30139.0,Home,Southampton,Leicester,W,227.0,26.0,12.0,,,,1.0,,22.0,4.0,9.0,1.0,3.0,15.0,69.0,52.0,20.0,,1.0,,,,,51.0,12.0,10.0,1.0,1.0,0,,1,0,1,,16.0,4.0,5.0,3.0,,16.0,1.0,160.0,34.9,0.0,0,0,,2.0,6.0,20.0,4.0,330.0,11.0,21.0,11.0,3.0,9.0,0.0
Southampton_20,2022-23,2293076,27,2023-03-12 14:00:00,"Old Trafford, Manchester",73439.0,Away,Southampton,Man Utd,D,373.0,11.0,6.0,,,,,,10.0,9.0,11.0,1.0,8.0,12.0,52.0,41.0,19.0,,,,,,,49.0,9.0,12.0,,,0,,0,0,0,2.0,15.0,11.0,4.0,3.0,,26.0,,133.0,53.3,0.0,1,0,4.0,4.0,13.0,19.0,2.0,444.0,17.0,15.0,24.0,8.0,10.0,0.0
Southampton_20,2022-23,2293088,28,2023-03-18 15:00:00,"St. Mary's Stadium, Southampton",30157.0,Home,Southampton,Spurs,D,388.0,14.0,10.0,1.0,,2.0,,3.0,6.0,5.0,10.0,,10.0,11.0,55.0,48.0,18.0,,,,,,,61.0,13.0,7.0,2.0,3.0,3,3.0,3,1,0,,8.0,10.0,7.0,5.0,,27.0,1.0,118.0,50.4,0.0,0,0,,7.0,15.0,18.0,2.0,457.0,19.0,13.0,30.0,10.0,10.0,0.0
Southampton_20,2022-23,2293099,29,2023-04-02 14:00:00,"London Stadium, London",62465.0,Away,Southampton,West Ham,L,455.0,12.0,19.0,,,,,,10.0,2.0,7.0,,3.0,13.0,58.0,70.0,22.0,,,,,,,55.0,11.0,10.0,,,1,1.0,0,1,0,1.0,14.0,,3.0,2.0,,25.0,,160.0,57.0,0.0,0,0,2.0,4.0,4.0,22.0,1.0,544.0,9.0,26.0,18.0,3.0,15.0,0.0
Southampton_20,2022-23,2293107,30,2023-04-08 17:30:00,"St. Mary's Stadium, Southampton",30963.0,Home,Southampton,Man City,L,204.0,13.0,7.0,,1.0,1.0,,1.0,13.0,1.0,8.0,,,3.0,36.0,41.0,22.0,,,,,,,34.0,6.0,10.0,1.0,1.0,4,4.0,1,1,0,,8.0,2.0,1.0,3.0,,12.0,,96.0,27.2,0.0,0,0,4.0,2.0,4.0,22.0,,271.0,4.0,11.0,8.0,,9.0,0.0
Southampton_20,2022-23,2293116,31,2023-04-15 15:00:00,"St. Mary's Stadium, Southampton",30309.0,Home,Southampton,Crystal Palace,L,420.0,14.0,20.0,,,1.0,1.0,,8.0,3.0,13.0,,6.0,14.0,55.0,59.0,7.0,,,,,,,54.0,6.0,12.0,,,2,2.0,0,0,0,1.0,16.0,5.0,4.0,4.0,,25.0,,139.0,58.2,0.0,0,0,,4.0,8.0,7.0,3.0,499.0,11.0,15.0,21.0,6.0,7.0,0.0
Southampton_20,2022-23,2293121,32,2023-04-21 20:00:00,"Emirates Stadium, London",60175.0,Away,Southampton,Arsenal,D,153.0,15.0,11.0,,,2.0,,2.0,10.0,1.0,11.0,,2.0,11.0,57.0,55.0,41.0,,,,,,,40.0,14.0,10.0,2.0,3.0,3,3.0,3,1,2,,15.0,3.0,6.0,9.0,,12.0,,124.0,25.8,0.0,0,0,2.0,1.0,4.0,41.0,2.0,237.0,8.0,22.0,11.0,2.0,15.0,0.0
Southampton_20,2022-23,2293139,33,2023-04-27 19:45:00,"St. Mary's Stadium, Southampton",30414.0,Home,Southampton,Bournemouth,L,411.0,12.0,10.0,,1.0,,,,8.0,3.0,17.0,,6.0,13.0,57.0,56.0,18.0,,,,,,,57.0,9.0,10.0,,,1,1.0,0,0,0,2.0,13.0,4.0,2.0,9.0,,35.0,,153.0,56.5,0.0,0,0,1.0,6.0,7.0,18.0,4.0,501.0,11.0,19.0,21.0,6.0,15.0,0.0
Southampton_20,2022-23,2293149,34,2023-04-30 14:00:00,"St. James' Park, Newcastle",52234.0,Away,Southampton,Newcastle,L,208.0,21.0,7.0,,,1.0,,1.0,12.0,,16.0,,2.0,6.0,61.0,54.0,36.0,1.0,,,,,,27.0,10.0,7.0,1.0,1.0,3,3.0,1,0,1,,8.0,1.0,3.0,7.0,1.0,11.0,,141.0,36.6,0.0,0,0,3.0,1.0,2.0,36.0,2.0,298.0,4.0,23.0,14.0,2.0,16.0,0.0
Southampton_20,2022-23,2293156,35,2023-05-08 20:00:00,"The City Ground, Nottingham",29154.0,Away,Southampton,Nott'm Forest,L,448.0,12.0,8.0,1.0,1.0,4.0,2.0,3.0,10.0,5.0,5.0,,11.0,15.0,46.0,41.0,14.0,,,,,,,67.0,10.0,16.0,2.0,3.0,4,4.0,3,3,1,,9.0,9.0,5.0,2.0,,37.0,1.0,143.0,64.1,0.0,0,0,,9.0,17.0,14.0,1.0,537.0,19.0,6.0,41.0,11.0,4.0,0.0
Southampton_20,2022-23,2293169,36,2023-05-13 15:00:00,"St. Mary's Stadium, Southampton",28978.0,Home,Southampton,Fulham,L,272.0,8.0,14.0,,,,,,12.0,2.0,10.0,,1.0,5.0,45.0,45.0,25.0,,,,,,,41.0,17.0,9.0,,,2,2.0,0,0,0,,9.0,1.0,1.0,5.0,,18.0,,107.0,35.6,0.0,0,0,1.0,2.0,3.0,25.0,4.0,349.0,5.0,16.0,11.0,1.0,9.0,0.0
Southampton_20,2022-23,2293171,37,2023-05-21 14:00:00,"American Express Stadium, Falmer",31507.0,Away,Southampton,Brighton,L,293.0,11.0,4.0,,,1.0,2.0,,5.0,1.0,12.0,,3.0,7.0,45.0,33.0,19.0,,1.0,,,,,24.0,9.0,8.0,1.0,1.0,3,3.0,1,2,0,,14.0,1.0,1.0,7.0,,9.0,,107.0,37.0,0.0,0,0,5.0,3.0,3.0,19.0,1.0,368.0,5.0,16.0,5.0,3.0,10.0,0.0
Southampton_20,2022-23,2293189,38,2023-05-28 16:30:00,"St. Mary's Stadium, Southampton",31129.0,Home,Southampton,Liverpool,D,201.0,12.0,12.0,,,1.0,,2.0,9.0,,10.0,,2.0,7.0,46.0,59.0,36.0,1.0,1.0,,,,,31.0,4.0,10.0,3.0,4.0,4,4.0,4,2,2,,17.0,6.0,10.0,11.0,,10.0,,112.0,31.0,0.0,0,0,4.0,5.0,9.0,36.0,,272.0,15.0,21.0,17.0,2.0,15.0,0.0
Spurs_6,2022-23,2292817,1,2022-08-06 15:00:00,"Tottenham Hotspur Stadium, London",61732,Home,Spurs,Southampton,W,471.0,11.0,13.0,,,1.0,,1.0,21.0,4.0,9.0,,10.0,9.0,45.0,49.0,18.0,,,,,,,54.0,11.0,5.0,3.0,4.0,1,1.0,4,1,2,,3.0,11.0,8.0,3.0,,39.0,,132.0,57.5,0.0,0,0,1.0,6.0,15.0,18.0,2.0,554.0,18.0,24.0,32.0,10.0,15.0,0.0
Spurs_6,2022-23,2292824,2,2022-08-14 16:30:00,"Stamford Bridge, London",39946,Away,Spurs,Chelsea,D,269.0,14.0,16.0,,2.0,4.0,3.0,1.0,29.0,3.0,11.0,,5.0,14.0,62.0,56.0,32.0,,,,,,,28.0,9.0,8.0,2.0,2.0,2,2.0,2,1,0,,15.0,7.0,5.0,7.0,,16.0,,132.0,36.3,0.0,0,0,1.0,2.0,8.0,32.0,1.0,340.0,10.0,25.0,12.0,5.0,12.0,0.0
Spurs_6,2022-23,2292838,3,2022-08-20 12:30:00,"Tottenham Hotspur Stadium, London",61298,Home,Spurs,Wolves,W,411.0,9.0,5.0,,,1.0,,1.0,18.0,2.0,9.0,1.0,8.0,10.0,46.0,38.0,17.0,,,,,,,45.0,10.0,8.0,1.0,1.0,0,,1,0,0,2.0,4.0,4.0,4.0,9.0,,27.0,,121.0,49.9,0.0,0,0,3.0,5.0,9.0,17.0,2.0,472.0,11.0,18.0,32.0,8.0,8.0,0.0
Spurs_6,2022-23,2292847,4,2022-08-28 16:30:00,"The City Ground, Nottingham",29296,Away,Spurs,Nott'm Forest,W,372.0,15.0,15.0,,,1.0,1.0,1.0,1.0,4.0,8.0,1.0,1.0,14.0,55.0,42.0,25.0,,,,,,,40.0,13.0,9.0,2.0,2.0,0,,2,0,1,,18.0,8.0,7.0,7.0,,9.0,1.0,135.0,44.7,0.0,0,0,1.0,7.0,13.0,25.0,3.0,462.0,18.0,12.0,25.0,1.0,7.0,0.0
Spurs_6,2022-23,2292856,5,2022-08-31 19:45:00,"London Stadium, London",62450,Away,Spurs,West Ham,D,555.0,18.0,10.0,,,,,,12.0,7.0,1.0,,4.0,9.0,41.0,29.0,17.0,,1.0,,,,,42.0,10.0,8.0,,1.0,1,1.0,1,0,1,,6.0,8.0,3.0,1.0,,29.0,,106.0,61.7,0.0,0,0,3.0,2.0,9.0,17.0,,621.0,12.0,7.0,24.0,4.0,3.0,0.0
Spurs_6,2022-23,2292868,6,2022-09-03 15:00:00,"Tottenham Hotspur Stadium, London",61641,Home,Spurs,Fulham,W,418.0,11.0,17.0,,1.0,1.0,2.0,1.0,19.0,6.0,8.0,,10.0,6.0,46.0,49.0,17.0,,,,,,,42.0,9.0,6.0,1.0,2.0,1,1.0,2,0,1,2.0,8.0,10.0,10.0,1.0,,34.0,,109.0,51.9,0.0,0,0,2.0,7.0,15.0,17.0,3.0,475.0,23.0,19.0,38.0,10.0,9.0,0.0
Spurs_6,2022-23,2292877,7,2023-01-19 20:00:00,"Etihad Stadium, Manchester",53088,Away,Spurs,Man City,L,352.0,11.0,11.0,,,1.0,1.0,,8.0,2.0,4.0,,3.0,10.0,43.0,40.0,27.0,2.0,,,,,,35.0,14.0,9.0,,2.0,4,4.0,2,0,2,1.0,6.0,3.0,3.0,5.0,,17.0,,111.0,42.1,0.0,0,0,2.0,4.0,5.0,27.0,1.0,424.0,9.0,16.0,23.0,3.0,9.0,0.0
Spurs_6,2022-23,2292888,8,2022-09-17 17:30:00,"Tottenham Hotspur Stadium, London",61450,Home,Spurs,Leicester,W,403.0,10.0,12.0,,1.0,2.0,,3.0,5.0,3.0,4.0,,6.0,7.0,37.0,43.0,8.0,,,,,,,36.0,9.0,8.0,5.0,6.0,2,2.0,6,2,2,1.0,14.0,12.0,11.0,5.0,,21.0,,121.0,43.7,0.0,0,0,5.0,2.0,12.0,8.0,1.0,482.0,16.0,14.0,23.0,6.0,4.0,0.0
Spurs_6,2022-23,2292891,9,2022-10-01 12:30:00,"Emirates Stadium, London",60278,Away,Spurs,Arsenal,L,240.0,9.0,7.0,1.0,2.0,1.0,1.0,1.0,4.0,2.0,10.0,,2.0,8.0,43.0,37.0,26.0,2.0,1.0,,,,,29.0,10.0,10.0,,1.0,3,3.0,1,1,1,,5.0,3.0,3.0,4.0,,16.0,1.0,104.0,35.3,0.0,0,1,6.0,2.0,5.0,26.0,3.0,307.0,7.0,16.0,13.0,2.0,10.0,0.0
Spurs_6,2022-23,2292902,10,2022-10-08 17:30:00,"American Express Stadium, Falmer",31498,Away,Spurs,Brighton,W,398.0,12.0,11.0,,1.0,1.0,,1.0,8.0,1.0,9.0,1.0,2.0,9.0,51.0,42.0,19.0,,1.0,,,,,54.0,14.0,8.0,1.0,1.0,0,,1,0,1,,11.0,3.0,3.0,5.0,,17.0,,134.0,41.1,0.0,0,0,4.0,4.0,7.0,19.0,3.0,489.0,8.0,15.0,16.0,2.0,12.0,0.0
Spurs_6,2022-23,2292918,11,2022-10-15 17:30:00,"Tottenham Hotspur Stadium, London",61812,Home,Spurs,Everton,W,515.0,10.0,13.0,1.0,2.0,2.0,2.0,1.0,14.0,8.0,4.0,1.0,7.0,10.0,41.0,37.0,6.0,,1.0,,,,,61.0,12.0,13.0,1.0,2.0,0,,2,0,0,,3.0,13.0,7.0,1.0,,40.0,1.0,115.0,61.5,0.0,0,0,,6.0,16.0,6.0,,583.0,21.0,8.0,37.0,7.0,6.0,0.0
Spurs_6,2022-23,2292928,12,2022-10-19 20:15:00,"Old Trafford, Manchester",73677,Away,Spurs,Man Utd,L,445.0,11.0,7.0,,,1.0,1.0,,24.0,2.0,9.0,,3.0,12.0,44.0,32.0,10.0,,,,,,,48.0,7.0,7.0,,,2,2.0,0,0,0,,17.0,4.0,2.0,9.0,,23.0,,135.0,48.1,0.0,0,0,8.0,5.0,9.0,10.0,,528.0,9.0,10.0,21.0,3.0,5.0,0.0
Spurs_6,2022-23,2292937,13,2022-10-23 16:30:00,"Tottenham Hotspur Stadium, London",61726,Home,Spurs,Newcastle,L,361.0,16.0,19.0,,,2.0,1.0,1.0,5.0,8.0,6.0,,6.0,8.0,49.0,53.0,17.0,1.0,,,,,,53.0,12.0,6.0,1.0,1.0,2,2.0,1,2,0,,7.0,12.0,5.0,4.0,,29.0,,143.0,52.4,0.0,0,0,3.0,4.0,15.0,17.0,3.0,457.0,17.0,17.0,22.0,6.0,10.0,0.0
Spurs_6,2022-23,2292940,14,2022-10-29 15:00:00,"Vitality Stadium, Bournemouth",10430,Away,Spurs,Bournemouth,W,567.0,12.0,11.0,,1.0,2.0,1.0,1.0,22.0,6.0,,,19.0,13.0,35.0,43.0,10.0,,,,,,,70.0,5.0,9.0,2.0,3.0,2,2.0,3,1,0,1.0,6.0,11.0,7.0,,,59.0,,138.0,69.4,0.0,0,0,2.0,10.0,17.0,10.0,3.0,631.0,23.0,16.0,33.0,19.0,7.0,0.0
Spurs_6,2022-23,2292957,15,2022-11-06 16:30:00,"Tottenham Hotspur Stadium, London",62008,Home,Spurs,Liverpool,L,428.0,12.0,14.0,,2.0,3.0,4.0,,14.0,3.0,7.0,,5.0,9.0,43.0,45.0,12.0,1.0,,,,,,58.0,10.0,7.0,1.0,1.0,2,2.0,1,2,0,2.0,13.0,4.0,5.0,4.0,,45.0,,156.0,46.6,0.0,0,0,4.0,6.0,9.0,12.0,1.0,518.0,14.0,15.0,29.0,5.0,11.0,0.0
Spurs_6,2022-23,2292967,16,2022-11-12 15:00:00,"Tottenham Hotspur Stadium, London",61667,Home,Spurs,Leeds,W,450.0,13.0,14.0,,,4.0,4.0,2.0,9.0,3.0,3.0,,9.0,8.0,42.0,45.0,9.0,,,,,,,69.0,8.0,7.0,1.0,4.0,3,3.0,4,2,1,,12.0,7.0,8.0,4.0,,32.0,,155.0,54.7,0.0,1,0,2.0,3.0,9.0,9.0,,545.0,14.0,12.0,32.0,9.0,8.0,0.0
Spurs_6,2022-23,2292972,17,2022-12-26 12:30:00,"Gtech Community Stadium, Brentford",17137,Away,Spurs,Brentford,D,418.0,14.0,28.0,,,,,,9.0,5.0,3.0,,5.0,12.0,42.0,67.0,20.0,,,,,,,53.0,10.0,10.0,1.0,2.0,2,2.0,2,1,0,1.0,5.0,10.0,8.0,1.0,,38.0,,168.0,60.9,0.0,0,0,3.0,2.0,12.0,20.0,5.0,511.0,15.0,18.0,23.0,5.0,8.0,0.0
Spurs_6,2022-23,2292987,18,2023-01-01 14:00:00,"Tottenham Hotspur Stadium, London",61651,Home,Spurs,Aston Villa,L,498.0,7.0,10.0,,1.0,1.0,1.0,,8.0,2.0,5.0,,5.0,14.0,45.0,38.0,9.0,1.0,,,,,,57.0,15.0,9.0,,,2,2.0,0,0,0,,11.0,3.0,2.0,5.0,,33.0,,137.0,59.3,0.0,0,0,2.0,2.0,5.0,9.0,1.0,579.0,6.0,14.0,12.0,5.0,8.0,0.0
Spurs_6,2022-23,2292994,19,2023-01-04 20:00:00,"Selhurst Park, London",25132,Away,Spurs,Crystal Palace,W,470.0,8.0,19.0,,,2.0,1.0,1.0,4.0,5.0,10.0,1.0,4.0,11.0,48.0,56.0,28.0,,1.0,,,,,40.0,8.0,10.0,2.0,4.0,0,,4,0,0,,9.0,6.0,6.0,6.0,,28.0,,125.0,53.3,0.0,0,0,4.0,3.0,8.0,28.0,2.0,545.0,14.0,22.0,21.0,4.0,14.0,0.0
Spurs_6,2022-23,2293008,20,2023-01-15 16:30:00,"Tottenham Hotspur Stadium, London",61870,Home,Spurs,Arsenal,L,381.0,13.0,22.0,,,2.0,2.0,,6.0,6.0,6.0,,4.0,10.0,48.0,58.0,21.0,1.0,1.0,,,,,50.0,16.0,13.0,,,2,2.0,0,2,0,,11.0,11.0,7.0,4.0,1.0,28.0,,132.0,50.6,0.0,0,0,4.0,4.0,13.0,21.0,1.0,461.0,17.0,17.0,26.0,4.0,11.0,0.0
Spurs_6,2022-23,2293013,21,2023-01-23 20:15:00,"Craven Cottage, London",24190,Away,Spurs,Fulham,W,349.0,9.0,21.0,,,1.0,1.0,,6.0,3.0,4.0,1.0,8.0,6.0,42.0,59.0,31.0,,,,,,,31.0,10.0,10.0,1.0,1.0,0,,1,0,1,,7.0,4.0,3.0,1.0,,20.0,,146.0,47.1,0.0,0,0,5.0,4.0,7.0,31.0,,446.0,10.0,23.0,18.0,8.0,12.0,0.0
Spurs_6,2022-23,2293028,22,2023-02-05 16:30:00,"Tottenham Hotspur Stadium, London",61747,Home,Spurs,Man City,W,226.0,16.0,9.0,,,2.0,1.0,1.0,3.0,4.0,6.0,1.0,4.0,10.0,59.0,43.0,24.0,,,,,,,27.0,19.0,14.0,1.0,1.0,0,,1,0,1,,9.0,4.0,3.0,5.0,,15.0,,116.0,35.2,0.0,0,1,5.0,5.0,8.0,24.0,2.0,303.0,12.0,14.0,29.0,4.0,8.0,0.0
Spurs_6,2022-23,2293035,23,2023-02-11 15:00:00,"King Power Stadium, Leicester",32184,Away,Spurs,Leicester,L,387.0,10.0,26.0,,,,,1.0,9.0,1.0,10.0,,5.0,12.0,56.0,65.0,10.0,,,,,,,40.0,9.0,14.0,,1.0,4,4.0,1,3,1,,9.0,,4.0,3.0,,16.0,,140.0,51.1,0.0,0,0,2.0,6.0,5.0,10.0,2.0,468.0,11.0,10.0,18.0,5.0,6.0,0.0
Spurs_6,2022-23,2293048,24,2023-02-19 16:30:00,"Tottenham Hotspur Stadium, London",61476,Home,Spurs,West Ham,W,460.0,20.0,19.0,,,2.0,1.0,2.0,11.0,6.0,10.0,1.0,4.0,10.0,64.0,51.0,28.0,,,,,,,52.0,16.0,8.0,2.0,2.0,0,,2,0,0,,8.0,10.0,6.0,1.0,,34.0,,140.0,57.0,0.0,0,0,1.0,4.0,12.0,28.0,,544.0,16.0,19.0,31.0,4.0,13.0,0.0
Spurs_6,2022-23,2293058,25,2023-02-26 13:30:00,"Tottenham Hotspur Stadium, London",61613,Home,Spurs,Chelsea,W,337.0,11.0,17.0,,,1.0,,1.0,10.0,1.0,10.0,1.0,4.0,10.0,50.0,65.0,22.0,,,,,,,35.0,10.0,9.0,1.0,2.0,0,,2,0,0,1.0,10.0,3.0,3.0,3.0,,16.0,,122.0,41.2,0.0,0,0,2.0,4.0,6.0,22.0,,410.0,8.0,27.0,16.0,4.0,16.0,0.0
Spurs_6,2022-23,2293069,26,2023-03-04 15:00:00,"Molineux Stadium, Wolverhampton",31585,Away,Spurs,Wolves,L,406.0,9.0,10.0,,3.0,2.0,2.0,,11.0,9.0,8.0,,8.0,13.0,52.0,33.0,10.0,,,,,,,49.0,18.0,10.0,,,1,1.0,0,0,0,2.0,6.0,11.0,6.0,,,34.0,,117.0,53.5,0.0,0,0,4.0,6.0,14.0,10.0,1.0,473.0,21.0,5.0,26.0,8.0,3.0,0.0
Spurs_6,2022-23,2293078,27,2023-03-11 15:00:00,"Tottenham Hotspur Stadium, London",61460,Home,Spurs,Nott'm Forest,W,427.0,11.0,17.0,1.0,2.0,,,1.0,6.0,5.0,13.0,,2.0,3.0,44.0,50.0,28.0,,,,,,,51.0,13.0,13.0,2.0,3.0,1,1.0,3,0,2,,8.0,9.0,7.0,1.0,,28.0,1.0,100.0,55.2,0.0,0,0,4.0,3.0,12.0,28.0,1.0,490.0,15.0,10.0,32.0,2.0,6.0,0.0
Spurs_6,2022-23,2293088,28,2023-03-18 15:00:00,"St. Mary's Stadium, Southampton",30157,Away,Spurs,Southampton,D,377.0,10.0,14.0,,1.0,2.0,,2.0,2.0,5.0,18.0,,3.0,9.0,48.0,55.0,20.0,,,,,,,41.0,8.0,12.0,2.0,3.0,3,3.0,3,0,1,,9.0,7.0,3.0,5.0,,28.0,,115.0,49.6,0.0,0,0,4.0,9.0,15.0,20.0,1.0,450.0,17.0,19.0,17.0,3.0,13.0,0.0
Spurs_6,2022-23,2293095,29,2023-04-03 20:00:00,"Goodison Park, Liverpool",39294,Away,Spurs,Everton,D,502.0,13.0,15.0,1.0,,1.0,1.0,1.0,5.0,1.0,6.0,,3.0,11.0,56.0,50.0,21.0,,1.0,,,,,52.0,14.0,10.0,,1.0,1,1.0,1,0,0,,5.0,1.0,2.0,4.0,,26.0,1.0,148.0,60.7,0.0,1,1,5.0,5.0,6.0,21.0,3.0,596.0,8.0,14.0,20.0,3.0,8.0,0.0
Spurs_6,2022-23,2293108,30,2023-04-08 15:00:00,"Tottenham Hotspur Stadium, London",61405,Home,Spurs,Brighton,W,231.0,18.0,9.0,,1.0,,,,16.0,2.0,8.0,,3.0,7.0,59.0,46.0,23.0,,,,,,,32.0,15.0,12.0,2.0,2.0,1,1.0,2,1,1,,7.0,5.0,3.0,7.0,,23.0,,113.0,35.2,0.0,0,0,3.0,4.0,8.0,23.0,2.0,299.0,9.0,17.0,21.0,3.0,10.0,0.0
Spurs_6,2022-23,2293117,31,2023-04-15 15:15:00,"Tottenham Hotspur Stadium, London",61369,Home,Spurs,Bournemouth,L,395.0,10.0,21.0,,2.0,3.0,2.0,1.0,6.0,8.0,13.0,,8.0,7.0,47.0,56.0,6.0,1.0,,,,,,59.0,8.0,8.0,1.0,2.0,3,3.0,2,1,1,,11.0,9.0,8.0,1.0,,39.0,,148.0,57.4,0.0,0,0,3.0,8.0,16.0,6.0,1.0,485.0,24.0,17.0,40.0,8.0,11.0,0.0
Spurs_6,2022-23,2293129,32,2023-04-23 14:00:00,"St. James' Park, Newcastle",52252,Away,Spurs,Newcastle,L,317.0,10.0,4.0,,,1.0,,1.0,11.0,3.0,16.0,,3.0,9.0,52.0,40.0,16.0,,1.0,,,,,45.0,13.0,7.0,1.0,1.0,6,6.0,1,5,0,,7.0,6.0,3.0,10.0,,13.0,,117.0,43.0,0.0,0,0,2.0,5.0,10.0,16.0,,401.0,11.0,17.0,12.0,3.0,11.0,0.0
Spurs_6,2022-23,2293134,33,2023-04-27 20:15:00,"Tottenham Hotspur Stadium, London",61586,Home,Spurs,Man Utd,D,315.0,11.0,12.0,,,4.0,3.0,1.0,7.0,4.0,7.0,,6.0,9.0,42.0,47.0,25.0,,,,,,,49.0,8.0,7.0,1.0,2.0,2,2.0,2,2,0,,13.0,6.0,7.0,5.0,,23.0,,121.0,39.9,0.0,0,0,5.0,7.0,12.0,25.0,2.0,387.0,18.0,19.0,34.0,6.0,13.0,0.0
Spurs_6,2022-23,2293147,34,2023-04-30 16:30:00,"Anfield, Liverpool",53275,Away,Spurs,Liverpool,L,250.0,20.0,7.0,,1.0,4.0,1.0,3.0,6.0,,11.0,,2.0,9.0,53.0,52.0,18.0,1.0,,,,,,36.0,6.0,12.0,3.0,3.0,4,4.0,3,3,1,2.0,8.0,5.0,7.0,4.0,,16.0,,132.0,32.4,0.0,0,0,,3.0,8.0,18.0,5.0,339.0,10.0,24.0,15.0,2.0,15.0,0.0
Spurs_6,2022-23,2293157,35,2023-05-06 15:00:00,"Tottenham Hotspur Stadium, London",61093,Home,Spurs,Crystal Palace,W,432.0,11.0,19.0,,1.0,3.0,2.0,1.0,11.0,2.0,16.0,1.0,8.0,9.0,56.0,54.0,21.0,,,,,,,60.0,15.0,13.0,1.0,1.0,0,,1,0,1,1.0,14.0,5.0,3.0,2.0,,21.0,,122.0,57.5,0.0,0,0,2.0,3.0,8.0,21.0,1.0,514.0,8.0,13.0,13.0,8.0,6.0,0.0
Spurs_6,2022-23,2293161,36,2023-05-13 15:00:00,"Villa Park, Birmingham",42164,Away,Spurs,Aston Villa,L,371.0,6.0,8.0,1.0,,1.0,1.0,1.0,5.0,1.0,8.0,,3.0,4.0,38.0,41.0,14.0,,,,,,,43.0,14.0,9.0,,1.0,2,2.0,1,1,0,,12.0,1.0,2.0,,,20.0,1.0,108.0,51.3,0.0,0,0,2.0,2.0,3.0,14.0,9.0,435.0,5.0,16.0,16.0,3.0,7.0,0.0
Spurs_6,2022-23,2293177,37,2023-05-20 12:30:00,"Tottenham Hotspur Stadium, London",61514,Home,Spurs,Brentford,L,501.0,18.0,26.0,,,2.0,2.0,,7.0,8.0,6.0,,8.0,6.0,45.0,51.0,14.0,1.0,1.0,,,,,59.0,11.0,8.0,1.0,1.0,3,3.0,1,0,1,1.0,1.0,11.0,8.0,1.0,,31.0,,130.0,61.8,0.0,0,0,1.0,6.0,15.0,14.0,1.0,581.0,22.0,12.0,28.0,8.0,6.0,0.0
Spurs_6,2022-23,2293186,38,2023-05-28 16:30:00,"Elland Road, Leeds",36871,Away,Spurs,Leeds,W,341.0,30.0,25.0,,1.0,3.0,,3.0,5.0,1.0,5.0,,3.0,9.0,62.0,71.0,46.0,,,,,,,47.0,5.0,7.0,3.0,4.0,1,1.0,4,0,1,,12.0,7.0,7.0,10.0,,15.0,,150.0,47.9,0.0,0,0,1.0,3.0,10.0,46.0,1.0,437.0,11.0,26.0,17.0,3.0,12.0,0.0
West_Ham_21,2022-23,2292819,1,2022-08-07 16:30:00,"London Stadium, London",62443,Home,West Ham,Man City,L,206.0,11.0,10.0,,,,,,9.0,3.0,14.0,,1.0,,39.0,29.0,17.0,,,,,,,32.0,8.0,4.0,,,2,2.0,0,1,0,,11.0,3.0,1.0,4.0,,18.0,,87.0,24.6,0.0,0,0,,2.0,4.0,17.0,4.0,263.0,6.0,14.0,9.0,1.0,6.0,0.0
West_Ham_21,2022-23,2292827,2,2022-08-14 14:00:00,"The City Ground, Nottingham",29281,Away,West Ham,Nott'm Forest,L,284.0,18.0,20.0,,,,2.0,,22.0,6.0,7.0,,7.0,11.0,51.0,53.0,17.0,,,,,,,59.0,11.0,9.0,,,1,1.0,0,1,0,2.0,7.0,8.0,5.0,3.0,,39.0,1.0,155.0,56.8,0.0,0,0,5.0,8.0,12.0,17.0,2.0,381.0,19.0,16.0,31.0,7.0,6.0,0.0
West_Ham_21,2022-23,2292839,3,2022-08-21 14:00:00,"London Stadium, London",62449,Home,West Ham,Brighton,L,376.0,9.0,20.0,,1.0,,,,20.0,7.0,3.0,,5.0,15.0,39.0,38.0,12.0,,,,,,,64.0,10.0,6.0,,,2,2.0,0,1,0,,13.0,7.0,3.0,4.0,,29.0,,143.0,49.6,0.0,0,0,,3.0,9.0,12.0,3.0,467.0,13.0,8.0,25.0,5.0,5.0,0.0
West_Ham_21,2022-23,2292841,4,2022-08-28 14:00:00,"Villa Park, Birmingham",41796,Away,West Ham,Aston Villa,W,329.0,13.0,9.0,,,,,,21.0,2.0,5.0,1.0,2.0,10.0,45.0,41.0,29.0,,,,,,,43.0,10.0,10.0,1.0,1.0,0,,1,0,0,,16.0,2.0,2.0,2.0,,19.0,,138.0,42.2,0.0,0,0,3.0,3.0,5.0,29.0,1.0,419.0,7.0,13.0,16.0,2.0,6.0,0.0
West_Ham_21,2022-23,2292856,5,2022-08-31 19:45:00,"London Stadium, London",62450,Home,West Ham,Spurs,D,307.0,10.0,18.0,,1.0,2.0,1.0,1.0,16.0,2.0,5.0,,3.0,1.0,29.0,41.0,22.0,,,,,,,56.0,10.0,10.0,1.0,1.0,1,1.0,1,1,0,1.0,7.0,5.0,4.0,7.0,1.0,22.0,,104.0,38.3,0.0,0,0,3.0,8.0,11.0,22.0,1.0,369.0,14.0,13.0,21.0,3.0,9.0,0.0
West_Ham_21,2022-23,2292863,6,2022-09-03 15:00:00,"Stamford Bridge, London",39923,Away,West Ham,Chelsea,L,232.0,15.0,15.0,,,2.0,1.0,1.0,14.0,1.0,9.0,,3.0,9.0,51.0,44.0,28.0,,,,,,,31.0,11.0,6.0,1.0,1.0,2,2.0,1,0,0,1.0,16.0,3.0,3.0,3.0,,17.0,,125.0,31.9,0.0,0,0,1.0,2.0,4.0,28.0,1.0,308.0,6.0,14.0,9.0,3.0,9.0,0.0
West_Ham_21,2022-23,2292879,7,2023-04-05 20:00:00,"London Stadium, London",62470,Home,West Ham,Newcastle,L,256.0,19.0,12.0,,1.0,1.0,,1.0,9.0,2.0,9.0,,7.0,15.0,63.0,54.0,16.0,2.0,,,,,,53.0,11.0,12.0,1.0,1.0,5,5.0,1,2,1,1.0,7.0,3.0,2.0,3.0,,22.0,,150.0,42.0,0.0,0,0,2.0,3.0,5.0,16.0,,348.0,7.0,13.0,13.0,7.0,5.0,0.0
West_Ham_21,2022-23,2292884,8,2022-09-18 14:15:00,"Goodison Park, Liverpool",39298,Away,West Ham,Everton,L,309.0,10.0,11.0,,,,,,19.0,7.0,7.0,,14.0,13.0,45.0,38.0,17.0,,,,,,,65.0,11.0,8.0,,,1,1.0,0,0,0,1.0,14.0,8.0,4.0,1.0,,34.0,,140.0,46.4,0.0,0,0,1.0,3.0,10.0,17.0,1.0,388.0,14.0,18.0,24.0,14.0,7.0,0.0
West_Ham_21,2022-23,2292899,9,2022-10-01 17:30:00,"London Stadium, London",62444,Home,West Ham,Wolves,W,301.0,9.0,16.0,,,,,,9.0,8.0,13.0,1.0,1.0,9.0,41.0,46.0,27.0,,,,,,,46.0,8.0,5.0,,2.0,0,,2,0,1,,8.0,9.0,5.0,4.0,,18.0,,103.0,39.1,0.0,0,0,4.0,5.0,11.0,27.0,2.0,372.0,18.0,22.0,20.0,1.0,13.0,0.0
West_Ham_21,2022-23,2292909,10,2022-10-09 14:00:00,"London Stadium, London",62454,Home,West Ham,Fulham,W,400.0,9.0,7.0,1.0,,3.0,4.0,3.0,7.0,5.0,4.0,,4.0,16.0,38.0,39.0,11.0,,,,,,,50.0,9.0,7.0,1.0,3.0,1,1.0,3,1,1,,12.0,8.0,8.0,2.0,,25.0,1.0,134.0,50.3,0.0,0,0,1.0,4.0,12.0,11.0,1.0,485.0,17.0,13.0,31.0,4.0,8.0,0.0
West_Ham_21,2022-23,2292917,11,2022-10-16 14:00:00,"St. Mary's Stadium, Southampton",29159,Away,West Ham,Southampton,D,391.0,23.0,23.0,,,1.0,1.0,,10.0,12.0,8.0,,14.0,10.0,48.0,57.0,19.0,,,,,,,61.0,3.0,7.0,1.0,1.0,1,1.0,1,1,0,1.0,7.0,8.0,4.0,1.0,,45.0,,158.0,60.9,0.0,0,0,7.0,9.0,16.0,19.0,,488.0,25.0,22.0,25.0,14.0,12.0,0.0
West_Ham_21,2022-23,2292927,12,2022-10-19 19:30:00,"Anfield, Liverpool",53346,Away,West Ham,Liverpool,L,412.0,11.0,7.0,,,4.0,5.0,,11.0,1.0,6.0,,3.0,9.0,37.0,40.0,18.0,,1.0,,,,,55.0,8.0,9.0,,,1,1.0,0,1,0,,8.0,2.0,3.0,6.0,,15.0,1.0,138.0,46.2,0.0,0,0,6.0,4.0,5.0,18.0,,510.0,8.0,15.0,14.0,3.0,8.0,0.0
West_Ham_21,2022-23,2292938,13,2022-10-24 20:00:00,"London Stadium, London",62447,Home,West Ham,Bournemouth,W,421.0,18.0,17.0,1.0,2.0,1.0,,2.0,9.0,8.0,6.0,1.0,5.0,16.0,53.0,57.0,9.0,,1.0,,,,,58.0,9.0,10.0,1.0,2.0,0,,2,0,1,,8.0,7.0,4.0,,,38.0,1.0,135.0,54.4,0.0,0,0,3.0,8.0,14.0,9.0,1.0,497.0,20.0,22.0,24.0,5.0,10.0,0.0
West_Ham_21,2022-23,2292948,14,2022-10-30 16:15:00,"Old Trafford, Manchester",73682,Away,West Ham,Man Utd,L,341.0,16.0,14.0,,,1.0,1.0,,15.0,6.0,6.0,,10.0,7.0,50.0,43.0,19.0,,,,,,,49.0,10.0,12.0,,,1,1.0,0,1,0,,8.0,8.0,5.0,6.0,,36.0,,133.0,47.0,0.0,0,0,2.0,2.0,10.0,19.0,2.0,412.0,13.0,13.0,24.0,10.0,7.0,0.0
West_Ham_21,2022-23,2292958,15,2022-11-06 14:00:00,"London Stadium, London",62451,Home,West Ham,Crystal Palace,L,337.0,10.0,12.0,,1.0,,,,6.0,,8.0,,2.0,5.0,41.0,35.0,15.0,1.0,,,,,,45.0,10.0,5.0,1.0,1.0,2,2.0,1,1,1,,9.0,2.0,2.0,7.0,,16.0,,126.0,42.0,0.0,0,0,5.0,3.0,4.0,15.0,4.0,419.0,5.0,16.0,8.0,2.0,9.0,0.0
West_Ham_21,2022-23,2292968,16,2022-11-12 15:00:00,"London Stadium, London",62459,Home,West Ham,Leicester,L,374.0,12.0,21.0,,1.0,,,,14.0,3.0,4.0,,7.0,7.0,44.0,56.0,9.0,,,,,,,62.0,9.0,8.0,,,2,2.0,0,1,0,,10.0,7.0,6.0,1.0,,35.0,,159.0,53.6,0.0,0,0,4.0,9.0,14.0,9.0,2.0,483.0,18.0,18.0,24.0,7.0,12.0,0.0
West_Ham_21,2022-23,2292970,17,2022-12-26 20:00:00,"Emirates Stadium, London",60125,Away,West Ham,Arsenal,L,250.0,15.0,16.0,1.0,1.0,,,1.0,3.0,,6.0,,5.0,8.0,53.0,42.0,22.0,,,,,,,33.0,17.0,13.0,,1.0,3,3.0,1,0,1,,7.0,2.0,4.0,5.0,,18.0,1.0,117.0,33.5,0.0,0,0,2.0,4.0,6.0,22.0,,331.0,8.0,14.0,10.0,5.0,7.0,0.0
West_Ham_21,2022-23,2292988,18,2022-12-30 19:45:00,"London Stadium, London",62467,Home,West Ham,Brentford,L,493.0,14.0,17.0,,,,,,3.0,6.0,2.0,,8.0,7.0,41.0,39.0,10.0,,,,,,,59.0,9.0,5.0,,,2,2.0,0,2,0,1.0,7.0,7.0,5.0,1.0,,43.0,,140.0,63.1,0.0,0,0,4.0,9.0,15.0,10.0,,570.0,20.0,12.0,31.0,8.0,5.0,0.0
West_Ham_21,2022-23,2292996,19,2023-01-04 19:45:00,"Elland Road, Leeds",36173,Away,West Ham,Leeds,D,172.0,23.0,25.0,1.0,,,1.0,1.0,12.0,2.0,5.0,,1.0,10.0,65.0,58.0,18.0,,,,,,,44.0,18.0,11.0,,2.0,2,2.0,2,1,1,,13.0,1.0,2.0,3.0,,29.0,1.0,158.0,36.7,0.0,0,0,3.0,11.0,5.0,18.0,3.0,275.0,15.0,19.0,12.0,1.0,9.0,0.0
West_Ham_21,2022-23,2293009,20,2023-01-14 15:00:00,"Molineux Stadium, Wolverhampton",31511,Away,West Ham,Wolves,L,288.0,16.0,19.0,,1.0,,,,7.0,7.0,8.0,,3.0,8.0,46.0,47.0,17.0,,,,,,,51.0,7.0,10.0,,,1,1.0,0,0,0,,11.0,8.0,4.0,7.0,,43.0,,146.0,41.5,0.0,0,0,3.0,5.0,12.0,17.0,1.0,369.0,16.0,11.0,28.0,3.0,4.0,0.0
West_Ham_21,2022-23,2293019,21,2023-01-21 15:00:00,"London Stadium, London",62470,Home,West Ham,Everton,W,275.0,19.0,18.0,,,2.0,1.0,2.0,5.0,4.0,4.0,1.0,4.0,6.0,51.0,47.0,50.0,,,,,,,52.0,9.0,5.0,1.0,2.0,0,,2,0,2,1.0,13.0,7.0,4.0,2.0,,22.0,,124.0,32.2,0.0,0,0,2.0,3.0,10.0,50.0,1.0,346.0,11.0,17.0,22.0,4.0,9.0,0.0
West_Ham_21,2022-23,2293026,22,2023-02-04 17:30:00,"St. James' Park, Newcastle",52256,Away,West Ham,Newcastle,D,227.0,20.0,15.0,,1.0,1.0,1.0,1.0,13.0,4.0,6.0,,2.0,9.0,51.0,50.0,21.0,,,,,,,51.0,13.0,10.0,,1.0,1,1.0,1,1,1,,17.0,3.0,1.0,3.0,,25.0,,146.0,37.3,0.0,0,0,1.0,5.0,8.0,21.0,2.0,329.0,10.0,19.0,18.0,2.0,11.0,0.0
West_Ham_21,2022-23,2293039,23,2023-02-11 12:30:00,"London Stadium, London",62471,Home,West Ham,Chelsea,D,187.0,18.0,15.0,,,1.0,,1.0,8.0,3.0,13.0,,5.0,16.0,61.0,56.0,25.0,,,,,,,42.0,9.0,11.0,1.0,1.0,1,1.0,1,1,1,,7.0,3.0,2.0,4.0,,31.0,,110.0,28.2,0.0,0,0,3.0,5.0,7.0,25.0,3.0,247.0,10.0,23.0,27.0,5.0,14.0,0.0
West_Ham_21,2022-23,2293048,24,2023-02-19 16:30:00,"Tottenham Hotspur Stadium, London",61476,Away,West Ham,Spurs,L,302.0,19.0,20.0,,1.0,,,,5.0,1.0,5.0,,7.0,13.0,51.0,64.0,17.0,1.0,,,,,,51.0,10.0,16.0,,,2,2.0,0,0,0,,13.0,1.0,1.0,6.0,,28.0,,157.0,43.0,0.0,0,0,4.0,4.0,4.0,17.0,,403.0,6.0,18.0,13.0,7.0,11.0,0.0
West_Ham_21,2022-23,2293059,25,2023-02-25 15:00:00,"London Stadium, London",62469,Home,West Ham,Nott'm Forest,W,319.0,23.0,25.0,,,4.0,1.0,3.0,10.0,5.0,13.0,1.0,12.0,6.0,57.0,54.0,15.0,,,,,,,46.0,8.0,5.0,4.0,4.0,0,,4,0,0,2.0,7.0,9.0,5.0,2.0,,42.0,,149.0,49.1,0.0,0,0,3.0,8.0,16.0,15.0,1.0,409.0,18.0,13.0,38.0,12.0,9.0,0.0
West_Ham_21,2022-23,2293063,26,2023-03-04 15:00:00,"American Express Stadium, Falmer",31523,Away,West Ham,Brighton,L,290.0,8.0,6.0,,,,,,7.0,1.0,12.0,,3.0,12.0,47.0,30.0,20.0,,,,,,,23.0,8.0,5.0,,,4,4.0,0,1,0,,10.0,3.0,2.0,4.0,,12.0,,115.0,34.2,0.0,0,0,5.0,,3.0,20.0,,368.0,3.0,11.0,9.0,3.0,5.0,0.0
West_Ham_21,2022-23,2293079,27,2023-03-12 14:00:00,"London Stadium, London",62472,Home,West Ham,Aston Villa,D,290.0,8.0,12.0,1.0,1.0,2.0,2.0,1.0,9.0,3.0,10.0,,12.0,8.0,39.0,45.0,22.0,,,,,,,45.0,9.0,6.0,,1.0,1,1.0,1,1,1,,12.0,6.0,6.0,4.0,,36.0,1.0,111.0,40.8,0.0,0,0,3.0,8.0,13.0,22.0,6.0,352.0,17.0,18.0,34.0,13.0,10.0,0.0
West_Ham_21,2022-23,2293086,28,2023-05-03 20:00:00,"Etihad Stadium, Manchester",53305,Away,West Ham,Man City,L,255.0,10.0,14.0,,1.0,1.0,1.0,,5.0,1.0,9.0,,3.0,7.0,43.0,40.0,24.0,,,,,,,34.0,8.0,8.0,,,3,3.0,0,0,0,,11.0,2.0,2.0,1.0,,20.0,,110.0,31.1,0.0,0,0,4.0,3.0,2.0,24.0,,327.0,6.0,12.0,6.0,3.0,8.0,0.0
West_Ham_21,2022-23,2293099,29,2023-04-02 14:00:00,"London Stadium, London",62465,Home,West Ham,Southampton,W,296.0,19.0,12.0,,1.0,2.0,1.0,1.0,12.0,3.0,15.0,1.0,5.0,17.0,70.0,58.0,11.0,,1.0,,,,,48.0,10.0,11.0,1.0,1.0,0,,1,0,1,1.0,13.0,1.0,2.0,2.0,,25.0,,166.0,43.0,0.0,0,0,3.0,7.0,7.0,11.0,1.0,403.0,12.0,28.0,28.0,5.0,19.0,0.0
West_Ham_21,2022-23,2293102,30,2023-04-08 15:00:00,"Craven Cottage, London",24491,Away,West Ham,Fulham,W,122.0,15.0,24.0,,1.0,1.0,2.0,,4.0,,3.0,1.0,4.0,6.0,45.0,52.0,61.0,,,,,,,28.0,12.0,9.0,,1.0,0,,1,0,1,,16.0,4.0,5.0,9.0,,17.0,,123.0,23.4,0.0,0,0,3.0,4.0,7.0,61.0,2.0,196.0,9.0,17.0,21.0,4.0,6.0,0.0
West_Ham_21,2022-23,2293118,31,2023-04-16 14:00:00,"London Stadium, London",62475,Home,West Ham,Arsenal,D,156.0,19.0,23.0,1.0,1.0,2.0,1.0,2.0,5.0,7.0,11.0,,7.0,5.0,52.0,54.0,14.0,,,,,,,46.0,11.0,8.0,1.0,2.0,2,2.0,2,2,1,1.0,15.0,8.0,3.0,1.0,,29.0,1.0,121.0,28.5,0.0,0,0,3.0,6.0,11.0,14.0,4.0,226.0,16.0,17.0,25.0,7.0,8.0,0.0
West_Ham_21,2022-23,2293120,32,2023-04-23 14:00:00,"Vitality Stadium, Bournemouth",10465,Away,West Ham,Bournemouth,W,278.0,15.0,16.0,,1.0,3.0,,3.0,4.0,4.0,11.0,1.0,5.0,7.0,45.0,45.0,29.0,,,,,,,46.0,8.0,7.0,4.0,4.0,0,,4,0,3,,14.0,11.0,10.0,5.0,,24.0,,116.0,35.4,0.0,0,0,5.0,4.0,13.0,29.0,3.0,358.0,18.0,17.0,22.0,5.0,9.0,0.0
West_Ham_21,2022-23,2293135,33,2023-04-26 19:45:00,"London Stadium, London",62473,Home,West Ham,Liverpool,L,217.0,28.0,16.0,,,,2.0,,9.0,1.0,6.0,,3.0,10.0,59.0,50.0,13.0,,,,,,,46.0,6.0,8.0,1.0,1.0,2,2.0,1,1,1,,18.0,3.0,2.0,7.0,,24.0,,149.0,27.4,0.0,0,0,2.0,4.0,6.0,13.0,1.0,311.0,7.0,13.0,19.0,3.0,11.0,0.0
West_Ham_21,2022-23,2293144,34,2023-04-29 12:30:00,"Selhurst Park, London",25148,Away,West Ham,Crystal Palace,L,219.0,31.0,23.0,,,1.0,,3.0,6.0,1.0,6.0,,5.0,13.0,75.0,57.0,20.0,1.0,,,,,,70.0,17.0,9.0,1.0,3.0,4,4.0,3,3,2,,11.0,1.0,4.0,6.0,,29.0,,172.0,40.1,0.0,0,0,2.0,3.0,4.0,20.0,1.0,334.0,8.0,23.0,16.0,5.0,15.0,0.0
West_Ham_21,2022-23,2293158,35,2023-05-07 19:00:00,"London Stadium, London",62477,Home,West Ham,Man Utd,W,263.0,15.0,17.0,,1.0,2.0,2.0,,10.0,6.0,10.0,1.0,5.0,11.0,42.0,52.0,20.0,,,,,,,47.0,4.0,8.0,,1.0,0,,1,0,1,1.0,10.0,6.0,4.0,3.0,,23.0,,126.0,34.6,0.0,0,0,4.0,5.0,11.0,20.0,1.0,345.0,15.0,17.0,30.0,5.0,7.0,0.0
West_Ham_21,2022-23,2293162,36,2023-05-14 14:00:00,"Gtech Community Stadium, Brentford",17075,Away,West Ham,Brentford,L,353.0,18.0,19.0,,,,,,7.0,,12.0,,5.0,10.0,53.0,41.0,26.0,,1.0,,,,,44.0,5.0,5.0,,,2,2.0,0,2,0,1.0,8.0,3.0,4.0,4.0,,26.0,,151.0,46.9,0.0,0,0,7.0,,3.0,26.0,3.0,447.0,4.0,11.0,9.0,5.0,9.0,0.0
West_Ham_21,2022-23,2293178,37,2023-05-21 13:30:00,"London Stadium, London",62478,Home,West Ham,Leeds,W,419.0,12.0,34.0,,2.0,4.0,1.0,3.0,7.0,6.0,4.0,,9.0,8.0,45.0,66.0,22.0,,1.0,,,,,42.0,6.0,10.0,3.0,3.0,1,1.0,3,1,1,,11.0,12.0,9.0,3.0,,31.0,,156.0,58.8,0.0,0,0,2.0,4.0,15.0,22.0,1.0,518.0,19.0,11.0,42.0,9.0,8.0,0.0
West_Ham_21,2022-23,2293187,38,2023-05-28 16:30:00,"King Power Stadium, Leicester",32183,Away,West Ham,Leicester,L,501.0,11.0,5.0,,,1.0,1.0,,7.0,4.0,8.0,,5.0,7.0,39.0,36.0,17.0,,,,,,,68.0,10.0,8.0,1.0,1.0,2,2.0,1,1,0,1.0,3.0,7.0,3.0,3.0,,28.0,,111.0,51.8,0.0,0,0,2.0,9.0,16.0,17.0,3.0,565.0,16.0,17.0,29.0,5.0,10.0,0.0
Wolves_39,2022-23,2292814,1,2022-08-06 15:00:00,"Elland Road, Leeds",36347,Away,Wolves,Leeds,L,463.0,9.0,7.0,,1.0,1.0,1.0,,3.0,3.0,7.0,,4.0,7.0,45.0,61.0,16.0,,,,,,,46.0,9.0,13.0,1.0,1.0,2,2.0,1,1,1,,14.0,8.0,6.0,3.0,1.0,25.0,,139.0,59.9,0.0,0,0,3.0,6.0,13.0,16.0,1.0,546.0,15.0,16.0,28.0,4.0,11.0,0.0
Wolves_39,2022-23,2292829,2,2022-08-13 15:00:00,"Molineux Stadium, Wolverhampton",31178,Home,Wolves,Fulham,D,392.0,13.0,15.0,,,2.0,2.0,,7.0,1.0,9.0,1.0,5.0,8.0,48.0,50.0,14.0,,,,,,,66.0,7.0,14.0,,,0,,0,0,0,,8.0,1.0,1.0,1.0,,21.0,,158.0,59.6,0.0,0,0,3.0,5.0,3.0,14.0,1.0,496.0,7.0,17.0,17.0,5.0,11.0,0.0
Wolves_39,2022-23,2292838,3,2022-08-20 12:30:00,"Tottenham Hotspur Stadium, London",61298,Away,Wolves,Spurs,L,399.0,5.0,9.0,,1.0,,,,15.0,9.0,7.0,,6.0,6.0,38.0,46.0,17.0,,,,,,,52.0,8.0,10.0,,,1,1.0,0,0,0,,6.0,12.0,3.0,2.0,,29.0,,115.0,50.1,0.0,0,0,3.0,8.0,18.0,17.0,,477.0,20.0,18.0,20.0,6.0,12.0,0.0
Wolves_39,2022-23,2292849,4,2022-08-28 14:00:00,"Molineux Stadium, Wolverhampton",31311,Home,Wolves,Newcastle,D,184.0,16.0,11.0,,,1.0,2.0,,24.0,4.0,10.0,,4.0,9.0,51.0,48.0,36.0,,,,,,,48.0,10.0,11.0,1.0,1.0,1,1.0,1,0,1,,4.0,5.0,4.0,11.0,,21.0,,127.0,36.1,0.0,0,0,5.0,2.0,6.0,36.0,3.0,265.0,10.0,22.0,14.0,4.0,10.0,0.0
Wolves_39,2022-23,2292850,5,2022-08-31 19:30:00,"Vitality Stadium, Bournemouth",10113,Away,Wolves,Bournemouth,D,538.0,12.0,14.0,,1.0,2.0,2.0,,12.0,4.0,9.0,1.0,5.0,15.0,57.0,54.0,13.0,,,,,,,83.0,12.0,10.0,,,0,,0,0,0,1.0,6.0,7.0,4.0,1.0,,40.0,,125.0,65.9,0.0,0,0,2.0,9.0,15.0,13.0,3.0,603.0,17.0,26.0,29.0,5.0,11.0,0.0
Wolves_39,2022-23,2292869,6,2022-09-03 15:00:00,"Molineux Stadium, Wolverhampton",30546,Home,Wolves,Southampton,W,349.0,10.0,14.0,,,2.0,1.0,1.0,24.0,1.0,13.0,1.0,5.0,7.0,53.0,49.0,26.0,,,,,,,57.0,10.0,13.0,1.0,1.0,0,,1,0,1,,12.0,3.0,2.0,4.0,,29.0,,137.0,50.8,0.0,0,0,1.0,4.0,7.0,26.0,1.0,432.0,7.0,14.0,28.0,5.0,9.0,0.0
Wolves_39,2022-23,2292876,7,2023-03-01 20:00:00,"Anfield, Liverpool",53259,Away,Wolves,Liverpool,L,322.0,9.0,12.0,,,1.0,1.0,,9.0,1.0,13.0,,2.0,6.0,47.0,61.0,18.0,,,,,,,39.0,14.0,13.0,,,2,2.0,0,0,0,,11.0,2.0,1.0,3.0,,11.0,,128.0,43.2,0.0,0,0,4.0,2.0,4.0,18.0,3.0,402.0,4.0,21.0,9.0,2.0,12.0,0.0
Wolves_39,2022-23,2292889,8,2022-09-17 12:30:00,"Molineux Stadium, Wolverhampton",31578,Home,Wolves,Man City,L,353.0,11.0,4.0,,,,,,14.0,1.0,11.0,,5.0,10.0,47.0,44.0,11.0,,,,,,,41.0,7.0,9.0,,,3,3.0,0,2,0,,7.0,1.0,1.0,4.0,,15.0,,113.0,40.8,0.0,0,1,4.0,4.0,4.0,11.0,,422.0,6.0,19.0,14.0,5.0,11.0,0.0
Wolves_39,2022-23,2292899,9,2022-10-01 17:30:00,"London Stadium, London",62444,Away,Wolves,West Ham,L,492.0,16.0,9.0,,,1.0,1.0,,5.0,4.0,3.0,,6.0,11.0,46.0,41.0,6.0,,1.0,,,,,83.0,6.0,7.0,,,2,2.0,0,1,0,,8.0,6.0,4.0,8.0,,41.0,,138.0,60.9,0.0,0,0,3.0,7.0,9.0,6.0,1.0,564.0,15.0,12.0,35.0,6.0,7.0,0.0
Wolves_39,2022-23,2292903,10,2022-10-08 15:00:00,"Stamford Bridge, London",39940,Away,Wolves,Chelsea,L,360.0,9.0,13.0,,1.0,1.0,1.0,,19.0,1.0,4.0,,2.0,16.0,46.0,43.0,17.0,,,,,,,38.0,8.0,8.0,,,3,3.0,0,1,0,,5.0,1.0,2.0,3.0,,22.0,,127.0,42.6,0.0,0,0,4.0,5.0,6.0,17.0,,431.0,8.0,13.0,19.0,2.0,9.0,0.0
Wolves_39,2022-23,2292919,11,2022-10-15 15:00:00,"Molineux Stadium, Wolverhampton",31554,Home,Wolves,Nott'm Forest,W,355.0,17.0,9.0,1.0,,,,1.0,13.0,2.0,7.0,1.0,4.0,9.0,56.0,40.0,23.0,,,,,,,57.0,17.0,11.0,,1.0,0,,1,0,0,1.0,5.0,2.0,2.0,2.0,,29.0,1.0,130.0,58.0,0.0,0,0,2.0,5.0,7.0,23.0,2.0,435.0,9.0,17.0,22.0,4.0,8.0,0.0
Wolves_39,2022-23,2292924,12,2022-10-18 20:15:00,"Selhurst Park, London",25125,Away,Wolves,Crystal Palace,L,340.0,17.0,12.0,,,2.0,1.0,1.0,18.0,1.0,11.0,,2.0,17.0,69.0,58.0,16.0,,,,,,,40.0,18.0,13.0,1.0,1.0,2,2.0,1,0,1,1.0,9.0,5.0,4.0,5.0,,18.0,,141.0,48.7,0.0,0,0,2.0,5.0,7.0,16.0,4.0,428.0,10.0,29.0,20.0,3.0,15.0,0.0
Wolves_39,2022-23,2292939,13,2022-10-23 14:00:00,"Molineux Stadium, Wolverhampton",31425,Home,Wolves,Leicester,L,458.0,9.0,17.0,,1.0,2.0,2.0,,11.0,8.0,4.0,,9.0,11.0,45.0,52.0,7.0,,,,,,,60.0,10.0,10.0,,,4,4.0,0,2,0,,7.0,12.0,6.0,,,39.0,,137.0,60.9,0.0,0,0,,7.0,16.0,7.0,3.0,537.0,21.0,11.0,41.0,9.0,7.0,0.0
Wolves_39,2022-23,2292942,14,2022-10-29 15:00:00,"Gtech Community Stadium, Brentford",17051,Away,Wolves,Brentford,D,229.0,18.0,11.0,,,,,,11.0,3.0,9.0,,6.0,4.0,59.0,45.0,28.0,,,,,,,41.0,17.0,9.0,1.0,1.0,1,1.0,1,0,0,,8.0,5.0,4.0,3.0,,21.0,,134.0,42.2,0.0,0,1,2.0,6.0,10.0,28.0,1.0,304.0,13.0,17.0,18.0,6.0,6.0,0.0
Wolves_39,2022-23,2292959,15,2022-11-05 15:00:00,"Molineux Stadium, Wolverhampton",30732,Home,Wolves,Brighton,L,193.0,15.0,8.0,1.0,1.0,1.0,,2.0,11.0,2.0,9.0,,4.0,7.0,53.0,41.0,18.0,,,,,,,43.0,15.0,9.0,1.0,2.0,3,3.0,2,2,2,,7.0,4.0,5.0,4.0,,20.0,1.0,102.0,28.6,0.0,0,1,5.0,1.0,5.0,18.0,1.0,256.0,8.0,18.0,13.0,4.0,7.0,0.0
Wolves_39,2022-23,2292969,16,2022-11-12 19:45:00,"Molineux Stadium, Wolverhampton",34624,Home,Wolves,Arsenal,L,277.0,9.0,20.0,,,,,,2.0,3.0,9.0,,6.0,5.0,33.0,52.0,23.0,,,,,,,38.0,5.0,6.0,,,2,2.0,0,0,0,,6.0,2.0,2.0,4.0,,23.0,,111.0,37.4,0.0,0,0,1.0,6.0,6.0,23.0,3.0,348.0,11.0,17.0,15.0,6.0,9.0,0.0
Wolves_39,2022-23,2292975,17,2022-12-26 15:00:00,"Goodison Park, Liverpool",39252,Away,Wolves,Everton,W,274.0,12.0,12.0,,1.0,1.0,,2.0,6.0,1.0,8.0,,2.0,9.0,58.0,47.0,19.0,,1.0,,,,,43.0,22.0,9.0,1.0,2.0,1,1.0,2,1,1,,12.0,4.0,4.0,2.0,,15.0,,143.0,41.2,0.0,0,0,4.0,2.0,4.0,19.0,2.0,363.0,7.0,19.0,13.0,2.0,12.0,0.0
Wolves_39,2022-23,2292989,18,2022-12-31 12:30:00,"Molineux Stadium, Wolverhampton",31658,Home,Wolves,Man Utd,L,301.0,10.0,7.0,,,,,,9.0,6.0,4.0,,7.0,6.0,42.0,46.0,11.0,,2.0,,,,,33.0,11.0,10.0,,,1,1.0,0,0,0,,14.0,7.0,3.0,5.0,,23.0,,147.0,45.7,0.0,0,0,6.0,1.0,8.0,11.0,1.0,394.0,10.0,16.0,13.0,7.0,6.0,0.0
Wolves_39,2022-23,2292991,19,2023-01-04 20:00:00,"Villa Park, Birmingham",39978,Away,Wolves,Aston Villa,D,321.0,9.0,13.0,,,,1.0,,8.0,3.0,6.0,,8.0,7.0,38.0,51.0,35.0,,,,,,,38.0,12.0,5.0,1.0,1.0,1,1.0,1,0,1,,6.0,4.0,3.0,7.0,,23.0,,112.0,44.1,0.0,0,0,2.0,4.0,8.0,35.0,4.0,383.0,10.0,29.0,16.0,8.0,17.0,0.0
Wolves_39,2022-23,2293009,20,2023-01-14 15:00:00,"Molineux Stadium, Wolverhampton",31511,Home,Wolves,West Ham,W,460.0,19.0,16.0,,,,,,12.0,7.0,7.0,1.0,4.0,7.0,47.0,46.0,35.0,,1.0,,,,,64.0,10.0,7.0,,1.0,0,,1,0,0,1.0,4.0,7.0,4.0,8.0,,22.0,,127.0,58.5,0.0,0,0,3.0,6.0,11.0,35.0,4.0,548.0,17.0,15.0,25.0,4.0,9.0,0.0
Wolves_39,2022-23,2293017,21,2023-01-22 14:00:00,"Etihad Stadium, Manchester",53282,Away,Wolves,Man City,L,409.0,14.0,9.0,,,,,,10.0,4.0,6.0,,7.0,2.0,38.0,39.0,20.0,1.0,,,,,,37.0,10.0,10.0,,,3,3.0,0,1,0,,11.0,4.0,1.0,2.0,,23.0,,101.0,44.7,0.0,0,0,3.0,5.0,6.0,20.0,,478.0,10.0,15.0,11.0,7.0,8.0,0.0
Wolves_39,2022-23,2293029,22,2023-02-04 15:00:00,"Molineux Stadium, Wolverhampton",31664,Home,Wolves,Liverpool,W,305.0,16.0,14.0,,2.0,3.0,4.0,2.0,8.0,1.0,5.0,1.0,2.0,6.0,40.0,41.0,39.0,,1.0,,,,,38.0,9.0,5.0,1.0,3.0,0,,3,0,2,,4.0,4.0,6.0,12.0,,11.0,,131.0,41.8,0.0,0,0,2.0,5.0,9.0,39.0,1.0,407.0,12.0,16.0,12.0,2.0,10.0,0.0
Wolves_39,2022-23,2293038,23,2023-02-11 15:00:00,"St. Mary's Stadium, Southampton",29751,Away,Wolves,Southampton,W,396.0,31.0,15.0,,1.0,,,,9.0,7.0,14.0,,2.0,9.0,74.0,61.0,31.0,,1.0,,,,,47.0,14.0,12.0,,2.0,1,1.0,2,1,0,,6.0,3.0,2.0,5.0,,13.0,,147.0,59.1,0.0,0,1,1.0,2.0,5.0,31.0,3.0,492.0,11.0,21.0,17.0,2.0,12.0,0.0
Wolves_39,2022-23,2293049,24,2023-02-18 15:00:00,"Molineux Stadium, Wolverhampton",31222,Home,Wolves,Bournemouth,L,520.0,24.0,19.0,,1.0,,,,4.0,6.0,9.0,,12.0,6.0,53.0,60.0,13.0,,,,,,,81.0,12.0,8.0,,,1,1.0,0,0,0,,2.0,9.0,4.0,3.0,,49.0,,158.0,68.6,0.0,0,0,,5.0,14.0,13.0,2.0,616.0,15.0,16.0,43.0,12.0,11.0,0.0
Wolves_39,2022-23,2293053,25,2023-02-24 20:00:00,"Craven Cottage, London",24399,Away,Wolves,Fulham,D,337.0,11.0,19.0,,2.0,1.0,1.0,,7.0,1.0,9.0,,3.0,12.0,55.0,65.0,16.0,,,,,,,61.0,17.0,12.0,1.0,1.0,1,1.0,1,0,1,,10.0,3.0,2.0,3.0,,28.0,,151.0,49.5,0.0,0,0,4.0,5.0,8.0,16.0,1.0,442.0,8.0,19.0,17.0,3.0,14.0,0.0
Wolves_39,2022-23,2293069,26,2023-03-04 15:00:00,"Molineux Stadium, Wolverhampton",31585,Home,Wolves,Spurs,W,343.0,10.0,9.0,,,2.0,2.0,,10.0,,8.0,1.0,4.0,1.0,33.0,52.0,30.0,,,,,,,42.0,11.0,17.0,,1.0,0,,1,0,0,1.0,4.0,3.0,5.0,9.0,,15.0,,104.0,46.5,0.0,0,0,6.0,3.0,5.0,30.0,3.0,421.0,8.0,18.0,11.0,4.0,9.0,0.0
Wolves_39,2022-23,2293077,27,2023-03-12 16:30:00,"St. James' Park, Newcastle",52240,Away,Wolves,Newcastle,L,345.0,12.0,11.0,,,,,1.0,4.0,,13.0,,3.0,5.0,48.0,53.0,25.0,,,,,,,50.0,10.0,11.0,,1.0,2,2.0,1,1,0,1.0,6.0,2.0,4.0,8.0,,26.0,,131.0,57.9,0.0,0,0,6.0,3.0,4.0,25.0,,425.0,7.0,20.0,16.0,3.0,12.0,0.0
Wolves_39,2022-23,2293089,28,2023-03-18 15:00:00,"Molineux Stadium, Wolverhampton",31570,Home,Wolves,Leeds,L,482.0,11.0,16.0,,2.0,4.0,4.0,,12.0,6.0,7.0,,5.0,12.0,52.0,55.0,7.0,1.0,,,,,,73.0,15.0,8.0,,2.0,4,4.0,2,1,0,,9.0,9.0,8.0,2.0,,33.0,,157.0,65.9,0.0,0,2,,9.0,15.0,7.0,2.0,580.0,23.0,21.0,41.0,5.0,15.0,0.0
Wolves_39,2022-23,2293098,29,2023-04-01 15:00:00,"The City Ground, Nottingham",29368,Away,Wolves,Nott'm Forest,D,541.0,17.0,16.0,,3.0,,,,4.0,4.0,11.0,,3.0,9.0,56.0,54.0,22.0,,,,,,,73.0,13.0,13.0,,1.0,1,1.0,1,1,0,,6.0,4.0,1.0,3.0,,25.0,,137.0,72.4,0.0,0,0,6.0,3.0,6.0,22.0,,636.0,8.0,14.0,14.0,3.0,6.0,0.0
Wolves_39,2022-23,2293109,30,2023-04-08 15:00:00,"Molineux Stadium, Wolverhampton",31614,Home,Wolves,Chelsea,W,234.0,16.0,9.0,,2.0,,1.0,,18.0,2.0,14.0,1.0,8.0,15.0,71.0,51.0,28.0,,,,,,,50.0,14.0,9.0,,1.0,0,,1,0,1,,10.0,3.0,4.0,8.0,,36.0,,147.0,37.6,0.0,0,0,1.0,3.0,5.0,28.0,2.0,314.0,9.0,22.0,18.0,8.0,13.0,0.0
Wolves_39,2022-23,2293119,31,2023-04-15 15:00:00,"Molineux Stadium, Wolverhampton",30769,Home,Wolves,Brentford,W,360.0,20.0,11.0,,,,,1.0,7.0,2.0,7.0,1.0,5.0,15.0,61.0,48.0,20.0,,1.0,,,,,53.0,12.0,7.0,,2.0,0,,2,0,1,,4.0,6.0,9.0,4.0,,21.0,,139.0,50.6,0.0,0,0,3.0,,6.0,20.0,,453.0,11.0,21.0,16.0,5.0,11.0,0.0
Wolves_39,2022-23,2293126,32,2023-04-22 15:00:00,"King Power Stadium, Leicester",32053,Away,Wolves,Leicester,L,406.0,21.0,17.0,,1.0,,,,12.0,6.0,12.0,,7.0,14.0,71.0,62.0,11.0,,1.0,,,,,57.0,16.0,17.0,1.0,1.0,2,2.0,1,1,1,,7.0,6.0,3.0,3.0,,33.0,,149.0,58.2,0.0,0,0,5.0,7.0,10.0,11.0,3.0,497.0,16.0,12.0,14.0,7.0,8.0,0.0
Wolves_39,2022-23,2293136,33,2023-04-25 19:30:00,"Molineux Stadium, Wolverhampton",30792,Home,Wolves,Crystal Palace,W,236.0,15.0,19.0,1.0,,,,1.0,11.0,2.0,12.0,1.0,6.0,5.0,51.0,63.0,28.0,,1.0,,,,,35.0,13.0,14.0,,2.0,0,,2,0,1,,8.0,3.0,3.0,6.0,,22.0,1.0,120.0,41.2,0.0,0,0,4.0,4.0,5.0,28.0,2.0,320.0,9.0,21.0,17.0,6.0,8.0,0.0
Wolves_39,2022-23,2293143,34,2023-04-29 15:00:00,"American Express Stadium, Falmer",31584,Away,Wolves,Brighton,L,310.0,9.0,1.0,,1.0,,,,7.0,3.0,7.0,,5.0,7.0,42.0,40.0,13.0,1.0,2.0,,,,,28.0,11.0,14.0,,,6,6.0,0,4,0,,10.0,4.0,2.0,7.0,,20.0,,108.0,42.8,0.0,0,0,2.0,5.0,8.0,13.0,,381.0,10.0,16.0,15.0,5.0,9.0,0.0
Wolves_39,2022-23,2293159,35,2023-05-06 15:00:00,"Molineux Stadium, Wolverhampton",31641,Home,Wolves,Aston Villa,W,194.0,19.0,9.0,,,1.0,1.0,,13.0,2.0,7.0,1.0,5.0,8.0,56.0,46.0,23.0,,,,,,,33.0,20.0,9.0,1.0,1.0,0,,1,0,1,,9.0,3.0,2.0,7.0,,14.0,,102.0,38.0,0.0,0,0,3.0,2.0,5.0,23.0,3.0,264.0,6.0,13.0,8.0,5.0,9.0,0.0
Wolves_39,2022-23,2293168,36,2023-05-13 15:00:00,"Old Trafford, Manchester",73570,Away,Wolves,Man Utd,L,377.0,16.0,14.0,,,,,,13.0,,13.0,,7.0,8.0,51.0,47.0,15.0,,1.0,,,,,36.0,9.0,9.0,,,2,2.0,0,1,0,,7.0,,,5.0,,28.0,,136.0,52.0,0.0,0,0,8.0,5.0,5.0,15.0,1.0,469.0,5.0,8.0,23.0,7.0,7.0,0.0
Wolves_39,2022-23,2293179,37,2023-05-20 15:00:00,"Molineux Stadium, Wolverhampton",31684,Home,Wolves,Everton,D,355.0,25.0,15.0,,,,,1.0,6.0,2.0,6.0,,1.0,6.0,68.0,42.0,28.0,1.0,,,,,,41.0,18.0,9.0,,1.0,1,1.0,1,0,1,,5.0,3.0,5.0,6.0,,17.0,,134.0,53.2,0.0,0,0,3.0,6.0,7.0,28.0,1.0,451.0,13.0,12.0,19.0,1.0,5.0,0.0
Wolves_39,2022-23,2293180,38,2023-05-28 16:30:00,"Emirates Stadium, London",60095,Away,Wolves,Arsenal,L,380.0,11.0,12.0,,1.0,,,,5.0,2.0,11.0,,4.0,9.0,49.0,45.0,22.0,2.0,,,,,,36.0,11.0,8.0,,,5,5.0,0,3,0,,2.0,1.0,,2.0,,16.0,,93.0,49.0,0.0,0,0,3.0,4.0,5.0,22.0,,432.0,6.0,9.0,12.0,4.0,4.0,0.0
