season,matchId,gameweek,team_id,team,venue,playerId,pl_id,playerName,slug,position,substitute,accurateCross,accurateKeeperSweeper,accurateLongBalls,accurateOppositionHalfPasses,accurateOwnHalfPasses,accuratePass,aerialLost,aerialWon,ballRecovery,bigChanceCreated,bigChanceMissed,blockedScoringAttempt,challengeLost,clearanceOffLine,crossNotClaimed,dispossessed,duelLost,duelWon,errorLeadToAGoal,errorLeadToAShot,fouls,goalAssist,goals,goalsPrevented,goodHighClaim,hitWoodwork,interceptionWon,keyPass,lastManTackle,minutesPlayed,onTargetScoringAttempt,outfielderBlock,ownGoals,penaltyConceded,penaltyFaced,penaltyMiss,penaltySave,penaltyWon,possessionLostCtrl,punches,rating,savedShotsFromInsideTheBox,saves,shotOffTarget,totalClearance,totalContest,totalCross,totalKeeperSweeper,totalLongBalls,totalOffside,totalOppositionHalfPasses,totalOwnHalfPasses,totalPass,totalShots,totalTackle,touches,unsuccessfulTouch,wasFouled,wonContest,wonTackle
2021-22,9576160,1,57,Watford,Home,10599,9089,Ben Foster,ben-foster,G,True,,,,,,,,,,,,,,,,,,,,,,,,,,,,,,,,,,,,,,,,,,,,,,,,,,,,,,0,,,,,,
2021-22,9576160,1,57,Watford,Home,16586,38290,Danny Rose,danny-rose,D,True,,,,,,,,,,,,,,,,,,,,,,,,,,,,,,,,,,,,,,,,,,,,,,,,,,,,,,0,,,,,,
2021-22,9576160,1,57,Watford,Home,19343,40387,Dan Gosling,dan-gosling,D,True,,,,1.0,4.0,5.0,,2.0,1.0,,,,2.0,,,,2.0,2.0,,,,,,,,,,,,21.0,,,,,,,,,4.0,,6.1,,,,1.0,,,,1.0,,2.0,6.0,8.0,0,,10.0,,,,
2021-22,9576160,1,57,Watford,Home,22109,41725,Troy Deeney,troy-deeney,F,True,,,,1.0,,1.0,3.0,2.0,,,,,1.0,,,,4.0,2.0,,,,,,,,,,,,11.0,,,,,,,,,1.0,,6.5,,,,1.0,,,,,,2.0,,2.0,0,,3.0,,,,
2021-22,9576160,1,57,Watford,Home,22200,41338,Craig Cathcart,craig-cathcart,D,False,,,2.0,7.0,12.0,19.0,,1.0,4.0,,,,,,,,3.0,4.0,,,3.0,,,,,,1.0,,,90.0,,1.0,,,,,,,13.0,,6.5,,,,2.0,,,,8.0,,12.0,16.0,28.0,0,2.0,47.0,,1.0,,
2021-22,9576160,1,57,Watford,Home,46432,43250,Tom Cleverley,tom-cleverley,M,False,,,1.0,13.0,4.0,17.0,1.0,1.0,4.0,,,,2.0,,,,4.0,4.0,,,1.0,1.0,,,,,2.0,1.0,,79.0,,,,,,,,,11.0,,6.7,,,,,,2.0,,5.0,,22.0,6.0,26.0,0,2.0,33.0,,1.0,,
2021-22,9576160,1,57,Watford,Home,48563,69143,Juraj Kucka,juraj-kucka,M,False,,,,4.0,7.0,11.0,1.0,3.0,5.0,,,,1.0,,,1.0,5.0,11.0,,,2.0,,,,,,1.0,,,69.0,,,,,,,,,8.0,,7.1,,,2.0,2.0,3.0,,,1.0,,7.0,7.0,14.0,2,4.0,33.0,3.0,1.0,3.0,2.0
2021-22,9576160,1,57,Watford,Home,58351,85624,Christian Kabasele,christian-kabasele,D,False,,,1.0,2.0,34.0,36.0,,4.0,4.0,,1.0,,1.0,,,,1.0,4.0,,,,,,,,,1.0,,,90.0,,1.0,,,,,,,6.0,,6.6,,,1.0,8.0,,,,3.0,,4.0,37.0,41.0,1,,53.0,1.0,,,
2021-22,9576160,1,57,Watford,Home,259995,155651,Adam Masina,adam-masina,D,False,,,3.0,5.0,17.0,22.0,1.0,5.0,10.0,,,,,,,,3.0,8.0,,,2.0,,,,,,,,,90.0,,,,1.0,,,,,17.0,,6.4,,,,5.0,2.0,1.0,,8.0,,14.0,21.0,34.0,0,1.0,51.0,,,2.0,
2021-22,9576160,1,57,Watford,Home,288019,154506,Daniel Bachmann,daniel-bachmann,G,False,,,5.0,3.0,12.0,15.0,,,9.0,,,,,,,,,,,,,,,,3.0,,,,,90.0,,,,,1.0,,,,10.0,,6.0,,,,,,,,15.0,,13.0,12.0,25.0,0,,35.0,,,,
2021-22,9576160,1,57,Watford,Home,319847,157775,Ken Sema,ken-sema,M,False,1.0,,1.0,7.0,5.0,11.0,3.0,,5.0,1.0,,,1.0,,,3.0,11.0,4.0,,,3.0,,,,,,,2.0,,90.0,,,,,,,,,14.0,,6.3,,,,1.0,2.0,1.0,,5.0,,13.0,7.0,19.0,0,2.0,32.0,2.0,1.0,1.0,
2021-22,9576160,1,57,Watford,Home,338991,131304,William Troost-Ekong,william-troost-ekong,D,False,,,4.0,6.0,30.0,36.0,2.0,1.0,2.0,,,,1.0,,,,4.0,1.0,,,1.0,,,,,,,,,90.0,,,,,,,,,7.0,,6.1,,,,4.0,,,,10.0,,12.0,31.0,43.0,0,,49.0,,,,
2021-22,9576160,1,57,Watford,Home,353224,176296,Ashley Fletcher,ashley-fletcher,F,True,,,,,,,,,,,,,,,,,,,,,,,,,,,,,,,,,,,,,,,,,,,,,,,,,,,,,,0,,,,,,
2021-22,9576160,1,57,Watford,Home,805096,208973,Francisco Sierralta,francisco-sierralta,D,True,,,,,,,,,,,,,,,,,,,,,,,,,,,,,,,,,,,,,,,,,,,,,,,,,,,,,,0,,,,,,
2021-22,9576160,1,57,Watford,Home,839110,227560,Peter Etebo,peter-etebo,M,False,,,3.0,8.0,21.0,29.0,1.0,2.0,11.0,,,,1.0,,,1.0,5.0,8.0,,,1.0,,,,,,3.0,1.0,,90.0,,1.0,,,,,,,10.0,,7.1,,,,1.0,3.0,,,6.0,,11.0,25.0,36.0,0,2.0,52.0,1.0,2.0,2.0,2.0
2021-22,9576160,1,57,Watford,Home,844424,230251,Emmanuel Dennis,emmanuel-dennis,F,False,,,,9.0,3.0,12.0,1.0,1.0,6.0,,,2.0,1.0,,,,7.0,5.0,,,3.0,1.0,1.0,,,,,3.0,,66.0,3.0,,,,,,,,8.0,,8.3,,,,,3.0,,,,,9.0,6.0,15.0,5,2.0,31.0,3.0,1.0,1.0,2.0
2021-22,9576160,1,57,Watford,Home,845286,232185,Ismaïla Sarr,ismaila-sarr,F,False,1.0,,1.0,13.0,4.0,16.0,,2.0,7.0,,,,,,,2.0,4.0,11.0,,,2.0,,1.0,,,,1.0,4.0,,90.0,2.0,,,,,,,,16.0,,8.0,,,1.0,,4.0,4.0,,1.0,,19.0,6.0,21.0,3,,47.0,6.0,5.0,4.0,
2021-22,9576160,1,57,Watford,Home,887055,244716,Cucho Hernández,cucho-hernandez,F,True,,,,1.0,3.0,4.0,4.0,,,,,,3.0,,,1.0,9.0,1.0,,,,,1.0,,,,,,,24.0,2.0,,,,,,,,3.0,,6.9,,,,,1.0,,,,,2.0,3.0,5.0,2,,11.0,,1.0,,
2021-22,9576160,1,57,Watford,Home,965943,471471,Imrân Louza,imran-louza,M,True,,,,,,,,,,,,,,,,,,,,,,,,,,,,,,,,,,,,,,,,,,,,,,,,,,,,,,0,,,,,,
2021-22,9576160,1,57,Watford,Home,991595,232391,Jeremy Ngakia,jeremy-ngakia,D,True,,,,,,,,,,,,,,,,,,,,,,,,,,,,,,,,,,,,,,,,,,,,,,,,,,,,,,0,,,,,,
2021-22,9576184,2,57,Watford,Away,10599,9089,Ben Foster,ben-foster,G,True,,,,,,,,,,,,,,,,,,,,,,,,,,,,,,,,,,,,,,,,,,,,,,,,,,,,,,0,,,,,,
2021-22,9576184,2,57,Watford,Away,16586,38290,Danny Rose,danny-rose,D,True,,,,,,,,,,,,,,,,,,,,,,,,,,,,,,,,,,,,,,,,,,,,,,,,,,,,,,0,,,,,,
2021-22,9576184,2,57,Watford,Away,22109,41725,Troy Deeney,troy-deeney,F,True,,,,2.0,,2.0,,4.0,,,,,,,,,,4.0,,,,,,,,,,1.0,,12.0,,,,,,,,,4.0,,7.0,,,2.0,1.0,,,,,,5.0,,5.0,2,,9.0,1.0,,,
2021-22,9576184,2,57,Watford,Away,22200,41338,Craig Cathcart,craig-cathcart,D,False,,,3.0,10.0,13.0,23.0,2.0,3.0,3.0,,,,,,,,2.0,6.0,,1.0,,,,,,,,,,65.0,,,,,,,,,11.0,,6.6,,,,3.0,,2.0,,4.0,,16.0,14.0,28.0,0,2.0,51.0,2.0,1.0,,
2021-22,9576184,2,57,Watford,Away,46432,43250,Tom Cleverley,tom-cleverley,M,False,,,4.0,23.0,19.0,42.0,1.0,1.0,5.0,,,1.0,1.0,,,1.0,5.0,3.0,,,1.0,,,,,,1.0,,,90.0,1.0,1.0,,,,,,,9.0,,6.7,,,,1.0,1.0,1.0,,5.0,,29.0,20.0,48.0,2,1.0,63.0,,1.0,,1.0
2021-22,9576184,2,57,Watford,Away,58351,85624,Christian Kabasele,christian-kabasele,D,False,,,6.0,5.0,53.0,58.0,,3.0,3.0,,,,,,,,1.0,3.0,,,1.0,,,,,,1.0,,,90.0,,2.0,,,,,,,3.0,,7.0,,,,6.0,,,,6.0,,6.0,54.0,60.0,0,,72.0,1.0,,,
2021-22,9576184,2,57,Watford,Away,100621,78007,Joshua King,joshua-king,F,True,1.0,,,10.0,1.0,10.0,1.0,,3.0,,,,,,,,3.0,1.0,,,1.0,,,,,,1.0,3.0,,25.0,,,,,,,,,3.0,,6.9,,,,,1.0,1.0,,,,11.0,1.0,11.0,0,,17.0,,1.0,,
2021-22,9576184,2,57,Watford,Away,259995,155651,Adam Masina,adam-masina,D,False,,,5.0,18.0,21.0,39.0,1.0,1.0,7.0,,,,,,,1.0,3.0,3.0,,,1.0,,,,,,1.0,1.0,,90.0,,1.0,,,,,,,14.0,,6.7,,,,3.0,,,,11.0,,25.0,26.0,51.0,0,2.0,66.0,1.0,,,2.0
2021-22,9576184,2,57,Watford,Away,288019,154506,Daniel Bachmann,daniel-bachmann,G,False,,,1.0,,19.0,19.0,,,4.0,,,,,,,,,,,,,,,,,,,,,90.0,,,,,,,,,5.0,1.0,6.2,1.0,1.0,,1.0,,,,5.0,,3.0,20.0,23.0,0,,29.0,,,,
2021-22,9576184,2,57,Watford,Away,319847,157775,Ken Sema,ken-sema,M,False,,,,8.0,4.0,12.0,1.0,,2.0,,,1.0,,,,3.0,5.0,,,,,,,,,,,1.0,,78.0,,,,,,,,,13.0,,6.0,,,,,1.0,2.0,,2.0,,14.0,6.0,18.0,1,,30.0,1.0,,,
2021-22,9576184,2,57,Watford,Away,338991,131304,William Troost-Ekong,william-troost-ekong,D,False,,,6.0,21.0,45.0,66.0,4.0,1.0,5.0,,,,,,,,4.0,1.0,,,,,,,,,3.0,,,90.0,,1.0,,,,,,,9.0,,7.0,,,,9.0,,,,10.0,,25.0,48.0,73.0,0,,95.0,2.0,,,
2021-22,9576184,2,57,Watford,Away,353224,176296,Ashley Fletcher,ashley-fletcher,F,True,,,,,,,,,,,,,,,,,,,,,,,,,,,,,,,,,,,,,,,,,,,,,,,,,,,,,,0,,,,,,
2021-22,9576184,2,57,Watford,Away,805096,208973,Francisco Sierralta,francisco-sierralta,D,True,,,,,,,,,,,,,,,,,,,,,,,,,,,,,,,,,,,,,,,,,,,,,,,,,,,,,,0,,,,,,
2021-22,9576184,2,57,Watford,Away,839110,227560,Peter Etebo,peter-etebo,M,False,,,2.0,11.0,22.0,33.0,,,3.0,,,1.0,2.0,,,,4.0,4.0,,,1.0,,,,,,1.0,,,90.0,,,,,,,,,6.0,,6.6,,,,,1.0,,,2.0,,13.0,24.0,37.0,1,3.0,47.0,1.0,1.0,,1.0
2021-22,9576184,2,57,Watford,Away,844424,230251,Emmanuel Dennis,emmanuel-dennis,F,False,1.0,,,6.0,7.0,12.0,3.0,2.0,,,,1.0,3.0,,,1.0,9.0,12.0,,,1.0,,,,,,,1.0,,90.0,,,,,,,,,14.0,,6.8,,,,,3.0,3.0,,,1.0,16.0,8.0,21.0,1,3.0,40.0,1.0,5.0,2.0,2.0
2021-22,9576184,2,57,Watford,Away,845286,232185,Ismaïla Sarr,ismaila-sarr,F,False,1.0,,,25.0,5.0,29.0,1.0,2.0,6.0,,,,,,,4.0,6.0,6.0,,,,,,,,,1.0,2.0,,90.0,,,,,,,,,19.0,,6.7,,,2.0,,3.0,6.0,,,,35.0,5.0,34.0,2,,56.0,2.0,2.0,2.0,
2021-22,9576184,2,57,Watford,Away,887055,244716,Cucho Hernández,cucho-hernandez,F,True,,,,8.0,3.0,11.0,2.0,,3.0,,,,1.0,,,1.0,5.0,2.0,,,,,,,,,,,,45.0,,,,,,,,,9.0,,6.6,,,1.0,,2.0,,,2.0,,14.0,4.0,18.0,1,1.0,25.0,,,1.0,
2021-22,9576184,2,57,Watford,Away,965943,471471,Imrân Louza,imran-louza,M,False,,,,4.0,5.0,9.0,1.0,1.0,2.0,,,,,,,1.0,2.0,3.0,,,,,,,,,1.0,1.0,,45.0,,,,,,,,,9.0,,6.7,,,,1.0,1.0,2.0,,,,10.0,6.0,14.0,0,1.0,26.0,1.0,,1.0,
2021-22,9576184,2,57,Watford,Away,991595,232391,Jeremy Ngakia,jeremy-ngakia,D,True,,,,,,,,,,,,,,,,,,,,,,,,,,,,,,,,,,,,,,,,,,,,,,,,,,,,,,0,,,,,,
2021-22,9576184,2,57,Watford,Away,998357,493934,Kwadwo Baah,kwadwo-baah,F,True,,,,,,,,,,,,,,,,,,,,,,,,,,,,,,,,,,,,,,,,,,,,,,,,,,,,,,0,,,,,,
2021-22,9576132,3,57,Watford,Away,16586,38290,Danny Rose,danny-rose,D,True,,,,,,,,,,,,,,,,,,,,,,,,,,,,,,,,,,,,,,,,,,,,,,,,,,,,,,0,,,,,,
2021-22,9576132,3,57,Watford,Away,20581,19838,Robert Elliot,robert-elliot,G,True,,,,,,,,,,,,,,,,,,,,,,,,,,,,,,,,,,,,,,,,,,,,,,,,,,,,,,0,,,,,,
2021-22,9576132,3,57,Watford,Away,22200,41338,Craig Cathcart,craig-cathcart,D,False,,,2.0,6.0,11.0,17.0,,,1.0,,,,,,,,1.0,,,,1.0,,,,,,2.0,,,51.0,,2.0,,,,,,,4.0,,7.0,,,,6.0,,,,3.0,,7.0,13.0,20.0,0,,38.0,1.0,,,
2021-22,9576132,3,57,Watford,Away,27014,45268,Moussa Sissoko,moussa-sissoko,M,False,,,1.0,4.0,9.0,13.0,,,1.0,,,,1.0,,,1.0,6.0,,,,2.0,,,,,,,2.0,,71.0,,,,,,,,,9.0,,6.2,,,1.0,2.0,2.0,1.0,,1.0,,7.0,9.0,15.0,1,,29.0,3.0,,,
2021-22,9576132,3,57,Watford,Away,46432,43250,Tom Cleverley,tom-cleverley,M,True,1.0,,,6.0,1.0,6.0,1.0,1.0,,,,,,,,1.0,2.0,2.0,,,1.0,,,,,,,,,19.0,,,,,,,,,5.0,,6.7,,,,2.0,,2.0,,,,9.0,2.0,9.0,0,1.0,15.0,,,,1.0
2021-22,9576132,3,57,Watford,Away,48563,69143,Juraj Kucka,juraj-kucka,M,False,,,2.0,8.0,11.0,19.0,2.0,,4.0,,,1.0,2.0,,,2.0,8.0,5.0,,,3.0,,,,,,,,,90.0,,,,,,,,,15.0,,6.5,,,1.0,3.0,,1.0,,2.0,,14.0,15.0,28.0,2,3.0,46.0,3.0,2.0,,2.0
2021-22,9576132,3,57,Watford,Away,58351,85624,Christian Kabasele,christian-kabasele,D,True,,,,,,,,,,,,,,,,,,,,,,,,,,,,,,,,,,,,,,,,,,,,,,,,,,,,,,0,,,,,,
2021-22,9576132,3,57,Watford,Away,100621,78007,Joshua King,joshua-king,F,False,,,,4.0,3.0,7.0,5.0,3.0,1.0,,,,,,,1.0,6.0,4.0,,,,,,,,,,2.0,,65.0,,,,,,,,,9.0,,6.7,,,,1.0,1.0,,,,,8.0,4.0,12.0,0,,21.0,3.0,,1.0,
2021-22,9576132,3,57,Watford,Away,259995,155651,Adam Masina,adam-masina,D,False,1.0,,4.0,17.0,26.0,42.0,1.0,3.0,2.0,,,,2.0,,,,3.0,5.0,,,,,,,,,,1.0,,90.0,,1.0,,,,,,,16.0,,6.9,,,,8.0,,4.0,,11.0,,30.0,29.0,55.0,0,2.0,81.0,,,,2.0
2021-22,9576132,3,57,Watford,Away,288019,154506,Daniel Bachmann,daniel-bachmann,G,False,,,2.0,1.0,16.0,17.0,,,12.0,,,,,,,,,,,,,,,,,,,,,90.0,,,,,,,,,10.0,1.0,7.9,3.0,7.0,,1.0,,,,10.0,,7.0,20.0,27.0,0,,46.0,,,,
2021-22,9576132,3,57,Watford,Away,319847,157775,Ken Sema,ken-sema,M,True,,,,,,,,,,,,,,,,,,,,,,,,,,,,,,,,,,,,,,,,,,,,,,,,,,,,,,0,,,,,,
2021-22,9576132,3,57,Watford,Away,338991,131304,William Troost-Ekong,william-troost-ekong,D,False,,,7.0,5.0,39.0,44.0,1.0,,1.0,,,,,,,,2.0,,,,1.0,,,,,,,,,90.0,,,,,,,,,2.0,,6.7,,,,5.0,,,,8.0,,6.0,40.0,46.0,0,,52.0,,,,
2021-22,9576132,3,57,Watford,Away,353224,176296,Ashley Fletcher,ashley-fletcher,F,True,,,,,,,,,,,,,,,,,,,,,,,,,,,,,,,,,,,,,,,,,,,,,,,,,,,,,,0,,,,,,
2021-22,9576132,3,57,Watford,Away,805096,208973,Francisco Sierralta,francisco-sierralta,D,False,,,2.0,3.0,49.0,52.0,,1.0,4.0,,,,,,,,,2.0,,,,,,,,,,,,90.0,,,,,,,,,4.0,,6.8,,,,4.0,,,,2.0,,3.0,52.0,55.0,0,1.0,62.0,1.0,,,
2021-22,9576132,3,57,Watford,Away,839110,227560,Peter Etebo,peter-etebo,M,False,1.0,,4.0,14.0,17.0,30.0,,,9.0,,,,,,,,2.0,3.0,,,1.0,,,,,,1.0,1.0,,90.0,,,,,,,,,3.0,,7.0,,,,2.0,3.0,1.0,,4.0,,15.0,17.0,31.0,0,1.0,40.0,,,2.0,1.0
2021-22,9576132,3,57,Watford,Away,844424,230251,Emmanuel Dennis,emmanuel-dennis,F,False,,,,13.0,2.0,15.0,2.0,1.0,1.0,,,1.0,2.0,,,2.0,11.0,8.0,,,4.0,,,,,,,,,90.0,,,,,,,,,8.0,,6.6,,,1.0,,5.0,,,,,17.0,2.0,19.0,2,3.0,35.0,1.0,,4.0,2.0
2021-22,9576132,3,57,Watford,Away,845286,232185,Ismaïla Sarr,ismaila-sarr,F,False,1.0,,1.0,10.0,8.0,17.0,1.0,,5.0,,,1.0,,,,3.0,8.0,8.0,,,,,,,,,1.0,2.0,,90.0,2.0,,,,,,,,18.0,,6.9,,,,,7.0,3.0,,1.0,1.0,15.0,9.0,21.0,3,,51.0,5.0,5.0,3.0,
2021-22,9576132,3,57,Watford,Away,887055,244716,Cucho Hernández,cucho-hernandez,F,True,,,,3.0,,3.0,,1.0,1.0,,,,2.0,,,,3.0,2.0,,,,,,,,,,,,25.0,,,,,,,,,7.0,,6.5,,,1.0,,1.0,1.0,,1.0,,6.0,2.0,7.0,1,1.0,13.0,1.0,,,1.0
2021-22,9576132,3,57,Watford,Away,965943,471471,Imrân Louza,imran-louza,M,True,,,,,,,,,,,,,,,,,,,,,,,,,,,,,,,,,,,,,,,,,,,,,,,,,,,,,,0,,,,,,
2021-22,9576132,3,57,Watford,Away,991595,232391,Jeremy Ngakia,jeremy-ngakia,D,True,,,1.0,6.0,9.0,15.0,,,1.0,,,,,,,,1.0,5.0,,,1.0,,,,,,,,,39.0,,,,,,,,,5.0,,7.1,,,,2.0,,1.0,,2.0,,8.0,12.0,19.0,0,4.0,35.0,,1.0,,2.0
2021-22,9576166,4,57,Watford,Home,16586,38290,Danny Rose,danny-rose,D,False,,,5.0,10.0,19.0,29.0,1.0,1.0,2.0,,,,3.0,,,,6.0,6.0,,,1.0,,,,,,3.0,1.0,1.0,90.0,,1.0,,,,,,,17.0,,6.8,,,,2.0,1.0,3.0,,9.0,,20.0,23.0,40.0,0,1.0,69.0,,4.0,,1.0
2021-22,9576166,4,57,Watford,Home,20581,19838,Robert Elliot,robert-elliot,G,True,,,,,,,,,,,,,,,,,,,,,,,,,,,,,,,,,,,,,,,,,,,,,,,,,,,,,,0,,,,,,
2021-22,9576166,4,57,Watford,Home,22200,41338,Craig Cathcart,craig-cathcart,D,True,,,,,,,,,,,,,,,,,,,,,,,,,,,,,,,,,,,,,,,,,,,,,,,,,,,,,,0,,,,,,
2021-22,9576166,4,57,Watford,Home,27014,45268,Moussa Sissoko,moussa-sissoko,M,False,1.0,,1.0,15.0,9.0,23.0,,2.0,5.0,,,,1.0,,,2.0,4.0,6.0,,,,,,,,,,1.0,,90.0,1.0,,,,,,,,13.0,,6.7,,,,,4.0,2.0,,2.0,,22.0,12.0,32.0,1,1.0,44.0,,,3.0,
2021-22,9576166,4,57,Watford,Home,46432,43250,Tom Cleverley,tom-cleverley,M,True,,,,,,,,,,,,,,,,,,,,,,,,,,,,,,,,,,,,,,,,,,,,,,,,,,,,,,0,,,,,,
2021-22,9576166,4,57,Watford,Home,48563,69143,Juraj Kucka,juraj-kucka,M,False,,,,8.0,4.0,12.0,,2.0,1.0,,,,3.0,,,2.0,7.0,9.0,,,1.0,,,,,,2.0,,,90.0,,1.0,,,,,,,10.0,,6.7,,,1.0,1.0,1.0,1.0,,1.0,,13.0,4.0,16.0,1,5.0,37.0,2.0,2.0,,2.0
2021-22,9576166,4,57,Watford,Home,58351,85624,Christian Kabasele,christian-kabasele,D,True,,,,,,,,,,,,,,,,,,,,,,,,,,,,,,,,,,,,,,,,,,,,,,,,,,,,,,0,,,,,,
2021-22,9576166,4,57,Watford,Home,100621,78007,Joshua King,joshua-king,F,False,,,,3.0,6.0,9.0,,2.0,1.0,,,,,,,,1.0,2.0,,,,,,,,,,,,53.0,1.0,,,,,,,,4.0,,6.7,,,,1.0,1.0,,,,,5.0,6.0,11.0,1,,15.0,1.0,,,
2021-22,9576166,4,57,Watford,Home,251907,,Ozan Tufan,ozan-tufan,M,True,,,,,,,,,,,,,,,,,,,,,,,,,,,,,,,,,,,,,,,,,,,,,,,,,,,,,,0,,,,,,
2021-22,9576166,4,57,Watford,Home,259995,155651,Adam Masina,adam-masina,D,True,,,,,,,,,,,,,,,,,,,,,,,,,,,,,,,,,,,,,,,,,,,,,,,,,,,,,,0,,,,,,
2021-22,9576166,4,57,Watford,Home,288019,154506,Daniel Bachmann,daniel-bachmann,G,False,,2.0,5.0,3.0,22.0,25.0,,,13.0,,,,,,,,,,,,,,,,,,,,,90.0,,,,,,,,,2.0,,6.8,3.0,4.0,,1.0,,,2.0,7.0,,5.0,22.0,27.0,0,,41.0,,,,
2021-22,9576166,4,57,Watford,Home,319847,157775,Ken Sema,ken-sema,M,True,,,,,2.0,2.0,,,2.0,,,,,,,1.0,1.0,2.0,,,,,,,,,,,,13.0,,,,,,,,,7.0,,6.4,,,,,1.0,1.0,,2.0,,5.0,2.0,6.0,0,1.0,12.0,,,1.0,1.0
2021-22,9576166,4,57,Watford,Home,338991,131304,William Troost-Ekong,william-troost-ekong,D,False,,,10.0,12.0,44.0,56.0,,,5.0,,,,,,,,1.0,2.0,,,1.0,,,,,,,,1.0,90.0,,1.0,,,,,,,6.0,,7.0,,,,3.0,,,,15.0,,17.0,45.0,62.0,0,1.0,69.0,,1.0,,
2021-22,9576166,4,57,Watford,Home,805096,208973,Francisco Sierralta,francisco-sierralta,D,False,,,,5.0,47.0,52.0,,,3.0,,,,1.0,,,,1.0,3.0,,,,,,,,,,,,90.0,,,1.0,,,,,,1.0,,6.5,,,,8.0,,,,1.0,,5.0,48.0,53.0,0,2.0,67.0,,1.0,,1.0
2021-22,9576166,4,57,Watford,Home,839110,227560,Peter Etebo,peter-etebo,M,False,,,4.0,13.0,19.0,32.0,,,4.0,,,,2.0,,,,5.0,6.0,,,3.0,,,,,,,,,77.0,,,,,,,,,2.0,,7.0,,,2.0,1.0,1.0,1.0,,4.0,,14.0,19.0,32.0,2,5.0,44.0,1.0,,1.0,4.0
2021-22,9576166,4,57,Watford,Home,844424,230251,Emmanuel Dennis,emmanuel-dennis,F,False,,,,10.0,5.0,15.0,1.0,2.0,2.0,,,,4.0,,,1.0,12.0,8.0,,,5.0,,,,,,1.0,,,90.0,,,,,,,,,18.0,,6.2,,,1.0,,3.0,2.0,,,,19.0,7.0,24.0,1,3.0,43.0,5.0,1.0,2.0,2.0
2021-22,9576166,4,57,Watford,Home,845286,232185,Ismaïla Sarr,ismaila-sarr,F,False,,,1.0,16.0,2.0,18.0,,,6.0,,,,1.0,,,3.0,6.0,6.0,,,4.0,,,,,,,1.0,,90.0,,,,,,,,,16.0,,6.3,,,,,2.0,5.0,,2.0,1.0,25.0,4.0,24.0,0,,44.0,2.0,4.0,2.0,
2021-22,9576166,4,57,Watford,Home,887055,244716,Cucho Hernández,cucho-hernandez,F,True,,,1.0,5.0,4.0,9.0,1.0,1.0,3.0,,,,1.0,,,,4.0,3.0,,,,,,,,,1.0,,,37.0,,,,,,,,,12.0,,6.4,,,,,4.0,2.0,,1.0,,11.0,5.0,14.0,0,,24.0,3.0,,2.0,
2021-22,9576166,4,57,Watford,Home,965943,471471,Imrân Louza,imran-louza,M,True,,,,,,,,,,,,,,,,,,,,,,,,,,,,,,,,,,,,,,,,,,,,,,,,,,,,,,0,,,,,,
2021-22,9576166,4,57,Watford,Home,991595,232391,Jeremy Ngakia,jeremy-ngakia,D,False,,,1.0,15.0,9.0,24.0,2.0,2.0,3.0,,,,3.0,,,,8.0,6.0,,,,,,,,,1.0,,,90.0,,,,,,,,,9.0,,6.2,,,,6.0,6.0,1.0,,1.0,,20.0,10.0,29.0,0,1.0,51.0,,,3.0,
2021-22,9576189,5,57,Watford,Away,10599,9089,Ben Foster,ben-foster,G,False,,,12.0,10.0,8.0,18.0,,,10.0,,,,,,,,,1.0,,,,,,,1.0,,,,,90.0,,,,,,,,,12.0,,6.9,2.0,4.0,,,1.0,,,24.0,,21.0,9.0,30.0,0,,39.0,,,1.0,
2021-22,9576189,5,57,Watford,Away,16586,38290,Danny Rose,danny-rose,D,False,,,3.0,15.0,13.0,28.0,2.0,,7.0,1.0,,,2.0,,,,8.0,5.0,,,4.0,,,,,,4.0,1.0,,90.0,,,,,,,,,18.0,,6.8,,,,,3.0,,,11.0,,24.0,15.0,39.0,0,1.0,72.0,4.0,2.0,2.0,
2021-22,9576189,5,57,Watford,Away,22200,41338,Craig Cathcart,craig-cathcart,D,False,,,5.0,5.0,34.0,39.0,3.0,1.0,8.0,,,,1.0,,,,5.0,1.0,,,1.0,,,,,,2.0,,,90.0,,1.0,,,,,,,6.0,,6.7,,,1.0,5.0,,,,8.0,,7.0,38.0,45.0,1,,58.0,,,,
2021-22,9576189,5,57,Watford,Away,27014,45268,Moussa Sissoko,moussa-sissoko,M,False,,,4.0,14.0,20.0,34.0,,,7.0,,,,,,,,,1.0,,,,,,,,,,1.0,,90.0,,,,,,,,,6.0,,6.7,,,,,,1.0,,6.0,,20.0,20.0,39.0,0,1.0,42.0,,,,1.0
2021-22,9576189,5,57,Watford,Away,46432,43250,Tom Cleverley,tom-cleverley,M,False,2.0,,3.0,22.0,12.0,32.0,,,4.0,1.0,,,1.0,,,2.0,5.0,2.0,,,2.0,,,,,,,3.0,,82.0,,2.0,,,,,,,18.0,,7.3,,,,,,8.0,,7.0,,36.0,13.0,41.0,0,2.0,59.0,1.0,,,1.0
2021-22,9576189,5,57,Watford,Away,48563,69143,Juraj Kucka,juraj-kucka,M,False,,,2.0,9.0,16.0,25.0,4.0,5.0,10.0,,,,2.0,,,,11.0,14.0,,1.0,2.0,,,,,,1.0,1.0,,90.0,,,,,,,,,18.0,,6.6,,,1.0,1.0,3.0,1.0,,3.0,,16.0,22.0,37.0,1,4.0,57.0,2.0,5.0,,2.0
2021-22,9576189,5,57,Watford,Away,53739,54484,Kiko Femenía,kiko-femenia,D,False,1.0,,,14.0,12.0,25.0,,,2.0,1.0,,,,,,1.0,1.0,2.0,,,,1.0,,,,,,3.0,,59.0,,,,,,,,,10.0,,7.1,,,,,1.0,5.0,,1.0,,20.0,14.0,29.0,0,,42.0,,1.0,1.0,
2021-22,9576189,5,57,Watford,Away,58351,85624,Christian Kabasele,christian-kabasele,D,True,,,,,,,,,,,,,,,,,,,,,,,,,,,,,,,,,,,,,,,,,,,,,,,,,,,,,,0,,,,,,
2021-22,9576189,5,57,Watford,Away,100621,78007,Joshua King,joshua-king,F,False,,,,11.0,2.0,13.0,3.0,5.0,4.0,2.0,1.0,1.0,,,,,6.0,7.0,,,2.0,1.0,,,,,,2.0,,90.0,1.0,,,,,,,,6.0,,7.3,,,,,2.0,,,,,12.0,4.0,16.0,2,,26.0,2.0,1.0,1.0,
2021-22,9576189,5,57,Watford,Away,259995,155651,Adam Masina,adam-masina,D,True,,,,,,,,,,,,,,,,,,,,,,,,,,,,,,,,,,,,,,,,,,,,,,,,,,,,,,0,,,,,,
2021-22,9576189,5,57,Watford,Away,288019,154506,Daniel Bachmann,daniel-bachmann,G,True,,,,,,,,,,,,,,,,,,,,,,,,,,,,,,,,,,,,,,,,,,,,,,,,,,,,,,0,,,,,,
2021-22,9576189,5,57,Watford,Away,319847,157775,Ken Sema,ken-sema,M,True,,,,3.0,2.0,5.0,3.0,1.0,,,,,1.0,,,1.0,6.0,3.0,,,1.0,,,,,,,,,17.0,,,,,,,,,6.0,,6.3,,,,,2.0,,,,,4.0,3.0,7.0,0,,14.0,2.0,,2.0,
2021-22,9576189,5,57,Watford,Away,338991,131304,William Troost-Ekong,william-troost-ekong,D,False,,,6.0,14.0,19.0,33.0,1.0,,3.0,,,,,,,,1.0,2.0,,,,,,,,,,,1.0,90.0,,1.0,,,,,,,8.0,,7.1,,,,7.0,,,,10.0,,20.0,20.0,40.0,0,2.0,53.0,1.0,,,2.0
2021-22,9576189,5,57,Watford,Away,353224,176296,Ashley Fletcher,ashley-fletcher,F,True,,,,,,,,,,,,,,,,,,,,,,,,,,,,,,,,,,,,,,,,,,,,,,,,,,,,,,0,,,,,,
2021-22,9576189,5,57,Watford,Away,839110,227560,Peter Etebo,peter-etebo,M,True,,,,5.0,3.0,8.0,,,1.0,,,,,,,,,,,,,,,,,,,,,8.0,,,,,,,,,1.0,,6.5,,,,,,,,,,6.0,3.0,9.0,0,,9.0,,,,
2021-22,9576189,5,57,Watford,Away,844424,230251,Emmanuel Dennis,emmanuel-dennis,F,False,,,1.0,5.0,5.0,10.0,,3.0,3.0,,,,1.0,,,,6.0,4.0,,,2.0,,1.0,,,,,,,73.0,2.0,,,,,,,,16.0,,6.9,,,,,3.0,1.0,,2.0,,14.0,5.0,18.0,2,1.0,33.0,3.0,,,
2021-22,9576189,5,57,Watford,Away,845286,232185,Ismaïla Sarr,ismaila-sarr,F,False,,,4.0,23.0,4.0,27.0,1.0,,3.0,,2.0,,,,,4.0,5.0,5.0,,,,,2.0,,,,1.0,,,90.0,5.0,,,,,,,,13.0,,8.1,,,,,5.0,4.0,,4.0,,29.0,4.0,29.0,5,,52.0,3.0,,5.0,
2021-22,9576189,5,57,Watford,Away,887055,244716,Cucho Hernández,cucho-hernandez,F,True,,,,,,,,,,,,,,,,,,,,,,,,,,,,,,,,,,,,,,,,,,,,,,,,,,,,,,0,,,,,,
2021-22,9576189,5,57,Watford,Away,965943,471471,Imrân Louza,imran-louza,M,True,,,,,,,,,,,,,,,,,,,,,,,,,,,,,,,,,,,,,,,,,,,,,,,,,,,,,,0,,,,,,
2021-22,9576189,5,57,Watford,Away,991595,232391,Jeremy Ngakia,jeremy-ngakia,D,True,,,1.0,6.0,10.0,16.0,1.0,,2.0,,,,1.0,,,1.0,3.0,1.0,,,,,,,,,1.0,,,31.0,,,,,,,,,3.0,,6.6,,,1.0,1.0,1.0,1.0,,2.0,,8.0,10.0,17.0,1,,26.0,,,1.0,
2021-22,9576154,6,57,Watford,Home,10599,9089,Ben Foster,ben-foster,G,False,,,7.0,2.0,16.0,18.0,,,5.0,,,,1.0,,,,1.0,,,,,,,,,,,,,90.0,,,,,,,,,7.0,,7.1,3.0,5.0,,,,,,13.0,,8.0,17.0,25.0,0,,34.0,,,,
2021-22,9576154,6,57,Watford,Home,16586,38290,Danny Rose,danny-rose,D,False,2.0,,5.0,22.0,11.0,31.0,2.0,,3.0,,,,1.0,,,1.0,5.0,10.0,,,1.0,,,,,,1.0,3.0,,90.0,,1.0,,,,,,,15.0,,7.7,,,1.0,,5.0,4.0,,6.0,,29.0,16.0,41.0,1,3.0,74.0,2.0,2.0,5.0,2.0
2021-22,9576154,6,57,Watford,Home,20581,19838,Robert Elliot,robert-elliot,G,True,,,,,,,,,,,,,,,,,,,,,,,,,,,,,,,,,,,,,,,,,,,,,,,,,,,,,,0,,,,,,
2021-22,9576154,6,57,Watford,Home,22200,41338,Craig Cathcart,craig-cathcart,D,False,,,3.0,12.0,27.0,39.0,1.0,1.0,5.0,,,,,,,,2.0,2.0,,1.0,1.0,,,,,,1.0,,,90.0,,,,,,,,,6.0,,6.5,,,,3.0,,,,6.0,,16.0,29.0,45.0,0,1.0,51.0,,,,
2021-22,9576154,6,57,Watford,Home,27014,45268,Moussa Sissoko,moussa-sissoko,M,False,,,7.0,24.0,23.0,47.0,5.0,2.0,5.0,,,,,,,1.0,10.0,7.0,,,2.0,,,,,,1.0,1.0,,90.0,1.0,1.0,,,,,,,12.0,,7.1,,,,1.0,6.0,,,8.0,,30.0,24.0,54.0,1,1.0,72.0,1.0,,4.0,1.0
2021-22,9576154,6,57,Watford,Home,46432,43250,Tom Cleverley,tom-cleverley,M,False,,,,3.0,1.0,4.0,1.0,,1.0,,,,2.0,,,2.0,8.0,1.0,,,3.0,,,,,,,,,45.0,,,,,,,,,9.0,,6.0,,,,,,4.0,,1.0,,9.0,2.0,7.0,0,1.0,16.0,,,,
2021-22,9576154,6,57,Watford,Home,48563,69143,Juraj Kucka,juraj-kucka,M,False,,,3.0,13.0,11.0,24.0,4.0,1.0,4.0,,,2.0,1.0,,,,8.0,4.0,,1.0,3.0,,,,,,1.0,1.0,,64.0,,1.0,,,,,,,9.0,,6.5,,,,,,2.0,,4.0,,19.0,13.0,30.0,2,1.0,42.0,1.0,2.0,,1.0
2021-22,9576154,6,57,Watford,Home,53739,54484,Kiko Femenía,kiko-femenia,D,False,,,1.0,11.0,8.0,19.0,3.0,,3.0,,,,,,,,3.0,,,,1.0,,,,,,,,,67.0,,1.0,,,,,,,12.0,,6.5,,,,2.0,,,,3.0,,18.0,9.0,27.0,0,,43.0,2.0,,,
2021-22,9576154,6,57,Watford,Home,58351,85624,Christian Kabasele,christian-kabasele,D,True,,,,,,,,,,,,,,,,,,,,,,,,,,,,,,,,,,,,,,,,,,,,,,,,,,,,,,0,,,,,,
2021-22,9576154,6,57,Watford,Home,100621,78007,Joshua King,joshua-king,F,False,,,,6.0,2.0,8.0,2.0,4.0,2.0,1.0,,1.0,2.0,,,,7.0,5.0,,,1.0,1.0,,,,,,2.0,,90.0,,1.0,,,,,,,10.0,,7.1,,,1.0,3.0,3.0,,,,1.0,11.0,2.0,13.0,2,,27.0,3.0,,1.0,
2021-22,9576154,6,57,Watford,Home,251907,,Ozan Tufan,ozan-tufan,M,True,,,,12.0,5.0,17.0,,1.0,2.0,,,,,,,1.0,3.0,2.0,,,1.0,,,,,,,4.0,,45.0,,,,,,,,,10.0,,6.8,,,1.0,,2.0,1.0,,,,18.0,5.0,22.0,1,,31.0,2.0,,1.0,
2021-22,9576154,6,57,Watford,Home,259995,155651,Adam Masina,adam-masina,D,True,,,,,,,,,,,,,,,,,,,,,,,,,,,,,,,,,,,,,,,,,,,,,,,,,,,,,,0,,,,,,
2021-22,9576154,6,57,Watford,Home,319847,157775,Ken Sema,ken-sema,M,True,,,,,,,,,,,,,,,,,,,,,,,,,,,,,,,,,,,,,,,,,,,,,,,,,,,,,,0,,,,,,
2021-22,9576154,6,57,Watford,Home,338991,131304,William Troost-Ekong,william-troost-ekong,D,False,,,6.0,18.0,18.0,36.0,2.0,5.0,8.0,,,,,,,,3.0,7.0,,,1.0,,,,,,,,,90.0,,1.0,,,,,,,11.0,,6.9,,,1.0,3.0,1.0,,,14.0,,28.0,19.0,47.0,1,1.0,54.0,,,1.0,1.0
2021-22,9576154,6,57,Watford,Home,839110,227560,Peter Etebo,peter-etebo,M,True,,,2.0,5.0,4.0,9.0,,,2.0,,,,,,,,1.0,1.0,,,1.0,,,,,,,,,15.0,,,,,,,,,1.0,,6.7,,,,,1.0,,,2.0,,6.0,4.0,10.0,0,,11.0,,,1.0,
2021-22,9576154,6,57,Watford,Home,844424,230251,Emmanuel Dennis,emmanuel-dennis,F,False,,,,7.0,2.0,9.0,1.0,2.0,2.0,,,2.0,2.0,,,2.0,9.0,6.0,,,2.0,,,,,,2.0,1.0,,75.0,1.0,,,,,,,,11.0,,6.4,,,1.0,,4.0,1.0,,,,11.0,2.0,12.0,4,2.0,32.0,2.0,,2.0,1.0
2021-22,9576154,6,57,Watford,Home,845286,232185,Ismaïla Sarr,ismaila-sarr,F,False,,,,7.0,3.0,10.0,1.0,,6.0,,,,1.0,,,3.0,7.0,8.0,,,1.0,,1.0,,,,,,,90.0,2.0,,,,,,,,15.0,,7.2,,,1.0,,4.0,2.0,,,,13.0,3.0,14.0,3,2.0,36.0,4.0,4.0,2.0,1.0
2021-22,9576154,6,57,Watford,Home,887055,244716,Cucho Hernández,cucho-hernandez,F,True,,,,,,,,,,,,,,,,,,,,,,,,,,,,,,,,,,,,,,,,,,,,,,,,,,,,,,0,,,,,,
2021-22,9576154,6,57,Watford,Home,975079,475168,João Pedro,joao-pedro,F,True,,,,3.0,1.0,4.0,,,1.0,,,,,,,1.0,4.0,5.0,,,1.0,,,,,,,1.0,,26.0,,,,,,,,,12.0,,6.6,,,,1.0,5.0,1.0,,2.0,,9.0,2.0,10.0,0,,22.0,2.0,2.0,3.0,
2021-22,9576154,6,57,Watford,Home,991595,232391,Jeremy Ngakia,jeremy-ngakia,D,True,,,,4.0,1.0,5.0,2.0,1.0,1.0,,,,1.0,,,,3.0,3.0,,,,,,,,,1.0,,,23.0,,,,,,,,,2.0,,6.6,,,,,1.0,,,1.0,,6.0,1.0,7.0,0,1.0,13.0,,,1.0,
2021-22,9576371,7,57,Watford,Away,10599,9089,Ben Foster,ben-foster,G,False,,,7.0,6.0,14.0,20.0,,1.0,11.0,,,,,,,,,1.0,,,,,,,2.0,,,,,90.0,,,,,,,,,11.0,,6.6,,2.0,,2.0,,,,18.0,,15.0,16.0,31.0,0,,46.0,,,,
2021-22,9576371,7,57,Watford,Away,16586,38290,Danny Rose,danny-rose,D,False,,,1.0,8.0,1.0,9.0,1.0,1.0,6.0,,,,1.0,,,,4.0,10.0,,,,,,,,,,,,90.0,,,,,,,,,22.0,,7.2,,,,4.0,3.0,5.0,,3.0,,15.0,7.0,17.0,0,6.0,56.0,1.0,2.0,1.0,3.0
2021-22,9576371,7,57,Watford,Away,19343,40387,Dan Gosling,dan-gosling,D,True,,,,,,,,,,,,,,,,,,,,,,,,,,,,,,,,,,,,,,,,,,,,,,,,,,,,,,0,,,,,,
2021-22,9576371,7,57,Watford,Away,27014,45268,Moussa Sissoko,moussa-sissoko,M,False,,,2.0,7.0,12.0,19.0,,,7.0,,,,1.0,,,,1.0,1.0,,,,,,,,,1.0,1.0,,90.0,,,,,,,,,9.0,,6.8,,,,3.0,,,,3.0,,12.0,13.0,25.0,0,1.0,40.0,1.0,,,
2021-22,9576371,7,57,Watford,Away,46432,43250,Tom Cleverley,tom-cleverley,M,True,,,,,,,,,,,,,,,,,,,,,,,,,,,,,,,,,,,,,,,,,,,,,,,,,,,,,,0,,,,,,
2021-22,9576371,7,57,Watford,Away,48563,69143,Juraj Kucka,juraj-kucka,M,False,,,3.0,10.0,6.0,16.0,2.0,2.0,9.0,,,1.0,2.0,1.0,,1.0,8.0,11.0,,,3.0,,,,,,,,,90.0,,1.0,,,,,,,10.0,,7.4,,,,3.0,1.0,,,5.0,,14.0,8.0,22.0,1,6.0,47.0,2.0,3.0,,3.0
2021-22,9576371,7,57,Watford,Away,53739,54484,Kiko Femenía,kiko-femenia,D,False,,,2.0,8.0,8.0,16.0,1.0,,5.0,,,,,,,,2.0,5.0,,,1.0,,,,,,1.0,,,90.0,,2.0,,,,,,,11.0,,7.2,,,,3.0,,,,5.0,,10.0,14.0,24.0,0,3.0,47.0,2.0,2.0,,2.0
2021-22,9576371,7,57,Watford,Away,58351,85624,Christian Kabasele,christian-kabasele,D,True,,,1.0,1.0,2.0,3.0,,1.0,,,,,,,,,1.0,1.0,,,1.0,,,,,,,,,22.0,,,,,,,,,3.0,,6.5,,,,1.0,,,,2.0,,3.0,3.0,6.0,0,,9.0,,,,
2021-22,9576371,7,57,Watford,Away,100621,78007,Joshua King,joshua-king,F,False,,,,1.0,1.0,2.0,1.0,2.0,1.0,,,,,,,,3.0,3.0,,,1.0,,,,,,,,,45.0,,,,,,,,,9.0,,6.4,,,,1.0,1.0,,,,,5.0,1.0,6.0,0,,16.0,3.0,1.0,,
2021-22,9576371,7,57,Watford,Away,251907,,Ozan Tufan,ozan-tufan,M,False,,,1.0,5.0,4.0,9.0,3.0,,2.0,,,,,,,,5.0,,,,2.0,,,,,,,,,59.0,,,,,,,,,5.0,,6.4,,,1.0,,,1.0,,1.0,,8.0,4.0,11.0,1,,18.0,2.0,,,
2021-22,9576371,7,57,Watford,Away,259995,155651,Adam Masina,adam-masina,D,True,,,,,,,,,,,,,,,,,,,,,,,,,,,,,,,,,,,,,,,,,,,,,,,,,,,,,,0,,,,,,
2021-22,9576371,7,57,Watford,Away,288019,154506,Daniel Bachmann,daniel-bachmann,G,True,,,,,,,,,,,,,,,,,,,,,,,,,,,,,,,,,,,,,,,,,,,,,,,,,,,,,,0,,,,,,
2021-22,9576371,7,57,Watford,Away,319847,157775,Ken Sema,ken-sema,M,True,,,,4.0,3.0,7.0,,2.0,2.0,,,,2.0,,,,5.0,3.0,,,1.0,,,,,,,,,45.0,,,,,,,,,6.0,,6.2,,,,1.0,2.0,2.0,,1.0,,8.0,3.0,9.0,0,1.0,16.0,,,,1.0
2021-22,9576371,7,57,Watford,Away,338991,131304,William Troost-Ekong,william-troost-ekong,D,False,,,5.0,8.0,12.0,20.0,,1.0,4.0,,,,,,,,1.0,2.0,,,1.0,,,,,,,1.0,,90.0,,4.0,,,,,,,15.0,,7.3,,,,7.0,,,,13.0,,18.0,17.0,35.0,0,1.0,47.0,,,,
2021-22,9576371,7,57,Watford,Away,805096,208973,Francisco Sierralta,francisco-sierralta,D,False,,,,3.0,6.0,9.0,,1.0,7.0,,,,,,,,2.0,3.0,,,2.0,,,,,,1.0,,,68.0,,,,,,,,,11.0,,6.6,,,,6.0,2.0,,,6.0,,11.0,9.0,20.0,0,,32.0,,,2.0,
2021-22,9576371,7,57,Watford,Away,844424,230251,Emmanuel Dennis,emmanuel-dennis,F,False,,,,7.0,3.0,10.0,,3.0,4.0,,,,1.0,,,1.0,6.0,4.0,,,3.0,,,,,,,2.0,,90.0,1.0,,,,,,,,8.0,,6.6,,,,1.0,1.0,,,,,10.0,5.0,15.0,1,1.0,31.0,1.0,,,1.0
2021-22,9576371,7,57,Watford,Away,845286,232185,Ismaïla Sarr,ismaila-sarr,F,False,,,,6.0,6.0,12.0,1.0,,4.0,,,,1.0,,,2.0,6.0,1.0,,,1.0,,,,,,,,,90.0,,,,,,,,,13.0,,6.2,,,1.0,2.0,1.0,3.0,,,,10.0,7.0,14.0,1,1.0,32.0,5.0,,,
2021-22,9576371,7,57,Watford,Away,887055,244716,Cucho Hernández,cucho-hernandez,F,True,,,,,,,,,,,,,,,,,,,,,,,,,,,,,,,,,,,,,,,,,,,,,,,,,,,,,,0,,,,,,
2021-22,9576371,7,57,Watford,Away,975079,475168,João Pedro,joao-pedro,F,True,,,,3.0,2.0,5.0,2.0,,1.0,,,1.0,1.0,,,1.0,5.0,1.0,,,,,,,,,,,,31.0,,,,,,,,,6.0,,6.3,,,,,1.0,,,,,4.0,3.0,7.0,1,,15.0,2.0,1.0,,
2021-22,9576371,7,57,Watford,Away,991595,232391,Jeremy Ngakia,jeremy-ngakia,D,True,,,,,,,,,,,,,,,,,,,,,,,,,,,,,,,,,,,,,,,,,,,,,,,,,,,,,,0,,,,,,
2021-22,9576185,8,57,Watford,Home,10599,9089,Ben Foster,ben-foster,G,False,,,6.0,4.0,4.0,8.0,,,12.0,,,,,,,,,,,,,,,,1.0,,,,,90.0,,,,,,,,,19.0,,6.0,2.0,4.0,,1.0,,,,24.0,,22.0,4.0,26.0,0,,37.0,,,,
2021-22,9576185,8,57,Watford,Home,16586,38290,Danny Rose,danny-rose,D,False,,,5.0,6.0,10.0,16.0,1.0,,4.0,,,,2.0,,,,3.0,3.0,,1.0,,,,,,,3.0,,,90.0,,3.0,,,,,,,11.0,,6.5,,,,1.0,1.0,1.0,,7.0,,11.0,13.0,23.0,0,2.0,44.0,,,1.0,1.0
2021-22,9576185,8,57,Watford,Home,19343,40387,Dan Gosling,dan-gosling,D,True,,,,,,,,,,,,,,,,,,,,,,,,,,,,,,,,,,,,,,,,,,,,,,,,,,,,,,0,,,,,,
2021-22,9576185,8,57,Watford,Home,22200,41338,Craig Cathcart,craig-cathcart,D,False,,,2.0,1.0,9.0,10.0,1.0,,5.0,,,,1.0,,,,2.0,,,,,,,,,,2.0,,,90.0,,,,,,,,,10.0,,5.8,,,,8.0,,,,6.0,,6.0,10.0,16.0,0,,33.0,,,,
2021-22,9576185,8,57,Watford,Home,27014,45268,Moussa Sissoko,moussa-sissoko,M,False,,,1.0,8.0,15.0,23.0,,3.0,13.0,,,,,,,1.0,1.0,9.0,,,,,,,,,1.0,2.0,,90.0,,,,,,,,,13.0,,7.0,,,,3.0,4.0,,,3.0,,14.0,19.0,33.0,0,2.0,50.0,1.0,,4.0,2.0
2021-22,9576185,8,57,Watford,Home,46432,43250,Tom Cleverley,tom-cleverley,M,True,,,,1.0,11.0,12.0,,,3.0,,,,,,,,2.0,3.0,,,1.0,,,,,,,,,45.0,,,,,,,,,4.0,,6.4,,,,,1.0,1.0,,,,4.0,11.0,14.0,0,2.0,20.0,,1.0,,2.0
2021-22,9576185,8,57,Watford,Home,48563,69143,Juraj Kucka,juraj-kucka,M,False,,,1.0,4.0,11.0,15.0,1.0,2.0,6.0,,,,2.0,,,1.0,6.0,4.0,,,1.0,,,,,,2.0,,,90.0,1.0,2.0,,,,,,,8.0,,6.3,,,,5.0,1.0,,,3.0,1.0,9.0,11.0,20.0,1,,36.0,1.0,2.0,,
2021-22,9576185,8,57,Watford,Home,53739,54484,Kiko Femenía,kiko-femenia,D,False,,,,1.0,3.0,4.0,,,1.0,,,,1.0,,,1.0,2.0,,,,,,,,,,,,,56.0,,,,,,,,,8.0,,5.6,,,,2.0,,,,1.0,1.0,3.0,6.0,9.0,0,,18.0,2.0,,,
2021-22,9576185,8,57,Watford,Home,251907,,Ozan Tufan,ozan-tufan,M,True,,,,,,,,,,,,,,,,,,,,,,,,,,,,,,,,,,,,,,,,,,,,,,,,,,,,,,0,,,,,,
2021-22,9576185,8,57,Watford,Home,259995,155651,Adam Masina,adam-masina,D,False,,,1.0,3.0,2.0,5.0,1.0,4.0,2.0,,,,,,,,1.0,5.0,,,,,,,,,1.0,,,45.0,,,,,,,,,4.0,,6.6,,,,3.0,,,,2.0,,4.0,4.0,8.0,0,1.0,17.0,1.0,,,
2021-22,9576185,8,57,Watford,Home,288019,154506,Daniel Bachmann,daniel-bachmann,G,True,,,,,,,,,,,,,,,,,,,,,,,,,,,,,,,,,,,,,,,,,,,,,,,,,,,,,,0,,,,,,
2021-22,9576185,8,57,Watford,Home,319847,157775,Ken Sema,ken-sema,M,True,,,,,,,,,,,,,,,,,,,,,,,,,,,,,,,,,,,,,,,,,,,,,,,,,,,,,,0,,,,,,
2021-22,9576185,8,57,Watford,Home,338991,131304,William Troost-Ekong,william-troost-ekong,D,False,,,4.0,7.0,18.0,25.0,,2.0,7.0,,,,,,,,1.0,5.0,,,,,,,,,1.0,,,90.0,,,,,,,,,12.0,,6.4,,,,8.0,1.0,,,9.0,1.0,14.0,22.0,36.0,0,2.0,52.0,,1.0,,1.0
2021-22,9576185,8,57,Watford,Home,353224,176296,Ashley Fletcher,ashley-fletcher,F,True,,,,,,,,,,,,,,,,,,,,,,,,,,,,,,,,,,,,,,,,,,,,,,,,,,,,,,0,,,,,,
2021-22,9576185,8,57,Watford,Home,844424,230251,Emmanuel Dennis,emmanuel-dennis,F,False,,,,3.0,6.0,9.0,4.0,3.0,4.0,,,,1.0,,,2.0,9.0,6.0,,,1.0,,,,,,,,,69.0,,,,,,,,,14.0,,5.9,,,,,2.0,,,1.0,1.0,6.0,8.0,14.0,0,1.0,29.0,6.0,1.0,1.0,1.0
2021-22,9576185,8,57,Watford,Home,845286,232185,Ismaïla Sarr,ismaila-sarr,F,False,1.0,,1.0,9.0,6.0,14.0,,1.0,3.0,,,,1.0,,,,3.0,5.0,,,,,,,,1.0,,,,90.0,1.0,,,,,,,,7.0,,7.0,,,2.0,,3.0,2.0,,1.0,2.0,12.0,6.0,16.0,3,,31.0,1.0,3.0,1.0,
2021-22,9576185,8,57,Watford,Home,887055,244716,Cucho Hernández,cucho-hernandez,F,False,,,,5.0,6.0,11.0,1.0,3.0,4.0,,,1.0,2.0,,,2.0,6.0,6.0,,,,,,,,,,1.0,,90.0,,,,,,,,,15.0,,6.1,,,1.0,,1.0,1.0,,,,11.0,7.0,17.0,2,1.0,41.0,5.0,2.0,,1.0
2021-22,9576185,8,57,Watford,Home,965943,471471,Imrân Louza,imran-louza,M,True,,,,,,,,,,,,,,,,,,,,,,,,,,,,,,,,,,,,,,,,,,,,,,,,,,,,,,0,,,,,,
2021-22,9576185,8,57,Watford,Home,975079,475168,João Pedro,joao-pedro,F,True,,,,3.0,1.0,4.0,1.0,1.0,2.0,,,,,,,,4.0,2.0,,,,,,,,,,1.0,,21.0,,,,,,,,,7.0,,6.4,,,,,4.0,,,,2.0,4.0,1.0,5.0,0,,14.0,1.0,,1.0,
2021-22,9576185,8,57,Watford,Home,991595,232391,Jeremy Ngakia,jeremy-ngakia,D,True,1.0,,,2.0,8.0,9.0,,,5.0,,,,,,,,2.0,4.0,,,1.0,,,,,,1.0,1.0,,34.0,,,,,,,,,9.0,,6.8,,,,2.0,2.0,2.0,,4.0,,6.0,11.0,15.0,0,3.0,27.0,,,1.0,2.0
2021-22,9576422,9,57,Watford,Away,10599,9089,Ben Foster,ben-foster,G,False,,,7.0,6.0,12.0,18.0,,,7.0,,,,,,,,,1.0,,,,,,,1.0,,,,,90.0,,,,,,,,,13.0,,6.4,1.0,2.0,,1.0,,,,20.0,,19.0,12.0,31.0,0,,39.0,,1.0,,
2021-22,9576422,9,57,Watford,Away,19343,40387,Dan Gosling,dan-gosling,D,True,,,,,,,,,,,,,,,,,,,,,,,,,,,,,,,,,,,,,,,,,,,,,,,,,,,,,,0,,,,,,
2021-22,9576422,9,57,Watford,Away,22200,41338,Craig Cathcart,craig-cathcart,D,False,1.0,,2.0,8.0,29.0,36.0,1.0,4.0,6.0,1.0,,,,,,1.0,2.0,4.0,,,,1.0,,,,,,1.0,,90.0,,,,,,,,,6.0,,6.9,,,,4.0,,1.0,,2.0,,8.0,31.0,38.0,0,,52.0,,,,
2021-22,9576422,9,57,Watford,Away,27014,45268,Moussa Sissoko,moussa-sissoko,M,False,1.0,,3.0,15.0,16.0,30.0,,3.0,8.0,,,,,,,1.0,2.0,3.0,,,,,,,,,2.0,,,90.0,,1.0,,,,,,,13.0,,6.9,,,1.0,5.0,1.0,1.0,,6.0,,23.0,17.0,39.0,1,,58.0,2.0,,,
2021-22,9576422,9,57,Watford,Away,38533,,Nicolas N'Koulou,nicolas-nkoulou,D,True,,,,,1.0,1.0,,1.0,,,,,,,,,,1.0,,,,,,,,,,,,14.0,,,,,,,,,1.0,,6.6,,,,,,,,,,1.0,1.0,2.0,0,,4.0,,,,
2021-22,9576422,9,57,Watford,Away,46432,43250,Tom Cleverley,tom-cleverley,M,True,,,,,,,,,,,,,,,,,,,,,,,,,,,,,,,,,,,,,,,,,,,,,,,,,,,,,,0,,,,,,
2021-22,9576422,9,57,Watford,Away,48563,69143,Juraj Kucka,juraj-kucka,M,False,,,,17.0,14.0,31.0,3.0,3.0,2.0,,,,2.0,,,,8.0,9.0,,,2.0,,1.0,,,,,1.0,,90.0,2.0,1.0,,,,,,,10.0,,7.8,,,3.0,2.0,2.0,,,2.0,,24.0,15.0,39.0,5,4.0,58.0,1.0,1.0,1.0,2.0
2021-22,9576422,9,57,Watford,Away,100621,78007,Joshua King,joshua-king,F,False,,,,15.0,3.0,18.0,6.0,6.0,3.0,,1.0,2.0,,,,4.0,15.0,9.0,,,2.0,,3.0,,,,,1.0,,90.0,4.0,,,,,,,,19.0,,8.8,,,,,5.0,1.0,,,,24.0,3.0,26.0,6,1.0,51.0,3.0,,2.0,1.0
2021-22,9576422,9,57,Watford,Away,251907,,Ozan Tufan,ozan-tufan,M,False,,,1.0,14.0,9.0,23.0,3.0,1.0,3.0,,,,1.0,,,,6.0,2.0,,,1.0,,,,,,,,,64.0,,,,,,,,,12.0,,6.3,,,,2.0,1.0,3.0,,2.0,,24.0,10.0,31.0,0,1.0,40.0,,,,1.0
2021-22,9576422,9,57,Watford,Away,259995,155651,Adam Masina,adam-masina,D,False,1.0,,2.0,11.0,12.0,22.0,1.0,2.0,5.0,,,,2.0,,,,3.0,4.0,,,,,,,,,1.0,,,90.0,,,,,,,,,19.0,,6.4,,,,3.0,1.0,5.0,,6.0,,27.0,13.0,35.0,0,1.0,62.0,1.0,,1.0,
2021-22,9576422,9,57,Watford,Away,288019,154506,Daniel Bachmann,daniel-bachmann,G,True,,,,,,,,,,,,,,,,,,,,,,,,,,,,,,,,,,,,,,,,,,,,,,,,,,,,,,0,,,,,,
2021-22,9576422,9,57,Watford,Away,319847,157775,Ken Sema,ken-sema,M,True,,,,,,,,,,,,,,,,,,,,,,,,,,,,,,,,,,,,,,,,,,,,,,,,,,,,,,0,,,,,,
2021-22,9576422,9,57,Watford,Away,338991,131304,William Troost-Ekong,william-troost-ekong,D,False,,,2.0,6.0,32.0,38.0,,1.0,2.0,,,,,,,,1.0,2.0,,,1.0,,,,,,,,,90.0,,2.0,,,,,,,8.0,,6.7,,,,7.0,,,,7.0,,12.0,34.0,46.0,0,1.0,56.0,,,,
2021-22,9576422,9,57,Watford,Away,353224,176296,Ashley Fletcher,ashley-fletcher,F,True,,,,,,,,,,,,,,,,,,,,,,,,,,,,,,,,,,,,,,,,,,,,,,,,,,,,,,0,,,,,,
2021-22,9576422,9,57,Watford,Away,844424,230251,Emmanuel Dennis,emmanuel-dennis,F,True,,,,3.0,,3.0,3.0,1.0,,2.0,,,,,,,5.0,4.0,,,3.0,2.0,1.0,,,,,4.0,,26.0,2.0,,,,,,,,5.0,,9.1,,,,,2.0,1.0,,,,6.0,,5.0,2,1.0,19.0,1.0,1.0,1.0,1.0
2021-22,9576422,9,57,Watford,Away,845286,232185,Ismaïla Sarr,ismaila-sarr,F,False,1.0,,,7.0,5.0,11.0,,,3.0,1.0,,,1.0,,,3.0,6.0,4.0,,,,,,,,,,1.0,,64.0,,1.0,,,,,,,18.0,,6.5,,,2.0,,4.0,2.0,,,,15.0,5.0,18.0,2,,38.0,5.0,2.0,2.0,
2021-22,9576422,9,57,Watford,Away,887055,244716,Cucho Hernández,cucho-hernandez,F,False,2.0,,1.0,20.0,1.0,19.0,1.0,2.0,8.0,1.0,,2.0,,,,,4.0,7.0,,,1.0,1.0,,,,,,5.0,,90.0,,,,,,,,,15.0,,7.7,,,1.0,,6.0,8.0,,1.0,,31.0,3.0,26.0,3,,45.0,,1.0,4.0,
2021-22,9576422,9,57,Watford,Away,965943,471471,Imrân Louza,imran-louza,M,True,,,,,,,,,,,,,,,,,,,,,,,,,,,,,,,,,,,,,,,,,,,,,,,,,,,,,,0,,,,,,
2021-22,9576422,9,57,Watford,Away,975079,475168,João Pedro,joao-pedro,F,True,,,,9.0,1.0,10.0,3.0,1.0,3.0,1.0,,1.0,,,,3.0,7.0,1.0,,,1.0,1.0,,,,,,2.0,,26.0,,,,,,,,,8.0,,6.9,,,,1.0,,,,2.0,,12.0,1.0,13.0,1,,21.0,2.0,,,
2021-22,9576422,9,57,Watford,Away,991595,232391,Jeremy Ngakia,jeremy-ngakia,D,False,,,4.0,12.0,14.0,26.0,3.0,1.0,3.0,,,,1.0,,,1.0,8.0,6.0,,,2.0,,,,,,,,,76.0,,,,,,,,,19.0,,6.4,,,,2.0,2.0,2.0,,6.0,,22.0,19.0,39.0,0,2.0,74.0,,2.0,1.0,1.0
2021-22,9576183,10,57,Watford,Home,10599,9089,Ben Foster,ben-foster,G,False,,,12.0,12.0,8.0,20.0,,,14.0,,,,,,,,,,,,,,,,,,,,,90.0,,,,,,,,,19.0,,6.3,,,,,,,,30.0,,29.0,9.0,38.0,0,,40.0,,,,
2021-22,9576183,10,57,Watford,Home,16586,38290,Danny Rose,danny-rose,D,True,,,,,,,,,,,,,,,,,,,,,,,,,,,,,,,,,,,,,,,,,,,,,,,,,,,,,,0,,,,,,
2021-22,9576183,10,57,Watford,Home,19343,40387,Dan Gosling,dan-gosling,D,True,,,,,,,,,,,,,,,,,,,,,,,,,,,,,,,,,,,,,,,,,,,,,,,,,,,,,,0,,,,,,
2021-22,9576183,10,57,Watford,Home,22200,41338,Craig Cathcart,craig-cathcart,D,False,,,4.0,9.0,15.0,24.0,3.0,1.0,6.0,,,,,,,,3.0,1.0,,,,,,,,,2.0,,,90.0,,4.0,,,,,,,6.0,,7.4,,,,8.0,,,,6.0,,12.0,18.0,30.0,0,,45.0,,,,
2021-22,9576183,10,57,Watford,Home,27014,45268,Moussa Sissoko,moussa-sissoko,M,False,,,3.0,13.0,17.0,30.0,1.0,2.0,3.0,,,,,,,,4.0,9.0,,,3.0,,,,,,4.0,1.0,,90.0,,1.0,,,,,,,6.0,,7.7,,,,2.0,4.0,,,4.0,,19.0,17.0,36.0,0,3.0,51.0,,,4.0,2.0
2021-22,9576183,10,57,Watford,Home,38533,,Nicolas N'Koulou,nicolas-nkoulou,D,True,,,,,,,,,,,,,,,,,,,,,,,,,,,,,,,,,,,,,,,,,,,,,,,,,,,,,,0,,,,,,
2021-22,9576183,10,57,Watford,Home,46432,43250,Tom Cleverley,tom-cleverley,M,True,1.0,,,7.0,5.0,11.0,1.0,2.0,6.0,,,,,,,,1.0,3.0,,,,,,,,,1.0,1.0,,45.0,,,,,,,,,9.0,,7.0,,,,,,3.0,,1.0,,14.0,6.0,17.0,0,1.0,24.0,1.0,,,
2021-22,9576183,10,57,Watford,Home,48563,69143,Juraj Kucka,juraj-kucka,M,False,,,,13.0,8.0,21.0,4.0,4.0,4.0,,,,2.0,,,,10.0,7.0,,,4.0,,,,,,,,,90.0,1.0,,,,,,,,20.0,,6.6,,,2.0,,2.0,2.0,,4.0,,26.0,13.0,37.0,3,1.0,51.0,1.0,,2.0,
2021-22,9576183,10,57,Watford,Home,100621,78007,Joshua King,joshua-king,F,False,,,,8.0,1.0,9.0,10.0,1.0,4.0,1.0,,,,,,4.0,16.0,3.0,,,1.0,,,,,,,4.0,,90.0,,,,,,,,,14.0,,6.9,,,2.0,1.0,2.0,1.0,,,1.0,11.0,3.0,13.0,2,1.0,30.0,4.0,,1.0,1.0
2021-22,9576183,10,57,Watford,Home,251907,,Ozan Tufan,ozan-tufan,M,True,,,,,,,,,,,,,,,,,,,,,,,,,,,,,,,,,,,,,,,,,,,,,,,,,,,,,,0,,,,,,
2021-22,9576183,10,57,Watford,Home,259995,155651,Adam Masina,adam-masina,D,False,1.0,,,10.0,5.0,14.0,1.0,2.0,4.0,,,,1.0,,,,3.0,8.0,,,1.0,,,,,,2.0,1.0,,90.0,,,,,,,,,20.0,,7.2,,,1.0,7.0,2.0,6.0,,5.0,,22.0,8.0,24.0,1,2.0,60.0,1.0,2.0,2.0,1.0
2021-22,9576183,10,57,Watford,Home,288019,154506,Daniel Bachmann,daniel-bachmann,G,True,,,,,,,,,,,,,,,,,,,,,,,,,,,,,,,,,,,,,,,,,,,,,,,,,,,,,,0,,,,,,
2021-22,9576183,10,57,Watford,Home,319847,157775,Ken Sema,ken-sema,M,True,1.0,,,2.0,2.0,3.0,4.0,1.0,3.0,,,,1.0,,,3.0,11.0,2.0,,,2.0,,,,,,,,,45.0,,,,,,,,,11.0,,6.0,,,,,1.0,1.0,,1.0,,7.0,3.0,9.0,0,1.0,19.0,1.0,,,
2021-22,9576183,10,57,Watford,Home,338991,131304,William Troost-Ekong,william-troost-ekong,D,False,,,5.0,7.0,11.0,18.0,,2.0,6.0,,,,,,,,,3.0,,,,,,,,,,,,90.0,,,,,,,,,11.0,,6.7,,,,6.0,,,,12.0,,16.0,13.0,29.0,0,1.0,37.0,,,,1.0
2021-22,9576183,10,57,Watford,Home,353224,176296,Ashley Fletcher,ashley-fletcher,F,True,,,,,,,2.0,1.0,,,1.0,,,,,,2.0,1.0,,,,,,,,,,,,8.0,1.0,,,,,,,,1.0,,6.2,,,,,,,,,,1.0,,1.0,1,,2.0,,,,
2021-22,9576183,10,57,Watford,Home,845286,232185,Ismaïla Sarr,ismaila-sarr,F,False,1.0,,1.0,6.0,4.0,9.0,2.0,1.0,5.0,,,,,,,1.0,6.0,7.0,,,1.0,,,,,1.0,2.0,,,90.0,1.0,,,,,,,,24.0,,6.8,,,1.0,,2.0,11.0,,1.0,1.0,18.0,4.0,11.0,2,2.0,46.0,8.0,4.0,,1.0
2021-22,9576183,10,57,Watford,Home,887055,244716,Cucho Hernández,cucho-hernandez,F,False,,,,6.0,1.0,7.0,1.0,1.0,2.0,,,,,,,,4.0,2.0,,,2.0,,,,,,,,,45.0,1.0,,,,,,,,8.0,,6.6,,,,1.0,1.0,5.0,,,,12.0,2.0,9.0,1,1.0,19.0,,,,
2021-22,9576183,10,57,Watford,Home,965943,471471,Imrân Louza,imran-louza,M,True,,,,,,,,,,,,,,,,,,,,,,,,,,,,,,,,,,,,,,,,,,,,,,,,,,,,,,0,,,,,,
2021-22,9576183,10,57,Watford,Home,975079,475168,João Pedro,joao-pedro,F,False,,,2.0,9.0,2.0,11.0,5.0,2.0,3.0,,,,,,,1.0,7.0,2.0,,,1.0,,,,,,1.0,1.0,,45.0,,,,,,,,,7.0,,6.6,,,,1.0,,1.0,,2.0,,11.0,5.0,15.0,0,,24.0,1.0,,,
2021-22,9576183,10,57,Watford,Home,991595,232391,Jeremy Ngakia,jeremy-ngakia,D,False,,,,15.0,6.0,21.0,1.0,1.0,9.0,,,,3.0,,,,6.0,4.0,,,1.0,,,,,,,,,82.0,,,,,,,,,9.0,,6.2,,,,1.0,2.0,,,3.0,,20.0,8.0,28.0,0,2.0,44.0,,,1.0,1.0
2021-22,9576180,11,57,Watford,Away,10599,9089,Ben Foster,ben-foster,G,False,,,6.0,5.0,11.0,16.0,,,15.0,,,,,,,,,,,,,,,,,,,,,90.0,,,,,1.0,,1.0,,20.0,,7.5,3.0,5.0,,,,,,25.0,,22.0,13.0,35.0,0,,45.0,,,,
2021-22,9576180,11,57,Watford,Away,16586,38290,Danny Rose,danny-rose,D,False,,,2.0,15.0,7.0,22.0,,,6.0,1.0,,1.0,3.0,,,,7.0,1.0,,,4.0,,,,,,2.0,1.0,,90.0,,,,1.0,,,,,14.0,,6.1,,,,1.0,,2.0,,7.0,1.0,22.0,9.0,29.0,1,1.0,54.0,1.0,,,1.0
2021-22,9576180,11,57,Watford,Away,22200,41338,Craig Cathcart,craig-cathcart,D,False,,,3.0,8.0,24.0,32.0,,1.0,4.0,,,,1.0,,,,1.0,1.0,,,,,,,,,1.0,,,89.0,,,,,,,,,3.0,,6.6,,,,5.0,,,,5.0,,11.0,24.0,35.0,0,,42.0,,,,
2021-22,9576180,11,57,Watford,Away,27014,45268,Moussa Sissoko,moussa-sissoko,M,False,1.0,,,7.0,12.0,18.0,1.0,,5.0,,,,,,,2.0,6.0,2.0,,,2.0,,,,,,1.0,1.0,,90.0,,1.0,,,,,,,10.0,,6.5,,,,,1.0,1.0,,2.0,,12.0,14.0,25.0,0,2.0,36.0,,,,1.0
2021-22,9576180,11,57,Watford,Away,38533,,Nicolas N'Koulou,nicolas-nkoulou,D,False,,,2.0,9.0,25.0,34.0,,1.0,4.0,,,,,,,1.0,2.0,2.0,,,1.0,,,,,,1.0,1.0,,90.0,,1.0,,,,,,,4.0,,6.9,,,,8.0,1.0,,,4.0,,11.0,26.0,37.0,0,,50.0,,,1.0,
2021-22,9576180,11,57,Watford,Away,46432,43250,Tom Cleverley,tom-cleverley,M,True,,,,,,,,,,,,,,,,,,,,,,,,,,,,,,,,,,,,,,,,,,,,,,,,,,,,,,0,,,,,,
2021-22,9576180,11,57,Watford,Away,48563,69143,Juraj Kucka,juraj-kucka,M,False,,,2.0,7.0,8.0,15.0,2.0,2.0,10.0,,,1.0,3.0,,,2.0,12.0,6.0,,,4.0,,,,,,1.0,,,89.0,1.0,,,,,,,,18.0,,5.8,,,,2.0,2.0,,,6.0,,13.0,15.0,28.0,2,1.0,46.0,2.0,2.0,1.0,1.0
2021-22,9576180,11,57,Watford,Away,53739,54484,Kiko Femenía,kiko-femenia,D,False,,,3.0,19.0,15.0,34.0,,,6.0,,,,2.0,,,,2.0,4.0,,,,,,,,,2.0,,,90.0,,,,,,,,,11.0,,6.9,,,,6.0,,2.0,,6.0,,25.0,16.0,39.0,0,3.0,65.0,1.0,1.0,,2.0
2021-22,9576180,11,57,Watford,Away,100621,78007,Joshua King,joshua-king,F,False,,,,7.0,5.0,12.0,7.0,3.0,1.0,,1.0,2.0,2.0,,,,13.0,6.0,,,2.0,,,,,,,1.0,,90.0,,,,,,,,,10.0,,6.0,,,1.0,,3.0,,,,1.0,10.0,6.0,16.0,3,2.0,30.0,3.0,,1.0,2.0
2021-22,9576180,11,57,Watford,Away,251907,,Ozan Tufan,ozan-tufan,M,False,,,1.0,9.0,7.0,16.0,,,2.0,,,,2.0,,,1.0,6.0,3.0,,,2.0,,,,,,2.0,,,62.0,,,,,,,,,10.0,,6.5,,,,,2.0,2.0,,1.0,,15.0,8.0,21.0,0,2.0,32.0,1.0,,1.0,1.0
2021-22,9576180,11,57,Watford,Away,259995,155651,Adam Masina,adam-masina,D,True,,,,,,,,,,,,,,,,,,,,,,,,,,,,,,,,,,,,,,,,,,,,,,,,,,,,,,0,,,,,,
2021-22,9576180,11,57,Watford,Away,288019,154506,Daniel Bachmann,daniel-bachmann,G,True,,,,,,,,,,,,,,,,,,,,,,,,,,,,,,,,,,,,,,,,,,,,,,,,,,,,,,0,,,,,,
2021-22,9576180,11,57,Watford,Away,338991,131304,William Troost-Ekong,william-troost-ekong,D,True,,,,,,,,,,,,,,,,,,,,,,,,,,,,,,,,,,,,,,,,,,,,,,,,,,,,,,0,,,,,,
2021-22,9576180,11,57,Watford,Away,353224,176296,Ashley Fletcher,ashley-fletcher,F,True,,,,,,,2.0,,,,,,,,,,2.0,1.0,,,,,,,,,,,,1.0,,,,,,,,,,,,,,,,,,,,,,,,0,1.0,1.0,,,,
2021-22,9576180,11,57,Watford,Away,805096,208973,Francisco Sierralta,francisco-sierralta,D,True,,,,,,,,,,,,,,,,,,,,,,,,,,,,,,,,,,,,,,,,,,,,,,,,,,,,,,0,,,,,,
2021-22,9576180,11,57,Watford,Away,844424,230251,Emmanuel Dennis,emmanuel-dennis,F,False,,,,8.0,1.0,9.0,3.0,1.0,8.0,,,,,,,3.0,10.0,7.0,,,2.0,,,,,,1.0,,,74.0,,1.0,,,,,,,23.0,,6.5,,,1.0,,5.0,1.0,,2.0,,16.0,3.0,18.0,1,3.0,48.0,7.0,,3.0,2.0
2021-22,9576180,11,57,Watford,Away,845286,232185,Ismaïla Sarr,ismaila-sarr,F,False,1.0,,,5.0,5.0,9.0,,1.0,1.0,,,,1.0,,,3.0,7.0,4.0,,,1.0,,,,,,,,,90.0,,,,,,,,,14.0,,5.8,,,,,3.0,1.0,,2.0,1.0,8.0,8.0,15.0,0,,27.0,3.0,2.0,1.0,
2021-22,9576180,11,57,Watford,Away,887055,244716,Cucho Hernández,cucho-hernandez,F,True,2.0,,,5.0,1.0,4.0,1.0,,,,,,,,,,1.0,,,,,,,,,,,1.0,,16.0,,,,,,,,,8.0,,6.8,,,,,,5.0,,,,13.0,1.0,9.0,0,,15.0,,,,
2021-22,9576180,11,57,Watford,Away,975079,475168,João Pedro,joao-pedro,F,True,1.0,,1.0,6.0,2.0,7.0,2.0,,1.0,,,,1.0,,,1.0,4.0,1.0,,,1.0,,,,,,,1.0,,28.0,,,,,,,,,3.0,,6.6,,,,,,1.0,,1.0,,7.0,3.0,9.0,0,,12.0,,1.0,,
2021-22,9576180,11,57,Watford,Away,991595,232391,Jeremy Ngakia,jeremy-ngakia,D,True,,,,,,,,,,,,,,,,,,,,,,,,,,,,,,,,,,,,,,,,,,,,,,,,,,,,,,0,,,,,,
2021-22,9576214,12,57,Watford,Home,10599,9089,Ben Foster,ben-foster,G,False,,,12.0,9.0,6.0,15.0,,,6.0,,,,,,,,,,,,,1.0,,,,,,1.0,,90.0,,,,,,,,,23.0,1.0,6.8,2.0,2.0,,2.0,,,,35.0,,32.0,6.0,38.0,0,,42.0,,,,
2021-22,9576214,12,57,Watford,Home,16586,38290,Danny Rose,danny-rose,D,True,,,,,,,,,,,,,,,,,,,,,,,,,,,,,,,,,,,,,,,,,,,,,,,,,,,,,,0,,,,,,
2021-22,9576214,12,57,Watford,Home,19343,40387,Dan Gosling,dan-gosling,D,True,,,,,,,,,,,,,,,,,,,,,,,,,,,,,,,,,,,,,,,,,,,,,,,,,,,,,,0,,,,,,
2021-22,9576214,12,57,Watford,Home,22200,41338,Craig Cathcart,craig-cathcart,D,False,,,2.0,7.0,15.0,22.0,2.0,3.0,5.0,,,,3.0,,,,5.0,4.0,,,,,,,,,,,,90.0,,1.0,,,,,,,8.0,,6.4,,,,5.0,,,,7.0,,14.0,16.0,30.0,0,1.0,38.0,,,,1.0
2021-22,9576214,12,57,Watford,Home,27014,45268,Moussa Sissoko,moussa-sissoko,M,False,,,2.0,15.0,7.0,22.0,,1.0,7.0,,,1.0,1.0,,,,2.0,2.0,,,1.0,,,,,,2.0,,,90.0,,,,,,,,,10.0,,6.8,,,1.0,1.0,,,,3.0,,23.0,8.0,31.0,2,1.0,39.0,1.0,,,
2021-22,9576214,12,57,Watford,Home,38533,,Nicolas N'Koulou,nicolas-nkoulou,D,False,,,2.0,5.0,10.0,15.0,,,5.0,,,,,,,,,1.0,,,,,,,,,1.0,,,64.0,,,,,,,,,3.0,,6.6,,,,,,,,2.0,,8.0,10.0,18.0,0,1.0,21.0,,,,
2021-22,9576214,12,57,Watford,Home,46432,43250,Tom Cleverley,tom-cleverley,M,False,,,1.0,19.0,7.0,26.0,2.0,,7.0,,,,2.0,,,1.0,7.0,3.0,,,2.0,,,,,,2.0,,,90.0,,,,,,,,,10.0,,6.5,,,,,,2.0,,4.0,1.0,28.0,7.0,33.0,0,2.0,44.0,,1.0,,2.0
2021-22,9576214,12,57,Watford,Home,53739,54484,Kiko Femenía,kiko-femenia,D,False,,,3.0,16.0,11.0,27.0,,,7.0,,,,1.0,,,,1.0,5.0,,,,1.0,,,,,1.0,1.0,,90.0,,,,,,,,,14.0,,7.4,,,,2.0,,4.0,,5.0,,27.0,12.0,35.0,0,5.0,55.0,1.0,,,3.0
2021-22,9576214,12,57,Watford,Home,100621,78007,Joshua King,joshua-king,F,False,,,1.0,11.0,3.0,14.0,6.0,6.0,4.0,,1.0,3.0,1.0,,,4.0,14.0,11.0,,,,,1.0,,,,1.0,1.0,,90.0,2.0,,,,,,,1.0,22.0,,7.4,,,1.0,1.0,4.0,,,2.0,,24.0,3.0,27.0,6,2.0,53.0,1.0,2.0,1.0,
2021-22,9576214,12,57,Watford,Home,251907,,Ozan Tufan,ozan-tufan,M,True,,,,,,,,,,,,,,,,,,,,,,,,,,,,,,,,,,,,,,,,,,,,,,,,,,,,,,0,,,,,,
2021-22,9576214,12,57,Watford,Home,259995,155651,Adam Masina,adam-masina,D,False,2.0,,1.0,6.0,10.0,14.0,,2.0,4.0,1.0,,,,,,,,6.0,,,,,,,,,1.0,1.0,,90.0,,,,,,,,,17.0,,7.4,,,,2.0,,4.0,,4.0,,16.0,13.0,25.0,0,4.0,55.0,,,,3.0
2021-22,9576214,12,57,Watford,Home,288019,154506,Daniel Bachmann,daniel-bachmann,G,True,,,,,,,,,,,,,,,,,,,,,,,,,,,,,,,,,,,,,,,,,,,,,,,,,,,,,,0,,,,,,
2021-22,9576214,12,57,Watford,Home,338991,131304,William Troost-Ekong,william-troost-ekong,D,True,,,,,3.0,3.0,,1.0,1.0,,,,,,,,,1.0,,,,,,,,,,,,26.0,,,,,,,,,1.0,,6.5,,,,,,,,,,,4.0,4.0,0,,4.0,,,,
2021-22,9576214,12,57,Watford,Home,353224,176296,Ashley Fletcher,ashley-fletcher,F,True,,,,,,,,,,,,,,,,,,,,,,,,,,,,,,,,,,,,,,,,,,,,,,,,,,,,,,0,,,,,,
2021-22,9576214,12,57,Watford,Home,844424,230251,Emmanuel Dennis,emmanuel-dennis,F,False,,,1.0,11.0,1.0,12.0,7.0,1.0,3.0,1.0,,1.0,1.0,,,1.0,15.0,6.0,,,2.0,2.0,1.0,,,,,2.0,,90.0,1.0,,,,,,,,19.0,,8.1,,,2.0,,6.0,3.0,,1.0,,20.0,4.0,21.0,4,2.0,44.0,1.0,1.0,2.0,2.0
2021-22,9576214,12,57,Watford,Home,845286,232185,Ismaïla Sarr,ismaila-sarr,F,False,,,,8.0,3.0,11.0,,,4.0,,1.0,1.0,,,,,1.0,1.0,,,1.0,,1.0,,,,2.0,1.0,,68.0,2.0,,,,,1.0,,,11.0,,6.9,,,,,,1.0,,1.0,,16.0,3.0,18.0,3,,31.0,3.0,1.0,,
2021-22,9576214,12,57,Watford,Home,887055,244716,Cucho Hernández,cucho-hernandez,F,True,3.0,,,10.0,1.0,8.0,1.0,,2.0,,,,1.0,,,,2.0,,,,,,,,,,,3.0,,22.0,,,,,,,,,4.0,,6.9,,,,,,4.0,,1.0,,13.0,2.0,11.0,0,,15.0,,,,
2021-22,9576214,12,57,Watford,Home,965943,471471,Imrân Louza,imran-louza,M,False,3.0,,2.0,21.0,9.0,27.0,1.0,,11.0,,,1.0,1.0,,,,3.0,4.0,,,1.0,,,,,,2.0,3.0,,77.0,,,,,,,,,9.0,,7.4,,,,,,5.0,,2.0,,28.0,10.0,33.0,1,4.0,47.0,1.0,,,2.0
2021-22,9576214,12,57,Watford,Home,975079,475168,João Pedro,joao-pedro,F,True,,,1.0,7.0,1.0,8.0,1.0,1.0,3.0,,,,,,,,1.0,2.0,,,,,1.0,,,,,,,13.0,2.0,,,,,,,,4.0,,7.9,,,2.0,,1.0,,,1.0,,10.0,1.0,11.0,4,,17.0,1.0,,1.0,
2021-22,9576214,12,57,Watford,Home,991595,232391,Jeremy Ngakia,jeremy-ngakia,D,True,,,,,,,,,,,,,,,,,,,,,,,,,,,,,,,,,,,,,,,,,,,,,,,,,,,,,,0,,,,,,
2021-22,9576167,13,57,Watford,Away,16586,38290,Danny Rose,danny-rose,D,True,,,,,,,,,,,,,,,,,,,,,,,,,,,,,,,,,,,,,,,,,,,,,,,,,,,,,,0,,,,,,
2021-22,9576167,13,57,Watford,Away,19343,40387,Dan Gosling,dan-gosling,D,True,,,,,,,,,,,,,,,,,,,,,,,,,,,,,,,,,,,,,,,,,,,,,,,,,,,,,,0,,,,,,
2021-22,9576167,13,57,Watford,Away,20581,19838,Robert Elliot,robert-elliot,G,True,,,,,,,,,,,,,,,,,,,,,,,,,,,,,,,,,,,,,,,,,,,,,,,,,,,,,,0,,,,,,
2021-22,9576167,13,57,Watford,Away,22200,41338,Craig Cathcart,craig-cathcart,D,False,,,3.0,5.0,19.0,24.0,2.0,6.0,8.0,,,,,,,,2.0,7.0,,,,,,,,,2.0,,,90.0,,2.0,,,,,,,18.0,,6.4,,,,2.0,,,,14.0,,14.0,27.0,41.0,0,1.0,50.0,1.0,,,1.0
2021-22,9576167,13,57,Watford,Away,27014,45268,Moussa Sissoko,moussa-sissoko,M,False,,,3.0,25.0,7.0,32.0,,1.0,7.0,,,,,,,1.0,1.0,3.0,,,,,,,,,,1.0,,90.0,,,,,,,,,12.0,,6.6,,,1.0,,2.0,,,4.0,1.0,32.0,11.0,43.0,1,,48.0,,,2.0,
2021-22,9576167,13,57,Watford,Away,46432,43250,Tom Cleverley,tom-cleverley,M,False,4.0,,,10.0,7.0,13.0,2.0,,2.0,,,,1.0,,,,4.0,1.0,,,1.0,,,,,,1.0,5.0,,45.0,,1.0,,,,,,,5.0,,7.0,,,,,,6.0,,1.0,,14.0,7.0,15.0,0,,27.0,1.0,1.0,,
2021-22,9576167,13,57,Watford,Away,53739,54484,Kiko Femenía,kiko-femenia,D,False,1.0,,2.0,8.0,8.0,15.0,1.0,3.0,4.0,1.0,,,,,,,3.0,6.0,,,2.0,,,,,,,1.0,,90.0,,,,,,,,,24.0,,6.6,,,,2.0,,4.0,,4.0,,18.0,15.0,29.0,0,3.0,54.0,1.0,,,2.0
2021-22,9576167,13,57,Watford,Away,58351,85624,Christian Kabasele,christian-kabasele,D,True,,,,,,,,,,,,,,,,,,,,,,,,,,,,,,,,,,,,,,,,,,,,,,,,,,,,,,0,,,,,,
2021-22,9576167,13,57,Watford,Away,100621,78007,Joshua King,joshua-king,F,False,,,,10.0,5.0,15.0,4.0,4.0,5.0,,1.0,,,,,4.0,12.0,6.0,,,3.0,,1.0,,,,1.0,,,90.0,2.0,,,,,,,,16.0,,6.2,,,1.0,,2.0,,,,1.0,17.0,5.0,22.0,3,,40.0,4.0,1.0,1.0,
2021-22,9576167,13,57,Watford,Away,251907,,Ozan Tufan,ozan-tufan,M,True,,,,6.0,3.0,9.0,3.0,,1.0,,1.0,,1.0,,,1.0,6.0,,,,1.0,,,,,,,,,45.0,,,,,,,,,6.0,,6.0,,,1.0,,,,,,,10.0,4.0,14.0,1,,19.0,,,,
2021-22,9576167,13,57,Watford,Away,259995,155651,Adam Masina,adam-masina,D,False,1.0,,3.0,13.0,6.0,18.0,2.0,4.0,10.0,,,,1.0,,,,9.0,9.0,,,6.0,,,,,,4.0,2.0,,90.0,,1.0,,,,,,,23.0,,6.8,,,1.0,3.0,2.0,2.0,,11.0,,25.0,8.0,31.0,1,4.0,67.0,2.0,,1.0,2.0
2021-22,9576167,13,57,Watford,Away,288019,154506,Daniel Bachmann,daniel-bachmann,G,False,,1.0,5.0,5.0,,5.0,,,8.0,,,,,,,,,1.0,,,,,,,,,,,,90.0,,,,,,,,,21.0,,6.4,3.0,4.0,,1.0,1.0,,1.0,25.0,,23.0,2.0,25.0,0,,34.0,,,1.0,
2021-22,9576167,13,57,Watford,Away,338991,131304,William Troost-Ekong,william-troost-ekong,D,False,,,1.0,4.0,9.0,13.0,1.0,,8.0,,,,1.0,,,,2.0,1.0,1.0,,,,,,,,1.0,,,90.0,,,,,,,,,12.0,,5.5,,,1.0,4.0,,,,3.0,,10.0,15.0,25.0,1,1.0,32.0,,,,1.0
2021-22,9576167,13,57,Watford,Away,353224,176296,Ashley Fletcher,ashley-fletcher,F,True,,,,3.0,,3.0,3.0,,2.0,,,,,,,1.0,4.0,1.0,,,1.0,,,,,,,,,19.0,,1.0,,,,,,,5.0,,6.7,,,1.0,,,1.0,,,,6.0,,5.0,1,1.0,11.0,1.0,,,1.0
2021-22,9576167,13,57,Watford,Away,844424,230251,Emmanuel Dennis,emmanuel-dennis,F,False,,,,8.0,3.0,11.0,4.0,1.0,5.0,,,1.0,1.0,,,5.0,13.0,4.0,,,1.0,,1.0,,,,1.0,2.0,,71.0,2.0,,,,,,,1.0,13.0,,7.4,,,,,3.0,,,,,9.0,5.0,14.0,3,1.0,32.0,2.0,1.0,1.0,1.0
2021-22,9576167,13,57,Watford,Away,887055,244716,Cucho Hernández,cucho-hernandez,F,False,1.0,,1.0,8.0,4.0,11.0,5.0,4.0,4.0,1.0,,3.0,4.0,,,,12.0,7.0,,,2.0,,,,,1.0,1.0,1.0,,90.0,,,,,,,,,14.0,,6.2,,,1.0,,3.0,5.0,,2.0,,17.0,6.0,18.0,4,,35.0,2.0,1.0,2.0,
2021-22,9576167,13,57,Watford,Away,965943,471471,Imrân Louza,imran-louza,M,False,,,,4.0,4.0,8.0,,,4.0,,,,,,,,3.0,3.0,,,3.0,,,,,,1.0,,,45.0,,,,,,,,,4.0,,6.5,,,,,,,,,,7.0,4.0,11.0,0,2.0,16.0,1.0,1.0,,1.0
2021-22,9576167,13,57,Watford,Away,975079,475168,João Pedro,joao-pedro,F,True,1.0,,,7.0,2.0,8.0,3.0,,4.0,,,,1.0,,,4.0,9.0,2.0,,,,,,,,,1.0,,,45.0,1.0,,,,,,,,11.0,,6.7,,,1.0,,2.0,5.0,,,,13.0,2.0,10.0,2,1.0,31.0,,,1.0,
2021-22,9576167,13,57,Watford,Away,991595,232391,Jeremy Ngakia,jeremy-ngakia,D,True,,,,,,,,,,,,,,,,,,,,,,,,,,,,,,,,,,,,,,,,,,,,,,,,,,,,,,0,,,,,,
2021-22,9576167,13,57,Watford,Away,1004344,242183,James Morris,james-morris,D,True,,,,,,,,,,,,,,,,,,,,,,,,,,,,,,,,,,,,,,,,,,,,,,,,,,,,,,0,,,,,,
2021-22,9576088,14,57,Watford,Home,16586,38290,Danny Rose,danny-rose,D,True,,,1.0,9.0,4.0,13.0,1.0,2.0,9.0,,,,1.0,,,,3.0,7.0,,,,,,,,,1.0,,,78.0,1.0,,,,,,,,27.0,,6.7,,,1.0,1.0,1.0,9.0,,6.0,,26.0,9.0,26.0,2,1.0,57.0,2.0,4.0,,1.0
2021-22,9576088,14,57,Watford,Home,19343,40387,Dan Gosling,dan-gosling,D,True,,,,,,,,,,,,,,,,,,,,,,,,,,,,,,,,,,,,,,,,,,,,,,,,,,,,,,0,,,,,,
2021-22,9576088,14,57,Watford,Home,20581,19838,Robert Elliot,robert-elliot,G,True,,,,,,,,,,,,,,,,,,,,,,,,,,,,,,,,,,,,,,,,,,,,,,,,,,,,,,0,,,,,,
2021-22,9576088,14,57,Watford,Home,22200,41338,Craig Cathcart,craig-cathcart,D,False,,,7.0,3.0,17.0,20.0,1.0,,9.0,,,,1.0,,,,4.0,1.0,,,2.0,,,,,,2.0,,,90.0,,,,,,,,,12.0,,6.3,,,,1.0,,,,12.0,,13.0,19.0,32.0,0,1.0,36.0,,,,
2021-22,9576088,14,57,Watford,Home,27014,45268,Moussa Sissoko,moussa-sissoko,M,False,,,2.0,27.0,6.0,33.0,3.0,5.0,12.0,,1.0,,1.0,,,1.0,6.0,8.0,,,1.0,1.0,,,,,1.0,2.0,,90.0,1.0,,,,,,,,13.0,,6.9,,,,2.0,3.0,,,3.0,,35.0,8.0,43.0,1,,54.0,2.0,,3.0,
2021-22,9576088,14,57,Watford,Home,46432,43250,Tom Cleverley,tom-cleverley,M,False,2.0,,2.0,30.0,9.0,37.0,2.0,1.0,4.0,,,,,,,2.0,5.0,3.0,,,1.0,,,,,,,1.0,,85.0,2.0,,,,,,,,17.0,,6.9,,,,1.0,,6.0,,5.0,1.0,41.0,11.0,46.0,2,1.0,62.0,2.0,1.0,,1.0
2021-22,9576088,14,57,Watford,Home,48563,69143,Juraj Kucka,juraj-kucka,M,True,,,1.0,2.0,,2.0,,1.0,2.0,,,1.0,1.0,,,,2.0,2.0,,,1.0,,,,,,,,,17.0,1.0,,,,,,,,5.0,,6.6,,,,,,1.0,,2.0,,6.0,,5.0,2,1.0,11.0,,,,1.0
2021-22,9576088,14,57,Watford,Home,53739,54484,Kiko Femenía,kiko-femenia,D,False,1.0,,2.0,30.0,15.0,44.0,2.0,,8.0,,,1.0,1.0,,,,4.0,3.0,,,1.0,,,,,,4.0,1.0,,90.0,,,,,,,,,32.0,,6.6,,,,2.0,1.0,6.0,,7.0,,44.0,21.0,59.0,1,1.0,109.0,4.0,1.0,1.0,1.0
2021-22,9576088,14,57,Watford,Home,58351,85624,Christian Kabasele,christian-kabasele,D,True,,,,,,,,,,,,,,,,,,,,,,,,,,,,,,,,,,,,,,,,,,,,,,,,,,,,,,0,,,,,,
2021-22,9576088,14,57,Watford,Home,100621,78007,Joshua King,joshua-king,F,False,,,,13.0,1.0,14.0,10.0,4.0,3.0,,,,,,,,13.0,5.0,,,3.0,,,,,,,1.0,,90.0,,,,,,,,,7.0,,6.6,,,1.0,1.0,1.0,,,,2.0,19.0,1.0,20.0,1,,30.0,1.0,,1.0,
2021-22,9576088,14,57,Watford,Home,251907,,Ozan Tufan,ozan-tufan,M,True,,,,,,,,,,,,,,,,,,,,,,,,,,,,,,,,,,,,,,,,,,,,,,,,,,,,,,0,,,,,,
2021-22,9576088,14,57,Watford,Home,259995,155651,Adam Masina,adam-masina,D,False,,,,1.0,1.0,2.0,,,,,,,,,,,,,,,,,,,,,1.0,,,12.0,,,,,,,,,2.0,,6.6,,,,,,1.0,,1.0,,3.0,1.0,3.0,0,,5.0,,,,
2021-22,9576088,14,57,Watford,Home,288019,154506,Daniel Bachmann,daniel-bachmann,G,False,,,11.0,9.0,5.0,14.0,,2.0,9.0,,,,,,,,,3.0,,,,,,,2.0,,,,,90.0,,,,,,,,,15.0,,6.4,2.0,2.0,,,,,,24.0,,22.0,5.0,27.0,0,,35.0,,1.0,,
2021-22,9576088,14,57,Watford,Home,338991,131304,William Troost-Ekong,william-troost-ekong,D,False,,,1.0,4.0,15.0,19.0,3.0,3.0,3.0,,,,,,,,6.0,4.0,,,3.0,,,,,,1.0,,,90.0,,,,,,,,,12.0,,6.3,,,,1.0,,,,6.0,,12.0,17.0,29.0,0,1.0,39.0,1.0,,,
2021-22,9576088,14,57,Watford,Home,353224,176296,Ashley Fletcher,ashley-fletcher,F,True,,,,,,,,,,,,,,,,,,,,,,,,,,,,,,,,,,,,,,,,,,,,,,,,,,,,,,0,,,,,,
2021-22,9576088,14,57,Watford,Home,844424,230251,Emmanuel Dennis,emmanuel-dennis,F,False,1.0,,,19.0,5.0,23.0,3.0,1.0,8.0,1.0,,,1.0,,,2.0,12.0,11.0,,,2.0,,1.0,,,,1.0,1.0,,90.0,1.0,,,,,,,,24.0,,7.8,,,,,7.0,3.0,,1.0,,29.0,6.0,32.0,1,2.0,68.0,4.0,5.0,3.0,1.0
2021-22,9576088,14,57,Watford,Home,887055,244716,Cucho Hernández,cucho-hernandez,F,True,,,,,,,,,,,,,,,,,,,,,,,,,,,,,,,,,,,,,,,,,,,,,,,,,,,,,,0,,,,,,
2021-22,9576088,14,57,Watford,Home,965943,471471,Imrân Louza,imran-louza,M,False,,,3.0,20.0,15.0,35.0,3.0,1.0,9.0,,,1.0,2.0,,,,8.0,3.0,,,3.0,,,,,,3.0,1.0,,73.0,,1.0,,,,,,,10.0,,6.7,,,2.0,,,3.0,,7.0,,28.0,17.0,42.0,3,1.0,58.0,,1.0,,
2021-22,9576088,14,57,Watford,Home,975079,475168,João Pedro,joao-pedro,F,False,,,,15.0,2.0,17.0,4.0,8.0,5.0,,,1.0,1.0,,,1.0,6.0,12.0,,,,,,,,,1.0,3.0,,90.0,,,,,,,,,15.0,,6.8,,,,,,1.0,,2.0,,27.0,2.0,28.0,1,1.0,40.0,2.0,3.0,,1.0
2021-22,9576088,14,57,Watford,Home,991595,232391,Jeremy Ngakia,jeremy-ngakia,D,True,,,,3.0,,3.0,2.0,1.0,,,,,,,,,4.0,1.0,,,1.0,,,,,,,,,12.0,,,,,,,,,7.0,,6.2,,,,,1.0,,,1.0,,5.0,2.0,7.0,0,,10.0,2.0,,,
2021-22,9576089,15,57,Watford,Home,16586,38290,Danny Rose,danny-rose,D,False,,,,5.0,2.0,7.0,,,4.0,,,,1.0,,,,2.0,1.0,,,,,,,,,,,,71.0,,,,,,,,,6.0,,5.7,,,,,1.0,,,2.0,,7.0,5.0,12.0,0,1.0,17.0,,,,1.0
2021-22,9576089,15,57,Watford,Home,19343,40387,Dan Gosling,dan-gosling,D,True,,,,,,,,,,,,,,,,,,,,,,,,,,,,,,,,,,,,,,,,,,,,,,,,,,,,,,0,,,,,,
2021-22,9576089,15,57,Watford,Home,20581,19838,Robert Elliot,robert-elliot,G,True,,,,,,,,,,,,,,,,,,,,,,,,,,,,,,,,,,,,,,,,,,,,,,,,,,,,,,0,,,,,,
2021-22,9576089,15,57,Watford,Home,22200,41338,Craig Cathcart,craig-cathcart,D,False,,,2.0,2.0,14.0,16.0,,3.0,4.0,,,,1.0,,,,3.0,4.0,,,2.0,,,,,,3.0,,,90.0,,2.0,,,,,,,2.0,,6.8,,,,7.0,,,,4.0,,3.0,15.0,18.0,0,1.0,33.0,,,,
2021-22,9576089,15,57,Watford,Home,27014,45268,Moussa Sissoko,moussa-sissoko,M,False,,,2.0,10.0,9.0,19.0,,,6.0,,,,,,,1.0,1.0,3.0,,,,,,,,,,,,90.0,,1.0,,,,,,,6.0,,6.7,,,2.0,,2.0,1.0,,2.0,,12.0,10.0,21.0,2,,34.0,2.0,1.0,2.0,
2021-22,9576089,15,57,Watford,Home,46432,43250,Tom Cleverley,tom-cleverley,M,False,,,1.0,3.0,6.0,9.0,1.0,1.0,1.0,,,,,,,,2.0,2.0,,,1.0,,,,,,,1.0,,45.0,,,,,,,,,4.0,,6.6,,,,2.0,,1.0,,1.0,,5.0,7.0,11.0,0,1.0,16.0,1.0,,,1.0
2021-22,9576089,15,57,Watford,Home,48563,69143,Juraj Kucka,juraj-kucka,M,True,,,,3.0,3.0,6.0,,,1.0,,,,1.0,,,,1.0,1.0,,,,,,,,,,,,45.0,1.0,,,,,,,,5.0,,6.5,,,,2.0,,,,,,6.0,4.0,10.0,1,,16.0,1.0,1.0,,
2021-22,9576089,15,57,Watford,Home,53739,54484,Kiko Femenía,kiko-femenia,D,False,,,2.0,7.0,6.0,13.0,,,6.0,,,,,,,,1.0,4.0,,,1.0,,,,,,4.0,1.0,,90.0,,,,,,,,,15.0,,6.8,,,,3.0,,1.0,,5.0,,11.0,14.0,24.0,0,3.0,49.0,2.0,1.0,,2.0
2021-22,9576089,15,57,Watford,Home,58351,85624,Christian Kabasele,christian-kabasele,D,True,,,,,,,,,,,,,,,,,,,,,,,,,,,,,,,,,,,,,,,,,,,,,,,,,,,,,,0,,,,,,
2021-22,9576089,15,57,Watford,Home,100621,78007,Joshua King,joshua-king,F,False,,,,6.0,5.0,11.0,3.0,5.0,2.0,,,,,,,1.0,6.0,6.0,,,1.0,,,,,,,2.0,,90.0,,,,,,,,,11.0,,6.6,,,1.0,,1.0,,,,,12.0,6.0,18.0,1,,25.0,2.0,1.0,,
2021-22,9576089,15,57,Watford,Home,251907,,Ozan Tufan,ozan-tufan,M,True,,,,,,,,,,,,,,,,,,,,,,,,,,,,,,,,,,,,,,,,,,,,,,,,,,,,,,0,,,,,,
2021-22,9576089,15,57,Watford,Home,288019,154506,Daniel Bachmann,daniel-bachmann,G,False,,1.0,11.0,9.0,3.0,12.0,,,14.0,,,,,,,,,,,,,,,,2.0,,1.0,,,90.0,,,,,,,,,22.0,,8.2,8.0,9.0,,,,,1.0,33.0,,27.0,7.0,34.0,0,,48.0,,,,
2021-22,9576089,15,57,Watford,Home,338991,131304,William Troost-Ekong,william-troost-ekong,D,False,,,4.0,6.0,10.0,16.0,3.0,,4.0,,,,2.0,,,,6.0,3.0,,,1.0,,,,,,,,,90.0,,1.0,,,,,,,8.0,,6.2,,,,5.0,,,,8.0,,11.0,13.0,24.0,0,3.0,34.0,,,,1.0
2021-22,9576089,15,57,Watford,Home,353224,176296,Ashley Fletcher,ashley-fletcher,F,True,,,,,,,,,,,,,,,,,,,,,,,,,,,,,,,,,,,,,,,,,,,,,,,,,,,,,,0,,,,,,
2021-22,9576089,15,57,Watford,Home,844424,230251,Emmanuel Dennis,emmanuel-dennis,F,False,,,1.0,10.0,2.0,12.0,1.0,,5.0,,,,1.0,,,2.0,12.0,2.0,,,4.0,,,,,,,1.0,,90.0,2.0,,,,,,,,17.0,,5.9,,,,,5.0,1.0,,1.0,,14.0,3.0,16.0,2,1.0,38.0,5.0,,1.0,1.0
2021-22,9576089,15,57,Watford,Home,887055,244716,Cucho Hernández,cucho-hernandez,F,True,4.0,,1.0,10.0,2.0,8.0,1.0,,4.0,,,,1.0,,,1.0,3.0,2.0,,,,,1.0,,,1.0,2.0,4.0,,45.0,1.0,,,,,,,,9.0,,8.0,,,1.0,,1.0,8.0,,3.0,,16.0,4.0,12.0,2,,28.0,,1.0,1.0,
2021-22,9576089,15,57,Watford,Home,965943,471471,Imrân Louza,imran-louza,M,False,,,,4.0,5.0,9.0,1.0,,1.0,,,,,,,,2.0,3.0,,,1.0,,,,,,,1.0,,45.0,,,,,,,,,1.0,,6.7,,,,,,,,1.0,,5.0,5.0,10.0,0,3.0,13.0,,,,
2021-22,9576089,15,57,Watford,Home,975079,475168,João Pedro,joao-pedro,F,False,,,1.0,13.0,2.0,15.0,2.0,2.0,6.0,,,1.0,1.0,1.0,,1.0,7.0,5.0,,,,,,,,,1.0,,,90.0,,1.0,,,,,,,15.0,,6.7,,,1.0,,3.0,1.0,,2.0,,21.0,3.0,23.0,2,1.0,38.0,2.0,2.0,,
2021-22,9576089,15,57,Watford,Home,991595,232391,Jeremy Ngakia,jeremy-ngakia,D,True,,,,1.0,3.0,4.0,,,1.0,,,,,,,,,1.0,,,,,,,,,,,,19.0,,,,,,,,,3.0,,6.7,,,1.0,,,1.0,,1.0,,3.0,4.0,6.0,1,1.0,10.0,,,,
2021-22,9576089,15,57,Watford,Home,1004344,242183,James Morris,james-morris,D,True,,,,,,,,,,,,,,,,,,,,,,,,,,,,,,,,,,,,,,,,,,,,,,,,,,,,,,0,,,,,,
2021-22,9576380,16,57,Watford,Away,16586,38290,Danny Rose,danny-rose,D,True,,,,,,,,,,,,,,,,,,,,,,,,,,,,,,,,,,,,,,,,,,,,,,,,,,,,,,0,,,,,,
2021-22,9576380,16,57,Watford,Away,20581,19838,Robert Elliot,robert-elliot,G,True,,,,,,,,,,,,,,,,,,,,,,,,,,,,,,,,,,,,,,,,,,,,,,,,,,,,,,0,,,,,,
2021-22,9576380,16,57,Watford,Away,22200,41338,Craig Cathcart,craig-cathcart,D,False,,,4.0,7.0,7.0,14.0,1.0,3.0,4.0,,,,,,,,1.0,7.0,,,,,,,,,,,,90.0,,1.0,,,,,,,6.0,,7.1,,,,6.0,,,,7.0,,11.0,9.0,20.0,0,4.0,31.0,,,,1.0
2021-22,9576380,16,57,Watford,Away,27014,45268,Moussa Sissoko,moussa-sissoko,M,False,1.0,,2.0,10.0,12.0,21.0,2.0,3.0,9.0,,,,,,,,4.0,7.0,,,2.0,,,,,,1.0,1.0,,90.0,,,,,,,,,13.0,,6.9,,,,2.0,1.0,1.0,,5.0,,19.0,16.0,34.0,0,1.0,43.0,,2.0,1.0,
2021-22,9576380,16,57,Watford,Away,46432,43250,Tom Cleverley,tom-cleverley,M,False,2.0,,1.0,8.0,5.0,11.0,1.0,,2.0,,,,,,,1.0,2.0,1.0,,,,1.0,,,,,,2.0,,58.0,,,,,,,,,9.0,,7.0,,,,1.0,,4.0,,2.0,,14.0,5.0,15.0,0,,25.0,2.0,1.0,,
2021-22,9576380,16,57,Watford,Away,48563,69143,Juraj Kucka,juraj-kucka,M,False,,,,6.0,12.0,18.0,2.0,5.0,8.0,,,1.0,2.0,,,1.0,7.0,11.0,,,1.0,,,,,,1.0,,,90.0,,,,,,,,,23.0,,6.5,,,,1.0,2.0,1.0,,2.0,,18.0,18.0,35.0,1,2.0,52.0,3.0,3.0,1.0,2.0
2021-22,9576380,16,57,Watford,Away,53739,54484,Kiko Femenía,kiko-femenia,D,False,,,,10.0,9.0,19.0,,1.0,7.0,,,,,,,,1.0,4.0,,,1.0,,,,,,2.0,,,90.0,,1.0,,,,,,,20.0,,6.8,,,,5.0,,1.0,,5.0,,18.0,12.0,29.0,0,3.0,65.0,4.0,,,1.0
2021-22,9576380,16,57,Watford,Away,58351,85624,Christian Kabasele,christian-kabasele,D,True,,,,,,,,,,,,,,,,,,,,,,,,,,,,,,,,,,,,,,,,,,,,,,,,,,,,,,0,,,,,,
2021-22,9576380,16,57,Watford,Away,100621,78007,Joshua King,joshua-king,F,False,1.0,,,11.0,3.0,13.0,4.0,2.0,3.0,,1.0,,,,,,8.0,7.0,,,2.0,,,,,1.0,1.0,,,90.0,1.0,,,,,,,,7.0,,6.6,,,1.0,4.0,4.0,1.0,,,,12.0,3.0,14.0,2,1.0,37.0,4.0,2.0,2.0,1.0
2021-22,9576380,16,57,Watford,Away,251907,,Ozan Tufan,ozan-tufan,M,True,,,,,,,,,,,,,,,,,,,,,,,,,,,,,,1.0,,,,,,,,,,,,,,,,,,,,,,,,0,,,,,,
2021-22,9576380,16,57,Watford,Away,288019,154506,Daniel Bachmann,daniel-bachmann,G,False,,2.0,4.0,3.0,1.0,4.0,,,6.0,,,,,,,,,,,,,,,,,,,,,90.0,,,,,1.0,,,,18.0,,6.7,2.0,3.0,,2.0,,,2.0,22.0,,20.0,2.0,22.0,0,,27.0,,,,
2021-22,9576380,16,57,Watford,Away,319847,157775,Ken Sema,ken-sema,M,True,,,,1.0,,1.0,,,2.0,,,,,,,,,1.0,,,,,,,,,,,,13.0,,,,,,,,,3.0,,6.4,,,,1.0,,,,,,1.0,,1.0,0,1.0,6.0,3.0,,,
2021-22,9576380,16,57,Watford,Away,338991,131304,William Troost-Ekong,william-troost-ekong,D,False,,,2.0,4.0,15.0,19.0,2.0,6.0,8.0,,,,,,,,5.0,9.0,,,3.0,,,,,,1.0,,,90.0,,1.0,,1.0,,,,,15.0,,6.6,,,,6.0,,,,9.0,,11.0,23.0,34.0,0,3.0,46.0,,,,2.0
2021-22,9576380,16,57,Watford,Away,353224,176296,Ashley Fletcher,ashley-fletcher,F,True,,,,,,,,,,,,,,,,,,,,,,,,,,,,,,,,,,,,,,,,,,,,,,,,,,,,,,0,,,,,,
2021-22,9576380,16,57,Watford,Away,844424,230251,Emmanuel Dennis,emmanuel-dennis,F,False,1.0,,,8.0,1.0,8.0,5.0,6.0,,1.0,,,1.0,,,3.0,15.0,7.0,,,3.0,,1.0,,,,1.0,1.0,,89.0,1.0,1.0,,,,,,,19.0,,7.1,,,1.0,1.0,4.0,1.0,,,,16.0,1.0,16.0,2,,37.0,4.0,1.0,,
2021-22,9576380,16,57,Watford,Away,887055,244716,Cucho Hernández,cucho-hernandez,F,False,,,1.0,11.0,4.0,15.0,6.0,3.0,9.0,,,,2.0,,,4.0,17.0,7.0,,,3.0,,,,,,,1.0,,77.0,,,,,,,,,19.0,,5.9,,,1.0,1.0,3.0,,,3.0,,19.0,8.0,27.0,1,,46.0,1.0,3.0,1.0,
2021-22,9576380,16,57,Watford,Away,965943,471471,Imrân Louza,imran-louza,M,True,,,,,,,,,,,,,,,,,,,,,,,,,,,,,,,,,,,,,,,,,,,,,,,,,,,,,,0,,,,,,
2021-22,9576380,16,57,Watford,Away,975079,475168,João Pedro,joao-pedro,F,True,,,,3.0,3.0,6.0,1.0,,3.0,,,,,,,1.0,3.0,1.0,,,1.0,,,,,,,,,32.0,,,,,,,,,6.0,,6.6,,,,2.0,1.0,,,1.0,,6.0,3.0,9.0,0,,15.0,2.0,,1.0,
2021-22,9576380,16,57,Watford,Away,991595,232391,Jeremy Ngakia,jeremy-ngakia,D,False,,,4.0,6.0,8.0,14.0,1.0,7.0,6.0,,,,1.0,,,1.0,5.0,9.0,,,2.0,,,,,,1.0,,,90.0,,1.0,,,,,,,16.0,,6.7,,,,3.0,,2.0,,5.0,,15.0,12.0,25.0,0,2.0,46.0,,,,2.0
2021-22,9576380,16,57,Watford,Away,1167601,563883,Vincent Angelini,vincent-angelini,G,True,,,,,,,,,,,,,,,,,,,,,,,,,,,,,,,,,,,,,,,,,,,,,,,,,,,,,,0,,,,,,
2021-22,10085333,17,57,Watford,Away,10599,9089,Ben Foster,ben-foster,G,False,,,11.0,10.0,3.0,13.0,,,12.0,,,,,,,,,,,,,,,,1.0,,,,,90.0,,,,,,,,,25.0,,7.3,1.0,2.0,,,,,,36.0,,35.0,3.0,38.0,0,,43.0,,,,
2021-22,10085333,17,57,Watford,Away,22200,41338,Craig Cathcart,craig-cathcart,D,False,,,1.0,7.0,17.0,24.0,1.0,3.0,3.0,,,,,,,,2.0,4.0,,,1.0,,,,,,2.0,,,90.0,,1.0,,,,,,,7.0,,7.2,,,,5.0,,,,5.0,,10.0,21.0,31.0,0,1.0,42.0,,,,
2021-22,10085333,17,57,Watford,Away,27014,45268,Moussa Sissoko,moussa-sissoko,M,False,,,3.0,15.0,15.0,30.0,3.0,3.0,9.0,,,,,,,,5.0,3.0,,,,,,,,,1.0,1.0,,90.0,,1.0,,,,,,,14.0,,6.8,,,,6.0,2.0,1.0,,3.0,,21.0,18.0,38.0,0,,54.0,2.0,,,
2021-22,10085333,17,57,Watford,Away,46432,43250,Tom Cleverley,tom-cleverley,M,True,1.0,,,2.0,1.0,2.0,,,,,,,,,,,1.0,1.0,,,1.0,,,,,,1.0,,,20.0,1.0,,,,,,,,6.0,,6.8,,,,,,3.0,,1.0,,7.0,2.0,6.0,1,,12.0,,1.0,,
2021-22,10085333,17,57,Watford,Away,48563,69143,Juraj Kucka,juraj-kucka,M,False,2.0,,,20.0,5.0,23.0,,1.0,9.0,1.0,,,3.0,,,1.0,6.0,9.0,,,2.0,,,,,,2.0,2.0,,90.0,,1.0,,,,,,,13.0,,7.6,,,2.0,2.0,3.0,2.0,,,,26.0,6.0,30.0,2,3.0,56.0,4.0,4.0,2.0,1.0
2021-22,10085333,17,57,Watford,Away,53739,54484,Kiko Femenía,kiko-femenia,D,False,3.0,,1.0,22.0,13.0,32.0,,,1.0,,,,,,,1.0,1.0,3.0,,,,,,,,,3.0,2.0,,90.0,,,,,,,,,15.0,,7.3,,,,,1.0,7.0,,5.0,,31.0,15.0,39.0,0,1.0,65.0,3.0,1.0,1.0,1.0
2021-22,10085333,17,57,Watford,Away,58351,85624,Christian Kabasele,christian-kabasele,D,True,,,,,,,,,,,,,,,,,,,,,,,,,,,,,,,,,,,,,,,,,,,,,,,,,,,,,,0,,,,,,
2021-22,10085333,17,57,Watford,Away,100621,78007,Joshua King,joshua-king,F,False,,,,18.0,3.0,21.0,4.0,5.0,5.0,,,,2.0,,,,10.0,9.0,,,2.0,,,,,,,2.0,,90.0,2.0,,,,,,,,10.0,,7.1,,,1.0,4.0,3.0,1.0,,,,21.0,3.0,23.0,3,,45.0,5.0,3.0,1.0,
2021-22,10085333,17,57,Watford,Away,259995,155651,Adam Masina,adam-masina,D,True,,,,,,,,,,,,,,,,,,,,,,,,,,,,,,,,,,,,,,,,,,,,,,,,,,,,,,0,,,,,,
2021-22,10085333,17,57,Watford,Away,288019,154506,Daniel Bachmann,daniel-bachmann,G,True,,,,,,,,,,,,,,,,,,,,,,,,,,,,,,,,,,,,,,,,,,,,,,,,,,,,,,0,,,,,,
2021-22,10085333,17,57,Watford,Away,319847,157775,Ken Sema,ken-sema,M,False,,,1.0,3.0,10.0,13.0,6.0,2.0,9.0,,,,2.0,,,1.0,10.0,4.0,,,1.0,,,,,,,,,90.0,,,,,,,,,14.0,,6.4,,,,2.0,1.0,2.0,,4.0,,12.0,13.0,23.0,0,1.0,40.0,1.0,,1.0,
2021-22,10085333,17,57,Watford,Away,331405,162651,Samir Caetano,samir-caetano,D,False,,,4.0,5.0,22.0,27.0,4.0,3.0,7.0,,,,2.0,,,,6.0,5.0,,,,,,,,,4.0,,,90.0,,,,,,,,,10.0,,7.1,,,,7.0,,,,9.0,,12.0,24.0,36.0,0,1.0,50.0,1.0,1.0,,
2021-22,10085333,17,57,Watford,Away,338991,131304,William Troost-Ekong,william-troost-ekong,D,True,,,,,,,,,,,,,,,,,,,,,,,,,,,,,,,,,,,,,,,,,,,,,,,,,,,,,,0,,,,,,
2021-22,10085333,17,57,Watford,Away,351434,171099,Hassane Kamara,hassane-kamara,M,False,,,4.0,14.0,11.0,25.0,,2.0,10.0,,,,,,,1.0,2.0,11.0,,,1.0,,,,,,5.0,2.0,,90.0,,1.0,,,,,,,27.0,,8.2,,,,1.0,1.0,5.0,,12.0,,31.0,15.0,41.0,0,4.0,79.0,1.0,4.0,1.0,4.0
2021-22,10085333,17,57,Watford,Away,353224,176296,Ashley Fletcher,ashley-fletcher,F,True,,,,,,,,,,,,,,,,,,,,,,,,,,,,,,,,,,,,,,,,,,,,,,,,,,,,,,0,,,,,,
2021-22,10085333,17,57,Watford,Away,887055,244716,Cucho Hernández,cucho-hernandez,F,True,,,,,,,,,1.0,,,1.0,1.0,,,,1.0,,,,,,,,,,,1.0,,10.0,,,,,,,,,1.0,,6.4,,,,,,,,1.0,,,1.0,1.0,1,,6.0,,,,
2021-22,10085333,17,57,Watford,Away,917305,442335,Edo Kayembe,edo-kayembe,M,False,,,,14.0,7.0,21.0,1.0,1.0,6.0,,,,1.0,,,,4.0,4.0,,,1.0,,,,,,1.0,,,70.0,,,,,,,,,10.0,,6.7,,,,1.0,1.0,1.0,,1.0,,17.0,10.0,26.0,0,3.0,37.0,3.0,,,3.0
2021-22,10085333,17,57,Watford,Away,965943,471471,Imrân Louza,imran-louza,M,True,,,,,,,,,,,,,,,,,,,,,,,,,,,,,,,,,,,,,,,,,,,,,,,,,,,,,,0,,,,,,
2021-22,10085333,17,57,Watford,Away,975079,475168,João Pedro,joao-pedro,F,False,,,1.0,12.0,2.0,14.0,5.0,3.0,3.0,,1.0,1.0,,,,2.0,9.0,9.0,,,,,,,,,,1.0,,83.0,2.0,,,,,,,,20.0,,6.9,,,1.0,,4.0,,,1.0,,25.0,2.0,27.0,4,2.0,52.0,3.0,2.0,2.0,2.0
2021-22,10085333,17,57,Watford,Away,991595,232391,Jeremy Ngakia,jeremy-ngakia,D,True,,,,,,,,,,,,,,,,,,,,,,,,,,,,,,,,,,,,,,,,,,,,,,,,,,,,,,0,,,,,,
2021-22,10114688,18,57,Watford,Home,10599,9089,Ben Foster,ben-foster,G,False,,,11.0,7.0,14.0,21.0,,,6.0,,,,,,,,,,,,,,,-2.2496,,,,,,90.0,,,,,,,,,10.0,,5.5,1.0,1.0,,,,,,20.0,,14.0,16.0,30.0,0,,33.0,,,,
2021-22,10114688,18,57,Watford,Home,22200,41338,Craig Cathcart,craig-cathcart,D,False,,,3.0,16.0,54.0,70.0,,1.0,9.0,1.0,,,,,,,,4.0,,,,,,,,,,1.0,,90.0,,,,,,,,,7.0,,6.7,,,,2.0,,,,6.0,,18.0,59.0,77.0,0,3.0,82.0,,,,2.0
2021-22,10114688,18,57,Watford,Home,27014,45268,Moussa Sissoko,moussa-sissoko,M,False,1.0,,1.0,16.0,11.0,26.0,2.0,2.0,3.0,,,,2.0,,,1.0,9.0,6.0,,,2.0,,1.0,,,,,1.0,,90.0,1.0,,,,,,,,7.0,,6.9,,,,,2.0,1.0,,1.0,,18.0,12.0,29.0,1,2.0,45.0,1.0,2.0,,1.0
2021-22,10114688,18,57,Watford,Home,46432,43250,Tom Cleverley,tom-cleverley,M,False,,,,10.0,9.0,19.0,3.0,2.0,,,,,,,,,4.0,5.0,,,1.0,,,,,,1.0,1.0,,73.0,,,,,,,,,3.0,,6.7,,,,,,1.0,,1.0,,13.0,9.0,21.0,0,2.0,29.0,,1.0,,
2021-22,10114688,18,57,Watford,Home,53739,54484,Kiko Femenía,kiko-femenia,D,False,2.0,,1.0,14.0,22.0,34.0,,,7.0,1.0,,,1.0,,,1.0,4.0,1.0,,,1.0,1.0,,,,,2.0,2.0,,90.0,,,,,,,,,30.0,,6.2,,,,1.0,1.0,7.0,,9.0,,34.0,28.0,55.0,0,1.0,80.0,2.0,,,1.0
2021-22,10114688,18,57,Watford,Home,58351,85624,Christian Kabasele,christian-kabasele,D,True,,,,,,,,,,,,,,,,,,,,,,,,,,,,,,,,,,,,,,,,,,,,,,,,,,,,,,0,,,,,,
2021-22,10114688,18,57,Watford,Home,100621,78007,Joshua King,joshua-king,F,False,,,,3.0,4.0,7.0,,,,,,,,,,1.0,1.0,,,,,,,,,,,,,51.0,,,,,,,,,7.0,,6.4,,,,1.0,,,,,1.0,6.0,4.0,10.0,0,,18.0,3.0,,,
2021-22,10114688,18,57,Watford,Home,259995,155651,Adam Masina,adam-masina,D,True,,,,,,,,,,,,,,,,,,,,,,,,,,,,,,,,,,,,,,,,,,,,,,,,,,,,,,0,,,,,,
2021-22,10114688,18,57,Watford,Home,288019,154506,Daniel Bachmann,daniel-bachmann,G,True,,,,,,,,,,,,,,,,,,,,,,,,,,,,,,,,,,,,,,,,,,,,,,,,,,,,,,0,,,,,,
2021-22,10114688,18,57,Watford,Home,319847,157775,Ken Sema,ken-sema,M,True,,,,,,,,,,,,,,,,,,,,,,,,,,,,,,,,,,,,,,,,,,,,,,,,,,,,,,0,,,,,,
2021-22,10114688,18,57,Watford,Home,331405,162651,Samir Caetano,samir-caetano,D,False,,,3.0,12.0,49.0,61.0,3.0,2.0,10.0,,,1.0,,,,,4.0,4.0,,,1.0,,,,,,1.0,,,90.0,,,,,,,,,7.0,,6.3,,,,5.0,,,,5.0,,16.0,52.0,68.0,1,1.0,77.0,,1.0,,
2021-22,10114688,18,57,Watford,Home,338991,131304,William Troost-Ekong,william-troost-ekong,D,True,,,,,,,,,,,,,,,,,,,,,,,,,,,,,,,,,,,,,,,,,,,,,,,,,,,,,,0,,,,,,
2021-22,10114688,18,57,Watford,Home,351434,171099,Hassane Kamara,hassane-kamara,M,False,,,1.0,14.0,20.0,34.0,,1.0,11.0,1.0,,,,,,,5.0,4.0,,,3.0,,,,,,4.0,2.0,,90.0,,,,,,,,,24.0,,6.5,,,,3.0,2.0,2.0,,9.0,,23.0,29.0,50.0,0,2.0,82.0,1.0,1.0,,2.0
2021-22,10114688,18,57,Watford,Home,833030,225702,Samuel Kalu,samuel-kalu,M,True,,,,,,,,,,,,,,,,,,,,,,,,,,,,,,,,,,,,,,,,,,,,,,,,,,,,,,0,,,,,,
2021-22,10114688,18,57,Watford,Home,844424,230251,Emmanuel Dennis,emmanuel-dennis,F,False,1.0,,1.0,6.0,2.0,7.0,2.0,1.0,3.0,,2.0,1.0,1.0,,,4.0,13.0,2.0,,,2.0,,,,,,,1.0,,90.0,,,,,,,,,14.0,,5.4,,,3.0,,5.0,1.0,,1.0,1.0,7.0,3.0,9.0,4,,31.0,4.0,,1.0,
2021-22,10114688,18,57,Watford,Home,845286,232185,Ismaïla Sarr,ismaila-sarr,F,False,,,1.0,13.0,10.0,23.0,,1.0,5.0,,,1.0,1.0,,,2.0,8.0,6.0,,,1.0,,,,,,,,,90.0,,,,,,,,,14.0,,6.4,,,,1.0,7.0,2.0,,1.0,,18.0,11.0,27.0,1,,48.0,2.0,2.0,3.0,
2021-22,10114688,18,57,Watford,Home,887055,244716,Cucho Hernández,cucho-hernandez,F,True,,,3.0,7.0,4.0,11.0,,,2.0,,,,,,,,1.0,1.0,,,,,,,,,,,,39.0,,,,,,,,,7.0,,6.6,,,1.0,,2.0,1.0,,5.0,,12.0,4.0,15.0,1,,22.0,1.0,,1.0,
2021-22,10114688,18,57,Watford,Home,917305,442335,Edo Kayembe,edo-kayembe,M,True,,,1.0,6.0,6.0,12.0,,,1.0,,,,,,,,,,,,,,,,,,,,,17.0,,,,,,,,,3.0,,6.4,,,,,,1.0,,1.0,,7.0,6.0,12.0,0,,17.0,2.0,,,
2021-22,10114688,18,57,Watford,Home,965943,471471,Imrân Louza,imran-louza,M,False,,,5.0,17.0,21.0,38.0,,,7.0,,,,2.0,,,,3.0,3.0,,,1.0,,,,,,,,,90.0,,,,,,,,,15.0,,6.3,,,,,2.0,,,9.0,,27.0,26.0,53.0,0,,59.0,,1.0,2.0,
2021-22,10114688,18,57,Watford,Home,991595,232391,Jeremy Ngakia,jeremy-ngakia,D,True,,,,,,,,,,,,,,,,,,,,,,,,,,,,,,,,,,,,,,,,,,,,,,,,,,,,,,0,,,,,,
2021-22,10144893,19,57,Watford,Away,10599,9089,Ben Foster,ben-foster,G,False,,2.0,4.0,4.0,2.0,6.0,,,10.0,,,,,,,,,,1.0,1.0,,,,-2.1716,,,,,,90.0,,,,,,,,,27.0,,4.8,1.0,2.0,,,,,2.0,29.0,,23.0,9.0,32.0,0,,42.0,,,,
2021-22,10144893,19,57,Watford,Away,22200,41338,Craig Cathcart,craig-cathcart,D,False,,,5.0,9.0,29.0,38.0,,1.0,2.0,,,,1.0,,,,1.0,1.0,,,,,,,,,,,,90.0,,,,,,,,,4.0,,6.2,,,,8.0,,,,6.0,,11.0,30.0,41.0,0,,52.0,1.0,,,
2021-22,10144893,19,57,Watford,Away,27014,45268,Moussa Sissoko,moussa-sissoko,M,False,,,1.0,19.0,13.0,32.0,,2.0,6.0,,,,,,,1.0,1.0,3.0,,,,,,,,,,3.0,,90.0,,,,,,,,,6.0,,6.8,,,,,,,,2.0,,20.0,15.0,35.0,0,,40.0,2.0,1.0,,
2021-22,10144893,19,57,Watford,Away,46432,43250,Tom Cleverley,tom-cleverley,M,False,,,,8.0,14.0,22.0,1.0,,5.0,,,,,,,,3.0,5.0,,,2.0,,,,,,,,,73.0,,,,,,,,,10.0,,6.6,,,,2.0,1.0,,,2.0,,14.0,16.0,30.0,0,3.0,40.0,2.0,1.0,1.0,
2021-22,10144893,19,57,Watford,Away,48563,69143,Juraj Kucka,juraj-kucka,M,True,,,,,,,,,,,,,,,,,,,,,,,,,,,,,,,,,,,,,,,,,,,,,,,,,,,,,,0,,,,,,
2021-22,10144893,19,57,Watford,Away,53739,54484,Kiko Femenía,kiko-femenia,D,False,,,,5.0,4.0,9.0,,,1.0,,,,,,,,,1.0,,,,,,,,,,,,30.0,,,,,,,,,4.0,,6.1,,,,1.0,1.0,,,,1.0,6.0,5.0,11.0,0,,17.0,1.0,,1.0,
2021-22,10144893,19,57,Watford,Away,58351,85624,Christian Kabasele,christian-kabasele,D,True,1.0,,1.0,7.0,11.0,17.0,1.0,1.0,2.0,,,,1.0,,,,2.0,2.0,,,,,,,,,,,,60.0,,,,,,,,,6.0,,6.5,,,2.0,2.0,,1.0,,4.0,,10.0,13.0,22.0,2,1.0,34.0,1.0,,,1.0
2021-22,10144893,19,57,Watford,Away,100621,78007,Joshua King,joshua-king,F,False,,,,2.0,5.0,7.0,2.0,2.0,3.0,,,,,,,1.0,5.0,5.0,,,1.0,,,,,,,1.0,,45.0,,,,,,,,,3.0,,6.7,,,1.0,,1.0,,,,,2.0,5.0,7.0,1,2.0,15.0,,1.0,,2.0
2021-22,10144893,19,57,Watford,Away,259995,155651,Adam Masina,adam-masina,D,True,,,,,,,,,,,,,,,,,,,,,,,,,,,,,,,,,,,,,,,,,,,,,,,,,,,,,,0,,,,,,
2021-22,10144893,19,57,Watford,Away,288019,154506,Daniel Bachmann,daniel-bachmann,G,True,,,,,,,,,,,,,,,,,,,,,,,,,,,,,,,,,,,,,,,,,,,,,,,,,,,,,,0,,,,,,
2021-22,10144893,19,57,Watford,Away,319847,157775,Ken Sema,ken-sema,M,True,,,,,,,,,,,,,,,,,,,,,,,,,,,,,,,,,,,,,,,,,,,,,,,,,,,,,,0,,,,,,
2021-22,10144893,19,57,Watford,Away,331405,162651,Samir Caetano,samir-caetano,D,False,,,,7.0,20.0,27.0,,2.0,4.0,,,1.0,1.0,,,,4.0,3.0,,,3.0,,,,,,2.0,,,90.0,,1.0,,,,,,,6.0,,5.9,,,,2.0,1.0,,,3.0,,10.0,22.0,32.0,1,,40.0,,,1.0,
2021-22,10144893,19,57,Watford,Away,351434,171099,Hassane Kamara,hassane-kamara,M,False,,,1.0,12.0,20.0,32.0,1.0,2.0,9.0,,,,1.0,,,,4.0,9.0,,,1.0,,,,,,3.0,,,90.0,,,,,,,,,9.0,,6.6,,,,1.0,2.0,,,1.0,,16.0,23.0,39.0,0,5.0,63.0,,1.0,1.0,3.0
2021-22,10144893,19,57,Watford,Away,805096,208973,Francisco Sierralta,francisco-sierralta,D,True,,,,,,,,,,,,,,,,,,,,,,,,,,,,,,,,,,,,,,,,,,,,,,,,,,,,,,0,,,,,,
2021-22,10144893,19,57,Watford,Away,833030,225702,Samuel Kalu,samuel-kalu,M,True,,,,1.0,1.0,2.0,3.0,,,,,,,,,,3.0,,,,,,,,,,,,,45.0,,,,,,,,,,,6.5,,,,,,,,,1.0,1.0,1.0,2.0,0,,4.0,,,,
2021-22,10144893,19,57,Watford,Away,839110,227560,Peter Etebo,peter-etebo,M,True,,,,5.0,1.0,6.0,,,1.0,,,,,,,,,,,,,,,,,,,,,17.0,,,,,,,,,1.0,,6.4,,,,,,,,1.0,,6.0,1.0,7.0,0,,8.0,,,,
2021-22,10144893,19,57,Watford,Away,844424,230251,Emmanuel Dennis,emmanuel-dennis,F,False,,,,12.0,3.0,15.0,2.0,1.0,4.0,,,1.0,,,,2.0,6.0,13.0,,,,,,,,,1.0,,,90.0,,,,,,,,,11.0,,7.0,,,,,8.0,,,,2.0,16.0,3.0,19.0,1,,44.0,3.0,6.0,6.0,
2021-22,10144893,19,57,Watford,Away,887055,244716,Cucho Hernández,cucho-hernandez,F,False,1.0,,,8.0,8.0,15.0,7.0,1.0,3.0,,,1.0,1.0,,,1.0,9.0,1.0,,,1.0,,,,,,,,,90.0,,,1.0,,,,,,10.0,,6.3,,,1.0,1.0,,5.0,,,,15.0,9.0,19.0,2,,32.0,1.0,,,
2021-22,10144893,19,57,Watford,Away,917305,442335,Edo Kayembe,edo-kayembe,M,True,,,,,,,,,,,,,,,,,,,,,,,,,,,,,,,,,,,,,,,,,,,,,,,,,,,,,,0,,,,,,
2021-22,10144893,19,57,Watford,Away,965943,471471,Imrân Louza,imran-louza,M,False,1.0,,6.0,17.0,25.0,41.0,1.0,,5.0,,,1.0,1.0,,,,5.0,3.0,,,2.0,,,,,,1.0,1.0,,90.0,,,,,,,,,11.0,,6.5,,,1.0,,2.0,3.0,,9.0,,24.0,26.0,47.0,2,2.0,60.0,2.0,,1.0,1.0
2021-22,9576225,20,57,Watford,Home,19343,40387,Dan Gosling,dan-gosling,D,True,,,,,,,,,,,,,,,,,,,,,,,,,,,,,,,,,,,,,,,,,,,,,,,,,,,,,,0,,,,,,
2021-22,9576225,20,57,Watford,Home,22200,41338,Craig Cathcart,craig-cathcart,D,False,,,2.0,7.0,16.0,23.0,2.0,,5.0,,,,,,,,2.0,1.0,,,,,,,,,1.0,,,90.0,,2.0,,,,,,,4.0,,6.4,,,,4.0,,,,5.0,,10.0,17.0,27.0,0,1.0,36.0,,,,1.0
2021-22,9576225,20,57,Watford,Home,27014,45268,Moussa Sissoko,moussa-sissoko,M,False,,,2.0,5.0,12.0,17.0,1.0,2.0,8.0,,,,1.0,,,2.0,6.0,4.0,,,1.0,,,,,,2.0,1.0,,90.0,1.0,,,,,,,,12.0,,6.5,,,,3.0,2.0,,,2.0,,12.0,13.0,25.0,1,1.0,47.0,1.0,,1.0,
2021-22,9576225,20,57,Watford,Home,48563,69143,Juraj Kucka,juraj-kucka,M,False,1.0,,1.0,21.0,14.0,34.0,2.0,4.0,12.0,,,1.0,3.0,,,,7.0,12.0,,,2.0,,,,,,2.0,1.0,,90.0,,,,,,,,,17.0,,7.1,,,1.0,2.0,1.0,2.0,,2.0,,27.0,20.0,45.0,2,4.0,78.0,2.0,3.0,1.0,4.0
2021-22,9576225,20,57,Watford,Home,53739,54484,Kiko Femenía,kiko-femenia,D,False,,,2.0,6.0,3.0,9.0,,,4.0,,,,,,,,,1.0,,,,,,,,,1.0,,,40.0,,,,,,,,,12.0,,6.3,,,,1.0,,,,6.0,,9.0,6.0,15.0,0,,29.0,3.0,1.0,,
2021-22,9576225,20,57,Watford,Home,100621,78007,Joshua King,joshua-king,F,False,1.0,,,13.0,4.0,16.0,3.0,5.0,6.0,,1.0,,1.0,,,1.0,8.0,12.0,,,1.0,1.0,,,,,1.0,1.0,,90.0,1.0,,,,,,,,17.0,,6.9,,,1.0,,5.0,2.0,,,,21.0,5.0,24.0,2,3.0,48.0,4.0,1.0,3.0,2.0
2021-22,9576225,20,57,Watford,Home,251907,,Ozan Tufan,ozan-tufan,M,False,,,,4.0,7.0,11.0,,1.0,3.0,,,,,,,,2.0,2.0,,,2.0,,,,,,,,,62.0,,,,,,,,,5.0,,6.3,,,,1.0,1.0,,,1.0,,7.0,9.0,16.0,0,,21.0,,,1.0,
2021-22,9576225,20,57,Watford,Home,259995,155651,Adam Masina,adam-masina,D,False,1.0,,2.0,8.0,6.0,13.0,2.0,2.0,3.0,,,1.0,2.0,,,,5.0,3.0,,,1.0,,,,,,1.0,,,90.0,,1.0,,,,,,,17.0,,5.9,,,1.0,,,3.0,,9.0,,17.0,12.0,26.0,2,1.0,42.0,1.0,,,1.0
2021-22,9576225,20,57,Watford,Home,288019,154506,Daniel Bachmann,daniel-bachmann,G,False,,,7.0,6.0,7.0,13.0,,,6.0,,,,,,,,1.0,,,,1.0,,,,,,,,,90.0,,,,1.0,1.0,,,,10.0,1.0,5.4,2.0,2.0,,1.0,,,,17.0,,16.0,7.0,23.0,0,,27.0,,,,
2021-22,9576225,20,57,Watford,Home,319847,157775,Ken Sema,ken-sema,M,True,,,,1.0,,1.0,,,3.0,,,,1.0,,,1.0,4.0,,,,1.0,,,,,,,,,28.0,,,,,,,,,5.0,,6.0,,,,,1.0,1.0,,,,3.0,,2.0,0,,9.0,1.0,,,
2021-22,9576225,20,57,Watford,Home,353224,176296,Ashley Fletcher,ashley-fletcher,F,True,,,,,,,,,,,,,,,,,,,,,,,,,,,,,,,,,,,,,,,,,,,,,,,,,,,,,,0,,,,,,
2021-22,9576225,20,57,Watford,Home,805096,208973,Francisco Sierralta,francisco-sierralta,D,False,,,2.0,6.0,8.0,14.0,1.0,9.0,2.0,,,,1.0,,,,4.0,13.0,,,2.0,,,,,,3.0,,,90.0,1.0,1.0,,,,,,,18.0,,6.6,,,,8.0,,,,10.0,,20.0,12.0,32.0,1,2.0,55.0,,2.0,,1.0
2021-22,9576225,20,57,Watford,Home,844424,230251,Emmanuel Dennis,emmanuel-dennis,F,False,1.0,,,11.0,1.0,11.0,2.0,,5.0,,1.0,,,,,4.0,8.0,5.0,,,,,1.0,,,,,,,90.0,2.0,,,,,,,,21.0,,6.8,,,,,3.0,4.0,,,,19.0,2.0,17.0,2,2.0,45.0,5.0,2.0,1.0,2.0
2021-22,9576225,20,57,Watford,Home,887055,244716,Cucho Hernández,cucho-hernandez,F,False,,,1.0,9.0,2.0,11.0,4.0,2.0,3.0,,,,,,,,4.0,4.0,,,,,,,,,,,,45.0,,,,,,,,,10.0,,6.5,,,1.0,,,,,4.0,,17.0,3.0,20.0,1,1.0,27.0,1.0,1.0,,1.0
2021-22,9576225,20,57,Watford,Home,965943,471471,Imrân Louza,imran-louza,M,True,2.0,,4.0,20.0,9.0,27.0,1.0,,8.0,,,,,,,,2.0,1.0,,,,,,,,,2.0,2.0,,50.0,,,,,,,,,11.0,,7.1,,,,,1.0,6.0,,5.0,,27.0,12.0,33.0,0,1.0,46.0,,,,
2021-22,9576225,20,57,Watford,Home,975079,475168,João Pedro,joao-pedro,F,True,,,1.0,7.0,2.0,9.0,1.0,,2.0,2.0,,2.0,,,,,2.0,5.0,,,1.0,,,,,,,3.0,,45.0,,,,,,,,,6.0,,7.7,,,1.0,,4.0,1.0,,1.0,,9.0,3.0,11.0,3,,26.0,3.0,1.0,4.0,
2021-22,9576225,20,57,Watford,Home,1004344,242183,James Morris,james-morris,D,True,,,,,,,,,,,,,,,,,,,,,,,,,,,,,,,,,,,,,,,,,,,,,,,,,,,,,,0,,,,,,
2021-22,9576225,20,57,Watford,Home,1167601,563883,Vincent Angelini,vincent-angelini,G,True,,,,,,,,,,,,,,,,,,,,,,,,,,,,,,,,,,,,,,,,,,,,,,,,,,,,,,0,,,,,,
2021-22,9576225,20,57,Watford,Home,1170160,468243,Kamil Conteh,kamil-conteh,M,True,,,,,,,,,,,,,,,,,,,,,,,,,,,,,,,,,,,,,,,,,,,,,,,,,,,,,,0,,,,,,
2021-22,9576171,21,57,Watford,Home,19343,40387,Dan Gosling,dan-gosling,D,True,,,,,,,,,,,,,,,,,,,,,,,,,,,,,,,,,,,,,,,,,,,,,,,,,,,,,,0,,,,,,
2021-22,9576171,21,57,Watford,Home,22200,41338,Craig Cathcart,craig-cathcart,D,False,,,1.0,4.0,13.0,17.0,2.0,,3.0,,,,,,,1.0,4.0,2.0,,,1.0,,,,,,,,,90.0,,3.0,,,,,,,9.0,,6.9,,,,4.0,,1.0,,4.0,,10.0,14.0,23.0,0,2.0,43.0,,,,
2021-22,9576171,21,57,Watford,Home,27014,45268,Moussa Sissoko,moussa-sissoko,M,False,,,,2.0,14.0,16.0,3.0,1.0,15.0,,,,,,,,4.0,2.0,,,,,,,,,,,,90.0,,1.0,,,,,,,9.0,,6.7,,,,4.0,2.0,,,1.0,,6.0,16.0,22.0,0,,36.0,2.0,,1.0,
2021-22,9576171,21,57,Watford,Home,46432,43250,Tom Cleverley,tom-cleverley,M,True,,,,,,,,,,,,,,,,,,,,,,,,,,,,,,10.0,,,,,,,,,,,6.4,,,,,,,,,,,,,0,,,,,,
2021-22,9576171,21,57,Watford,Home,48563,69143,Juraj Kucka,juraj-kucka,M,False,,,1.0,6.0,13.0,19.0,3.0,7.0,11.0,,,,,,,,5.0,13.0,,,1.0,,,,,,3.0,,,90.0,,,,,,,,,19.0,,7.0,,,,8.0,1.0,,,7.0,1.0,15.0,18.0,33.0,0,3.0,58.0,4.0,3.0,,2.0
2021-22,9576171,21,57,Watford,Home,100621,78007,Joshua King,joshua-king,F,False,,,,5.0,5.0,10.0,4.0,4.0,2.0,,,,,,,4.0,10.0,7.0,,,1.0,,,,,,,2.0,,90.0,1.0,,,,,,,,11.0,,7.0,,,1.0,2.0,2.0,1.0,,,,8.0,6.0,13.0,2,,29.0,1.0,2.0,1.0,
2021-22,9576171,21,57,Watford,Home,251907,,Ozan Tufan,ozan-tufan,M,True,,,,,,,,,,,,,,,,,,,,,,,,,,,,,,,,,,,,,,,,,,,,,,,,,,,,,,0,,,,,,
2021-22,9576171,21,57,Watford,Home,259995,155651,Adam Masina,adam-masina,D,False,,,2.0,5.0,14.0,19.0,2.0,1.0,6.0,,,,4.0,,,,7.0,3.0,,,1.0,,,,,,1.0,,,90.0,,,,,,,,,12.0,,6.0,,,,4.0,1.0,,,9.0,,11.0,17.0,28.0,0,1.0,44.0,1.0,,1.0,
2021-22,9576171,21,57,Watford,Home,288019,154506,Daniel Bachmann,daniel-bachmann,G,False,,,13.0,11.0,9.0,20.0,,,12.0,,,,,,,,,,,,,,,,,,,,,90.0,,,,,,,,,15.0,,8.2,3.0,9.0,,1.0,,,,28.0,,25.0,10.0,35.0,0,,50.0,,,,
2021-22,9576171,21,57,Watford,Home,319847,157775,Ken Sema,ken-sema,M,False,,,1.0,2.0,2.0,4.0,1.0,2.0,7.0,,,,2.0,,,,6.0,7.0,,,2.0,,,,,,2.0,1.0,,89.0,1.0,,,,,,,,11.0,,6.9,,,,,3.0,1.0,,3.0,,8.0,2.0,9.0,1,3.0,26.0,4.0,,2.0,1.0
2021-22,9576171,21,57,Watford,Home,338991,131304,William Troost-Ekong,william-troost-ekong,D,False,,,4.0,4.0,14.0,18.0,2.0,1.0,5.0,,,,1.0,,,,3.0,2.0,,,,,,,,,,,,90.0,,1.0,,,,,,,6.0,,6.6,,,,5.0,,,,9.0,,9.0,15.0,24.0,0,1.0,35.0,,,,
2021-22,9576171,21,57,Watford,Home,353224,176296,Ashley Fletcher,ashley-fletcher,F,True,,,,,,,,,,,,,,,,,,,,,,,,,,,,,,,,,,,,,,,,,,,,,,,,,,,,,,0,,,,,,
2021-22,9576171,21,57,Watford,Home,805096,208973,Francisco Sierralta,francisco-sierralta,D,False,,,,1.0,14.0,15.0,,4.0,1.0,,,,1.0,,,,1.0,6.0,,,,,,,,,2.0,,,90.0,,1.0,,,,,,,8.0,,7.2,,,,8.0,,,,3.0,,4.0,18.0,22.0,0,2.0,38.0,,,,1.0
2021-22,9576171,21,57,Watford,Home,844424,230251,Emmanuel Dennis,emmanuel-dennis,F,False,,,,3.0,2.0,5.0,1.0,1.0,,,,,2.0,,,2.0,8.0,2.0,,,,,,,,,,,,45.0,1.0,,,,,,,,12.0,,6.2,,,,,4.0,,,,,6.0,4.0,10.0,1,,21.0,2.0,,1.0,
2021-22,9576171,21,57,Watford,Home,887055,244716,Cucho Hernández,cucho-hernandez,F,True,,,,,,,1.0,,,,,,,,,,1.0,,,,,,,,,,,,,1.0,,,,,,,,,,,,,,,,,,,,,,,,0,,,,,,
2021-22,9576171,21,57,Watford,Home,965943,471471,Imrân Louza,imran-louza,M,False,1.0,,3.0,8.0,14.0,21.0,1.0,,5.0,,,,2.0,,,,3.0,9.0,,1.0,,,,,,,,1.0,,89.0,,,,,,,,,11.0,,7.3,,,,4.0,3.0,5.0,,5.0,,16.0,14.0,25.0,0,4.0,48.0,2.0,2.0,3.0,4.0
2021-22,9576171,21,57,Watford,Home,975079,475168,João Pedro,joao-pedro,F,True,,,,2.0,2.0,4.0,2.0,3.0,,,,,1.0,,,,5.0,6.0,,,,,,,,,,,,45.0,1.0,,,,,,,,9.0,,6.6,,,1.0,,3.0,1.0,,1.0,,6.0,2.0,7.0,2,,18.0,3.0,2.0,1.0,
2021-22,9576171,21,57,Watford,Home,991595,232391,Jeremy Ngakia,jeremy-ngakia,D,True,,,,,,,,,,,,,,,,,,,,,,,,,,,,,,,,,,,,,,,,,,,,,,,,,,,,,,0,,,,,,
2021-22,9576171,21,57,Watford,Home,1004344,242183,James Morris,james-morris,D,True,,,,,,,,,,,,,,,,,,,,,,,,,,,,,,,,,,,,,,,,,,,,,,,,,,,,,,0,,,,,,
2021-22,9576171,21,57,Watford,Home,1167601,563883,Vincent Angelini,vincent-angelini,G,True,,,,,,,,,,,,,,,,,,,,,,,,,,,,,,,,,,,,,,,,,,,,,,,,,,,,,,0,,,,,,
2021-22,9576349,22,57,Watford,Away,10599,9089,Ben Foster,ben-foster,G,False,,1.0,9.0,5.0,10.0,15.0,,,4.0,,,,,,,,,,,,,,,,,,,,,90.0,,,,,,,,,12.0,1.0,6.4,,,,1.0,,,1.0,21.0,,11.0,16.0,27.0,0,,31.0,,,,
2021-22,9576349,22,57,Watford,Away,22200,41338,Craig Cathcart,craig-cathcart,D,False,,,3.0,10.0,31.0,41.0,2.0,4.0,4.0,,,,,,,,3.0,7.0,,,1.0,,,,,,,1.0,,90.0,,,,,,,,,4.0,,7.2,,,,7.0,,,,5.0,,12.0,32.0,44.0,0,3.0,59.0,1.0,,,2.0
2021-22,9576349,22,57,Watford,Away,27014,45268,Moussa Sissoko,moussa-sissoko,M,False,,,,6.0,11.0,17.0,2.0,3.0,1.0,,1.0,,,,,2.0,5.0,5.0,,,1.0,,,,,,2.0,,,90.0,,1.0,,,,,,,11.0,,6.4,,,1.0,3.0,1.0,1.0,,1.0,,11.0,13.0,23.0,1,1.0,38.0,2.0,,1.0,
2021-22,9576349,22,57,Watford,Away,46432,43250,Tom Cleverley,tom-cleverley,M,True,,,,1.0,4.0,5.0,,,,,,,,,,,1.0,,,,1.0,,,,,,,,,13.0,,,,,,,,,1.0,,6.5,,,,,,1.0,,,,2.0,4.0,5.0,0,,7.0,,,,
2021-22,9576349,22,57,Watford,Away,48563,69143,Juraj Kucka,juraj-kucka,M,False,,,2.0,13.0,12.0,25.0,3.0,1.0,7.0,,,1.0,3.0,,,,9.0,3.0,,,2.0,,,,,,2.0,1.0,,77.0,,,,,,,,,9.0,,6.4,,,,2.0,1.0,,,2.0,,15.0,14.0,29.0,1,,45.0,4.0,2.0,,
2021-22,9576349,22,57,Watford,Away,53739,54484,Kiko Femenía,kiko-femenia,D,True,1.0,,2.0,10.0,8.0,17.0,,,3.0,,,1.0,,,,,,2.0,,,,1.0,,,,,,1.0,,24.0,,,,,,,,,4.0,,7.2,,,,,,3.0,,3.0,,14.0,8.0,19.0,1,2.0,30.0,,,,1.0
2021-22,9576349,22,57,Watford,Away,58351,85624,Christian Kabasele,christian-kabasele,D,True,,,,,,,,,,,,,,,,,,,,,,,,,,,,,,,,,,,,,,,,,,,,,,,,,,,,,,0,,,,,,
2021-22,9576349,22,57,Watford,Away,100621,78007,Joshua King,joshua-king,F,False,1.0,,,11.0,8.0,18.0,10.0,3.0,4.0,,1.0,,1.0,,,4.0,18.0,7.0,,,3.0,,,,,,,3.0,,90.0,1.0,,,,,,,,13.0,,6.7,,,3.0,1.0,1.0,2.0,,,,14.0,9.0,21.0,4,1.0,42.0,3.0,3.0,,1.0
2021-22,9576349,22,57,Watford,Away,251907,,Ozan Tufan,ozan-tufan,M,True,,,,,,,,,,,,,,,,,,,,,,,,,,,,,,,,,,,,,,,,,,,,,,,,,,,,,,0,,,,,,
2021-22,9576349,22,57,Watford,Away,288019,154506,Daniel Bachmann,daniel-bachmann,G,True,,,,,,,,,,,,,,,,,,,,,,,,,,,,,,,,,,,,,,,,,,,,,,,,,,,,,,0,,,,,,
2021-22,9576349,22,57,Watford,Away,319847,157775,Ken Sema,ken-sema,M,True,,,,,,,,,,,,,,,,,,,,,,,,,,,,,,,,,,,,,,,,,,,,,,,,,,,,,,0,,,,,,
2021-22,9576349,22,57,Watford,Away,331405,162651,Samir Caetano,samir-caetano,D,False,,,1.0,1.0,29.0,30.0,2.0,5.0,1.0,,,,1.0,,,1.0,6.0,9.0,,,2.0,,,,,,5.0,,,90.0,1.0,1.0,,,,,,,7.0,,7.2,,,,5.0,,,,6.0,,5.0,31.0,36.0,1,3.0,57.0,,2.0,,2.0
2021-22,9576349,22,57,Watford,Away,351434,171099,Hassane Kamara,hassane-kamara,M,False,1.0,,2.0,8.0,26.0,33.0,,3.0,8.0,,,,1.0,,,,2.0,8.0,,,1.0,,,,,,5.0,1.0,,90.0,,,,,,,,,19.0,,7.3,,,,2.0,2.0,2.0,,11.0,,16.0,33.0,47.0,0,3.0,75.0,,,2.0,2.0
2021-22,9576349,22,57,Watford,Away,805096,208973,Francisco Sierralta,francisco-sierralta,D,True,,,,,,,,,,,,,,,,,,,,,,,,,,,,,,,,,,,,,,,,,,,,,,,,,,,,,,0,,,,,,
2021-22,9576349,22,57,Watford,Away,844424,230251,Emmanuel Dennis,emmanuel-dennis,F,False,,,,12.0,3.0,15.0,1.0,1.0,6.0,1.0,,1.0,2.0,,,3.0,11.0,10.0,,,1.0,,,,,,,2.0,,84.0,,,,,,,,,17.0,,6.9,,,1.0,,10.0,,,,1.0,19.0,4.0,23.0,2,1.0,46.0,2.0,2.0,6.0,1.0
2021-22,9576349,22,57,Watford,Away,887055,244716,Cucho Hernández,cucho-hernandez,F,True,,,,3.0,3.0,6.0,1.0,1.0,3.0,,,,,,,,2.0,1.0,,,,,,,,,,,,11.0,,,,,,,,,2.0,,6.4,,,,,1.0,,,,,3.0,4.0,7.0,0,,8.0,,,,
2021-22,9576349,22,57,Watford,Away,917305,442335,Edo Kayembe,edo-kayembe,M,False,,,4.0,16.0,30.0,46.0,5.0,2.0,11.0,1.0,,1.0,,,,1.0,7.0,5.0,,,,,,,,,1.0,2.0,,90.0,,,,,,,,,14.0,,7.3,,,1.0,5.0,2.0,2.0,,7.0,,25.0,33.0,56.0,2,1.0,75.0,,1.0,1.0,1.0
2021-22,9576349,22,57,Watford,Away,975079,475168,João Pedro,joao-pedro,F,False,,,1.0,17.0,3.0,20.0,5.0,2.0,2.0,,,3.0,,,,6.0,14.0,6.0,,,1.0,,1.0,,,,,1.0,,90.0,3.0,,,,,,,,17.0,,7.3,,,,,4.0,,,1.0,,20.0,7.0,27.0,6,,51.0,2.0,2.0,2.0,
2021-22,9576349,22,57,Watford,Away,991595,232391,Jeremy Ngakia,jeremy-ngakia,D,False,2.0,,2.0,6.0,9.0,13.0,,2.0,3.0,,,,3.0,,,,3.0,7.0,,,,,,,,,2.0,1.0,,66.0,,1.0,,,,,,,8.0,,7.0,,,,2.0,,4.0,,5.0,,9.0,12.0,17.0,0,4.0,37.0,1.0,1.0,,1.0
2021-22,9576349,22,57,Watford,Away,1004344,242183,James Morris,james-morris,D,True,,,,,,,,,,,,,,,,,,,,,,,,,,,,,,,,,,,,,,,,,,,,,,,,,,,,,,0,,,,,,
2021-22,9576363,23,57,Watford,Home,20581,19838,Robert Elliot,robert-elliot,G,True,,,,,,,,,,,,,,,,,,,,,,,,,,,,,,,,,,,,,,,,,,,,,,,,,,,,,,0,,,,,,
2021-22,9576363,23,57,Watford,Home,27014,45268,Moussa Sissoko,moussa-sissoko,M,False,,,1.0,20.0,17.0,37.0,1.0,,8.0,,1.0,1.0,,,,,3.0,2.0,,,2.0,,,,,,1.0,2.0,,90.0,,,,,,,,,13.0,,6.3,,,1.0,,1.0,,,2.0,1.0,30.0,19.0,49.0,2,,58.0,1.0,1.0,1.0,
2021-22,9576363,23,57,Watford,Home,46432,43250,Tom Cleverley,tom-cleverley,M,False,2.0,,3.0,15.0,10.0,23.0,2.0,,5.0,,,1.0,,,,,4.0,1.0,,,2.0,,,,,,,2.0,,59.0,,1.0,,,,,,,7.0,,6.9,,,,,,2.0,,5.0,,20.0,12.0,30.0,1,,35.0,,1.0,,
2021-22,9576363,23,57,Watford,Home,48563,69143,Juraj Kucka,juraj-kucka,M,True,,,1.0,4.0,4.0,8.0,,,1.0,,,,,,,,,,,,,,,,,,,,,16.0,,,1.0,,,,,,2.0,,6.2,,,,,,,,2.0,,6.0,4.0,10.0,0,,14.0,,,,
2021-22,9576363,23,57,Watford,Home,53739,54484,Kiko Femenía,kiko-femenia,D,False,,,1.0,24.0,22.0,46.0,2.0,1.0,8.0,,,,1.0,,,,3.0,5.0,,,,,,,,,2.0,1.0,,89.0,,,,,,,,,12.0,,6.7,,,,,1.0,2.0,,4.0,,34.0,24.0,56.0,0,2.0,70.0,,1.0,1.0,1.0
2021-22,9576363,23,57,Watford,Home,58351,85624,Christian Kabasele,christian-kabasele,D,False,,,7.0,14.0,54.0,68.0,1.0,3.0,5.0,,,,,,,,1.0,3.0,,,,,,,,,2.0,1.0,,90.0,,1.0,,,,,,,10.0,,6.8,,,,3.0,,,,11.0,,21.0,57.0,78.0,0,,84.0,,,,
2021-22,9576363,23,57,Watford,Home,100621,78007,Joshua King,joshua-king,F,False,,,1.0,14.0,8.0,22.0,2.0,2.0,3.0,1.0,,1.0,2.0,,,,7.0,10.0,,,3.0,,,,,,,1.0,,90.0,,,,,,,,,10.0,,7.4,,,1.0,,6.0,1.0,,1.0,,18.0,9.0,26.0,2,1.0,45.0,5.0,1.0,6.0,1.0
2021-22,9576363,23,57,Watford,Home,251907,,Ozan Tufan,ozan-tufan,M,True,,,,,,,,,,,,,,,,,,,,,,,,,,,,,,,,,,,,,,,,,,,,,,,,,,,,,,0,,,,,,
2021-22,9576363,23,57,Watford,Home,288019,154506,Daniel Bachmann,daniel-bachmann,G,False,,,5.0,3.0,11.0,14.0,,,2.0,,,,,,,,,,,,,,,,,,,,,90.0,,,,,,,,,8.0,,5.7,,,,,,,,12.0,,9.0,13.0,22.0,0,,23.0,,,,
2021-22,9576363,23,57,Watford,Home,319847,157775,Ken Sema,ken-sema,M,True,1.0,,1.0,7.0,7.0,13.0,,,2.0,,,,,,,1.0,1.0,2.0,,,,,,,,,1.0,,,21.0,,,,,,,,,6.0,,6.7,,,,,,3.0,,2.0,,11.0,8.0,16.0,0,2.0,26.0,,,,1.0
2021-22,9576363,23,57,Watford,Home,331405,162651,Samir Caetano,samir-caetano,D,False,,,6.0,15.0,49.0,64.0,1.0,3.0,6.0,,,,1.0,,,2.0,8.0,10.0,1.0,,3.0,,,,,,3.0,,,90.0,1.0,1.0,,,,,,,11.0,,6.2,,,,2.0,1.0,,,12.0,,20.0,51.0,71.0,1,4.0,90.0,1.0,3.0,,3.0
2021-22,9576363,23,57,Watford,Home,351434,171099,Hassane Kamara,hassane-kamara,M,False,,,4.0,22.0,22.0,44.0,2.0,3.0,6.0,,,,,,,,4.0,6.0,,,2.0,,,,,,,,,84.0,,,,,,,,,16.0,,6.6,,,,,1.0,4.0,,7.0,,28.0,28.0,52.0,0,1.0,71.0,1.0,1.0,1.0,1.0
2021-22,9576363,23,57,Watford,Home,353224,176296,Ashley Fletcher,ashley-fletcher,F,True,,,,,,,,,,,,,,,,,,,,,,,,,,,,,,,,,,,,,,,,,,,,,,,,,,,,,,0,,,,,,
2021-22,9576363,23,57,Watford,Home,805096,208973,Francisco Sierralta,francisco-sierralta,D,True,,,,,,,,,,,,,,,,,,,,,,,,,,,,,,,,,,,,,,,,,,,,,,,,,,,,,,0,,,,,,
2021-22,9576363,23,57,Watford,Home,844424,230251,Emmanuel Dennis,emmanuel-dennis,F,False,,,,13.0,5.0,18.0,2.0,3.0,3.0,,,,,,,2.0,8.0,9.0,,,3.0,,,,,,,1.0,,78.0,,,,,,,,,16.0,,6.3,,,1.0,,4.0,1.0,,,,21.0,5.0,25.0,1,1.0,41.0,4.0,2.0,3.0,
2021-22,9576363,23,57,Watford,Home,887055,244716,Cucho Hernández,cucho-hernandez,F,True,,,2.0,10.0,3.0,13.0,1.0,,,,1.0,,,,,,2.0,,,,,,,,,1.0,,,,31.0,2.0,,,,,,,,8.0,,6.6,,,1.0,,1.0,2.0,,2.0,,17.0,3.0,18.0,3,,25.0,,,,
2021-22,9576363,23,57,Watford,Home,917305,442335,Edo Kayembe,edo-kayembe,M,False,1.0,,7.0,39.0,27.0,65.0,1.0,1.0,13.0,,,,2.0,,,1.0,5.0,5.0,,,,,,,,,,2.0,,90.0,,,,,,,,,15.0,,6.8,,,,,3.0,3.0,,10.0,,47.0,32.0,76.0,0,2.0,86.0,,,2.0,2.0
2021-22,9576363,23,57,Watford,Home,975079,475168,João Pedro,joao-pedro,F,False,1.0,,3.0,26.0,4.0,29.0,1.0,4.0,5.0,,,1.0,1.0,,,3.0,9.0,14.0,,,1.0,,,,,,,1.0,,90.0,1.0,,,,,,,,21.0,,7.5,,,3.0,,11.0,4.0,,4.0,,34.0,6.0,36.0,5,1.0,72.0,4.0,1.0,8.0,1.0
2021-22,9576363,23,57,Watford,Home,991595,232391,Jeremy Ngakia,jeremy-ngakia,D,True,,,,,,,,,,,,,,,,,,,,,,,,,,,,,,,,,,,,,,,,,,,,,,,,,,,,,,0,,,,,,
2021-22,9576363,23,57,Watford,Home,1004344,242183,James Morris,james-morris,D,True,,,,,,,,,,,,,,,,,,,,,,,,,,,,,,,,,,,,,,,,,,,,,,,,,,,,,,0,,,,,,
2021-22,9576351,24,57,Watford,Away,10599,9089,Ben Foster,ben-foster,G,False,,,6.0,5.0,4.0,9.0,,,2.0,,,,,,,,,,,,,,,-0.7313,,,,,,90.0,,,,,,,,,17.0,,6.4,1.0,1.0,,,,,,23.0,,19.0,7.0,26.0,0,,29.0,,,,
2021-22,9576351,24,57,Watford,Away,22200,41338,Craig Cathcart,craig-cathcart,D,False,,,4.0,8.0,17.0,25.0,1.0,1.0,4.0,,,,,1.0,,,1.0,3.0,,,,,,,,,,,,90.0,,1.0,,,,,,,7.0,,7.3,,,,3.0,,,,4.0,,11.0,21.0,32.0,0,1.0,39.0,,1.0,,1.0
2021-22,9576351,24,57,Watford,Away,27014,45268,Moussa Sissoko,moussa-sissoko,M,False,1.0,,3.0,20.0,13.0,32.0,3.0,1.0,5.0,,,,1.0,,,1.0,6.0,5.0,,,,,,,,,,2.0,,90.0,,,,,,,,,5.0,,6.9,,,1.0,1.0,3.0,1.0,,4.0,,22.0,13.0,34.0,1,2.0,48.0,1.0,,2.0,1.0
2021-22,9576351,24,57,Watford,Away,46432,43250,Tom Cleverley,tom-cleverley,M,False,,,,10.0,7.0,17.0,5.0,1.0,8.0,,,,,,,1.0,6.0,3.0,,,,,,,,,,,,77.0,1.0,,,,,,,,12.0,,6.7,,,1.0,,1.0,,,2.0,,13.0,14.0,27.0,2,1.0,38.0,1.0,,1.0,1.0
2021-22,9576351,24,57,Watford,Away,48563,69143,Juraj Kucka,juraj-kucka,M,False,,,,9.0,5.0,14.0,4.0,3.0,4.0,,,,3.0,,,1.0,11.0,6.0,,,1.0,,,,,,,,,90.0,,,,,,,,,20.0,,6.1,,,1.0,1.0,3.0,,,1.0,,22.0,7.0,29.0,1,2.0,41.0,2.0,,1.0,1.0
2021-22,9576351,24,57,Watford,Away,53739,54484,Kiko Femenía,kiko-femenia,D,False,1.0,,,13.0,10.0,22.0,,2.0,5.0,,,,,,,1.0,3.0,2.0,,,1.0,,,,,,3.0,,,78.0,,,,,,,,,19.0,,6.6,,,,3.0,1.0,8.0,,3.0,,24.0,14.0,30.0,0,,58.0,,,,
2021-22,9576351,24,57,Watford,Away,58351,85624,Christian Kabasele,christian-kabasele,D,True,,,,,,,,,,,,,,,,,,,,,,,,,,,,,,,,,,,,,,,,,,,,,,,,,,,,,,0,,,,,,
2021-22,9576351,24,57,Watford,Away,100621,78007,Joshua King,joshua-king,F,False,,,,16.0,4.0,20.0,5.0,5.0,4.0,,,,,,,,7.0,6.0,,,1.0,,,,,,,1.0,,90.0,,,,,,,,,14.0,,6.6,,,,,2.0,,,,1.0,22.0,5.0,27.0,0,,40.0,5.0,,1.0,
2021-22,9576351,24,57,Watford,Away,259995,155651,Adam Masina,adam-masina,D,True,,,,,,,,,,,,,,,,,,,,,,,,,,,,,,,,,,,,,,,,,,,,,,,,,,,,,,0,,,,,,
2021-22,9576351,24,57,Watford,Away,288019,154506,Daniel Bachmann,daniel-bachmann,G,True,,,,,,,,,,,,,,,,,,,,,,,,,,,,,,,,,,,,,,,,,,,,,,,,,,,,,,0,,,,,,
2021-22,9576351,24,57,Watford,Away,319847,157775,Ken Sema,ken-sema,M,True,,,,,,,,,,,,,,,,,,,,,,,,,,,,,,,,,,,,,,,,,,,,,,,,,,,,,,0,,,,,,
2021-22,9576351,24,57,Watford,Away,331405,162651,Samir Caetano,samir-caetano,D,False,,,,3.0,15.0,18.0,9.0,3.0,1.0,,,,1.0,,,,11.0,6.0,,,1.0,,,,,,3.0,,,90.0,,1.0,,,,,,,5.0,,6.9,,,,7.0,,,,4.0,,6.0,17.0,23.0,0,3.0,40.0,,,,
2021-22,9576351,24,57,Watford,Away,351434,171099,Hassane Kamara,hassane-kamara,M,False,1.0,,1.0,10.0,20.0,29.0,1.0,5.0,12.0,,,,3.0,,,,5.0,9.0,,,,,,,,,4.0,1.0,,90.0,,1.0,,,,,,,22.0,,7.3,,,1.0,9.0,1.0,2.0,,7.0,,20.0,24.0,42.0,1,4.0,79.0,1.0,,,4.0
2021-22,9576351,24,57,Watford,Away,833030,225702,Samuel Kalu,samuel-kalu,M,True,,,,,,,,,,,,,,,,,,,,,,,,,,,,,,,,,,,,,,,,,,,,,,,,,,,,,,0,,,,,,
2021-22,9576351,24,57,Watford,Away,844424,230251,Emmanuel Dennis,emmanuel-dennis,F,False,1.0,,,11.0,4.0,14.0,10.0,1.0,4.0,,,1.0,1.0,,,2.0,15.0,6.0,,,,,,,,,,1.0,,90.0,,,,,,,,,15.0,,6.6,,,,1.0,5.0,2.0,,,,16.0,4.0,18.0,1,2.0,44.0,5.0,,3.0,2.0
2021-22,9576351,24,57,Watford,Away,887055,244716,Cucho Hernández,cucho-hernandez,F,True,,,,,,,,,,,,,,,,,,,,,,,,,,,,,,,,,,,,,,,,,,,,,,,,,,,,,,0,,,,,,
2021-22,9576351,24,57,Watford,Away,917305,442335,Edo Kayembe,edo-kayembe,M,False,,,1.0,15.0,10.0,25.0,2.0,2.0,7.0,,,,,,,1.0,5.0,5.0,,,2.0,,,,,,1.0,,,77.0,,,,,,,,,12.0,,6.7,,,,2.0,2.0,1.0,,3.0,,23.0,11.0,33.0,0,1.0,44.0,2.0,,2.0,1.0
2021-22,9576351,24,57,Watford,Away,965943,471471,Imrân Louza,imran-louza,M,True,,,,2.0,4.0,6.0,1.0,,1.0,,,,,,,,1.0,,,,,,,,,,,,,13.0,,,,,,,,,1.0,,6.5,,,,,,1.0,,,,3.0,4.0,6.0,0,,7.0,,,,
2021-22,9576351,24,57,Watford,Away,975079,475168,João Pedro,joao-pedro,F,True,,,1.0,2.0,,2.0,,1.0,,,,,,,,,1.0,5.0,,,,,,,,,1.0,,,13.0,,,,,,,,,3.0,,7.0,,,,,5.0,,,1.0,,3.0,,3.0,0,,11.0,1.0,,4.0,
2021-22,9576351,24,57,Watford,Away,991595,232391,Jeremy Ngakia,jeremy-ngakia,D,True,,,,1.0,1.0,2.0,1.0,,1.0,,,,,,,,1.0,1.0,,,,,,,,,,,,12.0,,,,,,,,,4.0,,6.6,,,,1.0,,1.0,,1.0,,3.0,3.0,5.0,0,1.0,9.0,,,,1.0
2021-22,9576449,25,57,Watford,Home,10599,9089,Ben Foster,ben-foster,G,False,,1.0,4.0,3.0,4.0,7.0,,,8.0,,,,,,,,,1.0,,,,,,-0.3877,1.0,,,,,90.0,,,,,,,,,17.0,,6.5,2.0,3.0,,,,,1.0,21.0,,19.0,5.0,24.0,0,,33.0,,1.0,,
2021-22,9576449,25,57,Watford,Home,22200,41338,Craig Cathcart,craig-cathcart,D,False,,,2.0,5.0,17.0,22.0,1.0,3.0,8.0,,,1.0,,,,,1.0,5.0,,,,,,,,,,,,90.0,,,,,,,,,6.0,,6.7,,,,7.0,,,,5.0,,9.0,19.0,28.0,1,2.0,40.0,,,,2.0
2021-22,9576449,25,57,Watford,Home,27014,45268,Moussa Sissoko,moussa-sissoko,M,False,,,,16.0,6.0,22.0,4.0,,5.0,,,,1.0,,,4.0,11.0,5.0,,,1.0,,,,,,,2.0,,90.0,,,,,,,,,15.0,,6.3,,,,2.0,3.0,,,,,20.0,8.0,28.0,0,3.0,47.0,4.0,,2.0,2.0
2021-22,9576449,25,57,Watford,Home,46432,43250,Tom Cleverley,tom-cleverley,M,False,,,,6.0,7.0,13.0,,,6.0,,,,1.0,,,1.0,3.0,2.0,,,1.0,,,,,,,,,70.0,,1.0,,,,,,,9.0,,6.6,,,,1.0,,1.0,,2.0,,11.0,9.0,19.0,0,2.0,29.0,,,,2.0
2021-22,9576449,25,57,Watford,Home,48563,69143,Juraj Kucka,juraj-kucka,M,False,1.0,,1.0,6.0,7.0,12.0,,,6.0,,,,2.0,,,1.0,3.0,4.0,,,,,,,,,1.0,2.0,,45.0,,,,,,,,,5.0,,7.0,,,,,,1.0,,1.0,,6.0,11.0,16.0,0,4.0,28.0,,,,3.0
2021-22,9576449,25,57,Watford,Home,53739,54484,Kiko Femenía,kiko-femenia,D,False,1.0,,3.0,16.0,13.0,28.0,,,7.0,,,,1.0,1.0,,,1.0,2.0,,,,,,,,,,2.0,,90.0,,2.0,,,,,,,26.0,,7.4,,,,3.0,,9.0,,5.0,,31.0,19.0,41.0,0,,69.0,4.0,2.0,,
2021-22,9576449,25,57,Watford,Home,58351,85624,Christian Kabasele,christian-kabasele,D,True,,,,,,,,,,,,,,,,,,,,,,,,,,,,,,,,,,,,,,,,,,,,,,,,,,,,,,0,,,,,,
2021-22,9576449,25,57,Watford,Home,100621,78007,Joshua King,joshua-king,F,False,,,1.0,8.0,3.0,11.0,11.0,4.0,1.0,,,,,,,,16.0,8.0,,,5.0,,,,,,,,,90.0,,1.0,,,,,,,12.0,,6.9,,,2.0,1.0,4.0,1.0,,2.0,,15.0,4.0,18.0,2,1.0,39.0,2.0,,3.0,1.0
2021-22,9576449,25,57,Watford,Home,259995,155651,Adam Masina,adam-masina,D,True,,,,,,,,,,,,,,,,,,,,,,,,,,,,,,,,,,,,,,,,,,,,,,,,,,,,,,0,,,,,,
2021-22,9576449,25,57,Watford,Home,288019,154506,Daniel Bachmann,daniel-bachmann,G,True,,,,,,,,,,,,,,,,,,,,,,,,,,,,,,,,,,,,,,,,,,,,,,,,,,,,,,0,,,,,,
2021-22,9576449,25,57,Watford,Home,319847,157775,Ken Sema,ken-sema,M,True,,,,,,,,,,,,,,,,,,,,,,,,,,,,,,,,,,,,,,,,,,,,,,,,,,,,,,0,,,,,,
2021-22,9576449,25,57,Watford,Home,331405,162651,Samir Caetano,samir-caetano,D,False,,,1.0,5.0,20.0,25.0,2.0,1.0,8.0,,,,,,,,3.0,1.0,,,1.0,,,,,,5.0,,,90.0,,,,,,,,,6.0,,6.5,,,,3.0,,,,5.0,,8.0,23.0,31.0,0,,42.0,,,,
2021-22,9576449,25,57,Watford,Home,351434,171099,Hassane Kamara,hassane-kamara,M,False,,,1.0,9.0,8.0,17.0,1.0,,10.0,,,,,,,2.0,6.0,4.0,,,2.0,,,,,,2.0,,,90.0,,,,,,,,,21.0,,6.1,,,,1.0,1.0,,,9.0,,18.0,11.0,29.0,0,3.0,56.0,2.0,1.0,,
2021-22,9576449,25,57,Watford,Home,844424,230251,Emmanuel Dennis,emmanuel-dennis,F,False,,,,10.0,2.0,12.0,3.0,,3.0,,,,1.0,,,2.0,10.0,5.0,,,3.0,,,,,1.0,1.0,,,90.0,,,,,,,,,19.0,,6.8,,,2.0,1.0,4.0,2.0,,,1.0,19.0,3.0,20.0,2,1.0,44.0,4.0,1.0,3.0,1.0
2021-22,9576449,25,57,Watford,Home,845286,232185,Ismaïla Sarr,ismaila-sarr,F,True,,,,5.0,2.0,7.0,1.0,,2.0,,,1.0,1.0,,,1.0,5.0,2.0,,,,,,,,,,,,45.0,1.0,,,,,,,,10.0,,6.5,,,1.0,,2.0,1.0,,,,9.0,2.0,10.0,3,,24.0,3.0,2.0,,
2021-22,9576449,25,57,Watford,Home,887055,244716,Cucho Hernández,cucho-hernandez,F,True,,,,,,,,,,,,,,,,,,,,,,,,,,,,,,,,,,,,,,,,,,,,,,,,,,,,,,0,,,,,,
2021-22,9576449,25,57,Watford,Home,917305,442335,Edo Kayembe,edo-kayembe,M,False,,,1.0,7.0,5.0,12.0,1.0,,4.0,,,,,,,,1.0,,,,,,,,,,,,,45.0,,,,,,,,,2.0,,6.5,,,,,,,,1.0,,8.0,6.0,14.0,0,,17.0,,,,
2021-22,9576449,25,57,Watford,Home,965943,471471,Imrân Louza,imran-louza,M,True,,,3.0,13.0,7.0,20.0,1.0,,7.0,,,1.0,2.0,,,1.0,8.0,2.0,,,3.0,,,,,,2.0,,,45.0,,,,,,,,,12.0,,6.4,,,,2.0,2.0,2.0,,6.0,,20.0,8.0,26.0,1,1.0,45.0,2.0,,1.0,1.0
2021-22,9576449,25,57,Watford,Home,975079,475168,João Pedro,joao-pedro,F,True,,,,3.0,5.0,8.0,4.0,,3.0,,,,,,,1.0,6.0,4.0,,,,,,,,,,,,20.0,,,,,,,,,10.0,,6.6,,,,,4.0,1.0,,,,5.0,7.0,11.0,0,1.0,24.0,4.0,,3.0,1.0
2021-22,9576449,25,57,Watford,Home,991595,232391,Jeremy Ngakia,jeremy-ngakia,D,True,,,,,,,,,,,,,,,,,,,,,,,,,,,,,,,,,,,,,,,,,,,,,,,,,,,,,,0,,,,,,
2021-22,9576420,26,57,Watford,Away,10599,9089,Ben Foster,ben-foster,G,False,,,7.0,5.0,5.0,10.0,,,12.0,,,,,,,,,,,,,,,0.0774,,,,,,90.0,,,,,,,,,18.0,,7.1,,1.0,,,,,,25.0,,20.0,8.0,28.0,0,,37.0,,,,
2021-22,9576420,26,57,Watford,Away,22200,41338,Craig Cathcart,craig-cathcart,D,False,,,5.0,9.0,29.0,38.0,,,1.0,,,,,,,,,1.0,,,,,,,,,1.0,,,90.0,,3.0,,,,,,,5.0,,7.5,,,,4.0,,,,8.0,,12.0,31.0,43.0,0,,54.0,,1.0,,
2021-22,9576420,26,57,Watford,Away,27014,45268,Moussa Sissoko,moussa-sissoko,M,False,,,,12.0,7.0,19.0,3.0,4.0,6.0,,1.0,,1.0,,,1.0,5.0,7.0,,,,,,,,,,,,90.0,,2.0,,,,,,,9.0,,6.8,,,1.0,6.0,1.0,,,1.0,,14.0,11.0,25.0,1,1.0,46.0,1.0,1.0,1.0,1.0
2021-22,9576420,26,57,Watford,Away,46432,43250,Tom Cleverley,tom-cleverley,M,False,,,3.0,12.0,14.0,26.0,2.0,,4.0,,,1.0,1.0,,,,4.0,3.0,,,1.0,,,,,,2.0,1.0,,90.0,1.0,,,,,,,,10.0,,7.0,,,,4.0,,,,6.0,,20.0,15.0,35.0,2,1.0,50.0,1.0,2.0,,
2021-22,9576420,26,57,Watford,Away,53739,54484,Kiko Femenía,kiko-femenia,D,False,,,1.0,15.0,21.0,36.0,,1.0,,,,,1.0,,,,2.0,2.0,,,,,,,,,,,,90.0,,,,,,,,,18.0,,6.8,,,,4.0,1.0,6.0,,2.0,,26.0,24.0,44.0,0,,66.0,1.0,1.0,,
2021-22,9576420,26,57,Watford,Away,58351,85624,Christian Kabasele,christian-kabasele,D,True,,,,,,,,,,,,,,,,,,1.0,,,,,,,,,,,,1.0,,,,,,,,,,,,,,,,,,,,,,,,0,,2.0,,1.0,,
2021-22,9576420,26,57,Watford,Away,100621,78007,Joshua King,joshua-king,F,False,,,,9.0,6.0,15.0,2.0,6.0,3.0,1.0,1.0,,,,,3.0,10.0,7.0,,,2.0,,,,,,1.0,1.0,,90.0,1.0,,,,,,,,13.0,,6.7,,,1.0,2.0,4.0,,,,,13.0,7.0,20.0,2,,37.0,2.0,,1.0,
2021-22,9576420,26,57,Watford,Away,259995,155651,Adam Masina,adam-masina,D,True,,,,,,,,,,,,,,,,,,,,,,,,,,,,,,,,,,,,,,,,,,,,,,,,,,,,,,0,,,,,,
2021-22,9576420,26,57,Watford,Away,288019,154506,Daniel Bachmann,daniel-bachmann,G,True,,,,,,,,,,,,,,,,,,,,,,,,,,,,,,,,,,,,,,,,,,,,,,,,,,,,,,0,,,,,,
2021-22,9576420,26,57,Watford,Away,319847,157775,Ken Sema,ken-sema,M,True,,,,,,,1.0,1.0,1.0,,,,,,,,2.0,1.0,,,1.0,,,,,,,,,14.0,,,,,,,,,2.0,,6.4,,,,,,,,,,1.0,,1.0,0,,2.0,1.0,,,
2021-22,9576420,26,57,Watford,Away,331405,162651,Samir Caetano,samir-caetano,D,False,,,1.0,2.0,25.0,27.0,,2.0,5.0,,,,,,,,,5.0,,,,,,,,,2.0,,,89.0,,,,,,,,,11.0,,7.1,,,,6.0,,,,9.0,,11.0,27.0,38.0,0,2.0,53.0,,1.0,,1.0
2021-22,9576420,26,57,Watford,Away,338991,131304,William Troost-Ekong,william-troost-ekong,D,True,,,,,,,,,,,,,,,,,,,,,,,,,,,,,,,,,,,,,,,,,,,,,,,,,,,,,,0,,,,,,
2021-22,9576420,26,57,Watford,Away,351434,171099,Hassane Kamara,hassane-kamara,M,False,,,2.0,18.0,27.0,45.0,2.0,,6.0,,,,,,,,5.0,4.0,,,2.0,,,,,,4.0,,,90.0,,,,,,,,,18.0,,7.4,,,,4.0,1.0,,,6.0,,22.0,33.0,55.0,0,3.0,92.0,,1.0,,1.0
2021-22,9576420,26,57,Watford,Away,833030,225702,Samuel Kalu,samuel-kalu,M,True,,,,,,,,,,,,,,,,,,,,,,,,,,,,,,,,,,,,,,,,,,,,,,,,,,,,,,0,,,,,,
2021-22,9576420,26,57,Watford,Away,844424,230251,Emmanuel Dennis,emmanuel-dennis,F,False,,,1.0,16.0,5.0,21.0,3.0,1.0,5.0,,1.0,,2.0,,,2.0,12.0,10.0,,,1.0,,1.0,,,,,1.0,,86.0,2.0,,,,,,,,17.0,,7.1,,,,3.0,6.0,2.0,,3.0,,22.0,6.0,26.0,2,5.0,58.0,4.0,2.0,2.0,2.0
2021-22,9576420,26,57,Watford,Away,845286,232185,Ismaïla Sarr,ismaila-sarr,F,False,1.0,,,11.0,6.0,16.0,2.0,,3.0,3.0,,,,,,1.0,5.0,4.0,,,,1.0,,,,,,4.0,,89.0,,,,,,,,,10.0,,7.6,,,1.0,,4.0,2.0,,,,15.0,7.0,20.0,1,1.0,34.0,2.0,1.0,2.0,1.0
2021-22,9576420,26,57,Watford,Away,887055,244716,Cucho Hernández,cucho-hernandez,F,True,,,,,,,,1.0,,,,,,,,,,1.0,,,,,,,,,,,,1.0,,,,,,,,,,,,,,,1.0,,,,,,,,,0,,2.0,,,,
2021-22,9576420,26,57,Watford,Away,917305,442335,Edo Kayembe,edo-kayembe,M,True,,,,,,,,,,,,,,,,,,,,,,,,,,,,,,,,,,,,,,,,,,,,,,,,,,,,,,0,,,,,,
2021-22,9576420,26,57,Watford,Away,965943,471471,Imrân Louza,imran-louza,M,False,,,5.0,11.0,24.0,35.0,1.0,1.0,5.0,,,,2.0,,,,4.0,8.0,,,,,,,,,4.0,,,90.0,,2.0,,,,,,,16.0,,7.4,,,,2.0,3.0,2.0,,12.0,,23.0,27.0,48.0,0,4.0,68.0,,1.0,2.0,2.0
2021-22,9576420,26,57,Watford,Away,991595,232391,Jeremy Ngakia,jeremy-ngakia,D,True,,,,,,,,,,,,,,,,,,,,,,,,,,,,,,,,,,,,,,,,,,,,,,,,,,,,,,0,,,,,,
2021-22,9576199,27,57,Watford,Away,10599,9089,Ben Foster,ben-foster,G,False,,,13.0,11.0,3.0,14.0,,,13.0,,,,1.0,,,,1.0,,,,,,,0.7163,1.0,,,,,90.0,,,,,,,,,27.0,1.0,7.4,2.0,3.0,,1.0,,,,39.0,,35.0,5.0,40.0,0,,49.0,,,,
2021-22,9576199,27,57,Watford,Away,22200,41338,Craig Cathcart,craig-cathcart,D,False,,,4.0,6.0,12.0,18.0,1.0,,1.0,,,,1.0,,,,2.0,1.0,,,,,,,,,3.0,,,90.0,,,,,,,,,6.0,,7.1,,,,8.0,,,,8.0,,11.0,13.0,24.0,0,1.0,38.0,,,,1.0
2021-22,9576199,27,57,Watford,Away,27014,45268,Moussa Sissoko,moussa-sissoko,M,False,1.0,,,16.0,13.0,28.0,2.0,1.0,11.0,,,,,,,1.0,3.0,7.0,,,,,,,,,1.0,1.0,,90.0,,2.0,,,,,,,8.0,,7.6,,,,,2.0,1.0,,1.0,,20.0,15.0,34.0,0,4.0,51.0,1.0,,2.0,2.0
2021-22,9576199,27,57,Watford,Away,46432,43250,Tom Cleverley,tom-cleverley,M,False,2.0,,2.0,10.0,14.0,22.0,,,4.0,,,,1.0,,,,2.0,2.0,,1.0,1.0,,,,,,3.0,1.0,,80.0,,,,,,,,,6.0,,7.0,,,,,,2.0,,4.0,,12.0,16.0,26.0,0,2.0,40.0,2.0,,,1.0
2021-22,9576199,27,57,Watford,Away,48563,69143,Juraj Kucka,juraj-kucka,M,True,,,1.0,1.0,3.0,4.0,,,4.0,,,,,,,,2.0,,,,,,,,,,,,,10.0,,1.0,,,,,,,6.0,,6.5,,,1.0,,2.0,,,2.0,,4.0,3.0,7.0,1,,15.0,1.0,,,
2021-22,9576199,27,57,Watford,Away,58351,85624,Christian Kabasele,christian-kabasele,D,True,,,1.0,2.0,1.0,3.0,2.0,1.0,1.0,,,,,,,,2.0,1.0,,,,,,,,,2.0,,,27.0,,,,,,,,,,,6.8,,,,2.0,,,,1.0,,2.0,1.0,3.0,0,,7.0,,,,
2021-22,9576199,27,57,Watford,Away,100621,78007,Joshua King,joshua-king,F,False,,,,5.0,4.0,9.0,3.0,5.0,4.0,,,1.0,1.0,,,3.0,9.0,8.0,,,,,,,,,1.0,1.0,,63.0,,,,,,,,,18.0,,6.5,,,,1.0,3.0,,,,,11.0,7.0,18.0,1,2.0,33.0,4.0,,1.0,2.0
2021-22,9576199,27,57,Watford,Away,259995,155651,Adam Masina,adam-masina,D,True,,,,,,,,,,,,,,,,,,,,,,,,,,,,,,,,,,,,,,,,,,,,,,,,,,,,,,0,,,,,,
2021-22,9576199,27,57,Watford,Away,288019,154506,Daniel Bachmann,daniel-bachmann,G,True,,,,,,,,,,,,,,,,,,,,,,,,,,,,,,,,,,,,,,,,,,,,,,,,,,,,,,0,,,,,,
2021-22,9576199,27,57,Watford,Away,319847,157775,Ken Sema,ken-sema,M,True,,,,1.0,4.0,5.0,3.0,,2.0,,,,,,,1.0,6.0,4.0,,,1.0,,,,,,1.0,,,27.0,,,,,,,,,3.0,,6.7,,,,2.0,2.0,,,,,1.0,5.0,6.0,0,3.0,17.0,,,1.0,1.0
2021-22,9576199,27,57,Watford,Away,331405,162651,Samir Caetano,samir-caetano,D,False,,,2.0,6.0,21.0,27.0,,1.0,3.0,,,,,,,,1.0,4.0,,,1.0,,,,,,1.0,,,90.0,,2.0,,,,,,,9.0,,7.5,,,1.0,4.0,,,,9.0,,12.0,24.0,36.0,1,3.0,51.0,,,,2.0
2021-22,9576199,27,57,Watford,Away,338991,131304,William Troost-Ekong,william-troost-ekong,D,True,,,,,,,,,,,,,,,,,,,,,,,,,,,,,,,,,,,,,,,,,,,,,,,,,,,,,,0,,,,,,
2021-22,9576199,27,57,Watford,Away,351434,171099,Hassane Kamara,hassane-kamara,M,False,,,1.0,8.0,17.0,25.0,2.0,,6.0,,,,3.0,,,1.0,7.0,5.0,,,,,,,,,3.0,,,90.0,,,,,,,,,16.0,,6.9,,,1.0,6.0,4.0,,,6.0,,14.0,21.0,35.0,1,2.0,67.0,2.0,,3.0,1.0
2021-22,9576199,27,57,Watford,Away,844424,230251,Emmanuel Dennis,emmanuel-dennis,F,False,,,1.0,8.0,1.0,9.0,5.0,,5.0,,,,,,,5.0,15.0,5.0,,,2.0,,,,,,,,,90.0,1.0,,,,,,,,23.0,,6.4,,,,,7.0,1.0,,1.0,1.0,16.0,2.0,17.0,1,1.0,41.0,6.0,,4.0,
2021-22,9576199,27,57,Watford,Away,845286,232185,Ismaïla Sarr,ismaila-sarr,F,False,,,,11.0,5.0,16.0,2.0,,4.0,,,1.0,,,,,3.0,3.0,,,1.0,,,,,,1.0,2.0,,90.0,,,,,,,,,6.0,,7.1,,,1.0,1.0,2.0,,,1.0,1.0,13.0,7.0,20.0,2,,31.0,2.0,1.0,2.0,
2021-22,9576199,27,57,Watford,Away,887055,244716,Cucho Hernández,cucho-hernandez,F,True,,,,,,,,,,,,,,,,,,,,,,,,,,,,,,,,,,,,,,,,,,,,,,,,,,,,,,0,,,,,,
2021-22,9576199,27,57,Watford,Away,917305,442335,Edo Kayembe,edo-kayembe,M,True,,,,,,,,,,,,,,,,,,,,,,,,,,,,,,,,,,,,,,,,,,,,,,,,,,,,,,0,,,,,,
2021-22,9576199,27,57,Watford,Away,965943,471471,Imrân Louza,imran-louza,M,False,,,3.0,16.0,26.0,42.0,1.0,1.0,11.0,,,,2.0,,,,4.0,3.0,,,1.0,,,,,,6.0,1.0,,90.0,1.0,,,,,,,,10.0,,7.3,,,,2.0,,2.0,,4.0,,24.0,28.0,50.0,1,1.0,70.0,,1.0,,
2021-22,9576199,27,57,Watford,Away,975079,475168,João Pedro,joao-pedro,F,True,,,,,,,,,,,,,,,,,,,,,,,,,,,,,,,,,,,,,,,,,,,,,,,,,,,,,,0,,,,,,
2021-22,9576199,27,57,Watford,Away,991595,232391,Jeremy Ngakia,jeremy-ngakia,D,False,,,,5.0,9.0,14.0,,1.0,2.0,,,1.0,1.0,,,,1.0,4.0,,,,,,,,,,,,63.0,,,,,,,,,10.0,,6.7,,,1.0,1.0,,1.0,,1.0,,9.0,11.0,19.0,2,3.0,35.0,2.0,,,2.0
2021-22,9576302,28,57,Watford,Home,10599,9089,Ben Foster,ben-foster,G,False,,,11.0,10.0,12.0,22.0,,,9.0,,,,,,,,,,,,,,,-1.8784,1.0,,,,,90.0,,,,,,,,,15.0,,5.8,1.0,1.0,,,,,,26.0,,23.0,14.0,37.0,0,,41.0,,,,
2021-22,9576302,28,57,Watford,Home,22200,41338,Craig Cathcart,craig-cathcart,D,False,,,1.0,6.0,29.0,35.0,1.0,4.0,5.0,,,,,,,,1.0,5.0,,,,,,,,,1.0,,,90.0,,3.0,,,,,,,6.0,,6.9,,,,4.0,,,,4.0,,9.0,32.0,41.0,0,1.0,50.0,,,,
2021-22,9576302,28,57,Watford,Home,27014,45268,Moussa Sissoko,moussa-sissoko,M,False,,,2.0,20.0,10.0,30.0,1.0,1.0,9.0,,,,1.0,,,5.0,10.0,7.0,,,2.0,,1.0,,,,,3.0,,90.0,1.0,,,,,,,,15.0,,6.9,,,1.0,,3.0,,,2.0,,25.0,10.0,35.0,2,3.0,55.0,4.0,1.0,2.0,
2021-22,9576302,28,57,Watford,Home,46432,43250,Tom Cleverley,tom-cleverley,M,False,,,1.0,12.0,21.0,33.0,2.0,1.0,2.0,,,,,,,2.0,5.0,4.0,1.0,,,,,,,,,,,89.0,1.0,,,,,,,,14.0,,5.8,,,,2.0,2.0,1.0,,4.0,,19.0,23.0,41.0,1,2.0,60.0,1.0,,1.0,1.0
2021-22,9576302,28,57,Watford,Home,48563,69143,Juraj Kucka,juraj-kucka,M,True,,,,,,,,,,,,,,,,,,,,,,,,,,,,,,,,,,,,,,,,,,,,,,,,,,,,,,0,,,,,,
2021-22,9576302,28,57,Watford,Home,53739,54484,Kiko Femenía,kiko-femenia,D,False,1.0,,1.0,13.0,16.0,28.0,,,8.0,1.0,,,,,,,,2.0,,,,1.0,,,,,1.0,2.0,,90.0,,,,,,,,,11.0,,7.0,,,,,,4.0,,3.0,,20.0,20.0,36.0,0,2.0,61.0,,,,2.0
2021-22,9576302,28,57,Watford,Home,58351,85624,Christian Kabasele,christian-kabasele,D,True,,,,,,,,,,,,,,,,,,,,,,,,,,,,,,,,,,,,,,,,,,,,,,,,,,,,,,0,,,,,,
2021-22,9576302,28,57,Watford,Home,259995,155651,Adam Masina,adam-masina,D,True,,,,,,,,,,,,,,,,,,,,,,,,,,,,,,,,,,,,,,,,,,,,,,,,,,,,,,0,,,,,,
2021-22,9576302,28,57,Watford,Home,288019,154506,Daniel Bachmann,daniel-bachmann,G,True,,,,,,,,,,,,,,,,,,,,,,,,,,,,,,,,,,,,,,,,,,,,,,,,,,,,,,0,,,,,,
2021-22,9576302,28,57,Watford,Home,319847,157775,Ken Sema,ken-sema,M,True,,,,,,,,,,,,,,,,,,,,,,,,,,,,,,,,,,,,,,,,,,,,,,,,,,,,,,0,,,,,,
2021-22,9576302,28,57,Watford,Home,331405,162651,Samir Caetano,samir-caetano,D,False,,,2.0,9.0,28.0,37.0,,2.0,2.0,,,,1.0,,,,1.0,5.0,,1.0,,,,,,,,,,90.0,,,,,,,,,4.0,,6.0,,,,2.0,,,,4.0,,11.0,29.0,40.0,0,1.0,47.0,1.0,2.0,,
2021-22,9576302,28,57,Watford,Home,351434,171099,Hassane Kamara,hassane-kamara,M,False,1.0,,1.0,13.0,31.0,43.0,1.0,6.0,13.0,,,,1.0,,,,2.0,14.0,,,,,,,,,7.0,1.0,,90.0,,,,,,,,,20.0,,7.7,,,1.0,2.0,1.0,1.0,,8.0,,21.0,41.0,61.0,1,5.0,100.0,,2.0,1.0,2.0
2021-22,9576302,28,57,Watford,Home,805096,208973,Francisco Sierralta,francisco-sierralta,D,True,,,,,,,,,,,,,,,,,,,,,,,,,,,,,,,,,,,,,,,,,,,,,,,,,,,,,,0,,,,,,
2021-22,9576302,28,57,Watford,Home,833030,225702,Samuel Kalu,samuel-kalu,M,True,,,,1.0,1.0,2.0,,,,,,,,,,,,1.0,,,,,,,,,,,,8.0,1.0,,,,,,,,1.0,,6.9,,,,,1.0,,,1.0,,2.0,1.0,3.0,1,,5.0,,,1.0,
2021-22,9576302,28,57,Watford,Home,839110,227560,Peter Etebo,peter-etebo,M,True,,,,,,,,,,,,,,,,,,,,,,,,,,,,,,,,,,,,,,,,,,,,,,,,,,,,,,0,,,,,,
2021-22,9576302,28,57,Watford,Home,844424,230251,Emmanuel Dennis,emmanuel-dennis,F,False,,,1.0,8.0,2.0,10.0,1.0,3.0,5.0,,1.0,2.0,2.0,,,,7.0,5.0,,,,,,,,,,1.0,,90.0,1.0,,,,,,,,17.0,,6.2,,,1.0,,5.0,2.0,,1.0,2.0,19.0,2.0,19.0,4,,35.0,2.0,1.0,1.0,
2021-22,9576302,28,57,Watford,Home,887055,244716,Cucho Hernández,cucho-hernandez,F,False,,,1.0,13.0,4.0,17.0,1.0,6.0,2.0,1.0,,1.0,1.0,,,,3.0,10.0,,,,1.0,1.0,,,,,2.0,,90.0,2.0,,,,,,,,19.0,,8.7,,,,2.0,3.0,1.0,,2.0,,24.0,7.0,30.0,3,2.0,48.0,4.0,1.0,2.0,
2021-22,9576302,28,57,Watford,Home,917305,442335,Edo Kayembe,edo-kayembe,M,True,,,1.0,8.0,10.0,18.0,,,3.0,,,,,,,,,1.0,,,,,,,,,1.0,,,26.0,,,,,,,,,4.0,,6.7,,,,1.0,,,,2.0,,9.0,13.0,22.0,0,,27.0,,1.0,,
2021-22,9576302,28,57,Watford,Home,965943,471471,Imrân Louza,imran-louza,M,False,,,,8.0,19.0,27.0,,,3.0,,,,2.0,,,,4.0,3.0,,,2.0,,,,,,3.0,,,64.0,1.0,,,,,,,,6.0,,6.5,,,,,,1.0,,4.0,,12.0,21.0,32.0,1,1.0,44.0,,2.0,,1.0
2021-22,9576302,28,57,Watford,Home,975079,475168,João Pedro,joao-pedro,F,False,,,1.0,15.0,9.0,24.0,2.0,8.0,6.0,,,,,,,5.0,9.0,15.0,,,1.0,,,,,,3.0,1.0,,90.0,,,,,,,,,14.0,,7.3,,,,4.0,6.0,,,1.0,,21.0,10.0,31.0,0,,56.0,,2.0,5.0,
2021-22,9576325,29,57,Watford,Away,10599,9089,Ben Foster,ben-foster,G,False,,,12.0,11.0,3.0,14.0,,2.0,8.0,,,,,,,,,2.0,,,,,,1.1278,,,,,,90.0,,,,,,,,,17.0,1.0,7.6,4.0,5.0,,2.0,,,,29.0,,28.0,3.0,31.0,0,,42.0,,1.0,,
2021-22,9576325,29,57,Watford,Away,22200,41338,Craig Cathcart,craig-cathcart,D,True,,,1.0,1.0,,1.0,,1.0,,,,,,,,,,1.0,,,,,,,,,,,,10.0,,,,,,,,,1.0,,6.6,,,,1.0,,,,1.0,,1.0,1.0,2.0,0,,3.0,,,,
2021-22,9576325,29,57,Watford,Away,27014,45268,Moussa Sissoko,moussa-sissoko,M,False,1.0,,,16.0,7.0,22.0,2.0,5.0,5.0,1.0,,,1.0,,,1.0,5.0,9.0,,,,,,,,,1.0,1.0,,90.0,,,,,,,,,13.0,,7.3,,,,3.0,3.0,1.0,,2.0,,23.0,9.0,31.0,0,2.0,49.0,2.0,,2.0,2.0
2021-22,9576325,29,57,Watford,Away,46432,43250,Tom Cleverley,tom-cleverley,M,True,,,,,,,,,,,,,,,,,,,,,,,,,,,,,,,,,,,,,,,,,,,,,,,,,,,,,,0,,,,,,
2021-22,9576325,29,57,Watford,Away,48563,69143,Juraj Kucka,juraj-kucka,M,False,1.0,,1.0,9.0,8.0,16.0,1.0,,7.0,1.0,1.0,,2.0,,,1.0,4.0,6.0,,,,1.0,,,,,2.0,1.0,,90.0,2.0,,,,,,,,14.0,,7.4,,,,2.0,,2.0,,3.0,,18.0,9.0,25.0,2,5.0,50.0,3.0,1.0,,5.0
2021-22,9576325,29,57,Watford,Away,53739,54484,Kiko Femenía,kiko-femenia,D,False,,,,9.0,8.0,17.0,2.0,1.0,4.0,,,,1.0,,,,4.0,2.0,,,,,,,,,4.0,,,89.0,,,,,,,,,12.0,,6.4,,,,,1.0,5.0,,4.0,,18.0,9.0,22.0,0,,42.0,,1.0,,
2021-22,9576325,29,57,Watford,Away,58351,85624,Christian Kabasele,christian-kabasele,D,False,,,1.0,3.0,8.0,11.0,1.0,2.0,4.0,,,,,,,,1.0,2.0,,,,,,,,,,,,90.0,,1.0,,,,,,,8.0,,6.7,,,,9.0,,,,6.0,,9.0,10.0,19.0,0,,29.0,,,,
2021-22,9576325,29,57,Watford,Away,100621,78007,Joshua King,joshua-king,F,True,,,,1.0,1.0,2.0,,1.0,2.0,,,,,,,1.0,3.0,1.0,,,,,,,,,,1.0,,14.0,,,,,,,,,6.0,,6.3,,,,,2.0,,,,,2.0,1.0,3.0,0,,8.0,2.0,,,
2021-22,9576325,29,57,Watford,Away,259995,155651,Adam Masina,adam-masina,D,True,,,,,,,,,,,,,,,,,,,,,,,,,,,,,,,,,,,,,,,,,,,,,,,,,,,,,,0,,,,,,
2021-22,9576325,29,57,Watford,Away,288019,154506,Daniel Bachmann,daniel-bachmann,G,True,,,,,,,,,,,,,,,,,,,,,,,,,,,,,,,,,,,,,,,,,,,,,,,,,,,,,,0,,,,,,
2021-22,9576325,29,57,Watford,Away,319847,157775,Ken Sema,ken-sema,M,True,,,,,,,,,,,,,,,,1.0,1.0,,,,,,,,,,,,,1.0,,,,,,,,,2.0,,,,,,,,,,,,1.0,,1.0,0,,2.0,,,,
2021-22,9576325,29,57,Watford,Away,331405,162651,Samir Caetano,samir-caetano,D,False,,,1.0,3.0,15.0,18.0,4.0,5.0,10.0,,,,,1.0,,,7.0,6.0,,,3.0,,,,,,3.0,,,90.0,,1.0,,,,,,,11.0,,7.4,,,,5.0,,,,8.0,,12.0,16.0,28.0,0,1.0,41.0,1.0,,,1.0
2021-22,9576325,29,57,Watford,Away,338991,131304,William Troost-Ekong,william-troost-ekong,D,True,,,,,,,,,,,,,,,,,,,,,,,,,,,,,,,,,,,,,,,,,,,,,,,,,,,,,,0,,,,,,
2021-22,9576325,29,57,Watford,Away,351434,171099,Hassane Kamara,hassane-kamara,M,False,,,2.0,10.0,6.0,16.0,,,4.0,,,,1.0,,,,3.0,3.0,,,2.0,,,,,,3.0,1.0,,90.0,,,,,,,,,19.0,,6.7,,,,3.0,,,,8.0,,18.0,12.0,30.0,0,3.0,53.0,2.0,,,3.0
2021-22,9576325,29,57,Watford,Away,833030,225702,Samuel Kalu,samuel-kalu,M,True,,,,,,,,,,,,,,,,,,,,,,,,,,,,,,,,,,,,,,,,,,,,,,,,,,,,,,0,,,,,,
2021-22,9576325,29,57,Watford,Away,844424,230251,Emmanuel Dennis,emmanuel-dennis,F,False,,,,9.0,5.0,14.0,2.0,2.0,6.0,,,,,,,2.0,8.0,8.0,,,3.0,,,,,,3.0,1.0,,87.0,,,,,,,,,14.0,,7.1,,,1.0,,4.0,1.0,,,,16.0,6.0,21.0,1,2.0,43.0,3.0,1.0,3.0,
2021-22,9576325,29,57,Watford,Away,887055,244716,Cucho Hernández,cucho-hernandez,F,False,,,2.0,15.0,5.0,20.0,5.0,2.0,4.0,,,,1.0,,,,9.0,4.0,,,2.0,,2.0,,,,,1.0,,89.0,2.0,,,,,,,,9.0,,8.4,,,1.0,2.0,1.0,1.0,,2.0,,20.0,6.0,25.0,3,2.0,38.0,2.0,,,2.0
2021-22,9576325,29,57,Watford,Away,917305,442335,Edo Kayembe,edo-kayembe,M,True,,,,,,,,,,,,,,,,,,,,,,,,,,,,,,,,,,,,,,,,,,,,,,,,,,,,,,0,,,,,,
2021-22,9576325,29,57,Watford,Away,965943,471471,Imrân Louza,imran-louza,M,False,,,6.0,14.0,14.0,28.0,,2.0,8.0,,,,1.0,,,1.0,3.0,6.0,,,2.0,,,,,,3.0,1.0,,90.0,1.0,,,,,,,,16.0,,7.2,,,,2.0,1.0,2.0,,8.0,,23.0,18.0,39.0,1,1.0,59.0,2.0,2.0,1.0,1.0
2021-22,9576325,29,57,Watford,Away,975079,475168,João Pedro,joao-pedro,F,False,,,1.0,19.0,5.0,24.0,6.0,5.0,3.0,,,1.0,,,,,10.0,9.0,,,,,,,,,1.0,,,90.0,,,,,,,,,14.0,,6.8,,,1.0,3.0,6.0,,,1.0,,23.0,6.0,29.0,2,2.0,56.0,4.0,1.0,2.0,1.0
2021-22,10236818,30,57,Watford,Home,10599,9089,Ben Foster,ben-foster,G,False,,,4.0,2.0,13.0,15.0,1.0,,13.0,,,,,,,,1.0,,,,,,,0.8902,1.0,,,,,90.0,,,,,,,,,14.0,,8.0,4.0,5.0,,,,,,17.0,,14.0,14.0,28.0,0,,37.0,,,,
2021-22,10236818,30,57,Watford,Home,19343,40387,Dan Gosling,dan-gosling,D,False,,,1.0,14.0,20.0,34.0,3.0,2.0,9.0,,,,2.0,,,1.0,6.0,9.0,,,,,,,,,,,,90.0,,,,,,,,,7.0,,6.9,,,1.0,2.0,1.0,,,2.0,,16.0,22.0,38.0,1,1.0,56.0,1.0,5.0,1.0,
2021-22,10236818,30,57,Watford,Home,22200,41338,Craig Cathcart,craig-cathcart,D,True,,,,,,,1.0,,,,,,1.0,,,,2.0,1.0,,,,,,,,,,,,8.0,,,,,,,,,,,6.4,,,,,,,,,,,,,0,1.0,2.0,,,,1.0
2021-22,10236818,30,57,Watford,Home,27014,45268,Moussa Sissoko,moussa-sissoko,M,False,,,,18.0,20.0,38.0,1.0,2.0,7.0,,,,,,,1.0,3.0,7.0,,,1.0,,,,,,1.0,,,90.0,,,,,,,,,6.0,,7.3,,,1.0,4.0,2.0,,,1.0,,20.0,22.0,42.0,1,3.0,62.0,1.0,,2.0,1.0
2021-22,10236818,30,57,Watford,Home,58351,85624,Christian Kabasele,christian-kabasele,D,False,,,3.0,12.0,31.0,43.0,,5.0,7.0,,,,1.0,,,,1.0,5.0,,,,,,,,,1.0,,,90.0,,2.0,,,,,,,13.0,,7.2,,,1.0,2.0,,,,10.0,,16.0,40.0,56.0,1,,64.0,,,,
2021-22,10236818,30,57,Watford,Home,259995,155651,Adam Masina,adam-masina,D,False,,,3.0,20.0,24.0,44.0,3.0,3.0,6.0,,,,2.0,,,,7.0,6.0,,,1.0,,,,,,3.0,,,90.0,,2.0,,,,,,,16.0,,7.2,,,,1.0,2.0,2.0,,6.0,,24.0,31.0,53.0,0,1.0,78.0,2.0,1.0,1.0,1.0
2021-22,10236818,30,57,Watford,Home,288019,154506,Daniel Bachmann,daniel-bachmann,G,True,,,,,,,,,,,,,,,,,,,,,,,,,,,,,,,,,,,,,,,,,,,,,,,,,,,,,,0,,,,,,
2021-22,10236818,30,57,Watford,Home,319847,157775,Ken Sema,ken-sema,M,False,2.0,,1.0,10.0,6.0,14.0,,2.0,4.0,,,,1.0,,,2.0,3.0,7.0,,,,,,,,,,2.0,,90.0,,,,,,,,,12.0,,7.1,,,,,2.0,4.0,,2.0,,14.0,10.0,20.0,0,,37.0,2.0,3.0,2.0,
2021-22,10236818,30,57,Watford,Home,331405,162651,Samir Caetano,samir-caetano,D,False,,,3.0,13.0,25.0,38.0,2.0,1.0,1.0,,,,2.0,,,,4.0,2.0,,,,,,,,,1.0,,,90.0,,1.0,,,,,,,3.0,,6.9,,,,5.0,,,,5.0,,15.0,26.0,41.0,0,1.0,50.0,,,,1.0
2021-22,10236818,30,57,Watford,Home,338991,131304,William Troost-Ekong,william-troost-ekong,D,True,,,,,,,,,,,,,,,,,,,,,,,,,,,,,,,,,,,,,,,,,,,,,,,,,,,,,,0,,,,,,
2021-22,10236818,30,57,Watford,Home,805096,208973,Francisco Sierralta,francisco-sierralta,D,True,,,,,,,,,,,,,,,,,,,,,,,,,,,,,,,,,,,,,,,,,,,,,,,,,,,,,,0,,,,,,
2021-22,10236818,30,57,Watford,Home,833030,225702,Samuel Kalu,samuel-kalu,M,False,1.0,,,19.0,11.0,29.0,,,6.0,,,,,,,3.0,7.0,5.0,,,,,,,,,1.0,,,86.0,,,,,,,,,17.0,,6.7,,,2.0,2.0,7.0,3.0,,,,21.0,14.0,32.0,2,1.0,61.0,5.0,1.0,3.0,1.0
2021-22,10236818,30,57,Watford,Home,839110,227560,Peter Etebo,peter-etebo,M,True,,,,,1.0,1.0,,,,,,,,,,,,,,,,,,,,,,,,1.0,,,,,,,,,,,,,,,,,,,,,,1.0,1.0,0,,2.0,,,,
2021-22,10236818,30,57,Watford,Home,917305,442335,Edo Kayembe,edo-kayembe,M,False,,,7.0,32.0,36.0,68.0,4.0,4.0,11.0,,,1.0,1.0,,,2.0,8.0,10.0,,,,,,,,,1.0,,,89.0,,1.0,,,,,,,11.0,,7.3,,,,,3.0,,,10.0,,38.0,38.0,76.0,1,4.0,94.0,,,2.0,2.0
2021-22,10236818,30,57,Watford,Home,975079,475168,João Pedro,joao-pedro,F,False,,,,14.0,6.0,20.0,8.0,2.0,1.0,,,,,,,4.0,18.0,10.0,,,2.0,,,,,,1.0,,,90.0,,,,,,,,,28.0,,6.5,,,,,11.0,,,,1.0,26.0,6.0,32.0,0,1.0,65.0,5.0,1.0,6.0,1.0
2021-22,10236818,30,57,Watford,Home,991595,232391,Jeremy Ngakia,jeremy-ngakia,D,False,,,3.0,19.0,22.0,41.0,3.0,,4.0,,,,,,,1.0,5.0,3.0,,,1.0,,,,,,3.0,,,90.0,,1.0,,,,,,,14.0,,7.2,,,,3.0,,1.0,,6.0,,26.0,26.0,51.0,0,2.0,70.0,2.0,1.0,,2.0
2021-22,10236818,30,57,Watford,Home,1004344,242183,James Morris,james-morris,D,True,,,,,,,,,,,,,,,,,,,,,,,,,,,,,,,,,,,,,,,,,,,,,,,,,,,,,,0,,,,,,
2021-22,10236818,30,57,Watford,Home,1134447,535339,Tiago Cukur,tiago-cukur,F,True,,,,,,,,,,,,,,,,,,,,,,,,,,,,,,,,,,,,,,,,,,,,,,,,,,,,,,0,,,,,,
2021-22,10236818,30,57,Watford,Home,1214695,533719,Adrian Blake,blake-adrian,F,True,,,,,,,,,,,,,,,,,,,,,,,,,,,,,,,,,,,,,,,,,,,,,,,,,,,,,,0,,,,,,
2021-22,10236818,30,57,Watford,Home,1214696,573808,Jack Grieves,jack-grieves,M,True,,,,,,,,,,,,,,,,,,,,,,,,,,,,,,,,,,,,,,,,,,,,,,,,,,,,,,0,,,,,,
2021-22,9576236,31,57,Watford,Away,10599,9089,Ben Foster,ben-foster,G,False,,,4.0,3.0,3.0,6.0,,,7.0,,,,,,,,,1.0,1.0,,,,,0.0041000000000002,1.0,,,,,90.0,,,,,1.0,,,,27.0,,5.6,1.0,1.0,,,,,,31.0,,27.0,6.0,33.0,0,,39.0,,,,
2021-22,9576236,31,57,Watford,Away,22200,41338,Craig Cathcart,craig-cathcart,D,True,,,,,,,,,,,,,,,,,,,,,,,,,,,,,,,,,,,,,,,,,,,,,,,,,,,,,,0,,,,,,
2021-22,9576236,31,57,Watford,Away,27014,45268,Moussa Sissoko,moussa-sissoko,M,False,1.0,,1.0,5.0,8.0,12.0,1.0,1.0,3.0,,,,1.0,,,1.0,4.0,3.0,,,1.0,,,,,,1.0,1.0,,90.0,,,,,,,,,8.0,,6.7,,,,,,2.0,,2.0,,8.0,11.0,17.0,0,2.0,26.0,1.0,,,1.0
2021-22,9576236,31,57,Watford,Away,46432,43250,Tom Cleverley,tom-cleverley,M,True,,,,1.0,1.0,2.0,,,,,,,,,,1.0,1.0,2.0,,,,,,,,,,,,12.0,,,,,,,,,5.0,,6.5,,,,,,,,,,4.0,1.0,5.0,0,2.0,10.0,1.0,,,
2021-22,9576236,31,57,Watford,Away,48563,69143,Juraj Kucka,juraj-kucka,M,False,,,1.0,14.0,8.0,22.0,2.0,3.0,7.0,,1.0,,2.0,,,4.0,11.0,9.0,,,3.0,,,,,,2.0,,,90.0,1.0,,,1.0,,,,,13.0,,5.7,,,,,1.0,,,3.0,,17.0,11.0,28.0,1,1.0,50.0,2.0,4.0,1.0,
2021-22,9576236,31,57,Watford,Away,53739,54484,Kiko Femenía,kiko-femenia,D,False,,,,4.0,14.0,18.0,1.0,1.0,8.0,,,,,,,,1.0,2.0,,,,,,,,,,,,90.0,,1.0,,,,,,,12.0,,6.6,,,,4.0,,2.0,,2.0,,9.0,16.0,23.0,0,1.0,39.0,2.0,,,
2021-22,9576236,31,57,Watford,Away,58351,85624,Christian Kabasele,christian-kabasele,D,False,,,1.0,4.0,11.0,15.0,1.0,1.0,1.0,,,,,,,,1.0,2.0,,,,,,,,,,,,90.0,,3.0,,,,,,,5.0,,6.9,,,,6.0,,,,3.0,,7.0,12.0,19.0,0,1.0,31.0,1.0,,,
2021-22,9576236,31,57,Watford,Away,100621,78007,Joshua King,joshua-king,F,True,,,,1.0,1.0,2.0,,,1.0,,,,,,,1.0,1.0,1.0,,,,,,,,,,,,12.0,,,,,,,,,2.0,,6.5,,,,,1.0,,,,,1.0,1.0,2.0,0,,5.0,1.0,,1.0,
2021-22,9576236,31,57,Watford,Away,259995,155651,Adam Masina,adam-masina,D,True,,,,,,,,,,,,,,,,,,,,,,,,,,,,,,,,,,,,,,,,,,,,,,,,,,,,,,0,,,,,,
2021-22,9576236,31,57,Watford,Away,288019,154506,Daniel Bachmann,daniel-bachmann,G,True,,,,,,,,,,,,,,,,,,,,,,,,,,,,,,,,,,,,,,,,,,,,,,,,,,,,,,0,,,,,,
2021-22,9576236,31,57,Watford,Away,319847,157775,Ken Sema,ken-sema,M,True,,,,,,,,,,,,,,,,,,,,,,,,,,,,,,,,,,,,,,,,,,,,,,,,,,,,,,0,,,,,,
2021-22,9576236,31,57,Watford,Away,331405,162651,Samir Caetano,samir-caetano,D,False,,,2.0,2.0,18.0,20.0,,1.0,6.0,,,,,,,,,2.0,,,,,,,,,2.0,1.0,,90.0,,1.0,,,,,,,4.0,,6.7,,,,2.0,,,,5.0,,3.0,21.0,24.0,0,,32.0,,1.0,,
2021-22,9576236,31,57,Watford,Away,351434,171099,Hassane Kamara,hassane-kamara,M,False,,,1.0,8.0,10.0,18.0,,,10.0,,,,1.0,,,,4.0,9.0,,,1.0,,,,,,4.0,,,90.0,,1.0,,,,,,,21.0,,7.2,,,,4.0,3.0,,,6.0,,13.0,19.0,32.0,0,7.0,67.0,1.0,1.0,1.0,3.0
2021-22,9576236,31,57,Watford,Away,844424,230251,Emmanuel Dennis,emmanuel-dennis,F,True,,,,2.0,1.0,3.0,1.0,,,,,,,,,,3.0,,,,,,,,,,,,,12.0,,,,,,,,,2.0,,6.1,,,,,2.0,,,,1.0,2.0,1.0,3.0,0,,5.0,,,,
2021-22,9576236,31,57,Watford,Away,845286,232185,Ismaïla Sarr,ismaila-sarr,F,False,,,,7.0,,7.0,2.0,,3.0,1.0,,,1.0,,,2.0,8.0,2.0,,,1.0,,,,,,,1.0,,90.0,,,,,,,,,8.0,,6.3,,,1.0,,2.0,,,,2.0,9.0,,9.0,1,2.0,25.0,1.0,,,1.0
2021-22,9576236,31,57,Watford,Away,887055,244716,Cucho Hernández,cucho-hernandez,F,False,,,2.0,9.0,3.0,12.0,4.0,3.0,6.0,,,1.0,1.0,,,3.0,11.0,5.0,,,2.0,,,,,,1.0,,,78.0,1.0,1.0,,,,,,,14.0,,6.5,,,,1.0,2.0,2.0,,6.0,,13.0,6.0,17.0,2,1.0,38.0,2.0,1.0,1.0,
2021-22,9576236,31,57,Watford,Away,917305,442335,Edo Kayembe,edo-kayembe,M,True,,,,,,,,,,,,,,,,,,,,,,,,,,,,,,,,,,,,,,,,,,,,,,,,,,,,,,0,,,,,,
2021-22,9576236,31,57,Watford,Away,965943,471471,Imrân Louza,imran-louza,M,False,1.0,,2.0,9.0,8.0,16.0,1.0,1.0,7.0,,,,,,,1.0,3.0,8.0,,,,,,,,,4.0,1.0,,78.0,,,,,,,,,19.0,,7.4,,,,4.0,1.0,3.0,,5.0,,19.0,14.0,30.0,0,6.0,55.0,1.0,1.0,,3.0
2021-22,9576236,31,57,Watford,Away,975079,475168,João Pedro,joao-pedro,F,False,,,,8.0,5.0,13.0,8.0,2.0,2.0,1.0,1.0,,,,,1.0,10.0,4.0,,,,,,,,,,1.0,,78.0,,,,,,,,,14.0,,6.4,,,1.0,2.0,2.0,,,,,15.0,6.0,21.0,1,,35.0,2.0,1.0,1.0,
2021-22,9576236,31,57,Watford,Away,991595,232391,Jeremy Ngakia,jeremy-ngakia,D,True,,,,,,,,,,,,,,,,,,,,,,,,,,,,,,,,,,,,,,,,,,,,,,,,,,,,,,0,,,,,,
2021-22,9576285,32,57,Watford,Home,10599,9089,Ben Foster,ben-foster,G,False,,1.0,8.0,4.0,8.0,12.0,,,9.0,,,,1.0,,,,1.0,,,,,,,-0.9021,,,,,,90.0,,,,,,,,,20.0,,5.7,1.0,2.0,,,,,1.0,28.0,,21.0,11.0,32.0,0,,36.0,,,,
2021-22,9576285,32,57,Watford,Home,22200,41338,Craig Cathcart,craig-cathcart,D,True,,,,,,,,,,,,,,,,,,,,,,,,,,,,,,,,,,,,,,,,,,,,,,,,,,,,,,0,,,,,,
2021-22,9576285,32,57,Watford,Home,27014,45268,Moussa Sissoko,moussa-sissoko,M,False,1.0,,,18.0,6.0,23.0,2.0,3.0,8.0,,1.0,,,,,4.0,8.0,9.0,,,1.0,,,,,,,,,90.0,1.0,,,,,,,,22.0,,6.4,,,,,3.0,2.0,,1.0,,27.0,10.0,35.0,1,4.0,57.0,3.0,,2.0,1.0
2021-22,9576285,32,57,Watford,Home,46432,43250,Tom Cleverley,tom-cleverley,M,True,,,,,,,,,,,,,,,,,,,,,,,,,,,,,,,,,,,,,,,,,,,,,,,,,,,,,,0,,,,,,
2021-22,9576285,32,57,Watford,Home,48563,69143,Juraj Kucka,juraj-kucka,M,False,,,1.0,13.0,9.0,22.0,1.0,3.0,9.0,,,,1.0,,,,4.0,12.0,,,2.0,,,,,,2.0,,,72.0,,,,,,,,,14.0,,7.2,,,2.0,,1.0,,,2.0,,21.0,10.0,31.0,2,2.0,53.0,3.0,6.0,1.0,2.0
2021-22,9576285,32,57,Watford,Home,53739,54484,Kiko Femenía,kiko-femenia,D,False,2.0,,2.0,16.0,11.0,25.0,,1.0,8.0,1.0,,,3.0,,,1.0,5.0,3.0,,,1.0,,,,,,1.0,1.0,,90.0,,,,,,,,,21.0,,6.1,,,,,2.0,6.0,,3.0,,30.0,13.0,37.0,0,,65.0,3.0,,2.0,
2021-22,9576285,32,57,Watford,Home,58351,85624,Christian Kabasele,christian-kabasele,D,False,,,,6.0,11.0,17.0,,3.0,8.0,,,,,,,,3.0,6.0,,,1.0,,,,,,3.0,,,90.0,,,,,,,,,14.0,,6.3,,,,4.0,3.0,,,2.0,,12.0,15.0,27.0,0,1.0,44.0,1.0,1.0,1.0,1.0
2021-22,9576285,32,57,Watford,Home,100621,78007,Joshua King,joshua-king,F,True,,,,1.0,2.0,3.0,2.0,1.0,,,,,,,,,2.0,2.0,,,,,,,,,,,,9.0,,,,,,,,,3.0,,6.5,,,,,,,,,,3.0,2.0,5.0,0,,7.0,1.0,1.0,,
2021-22,9576285,32,57,Watford,Home,259995,155651,Adam Masina,adam-masina,D,True,,,,,,,,,,,,,,,,,,,,,,,,,,,,,,,,,,,,,,,,,,,,,,,,,,,,,,0,,,,,,
2021-22,9576285,32,57,Watford,Home,288019,154506,Daniel Bachmann,daniel-bachmann,G,True,,,,,,,,,,,,,,,,,,,,,,,,,,,,,,,,,,,,,,,,,,,,,,,,,,,,,,0,,,,,,
2021-22,9576285,32,57,Watford,Home,331405,162651,Samir Caetano,samir-caetano,D,False,,,2.0,3.0,21.0,24.0,,3.0,11.0,,,,1.0,,,,1.0,4.0,1.0,,,,,,,,2.0,,,90.0,,,,,,,,,10.0,,5.8,,,,4.0,1.0,,,6.0,,8.0,25.0,33.0,0,,45.0,1.0,,1.0,
2021-22,9576285,32,57,Watford,Home,351434,171099,Hassane Kamara,hassane-kamara,M,False,,,3.0,15.0,17.0,32.0,2.0,2.0,13.0,,,,,,,1.0,6.0,7.0,,,1.0,,,,,,2.0,1.0,,90.0,,,,,,,,,21.0,,6.6,,,,7.0,3.0,,,9.0,,20.0,25.0,45.0,0,4.0,83.0,1.0,,1.0,4.0
2021-22,9576285,32,57,Watford,Home,805096,208973,Francisco Sierralta,francisco-sierralta,D,True,,,,,,,,,,,,,,,,,,,,,,,,,,,,,,,,,,,,,,,,,,,,,,,,,,,,,,0,,,,,,
2021-22,9576285,32,57,Watford,Home,833030,225702,Samuel Kalu,samuel-kalu,M,True,,,,,,,,,,,,,,,,,,,,,,,,,,,,,,,,,,,,,,,,,,,,,,,,,,,,,,0,,,,,,
2021-22,9576285,32,57,Watford,Home,844424,230251,Emmanuel Dennis,emmanuel-dennis,F,True,,,,13.0,1.0,14.0,2.0,,2.0,,,,2.0,,,1.0,13.0,7.0,,,,,,,,,,1.0,,51.0,,,,,,,,,20.0,,6.2,,,,,13.0,1.0,,,,17.0,3.0,19.0,0,2.0,43.0,2.0,,5.0,2.0
2021-22,9576285,32,57,Watford,Home,845286,232185,Ismaïla Sarr,ismaila-sarr,F,False,,,1.0,11.0,2.0,13.0,1.0,,2.0,,1.0,,1.0,,,1.0,13.0,5.0,,,,,,,,,,1.0,,90.0,,,,,,,,,20.0,,5.6,,,1.0,1.0,14.0,2.0,,1.0,2.0,17.0,2.0,17.0,1,,45.0,3.0,1.0,4.0,
2021-22,9576285,32,57,Watford,Home,887055,244716,Cucho Hernández,cucho-hernandez,F,False,,,2.0,3.0,1.0,4.0,2.0,2.0,1.0,,,,,,,1.0,6.0,7.0,,,,,,,,,,,,39.0,,,,,,,,,11.0,,6.7,,,1.0,,6.0,1.0,,2.0,,10.0,1.0,10.0,1,2.0,23.0,,,3.0,
2021-22,9576285,32,57,Watford,Home,917305,442335,Edo Kayembe,edo-kayembe,M,True,,,,5.0,4.0,9.0,1.0,1.0,2.0,,,,,,,,1.0,2.0,,,,,,,,,1.0,,,18.0,,,,,,,,,2.0,,6.5,,,,,,,,,,6.0,5.0,11.0,0,1.0,14.0,,,,1.0
2021-22,9576285,32,57,Watford,Home,965943,471471,Imrân Louza,imran-louza,M,False,1.0,,,18.0,16.0,33.0,1.0,3.0,11.0,,,,2.0,,,2.0,8.0,9.0,,,2.0,,,,,,3.0,,,90.0,,,,,,,,,18.0,,6.8,,,2.0,1.0,4.0,3.0,,3.0,,29.0,18.0,44.0,2,3.0,74.0,1.0,,3.0,2.0
2021-22,9576285,32,57,Watford,Home,975079,475168,João Pedro,joao-pedro,F,False,,,1.0,18.0,4.0,22.0,8.0,3.0,7.0,1.0,,,1.0,,,3.0,17.0,12.0,,,,,,,,,,1.0,,81.0,,,,,,,,,26.0,,7.0,,,1.0,1.0,9.0,1.0,,1.0,1.0,30.0,5.0,34.0,1,2.0,70.0,4.0,3.0,4.0,2.0
2021-22,9576296,33,57,Watford,Home,10599,9089,Ben Foster,ben-foster,G,False,,1.0,9.0,6.0,3.0,9.0,,,10.0,,,,,,,,,,,,,,,0.397,1.0,,,,,90.0,,,,,,,,,14.0,,6.3,1.0,3.0,,,,,1.0,22.0,,17.0,6.0,23.0,0,,30.0,,,,
2021-22,9576296,33,57,Watford,Home,19343,40387,Dan Gosling,dan-gosling,D,True,,,,,,,,,,,,,,,,,,,,,,,,,,,,,,,,,,,,,,,,,,,,,,,,,,,,,,0,,,,,,
2021-22,9576296,33,57,Watford,Home,22200,41338,Craig Cathcart,craig-cathcart,D,True,,,,,,,1.0,,1.0,,,,,,,,1.0,,,,,,,,,,,,,9.0,,,,,,,,,1.0,,6.1,,,,,,,,1.0,,,1.0,1.0,0,,1.0,,,,
2021-22,9576296,33,57,Watford,Home,27014,45268,Moussa Sissoko,moussa-sissoko,M,False,1.0,,1.0,17.0,5.0,21.0,1.0,2.0,7.0,1.0,,,,,,2.0,7.0,7.0,,,3.0,,,,,,2.0,3.0,,90.0,,,,,,,,,18.0,,7.2,,,1.0,,4.0,4.0,,2.0,,26.0,9.0,31.0,1,2.0,52.0,2.0,,3.0,2.0
2021-22,9576296,33,57,Watford,Home,46432,43250,Tom Cleverley,tom-cleverley,M,True,,,,4.0,1.0,5.0,1.0,2.0,1.0,,,,,,,,1.0,2.0,,,,,,,,,,,,12.0,,,,,,,,,4.0,,6.5,,,,,,1.0,,1.0,,8.0,1.0,8.0,0,,9.0,,,,
2021-22,9576296,33,57,Watford,Home,48563,69143,Juraj Kucka,juraj-kucka,M,False,,,2.0,20.0,14.0,34.0,2.0,4.0,8.0,,,,2.0,,,,7.0,8.0,,,3.0,,,,,,2.0,,,84.0,,1.0,,,,,,,9.0,,7.3,,,2.0,1.0,,,,2.0,,25.0,17.0,42.0,2,2.0,55.0,1.0,2.0,,2.0
2021-22,9576296,33,57,Watford,Home,53739,54484,Kiko Femenía,kiko-femenia,D,False,4.0,,2.0,21.0,16.0,33.0,,1.0,7.0,,,,1.0,,,,2.0,2.0,,,,,,,,,,2.0,,87.0,,,,,,,,,17.0,,6.8,,,,2.0,1.0,7.0,,5.0,,28.0,23.0,44.0,0,1.0,69.0,,,,1.0
2021-22,9576296,33,57,Watford,Home,58351,85624,Christian Kabasele,christian-kabasele,D,False,,,3.0,7.0,24.0,31.0,1.0,6.0,7.0,,,,,,,,1.0,9.0,,,,,,,,,1.0,,,90.0,,1.0,,,,,,,9.0,,7.0,,,,7.0,,,,8.0,,13.0,26.0,39.0,0,2.0,53.0,1.0,1.0,,2.0
2021-22,9576296,33,57,Watford,Home,100621,78007,Joshua King,joshua-king,F,True,,,,4.0,,4.0,,1.0,1.0,,1.0,,,,,,,1.0,,,,,,,,1.0,,1.0,,12.0,,,,,,,,,2.0,,6.4,,,1.0,,,,,,,4.0,,4.0,1,,7.0,2.0,,,
2021-22,9576296,33,57,Watford,Home,288019,154506,Daniel Bachmann,daniel-bachmann,G,True,,,,,,,,,,,,,,,,,,,,,,,,,,,,,,,,,,,,,,,,,,,,,,,,,,,,,,0,,,,,,
2021-22,9576296,33,57,Watford,Home,331405,162651,Samir Caetano,samir-caetano,D,False,,,3.0,7.0,21.0,28.0,1.0,2.0,10.0,,,1.0,,,,,1.0,3.0,,,,,,,,,3.0,1.0,,90.0,,2.0,,,,,,,6.0,,7.2,,,1.0,5.0,,,,9.0,,12.0,22.0,34.0,2,1.0,49.0,,,,1.0
2021-22,9576296,33,57,Watford,Home,351434,171099,Hassane Kamara,hassane-kamara,M,False,2.0,,3.0,18.0,16.0,32.0,1.0,,7.0,,,,2.0,,,,6.0,2.0,,,2.0,,,,,,5.0,1.0,,90.0,,,,,,,,,11.0,,6.5,,,,3.0,1.0,2.0,,7.0,,23.0,18.0,39.0,0,2.0,63.0,,,,
2021-22,9576296,33,57,Watford,Home,839110,227560,Peter Etebo,peter-etebo,M,True,,,,,,,,,,,,,,,,,,,,,,,,,,,,,,,,,,,,,,,,,,,,,,,,,,,,,,0,,,,,,
2021-22,9576296,33,57,Watford,Home,844424,230251,Emmanuel Dennis,emmanuel-dennis,F,False,,,1.0,11.0,6.0,17.0,2.0,1.0,10.0,,,1.0,1.0,,,3.0,11.0,5.0,,,,,1.0,,,,,1.0,,90.0,2.0,,,,,,,,17.0,,7.0,,,,1.0,6.0,1.0,,2.0,,14.0,6.0,19.0,3,2.0,49.0,6.0,1.0,1.0,2.0
2021-22,9576296,33,57,Watford,Home,845286,232185,Ismaïla Sarr,ismaila-sarr,F,False,,,1.0,15.0,2.0,17.0,,2.0,7.0,,,,1.0,,,4.0,5.0,6.0,,,,1.0,,,,,,1.0,,90.0,1.0,,,,,,,,19.0,,7.1,,,2.0,,1.0,3.0,,1.0,,24.0,3.0,24.0,3,,45.0,5.0,3.0,1.0,
2021-22,9576296,33,57,Watford,Home,917305,442335,Edo Kayembe,edo-kayembe,M,True,,,,,,,,,,,,,,,,,,,,,,,,,,,,,,,,,,,,,,,,,,,,,,,,,,,,,,0,,,,,,
2021-22,9576296,33,57,Watford,Home,965943,471471,Imrân Louza,imran-louza,M,False,,,1.0,24.0,17.0,41.0,3.0,2.0,10.0,,1.0,2.0,1.0,,,2.0,9.0,2.0,,,2.0,,,,,,3.0,,,90.0,1.0,,,,,,,,22.0,,6.1,,,1.0,,1.0,4.0,,5.0,,36.0,22.0,54.0,4,,76.0,2.0,,,
2021-22,9576296,33,57,Watford,Home,975079,475168,João Pedro,joao-pedro,F,False,,,4.0,21.0,7.0,28.0,5.0,3.0,,,,1.0,4.0,,,2.0,12.0,5.0,,,1.0,,,,,,1.0,,,84.0,,,,,,,,,10.0,,6.6,,,1.0,1.0,,,,4.0,,25.0,8.0,33.0,2,1.0,48.0,3.0,1.0,,1.0
2021-22,9576296,33,57,Watford,Home,991595,232391,Jeremy Ngakia,jeremy-ngakia,D,True,,,,,,,,,,,,,,,,,,,,,,,,,,,,,,,,,,,,,,,,,,,,,,,,,,,,,,0,,,,,,
2021-22,9576296,33,57,Watford,Home,1130918,524196,Shaqai Forde,shaqai-forde,F,True,,,,,,,,,,,,,,,,,,,,,,,,,,,,,,,,,,,,,,,,,,,,,,,,,,,,,,0,,,,,,
2021-22,9576277,34,57,Watford,Away,10599,9089,Ben Foster,ben-foster,G,False,,1.0,7.0,5.0,6.0,11.0,,,8.0,,,,,,,,1.0,,,,1.0,,,-1.8962,1.0,,,,,90.0,,,,1.0,1.0,,,,15.0,,5.8,3.0,4.0,,2.0,,,1.0,21.0,,18.0,7.0,25.0,0,,33.0,,,,
2021-22,9576277,34,57,Watford,Away,19343,40387,Dan Gosling,dan-gosling,D,True,,,,,,,,,,,,,,,,,,,,,,,,,,,,,,,,,,,,,,,,,,,,,,,,,,,,,,0,,,,,,
2021-22,9576277,34,57,Watford,Away,22200,41338,Craig Cathcart,craig-cathcart,D,True,,,1.0,1.0,3.0,4.0,,1.0,2.0,,,,1.0,,,,2.0,1.0,,,,,,,,,,,,22.0,,,,,,,,,1.0,,6.3,,,,1.0,1.0,,,1.0,,1.0,3.0,4.0,0,,6.0,,,,
2021-22,9576277,34,57,Watford,Away,27014,45268,Moussa Sissoko,moussa-sissoko,M,False,1.0,,1.0,9.0,12.0,20.0,,,4.0,,,1.0,,,,3.0,4.0,5.0,,,1.0,,,,,,2.0,,,90.0,,,,,,,,,10.0,,6.5,,,,2.0,3.0,2.0,,1.0,,11.0,15.0,24.0,1,2.0,47.0,1.0,,3.0,1.0
2021-22,9576277,34,57,Watford,Away,38533,,Nicolas N'Koulou,nicolas-nkoulou,D,True,,,,,,,,,,,,,,,,,,,,,,,,,,,,,,,,,,,,,,,,,,,,,,,,,,,,,,0,,,,,,
2021-22,9576277,34,57,Watford,Away,46432,43250,Tom Cleverley,tom-cleverley,M,False,,,,5.0,5.0,10.0,1.0,,3.0,,,,2.0,,,,4.0,6.0,1.0,,1.0,,,,,,1.0,,,90.0,,,,,,,,,3.0,,5.8,,,,,,,,,,6.0,7.0,13.0,0,2.0,23.0,,4.0,,1.0
2021-22,9576277,34,57,Watford,Away,58351,85624,Christian Kabasele,christian-kabasele,D,False,,,2.0,4.0,10.0,14.0,1.0,1.0,2.0,,,,,,,,1.0,1.0,,,,,,,,,2.0,,,90.0,,1.0,,,,,,,4.0,,6.2,,,,6.0,,,,4.0,,7.0,11.0,18.0,0,,28.0,,,,
2021-22,9576277,34,57,Watford,Away,100621,78007,Joshua King,joshua-king,F,False,,,,9.0,6.0,15.0,3.0,2.0,2.0,,,,,,,2.0,7.0,2.0,,,1.0,,,,,,,,,90.0,,2.0,,,,,,,7.0,,6.6,,,,1.0,1.0,,,,,11.0,6.0,17.0,0,,29.0,2.0,,,
2021-22,9576277,34,57,Watford,Away,259995,155651,Adam Masina,adam-masina,D,True,,,,,,,,,,,,,,,,,,,,,,,,,,,,,,,,,,,,,,,,,,,,,,,,,,,,,,0,,,,,,
2021-22,9576277,34,57,Watford,Away,288019,154506,Daniel Bachmann,daniel-bachmann,G,True,,,,,,,,,,,,,,,,,,,,,,,,,,,,,,,,,,,,,,,,,,,,,,,,,,,,,,0,,,,,,
2021-22,9576277,34,57,Watford,Away,319847,157775,Ken Sema,ken-sema,M,True,,,,,,,,,,,,,,,,,,,,,,,,,,,,,,,,,,,,,,,,,,,,,,,,,,,,,,0,,,,,,
2021-22,9576277,34,57,Watford,Away,331405,162651,Samir Caetano,samir-caetano,D,False,,,2.0,3.0,19.0,22.0,1.0,,2.0,,,,,,,,1.0,,,,,,,,,,2.0,,,68.0,,,,,,,,,6.0,,5.8,,,,4.0,,,,6.0,,8.0,20.0,28.0,0,,34.0,,,,
2021-22,9576277,34,57,Watford,Away,338991,131304,William Troost-Ekong,william-troost-ekong,D,True,,,,,,,,,,,,,,,,,,,,,,,,,,,,,,,,,,,,,,,,,,,,,,,,,,,,,,0,,,,,,
2021-22,9576277,34,57,Watford,Away,351434,171099,Hassane Kamara,hassane-kamara,M,False,,,1.0,6.0,10.0,16.0,,,8.0,,,,1.0,,,,3.0,3.0,,,1.0,,1.0,,,,4.0,,,90.0,1.0,,,,,,,,15.0,,6.7,,,,3.0,3.0,,,5.0,,12.0,17.0,29.0,1,1.0,46.0,,,2.0,1.0
2021-22,9576277,34,57,Watford,Away,844424,230251,Emmanuel Dennis,emmanuel-dennis,F,False,2.0,,,9.0,4.0,11.0,,,6.0,1.0,,,,,,2.0,10.0,9.0,,,,1.0,,,,,2.0,2.0,,90.0,1.0,,,,,,,,21.0,,7.3,,,,3.0,13.0,2.0,,,1.0,12.0,7.0,17.0,1,2.0,51.0,5.0,2.0,5.0,2.0
2021-22,9576277,34,57,Watford,Away,845286,232185,Ismaïla Sarr,ismaila-sarr,F,False,,,,5.0,3.0,8.0,,,3.0,,,,1.0,,,1.0,3.0,2.0,,,1.0,,,,,,,,,68.0,,,,,,,,,6.0,,6.4,,,1.0,1.0,,,,,1.0,8.0,3.0,11.0,1,1.0,19.0,2.0,1.0,,1.0
2021-22,9576277,34,57,Watford,Away,917305,442335,Edo Kayembe,edo-kayembe,M,True,,,,4.0,4.0,8.0,,,2.0,,,,,,,2.0,2.0,,,,,,,,,,,1.0,,15.0,,,,,,,,,2.0,,6.4,,,,1.0,,,,,,4.0,4.0,8.0,0,,12.0,,,,
2021-22,9576277,34,57,Watford,Away,965943,471471,Imrân Louza,imran-louza,M,False,,,1.0,5.0,13.0,18.0,,,3.0,,,,2.0,,,,4.0,2.0,,,,,,,,,2.0,1.0,,75.0,,1.0,,,,,,,12.0,,6.4,,,,1.0,2.0,2.0,,2.0,,10.0,15.0,23.0,0,2.0,39.0,3.0,,,1.0
2021-22,9576277,34,57,Watford,Away,975079,475168,João Pedro,joao-pedro,F,True,,,,5.0,2.0,7.0,,,1.0,,1.0,,1.0,,,1.0,2.0,3.0,,,,,,,,,1.0,,,22.0,,,,,,,,,4.0,,6.4,,,1.0,,2.0,,,,,6.0,3.0,9.0,1,,16.0,1.0,1.0,2.0,
2021-22,9576277,34,57,Watford,Away,991595,232391,Jeremy Ngakia,jeremy-ngakia,D,False,,,2.0,6.0,10.0,16.0,,,4.0,,,,,,,,2.0,2.0,,,1.0,,,,,,,1.0,1.0,90.0,,1.0,,,,,,,10.0,,6.3,,,,5.0,1.0,2.0,,3.0,,12.0,11.0,21.0,0,1.0,45.0,2.0,1.0,,
2021-22,9576358,35,57,Watford,Home,10599,9089,Ben Foster,ben-foster,G,False,,,5.0,5.0,1.0,6.0,1.0,2.0,6.0,,,,,,1.0,,1.0,2.0,,,,,,-1.0489,2.0,,,,,90.0,,,,,,,,,19.0,1.0,6.8,4.0,4.0,,2.0,,,,24.0,,22.0,3.0,25.0,0,,37.0,,,,
2021-22,9576358,35,57,Watford,Home,19343,40387,Dan Gosling,dan-gosling,D,True,,,,,,,,,,,,,,,,,,,,,,,,,,,,,,,,,,,,,,,,,,,,,,,,,,,,,,0,,,,,,
2021-22,9576358,35,57,Watford,Home,27014,45268,Moussa Sissoko,moussa-sissoko,M,False,1.0,,3.0,11.0,12.0,22.0,1.0,4.0,10.0,,,,,,,2.0,5.0,7.0,,,2.0,,,,,,,1.0,,90.0,,,,,,,,,15.0,,6.7,,,,1.0,,1.0,,6.0,,20.0,15.0,34.0,0,2.0,49.0,1.0,1.0,,2.0
2021-22,9576358,35,57,Watford,Home,48563,69143,Juraj Kucka,juraj-kucka,M,False,,,,8.0,10.0,18.0,5.0,1.0,7.0,,,2.0,1.0,,,1.0,10.0,5.0,,,3.0,,,,,1.0,,,,90.0,1.0,,,,,,,,15.0,,7.4,,,5.0,4.0,3.0,,,3.0,,16.0,16.0,32.0,8,1.0,57.0,,,3.0,1.0
2021-22,9576358,35,57,Watford,Home,53739,54484,Kiko Femenía,kiko-femenia,D,False,2.0,,1.0,16.0,11.0,25.0,2.0,,6.0,,,,,,,1.0,3.0,1.0,,,,,,,,1.0,1.0,1.0,,90.0,,,,,,,,,20.0,,6.6,,,,2.0,,5.0,,6.0,,29.0,12.0,36.0,0,1.0,67.0,3.0,,,
2021-22,9576358,35,57,Watford,Home,58351,85624,Christian Kabasele,christian-kabasele,D,False,,,2.0,4.0,14.0,18.0,1.0,11.0,8.0,,,,,,,,3.0,11.0,,1.0,2.0,,,,,,,,,90.0,,1.0,,,,,,,17.0,,6.3,,,,5.0,,,,8.0,,14.0,20.0,34.0,0,,45.0,1.0,,,
2021-22,9576358,35,57,Watford,Home,100621,78007,Joshua King,joshua-king,F,True,,,,,,,,,,,,,,,,,,,,,,,,,,,,,,,,,,,,,,,,,,,,,,,,,,,,,,0,,,,,,
2021-22,9576358,35,57,Watford,Home,259995,155651,Adam Masina,adam-masina,D,True,,,,,,,,,,,,,,,,,,,,,,,,,,,,,,,,,,,,,,,,,,,,,,,,,,,,,,0,,,,,,
2021-22,9576358,35,57,Watford,Home,288019,154506,Daniel Bachmann,daniel-bachmann,G,True,,,,,,,,,,,,,,,,,,,,,,,,,,,,,,,,,,,,,,,,,,,,,,,,,,,,,,0,,,,,,
2021-22,9576358,35,57,Watford,Home,319847,157775,Ken Sema,ken-sema,M,True,,,,,,,,,,,,,,,,,,,,,,,,,,,,,,,,,,,,,,,,,,,,,,,,,,,,,,0,,,,,,
2021-22,9576358,35,57,Watford,Home,331405,162651,Samir Caetano,samir-caetano,D,False,,,2.0,4.0,15.0,19.0,3.0,7.0,6.0,,,,1.0,,,,4.0,10.0,,,,,,,,,1.0,,,90.0,,,,,,,,,13.0,,6.7,,,,7.0,,,,8.0,,10.0,21.0,31.0,0,2.0,45.0,,1.0,,
2021-22,9576358,35,57,Watford,Home,338991,131304,William Troost-Ekong,william-troost-ekong,D,True,,,,,,,,,,,,,,,,,,,,,,,,,,,,,,,,,,,,,,,,,,,,,,,,,,,,,,0,,,,,,
2021-22,9576358,35,57,Watford,Home,351434,171099,Hassane Kamara,hassane-kamara,M,False,,,,8.0,13.0,21.0,1.0,3.0,6.0,,,,,,,,2.0,4.0,,,1.0,,,,,,2.0,,,90.0,,1.0,,,,,,,14.0,,6.5,,,,4.0,,2.0,,7.0,,18.0,15.0,31.0,0,,49.0,1.0,1.0,,
2021-22,9576358,35,57,Watford,Home,833030,225702,Samuel Kalu,samuel-kalu,M,True,,,,,,,,,,,,,,,,,,,,,,,,,,,,,,,,,,,,,,,,,,,,,,,,,,,,,,0,,,,,,
2021-22,9576358,35,57,Watford,Home,844424,230251,Emmanuel Dennis,emmanuel-dennis,F,False,,,1.0,12.0,4.0,16.0,2.0,,3.0,,,1.0,,,,1.0,6.0,3.0,,,3.0,,,,,,,3.0,,90.0,,,,,,,,,10.0,,6.8,,,2.0,1.0,,2.0,,2.0,,17.0,5.0,20.0,3,2.0,38.0,3.0,1.0,,1.0
2021-22,9576358,35,57,Watford,Home,845286,232185,Ismaïla Sarr,ismaila-sarr,F,False,1.0,,,20.0,3.0,22.0,2.0,,3.0,,,,,,,,3.0,3.0,,,,,,,,,,1.0,,90.0,,,,,,,,,14.0,,6.9,,,,1.0,1.0,5.0,,,,29.0,4.0,28.0,0,1.0,47.0,3.0,2.0,,
2021-22,9576358,35,57,Watford,Home,917305,442335,Edo Kayembe,edo-kayembe,M,True,,,,,,,,,,,,,,,,,,,,,,,,,,,,,,,,,,,,,,,,,,,,,,,,,,,,,,0,,,,,,
2021-22,9576358,35,57,Watford,Home,965943,471471,Imrân Louza,imran-louza,M,False,1.0,,2.0,9.0,15.0,23.0,1.0,,11.0,,,,,,,1.0,4.0,5.0,,,1.0,,,,,,2.0,1.0,,90.0,,2.0,,,,,,,17.0,,7.3,,,1.0,1.0,1.0,8.0,,4.0,,22.0,16.0,30.0,1,4.0,57.0,1.0,1.0,,2.0
2021-22,9576358,35,57,Watford,Home,975079,475168,João Pedro,joao-pedro,F,False,1.0,,1.0,17.0,7.0,23.0,4.0,2.0,7.0,,,,,,,5.0,13.0,10.0,,,1.0,,,,,,2.0,1.0,,90.0,,2.0,,,,,,,25.0,,7.1,,,1.0,1.0,6.0,3.0,,2.0,1.0,26.0,10.0,33.0,1,3.0,73.0,5.0,2.0,3.0,2.0
2021-22,9576358,35,57,Watford,Home,991595,232391,Jeremy Ngakia,jeremy-ngakia,D,True,,,,,,,,,,,,,,,,,,,,,,,,,,,,,,,,,,,,,,,,,,,,,,,,,,,,,,0,,,,,,
2021-22,9576336,36,57,Watford,Away,10599,9089,Ben Foster,ben-foster,G,False,,,11.0,11.0,4.0,15.0,,,13.0,,,,,,,,,,,,,,,0.5259,2.0,,,,,90.0,,,,,1.0,,,,24.0,,7.5,6.0,6.0,,,,,,33.0,,30.0,9.0,39.0,0,,51.0,,,,
2021-22,9576336,36,57,Watford,Away,19343,40387,Dan Gosling,dan-gosling,D,True,,,,,,,,,,,,,,,,,,,,,,,,,,,,,,,,,,,,,,,,,,,,,,,,,,,,,,0,,,,,,
2021-22,9576336,36,57,Watford,Away,22200,41338,Craig Cathcart,craig-cathcart,D,False,,,2.0,3.0,10.0,13.0,1.0,2.0,1.0,,,,2.0,,,,3.0,4.0,,,,,,,,,,,,90.0,,3.0,,,,,,,9.0,,6.8,,,1.0,3.0,,,,7.0,,11.0,11.0,22.0,1,2.0,31.0,,,,1.0
2021-22,9576336,36,57,Watford,Away,27014,45268,Moussa Sissoko,moussa-sissoko,M,False,,,1.0,10.0,9.0,19.0,3.0,1.0,5.0,,,,,,,4.0,8.0,3.0,,,1.0,,,,,,1.0,,,90.0,1.0,1.0,,,,,,,11.0,,6.5,,,,2.0,1.0,,,1.0,,12.0,11.0,23.0,1,1.0,38.0,3.0,,1.0,
2021-22,9576336,36,57,Watford,Away,46432,43250,Tom Cleverley,tom-cleverley,M,False,,,,2.0,6.0,8.0,,1.0,,,,,,,,,1.0,3.0,,,1.0,,,,,,1.0,,,52.0,,,,,,,,,6.0,,6.6,,,,1.0,,2.0,,2.0,,7.0,7.0,12.0,0,1.0,18.0,,1.0,,1.0
2021-22,9576336,36,57,Watford,Away,53739,54484,Kiko Femenía,kiko-femenia,D,False,3.0,,,12.0,16.0,25.0,,,4.0,,,,1.0,,,,3.0,3.0,,,2.0,,,,,,2.0,4.0,,90.0,,,,,,,,,8.0,,7.2,,,,2.0,,6.0,,3.0,,18.0,18.0,30.0,0,3.0,49.0,,,,2.0
2021-22,9576336,36,57,Watford,Away,58351,85624,Christian Kabasele,christian-kabasele,D,True,,,,,,,,,,,,,,,,,,,,,,,,,,,,,,,,,,,,,,,,,,,,,,,,,,,,,,0,,,,,,
2021-22,9576336,36,57,Watford,Away,100621,78007,Joshua King,joshua-king,F,False,,,,5.0,2.0,7.0,5.0,6.0,2.0,,,,1.0,,,1.0,10.0,6.0,,,4.0,,,,,,,,,90.0,,,,,,,,,14.0,,6.5,,,1.0,1.0,,1.0,,,,10.0,4.0,13.0,1,,29.0,6.0,,,
2021-22,9576336,36,57,Watford,Away,259995,155651,Adam Masina,adam-masina,D,True,,,2.0,2.0,4.0,6.0,,,1.0,,,,1.0,,,,1.0,,,,,,,,,,,,,17.0,,,,,,,,,3.0,,6.5,,,,,,1.0,,2.0,,3.0,6.0,8.0,0,,12.0,,,,
2021-22,9576336,36,57,Watford,Away,288019,154506,Daniel Bachmann,daniel-bachmann,G,True,,,,,,,,,,,,,,,,,,,,,,,,,,,,,,,,,,,,,,,,,,,,,,,,,,,,,,0,,,,,,
2021-22,9576336,36,57,Watford,Away,319847,157775,Ken Sema,ken-sema,M,True,,,1.0,2.0,7.0,9.0,1.0,,4.0,,,,,,,,3.0,4.0,,,,,,,,,,,,38.0,,,,,,,,,5.0,,6.7,,,,,4.0,1.0,,1.0,,5.0,7.0,11.0,0,,22.0,,2.0,2.0,
2021-22,9576336,36,57,Watford,Away,331405,162651,Samir Caetano,samir-caetano,D,False,,,2.0,4.0,6.0,10.0,1.0,3.0,4.0,,,1.0,,,,,2.0,6.0,,,1.0,,,,,,3.0,,,78.0,,,,,,,,,3.0,,6.9,,,,4.0,,,,3.0,,5.0,7.0,12.0,1,1.0,25.0,1.0,2.0,,
2021-22,9576336,36,57,Watford,Away,338991,131304,William Troost-Ekong,william-troost-ekong,D,True,,,,1.0,3.0,4.0,2.0,,2.0,,,,,,,,2.0,,,,,,,,,,,,,12.0,,,,,,,,,1.0,,6.5,,,,1.0,,,,,,1.0,3.0,4.0,0,,7.0,1.0,,,
2021-22,9576336,36,57,Watford,Away,351434,171099,Hassane Kamara,hassane-kamara,M,False,,,,7.0,7.0,14.0,,1.0,8.0,,,1.0,2.0,,,,5.0,3.0,,,3.0,,,,,,2.0,,,68.0,,,,1.0,,,,,14.0,,5.5,,,,2.0,2.0,3.0,,2.0,,14.0,10.0,21.0,1,1.0,43.0,1.0,,1.0,1.0
2021-22,9576336,36,57,Watford,Away,833030,225702,Samuel Kalu,samuel-kalu,M,True,,,,,,,,,,,,,,,,,,,,,,,,,,,,,,,,,,,,,,,,,,,,,,,,,,,,,,0,,,,,,
2021-22,9576336,36,57,Watford,Away,839110,227560,Peter Etebo,peter-etebo,M,True,,,,,,,,,,,,,,,,,,,,,,,,,,,,,,,,,,,,,,,,,,,,,,,,,,,,,,0,,,,,,
2021-22,9576336,36,57,Watford,Away,844424,230251,Emmanuel Dennis,emmanuel-dennis,F,False,,,1.0,7.0,4.0,11.0,1.0,2.0,4.0,,,,1.0,,,1.0,7.0,6.0,,,3.0,,,,,,1.0,,,73.0,,,,,,,,,6.0,,6.6,,,,,1.0,,,1.0,,9.0,4.0,13.0,0,2.0,26.0,1.0,2.0,,1.0
2021-22,9576336,36,57,Watford,Away,845286,232185,Ismaïla Sarr,ismaila-sarr,F,False,,,,4.0,4.0,8.0,,,3.0,,,,2.0,,,,4.0,4.0,,,2.0,,,,,,,,,90.0,,,,,,,,,7.0,,6.6,,,,2.0,,2.0,,2.0,,9.0,5.0,12.0,0,2.0,22.0,1.0,2.0,,2.0
2021-22,9576336,36,57,Watford,Away,917305,442335,Edo Kayembe,edo-kayembe,M,False,,,3.0,5.0,19.0,24.0,,1.0,5.0,,,1.0,2.0,,,1.0,4.0,7.0,,,1.0,,,,,,1.0,,,90.0,,,,,,,,,5.0,,6.9,,,,3.0,1.0,,,3.0,,6.0,22.0,28.0,1,3.0,45.0,,2.0,1.0,2.0
2021-22,9576336,36,57,Watford,Away,991595,232391,Jeremy Ngakia,jeremy-ngakia,D,True,,,,,,,,,,,,,,,,,,,,,,,,,,,,,,,,,,,,,,,,,,,,,,,,,,,,,,0,,,,,,
2021-22,9576433,37,57,Watford,Home,10599,9089,Ben Foster,ben-foster,G,False,,,8.0,7.0,9.0,16.0,1.0,1.0,6.0,,,,,,,,1.0,1.0,1.0,,,,,-1.7515,,,,,,90.0,,,,,,,,,16.0,1.0,5.2,2.0,2.0,,1.0,,,,24.0,,20.0,12.0,32.0,0,,38.0,,,,
2021-22,9576433,37,57,Watford,Home,19343,40387,Dan Gosling,dan-gosling,D,False,1.0,,1.0,8.0,5.0,12.0,,,3.0,,,,,,,,2.0,1.0,,,2.0,,,,,,,1.0,,45.0,,,,,,,,,2.0,,6.6,,,,,1.0,1.0,,1.0,,9.0,5.0,13.0,0,,18.0,1.0,,1.0,
2021-22,9576433,37,57,Watford,Home,22200,41338,Craig Cathcart,craig-cathcart,D,False,,,6.0,7.0,23.0,30.0,3.0,,6.0,,,,,,,,3.0,1.0,1.0,,,,,,,,2.0,,,90.0,,,,,,,,,7.0,,5.6,,,,3.0,,,,9.0,,11.0,26.0,37.0,0,1.0,44.0,,,,1.0
2021-22,9576433,37,57,Watford,Home,27014,45268,Moussa Sissoko,moussa-sissoko,M,False,,,1.0,21.0,8.0,29.0,2.0,1.0,3.0,,,,,,,2.0,5.0,3.0,,,,,,,,,1.0,1.0,,90.0,,,,,,,,,9.0,,6.2,,,,1.0,2.0,1.0,,1.0,,25.0,9.0,33.0,0,1.0,46.0,,,1.0,1.0
2021-22,9576433,37,57,Watford,Home,58351,85624,Christian Kabasele,christian-kabasele,D,False,,,1.0,6.0,18.0,24.0,2.0,5.0,4.0,,1.0,,,,,1.0,3.0,6.0,,,,,,,,,1.0,1.0,,90.0,,,,,,,,,11.0,,5.9,,,3.0,2.0,,,,5.0,,13.0,21.0,34.0,3,1.0,43.0,,,,
2021-22,9576433,37,57,Watford,Home,259995,155651,Adam Masina,adam-masina,D,False,,,3.0,18.0,11.0,29.0,2.0,,8.0,,,,2.0,,,,5.0,5.0,,,1.0,,,,,1.0,2.0,,,90.0,,,,,,,,,7.0,,6.1,,,1.0,1.0,1.0,,,7.0,,23.0,13.0,36.0,1,3.0,53.0,,1.0,1.0,
2021-22,9576433,37,57,Watford,Home,288019,154506,Daniel Bachmann,daniel-bachmann,G,True,,,,,,,,,,,,,,,,,,,,,,,,,,,,,,,,,,,,,,,,,,,,,,,,,,,,,,0,,,,,,
2021-22,9576433,37,57,Watford,Home,319847,157775,Ken Sema,ken-sema,M,False,6.0,,,15.0,3.0,12.0,,,2.0,1.0,,,,,,3.0,4.0,1.0,,,,,,,,,1.0,4.0,,81.0,,,,,,,,,11.0,,7.3,,,,1.0,1.0,9.0,,,,21.0,4.0,16.0,0,1.0,33.0,,,,1.0
2021-22,9576433,37,57,Watford,Home,338991,131304,William Troost-Ekong,william-troost-ekong,D,True,,,,,,,,,,,,,,,,,,,,,,,,,,,,,,,,,,,,,,,,,,,,,,,,,,,,,,0,,,,,,
2021-22,9576433,37,57,Watford,Home,351434,171099,Hassane Kamara,hassane-kamara,M,True,,,1.0,5.0,5.0,10.0,1.0,2.0,2.0,,,,,,,1.0,3.0,5.0,,,,,,,,,3.0,,,45.0,,,,,,,,,8.0,,6.3,,,,,2.0,,,2.0,,8.0,6.0,14.0,0,1.0,30.0,1.0,1.0,1.0,1.0
2021-22,9576433,37,57,Watford,Home,805096,208973,Francisco Sierralta,francisco-sierralta,D,True,,,,,,,,,,,,,,,,,,,,,,,,,,,,,,,,,,,,,,,,,,,,,,,,,,,,,,0,,,,,,
2021-22,9576433,37,57,Watford,Home,833030,225702,Samuel Kalu,samuel-kalu,M,False,1.0,,,20.0,2.0,21.0,,,3.0,1.0,1.0,,,,,2.0,4.0,4.0,,,,,,,,,2.0,1.0,,90.0,,,,,,,,,13.0,,6.5,,,1.0,,2.0,5.0,,,2.0,25.0,4.0,24.0,1,1.0,44.0,2.0,3.0,,1.0
2021-22,9576433,37,57,Watford,Home,839110,227560,Peter Etebo,peter-etebo,M,True,,,,1.0,1.0,2.0,,1.0,,,,,,,,1.0,3.0,1.0,,,1.0,,,,,,,,,9.0,,,,,,,,,2.0,,6.0,,,,,1.0,,,,,1.0,1.0,2.0,0,,4.0,,,,
2021-22,9576433,37,57,Watford,Home,917305,442335,Edo Kayembe,edo-kayembe,M,False,,,3.0,20.0,19.0,39.0,2.0,,7.0,,,,,,,1.0,3.0,7.0,,,,,,,,,1.0,1.0,,90.0,,,,,,,,,6.0,,7.0,,,,,3.0,,,3.0,,20.0,21.0,41.0,0,4.0,55.0,3.0,,3.0,1.0
2021-22,9576433,37,57,Watford,Home,975079,475168,João Pedro,joao-pedro,F,False,,,3.0,16.0,8.0,24.0,4.0,3.0,2.0,,2.0,,2.0,,,6.0,14.0,10.0,,,,,1.0,,,,1.0,,,90.0,5.0,,,,,,,,28.0,,7.2,,,2.0,,6.0,2.0,,3.0,1.0,31.0,9.0,38.0,7,2.0,69.0,4.0,1.0,4.0,
2021-22,9576433,37,57,Watford,Home,991595,232391,Jeremy Ngakia,jeremy-ngakia,D,False,1.0,,1.0,13.0,13.0,25.0,2.0,,11.0,1.0,,,1.0,,,1.0,4.0,5.0,,,,,,,,,2.0,1.0,,90.0,,,,,,,,,16.0,,6.7,,,1.0,1.0,1.0,6.0,,1.0,,22.0,15.0,31.0,1,4.0,60.0,1.0,,1.0,4.0
2021-22,9576433,37,57,Watford,Home,998357,493934,Kwadwo Baah,kwadwo-baah,F,True,,,,,,,,,,,,,,,,,,,,,,,,,,,,,,,,,,,,,,,,,,,,,,,,,,,,,,0,,,,,,
2021-22,9576433,37,57,Watford,Home,1004344,242183,James Morris,james-morris,D,True,,,,,,,,,,,,,,,,,,,,,,,,,,,,,,,,,,,,,,,,,,,,,,,,,,,,,,0,,,,,,
2021-22,9576433,37,57,Watford,Home,1134447,535339,Tiago Cukur,tiago-cukur,F,True,,,,,,,,,,,,,,,,,,,,,,,,,,,,,,,,,,,,,,,,,,,,,,,,,,,,,,0,,,,,,
2021-22,9576308,38,57,Watford,Away,19343,40387,Dan Gosling,dan-gosling,D,True,,,,,3.0,3.0,1.0,1.0,1.0,,,,,,,,1.0,2.0,,,,,1.0,,,,,,,8.0,1.0,,,,,,,,1.0,,7.4,,,,,,,,1.0,,1.0,3.0,4.0,1,1.0,7.0,,,,1.0
2021-22,9576308,38,57,Watford,Away,20581,19838,Robert Elliot,robert-elliot,G,True,,,,,,,,,,,,,,,,,,,,,,,,,,,,,,,,,,,,,,,,,,,,,,,,,,,,,,0,,,,,,
2021-22,9576308,38,57,Watford,Away,22200,41338,Craig Cathcart,craig-cathcart,D,True,,,,,,,,,,,,,,,,,,,,,,,,,,,,,,,,,,,,,,,,,,,,,,,,,,,,,,0,,,,,,
2021-22,9576308,38,57,Watford,Away,27014,45268,Moussa Sissoko,moussa-sissoko,M,False,,,2.0,11.0,9.0,20.0,2.0,3.0,8.0,,,1.0,,,,4.0,13.0,10.0,,,3.0,,,,,,,,,90.0,,,,,,,,,15.0,,6.2,,,,1.0,6.0,,,4.0,,15.0,12.0,27.0,1,4.0,51.0,,1.0,2.0,2.0
2021-22,9576308,38,57,Watford,Away,46432,43250,Tom Cleverley,tom-cleverley,M,False,,,2.0,11.0,18.0,29.0,,,4.0,1.0,,1.0,1.0,,,1.0,4.0,6.0,,,2.0,,,,,,2.0,1.0,,90.0,,,,,,,,,8.0,,7.1,,,,1.0,,,,4.0,,15.0,21.0,36.0,1,5.0,47.0,,1.0,,4.0
2021-22,9576308,38,57,Watford,Away,53739,54484,Kiko Femenía,kiko-femenia,D,False,1.0,,1.0,16.0,11.0,26.0,,,5.0,,,,1.0,,,,3.0,,,,,,,,,,3.0,,,90.0,1.0,1.0,,,,,,,19.0,,6.6,,,,1.0,2.0,6.0,,4.0,,27.0,14.0,35.0,1,,58.0,,,,
2021-22,9576308,38,57,Watford,Away,58351,85624,Christian Kabasele,christian-kabasele,D,False,,,,2.0,8.0,10.0,1.0,,2.0,,,,,,,,1.0,5.0,,,,,,,,,,,,90.0,,3.0,,,,,,,3.0,,7.2,,,,2.0,,,,1.0,,4.0,9.0,13.0,0,5.0,26.0,,,,1.0
2021-22,9576308,38,57,Watford,Away,100621,78007,Joshua King,joshua-king,F,False,,,,15.0,5.0,20.0,2.0,1.0,3.0,,,,,,,2.0,5.0,3.0,,,,,,,,,1.0,1.0,,72.0,,,,,,,,,9.0,,6.6,,,,2.0,1.0,,,,,18.0,5.0,23.0,0,2.0,35.0,2.0,,,1.0
2021-22,9576308,38,57,Watford,Away,259995,155651,Adam Masina,adam-masina,D,True,1.0,,,1.0,5.0,5.0,,,2.0,1.0,,,,,,,,1.0,,,,1.0,,,,,,1.0,,12.0,,,,,,,,,,,7.1,,,,,,1.0,,,,1.0,5.0,5.0,0,1.0,7.0,,,,1.0
2021-22,9576308,38,57,Watford,Away,288019,154506,Daniel Bachmann,daniel-bachmann,G,False,,,10.0,7.0,6.0,13.0,,,10.0,,,,,,,,,,,,,,,0.9843,,,,,,90.0,,,,,,,,,12.0,,7.0,2.0,6.0,,,,,,22.0,,18.0,7.0,25.0,0,,35.0,,,,
2021-22,9576308,38,57,Watford,Away,319847,157775,Ken Sema,ken-sema,M,False,2.0,,1.0,10.0,2.0,10.0,,1.0,3.0,,,1.0,,,,4.0,9.0,2.0,,,2.0,,,,,,,2.0,,90.0,,,,,,,,,13.0,,6.2,,,,2.0,4.0,3.0,,2.0,,14.0,3.0,14.0,1,,32.0,,1.0,,
2021-22,9576308,38,57,Watford,Away,331405,162651,Samir Caetano,samir-caetano,D,False,,,2.0,2.0,14.0,16.0,1.0,2.0,6.0,,,,,,,,2.0,4.0,,,1.0,,,,,,,,,90.0,,,,,,,,,9.0,,6.4,,,,2.0,,,,6.0,,7.0,18.0,25.0,0,,31.0,,2.0,,
2021-22,9576308,38,57,Watford,Away,338991,131304,William Troost-Ekong,william-troost-ekong,D,True,,,,,,,,,,,,,,,,,,,,,,,,,,,,,,,,,,,,,,,,,,,,,,,,,,,,,,0,,,,,,
2021-22,9576308,38,57,Watford,Away,351434,171099,Hassane Kamara,hassane-kamara,M,False,,,,7.0,6.0,13.0,,,4.0,,,,,,,,1.0,4.0,,,1.0,,,,,,7.0,,,78.0,,,,,,,,,6.0,,7.2,,,,5.0,,,,1.0,,8.0,8.0,16.0,0,2.0,40.0,1.0,2.0,,1.0
2021-22,9576308,38,57,Watford,Away,805096,208973,Francisco Sierralta,francisco-sierralta,D,True,,,,,,,,,,,,,,,,,,,,,,,,,,,,,,,,,,,,,,,,,,,,,,,,,,,,,,0,,,,,,
2021-22,9576308,38,57,Watford,Away,887055,244716,Cucho Hernández,cucho-hernandez,F,True,,,,1.0,1.0,2.0,1.0,,,,,,,,,,1.0,1.0,,,,,,,,,,,,18.0,,,,,,,,,,,6.5,,,,,,,,,1.0,1.0,1.0,2.0,0,1.0,3.0,,,,
2021-22,9576308,38,57,Watford,Away,917305,442335,Edo Kayembe,edo-kayembe,M,False,,,1.0,11.0,14.0,25.0,2.0,1.0,5.0,,,,2.0,,,2.0,7.0,5.0,,,,,,,,,1.0,,,82.0,,,,,,,,,8.0,,6.6,,,2.0,,2.0,,,1.0,1.0,12.0,18.0,30.0,2,2.0,41.0,,1.0,1.0,
2021-22,9576308,38,57,Watford,Away,975079,475168,João Pedro,joao-pedro,F,False,,,2.0,11.0,6.0,17.0,5.0,,2.0,,1.0,,2.0,,,5.0,14.0,6.0,,,,,,,,,,1.0,,90.0,1.0,,,,,,,,17.0,,6.4,,,,,6.0,1.0,,2.0,,18.0,9.0,26.0,1,2.0,47.0,,,4.0,2.0
2021-22,9576308,38,57,Watford,Away,991595,232391,Jeremy Ngakia,jeremy-ngakia,D,True,,,,,,,,,,,,,,,,,,,,,,,,,,,,,,,,,,,,,,,,,,,,,,,,,,,,,,0,,,,,,
2021-22,9576308,38,57,Watford,Away,998357,493934,Kwadwo Baah,kwadwo-baah,F,True,,,,,,,,,,,,,,,,,,,,,,,,,,,,,,,,,,,,,,,,,,,,,,,,,,,,,,0,,,,,,
