team_dir,season,playerId,playerName,team,position,nationality,aerialDuels,aerialDuelsLost,aerialDuelsWon,appearances,attemptsFromSetPieces,awayGoals,backwardPasses,blockedShots,blocks,catches,cleanSheets,clearancesOffTheLine,cornersTakenInclShortCorners,cornersWon,crossesNotClaimed,drops,duels,duelsLost,duelsWon,expectedAssists,expectedGoals,expectedGoalsFreekick,expectedGoalsOnTarget,expectedGoalsOnTargetConceded,forwardPasses,foulAttemptedTackle,foulWonPenalty,freekickTotal,gamesPlayed,gkSuccessfulDistribution,gkUnsuccessfulDistribution,goalAssists,goalKicks,goalkeeperSmother,goals,goalsConceded,goalsConcededInsideBox,goalsConcededOutsideBox,groundDuels,groundDuelsLost,groundDuelsWon,handballsConceded,headedGoals,hitWoodwork,homeGoals,iboxBlocked,iboxTarget,interceptions,keyPassesAttemptAssists,lastPlayerTackle,leftFootGoals,leftsidePasses,oboxBlocked,oboxTarget,offsides,openPlayPasses,otherGoals,overruns,ownGoalScored,penaltiesConceded,penaltiesFaced,penaltiesSaved,penaltiesTaken,penaltyGoals,penaltyGoalsConceded,punches,putthroughBlockedDistribution,putthroughBlockedDistributionWon,recoveries,redCards2ndYellow,rightFootGoals,rightsidePasses,savesFromPenalty,savesMade,savesMadeCaught,savesMadeFromInsideBox,savesMadeFromOutsideBox,savesMadeParried,secondGoalAssists,setPiecesGoals,shotsBlockedInBox,shotsBlockedOutsideBox,shotsOffTargetIncWoodwork,shotsOnTargetInBox,shotsOnTargetIncGoals,shotsOnTargetOutsideBox,starts,straightRedCards,substituteOff,substituteOn,successfulCornersIntoBox,successfulCrossesAndCorners,successfulCrossesOpenPlay,successfulDribbles,successfulLaunches,successfulLayoffs,successfulLongPasses,successfulPassesOppositionHalf,successfulPassesOwnHalf,successfulShortPasses,tacklesLost,tacklesWon,throughBalls,throwInsToOppositionPlayer,throwInsToOwnPlayer,timePlayed,timesTackled,totalClearances,totalFoulsConceded,totalFoulsWon,totalLossesOfPossession,totalPasses,totalRedCards,totalShots,totalTackles,totalTouchesInOppositionBox,totalUnsuccessfulPassesExclCrossesAndCorners,touches,unsuccessfulCornersIntoBox,unsuccessfulCrossesAndCorners,unsuccessfulCrossesOpenPlay,unsuccessfulDribbles,unsuccessfulLaunches,unsuccessfulLayoffs,unsuccessfulLongPasses,unsuccessfulPassesOwnHalf,unsuccessfulShortPasses,winningGoal,yellowCards
A_Villa_7,2014-15,41705,Brad Guzan,Middlesbrough,Goalkeeper,United States,10.0,1.0,9.0,34.0,,0.0,,,,69.0,9.0,,,2.0,6.0,3.0,15.0,2.0,13.0,0.0753,,,,44.1513,775.0,1.0,,,34.0,291.0,140.0,,282.0,5.0,,48.0,41.0,7.0,5.0,1.0,4.0,,,,0.0,,,3.0,,,,66.0,,,,468.0,,,,1.0,3.0,,,,3.0,16.0,2.0,,356.0,,,113.0,,101.0,15.0,63.0,38.0,20.0,,,,,,,,,34.0,0.0,,,,,,,154.0,,323.0,214.0,309.0,200.0,,,,,,3060.0,,26.0,1.0,7.0,446.0,954.0,0.0,,,,431.0,1327.0,,,,,248.0,,429.0,75.0,2.0,0.0,2.0
A_Villa_7,2014-15,79852,Jed Steer,Peterborough United,Goalkeeper,England,,,,1.0,,0.0,,,,1.0,,,,,,,,,,0.0016,,,,0.6502,17.0,,,,1.0,9.0,3.0,,4.0,,,1.0,1.0,,,,,,,,0.0,,,,,,,6.0,,,,25.0,,,,,,,,,,,,,14.0,,,7.0,,2.0,,1.0,1.0,,,,,,,,,,1.0,0.0,,,,,,,3.0,,6.0,4.0,13.0,11.0,,,,,,90.0,,,,,14.0,30.0,0.0,,,,13.0,42.0,,,,,10.0,,13.0,3.0,,0.0,0.0
A_Villa_7,2014-15,1822,Shay Given,Stoke City,Goalkeeper,Ireland,,,,3.0,,0.0,,,,4.0,1.0,,,,,,2.0,,2.0,0.0094,,,,6.8392,65.0,,,,3.0,15.0,10.0,,18.0,1.0,,8.0,7.0,1.0,2.0,,2.0,,,,0.0,,,1.0,,,,8.0,,,,39.0,,,,,1.0,,,,1.0,2.0,,,27.0,,,2.0,,9.0,1.0,7.0,2.0,1.0,,,,,,,,,3.0,0.0,,,,,,,13.0,,22.0,19.0,20.0,17.0,,,,,,270.0,,3.0,,2.0,37.0,75.0,0.0,,,,36.0,104.0,,,,,23.0,,36.0,5.0,,0.0,1.0
A_Villa_7,2014-15,52477,Nathan Baker,Bristol City,Defender,England,63.0,26.0,37.0,11.0,,0.0,14.0,,8.0,,1.0,,,,,,95.0,43.0,52.0,0.1105,0.6385,,,12.5906,96.0,3.0,,,11.0,,,,,,,13.0,10.0,3.0,32.0,17.0,15.0,,,,0.0,,,18.0,4.0,,,35.0,,,,184.0,,,,,,,,,,,5.0,5.0,18.0,,,47.0,,,,,,,,,,,6.0,,,,8.0,0.0,2.0,3.0,,,,,3.0,,11.0,33.0,115.0,137.0,4.0,10.0,,2.0,1.0,763.0,1.0,102.0,7.0,1.0,50.0,192.0,0.0,6.0,14.0,9.0,44.0,363.0,,,,,21.0,,26.0,8.0,18.0,0.0,0.0
A_Villa_7,2014-15,21095,Ron Vlaar,AZ,Defender,Netherlands,46.0,22.0,24.0,20.0,,0.0,40.0,1.0,9.0,,6.0,,,3.0,,,85.0,38.0,47.0,0.7555,1.1113,,0.2252,22.1491,256.0,8.0,,,20.0,,,1.0,,,,26.0,21.0,5.0,39.0,16.0,23.0,,,,0.0,,1.0,41.0,1.0,,,176.0,1.0,1.0,,601.0,,,,2.0,,,,,1.0,,10.0,6.0,58.0,1.0,,158.0,,,,,,,,,,1.0,11.0,1.0,2.0,1.0,19.0,0.0,1.0,1.0,,,,3.0,19.0,,76.0,135.0,380.0,439.0,6.0,11.0,,,1.0,1646.0,4.0,116.0,9.0,3.0,123.0,630.0,1.0,13.0,17.0,22.0,115.0,862.0,,1.0,1.0,1.0,45.0,,68.0,37.0,47.0,0.0,3.0
A_Villa_7,2014-15,80502,Jores Okore,FC København,Defender,Denmark,87.0,37.0,50.0,23.0,,0.0,66.0,1.0,16.0,,4.0,,,1.0,,,228.0,84.0,144.0,0.6465,0.8686,,0.4981,33.8736,377.0,9.0,,,23.0,,,,,,1.0,35.0,31.0,4.0,141.0,47.0,94.0,1.0,1.0,,1.0,1.0,1.0,65.0,6.0,,,299.0,,,,871.0,,1.0,,1.0,,,,,3.0,,24.0,13.0,126.0,,,152.0,,,,,,,,,1.0,,3.0,1.0,2.0,,22.0,0.0,,1.0,,1.0,1.0,10.0,11.0,,69.0,214.0,558.0,702.0,13.0,38.0,,,1.0,2009.0,12.0,149.0,21.0,35.0,145.0,894.0,0.0,5.0,51.0,19.0,123.0,1279.0,,3.0,3.0,2.0,50.0,,66.0,56.0,57.0,0.0,6.0
A_Villa_7,2014-15,58845,Ciaran Clark,Stoke City,Defender,Ireland,117.0,40.0,77.0,25.0,,0.0,85.0,5.0,23.0,,1.0,1.0,,3.0,,,202.0,64.0,138.0,0.5121,1.8762,,1.5653,30.1803,410.0,7.0,,,25.0,,,2.0,,,1.0,34.0,31.0,3.0,85.0,24.0,61.0,,1.0,,1.0,3.0,5.0,48.0,4.0,1.0,,144.0,2.0,,1.0,876.0,,1.0,,,,,,,3.0,,14.0,8.0,93.0,1.0,,267.0,,,,,,,,,3.0,2.0,5.0,5.0,6.0,,22.0,0.0,4.0,3.0,,1.0,1.0,9.0,30.0,2.0,76.0,177.0,539.0,639.0,5.0,34.0,,5.0,8.0,1991.0,1.0,200.0,19.0,18.0,213.0,906.0,1.0,11.0,39.0,29.0,191.0,1309.0,,5.0,5.0,,79.0,,111.0,51.0,80.0,0.0,8.0
A_Villa_7,2014-15,74297,Leandro Bacuna,Watford,Midfielder,Curacao,22.0,15.0,7.0,19.0,5.0,0.0,93.0,4.0,,,3.0,,5.0,13.0,,,113.0,68.0,45.0,1.8432,1.0095,0.3032,0.9056,13.8654,205.0,11.0,,5.0,19.0,,,5.0,,,,16.0,12.0,4.0,91.0,53.0,38.0,,,,0.0,1.0,2.0,15.0,12.0,,,242.0,3.0,1.0,1.0,559.0,,4.0,,,,,,,1.0,,15.0,7.0,73.0,,,37.0,,,,,,,,,1.0,3.0,10.0,2.0,3.0,1.0,10.0,0.0,6.0,9.0,3.0,18.0,12.0,8.0,8.0,4.0,35.0,295.0,176.0,418.0,5.0,20.0,,11.0,92.0,981.0,22.0,18.0,16.0,5.0,226.0,577.0,0.0,13.0,25.0,12.0,124.0,899.0,1.0,50.0,46.0,10.0,25.0,1.0,57.0,29.0,67.0,0.0,1.0
A_Villa_7,2014-15,16854,Philippe Senderos,Aston Villa,Defender,Switzerland,13.0,7.0,6.0,8.0,,0.0,11.0,1.0,9.0,,3.0,,,,,,40.0,23.0,17.0,0.0216,0.8688,,0.0944,7.4314,125.0,3.0,,,8.0,,,,,,,9.0,7.0,2.0,27.0,16.0,11.0,,,,0.0,1.0,1.0,9.0,1.0,,,63.0,,,,228.0,,,,,,,,,,,8.0,5.0,19.0,,,35.0,,,,,,,,,1.0,,3.0,1.0,1.0,,7.0,0.0,,1.0,,,,1.0,8.0,,19.0,46.0,145.0,172.0,4.0,3.0,,,,632.0,1.0,48.0,10.0,4.0,45.0,234.0,0.0,4.0,7.0,5.0,43.0,330.0,,,,,16.0,,28.0,12.0,15.0,0.0,2.0
A_Villa_7,2014-15,15073,Kieran Richardson,Cardiff City,Defender,England,36.0,19.0,17.0,22.0,,0.0,88.0,3.0,6.0,,4.0,,,3.0,,,123.0,70.0,53.0,0.92,0.8964,,1.5486,18.3075,205.0,7.0,,,22.0,,,1.0,,,,25.0,22.0,3.0,87.0,51.0,36.0,,,,0.0,,2.0,15.0,7.0,2.0,,82.0,3.0,1.0,2.0,494.0,,,,,,,,,3.0,,22.0,10.0,63.0,,,124.0,,,,,,,,,,3.0,3.0,2.0,3.0,1.0,16.0,1.0,6.0,6.0,,4.0,4.0,5.0,4.0,13.0,29.0,239.0,142.0,348.0,7.0,18.0,1.0,10.0,60.0,1345.0,20.0,25.0,14.0,7.0,184.0,499.0,1.0,6.0,25.0,11.0,122.0,740.0,,19.0,19.0,6.0,20.0,1.0,37.0,31.0,85.0,0.0,2.0
A_Villa_7,2014-15,15405,Alan Hutton,Aston Villa,Defender,Scotland,80.0,28.0,52.0,30.0,,0.0,178.0,,15.0,,6.0,,,13.0,,,261.0,93.0,168.0,3.0177,1.0526,,0.8365,38.8631,419.0,14.0,,,30.0,,,,,,1.0,42.0,37.0,5.0,181.0,65.0,116.0,,,,1.0,,1.0,36.0,22.0,1.0,,445.0,,2.0,2.0,1089.0,,3.0,,,,,,,3.0,,49.0,22.0,117.0,,1.0,75.0,,,,,,,,,,,7.0,1.0,4.0,2.0,27.0,0.0,1.0,3.0,,30.0,30.0,18.0,13.0,4.0,56.0,502.0,381.0,797.0,9.0,40.0,,54.0,236.0,2417.0,33.0,101.0,19.0,50.0,458.0,1117.0,0.0,11.0,49.0,30.0,264.0,1915.0,,78.0,78.0,14.0,37.0,1.0,79.0,53.0,185.0,1.0,8.0
A_Villa_7,2014-15,154941,Lewis Kinsella,Maidenhead United,Defender,England,,,,,,,,,,,,,,,,,,,,,,,,,,,,,,,,,,,,,,,,,,,,,,,,,,,,,,,,,,,,,,,,,,,,,,,,,,,,,,,,,,,,,,,,0.0,,,,,,,,,,,,,,,,,,,,,,,,,0.0,,,,,,,,,,,,,,,,0.0
A_Villa_7,2014-15,44354,Aly Cissokho,Aston Villa,Defender,France,55.0,16.0,39.0,25.0,,0.0,199.0,5.0,7.0,,6.0,1.0,,11.0,,,194.0,78.0,116.0,1.0244,0.5299,,,28.7983,334.0,5.0,,,25.0,,,,,,,31.0,26.0,5.0,139.0,62.0,77.0,1.0,,,0.0,5.0,,31.0,8.0,1.0,,25.0,,,,805.0,,,1.0,,,,,,2.0,,55.0,23.0,90.0,,,259.0,,,,,,,,,5.0,,4.0,,,,24.0,0.0,6.0,1.0,,9.0,9.0,17.0,19.0,,38.0,322.0,297.0,572.0,10.0,38.0,,38.0,165.0,2131.0,28.0,99.0,22.0,12.0,373.0,817.0,0.0,4.0,48.0,21.0,207.0,1461.0,,86.0,86.0,18.0,78.0,,89.0,79.0,118.0,0.0,1.0
A_Villa_7,2014-15,68983,Matthew Lowton,Burnley,Defender,England,20.0,8.0,12.0,12.0,,,49.0,1.0,3.0,,2.0,,,3.0,,,81.0,39.0,42.0,,,,,,145.0,7.0,1.0,,12.0,,,,,,,13.0,11.0,2.0,61.0,31.0,30.0,,,,,,,16.0,5.0,,,79.0,,,,320.0,,1.0,,,,,,,,,13.0,5.0,29.0,,,50.0,,,,,,,,,,,1.0,,1.0,,8.0,0.0,1.0,4.0,,4.0,4.0,6.0,11.0,,32.0,145.0,94.0,203.0,4.0,14.0,,12.0,78.0,754.0,10.0,36.0,8.0,6.0,133.0,323.0,0.0,2.0,18.0,5.0,88.0,557.0,,15.0,15.0,4.0,28.0,,42.0,16.0,46.0,0.0,2.0
A_Villa_7,2014-15,49493,Chris Herd,Gillingham,Midfielder,Australia,,,,,,,,,,,,,,,,,,,,,,,,,,,,,,,,,,,,,,,,,,,,,,,,,,,,,,,,,,,,,,,,,,,,,,,,,,,,,,,,,,,,,,,,0.0,,,,,,,,,,,,,,,,,,,,,,,,,0.0,,,,,,,,,,,,,,,,0.0
A_Villa_7,2014-15,43250,Tom Cleverley,Watford,Midfielder,England,42.0,29.0,13.0,32.0,,1.0,326.0,7.0,3.0,,4.0,,9.0,10.0,,,264.0,133.0,131.0,1.1475,1.8083,,1.6641,37.3794,363.0,24.0,,,32.0,,,,,,3.0,45.0,38.0,7.0,222.0,104.0,118.0,1.0,,,2.0,4.0,2.0,28.0,27.0,,,398.0,3.0,4.0,,1470.0,,1.0,,,,,,,2.0,,45.0,27.0,154.0,,3.0,409.0,,,,,,,1.0,,4.0,3.0,8.0,2.0,9.0,4.0,32.0,0.0,13.0,,2.0,14.0,10.0,11.0,4.0,78.0,73.0,815.0,493.0,1221.0,16.0,60.0,1.0,1.0,16.0,2610.0,37.0,23.0,32.0,32.0,324.0,1496.0,0.0,17.0,76.0,30.0,202.0,1896.0,6.0,55.0,42.0,9.0,21.0,3.0,67.0,42.0,135.0,2.0,7.0
A_Villa_7,2014-15,19688,Scott Sinclair,Bristol Rovers,Midfielder,England,7.0,5.0,2.0,11.0,,0.0,56.0,1.0,1.0,,1.0,,2.0,2.0,,,41.0,25.0,16.0,0.0907,0.862,,0.9967,7.2247,40.0,1.0,,,11.0,,,,,,1.0,7.0,6.0,1.0,34.0,20.0,14.0,,1.0,,1.0,1.0,2.0,3.0,2.0,,,18.0,,,1.0,148.0,,3.0,,,,,,,2.0,,8.0,3.0,23.0,,,35.0,,,,,,,,,1.0,,3.0,2.0,3.0,,5.0,0.0,2.0,6.0,,,,5.0,1.0,8.0,2.0,77.0,40.0,115.0,,3.0,,,1.0,464.0,12.0,3.0,2.0,6.0,65.0,149.0,0.0,6.0,3.0,14.0,32.0,221.0,2.0,6.0,4.0,5.0,1.0,1.0,2.0,11.0,30.0,0.0,0.0
A_Villa_7,2014-15,2060,Joe Cole,Aston Villa,Midfielder,England,4.0,3.0,1.0,12.0,,1.0,58.0,1.0,,,,,9.0,3.0,,,36.0,19.0,17.0,0.5327,0.2725,,0.1004,4.6418,43.0,4.0,,,12.0,,,1.0,,,1.0,6.0,6.0,,32.0,16.0,16.0,,,,0.0,1.0,,3.0,6.0,,,34.0,,,2.0,173.0,,,,,,,,,,,6.0,2.0,16.0,,1.0,40.0,,,,,,,,,1.0,,2.0,,1.0,,3.0,0.0,3.0,9.0,5.0,5.0,,3.0,,14.0,9.0,88.0,65.0,139.0,3.0,4.0,1.0,,1.0,279.0,10.0,2.0,4.0,6.0,59.0,175.0,0.0,3.0,7.0,7.0,27.0,246.0,3.0,11.0,7.0,1.0,2.0,,9.0,2.0,18.0,0.0,0.0
A_Villa_7,2014-15,60551,Ashley Westwood,Charlotte FC,Midfielder,England,34.0,20.0,14.0,27.0,4.0,0.0,113.0,5.0,14.0,,6.0,,58.0,10.0,,,129.0,71.0,58.0,2.6672,0.8033,0.2617,1.4544,32.8499,445.0,15.0,,4.0,27.0,,,1.0,,,,36.0,29.0,7.0,95.0,51.0,44.0,,,1.0,0.0,,2.0,40.0,34.0,,,368.0,5.0,3.0,,1290.0,,,,,,,,,2.0,,37.0,24.0,126.0,,,400.0,,,,,,,,,,5.0,8.0,2.0,5.0,3.0,25.0,0.0,5.0,2.0,18.0,24.0,1.0,1.0,9.0,27.0,111.0,627.0,507.0,999.0,9.0,24.0,4.0,,1.0,2152.0,13.0,49.0,23.0,12.0,322.0,1326.0,0.0,13.0,33.0,8.0,216.0,1670.0,39.0,66.0,13.0,,22.0,,71.0,48.0,145.0,0.0,4.0
A_Villa_7,2014-15,41823,Fabian Delph,Everton,Midfielder,England,49.0,29.0,20.0,28.0,1.0,0.0,214.0,5.0,9.0,,6.0,,21.0,9.0,,,314.0,130.0,184.0,2.9237,1.9954,0.0636,1.9563,39.7194,564.0,8.0,,1.0,28.0,,,3.0,,,,46.0,40.0,6.0,265.0,101.0,164.0,,,2.0,0.0,2.0,2.0,38.0,33.0,1.0,,349.0,3.0,9.0,,1610.0,,5.0,,,,,,,3.0,,51.0,30.0,175.0,,,546.0,,,,,,,,,2.0,3.0,27.0,2.0,11.0,9.0,27.0,1.0,,1.0,6.0,18.0,9.0,61.0,8.0,30.0,146.0,924.0,520.0,1280.0,11.0,47.0,2.0,,7.0,2434.0,57.0,29.0,13.0,45.0,406.0,1673.0,1.0,38.0,58.0,14.0,247.0,2194.0,15.0,58.0,35.0,13.0,24.0,1.0,87.0,44.0,160.0,0.0,1.0
A_Villa_7,2014-15,42824,Carlos Sánchez,Watford,Midfielder,Colombia,105.0,44.0,61.0,28.0,1.0,1.0,131.0,6.0,6.0,,3.0,,,3.0,,,312.0,148.0,164.0,0.583,0.5088,0.0643,0.2159,31.1275,382.0,28.0,,1.0,28.0,,,,,,1.0,33.0,29.0,4.0,207.0,104.0,103.0,2.0,,,0.0,,,38.0,9.0,,,407.0,6.0,4.0,,1268.0,,1.0,,,,,,,3.0,,38.0,23.0,171.0,1.0,1.0,363.0,,,,,,,,,,6.0,6.0,,5.0,4.0,20.0,0.0,5.0,8.0,,3.0,3.0,15.0,4.0,11.0,101.0,527.0,542.0,965.0,26.0,51.0,,,,1985.0,30.0,42.0,46.0,12.0,276.0,1283.0,1.0,11.0,77.0,5.0,217.0,1592.0,,4.0,4.0,4.0,14.0,,43.0,76.0,174.0,0.0,6.0
A_Villa_7,2014-15,88554,Carles Gil,New England Revolution,Midfielder,Spain,1.0,1.0,,5.0,1.0,0.0,64.0,1.0,,,,,18.0,7.0,,,61.0,31.0,30.0,0.5861,0.13,0.0663,,8.846,59.0,1.0,,1.0,5.0,,,1.0,,,,11.0,10.0,1.0,60.0,30.0,30.0,,,,0.0,1.0,,3.0,5.0,,,58.0,,,,212.0,,1.0,,,,,,,1.0,,9.0,3.0,20.0,,,36.0,,,,,,,,,1.0,,2.0,,,,4.0,0.0,1.0,1.0,3.0,5.0,2.0,18.0,,5.0,8.0,128.0,69.0,184.0,2.0,2.0,,,3.0,359.0,18.0,,3.0,8.0,76.0,217.0,0.0,2.0,4.0,8.0,25.0,316.0,15.0,27.0,10.0,8.0,1.0,,5.0,3.0,20.0,0.0,1.0
A_Villa_7,2014-15,18737,Charles N'Zogbia,Aston Villa,Midfielder,France,34.0,25.0,9.0,27.0,4.0,0.0,159.0,10.0,,,,,20.0,11.0,,,210.0,147.0,63.0,1.0546,1.188,0.2593,1.7421,18.3537,127.0,17.0,,4.0,27.0,,,2.0,,,,13.0,12.0,1.0,176.0,122.0,54.0,1.0,,,0.0,6.0,,5.0,15.0,,,141.0,4.0,6.0,3.0,528.0,,4.0,,,,,,,1.0,,25.0,9.0,69.0,,,105.0,,,,,,,,,6.0,4.0,11.0,,6.0,6.0,19.0,0.0,18.0,8.0,4.0,8.0,2.0,25.0,2.0,35.0,8.0,328.0,110.0,422.0,4.0,10.0,2.0,2.0,11.0,1429.0,85.0,5.0,31.0,16.0,269.0,532.0,0.0,17.0,14.0,35.0,102.0,837.0,14.0,34.0,17.0,32.0,2.0,1.0,6.0,19.0,96.0,0.0,3.0
A_Villa_7,2014-15,154943,Riccardo Calder,Brackley Town,Defender,England,,,,,,,,,,,,,,,,,,,,,,,,,,,,,,,,,,,,,,,,,,,,,,,,,,,,,,,,,,,,,,,,,,,,,,,,,,,,,,,,,,,,,,,,0.0,,,,,,,,,,,,,,,,,,,,,,,,,0.0,,,,,,,,,,,,,,,,0.0
A_Villa_7,2014-15,114283,Jack Grealish,Everton,Midfielder,England,9.0,4.0,5.0,17.0,1.0,0.0,101.0,6.0,1.0,,,,27.0,10.0,,,127.0,51.0,76.0,1.5924,1.1745,0.0496,1.5988,13.5446,74.0,1.0,,1.0,17.0,,,1.0,,,,18.0,14.0,4.0,118.0,47.0,71.0,,,,0.0,3.0,3.0,8.0,17.0,,,83.0,3.0,2.0,2.0,332.0,,2.0,,,,,,,2.0,,14.0,11.0,47.0,,,90.0,,,,,,,1.0,,3.0,3.0,2.0,3.0,5.0,2.0,7.0,0.0,4.0,10.0,13.0,16.0,3.0,23.0,1.0,17.0,8.0,269.0,68.0,313.0,3.0,7.0,,,2.0,815.0,39.0,6.0,5.0,39.0,115.0,348.0,0.0,7.0,10.0,30.0,27.0,573.0,12.0,21.0,6.0,6.0,,,1.0,5.0,26.0,0.0,0.0
A_Villa_7,2014-15,80979,Andreas Weimann,Derby County,Forward,Austria,55.0,40.0,15.0,31.0,,1.0,153.0,10.0,2.0,,4.0,,2.0,8.0,,,147.0,84.0,63.0,1.4036,2.3355,,3.0314,23.6079,132.0,9.0,,,31.0,,,2.0,,,3.0,22.0,21.0,1.0,92.0,44.0,48.0,3.0,,,2.0,4.0,7.0,12.0,18.0,,1.0,158.0,6.0,2.0,6.0,568.0,,2.0,,,,,,,1.0,,35.0,25.0,67.0,,2.0,136.0,,,,,,,,,4.0,6.0,11.0,7.0,12.0,2.0,20.0,0.0,14.0,11.0,,5.0,5.0,10.0,3.0,72.0,23.0,317.0,160.0,449.0,9.0,15.0,,,5.0,1777.0,22.0,10.0,15.0,14.0,184.0,579.0,0.0,23.0,24.0,54.0,107.0,811.0,2.0,20.0,18.0,7.0,5.0,2.0,18.0,21.0,89.0,2.0,5.0
A_Villa_7,2014-15,27450,Gabriel Agbonlahor,Aston Villa,Forward,England,163.0,117.0,46.0,34.0,,3.0,147.0,15.0,1.0,,6.0,,,19.0,,,374.0,231.0,143.0,1.2297,6.1007,,5.5805,37.2406,139.0,21.0,,,34.0,,,1.0,,,6.0,42.0,38.0,4.0,211.0,114.0,97.0,3.0,,1.0,3.0,10.0,11.0,8.0,15.0,,2.0,134.0,5.0,,13.0,569.0,,8.0,,,,,,,3.0,,27.0,13.0,69.0,,4.0,181.0,,,,,,,,,10.0,5.0,21.0,11.0,17.0,,30.0,1.0,6.0,4.0,,6.0,6.0,24.0,1.0,33.0,16.0,344.0,111.0,433.0,5.0,11.0,,,3.0,2693.0,66.0,17.0,41.0,58.0,296.0,601.0,1.0,38.0,16.0,93.0,152.0,967.0,,30.0,30.0,21.0,7.0,2.0,12.0,24.0,140.0,1.0,7.0
A_Villa_7,2014-15,174597,Andre Green,Rotherham United,Forward,England,,,,,,,,,,,,,,,,,,,,,,,,,,,,,,,,,,,,,,,,,,,,,,,,,,,,,,,,,,,,,,,,,,,,,,,,,,,,,,,,,,,,,,,,0.0,,,,,,,,,,,,,,,,,,,,,,,,,0.0,,,,,,,,,,,,,,,,0.0
A_Villa_7,2014-15,10738,Darren Bent,Derby County,Forward,England,15.0,12.0,3.0,7.0,,0.0,7.0,,,,,,,,,,17.0,13.0,4.0,0.0084,0.052,,,1.6979,2.0,,,,7.0,,,,,,,2.0,2.0,,2.0,1.0,1.0,,,,0.0,,,,1.0,,,6.0,,,2.0,16.0,,,,,,,,,,,,,,,,3.0,,,,,,,,,,,1.0,,,,,0.0,,7.0,,,,,,3.0,,8.0,6.0,14.0,,,,,,78.0,,1.0,,1.0,4.0,18.0,0.0,1.0,,2.0,4.0,21.0,,,,,,1.0,,,4.0,0.0,0.0
A_Villa_7,2014-15,54861,Christian Benteke,Crystal Palace,Forward,Belgium,343.0,155.0,188.0,29.0,2.0,6.0,234.0,16.0,2.0,,5.0,,,27.0,,,515.0,276.0,239.0,1.7041,8.4611,0.151,10.6234,38.36,223.0,7.0,,2.0,29.0,,,2.0,,,13.0,42.0,35.0,7.0,172.0,121.0,51.0,2.0,4.0,1.0,7.0,15.0,14.0,3.0,31.0,,2.0,194.0,1.0,2.0,36.0,927.0,,8.0,,,,,1.0,1.0,3.0,,27.0,9.0,45.0,,7.0,315.0,,,,,,,,1.0,15.0,1.0,35.0,14.0,29.0,2.0,26.0,1.0,3.0,3.0,,,,17.0,,109.0,29.0,505.0,139.0,615.0,4.0,7.0,3.0,,1.0,2380.0,84.0,20.0,43.0,24.0,488.0,966.0,1.0,64.0,11.0,166.0,322.0,1323.0,,6.0,6.0,30.0,2.0,19.0,18.0,46.0,304.0,4.0,1.0
A_Villa_7,2014-15,175944,Rushian Hepburn-Murphy,MK Dons,Forward,England,,,,1.0,,0.0,,,,,,,,,,,2.0,1.0,1.0,,,,,,,,,,1.0,,,,,,,,,,2.0,1.0,1.0,,,,0.0,,,,,,,,,,,,,,,,,,,,,,1.0,1.0,3.0,,,,,,,,,,,,,,,,,,,0.0,,1.0,,,,,,,,,,,,,,,,7.0,,,1.0,1.0,3.0,,0.0,,,1.0,,5.0,,,,,,,,,,0.0,0.0
A_Villa_7,2014-15,171975,Callum Robinson,Cardiff City,Forward,Ireland,,,,,,,,,,,,,,,,,,,,,,,,,,,,,,,,,,,,,,,,,,,,,,,,,,,,,,,,,,,,,,,,,,,,,,,,,,,,,,,,,,,,,,,,0.0,,,,,,,,,,,,,,,,,,,,,,,,,0.0,,,,,,,,,,,,,,,,0.0
Arsenal_3,2014-15,59936,Wojciech Szczesny,Barcelona,Goalkeeper,Poland,5.0,,5.0,17.0,,0.0,,,,24.0,3.0,,,,4.0,1.0,7.0,1.0,6.0,0.0164,,,,22.5113,290.0,,,,17.0,126.0,51.0,,103.0,3.0,,21.0,19.0,2.0,2.0,1.0,1.0,,,,0.0,,,,,,,50.0,,,,217.0,,,,,2.0,,,,2.0,2.0,,,152.0,,,47.0,,45.0,13.0,25.0,18.0,14.0,,,,,,,,,17.0,0.0,1.0,,,,,,39.0,,83.0,62.0,179.0,158.0,,,,,,1499.0,,10.0,,3.0,148.0,387.0,0.0,,,,146.0,547.0,,,,,78.0,,145.0,17.0,1.0,0.0,1.0
Arsenal_3,2014-15,48844,David Ospina,Atlético Nacional,Goalkeeper,Colombia,2.0,,2.0,18.0,,0.0,,,,38.0,8.0,,,,4.0,4.0,5.0,,5.0,0.0385,,,,16.0445,417.0,,,,18.0,117.0,50.0,,131.0,3.0,,11.0,10.0,1.0,3.0,,3.0,,,,0.0,,,,2.0,,,28.0,,,,204.0,,,,,1.0,,,,1.0,10.0,,,154.0,,,37.0,,47.0,6.0,28.0,18.0,14.0,,,,,,,,,18.0,0.0,,,,,,,79.0,,183.0,143.0,134.0,94.0,,1.0,,,,1620.0,,18.0,,2.0,206.0,482.0,0.0,,1.0,,205.0,634.0,,,,,110.0,,205.0,40.0,,0.0,0.0
Arsenal_3,2014-15,98980,Emiliano Martínez,Aston Villa,Goalkeeper,Argentina,,,,4.0,,0.0,,,,9.0,2.0,,,,1.0,,2.0,,2.0,0.0042,,,,3.3355,72.0,,,,4.0,36.0,12.0,,28.0,2.0,,4.0,4.0,,2.0,,2.0,,,,0.0,,,,,,,5.0,,,,36.0,,,,,,,,,,1.0,,,31.0,,,4.0,,4.0,1.0,,4.0,1.0,,,,,,,,,3.0,0.0,,1.0,,,,,10.0,,22.0,19.0,25.0,22.0,,,,,,301.0,,2.0,,1.0,38.0,81.0,0.0,,,,37.0,120.0,,,,,17.0,,37.0,3.0,,0.0,0.0
Arsenal_3,2014-15,113534,Matt Macey,Colchester United,Goalkeeper,England,,,,,,,,,,,,,,,,,,,,,,,,,,,,,,,,,,,,,,,,,,,,,,,,,,,,,,,,,,,,,,,,,,,,,,,,,,,,,,,,,,,,,,,,0.0,,,,,,,,,,,,,,,,,,,,,,,,,0.0,,,,,,,,,,,,,,,,0.0
Arsenal_3,2014-15,27334,Mathieu Debuchy,St Etienne,Defender,France,60.0,15.0,45.0,10.0,,1.0,58.0,1.0,6.0,,,1.0,,7.0,,,133.0,47.0,86.0,0.3758,0.7122,,1.2539,12.8742,160.0,7.0,,,10.0,,,,,,1.0,12.0,11.0,1.0,73.0,32.0,41.0,1.0,1.0,,0.0,1.0,1.0,17.0,2.0,,,133.0,,2.0,4.0,363.0,,1.0,,1.0,,,,,1.0,,16.0,10.0,56.0,,,18.0,,,,,,,,,1.0,,3.0,1.0,4.0,2.0,10.0,0.0,3.0,,,,,6.0,5.0,3.0,17.0,150.0,144.0,277.0,7.0,19.0,1.0,5.0,61.0,808.0,12.0,51.0,15.0,10.0,129.0,369.0,0.0,7.0,26.0,14.0,75.0,623.0,,23.0,23.0,8.0,9.0,,17.0,18.0,58.0,0.0,2.0
Arsenal_3,2014-15,42427,Kieran Gibbs,West Bromwich Albion,Defender,England,77.0,46.0,31.0,22.0,,0.0,167.0,4.0,2.0,,4.0,,,20.0,,,205.0,94.0,111.0,1.7082,1.1166,,1.1942,23.4589,320.0,9.0,,,22.0,,,3.0,,,,22.0,19.0,3.0,128.0,48.0,80.0,,,,0.0,3.0,2.0,53.0,12.0,,,39.0,1.0,,1.0,875.0,,8.0,1.0,,,,,,2.0,,28.0,14.0,106.0,,,362.0,,,,,,,,,3.0,1.0,7.0,2.0,2.0,,18.0,0.0,3.0,4.0,,13.0,13.0,30.0,5.0,5.0,21.0,454.0,285.0,705.0,12.0,32.0,2.0,22.0,112.0,1657.0,22.0,64.0,17.0,7.0,290.0,888.0,0.0,9.0,44.0,65.0,162.0,1402.0,,56.0,56.0,13.0,29.0,1.0,43.0,43.0,119.0,0.0,3.0
Arsenal_3,2014-15,17127,Per Mertesacker,Arsenal,Defender,Germany,158.0,46.0,112.0,35.0,,0.0,108.0,3.0,22.0,,12.0,,,4.0,,,221.0,65.0,156.0,0.8462,0.9825,,0.3314,39.7022,771.0,7.0,,,35.0,,,1.0,,,,34.0,31.0,3.0,63.0,19.0,44.0,,,1.0,0.0,3.0,2.0,72.0,2.0,1.0,,576.0,,,,1739.0,,,,,,,,,3.0,,12.0,6.0,212.0,,,321.0,,,,,,,,,3.0,,8.0,2.0,2.0,,35.0,0.0,,,,1.0,1.0,8.0,12.0,3.0,58.0,442.0,1145.0,1528.0,7.0,20.0,,1.0,6.0,3150.0,1.0,194.0,8.0,13.0,202.0,1776.0,0.0,10.0,27.0,39.0,190.0,2174.0,,2.0,2.0,1.0,58.0,,72.0,74.0,118.0,0.0,2.0
Arsenal_3,2014-15,158074,Gabriel Paulista,Besiktas,Defender,Brazil,21.0,4.0,17.0,6.0,,0.0,7.0,1.0,5.0,,1.0,,,,,,31.0,9.0,22.0,0.0292,0.0795,,,4.4004,58.0,2.0,,,6.0,,,1.0,,,,4.0,4.0,,10.0,5.0,5.0,,,,0.0,1.0,,19.0,,1.0,,21.0,,,,123.0,,,,,,,,,1.0,,7.0,5.0,31.0,,,43.0,,,,,,,,,1.0,,1.0,,,,4.0,0.0,1.0,2.0,,,,,2.0,,7.0,26.0,85.0,104.0,,3.0,1.0,,,349.0,1.0,43.0,3.0,2.0,19.0,129.0,0.0,1.0,3.0,4.0,18.0,210.0,,,,,3.0,,6.0,7.0,12.0,0.0,0.0
Arsenal_3,2014-15,51507,Laurent Koscielny,Arsenal,Defender,France,150.0,64.0,86.0,27.0,,0.0,59.0,1.0,18.0,,11.0,,,1.0,,,238.0,99.0,139.0,0.3215,0.6658,,1.7299,25.6824,421.0,9.0,,,27.0,,,,,,3.0,19.0,17.0,2.0,88.0,35.0,53.0,,2.0,,3.0,1.0,1.0,93.0,2.0,,,266.0,,,3.0,1125.0,,1.0,,1.0,,,,,1.0,,20.0,16.0,192.0,,1.0,410.0,,,,,,,,,1.0,,3.0,1.0,4.0,,26.0,0.0,2.0,1.0,,,,7.0,6.0,3.0,65.0,254.0,772.0,961.0,11.0,23.0,,,5.0,2288.0,7.0,159.0,19.0,17.0,152.0,1156.0,0.0,7.0,34.0,18.0,130.0,1559.0,,2.0,2.0,2.0,21.0,1.0,40.0,45.0,90.0,1.0,4.0
Arsenal_3,2014-15,38411,Nacho Monreal,Real Sociedad,Defender,Spain,127.0,48.0,79.0,28.0,,0.0,145.0,2.0,10.0,,9.0,,,12.0,,,266.0,99.0,167.0,1.2037,0.2436,,0.3464,26.7066,505.0,10.0,1.0,,28.0,,,1.0,,,,23.0,22.0,1.0,139.0,51.0,88.0,1.0,,,0.0,1.0,1.0,85.0,11.0,,,127.0,1.0,,1.0,1224.0,,1.0,,,,,,,2.0,,34.0,14.0,163.0,,,470.0,,,,,,,,,1.0,1.0,1.0,1.0,1.0,,26.0,0.0,1.0,2.0,,5.0,5.0,6.0,11.0,1.0,30.0,507.0,565.0,1037.0,17.0,48.0,1.0,21.0,158.0,2311.0,9.0,124.0,24.0,19.0,269.0,1247.0,0.0,2.0,65.0,20.0,180.0,1854.0,,42.0,42.0,7.0,35.0,,48.0,60.0,132.0,0.0,3.0
Arsenal_3,2014-15,101184,Calum Chambers,Cardiff City,Defender,England,78.0,31.0,47.0,23.0,,0.0,123.0,2.0,4.0,,6.0,,,6.0,,,242.0,109.0,133.0,0.9235,0.6393,,0.576,21.096,377.0,9.0,,,23.0,,,1.0,,,1.0,20.0,18.0,2.0,164.0,78.0,86.0,1.0,,,1.0,,1.0,45.0,10.0,1.0,,316.0,2.0,,1.0,866.0,,1.0,,,,,,,1.0,,46.0,18.0,111.0,1.0,1.0,67.0,,,,,,,,,,2.0,3.0,1.0,2.0,,17.0,0.0,2.0,6.0,,10.0,10.0,20.0,3.0,1.0,31.0,375.0,366.0,700.0,7.0,42.0,1.0,19.0,127.0,1570.0,28.0,78.0,25.0,17.0,254.0,883.0,1.0,5.0,49.0,17.0,152.0,1386.0,,36.0,36.0,14.0,12.0,,28.0,45.0,124.0,0.0,7.0
Arsenal_3,2014-15,98745,Héctor Bellerín,Real Betis,Defender,Spain,51.0,32.0,19.0,20.0,,0.0,143.0,1.0,5.0,,6.0,1.0,1.0,9.0,,,198.0,106.0,92.0,1.79,0.2794,,1.2943,18.345,230.0,10.0,,,20.0,,,1.0,,,2.0,15.0,14.0,1.0,147.0,74.0,73.0,,,,2.0,1.0,2.0,42.0,11.0,,1.0,314.0,,,1.0,743.0,,6.0,,1.0,,,,,1.0,,46.0,23.0,106.0,,1.0,62.0,,,,,,,,,1.0,,,2.0,4.0,,17.0,0.0,2.0,3.0,,10.0,10.0,30.0,2.0,3.0,18.0,373.0,262.0,607.0,8.0,31.0,,14.0,127.0,1561.0,43.0,44.0,16.0,4.0,267.0,749.0,0.0,4.0,39.0,54.0,124.0,1260.0,,62.0,62.0,21.0,3.0,,13.0,38.0,111.0,0.0,5.0
Arsenal_3,2014-15,80254,Carl Jenkinson,Bromley,Defender,England,55.0,33.0,22.0,32.0,,,197.0,3.0,12.0,,9.0,,2.0,24.0,,,185.0,105.0,80.0,,,,,,343.0,8.0,,,32.0,,,2.0,,,,30.0,27.0,3.0,130.0,72.0,58.0,1.0,,,,,,35.0,20.0,1.0,,290.0,,,1.0,857.0,,8.0,,1.0,,,,,1.0,,36.0,5.0,126.0,,,33.0,,,,,,,,,,,4.0,,6.0,,29.0,0.0,1.0,3.0,1.0,25.0,24.0,11.0,11.0,1.0,48.0,375.0,325.0,627.0,10.0,27.0,1.0,77.0,265.0,2667.0,43.0,113.0,14.0,10.0,466.0,863.0,0.0,10.0,37.0,46.0,188.0,1695.0,,129.0,129.0,23.0,52.0,1.0,75.0,51.0,113.0,0.0,2.0
Arsenal_3,2014-15,146426,Semi Ajayi,Hull City,Defender,Nigeria,,,,,,,,,,,,,,,,,,,,,,,,,,,,,,,,,,,,,,,,,,,,,,,,,,,,,,,,,,,,,,,,,,,,,,,,,,,,,,,,,,,,,,,,0.0,,,,,,,,,,,,,,,,,,,,,,,,,0.0,,,,,,,,,,,,,,,,0.0
Arsenal_3,2014-15,8597,Tomas Rosicky,Sparta Prague,Midfielder,Czech Republic,17.0,8.0,9.0,15.0,,0.0,63.0,1.0,1.0,,1.0,,2.0,3.0,,,69.0,28.0,41.0,1.619,0.8714,,1.4078,7.1787,122.0,5.0,,,15.0,,,1.0,,,2.0,7.0,5.0,2.0,52.0,20.0,32.0,1.0,,,2.0,1.0,3.0,8.0,6.0,,,152.0,,,,442.0,,1.0,,,,,,,1.0,,9.0,4.0,42.0,,2.0,109.0,,,,,,,,,1.0,,4.0,3.0,5.0,,5.0,0.0,2.0,10.0,,1.0,1.0,11.0,,20.0,9.0,291.0,94.0,375.0,2.0,8.0,9.0,,2.0,576.0,7.0,7.0,7.0,11.0,75.0,446.0,0.0,9.0,10.0,15.0,62.0,530.0,2.0,2.0,,3.0,2.0,,7.0,9.0,55.0,1.0,1.0
Arsenal_3,2014-15,41792,Aaron Ramsey,Cardiff City,Midfielder,Wales,39.0,21.0,18.0,29.0,,4.0,243.0,16.0,3.0,,6.0,,2.0,16.0,,,291.0,161.0,130.0,4.4147,5.897,,7.1173,21.1581,474.0,12.0,,,29.0,,,6.0,,,6.0,18.0,17.0,1.0,252.0,140.0,112.0,3.0,,2.0,2.0,5.0,5.0,32.0,41.0,,1.0,518.0,11.0,6.0,5.0,1620.0,,11.0,,,,,,,,,62.0,23.0,145.0,,5.0,406.0,,,,,,,1.0,,5.0,11.0,30.0,5.0,17.0,6.0,23.0,0.0,9.0,6.0,,3.0,3.0,25.0,3.0,58.0,59.0,921.0,493.0,1352.0,22.0,36.0,27.0,,12.0,2009.0,74.0,22.0,23.0,29.0,395.0,1641.0,0.0,47.0,58.0,96.0,230.0,2110.0,,33.0,33.0,38.0,4.0,2.0,38.0,35.0,192.0,3.0,6.0
Arsenal_3,2014-15,8758,Mikel Arteta,Arsenal,Midfielder,Spain,16.0,8.0,8.0,7.0,,0.0,34.0,,1.0,,1.0,,,1.0,,,54.0,25.0,29.0,0.1811,0.0725,,,3.4808,147.0,8.0,,,7.0,,,1.0,,,,3.0,3.0,,38.0,17.0,21.0,,,,0.0,,,5.0,2.0,,,116.0,,,,400.0,,1.0,,,,,,,,,7.0,6.0,37.0,,,123.0,,,,,,,,,,,2.0,,,,6.0,0.0,3.0,1.0,,,,,1.0,7.0,17.0,231.0,163.0,377.0,2.0,9.0,,,3.0,450.0,2.0,5.0,11.0,10.0,31.0,420.0,0.0,2.0,11.0,,26.0,474.0,,2.0,2.0,,3.0,,11.0,4.0,15.0,0.0,1.0
Arsenal_3,2014-15,54102,Jack Wilshere,Bournemouth,Midfielder,England,9.0,6.0,3.0,14.0,,0.0,71.0,6.0,1.0,,,,1.0,8.0,,,125.0,60.0,65.0,1.7004,2.3497,,2.6003,12.563,160.0,7.0,,,14.0,,,1.0,,,2.0,12.0,12.0,,116.0,54.0,62.0,,,,2.0,4.0,3.0,5.0,15.0,,1.0,181.0,2.0,3.0,,513.0,,3.0,,,,,,,1.0,,17.0,7.0,62.0,,1.0,112.0,,,,,,,1.0,,4.0,2.0,4.0,3.0,8.0,3.0,9.0,0.0,8.0,5.0,,,,32.0,,25.0,17.0,329.0,112.0,424.0,2.0,8.0,14.0,,2.0,732.0,38.0,2.0,10.0,21.0,146.0,524.0,0.0,12.0,10.0,39.0,83.0,691.0,1.0,12.0,11.0,28.0,1.0,1.0,7.0,9.0,76.0,0.0,4.0
Arsenal_3,2014-15,37605,Mesut Özil,Istanbul Basaksehir,Midfielder,Germany,16.0,11.0,5.0,22.0,4.0,2.0,247.0,5.0,1.0,,5.0,,57.0,10.0,,,210.0,99.0,111.0,5.9841,3.6695,0.343,3.8882,20.4302,396.0,4.0,,4.0,22.0,,,5.0,,,4.0,16.0,15.0,1.0,194.0,88.0,106.0,1.0,,2.0,2.0,2.0,8.0,11.0,65.0,,4.0,381.0,3.0,1.0,9.0,1374.0,,8.0,,,,,,,1.0,,39.0,17.0,106.0,,,374.0,,,,,,,,1.0,2.0,3.0,11.0,8.0,13.0,1.0,21.0,0.0,5.0,1.0,20.0,39.0,15.0,52.0,,77.0,20.0,1016.0,257.0,1214.0,7.0,21.0,20.0,,11.0,1859.0,65.0,6.0,10.0,26.0,342.0,1398.0,0.0,24.0,28.0,87.0,164.0,1817.0,28.0,65.0,27.0,29.0,2.0,7.0,8.0,25.0,156.0,2.0,0.0
Arsenal_3,2014-15,81880,Alex Oxlade-Chamberlain,Celtic,Midfielder,England,24.0,16.0,8.0,23.0,,0.0,128.0,11.0,3.0,,,,12.0,32.0,,,241.0,113.0,128.0,3.3984,2.6088,,2.3029,18.5121,208.0,8.0,,,23.0,,,1.0,,,1.0,18.0,16.0,2.0,217.0,97.0,120.0,,,,1.0,6.0,4.0,25.0,34.0,,,244.0,5.0,3.0,1.0,704.0,,10.0,,,,,,,,,42.0,24.0,91.0,,1.0,129.0,,,,,,,1.0,,6.0,5.0,13.0,4.0,8.0,3.0,17.0,0.0,11.0,6.0,6.0,19.0,13.0,83.0,1.0,36.0,27.0,440.0,155.0,549.0,6.0,20.0,8.0,1.0,7.0,1491.0,69.0,6.0,14.0,11.0,313.0,709.0,0.0,21.0,26.0,71.0,133.0,1150.0,6.0,60.0,54.0,41.0,5.0,2.0,24.0,18.0,109.0,0.0,4.0
Arsenal_3,2014-15,19524,Santi Cazorla,Real Oviedo,Midfielder,Spain,31.0,26.0,5.0,37.0,4.0,4.0,295.0,35.0,5.0,,12.0,,107.0,30.0,,,398.0,187.0,211.0,8.7884,10.5153,0.2596,12.2826,35.8814,710.0,17.0,1.0,4.0,37.0,,,11.0,,,7.0,30.0,27.0,3.0,367.0,161.0,206.0,2.0,,3.0,3.0,12.0,11.0,41.0,67.0,,1.0,607.0,23.0,15.0,2.0,2294.0,,5.0,,,,,6.0,6.0,3.0,,83.0,43.0,251.0,,6.0,755.0,,,,,,,1.0,,12.0,23.0,25.0,11.0,33.0,15.0,33.0,0.0,5.0,4.0,25.0,39.0,9.0,87.0,2.0,101.0,83.0,1505.0,643.0,2026.0,13.0,46.0,26.0,,10.0,2992.0,89.0,24.0,20.0,61.0,538.0,2367.0,0.0,58.0,59.0,101.0,258.0,3162.0,72.0,135.0,29.0,34.0,8.0,2.0,42.0,45.0,216.0,2.0,5.0
Arsenal_3,2014-15,18155,Mathieu Flamini,Crystal Palace,Midfielder,France,37.0,15.0,22.0,23.0,,0.0,96.0,3.0,7.0,,4.0,,,3.0,,,140.0,61.0,79.0,0.5837,0.9173,,0.7389,23.2897,281.0,12.0,1.0,,23.0,,,1.0,,,1.0,21.0,20.0,1.0,103.0,46.0,57.0,1.0,,,1.0,,,49.0,4.0,,,258.0,3.0,,1.0,842.0,,,,,,,,,3.0,,19.0,12.0,82.0,,1.0,229.0,,,,,,,,,,3.0,3.0,,1.0,,15.0,0.0,3.0,8.0,,1.0,1.0,2.0,2.0,9.0,21.0,414.0,376.0,768.0,11.0,33.0,,,9.0,1455.0,12.0,33.0,21.0,11.0,94.0,864.0,0.0,4.0,44.0,6.0,75.0,1074.0,,2.0,2.0,1.0,9.0,,13.0,23.0,62.0,0.0,3.0
Arsenal_3,2014-15,28566,Abou Diaby,Marseille,Midfielder,France,,,,,,,,,,,,,,,,,,,,,,,,,,,,,,,,,,,,,,,,,,,,,,,,,,,,,,,,,,,,,,,,,,,,,,,,,,,,,,,,,,,,,,,,0.0,,,,,,,,,,,,,,,,,,,,,,,,,0.0,,,,,,,,,,,,,,,,0.0
Arsenal_3,2014-15,56864,Francis Coquelin,Nantes,Midfielder,France,85.0,31.0,54.0,22.0,,0.0,123.0,2.0,8.0,,5.0,,,2.0,,,278.0,113.0,165.0,0.4001,0.1059,,,18.5643,314.0,21.0,,,22.0,,,,,,,14.0,12.0,2.0,193.0,82.0,111.0,,,,0.0,,,79.0,5.0,,,271.0,2.0,,1.0,986.0,,1.0,,,,,,,1.0,,48.0,31.0,169.0,,,291.0,,,,,,,,,,2.0,3.0,,,,19.0,0.0,5.0,3.0,,,,22.0,,13.0,32.0,440.0,419.0,827.0,13.0,59.0,9.0,,4.0,1663.0,28.0,67.0,30.0,17.0,188.0,999.0,0.0,3.0,72.0,4.0,140.0,1375.0,,3.0,3.0,4.0,4.0,2.0,22.0,44.0,118.0,0.0,5.0
Arsenal_3,2014-15,154043,Ainsley Maitland-Niles,Lyon,Midfielder,England,,,,1.0,,0.0,,,,,,,,,,,,,,,,,,0.2429,,,,,1.0,,,,,,,,,,,,,,,,0.0,,,,,,,,,,,,,,,,,,,,,,,,,,,,,,,,,,,,,,,,,,,0.0,,1.0,,,,,,,,,,,,,,,,1.0,,,,,1.0,,0.0,,,,,1.0,,,,,,,,,,0.0,0.0
Arsenal_3,2014-15,37265,Alexis Sánchez,Internazionale,Forward,Chile,81.0,53.0,28.0,35.0,13.0,7.0,277.0,42.0,,,7.0,,66.0,44.0,,,619.0,335.0,284.0,8.2255,13.4868,0.9699,15.9294,33.7952,481.0,13.0,1.0,13.0,35.0,,,8.0,,,16.0,31.0,28.0,3.0,538.0,282.0,256.0,8.0,2.0,1.0,9.0,22.0,16.0,41.0,73.0,,,271.0,20.0,17.0,8.0,1445.0,,22.0,,,,,1.0,,3.0,,107.0,50.0,188.0,,14.0,440.0,,,,,,,,2.0,22.0,20.0,30.0,16.0,49.0,17.0,34.0,0.0,12.0,1.0,9.0,22.0,13.0,115.0,1.0,79.0,45.0,918.0,231.0,1082.0,19.0,50.0,53.0,5.0,7.0,2949.0,198.0,6.0,44.0,72.0,768.0,1469.0,0.0,79.0,69.0,202.0,342.0,2448.0,54.0,123.0,59.0,81.0,,13.0,40.0,31.0,302.0,4.0,4.0
Arsenal_3,2014-15,17733,Lukas Podolski,Vissel Kobe,Forward,Germany,6.0,3.0,3.0,7.0,,0.0,18.0,1.0,,,,,2.0,1.0,,,14.0,7.0,7.0,0.2219,0.7361,,0.4745,1.1864,10.0,,,,7.0,,,,,,,,,,8.0,4.0,4.0,,,1.0,0.0,1.0,2.0,1.0,2.0,,,22.0,,1.0,,72.0,,,,,,,,,,,,,2.0,,,24.0,,,,,,,,,1.0,,5.0,2.0,3.0,1.0,,0.0,,7.0,,1.0,1.0,,,7.0,1.0,53.0,13.0,64.0,,1.0,,,1.0,99.0,3.0,2.0,1.0,3.0,19.0,74.0,0.0,8.0,1.0,12.0,9.0,103.0,2.0,6.0,4.0,1.0,,,1.0,1.0,8.0,0.0,0.0
Arsenal_3,2014-15,44346,Olivier Giroud,Lille,Forward,France,203.0,100.0,103.0,27.0,1.0,7.0,184.0,12.0,2.0,,4.0,,,16.0,,,368.0,206.0,162.0,3.2004,8.1762,0.0878,12.2146,19.3825,212.0,14.0,,1.0,27.0,,,3.0,,,14.0,14.0,13.0,1.0,165.0,106.0,59.0,1.0,4.0,2.0,7.0,7.0,11.0,6.0,26.0,,9.0,234.0,5.0,4.0,13.0,734.0,,1.0,,,,,,,1.0,,43.0,16.0,60.0,,1.0,134.0,,,,,,,1.0,,7.0,5.0,29.0,11.0,29.0,4.0,21.0,1.0,10.0,6.0,,2.0,2.0,7.0,,123.0,7.0,387.0,132.0,510.0,7.0,20.0,23.0,,3.0,1867.0,60.0,23.0,39.0,29.0,374.0,764.0,1.0,58.0,27.0,145.0,247.0,1097.0,,9.0,9.0,11.0,1.0,25.0,4.0,33.0,243.0,5.0,5.0
Arsenal_3,2014-15,20467,Theo Walcott,Southampton,Forward,England,4.0,3.0,1.0,14.0,,0.0,26.0,3.0,,,,,4.0,7.0,,,32.0,21.0,11.0,0.4795,4.6793,,7.6796,4.6311,25.0,1.0,,,14.0,,,,,,5.0,4.0,4.0,,28.0,18.0,10.0,,,,5.0,2.0,10.0,3.0,4.0,,,34.0,1.0,,3.0,98.0,,2.0,,,,,,,,,3.0,2.0,12.0,,5.0,18.0,,,,,,,,,2.0,1.0,5.0,10.0,15.0,,4.0,0.0,4.0,10.0,,3.0,3.0,8.0,,9.0,,81.0,12.0,90.0,,,,,,441.0,17.0,1.0,2.0,2.0,50.0,103.0,0.0,20.0,,43.0,13.0,187.0,2.0,11.0,9.0,12.0,,,,3.0,13.0,2.0,0.0
Arsenal_3,2014-15,80711,Yaya Sanogo,Huddersfield Town,Forward,France,45.0,28.0,17.0,13.0,,,31.0,8.0,,,,,,5.0,,,102.0,71.0,31.0,0.1097,0.6421,,,5.1046,35.0,7.0,,,13.0,,,,,,,8.0,7.0,1.0,57.0,43.0,14.0,,,,,3.0,,3.0,5.0,,,23.0,1.0,,6.0,120.0,,1.0,,,,,,,,,17.0,9.0,15.0,,,37.0,,,,,,,,,3.0,1.0,7.0,,2.0,,5.0,0.0,5.0,8.0,,1.0,1.0,6.0,,14.0,1.0,62.0,16.0,76.0,1.0,2.0,,,1.0,457.0,21.0,6.0,18.0,6.0,97.0,126.0,0.0,9.0,3.0,30.0,49.0,231.0,,2.0,2.0,7.0,,4.0,1.0,7.0,48.0,0.0,1.0
Arsenal_3,2014-15,50175,Danny Welbeck,Brighton and Hove Albion,Forward,England,84.0,45.0,39.0,27.0,,3.0,165.0,15.0,2.0,,2.0,,,20.0,,,262.0,132.0,130.0,2.4315,7.2468,,7.2806,22.4212,128.0,4.0,2.0,,27.0,,,3.0,,,4.0,19.0,18.0,1.0,178.0,87.0,91.0,2.0,1.0,1.0,1.0,14.0,17.0,29.0,27.0,,2.0,109.0,1.0,2.0,7.0,524.0,,11.0,,,,,,,3.0,,35.0,27.0,77.0,,1.0,140.0,,,,,,,1.0,,14.0,1.0,20.0,17.0,23.0,2.0,18.0,0.0,9.0,9.0,,1.0,1.0,40.0,,28.0,4.0,368.0,76.0,439.0,11.0,24.0,8.0,,3.0,1711.0,68.0,13.0,15.0,16.0,229.0,542.0,0.0,43.0,35.0,141.0,99.0,927.0,,4.0,4.0,30.0,,8.0,2.0,12.0,97.0,2.0,3.0
Arsenal_3,2014-15,99127,Joel Campbell,Arsenal PL2,Forward,Costa Rica,2.0,2.0,,4.0,,0.0,7.0,,,,,,,1.0,,,8.0,4.0,4.0,0.2385,,,,0.9659,10.0,,,,4.0,,,,,,,1.0,1.0,,6.0,2.0,4.0,,,,0.0,,,1.0,2.0,,,9.0,,,,34.0,,1.0,,,,,,,,,2.0,,1.0,,,9.0,,,,,,,,,,,,,,,,0.0,,4.0,,1.0,1.0,1.0,,1.0,,23.0,7.0,29.0,,1.0,,,1.0,39.0,1.0,1.0,,2.0,11.0,35.0,0.0,,1.0,4.0,6.0,50.0,,3.0,3.0,,,1.0,,,6.0,0.0,0.0
Arsenal_3,2014-15,147675,Chuba Akpom,Ajax,Forward,England,3.0,1.0,2.0,3.0,,0.0,2.0,,,,,,,,,,8.0,2.0,6.0,0.0033,0.4278,,0.6808,0.5479,2.0,,1.0,,3.0,,,,,,,,,,5.0,1.0,4.0,,,,0.0,,2.0,,,,,,,,,5.0,,,,,,,,,,,1.0,1.0,1.0,,,1.0,,,,,,,,,,,,2.0,2.0,,,0.0,,3.0,,,,2.0,,,,4.0,,4.0,1.0,,,,,27.0,,1.0,1.0,1.0,5.0,5.0,0.0,2.0,1.0,5.0,1.0,17.0,,1.0,1.0,,,,,,1.0,0.0,0.0
Burnley_90,2014-15,21205,Tom Heaton,Manchester United,Goalkeeper,England,12.0,1.0,11.0,38.0,,,,,,51.0,10.0,,,,2.0,2.0,17.0,2.0,15.0,0.139,,,,51.7784,912.0,,,,38.0,300.0,160.0,,307.0,4.0,,53.0,47.0,6.0,5.0,1.0,4.0,,,,,,,,2.0,,,45.0,,,,475.0,,,1.0,,5.0,2.0,,,3.0,15.0,1.0,,375.0,,,44.0,2.0,128.0,24.0,70.0,56.0,34.0,,,,,,,,,38.0,0.0,,,,,,2.0,187.0,,349.0,282.0,177.0,110.0,,,,,,3420.0,,25.0,,3.0,550.0,1001.0,0.0,,,,542.0,1384.0,,,,,329.0,,541.0,45.0,1.0,0.0,1.0
Burnley_90,2014-15,8437,Matthew Gilks,Bolton Wanderers,Goalkeeper,Scotland,,,,,,,,,,,,,,,,,,,,,,,,,,,,,,,,,,,,,,,,,,,,,,,,,,,,,,,,,,,,,,,,,,,,,,,,,,,,,,,,,,,,,,,,0.0,,,,,,,,,,,,,,,,,,,,,,,,,0.0,,,,,,,,,,,,,,,,0.0
Burnley_90,2014-15,77794,Kieran Trippier,Newcastle United,Defender,England,125.0,52.0,73.0,38.0,8.0,,212.0,5.0,13.0,,10.0,1.0,82.0,36.0,,,377.0,163.0,214.0,6.9589,0.5625,0.4994,0.3513,51.4499,956.0,13.0,,8.0,38.0,,,4.0,,,,53.0,47.0,6.0,252.0,111.0,141.0,,,,,,,82.0,61.0,,,472.0,5.0,3.0,2.0,1594.0,,7.0,,,,,,,3.0,,107.0,28.0,257.0,,,42.0,,,,,,,1.0,,,5.0,3.0,,3.0,3.0,38.0,0.0,1.0,,22.0,92.0,58.0,26.0,65.0,4.0,217.0,656.0,455.0,802.0,16.0,57.0,2.0,105.0,460.0,3416.0,47.0,151.0,17.0,47.0,1112.0,1682.0,0.0,6.0,73.0,4.0,663.0,3163.0,58.0,249.0,176.0,28.0,229.0,,357.0,93.0,306.0,0.0,2.0
Burnley_90,2014-15,80788,Daniel Lafferty,Sheffield United,Defender,Northern Ireland,2.0,2.0,,1.0,,,,,,,,,,,,,3.0,2.0,1.0,,,,,0.0946,1.0,,,,1.0,,,,,,,,,,1.0,,1.0,,,,,,,,,,,1.0,,,,2.0,,,,,,,,,,,,,,,,,,,,,,,,,,,,,,,,0.0,,1.0,,,,,,,,,,,,1.0,,1.0,,16.0,,1.0,1.0,,3.0,2.0,0.0,,1.0,,2.0,5.0,,,,,1.0,,1.0,1.0,1.0,0.0,0.0
Burnley_90,2014-15,2907,Michael Duff,Burnley,Defender,Northern Ireland,139.0,55.0,84.0,21.0,,,57.0,1.0,22.0,,8.0,,,2.0,,,215.0,91.0,124.0,0.5831,0.0998,,0.3674,23.355,339.0,5.0,,,21.0,,,,,,,25.0,24.0,1.0,76.0,36.0,40.0,2.0,,,,1.0,1.0,34.0,4.0,,,160.0,,,,612.0,,,,1.0,,,,,,,11.0,7.0,102.0,,,84.0,,,,,,,,,1.0,,,1.0,1.0,,21.0,1.0,1.0,,,,,4.0,38.0,,97.0,178.0,278.0,359.0,7.0,17.0,,,6.0,1809.0,2.0,199.0,19.0,15.0,195.0,640.0,1.0,1.0,24.0,17.0,184.0,983.0,,4.0,4.0,,75.0,1.0,108.0,37.0,76.0,0.0,4.0
Burnley_90,2014-15,106611,Michael Keane,Everton,Defender,England,112.0,33.0,79.0,22.0,,,40.0,2.0,9.0,,2.0,1.0,,2.0,,,156.0,48.0,108.0,0.1981,1.0565,,0.2312,26.8107,292.0,1.0,,,22.0,,,1.0,,,,27.0,22.0,5.0,44.0,15.0,29.0,1.0,,,,2.0,3.0,43.0,4.0,1.0,,183.0,,,,628.0,,1.0,,,,,,,2.0,,15.0,7.0,71.0,,,129.0,,,,,,,,,2.0,,6.0,3.0,4.0,,17.0,0.0,,5.0,,,,3.0,21.0,2.0,58.0,144.0,356.0,442.0,6.0,16.0,1.0,,1.0,1641.0,3.0,170.0,5.0,5.0,155.0,644.0,0.0,10.0,22.0,19.0,144.0,946.0,,,,2.0,67.0,,88.0,31.0,56.0,0.0,1.0
Burnley_90,2014-15,15706,Jason Shackell,Lincoln City,Defender,England,240.0,70.0,170.0,38.0,,,76.0,1.0,52.0,,10.0,3.0,,,,,328.0,101.0,227.0,1.57,0.7843,,0.3588,51.0346,563.0,5.0,,,38.0,,,,,,,51.0,46.0,5.0,88.0,31.0,57.0,1.0,,,,1.0,1.0,49.0,9.0,2.0,,143.0,,1.0,,1171.0,,1.0,1.0,,,,,,3.0,,19.0,11.0,145.0,,,463.0,,,,,,,,,1.0,,6.0,1.0,2.0,1.0,38.0,0.0,1.0,,,3.0,3.0,2.0,58.0,2.0,176.0,316.0,656.0,793.0,6.0,17.0,,,2.0,3347.0,3.0,436.0,23.0,48.0,294.0,1245.0,0.0,8.0,23.0,32.0,276.0,1921.0,,3.0,3.0,,97.0,,142.0,54.0,134.0,0.0,3.0
Burnley_90,2014-15,51927,Ben Mee,Brentford,Defender,England,134.0,48.0,86.0,33.0,,1.0,154.0,2.0,29.0,,8.0,1.0,,7.0,,,321.0,130.0,191.0,1.0068,2.1958,,1.3251,44.0981,554.0,16.0,,,33.0,,,1.0,,,2.0,44.0,39.0,5.0,187.0,82.0,105.0,,2.0,1.0,1.0,1.0,3.0,65.0,16.0,,,52.0,1.0,,,1088.0,,3.0,,,,,,,3.0,,52.0,22.0,173.0,,,354.0,,,,,,,,,1.0,1.0,13.0,3.0,5.0,,32.0,0.0,2.0,1.0,,7.0,7.0,17.0,34.0,1.0,99.0,409.0,334.0,637.0,19.0,46.0,,74.0,257.0,2887.0,26.0,182.0,29.0,29.0,562.0,1114.0,0.0,18.0,65.0,39.0,378.0,2042.0,,49.0,49.0,10.0,116.0,,164.0,80.0,214.0,0.0,10.0
Burnley_90,2014-15,3332,Steven Reid,Burnley,Defender,Ireland,4.0,1.0,3.0,7.0,,,8.0,,3.0,,,,,,,,15.0,4.0,11.0,0.0189,,,,2.0685,16.0,,,,7.0,,,,,,,3.0,3.0,,11.0,3.0,8.0,,,,,,,2.0,,,,19.0,,,,50.0,,,,,,,,,,,3.0,2.0,12.0,,,9.0,,,,,,,,,,,,,,,1.0,0.0,1.0,6.0,,,,,3.0,1.0,7.0,16.0,24.0,33.0,,5.0,,2.0,7.0,109.0,,7.0,2.0,3.0,14.0,52.0,0.0,,5.0,,12.0,86.0,,,,,4.0,,6.0,4.0,6.0,0.0,1.0
Burnley_90,2014-15,40616,Stephen Ward,Walsall,Defender,Ireland,26.0,12.0,14.0,9.0,,,32.0,1.0,5.0,,1.0,,,,,,66.0,28.0,38.0,0.1651,0.0224,,,9.1092,110.0,3.0,,,9.0,,,,,,,11.0,10.0,1.0,40.0,16.0,24.0,,,,,1.0,,17.0,7.0,,,20.0,,,,221.0,,2.0,,,,,,,,,15.0,7.0,26.0,,,61.0,,,,,,,,,1.0,,,,,,7.0,0.0,1.0,2.0,,2.0,2.0,3.0,11.0,3.0,20.0,79.0,76.0,133.0,6.0,11.0,,16.0,49.0,623.0,,31.0,4.0,5.0,107.0,223.0,0.0,,17.0,1.0,70.0,407.0,,14.0,14.0,,24.0,,31.0,14.0,39.0,0.0,3.0
Burnley_90,2014-15,41674,Kevin Long,Birmingham City,Defender,Ireland,1.0,,1.0,1.0,,,,,,,,,,,,,2.0,,2.0,,,,,0.3093,1.0,,,,1.0,,,,,,,1.0,,1.0,1.0,,1.0,,,,,,,,,,,2.0,,,,3.0,,,,,,,,,,,,,,,,,,,,,,,,,,,,,,,,0.0,1.0,1.0,,,,,,,,,2.0,2.0,,,,,,20.0,,4.0,,1.0,1.0,3.0,0.0,,,,1.0,8.0,,,,,1.0,,1.0,,,0.0,0.0
Burnley_90,2014-15,151099,Cameron Dummigan,Dundalk,Defender,Northern Ireland,,,,,,,,,,,,,,,,,,,,,,,,,,,,,,,,,,,,,,,,,,,,,,,,,,,,,,,,,,,,,,,,,,,,,,,,,,,,,,,,,,,,,,,,0.0,,,,,,,,,,,,,,,,,,,,,,,,,0.0,,,,,,,,,,,,,,,,0.0
Burnley_90,2014-15,14161,Ross Wallace,Fleetwood Town,Midfielder,Scotland,2.0,,2.0,15.0,6.0,1.0,25.0,5.0,1.0,,,,12.0,2.0,,,17.0,10.0,7.0,0.7478,0.624,0.4691,0.9051,3.5794,27.0,2.0,,6.0,15.0,,,,,,1.0,2.0,2.0,,15.0,10.0,5.0,1.0,,,0.0,,1.0,2.0,9.0,,1.0,25.0,5.0,1.0,,81.0,,1.0,,,,,,,,,4.0,2.0,12.0,,,7.0,,,,,,,,1.0,,5.0,2.0,1.0,3.0,1.0,1.0,0.0,1.0,14.0,3.0,9.0,6.0,2.0,,5.0,5.0,53.0,22.0,61.0,1.0,1.0,1.0,,1.0,228.0,4.0,1.0,5.0,1.0,46.0,84.0,0.0,5.0,2.0,3.0,18.0,146.0,8.0,20.0,11.0,2.0,,,3.0,2.0,15.0,0.0,2.0
Burnley_90,2014-15,15982,Dean Marney,Fleetwood Town,Midfielder,England,27.0,16.0,11.0,20.0,,,127.0,1.0,7.0,,5.0,1.0,,4.0,,,163.0,77.0,86.0,1.102,0.4214,,0.0294,22.8833,266.0,15.0,,,20.0,,,,,,,25.0,21.0,4.0,136.0,61.0,75.0,1.0,,,,,,35.0,12.0,,,214.0,1.0,1.0,1.0,864.0,,,,1.0,,,,,1.0,,30.0,19.0,91.0,,,273.0,,,,,,,1.0,,,1.0,7.0,,1.0,1.0,20.0,0.0,3.0,,,5.0,5.0,9.0,5.0,10.0,69.0,418.0,323.0,667.0,16.0,35.0,,,1.0,1687.0,20.0,23.0,21.0,17.0,189.0,880.0,0.0,8.0,51.0,8.0,144.0,1106.0,,13.0,13.0,6.0,13.0,3.0,44.0,19.0,100.0,0.0,6.0
Burnley_90,2014-15,15944,Michael Kightly,Southend United,Midfielder,England,19.0,11.0,8.0,17.0,,1.0,77.0,5.0,1.0,,,,9.0,14.0,,,146.0,89.0,57.0,1.7206,1.8413,,2.2375,16.7394,97.0,9.0,,,17.0,,,2.0,,,1.0,22.0,21.0,1.0,127.0,78.0,49.0,1.0,,,0.0,3.0,3.0,11.0,7.0,,,28.0,2.0,1.0,1.0,277.0,,5.0,,,,,,,1.0,,28.0,18.0,63.0,,1.0,79.0,,,,,,,,,3.0,2.0,4.0,3.0,5.0,1.0,10.0,0.0,9.0,7.0,3.0,9.0,6.0,12.0,2.0,13.0,11.0,130.0,68.0,178.0,9.0,17.0,,1.0,8.0,951.0,39.0,8.0,17.0,11.0,212.0,281.0,0.0,9.0,26.0,32.0,92.0,530.0,4.0,51.0,44.0,31.0,13.0,,23.0,19.0,69.0,0.0,3.0
Burnley_90,2014-15,19556,David Jones,Wrexham,Midfielder,England,58.0,32.0,26.0,36.0,5.0,,207.0,11.0,12.0,,8.0,1.0,32.0,4.0,,,214.0,109.0,105.0,2.532,1.4695,0.4711,1.0953,47.0992,500.0,14.0,,5.0,36.0,,,,,,,47.0,41.0,6.0,156.0,77.0,79.0,3.0,,1.0,,,3.0,81.0,25.0,,,392.0,11.0,2.0,,1494.0,,2.0,,1.0,,,,,3.0,,44.0,29.0,219.0,,,426.0,,,,,,,,,,11.0,5.0,3.0,5.0,2.0,36.0,0.0,9.0,,10.0,12.0,,12.0,10.0,17.0,67.0,760.0,526.0,1207.0,14.0,37.0,,,1.0,3207.0,31.0,49.0,28.0,16.0,334.0,1525.0,0.0,10.0,51.0,14.0,251.0,1924.0,17.0,23.0,3.0,5.0,28.0,1.0,50.0,56.0,201.0,0.0,0.0
Burnley_90,2014-15,3289,Matthew Taylor,Swindon Town,Midfielder,England,28.0,17.0,11.0,10.0,1.0,,29.0,4.0,,,,,9.0,7.0,,,68.0,41.0,27.0,0.738,1.8113,0.031,0.7549,8.7706,62.0,5.0,1.0,1.0,10.0,,,1.0,,,,6.0,6.0,,40.0,24.0,16.0,1.0,,1.0,,2.0,3.0,8.0,7.0,,,30.0,2.0,,1.0,169.0,,,,,,,1.0,,1.0,,19.0,12.0,29.0,,,49.0,,,,,,,,,2.0,2.0,2.0,3.0,3.0,,7.0,0.0,7.0,3.0,2.0,7.0,5.0,1.0,3.0,5.0,8.0,78.0,45.0,108.0,2.0,5.0,,1.0,3.0,570.0,9.0,12.0,9.0,8.0,104.0,170.0,0.0,5.0,7.0,13.0,54.0,298.0,6.0,26.0,18.0,5.0,14.0,,23.0,17.0,31.0,0.0,0.0
Burnley_90,2014-15,95508,Fredrik Ulvestad,Sivasspor,Midfielder,Norway,,,,2.0,,,2.0,,,,,,,,,,4.0,2.0,2.0,0.0235,,,,0.8465,9.0,,,,2.0,,,,,,,,,,4.0,2.0,2.0,,,,,,,1.0,,,,8.0,,,,32.0,,,,,,,,,,,1.0,,4.0,,,13.0,,,,,,,,,,,,,,,1.0,0.0,1.0,1.0,,,,1.0,,2.0,2.0,10.0,16.0,24.0,1.0,,,,,67.0,,,1.0,,8.0,32.0,0.0,,1.0,,6.0,37.0,,1.0,1.0,,1.0,,3.0,2.0,3.0,0.0,1.0
Burnley_90,2014-15,28244,George Boyd,Salford City,Forward,Scotland,122.0,77.0,45.0,36.0,,2.0,159.0,21.0,8.0,,8.0,,28.0,25.0,,,472.0,253.0,219.0,3.1765,3.8382,,4.4139,46.6272,207.0,27.0,,,36.0,1.0,,2.0,1.0,,5.0,50.0,44.0,6.0,350.0,176.0,174.0,2.0,,2.0,3.0,12.0,4.0,52.0,34.0,,4.0,171.0,9.0,4.0,13.0,644.0,,8.0,,1.0,,,,,3.0,,77.0,61.0,171.0,,1.0,118.0,,,,,,,,,12.0,9.0,15.0,4.0,13.0,4.0,35.0,0.0,9.0,1.0,6.0,19.0,13.0,30.0,10.0,20.0,21.0,331.0,173.0,464.0,31.0,83.0,1.0,,12.0,3020.0,76.0,58.0,40.0,34.0,353.0,655.0,0.0,28.0,114.0,99.0,170.0,1310.0,16.0,53.0,37.0,36.0,17.0,3.0,22.0,24.0,148.0,1.0,7.0
Burnley_90,2014-15,105185,Steven Hewitt,Accrington Stanley,Midfielder,England,,,,,,,,,,,,,,,,,,,,,,,,,,,,,,,,,,,,,,,,,,,,,,,,,,,,,,,,,,,,,,,,,,,,,,,,,,,,,,,,,,,,,,,,0.0,,,,,,,,,,,,,,,,,,,,,,,,,0.0,,,,,,,,,,,,,,,,0.0
Burnley_90,2014-15,39158,Scott Arfield,Bolton Wanderers,Midfielder,Canada,90.0,65.0,25.0,37.0,,0.0,240.0,14.0,5.0,,9.0,,,15.0,,,452.0,290.0,162.0,2.8039,3.0777,,3.0758,49.9943,491.0,33.0,,,37.0,,,1.0,,,2.0,51.0,45.0,6.0,362.0,225.0,137.0,5.0,,1.0,2.0,7.0,4.0,41.0,28.0,,,254.0,7.0,4.0,3.0,1354.0,,16.0,,1.0,,,1.0,,3.0,,91.0,62.0,260.0,,2.0,376.0,,,,,,,2.0,,7.0,7.0,20.0,4.0,10.0,4.0,36.0,0.0,3.0,1.0,,4.0,4.0,47.0,10.0,57.0,49.0,631.0,402.0,980.0,24.0,47.0,5.0,,3.0,3204.0,100.0,35.0,54.0,20.0,524.0,1361.0,0.0,30.0,71.0,70.0,332.0,1929.0,,15.0,15.0,53.0,30.0,4.0,64.0,52.0,268.0,0.0,6.0
Burnley_90,2014-15,40399,Sam Vokes,Gillingham,Forward,Wales,109.0,55.0,54.0,15.0,,,33.0,5.0,,,,,,6.0,,,130.0,68.0,62.0,0.1602,1.5853,,0.9183,6.6795,72.0,1.0,,,15.0,,,,,,,5.0,5.0,,21.0,13.0,8.0,,,,,3.0,6.0,,5.0,,,36.0,2.0,,,180.0,,1.0,,,,,,,,,5.0,4.0,20.0,,,39.0,,,,,,,,,3.0,2.0,6.0,6.0,6.0,,5.0,0.0,4.0,10.0,,,,,,13.0,3.0,75.0,24.0,96.0,3.0,5.0,,,,561.0,9.0,3.0,4.0,1.0,106.0,180.0,0.0,12.0,8.0,25.0,81.0,242.0,,1.0,1.0,5.0,2.0,2.0,3.0,6.0,78.0,0.0,0.0
Burnley_90,2014-15,84939,Danny Ings,West Ham United,Forward,England,120.0,88.0,32.0,35.0,1.0,6.0,153.0,22.0,2.0,,4.0,,,21.0,,,423.0,261.0,162.0,3.481,11.4935,0.1647,12.0058,46.8876,200.0,12.0,,1.0,35.0,,,4.0,,,11.0,47.0,41.0,6.0,303.0,173.0,130.0,1.0,4.0,3.0,5.0,13.0,16.0,20.0,31.0,,3.0,194.0,9.0,6.0,19.0,667.0,,11.0,,,,,1.0,1.0,3.0,,66.0,44.0,140.0,,4.0,168.0,,,,,,,,,13.0,9.0,42.0,16.0,33.0,6.0,35.0,0.0,11.0,,,8.0,8.0,58.0,,45.0,22.0,388.0,128.0,486.0,1.0,27.0,4.0,,1.0,3033.0,132.0,11.0,23.0,50.0,482.0,715.0,0.0,75.0,28.0,190.0,207.0,1341.0,,36.0,36.0,55.0,11.0,13.0,22.0,24.0,185.0,4.0,6.0
Burnley_90,2014-15,44699,Ashley Barnes,Burnley,Forward,England,373.0,230.0,143.0,35.0,,2.0,169.0,14.0,8.0,,4.0,,,19.0,,,577.0,355.0,222.0,1.7045,6.0684,,5.9694,36.5556,249.0,28.0,,,35.0,,,2.0,,,5.0,38.0,32.0,6.0,204.0,125.0,79.0,7.0,2.0,4.0,3.0,5.0,11.0,19.0,27.0,,,145.0,9.0,5.0,10.0,717.0,,2.0,,,,,,,3.0,,41.0,22.0,117.0,1.0,3.0,185.0,,,,,,,,,5.0,9.0,31.0,11.0,21.0,5.0,28.0,0.0,16.0,7.0,,3.0,3.0,7.0,3.0,53.0,17.0,310.0,164.0,454.0,7.0,16.0,1.0,,,2424.0,53.0,36.0,74.0,58.0,418.0,748.0,1.0,52.0,23.0,111.0,277.0,1164.0,,25.0,25.0,14.0,9.0,12.0,22.0,30.0,255.0,2.0,4.0
Burnley_90,2014-15,66978,Marvin Sordell,Kettering Town,Forward,England,25.0,13.0,12.0,14.0,,,20.0,1.0,1.0,,,,,,,,44.0,28.0,16.0,0.1313,0.1443,,0.0468,3.8201,20.0,2.0,,,14.0,,,,,,,2.0,1.0,1.0,19.0,15.0,4.0,,,,,1.0,1.0,1.0,2.0,,,18.0,,,3.0,66.0,,1.0,,,,,,,,,8.0,2.0,12.0,,,12.0,,,,,,,,,1.0,,1.0,1.0,1.0,,2.0,0.0,2.0,12.0,,1.0,1.0,,,6.0,1.0,38.0,6.0,42.0,,,,,,281.0,11.0,3.0,4.0,5.0,54.0,70.0,0.0,2.0,,16.0,27.0,115.0,,4.0,4.0,1.0,2.0,2.0,3.0,2.0,24.0,0.0,2.0
Burnley_90,2014-15,34654,Lukas Jutkiewicz,Birmingham City,Forward,England,128.0,61.0,67.0,25.0,,,63.0,8.0,2.0,,3.0,,,7.0,,,230.0,134.0,96.0,1.1803,2.5648,,2.1463,13.4757,87.0,10.0,2.0,,25.0,,,2.0,,,,17.0,17.0,,102.0,73.0,29.0,1.0,,,,5.0,8.0,4.0,11.0,,,82.0,3.0,2.0,11.0,283.0,,1.0,,,,,,,,,14.0,8.0,37.0,,,59.0,,,,,,,,,5.0,3.0,18.0,8.0,10.0,2.0,10.0,0.0,6.0,15.0,,1.0,1.0,7.0,,17.0,2.0,140.0,32.0,169.0,1.0,3.0,2.0,,,976.0,39.0,13.0,25.0,21.0,196.0,291.0,0.0,28.0,4.0,62.0,120.0,473.0,,14.0,14.0,9.0,,14.0,2.0,8.0,118.0,0.0,1.0
C_Palace_31,2014-15,11554,Julian Speroni,Crystal Palace,Goalkeeper,Argentina,4.0,1.0,3.0,36.0,,,,,,65.0,6.0,,,1.0,12.0,6.0,9.0,4.0,5.0,0.0755,,,,45.323,829.0,,,,36.0,202.0,174.0,,320.0,20.0,,49.0,39.0,10.0,5.0,3.0,2.0,,,,,,,1.0,,,,40.0,,,,305.0,,,,,5.0,2.0,,,3.0,9.0,2.0,1.0,292.0,,,28.0,2.0,90.0,15.0,53.0,36.0,25.0,,,,,,,,,36.0,0.0,1.0,,,,,1.0,106.0,,301.0,249.0,132.0,80.0,,,,,,3205.0,,24.0,,1.0,522.0,897.0,0.0,,,,516.0,1173.0,,,,,224.0,,516.0,60.0,,0.0,1.0
C_Palace_31,2014-15,20066,Wayne Hennessey,Nottingham Forest,Goalkeeper,Wales,,,,3.0,,,,,,6.0,1.0,,,,,,,,,0.0149,,,,2.315,63.0,,,,3.0,14.0,10.0,,18.0,,,2.0,2.0,,,,,,,,,,,,,,,2.0,,,,29.0,,,,,1.0,,,,1.0,,,,22.0,,,3.0,,4.0,,2.0,2.0,,,,,,,,,,2.0,0.0,,1.0,,,,,6.0,,17.0,17.0,6.0,6.0,,,,,,215.0,,,,,45.0,68.0,0.0,,,,45.0,85.0,,,,,29.0,,45.0,3.0,,0.0,0.0
C_Palace_31,2014-15,55494,Joel Ward,Crystal Palace,Defender,England,151.0,47.0,104.0,37.0,,0.0,193.0,6.0,15.0,,7.0,1.0,16.0,16.0,,,424.0,163.0,261.0,1.2899,0.3375,,0.6027,45.2761,626.0,14.0,,,37.0,,,,,,1.0,49.0,39.0,10.0,273.0,116.0,157.0,,,,1.0,1.0,,61.0,22.0,,1.0,172.0,5.0,1.0,,1133.0,,5.0,,,,,,,4.0,,79.0,37.0,206.0,,,192.0,,,,,,,,,1.0,5.0,4.0,,2.0,1.0,37.0,0.0,,,3.0,14.0,10.0,16.0,24.0,4.0,68.0,487.0,349.0,754.0,15.0,80.0,1.0,124.0,298.0,3330.0,47.0,180.0,38.0,52.0,645.0,1183.0,0.0,6.0,95.0,29.0,361.0,2283.0,13.0,73.0,57.0,23.0,103.0,,173.0,84.0,188.0,0.0,4.0
C_Palace_31,2014-15,20145,Adrian Mariappa,Wealdstone,Defender,Jamaica,25.0,6.0,19.0,12.0,,,25.0,,4.0,,3.0,,,5.0,,,78.0,35.0,43.0,0.1623,,,,13.6106,127.0,7.0,,,12.0,,,,,,,13.0,11.0,2.0,53.0,29.0,24.0,,,,,,,14.0,3.0,,,68.0,,,1.0,240.0,,2.0,,,,,,,1.0,,9.0,2.0,45.0,,,20.0,,,,,,,,,,,,,,,8.0,0.0,1.0,4.0,,4.0,4.0,3.0,8.0,1.0,15.0,88.0,83.0,152.0,4.0,14.0,,40.0,47.0,840.0,11.0,38.0,12.0,4.0,146.0,240.0,0.0,,18.0,1.0,73.0,454.0,,14.0,14.0,7.0,19.0,,29.0,21.0,44.0,0.0,3.0
C_Palace_31,2014-15,15284,Brede Hangeland,Crystal Palace,Defender,Norway,63.0,16.0,47.0,14.0,,2.0,27.0,1.0,5.0,,2.0,,,2.0,,,99.0,31.0,68.0,0.494,1.0922,,1.9877,15.0293,168.0,2.0,,,14.0,,,1.0,,,2.0,18.0,13.0,5.0,36.0,15.0,21.0,,1.0,,0.0,1.0,1.0,31.0,3.0,,,43.0,,,1.0,313.0,,1.0,,,,,,,1.0,,3.0,1.0,57.0,,1.0,87.0,,,,,,,,,1.0,,,1.0,3.0,,12.0,0.0,1.0,2.0,,,,2.0,14.0,2.0,26.0,87.0,168.0,229.0,6.0,9.0,1.0,,,1173.0,3.0,78.0,8.0,5.0,80.0,325.0,0.0,3.0,15.0,11.0,70.0,485.0,,,,3.0,22.0,,33.0,15.0,37.0,0.0,2.0
C_Palace_31,2014-15,15274,Paddy McCarthy,Crystal Palace,Defender,Ireland,,,,,,,,,,,,,,,,,,,,,,,,,,,,,,,,,,,,,,,,,,,,,,,,,,,,,,,,,,,,,,,,,,,,,,,,,,,,,,,,,,,,,,,,0.0,,,,,,,,,,,,,,,,,,,,,,,,,0.0,,,,,,,,,,,,,,,,0.0
C_Palace_31,2014-15,19188,Scott Dann,Reading,Defender,England,186.0,76.0,110.0,34.0,,1.0,53.0,9.0,34.0,,6.0,1.0,,5.0,,,270.0,118.0,152.0,1.58,1.5899,,1.6475,38.1838,473.0,14.0,,,34.0,,,3.0,,,2.0,40.0,33.0,7.0,84.0,42.0,42.0,1.0,2.0,2.0,1.0,9.0,2.0,54.0,10.0,,,212.0,,,1.0,776.0,,1.0,,2.0,,,,,3.0,,21.0,12.0,125.0,,,99.0,,,,,,,1.0,,9.0,,6.0,2.0,4.0,,34.0,0.0,3.0,,,2.0,2.0,5.0,23.0,4.0,110.0,238.0,320.0,446.0,12.0,19.0,,,7.0,2922.0,3.0,220.0,29.0,10.0,304.0,837.0,0.0,10.0,31.0,59.0,281.0,1272.0,,5.0,5.0,2.0,78.0,,177.0,44.0,104.0,1.0,6.0
C_Palace_31,2014-15,106603,Ezekiel Fryers,Swindon Town,Defender,England,,,,1.0,,,,,,,,,,,,,,,,,,,,,1.0,,,,1.0,,,,,,,,,,,,,,,,,,,,,,,,,,,2.0,,,,,,,,,,,,,,,,1.0,,,,,,,,,,,,,,,,0.0,,1.0,,,,,,,,2.0,,2.0,,,,,,3.0,,,,,1.0,2.0,0.0,,,,,3.0,,,,,,,,,,0.0,0.0
C_Palace_31,2014-15,79228,Pape Souaré,Ebbsfleet United,Defender,Senegal,21.0,9.0,12.0,9.0,,,44.0,,4.0,,1.0,,,5.0,,,59.0,22.0,37.0,1.334,0.0727,,,11.1182,115.0,2.0,,,9.0,,,,,,,9.0,8.0,1.0,38.0,13.0,25.0,,,,,,,11.0,6.0,,,10.0,,,,213.0,,1.0,,1.0,,,,,2.0,,6.0,2.0,30.0,,,45.0,,,,,,,,,,,3.0,,,,7.0,0.0,2.0,2.0,,8.0,8.0,3.0,6.0,1.0,13.0,95.0,69.0,143.0,2.0,11.0,,11.0,57.0,606.0,4.0,13.0,6.0,9.0,106.0,214.0,0.0,3.0,13.0,4.0,58.0,390.0,,25.0,25.0,2.0,20.0,,28.0,12.0,30.0,0.0,1.0
C_Palace_31,2014-15,7906,Damien Delaney,Crystal Palace,Defender,Ireland,134.0,53.0,81.0,29.0,,,64.0,3.0,21.0,,5.0,,,3.0,,,222.0,87.0,135.0,0.7097,0.8386,,0.5608,35.4614,458.0,8.0,,,29.0,,,,,,,37.0,29.0,8.0,88.0,34.0,54.0,,,,,2.0,2.0,50.0,8.0,2.0,,78.0,1.0,1.0,1.0,685.0,,,,,,,,,3.0,,26.0,16.0,106.0,1.0,,141.0,,,,,,,1.0,,2.0,1.0,7.0,2.0,3.0,1.0,28.0,0.0,1.0,1.0,,1.0,1.0,4.0,44.0,1.0,108.0,193.0,305.0,389.0,8.0,34.0,,,2.0,2434.0,2.0,239.0,15.0,10.0,266.0,741.0,1.0,10.0,42.0,28.0,244.0,1184.0,,1.0,1.0,,122.0,,183.0,36.0,61.0,0.0,6.0
C_Palace_31,2014-15,58786,Martin Kelly,Salford City,Defender,England,71.0,24.0,47.0,31.0,,,88.0,1.0,12.0,,4.0,,,4.0,,,270.0,108.0,162.0,0.591,0.2936,,1.1547,34.0348,353.0,22.0,,,31.0,,,1.0,,,,39.0,31.0,8.0,199.0,84.0,115.0,,,,,,,47.0,9.0,,,94.0,1.0,4.0,1.0,666.0,,,,,,,,,2.0,,57.0,31.0,122.0,,,139.0,,,,,,,,,,1.0,5.0,,4.0,4.0,27.0,0.0,4.0,4.0,,9.0,9.0,10.0,9.0,2.0,28.0,258.0,210.0,431.0,19.0,75.0,,84.0,199.0,2498.0,28.0,136.0,36.0,12.0,388.0,674.0,0.0,9.0,94.0,8.0,215.0,1444.0,,39.0,39.0,16.0,56.0,,86.0,62.0,129.0,0.0,2.0
C_Palace_31,2014-15,55452,Yannick Bolasie,Swansea City,Forward,DR Congo,119.0,81.0,38.0,34.0,1.0,4.0,154.0,24.0,3.0,,3.0,,44.0,52.0,,,544.0,317.0,227.0,4.1958,4.929,0.0568,5.2044,36.0036,212.0,18.0,2.0,1.0,34.0,,,6.0,,,4.0,41.0,31.0,10.0,425.0,236.0,189.0,1.0,,5.0,0.0,12.0,7.0,11.0,40.0,,,93.0,12.0,8.0,15.0,645.0,,26.0,,,,,,,3.0,,52.0,22.0,156.0,,4.0,206.0,,,,,,,,,12.0,12.0,25.0,7.0,19.0,8.0,31.0,0.0,12.0,3.0,5.0,31.0,24.0,89.0,3.0,44.0,13.0,399.0,108.0,463.0,9.0,42.0,2.0,,6.0,2776.0,177.0,35.0,50.0,49.0,619.0,665.0,0.0,44.0,51.0,136.0,189.0,1497.0,30.0,151.0,116.0,121.0,24.0,5.0,37.0,32.0,152.0,2.0,3.0
C_Palace_31,2014-15,82403,Wilfried Zaha,Galatasaray,Forward,Cote d’Ivoire,39.0,27.0,12.0,31.0,,3.0,108.0,14.0,,,2.0,,7.0,37.0,,,439.0,253.0,186.0,3.1957,4.2304,,4.1538,26.4198,127.0,12.0,1.0,,31.0,,,2.0,,,4.0,24.0,20.0,4.0,400.0,226.0,174.0,3.0,,1.0,1.0,13.0,11.0,24.0,12.0,,,86.0,1.0,,7.0,401.0,,20.0,,,,,,,2.0,,45.0,26.0,148.0,,4.0,84.0,,,,,,,,,13.0,1.0,11.0,11.0,15.0,,23.0,0.0,13.0,8.0,3.0,20.0,17.0,87.0,2.0,31.0,8.0,239.0,78.0,289.0,5.0,35.0,1.0,2.0,5.0,1982.0,164.0,10.0,43.0,48.0,451.0,405.0,0.0,26.0,40.0,146.0,108.0,1095.0,3.0,92.0,89.0,121.0,6.0,7.0,12.0,31.0,96.0,2.0,1.0
C_Palace_31,2014-15,75773,Lee Chung-yong,Crystal Palace,Midfielder,South Korea,2.0,2.0,,3.0,,,4.0,,,,,,1.0,,,,13.0,10.0,3.0,0.078,0.091,,,1.5562,15.0,1.0,,,3.0,,,,,,,2.0,2.0,,11.0,8.0,3.0,,,,,,,,,,,5.0,,,,39.0,,1.0,,,,,,,,,4.0,2.0,9.0,,,15.0,,,,,,,,,,,2.0,,,,1.0,0.0,1.0,2.0,,1.0,1.0,1.0,,3.0,2.0,17.0,11.0,25.0,,2.0,1.0,,2.0,91.0,4.0,1.0,2.0,,24.0,39.0,0.0,2.0,2.0,4.0,12.0,65.0,1.0,5.0,3.0,3.0,1.0,1.0,4.0,4.0,8.0,0.0,0.0
C_Palace_31,2014-15,12765,Jerome Thomas,Port Vale,Midfielder,England,,,,1.0,,,2.0,,,,,,,,,,2.0,1.0,1.0,0.0025,,,,,,,,,1.0,,,,,,,,,,2.0,1.0,1.0,,,,,,,,,,,,,,,4.0,,,,,,,,,,,2.0,2.0,1.0,,,2.0,,,,,,,,,,,,,,,,0.0,,1.0,,,,,,,,4.0,,4.0,,,,,,6.0,1.0,,,1.0,2.0,4.0,0.0,,,,,9.0,,1.0,1.0,1.0,,,,,,0.0,0.0
C_Palace_31,2014-15,59115,Mile Jedinak,Aston Villa,Midfielder,Australia,161.0,49.0,112.0,24.0,6.0,3.0,64.0,10.0,14.0,,5.0,,,4.0,,,355.0,134.0,221.0,0.902,4.0245,0.4245,5.8809,29.0029,474.0,29.0,,6.0,24.0,,,3.0,,,5.0,34.0,28.0,6.0,194.0,85.0,109.0,,1.0,,2.0,,3.0,81.0,10.0,,,246.0,10.0,5.0,,929.0,,1.0,,2.0,,,3.0,3.0,3.0,,34.0,21.0,162.0,1.0,4.0,169.0,,,,,,,,1.0,,10.0,8.0,3.0,13.0,5.0,24.0,0.0,3.0,,,4.0,2.0,3.0,9.0,10.0,51.0,356.0,283.0,584.0,15.0,65.0,1.0,1.0,5.0,2080.0,12.0,84.0,47.0,32.0,345.0,953.0,1.0,21.0,80.0,25.0,318.0,1366.0,,2.0,2.0,3.0,37.0,,98.0,73.0,220.0,0.0,3.0
C_Palace_31,2014-15,18805,Joe Ledley,Newport County,Midfielder,Wales,107.0,62.0,45.0,32.0,,1.0,173.0,2.0,12.0,,5.0,,18.0,7.0,,,265.0,121.0,144.0,1.2687,1.5634,,0.6779,36.6904,340.0,9.0,1.0,,32.0,,,,,,2.0,39.0,34.0,5.0,158.0,59.0,99.0,,1.0,,1.0,2.0,1.0,64.0,21.0,,1.0,234.0,,,2.0,982.0,,2.0,,,,,,,4.0,,45.0,28.0,192.0,,,250.0,,,,,,,,,2.0,,8.0,1.0,3.0,,30.0,0.0,6.0,2.0,2.0,6.0,3.0,10.0,5.0,20.0,26.0,421.0,377.0,766.0,18.0,46.0,,4.0,15.0,2572.0,30.0,68.0,11.0,25.0,284.0,997.0,0.0,11.0,64.0,28.0,205.0,1399.0,14.0,24.0,9.0,18.0,19.0,2.0,51.0,43.0,154.0,2.0,0.0
C_Palace_31,2014-15,50471,James McArthur,Crystal Palace,Midfielder,Scotland,124.0,67.0,57.0,32.0,,0.0,163.0,12.0,24.0,,5.0,5.0,,13.0,,,396.0,197.0,199.0,0.9018,2.2161,,2.9454,32.4678,369.0,26.0,1.0,,32.0,,,,,,2.0,32.0,25.0,7.0,272.0,130.0,142.0,2.0,1.0,,2.0,4.0,2.0,68.0,28.0,,,277.0,8.0,5.0,2.0,1059.0,,2.0,,1.0,,,,,2.0,,56.0,35.0,237.0,,1.0,266.0,,,,,,,,,4.0,8.0,12.0,2.0,9.0,5.0,29.0,0.0,9.0,3.0,,2.0,2.0,20.0,13.0,16.0,63.0,460.0,387.0,782.0,20.0,72.0,5.0,,3.0,2606.0,43.0,51.0,43.0,33.0,333.0,1075.0,0.0,21.0,92.0,40.0,230.0,1577.0,,12.0,12.0,21.0,31.0,,73.0,57.0,157.0,1.0,6.0
C_Palace_31,2014-15,103100,Jonny Williams,Gillingham,Midfielder,Wales,3.0,3.0,,2.0,,,1.0,,,,,,2.0,,,,7.0,3.0,4.0,0.0714,0.1016,,,1.2322,9.0,,,,2.0,,,,,,,,,,4.0,,4.0,,,,,,,2.0,2.0,,,3.0,,,,19.0,,,,,,,,,,,,,2.0,,,6.0,,,,,,,,,,,2.0,,,,,0.0,,2.0,,1.0,1.0,,,,1.0,14.0,2.0,14.0,,2.0,,,,34.0,,,,2.0,8.0,19.0,0.0,2.0,2.0,2.0,4.0,33.0,2.0,3.0,1.0,,1.0,,1.0,1.0,3.0,0.0,0.0
C_Palace_31,2014-15,49438,Jordon Mutch,Crawley Town,Midfielder,England,43.0,25.0,18.0,16.0,,,82.0,5.0,1.0,,1.0,,9.0,8.0,,,131.0,78.0,53.0,0.2543,0.6474,,0.1688,10.1554,113.0,10.0,,,16.0,,,1.0,,,,14.0,12.0,2.0,88.0,53.0,35.0,,,,,2.0,1.0,11.0,9.0,,,88.0,1.0,1.0,6.0,347.0,,1.0,,,,,,,1.0,,19.0,10.0,33.0,,,74.0,,,,,,,,,2.0,1.0,7.0,1.0,2.0,1.0,10.0,0.0,5.0,6.0,5.0,7.0,2.0,7.0,1.0,27.0,15.0,165.0,125.0,268.0,7.0,17.0,1.0,,,851.0,24.0,8.0,16.0,4.0,138.0,357.0,0.0,9.0,24.0,22.0,74.0,518.0,4.0,22.0,18.0,13.0,7.0,1.0,12.0,15.0,62.0,0.0,5.0
C_Palace_31,2014-15,59013,Barry Bannan,Millwall,Midfielder,Scotland,3.0,3.0,,7.0,,,12.0,,,,,,4.0,2.0,,,19.0,13.0,6.0,0.2782,0.0446,,0.0663,1.8824,30.0,1.0,,,7.0,,,,,,,3.0,1.0,2.0,16.0,10.0,6.0,,,,,,,2.0,3.0,,,22.0,,1.0,,73.0,,1.0,,,,,,,,,3.0,,18.0,,,12.0,,,,,,,,,,,1.0,,1.0,1.0,2.0,0.0,2.0,5.0,2.0,5.0,2.0,2.0,,3.0,5.0,32.0,23.0,45.0,1.0,3.0,,,,136.0,4.0,,2.0,,41.0,76.0,0.0,2.0,4.0,2.0,26.0,109.0,1.0,8.0,7.0,2.0,2.0,,6.0,5.0,20.0,0.0,1.0
C_Palace_31,2014-15,44302,Adlène Guédioura,Burton Albion,Midfielder,Algeria,8.0,3.0,5.0,7.0,,,14.0,1.0,1.0,,,,2.0,1.0,,,30.0,12.0,18.0,0.069,0.2848,,0.0637,2.7832,34.0,3.0,,,7.0,,,,,,,2.0,2.0,,22.0,9.0,13.0,1.0,,,,1.0,1.0,1.0,1.0,,,16.0,,,,72.0,,,,,,,,,1.0,,9.0,4.0,12.0,,,10.0,,,,,,,,,1.0,,3.0,1.0,1.0,,,0.0,,7.0,,,,5.0,,2.0,2.0,31.0,17.0,46.0,,3.0,1.0,,,122.0,3.0,6.0,6.0,5.0,40.0,74.0,0.0,4.0,3.0,6.0,26.0,119.0,1.0,4.0,3.0,2.0,2.0,1.0,7.0,5.0,19.0,0.0,1.0
C_Palace_31,2014-15,130103,Hiram Boateng,Mansfield Town,Midfielder,England,,,,,,,,,,,,,,,,,,,,,,,,,,,,,,,,,,,,,,,,,,,,,,,,,,,,,,,,,,,,,,,,,,,,,,,,,,,,,,,,,,,,,,,,0.0,,,,,,,,,,,,,,,,,,,,,,,,,0.0,,,,,,,,,,,,,,,,0.0
C_Palace_31,2014-15,138006,Jake Gray,Hemel Hempstead Town,Midfielder,England,,,,,,,,,,,,,,,,,,,,,,,,,,,,,,,,,,,,,,,,,,,,,,,,,,,,,,,,,,,,,,,,,,,,,,,,,,,,,,,,,,,,,,,,0.0,,,,,,,,,,,,,,,,,,,,,,,,,0.0,,,,,,,,,,,,,,,,0.0
C_Palace_31,2014-15,19197,Jason Puncheon,Huddersfield Town,Midfielder,England,34.0,21.0,13.0,37.0,4.0,3.0,219.0,19.0,2.0,,6.0,,105.0,27.0,,,413.0,253.0,160.0,4.694,2.7979,0.3354,5.1669,37.1637,401.0,29.0,,4.0,37.0,,,7.0,,,6.0,41.0,35.0,6.0,379.0,232.0,147.0,3.0,,2.0,3.0,11.0,4.0,39.0,58.0,,5.0,347.0,8.0,10.0,4.0,1079.0,,7.0,,,,,,,3.0,,69.0,32.0,265.0,1.0,1.0,175.0,,,,,,,1.0,3.0,11.0,8.0,26.0,4.0,20.0,10.0,31.0,0.0,6.0,6.0,32.0,51.0,6.0,58.0,17.0,53.0,66.0,624.0,300.0,807.0,21.0,45.0,7.0,1.0,10.0,2825.0,138.0,22.0,46.0,24.0,649.0,1142.0,1.0,46.0,66.0,75.0,269.0,1917.0,62.0,148.0,67.0,84.0,33.0,4.0,85.0,48.0,184.0,2.0,7.0
C_Palace_31,2014-15,28541,Fraizer Campbell,Huddersfield Town,Forward,England,85.0,54.0,31.0,20.0,,1.0,51.0,4.0,1.0,,,,,5.0,,,189.0,112.0,77.0,0.2128,4.724,,4.4554,18.5724,84.0,9.0,,,20.0,,,,,,4.0,24.0,19.0,5.0,104.0,58.0,46.0,1.0,1.0,,3.0,3.0,4.0,6.0,8.0,,1.0,58.0,1.0,1.0,10.0,216.0,,5.0,,,,,,,3.0,,13.0,9.0,51.0,,2.0,47.0,,,,,,,,,3.0,1.0,12.0,4.0,9.0,1.0,13.0,0.0,10.0,7.0,,1.0,1.0,15.0,,23.0,2.0,125.0,46.0,168.0,2.0,7.0,,,1.0,1175.0,33.0,2.0,18.0,23.0,145.0,240.0,0.0,21.0,9.0,57.0,70.0,417.0,,5.0,5.0,20.0,1.0,7.0,2.0,8.0,68.0,1.0,5.0
C_Palace_31,2014-15,80711,Yaya Sanogo,Huddersfield Town,Forward,France,45.0,28.0,17.0,13.0,,,31.0,8.0,,,,,,5.0,,,102.0,71.0,31.0,0.1097,0.6421,,,5.1046,35.0,7.0,,,13.0,,,,,,,8.0,7.0,1.0,57.0,43.0,14.0,,,,,3.0,,3.0,5.0,,,23.0,1.0,,6.0,120.0,,1.0,,,,,,,,,17.0,9.0,15.0,,,37.0,,,,,,,,,3.0,1.0,7.0,,2.0,,5.0,0.0,5.0,8.0,,1.0,1.0,6.0,,14.0,1.0,62.0,16.0,76.0,1.0,2.0,,,1.0,457.0,21.0,6.0,18.0,6.0,97.0,126.0,0.0,9.0,3.0,30.0,49.0,231.0,,2.0,2.0,7.0,,4.0,1.0,7.0,48.0,0.0,1.0
C_Palace_31,2014-15,104547,Dwight Gayle,Stoke City U21,Forward,England,71.0,42.0,29.0,25.0,2.0,3.0,65.0,10.0,,,,,7.0,9.0,,,158.0,85.0,73.0,0.5372,5.0065,0.1222,3.0051,14.6873,79.0,6.0,,2.0,25.0,,,1.0,,,5.0,18.0,15.0,3.0,87.0,43.0,44.0,,,1.0,2.0,9.0,3.0,12.0,15.0,,2.0,42.0,1.0,2.0,6.0,260.0,,,,,,,1.0,1.0,1.0,,24.0,10.0,51.0,,3.0,85.0,,,,,,,1.0,,9.0,1.0,10.0,3.0,10.0,2.0,11.0,0.0,7.0,14.0,3.0,7.0,4.0,3.0,2.0,20.0,7.0,142.0,53.0,181.0,3.0,13.0,,3.0,3.0,1090.0,21.0,9.0,18.0,25.0,168.0,271.0,0.0,20.0,16.0,45.0,83.0,481.0,4.0,30.0,17.0,8.0,6.0,7.0,8.0,18.0,75.0,1.0,1.0
C_Palace_31,2014-15,20529,Glenn Murray,Brighton and Hove Albion,Forward,England,113.0,64.0,49.0,17.0,,5.0,40.0,7.0,2.0,,,,,5.0,,,197.0,109.0,88.0,0.4282,9.0071,,8.7919,10.553,77.0,10.0,,,17.0,,,3.0,,,7.0,10.0,8.0,2.0,84.0,45.0,39.0,,3.0,2.0,2.0,6.0,11.0,3.0,4.0,,1.0,34.0,1.0,,15.0,176.0,,2.0,,,,,2.0,1.0,1.0,,8.0,3.0,18.0,1.0,3.0,33.0,,,,,,,,,6.0,1.0,13.0,11.0,18.0,,9.0,0.0,5.0,8.0,,1.0,1.0,4.0,,25.0,2.0,90.0,16.0,103.0,4.0,5.0,,,,866.0,18.0,17.0,29.0,28.0,137.0,184.0,1.0,31.0,9.0,63.0,79.0,364.0,,6.0,6.0,11.0,,7.0,,10.0,79.0,0.0,3.0
C_Palace_31,2014-15,6240,Shola Ameobi,Notts County,Forward,Nigeria,8.0,3.0,5.0,4.0,,,5.0,,,,,,,,,,13.0,7.0,6.0,0.0094,0.0443,,,2.1599,7.0,,,,4.0,,,,,,,1.0,,1.0,5.0,4.0,1.0,,,,,,,,,,,4.0,,,,19.0,,,,,,,,,,,,,2.0,,,3.0,,,,,,,,,,,1.0,,,,,0.0,,4.0,,,,,,3.0,1.0,9.0,3.0,11.0,,1.0,,,,38.0,2.0,2.0,1.0,,12.0,19.0,0.0,1.0,1.0,2.0,7.0,29.0,,,,1.0,,,,,7.0,0.0,0.0
C_Palace_31,2014-15,15675,Marouane Chamakh,Cardiff City,Forward,Morocco,157.0,104.0,53.0,18.0,,0.0,112.0,3.0,,,1.0,,,6.0,,,318.0,197.0,121.0,0.659,1.3675,,1.3808,14.2408,139.0,17.0,1.0,,18.0,,,,,,2.0,17.0,13.0,4.0,161.0,93.0,68.0,4.0,,1.0,2.0,1.0,3.0,10.0,18.0,,1.0,111.0,2.0,,6.0,455.0,,1.0,,,,,,,,,25.0,14.0,85.0,,1.0,106.0,,,,,,,,,1.0,2.0,3.0,3.0,5.0,,15.0,0.0,10.0,3.0,,,,12.0,,60.0,3.0,249.0,92.0,338.0,4.0,25.0,1.0,,,1156.0,43.0,25.0,40.0,29.0,215.0,468.0,0.0,8.0,29.0,33.0,127.0,704.0,,3.0,3.0,17.0,,6.0,4.0,19.0,123.0,1.0,4.0
Chelsea_8,2014-15,11334,Petr Cech,Chelsea PL2,Goalkeeper,Czech Republic,,,,7.0,,,,,,2.0,4.0,,,,,,,,,0.0124,,,,4.5671,112.0,,,,7.0,47.0,21.0,,48.0,1.0,,2.0,2.0,,,,,,,,,,,,,,,13.0,,,,76.0,,,,,,,,,,2.0,1.0,,39.0,,,22.0,,16.0,2.0,7.0,9.0,3.0,,,,,,,,,6.0,0.0,,1.0,,,,,19.0,,46.0,32.0,54.0,40.0,,,,,,606.0,,4.0,,,64.0,147.0,0.0,,,,61.0,194.0,,,,,31.0,,61.0,7.0,,0.0,0.0
Chelsea_8,2014-15,60772,Thibaut Courtois,Real Madrid,Goalkeeper,Belgium,9.0,,9.0,32.0,,,,,,69.0,12.0,,,,,2.0,17.0,,17.0,0.046,,,,28.8763,650.0,,,,32.0,258.0,108.0,,236.0,4.0,,30.0,25.0,5.0,8.0,,8.0,,,,,,,,3.0,,,39.0,,,,316.0,,,,,3.0,,,,3.0,11.0,,,267.0,,,52.0,,74.0,12.0,41.0,33.0,23.0,,,,,,,,,32.0,0.0,1.0,,,,,1.0,102.0,,230.0,188.0,180.0,138.0,,,,,,2814.0,,21.0,,8.0,386.0,741.0,0.0,,,,373.0,1064.0,,,,,213.0,,373.0,45.0,,0.0,1.0
Chelsea_8,2014-15,108132,Jamal Blackman,Shrewsbury Town,Goalkeeper,England,,,,,,,,,,,,,,,,,,,,,,,,,,,,,,,,,,,,,,,,,,,,,,,,,,,,,,,,,,,,,,,,,,,,,,,,,,,,,,,,,,,,,,,,0.0,,,,,,,,,,,,,,,,,,,,,,,,,0.0,,,,,,,,,,,,,,,,0.0
Chelsea_8,2014-15,126190,Mitchell Beeney,Bowers & Pitsea,Goalkeeper,England,,,,,,,,,,,,,,,,,,,,,,,,,,,,,,,,,,,,,,,,,,,,,,,,,,,,,,,,,,,,,,,,,,,,,,,,,,,,,,,,,,,,,,,,0.0,,,,,,,,,,,,,,,,,,,,,,,,,0.0,,,,,,,,,,,,,,,,0.0
Chelsea_8,2014-15,41135,Branislav Ivanovic,West Bromwich Albion,Defender,Serbia,167.0,68.0,99.0,38.0,,3.0,332.0,7.0,4.0,,17.0,,1.0,17.0,,,408.0,167.0,241.0,4.2021,4.9652,,4.7632,33.153,502.0,21.0,,,38.0,,,5.0,,,4.0,31.0,26.0,5.0,241.0,99.0,142.0,,,1.0,1.0,2.0,5.0,38.0,31.0,,1.0,625.0,5.0,2.0,4.0,1477.0,,5.0,,,,,,,3.0,,49.0,19.0,149.0,1.0,3.0,40.0,,,,,,,2.0,,2.0,5.0,26.0,5.0,11.0,2.0,38.0,0.0,,,,15.0,15.0,29.0,8.0,8.0,56.0,712.0,521.0,1162.0,13.0,75.0,2.0,67.0,297.0,3419.0,43.0,137.0,42.0,26.0,495.0,1499.0,1.0,37.0,88.0,119.0,281.0,2470.0,,67.0,67.0,20.0,52.0,4.0,87.0,69.0,194.0,1.0,10.0
Chelsea_8,2014-15,18595,Filipe Luís,Atlético de Madrid,Defender,Brazil,29.0,15.0,14.0,15.0,1.0,,103.0,2.0,3.0,,2.0,,2.0,3.0,,,139.0,55.0,84.0,0.7214,0.2664,0.0816,0.1304,9.6757,213.0,12.0,,1.0,15.0,,,,,,,12.0,11.0,1.0,110.0,40.0,70.0,2.0,,,,1.0,,14.0,10.0,,,32.0,1.0,2.0,,576.0,,1.0,,,,,,,1.0,,20.0,8.0,58.0,,,242.0,,,,,,,,,1.0,1.0,1.0,,2.0,2.0,9.0,0.0,1.0,6.0,1.0,6.0,4.0,14.0,2.0,2.0,24.0,301.0,215.0,486.0,11.0,36.0,,13.0,96.0,939.0,16.0,18.0,19.0,10.0,145.0,590.0,0.0,3.0,47.0,20.0,80.0,881.0,1.0,27.0,26.0,6.0,15.0,,28.0,20.0,52.0,0.0,1.0
Chelsea_8,2014-15,103192,Kurt Zouma,West Ham United,Defender,France,36.0,12.0,24.0,15.0,,,25.0,,3.0,,4.0,,,,,,67.0,21.0,46.0,0.0362,0.0431,,,7.0081,113.0,2.0,,,15.0,,,,,,,3.0,3.0,,31.0,9.0,22.0,,,,,,,7.0,1.0,,,84.0,,,,257.0,,,,,,,,,,,7.0,5.0,32.0,,,38.0,,,,,,,,,,,1.0,,,,7.0,0.0,1.0,8.0,,,,4.0,5.0,3.0,13.0,46.0,163.0,196.0,6.0,11.0,,,2.0,644.0,1.0,45.0,6.0,1.0,54.0,260.0,0.0,1.0,17.0,3.0,51.0,354.0,,1.0,1.0,1.0,19.0,,27.0,14.0,24.0,0.0,0.0
Chelsea_8,2014-15,126184,Nathan Aké,Manchester City,Defender,Netherlands,1.0,1.0,,1.0,,,1.0,,,,,,,,,,3.0,2.0,1.0,0.0055,,,,,4.0,1.0,,,1.0,,,,,,,,,,2.0,1.0,1.0,,,,,,,1.0,,,,10.0,,,,14.0,,,,,,,,,,,,,,,,1.0,,,,,,,,,,,,,,,,0.0,,1.0,,,,,,1.0,1.0,8.0,7.0,14.0,,,,,,17.0,,1.0,1.0,1.0,1.0,16.0,0.0,,,,1.0,19.0,,,,,,,,,1.0,0.0,0.0
Chelsea_8,2014-15,19419,Gary Cahill,Bournemouth,Defender,England,161.0,42.0,119.0,36.0,,1.0,85.0,6.0,29.0,,14.0,,,1.0,,,250.0,79.0,171.0,0.407,1.5965,,1.121,28.3484,563.0,8.0,,,36.0,,,,,,1.0,30.0,25.0,5.0,89.0,37.0,52.0,,,,0.0,5.0,8.0,27.0,4.0,,,531.0,1.0,,,1296.0,,2.0,,1.0,,,,,3.0,,16.0,6.0,116.0,,1.0,141.0,,,,,,,,,5.0,1.0,7.0,8.0,9.0,,33.0,0.0,1.0,3.0,,,,3.0,15.0,,73.0,226.0,915.0,1068.0,11.0,23.0,,,5.0,2985.0,4.0,221.0,23.0,17.0,195.0,1320.0,0.0,16.0,34.0,48.0,179.0,1726.0,,3.0,3.0,,46.0,,81.0,53.0,98.0,0.0,5.0
Chelsea_8,2014-15,1718,John Terry,Aston Villa,Defender,England,136.0,37.0,99.0,38.0,,3.0,111.0,3.0,30.0,,17.0,,,2.0,,,215.0,56.0,159.0,0.5956,4.2022,,3.8807,33.4434,649.0,4.0,,,38.0,,,,,,5.0,32.0,27.0,5.0,79.0,19.0,60.0,,2.0,,2.0,2.0,5.0,32.0,7.0,1.0,2.0,364.0,1.0,,1.0,1575.0,,1.0,1.0,1.0,,,,,3.0,,10.0,7.0,129.0,,1.0,480.0,,,,,,,,,2.0,1.0,7.0,5.0,10.0,,38.0,0.0,,,,1.0,1.0,,15.0,3.0,63.0,312.0,1126.0,1374.0,6.0,37.0,,,2.0,3420.0,1.0,217.0,13.0,19.0,177.0,1604.0,0.0,17.0,43.0,39.0,167.0,2000.0,,1.0,1.0,1.0,45.0,,66.0,58.0,101.0,3.0,2.0
Chelsea_8,2014-15,41328,César Azpilicueta,Atlético de Madrid,Defender,Spain,75.0,37.0,38.0,29.0,,,179.0,2.0,12.0,,14.0,2.0,,4.0,,,246.0,100.0,146.0,1.2787,0.2518,,0.5763,23.7677,564.0,11.0,,,29.0,,,3.0,,,,20.0,16.0,4.0,171.0,63.0,108.0,,,,,1.0,1.0,59.0,14.0,1.0,,49.0,1.0,2.0,,1285.0,,1.0,,,,,,,2.0,,63.0,35.0,144.0,,,508.0,,,,,,,,,1.0,1.0,2.0,1.0,3.0,2.0,29.0,1.0,2.0,,,5.0,5.0,8.0,10.0,5.0,46.0,608.0,484.0,1041.0,16.0,70.0,1.0,64.0,207.0,2484.0,14.0,89.0,19.0,14.0,343.0,1300.0,1.0,5.0,86.0,24.0,213.0,1992.0,,33.0,33.0,9.0,42.0,,69.0,68.0,144.0,0.0,1.0
Chelsea_8,2014-15,135363,Andreas Christensen,Barcelona,Defender,Denmark,,,,1.0,,,3.0,,,,,,,,,,2.0,2.0,,0.0065,,,,0.2457,2.0,,,,1.0,,,,,,,,,,2.0,2.0,,,,,,,,,,,,2.0,,,,12.0,,,,,,,,,,,,,1.0,,,5.0,,,,,,,,,,,,,,,,0.0,,1.0,,,,,,,,7.0,5.0,12.0,,,,,,12.0,,,1.0,,,12.0,0.0,,,,,12.0,,,,,,,,,,0.0,0.0
Chelsea_8,2014-15,104953,Christian Atsu,Newcastle United,Midfielder,Ghana,3.0,1.0,2.0,5.0,,,19.0,1.0,,,,,,1.0,,,11.0,4.0,7.0,,,,,,17.0,,,,5.0,,,1.0,,,,5.0,5.0,,8.0,3.0,5.0,,,,,,,1.0,4.0,,,26.0,,,,67.0,,2.0,,,,,,,1.0,,2.0,2.0,10.0,,,5.0,,,,,,,,,,,2.0,,1.0,,1.0,0.0,1.0,4.0,,1.0,1.0,4.0,,1.0,1.0,35.0,17.0,50.0,,1.0,3.0,,,110.0,3.0,1.0,,,24.0,67.0,0.0,3.0,1.0,18.0,16.0,92.0,,,,2.0,,,,2.0,16.0,0.0,0.0
Chelsea_8,2014-15,126186,Lewis Baker,Stoke City U21,Midfielder,Jamaica,,,,,,,,,,,,,,,,,,,,,,,,,,,,,,,,,,,,,,,,,,,,,,,,,,,,,,,,,,,,,,,,,,,,,,,,,,,,,,,,,,,,,,,,0.0,,,,,,,,,,,,,,,,,,,,,,,,,0.0,,,,,,,,,,,,,,,,0.0
Chelsea_8,2014-15,17878,Cesc Fàbregas,Monaco,Midfielder,Spain,65.0,37.0,28.0,34.0,4.0,3.0,376.0,16.0,5.0,,10.0,,150.0,27.0,,,395.0,205.0,190.0,11.296,2.9789,0.3002,3.3755,27.8216,1023.0,20.0,1.0,4.0,34.0,,,18.0,,,3.0,26.0,22.0,4.0,330.0,168.0,162.0,1.0,,1.0,0.0,3.0,7.0,24.0,77.0,,,632.0,13.0,7.0,1.0,2597.0,,2.0,,,,,,,2.0,,80.0,38.0,265.0,,3.0,712.0,,,,,,,3.0,,3.0,13.0,10.0,7.0,17.0,7.0,33.0,1.0,8.0,1.0,44.0,58.0,9.0,36.0,2.0,73.0,182.0,1622.0,772.0,2154.0,17.0,73.0,35.0,,9.0,2886.0,70.0,30.0,30.0,36.0,667.0,2743.0,1.0,27.0,90.0,97.0,407.0,3398.0,90.0,140.0,22.0,23.0,9.0,1.0,97.0,60.0,310.0,2.0,11.0
Chelsea_8,2014-15,53392,Ramires,Chelsea,Midfielder,Brazil,48.0,25.0,23.0,23.0,,2.0,80.0,5.0,,,3.0,,,9.0,,,176.0,95.0,81.0,1.4205,1.6781,,2.1716,11.9744,179.0,11.0,,,23.0,,,4.0,,,2.0,13.0,11.0,2.0,128.0,70.0,58.0,,,1.0,0.0,3.0,2.0,13.0,6.0,,1.0,176.0,2.0,1.0,1.0,539.0,,2.0,,,,,,,,,25.0,14.0,55.0,,1.0,109.0,,,,,,,,,3.0,2.0,7.0,2.0,5.0,1.0,11.0,0.0,4.0,12.0,,1.0,1.0,14.0,,11.0,19.0,280.0,154.0,414.0,3.0,24.0,4.0,1.0,1.0,1102.0,35.0,23.0,19.0,18.0,177.0,544.0,0.0,12.0,27.0,30.0,111.0,752.0,,9.0,9.0,16.0,5.0,,20.0,25.0,91.0,0.0,4.0
Chelsea_8,2014-15,61262,Oscar,Chelsea,Midfielder,Brazil,69.0,38.0,31.0,28.0,6.0,3.0,228.0,26.0,2.0,,2.0,,7.0,20.0,,,301.0,179.0,122.0,3.806,5.4893,0.5143,5.9826,18.3847,396.0,26.0,,6.0,28.0,,,8.0,,,6.0,14.0,10.0,4.0,232.0,141.0,91.0,,,2.0,3.0,10.0,10.0,15.0,29.0,,,330.0,16.0,7.0,4.0,1263.0,,7.0,,,,,,,2.0,,47.0,25.0,131.0,,6.0,338.0,,,,,,,,1.0,10.0,16.0,23.0,10.0,23.0,7.0,26.0,0.0,20.0,2.0,1.0,6.0,5.0,18.0,4.0,51.0,44.0,760.0,313.0,1023.0,9.0,42.0,5.0,,12.0,2034.0,72.0,31.0,35.0,22.0,373.0,1292.0,0.0,46.0,51.0,93.0,225.0,1714.0,5.0,32.0,24.0,31.0,11.0,5.0,35.0,34.0,190.0,3.0,5.0
Chelsea_8,2014-15,42786,Eden Hazard,Real Madrid,Forward,Belgium,50.0,35.0,15.0,38.0,,5.0,467.0,22.0,1.0,,12.0,,8.0,41.0,,,609.0,273.0,336.0,12.2912,11.5688,,12.828,31.8923,613.0,9.0,3.0,,38.0,,,9.0,,,14.0,30.0,25.0,5.0,559.0,238.0,321.0,,3.0,3.0,9.0,13.0,9.0,23.0,91.0,,5.0,372.0,9.0,10.0,4.0,2192.0,,14.0,,,,,4.0,3.0,3.0,,76.0,26.0,227.0,,6.0,764.0,,,,,,,5.0,,13.0,9.0,23.0,9.0,33.0,10.0,38.0,0.0,12.0,,,11.0,11.0,180.0,,81.0,88.0,1618.0,319.0,1838.0,3.0,25.0,11.0,2.0,23.0,3372.0,203.0,9.0,12.0,113.0,645.0,2216.0,0.0,56.0,28.0,274.0,290.0,3097.0,3.0,50.0,46.0,100.0,5.0,4.0,42.0,42.0,248.0,7.0,2.0
Chelsea_8,2014-15,28495,John Obi Mikel,Stoke City,Midfielder,Nigeria,15.0,7.0,8.0,18.0,,,69.0,,1.0,,1.0,,,1.0,,,79.0,41.0,38.0,0.3789,0.3184,,0.0518,7.4309,173.0,11.0,,,18.0,,,1.0,,,,8.0,8.0,,64.0,34.0,30.0,1.0,,,,,1.0,14.0,1.0,,,154.0,,,,522.0,,,,,,,,,,,18.0,15.0,60.0,,,131.0,,,,,,,,,,,2.0,1.0,1.0,,6.0,0.0,3.0,12.0,,,,7.0,2.0,13.0,22.0,260.0,218.0,456.0,5.0,16.0,2.0,,,696.0,6.0,13.0,14.0,3.0,65.0,527.0,0.0,3.0,21.0,3.0,49.0,625.0,,3.0,3.0,2.0,7.0,,15.0,11.0,34.0,0.0,1.0
Chelsea_8,2014-15,126187,Ruben Loftus-Cheek,Milan,Midfielder,England,2.0,1.0,1.0,3.0,,,17.0,1.0,,,,,,,,,15.0,7.0,8.0,0.0863,0.028,,,2.2592,18.0,3.0,,,3.0,,,,,,,4.0,3.0,1.0,13.0,6.0,7.0,,,,,,,4.0,1.0,,,40.0,1.0,,,103.0,,,,,,,,,1.0,,2.0,1.0,14.0,,,29.0,,,,,,,,,,1.0,,,,,2.0,0.0,2.0,1.0,,,,2.0,,2.0,2.0,48.0,50.0,96.0,2.0,1.0,1.0,,,134.0,,3.0,3.0,2.0,8.0,104.0,0.0,,3.0,,6.0,122.0,,,,,,,1.0,1.0,5.0,0.0,0.0
Chelsea_8,2014-15,49013,Victor Moses,Luton Town,Midfielder,Nigeria,41.0,26.0,15.0,19.0,4.0,1.0,116.0,8.0,,,2.0,,63.0,19.0,,,288.0,142.0,146.0,,,,,,96.0,5.0,2.0,,19.0,,,3.0,,,3.0,19.0,17.0,2.0,247.0,116.0,131.0,2.0,1.0,1.0,2.0,,,22.0,29.0,,1.0,38.0,,,3.0,389.0,,9.0,,,,,1.0,1.0,2.0,,27.0,19.0,99.0,,1.0,151.0,,,,,,,1.0,,,,21.0,,12.0,,19.0,0.0,11.0,,19.0,30.0,9.0,63.0,1.0,24.0,7.0,255.0,102.0,320.0,10.0,23.0,2.0,1.0,7.0,1455.0,94.0,7.0,20.0,35.0,318.0,401.0,0.0,33.0,33.0,75.0,74.0,923.0,41.0,97.0,40.0,60.0,9.0,2.0,14.0,21.0,60.0,0.0,3.0
Chelsea_8,2014-15,66733,Juan Cuadrado,Atalanta,Midfielder,Colombia,6.0,4.0,2.0,12.0,,,57.0,1.0,,,,,6.0,7.0,,,67.0,38.0,29.0,0.8101,1.7165,,1.868,1.7703,35.0,4.0,1.0,,12.0,,,,,,,1.0,1.0,,61.0,34.0,27.0,,,,,1.0,3.0,5.0,6.0,,,60.0,,,,182.0,,3.0,,,,,,,,,10.0,7.0,22.0,,,32.0,,,,,,,,,1.0,,4.0,3.0,3.0,,4.0,0.0,4.0,8.0,1.0,3.0,2.0,5.0,1.0,14.0,5.0,139.0,32.0,163.0,3.0,9.0,,,2.0,311.0,21.0,2.0,5.0,10.0,59.0,184.0,0.0,7.0,12.0,30.0,16.0,288.0,5.0,15.0,10.0,9.0,1.0,,4.0,3.0,12.0,0.0,2.0
Chelsea_8,2014-15,118748,Mohamed Salah,Liverpool,Forward,Egypt,,,,3.0,,,9.0,,,,,,,2.0,,,6.0,5.0,1.0,0.0209,0.4832,,0.5425,2.2981,7.0,,,,3.0,,,,,,,3.0,2.0,1.0,6.0,5.0,1.0,,,,,,1.0,,1.0,,,6.0,,,,22.0,,,,,,,,,,,2.0,1.0,3.0,,,1.0,,,,,,,,,,,1.0,1.0,1.0,,,0.0,,3.0,,,,1.0,,,1.0,15.0,3.0,17.0,,,,,1.0,30.0,4.0,,1.0,,11.0,23.0,0.0,2.0,,3.0,5.0,35.0,,,,1.0,,,,,5.0,0.0,0.0
Chelsea_8,2014-15,62398,Nemanja Matic,Lyon,Midfielder,Serbia,119.0,43.0,76.0,36.0,2.0,1.0,291.0,6.0,7.0,,16.0,,,6.0,,,500.0,222.0,278.0,2.7038,2.5361,0.193,3.0042,29.1609,728.0,32.0,,2.0,36.0,,,3.0,,,1.0,28.0,23.0,5.0,381.0,179.0,202.0,2.0,,,0.0,3.0,3.0,72.0,21.0,,1.0,659.0,3.0,6.0,7.0,2270.0,,2.0,,1.0,,,,,3.0,,74.0,47.0,312.0,,,620.0,,,,,,,,,3.0,3.0,13.0,3.0,10.0,6.0,35.0,1.0,1.0,1.0,,5.0,5.0,52.0,3.0,26.0,120.0,1043.0,948.0,1866.0,28.0,101.0,4.0,,3.0,3123.0,57.0,116.0,47.0,22.0,416.0,2298.0,1.0,23.0,129.0,45.0,312.0,2925.0,,20.0,20.0,14.0,28.0,,65.0,82.0,247.0,1.0,10.0
Chelsea_8,2014-15,47431,Willian,Fulham,Forward,Brazil,57.0,41.0,16.0,36.0,4.0,0.0,323.0,11.0,,,3.0,,39.0,27.0,,,334.0,167.0,167.0,5.8052,3.9043,0.3294,4.815,21.9513,303.0,15.0,,4.0,36.0,,,3.0,,,2.0,18.0,16.0,2.0,277.0,126.0,151.0,,,4.0,2.0,5.0,8.0,13.0,46.0,,,495.0,6.0,7.0,4.0,1336.0,,5.0,,,,,,,2.0,,39.0,9.0,149.0,,2.0,249.0,,,,,,,2.0,,5.0,6.0,27.0,8.0,17.0,7.0,28.0,0.0,22.0,8.0,14.0,26.0,11.0,63.0,,76.0,88.0,881.0,306.0,1073.0,6.0,30.0,4.0,2.0,10.0,2415.0,66.0,7.0,27.0,53.0,406.0,1370.0,0.0,44.0,36.0,85.0,209.0,1866.0,19.0,75.0,47.0,31.0,8.0,2.0,35.0,35.0,174.0,1.0,3.0
Chelsea_8,2014-15,89085,Nathaniel Chalobah,Sheffield Wednesday,Midfielder,England,1.0,1.0,,4.0,,,10.0,,,,,,,,,,10.0,9.0,1.0,0.0283,0.0301,,,2.8444,11.0,1.0,,,4.0,,,,,,,3.0,3.0,,9.0,8.0,1.0,,,,,,,2.0,,,,14.0,,,,58.0,,,,,,,,,,,3.0,3.0,7.0,,,23.0,,,,,,,,,,,1.0,,,,,0.0,,4.0,,,,,,2.0,2.0,20.0,31.0,49.0,,,,,,66.0,3.0,1.0,4.0,1.0,12.0,58.0,0.0,1.0,,1.0,7.0,71.0,,,,,,,3.0,4.0,4.0,0.0,1.0
Chelsea_8,2014-15,135365,Jérémie Boga,Nice,Forward,Cote d’Ivoire,,,,,,,,,,,,,,,,,,,,,,,,,,,,,,,,,,,,,,,,,,,,,,,,,,,,,,,,,,,,,,,,,,,,,,,,,,,,,,,,,,,,,,,,0.0,,,,,,,,,,,,,,,,,,,,,,,,,0.0,,,,,,,,,,,,,,,,0.0
Chelsea_8,2014-15,12303,Didier Drogba,Chelsea,Forward,Cote d’Ivoire,91.0,45.0,46.0,28.0,4.0,3.0,75.0,5.0,3.0,,3.0,,,6.0,,,197.0,114.0,83.0,1.1444,2.5122,0.2301,2.1636,7.1612,113.0,6.0,,4.0,28.0,,,1.0,,,4.0,5.0,5.0,,106.0,69.0,37.0,,2.0,,1.0,3.0,2.0,2.0,13.0,,,64.0,2.0,3.0,12.0,312.0,,,,,,,,,,,18.0,5.0,33.0,,2.0,65.0,,,,,,,,,3.0,2.0,16.0,2.0,9.0,3.0,8.0,0.0,3.0,20.0,,2.0,2.0,10.0,1.0,27.0,14.0,146.0,47.0,177.0,1.0,12.0,1.0,,,856.0,54.0,12.0,13.0,16.0,229.0,317.0,0.0,25.0,13.0,61.0,126.0,532.0,,10.0,10.0,16.0,3.0,6.0,7.0,18.0,119.0,0.0,5.0
Chelsea_8,2014-15,38419,Loïc Rémy,Lille,Forward,France,37.0,22.0,15.0,21.0,,1.0,104.0,9.0,,,,,,12.0,,,111.0,66.0,45.0,0.3304,3.5867,,4.7674,8.3535,50.0,4.0,,,21.0,,,,,,7.0,13.0,10.0,3.0,74.0,44.0,30.0,1.0,,1.0,6.0,4.0,4.0,2.0,6.0,,1.0,67.0,4.0,2.0,10.0,258.0,,2.0,,,,,,,1.0,,4.0,2.0,28.0,,6.0,43.0,,,,,,,,,4.0,4.0,12.0,4.0,16.0,2.0,8.0,0.0,6.0,13.0,,3.0,3.0,12.0,1.0,26.0,4.0,165.0,53.0,211.0,1.0,2.0,,,,845.0,32.0,5.0,10.0,15.0,105.0,264.0,0.0,28.0,3.0,53.0,49.0,403.0,,11.0,11.0,16.0,,4.0,2.0,3.0,47.0,3.0,0.0
Chelsea_8,2014-15,18507,Diego Costa,Wolverhampton Wanderers,Forward,Spain,109.0,76.0,33.0,26.0,,8.0,267.0,18.0,1.0,,2.0,,,39.0,,,324.0,226.0,98.0,3.3188,14.3729,,15.4983,20.9071,113.0,10.0,,,26.0,,,3.0,,,20.0,23.0,20.0,3.0,215.0,150.0,65.0,1.0,3.0,2.0,12.0,13.0,16.0,6.0,38.0,,5.0,132.0,5.0,1.0,25.0,692.0,,4.0,,,,,1.0,1.0,3.0,,38.0,10.0,47.0,,12.0,196.0,,,,,,,1.0,,13.0,5.0,21.0,16.0,37.0,1.0,24.0,0.0,17.0,2.0,,4.0,4.0,28.0,,70.0,11.0,451.0,102.0,538.0,1.0,12.0,1.0,,2.0,2082.0,113.0,21.0,33.0,25.0,354.0,708.0,0.0,58.0,13.0,195.0,159.0,1107.0,,20.0,20.0,43.0,,12.0,3.0,20.0,156.0,4.0,8.0
Chelsea_8,2014-15,112516,Isaiah Brown,Preston North End,Midfielder,England,1.0,,1.0,1.0,,,1.0,,,,,,,,,,1.0,,1.0,0.016,,,,,3.0,,,,1.0,,,,,,,,,,,,,,,,,,,,,,,3.0,,,,11.0,,,,,,,,,,,1.0,,,,,4.0,,,,,,,,,,,,,,,,0.0,,1.0,,,,,,,,7.0,1.0,8.0,,,,,,11.0,,,,,3.0,11.0,0.0,,,,3.0,11.0,,,,,,,,,3.0,0.0,0.0
Chelsea_8,2014-15,154566,Dominic Solanke,Tottenham Hotspur,Forward,England,,,,,,,,,,,,,,,,,,,,,,,,,,,,,,,,,,,,,,,,,,,,,,,,,,,,,,,,,,,,,,,,,,,,,,,,,,,,,,,,,,,,,,,,0.0,,,,,,,,,,,,,,,,,,,,,,,,,0.0,,,,,,,,,,,,,,,,0.0
Everton_11,2014-15,78315,Joel Robles,Leeds United,Goalkeeper,Spain,1.0,,1.0,7.0,,,,,,11.0,3.0,,,,,1.0,1.0,,1.0,0.0074,,,,5.8754,133.0,,,,7.0,53.0,32.0,,59.0,2.0,,6.0,6.0,,,,,,,,,,,,,,,26.0,,,,84.0,,,,,,,,,,5.0,,,56.0,,,12.0,,15.0,,8.0,7.0,7.0,,,,,,,,,6.0,0.0,,1.0,,,,,16.0,,39.0,27.0,58.0,46.0,,,,,,585.0,,6.0,,,89.0,171.0,0.0,,,,86.0,233.0,,,,,45.0,,85.0,11.0,1.0,0.0,1.0
Everton_11,2014-15,15337,Tim Howard,Everton,Goalkeeper,United States,10.0,2.0,8.0,32.0,,,,,,57.0,7.0,,,,2.0,2.0,16.0,4.0,12.0,0.0323,,,,36.1658,639.0,1.0,,,32.0,363.0,120.0,,260.0,6.0,,44.0,38.0,6.0,6.0,2.0,4.0,,,,,,,2.0,1.0,,,108.0,,,,491.0,,,,1.0,4.0,,,,4.0,19.0,2.0,,312.0,,,112.0,,65.0,4.0,39.0,25.0,24.0,,,,,,,,,32.0,0.0,1.0,,,,,,97.0,,184.0,130.0,364.0,310.0,,,,,,2835.0,,28.0,1.0,7.0,378.0,859.0,0.0,,,,365.0,1259.0,,,,,227.0,,363.0,63.0,2.0,0.0,3.0
Everton_11,2014-15,153670,Russell Griffiths,Everton PL2,Goalkeeper,England,,,,,,,,,,,,,,,,,,,,,,,,,,,,,,,,,,,,,,,,,,,,,,,,,,,,,,,,,,,,,,,,,,,,,,,,,,,,,,,,,,,,,,,,0.0,,,,,,,,,,,,,,,,,,,,,,,,,0.0,,,,,,,,,,,,,,,,0.0
Everton_11,2014-15,9007,Tony Hibbert,Everton PL2,Defender,England,3.0,1.0,2.0,4.0,,,11.0,,4.0,,,,,,,,22.0,9.0,13.0,0.0532,0.0287,,,4.8667,62.0,2.0,1.0,,4.0,,,,,,,5.0,3.0,2.0,19.0,8.0,11.0,,,,,,,5.0,,,,47.0,,,,147.0,,1.0,,,,,,,1.0,,8.0,5.0,19.0,,,32.0,,,,,,,,,,,1.0,,,,4.0,0.0,2.0,,,,,,2.0,2.0,8.0,68.0,59.0,119.0,2.0,7.0,,,23.0,331.0,2.0,16.0,2.0,2.0,30.0,152.0,0.0,1.0,9.0,1.0,25.0,232.0,,1.0,1.0,,8.0,,12.0,5.0,13.0,0.0,0.0
Everton_11,2014-15,12745,Leighton Baines,Everton,Defender,England,52.0,33.0,19.0,31.0,8.0,1.0,224.0,8.0,7.0,,9.0,,105.0,28.0,,,255.0,111.0,144.0,5.328,3.2241,0.5064,3.7179,32.998,538.0,13.0,,8.0,31.0,,,9.0,,,2.0,41.0,38.0,3.0,203.0,78.0,125.0,,,,1.0,2.0,2.0,45.0,61.0,,2.0,45.0,6.0,5.0,7.0,1469.0,,4.0,,,,,3.0,2.0,4.0,,65.0,23.0,135.0,,,713.0,,,,,,,,,2.0,6.0,5.0,2.0,9.0,5.0,31.0,0.0,1.0,,27.0,49.0,15.0,28.0,6.0,14.0,69.0,775.0,551.0,1208.0,6.0,47.0,4.0,49.0,254.0,2774.0,41.0,88.0,22.0,49.0,502.0,1520.0,0.0,14.0,53.0,32.0,243.0,2441.0,69.0,137.0,53.0,25.0,40.0,,93.0,48.0,150.0,0.0,4.0
Everton_11,2014-15,97299,John Stones,Manchester City,Defender,England,94.0,34.0,60.0,23.0,,0.0,95.0,2.0,25.0,,7.0,,,1.0,,,178.0,54.0,124.0,0.5144,0.3176,,0.2565,23.2755,361.0,2.0,,,23.0,,,,,,1.0,25.0,22.0,3.0,84.0,20.0,64.0,,1.0,,1.0,2.0,,35.0,4.0,2.0,,420.0,,,,1008.0,,,,,,,,,3.0,,22.0,14.0,102.0,,,161.0,,,,,,,,,2.0,,4.0,,1.0,,23.0,0.0,1.0,,,1.0,1.0,22.0,11.0,1.0,73.0,295.0,634.0,855.0,6.0,27.0,1.0,2.0,22.0,2043.0,9.0,138.0,6.0,10.0,133.0,1037.0,0.0,5.0,33.0,16.0,109.0,1394.0,,5.0,5.0,5.0,40.0,,59.0,33.0,50.0,0.0,1.0
Everton_11,2014-15,7645,Phil Jagielka,Stoke City,Defender,England,166.0,59.0,107.0,37.0,,2.0,101.0,2.0,39.0,,10.0,1.0,,3.0,,,297.0,103.0,194.0,0.586,2.1831,,2.874,39.8069,694.0,12.0,,,37.0,,,,,,4.0,47.0,41.0,6.0,131.0,44.0,87.0,,2.0,1.0,2.0,2.0,2.0,57.0,2.0,2.0,,650.0,,,,1890.0,,1.0,,1.0,,,,,4.0,,18.0,8.0,223.0,,2.0,520.0,,,,,,,1.0,,2.0,,7.0,2.0,6.0,,37.0,0.0,1.0,,,1.0,1.0,7.0,28.0,,214.0,452.0,1269.0,1506.0,8.0,43.0,2.0,1.0,9.0,3285.0,13.0,371.0,19.0,33.0,286.0,1965.0,0.0,13.0,51.0,31.0,245.0,2621.0,,7.0,7.0,1.0,107.0,,168.0,61.0,77.0,2.0,1.0
Everton_11,2014-15,6219,Sylvain Distin,Bournemouth,Defender,France,63.0,22.0,41.0,13.0,,,43.0,,12.0,,,,,,,,107.0,34.0,73.0,0.1082,0.0464,,0.0251,17.8542,298.0,2.0,,,13.0,,,,,,,26.0,23.0,3.0,44.0,12.0,32.0,,,,,,1.0,21.0,3.0,,,164.0,,,3.0,677.0,,,,,,,,,2.0,,12.0,4.0,52.0,,,186.0,,,,,,,,,,,,1.0,1.0,,12.0,0.0,1.0,1.0,,,,7.0,4.0,,33.0,193.0,408.0,568.0,7.0,14.0,,2.0,8.0,1080.0,3.0,118.0,3.0,7.0,97.0,691.0,0.0,1.0,21.0,2.0,90.0,909.0,,,,2.0,24.0,,51.0,29.0,39.0,0.0,0.0
Everton_11,2014-15,77762,Bryan Oviedo,FC København,Defender,Costa Rica,4.0,1.0,3.0,6.0,,,22.0,,2.0,,1.0,,6.0,2.0,,,37.0,18.0,19.0,0.2092,0.0988,,0.1832,3.926,70.0,5.0,,,6.0,,,,,,,1.0,,1.0,33.0,17.0,16.0,,,,,,,4.0,3.0,,,3.0,,1.0,1.0,134.0,,,,,,,,,,,12.0,6.0,26.0,,,42.0,,,,,,,,,,,2.0,,1.0,1.0,2.0,0.0,,4.0,1.0,3.0,2.0,1.0,1.0,3.0,12.0,53.0,55.0,93.0,3.0,6.0,1.0,2.0,27.0,318.0,6.0,12.0,6.0,6.0,62.0,137.0,0.0,3.0,9.0,4.0,32.0,246.0,5.0,19.0,12.0,2.0,7.0,,11.0,13.0,21.0,0.0,3.0
Everton_11,2014-15,59949,Séamus Coleman,Everton,Defender,Ireland,52.0,31.0,21.0,35.0,,1.0,326.0,5.0,11.0,,10.0,,,29.0,,,292.0,142.0,150.0,1.8386,1.6859,,3.1281,36.6555,366.0,6.0,1.0,,35.0,,,2.0,,,3.0,43.0,38.0,5.0,240.0,111.0,129.0,3.0,1.0,1.0,2.0,3.0,3.0,39.0,32.0,2.0,1.0,534.0,2.0,3.0,4.0,1234.0,,14.0,1.0,1.0,,,,,3.0,,49.0,18.0,162.0,,1.0,29.0,,,,,,,,,3.0,2.0,5.0,3.0,9.0,3.0,34.0,0.0,,1.0,,15.0,15.0,49.0,9.0,10.0,51.0,596.0,479.0,1009.0,11.0,42.0,,75.0,260.0,3065.0,82.0,91.0,22.0,30.0,498.0,1255.0,0.0,14.0,53.0,67.0,195.0,2199.0,,84.0,84.0,42.0,33.0,2.0,68.0,48.0,127.0,0.0,5.0
Everton_11,2014-15,149468,Tyias Browning,Everton PL2,Defender,England,1.0,,1.0,2.0,,,8.0,,,,,,,,,,2.0,1.0,1.0,0.0883,,,,,3.0,,,,2.0,,,,,,,,,,1.0,1.0,,1.0,,,,,,,1.0,,,9.0,,,,20.0,,,,,,,,,,,,,,,,,,,,,,,,,,,,,,,,0.0,,2.0,,1.0,1.0,,,,,12.0,8.0,19.0,,,,,2.0,29.0,1.0,,1.0,,5.0,20.0,0.0,,,1.0,1.0,27.0,,3.0,3.0,,,,,1.0,1.0,0.0,0.0
Everton_11,2014-15,80183,Luke Garbutt,Salford City,Defender,England,9.0,5.0,4.0,4.0,1.0,,23.0,,,,,,16.0,7.0,,,25.0,15.0,10.0,0.1421,0.0718,0.0718,0.2183,5.3024,57.0,1.0,,1.0,4.0,,,,,,,8.0,7.0,1.0,16.0,10.0,6.0,,,,,,,4.0,4.0,,,6.0,,1.0,,120.0,,1.0,,,,,,,,,11.0,7.0,12.0,,,42.0,,,,,,,,,,,,,1.0,1.0,3.0,0.0,,1.0,3.0,3.0,,1.0,1.0,1.0,7.0,63.0,43.0,96.0,1.0,4.0,,11.0,25.0,286.0,6.0,17.0,1.0,,80.0,128.0,0.0,1.0,5.0,1.0,25.0,253.0,11.0,35.0,19.0,1.0,6.0,,12.0,7.0,13.0,0.0,1.0
Everton_11,2014-15,43035,Antolin Alcaraz,Everton,Defender,Paraguay,34.0,14.0,20.0,8.0,,,17.0,,8.0,,2.0,,,,,,62.0,23.0,39.0,0.0326,0.1249,,,5.6736,165.0,2.0,,,8.0,,,,,,,6.0,6.0,,28.0,9.0,19.0,,,,,,,18.0,,1.0,,122.0,,,,347.0,,,,,,,,,,,8.0,1.0,28.0,1.0,,53.0,,,,,,,,,,,2.0,,,,6.0,0.0,1.0,2.0,,,,1.0,4.0,,32.0,70.0,235.0,273.0,2.0,11.0,,,4.0,527.0,3.0,56.0,5.0,6.0,60.0,357.0,1.0,2.0,13.0,3.0,52.0,479.0,,,,1.0,16.0,,25.0,16.0,27.0,0.0,1.0
Everton_11,2014-15,108824,Brendan Galloway,Plymouth Argyle,Defender,Zimbabwe,2.0,1.0,1.0,2.0,,,9.0,,2.0,,,,,1.0,,,19.0,7.0,12.0,0.0361,,,,1.4799,29.0,1.0,,,2.0,,,,,,,2.0,2.0,,17.0,6.0,11.0,,,,,,,,2.0,,,1.0,,,,55.0,,1.0,,,,,,,,,8.0,4.0,13.0,,,18.0,,,,,,,,,,,,,,,2.0,0.0,1.0,,,,,3.0,1.0,1.0,1.0,23.0,11.0,33.0,,5.0,,2.0,16.0,174.0,4.0,8.0,2.0,3.0,36.0,57.0,0.0,,5.0,1.0,23.0,114.0,,4.0,4.0,1.0,6.0,,9.0,3.0,14.0,0.0,1.0
Everton_11,2014-15,27707,Darron Gibson,Salford City,Midfielder,Ireland,10.0,2.0,8.0,9.0,,,39.0,3.0,3.0,,1.0,,1.0,2.0,,,37.0,13.0,24.0,0.7417,0.3359,,0.5885,4.591,140.0,4.0,,,9.0,,,,,,,8.0,5.0,3.0,27.0,11.0,16.0,,,,,1.0,,8.0,2.0,,,83.0,2.0,2.0,,347.0,,,,,,,,,,,12.0,5.0,35.0,,,94.0,,,,,,,,,1.0,2.0,5.0,,2.0,2.0,3.0,0.0,,6.0,,,,1.0,1.0,1.0,26.0,182.0,115.0,271.0,1.0,10.0,4.0,,,411.0,3.0,12.0,5.0,4.0,71.0,356.0,0.0,7.0,11.0,1.0,59.0,430.0,1.0,5.0,4.0,,7.0,,22.0,12.0,37.0,0.0,0.0
Everton_11,2014-15,18267,Aiden McGeady,Sunderland,Midfielder,Ireland,18.0,15.0,3.0,16.0,,1.0,89.0,7.0,,,1.0,,8.0,12.0,,,118.0,75.0,43.0,1.2754,0.9366,,1.1191,8.8575,73.0,12.0,,,16.0,,,2.0,,,1.0,13.0,11.0,2.0,100.0,60.0,40.0,1.0,,,0.0,5.0,1.0,6.0,15.0,,,100.0,2.0,1.0,,290.0,,1.0,,,,,,,,,20.0,11.0,43.0,,1.0,30.0,,,,,,,1.0,,5.0,2.0,12.0,1.0,3.0,1.0,10.0,0.0,9.0,6.0,2.0,7.0,5.0,16.0,,24.0,6.0,180.0,75.0,242.0,3.0,12.0,1.0,1.0,3.0,887.0,32.0,3.0,16.0,9.0,134.0,292.0,0.0,15.0,15.0,26.0,44.0,485.0,6.0,39.0,33.0,16.0,1.0,2.0,6.0,8.0,38.0,0.0,1.0
Everton_11,2014-15,88894,Ross Barkley,Aston Villa U21,Midfielder,England,57.0,30.0,27.0,29.0,7.0,0.0,298.0,18.0,2.0,,3.0,,14.0,13.0,,,326.0,175.0,151.0,1.8369,3.8806,0.4387,3.4937,20.5561,253.0,5.0,,7.0,29.0,,,2.0,,,2.0,22.0,19.0,3.0,269.0,145.0,124.0,1.0,,,2.0,3.0,5.0,9.0,31.0,,1.0,240.0,15.0,7.0,1.0,1135.0,,15.0,,,,,1.0,,2.0,,23.0,14.0,106.0,,1.0,365.0,,,,,,,,,3.0,15.0,19.0,5.0,14.0,7.0,22.0,0.0,10.0,7.0,2.0,6.0,3.0,61.0,,96.0,61.0,721.0,302.0,956.0,8.0,24.0,11.0,,3.0,1964.0,106.0,11.0,19.0,34.0,330.0,1156.0,0.0,33.0,32.0,45.0,139.0,1593.0,8.0,27.0,16.0,55.0,3.0,5.0,17.0,33.0,122.0,0.0,1.0
Everton_11,2014-15,26901,Kevin Mirallas,Everton,Midfielder,Belgium,7.0,4.0,3.0,29.0,11.0,3.0,101.0,16.0,1.0,,1.0,,38.0,15.0,,,174.0,104.0,70.0,1.4123,5.0517,0.6505,5.6878,22.905,108.0,10.0,,11.0,29.0,,,1.0,,,7.0,27.0,24.0,3.0,167.0,100.0,67.0,,1.0,2.0,4.0,6.0,3.0,6.0,17.0,,,61.0,10.0,6.0,13.0,460.0,,13.0,,,,,1.0,,2.0,,30.0,15.0,56.0,,6.0,204.0,,,,,,,,1.0,6.0,10.0,20.0,3.0,16.0,6.0,18.0,0.0,15.0,11.0,10.0,15.0,5.0,25.0,1.0,28.0,28.0,322.0,94.0,373.0,3.0,18.0,,2.0,10.0,1421.0,67.0,2.0,16.0,21.0,239.0,474.0,0.0,36.0,21.0,56.0,73.0,830.0,18.0,57.0,36.0,37.0,1.0,1.0,11.0,10.0,62.0,2.0,3.0
Everton_11,2014-15,50472,James McCarthy,Celtic,Midfielder,Ireland,63.0,27.0,36.0,28.0,1.0,0.0,208.0,9.0,23.0,,6.0,2.0,,4.0,,,274.0,124.0,150.0,0.9312,1.6179,0.0275,1.0521,29.4995,426.0,15.0,1.0,1.0,28.0,,,1.0,,,2.0,35.0,29.0,6.0,211.0,97.0,114.0,1.0,,1.0,2.0,3.0,,47.0,15.0,,,455.0,6.0,,,1385.0,,4.0,,1.0,,,,,3.0,,43.0,29.0,167.0,,2.0,329.0,,,,,,,1.0,,3.0,6.0,8.0,,2.0,,27.0,0.0,4.0,1.0,,2.0,2.0,16.0,4.0,39.0,89.0,694.0,520.0,1123.0,12.0,55.0,,,6.0,2403.0,30.0,80.0,31.0,34.0,276.0,1418.0,0.0,10.0,67.0,20.0,206.0,1841.0,,11.0,11.0,7.0,32.0,,68.0,37.0,138.0,2.0,7.0
Everton_11,2014-15,1632,Gareth Barry,West Bromwich Albion,Midfielder,England,87.0,43.0,44.0,33.0,,,165.0,4.0,14.0,,9.0,,,7.0,,,347.0,180.0,167.0,2.6657,1.2701,,0.8655,34.8727,846.0,39.0,,,33.0,,,2.0,,,,40.0,38.0,2.0,260.0,137.0,123.0,1.0,,,,1.0,3.0,57.0,14.0,,,446.0,3.0,4.0,3.0,1970.0,,1.0,,,,,,,4.0,,45.0,23.0,227.0,1.0,,582.0,,,,,,,,,1.0,3.0,5.0,3.0,7.0,4.0,33.0,0.0,4.0,,,5.0,5.0,10.0,4.0,29.0,167.0,951.0,780.0,1559.0,12.0,71.0,6.0,1.0,8.0,2827.0,33.0,93.0,61.0,31.0,385.0,2039.0,1.0,12.0,83.0,30.0,313.0,2474.0,,17.0,17.0,8.0,19.0,,97.0,72.0,216.0,0.0,10.0
Everton_11,2014-15,104953,Christian Atsu,Newcastle United,Midfielder,Ghana,3.0,1.0,2.0,5.0,,,19.0,1.0,,,,,,1.0,,,11.0,4.0,7.0,,,,,,17.0,,,,5.0,,,1.0,,,,5.0,5.0,,8.0,3.0,5.0,,,,,,,1.0,4.0,,,26.0,,,,67.0,,2.0,,,,,,,1.0,,2.0,2.0,10.0,,,5.0,,,,,,,,,,,2.0,,1.0,,1.0,0.0,1.0,4.0,,1.0,1.0,4.0,,1.0,1.0,35.0,17.0,50.0,,1.0,3.0,,,110.0,3.0,1.0,,,24.0,67.0,0.0,3.0,1.0,18.0,16.0,92.0,,,,2.0,,,,2.0,16.0,0.0,0.0
Everton_11,2014-15,87447,Muhamed Besic,Ferencváros,Midfielder,Bosnia & Herzegovina,16.0,7.0,9.0,23.0,,,144.0,7.0,4.0,,1.0,,,5.0,,,224.0,112.0,112.0,0.8284,0.5296,,0.911,14.906,244.0,23.0,,,23.0,,,,,,,16.0,15.0,1.0,208.0,105.0,103.0,1.0,,,,,,24.0,8.0,1.0,,262.0,7.0,3.0,,857.0,,2.0,,,,,,,1.0,,31.0,15.0,89.0,,,218.0,,,,,,,,,,7.0,8.0,,3.0,3.0,15.0,0.0,9.0,8.0,,3.0,3.0,32.0,,34.0,84.0,460.0,299.0,672.0,14.0,44.0,2.0,,6.0,1284.0,37.0,33.0,30.0,13.0,172.0,868.0,0.0,11.0,58.0,2.0,112.0,1146.0,,8.0,8.0,16.0,7.0,,30.0,27.0,82.0,0.0,8.0
Everton_11,2014-15,8378,Leon Osman,Everton,Midfielder,England,34.0,23.0,11.0,21.0,,1.0,143.0,3.0,,,3.0,,2.0,8.0,,,149.0,88.0,61.0,1.344,2.4674,,3.8795,11.714,261.0,12.0,,,21.0,,,2.0,,,2.0,14.0,13.0,1.0,115.0,65.0,50.0,1.0,,,1.0,3.0,9.0,15.0,14.0,,1.0,129.0,,5.0,1.0,712.0,,,,,,,,,1.0,,33.0,10.0,68.0,,1.0,193.0,,,,,,,2.0,,3.0,,9.0,9.0,16.0,5.0,13.0,0.0,3.0,8.0,,2.0,2.0,13.0,2.0,44.0,24.0,393.0,216.0,583.0,8.0,12.0,6.0,1.0,3.0,1274.0,34.0,24.0,17.0,19.0,188.0,726.0,0.0,25.0,20.0,43.0,119.0,956.0,2.0,13.0,10.0,10.0,10.0,1.0,24.0,25.0,95.0,1.0,0.0
Everton_11,2014-15,7525,Steven Pienaar,Sunderland,Midfielder,South Africa,8.0,7.0,1.0,9.0,,,31.0,2.0,1.0,,,,,2.0,,,57.0,33.0,24.0,0.4699,0.2532,,0.0728,4.6157,61.0,4.0,,,9.0,,,2.0,,,,5.0,5.0,,49.0,26.0,23.0,1.0,,,,1.0,1.0,1.0,3.0,,,30.0,1.0,,,173.0,,,,,,,,,1.0,,14.0,5.0,8.0,,,52.0,,,,,,,,,1.0,1.0,2.0,1.0,1.0,,3.0,0.0,3.0,6.0,,,,6.0,,6.0,4.0,103.0,34.0,133.0,1.0,1.0,2.0,,,314.0,16.0,2.0,8.0,15.0,65.0,174.0,0.0,3.0,2.0,14.0,37.0,245.0,,2.0,2.0,6.0,1.0,,4.0,6.0,33.0,0.0,1.0
Everton_11,2014-15,17349,Aaron Lennon,Stockport County U21,Midfielder,England,13.0,10.0,3.0,23.0,,2.0,117.0,,,,3.0,,1.0,7.0,,,151.0,79.0,72.0,0.8496,0.0626,,,3.6487,116.0,12.0,2.0,,23.0,,,2.0,,,2.0,16.0,14.0,2.0,138.0,69.0,69.0,,,,0.0,,,13.0,22.0,,,137.0,,,2.0,433.0,,2.0,,,,,,,1.0,,41.0,15.0,44.0,,2.0,65.0,,,,,,,1.0,,,,4.0,,5.0,,15.0,0.0,8.0,8.0,,7.0,7.0,11.0,,25.0,11.0,257.0,97.0,336.0,8.0,28.0,3.0,,12.0,1347.0,38.0,12.0,15.0,22.0,172.0,435.0,0.0,9.0,36.0,39.0,88.0,671.0,1.0,28.0,27.0,17.0,9.0,1.0,11.0,21.0,77.0,0.0,3.0
Everton_11,2014-15,153675,Ryan Ledson,Huddersfield Town,Midfielder,England,,,,,,,,,,,,,,,,,,,,,,,,,,,,,,,,,,,,,,,,,,,,,,,,,,,,,,,,,,,,,,,,,,,,,,,,,,,,,,,,,,,,,,,,0.0,,,,,,,,,,,,,,,,,,,,,,,,,0.0,,,,,,,,,,,,,,,,0.0
Everton_11,2014-15,26921,Arouna Koné,Sivasspor,Forward,Cote d’Ivoire,42.0,33.0,9.0,12.0,,1.0,86.0,4.0,,,1.0,,,5.0,,,108.0,82.0,26.0,0.5143,0.9541,,0.888,7.2737,38.0,4.0,,,12.0,,,1.0,,,1.0,8.0,8.0,,66.0,49.0,17.0,1.0,,1.0,0.0,1.0,3.0,2.0,5.0,,,45.0,3.0,1.0,1.0,236.0,,4.0,,,,,,,1.0,,7.0,3.0,24.0,,1.0,71.0,,,,,,,,,1.0,3.0,5.0,3.0,5.0,1.0,7.0,0.0,5.0,5.0,,3.0,3.0,7.0,,30.0,2.0,146.0,52.0,193.0,,5.0,,,1.0,603.0,34.0,3.0,10.0,6.0,117.0,240.0,0.0,10.0,5.0,48.0,45.0,360.0,,5.0,5.0,8.0,1.0,2.0,2.0,6.0,43.0,0.0,2.0
Everton_11,2014-15,66749,Romelu Lukaku,Napoli,Forward,Belgium,181.0,119.0,62.0,36.0,6.0,5.0,311.0,29.0,1.0,,2.0,,,31.0,,,417.0,275.0,142.0,1.4322,12.8979,0.3541,12.3091,32.6827,218.0,9.0,,6.0,36.0,,,5.0,,,10.0,40.0,34.0,6.0,236.0,156.0,80.0,1.0,1.0,2.0,5.0,16.0,16.0,2.0,32.0,,6.0,211.0,13.0,16.0,36.0,879.0,,14.0,1.0,,,,2.0,2.0,3.0,,29.0,7.0,69.0,,3.0,195.0,,,,,,,,,16.0,13.0,34.0,16.0,42.0,16.0,32.0,0.0,10.0,4.0,,3.0,3.0,45.0,,154.0,19.0,537.0,157.0,672.0,3.0,8.0,4.0,,1.0,2875.0,127.0,8.0,29.0,24.0,487.0,935.0,0.0,76.0,11.0,180.0,244.0,1418.0,,36.0,36.0,46.0,3.0,31.0,11.0,38.0,233.0,4.0,1.0
Everton_11,2014-15,18981,Steven Naismith,Norwich City,Forward,Scotland,180.0,114.0,66.0,31.0,,2.0,223.0,13.0,8.0,,3.0,,,13.0,,,407.0,227.0,180.0,1.4838,3.3579,,2.8513,26.3645,337.0,23.0,1.0,,31.0,,,,,,6.0,32.0,27.0,5.0,227.0,113.0,114.0,,2.0,1.0,4.0,10.0,3.0,22.0,25.0,,1.0,236.0,3.0,2.0,9.0,977.0,,4.0,,,,,,,1.0,,52.0,31.0,103.0,,3.0,188.0,,,,,,,,,10.0,3.0,9.0,3.0,11.0,2.0,22.0,0.0,7.0,9.0,,5.0,5.0,11.0,2.0,105.0,15.0,520.0,221.0,721.0,12.0,37.0,5.0,,,2055.0,45.0,42.0,41.0,59.0,362.0,984.0,0.0,20.0,49.0,82.0,248.0,1390.0,,14.0,14.0,11.0,9.0,4.0,29.0,47.0,219.0,0.0,8.0
Everton_11,2014-15,80181,Conor McAleny,Harrogate Town,Forward,England,,,,,,,,,,,,,,,,,,,,,,,,,,,,,,,,,,,,,,,,,,,,,,,,,,,,,,,,,,,,,,,,,,,,,,,,,,,,,,,,,,,,,,,,0.0,,,,,,,,,,,,,,,,,,,,,,,,,0.0,,,,,,,,,,,,,,,,0.0
Hull_88,2014-15,12390,Allan McGregor,Rangers,Goalkeeper,Scotland,4.0,1.0,3.0,26.0,,,,,,21.0,5.0,,,,2.0,,9.0,3.0,6.0,0.0472,,,,29.6479,599.0,,,,26.0,140.0,127.0,,197.0,1.0,,39.0,28.0,11.0,5.0,2.0,3.0,,,,,,,,,1.0,,11.0,,,,269.0,,,,,2.0,2.0,,,,13.0,,,216.0,,,26.0,2.0,64.0,8.0,38.0,25.0,12.0,,,,,,,,,26.0,0.0,,,,,,,122.0,,217.0,171.0,97.0,51.0,,1.0,,,,2340.0,1.0,24.0,1.0,5.0,374.0,636.0,0.0,,1.0,,368.0,829.0,,,,,186.0,,368.0,25.0,,0.0,0.0
Hull_88,2014-15,11974,Eldin Jakupovic,Everton,Goalkeeper,Switzerland,1.0,,1.0,3.0,,,,,,1.0,1.0,,,,,,1.0,,1.0,0.0056,,,,3.5033,67.0,,,,3.0,10.0,15.0,,21.0,,,2.0,1.0,1.0,,,,,,,,,,,,,,2.0,,,,31.0,,,,,,,,,,3.0,,,20.0,,,,,8.0,,5.0,3.0,5.0,,,,,,,,,2.0,0.0,,1.0,,,,,14.0,,23.0,18.0,9.0,4.0,,,,,,227.0,,9.0,,,42.0,69.0,0.0,,,,42.0,91.0,,,,,25.0,,42.0,5.0,,0.0,0.0
Hull_88,2014-15,1881,Steve Harper,Sunderland,Goalkeeper,England,4.0,,4.0,10.0,,,,,,14.0,4.0,,,,,,8.0,2.0,6.0,0.0161,,,,12.7146,232.0,,,,10.0,46.0,45.0,,73.0,,,10.0,9.0,1.0,4.0,2.0,2.0,,,,,,,,,,,11.0,,,,104.0,,,,,1.0,,,,1.0,7.0,2.0,,89.0,,,10.0,,30.0,6.0,19.0,11.0,8.0,,,,,,,,,10.0,0.0,1.0,,,,,,39.0,,77.0,66.0,44.0,33.0,,,,,,853.0,,10.0,,3.0,145.0,253.0,0.0,,,,143.0,332.0,,,,,75.0,,143.0,16.0,,0.0,0.0
Hull_88,2014-15,192358,Rory Watson,Scunthorpe United,Goalkeeper,England,,,,,,,,,,,,,,,,,,,,,,,,,,,,,,,,,,,,,,,,,,,,,,,,,,,,,,,,,,,,,,,,,,,,,,,,,,,,,,,,,,,,,,,,0.0,,,,,,,,,,,,,,,,,,,,,,,,,0.0,,,,,,,,,,,,,,,,0.0
Hull_88,2014-15,15137,Liam Rosenior,Brighton and Hove Albion U23,Defender,England,11.0,6.0,5.0,13.0,,,41.0,1.0,3.0,,,1.0,,2.0,,,44.0,23.0,21.0,0.4497,0.1056,,,8.6879,122.0,2.0,,,13.0,,,1.0,,,,9.0,6.0,3.0,33.0,17.0,16.0,,,1.0,,,,11.0,2.0,,,54.0,1.0,,,289.0,,5.0,,,,,,,,,11.0,4.0,28.0,,,75.0,,,,,,,,,,1.0,3.0,,,,5.0,0.0,2.0,8.0,,3.0,3.0,8.0,7.0,1.0,16.0,151.0,87.0,219.0,4.0,3.0,,8.0,49.0,577.0,9.0,20.0,4.0,1.0,96.0,292.0,0.0,3.0,7.0,7.0,57.0,450.0,,15.0,15.0,4.0,21.0,,28.0,10.0,29.0,0.0,0.0
Hull_88,2014-15,122798,Andy Robertson,Liverpool,Defender,Scotland,17.0,8.0,9.0,24.0,,,102.0,2.0,6.0,,1.0,1.0,,11.0,,,164.0,74.0,90.0,1.0754,0.3612,,0.4876,22.0837,279.0,6.0,,,24.0,,,2.0,,,,27.0,18.0,9.0,147.0,66.0,81.0,1.0,,1.0,,,2.0,40.0,15.0,,,27.0,2.0,1.0,1.0,633.0,,3.0,,,,,,,,,28.0,16.0,109.0,,,234.0,,,,,,,,,,2.0,5.0,2.0,3.0,1.0,17.0,0.0,7.0,7.0,,14.0,14.0,22.0,20.0,5.0,39.0,247.0,256.0,450.0,14.0,37.0,,16.0,113.0,1526.0,27.0,50.0,11.0,8.0,291.0,642.0,0.0,8.0,51.0,24.0,153.0,1126.0,,68.0,68.0,17.0,45.0,,65.0,44.0,88.0,0.0,7.0
Hull_88,2014-15,34285,Maynor Figueroa,Hull City,Defender,Honduras,12.0,5.0,7.0,3.0,,,13.0,,2.0,,,,,,,,33.0,11.0,22.0,0.0473,0.0483,,,3.5898,43.0,1.0,,,3.0,,,,,,,5.0,5.0,,21.0,6.0,15.0,,,,,,,1.0,2.0,,,2.0,,,,94.0,,,,,,,,,,,9.0,3.0,13.0,,,37.0,,,,,,,,,,,2.0,,,,2.0,0.0,1.0,1.0,,1.0,1.0,2.0,3.0,,5.0,32.0,37.0,63.0,5.0,7.0,,8.0,9.0,213.0,2.0,12.0,2.0,1.0,41.0,95.0,0.0,2.0,12.0,,27.0,155.0,,2.0,2.0,,14.0,,17.0,10.0,10.0,0.0,0.0
Hull_88,2014-15,19687,Alex Bruce,Wigan Athletic,Defender,Northern Ireland,85.0,28.0,57.0,22.0,,,29.0,,22.0,,4.0,1.0,,,,,132.0,49.0,83.0,0.3382,0.0407,,,15.83,189.0,7.0,,,22.0,,,1.0,,,,17.0,14.0,3.0,47.0,21.0,26.0,,,,,,,25.0,,,,91.0,,,,378.0,,,,1.0,,,,,1.0,,14.0,11.0,61.0,,,80.0,,,,,,,,,,,1.0,,,,17.0,0.0,5.0,5.0,,,,,12.0,,30.0,78.0,216.0,264.0,5.0,18.0,,,,1448.0,1.0,147.0,13.0,4.0,104.0,389.0,0.0,1.0,23.0,7.0,95.0,644.0,,2.0,2.0,,34.0,,47.0,23.0,48.0,0.0,3.0
Hull_88,2014-15,95658,Harry Maguire,Manchester United,Defender,England,14.0,5.0,9.0,3.0,,,2.0,,2.0,,,,,,,,28.0,11.0,17.0,0.0243,,,,2.6308,22.0,2.0,,,3.0,,,,,,,3.0,3.0,,14.0,6.0,8.0,,,,,,,9.0,,,,9.0,,,,45.0,,,,,,,,,,,1.0,1.0,11.0,,,13.0,,,,,,,,,,,,,,,,0.0,,3.0,,,,3.0,1.0,,5.0,13.0,13.0,21.0,,5.0,,,,92.0,,11.0,4.0,,22.0,46.0,0.0,,5.0,2.0,20.0,81.0,,1.0,1.0,,6.0,,9.0,1.0,11.0,0.0,1.0
Hull_88,2014-15,43252,James Chester,Salford City,Defender,Wales,81.0,36.0,45.0,23.0,,2.0,71.0,1.0,14.0,,7.0,,,3.0,,,205.0,86.0,119.0,0.6331,0.8438,,1.0093,25.9574,320.0,12.0,,,23.0,,,,,,2.0,20.0,16.0,4.0,124.0,50.0,74.0,1.0,2.0,,0.0,1.0,2.0,53.0,5.0,,,268.0,,,,740.0,,,,1.0,,,,,1.0,,33.0,16.0,118.0,,,96.0,,,,,,,,,1.0,,4.0,2.0,4.0,,23.0,1.0,4.0,,,,,7.0,7.0,1.0,43.0,258.0,361.0,576.0,16.0,39.0,,9.0,23.0,1872.0,7.0,101.0,25.0,14.0,166.0,755.0,1.0,8.0,55.0,24.0,136.0,1090.0,,4.0,4.0,2.0,20.0,,48.0,36.0,88.0,2.0,5.0
Hull_88,2014-15,19115,Curtis Davies,Cheltenham Town,Defender,Sierra Leone,133.0,39.0,94.0,21.0,,,55.0,3.0,18.0,,4.0,,,3.0,,,212.0,68.0,144.0,0.2226,1.1331,,,25.075,208.0,8.0,,,21.0,,,,,,,31.0,21.0,10.0,79.0,29.0,50.0,,,,,3.0,2.0,67.0,2.0,1.0,,131.0,,,,552.0,,1.0,,,,,,,,,17.0,13.0,70.0,,,168.0,,,,,,,,,3.0,,7.0,2.0,2.0,,21.0,0.0,3.0,,,,,5.0,7.0,,22.0,97.0,385.0,460.0,4.0,31.0,,,1.0,1798.0,2.0,209.0,14.0,10.0,91.0,562.0,0.0,9.0,35.0,19.0,80.0,958.0,,,,,27.0,,39.0,20.0,41.0,0.0,2.0
Hull_88,2014-15,17506,Paul McShane,Manchester United U21,Defender,Ireland,106.0,42.0,64.0,20.0,,1.0,45.0,1.0,9.0,,5.0,,,1.0,,,176.0,68.0,108.0,0.1607,1.0374,,0.9061,21.157,306.0,8.0,,,20.0,,1.0,,1.0,,1.0,22.0,18.0,4.0,70.0,26.0,44.0,,,,0.0,1.0,3.0,28.0,2.0,,1.0,125.0,,,2.0,610.0,,1.0,,,,,,,1.0,,14.0,7.0,75.0,,,148.0,,,,,,,,,1.0,,6.0,3.0,4.0,,19.0,0.0,2.0,1.0,,,,1.0,6.0,4.0,31.0,171.0,311.0,451.0,5.0,25.0,,4.0,17.0,1696.0,6.0,126.0,13.0,13.0,171.0,624.0,0.0,10.0,30.0,23.0,142.0,910.0,,7.0,7.0,1.0,29.0,,57.0,46.0,85.0,0.0,2.0
Hull_88,2014-15,12679,Michael Dawson,Nottingham Forest,Defender,England,179.0,58.0,121.0,28.0,,0.0,35.0,5.0,35.0,,7.0,3.0,,4.0,,,266.0,98.0,168.0,0.4469,0.8494,,0.6267,34.9799,448.0,12.0,,,28.0,,,,,,1.0,42.0,31.0,11.0,87.0,40.0,47.0,,1.0,,1.0,3.0,2.0,46.0,6.0,,,296.0,2.0,,1.0,889.0,,,,,,,,,1.0,,21.0,15.0,87.0,,,143.0,,,,,,,,,3.0,2.0,7.0,2.0,3.0,,28.0,0.0,2.0,,,1.0,1.0,1.0,29.0,1.0,132.0,214.0,485.0,566.0,15.0,25.0,,,2.0,2434.0,7.0,219.0,21.0,9.0,241.0,922.0,0.0,10.0,40.0,36.0,224.0,1345.0,,,,1.0,86.0,,131.0,54.0,93.0,1.0,7.0
Hull_88,2014-15,37339,Ahmed El Mohamady,Aston Villa,Defender,Egypt,244.0,121.0,123.0,38.0,,0.0,290.0,3.0,4.0,,9.0,1.0,1.0,27.0,,,503.0,230.0,273.0,3.2102,1.7868,,0.7989,45.8658,558.0,17.0,,,38.0,,,5.0,,,2.0,51.0,38.0,13.0,259.0,109.0,150.0,3.0,1.0,2.0,2.0,3.0,2.0,65.0,58.0,,,656.0,,,2.0,1576.0,,17.0,,,,,,,1.0,,68.0,32.0,235.0,,1.0,81.0,,,,,,,,,3.0,,9.0,2.0,4.0,,38.0,0.0,1.0,,,53.0,53.0,32.0,26.0,15.0,72.0,720.0,502.0,1097.0,12.0,56.0,1.0,50.0,273.0,3419.0,57.0,101.0,38.0,50.0,744.0,1585.0,0.0,13.0,68.0,43.0,416.0,2636.0,,172.0,171.0,21.0,101.0,,141.0,94.0,275.0,1.0,4.0
Hull_88,2014-15,53371,David Meyler,Reading,Midfielder,Ireland,87.0,46.0,41.0,28.0,,1.0,178.0,4.0,7.0,,3.0,,,8.0,,,285.0,136.0,149.0,0.917,0.9756,,1.4465,23.8029,219.0,20.0,,,28.0,,,1.0,,,1.0,27.0,21.0,6.0,198.0,90.0,108.0,1.0,,,0.0,1.0,1.0,36.0,13.0,,1.0,200.0,3.0,1.0,1.0,834.0,,5.0,,,,,,,,,30.0,19.0,139.0,,,240.0,,,,,,,,,1.0,3.0,7.0,1.0,3.0,1.0,19.0,1.0,7.0,9.0,,6.0,6.0,12.0,6.0,32.0,39.0,381.0,303.0,639.0,12.0,48.0,2.0,,5.0,1729.0,33.0,34.0,33.0,39.0,253.0,837.0,1.0,10.0,60.0,29.0,159.0,1184.0,,21.0,21.0,5.0,17.0,4.0,37.0,24.0,122.0,0.0,7.0
Hull_88,2014-15,15109,Tom Huddlestone,Manchester United U21,Midfielder,England,57.0,25.0,32.0,31.0,4.0,,187.0,19.0,9.0,,8.0,,41.0,12.0,,,277.0,134.0,143.0,2.2561,1.219,0.2114,1.5559,35.1839,456.0,28.0,,4.0,31.0,,,2.0,,,,35.0,27.0,8.0,220.0,109.0,111.0,,,,,1.0,,45.0,22.0,,,427.0,18.0,7.0,,1403.0,,,,,,,,,1.0,,50.0,25.0,243.0,1.0,,405.0,,,,,,,,,1.0,18.0,12.0,,7.0,7.0,30.0,1.0,5.0,1.0,13.0,25.0,6.0,11.0,11.0,18.0,147.0,575.0,630.0,1033.0,24.0,50.0,2.0,,2.0,2545.0,25.0,78.0,40.0,30.0,392.0,1475.0,2.0,19.0,74.0,4.0,295.0,1927.0,27.0,45.0,10.0,2.0,58.0,1.0,131.0,60.0,164.0,0.0,6.0
Hull_88,2014-15,18987,Robert Snodgrass,Luton Town,Midfielder,Scotland,2.0,2.0,,1.0,,,2.0,,,,,,4.0,,,,3.0,3.0,,0.0127,,,,0.0562,5.0,,,,1.0,,,,,,,,,,1.0,1.0,,,,,,,,,,,,4.0,,,,17.0,,,,,,,,,,,,,5.0,,,6.0,,,,,,,,,,,,,,,1.0,0.0,1.0,,,,,,,,,8.0,6.0,14.0,,,,,,40.0,1.0,2.0,,,9.0,17.0,0.0,,,,3.0,25.0,4.0,5.0,1.0,,,,1.0,2.0,2.0,0.0,0.0
Hull_88,2014-15,90517,Robert Brady,Preston North End,Midfielder,Ireland,69.0,28.0,41.0,27.0,7.0,,124.0,11.0,3.0,,4.0,,63.0,22.0,,,251.0,114.0,137.0,2.6572,1.2779,0.5228,1.2832,19.7572,305.0,11.0,,7.0,27.0,,,2.0,,,,23.0,17.0,6.0,182.0,86.0,96.0,,,2.0,,2.0,3.0,30.0,33.0,,,33.0,9.0,3.0,4.0,703.0,,6.0,,,,,,,,,37.0,16.0,131.0,,,281.0,,,,,,,1.0,,2.0,9.0,6.0,3.0,6.0,3.0,17.0,0.0,6.0,10.0,22.0,49.0,22.0,29.0,11.0,12.0,43.0,354.0,209.0,471.0,11.0,32.0,,42.0,77.0,1755.0,46.0,62.0,16.0,27.0,470.0,743.0,0.0,12.0,43.0,18.0,229.0,1373.0,36.0,126.0,72.0,23.0,64.0,1.0,98.0,50.0,131.0,0.0,2.0
Hull_88,2014-15,49944,Jake Livermore,Watford,Midfielder,England,57.0,37.0,20.0,35.0,,0.0,239.0,6.0,13.0,,8.0,,,6.0,,,300.0,161.0,139.0,1.0404,1.3482,,0.9043,41.0956,416.0,38.0,,,35.0,,,1.0,,,1.0,46.0,33.0,13.0,243.0,124.0,119.0,1.0,,1.0,1.0,3.0,3.0,60.0,26.0,,,415.0,3.0,7.0,1.0,1507.0,,2.0,,1.0,,,,,1.0,,55.0,32.0,202.0,,1.0,453.0,,,,,,,,,3.0,3.0,17.0,3.0,11.0,7.0,35.0,0.0,5.0,,,2.0,2.0,11.0,5.0,35.0,109.0,635.0,639.0,1163.0,23.0,73.0,3.0,,8.0,3031.0,38.0,25.0,53.0,13.0,331.0,1523.0,0.0,28.0,96.0,19.0,251.0,1917.0,,6.0,6.0,3.0,17.0,5.0,55.0,60.0,196.0,0.0,10.0
Hull_88,2014-15,28147,Mohamed Diamé,Newcastle United,Midfielder,Senegal,21.0,9.0,12.0,15.0,,2.0,57.0,5.0,2.0,,1.0,,,5.0,,,191.0,103.0,88.0,0.2283,1.247,,2.1652,15.5297,81.0,11.0,,,15.0,,,,,,4.0,21.0,16.0,5.0,170.0,94.0,76.0,1.0,1.0,,2.0,1.0,,17.0,3.0,,1.0,92.0,4.0,,,321.0,,7.0,,,,,,,,,18.0,15.0,53.0,,2.0,93.0,,,,,,,,,1.0,4.0,8.0,,4.0,,10.0,0.0,4.0,5.0,,1.0,1.0,17.0,1.0,12.0,15.0,145.0,131.0,260.0,8.0,38.0,2.0,,,934.0,55.0,11.0,21.0,13.0,133.0,323.0,0.0,12.0,46.0,21.0,48.0,557.0,,4.0,4.0,22.0,3.0,1.0,12.0,12.0,36.0,1.0,2.0
Hull_88,2014-15,86176,Tom Ince,Watford,Midfielder,England,11.0,11.0,,7.0,1.0,,26.0,3.0,,,,,1.0,3.0,,,35.0,25.0,10.0,0.0746,0.756,0.0555,0.5644,1.7364,15.0,2.0,,1.0,7.0,,,,,,,4.0,3.0,1.0,24.0,14.0,10.0,,,,,2.0,1.0,1.0,2.0,,,32.0,1.0,2.0,1.0,94.0,,1.0,,,,,,,,,2.0,2.0,5.0,,,22.0,,,,,,,,,2.0,1.0,1.0,1.0,3.0,2.0,3.0,0.0,3.0,4.0,,,,3.0,,6.0,4.0,64.0,22.0,82.0,,2.0,,,2.0,300.0,5.0,3.0,5.0,5.0,27.0,95.0,0.0,4.0,2.0,11.0,9.0,139.0,1.0,4.0,3.0,2.0,,,1.0,1.0,8.0,0.0,0.0
Hull_88,2014-15,78091,Gastón Ramírez,Middlesbrough,Midfielder,Uruguay,36.0,25.0,11.0,23.0,2.0,1.0,102.0,4.0,1.0,,,,32.0,13.0,,,199.0,110.0,89.0,1.4261,0.8592,0.1643,0.8495,9.9293,114.0,7.0,,2.0,23.0,,,2.0,,,1.0,13.0,8.0,5.0,163.0,85.0,78.0,,,1.0,0.0,2.0,3.0,9.0,21.0,,1.0,123.0,1.0,2.0,3.0,472.0,,10.0,,,,,,,,,34.0,22.0,74.0,,,148.0,,,,,,,,,2.0,1.0,7.0,3.0,6.0,2.0,11.0,1.0,7.0,12.0,11.0,15.0,2.0,23.0,,14.0,25.0,267.0,154.0,381.0,9.0,26.0,4.0,1.0,2.0,1008.0,46.0,7.0,15.0,22.0,205.0,487.0,1.0,13.0,35.0,26.0,81.0,773.0,20.0,35.0,5.0,12.0,4.0,2.0,18.0,15.0,63.0,0.0,1.0
Hull_88,2014-15,20462,Stephen Quinn,Mansfield Town,Midfielder,Ireland,42.0,27.0,15.0,28.0,,0.0,169.0,4.0,3.0,,1.0,,15.0,10.0,,,179.0,92.0,87.0,1.065,0.9861,,1.408,23.6366,269.0,15.0,,,28.0,,,3.0,,,1.0,25.0,20.0,5.0,137.0,65.0,72.0,2.0,1.0,,1.0,2.0,4.0,35.0,19.0,,,222.0,2.0,2.0,3.0,931.0,,4.0,,,,,,,1.0,,47.0,32.0,124.0,,,285.0,,,,,,,,,2.0,2.0,5.0,4.0,7.0,2.0,17.0,1.0,8.0,11.0,2.0,8.0,6.0,6.0,3.0,37.0,33.0,508.0,297.0,764.0,10.0,21.0,1.0,,14.0,1637.0,30.0,22.0,18.0,35.0,259.0,945.0,1.0,12.0,31.0,34.0,148.0,1271.0,11.0,51.0,38.0,5.0,17.0,4.0,31.0,35.0,117.0,0.0,3.0
Hull_88,2014-15,48337,Dame N'Doye,FC København,Forward,Senegal,48.0,32.0,16.0,15.0,2.0,2.0,79.0,7.0,1.0,,2.0,,,13.0,,,194.0,123.0,71.0,0.7973,6.1271,0.1135,6.5548,15.1407,74.0,16.0,,2.0,15.0,,,1.0,,,5.0,18.0,15.0,3.0,146.0,91.0,55.0,2.0,1.0,,3.0,2.0,9.0,5.0,11.0,,,67.0,5.0,3.0,10.0,318.0,,9.0,,,,,,,1.0,,14.0,3.0,58.0,,4.0,117.0,,,,,,,,,2.0,5.0,18.0,9.0,17.0,3.0,13.0,0.0,3.0,2.0,,1.0,1.0,11.0,,27.0,19.0,180.0,81.0,241.0,4.0,9.0,4.0,,3.0,1195.0,57.0,6.0,33.0,32.0,193.0,337.0,0.0,35.0,13.0,53.0,77.0,582.0,,5.0,5.0,21.0,1.0,1.0,12.0,8.0,65.0,2.0,3.0
Hull_88,2014-15,59856,Abel Hernández,Peñarol,Forward,Uruguay,73.0,48.0,25.0,25.0,,1.0,83.0,10.0,,,2.0,,,8.0,,,177.0,112.0,65.0,0.6337,5.326,,4.2482,16.2879,63.0,3.0,1.0,,25.0,,,1.0,,,4.0,17.0,11.0,6.0,104.0,64.0,40.0,4.0,2.0,2.0,3.0,7.0,9.0,5.0,8.0,,2.0,82.0,3.0,6.0,15.0,280.0,,5.0,,,,,1.0,1.0,,,20.0,13.0,46.0,,,70.0,,,,,,,,,7.0,3.0,22.0,9.0,19.0,6.0,15.0,0.0,9.0,10.0,,,,14.0,,35.0,1.0,157.0,63.0,219.0,4.0,10.0,,,4.0,1312.0,49.0,2.0,17.0,13.0,176.0,298.0,0.0,41.0,14.0,69.0,78.0,521.0,,7.0,7.0,13.0,2.0,2.0,2.0,15.0,76.0,0.0,2.0
Hull_88,2014-15,62419,Nikica Jelavic,West Ham United,Forward,Croatia,198.0,125.0,73.0,26.0,4.0,3.0,121.0,11.0,4.0,,4.0,,,10.0,,,311.0,203.0,108.0,0.443,5.0735,0.3732,5.5056,18.9293,95.0,10.0,,4.0,26.0,,,1.0,,,8.0,25.0,17.0,8.0,113.0,78.0,35.0,3.0,1.0,1.0,5.0,5.0,6.0,7.0,16.0,,2.0,80.0,6.0,1.0,23.0,360.0,,6.0,,,,,,,,,17.0,10.0,51.0,,5.0,88.0,,,,,,,,,5.0,6.0,31.0,6.0,15.0,1.0,21.0,0.0,9.0,5.0,,1.0,1.0,3.0,,34.0,1.0,185.0,75.0,258.0,1.0,7.0,1.0,1.0,4.0,1810.0,43.0,20.0,29.0,24.0,223.0,384.0,0.0,46.0,8.0,78.0,125.0,634.0,,10.0,10.0,10.0,2.0,7.0,6.0,12.0,119.0,1.0,3.0
Hull_88,2014-15,51627,Yannick Sagbo,Hull City,Forward,Cote d’Ivoire,5.0,3.0,2.0,4.0,,,10.0,,,,,,,,,,14.0,7.0,7.0,0.0308,,,,1.7568,7.0,,,,4.0,,,,,,,2.0,2.0,,9.0,4.0,5.0,,,,,,,1.0,1.0,,,8.0,,,,33.0,,,,,,,,,,,1.0,,3.0,,,9.0,,,,,,,,,,,,,,,,0.0,,4.0,,,,,,6.0,,18.0,9.0,27.0,1.0,3.0,,,,55.0,2.0,,3.0,2.0,12.0,34.0,0.0,,4.0,2.0,7.0,46.0,,1.0,1.0,,,,1.0,,6.0,0.0,0.0
Hull_88,2014-15,27503,Sone Aluko,Ipswich Town,Forward,Nigeria,20.0,19.0,1.0,25.0,,1.0,146.0,8.0,,,,,4.0,9.0,,,193.0,124.0,69.0,0.978,1.9667,,0.7262,18.3289,60.0,4.0,,,25.0,,,,,,1.0,19.0,14.0,5.0,173.0,105.0,68.0,,,,0.0,3.0,4.0,10.0,13.0,,,102.0,5.0,7.0,5.0,388.0,,20.0,,,,,,,1.0,,19.0,9.0,62.0,,1.0,87.0,,,,,,,,,3.0,5.0,11.0,4.0,12.0,7.0,13.0,0.0,12.0,12.0,3.0,10.0,7.0,26.0,1.0,36.0,16.0,240.0,97.0,311.0,4.0,9.0,1.0,,8.0,1242.0,78.0,3.0,15.0,29.0,220.0,395.0,0.0,23.0,13.0,47.0,68.0,701.0,1.0,16.0,13.0,26.0,5.0,4.0,11.0,7.0,57.0,0.0,2.0
Leicester_13,2014-15,17745,Kasper Schmeichel,Celtic,Goalkeeper,Denmark,6.0,3.0,3.0,24.0,,,,,,19.0,6.0,,,,2.0,1.0,9.0,4.0,5.0,0.1768,,,,34.1907,657.0,,,,24.0,145.0,118.0,,201.0,9.0,,37.0,34.0,3.0,3.0,1.0,2.0,,,,,,,2.0,2.0,,,28.0,,,,298.0,,,,,2.0,,,,1.0,13.0,,,223.0,,,21.0,,80.0,18.0,36.0,43.0,21.0,,,,,,,,,24.0,0.0,,,,,,2.0,110.0,,234.0,204.0,86.0,56.0,,,,,,2160.0,,22.0,,,428.0,706.0,0.0,,,,416.0,918.0,,,,,224.0,,415.0,25.0,1.0,0.0,0.0
Leicester_13,2014-15,38038,Ben Hamer,Queens Park Rangers,Goalkeeper,England,4.0,,4.0,8.0,,,,,,7.0,3.0,,,,,,4.0,,4.0,0.0477,,,,8.3633,255.0,,,,8.0,43.0,46.0,,69.0,4.0,,8.0,6.0,2.0,,,,,,,,,,,,,,12.0,,,,115.0,,,,,2.0,,,,2.0,8.0,1.0,,88.0,,,4.0,,21.0,3.0,12.0,9.0,5.0,,,,,,,,,8.0,0.0,,,,,,,49.0,,90.0,68.0,31.0,9.0,,,,,,720.0,,11.0,,2.0,177.0,271.0,0.0,,,,172.0,342.0,,,,,91.0,,172.0,11.0,,0.0,0.0
Leicester_13,2014-15,96782,Adam Smith,Morecambe,Goalkeeper,England,,,,,,,,,,,,,,,,,,,,,,,,,,,,,,,,,,,,,,,,,,,,,,,,,,,,,,,,,,,,,,,,,,,,,,,,,,,,,,,,,,,,,,,,0.0,,,,,,,,,,,,,,,,,,,,,,,,,0.0,,,,,,,,,,,,,,,,0.0
Leicester_13,2014-15,1827,Mark Schwarzer,Leicester City,Goalkeeper,Australia,2.0,,2.0,6.0,,,,,,11.0,1.0,,,,,,3.0,,3.0,,,,,,183.0,,,,6.0,47.0,37.0,,65.0,,,10.0,10.0,,1.0,,1.0,,,,,,,,,,,10.0,,,,92.0,,,,,,,,,,5.0,,,56.0,,,7.0,,23.0,1.0,16.0,7.0,9.0,,,,,,,,,6.0,0.0,,,,,,,26.0,,57.0,50.0,34.0,27.0,,,,,,540.0,,5.0,,2.0,117.0,200.0,0.0,,,,116.0,261.0,,,,,63.0,,114.0,20.0,2.0,0.0,0.0
Leicester_13,2014-15,46695,Ritchie De Laet,Antwerp,Defender,Belgium,93.0,42.0,51.0,26.0,,,87.0,2.0,13.0,,2.0,,,9.0,,,255.0,112.0,143.0,0.5956,0.0877,,,33.1948,346.0,12.0,,,26.0,,,1.0,,,,38.0,35.0,3.0,162.0,70.0,92.0,,,,,,,70.0,11.0,1.0,,146.0,2.0,,,606.0,,8.0,,,,,,,3.0,,32.0,15.0,104.0,,,40.0,,,,,,,,,,2.0,2.0,,,,20.0,0.0,5.0,6.0,,6.0,6.0,13.0,14.0,3.0,40.0,272.0,162.0,388.0,15.0,48.0,1.0,92.0,162.0,1883.0,20.0,107.0,25.0,17.0,353.0,619.0,0.0,2.0,63.0,4.0,191.0,1279.0,,28.0,28.0,15.0,41.0,,65.0,54.0,126.0,0.0,3.0
Leicester_13,2014-15,1413,Paul Konchesky,Billericay Town,Defender,England,60.0,37.0,23.0,26.0,,0.0,112.0,2.0,7.0,,4.0,,,7.0,,,171.0,89.0,82.0,0.9267,0.1913,,0.6392,34.4551,488.0,12.0,,,26.0,,,1.0,,,1.0,38.0,33.0,5.0,111.0,52.0,59.0,1.0,,1.0,1.0,,1.0,42.0,7.0,1.0,1.0,28.0,2.0,,,920.0,,3.0,,1.0,,,,,,,38.0,18.0,166.0,1.0,,328.0,,,,,,,,,,2.0,1.0,1.0,2.0,,26.0,1.0,4.0,,,10.0,10.0,9.0,18.0,,66.0,381.0,336.0,641.0,10.0,28.0,,51.0,197.0,2250.0,23.0,81.0,20.0,12.0,395.0,956.0,2.0,3.0,38.0,11.0,249.0,1544.0,,50.0,50.0,7.0,70.0,,134.0,64.0,115.0,1.0,3.0
Leicester_13,2014-15,15033,Wes Morgan,Leicester City,Defender,Jamaica,225.0,84.0,141.0,37.0,,1.0,114.0,5.0,47.0,,9.0,,,7.0,,,351.0,124.0,227.0,0.584,1.9766,,1.0283,48.631,437.0,11.0,,,37.0,,,2.0,,,2.0,52.0,47.0,5.0,126.0,40.0,86.0,1.0,1.0,,1.0,4.0,6.0,96.0,4.0,2.0,1.0,202.0,1.0,,,892.0,,2.0,2.0,1.0,,,,,3.0,,29.0,16.0,163.0,,,160.0,,,,,,,,,4.0,1.0,12.0,6.0,8.0,,37.0,1.0,2.0,,,2.0,2.0,17.0,16.0,1.0,54.0,205.0,496.0,645.0,11.0,45.0,,,3.0,3288.0,11.0,256.0,29.0,13.0,251.0,913.0,1.0,20.0,56.0,51.0,214.0,1504.0,,4.0,4.0,3.0,53.0,,89.0,70.0,125.0,0.0,1.0
Leicester_13,2014-15,1640,Matt Upson,MK Dons,Defender,England,20.0,11.0,9.0,5.0,,,8.0,,1.0,,1.0,,,,,,37.0,20.0,17.0,0.118,0.1865,,0.0695,7.5226,74.0,,,,5.0,,,,,,,8.0,8.0,,17.0,9.0,8.0,,,,,,2.0,9.0,1.0,,,9.0,,,,116.0,,,1.0,,,,,,,,4.0,4.0,14.0,,,31.0,,,,,,,,,,,,2.0,2.0,,5.0,0.0,2.0,,,,,,2.0,,13.0,28.0,59.0,74.0,3.0,4.0,,,,374.0,,18.0,2.0,1.0,35.0,122.0,0.0,2.0,7.0,4.0,35.0,168.0,,,,,9.0,,21.0,9.0,14.0,0.0,0.0
Leicester_13,2014-15,12413,Robert Huth,Leicester City,Defender,Germany,89.0,31.0,58.0,15.0,,1.0,34.0,5.0,12.0,,6.0,,,1.0,,,137.0,51.0,86.0,0.0767,1.182,,0.4302,16.3277,113.0,4.0,,,15.0,,,,,,1.0,13.0,13.0,,48.0,20.0,28.0,,1.0,,0.0,4.0,,46.0,,,,68.0,1.0,,1.0,265.0,,,,,,,,,1.0,,7.0,4.0,58.0,,,50.0,,,,,,,,,4.0,1.0,10.0,,1.0,,14.0,0.0,2.0,1.0,,,,1.0,7.0,,12.0,40.0,159.0,187.0,5.0,16.0,,,,1183.0,4.0,110.0,13.0,7.0,74.0,265.0,0.0,11.0,21.0,20.0,66.0,495.0,,,,,23.0,,30.0,31.0,36.0,0.0,2.0
Leicester_13,2014-15,40725,Danny Simpson,Scarborough Athletic,Defender,England,49.0,29.0,20.0,15.0,,,68.0,1.0,5.0,,2.0,,,4.0,,,124.0,62.0,62.0,0.0067,,,,0.7589,252.0,12.0,,,15.0,,,,,,,21.0,19.0,2.0,75.0,33.0,42.0,1.0,,,,,,35.0,5.0,,,114.0,,,,448.0,,3.0,,1.0,,,,,2.0,,20.0,6.0,85.0,,,19.0,,,,,,,,,,,1.0,,,,14.0,0.0,2.0,1.0,,6.0,6.0,6.0,9.0,1.0,26.0,163.0,148.0,279.0,5.0,25.0,,44.0,117.0,1253.0,7.0,47.0,17.0,8.0,240.0,453.0,0.0,1.0,30.0,6.0,148.0,820.0,,31.0,31.0,3.0,38.0,,64.0,39.0,84.0,0.0,4.0
Leicester_13,2014-15,86857,Liam Moore,Northampton Town,Defender,Jamaica,43.0,18.0,25.0,11.0,,,31.0,,15.0,,1.0,,,1.0,,,75.0,29.0,46.0,0.0187,0.8444,,0.478,17.9944,108.0,2.0,,,11.0,,,,,,,19.0,17.0,2.0,32.0,11.0,21.0,2.0,,1.0,,,2.0,11.0,1.0,,,55.0,,,,251.0,,,,,,,,,,,4.0,3.0,45.0,,,60.0,,,,,,,,,,,2.0,2.0,2.0,,10.0,0.0,,1.0,,,,3.0,9.0,,21.0,41.0,155.0,175.0,4.0,9.0,,3.0,3.0,936.0,2.0,79.0,8.0,5.0,67.0,254.0,0.0,4.0,13.0,10.0,58.0,410.0,,1.0,1.0,1.0,26.0,,40.0,21.0,18.0,0.0,4.0
Leicester_13,2014-15,37388,Marcin Wasilewski,Leicester City,Defender,Poland,115.0,49.0,66.0,25.0,1.0,1.0,42.0,2.0,17.0,,6.0,,,1.0,,,228.0,101.0,127.0,0.5378,1.3007,0.0817,0.0707,26.5069,351.0,19.0,1.0,1.0,25.0,,,1.0,,,1.0,28.0,25.0,3.0,113.0,52.0,61.0,1.0,1.0,,0.0,1.0,,69.0,5.0,,,118.0,1.0,,,549.0,,,,,,,,,3.0,,24.0,12.0,105.0,,,53.0,,,,,,,,,1.0,1.0,9.0,,1.0,,22.0,0.0,3.0,3.0,,1.0,1.0,1.0,19.0,1.0,55.0,180.0,199.0,323.0,15.0,37.0,,29.0,23.0,1989.0,3.0,166.0,39.0,12.0,227.0,564.0,0.0,10.0,52.0,21.0,186.0,991.0,,4.0,4.0,,49.0,,91.0,48.0,95.0,0.0,6.0
Leicester_13,2014-15,61603,Danny Drinkwater,Reading,Midfielder,England,49.0,32.0,17.0,23.0,,,166.0,3.0,5.0,,,1.0,2.0,8.0,,,207.0,111.0,96.0,0.8172,0.5815,,0.4407,22.1474,338.0,14.0,,,23.0,,,,,,,27.0,22.0,5.0,158.0,79.0,79.0,2.0,,,,3.0,1.0,40.0,9.0,,,193.0,,2.0,,931.0,,4.0,,,,,,,1.0,,53.0,25.0,154.0,,,247.0,,,,,,,,,3.0,,9.0,1.0,3.0,2.0,16.0,0.0,6.0,7.0,2.0,7.0,5.0,16.0,8.0,24.0,44.0,457.0,298.0,704.0,10.0,42.0,,,3.0,1488.0,28.0,32.0,32.0,11.0,277.0,944.0,0.0,12.0,52.0,23.0,196.0,1245.0,,19.0,19.0,10.0,23.0,1.0,51.0,44.0,145.0,0.0,1.0
Leicester_13,2014-15,11848,Dean Hammond,Leicester City PL2,Midfielder,England,39.0,17.0,22.0,12.0,,,58.0,2.0,4.0,,1.0,,,2.0,,,114.0,61.0,53.0,0.1574,0.2067,,,13.5779,138.0,11.0,,,12.0,,,,,,,13.0,13.0,,75.0,44.0,31.0,,,,,1.0,,21.0,4.0,,,104.0,1.0,,,403.0,,,,,,,,,2.0,,15.0,9.0,56.0,,,110.0,,,,,,,,,1.0,1.0,4.0,,,,9.0,0.0,6.0,3.0,,1.0,1.0,2.0,2.0,8.0,15.0,164.0,174.0,322.0,8.0,17.0,,,,781.0,6.0,17.0,20.0,5.0,86.0,410.0,0.0,4.0,25.0,6.0,73.0,523.0,,3.0,3.0,1.0,9.0,,25.0,17.0,48.0,0.0,3.0
Leicester_13,2014-15,61604,Matty James,Wrexham,Midfielder,England,75.0,33.0,42.0,27.0,1.0,,125.0,9.0,3.0,,4.0,,74.0,12.0,,,213.0,93.0,120.0,1.7341,1.6441,0.0566,1.4375,29.8228,341.0,9.0,,1.0,27.0,,,1.0,,,,33.0,29.0,4.0,138.0,60.0,78.0,2.0,,,,2.0,5.0,50.0,35.0,,,176.0,7.0,1.0,,777.0,,4.0,,,,,,,3.0,,26.0,19.0,141.0,,,167.0,,,,,,,2.0,,2.0,7.0,12.0,5.0,6.0,1.0,20.0,1.0,2.0,7.0,24.0,31.0,3.0,17.0,5.0,20.0,41.0,414.0,273.0,615.0,5.0,37.0,1.0,,,1890.0,37.0,38.0,13.0,19.0,293.0,809.0,1.0,18.0,42.0,20.0,153.0,1226.0,48.0,77.0,11.0,11.0,17.0,,45.0,30.0,108.0,0.0,2.0
Leicester_13,2014-15,13152,Andy King,Bristol City,Midfielder,Wales,63.0,27.0,36.0,24.0,,0.0,119.0,4.0,4.0,,3.0,,,3.0,,,172.0,66.0,106.0,0.5366,1.8898,,2.0303,17.5888,192.0,5.0,,,24.0,,,,,,2.0,17.0,16.0,1.0,109.0,39.0,70.0,1.0,,,2.0,1.0,3.0,31.0,5.0,,,160.0,3.0,,1.0,619.0,,3.0,,,,,,,,,20.0,9.0,97.0,,2.0,155.0,,,,,,,,,1.0,3.0,5.0,3.0,5.0,,16.0,0.0,4.0,8.0,,2.0,2.0,10.0,2.0,20.0,27.0,288.0,225.0,484.0,7.0,38.0,,,1.0,1370.0,13.0,25.0,7.0,15.0,160.0,626.0,0.0,10.0,45.0,25.0,115.0,845.0,,11.0,11.0,3.0,11.0,,29.0,20.0,86.0,1.0,1.0
Leicester_13,2014-15,51938,Marc Albrighton,Leicester City,Midfielder,England,24.0,14.0,10.0,18.0,,0.0,42.0,4.0,,,4.0,,40.0,20.0,,,159.0,75.0,84.0,3.1011,1.2815,,1.1674,10.7538,188.0,9.0,,,18.0,,,3.0,,,2.0,9.0,8.0,1.0,135.0,61.0,74.0,2.0,,1.0,2.0,2.0,1.0,20.0,28.0,1.0,,102.0,2.0,1.0,2.0,337.0,,2.0,,,,,,,,,32.0,17.0,87.0,,2.0,14.0,,,,,,,,,2.0,2.0,6.0,1.0,4.0,1.0,10.0,0.0,3.0,8.0,13.0,35.0,19.0,13.0,8.0,2.0,32.0,188.0,48.0,169.0,7.0,39.0,,3.0,34.0,1027.0,32.0,15.0,14.0,15.0,321.0,346.0,0.0,10.0,46.0,22.0,145.0,743.0,26.0,114.0,78.0,19.0,41.0,1.0,64.0,24.0,81.0,1.0,3.0
Leicester_13,2014-15,86417,Jeffrey Schlupp,Crystal Palace,Midfielder,Ghana,115.0,74.0,41.0,32.0,,2.0,134.0,12.0,4.0,,6.0,,,26.0,,,464.0,233.0,231.0,1.5432,2.184,,1.9456,40.0283,317.0,11.0,,,32.0,,,2.0,,,3.0,40.0,37.0,3.0,349.0,159.0,190.0,2.0,,,1.0,6.0,4.0,60.0,21.0,,2.0,75.0,6.0,1.0,1.0,719.0,,21.0,1.0,,,,,,3.0,,52.0,30.0,170.0,,1.0,197.0,,,,,,,,,6.0,6.0,20.0,4.0,8.0,1.0,30.0,0.0,10.0,2.0,,15.0,15.0,63.0,12.0,18.0,46.0,336.0,194.0,469.0,16.0,64.0,,33.0,92.0,2539.0,104.0,61.0,28.0,48.0,470.0,723.0,0.0,28.0,80.0,69.0,208.0,1522.0,,61.0,61.0,65.0,45.0,1.0,73.0,43.0,135.0,0.0,4.0
Leicester_13,2014-15,13919,Esteban Cambiasso,Olympiakos,Midfielder,Argentina,69.0,32.0,37.0,31.0,5.0,2.0,135.0,7.0,8.0,,6.0,,32.0,12.0,,,252.0,116.0,136.0,1.7498,2.4434,0.3618,2.1998,36.1048,517.0,17.0,,5.0,31.0,,,1.0,,,5.0,37.0,34.0,3.0,183.0,84.0,99.0,,,1.0,3.0,3.0,1.0,67.0,36.0,,4.0,215.0,4.0,1.0,,1080.0,,,1.0,,,,,,1.0,,71.0,42.0,173.0,,1.0,252.0,,,,,,,1.0,,3.0,4.0,15.0,1.0,7.0,1.0,27.0,0.0,10.0,4.0,12.0,18.0,3.0,15.0,4.0,42.0,72.0,512.0,330.0,752.0,27.0,43.0,2.0,1.0,3.0,2423.0,20.0,31.0,19.0,15.0,374.0,1119.0,0.0,22.0,70.0,35.0,295.0,1514.0,19.0,40.0,12.0,6.0,20.0,1.0,88.0,55.0,207.0,0.0,1.0
Leicester_13,2014-15,83543,Anthony Knockaert,Fulham,Midfielder,France,3.0,2.0,1.0,9.0,1.0,,30.0,3.0,,,1.0,,18.0,5.0,,,55.0,31.0,24.0,0.5402,0.8593,0.0634,0.0274,3.5573,46.0,2.0,,1.0,9.0,,,,,,,4.0,3.0,1.0,52.0,29.0,23.0,,,,,2.0,1.0,4.0,2.0,,,24.0,1.0,,,120.0,,,,,,,,,,,9.0,6.0,21.0,,,23.0,,,,,,,,,2.0,1.0,4.0,1.0,1.0,,3.0,0.0,1.0,6.0,4.0,8.0,3.0,9.0,,3.0,2.0,79.0,29.0,98.0,,7.0,1.0,,6.0,330.0,14.0,,5.0,7.0,74.0,123.0,0.0,5.0,7.0,14.0,23.0,232.0,13.0,32.0,13.0,8.0,1.0,,3.0,1.0,20.0,0.0,0.0
Leicester_13,2014-15,103025,Riyad Mahrez,Manchester City,Forward,Algeria,75.0,55.0,20.0,30.0,10.0,1.0,127.0,16.0,5.0,,4.0,,43.0,20.0,,,414.0,239.0,175.0,4.1337,5.0108,0.6158,6.2758,31.9046,283.0,16.0,,10.0,30.0,,,3.0,,,4.0,31.0,28.0,3.0,339.0,184.0,155.0,1.0,1.0,3.0,3.0,6.0,10.0,29.0,41.0,,3.0,227.0,10.0,10.0,1.0,729.0,,8.0,,,,,,,2.0,,66.0,33.0,159.0,,,112.0,,,,,,,,,6.0,10.0,23.0,10.0,24.0,10.0,25.0,0.0,10.0,5.0,11.0,35.0,20.0,77.0,2.0,39.0,35.0,420.0,165.0,515.0,11.0,30.0,12.0,2.0,25.0,2082.0,113.0,3.0,27.0,38.0,484.0,749.0,0.0,47.0,41.0,77.0,199.0,1405.0,29.0,119.0,67.0,68.0,8.0,5.0,36.0,29.0,163.0,2.0,0.0
Leicester_13,2014-15,101668,Jamie Vardy,Leicester City,Forward,England,184.0,117.0,67.0,34.0,,3.0,111.0,8.0,2.0,,5.0,,1.0,29.0,,,382.0,227.0,155.0,1.9045,7.5719,,8.5202,36.0035,122.0,20.0,2.0,,34.0,,,8.0,,,5.0,40.0,37.0,3.0,198.0,110.0,88.0,2.0,,1.0,2.0,5.0,17.0,23.0,27.0,,2.0,101.0,3.0,2.0,32.0,449.0,,19.0,,,,,,,3.0,,44.0,21.0,73.0,,3.0,131.0,,,,,,,,,5.0,3.0,16.0,17.0,24.0,2.0,26.0,0.0,13.0,8.0,,8.0,8.0,28.0,1.0,50.0,9.0,238.0,68.0,289.0,4.0,25.0,,,1.0,2245.0,68.0,6.0,40.0,32.0,357.0,465.0,0.0,40.0,29.0,140.0,167.0,876.0,1.0,54.0,53.0,47.0,8.0,3.0,10.0,18.0,157.0,3.0,5.0
Leicester_13,2014-15,154968,Tom Lawrence,Perth Glory,Forward,Wales,2.0,2.0,,3.0,,,4.0,1.0,,,,,,,,,6.0,5.0,1.0,0.0462,0.1908,,,0.404,8.0,1.0,,,3.0,,,,,,,,,,4.0,3.0,1.0,,,,,1.0,,1.0,,,,8.0,,,,25.0,,,,,,,,,,,2.0,1.0,2.0,,,5.0,,,,,,,,,1.0,,2.0,,,,,0.0,,3.0,,,,,,2.0,,16.0,4.0,20.0,,1.0,,,,51.0,2.0,,1.0,,12.0,25.0,0.0,2.0,1.0,4.0,5.0,39.0,,1.0,1.0,1.0,1.0,,1.0,1.0,4.0,0.0,0.0
Leicester_13,2014-15,68582,Andrej Kramaric,TSG Hoffenheim,Forward,Croatia,27.0,21.0,6.0,13.0,1.0,1.0,62.0,5.0,,,,,,8.0,,,71.0,45.0,26.0,0.7565,1.7922,0.0936,1.6141,10.0279,29.0,,,1.0,13.0,,,,,,2.0,8.0,8.0,,44.0,24.0,20.0,1.0,,,1.0,3.0,4.0,1.0,6.0,,,31.0,2.0,2.0,3.0,183.0,,,,,,,,,,,6.0,5.0,18.0,,2.0,63.0,,,,,,,,,3.0,2.0,9.0,4.0,8.0,2.0,6.0,0.0,4.0,7.0,,3.0,3.0,8.0,,15.0,4.0,116.0,42.0,151.0,2.0,4.0,2.0,,1.0,574.0,20.0,1.0,1.0,6.0,77.0,185.0,0.0,17.0,6.0,34.0,30.0,293.0,,11.0,11.0,11.0,,2.0,4.0,6.0,26.0,0.0,0.0
Leicester_13,2014-15,111455,Tom Hopper,Southend United,Forward,England,,,,,,,,,,,,,,,,,,,,,,,,,,,,,,,,,,,,,,,,,,,,,,,,,,,,,,,,,,,,,,,,,,,,,,,,,,,,,,,,,,,,,,,,0.0,,,,,,,,,,,,,,,,,,,,,,,,,0.0,,,,,,,,,,,,,,,,0.0
Leicester_13,2014-15,19273,Gary Taylor-Fletcher,Accrington Stanley,Forward,England,,,,1.0,,,1.0,,,,,,,,,,4.0,4.0,,0.0006,,,,0.2439,3.0,,,,1.0,,,,,,,1.0,1.0,,4.0,4.0,,,,,,,,,,,,1.0,,,,7.0,,,,,,,,,,,,,,,,2.0,,,,,,,,,,,,,,,,0.0,,1.0,,,,,,1.0,,1.0,5.0,6.0,,,,,,17.0,,,1.0,,1.0,7.0,0.0,,,,1.0,7.0,,,,,,,,,1.0,0.0,0.0
Leicester_13,2014-15,54316,Leonardo Ulloa,Brighton and Hove Albion U23,Forward,Argentina,365.0,242.0,123.0,37.0,,2.0,231.0,7.0,5.0,,1.0,,,12.0,,,644.0,421.0,223.0,2.5341,8.3765,,8.1306,34.3437,252.0,19.0,1.0,,37.0,,,3.0,,,11.0,38.0,35.0,3.0,279.0,179.0,100.0,1.0,3.0,2.0,9.0,5.0,6.0,15.0,33.0,,1.0,185.0,2.0,1.0,12.0,865.0,1.0,4.0,,,,,2.0,2.0,1.0,,73.0,38.0,102.0,,6.0,231.0,,,,,,,1.0,,5.0,2.0,24.0,6.0,18.0,1.0,29.0,0.0,18.0,8.0,,6.0,6.0,14.0,1.0,78.0,14.0,492.0,168.0,640.0,10.0,41.0,1.0,,3.0,2407.0,99.0,38.0,67.0,35.0,453.0,899.0,0.0,42.0,51.0,134.0,245.0,1400.0,,17.0,17.0,26.0,8.0,17.0,13.0,32.0,232.0,3.0,3.0
Leicester_13,2014-15,12744,David Nugent,Tranmere Rovers,Forward,England,139.0,83.0,56.0,29.0,,4.0,134.0,14.0,4.0,,3.0,1.0,,25.0,,,281.0,173.0,108.0,2.0583,6.31,,5.2019,27.4193,162.0,9.0,,,29.0,,,2.0,,,5.0,31.0,28.0,3.0,142.0,90.0,52.0,2.0,,2.0,1.0,9.0,3.0,10.0,19.0,,1.0,122.0,5.0,4.0,6.0,550.0,,2.0,,1.0,,,2.0,1.0,2.0,,36.0,13.0,65.0,,4.0,146.0,,,,,,,2.0,,9.0,5.0,15.0,3.0,12.0,4.0,16.0,0.0,5.0,13.0,,8.0,8.0,18.0,1.0,37.0,13.0,336.0,92.0,407.0,5.0,11.0,2.0,1.0,7.0,1704.0,64.0,7.0,23.0,20.0,279.0,564.0,0.0,27.0,16.0,71.0,144.0,860.0,,32.0,32.0,34.0,4.0,5.0,10.0,24.0,134.0,0.0,3.0
Leicester_13,2014-15,60689,Chris Wood,Nottingham Forest U21,Forward,New Zealand,21.0,11.0,10.0,7.0,,0.0,11.0,,,,,,,,,,37.0,23.0,14.0,0.0536,0.7911,,0.763,2.6335,10.0,1.0,,,7.0,,,,,,1.0,3.0,3.0,,16.0,12.0,4.0,,,,1.0,,,,,,,10.0,,,1.0,38.0,,,,,,,,,,,2.0,2.0,5.0,,1.0,7.0,,,,,,,,,,,4.0,,1.0,,,0.0,,7.0,,,,2.0,,1.0,,17.0,5.0,22.0,,,,,,107.0,7.0,1.0,5.0,2.0,29.0,38.0,0.0,5.0,,6.0,16.0,66.0,,,,2.0,1.0,1.0,1.0,3.0,15.0,0.0,0.0
Liverpool_14,2014-15,9631,Brad Jones,Middlesbrough PL2,Goalkeeper,Australia,1.0,,1.0,3.0,,,,,,2.0,,,,,,,1.0,,1.0,0.0002,,,,3.0135,32.0,,,,3.0,16.0,6.0,,10.0,,,5.0,5.0,,,,,,,,,,,,,,,4.0,,,,26.0,,,,,,,,,,,,,14.0,,,5.0,,4.0,1.0,2.0,2.0,1.0,,,,,,,,,3.0,0.0,1.0,,,,,,5.0,,12.0,,24.0,12.0,,,,,,196.0,,1.0,,1.0,19.0,41.0,0.0,,,,17.0,62.0,,,,,11.0,,17.0,6.0,,0.0,0.0
Liverpool_14,2014-15,66797,Simon Mignolet,Club Brugge,Goalkeeper,Belgium,8.0,1.0,7.0,36.0,,,,,,33.0,13.0,,,,7.0,3.0,15.0,1.0,14.0,0.0425,,,,38.3939,629.0,,,,36.0,354.0,103.0,,271.0,5.0,,43.0,32.0,11.0,7.0,,7.0,,,,,,,,1.0,1.0,,151.0,,,,495.0,,,1.0,,3.0,2.0,,,1.0,41.0,1.0,,314.0,,,117.0,2.0,89.0,17.0,49.0,40.0,26.0,,,,,,,,,35.0,0.0,,1.0,,,,2.0,60.0,,202.0,96.0,460.0,354.0,,1.0,,,,3224.0,,54.0,,5.0,343.0,897.0,0.0,,1.0,,341.0,1285.0,,,,,186.0,,336.0,92.0,5.0,0.0,0.0
Liverpool_14,2014-15,95463,Danny Ward,Wrexham,Goalkeeper,Wales,,,,,,,,,,,,,,,,,,,,,,,,,,,,,,,,,,,,,,,,,,,,,,,,,,,,,,,,,,,,,,,,,,,,,,,,,,,,,,,,,,,,,,,,0.0,,,,,,,,,,,,,,,,,,,,,,,,,0.0,,,,,,,,,,,,,,,,0.0
Liverpool_14,2014-15,9047,Glen Johnson,Stoke City,Defender,England,40.0,9.0,31.0,19.0,,0.0,97.0,2.0,4.0,,4.0,1.0,,6.0,,,160.0,63.0,97.0,0.5846,1.1055,,0.9278,13.5855,239.0,3.0,,,19.0,,,,,,1.0,17.0,16.0,1.0,120.0,54.0,66.0,1.0,1.0,,1.0,,,18.0,5.0,,,183.0,2.0,,1.0,665.0,,2.0,,,,,,,,,29.0,12.0,83.0,,,159.0,,,,,,,,,,2.0,5.0,,1.0,,15.0,0.0,2.0,4.0,,3.0,3.0,22.0,1.0,1.0,29.0,252.0,314.0,534.0,4.0,26.0,2.0,17.0,127.0,1326.0,35.0,43.0,8.0,14.0,223.0,678.0,0.0,6.0,30.0,22.0,115.0,1084.0,,29.0,29.0,19.0,10.0,,26.0,31.0,89.0,1.0,2.0
Liverpool_14,2014-15,40784,Mamadou Sakho,Crystal Palace,Defender,France,79.0,34.0,45.0,16.0,,,53.0,,5.0,,7.0,,,,,,148.0,56.0,92.0,0.1005,0.1137,,0.3363,18.8169,400.0,4.0,,,16.0,,,,,,,21.0,13.0,8.0,69.0,22.0,47.0,1.0,,,,,1.0,27.0,5.0,1.0,,56.0,,,,889.0,,1.0,,,,,,,,,11.0,8.0,120.0,,,401.0,,,,,,,,,,,1.0,1.0,1.0,,15.0,0.0,,1.0,,,,13.0,2.0,,39.0,260.0,554.0,775.0,9.0,21.0,1.0,3.0,18.0,1418.0,9.0,95.0,8.0,4.0,118.0,910.0,0.0,2.0,30.0,5.0,96.0,1142.0,,,,1.0,3.0,,24.0,50.0,72.0,0.0,1.0
Liverpool_14,2014-15,26725,José Enrique,Liverpool PL2,Defender,Spain,10.0,5.0,5.0,4.0,,,10.0,1.0,,,1.0,,,2.0,,,29.0,17.0,12.0,0.0475,0.0119,,,2.0874,58.0,,,,4.0,,,,,,,2.0,2.0,,19.0,12.0,7.0,,,,,,,2.0,2.0,,,1.0,1.0,,,103.0,,,,,,,,,,,5.0,1.0,16.0,,,39.0,,,,,,,,,,1.0,,,,,2.0,0.0,,2.0,,1.0,1.0,2.0,1.0,,9.0,31.0,41.0,62.0,,3.0,,3.0,20.0,203.0,7.0,11.0,3.0,3.0,51.0,108.0,0.0,,3.0,,37.0,169.0,,3.0,3.0,,9.0,,19.0,17.0,18.0,0.0,0.0
Liverpool_14,2014-15,12450,Kolo Touré,Celtic,Defender,Cote d’Ivoire,41.0,23.0,18.0,12.0,,,21.0,,7.0,,2.0,,,,,,72.0,36.0,36.0,0.1676,0.0311,,,8.6632,133.0,1.0,,,12.0,,,,,,,12.0,7.0,5.0,31.0,13.0,18.0,,,1.0,,,,8.0,1.0,,,101.0,,,,328.0,,,,,,,,,,,13.0,6.0,24.0,,,84.0,,,,,,,,,,,1.0,,,,7.0,0.0,2.0,5.0,,,,,5.0,,13.0,78.0,219.0,284.0,6.0,12.0,,3.0,8.0,710.0,6.0,54.0,3.0,1.0,55.0,339.0,0.0,1.0,18.0,1.0,42.0,459.0,,,,1.0,10.0,,21.0,17.0,21.0,0.0,0.0
Liverpool_14,2014-15,38454,Dejan Lovren,PAOK Salonika,Defender,Croatia,131.0,36.0,95.0,26.0,,,66.0,5.0,6.0,,6.0,,,1.0,,,240.0,77.0,163.0,0.2517,1.1542,,0.0945,23.1851,637.0,10.0,,,26.0,,,,,,,28.0,25.0,3.0,109.0,41.0,68.0,,,,,1.0,2.0,48.0,2.0,2.0,,273.0,4.0,,,1348.0,,,,1.0,,,,,1.0,,9.0,5.0,127.0,,,414.0,,,,,,,,,1.0,4.0,11.0,2.0,2.0,,22.0,0.0,1.0,4.0,,,,,9.0,,73.0,332.0,852.0,1111.0,18.0,35.0,1.0,4.0,11.0,2036.0,8.0,202.0,18.0,15.0,223.0,1390.0,0.0,13.0,53.0,19.0,206.0,1782.0,,,,2.0,49.0,,110.0,62.0,96.0,0.0,4.0
Liverpool_14,2014-15,78108,Sebastián Coates,Sporting CP,Defender,Uruguay,27.0,7.0,20.0,10.0,,,10.0,4.0,10.0,,4.0,,,3.0,,,91.0,32.0,59.0,0.0626,0.7059,,,14.5012,146.0,6.0,,,10.0,,,,,,,12.0,10.0,2.0,64.0,25.0,39.0,,,,,4.0,,33.0,2.0,,,51.0,,,,237.0,,,,,,,,,1.0,,12.0,7.0,53.0,,,33.0,,,,,,,,,4.0,,3.0,,,,9.0,0.0,,1.0,,,,5.0,4.0,,18.0,58.0,109.0,149.0,8.0,19.0,,,1.0,822.0,2.0,50.0,9.0,7.0,80.0,240.0,0.0,3.0,27.0,12.0,73.0,406.0,,,,2.0,28.0,,45.0,20.0,28.0,0.0,1.0
Liverpool_14,2014-15,100059,Alberto Moreno,Como,Defender,Spain,26.0,13.0,13.0,28.0,,1.0,211.0,4.0,3.0,,7.0,,,12.0,,,195.0,81.0,114.0,1.6925,1.6945,,2.6067,27.8534,321.0,19.0,,,28.0,,,,,,2.0,33.0,23.0,10.0,169.0,68.0,101.0,1.0,,,1.0,4.0,3.0,33.0,34.0,1.0,2.0,23.0,,,4.0,960.0,,4.0,,,,,,,1.0,,39.0,18.0,104.0,,,424.0,,,,,,,,,4.0,,9.0,3.0,5.0,,26.0,0.0,9.0,2.0,,12.0,12.0,13.0,2.0,,50.0,422.0,400.0,760.0,14.0,40.0,1.0,35.0,161.0,2262.0,22.0,45.0,36.0,35.0,304.0,979.0,0.0,14.0,54.0,35.0,169.0,1541.0,,47.0,47.0,10.0,20.0,,40.0,51.0,129.0,0.0,6.0
Liverpool_14,2014-15,109528,Javier Manquillo,Celta de Vigo,Defender,Spain,27.0,15.0,12.0,10.0,,,74.0,,3.0,,2.0,,,4.0,,,91.0,35.0,56.0,0.1966,0.0877,,,8.884,126.0,1.0,,,10.0,,,,,,,11.0,9.0,2.0,64.0,20.0,44.0,,,,,,,22.0,1.0,,,169.0,,,2.0,367.0,,3.0,,,,,,,1.0,,11.0,3.0,27.0,,,8.0,,,,,,,,,,,2.0,,,,10.0,0.0,3.0,,,2.0,2.0,2.0,5.0,,12.0,143.0,171.0,300.0,11.0,21.0,,16.0,74.0,761.0,12.0,24.0,2.0,10.0,129.0,377.0,0.0,2.0,32.0,9.0,65.0,634.0,,21.0,21.0,4.0,4.0,,12.0,12.0,53.0,0.0,3.0
Liverpool_14,2014-15,26793,Martin Skrtel,Istanbul Basaksehir,Defender,Slovakia,170.0,58.0,112.0,33.0,,0.0,77.0,6.0,40.0,,12.0,1.0,,3.0,,,262.0,96.0,166.0,0.8632,1.1747,,0.5046,36.1202,627.0,11.0,1.0,,33.0,,,,,,1.0,41.0,35.0,6.0,92.0,38.0,54.0,,1.0,,1.0,5.0,1.0,55.0,5.0,3.0,,657.0,1.0,,2.0,1683.0,,,,,,,,,1.0,,13.0,7.0,145.0,,,366.0,,,,,,,,,5.0,1.0,11.0,1.0,2.0,,33.0,0.0,,,,,,3.0,18.0,,66.0,274.0,1281.0,1489.0,4.0,34.0,,,7.0,2970.0,7.0,312.0,24.0,17.0,193.0,1727.0,0.0,13.0,38.0,40.0,172.0,2268.0,,4.0,4.0,,56.0,,82.0,54.0,90.0,0.0,8.0
Liverpool_14,2014-15,89088,Andre Wisdom,Birmingham City U21,Defender,England,32.0,14.0,18.0,24.0,,,135.0,1.0,6.0,,8.0,1.0,,8.0,,,121.0,58.0,63.0,0.6558,0.3589,,,28.3042,398.0,6.0,,,24.0,,,1.0,,,,29.0,23.0,6.0,89.0,44.0,45.0,1.0,,,,,,30.0,8.0,,,260.0,1.0,,2.0,877.0,,4.0,,,,,,,3.0,,60.0,17.0,131.0,,,95.0,,,,,,,,,,1.0,2.0,,,,22.0,0.0,1.0,2.0,,10.0,10.0,13.0,14.0,4.0,37.0,378.0,332.0,663.0,6.0,20.0,,49.0,180.0,1971.0,22.0,67.0,13.0,6.0,313.0,888.0,0.0,2.0,26.0,17.0,188.0,1395.0,,38.0,38.0,3.0,39.0,,53.0,60.0,135.0,0.0,1.0
Liverpool_14,2014-15,134384,MJ Williams,Barrow,Midfielder,Wales,,,,,,,,,,,,,,,,,,,,,,,,,,,,,,,,,,,,,,,,,,,,,,,,,,,,,,,,,,,,,,,,,,,,,,,,,,,,,,,,,,,,,,,,0.0,,,,,,,,,,,,,,,,,,,,,,,,,0.0,,,,,,,,,,,,,,,,0.0
Liverpool_14,2014-15,1814,Steven Gerrard,Liverpool,Midfielder,England,43.0,24.0,19.0,29.0,11.0,4.0,185.0,13.0,8.0,,5.0,,53.0,18.0,,,181.0,86.0,95.0,3.1632,7.2005,0.8888,10.7205,29.2928,503.0,9.0,,11.0,29.0,,,1.0,,,9.0,39.0,31.0,8.0,138.0,62.0,76.0,,2.0,,5.0,2.0,3.0,23.0,51.0,,,396.0,11.0,9.0,1.0,1466.0,,1.0,1.0,,,,5.0,4.0,1.0,,38.0,23.0,152.0,,7.0,447.0,,,,,,,,1.0,2.0,11.0,20.0,3.0,21.0,9.0,25.0,1.0,4.0,4.0,22.0,29.0,5.0,5.0,5.0,46.0,154.0,652.0,678.0,1147.0,13.0,37.0,4.0,,2.0,2236.0,24.0,53.0,11.0,22.0,351.0,1531.0,1.0,41.0,50.0,34.0,230.0,1944.0,27.0,75.0,9.0,5.0,20.0,2.0,82.0,37.0,148.0,2.0,7.0
Liverpool_14,2014-15,84583,Philippe Coutinho,Aston Villa,Midfielder,Brazil,43.0,37.0,6.0,35.0,,2.0,273.0,39.0,2.0,,7.0,,68.0,30.0,,,475.0,253.0,222.0,5.9277,4.5286,,6.8881,36.3678,598.0,13.0,,,35.0,,,5.0,,,5.0,43.0,32.0,11.0,432.0,216.0,216.0,2.0,,2.0,3.0,12.0,10.0,17.0,54.0,,,297.0,27.0,19.0,7.0,1556.0,,9.0,,,,,,,1.0,,81.0,45.0,184.0,,5.0,433.0,,,,,,,,,12.0,27.0,30.0,10.0,34.0,19.0,32.0,0.0,11.0,3.0,19.0,21.0,3.0,109.0,2.0,55.0,64.0,980.0,325.0,1220.0,12.0,49.0,38.0,1.0,12.0,2799.0,135.0,13.0,26.0,48.0,618.0,1601.0,0.0,64.0,61.0,93.0,317.0,2368.0,43.0,68.0,19.0,74.0,4.0,2.0,41.0,28.0,276.0,2.0,3.0
Liverpool_14,2014-15,56979,Jordan Henderson,Brentford,Midfielder,England,79.0,40.0,39.0,37.0,4.0,3.0,355.0,16.0,7.0,,13.0,,45.0,22.0,,,296.0,144.0,152.0,5.6814,4.281,0.2506,3.8015,39.7104,691.0,15.0,,4.0,37.0,,,9.0,,,6.0,45.0,35.0,10.0,217.0,104.0,113.0,2.0,,,3.0,5.0,5.0,32.0,58.0,,,668.0,11.0,3.0,4.0,2124.0,,3.0,,,,,1.0,1.0,1.0,,91.0,53.0,204.0,,6.0,467.0,,,,,,,,,5.0,11.0,20.0,5.0,14.0,3.0,36.0,0.0,,1.0,15.0,31.0,11.0,10.0,6.0,46.0,113.0,1059.0,770.0,1685.0,24.0,61.0,19.0,9.0,53.0,3255.0,46.0,61.0,32.0,22.0,556.0,2181.0,0.0,34.0,85.0,67.0,383.0,2793.0,26.0,70.0,36.0,13.0,22.0,,93.0,78.0,290.0,3.0,6.0
Liverpool_14,2014-15,39155,Adam Lallana,Southampton,Midfielder,England,72.0,53.0,19.0,27.0,,1.0,190.0,10.0,2.0,,3.0,,15.0,15.0,,,307.0,175.0,132.0,2.9821,4.2721,,4.6271,20.1552,185.0,15.0,,,27.0,,,3.0,,,5.0,22.0,17.0,5.0,235.0,122.0,113.0,1.0,,,4.0,7.0,5.0,12.0,30.0,,3.0,169.0,3.0,3.0,4.0,731.0,1.0,4.0,,,,,,,1.0,,40.0,25.0,105.0,,1.0,199.0,,,,,,,1.0,,7.0,3.0,15.0,5.0,13.0,3.0,23.0,0.0,15.0,4.0,3.0,11.0,8.0,30.0,1.0,34.0,15.0,409.0,215.0,598.0,5.0,40.0,6.0,,9.0,1789.0,73.0,17.0,25.0,40.0,296.0,743.0,0.0,28.0,45.0,95.0,130.0,1156.0,10.0,45.0,35.0,28.0,5.0,3.0,13.0,25.0,117.0,1.0,4.0
Liverpool_14,2014-15,43191,Lucas Leiva,Lazio,Midfielder,Brazil,71.0,39.0,32.0,20.0,,,117.0,1.0,5.0,,6.0,,2.0,1.0,,,224.0,103.0,121.0,0.6989,0.9456,,1.4216,17.2511,366.0,26.0,,,20.0,,,,,,,20.0,12.0,8.0,153.0,64.0,89.0,1.0,,,,,2.0,31.0,8.0,,,278.0,1.0,4.0,1.0,1031.0,,,,1.0,,,,,,,25.0,16.0,117.0,,,288.0,,,,,,,,,,1.0,4.0,2.0,6.0,4.0,16.0,0.0,5.0,4.0,,,,2.0,,18.0,42.0,453.0,463.0,874.0,22.0,56.0,5.0,,1.0,1313.0,10.0,45.0,27.0,9.0,162.0,1049.0,0.0,10.0,78.0,8.0,133.0,1291.0,,3.0,3.0,1.0,5.0,,23.0,47.0,110.0,0.0,4.0
Liverpool_14,2014-15,112338,Emre Can,Borussia Dortmund,Midfielder,Germany,72.0,30.0,42.0,27.0,,0.0,176.0,4.0,4.0,,9.0,,,9.0,,,284.0,111.0,173.0,0.8686,0.5073,,0.5603,24.9802,460.0,16.0,,,27.0,,,,,,1.0,26.0,17.0,9.0,212.0,81.0,131.0,1.0,,,1.0,,2.0,38.0,12.0,,,532.0,4.0,1.0,,1251.0,,1.0,,1.0,,,,,,,32.0,18.0,150.0,1.0,1.0,114.0,,,,,,,,,,4.0,7.0,2.0,4.0,1.0,23.0,0.0,4.0,4.0,,2.0,2.0,34.0,14.0,4.0,75.0,434.0,635.0,992.0,12.0,66.0,2.0,11.0,72.0,2065.0,30.0,78.0,29.0,19.0,288.0,1282.0,1.0,11.0,78.0,18.0,215.0,1735.0,,15.0,15.0,12.0,34.0,,82.0,62.0,133.0,0.0,2.0
Liverpool_14,2014-15,40555,Joe Allen,Swansea City,Midfielder,Wales,23.0,17.0,6.0,21.0,,0.0,114.0,6.0,3.0,,5.0,,5.0,3.0,,,185.0,89.0,96.0,0.7358,0.9374,,0.9923,19.3869,269.0,12.0,1.0,,21.0,,,,,,1.0,22.0,16.0,6.0,162.0,72.0,90.0,,,,1.0,1.0,1.0,31.0,15.0,1.0,,205.0,5.0,,,837.0,,,,,,,,,,,27.0,13.0,114.0,,1.0,269.0,,,,,,,,,1.0,5.0,4.0,1.0,2.0,,16.0,0.0,6.0,5.0,2.0,4.0,2.0,14.0,2.0,12.0,24.0,395.0,362.0,729.0,9.0,45.0,1.0,,,1471.0,34.0,16.0,20.0,24.0,169.0,857.0,0.0,6.0,54.0,20.0,104.0,1111.0,1.0,5.0,4.0,6.0,7.0,,15.0,31.0,89.0,0.0,3.0
Liverpool_14,2014-15,147668,Cameron Brannagan,Oxford United,Midfielder,England,,,,,,,,,,,,,,,,,,,,,,,,,,,,,,,,,,,,,,,,,,,,,,,,,,,,,,,,,,,,,,,,,,,,,,,,,,,,,,,,,,,,,,,,0.0,,,,,,,,,,,,,,,,,,,,,,,,,0.0,,,,,,,,,,,,,,,,0.0
Liverpool_14,2014-15,103912,Jordon Ibe,Derby County,Midfielder,England,12.0,8.0,4.0,12.0,,,80.0,1.0,,,1.0,,2.0,8.0,,,94.0,48.0,46.0,1.0795,0.6598,,0.8747,6.387,35.0,1.0,,,12.0,,,,,,,7.0,6.0,1.0,82.0,40.0,42.0,,,2.0,,,3.0,4.0,6.0,,,96.0,1.0,1.0,,245.0,,4.0,,,,,,,,,5.0,2.0,35.0,,,36.0,,,,,,,,,,1.0,5.0,3.0,4.0,1.0,7.0,0.0,5.0,5.0,,4.0,4.0,24.0,1.0,1.0,3.0,134.0,86.0,213.0,,4.0,1.0,11.0,35.0,618.0,37.0,1.0,3.0,14.0,117.0,247.0,0.0,9.0,4.0,43.0,31.0,438.0,1.0,21.0,20.0,20.0,1.0,,2.0,5.0,29.0,0.0,0.0
Liverpool_14,2014-15,141281,Jordan Rossiter,Oldham Athletic,Midfielder,England,,,,,,,,,,,,,,,,,,,,,,,,,,,,,,,,,,,,,,,,,,,,,,,,,,,,,,,,,,,,,,,,,,,,,,,,,,,,,,,,,,,,,,,,0.0,,,,,,,,,,,,,,,,,,,,,,,,,0.0,,,,,,,,,,,,,,,,0.0
Liverpool_14,2014-15,99323,Lazar Markovic,Trabzonspor,Midfielder,Serbia,13.0,11.0,2.0,19.0,,1.0,121.0,3.0,1.0,,3.0,,1.0,9.0,,,128.0,69.0,59.0,1.4801,2.1285,,1.6466,9.707,122.0,6.0,,,19.0,,,1.0,,,2.0,11.0,9.0,2.0,115.0,58.0,57.0,2.0,,1.0,1.0,2.0,1.0,16.0,19.0,,1.0,111.0,1.0,,,431.0,,2.0,,,,,,,,,31.0,14.0,67.0,,1.0,83.0,,,,,,,,,2.0,1.0,10.0,1.0,3.0,,11.0,0.0,8.0,8.0,,3.0,3.0,20.0,1.0,19.0,11.0,209.0,149.0,344.0,5.0,21.0,3.0,5.0,53.0,932.0,37.0,9.0,10.0,11.0,162.0,437.0,0.0,13.0,26.0,39.0,82.0,702.0,1.0,9.0,8.0,18.0,5.0,,13.0,23.0,69.0,1.0,0.0
Liverpool_14,2014-15,141921,Sheyi Ojo,Cardiff City,Forward,England,,,,,,,,,,,,,,,,,,,,,,,,,,,,,,,,,,,,,,,,,,,,,,,,,,,,,,,,,,,,,,,,,,,,,,,,,,,,,,,,,,,,,,,,0.0,,,,,,,,,,,,,,,,,,,,,,,,,0.0,,,,,,,,,,,,,,,,0.0
Liverpool_14,2014-15,11037,Rickie Lambert,Cardiff City,Forward,England,87.0,49.0,38.0,25.0,2.0,2.0,66.0,4.0,1.0,,2.0,,,1.0,,,128.0,78.0,50.0,1.0513,1.6282,0.0941,2.2443,7.8179,76.0,3.0,,2.0,25.0,,,2.0,,,2.0,11.0,9.0,2.0,41.0,29.0,12.0,,,1.0,0.0,1.0,5.0,,9.0,,,63.0,3.0,1.0,12.0,246.0,,1.0,,,,,,,1.0,,7.0,2.0,22.0,,2.0,52.0,,,,,,,,,1.0,3.0,7.0,5.0,8.0,1.0,7.0,0.0,2.0,18.0,,1.0,1.0,1.0,,16.0,2.0,140.0,36.0,173.0,2.0,3.0,,,2.0,824.0,13.0,7.0,12.0,7.0,126.0,257.0,0.0,15.0,5.0,44.0,82.0,357.0,,6.0,6.0,2.0,,3.0,2.0,7.0,80.0,0.0,2.0
Liverpool_14,2014-15,40755,Daniel Sturridge,Liverpool,Forward,England,17.0,12.0,5.0,12.0,,0.0,77.0,7.0,,,2.0,,,6.0,,,97.0,61.0,36.0,1.0599,4.163,,4.0759,10.0914,64.0,1.0,1.0,,12.0,,,1.0,,,4.0,9.0,8.0,1.0,80.0,49.0,31.0,,1.0,2.0,4.0,4.0,8.0,,10.0,,1.0,58.0,3.0,2.0,6.0,238.0,,3.0,,,,,,,,,11.0,3.0,25.0,,2.0,51.0,,,,,,,1.0,,4.0,3.0,18.0,8.0,14.0,2.0,7.0,0.0,2.0,5.0,,2.0,2.0,15.0,,24.0,8.0,155.0,45.0,190.0,,1.0,4.0,,,750.0,42.0,9.0,5.0,16.0,115.0,250.0,0.0,32.0,1.0,53.0,52.0,405.0,,2.0,2.0,14.0,,,5.0,3.0,47.0,1.0,0.0
Liverpool_14,2014-15,77454,Fabio Borini,Salford City,Forward,Italy,24.0,20.0,4.0,12.0,,1.0,38.0,1.0,,,,,3.0,6.0,,,62.0,45.0,17.0,0.2212,1.8858,,1.5096,4.9297,32.0,9.0,,,12.0,,,1.0,,,1.0,7.0,4.0,3.0,38.0,25.0,13.0,,,,0.0,1.0,3.0,5.0,7.0,,,16.0,,1.0,3.0,103.0,,,,,,,,,,,3.0,,9.0,1.0,1.0,27.0,,,,,,,,,1.0,,8.0,3.0,5.0,1.0,3.0,0.0,3.0,9.0,,,,3.0,,7.0,3.0,65.0,21.0,83.0,1.0,1.0,1.0,,,392.0,14.0,,9.0,8.0,56.0,113.0,1.0,13.0,2.0,26.0,27.0,180.0,,3.0,3.0,3.0,1.0,1.0,1.0,2.0,26.0,1.0,1.0
Liverpool_14,2014-15,103955,Raheem Sterling,Chelsea,Forward,England,30.0,25.0,5.0,35.0,,4.0,317.0,22.0,2.0,,8.0,1.0,4.0,32.0,,,500.0,261.0,239.0,5.8574,8.649,,9.6534,34.1205,298.0,18.0,1.0,,35.0,,,7.0,,,7.0,39.0,31.0,8.0,470.0,236.0,234.0,5.0,,2.0,3.0,14.0,19.0,17.0,68.0,,2.0,236.0,8.0,7.0,16.0,1111.0,,25.0,,,,,,,1.0,,63.0,27.0,164.0,,5.0,282.0,,,,,,,,,14.0,8.0,29.0,19.0,33.0,7.0,34.0,0.0,9.0,1.0,,18.0,18.0,103.0,1.0,58.0,25.0,665.0,272.0,894.0,7.0,30.0,9.0,6.0,48.0,3050.0,181.0,13.0,45.0,94.0,576.0,1133.0,0.0,62.0,37.0,205.0,214.0,1971.0,,63.0,63.0,105.0,6.0,10.0,33.0,42.0,181.0,4.0,5.0
Liverpool_14,2014-15,42493,Mario Balotelli,Brescia,Forward,Italy,38.0,29.0,9.0,16.0,8.0,0.0,69.0,20.0,2.0,,1.0,,,10.0,,,150.0,92.0,58.0,0.5545,5.3711,0.4,4.2693,11.1689,62.0,10.0,,8.0,16.0,,,,,,1.0,11.0,11.0,,112.0,63.0,49.0,3.0,,2.0,1.0,4.0,12.0,3.0,9.0,,,45.0,16.0,7.0,12.0,230.0,,6.0,,,,,,,,,11.0,4.0,37.0,,1.0,65.0,,,,,,,,,4.0,16.0,16.0,12.0,20.0,7.0,10.0,0.0,6.0,6.0,,1.0,1.0,11.0,,19.0,10.0,124.0,45.0,158.0,2.0,11.0,5.0,,1.0,940.0,38.0,12.0,29.0,26.0,143.0,241.0,0.0,36.0,13.0,46.0,73.0,444.0,,4.0,4.0,14.0,1.0,5.0,5.0,11.0,68.0,1.0,5.0
Liverpool_14,2014-15,133801,Jerome Sinclair,CSKA Sofia,Forward,England,2.0,2.0,,2.0,,,1.0,,,,,,,,,,4.0,3.0,1.0,0.0135,,,,1.3529,,,,,2.0,,,,,,,1.0,1.0,,2.0,1.0,1.0,,,,,,,,1.0,,,3.0,,,,5.0,,,,,,,,,,,,,,,,2.0,,,,,,,,,,,,,,,,0.0,,2.0,,,,,,1.0,,5.0,,5.0,,,,,,25.0,,,,1.0,2.0,6.0,0.0,,,3.0,1.0,10.0,,,,,,1.0,,,1.0,0.0,0.0
Man_City_43,2014-15,15749,Joe Hart,Celtic,Goalkeeper,England,18.0,2.0,16.0,36.0,,,,,,46.0,14.0,,,,4.0,3.0,21.0,3.0,18.0,0.0278,,,,35.0694,642.0,,,,36.0,249.0,139.0,,228.0,7.0,,34.0,28.0,6.0,3.0,1.0,2.0,,,,,,,,,,,87.0,,,,391.0,,,,,2.0,1.0,,,1.0,30.0,1.0,,285.0,,,75.0,1.0,87.0,11.0,51.0,36.0,23.0,,,,,,,,,36.0,0.0,,,,,,,66.0,,180.0,110.0,273.0,203.0,,,,,,3240.0,1.0,36.0,,4.0,432.0,804.0,0.0,,,,421.0,1154.0,,,,,219.0,,419.0,87.0,2.0,0.0,1.0
Man_City_43,2014-15,20310,Willy Caballero,Southampton,Goalkeeper,Argentina,,,,2.0,,,,,,3.0,,,,,,,,,,0.0009,,,,3.3453,22.0,,,,2.0,19.0,1.0,,7.0,,,4.0,4.0,,,,,,,,,,,,,,,4.0,,,,19.0,,,,,2.0,,,,2.0,1.0,,,20.0,,,7.0,,6.0,,3.0,3.0,2.0,,,,,,,,,2.0,0.0,,,,,,,2.0,,9.0,3.0,17.0,11.0,,,,,,180.0,,2.0,,,13.0,33.0,0.0,,,,13.0,57.0,,,,,10.0,,13.0,2.0,,0.0,0.0
Man_City_43,2014-15,37748,Bacary Sagna,Manchester City,Defender,France,66.0,26.0,40.0,9.0,,,80.0,,4.0,,2.0,,,5.0,,,107.0,42.0,65.0,0.7846,0.0207,,,8.9448,177.0,4.0,,,9.0,,,,,,,9.0,8.0,1.0,41.0,16.0,25.0,,,,,,,6.0,9.0,,,186.0,,,,459.0,,,,,,,,,,,18.0,8.0,31.0,,,19.0,,,,,,,,,,,1.0,,,,8.0,0.0,,1.0,,3.0,3.0,2.0,3.0,1.0,16.0,244.0,141.0,366.0,6.0,14.0,1.0,11.0,85.0,740.0,6.0,36.0,5.0,4.0,120.0,462.0,0.0,1.0,20.0,12.0,80.0,680.0,,16.0,16.0,,13.0,,25.0,19.0,55.0,0.0,1.0
Man_City_43,2014-15,17476,Vincent Kompany,Manchester City,Defender,Belgium,62.0,24.0,38.0,25.0,,,48.0,,14.0,,5.0,,,1.0,,,169.0,76.0,93.0,0.9345,0.4693,,,21.8696,453.0,19.0,,,25.0,,,,,,,23.0,19.0,4.0,107.0,52.0,55.0,,,,,,,45.0,4.0,,,426.0,,,,1218.0,,1.0,,1.0,,,,,2.0,,14.0,3.0,137.0,,,305.0,,,,,,,,,,,6.0,,,,23.0,0.0,2.0,2.0,,,,12.0,9.0,,78.0,364.0,711.0,997.0,7.0,28.0,1.0,,2.0,2032.0,5.0,99.0,34.0,8.0,170.0,1232.0,0.0,6.0,35.0,16.0,157.0,1481.0,,,,,30.0,,71.0,50.0,86.0,0.0,7.0
Man_City_43,2014-15,20658,Pablo Zabaleta,West Ham United,Defender,Argentina,79.0,26.0,53.0,29.0,,1.0,195.0,5.0,7.0,,11.0,,,22.0,,,296.0,117.0,179.0,3.1552,1.4258,,0.9922,29.4699,612.0,22.0,,,29.0,,,4.0,,,1.0,29.0,24.0,5.0,217.0,91.0,126.0,1.0,,,0.0,2.0,,56.0,22.0,,,532.0,3.0,1.0,1.0,1432.0,,3.0,1.0,1.0,,,,,3.0,,62.0,29.0,115.0,1.0,1.0,108.0,,,,,,,,,2.0,3.0,5.0,,2.0,1.0,29.0,0.0,,,,9.0,9.0,6.0,3.0,5.0,40.0,771.0,473.0,1195.0,29.0,77.0,1.0,35.0,223.0,2586.0,23.0,84.0,30.0,14.0,334.0,1447.0,1.0,7.0,106.0,67.0,212.0,2157.0,,39.0,39.0,6.0,20.0,,59.0,68.0,153.0,0.0,6.0
Man_City_43,2014-15,42593,Aleksandar Kolarov,Internazionale,Defender,Serbia,45.0,20.0,25.0,21.0,8.0,0.0,147.0,11.0,5.0,,9.0,,26.0,31.0,,,185.0,88.0,97.0,2.5476,1.1305,0.5682,1.483,13.8314,272.0,14.0,,8.0,21.0,,,3.0,,,2.0,12.0,8.0,4.0,140.0,68.0,72.0,,,2.0,2.0,2.0,2.0,42.0,20.0,,2.0,17.0,9.0,4.0,2.0,798.0,,4.0,,,,,,,,,33.0,12.0,108.0,,,377.0,,,,,,,,2.0,2.0,9.0,8.0,2.0,8.0,4.0,16.0,0.0,1.0,5.0,15.0,33.0,17.0,14.0,6.0,2.0,42.0,420.0,268.0,613.0,12.0,27.0,,18.0,116.0,1486.0,30.0,32.0,23.0,19.0,294.0,813.0,0.0,16.0,39.0,38.0,158.0,1315.0,11.0,73.0,60.0,18.0,21.0,1.0,61.0,31.0,97.0,0.0,4.0
Man_City_43,2014-15,57112,Eliaquim Mangala,Manchester City U21,Defender,France,92.0,38.0,54.0,25.0,,,77.0,3.0,14.0,,11.0,,,,,,207.0,94.0,113.0,0.828,1.2359,,0.5054,24.3386,378.0,9.0,,,25.0,,,2.0,,,,22.0,18.0,4.0,115.0,56.0,59.0,,,,,3.0,3.0,40.0,3.0,,,181.0,,,,900.0,,2.0,1.0,1.0,,,,,2.0,,17.0,10.0,121.0,1.0,,276.0,,,,,,,,,3.0,,8.0,3.0,3.0,,24.0,0.0,,1.0,,,,8.0,3.0,1.0,32.0,228.0,580.0,776.0,10.0,33.0,1.0,,5.0,2189.0,18.0,148.0,21.0,8.0,136.0,912.0,1.0,11.0,43.0,23.0,104.0,1252.0,,,,2.0,20.0,,39.0,41.0,65.0,0.0,3.0
Man_City_43,2014-15,17336,Gaël Clichy,Istanbul Basaksehir,Defender,France,61.0,37.0,24.0,23.0,,1.0,148.0,1.0,8.0,,6.0,,2.0,4.0,,,205.0,89.0,116.0,1.5153,1.1122,,1.1628,25.6221,591.0,8.0,,,23.0,,,3.0,,,1.0,27.0,25.0,2.0,144.0,52.0,92.0,,,1.0,0.0,,,77.0,23.0,1.0,,53.0,1.0,1.0,2.0,1339.0,,5.0,,,,,,,3.0,,51.0,20.0,137.0,,1.0,566.0,,,,,,,,,,1.0,5.0,,2.0,1.0,23.0,0.0,1.0,,,8.0,8.0,24.0,9.0,2.0,63.0,688.0,427.0,1044.0,12.0,47.0,1.0,27.0,172.0,2058.0,20.0,78.0,11.0,9.0,372.0,1358.0,0.0,7.0,59.0,15.0,251.0,1975.0,1.0,47.0,46.0,5.0,39.0,,79.0,72.0,172.0,0.0,1.0
Man_City_43,2014-15,15312,Martín Demichelis,Manchester City,Defender,Argentina,147.0,63.0,84.0,31.0,,1.0,74.0,2.0,9.0,,9.0,,,1.0,,,289.0,132.0,157.0,0.4294,0.4423,,0.6079,31.0585,556.0,18.0,,,31.0,,,,,,1.0,30.0,26.0,4.0,142.0,69.0,73.0,2.0,1.0,,0.0,2.0,1.0,74.0,5.0,,,376.0,,,,1357.0,,,1.0,1.0,,,,,2.0,,17.0,10.0,140.0,,,369.0,,,,,,,2.0,,2.0,,4.0,1.0,2.0,,28.0,0.0,,3.0,,,,4.0,4.0,1.0,51.0,532.0,668.0,1149.0,26.0,36.0,,,3.0,2559.0,6.0,172.0,33.0,9.0,189.0,1375.0,0.0,6.0,62.0,21.0,175.0,1759.0,,,,1.0,32.0,,53.0,70.0,122.0,0.0,6.0
Man_City_43,2014-15,80235,Dedryck Boyata,Club Brugge,Defender,Belgium,4.0,,4.0,2.0,,,,,1.0,,,,,,,,13.0,3.0,10.0,0.0026,,,,0.7748,17.0,3.0,,,2.0,,,,,,,1.0,1.0,,9.0,3.0,6.0,,,,,,,2.0,,,,24.0,,,,47.0,,,,,,,,,,,1.0,1.0,11.0,,,6.0,,,,,,,,,,,,,,,1.0,0.0,,1.0,,,,1.0,,,1.0,11.0,30.0,40.0,1.0,2.0,,,,91.0,,10.0,3.0,2.0,6.0,47.0,0.0,,3.0,,6.0,69.0,,,,,1.0,,2.0,4.0,4.0,0.0,1.0
Man_City_43,2014-15,145235,Angeliño,Roma,Defender,Spain,,,,,,,,,,,,,,,,,,,,,,,,,,,,,,,,,,,,,,,,,,,,,,,,,,,,,,,,,,,,,,,,,,,,,,,,,,,,,,,,,,,,,,,,0.0,,,,,,,,,,,,,,,,,,,,,,,,,0.0,,,,,,,,,,,,,,,,0.0
Man_City_43,2014-15,52538,Fernando,Sevilla,Midfielder,Brazil,78.0,39.0,39.0,25.0,,1.0,99.0,4.0,11.0,,9.0,,,,,,212.0,121.0,91.0,0.901,1.7211,,1.5203,17.1177,288.0,16.0,,,25.0,,,2.0,,,2.0,17.0,16.0,1.0,134.0,82.0,52.0,,,,1.0,,,40.0,11.0,,,400.0,4.0,,,1181.0,,,,,,,,,1.0,,27.0,22.0,126.0,,2.0,404.0,,,,,,,,,,4.0,4.0,,2.0,,22.0,0.0,5.0,3.0,,2.0,2.0,8.0,5.0,9.0,50.0,638.0,449.0,1035.0,7.0,28.0,1.0,1.0,3.0,1880.0,18.0,46.0,28.0,9.0,134.0,1191.0,0.0,6.0,35.0,14.0,106.0,1429.0,,,,1.0,8.0,,22.0,47.0,84.0,0.0,6.0
Man_City_43,2014-15,15157,James Milner,Brighton and Hove Albion,Midfielder,England,107.0,68.0,39.0,32.0,1.0,2.0,225.0,12.0,4.0,,3.0,1.0,57.0,32.0,,,324.0,188.0,136.0,4.1307,5.116,0.0766,4.8227,21.2731,300.0,17.0,1.0,1.0,32.0,,,7.0,,,5.0,19.0,16.0,3.0,217.0,120.0,97.0,4.0,1.0,1.0,3.0,5.0,4.0,23.0,45.0,,,215.0,7.0,2.0,7.0,973.0,,7.0,,,,,,,2.0,,59.0,30.0,117.0,,4.0,268.0,,,,,,,1.0,1.0,5.0,7.0,16.0,4.0,11.0,2.0,18.0,0.0,7.0,14.0,12.0,26.0,15.0,19.0,3.0,34.0,33.0,604.0,223.0,768.0,9.0,45.0,8.0,1.0,12.0,1742.0,61.0,13.0,28.0,27.0,412.0,1008.0,0.0,27.0,54.0,133.0,207.0,1482.0,29.0,100.0,69.0,11.0,10.0,,30.0,32.0,177.0,1.0,6.0
Man_City_43,2014-15,28554,Samir Nasri,West Ham United,Midfielder,France,11.0,11.0,,24.0,2.0,1.0,222.0,18.0,,,2.0,,65.0,14.0,,,156.0,99.0,57.0,3.6928,2.2249,0.1627,2.0799,16.0312,309.0,12.0,,2.0,24.0,,,6.0,,,2.0,17.0,15.0,2.0,145.0,88.0,57.0,,,,1.0,14.0,4.0,8.0,46.0,,1.0,318.0,4.0,4.0,9.0,1200.0,,6.0,,,,,,,1.0,,43.0,16.0,77.0,,1.0,380.0,,,,,,,2.0,,14.0,4.0,6.0,4.0,10.0,4.0,18.0,0.0,15.0,6.0,16.0,18.0,2.0,27.0,,35.0,14.0,912.0,214.0,1094.0,3.0,19.0,8.0,,28.0,1578.0,59.0,2.0,12.0,8.0,266.0,1229.0,0.0,16.0,22.0,85.0,121.0,1555.0,39.0,65.0,23.0,4.0,2.0,3.0,6.0,22.0,115.0,0.0,5.0
Man_City_43,2014-15,17740,Jesús Navas,Sevilla,Defender,Spain,53.0,38.0,15.0,35.0,,,362.0,13.0,,,5.0,,94.0,57.0,,,246.0,132.0,114.0,7.609,3.01,,2.9573,27.286,297.0,15.0,,,35.0,,,8.0,,,,29.0,26.0,3.0,193.0,94.0,99.0,3.0,,2.0,,9.0,17.0,19.0,71.0,,,563.0,4.0,,8.0,1319.0,,7.0,,,,,,,2.0,,69.0,31.0,177.0,,,116.0,,,,,,,,,9.0,4.0,16.0,17.0,17.0,,23.0,0.0,5.0,12.0,32.0,61.0,26.0,37.0,,37.0,25.0,912.0,291.0,1117.0,10.0,25.0,4.0,,17.0,2248.0,44.0,8.0,22.0,28.0,459.0,1338.0,0.0,33.0,35.0,185.0,196.0,1907.0,46.0,181.0,134.0,13.0,12.0,2.0,19.0,41.0,177.0,0.0,3.0
Man_City_43,2014-15,2051,Frank Lampard,Manchester City,Midfielder,England,12.0,6.0,6.0,32.0,2.0,3.0,129.0,10.0,3.0,,,,,3.0,,,95.0,45.0,50.0,1.2071,3.3094,0.1366,3.9004,9.6849,198.0,6.0,1.0,2.0,32.0,,,1.0,,,6.0,7.0,6.0,1.0,83.0,39.0,44.0,,1.0,,3.0,3.0,6.0,12.0,14.0,,2.0,167.0,7.0,1.0,,683.0,,,,,,,,,1.0,,29.0,11.0,56.0,,3.0,205.0,,,,,,,2.0,,3.0,7.0,9.0,6.0,13.0,1.0,10.0,0.0,10.0,22.0,,,,9.0,,30.0,26.0,377.0,218.0,569.0,10.0,15.0,5.0,,1.0,989.0,20.0,5.0,7.0,10.0,144.0,699.0,0.0,22.0,25.0,42.0,104.0,857.0,,4.0,4.0,3.0,1.0,1.0,14.0,25.0,90.0,3.0,1.0
Man_City_43,2014-15,20664,David Silva,Real Sociedad,Midfielder,Spain,42.0,25.0,17.0,32.0,4.0,4.0,399.0,21.0,3.0,,5.0,,30.0,24.0,,,365.0,206.0,159.0,9.5686,8.3329,0.362,10.5643,32.0213,682.0,28.0,4.0,4.0,32.0,,,7.0,,,12.0,32.0,26.0,6.0,323.0,181.0,142.0,2.0,,,8.0,12.0,12.0,21.0,86.0,,11.0,511.0,9.0,3.0,2.0,2116.0,,4.0,,,,,,,3.0,,74.0,28.0,188.0,,1.0,554.0,,,,,,,2.0,,12.0,9.0,18.0,12.0,27.0,3.0,32.0,0.0,15.0,,8.0,14.0,4.0,51.0,1.0,92.0,44.0,1414.0,439.0,1795.0,10.0,36.0,39.0,,8.0,2659.0,92.0,8.0,37.0,45.0,507.0,2146.0,0.0,45.0,46.0,209.0,307.0,2673.0,20.0,48.0,23.0,18.0,3.0,3.0,19.0,26.0,288.0,3.0,8.0
Man_City_43,2014-15,27789,Fernandinho,Manchester City,Midfielder,Brazil,77.0,34.0,43.0,33.0,,1.0,181.0,6.0,6.0,,5.0,,,7.0,,,398.0,203.0,195.0,3.3204,2.3147,,2.7386,31.7209,609.0,38.0,,,33.0,,,3.0,,,3.0,33.0,27.0,6.0,321.0,169.0,152.0,2.0,1.0,,2.0,5.0,3.0,60.0,27.0,,,475.0,1.0,2.0,,1710.0,,1.0,,,,,,,3.0,,56.0,34.0,202.0,,2.0,469.0,,,,,,,1.0,,5.0,1.0,9.0,3.0,8.0,2.0,25.0,0.0,13.0,8.0,,2.0,2.0,35.0,1.0,9.0,50.0,1005.0,531.0,1484.0,23.0,71.0,13.0,,3.0,2273.0,42.0,48.0,61.0,23.0,268.0,1734.0,0.0,17.0,94.0,36.0,200.0,2154.0,,4.0,4.0,5.0,8.0,2.0,34.0,45.0,166.0,1.0,7.0
Man_City_43,2014-15,14664,Yaya Touré,Manchester City,Midfielder,Cote d’Ivoire,68.0,31.0,37.0,29.0,6.0,6.0,243.0,25.0,5.0,,10.0,,,17.0,,,272.0,138.0,134.0,3.843,6.7998,0.4694,7.511,23.7083,730.0,18.0,,6.0,29.0,,,1.0,,,10.0,24.0,19.0,5.0,204.0,107.0,97.0,2.0,,3.0,4.0,12.0,8.0,16.0,32.0,,3.0,757.0,13.0,9.0,,2358.0,,7.0,,,,,2.0,2.0,2.0,,33.0,13.0,170.0,,7.0,682.0,,,,,,,5.0,,12.0,13.0,37.0,8.0,27.0,9.0,27.0,0.0,5.0,2.0,,3.0,3.0,51.0,,55.0,112.0,1447.0,700.0,2032.0,6.0,23.0,19.0,,3.0,2355.0,48.0,22.0,33.0,18.0,365.0,2412.0,0.0,64.0,29.0,85.0,268.0,2777.0,,3.0,3.0,10.0,7.0,,56.0,53.0,212.0,6.0,5.0
Man_City_43,2014-15,42544,Edin Dzeko,Fiorentina,Forward,Bosnia & Herzegovina,76.0,36.0,40.0,22.0,,3.0,109.0,11.0,2.0,,1.0,,,15.0,,,165.0,98.0,67.0,0.7381,4.1868,,4.6493,9.2323,76.0,4.0,1.0,,22.0,,,2.0,,,4.0,9.0,6.0,3.0,89.0,62.0,27.0,2.0,,1.0,1.0,8.0,9.0,5.0,9.0,,2.0,81.0,3.0,,6.0,357.0,,3.0,,,,,,,1.0,,18.0,9.0,31.0,,2.0,99.0,,,,,,,,,8.0,3.0,19.0,9.0,13.0,,11.0,0.0,10.0,11.0,,,,9.0,,32.0,8.0,204.0,77.0,273.0,2.0,8.0,1.0,,1.0,932.0,47.0,14.0,13.0,9.0,172.0,365.0,0.0,32.0,10.0,88.0,84.0,567.0,,9.0,9.0,17.0,3.0,4.0,6.0,11.0,78.0,1.0,1.0
Man_City_43,2014-15,37572,Sergio Agüero,Manchester City,Forward,Argentina,30.0,22.0,8.0,33.0,,13.0,232.0,33.0,,,5.0,,,31.0,,,344.0,202.0,142.0,4.8478,24.6233,,26.1681,30.304,162.0,5.0,1.0,,33.0,,,8.0,,,26.0,31.0,25.0,6.0,314.0,180.0,134.0,4.0,1.0,6.0,13.0,21.0,28.0,13.0,25.0,,7.0,210.0,12.0,8.0,33.0,806.0,,11.0,,,,,6.0,5.0,2.0,,25.0,7.0,77.0,,18.0,231.0,,,,,,,1.0,,21.0,12.0,53.0,28.0,62.0,8.0,30.0,0.0,12.0,3.0,,2.0,2.0,87.0,,51.0,17.0,614.0,101.0,696.0,4.0,18.0,4.0,,6.0,2539.0,151.0,2.0,18.0,25.0,364.0,835.0,0.0,115.0,22.0,264.0,122.0,1413.0,,14.0,14.0,62.0,,10.0,2.0,14.0,120.0,5.0,4.0
Man_City_43,2014-15,57001,Wilfried Bony,Swansea City U23,Forward,Cote d’Ivoire,136.0,68.0,68.0,30.0,1.0,5.0,194.0,20.0,4.0,,2.0,,,11.0,,,289.0,153.0,136.0,1.8298,7.4799,0.0916,8.9293,16.9552,146.0,5.0,1.0,1.0,30.0,,,3.0,,,11.0,18.0,17.0,1.0,153.0,85.0,68.0,4.0,,4.0,6.0,12.0,10.0,4.0,23.0,,,134.0,4.0,8.0,11.0,596.0,,1.0,,,,,1.0,1.0,2.0,,19.0,6.0,50.0,1.0,11.0,141.0,,,,,,,1.0,,12.0,4.0,34.0,10.0,35.0,8.0,18.0,0.0,11.0,12.0,,,,24.0,,79.0,14.0,330.0,147.0,463.0,,7.0,11.0,,,1598.0,58.0,36.0,38.0,38.0,243.0,615.0,1.0,69.0,7.0,91.0,138.0,944.0,,3.0,3.0,8.0,1.0,7.0,6.0,20.0,132.0,1.0,3.0
Man_City_43,2014-15,50442,Stevan Jovetic,Omonia Nicosia,Forward,Montenegro,19.0,12.0,7.0,17.0,,1.0,123.0,11.0,1.0,,,,3.0,9.0,,,124.0,72.0,52.0,1.6093,3.0966,,2.5598,6.3695,141.0,8.0,,,17.0,,,3.0,,,5.0,7.0,7.0,,105.0,60.0,45.0,2.0,,,4.0,7.0,4.0,8.0,12.0,,3.0,69.0,4.0,3.0,2.0,489.0,,4.0,,,,,,,,,28.0,8.0,37.0,,2.0,167.0,,,,,,,,,7.0,4.0,15.0,4.0,12.0,3.0,9.0,0.0,9.0,8.0,1.0,2.0,2.0,21.0,1.0,33.0,10.0,336.0,77.0,401.0,2.0,7.0,6.0,,1.0,787.0,29.0,3.0,16.0,15.0,145.0,500.0,0.0,27.0,9.0,58.0,89.0,669.0,1.0,8.0,7.0,12.0,1.0,1.0,5.0,4.0,84.0,2.0,0.0
Man_City_43,2014-15,171173,Thierry Ambrose,Kortrijk,Forward,Guadeloupe,,,,,,,,,,,,,,,,,,,,,,,,,,,,,,,,,,,,,,,,,,,,,,,,,,,,,,,,,,,,,,,,,,,,,,,,,,,,,,,,,,,,,,,,0.0,,,,,,,,,,,,,,,,,,,,,,,,,0.0,,,,,,,,,,,,,,,,0.0
Man_City_43,2014-15,114323,José Pozo,Rayo Vallecano,Midfielder,Spain,5.0,5.0,,3.0,,,10.0,1.0,,,,,,2.0,,,15.0,13.0,2.0,0.2322,0.4871,,0.4936,0.0806,2.0,,,,3.0,,,,,,,,,,10.0,8.0,2.0,1.0,,,,1.0,1.0,,2.0,,,5.0,,1.0,4.0,20.0,,,,,,,,,,,2.0,2.0,4.0,,,4.0,,,,,,,,,1.0,,,1.0,2.0,1.0,1.0,0.0,2.0,2.0,,,,,,2.0,,16.0,4.0,20.0,,,,,1.0,137.0,5.0,,2.0,2.0,11.0,21.0,0.0,2.0,,3.0,1.0,40.0,,1.0,1.0,1.0,,1.0,,,1.0,0.0,0.0
Man_Utd_1,2014-15,12496,Víctor Valdés,Middlesbrough,Goalkeeper,Spain,,,,2.0,,,,,,2.0,1.0,,,,1.0,1.0,,,,0.0004,,,,1.0055,46.0,,,,2.0,7.0,12.0,,14.0,,,1.0,1.0,,,,,,,,,,,,,,,8.0,,,,29.0,,,,,,,,,,,,,18.0,,,4.0,,7.0,2.0,5.0,2.0,2.0,,,,,,,,,1.0,0.0,,1.0,,,,,6.0,,12.0,5.0,20.0,13.0,,,,,,106.0,,1.0,,,34.0,58.0,0.0,,,,33.0,74.0,,,,,15.0,,33.0,7.0,,0.0,0.0
Man_Utd_1,2014-15,51940,David de Gea,Fiorentina,Goalkeeper,Spain,3.0,,3.0,37.0,,,,,,30.0,10.0,,,,1.0,,5.0,1.0,4.0,0.0524,,,,41.2084,716.0,,,,37.0,295.0,106.0,,253.0,4.0,,36.0,31.0,5.0,2.0,1.0,1.0,,,,,,,2.0,,,,173.0,,,,650.0,,,,,4.0,1.0,,,3.0,7.0,,,269.0,,,145.0,1.0,93.0,11.0,60.0,32.0,26.0,,,,,,,,,37.0,0.0,1.0,,,,,,133.0,,319.0,171.0,493.0,345.0,,,,,,3314.0,,20.0,,,373.0,1034.0,0.0,,,,370.0,1335.0,,,,,223.0,,366.0,77.0,4.0,0.0,0.0
Man_Utd_1,2014-15,39725,Anders Lindegaard,Burnley,Goalkeeper,Denmark,,,,,,,,,,,,,,,,,,,,,,,,,,,,,,,,,,,,,,,,,,,,,,,,,,,,,,,,,,,,,,,,,,,,,,,,,,,,,,,,,,,,,,,,0.0,,,,,,,,,,,,,,,,,,,,,,,,,0.0,,,,,,,,,,,,,,,,0.0
Man_Utd_1,2014-15,51922,Ben Amos,Port Vale,Goalkeeper,England,,,,,,,,,,,,,,,,,,,,,,,,,,,,,,,,,,,,,,,,,,,,,,,,,,,,,,,,,,,,,,,,,,,,,,,,,,,,,,,,,,,,,,,,0.0,,,,,,,,,,,,,,,,,,,,,,,,,0.0,,,,,,,,,,,,,,,,0.0
Man_Utd_1,2014-15,54772,Rafael,Botafogo,Defender,Brazil,12.0,7.0,5.0,10.0,,,53.0,,2.0,,,,,7.0,,,75.0,32.0,43.0,0.249,0.079,,,12.1988,117.0,4.0,,,10.0,,,1.0,,,,11.0,10.0,1.0,63.0,25.0,38.0,,,,,,,20.0,5.0,,,150.0,,,,328.0,,2.0,,1.0,,,,,3.0,,13.0,7.0,42.0,,,14.0,,,,,,,,,,,2.0,,,,6.0,0.0,1.0,4.0,,5.0,5.0,7.0,2.0,,12.0,151.0,135.0,269.0,6.0,15.0,,10.0,50.0,590.0,11.0,31.0,6.0,11.0,113.0,334.0,0.0,2.0,21.0,7.0,53.0,555.0,,21.0,21.0,8.0,11.0,,20.0,17.0,33.0,0.0,2.0
Man_Utd_1,2014-15,76359,Phil Jones,Manchester United,Defender,England,81.0,31.0,50.0,22.0,,,113.0,1.0,6.0,,5.0,,2.0,2.0,,,222.0,79.0,143.0,0.5622,0.2698,,0.1751,18.2061,413.0,14.0,,,22.0,,,,,,,18.0,15.0,3.0,141.0,48.0,93.0,,,,,1.0,1.0,70.0,5.0,2.0,,427.0,,,1.0,1148.0,,1.0,,1.0,,,,,1.0,,11.0,3.0,112.0,,,208.0,,,,,,,,,1.0,,1.0,1.0,1.0,,22.0,0.0,3.0,,1.0,1.0,,16.0,10.0,1.0,113.0,410.0,581.0,877.0,11.0,41.0,1.0,4.0,10.0,1879.0,9.0,165.0,26.0,29.0,197.0,1161.0,0.0,2.0,52.0,7.0,171.0,1560.0,1.0,4.0,3.0,4.0,38.0,,74.0,30.0,97.0,0.0,3.0
Man_Utd_1,2014-15,58893,Marcos Rojo,Boca Juniors,Defender,Argentina,108.0,51.0,57.0,22.0,,,93.0,4.0,8.0,,5.0,,,3.0,,,210.0,89.0,121.0,0.503,1.1256,,0.6948,23.0799,557.0,12.0,,,22.0,,,,,,,19.0,17.0,2.0,102.0,38.0,64.0,1.0,,,,1.0,1.0,56.0,10.0,,,155.0,3.0,2.0,1.0,1304.0,,,,,,,,,2.0,,29.0,9.0,120.0,,,519.0,,,,,,,,,1.0,3.0,9.0,1.0,3.0,2.0,20.0,0.0,3.0,2.0,,5.0,5.0,7.0,20.0,1.0,118.0,483.0,653.0,1013.0,17.0,36.0,2.0,8.0,59.0,1764.0,6.0,139.0,24.0,4.0,230.0,1324.0,0.0,12.0,53.0,17.0,193.0,1727.0,,8.0,8.0,2.0,54.0,,95.0,41.0,98.0,0.0,6.0
Man_Utd_1,2014-15,37642,Jonny Evans,Manchester United,Defender,Northern Ireland,36.0,12.0,24.0,14.0,,,64.0,1.0,5.0,,5.0,1.0,,,,,101.0,31.0,70.0,0.2363,0.0386,,,13.5327,320.0,3.0,,,14.0,,,,,,,7.0,6.0,1.0,65.0,19.0,46.0,,,,,,,25.0,1.0,,,183.0,1.0,,,821.0,,,,,,,,,1.0,,12.0,3.0,70.0,,,271.0,,,,,,,,,,1.0,,,,,12.0,0.0,3.0,2.0,,,,6.0,11.0,,67.0,266.0,446.0,645.0,10.0,22.0,1.0,1.0,1.0,1091.0,6.0,70.0,7.0,9.0,140.0,838.0,0.0,,32.0,2.0,126.0,1012.0,,4.0,4.0,3.0,43.0,,73.0,42.0,53.0,0.0,1.0
Man_Utd_1,2014-15,55909,Chris Smalling,Roma,Defender,England,105.0,35.0,70.0,25.0,,0.0,101.0,5.0,16.0,,5.0,,,5.0,,,207.0,75.0,132.0,0.9304,1.7784,,1.5737,23.7201,327.0,10.0,,,25.0,,,,,,4.0,23.0,19.0,4.0,102.0,40.0,62.0,,3.0,,4.0,5.0,2.0,58.0,5.0,1.0,,474.0,,,,1173.0,,1.0,,,,,,,2.0,,21.0,12.0,131.0,1.0,1.0,298.0,,,,,,,,,5.0,,6.0,2.0,6.0,,21.0,0.0,3.0,4.0,,1.0,1.0,16.0,11.0,2.0,111.0,381.0,683.0,952.0,13.0,23.0,1.0,,3.0,1879.0,11.0,156.0,24.0,11.0,157.0,1200.0,1.0,12.0,36.0,30.0,137.0,1568.0,,3.0,3.0,3.0,39.0,,71.0,39.0,66.0,2.0,1.0
Man_Utd_1,2014-15,58877,Daley Blind,Girona,Defender,Netherlands,70.0,38.0,32.0,25.0,,2.0,174.0,11.0,2.0,,7.0,,,6.0,,,216.0,109.0,107.0,1.9293,1.0255,,1.9056,26.1842,451.0,19.0,1.0,,25.0,,,2.0,,,2.0,27.0,25.0,2.0,146.0,71.0,75.0,,,1.0,0.0,3.0,1.0,81.0,15.0,,2.0,385.0,8.0,6.0,1.0,1547.0,,,,,,,,,2.0,,42.0,27.0,126.0,,,573.0,,,,,,,,,3.0,8.0,8.0,1.0,9.0,6.0,25.0,0.0,3.0,,,1.0,1.0,7.0,5.0,8.0,102.0,777.0,613.0,1287.0,15.0,43.0,4.0,12.0,69.0,2171.0,19.0,62.0,25.0,11.0,261.0,1583.0,0.0,17.0,58.0,21.0,194.0,2016.0,,20.0,20.0,6.0,21.0,1.0,50.0,41.0,144.0,0.0,4.0
Man_Utd_1,2014-15,106760,Luke Shaw,Manchester United,Defender,England,46.0,17.0,29.0,16.0,,,136.0,,2.0,,1.0,,,10.0,,,122.0,48.0,74.0,1.1562,0.145,,0.2784,14.4638,142.0,6.0,,,16.0,,,,,,,14.0,13.0,1.0,76.0,31.0,45.0,1.0,,,,,1.0,12.0,14.0,,,31.0,,,1.0,533.0,,3.0,,1.0,,,,,,,21.0,9.0,42.0,1.0,,232.0,,,,,,,,,,,2.0,1.0,1.0,,15.0,0.0,7.0,1.0,,7.0,7.0,11.0,2.0,1.0,21.0,266.0,208.0,446.0,4.0,19.0,2.0,11.0,92.0,1126.0,15.0,56.0,12.0,15.0,144.0,541.0,1.0,3.0,23.0,15.0,74.0,856.0,,36.0,36.0,13.0,16.0,,24.0,23.0,50.0,0.0,1.0
Man_Utd_1,2014-15,20695,Antonio Valencia,Manchester United,Defender,Ecuador,57.0,31.0,26.0,32.0,,,352.0,2.0,7.0,,8.0,,,19.0,,,311.0,126.0,185.0,2.1607,0.2074,,0.2914,28.192,500.0,26.0,,,32.0,,,2.0,,,,21.0,18.0,3.0,254.0,95.0,159.0,1.0,,,,1.0,2.0,57.0,24.0,1.0,,726.0,1.0,1.0,3.0,1661.0,,6.0,,,,,,,,,64.0,35.0,181.0,,,97.0,,,,,,,,,1.0,1.0,1.0,2.0,3.0,1.0,29.0,0.0,6.0,3.0,,23.0,23.0,42.0,8.0,5.0,80.0,937.0,585.0,1419.0,26.0,69.0,,21.0,244.0,2583.0,41.0,51.0,38.0,23.0,368.0,1675.0,0.0,4.0,95.0,56.0,176.0,2483.0,,97.0,97.0,30.0,34.0,,50.0,45.0,126.0,0.0,4.0
Man_Utd_1,2014-15,160817,Paddy McNair,Hull City,Defender,Northern Ireland,30.0,13.0,17.0,16.0,,,82.0,1.0,4.0,,,,,2.0,,,86.0,38.0,48.0,0.2185,0.164,,0.1956,16.3211,190.0,3.0,,,16.0,,,,,,,14.0,13.0,1.0,56.0,25.0,31.0,,,,,,,26.0,5.0,,,233.0,1.0,2.0,1.0,673.0,,1.0,,,,,,,1.0,,21.0,10.0,51.0,,,182.0,,,,,,,,,,1.0,1.0,,2.0,2.0,12.0,0.0,5.0,4.0,,1.0,1.0,4.0,5.0,,51.0,211.0,386.0,545.0,8.0,15.0,,,14.0,1026.0,6.0,71.0,8.0,5.0,111.0,687.0,0.0,3.0,23.0,2.0,91.0,884.0,,2.0,2.0,1.0,35.0,,47.0,32.0,44.0,0.0,2.0
Man_Utd_1,2014-15,106612,Tom Thorpe,Bolton Wanderers,Defender,England,,,,1.0,,,,,,,,,,,,,,,,,,,,,,,,,1.0,,,,,,,,,,,,,,,,,,,,,,,,,,,,,,,,,,,,,,,,,,,,,,,,,,,,,,,,,,,0.0,,1.0,,,,,,,,,,,,,,,,1.0,,,,,,,0.0,,,,,,,,,,,,,,,0.0,0.0
Man_Utd_1,2014-15,161076,Reece James,Rotherham United,Defender,England,,,,,,,,,,,,,,,,,,,,,,,,,,,,,,,,,,,,,,,,,,,,,,,,,,,,,,,,,,,,,,,,,,,,,,,,,,,,,,,,,,,,,,,,0.0,,,,,,,,,,,,,,,,,,,,,,,,,0.0,,,,,,,,,,,,,,,,0.0
Man_Utd_1,2014-15,112133,Tyler Blackett,Rotherham United,Defender,England,18.0,5.0,13.0,11.0,,,22.0,,1.0,,2.0,,,1.0,,,55.0,23.0,32.0,0.099,,,,9.438,198.0,7.0,,,11.0,,,,,,,10.0,8.0,2.0,37.0,18.0,19.0,,,,,,,19.0,,,,66.0,,,,440.0,,,1.0,1.0,,,,,1.0,,5.0,1.0,45.0,,,167.0,,,,,,,,,,,,,,,6.0,1.0,,5.0,,1.0,1.0,6.0,5.0,,40.0,144.0,241.0,344.0,1.0,9.0,,3.0,5.0,650.0,3.0,44.0,10.0,3.0,81.0,453.0,1.0,,10.0,,69.0,563.0,,3.0,3.0,2.0,20.0,,44.0,15.0,25.0,0.0,3.0
Man_Utd_1,2014-15,38530,Nani,Melbourne Victory,Midfielder,Portugal,1.0,1.0,,1.0,,,5.0,,,,,,,,,,7.0,4.0,3.0,0.1075,,,,0.1888,3.0,,,,1.0,,,,,,,1.0,1.0,,6.0,3.0,3.0,,,,,,,,,,,3.0,,,,16.0,,,,,,,,,,,,,2.0,,,5.0,,,,,,,,,,,,,,,,0.0,,1.0,,1.0,1.0,2.0,,,,12.0,4.0,15.0,,,,,1.0,45.0,3.0,,,1.0,7.0,16.0,0.0,,,,1.0,27.0,,3.0,3.0,1.0,,,,,1.0,0.0,0.0
Man_Utd_1,2014-15,46497,Ángel Di María,Benfica,Midfielder,Argentina,3.0,3.0,,27.0,7.0,1.0,170.0,22.0,1.0,,,,65.0,39.0,,,198.0,117.0,81.0,4.1372,2.984,0.3477,2.4104,21.7581,251.0,4.0,1.0,7.0,27.0,,,10.0,,,3.0,20.0,18.0,2.0,195.0,114.0,81.0,1.0,,,2.0,6.0,5.0,17.0,41.0,,2.0,180.0,16.0,10.0,5.0,817.0,,10.0,,,,,,,1.0,,50.0,21.0,97.0,,1.0,243.0,,,,,,,,1.0,6.0,16.0,21.0,5.0,18.0,10.0,20.0,0.0,13.0,7.0,15.0,41.0,23.0,45.0,1.0,35.0,67.0,500.0,198.0,590.0,3.0,11.0,20.0,1.0,15.0,1642.0,96.0,2.0,5.0,22.0,493.0,844.0,0.0,39.0,14.0,72.0,187.0,1402.0,38.0,159.0,106.0,64.0,1.0,,51.0,31.0,136.0,1.0,1.0
Man_Utd_1,2014-15,43670,Juan Mata,Manchester United,Midfielder,Spain,9.0,7.0,2.0,33.0,6.0,4.0,347.0,8.0,1.0,,3.0,,49.0,6.0,,,218.0,131.0,87.0,4.5033,6.591,0.4193,6.6349,26.694,256.0,18.0,,6.0,33.0,,,4.0,,,9.0,25.0,21.0,4.0,209.0,124.0,85.0,2.0,1.0,2.0,5.0,4.0,1.0,23.0,47.0,,7.0,522.0,4.0,2.0,6.0,1425.0,,4.0,,,,,1.0,1.0,2.0,,35.0,13.0,136.0,,1.0,326.0,,,,,,,1.0,1.0,4.0,4.0,13.0,1.0,12.0,2.0,27.0,0.0,12.0,6.0,12.0,24.0,10.0,21.0,1.0,115.0,107.0,886.0,436.0,1191.0,5.0,24.0,12.0,,9.0,2307.0,56.0,5.0,27.0,36.0,327.0,1451.0,0.0,25.0,29.0,69.0,153.0,1832.0,30.0,83.0,36.0,16.0,5.0,1.0,28.0,20.0,125.0,4.0,2.0
Man_Utd_1,2014-15,109322,Jesse Lingard,Seoul,Midfielder,England,,,,1.0,,,5.0,,,,,,,,,,3.0,1.0,2.0,0.0052,,,,0.3196,3.0,1.0,,,1.0,,,,,,,,,,3.0,1.0,2.0,,,,,,,1.0,,,,5.0,,,,13.0,,,,,,,,,,,3.0,1.0,1.0,,,,,,,,,,,,,,,,,,1.0,0.0,1.0,,,,,,,1.0,,8.0,1.0,9.0,,1.0,,,7.0,24.0,,,1.0,1.0,8.0,13.0,0.0,,1.0,,4.0,29.0,,3.0,3.0,,,,,1.0,4.0,0.0,0.0
Man_Utd_1,2014-15,154976,Adnan Januzaj,Sevilla,Midfielder,Belgium,23.0,14.0,9.0,18.0,,,87.0,7.0,1.0,,,,5.0,15.0,,,144.0,80.0,64.0,0.7782,1.3408,,1.2003,12.301,73.0,5.0,,,18.0,,,,,,,10.0,8.0,2.0,121.0,66.0,55.0,,,,,4.0,4.0,8.0,15.0,,,92.0,3.0,1.0,1.0,312.0,,12.0,,,,,,,1.0,,20.0,7.0,43.0,,,68.0,,,,,,,,,4.0,3.0,13.0,4.0,5.0,1.0,7.0,0.0,3.0,11.0,,7.0,7.0,21.0,,7.0,11.0,205.0,64.0,251.0,2.0,9.0,1.0,1.0,6.0,850.0,50.0,8.0,13.0,23.0,181.0,320.0,0.0,18.0,11.0,43.0,58.0,567.0,1.0,34.0,33.0,32.0,,1.0,8.0,6.0,50.0,0.0,0.0
Man_Utd_1,2014-15,2404,Michael Carrick,Manchester United,Midfielder,England,24.0,10.0,14.0,18.0,,0.0,89.0,4.0,10.0,,5.0,,,5.0,,,80.0,30.0,50.0,1.2695,0.3714,,0.7963,14.0518,325.0,4.0,,,18.0,,,2.0,,,1.0,10.0,8.0,2.0,56.0,20.0,36.0,1.0,1.0,,1.0,2.0,1.0,31.0,6.0,,,365.0,2.0,2.0,,1062.0,,,,,,,,,,,14.0,4.0,94.0,,,310.0,,,,,,,,,2.0,2.0,,1.0,4.0,2.0,16.0,0.0,2.0,2.0,,,,2.0,,8.0,107.0,497.0,479.0,869.0,6.0,19.0,2.0,,3.0,1454.0,2.0,36.0,8.0,10.0,130.0,1089.0,0.0,4.0,25.0,13.0,113.0,1238.0,,,,1.0,10.0,,27.0,35.0,86.0,0.0,1.0
Man_Utd_1,2014-15,18892,Ashley Young,Everton,Defender,England,37.0,19.0,18.0,26.0,,1.0,252.0,14.0,3.0,,7.0,1.0,33.0,33.0,,,226.0,99.0,127.0,3.9643,2.9337,,3.8778,22.5652,229.0,10.0,,,26.0,,,5.0,,,2.0,18.0,15.0,3.0,189.0,80.0,109.0,2.0,,1.0,1.0,9.0,2.0,40.0,29.0,,,59.0,5.0,3.0,2.0,845.0,,8.0,,,,,,,1.0,,48.0,18.0,100.0,,2.0,328.0,,,,,,,2.0,,9.0,5.0,8.0,2.0,7.0,3.0,23.0,0.0,6.0,3.0,13.0,44.0,29.0,38.0,4.0,13.0,57.0,442.0,304.0,645.0,14.0,31.0,3.0,8.0,101.0,2068.0,51.0,27.0,24.0,27.0,389.0,868.0,0.0,15.0,45.0,62.0,166.0,1483.0,13.0,125.0,106.0,35.0,19.0,1.0,44.0,27.0,122.0,1.0,5.0
Man_Utd_1,2014-15,59846,Ander Herrera,Boca Juniors,Midfielder,Spain,24.0,12.0,12.0,26.0,,2.0,269.0,13.0,8.0,,5.0,1.0,,10.0,,,251.0,101.0,150.0,2.5722,2.0433,,2.0107,20.0037,336.0,22.0,,,26.0,,,4.0,,,6.0,23.0,19.0,4.0,227.0,89.0,138.0,,,,4.0,4.0,1.0,51.0,22.0,,2.0,407.0,9.0,,2.0,1537.0,,3.0,,,,,,,2.0,,47.0,25.0,132.0,,4.0,542.0,,,,,,,,,4.0,9.0,17.0,1.0,7.0,,19.0,0.0,5.0,7.0,,9.0,9.0,26.0,3.0,67.0,78.0,876.0,519.0,1308.0,28.0,45.0,14.0,,5.0,1868.0,33.0,22.0,30.0,39.0,233.0,1554.0,0.0,24.0,73.0,40.0,168.0,1929.0,,8.0,8.0,8.0,14.0,,37.0,34.0,131.0,0.0,6.0
Man_Utd_1,2014-15,82205,Nick Powell,Bradford City,Midfielder,England,6.0,4.0,2.0,3.0,,,3.0,,,,,,1.0,,,,10.0,6.0,4.0,0.0124,0.0655,,,1.1027,5.0,,,,3.0,,,,,,,1.0,1.0,,4.0,2.0,2.0,,,,,,,,,,,5.0,,,,14.0,,,,,,,,,,,1.0,,,,,3.0,,,,,,,,,,,2.0,,,,,0.0,,3.0,,,,1.0,,,1.0,10.0,3.0,12.0,,,,,,40.0,1.0,1.0,,1.0,7.0,16.0,0.0,2.0,,1.0,3.0,25.0,1.0,1.0,,1.0,,,1.0,,2.0,0.0,0.0
Man_Utd_1,2014-15,43250,Tom Cleverley,Watford,Midfielder,England,42.0,29.0,13.0,32.0,,1.0,326.0,7.0,3.0,,4.0,,9.0,10.0,,,264.0,133.0,131.0,1.1475,1.8083,,1.6641,37.3794,363.0,24.0,,,32.0,,,,,,3.0,45.0,38.0,7.0,222.0,104.0,118.0,1.0,,,2.0,4.0,2.0,28.0,27.0,,,398.0,3.0,4.0,,1470.0,,1.0,,,,,,,2.0,,45.0,27.0,154.0,,3.0,409.0,,,,,,,1.0,,4.0,3.0,8.0,2.0,9.0,4.0,32.0,0.0,13.0,,2.0,14.0,10.0,11.0,4.0,78.0,73.0,815.0,493.0,1221.0,16.0,60.0,1.0,1.0,16.0,2610.0,37.0,23.0,32.0,32.0,324.0,1496.0,0.0,17.0,76.0,30.0,202.0,1896.0,6.0,55.0,42.0,9.0,21.0,3.0,67.0,42.0,135.0,2.0,7.0
Man_Utd_1,2014-15,41184,Marouane Fellaini,Manchester United,Midfielder,Belgium,187.0,76.0,111.0,27.0,,3.0,246.0,6.0,10.0,,3.0,,,9.0,,,413.0,204.0,209.0,1.971,4.262,,4.5933,21.1321,230.0,24.0,,,27.0,,,,,,6.0,17.0,14.0,3.0,226.0,128.0,98.0,8.0,3.0,,3.0,3.0,10.0,25.0,21.0,,1.0,337.0,3.0,1.0,14.0,1103.0,,2.0,,,,,,,,,32.0,9.0,121.0,,2.0,301.0,,,,,,,1.0,,3.0,3.0,13.0,10.0,17.0,1.0,19.0,1.0,5.0,8.0,,5.0,5.0,13.0,,54.0,29.0,574.0,375.0,915.0,9.0,48.0,,2.0,7.0,1830.0,52.0,55.0,61.0,30.0,262.0,1114.0,1.0,30.0,57.0,88.0,170.0,1473.0,,9.0,9.0,14.0,5.0,3.0,14.0,30.0,156.0,3.0,5.0
Man_Utd_1,2014-15,156689,Andreas Pereira,Fulham,Midfielder,Brazil,,,,1.0,,,,,,,,,,,,,6.0,4.0,2.0,,,,,0.2529,1.0,1.0,,,1.0,,,,,,,,,,6.0,4.0,2.0,,,,,,,1.0,,,,5.0,,,,6.0,,,,,,,,,,,,,2.0,,,,,,,,,,,,,,,,,,,0.0,,1.0,,,,1.0,,,,,3.0,3.0,,1.0,,,,13.0,2.0,,1.0,,5.0,6.0,0.0,,1.0,,3.0,13.0,,,,1.0,1.0,,1.0,1.0,2.0,0.0,0.0
Man_Utd_1,2014-15,48847,Radamel Falcao,Millonarios,Forward,Colombia,71.0,51.0,20.0,26.0,1.0,2.0,136.0,8.0,2.0,,2.0,1.0,,7.0,,,197.0,129.0,68.0,1.7925,6.5281,0.0642,4.5198,16.4984,51.0,5.0,1.0,1.0,26.0,,,4.0,,,4.0,15.0,14.0,1.0,126.0,78.0,48.0,1.0,1.0,2.0,2.0,5.0,11.0,7.0,14.0,,2.0,99.0,3.0,1.0,15.0,372.0,,4.0,,,,,,,1.0,,12.0,7.0,44.0,,1.0,112.0,,,,,,,,,5.0,3.0,13.0,11.0,16.0,1.0,14.0,0.0,10.0,12.0,,2.0,2.0,13.0,,43.0,4.0,248.0,96.0,338.0,1.0,9.0,3.0,,1.0,1286.0,56.0,9.0,21.0,25.0,167.0,398.0,0.0,29.0,10.0,67.0,56.0,640.0,,2.0,2.0,11.0,1.0,4.0,3.0,9.0,53.0,2.0,2.0
Man_Utd_1,2014-15,13017,Wayne Rooney,Derby County,Forward,England,113.0,72.0,41.0,33.0,10.0,1.0,383.0,26.0,4.0,,9.0,,49.0,20.0,,,355.0,216.0,139.0,3.462,8.7729,0.733,10.7952,32.8127,248.0,24.0,,10.0,33.0,,,5.0,,,12.0,30.0,28.0,2.0,242.0,144.0,98.0,,1.0,2.0,11.0,12.0,7.0,29.0,40.0,,1.0,431.0,14.0,8.0,14.0,1620.0,,8.0,,,,,2.0,1.0,3.0,,60.0,23.0,163.0,,10.0,599.0,,,,,,,4.0,,12.0,14.0,26.0,7.0,27.0,8.0,33.0,1.0,4.0,,12.0,20.0,4.0,38.0,,141.0,170.0,940.0,487.0,1237.0,6.0,30.0,14.0,,11.0,2876.0,87.0,45.0,36.0,24.0,462.0,1661.0,1.0,53.0,36.0,97.0,254.0,2203.0,35.0,63.0,18.0,24.0,6.0,7.0,56.0,48.0,198.0,5.0,5.0
Man_Utd_1,2014-15,43020,Chicharito,Guadalajara,Forward,Mexico,3.0,3.0,,1.0,,,2.0,,,,,,,,,,8.0,6.0,2.0,0.0212,,,,0.8408,1.0,,,,1.0,,,,,,,1.0,,1.0,5.0,3.0,2.0,1.0,,,,,,1.0,1.0,,,4.0,,,,9.0,,,,,,,,,,,,,1.0,,,3.0,,,,,,,,,,,,,,,1.0,0.0,1.0,,,,,1.0,,,,9.0,,9.0,,,,,,45.0,1.0,,2.0,1.0,2.0,10.0,0.0,,,1.0,1.0,14.0,,,,,,,,,1.0,0.0,0.0
Man_Utd_1,2014-15,112139,James Wilson,Northampton Town,Forward,England,19.0,11.0,8.0,13.0,,1.0,47.0,,1.0,,,,,2.0,,,55.0,35.0,20.0,0.0938,1.1021,,1.6494,6.2925,15.0,3.0,,,13.0,,,,,,1.0,3.0,1.0,2.0,36.0,24.0,12.0,,,,0.0,,2.0,4.0,1.0,,,25.0,,1.0,,95.0,,2.0,,,,,,,1.0,,5.0,2.0,15.0,,1.0,11.0,,,,,,,,,,,4.0,2.0,4.0,1.0,2.0,0.0,2.0,11.0,,,,6.0,,11.0,1.0,51.0,24.0,74.0,,3.0,,,,348.0,17.0,5.0,4.0,4.0,52.0,98.0,0.0,8.0,3.0,19.0,23.0,167.0,,1.0,1.0,7.0,,1.0,1.0,3.0,22.0,0.0,3.0
Man_Utd_1,2014-15,12297,Robin van Persie,Feyenoord,Forward,Netherlands,98.0,66.0,32.0,27.0,1.0,3.0,162.0,10.0,2.0,,4.0,1.0,7.0,11.0,,,264.0,167.0,97.0,2.3292,10.9431,0.0612,12.7592,30.3081,91.0,12.0,,1.0,27.0,,,2.0,,,10.0,23.0,21.0,2.0,166.0,101.0,65.0,1.0,2.0,3.0,7.0,9.0,23.0,6.0,25.0,,6.0,185.0,1.0,4.0,20.0,522.0,,2.0,,,,,2.0,1.0,3.0,,9.0,7.0,52.0,,2.0,109.0,,,,,,,1.0,,9.0,1.0,29.0,23.0,37.0,4.0,25.0,0.0,8.0,2.0,2.0,4.0,2.0,21.0,,37.0,16.0,340.0,130.0,450.0,3.0,15.0,7.0,,2.0,2114.0,61.0,31.0,34.0,26.0,194.0,547.0,0.0,66.0,18.0,129.0,81.0,868.0,5.0,13.0,8.0,21.0,1.0,5.0,7.0,15.0,74.0,2.0,5.0
Man_Utd_1,2014-15,91126,Will Keane,Reading,Forward,Ireland,,,,,,,,,,,,,,,,,,,,,,,,,,,,,,,,,,,,,,,,,,,,,,,,,,,,,,,,,,,,,,,,,,,,,,,,,,,,,,,,,,,,,,,,0.0,,,,,,,,,,,,,,,,,,,,,,,,,0.0,,,,,,,,,,,,,,,,0.0
Newcastle_4,2014-15,20480,Tim Krul,Luton Town,Goalkeeper,Netherlands,8.0,2.0,6.0,30.0,,0.0,,,,36.0,8.0,,,1.0,3.0,3.0,16.0,6.0,10.0,0.1006,,,,46.2335,813.0,,,,30.0,227.0,122.0,1.0,225.0,12.0,,47.0,40.0,7.0,8.0,4.0,4.0,,,,0.0,,,,,,,59.0,,,,456.0,,,,,3.0,,,,3.0,11.0,4.0,2.0,278.0,,,64.0,,83.0,20.0,49.0,34.0,21.0,,,,,,,,,30.0,0.0,,,,,,,138.0,,272.0,207.0,240.0,175.0,,,,,,2700.0,,20.0,,6.0,492.0,936.0,0.0,,,,489.0,1227.0,,,,,309.0,,485.0,75.0,4.0,0.0,1.0
Newcastle_4,2014-15,19838,Robert Elliot,Gateshead,Goalkeeper,Ireland,1.0,,1.0,3.0,,0.0,,,,2.0,,,,,,,1.0,,1.0,0.0044,,,,2.3016,78.0,,,,3.0,19.0,18.0,,26.0,,,2.0,1.0,1.0,,,,,,,0.0,,,,1.0,,,3.0,,,,33.0,,,,,,,,,,,,,25.0,,,2.0,,5.0,,3.0,2.0,3.0,,,,,,,,,3.0,0.0,1.0,,,,,,8.0,,24.0,21.0,12.0,9.0,,,,,,225.0,,1.0,,1.0,52.0,83.0,0.0,,,,50.0,104.0,,,,,29.0,,49.0,9.0,1.0,0.0,0.0
Newcastle_4,2014-15,106256,Jak Alnwick,Huddersfield Town,Goalkeeper,England,2.0,,2.0,6.0,,0.0,,,,11.0,,,,,3.0,1.0,3.0,1.0,2.0,0.005,,,,10.0004,151.0,,,,6.0,40.0,34.0,,55.0,3.0,,14.0,14.0,,1.0,1.0,,,,,0.0,,,,,,,7.0,,,,68.0,,,,,1.0,,,,1.0,10.0,,,54.0,,,11.0,,10.0,5.0,6.0,4.0,1.0,,,,,,,,,5.0,0.0,,1.0,,,,,20.0,,38.0,33.0,28.0,23.0,,,,,,495.0,,12.0,,1.0,108.0,169.0,0.0,,,,108.0,228.0,,,,,61.0,,108.0,9.0,,0.0,0.0
Newcastle_4,2014-15,155503,Freddie Woodman,Liverpool,Goalkeeper,England,,,,,,,,,,,,,,,,,,,,,,,,,,,,,,,,,,,,,,,,,,,,,,,,,,,,,,,,,,,,,,,,,,,,,,,,,,,,,,,,,,,,,,,,0.0,,,,,,,,,,,,,,,,,,,,,,,,,0.0,,,,,,,,,,,,,,,,0.0
Newcastle_4,2014-15,7933,Fabricio Coloccini,Newcastle United,Defender,Argentina,107.0,50.0,57.0,32.0,,1.0,71.0,4.0,19.0,,6.0,2.0,,5.0,,,220.0,90.0,130.0,0.8418,1.0442,,0.9129,51.005,412.0,5.0,,,32.0,,,,,,1.0,55.0,49.0,6.0,113.0,40.0,73.0,1.0,1.0,,0.0,2.0,1.0,68.0,2.0,1.0,,232.0,2.0,,,1013.0,,,,,,,,,4.0,,33.0,25.0,163.0,,,336.0,,,,,,,,,2.0,2.0,3.0,1.0,2.0,,32.0,1.0,1.0,,,1.0,1.0,3.0,7.0,,84.0,231.0,663.0,809.0,13.0,49.0,2.0,,2.0,2837.0,10.0,169.0,14.0,8.0,179.0,1051.0,1.0,5.0,62.0,18.0,158.0,1468.0,,3.0,3.0,2.0,38.0,,75.0,44.0,83.0,0.0,3.0
Newcastle_4,2014-15,106618,Paul Dummett,Newcastle United,Defender,Wales,139.0,51.0,88.0,25.0,1.0,0.0,78.0,2.0,11.0,,5.0,,,12.0,,,216.0,76.0,140.0,0.8454,1.3627,0.0907,0.2632,28.8677,431.0,8.0,,1.0,25.0,,,,,,,34.0,31.0,3.0,77.0,25.0,52.0,,,,0.0,,3.0,32.0,15.0,1.0,,71.0,2.0,1.0,,828.0,,2.0,1.0,1.0,,,,,2.0,,36.0,16.0,71.0,,,265.0,,,,,,,,,,2.0,12.0,3.0,4.0,1.0,24.0,0.0,3.0,1.0,,3.0,3.0,2.0,18.0,1.0,52.0,259.0,373.0,577.0,6.0,31.0,,25.0,145.0,2109.0,4.0,164.0,13.0,17.0,284.0,845.0,0.0,16.0,37.0,27.0,216.0,1387.0,,29.0,29.0,3.0,66.0,,103.0,53.0,113.0,0.0,4.0
Newcastle_4,2014-15,14775,Ryan Taylor,Fleetwood Town,Defender,England,32.0,18.0,14.0,14.0,9.0,0.0,62.0,4.0,5.0,,,1.0,66.0,11.0,,,111.0,53.0,58.0,1.2265,0.807,0.6133,0.9992,18.9132,209.0,4.0,,9.0,14.0,,,1.0,,,,20.0,15.0,5.0,79.0,35.0,44.0,,,,0.0,,,23.0,13.0,,,115.0,4.0,6.0,,413.0,,,,,,,,,2.0,,27.0,15.0,75.0,,,69.0,,,,,,,1.0,,,4.0,6.0,,6.0,6.0,11.0,0.0,4.0,3.0,13.0,25.0,3.0,4.0,8.0,2.0,34.0,190.0,163.0,294.0,4.0,22.0,2.0,19.0,39.0,907.0,9.0,45.0,8.0,15.0,243.0,455.0,0.0,12.0,26.0,2.0,127.0,793.0,50.0,77.0,10.0,5.0,36.0,,53.0,33.0,74.0,0.0,3.0
Newcastle_4,2014-15,11378,Mike Williamson,Gateshead,Defender,England,161.0,63.0,98.0,31.0,,0.0,84.0,2.0,18.0,,4.0,,,4.0,,,248.0,98.0,150.0,1.2185,1.843,,1.2729,49.363,441.0,10.0,,,31.0,,,1.0,,,1.0,52.0,45.0,7.0,87.0,35.0,52.0,,,,1.0,1.0,2.0,42.0,5.0,2.0,1.0,277.0,1.0,,,945.0,,,,,,,,,4.0,,19.0,13.0,90.0,2.0,,156.0,,,,,,,,,1.0,1.0,5.0,2.0,3.0,,27.0,0.0,1.0,4.0,,,,5.0,11.0,,41.0,155.0,607.0,721.0,8.0,25.0,,,5.0,2415.0,4.0,180.0,17.0,17.0,211.0,958.0,2.0,8.0,33.0,32.0,196.0,1311.0,,4.0,4.0,,64.0,,105.0,40.0,91.0,0.0,5.0
Newcastle_4,2014-15,92170,Massadio Haïdara,Brest,Defender,Mali,41.0,23.0,18.0,15.0,,0.0,62.0,2.0,3.0,,3.0,,1.0,10.0,,,157.0,71.0,86.0,0.3112,0.1246,,0.0555,18.919,209.0,6.0,,,15.0,,,1.0,,,,19.0,17.0,2.0,116.0,48.0,68.0,,,,0.0,,,34.0,7.0,,,35.0,2.0,1.0,1.0,448.0,,2.0,,,,,,,1.0,,25.0,17.0,83.0,,,153.0,,,,,,,,,,2.0,4.0,,1.0,1.0,12.0,0.0,1.0,3.0,,6.0,6.0,17.0,6.0,,11.0,188.0,177.0,348.0,7.0,21.0,1.0,16.0,121.0,1099.0,33.0,47.0,12.0,23.0,202.0,459.0,0.0,5.0,28.0,4.0,100.0,883.0,,31.0,31.0,18.0,20.0,,38.0,32.0,62.0,0.0,0.0
Newcastle_4,2014-15,52940,Daryl Janmaat,Watford,Defender,Netherlands,74.0,40.0,34.0,37.0,,0.0,209.0,11.0,7.0,,8.0,,,16.0,,,332.0,149.0,183.0,2.1709,1.6327,,1.023,54.3901,657.0,20.0,,,37.0,,,6.0,,,1.0,60.0,52.0,8.0,258.0,109.0,149.0,2.0,,,1.0,7.0,1.0,78.0,25.0,1.0,1.0,482.0,4.0,4.0,2.0,1391.0,,6.0,,,,,,,4.0,,62.0,26.0,179.0,1.0,,62.0,,,,,,,,,7.0,4.0,18.0,1.0,6.0,4.0,37.0,0.0,4.0,,,24.0,24.0,28.0,19.0,3.0,77.0,528.0,545.0,972.0,26.0,77.0,2.0,39.0,324.0,3254.0,51.0,96.0,31.0,20.0,574.0,1410.0,1.0,24.0,103.0,42.0,361.0,2405.0,,93.0,93.0,30.0,83.0,,145.0,71.0,216.0,0.0,6.0
Newcastle_4,2014-15,17974,Steven Taylor,Peterborough United,Defender,England,25.0,7.0,18.0,10.0,,0.0,20.0,,11.0,,2.0,,,,,,46.0,16.0,30.0,0.0292,0.6399,,0.6636,6.6988,101.0,3.0,,,10.0,,,,,,1.0,6.0,6.0,,21.0,9.0,12.0,,1.0,,1.0,,,8.0,,,,74.0,,,1.0,229.0,,,,,,,,,,,2.0,,20.0,1.0,,36.0,,,,,,,,,,,4.0,,1.0,,7.0,0.0,1.0,3.0,,,,2.0,5.0,,14.0,48.0,155.0,189.0,3.0,3.0,,,,653.0,1.0,53.0,6.0,5.0,30.0,231.0,1.0,5.0,6.0,5.0,28.0,324.0,,,,1.0,11.0,,16.0,7.0,12.0,0.0,2.0
Newcastle_4,2014-15,149465,Remie Streete,Port Vale,Defender,England,,,,,,,,,,,,,,,,,,,,,,,,,,,,,,,,,,,,,,,,,,,,,,,,,,,,,,,,,,,,,,,,,,,,,,,,,,,,,,,,,,,,,,,,0.0,,,,,,,,,,,,,,,,,,,,,,,,,0.0,,,,,,,,,,,,,,,,0.0
Newcastle_4,2014-15,156257,Lubomír Satka,Samsunspor,Defender,Slovakia,,,,,,,,,,,,,,,,,,,,,,,,,,,,,,,,,,,,,,,,,,,,,,,,,,,,,,,,,,,,,,,,,,,,,,,,,,,,,,,,,,,,,,,,0.0,,,,,,,,,,,,,,,,,,,,,,,,,0.0,,,,,,,,,,,,,,,,0.0
Newcastle_4,2014-15,181397,Jamie Sterry,Doncaster Rovers,Defender,England,,,,,,,,,,,,,,,,,,,,,,,,,,,,,,,,,,,,,,,,,,,,,,,,,,,,,,,,,,,,,,,,,,,,,,,,,,,,,,,,,,,,,,,,0.0,,,,,,,,,,,,,,,,,,,,,,,,,0.0,,,,,,,,,,,,,,,,0.0
Newcastle_4,2014-15,58771,Jack Colback,Queens Park Rangers,Midfielder,England,49.0,31.0,18.0,35.0,3.0,0.0,239.0,5.0,8.0,,7.0,,52.0,12.0,,,357.0,171.0,186.0,2.1987,3.1154,0.232,3.6091,54.7851,457.0,27.0,1.0,3.0,35.0,,,6.0,,,4.0,61.0,54.0,7.0,308.0,140.0,168.0,1.0,,1.0,4.0,3.0,3.0,68.0,38.0,,4.0,331.0,2.0,3.0,1.0,1372.0,,1.0,,,,,,,4.0,,55.0,38.0,189.0,,,416.0,,,,,,,1.0,,3.0,2.0,12.0,3.0,10.0,3.0,35.0,0.0,1.0,,11.0,23.0,4.0,12.0,3.0,25.0,85.0,744.0,542.0,1178.0,25.0,76.0,6.0,7.0,36.0,3129.0,48.0,42.0,57.0,56.0,337.0,1443.0,0.0,22.0,101.0,48.0,180.0,2044.0,31.0,74.0,18.0,14.0,8.0,,36.0,47.0,144.0,1.0,12.0
Newcastle_4,2014-15,45268,Moussa Sissoko,Panathinaikos,Midfielder,France,125.0,77.0,48.0,34.0,,0.0,255.0,11.0,4.0,,8.0,,3.0,26.0,,,522.0,307.0,215.0,3.5871,4.2545,,4.9945,48.2482,400.0,27.0,,,34.0,,,2.0,,,4.0,51.0,46.0,5.0,397.0,230.0,167.0,3.0,1.0,1.0,4.0,6.0,7.0,29.0,42.0,,,338.0,5.0,5.0,2.0,1305.0,,15.0,,,,,,,3.0,,65.0,25.0,223.0,2.0,3.0,331.0,,,,,,,1.0,,6.0,5.0,17.0,7.0,16.0,5.0,34.0,0.0,2.0,,,13.0,13.0,85.0,1.0,83.0,34.0,713.0,346.0,1012.0,5.0,34.0,11.0,,30.0,3032.0,162.0,27.0,54.0,44.0,574.0,1324.0,2.0,33.0,39.0,80.0,278.0,2001.0,,66.0,66.0,100.0,4.0,12.0,23.0,44.0,255.0,2.0,7.0
Newcastle_4,2014-15,40799,Vurnon Anita,RKC Waalwijk,Midfielder,Curacao,22.0,17.0,5.0,19.0,,0.0,64.0,3.0,1.0,,1.0,,,2.0,,,124.0,56.0,68.0,0.3995,0.2065,,0.3579,20.8909,237.0,12.0,,,19.0,,,,,,,25.0,23.0,2.0,102.0,39.0,63.0,,,,0.0,,,41.0,6.0,,,135.0,3.0,1.0,,580.0,,1.0,,1.0,,,,,1.0,,26.0,16.0,81.0,,,149.0,,,,,,,,,,3.0,4.0,,1.0,1.0,17.0,0.0,12.0,2.0,,4.0,4.0,9.0,2.0,2.0,37.0,230.0,247.0,436.0,12.0,31.0,4.0,2.0,46.0,1272.0,14.0,24.0,17.0,11.0,157.0,585.0,0.0,5.0,43.0,2.0,112.0,843.0,,15.0,15.0,2.0,6.0,,30.0,25.0,82.0,0.0,3.0
Newcastle_4,2014-15,48773,Siem de Jong,Ajax,Midfielder,Netherlands,13.0,8.0,5.0,4.0,,0.0,7.0,1.0,,,,,,2.0,,,22.0,12.0,10.0,0.1231,0.5039,,0.9407,3.3324,16.0,1.0,,,4.0,,,,,,1.0,2.0,2.0,,9.0,4.0,5.0,,,,1.0,,1.0,,3.0,,,8.0,1.0,,,42.0,,,,,,,,,,,4.0,2.0,3.0,,1.0,11.0,,,,,,,,,,1.0,2.0,1.0,2.0,,1.0,0.0,1.0,3.0,,,,,,6.0,1.0,25.0,7.0,31.0,1.0,4.0,,,,147.0,1.0,2.0,1.0,,12.0,42.0,0.0,4.0,5.0,6.0,10.0,59.0,,,,,,1.0,,3.0,10.0,0.0,0.0
Newcastle_4,2014-15,38429,Gabriel Obertan,Wigan Athletic,Midfielder,,50.0,26.0,24.0,13.0,,0.0,44.0,2.0,1.0,,1.0,,2.0,5.0,,,112.0,53.0,59.0,1.0457,0.3787,,0.4639,10.6779,69.0,2.0,,,13.0,,,1.0,,,1.0,10.0,8.0,2.0,62.0,27.0,35.0,,,,1.0,1.0,1.0,12.0,13.0,,,61.0,1.0,,1.0,195.0,,1.0,,,,,,,,,11.0,3.0,44.0,,1.0,23.0,,,,,,,1.0,,1.0,1.0,3.0,1.0,2.0,,8.0,0.0,5.0,5.0,1.0,6.0,5.0,13.0,,11.0,2.0,114.0,34.0,140.0,5.0,6.0,,,3.0,651.0,18.0,3.0,3.0,13.0,112.0,197.0,0.0,5.0,11.0,26.0,55.0,341.0,,18.0,18.0,8.0,4.0,,6.0,8.0,49.0,1.0,0.0
Newcastle_4,2014-15,155513,Rolando Aarons,Celje,Midfielder,Jamaica,5.0,3.0,2.0,4.0,,0.0,11.0,2.0,,,,,,2.0,,,32.0,19.0,13.0,0.0261,0.4227,,0.3035,2.8203,15.0,,,,4.0,,,,,,1.0,2.0,2.0,,27.0,16.0,11.0,,1.0,1.0,1.0,2.0,,1.0,2.0,,,8.0,,,,37.0,,,,,,,,,,,2.0,1.0,11.0,,,3.0,,,,,,,,,2.0,,4.0,,1.0,,,0.0,,4.0,,,,5.0,,,,20.0,10.0,30.0,3.0,,,,1.0,128.0,15.0,1.0,1.0,3.0,32.0,37.0,0.0,5.0,3.0,10.0,7.0,87.0,,5.0,5.0,7.0,1.0,,1.0,1.0,6.0,0.0,1.0
Newcastle_4,2014-15,21060,Jonás Gutiérrez,Newcastle United,Midfielder,Argentina,13.0,8.0,5.0,10.0,,0.0,34.0,4.0,3.0,,1.0,,1.0,3.0,,,135.0,47.0,88.0,0.4216,0.4101,,1.2803,12.3343,118.0,9.0,,,10.0,,,1.0,,,1.0,13.0,11.0,2.0,122.0,39.0,83.0,,,,1.0,,1.0,17.0,4.0,1.0,,34.0,4.0,1.0,,255.0,,4.0,,,,,,,1.0,,20.0,13.0,61.0,,1.0,69.0,,,,,,,,,,4.0,3.0,1.0,3.0,1.0,6.0,0.0,,4.0,,1.0,1.0,30.0,,,3.0,125.0,69.0,190.0,4.0,31.0,1.0,9.0,31.0,634.0,20.0,13.0,9.0,18.0,120.0,255.0,0.0,6.0,35.0,13.0,62.0,493.0,1.0,18.0,17.0,10.0,5.0,,16.0,6.0,46.0,0.0,4.0
Newcastle_4,2014-15,66957,Rémy Cabella,Olympiakos,Midfielder,France,47.0,39.0,8.0,31.0,1.0,1.0,253.0,19.0,,,1.0,,47.0,24.0,,,409.0,194.0,215.0,2.2637,3.3266,0.0673,2.7591,32.3362,255.0,21.0,,1.0,31.0,,,2.0,,,1.0,34.0,29.0,5.0,362.0,155.0,207.0,3.0,,,0.0,9.0,9.0,35.0,36.0,,1.0,173.0,10.0,1.0,1.0,864.0,,10.0,,,,,,,1.0,,59.0,33.0,134.0,,,215.0,,,,,,,1.0,,9.0,10.0,13.0,9.0,11.0,1.0,21.0,0.0,10.0,10.0,9.0,16.0,7.0,74.0,,73.0,20.0,555.0,201.0,720.0,18.0,55.0,9.0,2.0,9.0,1947.0,94.0,4.0,30.0,60.0,388.0,896.0,0.0,24.0,73.0,96.0,156.0,1501.0,29.0,90.0,52.0,41.0,3.0,5.0,14.0,26.0,142.0,1.0,2.0
Newcastle_4,2014-15,42727,Yoan Gouffran,Newcastle United,Midfielder,France,125.0,73.0,52.0,31.0,1.0,1.0,191.0,8.0,,,1.0,,14.0,10.0,,,279.0,146.0,133.0,1.8796,1.6854,0.0837,1.806,36.0008,193.0,15.0,,1.0,31.0,,,1.0,,,2.0,44.0,38.0,6.0,154.0,73.0,81.0,,,,1.0,5.0,6.0,37.0,18.0,,1.0,182.0,3.0,3.0,4.0,768.0,,3.0,,1.0,,,,,3.0,,36.0,27.0,102.0,,1.0,218.0,,,,,,,,,5.0,3.0,5.0,6.0,11.0,3.0,24.0,0.0,15.0,7.0,1.0,7.0,6.0,13.0,2.0,27.0,18.0,363.0,285.0,623.0,14.0,37.0,2.0,,6.0,1969.0,38.0,32.0,21.0,17.0,241.0,784.0,0.0,16.0,51.0,36.0,143.0,1123.0,9.0,33.0,21.0,13.0,9.0,4.0,15.0,32.0,128.0,0.0,3.0
Newcastle_4,2014-15,59304,Haris Vuckic,FC Twente,Forward,Slovenia,1.0,,1.0,1.0,,0.0,2.0,,,,,,,,,,1.0,,1.0,0.0031,,,,,2.0,,,,1.0,,,,,,,,,,,,,,,,0.0,,,1.0,,,,2.0,,,,7.0,,,,,,,,,,,,,1.0,,,1.0,,,,,,,,,,,,,,,,0.0,,1.0,,,,,,1.0,,3.0,4.0,7.0,,,,,,8.0,,1.0,,,,7.0,0.0,,,,,9.0,,,,,,,,,,0.0,0.0
Newcastle_4,2014-15,28301,Cheick Tioté,Newcastle United,Midfielder,Cote d’Ivoire,50.0,25.0,25.0,11.0,,0.0,89.0,6.0,3.0,,,,,2.0,,,157.0,80.0,77.0,0.4124,0.2295,,0.0629,14.8096,227.0,14.0,,,11.0,,,2.0,,,,19.0,17.0,2.0,107.0,55.0,52.0,1.0,,,0.0,,,23.0,6.0,,,186.0,6.0,1.0,,663.0,,5.0,,,,,,,1.0,,22.0,15.0,97.0,,,186.0,,,,,,,1.0,,,6.0,3.0,,1.0,1.0,10.0,0.0,3.0,1.0,,1.0,1.0,8.0,4.0,10.0,48.0,239.0,324.0,514.0,10.0,24.0,2.0,,1.0,898.0,18.0,18.0,24.0,10.0,157.0,688.0,0.0,4.0,34.0,1.0,126.0,854.0,,1.0,1.0,7.0,11.0,,40.0,24.0,86.0,0.0,5.0
Newcastle_4,2014-15,98746,Mehdi Abeid,Panathinaikos,Midfielder,Algeria,21.0,10.0,11.0,13.0,1.0,0.0,60.0,4.0,1.0,,3.0,,5.0,3.0,,,85.0,43.0,42.0,0.1365,0.4765,0.0674,0.0812,9.5532,87.0,6.0,,1.0,13.0,1.0,,,1.0,,,9.0,6.0,3.0,64.0,33.0,31.0,,,,0.0,1.0,1.0,22.0,1.0,,,80.0,3.0,1.0,,308.0,,1.0,,,,,,,,,13.0,8.0,63.0,,,84.0,,,,,,,,,1.0,3.0,6.0,1.0,2.0,1.0,7.0,0.0,2.0,6.0,1.0,3.0,,5.0,1.0,8.0,16.0,106.0,153.0,240.0,6.0,16.0,2.0,,,662.0,14.0,10.0,12.0,5.0,84.0,311.0,0.0,8.0,22.0,5.0,55.0,437.0,4.0,6.0,1.0,6.0,11.0,,22.0,21.0,33.0,0.0,0.0
Newcastle_4,2014-15,165572,Olivier Kemen,Istanbul Basaksehir,Midfielder,Cameroon,,,,,,,,,,,,,,,,,,,,,,,,,,,,,,,,,,,,,,,,,,,,,,,,,,,,,,,,,,,,,,,,,,,,,,,,,,,,,,,,,,,,,,,,0.0,,,,,,,,,,,,,,,,,,,,,,,,,0.0,,,,,,,,,,,,,,,,0.0
Newcastle_4,2014-15,97612,Sammy Ameobi,Middlesbrough,Forward,England,114.0,56.0,58.0,25.0,,2.0,80.0,11.0,3.0,,2.0,,15.0,19.0,,,372.0,193.0,179.0,1.3298,1.0779,,2.0024,16.9479,258.0,19.0,,,25.0,,,2.0,,,2.0,12.0,8.0,4.0,258.0,137.0,121.0,,,1.0,0.0,6.0,1.0,34.0,19.0,,2.0,62.0,5.0,1.0,1.0,509.0,,10.0,,,,,,,1.0,,58.0,36.0,94.0,,,115.0,,,,,,,,,6.0,5.0,11.0,1.0,4.0,1.0,15.0,0.0,12.0,10.0,2.0,17.0,14.0,51.0,4.0,22.0,18.0,261.0,95.0,321.0,12.0,38.0,7.0,,6.0,1422.0,90.0,25.0,34.0,21.0,392.0,515.0,0.0,15.0,50.0,37.0,176.0,1034.0,9.0,68.0,57.0,56.0,10.0,2.0,32.0,43.0,144.0,0.0,2.0
Newcastle_4,2014-15,42758,Papiss Demba Cissé,Newcastle United,Forward,Senegal,81.0,62.0,19.0,22.0,2.0,5.0,118.0,9.0,1.0,,3.0,,,16.0,,,158.0,111.0,47.0,0.1591,8.7723,0.2052,9.2787,18.7154,53.0,6.0,,2.0,22.0,,,1.0,,,11.0,16.0,14.0,2.0,77.0,49.0,28.0,1.0,1.0,,6.0,4.0,8.0,2.0,6.0,,1.0,68.0,5.0,2.0,9.0,331.0,,1.0,,,,,1.0,1.0,1.0,,18.0,8.0,30.0,,9.0,104.0,,,,,,,,,4.0,5.0,15.0,8.0,21.0,2.0,11.0,0.0,5.0,11.0,,2.0,2.0,8.0,2.0,48.0,14.0,182.0,86.0,252.0,,9.0,1.0,,1.0,1152.0,27.0,5.0,16.0,13.0,155.0,343.0,0.0,36.0,9.0,53.0,77.0,528.0,,8.0,8.0,9.0,1.0,9.0,6.0,12.0,71.0,2.0,1.0
Newcastle_4,2014-15,86527,Facundo Ferreyra,Benfica,Forward,Argentina,,,,,,,,,,,,,,,,,,,,,,,,,,,,,,,,,,,,,,,,,,,,,,,,,,,,,,,,,,,,,,,,,,,,,,,,,,,,,,,,,,,,,,,,0.0,,,,,,,,,,,,,,,,,,,,,,,,,0.0,,,,,,,,,,,,,,,,0.0
Newcastle_4,2014-15,168580,Ayoze Pérez,Villarreal,Forward,Spain,98.0,74.0,24.0,36.0,,3.0,150.0,14.0,1.0,,1.0,,15.0,31.0,,,451.0,290.0,161.0,2.2628,5.0635,,7.6653,43.5847,165.0,21.0,,,36.0,,,,,,7.0,50.0,44.0,6.0,353.0,216.0,137.0,2.0,2.0,2.0,4.0,10.0,17.0,27.0,27.0,,2.0,118.0,4.0,1.0,12.0,534.0,,6.0,,,,,,,3.0,,60.0,33.0,111.0,,3.0,133.0,,,,,,,,,10.0,4.0,22.0,17.0,25.0,1.0,25.0,0.0,11.0,11.0,1.0,7.0,6.0,60.0,,34.0,7.0,330.0,130.0,446.0,6.0,32.0,4.0,,2.0,2369.0,157.0,21.0,32.0,40.0,415.0,566.0,0.0,47.0,38.0,155.0,113.0,1191.0,11.0,45.0,34.0,72.0,2.0,11.0,7.0,21.0,106.0,3.0,0.0
Newcastle_4,2014-15,51621,Emmanuel Rivière,Newcastle United,Forward,France,132.0,100.0,32.0,23.0,,1.0,121.0,7.0,,,1.0,,,4.0,,,231.0,168.0,63.0,0.8575,3.5897,,2.5877,23.0133,70.0,5.0,,,23.0,,,1.0,,,1.0,26.0,23.0,3.0,99.0,68.0,31.0,,,,0.0,4.0,6.0,5.0,14.0,,,92.0,3.0,1.0,2.0,354.0,,3.0,,1.0,,,,,3.0,,13.0,7.0,34.0,,1.0,95.0,,,,,,,,,4.0,3.0,17.0,6.0,8.0,1.0,15.0,0.0,12.0,8.0,,2.0,2.0,8.0,,55.0,1.0,239.0,58.0,294.0,1.0,8.0,1.0,,,1213.0,53.0,4.0,15.0,15.0,187.0,378.0,0.0,25.0,9.0,78.0,83.0,583.0,,11.0,11.0,15.0,,13.0,1.0,18.0,82.0,0.0,0.0
Newcastle_4,2014-15,155511,Adam Armstrong,Wolverhampton Wanderers,Forward,England,15.0,13.0,2.0,11.0,,0.0,16.0,1.0,,,,,1.0,2.0,,,43.0,32.0,11.0,0.1045,0.734,,0.278,6.9845,12.0,2.0,,,11.0,,,1.0,,,,8.0,8.0,,28.0,19.0,9.0,,,,0.0,1.0,2.0,,5.0,,,13.0,,,1.0,45.0,,3.0,,,,,,,1.0,,2.0,2.0,6.0,,,10.0,,,,,,,,,1.0,,4.0,2.0,2.0,,1.0,0.0,1.0,10.0,,3.0,3.0,1.0,,3.0,1.0,32.0,8.0,36.0,2.0,4.0,,,,202.0,10.0,1.0,7.0,2.0,35.0,51.0,0.0,6.0,6.0,15.0,14.0,95.0,1.0,5.0,4.0,6.0,,1.0,,2.0,14.0,0.0,1.0
QPR_52,2014-15,1243,Robert Green,Chelsea,Goalkeeper,England,6.0,1.0,5.0,36.0,,,,,,48.0,6.0,,,,3.0,3.0,20.0,6.0,14.0,0.0965,,,,64.627,997.0,,,,36.0,267.0,189.0,,341.0,10.0,,65.0,54.0,11.0,14.0,5.0,9.0,,,,,,,2.0,3.0,,,31.0,,,,433.0,,,,,4.0,2.0,,,2.0,18.0,2.0,1.0,389.0,,,30.0,2.0,132.0,11.0,79.0,53.0,35.0,,,,,,,,,36.0,0.0,1.0,,,,,1.0,196.0,,377.0,303.0,158.0,84.0,,1.0,,,,3184.0,,36.0,,7.0,609.0,1058.0,0.0,,1.0,,597.0,1430.0,,,,,322.0,,594.0,75.0,3.0,0.0,1.0
QPR_52,2014-15,58376,Alex McCarthy,Southampton,Goalkeeper,England,,,,3.0,,,,,,6.0,,,,,1.0,,1.0,,1.0,0.0085,,,,5.4471,86.0,,,,3.0,23.0,15.0,,32.0,,,8.0,8.0,,1.0,,1.0,,,,,,,,,,,,,,,36.0,,,,,,,,,,2.0,,,30.0,,,3.0,,10.0,1.0,6.0,4.0,2.0,,,,,,,,,2.0,0.0,,1.0,,,,,17.0,,37.0,33.0,7.0,3.0,,,,,,236.0,,3.0,,1.0,49.0,89.0,0.0,,,,49.0,116.0,,,,,24.0,,49.0,2.0,,0.0,0.0
QPR_52,2014-15,10589,Brian Murphy,Cardiff City U21,Goalkeeper,Ireland,,,,,,,,,,,,,,,,,,,,,,,,,,,,,,,,,,,,,,,,,,,,,,,,,,,,,,,,,,,,,,,,,,,,,,,,,,,,,,,,,,,,,,,,0.0,,,,,,,,,,,,,,,,,,,,,,,,,0.0,,,,,,,,,,,,,,,,0.0
QPR_52,2014-15,20488,Armand Traore,Cardiff City,Defender,Senegal,46.0,14.0,32.0,16.0,,,51.0,2.0,4.0,,,,,3.0,,,124.0,58.0,66.0,0.1831,0.4113,,0.3697,16.1292,111.0,8.0,,,16.0,,,,,,,19.0,17.0,2.0,78.0,44.0,34.0,,,,,,2.0,27.0,6.0,,,12.0,2.0,,,283.0,,3.0,,1.0,,,,,,,11.0,6.0,64.0,,,110.0,,,,,,,,,,2.0,3.0,2.0,2.0,,7.0,0.0,2.0,9.0,,3.0,3.0,6.0,3.0,2.0,11.0,110.0,106.0,202.0,5.0,18.0,,8.0,40.0,780.0,21.0,68.0,11.0,5.0,142.0,284.0,0.0,5.0,23.0,10.0,71.0,559.0,,22.0,22.0,9.0,15.0,,19.0,29.0,52.0,0.0,2.0
QPR_52,2014-15,2034,Rio Ferdinand,Queens Park Rangers,Defender,England,35.0,16.0,19.0,11.0,,,22.0,,9.0,,2.0,,,,,,68.0,22.0,46.0,0.0506,,,,20.0984,173.0,1.0,,,11.0,,,,,,,21.0,19.0,2.0,33.0,6.0,27.0,,,,,,,17.0,,,,84.0,,,,357.0,,,,,,,,,,,6.0,3.0,57.0,,,93.0,,,,,,,,,,,,,,,11.0,0.0,,,,,,,7.0,,51.0,91.0,219.0,259.0,4.0,20.0,,,1.0,990.0,2.0,82.0,2.0,4.0,67.0,372.0,0.0,,24.0,1.0,62.0,523.0,,1.0,1.0,,15.0,,40.0,19.0,22.0,0.0,2.0
QPR_52,2014-15,19053,Nedum Onuoha,Queens Park Rangers,Defender,England,75.0,31.0,44.0,23.0,,,82.0,4.0,10.0,,1.0,,,6.0,,,209.0,80.0,129.0,0.5323,0.9931,,,35.9418,345.0,8.0,,,23.0,,,,,,,40.0,33.0,7.0,134.0,49.0,85.0,,,,,2.0,1.0,39.0,8.0,,,158.0,2.0,,2.0,647.0,,1.0,2.0,1.0,,,,,,,28.0,13.0,109.0,1.0,,76.0,,,,,,,,,2.0,2.0,4.0,1.0,1.0,,22.0,0.0,2.0,1.0,,2.0,2.0,15.0,20.0,,55.0,216.0,260.0,419.0,11.0,44.0,,50.0,102.0,1927.0,15.0,143.0,23.0,17.0,278.0,661.0,1.0,5.0,55.0,7.0,187.0,1180.0,,10.0,10.0,9.0,44.0,,80.0,51.0,107.0,0.0,2.0
QPR_52,2014-15,1216,Clint Hill,Carlisle United,Defender,England,64.0,19.0,45.0,19.0,,1.0,43.0,2.0,9.0,,2.0,1.0,,2.0,,,133.0,54.0,79.0,0.6296,0.3865,,0.3086,31.745,249.0,9.0,,,19.0,,,,,,1.0,31.0,25.0,6.0,69.0,35.0,34.0,1.0,1.0,,0.0,2.0,1.0,25.0,14.0,1.0,,21.0,,,,404.0,,2.0,,,,,,,1.0,,21.0,11.0,36.0,,,105.0,,,,,,,,,2.0,,3.0,1.0,2.0,,15.0,0.0,4.0,4.0,,8.0,8.0,2.0,20.0,2.0,45.0,159.0,120.0,226.0,7.0,20.0,,36.0,67.0,1407.0,4.0,111.0,22.0,7.0,211.0,418.0,0.0,5.0,27.0,15.0,147.0,772.0,,17.0,17.0,,42.0,,72.0,26.0,75.0,0.0,4.0
QPR_52,2014-15,48852,Mauricio Isla,Fenerbahçe,Defender,Chile,73.0,40.0,33.0,26.0,,,114.0,3.0,5.0,,4.0,,4.0,10.0,,,268.0,116.0,152.0,2.3971,0.3562,,0.2734,40.3492,373.0,9.0,,,26.0,,,2.0,,,,43.0,36.0,7.0,195.0,76.0,119.0,,,,,2.0,2.0,57.0,28.0,1.0,,349.0,1.0,1.0,2.0,856.0,,1.0,,,,,,,1.0,,49.0,16.0,140.0,,,40.0,,,,,,,,,2.0,1.0,1.0,2.0,3.0,1.0,24.0,0.0,4.0,2.0,1.0,21.0,18.0,16.0,11.0,4.0,51.0,371.0,306.0,605.0,19.0,62.0,1.0,55.0,213.0,2131.0,32.0,80.0,16.0,22.0,377.0,876.0,0.0,4.0,81.0,30.0,220.0,1574.0,3.0,51.0,48.0,14.0,27.0,2.0,50.0,67.0,170.0,0.0,4.0
QPR_52,2014-15,68815,Steven Caulker,Wigan Athletic,Defender,Sierra Leone,253.0,107.0,146.0,35.0,,0.0,68.0,5.0,36.0,,6.0,1.0,,4.0,,,347.0,149.0,198.0,1.0722,2.2884,,0.3501,61.3461,482.0,6.0,,,35.0,,,,,,1.0,61.0,53.0,8.0,94.0,42.0,52.0,,1.0,,1.0,5.0,5.0,69.0,17.0,1.0,,181.0,,,,852.0,,,1.0,,,,,,2.0,,41.0,28.0,112.0,,,149.0,,,,,,,,,5.0,,17.0,5.0,6.0,,34.0,0.0,2.0,1.0,,,,8.0,22.0,3.0,75.0,247.0,360.0,532.0,8.0,30.0,1.0,5.0,7.0,3015.0,8.0,345.0,15.0,10.0,306.0,880.0,0.0,23.0,38.0,54.0,273.0,1525.0,,3.0,3.0,1.0,66.0,,113.0,67.0,160.0,0.0,1.0
QPR_52,2014-15,77875,Yun Suk-Young,Queens Park Rangers,Defender,South Korea,41.0,26.0,15.0,23.0,,,69.0,1.0,8.0,,3.0,,3.0,4.0,,,201.0,101.0,100.0,0.8157,0.467,,0.1515,37.3789,286.0,5.0,,,23.0,,,,,,,39.0,33.0,6.0,160.0,75.0,85.0,1.0,,,,1.0,1.0,41.0,9.0,1.0,,20.0,,,1.0,559.0,,2.0,,,,,,,2.0,,30.0,17.0,75.0,,,206.0,,,,,,,,,1.0,,4.0,1.0,1.0,,19.0,0.0,5.0,4.0,1.0,8.0,7.0,16.0,23.0,2.0,58.0,253.0,169.0,356.0,9.0,37.0,,39.0,141.0,1725.0,33.0,96.0,15.0,24.0,301.0,581.0,0.0,5.0,46.0,11.0,167.0,1158.0,,33.0,32.0,17.0,54.0,,80.0,43.0,87.0,0.0,4.0
QPR_52,2014-15,1764,Richard Dunne,Queens Park Rangers,Defender,Ireland,88.0,26.0,62.0,23.0,,,48.0,1.0,28.0,,4.0,2.0,,2.0,,,198.0,64.0,134.0,0.1152,0.7785,,1.0064,36.7453,326.0,14.0,,,23.0,,,,,,,39.0,33.0,6.0,110.0,38.0,72.0,2.0,,1.0,,1.0,4.0,44.0,3.0,2.0,,108.0,,,,515.0,,1.0,1.0,,,,,,2.0,,19.0,12.0,85.0,,,69.0,,,,,,,,,1.0,,3.0,4.0,4.0,,22.0,0.0,4.0,1.0,,1.0,1.0,4.0,20.0,,62.0,116.0,238.0,291.0,14.0,48.0,,3.0,9.0,1872.0,6.0,202.0,25.0,8.0,223.0,551.0,0.0,7.0,62.0,13.0,198.0,972.0,,2.0,2.0,1.0,95.0,,137.0,51.0,61.0,0.0,7.0
QPR_52,2014-15,176420,Darnell Furlong,Ipswich Town,Defender,England,10.0,5.0,5.0,3.0,,,12.0,,1.0,,,,,2.0,,,28.0,14.0,14.0,0.0325,0.0304,,0.3301,8.0915,42.0,2.0,,,3.0,,,,,,,7.0,7.0,,18.0,9.0,9.0,,,,,,1.0,8.0,,,,19.0,,,,75.0,,,,,,,,,,,3.0,,8.0,,,2.0,,,,,,,,,,,,1.0,1.0,,3.0,0.0,1.0,,,1.0,1.0,3.0,3.0,,6.0,28.0,24.0,45.0,,3.0,,16.0,23.0,225.0,1.0,9.0,3.0,4.0,50.0,75.0,0.0,1.0,3.0,1.0,24.0,157.0,,5.0,5.0,,6.0,,7.0,3.0,17.0,0.0,1.0
QPR_52,2014-15,176424,Cole Kpekawa,Kidderminster Harriers,Defender,England,,,,1.0,,,,,,,,,,,,,,,,0.0001,,,,0.885,1.0,,,,1.0,,,,,,,1.0,1.0,,,,,,,,,,,1.0,,,,1.0,,,,3.0,,,,,,,,,,,1.0,,,,,1.0,,,,,,,,,,,,,,,,0.0,,1.0,,,,,,,,,1.0,1.0,,,,1.0,1.0,5.0,,2.0,,,3.0,3.0,0.0,,,,2.0,8.0,,,,,1.0,,1.0,1.0,1.0,0.0,0.0
QPR_52,2014-15,49806,Junior Hoilett,Swindon Town,Forward,Canada,22.0,17.0,5.0,22.0,,,58.0,5.0,1.0,,1.0,,2.0,5.0,,,151.0,99.0,52.0,0.8243,1.0293,,0.4787,19.0317,74.0,8.0,1.0,,22.0,,,,,,,22.0,17.0,5.0,129.0,82.0,47.0,2.0,,2.0,,3.0,2.0,9.0,12.0,,,39.0,2.0,2.0,1.0,258.0,,5.0,,,,,,,1.0,,21.0,14.0,43.0,,,91.0,,,,,,,,,3.0,2.0,15.0,2.0,4.0,2.0,9.0,0.0,6.0,13.0,,2.0,2.0,17.0,1.0,12.0,7.0,145.0,65.0,201.0,6.0,12.0,3.0,,6.0,878.0,61.0,5.0,13.0,12.0,183.0,262.0,0.0,19.0,18.0,31.0,54.0,510.0,2.0,38.0,36.0,33.0,8.0,,11.0,11.0,43.0,0.0,2.0
QPR_52,2014-15,50229,Matt Phillips,Stevenage,Midfielder,Scotland,100.0,64.0,36.0,25.0,2.0,2.0,103.0,8.0,2.0,,2.0,,40.0,31.0,,,336.0,209.0,127.0,2.2246,3.0227,0.1146,2.5921,44.0358,199.0,7.0,,2.0,25.0,,,8.0,,,3.0,47.0,40.0,7.0,236.0,145.0,91.0,,2.0,,1.0,4.0,3.0,13.0,26.0,,,146.0,4.0,5.0,4.0,502.0,,19.0,,1.0,,,,,1.0,,58.0,36.0,124.0,,1.0,65.0,,,,,,,1.0,,4.0,4.0,23.0,3.0,11.0,5.0,20.0,0.0,4.0,5.0,16.0,34.0,15.0,42.0,4.0,6.0,22.0,260.0,106.0,310.0,10.0,27.0,,8.0,17.0,1822.0,108.0,21.0,19.0,13.0,483.0,513.0,0.0,34.0,37.0,48.0,181.0,1108.0,23.0,120.0,84.0,47.0,21.0,1.0,41.0,36.0,140.0,0.0,1.0
QPR_52,2014-15,15276,Joey Barton,Burnley,Midfielder,England,103.0,49.0,54.0,28.0,4.0,1.0,140.0,11.0,22.0,,5.0,,62.0,23.0,,,373.0,188.0,185.0,3.6243,2.0608,0.2717,2.0313,46.7026,566.0,31.0,,4.0,28.0,,,3.0,,,1.0,47.0,39.0,8.0,270.0,139.0,131.0,,,2.0,0.0,1.0,2.0,46.0,54.0,,1.0,348.0,10.0,4.0,,1312.0,,2.0,,,,,,,1.0,,66.0,37.0,220.0,,,314.0,,,,,,,1.0,,1.0,10.0,17.0,2.0,7.0,4.0,27.0,1.0,2.0,1.0,25.0,37.0,9.0,17.0,13.0,11.0,145.0,624.0,414.0,856.0,31.0,52.0,3.0,1.0,8.0,2351.0,37.0,68.0,47.0,39.0,522.0,1368.0,1.0,24.0,83.0,21.0,367.0,1936.0,35.0,86.0,31.0,8.0,48.0,,140.0,70.0,227.0,0.0,11.0
QPR_52,2014-15,49277,Leroy Fer,Alanyaspor,Midfielder,Netherlands,126.0,50.0,76.0,29.0,3.0,2.0,209.0,16.0,3.0,,,,4.0,13.0,,,422.0,177.0,245.0,1.8088,4.8817,0.1941,4.2929,47.4303,281.0,13.0,1.0,3.0,29.0,,,2.0,,,6.0,53.0,43.0,10.0,296.0,127.0,169.0,1.0,1.0,5.0,4.0,6.0,3.0,30.0,46.0,,2.0,202.0,10.0,5.0,1.0,997.0,,5.0,,,,,,,2.0,,49.0,22.0,151.0,,3.0,321.0,,,,,,,,,6.0,10.0,24.0,3.0,14.0,5.0,27.0,0.0,10.0,2.0,2.0,6.0,4.0,59.0,4.0,37.0,68.0,506.0,309.0,741.0,17.0,43.0,4.0,1.0,8.0,2365.0,73.0,26.0,32.0,52.0,342.0,1013.0,0.0,38.0,60.0,54.0,204.0,1501.0,2.0,12.0,7.0,20.0,9.0,2.0,33.0,37.0,171.0,3.0,4.0
QPR_52,2014-15,1212,Shaun Wright-Phillips,Queens Park Rangers,Midfielder,England,2.0,2.0,,4.0,,,4.0,,1.0,,,,,,,,18.0,12.0,6.0,0.1263,0.0276,,0.2268,3.987,12.0,,,,4.0,,,,,,,4.0,4.0,,16.0,10.0,6.0,,,,,,,3.0,1.0,,,15.0,,1.0,,33.0,,,,,,,,,,,2.0,1.0,9.0,,,3.0,,,,,,,,,,,,,1.0,1.0,1.0,0.0,1.0,3.0,,1.0,1.0,3.0,1.0,1.0,1.0,17.0,13.0,28.0,,3.0,,4.0,1.0,128.0,5.0,5.0,2.0,,16.0,34.0,0.0,1.0,3.0,1.0,5.0,66.0,,,,1.0,1.0,,3.0,1.0,2.0,0.0,0.0
QPR_52,2014-15,92789,Michael Doughty,Swindon Town,Midfielder,England,4.0,,4.0,3.0,,,2.0,,,,,,,,,,20.0,7.0,13.0,0.0102,,,,1.9677,11.0,1.0,,,3.0,,,,,,,2.0,1.0,1.0,16.0,7.0,9.0,,,,,,,,1.0,,,9.0,,,,29.0,,,,,,,,,,,3.0,2.0,7.0,,,8.0,,,,,,,,,,,,,,,,0.0,,3.0,,,,2.0,1.0,,2.0,14.0,8.0,20.0,1.0,3.0,,,,51.0,4.0,3.0,1.0,3.0,13.0,30.0,0.0,,4.0,,8.0,51.0,,,,2.0,2.0,,2.0,3.0,6.0,0.0,0.0
QPR_52,2014-15,67731,Alejandro Faurlin,Queens Park Rangers,Midfielder,Argentina,,,,2.0,,,5.0,1.0,,,,,1.0,,,,11.0,3.0,8.0,0.2093,0.1045,,0.0268,0.7589,20.0,,,,2.0,,,,,,,1.0,1.0,,11.0,3.0,8.0,,,,,,1.0,1.0,1.0,,,17.0,1.0,,,54.0,,,,,,,,,,,2.0,1.0,12.0,,,12.0,,,,,,,,,,1.0,1.0,1.0,1.0,,1.0,0.0,1.0,1.0,1.0,1.0,,,,,7.0,22.0,21.0,35.0,1.0,5.0,1.0,,,91.0,,,1.0,2.0,13.0,54.0,0.0,2.0,6.0,3.0,12.0,70.0,,,,,1.0,,4.0,2.0,8.0,0.0,0.0
QPR_52,2014-15,28097,Niko Kranjcar,Dynamo Kyiv,Midfielder,Croatia,23.0,15.0,8.0,22.0,7.0,1.0,94.0,16.0,1.0,,1.0,,36.0,17.0,,,177.0,106.0,71.0,1.1233,2.3829,0.5694,2.344,25.209,187.0,18.0,,7.0,22.0,,,1.0,,,2.0,28.0,22.0,6.0,154.0,91.0,63.0,1.0,,1.0,1.0,3.0,1.0,18.0,19.0,,,114.0,13.0,6.0,1.0,555.0,,1.0,,,,,,,,,21.0,6.0,81.0,,2.0,191.0,,,,,,,,1.0,3.0,13.0,17.0,1.0,9.0,6.0,11.0,0.0,5.0,11.0,11.0,14.0,3.0,15.0,4.0,15.0,50.0,305.0,163.0,404.0,9.0,22.0,1.0,,8.0,1113.0,41.0,18.0,22.0,17.0,232.0,586.0,0.0,26.0,31.0,21.0,132.0,871.0,22.0,38.0,7.0,16.0,15.0,1.0,45.0,26.0,87.0,0.0,2.0
QPR_52,2014-15,10561,Karl Henry,Bradford City,Midfielder,England,49.0,22.0,27.0,33.0,,,158.0,3.0,5.0,,5.0,1.0,2.0,1.0,,,217.0,98.0,119.0,0.8154,0.3264,,0.026,50.0747,358.0,17.0,,,33.0,,,,,,,51.0,44.0,7.0,168.0,76.0,92.0,3.0,,,,,,36.0,11.0,,,263.0,3.0,1.0,,1007.0,,1.0,,,,,,,2.0,,28.0,14.0,144.0,,,244.0,,,,,,,,,,3.0,6.0,,1.0,1.0,27.0,0.0,7.0,6.0,,3.0,2.0,5.0,11.0,14.0,82.0,439.0,389.0,743.0,13.0,48.0,,1.0,3.0,2504.0,24.0,23.0,39.0,27.0,262.0,1023.0,0.0,7.0,61.0,8.0,198.0,1305.0,2.0,15.0,13.0,6.0,33.0,,78.0,42.0,120.0,0.0,8.0
QPR_52,2014-15,39765,Adel Taarabt,Benfica,Midfielder,Morocco,2.0,2.0,,7.0,,,41.0,5.0,,,,,6.0,,,,51.0,27.0,24.0,0.4671,0.3559,,0.0466,6.436,50.0,,,,7.0,,,,,,,6.0,6.0,,49.0,25.0,24.0,1.0,,1.0,,1.0,,2.0,13.0,,,47.0,4.0,1.0,,182.0,,2.0,,,,,,,,,5.0,2.0,17.0,,,53.0,,,,,,,,,1.0,4.0,5.0,,1.0,1.0,3.0,0.0,1.0,4.0,1.0,3.0,1.0,11.0,,14.0,6.0,120.0,46.0,157.0,1.0,1.0,1.0,,2.0,295.0,24.0,,2.0,11.0,76.0,191.0,0.0,6.0,2.0,4.0,28.0,285.0,3.0,13.0,3.0,9.0,,1.0,2.0,4.0,26.0,0.0,0.0
QPR_52,2014-15,52876,Sandro,Harborough Town,Midfielder,Brazil,57.0,29.0,28.0,17.0,,0.0,52.0,8.0,7.0,,2.0,,,4.0,,,181.0,86.0,95.0,,,,,,183.0,14.0,,,17.0,,,,,,1.0,20.0,18.0,2.0,124.0,57.0,67.0,2.0,,,1.0,,,34.0,3.0,,,114.0,,,,473.0,,2.0,,,,,,,1.0,,31.0,22.0,83.0,,1.0,125.0,,,,,,,,,,,5.0,,4.0,,17.0,0.0,12.0,,,2.0,2.0,8.0,9.0,3.0,20.0,191.0,157.0,326.0,11.0,38.0,,,,1219.0,19.0,34.0,27.0,10.0,161.0,474.0,0.0,9.0,49.0,12.0,128.0,700.0,,2.0,2.0,6.0,14.0,1.0,23.0,30.0,105.0,0.0,6.0
QPR_52,2014-15,176428,Aaron Mitchell,Queens Park Rangers,Midfielder,England,,,,,,,,,,,,,,,,,,,,,,,,,,,,,,,,,,,,,,,,,,,,,,,,,,,,,,,,,,,,,,,,,,,,,,,,,,,,,,,,,,,,,,,,0.0,,,,,,,,,,,,,,,,,,,,,,,,,0.0,,,,,,,,,,,,,,,,0.0
QPR_52,2014-15,174102,Reece Grego-Cox,Dagenham & Redbridge,Forward,Ireland,15.0,13.0,2.0,4.0,,,5.0,,,,,,,2.0,,,26.0,21.0,5.0,0.0063,0.3733,,,3.9254,7.0,,,,4.0,,,,,,,5.0,5.0,,11.0,8.0,3.0,,,,,,,,,,,8.0,,,1.0,26.0,,,,,,,,,,,1.0,1.0,7.0,,,10.0,,,,,,,,,,,1.0,,,,1.0,0.0,,3.0,,1.0,1.0,2.0,,,,16.0,4.0,19.0,,,,,1.0,142.0,6.0,,2.0,1.0,25.0,30.0,0.0,1.0,,3.0,11.0,54.0,,5.0,5.0,3.0,,,1.0,2.0,10.0,0.0,0.0
QPR_52,2014-15,176426,Brandon Comley,Walsall,Midfielder,Montserrat,,,,1.0,,,1.0,1.0,,,,,,,,,,,,0.0026,0.0291,,,0.885,3.0,,,,1.0,,,,,,,1.0,1.0,,,,,,,,,,,,,,,3.0,1.0,,,11.0,,,,,,,,,,,,,,,,4.0,,,,,,,,,,1.0,,,,,,0.0,,1.0,,,,,,,1.0,4.0,6.0,9.0,,,,,,10.0,,,,,2.0,11.0,0.0,,,,1.0,13.0,,,,,,,,,1.0,0.0,0.0
QPR_52,2014-15,151453,Frankie Sutherland,Ebbsfleet United,Forward,Ireland,,,,,,,,,,,,,,,,,,,,,,,,,,,,,,,,,,,,,,,,,,,,,,,,,,,,,,,,,,,,,,,,,,,,,,,,,,,,,,,,,,,,,,,,0.0,,,,,,,,,,,,,,,,,,,,,,,,,0.0,,,,,,,,,,,,,,,,0.0
QPR_52,2014-15,167890,Michael Petrasso,Maidstone United,Midfielder,Canada,,,,,,,,,,,,,,,,,,,,,,,,,,,,,,,,,,,,,,,,,,,,,,,,,,,,,,,,,,,,,,,,,,,,,,,,,,,,,,,,,,,,,,,,0.0,,,,,,,,,,,,,,,,,,,,,,,,,0.0,,,,,,,,,,,,,,,,0.0
QPR_52,2014-15,78356,Charlie Austin,Swindon Town,Forward,England,281.0,189.0,92.0,35.0,,8.0,183.0,51.0,3.0,,3.0,1.0,,22.0,,,492.0,324.0,168.0,3.57,17.1762,,16.1404,61.9214,203.0,11.0,1.0,,35.0,,,5.0,,,18.0,65.0,56.0,9.0,211.0,135.0,76.0,6.0,5.0,2.0,10.0,25.0,22.0,10.0,18.0,,2.0,156.0,26.0,13.0,35.0,715.0,,2.0,,,,,5.0,3.0,2.0,,45.0,22.0,85.0,1.0,11.0,212.0,,,,,,,1.0,,25.0,26.0,26.0,22.0,53.0,13.0,35.0,0.0,3.0,,,11.0,11.0,15.0,2.0,38.0,21.0,389.0,119.0,476.0,7.0,16.0,1.0,,5.0,3069.0,83.0,41.0,36.0,44.0,452.0,754.0,1.0,79.0,23.0,166.0,257.0,1289.0,,29.0,29.0,20.0,17.0,7.0,32.0,31.0,225.0,5.0,4.0
QPR_52,2014-15,105835,Eduardo Vargas,Queens Park Rangers,Forward,Chile,53.0,35.0,18.0,21.0,2.0,1.0,114.0,16.0,,,,,10.0,8.0,,,192.0,118.0,74.0,1.3303,3.5311,0.1459,2.0084,26.8717,125.0,5.0,,2.0,21.0,,,2.0,,,3.0,31.0,25.0,6.0,139.0,83.0,56.0,1.0,,1.0,2.0,7.0,5.0,15.0,13.0,,,156.0,9.0,4.0,3.0,497.0,,2.0,,1.0,,,,,1.0,,29.0,16.0,86.0,,3.0,116.0,,,,,,,1.0,,7.0,9.0,13.0,5.0,12.0,4.0,16.0,0.0,8.0,5.0,5.0,9.0,3.0,20.0,,26.0,16.0,264.0,134.0,373.0,4.0,14.0,1.0,1.0,1.0,1385.0,56.0,9.0,12.0,21.0,238.0,511.0,0.0,25.0,18.0,59.0,122.0,789.0,4.0,32.0,25.0,17.0,3.0,1.0,13.0,29.0,109.0,0.0,1.0
QPR_52,2014-15,4570,Bobby Zamora,Brighton and Hove Albion,Forward,England,180.0,122.0,58.0,31.0,1.0,3.0,163.0,5.0,3.0,,1.0,,,4.0,,,300.0,207.0,93.0,3.006,2.7821,0.0738,2.0184,30.4853,138.0,7.0,,1.0,31.0,,,4.0,,,3.0,25.0,22.0,3.0,120.0,85.0,35.0,4.0,,1.0,0.0,4.0,3.0,5.0,46.0,,2.0,182.0,1.0,,24.0,616.0,,,,,,,,,1.0,,17.0,7.0,51.0,,1.0,149.0,,,,,,,,,4.0,1.0,18.0,3.0,6.0,,19.0,0.0,13.0,12.0,,7.0,7.0,5.0,3.0,89.0,18.0,325.0,92.0,392.0,1.0,9.0,,1.0,3.0,1782.0,37.0,11.0,47.0,20.0,323.0,632.0,0.0,24.0,10.0,98.0,222.0,857.0,,16.0,16.0,5.0,4.0,22.0,13.0,26.0,209.0,0.0,4.0
QPR_52,2014-15,49696,Mauro Zárate,Watford,Forward,Argentina,7.0,6.0,1.0,11.0,,2.0,48.0,9.0,1.0,,,,9.0,7.0,,,84.0,50.0,34.0,0.0794,0.2501,,0.3049,2.3925,34.0,5.0,,,11.0,,,1.0,,,2.0,7.0,6.0,1.0,77.0,44.0,33.0,,,,0.0,1.0,1.0,5.0,6.0,,1.0,40.0,,,2.0,164.0,,5.0,,,,,,,,,7.0,3.0,25.0,,1.0,48.0,,,,,,,,,1.0,,2.0,1.0,6.0,,5.0,0.0,5.0,6.0,6.0,8.0,1.0,16.0,,12.0,2.0,110.0,43.0,143.0,4.0,6.0,2.0,,3.0,486.0,31.0,1.0,11.0,7.0,92.0,170.0,0.0,8.0,10.0,13.0,25.0,309.0,3.0,18.0,14.0,14.0,2.0,1.0,5.0,1.0,20.0,0.0,2.0
Southampton_20,2014-15,40383,Fraser Forster,Bournemouth,Goalkeeper,England,2.0,,2.0,30.0,,,,,,37.0,13.0,,,,1.0,4.0,5.0,1.0,4.0,0.1034,,,,21.9647,612.0,,,,30.0,196.0,94.0,,194.0,,,21.0,15.0,6.0,3.0,1.0,2.0,,,,,,,,1.0,,,66.0,,,,409.0,,,,,,,,,,12.0,1.0,,200.0,,,56.0,,61.0,1.0,31.0,28.0,9.0,,,,,,,,,30.0,0.0,1.0,,,,,,130.0,,242.0,196.0,226.0,180.0,,,,,,2624.0,,17.0,,2.0,318.0,734.0,0.0,,,,312.0,957.0,,,,,182.0,,312.0,36.0,,0.0,1.0
Southampton_20,2014-15,3673,Kelvin Davis,Southampton U23,Goalkeeper,England,1.0,,1.0,7.0,,,,,,5.0,1.0,,,,,1.0,1.0,,1.0,0.0121,,,,8.6565,162.0,,,,7.0,55.0,31.0,,64.0,1.0,,9.0,9.0,,,,,,,,,,,,,,,11.0,,,,100.0,,,,,2.0,,,,2.0,1.0,1.0,,46.0,,,9.0,,15.0,1.0,11.0,3.0,5.0,,,,,,,,,6.0,0.0,,1.0,,,,,35.0,,64.0,51.0,48.0,35.0,,,,,,616.0,,3.0,,,84.0,182.0,0.0,,,,83.0,230.0,,,,,47.0,,83.0,23.0,,0.0,0.0
Southampton_20,2014-15,102884,Paulo Gazzaniga,Girona,Goalkeeper,Argentina,1.0,,1.0,2.0,,,,,,3.0,,,,,,,2.0,,2.0,0.0087,,,,3.2944,41.0,,,,2.0,23.0,7.0,,21.0,,,3.0,2.0,1.0,1.0,,1.0,,,,,,,,,,,2.0,,,,22.0,,,,,,,,,,2.0,,,14.0,,,4.0,,4.0,,3.0,1.0,2.0,,,,,,,,,2.0,0.0,,,,,,,6.0,,17.0,15.0,11.0,9.0,,,,,,180.0,,2.0,,1.0,21.0,47.0,0.0,,,,21.0,67.0,,,,,12.0,,21.0,5.0,,0.0,0.0
Southampton_20,2014-15,57328,Nathaniel Clyne,Crystal Palace,Defender,England,41.0,27.0,14.0,35.0,,2.0,247.0,5.0,6.0,,13.0,,,22.0,,,293.0,113.0,180.0,2.3036,0.856,,1.0241,31.8785,624.0,11.0,,,35.0,,,,,,2.0,32.0,25.0,7.0,252.0,86.0,166.0,1.0,,,0.0,2.0,,63.0,22.0,,,569.0,3.0,3.0,,1494.0,,8.0,,,,,,,2.0,,87.0,29.0,195.0,,2.0,63.0,,,,,,,1.0,,2.0,3.0,9.0,,5.0,3.0,35.0,0.0,1.0,,,18.0,18.0,27.0,38.0,1.0,74.0,730.0,469.0,1107.0,41.0,74.0,2.0,40.0,343.0,3147.0,35.0,77.0,19.0,26.0,536.0,1503.0,0.0,14.0,115.0,29.0,322.0,2478.0,,98.0,98.0,18.0,93.0,,123.0,85.0,199.0,0.0,4.0
Southampton_20,2014-15,80447,Maya Yoshida,Southampton,Defender,Japan,65.0,17.0,48.0,22.0,,0.0,72.0,3.0,8.0,,6.0,,,1.0,,,153.0,53.0,100.0,0.6676,1.3411,,0.3426,21.2879,468.0,8.0,,,22.0,,,1.0,,,1.0,21.0,16.0,5.0,88.0,36.0,52.0,,,,1.0,2.0,1.0,44.0,3.0,,,176.0,1.0,1.0,,983.0,1.0,,,,,,,,2.0,,24.0,15.0,114.0,,,288.0,,,,,,,,,2.0,1.0,4.0,1.0,3.0,1.0,18.0,0.0,2.0,4.0,,3.0,3.0,5.0,40.0,,85.0,247.0,569.0,728.0,5.0,30.0,,7.0,24.0,1690.0,9.0,91.0,15.0,13.0,231.0,1004.0,0.0,7.0,35.0,17.0,191.0,1307.0,,8.0,8.0,2.0,62.0,,98.0,75.0,93.0,0.0,3.0
Southampton_20,2014-15,84395,Florin Gardos,Southampton,Defender,Romania,25.0,3.0,22.0,11.0,,,20.0,1.0,4.0,,1.0,,,,,,63.0,20.0,43.0,0.0315,0.055,,,3.5952,129.0,5.0,,,11.0,,,,,,,3.0,3.0,,38.0,17.0,21.0,,,,,1.0,,13.0,1.0,,,56.0,,,,291.0,,,,,,,,,,,4.0,2.0,36.0,,,87.0,,,,,,,,,1.0,,,,,,5.0,0.0,2.0,6.0,,,,,6.0,,17.0,58.0,180.0,221.0,3.0,17.0,,,,574.0,3.0,37.0,8.0,1.0,61.0,292.0,0.0,,20.0,3.0,54.0,381.0,,,,1.0,11.0,,22.0,19.0,32.0,0.0,1.0
Southampton_20,2014-15,38580,José Fonte,Sporting Braga,Defender,Portugal,108.0,48.0,60.0,37.0,,,172.0,7.0,22.0,,15.0,,,6.0,,,252.0,98.0,154.0,1.0206,1.6585,,0.589,32.8355,843.0,15.0,,,37.0,,,1.0,,,,32.0,25.0,7.0,144.0,50.0,94.0,1.0,,2.0,,5.0,4.0,118.0,9.0,3.0,,660.0,2.0,1.0,,1893.0,,1.0,,1.0,,,,,2.0,,34.0,20.0,219.0,,,283.0,,,,,,,,,5.0,2.0,11.0,4.0,5.0,1.0,37.0,0.0,,,,3.0,3.0,4.0,66.0,,166.0,483.0,1157.0,1471.0,22.0,57.0,,1.0,3.0,3330.0,10.0,200.0,28.0,13.0,360.0,1958.0,0.0,16.0,79.0,40.0,321.0,2503.0,,10.0,10.0,1.0,121.0,1.0,188.0,103.0,133.0,0.0,5.0
Southampton_20,2014-15,55605,Toby Alderweireld,Antwerp,Defender,Belgium,70.0,33.0,37.0,26.0,3.0,1.0,96.0,6.0,21.0,,9.0,1.0,,7.0,,,162.0,68.0,94.0,0.4844,1.0864,0.203,1.3111,22.2732,436.0,5.0,,3.0,26.0,,,,,,1.0,22.0,18.0,4.0,92.0,35.0,57.0,1.0,1.0,1.0,0.0,2.0,2.0,31.0,7.0,1.0,,241.0,4.0,4.0,,1083.0,,1.0,,,,,,,2.0,,29.0,19.0,125.0,,,335.0,,,,,,,,,2.0,4.0,5.0,2.0,7.0,4.0,26.0,0.0,2.0,,,5.0,5.0,7.0,23.0,,135.0,261.0,631.0,752.0,9.0,35.0,,3.0,10.0,2257.0,6.0,141.0,12.0,6.0,249.0,1108.0,0.0,12.0,44.0,10.0,221.0,1457.0,,8.0,8.0,2.0,62.0,,119.0,67.0,102.0,0.0,3.0
Southampton_20,2014-15,40146,Ryan Bertrand,Leicester City U21,Defender,England,92.0,38.0,54.0,34.0,1.0,1.0,218.0,4.0,8.0,,13.0,3.0,,28.0,,,285.0,126.0,159.0,,,,,,623.0,14.0,1.0,,34.0,,,2.0,,,2.0,30.0,24.0,6.0,193.0,88.0,105.0,1.0,,,1.0,,,68.0,25.0,1.0,1.0,46.0,,,2.0,1358.0,,12.0,,,,,,,2.0,,58.0,30.0,151.0,,1.0,510.0,,,,,,,,,,,7.0,,3.0,,34.0,1.0,1.0,,,31.0,31.0,22.0,30.0,,78.0,638.0,504.0,1033.0,11.0,34.0,1.0,46.0,291.0,3055.0,49.0,49.0,29.0,40.0,527.0,1397.0,1.0,10.0,45.0,44.0,286.0,2280.0,,89.0,88.0,27.0,76.0,,115.0,91.0,171.0,0.0,3.0
Southampton_20,2014-15,88900,Jack Stephens,Southampton U21,Defender,England,,,,,,,,,,,,,,,,,,,,,,,,,,,,,,,,,,,,,,,,,,,,,,,,,,,,,,,,,,,,,,,,,,,,,,,,,,,,,,,,,,,,,,,,0.0,,,,,,,,,,,,,,,,,,,,,,,,,0.0,,,,,,,,,,,,,,,,0.0
Southampton_20,2014-15,15976,Jos Hooiveld,Southampton,Defender,Netherlands,,,,,,,,,,,,,,,,,,,,,,,,,,,,,,,,,,,,,,,,,,,,,,,,,,,,,,,,,,,,,,,,,,,,,,,,,,,,,,,,,,,,,,,,0.0,,,,,,,,,,,,,,,,,,,,,,,,,0.0,,,,,,,,,,,,,,,,0.0
Southampton_20,2014-15,153368,Jason McCarthy,Wycombe Wanderers,Defender,England,1.0,,1.0,1.0,,,,,,,,,,,,,1.0,,1.0,0.0051,,,,0.2154,5.0,,,,1.0,,,,,,,,,,,,,,,,,,,,,,,3.0,,,,8.0,,,,,,,,,,,,,,,,,,,,,,,,,,,,,,,,0.0,,1.0,,,,,,,,5.0,,5.0,,,,,2.0,3.0,,1.0,,,3.0,8.0,0.0,,,,3.0,12.0,,,,,,,1.0,,2.0,0.0,0.0
Southampton_20,2014-15,169359,Matt Targett,Newcastle United U21,Defender,England,5.0,1.0,4.0,6.0,,,18.0,1.0,,,,,,,,,25.0,9.0,16.0,0.18,0.0473,,,2.2185,49.0,,,,6.0,,,,,,,3.0,2.0,1.0,20.0,8.0,12.0,,,,,,,4.0,1.0,,,2.0,1.0,,,101.0,,1.0,,,,,,,,,6.0,3.0,13.0,,,34.0,,,,,,,,,,1.0,,,,,3.0,0.0,1.0,3.0,,2.0,2.0,3.0,4.0,,9.0,48.0,33.0,70.0,1.0,5.0,,4.0,22.0,225.0,3.0,7.0,1.0,3.0,40.0,103.0,0.0,,6.0,,24.0,176.0,,3.0,3.0,2.0,10.0,,15.0,8.0,9.0,0.0,0.0
Southampton_20,2014-15,42774,Morgan Schneiderlin,Nice,Midfielder,France,99.0,52.0,47.0,26.0,2.0,3.0,193.0,7.0,5.0,,10.0,,19.0,7.0,,,332.0,158.0,174.0,1.857,2.8355,0.1328,4.2462,16.7136,522.0,36.0,,2.0,26.0,,,1.0,,,4.0,16.0,14.0,2.0,233.0,106.0,127.0,,,2.0,1.0,4.0,4.0,63.0,19.0,,1.0,434.0,3.0,2.0,1.0,1537.0,,2.0,,,,,,,,,39.0,27.0,187.0,1.0,3.0,440.0,,,,,,,,,4.0,3.0,13.0,4.0,10.0,2.0,24.0,0.0,3.0,2.0,4.0,7.0,2.0,16.0,9.0,9.0,136.0,730.0,696.0,1283.0,17.0,79.0,,,2.0,2185.0,25.0,42.0,48.0,19.0,241.0,1589.0,1.0,23.0,96.0,37.0,170.0,1991.0,12.0,23.0,7.0,6.0,15.0,,50.0,55.0,120.0,1.0,5.0
Southampton_20,2014-15,17339,Steven Davis,Rangers,Midfielder,Northern Ireland,44.0,34.0,10.0,35.0,1.0,,381.0,7.0,4.0,,8.0,,45.0,13.0,,,245.0,144.0,101.0,4.4583,2.8288,0.0636,1.9332,20.8209,468.0,9.0,,1.0,35.0,,,2.0,,,,24.0,17.0,7.0,201.0,110.0,91.0,1.0,,2.0,,4.0,4.0,37.0,47.0,,,391.0,3.0,1.0,4.0,1679.0,,1.0,,,,,,,,,57.0,27.0,219.0,,,462.0,,,,,,,,,4.0,3.0,18.0,4.0,5.0,1.0,32.0,0.0,16.0,3.0,13.0,25.0,11.0,12.0,1.0,35.0,110.0,832.0,647.0,1344.0,10.0,55.0,8.0,,15.0,2648.0,58.0,50.0,16.0,15.0,418.0,1702.0,0.0,23.0,65.0,55.0,248.0,2175.0,25.0,73.0,33.0,12.0,10.0,3.0,57.0,50.0,191.0,0.0,3.0
Southampton_20,2014-15,110979,Sadio Mané,Al Nassr,Forward,Senegal,61.0,43.0,18.0,30.0,2.0,3.0,214.0,13.0,,,4.0,,1.0,22.0,,,377.0,186.0,191.0,3.87,8.4369,0.1047,8.5437,24.1537,185.0,20.0,1.0,2.0,30.0,,,3.0,,,10.0,25.0,21.0,4.0,316.0,143.0,173.0,3.0,,,7.0,9.0,8.0,15.0,37.0,,3.0,166.0,4.0,7.0,24.0,815.0,,9.0,,,,,,,2.0,,61.0,26.0,116.0,,7.0,260.0,,,,,,,1.0,,9.0,4.0,22.0,8.0,25.0,7.0,24.0,0.0,9.0,6.0,,11.0,11.0,59.0,,49.0,19.0,491.0,175.0,636.0,6.0,34.0,6.0,1.0,16.0,2135.0,93.0,7.0,34.0,76.0,379.0,825.0,0.0,47.0,40.0,128.0,170.0,1370.0,,36.0,36.0,42.0,5.0,8.0,14.0,26.0,156.0,5.0,5.0
Southampton_20,2014-15,62399,Dusan Tadic,Fenerbahçe,Forward,Serbia,32.0,24.0,8.0,31.0,12.0,2.0,179.0,16.0,2.0,,5.0,,61.0,30.0,,,242.0,148.0,94.0,6.9033,5.8347,0.7795,6.7279,15.3596,285.0,11.0,,12.0,31.0,,,7.0,,,4.0,16.0,11.0,5.0,210.0,124.0,86.0,1.0,,2.0,2.0,6.0,11.0,19.0,61.0,,4.0,220.0,10.0,6.0,13.0,828.0,,6.0,,,,,2.0,1.0,,,52.0,30.0,96.0,,,172.0,,,,,,,2.0,,6.0,10.0,16.0,11.0,21.0,6.0,24.0,0.0,13.0,7.0,11.0,53.0,37.0,22.0,3.0,24.0,12.0,554.0,164.0,653.0,10.0,31.0,6.0,,53.0,2060.0,72.0,7.0,30.0,24.0,478.0,856.0,0.0,37.0,41.0,106.0,191.0,1465.0,38.0,172.0,122.0,27.0,8.0,3.0,30.0,34.0,161.0,1.0,2.0
Southampton_20,2014-15,54756,Victor Wanyama,Tottenham Hotspur,Midfielder,Kenya,133.0,64.0,69.0,32.0,,2.0,249.0,6.0,5.0,,7.0,,,3.0,,,432.0,203.0,229.0,0.9734,1.6062,,1.482,28.2842,426.0,37.0,,,32.0,,,1.0,,,3.0,26.0,21.0,5.0,299.0,139.0,160.0,2.0,,,1.0,3.0,2.0,59.0,15.0,,,418.0,3.0,3.0,,1493.0,,2.0,,,,,,,2.0,,54.0,36.0,210.0,,3.0,419.0,,,,,,,,,3.0,3.0,14.0,2.0,8.0,3.0,26.0,0.0,6.0,6.0,,1.0,1.0,37.0,6.0,7.0,66.0,616.0,657.0,1206.0,15.0,78.0,3.0,,3.0,2360.0,38.0,52.0,68.0,33.0,331.0,1512.0,0.0,22.0,93.0,18.0,240.0,1967.0,,15.0,15.0,3.0,21.0,,52.0,75.0,188.0,2.0,10.0
Southampton_20,2014-15,66228,Filip Djuricic,Panathinaikos,Midfielder,Serbia,6.0,3.0,3.0,9.0,,,25.0,3.0,,,,,4.0,6.0,,,52.0,25.0,27.0,0.6884,0.3703,,0.1637,5.3117,50.0,1.0,,,9.0,,,,,,,4.0,3.0,1.0,46.0,22.0,24.0,,,,,2.0,1.0,5.0,5.0,,,44.0,1.0,,2.0,148.0,,1.0,,,,,,,1.0,,13.0,5.0,27.0,,,34.0,,,,,,,1.0,,2.0,1.0,3.0,1.0,1.0,,3.0,0.0,3.0,6.0,,2.0,1.0,11.0,,4.0,1.0,92.0,27.0,116.0,,6.0,,1.0,3.0,327.0,15.0,3.0,4.0,7.0,70.0,153.0,0.0,4.0,6.0,18.0,36.0,240.0,3.0,9.0,5.0,5.0,1.0,,2.0,2.0,34.0,0.0,1.0
Southampton_20,2014-15,101178,James Ward-Prowse,Burnley,Midfielder,England,30.0,20.0,10.0,25.0,4.0,0.0,140.0,9.0,1.0,,3.0,,71.0,11.0,,,139.0,94.0,45.0,3.4665,2.9658,0.3105,3.3927,14.7667,200.0,8.0,,4.0,25.0,,,6.0,,,1.0,14.0,11.0,3.0,109.0,74.0,35.0,,,1.0,1.0,1.0,6.0,15.0,27.0,,,171.0,8.0,5.0,,659.0,,5.0,,1.0,,,1.0,1.0,1.0,,25.0,15.0,69.0,,1.0,174.0,,,,,,,,,1.0,8.0,9.0,6.0,12.0,5.0,16.0,1.0,9.0,9.0,18.0,29.0,6.0,5.0,1.0,23.0,29.0,435.0,191.0,568.0,4.0,16.0,1.0,,1.0,1478.0,34.0,12.0,22.0,11.0,234.0,685.0,1.0,21.0,20.0,32.0,88.0,982.0,45.0,87.0,18.0,7.0,5.0,1.0,21.0,16.0,67.0,1.0,0.0
Southampton_20,2014-15,153366,Harrison Reed,Fulham,Midfielder,England,19.0,15.0,4.0,9.0,,,47.0,1.0,1.0,,1.0,,,2.0,,,91.0,44.0,47.0,0.0668,0.1376,,0.0978,3.0908,74.0,4.0,,,9.0,,,,,,,3.0,2.0,1.0,72.0,29.0,43.0,,,,,1.0,1.0,16.0,,,,55.0,,1.0,,227.0,,2.0,,,,,,,,,17.0,11.0,28.0,,,57.0,,,,,,,,,1.0,,1.0,1.0,2.0,1.0,5.0,0.0,2.0,4.0,,,,1.0,2.0,1.0,9.0,85.0,108.0,184.0,4.0,27.0,,,1.0,460.0,5.0,10.0,7.0,12.0,61.0,233.0,0.0,3.0,31.0,2.0,40.0,348.0,,4.0,4.0,4.0,5.0,,16.0,12.0,24.0,0.0,0.0
Southampton_20,2014-15,39018,Eljero Elia,Istanbul Basaksehir,Forward,Netherlands,10.0,6.0,4.0,16.0,,2.0,93.0,2.0,,,,,7.0,13.0,,,133.0,73.0,60.0,0.8951,0.8197,,1.0156,7.9525,64.0,9.0,,,16.0,,,,,,2.0,8.0,5.0,3.0,123.0,67.0,56.0,,,,0.0,,3.0,10.0,11.0,,,32.0,2.0,1.0,1.0,273.0,,6.0,,,,,,,,,22.0,14.0,43.0,,2.0,85.0,,,,,,,,,,2.0,7.0,3.0,6.0,1.0,9.0,0.0,8.0,7.0,2.0,4.0,2.0,15.0,1.0,14.0,2.0,162.0,59.0,215.0,2.0,24.0,3.0,,7.0,787.0,43.0,3.0,17.0,15.0,164.0,274.0,0.0,13.0,26.0,27.0,57.0,493.0,5.0,38.0,32.0,23.0,3.0,6.0,4.0,12.0,53.0,1.0,2.0
Southampton_20,2014-15,78091,Gastón Ramírez,Middlesbrough,Midfielder,Uruguay,36.0,25.0,11.0,23.0,2.0,1.0,102.0,4.0,1.0,,,,32.0,13.0,,,199.0,110.0,89.0,1.4261,0.8592,0.1643,0.8495,9.9293,114.0,7.0,,2.0,23.0,,,2.0,,,1.0,13.0,8.0,5.0,163.0,85.0,78.0,,,1.0,0.0,2.0,3.0,9.0,21.0,,1.0,123.0,1.0,2.0,3.0,472.0,,10.0,,,,,,,,,34.0,22.0,74.0,,,148.0,,,,,,,,,2.0,1.0,7.0,3.0,6.0,2.0,11.0,1.0,7.0,12.0,11.0,15.0,2.0,23.0,,14.0,25.0,267.0,154.0,381.0,9.0,26.0,4.0,1.0,2.0,1008.0,46.0,7.0,15.0,22.0,205.0,487.0,1.0,13.0,35.0,26.0,81.0,773.0,20.0,35.0,5.0,12.0,4.0,2.0,18.0,15.0,63.0,0.0,1.0
Southampton_20,2014-15,101179,Lloyd Isgrove,Bolton Wanderers,Midfielder,Wales,,,,1.0,,,1.0,,,,,,,,,,4.0,1.0,3.0,0.0068,,,,,2.0,,,,1.0,,,,,,,,,,4.0,1.0,3.0,,,,,,,,,,,,,,,7.0,,,,,,,,,,,,,1.0,,,4.0,,,,,,,,,,,,,,,,0.0,,1.0,,,,,,1.0,2.0,4.0,2.0,4.0,2.0,,,,1.0,8.0,,,,1.0,3.0,7.0,0.0,,2.0,,1.0,13.0,,2.0,2.0,,,,,,1.0,0.0,0.0
Southampton_20,2014-15,153372,Jake Flannigan,Havant & Waterlooville,Midfielder,England,,,,,,,,,,,,,,,,,,,,,,,,,,,,,,,,,,,,,,,,,,,,,,,,,,,,,,,,,,,,,,,,,,,,,,,,,,,,,,,,,,,,,,,,0.0,,,,,,,,,,,,,,,,,,,,,,,,,0.0,,,,,,,,,,,,,,,,0.0
Southampton_20,2014-15,153373,Sam McQueen,Southampton U21,Defender,England,,,,,,,,,,,,,,,,,,,,,,,,,,,,,,,,,,,,,,,,,,,,,,,,,,,,,,,,,,,,,,,,,,,,,,,,,,,,,,,,,,,,,,,,0.0,,,,,,,,,,,,,,,,,,,,,,,,,0.0,,,,,,,,,,,,,,,,0.0
Southampton_20,2014-15,158544,Jake Hesketh,Eastleigh,Midfielder,England,1.0,1.0,,2.0,,,5.0,,,,,,,,,,6.0,4.0,2.0,0.0862,0.0908,,0.115,0.5722,6.0,1.0,,,2.0,,,,,,,1.0,1.0,,5.0,3.0,2.0,,,,,,,,,,,2.0,,1.0,,18.0,,,,,,,,,,,2.0,,,,,5.0,,,,,,,,,,,1.0,,1.0,1.0,1.0,0.0,1.0,1.0,,,,,,,,15.0,1.0,16.0,1.0,1.0,,,,52.0,1.0,,1.0,,4.0,18.0,0.0,2.0,2.0,1.0,2.0,24.0,,1.0,1.0,,,,,,2.0,0.0,1.0
Southampton_20,2014-15,133639,Dominic Gape,Colchester United,Midfielder,England,,,,1.0,,,,,,,,,,,,,2.0,,2.0,,,,,0.1006,,,,,1.0,,,,,,,,,,2.0,,2.0,,,,,,,,,,,1.0,,,,1.0,,,,,,,,,,,,,,,,,,,,,,,,,,,,,,,,0.0,,1.0,,,,,,,,,1.0,1.0,1.0,1.0,,,,1.0,,,,,,1.0,0.0,,2.0,,,4.0,,,,,,,,,,0.0,0.0
Southampton_20,2014-15,49596,Emmanuel Mayuka,Southampton,Forward,Zambia,3.0,3.0,,5.0,,,3.0,,,,,,,1.0,,,11.0,10.0,1.0,0.0285,,,,3.5704,3.0,1.0,,,5.0,,,,,,,2.0,2.0,,8.0,7.0,1.0,,,,,,,2.0,1.0,,,8.0,,,1.0,14.0,,1.0,,,,,,,,,1.0,,4.0,,,,,,,,,,,,,,,,,,,0.0,,5.0,,,,,,1.0,,7.0,2.0,9.0,,1.0,,,,49.0,5.0,1.0,2.0,,12.0,14.0,0.0,,1.0,,5.0,25.0,,,,3.0,,1.0,,1.0,5.0,0.0,0.0
Southampton_20,2014-15,20452,Shane Long,Reading,Forward,Ireland,89.0,43.0,46.0,32.0,,0.0,112.0,6.0,1.0,,2.0,,,15.0,,,237.0,129.0,108.0,1.6346,4.0865,,4.2223,18.2035,111.0,13.0,1.0,,32.0,,,5.0,,,5.0,15.0,13.0,2.0,148.0,86.0,62.0,2.0,,,5.0,4.0,7.0,22.0,16.0,,2.0,120.0,2.0,3.0,19.0,429.0,,10.0,,,,,,,1.0,,41.0,23.0,69.0,,3.0,95.0,,,,,,,,,4.0,2.0,16.0,7.0,15.0,3.0,16.0,0.0,11.0,16.0,,16.0,16.0,10.0,,20.0,7.0,232.0,81.0,290.0,4.0,19.0,2.0,1.0,1.0,1539.0,48.0,17.0,28.0,31.0,280.0,438.0,0.0,31.0,23.0,72.0,141.0,781.0,,41.0,41.0,19.0,10.0,9.0,22.0,23.0,119.0,2.0,2.0
Southampton_20,2014-15,17784,Graziano Pellè,Southampton,Forward,Italy,350.0,174.0,176.0,38.0,,1.0,293.0,24.0,6.0,,13.0,,,17.0,,,536.0,311.0,225.0,2.9471,16.7621,,13.6863,30.8464,356.0,14.0,,,38.0,,,2.0,,,12.0,31.0,24.0,7.0,186.0,137.0,49.0,10.0,2.0,7.0,11.0,20.0,21.0,7.0,41.0,,5.0,259.0,4.0,5.0,25.0,1177.0,,,,,,,,,2.0,,47.0,11.0,85.0,,5.0,312.0,,,,,,,,,20.0,4.0,61.0,21.0,38.0,5.0,37.0,0.0,4.0,1.0,,3.0,3.0,7.0,1.0,163.0,29.0,630.0,170.0,768.0,1.0,10.0,4.0,,5.0,3284.0,73.0,41.0,70.0,37.0,591.0,1220.0,0.0,99.0,11.0,210.0,423.0,1671.0,,15.0,15.0,6.0,4.0,44.0,30.0,56.0,393.0,2.0,6.0
Southampton_20,2014-15,153371,Sam Gallagher,Stoke City,Forward,England,,,,,,,,,,,,,,,,,,,,,,,,,,,,,,,,,,,,,,,,,,,,,,,,,,,,,,,,,,,,,,,,,,,,,,,,,,,,,,,,,,,,,,,,0.0,,,,,,,,,,,,,,,,,,,,,,,,,0.0,,,,,,,,,,,,,,,,0.0
Southampton_20,2014-15,158545,Ryan Seager,Havant & Waterlooville,Forward,England,,,,1.0,,,,,,,,,,,,,,,,,,,,,,,,,1.0,,,,,,,,,,,,,,,,,,,,1.0,,,,,,,,,,,,,,,,,,,,,,,,,,,,,,,,,,,,,,,0.0,,1.0,,,,,,,,,,,,,,,1.0,1.0,,,,,,,0.0,,,1.0,,2.0,,,,,,,,,,0.0,0.0
Spurs_6,2014-15,37915,Hugo Lloris,Los Angeles Football Club,Goalkeeper,France,6.0,1.0,5.0,35.0,,,,,,42.0,8.0,,,,,3.0,15.0,3.0,12.0,0.0431,,,,54.9406,660.0,,,,35.0,313.0,113.0,,278.0,3.0,,48.0,42.0,6.0,9.0,2.0,7.0,,,,,,,4.0,,,,113.0,,,,467.0,,,,,7.0,1.0,,,5.0,27.0,,,307.0,,,140.0,1.0,107.0,18.0,75.0,32.0,27.0,,,,,,,,,35.0,0.0,1.0,,,,,1.0,74.0,,253.0,131.0,422.0,300.0,,1.0,,,,3064.0,,42.0,,3.0,363.0,913.0,0.0,,1.0,,360.0,1276.0,,,,,172.0,1.0,357.0,76.0,3.0,0.0,0.0
Spurs_6,2014-15,39215,Michel Vorm,Tottenham Hotspur,Goalkeeper,Netherlands,1.0,1.0,,4.0,,,,,,6.0,1.0,,,,,,1.0,1.0,,0.0026,,,,5.5185,78.0,,,,4.0,37.0,25.0,,36.0,,,5.0,4.0,1.0,,,,,,,,,,,1.0,,,22.0,,,,63.0,,,,,,,,,,1.0,1.0,,43.0,,,13.0,,12.0,3.0,8.0,4.0,2.0,,,,,,,,,3.0,0.0,,1.0,,,,,13.0,,24.0,15.0,47.0,38.0,,,,,,356.0,,3.0,,,51.0,113.0,0.0,,,,51.0,161.0,,,,,23.0,,51.0,9.0,,0.0,0.0
Spurs_6,2014-15,1803,Brad Friedel,Tottenham Hotspur,Goalkeeper,United States,,,,,,,,,,,,,,,,,,,,,,,,,,,,,,,,,,,,,,,,,,,,,,,,,,,,,,,,,,,,,,,,,,,,,,,,,,,,,,,,,,,,,,,,0.0,,,,,,,,,,,,,,,,,,,,,,,,,0.0,,,,,,,,,,,,,,,,0.0
Spurs_6,2014-15,58621,Kyle Walker,Burnley,Defender,England,49.0,24.0,25.0,15.0,,,100.0,3.0,3.0,,1.0,,,5.0,,,156.0,69.0,87.0,0.6678,0.1535,,,28.6384,309.0,6.0,,,15.0,,,,,,,24.0,20.0,4.0,107.0,45.0,62.0,1.0,,,,,,33.0,11.0,1.0,,308.0,3.0,,,744.0,,5.0,,,,,,,2.0,,41.0,12.0,88.0,,,38.0,,,,,,,,,,3.0,3.0,,,,15.0,0.0,1.0,,,5.0,5.0,14.0,6.0,,36.0,348.0,261.0,568.0,9.0,29.0,,55.0,115.0,1307.0,24.0,42.0,15.0,10.0,283.0,755.0,0.0,3.0,38.0,21.0,151.0,1186.0,,31.0,31.0,8.0,35.0,,52.0,46.0,99.0,0.0,3.0
Spurs_6,2014-15,38290,Danny Rose,Watford,Defender,England,67.0,35.0,32.0,28.0,,0.0,111.0,5.0,9.0,,6.0,,1.0,21.0,,,323.0,137.0,186.0,1.7988,1.732,,3.1218,41.7022,497.0,28.0,1.0,,28.0,,,4.0,,,3.0,38.0,35.0,3.0,256.0,102.0,154.0,3.0,,,3.0,4.0,3.0,60.0,23.0,1.0,2.0,45.0,1.0,1.0,4.0,1070.0,,9.0,,1.0,,,,,5.0,,46.0,22.0,152.0,,1.0,449.0,,,,,,,,,4.0,1.0,12.0,3.0,7.0,1.0,27.0,0.0,5.0,1.0,,19.0,19.0,25.0,14.0,6.0,42.0,508.0,377.0,824.0,10.0,70.0,,68.0,197.0,2372.0,41.0,75.0,49.0,51.0,458.0,1102.0,0.0,19.0,80.0,47.0,236.0,1924.0,,70.0,70.0,17.0,60.0,,93.0,66.0,143.0,0.0,7.0
Spurs_6,2014-15,37742,Younes Kaboul,Watford,Defender,France,41.0,21.0,20.0,11.0,,,25.0,2.0,6.0,,3.0,,,2.0,,,92.0,43.0,49.0,0.2489,0.9683,,0.9774,15.3367,245.0,5.0,,,11.0,,,,,,,16.0,15.0,1.0,51.0,22.0,29.0,,,,,2.0,1.0,34.0,4.0,,,162.0,,,,499.0,,1.0,,1.0,,,,,3.0,,11.0,3.0,46.0,,,82.0,,,,,,,,,2.0,,2.0,1.0,1.0,,11.0,0.0,,,,1.0,1.0,8.0,20.0,,47.0,118.0,293.0,363.0,4.0,14.0,,,4.0,990.0,7.0,83.0,10.0,3.0,134.0,514.0,0.0,3.0,18.0,10.0,104.0,716.0,,14.0,14.0,1.0,36.0,,63.0,21.0,41.0,0.0,2.0
Spurs_6,2014-15,39194,Jan Vertonghen,Anderlecht,Defender,Belgium,132.0,43.0,89.0,32.0,,,83.0,1.0,21.0,,7.0,,,1.0,,,253.0,84.0,169.0,0.4449,0.6463,,0.2881,50.8837,563.0,11.0,,,32.0,,,,,,,44.0,38.0,6.0,121.0,41.0,80.0,,,,,1.0,3.0,70.0,3.0,2.0,,284.0,,,1.0,1345.0,,,1.0,,,,,,3.0,,21.0,11.0,159.0,,,469.0,,,,,,,,,1.0,,9.0,3.0,3.0,,31.0,0.0,,1.0,,1.0,1.0,12.0,22.0,,83.0,337.0,853.0,1106.0,8.0,43.0,,2.0,11.0,2810.0,6.0,224.0,20.0,19.0,233.0,1399.0,0.0,12.0,51.0,16.0,210.0,1884.0,,2.0,2.0,1.0,71.0,,103.0,69.0,107.0,0.0,6.0
Spurs_6,2014-15,62305,Vlad Chiriches,FCSB,Defender,Romania,16.0,9.0,7.0,10.0,,,35.0,,3.0,,2.0,,,5.0,,,74.0,39.0,35.0,0.2689,0.0213,,,9.8642,183.0,4.0,,,10.0,,,,,,,10.0,9.0,1.0,58.0,30.0,28.0,,,,,,,27.0,3.0,,,131.0,,,1.0,395.0,,4.0,,,,,,,,,14.0,7.0,54.0,1.0,,57.0,,,,,,,,,,,1.0,,,,8.0,0.0,2.0,2.0,,3.0,3.0,3.0,9.0,,30.0,161.0,175.0,303.0,4.0,15.0,1.0,9.0,34.0,709.0,10.0,17.0,11.0,7.0,121.0,406.0,1.0,1.0,19.0,5.0,73.0,588.0,,18.0,18.0,4.0,11.0,,19.0,30.0,54.0,0.0,2.0
Spurs_6,2014-15,40792,Federico Fazio,Salernitana,Defender,Argentina,132.0,35.0,97.0,20.0,,,30.0,1.0,27.0,,5.0,1.0,,1.0,,,205.0,62.0,143.0,0.1035,0.5886,,0.7267,33.6023,355.0,8.0,,,20.0,,,,,,,25.0,21.0,4.0,73.0,27.0,46.0,,,,,1.0,3.0,68.0,3.0,1.0,,284.0,,,,859.0,,1.0,,1.0,,,,,2.0,,15.0,7.0,82.0,,,222.0,,,,,,,,,1.0,,7.0,3.0,3.0,,20.0,1.0,,,,,,7.0,6.0,,40.0,193.0,529.0,682.0,11.0,25.0,1.0,,4.0,1777.0,7.0,167.0,15.0,7.0,189.0,891.0,1.0,10.0,36.0,24.0,169.0,1256.0,,1.0,1.0,4.0,51.0,,74.0,58.0,95.0,0.0,2.0
Spurs_6,2014-15,115556,Ben Davies,Tottenham Hotspur,Defender,Wales,35.0,16.0,19.0,14.0,,,70.0,,2.0,,2.0,,,2.0,,,91.0,39.0,52.0,0.2871,0.0395,,,15.1399,171.0,4.0,,,14.0,,,1.0,,,,12.0,8.0,4.0,56.0,23.0,33.0,,,,,,,21.0,7.0,1.0,,22.0,,,,451.0,,1.0,,,,,,,,,26.0,7.0,44.0,,,200.0,,,,,,,,,,,1.0,,,,9.0,0.0,1.0,5.0,,4.0,4.0,3.0,7.0,,24.0,197.0,178.0,347.0,2.0,17.0,,23.0,78.0,891.0,9.0,42.0,7.0,11.0,158.0,463.0,0.0,1.0,19.0,5.0,92.0,729.0,,24.0,24.0,4.0,28.0,,35.0,28.0,57.0,0.0,3.0
Spurs_6,2014-15,151119,DeAndre Yedlin,Inter Miami CF,Defender,United States,,,,1.0,,,,,,,,,,,,,2.0,1.0,1.0,0.0254,,,,0.6183,1.0,,,,1.0,,,,,,,,,,2.0,1.0,1.0,,,,,,,,,,,2.0,,,,3.0,,,,,,,,,,,1.0,1.0,1.0,,,,,,,,,,,,,,,,,,,0.0,,1.0,,,,,,,,1.0,2.0,3.0,,1.0,,,2.0,11.0,,,,,,3.0,0.0,,1.0,,,7.0,,,,,,,,,,0.0,0.0
Spurs_6,2014-15,153775,Dominic Ball,Cambridge United,Midfielder,England,,,,,,,,,,,,,,,,,,,,,,,,,,,,,,,,,,,,,,,,,,,,,,,,,,,,,,,,,,,,,,,,,,,,,,,,,,,,,,,,,,,,,,,,0.0,,,,,,,,,,,,,,,,,,,,,,,,,0.0,,,,,,,,,,,,,,,,0.0
Spurs_6,2014-15,126407,Nabil Bentaleb,Lille,Midfielder,Algeria,60.0,23.0,37.0,26.0,,,196.0,5.0,9.0,,5.0,,,3.0,,,236.0,99.0,137.0,1.4353,1.3248,,0.9508,39.4605,445.0,14.0,,,26.0,,,2.0,,,,35.0,31.0,4.0,176.0,76.0,100.0,,,,,2.0,,65.0,14.0,,,358.0,3.0,5.0,,1564.0,,1.0,,,,,,,2.0,,34.0,18.0,168.0,,,587.0,,,,,,,,,2.0,3.0,16.0,,5.0,5.0,25.0,0.0,3.0,1.0,,3.0,3.0,28.0,2.0,43.0,67.0,710.0,669.0,1309.0,14.0,45.0,4.0,2.0,8.0,2195.0,25.0,49.0,27.0,16.0,263.0,1586.0,0.0,21.0,59.0,10.0,210.0,1936.0,,6.0,6.0,5.0,14.0,,45.0,68.0,165.0,0.0,8.0
Spurs_6,2014-15,58791,Ryan Mason,Hull City,Midfielder,England,41.0,24.0,17.0,31.0,,0.0,159.0,8.0,4.0,,3.0,,2.0,13.0,,,271.0,116.0,155.0,2.455,2.8383,,2.3098,40.2692,509.0,16.0,,,31.0,,,4.0,,,1.0,36.0,31.0,5.0,230.0,92.0,138.0,2.0,,,1.0,2.0,3.0,51.0,25.0,,,460.0,6.0,10.0,1.0,1570.0,,5.0,,,,,,,3.0,,50.0,30.0,124.0,,1.0,479.0,,,,,,,,,2.0,6.0,19.0,3.0,14.0,10.0,29.0,0.0,15.0,2.0,,3.0,3.0,17.0,5.0,44.0,116.0,839.0,509.0,1229.0,23.0,62.0,7.0,2.0,7.0,2325.0,30.0,47.0,27.0,37.0,359.0,1607.0,0.0,33.0,85.0,32.0,262.0,2040.0,1.0,25.0,24.0,11.0,17.0,,63.0,65.0,199.0,0.0,10.0
Spurs_6,2014-15,100534,Paulinho,Barcelona,Midfielder,Brazil,15.0,6.0,9.0,15.0,,,52.0,,,,2.0,,7.0,2.0,,,79.0,43.0,36.0,1.0535,0.4459,,0.038,11.0023,88.0,7.0,,,15.0,,,1.0,,,,6.0,5.0,1.0,64.0,37.0,27.0,,,,,,2.0,5.0,3.0,,,110.0,,,1.0,343.0,,2.0,,,,,,,,,11.0,5.0,29.0,,,100.0,,,,,,,,,,,5.0,2.0,2.0,,3.0,0.0,1.0,12.0,2.0,3.0,1.0,5.0,1.0,8.0,10.0,183.0,118.0,288.0,3.0,16.0,2.0,1.0,2.0,479.0,20.0,10.0,10.0,3.0,86.0,350.0,0.0,7.0,19.0,10.0,52.0,451.0,2.0,4.0,2.0,3.0,9.0,2.0,10.0,15.0,42.0,0.0,3.0
Spurs_6,2014-15,62974,Érik Lamela,Sevilla,Midfielder,Argentina,45.0,39.0,6.0,33.0,4.0,1.0,279.0,16.0,1.0,,4.0,,69.0,25.0,,,424.0,237.0,187.0,3.9798,2.4076,0.315,3.0675,36.5972,242.0,29.0,,4.0,33.0,,,7.0,,,2.0,30.0,28.0,2.0,379.0,198.0,181.0,3.0,,1.0,1.0,5.0,4.0,43.0,53.0,,1.0,443.0,11.0,5.0,6.0,1106.0,1.0,15.0,,1.0,,,,,3.0,,73.0,32.0,144.0,,,167.0,,,,,,,,,5.0,11.0,11.0,4.0,11.0,5.0,25.0,0.0,9.0,8.0,15.0,27.0,6.0,55.0,3.0,115.0,22.0,705.0,258.0,914.0,13.0,65.0,10.0,,17.0,2299.0,123.0,11.0,50.0,48.0,459.0,1131.0,0.0,22.0,78.0,60.0,195.0,1765.0,42.0,67.0,21.0,46.0,8.0,8.0,17.0,41.0,178.0,1.0,6.0
Spurs_6,2014-15,93264,Eric Dier,Monaco,Defender,England,107.0,42.0,65.0,28.0,,1.0,125.0,6.0,11.0,,6.0,,,12.0,,,243.0,97.0,146.0,0.7637,1.1723,,0.9628,38.8456,523.0,6.0,,,28.0,,,2.0,,,2.0,37.0,33.0,4.0,136.0,55.0,81.0,,1.0,,1.0,4.0,,48.0,12.0,,1.0,446.0,2.0,,1.0,1200.0,,7.0,,1.0,,,,,4.0,,59.0,16.0,101.0,,,135.0,,,,,,,1.0,,4.0,2.0,4.0,,2.0,,25.0,0.0,1.0,3.0,,10.0,10.0,22.0,15.0,3.0,71.0,402.0,580.0,901.0,10.0,39.0,1.0,46.0,131.0,2290.0,22.0,113.0,21.0,11.0,397.0,1229.0,0.0,6.0,49.0,24.0,257.0,1830.0,,37.0,37.0,12.0,50.0,,86.0,73.0,171.0,1.0,4.0
Spurs_6,2014-15,60252,Andros Townsend,Luton Town U21,Midfielder,England,4.0,3.0,1.0,17.0,1.0,0.0,87.0,4.0,,,,,22.0,14.0,,,118.0,67.0,51.0,1.1651,1.7142,0.0751,2.709,16.7902,79.0,3.0,,1.0,17.0,,,2.0,,,2.0,15.0,14.0,1.0,114.0,64.0,50.0,,,,2.0,,,10.0,11.0,,1.0,106.0,4.0,6.0,1.0,292.0,,6.0,,,,,1.0,1.0,2.0,,27.0,18.0,46.0,,1.0,26.0,,,,,,,,,,4.0,4.0,,8.0,6.0,10.0,0.0,10.0,7.0,7.0,11.0,3.0,14.0,1.0,22.0,4.0,177.0,75.0,237.0,5.0,20.0,1.0,,5.0,751.0,47.0,1.0,6.0,11.0,179.0,298.0,0.0,12.0,25.0,17.0,57.0,538.0,13.0,47.0,29.0,20.0,3.0,4.0,5.0,12.0,52.0,1.0,2.0
Spurs_6,2014-15,39104,Mousa Dembélé,Tottenham Hotspur,Midfielder,Belgium,45.0,24.0,21.0,26.0,,1.0,139.0,5.0,1.0,,,,,1.0,,,214.0,115.0,99.0,0.7597,1.1373,,1.178,23.3926,158.0,18.0,,,26.0,,,1.0,,,1.0,22.0,18.0,4.0,169.0,91.0,78.0,4.0,,1.0,0.0,,1.0,22.0,21.0,,,303.0,5.0,,,814.0,1.0,,,,,,,,3.0,,18.0,7.0,82.0,,,234.0,,,,,,,,,,5.0,4.0,1.0,2.0,,10.0,0.0,8.0,16.0,,1.0,1.0,36.0,,36.0,21.0,510.0,237.0,725.0,5.0,20.0,1.0,,4.0,1138.0,51.0,5.0,36.0,18.0,158.0,834.0,0.0,6.0,25.0,11.0,88.0,1042.0,,2.0,2.0,12.0,4.0,1.0,7.0,17.0,81.0,0.0,1.0
Spurs_6,2014-15,54908,Nacer Chadli,Westerlo,Midfielder,Belgium,68.0,39.0,29.0,35.0,,5.0,253.0,14.0,2.0,,2.0,,1.0,28.0,,,297.0,173.0,124.0,3.303,6.1708,,9.3203,44.3386,227.0,9.0,,,35.0,,,5.0,,,11.0,40.0,35.0,5.0,229.0,134.0,95.0,,1.0,2.0,6.0,6.0,7.0,13.0,36.0,,2.0,186.0,8.0,4.0,10.0,1056.0,,14.0,,,,,,,4.0,,34.0,16.0,123.0,,8.0,400.0,,,,,,,1.0,,6.0,8.0,18.0,7.0,22.0,4.0,28.0,0.0,16.0,7.0,,9.0,9.0,43.0,2.0,83.0,27.0,647.0,250.0,861.0,4.0,23.0,3.0,1.0,9.0,2415.0,99.0,17.0,26.0,26.0,380.0,1066.0,0.0,40.0,27.0,119.0,178.0,1511.0,,36.0,36.0,51.0,7.0,9.0,16.0,37.0,162.0,2.0,3.0
Spurs_6,2014-15,80607,Christian Eriksen,Manchester United,Midfielder,Denmark,49.0,28.0,21.0,38.0,21.0,7.0,372.0,39.0,2.0,,7.0,,112.0,38.0,,,336.0,196.0,140.0,5.4182,7.3699,1.1541,7.4887,55.0888,583.0,7.0,,21.0,38.0,,,2.0,,,10.0,49.0,42.0,7.0,287.0,168.0,119.0,2.0,,4.0,3.0,17.0,3.0,24.0,82.0,,1.0,429.0,22.0,13.0,,1903.0,,13.0,,,,,,,5.0,,76.0,38.0,203.0,,9.0,593.0,,,,,,,,3.0,17.0,22.0,32.0,3.0,26.0,13.0,37.0,0.0,11.0,1.0,26.0,32.0,6.0,46.0,2.0,147.0,63.0,1190.0,463.0,1558.0,11.0,40.0,23.0,1.0,27.0,3139.0,117.0,19.0,17.0,22.0,706.0,1977.0,0.0,58.0,51.0,101.0,356.0,2719.0,64.0,147.0,62.0,32.0,20.0,6.0,59.0,44.0,297.0,7.0,4.0
Spurs_6,2014-15,17349,Aaron Lennon,Stockport County U21,Midfielder,England,13.0,10.0,3.0,23.0,,2.0,117.0,,,,3.0,,1.0,7.0,,,151.0,79.0,72.0,0.8496,0.0626,,,3.6487,116.0,12.0,2.0,,23.0,,,2.0,,,2.0,16.0,14.0,2.0,138.0,69.0,69.0,,,,0.0,,,13.0,22.0,,,137.0,,,2.0,433.0,,2.0,,,,,,,1.0,,41.0,15.0,44.0,,2.0,65.0,,,,,,,1.0,,,,4.0,,5.0,,15.0,0.0,8.0,8.0,,7.0,7.0,11.0,,25.0,11.0,257.0,97.0,336.0,8.0,28.0,3.0,,12.0,1347.0,38.0,12.0,15.0,22.0,172.0,435.0,0.0,9.0,36.0,39.0,88.0,671.0,1.0,28.0,27.0,17.0,9.0,1.0,11.0,21.0,77.0,0.0,3.0
Spurs_6,2014-15,168765,Josh Onomah,Blackpool,Midfielder,England,,,,,,,,,,,,,,,,,,,,,,,,,,,,,,,,,,,,,,,,,,,,,,,,,,,,,,,,,,,,,,,,,,,,,,,,,,,,,,,,,,,,,,,,0.0,,,,,,,,,,,,,,,,,,,,,,,,,0.0,,,,,,,,,,,,,,,,0.0
Spurs_6,2014-15,80710,Benjamin Stambouli,Adana Demirspor,Midfielder,France,17.0,9.0,8.0,12.0,,,30.0,1.0,1.0,,1.0,,,1.0,,,76.0,27.0,49.0,0.1184,0.0598,,,6.2691,91.0,4.0,,,12.0,,,,,,,3.0,2.0,1.0,59.0,18.0,41.0,2.0,,,,,,11.0,3.0,,,75.0,1.0,,,283.0,,1.0,,1.0,,,,,1.0,,4.0,4.0,39.0,,,93.0,,,,,,,,,,1.0,1.0,,,,4.0,0.0,2.0,8.0,,,,5.0,4.0,10.0,16.0,139.0,104.0,227.0,6.0,23.0,,,,453.0,6.0,8.0,6.0,7.0,64.0,289.0,0.0,1.0,29.0,3.0,46.0,382.0,,5.0,5.0,2.0,4.0,,17.0,7.0,29.0,0.0,4.0
Spurs_6,2014-15,93464,Tom Carroll,Reading,Midfielder,England,12.0,11.0,1.0,13.0,,,87.0,3.0,3.0,,1.0,,1.0,,,,59.0,38.0,21.0,0.369,0.1463,,,13.4801,157.0,1.0,,,13.0,,,,,,,10.0,9.0,1.0,47.0,27.0,20.0,1.0,,,,1.0,,11.0,5.0,,,124.0,2.0,,,507.0,,,,,,,,,1.0,,13.0,7.0,36.0,,,144.0,,,,,,,,,1.0,2.0,1.0,,,,8.0,0.0,5.0,5.0,,,,3.0,1.0,14.0,13.0,228.0,224.0,439.0,5.0,12.0,1.0,,,692.0,9.0,16.0,5.0,,80.0,512.0,0.0,1.0,17.0,4.0,60.0,603.0,,2.0,2.0,3.0,,,8.0,17.0,52.0,0.0,1.0
Spurs_6,2014-15,157668,Harry Winks,Leicester City,Midfielder,England,,,,,,,,,,,,,,,,,,,,,,,,,,,,,,,,,,,,,,,,,,,,,,,,,,,,,,,,,,,,,,,,,,,,,,,,,,,,,,,,,,,,,,,,0.0,,,,,,,,,,,,,,,,,,,,,,,,,0.0,,,,,,,,,,,,,,,,0.0
Spurs_6,2014-15,38439,Étienne Capoue,Villarreal,Midfielder,France,15.0,5.0,10.0,12.0,,,62.0,5.0,3.0,,3.0,,,,,,108.0,54.0,54.0,0.4612,0.1845,,0.0494,14.4363,193.0,15.0,,,12.0,,,,,,,15.0,14.0,1.0,93.0,49.0,44.0,,,,,,,33.0,4.0,,,243.0,5.0,1.0,,695.0,,1.0,,,,,,,2.0,,6.0,3.0,66.0,,,216.0,,,,,,,,,,5.0,1.0,,1.0,1.0,11.0,0.0,5.0,1.0,,,,5.0,2.0,17.0,76.0,300.0,324.0,548.0,6.0,23.0,2.0,,1.0,901.0,15.0,27.0,23.0,10.0,112.0,714.0,0.0,2.0,29.0,4.0,90.0,862.0,,4.0,4.0,7.0,12.0,2.0,31.0,25.0,59.0,0.0,2.0
Spurs_6,2014-15,101623,Cristian Ceballos,Sabah,Forward,Spain,,,,,,,,,,,,,,,,,,,,,,,,,,,,,,,,,,,,,,,,,,,,,,,,,,,,,,,,,,,,,,,,,,,,,,,,,,,,,,,,,,,,,,,,0.0,,,,,,,,,,,,,,,,,,,,,,,,,0.0,,,,,,,,,,,,,,,,0.0
Spurs_6,2014-15,17500,Emmanuel Adebayor,Istanbul Basaksehir,Forward,Togo,50.0,26.0,24.0,13.0,,0.0,84.0,4.0,1.0,,1.0,,,9.0,,,113.0,69.0,44.0,0.7569,3.0511,,4.2939,9.4096,58.0,3.0,,,13.0,,,1.0,,,2.0,9.0,9.0,,63.0,43.0,20.0,3.0,1.0,,2.0,3.0,5.0,3.0,11.0,,,58.0,1.0,3.0,11.0,273.0,,2.0,,,,,,,1.0,,13.0,4.0,23.0,,1.0,77.0,,,,,,,,,3.0,1.0,5.0,5.0,10.0,3.0,9.0,0.0,5.0,4.0,,,,9.0,,39.0,5.0,170.0,43.0,208.0,3.0,2.0,3.0,,2.0,814.0,30.0,3.0,13.0,6.0,128.0,277.0,0.0,15.0,5.0,49.0,64.0,397.0,,5.0,5.0,10.0,,5.0,3.0,10.0,61.0,0.0,1.0
Spurs_6,2014-15,17926,Roberto Soldado,Levante,Forward,Spain,35.0,28.0,7.0,24.0,,0.0,71.0,2.0,1.0,,,,,4.0,,,86.0,60.0,26.0,0.6013,3.3969,,2.5001,16.8233,61.0,4.0,1.0,,24.0,,,1.0,,,1.0,14.0,11.0,3.0,51.0,32.0,19.0,,,,1.0,2.0,5.0,5.0,8.0,,,82.0,,1.0,6.0,267.0,,,,,,,1.0,,2.0,,7.0,3.0,18.0,,1.0,68.0,,,,,,,,,2.0,,12.0,5.0,7.0,1.0,7.0,0.0,5.0,17.0,,,,2.0,,40.0,5.0,167.0,43.0,205.0,2.0,7.0,3.0,1.0,1.0,794.0,14.0,9.0,11.0,8.0,104.0,282.0,0.0,19.0,9.0,43.0,72.0,383.0,,6.0,6.0,5.0,2.0,7.0,6.0,9.0,66.0,1.0,1.0
Spurs_6,2014-15,78830,Harry Kane,FC Bayern München,Forward,England,187.0,137.0,50.0,34.0,4.0,12.0,177.0,31.0,4.0,,3.0,,7.0,34.0,,,510.0,332.0,178.0,2.5174,14.4613,0.3073,16.5234,45.3285,231.0,14.0,2.0,4.0,34.0,,,4.0,,,21.0,39.0,32.0,7.0,323.0,195.0,128.0,2.0,5.0,3.0,9.0,18.0,14.0,17.0,23.0,,5.0,188.0,13.0,12.0,34.0,821.0,,15.0,1.0,,,,3.0,2.0,2.0,,45.0,20.0,101.0,,11.0,268.0,,,,,,,,1.0,18.0,13.0,34.0,14.0,47.0,12.0,28.0,0.0,6.0,6.0,,8.0,8.0,50.0,,63.0,27.0,527.0,130.0,622.0,5.0,30.0,6.0,1.0,12.0,2581.0,152.0,21.0,33.0,44.0,492.0,864.0,0.0,81.0,35.0,169.0,215.0,1493.0,2.0,35.0,33.0,57.0,5.0,7.0,19.0,18.0,196.0,5.0,4.0
Stoke_110,2014-15,105666,Jack Butland,Rangers,Goalkeeper,England,,,,3.0,,,,,,1.0,2.0,,,,,,,,,0.0053,,,,2.2526,80.0,,,,3.0,23.0,13.0,,24.0,1.0,,2.0,2.0,,,,,,,,,,,,,,,11.0,,,,53.0,,,,,,,,,,2.0,1.0,,32.0,,,7.0,,10.0,1.0,4.0,5.0,1.0,,,,,,,,,3.0,0.0,,,,,,,12.0,,25.0,21.0,24.0,20.0,,,,,,270.0,,4.0,,,56.0,98.0,0.0,,,,53.0,129.0,,,,,34.0,,53.0,9.0,,0.0,0.0
Stoke_110,2014-15,40349,Asmir Begovic,Everton,Goalkeeper,Bosnia & Herzegovina,7.0,,7.0,35.0,,,,,,63.0,7.0,,,1.0,,4.0,12.0,3.0,9.0,0.092,0.0556,,,44.8609,747.0,,,,35.0,353.0,122.0,,306.0,6.0,,43.0,38.0,5.0,5.0,3.0,2.0,,,,,,,,1.0,,,128.0,,,,468.0,,,,1.0,5.0,,,,5.0,10.0,1.0,1.0,349.0,,,93.0,,86.0,15.0,53.0,31.0,34.0,,,,,1.0,,,,35.0,0.0,,,,,,,147.0,,369.0,306.0,294.0,231.0,,,,,,3150.0,,19.0,1.0,4.0,374.0,968.0,0.0,1.0,,1.0,368.0,1331.0,,,,,195.0,,366.0,48.0,2.0,0.0,3.0
Stoke_110,2014-15,1945,Thomas Sørensen,Stoke City,Goalkeeper,Denmark,,,,,,,,,,,,,,,,,,,,,,,,,,,,,,,,,,,,,,,,,,,,,,,,,,,,,,,,,,,,,,,,,,,,,,,,,,,,,,,,,,,,,,,,0.0,,,,,,,,,,,,,,,,,,,,,,,,,0.0,,,,,,,,,,,,,,,,0.0
Stoke_110,2014-15,17997,Phil Bardsley,Stockport County,Defender,Scotland,72.0,26.0,46.0,25.0,2.0,,131.0,10.0,15.0,,5.0,,1.0,6.0,,,252.0,96.0,156.0,1.3876,0.8943,0.0906,0.2251,27.8065,303.0,16.0,,2.0,25.0,,,1.0,,,,29.0,26.0,3.0,180.0,70.0,110.0,1.0,,1.0,,2.0,,34.0,16.0,,,227.0,8.0,3.0,,695.0,,,,,,,,,3.0,,28.0,16.0,89.0,,,58.0,,,,,,,,,2.0,8.0,9.0,,3.0,3.0,24.0,0.0,1.0,1.0,,13.0,13.0,11.0,15.0,4.0,41.0,304.0,247.0,497.0,15.0,53.0,1.0,68.0,231.0,2082.0,27.0,72.0,24.0,33.0,343.0,719.0,0.0,12.0,68.0,19.0,181.0,1428.0,1.0,42.0,40.0,10.0,36.0,,87.0,25.0,94.0,0.0,6.0
Stoke_110,2014-15,39487,Erik Pieters,Derby County,Defender,Netherlands,94.0,34.0,60.0,31.0,,,197.0,3.0,9.0,,7.0,,,11.0,,,314.0,135.0,179.0,0.8541,0.4358,,0.3782,33.1324,492.0,25.0,,,31.0,,,2.0,,,,30.0,28.0,2.0,220.0,101.0,119.0,2.0,,,,,1.0,60.0,15.0,1.0,,58.0,3.0,,,1044.0,,2.0,,,,,,,3.0,,50.0,27.0,109.0,,,332.0,,,,,,,,,,3.0,4.0,1.0,1.0,,29.0,0.0,4.0,2.0,,13.0,12.0,14.0,11.0,4.0,59.0,438.0,446.0,812.0,17.0,55.0,,58.0,231.0,2562.0,24.0,135.0,45.0,36.0,386.0,1079.0,0.0,5.0,72.0,11.0,208.0,1906.0,,64.0,61.0,10.0,28.0,1.0,62.0,68.0,146.0,0.0,8.0
Stoke_110,2014-15,12413,Robert Huth,Leicester City,Defender,Germany,89.0,31.0,58.0,15.0,,1.0,34.0,5.0,12.0,,6.0,,,1.0,,,137.0,51.0,86.0,0.0767,1.182,,0.4302,16.3277,113.0,4.0,,,15.0,,,,,,1.0,13.0,13.0,,48.0,20.0,28.0,,1.0,,0.0,4.0,,46.0,,,,68.0,1.0,,1.0,265.0,,,,,,,,,1.0,,7.0,4.0,58.0,,,50.0,,,,,,,,,4.0,1.0,10.0,,1.0,,14.0,0.0,2.0,1.0,,,,1.0,7.0,,12.0,40.0,159.0,187.0,5.0,16.0,,,,1183.0,4.0,110.0,13.0,7.0,74.0,265.0,0.0,11.0,21.0,20.0,66.0,495.0,,,,,23.0,,30.0,31.0,36.0,0.0,2.0
Stoke_110,2014-15,61595,Marc Muniesa,Stoke City U23,Defender,Spain,61.0,29.0,32.0,19.0,,,61.0,,8.0,,6.0,,3.0,6.0,,,177.0,83.0,94.0,0.3764,0.1414,,0.1667,16.1163,240.0,10.0,,,19.0,,,,,,,16.0,14.0,2.0,116.0,54.0,62.0,1.0,,,,,,38.0,3.0,,,77.0,,2.0,,547.0,,1.0,,,,,,,1.0,,25.0,16.0,66.0,,,191.0,,,,,,,,,,,3.0,,2.0,2.0,14.0,0.0,2.0,5.0,1.0,4.0,3.0,9.0,6.0,2.0,23.0,168.0,299.0,440.0,13.0,26.0,,7.0,47.0,1387.0,10.0,83.0,18.0,14.0,152.0,569.0,0.0,5.0,39.0,5.0,106.0,894.0,1.0,16.0,14.0,3.0,24.0,,47.0,34.0,59.0,0.0,3.0
Stoke_110,2014-15,32318,Marc Wilson,Bolton Wanderers,Midfielder,Ireland,97.0,41.0,56.0,27.0,,,88.0,3.0,14.0,,5.0,1.0,1.0,,,,189.0,88.0,101.0,0.4357,0.3295,,,26.3174,375.0,16.0,,,27.0,,,,,,,25.0,22.0,3.0,92.0,47.0,45.0,,,,,2.0,,32.0,6.0,3.0,,126.0,1.0,,,899.0,,1.0,,,,,,,3.0,,16.0,6.0,91.0,1.0,,345.0,,,,,,,,,2.0,1.0,3.0,,,,25.0,0.0,3.0,2.0,,4.0,4.0,5.0,17.0,1.0,100.0,234.0,510.0,640.0,9.0,30.0,,10.0,38.0,2124.0,4.0,165.0,25.0,2.0,226.0,934.0,1.0,3.0,39.0,10.0,194.0,1292.0,1.0,7.0,6.0,2.0,44.0,,109.0,40.0,85.0,0.0,4.0
Stoke_110,2014-15,37869,Ryan Shawcross,Stoke City U23,Defender,England,153.0,41.0,112.0,32.0,,1.0,78.0,1.0,32.0,,6.0,,1.0,6.0,,,266.0,88.0,178.0,2.0639,2.4891,,1.3746,40.978,566.0,7.0,,,32.0,,,1.0,,,2.0,39.0,35.0,4.0,113.0,47.0,66.0,1.0,,,1.0,,1.0,50.0,13.0,2.0,,379.0,1.0,,3.0,1109.0,,,,1.0,,,,,4.0,,22.0,14.0,84.0,,2.0,118.0,,,,,,,,,,1.0,15.0,1.0,3.0,,32.0,0.0,1.0,,,1.0,1.0,11.0,28.0,2.0,109.0,312.0,566.0,768.0,10.0,31.0,,,7.0,2832.0,6.0,240.0,27.0,21.0,295.0,1141.0,0.0,18.0,41.0,49.0,264.0,1638.0,,10.0,10.0,4.0,47.0,,131.0,68.0,133.0,0.0,7.0
Stoke_110,2014-15,50089,Geoff Cameron,Queens Park Rangers,Midfielder,United States,61.0,18.0,43.0,27.0,,,119.0,3.0,12.0,,4.0,,,9.0,,,253.0,101.0,152.0,1.2097,0.9958,,,32.0307,426.0,9.0,,,27.0,,,1.0,,,,30.0,26.0,4.0,192.0,83.0,109.0,,,,,1.0,,56.0,11.0,,,271.0,2.0,,1.0,891.0,,2.0,,1.0,,,,,4.0,,40.0,20.0,153.0,,,90.0,,,,,,,,,1.0,2.0,6.0,,,,21.0,0.0,2.0,6.0,,11.0,11.0,26.0,9.0,6.0,44.0,352.0,338.0,635.0,10.0,54.0,,83.0,121.0,2135.0,38.0,84.0,13.0,19.0,415.0,906.0,0.0,6.0,64.0,19.0,227.0,1544.0,,39.0,39.0,13.0,28.0,,70.0,53.0,157.0,0.0,4.0
Stoke_110,2014-15,155706,Dionatan Teixeira,Sheriff Tiraspol,Defender,Slovakia,,,,1.0,,,,,,,,,,,,,,,,,,,,0.1341,1.0,,,,1.0,,,,,,,,,,,,,,,,,,,,,,,,,,,1.0,,,,,,,,,,,1.0,,,,,,,,,,,,,,,,,,,,,0.0,,1.0,,,,,,,,,,,,,,1.0,,4.0,,1.0,,,2.0,1.0,0.0,,,,1.0,3.0,,,,,1.0,,1.0,1.0,,0.0,0.0
Stoke_110,2014-15,69960,Philipp Wollscheid,Stoke City,Defender,Germany,58.0,25.0,33.0,12.0,,,23.0,1.0,3.0,,2.0,,,,,,104.0,49.0,55.0,0.1308,0.2489,,,17.2161,209.0,4.0,,,12.0,,,,,,,15.0,12.0,3.0,46.0,24.0,22.0,,,,,1.0,,16.0,5.0,1.0,,140.0,,,,458.0,,1.0,,1.0,,,,,2.0,,5.0,4.0,48.0,,,96.0,,,,,,,,,1.0,,2.0,,,,12.0,0.0,1.0,,,,,,8.0,,35.0,104.0,261.0,330.0,7.0,9.0,,,,1007.0,3.0,73.0,9.0,8.0,115.0,468.0,0.0,2.0,16.0,6.0,103.0,613.0,,1.0,1.0,,22.0,,43.0,35.0,60.0,0.0,4.0
Stoke_110,2014-15,19714,Andy Wilkinson,Stoke City,Defender,England,,,,,,,,,,,,,,,,,,,,,,,,,,,,,,,,,,,,,,,,,,,,,,,,,,,,,,,,,,,,,,,,,,,,,,,,,,,,,,,,,,,,,,,,0.0,,,,,,,,,,,,,,,,,,,,,,,,,0.0,,,,,,,,,,,,,,,,0.0
Stoke_110,2014-15,12150,Glenn Whelan,Bristol Rovers,Midfielder,Ireland,62.0,21.0,41.0,28.0,,,173.0,9.0,21.0,,7.0,1.0,2.0,6.0,,,233.0,115.0,118.0,1.2024,0.4556,,0.1272,28.8738,415.0,21.0,,,28.0,,,,,,,27.0,23.0,4.0,171.0,94.0,77.0,2.0,,,,3.0,,44.0,19.0,1.0,,368.0,6.0,2.0,,1306.0,,,,,,,,,3.0,,44.0,27.0,153.0,,,380.0,,,,,,,,,3.0,6.0,4.0,,2.0,2.0,26.0,0.0,9.0,2.0,1.0,7.0,5.0,7.0,9.0,25.0,89.0,546.0,590.0,1040.0,17.0,37.0,,,1.0,2264.0,25.0,81.0,35.0,17.0,267.0,1336.0,0.0,6.0,54.0,11.0,207.0,1691.0,1.0,15.0,10.0,5.0,25.0,,66.0,41.0,141.0,0.0,6.0
Stoke_110,2014-15,20481,Stephen Ireland,Bolton Wanderers,Midfielder,Ireland,24.0,16.0,8.0,17.0,,,89.0,1.0,1.0,,,,4.0,3.0,,,107.0,67.0,40.0,1.273,1.1164,,1.4384,14.8246,127.0,14.0,,,17.0,,,3.0,,,,15.0,14.0,1.0,83.0,51.0,32.0,,,,,1.0,6.0,15.0,19.0,,,145.0,,1.0,5.0,437.0,,1.0,,,,,,,3.0,,21.0,16.0,52.0,,,84.0,,,,,,,,,1.0,,7.0,6.0,7.0,1.0,11.0,0.0,8.0,6.0,2.0,9.0,6.0,3.0,,30.0,12.0,230.0,149.0,358.0,7.0,17.0,,,2.0,933.0,18.0,3.0,18.0,6.0,121.0,445.0,0.0,14.0,24.0,31.0,75.0,599.0,2.0,7.0,5.0,7.0,3.0,5.0,16.0,12.0,59.0,0.0,3.0
Stoke_110,2014-15,34296,Wilson Palacios,Stoke City,Midfielder,Honduras,,,,,,,,,,,,,,,,,,,,,,,,,,,,,,,,,,,,,,,,,,,,,,,,,,,,,,,,,,,,,,,,,,,,,,,,,,,,,,,,,,,,,,,,0.0,,,,,,,,,,,,,,,,,,,,,,,,,0.0,,,,,,,,,,,,,,,,0.0
Stoke_110,2014-15,49013,Victor Moses,Luton Town,Midfielder,Nigeria,41.0,26.0,15.0,19.0,4.0,1.0,116.0,8.0,,,2.0,,63.0,19.0,,,288.0,142.0,146.0,,,,,,96.0,5.0,2.0,,19.0,,,3.0,,,3.0,19.0,17.0,2.0,247.0,116.0,131.0,2.0,1.0,1.0,2.0,,,22.0,29.0,,1.0,38.0,,,3.0,389.0,,9.0,,,,,1.0,1.0,2.0,,27.0,19.0,99.0,,1.0,151.0,,,,,,,1.0,,,,21.0,,12.0,,19.0,0.0,11.0,,19.0,30.0,9.0,63.0,1.0,24.0,7.0,255.0,102.0,320.0,10.0,23.0,2.0,1.0,7.0,1455.0,94.0,7.0,20.0,35.0,318.0,401.0,0.0,33.0,33.0,75.0,74.0,923.0,41.0,97.0,40.0,60.0,9.0,2.0,14.0,21.0,60.0,0.0,3.0
Stoke_110,2014-15,49323,Steven Nzonzi,Stoke City,Midfielder,France,159.0,52.0,107.0,38.0,,1.0,312.0,18.0,4.0,,9.0,1.0,,23.0,,,438.0,185.0,253.0,3.0659,2.707,,3.037,46.5666,608.0,19.0,,,38.0,,,1.0,,,3.0,44.0,40.0,4.0,279.0,133.0,146.0,1.0,,2.0,2.0,6.0,3.0,30.0,33.0,,,719.0,12.0,5.0,5.0,2108.0,,1.0,,,,,,,5.0,,40.0,20.0,254.0,,3.0,512.0,,,,,,,1.0,,6.0,12.0,18.0,3.0,11.0,5.0,38.0,0.0,2.0,,,9.0,9.0,47.0,5.0,115.0,86.0,1000.0,836.0,1741.0,17.0,55.0,1.0,,,3374.0,72.0,43.0,31.0,27.0,489.0,2151.0,0.0,29.0,72.0,71.0,324.0,2650.0,,38.0,38.0,29.0,14.0,3.0,56.0,81.0,268.0,0.0,2.0
Stoke_110,2014-15,20208,Charlie Adam,Reading PL2,Midfielder,Scotland,37.0,15.0,22.0,29.0,7.0,2.0,137.0,22.0,3.0,,,,74.0,24.0,,,236.0,115.0,121.0,2.6417,3.8187,0.3856,5.8905,19.4854,254.0,22.0,,7.0,29.0,,,1.0,,,7.0,17.0,16.0,1.0,199.0,100.0,99.0,1.0,1.0,,5.0,3.0,2.0,18.0,32.0,,5.0,200.0,19.0,8.0,,728.0,,6.0,,,,,1.0,1.0,3.0,,32.0,15.0,131.0,,1.0,174.0,,,,,,,,,3.0,19.0,23.0,2.0,17.0,8.0,15.0,0.0,8.0,14.0,19.0,25.0,6.0,20.0,9.0,48.0,84.0,346.0,263.0,500.0,6.0,46.0,,,5.0,1508.0,42.0,22.0,38.0,29.0,386.0,765.0,0.0,40.0,52.0,26.0,181.0,1233.0,52.0,121.0,48.0,12.0,21.0,3.0,78.0,34.0,103.0,2.0,5.0
Stoke_110,2014-15,11735,Steve Sidwell,Brighton and Hove Albion,Midfielder,England,21.0,11.0,10.0,12.0,,,43.0,2.0,1.0,,,,,1.0,,,69.0,37.0,32.0,0.1027,0.2689,,,7.5729,65.0,10.0,,,12.0,,,,,,,8.0,6.0,2.0,48.0,26.0,22.0,,,,,,,6.0,1.0,,,70.0,2.0,,,239.0,,,,,,,,,,,13.0,7.0,25.0,,,69.0,,,,,,,,,,2.0,6.0,,,,5.0,0.0,3.0,7.0,,1.0,1.0,2.0,1.0,14.0,16.0,105.0,102.0,190.0,3.0,11.0,,,,447.0,10.0,16.0,12.0,7.0,58.0,247.0,0.0,6.0,14.0,7.0,41.0,333.0,,2.0,2.0,1.0,1.0,1.0,6.0,8.0,35.0,0.0,3.0
Stoke_110,2014-15,160901,Oliver Shenton,Chorley,Midfielder,England,,,,1.0,,,,,,,,,,,,,,,,,,,,,,,,,1.0,,,,,,,,,,,,,,,,,,,,,,,,,,,,,,,,,,,,,,,,,,,,,,,,,,,,,,,,,,,0.0,,1.0,,,,,,,,,,,,,,,,1.0,,,,,,,0.0,,,,,,,,,,,,,,,0.0,0.0
Stoke_110,2014-15,26900,Peter Odemwingie,Rotherham United,Forward,Nigeria,7.0,6.0,1.0,7.0,,,19.0,,,,,,,,,,35.0,17.0,18.0,0.2966,0.0272,,0.0627,3.5762,23.0,,,,7.0,,,,,,,3.0,3.0,,28.0,11.0,17.0,,,,,,,4.0,6.0,,,39.0,,1.0,,83.0,,,,,,,,,,,6.0,1.0,10.0,,,3.0,,,,,,,,,,,,,1.0,1.0,1.0,0.0,1.0,6.0,,2.0,2.0,6.0,1.0,5.0,3.0,46.0,22.0,63.0,2.0,7.0,,,4.0,190.0,7.0,,1.0,2.0,35.0,84.0,0.0,1.0,9.0,3.0,18.0,133.0,,7.0,7.0,5.0,5.0,,7.0,5.0,11.0,0.0,0.0
Stoke_110,2014-15,41464,Marko Arnautovic,Crvena zvezda,Forward,Austria,31.0,18.0,13.0,29.0,7.0,1.0,173.0,19.0,1.0,,2.0,,24.0,30.0,,,256.0,144.0,112.0,2.219,3.0425,0.4864,1.7196,29.8717,156.0,14.0,,7.0,29.0,,,5.0,,,1.0,26.0,22.0,4.0,225.0,126.0,99.0,1.0,,2.0,0.0,6.0,2.0,25.0,36.0,,,122.0,13.0,5.0,11.0,683.0,,4.0,,,,,,,2.0,,37.0,21.0,144.0,,1.0,244.0,,,,,,,1.0,,6.0,13.0,17.0,2.0,8.0,5.0,20.0,0.0,9.0,9.0,8.0,26.0,15.0,38.0,,27.0,22.0,415.0,166.0,533.0,5.0,30.0,1.0,,5.0,1918.0,79.0,4.0,32.0,27.0,357.0,695.0,0.0,25.0,35.0,59.0,140.0,1163.0,15.0,97.0,79.0,43.0,7.0,4.0,19.0,37.0,121.0,0.0,2.0
Stoke_110,2014-15,61858,Mame Biram Diouf,Stoke City U23,Forward,Senegal,122.0,69.0,53.0,34.0,,3.0,107.0,13.0,4.0,,4.0,,,21.0,,,347.0,198.0,149.0,2.3527,11.3694,,8.9329,32.237,128.0,36.0,,,34.0,,,3.0,,,11.0,31.0,28.0,3.0,225.0,129.0,96.0,3.0,3.0,1.0,8.0,10.0,11.0,8.0,25.0,,1.0,112.0,3.0,,18.0,437.0,,11.0,,1.0,,,,,5.0,,37.0,17.0,69.0,,7.0,105.0,,,,,,,,,10.0,3.0,19.0,11.0,22.0,,28.0,0.0,11.0,6.0,,4.0,4.0,22.0,2.0,30.0,5.0,233.0,68.0,292.0,7.0,32.0,,,2.0,2437.0,56.0,37.0,61.0,38.0,308.0,452.0,0.0,41.0,39.0,121.0,155.0,854.0,,25.0,25.0,28.0,4.0,9.0,6.0,22.0,149.0,3.0,7.0
Stoke_110,2014-15,12813,Jonathan Walters,Burnley,Forward,Ireland,271.0,155.0,116.0,32.0,,1.0,157.0,14.0,3.0,,4.0,,,16.0,,,437.0,258.0,179.0,2.1941,5.4294,,7.5681,30.9766,242.0,7.0,,,32.0,,,4.0,,,8.0,28.0,26.0,2.0,166.0,103.0,63.0,2.0,4.0,,7.0,10.0,9.0,17.0,20.0,,2.0,210.0,4.0,2.0,16.0,682.0,,5.0,,,,,,,2.0,,34.0,14.0,117.0,,2.0,73.0,,,,,,,,,10.0,4.0,12.0,9.0,19.0,2.0,28.0,0.0,9.0,4.0,,11.0,11.0,19.0,2.0,24.0,12.0,332.0,128.0,437.0,3.0,18.0,1.0,,9.0,2423.0,71.0,33.0,33.0,32.0,414.0,682.0,0.0,31.0,21.0,100.0,233.0,1108.0,,52.0,52.0,17.0,4.0,5.0,11.0,23.0,222.0,4.0,5.0
Stoke_110,2014-15,3773,Peter Crouch,Burnley,Forward,England,256.0,99.0,157.0,33.0,,3.0,155.0,10.0,2.0,,2.0,,1.0,3.0,,,369.0,179.0,190.0,1.5553,6.5896,,5.321,24.2695,171.0,7.0,,,33.0,,,2.0,,,8.0,23.0,20.0,3.0,113.0,80.0,33.0,2.0,5.0,1.0,5.0,9.0,6.0,5.0,13.0,,1.0,137.0,1.0,3.0,12.0,609.0,,2.0,,,,,,,4.0,,30.0,13.0,65.0,,2.0,153.0,,,,,,,,,9.0,1.0,31.0,6.0,17.0,3.0,17.0,0.0,5.0,16.0,,,,7.0,,89.0,1.0,277.0,112.0,388.0,1.0,10.0,2.0,,1.0,1675.0,50.0,32.0,30.0,16.0,336.0,616.0,0.0,48.0,11.0,108.0,227.0,889.0,,3.0,3.0,8.0,,17.0,2.0,16.0,225.0,2.0,4.0
Stoke_110,2014-15,40276,Bojan,Stoke City,Forward,Spain,20.0,18.0,2.0,16.0,3.0,3.0,115.0,13.0,1.0,,1.0,,19.0,7.0,,,224.0,124.0,100.0,1.9494,2.6627,0.1647,2.6064,18.8878,128.0,5.0,1.0,3.0,16.0,,,1.0,,,4.0,20.0,18.0,2.0,204.0,106.0,98.0,,,1.0,1.0,5.0,,15.0,25.0,,2.0,142.0,8.0,4.0,1.0,546.0,,2.0,,,,,1.0,1.0,1.0,,26.0,12.0,85.0,,2.0,175.0,,,,,,,1.0,,5.0,8.0,11.0,,8.0,4.0,14.0,0.0,8.0,2.0,8.0,15.0,5.0,46.0,1.0,33.0,29.0,337.0,153.0,446.0,3.0,17.0,4.0,,4.0,1209.0,78.0,2.0,7.0,32.0,245.0,560.0,0.0,19.0,20.0,42.0,85.0,917.0,10.0,46.0,34.0,40.0,1.0,3.0,11.0,12.0,74.0,2.0,2.0
Sunderland_56,2014-15,20487,Vito Mannone,Lille,Goalkeeper,Italy,7.0,1.0,6.0,10.0,,,,,,13.0,2.0,,,,2.0,1.0,9.0,1.0,8.0,0.0267,,,,17.4133,260.0,,,,10.0,83.0,39.0,,82.0,6.0,,20.0,18.0,2.0,2.0,,2.0,,,,,,,2.0,1.0,1.0,,41.0,,,,200.0,,,,,2.0,,,,2.0,6.0,,,109.0,,,49.0,,35.0,1.0,17.0,18.0,8.0,,,,,,,,,10.0,0.0,,,,,,,40.0,,98.0,75.0,147.0,124.0,,1.0,,,,900.0,,12.0,,3.0,133.0,350.0,0.0,,1.0,,128.0,468.0,,,,,70.0,,125.0,18.0,3.0,0.0,0.0
Sunderland_56,2014-15,56827,Costel Pantilimon,Nottingham Forest,Goalkeeper,Romania,10.0,1.0,9.0,28.0,,,,,,64.0,11.0,,,1.0,2.0,4.0,26.0,3.0,23.0,0.0736,,,,37.4801,766.0,,,,28.0,262.0,136.0,,293.0,4.0,,33.0,29.0,4.0,16.0,2.0,14.0,,,,,,,,,,,50.0,,,,332.0,,,,,2.0,,,,2.0,11.0,,,319.0,,,46.0,,109.0,15.0,62.0,45.0,21.0,,,,,,,,,28.0,0.0,,,,,,,110.0,,301.0,228.0,180.0,107.0,1.0,3.0,,,,2520.0,,28.0,,11.0,461.0,862.0,0.0,,4.0,,454.0,1202.0,,,,,226.0,,451.0,84.0,3.0,0.0,2.0
Sunderland_56,2014-15,111234,Jordan Pickford,Everton,Goalkeeper,England,,,,,,,,,,,,,,,,,,,,,,,,,,,,,,,,,,,,,,,,,,,,,,,,,,,,,,,,,,,,,,,,,,,,,,,,,,,,,,,,,,,,,,,,0.0,,,,,,,,,,,,,,,,,,,,,,,,,0.0,,,,,,,,,,,,,,,,0.0
Sunderland_56,2014-15,88372,Santiago Vergini,Sunderland,Defender,Argentina,68.0,29.0,39.0,31.0,,,223.0,1.0,16.0,,8.0,,1.0,8.0,,,269.0,116.0,153.0,0.5141,1.092,,0.9034,37.0598,486.0,5.0,,,31.0,,3.0,,3.0,,,40.0,35.0,5.0,201.0,87.0,114.0,1.0,,1.0,,1.0,5.0,53.0,5.0,1.0,,349.0,,,1.0,1110.0,,5.0,1.0,,,,,,1.0,,46.0,16.0,172.0,,,84.0,,,,,,,,,1.0,,7.0,5.0,5.0,,28.0,0.0,6.0,3.0,,4.0,4.0,42.0,17.0,4.0,58.0,399.0,488.0,825.0,21.0,42.0,2.0,21.0,156.0,2623.0,36.0,110.0,17.0,9.0,370.0,1142.0,0.0,12.0,63.0,36.0,259.0,1780.0,,26.0,26.0,16.0,57.0,1.0,106.0,73.0,153.0,0.0,6.0
Sunderland_56,2014-15,52828,Valentin Roberge,AEK Larnaca,Defender,France,2.0,2.0,,1.0,,,2.0,,,,,,,1.0,,,8.0,4.0,4.0,0.003,0.1193,,,2.4051,17.0,,,,1.0,,,,,,,2.0,2.0,,6.0,2.0,4.0,,,,,,,1.0,,,,5.0,,,,32.0,,,,1.0,,,,,1.0,,1.0,,5.0,,,9.0,,,,,,,,,,,1.0,,,,1.0,0.0,,,,,,,,,3.0,10.0,17.0,24.0,1.0,3.0,,,,90.0,,4.0,2.0,,7.0,33.0,0.0,1.0,4.0,1.0,6.0,46.0,,1.0,1.0,,1.0,,2.0,4.0,4.0,0.0,1.0
Sunderland_56,2014-15,11467,Billy Jones,Crewe Alexandra,Defender,England,57.0,25.0,32.0,14.0,,,55.0,1.0,11.0,,5.0,,,8.0,,,164.0,76.0,88.0,1.1497,0.5552,,1.0542,19.8876,162.0,5.0,1.0,,14.0,,,,,,,18.0,14.0,4.0,107.0,51.0,56.0,,,1.0,,1.0,2.0,16.0,6.0,,,79.0,,,4.0,343.0,,2.0,,,,,,,1.0,,32.0,18.0,52.0,,,54.0,,,,,,,,,1.0,,1.0,2.0,2.0,,14.0,0.0,2.0,,,3.0,3.0,6.0,5.0,2.0,15.0,140.0,116.0,238.0,13.0,25.0,,38.0,103.0,1255.0,23.0,40.0,20.0,14.0,194.0,350.0,0.0,3.0,38.0,24.0,97.0,724.0,,26.0,26.0,8.0,20.0,,36.0,32.0,61.0,0.0,7.0
Sunderland_56,2014-15,74230,Patrick van Aanholt,Galatasaray,Defender,Netherlands,32.0,21.0,11.0,28.0,1.0,,175.0,6.0,16.0,,7.0,1.0,,13.0,,,269.0,130.0,139.0,3.1296,1.3837,0.0596,1.341,40.4896,372.0,15.0,,1.0,28.0,,,5.0,,,,39.0,36.0,3.0,237.0,109.0,128.0,,,2.0,,1.0,2.0,67.0,30.0,,,39.0,5.0,3.0,2.0,918.0,,7.0,1.0,,,,,,3.0,,48.0,24.0,173.0,,,347.0,,,,,,,,,1.0,5.0,19.0,2.0,5.0,3.0,26.0,0.0,1.0,2.0,,12.0,12.0,36.0,13.0,7.0,40.0,366.0,406.0,720.0,20.0,56.0,,54.0,184.0,2306.0,52.0,83.0,21.0,16.0,361.0,933.0,0.0,24.0,76.0,40.0,173.0,1708.0,,42.0,42.0,23.0,39.0,,53.0,52.0,120.0,0.0,4.0
Sunderland_56,2014-15,1841,Wes Brown,Blackburn Rovers U23,Defender,England,73.0,27.0,46.0,25.0,,,58.0,,25.0,,8.0,,,3.0,,,161.0,63.0,98.0,0.3044,0.2472,,,29.8629,363.0,10.0,,,25.0,,,,,,,25.0,22.0,3.0,88.0,36.0,52.0,,,,,,1.0,29.0,5.0,,,181.0,,,1.0,818.0,,1.0,1.0,1.0,,,,,2.0,,22.0,12.0,92.0,,,246.0,,,,,,,,,,,3.0,1.0,1.0,,23.0,1.0,3.0,2.0,,1.0,1.0,5.0,11.0,3.0,73.0,219.0,456.0,601.0,14.0,24.0,,2.0,8.0,1993.0,5.0,130.0,16.0,9.0,192.0,848.0,1.0,4.0,38.0,19.0,174.0,1146.0,,1.0,1.0,,31.0,3.0,70.0,65.0,104.0,0.0,5.0
Sunderland_56,2014-15,6734,Anthony Réveillere,Sunderland,Defender,France,39.0,20.0,19.0,16.0,,,72.0,,2.0,,5.0,,,3.0,,,130.0,64.0,66.0,0.676,0.1091,,0.033,18.8904,250.0,2.0,,,16.0,,,1.0,,,,18.0,17.0,1.0,91.0,44.0,47.0,,,,,,,35.0,9.0,,,88.0,,1.0,,542.0,,1.0,,,,,,,2.0,,27.0,9.0,73.0,,,142.0,,,,,,,,,,,3.0,,1.0,1.0,15.0,0.0,1.0,1.0,,3.0,3.0,8.0,4.0,2.0,20.0,241.0,193.0,411.0,5.0,27.0,1.0,26.0,142.0,1327.0,23.0,45.0,8.0,7.0,191.0,552.0,0.0,4.0,32.0,11.0,121.0,937.0,,13.0,13.0,12.0,18.0,,29.0,35.0,92.0,0.0,0.0
Sunderland_56,2014-15,3736,John O'Shea,Reading,Defender,Ireland,125.0,48.0,77.0,37.0,,,100.0,5.0,23.0,,12.0,1.0,,7.0,,,241.0,91.0,150.0,1.0337,0.7454,,,54.0512,549.0,12.0,,,37.0,,,,,,,53.0,47.0,6.0,116.0,43.0,73.0,,,,,5.0,,73.0,6.0,,,400.0,,,1.0,1298.0,,1.0,1.0,1.0,,,,,4.0,,27.0,13.0,165.0,,,299.0,,,,,,,,,5.0,,2.0,,,,37.0,0.0,1.0,,,,,10.0,10.0,1.0,80.0,322.0,771.0,1013.0,14.0,35.0,,,9.0,3271.0,3.0,182.0,28.0,16.0,273.0,1348.0,0.0,2.0,49.0,31.0,255.0,1767.0,,3.0,3.0,,47.0,,89.0,84.0,166.0,0.0,4.0
Sunderland_56,2014-15,78108,Sebastián Coates,Sporting CP,Defender,Uruguay,27.0,7.0,20.0,10.0,,,10.0,4.0,10.0,,4.0,,,3.0,,,91.0,32.0,59.0,0.0626,0.7059,,,14.5012,146.0,6.0,,,10.0,,,,,,,12.0,10.0,2.0,64.0,25.0,39.0,,,,,4.0,,33.0,2.0,,,51.0,,,,237.0,,,,,,,,,1.0,,12.0,7.0,53.0,,,33.0,,,,,,,,,4.0,,3.0,,,,9.0,0.0,,1.0,,,,5.0,4.0,,18.0,58.0,109.0,149.0,8.0,19.0,,,1.0,822.0,2.0,50.0,9.0,7.0,80.0,240.0,0.0,3.0,27.0,12.0,73.0,406.0,,,,2.0,28.0,,45.0,20.0,28.0,0.0,1.0
Sunderland_56,2014-15,154558,Thomas Robson,Sunderland PL2,Defender,England,,,,,,,,,,,,,,,,,,,,,,,,,,,,,,,,,,,,,,,,,,,,,,,,,,,,,,,,,,,,,,,,,,,,,,,,,,,,,,,,,,,,,,,,0.0,,,,,,,,,,,,,,,,,,,,,,,,,0.0,,,,,,,,,,,,,,,,0.0
Sunderland_56,2014-15,50023,Jordi Gómez,Omonia Nicosia,Midfielder,Spain,40.0,22.0,18.0,29.0,2.0,1.0,231.0,11.0,5.0,,6.0,,22.0,16.0,,,259.0,131.0,128.0,1.693,3.7395,0.1195,4.4981,28.7658,348.0,27.0,,2.0,29.0,,,2.0,,,4.0,24.0,21.0,3.0,219.0,109.0,110.0,2.0,,1.0,3.0,2.0,2.0,43.0,21.0,,4.0,170.0,9.0,4.0,2.0,974.0,,3.0,,,,,3.0,3.0,2.0,,53.0,31.0,166.0,,,242.0,,,,,,,2.0,,2.0,9.0,10.0,2.0,10.0,4.0,22.0,0.0,8.0,7.0,3.0,12.0,8.0,12.0,2.0,32.0,25.0,504.0,309.0,776.0,10.0,38.0,,,2.0,1941.0,42.0,34.0,35.0,51.0,320.0,991.0,0.0,20.0,48.0,21.0,190.0,1418.0,15.0,49.0,26.0,15.0,23.0,1.0,43.0,48.0,147.0,2.0,7.0
Sunderland_56,2014-15,88601,Charalampos Mavrias,Panathinaikos,Midfielder,Greece,,,,,,,,,,,,,,,,,,,,,,,,,,,,,,,,,,,,,,,,,,,,,,,,,,,,,,,,,,,,,,,,,,,,,,,,,,,,,,,,,,,,,,,,0.0,,,,,,,,,,,,,,,,,,,,,,,,,0.0,,,,,,,,,,,,,,,,0.0
Sunderland_56,2014-15,55641,Emanuele Giaccherini,Napoli,Midfielder,Italy,4.0,2.0,2.0,8.0,,,58.0,2.0,,,,,,4.0,,,45.0,27.0,18.0,0.1728,0.3936,,0.8147,6.7957,23.0,3.0,,,8.0,,,,,,,5.0,5.0,,41.0,25.0,16.0,,,,,2.0,1.0,4.0,10.0,,,32.0,,3.0,,166.0,,2.0,,,,,,,,,11.0,6.0,22.0,,,54.0,,,,,,,,,2.0,,2.0,1.0,4.0,3.0,2.0,0.0,2.0,6.0,,,,5.0,1.0,17.0,5.0,96.0,53.0,144.0,1.0,2.0,,,3.0,304.0,14.0,3.0,4.0,8.0,49.0,167.0,0.0,6.0,3.0,13.0,18.0,242.0,,5.0,5.0,9.0,1.0,,2.0,5.0,16.0,0.0,2.0
Sunderland_56,2014-15,86444,Ricardo Álvarez,Sunderland,Midfielder,Argentina,13.0,11.0,2.0,13.0,,,56.0,6.0,,,,,7.0,8.0,,,109.0,62.0,47.0,0.4805,0.3972,,0.1353,11.5636,32.0,1.0,,,13.0,,,,,,,11.0,10.0,1.0,96.0,51.0,45.0,,,,,2.0,,5.0,7.0,,,73.0,4.0,2.0,3.0,191.0,,3.0,,,,,,,,,10.0,6.0,29.0,,,32.0,,,,,,,,,2.0,4.0,2.0,,2.0,2.0,5.0,0.0,5.0,8.0,1.0,2.0,1.0,29.0,,8.0,7.0,127.0,46.0,164.0,2.0,9.0,1.0,,6.0,494.0,35.0,2.0,5.0,5.0,93.0,193.0,0.0,4.0,11.0,20.0,22.0,344.0,5.0,25.0,20.0,26.0,1.0,1.0,5.0,5.0,17.0,0.0,3.0
Sunderland_56,2014-15,49836,Liam Bridcutt,Blackpool,Midfielder,Scotland,28.0,16.0,12.0,18.0,,,71.0,3.0,8.0,,2.0,,,,,,142.0,65.0,77.0,0.5368,0.0869,,,14.2004,195.0,15.0,,,18.0,,,2.0,,,,15.0,14.0,1.0,114.0,49.0,65.0,1.0,,,,,,24.0,7.0,,,118.0,3.0,,,482.0,,1.0,1.0,,,,,,1.0,,21.0,13.0,77.0,1.0,,110.0,,,,,,,,,,3.0,1.0,,,,10.0,0.0,2.0,8.0,,4.0,4.0,8.0,3.0,9.0,19.0,207.0,197.0,381.0,12.0,29.0,1.0,,3.0,907.0,16.0,13.0,21.0,16.0,129.0,494.0,1.0,1.0,41.0,,94.0,673.0,,4.0,4.0,5.0,13.0,,20.0,26.0,74.0,0.0,6.0
Sunderland_56,2014-15,28448,Lee Cattermole,Sunderland,Midfielder,England,68.0,40.0,28.0,28.0,,1.0,151.0,4.0,11.0,,9.0,,,6.0,,,308.0,175.0,133.0,0.9414,0.275,,0.4324,34.0099,372.0,40.0,,,28.0,,,,,,1.0,35.0,32.0,3.0,240.0,135.0,105.0,1.0,,,0.0,,,68.0,12.0,1.0,,265.0,4.0,,,1078.0,,,,,,,,,2.0,,43.0,26.0,177.0,,1.0,315.0,,,,,,,,,,4.0,5.0,,1.0,,26.0,0.0,3.0,2.0,,1.0,1.0,10.0,2.0,37.0,89.0,415.0,477.0,802.0,18.0,58.0,4.0,,,2358.0,26.0,66.0,54.0,20.0,268.0,1103.0,0.0,6.0,76.0,1.0,212.0,1474.0,,12.0,12.0,10.0,20.0,,62.0,64.0,150.0,0.0,14.0
Sunderland_56,2014-15,19057,Sebastian Larsson,Hull City,Midfielder,Sweden,51.0,31.0,20.0,36.0,18.0,2.0,272.0,17.0,15.0,,7.0,,104.0,18.0,,,341.0,168.0,173.0,4.4932,2.9909,1.1055,3.1658,46.7647,401.0,26.0,,18.0,36.0,,,3.0,,,3.0,43.0,38.0,5.0,290.0,137.0,153.0,3.0,,,1.0,5.0,1.0,40.0,55.0,1.0,,361.0,12.0,12.0,3.0,1294.0,,2.0,,,,,,,4.0,,47.0,25.0,199.0,,3.0,355.0,,,,,,,1.0,2.0,5.0,12.0,12.0,1.0,16.0,12.0,36.0,0.0,10.0,,37.0,58.0,12.0,21.0,11.0,90.0,91.0,711.0,485.0,1047.0,22.0,62.0,10.0,1.0,17.0,3060.0,41.0,45.0,51.0,50.0,440.0,1389.0,0.0,28.0,84.0,21.0,251.0,2012.0,57.0,108.0,25.0,10.0,39.0,2.0,110.0,48.0,141.0,0.0,10.0
Sunderland_56,2014-15,49384,Jack Rodwell,Sheffield United,Midfielder,England,37.0,18.0,19.0,23.0,,2.0,90.0,10.0,14.0,,1.0,,,2.0,,,156.0,72.0,84.0,0.5049,2.801,,3.3634,31.28,143.0,17.0,,,23.0,,,,,,3.0,34.0,30.0,4.0,119.0,54.0,65.0,,3.0,,1.0,7.0,5.0,13.0,4.0,,,159.0,3.0,5.0,1.0,525.0,,3.0,,,,,,,2.0,,16.0,14.0,66.0,,,137.0,,,,,,,,,7.0,3.0,7.0,5.0,13.0,5.0,17.0,0.0,7.0,6.0,,,,13.0,5.0,24.0,27.0,225.0,220.0,418.0,8.0,27.0,2.0,,,1486.0,18.0,40.0,25.0,17.0,120.0,529.0,0.0,20.0,35.0,38.0,84.0,756.0,,6.0,6.0,7.0,11.0,,26.0,15.0,58.0,0.0,5.0
Sunderland_56,2014-15,19959,Adam Johnson,Sunderland,Midfielder,England,9.0,7.0,2.0,32.0,1.0,2.0,164.0,5.0,1.0,,5.0,,50.0,17.0,,,201.0,98.0,103.0,3.539,3.3734,0.0816,3.575,30.4827,228.0,2.0,1.0,1.0,32.0,1.0,,1.0,1.0,,4.0,28.0,22.0,6.0,192.0,91.0,101.0,4.0,,1.0,2.0,2.0,3.0,17.0,38.0,,3.0,219.0,3.0,3.0,7.0,743.0,,9.0,,,,,1.0,1.0,3.0,,37.0,19.0,109.0,,1.0,148.0,,,,,,,,,2.0,3.0,10.0,3.0,10.0,3.0,23.0,0.0,12.0,9.0,13.0,36.0,20.0,47.0,5.0,28.0,56.0,413.0,226.0,547.0,3.0,17.0,5.0,1.0,11.0,2082.0,66.0,10.0,15.0,35.0,366.0,759.0,0.0,20.0,20.0,43.0,156.0,1206.0,28.0,93.0,53.0,27.0,21.0,4.0,62.0,32.0,94.0,1.0,2.0
Sunderland_56,2014-15,49853,William Buckley,Bolton Wanderers,Midfielder,England,17.0,14.0,3.0,22.0,,,46.0,1.0,1.0,,1.0,,1.0,7.0,,,139.0,78.0,61.0,0.7248,0.1442,,,15.3902,66.0,2.0,,,22.0,,,2.0,,,,22.0,20.0,2.0,122.0,64.0,58.0,1.0,,,,,,6.0,10.0,,,52.0,1.0,,8.0,190.0,,12.0,,,,,,,1.0,,13.0,6.0,42.0,,,28.0,,,,,,,,,,1.0,2.0,,,,9.0,0.0,5.0,13.0,,6.0,6.0,16.0,1.0,11.0,2.0,99.0,53.0,144.0,4.0,12.0,,2.0,4.0,868.0,43.0,6.0,11.0,27.0,137.0,192.0,0.0,2.0,16.0,24.0,46.0,383.0,,20.0,20.0,29.0,7.0,2.0,12.0,17.0,34.0,0.0,2.0
Sunderland_56,2014-15,114000,George Honeyman,Blackpool,Midfielder,England,,,,,,,,,,,,,,,,,,,,,,,,,,,,,,,,,,,,,,,,,,,,,,,,,,,,,,,,,,,,,,,,,,,,,,,,,,,,,,,,,,,,,,,,0.0,,,,,,,,,,,,,,,,,,,,,,,,,0.0,,,,,,,,,,,,,,,,0.0
Sunderland_56,2014-15,114311,Liam Agnew,Harrogate Town,Midfielder,England,,,,,,,,,,,,,,,,,,,,,,,,,,,,,,,,,,,,,,,,,,,,,,,,,,,,,,,,,,,,,,,,,,,,,,,,,,,,,,,,,,,,,,,,0.0,,,,,,,,,,,,,,,,,,,,,,,,,0.0,,,,,,,,,,,,,,,,0.0
Sunderland_56,2014-15,59125,Connor Wickham,Charlton Athletic,Forward,England,206.0,105.0,101.0,36.0,4.0,1.0,198.0,27.0,5.0,,7.0,1.0,,25.0,,,598.0,348.0,250.0,1.6334,7.358,0.3225,6.913,43.5945,306.0,32.0,,4.0,36.0,,,1.0,,,5.0,40.0,35.0,5.0,392.0,243.0,149.0,3.0,2.0,3.0,4.0,11.0,9.0,29.0,21.0,,,127.0,16.0,10.0,9.0,902.0,,2.0,,1.0,,,,,4.0,,58.0,32.0,147.0,,3.0,278.0,,,,,,,,,11.0,16.0,32.0,9.0,24.0,10.0,31.0,0.0,10.0,5.0,,8.0,8.0,43.0,3.0,65.0,32.0,379.0,220.0,559.0,10.0,41.0,5.0,6.0,4.0,2773.0,153.0,59.0,58.0,61.0,628.0,909.0,0.0,56.0,51.0,111.0,318.0,1637.0,,55.0,55.0,56.0,15.0,13.0,39.0,62.0,279.0,1.0,8.0
Sunderland_56,2014-15,115854,Duncan Watmore,Rotherham United,Forward,England,,,,,,,,,,,,,,,,,,,,,,,,,,,,,,,,,,,,,,,,,,,,,,,,,,,,,,,,,,,,,,,,,,,,,,,,,,,,,,,,,,,,,,,,0.0,,,,,,,,,,,,,,,,,,,,,,,,,0.0,,,,,,,,,,,,,,,,0.0
Sunderland_56,2014-15,7958,Jermain Defoe,Sunderland,Forward,England,14.0,13.0,1.0,17.0,,2.0,55.0,8.0,,,4.0,,,12.0,,,129.0,85.0,44.0,0.8873,3.9286,,3.5823,22.6683,90.0,4.0,1.0,,17.0,,,,,,4.0,19.0,18.0,1.0,115.0,72.0,43.0,,,,2.0,5.0,8.0,8.0,13.0,,1.0,64.0,3.0,3.0,15.0,253.0,,5.0,,,,,,,2.0,,17.0,7.0,42.0,,3.0,69.0,,,,,,,,,5.0,3.0,11.0,8.0,15.0,3.0,17.0,0.0,6.0,,,1.0,1.0,6.0,2.0,15.0,6.0,166.0,57.0,216.0,5.0,12.0,4.0,,,1457.0,46.0,2.0,9.0,20.0,134.0,278.0,0.0,26.0,17.0,45.0,56.0,456.0,,9.0,9.0,26.0,6.0,1.0,9.0,8.0,47.0,1.0,1.0
Sunderland_56,2014-15,15398,Danny Graham,Sunderland,Forward,England,46.0,28.0,18.0,14.0,,1.0,49.0,3.0,1.0,,,,,9.0,,,79.0,45.0,34.0,0.1667,1.1243,,1.0927,7.416,47.0,1.0,1.0,,14.0,,,,,,1.0,6.0,5.0,1.0,33.0,17.0,16.0,,,,0.0,2.0,3.0,2.0,6.0,,1.0,31.0,1.0,,3.0,158.0,,,,,,,,,,,8.0,3.0,17.0,,,38.0,,,,,,,,,2.0,1.0,3.0,3.0,4.0,,7.0,0.0,6.0,7.0,,1.0,1.0,3.0,,18.0,4.0,75.0,30.0,100.0,1.0,,1.0,,,626.0,10.0,10.0,2.0,12.0,103.0,165.0,0.0,7.0,1.0,28.0,61.0,255.0,,14.0,14.0,3.0,,6.0,1.0,12.0,60.0,1.0,0.0
Sunderland_56,2014-15,18953,Steven Fletcher,Wrexham,Forward,Scotland,177.0,100.0,77.0,30.0,,3.0,133.0,3.0,4.0,,4.0,,1.0,12.0,,,314.0,176.0,138.0,1.745,6.215,,6.3587,30.3124,170.0,12.0,,,30.0,,,2.0,,,5.0,35.0,32.0,3.0,137.0,76.0,61.0,1.0,3.0,2.0,2.0,2.0,10.0,9.0,15.0,,2.0,147.0,1.0,,8.0,521.0,,5.0,,,,,,,3.0,,22.0,7.0,49.0,,,100.0,,,,,,,1.0,,2.0,1.0,19.0,10.0,15.0,,20.0,0.0,8.0,10.0,,4.0,4.0,11.0,,53.0,9.0,284.0,102.0,373.0,8.0,13.0,2.0,,,1783.0,46.0,18.0,23.0,32.0,310.0,550.0,0.0,34.0,21.0,82.0,168.0,847.0,1.0,18.0,17.0,13.0,1.0,15.0,4.0,38.0,164.0,1.0,4.0
Swansea_80,2014-15,37096,Lukasz Fabianski,West Ham United U21,Goalkeeper,Poland,18.0,,18.0,37.0,,,,,,88.0,13.0,,,,3.0,1.0,27.0,4.0,23.0,0.0369,,,,55.2045,795.0,1.0,,,37.0,374.0,167.0,,311.0,6.0,,46.0,40.0,6.0,9.0,4.0,5.0,,,,,,,2.0,,,,128.0,,,,530.0,,,,,2.0,,,,2.0,29.0,2.0,1.0,401.0,,,117.0,,137.0,8.0,77.0,60.0,23.0,,,,,,,,,37.0,1.0,,,,,,,124.0,,289.0,174.0,406.0,291.0,,1.0,,,,3308.0,,39.0,1.0,12.0,483.0,1040.0,1.0,,1.0,,460.0,1574.0,,,,,238.0,,458.0,105.0,2.0,0.0,0.0
Swansea_80,2014-15,60084,David Cornell,Preston North End,Goalkeeper,Wales,,,,,,,,,,,,,,,,,,,,,,,,,,,,,,,,,,,,,,,,,,,,,,,,,,,,,,,,,,,,,,,,,,,,,,,,,,,,,,,,,,,,,,,,0.0,,,,,,,,,,,,,,,,,,,,,,,,,0.0,,,,,,,,,,,,,,,,0.0
Swansea_80,2014-15,5288,Gerhard Tremmel,Swansea City,Goalkeeper,Germany,,,,2.0,,,,,,2.0,,,,,,,,,,0.0004,,,,2.6856,18.0,,,,2.0,9.0,1.0,,3.0,1.0,,3.0,3.0,,,,,,,,,,,,,,,6.0,,,,22.0,,,,,,,,,,2.0,,,10.0,,,3.0,,4.0,,3.0,1.0,1.0,,,,,,,,,1.0,0.0,,1.0,,,,,5.0,,10.0,4.0,16.0,10.0,,,,,,109.0,,3.0,,,9.0,27.0,0.0,,,,7.0,45.0,,,,,6.0,,7.0,2.0,,0.0,0.0
Swansea_80,2014-15,80789,Jordi Amat,Johor Darul Ta'zim,Defender,Indonesia,25.0,16.0,9.0,10.0,,,19.0,,5.0,,2.0,,,1.0,,,57.0,32.0,25.0,0.0439,,,,10.3621,126.0,4.0,,,10.0,,,,,,,7.0,6.0,1.0,32.0,16.0,16.0,,,,,,,16.0,1.0,,,92.0,,,,333.0,,,,,,,,,,,7.0,2.0,21.0,,,102.0,,,,,,,,,,,,,,,7.0,0.0,1.0,3.0,,,,2.0,6.0,1.0,20.0,65.0,235.0,280.0,4.0,9.0,,2.0,6.0,588.0,3.0,37.0,8.0,2.0,48.0,339.0,0.0,,13.0,2.0,39.0,441.0,,2.0,2.0,,5.0,,11.0,14.0,28.0,0.0,3.0
Swansea_80,2014-15,47390,Neil Taylor,Middlesbrough,Defender,Wales,74.0,49.0,25.0,34.0,,,201.0,1.0,13.0,,13.0,1.0,,4.0,,,246.0,111.0,135.0,1.0143,0.1245,,,47.8408,556.0,21.0,,,34.0,,,2.0,,,,41.0,35.0,6.0,172.0,62.0,110.0,,,,,,,76.0,20.0,,,66.0,1.0,,,1263.0,,2.0,,,,,,,2.0,,51.0,24.0,163.0,,,471.0,,,,,,,,,,1.0,3.0,,,,34.0,0.0,2.0,,,13.0,13.0,7.0,11.0,3.0,51.0,529.0,566.0,1031.0,17.0,62.0,,31.0,224.0,3000.0,15.0,106.0,30.0,26.0,317.0,1294.0,0.0,3.0,79.0,21.0,212.0,2039.0,,36.0,36.0,5.0,34.0,,73.0,76.0,139.0,0.0,9.0
Swansea_80,2014-15,19159,Ashley Williams,Bristol City,Defender,Wales,144.0,61.0,83.0,37.0,,,79.0,4.0,40.0,,13.0,2.0,,2.0,,,251.0,110.0,141.0,0.1818,0.3607,,0.0582,56.4872,681.0,18.0,,,37.0,,,,,,,48.0,42.0,6.0,107.0,49.0,58.0,1.0,,,,4.0,,101.0,6.0,,,417.0,,1.0,2.0,1769.0,,1.0,,,,,,,2.0,,19.0,11.0,176.0,,,635.0,,,,,,,,,4.0,,2.0,,1.0,1.0,37.0,0.0,,,,,,4.0,24.0,,177.0,345.0,1202.0,1370.0,12.0,31.0,,,1.0,3330.0,6.0,372.0,29.0,12.0,282.0,1812.0,0.0,3.0,43.0,16.0,265.0,2447.0,,,,2.0,76.0,,139.0,79.0,126.0,0.0,6.0
Swansea_80,2014-15,39221,Dwight Tiendalli,Oxford United,Defender,Netherlands,6.0,2.0,4.0,3.0,,,16.0,,1.0,,,,,,,,23.0,8.0,15.0,0.0099,,,,3.6712,18.0,1.0,,,3.0,,,,,,,5.0,4.0,1.0,17.0,6.0,11.0,,,,,,,4.0,2.0,,,24.0,,,,62.0,,,,,,,,,,,1.0,1.0,10.0,,,8.0,,,,,,,,,,,,,,,1.0,0.0,,2.0,,,,1.0,,,,18.0,41.0,59.0,3.0,5.0,,5.0,7.0,128.0,2.0,5.0,2.0,2.0,15.0,66.0,0.0,,8.0,,7.0,104.0,,1.0,1.0,1.0,1.0,,1.0,2.0,6.0,0.0,0.0
Swansea_80,2014-15,42996,Angel Rangel,Queens Park Rangers,Defender,Spain,53.0,24.0,29.0,27.0,,,159.0,1.0,13.0,,6.0,,,6.0,,,190.0,91.0,99.0,0.7877,0.2401,,0.3489,30.988,513.0,21.0,,,27.0,,,,,,,25.0,23.0,2.0,137.0,67.0,70.0,,,,,,2.0,68.0,13.0,,,629.0,1.0,,1.0,1321.0,,,,1.0,,,,,2.0,,51.0,19.0,123.0,1.0,,42.0,,,,,,,,,,1.0,4.0,2.0,2.0,,22.0,0.0,3.0,5.0,,5.0,5.0,5.0,10.0,7.0,69.0,485.0,627.0,1038.0,13.0,41.0,,18.0,190.0,2036.0,10.0,87.0,28.0,12.0,296.0,1343.0,1.0,6.0,54.0,16.0,236.0,1891.0,,19.0,19.0,,33.0,,70.0,74.0,166.0,0.0,1.0
Swansea_80,2014-15,49539,Kyle Naughton,Swansea City,Defender,England,42.0,16.0,26.0,15.0,,,99.0,1.0,9.0,,2.0,,,6.0,,,148.0,64.0,84.0,0.2482,0.0786,,0.3114,11.8299,289.0,5.0,,,15.0,,,1.0,,,,14.0,11.0,3.0,106.0,48.0,58.0,1.0,,,,,,21.0,3.0,,,256.0,1.0,1.0,,663.0,,1.0,,1.0,,,,,,,24.0,8.0,50.0,,,26.0,,,,,,,,,,1.0,1.0,,1.0,1.0,15.0,2.0,3.0,,,4.0,4.0,4.0,3.0,1.0,16.0,296.0,253.0,529.0,9.0,32.0,,23.0,116.0,1184.0,19.0,37.0,13.0,13.0,202.0,670.0,2.0,2.0,41.0,6.0,125.0,1023.0,,16.0,16.0,11.0,27.0,,42.0,31.0,83.0,0.0,1.0
Swansea_80,2014-15,59940,Kyle Bartley,West Bromwich Albion,Defender,England,21.0,9.0,12.0,7.0,,,35.0,2.0,4.0,,1.0,,,1.0,,,51.0,16.0,35.0,0.0505,0.2221,,0.2102,10.5541,120.0,5.0,,,7.0,,,,,,,10.0,10.0,,30.0,7.0,23.0,,,,,2.0,1.0,10.0,,,,122.0,,,2.0,336.0,,,,,,,,,1.0,,3.0,1.0,23.0,,,70.0,,,,,,,,,2.0,,1.0,1.0,1.0,,7.0,0.0,,,,,,4.0,1.0,,17.0,79.0,221.0,283.0,,11.0,,,1.0,630.0,,31.0,7.0,9.0,51.0,347.0,0.0,2.0,11.0,8.0,47.0,432.0,,2.0,2.0,,3.0,,18.0,12.0,29.0,0.0,2.0
Swansea_80,2014-15,73459,Jazz Richards,Cardiff City U21,Defender,Wales,26.0,15.0,11.0,10.0,,,58.0,,1.0,,1.0,,,2.0,,,80.0,40.0,40.0,0.2568,,,,14.0493,123.0,4.0,,,10.0,,,1.0,,,,12.0,11.0,1.0,54.0,25.0,29.0,1.0,,,,,,21.0,2.0,,,112.0,,,1.0,324.0,,,,,,,,,,,12.0,5.0,39.0,,,34.0,,,,,,,,,,,,,,,7.0,0.0,2.0,3.0,,1.0,1.0,5.0,,,16.0,109.0,167.0,259.0,4.0,14.0,1.0,13.0,65.0,634.0,9.0,23.0,8.0,6.0,92.0,327.0,0.0,,18.0,,52.0,521.0,,6.0,6.0,2.0,9.0,,15.0,24.0,37.0,0.0,1.0
Swansea_80,2014-15,182912,Liam Shephard,Newport County,Defender,Wales,,,,,,,,,,,,,,,,,,,,,,,,,,,,,,,,,,,,,,,,,,,,,,,,,,,,,,,,,,,,,,,,,,,,,,,,,,,,,,,,,,,,,,,,0.0,,,,,,,,,,,,,,,,,,,,,,,,,0.0,,,,,,,,,,,,,,,,0.0
Swansea_80,2014-15,57145,Federico Fernández,Newcastle United,Defender,Argentina,116.0,49.0,67.0,28.0,,,92.0,3.0,16.0,,10.0,,,3.0,,,249.0,102.0,147.0,0.1862,0.7189,,0.789,44.7265,651.0,7.0,,,28.0,,,,,,,37.0,32.0,5.0,133.0,53.0,80.0,,,,,3.0,4.0,87.0,3.0,,,376.0,,,1.0,1343.0,,,,,,,,,1.0,,25.0,11.0,133.0,,,262.0,,,,,,,,,3.0,,6.0,4.0,4.0,,27.0,0.0,,1.0,,,,6.0,15.0,1.0,71.0,320.0,846.0,1095.0,13.0,40.0,,,5.0,2475.0,5.0,169.0,18.0,23.0,233.0,1381.0,0.0,10.0,53.0,20.0,215.0,1802.0,,2.0,2.0,,50.0,,97.0,91.0,118.0,0.0,0.0
Swansea_80,2014-15,131289,Raheem Hanley,Northampton Town,Defender,England,,,,,,,,,,,,,,,,,,,,,,,,,,,,,,,,,,,,,,,,,,,,,,,,,,,,,,,,,,,,,,,,,,,,,,,,,,,,,,,,,,,,,,,,0.0,,,,,,,,,,,,,,,,,,,,,,,,,0.0,,,,,,,,,,,,,,,,0.0
Swansea_80,2014-15,76542,Ki Sung-Yueng,Seoul,Midfielder,South Korea,113.0,57.0,56.0,33.0,2.0,3.0,309.0,3.0,10.0,,10.0,,5.0,4.0,,,294.0,135.0,159.0,1.4851,3.339,0.1046,4.5077,38.7252,396.0,14.0,,2.0,33.0,,,1.0,,,8.0,33.0,30.0,3.0,181.0,78.0,103.0,1.0,1.0,,5.0,1.0,4.0,61.0,25.0,,4.0,476.0,2.0,2.0,4.0,1657.0,1.0,2.0,,,,,,,2.0,,38.0,27.0,194.0,,2.0,525.0,,,,,,,,,1.0,2.0,11.0,4.0,14.0,2.0,30.0,0.0,4.0,3.0,2.0,4.0,1.0,17.0,,70.0,68.0,626.0,910.0,1464.0,8.0,36.0,4.0,,3.0,2690.0,31.0,71.0,27.0,45.0,247.0,1706.0,0.0,25.0,44.0,36.0,174.0,2114.0,3.0,10.0,6.0,7.0,6.0,2.0,26.0,68.0,148.0,2.0,4.0
Swansea_80,2014-15,15114,Leon Britton,Swansea City U23,Midfielder,England,11.0,5.0,6.0,9.0,,,46.0,,5.0,,,,,,,,57.0,22.0,35.0,0.1662,,,,8.3602,98.0,2.0,,,9.0,,,,,,,10.0,8.0,2.0,46.0,17.0,29.0,,,,,,,11.0,1.0,,,89.0,,,,336.0,,1.0,,,,,,,,,13.0,6.0,45.0,,,118.0,,,,,,,,,,,,,,,7.0,0.0,5.0,2.0,,,,4.0,1.0,10.0,15.0,125.0,191.0,301.0,2.0,16.0,1.0,,,537.0,8.0,6.0,4.0,8.0,49.0,351.0,0.0,,18.0,2.0,35.0,427.0,,,,3.0,2.0,,4.0,15.0,31.0,0.0,1.0
Swansea_80,2014-15,50232,Jonjo Shelvey,Burnley,Midfielder,England,26.0,13.0,13.0,31.0,6.0,2.0,254.0,17.0,8.0,,8.0,,25.0,12.0,,,200.0,103.0,97.0,3.4408,4.6514,0.3693,5.0822,41.5609,538.0,25.0,,6.0,31.0,,,5.0,,,3.0,30.0,26.0,4.0,174.0,90.0,84.0,,,3.0,1.0,5.0,2.0,41.0,25.0,,,320.0,12.0,13.0,2.0,1460.0,,5.0,1.0,1.0,,,1.0,1.0,1.0,,40.0,22.0,213.0,1.0,3.0,404.0,,,,,,,,,5.0,12.0,27.0,2.0,18.0,13.0,28.0,0.0,10.0,3.0,5.0,16.0,9.0,25.0,7.0,38.0,143.0,642.0,573.0,1056.0,10.0,32.0,10.0,,4.0,2454.0,30.0,29.0,35.0,17.0,455.0,1516.0,1.0,45.0,42.0,32.0,317.0,1935.0,15.0,55.0,35.0,12.0,34.0,2.0,125.0,52.0,192.0,1.0,8.0
Swansea_80,2014-15,21083,Nathan Dyer,Swansea City,Midfielder,England,34.0,25.0,9.0,32.0,,0.0,244.0,3.0,1.0,,4.0,,,17.0,,,280.0,172.0,108.0,1.5557,1.6485,,3.3872,31.5029,131.0,11.0,,,32.0,,,2.0,,,3.0,29.0,25.0,4.0,246.0,147.0,99.0,2.0,,,3.0,,4.0,20.0,20.0,,,259.0,3.0,2.0,6.0,706.0,,12.0,,,,,,,1.0,,52.0,28.0,124.0,,3.0,74.0,,,,,,,,,,3.0,5.0,4.0,9.0,2.0,23.0,0.0,15.0,9.0,,9.0,9.0,32.0,2.0,55.0,8.0,383.0,225.0,591.0,4.0,27.0,2.0,,12.0,1868.0,96.0,7.0,21.0,36.0,303.0,708.0,0.0,14.0,31.0,41.0,109.0,1120.0,,45.0,45.0,56.0,3.0,4.0,6.0,29.0,103.0,2.0,2.0
Swansea_80,2014-15,93464,Tom Carroll,Reading,Midfielder,England,12.0,11.0,1.0,13.0,,,87.0,3.0,3.0,,1.0,,1.0,,,,59.0,38.0,21.0,0.369,0.1463,,,13.4801,157.0,1.0,,,13.0,,,,,,,10.0,9.0,1.0,47.0,27.0,20.0,1.0,,,,1.0,,11.0,5.0,,,124.0,2.0,,,507.0,,,,,,,,,1.0,,13.0,7.0,36.0,,,144.0,,,,,,,,,1.0,2.0,1.0,,,,8.0,0.0,5.0,5.0,,,,3.0,1.0,14.0,13.0,228.0,224.0,439.0,5.0,12.0,1.0,,,692.0,9.0,16.0,5.0,,80.0,512.0,0.0,1.0,17.0,4.0,60.0,603.0,,2.0,2.0,3.0,,,8.0,17.0,52.0,0.0,1.0
Swansea_80,2014-15,11829,Wayne Routledge,Swansea City,Midfielder,England,56.0,44.0,12.0,29.0,,0.0,253.0,9.0,1.0,,5.0,,5.0,21.0,,,299.0,186.0,113.0,3.0189,3.7388,,2.541,33.4729,195.0,17.0,,,29.0,,,1.0,,,3.0,31.0,27.0,4.0,243.0,142.0,101.0,1.0,,1.0,3.0,7.0,5.0,21.0,27.0,,,146.0,2.0,,21.0,754.0,,20.0,,,,,,,2.0,,49.0,15.0,132.0,,3.0,168.0,,,,,,,1.0,,7.0,2.0,14.0,5.0,8.0,,27.0,1.0,10.0,2.0,1.0,14.0,13.0,37.0,3.0,106.0,25.0,371.0,231.0,563.0,6.0,25.0,7.0,,6.0,2316.0,92.0,23.0,36.0,34.0,443.0,762.0,1.0,22.0,31.0,79.0,174.0,1259.0,4.0,103.0,99.0,62.0,11.0,4.0,32.0,34.0,142.0,0.0,1.0
Swansea_80,2014-15,49195,Jefferson Montero,Swansea City,Midfielder,Ecuador,29.0,20.0,9.0,30.0,,0.0,95.0,2.0,,,2.0,,8.0,18.0,,,295.0,141.0,154.0,2.3298,0.8974,,1.456,26.6355,119.0,7.0,,,30.0,,,7.0,,,1.0,21.0,20.0,1.0,266.0,121.0,145.0,1.0,1.0,,1.0,1.0,2.0,17.0,20.0,,,26.0,1.0,1.0,2.0,401.0,,10.0,,,,,,,1.0,,34.0,13.0,121.0,,,168.0,,,,,,,1.0,,1.0,1.0,7.0,2.0,4.0,1.0,15.0,0.0,7.0,15.0,1.0,17.0,16.0,79.0,1.0,9.0,6.0,204.0,117.0,298.0,8.0,29.0,3.0,2.0,14.0,1569.0,94.0,8.0,13.0,30.0,319.0,408.0,0.0,11.0,37.0,79.0,104.0,884.0,2.0,68.0,66.0,71.0,8.0,1.0,17.0,38.0,87.0,1.0,0.0
Swansea_80,2014-15,168144,Matt Grimes,Coventry City,Midfielder,England,,,,3.0,,,5.0,,,,,,,,,,10.0,8.0,2.0,0.1639,,,,1.5225,8.0,,,,3.0,,,,,,,1.0,1.0,,10.0,8.0,2.0,,,,,,,1.0,1.0,,,6.0,,,,25.0,,,,,,,,,,,1.0,1.0,3.0,,,8.0,,,,,,,,,,,,,,,,0.0,,3.0,,,,,,,2.0,18.0,6.0,22.0,1.0,1.0,1.0,,,42.0,5.0,1.0,1.0,,12.0,27.0,0.0,,2.0,1.0,3.0,41.0,,2.0,1.0,3.0,2.0,,3.0,,,0.0,0.0
Swansea_80,2014-15,55422,Gylfi Sigurdsson,Vikingur Reykjavík,Midfielder,Iceland,47.0,39.0,8.0,32.0,12.0,4.0,303.0,20.0,6.0,,4.0,,105.0,23.0,,,313.0,201.0,112.0,5.5242,5.2503,0.7216,6.5972,46.4354,318.0,7.0,,12.0,32.0,,,10.0,,,7.0,43.0,38.0,5.0,266.0,162.0,104.0,1.0,,3.0,3.0,10.0,4.0,41.0,63.0,,2.0,247.0,10.0,13.0,2.0,1087.0,,4.0,,,,,,,2.0,,66.0,36.0,121.0,,5.0,279.0,,,,,,,2.0,2.0,10.0,10.0,23.0,4.0,24.0,13.0,32.0,0.0,15.0,,32.0,45.0,4.0,31.0,1.0,90.0,10.0,696.0,323.0,964.0,10.0,24.0,16.0,,2.0,2697.0,85.0,22.0,23.0,40.0,435.0,1147.0,0.0,47.0,34.0,56.0,173.0,1758.0,55.0,108.0,24.0,41.0,5.0,8.0,12.0,36.0,161.0,2.0,2.0
Swansea_80,2014-15,40145,Jack Cork,Burnley U21,Defender,England,96.0,43.0,53.0,27.0,,1.0,203.0,,9.0,,5.0,,,5.0,,,259.0,120.0,139.0,0.4843,1.2029,,1.1499,24.963,336.0,9.0,,,27.0,,,,,,3.0,19.0,16.0,3.0,163.0,77.0,86.0,,,1.0,2.0,,2.0,53.0,12.0,,1.0,304.0,,,1.0,1114.0,,2.0,,,,,,,,,33.0,16.0,148.0,,2.0,294.0,,,,,,,1.0,,,,3.0,2.0,5.0,,20.0,0.0,5.0,7.0,,1.0,1.0,12.0,4.0,17.0,53.0,444.0,533.0,923.0,18.0,25.0,2.0,,,1801.0,34.0,43.0,23.0,37.0,229.0,1137.0,0.0,8.0,43.0,18.0,161.0,1446.0,,9.0,9.0,9.0,11.0,1.0,28.0,57.0,133.0,1.0,1.0
Swansea_80,2014-15,184400,Josh Sheehan,Bolton Wanderers,Midfielder,Wales,,,,,,,,,,,,,,,,,,,,,,,,,,,,,,,,,,,,,,,,,,,,,,,,,,,,,,,,,,,,,,,,,,,,,,,,,,,,,,,,,,,,,,,,0.0,,,,,,,,,,,,,,,,,,,,,,,,,0.0,,,,,,,,,,,,,,,,0.0
Swansea_80,2014-15,96305,Jay Fulton,Swansea City,Midfielder,Scotland,7.0,4.0,3.0,2.0,,,6.0,,1.0,,1.0,,,,,,11.0,6.0,5.0,0.0084,,,,2.8787,22.0,,,,2.0,,,,,,,1.0,1.0,,4.0,2.0,2.0,,,,,,,8.0,,,,14.0,,,,61.0,,,,,,,,,,,3.0,1.0,6.0,,,23.0,,,,,,,,,,,,,,,1.0,0.0,,1.0,,,,,,,1.0,16.0,34.0,49.0,2.0,,,,,114.0,,5.0,1.0,,16.0,65.0,0.0,,2.0,,15.0,84.0,,,,,1.0,,3.0,3.0,12.0,0.0,0.0
Swansea_80,2014-15,39270,Marvin Emnes,Akhisarspor,Forward,Netherlands,18.0,10.0,8.0,17.0,1.0,,46.0,6.0,,,,,2.0,5.0,,,85.0,45.0,40.0,0.7924,0.9568,0.0666,0.3537,14.1549,31.0,7.0,,1.0,17.0,,,,,,,9.0,9.0,,67.0,35.0,32.0,2.0,,,,2.0,3.0,2.0,5.0,,,31.0,4.0,1.0,1.0,150.0,,2.0,,,,,,,,,9.0,5.0,22.0,,,47.0,,,,,,,,,2.0,4.0,3.0,3.0,4.0,1.0,3.0,0.0,2.0,14.0,,,,8.0,,12.0,,92.0,33.0,125.0,3.0,6.0,1.0,,1.0,502.0,21.0,4.0,11.0,15.0,84.0,155.0,0.0,7.0,9.0,18.0,30.0,271.0,2.0,14.0,11.0,10.0,1.0,1.0,4.0,5.0,26.0,0.0,2.0
Swansea_80,2014-15,111787,Modou Barrow,Reading,Forward,Gambia,7.0,4.0,3.0,11.0,,,27.0,2.0,1.0,,,,,2.0,,,70.0,36.0,34.0,0.8277,0.0757,,,5.1452,24.0,6.0,,,11.0,,,1.0,,,,4.0,2.0,2.0,63.0,32.0,31.0,,,,,1.0,,7.0,4.0,,,34.0,1.0,,1.0,87.0,,1.0,,,,,,,,,8.0,8.0,18.0,,,2.0,,,,,,,1.0,,1.0,1.0,,,,,1.0,0.0,2.0,10.0,,3.0,3.0,10.0,,2.0,,57.0,12.0,66.0,4.0,4.0,,,,277.0,12.0,3.0,8.0,13.0,52.0,87.0,0.0,,8.0,5.0,21.0,178.0,,10.0,10.0,11.0,3.0,2.0,3.0,6.0,18.0,0.0,1.0
Swansea_80,2014-15,57114,Nélson Oliveira,Vitória Guimarães,Forward,Portugal,31.0,26.0,5.0,10.0,,1.0,58.0,4.0,,,,,,5.0,,,91.0,65.0,26.0,0.1792,1.0227,,1.8218,8.6288,17.0,3.0,,,10.0,,,,,,1.0,9.0,8.0,1.0,60.0,39.0,21.0,,1.0,,0.0,2.0,2.0,2.0,4.0,,,37.0,2.0,,2.0,141.0,,1.0,,,,,,,,,5.0,2.0,18.0,,,31.0,,,,,,,,,2.0,2.0,4.0,2.0,3.0,,4.0,0.0,4.0,6.0,,,,10.0,,15.0,4.0,63.0,55.0,114.0,,3.0,,,,389.0,30.0,6.0,5.0,9.0,77.0,143.0,0.0,7.0,3.0,15.0,25.0,247.0,,4.0,4.0,15.0,1.0,3.0,2.0,7.0,23.0,0.0,0.0
Swansea_80,2014-15,37998,Bafétimbi Gomis,Galatasaray,Forward,France,122.0,80.0,42.0,31.0,1.0,2.0,153.0,15.0,2.0,,1.0,,,11.0,,,289.0,170.0,119.0,0.3838,7.1067,0.0527,6.0396,30.491,94.0,8.0,,1.0,31.0,,,,,,7.0,26.0,21.0,5.0,167.0,90.0,77.0,1.0,2.0,2.0,5.0,6.0,9.0,1.0,13.0,,,107.0,9.0,8.0,22.0,415.0,1.0,4.0,,,,,,,,,18.0,6.0,36.0,,4.0,99.0,,,,,,,,,6.0,9.0,30.0,9.0,24.0,8.0,18.0,0.0,7.0,13.0,,,,30.0,,68.0,14.0,241.0,119.0,346.0,5.0,8.0,,,,1640.0,67.0,33.0,24.0,37.0,204.0,453.0,0.0,54.0,13.0,79.0,93.0,773.0,,,,26.0,3.0,16.0,5.0,13.0,88.0,5.0,0.0
Swansea_80,2014-15,166365,Kenji Gorré,Swansea City U23,Midfielder,Curacao,,,,1.0,,,1.0,,,,,,,,,,,,,0.0031,,,,0.2734,1.0,,,,1.0,,,,,,,,,,,,,,,,,,,,,,,1.0,,,,5.0,,,,,,,,,,,,,,,,2.0,,,,,,,,,,,,,,,,0.0,,1.0,,,,,,,,4.0,1.0,5.0,,,,,,6.0,,,,,,5.0,0.0,,,,,5.0,,,,,,,,,,0.0,0.0
West_Brom_35,2014-15,9089,Ben Foster,Wrexham,Goalkeeper,England,7.0,1.0,6.0,28.0,,,,,,46.0,11.0,,,,2.0,5.0,11.0,4.0,7.0,0.0681,,,,34.7606,788.0,1.0,,,28.0,193.0,135.0,,223.0,1.0,,34.0,29.0,5.0,4.0,3.0,1.0,,,,,,,,,,,31.0,,,,439.0,,,,1.0,6.0,,,,5.0,7.0,1.0,1.0,284.0,,,40.0,,75.0,9.0,43.0,32.0,13.0,,,,,,,,,28.0,0.0,1.0,,,,,,144.0,,240.0,192.0,158.0,110.0,,,,,,2486.0,1.0,17.0,2.0,2.0,519.0,859.0,0.0,,,,509.0,1127.0,,,,1.0,346.0,,508.0,38.0,1.0,0.0,2.0
West_Brom_35,2014-15,12086,Boaz Myhill,West Bromwich Albion U23,Goalkeeper,Wales,2.0,,2.0,11.0,,,,,,25.0,4.0,,,,,,3.0,1.0,2.0,0.0215,,,,21.2483,312.0,1.0,,,11.0,79.0,69.0,,117.0,1.0,,17.0,14.0,3.0,1.0,1.0,,,,,,,,,,,,12.0,,,,123.0,,,,,1.0,1.0,,,,6.0,,,116.0,,,9.0,1.0,56.0,9.0,35.0,21.0,10.0,,,,,,,,,10.0,0.0,,1.0,,,,,54.0,,108.0,90.0,45.0,27.0,,,,,,934.0,,10.0,1.0,,200.0,333.0,0.0,,,,198.0,459.0,,,,,105.0,,197.0,17.0,1.0,0.0,1.0
West_Brom_35,2014-15,112520,Alex Palmer,Ipswich Town,Goalkeeper,England,,,,,,,,,,,,,,,,,,,,,,,,,,,,,,,,,,,,,,,,,,,,,,,,,,,,,,,,,,,,,,,,,,,,,,,,,,,,,,,,,,,,,,,,0.0,,,,,,,,,,,,,,,,,,,,,,,,,0.0,,,,,,,,,,,,,,,,0.0
West_Brom_35,2014-15,112507,Jack Rose,Sutton United,Goalkeeper,England,,,,,,,,,,,,,,,,,,,,,,,,,,,,,,,,,,,,,,,,,,,,,,,,,,,,,,,,,,,,,,,,,,,,,,,,,,,,,,,,,,,,,,,,0.0,,,,,,,,,,,,,,,,,,,,,,,,,0.0,,,,,,,,,,,,,,,,0.0
West_Brom_35,2014-15,89088,Andre Wisdom,Birmingham City U21,Defender,England,32.0,14.0,18.0,24.0,,,135.0,1.0,6.0,,8.0,1.0,,8.0,,,121.0,58.0,63.0,0.6558,0.3589,,,28.3042,398.0,6.0,,,24.0,,,1.0,,,,29.0,23.0,6.0,89.0,44.0,45.0,1.0,,,,,,30.0,8.0,,,260.0,1.0,,2.0,877.0,,4.0,,,,,,,3.0,,60.0,17.0,131.0,,,95.0,,,,,,,,,,1.0,2.0,,,,22.0,0.0,1.0,2.0,,10.0,10.0,13.0,14.0,4.0,37.0,378.0,332.0,663.0,6.0,20.0,,49.0,180.0,1971.0,22.0,67.0,13.0,6.0,313.0,888.0,0.0,2.0,26.0,17.0,188.0,1395.0,,38.0,38.0,3.0,39.0,,53.0,60.0,135.0,0.0,1.0
West_Brom_35,2014-15,39253,Jonas Olsson,Wigan Athletic,Defender,Sweden,31.0,13.0,18.0,13.0,,1.0,7.0,,10.0,,3.0,,,,,,52.0,23.0,29.0,0.3897,0.2744,,0.4924,20.0959,191.0,,,,13.0,,,,,,1.0,18.0,13.0,5.0,21.0,10.0,11.0,1.0,,,0.0,,,14.0,2.0,1.0,1.0,32.0,,,1.0,318.0,,,,,,,,,,,2.0,1.0,29.0,,,100.0,,,,,,,,,,,2.0,,1.0,,9.0,0.0,1.0,4.0,,,,1.0,12.0,,30.0,122.0,142.0,234.0,2.0,5.0,,,,823.0,1.0,35.0,6.0,4.0,69.0,330.0,0.0,3.0,7.0,9.0,66.0,415.0,,,,,31.0,,40.0,12.0,26.0,1.0,2.0
West_Brom_35,2014-15,15968,Chris Baird,Derby County,Defender,Northern Ireland,25.0,8.0,17.0,19.0,,,42.0,,6.0,,2.0,,,2.0,,,58.0,21.0,37.0,0.5856,0.1599,,0.3441,19.782,135.0,3.0,,,19.0,,,,,,,17.0,16.0,1.0,33.0,13.0,20.0,1.0,,,,,1.0,17.0,5.0,,,39.0,,1.0,,315.0,,,,,,,,,1.0,,11.0,5.0,47.0,,,114.0,,,,,,,,,,,2.0,1.0,2.0,1.0,9.0,0.0,4.0,10.0,,3.0,1.0,3.0,13.0,3.0,29.0,110.0,144.0,222.0,3.0,13.0,1.0,14.0,51.0,801.0,3.0,44.0,9.0,3.0,108.0,330.0,0.0,4.0,16.0,3.0,79.0,526.0,,8.0,8.0,,32.0,,39.0,22.0,40.0,0.0,2.0
West_Brom_35,2014-15,7551,Joleon Lescott,Sunderland,Defender,England,119.0,46.0,73.0,34.0,,1.0,91.0,3.0,37.0,,15.0,3.0,,5.0,,,253.0,98.0,155.0,0.6953,3.1419,,0.5509,51.28,523.0,9.0,,,34.0,,,2.0,,,1.0,44.0,40.0,4.0,134.0,52.0,82.0,2.0,1.0,,0.0,3.0,2.0,73.0,,,,158.0,,,1.0,1029.0,,4.0,,3.0,,,,,5.0,,32.0,19.0,171.0,,,287.0,,,,,,,,,3.0,,8.0,2.0,3.0,,34.0,0.0,,,,1.0,1.0,11.0,42.0,1.0,67.0,252.0,566.0,750.0,11.0,45.0,1.0,8.0,28.0,3060.0,19.0,202.0,25.0,24.0,289.0,1059.0,0.0,11.0,56.0,26.0,242.0,1603.0,,1.0,1.0,2.0,109.0,,135.0,67.0,107.0,0.0,3.0
West_Brom_35,2014-15,80480,Jason Davidson,Eupen,Midfielder,Australia,,,,2.0,,,9.0,,,,,,,,,,11.0,6.0,5.0,0.0173,,,,2.1118,16.0,1.0,,,2.0,,,,,,,3.0,2.0,1.0,11.0,6.0,5.0,,,,,,,3.0,1.0,,,1.0,,,,39.0,,,,,,,,,,,,,4.0,,,14.0,,,,,,,,,,,,,,,1.0,0.0,1.0,1.0,,,,,1.0,,2.0,20.0,12.0,30.0,2.0,1.0,,3.0,4.0,102.0,3.0,,1.0,2.0,18.0,40.0,0.0,,3.0,,8.0,64.0,,3.0,3.0,,1.0,,1.0,2.0,7.0,0.0,0.0
West_Brom_35,2014-15,42583,Sébastien Pocognoli,Standard Liège,Defender,Belgium,59.0,28.0,31.0,15.0,,,89.0,1.0,8.0,,3.0,,13.0,15.0,,,146.0,70.0,76.0,0.5718,0.1773,,0.3544,16.9705,197.0,8.0,,,15.0,,,,,,,18.0,14.0,4.0,87.0,42.0,45.0,,,,,,1.0,23.0,9.0,,,13.0,1.0,1.0,1.0,412.0,,4.0,,1.0,,,,,3.0,,22.0,11.0,41.0,,,121.0,,,,,,,1.0,,,1.0,4.0,1.0,2.0,1.0,15.0,0.0,8.0,,1.0,11.0,8.0,6.0,7.0,3.0,17.0,164.0,146.0,282.0,5.0,25.0,,33.0,98.0,1214.0,16.0,60.0,24.0,10.0,243.0,420.0,0.0,6.0,30.0,12.0,121.0,824.0,12.0,54.0,42.0,4.0,42.0,,52.0,24.0,69.0,0.0,1.0
West_Brom_35,2014-15,77760,Cristian Gamboa,Celtic,Defender,Costa Rica,9.0,3.0,6.0,10.0,,,15.0,1.0,1.0,,,,,4.0,,,41.0,17.0,24.0,0.2698,0.048,,,3.4918,51.0,,,,10.0,,,1.0,,,,3.0,3.0,,32.0,14.0,18.0,,,,,,,6.0,2.0,,,51.0,1.0,,,130.0,,1.0,,,,,,,,,3.0,1.0,21.0,,,15.0,,,,,,,,,,1.0,,,,,1.0,0.0,,9.0,,3.0,3.0,5.0,5.0,2.0,7.0,58.0,57.0,105.0,3.0,5.0,,3.0,21.0,236.0,7.0,12.0,1.0,5.0,46.0,132.0,0.0,,8.0,,20.0,223.0,,8.0,8.0,3.0,6.0,,8.0,4.0,12.0,0.0,1.0
West_Brom_35,2014-15,153475,Liam O'Neil,Cambridge United,Midfielder,England,,,,,,,,,,,,,,,,,,,,,,,,,,,,,,,,,,,,,,,,,,,,,,,,,,,,,,,,,,,,,,,,,,,,,,,,,,,,,,,,,,,,,,,,0.0,,,,,,,,,,,,,,,,,,,,,,,,,0.0,,,,,,,,,,,,,,,,0.0
West_Brom_35,2014-15,19272,Gareth McAuley,Rangers,Defender,Northern Ireland,106.0,31.0,75.0,24.0,,1.0,57.0,,17.0,,12.0,,,1.0,,,174.0,49.0,125.0,0.1171,1.133,,0.4439,32.4211,316.0,4.0,,,24.0,,,,,,1.0,28.0,25.0,3.0,68.0,18.0,50.0,,1.0,1.0,0.0,,,44.0,3.0,,,151.0,,,1.0,604.0,,1.0,,,,,,,4.0,,9.0,8.0,88.0,,,87.0,,,,,,,,,,,7.0,,1.0,,24.0,1.0,,,,1.0,1.0,5.0,38.0,1.0,68.0,128.0,308.0,367.0,12.0,19.0,,,1.0,2072.0,4.0,144.0,9.0,18.0,191.0,611.0,1.0,8.0,31.0,21.0,176.0,914.0,,1.0,1.0,,75.0,,93.0,38.0,83.0,0.0,2.0
West_Brom_35,2014-15,60232,Craig Dawson,Wolverhampton Wanderers,Defender,England,170.0,62.0,108.0,29.0,,0.0,64.0,3.0,28.0,,11.0,,,4.0,,,301.0,113.0,188.0,0.5204,1.8239,,0.5993,43.2554,497.0,12.0,,,29.0,,,,,,2.0,38.0,31.0,7.0,131.0,51.0,80.0,,2.0,2.0,2.0,3.0,2.0,53.0,5.0,1.0,,305.0,,,1.0,992.0,,,,,,,,,3.0,,45.0,22.0,112.0,,,144.0,,,,,,,,,3.0,,9.0,2.0,4.0,,29.0,0.0,1.0,,,6.0,6.0,7.0,21.0,1.0,79.0,278.0,470.0,663.0,13.0,39.0,2.0,59.0,91.0,2591.0,12.0,185.0,24.0,23.0,378.0,1010.0,0.0,13.0,52.0,35.0,268.0,1642.0,,25.0,25.0,5.0,101.0,,130.0,61.0,138.0,1.0,6.0
West_Brom_35,2014-15,55829,Claudio Yacob,Nottingham Forest,Midfielder,Argentina,47.0,23.0,24.0,20.0,,,51.0,2.0,12.0,,9.0,,,1.0,,,212.0,104.0,108.0,0.2956,0.4523,,0.6981,22.1183,198.0,20.0,,,20.0,,,,,,,18.0,16.0,2.0,165.0,81.0,84.0,,,,,,1.0,39.0,4.0,,,140.0,2.0,,1.0,527.0,,,,,,,,,2.0,,28.0,24.0,109.0,,,145.0,,,,,,,,,,2.0,5.0,1.0,1.0,,16.0,1.0,1.0,4.0,,1.0,1.0,3.0,2.0,5.0,22.0,193.0,231.0,401.0,18.0,51.0,,,,1390.0,13.0,41.0,28.0,16.0,132.0,534.0,1.0,6.0,69.0,2.0,111.0,782.0,,1.0,1.0,,19.0,,27.0,32.0,84.0,0.0,5.0
West_Brom_35,2014-15,18008,James Morrison,West Bromwich Albion U23,Midfielder,Scotland,49.0,27.0,22.0,33.0,,2.0,231.0,7.0,5.0,,8.0,,35.0,15.0,,,310.0,165.0,145.0,3.0939,1.3965,,3.6299,38.0484,418.0,17.0,,,33.0,,,1.0,,,2.0,35.0,29.0,6.0,261.0,138.0,123.0,1.0,2.0,,0.0,2.0,3.0,55.0,39.0,,,403.0,5.0,7.0,2.0,1391.0,,4.0,,1.0,,,,,4.0,,58.0,38.0,212.0,,,366.0,,,,,,,1.0,,2.0,5.0,11.0,3.0,12.0,7.0,29.0,0.0,11.0,4.0,9.0,21.0,9.0,29.0,13.0,28.0,91.0,687.0,519.0,1094.0,23.0,47.0,9.0,,7.0,2558.0,60.0,32.0,30.0,26.0,384.0,1418.0,0.0,23.0,70.0,20.0,233.0,1909.0,17.0,51.0,33.0,11.0,46.0,3.0,64.0,49.0,169.0,2.0,3.0
West_Brom_35,2014-15,28468,Craig Gardner,Birmingham City,Midfielder,England,96.0,47.0,49.0,35.0,8.0,1.0,196.0,14.0,9.0,,8.0,,15.0,21.0,,,378.0,184.0,194.0,2.1777,3.6729,0.5478,3.9305,42.3447,355.0,30.0,,8.0,35.0,,,4.0,,,3.0,36.0,30.0,6.0,282.0,137.0,145.0,7.0,,2.0,2.0,,5.0,57.0,31.0,,,267.0,14.0,10.0,5.0,1056.0,,3.0,,,,,,,5.0,,78.0,53.0,157.0,,3.0,254.0,,,,,,,,,,14.0,24.0,5.0,18.0,10.0,30.0,0.0,11.0,5.0,5.0,15.0,7.0,14.0,15.0,42.0,50.0,463.0,356.0,754.0,27.0,67.0,4.0,1.0,8.0,2684.0,36.0,57.0,57.0,38.0,393.0,1072.0,0.0,42.0,94.0,47.0,268.0,1638.0,10.0,49.0,31.0,4.0,48.0,2.0,81.0,59.0,187.0,1.0,10.0
West_Brom_35,2014-15,19151,Chris Brunt,West Bromwich Albion U23,Midfielder,Northern Ireland,107.0,56.0,51.0,34.0,4.0,1.0,161.0,11.0,3.0,,14.0,,82.0,20.0,,,326.0,166.0,160.0,4.736,1.7929,0.2065,0.7589,42.4279,520.0,23.0,,4.0,34.0,,1.0,10.0,1.0,,2.0,40.0,32.0,8.0,219.0,110.0,109.0,1.0,1.0,1.0,1.0,2.0,1.0,68.0,40.0,,1.0,151.0,9.0,2.0,2.0,1132.0,,1.0,,,,,,,3.0,,61.0,36.0,172.0,,,349.0,,,,,,,3.0,,2.0,9.0,18.0,1.0,5.0,2.0,33.0,0.0,5.0,1.0,27.0,56.0,22.0,19.0,23.0,29.0,73.0,568.0,346.0,785.0,21.0,55.0,10.0,40.0,75.0,2895.0,35.0,86.0,30.0,15.0,571.0,1181.0,0.0,23.0,76.0,33.0,323.0,1932.0,48.0,136.0,79.0,9.0,111.0,1.0,143.0,53.0,180.0,0.0,5.0
West_Brom_35,2014-15,20141,Graham Dorrans,Rangers,Midfielder,Scotland,26.0,15.0,11.0,21.0,,0.0,157.0,5.0,2.0,,5.0,,21.0,9.0,,,127.0,69.0,58.0,2.7222,1.5631,,2.1312,22.3212,228.0,10.0,,,21.0,,,3.0,,,1.0,24.0,19.0,5.0,101.0,54.0,47.0,,,,1.0,1.0,2.0,25.0,22.0,,,261.0,4.0,3.0,1.0,746.0,,2.0,,,,,1.0,,2.0,,44.0,28.0,96.0,,1.0,117.0,,,,,,,,,1.0,4.0,9.0,2.0,6.0,3.0,19.0,0.0,9.0,2.0,4.0,10.0,7.0,8.0,7.0,24.0,34.0,412.0,228.0,596.0,7.0,16.0,7.0,2.0,5.0,1593.0,18.0,10.0,21.0,16.0,227.0,763.0,0.0,15.0,23.0,27.0,133.0,1018.0,15.0,55.0,29.0,2.0,11.0,4.0,23.0,26.0,110.0,0.0,5.0
West_Brom_35,2014-15,61538,Callum McManaman,Wigan Athletic,Midfielder,England,6.0,5.0,1.0,8.0,,,32.0,1.0,,,,,2.0,3.0,,,53.0,27.0,26.0,0.2512,0.2776,,0.2313,8.0746,17.0,3.0,,,8.0,,,1.0,,,,8.0,6.0,2.0,47.0,22.0,25.0,,,,,,2.0,3.0,6.0,,,20.0,1.0,,1.0,77.0,,4.0,,,,,,,,,8.0,4.0,12.0,,,9.0,,,,,,,,,,1.0,1.0,2.0,2.0,,5.0,0.0,5.0,3.0,1.0,2.0,1.0,11.0,,,1.0,43.0,22.0,62.0,1.0,1.0,,,,347.0,17.0,5.0,5.0,12.0,56.0,78.0,0.0,3.0,2.0,12.0,15.0,167.0,1.0,16.0,15.0,7.0,3.0,,3.0,6.0,12.0,0.0,1.0
West_Brom_35,2014-15,39895,Youssouf Mulumbu,Celtic,Midfielder,DR Congo,24.0,11.0,13.0,17.0,,,69.0,4.0,2.0,,2.0,,,3.0,,,162.0,75.0,87.0,0.3901,0.5021,,0.0779,14.2043,185.0,11.0,,,17.0,,,,,,,15.0,12.0,3.0,138.0,64.0,74.0,3.0,,,,1.0,2.0,26.0,5.0,,,174.0,3.0,,,571.0,,1.0,,,,,,,1.0,,32.0,18.0,101.0,,,150.0,,,,,,,,,1.0,3.0,6.0,2.0,2.0,,10.0,1.0,5.0,7.0,,1.0,1.0,12.0,3.0,18.0,19.0,259.0,222.0,461.0,10.0,31.0,4.0,,1.0,902.0,26.0,8.0,25.0,23.0,148.0,578.0,1.0,8.0,41.0,10.0,98.0,780.0,,7.0,7.0,4.0,17.0,,25.0,21.0,73.0,0.0,1.0
West_Brom_35,2014-15,14295,Darren Fletcher,Stoke City U23,Midfielder,Scotland,27.0,16.0,11.0,26.0,,0.0,108.0,5.0,5.0,,9.0,,,4.0,,,143.0,73.0,70.0,0.8221,0.3921,,0.3292,24.7382,282.0,5.0,,,26.0,,,,,,1.0,25.0,21.0,4.0,116.0,57.0,59.0,1.0,1.0,,1.0,1.0,,29.0,15.0,,,264.0,3.0,1.0,,823.0,,3.0,,,,,,,2.0,,33.0,20.0,120.0,,,204.0,,,,,,,,,1.0,3.0,3.0,,2.0,1.0,19.0,0.0,2.0,7.0,,4.0,2.0,11.0,10.0,9.0,69.0,396.0,325.0,648.0,11.0,23.0,1.0,,1.0,1714.0,23.0,26.0,13.0,15.0,197.0,858.0,0.0,5.0,34.0,10.0,141.0,1084.0,,13.0,10.0,5.0,20.0,,38.0,27.0,103.0,0.0,3.0
West_Brom_35,2014-15,34392,Stéphane Sessegnon,West Bromwich Albion,Midfielder,Benin,44.0,30.0,14.0,28.0,,0.0,195.0,11.0,1.0,,2.0,,1.0,17.0,,,277.0,156.0,121.0,2.0172,1.9567,,2.7354,31.7911,138.0,6.0,,,28.0,,,3.0,,,1.0,29.0,28.0,1.0,233.0,126.0,107.0,1.0,,1.0,1.0,7.0,4.0,5.0,28.0,,,167.0,4.0,5.0,3.0,675.0,,17.0,,,,,,,3.0,,28.0,11.0,118.0,,1.0,184.0,,,,,,,,,7.0,4.0,8.0,4.0,10.0,5.0,20.0,0.0,11.0,8.0,,2.0,2.0,33.0,,48.0,17.0,393.0,188.0,562.0,7.0,14.0,7.0,,4.0,1761.0,97.0,9.0,15.0,53.0,280.0,684.0,0.0,18.0,21.0,64.0,105.0,1043.0,1.0,23.0,22.0,36.0,4.0,2.0,8.0,17.0,97.0,0.0,5.0
West_Brom_35,2014-15,173821,Tyler Roberts,Mansfield Town,Forward,Wales,,,,,,,,,,,,,,,,,,,,,,,,,,,,,,,,,,,,,,,,,,,,,,,,,,,,,,,,,,,,,,,,,,,,,,,,,,,,,,,,,,,,,,,,0.0,,,,,,,,,,,,,,,,,,,,,,,,,0.0,,,,,,,,,,,,,,,,0.0
West_Brom_35,2014-15,49958,Brown Ideye,Aris,Forward,Nigeria,118.0,89.0,29.0,24.0,,1.0,104.0,7.0,1.0,,3.0,,,11.0,,,223.0,160.0,63.0,0.714,3.9912,,5.3064,15.2169,49.0,6.0,,,24.0,,,2.0,,,4.0,17.0,13.0,4.0,105.0,71.0,34.0,4.0,3.0,,3.0,4.0,5.0,5.0,9.0,,,72.0,3.0,4.0,17.0,282.0,,3.0,,,,,,,3.0,,16.0,4.0,22.0,,1.0,70.0,,,,,,,,,4.0,3.0,10.0,5.0,13.0,4.0,13.0,0.0,6.0,11.0,,,,8.0,,27.0,1.0,180.0,46.0,225.0,,6.0,1.0,,,1296.0,51.0,16.0,25.0,23.0,175.0,295.0,0.0,23.0,6.0,67.0,69.0,510.0,,7.0,7.0,10.0,1.0,3.0,2.0,14.0,67.0,2.0,2.0
West_Brom_35,2014-15,28593,Victor Anichebe,Sunderland,Forward,Nigeria,114.0,65.0,49.0,21.0,,1.0,92.0,10.0,,,1.0,,,11.0,,,208.0,124.0,84.0,0.9212,2.1805,,2.1161,15.3138,75.0,4.0,3.0,,21.0,,,1.0,,,3.0,14.0,12.0,2.0,94.0,59.0,35.0,,3.0,,2.0,8.0,5.0,1.0,17.0,,,71.0,2.0,,6.0,299.0,,1.0,,,,,,,1.0,,12.0,10.0,21.0,,,72.0,,,,,,,,,8.0,2.0,7.0,5.0,8.0,,11.0,0.0,6.0,10.0,,,,6.0,,37.0,1.0,159.0,46.0,204.0,1.0,1.0,1.0,,,1034.0,42.0,13.0,18.0,28.0,191.0,310.0,0.0,15.0,2.0,72.0,105.0,491.0,,12.0,12.0,3.0,1.0,11.0,2.0,7.0,103.0,0.0,0.0
West_Brom_35,2014-15,91972,Saido Berahino,Sheffield Wednesday,Forward,Burundi,66.0,47.0,19.0,38.0,4.0,3.0,237.0,17.0,2.0,,5.0,,1.0,17.0,,,323.0,210.0,113.0,2.3799,12.6572,0.4029,14.679,50.3431,162.0,10.0,2.0,4.0,38.0,,,1.0,,,14.0,46.0,38.0,8.0,257.0,163.0,94.0,3.0,2.0,3.0,11.0,11.0,8.0,9.0,27.0,,1.0,178.0,6.0,15.0,20.0,730.0,,8.0,,1.0,,,4.0,4.0,4.0,,48.0,30.0,100.0,,11.0,197.0,,,,,,,,,11.0,6.0,32.0,8.0,37.0,15.0,32.0,0.0,12.0,6.0,,5.0,5.0,26.0,1.0,71.0,16.0,468.0,181.0,628.0,5.0,26.0,3.0,,2.0,2929.0,119.0,7.0,32.0,38.0,377.0,774.0,0.0,69.0,31.0,114.0,130.0,1273.0,,28.0,28.0,25.0,7.0,7.0,12.0,19.0,118.0,3.0,2.0
West_Brom_35,2014-15,10866,Georgios Samaras,West Bromwich Albion,Forward,Greece,12.0,9.0,3.0,5.0,,,13.0,,,,,,,,,,21.0,13.0,8.0,0.3457,0.0183,,0.0149,0.9361,7.0,1.0,,,5.0,,,,,,,,,,9.0,4.0,5.0,,,,,,1.0,,,,,6.0,,,,42.0,,,,,,,,,,,1.0,,2.0,,,16.0,,,,,,,,,,,,1.0,1.0,,,0.0,,5.0,,1.0,1.0,2.0,,2.0,1.0,26.0,10.0,34.0,,1.0,1.0,,3.0,67.0,3.0,1.0,3.0,2.0,16.0,42.0,0.0,1.0,1.0,3.0,7.0,64.0,,3.0,3.0,2.0,,,,,7.0,0.0,0.0
West_Brom_35,2014-15,151069,Adil Nabi,OFI,Forward,England,,,,,,,,,,,,,,,,,,,,,,,,,,,,,,,,,,,,,,,,,,,,,,,,,,,,,,,,,,,,,,,,,,,,,,,,,,,,,,,,,,,,,,,,0.0,,,,,,,,,,,,,,,,,,,,,,,,,0.0,,,,,,,,,,,,,,,,0.0
West_Ham_21,2014-15,60706,Adrián,Real Betis,Goalkeeper,Spain,7.0,,7.0,38.0,,0.0,,,,48.0,8.0,,,,2.0,2.0,13.0,2.0,11.0,0.1379,,,,55.0852,918.0,,,,38.0,308.0,197.0,,342.0,3.0,,47.0,43.0,4.0,6.0,2.0,4.0,2.0,,,0.0,,,2.0,3.0,,,39.0,,,,387.0,,,,,5.0,3.0,,,2.0,15.0,1.0,,337.0,,,51.0,3.0,129.0,20.0,77.0,50.0,41.0,,,,,,,,,38.0,1.0,,,,,,,157.0,,333.0,288.0,178.0,133.0,,,,,,3391.0,1.0,29.0,2.0,7.0,560.0,1008.0,1.0,,,,542.0,1409.0,,,,1.0,279.0,,540.0,44.0,2.0,0.0,3.0
West_Ham_21,2014-15,1344,Jussi Jääskeläinen,Wigan Athletic,Goalkeeper,Finland,,,,1.0,,0.0,,,,2.0,,,,,1.0,,,,,0.0024,,,,0.783,13.0,,,,1.0,1.0,3.0,,3.0,,,,,,,,,,,,0.0,,,,,,,,,,,1.0,,,,,,,,,,,,,6.0,,,,,4.0,1.0,3.0,1.0,1.0,,,,,,,,,,0.0,,1.0,,,,,3.0,,6.0,6.0,,,,,,,,27.0,,,,,8.0,13.0,0.0,,,,7.0,20.0,,,,,2.0,,7.0,,,0.0,0.0
West_Ham_21,2014-15,48717,Winston Reid,West Ham United U23,Defender,New Zealand,126.0,40.0,86.0,30.0,,0.0,74.0,2.0,31.0,,3.0,,,1.0,,,252.0,88.0,164.0,0.8482,1.3465,,0.9038,42.3915,426.0,18.0,,,30.0,,,,,,1.0,39.0,35.0,4.0,126.0,48.0,78.0,,1.0,,1.0,1.0,,48.0,8.0,,,162.0,1.0,1.0,3.0,885.0,,,,1.0,,,,,2.0,,23.0,15.0,105.0,,,234.0,,,,,,,,,1.0,1.0,8.0,,2.0,1.0,29.0,0.0,2.0,1.0,,,,4.0,39.0,,70.0,190.0,521.0,641.0,11.0,33.0,1.0,,1.0,2503.0,5.0,278.0,30.0,35.0,220.0,896.0,0.0,10.0,44.0,33.0,185.0,1423.0,,3.0,3.0,1.0,74.0,,99.0,37.0,86.0,0.0,10.0
West_Ham_21,2014-15,55459,Aaron Cresswell,West Ham United,Defender,England,87.0,33.0,54.0,38.0,4.0,0.0,291.0,2.0,24.0,,9.0,3.0,4.0,23.0,,,269.0,124.0,145.0,3.5697,1.4726,0.273,2.8243,55.8682,708.0,8.0,,4.0,38.0,,,4.0,,,2.0,47.0,43.0,4.0,182.0,91.0,91.0,3.0,,2.0,2.0,,4.0,33.0,31.0,,2.0,38.0,2.0,4.0,7.0,1280.0,,10.0,,,,,,,2.0,,80.0,31.0,169.0,,,311.0,,,,,,,,1.0,,2.0,8.0,4.0,10.0,4.0,38.0,0.0,,,1.0,25.0,22.0,17.0,50.0,6.0,137.0,551.0,447.0,836.0,13.0,31.0,2.0,93.0,327.0,3420.0,53.0,148.0,17.0,32.0,668.0,1348.0,0.0,18.0,44.0,28.0,375.0,2402.0,2.0,99.0,95.0,24.0,133.0,,202.0,69.0,173.0,1.0,5.0
West_Ham_21,2014-15,49413,James Tomkins,Crystal Palace,Defender,England,133.0,32.0,101.0,22.0,,1.0,50.0,3.0,16.0,,3.0,,,1.0,,,232.0,61.0,171.0,1.2011,2.2481,,0.6829,28.0095,385.0,7.0,,,22.0,,,3.0,,,1.0,27.0,24.0,3.0,99.0,29.0,70.0,,1.0,1.0,0.0,3.0,4.0,34.0,7.0,,,184.0,,,,684.0,,,,1.0,,,,,2.0,,16.0,11.0,79.0,,,117.0,,,,,,,,,3.0,,10.0,4.0,5.0,,20.0,0.0,2.0,2.0,,3.0,3.0,3.0,34.0,,59.0,174.0,383.0,495.0,16.0,31.0,,,3.0,1852.0,2.0,208.0,18.0,22.0,192.0,736.0,0.0,15.0,47.0,35.0,182.0,1128.0,,1.0,1.0,,82.0,,110.0,35.0,72.0,1.0,6.0
West_Ham_21,2014-15,19575,Joey O'Brien,West Ham United U23,Defender,Ireland,22.0,8.0,14.0,9.0,,0.0,37.0,,5.0,,,,,2.0,,,57.0,21.0,36.0,0.3047,0.1183,,,13.3933,78.0,7.0,,,9.0,,,,,,,11.0,10.0,1.0,35.0,13.0,22.0,,,,0.0,,,7.0,5.0,1.0,,53.0,,,,176.0,,,,,,,,,1.0,,4.0,2.0,22.0,,,11.0,,,,,,,,,,,2.0,,,,6.0,0.0,2.0,3.0,,5.0,5.0,3.0,1.0,,10.0,75.0,73.0,133.0,6.0,7.0,,11.0,38.0,526.0,2.0,33.0,8.0,8.0,62.0,179.0,0.0,2.0,13.0,5.0,36.0,338.0,,8.0,8.0,,8.0,,15.0,5.0,21.0,0.0,2.0
West_Ham_21,2014-15,80254,Carl Jenkinson,Bromley,Defender,England,55.0,33.0,22.0,32.0,,,197.0,3.0,12.0,,9.0,,2.0,24.0,,,185.0,105.0,80.0,,,,,,343.0,8.0,,,32.0,,,2.0,,,,30.0,27.0,3.0,130.0,72.0,58.0,1.0,,,,,,35.0,20.0,1.0,,290.0,,,1.0,857.0,,8.0,,1.0,,,,,1.0,,36.0,5.0,126.0,,,33.0,,,,,,,,,,,4.0,,6.0,,29.0,0.0,1.0,3.0,1.0,25.0,24.0,11.0,11.0,1.0,48.0,375.0,325.0,627.0,10.0,27.0,1.0,77.0,265.0,2667.0,43.0,113.0,14.0,10.0,466.0,863.0,0.0,10.0,37.0,46.0,188.0,1695.0,,129.0,129.0,23.0,52.0,1.0,75.0,51.0,113.0,0.0,2.0
West_Ham_21,2014-15,8380,James Collins,Ipswich Town,Defender,Wales,142.0,38.0,104.0,27.0,,0.0,23.0,1.0,30.0,,5.0,,,3.0,,,226.0,78.0,148.0,0.5807,1.2741,,0.7144,30.5989,324.0,9.0,,,27.0,,,,,,,22.0,21.0,1.0,84.0,40.0,44.0,1.0,,,0.0,1.0,3.0,56.0,5.0,2.0,,121.0,,,,518.0,,,1.0,1.0,,,,,,,18.0,12.0,59.0,1.0,,90.0,,,,,,,,,1.0,,5.0,3.0,3.0,,21.0,0.0,3.0,6.0,,,,,30.0,,45.0,100.0,262.0,317.0,14.0,24.0,,,1.0,1879.0,4.0,289.0,18.0,8.0,212.0,558.0,1.0,8.0,38.0,25.0,196.0,1026.0,,,,1.0,88.0,,116.0,27.0,80.0,0.0,5.0
West_Ham_21,2014-15,10356,Guy Demel,West Ham United,Defender,Cote d’Ivoire,6.0,4.0,2.0,6.0,,0.0,23.0,,1.0,,,,,3.0,,,32.0,19.0,13.0,0.1798,,,,5.4633,35.0,3.0,,,6.0,,,,,,,7.0,7.0,,26.0,15.0,11.0,,,,0.0,,,3.0,1.0,,,42.0,,,,106.0,,,,,,,,,,,4.0,1.0,16.0,,,6.0,,,,,,,,,,,,,,,3.0,0.0,3.0,3.0,,3.0,3.0,6.0,,,,44.0,42.0,83.0,,4.0,,5.0,38.0,258.0,10.0,7.0,4.0,1.0,53.0,106.0,0.0,,4.0,4.0,23.0,201.0,,14.0,14.0,7.0,4.0,,9.0,2.0,14.0,0.0,0.0
West_Ham_21,2014-15,156658,Reece Burke,Luton Town,Defender,England,15.0,7.0,8.0,5.0,,0.0,11.0,4.0,3.0,,2.0,,,1.0,,,26.0,11.0,15.0,0.7431,0.1823,,,6.0408,79.0,1.0,,,5.0,,,,,,,4.0,4.0,,11.0,4.0,7.0,,,,0.0,2.0,,9.0,1.0,,,32.0,2.0,,,147.0,,,,,,,,,,,8.0,2.0,18.0,,,26.0,,,,,,,,,2.0,2.0,,,,,4.0,0.0,1.0,1.0,,,,,2.0,,4.0,26.0,75.0,97.0,1.0,5.0,,,,415.0,,52.0,3.0,1.0,49.0,148.0,0.0,,6.0,5.0,47.0,230.0,,1.0,1.0,,17.0,,25.0,15.0,22.0,0.0,0.0
West_Ham_21,2014-15,173792,Reece Oxford,FC Augsburg,Defender,England,,,,,,,,,,,,,,,,,,,,,,,,,,,,,,,,,,,,,,,,,,,,,,,,,,,,,,,,,,,,,,,,,,,,,,,,,,,,,,,,,,,,,,,,0.0,,,,,,,,,,,,,,,,,,,,,,,,,0.0,,,,,,,,,,,,,,,,0.0
West_Ham_21,2014-15,156657,Emmanuel Onariase,Maidenhead United,Defender,England,,,,,,,,,,,,,,,,,,,,,,,,,,,,,,,,,,,,,,,,,,,,,,,,,,,,,,,,,,,,,,,,,,,,,,,,,,,,,,,,,,,,,,,,0.0,,,,,,,,,,,,,,,,,,,,,,,,,0.0,,,,,,,,,,,,,,,,0.0
West_Ham_21,2014-15,5306,Kevin Nolan,Notts County,Midfielder,England,46.0,22.0,24.0,29.0,,1.0,120.0,6.0,9.0,,2.0,,1.0,6.0,,,177.0,98.0,79.0,0.8791,4.1265,,3.6093,24.0953,162.0,14.0,,,29.0,,,1.0,,,1.0,21.0,19.0,2.0,131.0,76.0,55.0,,1.0,1.0,0.0,2.0,10.0,34.0,11.0,,,135.0,4.0,2.0,6.0,574.0,,,,,,,,,1.0,,42.0,28.0,89.0,,,158.0,,,,,,,,,2.0,4.0,12.0,10.0,13.0,2.0,19.0,0.0,7.0,10.0,,,,4.0,1.0,22.0,27.0,238.0,213.0,424.0,10.0,28.0,5.0,,2.0,1745.0,24.0,34.0,22.0,15.0,177.0,575.0,0.0,25.0,38.0,57.0,124.0,845.0,,6.0,6.0,5.0,7.0,2.0,22.0,26.0,102.0,0.0,2.0
West_Ham_21,2014-15,18818,Matthew Jarvis,Woking,Midfielder,England,9.0,7.0,2.0,11.0,,0.0,33.0,1.0,,,,,7.0,2.0,,,36.0,15.0,21.0,0.4078,0.4165,,,8.7077,27.0,,,,11.0,,,,,,,5.0,4.0,1.0,27.0,8.0,19.0,,,,0.0,1.0,,3.0,10.0,,,6.0,,,,90.0,,3.0,,,,,,,,,5.0,2.0,11.0,,,28.0,,,,,,,,,1.0,,4.0,,,,4.0,0.0,4.0,7.0,2.0,7.0,5.0,7.0,1.0,9.0,4.0,63.0,18.0,70.0,2.0,5.0,,,,413.0,7.0,9.0,,5.0,53.0,94.0,0.0,4.0,7.0,17.0,20.0,177.0,3.0,18.0,15.0,2.0,2.0,,2.0,8.0,18.0,0.0,0.0
West_Ham_21,2014-15,55037,Cheikhou Kouyaté,Nottingham Forest,Midfielder,Senegal,169.0,70.0,99.0,31.0,,2.0,166.0,4.0,9.0,,5.0,,1.0,16.0,,,438.0,198.0,240.0,1.1638,3.0479,,3.8068,46.4652,275.0,25.0,1.0,,31.0,,,2.0,,,4.0,38.0,35.0,3.0,269.0,128.0,141.0,1.0,2.0,1.0,2.0,,4.0,61.0,12.0,3.0,,197.0,4.0,6.0,1.0,887.0,,6.0,,,,,,,2.0,,48.0,32.0,174.0,,2.0,252.0,,,,,,,,,,4.0,15.0,4.0,14.0,6.0,30.0,0.0,6.0,1.0,,5.0,5.0,21.0,3.0,19.0,32.0,326.0,382.0,671.0,20.0,57.0,,,1.0,2662.0,56.0,102.0,48.0,45.0,312.0,890.0,0.0,29.0,77.0,50.0,187.0,1428.0,1.0,23.0,22.0,24.0,14.0,,18.0,52.0,169.0,0.0,5.0
West_Ham_21,2014-15,12002,Stewart Downing,Blackburn Rovers,Midfielder,England,24.0,19.0,5.0,37.0,3.0,3.0,310.0,29.0,3.0,,9.0,,118.0,40.0,,,188.0,106.0,82.0,7.0376,3.8646,0.1285,4.2898,53.6206,434.0,5.0,,3.0,37.0,,,8.0,,,6.0,45.0,41.0,4.0,164.0,87.0,77.0,1.0,,1.0,3.0,10.0,4.0,22.0,77.0,,5.0,432.0,19.0,8.0,4.0,1425.0,,7.0,,,,,,,2.0,,56.0,23.0,156.0,,1.0,301.0,,,,,,,1.0,,10.0,19.0,22.0,4.0,18.0,8.0,37.0,0.0,2.0,,37.0,82.0,42.0,23.0,6.0,67.0,113.0,923.0,413.0,1141.0,6.0,21.0,5.0,,17.0,3313.0,60.0,32.0,11.0,27.0,531.0,1477.0,0.0,40.0,27.0,75.0,223.0,2139.0,71.0,205.0,121.0,34.0,12.0,3.0,55.0,46.0,168.0,1.0,3.0
West_Ham_21,2014-15,20583,Nenê,Juventude,Midfielder,Brazil,4.0,2.0,2.0,8.0,,0.0,5.0,3.0,,,,,12.0,5.0,,,21.0,12.0,9.0,0.4751,0.3861,,0.595,3.1038,24.0,,,,8.0,,,,,,,3.0,3.0,,17.0,10.0,7.0,,,1.0,0.0,2.0,,,5.0,,,18.0,1.0,2.0,,53.0,,,,,,,,,,,5.0,2.0,7.0,,,11.0,,,,,,,,,2.0,1.0,4.0,,2.0,2.0,,0.0,,8.0,3.0,5.0,2.0,2.0,,2.0,2.0,42.0,6.0,41.0,,3.0,,,1.0,128.0,9.0,1.0,,2.0,41.0,58.0,0.0,6.0,3.0,8.0,15.0,111.0,7.0,15.0,8.0,3.0,,,2.0,1.0,13.0,0.0,0.0
West_Ham_21,2014-15,18073,Mark Noble,West Ham United,Midfielder,England,24.0,14.0,10.0,28.0,1.0,0.0,221.0,9.0,6.0,,4.0,,70.0,12.0,,,261.0,123.0,138.0,2.7021,2.4844,0.0889,1.3486,36.6136,508.0,15.0,,1.0,28.0,,,3.0,,,2.0,31.0,29.0,2.0,237.0,109.0,128.0,2.0,,1.0,2.0,5.0,3.0,52.0,42.0,,,312.0,4.0,,2.0,1311.0,,2.0,1.0,,,,2.0,1.0,,,43.0,28.0,199.0,,2.0,335.0,,,,,,,1.0,,5.0,4.0,7.0,3.0,5.0,,27.0,0.0,8.0,1.0,18.0,25.0,5.0,24.0,5.0,13.0,91.0,668.0,530.0,1082.0,17.0,53.0,6.0,1.0,8.0,2307.0,41.0,24.0,34.0,34.0,342.0,1376.0,0.0,12.0,70.0,25.0,203.0,1839.0,41.0,59.0,10.0,12.0,20.0,,51.0,41.0,152.0,1.0,4.0
West_Ham_21,2014-15,37962,Morgan Amalfitano,Rennes,Midfielder,France,23.0,20.0,3.0,24.0,,0.0,93.0,7.0,1.0,,4.0,,16.0,14.0,,,126.0,75.0,51.0,0.7609,2.7841,,2.3005,22.4273,126.0,6.0,,,24.0,,,1.0,,,3.0,18.0,17.0,1.0,103.0,55.0,48.0,,,1.0,3.0,4.0,2.0,14.0,9.0,,,76.0,3.0,,2.0,359.0,,,,,,,,,1.0,,19.0,11.0,73.0,,3.0,74.0,,,,,,,2.0,,4.0,3.0,7.0,2.0,5.0,,14.0,0.0,8.0,10.0,5.0,11.0,6.0,14.0,1.0,12.0,11.0,183.0,121.0,282.0,5.0,13.0,2.0,1.0,3.0,1180.0,36.0,12.0,9.0,17.0,188.0,369.0,0.0,12.0,18.0,32.0,76.0,619.0,8.0,56.0,48.0,17.0,7.0,,18.0,12.0,58.0,0.0,3.0
West_Ham_21,2014-15,103527,Diego Poyet,West Ham United U23,Midfielder,Uruguay,1.0,,1.0,3.0,,0.0,4.0,,,,,,,,,,11.0,6.0,5.0,0.015,,,,2.2258,13.0,2.0,,,3.0,,,,,,,2.0,2.0,,10.0,6.0,4.0,,,,0.0,,,2.0,1.0,,,17.0,,,,41.0,,,,,,,,,,,,,5.0,,,9.0,,,,,,,,,,,,,,,1.0,0.0,1.0,2.0,,,,,1.0,1.0,1.0,25.0,14.0,38.0,,2.0,,,1.0,90.0,3.0,1.0,2.0,2.0,7.0,43.0,0.0,,2.0,,4.0,55.0,,,,1.0,,,1.0,,3.0,0.0,1.0
West_Ham_21,2014-15,21091,Alexandre Song,Sion,Midfielder,Cameroon,36.0,16.0,20.0,28.0,,0.0,101.0,6.0,7.0,,6.0,,1.0,2.0,,,387.0,187.0,200.0,1.9258,0.6798,,0.1824,38.8414,545.0,39.0,,,28.0,,,3.0,,,,32.0,29.0,3.0,351.0,171.0,180.0,4.0,,,0.0,4.0,,41.0,25.0,,,265.0,2.0,1.0,,1201.0,,1.0,,1.0,,,,,2.0,,64.0,27.0,250.0,,,310.0,,,,,,,1.0,,4.0,2.0,5.0,,1.0,1.0,25.0,0.0,6.0,3.0,,2.0,2.0,39.0,3.0,10.0,76.0,559.0,381.0,862.0,20.0,72.0,17.0,,,2249.0,63.0,31.0,52.0,52.0,410.0,1221.0,0.0,6.0,92.0,17.0,283.0,1677.0,1.0,8.0,7.0,18.0,5.0,,57.0,50.0,226.0,0.0,4.0
West_Ham_21,2014-15,172567,Josh Cullen,Burnley,Midfielder,Ireland,,,,,,,,,,,,,,,,,,,,,,,,,,,,,,,,,,,,,,,,,,,,,,,,,,,,,,,,,,,,,,,,,,,,,,,,,,,,,,,,,,,,,,,,0.0,,,,,,,,,,,,,,,,,,,,,,,,,0.0,,,,,,,,,,,,,,,,0.0
West_Ham_21,2014-15,40142,Andy Carroll,Reading,Forward,England,194.0,74.0,120.0,14.0,,1.0,75.0,7.0,,,3.0,,,10.0,,,282.0,138.0,144.0,1.0616,4.1352,,3.1098,13.9951,139.0,10.0,,,14.0,,,1.0,,,5.0,11.0,11.0,,88.0,64.0,24.0,2.0,2.0,,4.0,5.0,6.0,7.0,10.0,,3.0,62.0,2.0,,1.0,362.0,,,,,,,,,2.0,,10.0,5.0,37.0,,,89.0,,,,,,,,,5.0,2.0,19.0,6.0,11.0,,12.0,0.0,4.0,2.0,,,,1.0,2.0,27.0,9.0,159.0,64.0,214.0,3.0,4.0,,,1.0,1027.0,33.0,26.0,25.0,18.0,214.0,365.0,0.0,30.0,7.0,76.0,142.0,549.0,,15.0,15.0,12.0,1.0,2.0,4.0,16.0,138.0,3.0,2.0
West_Ham_21,2014-15,49696,Mauro Zárate,Watford,Forward,Argentina,7.0,6.0,1.0,11.0,,2.0,48.0,9.0,1.0,,,,9.0,7.0,,,84.0,50.0,34.0,0.0794,0.2501,,0.3049,2.3925,34.0,5.0,,,11.0,,,1.0,,,2.0,7.0,6.0,1.0,77.0,44.0,33.0,,,,0.0,1.0,1.0,5.0,6.0,,1.0,40.0,,,2.0,164.0,,5.0,,,,,,,,,7.0,3.0,25.0,,1.0,48.0,,,,,,,,,1.0,,2.0,1.0,6.0,,5.0,0.0,5.0,6.0,6.0,8.0,1.0,16.0,,12.0,2.0,110.0,43.0,143.0,4.0,6.0,2.0,,3.0,486.0,31.0,1.0,11.0,7.0,92.0,170.0,0.0,8.0,10.0,13.0,25.0,309.0,3.0,18.0,14.0,14.0,2.0,1.0,5.0,1.0,20.0,0.0,2.0
West_Ham_21,2014-15,148179,Enner Valencia,Fenerbahçe,Forward,Ecuador,115.0,74.0,41.0,32.0,7.0,3.0,127.0,27.0,5.0,,2.0,,3.0,32.0,,,407.0,252.0,155.0,2.0141,6.633,0.4255,6.5441,30.7967,100.0,17.0,,7.0,32.0,,,3.0,,,4.0,24.0,24.0,,292.0,178.0,114.0,2.0,2.0,3.0,1.0,14.0,11.0,16.0,15.0,,,79.0,13.0,6.0,30.0,424.0,,15.0,,,,,,,,,31.0,21.0,93.0,,2.0,130.0,,,,,,,,,14.0,13.0,24.0,11.0,21.0,6.0,25.0,0.0,13.0,7.0,1.0,4.0,3.0,39.0,,16.0,11.0,251.0,88.0,324.0,6.0,24.0,,1.0,5.0,2105.0,121.0,6.0,36.0,45.0,337.0,436.0,0.0,45.0,30.0,107.0,101.0,940.0,,32.0,29.0,65.0,,3.0,4.0,19.0,97.0,1.0,2.0
West_Ham_21,2014-15,73889,Diafra Sakho,Rennes,Forward,Senegal,222.0,139.0,83.0,23.0,1.0,4.0,70.0,15.0,,,2.0,,,28.0,,,387.0,246.0,141.0,1.8045,8.4604,0.0768,9.9305,28.6525,139.0,10.0,,1.0,23.0,,,2.0,,,10.0,23.0,21.0,2.0,165.0,107.0,58.0,1.0,5.0,1.0,6.0,11.0,10.0,15.0,21.0,,,62.0,4.0,2.0,23.0,331.0,,18.0,,,,,,,2.0,,24.0,13.0,65.0,,5.0,71.0,,,,,,,,,11.0,4.0,28.0,10.0,22.0,2.0,20.0,0.0,9.0,3.0,,6.0,6.0,24.0,,20.0,5.0,161.0,35.0,185.0,4.0,16.0,1.0,2.0,1.0,1760.0,76.0,20.0,27.0,17.0,351.0,342.0,0.0,50.0,20.0,137.0,152.0,747.0,,37.0,37.0,36.0,2.0,4.0,7.0,19.0,145.0,3.0,2.0
West_Ham_21,2014-15,12799,Carlton Cole,Celtic,Forward,England,130.0,76.0,54.0,23.0,,2.0,62.0,3.0,1.0,,,,,6.0,,,191.0,123.0,68.0,0.5148,1.4232,,0.7593,14.5734,76.0,9.0,,,23.0,,,,,,2.0,16.0,13.0,3.0,61.0,47.0,14.0,2.0,1.0,,0.0,2.0,4.0,3.0,8.0,,,37.0,1.0,,8.0,209.0,,2.0,,,,,,,,,17.0,9.0,25.0,,1.0,43.0,,,,,,,,,2.0,1.0,7.0,4.0,6.0,,8.0,0.0,8.0,15.0,,1.0,1.0,4.0,,15.0,,101.0,26.0,126.0,,4.0,,,,907.0,25.0,16.0,28.0,7.0,152.0,218.0,0.0,13.0,4.0,59.0,92.0,351.0,,2.0,2.0,5.0,,2.0,1.0,11.0,91.0,0.0,2.0
West_Ham_21,2014-15,149485,Elliot Lee,Doncaster Rovers,Midfielder,England,1.0,,1.0,1.0,,0.0,,,,,,,,1.0,,,4.0,1.0,3.0,0.0001,,,,0.1683,,,,,1.0,,,,,,,1.0,,1.0,3.0,1.0,2.0,,,,0.0,,,,,,,1.0,,,,2.0,,,,,,,,,,,,,,,,1.0,,,,,,,,,,,,,,,,0.0,,1.0,,,,1.0,,,,1.0,,1.0,,1.0,,,,13.0,1.0,,,,2.0,2.0,0.0,,1.0,1.0,1.0,6.0,,,,1.0,,,,,1.0,0.0,0.0
