team_dir,season,matchId,gameweek,kickoff,ground,attendance,venue,team,opponent,result,accuratePass,aerialLost,aerialWon,attPenGoal,attSetpiece,bigChanceCreated,bigChanceMissed,bigChanceScored,blockedPass,blockedScoringAtt,challengeLost,cleanSheet,cornerTaken,dispossessed,duelLost,duelWon,effectiveClearance,errorLeadToGoal,errorLeadToShot,expectedAssists,expectedGoals,expectedGoalsOnTarget,expectedGoalsOnTargetConceded,finalThirdEntries,fkFoulLost,fkFoulWon,goalAssist,goals,goalsAgainst,goalsConceded,goalsFor,halfTimeAgainst,halfTimeFor,hitWoodwork,interception,ontargetAttAssist,ontargetScoringAtt,outfielderBlock,ownGoals,penAreaEntries,penaltyWon,possLostAll,possessionPercentage,redCard,redCardsAgainst,redCardsFor,saves,shotOffTarget,totalAttAssist,totalClearance,totalDistance,totalOffside,totalPass,totalScoringAtt,totalTackle,touchesInOppBox,wonCorners,wonTackle,yellowCard
Sunderland_56,2009-10,284002,1,2009-08-15 15:00:00,"Toughsheet Community Stadium, Bolton",22247.0,Away,Sunderland,Bolton,W,150.0,28.0,29.0,,3.0,,,,,6.0,3.0,1.0,7.0,16.0,66.0,70.0,42.0,,1.0,,,,,77.0,13.0,16.0,1.0,1.0,0,,1,0,1,1.0,14.0,8.0,6.0,2.0,,29.0,,191.0,45.7,0.0,0,0,,8.0,14.0,84.0,,3.0,233.0,20.0,18.0,,7.0,17.0,0.0
Sunderland_56,2009-10,284015,2,2009-08-18 19:45:00,"Stadium of Light, Sunderland",41179.0,Home,Sunderland,Chelsea,L,121.0,15.0,14.0,,,,,,,2.0,9.0,,1.0,10.0,52.0,47.0,22.0,,,,,,,70.0,15.0,10.0,,1.0,3,3.0,1,0,1,,27.0,1.0,1.0,10.0,,20.0,,158.0,26.1,0.0,0,0,,1.0,2.0,39.0,,3.0,224.0,4.0,23.0,,1.0,16.0,0.0
Sunderland_56,2009-10,284027,3,2009-08-22 15:00:00,"Stadium of Light, Sunderland",37106.0,Home,Sunderland,Blackburn,W,200.0,15.0,19.0,,,,,,,2.0,2.0,,,10.0,45.0,63.0,33.0,,2.0,,,,,87.0,12.0,17.0,2.0,2.0,1,1.0,2,1,1,,9.0,3.0,3.0,8.0,,23.0,,173.0,53.6,0.0,0,0,,4.0,5.0,62.0,,1.0,292.0,9.0,20.0,,,13.0,0.0
Sunderland_56,2009-10,284037,4,2009-08-29 15:00:00,"bet365 Stadium, Stoke",27091.0,Away,Sunderland,Stoke,L,211.0,20.0,17.0,,,,,,,3.0,3.0,,10.0,6.0,47.0,48.0,23.0,,1.0,,,,,87.0,8.0,11.0,,,1,1.0,0,1,0,,14.0,3.0,3.0,4.0,,36.0,,204.0,54.7,0.0,0,0,,3.0,6.0,43.0,,2.0,334.0,9.0,15.0,,10.0,13.0,0.0
Sunderland_56,2009-10,284047,5,2009-09-12 15:00:00,"Stadium of Light, Sunderland",38997.0,Home,Sunderland,Hull,W,201.0,15.0,18.0,1.0,,,,,,2.0,4.0,,6.0,16.0,59.0,62.0,31.0,,1.0,,,,,77.0,20.0,15.0,1.0,4.0,1,1.0,4,1,1,,15.0,3.0,4.0,1.0,,20.0,1.0,180.0,51.4,0.0,0,0,,4.0,6.0,59.0,,3.0,290.0,10.0,21.0,,7.0,15.0,0.0
Sunderland_56,2009-10,284053,6,2009-09-19 12:45:00,"Turf Moor, Burnley",20196.0,Away,Sunderland,Burnley,L,230.0,17.0,20.0,,,,,,,1.0,7.0,,4.0,13.0,60.0,48.0,20.0,,1.0,,,,,79.0,15.0,4.0,1.0,1.0,3,3.0,1,1,1,,29.0,4.0,4.0,1.0,,45.0,,194.0,49.7,0.0,0,0,,4.0,7.0,30.0,,5.0,345.0,9.0,20.0,12.0,4.0,16.0,0.0
Sunderland_56,2009-10,284067,7,2009-09-27 16:00:00,"Stadium of Light, Sunderland",,Home,Sunderland,Wolves,W,168.0,13.0,23.0,2.0,,,,,,2.0,8.0,,8.0,20.0,68.0,54.0,27.0,,,,,,,80.0,21.0,11.0,2.0,5.0,2,2.0,5,0,1,,32.0,5.0,8.0,9.0,1.0,17.0,2.0,202.0,47.3,0.0,0,0,,2.0,6.0,48.0,,2.0,284.0,12.0,17.0,,7.0,12.0,0.0
Sunderland_56,2009-10,284077,8,2009-10-03 17:30:00,"Old Trafford, Manchester",75114.0,Away,Sunderland,Man Utd,D,228.0,5.0,17.0,,,,,,,,13.0,,1.0,12.0,50.0,69.0,41.0,,2.0,,,,,91.0,17.0,12.0,2.0,2.0,2,2.0,2,0,1,,32.0,3.0,3.0,7.0,1.0,11.0,,173.0,36.9,0.0,0,1,,2.0,4.0,65.0,,1.0,338.0,5.0,31.0,,1.0,27.0,0.0
Sunderland_56,2009-10,284088,9,2009-10-17 15:00:00,"Stadium of Light, Sunderland",47327.0,Home,Sunderland,Liverpool,W,145.0,11.0,14.0,,1.0,,,,,5.0,8.0,1.0,1.0,19.0,67.0,61.0,39.0,,,,,,,63.0,21.0,17.0,1.0,1.0,0,,1,0,1,1.0,28.0,5.0,3.0,4.0,,24.0,,171.0,32.0,0.0,0,0,,7.0,9.0,68.0,,4.0,224.0,15.0,27.0,,1.0,17.0,0.0
Sunderland_56,2009-10,284090,10,2009-10-24 15:00:00,"St. Andrew's @ Knighthead Park, Birmingham",21723.0,Away,Sunderland,Birmingham,L,244.0,21.0,30.0,,1.0,,,,,7.0,10.0,,8.0,15.0,68.0,77.0,32.0,,,,,,,92.0,15.0,10.0,1.0,1.0,2,2.0,1,1,0,,11.0,5.0,3.0,7.0,,29.0,,199.0,55.3,0.0,0,0,,7.0,8.0,45.0,,1.0,359.0,17.0,30.0,,7.0,23.0,0.0
Sunderland_56,2009-10,284109,11,2009-10-31 15:00:00,"Stadium of Light, Sunderland",39033.0,Home,Sunderland,West Ham,D,304.0,17.0,17.0,,2.0,,,,,4.0,5.0,,7.0,16.0,56.0,80.0,12.0,,1.0,,,,,86.0,13.0,17.0,,2.0,2,2.0,2,2,1,1.0,23.0,5.0,7.0,2.0,,31.0,,173.0,56.9,0.0,1,1,,10.0,14.0,20.0,,2.0,403.0,21.0,34.0,,7.0,26.0,0.0
Sunderland_56,2009-10,284116,12,2009-11-07 15:00:00,"White Hart Lane, London",35955.0,Away,Sunderland,Spurs,L,266.0,14.0,10.0,,1.0,,,,,3.0,7.0,,4.0,14.0,62.0,48.0,19.0,,,,,,,86.0,19.0,9.0,,,2,2.0,0,1,0,1.0,21.0,6.0,7.0,7.0,,28.0,1.0,168.0,49.1,0.0,0,0,,8.0,12.0,31.0,,5.0,361.0,18.0,22.0,,4.0,14.0,0.0
Sunderland_56,2009-10,284128,13,2009-11-21 15:00:00,"Stadium of Light, Sunderland",44918.0,Home,Sunderland,Arsenal,W,186.0,6.0,12.0,,,,,,,,8.0,1.0,2.0,10.0,39.0,58.0,22.0,,,,,,,91.0,10.0,10.0,1.0,1.0,0,,1,0,0,,25.0,2.0,2.0,4.0,,22.0,,170.0,35.5,0.0,0,0,,6.0,4.0,33.0,,3.0,291.0,8.0,29.0,,2.0,20.0,0.0
Sunderland_56,2009-10,284138,14,2009-11-28 15:00:00,"The Brick Community Stadium, Wigan",20447.0,Away,Sunderland,Wigan,L,243.0,17.0,23.0,,,,,,,4.0,11.0,,8.0,19.0,64.0,58.0,18.0,1.0,,,,,,91.0,14.0,12.0,,,1,1.0,0,0,0,,25.0,2.0,,3.0,,24.0,,194.0,51.3,0.0,0,0,,5.0,5.0,32.0,,2.0,362.0,9.0,19.0,,8.0,15.0,0.0
Sunderland_56,2009-10,284144,15,2009-12-06 15:00:00,"Craven Cottage, London",23168.0,Away,Sunderland,Fulham,L,251.0,17.0,11.0,,1.0,,,,,1.0,4.0,,8.0,9.0,48.0,38.0,26.0,,,,,,,105.0,14.0,8.0,,,1,1.0,0,1,0,,18.0,3.0,4.0,3.0,,23.0,,204.0,53.2,0.0,0,0,,3.0,4.0,45.0,,2.0,374.0,8.0,14.0,,8.0,6.0,0.0
Sunderland_56,2009-10,284158,16,2009-12-12 15:00:00,"Stadium of Light, Sunderland",37578.0,Home,Sunderland,Portsmouth,D,214.0,19.0,19.0,,,,,,,7.0,7.0,,9.0,16.0,67.0,68.0,23.0,,,,,,,85.0,13.0,14.0,1.0,1.0,1,1.0,1,0,1,1.0,28.0,9.0,4.0,1.0,,21.0,,191.0,45.0,0.0,1,0,,7.0,13.0,40.0,,3.0,323.0,18.0,28.0,,9.0,24.0,0.0
Sunderland_56,2009-10,284166,17,2009-12-15 19:45:00,"Stadium of Light, Sunderland",34821.0,Home,Sunderland,Aston Villa,L,296.0,20.0,24.0,,3.0,,,,,5.0,2.0,,7.0,17.0,62.0,58.0,18.0,,1.0,,,,,105.0,16.0,14.0,,,2,2.0,0,1,0,,28.0,6.0,2.0,1.0,,37.0,,203.0,57.6,0.0,0,1,,10.0,12.0,25.0,,,432.0,17.0,17.0,,7.0,12.0,0.0
Sunderland_56,2009-10,284175,18,2009-12-19 15:00:00,"Etihad Stadium, Manchester",44735.0,Away,Sunderland,Man City,L,179.0,15.0,24.0,,1.0,,,,,1.0,4.0,,4.0,10.0,42.0,61.0,11.0,,,,,,,107.0,8.0,13.0,2.0,3.0,4,4.0,3,3,2,,19.0,4.0,5.0,1.0,,24.0,,211.0,44.4,0.0,0,1,,4.0,7.0,21.0,,5.0,333.0,10.0,20.0,,4.0,12.0,0.0
Sunderland_56,2009-10,284187,19,2009-12-26 15:00:00,"Stadium of Light, Sunderland",46990.0,Home,Sunderland,Everton,D,179.0,16.0,26.0,,2.0,,,,,3.0,9.0,,4.0,5.0,59.0,68.0,28.0,,,,,,,82.0,22.0,19.0,1.0,1.0,1,1.0,1,0,1,,20.0,7.0,5.0,6.0,,33.0,,176.0,38.9,0.0,0,0,,3.0,10.0,52.0,,2.0,288.0,11.0,19.0,,4.0,12.0,0.0
Sunderland_56,2009-10,284191,20,2009-12-28 15:00:00,"Ewood Park, Blackburn",25656.0,Away,Sunderland,Blackburn,D,140.0,38.0,18.0,,2.0,,,,,4.0,7.0,,4.0,13.0,82.0,53.0,9.0,,1.0,,,,,93.0,20.0,6.0,1.0,2.0,2,2.0,2,0,0,,12.0,5.0,6.0,5.0,,13.0,,241.0,44.6,0.0,0,0,,4.0,7.0,38.0,,2.0,289.0,14.0,21.0,,4.0,17.0,0.0
Sunderland_56,2009-10,284207,21,2010-03-09 19:45:00,"Stadium of Light, Sunderland",36087.0,Home,Sunderland,Bolton,W,279.0,21.0,25.0,1.0,,,,1.0,,,8.0,1.0,2.0,23.0,71.0,80.0,25.0,,,,,,,69.0,14.0,11.0,3.0,4.0,0,,4,0,1,1.0,24.0,7.0,8.0,3.0,,17.0,1.0,192.0,50.9,0.0,1,0,,5.0,11.0,55.0,,4.0,385.0,13.0,38.0,,2.0,29.0,0.0
Sunderland_56,2009-10,284213,22,2010-01-16 15:00:00,"Stamford Bridge, London",41776.0,Away,Sunderland,Chelsea,L,202.0,9.0,13.0,,,,,,,,10.0,,1.0,12.0,44.0,44.0,23.0,,,,,,,74.0,10.0,4.0,1.0,2.0,7,7.0,2,4,0,,22.0,2.0,3.0,6.0,,25.0,,144.0,30.7,0.0,0,0,,3.0,5.0,44.0,,1.0,285.0,6.0,23.0,,1.0,12.0,0.0
Sunderland_56,2009-10,284229,23,2010-01-27 20:00:00,"Goodison Park, Liverpool",32163.0,Away,Sunderland,Everton,L,215.0,20.0,18.0,,1.0,,,,,,5.0,,8.0,18.0,70.0,55.0,27.0,,,,,,,101.0,19.0,10.0,,,2,2.0,0,2,0,,25.0,2.0,3.0,2.0,,29.0,,223.0,45.8,0.0,0,0,,5.0,6.0,47.0,,2.0,350.0,8.0,23.0,,8.0,20.0,0.0
Sunderland_56,2009-10,284237,24,2010-02-01 20:00:00,"Stadium of Light, Sunderland",35078.0,Home,Sunderland,Stoke,D,255.0,21.0,21.0,,,,,,,3.0,3.0,1.0,7.0,16.0,50.0,66.0,27.0,,,,,,,109.0,8.0,15.0,,,0,,0,0,0,,23.0,5.0,3.0,3.0,,49.0,,224.0,57.2,0.0,0,0,,1.0,6.0,52.0,,,385.0,7.0,26.0,,7.0,19.0,0.0
Sunderland_56,2009-10,284248,25,2010-02-06 15:00:00,"Stadium of Light, Sunderland",38350.0,Home,Sunderland,Wigan,D,234.0,13.0,28.0,,2.0,,,,,6.0,10.0,,2.0,15.0,53.0,73.0,19.0,,,,,,,101.0,12.0,15.0,1.0,1.0,1,1.0,1,1,0,1.0,19.0,5.0,4.0,4.0,,34.0,,192.0,54.5,0.0,0,0,,4.0,9.0,35.0,,3.0,350.0,14.0,22.0,,2.0,15.0,0.0
Sunderland_56,2009-10,284252,26,2010-02-09 19:45:00,"Fratton Park, Portsmouth",16242.0,Away,Sunderland,Portsmouth,D,241.0,16.0,18.0,1.0,,,,,,3.0,10.0,,4.0,13.0,56.0,59.0,32.0,,,,,,,66.0,17.0,10.0,,1.0,1,1.0,1,0,1,1.0,11.0,4.0,2.0,6.0,,19.0,1.0,158.0,44.8,0.0,1,2,,6.0,9.0,59.0,,7.0,316.0,11.0,23.0,,4.0,19.0,0.0
Sunderland_56,2009-10,284260,27,2010-02-20 15:00:00,"Emirates Stadium, London",60083.0,Away,Sunderland,Arsenal,L,164.0,7.0,18.0,,1.0,,,,,1.0,17.0,,1.0,13.0,52.0,52.0,27.0,,3.0,,,,,69.0,12.0,9.0,,,2,2.0,0,1,0,,26.0,1.0,3.0,7.0,,14.0,,150.0,32.2,0.0,0,0,,3.0,3.0,44.0,,3.0,259.0,7.0,23.0,,1.0,16.0,0.0
Sunderland_56,2009-10,284278,28,2010-02-28 15:00:00,"Stadium of Light, Sunderland",40192.0,Home,Sunderland,Fulham,D,249.0,17.0,24.0,,1.0,,,,,1.0,1.0,1.0,2.0,8.0,45.0,56.0,14.0,,,,,,,113.0,18.0,15.0,,,0,,0,0,0,,32.0,3.0,4.0,2.0,,32.0,,190.0,43.8,0.0,0,0,,7.0,8.0,26.0,,1.0,390.0,12.0,14.0,,2.0,13.0,0.0
Sunderland_56,2009-10,284281,29,2010-03-24 19:45:00,"Villa Park, Birmingham",37473.0,Away,Sunderland,Aston Villa,D,260.0,36.0,19.0,,1.0,,,,,2.0,6.0,,7.0,14.0,69.0,57.0,29.0,,,,,,,73.0,7.0,8.0,1.0,1.0,1,1.0,1,1,1,,18.0,5.0,3.0,3.0,,15.0,,178.0,52.0,0.0,0,0,,5.0,10.0,50.0,,4.0,370.0,10.0,21.0,,7.0,15.0,0.0
Sunderland_56,2009-10,284298,30,2010-03-14 16:00:00,"Stadium of Light, Sunderland",41398.0,Home,Sunderland,Man City,D,231.0,22.0,22.0,,1.0,,,,,5.0,10.0,,3.0,16.0,63.0,68.0,22.0,,,,,,,97.0,12.0,10.0,1.0,1.0,1,1.0,1,0,1,,30.0,6.0,4.0,5.0,,22.0,,182.0,45.0,0.0,0,0,,6.0,9.0,33.0,,2.0,356.0,15.0,30.0,,3.0,20.0,0.0
Sunderland_56,2009-10,284308,31,2010-03-20 15:00:00,"Stadium of Light, Sunderland",37962.0,Home,Sunderland,Birmingham,W,208.0,18.0,13.0,,2.0,,,,,6.0,11.0,,6.0,14.0,58.0,57.0,26.0,,,,,,,68.0,8.0,9.0,2.0,3.0,1,1.0,3,0,2,,24.0,8.0,7.0,8.0,,21.0,,190.0,43.5,0.0,0,0,,3.0,10.0,45.0,,2.0,312.0,16.0,27.0,,7.0,20.0,0.0
Sunderland_56,2009-10,284315,32,2010-03-28 16:00:00,"Anfield, Liverpool",43121.0,Away,Sunderland,Liverpool,L,211.0,15.0,15.0,,1.0,,,,,,10.0,,2.0,16.0,55.0,64.0,25.0,,,,,,,67.0,9.0,11.0,,,3,3.0,0,2,0,,25.0,2.0,2.0,9.0,,21.0,,170.0,36.8,0.0,0,0,,5.0,4.0,44.0,,,314.0,7.0,34.0,,2.0,19.0,0.0
Sunderland_56,2009-10,284329,33,2010-04-03 15:00:00,"Stadium of Light, Sunderland",43184.0,Home,Sunderland,Spurs,W,250.0,18.0,15.0,1.0,1.0,,,,,2.0,7.0,,6.0,10.0,59.0,66.0,20.0,,,,,,,80.0,18.0,15.0,1.0,3.0,1,1.0,3,0,2,1.0,24.0,9.0,11.0,3.0,,24.0,3.0,158.0,53.9,0.0,0,0,,1.0,10.0,33.0,,2.0,350.0,14.0,27.0,,6.0,16.0,0.0
Sunderland_56,2009-10,284337,34,2010-04-10 15:00:00,"Boleyn Ground, London",34685.0,Away,Sunderland,West Ham,L,265.0,25.0,20.0,,2.0,,,,,4.0,5.0,,7.0,11.0,68.0,59.0,18.0,,,,,,,112.0,21.0,13.0,,,1,1.0,0,0,0,,16.0,2.0,3.0,2.0,,18.0,,196.0,56.2,0.0,0,0,,3.0,5.0,27.0,,1.0,398.0,10.0,23.0,,7.0,14.0,0.0
Sunderland_56,2009-10,284347,35,2010-04-17 15:00:00,"Stadium of Light, Sunderland",41341.0,Home,Sunderland,Burnley,W,208.0,16.0,22.0,,3.0,,,,,2.0,2.0,,3.0,15.0,55.0,63.0,22.0,,,,,,,84.0,14.0,17.0,2.0,2.0,1,1.0,2,0,2,1.0,21.0,10.0,9.0,2.0,,23.0,,190.0,49.2,0.0,0,0,,6.0,14.0,47.0,,3.0,304.0,17.0,17.0,,3.0,11.0,0.0
Sunderland_56,2009-10,284356,36,2010-04-24 15:00:00,"The MKM Stadium, Hull",25012.0,Away,Sunderland,Hull,W,203.0,16.0,12.0,,,,,,,,7.0,1.0,6.0,23.0,70.0,53.0,29.0,,,,,,,79.0,17.0,12.0,1.0,1.0,0,,1,0,1,,19.0,4.0,5.0,4.0,,23.0,,173.0,45.4,0.0,1,1,,6.0,9.0,56.0,,2.0,280.0,11.0,20.0,,6.0,15.0,0.0
Sunderland_56,2009-10,284367,37,2010-05-02 16:00:00,"Stadium of Light, Sunderland",47641.0,Home,Sunderland,Man Utd,L,292.0,12.0,10.0,,1.0,,,,,2.0,6.0,,9.0,21.0,59.0,54.0,13.0,,,,,,,80.0,11.0,9.0,,,1,1.0,0,1,0,,21.0,2.0,1.0,5.0,,28.0,,197.0,48.3,0.0,0,0,,8.0,8.0,28.0,,1.0,401.0,11.0,33.0,,9.0,24.0,0.0
Sunderland_56,2009-10,284379,38,2010-05-09 16:00:00,"Molineux Stadium, Wolverhampton",28971.0,Away,Sunderland,Wolves,L,212.0,11.0,22.0,,1.0,,,,,1.0,4.0,,1.0,10.0,53.0,60.0,22.0,,1.0,,,,,75.0,20.0,12.0,1.0,1.0,2,2.0,1,1,1,1.0,19.0,3.0,4.0,2.0,,27.0,,166.0,44.7,0.0,0,2,,6.0,8.0,36.0,,4.0,315.0,11.0,21.0,,1.0,16.0,0.0
Sunderland_56,2010-11,321664,1,2010-08-14 15:00:00,"Stadium of Light, Sunderland",38390,Home,Sunderland,Birmingham,D,204.0,20.0,18.0,1.0,,1.0,1.0,1.0,,1.0,1.0,,3.0,8.0,50.0,42.0,22.0,,1.0,,,,,87.0,15.0,10.0,,2.0,2,2.0,2,0,1,,10.0,2.0,2.0,1.0,,20.0,1.0,199.0,44.1,0.0,0,1,,6.0,7.0,49.0,,2.0,304.0,9.0,9.0,,3.0,7.0,0.0
Sunderland_56,2010-11,321674,2,2010-08-21 15:00:00,"The Hawthorns, West Bromwich",23624,Away,Sunderland,West Brom,L,195.0,18.0,15.0,,2.0,,,,,3.0,7.0,,6.0,4.0,47.0,51.0,16.0,,,,,,,94.0,14.0,15.0,,,1,1.0,0,0,0,,13.0,3.0,2.0,1.0,,22.0,,181.0,45.3,0.0,0,0,,6.0,6.0,28.0,,3.0,303.0,11.0,17.0,,6.0,14.0,0.0
Sunderland_56,2010-11,321684,3,2010-08-29 15:00:00,"Stadium of Light, Sunderland",38610,Home,Sunderland,Man City,W,285.0,12.0,7.0,1.0,1.0,,,1.0,,6.0,9.0,1.0,3.0,9.0,55.0,61.0,17.0,,1.0,,,,,77.0,5.0,9.0,,1.0,0,,1,0,0,,27.0,4.0,3.0,6.0,,29.0,1.0,191.0,41.7,0.0,0,0,,9.0,10.0,26.0,,2.0,392.0,18.0,33.0,,3.0,24.0,0.0
Sunderland_56,2010-11,321696,4,2010-09-11 15:00:00,"DW Stadium, Wigan",15844,Away,Sunderland,Wigan,D,170.0,16.0,13.0,,1.0,1.0,,1.0,,3.0,11.0,,1.0,8.0,54.0,57.0,14.0,,,,,,,82.0,11.0,18.0,1.0,1.0,1,1.0,1,0,0,,28.0,3.0,1.0,3.0,,16.0,,174.0,36.0,0.0,0,1,,2.0,4.0,29.0,,,275.0,6.0,21.0,,1.0,15.0,0.0
Sunderland_56,2010-11,321703,5,2010-09-18 17:30:00,"Stadium of Light, Sunderland",38950,Home,Sunderland,Arsenal,D,291.0,20.0,32.0,,1.0,3.0,3.0,1.0,,4.0,9.0,,11.0,8.0,58.0,82.0,14.0,1.0,,,,,,92.0,12.0,13.0,,1.0,1,1.0,1,1,0,,22.0,5.0,4.0,1.0,,37.0,,201.0,53.5,0.0,1,0,,11.0,11.0,18.0,,2.0,407.0,19.0,28.0,,11.0,22.0,0.0
Sunderland_56,2010-11,321712,6,2010-09-25 15:00:00,"Anfield, Liverpool",43626,Away,Sunderland,Liverpool,D,240.0,10.0,16.0,1.0,1.0,1.0,,1.0,,,12.0,,3.0,14.0,57.0,58.0,18.0,1.0,1.0,,,,,97.0,8.0,15.0,1.0,2.0,2,2.0,2,1,1,,30.0,1.0,3.0,1.0,,28.0,1.0,189.0,45.1,0.0,0,0,,7.0,7.0,33.0,,1.0,347.0,10.0,21.0,,3.0,14.0,0.0
Sunderland_56,2010-11,321722,7,2010-10-02 15:00:00,"Stadium of Light, Sunderland",41709,Home,Sunderland,Man Utd,D,260.0,19.0,10.0,,4.0,1.0,1.0,,,9.0,7.0,1.0,10.0,9.0,53.0,46.0,15.0,,,,,,,86.0,11.0,7.0,,,0,,0,0,0,1.0,15.0,10.0,3.0,4.0,,36.0,,188.0,48.0,0.0,0,0,,8.0,14.0,27.0,,,366.0,20.0,25.0,,10.0,15.0,0.0
Sunderland_56,2010-11,321729,8,2010-10-18 20:00:00,"Ewood Park, Blackburn",21894,Away,Sunderland,Blackburn,D,304.0,27.0,34.0,,1.0,3.0,3.0,,,4.0,6.0,1.0,3.0,8.0,59.0,60.0,31.0,,,,,,,91.0,14.0,12.0,,,0,,0,0,0,,24.0,5.0,4.0,1.0,,28.0,,198.0,57.0,0.0,1,0,,9.0,11.0,44.0,,2.0,428.0,17.0,10.0,,3.0,9.0,0.0
Sunderland_56,2010-11,321742,9,2010-10-23 15:00:00,"Stadium of Light, Sunderland",41506,Home,Sunderland,Aston Villa,W,239.0,22.0,20.0,,1.0,,,,,4.0,7.0,1.0,4.0,13.0,59.0,58.0,27.0,,,,,,,83.0,12.0,13.0,,1.0,0,,1,0,1,,10.0,5.0,1.0,5.0,,19.0,,180.0,47.7,0.0,0,0,,9.0,14.0,42.0,,5.0,336.0,14.0,19.0,,4.0,14.0,0.0
Sunderland_56,2010-11,321755,10,2010-10-31 13:30:00,"St. James' Park, Newcastle",51988,Away,Sunderland,Newcastle,L,262.0,17.0,17.0,,2.0,2.0,1.0,1.0,,3.0,8.0,,6.0,7.0,63.0,63.0,10.0,,,,,,,60.0,19.0,9.0,1.0,1.0,5,5.0,1,3,0,,7.0,7.0,5.0,8.0,,16.0,,150.0,45.6,0.0,0,1,,6.0,11.0,25.0,,5.0,337.0,14.0,34.0,,6.0,20.0,0.0
Sunderland_56,2010-11,321765,11,2010-11-06 15:00:00,"Stadium of Light, Sunderland",36541,Home,Sunderland,Stoke,W,282.0,24.0,15.0,,,,1.0,1.0,,5.0,7.0,1.0,6.0,8.0,64.0,60.0,42.0,,,,,,,73.0,10.0,15.0,,2.0,0,,2,0,1,,26.0,4.0,5.0,6.0,,7.0,1.0,185.0,55.8,0.0,1,0,,7.0,9.0,69.0,,2.0,377.0,17.0,25.0,,6.0,18.0,0.0
Sunderland_56,2010-11,321768,12,2010-11-09 20:00:00,"White Hart Lane, London",35843,Away,Sunderland,Spurs,D,243.0,18.0,14.0,,,1.0,,1.0,,1.0,9.0,,3.0,12.0,60.0,47.0,33.0,,1.0,,,,,82.0,16.0,6.0,1.0,1.0,1,1.0,1,0,0,,16.0,2.0,2.0,6.0,,12.0,,186.0,43.0,0.0,0,0,,5.0,7.0,58.0,,5.0,348.0,8.0,22.0,,3.0,17.0,0.0
Sunderland_56,2010-11,321778,13,2010-11-14 16:10:00,"Stamford Bridge, London",41072,Away,Sunderland,Chelsea,W,228.0,15.0,15.0,,1.0,2.0,3.0,1.0,,3.0,12.0,1.0,3.0,12.0,56.0,68.0,20.0,,,,,,,68.0,14.0,10.0,1.0,3.0,0,,3,0,1,,10.0,6.0,9.0,5.0,,19.0,,166.0,41.7,0.0,0,0,,9.0,13.0,38.0,,2.0,326.0,21.0,32.0,,3.0,22.0,0.0
Sunderland_56,2010-11,321795,14,2010-11-22 20:00:00,"Stadium of Light, Sunderland",37331,Home,Sunderland,Everton,D,265.0,19.0,30.0,,,1.0,1.0,,,4.0,2.0,,4.0,16.0,49.0,65.0,25.0,,1.0,,,,,90.0,6.0,7.0,2.0,2.0,2,2.0,2,1,1,,15.0,6.0,4.0,5.0,,26.0,,209.0,45.3,0.0,0,0,,6.0,12.0,44.0,,2.0,395.0,14.0,20.0,,4.0,16.0,0.0
Sunderland_56,2010-11,321806,15,2010-11-27 15:00:00,"Molineux Stadium, Wolverhampton",25112,Away,Sunderland,Wolves,L,258.0,33.0,23.0,,,1.0,1.0,1.0,,5.0,5.0,,5.0,16.0,73.0,60.0,33.0,,,,,,,97.0,11.0,11.0,2.0,2.0,3,3.0,2,0,0,1.0,23.0,8.0,6.0,4.0,,23.0,,217.0,46.0,0.0,0,0,,5.0,10.0,62.0,,5.0,372.0,16.0,22.0,,5.0,14.0,0.0
Sunderland_56,2010-11,321814,16,2010-12-05 16:00:00,"Stadium of Light, Sunderland",36940,Home,Sunderland,West Ham,W,374.0,22.0,15.0,,,1.0,1.0,1.0,,5.0,10.0,1.0,9.0,17.0,67.0,63.0,12.0,,,,,,,92.0,6.0,8.0,1.0,1.0,0,,1,0,1,1.0,23.0,8.0,7.0,2.0,,31.0,,185.0,57.4,0.0,0,0,,7.0,14.0,24.0,,4.0,471.0,19.0,30.0,,9.0,22.0,0.0
Sunderland_56,2010-11,321820,17,2010-12-11 15:00:00,"Craven Cottage, London",24462,Away,Sunderland,Fulham,D,228.0,30.0,31.0,,,1.0,1.0,,,4.0,5.0,1.0,3.0,7.0,62.0,68.0,24.0,,,,,,,95.0,10.0,13.0,,,0,,0,0,0,,18.0,3.0,,9.0,,20.0,,224.0,45.5,0.0,0,0,,9.0,10.0,46.0,,5.0,363.0,13.0,15.0,,3.0,12.0,0.0
Sunderland_56,2010-11,321834,18,2010-12-18 12:45:00,"Stadium of Light, Sunderland",35101,Home,Sunderland,Bolton,W,237.0,26.0,21.0,,1.0,1.0,1.0,1.0,,1.0,3.0,1.0,2.0,16.0,61.0,65.0,28.0,,1.0,,,,,87.0,8.0,13.0,,1.0,0,,1,0,1,1.0,14.0,4.0,5.0,6.0,,25.0,,204.0,47.4,0.0,0,0,,7.0,8.0,53.0,,3.0,346.0,13.0,21.0,,2.0,15.0,0.0
Sunderland_56,2010-11,321844,19,2010-12-26 15:00:00,"Old Trafford, Manchester",75269,Away,Sunderland,Man Utd,L,339.0,10.0,10.0,,,,,,,2.0,9.0,,3.0,10.0,43.0,43.0,16.0,,,,,,,68.0,11.0,10.0,,,2,2.0,0,1,0,,19.0,2.0,1.0,2.0,1.0,13.0,,170.0,43.4,0.0,0,0,,3.0,3.0,29.0,,1.0,445.0,6.0,17.0,,3.0,13.0,0.0
Sunderland_56,2010-11,321852,20,2010-12-28 15:00:00,"Stadium of Light, Sunderland",42892,Home,Sunderland,Blackpool,L,384.0,16.0,21.0,,,4.0,6.0,,,4.0,8.0,,9.0,16.0,57.0,51.0,12.0,,,,,,,96.0,7.0,5.0,,,2,2.0,0,0,0,1.0,16.0,12.0,11.0,,,29.0,,189.0,53.0,0.0,0,0,,16.0,26.0,16.0,,6.0,479.0,31.0,19.0,,9.0,12.0,0.0
Sunderland_56,2010-11,321862,21,2011-01-01 15:00:00,"Stadium of Light, Sunderland",36242,Home,Sunderland,Blackburn,W,288.0,22.0,19.0,,,1.0,1.0,,,4.0,7.0,1.0,3.0,11.0,68.0,53.0,19.0,,,,,,,80.0,13.0,9.0,2.0,3.0,0,,3,0,2,2.0,23.0,6.0,4.0,3.0,,21.0,,211.0,51.8,0.0,0,0,,6.0,10.0,43.0,,2.0,392.0,14.0,20.0,,3.0,15.0,0.0
Sunderland_56,2010-11,321872,22,2011-01-05 19:45:00,"Villa Park, Birmingham",32627,Away,Sunderland,Aston Villa,W,237.0,35.0,21.0,,1.0,2.0,2.0,,,3.0,7.0,1.0,9.0,8.0,70.0,51.0,25.0,,1.0,,,,,86.0,13.0,9.0,,1.0,0,,1,0,0,,13.0,2.0,3.0,3.0,,15.0,,211.0,47.8,0.0,1,1,,8.0,10.0,48.0,,4.0,344.0,14.0,19.0,,9.0,13.0,0.0
Sunderland_56,2010-11,321882,23,2011-01-16 12:00:00,"Stadium of Light, Sunderland",47864,Home,Sunderland,Newcastle,D,164.0,22.0,30.0,,1.0,1.0,1.0,,,5.0,5.0,,5.0,13.0,62.0,65.0,24.0,,,,,,,79.0,16.0,7.0,,1.0,1,1.0,1,0,0,,13.0,7.0,4.0,2.0,,24.0,,189.0,48.4,0.0,0,0,,4.0,11.0,38.0,,4.0,263.0,13.0,25.0,,5.0,18.0,0.0
Sunderland_56,2010-11,321890,24,2011-01-22 15:00:00,"Bloomfield Road, Blackpool",16037,Away,Sunderland,Blackpool,W,216.0,18.0,25.0,,,4.0,2.0,2.0,,1.0,10.0,,4.0,17.0,62.0,69.0,21.0,,,,,,,76.0,15.0,13.0,2.0,2.0,1,1.0,2,0,2,,15.0,4.0,5.0,3.0,,21.0,,194.0,43.2,0.0,0,0,,7.0,11.0,34.0,,6.0,328.0,13.0,24.0,,4.0,13.0,0.0
Sunderland_56,2010-11,321902,25,2011-02-01 19:45:00,"Stadium of Light, Sunderland",37855,Home,Sunderland,Chelsea,L,214.0,22.0,9.0,,,,,,,,13.0,,,16.0,69.0,49.0,20.0,1.0,,,,,,84.0,10.0,12.0,1.0,2.0,4,4.0,2,2,2,,23.0,2.0,4.0,6.0,,12.0,,184.0,35.7,0.0,0,0,,2.0,4.0,39.0,,2.0,316.0,6.0,23.0,,,15.0,0.0
Sunderland_56,2010-11,321912,26,2011-02-05 12:45:00,"bet365 Stadium, Stoke",26008,Away,Sunderland,Stoke,L,223.0,14.0,18.0,,1.0,1.0,,1.0,,3.0,7.0,,4.0,7.0,48.0,56.0,26.0,1.0,,,,,,70.0,16.0,7.0,2.0,2.0,3,3.0,2,1,1,,17.0,6.0,5.0,5.0,,15.0,,193.0,56.3,0.0,0,0,,5.0,11.0,46.0,,1.0,333.0,13.0,21.0,,4.0,15.0,0.0
Sunderland_56,2010-11,321925,27,2011-02-12 17:30:00,"Stadium of Light, Sunderland",40986,Home,Sunderland,Spurs,L,351.0,22.0,21.0,,4.0,,,,,6.0,6.0,,2.0,17.0,70.0,58.0,9.0,1.0,,,,,,83.0,16.0,13.0,1.0,1.0,2,2.0,1,1,1,1.0,16.0,7.0,5.0,3.0,,23.0,,187.0,53.8,0.0,0,0,,8.0,13.0,15.0,,2.0,455.0,19.0,19.0,,2.0,14.0,0.0
Sunderland_56,2010-11,321929,28,2011-02-26 15:00:00,"Goodison Park, Liverpool",37776,Away,Sunderland,Everton,L,323.0,21.0,18.0,,1.0,1.0,1.0,,,5.0,10.0,,1.0,10.0,63.0,49.0,12.0,,,,,,,105.0,10.0,11.0,,,2,2.0,0,2,0,1.0,20.0,9.0,4.0,5.0,,24.0,,201.0,53.4,0.0,0,0,,5.0,14.0,30.0,,4.0,442.0,14.0,14.0,,1.0,10.0,0.0
Sunderland_56,2010-11,321937,29,2011-03-05 15:00:00,"Emirates Stadium, London",60081,Away,Sunderland,Arsenal,D,230.0,17.0,16.0,,,,,,,,14.0,1.0,6.0,8.0,56.0,65.0,12.0,,,,,,,68.0,10.0,13.0,,,0,,0,0,0,,29.0,3.0,3.0,,,11.0,,188.0,37.4,0.0,0,0,,5.0,5.0,27.0,,5.0,338.0,8.0,30.0,,6.0,24.0,0.0
Sunderland_56,2010-11,321953,30,2011-03-20 13:30:00,"Stadium of Light, Sunderland",47207,Home,Sunderland,Liverpool,L,322.0,17.0,12.0,,,,,,,1.0,4.0,,3.0,21.0,65.0,57.0,9.0,,,,,,,76.0,12.0,9.0,,,2,2.0,0,1,0,,23.0,2.0,1.0,2.0,,25.0,,192.0,52.2,0.0,0,1,,4.0,4.0,18.0,,1.0,430.0,6.0,27.0,,3.0,15.0,0.0
Sunderland_56,2010-11,321961,31,2011-04-03 16:00:00,"Etihad Stadium, Manchester",44197,Away,Sunderland,Man City,L,308.0,13.0,7.0,,1.0,1.0,1.0,,,1.0,9.0,,5.0,16.0,61.0,45.0,13.0,1.0,,,,,,59.0,22.0,9.0,,,5,5.0,0,2,0,,18.0,3.0,3.0,4.0,,25.0,,168.0,49.9,0.0,0,0,,4.0,6.0,18.0,,1.0,398.0,8.0,23.0,,5.0,13.0,0.0
Sunderland_56,2010-11,321974,32,2011-04-09 15:00:00,"Stadium of Light, Sunderland",41586,Home,Sunderland,West Brom,L,222.0,22.0,17.0,,3.0,,,,,5.0,5.0,,5.0,9.0,61.0,58.0,8.0,,,,,,,85.0,10.0,10.0,1.0,2.0,3,3.0,2,1,2,,13.0,2.0,1.0,1.0,,40.0,,204.0,50.3,0.0,0,0,,4.0,5.0,17.0,,1.0,335.0,10.0,21.0,,5.0,17.0,0.0
Sunderland_56,2010-11,321978,33,2011-04-16 15:00:00,"St. Andrew's Stadium, Birmingham",28108,Away,Sunderland,Birmingham,L,283.0,26.0,10.0,,,,1.0,,,8.0,5.0,,9.0,5.0,64.0,36.0,14.0,3.0,,,,,,89.0,10.0,7.0,,,2,2.0,0,1,0,,9.0,8.0,4.0,1.0,,20.0,,202.0,55.2,0.0,0,0,,11.0,18.0,21.0,,1.0,387.0,23.0,13.0,,9.0,11.0,0.0
Sunderland_56,2010-11,321994,34,2011-04-23 15:00:00,"Stadium of Light, Sunderland",39650,Home,Sunderland,Wigan,W,214.0,13.0,15.0,1.0,2.0,2.0,,3.0,,4.0,10.0,,7.0,15.0,68.0,52.0,11.0,,1.0,,,,,63.0,12.0,9.0,3.0,4.0,2,2.0,4,0,0,,22.0,5.0,6.0,1.0,,16.0,1.0,174.0,44.1,0.0,0,0,,5.0,9.0,19.0,,1.0,294.0,15.0,22.0,,7.0,17.0,0.0
Sunderland_56,2010-11,322004,35,2011-04-30 15:00:00,"Stadium of Light, Sunderland",39576,Home,Sunderland,Fulham,L,334.0,19.0,13.0,,,1.0,1.0,,,6.0,3.0,,5.0,8.0,44.0,60.0,9.0,,,,,,,96.0,7.0,14.0,,,3,3.0,0,1,0,,25.0,7.0,4.0,4.0,,18.0,,213.0,50.3,0.0,0,0,,6.0,11.0,21.0,,4.0,463.0,16.0,20.0,,5.0,16.0,0.0
Sunderland_56,2010-11,322008,36,2011-05-07 15:00:00,"Macron Stadium, Bolton",22597,Away,Sunderland,Bolton,W,217.0,18.0,26.0,,1.0,2.0,1.0,1.0,,2.0,3.0,,5.0,18.0,62.0,61.0,21.0,,,,,,,68.0,12.0,14.0,2.0,2.0,1,1.0,2,0,1,,19.0,6.0,4.0,6.0,,17.0,,197.0,47.6,0.0,0,0,,4.0,8.0,43.0,,1.0,313.0,10.0,11.0,,5.0,9.0,0.0
Sunderland_56,2010-11,322024,37,2011-05-14 12:45:00,"Stadium of Light, Sunderland",41273,Home,Sunderland,Wolves,L,393.0,16.0,12.0,,2.0,1.0,,1.0,,5.0,1.0,,5.0,14.0,48.0,55.0,13.0,,3.0,,,,,89.0,8.0,20.0,1.0,1.0,3,3.0,1,1,1,1.0,18.0,9.0,4.0,5.0,,24.0,,187.0,59.6,0.0,0,0,,5.0,12.0,24.0,,1.0,494.0,14.0,17.0,,5.0,14.0,0.0
Sunderland_56,2010-11,322035,38,2011-05-22 16:00:00,"Boleyn Ground, London",32792,Away,Sunderland,West Ham,W,351.0,10.0,12.0,,1.0,1.0,,1.0,,3.0,4.0,1.0,6.0,10.0,42.0,60.0,14.0,,,,,,,71.0,8.0,9.0,3.0,3.0,0,,3,0,1,,12.0,14.0,12.0,4.0,,16.0,,148.0,48.8,0.0,0,0,,5.0,19.0,30.0,,,424.0,20.0,31.0,,6.0,22.0,0.0
Sunderland_56,2011-12,360471,1,2011-08-13 15:00:00,"Anfield, Liverpool",45018,Away,Sunderland,Liverpool,D,241.0,25.0,9.0,,,,,,,1.0,4.0,,3.0,9.0,59.0,47.0,17.0,,,,,,,81.0,13.0,17.0,1.0,1.0,1,1.0,1,1,0,,12.0,3.0,4.0,1.0,,18.0,,149.0,39.9,0.0,0,0,,9.0,10.0,32.0,,2.0,316.0,14.0,16.0,,3.0,15.0,0.0
Sunderland_56,2011-12,360486,2,2011-08-20 12:00:00,"Stadium of Light, Sunderland",47751,Home,Sunderland,Newcastle,L,186.0,12.0,16.0,,,,,,,3.0,4.0,,8.0,12.0,55.0,55.0,9.0,,1.0,,,,,85.0,17.0,7.0,,,1,1.0,0,0,0,1.0,7.0,6.0,3.0,2.0,,19.0,,174.0,50.0,0.0,0,1,,9.0,12.0,25.0,,,269.0,15.0,24.0,,7.0,20.0,0.0
Sunderland_56,2011-12,360495,3,2011-08-27 15:00:00,"Liberty Stadium, Swansea",19938,Away,Sunderland,Swansea,D,204.0,9.0,18.0,,,2.0,2.0,,,6.0,6.0,1.0,4.0,10.0,40.0,57.0,23.0,,,,,,,74.0,10.0,7.0,,,0,,0,0,0,1.0,27.0,7.0,2.0,4.0,,21.0,,173.0,38.0,0.0,0,0,,4.0,11.0,41.0,,,295.0,12.0,26.0,,4.0,25.0,0.0
Sunderland_56,2011-12,360507,4,2011-09-10 15:00:00,"Stadium of Light, Sunderland",36699,Home,Sunderland,Chelsea,L,269.0,10.0,7.0,,2.0,1.0,1.0,,,3.0,3.0,,4.0,17.0,38.0,41.0,10.0,,1.0,,,,,80.0,7.0,3.0,1.0,1.0,2,2.0,1,1,0,,8.0,3.0,3.0,6.0,,28.0,,175.0,40.1,0.0,0,0,,7.0,9.0,24.0,,3.0,362.0,13.0,26.0,,4.0,16.0,0.0
Sunderland_56,2011-12,360515,5,2011-09-18 15:00:00,"Stadium of Light, Sunderland",32296,Home,Sunderland,Stoke,W,350.0,22.0,17.0,,,,,,,2.0,4.0,1.0,6.0,8.0,55.0,52.0,16.0,,,,,,,83.0,15.0,12.0,1.0,4.0,0,,4,0,3,,11.0,6.0,6.0,5.0,,21.0,,166.0,56.7,0.0,0,0,,1.0,7.0,39.0,,1.0,436.0,9.0,18.0,,6.0,15.0,0.0
Sunderland_56,2011-12,360524,6,2011-09-26 20:00:00,"Carrow Road, Norwich",26107,Away,Sunderland,Norwich,L,432.0,19.0,14.0,,1.0,1.0,2.0,,,2.0,3.0,,4.0,12.0,48.0,34.0,8.0,,1.0,,,,,99.0,7.0,3.0,1.0,1.0,2,2.0,1,1,0,,18.0,6.0,5.0,5.0,,22.0,,213.0,57.3,0.0,0,0,,7.0,11.0,20.0,,1.0,570.0,14.0,14.0,,4.0,12.0,0.0
Sunderland_56,2011-12,360535,7,2011-10-01 15:00:00,"Stadium of Light, Sunderland",34815,Home,Sunderland,West Brom,D,335.0,16.0,21.0,,2.0,1.0,1.0,,,1.0,4.0,,7.0,13.0,47.0,61.0,13.0,1.0,,,,,,84.0,11.0,14.0,2.0,2.0,2,2.0,2,2,2,,18.0,7.0,7.0,3.0,,29.0,,177.0,51.9,0.0,0,0,,6.0,12.0,23.0,,3.0,436.0,14.0,21.0,,7.0,14.0,0.0
Sunderland_56,2011-12,360539,8,2011-10-16 13:30:00,"Emirates Stadium, London",60078,Away,Sunderland,Arsenal,L,247.0,15.0,5.0,,1.0,1.0,1.0,,,2.0,13.0,,2.0,9.0,66.0,42.0,17.0,,1.0,,,,,62.0,19.0,9.0,,1.0,2,2.0,1,1,1,,18.0,3.0,2.0,7.0,,13.0,,155.0,37.3,0.0,0,0,,4.0,6.0,31.0,,5.0,331.0,8.0,25.0,,2.0,18.0,0.0
Sunderland_56,2011-12,360552,9,2011-10-22 15:00:00,"University of Bolton Stadium, Bolton",24349,Away,Sunderland,Bolton,W,210.0,16.0,16.0,,2.0,,,,,7.0,3.0,1.0,11.0,20.0,60.0,54.0,16.0,,,,,,,86.0,17.0,15.0,1.0,2.0,0,,2,0,0,1.0,13.0,7.0,4.0,3.0,,22.0,,203.0,48.1,0.0,0,0,,8.0,13.0,33.0,,4.0,311.0,19.0,16.0,,11.0,14.0,0.0
Sunderland_56,2011-12,360564,10,2011-10-29 15:00:00,"Stadium of Light, Sunderland",37062,Home,Sunderland,Aston Villa,D,252.0,17.0,12.0,,2.0,1.0,,1.0,,6.0,10.0,,5.0,14.0,58.0,52.0,16.0,,,,,,,85.0,8.0,14.0,2.0,2.0,2,2.0,2,1,1,,12.0,7.0,5.0,5.0,,22.0,,179.0,50.0,0.0,0,0,,5.0,12.0,26.0,,,357.0,16.0,20.0,,5.0,13.0,0.0
Sunderland_56,2011-12,360575,11,2011-11-05 15:00:00,"Old Trafford, Manchester",75570,Away,Sunderland,Man Utd,L,277.0,11.0,11.0,,,,,,,2.0,8.0,,2.0,5.0,40.0,43.0,17.0,,,,,,,78.0,15.0,5.0,,,1,1.0,0,1,0,,24.0,2.0,1.0,4.0,1.0,13.0,,144.0,42.7,0.0,0,0,,6.0,7.0,34.0,,2.0,364.0,9.0,24.0,,2.0,16.0,0.0
Sunderland_56,2011-12,360584,12,2011-11-19 15:00:00,"Stadium of Light, Sunderland",37688,Home,Sunderland,Fulham,D,397.0,23.0,10.0,,,,,,,5.0,4.0,1.0,6.0,8.0,48.0,42.0,9.0,,,,,,,94.0,8.0,12.0,,,0,,0,0,0,2.0,9.0,7.0,3.0,7.0,,30.0,,167.0,51.9,0.0,0,0,,5.0,10.0,14.0,,5.0,492.0,13.0,14.0,,6.0,10.0,0.0
Sunderland_56,2011-12,360596,13,2011-11-26 15:00:00,"Stadium of Light, Sunderland",37883,Home,Sunderland,Wigan,L,334.0,7.0,7.0,,2.0,2.0,3.0,1.0,,3.0,12.0,,3.0,15.0,49.0,58.0,4.0,1.0,,,,,,84.0,12.0,13.0,,1.0,2,2.0,1,1,1,,11.0,7.0,9.0,3.0,,30.0,,158.0,52.9,0.0,0,0,,7.0,13.0,7.0,,2.0,431.0,19.0,30.0,,3.0,24.0,0.0
Sunderland_56,2011-12,360608,14,2011-12-04 16:00:00,"Molineux Stadium, Wolverhampton",25145,Away,Sunderland,Wolves,L,292.0,27.0,8.0,,2.0,1.0,2.0,,,5.0,9.0,,3.0,5.0,57.0,50.0,20.0,,,,,,,81.0,12.0,10.0,1.0,1.0,2,2.0,1,0,0,,23.0,10.0,9.0,8.0,,25.0,1.0,192.0,45.1,0.0,0,0,,6.0,15.0,42.0,,2.0,412.0,20.0,27.0,,3.0,21.0,0.0
Sunderland_56,2011-12,360616,15,2011-12-11 13:30:00,"Stadium of Light, Sunderland",39863,Home,Sunderland,Blackburn,W,418.0,10.0,6.0,,,1.0,1.0,,,8.0,6.0,,9.0,13.0,46.0,41.0,11.0,,,,,,,120.0,11.0,7.0,,2.0,1,1.0,2,1,0,1.0,13.0,8.0,5.0,,,40.0,,216.0,67.6,0.0,0,0,,10.0,11.0,24.0,,2.0,543.0,23.0,18.0,,9.0,16.0,0.0
Sunderland_56,2011-12,360626,16,2011-12-18 15:00:00,"White Hart Lane, London",36021,Away,Sunderland,Spurs,L,268.0,10.0,9.0,,,1.0,1.0,,,1.0,6.0,,,16.0,46.0,50.0,14.0,,,,,,,93.0,8.0,5.0,,,1,1.0,0,0,0,,28.0,3.0,4.0,7.0,,19.0,,170.0,39.7,0.0,0,0,,3.0,6.0,19.0,,3.0,367.0,8.0,33.0,,,28.0,0.0
Sunderland_56,2011-12,360629,17,2011-12-21 20:00:00,"Kiyan Prince Foundation Stadium, London",16167,Away,Sunderland,QPR,W,191.0,26.0,25.0,,2.0,2.0,2.0,1.0,,8.0,5.0,,11.0,16.0,63.0,72.0,16.0,1.0,,,,,,80.0,12.0,10.0,2.0,3.0,2,2.0,3,0,1,1.0,26.0,8.0,6.0,9.0,,16.0,,200.0,42.8,0.0,0,0,,5.0,13.0,43.0,,4.0,294.0,19.0,27.0,,11.0,20.0,0.0
Sunderland_56,2011-12,360646,18,2011-12-26 15:00:00,"Stadium of Light, Sunderland",43619,Home,Sunderland,Everton,D,276.0,20.0,10.0,,1.0,,,,,7.0,1.0,,5.0,10.0,42.0,43.0,13.0,,,,,,,88.0,7.0,14.0,1.0,1.0,1,1.0,1,0,1,,20.0,7.0,2.0,3.0,,28.0,,190.0,48.3,0.0,0,0,,3.0,10.0,24.0,,5.0,376.0,12.0,16.0,,5.0,12.0,0.0
Sunderland_56,2011-12,360656,19,2012-01-01 15:00:00,"Stadium of Light, Sunderland",40625,Home,Sunderland,Man City,W,206.0,12.0,8.0,,,3.0,2.0,1.0,,2.0,10.0,1.0,1.0,10.0,49.0,38.0,27.0,,,,,,,47.0,7.0,6.0,1.0,1.0,0,,1,0,0,,18.0,4.0,3.0,6.0,,11.0,,171.0,31.2,0.0,0,0,,3.0,7.0,50.0,,,293.0,8.0,20.0,,1.0,16.0,0.0
Sunderland_56,2011-12,360667,20,2012-01-03 19:45:00,"DW Stadium, Wigan",15871,Away,Sunderland,Wigan,W,246.0,5.0,3.0,,1.0,3.0,2.0,2.0,,3.0,7.0,,6.0,8.0,30.0,36.0,10.0,,,,,,,47.0,7.0,10.0,1.0,4.0,1,1.0,4,0,1,,21.0,6.0,6.0,7.0,,6.0,,123.0,36.6,0.0,0,0,,2.0,8.0,21.0,,2.0,312.0,11.0,15.0,,6.0,13.0,0.0
Sunderland_56,2011-12,360671,21,2012-01-14 15:00:00,"Stamford Bridge, London",41696,Away,Sunderland,Chelsea,L,270.0,13.0,6.0,,,3.0,3.0,,,1.0,11.0,,2.0,13.0,50.0,45.0,10.0,,,,,,,65.0,9.0,9.0,,,1,1.0,0,1,0,,16.0,3.0,3.0,6.0,,22.0,,143.0,39.8,0.0,0,0,,5.0,8.0,20.0,,,350.0,9.0,21.0,,2.0,17.0,0.0
Sunderland_56,2011-12,360687,22,2012-01-21 15:00:00,"Stadium of Light, Sunderland",36904,Home,Sunderland,Swansea,W,202.0,6.0,3.0,,1.0,1.0,1.0,,,6.0,14.0,1.0,2.0,9.0,45.0,42.0,12.0,,,,,,,59.0,10.0,6.0,2.0,2.0,0,,2,0,1,1.0,22.0,7.0,3.0,6.0,,17.0,,152.0,30.9,0.0,0,0,,6.0,10.0,22.0,,1.0,288.0,15.0,28.0,,2.0,23.0,0.0
Sunderland_56,2011-12,360691,23,2012-02-01 20:00:00,"Stadium of Light, Sunderland",34476,Home,Sunderland,Norwich,W,283.0,31.0,12.0,,1.0,1.0,1.0,1.0,,4.0,2.0,1.0,3.0,11.0,58.0,62.0,18.0,,,,,,,83.0,6.0,14.0,1.0,3.0,0,,3,0,2,,18.0,8.0,5.0,4.0,,19.0,,188.0,49.1,0.0,0,0,,3.0,11.0,35.0,,3.0,395.0,12.0,26.0,,3.0,19.0,0.0
Sunderland_56,2011-12,360706,24,2012-02-04 15:00:00,"bet365 Stadium, Stoke",27717,Away,Sunderland,Stoke,W,248.0,15.0,12.0,,,2.0,1.0,1.0,,2.0,3.0,1.0,5.0,16.0,44.0,53.0,19.0,,,,,,,65.0,7.0,11.0,1.0,1.0,0,,1,0,0,,23.0,2.0,1.0,3.0,,13.0,,219.0,51.1,0.0,1,0,,3.0,4.0,38.0,,2.0,367.0,6.0,26.0,,5.0,20.0,0.0
Sunderland_56,2011-12,360715,25,2012-02-11 15:00:00,"Stadium of Light, Sunderland",40312,Home,Sunderland,Arsenal,L,219.0,15.0,2.0,,1.0,,,,,3.0,9.0,,7.0,6.0,57.0,36.0,14.0,,,,,,,53.0,9.0,8.0,,1.0,2,2.0,1,0,0,,14.0,1.0,3.0,6.0,,9.0,,157.0,30.6,0.0,0,0,,4.0,2.0,34.0,,2.0,290.0,10.0,21.0,,7.0,15.0,0.0
Sunderland_56,2011-12,360727,26,2012-02-25 15:00:00,"The Hawthorns, West Bromwich",25311,Away,Sunderland,West Brom,L,290.0,8.0,7.0,,1.0,1.0,1.0,,,2.0,12.0,,,8.0,45.0,38.0,19.0,,1.0,,,,,56.0,8.0,6.0,,,4,4.0,0,2,0,,12.0,4.0,3.0,4.0,,11.0,,164.0,39.4,0.0,0,0,,5.0,8.0,38.0,,1.0,369.0,10.0,20.0,,,14.0,0.0
Sunderland_56,2011-12,360733,27,2012-03-04 12:00:00,"St. James' Park, Newcastle",52388,Away,Sunderland,Newcastle,D,170.0,13.0,11.0,1.0,1.0,1.0,2.0,1.0,,3.0,11.0,,4.0,13.0,58.0,53.0,19.0,,,,,,,44.0,15.0,14.0,,1.0,1,1.0,1,0,1,,19.0,4.0,4.0,11.0,,9.0,1.0,180.0,36.9,0.0,0,2,,1.0,4.0,53.0,,2.0,258.0,8.0,23.0,,4.0,19.0,0.0
Sunderland_56,2011-12,360746,28,2012-03-10 15:00:00,"Stadium of Light, Sunderland",41661,Home,Sunderland,Liverpool,W,222.0,20.0,8.0,,1.0,1.0,1.0,1.0,,,7.0,1.0,3.0,12.0,60.0,60.0,20.0,,,,,,,69.0,13.0,15.0,,1.0,0,,1,0,0,1.0,23.0,1.0,2.0,2.0,,13.0,,184.0,38.2,0.0,0,0,,5.0,6.0,39.0,,1.0,324.0,7.0,28.0,,3.0,16.0,0.0
Sunderland_56,2011-12,360750,29,2012-03-20 20:00:00,"Ewood Park, Blackburn",20056,Away,Sunderland,Blackburn,L,290.0,18.0,18.0,,,1.0,1.0,,,,7.0,,9.0,8.0,45.0,55.0,19.0,,,,,,,66.0,11.0,12.0,,,2,2.0,0,0,0,,25.0,1.0,1.0,4.0,,20.0,,183.0,54.6,0.0,0,0,,2.0,2.0,34.0,,4.0,390.0,3.0,24.0,,9.0,13.0,0.0
Sunderland_56,2011-12,360766,30,2012-03-24 15:00:00,"Stadium of Light, Sunderland",37128,Home,Sunderland,QPR,W,331.0,14.0,19.0,,1.0,1.0,,1.0,,5.0,6.0,,5.0,7.0,46.0,50.0,10.0,,,,,,,69.0,11.0,9.0,2.0,3.0,1,1.0,3,0,1,2.0,18.0,5.0,4.0,5.0,,15.0,,174.0,51.5,0.0,1,0,,8.0,11.0,23.0,,2.0,429.0,17.0,16.0,,5.0,10.0,0.0
Sunderland_56,2011-12,360773,31,2012-03-31 15:00:00,"Etihad Stadium, Manchester",47007,Away,Sunderland,Man City,D,215.0,4.0,6.0,,,2.0,1.0,1.0,,2.0,3.0,,5.0,6.0,33.0,41.0,27.0,,,,,,,59.0,14.0,12.0,3.0,3.0,3,3.0,3,1,2,,5.0,4.0,3.0,10.0,,12.0,,148.0,35.9,0.0,0,0,,4.0,8.0,48.0,,,294.0,9.0,22.0,,5.0,16.0,0.0
Sunderland_56,2011-12,360786,32,2012-04-07 12:45:00,"Stadium of Light, Sunderland",39335,Home,Sunderland,Spurs,D,197.0,15.0,10.0,,2.0,,,,,5.0,10.0,1.0,11.0,17.0,61.0,46.0,18.0,,,,,,,48.0,13.0,10.0,,,0,,0,0,0,,17.0,6.0,3.0,7.0,,16.0,,140.0,29.3,0.0,0,0,,4.0,9.0,32.0,,1.0,267.0,12.0,22.0,,11.0,15.0,0.0
Sunderland_56,2011-12,360791,33,2012-04-09 15:00:00,"Goodison Park, Liverpool",32249,Away,Sunderland,Everton,L,300.0,16.0,11.0,,,,,,,,10.0,,2.0,7.0,56.0,39.0,12.0,,,,,,,71.0,12.0,6.0,,,4,4.0,0,0,0,,24.0,,,8.0,1.0,11.0,,161.0,41.5,0.0,0,0,,3.0,3.0,20.0,,3.0,388.0,3.0,16.0,,2.0,13.0,0.0
Sunderland_56,2011-12,360806,34,2012-04-14 15:00:00,"Stadium of Light, Sunderland",37476,Home,Sunderland,Wolves,D,284.0,8.0,7.0,,2.0,3.0,3.0,,,2.0,2.0,1.0,8.0,7.0,29.0,46.0,22.0,,1.0,,,,,61.0,4.0,12.0,,,0,,0,0,0,,12.0,5.0,3.0,2.0,,24.0,,163.0,51.1,0.0,0,0,,10.0,14.0,33.0,,1.0,363.0,15.0,22.0,,8.0,17.0,0.0
Sunderland_56,2011-12,360810,35,2012-04-21 15:00:00,"Villa Park, Birmingham",32557,Away,Sunderland,Aston Villa,D,297.0,20.0,15.0,,,2.0,3.0,,,4.0,8.0,1.0,5.0,13.0,57.0,51.0,13.0,,1.0,,,,,84.0,9.0,11.0,,,0,,0,0,0,,9.0,6.0,3.0,5.0,,17.0,,188.0,55.4,0.0,0,1,,6.0,11.0,26.0,,2.0,402.0,13.0,22.0,,5.0,15.0,0.0
Sunderland_56,2011-12,360824,36,2012-04-28 15:00:00,"Stadium of Light, Sunderland",40768,Home,Sunderland,Bolton,D,279.0,23.0,14.0,,1.0,1.0,,1.0,,3.0,10.0,,7.0,15.0,65.0,54.0,21.0,,,,,,,83.0,9.0,17.0,1.0,2.0,2,2.0,2,1,1,,20.0,3.0,3.0,3.0,,20.0,,182.0,52.0,0.0,0,0,,6.0,9.0,38.0,,2.0,375.0,12.0,18.0,,7.0,13.0,0.0
Sunderland_56,2011-12,360833,37,2012-05-06 14:00:00,"Craven Cottage, London",25683,Away,Sunderland,Fulham,L,410.0,8.0,4.0,,1.0,1.0,1.0,,,2.0,9.0,,2.0,11.0,47.0,37.0,13.0,,,,,,,68.0,13.0,8.0,1.0,1.0,2,2.0,1,2,1,,17.0,6.0,6.0,9.0,,18.0,,125.0,43.2,0.0,0,0,,5.0,9.0,26.0,,3.0,460.0,13.0,19.0,,2.0,17.0,0.0
Sunderland_56,2011-12,360844,38,2012-05-13 15:00:00,"Stadium of Light, Sunderland",46452,Home,Sunderland,Man Utd,L,254.0,11.0,13.0,,1.0,,,,,4.0,7.0,,1.0,14.0,56.0,46.0,16.0,,,,,,,56.0,14.0,11.0,,,1,1.0,0,1,0,,21.0,3.0,2.0,4.0,,11.0,,146.0,35.5,0.0,0,0,,2.0,5.0,27.0,,,337.0,8.0,20.0,,1.0,17.0,0.0
Sunderland_56,2012-13,441999,1,2012-08-18 15:00:00,"Emirates Stadium, London",60078,Away,Sunderland,Arsenal,D,228.0,12.0,14.0,,,1.0,1.0,,,1.0,23.0,1.0,,9.0,59.0,58.0,22.0,,1.0,,,,,47.0,9.0,12.0,,,0,,0,0,0,,22.0,2.0,2.0,9.0,,5.0,,119.0,29.9,0.0,0,0,3.0,1.0,3.0,34.0,,1.0,308.0,4.0,28.0,2.0,,17.0,0.0
Sunderland_56,2012-13,442016,2,2012-12-11 19:45:00,"Stadium of Light, Sunderland",37723,Home,Sunderland,Reading,W,281.0,21.0,35.0,,,1.0,,1.0,,3.0,7.0,1.0,6.0,13.0,55.0,72.0,30.0,,1.0,,,,,68.0,10.0,11.0,2.0,3.0,0,,3,0,2,,14.0,9.0,8.0,5.0,,8.0,,193.0,49.3,0.0,0,0,,5.0,13.0,60.0,,3.0,384.0,16.0,21.0,,6.0,14.0,0.0
Sunderland_56,2012-13,442024,3,2012-09-01 15:00:00,"Swansea.com Stadium, Swansea",20350,Away,Sunderland,Swansea,D,285.0,12.0,12.0,,1.0,,,,,1.0,10.0,,,20.0,50.0,58.0,15.0,,1.0,,,,,52.0,7.0,12.0,,2.0,2,2.0,2,1,2,,15.0,1.0,2.0,4.0,,10.0,,113.0,36.2,0.0,1,0,,1.0,2.0,19.0,,,354.0,4.0,31.0,,,25.0,0.0
Sunderland_56,2012-13,442038,4,2012-09-15 17:30:00,"Stadium of Light, Sunderland",41997,Home,Sunderland,Liverpool,D,233.0,18.0,10.0,,,1.0,,1.0,,3.0,14.0,,2.0,24.0,77.0,52.0,12.0,1.0,2.0,,,,,58.0,18.0,11.0,1.0,1.0,1,1.0,1,0,1,,15.0,3.0,1.0,4.0,,11.0,,137.0,34.1,0.0,0,0,,3.0,6.0,20.0,,1.0,306.0,7.0,25.0,,2.0,21.0,0.0
Sunderland_56,2012-13,442047,5,2012-09-22 15:00:00,"Boleyn Ground, London",33052,Away,Sunderland,West Ham,D,212.0,34.0,25.0,,,,1.0,,,2.0,8.0,,1.0,21.0,76.0,67.0,20.0,,,,,,,57.0,13.0,12.0,1.0,1.0,1,1.0,1,0,1,,18.0,3.0,1.0,10.0,,5.0,,164.0,38.7,0.0,0,0,,2.0,4.0,48.0,,1.0,291.0,5.0,28.0,,1.0,25.0,0.0
Sunderland_56,2012-13,442058,6,2012-09-29 15:00:00,"Stadium of Light, Sunderland",37742,Home,Sunderland,Wigan,W,321.0,9.0,8.0,,,1.0,,1.0,,2.0,2.0,1.0,8.0,19.0,54.0,51.0,12.0,,1.0,,,,,64.0,22.0,17.0,1.0,1.0,0,,1,0,0,,13.0,2.0,1.0,2.0,,13.0,,141.0,49.8,0.0,1,0,,7.0,8.0,22.0,,2.0,382.0,10.0,16.0,,8.0,13.0,0.0
Sunderland_56,2012-13,442061,7,2012-10-06 12:45:00,"Etihad Stadium, Manchester",47036,Away,Sunderland,Man City,L,267.0,22.0,14.0,,1.0,,,,,2.0,9.0,,4.0,13.0,57.0,44.0,11.0,,3.0,,,,,56.0,11.0,11.0,,,3,3.0,0,1,0,,13.0,6.0,4.0,8.0,,13.0,,149.0,39.5,0.0,0,0,,2.0,6.0,30.0,,3.0,339.0,8.0,17.0,,4.0,13.0,0.0
Sunderland_56,2012-13,442074,8,2012-10-21 13:30:00,"Stadium of Light, Sunderland",47456,Home,Sunderland,Newcastle,D,379.0,14.0,11.0,,2.0,,,,,9.0,6.0,,8.0,7.0,58.0,59.0,13.0,,,,,,,68.0,14.0,15.0,,1.0,1,1.0,1,1,0,,17.0,8.0,2.0,5.0,,25.0,,159.0,65.5,0.0,1,0,,10.0,14.0,23.0,,3.0,451.0,21.0,26.0,,8.0,19.0,0.0
Sunderland_56,2012-13,442087,9,2012-10-27 15:00:00,"bet365 Stadium, Stoke",27005,Away,Sunderland,Stoke,D,269.0,35.0,20.0,,2.0,,,,,3.0,8.0,1.0,3.0,8.0,64.0,57.0,23.0,,,,,,,65.0,7.0,12.0,,,0,,0,0,0,,11.0,2.0,,5.0,,17.0,,160.0,47.8,0.0,0,0,,4.0,5.0,38.0,,,359.0,7.0,22.0,,3.0,16.0,0.0
Sunderland_56,2012-13,442094,10,2012-11-03 15:00:00,"Stadium of Light, Sunderland",41515,Home,Sunderland,Aston Villa,L,330.0,22.0,16.0,,1.0,1.0,1.0,,,2.0,2.0,,6.0,14.0,53.0,58.0,15.0,,,,,,,74.0,9.0,17.0,,,1,1.0,0,0,0,,17.0,2.0,,2.0,,24.0,,159.0,55.6,0.0,0,0,,10.0,10.0,26.0,,5.0,409.0,12.0,20.0,,6.0,16.0,0.0
Sunderland_56,2012-13,442102,11,2012-11-10 15:00:00,"Goodison Park, Liverpool",35999,Away,Sunderland,Everton,L,240.0,17.0,21.0,,1.0,2.0,1.0,1.0,,3.0,11.0,,2.0,5.0,58.0,58.0,23.0,,,,,,,55.0,15.0,14.0,1.0,1.0,2,2.0,1,0,1,,20.0,5.0,3.0,7.0,,23.0,,157.0,37.4,0.0,0,0,,3.0,7.0,45.0,,2.0,326.0,9.0,18.0,,2.0,13.0,0.0
Sunderland_56,2012-13,442110,12,2012-11-18 16:00:00,"Craven Cottage, London",25646,Away,Sunderland,Fulham,W,414.0,22.0,20.0,,,1.0,,1.0,,2.0,7.0,,4.0,7.0,57.0,47.0,10.0,,2.0,,,,,86.0,13.0,9.0,3.0,3.0,1,1.0,3,0,0,,15.0,7.0,6.0,7.0,,15.0,,153.0,50.7,0.0,1,0,,3.0,10.0,27.0,,2.0,499.0,11.0,12.0,,4.0,11.0,0.0
Sunderland_56,2012-13,442125,13,2012-11-24 12:45:00,"Stadium of Light, Sunderland",36390,Home,Sunderland,West Brom,L,357.0,18.0,20.0,,1.0,,,1.0,,3.0,3.0,,7.0,12.0,53.0,61.0,10.0,1.0,,,,,,61.0,12.0,15.0,,2.0,4,4.0,2,2,0,,13.0,10.0,10.0,2.0,,25.0,,140.0,49.0,0.0,0,0,,7.0,14.0,16.0,,2.0,428.0,20.0,17.0,,7.0,12.0,0.0
Sunderland_56,2012-13,442133,14,2012-11-27 19:45:00,"Stadium of Light, Sunderland",36513,Home,Sunderland,QPR,D,356.0,12.0,25.0,,2.0,1.0,1.0,,,5.0,9.0,1.0,5.0,11.0,54.0,65.0,14.0,,,,,,,72.0,10.0,15.0,,,0,,0,0,0,,20.0,4.0,4.0,5.0,,16.0,,156.0,50.2,0.0,0,0,,5.0,7.0,25.0,,3.0,444.0,14.0,21.0,,5.0,13.0,0.0
Sunderland_56,2012-13,442144,15,2012-12-02 16:00:00,"Carrow Road, Norwich",26228,Away,Sunderland,Norwich,L,334.0,16.0,17.0,,4.0,,1.0,,,1.0,3.0,,6.0,4.0,49.0,57.0,14.0,,,,,,,90.0,17.0,11.0,1.0,1.0,2,2.0,1,2,1,1.0,17.0,4.0,5.0,3.0,,16.0,,172.0,50.4,0.0,0,0,,10.0,8.0,24.0,,4.0,440.0,16.0,15.0,,6.0,13.0,0.0
Sunderland_56,2012-13,442155,16,2012-12-08 15:00:00,"Stadium of Light, Sunderland",39273,Home,Sunderland,Chelsea,L,280.0,14.0,14.0,,1.0,,,,,3.0,11.0,,11.0,13.0,62.0,59.0,12.0,1.0,,,,,,72.0,11.0,15.0,1.0,1.0,3,3.0,1,2,0,1.0,9.0,6.0,5.0,1.0,,13.0,,165.0,45.3,0.0,0,0,,4.0,7.0,25.0,,,352.0,12.0,19.0,,11.0,16.0,0.0
Sunderland_56,2012-13,442161,17,2012-12-15 15:00:00,"Old Trafford, Manchester",75582,Away,Sunderland,Man Utd,L,232.0,13.0,10.0,,1.0,1.0,,1.0,,4.0,6.0,,9.0,7.0,44.0,48.0,9.0,1.0,1.0,,,,,47.0,10.0,13.0,1.0,1.0,3,3.0,1,2,0,,23.0,8.0,7.0,2.0,,17.0,,141.0,38.5,0.0,0,0,,4.0,11.0,20.0,,1.0,307.0,15.0,23.0,,9.0,19.0,0.0
Sunderland_56,2012-13,442173,18,2012-12-22 15:00:00,"St. Mary's Stadium, Southampton",31275,Away,Sunderland,Southampton,W,240.0,22.0,16.0,,,1.0,,1.0,,2.0,11.0,1.0,5.0,5.0,58.0,52.0,22.0,,,,,,,71.0,16.0,12.0,1.0,1.0,0,,1,0,1,,11.0,5.0,5.0,5.0,,12.0,,166.0,42.4,0.0,0,0,,3.0,8.0,46.0,,2.0,330.0,10.0,16.0,,5.0,12.0,0.0
Sunderland_56,2012-13,442188,19,2012-12-26 15:00:00,"Stadium of Light, Sunderland",42190,Home,Sunderland,Man City,W,210.0,25.0,13.0,,1.0,,,,,3.0,10.0,1.0,3.0,5.0,61.0,56.0,10.0,,,,,,,49.0,15.0,16.0,1.0,1.0,0,,1,0,0,,13.0,5.0,4.0,8.0,,18.0,,124.0,33.0,0.0,0,0,,5.0,8.0,20.0,,1.0,273.0,12.0,21.0,,3.0,12.0,0.0
Sunderland_56,2012-13,442198,20,2012-12-29 12:45:00,"Stadium of Light, Sunderland",41168,Home,Sunderland,Spurs,L,252.0,20.0,15.0,,3.0,,1.0,1.0,,3.0,10.0,,3.0,12.0,57.0,56.0,14.0,,3.0,,,,,83.0,12.0,15.0,,1.0,2,2.0,1,0,1,,21.0,3.0,4.0,5.0,1.0,25.0,,183.0,44.7,0.0,0,0,,1.0,4.0,22.0,,2.0,359.0,8.0,23.0,,3.0,14.0,0.0
Sunderland_56,2012-13,442200,21,2013-01-02 19:45:00,"Anfield, Liverpool",44228,Away,Sunderland,Liverpool,L,219.0,20.0,15.0,,2.0,2.0,2.0,,,5.0,8.0,,5.0,11.0,51.0,43.0,18.0,1.0,,,,,,60.0,6.0,8.0,,,3,3.0,0,2,0,,11.0,3.0,2.0,9.0,,16.0,,151.0,33.8,0.0,0,0,,1.0,4.0,32.0,,,303.0,8.0,19.0,,5.0,11.0,0.0
Sunderland_56,2012-13,442218,22,2013-01-12 15:00:00,"Stadium of Light, Sunderland",39918,Home,Sunderland,West Ham,W,287.0,32.0,20.0,,1.0,1.0,2.0,2.0,,7.0,3.0,1.0,4.0,10.0,63.0,68.0,18.0,,1.0,,,,,58.0,10.0,14.0,,3.0,0,,3,0,1,1.0,9.0,8.0,7.0,3.0,,15.0,,170.0,48.0,0.0,0,0,,4.0,10.0,32.0,,5.0,384.0,18.0,24.0,,4.0,21.0,0.0
Sunderland_56,2012-13,442228,23,2013-01-19 15:00:00,"DW Stadium, Wigan",19219,Away,Sunderland,Wigan,W,185.0,9.0,12.0,1.0,3.0,1.0,1.0,2.0,,1.0,8.0,,,8.0,43.0,45.0,16.0,1.0,,,,,,52.0,17.0,10.0,1.0,3.0,2,2.0,3,1,3,,14.0,3.0,5.0,5.0,1.0,6.0,1.0,142.0,29.6,0.0,0,0,,5.0,7.0,36.0,,1.0,257.0,11.0,18.0,,,15.0,0.0
Sunderland_56,2012-13,442236,24,2013-01-29 19:45:00,"Stadium of Light, Sunderland",35628,Home,Sunderland,Swansea,D,251.0,22.0,19.0,,1.0,,,,,1.0,5.0,1.0,3.0,9.0,54.0,60.0,12.0,,,,,,,64.0,13.0,11.0,,,0,,0,0,0,,25.0,1.0,,5.0,,9.0,,157.0,36.1,0.0,0,0,,2.0,1.0,22.0,,1.0,341.0,3.0,22.0,,3.0,14.0,0.0
Sunderland_56,2012-13,442245,25,2013-02-02 15:00:00,"Select Car Leasing Stadium, Reading",23829,Away,Sunderland,Reading,L,229.0,28.0,28.0,1.0,,2.0,3.0,1.0,,2.0,4.0,,8.0,6.0,59.0,66.0,22.0,,,,,,,72.0,15.0,12.0,,1.0,2,2.0,1,1,1,,9.0,5.0,6.0,1.0,,19.0,1.0,201.0,51.4,0.0,0,0,,4.0,9.0,41.0,,,352.0,12.0,24.0,,8.0,20.0,0.0
Sunderland_56,2012-13,442256,26,2013-02-09 15:00:00,"Stadium of Light, Sunderland",46402,Home,Sunderland,Arsenal,L,262.0,22.0,19.0,,2.0,2.0,4.0,,,2.0,17.0,,11.0,11.0,64.0,58.0,4.0,,1.0,,,,,65.0,6.0,13.0,,,1,1.0,0,1,0,,21.0,6.0,6.0,2.0,,55.0,,157.0,38.7,0.0,1,0,7.0,7.0,10.0,10.0,,5.0,345.0,15.0,14.0,28.0,11.0,14.0,0.0
Sunderland_56,2012-13,442267,27,2013-02-23 15:00:00,"The Hawthorns, West Bromwich",25924,Away,Sunderland,West Brom,L,246.0,21.0,13.0,,,3.0,4.0,,,3.0,4.0,,5.0,12.0,56.0,46.0,14.0,1.0,,,,,,54.0,10.0,14.0,,1.0,2,2.0,1,1,0,1.0,20.0,5.0,5.0,4.0,,19.0,,173.0,41.1,0.0,0,0,,5.0,8.0,40.0,,3.0,317.0,13.0,12.0,,5.0,10.0,0.0
Sunderland_56,2012-13,442275,28,2013-03-02 15:00:00,"Stadium of Light, Sunderland",39312,Home,Sunderland,Fulham,D,330.0,21.0,15.0,1.0,1.0,,1.0,1.0,,5.0,7.0,,7.0,5.0,56.0,58.0,7.0,1.0,,,,,,63.0,9.0,14.0,,2.0,2,2.0,2,2,1,,3.0,5.0,5.0,1.0,,27.0,1.0,159.0,49.5,0.0,0,0,,8.0,11.0,16.0,,3.0,406.0,18.0,21.0,,7.0,17.0,0.0
Sunderland_56,2012-13,442285,29,2013-03-09 15:00:00,"MATRADE Loftus Road, London",18169,Away,Sunderland,QPR,L,248.0,30.0,26.0,,1.0,1.0,,1.0,,2.0,9.0,,5.0,22.0,89.0,61.0,29.0,,1.0,,,,,73.0,19.0,4.0,1.0,1.0,3,3.0,1,1,1,,8.0,3.0,2.0,2.0,,19.0,,189.0,50.3,0.0,0,0,,5.0,7.0,42.0,,,349.0,9.0,20.0,,5.0,18.0,0.0
Sunderland_56,2012-13,442295,30,2013-03-17 13:30:00,"Stadium of Light, Sunderland",38625,Home,Sunderland,Norwich,D,371.0,21.0,15.0,1.0,1.0,,2.0,1.0,,4.0,7.0,,5.0,11.0,55.0,50.0,20.0,,,,,,,81.0,12.0,12.0,,1.0,1,1.0,1,1,1,1.0,10.0,5.0,6.0,1.0,,25.0,1.0,152.0,65.1,0.0,1,0,,5.0,6.0,30.0,,3.0,451.0,15.0,16.0,,6.0,11.0,0.0
Sunderland_56,2012-13,442305,31,2013-03-30 12:45:00,"Stadium of Light, Sunderland",43760,Home,Sunderland,Man Utd,L,240.0,31.0,18.0,,1.0,,,,,3.0,8.0,,3.0,14.0,71.0,56.0,9.0,,,,,,,63.0,12.0,9.0,,,1,1.0,0,1,0,,12.0,3.0,1.0,2.0,1.0,18.0,,156.0,38.6,0.0,0,0,,5.0,4.0,15.0,,1.0,330.0,9.0,23.0,,3.0,15.0,0.0
Sunderland_56,2012-13,442309,32,2013-04-07 15:00:00,"Stamford Bridge, London",41500,Away,Sunderland,Chelsea,L,243.0,19.0,16.0,,,,,,,2.0,12.0,,5.0,13.0,65.0,60.0,20.0,,,,,,,50.0,16.0,9.0,,1.0,2,2.0,1,0,1,,25.0,2.0,,5.0,1.0,14.0,,134.0,38.3,0.0,0,0,,6.0,6.0,26.0,,1.0,319.0,8.0,23.0,,5.0,21.0,0.0
Sunderland_56,2012-13,442324,33,2013-04-14 12:00:00,"St. James' Park, Newcastle",52355,Away,Sunderland,Newcastle,W,119.0,26.0,8.0,,,1.0,1.0,,,2.0,10.0,1.0,9.0,12.0,60.0,50.0,21.0,,,,,,,51.0,7.0,14.0,3.0,3.0,0,,3,0,1,,20.0,7.0,6.0,4.0,,13.0,,158.0,34.2,0.0,0,0,,2.0,8.0,39.0,,2.0,186.0,10.0,22.0,,9.0,19.0,0.0
Sunderland_56,2012-13,442334,34,2013-04-20 15:00:00,"Stadium of Light, Sunderland",44614,Home,Sunderland,Everton,W,166.0,20.0,20.0,,,1.0,1.0,,,,4.0,1.0,3.0,12.0,52.0,62.0,19.0,,,,,,,52.0,8.0,14.0,1.0,1.0,0,,1,0,1,1.0,19.0,3.0,4.0,4.0,,22.0,,153.0,36.4,0.0,0,0,,4.0,4.0,33.0,,1.0,248.0,8.0,20.0,,3.0,16.0,0.0
Sunderland_56,2012-13,442340,35,2013-04-29 20:00:00,"Villa Park, Birmingham",37428,Away,Sunderland,Aston Villa,L,305.0,16.0,19.0,,,1.0,,1.0,,4.0,11.0,,4.0,8.0,60.0,58.0,17.0,2.0,,,,,,59.0,15.0,10.0,1.0,1.0,6,6.0,1,2,1,,23.0,5.0,2.0,5.0,,17.0,,146.0,44.5,0.0,0,1,,4.0,8.0,38.0,,1.0,376.0,10.0,22.0,,4.0,14.0,0.0
Sunderland_56,2012-13,442354,36,2013-05-06 20:00:00,"Stadium of Light, Sunderland",38130,Home,Sunderland,Stoke,D,237.0,37.0,16.0,,,,,1.0,,5.0,6.0,,5.0,8.0,68.0,49.0,16.0,,,,,,,51.0,8.0,11.0,,1.0,1,1.0,1,1,0,1.0,16.0,3.0,3.0,4.0,,23.0,,166.0,47.6,0.0,0,1,,7.0,8.0,23.0,,,331.0,15.0,17.0,,5.0,15.0,0.0
Sunderland_56,2012-13,442368,37,2013-05-12 15:00:00,"Stadium of Light, Sunderland",41988,Home,Sunderland,Southampton,D,173.0,15.0,20.0,,,1.0,1.0,,,3.0,9.0,,3.0,10.0,47.0,58.0,21.0,,,,,,,61.0,9.0,10.0,1.0,1.0,1,1.0,1,0,0,,9.0,5.0,2.0,6.0,,18.0,,196.0,36.0,0.0,0,0,,1.0,6.0,47.0,,1.0,274.0,6.0,24.0,,3.0,22.0,0.0
Sunderland_56,2012-13,442375,38,2013-05-19 16:00:00,"White Hart Lane, London",36063,Away,Sunderland,Spurs,L,154.0,25.0,14.0,,,1.0,1.0,,,2.0,17.0,,1.0,12.0,73.0,45.0,22.0,,,,,,,57.0,14.0,5.0,,,1,1.0,0,0,0,,11.0,5.0,3.0,16.0,,13.0,,148.0,31.8,0.0,0,1,,3.0,8.0,43.0,,2.0,222.0,8.0,24.0,,1.0,16.0,0.0
Sunderland_56,2013-14,694907,1,2013-08-17 15:00:00,"Stadium of Light, Sunderland",43905,Home,Sunderland,Fulham,L,384.0,18.0,13.0,,1.0,,,,11.0,7.0,8.0,,6.0,7.0,52.0,56.0,12.0,,,,,,,88.0,15.0,13.0,,,1,1.0,0,0,0,,5.0,5.0,3.0,4.0,,15.0,,130.0,57.8,0.0,0,0,,11.0,13.0,13.0,,3.0,460.0,21.0,24.0,,6.0,17.0,0.0
Sunderland_56,2013-14,694918,2,2013-08-24 15:00:00,"St. Mary's Stadium, Southampton",29596,Away,Sunderland,Southampton,D,167.0,32.0,15.0,,,2.0,2.0,,12.0,1.0,8.0,,2.0,6.0,62.0,49.0,33.0,,,,,,,66.0,13.0,11.0,1.0,1.0,1,1.0,1,0,1,,15.0,3.0,3.0,3.0,,11.0,,149.0,33.4,0.0,0,0,5.0,4.0,6.0,34.0,,1.0,260.0,8.0,21.0,,2.0,17.0,0.0
Sunderland_56,2013-14,694923,3,2013-08-31 17:30:00,"Selhurst Park, London",22671,Away,Sunderland,Crystal Palace,L,315.0,32.0,22.0,,,,,,12.0,6.0,14.0,,6.0,18.0,80.0,62.0,33.0,,,,,,,82.0,7.0,6.0,1.0,1.0,3,3.0,1,1,0,,7.0,5.0,2.0,3.0,,23.0,,161.0,50.0,0.0,0,1,4.0,2.0,7.0,33.0,,1.0,407.0,10.0,24.0,,6.0,18.0,0.0
Sunderland_56,2013-14,694938,4,2013-09-14 15:00:00,"Stadium of Light, Sunderland",39055,Home,Sunderland,Arsenal,L,207.0,19.0,17.0,1.0,,,,1.0,13.0,6.0,6.0,,6.0,9.0,52.0,54.0,22.0,,,,,,,60.0,13.0,10.0,,1.0,3,3.0,1,1,0,1.0,11.0,6.0,3.0,4.0,,26.0,1.0,122.0,30.6,0.0,0,0,3.0,9.0,13.0,22.0,,4.0,279.0,18.0,25.0,19.0,6.0,16.0,0.0
Sunderland_56,2013-14,694948,5,2013-09-21 15:00:00,"The Hawthorns, West Bromwich",24595,Away,Sunderland,West Brom,L,319.0,11.0,15.0,,,1.0,1.0,,13.0,5.0,8.0,,6.0,12.0,41.0,49.0,23.0,,,,,,,63.0,12.0,9.0,,,3,3.0,0,1,0,,9.0,3.0,,3.0,,22.0,,137.0,45.9,0.0,0,0,1.0,2.0,5.0,23.0,,,400.0,7.0,23.0,,6.0,20.0,0.0
Sunderland_56,2013-14,694958,6,2013-09-29 16:00:00,"Stadium of Light, Sunderland",41415,Home,Sunderland,Liverpool,L,278.0,15.0,14.0,,2.0,1.0,1.0,1.0,12.0,7.0,8.0,,10.0,12.0,49.0,52.0,26.0,,,,,,,67.0,9.0,10.0,,1.0,3,3.0,1,2,0,1.0,6.0,9.0,5.0,4.0,,15.0,,144.0,46.3,0.0,0,0,4.0,11.0,14.0,26.0,,4.0,348.0,23.0,23.0,,10.0,17.0,0.0
Sunderland_56,2013-14,694968,7,2013-10-05 17:30:00,"Stadium of Light, Sunderland",45426,Home,Sunderland,Man Utd,L,230.0,19.0,13.0,,,1.0,1.0,1.0,21.0,3.0,16.0,,4.0,17.0,65.0,57.0,27.0,,,,,,,72.0,15.0,11.0,,1.0,2,2.0,1,0,1,,12.0,2.0,2.0,2.0,,23.0,,166.0,37.5,0.0,0,0,4.0,1.0,3.0,27.0,,1.0,338.0,6.0,22.0,,4.0,16.0,0.0
Sunderland_56,2013-14,694978,8,2013-10-19 15:00:00,"Swansea.com Stadium, Swansea",20245,Away,Sunderland,Swansea,L,270.0,9.0,9.0,,1.0,1.0,2.0,,9.0,,4.0,,2.0,5.0,35.0,48.0,16.0,,,,,,,48.0,13.0,12.0,,,4,4.0,0,0,0,,18.0,1.0,1.0,2.0,2.0,11.0,,117.0,36.1,0.0,0,0,4.0,5.0,5.0,16.0,,5.0,347.0,6.0,20.0,,2.0,14.0,0.0
Sunderland_56,2013-14,694988,9,2013-10-27 13:30:00,"Stadium of Light, Sunderland",46313,Home,Sunderland,Newcastle,W,236.0,30.0,24.0,,,1.0,,1.0,18.0,1.0,8.0,,5.0,5.0,57.0,59.0,42.0,,,,,,,54.0,13.0,14.0,2.0,2.0,1,1.0,2,0,1,,13.0,3.0,4.0,3.0,,16.0,,155.0,48.3,0.0,0,0,4.0,3.0,5.0,42.0,,4.0,341.0,8.0,16.0,,5.0,14.0,0.0
Sunderland_56,2013-14,694994,10,2013-11-02 15:00:00,"The MKM Stadium, Hull",24677,Away,Sunderland,Hull,L,171.0,16.0,21.0,,2.0,1.0,1.0,,11.0,2.0,5.0,,2.0,10.0,42.0,54.0,42.0,,,,,,,62.0,11.0,17.0,,,1,1.0,0,1,0,,7.0,3.0,1.0,11.0,1.0,18.0,,123.0,30.0,0.0,0,2,2.0,6.0,6.0,42.0,,,263.0,9.0,18.0,6.0,2.0,12.0,0.0
Sunderland_56,2013-14,695008,11,2013-11-10 14:05:00,"Stadium of Light, Sunderland",40137,Home,Sunderland,Man City,W,298.0,12.0,14.0,,,,,,8.0,1.0,6.0,1.0,,7.0,34.0,48.0,37.0,,,,,,,45.0,6.0,13.0,1.0,1.0,0,,1,0,1,,18.0,3.0,2.0,8.0,,9.0,,119.0,36.9,0.0,0,0,4.0,2.0,4.0,37.0,,,378.0,5.0,18.0,,,11.0,0.0
Sunderland_56,2013-14,695017,12,2013-11-23 15:00:00,"bet365 Stadium, Stoke",26007,Away,Sunderland,Stoke,L,392.0,22.0,12.0,,1.0,1.0,1.0,,7.0,5.0,6.0,,7.0,8.0,48.0,36.0,24.0,,1.0,,,,,54.0,5.0,10.0,,,2,2.0,0,1,0,,7.0,6.0,3.0,5.0,,16.0,,129.0,50.1,0.0,0,1,3.0,3.0,9.0,24.0,,2.0,459.0,11.0,6.0,,7.0,5.0,0.0
Sunderland_56,2013-14,695021,13,2013-11-30 15:00:00,"Villa Park, Birmingham",33036,Away,Sunderland,Aston Villa,D,319.0,17.0,21.0,,,1.0,1.0,,13.0,1.0,7.0,1.0,6.0,6.0,43.0,55.0,23.0,,,,,,,57.0,12.0,13.0,,,0,,0,0,0,1.0,9.0,1.0,1.0,2.0,,14.0,,150.0,49.1,0.0,0,0,4.0,5.0,4.0,23.0,,5.0,419.0,7.0,15.0,,6.0,11.0,0.0
Sunderland_56,2013-14,695037,14,2013-12-04 19:45:00,"Stadium of Light, Sunderland",40652,Home,Sunderland,Chelsea,L,292.0,18.0,11.0,,2.0,,,1.0,12.0,5.0,21.0,,6.0,13.0,70.0,47.0,20.0,,,,,,,60.0,15.0,14.0,1.0,3.0,4,4.0,3,2,1,,9.0,4.0,3.0,2.0,1.0,17.0,,155.0,45.0,0.0,0,0,2.0,4.0,5.0,20.0,,,391.0,12.0,17.0,,6.0,15.0,0.0
Sunderland_56,2013-14,695048,15,2013-12-07 17:30:00,"Stadium of Light, Sunderland",37963,Home,Sunderland,Spurs,L,337.0,16.0,20.0,,1.0,,,1.0,10.0,2.0,11.0,,4.0,11.0,60.0,59.0,13.0,,,,,,,55.0,14.0,9.0,,1.0,2,2.0,1,1,1,,12.0,4.0,4.0,8.0,1.0,17.0,,141.0,47.0,0.0,0,0,4.0,5.0,9.0,13.0,,2.0,419.0,11.0,28.0,,4.0,25.0,0.0
Sunderland_56,2013-14,695060,16,2013-12-14 15:00:00,"Boleyn Ground, London",31843,Away,Sunderland,West Ham,D,343.0,31.0,20.0,,,1.0,1.0,,9.0,7.0,16.0,1.0,9.0,16.0,74.0,58.0,15.0,,,,,,,63.0,5.0,11.0,,,0,,0,0,0,1.0,11.0,11.0,6.0,1.0,,14.0,,151.0,58.7,0.0,0,0,2.0,6.0,16.0,15.0,,1.0,419.0,19.0,22.0,,9.0,17.0,0.0
Sunderland_56,2013-14,695068,17,2013-12-21 15:00:00,"Stadium of Light, Sunderland",37778,Home,Sunderland,Norwich,D,408.0,16.0,19.0,,2.0,1.0,2.0,,8.0,4.0,6.0,1.0,6.0,16.0,56.0,51.0,14.0,,,,,,,73.0,13.0,10.0,,,0,,0,0,0,1.0,8.0,6.0,4.0,4.0,,26.0,,145.0,58.8,0.0,0,1,5.0,10.0,14.0,14.0,,1.0,489.0,18.0,12.0,,6.0,11.0,0.0
Sunderland_56,2013-14,695074,18,2013-12-26 15:00:00,"Goodison Park, Liverpool",39193,Away,Sunderland,Everton,W,324.0,14.0,17.0,1.0,1.0,1.0,2.0,1.0,10.0,1.0,12.0,1.0,2.0,8.0,44.0,50.0,26.0,,,,,,,45.0,7.0,11.0,,1.0,0,,1,0,1,,11.0,5.0,6.0,6.0,,12.0,1.0,99.0,45.3,0.0,1,0,8.0,6.0,10.0,26.0,,1.0,383.0,13.0,17.0,,2.0,12.0,0.0
Sunderland_56,2013-14,695082,19,2013-12-28 17:30:00,"Cardiff City Stadium, Cardiff",27247,Away,Sunderland,Cardiff,D,378.0,12.0,9.0,,2.0,2.0,2.0,1.0,10.0,6.0,6.0,,6.0,10.0,40.0,37.0,15.0,1.0,1.0,,,,,58.0,10.0,13.0,2.0,2.0,2,2.0,2,1,0,,7.0,12.0,9.0,2.0,,26.0,,145.0,55.9,0.0,0,0,5.0,6.0,15.0,15.0,,2.0,465.0,21.0,13.0,,6.0,10.0,0.0
Sunderland_56,2013-14,695098,20,2014-01-01 15:00:00,"Stadium of Light, Sunderland",39757,Home,Sunderland,Aston Villa,L,455.0,10.0,10.0,,,1.0,1.0,,11.0,8.0,7.0,,10.0,14.0,42.0,47.0,9.0,1.0,1.0,,,,,70.0,8.0,10.0,,,1,1.0,0,1,0,,5.0,8.0,1.0,4.0,,21.0,,134.0,64.8,0.0,0,0,3.0,8.0,16.0,9.0,,4.0,523.0,17.0,17.0,,10.0,13.0,0.0
Sunderland_56,2013-14,695104,21,2014-01-11 15:00:00,"Craven Cottage, London",25564,Away,Sunderland,Fulham,W,245.0,13.0,13.0,1.0,3.0,2.0,1.0,2.0,9.0,1.0,8.0,,6.0,10.0,50.0,51.0,24.0,,1.0,,,,,53.0,12.0,15.0,2.0,4.0,1,1.0,4,0,2,,7.0,3.0,6.0,1.0,,8.0,1.0,129.0,41.1,0.0,0,0,4.0,3.0,6.0,24.0,,,321.0,10.0,18.0,,6.0,16.0,0.0
Sunderland_56,2013-14,695117,22,2014-01-18 12:45:00,"Stadium of Light, Sunderland",38115,Home,Sunderland,Southampton,D,209.0,22.0,23.0,,,1.0,1.0,1.0,8.0,4.0,7.0,,4.0,11.0,52.0,57.0,22.0,,2.0,,,,,61.0,8.0,8.0,2.0,2.0,2,2.0,2,2,1,,16.0,7.0,5.0,3.0,,15.0,,168.0,36.5,0.0,0,0,6.0,1.0,8.0,22.0,,5.0,307.0,10.0,23.0,,4.0,18.0,0.0
Sunderland_56,2013-14,695127,23,2014-01-29 19:45:00,"Stadium of Light, Sunderland",34745,Home,Sunderland,Stoke,W,329.0,23.0,14.0,,1.0,1.0,1.0,1.0,12.0,4.0,6.0,1.0,2.0,17.0,69.0,64.0,32.0,,1.0,,,,,59.0,16.0,14.0,,1.0,0,,1,0,1,,7.0,7.0,6.0,3.0,,12.0,,126.0,48.1,0.0,1,0,6.0,6.0,13.0,32.0,,1.0,402.0,16.0,23.0,,3.0,16.0,0.0
Sunderland_56,2013-14,695137,24,2014-02-01 12:45:00,"St. James' Park, Newcastle",52280,Away,Sunderland,Newcastle,W,234.0,26.0,18.0,1.0,4.0,2.0,1.0,3.0,17.0,3.0,5.0,1.0,3.0,14.0,66.0,59.0,28.0,,,,,,,53.0,13.0,18.0,1.0,3.0,0,,3,0,2,1.0,7.0,6.0,5.0,8.0,,10.0,1.0,146.0,49.0,0.0,0,0,9.0,8.0,13.0,28.0,,,316.0,16.0,16.0,,3.0,14.0,0.0
Sunderland_56,2013-14,695148,25,2014-02-08 15:00:00,"Stadium of Light, Sunderland",42810,Home,Sunderland,Hull,L,322.0,23.0,8.0,,1.0,,,,12.0,2.0,9.0,,2.0,5.0,56.0,41.0,21.0,,,,,,,59.0,12.0,16.0,,,2,2.0,0,1,0,,15.0,2.0,3.0,4.0,,13.0,,131.0,43.8,0.0,0,1,7.0,2.0,3.0,21.0,,1.0,408.0,7.0,10.0,,2.0,8.0,0.0
Sunderland_56,2013-14,695159,26,2014-04-16 19:45:00,"Etihad Stadium, Manchester",47046,Away,Sunderland,Man City,D,338.0,10.0,8.0,,1.0,3.0,2.0,1.0,13.0,,13.0,,6.0,22.0,64.0,57.0,14.0,2.0,,,,,,44.0,10.0,13.0,2.0,2.0,2,2.0,2,1,0,,12.0,3.0,3.0,2.0,,14.0,,136.0,43.2,0.0,0,0,2.0,8.0,11.0,14.0,,1.0,404.0,11.0,20.0,,6.0,16.0,0.0
Sunderland_56,2013-14,695170,27,2014-02-22 15:00:00,"Emirates Stadium, London",60012,Away,Sunderland,Arsenal,L,308.0,12.0,6.0,,2.0,,,,11.0,1.0,8.0,,3.0,10.0,44.0,36.0,19.0,1.0,,,,,,50.0,11.0,10.0,,1.0,4,4.0,1,3,0,,9.0,2.0,3.0,2.0,,22.0,,103.0,35.2,0.0,0,0,5.0,3.0,4.0,19.0,,4.0,372.0,7.0,15.0,22.0,3.0,11.0,0.0
Sunderland_56,2013-14,695178,28,2014-05-07 19:45:00,"Stadium of Light, Sunderland",45181,Home,Sunderland,West Brom,W,339.0,16.0,20.0,,,3.0,1.0,2.0,14.0,3.0,6.0,1.0,5.0,7.0,45.0,52.0,19.0,,,,,,,64.0,14.0,12.0,2.0,2.0,0,,2,0,2,,21.0,7.0,4.0,5.0,,12.0,,147.0,48.3,0.0,0,0,3.0,3.0,10.0,19.0,,,435.0,10.0,15.0,,5.0,11.0,0.0
Sunderland_56,2013-14,695184,29,2014-03-26 20:00:00,"Anfield, Liverpool",44524,Away,Sunderland,Liverpool,L,262.0,16.0,11.0,,1.0,2.0,1.0,1.0,10.0,2.0,14.0,,4.0,11.0,59.0,46.0,17.0,,,,,,,64.0,15.0,5.0,1.0,1.0,2,2.0,1,1,0,1.0,8.0,5.0,4.0,1.0,,13.0,,152.0,39.0,0.0,0,0,5.0,6.0,11.0,17.0,,2.0,349.0,12.0,28.0,,4.0,24.0,0.0
Sunderland_56,2013-14,695198,30,2014-03-15 15:00:00,"Stadium of Light, Sunderland",43636,Home,Sunderland,Crystal Palace,D,323.0,21.0,17.0,,6.0,,,,14.0,5.0,5.0,1.0,6.0,8.0,52.0,56.0,12.0,,1.0,,,,,83.0,16.0,14.0,,,0,,0,0,0,1.0,8.0,4.0,2.0,1.0,,31.0,,169.0,64.5,0.0,0,0,5.0,12.0,11.0,12.0,,3.0,437.0,19.0,18.0,,6.0,16.0,0.0
Sunderland_56,2013-14,695208,31,2014-03-22 15:00:00,"Carrow Road, Norwich",26654,Away,Sunderland,Norwich,L,280.0,9.0,27.0,,2.0,,,,13.0,3.0,6.0,,5.0,7.0,45.0,68.0,24.0,1.0,,,,,,73.0,20.0,15.0,,,2,2.0,0,2,0,,13.0,4.0,2.0,1.0,,17.0,,136.0,45.9,0.0,0,1,6.0,4.0,8.0,24.0,,,368.0,9.0,18.0,,5.0,13.0,0.0
Sunderland_56,2013-14,695218,32,2014-03-31 20:00:00,"Stadium of Light, Sunderland",37396,Home,Sunderland,West Ham,L,356.0,14.0,9.0,,,1.0,2.0,,16.0,5.0,11.0,,8.0,9.0,48.0,52.0,24.0,,,,,,,65.0,11.0,13.0,1.0,1.0,2,2.0,1,1,0,,5.0,9.0,7.0,1.0,,32.0,,151.0,60.6,0.0,0,0,4.0,14.0,19.0,24.0,,1.0,443.0,26.0,25.0,,8.0,23.0,0.0
Sunderland_56,2013-14,695229,33,2014-04-07 20:00:00,"White Hart Lane, London",34410,Away,Sunderland,Spurs,L,231.0,11.0,12.0,,1.0,,,,14.0,1.0,9.0,,2.0,15.0,45.0,44.0,25.0,1.0,,,,,,46.0,8.0,12.0,,1.0,5,5.0,1,1,1,,21.0,2.0,4.0,11.0,,10.0,,134.0,39.1,0.0,0,0,6.0,3.0,4.0,25.0,,4.0,319.0,8.0,17.0,,2.0,15.0,0.0
Sunderland_56,2013-14,695237,34,2014-04-12 15:07:00,"Stadium of Light, Sunderland",38445,Home,Sunderland,Everton,L,249.0,16.0,16.0,,3.0,,,,22.0,11.0,13.0,,6.0,11.0,59.0,55.0,26.0,,1.0,,,,,64.0,17.0,15.0,,,1,1.0,0,0,0,,18.0,13.0,6.0,7.0,1.0,18.0,,136.0,46.6,0.0,0,0,3.0,7.0,19.0,26.0,,3.0,336.0,24.0,14.0,,6.0,14.0,0.0
Sunderland_56,2013-14,695243,35,2014-04-19 17:30:00,"Stamford Bridge, London",41210,Away,Sunderland,Chelsea,W,202.0,20.0,20.0,1.0,,,,2.0,15.0,,19.0,,4.0,9.0,69.0,50.0,46.0,,,,,,,54.0,14.0,11.0,,2.0,1,1.0,2,1,1,,9.0,1.0,3.0,8.0,,7.0,1.0,139.0,38.2,0.0,0,0,14.0,4.0,5.0,46.0,,1.0,289.0,7.0,16.0,,4.0,13.0,0.0
Sunderland_56,2013-14,695258,36,2014-04-27 12:00:00,"Stadium of Light, Sunderland",42397,Home,Sunderland,Cardiff,W,393.0,12.0,11.0,1.0,1.0,2.0,1.0,2.0,9.0,8.0,6.0,1.0,11.0,9.0,45.0,42.0,18.0,,,,,,,68.0,10.0,11.0,3.0,4.0,0,,4,0,2,,8.0,10.0,7.0,1.0,,22.0,1.0,106.0,59.6,0.0,1,0,1.0,6.0,15.0,18.0,,,448.0,21.0,14.0,,11.0,11.0,0.0
Sunderland_56,2013-14,695266,37,2014-05-03 15:00:00,"Old Trafford, Manchester",75347,Away,Sunderland,Man Utd,W,258.0,18.0,12.0,,1.0,,,,17.0,1.0,11.0,1.0,,10.0,55.0,37.0,33.0,,,,,,,49.0,12.0,10.0,1.0,1.0,0,,1,0,1,2.0,22.0,2.0,1.0,2.0,,17.0,,137.0,37.0,0.0,0,0,2.0,6.0,5.0,33.0,,3.0,339.0,8.0,15.0,,,11.0,0.0
Sunderland_56,2013-14,695278,38,2014-05-11 15:00:00,"Stadium of Light, Sunderland",45580,Home,Sunderland,Swansea,L,344.0,8.0,11.0,,2.0,,,,10.0,5.0,6.0,,6.0,16.0,51.0,50.0,25.0,,,,,,,59.0,14.0,15.0,1.0,1.0,3,3.0,1,2,0,,8.0,6.0,4.0,2.0,,19.0,,110.0,53.3,0.0,0,0,1.0,11.0,15.0,25.0,,,401.0,20.0,16.0,,6.0,12.0,0.0
Sunderland_56,2014-15,755311,1,2014-08-16 15:00:00,"The Hawthorns, West Bromwich",25468,Away,Sunderland,West Brom,D,242.0,16.0,15.0,,2.0,2.0,1.0,1.0,15.0,3.0,5.0,,3.0,10.0,48.0,68.0,42.0,,,,,,,40.0,9.0,17.0,1.0,2.0,2,2.0,2,1,1,,22.0,2.0,2.0,,,20.0,,131.0,42.2,0.0,0,0,3.0,2.0,4.0,42.0,,3.0,323.0,7.0,29.0,,3.0,21.0,0.0
Sunderland_56,2014-15,755320,2,2014-08-24 16:00:00,"Stadium of Light, Sunderland",43217,Home,Sunderland,Man Utd,D,363.0,12.0,10.0,,1.0,,,,15.0,2.0,13.0,,4.0,15.0,58.0,53.0,22.0,,1.0,,,,,32.0,10.0,14.0,1.0,1.0,1,1.0,1,1,1,,9.0,5.0,3.0,3.0,,11.0,,116.0,44.7,0.0,0,0,2.0,6.0,10.0,22.0,,1.0,431.0,11.0,17.0,,4.0,13.0,0.0
Sunderland_56,2014-15,755329,3,2014-08-30 15:00:00,"MATRADE Loftus Road, London",17930,Away,Sunderland,QPR,L,442.0,13.0,17.0,,,1.0,1.0,,20.0,5.0,10.0,,6.0,11.0,54.0,55.0,25.0,,1.0,,,,,63.0,9.0,8.0,,,1,1.0,0,1,0,,9.0,8.0,6.0,7.0,,23.0,,127.0,60.3,0.0,0,0,3.0,5.0,12.0,25.0,,,510.0,16.0,21.0,,6.0,13.0,0.0
Sunderland_56,2014-15,755341,4,2014-09-13 15:00:00,"Stadium of Light, Sunderland",40799,Home,Sunderland,Spurs,D,285.0,7.0,12.0,,,,,,14.0,3.0,17.0,,6.0,22.0,70.0,63.0,22.0,1.0,,,,,,48.0,16.0,13.0,1.0,2.0,2,2.0,2,1,1,,13.0,4.0,1.0,6.0,,10.0,,129.0,38.0,0.0,0,0,4.0,3.0,7.0,22.0,,1.0,350.0,7.0,29.0,,6.0,25.0,0.0
Sunderland_56,2014-15,755344,5,2014-09-20 15:00:00,"Turf Moor, Burnley",20026,Away,Sunderland,Burnley,D,398.0,22.0,19.0,,2.0,,,,11.0,2.0,7.0,1.0,1.0,9.0,61.0,53.0,37.0,,,,,,,39.0,14.0,12.0,,,0,,0,0,0,1.0,15.0,7.0,6.0,2.0,,19.0,,130.0,55.7,0.0,0,0,6.0,6.0,11.0,37.0,,1.0,482.0,14.0,11.0,,1.0,9.0,0.0
Sunderland_56,2014-15,755361,6,2014-09-27 15:00:00,"Stadium of Light, Sunderland",41325,Home,Sunderland,Swansea,D,304.0,12.0,9.0,,1.0,2.0,2.0,,9.0,6.0,9.0,1.0,10.0,10.0,52.0,50.0,13.0,,,,,,,48.0,13.0,15.0,,,0,,0,0,0,,14.0,7.0,3.0,,,16.0,,129.0,49.5,0.0,1,0,1.0,6.0,11.0,13.0,,2.0,377.0,15.0,16.0,,10.0,11.0,0.0
Sunderland_56,2014-15,755369,7,2014-10-04 15:00:00,"Stadium of Light, Sunderland",42713,Home,Sunderland,Stoke,W,198.0,22.0,18.0,,1.0,3.0,1.0,2.0,10.0,5.0,10.0,,7.0,15.0,61.0,73.0,18.0,,1.0,,,,,51.0,10.0,17.0,3.0,3.0,1,1.0,3,1,2,,19.0,6.0,3.0,1.0,,9.0,,141.0,39.5,0.0,0,0,4.0,,7.0,18.0,,3.0,285.0,8.0,28.0,,7.0,19.0,0.0
Sunderland_56,2014-15,755380,8,2014-10-18 15:00:00,"St. Mary's Stadium, Southampton",29615,Away,Sunderland,Southampton,L,339.0,9.0,21.0,,6.0,1.0,1.0,,22.0,3.0,6.0,,6.0,13.0,41.0,44.0,25.0,2.0,,,,,,60.0,8.0,10.0,,,8,8.0,0,3,0,,11.0,2.0,1.0,3.0,3.0,15.0,,142.0,47.4,0.0,0,0,4.0,9.0,9.0,25.0,,,428.0,13.0,10.0,,6.0,7.0,0.0
Sunderland_56,2014-15,755388,9,2014-10-25 15:00:00,"Stadium of Light, Sunderland",44449,Home,Sunderland,Arsenal,L,296.0,16.0,15.0,,1.0,,,,15.0,3.0,12.0,,3.0,20.0,68.0,57.0,19.0,2.0,,,,,,66.0,11.0,7.0,,,2,2.0,0,1,0,,14.0,6.0,3.0,2.0,,18.0,,173.0,42.9,0.0,0,0,3.0,5.0,10.0,19.0,,2.0,401.0,11.0,21.0,,3.0,16.0,0.0
Sunderland_56,2014-15,755396,10,2014-11-03 20:00:00,"Selhurst Park, London",23212,Away,Sunderland,Crystal Palace,W,263.0,28.0,27.0,,,1.0,,1.0,11.0,1.0,13.0,,2.0,7.0,72.0,80.0,48.0,,,,,,,53.0,19.0,11.0,3.0,3.0,1,1.0,3,0,1,,18.0,7.0,7.0,5.0,1.0,7.0,,165.0,46.5,0.0,1,0,1.0,,7.0,48.0,,,376.0,8.0,40.0,,2.0,30.0,0.0
Sunderland_56,2014-15,755408,11,2014-11-09 13:30:00,"Stadium of Light, Sunderland",43476,Home,Sunderland,Everton,D,280.0,28.0,17.0,,,,,,15.0,3.0,17.0,,5.0,4.0,66.0,54.0,13.0,,,,,,,48.0,12.0,11.0,,1.0,1,1.0,1,0,0,,15.0,4.0,3.0,3.0,,21.0,,144.0,41.8,0.0,0,0,6.0,4.0,6.0,13.0,,2.0,373.0,10.0,18.0,,5.0,8.0,0.0
Sunderland_56,2014-15,755419,12,2014-11-22 15:00:00,"King Power Stadium, Leicester",31825,Away,Sunderland,Leicester,D,305.0,24.0,21.0,,1.0,1.0,1.0,,9.0,3.0,8.0,1.0,9.0,12.0,58.0,61.0,20.0,,,,,,,60.0,11.0,18.0,,,0,,0,0,0,,8.0,6.0,5.0,2.0,,24.0,,153.0,60.1,0.0,0,0,4.0,3.0,9.0,20.0,,5.0,396.0,11.0,17.0,,9.0,11.0,0.0
Sunderland_56,2014-15,755428,13,2014-11-29 17:30:00,"Stadium of Light, Sunderland",45232,Home,Sunderland,Chelsea,D,239.0,18.0,6.0,,,,2.0,,5.0,4.0,10.0,1.0,2.0,13.0,65.0,52.0,21.0,,,,,,,35.0,13.0,10.0,,,0,,0,0,0,1.0,21.0,4.0,3.0,9.0,,12.0,,123.0,34.0,0.0,0,0,6.0,5.0,7.0,21.0,,,307.0,12.0,22.0,,2.0,15.0,0.0
Sunderland_56,2014-15,755442,14,2014-12-03 19:45:00,"Stadium of Light, Sunderland",41152,Home,Sunderland,Man City,L,322.0,9.0,13.0,,,,,,16.0,5.0,13.0,,2.0,8.0,52.0,50.0,10.0,,,,,,,44.0,9.0,8.0,,1.0,4,4.0,1,2,1,,17.0,3.0,2.0,1.0,,14.0,,142.0,35.5,0.0,0,0,,1.0,4.0,10.0,,1.0,417.0,8.0,17.0,,2.0,12.0,0.0
Sunderland_56,2014-15,755445,15,2014-12-06 15:00:00,"Anfield, Liverpool",44716,Away,Sunderland,Liverpool,D,319.0,16.0,23.0,,,,,,9.0,2.0,17.0,1.0,7.0,20.0,70.0,58.0,38.0,,,,,,,62.0,15.0,11.0,,,0,,0,0,0,,22.0,2.0,1.0,7.0,,13.0,,158.0,46.8,0.0,0,0,2.0,4.0,4.0,38.0,,2.0,412.0,7.0,18.0,,7.0,12.0,0.0
Sunderland_56,2014-15,755460,16,2014-12-13 15:00:00,"Stadium of Light, Sunderland",41694,Home,Sunderland,West Ham,D,355.0,18.0,12.0,1.0,1.0,,1.0,1.0,14.0,5.0,12.0,,6.0,6.0,51.0,48.0,26.0,,1.0,,,,,68.0,11.0,17.0,,1.0,1,1.0,1,1,1,,11.0,4.0,4.0,5.0,,21.0,1.0,144.0,56.9,0.0,0,0,6.0,4.0,7.0,26.0,,2.0,444.0,13.0,14.0,,6.0,11.0,0.0
Sunderland_56,2014-15,755467,17,2014-12-21 13:30:00,"St. James' Park, Newcastle",52315,Away,Sunderland,Newcastle,W,278.0,18.0,15.0,,3.0,3.0,2.0,1.0,21.0,2.0,14.0,1.0,1.0,9.0,60.0,66.0,21.0,,,,,,,53.0,15.0,15.0,1.0,1.0,0,,1,0,0,2.0,15.0,5.0,3.0,,,22.0,,146.0,48.2,0.0,0,0,7.0,11.0,15.0,21.0,,4.0,381.0,16.0,29.0,,1.0,22.0,0.0
Sunderland_56,2014-15,755480,18,2014-12-26 15:00:00,"Stadium of Light, Sunderland",44817,Home,Sunderland,Hull,L,359.0,15.0,15.0,,,,,1.0,15.0,6.0,14.0,,10.0,5.0,54.0,45.0,19.0,1.0,,,,,,52.0,12.0,6.0,,1.0,3,3.0,1,1,1,,13.0,5.0,3.0,4.0,,14.0,,139.0,47.6,0.0,0,0,2.0,3.0,7.0,19.0,,,446.0,12.0,17.0,,10.0,15.0,0.0
Sunderland_56,2014-15,755483,19,2014-12-28 15:00:00,"Villa Park, Birmingham",35436,Away,Sunderland,Aston Villa,D,434.0,8.0,8.0,,,,,,15.0,6.0,6.0,1.0,4.0,15.0,45.0,29.0,27.0,,1.0,,,,,55.0,11.0,4.0,,,0,,0,0,0,1.0,12.0,7.0,3.0,3.0,,23.0,,140.0,51.9,0.0,1,0,3.0,5.0,12.0,27.0,,4.0,510.0,14.0,11.0,,4.0,8.0,0.0
Sunderland_56,2014-15,755496,20,2015-01-01 15:00:00,"Etihad Stadium, Manchester",45367,Away,Sunderland,Man City,L,280.0,14.0,13.0,1.0,,,,1.0,21.0,,8.0,,4.0,7.0,43.0,52.0,16.0,,,,,,,41.0,7.0,12.0,1.0,2.0,3,3.0,2,0,0,,13.0,2.0,4.0,8.0,,7.0,1.0,130.0,36.2,0.0,0,0,9.0,,2.0,16.0,,3.0,373.0,4.0,20.0,,4.0,12.0,0.0
Sunderland_56,2014-15,755510,21,2015-01-10 12:45:00,"Stadium of Light, Sunderland",45369,Home,Sunderland,Liverpool,L,363.0,2.0,5.0,,,,,,16.0,2.0,17.0,,6.0,13.0,55.0,35.0,14.0,,1.0,,,,,47.0,12.0,10.0,,,1,1.0,0,1,0,1.0,15.0,1.0,1.0,7.0,,18.0,,143.0,47.4,0.0,0,1,3.0,2.0,3.0,14.0,,2.0,447.0,5.0,13.0,10.0,6.0,10.0,0.0
Sunderland_56,2014-15,755521,22,2015-01-17 15:00:00,"White Hart Lane, London",35973,Away,Sunderland,Spurs,L,229.0,16.0,15.0,,1.0,1.0,2.0,,14.0,2.0,11.0,,6.0,13.0,56.0,48.0,42.0,,,,,,,41.0,8.0,14.0,,1.0,2,2.0,1,1,1,,12.0,4.0,4.0,11.0,1.0,11.0,,131.0,35.2,0.0,0,0,6.0,2.0,5.0,42.0,,4.0,311.0,8.0,13.0,,6.0,7.0,0.0
Sunderland_56,2014-15,755531,23,2015-01-31 15:00:00,"Stadium of Light, Sunderland",44022,Home,Sunderland,Burnley,W,305.0,16.0,24.0,,,2.0,,2.0,18.0,3.0,3.0,1.0,6.0,13.0,50.0,63.0,34.0,,,,,,,60.0,12.0,12.0,2.0,2.0,0,,2,0,2,,6.0,5.0,3.0,2.0,,17.0,,177.0,49.7,0.0,0,0,4.0,2.0,6.0,34.0,,3.0,425.0,8.0,16.0,,6.0,13.0,0.0
Sunderland_56,2014-15,755540,24,2015-02-07 15:00:00,"Swansea.com Stadium, Swansea",20355,Away,Sunderland,Swansea,D,270.0,15.0,11.0,,,,,,16.0,1.0,7.0,,1.0,12.0,49.0,45.0,24.0,,,,,,,67.0,13.0,11.0,1.0,1.0,1,1.0,1,0,1,,12.0,2.0,1.0,3.0,,13.0,,140.0,40.4,0.0,0,0,6.0,2.0,4.0,24.0,,2.0,369.0,4.0,15.0,,1.0,12.0,0.0
Sunderland_56,2014-15,755552,25,2015-02-10 19:45:00,"Stadium of Light, Sunderland",39077,Home,Sunderland,QPR,L,362.0,14.0,11.0,,,2.0,2.0,,13.0,8.0,14.0,,8.0,16.0,63.0,59.0,11.0,,,,,,,63.0,8.0,12.0,,,2,2.0,0,2,0,1.0,9.0,11.0,6.0,7.0,,15.0,,167.0,52.7,0.0,0,0,2.0,4.0,14.0,11.0,,2.0,465.0,18.0,18.0,,8.0,13.0,0.0
Sunderland_56,2014-15,755560,26,2015-02-21 15:00:00,"Stadium of Light, Sunderland",40943,Home,Sunderland,West Brom,D,348.0,14.0,9.0,,2.0,,,,15.0,5.0,6.0,1.0,11.0,10.0,49.0,46.0,25.0,,,,,,,79.0,11.0,12.0,,,0,,0,0,0,,14.0,6.0,2.0,,,28.0,,176.0,61.9,0.0,0,0,1.0,6.0,11.0,25.0,,3.0,456.0,13.0,15.0,,11.0,8.0,0.0
Sunderland_56,2014-15,755567,27,2015-02-28 15:00:00,"Old Trafford, Manchester",75344,Away,Sunderland,Man Utd,L,155.0,10.0,8.0,,,,,,16.0,,12.0,,1.0,10.0,49.0,42.0,33.0,,,,,,,35.0,11.0,6.0,,,2,2.0,0,0,0,,16.0,3.0,3.0,10.0,,9.0,,116.0,26.6,0.0,0,1,7.0,2.0,5.0,33.0,,2.0,235.0,5.0,22.0,,1.0,19.0,0.0
Sunderland_56,2014-15,755574,28,2015-03-03 19:45:00,"The MKM Stadium, Hull",23017,Away,Sunderland,Hull,D,359.0,14.0,18.0,,,1.0,,1.0,9.0,2.0,8.0,,4.0,6.0,53.0,49.0,29.0,,,,,,,75.0,15.0,8.0,1.0,1.0,1,1.0,1,1,0,,14.0,5.0,3.0,1.0,,20.0,,155.0,58.5,0.0,0,0,5.0,4.0,9.0,29.0,,1.0,475.0,9.0,14.0,,4.0,14.0,0.0
Sunderland_56,2014-15,755590,29,2015-03-14 15:00:00,"Stadium of Light, Sunderland",45746,Home,Sunderland,Aston Villa,L,268.0,16.0,14.0,,,,,,14.0,3.0,14.0,,2.0,7.0,56.0,68.0,11.0,,,,,,,57.0,10.0,9.0,,,4,4.0,0,4,0,1.0,18.0,4.0,2.0,2.0,,15.0,,146.0,40.4,0.0,0,0,4.0,7.0,10.0,11.0,,2.0,368.0,12.0,30.0,,2.0,23.0,0.0
Sunderland_56,2014-15,755602,30,2015-03-21 17:30:00,"Boleyn Ground, London",34914,Away,Sunderland,West Ham,L,212.0,29.0,19.0,,,1.0,1.0,,18.0,1.0,1.0,,4.0,5.0,51.0,59.0,46.0,,,,,,,44.0,11.0,14.0,,,1,1.0,0,0,0,,13.0,4.0,3.0,6.0,,19.0,,164.0,46.1,0.0,0,0,3.0,3.0,6.0,46.0,,1.0,330.0,7.0,22.0,,4.0,18.0,0.0
Sunderland_56,2014-15,755610,31,2015-04-05 16:00:00,"Stadium of Light, Sunderland",47563,Home,Sunderland,Newcastle,W,245.0,21.0,31.0,,2.0,,,,19.0,7.0,12.0,1.0,8.0,8.0,66.0,85.0,22.0,,,,,,,61.0,14.0,18.0,1.0,1.0,0,,1,0,1,1.0,14.0,8.0,4.0,3.0,,19.0,,164.0,53.2,0.0,0,0,1.0,5.0,11.0,22.0,,2.0,346.0,16.0,27.0,,8.0,22.0,0.0
Sunderland_56,2014-15,755618,32,2015-04-11 15:00:00,"Stadium of Light, Sunderland",42073,Home,Sunderland,Crystal Palace,L,304.0,12.0,16.0,,1.0,,,,16.0,4.0,21.0,,8.0,15.0,64.0,70.0,18.0,,,,,,,50.0,15.0,16.0,1.0,1.0,4,4.0,1,0,0,1.0,19.0,4.0,3.0,6.0,,15.0,,156.0,53.7,0.0,0,0,1.0,5.0,9.0,18.0,,,405.0,12.0,28.0,,8.0,19.0,0.0
Sunderland_56,2014-15,755623,33,2015-05-20 19:45:00,"Emirates Stadium, London",59987,Away,Sunderland,Arsenal,D,185.0,14.0,15.0,,,3.0,3.0,,24.0,1.0,22.0,1.0,2.0,8.0,56.0,43.0,41.0,,,,,,,41.0,8.0,6.0,,,0,,0,0,0,1.0,26.0,4.0,3.0,7.0,,11.0,,117.0,24.9,0.0,0,0,8.0,3.0,7.0,41.0,,1.0,273.0,7.0,20.0,,2.0,14.0,0.0
Sunderland_56,2014-15,755641,34,2015-04-25 15:00:00,"bet365 Stadium, Stoke",26706,Away,Sunderland,Stoke,D,195.0,29.0,8.0,,1.0,,1.0,1.0,12.0,2.0,8.0,,8.0,8.0,70.0,47.0,35.0,,,,,,,44.0,15.0,14.0,,1.0,1,1.0,1,1,1,,18.0,4.0,5.0,7.0,,16.0,,141.0,39.5,0.0,0,0,7.0,8.0,9.0,35.0,,1.0,274.0,15.0,18.0,,8.0,11.0,0.0
Sunderland_56,2014-15,755649,35,2015-05-02 15:00:00,"Stadium of Light, Sunderland",39613,Home,Sunderland,Southampton,W,278.0,12.0,14.0,2.0,1.0,,,2.0,25.0,2.0,14.0,,1.0,13.0,57.0,55.0,26.0,1.0,1.0,,,,,51.0,12.0,13.0,,2.0,1,1.0,2,1,1,,26.0,3.0,6.0,3.0,,13.0,2.0,150.0,43.7,0.0,1,0,1.0,4.0,6.0,26.0,,3.0,374.0,12.0,19.0,,1.0,16.0,0.0
Sunderland_56,2014-15,755657,36,2015-05-09 12:45:00,"Goodison Park, Liverpool",38246,Away,Sunderland,Everton,W,146.0,8.0,13.0,,,,,1.0,12.0,3.0,15.0,1.0,1.0,8.0,47.0,56.0,41.0,,,,,,,56.0,9.0,10.0,1.0,2.0,0,,2,0,0,,16.0,4.0,3.0,8.0,,22.0,,125.0,27.0,0.0,0,0,4.0,4.0,6.0,41.0,,1.0,230.0,10.0,25.0,,1.0,18.0,0.0
Sunderland_56,2014-15,755668,37,2015-05-16 15:00:00,"Stadium of Light, Sunderland",46705,Home,Sunderland,Leicester,D,190.0,21.0,34.0,,1.0,1.0,1.0,,21.0,5.0,8.0,1.0,8.0,9.0,64.0,77.0,37.0,,,,,,,55.0,14.0,15.0,,,0,,0,0,0,,22.0,5.0,3.0,7.0,,16.0,,173.0,50.6,0.0,0,0,,5.0,10.0,37.0,,2.0,304.0,13.0,23.0,,8.0,18.0,0.0
Sunderland_56,2014-15,755675,38,2015-05-24 15:00:00,"Stamford Bridge, London",41620,Away,Sunderland,Chelsea,L,290.0,8.0,8.0,,,2.0,1.0,1.0,13.0,1.0,21.0,,3.0,6.0,46.0,45.0,23.0,,,,,,,33.0,8.0,11.0,1.0,1.0,3,3.0,1,1,1,,17.0,7.0,9.0,7.0,,11.0,,78.0,35.4,0.0,0,0,5.0,7.0,13.0,23.0,,1.0,342.0,17.0,16.0,,3.0,12.0,0.0
Sunderland_56,2015-16,803167,1,2015-08-08 15:00:00,"King Power Stadium, Leicester",32242,Away,Sunderland,Leicester,L,347.0,16.0,25.0,,,2.0,,2.0,15.0,2.0,6.0,,3.0,14.0,57.0,60.0,13.0,1.0,3.0,,,,,53.0,17.0,12.0,2.0,2.0,4,4.0,2,3,0,,11.0,5.0,5.0,4.0,,31.0,,152.0,56.0,0.0,0,0,4.0,4.0,9.0,14.0,,1.0,442.0,11.0,19.0,,3.0,15.0,0.0
Sunderland_56,2015-16,803179,2,2015-08-15 15:00:00,"Stadium of Light, Sunderland",41379,Home,Sunderland,Norwich,L,267.0,18.0,9.0,,1.0,,,,30.0,1.0,15.0,,6.0,11.0,55.0,52.0,15.0,,1.0,,,,,59.0,7.0,6.0,,1.0,3,3.0,1,2,0,,17.0,1.0,2.0,8.0,,21.0,,168.0,43.9,0.0,0,0,3.0,3.0,4.0,20.0,,2.0,386.0,6.0,31.0,,6.0,24.0,0.0
Sunderland_56,2015-16,803190,3,2015-08-22 15:00:00,"Stadium of Light, Sunderland",39198,Home,Sunderland,Swansea,D,216.0,18.0,22.0,,3.0,,,,6.0,3.0,10.0,,3.0,5.0,51.0,67.0,14.0,,,,,,,49.0,16.0,9.0,1.0,1.0,1,1.0,1,1,0,,14.0,3.0,2.0,4.0,,17.0,,148.0,39.3,0.0,0,0,8.0,5.0,7.0,17.0,,4.0,318.0,10.0,25.0,,3.0,18.0,0.0
Sunderland_56,2015-16,803198,4,2015-08-29 15:00:00,"Villa Park, Birmingham",35399,Away,Sunderland,Aston Villa,D,241.0,29.0,22.0,,,1.0,1.0,,12.0,1.0,15.0,,4.0,12.0,78.0,67.0,30.0,,,,,,,48.0,14.0,8.0,1.0,2.0,2,2.0,2,2,1,,22.0,3.0,3.0,4.0,,15.0,,147.0,38.0,0.0,0,0,4.0,3.0,6.0,39.0,,1.0,329.0,7.0,32.0,,4.0,29.0,0.0
Sunderland_56,2015-16,803211,5,2015-09-13 13:30:00,"Stadium of Light, Sunderland",40303,Home,Sunderland,Spurs,L,220.0,9.0,25.0,,,1.0,1.0,,14.0,5.0,9.0,,6.0,17.0,55.0,65.0,21.0,,2.0,,,,,59.0,11.0,12.0,,,1,1.0,0,0,0,2.0,13.0,5.0,2.0,5.0,,32.0,,166.0,43.9,0.0,0,0,3.0,5.0,10.0,30.0,,2.0,313.0,12.0,22.0,,6.0,18.0,0.0
Sunderland_56,2015-16,803218,6,2015-09-19 15:00:00,"Vitality Stadium, Bournemouth",11271,Away,Sunderland,Bournemouth,L,317.0,18.0,21.0,,1.0,1.0,2.0,,22.0,4.0,17.0,,3.0,11.0,72.0,73.0,14.0,,,,,,,62.0,15.0,13.0,,,2,2.0,0,2,0,,18.0,3.0,2.0,6.0,,18.0,,157.0,46.9,0.0,0,1,3.0,3.0,5.0,18.0,,4.0,416.0,9.0,25.0,,3.0,18.0,0.0
Sunderland_56,2015-16,803230,7,2015-09-26 15:00:00,"Old Trafford, Manchester",75328,Away,Sunderland,Man Utd,L,229.0,8.0,11.0,,3.0,1.0,1.0,,7.0,4.0,11.0,,2.0,10.0,51.0,53.0,11.0,,,,,,,37.0,17.0,12.0,,,3,3.0,0,1,0,,14.0,8.0,4.0,4.0,,14.0,,129.0,33.8,0.0,0,0,4.0,1.0,9.0,18.0,,,311.0,9.0,23.0,,2.0,17.0,0.0
Sunderland_56,2015-16,803241,8,2015-10-03 15:00:00,"Stadium of Light, Sunderland",42932,Home,Sunderland,West Ham,D,280.0,21.0,15.0,,1.0,1.0,1.0,,7.0,4.0,9.0,,1.0,11.0,62.0,52.0,22.0,1.0,,,,,,50.0,14.0,9.0,2.0,2.0,2,2.0,2,1,2,,12.0,6.0,3.0,5.0,,19.0,,137.0,44.1,0.0,0,1,4.0,5.0,9.0,32.0,,2.0,367.0,12.0,25.0,,1.0,21.0,0.0
Sunderland_56,2015-16,803250,9,2015-10-17 15:00:00,"The Hawthorns, West Bromwich",24225,Away,Sunderland,West Brom,L,256.0,29.0,22.0,,2.0,1.0,1.0,,9.0,6.0,8.0,,5.0,6.0,59.0,62.0,34.0,1.0,,,,,,58.0,13.0,10.0,,,1,1.0,0,0,0,,11.0,7.0,2.0,2.0,,28.0,,154.0,43.8,0.0,0,0,1.0,1.0,8.0,43.0,,5.0,352.0,9.0,24.0,,5.0,15.0,0.0
Sunderland_56,2015-16,803256,10,2015-10-25 12:00:00,"Stadium of Light, Sunderland",47653,Home,Sunderland,Newcastle,W,220.0,14.0,17.0,1.0,,2.0,,3.0,15.0,5.0,15.0,1.0,1.0,6.0,60.0,42.0,18.0,,,,,,,75.0,12.0,7.0,2.0,3.0,0,,3,0,1,1.0,14.0,7.0,3.0,5.0,,25.0,1.0,140.0,39.7,0.0,1,0,8.0,1.0,8.0,25.0,,,311.0,9.0,14.0,,1.0,9.0,0.0
Sunderland_56,2015-16,803270,11,2015-11-01 13:30:00,"Goodison Park, Liverpool",36617,Away,Sunderland,Everton,L,254.0,12.0,13.0,,,,1.0,,8.0,5.0,7.0,,1.0,4.0,32.0,50.0,19.0,,,,,,,64.0,5.0,6.0,2.0,2.0,6,6.0,2,2,1,2.0,17.0,10.0,9.0,1.0,1.0,31.0,,111.0,32.6,0.0,0,0,3.0,3.0,12.0,26.0,,2.0,326.0,17.0,19.0,,1.0,13.0,0.0
Sunderland_56,2015-16,803277,12,2015-11-07 15:00:00,"Stadium of Light, Sunderland",41781,Home,Sunderland,Southampton,L,206.0,29.0,24.0,,1.0,,,,15.0,1.0,3.0,,3.0,7.0,55.0,53.0,45.0,,,,,,,77.0,10.0,11.0,,,1,1.0,0,0,0,,17.0,2.0,3.0,4.0,,24.0,,164.0,35.8,0.0,0,0,3.0,5.0,4.0,52.0,,2.0,314.0,9.0,13.0,,3.0,11.0,0.0
Sunderland_56,2015-16,803290,13,2015-11-23 20:00:00,"Selhurst Park, London",24361,Away,Sunderland,Crystal Palace,W,147.0,18.0,20.0,,2.0,1.0,,1.0,17.0,2.0,10.0,1.0,2.0,10.0,54.0,74.0,55.0,,,,,,,55.0,11.0,17.0,1.0,1.0,0,,1,0,0,,12.0,2.0,4.0,4.0,,19.0,,141.0,33.4,0.0,0,0,7.0,6.0,8.0,66.0,,3.0,244.0,12.0,26.0,,2.0,22.0,0.0
Sunderland_56,2015-16,803298,14,2015-11-28 15:00:00,"Stadium of Light, Sunderland",41516,Home,Sunderland,Stoke,W,366.0,12.0,17.0,,2.0,,,,13.0,6.0,15.0,1.0,9.0,2.0,39.0,52.0,10.0,,,,,,,62.0,4.0,9.0,1.0,2.0,0,,2,0,0,,14.0,7.0,5.0,1.0,,51.0,,117.0,48.2,0.0,1,0,3.0,7.0,13.0,14.0,,,436.0,18.0,18.0,,9.0,15.0,0.0
Sunderland_56,2015-16,803309,15,2015-12-05 15:00:00,"Emirates Stadium, London",59937,Away,Sunderland,Arsenal,L,186.0,15.0,16.0,,1.0,3.0,3.0,,16.0,1.0,9.0,,2.0,14.0,54.0,39.0,26.0,,,,,,,54.0,11.0,6.0,,1.0,3,3.0,1,1,1,,20.0,4.0,4.0,6.0,,28.0,,130.0,27.5,0.0,0,0,3.0,6.0,8.0,34.0,,1.0,257.0,11.0,13.0,,2.0,10.0,0.0
Sunderland_56,2015-16,803320,16,2015-12-12 15:00:00,"Stadium of Light, Sunderland",43989,Home,Sunderland,Watford,L,304.0,26.0,12.0,,,1.0,1.0,,20.0,1.0,11.0,,8.0,12.0,61.0,40.0,19.0,,4.0,,,,,78.0,6.0,9.0,,,1,1.0,0,1,0,,17.0,2.0,2.0,4.0,,41.0,,186.0,48.6,0.0,0,0,6.0,11.0,10.0,28.0,,3.0,416.0,14.0,8.0,,8.0,5.0,0.0
Sunderland_56,2015-16,803329,17,2015-12-19 15:00:00,"Stamford Bridge, London",41562,Away,Sunderland,Chelsea,L,194.0,12.0,18.0,,3.0,,,1.0,9.0,2.0,16.0,,2.0,12.0,56.0,68.0,25.0,,1.0,,,,,53.0,12.0,12.0,,1.0,3,3.0,1,2,0,,18.0,3.0,3.0,4.0,,24.0,,128.0,32.8,0.0,0,0,4.0,6.0,7.0,32.0,,3.0,280.0,11.0,27.0,,2.0,18.0,0.0
Sunderland_56,2015-16,803338,18,2015-12-26 15:00:00,"Etihad Stadium, Manchester",54523,Away,Sunderland,Man City,L,238.0,12.0,15.0,,3.0,2.0,2.0,1.0,15.0,,16.0,,1.0,12.0,54.0,49.0,17.0,,,,,,,54.0,11.0,9.0,,1.0,4,4.0,1,3,0,,15.0,2.0,3.0,3.0,,27.0,,117.0,33.6,0.0,0,0,5.0,8.0,8.0,24.0,,1.0,306.0,11.0,20.0,,1.0,16.0,0.0
Sunderland_56,2015-16,803345,19,2015-12-30 19:45:00,"Stadium of Light, Sunderland",45765,Home,Sunderland,Liverpool,L,216.0,22.0,24.0,,1.0,,,,18.0,2.0,8.0,,6.0,12.0,53.0,60.0,26.0,,,,,,,62.0,8.0,14.0,,,1,1.0,0,0,0,,15.0,4.0,3.0,4.0,,19.0,,194.0,42.3,0.0,0,0,5.0,3.0,6.0,46.0,,1.0,326.0,8.0,13.0,,6.0,10.0,0.0
Sunderland_56,2015-16,803352,20,2016-01-02 15:00:00,"Stadium of Light, Sunderland",41535,Home,Sunderland,Aston Villa,W,281.0,15.0,26.0,,,,,,13.0,3.0,13.0,,3.0,11.0,48.0,64.0,21.0,,1.0,,,,,64.0,8.0,13.0,2.0,3.0,1,1.0,3,0,1,,14.0,8.0,5.0,,,26.0,,164.0,44.9,0.0,0,0,2.0,5.0,12.0,33.0,,2.0,381.0,13.0,21.0,,3.0,19.0,0.0
Sunderland_56,2015-16,803364,21,2016-01-13 19:45:00,"Swansea.com Stadium, Swansea",20140,Away,Sunderland,Swansea,W,355.0,8.0,7.0,,,3.0,1.0,3.0,12.0,,11.0,,6.0,6.0,41.0,42.0,22.0,,,,,,,64.0,12.0,9.0,2.0,4.0,2,2.0,4,2,1,1.0,9.0,3.0,4.0,2.0,,32.0,,122.0,48.8,0.0,1,0,3.0,3.0,6.0,33.0,,2.0,430.0,7.0,22.0,,6.0,18.0,0.0
Sunderland_56,2015-16,803378,22,2016-01-16 12:45:00,"White Hart Lane, London",35854,Away,Sunderland,Spurs,L,210.0,17.0,9.0,,,1.0,,1.0,16.0,1.0,9.0,,3.0,14.0,53.0,41.0,28.0,1.0,,,,,,56.0,13.0,8.0,1.0,1.0,4,4.0,1,1,1,,10.0,3.0,2.0,6.0,,17.0,,157.0,33.4,0.0,0,0,7.0,2.0,5.0,33.0,,3.0,316.0,5.0,19.0,,3.0,14.0,0.0
Sunderland_56,2015-16,803383,23,2016-01-23 15:00:00,"Stadium of Light, Sunderland",41367,Home,Sunderland,Bournemouth,D,270.0,13.0,15.0,,2.0,1.0,1.0,,22.0,4.0,7.0,,3.0,12.0,47.0,50.0,24.0,1.0,,,,,,63.0,5.0,9.0,1.0,1.0,1,1.0,1,1,1,,17.0,6.0,5.0,2.0,,34.0,,178.0,42.7,0.0,0,0,4.0,1.0,7.0,37.0,,2.0,377.0,10.0,20.0,,3.0,16.0,0.0
Sunderland_56,2015-16,803396,24,2016-02-02 19:45:00,"Stadium of Light, Sunderland",38852,Home,Sunderland,Man City,L,291.0,19.0,14.0,,2.0,1.0,1.0,,16.0,3.0,19.0,,8.0,18.0,64.0,77.0,34.0,,1.0,,,,,81.0,6.0,15.0,,,1,1.0,0,1,0,1.0,15.0,4.0,3.0,2.0,,44.0,,188.0,49.6,0.0,0,0,1.0,5.0,6.0,39.0,,4.0,411.0,11.0,33.0,,8.0,21.0,0.0
Sunderland_56,2015-16,803408,25,2016-02-06 15:00:00,"Anfield, Liverpool",44179,Away,Sunderland,Liverpool,D,175.0,8.0,14.0,,,1.0,1.0,,14.0,1.0,15.0,,2.0,11.0,49.0,40.0,31.0,1.0,,,,,,56.0,12.0,4.0,1.0,2.0,2,2.0,2,0,0,,16.0,2.0,2.0,4.0,,16.0,,166.0,28.7,0.0,0,0,3.0,4.0,6.0,46.0,,2.0,282.0,7.0,19.0,,2.0,15.0,0.0
Sunderland_56,2015-16,803414,26,2016-02-13 12:45:00,"Stadium of Light, Sunderland",41687,Home,Sunderland,Man Utd,W,158.0,10.0,11.0,,2.0,1.0,1.0,,13.0,6.0,5.0,,6.0,12.0,38.0,49.0,34.0,,,,,,,63.0,7.0,15.0,,2.0,1,1.0,2,1,1,,22.0,7.0,5.0,5.0,,22.0,,151.0,33.7,0.0,0,0,5.0,10.0,12.0,46.0,,2.0,251.0,21.0,16.0,,6.0,11.0,0.0
Sunderland_56,2015-16,803430,27,2016-02-27 12:45:00,"Boleyn Ground, London",34946,Away,Sunderland,West Ham,L,246.0,15.0,17.0,,,1.0,1.0,,18.0,3.0,13.0,,6.0,8.0,50.0,61.0,20.0,1.0,,,,,,74.0,9.0,11.0,,,1,1.0,0,1,0,1.0,15.0,4.0,4.0,,,36.0,,197.0,47.2,0.0,0,0,2.0,6.0,9.0,26.0,,2.0,377.0,13.0,26.0,,6.0,21.0,0.0
Sunderland_56,2015-16,803433,28,2016-03-01 19:45:00,"Stadium of Light, Sunderland",39795,Home,Sunderland,Crystal Palace,D,329.0,18.0,23.0,,1.0,,,,11.0,4.0,10.0,,4.0,9.0,49.0,60.0,16.0,,1.0,,,,,67.0,11.0,14.0,2.0,2.0,2,2.0,2,0,1,,14.0,9.0,6.0,4.0,,38.0,,161.0,59.2,0.0,0,0,3.0,7.0,13.0,22.0,,,427.0,17.0,17.0,,4.0,15.0,0.0
Sunderland_56,2015-16,803450,29,2016-03-05 15:00:00,"St. Mary's Stadium, Southampton",31458,Away,Sunderland,Southampton,D,148.0,23.0,19.0,,3.0,2.0,1.0,1.0,22.0,4.0,10.0,,2.0,7.0,50.0,47.0,29.0,,1.0,,,,,59.0,9.0,8.0,1.0,1.0,1,1.0,1,0,0,1.0,14.0,5.0,3.0,7.0,,31.0,,169.0,34.9,0.0,1,0,4.0,4.0,8.0,37.0,,1.0,265.0,11.0,12.0,,2.0,8.0,0.0
Sunderland_56,2015-16,803454,30,2016-05-11 19:45:00,"Stadium of Light, Sunderland",46454,Home,Sunderland,Everton,W,260.0,14.0,15.0,,1.0,2.0,3.0,2.0,22.0,3.0,7.0,1.0,5.0,16.0,54.0,37.0,30.0,,,,,,,67.0,15.0,6.0,1.0,3.0,0,,3,0,2,,18.0,8.0,8.0,6.0,,24.0,,144.0,37.7,0.0,0,0,6.0,3.0,11.0,34.0,,2.0,352.0,14.0,12.0,,5.0,10.0,0.0
Sunderland_56,2015-16,803470,31,2016-03-20 13:30:00,"St. James' Park, Newcastle",52311,Away,Sunderland,Newcastle,D,198.0,23.0,17.0,,1.0,,,,16.0,3.0,15.0,,5.0,13.0,69.0,66.0,23.0,,,,,,,69.0,7.0,14.0,,1.0,1,1.0,1,0,1,,6.0,4.0,4.0,3.0,,24.0,,160.0,40.1,0.0,0,0,6.0,7.0,10.0,34.0,,1.0,299.0,14.0,25.0,,5.0,17.0,0.0
Sunderland_56,2015-16,803481,32,2016-04-02 15:00:00,"Stadium of Light, Sunderland",45144,Home,Sunderland,West Brom,D,286.0,18.0,16.0,,,2.0,3.0,,11.0,7.0,8.0,1.0,9.0,7.0,49.0,52.0,31.0,,1.0,,,,,62.0,11.0,10.0,,,0,,0,0,0,,19.0,13.0,6.0,1.0,,37.0,,176.0,56.8,0.0,0,0,,9.0,18.0,38.0,,5.0,395.0,22.0,16.0,,9.0,12.0,0.0
Sunderland_56,2015-16,803486,33,2016-04-10 13:30:00,"Stadium of Light, Sunderland",46531,Home,Sunderland,Leicester,L,229.0,20.0,29.0,,1.0,1.0,1.0,,16.0,6.0,22.0,,1.0,14.0,75.0,87.0,47.0,,,,,,,76.0,9.0,9.0,,,2,2.0,0,0,0,,17.0,7.0,1.0,2.0,,28.0,,186.0,44.8,0.0,0,0,5.0,8.0,13.0,66.0,,2.0,339.0,15.0,35.0,,1.0,26.0,0.0
Sunderland_56,2015-16,803497,34,2016-04-16 12:45:00,"Carrow Road, Norwich",27117,Away,Sunderland,Norwich,W,135.0,20.0,26.0,1.0,1.0,3.0,1.0,3.0,16.0,,12.0,1.0,,4.0,51.0,55.0,59.0,,1.0,,,,,67.0,11.0,7.0,2.0,3.0,0,,3,0,1,,9.0,2.0,3.0,8.0,,21.0,1.0,164.0,36.0,0.0,0,0,6.0,5.0,6.0,79.0,,5.0,240.0,8.0,14.0,,,13.0,0.0
Sunderland_56,2015-16,803502,35,2016-04-24 14:05:00,"Stadium of Light, Sunderland",45420,Home,Sunderland,Arsenal,D,168.0,23.0,18.0,,,,,,18.0,3.0,15.0,1.0,7.0,4.0,53.0,41.0,27.0,,,,,,,59.0,10.0,8.0,,,0,,0,0,0,1.0,20.0,2.0,3.0,7.0,,28.0,,153.0,29.8,0.0,0,0,6.0,6.0,4.0,33.0,,5.0,268.0,12.0,13.0,,7.0,8.0,0.0
Sunderland_56,2015-16,803519,36,2016-04-30 15:00:00,"bet365 Stadium, Stoke",27667,Away,Sunderland,Stoke,D,195.0,34.0,17.0,1.0,2.0,,,1.0,12.0,4.0,13.0,,8.0,11.0,72.0,50.0,12.0,,,,,,,57.0,13.0,13.0,,1.0,1,1.0,1,0,0,,9.0,7.0,5.0,2.0,,39.0,1.0,171.0,46.4,0.0,0,0,2.0,5.0,11.0,15.0,,1.0,306.0,14.0,15.0,,8.0,13.0,0.0
Sunderland_56,2015-16,803523,37,2016-05-07 15:00:00,"Stadium of Light, Sunderland",47050,Home,Sunderland,Chelsea,W,199.0,9.0,7.0,,2.0,,,,14.0,7.0,14.0,,3.0,6.0,49.0,38.0,9.0,,,,,,,52.0,11.0,9.0,1.0,3.0,2,2.0,3,2,1,,25.0,6.0,4.0,1.0,,30.0,,132.0,31.4,0.0,1,0,6.0,3.0,8.0,9.0,,6.0,287.0,14.0,15.0,,3.0,13.0,0.0
Sunderland_56,2015-16,803539,38,2016-05-15 15:00:00,"Vicarage Road, Watford",21012,Away,Sunderland,Watford,D,243.0,14.0,12.0,,,1.0,,1.0,10.0,1.0,6.0,,4.0,5.0,40.0,51.0,31.0,,,,,,,74.0,9.0,11.0,2.0,2.0,2,2.0,2,0,1,,11.0,4.0,4.0,4.0,,27.0,,160.0,45.8,0.0,0,0,4.0,1.0,5.0,39.0,,4.0,346.0,6.0,20.0,,4.0,11.0,0.0
Sunderland_56,2016-17,855179,1,2016-08-13 17:30:00,"Etihad Stadium, Manchester",54362,Away,Sunderland,Man City,L,104.0,16.0,21.0,,1.0,2.0,1.0,1.0,15.0,2.0,13.0,,6.0,3.0,46.0,59.0,24.0,,2.0,,,,,43.0,14.0,11.0,1.0,1.0,2,2.0,1,1,0,,12.0,3.0,3.0,4.0,1.0,25.0,,137.0,23.1,0.0,0,0,3.0,2.0,4.0,35.0,,2.0,189.0,7.0,17.0,9.0,6.0,13.0,0.0
Sunderland_56,2016-17,855186,2,2016-08-21 13:30:00,"Stadium of Light, Sunderland",43515,Home,Sunderland,Boro,L,307.0,17.0,18.0,,2.0,,,1.0,27.0,7.0,7.0,,8.0,19.0,63.0,68.0,11.0,,,,,,,66.0,11.0,14.0,,1.0,2,2.0,1,2,0,,15.0,8.0,5.0,3.0,,34.0,,159.0,46.9,0.0,0,0,1.0,6.0,13.0,12.0,,2.0,401.0,18.0,16.0,37.0,8.0,11.0,0.0
Sunderland_56,2016-17,855198,3,2016-08-27 15:00:00,"St. Mary's Stadium, Southampton",30152,Away,Sunderland,Southampton,D,179.0,11.0,20.0,1.0,1.0,1.0,1.0,1.0,16.0,1.0,10.0,,5.0,11.0,45.0,58.0,31.0,1.0,,,,,,70.0,8.0,15.0,,1.0,1,1.0,1,0,0,,16.0,1.0,2.0,4.0,,28.0,1.0,130.0,36.2,0.0,0,0,6.0,2.0,3.0,36.0,,2.0,270.0,5.0,13.0,16.0,5.0,10.0,0.0
Sunderland_56,2016-17,855209,4,2016-09-12 20:00:00,"Stadium of Light, Sunderland",42406,Home,Sunderland,Everton,L,209.0,5.0,12.0,,,,1.0,,9.0,8.0,7.0,,5.0,17.0,51.0,43.0,15.0,,,,,,,52.0,11.0,7.0,,,3,3.0,0,0,0,,16.0,7.0,2.0,3.0,,19.0,,132.0,33.3,0.0,0,0,6.0,1.0,7.0,18.0,,,283.0,11.0,11.0,23.0,5.0,7.0,0.0
Sunderland_56,2016-17,855219,5,2016-09-18 16:30:00,"White Hart Lane, London",31251,Away,Sunderland,Spurs,L,140.0,19.0,10.0,,1.0,2.0,2.0,,8.0,1.0,13.0,,1.0,9.0,63.0,53.0,26.0,1.0,,,,,,43.0,16.0,7.0,,,1,1.0,0,0,0,,15.0,2.0,2.0,7.0,,17.0,,123.0,26.3,0.0,0,1,8.0,3.0,5.0,32.0,,,224.0,6.0,26.0,10.0,1.0,23.0,0.0
Sunderland_56,2016-17,855229,6,2016-09-24 15:00:00,"Stadium of Light, Sunderland",38941,Home,Sunderland,Crystal Palace,L,260.0,20.0,19.0,,,,1.0,2.0,14.0,3.0,12.0,,3.0,12.0,61.0,54.0,29.0,,,,,,,73.0,15.0,12.0,,2.0,3,3.0,2,0,1,,19.0,2.0,4.0,4.0,,31.0,,157.0,44.6,0.0,0,0,1.0,4.0,5.0,39.0,,3.0,360.0,11.0,15.0,21.0,3.0,8.0,0.0
Sunderland_56,2016-17,855237,7,2016-10-01 15:00:00,"Stadium of Light, Sunderland",40043,Home,Sunderland,West Brom,D,328.0,18.0,19.0,,,2.0,1.0,1.0,13.0,1.0,1.0,,6.0,7.0,43.0,55.0,28.0,,,,,,,80.0,7.0,12.0,1.0,1.0,1,1.0,1,1,0,,24.0,3.0,2.0,3.0,,34.0,,149.0,56.0,0.0,0,0,6.0,4.0,6.0,32.0,,2.0,424.0,7.0,17.0,16.0,6.0,13.0,0.0
Sunderland_56,2016-17,855250,8,2016-10-15 15:00:00,"bet365 Stadium, Stoke",27701,Away,Sunderland,Stoke,L,266.0,14.0,13.0,,,,,,8.0,6.0,7.0,,4.0,14.0,50.0,40.0,13.0,,,,,,,73.0,13.0,10.0,,,2,2.0,0,2,0,,14.0,6.0,1.0,8.0,,23.0,,139.0,42.8,0.0,0,0,4.0,4.0,8.0,15.0,,2.0,357.0,11.0,10.0,16.0,4.0,8.0,0.0
Sunderland_56,2016-17,855261,9,2016-10-22 15:00:00,"London Stadium, London",56985,Away,Sunderland,West Ham,L,207.0,13.0,6.0,,1.0,,1.0,,11.0,4.0,18.0,,2.0,8.0,56.0,38.0,27.0,,,,,,,60.0,13.0,10.0,,,1,1.0,0,0,0,,17.0,3.0,2.0,7.0,,19.0,,136.0,35.6,0.0,0,0,2.0,4.0,7.0,33.0,,1.0,296.0,10.0,16.0,14.0,2.0,10.0,0.0
Sunderland_56,2016-17,855268,10,2016-10-29 12:30:00,"Stadium of Light, Sunderland",44322,Home,Sunderland,Arsenal,L,219.0,17.0,14.0,1.0,,,,1.0,9.0,1.0,13.0,,,13.0,57.0,48.0,23.0,,,,,,,65.0,9.0,12.0,,1.0,4,4.0,1,1,0,,9.0,1.0,1.0,2.0,,18.0,1.0,138.0,34.5,0.0,0,0,3.0,1.0,1.0,23.0,,6.0,302.0,3.0,16.0,6.0,,15.0,0.0
Sunderland_56,2016-17,855272,11,2016-11-05 15:00:00,"Vitality Stadium, Bournemouth",11084,Away,Sunderland,Bournemouth,W,163.0,7.0,14.0,1.0,,,,1.0,14.0,5.0,17.0,,2.0,11.0,56.0,55.0,28.0,,,,,,,65.0,17.0,14.0,1.0,2.0,1,1.0,2,1,1,,16.0,8.0,4.0,4.0,,25.0,1.0,126.0,30.2,0.0,0,1,6.0,,8.0,28.0,,2.0,235.0,9.0,18.0,21.0,2.0,16.0,0.0
Sunderland_56,2016-17,855288,12,2016-11-19 15:00:00,"Stadium of Light, Sunderland",41271,Home,Sunderland,Hull,W,295.0,9.0,23.0,,,,,,13.0,4.0,6.0,1.0,2.0,9.0,37.0,47.0,37.0,,2.0,,,,,66.0,9.0,7.0,3.0,3.0,0,,3,0,1,,13.0,6.0,4.0,6.0,,25.0,,117.0,41.3,0.0,0,1,5.0,3.0,9.0,37.0,,1.0,374.0,11.0,12.0,22.0,3.0,8.0,0.0
Sunderland_56,2016-17,855297,13,2016-11-26 15:00:00,"Anfield, Liverpool",53114,Away,Sunderland,Liverpool,L,125.0,11.0,27.0,,1.0,,,,13.0,4.0,7.0,,4.0,10.0,47.0,57.0,48.0,,,,,,,52.0,9.0,5.0,,,2,2.0,0,0,0,,17.0,2.0,1.0,7.0,,18.0,,140.0,22.7,0.0,0,0,5.0,1.0,3.0,48.0,,1.0,205.0,6.0,21.0,10.0,4.0,10.0,0.0
Sunderland_56,2016-17,855308,14,2016-12-03 15:00:00,"Stadium of Light, Sunderland",39725,Home,Sunderland,Leicester,W,323.0,16.0,12.0,,1.0,,,,22.0,6.0,7.0,,3.0,4.0,44.0,53.0,31.0,,,,,,,63.0,8.0,12.0,,2.0,1,1.0,2,0,0,,15.0,8.0,6.0,7.0,,37.0,,141.0,53.5,0.0,0,0,4.0,10.0,15.0,31.0,,1.0,415.0,22.0,13.0,38.0,3.0,11.0,0.0
Sunderland_56,2016-17,855320,15,2016-12-10 15:00:00,"Swansea.com Stadium, Swansea",20453,Away,Sunderland,Swansea,L,211.0,10.0,10.0,,1.0,,,,13.0,5.0,5.0,,4.0,13.0,42.0,43.0,26.0,,,,,,,48.0,8.0,10.0,,,3,3.0,0,0,0,1.0,21.0,4.0,2.0,2.0,,25.0,,146.0,38.3,0.0,0,0,2.0,4.0,7.0,26.0,,2.0,301.0,11.0,16.0,22.0,4.0,12.0,0.0
Sunderland_56,2016-17,855325,16,2016-12-14 19:45:00,"Stadium of Light, Sunderland",41008,Home,Sunderland,Chelsea,L,232.0,16.0,18.0,,1.0,,,,15.0,1.0,14.0,,5.0,12.0,59.0,47.0,36.0,,,,,,,65.0,15.0,9.0,,,1,1.0,0,1,0,,19.0,4.0,3.0,3.0,,23.0,,127.0,33.9,0.0,0,0,5.0,4.0,7.0,36.0,,1.0,314.0,8.0,14.0,14.0,5.0,9.0,0.0
Sunderland_56,2016-17,855338,17,2016-12-17 15:00:00,"Stadium of Light, Sunderland",40267,Home,Sunderland,Watford,W,187.0,18.0,29.0,,1.0,,,1.0,13.0,6.0,9.0,1.0,4.0,9.0,49.0,61.0,44.0,,,,,,,71.0,10.0,9.0,,1.0,0,,1,0,0,,19.0,7.0,2.0,2.0,,28.0,,136.0,42.6,0.0,0,0,4.0,3.0,9.0,44.0,,2.0,275.0,11.0,17.0,28.0,4.0,14.0,0.0
Sunderland_56,2016-17,855348,18,2016-12-26 15:00:00,"Old Trafford, Manchester",75325,Away,Sunderland,Man Utd,L,276.0,5.0,4.0,,,,,,14.0,3.0,11.0,,5.0,7.0,32.0,27.0,31.0,1.0,,,,,,71.0,9.0,6.0,,1.0,3,3.0,1,1,0,,11.0,3.0,4.0,6.0,,26.0,,126.0,37.8,0.0,0,0,6.0,2.0,4.0,31.0,,2.0,365.0,9.0,11.0,11.0,5.0,9.0,0.0
Sunderland_56,2016-17,855353,19,2016-12-31 15:00:00,"Turf Moor, Burnley",21124,Away,Sunderland,Burnley,L,314.0,11.0,18.0,,,,,,10.0,3.0,6.0,,2.0,13.0,47.0,53.0,39.0,,,,,,,79.0,9.0,9.0,1.0,1.0,4,4.0,1,1,0,,13.0,6.0,3.0,2.0,,22.0,,154.0,54.2,0.0,0,0,2.0,5.0,9.0,39.0,,2.0,418.0,11.0,12.0,19.0,2.0,8.0,0.0
Sunderland_56,2016-17,855368,20,2017-01-02 15:00:00,"Stadium of Light, Sunderland",46494,Home,Sunderland,Liverpool,D,199.0,14.0,9.0,2.0,,,,2.0,16.0,5.0,13.0,,2.0,8.0,46.0,43.0,27.0,,,,,,,55.0,10.0,7.0,,2.0,2,2.0,2,1,1,,18.0,5.0,5.0,2.0,,17.0,2.0,133.0,29.3,0.0,0,0,13.0,,5.0,27.0,,3.0,290.0,10.0,21.0,11.0,2.0,15.0,0.0
Sunderland_56,2016-17,855377,21,2017-01-14 15:00:00,"Stadium of Light, Sunderland",42722,Home,Sunderland,Stoke,L,342.0,27.0,10.0,,2.0,1.0,1.0,1.0,17.0,6.0,13.0,,5.0,8.0,67.0,44.0,22.0,1.0,,,,,,78.0,16.0,9.0,1.0,1.0,3,3.0,1,3,1,,11.0,7.0,3.0,5.0,,33.0,,169.0,51.2,0.0,0,0,3.0,4.0,9.0,22.0,,5.0,439.0,13.0,17.0,17.0,5.0,12.0,0.0
Sunderland_56,2016-17,855391,22,2017-01-21 15:00:00,"The Hawthorns, West Bromwich",24380,Away,Sunderland,West Brom,L,360.0,15.0,19.0,,2.0,,,,16.0,4.0,10.0,,4.0,17.0,54.0,56.0,30.0,,1.0,,,,,72.0,12.0,15.0,,,2,2.0,0,2,0,,9.0,6.0,3.0,3.0,,29.0,,143.0,55.6,0.0,0,0,3.0,2.0,7.0,30.0,,1.0,451.0,9.0,17.0,16.0,4.0,12.0,0.0
Sunderland_56,2016-17,855397,23,2017-01-31 19:45:00,"Stadium of Light, Sunderland",40058,Home,Sunderland,Spurs,D,140.0,12.0,19.0,,,,,,15.0,2.0,10.0,1.0,2.0,9.0,41.0,58.0,54.0,,,,,,,53.0,9.0,12.0,,,0,,0,0,0,,8.0,2.0,1.0,7.0,,19.0,,126.0,28.4,0.0,0,0,3.0,,2.0,54.0,,2.0,226.0,3.0,24.0,12.0,2.0,21.0,0.0
Sunderland_56,2016-17,855403,24,2017-02-04 15:00:00,"Selhurst Park, London",25310,Away,Sunderland,Crystal Palace,W,198.0,16.0,13.0,,2.0,,,1.0,7.0,,9.0,1.0,1.0,8.0,46.0,45.0,58.0,,,,,,,53.0,8.0,9.0,2.0,4.0,0,,4,0,4,,12.0,4.0,7.0,5.0,,12.0,,118.0,34.3,0.0,0,0,8.0,3.0,7.0,58.0,,1.0,278.0,10.0,18.0,8.0,1.0,16.0,0.0
Sunderland_56,2016-17,855419,25,2017-02-11 15:00:00,"Stadium of Light, Sunderland",39931,Home,Sunderland,Southampton,L,348.0,9.0,18.0,,,,,,16.0,4.0,6.0,,6.0,16.0,49.0,55.0,25.0,,1.0,,,,,60.0,12.0,15.0,,,4,4.0,0,2,0,,12.0,2.0,1.0,3.0,1.0,24.0,,156.0,46.2,0.0,0,0,5.0,1.0,3.0,25.0,,1.0,448.0,6.0,15.0,14.0,6.0,12.0,0.0
Sunderland_56,2016-17,855424,26,2017-02-25 15:00:00,"Goodison Park, Liverpool",39595,Away,Sunderland,Everton,L,182.0,12.0,19.0,,1.0,,,,9.0,6.0,13.0,,6.0,12.0,57.0,54.0,35.0,,,,,,,54.0,16.0,10.0,,,2,2.0,0,1,0,1.0,12.0,6.0,1.0,3.0,,30.0,,153.0,36.4,0.0,0,0,6.0,3.0,8.0,35.0,,,285.0,10.0,16.0,15.0,6.0,12.0,0.0
Sunderland_56,2016-17,855436,27,2017-03-05 16:00:00,"Stadium of Light, Sunderland",41107,Home,Sunderland,Man City,L,200.0,13.0,9.0,,,,1.0,,9.0,3.0,9.0,,6.0,13.0,48.0,48.0,15.0,,1.0,,,,,58.0,11.0,4.0,,,2,2.0,0,1,0,1.0,18.0,4.0,3.0,2.0,,24.0,,132.0,29.2,0.0,0,0,5.0,5.0,8.0,15.0,,4.0,287.0,11.0,25.0,12.0,6.0,14.0,0.0
Sunderland_56,2016-17,855450,28,2017-04-26 19:45:00,"Riverside Stadium, Middlesbrough",30742,Away,Sunderland,Boro,L,302.0,28.0,39.0,,1.0,,,,16.0,2.0,5.0,,5.0,9.0,55.0,77.0,23.0,,,,,,,75.0,11.0,14.0,,,1,1.0,0,1,0,,17.0,5.0,4.0,1.0,,39.0,,167.0,51.1,0.0,0,0,1.0,4.0,8.0,23.0,,6.0,416.0,10.0,15.0,15.0,5.0,11.0,0.0
Sunderland_56,2016-17,855458,29,2017-03-18 15:00:00,"Stadium of Light, Sunderland",41518,Home,Sunderland,Burnley,D,186.0,31.0,24.0,,2.0,2.0,2.0,,7.0,2.0,7.0,1.0,3.0,5.0,59.0,50.0,51.0,,1.0,,,,,68.0,14.0,7.0,,,0,,0,0,0,,10.0,7.0,5.0,6.0,,26.0,,148.0,44.0,0.0,0,0,3.0,7.0,11.0,51.0,,,297.0,14.0,15.0,15.0,3.0,12.0,0.0
Sunderland_56,2016-17,855471,30,2017-04-01 15:00:00,"Vicarage Road, Watford",20805,Away,Sunderland,Watford,L,208.0,28.0,23.0,,1.0,,,,15.0,6.0,8.0,,9.0,10.0,63.0,47.0,34.0,,,,,,,62.0,8.0,12.0,,,1,1.0,0,0,0,,5.0,8.0,3.0,8.0,,41.0,,151.0,43.3,0.0,0,0,9.0,2.0,9.0,34.0,,,302.0,11.0,9.0,11.0,9.0,7.0,0.0
Sunderland_56,2016-17,855475,31,2017-04-04 19:45:00,"King Power Stadium, Leicester",31757,Away,Sunderland,Leicester,L,223.0,23.0,24.0,,2.0,,,,21.0,4.0,4.0,,6.0,9.0,50.0,55.0,27.0,,,,,,,64.0,13.0,11.0,,,2,2.0,0,0,0,1.0,14.0,4.0,3.0,6.0,,28.0,,152.0,45.3,0.0,0,0,6.0,8.0,10.0,27.0,,3.0,328.0,15.0,18.0,13.0,6.0,13.0,0.0
Sunderland_56,2016-17,855488,32,2017-04-09 13:30:00,"Stadium of Light, Sunderland",43779,Home,Sunderland,Man Utd,L,158.0,19.0,12.0,,,1.0,1.0,,17.0,2.0,12.0,,4.0,9.0,56.0,59.0,24.0,,,,,,,54.0,14.0,20.0,,,3,3.0,0,1,0,,23.0,3.0,4.0,4.0,,29.0,,121.0,29.7,0.0,0,1,6.0,3.0,6.0,24.0,,2.0,237.0,9.0,16.0,14.0,4.0,12.0,0.0
Sunderland_56,2016-17,855498,33,2017-04-15 15:00:00,"Stadium of Light, Sunderland",40168,Home,Sunderland,West Ham,D,285.0,14.0,10.0,,2.0,1.0,1.0,,17.0,4.0,9.0,,7.0,8.0,49.0,44.0,21.0,,,,,,,70.0,14.0,10.0,,2.0,2,2.0,2,1,1,,11.0,5.0,4.0,2.0,,32.0,,131.0,47.6,0.0,1,0,1.0,6.0,8.0,21.0,,2.0,367.0,14.0,17.0,23.0,7.0,14.0,0.0
Sunderland_56,2016-17,855503,34,2017-05-16 19:45:00,"Emirates Stadium, London",59510,Away,Sunderland,Arsenal,L,251.0,18.0,7.0,,,,,,13.0,2.0,9.0,,3.0,5.0,46.0,41.0,32.0,,,,,,,43.0,10.0,11.0,,,2,2.0,0,0,0,,10.0,4.0,2.0,12.0,,22.0,,109.0,37.5,0.0,0,0,11.0,2.0,4.0,32.0,,3.0,336.0,6.0,15.0,11.0,3.0,10.0,0.0
Sunderland_56,2016-17,855518,35,2017-04-29 15:00:00,"Stadium of Light, Sunderland",38394,Home,Sunderland,Bournemouth,L,253.0,16.0,20.0,,1.0,2.0,2.0,,13.0,3.0,9.0,,6.0,12.0,51.0,63.0,20.0,,,,,,,61.0,13.0,8.0,,,1,1.0,0,0,0,,17.0,5.0,5.0,5.0,,35.0,,142.0,40.9,0.0,0,0,5.0,9.0,11.0,20.0,,4.0,338.0,17.0,27.0,28.0,6.0,19.0,0.0
Sunderland_56,2016-17,855526,36,2017-05-06 15:00:00,"The MKM Stadium, Hull",22480,Away,Sunderland,Hull,W,220.0,8.0,20.0,,2.0,4.0,2.0,2.0,15.0,1.0,4.0,1.0,4.0,7.0,32.0,56.0,27.0,,,,,,,63.0,8.0,10.0,2.0,2.0,0,,2,0,0,,13.0,3.0,5.0,6.0,,28.0,,138.0,40.5,0.0,0,0,5.0,6.0,9.0,27.0,,4.0,317.0,12.0,16.0,23.0,4.0,11.0,0.0
Sunderland_56,2016-17,855538,37,2017-05-13 15:00:00,"Stadium of Light, Sunderland",38781,Home,Sunderland,Swansea,L,364.0,16.0,9.0,,1.0,,1.0,,12.0,3.0,2.0,,8.0,13.0,45.0,43.0,18.0,1.0,,,,,,72.0,13.0,5.0,,,2,2.0,0,2,0,,10.0,4.0,4.0,,,33.0,,132.0,52.8,0.0,0,0,1.0,6.0,8.0,18.0,,2.0,441.0,13.0,21.0,16.0,8.0,16.0,0.0
Sunderland_56,2016-17,855544,38,2017-05-21 15:00:00,"Stamford Bridge, London",41618,Away,Sunderland,Chelsea,L,211.0,10.0,5.0,,2.0,,,1.0,11.0,2.0,12.0,,1.0,12.0,53.0,39.0,35.0,2.0,,,,,,40.0,15.0,8.0,,1.0,5,5.0,1,1,1,,14.0,2.0,3.0,8.0,,11.0,,90.0,29.5,0.0,0,0,3.0,2.0,3.0,35.0,,1.0,269.0,7.0,17.0,4.0,1.0,12.0,0.0
Sunderland_56,2025-26,2561899,1,2025-08-16 15:00:00,"Stadium of Light, Sunderland",46233.0,Home,Sunderland,West Ham,W,250.0,19.0,18.0,0.0,,1.0,2.0,,6.0,1.0,7.0,1.0,5.0,6.0,46.0,42.0,32.0,,1.0,0.315043,0.7534,1.6411,0.3685,48.0,8.0,10.0,2.0,3.0,0,0.0,3,0,0,,9.0,4.0,5.0,6.0,0.0,18.0,,113.0,37.2,0.0,0,0,4.0,4.0,7.0,32.0,105329.91,,323.0,10.0,14.0,15.0,5.0,5.0,0.0
Sunderland_56,2025-26,2561908,2,2025-08-23 15:00:00,"Turf Moor, Burnley",21285.0,Away,Sunderland,Burnley,L,530.0,15.0,19.0,0.0,1.0,2.0,2.0,,9.0,5.0,3.0,,3.0,15.0,45.0,48.0,27.0,,,0.609293,0.7732,0.6952,1.5816,68.0,5.0,9.0,,0.0,2,2.0,0,0,0,,7.0,4.0,1.0,1.0,0.0,35.0,,144.0,58.1,0.0,0,0,,3.0,7.0,27.0,111840.71,2.0,616.0,9.0,18.0,17.0,3.0,8.0,0.0
Sunderland_56,2025-26,2561922,3,2025-08-30 15:00:00,"Stadium of Light, Sunderland",46267.0,Home,Sunderland,Brentford,W,340.0,22.0,24.0,1.0,,1.0,,2.0,3.0,3.0,8.0,,3.0,6.0,49.0,65.0,34.0,,,0.414421,1.5429,1.0843,1.45,70.0,11.0,10.0,1.0,2.0,1,1.0,2,0,0,,7.0,2.0,3.0,1.0,0.0,32.0,1.0,120.0,54.1,0.0,0,0,3.0,6.0,5.0,34.0,108057.67,1.0,419.0,12.0,28.0,16.0,3.0,14.0,0.0
Sunderland_56,2025-26,2561929,4,2025-09-13 15:00:00,"Selhurst Park, London",25154.0,Away,Sunderland,Crystal Palace,D,310.0,14.0,21.0,0.0,1.0,,,,4.0,2.0,2.0,1.0,3.0,3.0,33.0,53.0,34.0,,,0.506746,0.3619,,1.3646,60.0,8.0,9.0,,0.0,0,0.0,0,0,0,,10.0,2.0,,4.0,0.0,32.0,,120.0,44.1,0.0,0,0,6.0,4.0,6.0,34.0,108474.36,2.0,386.0,6.0,13.0,17.0,3.0,9.0,0.0
Sunderland_56,2025-26,2561942,5,2025-09-21 14:00:00,"Stadium of Light, Sunderland",46261.0,Home,Sunderland,Aston Villa,D,151.0,17.0,14.0,0.0,2.0,1.0,1.0,1.0,8.0,4.0,,,6.0,11.0,40.0,47.0,34.0,1.0,1.0,0.398194,1.036,0.9853,0.1524,41.0,14.0,8.0,1.0,1.0,1,1.0,1,0,0,1.0,8.0,6.0,4.0,6.0,0.0,22.0,,104.0,28.6,0.0,0,1,1.0,6.0,10.0,34.0,99990.33,,218.0,14.0,20.0,16.0,6.0,13.0,0.0
Sunderland_56,2025-26,2561953,6,2025-09-27 17:30:00,"The City Ground, Nottingham",30226.0,Away,Sunderland,Nott'm Forest,W,258.0,15.0,13.0,0.0,3.0,2.0,2.0,1.0,8.0,3.0,9.0,1.0,4.0,11.0,46.0,40.0,42.0,,1.0,0.708652,1.6563,1.3864,1.6927,42.0,6.0,10.0,1.0,1.0,0,0.0,1,0,1,,6.0,5.0,3.0,6.0,0.0,24.0,,109.0,35.4,0.0,0,0,6.0,5.0,5.0,42.0,112234.45,1.0,318.0,11.0,10.0,21.0,4.0,7.0,0.0
Sunderland_56,2025-26,2561962,7,2025-10-04 15:00:00,"Old Trafford, Manchester",74004.0,Away,Sunderland,Man Utd,L,341.0,14.0,20.0,0.0,,2.0,2.0,,9.0,1.0,7.0,,3.0,8.0,48.0,61.0,31.0,,1.0,0.362395,0.7097,0.9379,2.0742,48.0,12.0,9.0,,0.0,2,2.0,0,2,0,,10.0,3.0,3.0,2.0,0.0,30.0,1.0,143.0,49.8,0.0,0,0,4.0,4.0,6.0,31.0,116635.23,2.0,428.0,8.0,21.0,14.0,3.0,9.0,0.0
Sunderland_56,2025-26,2561972,8,2025-10-18 15:00:00,"Stadium of Light, Sunderland",46578.0,Home,Sunderland,Wolves,W,248.0,34.0,27.0,0.0,,2.0,1.0,1.0,6.0,3.0,7.0,1.0,2.0,6.0,60.0,60.0,36.0,,2.0,0.429548,0.6471,0.2218,0.2698,47.0,5.0,12.0,1.0,2.0,0,0.0,2,0,1,1.0,7.0,4.0,2.0,4.0,0.0,30.0,,141.0,41.2,0.0,0,0,3.0,3.0,7.0,36.0,112199.85,2.0,341.0,8.0,14.0,17.0,3.0,9.0,0.0
Sunderland_56,2025-26,2561979,9,2025-10-25 15:00:00,"Stamford Bridge, London",39489.0,Away,Sunderland,Chelsea,W,230.0,10.0,17.0,0.0,1.0,1.0,1.0,1.0,5.0,4.0,9.0,,1.0,5.0,40.0,48.0,33.0,,,0.417485,1.3077,1.5775,0.9874,55.0,13.0,15.0,1.0,2.0,1,1.0,2,1,1,,8.0,5.0,4.0,4.0,0.0,23.0,,99.0,31.6,0.0,0,0,6.0,2.0,6.0,33.0,112497.35,2.0,293.0,10.0,14.0,17.0,1.0,8.0,0.0
Sunderland_56,2025-26,2561992,10,2025-11-03 20:00:00,"Stadium of Light, Sunderland",41476.0,Home,Sunderland,Everton,D,449.0,20.0,19.0,0.0,3.0,1.0,1.0,,7.0,7.0,6.0,,4.0,3.0,50.0,52.0,21.0,,,1.07415,1.2246,1.3733,0.736,80.0,10.0,12.0,1.0,1.0,1,1.0,1,1,0,,5.0,8.0,3.0,3.0,0.0,39.0,,143.0,60.7,0.0,0,0,1.0,7.0,13.0,21.0,109771.03,2.0,529.0,17.0,14.0,29.0,4.0,10.0,0.0
Sunderland_56,2025-26,2562002,11,2025-11-08 17:30:00,"Stadium of Light, Sunderland",46799.0,Home,Sunderland,Arsenal,D,226.0,31.0,21.0,0.0,1.0,1.0,,2.0,5.0,2.0,8.0,,2.0,7.0,60.0,50.0,39.0,1.0,1.0,0.332842,0.4357,0.8198,1.3769,43.0,13.0,13.0,1.0,2.0,2,2.0,2,0,1,,6.0,3.0,2.0,4.0,0.0,28.0,,109.0,35.2,0.0,0,0,5.0,2.0,5.0,39.0,109501.67,2.0,287.0,6.0,16.0,14.0,2.0,8.0,0.0
Sunderland_56,2025-26,2562009,12,2025-11-22 15:00:00,"Craven Cottage, London",27560.0,Away,Sunderland,Fulham,L,299.0,12.0,14.0,0.0,,,,,6.0,1.0,2.0,,4.0,8.0,36.0,43.0,25.0,,1.0,0.566845,0.174,0.1832,1.2667,51.0,13.0,5.0,,0.0,1,1.0,0,0,0,,9.0,3.0,2.0,6.0,0.0,22.0,,127.0,43.1,0.0,0,0,4.0,1.0,4.0,25.0,110724.16,3.0,373.0,4.0,21.0,22.0,4.0,9.0,0.0
Sunderland_56,2025-26,2562022,13,2025-11-29 15:00:00,"Stadium of Light, Sunderland",46973.0,Home,Sunderland,Bournemouth,W,240.0,15.0,21.0,1.0,2.0,1.0,1.0,1.0,5.0,2.0,3.0,,6.0,5.0,50.0,56.0,26.0,2.0,1.0,0.657495,1.2772,1.8154,2.9543,58.0,14.0,12.0,2.0,3.0,2,2.0,3,2,1,,8.0,6.0,6.0,4.0,0.0,34.0,1.0,148.0,42.5,0.0,1,0,4.0,4.0,10.0,26.0,116032.94,1.0,334.0,12.0,14.0,29.0,6.0,8.0,0.0
Sunderland_56,2025-26,2562031,14,2025-12-03 20:15:00,"Anfield, Liverpool",60414.0,Away,Sunderland,Liverpool,D,218.0,18.0,17.0,0.0,2.0,1.0,1.0,,7.0,1.0,5.0,,3.0,6.0,39.0,44.0,47.0,1.0,2.0,0.314723,0.4208,0.4488,1.0034,43.0,5.0,10.0,1.0,1.0,1,1.0,1,0,0,2.0,9.0,3.0,6.0,10.0,1.0,23.0,,121.0,32.0,0.0,0,0,4.0,2.0,4.0,47.0,112505.92,2.0,304.0,9.0,15.0,16.0,3.0,7.0,0.0
Sunderland_56,2025-26,2562041,15,2025-12-06 15:00:00,"Etihad Stadium, Manchester",52436.0,Away,Sunderland,Man City,L,277.0,11.0,10.0,0.0,,,1.0,,7.0,3.0,11.0,,5.0,2.0,40.0,42.0,28.0,,,0.294619,0.7086,0.5867,2.2269,29.0,10.0,9.0,,0.0,3,3.0,0,2,0,1.0,8.0,3.0,1.0,5.0,0.0,17.0,,108.0,36.1,0.0,0,1,2.0,4.0,5.0,28.0,111794.09,3.0,347.0,8.0,20.0,7.0,5.0,13.0,0.0
Sunderland_56,2025-26,2562053,16,2025-12-14 14:00:00,"Stadium of Light, Sunderland",47158.0,Home,Sunderland,Newcastle,W,302.0,27.0,27.0,0.0,,1.0,1.0,,1.0,2.0,8.0,1.0,3.0,6.0,53.0,54.0,29.0,,,0.420658,0.2959,0.2443,0.286,69.0,10.0,10.0,,1.0,0,0.0,1,0,0,,11.0,2.0,1.0,3.0,0.0,35.0,,145.0,46.6,0.0,0,0,2.0,2.0,4.0,29.0,110421.36,,394.0,5.0,10.0,15.0,3.0,7.0,0.0
Sunderland_56,2025-26,2562057,17,2025-12-20 15:00:00,"American Express Stadium, Falmer",31426.0,Away,Sunderland,Brighton,D,255.0,21.0,20.0,0.0,2.0,1.0,2.0,,6.0,4.0,13.0,1.0,4.0,6.0,59.0,57.0,22.0,,,1.14651,1.3847,0.6288,0.2371,50.0,15.0,10.0,,0.0,0,0.0,0,0,0,1.0,9.0,6.0,6.0,5.0,0.0,29.0,,129.0,43.2,0.0,0,0,4.0,4.0,9.0,22.0,112106.29,1.0,334.0,14.0,25.0,26.0,4.0,15.0,0.0
Sunderland_56,2025-26,2562073,18,2025-12-28 14:00:00,"Stadium of Light, Sunderland",46675.0,Home,Sunderland,Leeds,D,322.0,27.0,20.0,0.0,1.0,2.0,2.0,,12.0,2.0,4.0,,3.0,4.0,52.0,46.0,42.0,,,0.731443,0.7013,0.51,1.2205,45.0,7.0,8.0,1.0,1.0,1,1.0,1,0,1,1.0,5.0,5.0,3.0,6.0,0.0,22.0,,123.0,43.2,0.0,0,0,4.0,3.0,8.0,42.0,112285.43,4.0,393.0,8.0,14.0,21.0,3.0,8.0,0.0
Sunderland_56,2025-26,2562083,19,2026-01-01 20:00:00,"Stadium of Light, Sunderland",46920.0,Home,Sunderland,Man City,D,221.0,9.0,14.0,0.0,,2.0,2.0,,11.0,2.0,16.0,1.0,3.0,15.0,57.0,47.0,31.0,,,0.527424,0.883,0.6132,0.7447,60.0,9.0,6.0,,0.0,0,0.0,0,0,0,,17.0,4.0,4.0,5.0,0.0,21.0,,138.0,32.3,0.0,0,0,4.0,4.0,6.0,31.0,113428.77,,304.0,10.0,18.0,22.0,3.0,15.0,0.0
Sunderland_56,2025-26,2562093,20,2026-01-04 15:00:00,"Tottenham Hotspur Stadium, London",60877.0,Away,Sunderland,Spurs,D,294.0,20.0,27.0,0.0,,,,,8.0,3.0,10.0,,5.0,8.0,51.0,60.0,27.0,,1.0,0.565332,0.4363,1.6161,1.1573,54.0,6.0,9.0,1.0,1.0,1,1.0,1,1,0,1.0,9.0,5.0,3.0,2.0,0.0,44.0,,138.0,51.3,0.0,0,0,3.0,4.0,8.0,27.0,111969.2,2.0,382.0,10.0,17.0,20.0,5.0,13.0,0.0
Sunderland_56,2025-26,2562097,21,2026-01-07 19:30:00,"Gtech Community Stadium, Brentford",17016.0,Away,Sunderland,Brentford,L,314.0,17.0,18.0,0.0,1.0,1.0,2.0,,5.0,4.0,4.0,,4.0,5.0,42.0,41.0,26.0,,3.0,0.600465,1.7221,0.9991,3.1614,55.0,13.0,13.0,,0.0,3,3.0,0,1,0,,10.0,2.0,3.0,3.0,0.0,21.0,1.0,114.0,49.5,0.0,0,0,3.0,4.0,5.0,26.0,106216.92,1.0,389.0,11.0,7.0,21.0,4.0,6.0,0.0
Sunderland_56,2025-26,2562112,22,2026-01-17 15:00:00,"Stadium of Light, Sunderland",47257.0,Home,Sunderland,Crystal Palace,W,365.0,24.0,27.0,0.0,2.0,2.0,2.0,1.0,4.0,1.0,3.0,,3.0,5.0,47.0,59.0,35.0,,1.0,0.569065,1.7126,2.6411,1.0447,62.0,8.0,14.0,1.0,2.0,1,1.0,2,1,1,1.0,11.0,5.0,7.0,2.0,0.0,41.0,,146.0,57.3,0.0,0,0,1.0,5.0,7.0,35.0,105911.72,,456.0,13.0,15.0,18.0,3.0,11.0,0.0
Sunderland_56,2025-26,2562124,23,2026-01-24 12:30:00,"London Stadium, London",62456.0,Away,Sunderland,West Ham,L,335.0,15.0,21.0,0.0,1.0,3.0,2.0,1.0,3.0,1.0,4.0,,3.0,15.0,60.0,44.0,30.0,,1.0,0.323591,0.6697,1.094,1.2161,55.0,16.0,9.0,1.0,1.0,3,3.0,1,3,0,1.0,3.0,2.0,2.0,3.0,0.0,29.0,,135.0,52.9,0.0,0,0,2.0,4.0,5.0,30.0,105724.98,1.0,406.0,7.0,13.0,13.0,3.0,6.0,0.0
Sunderland_56,2025-26,2562132,24,2026-02-02 20:00:00,"Stadium of Light, Sunderland",46370.0,Home,Sunderland,Burnley,W,355.0,15.0,15.0,0.0,2.0,2.0,2.0,1.0,9.0,2.0,1.0,1.0,1.0,9.0,40.0,41.0,25.0,,,0.774451,1.51664,1.3807,,70.0,12.0,9.0,2.0,3.0,0,0.0,3,0,2,,9.0,7.0,5.0,1.0,0.0,19.0,,118.0,44.2,0.0,0,0,,7.0,12.0,25.0,113324.36,,426.0,14.0,9.0,25.0,1.0,7.0,0.0
Sunderland_56,2025-26,2562136,25,2026-02-07 15:00:00,"Emirates Stadium, London",60312.0,Away,Sunderland,Arsenal,L,327.0,17.0,16.0,0.0,3.0,1.0,1.0,,8.0,1.0,6.0,,2.0,9.0,46.0,45.0,30.0,,,0.193428,0.1877,0.5989,1.2315,58.0,8.0,11.0,,0.0,3,3.0,0,1,0,,6.0,3.0,3.0,4.0,0.0,21.0,,127.0,50.7,0.0,0,0,2.0,1.0,4.0,30.0,107352.72,1.0,408.0,5.0,13.0,13.0,2.0,7.0,0.0
Sunderland_56,2025-26,2562152,26,2026-02-11 20:15:00,"Stadium of Light, Sunderland",,Home,Sunderland,Liverpool,L,311.0,22.0,10.0,0.0,,1.0,1.0,,10.0,4.0,10.0,,3.0,3.0,55.0,42.0,39.0,,1.0,0.962728,0.6279,0.5249,1.4428,44.0,8.0,10.0,,0.0,1,1.0,0,0,0,,8.0,5.0,2.0,13.0,0.0,41.0,,115.0,43.1,0.0,0,0,2.0,5.0,9.0,39.0,109251.66,2.0,372.0,11.0,14.0,27.0,3.0,7.0,0.0
Sunderland_56,2025-26,2562162,27,2026-02-22 14:00:00,"Stadium of Light, Sunderland",47222.0,Home,Sunderland,Fulham,L,334.0,16.0,14.0,1.0,,2.0,2.0,1.0,6.0,5.0,3.0,,6.0,13.0,47.0,41.0,25.0,,,0.93883,1.8461,1.016,2.1691,64.0,6.0,13.0,,1.0,3,3.0,1,0,0,,5.0,4.0,2.0,2.0,0.0,32.0,1.0,130.0,53.4,0.0,0,0,1.0,5.0,7.0,25.0,108627.55,1.0,406.0,12.0,12.0,34.0,6.0,5.0,0.0
Sunderland_56,2025-26,2562165,28,2026-02-28 12:30:00,"Vitality Stadium, Bournemouth",11240.0,Away,Sunderland,Bournemouth,D,193.0,25.0,16.0,0.0,1.0,,,1.0,7.0,2.0,12.0,,3.0,5.0,65.0,61.0,46.0,1.0,3.0,0.214079,1.4245,1.2662,1.0597,58.0,12.0,15.0,,1.0,1,1.0,1,0,1,,6.0,3.0,4.0,6.0,0.0,26.0,,160.0,38.0,0.0,0,0,4.0,2.0,4.0,46.0,109485.84,2.0,287.0,8.0,26.0,14.0,3.0,16.0,0.0
Sunderland_56,2025-26,2562180,29,2026-03-03 19:30:00,"Elland Road, Leeds",36713.0,Away,Sunderland,Leeds,W,143.0,24.0,25.0,1.0,,,,1.0,10.0,2.0,3.0,1.0,2.0,8.0,62.0,56.0,50.0,,1.0,0.126457,0.8576,0.6468,0.7287,41.0,19.0,13.0,,1.0,0,0.0,1,0,0,,7.0,2.0,1.0,9.0,0.0,20.0,1.0,143.0,29.7,0.0,0,0,4.0,1.0,2.0,50.0,111965.5,5.0,233.0,3.0,16.0,8.0,2.0,11.0,0.0
Sunderland_56,2025-26,2562193,30,2026-03-14 15:00:00,"Stadium of Light, Sunderland",47197.0,Home,Sunderland,Brighton,L,332.0,16.0,13.0,0.0,1.0,,,,5.0,5.0,7.0,,7.0,16.0,56.0,40.0,22.0,,2.0,0.583441,0.8951,0.7197,1.3338,66.0,7.0,12.0,1.0,0.0,1,1.0,0,0,0,,5.0,5.0,4.0,5.0,0.0,34.0,,167.0,48.0,0.0,0,0,3.0,5.0,6.0,22.0,109011.96,3.0,422.0,14.0,7.0,28.0,7.0,4.0,0.0
Sunderland_56,2025-26,2562202,31,2026-03-22 12:00:00,"St. James' Park, Newcastle",52253.0,Away,Sunderland,Newcastle,W,187.0,17.0,13.0,0.0,,1.0,1.0,2.0,13.0,5.0,4.0,,5.0,6.0,53.0,41.0,32.0,1.0,,1.80826,2.437,2.5376,0.5437,43.0,19.0,7.0,,2.0,1,1.0,2,1,0,,4.0,8.0,7.0,4.0,0.0,41.0,,122.0,40.1,0.0,0,0,3.0,5.0,10.0,32.0,104453.88,,262.0,17.0,17.0,30.0,5.0,14.0,0.0
Sunderland_56,2025-26,2562213,32,2026-04-12 14:00:00,"Stadium of Light, Sunderland",47010.0,Home,Sunderland,Spurs,W,318.0,15.0,7.0,0.0,4.0,3.0,3.0,,7.0,3.0,5.0,1.0,2.0,6.0,43.0,50.0,22.0,,,1.04748,1.3282,0.61,1.82,63.0,14.0,14.0,1.0,1.0,0,0.0,1,0,0,,9.0,3.0,2.0,1.0,0.0,35.0,,127.0,52.1,0.0,0,0,7.0,8.0,8.0,22.0,108386.38,,403.0,13.0,22.0,20.0,2.0,13.0,0.0
Sunderland_56,2025-26,2562215,33,2026-04-19 14:00:00,"Villa Park, Birmingham",42599.0,Away,Sunderland,Aston Villa,L,340.0,11.0,12.0,0.0,1.0,2.0,1.0,2.0,7.0,1.0,6.0,,5.0,6.0,38.0,40.0,23.0,1.0,1.0,0.549466,1.7281,2.9316,3.5594,48.0,11.0,10.0,2.0,3.0,4,4.0,3,2,1,,7.0,6.0,7.0,3.0,0.0,27.0,,103.0,50.1,0.0,0,0,3.0,2.0,8.0,23.0,106234.67,3.0,406.0,10.0,14.0,16.0,5.0,9.0,0.0
Sunderland_56,2025-26,2562232,34,2026-04-24 20:00:00,"Stadium of Light, Sunderland",47047.0,Home,Sunderland,Nott'm Forest,L,358.0,19.0,17.0,0.0,5.0,1.0,,1.0,7.0,7.0,3.0,,3.0,5.0,50.0,50.0,20.0,1.0,2.0,1.51171,0.7004,0.2753,1.3321,72.0,13.0,15.0,1.0,0.0,5,5.0,0,4,0,,8.0,8.0,4.0,2.0,1.0,53.0,,133.0,61.1,0.0,0,0,2.0,3.0,8.0,20.0,100542.02,1.0,436.0,14.0,9.0,34.0,3.0,8.0,0.0
Sunderland_56,2025-26,2562244,35,2026-05-02 15:00:00,"Molineux Stadium, Wolverhampton",29632.0,Away,Sunderland,Wolves,D,249.0,24.0,17.0,0.0,1.0,1.0,,1.0,3.0,5.0,6.0,,3.0,6.0,53.0,50.0,23.0,,1.0,0.718046,0.6584,1.3913,1.5544,60.0,11.0,11.0,1.0,1.0,1,1.0,1,0,1,,9.0,6.0,2.0,4.0,0.0,29.0,,123.0,42.4,0.0,0,1,6.0,3.0,8.0,23.0,97991.12,,327.0,10.0,17.0,18.0,3.0,10.0,0.0
Sunderland_56,2025-26,2562252,36,2026-05-09 15:00:00,"Stadium of Light, Sunderland",47233.0,Home,Sunderland,Man Utd,D,414.0,8.0,17.0,0.0,2.0,2.0,2.0,,15.0,5.0,5.0,1.0,6.0,5.0,38.0,44.0,22.0,,,1.00895,1.2482,1.814,0.0855,64.0,12.0,11.0,,0.0,0,0.0,0,0,0,1.0,10.0,6.0,4.0,5.0,0.0,36.0,,125.0,51.0,0.0,0,0,1.0,6.0,12.0,22.0,104222.14,1.0,493.0,15.0,10.0,27.0,7.0,8.0,0.0
Sunderland_56,2025-26,2562260,37,2026-05-17 15:00:00,"Hill Dickinson Stadium, Liverpool",52590.0,Away,Sunderland,Everton,W,384.0,14.0,13.0,0.0,1.0,2.0,,2.0,1.0,,5.0,,2.0,8.0,40.0,39.0,30.0,,,0.717777,0.7631,1.2772,0.9937,55.0,9.0,14.0,3.0,3.0,1,1.0,3,1,0,,3.0,3.0,3.0,2.0,0.0,34.0,,128.0,52.5,0.0,0,0,3.0,4.0,4.0,30.0,108251.66,1.0,451.0,7.0,10.0,12.0,2.0,6.0,0.0
Sunderland_56,2025-26,2562272,38,2026-05-24 16:00:00,"Stadium of Light, Sunderland",,Home,Sunderland,Chelsea,W,285.0,13.0,6.0,0.0,3.0,2.0,2.0,,8.0,7.0,7.0,,6.0,3.0,41.0,38.0,19.0,1.0,,1.62228,1.8374,1.273,0.4062,56.0,15.0,12.0,1.0,2.0,1,1.0,2,0,1,,11.0,10.0,6.0,2.0,0.0,31.0,,106.0,43.9,0.0,1,0,2.0,8.0,17.0,19.0,106808.96,2.0,346.0,21.0,18.0,35.0,6.0,12.0,0.0
