element,player_code,first_name,second_name,fixture_code,total_points,modified,minutes,goals_scored,assists,clean_sheets,goals_conceded,own_goals,penalties_saved,penalties_missed,yellow_cards,red_cards,saves,bonus,bps,influence,creativity,threat,ict_index,clearances_blocks_interceptions,recoveries,tackles,defensive_contribution,starts,expected_goals,expected_assists,expected_goal_involvements,expected_goals_conceded,value,transfers_balance,selected,transfers_in,transfers_out
138,49262,Jason,Steele,2561897,0,False,0,0,0,0,0,0,0,0,0,0,0,0,0,0.0,0.0,0.0,0.0,0,0,0,0,0,0.00,0.00,0.00,0.00,45,0,48358,0,0
138,49262,Jason,Steele,2561910,0,False,0,0,0,0,0,0,0,0,0,0,0,0,0,0.0,0.0,0.0,0.0,0,0,0,0,0,0.00,0.00,0.00,0.00,45,-4872,49153,1353,6225
138,49262,Jason,Steele,2561916,0,False,0,0,0,0,0,0,0,0,0,0,0,0,0,0.0,0.0,0.0,0.0,0,0,0,0,0,0.00,0.00,0.00,0.00,45,-4899,45239,661,5560
138,49262,Jason,Steele,2561925,0,False,0,0,0,0,0,0,0,0,0,0,0,0,0,0.0,0.0,0.0,0.0,0,0,0,0,0,0.00,0.00,0.00,0.00,44,-3334,43193,846,4180
138,49262,Jason,Steele,2561937,0,False,0,0,0,0,0,0,0,0,0,0,0,0,0,0.0,0.0,0.0,0.0,0,0,0,0,0,0.00,0.00,0.00,0.00,44,-2383,41271,579,2962
138,49262,Jason,Steele,2561947,0,False,0,0,0,0,0,0,0,0,0,0,0,0,0,0.0,0.0,0.0,0.0,0,0,0,0,0,0.00,0.00,0.00,0.00,44,-2381,39277,685,3066
138,49262,Jason,Steele,2561964,0,False,0,0,0,0,0,0,0,0,0,0,0,0,0,0.0,0.0,0.0,0.0,0,0,0,0,0,0.00,0.00,0.00,0.00,44,-1609,37954,562,2171
138,49262,Jason,Steele,2561965,0,False,0,0,0,0,0,0,0,0,0,0,0,0,0,0.0,0.0,0.0,0.0,0,0,0,0,0,0.00,0.00,0.00,0.00,44,-1535,36748,441,1976
138,49262,Jason,Steele,2561982,0,False,0,0,0,0,0,0,0,0,0,0,0,0,0,0.0,0.0,0.0,0.0,0,0,0,0,0,0.00,0.00,0.00,0.00,43,-1037,35908,313,1350
138,49262,Jason,Steele,2561985,0,False,0,0,0,0,0,0,0,0,0,0,0,0,0,0.0,0.0,0.0,0.0,0,0,0,0,0,0.00,0.00,0.00,0.00,43,-854,35270,365,1219
138,49262,Jason,Steele,2561998,0,False,0,0,0,0,0,0,0,0,0,0,0,0,0,0.0,0.0,0.0,0.0,0,0,0,0,0,0.00,0.00,0.00,0.00,43,-805,34598,216,1021
138,49262,Jason,Steele,2562007,0,False,0,0,0,0,0,0,0,0,0,0,0,0,0,0.0,0.0,0.0,0.0,0,0,0,0,0,0.00,0.00,0.00,0.00,43,-653,34156,215,868
138,49262,Jason,Steele,2562021,0,False,0,0,0,0,0,0,0,0,0,0,0,0,0,0.0,0.0,0.0,0.0,0,0,0,0,0,0.00,0.00,0.00,0.00,43,-480,33852,165,645
138,49262,Jason,Steele,2562027,0,False,0,0,0,0,0,0,0,0,0,0,0,0,0,0.0,0.0,0.0,0.0,0,0,0,0,0,0.00,0.00,0.00,0.00,43,-341,33633,157,498
138,49262,Jason,Steele,2562037,0,False,0,0,0,0,0,0,0,0,0,0,0,0,0,0.0,0.0,0.0,0.0,0,0,0,0,0,0.00,0.00,0.00,0.00,43,-387,33419,306,693
138,49262,Jason,Steele,2562050,0,False,0,0,0,0,0,0,0,0,0,0,0,0,0,0.0,0.0,0.0,0.0,0,0,0,0,0,0.00,0.00,0.00,0.00,43,-1089,32417,302,1391
138,49262,Jason,Steele,2562057,0,False,0,0,0,0,0,0,0,0,0,0,0,0,0,0.0,0.0,0.0,0.0,0,0,0,0,0,0.00,0.00,0.00,0.00,42,-286,32417,404,690
138,49262,Jason,Steele,2562065,0,False,0,0,0,0,0,0,0,0,0,0,0,0,0,0.0,0.0,0.0,0.0,0,0,0,0,0,0.00,0.00,0.00,0.00,42,-456,31954,260,716
138,49262,Jason,Steele,2562084,0,False,0,0,0,0,0,0,0,0,0,0,0,0,0,0.0,0.0,0.0,0.0,0,0,0,0,0,0.00,0.00,0.00,0.00,42,-366,31849,228,594
138,49262,Jason,Steele,2562087,0,False,0,0,0,0,0,0,0,0,0,0,0,0,0,0.0,0.0,0.0,0.0,0,0,0,0,0,0.00,0.00,0.00,0.00,42,-184,31627,196,380
138,49262,Jason,Steele,2562102,0,False,0,0,0,0,0,0,0,0,0,0,0,0,0,0.0,0.0,0.0,0.0,0,0,0,0,0,0.00,0.00,0.00,0.00,42,-318,31372,162,480
138,49262,Jason,Steele,2562106,0,False,0,0,0,0,0,0,0,0,0,0,0,0,0,0.0,0.0,0.0,0.0,0,0,0,0,0,0.00,0.00,0.00,0.00,42,-132,31443,374,506
138,49262,Jason,Steele,2562121,0,False,0,0,0,0,0,0,0,0,0,0,0,0,0,0.0,0.0,0.0,0.0,0,0,0,0,0,0.00,0.00,0.00,0.00,42,-33,31478,246,279
138,49262,Jason,Steele,2562126,0,False,0,0,0,0,0,0,0,0,0,0,0,0,0,0.0,0.0,0.0,0.0,0,0,0,0,0,0.00,0.00,0.00,0.00,42,-107,31473,273,380
138,49262,Jason,Steele,2562137,0,False,0,0,0,0,0,0,0,0,0,0,0,0,0,0.0,0.0,0.0,0.0,0,0,0,0,0,0.00,0.00,0.00,0.00,42,-178,31381,204,382
138,49262,Jason,Steele,2562145,0,False,0,0,0,0,0,0,0,0,0,0,0,0,0,0.0,0.0,0.0,0.0,0,0,0,0,0,0.00,0.00,0.00,0.00,42,-83,31385,254,337
138,49262,Jason,Steele,2562156,0,False,0,0,0,0,0,0,0,0,0,0,0,0,0,0.0,0.0,0.0,0.0,0,0,0,0,0,0.00,0.00,0.00,0.00,42,-23,31508,283,306
138,49262,Jason,Steele,2562167,0,False,0,0,0,0,0,0,0,0,0,0,0,0,0,0.0,0.0,0.0,0.0,0,0,0,0,0,0.00,0.00,0.00,0.00,42,-65,31544,189,254
138,49262,Jason,Steele,2562177,0,False,0,0,0,0,0,0,0,0,0,0,0,0,0,0.0,0.0,0.0,0.0,0,0,0,0,0,0.00,0.00,0.00,0.00,42,-119,31462,129,248
138,49262,Jason,Steele,2562193,0,False,0,0,0,0,0,0,0,0,0,0,0,0,0,0.0,0.0,0.0,0.0,0,0,0,0,0,0.00,0.00,0.00,0.00,42,-55,31546,270,325
138,49262,Jason,Steele,2562197,0,False,0,0,0,0,0,0,0,0,0,0,0,0,0,0.0,0.0,0.0,0.0,0,0,0,0,0,0.00,0.00,0.00,0.00,42,-216,31445,154,370
138,49262,Jason,Steele,2562207,0,False,0,0,0,0,0,0,0,0,0,0,0,0,0,0.0,0.0,0.0,0.0,0,0,0,0,0,0.00,0.00,0.00,0.00,42,41,31581,327,286
138,49262,Jason,Steele,2562224,0,False,0,0,0,0,0,0,0,0,0,0,0,0,0,0.0,0.0,0.0,0.0,0,0,0,0,0,0.00,0.00,0.00,0.00,42,33,32218,409,376
138,49262,Jason,Steele,2562227,0,False,0,0,0,0,0,0,0,0,0,0,0,0,0,0.0,0.0,0.0,0.0,0,0,0,0,0,0.00,0.00,0.00,0.00,42,33,32218,409,376
138,49262,Jason,Steele,2562243,0,False,0,0,0,0,0,0,0,0,0,0,0,0,0,0.0,0.0,0.0,0.0,0,0,0,0,0,0.00,0.00,0.00,0.00,42,-4,31591,227,231
138,49262,Jason,Steele,2562245,0,False,0,0,0,0,0,0,0,0,0,0,0,0,0,0.0,0.0,0.0,0.0,0,0,0,0,0,0.00,0.00,0.00,0.00,42,193,31922,465,272
138,49262,Jason,Steele,2562261,0,False,0,0,0,0,0,0,0,0,0,0,0,0,0,0.0,0.0,0.0,0.0,0,0,0,0,0,0.00,0.00,0.00,0.00,42,-38,31851,205,243
138,49262,Jason,Steele,2562265,0,False,0,0,0,0,0,0,0,0,0,0,0,0,0,0.0,0.0,0.0,0.0,0,0,0,0,0,0.00,0.00,0.00,0.00,42,-82,31811,233,315
139,489639,Bart,Verbruggen,2561897,2,False,90,0,0,0,1,0,0,0,0,0,1,0,9,14.4,0.0,0.0,1.4,1,6,0,0,1,0.00,0.00,0.00,0.76,45,0,773743,0,0
139,489639,Bart,Verbruggen,2561910,1,False,90,0,0,0,2,0,0,0,0,0,1,0,5,10.2,10.0,0.0,2.0,0,14,0,0,1,0.00,0.00,0.00,1.60,45,-19611,789996,33067,52678
139,489639,Bart,Verbruggen,2561916,2,False,90,0,0,0,1,0,0,0,0,0,2,0,11,20.2,0.0,0.0,2.0,0,10,0,0,1,0.00,0.00,0.00,1.82,45,-78840,705496,9560,88400
139,489639,Bart,Verbruggen,2561925,2,False,90,0,0,0,2,0,0,0,0,0,3,0,15,26.2,0.0,0.0,2.6,1,13,0,0,1,0.00,0.01,0.01,1.45,45,-67735,661515,15575,83310
139,489639,Bart,Verbruggen,2561937,1,False,90,0,0,0,2,0,0,0,0,0,2,0,6,19.2,0.0,0.0,1.9,1,7,0,0,1,0.00,0.00,0.00,1.22,45,-43628,625730,6999,50627
139,489639,Bart,Verbruggen,2561947,2,False,90,0,0,0,1,0,0,0,0,0,2,0,8,11.8,0.0,0.0,1.2,1,8,0,0,1,0.00,0.00,0.00,1.81,45,-59746,568106,9812,69558
139,489639,Bart,Verbruggen,2561964,1,False,90,0,0,0,1,1,0,0,0,0,3,0,12,20.0,0.0,0.0,2.0,0,14,0,0,1,0.00,0.00,0.00,0.56,44,-23715,550943,12373,36088
139,489639,Bart,Verbruggen,2561965,2,False,90,0,0,0,1,0,0,0,0,0,2,0,12,19.6,0.0,0.0,2.0,1,10,0,0,1,0.00,0.00,0.00,1.45,44,-29424,523045,10043,39467
139,489639,Bart,Verbruggen,2561982,1,False,90,0,0,0,4,0,0,0,0,0,5,0,10,38.0,0.0,0.0,3.8,0,9,0,0,1,0.00,0.00,0.00,1.29,44,-16900,507542,7119,24019
139,489639,Bart,Verbruggen,2561985,6,False,90,0,0,1,0,0,0,0,0,0,2,0,30,22.0,0.0,0.0,2.2,0,6,0,0,1,0.00,0.00,0.00,0.50,44,-2338,509676,17791,20129
139,489639,Bart,Verbruggen,2561998,6,False,90,0,0,1,0,0,0,0,0,0,2,0,30,17.2,0.0,0.0,1.7,0,4,0,0,1,0.00,0.00,0.00,0.74,44,-11075,495975,5151,16226
139,489639,Bart,Verbruggen,2562007,7,False,90,0,0,0,1,0,1,0,1,0,3,0,21,46.8,0.0,0.0,4.7,1,6,0,0,1,0.00,0.00,0.00,1.91,44,4128,503769,17134,13006
139,489639,Bart,Verbruggen,2562021,7,False,90,0,0,1,0,0,0,0,0,0,3,0,33,31.2,0.0,0.0,3.1,1,12,0,0,1,0.00,0.00,0.00,0.71,44,8871,512399,19081,10210
139,489639,Bart,Verbruggen,2562027,1,False,90,0,0,0,4,0,0,0,1,0,6,0,9,46.6,0.0,0.0,4.7,0,13,0,0,1,0.00,0.00,0.00,2.41,44,46449,566810,51917,5468
139,489639,Bart,Verbruggen,2562037,3,False,90,0,0,0,1,0,0,0,0,0,4,0,22,35.2,0.0,0.0,3.5,2,8,0,0,1,0.00,0.00,0.00,1.14,44,70244,652119,80234,9990
139,489639,Bart,Verbruggen,2562050,1,False,90,0,0,0,2,0,0,0,0,0,2,0,11,14.8,0.0,0.0,1.5,0,15,0,0,1,0.00,0.00,0.00,1.89,44,-5050,619088,43323,48373
139,489639,Bart,Verbruggen,2562057,11,False,90,0,0,1,0,0,0,0,0,0,6,3,41,48.2,0.0,0.0,4.8,0,10,1,0,1,0.00,0.00,0.00,1.38,44,38618,682528,54629,16011
139,489639,Bart,Verbruggen,2562065,1,False,90,0,0,0,2,0,0,0,1,0,5,0,13,37.2,0.0,0.0,3.7,3,11,0,0,1,0.00,0.00,0.00,3.08,44,11416,664234,33051,21635
139,489639,Bart,Verbruggen,2562084,1,False,90,0,0,0,2,0,0,0,0,0,2,0,13,22.8,0.0,0.0,2.3,1,9,0,0,1,0.00,0.00,0.00,2.06,44,39401,744975,52622,13221
139,489639,Bart,Verbruggen,2562087,7,False,90,0,0,1,0,0,0,0,0,0,2,1,33,20.4,0.0,0.0,2.0,2,7,0,0,1,0.00,0.00,0.00,0.30,45,30261,764231,49552,19291
139,489639,Bart,Verbruggen,2562102,3,False,90,0,0,0,1,0,0,0,0,0,3,0,14,27.8,0.0,0.0,2.8,2,4,0,0,1,0.00,0.00,0.00,2.55,45,-18133,734211,16558,34691
139,489639,Bart,Verbruggen,2562106,2,False,90,0,0,0,1,0,0,0,0,0,1,0,9,8.6,0.0,0.0,0.9,2,5,0,0,1,0.00,0.00,0.00,1.33,45,23272,763434,44660,21388
139,489639,Bart,Verbruggen,2562121,1,False,90,0,0,0,2,0,0,0,0,0,2,0,2,11.0,0.0,0.0,1.1,1,8,0,0,1,0.00,0.00,0.00,1.05,45,-3211,759253,15081,18292
139,489639,Bart,Verbruggen,2562126,3,False,90,0,0,0,1,0,0,0,0,0,3,0,15,29.0,0.0,0.0,2.9,0,7,0,0,1,0.00,0.03,0.03,1.20,45,-92,760163,35450,35542
139,489639,Bart,Verbruggen,2562137,3,False,90,0,0,0,1,0,0,0,0,0,3,0,15,29.8,0.0,0.0,3.0,1,8,0,0,1,0.00,0.00,0.00,1.16,45,-13439,748046,11967,25406
139,489639,Bart,Verbruggen,2562145,2,False,90,0,0,0,1,0,0,0,0,0,2,0,10,17.6,0.0,0.0,1.8,0,9,0,0,1,0.00,0.00,0.00,0.72,45,-28324,713957,6514,34838
139,489639,Bart,Verbruggen,2562156,7,False,90,0,0,1,0,0,0,0,0,0,4,0,28,24.4,0.0,0.0,2.4,2,11,0,0,1,0.00,0.01,0.01,1.60,45,-12533,707640,8936,21469
139,489639,Bart,Verbruggen,2562167,3,False,90,0,0,0,1,0,0,0,0,0,3,0,14,25.6,0.0,0.0,2.6,0,7,0,0,1,0.00,0.00,0.00,0.93,45,1264,711673,12196,10932
139,489639,Bart,Verbruggen,2562177,2,False,90,0,0,0,1,0,0,0,0,0,1,0,5,7.6,0.0,0.0,0.8,1,5,0,0,1,0.00,0.00,0.00,0.47,45,-10215,698827,5036,15251
139,489639,Bart,Verbruggen,2562193,7,False,90,0,0,1,0,0,0,0,0,0,3,0,30,24.6,0.0,0.0,2.5,0,9,0,0,1,0.00,0.00,0.00,0.90,45,6004,707455,15977,9973
139,489639,Bart,Verbruggen,2562197,3,False,90,0,0,0,1,0,0,0,0,0,4,0,18,38.0,0.0,0.0,3.8,2,11,0,0,1,0.00,0.00,0.00,1.03,45,2544,685073,13681,11137
139,489639,Bart,Verbruggen,2562207,9,False,90,0,0,1,0,0,0,0,0,0,4,2,36,40.0,0.0,0.0,4.0,0,7,0,0,1,0.00,0.00,0.00,0.88,45,343543,1059886,367676,24133
139,489639,Bart,Verbruggen,2562224,2,False,90,0,0,0,2,0,0,0,0,0,4,0,13,33.0,0.0,0.0,3.3,3,9,0,0,1,0.00,0.00,0.00,1.09,45,145783,1444765,163303,17520
139,489639,Bart,Verbruggen,2562227,6,False,90,0,0,1,0,0,0,0,0,0,0,0,22,10.0,0.0,0.0,1.0,0,8,0,0,1,0.00,0.01,0.01,0.37,45,145783,1444765,163303,17520
139,489639,Bart,Verbruggen,2562243,2,False,90,0,0,0,3,0,0,0,0,0,4,0,1,26.8,0.0,0.0,2.7,1,5,0,0,1,0.00,0.00,0.00,3.16,45,31151,1179075,71311,40160
139,489639,Bart,Verbruggen,2562245,6,False,90,0,0,1,0,0,0,0,0,0,1,0,23,12.8,0.0,0.0,1.3,0,7,0,0,1,0.00,0.00,0.00,0.49,46,79893,1267231,98776,18883
139,489639,Bart,Verbruggen,2562261,2,False,90,0,0,0,1,0,0,0,0,0,1,0,5,7.6,0.0,0.0,0.8,1,10,0,0,1,0.00,0.00,0.00,0.39,46,-9031,1248836,25482,34513
139,489639,Bart,Verbruggen,2562265,2,False,90,0,0,0,3,0,0,0,0,0,5,0,12,38.8,0.0,0.0,3.9,1,10,0,0,1,0.00,0.00,0.00,1.66,46,-27531,1216101,14958,42489
140,209288,Tom,McGill,2561897,0,False,0,0,0,0,0,0,0,0,0,0,0,0,0,0.0,0.0,0.0,0.0,0,0,0,0,0,0.00,0.00,0.00,0.00,40,0,35266,0,0
140,209288,Tom,McGill,2561910,0,False,0,0,0,0,0,0,0,0,0,0,0,0,0,0.0,0.0,0.0,0.0,0,0,0,0,0,0.00,0.00,0.00,0.00,40,-218,42467,2116,2334
140,209288,Tom,McGill,2561916,0,False,0,0,0,0,0,0,0,0,0,0,0,0,0,0.0,0.0,0.0,0.0,0,0,0,0,0,0.00,0.00,0.00,0.00,40,-1559,42791,1545,3104
140,209288,Tom,McGill,2561925,0,False,0,0,0,0,0,0,0,0,0,0,0,0,0,0.0,0.0,0.0,0.0,0,0,0,0,0,0.00,0.00,0.00,0.00,40,-357,43992,1884,2241
140,209288,Tom,McGill,2561937,0,False,0,0,0,0,0,0,0,0,0,0,0,0,0,0.0,0.0,0.0,0.0,0,0,0,0,0,0.00,0.00,0.00,0.00,40,-649,44001,1227,1876
140,209288,Tom,McGill,2561947,0,False,0,0,0,0,0,0,0,0,0,0,0,0,0,0.0,0.0,0.0,0.0,0,0,0,0,0,0.00,0.00,0.00,0.00,40,-686,43725,1389,2075
140,209288,Tom,McGill,2561964,0,False,0,0,0,0,0,0,0,0,0,0,0,0,0,0.0,0.0,0.0,0.0,0,0,0,0,0,0.00,0.00,0.00,0.00,40,-1200,42769,658,1858
140,209288,Tom,McGill,2561965,0,False,0,0,0,0,0,0,0,0,0,0,0,0,0,0.0,0.0,0.0,0.0,0,0,0,0,0,0.00,0.00,0.00,0.00,40,-866,42330,666,1532
140,209288,Tom,McGill,2561982,0,False,0,0,0,0,0,0,0,0,0,0,0,0,0,0.0,0.0,0.0,0.0,0,0,0,0,0,0.00,0.00,0.00,0.00,40,-626,41904,467,1093
140,209288,Tom,McGill,2561985,0,False,0,0,0,0,0,0,0,0,0,0,0,0,0,0.0,0.0,0.0,0.0,0,0,0,0,0,0.00,0.00,0.00,0.00,40,-693,41423,356,1049
140,209288,Tom,McGill,2561998,0,False,0,0,0,0,0,0,0,0,0,0,0,0,0,0.0,0.0,0.0,0.0,0,0,0,0,0,0.00,0.00,0.00,0.00,40,-579,41001,282,861
140,209288,Tom,McGill,2562007,0,False,0,0,0,0,0,0,0,0,0,0,0,0,0,0.0,0.0,0.0,0.0,0,0,0,0,0,0.00,0.00,0.00,0.00,40,-476,40772,273,749
140,209288,Tom,McGill,2562021,0,False,0,0,0,0,0,0,0,0,0,0,0,0,0,0.0,0.0,0.0,0.0,0,0,0,0,0,0.00,0.00,0.00,0.00,40,-408,40535,170,578
140,209288,Tom,McGill,2562027,0,False,0,0,0,0,0,0,0,0,0,0,0,0,0,0.0,0.0,0.0,0.0,0,0,0,0,0,0.00,0.00,0.00,0.00,40,-248,40377,183,431
140,209288,Tom,McGill,2562037,0,False,0,0,0,0,0,0,0,0,0,0,0,0,0,0.0,0.0,0.0,0.0,0,0,0,0,0,0.00,0.00,0.00,0.00,40,-321,40170,253,574
140,209288,Tom,McGill,2562050,0,False,0,0,0,0,0,0,0,0,0,0,0,0,0,0.0,0.0,0.0,0.0,0,0,0,0,0,0.00,0.00,0.00,0.00,39,-258,41913,886,1144
140,209288,Tom,McGill,2562057,0,False,0,0,0,0,0,0,0,0,0,0,0,0,0,0.0,0.0,0.0,0.0,0,0,0,0,0,0.00,0.00,0.00,0.00,39,409,41924,1091,682
140,209288,Tom,McGill,2562065,0,False,0,0,0,0,0,0,0,0,0,0,0,0,0,0.0,0.0,0.0,0.0,0,0,0,0,0,0.00,0.00,0.00,0.00,39,645,42979,1333,688
140,209288,Tom,McGill,2562084,0,False,0,0,0,0,0,0,0,0,0,0,0,0,0,0.0,0.0,0.0,0.0,0,0,0,0,0,0.00,0.00,0.00,0.00,39,-487,41900,387,874
140,209288,Tom,McGill,2562087,0,False,0,0,0,0,0,0,0,0,0,0,0,0,0,0.0,0.0,0.0,0.0,0,0,0,0,0,0.00,0.00,0.00,0.00,39,-211,40814,415,626
140,209288,Tom,McGill,2562102,0,False,0,0,0,0,0,0,0,0,0,0,0,0,0,0.0,0.0,0.0,0.0,0,0,0,0,0,0.00,0.00,0.00,0.00,39,-160,40693,368,528
140,209288,Tom,McGill,2562106,0,False,0,0,0,0,0,0,0,0,0,0,0,0,0,0.0,0.0,0.0,0.0,0,0,0,0,0,0.00,0.00,0.00,0.00,39,-192,40551,419,611
140,209288,Tom,McGill,2562121,0,False,0,0,0,0,0,0,0,0,0,0,0,0,0,0.0,0.0,0.0,0.0,0,0,0,0,0,0.00,0.00,0.00,0.00,39,-74,40483,279,353
140,209288,Tom,McGill,2562126,0,False,0,0,0,0,0,0,0,0,0,0,0,0,0,0.0,0.0,0.0,0.0,0,0,0,0,0,0.00,0.00,0.00,0.00,39,-247,40233,254,501
140,209288,Tom,McGill,2562137,0,False,0,0,0,0,0,0,0,0,0,0,0,0,0,0.0,0.0,0.0,0.0,0,0,0,0,0,0.00,0.00,0.00,0.00,39,-318,39981,180,498
140,209288,Tom,McGill,2562145,0,False,0,0,0,0,0,0,0,0,0,0,0,0,0,0.0,0.0,0.0,0.0,0,0,0,0,0,0.00,0.00,0.00,0.00,39,-90,39942,210,300
140,209288,Tom,McGill,2562156,0,False,0,0,0,0,0,0,0,0,0,0,0,0,0,0.0,0.0,0.0,0.0,0,0,0,0,0,0.00,0.00,0.00,0.00,39,10,39966,312,302
140,209288,Tom,McGill,2562167,0,False,0,0,0,0,0,0,0,0,0,0,0,0,0,0.0,0.0,0.0,0.0,0,0,0,0,0,0.00,0.00,0.00,0.00,39,-121,39921,178,299
140,209288,Tom,McGill,2562177,0,False,0,0,0,0,0,0,0,0,0,0,0,0,0,0.0,0.0,0.0,0.0,0,0,0,0,0,0.00,0.00,0.00,0.00,39,-82,39820,141,223
140,209288,Tom,McGill,2562193,0,False,0,0,0,0,0,0,0,0,0,0,0,0,0,0.0,0.0,0.0,0.0,0,0,0,0,0,0.00,0.00,0.00,0.00,39,-47,39793,253,300
140,209288,Tom,McGill,2562197,0,False,0,0,0,0,0,0,0,0,0,0,0,0,0,0.0,0.0,0.0,0.0,0,0,0,0,0,0.00,0.00,0.00,0.00,39,-295,39402,148,443
140,209288,Tom,McGill,2562207,0,False,0,0,0,0,0,0,0,0,0,0,0,0,0,0.0,0.0,0.0,0.0,0,0,0,0,0,0.00,0.00,0.00,0.00,39,-219,39299,93,312
140,209288,Tom,McGill,2562224,0,False,0,0,0,0,0,0,0,0,0,0,0,0,0,0.0,0.0,0.0,0.0,0,0,0,0,0,0.00,0.00,0.00,0.00,39,-369,38865,110,479
140,209288,Tom,McGill,2562227,0,False,0,0,0,0,0,0,0,0,0,0,0,0,0,0.0,0.0,0.0,0.0,0,0,0,0,0,0.00,0.00,0.00,0.00,39,-369,38865,110,479
140,209288,Tom,McGill,2562243,0,False,0,0,0,0,0,0,0,0,0,0,0,0,0,0.0,0.0,0.0,0.0,0,0,0,0,0,0.00,0.00,0.00,0.00,39,-98,38590,127,225
140,209288,Tom,McGill,2562245,0,False,0,0,0,0,0,0,0,0,0,0,0,0,0,0.0,0.0,0.0,0.0,0,0,0,0,0,0.00,0.00,0.00,0.00,39,-144,38472,149,293
140,209288,Tom,McGill,2562261,0,False,0,0,0,0,0,0,0,0,0,0,0,0,0,0.0,0.0,0.0,0.0,0,0,0,0,0,0.00,0.00,0.00,0.00,39,-71,38419,159,230
140,209288,Tom,McGill,2562265,0,False,0,0,0,0,0,0,0,0,0,0,0,0,0,0.0,0.0,0.0,0.0,0,0,0,0,0,0.00,0.00,0.00,0.00,39,-225,38195,139,364
141,472739,Carl,Rushworth,2561897,0,False,0,0,0,0,0,0,0,0,0,0,0,0,0,0.0,0.0,0.0,0.0,0,0,0,0,0,0.00,0.00,0.00,0.00,40,0,487,0,0
141,472739,Carl,Rushworth,2561910,0,False,0,0,0,0,0,0,0,0,0,0,0,0,0,0.0,0.0,0.0,0.0,0,0,0,0,0,0.00,0.00,0.00,0.00,40,-72,409,0,72
141,472739,Carl,Rushworth,2561916,0,False,0,0,0,0,0,0,0,0,0,0,0,0,0,0.0,0.0,0.0,0.0,0,0,0,0,0,0.00,0.00,0.00,0.00,40,-28,379,0,28
141,472739,Carl,Rushworth,2561925,0,False,0,0,0,0,0,0,0,0,0,0,0,0,0,0.0,0.0,0.0,0.0,0,0,0,0,0,0.00,0.00,0.00,0.00,40,-37,350,0,37
141,472739,Carl,Rushworth,2561937,0,False,0,0,0,0,0,0,0,0,0,0,0,0,0,0.0,0.0,0.0,0.0,0,0,0,0,0,0.00,0.00,0.00,0.00,40,-9,342,0,9
141,472739,Carl,Rushworth,2561947,0,False,0,0,0,0,0,0,0,0,0,0,0,0,0,0.0,0.0,0.0,0.0,0,0,0,0,0,0.00,0.00,0.00,0.00,40,-14,329,0,14
141,472739,Carl,Rushworth,2561964,0,False,0,0,0,0,0,0,0,0,0,0,0,0,0,0.0,0.0,0.0,0.0,0,0,0,0,0,0.00,0.00,0.00,0.00,40,-16,313,0,16
141,472739,Carl,Rushworth,2561965,0,False,0,0,0,0,0,0,0,0,0,0,0,0,0,0.0,0.0,0.0,0.0,0,0,0,0,0,0.00,0.00,0.00,0.00,40,-10,301,0,10
141,472739,Carl,Rushworth,2561982,0,False,0,0,0,0,0,0,0,0,0,0,0,0,0,0.0,0.0,0.0,0.0,0,0,0,0,0,0.00,0.00,0.00,0.00,40,-8,295,0,8
141,472739,Carl,Rushworth,2561985,0,False,0,0,0,0,0,0,0,0,0,0,0,0,0,0.0,0.0,0.0,0.0,0,0,0,0,0,0.00,0.00,0.00,0.00,40,-3,291,0,3
141,472739,Carl,Rushworth,2561998,0,False,0,0,0,0,0,0,0,0,0,0,0,0,0,0.0,0.0,0.0,0.0,0,0,0,0,0,0.00,0.00,0.00,0.00,40,-8,282,0,8
141,472739,Carl,Rushworth,2562007,0,False,0,0,0,0,0,0,0,0,0,0,0,0,0,0.0,0.0,0.0,0.0,0,0,0,0,0,0.00,0.00,0.00,0.00,40,-3,281,0,3
141,472739,Carl,Rushworth,2562021,0,False,0,0,0,0,0,0,0,0,0,0,0,0,0,0.0,0.0,0.0,0.0,0,0,0,0,0,0.00,0.00,0.00,0.00,40,-6,274,0,6
141,472739,Carl,Rushworth,2562027,0,False,0,0,0,0,0,0,0,0,0,0,0,0,0,0.0,0.0,0.0,0.0,0,0,0,0,0,0.00,0.00,0.00,0.00,40,-3,272,0,3
141,472739,Carl,Rushworth,2562037,0,False,0,0,0,0,0,0,0,0,0,0,0,0,0,0.0,0.0,0.0,0.0,0,0,0,0,0,0.00,0.00,0.00,0.00,40,-2,269,0,2
141,472739,Carl,Rushworth,2562050,0,False,0,0,0,0,0,0,0,0,0,0,0,0,0,0.0,0.0,0.0,0.0,0,0,0,0,0,0.00,0.00,0.00,0.00,40,-8,261,0,8
141,472739,Carl,Rushworth,2562057,0,False,0,0,0,0,0,0,0,0,0,0,0,0,0,0.0,0.0,0.0,0.0,0,0,0,0,0,0.00,0.00,0.00,0.00,40,-1,261,0,1
141,472739,Carl,Rushworth,2562065,0,False,0,0,0,0,0,0,0,0,0,0,0,0,0,0.0,0.0,0.0,0.0,0,0,0,0,0,0.00,0.00,0.00,0.00,40,-2,258,0,2
141,472739,Carl,Rushworth,2562084,0,False,0,0,0,0,0,0,0,0,0,0,0,0,0,0.0,0.0,0.0,0.0,0,0,0,0,0,0.00,0.00,0.00,0.00,40,-4,255,0,4
141,472739,Carl,Rushworth,2562087,0,False,0,0,0,0,0,0,0,0,0,0,0,0,0,0.0,0.0,0.0,0.0,0,0,0,0,0,0.00,0.00,0.00,0.00,40,-1,254,0,1
141,472739,Carl,Rushworth,2562102,0,False,0,0,0,0,0,0,0,0,0,0,0,0,0,0.0,0.0,0.0,0.0,0,0,0,0,0,0.00,0.00,0.00,0.00,40,-2,252,0,2
141,472739,Carl,Rushworth,2562106,0,False,0,0,0,0,0,0,0,0,0,0,0,0,0,0.0,0.0,0.0,0.0,0,0,0,0,0,0.00,0.00,0.00,0.00,40,-2,250,0,2
141,472739,Carl,Rushworth,2562121,0,False,0,0,0,0,0,0,0,0,0,0,0,0,0,0.0,0.0,0.0,0.0,0,0,0,0,0,0.00,0.00,0.00,0.00,40,-2,248,0,2
141,472739,Carl,Rushworth,2562126,0,False,0,0,0,0,0,0,0,0,0,0,0,0,0,0.0,0.0,0.0,0.0,0,0,0,0,0,0.00,0.00,0.00,0.00,40,-1,247,0,1
141,472739,Carl,Rushworth,2562137,0,False,0,0,0,0,0,0,0,0,0,0,0,0,0,0.0,0.0,0.0,0.0,0,0,0,0,0,0.00,0.00,0.00,0.00,40,-1,246,0,1
141,472739,Carl,Rushworth,2562145,0,False,0,0,0,0,0,0,0,0,0,0,0,0,0,0.0,0.0,0.0,0.0,0,0,0,0,0,0.00,0.00,0.00,0.00,40,0,246,0,0
141,472739,Carl,Rushworth,2562156,0,False,0,0,0,0,0,0,0,0,0,0,0,0,0,0.0,0.0,0.0,0.0,0,0,0,0,0,0.00,0.00,0.00,0.00,40,0,246,0,0
141,472739,Carl,Rushworth,2562167,0,False,0,0,0,0,0,0,0,0,0,0,0,0,0,0.0,0.0,0.0,0.0,0,0,0,0,0,0.00,0.00,0.00,0.00,40,-1,245,0,1
141,472739,Carl,Rushworth,2562177,0,False,0,0,0,0,0,0,0,0,0,0,0,0,0,0.0,0.0,0.0,0.0,0,0,0,0,0,0.00,0.00,0.00,0.00,40,0,245,0,0
141,472739,Carl,Rushworth,2562193,0,False,0,0,0,0,0,0,0,0,0,0,0,0,0,0.0,0.0,0.0,0.0,0,0,0,0,0,0.00,0.00,0.00,0.00,40,-2,243,0,2
141,472739,Carl,Rushworth,2562197,0,False,0,0,0,0,0,0,0,0,0,0,0,0,0,0.0,0.0,0.0,0.0,0,0,0,0,0,0.00,0.00,0.00,0.00,40,0,243,0,0
141,472739,Carl,Rushworth,2562207,0,False,0,0,0,0,0,0,0,0,0,0,0,0,0,0.0,0.0,0.0,0.0,0,0,0,0,0,0.00,0.00,0.00,0.00,40,0,243,0,0
141,472739,Carl,Rushworth,2562224,0,False,0,0,0,0,0,0,0,0,0,0,0,0,0,0.0,0.0,0.0,0.0,0,0,0,0,0,0.00,0.00,0.00,0.00,40,0,243,0,0
141,472739,Carl,Rushworth,2562227,0,False,0,0,0,0,0,0,0,0,0,0,0,0,0,0.0,0.0,0.0,0.0,0,0,0,0,0,0.00,0.00,0.00,0.00,40,0,243,0,0
141,472739,Carl,Rushworth,2562243,0,False,0,0,0,0,0,0,0,0,0,0,0,0,0,0.0,0.0,0.0,0.0,0,0,0,0,0,0.00,0.00,0.00,0.00,40,0,242,0,0
141,472739,Carl,Rushworth,2562245,0,False,0,0,0,0,0,0,0,0,0,0,0,0,0,0.0,0.0,0.0,0.0,0,0,0,0,0,0.00,0.00,0.00,0.00,40,-1,241,0,1
141,472739,Carl,Rushworth,2562261,0,False,0,0,0,0,0,0,0,0,0,0,0,0,0,0.0,0.0,0.0,0.0,0,0,0,0,0,0.00,0.00,0.00,0.00,40,0,241,0,0
141,472739,Carl,Rushworth,2562265,0,False,0,0,0,0,0,0,0,0,0,0,0,0,0,0.0,0.0,0.0,0.0,0,0,0,0,0,0.00,0.00,0.00,0.00,40,-3,237,0,3
142,240514,Kjell,Scherpen,2561897,0,False,0,0,0,0,0,0,0,0,0,0,0,0,0,0.0,0.0,0.0,0.0,0,0,0,0,0,0.00,0.00,0.00,0.00,40,0,434,0,0
142,240514,Kjell,Scherpen,2561910,0,False,0,0,0,0,0,0,0,0,0,0,0,0,0,0.0,0.0,0.0,0.0,0,0,0,0,0,0.00,0.00,0.00,0.00,40,-66,365,0,66
142,240514,Kjell,Scherpen,2561916,0,False,0,0,0,0,0,0,0,0,0,0,0,0,0,0.0,0.0,0.0,0.0,0,0,0,0,0,0.00,0.00,0.00,0.00,40,-35,329,0,35
142,240514,Kjell,Scherpen,2561925,0,False,0,0,0,0,0,0,0,0,0,0,0,0,0,0.0,0.0,0.0,0.0,0,0,0,0,0,0.00,0.00,0.00,0.00,40,-18,315,0,18
142,240514,Kjell,Scherpen,2561937,0,False,0,0,0,0,0,0,0,0,0,0,0,0,0,0.0,0.0,0.0,0.0,0,0,0,0,0,0.00,0.00,0.00,0.00,40,-19,295,0,19
142,240514,Kjell,Scherpen,2561947,0,False,0,0,0,0,0,0,0,0,0,0,0,0,0,0.0,0.0,0.0,0.0,0,0,0,0,0,0.00,0.00,0.00,0.00,40,-9,285,0,9
142,240514,Kjell,Scherpen,2561964,0,False,0,0,0,0,0,0,0,0,0,0,0,0,0,0.0,0.0,0.0,0.0,0,0,0,0,0,0.00,0.00,0.00,0.00,40,-9,277,0,9
142,240514,Kjell,Scherpen,2561965,0,False,0,0,0,0,0,0,0,0,0,0,0,0,0,0.0,0.0,0.0,0.0,0,0,0,0,0,0.00,0.00,0.00,0.00,40,-8,270,0,8
142,240514,Kjell,Scherpen,2561982,0,False,0,0,0,0,0,0,0,0,0,0,0,0,0,0.0,0.0,0.0,0.0,0,0,0,0,0,0.00,0.00,0.00,0.00,40,-5,266,0,5
142,240514,Kjell,Scherpen,2561985,0,False,0,0,0,0,0,0,0,0,0,0,0,0,0,0.0,0.0,0.0,0.0,0,0,0,0,0,0.00,0.00,0.00,0.00,40,-4,262,0,4
142,240514,Kjell,Scherpen,2561998,0,False,0,0,0,0,0,0,0,0,0,0,0,0,0,0.0,0.0,0.0,0.0,0,0,0,0,0,0.00,0.00,0.00,0.00,40,-1,261,0,1
142,240514,Kjell,Scherpen,2562007,0,False,0,0,0,0,0,0,0,0,0,0,0,0,0,0.0,0.0,0.0,0.0,0,0,0,0,0,0.00,0.00,0.00,0.00,40,-6,255,0,6
142,240514,Kjell,Scherpen,2562021,0,False,0,0,0,0,0,0,0,0,0,0,0,0,0,0.0,0.0,0.0,0.0,0,0,0,0,0,0.00,0.00,0.00,0.00,40,0,255,0,0
142,240514,Kjell,Scherpen,2562027,0,False,0,0,0,0,0,0,0,0,0,0,0,0,0,0.0,0.0,0.0,0.0,0,0,0,0,0,0.00,0.00,0.00,0.00,40,-2,253,0,2
142,240514,Kjell,Scherpen,2562037,0,False,0,0,0,0,0,0,0,0,0,0,0,0,0,0.0,0.0,0.0,0.0,0,0,0,0,0,0.00,0.00,0.00,0.00,40,0,253,0,0
142,240514,Kjell,Scherpen,2562050,0,False,0,0,0,0,0,0,0,0,0,0,0,0,0,0.0,0.0,0.0,0.0,0,0,0,0,0,0.00,0.00,0.00,0.00,40,-3,250,0,3
142,240514,Kjell,Scherpen,2562057,0,False,0,0,0,0,0,0,0,0,0,0,0,0,0,0.0,0.0,0.0,0.0,0,0,0,0,0,0.00,0.00,0.00,0.00,40,-3,247,0,3
142,240514,Kjell,Scherpen,2562065,0,False,0,0,0,0,0,0,0,0,0,0,0,0,0,0.0,0.0,0.0,0.0,0,0,0,0,0,0.00,0.00,0.00,0.00,40,-3,242,0,3
142,240514,Kjell,Scherpen,2562084,0,False,0,0,0,0,0,0,0,0,0,0,0,0,0,0.0,0.0,0.0,0.0,0,0,0,0,0,0.00,0.00,0.00,0.00,40,-2,242,0,2
142,240514,Kjell,Scherpen,2562087,0,False,0,0,0,0,0,0,0,0,0,0,0,0,0,0.0,0.0,0.0,0.0,0,0,0,0,0,0.00,0.00,0.00,0.00,40,0,242,0,0
142,240514,Kjell,Scherpen,2562102,0,False,0,0,0,0,0,0,0,0,0,0,0,0,0,0.0,0.0,0.0,0.0,0,0,0,0,0,0.00,0.00,0.00,0.00,40,0,242,0,0
142,240514,Kjell,Scherpen,2562106,0,False,0,0,0,0,0,0,0,0,0,0,0,0,0,0.0,0.0,0.0,0.0,0,0,0,0,0,0.00,0.00,0.00,0.00,40,-3,239,0,3
142,240514,Kjell,Scherpen,2562121,0,False,0,0,0,0,0,0,0,0,0,0,0,0,0,0.0,0.0,0.0,0.0,0,0,0,0,0,0.00,0.00,0.00,0.00,40,0,239,0,0
142,240514,Kjell,Scherpen,2562126,0,False,0,0,0,0,0,0,0,0,0,0,0,0,0,0.0,0.0,0.0,0.0,0,0,0,0,0,0.00,0.00,0.00,0.00,40,-1,238,0,1
142,240514,Kjell,Scherpen,2562137,0,False,0,0,0,0,0,0,0,0,0,0,0,0,0,0.0,0.0,0.0,0.0,0,0,0,0,0,0.00,0.00,0.00,0.00,40,-2,236,0,2
142,240514,Kjell,Scherpen,2562145,0,False,0,0,0,0,0,0,0,0,0,0,0,0,0,0.0,0.0,0.0,0.0,0,0,0,0,0,0.00,0.00,0.00,0.00,40,-1,235,0,1
142,240514,Kjell,Scherpen,2562156,0,False,0,0,0,0,0,0,0,0,0,0,0,0,0,0.0,0.0,0.0,0.0,0,0,0,0,0,0.00,0.00,0.00,0.00,40,-3,232,0,3
142,240514,Kjell,Scherpen,2562167,0,False,0,0,0,0,0,0,0,0,0,0,0,0,0,0.0,0.0,0.0,0.0,0,0,0,0,0,0.00,0.00,0.00,0.00,40,-2,230,0,2
142,240514,Kjell,Scherpen,2562177,0,False,0,0,0,0,0,0,0,0,0,0,0,0,0,0.0,0.0,0.0,0.0,0,0,0,0,0,0.00,0.00,0.00,0.00,40,0,230,0,0
142,240514,Kjell,Scherpen,2562193,0,False,0,0,0,0,0,0,0,0,0,0,0,0,0,0.0,0.0,0.0,0.0,0,0,0,0,0,0.00,0.00,0.00,0.00,40,0,230,0,0
142,240514,Kjell,Scherpen,2562197,0,False,0,0,0,0,0,0,0,0,0,0,0,0,0,0.0,0.0,0.0,0.0,0,0,0,0,0,0.00,0.00,0.00,0.00,40,-1,229,0,1
142,240514,Kjell,Scherpen,2562207,0,False,0,0,0,0,0,0,0,0,0,0,0,0,0,0.0,0.0,0.0,0.0,0,0,0,0,0,0.00,0.00,0.00,0.00,40,0,229,0,0
142,240514,Kjell,Scherpen,2562224,0,False,0,0,0,0,0,0,0,0,0,0,0,0,0,0.0,0.0,0.0,0.0,0,0,0,0,0,0.00,0.00,0.00,0.00,40,-2,227,0,2
142,240514,Kjell,Scherpen,2562227,0,False,0,0,0,0,0,0,0,0,0,0,0,0,0,0.0,0.0,0.0,0.0,0,0,0,0,0,0.00,0.00,0.00,0.00,40,-2,227,0,2
142,240514,Kjell,Scherpen,2562243,0,False,0,0,0,0,0,0,0,0,0,0,0,0,0,0.0,0.0,0.0,0.0,0,0,0,0,0,0.00,0.00,0.00,0.00,40,0,228,0,0
142,240514,Kjell,Scherpen,2562245,0,False,0,0,0,0,0,0,0,0,0,0,0,0,0,0.0,0.0,0.0,0.0,0,0,0,0,0,0.00,0.00,0.00,0.00,40,-1,227,0,1
142,240514,Kjell,Scherpen,2562261,0,False,0,0,0,0,0,0,0,0,0,0,0,0,0,0.0,0.0,0.0,0.0,0,0,0,0,0,0.00,0.00,0.00,0.00,40,0,227,0,0
142,240514,Kjell,Scherpen,2562265,0,False,0,0,0,0,0,0,0,0,0,0,0,0,0,0.0,0.0,0.0,0.0,0,0,0,0,0,0.00,0.00,0.00,0.00,40,0,227,0,0
143,204120,Olivier,Boscagli,2561897,0,False,0,0,0,0,0,0,0,0,0,0,0,0,0,0.0,0.0,0.0,0.0,0,0,0,0,0,0.00,0.00,0.00,0.00,45,0,11195,0,0
143,204120,Olivier,Boscagli,2561910,0,False,0,0,0,0,0,0,0,0,0,0,0,0,0,0.0,0.0,0.0,0.0,0,0,0,0,0,0.00,0.00,0.00,0.00,45,-1455,12359,704,2159
143,204120,Olivier,Boscagli,2561916,0,False,0,0,0,0,0,0,0,0,0,0,0,0,0,0.0,0.0,0.0,0.0,0,0,0,0,0,0.00,0.00,0.00,0.00,44,-1548,11528,408,1956
143,204120,Olivier,Boscagli,2561925,0,False,0,0,0,0,0,0,0,0,0,0,0,0,0,0.0,0.0,0.0,0.0,0,0,0,0,0,0.00,0.00,0.00,0.00,44,-955,10991,313,1268
143,204120,Olivier,Boscagli,2561937,0,False,0,0,0,0,0,0,0,0,0,0,0,0,0,0.0,0.0,0.0,0.0,0,0,0,0,0,0.00,0.00,0.00,0.00,44,-694,10535,164,858
143,204120,Olivier,Boscagli,2561947,0,False,0,0,0,0,0,0,0,0,0,0,0,0,0,0.0,0.0,0.0,0.0,0,0,0,0,0,0.00,0.00,0.00,0.00,44,-441,10269,211,652
143,204120,Olivier,Boscagli,2561964,0,False,0,0,0,0,0,0,0,0,0,0,0,0,0,0.0,0.0,0.0,0.0,0,0,0,0,0,0.00,0.00,0.00,0.00,43,-335,10108,224,559
143,204120,Olivier,Boscagli,2561965,0,False,0,0,0,0,0,0,0,0,0,0,0,0,0,0.0,0.0,0.0,0.0,0,0,0,0,0,0.00,0.00,0.00,0.00,43,-305,10054,198,503
143,204120,Olivier,Boscagli,2561982,0,False,0,0,0,0,0,0,0,0,0,0,0,0,0,0.0,0.0,0.0,0.0,0,0,0,0,0,0.00,0.00,0.00,0.00,43,-257,9953,98,355
143,204120,Olivier,Boscagli,2561985,0,False,0,0,0,0,0,0,0,0,0,0,0,0,0,0.0,0.0,0.0,0.0,0,0,0,0,0,0.00,0.00,0.00,0.00,43,-273,9833,85,358
143,204120,Olivier,Boscagli,2561998,0,False,0,0,0,0,0,0,0,0,0,0,0,0,0,0.0,0.0,0.0,0.0,0,0,0,0,0,0.00,0.00,0.00,0.00,43,-291,9650,63,354
143,204120,Olivier,Boscagli,2562007,0,False,45,0,0,0,1,0,0,0,1,0,0,0,4,12.8,1.0,0.0,1.4,6,3,2,8,1,0.00,0.05,0.05,0.85,43,-183,9602,91,274
143,204120,Olivier,Boscagli,2562021,0,False,0,0,0,0,0,0,0,0,0,0,0,0,0,0.0,0.0,0.0,0.0,0,0,0,0,0,0.00,0.00,0.00,0.00,42,-126,9574,71,197
143,204120,Olivier,Boscagli,2562027,0,False,0,0,0,0,0,0,0,0,0,0,0,0,0,0.0,0.0,0.0,0.0,0,0,0,0,0,0.00,0.00,0.00,0.00,42,-23,9573,89,112
143,204120,Olivier,Boscagli,2562037,1,False,7,0,0,0,0,0,0,0,0,0,0,0,4,2.8,6.9,2.0,1.2,0,0,0,0,0,0.00,0.04,0.04,0.24,42,-69,9601,103,172
143,204120,Olivier,Boscagli,2562050,0,False,0,0,0,0,0,0,0,0,0,0,0,0,0,0.0,0.0,0.0,0.0,0,0,0,0,0,0.00,0.00,0.00,0.00,42,-183,9499,152,335
143,204120,Olivier,Boscagli,2562057,8,False,90,0,0,1,0,0,0,0,0,0,0,2,32,23.4,2.3,0.0,2.6,7,7,1,8,1,0.00,0.02,0.02,1.38,42,357,10324,573,216
143,204120,Olivier,Boscagli,2562065,0,False,0,0,0,0,0,0,0,0,0,0,0,0,0,0.0,0.0,0.0,0.0,0,0,0,0,0,0.00,0.00,0.00,0.00,42,274,10527,655,381
143,204120,Olivier,Boscagli,2562084,0,False,0,0,0,0,0,0,0,0,0,0,0,0,0,0.0,0.0,0.0,0.0,0,0,0,0,0,0.00,0.00,0.00,0.00,42,-112,10591,191,303
143,204120,Olivier,Boscagli,2562087,0,False,0,0,0,0,0,0,0,0,0,0,0,0,0,0.0,0.0,0.0,0.0,0,0,0,0,0,0.00,0.00,0.00,0.00,42,-96,10279,107,203
143,204120,Olivier,Boscagli,2562102,0,False,0,0,0,0,0,0,0,0,0,0,0,0,0,0.0,0.0,0.0,0.0,0,0,0,0,0,0.00,0.00,0.00,0.00,42,-142,10179,69,211
143,204120,Olivier,Boscagli,2562106,1,False,1,0,0,0,0,0,0,0,0,0,0,0,4,2.8,14.6,6.0,2.3,0,2,0,0,0,0.05,0.07,0.12,0.00,42,-67,10220,123,190
143,204120,Olivier,Boscagli,2562121,5,False,87,0,1,0,1,0,0,0,0,0,0,0,17,26.4,12.3,4.0,4.3,2,3,1,3,1,0.00,0.01,0.01,1.02,42,-20,10241,85,105
143,204120,Olivier,Boscagli,2562126,0,False,0,0,0,0,0,0,0,0,0,0,0,0,0,0.0,0.0,0.0,0.0,0,0,0,0,0,0.00,0.00,0.00,0.00,42,343,10702,539,196
143,204120,Olivier,Boscagli,2562137,4,False,90,0,0,0,1,0,0,0,0,0,0,0,16,28.2,1.0,0.0,2.9,8,10,3,11,1,0.00,0.05,0.05,1.16,42,-82,10614,146,228
143,204120,Olivier,Boscagli,2562145,1,False,29,0,0,0,1,0,0,0,0,0,0,0,1,5.4,0.5,0.0,0.6,2,2,1,3,0,0.00,0.00,0.00,0.25,42,350,11120,516,166
143,204120,Olivier,Boscagli,2562156,0,False,0,0,0,0,0,0,0,0,0,0,0,0,0,0.0,0.0,0.0,0.0,0,0,0,0,0,0.00,0.00,0.00,0.00,42,46,11117,233,187
143,204120,Olivier,Boscagli,2562167,0,False,0,0,0,0,0,0,0,0,0,0,0,0,0,0.0,0.0,0.0,0.0,0,0,0,0,0,0.00,0.00,0.00,0.00,42,-62,11120,121,183
143,204120,Olivier,Boscagli,2562177,1,False,90,0,0,0,1,0,0,0,1,0,0,0,10,20.2,7.8,0.0,2.8,6,7,2,8,1,0.00,0.07,0.07,0.47,42,-103,11037,66,169
143,204120,Olivier,Boscagli,2562193,0,False,0,0,0,0,0,0,0,0,0,0,0,0,0,0.0,0.0,0.0,0.0,0,0,0,0,0,0.00,0.00,0.00,0.00,42,65,11183,210,145
143,204120,Olivier,Boscagli,2562197,0,False,0,0,0,0,0,0,0,0,0,0,0,0,0,0.0,0.0,0.0,0.0,0,0,0,0,0,0.00,0.00,0.00,0.00,42,-101,11047,51,152
143,204120,Olivier,Boscagli,2562207,10,False,90,0,0,1,0,0,0,0,0,0,0,2,36,32.6,11.1,0.0,4.4,15,7,2,17,1,0.00,0.02,0.02,0.88,42,427,11633,604,177
143,204120,Olivier,Boscagli,2562224,1,False,90,0,0,0,2,0,0,0,0,0,0,0,11,21.0,6.1,0.0,2.7,8,7,0,8,1,0.00,0.04,0.04,1.09,42,8629,30287,9396,767
143,204120,Olivier,Boscagli,2562227,6,False,90,0,0,1,0,0,0,0,0,0,0,0,28,15.6,1.3,0.0,1.7,5,1,2,7,1,0.00,0.03,0.03,0.37,42,8629,30287,9396,767
143,204120,Olivier,Boscagli,2562243,1,False,90,0,0,0,3,0,0,0,0,0,0,0,8,24.4,17.3,0.0,4.2,3,5,2,5,1,0.00,0.07,0.07,3.16,42,1691,19585,2705,1014
143,204120,Olivier,Boscagli,2562245,0,False,0,0,0,0,0,0,0,0,0,0,0,0,0,0.0,0.0,0.0,0.0,0,0,0,0,0,0.00,0.00,0.00,0.00,42,2386,22195,3388,1002
143,204120,Olivier,Boscagli,2562261,0,False,0,0,0,0,0,0,0,0,0,0,0,0,0,0.0,0.0,0.0,0.0,0,0,0,0,0,0.00,0.00,0.00,0.00,42,-1725,20188,151,1876
143,204120,Olivier,Boscagli,2562265,0,False,0,0,0,0,0,0,0,0,0,0,0,0,0,0.0,0.0,0.0,0.0,0,0,0,0,0,0.00,0.00,0.00,0.00,42,-1612,18532,78,1690
144,550090,Diego,Coppola,2561897,0,False,0,0,0,0,0,0,0,0,0,0,0,0,0,0.0,0.0,0.0,0.0,0,0,0,0,0,0.00,0.00,0.00,0.00,45,0,7225,0,0
144,550090,Diego,Coppola,2561910,0,False,0,0,0,0,0,0,0,0,0,0,0,0,0,0.0,0.0,0.0,0.0,0,0,0,0,0,0.00,0.00,0.00,0.00,45,-982,7601,234,1216
144,550090,Diego,Coppola,2561916,1,False,1,0,0,0,0,0,0,0,0,0,0,0,3,0.0,0.0,0.0,0.0,0,0,0,0,0,0.00,0.00,0.00,0.06,44,-936,7076,133,1069
144,550090,Diego,Coppola,2561925,0,False,0,0,0,0,0,0,0,0,0,0,0,0,0,0.0,0.0,0.0,0.0,0,0,0,0,0,0.00,0.00,0.00,0.00,44,-489,6923,210,699
144,550090,Diego,Coppola,2561937,1,False,15,0,0,0,1,0,0,0,0,0,0,0,0,5.4,0.1,0.0,0.6,3,1,0,3,0,0.00,0.00,0.00,0.07,44,-464,6623,119,583
144,550090,Diego,Coppola,2561947,0,False,0,0,0,0,0,0,0,0,0,0,0,0,0,0.0,0.0,0.0,0.0,0,0,0,0,0,0.00,0.00,0.00,0.00,44,-298,6480,137,435
144,550090,Diego,Coppola,2561964,0,False,0,0,0,0,0,0,0,0,0,0,0,0,0,0.0,0.0,0.0,0.0,0,0,0,0,0,0.00,0.00,0.00,0.00,44,-162,6448,187,349
144,550090,Diego,Coppola,2561965,1,False,1,0,0,0,0,0,0,0,0,0,0,0,3,2.4,0.0,0.0,0.2,1,0,0,1,0,0.00,0.00,0.00,0.08,43,-211,6456,140,351
144,550090,Diego,Coppola,2561982,0,False,0,0,0,0,0,0,0,0,0,0,0,0,0,0.0,0.0,0.0,0.0,0,0,0,0,0,0.00,0.00,0.00,0.00,43,-154,6414,95,249
144,550090,Diego,Coppola,2561985,0,False,0,0,0,0,0,0,0,0,0,0,0,0,0,0.0,0.0,0.0,0.0,0,0,0,0,0,0.00,0.00,0.00,0.00,43,-194,6374,84,278
144,550090,Diego,Coppola,2561998,0,False,0,0,0,0,0,0,0,0,0,0,0,0,0,0.0,0.0,0.0,0.0,0,0,0,0,0,0.00,0.00,0.00,0.00,43,-202,6279,38,240
144,550090,Diego,Coppola,2562007,0,False,0,0,0,0,0,0,0,0,0,0,0,0,0,0.0,0.0,0.0,0.0,0,0,0,0,0,0.00,0.00,0.00,0.00,43,-126,6319,47,173
144,550090,Diego,Coppola,2562021,0,False,0,0,0,0,0,0,0,0,0,0,0,0,0,0.0,0.0,0.0,0.0,0,0,0,0,0,0.00,0.00,0.00,0.00,43,-103,6321,43,146
144,550090,Diego,Coppola,2562027,0,False,0,0,0,0,0,0,0,0,0,0,0,0,0,0.0,0.0,0.0,0.0,0,0,0,0,0,0.00,0.00,0.00,0.00,43,-24,6345,67,91
144,550090,Diego,Coppola,2562037,0,False,0,0,0,0,0,0,0,0,0,0,0,0,0,0.0,0.0,0.0,0.0,0,0,0,0,0,0.00,0.00,0.00,0.00,43,-62,6355,95,157
144,550090,Diego,Coppola,2562050,0,False,0,0,0,0,0,0,0,0,0,0,0,0,0,0.0,0.0,0.0,0.0,0,0,0,0,0,0.00,0.00,0.00,0.00,42,-140,6302,98,238
144,550090,Diego,Coppola,2562057,7,False,90,0,0,1,0,0,0,0,1,0,0,0,26,28.6,2.6,0.0,3.1,10,3,1,11,1,0.00,0.01,0.01,1.38,42,-69,6344,118,187
144,550090,Diego,Coppola,2562065,0,False,86,0,0,0,2,0,0,0,1,0,0,0,0,6.0,1.0,2.0,0.9,2,2,1,3,1,0.00,0.00,0.00,2.93,42,233,6739,364,131
144,550090,Diego,Coppola,2562084,0,False,0,0,0,0,0,0,0,0,0,0,0,0,0,0.0,0.0,0.0,0.0,0,0,0,0,0,0.00,0.00,0.00,0.00,42,67,6991,214,147
144,550090,Diego,Coppola,2562087,0,False,0,0,0,0,0,0,0,0,0,0,0,0,0,0.0,0.0,0.0,0.0,0,0,0,0,0,0.00,0.00,0.00,0.00,42,-83,6773,73,156
144,550090,Diego,Coppola,2562102,0,False,0,0,0,0,0,0,0,0,0,0,0,0,0,0.0,0.0,0.0,0.0,0,0,0,0,0,0.00,0.00,0.00,0.00,42,-89,6727,52,141
144,550090,Diego,Coppola,2562106,0,False,0,0,0,0,0,0,0,0,0,0,0,0,0,0.0,0.0,0.0,0.0,0,0,0,0,0,0.00,0.00,0.00,0.00,42,-59,6742,91,150
144,550090,Diego,Coppola,2562121,0,False,0,0,0,0,0,0,0,0,0,0,0,0,0,0.0,0.0,0.0,0.0,0,0,0,0,0,0.00,0.00,0.00,0.00,42,-30,6742,58,88
144,550090,Diego,Coppola,2562126,0,False,0,0,0,0,0,0,0,0,0,0,0,0,0,0.0,0.0,0.0,0.0,0,0,0,0,0,0.00,0.00,0.00,0.00,42,-167,6619,38,205
144,550090,Diego,Coppola,2562137,0,False,0,0,0,0,0,0,0,0,0,0,0,0,0,0.0,0.0,0.0,0.0,0,0,0,0,0,0.00,0.00,0.00,0.00,42,-302,6312,0,302
144,550090,Diego,Coppola,2562145,0,False,0,0,0,0,0,0,0,0,0,0,0,0,0,0.0,0.0,0.0,0.0,0,0,0,0,0,0.00,0.00,0.00,0.00,42,-170,6138,0,170
144,550090,Diego,Coppola,2562156,0,False,0,0,0,0,0,0,0,0,0,0,0,0,0,0.0,0.0,0.0,0.0,0,0,0,0,0,0.00,0.00,0.00,0.00,42,-135,6011,0,135
144,550090,Diego,Coppola,2562167,0,False,0,0,0,0,0,0,0,0,0,0,0,0,0,0.0,0.0,0.0,0.0,0,0,0,0,0,0.00,0.00,0.00,0.00,42,-71,5948,0,71
144,550090,Diego,Coppola,2562177,0,False,0,0,0,0,0,0,0,0,0,0,0,0,0,0.0,0.0,0.0,0.0,0,0,0,0,0,0.00,0.00,0.00,0.00,42,-48,5896,0,48
144,550090,Diego,Coppola,2562193,0,False,0,0,0,0,0,0,0,0,0,0,0,0,0,0.0,0.0,0.0,0.0,0,0,0,0,0,0.00,0.00,0.00,0.00,42,-73,5825,0,73
144,550090,Diego,Coppola,2562197,0,False,0,0,0,0,0,0,0,0,0,0,0,0,0,0.0,0.0,0.0,0.0,0,0,0,0,0,0.00,0.00,0.00,0.00,42,-40,5775,0,40
144,550090,Diego,Coppola,2562207,0,False,0,0,0,0,0,0,0,0,0,0,0,0,0,0.0,0.0,0.0,0.0,0,0,0,0,0,0.00,0.00,0.00,0.00,42,-35,5753,0,35
144,550090,Diego,Coppola,2562224,0,False,0,0,0,0,0,0,0,0,0,0,0,0,0,0.0,0.0,0.0,0.0,0,0,0,0,0,0.00,0.00,0.00,0.00,42,-36,5714,0,36
144,550090,Diego,Coppola,2562227,0,False,0,0,0,0,0,0,0,0,0,0,0,0,0,0.0,0.0,0.0,0.0,0,0,0,0,0,0.00,0.00,0.00,0.00,42,-36,5714,0,36
144,550090,Diego,Coppola,2562243,0,False,0,0,0,0,0,0,0,0,0,0,0,0,0,0.0,0.0,0.0,0.0,0,0,0,0,0,0.00,0.00,0.00,0.00,42,-15,5680,0,15
144,550090,Diego,Coppola,2562245,0,False,0,0,0,0,0,0,0,0,0,0,0,0,0,0.0,0.0,0.0,0.0,0,0,0,0,0,0.00,0.00,0.00,0.00,42,-23,5656,0,23
144,550090,Diego,Coppola,2562261,0,False,0,0,0,0,0,0,0,0,0,0,0,0,0,0.0,0.0,0.0,0.0,0,0,0,0,0,0.00,0.00,0.00,0.00,42,-10,5648,0,10
144,550090,Diego,Coppola,2562265,0,False,0,0,0,0,0,0,0,0,0,0,0,0,0,0.0,0.0,0.0,0.0,0,0,0,0,0,0.00,0.00,0.00,0.00,42,-26,5620,0,26
145,465730,Maxim,De Cuyper,2561897,2,False,90,0,0,0,1,0,0,0,0,0,0,0,8,15.0,26.7,4.0,4.6,4,3,2,6,1,0.00,0.09,0.09,0.76,45,0,634857,0,0
145,465730,Maxim,De Cuyper,2561910,0,False,66,0,0,0,2,0,0,0,1,0,0,0,2,4.8,1.0,4.0,1.0,4,2,1,5,1,0.00,0.02,0.02,1.20,45,-13107,644032,30745,43852
145,465730,Maxim,De Cuyper,2561916,2,False,90,0,0,0,1,0,0,0,0,0,0,0,12,4.8,9.8,2.0,1.7,2,8,1,3,1,0.00,0.36,0.36,1.82,45,-92545,532901,6323,98868
145,465730,Maxim,De Cuyper,2561925,1,False,23,0,0,0,1,0,0,0,0,0,0,0,2,3.8,0.2,2.0,0.6,0,2,2,2,1,0.00,0.00,0.00,0.06,45,-94606,462342,8422,103028
145,465730,Maxim,De Cuyper,2561937,0,False,0,0,0,0,0,0,0,0,0,0,0,0,0,0.0,0.0,0.0,0.0,0,0,0,0,0,0.00,0.00,0.00,0.00,45,-89097,380324,533,89630
145,465730,Maxim,De Cuyper,2561947,8,False,5,1,0,0,0,0,0,0,0,0,0,1,20,33.2,0.5,33.0,6.7,0,0,0,0,0,0.64,0.00,0.64,0.41,44,-76311,305197,1147,77458
145,465730,Maxim,De Cuyper,2561964,1,False,20,0,0,0,0,0,0,0,0,0,0,0,10,7.6,15.1,7.0,3.0,0,0,0,0,0,0.04,0.07,0.11,0.05,44,-6633,303947,11390,18023
145,465730,Maxim,De Cuyper,2561965,1,False,54,0,0,0,1,0,0,0,0,0,0,0,3,8.8,6.2,17.0,3.2,2,4,1,3,0,0.02,0.01,0.03,1.27,44,-22303,281444,4797,27100
145,465730,Maxim,De Cuyper,2561982,0,False,58,0,0,0,2,0,0,0,0,0,0,0,4,6.0,25.3,4.0,3.5,2,5,0,2,1,0.04,0.20,0.24,0.62,44,-18055,263790,2415,20470
145,465730,Maxim,De Cuyper,2561985,0,False,0,0,0,0,0,0,0,0,0,0,0,0,0,0.0,0.0,0.0,0.0,0,0,0,0,0,0.00,0.00,0.00,0.00,44,-13761,250950,4051,17812
145,465730,Maxim,De Cuyper,2561998,1,False,5,0,0,0,0,0,0,0,0,0,0,0,3,0.0,0.1,0.0,0.0,0,1,0,0,0,0.00,0.00,0.00,0.16,43,-19157,231000,585,19742
145,465730,Maxim,De Cuyper,2562007,1,False,45,0,0,0,0,0,0,0,0,0,0,0,2,1.4,15.5,0.0,1.7,0,1,2,2,0,0.00,0.06,0.06,1.05,43,-13015,218504,892,13907
145,465730,Maxim,De Cuyper,2562021,15,False,83,1,0,1,0,0,0,0,0,0,0,3,49,49.8,55.5,21.0,12.6,3,2,0,3,1,0.40,0.29,0.69,0.70,43,-8981,208632,575,9556
145,465730,Maxim,De Cuyper,2562027,0,False,90,0,0,0,4,0,0,0,0,0,0,0,5,16.4,31.8,7.0,5.5,0,2,0,0,1,0.06,0.11,0.17,2.41,43,14273,229069,16965,2692
145,465730,Maxim,De Cuyper,2562037,8,False,71,0,0,1,0,0,0,0,0,0,0,2,35,18.2,56.8,4.0,7.9,2,3,1,3,1,0.00,0.44,0.44,0.72,43,14508,251272,20359,5851
145,465730,Maxim,De Cuyper,2562050,0,False,0,0,0,0,0,0,0,0,0,0,0,0,0,0.0,0.0,0.0,0.0,0,0,0,0,0,0.00,0.00,0.00,0.00,43,18121,259654,33681,15560
145,465730,Maxim,De Cuyper,2562057,6,False,63,0,0,1,0,0,0,0,0,0,0,0,23,7.6,19.0,8.0,3.5,4,2,0,4,1,0.03,0.27,0.30,1.15,43,12923,275410,24682,11759
145,465730,Maxim,De Cuyper,2562065,1,False,45,0,0,0,1,0,0,0,0,0,0,0,-2,0.0,0.8,0.0,0.0,0,2,0,0,1,0.00,0.00,0.00,2.11,43,24534,297813,36962,12428
145,465730,Maxim,De Cuyper,2562084,0,False,57,0,0,0,2,0,0,0,0,0,0,0,0,6.6,17.5,2.0,2.6,1,6,1,2,1,0.06,0.04,0.10,1.66,43,11339,324661,23844,12505
145,465730,Maxim,De Cuyper,2562087,1,False,20,0,0,0,0,0,0,0,0,0,0,0,3,1.0,1.8,1.0,0.4,1,0,0,1,0,0.05,0.01,0.06,0.04,43,-4871,305935,9179,14050
145,465730,Maxim,De Cuyper,2562102,1,False,90,0,0,0,1,0,0,0,1,0,0,0,5,7.8,15.3,2.0,2.5,2,2,3,5,1,0.00,0.01,0.01,2.55,43,-23391,280420,1621,25012
145,465730,Maxim,De Cuyper,2562106,0,False,0,0,0,0,0,0,0,0,0,0,0,0,0,0.0,0.0,0.0,0.0,0,0,0,0,0,0.00,0.00,0.00,0.00,43,-12894,268873,2683,15577
145,465730,Maxim,De Cuyper,2562121,1,False,2,0,0,0,1,0,0,0,0,0,0,0,3,6.6,0.1,0.0,0.7,1,1,2,3,0,0.00,0.00,0.00,0.03,43,-10690,258452,1163,11853
145,465730,Maxim,De Cuyper,2562126,6,False,69,0,0,1,0,0,0,0,0,0,0,0,25,3.6,15.4,2.0,2.1,2,2,0,2,1,0.00,0.16,0.16,0.42,43,-12830,245696,2163,14993
145,465730,Maxim,De Cuyper,2562137,2,False,70,0,0,0,1,0,0,0,0,0,0,0,6,7.0,2.3,12.0,2.1,1,6,0,1,1,0.21,0.01,0.22,0.79,43,-866,245574,4294,5160
145,465730,Maxim,De Cuyper,2562145,0,False,0,0,0,0,0,0,0,0,0,0,0,0,0,0.0,0.0,0.0,0.0,0,0,0,0,0,0.00,0.00,0.00,0.00,43,-5501,238629,2013,7514
145,465730,Maxim,De Cuyper,2562156,1,False,14,0,0,0,0,0,0,0,0,0,0,0,4,4.0,3.0,0.0,0.7,0,1,2,2,0,0.00,0.00,0.00,0.49,43,-5919,234041,1102,7021
145,465730,Maxim,De Cuyper,2562167,1,False,1,0,0,0,0,0,0,0,0,0,0,0,4,1.0,0.0,0.0,0.1,1,1,0,1,0,0.00,0.00,0.00,0.25,43,-4760,229560,831,5591
145,465730,Maxim,De Cuyper,2562177,0,False,0,0,0,0,0,0,0,0,0,0,0,0,0,0.0,0.0,0.0,0.0,0,0,0,0,0,0.00,0.00,0.00,0.00,43,-5652,223676,608,6260
145,465730,Maxim,De Cuyper,2562193,1,False,14,0,0,0,0,0,0,0,0,0,0,0,2,0.2,0.0,0.0,0.0,1,1,0,1,0,0.00,0.00,0.00,0.12,43,-4464,219644,891,5355
145,465730,Maxim,De Cuyper,2562197,0,False,0,0,0,0,0,0,0,0,0,0,0,0,0,0.0,0.0,0.0,0.0,0,0,0,0,0,0.00,0.00,0.00,0.00,43,-3959,210835,390,4349
145,465730,Maxim,De Cuyper,2562207,0,False,0,0,0,0,0,0,0,0,0,0,0,0,0,0.0,0.0,0.0,0.0,0,0,0,0,0,0.00,0.00,0.00,0.00,43,-4039,212043,1602,5641
145,465730,Maxim,De Cuyper,2562224,1,False,15,0,0,0,1,0,0,0,0,0,0,0,-2,2.0,0.8,0.0,0.3,1,1,0,1,0,0.00,0.00,0.00,0.12,43,-3954,208077,1337,5291
145,465730,Maxim,De Cuyper,2562227,4,False,13,0,1,0,0,0,0,0,0,0,0,0,19,25.2,10.5,0.0,3.6,1,1,1,2,0,0.00,0.10,0.10,0.11,43,-3954,208077,1337,5291
145,465730,Maxim,De Cuyper,2562243,1,False,9,0,0,0,1,0,0,0,0,0,0,0,2,6.6,14.8,0.0,2.1,1,0,1,2,0,0.00,0.01,0.01,1.05,43,-2382,198571,646,3028
145,465730,Maxim,De Cuyper,2562245,15,False,87,0,2,1,0,0,0,0,0,0,0,3,59,51.0,78.6,8.0,13.8,1,3,1,2,1,0.00,1.14,1.14,0.39,43,-1276,197332,1161,2437
145,465730,Maxim,De Cuyper,2562261,2,False,90,0,0,0,1,0,0,0,0,0,0,0,13,17.6,47.8,7.0,7.2,5,6,0,5,1,0.09,0.50,0.59,0.39,43,19280,218545,20655,1375
145,465730,Maxim,De Cuyper,2562265,0,False,45,0,0,0,2,0,0,0,0,0,0,0,-1,10.2,44.4,7.0,6.2,0,0,1,1,1,0.02,0.18,0.20,1.19,43,11333,230927,16958,5625
146,83299,Lewis,Dunk,2561897,2,False,90,0,0,0,1,0,0,0,0,0,0,0,16,16.6,1.8,7.0,2.5,7,5,1,8,1,0.09,0.00,0.09,0.76,45,0,116430,0,0
146,83299,Lewis,Dunk,2561910,1,False,90,0,0,0,2,0,0,0,0,0,0,0,11,16.0,0.6,0.0,1.7,6,6,2,8,1,0.00,0.00,0.00,1.60,45,3459,145145,13305,9846
146,83299,Lewis,Dunk,2561916,5,False,90,0,1,0,1,0,0,0,0,0,0,0,16,4.2,0.5,11.0,1.6,3,3,0,3,1,0.09,0.01,0.10,1.82,45,-12337,136179,5043,17380
146,83299,Lewis,Dunk,2561925,2,False,90,0,0,0,2,0,0,0,1,0,0,0,4,23.2,11.3,8.0,4.3,11,2,0,11,1,0.00,0.01,0.01,1.45,45,702,143443,10053,9351
146,83299,Lewis,Dunk,2561937,3,False,90,0,0,0,2,0,0,0,0,0,0,0,10,26.4,0.4,2.0,2.9,10,4,2,12,1,0.03,0.00,0.03,1.22,45,-3767,141334,6367,10134
146,83299,Lewis,Dunk,2561947,1,False,90,0,0,0,1,0,0,0,1,0,0,0,8,10.6,1.6,4.0,1.6,7,2,1,8,1,0.06,0.01,0.07,1.81,45,-3522,139494,6826,10348
146,83299,Lewis,Dunk,2561964,1,False,90,0,0,0,1,0,0,0,1,0,0,0,8,10.2,2.5,1.0,1.4,2,3,2,4,1,0.06,0.01,0.07,0.56,45,391,142512,8982,8591
146,83299,Lewis,Dunk,2561965,2,False,90,0,0,0,1,0,0,0,0,0,0,0,13,15.6,1.2,5.0,2.2,7,2,1,8,1,0.02,0.01,0.03,1.45,45,-2963,140179,6434,9397
146,83299,Lewis,Dunk,2561982,0,False,90,0,0,0,4,0,0,0,0,0,0,0,1,12.6,1.3,7.0,2.1,6,11,1,7,1,0.21,0.01,0.22,1.29,45,-2538,138505,4691,7229
146,83299,Lewis,Dunk,2561985,6,False,90,0,0,1,0,0,0,0,0,0,0,0,27,15.0,1.4,2.0,1.8,4,4,1,5,1,0.00,0.01,0.01,0.50,45,3422,144806,11528,8106
146,83299,Lewis,Dunk,2561998,6,False,90,0,0,1,0,0,0,0,0,0,0,0,24,18.2,1.3,2.0,2.2,5,4,1,6,1,0.00,0.01,0.01,0.74,45,-5845,137753,2456,8301
146,83299,Lewis,Dunk,2562007,1,False,45,0,0,0,0,0,0,0,0,0,0,0,10,6.8,1.1,4.0,1.2,1,3,0,1,0,0.00,0.00,0.00,1.05,45,5182,145351,8686,3504
146,83299,Lewis,Dunk,2562021,6,False,90,0,0,1,0,0,0,0,0,0,0,0,29,24.4,0.8,2.0,2.7,7,6,0,7,1,0.00,0.01,0.01,0.71,45,-3366,141698,3340,6706
146,83299,Lewis,Dunk,2562027,0,False,90,0,0,0,4,0,0,0,0,0,0,0,-2,17.8,1.4,0.0,1.9,3,3,0,3,1,0.00,0.01,0.01,2.41,45,3097,145549,5633,2536
146,83299,Lewis,Dunk,2562037,1,False,90,0,0,0,1,0,0,0,1,0,0,0,14,33.8,13.8,7.0,5.5,7,6,2,9,1,0.01,0.02,0.03,1.14,45,850,148190,6112,5262
146,83299,Lewis,Dunk,2562050,0,False,90,0,0,0,2,0,0,0,1,0,0,0,5,23.2,2.8,2.0,2.8,4,4,1,5,1,0.00,0.02,0.02,1.89,45,-9712,136668,4308,14020
146,83299,Lewis,Dunk,2562057,0,False,0,0,0,0,0,0,0,0,0,0,0,0,0,0.0,0.0,0.0,0.0,0,0,0,0,0,0.00,0.00,0.00,0.00,45,-24885,111124,334,25219
146,83299,Lewis,Dunk,2562065,0,False,90,0,0,0,2,0,0,0,1,0,0,0,6,25.0,5.8,0.0,3.1,6,4,1,7,1,0.00,0.04,0.04,3.08,45,-2625,109902,2358,4983
146,83299,Lewis,Dunk,2562084,2,False,90,0,0,0,2,0,0,0,1,0,0,0,4,16.8,2.5,5.0,2.4,10,4,1,11,1,0.03,0.01,0.04,2.06,45,3653,118491,6446,2793
146,83299,Lewis,Dunk,2562087,6,False,90,0,0,1,0,0,0,0,0,0,0,0,30,24.6,13.1,6.0,4.4,5,5,2,7,1,0.06,0.07,0.13,0.30,45,6054,122691,9056,3002
146,83299,Lewis,Dunk,2562102,3,False,90,0,0,0,1,0,0,0,1,0,0,0,8,33.0,0.6,0.0,3.4,9,4,3,12,1,0.00,0.00,0.00,2.55,45,-3953,116972,2021,5974
146,83299,Lewis,Dunk,2562106,2,False,90,0,0,0,1,0,0,0,0,0,0,0,12,19.8,11.1,8.0,3.9,7,4,0,7,1,0.04,0.01,0.05,1.33,45,635,118438,3623,2988
146,83299,Lewis,Dunk,2562121,3,False,90,0,0,0,2,0,0,0,0,0,0,0,16,36.4,13.7,32.0,8.2,10,4,1,11,1,0.21,0.15,0.36,1.05,45,883,119530,3296,2413
146,83299,Lewis,Dunk,2562126,4,False,90,0,0,0,1,0,0,0,0,0,0,0,15,25.8,1.5,0.0,2.7,9,5,2,11,1,0.00,0.00,0.00,1.20,45,2698,122749,5910,3212
146,83299,Lewis,Dunk,2562137,4,False,90,0,0,0,1,0,0,0,0,0,0,0,11,27.0,0.8,13.0,4.1,9,6,3,12,1,0.29,0.02,0.31,1.16,45,1108,124613,4902,3794
146,83299,Lewis,Dunk,2562145,2,False,90,0,0,0,1,0,0,0,0,0,0,0,8,12.4,1.3,0.0,1.4,3,4,0,3,1,0.00,0.02,0.02,0.72,45,-594,123381,2758,3352
146,83299,Lewis,Dunk,2562156,6,False,90,0,0,1,0,0,0,0,0,0,0,0,26,14.4,1.0,17.0,3.2,6,2,1,7,1,0.05,0.00,0.05,1.60,45,1032,125016,3584,2552
146,83299,Lewis,Dunk,2562167,1,False,90,0,0,0,1,0,0,0,1,0,0,0,10,28.2,0.9,2.0,3.1,7,2,1,8,1,0.00,0.01,0.01,0.93,45,2280,128216,4405,2125
146,83299,Lewis,Dunk,2562177,0,False,0,0,0,0,0,0,0,0,0,0,0,0,0,0.0,0.0,0.0,0.0,0,0,0,0,0,0.00,0.00,0.00,0.00,45,-1533,125904,1816,3349
146,83299,Lewis,Dunk,2562193,11,False,90,0,0,1,0,0,0,0,0,0,0,3,43,31.2,11.6,7.0,5.0,11,3,2,13,1,0.05,0.03,0.08,0.90,45,1110,127672,3858,2748
146,83299,Lewis,Dunk,2562197,1,False,90,0,0,0,1,0,0,0,1,0,0,0,6,4.2,0.9,0.0,0.5,2,5,1,3,1,0.00,0.01,0.01,1.03,45,5273,138711,7107,1834
146,83299,Lewis,Dunk,2562207,0,False,0,0,0,0,0,0,0,0,0,0,0,0,0,0.0,0.0,0.0,0.0,0,0,0,0,0,0.00,0.00,0.00,0.00,45,-11956,120790,782,12738
146,83299,Lewis,Dunk,2562224,0,False,0,0,0,0,0,0,0,0,0,0,0,0,0,0.0,0.0,0.0,0.0,0,0,0,0,0,0.00,0.00,0.00,0.00,45,-8242,111729,93,8335
146,83299,Lewis,Dunk,2562227,0,False,0,0,0,0,0,0,0,0,0,0,0,0,0,0.0,0.0,0.0,0.0,0,0,0,0,0,0.00,0.00,0.00,0.00,45,-8242,111729,93,8335
146,83299,Lewis,Dunk,2562243,1,False,2,0,0,0,1,0,0,0,0,0,0,0,-1,0.0,0.0,0.0,0.0,0,0,0,0,0,0.00,0.00,0.00,1.05,45,315,111616,1217,902
146,83299,Lewis,Dunk,2562245,14,False,90,1,0,1,0,0,0,0,0,0,0,2,38,40.6,1.3,47.0,8.9,2,5,0,2,1,0.30,0.01,0.31,0.49,45,2086,114085,3167,1081
146,83299,Lewis,Dunk,2562261,2,False,90,0,0,0,1,0,0,0,0,0,0,0,13,19.6,12.3,7.0,3.9,7,5,0,7,1,0.23,0.01,0.24,0.39,45,8817,123642,9775,958
146,83299,Lewis,Dunk,2562265,1,False,90,0,0,0,3,0,0,0,0,0,0,0,4,16.0,3.3,2.0,2.1,3,5,2,5,1,0.00,0.03,0.03,1.66,45,3072,126605,6439,3367
147,204214,Pervis,Estupiñán Tenorio,2561897,0,False,0,0,0,0,0,0,0,0,0,0,0,0,0,0.0,0.0,0.0,0.0,0,0,0,0,0,0.00,0.00,0.00,0.00,45,0,3126,0,0
147,204214,Pervis,Estupiñán Tenorio,2561910,0,False,0,0,0,0,0,0,0,0,0,0,0,0,0,0.0,0.0,0.0,0.0,0,0,0,0,0,0.00,0.00,0.00,0.00,45,-1008,2097,0,1008
147,204214,Pervis,Estupiñán Tenorio,2561916,0,False,0,0,0,0,0,0,0,0,0,0,0,0,0,0.0,0.0,0.0,0.0,0,0,0,0,0,0.00,0.00,0.00,0.00,45,-422,1692,0,422
147,204214,Pervis,Estupiñán Tenorio,2561925,0,False,0,0,0,0,0,0,0,0,0,0,0,0,0,0.0,0.0,0.0,0.0,0,0,0,0,0,0.00,0.00,0.00,0.00,45,-203,1503,0,203
147,204214,Pervis,Estupiñán Tenorio,2561937,0,False,0,0,0,0,0,0,0,0,0,0,0,0,0,0.0,0.0,0.0,0.0,0,0,0,0,0,0.00,0.00,0.00,0.00,45,-75,1435,0,75
147,204214,Pervis,Estupiñán Tenorio,2561947,0,False,0,0,0,0,0,0,0,0,0,0,0,0,0,0.0,0.0,0.0,0.0,0,0,0,0,0,0.00,0.00,0.00,0.00,45,-59,1379,0,59
147,204214,Pervis,Estupiñán Tenorio,2561964,0,False,0,0,0,0,0,0,0,0,0,0,0,0,0,0.0,0.0,0.0,0.0,0,0,0,0,0,0.00,0.00,0.00,0.00,45,-30,1352,0,30
147,204214,Pervis,Estupiñán Tenorio,2561965,0,False,0,0,0,0,0,0,0,0,0,0,0,0,0,0.0,0.0,0.0,0.0,0,0,0,0,0,0.00,0.00,0.00,0.00,45,-50,1301,0,50
147,204214,Pervis,Estupiñán Tenorio,2561982,0,False,0,0,0,0,0,0,0,0,0,0,0,0,0,0.0,0.0,0.0,0.0,0,0,0,0,0,0.00,0.00,0.00,0.00,45,-20,1281,0,20
147,204214,Pervis,Estupiñán Tenorio,2561985,0,False,0,0,0,0,0,0,0,0,0,0,0,0,0,0.0,0.0,0.0,0.0,0,0,0,0,0,0.00,0.00,0.00,0.00,45,-15,1268,0,15
147,204214,Pervis,Estupiñán Tenorio,2561998,0,False,0,0,0,0,0,0,0,0,0,0,0,0,0,0.0,0.0,0.0,0.0,0,0,0,0,0,0.00,0.00,0.00,0.00,45,-7,1261,0,7
147,204214,Pervis,Estupiñán Tenorio,2562007,0,False,0,0,0,0,0,0,0,0,0,0,0,0,0,0.0,0.0,0.0,0.0,0,0,0,0,0,0.00,0.00,0.00,0.00,45,-11,1251,0,11
147,204214,Pervis,Estupiñán Tenorio,2562021,0,False,0,0,0,0,0,0,0,0,0,0,0,0,0,0.0,0.0,0.0,0.0,0,0,0,0,0,0.00,0.00,0.00,0.00,45,-11,1239,0,11
147,204214,Pervis,Estupiñán Tenorio,2562027,0,False,0,0,0,0,0,0,0,0,0,0,0,0,0,0.0,0.0,0.0,0.0,0,0,0,0,0,0.00,0.00,0.00,0.00,45,-2,1238,0,2
147,204214,Pervis,Estupiñán Tenorio,2562037,0,False,0,0,0,0,0,0,0,0,0,0,0,0,0,0.0,0.0,0.0,0.0,0,0,0,0,0,0.00,0.00,0.00,0.00,45,-8,1230,0,8
147,204214,Pervis,Estupiñán Tenorio,2562050,0,False,0,0,0,0,0,0,0,0,0,0,0,0,0,0.0,0.0,0.0,0.0,0,0,0,0,0,0.00,0.00,0.00,0.00,45,-10,1220,0,10
147,204214,Pervis,Estupiñán Tenorio,2562057,0,False,0,0,0,0,0,0,0,0,0,0,0,0,0,0.0,0.0,0.0,0.0,0,0,0,0,0,0.00,0.00,0.00,0.00,45,-7,1213,0,7
147,204214,Pervis,Estupiñán Tenorio,2562065,0,False,0,0,0,0,0,0,0,0,0,0,0,0,0,0.0,0.0,0.0,0.0,0,0,0,0,0,0.00,0.00,0.00,0.00,45,-4,1209,0,4
147,204214,Pervis,Estupiñán Tenorio,2562084,0,False,0,0,0,0,0,0,0,0,0,0,0,0,0,0.0,0.0,0.0,0.0,0,0,0,0,0,0.00,0.00,0.00,0.00,45,-7,1202,0,7
147,204214,Pervis,Estupiñán Tenorio,2562087,0,False,0,0,0,0,0,0,0,0,0,0,0,0,0,0.0,0.0,0.0,0.0,0,0,0,0,0,0.00,0.00,0.00,0.00,45,-2,1200,0,2
147,204214,Pervis,Estupiñán Tenorio,2562102,0,False,0,0,0,0,0,0,0,0,0,0,0,0,0,0.0,0.0,0.0,0.0,0,0,0,0,0,0.00,0.00,0.00,0.00,45,-4,1196,0,4
147,204214,Pervis,Estupiñán Tenorio,2562106,0,False,0,0,0,0,0,0,0,0,0,0,0,0,0,0.0,0.0,0.0,0.0,0,0,0,0,0,0.00,0.00,0.00,0.00,45,-4,1192,0,4
147,204214,Pervis,Estupiñán Tenorio,2562121,0,False,0,0,0,0,0,0,0,0,0,0,0,0,0,0.0,0.0,0.0,0.0,0,0,0,0,0,0.00,0.00,0.00,0.00,45,-5,1187,0,5
147,204214,Pervis,Estupiñán Tenorio,2562126,0,False,0,0,0,0,0,0,0,0,0,0,0,0,0,0.0,0.0,0.0,0.0,0,0,0,0,0,0.00,0.00,0.00,0.00,45,-4,1183,0,4
147,204214,Pervis,Estupiñán Tenorio,2562137,0,False,0,0,0,0,0,0,0,0,0,0,0,0,0,0.0,0.0,0.0,0.0,0,0,0,0,0,0.00,0.00,0.00,0.00,45,0,1183,0,0
147,204214,Pervis,Estupiñán Tenorio,2562145,0,False,0,0,0,0,0,0,0,0,0,0,0,0,0,0.0,0.0,0.0,0.0,0,0,0,0,0,0.00,0.00,0.00,0.00,45,-2,1180,0,2
147,204214,Pervis,Estupiñán Tenorio,2562156,0,False,0,0,0,0,0,0,0,0,0,0,0,0,0,0.0,0.0,0.0,0.0,0,0,0,0,0,0.00,0.00,0.00,0.00,45,-2,1179,0,2
147,204214,Pervis,Estupiñán Tenorio,2562167,0,False,0,0,0,0,0,0,0,0,0,0,0,0,0,0.0,0.0,0.0,0.0,0,0,0,0,0,0.00,0.00,0.00,0.00,45,-2,1177,0,2
147,204214,Pervis,Estupiñán Tenorio,2562177,0,False,0,0,0,0,0,0,0,0,0,0,0,0,0,0.0,0.0,0.0,0.0,0,0,0,0,0,0.00,0.00,0.00,0.00,45,-7,1170,0,7
147,204214,Pervis,Estupiñán Tenorio,2562193,0,False,0,0,0,0,0,0,0,0,0,0,0,0,0,0.0,0.0,0.0,0.0,0,0,0,0,0,0.00,0.00,0.00,0.00,45,-4,1166,0,4
147,204214,Pervis,Estupiñán Tenorio,2562197,0,False,0,0,0,0,0,0,0,0,0,0,0,0,0,0.0,0.0,0.0,0.0,0,0,0,0,0,0.00,0.00,0.00,0.00,45,-2,1164,0,2
147,204214,Pervis,Estupiñán Tenorio,2562207,0,False,0,0,0,0,0,0,0,0,0,0,0,0,0,0.0,0.0,0.0,0.0,0,0,0,0,0,0.00,0.00,0.00,0.00,45,-2,1163,0,2
147,204214,Pervis,Estupiñán Tenorio,2562224,0,False,0,0,0,0,0,0,0,0,0,0,0,0,0,0.0,0.0,0.0,0.0,0,0,0,0,0,0.00,0.00,0.00,0.00,45,0,1163,0,0
147,204214,Pervis,Estupiñán Tenorio,2562227,0,False,0,0,0,0,0,0,0,0,0,0,0,0,0,0.0,0.0,0.0,0.0,0,0,0,0,0,0.00,0.00,0.00,0.00,45,0,1163,0,0
147,204214,Pervis,Estupiñán Tenorio,2562243,0,False,0,0,0,0,0,0,0,0,0,0,0,0,0,0.0,0.0,0.0,0.0,0,0,0,0,0,0.00,0.00,0.00,0.00,45,-2,1161,0,2
147,204214,Pervis,Estupiñán Tenorio,2562245,0,False,0,0,0,0,0,0,0,0,0,0,0,0,0,0.0,0.0,0.0,0.0,0,0,0,0,0,0.00,0.00,0.00,0.00,45,0,1161,0,0
147,204214,Pervis,Estupiñán Tenorio,2562261,0,False,0,0,0,0,0,0,0,0,0,0,0,0,0,0.0,0.0,0.0,0.0,0,0,0,0,0,0.00,0.00,0.00,0.00,45,0,1161,0,0
147,204214,Pervis,Estupiñán Tenorio,2562265,0,False,0,0,0,0,0,0,0,0,0,0,0,0,0,0.0,0.0,0.0,0.0,0,0,0,0,0,0.00,0.00,0.00,0.00,45,0,1161,0,0
148,231416,Ferdi,Kadıoğlu,2561897,0,False,21,0,0,0,1,0,0,0,1,0,0,0,-5,0.0,1.3,0.0,0.1,1,0,0,1,0,0.00,0.00,0.00,0.24,45,0,19047,0,0
148,231416,Ferdi,Kadıoğlu,2561910,0,False,23,0,0,0,0,0,0,0,1,0,0,0,-1,0.0,2.2,0.0,0.2,1,2,0,1,0,0.00,0.00,0.00,0.40,45,-2531,19401,954,3485
148,231416,Ferdi,Kadıoğlu,2561916,0,False,0,0,0,0,0,0,0,0,0,0,0,0,0,0.0,0.0,0.0,0.0,0,0,0,0,0,0.00,0.00,0.00,0.00,44,-2818,17371,718,3536
148,231416,Ferdi,Kadıoğlu,2561925,4,False,66,0,0,0,1,0,0,0,0,0,0,0,13,21.2,6.4,0.0,2.8,8,4,2,10,0,0.00,0.04,0.04,1.39,44,-1953,16143,438,2391
148,231416,Ferdi,Kadıoğlu,2561937,1,False,84,0,0,0,2,0,0,0,0,0,0,0,9,10.6,11.3,4.0,2.6,1,5,4,5,1,0.07,0.01,0.08,1.21,44,-90,16491,932,1022
148,231416,Ferdi,Kadıoğlu,2561947,2,False,90,0,0,0,1,0,0,0,0,0,0,0,9,27.4,20.3,2.0,5.0,5,4,2,7,1,0.00,0.13,0.13,1.81,44,-31,16856,1262,1293
148,231416,Ferdi,Kadıoğlu,2561964,2,False,90,0,0,0,1,0,0,0,0,0,0,0,13,14.0,8.9,17.0,4.0,2,4,1,3,1,0.11,0.06,0.17,0.56,44,587,17921,1614,1027
148,231416,Ferdi,Kadıoğlu,2561965,2,False,90,0,0,0,1,0,0,0,0,0,0,0,7,7.4,6.5,8.0,2.2,2,3,0,2,1,0.00,0.34,0.34,1.45,44,-28,18177,1210,1238
148,231416,Ferdi,Kadıoğlu,2561982,-1,False,90,0,0,0,4,0,0,0,1,0,0,0,-4,12.6,7.0,12.0,3.2,2,5,2,4,1,0.13,0.05,0.18,1.29,44,18,18437,1058,1040
148,231416,Ferdi,Kadıoğlu,2561985,6,False,90,0,0,1,0,0,0,0,0,0,0,0,29,10.6,5.9,2.0,1.9,1,3,4,5,1,0.00,0.01,0.01,0.50,44,2286,21399,3587,1301
148,231416,Ferdi,Kadıoğlu,2561998,6,False,90,0,0,1,0,0,0,0,0,0,0,0,29,12.6,6.9,0.0,2.0,2,4,2,4,1,0.00,0.03,0.03,0.74,44,-1128,20073,730,1858
148,231416,Ferdi,Kadıoğlu,2562007,2,False,90,0,0,0,1,0,0,0,0,0,0,0,10,11.2,4.9,5.0,2.1,4,7,2,6,1,0.06,0.16,0.22,1.91,44,2716,23577,3485,769
148,231416,Ferdi,Kadıoğlu,2562021,7,False,90,0,0,1,0,0,0,0,0,0,0,1,34,15.2,1.8,21.0,3.8,4,7,3,7,1,0.17,0.01,0.18,0.71,44,-506,23396,1567,2073
148,231416,Ferdi,Kadıoğlu,2562027,1,False,66,0,0,0,3,0,0,0,0,0,0,0,-6,6.6,1.1,0.0,0.8,3,0,1,4,1,0.00,0.00,0.00,1.81,44,3762,27298,4474,712
148,231416,Ferdi,Kadıoğlu,2562037,1,False,82,0,0,0,1,0,0,0,1,0,0,0,6,3.6,17.1,4.0,2.5,1,2,1,2,1,0.00,0.13,0.13,0.90,44,928,29517,2579,1651
148,231416,Ferdi,Kadıoğlu,2562050,1,False,90,0,0,0,2,0,0,0,0,0,0,0,6,13.8,19.5,4.0,3.7,3,4,2,5,1,0.08,0.07,0.15,1.89,44,-2481,25371,1572,4053
148,231416,Ferdi,Kadıoğlu,2562057,6,False,90,0,0,1,0,0,0,0,0,0,0,0,28,17.8,23.8,5.0,4.7,3,1,3,6,1,0.07,0.17,0.24,1.38,44,3684,30249,5141,1457
148,231416,Ferdi,Kadıoğlu,2562065,1,False,90,0,0,0,2,0,0,0,0,0,0,0,6,7.2,16.3,2.0,2.6,3,4,0,3,1,0.00,0.24,0.24,3.08,44,-172,29193,2911,3083
148,231416,Ferdi,Kadıoğlu,2562084,4,False,90,0,1,0,2,0,0,0,0,0,0,0,21,24.0,38.1,17.0,7.9,3,9,1,4,1,0.09,0.09,0.18,2.06,44,2321,33588,3872,1551
148,231416,Ferdi,Kadıoğlu,2562087,9,False,90,0,0,1,0,0,0,0,0,0,0,3,44,23.2,47.8,2.0,7.3,3,2,1,4,1,0.00,0.48,0.48,0.30,44,8533,42500,10644,2111
148,231416,Ferdi,Kadıoğlu,2562102,2,False,90,0,0,0,1,0,0,0,0,0,0,0,15,18.8,6.8,17.0,4.3,2,5,3,5,1,0.21,0.02,0.23,2.55,44,-2960,37811,2965,5925
148,231416,Ferdi,Kadıoğlu,2562106,2,False,88,0,0,0,1,0,0,0,0,0,0,0,13,18.6,25.5,11.0,5.5,2,2,3,5,1,0.05,0.03,0.08,1.33,44,5070,43841,8027,2957
148,231416,Ferdi,Kadıoğlu,2562121,1,False,90,0,0,0,2,0,0,0,0,0,0,0,6,16.8,5.3,11.0,3.3,4,4,0,4,1,0.31,0.02,0.33,1.05,44,2285,46086,4509,2224
148,231416,Ferdi,Kadıoğlu,2562126,2,False,90,0,0,0,1,0,0,0,0,0,0,0,11,23.6,30.7,2.0,5.6,2,2,5,7,1,0.00,0.10,0.10,1.20,44,1910,48242,6240,4330
148,231416,Ferdi,Kadıoğlu,2562137,2,False,90,0,0,0,1,0,0,0,0,0,0,0,8,10.4,4.5,4.0,1.9,4,6,0,4,1,0.00,0.02,0.02,1.16,44,-2220,46179,2234,4454
148,231416,Ferdi,Kadıoğlu,2562145,2,False,90,0,0,0,1,0,0,0,0,0,0,0,17,10.0,2.3,7.0,1.9,1,5,2,3,1,0.03,0.01,0.04,0.72,44,-2966,42544,749,3715
148,231416,Ferdi,Kadıoğlu,2562156,8,False,90,0,1,1,0,0,0,0,1,0,0,0,27,8.6,12.9,7.0,2.9,5,7,1,6,1,0.02,0.03,0.05,1.60,44,-169,43103,2103,2272
148,231416,Ferdi,Kadıoğlu,2562167,2,False,90,0,0,0,1,0,0,0,0,0,0,0,7,6.0,2.9,6.0,1.5,1,1,2,3,1,0.03,0.06,0.09,0.93,44,338,43951,2354,2016
148,231416,Ferdi,Kadıoğlu,2562177,1,False,90,0,0,0,1,0,0,0,1,0,0,0,6,8.4,4.9,6.0,1.9,4,3,0,4,1,0.00,0.03,0.03,0.47,44,-1610,41963,761,2371
148,231416,Ferdi,Kadıoğlu,2562193,8,False,90,0,0,1,0,0,0,0,0,0,0,0,30,17.8,2.3,7.0,2.7,7,3,4,11,1,0.13,0.02,0.15,0.90,44,3276,45693,4801,1525
148,231416,Ferdi,Kadıoğlu,2562197,2,False,90,0,0,0,1,0,0,0,0,0,0,0,10,14.6,7.8,9.0,3.1,4,2,0,4,1,0.02,0.04,0.06,1.03,44,1542,49005,4142,2600
148,231416,Ferdi,Kadıoğlu,2562207,6,False,90,0,0,1,0,0,0,0,0,0,0,0,34,17.4,3.5,3.0,2.4,6,3,3,9,1,0.02,0.03,0.05,0.88,44,25245,73962,32407,7162
148,231416,Ferdi,Kadıoğlu,2562224,1,False,90,0,0,0,2,0,0,0,0,0,0,0,-2,6.6,4.6,11.0,2.2,5,2,0,5,1,0.14,0.01,0.15,1.09,44,18647,137748,23428,4781
148,231416,Ferdi,Kadıoğlu,2562227,15,False,90,1,0,1,0,0,0,0,0,0,0,3,51,54.6,4.1,43.0,10.2,6,3,1,7,1,0.26,0.09,0.35,0.37,44,18647,137748,23428,4781
148,231416,Ferdi,Kadıoğlu,2562243,1,False,90,0,0,0,3,0,0,0,0,0,0,0,-2,7.2,30.3,4.0,4.2,1,3,0,1,1,0.00,0.06,0.06,3.16,44,42808,129075,50812,8004
148,231416,Ferdi,Kadıoğlu,2562245,6,False,90,0,0,1,0,0,0,0,0,0,0,0,21,3.8,5.4,0.0,0.9,1,5,1,2,1,0.00,0.04,0.04,0.49,44,43738,176731,48734,4996
148,231416,Ferdi,Kadıoğlu,2562261,2,False,90,0,0,0,1,0,0,0,0,0,0,0,13,16.2,38.6,27.0,8.2,3,1,0,3,1,0.01,0.66,0.67,0.39,44,11228,184455,21086,9858
148,231416,Ferdi,Kadıoğlu,2562265,1,False,90,0,0,0,3,0,0,0,0,0,0,0,1,6.6,5.3,4.0,1.6,3,3,1,4,1,0.05,0.02,0.07,1.66,45,-3889,178843,11781,15670
149,223434,Igor Julio,dos Santos de Paulo,2561897,0,False,0,0,0,0,0,0,0,0,0,0,0,0,0,0.0,0.0,0.0,0.0,0,0,0,0,0,0.00,0.00,0.00,0.00,45,0,3843,0,0
149,223434,Igor Julio,dos Santos de Paulo,2561910,0,False,0,0,0,0,0,0,0,0,0,0,0,0,0,0.0,0.0,0.0,0.0,0,0,0,0,0,0.00,0.00,0.00,0.00,45,-264,5430,344,608
149,223434,Igor Julio,dos Santos de Paulo,2561916,0,False,0,0,0,0,0,0,0,0,0,0,0,0,0,0.0,0.0,0.0,0.0,0,0,0,0,0,0.00,0.00,0.00,0.00,45,-494,5568,223,717
149,223434,Igor Julio,dos Santos de Paulo,2561934,0,False,0,0,0,0,0,0,0,0,0,0,0,0,0,0.0,0.0,0.0,0.0,0,0,0,0,0,0.00,0.00,0.00,0.00,45,-15,6253,592,607
149,223434,Igor Julio,dos Santos de Paulo,2561943,0,False,0,0,0,0,0,0,0,0,0,0,0,0,0,0.0,0.0,0.0,0.0,0,0,0,0,0,0.00,0.00,0.00,0.00,45,-25,6640,447,472
149,223434,Igor Julio,dos Santos de Paulo,2561949,1,False,1,0,0,0,0,0,0,0,0,0,0,0,3,0.0,0.0,0.0,0.0,0,0,0,0,0,0.00,0.00,0.00,0.00,45,-199,6754,321,520
149,223434,Igor Julio,dos Santos de Paulo,2561956,0,False,0,0,0,0,0,0,0,0,0,0,0,0,0,0.0,0.0,0.0,0.0,0,0,0,0,0,0.00,0.00,0.00,0.00,45,57,7019,429,372
149,223434,Igor Julio,dos Santos de Paulo,2561974,0,False,0,0,0,0,0,0,0,0,0,0,0,0,0,0.0,0.0,0.0,0.0,0,0,0,0,0,0.00,0.00,0.00,0.00,45,10,7429,476,466
149,223434,Igor Julio,dos Santos de Paulo,2561981,0,False,0,0,0,0,0,0,0,0,0,0,0,0,0,0.0,0.0,0.0,0.0,0,0,0,0,0,0.00,0.00,0.00,0.00,45,270,7979,695,425
149,223434,Igor Julio,dos Santos de Paulo,2561994,1,False,5,0,0,0,0,0,0,0,0,0,0,0,3,0.0,0.0,0.0,0.0,0,0,0,0,0,0.00,0.00,0.00,0.08,45,-266,7885,231,497
149,223434,Igor Julio,dos Santos de Paulo,2562004,1,False,7,0,0,0,1,0,0,0,0,0,0,0,-1,3.0,10.3,0.0,1.3,1,0,0,1,0,0.00,0.00,0.00,0.53,45,102,8277,445,343
149,223434,Igor Julio,dos Santos de Paulo,2562005,3,False,90,0,0,0,2,0,0,0,0,0,0,0,5,22.8,0.3,0.0,2.3,12,3,0,12,1,0.00,0.00,0.00,4.05,45,-15,8485,334,349
149,223434,Igor Julio,dos Santos de Paulo,2562024,0,False,0,0,0,0,0,0,0,0,0,0,0,0,0,0.0,0.0,0.0,0.0,0,0,0,0,0,0.00,0.00,0.00,0.00,45,-43,8607,272,315
149,223434,Igor Julio,dos Santos de Paulo,2562032,0,False,0,0,0,0,0,0,0,0,0,0,0,0,0,0.0,0.0,0.0,0.0,0,0,0,0,0,0.00,0.00,0.00,0.00,45,-23,8640,190,213
149,223434,Igor Julio,dos Santos de Paulo,2562037,0,False,0,0,0,0,0,0,0,0,0,0,0,0,0,0.0,0.0,0.0,0.0,0,0,0,0,0,0.00,0.00,0.00,0.00,45,-461,8215,124,585
149,223434,Igor Julio,dos Santos de Paulo,2562054,0,False,0,0,0,0,0,0,0,0,0,0,0,0,0,0.0,0.0,0.0,0.0,0,0,0,0,0,0.00,0.00,0.00,0.00,45,-67,8344,349,416
149,223434,Igor Julio,dos Santos de Paulo,2562061,0,False,0,0,0,0,0,0,0,0,0,0,0,0,0,0.0,0.0,0.0,0.0,0,0,0,0,0,0.00,0.00,0.00,0.00,45,94,8623,370,276
149,223434,Igor Julio,dos Santos de Paulo,2562074,0,False,0,0,0,0,0,0,0,0,0,0,0,0,0,0.0,0.0,0.0,0.0,0,0,0,0,0,0.00,0.00,0.00,0.00,45,80,8905,344,264
149,223434,Igor Julio,dos Santos de Paulo,2562084,0,False,0,0,0,0,0,0,0,0,0,0,0,0,0,0.0,0.0,0.0,0.0,0,0,0,0,0,0.00,0.00,0.00,0.00,45,-216,8660,165,381
149,223434,Igor Julio,dos Santos de Paulo,2562094,0,False,0,0,0,0,0,0,0,0,0,0,0,0,0,0.0,0.0,0.0,0.0,0,0,0,0,0,0.00,0.00,0.00,0.00,45,480,9406,759,279
149,223434,Igor Julio,dos Santos de Paulo,2562104,0,False,0,0,0,0,0,0,0,0,0,0,0,0,0,0.0,0.0,0.0,0.0,0,0,0,0,0,0.00,0.00,0.00,0.00,45,-146,9235,303,449
149,223434,Igor Julio,dos Santos de Paulo,2562113,0,False,0,0,0,0,0,0,0,0,0,0,0,0,0,0.0,0.0,0.0,0.0,0,0,0,0,0,0.00,0.00,0.00,0.00,45,-95,9233,234,329
149,223434,Igor Julio,dos Santos de Paulo,2562124,0,False,0,0,0,0,0,0,0,0,0,0,0,0,0,0.0,0.0,0.0,0.0,0,0,0,0,0,0.00,0.00,0.00,0.00,45,45,9378,243,198
149,223434,Igor Julio,dos Santos de Paulo,2562126,0,False,0,0,0,0,0,0,0,0,0,0,0,0,0,0.0,0.0,0.0,0.0,0,0,0,0,0,0.00,0.00,0.00,0.00,45,-6,9461,253,259
149,223434,Igor Julio,dos Santos de Paulo,2562137,0,False,0,0,0,0,0,0,0,0,0,0,0,0,0,0.0,0.0,0.0,0.0,0,0,0,0,0,0.00,0.00,0.00,0.00,45,4,9543,215,211
149,223434,Igor Julio,dos Santos de Paulo,2562145,0,False,0,0,0,0,0,0,0,0,0,0,0,0,0,0.0,0.0,0.0,0.0,0,0,0,0,0,0.00,0.00,0.00,0.00,45,-39,9572,169,208
149,223434,Igor Julio,dos Santos de Paulo,2562156,0,False,0,0,0,0,0,0,0,0,0,0,0,0,0,0.0,0.0,0.0,0.0,0,0,0,0,0,0.00,0.00,0.00,0.00,45,12,9651,191,179
149,223434,Igor Julio,dos Santos de Paulo,2562167,0,False,0,0,0,0,0,0,0,0,0,0,0,0,0,0.0,0.0,0.0,0.0,0,0,0,0,0,0.00,0.00,0.00,0.00,45,27,9742,171,144
149,223434,Igor Julio,dos Santos de Paulo,2562177,0,False,0,0,0,0,0,0,0,0,0,0,0,0,0,0.0,0.0,0.0,0.0,0,0,0,0,0,0.00,0.00,0.00,0.00,45,-23,9751,129,152
149,223434,Igor Julio,dos Santos de Paulo,2562193,0,False,0,0,0,0,0,0,0,0,0,0,0,0,0,0.0,0.0,0.0,0.0,0,0,0,0,0,0.00,0.00,0.00,0.00,45,85,9922,241,156
149,223434,Igor Julio,dos Santos de Paulo,2562197,0,False,0,0,0,0,0,0,0,0,0,0,0,0,0,0.0,0.0,0.0,0.0,0,0,0,0,0,0.00,0.00,0.00,0.00,45,86,10206,200,114
149,223434,Igor Julio,dos Santos de Paulo,2562207,0,False,0,0,0,0,0,0,0,0,0,0,0,0,0,0.0,0.0,0.0,0.0,0,0,0,0,0,0.00,0.00,0.00,0.00,45,397,10623,584,187
149,223434,Igor Julio,dos Santos de Paulo,2562224,0,False,0,0,0,0,0,0,0,0,0,0,0,0,0,0.0,0.0,0.0,0.0,0,0,0,0,0,0.00,0.00,0.00,0.00,45,625,12561,899,274
149,223434,Igor Julio,dos Santos de Paulo,2562227,0,False,0,0,0,0,0,0,0,0,0,0,0,0,0,0.0,0.0,0.0,0.0,0,0,0,0,0,0.00,0.00,0.00,0.00,45,625,12561,899,274
149,223434,Igor Julio,dos Santos de Paulo,2562243,0,False,0,0,0,0,0,0,0,0,0,0,0,0,0,0.0,0.0,0.0,0.0,0,0,0,0,0,0.00,0.00,0.00,0.00,45,-48,10956,95,143
149,223434,Igor Julio,dos Santos de Paulo,2562245,0,False,0,0,0,0,0,0,0,0,0,0,0,0,0,0.0,0.0,0.0,0.0,0,0,0,0,0,0.00,0.00,0.00,0.00,45,6,10996,191,185
149,223434,Igor Julio,dos Santos de Paulo,2562261,0,False,0,0,0,0,0,0,0,0,0,0,0,0,0,0.0,0.0,0.0,0.0,0,0,0,0,0,0.00,0.00,0.00,0.00,45,-26,11012,132,158
149,223434,Igor Julio,dos Santos de Paulo,2562265,0,False,0,0,0,0,0,0,0,0,0,0,0,0,0,0.0,0.0,0.0,0.0,0,0,0,0,0,0.00,0.00,0.00,0.00,45,-21,11013,136,157
150,232792,Tariq,Lamptey,2561897,0,False,0,0,0,0,0,0,0,0,0,0,0,0,0,0.0,0.0,0.0,0.0,0,0,0,0,0,0.00,0.00,0.00,0.00,45,0,39147,0,0
150,232792,Tariq,Lamptey,2561910,0,False,0,0,0,0,0,0,0,0,0,0,0,0,0,0.0,0.0,0.0,0.0,0,0,0,0,0,0.00,0.00,0.00,0.00,45,-4678,39679,1559,6237
150,232792,Tariq,Lamptey,2561916,0,False,0,0,0,0,0,0,0,0,0,0,0,0,0,0.0,0.0,0.0,0.0,0,0,0,0,0,0.00,0.00,0.00,0.00,44,-5266,35518,905,6171
150,232792,Tariq,Lamptey,2561925,0,False,0,0,0,0,0,0,0,0,0,0,0,0,0,0.0,0.0,0.0,0.0,0,0,0,0,0,0.00,0.00,0.00,0.00,44,-10215,25650,314,10529
150,232792,Tariq,Lamptey,2561937,0,False,0,0,0,0,0,0,0,0,0,0,0,0,0,0.0,0.0,0.0,0.0,0,0,0,0,0,0.00,0.00,0.00,0.00,44,-5373,20590,0,5373
150,232792,Tariq,Lamptey,2561947,0,False,0,0,0,0,0,0,0,0,0,0,0,0,0,0.0,0.0,0.0,0.0,0,0,0,0,0,0.00,0.00,0.00,0.00,44,-3054,17631,0,3054
150,232792,Tariq,Lamptey,2561964,0,False,0,0,0,0,0,0,0,0,0,0,0,0,0,0.0,0.0,0.0,0.0,0,0,0,0,0,0.00,0.00,0.00,0.00,44,-1590,16126,0,1590
150,232792,Tariq,Lamptey,2561965,0,False,0,0,0,0,0,0,0,0,0,0,0,0,0,0.0,0.0,0.0,0.0,0,0,0,0,0,0.00,0.00,0.00,0.00,44,-1488,14657,0,1488
150,232792,Tariq,Lamptey,2561982,0,False,0,0,0,0,0,0,0,0,0,0,0,0,0,0.0,0.0,0.0,0.0,0,0,0,0,0,0.00,0.00,0.00,0.00,44,-720,13966,0,720
150,232792,Tariq,Lamptey,2561985,0,False,0,0,0,0,0,0,0,0,0,0,0,0,0,0.0,0.0,0.0,0.0,0,0,0,0,0,0.00,0.00,0.00,0.00,44,-709,13276,0,709
150,232792,Tariq,Lamptey,2561998,0,False,0,0,0,0,0,0,0,0,0,0,0,0,0,0.0,0.0,0.0,0.0,0,0,0,0,0,0.00,0.00,0.00,0.00,44,-442,12836,0,442
150,232792,Tariq,Lamptey,2562007,0,False,0,0,0,0,0,0,0,0,0,0,0,0,0,0.0,0.0,0.0,0.0,0,0,0,0,0,0.00,0.00,0.00,0.00,44,-378,12459,0,378
150,232792,Tariq,Lamptey,2562021,0,False,0,0,0,0,0,0,0,0,0,0,0,0,0,0.0,0.0,0.0,0.0,0,0,0,0,0,0.00,0.00,0.00,0.00,44,-259,12207,0,259
150,232792,Tariq,Lamptey,2562027,0,False,0,0,0,0,0,0,0,0,0,0,0,0,0,0.0,0.0,0.0,0.0,0,0,0,0,0,0.00,0.00,0.00,0.00,44,-142,12066,0,142
150,232792,Tariq,Lamptey,2562037,0,False,0,0,0,0,0,0,0,0,0,0,0,0,0,0.0,0.0,0.0,0.0,0,0,0,0,0,0.00,0.00,0.00,0.00,44,-167,11899,0,167
150,232792,Tariq,Lamptey,2562050,0,False,0,0,0,0,0,0,0,0,0,0,0,0,0,0.0,0.0,0.0,0.0,0,0,0,0,0,0.00,0.00,0.00,0.00,44,-340,11559,0,340
150,232792,Tariq,Lamptey,2562057,0,False,0,0,0,0,0,0,0,0,0,0,0,0,0,0.0,0.0,0.0,0.0,0,0,0,0,0,0.00,0.00,0.00,0.00,44,-211,11353,0,211
150,232792,Tariq,Lamptey,2562065,0,False,0,0,0,0,0,0,0,0,0,0,0,0,0,0.0,0.0,0.0,0.0,0,0,0,0,0,0.00,0.00,0.00,0.00,44,-177,11176,0,177
150,232792,Tariq,Lamptey,2562084,0,False,0,0,0,0,0,0,0,0,0,0,0,0,0,0.0,0.0,0.0,0.0,0,0,0,0,0,0.00,0.00,0.00,0.00,44,-110,11077,0,110
150,232792,Tariq,Lamptey,2562087,0,False,0,0,0,0,0,0,0,0,0,0,0,0,0,0.0,0.0,0.0,0.0,0,0,0,0,0,0.00,0.00,0.00,0.00,44,-51,11031,0,51
150,232792,Tariq,Lamptey,2562102,0,False,0,0,0,0,0,0,0,0,0,0,0,0,0,0.0,0.0,0.0,0.0,0,0,0,0,0,0.00,0.00,0.00,0.00,44,-60,10968,0,60
150,232792,Tariq,Lamptey,2562106,0,False,0,0,0,0,0,0,0,0,0,0,0,0,0,0.0,0.0,0.0,0.0,0,0,0,0,0,0.00,0.00,0.00,0.00,44,-84,10886,0,84
150,232792,Tariq,Lamptey,2562121,0,False,0,0,0,0,0,0,0,0,0,0,0,0,0,0.0,0.0,0.0,0.0,0,0,0,0,0,0.00,0.00,0.00,0.00,44,-46,10843,0,46
150,232792,Tariq,Lamptey,2562126,0,False,0,0,0,0,0,0,0,0,0,0,0,0,0,0.0,0.0,0.0,0.0,0,0,0,0,0,0.00,0.00,0.00,0.00,44,-57,10786,0,57
150,232792,Tariq,Lamptey,2562137,0,False,0,0,0,0,0,0,0,0,0,0,0,0,0,0.0,0.0,0.0,0.0,0,0,0,0,0,0.00,0.00,0.00,0.00,44,-51,10732,0,51
150,232792,Tariq,Lamptey,2562145,0,False,0,0,0,0,0,0,0,0,0,0,0,0,0,0.0,0.0,0.0,0.0,0,0,0,0,0,0.00,0.00,0.00,0.00,44,-41,10693,0,41
150,232792,Tariq,Lamptey,2562156,0,False,0,0,0,0,0,0,0,0,0,0,0,0,0,0.0,0.0,0.0,0.0,0,0,0,0,0,0.00,0.00,0.00,0.00,44,-43,10653,0,43
150,232792,Tariq,Lamptey,2562167,0,False,0,0,0,0,0,0,0,0,0,0,0,0,0,0.0,0.0,0.0,0.0,0,0,0,0,0,0.00,0.00,0.00,0.00,44,-24,10628,0,24
150,232792,Tariq,Lamptey,2562177,0,False,0,0,0,0,0,0,0,0,0,0,0,0,0,0.0,0.0,0.0,0.0,0,0,0,0,0,0.00,0.00,0.00,0.00,44,-26,10603,0,26
150,232792,Tariq,Lamptey,2562193,0,False,0,0,0,0,0,0,0,0,0,0,0,0,0,0.0,0.0,0.0,0.0,0,0,0,0,0,0.00,0.00,0.00,0.00,44,-29,10573,0,29
150,232792,Tariq,Lamptey,2562197,0,False,0,0,0,0,0,0,0,0,0,0,0,0,0,0.0,0.0,0.0,0.0,0,0,0,0,0,0.00,0.00,0.00,0.00,44,-15,10558,0,15
150,232792,Tariq,Lamptey,2562207,0,False,0,0,0,0,0,0,0,0,0,0,0,0,0,0.0,0.0,0.0,0.0,0,0,0,0,0,0.00,0.00,0.00,0.00,44,-16,10544,0,16
150,232792,Tariq,Lamptey,2562224,0,False,0,0,0,0,0,0,0,0,0,0,0,0,0,0.0,0.0,0.0,0.0,0,0,0,0,0,0.00,0.00,0.00,0.00,44,-19,10524,0,19
150,232792,Tariq,Lamptey,2562227,0,False,0,0,0,0,0,0,0,0,0,0,0,0,0,0.0,0.0,0.0,0.0,0,0,0,0,0,0.00,0.00,0.00,0.00,44,-19,10524,0,19
150,232792,Tariq,Lamptey,2562243,0,False,0,0,0,0,0,0,0,0,0,0,0,0,0,0.0,0.0,0.0,0.0,0,0,0,0,0,0.00,0.00,0.00,0.00,44,-13,10493,0,13
150,232792,Tariq,Lamptey,2562245,0,False,0,0,0,0,0,0,0,0,0,0,0,0,0,0.0,0.0,0.0,0.0,0,0,0,0,0,0.00,0.00,0.00,0.00,44,-13,10480,0,13
150,232792,Tariq,Lamptey,2562261,0,False,0,0,0,0,0,0,0,0,0,0,0,0,0,0.0,0.0,0.0,0.0,0,0,0,0,0,0.00,0.00,0.00,0.00,44,-12,10468,0,12
150,232792,Tariq,Lamptey,2562265,0,False,0,0,0,0,0,0,0,0,0,0,0,0,0,0.0,0.0,0.0,0.0,0,0,0,0,0,0.00,0.00,0.00,0.00,44,-11,10456,0,11
151,469142,Jan Paul,van Hecke,2561897,2,False,90,0,0,0,1,0,0,0,0,0,0,0,15,28.0,1.3,0.0,2.9,7,4,1,8,1,0.00,0.13,0.13,0.76,45,0,117209,0,0
151,469142,Jan Paul,van Hecke,2561910,1,False,90,0,0,0,2,0,0,0,0,0,0,0,5,18.6,0.9,4.0,2.4,6,3,0,6,1,0.01,0.01,0.02,1.60,45,-3853,124264,6386,10239
151,469142,Jan Paul,van Hecke,2561916,1,False,90,0,0,0,1,0,0,0,1,0,0,0,4,17.2,0.4,33.0,5.1,4,5,1,5,1,0.29,0.00,0.29,1.82,45,-12508,112563,2329,14837
151,469142,Jan Paul,van Hecke,2561925,3,False,90,0,0,0,2,0,0,0,0,0,0,0,5,24.0,0.8,2.0,2.7,10,2,0,10,1,0.00,0.02,0.02,1.45,45,-7492,108690,3755,11247
151,469142,Jan Paul,van Hecke,2561937,1,False,90,0,0,0,2,1,0,0,0,0,0,0,5,15.2,0.3,0.0,1.6,11,1,1,12,1,0.00,0.00,0.00,1.22,45,-4500,105290,3250,7750
151,469142,Jan Paul,van Hecke,2561947,3,False,90,0,0,0,1,0,0,0,1,0,0,0,12,34.6,1.8,4.0,4.0,11,4,4,15,1,0.03,0.03,0.06,1.81,44,-6421,99525,3683,10104
151,469142,Jan Paul,van Hecke,2561964,11,False,90,1,0,0,1,0,0,0,0,0,0,3,25,48.2,3.0,21.0,7.2,3,2,1,4,1,0.13,0.02,0.14,0.56,44,-414,100751,5798,6212
151,469142,Jan Paul,van Hecke,2561965,4,False,90,0,0,0,1,0,0,0,0,0,0,0,20,43.2,5.4,2.0,5.1,13,5,3,16,1,0.00,0.01,0.01,1.45,44,18753,122209,24874,6121
151,469142,Jan Paul,van Hecke,2561982,2,False,90,0,0,0,4,0,0,0,0,0,0,0,0,31.6,16.1,0.0,4.8,5,1,5,10,1,0.00,0.03,0.03,1.29,44,12915,135700,20124,7209
151,469142,Jan Paul,van Hecke,2561985,7,False,90,0,0,1,0,0,0,0,0,0,0,1,36,38.4,11.7,17.0,6.7,6,3,3,9,1,0.17,0.02,0.19,0.50,44,25021,168538,33278,8257
151,469142,Jan Paul,van Hecke,2561998,5,False,90,0,0,1,0,0,0,0,1,0,0,0,25,21.4,1.6,18.0,4.1,7,6,0,7,1,0.06,0.02,0.08,0.74,44,270,162923,12670,12400
151,469142,Jan Paul,van Hecke,2562007,2,False,90,0,0,0,1,0,0,0,0,0,0,0,11,17.8,2.1,6.0,2.6,4,5,1,5,1,0.00,0.01,0.01,1.91,44,20191,188774,26196,6005
151,469142,Jan Paul,van Hecke,2562021,6,False,90,0,0,1,0,0,0,0,0,0,0,0,25,13.4,1.1,0.0,1.5,4,2,0,4,1,0.00,0.01,0.01,0.71,44,-2620,183281,8839,11459
151,469142,Jan Paul,van Hecke,2562027,12,False,90,2,0,0,4,0,0,0,0,0,0,0,23,79.0,1.5,63.0,14.4,4,1,2,6,1,1.03,0.01,1.04,2.41,44,20406,206363,24766,4360
151,469142,Jan Paul,van Hecke,2562037,5,False,90,0,1,0,1,0,0,0,0,0,0,0,23,34.6,31.3,8.0,7.4,5,2,1,6,1,0.07,0.17,0.24,1.14,45,167742,435890,173557,5815
151,469142,Jan Paul,van Hecke,2562050,1,False,90,0,0,0,2,0,0,0,0,0,0,0,4,16.6,8.3,0.0,2.5,1,3,1,2,1,0.00,0.09,0.09,1.89,45,92754,465107,131514,38760
151,469142,Jan Paul,van Hecke,2562057,0,False,0,0,0,0,0,0,0,0,0,0,0,0,0,0.0,0.0,0.0,0.0,0,0,0,0,0,0.00,0.00,0.00,0.00,46,101142,593438,119758,18616
151,469142,Jan Paul,van Hecke,2562065,3,False,90,0,0,0,2,0,0,0,0,0,0,0,12,46.2,1.2,0.0,4.7,12,1,3,15,1,0.00,0.01,0.01,3.08,46,-76649,453221,12007,88656
151,469142,Jan Paul,van Hecke,2562084,0,False,90,0,0,0,2,0,0,0,1,0,0,0,6,17.6,2.6,0.0,2.0,6,4,1,7,1,0.00,0.02,0.02,2.06,45,39534,552673,63886,24352
151,469142,Jan Paul,van Hecke,2562087,6,False,90,0,0,1,0,0,0,0,0,0,0,0,32,29.2,1.3,21.0,5.2,8,3,1,9,1,0.10,0.01,0.11,0.30,45,37737,589791,73394,35657
151,469142,Jan Paul,van Hecke,2562102,3,False,90,0,0,0,1,0,0,0,1,0,0,0,9,22.8,0.0,4.0,2.7,14,3,1,15,1,0.01,0.00,0.01,2.55,45,-36620,535161,14677,51297
151,469142,Jan Paul,van Hecke,2562106,6,False,90,0,1,0,1,0,0,0,1,0,0,2,21,39.0,33.6,12.0,8.5,3,5,1,4,1,0.10,0.06,0.16,1.33,45,4634,545860,32257,27623
151,469142,Jan Paul,van Hecke,2562121,1,False,90,0,0,0,2,0,0,0,0,0,0,0,7,19.6,5.8,9.0,3.4,7,4,1,8,1,0.05,0.02,0.07,1.05,45,13450,560578,33922,20472
151,469142,Jan Paul,van Hecke,2562126,2,False,90,0,0,0,1,0,0,0,0,0,0,0,9,17.4,2.6,2.0,2.2,9,3,0,9,1,0.00,0.20,0.20,1.20,45,588,562352,43375,42787
151,469142,Jan Paul,van Hecke,2562137,0,False,0,0,0,0,0,0,0,0,0,0,0,0,0,0.0,0.0,0.0,0.0,0,0,0,0,0,0.00,0.00,0.00,0.00,45,-4887,560174,26095,30982
151,469142,Jan Paul,van Hecke,2562145,5,False,60,0,0,1,0,0,0,0,1,0,0,0,21,7.4,0.4,0.0,0.8,5,1,1,6,1,0.00,0.01,0.01,0.47,45,-90545,454855,2982,93527
151,469142,Jan Paul,van Hecke,2562156,9,False,90,0,0,1,0,0,0,0,0,0,0,1,29,17.0,0.7,0.0,1.8,10,4,0,10,1,0.00,0.01,0.01,1.60,44,-11631,456737,11286,22917
151,469142,Jan Paul,van Hecke,2562167,4,False,90,0,0,0,1,0,0,0,0,0,0,0,17,38.2,14.8,0.0,5.3,9,2,2,11,1,0.00,0.05,0.05,0.93,44,26157,487894,36929,10772
151,469142,Jan Paul,van Hecke,2562177,2,False,90,0,0,0,1,0,0,0,0,0,0,0,15,29.0,30.7,2.0,6.2,5,1,4,9,1,0.00,0.17,0.17,0.47,44,3138,486104,22661,19523
151,469142,Jan Paul,van Hecke,2562193,9,False,90,0,0,1,0,0,0,0,0,0,0,1,31,35.2,0.6,7.0,4.3,13,3,3,16,1,0.08,0.00,0.08,0.90,44,35849,524981,47589,11740
151,469142,Jan Paul,van Hecke,2562197,4,False,90,0,0,0,1,0,0,0,0,0,0,0,18,27.2,4.9,7.0,3.9,9,2,1,10,1,0.05,0.02,0.07,1.03,44,71088,668701,83832,12744
151,469142,Jan Paul,van Hecke,2562207,5,False,90,0,0,1,0,0,0,0,1,0,0,0,24,17.8,14.6,0.0,3.2,4,3,2,6,1,0.00,0.11,0.11,0.88,45,561917,1165585,583937,22020
151,469142,Jan Paul,van Hecke,2562224,6,False,90,0,1,0,2,0,0,0,0,0,0,0,16,44.8,13.7,10.0,6.9,13,6,3,16,1,0.06,0.07,0.13,1.09,46,230494,1736026,251130,20636
151,469142,Jan Paul,van Hecke,2562227,6,False,90,0,0,1,0,0,0,0,0,0,0,0,28,19.2,4.9,24.0,4.8,5,5,1,6,1,0.13,0.01,0.14,0.37,46,230494,1736026,251130,20636
151,469142,Jan Paul,van Hecke,2562243,2,False,90,0,0,0,3,0,0,0,1,0,0,0,3,14.0,2.5,2.0,1.9,8,7,2,10,1,0.00,0.10,0.10,3.16,46,67964,1317281,111494,43530
151,469142,Jan Paul,van Hecke,2562245,6,False,90,0,0,1,0,0,0,0,0,0,0,0,31,21.6,2.0,4.0,2.8,8,5,1,9,1,0.00,0.01,0.01,0.49,46,100343,1428059,125760,25417
151,469142,Jan Paul,van Hecke,2562261,2,False,90,0,0,0,1,0,0,0,0,0,0,0,6,18.0,14.3,13.0,4.5,9,0,0,9,1,0.94,0.07,1.01,0.39,47,28094,1447272,66449,38355
151,469142,Jan Paul,van Hecke,2562265,1,False,90,0,0,0,3,0,0,0,0,0,0,0,2,17.6,1.6,0.0,1.9,6,2,1,7,1,0.00,0.04,0.04,1.66,47,-50150,1386574,26487,76637
152,111478,Joël,Veltman,2561897,0,False,0,0,0,0,0,0,0,0,0,0,0,0,0,0.0,0.0,0.0,0.0,0,0,0,0,0,0.00,0.00,0.00,0.00,45,0,25315,0,0
152,111478,Joël,Veltman,2561910,0,False,0,0,0,0,0,0,0,0,0,0,0,0,0,0.0,0.0,0.0,0.0,0,0,0,0,0,0.00,0.00,0.00,0.00,45,-3876,23336,491,4367
152,111478,Joël,Veltman,2561916,1,False,90,0,0,0,1,0,0,0,1,0,0,0,5,8.2,3.3,2.0,1.4,2,0,3,5,1,0.00,0.00,0.00,1.82,44,-2910,21145,753,3663
152,111478,Joël,Veltman,2561925,3,False,90,0,0,0,2,0,0,0,0,0,0,0,13,22.4,11.3,4.0,3.8,6,7,4,10,1,0.00,0.01,0.01,1.45,44,-812,21108,1328,2140
152,111478,Joël,Veltman,2561937,3,False,90,0,0,0,2,0,0,0,0,0,0,0,11,27.0,5.2,0.0,3.2,8,4,7,15,1,0.00,0.00,0.00,1.22,44,168,21743,1486,1318
152,111478,Joël,Veltman,2561947,0,False,54,0,0,0,1,0,0,0,1,0,0,0,-1,10.6,0.1,0.0,1.1,5,1,1,6,1,0.00,0.00,0.00,1.33,44,707,22890,2416,1709
152,111478,Joël,Veltman,2561964,0,False,0,0,0,0,0,0,0,0,0,0,0,0,0,0.0,0.0,0.0,0.0,0,0,0,0,0,0.00,0.00,0.00,0.00,44,-2577,20336,511,3088
152,111478,Joël,Veltman,2561965,0,False,0,0,0,0,0,0,0,0,0,0,0,0,0,0.0,0.0,0.0,0.0,0,0,0,0,0,0.00,0.00,0.00,0.00,44,-2783,17588,53,2836
152,111478,Joël,Veltman,2561982,0,False,0,0,0,0,0,0,0,0,0,0,0,0,0,0.0,0.0,0.0,0.0,0,0,0,0,0,0.00,0.00,0.00,0.00,44,-1465,16181,39,1504
152,111478,Joël,Veltman,2561985,0,False,0,0,0,0,0,0,0,0,0,0,0,0,0,0.0,0.0,0.0,0.0,0,0,0,0,0,0.00,0.00,0.00,0.00,44,-1505,14680,38,1543
152,111478,Joël,Veltman,2561998,0,False,15,0,0,0,0,0,0,0,1,0,0,0,0,1.0,0.6,0.0,0.2,2,1,0,2,0,0.00,0.00,0.00,0.28,43,-1204,13504,9,1213
152,111478,Joël,Veltman,2562007,1,False,1,0,0,0,0,0,0,0,0,0,0,0,5,3.0,0.0,0.0,0.3,1,0,1,2,0,0.00,0.00,0.00,0.83,43,-230,13500,279,509
152,111478,Joël,Veltman,2562021,1,False,6,0,0,0,0,0,0,0,0,0,0,0,4,6.0,0.0,0.0,0.6,2,0,1,3,0,0.00,0.00,0.00,0.01,43,-78,13560,193,271
152,111478,Joël,Veltman,2562027,1,False,12,0,0,0,1,0,0,0,0,0,0,0,-1,1.4,0.6,0.0,0.2,0,0,0,0,0,0.00,0.00,0.00,0.58,43,-8,13620,194,202
152,111478,Joël,Veltman,2562037,0,False,0,0,0,0,0,0,0,0,0,0,0,0,0,0.0,0.0,0.0,0.0,0,0,0,0,0,0.00,0.00,0.00,0.00,43,-19,13739,295,314
152,111478,Joël,Veltman,2562050,0,False,0,0,0,0,0,0,0,0,0,0,0,0,0,0.0,0.0,0.0,0.0,0,0,0,0,0,0.00,0.00,0.00,0.00,43,-314,13477,476,790
152,111478,Joël,Veltman,2562057,1,False,45,0,0,0,0,0,0,0,0,0,0,0,13,21.0,26.4,4.0,5.1,1,2,3,4,0,0.00,0.05,0.05,0.59,43,172,13841,622,450
152,111478,Joël,Veltman,2562065,0,False,0,0,0,0,0,0,0,0,0,0,0,0,0,0.0,0.0,0.0,0.0,0,0,0,0,0,0.00,0.00,0.00,0.00,43,-8,13910,436,444
152,111478,Joël,Veltman,2562084,10,False,90,1,0,0,2,0,0,0,0,0,0,1,22,50.8,3.3,35.0,8.9,8,4,3,11,1,0.63,0.01,0.64,2.06,43,-29,14077,355,384
152,111478,Joël,Veltman,2562087,6,False,90,0,0,1,0,0,0,0,0,0,0,0,30,17.6,14.0,7.0,3.9,7,3,2,9,1,0.25,0.01,0.26,0.30,43,6199,21430,6982,783
152,111478,Joël,Veltman,2562102,0,False,0,0,0,0,0,0,0,0,0,0,0,0,0,0.0,0.0,0.0,0.0,0,0,0,0,0,0.00,0.00,0.00,0.00,43,-1466,18792,955,2421
152,111478,Joël,Veltman,2562106,2,False,90,0,0,0,1,0,0,0,0,0,0,0,12,20.0,3.4,7.0,3.0,6,6,2,8,1,0.11,0.02,0.13,1.33,43,83,19135,1121,1038
152,111478,Joël,Veltman,2562121,0,False,0,0,0,0,0,0,0,0,0,0,0,0,0,0.0,0.0,0.0,0.0,0,0,0,0,0,0.00,0.00,0.00,0.00,43,227,19468,926,699
152,111478,Joël,Veltman,2562126,1,False,20,0,0,0,1,0,0,0,0,0,0,0,0,6.8,0.5,0.0,0.7,3,1,0,3,0,0.00,0.00,0.00,0.78,43,-238,19283,973,1211
152,111478,Joël,Veltman,2562137,0,False,0,0,0,0,0,0,0,0,0,0,0,0,0,0.0,0.0,0.0,0.0,0,0,0,0,0,0.00,0.00,0.00,0.00,43,-581,18723,258,839
152,111478,Joël,Veltman,2562145,1,False,90,0,0,0,1,0,0,0,1,0,0,0,4,12.8,1.8,4.0,1.9,5,2,0,5,1,0.00,0.01,0.01,0.72,43,-521,18216,272,793
152,111478,Joël,Veltman,2562156,1,False,25,0,0,0,0,0,0,0,0,0,0,0,4,4.0,0.1,0.0,0.4,1,0,1,2,0,0.00,0.00,0.00,0.87,43,-278,18105,243,521
152,111478,Joël,Veltman,2562167,1,False,19,0,0,0,0,0,0,0,0,0,0,0,5,1.4,0.6,0.0,0.2,0,3,0,0,0,0.00,0.01,0.01,0.56,43,-259,17931,166,425
152,111478,Joël,Veltman,2562177,1,False,13,0,0,0,0,0,0,0,0,0,0,0,4,5.8,0.3,0.0,0.6,3,0,0,3,0,0.00,0.00,0.00,0.04,43,-363,17574,128,491
152,111478,Joël,Veltman,2562193,1,False,1,0,0,0,0,0,0,0,0,0,0,0,4,3.0,0.0,0.0,0.3,1,0,1,2,0,0.00,0.00,0.00,0.08,43,-70,17617,309,379
152,111478,Joël,Veltman,2562197,1,False,1,0,0,0,0,0,0,0,0,0,0,0,3,0.0,0.0,0.0,0.0,0,0,0,0,0,0.00,0.00,0.00,0.00,43,-251,17292,120,371
152,111478,Joël,Veltman,2562207,1,False,2,0,0,0,0,0,0,0,0,0,0,0,3,0.0,0.0,0.0,0.0,0,0,0,0,0,0.00,0.00,0.00,0.00,43,200,17724,551,351
152,111478,Joël,Veltman,2562224,0,False,0,0,0,0,0,0,0,0,0,0,0,0,0,0.0,0.0,0.0,0.0,0,0,0,0,0,0.00,0.00,0.00,0.00,43,98,18285,521,423
152,111478,Joël,Veltman,2562227,1,False,45,0,0,0,0,0,0,0,0,0,0,0,6,11.8,1.1,0.0,1.3,4,2,0,4,0,0.00,0.00,0.00,0.33,43,98,18285,521,423
152,111478,Joël,Veltman,2562243,1,False,62,0,0,0,1,0,0,0,1,0,0,0,5,0.0,2.3,0.0,0.2,0,3,0,0,0,0.00,0.01,0.01,1.69,43,-141,17050,141,282
152,111478,Joël,Veltman,2562245,1,False,32,0,0,0,0,0,0,0,0,0,0,0,3,4.4,1.9,0.0,0.6,1,0,0,1,0,0.00,0.01,0.01,0.18,43,371,17486,677,306
152,111478,Joël,Veltman,2562261,6,False,64,0,0,1,0,0,0,0,0,0,0,0,22,8.0,3.7,5.0,1.7,2,1,2,4,1,0.16,0.06,0.22,0.22,43,-245,17217,158,403
152,111478,Joël,Veltman,2562265,0,False,0,0,0,0,0,0,0,0,0,0,0,0,0,0.0,0.0,0.0,0.0,0,0,0,0,0,0.00,0.00,0.00,0.00,43,227,17560,571,344
153,110735,Adam,Webster,2561897,0,False,0,0,0,0,0,0,0,0,0,0,0,0,0,0.0,0.0,0.0,0.0,0,0,0,0,0,0.00,0.00,0.00,0.00,45,0,1517,0,0
153,110735,Adam,Webster,2561910,0,False,0,0,0,0,0,0,0,0,0,0,0,0,0,0.0,0.0,0.0,0.0,0,0,0,0,0,0.00,0.00,0.00,0.00,45,-364,1191,75,439
153,110735,Adam,Webster,2561916,0,False,0,0,0,0,0,0,0,0,0,0,0,0,0,0.0,0.0,0.0,0.0,0,0,0,0,0,0.00,0.00,0.00,0.00,44,-214,1009,45,259
153,110735,Adam,Webster,2561925,0,False,0,0,0,0,0,0,0,0,0,0,0,0,0,0.0,0.0,0.0,0.0,0,0,0,0,0,0.00,0.00,0.00,0.00,44,-74,949,43,117
153,110735,Adam,Webster,2561937,0,False,0,0,0,0,0,0,0,0,0,0,0,0,0,0.0,0.0,0.0,0.0,0,0,0,0,0,0.00,0.00,0.00,0.00,44,-41,913,43,84
153,110735,Adam,Webster,2561947,0,False,0,0,0,0,0,0,0,0,0,0,0,0,0,0.0,0.0,0.0,0.0,0,0,0,0,0,0.00,0.00,0.00,0.00,44,-19,900,66,85
153,110735,Adam,Webster,2561964,0,False,0,0,0,0,0,0,0,0,0,0,0,0,0,0.0,0.0,0.0,0.0,0,0,0,0,0,0.00,0.00,0.00,0.00,44,-42,858,22,64
153,110735,Adam,Webster,2561965,0,False,0,0,0,0,0,0,0,0,0,0,0,0,0,0.0,0.0,0.0,0.0,0,0,0,0,0,0.00,0.00,0.00,0.00,44,-20,847,38,58
153,110735,Adam,Webster,2561982,0,False,0,0,0,0,0,0,0,0,0,0,0,0,0,0.0,0.0,0.0,0.0,0,0,0,0,0,0.00,0.00,0.00,0.00,44,-3,847,52,55
153,110735,Adam,Webster,2561985,0,False,0,0,0,0,0,0,0,0,0,0,0,0,0,0.0,0.0,0.0,0.0,0,0,0,0,0,0.00,0.00,0.00,0.00,44,-18,839,35,53
153,110735,Adam,Webster,2561998,0,False,0,0,0,0,0,0,0,0,0,0,0,0,0,0.0,0.0,0.0,0.0,0,0,0,0,0,0.00,0.00,0.00,0.00,44,-21,813,26,47
153,110735,Adam,Webster,2562007,0,False,0,0,0,0,0,0,0,0,0,0,0,0,0,0.0,0.0,0.0,0.0,0,0,0,0,0,0.00,0.00,0.00,0.00,44,4,827,39,35
153,110735,Adam,Webster,2562021,0,False,0,0,0,0,0,0,0,0,0,0,0,0,0,0.0,0.0,0.0,0.0,0,0,0,0,0,0.00,0.00,0.00,0.00,44,-18,816,26,44
153,110735,Adam,Webster,2562027,0,False,0,0,0,0,0,0,0,0,0,0,0,0,0,0.0,0.0,0.0,0.0,0,0,0,0,0,0.00,0.00,0.00,0.00,44,4,813,22,18
153,110735,Adam,Webster,2562037,0,False,0,0,0,0,0,0,0,0,0,0,0,0,0,0.0,0.0,0.0,0.0,0,0,0,0,0,0.00,0.00,0.00,0.00,44,-2,816,16,18
153,110735,Adam,Webster,2562050,0,False,0,0,0,0,0,0,0,0,0,0,0,0,0,0.0,0.0,0.0,0.0,0,0,0,0,0,0.00,0.00,0.00,0.00,44,10,832,33,23
153,110735,Adam,Webster,2562057,0,False,0,0,0,0,0,0,0,0,0,0,0,0,0,0.0,0.0,0.0,0.0,0,0,0,0,0,0.00,0.00,0.00,0.00,44,-5,824,22,27
153,110735,Adam,Webster,2562065,0,False,0,0,0,0,0,0,0,0,0,0,0,0,0,0.0,0.0,0.0,0.0,0,0,0,0,0,0.00,0.00,0.00,0.00,44,10,838,30,20
153,110735,Adam,Webster,2562084,0,False,0,0,0,0,0,0,0,0,0,0,0,0,0,0.0,0.0,0.0,0.0,0,0,0,0,0,0.00,0.00,0.00,0.00,44,5,841,20,15
153,110735,Adam,Webster,2562087,0,False,0,0,0,0,0,0,0,0,0,0,0,0,0,0.0,0.0,0.0,0.0,0,0,0,0,0,0.00,0.00,0.00,0.00,44,-2,839,26,28
153,110735,Adam,Webster,2562102,0,False,0,0,0,0,0,0,0,0,0,0,0,0,0,0.0,0.0,0.0,0.0,0,0,0,0,0,0.00,0.00,0.00,0.00,44,-3,839,16,19
153,110735,Adam,Webster,2562106,0,False,0,0,0,0,0,0,0,0,0,0,0,0,0,0.0,0.0,0.0,0.0,0,0,0,0,0,0.00,0.00,0.00,0.00,44,6,843,26,20
153,110735,Adam,Webster,2562121,0,False,0,0,0,0,0,0,0,0,0,0,0,0,0,0.0,0.0,0.0,0.0,0,0,0,0,0,0.00,0.00,0.00,0.00,44,13,859,37,24
153,110735,Adam,Webster,2562126,0,False,0,0,0,0,0,0,0,0,0,0,0,0,0,0.0,0.0,0.0,0.0,0,0,0,0,0,0.00,0.00,0.00,0.00,44,21,877,44,23
153,110735,Adam,Webster,2562137,0,False,0,0,0,0,0,0,0,0,0,0,0,0,0,0.0,0.0,0.0,0.0,0,0,0,0,0,0.00,0.00,0.00,0.00,44,-28,855,19,47
153,110735,Adam,Webster,2562145,0,False,0,0,0,0,0,0,0,0,0,0,0,0,0,0.0,0.0,0.0,0.0,0,0,0,0,0,0.00,0.00,0.00,0.00,44,-4,852,12,16
153,110735,Adam,Webster,2562156,0,False,0,0,0,0,0,0,0,0,0,0,0,0,0,0.0,0.0,0.0,0.0,0,0,0,0,0,0.00,0.00,0.00,0.00,44,38,885,56,18
153,110735,Adam,Webster,2562167,0,False,0,0,0,0,0,0,0,0,0,0,0,0,0,0.0,0.0,0.0,0.0,0,0,0,0,0,0.00,0.00,0.00,0.00,44,-27,861,17,44
153,110735,Adam,Webster,2562177,0,False,0,0,0,0,0,0,0,0,0,0,0,0,0,0.0,0.0,0.0,0.0,0,0,0,0,0,0.00,0.00,0.00,0.00,44,-7,854,12,19
153,110735,Adam,Webster,2562193,0,False,0,0,0,0,0,0,0,0,0,0,0,0,0,0.0,0.0,0.0,0.0,0,0,0,0,0,0.00,0.00,0.00,0.00,44,28,883,46,18
153,110735,Adam,Webster,2562197,0,False,0,0,0,0,0,0,0,0,0,0,0,0,0,0.0,0.0,0.0,0.0,0,0,0,0,0,0.00,0.00,0.00,0.00,44,7,910,25,18
153,110735,Adam,Webster,2562207,0,False,0,0,0,0,0,0,0,0,0,0,0,0,0,0.0,0.0,0.0,0.0,0,0,0,0,0,0.00,0.00,0.00,0.00,44,6,897,27,21
153,110735,Adam,Webster,2562224,0,False,0,0,0,0,0,0,0,0,0,0,0,0,0,0.0,0.0,0.0,0.0,0,0,0,0,0,0.00,0.00,0.00,0.00,44,2,909,20,18
153,110735,Adam,Webster,2562227,0,False,0,0,0,0,0,0,0,0,0,0,0,0,0,0.0,0.0,0.0,0.0,0,0,0,0,0,0.00,0.00,0.00,0.00,44,2,909,20,18
153,110735,Adam,Webster,2562243,0,False,0,0,0,0,0,0,0,0,0,0,0,0,0,0.0,0.0,0.0,0.0,0,0,0,0,0,0.00,0.00,0.00,0.00,44,13,912,29,16
153,110735,Adam,Webster,2562245,0,False,0,0,0,0,0,0,0,0,0,0,0,0,0,0.0,0.0,0.0,0.0,0,0,0,0,0,0.00,0.00,0.00,0.00,44,1,919,24,23
153,110735,Adam,Webster,2562261,0,False,0,0,0,0,0,0,0,0,0,0,0,0,0,0.0,0.0,0.0,0.0,0,0,0,0,0,0.00,0.00,0.00,0.00,44,8,923,23,15
153,110735,Adam,Webster,2562265,0,False,0,0,0,0,0,0,0,0,0,0,0,0,0,0.0,0.0,0.0,0.0,0,0,0,0,0,0.00,0.00,0.00,0.00,44,46,978,74,28
154,439135,Eiran,Cashin,2561897,0,False,0,0,0,0,0,0,0,0,0,0,0,0,0,0.0,0.0,0.0,0.0,0,0,0,0,0,0.00,0.00,0.00,0.00,40,0,1366,0,0
154,439135,Eiran,Cashin,2561910,0,False,0,0,0,0,0,0,0,0,0,0,0,0,0,0.0,0.0,0.0,0.0,0,0,0,0,0,0.00,0.00,0.00,0.00,40,-274,1082,0,274
154,439135,Eiran,Cashin,2561916,0,False,0,0,0,0,0,0,0,0,0,0,0,0,0,0.0,0.0,0.0,0.0,0,0,0,0,0,0.00,0.00,0.00,0.00,40,-138,946,0,138
154,439135,Eiran,Cashin,2561925,0,False,0,0,0,0,0,0,0,0,0,0,0,0,0,0.0,0.0,0.0,0.0,0,0,0,0,0,0.00,0.00,0.00,0.00,40,-84,870,0,84
154,439135,Eiran,Cashin,2561937,0,False,0,0,0,0,0,0,0,0,0,0,0,0,0,0.0,0.0,0.0,0.0,0,0,0,0,0,0.00,0.00,0.00,0.00,40,-55,816,0,55
154,439135,Eiran,Cashin,2561947,0,False,0,0,0,0,0,0,0,0,0,0,0,0,0,0.0,0.0,0.0,0.0,0,0,0,0,0,0.00,0.00,0.00,0.00,40,-32,787,0,32
154,439135,Eiran,Cashin,2561964,0,False,0,0,0,0,0,0,0,0,0,0,0,0,0,0.0,0.0,0.0,0.0,0,0,0,0,0,0.00,0.00,0.00,0.00,40,-33,752,0,33
154,439135,Eiran,Cashin,2561965,0,False,0,0,0,0,0,0,0,0,0,0,0,0,0,0.0,0.0,0.0,0.0,0,0,0,0,0,0.00,0.00,0.00,0.00,40,-17,739,0,17
154,439135,Eiran,Cashin,2561982,0,False,0,0,0,0,0,0,0,0,0,0,0,0,0,0.0,0.0,0.0,0.0,0,0,0,0,0,0.00,0.00,0.00,0.00,40,-14,724,0,14
154,439135,Eiran,Cashin,2561985,0,False,0,0,0,0,0,0,0,0,0,0,0,0,0,0.0,0.0,0.0,0.0,0,0,0,0,0,0.00,0.00,0.00,0.00,40,-15,710,0,15
154,439135,Eiran,Cashin,2561998,0,False,0,0,0,0,0,0,0,0,0,0,0,0,0,0.0,0.0,0.0,0.0,0,0,0,0,0,0.00,0.00,0.00,0.00,40,-13,696,0,13
154,439135,Eiran,Cashin,2562007,0,False,0,0,0,0,0,0,0,0,0,0,0,0,0,0.0,0.0,0.0,0.0,0,0,0,0,0,0.00,0.00,0.00,0.00,40,-12,684,0,12
154,439135,Eiran,Cashin,2562021,0,False,0,0,0,0,0,0,0,0,0,0,0,0,0,0.0,0.0,0.0,0.0,0,0,0,0,0,0.00,0.00,0.00,0.00,40,-7,677,0,7
154,439135,Eiran,Cashin,2562027,0,False,0,0,0,0,0,0,0,0,0,0,0,0,0,0.0,0.0,0.0,0.0,0,0,0,0,0,0.00,0.00,0.00,0.00,40,-2,675,0,2
154,439135,Eiran,Cashin,2562037,0,False,0,0,0,0,0,0,0,0,0,0,0,0,0,0.0,0.0,0.0,0.0,0,0,0,0,0,0.00,0.00,0.00,0.00,40,-10,665,0,10
154,439135,Eiran,Cashin,2562050,0,False,0,0,0,0,0,0,0,0,0,0,0,0,0,0.0,0.0,0.0,0.0,0,0,0,0,0,0.00,0.00,0.00,0.00,40,-22,643,0,22
154,439135,Eiran,Cashin,2562057,0,False,0,0,0,0,0,0,0,0,0,0,0,0,0,0.0,0.0,0.0,0.0,0,0,0,0,0,0.00,0.00,0.00,0.00,40,-14,630,0,14
154,439135,Eiran,Cashin,2562065,0,False,0,0,0,0,0,0,0,0,0,0,0,0,0,0.0,0.0,0.0,0.0,0,0,0,0,0,0.00,0.00,0.00,0.00,40,-11,619,0,11
154,439135,Eiran,Cashin,2562084,0,False,0,0,0,0,0,0,0,0,0,0,0,0,0,0.0,0.0,0.0,0.0,0,0,0,0,0,0.00,0.00,0.00,0.00,40,-4,613,0,4
154,439135,Eiran,Cashin,2562087,0,False,0,0,0,0,0,0,0,0,0,0,0,0,0,0.0,0.0,0.0,0.0,0,0,0,0,0,0.00,0.00,0.00,0.00,40,-2,613,0,2
154,439135,Eiran,Cashin,2562102,0,False,0,0,0,0,0,0,0,0,0,0,0,0,0,0.0,0.0,0.0,0.0,0,0,0,0,0,0.00,0.00,0.00,0.00,40,-4,609,0,4
154,439135,Eiran,Cashin,2562106,0,False,0,0,0,0,0,0,0,0,0,0,0,0,0,0.0,0.0,0.0,0.0,0,0,0,0,0,0.00,0.00,0.00,0.00,40,-4,605,0,4
154,439135,Eiran,Cashin,2562121,0,False,0,0,0,0,0,0,0,0,0,0,0,0,0,0.0,0.0,0.0,0.0,0,0,0,0,0,0.00,0.00,0.00,0.00,40,-4,601,0,4
154,439135,Eiran,Cashin,2562126,0,False,0,0,0,0,0,0,0,0,0,0,0,0,0,0.0,0.0,0.0,0.0,0,0,0,0,0,0.00,0.00,0.00,0.00,40,0,601,0,0
154,439135,Eiran,Cashin,2562137,0,False,0,0,0,0,0,0,0,0,0,0,0,0,0,0.0,0.0,0.0,0.0,0,0,0,0,0,0.00,0.00,0.00,0.00,40,-3,598,0,3
154,439135,Eiran,Cashin,2562145,0,False,0,0,0,0,0,0,0,0,0,0,0,0,0,0.0,0.0,0.0,0.0,0,0,0,0,0,0.00,0.00,0.00,0.00,40,-2,596,0,2
154,439135,Eiran,Cashin,2562156,0,False,0,0,0,0,0,0,0,0,0,0,0,0,0,0.0,0.0,0.0,0.0,0,0,0,0,0,0.00,0.00,0.00,0.00,40,0,596,0,0
154,439135,Eiran,Cashin,2562167,0,False,0,0,0,0,0,0,0,0,0,0,0,0,0,0.0,0.0,0.0,0.0,0,0,0,0,0,0.00,0.00,0.00,0.00,40,0,596,0,0
154,439135,Eiran,Cashin,2562177,0,False,0,0,0,0,0,0,0,0,0,0,0,0,0,0.0,0.0,0.0,0.0,0,0,0,0,0,0.00,0.00,0.00,0.00,40,-3,593,0,3
154,439135,Eiran,Cashin,2562193,0,False,0,0,0,0,0,0,0,0,0,0,0,0,0,0.0,0.0,0.0,0.0,0,0,0,0,0,0.00,0.00,0.00,0.00,40,-3,590,0,3
154,439135,Eiran,Cashin,2562197,0,False,0,0,0,0,0,0,0,0,0,0,0,0,0,0.0,0.0,0.0,0.0,0,0,0,0,0,0.00,0.00,0.00,0.00,40,-4,586,0,4
154,439135,Eiran,Cashin,2562207,0,False,0,0,0,0,0,0,0,0,0,0,0,0,0,0.0,0.0,0.0,0.0,0,0,0,0,0,0.00,0.00,0.00,0.00,40,0,586,0,0
154,439135,Eiran,Cashin,2562224,0,False,0,0,0,0,0,0,0,0,0,0,0,0,0,0.0,0.0,0.0,0.0,0,0,0,0,0,0.00,0.00,0.00,0.00,40,-2,584,0,2
154,439135,Eiran,Cashin,2562227,0,False,0,0,0,0,0,0,0,0,0,0,0,0,0,0.0,0.0,0.0,0.0,0,0,0,0,0,0.00,0.00,0.00,0.00,40,-2,584,0,2
154,439135,Eiran,Cashin,2562243,0,False,0,0,0,0,0,0,0,0,0,0,0,0,0,0.0,0.0,0.0,0.0,0,0,0,0,0,0.00,0.00,0.00,0.00,40,-1,583,0,1
154,439135,Eiran,Cashin,2562245,0,False,0,0,0,0,0,0,0,0,0,0,0,0,0,0.0,0.0,0.0,0.0,0,0,0,0,0,0.00,0.00,0.00,0.00,40,-1,582,0,1
154,439135,Eiran,Cashin,2562261,0,False,0,0,0,0,0,0,0,0,0,0,0,0,0,0.0,0.0,0.0,0.0,0,0,0,0,0,0.00,0.00,0.00,0.00,40,0,582,0,0
154,439135,Eiran,Cashin,2562265,0,False,0,0,0,0,0,0,0,0,0,0,0,0,0,0.0,0.0,0.0,0.0,0,0,0,0,0,0.00,0.00,0.00,0.00,40,-1,581,0,1
155,589100,Jacob,Slater,2561897,0,False,0,0,0,0,0,0,0,0,0,0,0,0,0,0.0,0.0,0.0,0.0,0,0,0,0,0,0.00,0.00,0.00,0.00,40,0,17058,0,0
155,589100,Jacob,Slater,2561910,0,False,0,0,0,0,0,0,0,0,0,0,0,0,0,0.0,0.0,0.0,0.0,0,0,0,0,0,0.00,0.00,0.00,0.00,40,-1153,20479,917,2070
155,589100,Jacob,Slater,2561916,0,False,0,0,0,0,0,0,0,0,0,0,0,0,0,0.0,0.0,0.0,0.0,0,0,0,0,0,0.00,0.00,0.00,0.00,40,-1644,20122,697,2341
155,589100,Jacob,Slater,2561925,0,False,0,0,0,0,0,0,0,0,0,0,0,0,0,0.0,0.0,0.0,0.0,0,0,0,0,0,0.00,0.00,0.00,0.00,40,-769,20455,863,1632
155,589100,Jacob,Slater,2561937,0,False,0,0,0,0,0,0,0,0,0,0,0,0,0,0.0,0.0,0.0,0.0,0,0,0,0,0,0.00,0.00,0.00,0.00,40,-667,20276,498,1165
155,589100,Jacob,Slater,2561947,0,False,0,0,0,0,0,0,0,0,0,0,0,0,0,0.0,0.0,0.0,0.0,0,0,0,0,0,0.00,0.00,0.00,0.00,40,-2081,18318,200,2281
155,589100,Jacob,Slater,2561964,0,False,0,0,0,0,0,0,0,0,0,0,0,0,0,0.0,0.0,0.0,0.0,0,0,0,0,0,0.00,0.00,0.00,0.00,40,-1656,16699,0,1656
155,589100,Jacob,Slater,2561965,0,False,0,0,0,0,0,0,0,0,0,0,0,0,0,0.0,0.0,0.0,0.0,0,0,0,0,0,0.00,0.00,0.00,0.00,40,-1339,15403,0,1339
155,589100,Jacob,Slater,2561982,0,False,0,0,0,0,0,0,0,0,0,0,0,0,0,0.0,0.0,0.0,0.0,0,0,0,0,0,0.00,0.00,0.00,0.00,40,-692,14727,0,692
155,589100,Jacob,Slater,2561985,0,False,0,0,0,0,0,0,0,0,0,0,0,0,0,0.0,0.0,0.0,0.0,0,0,0,0,0,0.00,0.00,0.00,0.00,40,-603,14122,0,603
155,589100,Jacob,Slater,2561998,0,False,0,0,0,0,0,0,0,0,0,0,0,0,0,0.0,0.0,0.0,0.0,0,0,0,0,0,0.00,0.00,0.00,0.00,40,-427,13717,0,427
155,589100,Jacob,Slater,2562007,0,False,0,0,0,0,0,0,0,0,0,0,0,0,0,0.0,0.0,0.0,0.0,0,0,0,0,0,0.00,0.00,0.00,0.00,40,-380,13331,0,380
155,589100,Jacob,Slater,2562021,0,False,0,0,0,0,0,0,0,0,0,0,0,0,0,0.0,0.0,0.0,0.0,0,0,0,0,0,0.00,0.00,0.00,0.00,40,-248,13085,0,248
155,589100,Jacob,Slater,2562027,0,False,0,0,0,0,0,0,0,0,0,0,0,0,0,0.0,0.0,0.0,0.0,0,0,0,0,0,0.00,0.00,0.00,0.00,40,-138,12964,0,138
155,589100,Jacob,Slater,2562037,0,False,0,0,0,0,0,0,0,0,0,0,0,0,0,0.0,0.0,0.0,0.0,0,0,0,0,0,0.00,0.00,0.00,0.00,40,-182,12786,0,182
155,589100,Jacob,Slater,2562050,0,False,0,0,0,0,0,0,0,0,0,0,0,0,0,0.0,0.0,0.0,0.0,0,0,0,0,0,0.00,0.00,0.00,0.00,40,-396,12386,0,396
155,589100,Jacob,Slater,2562057,0,False,0,0,0,0,0,0,0,0,0,0,0,0,0,0.0,0.0,0.0,0.0,0,0,0,0,0,0.00,0.00,0.00,0.00,40,-190,12201,0,190
155,589100,Jacob,Slater,2562065,0,False,0,0,0,0,0,0,0,0,0,0,0,0,0,0.0,0.0,0.0,0.0,0,0,0,0,0,0.00,0.00,0.00,0.00,40,-168,12029,0,168
155,589100,Jacob,Slater,2562084,0,False,0,0,0,0,0,0,0,0,0,0,0,0,0,0.0,0.0,0.0,0.0,0,0,0,0,0,0.00,0.00,0.00,0.00,40,-112,11911,0,112
155,589100,Jacob,Slater,2562087,0,False,0,0,0,0,0,0,0,0,0,0,0,0,0,0.0,0.0,0.0,0.0,0,0,0,0,0,0.00,0.00,0.00,0.00,40,-85,11844,0,85
155,589100,Jacob,Slater,2562102,0,False,0,0,0,0,0,0,0,0,0,0,0,0,0,0.0,0.0,0.0,0.0,0,0,0,0,0,0.00,0.00,0.00,0.00,40,-57,11789,0,57
155,589100,Jacob,Slater,2562106,0,False,0,0,0,0,0,0,0,0,0,0,0,0,0,0.0,0.0,0.0,0.0,0,0,0,0,0,0.00,0.00,0.00,0.00,40,-107,11679,0,107
155,589100,Jacob,Slater,2562121,0,False,0,0,0,0,0,0,0,0,0,0,0,0,0,0.0,0.0,0.0,0.0,0,0,0,0,0,0.00,0.00,0.00,0.00,40,-57,11631,0,57
155,589100,Jacob,Slater,2562126,0,False,0,0,0,0,0,0,0,0,0,0,0,0,0,0.0,0.0,0.0,0.0,0,0,0,0,0,0.00,0.00,0.00,0.00,40,-72,11557,0,72
155,589100,Jacob,Slater,2562137,0,False,0,0,0,0,0,0,0,0,0,0,0,0,0,0.0,0.0,0.0,0.0,0,0,0,0,0,0.00,0.00,0.00,0.00,40,-50,11500,0,50
155,589100,Jacob,Slater,2562145,0,False,0,0,0,0,0,0,0,0,0,0,0,0,0,0.0,0.0,0.0,0.0,0,0,0,0,0,0.00,0.00,0.00,0.00,40,-54,11447,0,54
155,589100,Jacob,Slater,2562156,0,False,0,0,0,0,0,0,0,0,0,0,0,0,0,0.0,0.0,0.0,0.0,0,0,0,0,0,0.00,0.00,0.00,0.00,40,-52,11404,0,52
155,589100,Jacob,Slater,2562167,0,False,0,0,0,0,0,0,0,0,0,0,0,0,0,0.0,0.0,0.0,0.0,0,0,0,0,0,0.00,0.00,0.00,0.00,40,-25,11378,0,25
155,589100,Jacob,Slater,2562177,0,False,0,0,0,0,0,0,0,0,0,0,0,0,0,0.0,0.0,0.0,0.0,0,0,0,0,0,0.00,0.00,0.00,0.00,40,-26,11351,0,26
155,589100,Jacob,Slater,2562193,0,False,0,0,0,0,0,0,0,0,0,0,0,0,0,0.0,0.0,0.0,0.0,0,0,0,0,0,0.00,0.00,0.00,0.00,40,-42,11309,0,42
155,589100,Jacob,Slater,2562197,0,False,0,0,0,0,0,0,0,0,0,0,0,0,0,0.0,0.0,0.0,0.0,0,0,0,0,0,0.00,0.00,0.00,0.00,40,-24,11277,0,24
155,589100,Jacob,Slater,2562207,0,False,0,0,0,0,0,0,0,0,0,0,0,0,0,0.0,0.0,0.0,0.0,0,0,0,0,0,0.00,0.00,0.00,0.00,40,-26,11265,0,26
155,589100,Jacob,Slater,2562224,0,False,0,0,0,0,0,0,0,0,0,0,0,0,0,0.0,0.0,0.0,0.0,0,0,0,0,0,0.00,0.00,0.00,0.00,40,-28,11232,0,28
155,589100,Jacob,Slater,2562227,0,False,0,0,0,0,0,0,0,0,0,0,0,0,0,0.0,0.0,0.0,0.0,0,0,0,0,0,0.00,0.00,0.00,0.00,40,-28,11232,0,28
155,589100,Jacob,Slater,2562243,0,False,0,0,0,0,0,0,0,0,0,0,0,0,0,0.0,0.0,0.0,0.0,0,0,0,0,0,0.00,0.00,0.00,0.00,40,-16,11196,0,16
155,589100,Jacob,Slater,2562245,0,False,0,0,0,0,0,0,0,0,0,0,0,0,0,0.0,0.0,0.0,0.0,0,0,0,0,0,0.00,0.00,0.00,0.00,40,-24,11172,0,24
155,589100,Jacob,Slater,2562261,0,False,0,0,0,0,0,0,0,0,0,0,0,0,0,0.0,0.0,0.0,0.0,0,0,0,0,0,0.00,0.00,0.00,0.00,40,-11,11162,0,11
155,589100,Jacob,Slater,2562265,0,False,0,0,0,0,0,0,0,0,0,0,0,0,0,0.0,0.0,0.0,0.0,0,0,0,0,0,0.00,0.00,0.00,0.00,40,-30,11131,0,30
156,547720,Charlie,Tasker,2561897,0,False,0,0,0,0,0,0,0,0,0,0,0,0,0,0.0,0.0,0.0,0.0,0,0,0,0,0,0.00,0.00,0.00,0.00,40,0,14149,0,0
156,547720,Charlie,Tasker,2561910,0,False,0,0,0,0,0,0,0,0,0,0,0,0,0,0.0,0.0,0.0,0.0,0,0,0,0,0,0.00,0.00,0.00,0.00,40,-1113,16757,627,1740
156,547720,Charlie,Tasker,2561916,0,False,0,0,0,0,0,0,0,0,0,0,0,0,0,0.0,0.0,0.0,0.0,0,0,0,0,0,0.00,0.00,0.00,0.00,40,-1347,16676,420,1767
156,547720,Charlie,Tasker,2561925,0,False,0,0,0,0,0,0,0,0,0,0,0,0,0,0.0,0.0,0.0,0.0,0,0,0,0,0,0.00,0.00,0.00,0.00,40,-798,16848,504,1302
156,547720,Charlie,Tasker,2561937,0,False,0,0,0,0,0,0,0,0,0,0,0,0,0,0.0,0.0,0.0,0.0,0,0,0,0,0,0.00,0.00,0.00,0.00,40,-709,16598,321,1030
156,547720,Charlie,Tasker,2561947,0,False,0,0,0,0,0,0,0,0,0,0,0,0,0,0.0,0.0,0.0,0.0,0,0,0,0,0,0.00,0.00,0.00,0.00,40,-194,16845,773,967
156,547720,Charlie,Tasker,2561964,0,False,0,0,0,0,0,0,0,0,0,0,0,0,0,0.0,0.0,0.0,0.0,0,0,0,0,0,0.00,0.00,0.00,0.00,39,-97,17680,829,926
156,547720,Charlie,Tasker,2561965,0,False,0,0,0,0,0,0,0,0,0,0,0,0,0,0.0,0.0,0.0,0.0,0,0,0,0,0,0.00,0.00,0.00,0.00,39,80,17847,917,837
156,547720,Charlie,Tasker,2561982,0,False,0,0,0,0,0,0,0,0,0,0,0,0,0,0.0,0.0,0.0,0.0,0,0,0,0,0,0.00,0.00,0.00,0.00,39,-47,18071,590,637
156,547720,Charlie,Tasker,2561985,0,False,0,0,0,0,0,0,0,0,0,0,0,0,0,0.0,0.0,0.0,0.0,0,0,0,0,0,0.00,0.00,0.00,0.00,39,-276,18262,460,736
156,547720,Charlie,Tasker,2561998,0,False,0,0,0,0,0,0,0,0,0,0,0,0,0,0.0,0.0,0.0,0.0,0,0,0,0,0,0.00,0.00,0.00,0.00,39,-325,17920,240,565
156,547720,Charlie,Tasker,2562007,0,False,0,0,0,0,0,0,0,0,0,0,0,0,0,0.0,0.0,0.0,0.0,0,0,0,0,0,0.00,0.00,0.00,0.00,39,-253,17994,216,469
156,547720,Charlie,Tasker,2562021,0,False,0,0,0,0,0,0,0,0,0,0,0,0,0,0.0,0.0,0.0,0.0,0,0,0,0,0,0.00,0.00,0.00,0.00,39,-275,17909,102,377
156,547720,Charlie,Tasker,2562027,0,False,0,0,0,0,0,0,0,0,0,0,0,0,0,0.0,0.0,0.0,0.0,0,0,0,0,0,0.00,0.00,0.00,0.00,39,-116,17820,117,233
156,547720,Charlie,Tasker,2562037,0,False,0,0,0,0,0,0,0,0,0,0,0,0,0,0.0,0.0,0.0,0.0,0,0,0,0,0,0.00,0.00,0.00,0.00,39,-198,17800,155,353
156,547720,Charlie,Tasker,2562050,0,False,0,0,0,0,0,0,0,0,0,0,0,0,0,0.0,0.0,0.0,0.0,0,0,0,0,0,0.00,0.00,0.00,0.00,39,-433,17509,273,706
156,547720,Charlie,Tasker,2562057,0,False,0,0,0,0,0,0,0,0,0,0,0,0,0,0.0,0.0,0.0,0.0,0,0,0,0,0,0.00,0.00,0.00,0.00,39,-90,17629,288,378
156,547720,Charlie,Tasker,2562065,0,False,0,0,0,0,0,0,0,0,0,0,0,0,0,0.0,0.0,0.0,0.0,0,0,0,0,0,0.00,0.00,0.00,0.00,39,37,17852,506,469
156,547720,Charlie,Tasker,2562084,0,False,0,0,0,0,0,0,0,0,0,0,0,0,0,0.0,0.0,0.0,0.0,0,0,0,0,0,0.00,0.00,0.00,0.00,39,-312,17708,149,461
156,547720,Charlie,Tasker,2562087,0,False,0,0,0,0,0,0,0,0,0,0,0,0,0,0.0,0.0,0.0,0.0,0,0,0,0,0,0.00,0.00,0.00,0.00,38,142,18065,461,319
156,547720,Charlie,Tasker,2562102,0,False,0,0,0,0,0,0,0,0,0,0,0,0,0,0.0,0.0,0.0,0.0,0,0,0,0,0,0.00,0.00,0.00,0.00,38,99,18177,449,350
156,547720,Charlie,Tasker,2562106,0,False,0,0,0,0,0,0,0,0,0,0,0,0,0,0.0,0.0,0.0,0.0,0,0,0,0,0,0.00,0.00,0.00,0.00,38,304,18899,700,396
156,547720,Charlie,Tasker,2562121,0,False,0,0,0,0,0,0,0,0,0,0,0,0,0,0.0,0.0,0.0,0.0,0,0,0,0,0,0.00,0.00,0.00,0.00,38,182,18900,438,256
156,547720,Charlie,Tasker,2562126,0,False,0,0,0,0,0,0,0,0,0,0,0,0,0,0.0,0.0,0.0,0.0,0,0,0,0,0,0.00,0.00,0.00,0.00,38,87,19124,435,348
156,547720,Charlie,Tasker,2562137,0,False,0,0,0,0,0,0,0,0,0,0,0,0,0,0.0,0.0,0.0,0.0,0,0,0,0,0,0.00,0.00,0.00,0.00,38,7,19245,310,303
156,547720,Charlie,Tasker,2562145,0,False,0,0,0,0,0,0,0,0,0,0,0,0,0,0.0,0.0,0.0,0.0,0,0,0,0,0,0.00,0.00,0.00,0.00,38,374,20167,652,278
156,547720,Charlie,Tasker,2562156,0,False,0,0,0,0,0,0,0,0,0,0,0,0,0,0.0,0.0,0.0,0.0,0,0,0,0,0,0.00,0.00,0.00,0.00,38,199,20063,497,298
156,547720,Charlie,Tasker,2562167,0,False,0,0,0,0,0,0,0,0,0,0,0,0,0,0.0,0.0,0.0,0.0,0,0,0,0,0,0.00,0.00,0.00,0.00,38,47,20255,294,247
156,547720,Charlie,Tasker,2562177,0,False,0,0,0,0,0,0,0,0,0,0,0,0,0,0.0,0.0,0.0,0.0,0,0,0,0,0,0.00,0.00,0.00,0.00,38,19,20316,287,268
156,547720,Charlie,Tasker,2562193,0,False,0,0,0,0,0,0,0,0,0,0,0,0,0,0.0,0.0,0.0,0.0,0,0,0,0,0,0.00,0.00,0.00,0.00,38,7,20413,249,242
156,547720,Charlie,Tasker,2562197,0,False,0,0,0,0,0,0,0,0,0,0,0,0,0,0.0,0.0,0.0,0.0,0,0,0,0,0,0.00,0.00,0.00,0.00,38,-140,20452,153,293
156,547720,Charlie,Tasker,2562207,0,False,0,0,0,0,0,0,0,0,0,0,0,0,0,0.0,0.0,0.0,0.0,0,0,0,0,0,0.00,0.00,0.00,0.00,38,-15,20443,220,235
156,547720,Charlie,Tasker,2562224,0,False,0,0,0,0,0,0,0,0,0,0,0,0,0,0.0,0.0,0.0,0.0,0,0,0,0,0,0.00,0.00,0.00,0.00,38,-109,20452,195,304
156,547720,Charlie,Tasker,2562227,0,False,0,0,0,0,0,0,0,0,0,0,0,0,0,0.0,0.0,0.0,0.0,0,0,0,0,0,0.00,0.00,0.00,0.00,38,-109,20452,195,304
156,547720,Charlie,Tasker,2562243,0,False,0,0,0,0,0,0,0,0,0,0,0,0,0,0.0,0.0,0.0,0.0,0,0,0,0,0,0.00,0.00,0.00,0.00,38,-46,20212,130,176
156,547720,Charlie,Tasker,2562245,0,False,0,0,0,0,0,0,0,0,0,0,0,0,0,0.0,0.0,0.0,0.0,0,0,0,0,0,0.00,0.00,0.00,0.00,38,40,20312,226,186
156,547720,Charlie,Tasker,2562261,0,False,0,0,0,0,0,0,0,0,0,0,0,0,0,0.0,0.0,0.0,0.0,0,0,0,0,0,0.00,0.00,0.00,0.00,38,-2,20384,170,172
156,547720,Charlie,Tasker,2562265,0,False,0,0,0,0,0,0,0,0,0,0,0,0,0,0.0,0.0,0.0,0.0,0,0,0,0,0,0.00,0.00,0.00,0.00,38,72,20525,324,252
157,451340,Mitoma,Kaoru,2561897,2,False,82,0,0,1,0,0,0,0,1,0,0,0,-2,0.0,2.4,8.0,0.6,0,0,0,0,1,0.07,0.04,0.11,0.52,65,0,697623,0,0
157,451340,Mitoma,Kaoru,2561910,2,False,90,0,0,0,2,0,0,0,0,0,0,0,8,12.0,42.8,10.0,6.5,0,4,1,5,1,0.15,0.09,0.24,1.60,65,-92096,664282,21223,113319
157,451340,Mitoma,Kaoru,2561916,5,False,90,0,1,0,1,0,0,0,0,0,0,0,21,27.4,33.3,12.0,7.3,3,2,2,7,1,0.08,0.04,0.12,1.82,64,-114193,560702,12822,127015
157,451340,Mitoma,Kaoru,2561925,7,False,90,1,0,0,2,0,0,0,0,0,0,0,24,35.6,3.0,35.0,7.4,0,0,0,0,1,0.37,0.03,0.40,1.45,64,-32072,552451,35332,67404
157,451340,Mitoma,Kaoru,2561937,2,False,90,0,0,0,2,0,0,0,0,0,0,0,9,11.2,12.8,19.0,4.3,2,5,0,7,1,0.09,0.07,0.16,1.22,64,14149,577402,50600,36451
157,451340,Mitoma,Kaoru,2561947,2,False,66,0,0,0,1,0,0,0,0,0,0,0,4,2.2,1.5,4.0,0.8,1,2,0,3,1,0.00,0.02,0.02,1.38,64,-46411,531353,21484,67895
157,451340,Mitoma,Kaoru,2561964,0,False,0,0,0,0,0,0,0,0,0,0,0,0,0,0.0,0.0,0.0,0.0,0,0,0,0,0,0.00,0.00,0.00,0.00,64,-53579,482118,15742,69321
157,451340,Mitoma,Kaoru,2561965,0,False,0,0,0,0,0,0,0,0,0,0,0,0,0,0.0,0.0,0.0,0.0,0,0,0,0,0,0.00,0.00,0.00,0.00,63,-98627,384142,2192,100819
157,451340,Mitoma,Kaoru,2561982,0,False,0,0,0,0,0,0,0,0,0,0,0,0,0,0.0,0.0,0.0,0.0,0,0,0,0,0,0.00,0.00,0.00,0.00,63,-47622,338713,925,48547
157,451340,Mitoma,Kaoru,2561985,0,False,0,0,0,0,0,0,0,0,0,0,0,0,0,0.0,0.0,0.0,0.0,0,0,0,0,0,0.00,0.00,0.00,0.00,62,-47681,291622,645,48326
157,451340,Mitoma,Kaoru,2561998,0,False,0,0,0,0,0,0,0,0,0,0,0,0,0,0.0,0.0,0.0,0.0,0,0,0,0,0,0.00,0.00,0.00,0.00,62,-32001,260241,147,32148
157,451340,Mitoma,Kaoru,2562007,0,False,0,0,0,0,0,0,0,0,0,0,0,0,0,0.0,0.0,0.0,0.0,0,0,0,0,0,0.00,0.00,0.00,0.00,61,-18711,241733,197,18908
157,451340,Mitoma,Kaoru,2562021,0,False,0,0,0,0,0,0,0,0,0,0,0,0,0,0.0,0.0,0.0,0.0,0,0,0,0,0,0.00,0.00,0.00,0.00,61,-10483,231744,102,10585
157,451340,Mitoma,Kaoru,2562027,0,False,0,0,0,0,0,0,0,0,0,0,0,0,0,0.0,0.0,0.0,0.0,0,0,0,0,0,0.00,0.00,0.00,0.00,61,-4358,227774,155,4513
157,451340,Mitoma,Kaoru,2562037,0,False,0,0,0,0,0,0,0,0,0,0,0,0,0,0.0,0.0,0.0,0.0,0,0,0,0,0,0.00,0.00,0.00,0.00,61,-3933,223938,367,4300
157,451340,Mitoma,Kaoru,2562050,1,False,26,0,0,0,0,0,0,0,0,0,0,0,0,2.0,14.8,10.0,2.7,1,0,0,1,0,0.19,0.04,0.23,0.49,61,-3532,220573,1649,5181
157,451340,Mitoma,Kaoru,2562057,1,False,26,0,0,0,0,0,0,0,0,0,0,0,3,8.0,29.4,8.0,4.5,0,0,0,0,0,0.00,0.14,0.14,0.24,61,8336,230486,11225,2889
157,451340,Mitoma,Kaoru,2562065,0,False,0,0,0,0,0,0,0,0,0,0,0,0,0,0.0,0.0,0.0,0.0,0,0,0,0,0,0.00,0.00,0.00,0.00,61,-1652,227824,3969,5621
157,451340,Mitoma,Kaoru,2562084,1,False,32,0,0,0,0,0,0,0,0,0,0,0,11,13.0,34.4,29.0,7.6,0,3,0,3,0,0.08,0.04,0.12,0.40,61,-936,228048,4059,4995
157,451340,Mitoma,Kaoru,2562087,3,False,69,0,0,1,0,0,0,0,0,0,0,0,11,5.6,15.8,6.0,2.7,0,3,1,4,1,0.00,0.01,0.01,0.26,61,13993,243838,18581,4588
157,451340,Mitoma,Kaoru,2562102,8,False,82,1,0,0,1,0,0,0,1,0,0,2,22,37.8,12.0,18.0,6.8,4,5,1,10,1,0.27,0.59,0.86,1.91,61,-5649,236229,2761,8410
157,451340,Mitoma,Kaoru,2562106,2,False,90,0,0,0,1,0,0,0,0,0,0,0,12,7.6,26.1,5.0,3.9,1,0,2,3,1,0.08,0.04,0.12,1.33,61,20776,259356,26596,5820
157,451340,Mitoma,Kaoru,2562121,2,False,90,0,0,0,2,0,0,0,0,0,0,0,13,9.6,15.5,31.0,5.6,0,4,0,4,1,0.26,0.35,0.61,1.05,61,7042,266017,13258,6216
157,451340,Mitoma,Kaoru,2562126,2,False,90,0,0,0,1,0,0,0,0,0,0,0,8,9.0,28.8,17.0,5.5,0,7,1,8,1,0.49,0.21,0.70,1.20,61,3227,269865,14389,11162
157,451340,Mitoma,Kaoru,2562137,2,False,90,0,0,0,1,0,0,0,0,0,0,0,4,7.6,17.5,4.0,2.9,1,4,1,6,1,0.00,0.14,0.14,1.16,61,-3343,267106,7504,10847
157,451340,Mitoma,Kaoru,2562145,3,False,80,0,0,1,0,0,0,0,0,0,0,0,10,7.8,18.3,8.0,3.4,2,3,1,6,1,0.07,0.10,0.17,0.51,61,-10515,255283,2926,13441
157,451340,Mitoma,Kaoru,2562156,3,False,90,0,0,1,0,0,0,0,0,0,0,0,11,13.0,23.9,40.0,7.7,2,2,1,5,1,0.29,0.06,0.35,1.60,61,-2599,254124,4680,7279
157,451340,Mitoma,Kaoru,2562167,1,False,90,0,0,0,1,0,0,0,1,0,0,0,11,12.2,28.6,34.0,7.5,3,3,0,6,1,0.62,0.10,0.72,0.68,61,168,255152,5024,4856
157,451340,Mitoma,Kaoru,2562177,1,False,45,0,0,0,1,0,0,0,0,0,0,0,4,0.6,1.4,7.0,0.9,1,0,1,2,1,0.06,0.01,0.07,0.01,61,-5105,249502,1720,6825
157,451340,Mitoma,Kaoru,2562193,0,False,0,0,0,0,0,0,0,0,0,0,0,0,0,0.0,0.0,0.0,0.0,0,0,0,0,0,0.00,0.00,0.00,0.00,61,-9305,240315,754,10059
157,451340,Mitoma,Kaoru,2562197,1,False,14,0,0,0,0,0,0,0,0,0,0,0,1,4.0,0.8,25.0,3.0,1,0,0,1,0,0.10,0.29,0.39,0.10,61,-3140,236448,534,3674
157,451340,Mitoma,Kaoru,2562207,1,False,10,0,0,0,0,0,0,0,0,0,0,0,7,5.0,1.3,6.0,1.2,0,2,2,4,0,0.00,0.06,0.06,0.04,61,36801,275546,48803,12002
157,451340,Mitoma,Kaoru,2562224,6,False,54,1,0,0,1,0,0,0,0,0,0,0,24,40.8,3.3,28.0,7.2,2,0,2,4,0,0.09,0.10,0.19,0.96,61,11272,308232,22702,11430
157,451340,Mitoma,Kaoru,2562227,3,False,81,0,0,1,0,0,0,0,0,0,0,0,17,13.0,35.0,33.0,8.1,3,7,1,11,1,0.28,0.08,0.36,0.35,61,11272,308232,22702,11430
157,451340,Mitoma,Kaoru,2562243,1,False,90,0,0,0,3,0,0,0,1,0,0,0,13,3.2,17.1,6.0,2.6,0,5,0,5,1,0.12,0.06,0.18,3.16,61,10563,289170,16583,6020
157,451340,Mitoma,Kaoru,2562245,0,False,57,0,0,0,0,0,0,0,1,0,0,0,1,0.2,2.5,13.0,1.6,0,1,1,2,1,0.28,0.03,0.31,0.32,61,16314,306979,23000,6686
157,451340,Mitoma,Kaoru,2562261,0,False,0,0,0,0,0,0,0,0,0,0,0,0,0,0.0,0.0,0.0,0.0,0,0,0,0,0,0.00,0.00,0.00,0.00,61,-35908,268433,705,36613
157,451340,Mitoma,Kaoru,2562265,0,False,0,0,0,0,0,0,0,0,0,0,0,0,0,0.0,0.0,0.0,0.0,0,0,0,0,0,0.00,0.00,0.00,0.00,61,-17625,251090,91,17716
158,463067,Georginio,Rutter,2561897,6,False,68,0,1,1,0,0,0,0,0,0,0,0,15,2.2,1.2,15.0,1.8,0,1,1,2,1,0.07,0.00,0.07,0.52,60,0,141983,0,0
158,463067,Georginio,Rutter,2561910,0,False,0,0,0,0,0,0,0,0,0,0,0,0,0,0.0,0.0,0.0,0.0,0,0,0,0,0,0.00,0.00,0.00,0.00,60,-4191,149366,20132,24323
158,463067,Georginio,Rutter,2561916,1,False,29,0,0,0,0,0,0,0,0,0,0,0,5,5.2,12.1,19.0,3.6,0,0,0,0,0,0.07,0.06,0.13,0.17,59,-51105,90670,2253,53358
158,463067,Georginio,Rutter,2561925,1,False,66,0,0,0,2,0,0,0,1,0,0,0,10,6.8,12.2,6.0,2.5,2,2,1,5,1,0.00,0.01,0.01,1.20,59,-20974,79438,4411,25385
158,463067,Georginio,Rutter,2561937,5,False,74,0,1,0,1,0,0,0,0,0,0,0,16,31.8,21.8,6.0,6.0,5,1,1,7,1,0.00,0.02,0.02,1.16,58,-12943,69051,1841,14784
158,463067,Georginio,Rutter,2561947,2,False,84,0,0,0,1,0,0,0,0,0,0,0,5,10.4,15.3,2.0,2.8,2,4,1,7,1,0.00,0.35,0.35,1.40,58,-12758,56550,3535,16293
158,463067,Georginio,Rutter,2561964,1,False,45,0,0,0,0,0,0,0,0,0,0,0,1,2.0,0.8,26.0,2.9,1,1,0,2,0,0.20,0.01,0.21,0.35,58,-3882,53682,2979,6861
158,463067,Georginio,Rutter,2561965,7,False,70,0,1,1,0,0,0,0,0,0,0,1,25,32.4,25.3,14.0,7.2,2,4,2,8,1,0.05,0.28,0.33,0.70,57,-6835,47137,2203,9038
158,463067,Georginio,Rutter,2561982,2,False,78,0,0,0,3,0,0,0,0,0,0,0,8,4.6,13.7,4.0,2.2,0,1,0,1,1,0.00,0.07,0.07,0.86,57,2622,50239,5928,3306
158,463067,Georginio,Rutter,2561985,3,False,90,0,0,1,0,0,0,0,0,0,0,0,2,0.6,5.3,7.0,1.3,0,2,1,3,1,0.03,0.47,0.50,0.50,57,5946,57549,10400,4454
158,463067,Georginio,Rutter,2561998,2,False,74,0,0,1,0,0,0,0,1,0,0,0,1,1.6,4.7,2.0,0.8,1,4,1,6,1,0.00,0.04,0.04,0.46,57,-4579,52009,2640,7219
158,463067,Georginio,Rutter,2562007,2,False,88,0,0,0,1,0,0,0,0,0,0,0,13,10.6,12.6,28.0,5.1,0,5,2,7,1,0.06,0.02,0.08,1.08,57,-153,52533,3975,4128
158,463067,Georginio,Rutter,2562021,4,False,55,0,1,0,0,0,0,0,0,0,0,0,13,4.6,4.1,20.0,2.9,2,3,1,6,1,0.41,0.07,0.48,0.45,57,-4622,47233,1025,5647
158,463067,Georginio,Rutter,2562027,0,False,0,0,0,0,0,0,0,0,0,0,0,0,0,0.0,0.0,0.0,0.0,0,0,0,0,0,0.00,0.00,0.00,0.00,57,-3720,44253,542,4262
158,463067,Georginio,Rutter,2562037,8,False,90,1,0,0,1,0,0,0,0,0,0,1,33,48.2,21.5,82.0,15.2,4,1,2,7,1,0.48,0.18,0.66,1.14,57,-4701,39566,165,4866
158,463067,Georginio,Rutter,2562050,2,False,81,0,0,0,2,0,0,0,0,0,0,0,10,9.0,56.7,5.0,7.1,2,1,0,3,1,0.03,0.18,0.21,1.55,56,1129,41267,5133,4004
158,463067,Georginio,Rutter,2562057,3,False,90,0,0,1,0,0,0,0,0,0,0,0,6,8.0,1.4,32.0,4.1,4,1,0,5,1,0.26,0.04,0.30,1.38,56,7164,49670,9809,2645
158,463067,Georginio,Rutter,2562065,0,False,90,0,0,0,2,1,0,0,0,0,0,0,0,6.2,21.9,10.0,3.8,2,2,1,5,1,0.00,0.10,0.10,3.08,56,-1325,46647,3766,5091
158,463067,Georginio,Rutter,2562084,1,False,18,0,0,0,0,0,0,0,0,0,0,0,9,6.6,0.7,21.0,2.8,0,3,1,4,0,0.15,0.01,0.16,0.27,56,5285,54567,8220,2935
158,463067,Georginio,Rutter,2562087,8,False,70,1,0,1,0,0,0,0,0,0,0,0,28,38.6,4.6,21.0,6.4,2,3,1,6,1,0.07,0.02,0.09,0.26,56,18423,74458,24522,6099
158,463067,Georginio,Rutter,2562102,2,False,76,0,0,0,1,0,0,0,0,0,0,0,7,9.0,15.1,6.0,3.0,1,2,3,6,1,0.00,0.10,0.10,1.58,56,-7562,63514,2992,10554
158,463067,Georginio,Rutter,2562106,1,False,24,0,0,0,0,0,0,0,0,0,0,0,3,0.6,0.3,8.0,0.9,0,3,1,4,0,0.03,0.00,0.03,0.02,56,-318,64177,5074,5392
158,463067,Georginio,Rutter,2562121,1,False,2,0,0,0,1,0,0,0,0,0,0,0,1,0.2,0.0,0.0,0.0,0,0,0,0,0,0.00,0.00,0.00,0.03,56,-1838,62377,3497,5335
158,463067,Georginio,Rutter,2562126,1,False,59,0,0,0,0,0,0,0,0,0,0,0,2,4.0,14.1,8.0,2.6,2,1,1,4,1,0.11,0.03,0.14,0.08,56,-6188,56176,2157,8345
158,463067,Georginio,Rutter,2562137,2,False,81,0,0,0,1,0,0,0,0,0,0,0,0,0.0,2.3,8.0,1.0,0,1,2,3,1,0.03,0.00,0.03,0.95,56,-4035,52332,953,4988
158,463067,Georginio,Rutter,2562145,0,False,0,0,0,0,0,0,0,0,0,0,0,0,0,0.0,0.0,0.0,0.0,0,0,0,0,0,0.00,0.00,0.00,0.00,56,-4910,47152,440,5350
158,463067,Georginio,Rutter,2562156,0,False,0,0,0,0,0,0,0,0,0,0,0,0,0,0.0,0.0,0.0,0.0,0,0,0,0,0,0.00,0.00,0.00,0.00,56,-2778,44977,618,3396
158,463067,Georginio,Rutter,2562167,0,False,0,0,0,0,0,0,0,0,0,0,0,0,0,0.0,0.0,0.0,0.0,0,0,0,0,0,0.00,0.00,0.00,0.00,56,-2007,43086,325,2332
158,463067,Georginio,Rutter,2562177,4,False,90,0,0,0,1,0,0,0,0,0,0,0,19,20.4,23.8,18.0,6.2,3,7,3,13,1,0.21,0.14,0.35,0.47,56,-2198,40900,148,2346
158,463067,Georginio,Rutter,2562193,0,False,0,0,0,0,0,0,0,0,0,0,0,0,0,0.0,0.0,0.0,0.0,0,0,0,0,0,0.00,0.00,0.00,0.00,56,186,41286,1543,1357
158,463067,Georginio,Rutter,2562197,1,False,7,0,0,0,0,0,0,0,0,0,0,0,0,2.0,0.3,0.0,0.2,0,1,1,2,0,0.00,0.00,0.00,0.03,56,-1019,39822,273,1292
158,463067,Georginio,Rutter,2562207,1,False,15,0,0,0,0,0,0,0,0,0,0,0,3,3.6,0.4,6.0,1.0,1,2,1,4,0,0.02,0.00,0.02,0.04,56,131,40583,1336,1205
158,463067,Georginio,Rutter,2562224,6,False,15,1,0,0,1,0,0,0,0,0,0,0,22,35.4,0.7,21.0,5.7,0,0,1,1,0,0.08,0.01,0.09,0.12,56,759,42665,1724,965
158,463067,Georginio,Rutter,2562227,6,False,82,0,1,1,0,0,0,0,0,0,0,0,18,18.8,26.8,14.0,6.0,1,3,1,5,1,0.12,0.11,0.23,0.35,56,759,42665,1724,965
158,463067,Georginio,Rutter,2562243,1,False,10,0,0,0,1,0,0,0,0,0,0,0,11,7.2,14.1,4.0,2.5,0,0,1,1,0,0.00,0.26,0.26,1.05,56,3623,44681,4614,991
158,463067,Georginio,Rutter,2562245,1,False,14,0,0,0,0,0,0,0,0,0,0,0,0,1.2,0.8,4.0,0.6,0,0,0,0,0,0.00,0.00,0.00,0.11,56,1735,46597,3658,1923
158,463067,Georginio,Rutter,2562261,1,False,25,0,0,0,1,0,0,0,0,0,0,0,3,5.2,13.3,26.0,4.5,0,1,1,2,0,0.36,0.32,0.68,0.17,56,-1419,44905,740,2159
158,463067,Georginio,Rutter,2562265,1,False,16,0,0,0,0,0,0,0,0,0,0,0,1,1.6,1.6,5.0,0.8,1,1,0,2,0,0.06,0.00,0.06,0.06,56,-1586,43293,507,2093
159,109345,Solly,March,2561897,0,False,0,0,0,0,0,0,0,0,0,0,0,0,0,0.0,0.0,0.0,0.0,0,0,0,0,0,0.00,0.00,0.00,0.00,60,0,2493,0,0
159,109345,Solly,March,2561910,0,False,0,0,0,0,0,0,0,0,0,0,0,0,0,0.0,0.0,0.0,0.0,0,0,0,0,0,0.00,0.00,0.00,0.00,59,-959,1601,48,1007
159,109345,Solly,March,2561916,0,False,0,0,0,0,0,0,0,0,0,0,0,0,0,0.0,0.0,0.0,0.0,0,0,0,0,0,0.00,0.00,0.00,0.00,59,-415,1227,30,445
159,109345,Solly,March,2561925,0,False,0,0,0,0,0,0,0,0,0,0,0,0,0,0.0,0.0,0.0,0.0,0,0,0,0,0,0.00,0.00,0.00,0.00,58,-179,1073,57,236
159,109345,Solly,March,2561937,0,False,0,0,0,0,0,0,0,0,0,0,0,0,0,0.0,0.0,0.0,0.0,0,0,0,0,0,0.00,0.00,0.00,0.00,58,-97,987,21,118
159,109345,Solly,March,2561947,0,False,0,0,0,0,0,0,0,0,0,0,0,0,0,0.0,0.0,0.0,0.0,0,0,0,0,0,0.00,0.00,0.00,0.00,58,-16,990,68,84
159,109345,Solly,March,2561964,0,False,0,0,0,0,0,0,0,0,0,0,0,0,0,0.0,0.0,0.0,0.0,0,0,0,0,0,0.00,0.00,0.00,0.00,58,-89,902,22,111
159,109345,Solly,March,2561965,0,False,0,0,0,0,0,0,0,0,0,0,0,0,0,0.0,0.0,0.0,0.0,0,0,0,0,0,0.00,0.00,0.00,0.00,58,-13,897,51,64
159,109345,Solly,March,2561982,0,False,0,0,0,0,0,0,0,0,0,0,0,0,0,0.0,0.0,0.0,0.0,0,0,0,0,0,0.00,0.00,0.00,0.00,58,-14,894,26,40
159,109345,Solly,March,2561985,0,False,0,0,0,0,0,0,0,0,0,0,0,0,0,0.0,0.0,0.0,0.0,0,0,0,0,0,0.00,0.00,0.00,0.00,58,-9,893,31,40
159,109345,Solly,March,2561998,0,False,0,0,0,0,0,0,0,0,0,0,0,0,0,0.0,0.0,0.0,0.0,0,0,0,0,0,0.00,0.00,0.00,0.00,58,-10,892,23,33
159,109345,Solly,March,2562007,0,False,0,0,0,0,0,0,0,0,0,0,0,0,0,0.0,0.0,0.0,0.0,0,0,0,0,0,0.00,0.00,0.00,0.00,58,7,913,31,24
159,109345,Solly,March,2562021,0,False,0,0,0,0,0,0,0,0,0,0,0,0,0,0.0,0.0,0.0,0.0,0,0,0,0,0,0.00,0.00,0.00,0.00,58,8,922,28,20
159,109345,Solly,March,2562027,0,False,0,0,0,0,0,0,0,0,0,0,0,0,0,0.0,0.0,0.0,0.0,0,0,0,0,0,0.00,0.00,0.00,0.00,58,4,924,18,14
159,109345,Solly,March,2562037,0,False,0,0,0,0,0,0,0,0,0,0,0,0,0,0.0,0.0,0.0,0.0,0,0,0,0,0,0.00,0.00,0.00,0.00,58,-13,918,19,32
159,109345,Solly,March,2562050,0,False,0,0,0,0,0,0,0,0,0,0,0,0,0,0.0,0.0,0.0,0.0,0,0,0,0,0,0.00,0.00,0.00,0.00,58,7,932,39,32
159,109345,Solly,March,2562057,0,False,0,0,0,0,0,0,0,0,0,0,0,0,0,0.0,0.0,0.0,0.0,0,0,0,0,0,0.00,0.00,0.00,0.00,58,-18,916,23,41
159,109345,Solly,March,2562065,0,False,0,0,0,0,0,0,0,0,0,0,0,0,0,0.0,0.0,0.0,0.0,0,0,0,0,0,0.00,0.00,0.00,0.00,58,-7,914,24,31
159,109345,Solly,March,2562084,0,False,0,0,0,0,0,0,0,0,0,0,0,0,0,0.0,0.0,0.0,0.0,0,0,0,0,0,0.00,0.00,0.00,0.00,58,-8,907,9,17
159,109345,Solly,March,2562087,0,False,0,0,0,0,0,0,0,0,0,0,0,0,0,0.0,0.0,0.0,0.0,0,0,0,0,0,0.00,0.00,0.00,0.00,58,2,910,19,17
159,109345,Solly,March,2562102,0,False,0,0,0,0,0,0,0,0,0,0,0,0,0,0.0,0.0,0.0,0.0,0,0,0,0,0,0.00,0.00,0.00,0.00,58,-5,905,14,19
159,109345,Solly,March,2562106,0,False,0,0,0,0,0,0,0,0,0,0,0,0,0,0.0,0.0,0.0,0.0,0,0,0,0,0,0.00,0.00,0.00,0.00,58,-3,901,15,18
159,109345,Solly,March,2562121,0,False,0,0,0,0,0,0,0,0,0,0,0,0,0,0.0,0.0,0.0,0.0,0,0,0,0,0,0.00,0.00,0.00,0.00,58,16,919,27,11
159,109345,Solly,March,2562126,0,False,0,0,0,0,0,0,0,0,0,0,0,0,0,0.0,0.0,0.0,0.0,0,0,0,0,0,0.00,0.00,0.00,0.00,58,0,918,27,27
159,109345,Solly,March,2562137,0,False,0,0,0,0,0,0,0,0,0,0,0,0,0,0.0,0.0,0.0,0.0,0,0,0,0,0,0.00,0.00,0.00,0.00,58,3,924,21,18
159,109345,Solly,March,2562145,0,False,0,0,0,0,0,0,0,0,0,0,0,0,0,0.0,0.0,0.0,0.0,0,0,0,0,0,0.00,0.00,0.00,0.00,58,-4,922,12,16
159,109345,Solly,March,2562156,0,False,0,0,0,0,0,0,0,0,0,0,0,0,0,0.0,0.0,0.0,0.0,0,0,0,0,0,0.00,0.00,0.00,0.00,58,26,951,44,18
159,109345,Solly,March,2562167,1,False,4,0,0,0,0,0,0,0,0,0,0,0,4,0.0,0.0,0.0,0.0,0,0,0,0,0,0.00,0.00,0.00,0.25,58,-6,950,23,29
159,109345,Solly,March,2562177,0,False,0,0,0,0,0,0,0,0,0,0,0,0,0,0.0,0.0,0.0,0.0,0,0,0,0,0,0.00,0.00,0.00,0.00,58,82,1061,102,20
159,109345,Solly,March,2562193,0,False,0,0,0,0,0,0,0,0,0,0,0,0,0,0.0,0.0,0.0,0.0,0,0,0,0,0,0.00,0.00,0.00,0.00,58,315,1459,379,64
159,109345,Solly,March,2562197,0,False,0,0,0,0,0,0,0,0,0,0,0,0,0,0.0,0.0,0.0,0.0,0,0,0,0,0,0.00,0.00,0.00,0.00,58,110,1707,213,103
159,109345,Solly,March,2562207,0,False,0,0,0,0,0,0,0,0,0,0,0,0,0,0.0,0.0,0.0,0.0,0,0,0,0,0,0.00,0.00,0.00,0.00,58,253,1929,452,199
159,109345,Solly,March,2562224,0,False,0,0,0,0,0,0,0,0,0,0,0,0,0,0.0,0.0,0.0,0.0,0,0,0,0,0,0.00,0.00,0.00,0.00,58,723,3609,990,267
159,109345,Solly,March,2562227,0,False,0,0,0,0,0,0,0,0,0,0,0,0,0,0.0,0.0,0.0,0.0,0,0,0,0,0,0.00,0.00,0.00,0.00,58,723,3609,990,267
159,109345,Solly,March,2562243,0,False,0,0,0,0,0,0,0,0,0,0,0,0,0,0.0,0.0,0.0,0.0,0,0,0,0,0,0.00,0.00,0.00,0.00,58,-276,1994,21,297
159,109345,Solly,March,2562245,1,False,2,0,0,0,0,0,0,0,0,0,0,0,3,0.0,0.0,0.0,0.0,0,0,0,0,0,0.00,0.00,0.00,0.11,58,-26,1992,192,218
159,109345,Solly,March,2562261,1,False,1,0,0,0,1,0,0,0,0,0,0,0,2,0.0,0.3,0.0,0.0,0,0,0,0,0,0.00,0.00,0.00,0.07,58,159,2186,253,94
159,109345,Solly,March,2562265,1,False,31,0,0,0,0,0,0,0,0,0,0,0,9,7.4,1.9,23.0,3.2,0,3,2,5,0,0.04,0.02,0.06,0.15,58,220,2432,359,139
160,592031,Yankuba,Minteh,2561897,3,False,68,0,0,1,0,0,0,0,0,0,0,0,7,0.4,2.9,12.0,1.5,1,3,0,4,1,0.09,0.02,0.11,0.52,60,0,122796,0,0
160,592031,Yankuba,Minteh,2561910,2,False,90,0,0,0,2,0,0,0,0,0,0,0,14,16.2,42.4,29.0,8.8,2,4,1,7,1,0.08,0.55,0.63,1.60,60,-19666,108916,4867,24533
160,592031,Yankuba,Minteh,2561916,4,False,90,0,0,0,1,0,0,0,0,0,0,0,18,13.6,11.4,29.0,5.4,2,7,3,12,1,0.20,0.03,0.23,1.76,59,-21377,87461,2973,24350
160,592031,Yankuba,Minteh,2561925,6,False,90,0,1,0,2,0,0,0,0,0,0,1,28,29.0,16.9,37.0,8.3,0,4,2,6,1,0.14,0.15,0.29,1.45,59,-694,93692,17188,17882
160,592031,Yankuba,Minteh,2561937,9,False,75,1,0,0,1,0,0,0,0,0,0,2,32,39.0,12.7,39.0,9.1,0,5,2,7,1,0.74,0.00,0.74,1.16,59,8436,104984,19527,11091
160,592031,Yankuba,Minteh,2561947,5,False,90,0,1,0,1,0,0,0,0,0,0,0,18,23.4,19.3,28.0,7.1,3,1,2,6,1,0.36,0.24,0.60,1.81,59,56352,167563,79291,22939
160,592031,Yankuba,Minteh,2561964,2,False,90,0,0,0,1,0,0,0,0,0,0,0,17,26.8,62.3,5.0,9.4,2,6,2,10,1,0.01,0.24,0.25,0.56,59,234938,428481,256757,21819
160,592031,Yankuba,Minteh,2561965,2,False,89,0,0,0,1,0,0,0,0,0,0,0,12,11.6,19.0,24.0,5.5,1,5,5,11,1,0.11,0.27,0.38,1.37,60,28213,441996,87309,59096
160,592031,Yankuba,Minteh,2561982,5,False,90,0,1,0,4,0,0,0,0,0,0,0,16,4.4,12.3,10.0,2.7,0,3,2,5,1,0.03,0.02,0.05,1.29,60,-16476,425529,37277,53753
160,592031,Yankuba,Minteh,2561985,9,False,87,0,2,1,0,0,0,0,0,0,0,0,29,24.8,27.8,14.0,6.7,0,2,3,5,1,0.25,0.11,0.36,0.50,60,86376,533313,119289,32913
160,592031,Yankuba,Minteh,2561998,3,False,90,0,0,1,0,0,0,0,0,0,0,0,2,3.8,18.8,21.0,4.4,1,1,0,2,1,0.12,0.09,0.21,0.74,60,59920,578433,94709,34789
160,592031,Yankuba,Minteh,2562007,11,False,88,0,2,0,1,0,0,0,0,0,0,3,36,33.8,50.7,36.0,12.1,2,3,1,6,1,0.18,0.15,0.33,1.08,61,98028,690041,128836,30808
160,592031,Yankuba,Minteh,2562021,3,False,83,0,0,1,0,0,0,0,0,0,0,0,7,12.0,32.1,17.0,6.1,1,5,1,7,1,0.01,0.12,0.13,0.70,62,296807,983581,322549,25742
160,592031,Yankuba,Minteh,2562027,2,False,90,0,0,0,4,0,0,0,0,0,0,0,12,20.6,43.3,21.0,8.5,1,2,4,7,1,0.13,0.18,0.31,2.41,62,216717,1201143,247971,31254
160,592031,Yankuba,Minteh,2562037,3,False,71,0,0,1,0,0,0,0,0,0,0,0,4,0.0,10.2,14.0,2.4,1,1,0,2,1,0.03,0.04,0.07,0.72,63,134021,1369070,188445,54424
160,592031,Yankuba,Minteh,2562050,2,False,90,0,0,0,2,0,0,0,0,0,0,0,17,11.0,26.8,18.0,5.6,0,8,1,9,1,0.18,0.39,0.57,1.89,62,-395557,892410,54380,449937
160,592031,Yankuba,Minteh,2562057,3,False,70,0,0,1,0,0,0,0,0,0,0,0,4,1.6,1.0,16.0,1.9,0,0,0,0,1,0.00,0.01,0.01,1.38,61,-47498,894462,98275,145773
160,592031,Yankuba,Minteh,2562065,1,False,45,0,0,0,1,0,0,0,0,0,0,0,12,12.6,5.3,21.0,3.9,0,1,3,4,0,0.08,0.10,0.18,0.97,61,-97479,753938,36036,133515
160,592031,Yankuba,Minteh,2562084,4,False,57,0,1,0,2,0,0,0,0,0,0,0,11,5.6,3.8,23.0,3.2,3,3,0,6,1,0.05,0.01,0.06,1.66,60,-2214,790429,68023,70237
160,592031,Yankuba,Minteh,2562087,0,False,0,0,0,0,0,0,0,0,0,0,0,0,0,0.0,0.0,0.0,0.0,0,0,0,0,0,0.00,0.00,0.00,0.00,60,-105094,694653,16559,121653
160,592031,Yankuba,Minteh,2562102,0,False,0,0,0,0,0,0,0,0,0,0,0,0,0,0.0,0.0,0.0,0.0,0,0,0,0,0,0.00,0.00,0.00,0.00,59,-206020,486871,1048,207068
160,592031,Yankuba,Minteh,2562106,1,False,24,0,0,0,0,0,0,0,0,0,0,0,4,14.0,17.6,29.0,6.1,0,0,1,1,0,0.03,0.06,0.09,0.02,58,-114421,377211,3759,118180
160,592031,Yankuba,Minteh,2562121,1,False,9,0,0,0,1,0,0,0,0,0,0,0,3,0.0,1.0,7.0,0.8,0,0,0,0,0,0.04,0.00,0.04,0.03,58,-18033,361443,12008,30041
160,592031,Yankuba,Minteh,2562126,1,False,30,0,0,0,1,0,0,0,0,0,0,0,7,4.0,10.4,7.0,2.1,1,3,1,5,0,0.05,0.00,0.05,1.12,57,-35149,326531,11110,46259
160,592031,Yankuba,Minteh,2562137,1,False,19,0,0,0,0,0,0,0,0,0,0,0,2,0.2,0.2,0.0,0.0,0,2,0,2,0,0.00,0.00,0.00,0.37,57,-24232,302247,5370,29602
160,592031,Yankuba,Minteh,2562145,1,False,9,0,0,0,1,0,0,0,0,0,0,0,2,0.0,0.1,2.0,0.1,0,1,0,1,0,0.00,0.00,0.00,0.21,56,-28912,271987,2349,31261
160,592031,Yankuba,Minteh,2562156,0,False,0,0,0,0,0,0,0,0,0,0,0,0,0,0.0,0.0,0.0,0.0,0,0,0,0,0,0.00,0.00,0.00,0.00,56,-14452,259660,2884,17336
160,592031,Yankuba,Minteh,2562167,0,False,0,0,0,0,0,0,0,0,0,0,0,0,0,0.0,0.0,0.0,0.0,0,0,0,0,0,0.00,0.00,0.00,0.00,56,-9755,250415,2146,11901
160,592031,Yankuba,Minteh,2562177,1,False,45,0,0,0,0,0,0,0,0,0,0,0,9,11.4,16.2,10.0,3.8,2,2,1,5,0,0.00,0.02,0.02,0.45,55,-11079,239081,857,11936
160,592031,Yankuba,Minteh,2562193,9,False,75,1,0,1,0,0,0,0,1,0,0,2,38,51.2,34.4,25.0,11.1,1,4,4,9,1,0.02,0.71,0.73,0.77,55,-5309,234286,3239,8548
160,592031,Yankuba,Minteh,2562197,1,False,75,0,0,0,1,0,0,0,1,0,0,0,9,11.4,32.3,27.0,7.1,2,4,0,6,1,0.23,0.39,0.62,0.92,55,4792,240881,8121,3329
160,592031,Yankuba,Minteh,2562207,3,False,79,0,0,1,0,0,0,0,0,0,0,0,13,11.0,40.5,21.0,7.3,2,3,2,7,1,0.09,0.20,0.29,0.84,55,65522,306444,89357,23835
160,592031,Yankuba,Minteh,2562224,2,False,90,0,0,0,2,0,0,0,0,0,0,0,19,21.6,24.6,6.0,5.2,0,4,5,9,1,0.00,0.34,0.34,1.09,55,48613,417700,58235,9622
160,592031,Yankuba,Minteh,2562227,2,False,76,0,0,1,0,0,0,0,1,0,0,0,3,5.8,2.7,15.0,2.4,1,3,4,8,1,0.02,0.05,0.07,0.26,55,48613,417700,58235,9622
160,592031,Yankuba,Minteh,2562243,2,False,90,0,0,0,3,0,0,0,0,0,0,0,6,0.0,18.3,17.0,3.5,0,1,1,2,1,0.32,0.06,0.38,3.16,55,-6161,308587,11126,17287
160,592031,Yankuba,Minteh,2562245,9,False,90,1,0,1,0,0,0,0,0,0,0,1,37,48.8,33.3,33.0,11.5,1,2,2,5,1,0.22,0.11,0.33,0.49,55,9756,319742,22251,12495
160,592031,Yankuba,Minteh,2562261,3,False,90,0,0,1,0,0,0,0,0,0,0,0,12,13.0,25.3,4.0,4.2,3,3,0,6,1,0.00,0.29,0.29,0.32,55,11705,330934,20835,9130
160,592031,Yankuba,Minteh,2562265,1,False,45,0,0,0,1,0,0,0,0,0,0,0,6,9.2,15.5,0.0,2.5,0,0,3,3,0,0.00,0.11,0.11,0.47,55,-3970,326104,14410,18380
161,474120,Julio,Enciso Espínola,2561897,0,False,0,0,0,0,0,0,0,0,0,0,0,0,0,0.0,0.0,0.0,0.0,0,0,0,0,0,0.00,0.00,0.00,0.00,55,0,3831,0,0
161,474120,Julio,Enciso Espínola,2561910,0,False,0,0,0,0,0,0,0,0,0,0,0,0,0,0.0,0.0,0.0,0.0,0,0,0,0,0,0.00,0.00,0.00,0.00,55,-1389,2507,48,1437
161,474120,Julio,Enciso Espínola,2561916,0,False,0,0,0,0,0,0,0,0,0,0,0,0,0,0.0,0.0,0.0,0.0,0,0,0,0,0,0.00,0.00,0.00,0.00,54,-588,1968,40,628
161,474120,Julio,Enciso Espínola,2561925,0,False,0,0,0,0,0,0,0,0,0,0,0,0,0,0.0,0.0,0.0,0.0,0,0,0,0,0,0.00,0.00,0.00,0.00,54,-333,1657,17,350
161,474120,Julio,Enciso Espínola,2561937,0,False,0,0,0,0,0,0,0,0,0,0,0,0,0,0.0,0.0,0.0,0.0,0,0,0,0,0,0.00,0.00,0.00,0.00,54,-175,1495,0,175
161,474120,Julio,Enciso Espínola,2561947,0,False,0,0,0,0,0,0,0,0,0,0,0,0,0,0.0,0.0,0.0,0.0,0,0,0,0,0,0.00,0.00,0.00,0.00,54,-92,1405,0,92
161,474120,Julio,Enciso Espínola,2561964,0,False,0,0,0,0,0,0,0,0,0,0,0,0,0,0.0,0.0,0.0,0.0,0,0,0,0,0,0.00,0.00,0.00,0.00,54,-58,1347,0,58
161,474120,Julio,Enciso Espínola,2561965,0,False,0,0,0,0,0,0,0,0,0,0,0,0,0,0.0,0.0,0.0,0.0,0,0,0,0,0,0.00,0.00,0.00,0.00,54,-52,1299,0,52
161,474120,Julio,Enciso Espínola,2561982,0,False,0,0,0,0,0,0,0,0,0,0,0,0,0,0.0,0.0,0.0,0.0,0,0,0,0,0,0.00,0.00,0.00,0.00,54,-24,1275,0,24
161,474120,Julio,Enciso Espínola,2561985,0,False,0,0,0,0,0,0,0,0,0,0,0,0,0,0.0,0.0,0.0,0.0,0,0,0,0,0,0.00,0.00,0.00,0.00,54,-24,1250,0,24
161,474120,Julio,Enciso Espínola,2561998,0,False,0,0,0,0,0,0,0,0,0,0,0,0,0,0.0,0.0,0.0,0.0,0,0,0,0,0,0.00,0.00,0.00,0.00,54,-16,1236,0,16
161,474120,Julio,Enciso Espínola,2562007,0,False,0,0,0,0,0,0,0,0,0,0,0,0,0,0.0,0.0,0.0,0.0,0,0,0,0,0,0.00,0.00,0.00,0.00,54,-16,1220,0,16
161,474120,Julio,Enciso Espínola,2562021,0,False,0,0,0,0,0,0,0,0,0,0,0,0,0,0.0,0.0,0.0,0.0,0,0,0,0,0,0.00,0.00,0.00,0.00,54,-7,1213,0,7
161,474120,Julio,Enciso Espínola,2562027,0,False,0,0,0,0,0,0,0,0,0,0,0,0,0,0.0,0.0,0.0,0.0,0,0,0,0,0,0.00,0.00,0.00,0.00,54,-6,1207,0,6
161,474120,Julio,Enciso Espínola,2562037,0,False,0,0,0,0,0,0,0,0,0,0,0,0,0,0.0,0.0,0.0,0.0,0,0,0,0,0,0.00,0.00,0.00,0.00,54,-8,1199,0,8
161,474120,Julio,Enciso Espínola,2562050,0,False,0,0,0,0,0,0,0,0,0,0,0,0,0,0.0,0.0,0.0,0.0,0,0,0,0,0,0.00,0.00,0.00,0.00,54,-14,1185,0,14
161,474120,Julio,Enciso Espínola,2562057,0,False,0,0,0,0,0,0,0,0,0,0,0,0,0,0.0,0.0,0.0,0.0,0,0,0,0,0,0.00,0.00,0.00,0.00,54,-6,1177,0,6
161,474120,Julio,Enciso Espínola,2562065,0,False,0,0,0,0,0,0,0,0,0,0,0,0,0,0.0,0.0,0.0,0.0,0,0,0,0,0,0.00,0.00,0.00,0.00,54,-10,1169,0,10
161,474120,Julio,Enciso Espínola,2562084,0,False,0,0,0,0,0,0,0,0,0,0,0,0,0,0.0,0.0,0.0,0.0,0,0,0,0,0,0.00,0.00,0.00,0.00,54,-5,1163,0,5
161,474120,Julio,Enciso Espínola,2562087,0,False,0,0,0,0,0,0,0,0,0,0,0,0,0,0.0,0.0,0.0,0.0,0,0,0,0,0,0.00,0.00,0.00,0.00,54,-3,1161,0,3
161,474120,Julio,Enciso Espínola,2562102,0,False,0,0,0,0,0,0,0,0,0,0,0,0,0,0.0,0.0,0.0,0.0,0,0,0,0,0,0.00,0.00,0.00,0.00,54,-2,1159,0,2
161,474120,Julio,Enciso Espínola,2562106,0,False,0,0,0,0,0,0,0,0,0,0,0,0,0,0.0,0.0,0.0,0.0,0,0,0,0,0,0.00,0.00,0.00,0.00,54,-3,1156,0,3
161,474120,Julio,Enciso Espínola,2562121,0,False,0,0,0,0,0,0,0,0,0,0,0,0,0,0.0,0.0,0.0,0.0,0,0,0,0,0,0.00,0.00,0.00,0.00,54,-1,1155,0,1
161,474120,Julio,Enciso Espínola,2562126,0,False,0,0,0,0,0,0,0,0,0,0,0,0,0,0.0,0.0,0.0,0.0,0,0,0,0,0,0.00,0.00,0.00,0.00,54,-2,1153,0,2
161,474120,Julio,Enciso Espínola,2562137,0,False,0,0,0,0,0,0,0,0,0,0,0,0,0,0.0,0.0,0.0,0.0,0,0,0,0,0,0.00,0.00,0.00,0.00,54,-4,1149,0,4
161,474120,Julio,Enciso Espínola,2562145,0,False,0,0,0,0,0,0,0,0,0,0,0,0,0,0.0,0.0,0.0,0.0,0,0,0,0,0,0.00,0.00,0.00,0.00,54,-7,1142,0,7
161,474120,Julio,Enciso Espínola,2562156,0,False,0,0,0,0,0,0,0,0,0,0,0,0,0,0.0,0.0,0.0,0.0,0,0,0,0,0,0.00,0.00,0.00,0.00,54,-3,1139,0,3
161,474120,Julio,Enciso Espínola,2562167,0,False,0,0,0,0,0,0,0,0,0,0,0,0,0,0.0,0.0,0.0,0.0,0,0,0,0,0,0.00,0.00,0.00,0.00,54,-1,1138,0,1
161,474120,Julio,Enciso Espínola,2562177,0,False,0,0,0,0,0,0,0,0,0,0,0,0,0,0.0,0.0,0.0,0.0,0,0,0,0,0,0.00,0.00,0.00,0.00,54,-1,1137,0,1
161,474120,Julio,Enciso Espínola,2562193,0,False,0,0,0,0,0,0,0,0,0,0,0,0,0,0.0,0.0,0.0,0.0,0,0,0,0,0,0.00,0.00,0.00,0.00,54,-5,1132,0,5
161,474120,Julio,Enciso Espínola,2562197,0,False,0,0,0,0,0,0,0,0,0,0,0,0,0,0.0,0.0,0.0,0.0,0,0,0,0,0,0.00,0.00,0.00,0.00,54,-2,1131,0,2
161,474120,Julio,Enciso Espínola,2562207,0,False,0,0,0,0,0,0,0,0,0,0,0,0,0,0.0,0.0,0.0,0.0,0,0,0,0,0,0.00,0.00,0.00,0.00,54,-2,1129,0,2
161,474120,Julio,Enciso Espínola,2562224,0,False,0,0,0,0,0,0,0,0,0,0,0,0,0,0.0,0.0,0.0,0.0,0,0,0,0,0,0.00,0.00,0.00,0.00,54,-1,1128,0,1
161,474120,Julio,Enciso Espínola,2562227,0,False,0,0,0,0,0,0,0,0,0,0,0,0,0,0.0,0.0,0.0,0.0,0,0,0,0,0,0.00,0.00,0.00,0.00,54,-1,1128,0,1
161,474120,Julio,Enciso Espínola,2562243,0,False,0,0,0,0,0,0,0,0,0,0,0,0,0,0.0,0.0,0.0,0.0,0,0,0,0,0,0.00,0.00,0.00,0.00,54,-1,1127,0,1
161,474120,Julio,Enciso Espínola,2562245,0,False,0,0,0,0,0,0,0,0,0,0,0,0,0,0.0,0.0,0.0,0.0,0,0,0,0,0,0.00,0.00,0.00,0.00,54,-2,1125,0,2
161,474120,Julio,Enciso Espínola,2562261,0,False,0,0,0,0,0,0,0,0,0,0,0,0,0,0.0,0.0,0.0,0.0,0,0,0,0,0,0.00,0.00,0.00,0.00,54,-3,1122,0,3
161,474120,Julio,Enciso Espínola,2562265,0,False,0,0,0,0,0,0,0,0,0,0,0,0,0,0.0,0.0,0.0,0.0,0,0,0,0,0,0.00,0.00,0.00,0.00,54,0,1122,0,0
162,513433,Brajan,Gruda,2561897,1,False,7,0,0,0,1,0,0,0,0,0,0,0,-2,0.2,0.3,4.0,0.5,0,1,1,2,0,0.31,0.00,0.31,0.24,55,0,4408,0,0
162,513433,Brajan,Gruda,2561910,1,False,5,0,0,0,0,0,0,0,0,0,0,0,2,0.0,0.0,6.0,0.5,0,1,0,1,0,0.06,0.00,0.06,0.39,55,-679,4588,233,912
162,513433,Brajan,Gruda,2561916,8,False,29,1,0,0,0,0,0,0,0,0,0,2,27,39.2,10.4,35.0,8.5,0,2,0,2,0,0.78,0.00,0.78,0.17,54,-530,4397,236,766
162,513433,Brajan,Gruda,2561925,1,False,23,0,0,0,0,0,0,0,0,0,0,0,2,0.6,0.7,0.0,0.1,0,2,0,2,0,0.00,0.01,0.01,0.25,54,5572,11607,7165,1593
162,513433,Brajan,Gruda,2561937,2,False,62,0,0,0,1,0,0,0,0,0,0,0,5,2.4,11.8,3.0,1.7,1,3,1,5,1,0.09,0.01,0.10,0.91,54,-1205,10331,1092,2297
162,513433,Brajan,Gruda,2561947,4,False,23,0,1,0,0,0,0,0,0,0,0,0,16,20.0,14.8,2.0,3.7,0,1,1,2,0,0.00,0.33,0.33,0.43,54,-747,9880,1055,1802
162,513433,Brajan,Gruda,2561964,2,False,69,0,0,0,1,0,0,0,0,0,0,0,6,11.6,18.3,44.0,7.4,0,5,2,7,1,0.33,0.05,0.38,0.51,54,324,10528,1317,993
162,513433,Brajan,Gruda,2561965,0,False,0,0,0,0,0,0,0,0,0,0,0,0,0,0.0,0.0,0.0,0.0,0,0,0,0,0,0.00,0.00,0.00,0.00,54,-1410,9261,536,1946
162,513433,Brajan,Gruda,2561982,0,False,0,0,0,0,0,0,0,0,0,0,0,0,0,0.0,0.0,0.0,0.0,0,0,0,0,0,0.00,0.00,0.00,0.00,54,-1605,7693,53,1658
162,513433,Brajan,Gruda,2561985,0,False,0,0,0,0,0,0,0,0,0,0,0,0,0,0.0,0.0,0.0,0.0,0,0,0,0,0,0.00,0.00,0.00,0.00,54,-883,6844,34,917
162,513433,Brajan,Gruda,2561998,0,False,0,0,0,0,0,0,0,0,0,0,0,0,0,0.0,0.0,0.0,0.0,0,0,0,0,0,0.00,0.00,0.00,0.00,54,-637,6241,9,646
162,513433,Brajan,Gruda,2562007,0,False,1,0,0,0,0,0,0,0,1,0,0,0,3,2.2,0.5,0.0,0.3,0,0,1,1,0,0.00,0.00,0.00,0.83,54,-296,5964,62,358
162,513433,Brajan,Gruda,2562021,1,False,6,0,0,0,0,0,0,0,0,0,0,0,1,0.0,0.1,0.0,0.0,0,2,0,2,0,0.00,0.00,0.00,0.01,54,-28,6032,134,162
162,513433,Brajan,Gruda,2562027,2,False,76,0,0,0,3,0,0,0,0,0,0,0,3,2.8,5.3,7.0,1.5,0,6,1,7,1,0.08,0.13,0.21,1.83,54,67,6166,197,130
162,513433,Brajan,Gruda,2562037,1,False,18,0,0,0,1,0,0,0,0,0,0,0,6,8.8,40.5,3.0,5.2,0,1,0,1,0,0.02,0.08,0.10,0.42,54,210,6477,431,221
162,513433,Brajan,Gruda,2562050,2,False,63,0,0,0,2,0,0,0,0,0,0,0,6,3.6,2.2,4.0,1.0,0,2,3,5,1,0.05,0.01,0.06,1.40,54,-311,6202,207,518
162,513433,Brajan,Gruda,2562057,2,False,85,0,0,1,0,0,0,0,1,0,0,0,10,14.8,46.9,12.0,7.4,1,4,2,7,1,0.09,0.07,0.16,1.38,54,493,6862,755,262
162,513433,Brajan,Gruda,2562065,1,False,45,0,0,0,1,0,0,0,0,0,0,0,1,0.0,2.3,0.0,0.0,0,3,1,4,1,0.00,0.00,0.00,2.11,54,8,6894,378,370
162,513433,Brajan,Gruda,2562084,1,False,32,0,0,0,0,0,0,0,0,0,0,0,-1,6.0,12.3,6.0,2.4,1,2,0,3,0,0.00,0.08,0.08,0.40,54,166,7231,446,280
162,513433,Brajan,Gruda,2562087,3,False,86,0,0,1,0,0,0,0,0,0,0,0,8,6.4,24.0,9.0,3.9,1,0,0,1,1,0.02,0.04,0.06,0.26,54,348,7603,707,359
162,513433,Brajan,Gruda,2562102,1,False,13,0,0,0,0,0,0,0,0,0,0,0,3,1.0,0.3,2.0,0.3,0,0,0,0,0,0.00,0.00,0.00,0.97,54,-336,7216,158,494
162,513433,Brajan,Gruda,2562106,2,False,65,0,0,0,1,0,0,0,0,0,0,0,18,14.8,26.4,15.0,5.6,0,5,1,6,1,0.03,0.07,0.10,1.31,54,193,7551,583,390
162,513433,Brajan,Gruda,2562121,0,False,0,0,0,0,0,0,0,0,0,0,0,0,0,0.0,0.0,0.0,0.0,0,0,0,0,0,0.00,0.00,0.00,0.00,54,324,7934,625,301
162,513433,Brajan,Gruda,2562126,0,False,0,0,0,0,0,0,0,0,0,0,0,0,0,0.0,0.0,0.0,0.0,0,0,0,0,0,0.00,0.00,0.00,0.00,54,-353,7562,297,650
162,513433,Brajan,Gruda,2562137,0,False,0,0,0,0,0,0,0,0,0,0,0,0,0,0.0,0.0,0.0,0.0,0,0,0,0,0,0.00,0.00,0.00,0.00,54,-586,6976,89,675
162,513433,Brajan,Gruda,2562145,0,False,0,0,0,0,0,0,0,0,0,0,0,0,0,0.0,0.0,0.0,0.0,0,0,0,0,0,0.00,0.00,0.00,0.00,54,-447,6553,0,447
162,513433,Brajan,Gruda,2562156,0,False,0,0,0,0,0,0,0,0,0,0,0,0,0,0.0,0.0,0.0,0.0,0,0,0,0,0,0.00,0.00,0.00,0.00,54,-259,6318,0,259
162,513433,Brajan,Gruda,2562167,0,False,0,0,0,0,0,0,0,0,0,0,0,0,0,0.0,0.0,0.0,0.0,0,0,0,0,0,0.00,0.00,0.00,0.00,54,-110,6216,0,110
162,513433,Brajan,Gruda,2562177,0,False,0,0,0,0,0,0,0,0,0,0,0,0,0,0.0,0.0,0.0,0.0,0,0,0,0,0,0.00,0.00,0.00,0.00,54,-99,6114,0,99
162,513433,Brajan,Gruda,2562193,0,False,0,0,0,0,0,0,0,0,0,0,0,0,0,0.0,0.0,0.0,0.0,0,0,0,0,0,0.00,0.00,0.00,0.00,54,-103,6009,0,103
162,513433,Brajan,Gruda,2562197,0,False,0,0,0,0,0,0,0,0,0,0,0,0,0,0.0,0.0,0.0,0.0,0,0,0,0,0,0.00,0.00,0.00,0.00,54,-37,5969,0,37
162,513433,Brajan,Gruda,2562207,0,False,0,0,0,0,0,0,0,0,0,0,0,0,0,0.0,0.0,0.0,0.0,0,0,0,0,0,0.00,0.00,0.00,0.00,54,-46,5933,0,46
162,513433,Brajan,Gruda,2562224,0,False,0,0,0,0,0,0,0,0,0,0,0,0,0,0.0,0.0,0.0,0.0,0,0,0,0,0,0.00,0.00,0.00,0.00,54,-35,5900,0,35
162,513433,Brajan,Gruda,2562227,0,False,0,0,0,0,0,0,0,0,0,0,0,0,0,0.0,0.0,0.0,0.0,0,0,0,0,0,0.00,0.00,0.00,0.00,54,-35,5900,0,35
162,513433,Brajan,Gruda,2562243,0,False,0,0,0,0,0,0,0,0,0,0,0,0,0,0.0,0.0,0.0,0.0,0,0,0,0,0,0.00,0.00,0.00,0.00,54,-18,5857,0,18
162,513433,Brajan,Gruda,2562245,0,False,0,0,0,0,0,0,0,0,0,0,0,0,0,0.0,0.0,0.0,0.0,0,0,0,0,0,0.00,0.00,0.00,0.00,54,-21,5837,0,21
162,513433,Brajan,Gruda,2562261,0,False,0,0,0,0,0,0,0,0,0,0,0,0,0,0.0,0.0,0.0,0.0,0,0,0,0,0,0.00,0.00,0.00,0.00,54,-12,5825,0,12
162,513433,Brajan,Gruda,2562265,0,False,0,0,0,0,0,0,0,0,0,0,0,0,0,0.0,0.0,0.0,0.0,0,0,0,0,0,0.00,0.00,0.00,0.00,54,-15,5808,0,15
163,532529,Jack,Hinshelwood,2561897,0,False,0,0,0,0,0,0,0,0,0,0,0,0,0,0.0,0.0,0.0,0.0,0,0,0,0,0,0.00,0.00,0.00,0.00,55,0,11289,0,0
163,532529,Jack,Hinshelwood,2561910,1,False,45,0,0,0,1,0,0,0,0,0,0,0,9,4.6,1.2,0.0,0.6,0,2,1,3,0,0.00,0.01,0.01,0.67,54,-2552,9477,190,2742
163,532529,Jack,Hinshelwood,2561916,2,False,60,0,0,0,1,0,0,0,0,0,0,0,11,4.8,0.8,0.0,0.6,2,4,2,8,1,0.00,0.00,0.00,1.65,54,-1488,8342,190,1678
163,532529,Jack,Hinshelwood,2561925,1,False,2,0,0,0,0,0,0,0,0,0,0,0,2,0.0,0.0,0.0,0.0,0,0,0,0,1,0.00,0.00,0.00,0.00,53,-705,7988,481,1186
163,532529,Jack,Hinshelwood,2561937,0,False,0,0,0,0,0,0,0,0,0,0,0,0,0,0.0,0.0,0.0,0.0,0,0,0,0,0,0.00,0.00,0.00,0.00,53,-1716,6266,69,1785
163,532529,Jack,Hinshelwood,2561947,0,False,0,0,0,0,0,0,0,0,0,0,0,0,0,0.0,0.0,0.0,0.0,0,0,0,0,0,0.00,0.00,0.00,0.00,52,-1224,5081,76,1300
163,532529,Jack,Hinshelwood,2561964,0,False,0,0,0,0,0,0,0,0,0,0,0,0,0,0.0,0.0,0.0,0.0,0,0,0,0,0,0.00,0.00,0.00,0.00,52,-640,4470,13,653
163,532529,Jack,Hinshelwood,2561965,0,False,0,0,0,0,0,0,0,0,0,0,0,0,0,0.0,0.0,0.0,0.0,0,0,0,0,0,0.00,0.00,0.00,0.00,52,-471,4016,30,501
163,532529,Jack,Hinshelwood,2561982,0,False,0,0,0,0,0,0,0,0,0,0,0,0,0,0.0,0.0,0.0,0.0,0,0,0,0,0,0.00,0.00,0.00,0.00,52,-223,3815,16,239
163,532529,Jack,Hinshelwood,2561985,0,False,0,0,0,0,0,0,0,0,0,0,0,0,0,0.0,0.0,0.0,0.0,0,0,0,0,0,0.00,0.00,0.00,0.00,51,-170,3643,20,190
163,532529,Jack,Hinshelwood,2561998,0,False,0,0,0,0,0,0,0,0,0,0,0,0,0,0.0,0.0,0.0,0.0,0,0,0,0,0,0.00,0.00,0.00,0.00,51,-129,3518,10,139
163,532529,Jack,Hinshelwood,2562007,7,False,20,1,0,0,0,0,0,0,0,0,0,1,27,37.8,10.5,9.0,5.7,0,2,1,3,0,0.05,0.00,0.05,1.03,51,-68,3466,42,110
163,532529,Jack,Hinshelwood,2562021,1,False,34,0,0,0,0,0,0,0,0,0,0,0,3,7.6,0.4,0.0,0.8,2,1,1,4,0,0.00,0.00,0.00,0.27,51,323,3924,390,67
163,532529,Jack,Hinshelwood,2562027,8,False,66,0,2,0,4,0,0,0,0,0,0,0,24,21.0,16.6,22.0,6.0,3,5,0,8,0,0.33,0.06,0.39,2.27,51,142,4055,222,80
163,532529,Jack,Hinshelwood,2562037,1,False,30,0,0,0,1,0,0,0,0,0,0,0,4,5.2,13.3,0.0,1.9,0,1,0,1,0,0.00,0.07,0.07,0.42,51,1300,5750,1476,176
163,532529,Jack,Hinshelwood,2562050,2,False,81,0,0,0,2,0,0,0,0,0,0,0,7,4.8,0.8,0.0,0.6,1,2,1,4,1,0.00,0.00,0.00,1.55,51,-404,5056,537,941
163,532529,Jack,Hinshelwood,2562057,3,False,70,0,0,1,0,0,0,0,0,0,0,0,11,0.0,2.2,0.0,0.2,3,3,0,6,1,0.00,0.01,0.01,1.38,51,942,6270,1369,427
163,532529,Jack,Hinshelwood,2562065,2,False,74,0,0,0,2,0,0,0,0,0,0,0,8,7.2,3.3,17.0,2.8,1,2,0,3,1,0.08,0.01,0.09,2.30,51,253,6458,848,595
163,532529,Jack,Hinshelwood,2562084,1,False,18,0,0,0,0,0,0,0,0,0,0,0,3,1.0,0.8,2.0,0.4,0,0,0,0,0,0.00,0.00,0.00,0.27,51,384,7164,795,411
163,532529,Jack,Hinshelwood,2562087,0,False,0,0,0,0,0,0,0,0,0,0,0,0,0,0.0,0.0,0.0,0.0,0,0,0,0,0,0.00,0.00,0.00,0.00,51,115,7118,711,596
163,532529,Jack,Hinshelwood,2562102,5,False,90,0,0,0,1,0,0,0,0,0,0,1,20,23.4,3.6,0.0,2.7,7,4,3,14,1,0.00,0.16,0.16,2.55,51,-785,6268,52,837
163,532529,Jack,Hinshelwood,2562106,2,False,65,0,0,0,1,0,0,0,0,0,0,0,12,15.2,2.6,43.0,6.1,4,7,0,11,1,0.24,0.02,0.26,1.31,51,-190,6206,247,437
163,532529,Jack,Hinshelwood,2562121,0,False,0,0,0,0,0,0,0,0,0,0,0,0,0,0.0,0.0,0.0,0.0,0,0,0,0,0,0.00,0.00,0.00,0.00,51,38,6296,287,249
163,532529,Jack,Hinshelwood,2562126,0,False,0,0,0,0,0,0,0,0,0,0,0,0,0,0.0,0.0,0.0,0.0,0,0,0,0,0,0.00,0.00,0.00,0.00,51,-161,6174,308,469
163,532529,Jack,Hinshelwood,2562137,1,False,8,0,0,0,0,0,0,0,0,0,0,0,3,1.6,1.6,0.0,0.3,1,1,0,2,0,0.00,0.00,0.00,0.21,51,-167,6064,207,374
163,532529,Jack,Hinshelwood,2562145,0,False,90,0,0,0,1,1,0,0,0,0,0,0,4,0.0,16.9,13.0,2.7,2,3,1,6,1,0.16,0.12,0.28,0.72,51,-109,5988,192,301
163,532529,Jack,Hinshelwood,2562156,6,False,90,0,1,1,0,0,0,0,0,0,0,0,20,4.8,13.8,14.0,3.3,1,2,1,4,1,0.09,0.02,0.11,1.60,51,5,6044,263,258
163,532529,Jack,Hinshelwood,2562167,5,False,90,0,1,0,1,0,0,0,0,0,0,0,10,19.0,13.6,29.0,6.2,1,4,1,6,1,0.11,0.13,0.24,0.93,51,265,6378,456,191
163,532529,Jack,Hinshelwood,2562177,2,False,68,0,0,0,1,0,0,0,0,0,0,0,1,0.0,13.0,17.0,2.6,0,1,0,1,1,0.26,0.00,0.26,0.29,51,-21,6333,184,205
163,532529,Jack,Hinshelwood,2562193,3,False,87,0,0,1,0,0,0,0,0,0,0,0,11,14.8,33.7,54.0,10.3,1,1,1,3,1,0.86,0.17,1.03,0.82,51,460,6874,654,194
163,532529,Jack,Hinshelwood,2562197,5,False,82,0,1,0,1,0,0,0,0,0,0,0,16,9.8,12.0,9.0,3.1,0,2,0,2,1,0.04,0.78,0.82,0.99,51,102,6983,498,396
163,532529,Jack,Hinshelwood,2562207,3,False,74,0,0,1,0,0,0,0,0,0,0,0,12,10.4,14.3,32.0,5.7,2,5,2,9,1,0.45,0.32,0.77,0.84,51,46669,54218,59958,13289
163,532529,Jack,Hinshelwood,2562224,2,False,74,0,0,0,1,0,0,0,0,0,0,0,4,0.0,7.8,8.0,1.3,0,2,0,2,1,0.04,0.02,0.06,0.97,51,6232,78051,8689,2457
163,532529,Jack,Hinshelwood,2562227,8,False,90,1,0,1,0,0,0,0,0,0,0,0,21,35.2,4.7,23.0,6.3,0,0,1,1,1,1.03,0.03,1.06,0.37,51,6232,78051,8689,2457
163,532529,Jack,Hinshelwood,2562243,7,False,87,1,0,0,2,0,0,0,0,0,0,0,22,38.4,1.4,59.0,9.9,1,3,0,4,1,0.66,0.02,0.68,2.11,51,11589,67651,17362,5773
163,532529,Jack,Hinshelwood,2562245,8,False,87,1,0,1,0,0,0,0,0,0,0,0,31,34.0,1.8,26.0,6.2,1,0,0,1,1,0.24,0.03,0.27,0.39,51,60889,132491,63001,2112
163,532529,Jack,Hinshelwood,2562261,3,False,81,0,0,1,0,0,0,0,0,0,0,0,11,7.8,25.7,31.0,6.5,2,2,1,5,1,0.30,0.34,0.64,0.32,52,68187,201038,73095,4908
163,532529,Jack,Hinshelwood,2562265,2,False,73,0,0,0,3,0,0,0,0,0,0,0,10,4.2,11.6,4.0,2.0,0,2,1,3,1,0.00,0.02,0.02,1.60,52,8549,206955,27343,18794
164,219249,Matt,O'Riley,2561897,10,False,87,1,0,1,0,0,0,0,0,0,0,2,24,45.8,44.3,25.0,11.5,0,0,3,3,1,0.79,0.14,0.93,0.52,55,0,11290,0,0
164,219249,Matt,O'Riley,2561910,2,False,90,0,0,0,2,0,0,0,0,0,0,0,12,15.0,22.3,38.0,7.5,3,2,1,6,1,0.42,0.03,0.45,1.60,55,92054,201451,115247,23193
164,219249,Matt,O'Riley,2561916,0,False,0,0,0,0,0,0,0,0,0,0,0,0,0,0.0,0.0,0.0,0.0,0,0,0,0,0,0.00,0.00,0.00,0.00,55,-26495,169567,13638,40133
164,219249,Matt,O'Riley,2561925,0,False,0,0,0,0,0,0,0,0,0,0,0,0,0,0.0,0.0,0.0,0.0,0,0,0,0,0,0.00,0.00,0.00,0.00,55,-65915,106496,1859,67774
164,219249,Matt,O'Riley,2561937,0,False,0,0,0,0,0,0,0,0,0,0,0,0,0,0.0,0.0,0.0,0.0,0,0,0,0,0,0.00,0.00,0.00,0.00,55,-32788,76599,0,32788
164,219249,Matt,O'Riley,2561947,0,False,0,0,0,0,0,0,0,0,0,0,0,0,0,0.0,0.0,0.0,0.0,0,0,0,0,0,0.00,0.00,0.00,0.00,55,-14199,63190,0,14199
164,219249,Matt,O'Riley,2561964,0,False,0,0,0,0,0,0,0,0,0,0,0,0,0,0.0,0.0,0.0,0.0,0,0,0,0,0,0.00,0.00,0.00,0.00,55,-5969,57585,0,5969
164,219249,Matt,O'Riley,2561965,0,False,0,0,0,0,0,0,0,0,0,0,0,0,0,0.0,0.0,0.0,0.0,0,0,0,0,0,0.00,0.00,0.00,0.00,55,-4810,52881,0,4810
164,219249,Matt,O'Riley,2561982,0,False,0,0,0,0,0,0,0,0,0,0,0,0,0,0.0,0.0,0.0,0.0,0,0,0,0,0,0.00,0.00,0.00,0.00,55,-2064,50908,0,2064
164,219249,Matt,O'Riley,2561985,0,False,0,0,0,0,0,0,0,0,0,0,0,0,0,0.0,0.0,0.0,0.0,0,0,0,0,0,0.00,0.00,0.00,0.00,55,-1822,49087,0,1822
164,219249,Matt,O'Riley,2561998,0,False,0,0,0,0,0,0,0,0,0,0,0,0,0,0.0,0.0,0.0,0.0,0,0,0,0,0,0.00,0.00,0.00,0.00,55,-1243,47870,0,1243
164,219249,Matt,O'Riley,2562007,0,False,0,0,0,0,0,0,0,0,0,0,0,0,0,0.0,0.0,0.0,0.0,0,0,0,0,0,0.00,0.00,0.00,0.00,55,-1078,46796,0,1078
164,219249,Matt,O'Riley,2562021,0,False,0,0,0,0,0,0,0,0,0,0,0,0,0,0.0,0.0,0.0,0.0,0,0,0,0,0,0.00,0.00,0.00,0.00,55,-629,46187,0,629
164,219249,Matt,O'Riley,2562027,0,False,0,0,0,0,0,0,0,0,0,0,0,0,0,0.0,0.0,0.0,0.0,0,0,0,0,0,0.00,0.00,0.00,0.00,55,-317,45902,0,317
164,219249,Matt,O'Riley,2562037,0,False,0,0,0,0,0,0,0,0,0,0,0,0,0,0.0,0.0,0.0,0.0,0,0,0,0,0,0.00,0.00,0.00,0.00,55,-397,45503,0,397
164,219249,Matt,O'Riley,2562050,0,False,0,0,0,0,0,0,0,0,0,0,0,0,0,0.0,0.0,0.0,0.0,0,0,0,0,0,0.00,0.00,0.00,0.00,55,-580,44912,0,580
164,219249,Matt,O'Riley,2562057,0,False,0,0,0,0,0,0,0,0,0,0,0,0,0,0.0,0.0,0.0,0.0,0,0,0,0,0,0.00,0.00,0.00,0.00,55,-408,44518,0,408
164,219249,Matt,O'Riley,2562065,0,False,0,0,0,0,0,0,0,0,0,0,0,0,0,0.0,0.0,0.0,0.0,0,0,0,0,0,0.00,0.00,0.00,0.00,55,-346,44172,0,346
164,219249,Matt,O'Riley,2562084,0,False,0,0,0,0,0,0,0,0,0,0,0,0,0,0.0,0.0,0.0,0.0,0,0,0,0,0,0.00,0.00,0.00,0.00,55,-201,43987,0,201
164,219249,Matt,O'Riley,2562087,0,False,0,0,0,0,0,0,0,0,0,0,0,0,0,0.0,0.0,0.0,0.0,0,0,0,0,0,0.00,0.00,0.00,0.00,55,-126,43871,0,126
164,219249,Matt,O'Riley,2562102,0,False,0,0,0,0,0,0,0,0,0,0,0,0,0,0.0,0.0,0.0,0.0,0,0,0,0,0,0.00,0.00,0.00,0.00,55,-150,43723,0,150
164,219249,Matt,O'Riley,2562106,0,False,0,0,0,0,0,0,0,0,0,0,0,0,0,0.0,0.0,0.0,0.0,0,0,0,0,0,0.00,0.00,0.00,0.00,55,-217,43502,0,217
164,219249,Matt,O'Riley,2562121,0,False,0,0,0,0,0,0,0,0,0,0,0,0,0,0.0,0.0,0.0,0.0,0,0,0,0,0,0.00,0.00,0.00,0.00,55,-120,43387,0,120
164,219249,Matt,O'Riley,2562126,0,False,0,0,0,0,0,0,0,0,0,0,0,0,0,0.0,0.0,0.0,0.0,0,0,0,0,0,0.00,0.00,0.00,0.00,55,-131,43256,0,131
164,219249,Matt,O'Riley,2562137,1,False,8,0,0,0,0,0,0,0,0,0,0,0,4,0.8,0.8,0.0,0.2,0,0,0,0,0,0.00,0.01,0.01,0.21,55,-158,43100,0,158
164,219249,Matt,O'Riley,2562145,0,False,0,0,0,0,0,0,0,0,0,0,0,0,0,0.0,0.0,0.0,0.0,0,0,0,0,0,0.00,0.00,0.00,0.00,55,131,43298,234,103
164,219249,Matt,O'Riley,2562156,0,False,0,0,0,0,0,0,0,0,0,0,0,0,0,0.0,0.0,0.0,0.0,0,0,0,0,0,0.00,0.00,0.00,0.00,55,164,43548,300,136
164,219249,Matt,O'Riley,2562167,0,False,0,0,0,0,0,0,0,0,0,0,0,0,0,0.0,0.0,0.0,0.0,0,0,0,0,0,0.00,0.00,0.00,0.00,55,185,43824,353,168
164,219249,Matt,O'Riley,2562177,0,False,0,0,0,0,0,0,0,0,0,0,0,0,0,0.0,0.0,0.0,0.0,0,0,0,0,0,0.00,0.00,0.00,0.00,55,-30,43807,156,186
164,219249,Matt,O'Riley,2562193,1,False,1,0,0,0,0,0,0,0,0,0,0,0,2,0.0,0.0,0.0,0.0,0,0,0,0,0,0.00,0.00,0.00,0.08,55,26,43933,242,216
164,219249,Matt,O'Riley,2562197,0,False,0,0,0,0,0,0,0,0,0,0,0,0,0,0.0,0.0,0.0,0.0,0,0,0,0,0,0.00,0.00,0.00,0.00,55,-9,43987,106,115
164,219249,Matt,O'Riley,2562207,0,False,0,0,0,0,0,0,0,0,0,0,0,0,0,0.0,0.0,0.0,0.0,0,0,0,0,0,0.00,0.00,0.00,0.00,55,105,44174,298,193
164,219249,Matt,O'Riley,2562224,1,False,15,0,0,0,1,0,0,0,0,0,0,0,3,3.6,0.3,0.0,0.4,0,0,1,1,0,0.00,0.00,0.00,0.12,55,166,44558,345,179
164,219249,Matt,O'Riley,2562227,1,False,1,0,0,0,0,0,0,0,0,0,0,0,3,0.2,0.0,0.0,0.0,0,0,0,0,0,0.00,0.00,0.00,0.00,55,166,44558,345,179
164,219249,Matt,O'Riley,2562243,0,False,0,0,0,0,0,0,0,0,0,0,0,0,0,0.0,0.0,0.0,0.0,0,0,0,0,0,0.00,0.00,0.00,0.00,55,52,44392,164,112
164,219249,Matt,O'Riley,2562245,0,False,0,0,0,0,0,0,0,0,0,0,0,0,0,0.0,0.0,0.0,0.0,0,0,0,0,0,0.00,0.00,0.00,0.00,55,56,44511,220,164
164,219249,Matt,O'Riley,2562261,0,False,0,0,0,0,0,0,0,0,0,0,0,0,0,0.0,0.0,0.0,0.0,0,0,0,0,0,0.00,0.00,0.00,0.00,55,33,44574,183,150
164,219249,Matt,O'Riley,2562265,0,False,0,0,0,0,0,0,0,0,0,0,0,0,0,0.0,0.0,0.0,0.0,0,0,0,0,0,0.00,0.00,0.00,0.00,55,9,44622,180,171
165,516211,Abdallah,Sima,2561897,0,False,0,0,0,0,0,0,0,0,0,0,0,0,0,0.0,0.0,0.0,0.0,0,0,0,0,0,0.00,0.00,0.00,0.00,55,0,2286,0,0
165,516211,Abdallah,Sima,2561910,0,False,0,0,0,0,0,0,0,0,0,0,0,0,0,0.0,0.0,0.0,0.0,0,0,0,0,0,0.00,0.00,0.00,0.00,55,-376,2632,126,502
165,516211,Abdallah,Sima,2561916,0,False,0,0,0,0,0,0,0,0,0,0,0,0,0,0.0,0.0,0.0,0.0,0,0,0,0,0,0.00,0.00,0.00,0.00,54,-336,2608,80,416
165,516211,Abdallah,Sima,2561925,0,False,0,0,0,0,0,0,0,0,0,0,0,0,0,0.0,0.0,0.0,0.0,0,0,0,0,0,0.00,0.00,0.00,0.00,54,-489,2189,41,530
165,516211,Abdallah,Sima,2561937,0,False,0,0,0,0,0,0,0,0,0,0,0,0,0,0.0,0.0,0.0,0.0,0,0,0,0,0,0.00,0.00,0.00,0.00,54,-252,1954,0,252
165,516211,Abdallah,Sima,2561947,0,False,0,0,0,0,0,0,0,0,0,0,0,0,0,0.0,0.0,0.0,0.0,0,0,0,0,0,0.00,0.00,0.00,0.00,54,-157,1808,0,157
165,516211,Abdallah,Sima,2561964,0,False,0,0,0,0,0,0,0,0,0,0,0,0,0,0.0,0.0,0.0,0.0,0,0,0,0,0,0.00,0.00,0.00,0.00,54,-97,1712,0,97
165,516211,Abdallah,Sima,2561965,0,False,0,0,0,0,0,0,0,0,0,0,0,0,0,0.0,0.0,0.0,0.0,0,0,0,0,0,0.00,0.00,0.00,0.00,54,-76,1636,0,76
165,516211,Abdallah,Sima,2561982,0,False,0,0,0,0,0,0,0,0,0,0,0,0,0,0.0,0.0,0.0,0.0,0,0,0,0,0,0.00,0.00,0.00,0.00,54,-28,1611,0,28
165,516211,Abdallah,Sima,2561985,0,False,0,0,0,0,0,0,0,0,0,0,0,0,0,0.0,0.0,0.0,0.0,0,0,0,0,0,0.00,0.00,0.00,0.00,54,-38,1573,0,38
165,516211,Abdallah,Sima,2561998,0,False,0,0,0,0,0,0,0,0,0,0,0,0,0,0.0,0.0,0.0,0.0,0,0,0,0,0,0.00,0.00,0.00,0.00,54,-25,1549,0,25
165,516211,Abdallah,Sima,2562007,0,False,0,0,0,0,0,0,0,0,0,0,0,0,0,0.0,0.0,0.0,0.0,0,0,0,0,0,0.00,0.00,0.00,0.00,54,-20,1530,0,20
165,516211,Abdallah,Sima,2562021,0,False,0,0,0,0,0,0,0,0,0,0,0,0,0,0.0,0.0,0.0,0.0,0,0,0,0,0,0.00,0.00,0.00,0.00,54,-15,1515,0,15
165,516211,Abdallah,Sima,2562027,0,False,0,0,0,0,0,0,0,0,0,0,0,0,0,0.0,0.0,0.0,0.0,0,0,0,0,0,0.00,0.00,0.00,0.00,54,-4,1510,0,4
165,516211,Abdallah,Sima,2562037,0,False,0,0,0,0,0,0,0,0,0,0,0,0,0,0.0,0.0,0.0,0.0,0,0,0,0,0,0.00,0.00,0.00,0.00,54,-9,1503,0,9
165,516211,Abdallah,Sima,2562050,0,False,0,0,0,0,0,0,0,0,0,0,0,0,0,0.0,0.0,0.0,0.0,0,0,0,0,0,0.00,0.00,0.00,0.00,54,-15,1488,0,15
165,516211,Abdallah,Sima,2562057,0,False,0,0,0,0,0,0,0,0,0,0,0,0,0,0.0,0.0,0.0,0.0,0,0,0,0,0,0.00,0.00,0.00,0.00,54,-14,1473,0,14
165,516211,Abdallah,Sima,2562065,0,False,0,0,0,0,0,0,0,0,0,0,0,0,0,0.0,0.0,0.0,0.0,0,0,0,0,0,0.00,0.00,0.00,0.00,54,-6,1468,0,6
165,516211,Abdallah,Sima,2562084,0,False,0,0,0,0,0,0,0,0,0,0,0,0,0,0.0,0.0,0.0,0.0,0,0,0,0,0,0.00,0.00,0.00,0.00,54,-4,1464,0,4
165,516211,Abdallah,Sima,2562087,0,False,0,0,0,0,0,0,0,0,0,0,0,0,0,0.0,0.0,0.0,0.0,0,0,0,0,0,0.00,0.00,0.00,0.00,54,-5,1459,0,5
165,516211,Abdallah,Sima,2562102,0,False,0,0,0,0,0,0,0,0,0,0,0,0,0,0.0,0.0,0.0,0.0,0,0,0,0,0,0.00,0.00,0.00,0.00,54,-3,1456,0,3
165,516211,Abdallah,Sima,2562106,0,False,0,0,0,0,0,0,0,0,0,0,0,0,0,0.0,0.0,0.0,0.0,0,0,0,0,0,0.00,0.00,0.00,0.00,54,-2,1454,0,2
165,516211,Abdallah,Sima,2562121,0,False,0,0,0,0,0,0,0,0,0,0,0,0,0,0.0,0.0,0.0,0.0,0,0,0,0,0,0.00,0.00,0.00,0.00,54,-2,1452,0,2
165,516211,Abdallah,Sima,2562126,0,False,0,0,0,0,0,0,0,0,0,0,0,0,0,0.0,0.0,0.0,0.0,0,0,0,0,0,0.00,0.00,0.00,0.00,54,-1,1450,0,1
165,516211,Abdallah,Sima,2562137,0,False,0,0,0,0,0,0,0,0,0,0,0,0,0,0.0,0.0,0.0,0.0,0,0,0,0,0,0.00,0.00,0.00,0.00,54,-6,1445,0,6
165,516211,Abdallah,Sima,2562145,0,False,0,0,0,0,0,0,0,0,0,0,0,0,0,0.0,0.0,0.0,0.0,0,0,0,0,0,0.00,0.00,0.00,0.00,54,-4,1441,0,4
165,516211,Abdallah,Sima,2562156,0,False,0,0,0,0,0,0,0,0,0,0,0,0,0,0.0,0.0,0.0,0.0,0,0,0,0,0,0.00,0.00,0.00,0.00,54,-6,1435,0,6
165,516211,Abdallah,Sima,2562167,0,False,0,0,0,0,0,0,0,0,0,0,0,0,0,0.0,0.0,0.0,0.0,0,0,0,0,0,0.00,0.00,0.00,0.00,54,-3,1433,0,3
165,516211,Abdallah,Sima,2562177,0,False,0,0,0,0,0,0,0,0,0,0,0,0,0,0.0,0.0,0.0,0.0,0,0,0,0,0,0.00,0.00,0.00,0.00,54,-2,1431,0,2
165,516211,Abdallah,Sima,2562193,0,False,0,0,0,0,0,0,0,0,0,0,0,0,0,0.0,0.0,0.0,0.0,0,0,0,0,0,0.00,0.00,0.00,0.00,54,-4,1427,0,4
165,516211,Abdallah,Sima,2562197,0,False,0,0,0,0,0,0,0,0,0,0,0,0,0,0.0,0.0,0.0,0.0,0,0,0,0,0,0.00,0.00,0.00,0.00,54,-1,1426,0,1
165,516211,Abdallah,Sima,2562207,0,False,0,0,0,0,0,0,0,0,0,0,0,0,0,0.0,0.0,0.0,0.0,0,0,0,0,0,0.00,0.00,0.00,0.00,54,-3,1423,0,3
165,516211,Abdallah,Sima,2562224,0,False,0,0,0,0,0,0,0,0,0,0,0,0,0,0.0,0.0,0.0,0.0,0,0,0,0,0,0.00,0.00,0.00,0.00,54,-2,1421,0,2
165,516211,Abdallah,Sima,2562227,0,False,0,0,0,0,0,0,0,0,0,0,0,0,0,0.0,0.0,0.0,0.0,0,0,0,0,0,0.00,0.00,0.00,0.00,54,-2,1421,0,2
165,516211,Abdallah,Sima,2562243,0,False,0,0,0,0,0,0,0,0,0,0,0,0,0,0.0,0.0,0.0,0.0,0,0,0,0,0,0.00,0.00,0.00,0.00,54,0,1420,0,0
165,516211,Abdallah,Sima,2562245,0,False,0,0,0,0,0,0,0,0,0,0,0,0,0,0.0,0.0,0.0,0.0,0,0,0,0,0,0.00,0.00,0.00,0.00,54,0,1420,0,0
165,516211,Abdallah,Sima,2562261,0,False,0,0,0,0,0,0,0,0,0,0,0,0,0,0.0,0.0,0.0,0.0,0,0,0,0,0,0.00,0.00,0.00,0.00,54,-2,1418,0,2
165,516211,Abdallah,Sima,2562265,0,False,0,0,0,0,0,0,0,0,0,0,0,0,0,0.0,0.0,0.0,0.0,0,0,0,0,0,0.00,0.00,0.00,0.00,54,0,1417,0,0
166,509416,Yasin,Ayari,2561897,3,False,90,0,0,0,1,0,0,0,0,0,0,1,20,7.2,3.2,2.0,1.2,3,6,1,10,1,0.00,0.12,0.12,0.76,50,0,20119,0,0
166,509416,Yasin,Ayari,2561910,2,False,66,0,0,0,2,0,0,0,0,0,0,0,10,10.6,3.9,18.0,3.3,1,2,3,6,1,0.15,0.02,0.17,1.20,50,-1298,21546,1481,2779
166,509416,Yasin,Ayari,2561916,1,False,29,0,0,0,0,0,0,0,0,0,0,0,3,6.8,24.7,0.0,3.2,1,1,1,3,0,0.00,0.01,0.01,0.17,50,-2782,19384,879,3661
166,509416,Yasin,Ayari,2561925,2,False,87,0,0,0,2,0,0,0,0,0,0,0,20,15.4,2.4,0.0,1.8,3,3,4,10,0,0.00,0.07,0.07,1.45,49,-1466,19095,1704,3170
166,509416,Yasin,Ayari,2561937,8,False,90,1,0,0,2,0,0,0,0,0,0,1,28,34.8,11.8,22.0,6.9,2,7,1,10,1,0.24,0.02,0.26,1.22,49,-547,18913,1648,2195
166,509416,Yasin,Ayari,2561947,2,False,90,0,0,0,1,0,0,0,0,0,0,0,14,13.0,21.3,3.0,3.7,3,5,2,10,1,0.05,0.16,0.21,1.81,49,14606,35209,19003,4397
166,509416,Yasin,Ayari,2561964,2,False,90,0,0,0,1,0,0,0,0,0,0,0,18,13.6,23.8,2.0,3.9,2,4,3,9,1,0.02,0.04,0.06,0.56,49,5194,40727,8740,3546
166,509416,Yasin,Ayari,2561965,2,False,90,0,0,0,1,0,0,0,0,0,0,0,15,13.6,34.3,11.0,5.9,1,2,2,5,1,0.08,0.02,0.10,1.45,49,923,41983,6162,5239
166,509416,Yasin,Ayari,2561982,1,False,59,0,0,0,2,0,0,0,0,0,0,0,10,1.0,3.4,8.0,1.2,5,6,0,11,1,0.08,0.01,0.09,0.62,49,-1258,40890,3369,4627
166,509416,Yasin,Ayari,2561985,3,False,90,0,0,1,0,0,0,0,0,0,0,0,13,8.4,4.2,37.0,5.0,1,7,1,9,1,0.34,0.02,0.36,0.50,49,-2050,39204,2743,4793
166,509416,Yasin,Ayari,2561998,3,False,90,0,0,1,0,0,0,0,0,0,0,0,13,6.0,1.3,4.0,1.1,1,5,2,8,1,0.03,0.01,0.04,0.74,49,-2946,36221,856,3802
166,509416,Yasin,Ayari,2562007,4,False,90,0,0,0,1,0,0,0,0,0,0,0,16,19.4,14.2,2.0,3.6,0,8,6,14,1,0.00,0.08,0.08,1.91,49,-2175,34237,1013,3188
166,509416,Yasin,Ayari,2562021,3,False,90,0,0,1,0,0,0,0,0,0,0,0,13,4.6,1.5,2.0,0.8,1,7,3,11,1,0.09,0.01,0.10,0.71,49,-1693,32471,670,2363
166,509416,Yasin,Ayari,2562027,0,False,0,0,0,0,0,0,0,0,0,0,0,0,0,0.0,0.0,0.0,0.0,0,0,0,0,0,0.00,0.00,0.00,0.00,49,-612,32363,896,1508
166,509416,Yasin,Ayari,2562037,0,False,0,0,0,0,0,0,0,0,0,0,0,0,0,0.0,0.0,0.0,0.0,0,0,0,0,0,0.00,0.00,0.00,0.00,49,-3542,28716,219,3761
166,509416,Yasin,Ayari,2562050,1,False,26,0,0,0,0,0,0,0,0,0,0,0,5,3.4,2.4,7.0,1.3,0,5,0,5,0,0.10,0.02,0.12,0.49,49,-5474,23336,260,5734
166,509416,Yasin,Ayari,2562057,3,False,90,0,0,1,0,0,0,0,0,0,0,0,11,8.2,1.1,25.0,3.4,3,8,0,11,1,0.59,0.00,0.59,1.38,48,-30,23769,1428,1458
166,509416,Yasin,Ayari,2562065,5,False,90,0,1,0,2,0,0,0,0,0,0,0,20,7.6,3.1,15.0,2.6,5,5,1,11,1,0.34,0.01,0.35,3.08,48,583,24474,1772,1189
166,509416,Yasin,Ayari,2562084,4,False,90,0,0,0,2,0,0,0,0,0,0,0,9,4.4,8.3,8.0,2.1,4,7,3,14,1,0.18,0.02,0.20,2.06,48,2155,28121,3147,992
166,509416,Yasin,Ayari,2562087,12,False,90,1,0,1,0,0,0,0,0,0,0,2,35,44.0,12.3,20.0,7.6,1,7,4,12,1,0.14,0.27,0.41,0.30,48,4428,31692,5924,1496
166,509416,Yasin,Ayari,2562102,5,False,82,0,1,0,1,0,0,0,0,0,0,0,18,23.0,14.0,0.0,3.7,3,4,2,9,1,0.00,0.01,0.01,1.91,48,3914,35395,6717,2803
166,509416,Yasin,Ayari,2562106,0,False,0,0,0,0,0,0,0,0,0,0,0,0,0,0.0,0.0,0.0,0.0,0,0,0,0,0,0.00,0.00,0.00,0.00,48,11334,47631,14096,2762
166,509416,Yasin,Ayari,2562121,11,False,90,1,0,0,2,0,0,0,0,0,0,2,34,43.2,9.7,18.0,7.1,5,6,2,13,1,0.11,0.03,0.14,1.05,48,5305,52639,8763,3458
166,509416,Yasin,Ayari,2562126,6,False,90,0,1,0,1,0,0,0,0,0,0,1,26,23.0,13.5,2.0,3.9,1,6,2,9,1,0.00,0.12,0.12,1.20,48,70859,127765,78733,7874
166,509416,Yasin,Ayari,2562137,0,False,0,0,0,0,0,0,0,0,0,0,0,0,0,0.0,0.0,0.0,0.0,0,0,0,0,0,0.00,0.00,0.00,0.00,48,1818,126180,27776,25958
166,509416,Yasin,Ayari,2562145,0,False,0,0,0,0,0,0,0,0,0,0,0,0,0,0.0,0.0,0.0,0.0,0,0,0,0,0,0.00,0.00,0.00,0.00,48,-39417,83961,276,39693
166,509416,Yasin,Ayari,2562156,0,False,0,0,0,0,0,0,0,0,0,0,0,0,0,0.0,0.0,0.0,0.0,0,0,0,0,0,0.00,0.00,0.00,0.00,48,-20141,66936,207,20348
166,509416,Yasin,Ayari,2562167,0,False,0,0,0,0,0,0,0,0,0,0,0,0,0,0.0,0.0,0.0,0.0,0,0,0,0,0,0.00,0.00,0.00,0.00,48,-6627,60704,242,6869
166,509416,Yasin,Ayari,2562177,0,False,12,0,0,0,0,0,0,0,1,0,0,0,-3,0.2,0.6,0.0,0.1,1,1,0,2,0,0.00,0.00,0.00,0.04,48,-6346,54336,220,6566
166,509416,Yasin,Ayari,2562193,1,False,2,0,0,0,0,0,0,0,0,0,0,0,3,0.0,0.1,0.0,0.0,0,0,0,0,0,0.00,0.00,0.00,0.08,48,-1556,53250,1756,3312
166,509416,Yasin,Ayari,2562197,1,False,7,0,0,0,0,0,0,0,0,0,0,0,8,3.2,10.3,13.0,2.7,0,0,0,0,0,0.07,0.05,0.12,0.03,48,-2387,47421,477,2864
166,509416,Yasin,Ayari,2562207,8,False,90,0,1,1,0,0,0,0,0,0,0,0,30,40.6,22.9,6.0,7.0,4,9,4,17,1,0.00,0.02,0.02,0.88,48,-88,50975,2824,2912
166,509416,Yasin,Ayari,2562224,2,False,81,0,0,0,2,0,0,0,0,0,0,0,10,2.8,2.7,2.0,0.8,1,2,0,3,1,0.09,0.01,0.10,1.05,48,7000,61591,8311,1311
166,509416,Yasin,Ayari,2562227,1,False,8,0,0,0,0,0,0,0,0,0,0,0,2,0.0,0.0,2.0,0.2,1,0,0,1,0,0.00,0.00,0.00,0.02,48,7000,61591,8311,1311
166,509416,Yasin,Ayari,2562243,0,False,0,0,0,0,0,0,0,0,0,0,0,0,0,0.0,0.0,0.0,0.0,0,0,0,0,0,0.00,0.00,0.00,0.00,48,-683,51107,1916,2599
166,509416,Yasin,Ayari,2562245,1,False,14,0,0,0,0,0,0,0,0,0,0,0,2,0.0,0.1,0.0,0.0,0,0,0,0,0,0.00,0.00,0.00,0.11,48,-750,50462,2277,3027
166,509416,Yasin,Ayari,2562261,1,False,8,0,0,0,1,0,0,0,0,0,0,0,3,1.8,0.2,2.0,0.4,1,1,0,2,0,0.00,0.00,0.00,0.07,48,-1531,48843,831,2362
166,509416,Yasin,Ayari,2562265,0,False,0,0,0,0,0,0,0,0,0,0,0,0,0,0.0,0.0,0.0,0.0,0,0,0,0,0,0.00,0.00,0.00,0.00,48,-1917,46825,763,2680
167,535301,Carlos,Baleba,2561897,3,False,68,0,0,1,0,0,0,0,0,0,0,0,10,4.0,11.9,1.0,1.7,4,6,1,11,1,0.02,0.01,0.03,0.52,50,0,468058,0,0
167,535301,Carlos,Baleba,2561910,1,False,45,0,0,0,1,0,0,0,0,0,0,0,3,0.4,10.8,0.0,1.1,0,2,0,2,1,0.00,0.00,0.00,0.92,50,-24823,486276,30220,55043
167,535301,Carlos,Baleba,2561916,1,False,59,0,0,0,1,0,0,0,0,0,0,0,3,0.0,2.3,0.0,0.2,0,3,0,3,1,0.00,0.00,0.00,1.65,50,-66103,421916,14583,80686
167,535301,Carlos,Baleba,2561925,0,False,24,0,0,0,0,0,0,0,1,0,0,0,0,0.6,1.0,1.0,0.3,2,3,1,6,0,0.02,0.00,0.02,0.25,49,-52942,382032,15253,68195
167,535301,Carlos,Baleba,2561937,1,False,45,0,0,0,1,0,0,0,0,0,0,0,6,6.0,0.7,0.0,0.7,2,3,2,7,1,0.00,0.00,0.00,0.91,49,-48711,337151,6556,55267
167,535301,Carlos,Baleba,2561947,2,False,66,0,0,0,1,0,0,0,0,0,0,0,5,2.0,2.2,2.0,0.6,4,5,0,9,1,0.01,0.01,0.02,1.38,48,-34741,304700,10468,45209
167,535301,Carlos,Baleba,2561964,0,False,45,0,0,0,1,0,0,0,1,0,0,0,7,5.6,0.9,0.0,0.7,2,2,3,7,1,0.00,0.00,0.00,0.20,48,-12530,294958,12095,24625
167,535301,Carlos,Baleba,2561965,3,False,70,0,0,1,0,0,0,0,0,0,0,0,13,3.8,8.0,3.0,1.5,2,2,1,5,1,0.03,0.12,0.15,0.70,48,-24159,272058,8524,32683
167,535301,Carlos,Baleba,2561982,0,False,58,0,0,0,2,0,0,0,1,0,0,0,6,0.0,2.5,2.0,0.4,2,7,1,10,1,0.05,0.00,0.05,0.62,48,-8664,264580,6678,15342
167,535301,Carlos,Baleba,2561985,3,False,90,0,0,1,0,0,0,0,0,0,0,0,15,5.2,5.1,1.0,1.1,2,2,2,6,1,0.01,0.01,0.02,0.50,47,-10398,255592,9289,19687
167,535301,Carlos,Baleba,2561998,2,False,74,0,0,1,0,0,0,0,1,0,0,0,3,0.0,2.2,0.0,0.1,1,5,1,7,1,0.00,0.02,0.02,0.46,47,-3886,252283,8578,12464
167,535301,Carlos,Baleba,2562007,1,False,45,0,0,0,1,0,0,0,0,0,0,0,-2,2.8,10.8,1.0,1.5,4,2,0,6,1,0.02,0.01,0.03,0.85,47,-3648,250021,8367,12015
167,535301,Carlos,Baleba,2562021,1,False,6,0,0,0,0,0,0,0,0,0,0,0,3,5.0,0.1,0.0,0.5,3,0,0,3,0,0.00,0.00,0.00,0.01,47,-8400,240641,3168,11568
167,535301,Carlos,Baleba,2562027,4,False,77,0,0,0,3,0,0,0,0,0,0,0,18,21.8,4.3,0.0,2.6,7,5,2,14,1,0.00,0.03,0.03,1.83,47,-5140,236393,2567,7707
167,535301,Carlos,Baleba,2562037,1,False,59,0,0,0,0,0,0,0,0,0,0,0,3,1.2,2.3,0.0,0.4,0,3,1,4,1,0.00,0.01,0.01,0.72,47,-4501,232341,3399,7900
167,535301,Carlos,Baleba,2562050,2,False,63,0,0,0,2,0,0,0,0,0,0,0,4,4.8,3.3,5.0,1.3,0,1,3,4,1,0.05,0.00,0.05,1.40,46,-14279,218112,6450,20729
167,535301,Carlos,Baleba,2562057,0,False,0,0,0,0,0,0,0,0,0,0,0,0,0,0.0,0.0,0.0,0.0,0,0,0,0,0,0.00,0.00,0.00,0.00,46,-25268,192174,518,25786
167,535301,Carlos,Baleba,2562065,0,False,0,0,0,0,0,0,0,0,0,0,0,0,0,0.0,0.0,0.0,0.0,0,0,0,0,0,0.00,0.00,0.00,0.00,46,-12799,179710,377,13176
167,535301,Carlos,Baleba,2562084,0,False,0,0,0,0,0,0,0,0,0,0,0,0,0,0.0,0.0,0.0,0.0,0,0,0,0,0,0.00,0.00,0.00,0.00,46,-6726,173659,203,6929
167,535301,Carlos,Baleba,2562087,0,False,0,0,0,0,0,0,0,0,0,0,0,0,0,0.0,0.0,0.0,0.0,0,0,0,0,0,0.00,0.00,0.00,0.00,46,-3247,171153,276,3523
167,535301,Carlos,Baleba,2562102,0,False,0,0,0,0,0,0,0,0,0,0,0,0,0,0.0,0.0,0.0,0.0,0,0,0,0,0,0.00,0.00,0.00,0.00,46,-3179,167970,229,3408
167,535301,Carlos,Baleba,2562106,1,False,24,0,0,0,0,0,0,0,0,0,0,0,5,4.8,1.7,5.0,1.2,0,1,2,3,0,0.08,0.00,0.08,0.02,45,-471,167968,2716,3187
167,535301,Carlos,Baleba,2562121,4,False,80,0,0,0,1,0,0,0,0,0,0,0,18,8.6,4.5,2.0,1.5,4,6,2,12,1,0.07,0.02,0.09,1.02,45,1580,169785,2996,1416
167,535301,Carlos,Baleba,2562126,4,False,90,0,0,0,1,0,0,0,0,0,0,0,10,7.0,2.6,2.0,1.2,3,8,3,14,1,0.00,0.02,0.02,1.20,45,3237,173438,5520,2283
167,535301,Carlos,Baleba,2562137,2,False,70,0,0,0,1,0,0,0,0,0,0,0,11,6.4,11.7,0.0,1.8,2,1,2,5,1,0.00,0.01,0.01,0.79,45,6837,180768,9130,2293
167,535301,Carlos,Baleba,2562145,0,False,21,0,0,0,0,0,0,0,1,0,0,0,0,0.0,0.0,0.0,0.0,1,1,0,2,1,0.00,0.00,0.00,0.29,45,10870,193545,14022,3152
167,535301,Carlos,Baleba,2562156,1,False,1,0,0,0,0,0,0,0,0,0,0,0,4,2.0,0.0,0.0,0.2,0,0,1,1,0,0.00,0.00,0.00,0.00,45,3301,195029,7374,4073
167,535301,Carlos,Baleba,2562167,1,False,4,0,0,0,0,0,0,0,0,0,0,0,3,2.0,1.1,0.0,0.3,1,0,0,1,0,0.00,0.00,0.00,0.25,45,929,196173,4090,3161
167,535301,Carlos,Baleba,2562177,2,False,77,0,0,0,1,0,0,0,0,0,0,0,4,5.4,2.8,4.0,1.2,4,6,0,10,1,0.20,0.01,0.21,0.43,45,-1878,193996,2684,4562
167,535301,Carlos,Baleba,2562193,0,False,0,0,0,0,0,0,0,0,0,0,0,0,0,0.0,0.0,0.0,0.0,0,0,0,0,0,0.00,0.00,0.00,0.00,45,1373,195845,5045,3672
167,535301,Carlos,Baleba,2562197,1,False,14,0,0,0,0,0,0,0,0,0,0,0,3,0.6,0.1,0.0,0.1,0,0,0,0,0,0.00,0.00,0.00,0.10,45,-2634,189033,957,3591
167,535301,Carlos,Baleba,2562207,1,False,15,0,0,0,0,0,0,0,0,0,0,0,3,1.4,0.1,0.0,0.2,1,1,0,2,0,0.00,0.00,0.00,0.04,45,175,193720,3563,3388
167,535301,Carlos,Baleba,2562224,0,False,0,0,0,0,0,0,0,0,0,0,0,0,0,0.0,0.0,0.0,0.0,0,0,0,0,0,0.00,0.00,0.00,0.00,45,-535,192811,2976,3511
167,535301,Carlos,Baleba,2562227,3,False,90,0,0,1,0,0,0,0,0,0,0,0,17,15.2,12.8,2.0,3.0,3,6,1,10,1,0.00,0.33,0.33,0.37,45,-535,192811,2976,3511
167,535301,Carlos,Baleba,2562243,2,False,79,0,0,0,2,0,0,0,0,0,0,0,14,12.2,13.7,3.0,2.9,4,4,3,11,1,0.04,0.03,0.07,2.11,45,1563,191149,3997,2434
167,535301,Carlos,Baleba,2562245,5,False,75,0,0,1,0,0,0,0,0,0,0,0,19,7.8,1.8,1.0,1.1,2,10,3,15,1,0.09,0.01,0.10,0.39,45,4623,196362,7244,2621
167,535301,Carlos,Baleba,2562261,3,False,81,0,0,1,0,0,0,0,0,0,0,0,14,19.8,13.5,7.0,4.0,6,4,0,10,1,0.06,0.02,0.08,0.32,45,5826,202318,7703,1877
167,535301,Carlos,Baleba,2562265,1,False,31,0,0,0,0,0,0,0,0,0,0,0,9,10.4,21.5,2.0,3.4,1,6,2,9,0,0.03,0.05,0.08,0.15,45,960,202845,4822,3862
169,514254,Diego,Gómez Amarilla,2561897,0,False,21,0,0,0,1,0,0,0,1,0,0,0,7,7.6,11.3,7.0,2.6,1,2,2,5,0,0.03,0.03,0.06,0.24,50,0,5898,0,0
169,514254,Diego,Gómez Amarilla,2561910,1,False,23,0,0,0,0,0,0,0,0,0,0,0,3,7.0,2.0,0.0,0.9,4,1,0,5,0,0.00,0.01,0.01,0.40,50,-768,6733,245,1013
169,514254,Diego,Gómez Amarilla,2561916,2,False,60,0,0,0,1,0,0,0,0,0,0,0,12,3.8,0.3,0.0,0.4,0,3,3,6,1,0.00,0.00,0.00,1.65,50,-694,6639,174,868
169,514254,Diego,Gómez Amarilla,2561925,0,False,0,0,0,0,0,0,0,0,0,0,0,0,0,0.0,0.0,0.0,0.0,0,0,0,0,0,0.00,0.00,0.00,0.00,50,-70,7148,538,608
169,514254,Diego,Gómez Amarilla,2561937,0,False,45,0,0,0,1,0,0,0,1,0,0,0,5,7.0,14.6,4.0,2.6,0,2,3,5,0,0.02,0.06,0.08,0.31,50,-146,7433,506,652
169,514254,Diego,Gómez Amarilla,2561947,2,False,84,0,0,0,1,0,0,0,0,0,0,0,10,2.8,1.8,3.0,0.8,0,3,3,6,1,0.10,0.01,0.11,1.40,49,4885,12928,6052,1167
169,514254,Diego,Gómez Amarilla,2561964,2,False,76,0,0,0,1,0,0,0,0,0,0,0,8,12.4,1.3,17.0,3.1,2,1,5,8,1,0.13,0.01,0.14,0.56,49,979,13928,2042,1063
169,514254,Diego,Gómez Amarilla,2561965,1,False,35,0,0,0,0,0,0,0,0,0,0,0,5,3.6,11.1,8.0,2.3,0,3,1,4,1,0.00,0.01,0.01,0.18,49,-1389,12629,720,2109
169,514254,Diego,Gómez Amarilla,2561982,1,False,30,0,0,0,2,0,0,0,0,0,0,0,3,7.8,2.0,6.0,1.6,2,3,2,7,0,0.04,0.00,0.04,0.67,49,-1382,11313,176,1558
169,514254,Diego,Gómez Amarilla,2561985,16,False,80,2,0,1,0,0,0,0,0,0,0,3,56,85.8,22.1,75.0,18.3,2,2,4,8,1,1.35,0.01,1.36,0.28,49,-415,11084,512,927
169,514254,Diego,Gómez Amarilla,2561998,3,False,84,0,0,1,0,0,0,0,0,0,0,0,20,30.2,52.5,56.0,13.9,2,2,3,7,1,0.17,0.29,0.46,0.58,49,12930,25233,13843,913
169,514254,Diego,Gómez Amarilla,2562007,1,False,69,0,0,0,1,0,0,0,1,0,0,0,5,0.0,1.6,5.0,0.4,0,4,0,4,1,0.06,0.02,0.08,0.88,49,14834,43036,17265,2431
169,514254,Diego,Gómez Amarilla,2562021,3,False,83,0,0,1,0,0,0,0,0,0,0,0,14,20.8,16.8,25.0,6.3,5,4,2,11,1,0.12,0.25,0.37,0.70,49,-1907,37733,3941,5848
169,514254,Diego,Gómez Amarilla,2562027,1,False,90,0,0,0,4,0,0,0,1,0,0,0,6,10.2,5.5,2.0,1.8,1,2,4,7,1,0.00,0.01,0.01,2.41,49,-418,37879,2383,2801
169,514254,Diego,Gómez Amarilla,2562037,2,False,90,0,0,0,1,0,0,0,0,0,0,0,13,10.2,25.3,15.0,5.1,1,8,2,11,1,0.38,0.09,0.47,1.14,49,-3009,34817,1378,4387
169,514254,Diego,Gómez Amarilla,2562050,1,False,86,0,0,0,2,0,0,0,1,0,0,0,-7,0.6,11.5,31.0,4.3,1,1,0,2,1,1.14,0.02,1.16,1.55,49,-9356,25319,1000,10356
169,514254,Diego,Gómez Amarilla,2562057,0,False,0,0,0,0,0,0,0,0,0,0,0,0,0,0.0,0.0,0.0,0.0,0,0,0,0,0,0.00,0.00,0.00,0.00,49,-7009,18665,150,7159
169,514254,Diego,Gómez Amarilla,2562065,9,False,86,1,0,0,2,0,0,0,0,0,0,2,30,38.6,3.1,17.0,5.9,1,2,2,5,1,0.12,0.00,0.12,2.93,49,-697,18207,905,1602
169,514254,Diego,Gómez Amarilla,2562084,2,False,71,0,0,0,2,0,0,0,0,0,0,0,7,3.8,24.1,4.0,3.2,1,3,1,5,1,0.05,0.01,0.06,1.79,49,7989,29664,8960,971
169,514254,Diego,Gómez Amarilla,2562087,3,False,79,0,0,1,0,0,0,0,0,0,0,0,11,6.8,2.8,9.0,1.9,1,5,3,9,1,0.10,0.01,0.11,0.26,49,6336,33968,9200,2864
169,514254,Diego,Gómez Amarilla,2562102,2,False,76,0,0,0,1,0,0,0,0,0,0,0,5,0.0,27.5,9.0,3.5,3,4,1,8,1,0.58,0.32,0.90,1.58,49,-5330,27566,782,6112
169,514254,Diego,Gómez Amarilla,2562106,2,False,65,0,0,0,1,0,0,0,0,0,0,0,11,11.8,3.0,4.0,1.9,1,5,5,11,1,0.06,0.01,0.07,1.31,49,-1617,26425,1404,3021
169,514254,Diego,Gómez Amarilla,2562121,2,False,80,0,0,0,1,0,0,0,0,0,0,0,14,14.8,3.0,4.0,2.2,2,4,5,11,1,0.00,0.01,0.01,1.02,49,-332,26242,1601,1933
169,514254,Diego,Gómez Amarilla,2562126,0,False,0,0,0,0,0,0,0,0,0,0,0,0,0,0.0,0.0,0.0,0.0,0,0,0,0,0,0.00,0.00,0.00,0.00,49,-2855,23373,880,3735
169,514254,Diego,Gómez Amarilla,2562137,0,False,19,0,0,0,0,0,0,0,1,0,0,0,0,1.4,0.2,0.0,0.2,1,1,1,3,0,0.00,0.00,0.00,0.37,49,-2263,21123,217,2480
169,514254,Diego,Gómez Amarilla,2562145,3,False,80,0,0,1,0,0,0,0,0,0,0,0,10,12.6,2.0,0.0,1.5,1,4,5,10,1,0.00,0.03,0.03,0.51,49,-1163,20058,449,1612
169,514254,Diego,Gómez Amarilla,2562156,10,False,75,1,0,1,0,0,0,0,0,0,0,2,30,40.4,3.6,23.0,6.7,2,5,3,10,1,0.15,0.01,0.16,1.11,49,-121,20151,889,1010
169,514254,Diego,Gómez Amarilla,2562167,9,False,85,1,0,0,1,0,0,0,0,0,0,2,37,49.4,28.1,25.0,10.3,1,5,3,9,1,0.06,0.05,0.11,0.68,49,3322,24074,4287,965
169,514254,Diego,Gómez Amarilla,2562177,1,False,76,0,0,0,1,0,0,0,1,0,0,0,9,8.8,13.3,10.0,3.2,1,3,5,9,1,0.00,0.03,0.03,0.43,49,4389,28312,5783,1394
169,514254,Diego,Gómez Amarilla,2562193,4,False,90,0,0,1,0,0,0,0,1,0,0,0,6,7.8,6.2,10.0,2.4,6,5,2,13,1,0.26,0.03,0.29,0.82,49,15997,44991,17695,1698
169,514254,Diego,Gómez Amarilla,2562197,6,False,90,0,1,0,1,0,0,0,1,0,0,0,20,24.2,13.6,17.0,5.5,3,8,3,14,1,0.35,0.26,0.61,1.03,49,5784,53480,10479,4695
169,514254,Diego,Gómez Amarilla,2562207,5,False,87,0,0,1,0,0,0,0,0,0,0,0,9,7.0,6.8,8.0,2.2,1,8,3,12,1,0.04,0.11,0.15,0.88,49,49997,101660,67781,17784
169,514254,Diego,Gómez Amarilla,2562224,1,False,19,0,0,0,0,0,0,0,0,0,0,0,1,0.0,0.0,0.0,0.0,0,1,0,1,1,0.00,0.00,0.00,0.01,49,34737,193385,41025,6288
169,514254,Diego,Gómez Amarilla,2562227,0,False,0,0,0,0,0,0,0,0,0,0,0,0,0,0.0,0.0,0.0,0.0,0,0,0,0,0,0.00,0.00,0.00,0.00,49,34737,193385,41025,6288
169,514254,Diego,Gómez Amarilla,2562243,0,False,0,0,0,0,0,0,0,0,0,0,0,0,0,0.0,0.0,0.0,0.0,0,0,0,0,0,0.00,0.00,0.00,0.00,49,-25502,76676,74,25576
169,514254,Diego,Gómez Amarilla,2562245,0,False,0,0,0,0,0,0,0,0,0,0,0,0,0,0.0,0.0,0.0,0.0,0,0,0,0,0,0.00,0.00,0.00,0.00,49,-18912,57513,36,18948
169,514254,Diego,Gómez Amarilla,2562261,1,False,25,0,0,0,1,0,0,0,0,0,0,0,-3,1.0,1.3,20.0,2.2,1,2,0,3,0,0.65,0.01,0.66,0.17,49,-5957,52028,646,6603
169,514254,Diego,Gómez Amarilla,2562265,1,False,58,0,0,0,3,0,0,0,0,0,0,0,4,0.0,1.4,18.0,1.8,2,6,1,9,1,0.28,0.01,0.29,1.50,49,-3504,48540,1045,4549
170,15157,James,Milner,2561897,1,False,2,0,0,0,1,0,0,0,0,0,0,0,3,0.0,0.1,0.0,0.0,0,0,0,0,0,0.00,0.00,0.00,0.24,50,0,10069,0,0
170,15157,James,Milner,2561910,0,False,0,0,0,0,0,0,0,0,0,0,0,0,0,0.0,0.0,0.0,0.0,0,0,0,0,0,0.00,0.00,0.00,0.00,50,-1006,11692,680,1686
170,15157,James,Milner,2561916,6,False,30,1,0,0,0,0,0,0,0,0,0,0,19,35.6,0.4,17.0,5.3,0,1,1,2,0,0.79,0.01,0.80,0.17,50,-1405,11074,429,1834
170,15157,James,Milner,2561925,1,False,65,0,0,0,2,0,0,0,1,0,0,0,8,8.0,5.0,0.0,1.3,2,2,2,6,1,0.00,0.02,0.02,1.20,50,3591,16737,5190,1599
170,15157,James,Milner,2561937,1,False,27,0,0,0,1,0,0,0,0,0,0,0,5,5.2,11.3,0.0,1.7,1,3,0,4,0,0.00,0.03,0.03,0.31,50,453,17627,2436,1983
170,15157,James,Milner,2561947,0,False,0,0,0,0,0,0,0,0,0,0,0,0,0,0.0,0.0,0.0,0.0,0,0,0,0,0,0.00,0.00,0.00,0.00,50,-286,17870,1818,2104
170,15157,James,Milner,2561964,1,False,13,0,0,0,0,0,0,0,0,0,0,0,6,5.2,20.1,0.0,2.5,0,1,0,1,0,0.00,0.06,0.06,0.00,50,-321,17975,1334,1655
170,15157,James,Milner,2561965,1,False,19,0,0,0,1,0,0,0,0,0,0,0,1,1.2,0.1,0.0,0.1,2,1,0,3,0,0.00,0.00,0.00,0.75,50,-745,17771,1069,1814
170,15157,James,Milner,2561982,4,False,31,0,1,0,2,0,0,0,0,0,0,0,24,24.4,34.2,0.0,5.9,1,2,0,3,0,0.00,0.28,0.28,0.67,50,-371,17642,715,1086
170,15157,James,Milner,2561985,0,False,0,0,0,0,0,0,0,0,0,0,0,0,0,0.0,0.0,0.0,0.0,0,0,0,0,0,0.00,0.00,0.00,0.00,50,-1237,16551,498,1735
170,15157,James,Milner,2561998,0,False,0,0,0,0,0,0,0,0,0,0,0,0,0,0.0,0.0,0.0,0.0,0,0,0,0,0,0.00,0.00,0.00,0.00,50,-1763,14791,28,1791
170,15157,James,Milner,2562007,0,False,0,0,0,0,0,0,0,0,0,0,0,0,0,0.0,0.0,0.0,0.0,0,0,0,0,0,0.00,0.00,0.00,0.00,49,-1105,13702,40,1145
170,15157,James,Milner,2562021,0,False,0,0,0,0,0,0,0,0,0,0,0,0,0,0.0,0.0,0.0,0.0,0,0,0,0,0,0.00,0.00,0.00,0.00,49,-609,13139,28,637
170,15157,James,Milner,2562027,0,False,0,0,0,0,0,0,0,0,0,0,0,0,0,0.0,0.0,0.0,0.0,0,0,0,0,0,0.00,0.00,0.00,0.00,49,-335,12835,18,353
170,15157,James,Milner,2562037,0,False,0,0,0,0,0,0,0,0,0,0,0,0,0,0.0,0.0,0.0,0.0,0,0,0,0,0,0.00,0.00,0.00,0.00,49,-368,12469,17,385
170,15157,James,Milner,2562050,1,False,3,0,0,0,0,0,0,0,0,0,0,0,3,1.8,0.6,0.0,0.2,0,1,0,1,0,0.00,0.00,0.00,0.33,49,-385,12123,120,505
170,15157,James,Milner,2562057,1,False,19,0,0,0,0,0,0,0,0,0,0,0,3,3.8,12.4,4.0,2.0,1,2,0,3,0,0.04,0.10,0.14,0.00,49,439,12707,643,204
170,15157,James,Milner,2562065,0,False,0,0,0,0,0,0,0,0,0,0,0,0,0,0.0,0.0,0.0,0.0,0,0,0,0,0,0.00,0.00,0.00,0.00,49,172,12941,494,322
170,15157,James,Milner,2562084,1,False,71,0,0,0,2,0,0,0,1,0,0,0,3,0.0,5.2,2.0,0.6,2,3,1,6,1,0.02,0.01,0.03,1.79,49,-13,12978,274,287
170,15157,James,Milner,2562087,1,False,10,0,0,0,0,0,0,0,0,0,0,0,3,0.6,0.5,0.0,0.1,0,1,0,1,0,0.00,0.01,0.01,0.04,49,123,13134,307,184
170,15157,James,Milner,2562102,1,False,7,0,0,0,0,0,0,0,0,0,0,0,5,2.4,0.1,0.0,0.3,0,2,1,3,0,0.00,0.00,0.00,0.64,49,-74,13062,179,253
170,15157,James,Milner,2562106,0,False,0,0,0,0,0,0,0,0,0,0,0,0,0,0.0,0.0,0.0,0.0,0,0,0,0,0,0.00,0.00,0.00,0.00,49,7,13159,316,309
170,15157,James,Milner,2562121,1,False,9,0,0,0,1,0,0,0,0,0,0,0,3,0.6,1.6,0.0,0.2,0,0,0,0,0,0.00,0.00,0.00,0.03,49,88,13280,267,179
170,15157,James,Milner,2562126,1,False,1,0,0,0,1,0,0,0,0,0,0,0,3,0.0,0.0,0.0,0.0,0,0,0,0,0,0.00,0.00,0.00,0.62,49,82,13419,327,245
170,15157,James,Milner,2562137,0,False,0,0,0,0,0,0,0,0,0,0,0,0,0,0.0,0.0,0.0,0.0,0,0,0,0,0,0.00,0.00,0.00,0.00,49,50,13530,299,249
170,15157,James,Milner,2562145,2,False,68,0,0,0,1,0,0,0,0,0,0,0,7,11.8,12.6,25.0,4.9,4,1,2,7,0,0.08,0.05,0.13,0.43,49,-10,13577,260,270
170,15157,James,Milner,2562156,3,False,89,0,0,1,0,0,0,0,0,0,0,0,16,9.4,8.3,6.0,2.4,2,5,2,9,1,0.03,0.02,0.05,1.60,49,72,13697,269,197
170,15157,James,Milner,2562167,2,False,85,0,0,0,1,0,0,0,0,0,0,0,13,6.4,15.9,0.0,2.2,1,5,1,7,1,0.00,0.03,0.03,0.68,49,191,13958,356,165
170,15157,James,Milner,2562177,0,False,0,0,0,0,0,0,0,0,0,0,0,0,0,0.0,0.0,0.0,0.0,0,0,0,0,0,0.00,0.00,0.00,0.00,49,8,13972,216,208
170,15157,James,Milner,2562193,3,False,90,0,0,1,0,0,0,0,0,0,0,0,17,11.6,6.4,0.0,1.8,2,6,2,10,1,0.00,0.02,0.02,0.90,49,41,14074,267,226
170,15157,James,Milner,2562197,2,False,75,0,0,0,1,0,0,0,0,0,0,0,11,9.6,14.7,5.0,2.9,6,2,2,10,1,0.07,0.01,0.08,0.92,49,40,14176,185,145
170,15157,James,Milner,2562207,0,False,0,0,0,0,0,0,0,0,0,0,0,0,0,0.0,0.0,0.0,0.0,0,0,0,0,0,0.00,0.00,0.00,0.00,49,156,14401,378,222
170,15157,James,Milner,2562224,0,False,0,0,0,0,0,0,0,0,0,0,0,0,0,0.0,0.0,0.0,0.0,0,0,0,0,0,0.00,0.00,0.00,0.00,49,-387,14026,45,432
170,15157,James,Milner,2562227,0,False,0,0,0,0,0,0,0,0,0,0,0,0,0,0.0,0.0,0.0,0.0,0,0,0,0,0,0.00,0.00,0.00,0.00,49,-387,14026,45,432
170,15157,James,Milner,2562243,0,False,0,0,0,0,0,0,0,0,0,0,0,0,0,0.0,0.0,0.0,0.0,0,0,0,0,0,0.00,0.00,0.00,0.00,49,-170,13571,10,180
170,15157,James,Milner,2562245,0,False,0,0,0,0,0,0,0,0,0,0,0,0,0,0.0,0.0,0.0,0.0,0,0,0,0,0,0.00,0.00,0.00,0.00,49,-64,13524,72,136
170,15157,James,Milner,2562261,0,False,0,0,0,0,0,0,0,0,0,0,0,0,0,0.0,0.0,0.0,0.0,0,0,0,0,0,0.00,0.00,0.00,0.00,49,45,13593,107,62
170,15157,James,Milner,2562265,1,False,58,0,0,0,3,0,0,0,0,0,0,0,5,1.4,1.9,0.0,0.3,1,2,1,4,1,0.00,0.01,0.01,1.50,49,124,13749,203,79
171,441192,Jeremy,Sarmiento Morante,2561897,0,False,0,0,0,0,0,0,0,0,0,0,0,0,0,0.0,0.0,0.0,0.0,0,0,0,0,0,0.00,0.00,0.00,0.00,50,0,3342,0,0
171,441192,Jeremy,Sarmiento Morante,2561910,0,False,0,0,0,0,0,0,0,0,0,0,0,0,0,0.0,0.0,0.0,0.0,0,0,0,0,0,0.00,0.00,0.00,0.00,50,-571,3717,58,629
171,441192,Jeremy,Sarmiento Morante,2561916,0,False,0,0,0,0,0,0,0,0,0,0,0,0,0,0.0,0.0,0.0,0.0,0,0,0,0,0,0.00,0.00,0.00,0.00,49,-417,3611,86,503
171,441192,Jeremy,Sarmiento Morante,2561925,0,False,0,0,0,0,0,0,0,0,0,0,0,0,0,0.0,0.0,0.0,0.0,0,0,0,0,0,0.00,0.00,0.00,0.00,49,-665,3004,52,717
171,441192,Jeremy,Sarmiento Morante,2561937,0,False,0,0,0,0,0,0,0,0,0,0,0,0,0,0.0,0.0,0.0,0.0,0,0,0,0,0,0.00,0.00,0.00,0.00,49,-372,2658,0,372
171,441192,Jeremy,Sarmiento Morante,2561947,0,False,0,0,0,0,0,0,0,0,0,0,0,0,0,0.0,0.0,0.0,0.0,0,0,0,0,0,0.00,0.00,0.00,0.00,49,-216,2450,0,216
171,441192,Jeremy,Sarmiento Morante,2561964,0,False,0,0,0,0,0,0,0,0,0,0,0,0,0,0.0,0.0,0.0,0.0,0,0,0,0,0,0.00,0.00,0.00,0.00,49,-108,2346,0,108
171,441192,Jeremy,Sarmiento Morante,2561965,0,False,0,0,0,0,0,0,0,0,0,0,0,0,0,0.0,0.0,0.0,0.0,0,0,0,0,0,0.00,0.00,0.00,0.00,49,-108,2235,0,108
171,441192,Jeremy,Sarmiento Morante,2561982,0,False,0,0,0,0,0,0,0,0,0,0,0,0,0,0.0,0.0,0.0,0.0,0,0,0,0,0,0.00,0.00,0.00,0.00,49,-58,2186,0,58
171,441192,Jeremy,Sarmiento Morante,2561985,0,False,0,0,0,0,0,0,0,0,0,0,0,0,0,0.0,0.0,0.0,0.0,0,0,0,0,0,0.00,0.00,0.00,0.00,49,-47,2138,0,47
171,441192,Jeremy,Sarmiento Morante,2561998,0,False,0,0,0,0,0,0,0,0,0,0,0,0,0,0.0,0.0,0.0,0.0,0,0,0,0,0,0.00,0.00,0.00,0.00,49,-39,2100,0,39
171,441192,Jeremy,Sarmiento Morante,2562007,0,False,0,0,0,0,0,0,0,0,0,0,0,0,0,0.0,0.0,0.0,0.0,0,0,0,0,0,0.00,0.00,0.00,0.00,49,-26,2074,0,26
171,441192,Jeremy,Sarmiento Morante,2562021,0,False,0,0,0,0,0,0,0,0,0,0,0,0,0,0.0,0.0,0.0,0.0,0,0,0,0,0,0.00,0.00,0.00,0.00,49,-13,2061,0,13
171,441192,Jeremy,Sarmiento Morante,2562027,0,False,0,0,0,0,0,0,0,0,0,0,0,0,0,0.0,0.0,0.0,0.0,0,0,0,0,0,0.00,0.00,0.00,0.00,49,-10,2053,0,10
171,441192,Jeremy,Sarmiento Morante,2562037,0,False,0,0,0,0,0,0,0,0,0,0,0,0,0,0.0,0.0,0.0,0.0,0,0,0,0,0,0.00,0.00,0.00,0.00,49,-16,2037,0,16
171,441192,Jeremy,Sarmiento Morante,2562050,0,False,0,0,0,0,0,0,0,0,0,0,0,0,0,0.0,0.0,0.0,0.0,0,0,0,0,0,0.00,0.00,0.00,0.00,49,-14,2021,0,14
171,441192,Jeremy,Sarmiento Morante,2562057,0,False,0,0,0,0,0,0,0,0,0,0,0,0,0,0.0,0.0,0.0,0.0,0,0,0,0,0,0.00,0.00,0.00,0.00,49,-14,2008,0,14
171,441192,Jeremy,Sarmiento Morante,2562065,0,False,0,0,0,0,0,0,0,0,0,0,0,0,0,0.0,0.0,0.0,0.0,0,0,0,0,0,0.00,0.00,0.00,0.00,49,-10,1999,0,10
171,441192,Jeremy,Sarmiento Morante,2562084,0,False,0,0,0,0,0,0,0,0,0,0,0,0,0,0.0,0.0,0.0,0.0,0,0,0,0,0,0.00,0.00,0.00,0.00,49,-14,1984,0,14
171,441192,Jeremy,Sarmiento Morante,2562087,0,False,0,0,0,0,0,0,0,0,0,0,0,0,0,0.0,0.0,0.0,0.0,0,0,0,0,0,0.00,0.00,0.00,0.00,49,-2,1983,0,2
171,441192,Jeremy,Sarmiento Morante,2562102,0,False,0,0,0,0,0,0,0,0,0,0,0,0,0,0.0,0.0,0.0,0.0,0,0,0,0,0,0.00,0.00,0.00,0.00,49,-6,1977,0,6
171,441192,Jeremy,Sarmiento Morante,2562106,0,False,0,0,0,0,0,0,0,0,0,0,0,0,0,0.0,0.0,0.0,0.0,0,0,0,0,0,0.00,0.00,0.00,0.00,49,-8,1969,0,8
171,441192,Jeremy,Sarmiento Morante,2562121,0,False,0,0,0,0,0,0,0,0,0,0,0,0,0,0.0,0.0,0.0,0.0,0,0,0,0,0,0.00,0.00,0.00,0.00,49,-1,1966,0,1
171,441192,Jeremy,Sarmiento Morante,2562126,0,False,0,0,0,0,0,0,0,0,0,0,0,0,0,0.0,0.0,0.0,0.0,0,0,0,0,0,0.00,0.00,0.00,0.00,49,-4,1969,1,5
171,441192,Jeremy,Sarmiento Morante,2562137,0,False,0,0,0,0,0,0,0,0,0,0,0,0,0,0.0,0.0,0.0,0.0,0,0,0,0,0,0.00,0.00,0.00,0.00,49,-4,1965,0,4
171,441192,Jeremy,Sarmiento Morante,2562145,0,False,0,0,0,0,0,0,0,0,0,0,0,0,0,0.0,0.0,0.0,0.0,0,0,0,0,0,0.00,0.00,0.00,0.00,49,-7,1957,0,7
171,441192,Jeremy,Sarmiento Morante,2562156,0,False,0,0,0,0,0,0,0,0,0,0,0,0,0,0.0,0.0,0.0,0.0,0,0,0,0,0,0.00,0.00,0.00,0.00,49,-10,1948,0,10
171,441192,Jeremy,Sarmiento Morante,2562167,0,False,0,0,0,0,0,0,0,0,0,0,0,0,0,0.0,0.0,0.0,0.0,0,0,0,0,0,0.00,0.00,0.00,0.00,49,-6,1942,0,6
171,441192,Jeremy,Sarmiento Morante,2562177,0,False,0,0,0,0,0,0,0,0,0,0,0,0,0,0.0,0.0,0.0,0.0,0,0,0,0,0,0.00,0.00,0.00,0.00,49,-1,1941,0,1
171,441192,Jeremy,Sarmiento Morante,2562193,0,False,0,0,0,0,0,0,0,0,0,0,0,0,0,0.0,0.0,0.0,0.0,0,0,0,0,0,0.00,0.00,0.00,0.00,49,-2,1939,0,2
171,441192,Jeremy,Sarmiento Morante,2562197,0,False,0,0,0,0,0,0,0,0,0,0,0,0,0,0.0,0.0,0.0,0.0,0,0,0,0,0,0.00,0.00,0.00,0.00,49,0,1939,0,0
171,441192,Jeremy,Sarmiento Morante,2562207,0,False,0,0,0,0,0,0,0,0,0,0,0,0,0,0.0,0.0,0.0,0.0,0,0,0,0,0,0.00,0.00,0.00,0.00,49,-10,1929,0,10
171,441192,Jeremy,Sarmiento Morante,2562224,0,False,0,0,0,0,0,0,0,0,0,0,0,0,0,0.0,0.0,0.0,0.0,0,0,0,0,0,0.00,0.00,0.00,0.00,49,-4,1925,0,4
171,441192,Jeremy,Sarmiento Morante,2562227,0,False,0,0,0,0,0,0,0,0,0,0,0,0,0,0.0,0.0,0.0,0.0,0,0,0,0,0,0.00,0.00,0.00,0.00,49,-4,1925,0,4
171,441192,Jeremy,Sarmiento Morante,2562243,0,False,0,0,0,0,0,0,0,0,0,0,0,0,0,0.0,0.0,0.0,0.0,0,0,0,0,0,0.00,0.00,0.00,0.00,49,0,1923,0,0
171,441192,Jeremy,Sarmiento Morante,2562245,0,False,0,0,0,0,0,0,0,0,0,0,0,0,0,0.0,0.0,0.0,0.0,0,0,0,0,0,0.00,0.00,0.00,0.00,49,0,1923,0,0
171,441192,Jeremy,Sarmiento Morante,2562261,0,False,0,0,0,0,0,0,0,0,0,0,0,0,0,0.0,0.0,0.0,0.0,0,0,0,0,0,0.00,0.00,0.00,0.00,49,0,1923,0,0
171,441192,Jeremy,Sarmiento Morante,2562265,0,False,0,0,0,0,0,0,0,0,0,0,0,0,0,0.0,0.0,0.0,0.0,0,0,0,0,0,0.00,0.00,0.00,0.00,49,-1,1921,0,1
172,549074,Tom,Watson,2561897,0,False,0,0,0,0,0,0,0,0,0,0,0,0,0,0.0,0.0,0.0,0.0,0,0,0,0,0,0.00,0.00,0.00,0.00,50,0,2213,0,0
172,549074,Tom,Watson,2561910,0,False,0,0,0,0,0,0,0,0,0,0,0,0,0,0.0,0.0,0.0,0.0,0,0,0,0,0,0.00,0.00,0.00,0.00,50,-281,3068,129,410
172,549074,Tom,Watson,2561916,0,False,0,0,0,0,0,0,0,0,0,0,0,0,0,0.0,0.0,0.0,0.0,0,0,0,0,0,0.00,0.00,0.00,0.00,50,-348,3138,95,443
172,549074,Tom,Watson,2561925,0,False,0,0,0,0,0,0,0,0,0,0,0,0,0,0.0,0.0,0.0,0.0,0,0,0,0,0,0.00,0.00,0.00,0.00,49,-165,3351,143,308
172,549074,Tom,Watson,2561937,0,False,0,0,0,0,0,0,0,0,0,0,0,0,0,0.0,0.0,0.0,0.0,0,0,0,0,0,0.00,0.00,0.00,0.00,49,-119,3362,126,245
172,549074,Tom,Watson,2561947,0,False,0,0,0,0,0,0,0,0,0,0,0,0,0,0.0,0.0,0.0,0.0,0,0,0,0,0,0.00,0.00,0.00,0.00,49,-69,3425,135,204
172,549074,Tom,Watson,2561964,0,False,0,0,0,0,0,0,0,0,0,0,0,0,0,0.0,0.0,0.0,0.0,0,0,0,0,0,0.00,0.00,0.00,0.00,49,-87,3437,90,177
172,549074,Tom,Watson,2561965,0,False,0,0,0,0,0,0,0,0,0,0,0,0,0,0.0,0.0,0.0,0.0,0,0,0,0,0,0.00,0.00,0.00,0.00,49,-84,3504,108,192
172,549074,Tom,Watson,2561982,1,False,31,0,0,0,2,0,0,0,0,0,0,0,7,5.6,1.3,7.0,1.4,0,2,1,3,0,0.04,0.01,0.05,0.67,49,-28,3546,77,105
172,549074,Tom,Watson,2561985,1,False,9,0,0,0,0,0,0,0,0,0,0,0,2,0.0,0.0,0.0,0.0,0,0,0,0,0,0.00,0.00,0.00,0.22,49,1,3641,139,138
172,549074,Tom,Watson,2561998,0,False,0,0,0,0,0,0,0,0,0,0,0,0,0,0.0,0.0,0.0,0.0,0,0,0,0,0,0.00,0.00,0.00,0.00,49,-69,3654,66,135
172,549074,Tom,Watson,2562007,0,False,0,0,0,0,0,0,0,0,0,0,0,0,0,0.0,0.0,0.0,0.0,0,0,0,0,0,0.00,0.00,0.00,0.00,49,-45,3701,70,115
172,549074,Tom,Watson,2562021,0,False,0,0,0,0,0,0,0,0,0,0,0,0,0,0.0,0.0,0.0,0.0,0,0,0,0,0,0.00,0.00,0.00,0.00,48,-51,3727,51,102
172,549074,Tom,Watson,2562027,0,False,0,0,0,0,0,0,0,0,0,0,0,0,0,0.0,0.0,0.0,0.0,0,0,0,0,0,0.00,0.00,0.00,0.00,48,23,3775,93,70
172,549074,Tom,Watson,2562037,0,False,0,0,0,0,0,0,0,0,0,0,0,0,0,0.0,0.0,0.0,0.0,0,0,0,0,0,0.00,0.00,0.00,0.00,48,25,3844,119,94
172,549074,Tom,Watson,2562050,0,False,0,0,0,0,0,0,0,0,0,0,0,0,0,0.0,0.0,0.0,0.0,0,0,0,0,0,0.00,0.00,0.00,0.00,48,-15,3888,163,178
172,549074,Tom,Watson,2562057,1,False,4,0,0,0,0,0,0,0,0,0,0,0,3,0.2,0.8,0.0,0.1,0,0,0,0,0,0.00,0.00,0.00,0.00,48,22,3991,172,150
172,549074,Tom,Watson,2562065,1,False,3,0,0,0,0,0,0,0,0,0,0,0,3,0.2,0.3,0.0,0.1,0,0,0,0,0,0.00,0.02,0.02,0.15,48,35,4083,144,109
172,549074,Tom,Watson,2562084,0,False,0,0,0,0,0,0,0,0,0,0,0,0,0,0.0,0.0,0.0,0.0,0,0,0,0,0,0.00,0.00,0.00,0.00,48,-13,4119,75,88
172,549074,Tom,Watson,2562087,1,False,3,0,0,0,0,0,0,0,0,0,0,0,2,0.0,0.0,0.0,0.0,0,0,0,0,0,0.00,0.00,0.00,0.04,48,3,4152,88,85
172,549074,Tom,Watson,2562102,0,False,7,0,0,0,0,0,0,0,1,0,0,0,-2,0.0,0.0,0.0,0.0,0,2,0,2,0,0.00,0.00,0.00,0.64,48,-19,4158,66,85
172,549074,Tom,Watson,2562106,0,False,0,0,0,0,0,0,0,0,0,0,0,0,0,0.0,0.0,0.0,0.0,0,0,0,0,0,0.00,0.00,0.00,0.00,48,-3,4219,98,101
172,549074,Tom,Watson,2562121,0,False,0,0,0,0,0,0,0,0,0,0,0,0,0,0.0,0.0,0.0,0.0,0,0,0,0,0,0.00,0.00,0.00,0.00,48,7,4245,62,55
172,549074,Tom,Watson,2562126,0,False,0,0,0,0,0,0,0,0,0,0,0,0,0,0.0,0.0,0.0,0.0,0,0,0,0,0,0.00,0.00,0.00,0.00,48,-36,4252,66,102
172,549074,Tom,Watson,2562137,0,False,0,0,0,0,0,0,0,0,0,0,0,0,0,0.0,0.0,0.0,0.0,0,0,0,0,0,0.00,0.00,0.00,0.00,48,-123,4129,22,145
172,549074,Tom,Watson,2562145,0,False,0,0,0,0,0,0,0,0,0,0,0,0,0,0.0,0.0,0.0,0.0,0,0,0,0,0,0.00,0.00,0.00,0.00,48,-154,3973,0,154
172,549074,Tom,Watson,2562156,0,False,0,0,0,0,0,0,0,0,0,0,0,0,0,0.0,0.0,0.0,0.0,0,0,0,0,0,0.00,0.00,0.00,0.00,48,-100,3879,0,100
172,549074,Tom,Watson,2562167,0,False,0,0,0,0,0,0,0,0,0,0,0,0,0,0.0,0.0,0.0,0.0,0,0,0,0,0,0.00,0.00,0.00,0.00,48,-48,3832,0,48
172,549074,Tom,Watson,2562177,0,False,0,0,0,0,0,0,0,0,0,0,0,0,0,0.0,0.0,0.0,0.0,0,0,0,0,0,0.00,0.00,0.00,0.00,48,-44,3788,0,44
172,549074,Tom,Watson,2562193,0,False,0,0,0,0,0,0,0,0,0,0,0,0,0,0.0,0.0,0.0,0.0,0,0,0,0,0,0.00,0.00,0.00,0.00,48,-36,3756,0,36
172,549074,Tom,Watson,2562197,0,False,0,0,0,0,0,0,0,0,0,0,0,0,0,0.0,0.0,0.0,0.0,0,0,0,0,0,0.00,0.00,0.00,0.00,48,-24,3728,0,24
172,549074,Tom,Watson,2562207,0,False,0,0,0,0,0,0,0,0,0,0,0,0,0,0.0,0.0,0.0,0.0,0,0,0,0,0,0.00,0.00,0.00,0.00,48,-29,3703,0,29
172,549074,Tom,Watson,2562224,0,False,0,0,0,0,0,0,0,0,0,0,0,0,0,0.0,0.0,0.0,0.0,0,0,0,0,0,0.00,0.00,0.00,0.00,48,-15,3687,0,15
172,549074,Tom,Watson,2562227,0,False,0,0,0,0,0,0,0,0,0,0,0,0,0,0.0,0.0,0.0,0.0,0,0,0,0,0,0.00,0.00,0.00,0.00,48,-15,3687,0,15
172,549074,Tom,Watson,2562243,0,False,0,0,0,0,0,0,0,0,0,0,0,0,0,0.0,0.0,0.0,0.0,0,0,0,0,0,0.00,0.00,0.00,0.00,48,-12,3667,0,12
172,549074,Tom,Watson,2562245,0,False,0,0,0,0,0,0,0,0,0,0,0,0,0,0.0,0.0,0.0,0.0,0,0,0,0,0,0.00,0.00,0.00,0.00,48,-17,3651,0,17
172,549074,Tom,Watson,2562261,0,False,0,0,0,0,0,0,0,0,0,0,0,0,0,0.0,0.0,0.0,0.0,0,0,0,0,0,0.00,0.00,0.00,0.00,48,-6,3646,0,6
172,549074,Tom,Watson,2562265,0,False,0,0,0,0,0,0,0,0,0,0,0,0,0,0.0,0.0,0.0,0.0,0,0,0,0,0,0.00,0.00,0.00,0.00,48,-6,3638,0,6
173,467779,Mats,Wieffer,2561897,4,False,90,0,0,0,1,0,0,0,0,0,0,0,17,24.8,2.8,21.0,4.9,8,5,5,18,1,0.02,0.02,0.04,0.76,50,0,4812,0,0
173,467779,Mats,Wieffer,2561910,3,False,84,0,0,0,2,0,0,0,1,0,0,0,13,20.0,2.4,0.0,2.2,3,3,7,13,1,0.00,0.02,0.02,1.21,50,423,7439,1481,1058
173,467779,Mats,Wieffer,2561916,0,False,0,0,0,0,0,0,0,0,0,0,0,0,0,0.0,0.0,0.0,0.0,0,0,0,0,0,0.00,0.00,0.00,0.00,50,-120,7996,1091,1211
173,467779,Mats,Wieffer,2561925,0,False,0,0,0,0,0,0,0,0,0,0,0,0,0,0.0,0.0,0.0,0.0,0,0,0,0,0,0.00,0.00,0.00,0.00,50,-1255,6908,292,1547
173,467779,Mats,Wieffer,2561937,1,False,5,0,0,0,0,0,0,0,0,0,0,0,2,2.2,0.8,0.0,0.3,0,1,1,2,0,0.00,0.01,0.01,0.02,49,-516,6607,189,705
173,467779,Mats,Wieffer,2561947,3,False,35,0,1,0,0,0,0,0,1,0,0,0,14,20.2,11.6,2.0,3.4,0,2,2,4,0,0.00,0.36,0.36,0.48,49,-408,6282,150,558
173,467779,Mats,Wieffer,2561964,1,False,69,0,0,0,1,0,0,0,1,0,0,0,8,7.4,26.6,10.0,4.4,4,3,0,7,1,0.10,0.11,0.21,0.51,49,-59,6401,286,345
173,467779,Mats,Wieffer,2561965,7,False,90,0,1,0,1,0,0,0,0,0,0,0,23,21.8,2.9,8.0,3.3,5,5,3,13,1,0.03,0.01,0.04,1.45,49,-232,6264,200,432
173,467779,Mats,Wieffer,2561982,4,False,86,0,0,0,3,0,0,0,0,0,0,0,24,26.0,23.8,2.0,5.2,6,6,4,16,1,0.00,0.02,0.02,0.90,49,826,7242,1124,298
173,467779,Mats,Wieffer,2561985,10,False,90,0,1,1,0,0,0,0,0,0,0,2,37,31.0,21.8,2.0,5.5,1,7,5,13,1,0.00,0.38,0.38,0.50,49,3552,11526,4209,657
173,467779,Mats,Wieffer,2561998,3,False,90,0,0,1,0,0,0,0,0,0,0,0,16,13.2,18.1,12.0,4.3,1,7,3,11,1,0.00,0.04,0.04,0.74,49,21308,35244,22705,1397
173,467779,Mats,Wieffer,2562007,4,False,90,0,0,0,1,0,0,0,0,0,0,0,11,14.2,2.9,19.0,3.6,4,5,3,12,1,0.05,0.08,0.13,1.91,49,11028,47362,14123,3095
173,467779,Mats,Wieffer,2562021,4,False,90,0,0,1,0,0,0,0,1,0,0,0,20,41.0,34.6,11.0,8.7,17,4,4,25,1,0.17,0.03,0.20,0.71,49,-1858,43931,2637,4495
173,467779,Mats,Wieffer,2562027,8,False,90,0,1,0,4,0,0,0,0,0,0,1,29,38.0,15.9,4.0,5.8,5,6,6,17,1,0.00,0.04,0.04,2.41,49,680,45389,3152,2472
173,467779,Mats,Wieffer,2562037,2,False,90,0,0,0,1,0,0,0,0,0,0,0,9,5.4,16.1,15.0,3.7,1,2,1,4,1,0.56,0.03,0.59,1.14,49,6413,53640,9091,2678
173,467779,Mats,Wieffer,2562050,2,False,90,0,0,0,2,0,0,0,0,0,0,0,16,12.6,27.5,10.0,5.0,4,7,0,11,1,0.04,0.28,0.32,1.89,49,-8178,43091,4434,12612
173,467779,Mats,Wieffer,2562057,1,False,45,0,0,0,0,0,0,0,0,0,0,0,4,9.4,10.5,4.0,2.4,4,2,1,7,1,0.00,0.03,0.03,0.80,49,4358,49427,9424,5066
173,467779,Mats,Wieffer,2562065,1,False,45,0,0,0,1,0,0,0,0,0,0,0,7,16.2,11.2,11.0,3.8,7,2,2,11,0,0.23,0.01,0.24,0.97,49,-5910,40497,1934,7844
173,467779,Mats,Wieffer,2562084,0,False,0,0,0,0,0,0,0,0,0,0,0,0,0,0.0,0.0,0.0,0.0,0,0,0,0,0,0.00,0.00,0.00,0.00,49,-1161,41457,2603,3764
173,467779,Mats,Wieffer,2562087,0,False,0,0,0,0,0,0,0,0,0,0,0,0,0,0.0,0.0,0.0,0.0,0,0,0,0,0,0.00,0.00,0.00,0.00,49,-8088,33716,181,8269
173,467779,Mats,Wieffer,2562102,0,False,0,0,0,0,0,0,0,0,0,0,0,0,0,0.0,0.0,0.0,0.0,0,0,0,0,0,0.00,0.00,0.00,0.00,49,-6690,27139,18,6708
173,467779,Mats,Wieffer,2562106,0,False,0,0,0,0,0,0,0,0,0,0,0,0,0,0.0,0.0,0.0,0.0,0,0,0,0,0,0.00,0.00,0.00,0.00,49,-5004,22261,28,5032
173,467779,Mats,Wieffer,2562121,0,False,0,0,0,0,0,0,0,0,0,0,0,0,0,0.0,0.0,0.0,0.0,0,0,0,0,0,0.00,0.00,0.00,0.00,49,-2142,20194,32,2174
173,467779,Mats,Wieffer,2562126,0,False,0,0,0,0,0,0,0,0,0,0,0,0,0,0.0,0.0,0.0,0.0,0,0,0,0,0,0.00,0.00,0.00,0.00,49,-2211,17991,35,2246
173,467779,Mats,Wieffer,2562137,0,False,0,0,0,0,0,0,0,0,0,0,0,0,0,0.0,0.0,0.0,0.0,0,0,0,0,0,0.00,0.00,0.00,0.00,49,-1189,16805,8,1197
173,467779,Mats,Wieffer,2562145,0,False,0,0,0,0,0,0,0,0,0,0,0,0,0,0.0,0.0,0.0,0.0,0,0,0,0,0,0.00,0.00,0.00,0.00,49,-984,15786,6,990
173,467779,Mats,Wieffer,2562156,2,False,64,0,0,1,0,0,0,0,1,0,0,0,9,7.0,2.2,0.0,0.9,3,3,2,8,1,0.00,0.02,0.02,0.73,49,-374,15516,105,479
173,467779,Mats,Wieffer,2562167,1,False,70,0,0,0,1,0,0,0,1,0,0,0,9,8.6,12.3,7.0,2.8,2,3,2,7,1,0.10,0.02,0.12,0.38,49,-212,15334,72,284
173,467779,Mats,Wieffer,2562177,4,False,76,0,0,0,1,0,0,0,0,0,0,0,20,21.0,2.3,21.0,4.4,7,4,3,14,1,0.08,0.01,0.09,0.43,49,-250,15118,39,289
173,467779,Mats,Wieffer,2562193,5,False,90,0,0,1,0,0,0,0,0,0,0,0,20,24.4,17.3,11.0,5.3,8,9,2,19,1,0.12,0.26,0.38,0.90,49,110,15281,358,248
173,467779,Mats,Wieffer,2562197,1,False,90,0,0,0,1,0,0,0,1,0,0,0,6,7.0,2.2,5.0,1.4,3,4,2,9,1,0.17,0.01,0.18,1.03,49,-15,15187,299,314
173,467779,Mats,Wieffer,2562207,18,False,90,2,0,1,0,0,0,0,0,0,0,3,60,90.4,0.8,24.0,11.5,4,4,6,14,1,0.25,0.00,0.25,0.88,49,561,15923,1530,969
173,467779,Mats,Wieffer,2562224,1,False,90,0,0,0,2,0,0,0,1,0,0,0,5,4.6,15.4,10.0,3.0,3,1,0,4,1,0.00,0.04,0.04,1.09,49,83844,165269,87586,3742
173,467779,Mats,Wieffer,2562227,1,False,45,0,0,0,0,0,0,0,0,0,0,0,4,0.0,2.0,0.0,0.2,0,3,0,3,1,0.00,0.01,0.01,0.04,49,83844,165269,87586,3742
173,467779,Mats,Wieffer,2562243,1,False,17,0,0,0,1,0,0,0,0,0,0,0,4,1.0,4.3,0.0,0.5,0,2,0,2,1,0.00,0.01,0.01,0.41,49,-3141,70950,8017,11158
173,467779,Mats,Wieffer,2562245,0,False,0,0,0,0,0,0,0,0,0,0,0,0,0,0.0,0.0,0.0,0.0,0,0,0,0,0,0.00,0.00,0.00,0.00,49,-19956,50326,861,20817
173,467779,Mats,Wieffer,2562261,0,False,0,0,0,0,0,0,0,0,0,0,0,0,0,0.0,0.0,0.0,0.0,0,0,0,0,0,0.00,0.00,0.00,0.00,49,-8765,42078,33,8798
173,467779,Mats,Wieffer,2562265,2,False,90,0,0,0,3,0,0,0,0,0,0,0,11,9.6,2.8,0.0,1.2,1,2,2,5,1,0.00,0.01,0.01,1.66,48,-5150,36924,299,5449
174,611695,Malick,Yalcouyé,2561897,0,False,0,0,0,0,0,0,0,0,0,0,0,0,0,0.0,0.0,0.0,0.0,0,0,0,0,0,0.00,0.00,0.00,0.00,50,0,1890,0,0
174,611695,Malick,Yalcouyé,2561910,0,False,0,0,0,0,0,0,0,0,0,0,0,0,0,0.0,0.0,0.0,0.0,0,0,0,0,0,0.00,0.00,0.00,0.00,50,-689,1187,0,689
174,611695,Malick,Yalcouyé,2561916,0,False,0,0,0,0,0,0,0,0,0,0,0,0,0,0.0,0.0,0.0,0.0,0,0,0,0,0,0.00,0.00,0.00,0.00,50,-245,955,0,245
174,611695,Malick,Yalcouyé,2561925,0,False,0,0,0,0,0,0,0,0,0,0,0,0,0,0.0,0.0,0.0,0.0,0,0,0,0,0,0.00,0.00,0.00,0.00,50,-127,838,0,127
174,611695,Malick,Yalcouyé,2561937,0,False,0,0,0,0,0,0,0,0,0,0,0,0,0,0.0,0.0,0.0,0.0,0,0,0,0,0,0.00,0.00,0.00,0.00,50,-50,788,0,50
174,611695,Malick,Yalcouyé,2561947,0,False,0,0,0,0,0,0,0,0,0,0,0,0,0,0.0,0.0,0.0,0.0,0,0,0,0,0,0.00,0.00,0.00,0.00,50,-42,747,0,42
174,611695,Malick,Yalcouyé,2561964,0,False,0,0,0,0,0,0,0,0,0,0,0,0,0,0.0,0.0,0.0,0.0,0,0,0,0,0,0.00,0.00,0.00,0.00,50,-23,723,0,23
174,611695,Malick,Yalcouyé,2561965,0,False,0,0,0,0,0,0,0,0,0,0,0,0,0,0.0,0.0,0.0,0.0,0,0,0,0,0,0.00,0.00,0.00,0.00,50,-22,701,0,22
174,611695,Malick,Yalcouyé,2561982,0,False,0,0,0,0,0,0,0,0,0,0,0,0,0,0.0,0.0,0.0,0.0,0,0,0,0,0,0.00,0.00,0.00,0.00,50,-11,692,0,11
174,611695,Malick,Yalcouyé,2561985,0,False,0,0,0,0,0,0,0,0,0,0,0,0,0,0.0,0.0,0.0,0.0,0,0,0,0,0,0.00,0.00,0.00,0.00,50,-10,682,0,10
174,611695,Malick,Yalcouyé,2561998,0,False,0,0,0,0,0,0,0,0,0,0,0,0,0,0.0,0.0,0.0,0.0,0,0,0,0,0,0.00,0.00,0.00,0.00,50,-9,672,0,9
174,611695,Malick,Yalcouyé,2562007,0,False,0,0,0,0,0,0,0,0,0,0,0,0,0,0.0,0.0,0.0,0.0,0,0,0,0,0,0.00,0.00,0.00,0.00,50,-7,665,0,7
174,611695,Malick,Yalcouyé,2562021,0,False,0,0,0,0,0,0,0,0,0,0,0,0,0,0.0,0.0,0.0,0.0,0,0,0,0,0,0.00,0.00,0.00,0.00,50,-1,665,0,1
174,611695,Malick,Yalcouyé,2562027,0,False,0,0,0,0,0,0,0,0,0,0,0,0,0,0.0,0.0,0.0,0.0,0,0,0,0,0,0.00,0.00,0.00,0.00,50,-3,662,0,3
174,611695,Malick,Yalcouyé,2562037,0,False,0,0,0,0,0,0,0,0,0,0,0,0,0,0.0,0.0,0.0,0.0,0,0,0,0,0,0.00,0.00,0.00,0.00,50,-2,660,0,2
174,611695,Malick,Yalcouyé,2562050,0,False,0,0,0,0,0,0,0,0,0,0,0,0,0,0.0,0.0,0.0,0.0,0,0,0,0,0,0.00,0.00,0.00,0.00,50,-6,654,0,6
174,611695,Malick,Yalcouyé,2562057,0,False,0,0,0,0,0,0,0,0,0,0,0,0,0,0.0,0.0,0.0,0.0,0,0,0,0,0,0.00,0.00,0.00,0.00,50,-4,650,0,4
174,611695,Malick,Yalcouyé,2562065,0,False,0,0,0,0,0,0,0,0,0,0,0,0,0,0.0,0.0,0.0,0.0,0,0,0,0,0,0.00,0.00,0.00,0.00,50,-2,648,0,2
174,611695,Malick,Yalcouyé,2562084,0,False,0,0,0,0,0,0,0,0,0,0,0,0,0,0.0,0.0,0.0,0.0,0,0,0,0,0,0.00,0.00,0.00,0.00,50,-1,646,0,1
174,611695,Malick,Yalcouyé,2562087,0,False,0,0,0,0,0,0,0,0,0,0,0,0,0,0.0,0.0,0.0,0.0,0,0,0,0,0,0.00,0.00,0.00,0.00,50,0,647,0,0
174,611695,Malick,Yalcouyé,2562102,0,False,0,0,0,0,0,0,0,0,0,0,0,0,0,0.0,0.0,0.0,0.0,0,0,0,0,0,0.00,0.00,0.00,0.00,50,-2,645,0,2
174,611695,Malick,Yalcouyé,2562106,0,False,0,0,0,0,0,0,0,0,0,0,0,0,0,0.0,0.0,0.0,0.0,0,0,0,0,0,0.00,0.00,0.00,0.00,50,-2,644,0,2
174,611695,Malick,Yalcouyé,2562121,0,False,0,0,0,0,0,0,0,0,0,0,0,0,0,0.0,0.0,0.0,0.0,0,0,0,0,0,0.00,0.00,0.00,0.00,50,-2,642,0,2
174,611695,Malick,Yalcouyé,2562126,0,False,0,0,0,0,0,0,0,0,0,0,0,0,0,0.0,0.0,0.0,0.0,0,0,0,0,0,0.00,0.00,0.00,0.00,50,-2,640,0,2
174,611695,Malick,Yalcouyé,2562137,0,False,0,0,0,0,0,0,0,0,0,0,0,0,0,0.0,0.0,0.0,0.0,0,0,0,0,0,0.00,0.00,0.00,0.00,50,0,640,0,0
174,611695,Malick,Yalcouyé,2562145,0,False,0,0,0,0,0,0,0,0,0,0,0,0,0,0.0,0.0,0.0,0.0,0,0,0,0,0,0.00,0.00,0.00,0.00,50,0,640,0,0
174,611695,Malick,Yalcouyé,2562156,0,False,0,0,0,0,0,0,0,0,0,0,0,0,0,0.0,0.0,0.0,0.0,0,0,0,0,0,0.00,0.00,0.00,0.00,50,0,640,0,0
174,611695,Malick,Yalcouyé,2562167,0,False,0,0,0,0,0,0,0,0,0,0,0,0,0,0.0,0.0,0.0,0.0,0,0,0,0,0,0.00,0.00,0.00,0.00,50,-2,637,0,2
174,611695,Malick,Yalcouyé,2562177,0,False,0,0,0,0,0,0,0,0,0,0,0,0,0,0.0,0.0,0.0,0.0,0,0,0,0,0,0.00,0.00,0.00,0.00,50,0,638,0,0
174,611695,Malick,Yalcouyé,2562193,0,False,0,0,0,0,0,0,0,0,0,0,0,0,0,0.0,0.0,0.0,0.0,0,0,0,0,0,0.00,0.00,0.00,0.00,50,-2,636,0,2
174,611695,Malick,Yalcouyé,2562197,0,False,0,0,0,0,0,0,0,0,0,0,0,0,0,0.0,0.0,0.0,0.0,0,0,0,0,0,0.00,0.00,0.00,0.00,50,0,636,0,0
174,611695,Malick,Yalcouyé,2562207,0,False,0,0,0,0,0,0,0,0,0,0,0,0,0,0.0,0.0,0.0,0.0,0,0,0,0,0,0.00,0.00,0.00,0.00,50,-1,635,0,1
174,611695,Malick,Yalcouyé,2562224,0,False,0,0,0,0,0,0,0,0,0,0,0,0,0,0.0,0.0,0.0,0.0,0,0,0,0,0,0.00,0.00,0.00,0.00,50,0,635,0,0
174,611695,Malick,Yalcouyé,2562227,0,False,0,0,0,0,0,0,0,0,0,0,0,0,0,0.0,0.0,0.0,0.0,0,0,0,0,0,0.00,0.00,0.00,0.00,50,0,635,0,0
174,611695,Malick,Yalcouyé,2562243,0,False,0,0,0,0,0,0,0,0,0,0,0,0,0,0.0,0.0,0.0,0.0,0,0,0,0,0,0.00,0.00,0.00,0.00,50,0,635,0,0
174,611695,Malick,Yalcouyé,2562245,0,False,0,0,0,0,0,0,0,0,0,0,0,0,0,0.0,0.0,0.0,0.0,0,0,0,0,0,0.00,0.00,0.00,0.00,50,0,635,0,0
174,611695,Malick,Yalcouyé,2562261,0,False,0,0,0,0,0,0,0,0,0,0,0,0,0,0.0,0.0,0.0,0.0,0,0,0,0,0,0.00,0.00,0.00,0.00,50,0,635,0,0
174,611695,Malick,Yalcouyé,2562265,0,False,0,0,0,0,0,0,0,0,0,0,0,0,0,0.0,0.0,0.0,0.0,0,0,0,0,0,0.00,0.00,0.00,0.00,50,-1,634,0,1
175,567121,Joe,Knight,2561897,0,False,0,0,0,0,0,0,0,0,0,0,0,0,0,0.0,0.0,0.0,0.0,0,0,0,0,0,0.00,0.00,0.00,0.00,45,0,8021,0,0
175,567121,Joe,Knight,2561910,0,False,0,0,0,0,0,0,0,0,0,0,0,0,0,0.0,0.0,0.0,0.0,0,0,0,0,0,0.00,0.00,0.00,0.00,45,-494,9413,745,1239
175,567121,Joe,Knight,2561916,0,False,0,0,0,0,0,0,0,0,0,0,0,0,0,0.0,0.0,0.0,0.0,0,0,0,0,0,0.00,0.00,0.00,0.00,45,-821,9064,587,1408
175,567121,Joe,Knight,2561925,0,False,0,0,0,0,0,0,0,0,0,0,0,0,0,0.0,0.0,0.0,0.0,0,0,0,0,0,0.00,0.00,0.00,0.00,45,-102,9527,919,1021
175,567121,Joe,Knight,2561937,0,False,0,0,0,0,0,0,0,0,0,0,0,0,0,0.0,0.0,0.0,0.0,0,0,0,0,0,0.00,0.00,0.00,0.00,45,22,9800,842,820
175,567121,Joe,Knight,2561947,0,False,0,0,0,0,0,0,0,0,0,0,0,0,0,0.0,0.0,0.0,0.0,0,0,0,0,0,0.00,0.00,0.00,0.00,45,115,10148,1050,935
175,567121,Joe,Knight,2561964,0,False,0,0,0,0,0,0,0,0,0,0,0,0,0,0.0,0.0,0.0,0.0,0,0,0,0,0,0.00,0.00,0.00,0.00,45,96,10474,892,796
175,567121,Joe,Knight,2561965,0,False,0,0,0,0,0,0,0,0,0,0,0,0,0,0.0,0.0,0.0,0.0,0,0,0,0,0,0.00,0.00,0.00,0.00,45,-32,10660,848,880
175,567121,Joe,Knight,2561982,0,False,0,0,0,0,0,0,0,0,0,0,0,0,0,0.0,0.0,0.0,0.0,0,0,0,0,0,0.00,0.00,0.00,0.00,45,-83,10676,511,594
175,567121,Joe,Knight,2561985,1,False,1,0,0,0,0,0,0,0,0,0,0,0,3,0.0,0.0,0.0,0.0,0,0,0,0,0,0.00,0.00,0.00,0.00,45,-262,10525,342,604
175,567121,Joe,Knight,2561998,0,False,0,0,0,0,0,0,0,0,0,0,0,0,0,0.0,0.0,0.0,0.0,0,0,0,0,0,0.00,0.00,0.00,0.00,45,-34,10632,440,474
175,567121,Joe,Knight,2562007,0,False,0,0,0,0,0,0,0,0,0,0,0,0,0,0.0,0.0,0.0,0.0,0,0,0,0,0,0.00,0.00,0.00,0.00,45,-27,10770,421,448
175,567121,Joe,Knight,2562021,0,False,0,0,0,0,0,0,0,0,0,0,0,0,0,0.0,0.0,0.0,0.0,0,0,0,0,0,0.00,0.00,0.00,0.00,45,-277,10564,175,452
175,567121,Joe,Knight,2562027,0,False,0,0,0,0,0,0,0,0,0,0,0,0,0,0.0,0.0,0.0,0.0,0,0,0,0,0,0.00,0.00,0.00,0.00,45,-85,10475,181,266
175,567121,Joe,Knight,2562037,0,False,0,0,0,0,0,0,0,0,0,0,0,0,0,0.0,0.0,0.0,0.0,0,0,0,0,0,0.00,0.00,0.00,0.00,45,-99,10445,230,329
175,567121,Joe,Knight,2562050,0,False,0,0,0,0,0,0,0,0,0,0,0,0,0,0.0,0.0,0.0,0.0,0,0,0,0,0,0.00,0.00,0.00,0.00,44,-344,10169,358,702
175,567121,Joe,Knight,2562057,0,False,0,0,0,0,0,0,0,0,0,0,0,0,0,0.0,0.0,0.0,0.0,0,0,0,0,0,0.00,0.00,0.00,0.00,44,92,10359,459,367
175,567121,Joe,Knight,2562065,0,False,0,0,0,0,0,0,0,0,0,0,0,0,0,0.0,0.0,0.0,0.0,0,0,0,0,0,0.00,0.00,0.00,0.00,44,520,10992,929,409
175,567121,Joe,Knight,2562084,0,False,0,0,0,0,0,0,0,0,0,0,0,0,0,0.0,0.0,0.0,0.0,0,0,0,0,0,0.00,0.00,0.00,0.00,44,-451,10530,203,654
175,567121,Joe,Knight,2562087,0,False,0,0,0,0,0,0,0,0,0,0,0,0,0,0.0,0.0,0.0,0.0,0,0,0,0,0,0.00,0.00,0.00,0.00,44,-138,10423,179,317
175,567121,Joe,Knight,2562102,0,False,0,0,0,0,0,0,0,0,0,0,0,0,0,0.0,0.0,0.0,0.0,0,0,0,0,0,0.00,0.00,0.00,0.00,44,-157,10293,127,284
175,567121,Joe,Knight,2562106,0,False,0,0,0,0,0,0,0,0,0,0,0,0,0,0.0,0.0,0.0,0.0,0,0,0,0,0,0.00,0.00,0.00,0.00,44,-131,10230,149,280
175,567121,Joe,Knight,2562121,0,False,0,0,0,0,0,0,0,0,0,0,0,0,0,0.0,0.0,0.0,0.0,0,0,0,0,0,0.00,0.00,0.00,0.00,44,-61,10194,126,187
175,567121,Joe,Knight,2562126,0,False,0,0,0,0,0,0,0,0,0,0,0,0,0,0.0,0.0,0.0,0.0,0,0,0,0,0,0.00,0.00,0.00,0.00,44,-66,10171,167,233
175,567121,Joe,Knight,2562137,0,False,0,0,0,0,0,0,0,0,0,0,0,0,0,0.0,0.0,0.0,0.0,0,0,0,0,0,0.00,0.00,0.00,0.00,44,-53,10137,148,201
175,567121,Joe,Knight,2562145,0,False,0,0,0,0,0,0,0,0,0,0,0,0,0,0.0,0.0,0.0,0.0,0,0,0,0,0,0.00,0.00,0.00,0.00,44,-398,9716,2,400
175,567121,Joe,Knight,2562156,0,False,0,0,0,0,0,0,0,0,0,0,0,0,0,0.0,0.0,0.0,0.0,0,0,0,0,0,0.00,0.00,0.00,0.00,44,-294,9443,0,294
175,567121,Joe,Knight,2562167,0,False,0,0,0,0,0,0,0,0,0,0,0,0,0,0.0,0.0,0.0,0.0,0,0,0,0,0,0.00,0.00,0.00,0.00,44,-162,9290,0,162
175,567121,Joe,Knight,2562177,0,False,0,0,0,0,0,0,0,0,0,0,0,0,0,0.0,0.0,0.0,0.0,0,0,0,0,0,0.00,0.00,0.00,0.00,44,-155,9128,0,155
175,567121,Joe,Knight,2562193,0,False,0,0,0,0,0,0,0,0,0,0,0,0,0,0.0,0.0,0.0,0.0,0,0,0,0,0,0.00,0.00,0.00,0.00,44,-141,8995,0,141
175,567121,Joe,Knight,2562197,0,False,0,0,0,0,0,0,0,0,0,0,0,0,0,0.0,0.0,0.0,0.0,0,0,0,0,0,0.00,0.00,0.00,0.00,44,-95,8870,0,95
175,567121,Joe,Knight,2562207,0,False,0,0,0,0,0,0,0,0,0,0,0,0,0,0.0,0.0,0.0,0.0,0,0,0,0,0,0.00,0.00,0.00,0.00,44,-97,8813,0,97
175,567121,Joe,Knight,2562224,0,False,0,0,0,0,0,0,0,0,0,0,0,0,0,0.0,0.0,0.0,0.0,0,0,0,0,0,0.00,0.00,0.00,0.00,44,-76,8723,0,76
175,567121,Joe,Knight,2562227,0,False,0,0,0,0,0,0,0,0,0,0,0,0,0,0.0,0.0,0.0,0.0,0,0,0,0,0,0.00,0.00,0.00,0.00,44,-76,8723,0,76
175,567121,Joe,Knight,2562243,0,False,0,0,0,0,0,0,0,0,0,0,0,0,0,0.0,0.0,0.0,0.0,0,0,0,0,0,0.00,0.00,0.00,0.00,44,-48,8632,0,48
175,567121,Joe,Knight,2562245,0,False,0,0,0,0,0,0,0,0,0,0,0,0,0,0.0,0.0,0.0,0.0,0,0,0,0,0,0.00,0.00,0.00,0.00,44,-46,8588,0,46
175,567121,Joe,Knight,2562261,0,False,0,0,0,0,0,0,0,0,0,0,0,0,0,0.0,0.0,0.0,0.0,0,0,0,0,0,0.00,0.00,0.00,0.00,44,-39,8550,0,39
175,567121,Joe,Knight,2562265,0,False,0,0,0,0,0,0,0,0,0,0,0,0,0,0.0,0.0,0.0,0.0,0,0,0,0,0,0.00,0.00,0.00,0.00,44,-31,8519,0,31
176,550141,Adrian,Mazilu,2561897,0,False,0,0,0,0,0,0,0,0,0,0,0,0,0,0.0,0.0,0.0,0.0,0,0,0,0,0,0.00,0.00,0.00,0.00,45,0,3738,0,0
176,550141,Adrian,Mazilu,2561910,0,False,0,0,0,0,0,0,0,0,0,0,0,0,0,0.0,0.0,0.0,0.0,0,0,0,0,0,0.00,0.00,0.00,0.00,45,-309,4365,291,600
176,550141,Adrian,Mazilu,2561916,0,False,0,0,0,0,0,0,0,0,0,0,0,0,0,0.0,0.0,0.0,0.0,0,0,0,0,0,0.00,0.00,0.00,0.00,45,-370,4364,250,620
176,550141,Adrian,Mazilu,2561925,0,False,0,0,0,0,0,0,0,0,0,0,0,0,0,0.0,0.0,0.0,0.0,0,0,0,0,0,0.00,0.00,0.00,0.00,45,-163,4518,388,551
176,550141,Adrian,Mazilu,2561937,0,False,0,0,0,0,0,0,0,0,0,0,0,0,0,0.0,0.0,0.0,0.0,0,0,0,0,0,0.00,0.00,0.00,0.00,45,-46,4584,367,413
176,550141,Adrian,Mazilu,2561947,0,False,0,0,0,0,0,0,0,0,0,0,0,0,0,0.0,0.0,0.0,0.0,0,0,0,0,0,0.00,0.00,0.00,0.00,45,-579,4026,139,718
176,550141,Adrian,Mazilu,2561964,0,False,0,0,0,0,0,0,0,0,0,0,0,0,0,0.0,0.0,0.0,0.0,0,0,0,0,0,0.00,0.00,0.00,0.00,45,-425,3610,0,425
176,550141,Adrian,Mazilu,2561965,0,False,0,0,0,0,0,0,0,0,0,0,0,0,0,0.0,0.0,0.0,0.0,0,0,0,0,0,0.00,0.00,0.00,0.00,45,-339,3280,0,339
176,550141,Adrian,Mazilu,2561982,0,False,0,0,0,0,0,0,0,0,0,0,0,0,0,0.0,0.0,0.0,0.0,0,0,0,0,0,0.00,0.00,0.00,0.00,45,-134,3150,0,134
176,550141,Adrian,Mazilu,2561985,0,False,0,0,0,0,0,0,0,0,0,0,0,0,0,0.0,0.0,0.0,0.0,0,0,0,0,0,0.00,0.00,0.00,0.00,45,-142,3010,0,142
176,550141,Adrian,Mazilu,2561998,0,False,0,0,0,0,0,0,0,0,0,0,0,0,0,0.0,0.0,0.0,0.0,0,0,0,0,0,0.00,0.00,0.00,0.00,45,-85,2931,0,85
176,550141,Adrian,Mazilu,2562007,0,False,0,0,0,0,0,0,0,0,0,0,0,0,0,0.0,0.0,0.0,0.0,0,0,0,0,0,0.00,0.00,0.00,0.00,45,-102,2829,0,102
176,550141,Adrian,Mazilu,2562021,0,False,0,0,0,0,0,0,0,0,0,0,0,0,0,0.0,0.0,0.0,0.0,0,0,0,0,0,0.00,0.00,0.00,0.00,45,-51,2776,0,51
176,550141,Adrian,Mazilu,2562027,0,False,0,0,0,0,0,0,0,0,0,0,0,0,0,0.0,0.0,0.0,0.0,0,0,0,0,0,0.00,0.00,0.00,0.00,45,-44,2734,0,44
176,550141,Adrian,Mazilu,2562037,0,False,0,0,0,0,0,0,0,0,0,0,0,0,0,0.0,0.0,0.0,0.0,0,0,0,0,0,0.00,0.00,0.00,0.00,45,-34,2698,0,34
176,550141,Adrian,Mazilu,2562050,0,False,0,0,0,0,0,0,0,0,0,0,0,0,0,0.0,0.0,0.0,0.0,0,0,0,0,0,0.00,0.00,0.00,0.00,45,-94,2611,0,94
176,550141,Adrian,Mazilu,2562057,0,False,0,0,0,0,0,0,0,0,0,0,0,0,0,0.0,0.0,0.0,0.0,0,0,0,0,0,0.00,0.00,0.00,0.00,45,-47,2560,0,47
176,550141,Adrian,Mazilu,2562065,0,False,0,0,0,0,0,0,0,0,0,0,0,0,0,0.0,0.0,0.0,0.0,0,0,0,0,0,0.00,0.00,0.00,0.00,45,-44,2519,0,44
176,550141,Adrian,Mazilu,2562084,0,False,0,0,0,0,0,0,0,0,0,0,0,0,0,0.0,0.0,0.0,0.0,0,0,0,0,0,0.00,0.00,0.00,0.00,45,-22,2497,0,22
176,550141,Adrian,Mazilu,2562087,0,False,0,0,0,0,0,0,0,0,0,0,0,0,0,0.0,0.0,0.0,0.0,0,0,0,0,0,0.00,0.00,0.00,0.00,45,-14,2486,0,14
176,550141,Adrian,Mazilu,2562102,0,False,0,0,0,0,0,0,0,0,0,0,0,0,0,0.0,0.0,0.0,0.0,0,0,0,0,0,0.00,0.00,0.00,0.00,45,-18,2464,0,18
176,550141,Adrian,Mazilu,2562106,0,False,0,0,0,0,0,0,0,0,0,0,0,0,0,0.0,0.0,0.0,0.0,0,0,0,0,0,0.00,0.00,0.00,0.00,45,-26,2442,0,26
176,550141,Adrian,Mazilu,2562121,0,False,0,0,0,0,0,0,0,0,0,0,0,0,0,0.0,0.0,0.0,0.0,0,0,0,0,0,0.00,0.00,0.00,0.00,45,-12,2428,0,12
176,550141,Adrian,Mazilu,2562126,0,False,0,0,0,0,0,0,0,0,0,0,0,0,0,0.0,0.0,0.0,0.0,0,0,0,0,0,0.00,0.00,0.00,0.00,45,-13,2418,0,13
176,550141,Adrian,Mazilu,2562137,0,False,0,0,0,0,0,0,0,0,0,0,0,0,0,0.0,0.0,0.0,0.0,0,0,0,0,0,0.00,0.00,0.00,0.00,45,-12,2407,0,12
176,550141,Adrian,Mazilu,2562145,0,False,0,0,0,0,0,0,0,0,0,0,0,0,0,0.0,0.0,0.0,0.0,0,0,0,0,0,0.00,0.00,0.00,0.00,45,-16,2391,0,16
176,550141,Adrian,Mazilu,2562156,0,False,0,0,0,0,0,0,0,0,0,0,0,0,0,0.0,0.0,0.0,0.0,0,0,0,0,0,0.00,0.00,0.00,0.00,45,-10,2381,0,10
176,550141,Adrian,Mazilu,2562167,0,False,0,0,0,0,0,0,0,0,0,0,0,0,0,0.0,0.0,0.0,0.0,0,0,0,0,0,0.00,0.00,0.00,0.00,45,-3,2379,0,3
176,550141,Adrian,Mazilu,2562177,0,False,0,0,0,0,0,0,0,0,0,0,0,0,0,0.0,0.0,0.0,0.0,0,0,0,0,0,0.00,0.00,0.00,0.00,45,-3,2376,0,3
176,550141,Adrian,Mazilu,2562193,0,False,0,0,0,0,0,0,0,0,0,0,0,0,0,0.0,0.0,0.0,0.0,0,0,0,0,0,0.00,0.00,0.00,0.00,45,-5,2371,0,5
176,550141,Adrian,Mazilu,2562197,0,False,0,0,0,0,0,0,0,0,0,0,0,0,0,0.0,0.0,0.0,0.0,0,0,0,0,0,0.00,0.00,0.00,0.00,45,-4,2364,0,4
176,550141,Adrian,Mazilu,2562207,0,False,0,0,0,0,0,0,0,0,0,0,0,0,0,0.0,0.0,0.0,0.0,0,0,0,0,0,0.00,0.00,0.00,0.00,45,-7,2360,0,7
176,550141,Adrian,Mazilu,2562224,0,False,0,0,0,0,0,0,0,0,0,0,0,0,0,0.0,0.0,0.0,0.0,0,0,0,0,0,0.00,0.00,0.00,0.00,45,-5,2355,0,5
176,550141,Adrian,Mazilu,2562227,0,False,0,0,0,0,0,0,0,0,0,0,0,0,0,0.0,0.0,0.0,0.0,0,0,0,0,0,0.00,0.00,0.00,0.00,45,-5,2355,0,5
176,550141,Adrian,Mazilu,2562243,0,False,0,0,0,0,0,0,0,0,0,0,0,0,0,0.0,0.0,0.0,0.0,0,0,0,0,0,0.00,0.00,0.00,0.00,45,-4,2346,0,4
176,550141,Adrian,Mazilu,2562245,0,False,0,0,0,0,0,0,0,0,0,0,0,0,0,0.0,0.0,0.0,0.0,0,0,0,0,0,0.00,0.00,0.00,0.00,45,-1,2346,0,1
176,550141,Adrian,Mazilu,2562261,0,False,0,0,0,0,0,0,0,0,0,0,0,0,0,0.0,0.0,0.0,0.0,0,0,0,0,0,0.00,0.00,0.00,0.00,45,-6,2340,0,6
176,550141,Adrian,Mazilu,2562265,0,False,0,0,0,0,0,0,0,0,0,0,0,0,0,0.0,0.0,0.0,0.0,0,0,0,0,0,0.00,0.00,0.00,0.00,45,-2,2338,0,2
177,513834,Andrew,Moran,2561897,0,False,0,0,0,0,0,0,0,0,0,0,0,0,0,0.0,0.0,0.0,0.0,0,0,0,0,0,0.00,0.00,0.00,0.00,45,0,5349,0,0
177,513834,Andrew,Moran,2561910,0,False,0,0,0,0,0,0,0,0,0,0,0,0,0,0.0,0.0,0.0,0.0,0,0,0,0,0,0.00,0.00,0.00,0.00,45,-464,6085,490,954
177,513834,Andrew,Moran,2561916,0,False,0,0,0,0,0,0,0,0,0,0,0,0,0,0.0,0.0,0.0,0.0,0,0,0,0,0,0.00,0.00,0.00,0.00,45,-1825,4146,0,1825
177,513834,Andrew,Moran,2561925,0,False,0,0,0,0,0,0,0,0,0,0,0,0,0,0.0,0.0,0.0,0.0,0,0,0,0,0,0.00,0.00,0.00,0.00,45,-793,3479,0,793
177,513834,Andrew,Moran,2561937,0,False,0,0,0,0,0,0,0,0,0,0,0,0,0,0.0,0.0,0.0,0.0,0,0,0,0,0,0.00,0.00,0.00,0.00,45,-327,3175,0,327
177,513834,Andrew,Moran,2561947,0,False,0,0,0,0,0,0,0,0,0,0,0,0,0,0.0,0.0,0.0,0.0,0,0,0,0,0,0.00,0.00,0.00,0.00,45,-267,2917,0,267
177,513834,Andrew,Moran,2561964,0,False,0,0,0,0,0,0,0,0,0,0,0,0,0,0.0,0.0,0.0,0.0,0,0,0,0,0,0.00,0.00,0.00,0.00,45,-184,2733,0,184
177,513834,Andrew,Moran,2561965,0,False,0,0,0,0,0,0,0,0,0,0,0,0,0,0.0,0.0,0.0,0.0,0,0,0,0,0,0.00,0.00,0.00,0.00,45,-159,2580,0,159
177,513834,Andrew,Moran,2561982,0,False,0,0,0,0,0,0,0,0,0,0,0,0,0,0.0,0.0,0.0,0.0,0,0,0,0,0,0.00,0.00,0.00,0.00,45,-96,2489,0,96
177,513834,Andrew,Moran,2561985,0,False,0,0,0,0,0,0,0,0,0,0,0,0,0,0.0,0.0,0.0,0.0,0,0,0,0,0,0.00,0.00,0.00,0.00,45,-74,2416,0,74
177,513834,Andrew,Moran,2561998,0,False,0,0,0,0,0,0,0,0,0,0,0,0,0,0.0,0.0,0.0,0.0,0,0,0,0,0,0.00,0.00,0.00,0.00,45,-64,2352,0,64
177,513834,Andrew,Moran,2562007,0,False,0,0,0,0,0,0,0,0,0,0,0,0,0,0.0,0.0,0.0,0.0,0,0,0,0,0,0.00,0.00,0.00,0.00,45,-60,2289,0,60
177,513834,Andrew,Moran,2562021,0,False,0,0,0,0,0,0,0,0,0,0,0,0,0,0.0,0.0,0.0,0.0,0,0,0,0,0,0.00,0.00,0.00,0.00,45,-41,2251,0,41
177,513834,Andrew,Moran,2562027,0,False,0,0,0,0,0,0,0,0,0,0,0,0,0,0.0,0.0,0.0,0.0,0,0,0,0,0,0.00,0.00,0.00,0.00,45,-20,2234,0,20
177,513834,Andrew,Moran,2562037,0,False,0,0,0,0,0,0,0,0,0,0,0,0,0,0.0,0.0,0.0,0.0,0,0,0,0,0,0.00,0.00,0.00,0.00,45,-25,2210,0,25
177,513834,Andrew,Moran,2562050,0,False,0,0,0,0,0,0,0,0,0,0,0,0,0,0.0,0.0,0.0,0.0,0,0,0,0,0,0.00,0.00,0.00,0.00,45,-52,2157,0,52
177,513834,Andrew,Moran,2562057,0,False,0,0,0,0,0,0,0,0,0,0,0,0,0,0.0,0.0,0.0,0.0,0,0,0,0,0,0.00,0.00,0.00,0.00,45,-30,2126,0,30
177,513834,Andrew,Moran,2562065,0,False,0,0,0,0,0,0,0,0,0,0,0,0,0,0.0,0.0,0.0,0.0,0,0,0,0,0,0.00,0.00,0.00,0.00,45,-26,2099,0,26
177,513834,Andrew,Moran,2562084,0,False,0,0,0,0,0,0,0,0,0,0,0,0,0,0.0,0.0,0.0,0.0,0,0,0,0,0,0.00,0.00,0.00,0.00,45,-11,2087,0,11
177,513834,Andrew,Moran,2562087,0,False,0,0,0,0,0,0,0,0,0,0,0,0,0,0.0,0.0,0.0,0.0,0,0,0,0,0,0.00,0.00,0.00,0.00,45,-12,2079,0,12
177,513834,Andrew,Moran,2562102,0,False,0,0,0,0,0,0,0,0,0,0,0,0,0,0.0,0.0,0.0,0.0,0,0,0,0,0,0.00,0.00,0.00,0.00,45,-6,2072,0,6
177,513834,Andrew,Moran,2562106,0,False,0,0,0,0,0,0,0,0,0,0,0,0,0,0.0,0.0,0.0,0.0,0,0,0,0,0,0.00,0.00,0.00,0.00,45,-18,2054,0,18
177,513834,Andrew,Moran,2562121,0,False,0,0,0,0,0,0,0,0,0,0,0,0,0,0.0,0.0,0.0,0.0,0,0,0,0,0,0.00,0.00,0.00,0.00,45,-11,2044,0,11
177,513834,Andrew,Moran,2562126,0,False,0,0,0,0,0,0,0,0,0,0,0,0,0,0.0,0.0,0.0,0.0,0,0,0,0,0,0.00,0.00,0.00,0.00,45,-9,2035,0,9
177,513834,Andrew,Moran,2562137,0,False,0,0,0,0,0,0,0,0,0,0,0,0,0,0.0,0.0,0.0,0.0,0,0,0,0,0,0.00,0.00,0.00,0.00,45,-9,2024,0,9
177,513834,Andrew,Moran,2562145,0,False,0,0,0,0,0,0,0,0,0,0,0,0,0,0.0,0.0,0.0,0.0,0,0,0,0,0,0.00,0.00,0.00,0.00,45,-8,2018,0,8
177,513834,Andrew,Moran,2562156,0,False,0,0,0,0,0,0,0,0,0,0,0,0,0,0.0,0.0,0.0,0.0,0,0,0,0,0,0.00,0.00,0.00,0.00,45,-6,2012,0,6
177,513834,Andrew,Moran,2562167,0,False,0,0,0,0,0,0,0,0,0,0,0,0,0,0.0,0.0,0.0,0.0,0,0,0,0,0,0.00,0.00,0.00,0.00,45,-5,2007,0,5
177,513834,Andrew,Moran,2562177,0,False,0,0,0,0,0,0,0,0,0,0,0,0,0,0.0,0.0,0.0,0.0,0,0,0,0,0,0.00,0.00,0.00,0.00,45,-8,1999,0,8
177,513834,Andrew,Moran,2562193,0,False,0,0,0,0,0,0,0,0,0,0,0,0,0,0.0,0.0,0.0,0.0,0,0,0,0,0,0.00,0.00,0.00,0.00,45,-6,1993,0,6
177,513834,Andrew,Moran,2562197,0,False,0,0,0,0,0,0,0,0,0,0,0,0,0,0.0,0.0,0.0,0.0,0,0,0,0,0,0.00,0.00,0.00,0.00,45,-2,1990,0,2
177,513834,Andrew,Moran,2562207,0,False,0,0,0,0,0,0,0,0,0,0,0,0,0,0.0,0.0,0.0,0.0,0,0,0,0,0,0.00,0.00,0.00,0.00,45,-3,1988,0,3
177,513834,Andrew,Moran,2562224,0,False,0,0,0,0,0,0,0,0,0,0,0,0,0,0.0,0.0,0.0,0.0,0,0,0,0,0,0.00,0.00,0.00,0.00,45,-4,1984,0,4
177,513834,Andrew,Moran,2562227,0,False,0,0,0,0,0,0,0,0,0,0,0,0,0,0.0,0.0,0.0,0.0,0,0,0,0,0,0.00,0.00,0.00,0.00,45,-4,1984,0,4
177,513834,Andrew,Moran,2562243,0,False,0,0,0,0,0,0,0,0,0,0,0,0,0,0.0,0.0,0.0,0.0,0,0,0,0,0,0.00,0.00,0.00,0.00,45,-3,1977,0,3
177,513834,Andrew,Moran,2562245,0,False,0,0,0,0,0,0,0,0,0,0,0,0,0,0.0,0.0,0.0,0.0,0,0,0,0,0,0.00,0.00,0.00,0.00,45,-2,1975,0,2
177,513834,Andrew,Moran,2562261,0,False,0,0,0,0,0,0,0,0,0,0,0,0,0,0.0,0.0,0.0,0.0,0,0,0,0,0,0.00,0.00,0.00,0.00,45,-6,1969,0,6
177,513834,Andrew,Moran,2562265,0,False,0,0,0,0,0,0,0,0,0,0,0,0,0,0.0,0.0,0.0,0.0,0,0,0,0,0,0.00,0.00,0.00,0.00,45,-3,1966,0,3
178,50175,Danny,Welbeck,2561897,1,False,21,0,0,0,1,0,0,0,0,0,0,0,3,2.2,0.6,2.0,0.5,0,0,1,1,0,0.00,0.00,0.00,0.24,65,0,448372,0,0
178,50175,Danny,Welbeck,2561910,0,False,90,0,0,0,2,0,0,1,0,0,0,0,-9,0.0,3.4,27.0,2.8,0,1,0,1,1,1.56,0.10,1.66,1.60,65,-86269,389562,14979,101248
178,50175,Danny,Welbeck,2561916,2,False,60,0,0,0,1,0,0,0,0,0,0,0,6,0.4,16.5,2.0,1.9,0,2,0,2,1,0.00,0.17,0.17,1.65,64,-116773,277273,8152,124925
178,50175,Danny,Welbeck,2561925,2,False,66,0,0,0,2,0,0,0,0,0,0,0,7,1.8,2.9,8.0,1.3,0,2,2,4,1,0.09,0.02,0.11,1.20,63,-42555,252393,17351,59906
178,50175,Danny,Welbeck,2561937,1,False,15,0,0,0,1,0,0,0,0,0,0,0,3,1.2,1.0,9.0,1.1,0,0,0,0,0,0.04,0.06,0.10,0.07,63,-19008,239550,15988,34996
178,50175,Danny,Welbeck,2561947,11,False,23,2,0,0,0,0,0,0,1,0,0,3,49,65.2,0.1,54.0,11.9,2,0,0,2,0,0.75,0.00,0.75,0.43,63,-29051,213413,9514,38565
178,50175,Danny,Welbeck,2561964,1,False,90,0,0,0,1,0,0,0,1,0,0,0,-3,0.0,13.4,4.0,1.7,2,1,0,3,1,0.00,0.02,0.02,0.56,63,63558,290829,82321,18763
178,50175,Danny,Welbeck,2561965,13,False,89,2,0,0,1,0,0,0,0,0,0,3,69,77.2,33.1,28.0,13.8,0,2,2,4,1,0.58,0.07,0.65,1.37,63,2488,293861,40905,38417
178,50175,Danny,Welbeck,2561982,6,False,90,1,0,0,4,0,0,0,0,0,0,0,32,40.2,27.1,28.0,9.5,0,2,0,2,1,0.21,0.03,0.24,1.29,63,159336,466429,179218,19882
178,50175,Danny,Welbeck,2561985,6,False,81,1,0,1,0,0,0,0,0,0,0,0,34,33.0,12.8,24.0,7.0,1,3,0,4,1,0.92,0.02,0.94,0.28,64,438395,949902,460285,21890
178,50175,Danny,Welbeck,2561998,2,False,84,0,0,1,0,0,0,0,0,0,0,0,5,5.2,3.2,4.0,1.2,4,1,1,6,1,0.00,0.04,0.04,0.58,65,173299,1094686,233334,60035
178,50175,Danny,Welbeck,2562007,8,False,90,1,0,0,1,0,0,0,0,0,0,2,29,30.8,6.4,34.0,7.1,1,2,1,4,1,0.74,0.02,0.76,1.91,65,77973,1183078,145392,67419
178,50175,Danny,Welbeck,2562021,2,False,64,0,0,1,0,0,0,0,0,0,0,0,9,7.6,3.4,13.0,2.4,3,2,2,7,1,0.07,0.01,0.08,0.49,66,177645,1367284,225469,47824
178,50175,Danny,Welbeck,2562027,1,False,23,0,0,0,1,0,0,0,0,0,0,0,-1,0.0,0.7,25.0,2.5,0,1,0,1,0,0.52,0.00,0.52,0.60,66,-1424,1360716,67167,68591
178,50175,Danny,Welbeck,2562037,2,False,90,0,0,0,1,0,0,0,0,0,0,0,4,0.6,11.6,25.0,3.7,1,2,0,3,1,0.07,0.02,0.09,1.14,66,16030,1419543,104233,88203
178,50175,Danny,Welbeck,2562050,1,False,8,0,0,0,0,0,0,0,0,0,0,0,3,0.2,1.5,0.0,0.2,0,0,0,0,0,0.00,0.01,0.01,0.33,65,-307117,1054434,90092,397209
178,50175,Danny,Welbeck,2562057,0,False,0,0,0,0,0,0,0,0,0,0,0,0,0,0.0,0.0,0.0,0.0,0,0,0,0,0,0.00,0.00,0.00,0.00,65,-188504,884226,49664,238168
178,50175,Danny,Welbeck,2562065,1,False,15,0,0,0,0,0,0,0,0,0,0,0,3,2.2,0.3,0.0,0.3,0,1,1,2,0,0.00,0.00,0.00,0.77,64,-273897,592997,2593,276490
178,50175,Danny,Welbeck,2562084,3,False,82,1,0,0,2,0,0,1,1,0,0,0,6,32.0,15.3,25.0,7.2,2,2,0,4,1,1.60,0.04,1.64,1.94,63,-43364,585493,19997,63361
178,50175,Danny,Welbeck,2562087,1,False,19,0,0,0,0,0,0,0,0,0,0,0,3,0.6,0.7,2.0,0.3,0,1,0,1,0,0.00,0.00,0.00,0.04,63,41873,642382,73124,31251
178,50175,Danny,Welbeck,2562102,1,False,13,0,0,0,0,0,0,0,0,0,0,0,2,0.0,0.3,2.0,0.1,0,0,0,0,0,0.00,0.01,0.01,0.97,63,-81006,550715,6502,87508
178,50175,Danny,Welbeck,2562106,1,False,76,0,0,0,1,0,0,0,1,0,0,0,2,2.6,15.5,14.0,3.2,2,1,0,3,1,0.00,0.05,0.05,1.33,62,-32426,524248,27416,59842
178,50175,Danny,Welbeck,2562121,2,False,87,0,0,0,1,0,0,0,0,0,0,0,5,5.8,4.5,24.0,3.4,0,1,2,3,1,0.61,0.01,0.62,1.02,62,-797,525645,27985,28782
178,50175,Danny,Welbeck,2562126,2,False,69,0,0,1,0,0,0,0,0,0,0,0,5,4.6,11.1,47.0,6.3,1,3,1,5,1,0.55,0.04,0.59,0.42,62,8398,537508,45552,37154
178,50175,Danny,Welbeck,2562137,1,False,19,0,0,0,0,0,0,0,0,0,0,0,5,4.0,1.0,0.0,0.5,1,1,1,3,0,0.00,0.00,0.00,0.37,62,-25423,511047,13195,38618
178,50175,Danny,Welbeck,2562145,2,False,80,0,0,1,0,0,0,0,0,0,0,0,10,11.2,12.9,13.0,3.7,2,0,2,4,1,0.05,0.01,0.06,0.51,62,-34769,474388,7993,42762
178,50175,Danny,Welbeck,2562156,9,False,90,1,0,1,0,0,0,0,0,0,0,3,32,38.6,12.9,37.0,8.9,1,0,0,1,1,0.36,0.02,0.38,1.60,61,-17778,460309,8982,26760
178,50175,Danny,Welbeck,2562167,9,False,90,1,0,0,1,0,0,0,0,0,0,3,41,40.2,20.8,29.0,9.0,2,3,2,7,1,0.38,0.28,0.66,0.93,61,19359,484006,28798,9439
178,50175,Danny,Welbeck,2562177,1,False,21,0,0,0,0,0,0,0,0,0,0,0,2,0.0,0.1,2.0,0.1,0,0,0,0,0,0.00,0.00,0.00,0.18,61,1551,483228,17387,15836
178,50175,Danny,Welbeck,2562193,2,False,90,0,0,1,0,0,0,0,0,0,0,0,9,12.2,13.9,19.0,4.5,3,2,2,7,1,0.11,0.10,0.21,0.82,61,25670,511555,43120,17450
178,50175,Danny,Welbeck,2562197,12,False,82,2,0,0,1,0,0,0,1,0,0,3,65,70.6,26.1,75.0,17.2,1,3,0,4,1,1.07,0.13,1.20,0.99,61,4864,518235,21373,16509
178,50175,Danny,Welbeck,2562207,2,False,74,0,0,1,0,0,0,0,0,0,0,0,9,17.4,11.8,91.0,12.0,4,2,0,6,1,1.06,0.03,1.09,0.84,62,486115,1017157,533921,47806
178,50175,Danny,Welbeck,2562224,2,False,74,0,0,0,1,0,0,0,0,0,0,0,5,5.4,1.0,19.0,2.5,2,1,0,3,1,0.21,0.01,0.22,0.97,63,180864,1308989,222012,41148
178,50175,Danny,Welbeck,2562227,6,False,7,1,0,0,0,0,0,0,0,0,0,1,29,33.4,0.3,17.0,5.1,0,0,0,0,0,0.24,0.00,0.24,0.02,63,180864,1308989,222012,41148
178,50175,Danny,Welbeck,2562243,5,False,80,0,1,0,2,0,0,0,0,0,0,0,21,17.4,13.3,10.0,4.1,2,3,1,6,1,0.10,0.05,0.15,2.11,63,4720,1009602,88144,83424
178,50175,Danny,Welbeck,2562245,2,False,75,0,0,1,0,0,0,0,0,0,0,0,10,7.2,2.8,72.0,8.2,0,1,2,3,1,0.26,0.01,0.27,0.39,64,251099,1278827,278354,27255
178,50175,Danny,Welbeck,2562261,2,False,64,0,0,1,0,0,0,0,0,0,0,0,8,7.8,5.3,14.0,2.7,2,2,1,5,1,0.21,0.01,0.22,0.22,64,-65839,1192264,36187,102026
178,50175,Danny,Welbeck,2562265,1,False,58,0,0,0,3,0,0,0,0,0,0,0,-1,0.0,2.1,4.0,0.3,0,1,0,1,1,0.00,0.01,0.01,1.50,63,-93826,1097113,52851,146677
179,487117,Evan,Ferguson,2561897,0,False,0,0,0,0,0,0,0,0,0,0,0,0,0,0.0,0.0,0.0,0.0,0,0,0,0,0,0.00,0.00,0.00,0.00,55,0,2506,0,0
179,487117,Evan,Ferguson,2561910,0,False,0,0,0,0,0,0,0,0,0,0,0,0,0,0.0,0.0,0.0,0.0,0,0,0,0,0,0.00,0.00,0.00,0.00,55,-796,1686,0,796
179,487117,Evan,Ferguson,2561916,0,False,0,0,0,0,0,0,0,0,0,0,0,0,0,0.0,0.0,0.0,0.0,0,0,0,0,0,0.00,0.00,0.00,0.00,55,-362,1349,0,362
179,487117,Evan,Ferguson,2561925,0,False,0,0,0,0,0,0,0,0,0,0,0,0,0,0.0,0.0,0.0,0.0,0,0,0,0,0,0.00,0.00,0.00,0.00,55,-155,1205,0,155
179,487117,Evan,Ferguson,2561937,0,False,0,0,0,0,0,0,0,0,0,0,0,0,0,0.0,0.0,0.0,0.0,0,0,0,0,0,0.00,0.00,0.00,0.00,55,-61,1149,0,61
179,487117,Evan,Ferguson,2561947,0,False,0,0,0,0,0,0,0,0,0,0,0,0,0,0.0,0.0,0.0,0.0,0,0,0,0,0,0.00,0.00,0.00,0.00,55,-47,1103,0,47
179,487117,Evan,Ferguson,2561964,0,False,0,0,0,0,0,0,0,0,0,0,0,0,0,0.0,0.0,0.0,0.0,0,0,0,0,0,0.00,0.00,0.00,0.00,55,-38,1064,0,38
179,487117,Evan,Ferguson,2561965,0,False,0,0,0,0,0,0,0,0,0,0,0,0,0,0.0,0.0,0.0,0.0,0,0,0,0,0,0.00,0.00,0.00,0.00,55,-18,1048,0,18
179,487117,Evan,Ferguson,2561982,0,False,0,0,0,0,0,0,0,0,0,0,0,0,0,0.0,0.0,0.0,0.0,0,0,0,0,0,0.00,0.00,0.00,0.00,55,-10,1038,0,10
179,487117,Evan,Ferguson,2561985,0,False,0,0,0,0,0,0,0,0,0,0,0,0,0,0.0,0.0,0.0,0.0,0,0,0,0,0,0.00,0.00,0.00,0.00,55,-16,1022,0,16
179,487117,Evan,Ferguson,2561998,0,False,0,0,0,0,0,0,0,0,0,0,0,0,0,0.0,0.0,0.0,0.0,0,0,0,0,0,0.00,0.00,0.00,0.00,55,-9,1013,0,9
179,487117,Evan,Ferguson,2562007,0,False,0,0,0,0,0,0,0,0,0,0,0,0,0,0.0,0.0,0.0,0.0,0,0,0,0,0,0.00,0.00,0.00,0.00,55,-8,1005,0,8
179,487117,Evan,Ferguson,2562021,0,False,0,0,0,0,0,0,0,0,0,0,0,0,0,0.0,0.0,0.0,0.0,0,0,0,0,0,0.00,0.00,0.00,0.00,55,-3,1002,0,3
179,487117,Evan,Ferguson,2562027,0,False,0,0,0,0,0,0,0,0,0,0,0,0,0,0.0,0.0,0.0,0.0,0,0,0,0,0,0.00,0.00,0.00,0.00,55,-1,1001,0,1
179,487117,Evan,Ferguson,2562037,0,False,0,0,0,0,0,0,0,0,0,0,0,0,0,0.0,0.0,0.0,0.0,0,0,0,0,0,0.00,0.00,0.00,0.00,55,-3,998,0,3
179,487117,Evan,Ferguson,2562050,0,False,0,0,0,0,0,0,0,0,0,0,0,0,0,0.0,0.0,0.0,0.0,0,0,0,0,0,0.00,0.00,0.00,0.00,55,-4,994,0,4
179,487117,Evan,Ferguson,2562057,0,False,0,0,0,0,0,0,0,0,0,0,0,0,0,0.0,0.0,0.0,0.0,0,0,0,0,0,0.00,0.00,0.00,0.00,55,-3,991,0,3
179,487117,Evan,Ferguson,2562065,0,False,0,0,0,0,0,0,0,0,0,0,0,0,0,0.0,0.0,0.0,0.0,0,0,0,0,0,0.00,0.00,0.00,0.00,55,-5,986,0,5
179,487117,Evan,Ferguson,2562084,0,False,0,0,0,0,0,0,0,0,0,0,0,0,0,0.0,0.0,0.0,0.0,0,0,0,0,0,0.00,0.00,0.00,0.00,55,-2,984,0,2
179,487117,Evan,Ferguson,2562087,0,False,0,0,0,0,0,0,0,0,0,0,0,0,0,0.0,0.0,0.0,0.0,0,0,0,0,0,0.00,0.00,0.00,0.00,55,-2,982,0,2
179,487117,Evan,Ferguson,2562102,0,False,0,0,0,0,0,0,0,0,0,0,0,0,0,0.0,0.0,0.0,0.0,0,0,0,0,0,0.00,0.00,0.00,0.00,55,-3,979,0,3
179,487117,Evan,Ferguson,2562106,0,False,0,0,0,0,0,0,0,0,0,0,0,0,0,0.0,0.0,0.0,0.0,0,0,0,0,0,0.00,0.00,0.00,0.00,55,-4,975,0,4
179,487117,Evan,Ferguson,2562121,0,False,0,0,0,0,0,0,0,0,0,0,0,0,0,0.0,0.0,0.0,0.0,0,0,0,0,0,0.00,0.00,0.00,0.00,55,-2,973,0,2
179,487117,Evan,Ferguson,2562126,0,False,0,0,0,0,0,0,0,0,0,0,0,0,0,0.0,0.0,0.0,0.0,0,0,0,0,0,0.00,0.00,0.00,0.00,55,-1,972,0,1
179,487117,Evan,Ferguson,2562137,0,False,0,0,0,0,0,0,0,0,0,0,0,0,0,0.0,0.0,0.0,0.0,0,0,0,0,0,0.00,0.00,0.00,0.00,55,-3,969,0,3
179,487117,Evan,Ferguson,2562145,0,False,0,0,0,0,0,0,0,0,0,0,0,0,0,0.0,0.0,0.0,0.0,0,0,0,0,0,0.00,0.00,0.00,0.00,55,0,969,0,0
179,487117,Evan,Ferguson,2562156,0,False,0,0,0,0,0,0,0,0,0,0,0,0,0,0.0,0.0,0.0,0.0,0,0,0,0,0,0.00,0.00,0.00,0.00,55,-1,968,0,1
179,487117,Evan,Ferguson,2562167,0,False,0,0,0,0,0,0,0,0,0,0,0,0,0,0.0,0.0,0.0,0.0,0,0,0,0,0,0.00,0.00,0.00,0.00,55,0,968,0,0
179,487117,Evan,Ferguson,2562177,0,False,0,0,0,0,0,0,0,0,0,0,0,0,0,0.0,0.0,0.0,0.0,0,0,0,0,0,0.00,0.00,0.00,0.00,55,-1,967,0,1
179,487117,Evan,Ferguson,2562193,0,False,0,0,0,0,0,0,0,0,0,0,0,0,0,0.0,0.0,0.0,0.0,0,0,0,0,0,0.00,0.00,0.00,0.00,55,-2,965,0,2
179,487117,Evan,Ferguson,2562197,0,False,0,0,0,0,0,0,0,0,0,0,0,0,0,0.0,0.0,0.0,0.0,0,0,0,0,0,0.00,0.00,0.00,0.00,55,0,965,0,0
179,487117,Evan,Ferguson,2562207,0,False,0,0,0,0,0,0,0,0,0,0,0,0,0,0.0,0.0,0.0,0.0,0,0,0,0,0,0.00,0.00,0.00,0.00,55,0,965,0,0
179,487117,Evan,Ferguson,2562224,0,False,0,0,0,0,0,0,0,0,0,0,0,0,0,0.0,0.0,0.0,0.0,0,0,0,0,0,0.00,0.00,0.00,0.00,55,-1,964,0,1
179,487117,Evan,Ferguson,2562227,0,False,0,0,0,0,0,0,0,0,0,0,0,0,0,0.0,0.0,0.0,0.0,0,0,0,0,0,0.00,0.00,0.00,0.00,55,-1,964,0,1
179,487117,Evan,Ferguson,2562243,0,False,0,0,0,0,0,0,0,0,0,0,0,0,0,0.0,0.0,0.0,0.0,0,0,0,0,0,0.00,0.00,0.00,0.00,55,0,963,0,0
179,487117,Evan,Ferguson,2562245,0,False,0,0,0,0,0,0,0,0,0,0,0,0,0,0.0,0.0,0.0,0.0,0,0,0,0,0,0.00,0.00,0.00,0.00,55,0,963,0,0
179,487117,Evan,Ferguson,2562261,0,False,0,0,0,0,0,0,0,0,0,0,0,0,0,0.0,0.0,0.0,0.0,0,0,0,0,0,0.00,0.00,0.00,0.00,55,0,963,0,0
179,487117,Evan,Ferguson,2562265,0,False,0,0,0,0,0,0,0,0,0,0,0,0,0,0.0,0.0,0.0,0.0,0,0,0,0,0,0.00,0.00,0.00,0.00,55,0,963,0,0
180,608181,Stefanos,Tzimas,2561897,0,False,0,0,0,0,0,0,0,0,0,0,0,0,0,0.0,0.0,0.0,0.0,0,0,0,0,0,0.00,0.00,0.00,0.00,55,0,13252,0,0
180,608181,Stefanos,Tzimas,2561910,0,False,0,0,0,0,0,0,0,0,0,0,0,0,0,0.0,0.0,0.0,0.0,0,0,0,0,0,0.00,0.00,0.00,0.00,55,-1836,14132,1331,3167
180,608181,Stefanos,Tzimas,2561916,0,False,0,0,0,0,0,0,0,0,0,0,0,0,0,0.0,0.0,0.0,0.0,0,0,0,0,0,0.00,0.00,0.00,0.00,54,-1876,13129,1257,3133
180,608181,Stefanos,Tzimas,2561925,1,False,23,0,0,0,0,0,0,0,0,0,0,0,0,0.0,0.1,0.0,0.0,0,2,0,2,0,0.00,0.00,0.00,0.25,54,-919,12859,1167,2086
180,608181,Stefanos,Tzimas,2561937,0,False,0,0,0,0,0,0,0,0,0,0,0,0,0,0.0,0.0,0.0,0.0,0,0,0,0,0,0.00,0.00,0.00,0.00,54,-343,12818,921,1264
180,608181,Stefanos,Tzimas,2561947,1,False,5,0,0,0,0,0,0,0,0,0,0,0,6,4.0,10.0,4.0,1.8,0,0,2,2,0,0.28,0.00,0.28,0.41,54,-628,12365,705,1333
180,608181,Stefanos,Tzimas,2561964,4,False,20,0,1,0,0,0,0,0,0,0,0,0,11,19.0,20.5,11.0,5.1,0,0,0,0,0,0.05,0.00,0.05,0.05,54,-531,12015,504,1035
180,608181,Stefanos,Tzimas,2561965,1,False,19,0,0,0,1,0,0,0,0,0,0,0,2,2.0,0.0,0.0,0.2,1,2,0,3,0,0.00,0.00,0.00,0.75,53,1083,13608,2124,1041
180,608181,Stefanos,Tzimas,2561982,1,False,3,0,0,0,1,0,0,0,0,0,0,0,3,2.0,20.3,6.0,2.8,0,1,0,1,0,0.02,0.05,0.07,0.40,53,83,13815,1114,1031
180,608181,Stefanos,Tzimas,2561985,1,False,9,0,0,0,0,0,0,0,0,0,0,0,4,1.4,10.3,2.0,1.4,0,0,0,0,0,0.00,0.06,0.06,0.22,53,-82,13923,973,1055
180,608181,Stefanos,Tzimas,2561998,1,False,5,0,0,0,0,0,0,0,0,0,0,0,2,0.0,0.0,2.0,0.2,0,1,0,1,0,0.00,0.00,0.00,0.16,53,-471,13538,464,935
180,608181,Stefanos,Tzimas,2562007,0,False,0,0,0,0,0,0,0,0,0,0,0,0,0,0.0,0.0,0.0,0.0,0,0,0,0,0,0.00,0.00,0.00,0.00,53,-193,13501,488,681
180,608181,Stefanos,Tzimas,2562021,5,False,25,1,0,0,0,0,0,0,0,0,0,0,27,38.2,0.0,19.0,5.7,1,3,0,4,0,0.09,0.00,0.09,0.22,53,-334,13268,298,632
180,608181,Stefanos,Tzimas,2562027,1,False,23,0,0,0,0,0,0,0,0,0,0,0,0,0.0,4.5,0.0,0.5,0,1,1,2,1,0.00,0.00,0.00,0.13,53,591,14043,944,353
180,608181,Stefanos,Tzimas,2562037,0,False,0,0,0,0,0,0,0,0,0,0,0,0,0,0.0,0.0,0.0,0.0,0,0,0,0,0,0.00,0.00,0.00,0.00,53,-838,13112,318,1156
180,608181,Stefanos,Tzimas,2562050,0,False,0,0,0,0,0,0,0,0,0,0,0,0,0,0.0,0.0,0.0,0.0,0,0,0,0,0,0.00,0.00,0.00,0.00,53,-1548,11566,75,1623
180,608181,Stefanos,Tzimas,2562057,0,False,0,0,0,0,0,0,0,0,0,0,0,0,0,0.0,0.0,0.0,0.0,0,0,0,0,0,0.00,0.00,0.00,0.00,53,-715,10903,42,757
180,608181,Stefanos,Tzimas,2562065,0,False,0,0,0,0,0,0,0,0,0,0,0,0,0,0.0,0.0,0.0,0.0,0,0,0,0,0,0.00,0.00,0.00,0.00,52,-368,10556,96,464
180,608181,Stefanos,Tzimas,2562084,0,False,0,0,0,0,0,0,0,0,0,0,0,0,0,0.0,0.0,0.0,0.0,0,0,0,0,0,0.00,0.00,0.00,0.00,52,-225,10351,27,252
180,608181,Stefanos,Tzimas,2562087,0,False,0,0,0,0,0,0,0,0,0,0,0,0,0,0.0,0.0,0.0,0.0,0,0,0,0,0,0.00,0.00,0.00,0.00,52,-127,10246,33,160
180,608181,Stefanos,Tzimas,2562102,0,False,0,0,0,0,0,0,0,0,0,0,0,0,0,0.0,0.0,0.0,0.0,0,0,0,0,0,0.00,0.00,0.00,0.00,52,-153,10098,18,171
180,608181,Stefanos,Tzimas,2562106,0,False,0,0,0,0,0,0,0,0,0,0,0,0,0,0.0,0.0,0.0,0.0,0,0,0,0,0,0.00,0.00,0.00,0.00,52,-155,9956,27,182
180,608181,Stefanos,Tzimas,2562121,0,False,0,0,0,0,0,0,0,0,0,0,0,0,0,0.0,0.0,0.0,0.0,0,0,0,0,0,0.00,0.00,0.00,0.00,52,-66,9897,45,111
180,608181,Stefanos,Tzimas,2562126,0,False,0,0,0,0,0,0,0,0,0,0,0,0,0,0.0,0.0,0.0,0.0,0,0,0,0,0,0.00,0.00,0.00,0.00,52,-72,9827,57,129
180,608181,Stefanos,Tzimas,2562137,0,False,0,0,0,0,0,0,0,0,0,0,0,0,0,0.0,0.0,0.0,0.0,0,0,0,0,0,0.00,0.00,0.00,0.00,52,-79,9746,24,103
180,608181,Stefanos,Tzimas,2562145,0,False,0,0,0,0,0,0,0,0,0,0,0,0,0,0.0,0.0,0.0,0.0,0,0,0,0,0,0.00,0.00,0.00,0.00,52,-65,9687,19,84
180,608181,Stefanos,Tzimas,2562156,0,False,0,0,0,0,0,0,0,0,0,0,0,0,0,0.0,0.0,0.0,0.0,0,0,0,0,0,0.00,0.00,0.00,0.00,52,-62,9625,32,94
180,608181,Stefanos,Tzimas,2562167,0,False,0,0,0,0,0,0,0,0,0,0,0,0,0,0.0,0.0,0.0,0.0,0,0,0,0,0,0.00,0.00,0.00,0.00,52,-45,9582,24,69
180,608181,Stefanos,Tzimas,2562177,0,False,0,0,0,0,0,0,0,0,0,0,0,0,0,0.0,0.0,0.0,0.0,0,0,0,0,0,0.00,0.00,0.00,0.00,52,-24,9565,34,58
180,608181,Stefanos,Tzimas,2562193,0,False,0,0,0,0,0,0,0,0,0,0,0,0,0,0.0,0.0,0.0,0.0,0,0,0,0,0,0.00,0.00,0.00,0.00,52,9,9579,87,78
180,608181,Stefanos,Tzimas,2562197,0,False,0,0,0,0,0,0,0,0,0,0,0,0,0,0.0,0.0,0.0,0.0,0,0,0,0,0,0.00,0.00,0.00,0.00,52,-13,9583,51,64
180,608181,Stefanos,Tzimas,2562207,0,False,0,0,0,0,0,0,0,0,0,0,0,0,0,0.0,0.0,0.0,0.0,0,0,0,0,0,0.00,0.00,0.00,0.00,52,11,9586,93,82
180,608181,Stefanos,Tzimas,2562224,0,False,0,0,0,0,0,0,0,0,0,0,0,0,0,0.0,0.0,0.0,0.0,0,0,0,0,0,0.00,0.00,0.00,0.00,52,-16,9574,38,54
180,608181,Stefanos,Tzimas,2562227,0,False,0,0,0,0,0,0,0,0,0,0,0,0,0,0.0,0.0,0.0,0.0,0,0,0,0,0,0.00,0.00,0.00,0.00,52,-16,9574,38,54
180,608181,Stefanos,Tzimas,2562243,0,False,0,0,0,0,0,0,0,0,0,0,0,0,0,0.0,0.0,0.0,0.0,0,0,0,0,0,0.00,0.00,0.00,0.00,52,9,9575,59,50
180,608181,Stefanos,Tzimas,2562245,0,False,0,0,0,0,0,0,0,0,0,0,0,0,0,0.0,0.0,0.0,0.0,0,0,0,0,0,0.00,0.00,0.00,0.00,52,-7,9569,50,57
180,608181,Stefanos,Tzimas,2562261,0,False,0,0,0,0,0,0,0,0,0,0,0,0,0,0.0,0.0,0.0,0.0,0,0,0,0,0,0.00,0.00,0.00,0.00,52,24,9596,69,45
180,608181,Stefanos,Tzimas,2562265,0,False,0,0,0,0,0,0,0,0,0,0,0,0,0,0.0,0.0,0.0,0.0,0,0,0,0,0,0.00,0.00,0.00,0.00,52,85,9697,152,67
181,647850,Charalampos,Kostoulas,2561897,0,False,0,0,0,0,0,0,0,0,0,0,0,0,0,0.0,0.0,0.0,0.0,0,0,0,0,0,0.00,0.00,0.00,0.00,50,0,41999,0,0
181,647850,Charalampos,Kostoulas,2561910,0,False,0,0,0,0,0,0,0,0,0,0,0,0,0,0.0,0.0,0.0,0.0,0,0,0,0,0,0.00,0.00,0.00,0.00,50,-4479,44803,3489,7968
181,647850,Charalampos,Kostoulas,2561916,0,False,0,0,0,0,0,0,0,0,0,0,0,0,0,0.0,0.0,0.0,0.0,0,0,0,0,0,0.00,0.00,0.00,0.00,49,-8233,38832,1844,10077
181,647850,Charalampos,Kostoulas,2561925,0,False,0,0,0,0,0,0,0,0,0,0,0,0,0,0.0,0.0,0.0,0.0,0,0,0,0,0,0.00,0.00,0.00,0.00,49,-3258,38013,3403,6661
181,647850,Charalampos,Kostoulas,2561937,0,False,0,0,0,0,0,0,0,0,0,0,0,0,0,0.0,0.0,0.0,0.0,0,0,0,0,0,0.00,0.00,0.00,0.00,49,-1076,38113,3109,4185
181,647850,Charalampos,Kostoulas,2561947,0,False,0,0,0,0,0,0,0,0,0,0,0,0,0,0.0,0.0,0.0,0.0,0,0,0,0,0,0.00,0.00,0.00,0.00,49,-1463,37434,2708,4171
181,647850,Charalampos,Kostoulas,2561964,0,False,0,0,0,0,0,0,0,0,0,0,0,0,0,0.0,0.0,0.0,0.0,0,0,0,0,0,0.00,0.00,0.00,0.00,49,-1538,36507,1654,3192
181,647850,Charalampos,Kostoulas,2561965,1,False,1,0,0,0,0,0,0,0,0,0,0,0,3,1.0,0.1,0.0,0.1,0,0,0,0,0,0.00,0.00,0.00,0.08,48,-1064,36474,2061,3125
181,647850,Charalampos,Kostoulas,2561982,5,False,11,1,0,0,1,0,0,0,0,0,0,0,29,34.2,0.5,40.0,7.5,0,2,0,2,0,0.27,0.01,0.28,0.43,48,-545,36523,1670,2215
181,647850,Charalampos,Kostoulas,2561985,1,False,2,0,0,0,0,0,0,0,0,0,0,0,3,0.0,0.0,0.0,0.0,0,0,0,0,0,0.00,0.00,0.00,0.00,48,1867,39232,3619,1752
181,647850,Charalampos,Kostoulas,2561998,1,False,15,0,0,0,0,0,0,0,0,0,0,0,4,2.0,0.3,4.0,0.6,0,4,1,5,0,0.00,0.00,0.00,0.28,48,355,40129,2245,1890
181,647850,Charalampos,Kostoulas,2562007,0,False,0,0,0,0,0,0,0,0,0,0,0,0,0,0.0,0.0,0.0,0.0,0,0,0,0,0,0.00,0.00,0.00,0.00,48,242,41216,2062,1820
181,647850,Charalampos,Kostoulas,2562021,0,False,0,0,0,0,0,0,0,0,0,0,0,0,0,0.0,0.0,0.0,0.0,0,0,0,0,0,0.00,0.00,0.00,0.00,48,-795,40656,860,1655
181,647850,Charalampos,Kostoulas,2562027,1,False,13,0,0,0,1,0,0,0,0,0,0,0,14,9.0,21.0,24.0,5.4,0,1,2,3,0,0.06,0.02,0.08,0.58,48,-512,40448,697,1209
181,647850,Charalampos,Kostoulas,2562037,1,False,18,0,0,0,1,0,0,0,0,0,0,0,2,3.2,11.8,31.0,4.6,0,2,1,3,0,0.25,0.00,0.25,0.42,48,-10,40880,1280,1290
181,647850,Charalampos,Kostoulas,2562050,1,False,8,0,0,0,0,0,0,0,0,0,0,0,4,1.2,1.6,10.0,1.3,0,2,1,3,0,0.05,0.00,0.05,0.33,48,478,41764,3120,2642
181,647850,Charalampos,Kostoulas,2562057,1,False,19,0,0,0,0,0,0,0,0,0,0,0,5,3.2,20.9,8.0,3.2,0,1,0,1,0,0.05,0.14,0.19,0.00,48,1290,43744,3301,2011
181,647850,Charalampos,Kostoulas,2562065,1,False,3,0,0,0,0,0,0,0,0,0,0,0,1,0.4,0.1,0.0,0.1,0,1,0,1,0,0.00,0.00,0.00,0.15,48,55,43802,2551,2496
181,647850,Charalampos,Kostoulas,2562084,0,False,7,0,0,0,0,0,0,0,1,0,0,0,-2,0.0,0.6,0.0,0.0,0,1,0,1,0,0.00,0.00,0.00,0.12,48,-872,43331,1036,1908
181,647850,Charalampos,Kostoulas,2562087,5,False,70,0,1,1,0,0,0,0,0,0,0,0,18,25.6,12.3,25.0,6.3,1,3,2,6,1,0.61,0.03,0.64,0.26,48,-642,42681,742,1384
181,647850,Charalampos,Kostoulas,2562102,0,False,0,0,0,0,0,0,0,0,0,0,0,0,0,0.0,0.0,0.0,0.0,0,0,0,0,0,0.00,0.00,0.00,0.00,48,130,43070,1393,1263
181,647850,Charalampos,Kostoulas,2562106,8,False,13,1,0,0,0,0,0,0,0,0,0,3,29,35.2,0.8,19.0,5.5,0,0,1,1,0,0.08,0.01,0.09,0.00,48,-777,42563,975,1752
181,647850,Charalampos,Kostoulas,2562121,0,False,2,0,0,0,1,0,0,0,1,0,0,0,-1,0.0,1.1,0.0,0.0,0,0,0,0,0,0.00,0.00,0.00,0.03,48,2152,45176,3103,951
181,647850,Charalampos,Kostoulas,2562126,1,False,20,0,0,0,1,0,0,0,0,0,0,0,1,3.4,0.5,2.0,0.6,1,1,1,3,0,0.00,0.00,0.00,0.78,48,260,45589,2240,1980
181,647850,Charalampos,Kostoulas,2562137,2,False,81,0,0,0,1,0,0,0,0,0,0,0,5,11.2,6.6,25.0,4.3,3,4,2,9,1,0.33,0.01,0.34,0.95,48,-528,45225,1220,1748
181,647850,Charalampos,Kostoulas,2562145,1,False,9,0,0,0,1,0,0,0,0,0,0,0,2,0.0,1.8,4.0,0.6,0,0,0,0,0,0.00,0.01,0.01,0.21,48,943,46562,2370,1427
181,647850,Charalampos,Kostoulas,2562156,0,False,0,0,0,0,0,0,0,0,0,0,0,0,0,0.0,0.0,0.0,0.0,0,0,0,0,0,0.00,0.00,0.00,0.00,48,-46,46609,1468,1514
181,647850,Charalampos,Kostoulas,2562167,0,False,0,0,0,0,0,0,0,0,0,0,0,0,0,0.0,0.0,0.0,0.0,0,0,0,0,0,0.00,0.00,0.00,0.00,48,-667,46053,570,1237
181,647850,Charalampos,Kostoulas,2562177,0,False,0,0,0,0,0,0,0,0,0,0,0,0,0,0.0,0.0,0.0,0.0,0,0,0,0,0,0.00,0.00,0.00,0.00,48,-1106,45009,280,1386
181,647850,Charalampos,Kostoulas,2562193,0,False,0,0,0,0,0,0,0,0,0,0,0,0,0,0.0,0.0,0.0,0.0,0,0,0,0,0,0.00,0.00,0.00,0.00,48,-608,44666,624,1232
181,647850,Charalampos,Kostoulas,2562197,0,False,0,0,0,0,0,0,0,0,0,0,0,0,0,0.0,0.0,0.0,0.0,0,0,0,0,0,0.00,0.00,0.00,0.00,48,-572,43724,257,829
181,647850,Charalampos,Kostoulas,2562207,0,False,0,0,0,0,0,0,0,0,0,0,0,0,0,0.0,0.0,0.0,0.0,0,0,0,0,0,0.00,0.00,0.00,0.00,48,-463,43999,438,901
181,647850,Charalampos,Kostoulas,2562224,1,False,8,0,0,0,0,0,0,0,0,0,0,0,6,0.4,11.8,6.0,1.8,0,0,0,0,0,0.10,0.05,0.15,0.04,48,-432,43607,332,764
181,647850,Charalampos,Kostoulas,2562227,0,False,0,0,0,0,0,0,0,0,0,0,0,0,0,0.0,0.0,0.0,0.0,0,0,0,0,0,0.00,0.00,0.00,0.00,48,-432,43607,332,764
181,647850,Charalampos,Kostoulas,2562243,1,False,10,0,0,0,1,0,0,0,0,0,0,0,4,3.2,0.2,19.0,2.2,0,0,0,0,0,0.10,0.00,0.10,1.05,48,-139,43300,320,459
181,647850,Charalampos,Kostoulas,2562245,1,False,2,0,0,0,0,0,0,0,0,0,0,0,2,0.4,0.1,0.0,0.1,0,0,0,0,0,0.00,0.00,0.00,0.11,48,50,43445,574,524
181,647850,Charalampos,Kostoulas,2562261,1,False,8,0,0,0,1,0,0,0,0,0,0,0,7,6.2,12.8,19.0,3.8,0,2,0,2,0,0.03,0.18,0.21,0.07,48,-12,43498,347,359
181,647850,Charalampos,Kostoulas,2562265,1,False,31,0,0,0,0,0,0,0,0,0,0,0,4,3.8,21.6,19.0,4.4,0,1,0,1,0,0.19,0.08,0.27,0.15,48,-141,43417,421,562
744,556637,Nehemiah,Oriola,2561965,0,False,0,0,0,0,0,0,0,0,0,0,0,0,0,0.0,0.0,0.0,0.0,0,0,0,0,0,0.00,0.00,0.00,0.00,45,0,0,0,0
744,556637,Nehemiah,Oriola,2561982,0,False,0,0,0,0,0,0,0,0,0,0,0,0,0,0.0,0.0,0.0,0.0,0,0,0,0,0,0.00,0.00,0.00,0.00,45,241,338,270,29
744,556637,Nehemiah,Oriola,2561985,1,False,1,0,0,0,0,0,0,0,0,0,0,0,3,0.0,0.0,0.0,0.0,0,0,0,0,0,0.00,0.00,0.00,0.00,45,96,515,183,87
744,556637,Nehemiah,Oriola,2561998,0,False,0,0,0,0,0,0,0,0,0,0,0,0,0,0.0,0.0,0.0,0.0,0,0,0,0,0,0.00,0.00,0.00,0.00,45,162,754,260,98
744,556637,Nehemiah,Oriola,2562007,0,False,0,0,0,0,0,0,0,0,0,0,0,0,0,0.0,0.0,0.0,0.0,0,0,0,0,0,0.00,0.00,0.00,0.00,45,130,1006,224,94
744,556637,Nehemiah,Oriola,2562021,0,False,0,0,0,0,0,0,0,0,0,0,0,0,0,0.0,0.0,0.0,0.0,0,0,0,0,0,0.00,0.00,0.00,0.00,45,-4,1030,85,89
744,556637,Nehemiah,Oriola,2562027,0,False,0,0,0,0,0,0,0,0,0,0,0,0,0,0.0,0.0,0.0,0.0,0,0,0,0,0,0.00,0.00,0.00,0.00,45,38,1090,105,67
744,556637,Nehemiah,Oriola,2562037,0,False,0,0,0,0,0,0,0,0,0,0,0,0,0,0.0,0.0,0.0,0.0,0,0,0,0,0,0.00,0.00,0.00,0.00,45,-1,1139,102,103
744,556637,Nehemiah,Oriola,2562050,0,False,0,0,0,0,0,0,0,0,0,0,0,0,0,0.0,0.0,0.0,0.0,0,0,0,0,0,0.00,0.00,0.00,0.00,45,-22,1175,172,194
744,556637,Nehemiah,Oriola,2562057,0,False,0,0,0,0,0,0,0,0,0,0,0,0,0,0.0,0.0,0.0,0.0,0,0,0,0,0,0.00,0.00,0.00,0.00,45,90,1341,235,145
744,556637,Nehemiah,Oriola,2562065,0,False,0,0,0,0,0,0,0,0,0,0,0,0,0,0.0,0.0,0.0,0.0,0,0,0,0,0,0.00,0.00,0.00,0.00,45,175,1621,307,132
744,556637,Nehemiah,Oriola,2562084,0,False,0,0,0,0,0,0,0,0,0,0,0,0,0,0.0,0.0,0.0,0.0,0,0,0,0,0,0.00,0.00,0.00,0.00,45,-47,1602,99,146
744,556637,Nehemiah,Oriola,2562087,0,False,0,0,0,0,0,0,0,0,0,0,0,0,0,0.0,0.0,0.0,0.0,0,0,0,0,0,0.00,0.00,0.00,0.00,45,21,1623,112,91
744,556637,Nehemiah,Oriola,2562102,0,False,0,0,0,0,0,0,0,0,0,0,0,0,0,0.0,0.0,0.0,0.0,0,0,0,0,0,0.00,0.00,0.00,0.00,45,-61,1583,46,107
744,556637,Nehemiah,Oriola,2562106,0,False,0,0,0,0,0,0,0,0,0,0,0,0,0,0.0,0.0,0.0,0.0,0,0,0,0,0,0.00,0.00,0.00,0.00,45,-30,1589,84,114
744,556637,Nehemiah,Oriola,2562121,0,False,0,0,0,0,0,0,0,0,0,0,0,0,0,0.0,0.0,0.0,0.0,0,0,0,0,0,0.00,0.00,0.00,0.00,45,-30,1597,43,73
744,556637,Nehemiah,Oriola,2562126,0,False,0,0,0,0,0,0,0,0,0,0,0,0,0,0.0,0.0,0.0,0.0,0,0,0,0,0,0.00,0.00,0.00,0.00,45,-30,1589,69,99
744,556637,Nehemiah,Oriola,2562137,0,False,0,0,0,0,0,0,0,0,0,0,0,0,0,0.0,0.0,0.0,0.0,0,0,0,0,0,0.00,0.00,0.00,0.00,45,-36,1589,52,88
744,556637,Nehemiah,Oriola,2562145,0,False,0,0,0,0,0,0,0,0,0,0,0,0,0,0.0,0.0,0.0,0.0,0,0,0,0,0,0.00,0.00,0.00,0.00,45,50,1676,105,55
744,556637,Nehemiah,Oriola,2562156,0,False,0,0,0,0,0,0,0,0,0,0,0,0,0,0.0,0.0,0.0,0.0,0,0,0,0,0,0.00,0.00,0.00,0.00,45,22,1719,99,77
744,556637,Nehemiah,Oriola,2562167,0,False,0,0,0,0,0,0,0,0,0,0,0,0,0,0.0,0.0,0.0,0.0,0,0,0,0,0,0.00,0.00,0.00,0.00,45,-4,1743,53,57
744,556637,Nehemiah,Oriola,2562177,0,False,0,0,0,0,0,0,0,0,0,0,0,0,0,0.0,0.0,0.0,0.0,0,0,0,0,0,0.00,0.00,0.00,0.00,45,-2,1762,58,60
744,556637,Nehemiah,Oriola,2562193,0,False,0,0,0,0,0,0,0,0,0,0,0,0,0,0.0,0.0,0.0,0.0,0,0,0,0,0,0.00,0.00,0.00,0.00,45,12,1790,91,79
744,556637,Nehemiah,Oriola,2562197,0,False,0,0,0,0,0,0,0,0,0,0,0,0,0,0.0,0.0,0.0,0.0,0,0,0,0,0,0.00,0.00,0.00,0.00,45,-4,1810,52,56
744,556637,Nehemiah,Oriola,2562207,0,False,0,0,0,0,0,0,0,0,0,0,0,0,0,0.0,0.0,0.0,0.0,0,0,0,0,0,0.00,0.00,0.00,0.00,45,-3,1844,56,59
744,556637,Nehemiah,Oriola,2562224,0,False,0,0,0,0,0,0,0,0,0,0,0,0,0,0.0,0.0,0.0,0.0,0,0,0,0,0,0.00,0.00,0.00,0.00,45,13,1895,61,48
744,556637,Nehemiah,Oriola,2562227,0,False,0,0,0,0,0,0,0,0,0,0,0,0,0,0.0,0.0,0.0,0.0,0,0,0,0,0,0.00,0.00,0.00,0.00,45,13,1895,61,48
744,556637,Nehemiah,Oriola,2562243,0,False,0,0,0,0,0,0,0,0,0,0,0,0,0,0.0,0.0,0.0,0.0,0,0,0,0,0,0.00,0.00,0.00,0.00,45,54,1946,89,35
744,556637,Nehemiah,Oriola,2562245,0,False,0,0,0,0,0,0,0,0,0,0,0,0,0,0.0,0.0,0.0,0.0,0,0,0,0,0,0.00,0.00,0.00,0.00,45,8,1966,76,68
744,556637,Nehemiah,Oriola,2562261,0,False,0,0,0,0,0,0,0,0,0,0,0,0,0,0.0,0.0,0.0,0.0,0,0,0,0,0,0.00,0.00,0.00,0.00,45,28,2006,64,36
744,556637,Nehemiah,Oriola,2562265,0,False,0,0,0,0,0,0,0,0,0,0,0,0,0,0.0,0.0,0.0,0.0,0,0,0,0,0,0.00,0.00,0.00,0.00,45,4,2027,65,61
761,604988,Freddie,Simmonds,2562057,0,False,0,0,0,0,0,0,0,0,0,0,0,0,0,0.0,0.0,0.0,0.0,0,0,0,0,0,0.00,0.00,0.00,0.00,40,0,0,0,0
761,604988,Freddie,Simmonds,2562065,0,False,0,0,0,0,0,0,0,0,0,0,0,0,0,0.0,0.0,0.0,0.0,0,0,0,0,0,0.00,0.00,0.00,0.00,40,164,366,181,17
761,604988,Freddie,Simmonds,2562084,0,False,0,0,0,0,0,0,0,0,0,0,0,0,0,0.0,0.0,0.0,0.0,0,0,0,0,0,0.00,0.00,0.00,0.00,40,14,568,85,71
761,604988,Freddie,Simmonds,2562087,0,False,0,0,0,0,0,0,0,0,0,0,0,0,0,0.0,0.0,0.0,0.0,0,0,0,0,0,0.00,0.00,0.00,0.00,40,-4,612,69,73
761,604988,Freddie,Simmonds,2562102,0,False,0,0,0,0,0,0,0,0,0,0,0,0,0,0.0,0.0,0.0,0.0,0,0,0,0,0,0.00,0.00,0.00,0.00,40,-9,707,51,60
761,604988,Freddie,Simmonds,2562106,0,False,0,0,0,0,0,0,0,0,0,0,0,0,0,0.0,0.0,0.0,0.0,0,0,0,0,0,0.00,0.00,0.00,0.00,40,19,900,84,65
761,604988,Freddie,Simmonds,2562121,0,False,0,0,0,0,0,0,0,0,0,0,0,0,0,0.0,0.0,0.0,0.0,0,0,0,0,0,0.00,0.00,0.00,0.00,40,31,1064,76,45
761,604988,Freddie,Simmonds,2562126,0,False,0,0,0,0,0,0,0,0,0,0,0,0,0,0.0,0.0,0.0,0.0,0,0,0,0,0,0.00,0.00,0.00,0.00,40,-2,1209,77,79
761,604988,Freddie,Simmonds,2562137,0,False,0,0,0,0,0,0,0,0,0,0,0,0,0,0.0,0.0,0.0,0.0,0,0,0,0,0,0.00,0.00,0.00,0.00,40,-30,1322,52,82
761,604988,Freddie,Simmonds,2562145,0,False,0,0,0,0,0,0,0,0,0,0,0,0,0,0.0,0.0,0.0,0.0,0,0,0,0,0,0.00,0.00,0.00,0.00,40,49,1508,93,44
761,604988,Freddie,Simmonds,2562156,0,False,0,0,0,0,0,0,0,0,0,0,0,0,0,0.0,0.0,0.0,0.0,0,0,0,0,0,0.00,0.00,0.00,0.00,40,48,1714,104,56
761,604988,Freddie,Simmonds,2562167,0,False,0,0,0,0,0,0,0,0,0,0,0,0,0,0.0,0.0,0.0,0.0,0,0,0,0,0,0.00,0.00,0.00,0.00,40,-32,1783,43,75
761,604988,Freddie,Simmonds,2562177,0,False,0,0,0,0,0,0,0,0,0,0,0,0,0,0.0,0.0,0.0,0.0,0,0,0,0,0,0.00,0.00,0.00,0.00,40,-7,1869,48,55
761,604988,Freddie,Simmonds,2562193,0,False,0,0,0,0,0,0,0,0,0,0,0,0,0,0.0,0.0,0.0,0.0,0,0,0,0,0,0.00,0.00,0.00,0.00,40,22,2047,75,53
761,604988,Freddie,Simmonds,2562197,0,False,0,0,0,0,0,0,0,0,0,0,0,0,0,0.0,0.0,0.0,0.0,0,0,0,0,0,0.00,0.00,0.00,0.00,40,-1,2196,49,50
761,604988,Freddie,Simmonds,2562207,0,False,0,0,0,0,0,0,0,0,0,0,0,0,0,0.0,0.0,0.0,0.0,0,0,0,0,0,0.00,0.00,0.00,0.00,40,-17,2270,44,61
761,604988,Freddie,Simmonds,2562224,0,False,0,0,0,0,0,0,0,0,0,0,0,0,0,0.0,0.0,0.0,0.0,0,0,0,0,0,0.00,0.00,0.00,0.00,40,58,2474,110,52
761,604988,Freddie,Simmonds,2562227,0,False,0,0,0,0,0,0,0,0,0,0,0,0,0,0.0,0.0,0.0,0.0,0,0,0,0,0,0.00,0.00,0.00,0.00,40,58,2474,110,52
761,604988,Freddie,Simmonds,2562243,0,False,0,0,0,0,0,0,0,0,0,0,0,0,0,0.0,0.0,0.0,0.0,0,0,0,0,0,0.00,0.00,0.00,0.00,40,8,2533,41,33
761,604988,Freddie,Simmonds,2562245,0,False,0,0,0,0,0,0,0,0,0,0,0,0,0,0.0,0.0,0.0,0.0,0,0,0,0,0,0.00,0.00,0.00,0.00,40,0,2594,58,58
761,604988,Freddie,Simmonds,2562261,0,False,0,0,0,0,0,0,0,0,0,0,0,0,0,0.0,0.0,0.0,0.0,0,0,0,0,0,0.00,0.00,0.00,0.00,40,11,2680,46,35
761,604988,Freddie,Simmonds,2562265,0,False,0,0,0,0,0,0,0,0,0,0,0,0,0,0.0,0.0,0.0,0.0,0,0,0,0,0,0.00,0.00,0.00,0.00,40,3,2747,62,59
783,60307,Pascal,Groß,2562087,1,False,19,0,0,0,0,0,0,0,0,0,0,0,0,0.0,2.3,6.0,0.6,0,0,0,0,0,0.05,0.00,0.05,0.04,55,0,0,0,0
783,60307,Pascal,Groß,2562102,1,False,90,0,0,0,1,0,0,0,1,0,0,0,11,9.8,2.0,19.0,3.1,5,3,1,9,1,0.09,0.00,0.09,2.55,55,991,1072,1136,145
783,60307,Pascal,Groß,2562106,3,False,90,0,0,0,1,0,0,0,0,0,0,1,19,22.0,43.4,7.0,7.2,2,5,2,9,1,0.08,0.35,0.43,1.33,55,1857,3059,2246,389
783,60307,Pascal,Groß,2562121,2,False,87,0,0,0,1,0,0,0,0,0,0,0,21,18.2,95.4,5.0,11.9,2,3,0,5,1,0.02,0.40,0.42,1.02,55,1692,4860,2153,461
783,60307,Pascal,Groß,2562126,12,False,90,1,0,1,0,0,0,0,1,0,0,3,34,46.6,3.3,24.0,7.4,5,7,3,15,1,0.25,0.05,0.30,0.57,55,606,5485,1859,1253
783,60307,Pascal,Groß,2562137,2,False,90,0,0,0,1,0,0,0,0,0,0,0,19,17.6,32.2,0.0,5.0,2,6,2,10,1,0.00,0.32,0.32,1.16,55,5944,12116,7309,1365
783,60307,Pascal,Groß,2562145,2,False,90,0,0,0,1,0,0,0,0,0,0,0,17,23.6,51.2,15.0,9.0,2,4,1,7,1,0.12,0.23,0.35,0.72,55,-523,10970,1564,2087
783,60307,Pascal,Groß,2562156,3,False,90,0,0,1,0,0,0,0,0,0,0,0,12,11.0,28.7,7.0,4.7,0,1,1,2,1,0.10,0.07,0.17,1.60,55,670,11923,2204,1534
783,60307,Pascal,Groß,2562167,5,False,90,0,1,0,1,0,0,0,0,0,0,0,31,36.4,50.1,17.0,10.4,3,5,2,10,1,0.01,0.57,0.58,0.93,55,-185,11957,1557,1742
783,60307,Pascal,Groß,2562177,2,False,90,0,0,0,1,0,0,0,0,0,0,0,15,12.0,7.7,2.0,2.2,1,2,3,6,1,0.00,0.08,0.08,0.47,55,-600,11178,756,1356
783,60307,Pascal,Groß,2562193,8,False,90,0,1,1,0,0,0,0,0,0,0,0,30,24.0,24.3,9.0,5.7,7,8,3,18,1,0.06,0.06,0.12,0.90,55,875,12254,2086,1211
783,60307,Pascal,Groß,2562197,2,False,90,0,0,0,1,0,0,0,0,0,0,0,10,17.2,31.4,0.0,4.9,2,3,1,6,1,0.00,0.26,0.26,1.03,55,1744,14100,2957,1213
783,60307,Pascal,Groß,2562207,6,False,90,0,1,1,0,0,0,0,0,0,0,0,31,38.2,51.3,2.0,9.2,2,5,2,9,1,0.00,0.20,0.20,0.88,55,171340,186703,207108,35768
783,60307,Pascal,Groß,2562224,8,False,90,0,1,0,2,0,0,0,0,0,0,3,35,37.4,61.8,2.0,10.1,1,4,2,7,1,0.00,0.31,0.31,1.09,55,73935,409159,80379,6444
783,60307,Pascal,Groß,2562227,8,False,90,0,1,1,0,0,0,0,0,0,0,2,32,21.0,69.1,6.0,9.6,2,4,1,7,1,0.06,0.20,0.26,0.37,55,73935,409159,80379,6444
783,60307,Pascal,Groß,2562243,2,False,90,0,0,0,3,0,0,0,0,0,0,0,11,10.4,23.5,13.0,4.7,1,6,0,7,1,0.18,0.05,0.23,3.16,55,94885,336527,113892,19007
783,60307,Pascal,Groß,2562245,6,False,90,0,1,1,0,0,0,0,0,0,0,0,24,20.0,25.4,37.0,8.2,0,2,4,6,1,0.23,0.17,0.40,0.49,56,81943,424481,93396,11453
783,60307,Pascal,Groß,2562261,3,False,90,0,0,0,1,0,0,0,0,0,0,1,26,24.0,59.2,20.0,10.3,1,3,1,5,1,0.03,0.48,0.51,0.39,56,4299,422248,28633,24334
783,60307,Pascal,Groß,2562265,2,False,90,0,0,0,3,0,0,0,0,0,0,0,11,7.8,5.9,29.0,4.3,2,5,0,7,1,0.11,0.15,0.26,1.66,56,-36176,381581,9339,45515
795,597320,Harry,Howell,2562102,0,False,0,0,0,0,0,0,0,0,0,0,0,0,0,0.0,0.0,0.0,0.0,0,0,0,0,0,0.00,0.00,0.00,0.00,45,0,0,0,0
795,597320,Harry,Howell,2562106,0,False,0,0,0,0,0,0,0,0,0,0,0,0,0,0.0,0.0,0.0,0.0,0,0,0,0,0,0.00,0.00,0.00,0.00,45,45,86,48,3
795,597320,Harry,Howell,2562121,0,False,0,0,0,0,0,0,0,0,0,0,0,0,0,0.0,0.0,0.0,0.0,0,0,0,0,0,0.00,0.00,0.00,0.00,45,28,134,42,14
795,597320,Harry,Howell,2562126,0,False,0,0,0,0,0,0,0,0,0,0,0,0,0,0.0,0.0,0.0,0.0,0,0,0,0,0,0.00,0.00,0.00,0.00,45,19,177,40,21
795,597320,Harry,Howell,2562137,2,False,70,0,0,0,1,0,0,0,0,0,0,0,6,6.0,3.8,0.0,1.0,2,1,0,3,1,0.00,0.02,0.02,0.79,45,10,215,39,29
795,597320,Harry,Howell,2562145,1,False,9,0,0,0,1,0,0,0,0,0,0,0,3,1.2,0.6,2.0,0.4,0,1,0,1,0,0.00,0.01,0.01,0.21,45,200,491,231,31
795,597320,Harry,Howell,2562156,0,False,0,0,0,0,0,0,0,0,0,0,0,0,0,0.0,0.0,0.0,0.0,0,0,0,0,0,0.00,0.00,0.00,0.00,45,111,594,160,49
795,597320,Harry,Howell,2562167,0,False,0,0,0,0,0,0,0,0,0,0,0,0,0,0.0,0.0,0.0,0.0,0,0,0,0,0,0.00,0.00,0.00,0.00,45,28,647,75,47
795,597320,Harry,Howell,2562177,1,False,13,0,0,0,0,0,0,0,0,0,0,0,2,3.0,0.7,0.0,0.4,1,1,1,3,0,0.00,0.00,0.00,0.04,45,5,662,59,54
795,597320,Harry,Howell,2562193,0,False,0,0,0,0,0,0,0,0,0,0,0,0,0,0.0,0.0,0.0,0.0,0,0,0,0,0,0.00,0.00,0.00,0.00,45,50,750,88,38
795,597320,Harry,Howell,2562197,0,False,0,0,0,0,0,0,0,0,0,0,0,0,0,0.0,0.0,0.0,0.0,0,0,0,0,0,0.00,0.00,0.00,0.00,45,-28,716,21,49
795,597320,Harry,Howell,2562207,0,False,0,0,0,0,0,0,0,0,0,0,0,0,0,0.0,0.0,0.0,0.0,0,0,0,0,0,0.00,0.00,0.00,0.00,45,13,796,52,39
795,597320,Harry,Howell,2562224,0,False,0,0,0,0,0,0,0,0,0,0,0,0,0,0.0,0.0,0.0,0.0,0,0,0,0,0,0.00,0.00,0.00,0.00,45,11,826,52,41
795,597320,Harry,Howell,2562227,0,False,0,0,0,0,0,0,0,0,0,0,0,0,0,0.0,0.0,0.0,0.0,0,0,0,0,0,0.00,0.00,0.00,0.00,45,11,826,52,41
795,597320,Harry,Howell,2562243,0,False,0,0,0,0,0,0,0,0,0,0,0,0,0,0.0,0.0,0.0,0.0,0,0,0,0,0,0.00,0.00,0.00,0.00,45,15,811,45,30
795,597320,Harry,Howell,2562245,0,False,0,0,0,0,0,0,0,0,0,0,0,0,0,0.0,0.0,0.0,0.0,0,0,0,0,0,0.00,0.00,0.00,0.00,45,14,847,54,40
795,597320,Harry,Howell,2562261,0,False,0,0,0,0,0,0,0,0,0,0,0,0,0,0.0,0.0,0.0,0.0,0,0,0,0,0,0.00,0.00,0.00,0.00,45,14,871,44,30
795,597320,Harry,Howell,2562265,0,False,0,0,0,0,0,0,0,0,0,0,0,0,0,0.0,0.0,0.0,0.0,0,0,0,0,0,0.00,0.00,0.00,0.00,45,10,897,51,41
