season,matchId,gameweek,team_id,team,venue,playerId,pl_code,playerName,slug,position,substitute,accurateCross,accurateKeeperSweeper,accurateLongBalls,accurateOppositionHalfPasses,accurateOwnHalfPasses,accuratePass,aerialLost,aerialWon,ballRecovery,bigChanceCreated,bigChanceMissed,blockedScoringAttempt,challengeLost,clearanceOffLine,crossNotClaimed,dispossessed,duelLost,duelWon,errorLeadToAGoal,errorLeadToAShot,fouls,goalAssist,goals,goalsPrevented,goodHighClaim,hitWoodwork,interceptionWon,keyPass,lastManTackle,minutesPlayed,onTargetScoringAttempt,outfielderBlock,ownGoals,penaltyConceded,penaltyFaced,penaltyWon,possessionLostCtrl,punches,rating,savedShotsFromInsideTheBox,saves,shotOffTarget,substitute.1,totalClearance,totalContest,totalCross,totalKeeperSweeper,totalLongBalls,totalOffside,totalOppositionHalfPasses,totalOwnHalfPasses,totalPass,totalShots,totalTackle,touches,unsuccessfulTouch,wasFouled,wonContest,wonTackle
2021-22,9576403,1,39,Wolverhampton_Wanderers,Away,1131,19236,John Ruddy,john-ruddy,G,True,,,,,,,,,,,,,,,,,,,,,,,,,,,,,,,,,,,,,,,,,,,,,,,,,,,,,0,,,,,,
2021-22,9576403,1,39,Wolverhampton_Wanderers,Away,6562,19624,João Moutinho,joao-moutinho,M,False,,,5.0,18.0,15.0,33.0,,,8.0,1.0,,,1.0,,,,3.0,3.0,,,2.0,,,,,,1.0,1.0,,66.0,,,,,,,6.0,,7.4,,,1.0,,1.0,,,,7.0,,22.0,16.0,38.0,1,3.0,46.0,1.0,,,2.0
2021-22,9576403,1,39,Wolverhampton_Wanderers,Away,98449,94147,Conor Coady,conor-coady,D,False,,,3.0,5.0,43.0,48.0,1.0,1.0,9.0,,,,,,,,1.0,2.0,,,,,,,,,1.0,,1.0,90.0,,,,,,,7.0,,6.9,,,,,1.0,,,,5.0,1.0,9.0,45.0,54.0,0,1.0,59.0,1.0,,,1.0
2021-22,9576403,1,39,Wolverhampton_Wanderers,Away,143593,111291,Marçal,marcal,D,False,3.0,,2.0,20.0,17.0,34.0,1.0,,7.0,,,,1.0,,,,4.0,3.0,,,2.0,,,,,,1.0,1.0,,90.0,,,,,,,14.0,,7.2,,,,,1.0,,5.0,,2.0,,27.0,21.0,43.0,0,2.0,69.0,2.0,1.0,,
2021-22,9576403,1,39,Wolverhampton_Wanderers,Away,187729,107613,Romain Saïss,romain-saiss,D,False,,,4.0,26.0,29.0,55.0,1.0,3.0,3.0,,,,,,,,1.0,3.0,,,,,,,,,2.0,1.0,,90.0,,,,,,,10.0,,6.8,,,,,4.0,,,,10.0,,31.0,33.0,64.0,0,,72.0,1.0,,,
2021-22,9576403,1,39,Wolverhampton_Wanderers,Away,190405,151589,Leander Dendoncker,leander-dendoncker,M,True,,,,4.0,5.0,9.0,,,3.0,,,,2.0,,,,2.0,3.0,,,,,,,,,,,,24.0,,1.0,,,,,1.0,,6.8,,,,,,,,,,,4.0,6.0,10.0,0,3.0,15.0,,,,1.0
2021-22,9576403,1,39,Wolverhampton_Wanderers,Away,192442,102057,Raúl Jiménez,raul-jimenez,F,False,,,,12.0,5.0,17.0,1.0,2.0,,,,,,,,2.0,5.0,6.0,,,1.0,,,,,,,3.0,,90.0,,,,,,,16.0,,7.1,,,3.0,,1.0,3.0,1.0,,,2.0,17.0,7.0,23.0,3,,41.0,4.0,2.0,2.0,
2021-22,9576403,1,39,Wolverhampton_Wanderers,Away,252669,149065,José Sá,jose-sa,G,False,,,4.0,2.0,12.0,14.0,,,11.0,,,,,,,,,,,,,,,,,,,,,90.0,,,,,,,4.0,,7.2,2.0,4.0,,,,,,,6.0,,3.0,13.0,16.0,0,,27.0,,,,
2021-22,9576403,1,39,Wolverhampton_Wanderers,Away,252821,200402,Nélson Semedo,nelson-semedo,D,True,,,,,,,,,,,,,,,,,,,,,,,,,,,,,,,,,,,,,,,,,,,,,,,,,,,,,0,,,,,,
2021-22,9576403,1,39,Wolverhampton_Wanderers,Away,280955,171317,Rúben Neves,ruben-neves,M,False,2.0,,6.0,22.0,15.0,35.0,,1.0,5.0,,,,2.0,,,,2.0,2.0,,,,,,,,,1.0,2.0,,90.0,,,,,,,10.0,,7.1,,,1.0,,2.0,,3.0,,7.0,,25.0,21.0,43.0,1,1.0,52.0,1.0,,,
2021-22,9576403,1,39,Wolverhampton_Wanderers,Away,286165,159533,Adama Traoré,adama-traore,F,False,,,2.0,18.0,2.0,20.0,1.0,3.0,7.0,,1.0,4.0,,,,1.0,6.0,16.0,,,,,,,,,1.0,1.0,,90.0,1.0,,,,,,17.0,,7.4,,,1.0,,,15.0,2.0,,2.0,1.0,25.0,4.0,27.0,6,2.0,62.0,3.0,,11.0,1.0
2021-22,9576403,1,39,Wolverhampton_Wanderers,Away,830431,222564,Francisco Trincão,francisco-trincao,M,False,,,,13.0,4.0,17.0,3.0,,3.0,,,1.0,,,,1.0,10.0,6.0,,,1.0,,,,,,2.0,2.0,,86.0,1.0,,,,,,14.0,,6.9,,,,,,10.0,1.0,,,,18.0,4.0,21.0,2,1.0,41.0,1.0,,5.0,1.0
2021-22,9576403,1,39,Wolverhampton_Wanderers,Away,865912,222531,Morgan Gibbs-White,morgan-gibbs-white,M,True,,,,3.0,1.0,4.0,2.0,,1.0,,,1.0,,,,,3.0,,,,1.0,,,,,,,,,8.0,,,,,,,2.0,,6.4,,,,,,,1.0,,,,5.0,1.0,5.0,1,,8.0,,,,
2021-22,9576403,1,39,Wolverhampton_Wanderers,Away,894474,214048,Max Kilman,max-kilman,D,False,,,9.0,21.0,31.0,52.0,,1.0,3.0,,,1.0,,,,,,5.0,,,,,,,,,2.0,,,89.0,1.0,,,,,,14.0,,7.5,,,,,5.0,1.0,,,17.0,,29.0,34.0,63.0,2,3.0,82.0,2.0,,1.0,2.0
2021-22,9576403,1,39,Wolverhampton_Wanderers,Away,931278,448514,Rayan Aït-Nouri,rayan-ait-nouri,D,True,,,,,,,,,,,,,,,,,,,,,,,,,,,,,,,,,,,,,,,,,,,,,,,,,,,,,0,,,,,,
2021-22,9576403,1,39,Wolverhampton_Wanderers,Away,954044,441271,Ki-Jana Hoever,ki-jana-hoever,D,False,1.0,,1.0,15.0,14.0,28.0,,1.0,5.0,,,,1.0,,,,5.0,10.0,,,3.0,,,,,,2.0,1.0,,90.0,,,,,,,13.0,,7.4,,,1.0,,1.0,3.0,3.0,,2.0,,22.0,17.0,36.0,1,4.0,71.0,,3.0,2.0,2.0
2021-22,9576403,1,39,Wolverhampton_Wanderers,Away,954076,449988,Fábio Silva,fabio-silva,F,True,,,,,,,,,,,,,,,,,,,,,,,,,,,,,,1.0,,,,,,,,,,,,,,,,,,,,,,,0,,,,,,
2021-22,9576403,1,39,Wolverhampton_Wanderers,Away,988964,481626,Christian Marques,christian-marques,D,True,,,,,,,,,,,,,,,,,,,,,,,,,,,,,,,,,,,,,,,,,,,,,,,,,,,,,0,,,,,,
2021-22,9576403,1,39,Wolverhampton_Wanderers,Away,988966,245923,Luke Cundle,luke-cundle,M,True,,,,,,,,,,,,,,,,,,,,,,,,,,,,,,,,,,,,,,,,,,,,,,,,,,,,,0,,,,,,
2021-22,9576403,1,39,Wolverhampton_Wanderers,Away,1177311,461026,Chem Campbell,chem-campbell,M,True,,,,,,,,,,,,,,,,,,,,,,,,,,,,,,,,,,,,,,,,,,,,,,,,,,,,,0,,,,,,
2021-22,9576150,2,39,Wolverhampton_Wanderers,Home,1131,19236,John Ruddy,john-ruddy,G,True,,,,,,,,,,,,,,,,,,,,,,,,,,,,,,,,,,,,,,,,,,,,,,,,,,,,,0,,,,,,
2021-22,9576150,2,39,Wolverhampton_Wanderers,Home,6562,19624,João Moutinho,joao-moutinho,M,False,1.0,,4.0,25.0,8.0,32.0,1.0,1.0,6.0,,,,2.0,,,2.0,7.0,4.0,,,2.0,,,,,,1.0,3.0,,72.0,,,,,,,9.0,,6.9,,,1.0,,,1.0,1.0,,5.0,,30.0,10.0,39.0,1,2.0,48.0,,,1.0,2.0
2021-22,9576150,2,39,Wolverhampton_Wanderers,Home,98449,94147,Conor Coady,conor-coady,D,False,,,6.0,9.0,30.0,39.0,1.0,4.0,1.0,,,,1.0,,,,2.0,6.0,,,,,,,,,3.0,,1.0,90.0,,,,,,,8.0,,7.0,,,,,2.0,,,,11.0,,16.0,31.0,47.0,0,2.0,54.0,,,,2.0
2021-22,9576150,2,39,Wolverhampton_Wanderers,Home,143593,111291,Marçal,marcal,D,False,2.0,,4.0,26.0,18.0,42.0,,2.0,6.0,,,,1.0,,,1.0,2.0,7.0,,,,,,,,,3.0,1.0,,90.0,,,,,,,19.0,,7.4,,,1.0,,1.0,,10.0,,7.0,,41.0,20.0,51.0,1,4.0,86.0,,1.0,,3.0
2021-22,9576150,2,39,Wolverhampton_Wanderers,Home,187729,107613,Romain Saïss,romain-saiss,D,False,,,5.0,24.0,22.0,46.0,1.0,2.0,7.0,,,,,,,,2.0,5.0,,,1.0,,,,,,2.0,1.0,,84.0,,,,,,,11.0,,7.2,,,1.0,,1.0,,1.0,,10.0,,32.0,24.0,55.0,1,3.0,66.0,,,,3.0
2021-22,9576150,2,39,Wolverhampton_Wanderers,Home,190405,151589,Leander Dendoncker,leander-dendoncker,M,True,,,1.0,3.0,6.0,9.0,,1.0,2.0,,,,,,,,,2.0,,,,,,,,,,,,18.0,,,,,,,2.0,,6.9,,,1.0,,1.0,,,,1.0,,4.0,6.0,10.0,1,1.0,14.0,1.0,,,1.0
2021-22,9576150,2,39,Wolverhampton_Wanderers,Home,192442,102057,Raúl Jiménez,raul-jimenez,F,False,,,1.0,15.0,6.0,21.0,3.0,1.0,1.0,,,4.0,,,,4.0,11.0,3.0,,,3.0,,,,,,,4.0,,90.0,,,,,,,13.0,,6.8,,,1.0,,,2.0,,,1.0,1.0,18.0,7.0,25.0,5,,46.0,4.0,1.0,1.0,
2021-22,9576150,2,39,Wolverhampton_Wanderers,Home,252669,149065,José Sá,jose-sa,G,False,,3.0,1.0,1.0,12.0,13.0,,,7.0,,,,,,,,1.0,,,,1.0,,,,,,,,,90.0,,,,1.0,1.0,,2.0,,7.1,4.0,5.0,,,,,,3.0,3.0,,3.0,12.0,15.0,0,,24.0,,,,
2021-22,9576150,2,39,Wolverhampton_Wanderers,Home,252821,200402,Nélson Semedo,nelson-semedo,D,False,,,2.0,24.0,15.0,39.0,2.0,1.0,5.0,,,,1.0,,,,4.0,7.0,,1.0,,,,,,,,2.0,,90.0,,1.0,,,,,22.0,,7.2,,,2.0,,1.0,4.0,8.0,,3.0,,39.0,15.0,46.0,2,3.0,89.0,3.0,,3.0,
2021-22,9576150,2,39,Wolverhampton_Wanderers,Home,280955,171317,Rúben Neves,ruben-neves,M,False,2.0,,16.0,42.0,17.0,57.0,2.0,,7.0,1.0,,2.0,1.0,,,1.0,6.0,7.0,,,2.0,,,,,,,5.0,,90.0,1.0,,,,,,19.0,,8.7,,,1.0,,1.0,1.0,5.0,,19.0,,55.0,20.0,70.0,4,6.0,93.0,2.0,,1.0,4.0
2021-22,9576150,2,39,Wolverhampton_Wanderers,Home,286165,159533,Adama Traoré,adama-traore,F,False,3.0,,2.0,26.0,3.0,26.0,,3.0,4.0,,1.0,2.0,,,,4.0,5.0,17.0,,,,,,,,,,4.0,,90.0,1.0,,,,,,16.0,,7.8,,,1.0,,,10.0,5.0,,3.0,1.0,35.0,4.0,34.0,4,1.0,66.0,1.0,4.0,9.0,
2021-22,9576150,2,39,Wolverhampton_Wanderers,Home,830431,222564,Francisco Trincão,francisco-trincao,M,False,1.0,,1.0,19.0,4.0,22.0,1.0,,4.0,,,1.0,,,,2.0,4.0,2.0,,,,,,,,,1.0,2.0,,84.0,3.0,,,,,,13.0,,7.3,,,,,,2.0,4.0,,1.0,,24.0,4.0,24.0,4,1.0,47.0,5.0,,1.0,1.0
2021-22,9576150,2,39,Wolverhampton_Wanderers,Home,865912,222531,Morgan Gibbs-White,morgan-gibbs-white,M,True,,,,,,,,,,,,,,,,,,,,,,,,,,,,,,,,,,,,,,,,,,,,,,,,,,,,,0,,,,,,
2021-22,9576150,2,39,Wolverhampton_Wanderers,Home,894474,214048,Max Kilman,max-kilman,D,False,,,2.0,16.0,30.0,46.0,1.0,1.0,7.0,,,,3.0,,,,4.0,8.0,,,,,,,,,4.0,1.0,,90.0,,1.0,,,,,6.0,,7.4,,,,,,1.0,1.0,,5.0,,18.0,34.0,51.0,0,6.0,68.0,,,1.0,2.0
2021-22,9576150,2,39,Wolverhampton_Wanderers,Home,931278,448514,Rayan Aït-Nouri,rayan-ait-nouri,D,True,,,,2.0,,2.0,,,1.0,,,1.0,,,,,,2.0,,,,,,,,,,,,10.0,,,,,,,1.0,,6.7,,,,,,2.0,,,,,3.0,,3.0,1,,6.0,,,2.0,
2021-22,9576150,2,39,Wolverhampton_Wanderers,Home,954044,441271,Ki-Jana Hoever,ki-jana-hoever,D,True,,,,,,,,,,,,,,,,,,,,,,,,,,,,,,,,,,,,,,,,,,,,,,,,,,,,,0,,,,,,
2021-22,9576150,2,39,Wolverhampton_Wanderers,Home,954076,449988,Fábio Silva,fabio-silva,F,True,,,,,,,,1.0,,,,,,,,,,2.0,,,,,,,,,,,,10.0,1.0,,,,,,,,6.8,,,,,,,,,,,,,,1,,2.0,,1.0,,
2021-22,9576150,2,39,Wolverhampton_Wanderers,Home,988964,481626,Christian Marques,christian-marques,D,True,,,,,,,,,,,,,,,,,,,,,,,,,,,,,,,,,,,,,,,,,,,,,,,,,,,,,0,,,,,,
2021-22,9576150,2,39,Wolverhampton_Wanderers,Home,988966,245923,Luke Cundle,luke-cundle,M,True,,,,,,,,,,,,,,,,,,,,,,,,,,,,,,,,,,,,,,,,,,,,,,,,,,,,,0,,,,,,
2021-22,9576150,2,39,Wolverhampton_Wanderers,Home,1177311,461026,Chem Campbell,chem-campbell,M,True,,,,,,,,,,,,,,,,,,,,,,,,,,,,,,,,,,,,,,,,,,,,,,,,,,,,,0,,,,,,
2021-22,9576382,3,39,Wolverhampton_Wanderers,Home,1131,19236,John Ruddy,john-ruddy,G,True,,,,,,,,,,,,,,,,,,,,,,,,,,,,,,,,,,,,,,,,,,,,,,,,,,,,,0,,,,,,
2021-22,9576382,3,39,Wolverhampton_Wanderers,Home,6562,19624,João Moutinho,joao-moutinho,M,False,1.0,,3.0,21.0,21.0,41.0,1.0,,3.0,,,,,,,,2.0,3.0,,,1.0,,,,,,,1.0,,90.0,,,,,,,13.0,,7.1,,,1.0,,,,6.0,,5.0,,30.0,23.0,47.0,1,3.0,61.0,,,,1.0
2021-22,9576382,3,39,Wolverhampton_Wanderers,Home,98449,94147,Conor Coady,conor-coady,D,False,,,3.0,3.0,27.0,30.0,,4.0,4.0,,,,1.0,,,,2.0,4.0,,,1.0,,,,,,2.0,,,87.0,,,,,,,3.0,,6.7,,,1.0,,3.0,,,,5.0,,4.0,29.0,33.0,1,,41.0,,,,
2021-22,9576382,3,39,Wolverhampton_Wanderers,Home,139310,90585,Willy Boly,willy-boly,D,True,,,,,,,,,,,,,,,,,,,,,,,,,,,,,,,,,,,,,,,,,,,,,,,,,,,,,0,,,,,,
2021-22,9576382,3,39,Wolverhampton_Wanderers,Home,143593,111291,Marçal,marcal,D,False,,,1.0,20.0,15.0,35.0,,,8.0,,,,1.0,,,2.0,4.0,4.0,,,1.0,,,,,,1.0,,,90.0,,,,,,,18.0,,6.8,,,,,4.0,,4.0,,3.0,,29.0,18.0,43.0,0,4.0,67.0,,,,2.0
2021-22,9576382,3,39,Wolverhampton_Wanderers,Home,187729,107613,Romain Saïss,romain-saiss,D,False,,,3.0,10.0,23.0,33.0,2.0,2.0,5.0,,1.0,,,,,,2.0,4.0,,,,,,,,,1.0,,,90.0,2.0,1.0,,,,,10.0,,7.0,,,,,7.0,,,,9.0,,17.0,26.0,43.0,2,1.0,58.0,,1.0,,1.0
2021-22,9576382,3,39,Wolverhampton_Wanderers,Home,190405,151589,Leander Dendoncker,leander-dendoncker,M,True,,,,,,,,,,,,,,,,,,,,,,,,,,,,,,,,,,,,,,,,,,,,,,,,,,,,,0,,,,,,
2021-22,9576382,3,39,Wolverhampton_Wanderers,Home,192442,102057,Raúl Jiménez,raul-jimenez,F,False,,,2.0,19.0,8.0,27.0,4.0,4.0,3.0,,,2.0,,,,,5.0,6.0,,,,,,,,,1.0,3.0,,90.0,1.0,,,,,,14.0,,7.2,,,1.0,,1.0,1.0,,,4.0,1.0,25.0,13.0,38.0,4,,50.0,2.0,2.0,,
2021-22,9576382,3,39,Wolverhampton_Wanderers,Home,252669,149065,José Sá,jose-sa,G,False,,2.0,5.0,5.0,6.0,11.0,,,10.0,,,,,,,,,,1.0,,,,,,2.0,,,,,90.0,,,,,,,5.0,,6.0,1.0,2.0,,,,,,2.0,9.0,,8.0,8.0,16.0,0,,27.0,,,,
2021-22,9576382,3,39,Wolverhampton_Wanderers,Home,252821,200402,Nélson Semedo,nelson-semedo,D,False,,,,17.0,14.0,31.0,1.0,1.0,3.0,,,,,,,,2.0,3.0,,,1.0,,,,,,,1.0,,90.0,,,,,,,9.0,,6.7,,,,,4.0,,1.0,,3.0,1.0,24.0,16.0,39.0,0,1.0,56.0,,1.0,,1.0
2021-22,9576382,3,39,Wolverhampton_Wanderers,Home,280955,171317,Rúben Neves,ruben-neves,M,False,,,8.0,23.0,30.0,53.0,1.0,1.0,10.0,,,,1.0,,,,5.0,4.0,,,1.0,,,,,,1.0,1.0,,90.0,1.0,,,,,,17.0,,7.2,,,1.0,,1.0,3.0,,,10.0,,28.0,36.0,64.0,2,2.0,80.0,2.0,,1.0,
2021-22,9576382,3,39,Wolverhampton_Wanderers,Home,286165,159533,Adama Traoré,adama-traore,F,False,1.0,,,14.0,9.0,22.0,,2.0,7.0,1.0,,1.0,,,,2.0,3.0,12.0,,,,,,,,,,4.0,,87.0,1.0,,,,,,17.0,,8.0,,,,,,9.0,5.0,,,2.0,21.0,10.0,26.0,2,1.0,54.0,6.0,1.0,8.0,1.0
2021-22,9576382,3,39,Wolverhampton_Wanderers,Home,308764,200600,Daniel Podence,daniel-podence,M,True,,,1.0,1.0,2.0,3.0,,,3.0,,,,,,,,,3.0,,,,,,,,,,,,20.0,,,,,,,2.0,,6.7,,,,,,1.0,1.0,,1.0,,3.0,2.0,4.0,0,,8.0,,2.0,1.0,
2021-22,9576382,3,39,Wolverhampton_Wanderers,Home,830431,222564,Francisco Trincão,francisco-trincao,M,False,,,,19.0,7.0,26.0,,1.0,6.0,,2.0,,1.0,,,,1.0,9.0,,,,,,,,,1.0,,,70.0,1.0,,,,,,8.0,,6.7,,,1.0,,,3.0,1.0,,,,24.0,9.0,32.0,2,3.0,45.0,,2.0,3.0,2.0
2021-22,9576382,3,39,Wolverhampton_Wanderers,Home,865912,222531,Morgan Gibbs-White,morgan-gibbs-white,M,True,,,,2.0,1.0,3.0,,,1.0,,,,,,,,1.0,,,,1.0,,,,,,,,,10.0,,,,,,,1.0,,6.6,,,1.0,,,,,,,,2.0,2.0,4.0,1,,6.0,,,,
2021-22,9576382,3,39,Wolverhampton_Wanderers,Home,894474,214048,Max Kilman,max-kilman,D,False,,,1.0,7.0,27.0,34.0,,,6.0,,,,,,,,1.0,2.0,,,1.0,,,,,,,,,90.0,,1.0,,,,,3.0,,6.8,,,,,,1.0,,,1.0,,9.0,27.0,36.0,0,1.0,44.0,1.0,,1.0,1.0
2021-22,9576382,3,39,Wolverhampton_Wanderers,Home,931278,448514,Rayan Aït-Nouri,rayan-ait-nouri,D,True,,,,,,,,,,,,,,,,,,,,,,,,,,,,,,,,,,,,,,,,,,,,,,,,,,,,,0,,,,,,
2021-22,9576382,3,39,Wolverhampton_Wanderers,Home,954044,441271,Ki-Jana Hoever,ki-jana-hoever,D,True,,,,,,,,,,,,,,,,,,,,,,,,,,,,,,,,,,,,,,,,,,,,,,,,,,,,,0,,,,,,
2021-22,9576382,3,39,Wolverhampton_Wanderers,Home,954076,449988,Fábio Silva,fabio-silva,F,True,,,,,,,2.0,,,,,,,,,,2.0,,,,,,,,,,,,,10.0,,,,,,,2.0,,6.4,,,,,,,,,,1.0,2.0,,2.0,0,,2.0,,,,
2021-22,9576382,3,39,Wolverhampton_Wanderers,Home,988966,245923,Luke Cundle,luke-cundle,M,True,,,,,,,,,,,,,,,,,,,,,,,,,,,,,,,,,,,,,,,,,,,,,,,,,,,,,0,,,,,,
2021-22,9576166,4,39,Wolverhampton_Wanderers,Away,1131,19236,John Ruddy,john-ruddy,G,True,,,,,,,,,,,,,,,,,,,,,,,,,,,,,,,,,,,,,,,,,,,,,,,,,,,,,0,,,,,,
2021-22,9576166,4,39,Wolverhampton_Wanderers,Away,6562,19624,João Moutinho,joao-moutinho,M,False,4.0,,3.0,24.0,25.0,45.0,,,4.0,1.0,,,2.0,,,,2.0,1.0,,,,,,,,,1.0,4.0,,90.0,,,,,,,5.0,,7.6,,,1.0,,,1.0,6.0,,5.0,,29.0,25.0,48.0,1,,59.0,,,1.0,
2021-22,9576166,4,39,Wolverhampton_Wanderers,Away,98449,94147,Conor Coady,conor-coady,D,False,,,8.0,17.0,38.0,55.0,3.0,,2.0,,,,,,,,3.0,,,,,,,,,,,,,90.0,,,,,,,3.0,,7.1,,,1.0,,3.0,,,,9.0,,19.0,39.0,58.0,1,,63.0,,,,
2021-22,9576166,4,39,Wolverhampton_Wanderers,Away,139310,90585,Willy Boly,willy-boly,D,True,,,,,,,,,,,,,,,,,,,,,,,,,,,,,,,,,,,,,,,,,,,,,,,,,,,,,0,,,,,,
2021-22,9576166,4,39,Wolverhampton_Wanderers,Away,143593,111291,Marçal,marcal,D,False,,,,21.0,18.0,39.0,1.0,1.0,5.0,,1.0,1.0,1.0,,,1.0,7.0,6.0,,,3.0,,,,,,2.0,,,90.0,,,,,,,14.0,,6.9,,,1.0,,,1.0,4.0,,2.0,,30.0,19.0,45.0,2,4.0,73.0,1.0,1.0,,2.0
2021-22,9576166,4,39,Wolverhampton_Wanderers,Away,187729,107613,Romain Saïss,romain-saiss,D,False,,,1.0,27.0,30.0,57.0,3.0,1.0,2.0,,,,1.0,,,,5.0,4.0,,,1.0,,,,,,2.0,,,90.0,1.0,,,,,,6.0,,7.0,,,,,4.0,1.0,,,5.0,,28.0,34.0,62.0,1,,76.0,,2.0,1.0,
2021-22,9576166,4,39,Wolverhampton_Wanderers,Away,190405,151589,Leander Dendoncker,leander-dendoncker,M,True,,,,,,,,,,,,,,,,,,,,,,,,,,,,,,,,,,,,,,,,,,,,,,,,,,,,,0,,,,,,
2021-22,9576166,4,39,Wolverhampton_Wanderers,Away,192442,102057,Raúl Jiménez,raul-jimenez,F,False,,,1.0,12.0,10.0,22.0,1.0,,2.0,1.0,1.0,,1.0,,,1.0,6.0,2.0,,,2.0,,,,,,1.0,2.0,,90.0,,,,,,,14.0,,6.7,,,1.0,,1.0,1.0,,,1.0,1.0,19.0,10.0,29.0,1,1.0,45.0,5.0,1.0,,1.0
2021-22,9576166,4,39,Wolverhampton_Wanderers,Away,252669,149065,José Sá,jose-sa,G,False,,1.0,2.0,1.0,9.0,10.0,,,7.0,,,,,,,,,,,,,,,,,,,,,90.0,,,,,,,2.0,,7.5,2.0,2.0,,,1.0,,,1.0,4.0,,3.0,9.0,12.0,0,,20.0,,,,
2021-22,9576166,4,39,Wolverhampton_Wanderers,Away,252821,200402,Nélson Semedo,nelson-semedo,D,False,,,,23.0,12.0,35.0,1.0,1.0,4.0,,2.0,1.0,1.0,,,2.0,8.0,5.0,,,2.0,,,,,,2.0,,,90.0,1.0,,,,,,15.0,,6.1,,,1.0,,3.0,2.0,,,2.0,,27.0,14.0,41.0,3,3.0,70.0,5.0,1.0,,3.0
2021-22,9576166,4,39,Wolverhampton_Wanderers,Away,280955,171317,Rúben Neves,ruben-neves,M,False,,,9.0,33.0,31.0,64.0,2.0,,9.0,,,1.0,4.0,,,,6.0,7.0,,,,,,,,,1.0,1.0,,90.0,,,,,,,11.0,,7.3,,,1.0,,1.0,1.0,2.0,,14.0,,42.0,32.0,72.0,2,5.0,89.0,,1.0,1.0,3.0
2021-22,9576166,4,39,Wolverhampton_Wanderers,Away,286165,159533,Adama Traoré,adama-traore,F,False,1.0,,,12.0,6.0,17.0,,,3.0,,,,1.0,,,2.0,4.0,13.0,,,,,,,,,,2.0,,81.0,,,,,,,12.0,,7.5,,,,,,11.0,1.0,,,1.0,16.0,7.0,22.0,0,,46.0,2.0,3.0,10.0,
2021-22,9576166,4,39,Wolverhampton_Wanderers,Away,308764,200600,Daniel Podence,daniel-podence,M,True,,,,6.0,1.0,7.0,,,,1.0,,,,,,1.0,1.0,1.0,,,,,,,,,,1.0,,9.0,,,,,,,3.0,,6.9,,,,,,1.0,,,,,7.0,1.0,8.0,0,,12.0,1.0,,1.0,
2021-22,9576166,4,39,Wolverhampton_Wanderers,Away,786186,184754,Hwang Hee-chan,hwang-hee-chan,F,True,,,,3.0,4.0,7.0,,,3.0,,,,3.0,,,,6.0,5.0,,,1.0,,1.0,,,,,,,27.0,1.0,,,,,,3.0,,7.2,,,,,1.0,3.0,,,,,3.0,5.0,8.0,1,3.0,18.0,,1.0,1.0,3.0
2021-22,9576166,4,39,Wolverhampton_Wanderers,Away,830431,222564,Francisco Trincão,francisco-trincao,M,False,,,2.0,9.0,3.0,12.0,,1.0,3.0,1.0,,,,,,2.0,8.0,7.0,,,3.0,,,,,,,1.0,,63.0,2.0,,,,,,10.0,,7.4,,,,,,7.0,2.0,,2.0,,13.0,3.0,14.0,2,,33.0,1.0,2.0,4.0,
2021-22,9576166,4,39,Wolverhampton_Wanderers,Away,894474,214048,Max Kilman,max-kilman,D,False,,,1.0,25.0,33.0,58.0,1.0,1.0,7.0,,,,,,,,3.0,5.0,,,1.0,,,,,,,,,90.0,,,,,,,10.0,,7.1,,,,,4.0,1.0,,,2.0,,28.0,38.0,66.0,0,3.0,76.0,1.0,1.0,,1.0
2021-22,9576166,4,39,Wolverhampton_Wanderers,Away,931278,448514,Rayan Aït-Nouri,rayan-ait-nouri,D,True,,,,,,,,,,,,,,,,,,,,,,,,,,,,,,,,,,,,,,,,,,,,,,,,,,,,,0,,,,,,
2021-22,9576166,4,39,Wolverhampton_Wanderers,Away,954044,441271,Ki-Jana Hoever,ki-jana-hoever,D,True,,,,,,,,,,,,,,,,,,,,,,,,,,,,,,,,,,,,,,,,,,,,,,,,,,,,,0,,,,,,
2021-22,9576166,4,39,Wolverhampton_Wanderers,Away,954076,449988,Fábio Silva,fabio-silva,F,True,,,,,,,,,,,,,,,,,,,,,,,,,,,,,,,,,,,,,,,,,,,,,,,,,,,,,0,,,,,,
2021-22,9576166,4,39,Wolverhampton_Wanderers,Away,1014835,501837,Yerson Mosquera,yerson-mosquera,D,True,,,,,,,,,,,,,,,,,,,,,,,,,,,,,,,,,,,,,,,,,,,,,,,,,,,,,0,,,,,,
2021-22,9576397,5,39,Wolverhampton_Wanderers,Home,1131,19236,John Ruddy,john-ruddy,G,True,,,,,,,,,,,,,,,,,,,,,,,,,,,,,,,,,,,,,,,,,,,,,,,,,,,,,0,,,,,,
2021-22,9576397,5,39,Wolverhampton_Wanderers,Home,6562,19624,João Moutinho,joao-moutinho,M,False,1.0,,3.0,43.0,17.0,59.0,1.0,,5.0,,,,2.0,,,,4.0,1.0,,,1.0,,,,,,1.0,,,90.0,,,,,,,12.0,,6.7,,,,,,,4.0,,3.0,,52.0,19.0,67.0,0,1.0,80.0,1.0,,,1.0
2021-22,9576397,5,39,Wolverhampton_Wanderers,Home,98449,94147,Conor Coady,conor-coady,D,False,,,4.0,25.0,30.0,55.0,5.0,1.0,6.0,,,,,,,,7.0,5.0,,,2.0,,,,,,1.0,,,90.0,,,,,,,4.0,,6.8,,,,,2.0,,,,5.0,,28.0,31.0,59.0,0,4.0,67.0,,,,1.0
2021-22,9576397,5,39,Wolverhampton_Wanderers,Home,139310,90585,Willy Boly,willy-boly,D,True,,,,,,,,,,,,,,,,,,,,,,,,,,,,,,,,,,,,,,,,,,,,,,,,,,,,,0,,,,,,
2021-22,9576397,5,39,Wolverhampton_Wanderers,Home,143593,111291,Marçal,marcal,D,False,,,,19.0,14.0,33.0,,3.0,5.0,,,,1.0,,,,3.0,6.0,,,1.0,,,,,,,,,72.0,,,,1.0,,,14.0,,6.4,,,2.0,,,1.0,3.0,,2.0,,29.0,16.0,42.0,2,2.0,63.0,1.0,1.0,,2.0
2021-22,9576397,5,39,Wolverhampton_Wanderers,Home,187729,107613,Romain Saïss,romain-saiss,D,False,,,,21.0,13.0,34.0,,2.0,,,,,,,,,2.0,2.0,,,2.0,,,,,,2.0,,,45.0,,,,,,,6.0,,6.4,,,1.0,,3.0,,,,2.0,,25.0,15.0,40.0,1,,46.0,,,,
2021-22,9576397,5,39,Wolverhampton_Wanderers,Home,190405,151589,Leander Dendoncker,leander-dendoncker,M,True,,,,,,,,,,,,,,,,,,,,,,,,,,,,,,,,,,,,,,,,,,,,,,,,,,,,,0,,,,,,
2021-22,9576397,5,39,Wolverhampton_Wanderers,Home,192442,102057,Raúl Jiménez,raul-jimenez,F,False,,,,8.0,6.0,14.0,2.0,1.0,,1.0,1.0,,1.0,,,1.0,9.0,2.0,,,3.0,,,,,,,3.0,,90.0,,,,,,,12.0,,6.4,,,1.0,,,2.0,1.0,,,1.0,14.0,6.0,19.0,1,1.0,30.0,2.0,,,
2021-22,9576397,5,39,Wolverhampton_Wanderers,Home,252669,149065,José Sá,jose-sa,G,False,,1.0,4.0,3.0,19.0,22.0,,,8.0,,,,,,,,,1.0,,,,,,,1.0,,,,,90.0,,,,,1.0,,9.0,,6.1,1.0,1.0,,,,1.0,,1.0,11.0,,9.0,20.0,29.0,0,,36.0,,,1.0,
2021-22,9576397,5,39,Wolverhampton_Wanderers,Home,252821,200402,Nélson Semedo,nelson-semedo,D,False,,,1.0,28.0,13.0,41.0,,2.0,5.0,,,1.0,,,,1.0,1.0,5.0,,,,,,,,,,,,82.0,,,,,,,5.0,,6.8,,,,,1.0,2.0,,,1.0,,29.0,16.0,45.0,1,1.0,61.0,,,2.0,
2021-22,9576397,5,39,Wolverhampton_Wanderers,Home,280955,171317,Rúben Neves,ruben-neves,M,False,1.0,,10.0,45.0,19.0,63.0,,,12.0,,,,1.0,,,1.0,3.0,3.0,,1.0,1.0,,,,,,,2.0,,90.0,,,,,,,20.0,,6.7,,,1.0,,3.0,1.0,2.0,,15.0,,57.0,25.0,80.0,1,,93.0,1.0,2.0,1.0,
2021-22,9576397,5,39,Wolverhampton_Wanderers,Home,286165,159533,Adama Traoré,adama-traore,F,False,2.0,,1.0,21.0,,19.0,,2.0,2.0,1.0,,1.0,,,,5.0,6.0,13.0,,,,,,,,,,1.0,,90.0,,,,,,,25.0,,7.6,,,1.0,,,12.0,11.0,,1.0,,34.0,,23.0,2,,65.0,6.0,,11.0,
2021-22,9576397,5,39,Wolverhampton_Wanderers,Home,308764,200600,Daniel Podence,daniel-podence,M,True,,,1.0,9.0,,9.0,1.0,,,,,,,,,,1.0,3.0,,,,,,,,,,,,18.0,,,,,,,4.0,,6.8,,,,,,2.0,,,1.0,,11.0,,11.0,0,,16.0,1.0,1.0,2.0,
2021-22,9576397,5,39,Wolverhampton_Wanderers,Home,786186,184754,Hwang Hee-chan,hwang-hee-chan,F,True,,,1.0,3.0,,3.0,,,,,1.0,1.0,,,,,2.0,2.0,,,,,,,,,,,,45.0,,,,,,,6.0,,6.1,,,,,,3.0,,,1.0,1.0,6.0,1.0,7.0,1,,15.0,,1.0,1.0,
2021-22,9576397,5,39,Wolverhampton_Wanderers,Home,830431,222564,Francisco Trincão,francisco-trincao,M,False,,,1.0,18.0,4.0,22.0,1.0,,5.0,,1.0,,1.0,,,,3.0,3.0,,,,,,,,,1.0,1.0,,90.0,,1.0,,,,,10.0,,6.7,,,2.0,,,3.0,2.0,,1.0,,22.0,5.0,25.0,2,,41.0,3.0,1.0,2.0,
2021-22,9576397,5,39,Wolverhampton_Wanderers,Home,894474,214048,Max Kilman,max-kilman,D,False,,,1.0,24.0,36.0,60.0,3.0,1.0,7.0,,,,2.0,,,,5.0,1.0,1.0,,,,,,,,1.0,1.0,,90.0,,,,,,,10.0,,5.5,,,,,,,,,4.0,,31.0,38.0,69.0,0,,72.0,1.0,,,
2021-22,9576397,5,39,Wolverhampton_Wanderers,Home,931278,448514,Rayan Aït-Nouri,rayan-ait-nouri,D,True,,,,,,,,,,,,,,,,,,,,,,,,,,,,,,,,,,,,,,,,,,,,,,,,,,,,,0,,,,,,
2021-22,9576397,5,39,Wolverhampton_Wanderers,Home,954044,441271,Ki-Jana Hoever,ki-jana-hoever,D,True,,,,,,,,,,,,,,,,,,,,,,,,,,,,,,,,,,,,,,,,,,,,,,,,,,,,,0,,,,,,
2021-22,9576397,5,39,Wolverhampton_Wanderers,Home,954076,449988,Fábio Silva,fabio-silva,F,True,,,,2.0,,2.0,1.0,,,,,,,,,,1.0,,,,,,,,,,,,,8.0,,,,,,,1.0,,6.5,,,,,,,,,,,3.0,,3.0,0,,3.0,,,,
2021-22,9576397,5,39,Wolverhampton_Wanderers,Home,1014835,501837,Yerson Mosquera,yerson-mosquera,D,True,,,,,,,,,,,,,,,,,,,,,,,,,,,,,,,,,,,,,,,,,,,,,,,,,,,,,0,,,,,,
2021-22,9576116,6,39,Wolverhampton_Wanderers,Away,1131,19236,John Ruddy,john-ruddy,G,True,,,,,,,,,,,,,,,,,,,,,,,,,,,,,,,,,,,,,,,,,,,,,,,,,,,,,0,,,,,,
2021-22,9576116,6,39,Wolverhampton_Wanderers,Away,6562,19624,João Moutinho,joao-moutinho,M,False,2.0,,3.0,30.0,26.0,54.0,,1.0,8.0,,,,1.0,,,,3.0,3.0,,,2.0,,,,,,3.0,,,90.0,,2.0,,,,,9.0,,7.5,,,,,3.0,,2.0,,4.0,,33.0,30.0,61.0,0,1.0,78.0,2.0,1.0,,
2021-22,9576116,6,39,Wolverhampton_Wanderers,Away,98449,94147,Conor Coady,conor-coady,D,False,,,6.0,8.0,15.0,23.0,1.0,,6.0,,,,,,,,1.0,,,,,,,,,,,,,90.0,,1.0,,,,,7.0,,7.0,,,,,5.0,,,,12.0,,11.0,19.0,30.0,0,,37.0,,,,
2021-22,9576116,6,39,Wolverhampton_Wanderers,Away,139310,90585,Willy Boly,willy-boly,D,True,,,,,,,,,,,,,,,,,,,,,,,,,,,,,,,,,,,,,,,,,,,,,,,,,,,,,0,,,,,,
2021-22,9576116,6,39,Wolverhampton_Wanderers,Away,143593,111291,Marçal,marcal,D,False,,,1.0,8.0,12.0,20.0,3.0,,6.0,,,,2.0,,,1.0,9.0,4.0,,,3.0,,,,,,1.0,,,90.0,,,,,,,25.0,,6.4,,,,,3.0,,3.0,,6.0,,26.0,15.0,38.0,0,3.0,69.0,2.0,1.0,,1.0
2021-22,9576116,6,39,Wolverhampton_Wanderers,Away,187729,107613,Romain Saïss,romain-saiss,D,False,,,3.0,21.0,16.0,37.0,,3.0,3.0,,,,1.0,,,,1.0,5.0,,,,,,,,,1.0,,,90.0,,2.0,,,,,11.0,,7.3,,,,,7.0,1.0,,,10.0,,28.0,20.0,48.0,0,1.0,63.0,,,1.0,1.0
2021-22,9576116,6,39,Wolverhampton_Wanderers,Away,190405,151589,Leander Dendoncker,leander-dendoncker,M,False,,,,12.0,17.0,29.0,2.0,1.0,4.0,,,1.0,1.0,,,1.0,5.0,2.0,,,,,,,,,,,,90.0,,,,,,,4.0,,6.4,,,,,2.0,1.0,,,1.0,,13.0,18.0,31.0,1,1.0,43.0,,,,1.0
2021-22,9576116,6,39,Wolverhampton_Wanderers,Away,192442,102057,Raúl Jiménez,raul-jimenez,F,False,,,,12.0,5.0,17.0,3.0,4.0,5.0,,1.0,,,,,3.0,8.0,13.0,,,,,1.0,,,,,1.0,,90.0,2.0,,,,,,23.0,,7.4,,,,,2.0,6.0,,,1.0,1.0,23.0,5.0,28.0,2,2.0,56.0,7.0,3.0,4.0,1.0
2021-22,9576116,6,39,Wolverhampton_Wanderers,Away,252669,149065,José Sá,jose-sa,G,False,,1.0,10.0,9.0,7.0,16.0,,,16.0,2.0,,,,,,,,1.0,,1.0,,1.0,,,1.0,,,2.0,,90.0,,,,,,,13.0,,8.7,3.0,6.0,,,,,,1.0,22.0,,20.0,8.0,28.0,0,,44.0,,1.0,,
2021-22,9576116,6,39,Wolverhampton_Wanderers,Away,252821,200402,Nélson Semedo,nelson-semedo,D,False,,,1.0,13.0,10.0,23.0,,,9.0,,,,,,,1.0,2.0,4.0,,,1.0,,,,,,,,,87.0,1.0,1.0,,,,,12.0,,7.1,,,,,6.0,,,,4.0,,19.0,13.0,32.0,1,2.0,52.0,2.0,2.0,,2.0
2021-22,9576116,6,39,Wolverhampton_Wanderers,Away,280955,171317,Rúben Neves,ruben-neves,M,True,,,1.0,1.0,,1.0,,1.0,2.0,,,,,,,,,1.0,,,,,,,,,,,,10.0,,,,,,,2.0,,6.6,,,,,,,,,2.0,,2.0,1.0,3.0,0,,4.0,,,,
2021-22,9576116,6,39,Wolverhampton_Wanderers,Away,286165,159533,Adama Traoré,adama-traore,F,True,,,,,1.0,1.0,1.0,1.0,2.0,,,,,,,,3.0,1.0,,,,,,,,,,,,19.0,,,,,,,7.0,,6.2,,,,,,2.0,,,1.0,,2.0,2.0,4.0,0,,8.0,2.0,,,
2021-22,9576116,6,39,Wolverhampton_Wanderers,Away,308764,200600,Daniel Podence,daniel-podence,M,False,,,1.0,16.0,4.0,20.0,1.0,,4.0,,,,,,,1.0,2.0,4.0,,,,,,,,,,1.0,,71.0,,,,,,,9.0,,7.1,,,,,,3.0,1.0,,1.0,,24.0,4.0,27.0,0,,39.0,,1.0,3.0,
2021-22,9576116,6,39,Wolverhampton_Wanderers,Away,786186,184754,Hwang Hee-chan,hwang-hee-chan,F,False,,,2.0,8.0,12.0,20.0,,1.0,3.0,,,1.0,1.0,,,,4.0,2.0,,,2.0,,,,,,1.0,,,88.0,,,,,,,9.0,,6.5,,,,,1.0,1.0,,,2.0,,12.0,12.0,24.0,1,,35.0,3.0,1.0,,
2021-22,9576116,6,39,Wolverhampton_Wanderers,Away,830431,222564,Francisco Trincão,francisco-trincao,M,True,,,,,,,,,,,,,,,,,,,,,,,,,,,,,,,,,,,,,,,,,,,,,,,,,,,,,0,,,,,,
2021-22,9576116,6,39,Wolverhampton_Wanderers,Away,894474,214048,Max Kilman,max-kilman,D,False,,,1.0,14.0,8.0,22.0,2.0,2.0,3.0,,,,,,,,2.0,5.0,,1.0,,,,,,,,,,90.0,,,,,,,6.0,,6.9,,,,,4.0,,,,2.0,,15.0,13.0,28.0,0,2.0,37.0,,1.0,,
2021-22,9576116,6,39,Wolverhampton_Wanderers,Away,954044,441271,Ki-Jana Hoever,ki-jana-hoever,D,True,,,,,,,1.0,1.0,,,,,1.0,,,,2.0,1.0,,,,,,,,,,,,11.0,,,,,,,1.0,,6.3,,,,,1.0,,,,,,1.0,,1.0,0,,2.0,,,,
2021-22,9576116,6,39,Wolverhampton_Wanderers,Away,954076,449988,Fábio Silva,fabio-silva,F,True,,,,,,,,,,,,,,,,,,,,,,,,,,,,,,,,,,,,,,,,,,,,,,,,,,,,,0,,,,,,
2021-22,9576116,6,39,Wolverhampton_Wanderers,Away,980633,242510,Louie Moulden,louie-moulden,G,True,,,,,,,,,,,,,,,,,,,,,,,,,,,,,,,,,,,,,,,,,,,,,,,,,,,,,0,,,,,,
2021-22,9576116,6,39,Wolverhampton_Wanderers,Away,988966,245923,Luke Cundle,luke-cundle,M,True,,,,,,,,,,,,,,,,,,,,,,,,,,,,,,,,,,,,,,,,,,,,,,,,,,,,,0,,,,,,
2021-22,9576478,7,39,Wolverhampton_Wanderers,Home,1131,19236,John Ruddy,john-ruddy,G,True,,,,,,,,,,,,,,,,,,,,,,,,,,,,,,,,,,,,,,,,,,,,,,,,,,,,,0,,,,,,
2021-22,9576478,7,39,Wolverhampton_Wanderers,Home,6562,19624,João Moutinho,joao-moutinho,M,False,,,,39.0,24.0,63.0,1.0,,8.0,,,,5.0,,,,7.0,5.0,,,1.0,,,,,,,1.0,,90.0,1.0,,,,,,4.0,,6.8,,,,,4.0,,1.0,,1.0,,42.0,25.0,66.0,1,3.0,79.0,,2.0,,2.0
2021-22,9576478,7,39,Wolverhampton_Wanderers,Home,98449,94147,Conor Coady,conor-coady,D,False,,,,5.0,30.0,35.0,,1.0,6.0,,,,,,,,1.0,2.0,,,1.0,,,,,,1.0,,,90.0,,1.0,,,,,2.0,,6.8,,,,,4.0,,,,2.0,,7.0,30.0,37.0,0,1.0,46.0,,,,1.0
2021-22,9576478,7,39,Wolverhampton_Wanderers,Home,139310,90585,Willy Boly,willy-boly,D,True,,,,,,,,,,,,,,,,,,,,,,,,,,,,,,,,,,,,,,,,,,,,,,,,,,,,,0,,,,,,
2021-22,9576478,7,39,Wolverhampton_Wanderers,Home,143593,111291,Marçal,marcal,D,False,1.0,,,12.0,18.0,29.0,2.0,2.0,7.0,,,,,,,,4.0,7.0,,,2.0,,,,,,2.0,,,90.0,,1.0,,,,,12.0,,7.2,,,,,5.0,1.0,2.0,,2.0,,15.0,22.0,35.0,0,4.0,74.0,4.0,,1.0,4.0
2021-22,9576478,7,39,Wolverhampton_Wanderers,Home,187729,107613,Romain Saïss,romain-saiss,D,False,,,2.0,21.0,30.0,51.0,3.0,5.0,4.0,,,,,,,,4.0,6.0,,,1.0,,,,,,2.0,,,90.0,,1.0,,,,,13.0,,7.1,,,,,9.0,,,,6.0,,27.0,36.0,63.0,0,1.0,79.0,,,,1.0
2021-22,9576478,7,39,Wolverhampton_Wanderers,Home,190405,151589,Leander Dendoncker,leander-dendoncker,M,True,,,,1.0,,1.0,,1.0,,,,,,,,,,2.0,,,,,,,,,,1.0,,9.0,,,,,,,1.0,,6.8,,,,,,,,,,,1.0,,1.0,0,1.0,3.0,1.0,,,
2021-22,9576478,7,39,Wolverhampton_Wanderers,Home,192442,102057,Raúl Jiménez,raul-jimenez,F,False,,,,14.0,12.0,26.0,3.0,1.0,1.0,1.0,,,2.0,,,4.0,13.0,8.0,,,3.0,2.0,,,,,,3.0,,90.0,,,,,,,17.0,,8.0,,,1.0,,1.0,6.0,,,,1.0,22.0,13.0,35.0,1,1.0,55.0,3.0,1.0,5.0,1.0
2021-22,9576478,7,39,Wolverhampton_Wanderers,Home,252669,149065,José Sá,jose-sa,G,False,,,5.0,2.0,8.0,10.0,,,7.0,,,,,,,,,,,,,,,,,,1.0,,,90.0,,,,,,,8.0,,6.5,1.0,1.0,,,,,,,13.0,,10.0,8.0,18.0,0,,24.0,,,,
2021-22,9576478,7,39,Wolverhampton_Wanderers,Home,252821,200402,Nélson Semedo,nelson-semedo,D,False,,,1.0,22.0,11.0,33.0,2.0,,5.0,,,,1.0,,,1.0,9.0,7.0,,,4.0,,,,,,1.0,,,90.0,,,,,,,12.0,,6.8,,,,,1.0,2.0,,,1.0,,26.0,13.0,39.0,0,6.0,62.0,3.0,,1.0,3.0
2021-22,9576478,7,39,Wolverhampton_Wanderers,Home,280955,171317,Rúben Neves,ruben-neves,M,False,,,6.0,37.0,23.0,60.0,1.0,,7.0,,,,4.0,,,2.0,9.0,3.0,,,2.0,,,,,,2.0,1.0,,90.0,,,,,,,17.0,,6.7,,,,,1.0,,1.0,,9.0,,45.0,27.0,71.0,0,3.0,86.0,2.0,,,1.0
2021-22,9576478,7,39,Wolverhampton_Wanderers,Home,286165,159533,Adama Traoré,adama-traore,F,True,,,,,,,,,,,,,,,,,,,,,,,,,,,,,,1.0,,,,,,,,,,,,,,,,,,,,,,,0,,,,,,
2021-22,9576478,7,39,Wolverhampton_Wanderers,Home,308764,200600,Daniel Podence,daniel-podence,M,True,,,,,,,,,,,,,,,,,,,,,,,,,,,,,,,,,,,,,,,,,,,,,,,,,,,,,0,,,,,,
2021-22,9576478,7,39,Wolverhampton_Wanderers,Home,786186,184754,Hwang Hee-chan,hwang-hee-chan,F,False,1.0,,1.0,16.0,9.0,24.0,,,3.0,1.0,,,1.0,,,,4.0,3.0,,,1.0,,2.0,,,,1.0,1.0,,89.0,2.0,,,,,,9.0,,8.5,,,,,,4.0,1.0,,2.0,1.0,18.0,12.0,29.0,2,,43.0,1.0,1.0,2.0,
2021-22,9576478,7,39,Wolverhampton_Wanderers,Home,830431,222564,Francisco Trincão,francisco-trincao,M,False,,,1.0,15.0,6.0,21.0,,,6.0,,1.0,1.0,4.0,,,1.0,7.0,5.0,,,,,,,,1.0,2.0,,,86.0,,,,,,,12.0,,6.4,,,2.0,,,6.0,,,1.0,,19.0,6.0,25.0,3,,48.0,4.0,1.0,4.0,
2021-22,9576478,7,39,Wolverhampton_Wanderers,Home,894474,214048,Max Kilman,max-kilman,D,False,,,4.0,17.0,18.0,35.0,2.0,1.0,4.0,,,,,,,,2.0,6.0,,,,,,,,,1.0,,,90.0,,,,,,,7.0,,7.1,,,,,4.0,,,,8.0,,20.0,21.0,41.0,0,5.0,59.0,1.0,,,4.0
2021-22,9576478,7,39,Wolverhampton_Wanderers,Home,931278,448514,Rayan Aït-Nouri,rayan-ait-nouri,D,True,,,,,,,,,,,,,,,,,,,,,,,,,,,,,,,,,,,,,,,,,,,,,,,,,,,,,0,,,,,,
2021-22,9576478,7,39,Wolverhampton_Wanderers,Home,954044,441271,Ki-Jana Hoever,ki-jana-hoever,D,True,,,,,,,,,,,,,,,,,,,,,,,,,,,,,,,,,,,,,,,,,,,,,,,,,,,,,0,,,,,,
2021-22,9576478,7,39,Wolverhampton_Wanderers,Home,954076,449988,Fábio Silva,fabio-silva,F,True,,,,,,,,,,,,,,,,,,,,,,,,,,,,,,,,,,,,,,,,,,,,,,,,,,,,,0,,,,,,
2021-22,9576478,7,39,Wolverhampton_Wanderers,Home,988966,245923,Luke Cundle,luke-cundle,M,True,,,,,,,,,,,,,,,,,,,,,,,,,,,,,,,,,,,,,,,,,,,,,,,,,,,,,0,,,,,,
2021-22,9576394,8,39,Wolverhampton_Wanderers,Away,1131,19236,John Ruddy,john-ruddy,G,True,,,,,,,,,,,,,,,,,,,,,,,,,,,,,,,,,,,,,,,,,,,,,,,,,,,,,0,,,,,,
2021-22,9576394,8,39,Wolverhampton_Wanderers,Away,6562,19624,João Moutinho,joao-moutinho,M,False,1.0,,4.0,18.0,8.0,25.0,,,4.0,,,,3.0,,,,3.0,2.0,,,,,,,,,2.0,2.0,,74.0,,,,,,,10.0,,6.8,,,,,1.0,,4.0,,6.0,,24.0,11.0,31.0,0,2.0,43.0,1.0,,,1.0
2021-22,9576394,8,39,Wolverhampton_Wanderers,Away,98449,94147,Conor Coady,conor-coady,D,False,,,3.0,3.0,32.0,35.0,1.0,,2.0,,,,,,,,1.0,,,,,,1.0,,,,,,,90.0,1.0,1.0,,,,,6.0,,7.1,,,,,3.0,,1.0,,7.0,,8.0,33.0,40.0,1,,48.0,,,,
2021-22,9576394,8,39,Wolverhampton_Wanderers,Away,139310,90585,Willy Boly,willy-boly,D,True,,,,,,,,,,,,,,,,,,,,,,,,,,,,,,,,,,,,,,,,,,,,,,,,,,,,,0,,,,,,
2021-22,9576394,8,39,Wolverhampton_Wanderers,Away,143593,111291,Marçal,marcal,D,False,,,1.0,16.0,8.0,24.0,4.0,3.0,2.0,,,,1.0,,,,5.0,3.0,,,,,,,,,2.0,,,74.0,,,,,,,6.0,,6.6,,,,,1.0,,2.0,,2.0,1.0,21.0,9.0,28.0,0,,37.0,,,,
2021-22,9576394,8,39,Wolverhampton_Wanderers,Away,187729,107613,Romain Saïss,romain-saiss,D,False,,,6.0,13.0,25.0,38.0,1.0,1.0,5.0,,,,,,,,3.0,4.0,,,2.0,,1.0,,,,3.0,,,90.0,1.0,1.0,,,,,15.0,,7.6,,,,,5.0,,1.0,,10.0,,21.0,30.0,50.0,1,2.0,68.0,,1.0,,2.0
2021-22,9576394,8,39,Wolverhampton_Wanderers,Away,190405,151589,Leander Dendoncker,leander-dendoncker,M,False,,,,14.0,15.0,29.0,1.0,,4.0,1.0,,,,,,,2.0,,,,1.0,1.0,,,,,,2.0,,90.0,,,,,,,9.0,,7.2,,,1.0,,1.0,,,,,,20.0,15.0,35.0,1,,41.0,3.0,,,
2021-22,9576394,8,39,Wolverhampton_Wanderers,Away,192442,102057,Raúl Jiménez,raul-jimenez,F,True,,,,1.0,,1.0,1.0,,,,,,,,,1.0,3.0,,,,1.0,,,,,,,,,9.0,,,,,,,2.0,,6.3,,,,,,,,,,,1.0,,1.0,0,,4.0,1.0,,,
2021-22,9576394,8,39,Wolverhampton_Wanderers,Away,252669,149065,José Sá,jose-sa,G,False,,,3.0,1.0,13.0,14.0,,,11.0,,,,,,,,,,,,,,,,4.0,,,,,90.0,,,,,,,12.0,,6.6,3.0,3.0,,,,,,,14.0,,11.0,14.0,25.0,0,,41.0,,,,
2021-22,9576394,8,39,Wolverhampton_Wanderers,Away,252821,200402,Nélson Semedo,nelson-semedo,D,False,,,,22.0,9.0,31.0,1.0,,6.0,,,,1.0,,,1.0,6.0,2.0,,,1.0,,,,,,1.0,1.0,,90.0,,,,,,,18.0,,6.3,,,,,,3.0,2.0,,4.0,1.0,31.0,11.0,40.0,0,,63.0,3.0,1.0,1.0,
2021-22,9576394,8,39,Wolverhampton_Wanderers,Away,280955,171317,Rúben Neves,ruben-neves,M,False,,,5.0,23.0,25.0,48.0,,4.0,9.0,,,,2.0,,,,4.0,5.0,,,2.0,,1.0,,,,,1.0,,90.0,1.0,,,,,,15.0,,7.4,,,,,4.0,,4.0,,9.0,,34.0,27.0,57.0,1,,71.0,1.0,1.0,,
2021-22,9576394,8,39,Wolverhampton_Wanderers,Away,286165,159533,Adama Traoré,adama-traore,F,False,,,2.0,16.0,5.0,21.0,1.0,1.0,6.0,,1.0,1.0,,,,1.0,8.0,11.0,,,4.0,,,,,,,1.0,,90.0,1.0,,,,,,15.0,,6.9,,,,,,9.0,2.0,,2.0,,20.0,7.0,25.0,2,2.0,50.0,4.0,2.0,6.0,1.0
2021-22,9576394,8,39,Wolverhampton_Wanderers,Away,308764,200600,Daniel Podence,daniel-podence,M,True,,,,4.0,1.0,5.0,,,1.0,1.0,,,,,,,,1.0,,,,1.0,,,,,,1.0,,16.0,,,,,,,8.0,,7.3,,,,,,1.0,5.0,,,,12.0,1.0,8.0,0,,14.0,,,1.0,
2021-22,9576394,8,39,Wolverhampton_Wanderers,Away,786186,184754,Hwang Hee-chan,hwang-hee-chan,F,False,,,,15.0,8.0,23.0,,1.0,3.0,,,1.0,2.0,,,4.0,9.0,1.0,,1.0,3.0,,,,,,,,,88.0,,,,,,,12.0,,6.0,,,,,,,,,,,19.0,10.0,29.0,1,,41.0,2.0,,,
2021-22,9576394,8,39,Wolverhampton_Wanderers,Away,894474,214048,Max Kilman,max-kilman,D,False,,,,12.0,25.0,37.0,2.0,2.0,1.0,,1.0,,1.0,,,,5.0,5.0,,,2.0,,,,,1.0,1.0,,,90.0,,,,,,,6.0,,6.5,,,2.0,,5.0,,,,,,14.0,28.0,42.0,2,1.0,57.0,1.0,2.0,,
2021-22,9576394,8,39,Wolverhampton_Wanderers,Away,931278,448514,Rayan Aït-Nouri,rayan-ait-nouri,D,True,,,,,,,,,,,,,,,,,,,,,,,,,,,,,,,,,,,,,,,,,,,,,,,,,,,,,0,,,,,,
2021-22,9576394,8,39,Wolverhampton_Wanderers,Away,954044,441271,Ki-Jana Hoever,ki-jana-hoever,D,True,,,,,,,,,,,,,,,,,,,,,,,,,,,,,,,,,,,,,,,,,,,,,,,,,,,,,0,,,,,,
2021-22,9576394,8,39,Wolverhampton_Wanderers,Away,954076,449988,Fábio Silva,fabio-silva,F,True,,,,1.0,,1.0,2.0,,2.0,1.0,,,1.0,,,,4.0,1.0,,,1.0,,,,,,,1.0,,16.0,,,,,,,4.0,,6.7,,,,,,,,,1.0,,3.0,1.0,4.0,0,,6.0,1.0,1.0,,
2021-22,9576394,8,39,Wolverhampton_Wanderers,Away,980633,242510,Louie Moulden,louie-moulden,G,True,,,,,,,,,,,,,,,,,,,,,,,,,,,,,,,,,,,,,,,,,,,,,,,,,,,,,0,,,,,,
2021-22,9576394,8,39,Wolverhampton_Wanderers,Away,988966,245923,Luke Cundle,luke-cundle,M,True,,,,,,,,,,,,,,,,,,,,,,,,,,,,,,,,,,,,,,,,,,,,,,,,,,,,,0,,,,,,
2021-22,9576121,9,39,Wolverhampton_Wanderers,Away,1131,19236,John Ruddy,john-ruddy,G,True,,,,,,,,,,,,,,,,,,,,,,,,,,,,,,,,,,,,,,,,,,,,,,,,,,,,,0,,,,,,
2021-22,9576121,9,39,Wolverhampton_Wanderers,Away,6562,19624,João Moutinho,joao-moutinho,M,False,,,,5.0,13.0,18.0,,1.0,2.0,,,,2.0,,,,3.0,3.0,,,1.0,,,,,,2.0,,,89.0,,,,,,,14.0,,6.7,,,1.0,,1.0,,2.0,,3.0,,11.0,20.0,29.0,1,2.0,45.0,1.0,,,1.0
2021-22,9576121,9,39,Wolverhampton_Wanderers,Away,98449,94147,Conor Coady,conor-coady,D,False,,,10.0,8.0,22.0,30.0,1.0,,1.0,,,,,,,,2.0,1.0,,,1.0,,,,,,1.0,,,90.0,,2.0,,,,,4.0,,7.0,,,,,1.0,,,,13.0,,10.0,24.0,34.0,0,1.0,39.0,,,,
2021-22,9576121,9,39,Wolverhampton_Wanderers,Away,187729,107613,Romain Saïss,romain-saiss,D,False,,,4.0,11.0,12.0,23.0,1.0,1.0,5.0,,,,1.0,,,1.0,5.0,1.0,,,3.0,,,,,,1.0,,,90.0,,1.0,,,,,13.0,,6.4,,,,,7.0,,,,9.0,,19.0,16.0,35.0,0,,47.0,,,,
2021-22,9576121,9,39,Wolverhampton_Wanderers,Away,190405,151589,Leander Dendoncker,leander-dendoncker,M,False,,,3.0,4.0,21.0,25.0,,1.0,9.0,,,,2.0,,,1.0,4.0,1.0,,1.0,,,,,,,1.0,,,90.0,,,,,,,11.0,,6.0,,,,,,1.0,,,4.0,,8.0,24.0,32.0,0,,41.0,2.0,,,
2021-22,9576121,9,39,Wolverhampton_Wanderers,Away,192442,102057,Raúl Jiménez,raul-jimenez,F,False,,,,11.0,7.0,18.0,4.0,6.0,5.0,,,1.0,4.0,,,2.0,14.0,12.0,,,1.0,,,,,,1.0,1.0,,90.0,1.0,,,,,,26.0,,6.6,,,,,1.0,5.0,,,3.0,1.0,23.0,13.0,36.0,2,1.0,61.0,3.0,3.0,2.0,1.0
2021-22,9576121,9,39,Wolverhampton_Wanderers,Away,252669,149065,José Sá,jose-sa,G,False,,,2.0,1.0,7.0,8.0,,1.0,14.0,,,,,,,,,1.0,,,,,,,1.0,,,1.0,,90.0,,,,,1.0,,14.0,,6.8,2.0,3.0,,,,,,,16.0,,15.0,7.0,22.0,0,,34.0,,,,
2021-22,9576121,9,39,Wolverhampton_Wanderers,Away,252821,200402,Nélson Semedo,nelson-semedo,D,False,,,,6.0,2.0,8.0,,,8.0,,,,,,,3.0,4.0,8.0,,,1.0,,,,,,1.0,1.0,,90.0,,,,1.0,,,11.0,,6.7,,,,,2.0,2.0,,,2.0,,7.0,6.0,13.0,0,4.0,43.0,,2.0,2.0,2.0
2021-22,9576121,9,39,Wolverhampton_Wanderers,Away,280955,171317,Rúben Neves,ruben-neves,M,True,,,,,,,,,,,,,1.0,,,,1.0,1.0,,,,,,,,,,,,1.0,,,,,,,,,,,,,,,,,,,,,,,0,1.0,1.0,,,,1.0
2021-22,9576121,9,39,Wolverhampton_Wanderers,Away,286165,159533,Adama Traoré,adama-traore,F,False,1.0,,1.0,5.0,,4.0,1.0,,1.0,,,,,,,4.0,8.0,4.0,,,2.0,,,,,,1.0,1.0,,76.0,,,,,,,14.0,,6.5,,,,,,1.0,1.0,,1.0,,8.0,2.0,9.0,0,1.0,24.0,4.0,3.0,,
2021-22,9576121,9,39,Wolverhampton_Wanderers,Away,308764,200600,Daniel Podence,daniel-podence,M,True,,,,2.0,1.0,3.0,1.0,,,,,1.0,1.0,,,,2.0,1.0,,,,,,,,,,,,14.0,1.0,,,,,,,,6.6,,,,,,,,,,,2.0,1.0,3.0,2,1.0,6.0,,,,
2021-22,9576121,9,39,Wolverhampton_Wanderers,Away,786186,184754,Hwang Hee-chan,hwang-hee-chan,F,False,,,2.0,10.0,9.0,19.0,3.0,,6.0,,,,5.0,,,1.0,14.0,9.0,,,2.0,,1.0,,,,1.0,,,90.0,1.0,,,,,,15.0,,7.0,,,,,2.0,7.0,,,4.0,,16.0,11.0,27.0,1,,51.0,1.0,6.0,3.0,
2021-22,9576121,9,39,Wolverhampton_Wanderers,Away,830431,222564,Francisco Trincão,francisco-trincao,M,True,,,,,,,,,,,,,,,,,,,,,,,,,,,,,,,,,,,,,,,,,,,,,,,,,,,,,0,,,,,,
2021-22,9576121,9,39,Wolverhampton_Wanderers,Away,894474,214048,Max Kilman,max-kilman,D,False,,,2.0,8.0,12.0,20.0,1.0,2.0,5.0,,,,1.0,,,,4.0,4.0,,,2.0,,,,,,2.0,,,90.0,,1.0,,,,,8.0,,6.9,,,1.0,,10.0,2.0,,,7.0,,12.0,16.0,28.0,1,,46.0,,,2.0,
2021-22,9576121,9,39,Wolverhampton_Wanderers,Away,931278,448514,Rayan Aït-Nouri,rayan-ait-nouri,D,False,,,2.0,9.0,9.0,18.0,,,7.0,,,,4.0,,,3.0,9.0,8.0,,,1.0,,,,,,1.0,,,83.0,1.0,,,,,,18.0,,6.8,,,,,3.0,3.0,2.0,,2.0,,13.0,13.0,24.0,1,5.0,61.0,2.0,1.0,2.0,2.0
2021-22,9576121,9,39,Wolverhampton_Wanderers,Away,954044,441271,Ki-Jana Hoever,ki-jana-hoever,D,True,,,,,,,,,1.0,,,,,,,,,,,,,,,,,,,,,14.0,,,,,,,1.0,,6.2,,,,,,,,,,,,1.0,1.0,0,,3.0,,,,
2021-22,9576121,9,39,Wolverhampton_Wanderers,Away,954076,449988,Fábio Silva,fabio-silva,F,True,,,,,,,,,,,,,,,,,,,,,,,,,,,,,,,,,,,,,,,,,,,,,,,,,,,,,0,,,,,,
2021-22,9576121,9,39,Wolverhampton_Wanderers,Away,980633,242510,Louie Moulden,louie-moulden,G,True,,,,,,,,,,,,,,,,,,,,,,,,,,,,,,,,,,,,,,,,,,,,,,,,,,,,,0,,,,,,
2021-22,9576121,9,39,Wolverhampton_Wanderers,Away,988966,245923,Luke Cundle,luke-cundle,M,True,,,,,,,,,,,,,,,,,,,,,,,,,,,,,,,,,,,,,,,,,,,,,,,,,,,,,0,,,,,,
2021-22,9576121,9,39,Wolverhampton_Wanderers,Away,1177311,461026,Chem Campbell,chem-campbell,M,True,,,,,,,,,,,,,,,,,,,,,,,,,,,,,,,,,,,,,,,,,,,,,,,,,,,,,0,,,,,,
2021-22,9576134,10,39,Wolverhampton_Wanderers,Home,1131,19236,John Ruddy,john-ruddy,G,True,,,,,,,,,,,,,,,,,,,,,,,,,,,,,,,,,,,,,,,,,,,,,,,,,,,,,0,,,,,,
2021-22,9576134,10,39,Wolverhampton_Wanderers,Home,6562,19624,João Moutinho,joao-moutinho,M,False,,,7.0,33.0,32.0,65.0,1.0,,7.0,,,,2.0,,,,3.0,2.0,,,,,,,,,1.0,1.0,,90.0,,,,,,,9.0,,6.9,,,,,,,2.0,,10.0,,38.0,35.0,71.0,0,2.0,78.0,1.0,,,
2021-22,9576134,10,39,Wolverhampton_Wanderers,Home,98449,94147,Conor Coady,conor-coady,D,False,,,7.0,16.0,41.0,57.0,1.0,1.0,2.0,,1.0,1.0,,,,,1.0,1.0,,,,,,,,,1.0,,,90.0,,2.0,,,,,5.0,,7.1,,,,,3.0,,,,9.0,,18.0,44.0,62.0,1,,69.0,,,,
2021-22,9576134,10,39,Wolverhampton_Wanderers,Home,139310,90585,Willy Boly,willy-boly,D,True,,,,,,,,,,,,,,,,,,,,,,,,,,,,,,,,,,,,,,,,,,,,,,,,,,,,,0,,,,,,
2021-22,9576134,10,39,Wolverhampton_Wanderers,Home,187729,107613,Romain Saïss,romain-saiss,D,False,,,6.0,29.0,43.0,72.0,1.0,3.0,4.0,,,,,,,,2.0,6.0,,1.0,1.0,,,,,,2.0,,,90.0,,,,,,,11.0,,6.9,,,,,4.0,,,,11.0,,36.0,46.0,82.0,0,3.0,93.0,1.0,,,1.0
2021-22,9576134,10,39,Wolverhampton_Wanderers,Home,190405,151589,Leander Dendoncker,leander-dendoncker,M,True,,,1.0,1.0,1.0,2.0,,,1.0,,,,,,,,,,,,,,,,,,,,,1.0,,,,,,,1.0,,,,,,,,,,,1.0,,1.0,1.0,2.0,0,,4.0,1.0,,,
2021-22,9576134,10,39,Wolverhampton_Wanderers,Home,192442,102057,Raúl Jiménez,raul-jimenez,F,False,,,1.0,19.0,14.0,33.0,5.0,5.0,4.0,,1.0,1.0,1.0,,,1.0,10.0,10.0,,,2.0,,1.0,,,1.0,1.0,,,89.0,1.0,,,,,,20.0,,7.4,,,1.0,,,5.0,,,1.0,,26.0,15.0,41.0,3,,63.0,8.0,1.0,4.0,
2021-22,9576134,10,39,Wolverhampton_Wanderers,Home,252669,149065,José Sá,jose-sa,G,False,,1.0,1.0,1.0,11.0,12.0,,1.0,13.0,,,,,,,,,1.0,,1.0,,,,,,,,,,90.0,,,,,,,15.0,1.0,7.1,3.0,4.0,,,1.0,,,1.0,15.0,,14.0,13.0,27.0,0,,42.0,,,,
2021-22,9576134,10,39,Wolverhampton_Wanderers,Home,252821,200402,Nélson Semedo,nelson-semedo,D,False,,,,23.0,13.0,36.0,2.0,1.0,9.0,1.0,,,2.0,,,2.0,8.0,5.0,,,1.0,,,,,,,1.0,,90.0,,,,,,,16.0,,6.5,,,,,2.0,3.0,1.0,,5.0,,28.0,18.0,45.0,0,2.0,70.0,3.0,,2.0,1.0
2021-22,9576134,10,39,Wolverhampton_Wanderers,Home,280955,171317,Rúben Neves,ruben-neves,M,False,,,8.0,32.0,40.0,72.0,3.0,2.0,9.0,,,,3.0,,,2.0,9.0,4.0,,,1.0,,,,,,2.0,,,90.0,1.0,1.0,,,,,11.0,,7.1,,,1.0,,1.0,1.0,,,9.0,,36.0,43.0,79.0,2,1.0,95.0,2.0,1.0,1.0,1.0
2021-22,9576134,10,39,Wolverhampton_Wanderers,Home,286165,159533,Adama Traoré,adama-traore,F,True,,,,,,,,,,,,,,,,,,,,,,,,,,,,,,,,,,,,,,,,,,,,,,,,,,,,,0,,,,,,
2021-22,9576134,10,39,Wolverhampton_Wanderers,Home,308764,200600,Daniel Podence,daniel-podence,M,True,,,,2.0,,2.0,,,1.0,,,,1.0,,,2.0,4.0,1.0,,,,,,,,,,,,11.0,,,,,,,5.0,,6.0,,,,,,2.0,,,,,3.0,,3.0,0,,9.0,1.0,,1.0,
2021-22,9576134,10,39,Wolverhampton_Wanderers,Home,786186,184754,Hwang Hee-chan,hwang-hee-chan,F,False,,,1.0,22.0,15.0,37.0,1.0,,12.0,,,,2.0,,,4.0,12.0,10.0,,,2.0,,,,,,,,,89.0,,,,,,,19.0,,6.6,,,,,,6.0,,,4.0,1.0,30.0,17.0,47.0,0,5.0,68.0,2.0,2.0,3.0,4.0
2021-22,9576134,10,39,Wolverhampton_Wanderers,Home,830431,222564,Francisco Trincão,francisco-trincao,M,False,,,4.0,18.0,9.0,27.0,,1.0,3.0,,1.0,1.0,,,,,4.0,8.0,,,1.0,,,,,,1.0,1.0,,79.0,1.0,,,,,,15.0,,6.9,,,1.0,,,6.0,,,5.0,,22.0,11.0,33.0,3,2.0,54.0,6.0,2.0,3.0,2.0
2021-22,9576134,10,39,Wolverhampton_Wanderers,Home,894474,214048,Max Kilman,max-kilman,D,False,,,7.0,17.0,41.0,58.0,2.0,8.0,3.0,,,,,,,,2.0,9.0,,,,,1.0,,,,3.0,,,90.0,1.0,1.0,,,,,7.0,,8.1,,,,,6.0,,,,10.0,,21.0,44.0,65.0,1,,80.0,,1.0,,
2021-22,9576134,10,39,Wolverhampton_Wanderers,Home,931278,448514,Rayan Aït-Nouri,rayan-ait-nouri,D,False,2.0,,3.0,31.0,21.0,50.0,2.0,2.0,11.0,,,,2.0,,,2.0,12.0,7.0,,,2.0,1.0,,,,,,2.0,,90.0,,,,,,,21.0,,6.7,,,,,1.0,8.0,6.0,,7.0,,39.0,27.0,60.0,0,,89.0,1.0,1.0,4.0,
2021-22,9576134,10,39,Wolverhampton_Wanderers,Home,954044,441271,Ki-Jana Hoever,ki-jana-hoever,D,True,,,,,,,,,,,,,,,,,,,,,,,,,,,,,,,,,,,,,,,,,,,,,,,,,,,,,0,,,,,,
2021-22,9576134,10,39,Wolverhampton_Wanderers,Home,954076,449988,Fábio Silva,fabio-silva,F,True,,,,,,,1.0,,,,,,,,,,1.0,,,,,,,,,,,,,1.0,,,,,,,,,,,,,,,,,,,,,,,0,,,,,,
2021-22,9576134,10,39,Wolverhampton_Wanderers,Home,988966,245923,Luke Cundle,luke-cundle,M,True,,,,,,,,,,,,,,,,,,,,,,,,,,,,,,,,,,,,,,,,,,,,,,,,,,,,,0,,,,,,
2021-22,9576134,10,39,Wolverhampton_Wanderers,Home,1156445,518504,James Storer,james-storer,G,True,,,,,,,,,,,,,,,,,,,,,,,,,,,,,,,,,,,,,,,,,,,,,,,,,,,,,0,,,,,,
2021-22,9576401,11,39,Wolverhampton_Wanderers,Away,1131,19236,John Ruddy,john-ruddy,G,True,,,,,,,,,,,,,,,,,,,,,,,,,,,,,,,,,,,,,,,,,,,,,,,,,,,,,0,,,,,,
2021-22,9576401,11,39,Wolverhampton_Wanderers,Away,6562,19624,João Moutinho,joao-moutinho,M,False,1.0,,3.0,24.0,16.0,39.0,,,6.0,,,,,,,1.0,3.0,6.0,,,2.0,,,,,,1.0,1.0,,90.0,1.0,,,,,,9.0,,7.2,,,,,1.0,1.0,4.0,,6.0,,29.0,19.0,44.0,1,5.0,61.0,,,1.0,2.0
2021-22,9576401,11,39,Wolverhampton_Wanderers,Away,98449,94147,Conor Coady,conor-coady,D,False,,,2.0,2.0,9.0,11.0,1.0,,2.0,,,,,,,,3.0,1.0,,,2.0,,,,,,1.0,,,90.0,,2.0,,,,,8.0,,6.6,,,,,5.0,,,,8.0,,6.0,12.0,18.0,0,1.0,29.0,,,,1.0
2021-22,9576401,11,39,Wolverhampton_Wanderers,Away,139310,90585,Willy Boly,willy-boly,D,True,,,,,,,,,,,,,,,,,,,,,,,,,,,,,,,,,,,,,,,,,,,,,,,,,,,,,0,,,,,,
2021-22,9576401,11,39,Wolverhampton_Wanderers,Away,187729,107613,Romain Saïss,romain-saiss,D,False,,,5.0,19.0,22.0,41.0,3.0,4.0,6.0,,,,1.0,,,,5.0,7.0,,,1.0,,,,,,1.0,,,90.0,,,,,,,14.0,,6.6,,,,,3.0,,,,12.0,,30.0,25.0,55.0,0,2.0,68.0,,1.0,,
2021-22,9576401,11,39,Wolverhampton_Wanderers,Away,190405,151589,Leander Dendoncker,leander-dendoncker,M,True,,,,,,,,,,,,,,,,,,,,,,,,,,,,,,,,,,,,,,,,,,,,,,,,,,,,,0,,,,,,
2021-22,9576401,11,39,Wolverhampton_Wanderers,Away,192442,102057,Raúl Jiménez,raul-jimenez,F,False,,,,5.0,4.0,9.0,3.0,2.0,1.0,,,,1.0,,,6.0,13.0,8.0,,,1.0,,,,,,2.0,,,90.0,1.0,,,,,,18.0,,6.4,,,,,,4.0,,,1.0,1.0,10.0,5.0,15.0,1,3.0,41.0,4.0,1.0,2.0,1.0
2021-22,9576401,11,39,Wolverhampton_Wanderers,Away,252669,149065,José Sá,jose-sa,G,False,,,4.0,3.0,6.0,9.0,,,13.0,,,,,,1.0,,,1.0,,,,,,,,,,,,90.0,,,,,,,11.0,1.0,6.9,4.0,4.0,,,1.0,,,,15.0,,8.0,12.0,20.0,0,,35.0,,1.0,,
2021-22,9576401,11,39,Wolverhampton_Wanderers,Away,252821,200402,Nélson Semedo,nelson-semedo,D,False,,,2.0,7.0,10.0,17.0,2.0,1.0,6.0,,,,1.0,,,,5.0,9.0,,,,,,,,,,,,68.0,,,,,,,9.0,,6.9,,,,,,3.0,,,4.0,,8.0,13.0,21.0,0,4.0,46.0,1.0,3.0,1.0,4.0
2021-22,9576401,11,39,Wolverhampton_Wanderers,Away,280955,171317,Rúben Neves,ruben-neves,M,False,,,6.0,21.0,22.0,43.0,4.0,1.0,12.0,,,,4.0,,,,12.0,6.0,,,3.0,,,,,,1.0,,,90.0,,,,,,,13.0,,6.5,,,1.0,,,2.0,,,11.0,,29.0,25.0,54.0,1,3.0,66.0,1.0,1.0,1.0,3.0
2021-22,9576401,11,39,Wolverhampton_Wanderers,Away,286165,159533,Adama Traoré,adama-traore,F,True,,,,3.0,3.0,6.0,,,2.0,,,,,,,,,1.0,,,,,,,,,,,,22.0,,,,,,,2.0,,6.6,,,,,,1.0,,,,,4.0,3.0,7.0,0,,10.0,1.0,,1.0,
2021-22,9576401,11,39,Wolverhampton_Wanderers,Away,308764,200600,Daniel Podence,daniel-podence,M,True,,,,5.0,1.0,6.0,,,,,,,,,,1.0,1.0,1.0,,,,,,,,,,,,22.0,,,,,,,2.0,,6.4,,,,,,,,,,,6.0,1.0,7.0,0,,9.0,,1.0,,
2021-22,9576401,11,39,Wolverhampton_Wanderers,Away,786186,184754,Hwang Hee-chan,hwang-hee-chan,F,False,1.0,,2.0,14.0,10.0,23.0,2.0,,2.0,,,,1.0,,,4.0,10.0,1.0,,,1.0,,,,,,,1.0,,89.0,,,,,,,13.0,,6.1,,,,,,2.0,1.0,,3.0,,18.0,11.0,28.0,0,,43.0,2.0,1.0,,
2021-22,9576401,11,39,Wolverhampton_Wanderers,Away,830431,222564,Francisco Trincão,francisco-trincao,M,False,,,,4.0,5.0,9.0,,,4.0,,,,2.0,,,,4.0,2.0,,,,,,,,,,,,68.0,,,,,,,14.0,,6.4,,,1.0,,,2.0,,,1.0,,8.0,7.0,15.0,1,1.0,32.0,6.0,1.0,,1.0
2021-22,9576401,11,39,Wolverhampton_Wanderers,Away,894474,214048,Max Kilman,max-kilman,D,False,,,3.0,12.0,21.0,33.0,,1.0,7.0,,,,,,,1.0,2.0,8.0,,,1.0,,,,,,,,,90.0,,,,,,,11.0,,6.9,,,,,1.0,,,,6.0,,17.0,23.0,40.0,0,6.0,55.0,2.0,1.0,,4.0
2021-22,9576401,11,39,Wolverhampton_Wanderers,Away,931278,448514,Rayan Aït-Nouri,rayan-ait-nouri,D,False,1.0,,1.0,10.0,13.0,22.0,,1.0,6.0,,,,4.0,,,2.0,9.0,13.0,,,1.0,,,,,,,,,90.0,,,,,,,27.0,,6.6,,,,,,5.0,5.0,,6.0,,20.0,20.0,35.0,0,7.0,70.0,4.0,2.0,3.0,4.0
2021-22,9576401,11,39,Wolverhampton_Wanderers,Away,954044,441271,Ki-Jana Hoever,ki-jana-hoever,D,True,,,,,,,,,,,,,,,,,,,,,,,,,,,,,,,,,,,,,,,,,,,,,,,,,,,,,0,,,,,,
2021-22,9576401,11,39,Wolverhampton_Wanderers,Away,954076,449988,Fábio Silva,fabio-silva,F,True,,,,,,,1.0,1.0,,,,,,,,,3.0,1.0,,,1.0,,,,,,,,,8.0,,,,,,,3.0,,6.2,,,,,,2.0,,,,,1.0,,1.0,0,,4.0,,,,
2021-22,9576401,11,39,Wolverhampton_Wanderers,Away,980633,242510,Louie Moulden,louie-moulden,G,True,,,,,,,,,,,,,,,,,,,,,,,,,,,,,,,,,,,,,,,,,,,,,,,,,,,,,0,,,,,,
2021-22,9576401,11,39,Wolverhampton_Wanderers,Away,988966,245923,Luke Cundle,luke-cundle,M,True,,,,,,,,,,,,,,,,,,,,,,,,,,,,,,,,,,,,,,,,,,,,,,,,,,,,,0,,,,,,
2021-22,9576264,12,39,Wolverhampton_Wanderers,Home,1131,19236,John Ruddy,john-ruddy,G,True,,,,,,,,,,,,,,,,,,,,,,,,,,,,,,,,,,,,,,,,,,,,,,,,,,,,,0,,,,,,
2021-22,9576264,12,39,Wolverhampton_Wanderers,Home,6562,19624,João Moutinho,joao-moutinho,M,False,,,5.0,35.0,40.0,75.0,,1.0,4.0,,,,3.0,,,,4.0,2.0,,,,,,,,,,2.0,,90.0,1.0,,,,,,12.0,,7.0,,,,,4.0,1.0,4.0,,6.0,,41.0,44.0,81.0,1,1.0,93.0,1.0,,,1.0
2021-22,9576264,12,39,Wolverhampton_Wanderers,Home,98449,94147,Conor Coady,conor-coady,D,False,,,1.0,9.0,42.0,51.0,,,2.0,,,,,,,,,2.0,,,,,,,,,,,,90.0,,1.0,,,,,1.0,,7.3,,,,,3.0,,,,1.0,,10.0,42.0,52.0,0,2.0,58.0,,,,1.0
2021-22,9576264,12,39,Wolverhampton_Wanderers,Home,139310,90585,Willy Boly,willy-boly,D,True,,,,,,,,,,,,,,,,,,,,,,,,,,,,,,,,,,,,,,,,,,,,,,,,,,,,,0,,,,,,
2021-22,9576264,12,39,Wolverhampton_Wanderers,Home,143593,111291,Marçal,marcal,D,True,,,,,,,,,,,,,,,,,,,,,,,,,,,,,,,,,,,,,,,,,,,,,,,,,,,,,0,,,,,,
2021-22,9576264,12,39,Wolverhampton_Wanderers,Home,187729,107613,Romain Saïss,romain-saiss,D,False,,,3.0,14.0,42.0,56.0,5.0,3.0,7.0,,,,,,,,6.0,4.0,,,1.0,,,,,,1.0,1.0,,90.0,,1.0,,,,,10.0,,7.4,,,1.0,,6.0,1.0,,,6.0,,19.0,47.0,66.0,1,,78.0,,,1.0,
2021-22,9576264,12,39,Wolverhampton_Wanderers,Home,190405,151589,Leander Dendoncker,leander-dendoncker,M,True,,,,1.0,1.0,2.0,,,,,,,,,,,,,,,,,,,,,,,,9.0,,,,,,,,,6.5,,,,,,,,,,,1.0,1.0,2.0,0,,2.0,,,,
2021-22,9576264,12,39,Wolverhampton_Wanderers,Home,192442,102057,Raúl Jiménez,raul-jimenez,F,False,,,,10.0,7.0,17.0,2.0,2.0,2.0,,1.0,,,,,1.0,3.0,8.0,,,,,1.0,,,,1.0,,,90.0,1.0,,,,,,11.0,,7.3,,,1.0,,,2.0,1.0,,,,15.0,10.0,24.0,2,1.0,39.0,2.0,3.0,2.0,1.0
2021-22,9576264,12,39,Wolverhampton_Wanderers,Home,252669,149065,José Sá,jose-sa,G,False,,2.0,5.0,3.0,10.0,13.0,,2.0,9.0,,,,,,,,,3.0,,,,,,,1.0,,,,,90.0,,,,,,,7.0,1.0,7.5,,3.0,,,2.0,,,2.0,12.0,,9.0,11.0,20.0,0,,34.0,,1.0,,
2021-22,9576264,12,39,Wolverhampton_Wanderers,Home,252821,200402,Nélson Semedo,nelson-semedo,D,False,,,2.0,15.0,15.0,30.0,1.0,,4.0,,,1.0,,,,,5.0,8.0,,,1.0,,,,,,2.0,,,90.0,,,,,,,15.0,,7.1,,,2.0,,,8.0,2.0,,4.0,,24.0,15.0,37.0,3,1.0,68.0,1.0,2.0,5.0,1.0
2021-22,9576264,12,39,Wolverhampton_Wanderers,Home,280955,171317,Rúben Neves,ruben-neves,M,False,,,8.0,36.0,31.0,67.0,1.0,1.0,11.0,1.0,,,1.0,,,,3.0,4.0,,,1.0,,,,,,3.0,1.0,,90.0,1.0,,,,,,13.0,,8.0,,,2.0,,,,2.0,,12.0,,44.0,34.0,76.0,3,3.0,91.0,2.0,,,2.0
2021-22,9576264,12,39,Wolverhampton_Wanderers,Home,286165,159533,Adama Traoré,adama-traore,F,True,,,,2.0,1.0,3.0,2.0,,,,,1.0,,,,,2.0,3.0,,,,,,,,,,,,14.0,,,,,,,1.0,,6.8,,,,,,3.0,,,,,2.0,1.0,3.0,1,,8.0,,,3.0,
2021-22,9576264,12,39,Wolverhampton_Wanderers,Home,308764,200600,Daniel Podence,daniel-podence,M,False,,,1.0,13.0,4.0,17.0,,,1.0,,,,2.0,,,2.0,6.0,2.0,,,,1.0,,,,,,3.0,,76.0,2.0,,,,,,14.0,,7.0,,,,,,3.0,,,1.0,,22.0,4.0,26.0,2,1.0,35.0,1.0,,1.0,1.0
2021-22,9576264,12,39,Wolverhampton_Wanderers,Home,786186,184754,Hwang Hee-chan,hwang-hee-chan,F,False,,,2.0,21.0,9.0,30.0,,,5.0,,,,1.0,,,1.0,3.0,3.0,,,1.0,,,,,,1.0,1.0,,87.0,,,,,,,9.0,,7.0,,,,,,2.0,2.0,,2.0,,28.0,10.0,36.0,0,1.0,45.0,,,2.0,1.0
2021-22,9576264,12,39,Wolverhampton_Wanderers,Home,830431,222564,Francisco Trincão,francisco-trincao,M,True,,,,,,,,,,,,,,,,,,,,,,,,,,,,,,,,,,,,,,,,,,,,,,,,,,,,,0,,,,,,
2021-22,9576264,12,39,Wolverhampton_Wanderers,Home,894474,214048,Max Kilman,max-kilman,D,False,,,3.0,12.0,43.0,55.0,,1.0,8.0,,1.0,1.0,,,,,3.0,4.0,,,2.0,,,,,,6.0,,,90.0,,,,,,,10.0,,7.3,,,1.0,,5.0,1.0,,,6.0,,17.0,46.0,63.0,2,2.0,83.0,1.0,1.0,,1.0
2021-22,9576264,12,39,Wolverhampton_Wanderers,Home,931278,448514,Rayan Aït-Nouri,rayan-ait-nouri,D,False,4.0,,,18.0,22.0,36.0,,1.0,6.0,1.0,,,2.0,,,1.0,3.0,7.0,,,,,,,,,,4.0,,90.0,,,,,,,19.0,,7.6,,,,,,,14.0,,4.0,,31.0,27.0,44.0,0,5.0,73.0,,1.0,,4.0
2021-22,9576264,12,39,Wolverhampton_Wanderers,Home,954044,441271,Ki-Jana Hoever,ki-jana-hoever,D,True,,,,,,,,,,,,,,,,,,,,,,,,,,,,,,,,,,,,,,,,,,,,,,,,,,,,,0,,,,,,
2021-22,9576264,12,39,Wolverhampton_Wanderers,Home,954076,449988,Fábio Silva,fabio-silva,F,True,,,,,,,,,,,,,,,,,,,,,,,,,,,,,,,,,,,,,,,,,,,,,,,,,,,,,0,,,,,,
2021-22,9576264,12,39,Wolverhampton_Wanderers,Home,988966,245923,Luke Cundle,luke-cundle,M,True,,,,,,,,,,,,,,,,,,,,,,,,,,,,,,,,,,,,,,,,,,,,,,,,,,,,,0,,,,,,
2021-22,9576084,13,39,Wolverhampton_Wanderers,Away,1131,19236,John Ruddy,john-ruddy,G,True,,,,,,,,,,,,,,,,,,,,,,,,,,,,,,,,,,,,,,,,,,,,,,,,,,,,,0,,,,,,
2021-22,9576084,13,39,Wolverhampton_Wanderers,Away,6562,19624,João Moutinho,joao-moutinho,M,False,,,10.0,36.0,40.0,76.0,,1.0,5.0,,,,2.0,,,1.0,4.0,2.0,,,,,,,,,2.0,1.0,,90.0,1.0,,,,,,11.0,,7.1,,,,,,2.0,3.0,,12.0,,42.0,42.0,81.0,1,,94.0,1.0,,1.0,
2021-22,9576084,13,39,Wolverhampton_Wanderers,Away,98449,94147,Conor Coady,conor-coady,D,False,,,4.0,12.0,48.0,60.0,,1.0,8.0,,,,3.0,,,,3.0,4.0,,,,,,,,,,,,90.0,,2.0,,,,,8.0,,7.2,,,1.0,,2.0,,,,8.0,,15.0,53.0,68.0,1,2.0,77.0,,1.0,,2.0
2021-22,9576084,13,39,Wolverhampton_Wanderers,Away,143593,111291,Marçal,marcal,D,True,,,,,,,,,,,,,,,,,,,,,,,,,,,,,,,,,,,,,,,,,,,,,,,,,,,,,0,,,,,,
2021-22,9576084,13,39,Wolverhampton_Wanderers,Away,187729,107613,Romain Saïss,romain-saiss,D,False,,,3.0,17.0,52.0,69.0,2.0,2.0,4.0,,,,,,,,4.0,5.0,,,2.0,,,,,,,,,90.0,,,,,,,13.0,,7.1,,,,,7.0,,,,12.0,,26.0,56.0,82.0,0,2.0,94.0,,1.0,,1.0
2021-22,9576084,13,39,Wolverhampton_Wanderers,Away,190405,151589,Leander Dendoncker,leander-dendoncker,M,True,,,,2.0,8.0,10.0,,,1.0,,,,1.0,,,,1.0,2.0,,,,,,,,,,,,14.0,,,,,,,,,6.6,,,,,,,,,,,2.0,8.0,10.0,0,1.0,13.0,,1.0,,
2021-22,9576084,13,39,Wolverhampton_Wanderers,Away,192442,102057,Raúl Jiménez,raul-jimenez,F,False,,,,7.0,9.0,16.0,3.0,2.0,3.0,,,,,,,2.0,10.0,7.0,,,1.0,,,,,,,,,90.0,,,,,,,17.0,,6.5,,,2.0,,1.0,5.0,,,1.0,,13.0,11.0,24.0,2,2.0,44.0,3.0,2.0,1.0,1.0
2021-22,9576084,13,39,Wolverhampton_Wanderers,Away,252669,149065,José Sá,jose-sa,G,False,,,2.0,2.0,14.0,16.0,,,13.0,,,,,,,,,,,,,,,,3.0,,,,,90.0,,,,,,,7.0,,7.8,4.0,4.0,,,,,,,9.0,,7.0,16.0,23.0,0,,38.0,,,,
2021-22,9576084,13,39,Wolverhampton_Wanderers,Away,252821,200402,Nélson Semedo,nelson-semedo,D,False,,,,25.0,12.0,37.0,1.0,1.0,9.0,,,,2.0,,,3.0,7.0,7.0,,,1.0,,,,,,,,,76.0,,,,,,,20.0,,6.4,,,,,4.0,2.0,1.0,,4.0,,32.0,18.0,49.0,0,2.0,74.0,1.0,2.0,2.0,
2021-22,9576084,13,39,Wolverhampton_Wanderers,Away,280955,171317,Rúben Neves,ruben-neves,M,False,,,7.0,32.0,38.0,70.0,,,6.0,,,,,,,,1.0,4.0,,,1.0,,,,,,2.0,,,90.0,,1.0,,,,,8.0,,7.4,,,,,1.0,1.0,,,10.0,,36.0,41.0,77.0,0,3.0,90.0,1.0,,1.0,1.0
2021-22,9576084,13,39,Wolverhampton_Wanderers,Away,286165,159533,Adama Traoré,adama-traore,F,True,,,1.0,7.0,4.0,11.0,,,1.0,,,,,,,,1.0,2.0,,,,,,,,,,,,22.0,,,,,,,3.0,,6.6,,,,,,2.0,,,1.0,,7.0,5.0,12.0,0,1.0,18.0,1.0,,1.0,
2021-22,9576084,13,39,Wolverhampton_Wanderers,Away,786186,184754,Hwang Hee-chan,hwang-hee-chan,F,False,,,1.0,14.0,10.0,24.0,1.0,,2.0,,,,3.0,,,,8.0,6.0,,,3.0,,,,,,1.0,1.0,,89.0,,,,,,,5.0,,6.8,,,,,,2.0,,,1.0,,14.0,12.0,26.0,0,2.0,39.0,2.0,3.0,1.0,
2021-22,9576084,13,39,Wolverhampton_Wanderers,Away,830431,222564,Francisco Trincão,francisco-trincao,M,False,,,1.0,12.0,6.0,18.0,1.0,,1.0,,,,,,,3.0,7.0,2.0,,,2.0,,,,,,1.0,,,68.0,,,,,,,7.0,,6.5,,,,,,2.0,,,1.0,,13.0,7.0,20.0,0,1.0,31.0,1.0,,1.0,1.0
2021-22,9576084,13,39,Wolverhampton_Wanderers,Away,894474,214048,Max Kilman,max-kilman,D,False,,,5.0,30.0,40.0,70.0,,3.0,,,,,,,,,,6.0,,,,,,,,,,,,90.0,,,,,,,5.0,,7.4,,,,,,1.0,,,5.0,,33.0,42.0,75.0,0,2.0,81.0,,,1.0,1.0
2021-22,9576084,13,39,Wolverhampton_Wanderers,Away,931278,448514,Rayan Aït-Nouri,rayan-ait-nouri,D,False,1.0,,1.0,21.0,18.0,38.0,,1.0,5.0,,,,,,,2.0,5.0,5.0,,,,,,,,,4.0,1.0,,90.0,1.0,,,,,,26.0,,7.0,,,,,,3.0,5.0,,6.0,,32.0,25.0,52.0,1,3.0,83.0,2.0,1.0,,
2021-22,9576084,13,39,Wolverhampton_Wanderers,Away,954044,441271,Ki-Jana Hoever,ki-jana-hoever,D,True,,,,,,,,,2.0,,,,,,,1.0,1.0,,,,,,,,,,,,,1.0,,,,,,,3.0,,,,,,,,,,,,,,2.0,2.0,0,,3.0,,,,
2021-22,9576084,13,39,Wolverhampton_Wanderers,Away,954076,449988,Fábio Silva,fabio-silva,F,True,,,,,,,,,,,,,,,,,,,,,,,,,,,,,,,,,,,,,,,,,,,,,,,,,,,,,0,,,,,,
2021-22,9576084,13,39,Wolverhampton_Wanderers,Away,980633,242510,Louie Moulden,louie-moulden,G,True,,,,,,,,,,,,,,,,,,,,,,,,,,,,,,,,,,,,,,,,,,,,,,,,,,,,,0,,,,,,
2021-22,9576084,13,39,Wolverhampton_Wanderers,Away,988966,245923,Luke Cundle,luke-cundle,M,True,,,,,,,,,,,,,,,,,,,,,,,,,,,,,,,,,,,,,,,,,,,,,,,,,,,,,0,,,,,,
2021-22,9576175,14,39,Wolverhampton_Wanderers,Home,1131,19236,John Ruddy,john-ruddy,G,True,,,,,,,,,,,,,,,,,,,,,,,,,,,,,,,,,,,,,,,,,,,,,,,,,,,,,0,,,,,,
2021-22,9576175,14,39,Wolverhampton_Wanderers,Home,6562,19624,João Moutinho,joao-moutinho,M,False,,,9.0,49.0,30.0,79.0,3.0,1.0,11.0,,,,3.0,,,,7.0,2.0,,,1.0,,,,,,1.0,2.0,,90.0,,,,,,,11.0,,7.0,,,1.0,,,,3.0,,14.0,,57.0,33.0,87.0,1,,97.0,,1.0,,
2021-22,9576175,14,39,Wolverhampton_Wanderers,Home,98449,94147,Conor Coady,conor-coady,D,False,,,3.0,8.0,32.0,40.0,,1.0,5.0,,,,,,,,,1.0,,,,,,,,,1.0,,,90.0,,,,,,,10.0,,7.1,,,,,5.0,,,,5.0,,10.0,38.0,48.0,0,,56.0,1.0,,,
2021-22,9576175,14,39,Wolverhampton_Wanderers,Home,187729,107613,Romain Saïss,romain-saiss,D,False,,,6.0,25.0,27.0,52.0,3.0,9.0,7.0,,,,2.0,,,,5.0,11.0,,,,,,,,,2.0,,,90.0,,,,,,,18.0,,7.2,,,1.0,,3.0,,,,11.0,,31.0,37.0,68.0,1,2.0,81.0,2.0,1.0,,2.0
2021-22,9576175,14,39,Wolverhampton_Wanderers,Home,190405,151589,Leander Dendoncker,leander-dendoncker,M,False,,,3.0,29.0,32.0,61.0,2.0,6.0,6.0,,,,2.0,,,1.0,5.0,9.0,,,,,,,,,,3.0,,90.0,1.0,,,,,,19.0,,7.2,,,,,,,1.0,,6.0,,41.0,37.0,77.0,1,2.0,92.0,1.0,1.0,,
2021-22,9576175,14,39,Wolverhampton_Wanderers,Home,192442,102057,Raúl Jiménez,raul-jimenez,F,False,,,1.0,9.0,8.0,17.0,8.0,1.0,2.0,,,1.0,,,,2.0,16.0,3.0,,,2.0,,,,,,,1.0,,90.0,,,,,,,22.0,,6.4,,,2.0,,,6.0,,,2.0,,18.0,10.0,28.0,3,,49.0,4.0,,2.0,
2021-22,9576175,14,39,Wolverhampton_Wanderers,Home,252669,149065,José Sá,jose-sa,G,False,,1.0,4.0,3.0,12.0,15.0,,,7.0,,,,1.0,,,,1.0,1.0,,,,,,,1.0,,,,1.0,90.0,,,,,,,13.0,2.0,7.5,1.0,1.0,,,3.0,,,1.0,17.0,,14.0,14.0,28.0,0,1.0,35.0,,,,1.0
2021-22,9576175,14,39,Wolverhampton_Wanderers,Home,252821,200402,Nélson Semedo,nelson-semedo,D,False,1.0,,1.0,34.0,17.0,50.0,2.0,3.0,8.0,,,,,,,1.0,4.0,7.0,,,,,,,,,,1.0,,90.0,,,,,,,23.0,,7.1,,,1.0,,2.0,1.0,6.0,,6.0,1.0,46.0,23.0,63.0,1,4.0,97.0,2.0,,,4.0
2021-22,9576175,14,39,Wolverhampton_Wanderers,Home,286165,159533,Adama Traoré,adama-traore,F,False,1.0,,1.0,28.0,5.0,32.0,4.0,1.0,3.0,,,1.0,1.0,,,,6.0,10.0,,,,,,,,1.0,,2.0,,90.0,,,,,,,17.0,,7.8,,,3.0,,,9.0,6.0,,1.0,,38.0,6.0,38.0,4,,64.0,5.0,1.0,8.0,
2021-22,9576175,14,39,Wolverhampton_Wanderers,Home,786186,184754,Hwang Hee-chan,hwang-hee-chan,F,False,,,1.0,19.0,12.0,31.0,1.0,2.0,5.0,,,1.0,,,,1.0,4.0,8.0,,,,,,,,,,1.0,,84.0,1.0,,,,,,16.0,,7.2,,,,,1.0,7.0,,,2.0,,27.0,12.0,39.0,2,,60.0,5.0,2.0,5.0,
2021-22,9576175,14,39,Wolverhampton_Wanderers,Home,830431,222564,Francisco Trincão,francisco-trincao,M,True,,,,4.0,,4.0,1.0,,,,,1.0,,,,1.0,3.0,,,,,,,,,,,1.0,,11.0,,,,,,,3.0,,6.4,,,,,,1.0,1.0,,,,5.0,,4.0,1,,8.0,,,,
2021-22,9576175,14,39,Wolverhampton_Wanderers,Home,894474,214048,Max Kilman,max-kilman,D,False,,,5.0,16.0,33.0,49.0,1.0,3.0,7.0,,,,,,,1.0,3.0,6.0,,,1.0,,,,,,6.0,1.0,,90.0,,1.0,,,,,6.0,,7.8,,,,,4.0,1.0,,,9.0,,19.0,35.0,54.0,0,2.0,72.0,,,1.0,
2021-22,9576175,14,39,Wolverhampton_Wanderers,Home,931278,448514,Rayan Aït-Nouri,rayan-ait-nouri,D,False,2.0,,,26.0,16.0,40.0,1.0,1.0,10.0,,,1.0,1.0,,,1.0,6.0,6.0,,,1.0,,,,,,,,,90.0,,,,,,,30.0,,6.8,,,1.0,,,4.0,10.0,,7.0,,43.0,22.0,55.0,2,3.0,86.0,1.0,,2.0,
2021-22,9576175,14,39,Wolverhampton_Wanderers,Home,954044,441271,Ki-Jana Hoever,ki-jana-hoever,D,True,,,,,,,,,,,,,,,,,,,,,,,,,,,,,,,,,,,,,,,,,,,,,,,,,,,,,0,,,,,,
2021-22,9576175,14,39,Wolverhampton_Wanderers,Home,954076,449988,Fábio Silva,fabio-silva,F,True,,,,,,,,,,,,,,,,,,,,,,,,,,,,,,,,,,,,,,,,,,,,,,,,,,,,,0,,,,,,
2021-22,9576175,14,39,Wolverhampton_Wanderers,Home,980633,242510,Louie Moulden,louie-moulden,G,True,,,,,,,,,,,,,,,,,,,,,,,,,,,,,,,,,,,,,,,,,,,,,,,,,,,,,0,,,,,,
2021-22,9576175,14,39,Wolverhampton_Wanderers,Home,988966,245923,Luke Cundle,luke-cundle,M,True,,,,,,,,,,,,,,,,,,,,,,,,,,,,,,,,,,,,,,,,,,,,,,,,,,,,,0,,,,,,
2021-22,9576175,14,39,Wolverhampton_Wanderers,Home,1013928,490721,Hugo Bueno,hugo-bueno,M,True,,,,,,,,,,,,,,,,,,,,,,,,,,,,,,,,,,,,,,,,,,,,,,,,,,,,,0,,,,,,
2021-22,9576175,14,39,Wolverhampton_Wanderers,Home,1177311,461026,Chem Campbell,chem-campbell,M,True,,,,,,,,,,,,,,,,,,,,,,,,,,,,,,,,,,,,,,,,,,,,,,,,,,,,,0,,,,,,
2021-22,9576369,15,39,Wolverhampton_Wanderers,Home,1131,19236,John Ruddy,john-ruddy,G,True,,,,,,,,,,,,,,,,,,,,,,,,,,,,,,,,,,,,,,,,,,,,,,,,,,,,,0,,,,,,
2021-22,9576369,15,39,Wolverhampton_Wanderers,Home,6562,19624,João Moutinho,joao-moutinho,M,True,,,,1.0,4.0,5.0,,,5.0,,,,,,,1.0,1.0,1.0,,,,,,,,,,,,11.0,,,,,,,4.0,,6.4,,,,,,,,,1.0,,3.0,5.0,8.0,0,1.0,12.0,,,,1.0
2021-22,9576369,15,39,Wolverhampton_Wanderers,Home,98449,94147,Conor Coady,conor-coady,D,False,,,2.0,1.0,15.0,16.0,1.0,,1.0,,,,,1.0,,,1.0,,,,,,,,,,2.0,,,90.0,,1.0,,,,,4.0,,7.4,,,,,8.0,,,,3.0,,2.0,18.0,20.0,0,,31.0,,,,
2021-22,9576369,15,39,Wolverhampton_Wanderers,Home,187729,107613,Romain Saïss,romain-saiss,D,False,,,3.0,8.0,12.0,20.0,1.0,3.0,7.0,,,,,,,,1.0,5.0,,,,,,,,,1.0,,,90.0,,,,,,,12.0,,7.0,,,,,4.0,,1.0,,7.0,1.0,14.0,15.0,28.0,0,2.0,45.0,2.0,,,1.0
2021-22,9576369,15,39,Wolverhampton_Wanderers,Home,190405,151589,Leander Dendoncker,leander-dendoncker,M,False,,,,4.0,22.0,26.0,,,6.0,,,,1.0,,,,2.0,2.0,,,1.0,,,,,,,,,90.0,1.0,2.0,,,,,8.0,,7.1,,,1.0,,2.0,,,,,,8.0,24.0,32.0,2,2.0,47.0,2.0,,,
2021-22,9576369,15,39,Wolverhampton_Wanderers,Home,192442,102057,Raúl Jiménez,raul-jimenez,F,False,,,2.0,8.0,11.0,19.0,3.0,,5.0,,,,2.0,,,2.0,10.0,2.0,,,1.0,,,,,,,1.0,,90.0,,1.0,,,,,17.0,,6.3,,,,,,2.0,,,4.0,3.0,12.0,14.0,26.0,0,2.0,40.0,5.0,,,1.0
2021-22,9576369,15,39,Wolverhampton_Wanderers,Home,252669,149065,José Sá,jose-sa,G,False,,1.0,4.0,2.0,10.0,12.0,,,15.0,,,,,,,,,1.0,,1.0,,,,,2.0,,,,,90.0,,,,,,,16.0,,6.6,3.0,3.0,,,,,,2.0,20.0,,16.0,12.0,28.0,0,,40.0,,1.0,,
2021-22,9576369,15,39,Wolverhampton_Wanderers,Home,252821,200402,Nélson Semedo,nelson-semedo,D,False,1.0,,1.0,11.0,8.0,18.0,2.0,1.0,8.0,,,,2.0,,,2.0,8.0,3.0,,,1.0,,,,,,2.0,,,90.0,,,,,,,21.0,,6.2,,,,,5.0,3.0,1.0,,6.0,,17.0,13.0,29.0,0,,65.0,5.0,,2.0,
2021-22,9576369,15,39,Wolverhampton_Wanderers,Home,280955,171317,Rúben Neves,ruben-neves,M,False,1.0,,5.0,10.0,28.0,37.0,1.0,,12.0,,,,2.0,,,1.0,5.0,4.0,,,1.0,,,,,,2.0,,,90.0,,,,,,,13.0,,7.2,,,,,2.0,,1.0,,8.0,1.0,15.0,31.0,45.0,0,4.0,62.0,2.0,,,1.0
2021-22,9576369,15,39,Wolverhampton_Wanderers,Home,286165,159533,Adama Traoré,adama-traore,F,False,,,,7.0,4.0,11.0,1.0,,3.0,,,,1.0,,,3.0,5.0,6.0,,,,,,,,,,,,89.0,,,,,,,13.0,,6.7,,,,,1.0,2.0,1.0,,2.0,2.0,11.0,8.0,18.0,0,,35.0,2.0,4.0,2.0,
2021-22,9576369,15,39,Wolverhampton_Wanderers,Home,308764,200600,Daniel Podence,daniel-podence,M,True,,,,,,,,,,,,,,,,,,,,,,,,,,,,,,,,,,,,,,,,,,,,,,,,,,,,,0,,,,,,
2021-22,9576369,15,39,Wolverhampton_Wanderers,Home,786186,184754,Hwang Hee-chan,hwang-hee-chan,F,False,,,1.0,5.0,8.0,13.0,1.0,,3.0,,,,,,,1.0,2.0,3.0,,,,,,,,,1.0,2.0,,79.0,,,,,,,8.0,,6.8,,,,,,1.0,,,1.0,,7.0,11.0,18.0,0,1.0,29.0,1.0,1.0,1.0,
2021-22,9576369,15,39,Wolverhampton_Wanderers,Home,830431,222564,Francisco Trincão,francisco-trincao,M,True,,,,,,,,,,,,,,,,,,,,,,,,,,,,,,9.0,,,,,,,1.0,,6.4,,,,,,,,,,,1.0,,1.0,0,,1.0,,,,
2021-22,9576369,15,39,Wolverhampton_Wanderers,Home,894474,214048,Max Kilman,max-kilman,D,False,,,3.0,5.0,21.0,26.0,1.0,,6.0,,,,,,,,2.0,4.0,,,,,,,,,2.0,,,90.0,,1.0,,,,,9.0,,7.0,,,,,4.0,4.0,,,6.0,,8.0,26.0,34.0,0,1.0,48.0,,,3.0,1.0
2021-22,9576369,15,39,Wolverhampton_Wanderers,Home,931278,448514,Rayan Aït-Nouri,rayan-ait-nouri,D,False,,,2.0,5.0,16.0,21.0,,,11.0,,,,,,,,1.0,11.0,,,,,,,,,,,,89.0,,,,,,,18.0,,7.6,,,1.0,,3.0,3.0,3.0,,9.0,,11.0,24.0,32.0,1,8.0,67.0,2.0,1.0,2.0,5.0
2021-22,9576369,15,39,Wolverhampton_Wanderers,Home,954044,441271,Ki-Jana Hoever,ki-jana-hoever,D,True,,,,,,,,,,,,,,,,,,,,,,,,,,,,,,1.0,,,,,,,1.0,,,,,,,,,,,,,1.0,,1.0,0,,1.0,,,,
2021-22,9576369,15,39,Wolverhampton_Wanderers,Home,954076,449988,Fábio Silva,fabio-silva,F,True,,,,,,,,,,,,,,,,,,,,,,,,,,,,,,,,,,,,,,,,,,,,,,,,,,,,,0,,,,,,
2021-22,9576369,15,39,Wolverhampton_Wanderers,Home,988966,245923,Luke Cundle,luke-cundle,M,True,,,,,,,,,,,,,,,,,,,,,,,,,,,,,,,,,,,,,,,,,,,,,,,,,,,,,0,,,,,,
2021-22,9576369,15,39,Wolverhampton_Wanderers,Home,1013928,490721,Hugo Bueno,hugo-bueno,M,True,,,,,,,,,,,,,,,,,,,,,,,,,,,,,,,,,,,,,,,,,,,,,,,,,,,,,0,,,,,,
2021-22,9576369,15,39,Wolverhampton_Wanderers,Home,1177311,461026,Chem Campbell,chem-campbell,M,True,,,,,,,,,,,,,,,,,,,,,,,,,,,,,,,,,,,,,,,,,,,,,,,,,,,,,0,,,,,,
2021-22,9576111,16,39,Wolverhampton_Wanderers,Away,1131,19236,John Ruddy,john-ruddy,G,True,,,,,,,,,,,,,,,,,,,,,,,,,,,,,,,,,,,,,,,,,,,,,,,,,,,,,0,,,,,,
2021-22,9576111,16,39,Wolverhampton_Wanderers,Away,6562,19624,João Moutinho,joao-moutinho,M,False,,,2.0,5.0,27.0,32.0,1.0,,4.0,,,,2.0,,,,3.0,4.0,,,1.0,,,,,,2.0,,,90.0,,1.0,,1.0,,,11.0,,6.7,,,,,,2.0,1.0,,4.0,,9.0,32.0,40.0,0,2.0,56.0,2.0,,2.0,1.0
2021-22,9576111,16,39,Wolverhampton_Wanderers,Away,98449,94147,Conor Coady,conor-coady,D,False,,,2.0,4.0,20.0,24.0,,,3.0,,,,,1.0,,,1.0,,,,1.0,,,,,,2.0,,,90.0,,3.0,,,,,3.0,,7.7,,,,,7.0,,,,4.0,,6.0,20.0,26.0,0,,41.0,1.0,,,
2021-22,9576111,16,39,Wolverhampton_Wanderers,Away,139310,90585,Willy Boly,willy-boly,D,True,,,,,,,,,,,,,,,,,,,,,,,,,,,,,,,,,,,,,,,,,,,,,,,,,,,,,0,,,,,,
2021-22,9576111,16,39,Wolverhampton_Wanderers,Away,143593,111291,Marçal,marcal,D,True,,,,,,,,,,,,,,,,,,,,,,,,,,,,,,,,,,,,,,,,,,,,,,,,,,,,,0,,,,,,
2021-22,9576111,16,39,Wolverhampton_Wanderers,Away,187729,107613,Romain Saïss,romain-saiss,D,False,,,4.0,2.0,25.0,27.0,,1.0,3.0,,,,1.0,,,,1.0,2.0,,,,,,,,,2.0,,,90.0,,1.0,,,,,9.0,,6.8,,,,,5.0,,,,8.0,,5.0,31.0,36.0,0,,48.0,,1.0,,
2021-22,9576111,16,39,Wolverhampton_Wanderers,Away,190405,151589,Leander Dendoncker,leander-dendoncker,M,False,,,,4.0,8.0,12.0,2.0,1.0,1.0,,,,1.0,,,,4.0,6.0,,,1.0,,,,,,2.0,,,87.0,,,,,,,3.0,,7.0,,,,,3.0,1.0,,,,,6.0,8.0,14.0,0,3.0,32.0,1.0,1.0,1.0,2.0
2021-22,9576111,16,39,Wolverhampton_Wanderers,Away,192442,102057,Raúl Jiménez,raul-jimenez,F,False,,,2.0,7.0,1.0,8.0,1.0,3.0,2.0,,,,,,,,3.0,5.0,,,1.0,,,,,,,,,47.0,,,,,,,6.0,,5.8,,,1.0,,2.0,1.0,,,2.0,,9.0,2.0,11.0,1,1.0,19.0,2.0,1.0,,
2021-22,9576111,16,39,Wolverhampton_Wanderers,Away,252669,149065,José Sá,jose-sa,G,False,,,3.0,1.0,14.0,15.0,,2.0,12.0,,,,,,,,,2.0,,,,,,,1.0,,1.0,,,90.0,,,,,1.0,,13.0,1.0,8.3,6.0,8.0,,,2.0,,,,16.0,,8.0,20.0,28.0,0,,50.0,,,,
2021-22,9576111,16,39,Wolverhampton_Wanderers,Away,252821,200402,Nélson Semedo,nelson-semedo,D,False,,,,6.0,12.0,18.0,,,10.0,,,,,,,,,3.0,,,,,,,,,,,,90.0,,,,,,,12.0,,6.8,,,,,2.0,,,,2.0,,10.0,18.0,28.0,0,2.0,40.0,2.0,1.0,,1.0
2021-22,9576111,16,39,Wolverhampton_Wanderers,Away,280955,171317,Rúben Neves,ruben-neves,M,False,,,,2.0,29.0,31.0,1.0,,6.0,,,,2.0,,,,3.0,2.0,,,,,,,,,,,,82.0,,,,,,,13.0,,6.3,,,,,,,1.0,,6.0,,6.0,37.0,42.0,0,2.0,50.0,1.0,,,2.0
2021-22,9576111,16,39,Wolverhampton_Wanderers,Away,286165,159533,Adama Traoré,adama-traore,F,False,,,,3.0,4.0,7.0,1.0,,2.0,,,,,,,,3.0,10.0,,,1.0,,,,,,,,,67.0,,,,,,,6.0,,7.1,,,,,,7.0,,,,,4.0,6.0,10.0,0,,24.0,2.0,4.0,6.0,
2021-22,9576111,16,39,Wolverhampton_Wanderers,Away,308764,200600,Daniel Podence,daniel-podence,M,True,1.0,,,2.0,1.0,2.0,,,,,,,,,,,1.0,,,,,,,,,,,1.0,,8.0,,,,,,,1.0,,6.6,,,,,,1.0,1.0,,,,2.0,1.0,2.0,0,,5.0,,,,
2021-22,9576111,16,39,Wolverhampton_Wanderers,Away,786186,184754,Hwang Hee-chan,hwang-hee-chan,F,True,,,,2.0,1.0,3.0,1.0,,,,,,1.0,,,1.0,3.0,1.0,,,,,,,,,,,,23.0,,,,,,,2.0,,6.4,,,,,,,,,,,2.0,1.0,3.0,0,,7.0,1.0,1.0,,
2021-22,9576111,16,39,Wolverhampton_Wanderers,Away,830431,222564,Francisco Trincão,francisco-trincao,M,True,,,,2.0,1.0,3.0,1.0,,1.0,,,,,,,,3.0,,,1.0,,,,,,,,,,8.0,,,,,,,5.0,,5.9,,,,,,2.0,,,,,3.0,2.0,5.0,0,,9.0,,,,
2021-22,9576111,16,39,Wolverhampton_Wanderers,Away,894474,214048,Max Kilman,max-kilman,D,False,,,1.0,6.0,25.0,31.0,2.0,2.0,5.0,,,,1.0,,,,3.0,2.0,,,,,,,,,4.0,,,90.0,1.0,2.0,,,,,5.0,,7.3,,,,,5.0,,,,3.0,,8.0,27.0,35.0,1,,54.0,1.0,,,
2021-22,9576111,16,39,Wolverhampton_Wanderers,Away,931278,448514,Rayan Aït-Nouri,rayan-ait-nouri,D,False,1.0,,2.0,3.0,16.0,18.0,,1.0,9.0,,,,1.0,,,2.0,6.0,8.0,,,,,,,,,4.0,1.0,,90.0,,,,,,,19.0,,6.9,,,,,3.0,5.0,1.0,,9.0,,8.0,23.0,30.0,0,4.0,64.0,1.0,1.0,2.0,3.0
2021-22,9576111,16,39,Wolverhampton_Wanderers,Away,954044,441271,Ki-Jana Hoever,ki-jana-hoever,D,True,,,,,,,,,,,,,,,,,,,,,,,,,,,,,,,,,,,,,,,,,,,,,,,,,,,,,0,,,,,,
2021-22,9576111,16,39,Wolverhampton_Wanderers,Away,954076,449988,Fábio Silva,fabio-silva,F,True,,,,,,,,,,,,,,,,,,,,,,,,,,,,,,,,,,,,,,,,,,,,,,,,,,,,,0,,,,,,
2021-22,9576111,16,39,Wolverhampton_Wanderers,Away,988966,245923,Luke Cundle,luke-cundle,M,True,,,,,,,,,,,,,,,,,,,,,,,,,,,,,,,,,,,,,,,,,,,,,,,,,,,,,0,,,,,,
2021-22,9576104,17,39,Wolverhampton_Wanderers,Away,1131,19236,John Ruddy,john-ruddy,G,True,,,,,,,,,,,,,,,,,,,,,,,,,,,,,,,,,,,,,,,,,,,,,,,,,,,,,0,,,,,,
2021-22,9576104,17,39,Wolverhampton_Wanderers,Away,6562,19624,João Moutinho,joao-moutinho,M,False,,,4.0,13.0,18.0,31.0,2.0,,10.0,,,,1.0,,,,6.0,7.0,,,3.0,,,,,,1.0,1.0,,90.0,,,,,,,6.0,,7.3,,,,,,1.0,1.0,,7.0,,18.0,19.0,36.0,0,5.0,47.0,,1.0,1.0,3.0
2021-22,9576104,17,39,Wolverhampton_Wanderers,Away,98449,94147,Conor Coady,conor-coady,D,False,,,4.0,2.0,30.0,32.0,,2.0,9.0,,,,1.0,,,,1.0,4.0,,,,,,,,,,,,90.0,,,,,,,8.0,,7.0,,,,,3.0,,,,8.0,,4.0,35.0,39.0,0,2.0,45.0,1.0,,,1.0
2021-22,9576104,17,39,Wolverhampton_Wanderers,Away,139310,90585,Willy Boly,willy-boly,D,True,,,,,,,,,,,,,,,,,,,,,,,,,,,,,,,,,,,,,,,,,,,,,,,,,,,,,0,,,,,,
2021-22,9576104,17,39,Wolverhampton_Wanderers,Away,143593,111291,Marçal,marcal,D,False,,,1.0,8.0,18.0,26.0,,1.0,9.0,,,,,,,,5.0,8.0,,,5.0,,,,,1.0,2.0,,,90.0,,,,,,,16.0,,7.1,,,,,4.0,1.0,5.0,,5.0,,18.0,21.0,34.0,0,3.0,67.0,2.0,3.0,1.0,1.0
2021-22,9576104,17,39,Wolverhampton_Wanderers,Away,187729,107613,Romain Saïss,romain-saiss,D,False,,,3.0,13.0,23.0,36.0,1.0,1.0,3.0,,,,,,,,2.0,2.0,,,1.0,,1.0,,,1.0,5.0,,,90.0,1.0,1.0,,,,,13.0,,8.2,,,1.0,,9.0,1.0,,,10.0,,17.0,31.0,48.0,2,,67.0,1.0,,1.0,
2021-22,9576104,17,39,Wolverhampton_Wanderers,Away,190405,151589,Leander Dendoncker,leander-dendoncker,M,True,,,,1.0,,1.0,,,,,,,,,,,1.0,1.0,,,1.0,,,,,,,,,10.0,,,,,,,1.0,,6.6,,,,,1.0,,,,,,1.0,1.0,2.0,0,1.0,4.0,,,,
2021-22,9576104,17,39,Wolverhampton_Wanderers,Away,252669,149065,José Sá,jose-sa,G,False,,,6.0,2.0,13.0,15.0,,,3.0,,,,,,,,,,,,,,,,,,,,,90.0,,,,,,,10.0,,7.2,2.0,2.0,,,,,,,16.0,,8.0,17.0,25.0,0,,31.0,,,,
2021-22,9576104,17,39,Wolverhampton_Wanderers,Away,252821,200402,Nélson Semedo,nelson-semedo,D,False,,,,10.0,5.0,15.0,1.0,,7.0,,,,2.0,,,,6.0,8.0,,,2.0,,,,,,,,,90.0,,,,,,,17.0,,6.9,,,1.0,,1.0,4.0,1.0,,3.0,,17.0,9.0,25.0,1,3.0,56.0,3.0,2.0,3.0,3.0
2021-22,9576104,17,39,Wolverhampton_Wanderers,Away,280955,171317,Rúben Neves,ruben-neves,M,False,,,3.0,10.0,29.0,39.0,4.0,,10.0,1.0,,,2.0,,,,6.0,,,,,1.0,,,,,,1.0,,90.0,1.0,,,,,,15.0,,6.9,,,,,,,2.0,,9.0,,18.0,34.0,50.0,1,,57.0,2.0,,,
2021-22,9576104,17,39,Wolverhampton_Wanderers,Away,286165,159533,Adama Traoré,adama-traore,F,True,,,,12.0,4.0,16.0,,1.0,4.0,1.0,,,1.0,,,7.0,9.0,6.0,,,1.0,,,,,,,3.0,,73.0,,1.0,,,,,14.0,,7.1,,,,,,4.0,,,1.0,,16.0,4.0,20.0,0,,36.0,3.0,1.0,4.0,
2021-22,9576104,17,39,Wolverhampton_Wanderers,Away,308764,200600,Daniel Podence,daniel-podence,M,False,,,1.0,17.0,5.0,22.0,1.0,1.0,1.0,,,1.0,,,,2.0,5.0,8.0,,,,,,,,,2.0,,,90.0,2.0,,,,,,12.0,,7.3,,,,,,7.0,2.0,,1.0,1.0,22.0,5.0,25.0,3,,47.0,2.0,2.0,5.0,
2021-22,9576104,17,39,Wolverhampton_Wanderers,Away,786186,184754,Hwang Hee-chan,hwang-hee-chan,F,False,,,,,,,,,,,,,,,,,1.0,,,,1.0,,,,,,,,,16.0,,,,,,,,,6.5,,,,,,,,,,,,,,0,,,,,,
2021-22,9576104,17,39,Wolverhampton_Wanderers,Away,830431,222564,Francisco Trincão,francisco-trincao,M,False,,,,15.0,8.0,23.0,,2.0,5.0,,1.0,,1.0,,,,4.0,6.0,,,,,,,,,,,,89.0,1.0,,,,,,16.0,,6.4,,,,,,5.0,2.0,,1.0,,19.0,13.0,30.0,1,1.0,45.0,1.0,1.0,2.0,
2021-22,9576104,17,39,Wolverhampton_Wanderers,Away,894474,214048,Max Kilman,max-kilman,D,False,,,2.0,6.0,20.0,26.0,,3.0,4.0,,,,,,,1.0,2.0,6.0,,,1.0,,,,,,,,,90.0,,1.0,,,,,6.0,,7.4,,,,,4.0,,,,3.0,,7.0,23.0,30.0,0,2.0,47.0,1.0,1.0,,1.0
2021-22,9576104,17,39,Wolverhampton_Wanderers,Away,954044,441271,Ki-Jana Hoever,ki-jana-hoever,D,True,,,,,,,,,,,,,,,,,,,,,,,,,,,,,,,,,,,,,,,,,,,,,,,,,,,,,0,,,,,,
2021-22,9576104,17,39,Wolverhampton_Wanderers,Away,954076,449988,Fábio Silva,fabio-silva,F,True,,,,1.0,,1.0,,,1.0,,,,,,,,,,,,,,,,,,,,,1.0,,,,,,,,,,,,,,,,,,,,1.0,,1.0,0,,1.0,,,,
2021-22,9576104,17,39,Wolverhampton_Wanderers,Away,980633,242510,Louie Moulden,louie-moulden,G,True,,,,,,,,,,,,,,,,,,,,,,,,,,,,,,,,,,,,,,,,,,,,,,,,,,,,,0,,,,,,
2021-22,9576104,17,39,Wolverhampton_Wanderers,Away,988966,245923,Luke Cundle,luke-cundle,M,True,,,,,,,,,,,,,,,,,,,,,,,,,,,,,,,,,,,,,,,,,,,,,,,,,,,,,0,,,,,,
2021-22,9576254,18,39,Wolverhampton_Wanderers,Home,1131,19236,John Ruddy,john-ruddy,G,True,,,,,,,,,,,,,,,,,,,,,,,,,,,,,,,,,,,,,,,,,,,,,,,,,,,,,0,,,,,,
2021-22,9576254,18,39,Wolverhampton_Wanderers,Home,6562,19624,João Moutinho,joao-moutinho,M,False,,,2.0,20.0,19.0,39.0,1.0,,7.0,,,,3.0,,,4.0,10.0,1.0,,,2.0,,,,,,1.0,1.0,,90.0,,,,,,,20.0,,6.2,,,,,1.0,,3.0,,5.0,,28.0,24.0,49.0,0,1.0,71.0,3.0,,,
2021-22,9576254,18,39,Wolverhampton_Wanderers,Home,98449,94147,Conor Coady,conor-coady,D,False,,,2.0,4.0,36.0,40.0,,,1.0,,,,,,,,,1.0,,,,,,,,,,,,90.0,,1.0,,,,,2.0,,7.2,,,,,5.0,,,,3.0,,5.0,37.0,42.0,0,1.0,49.0,,,,1.0
2021-22,9576254,18,39,Wolverhampton_Wanderers,Home,143593,111291,Marçal,marcal,D,False,1.0,,3.0,10.0,11.0,20.0,1.0,1.0,7.0,,,,1.0,,,1.0,6.0,2.0,,,2.0,,,,,,2.0,,,90.0,,,,,,,15.0,,6.8,,,,,3.0,1.0,3.0,,3.0,,14.0,18.0,29.0,0,1.0,59.0,1.0,,,
2021-22,9576254,18,39,Wolverhampton_Wanderers,Home,187729,107613,Romain Saïss,romain-saiss,D,False,,,2.0,12.0,25.0,37.0,2.0,1.0,2.0,,,,,,,2.0,4.0,5.0,,,,,,,,,5.0,,,90.0,,1.0,,,,,15.0,,7.4,,,,,5.0,,,,8.0,,22.0,28.0,50.0,0,3.0,70.0,,1.0,,3.0
2021-22,9576254,18,39,Wolverhampton_Wanderers,Home,190405,151589,Leander Dendoncker,leander-dendoncker,M,False,,,,12.0,12.0,24.0,1.0,2.0,6.0,,1.0,,5.0,,,,8.0,6.0,,,1.0,,,,,,,,,90.0,1.0,3.0,,,,,6.0,,6.7,,,,,1.0,1.0,,,,,15.0,14.0,29.0,1,4.0,46.0,,,,2.0
2021-22,9576254,18,39,Wolverhampton_Wanderers,Home,192442,102057,Raúl Jiménez,raul-jimenez,F,False,,,,10.0,12.0,22.0,3.0,4.0,4.0,,,,,,,1.0,8.0,9.0,,,2.0,,,,,,1.0,1.0,,89.0,,1.0,,,,,11.0,,6.9,,,,,1.0,3.0,,,,1.0,15.0,13.0,28.0,0,1.0,46.0,2.0,3.0,1.0,
2021-22,9576254,18,39,Wolverhampton_Wanderers,Home,252669,149065,José Sá,jose-sa,G,False,,,5.0,2.0,15.0,17.0,,,14.0,,,,,,,,,,,,,,,,3.0,,,,,90.0,,,,,,,13.0,2.0,7.3,1.0,1.0,,,3.0,,,,18.0,,9.0,21.0,30.0,0,,42.0,,,,
2021-22,9576254,18,39,Wolverhampton_Wanderers,Home,252821,200402,Nélson Semedo,nelson-semedo,D,True,,,,,,,,,,,,,,,,,,,,,,,,,,,,,,,,,,,,,,,,,,,,,,,,,,,,,0,,,,,,
2021-22,9576254,18,39,Wolverhampton_Wanderers,Home,280955,171317,Rúben Neves,ruben-neves,M,False,,,3.0,15.0,31.0,46.0,,1.0,9.0,,,,2.0,,,1.0,3.0,2.0,,,,,,,,,1.0,,,90.0,,,,,,,18.0,,6.5,,,,,2.0,,1.0,,8.0,,23.0,38.0,60.0,0,1.0,69.0,1.0,,,
2021-22,9576254,18,39,Wolverhampton_Wanderers,Home,286165,159533,Adama Traoré,adama-traore,F,True,,,,,,,1.0,,,,,,,,,,1.0,,,,,,,,,,,,,11.0,,,,,,,1.0,,6.5,,,,,,,,,,,,,,0,,1.0,1.0,,,
2021-22,9576254,18,39,Wolverhampton_Wanderers,Home,308764,200600,Daniel Podence,daniel-podence,M,False,2.0,,2.0,13.0,7.0,18.0,1.0,,3.0,1.0,,2.0,1.0,,,1.0,5.0,3.0,,,,,,,,,,1.0,,79.0,,,,,,,13.0,,6.9,,,1.0,,,2.0,3.0,,2.0,,17.0,12.0,26.0,3,2.0,40.0,1.0,1.0,,
2021-22,9576254,18,39,Wolverhampton_Wanderers,Home,830431,222564,Francisco Trincão,francisco-trincao,M,True,,,,,,,1.0,,,,,,,,,,1.0,,,,,,,,,,,,,1.0,,,,,,,1.0,,,,,,,,,,,,,,1.0,1.0,0,,1.0,,,,
2021-22,9576254,18,39,Wolverhampton_Wanderers,Home,845791,428610,Bruno Jordão,bruno-jordao,M,True,,,,,,,,,,,,,,,,,,,,,,,,,,,,,,,,,,,,,,,,,,,,,,,,,,,,,0,,,,,,
2021-22,9576254,18,39,Wolverhampton_Wanderers,Home,894474,214048,Max Kilman,max-kilman,D,False,,,1.0,15.0,36.0,51.0,2.0,2.0,4.0,,,,,,,,2.0,3.0,,,,,,,,,,,,90.0,,,,,,,5.0,,7.0,,,,,1.0,1.0,1.0,,3.0,,17.0,38.0,54.0,0,,61.0,1.0,,1.0,
2021-22,9576254,18,39,Wolverhampton_Wanderers,Home,954044,441271,Ki-Jana Hoever,ki-jana-hoever,D,False,,,,9.0,14.0,23.0,1.0,,2.0,,,,2.0,,,,4.0,5.0,,,2.0,,,,,,3.0,,,90.0,,,,,,,16.0,,7.1,,,,,4.0,2.0,3.0,,2.0,1.0,19.0,19.0,35.0,0,3.0,62.0,,,2.0,2.0
2021-22,9576254,18,39,Wolverhampton_Wanderers,Home,980633,242510,Louie Moulden,louie-moulden,G,True,,,,,,,,,,,,,,,,,,,,,,,,,,,,,,,,,,,,,,,,,,,,,,,,,,,,,0,,,,,,
2021-22,9576254,18,39,Wolverhampton_Wanderers,Home,988966,245923,Luke Cundle,luke-cundle,M,True,,,,,,,,,,,,,,,,,,,,,,,,,,,,,,,,,,,,,,,,,,,,,,,,,,,,,0,,,,,,
2021-22,9576254,18,39,Wolverhampton_Wanderers,Home,1013928,490721,Hugo Bueno,hugo-bueno,M,True,,,,,,,,,,,,,,,,,,,,,,,,,,,,,,,,,,,,,,,,,,,,,,,,,,,,,0,,,,,,
2021-22,10144893,19,39,Wolverhampton_Wanderers,Home,1131,19236,John Ruddy,john-ruddy,G,True,,,,,,,,,,,,,,,,,,,,,,,,,,,,,,,,,,,,,,,,,,,,,,,,,,,,,0,,,,,,
2021-22,10144893,19,39,Wolverhampton_Wanderers,Home,6562,19624,João Moutinho,joao-moutinho,M,False,,,9.0,22.0,52.0,74.0,1.0,,6.0,,,,3.0,,,,4.0,3.0,,,,,,,,,,,,90.0,,1.0,,,,,4.0,,7.2,,,,,,,2.0,,9.0,,24.0,53.0,75.0,0,3.0,82.0,1.0,,,3.0
2021-22,10144893,19,39,Wolverhampton_Wanderers,Home,98449,94147,Conor Coady,conor-coady,D,False,,,3.0,9.0,62.0,71.0,,2.0,1.0,,,,,,,,1.0,2.0,,,1.0,,,,,,1.0,,,90.0,,,,,,,3.0,,7.1,,,,,2.0,,,,3.0,,12.0,62.0,74.0,0,,77.0,,,,
2021-22,10144893,19,39,Wolverhampton_Wanderers,Home,139310,90585,Willy Boly,willy-boly,D,False,,,1.0,17.0,57.0,74.0,4.0,6.0,5.0,,,,,,,1.0,6.0,7.0,,,1.0,,,,,,1.0,,,90.0,,,,,,,10.0,,7.0,,,,,1.0,,,,3.0,,22.0,61.0,83.0,0,1.0,89.0,,,,1.0
2021-22,10144893,19,39,Wolverhampton_Wanderers,Home,143593,111291,Marçal,marcal,D,True,,,,,,,,,,,,,,,,,,,,,,,,,,,,,,,,,,,,,,,,,,,,,,,,,,,,,0,,,,,,
2021-22,10144893,19,39,Wolverhampton_Wanderers,Home,187729,107613,Romain Saïss,romain-saiss,D,False,,,1.0,24.0,62.0,86.0,1.0,4.0,9.0,,,,1.0,,,,3.0,6.0,,,1.0,,,,,,1.0,,,90.0,,2.0,,,,,17.0,,7.3,,,,,2.0,,,,6.0,,32.0,70.0,102.0,0,2.0,114.0,1.0,,,1.0
2021-22,10144893,19,39,Wolverhampton_Wanderers,Home,190405,151589,Leander Dendoncker,leander-dendoncker,M,True,,,,,,,,,,,,,,,,,,,,,,,,,,,,,,,,,,,,,,,,,,,,,,,,,,,,,0,,,,,,
2021-22,10144893,19,39,Wolverhampton_Wanderers,Home,192442,102057,Raúl Jiménez,raul-jimenez,F,False,,,1.0,10.0,4.0,14.0,1.0,1.0,2.0,,,,,,,,2.0,6.0,,,2.0,,1.0,,,,,1.0,,71.0,1.0,,,,,,11.0,,7.5,,,,,1.0,2.0,,,1.0,,16.0,5.0,21.0,1,,32.0,3.0,3.0,2.0,
2021-22,10144893,19,39,Wolverhampton_Wanderers,Home,235648,114128,Jonny Otto,jonny-otto,D,False,2.0,,2.0,21.0,23.0,42.0,1.0,,2.0,,,,,,,1.0,6.0,3.0,,,1.0,,,,,,1.0,1.0,,82.0,,1.0,,,,,12.0,,6.7,,,,,1.0,3.0,2.0,,3.0,,26.0,25.0,49.0,0,,78.0,1.0,3.0,,
2021-22,10144893,19,39,Wolverhampton_Wanderers,Home,252669,149065,José Sá,jose-sa,G,False,,,1.0,,28.0,28.0,,,3.0,,,,,,,,,,,,,,,,,,,,,90.0,,,,,,,1.0,1.0,6.9,,,,,1.0,,,,2.0,,,29.0,29.0,0,,32.0,,,,
2021-22,10144893,19,39,Wolverhampton_Wanderers,Home,280955,171317,Rúben Neves,ruben-neves,M,False,1.0,,19.0,41.0,54.0,94.0,1.0,1.0,10.0,,,,2.0,,,,3.0,5.0,,,,,1.0,,,,1.0,1.0,,90.0,1.0,,,,,,7.0,,8.4,,,,,,,2.0,,21.0,,44.0,56.0,98.0,1,3.0,110.0,1.0,1.0,,2.0
2021-22,10144893,19,39,Wolverhampton_Wanderers,Home,308764,200600,Daniel Podence,daniel-podence,M,False,1.0,,,20.0,6.0,25.0,2.0,,5.0,,,,,,,1.0,8.0,3.0,,,1.0,,1.0,,,,2.0,,,90.0,2.0,,,,,,25.0,,7.3,,,2.0,,,5.0,5.0,,1.0,,34.0,10.0,39.0,4,,65.0,1.0,2.0,1.0,
2021-22,10144893,19,39,Wolverhampton_Wanderers,Home,786186,184754,Hwang Hee-chan,hwang-hee-chan,F,False,,,,5.0,10.0,15.0,,1.0,3.0,1.0,,1.0,1.0,,,,2.0,3.0,,,1.0,1.0,,,,,1.0,1.0,,61.0,,,,,,,8.0,,7.1,,,,,,1.0,,,,,8.0,11.0,19.0,1,1.0,27.0,4.0,,1.0,
2021-22,10144893,19,39,Wolverhampton_Wanderers,Home,830431,222564,Francisco Trincão,francisco-trincao,M,True,,,,,,,,,,,,,,,,,,,,,,,,,,,,,,,,,,,,,,,,,,,,,,,,,,,,,0,,,,,,
2021-22,10144893,19,39,Wolverhampton_Wanderers,Home,879349,247632,Pedro Neto,pedro-neto,M,True,2.0,,1.0,14.0,5.0,17.0,,1.0,1.0,1.0,,,2.0,,,1.0,3.0,2.0,,,,,,,,,1.0,1.0,,29.0,1.0,,,,,,3.0,,7.2,,,1.0,,,1.0,3.0,,1.0,1.0,15.0,5.0,17.0,2,,27.0,1.0,,1.0,
2021-22,10144893,19,39,Wolverhampton_Wanderers,Home,894474,214048,Max Kilman,max-kilman,D,True,,,,,,,,,,,,,,,,,,,,,,,,,,,,,,,,,,,,,,,,,,,,,,,,,,,,,0,,,,,,
2021-22,10144893,19,39,Wolverhampton_Wanderers,Home,931278,448514,Rayan Aït-Nouri,rayan-ait-nouri,D,False,2.0,,1.0,22.0,26.0,46.0,1.0,1.0,7.0,,,,1.0,,,1.0,4.0,1.0,,,1.0,,,,,,,1.0,,90.0,,,,,,,14.0,,6.9,,,,,,,7.0,,2.0,,29.0,28.0,50.0,0,,72.0,4.0,,,
2021-22,10144893,19,39,Wolverhampton_Wanderers,Home,954076,449988,Fábio Silva,fabio-silva,F,True,,,,2.0,,2.0,,,,,1.0,,1.0,,,,2.0,,,,1.0,,,,,,,,,19.0,,,,,,,4.0,,6.0,,,1.0,,,,,,1.0,,4.0,1.0,5.0,1,,7.0,1.0,,,
2021-22,10144893,19,39,Wolverhampton_Wanderers,Home,988966,245923,Luke Cundle,luke-cundle,M,True,,,,,,,,,,,,,,,,,,,,,,,,,,,,,,,,,,,,,,,,,,,,,,,,,,,,,0,,,,,,
2021-22,10144893,19,39,Wolverhampton_Wanderers,Home,1015826,510363,Chiquinho,chiquinho,F,True,,,,2.0,1.0,3.0,,1.0,,,,,,,,,2.0,2.0,,,1.0,1.0,,,,,,1.0,,8.0,,,,,,,5.0,,6.8,,,,,,2.0,,,,,4.0,1.0,5.0,0,,10.0,2.0,,1.0,
2021-22,10114694,20,39,Wolverhampton_Wanderers,Away,1131,19236,John Ruddy,john-ruddy,G,True,,,,,,,,,,,,,,,,,,,,,,,,,,,,,,,,,,,,,,,,,,,,,,,,,,,,,0,,,,,,
2021-22,10114694,20,39,Wolverhampton_Wanderers,Away,6562,19624,João Moutinho,joao-moutinho,M,False,,,1.0,15.0,21.0,36.0,,,8.0,,,,4.0,,,,6.0,3.0,,,1.0,,,,,,1.0,,,90.0,,,,,,,17.0,,6.2,,,1.0,,1.0,2.0,3.0,,3.0,,23.0,27.0,47.0,1,,61.0,2.0,2.0,1.0,
2021-22,10114694,20,39,Wolverhampton_Wanderers,Away,98449,94147,Conor Coady,conor-coady,D,False,,,2.0,2.0,25.0,27.0,,,5.0,,,,2.0,,,,3.0,3.0,,,1.0,,,,,,2.0,,,90.0,,2.0,,,,,7.0,,6.7,,,,,4.0,,,,6.0,,4.0,30.0,34.0,0,3.0,45.0,,,,2.0
2021-22,10114694,20,39,Wolverhampton_Wanderers,Away,143593,111291,Marçal,marcal,D,True,,,,,,,,,,,,,,,,,,,,,,,,,,,,,,,,,,,,,,,,,,,,,,,,,,,,,0,,,,,,
2021-22,10114694,20,39,Wolverhampton_Wanderers,Away,187729,107613,Romain Saïss,romain-saiss,D,False,,,3.0,7.0,37.0,44.0,1.0,,8.0,,,,,,,,1.0,4.0,,,,,,,,,2.0,,,90.0,,3.0,,,,,17.0,,7.1,,,,,5.0,2.0,,,11.0,1.0,15.0,46.0,61.0,0,1.0,75.0,,1.0,2.0,1.0
2021-22,10114694,20,39,Wolverhampton_Wanderers,Away,190405,151589,Leander Dendoncker,leander-dendoncker,M,True,,,,,3.0,3.0,,,1.0,,,,,,,,,1.0,,,,,,,,,,,,8.0,,1.0,,,,,,,6.7,,,,,,,,,,,,3.0,3.0,0,1.0,5.0,,,,
2021-22,10114694,20,39,Wolverhampton_Wanderers,Away,192442,102057,Raúl Jiménez,raul-jimenez,F,False,,,,3.0,7.0,10.0,6.0,5.0,6.0,,1.0,,2.0,,,1.0,12.0,9.0,,,3.0,,,,,,1.0,,,90.0,,1.0,,,,,13.0,,6.4,,,2.0,,,1.0,,,,1.0,6.0,10.0,16.0,2,2.0,34.0,5.0,2.0,,
2021-22,10114694,20,39,Wolverhampton_Wanderers,Away,235648,114128,Jonny Otto,jonny-otto,D,True,,,1.0,6.0,2.0,8.0,,2.0,2.0,,,,,,,,2.0,5.0,,,1.0,,,,,,2.0,,,29.0,,,,,,,2.0,,6.6,,,,,,1.0,,,1.0,,6.0,3.0,9.0,0,3.0,16.0,,,,3.0
2021-22,10114694,20,39,Wolverhampton_Wanderers,Away,252669,149065,José Sá,jose-sa,G,False,,,4.0,3.0,12.0,15.0,,,15.0,,,,,,1.0,,,,,,,,,-0.489,1.0,,,,,90.0,,,1.0,,,,14.0,,6.7,3.0,4.0,,,,,,,17.0,,14.0,14.0,28.0,0,,44.0,,,,
2021-22,10114694,20,39,Wolverhampton_Wanderers,Away,252821,200402,Nélson Semedo,nelson-semedo,D,False,,,,9.0,10.0,19.0,1.0,,5.0,,,,1.0,,,,3.0,4.0,,,,,,,,,,,,61.0,,,,,,,9.0,,6.6,,,,,1.0,1.0,,,3.0,,13.0,13.0,26.0,0,3.0,41.0,,1.0,,3.0
2021-22,10114694,20,39,Wolverhampton_Wanderers,Away,280955,171317,Rúben Neves,ruben-neves,M,False,1.0,,4.0,16.0,16.0,31.0,1.0,2.0,6.0,,,,5.0,,,1.0,8.0,4.0,,,,,,,,,6.0,,,90.0,,1.0,,,,,16.0,,6.7,,,,,5.0,1.0,3.0,,7.0,,23.0,21.0,41.0,0,2.0,67.0,1.0,,,2.0
2021-22,10114694,20,39,Wolverhampton_Wanderers,Away,308764,200600,Daniel Podence,daniel-podence,M,False,1.0,,1.0,14.0,8.0,21.0,,,2.0,2.0,,,,,,1.0,2.0,2.0,,,1.0,,,,,,1.0,3.0,,89.0,,,,,,,10.0,,7.4,,,,,,1.0,2.0,,2.0,,19.0,11.0,28.0,0,,37.0,1.0,1.0,1.0,
2021-22,10114694,20,39,Wolverhampton_Wanderers,Away,786186,184754,Hwang Hee-chan,hwang-hee-chan,F,False,,,1.0,8.0,14.0,22.0,1.0,2.0,8.0,,1.0,,2.0,,,,5.0,6.0,,,2.0,,1.0,,,,,,,75.0,2.0,,,,,,8.0,,7.2,,,,,,1.0,,,3.0,,9.0,20.0,29.0,2,3.0,38.0,1.0,,1.0,2.0
2021-22,10114694,20,39,Wolverhampton_Wanderers,Away,830431,222564,Francisco Trincão,francisco-trincao,M,True,,,,,,,,,,,,,,,,,,,,,,,,,,,,,,,,,,,,,,,,,,,,,,,,,,,,,0,,,,,,
2021-22,10114694,20,39,Wolverhampton_Wanderers,Away,879349,247632,Pedro Neto,pedro-neto,M,True,,,,4.0,,4.0,,,1.0,,,,2.0,,,1.0,4.0,,,,,,,,,,,,,15.0,,,,,,,2.0,,6.2,,,1.0,,,1.0,,,,,4.0,,4.0,1,,7.0,,,,
2021-22,10114694,20,39,Wolverhampton_Wanderers,Away,894474,214048,Max Kilman,max-kilman,D,False,,,5.0,15.0,21.0,36.0,,1.0,3.0,,,,,,,1.0,1.0,2.0,,,,,,,,,,,,90.0,,1.0,,,,,13.0,,6.4,,,,,3.0,1.0,,,12.0,,23.0,24.0,47.0,0,,54.0,1.0,,1.0,
2021-22,10114694,20,39,Wolverhampton_Wanderers,Away,931278,448514,Rayan Aït-Nouri,rayan-ait-nouri,D,False,,,,6.0,21.0,27.0,1.0,,3.0,,,,,,,1.0,2.0,7.0,,,,,,,,,1.0,1.0,,90.0,,,,,,,12.0,,7.1,,,,,4.0,3.0,1.0,,2.0,,9.0,26.0,34.0,0,3.0,62.0,3.0,1.0,3.0,2.0
2021-22,10114694,20,39,Wolverhampton_Wanderers,Away,954076,449988,Fábio Silva,fabio-silva,F,True,,,,,,,,,,,,,,,,,,,,,,,,,,,,,,,,,,,,,,,,,,,,,,,,,,,,,0,,,,,,
2021-22,10114694,20,39,Wolverhampton_Wanderers,Away,973418,510362,Toti Gomes,toti-gomes,D,True,,,,,,,,,,,,,,,,,,,,,,,,,,,,,,,,,,,,,,,,,,,,,,,,,,,,,0,,,,,,
2021-22,10114694,20,39,Wolverhampton_Wanderers,Away,988966,245923,Luke Cundle,luke-cundle,M,True,,,,,,,,,,,,,,,,,,,,,,,,,,,,,,,,,,,,,,,,,,,,,,,,,,,,,0,,,,,,
2021-22,9576123,21,39,Wolverhampton_Wanderers,Away,1131,19236,John Ruddy,john-ruddy,G,True,,,,,,,,,,,,,,,,,,,,,,,,,,,,,,,,,,,,,,,,,,,,,,,,,,,,,0,,,,,,
2021-22,9576123,21,39,Wolverhampton_Wanderers,Away,6562,19624,João Moutinho,joao-moutinho,M,False,2.0,,7.0,36.0,20.0,54.0,1.0,,7.0,,,1.0,4.0,,,,6.0,8.0,,,1.0,,1.0,,,,,2.0,,90.0,1.0,,,,,,12.0,,8.1,,,,,,1.0,4.0,,9.0,,43.0,23.0,62.0,2,6.0,81.0,1.0,1.0,1.0,4.0
2021-22,9576123,21,39,Wolverhampton_Wanderers,Away,98449,94147,Conor Coady,conor-coady,D,False,,,3.0,4.0,19.0,23.0,,2.0,1.0,,,1.0,,,,,,3.0,,,,,,,,,,,,90.0,,1.0,,,,,7.0,,7.1,,,,,4.0,,1.0,,7.0,,8.0,22.0,29.0,1,1.0,39.0,,,,
2021-22,9576123,21,39,Wolverhampton_Wanderers,Away,143593,111291,Marçal,marcal,D,False,,,1.0,14.0,14.0,28.0,1.0,2.0,6.0,,,,2.0,,,,5.0,5.0,,,1.0,,,,,,1.0,,,90.0,,,,,,,17.0,,6.8,,,2.0,,2.0,1.0,2.0,,3.0,,21.0,19.0,38.0,2,2.0,57.0,3.0,1.0,,
2021-22,9576123,21,39,Wolverhampton_Wanderers,Away,187729,107613,Romain Saïss,romain-saiss,D,False,,,5.0,18.0,36.0,54.0,,3.0,7.0,,,,1.0,,,,3.0,3.0,,,2.0,,,,,1.0,2.0,,,90.0,,,,,,,12.0,,7.3,,,3.0,,3.0,,1.0,,7.0,,25.0,40.0,64.0,3,,76.0,,,,
2021-22,9576123,21,39,Wolverhampton_Wanderers,Away,190405,151589,Leander Dendoncker,leander-dendoncker,M,True,,,,4.0,1.0,5.0,,1.0,1.0,,,,,,,,,1.0,,,,,,,,,,,,9.0,,,,,,,1.0,,6.6,,,,,1.0,,,,,,5.0,1.0,6.0,0,,7.0,,,,
2021-22,9576123,21,39,Wolverhampton_Wanderers,Away,192442,102057,Raúl Jiménez,raul-jimenez,F,False,,,1.0,13.0,4.0,17.0,4.0,1.0,3.0,,,1.0,2.0,,,,9.0,3.0,,,1.0,,,,,,,2.0,,81.0,,,,,,,9.0,,6.7,,,1.0,,1.0,3.0,,,2.0,3.0,17.0,6.0,23.0,2,1.0,35.0,1.0,,1.0,
2021-22,9576123,21,39,Wolverhampton_Wanderers,Away,252669,149065,José Sá,jose-sa,G,False,,1.0,3.0,2.0,8.0,10.0,,,13.0,,,,,,,,,1.0,,,,,,,,,,,,90.0,,,,,,,5.0,1.0,7.5,,2.0,,,2.0,,,1.0,8.0,,5.0,10.0,15.0,0,,30.0,,1.0,,
2021-22,9576123,21,39,Wolverhampton_Wanderers,Away,252821,200402,Nélson Semedo,nelson-semedo,D,False,1.0,,,32.0,6.0,37.0,2.0,,4.0,,,1.0,1.0,,,1.0,6.0,6.0,,,1.0,,,,,,1.0,2.0,,90.0,1.0,1.0,,,,,15.0,,7.4,,,,,1.0,5.0,1.0,,,,40.0,7.0,46.0,2,2.0,81.0,2.0,,4.0,2.0
2021-22,9576123,21,39,Wolverhampton_Wanderers,Away,280955,171317,Rúben Neves,ruben-neves,M,False,,,7.0,32.0,23.0,55.0,,1.0,12.0,,,1.0,3.0,,,,3.0,2.0,,,,,,,,,1.0,,,90.0,1.0,,,,,,16.0,,6.9,,,1.0,,1.0,1.0,2.0,,12.0,,44.0,26.0,68.0,3,,81.0,1.0,,1.0,
2021-22,9576123,21,39,Wolverhampton_Wanderers,Away,286165,159533,Adama Traoré,adama-traore,F,True,,,,8.0,,8.0,1.0,,1.0,,,,,,,,3.0,2.0,,,,,,,,,,,,24.0,,,,,,,7.0,,6.5,,,,,,3.0,2.0,,,,12.0,,10.0,0,,18.0,1.0,1.0,1.0,
2021-22,9576123,21,39,Wolverhampton_Wanderers,Away,308764,200600,Daniel Podence,daniel-podence,M,False,1.0,,1.0,22.0,5.0,26.0,,,6.0,,,1.0,,,,2.0,7.0,4.0,,,,,,,,,,4.0,,88.0,3.0,,,,,,15.0,,7.2,,,,,,7.0,2.0,,2.0,,27.0,6.0,31.0,4,1.0,56.0,2.0,1.0,2.0,1.0
2021-22,9576123,21,39,Wolverhampton_Wanderers,Away,830431,222564,Francisco Trincão,francisco-trincao,M,False,2.0,,1.0,14.0,7.0,19.0,2.0,,5.0,,,,1.0,,,2.0,7.0,3.0,,,1.0,,,,,,1.0,4.0,,66.0,,,,,,,15.0,,7.0,,,,,,2.0,6.0,,3.0,,23.0,7.0,24.0,0,,44.0,2.0,2.0,1.0,
2021-22,9576123,21,39,Wolverhampton_Wanderers,Away,845791,428610,Bruno Jordão,bruno-jordao,M,True,,,,,,,,,,,,,,,,,,,,,,,,,,,,,,,,,,,,,,,,,,,,,,,,,,,,,0,,,,,,
2021-22,9576123,21,39,Wolverhampton_Wanderers,Away,894474,214048,Max Kilman,max-kilman,D,False,,,2.0,16.0,18.0,34.0,2.0,2.0,2.0,,,,,,,,2.0,3.0,,,,,,,,,2.0,,,90.0,,1.0,,,,,6.0,,7.2,,,,,3.0,1.0,,,5.0,,19.0,20.0,39.0,0,,48.0,1.0,,1.0,
2021-22,9576123,21,39,Wolverhampton_Wanderers,Away,931278,448514,Rayan Aït-Nouri,rayan-ait-nouri,D,True,,,,,,,,,,,,,,,,,,,,,,,,,,,,,,,,,,,,,,,,,,,,,,,,,,,,,0,,,,,,
2021-22,9576123,21,39,Wolverhampton_Wanderers,Away,954044,441271,Ki-Jana Hoever,ki-jana-hoever,D,True,,,,,,,,,,,,,,,,,,,,,,,,,,,,,,,,,,,,,,,,,,,,,,,,,,,,,0,,,,,,
2021-22,9576123,21,39,Wolverhampton_Wanderers,Away,954076,449988,Fábio Silva,fabio-silva,F,True,,,,2.0,,2.0,,,1.0,,,,,,,,1.0,2.0,,,1.0,,,,,,1.0,,,9.0,,,,,,,1.0,,6.7,,,,,,,,,,,2.0,,2.0,0,,6.0,1.0,2.0,,
2021-22,9576123,21,39,Wolverhampton_Wanderers,Away,988966,245923,Luke Cundle,luke-cundle,M,True,,,,,,,,,,,,,,,,,,,,,,,,,,,,,,,,,,,,,,,,,,,,,,,,,,,,,0,,,,,,
2021-22,9576123,21,39,Wolverhampton_Wanderers,Away,1013928,490721,Hugo Bueno,hugo-bueno,M,True,,,,,,,,,,,,,,,,,,,,,,,,,,,,,,,,,,,,,,,,,,,,,,,,,,,,,0,,,,,,
2021-22,9576316,22,39,Wolverhampton_Wanderers,Home,1131,19236,John Ruddy,john-ruddy,G,True,,,,,,,,,,,,,,,,,,,,,,,,,,,,,,,,,,,,,,,,,,,,,,,,,,,,,0,,,,,,
2021-22,9576316,22,39,Wolverhampton_Wanderers,Home,6562,19624,João Moutinho,joao-moutinho,M,False,,,1.0,14.0,16.0,30.0,1.0,,7.0,,,,2.0,,,,4.0,5.0,,,1.0,,,,,,3.0,1.0,,90.0,,,,,,,14.0,,6.7,,,,,1.0,,2.0,,5.0,,21.0,20.0,39.0,0,2.0,53.0,2.0,3.0,,2.0
2021-22,9576316,22,39,Wolverhampton_Wanderers,Home,98449,94147,Conor Coady,conor-coady,D,False,,,5.0,3.0,23.0,26.0,,1.0,3.0,,,,,,,,1.0,1.0,,,1.0,,1.0,,,,,,,90.0,1.0,,,,,,4.0,,7.3,,,,,5.0,,,,8.0,,5.0,25.0,30.0,1,,38.0,,,,
2021-22,9576316,22,39,Wolverhampton_Wanderers,Home,190405,151589,Leander Dendoncker,leander-dendoncker,M,False,,,1.0,8.0,22.0,30.0,2.0,,4.0,,,,4.0,,,,9.0,1.0,,,3.0,,,,,,,1.0,,90.0,,,,,,,4.0,,6.3,,,1.0,,2.0,,,,1.0,,8.0,25.0,33.0,1,1.0,42.0,1.0,,,
2021-22,9576316,22,39,Wolverhampton_Wanderers,Home,192442,102057,Raúl Jiménez,raul-jimenez,F,False,,,,8.0,8.0,16.0,4.0,1.0,3.0,,,1.0,,,,1.0,8.0,4.0,,,2.0,,1.0,,,,2.0,,,80.0,1.0,,,,,,9.0,,7.0,,,,,2.0,2.0,,,2.0,,10.0,11.0,21.0,2,,38.0,1.0,2.0,1.0,
2021-22,9576316,22,39,Wolverhampton_Wanderers,Home,252669,149065,José Sá,jose-sa,G,False,,2.0,2.0,2.0,5.0,7.0,,,18.0,,,,,,,,,2.0,,,,,,,2.0,,,,,90.0,,,,,,,11.0,2.0,8.8,7.0,9.0,,,4.0,1.0,,2.0,13.0,,12.0,6.0,18.0,0,,45.0,,1.0,1.0,
2021-22,9576316,22,39,Wolverhampton_Wanderers,Home,252821,200402,Nélson Semedo,nelson-semedo,D,False,,,4.0,12.0,8.0,20.0,,,7.0,,,,1.0,,,,1.0,3.0,,,,,,,,,2.0,,,90.0,,,,,,,21.0,,6.7,,,,,2.0,,2.0,,11.0,,25.0,12.0,35.0,0,2.0,62.0,4.0,1.0,,2.0
2021-22,9576316,22,39,Wolverhampton_Wanderers,Home,286165,159533,Adama Traoré,adama-traore,F,True,,,,2.0,,2.0,1.0,,,,,,,,,,1.0,2.0,,,,,1.0,,,1.0,,,,12.0,1.0,,,,,,2.0,,7.6,,,1.0,,,,1.0,,,,4.0,,3.0,2,,8.0,,2.0,,
2021-22,9576316,22,39,Wolverhampton_Wanderers,Home,308764,200600,Daniel Podence,daniel-podence,M,False,,,,8.0,8.0,16.0,2.0,,6.0,,,,2.0,,,1.0,8.0,4.0,,,2.0,,,,,,1.0,1.0,,89.0,1.0,,,,,,18.0,,6.7,,,,,,1.0,1.0,,1.0,,18.0,11.0,28.0,1,2.0,44.0,3.0,2.0,,2.0
2021-22,9576316,22,39,Wolverhampton_Wanderers,Home,830431,222564,Francisco Trincão,francisco-trincao,M,False,1.0,,,10.0,5.0,14.0,2.0,,3.0,,,,1.0,,,2.0,8.0,8.0,,,1.0,,,,,,2.0,,,78.0,,,,,,,12.0,,6.8,,,,,,4.0,2.0,,2.0,,14.0,6.0,18.0,0,5.0,38.0,2.0,1.0,2.0,4.0
2021-22,9576316,22,39,Wolverhampton_Wanderers,Home,845791,428610,Bruno Jordão,bruno-jordao,M,True,,,,,,,,,,,,,,,,,,,,,,,,,,,,,,,,,,,,,,,,,,,,,,,,,,,,,0,,,,,,
2021-22,9576316,22,39,Wolverhampton_Wanderers,Home,894474,214048,Max Kilman,max-kilman,D,False,,,3.0,11.0,18.0,29.0,1.0,7.0,8.0,,1.0,,,,,,1.0,11.0,,,1.0,,,,,1.0,3.0,,,90.0,,,,,,,9.0,,7.4,,,1.0,,8.0,1.0,,,7.0,,16.0,22.0,38.0,1,3.0,57.0,,,1.0,2.0
2021-22,9576316,22,39,Wolverhampton_Wanderers,Home,931278,448514,Rayan Aït-Nouri,rayan-ait-nouri,D,False,2.0,,2.0,10.0,14.0,22.0,2.0,2.0,7.0,2.0,,,,,,,5.0,8.0,,,2.0,1.0,,,,,,2.0,,90.0,,,,,,1.0,14.0,,8.2,,,,,2.0,4.0,3.0,,4.0,1.0,15.0,17.0,29.0,0,2.0,59.0,5.0,1.0,3.0,2.0
2021-22,9576316,22,39,Wolverhampton_Wanderers,Home,931304,232351,Ryan Giles,ryan-giles,D,True,,,,,,,,,,,,,,,,,,,,,,,,,,,,,,,,,,,,,,,,,,,,,,,,,,,,,0,,,,,,
2021-22,9576316,22,39,Wolverhampton_Wanderers,Home,954076,449988,Fábio Silva,fabio-silva,F,True,,,,1.0,1.0,2.0,,,1.0,,,,,,,,1.0,3.0,,,,,,,,,,,,10.0,1.0,,,,,,1.0,,6.8,,,,,,2.0,,,,,1.0,1.0,2.0,1,1.0,7.0,,1.0,1.0,1.0
2021-22,9576316,22,39,Wolverhampton_Wanderers,Home,970407,225000,Dion Sanderson,dion-sanderson,D,True,,,,,,,,,,,,,,,,,,,,,,,,,,,,,,,,,,,,,,,,,,,,,,,,,,,,,0,,,,,,
2021-22,9576316,22,39,Wolverhampton_Wanderers,Home,973418,510362,Toti Gomes,toti-gomes,D,False,,,,5.0,15.0,20.0,4.0,2.0,3.0,,,,,,,,4.0,7.0,,,,,,,,,2.0,,,90.0,,,,,,,13.0,,6.9,,,,,3.0,,,,5.0,1.0,12.0,21.0,33.0,0,5.0,46.0,,,,2.0
2021-22,9576316,22,39,Wolverhampton_Wanderers,Home,980633,242510,Louie Moulden,louie-moulden,G,True,,,,,,,,,,,,,,,,,,,,,,,,,,,,,,,,,,,,,,,,,,,,,,,,,,,,,0,,,,,,
2021-22,9576316,22,39,Wolverhampton_Wanderers,Home,988966,245923,Luke Cundle,luke-cundle,M,True,,,,,,,,,,,,,,,,,,,,,,,,,,,,,,1.0,,,,,,,,,,,,,,,,,,,,,,,0,,,,,,
2021-22,9576316,22,39,Wolverhampton_Wanderers,Home,1177311,461026,Chem Campbell,chem-campbell,M,True,,,,,,,,,,,,,,,,,,,,,,,,,,,,,,,,,,,,,,,,,,,,,,,,,,,,,0,,,,,,
2021-22,9576451,23,39,Wolverhampton_Wanderers,Away,1131,19236,John Ruddy,john-ruddy,G,True,,,,,,,,,,,,,,,,,,,,,,,,,,,,,,,,,,,,,,,,,,,,,,,,,,,,,0,,,,,,
2021-22,9576451,23,39,Wolverhampton_Wanderers,Away,6562,19624,João Moutinho,joao-moutinho,M,False,1.0,,3.0,30.0,21.0,50.0,1.0,,11.0,,,,,,,1.0,2.0,5.0,,,,1.0,1.0,,,,1.0,2.0,,90.0,1.0,,,,,,18.0,,8.6,,,,,5.0,,1.0,,6.0,,42.0,25.0,66.0,1,4.0,88.0,1.0,1.0,,3.0
2021-22,9576451,23,39,Wolverhampton_Wanderers,Away,98449,94147,Conor Coady,conor-coady,D,False,,,3.0,10.0,23.0,33.0,3.0,,5.0,,,,,,,,3.0,1.0,,,,,,,,,,,,90.0,,1.0,,,,,8.0,,6.8,,,,,5.0,,,,6.0,,15.0,26.0,41.0,0,1.0,50.0,,,,
2021-22,9576451,23,39,Wolverhampton_Wanderers,Away,143593,111291,Marçal,marcal,D,True,,,,,,,,,,,,,,,,,,,,,,,,,,,,,,,,,,,,,,,,,,,,,,,,,,,,,0,,,,,,
2021-22,9576451,23,39,Wolverhampton_Wanderers,Away,190405,151589,Leander Dendoncker,leander-dendoncker,M,False,,,,21.0,10.0,31.0,4.0,2.0,4.0,,,,1.0,,,,5.0,5.0,,,,,,,,,2.0,,,90.0,,,,,,,8.0,,6.8,,,,,2.0,1.0,,,,,25.0,13.0,38.0,0,1.0,48.0,1.0,1.0,1.0,1.0
2021-22,9576451,23,39,Wolverhampton_Wanderers,Away,252669,149065,José Sá,jose-sa,G,False,,3.0,3.0,1.0,7.0,8.0,,1.0,12.0,,,,,,,,,3.0,,,,,,,1.0,,,,,90.0,,,,,,,14.0,,6.5,,,,,,,,3.0,16.0,,12.0,9.0,21.0,0,,31.0,,2.0,,
2021-22,9576451,23,39,Wolverhampton_Wanderers,Away,252821,200402,Nélson Semedo,nelson-semedo,D,False,,,1.0,23.0,5.0,28.0,,1.0,3.0,,,1.0,2.0,,,3.0,7.0,5.0,,,,1.0,,,,,1.0,1.0,,90.0,,,,,,,13.0,,6.7,,,1.0,,6.0,4.0,,,2.0,,28.0,6.0,34.0,2,2.0,67.0,2.0,,2.0,1.0
2021-22,9576451,23,39,Wolverhampton_Wanderers,Away,280955,171317,Rúben Neves,ruben-neves,M,False,,,8.0,26.0,31.0,57.0,,1.0,10.0,,,1.0,2.0,,,,3.0,11.0,,,1.0,,1.0,,,,,1.0,,90.0,1.0,1.0,,,,,22.0,,8.3,,,,,2.0,3.0,,,15.0,,40.0,36.0,76.0,2,7.0,96.0,,,3.0,3.0
2021-22,9576451,23,39,Wolverhampton_Wanderers,Away,286165,159533,Adama Traoré,adama-traore,F,True,,,,4.0,2.0,6.0,2.0,1.0,1.0,,,,,,,,4.0,3.0,,,2.0,,,,,,,,,15.0,,,,,,,5.0,,6.7,,,,,,2.0,2.0,,,2.0,7.0,2.0,7.0,0,,13.0,2.0,,2.0,
2021-22,9576451,23,39,Wolverhampton_Wanderers,Away,308764,200600,Daniel Podence,daniel-podence,M,False,1.0,,1.0,21.0,12.0,32.0,1.0,,8.0,,,,,,,1.0,3.0,1.0,,,,,,,,,1.0,1.0,,89.0,,,,,,,12.0,,6.8,,,,,,2.0,2.0,,2.0,,28.0,13.0,39.0,0,,49.0,1.0,,1.0,
2021-22,9576451,23,39,Wolverhampton_Wanderers,Away,830431,222564,Francisco Trincão,francisco-trincao,M,True,,,,2.0,,2.0,,,1.0,,,,,,,,,,,,,,,,,,,,,1.0,,,,,,,,,,,,,,,,,,,,2.0,,2.0,0,,2.0,,,,
2021-22,9576451,23,39,Wolverhampton_Wanderers,Away,845791,428610,Bruno Jordão,bruno-jordao,M,True,,,,,,,,,,,,,,,,,,,,,,,,,,,,,,,,,,,,,,,,,,,,,,,,,,,,,0,,,,,,
2021-22,9576451,23,39,Wolverhampton_Wanderers,Away,894474,214048,Max Kilman,max-kilman,D,False,,,,9.0,23.0,32.0,4.0,2.0,6.0,,,,,,,,6.0,4.0,,,2.0,,,,,,,,,90.0,,2.0,,,,,18.0,,6.8,,,,,6.0,1.0,,,7.0,,19.0,30.0,49.0,0,1.0,63.0,,,1.0,
2021-22,9576451,23,39,Wolverhampton_Wanderers,Away,931278,448514,Rayan Aït-Nouri,rayan-ait-nouri,D,False,1.0,,,17.0,13.0,29.0,2.0,1.0,5.0,,,,2.0,,,2.0,9.0,8.0,,,1.0,,,,,,2.0,,,90.0,,1.0,,,,,15.0,,6.7,,,,,1.0,5.0,2.0,,3.0,,20.0,16.0,34.0,0,3.0,71.0,5.0,1.0,3.0,1.0
2021-22,9576451,23,39,Wolverhampton_Wanderers,Away,931304,232351,Ryan Giles,ryan-giles,D,True,,,,,,,,,,,,,,,,,,,,,,,,,,,,,,,,,,,,,,,,,,,,,,,,,,,,,0,,,,,,
2021-22,9576451,23,39,Wolverhampton_Wanderers,Away,954044,441271,Ki-Jana Hoever,ki-jana-hoever,D,True,,,,,,,,,,,,,,,,,,,,,,,,,,,,,,,,,,,,,,,,,,,,,,,,,,,,,0,,,,,,
2021-22,9576451,23,39,Wolverhampton_Wanderers,Away,954076,449988,Fábio Silva,fabio-silva,F,False,,,,7.0,4.0,11.0,6.0,2.0,3.0,,,,2.0,,,2.0,11.0,3.0,,,,,,,,,,,,75.0,,,,,,,14.0,,6.4,,,2.0,,1.0,2.0,,,1.0,2.0,10.0,7.0,17.0,2,,29.0,5.0,,1.0,
2021-22,9576451,23,39,Wolverhampton_Wanderers,Away,973418,510362,Toti Gomes,toti-gomes,D,False,,,2.0,13.0,23.0,36.0,2.0,3.0,5.0,,,,2.0,,,,6.0,9.0,,,1.0,,,,,,2.0,,,90.0,,,,,,,19.0,,6.7,,,,,6.0,3.0,,,11.0,,23.0,30.0,53.0,0,3.0,75.0,1.0,1.0,2.0,3.0
2021-22,9576451,23,39,Wolverhampton_Wanderers,Away,988966,245923,Luke Cundle,luke-cundle,M,True,,,,,,,,,,,,,,,,,,,,,,,,,,,,,,,,,,,,,,,,,,,,,,,,,,,,,0,,,,,,
2021-22,9576451,23,39,Wolverhampton_Wanderers,Away,1015826,510363,Chiquinho,chiquinho,F,True,,,,,,,,,,,,,,,,,,,,,,,,,,,,,,,,,,,,,,,,,,,,,,,,,,,,,0,,,,,,
2021-22,9576290,24,39,Wolverhampton_Wanderers,Home,1131,19236,John Ruddy,john-ruddy,G,True,,,,,,,,,,,,,,,,,,,,,,,,,,,,,,,,,,,,,,,,,,,,,,,,,,,,,0,,,,,,
2021-22,9576290,24,39,Wolverhampton_Wanderers,Home,98449,94147,Conor Coady,conor-coady,D,False,,,2.0,9.0,29.0,38.0,,1.0,6.0,,,,,,,,1.0,2.0,,,1.0,,,,,,2.0,,,81.0,,2.0,,,,,1.0,,7.1,,,,,1.0,,,,2.0,,9.0,30.0,39.0,0,1.0,46.0,,,,
2021-22,9576290,24,39,Wolverhampton_Wanderers,Home,143593,111291,Marçal,marcal,D,False,,,,7.0,10.0,17.0,1.0,3.0,2.0,,,1.0,1.0,,,,3.0,4.0,,,1.0,,,,,,1.0,,,63.0,,,,,,,8.0,,6.5,,,,,,,2.0,,2.0,,13.0,11.0,22.0,1,1.0,42.0,1.0,,,1.0
2021-22,9576290,24,39,Wolverhampton_Wanderers,Home,187729,107613,Romain Saïss,romain-saiss,D,False,,,7.0,22.0,21.0,43.0,3.0,2.0,6.0,,,,1.0,,,,7.0,6.0,,,2.0,,,,,,4.0,1.0,,90.0,1.0,,,,,,19.0,,7.0,,,,,2.0,1.0,4.0,,13.0,,32.0,28.0,56.0,1,2.0,76.0,1.0,2.0,,1.0
2021-22,9576290,24,39,Wolverhampton_Wanderers,Home,190405,151589,Leander Dendoncker,leander-dendoncker,M,False,,,,16.0,14.0,30.0,,3.0,9.0,,,,1.0,,,,2.0,3.0,,,1.0,,,,,,1.0,,,90.0,1.0,2.0,,,,,5.0,,7.1,,,2.0,,1.0,,1.0,,2.0,,19.0,15.0,33.0,3,,45.0,1.0,,,
2021-22,9576290,24,39,Wolverhampton_Wanderers,Home,192442,102057,Raúl Jiménez,raul-jimenez,F,False,,,,12.0,5.0,17.0,5.0,4.0,2.0,,,,,,,,11.0,5.0,,,1.0,,,,,,,1.0,,90.0,2.0,,,,,,16.0,,6.5,,,1.0,,1.0,5.0,,,,1.0,14.0,8.0,22.0,3,,41.0,5.0,1.0,,
2021-22,9576290,24,39,Wolverhampton_Wanderers,Home,235648,114128,Jonny Otto,jonny-otto,D,True,,,,,,,,,,,,,,,,,,,,,,,,,,,,,,,,,,,,,,,,,,,,,,,,,,,,,0,,,,,,
2021-22,9576290,24,39,Wolverhampton_Wanderers,Home,252669,149065,José Sá,jose-sa,G,False,,1.0,4.0,4.0,13.0,17.0,,,6.0,,,,,,,,,,,,,,,-0.1646,,,,,,90.0,,,,,,,4.0,1.0,6.6,1.0,1.0,,,2.0,,,1.0,8.0,,8.0,13.0,21.0,0,,27.0,,,,
2021-22,9576290,24,39,Wolverhampton_Wanderers,Home,252821,200402,Nélson Semedo,nelson-semedo,D,False,1.0,,,35.0,11.0,45.0,1.0,1.0,3.0,,,,,,,,1.0,2.0,,,,,,,,,2.0,2.0,,90.0,,,,,,,11.0,,7.0,,,1.0,,1.0,,3.0,,3.0,,42.0,14.0,53.0,1,1.0,76.0,1.0,,,1.0
2021-22,9576290,24,39,Wolverhampton_Wanderers,Home,280955,171317,Rúben Neves,ruben-neves,M,False,1.0,,5.0,36.0,30.0,65.0,,,10.0,,,1.0,,,,1.0,2.0,6.0,,,1.0,,,,,,2.0,,,90.0,,,,,,,23.0,,7.4,,,1.0,,2.0,4.0,4.0,,10.0,,49.0,37.0,82.0,2,2.0,101.0,1.0,,4.0,1.0
2021-22,9576290,24,39,Wolverhampton_Wanderers,Home,308764,200600,Daniel Podence,daniel-podence,M,False,4.0,,3.0,26.0,7.0,29.0,,,8.0,,,1.0,1.0,,,2.0,7.0,8.0,,,,,,,,,2.0,5.0,,90.0,,1.0,,,,,32.0,,7.7,,,1.0,,,7.0,14.0,,4.0,,48.0,11.0,45.0,2,,80.0,,5.0,3.0,
2021-22,9576290,24,39,Wolverhampton_Wanderers,Home,786186,184754,Hwang Hee-chan,hwang-hee-chan,F,True,,,,,,,,,,,,,,,,,,,,,,,,,,,,,,,,,,,,,,,,,,,,,,,,,,,,,0,,,,,,
2021-22,9576290,24,39,Wolverhampton_Wanderers,Home,830431,222564,Francisco Trincão,francisco-trincao,M,False,3.0,,,17.0,3.0,17.0,,,3.0,,,,1.0,,,,3.0,9.0,,,1.0,,,,,,,,,62.0,,,,,,,6.0,,7.1,,,,,,4.0,4.0,,,,20.0,3.0,19.0,0,3.0,36.0,2.0,3.0,3.0,
2021-22,9576290,24,39,Wolverhampton_Wanderers,Home,894474,214048,Max Kilman,max-kilman,D,False,,,4.0,29.0,32.0,61.0,,3.0,7.0,,,,,,,,1.0,4.0,,,1.0,,,,,,2.0,,,90.0,,2.0,,,,,11.0,,7.1,,,,,3.0,,,,9.0,,34.0,37.0,71.0,0,,83.0,1.0,1.0,,
2021-22,9576290,24,39,Wolverhampton_Wanderers,Home,931278,448514,Rayan Aït-Nouri,rayan-ait-nouri,D,True,,,,5.0,,5.0,2.0,,1.0,,,,,,,,3.0,1.0,,,,,,,,,1.0,,,27.0,,,,,,,7.0,,6.6,,,,,,1.0,4.0,,,,9.0,,5.0,0,1.0,18.0,1.0,,,
2021-22,9576290,24,39,Wolverhampton_Wanderers,Home,954044,441271,Ki-Jana Hoever,ki-jana-hoever,D,True,,,,,,,,,,,,,,,,,,,,,,,,,,,,,,,,,,,,,,,,,,,,,,,,,,,,,0,,,,,,
2021-22,9576290,24,39,Wolverhampton_Wanderers,Home,954076,449988,Fábio Silva,fabio-silva,F,True,,,,4.0,,4.0,1.0,,,,,,,,,,2.0,,,,1.0,,,,,,,,,9.0,,,,,,,3.0,,6.6,,,1.0,,,,1.0,,,,7.0,,6.0,1,,8.0,,,,
2021-22,9576290,24,39,Wolverhampton_Wanderers,Home,973418,510362,Toti Gomes,toti-gomes,D,True,,,,,,,,,,,,,,,,,,,,,,,,,,,,,,,,,,,,,,,,,,,,,,,,,,,,,0,,,,,,
2021-22,9576290,24,39,Wolverhampton_Wanderers,Home,988966,245923,Luke Cundle,luke-cundle,M,True,,,,,,,,,,,,,,,,,,,,,,,,,,,,,,,,,,,,,,,,,,,,,,,,,,,,,0,,,,,,
2021-22,9576290,24,39,Wolverhampton_Wanderers,Home,1015826,510363,Chiquinho,chiquinho,F,True,1.0,,1.0,4.0,2.0,5.0,1.0,,1.0,,,1.0,,,,,5.0,2.0,,,2.0,,,,,,,1.0,,28.0,,,,,,,9.0,,6.6,,,,,,2.0,5.0,,2.0,,9.0,3.0,7.0,1,1.0,21.0,1.0,1.0,,1.0
2021-22,9576295,25,39,Wolverhampton_Wanderers,Away,1131,19236,John Ruddy,john-ruddy,G,True,,,,,,,,,,,,,,,,,,,,,,,,,,,,,,,,,,,,,,,,,,,,,,,,,,,,,0,,,,,,
2021-22,9576295,25,39,Wolverhampton_Wanderers,Away,98449,94147,Conor Coady,conor-coady,D,False,,,1.0,3.0,25.0,28.0,1.0,2.0,5.0,,,,,,,,1.0,2.0,,,,,,,,,1.0,1.0,,90.0,,,,,,,5.0,,7.1,,,,,7.0,,,,3.0,,4.0,29.0,33.0,0,,41.0,,,,
2021-22,9576295,25,39,Wolverhampton_Wanderers,Away,143593,111291,Marçal,marcal,D,True,,,,,,,,,,,,,,,,,,,,,,,,,,,,,,,,,,,,,,,,,,,,,,,,,,,,,0,,,,,,
2021-22,9576295,25,39,Wolverhampton_Wanderers,Away,187729,107613,Romain Saïss,romain-saiss,D,False,,,5.0,15.0,24.0,39.0,1.0,2.0,5.0,,,,2.0,,,,5.0,4.0,,,2.0,,,,,,2.0,,,90.0,,1.0,,,,,17.0,,7.0,,,,,6.0,,,,11.0,,25.0,31.0,56.0,0,1.0,71.0,,1.0,,1.0
2021-22,9576295,25,39,Wolverhampton_Wanderers,Away,190405,151589,Leander Dendoncker,leander-dendoncker,M,False,,,2.0,12.0,22.0,34.0,5.0,1.0,8.0,,,,1.0,,,,7.0,2.0,,,1.0,,1.0,,,,,,,90.0,2.0,,,,,,5.0,,7.5,,,,,1.0,,,,2.0,,12.0,27.0,39.0,2,1.0,48.0,,,,1.0
2021-22,9576295,25,39,Wolverhampton_Wanderers,Away,192442,102057,Raúl Jiménez,raul-jimenez,F,False,,,1.0,9.0,6.0,15.0,2.0,2.0,5.0,,1.0,,1.0,,,2.0,7.0,5.0,,,1.0,,1.0,,,,,1.0,,86.0,3.0,,,,,,16.0,,7.2,,,,,1.0,1.0,,,3.0,,18.0,6.0,24.0,3,2.0,40.0,3.0,1.0,,1.0
2021-22,9576295,25,39,Wolverhampton_Wanderers,Away,235648,114128,Jonny Otto,jonny-otto,D,True,,,,,,,,,,,,,,,,,,,,,,,,,,,,,,,,,,,,,,,,,,,,,,,,,,,,,0,,,,,,
2021-22,9576295,25,39,Wolverhampton_Wanderers,Away,252669,149065,José Sá,jose-sa,G,False,,2.0,5.0,3.0,10.0,13.0,,1.0,13.0,,,,,,,,,2.0,,,,,,0.5078,,,,,,90.0,,,,,,,18.0,1.0,8.7,6.0,7.0,,,4.0,,,2.0,22.0,,17.0,13.0,30.0,0,1.0,47.0,1.0,,,
2021-22,9576295,25,39,Wolverhampton_Wanderers,Away,252821,200402,Nélson Semedo,nelson-semedo,D,False,,,2.0,14.0,12.0,26.0,5.0,,9.0,,,,3.0,,,2.0,12.0,5.0,,,1.0,,,,,,2.0,2.0,,90.0,,,,,,,17.0,,6.4,,,,,2.0,3.0,,,5.0,,17.0,18.0,35.0,0,1.0,68.0,2.0,2.0,2.0,
2021-22,9576295,25,39,Wolverhampton_Wanderers,Away,280955,171317,Rúben Neves,ruben-neves,M,False,,,6.0,18.0,20.0,38.0,1.0,,8.0,,,1.0,,,,,2.0,2.0,,,1.0,,,,,,3.0,,,90.0,1.0,,,,,,12.0,,7.2,,,,,2.0,,,,12.0,,27.0,22.0,49.0,2,2.0,62.0,1.0,,,1.0
2021-22,9576295,25,39,Wolverhampton_Wanderers,Away,308764,200600,Daniel Podence,daniel-podence,M,False,,,2.0,4.0,12.0,16.0,1.0,,2.0,,,2.0,1.0,,,1.0,8.0,4.0,,,2.0,,,,,1.0,,,,81.0,1.0,,,,,,18.0,,6.7,,,,,,3.0,1.0,,2.0,,10.0,16.0,25.0,3,2.0,43.0,4.0,2.0,,1.0
2021-22,9576295,25,39,Wolverhampton_Wanderers,Away,786186,184754,Hwang Hee-chan,hwang-hee-chan,F,True,,,,4.0,4.0,8.0,,,3.0,,,,,,,,1.0,2.0,,,,,,,,,,,,9.0,,,,,,,3.0,,6.5,,,,,,1.0,,,1.0,,4.0,5.0,9.0,0,,13.0,1.0,2.0,,
2021-22,9576295,25,39,Wolverhampton_Wanderers,Away,830431,222564,Francisco Trincão,francisco-trincao,M,True,,,,3.0,,3.0,,,2.0,,,,,,,,,3.0,,,,,,,,,,,,12.0,,,,,,,2.0,,6.7,,,,,,1.0,,,,,3.0,,3.0,0,,8.0,,2.0,1.0,
2021-22,9576295,25,39,Wolverhampton_Wanderers,Away,894474,214048,Max Kilman,max-kilman,D,False,,,5.0,13.0,27.0,40.0,2.0,1.0,5.0,,,,,,,,2.0,3.0,,,,,,,,,3.0,,,90.0,,3.0,,,,,6.0,,7.8,,,,,5.0,1.0,,,8.0,,18.0,28.0,46.0,0,,60.0,,1.0,1.0,
2021-22,9576295,25,39,Wolverhampton_Wanderers,Away,931278,448514,Rayan Aït-Nouri,rayan-ait-nouri,D,False,1.0,,2.0,13.0,12.0,24.0,,2.0,5.0,,,,1.0,,,1.0,6.0,8.0,,,3.0,,,,,,,1.0,,90.0,,1.0,,,,,16.0,,7.2,,,1.0,,3.0,3.0,3.0,,5.0,1.0,21.0,17.0,35.0,1,4.0,65.0,1.0,,2.0,1.0
2021-22,9576295,25,39,Wolverhampton_Wanderers,Away,954044,441271,Ki-Jana Hoever,ki-jana-hoever,D,True,,,,,,,,,,,,,,,,,,,,,,,,,,,,,,,,,,,,,,,,,,,,,,,,,,,,,0,,,,,,
2021-22,9576295,25,39,Wolverhampton_Wanderers,Away,954076,449988,Fábio Silva,fabio-silva,F,True,,,,2.0,,2.0,2.0,,1.0,,,,1.0,,,1.0,4.0,,,,,,,,,,,,,10.0,,,,,,,3.0,,6.4,,,,,,,,,,,3.0,,3.0,0,,6.0,1.0,,,
2021-22,9576295,25,39,Wolverhampton_Wanderers,Away,973418,510362,Toti Gomes,toti-gomes,D,True,,,,,,,,,,,,,,,,,,,,,,,,,,,,,,,,,,,,,,,,,,,,,,,,,,,,,0,,,,,,
2021-22,9576295,25,39,Wolverhampton_Wanderers,Away,988966,245923,Luke Cundle,luke-cundle,M,False,,,,10.0,14.0,24.0,1.0,,6.0,1.0,,,,,,1.0,4.0,2.0,,,2.0,,,,,,1.0,1.0,,84.0,,,,,,,6.0,,7.1,,,,,1.0,,2.0,,,,13.0,14.0,25.0,0,1.0,36.0,2.0,1.0,,1.0
2021-22,9576295,25,39,Wolverhampton_Wanderers,Away,1015826,510363,Chiquinho,chiquinho,F,True,,,,,,,,,,,,,,,,,,,,,,,,,,,,,,,,,,,,,,,,,,,,,,,,,,,,,0,,,,,,
2021-22,9576223,26,39,Wolverhampton_Wanderers,Home,1131,19236,John Ruddy,john-ruddy,G,True,,,,,,,,,,,,,,,,,,,,,,,,,,,,,,,,,,,,,,,,,,,,,,,,,,,,,0,,,,,,
2021-22,9576223,26,39,Wolverhampton_Wanderers,Home,6562,19624,João Moutinho,joao-moutinho,M,False,3.0,,1.0,13.0,9.0,19.0,,,6.0,,,,2.0,,,,3.0,2.0,,,1.0,,,,,,,2.0,,58.0,,1.0,,,,,6.0,,7.1,,,,,1.0,,4.0,,1.0,,16.0,11.0,23.0,0,2.0,37.0,1.0,,,
2021-22,9576223,26,39,Wolverhampton_Wanderers,Home,98449,94147,Conor Coady,conor-coady,D,False,,,3.0,3.0,24.0,27.0,,,5.0,,,,,,,,,2.0,,,,,,,,,,,,90.0,,1.0,,,,,2.0,,6.9,,,,,3.0,,,,4.0,,3.0,25.0,28.0,0,2.0,35.0,1.0,,,
2021-22,9576223,26,39,Wolverhampton_Wanderers,Home,143593,111291,Marçal,marcal,D,True,,,,,1.0,1.0,,,,,,,,,,,1.0,,,,1.0,,,,,,,,,2.0,,,,,,,1.0,,,,,,,1.0,,,,,,1.0,1.0,2.0,0,,4.0,,,,
2021-22,9576223,26,39,Wolverhampton_Wanderers,Home,187729,107613,Romain Saïss,romain-saiss,D,False,,,2.0,4.0,23.0,27.0,1.0,2.0,6.0,,,,1.0,,,,3.0,3.0,,,1.0,,,,,,1.0,1.0,,90.0,,2.0,,,,,13.0,,7.1,,,1.0,,12.0,,,,9.0,,10.0,30.0,40.0,1,1.0,61.0,,,,
2021-22,9576223,26,39,Wolverhampton_Wanderers,Home,190405,151589,Leander Dendoncker,leander-dendoncker,M,False,,,,10.0,14.0,24.0,2.0,5.0,1.0,,,1.0,,,,2.0,5.0,8.0,,,1.0,1.0,,,,,1.0,1.0,,90.0,,,,,,,10.0,,7.0,,,,,6.0,1.0,1.0,,,,13.0,17.0,29.0,1,2.0,45.0,1.0,,1.0,1.0
2021-22,9576223,26,39,Wolverhampton_Wanderers,Home,192442,102057,Raúl Jiménez,raul-jimenez,F,False,,,,5.0,5.0,10.0,2.0,2.0,2.0,,,,1.0,,,2.0,9.0,5.0,,,1.0,1.0,,,,,1.0,1.0,,90.0,,,,,,,13.0,,6.7,,,1.0,,4.0,3.0,,,,,8.0,7.0,15.0,1,2.0,38.0,2.0,1.0,,1.0
2021-22,9576223,26,39,Wolverhampton_Wanderers,Home,235648,114128,Jonny Otto,jonny-otto,D,True,,,,,,,,,,,,,,,,,,,,,,,,,,,,,,,,,,,,,,,,,,,,,,,,,,,,,0,,,,,,
2021-22,9576223,26,39,Wolverhampton_Wanderers,Home,252669,149065,José Sá,jose-sa,G,False,,,4.0,3.0,10.0,13.0,,1.0,11.0,,,,,,,,,1.0,,,,,,1.5202,4.0,,,,,90.0,,,,,,,6.0,1.0,7.8,3.0,6.0,,,2.0,,,,10.0,,6.0,13.0,19.0,0,,40.0,,,,
2021-22,9576223,26,39,Wolverhampton_Wanderers,Home,252821,200402,Nélson Semedo,nelson-semedo,D,False,,,1.0,8.0,9.0,17.0,,,7.0,,,,3.0,,,2.0,9.0,6.0,,,4.0,,,,,,1.0,2.0,,90.0,,,,,,,18.0,,6.4,,,,,3.0,3.0,1.0,,9.0,1.0,14.0,16.0,29.0,0,3.0,56.0,2.0,1.0,2.0,2.0
2021-22,9576223,26,39,Wolverhampton_Wanderers,Home,280955,171317,Rúben Neves,ruben-neves,M,False,,,3.0,4.0,31.0,35.0,2.0,1.0,6.0,,,,3.0,,,2.0,9.0,5.0,,,2.0,,1.0,,,,1.0,,,90.0,1.0,,,,,,12.0,,7.1,,,1.0,,2.0,,1.0,,7.0,,8.0,36.0,43.0,2,3.0,61.0,,1.0,,1.0
2021-22,9576223,26,39,Wolverhampton_Wanderers,Home,308764,200600,Daniel Podence,daniel-podence,M,False,,,1.0,9.0,7.0,16.0,,,6.0,,,1.0,1.0,,,4.0,5.0,4.0,,,,,1.0,,,,,1.0,,81.0,1.0,,,,,,12.0,,7.3,,,,,,2.0,2.0,,1.0,1.0,15.0,7.0,20.0,2,1.0,36.0,2.0,1.0,2.0,1.0
2021-22,9576223,26,39,Wolverhampton_Wanderers,Home,786186,184754,Hwang Hee-chan,hwang-hee-chan,F,True,,,,5.0,3.0,8.0,,1.0,2.0,,,,1.0,,,,1.0,7.0,,,,,,,,,,,,32.0,,,,,,,2.0,,6.9,,,,,,,,,,,6.0,3.0,9.0,0,3.0,17.0,1.0,3.0,,1.0
2021-22,9576223,26,39,Wolverhampton_Wanderers,Home,830431,222564,Francisco Trincão,francisco-trincao,M,True,,,,,,,,,,,,,,,,,,,,,,,,,,,,,,,,,,,,,,,,,,,,,,,,,,,,,0,,,,,,
2021-22,9576223,26,39,Wolverhampton_Wanderers,Home,879349,247632,Pedro Neto,pedro-neto,M,True,,,,2.0,1.0,3.0,,,4.0,,,,,,,1.0,1.0,2.0,,,,,,,,,1.0,,,9.0,,,,,,,2.0,,6.7,,,1.0,,,,,,1.0,,3.0,1.0,4.0,1,1.0,9.0,,1.0,,1.0
2021-22,9576223,26,39,Wolverhampton_Wanderers,Home,894474,214048,Max Kilman,max-kilman,D,False,,,2.0,5.0,28.0,33.0,1.0,2.0,3.0,,,1.0,1.0,,,,2.0,4.0,,,,,,,,,,,,90.0,1.0,,,,,,4.0,,6.7,,,,,1.0,1.0,,,4.0,,8.0,28.0,36.0,2,1.0,44.0,1.0,,1.0,
2021-22,9576223,26,39,Wolverhampton_Wanderers,Home,931278,448514,Rayan Aït-Nouri,rayan-ait-nouri,D,False,2.0,,1.0,13.0,7.0,18.0,,3.0,1.0,,,,1.0,,,1.0,7.0,6.0,,,1.0,,,,,,,1.0,,88.0,,,,,,,17.0,,6.4,,,1.0,,2.0,5.0,5.0,,3.0,,19.0,9.0,23.0,1,1.0,55.0,2.0,1.0,1.0,1.0
2021-22,9576223,26,39,Wolverhampton_Wanderers,Home,954076,449988,Fábio Silva,fabio-silva,F,True,,,,,,,,,,,,,,,,,,,,,,,,,,,,,,,,,,,,,,,,,,,,,,,,,,,,,0,,,,,,
2021-22,9576223,26,39,Wolverhampton_Wanderers,Home,973418,510362,Toti Gomes,toti-gomes,D,True,,,,,,,,,,,,,,,,,,,,,,,,,,,,,,,,,,,,,,,,,,,,,,,,,,,,,0,,,,,,
2021-22,9576223,26,39,Wolverhampton_Wanderers,Home,988966,245923,Luke Cundle,luke-cundle,M,True,,,,,,,,,,,,,,,,,,,,,,,,,,,,,,,,,,,,,,,,,,,,,,,,,,,,,0,,,,,,
2021-22,9576201,27,39,Wolverhampton_Wanderers,Away,1131,19236,John Ruddy,john-ruddy,G,True,,,,,,,,,,,,,,,,,,,,,,,,,,,,,,,,,,,,,,,,,,,,,,,,,,,,,0,,,,,,
2021-22,9576201,27,39,Wolverhampton_Wanderers,Away,6562,19624,João Moutinho,joao-moutinho,M,True,,,,,,,,,,,,,,,,,,,,,,,,,,,,,,,,,,,,,,,,,,,,,,,,,,,,,0,,,,,,
2021-22,9576201,27,39,Wolverhampton_Wanderers,Away,98449,94147,Conor Coady,conor-coady,D,False,,,7.0,14.0,55.0,69.0,,,5.0,,,1.0,,,,,,,,,,,,,,,,,,90.0,,,,,,,6.0,,6.8,,,,,4.0,,,,8.0,,15.0,60.0,75.0,1,,82.0,,,,
2021-22,9576201,27,39,Wolverhampton_Wanderers,Away,139310,90585,Willy Boly,willy-boly,D,True,,,,,,,,,,,,,,,,,,,,,,,,,,,,,,,,,,,,,,,,,,,,,,,,,,,,,0,,,,,,
2021-22,9576201,27,39,Wolverhampton_Wanderers,Away,143593,111291,Marçal,marcal,D,False,1.0,,,24.0,16.0,39.0,1.0,2.0,6.0,1.0,,1.0,,,,,2.0,4.0,,,,,,,,,,3.0,,76.0,,,,,,,17.0,,7.1,,,,,4.0,1.0,3.0,,3.0,,31.0,21.0,49.0,1,2.0,74.0,1.0,,,2.0
2021-22,9576201,27,39,Wolverhampton_Wanderers,Away,187729,107613,Romain Saïss,romain-saiss,D,False,,,2.0,23.0,35.0,58.0,3.0,,4.0,,,,,,,,4.0,1.0,,,1.0,,,,,,2.0,1.0,,90.0,,,,,,,6.0,,6.8,,,,,5.0,,,,6.0,,26.0,38.0,64.0,0,1.0,77.0,,,,1.0
2021-22,9576201,27,39,Wolverhampton_Wanderers,Away,190405,151589,Leander Dendoncker,leander-dendoncker,M,False,,,2.0,37.0,30.0,67.0,,1.0,6.0,,,,,,,,1.0,1.0,,,,,,,,,,2.0,,90.0,,,,,,,8.0,,6.7,,,,,2.0,1.0,,,2.0,,41.0,32.0,73.0,0,,77.0,1.0,,,
2021-22,9576201,27,39,Wolverhampton_Wanderers,Away,192442,102057,Raúl Jiménez,raul-jimenez,F,True,,,,3.0,,3.0,1.0,,,,,1.0,,,,,2.0,2.0,,,,,,,,,,,,9.0,,,,,,,5.0,,6.6,,,,,,2.0,,,,,6.0,1.0,7.0,1,,12.0,,1.0,1.0,
2021-22,9576201,27,39,Wolverhampton_Wanderers,Away,235648,114128,Jonny Otto,jonny-otto,D,True,,,,,,,,,,,,,,,,,,,,,,,,,,,,,,,,,,,,,,,,,,,,,,,,,,,,,0,,,,,,
2021-22,9576201,27,39,Wolverhampton_Wanderers,Away,252669,149065,José Sá,jose-sa,G,False,,,5.0,2.0,28.0,30.0,,,9.0,,,,,,,,,,,,,,,0.7194,1.0,,,,,90.0,,,,,,,12.0,,6.9,2.0,3.0,,,2.0,,,,17.0,,9.0,33.0,42.0,0,,52.0,,,,
2021-22,9576201,27,39,Wolverhampton_Wanderers,Away,280955,171317,Rúben Neves,ruben-neves,M,False,,,2.0,52.0,37.0,89.0,,,2.0,,,,2.0,,,1.0,3.0,6.0,,,,,,,,,2.0,1.0,,90.0,1.0,,,,,,14.0,,7.4,,,,,3.0,1.0,1.0,,7.0,,60.0,41.0,100.0,1,4.0,119.0,1.0,1.0,1.0,2.0
2021-22,9576201,27,39,Wolverhampton_Wanderers,Away,308764,200600,Daniel Podence,daniel-podence,M,True,,,,9.0,1.0,10.0,,1.0,,,,1.0,,,,,1.0,1.0,,,,,,,,,,2.0,,30.0,,,,,,,7.0,,6.6,,,,,,1.0,3.0,,,,14.0,1.0,12.0,1,,19.0,1.0,,,
2021-22,9576201,27,39,Wolverhampton_Wanderers,Away,786186,184754,Hwang Hee-chan,hwang-hee-chan,F,False,,,,27.0,11.0,38.0,,,3.0,,,1.0,,,,1.0,1.0,4.0,,,,,,,,,,2.0,,81.0,,,,,,,7.0,,7.0,,,1.0,,,,,,,,31.0,12.0,43.0,2,1.0,53.0,1.0,3.0,,
2021-22,9576201,27,39,Wolverhampton_Wanderers,Away,830431,222564,Francisco Trincão,francisco-trincao,M,False,1.0,,1.0,14.0,10.0,23.0,1.0,,4.0,,,,,,,1.0,3.0,3.0,,,,,,,,,,,,60.0,,,,,,,9.0,,6.9,,,1.0,,,3.0,3.0,,1.0,,20.0,10.0,27.0,1,,41.0,1.0,1.0,2.0,
2021-22,9576201,27,39,Wolverhampton_Wanderers,Away,879349,247632,Pedro Neto,pedro-neto,M,True,,,,10.0,2.0,12.0,,,1.0,,,1.0,,,,,,,,,,,,,,,,1.0,,14.0,,,,,,,6.0,,6.7,,,,,,,3.0,,1.0,,16.0,2.0,15.0,1,,19.0,,,,
2021-22,9576201,27,39,Wolverhampton_Wanderers,Away,894474,214048,Max Kilman,max-kilman,D,False,,,2.0,19.0,49.0,68.0,4.0,1.0,13.0,,,,2.0,,,1.0,8.0,4.0,,,1.0,,,,,,,,,90.0,,1.0,,,,,11.0,,6.4,,,1.0,,,,,,7.0,,23.0,53.0,76.0,1,2.0,85.0,2.0,1.0,,2.0
2021-22,9576201,27,39,Wolverhampton_Wanderers,Away,931278,448514,Rayan Aït-Nouri,rayan-ait-nouri,D,True,,,,,,,,,,,,,,,,,,,,,,,,,,,,,,,,,,,,,,,,,,,,,,,,,,,,,0,,,,,,
2021-22,9576201,27,39,Wolverhampton_Wanderers,Away,954044,441271,Ki-Jana Hoever,ki-jana-hoever,D,False,,,,14.0,10.0,24.0,1.0,1.0,2.0,,,,1.0,,,3.0,6.0,4.0,,,,,,,,,1.0,,,90.0,,,,,,,20.0,,6.3,,,,,1.0,1.0,2.0,,1.0,,20.0,15.0,33.0,0,3.0,55.0,1.0,,,2.0
2021-22,9576201,27,39,Wolverhampton_Wanderers,Away,954076,449988,Fábio Silva,fabio-silva,F,False,,,,8.0,6.0,14.0,3.0,,1.0,,1.0,3.0,,,,1.0,5.0,1.0,,,,,,,,,,,,90.0,,,,,,,11.0,,6.1,,,1.0,,,2.0,1.0,,,1.0,13.0,7.0,19.0,4,,31.0,3.0,,1.0,
2021-22,9576201,27,39,Wolverhampton_Wanderers,Away,988966,245923,Luke Cundle,luke-cundle,M,True,,,,,,,,,,,,,,,,,,,,,,,,,,,,,,,,,,,,,,,,,,,,,,,,,,,,,0,,,,,,
2021-22,9576288,28,39,Wolverhampton_Wanderers,Home,1131,19236,John Ruddy,john-ruddy,G,True,,,,,,,,,,,,,,,,,,,,,,,,,,,,,,,,,,,,,,,,,,,,,,,,,,,,,0,,,,,,
2021-22,9576288,28,39,Wolverhampton_Wanderers,Home,6562,19624,João Moutinho,joao-moutinho,M,False,3.0,,3.0,31.0,26.0,54.0,1.0,2.0,3.0,,,,1.0,,,1.0,6.0,6.0,,,3.0,,,,,,2.0,1.0,,90.0,,,,,,,19.0,,7.2,,,,,1.0,,7.0,,6.0,,44.0,30.0,67.0,0,3.0,86.0,1.0,1.0,,1.0
2021-22,9576288,28,39,Wolverhampton_Wanderers,Home,98449,94147,Conor Coady,conor-coady,D,False,,,1.0,18.0,26.0,44.0,1.0,1.0,6.0,,,,,,,,1.0,3.0,,,,,,,,,1.0,,,90.0,,2.0,,,,,5.0,,6.9,,,1.0,,,,,,3.0,,19.0,30.0,49.0,1,2.0,57.0,,,,1.0
2021-22,9576288,28,39,Wolverhampton_Wanderers,Home,139310,90585,Willy Boly,willy-boly,D,True,,,,,,,,,,,,,,,,,,,,,,,,,,,,,,,,,,,,,,,,,,,,,,,,,,,,,0,,,,,,
2021-22,9576288,28,39,Wolverhampton_Wanderers,Home,143593,111291,Marçal,marcal,D,False,,,2.0,30.0,17.0,47.0,2.0,,3.0,,,,1.0,,,,4.0,8.0,,,2.0,,,,,,1.0,2.0,,90.0,1.0,1.0,,,,,13.0,,7.6,,,,,3.0,3.0,2.0,,3.0,,40.0,20.0,58.0,1,5.0,82.0,,,3.0,1.0
2021-22,9576288,28,39,Wolverhampton_Wanderers,Home,187729,107613,Romain Saïss,romain-saiss,D,False,,,4.0,26.0,32.0,58.0,1.0,6.0,10.0,,,,,,,,1.0,7.0,,,,,,,,,3.0,,,90.0,,,,,,,15.0,,6.9,,,,,2.0,1.0,1.0,,10.0,1.0,36.0,36.0,71.0,0,,83.0,1.0,,1.0,
2021-22,9576288,28,39,Wolverhampton_Wanderers,Home,190405,151589,Leander Dendoncker,leander-dendoncker,M,True,,,,,,,,,,,,,,,,,,,,,,,,,,,,,,,,,,,,,,,,,,,,,,,,,,,,,0,,,,,,
2021-22,9576288,28,39,Wolverhampton_Wanderers,Home,192442,102057,Raúl Jiménez,raul-jimenez,F,True,,,1.0,7.0,1.0,8.0,,1.0,3.0,,,,,,,1.0,2.0,1.0,,,1.0,,,,,,,,,27.0,,,,,,,4.0,,6.6,,,,,,,1.0,,1.0,,9.0,1.0,9.0,0,,15.0,1.0,,,
2021-22,9576288,28,39,Wolverhampton_Wanderers,Home,235648,114128,Jonny Otto,jonny-otto,D,True,1.0,,2.0,26.0,12.0,37.0,2.0,2.0,7.0,,,1.0,2.0,,,1.0,6.0,7.0,,,1.0,,,,,,,1.0,,65.0,,,,,,,16.0,,6.7,,,,,2.0,3.0,2.0,,3.0,,35.0,14.0,47.0,1,,68.0,3.0,2.0,3.0,
2021-22,9576288,28,39,Wolverhampton_Wanderers,Home,252669,149065,José Sá,jose-sa,G,False,,1.0,2.0,1.0,19.0,20.0,,,8.0,,,,,,,,,1.0,,,,,,1.6859,,,,,,90.0,,,,,1.0,,4.0,,7.7,5.0,6.0,,,,1.0,,1.0,6.0,,4.0,20.0,24.0,0,,35.0,,,1.0,
2021-22,9576288,28,39,Wolverhampton_Wanderers,Home,280955,171317,Rúben Neves,ruben-neves,M,False,,,7.0,30.0,35.0,65.0,,1.0,5.0,,,,3.0,,,,6.0,7.0,,,2.0,,,,,,1.0,,,90.0,2.0,,,,,,15.0,,7.4,,,2.0,,2.0,2.0,2.0,,12.0,,40.0,38.0,76.0,4,4.0,95.0,,1.0,1.0,3.0
2021-22,9576288,28,39,Wolverhampton_Wanderers,Home,308764,200600,Daniel Podence,daniel-podence,M,False,,,3.0,19.0,13.0,32.0,1.0,,10.0,1.0,,2.0,1.0,,,3.0,7.0,1.0,,,,,,,,,,2.0,,90.0,1.0,,,,,,22.0,,7.0,,,,,,2.0,2.0,,5.0,,29.0,15.0,42.0,3,1.0,64.0,5.0,,,
2021-22,9576288,28,39,Wolverhampton_Wanderers,Home,786186,184754,Hwang Hee-chan,hwang-hee-chan,F,False,,,1.0,15.0,8.0,23.0,2.0,,4.0,,,,2.0,,,,7.0,6.0,,,1.0,,,,,,1.0,,,90.0,,,,,,,10.0,,6.8,,,1.0,,1.0,5.0,1.0,,3.0,,21.0,9.0,29.0,1,2.0,48.0,1.0,1.0,3.0,
2021-22,9576288,28,39,Wolverhampton_Wanderers,Home,830431,222564,Francisco Trincão,francisco-trincao,M,True,,,,,,,,,,,,,,,,,,,,,,,,,,,,,,,,,,,,,,,,,,,,,,,,,,,,,0,,,,,,
2021-22,9576288,28,39,Wolverhampton_Wanderers,Home,879349,247632,Pedro Neto,pedro-neto,M,False,1.0,,,14.0,6.0,19.0,1.0,,2.0,,,,1.0,,,2.0,4.0,3.0,,,,,,,,,1.0,3.0,,63.0,,,,,,,19.0,,6.7,,,,,1.0,,4.0,,2.0,,23.0,7.0,26.0,0,1.0,45.0,6.0,2.0,,1.0
2021-22,9576288,28,39,Wolverhampton_Wanderers,Home,894474,214048,Max Kilman,max-kilman,D,False,,,2.0,14.0,27.0,41.0,3.0,,5.0,,,,2.0,,,,6.0,2.0,,1.0,1.0,,,,,,,,,79.0,,,,1.0,,,12.0,,5.6,,,,,2.0,,,,6.0,,19.0,34.0,53.0,0,2.0,61.0,,,,1.0
2021-22,9576288,28,39,Wolverhampton_Wanderers,Home,931278,448514,Rayan Aït-Nouri,rayan-ait-nouri,D,True,,,,,,,,,,,,,,,,,,,,,,,,,,,,,,,,,,,,,,,,,,,,,,,,,,,,,0,,,,,,
2021-22,9576288,28,39,Wolverhampton_Wanderers,Home,954044,441271,Ki-Jana Hoever,ki-jana-hoever,D,False,,,,6.0,1.0,7.0,,,1.0,,,,,,,,1.0,1.0,,,,,,,,,,,,25.0,,,,,,,5.0,,6.3,,,,,,1.0,,,,,8.0,1.0,9.0,0,,14.0,1.0,1.0,,
2021-22,9576288,28,39,Wolverhampton_Wanderers,Home,954076,449988,Fábio Silva,fabio-silva,F,True,,,,,,,,,,,,,,,,,,,,,,,,,,,,,,,,,,,,,,,,,,,,,,,,,,,,,0,,,,,,
2021-22,9576288,28,39,Wolverhampton_Wanderers,Home,1015826,510363,Chiquinho,chiquinho,F,True,,,,1.0,,1.0,,,1.0,,1.0,,,,,,2.0,,,,2.0,,,,,,,,,11.0,1.0,,,,,,4.0,,6.3,,,,,,,3.0,,,,4.0,,1.0,1,,7.0,1.0,,,
2021-22,9576252,29,39,Wolverhampton_Wanderers,Away,1131,19236,John Ruddy,john-ruddy,G,True,,,,,,,,,,,,,,,,,,,,,,,,,,,,,,,,,,,,,,,,,,,,,,,,,,,,,0,,,,,,
2021-22,9576252,29,39,Wolverhampton_Wanderers,Away,6562,19624,João Moutinho,joao-moutinho,M,False,1.0,,1.0,38.0,36.0,73.0,,2.0,10.0,,,,2.0,,,1.0,4.0,7.0,,,1.0,,,,,,2.0,1.0,,90.0,1.0,,,,,,9.0,,7.6,,,,,1.0,1.0,4.0,,1.0,,44.0,37.0,77.0,1,4.0,99.0,,,1.0,2.0
2021-22,9576252,29,39,Wolverhampton_Wanderers,Away,98449,94147,Conor Coady,conor-coady,D,False,,,8.0,10.0,49.0,59.0,,2.0,6.0,,,,,,,,2.0,2.0,,,2.0,,1.0,,,,,,,90.0,1.0,,,,,,5.0,,7.8,,,,,5.0,,,,11.0,,12.0,52.0,64.0,1,,72.0,,,,
2021-22,9576252,29,39,Wolverhampton_Wanderers,Away,139310,90585,Willy Boly,willy-boly,D,True,,,,,,,,,,,,,,,,,,,,,,,,,,,,,,,,,,,,,,,,,,,,,,,,,,,,,0,,,,,,
2021-22,9576252,29,39,Wolverhampton_Wanderers,Away,143593,111291,Marçal,marcal,D,False,,,2.0,17.0,16.0,33.0,1.0,2.0,4.0,,,1.0,1.0,,,,3.0,3.0,,,1.0,,,,,,4.0,1.0,,90.0,,,,,,,12.0,,6.9,,,,,2.0,1.0,4.0,,4.0,,25.0,18.0,39.0,1,,60.0,2.0,,1.0,
2021-22,9576252,29,39,Wolverhampton_Wanderers,Away,187729,107613,Romain Saïss,romain-saiss,D,False,,,9.0,12.0,41.0,53.0,1.0,2.0,8.0,,,,1.0,,,1.0,3.0,3.0,,,,,,,,,,,,90.0,,,,,,,15.0,,7.0,,,,,3.0,,,,13.0,,20.0,47.0,67.0,0,1.0,77.0,,,,1.0
2021-22,9576252,29,39,Wolverhampton_Wanderers,Away,190405,151589,Leander Dendoncker,leander-dendoncker,M,False,,,1.0,24.0,11.0,35.0,2.0,,2.0,,,1.0,2.0,,,,5.0,3.0,,,1.0,,,,,,1.0,1.0,,83.0,,,,,,,3.0,,6.8,,,,,1.0,1.0,1.0,,1.0,,27.0,11.0,37.0,1,1.0,46.0,,1.0,1.0,
2021-22,9576252,29,39,Wolverhampton_Wanderers,Away,192442,102057,Raúl Jiménez,raul-jimenez,F,False,,,2.0,16.0,7.0,23.0,3.0,,5.0,,,2.0,1.0,,,3.0,9.0,4.0,,,1.0,,,,,,,1.0,,88.0,,,,,,,10.0,,6.7,,,2.0,,1.0,1.0,,,3.0,,20.0,8.0,28.0,4,1.0,44.0,1.0,3.0,,1.0
2021-22,9576252,29,39,Wolverhampton_Wanderers,Away,235648,114128,Jonny Otto,jonny-otto,D,False,,,,26.0,18.0,44.0,,,5.0,,,,,,,3.0,8.0,2.0,,,2.0,,,,,,2.0,3.0,,90.0,,,,,,,16.0,,6.3,,,1.0,,,3.0,1.0,,1.0,,31.0,19.0,49.0,1,,78.0,3.0,2.0,,
2021-22,9576252,29,39,Wolverhampton_Wanderers,Away,252669,149065,José Sá,jose-sa,G,False,,2.0,8.0,2.0,16.0,18.0,,,9.0,,,,,,,,,1.0,,,,,,0.1795,,,,,,90.0,,,,,,,7.0,,7.5,2.0,2.0,,,1.0,,,2.0,15.0,,7.0,18.0,25.0,0,,37.0,,1.0,,
2021-22,9576252,29,39,Wolverhampton_Wanderers,Away,280955,171317,Rúben Neves,ruben-neves,M,False,1.0,,7.0,38.0,37.0,74.0,1.0,,5.0,,,1.0,3.0,,,1.0,7.0,6.0,,,2.0,1.0,,,,,3.0,1.0,,90.0,1.0,,,,,,13.0,,7.7,,,,,,3.0,2.0,,8.0,,46.0,39.0,83.0,2,2.0,102.0,2.0,1.0,3.0,1.0
2021-22,9576252,29,39,Wolverhampton_Wanderers,Away,308764,200600,Daniel Podence,daniel-podence,M,True,,,2.0,26.0,9.0,35.0,1.0,,5.0,,,1.0,,,,3.0,6.0,3.0,,,1.0,,,,,,,3.0,,74.0,,,,,,,16.0,,6.8,,,1.0,,,3.0,,,2.0,,35.0,9.0,44.0,2,1.0,59.0,3.0,,2.0,1.0
2021-22,9576252,29,39,Wolverhampton_Wanderers,Away,786186,184754,Hwang Hee-chan,hwang-hee-chan,F,False,,,,,1.0,1.0,,,,,,,,,,1.0,1.0,3.0,,,,,,,,,,,,16.0,,,,,,,3.0,,6.5,,,,,,,,,,,,1.0,1.0,0,,7.0,1.0,3.0,,
2021-22,9576252,29,39,Wolverhampton_Wanderers,Away,830431,222564,Francisco Trincão,francisco-trincao,M,True,,,,3.0,1.0,4.0,,,,,,,,,,,1.0,2.0,,,,,,,,,,,,12.0,,,,,,,4.0,,6.6,,,1.0,,,2.0,,,,,4.0,2.0,6.0,1,,12.0,1.0,1.0,1.0,
2021-22,9576252,29,39,Wolverhampton_Wanderers,Away,894474,214048,Max Kilman,max-kilman,D,False,,,2.0,26.0,37.0,63.0,2.0,4.0,2.0,,,,,,,,2.0,6.0,,,,,,,,,1.0,,,90.0,,,,,,,11.0,,7.3,,,,,5.0,,,,3.0,,29.0,44.0,73.0,0,2.0,83.0,1.0,,,2.0
2021-22,9576252,29,39,Wolverhampton_Wanderers,Away,931278,448514,Rayan Aït-Nouri,rayan-ait-nouri,D,True,,,,,,,,,,,,,,,,,,,,,,,,,,,,,,,,,,,,,,,,,,,,,,,,,,,,,0,,,,,,
2021-22,9576252,29,39,Wolverhampton_Wanderers,Away,954076,449988,Fábio Silva,fabio-silva,F,True,,,,2.0,1.0,3.0,,,2.0,,,,,,,1.0,3.0,,,,,,,,,,,,,2.0,,,,,,,4.0,,,,,,,,2.0,,,,,3.0,1.0,4.0,0,,8.0,,,,
2021-22,9576252,29,39,Wolverhampton_Wanderers,Away,973418,510362,Toti Gomes,toti-gomes,D,True,,,,,,,,,,,,,,,,,,,,,,,,,,,,,,,,,,,,,,,,,,,,,,,,,,,,,0,,,,,,
2021-22,9576252,29,39,Wolverhampton_Wanderers,Away,988966,245923,Luke Cundle,luke-cundle,M,True,,,,,,,,,,,,,,,,,,,,,,,,,,,,,,,,,,,,,,,,,,,,,,,,,,,,,0,,,,,,
2021-22,9576252,29,39,Wolverhampton_Wanderers,Away,1015826,510363,Chiquinho,chiquinho,F,True,,,,,,,,,,,,,,,,,,,,,,,,,,,,,,,,,,,,,,,,,,,,,,,,,,,,,0,,,,,,
2021-22,9576425,30,39,Wolverhampton_Wanderers,Home,1131,19236,John Ruddy,john-ruddy,G,True,,,,,,,,,,,,,,,,,,,,,,,,,,,,,,,,,,,,,,,,,,,,,,,,,,,,,0,,,,,,
2021-22,9576425,30,39,Wolverhampton_Wanderers,Home,6562,19624,João Moutinho,joao-moutinho,M,False,1.0,,5.0,21.0,24.0,44.0,1.0,1.0,13.0,,,,2.0,,,1.0,6.0,2.0,,1.0,2.0,,,,,,1.0,2.0,,90.0,,,,,,,16.0,,6.4,,,,,,,2.0,,11.0,,31.0,28.0,57.0,0,1.0,66.0,1.0,,,1.0
2021-22,9576425,30,39,Wolverhampton_Wanderers,Home,98449,94147,Conor Coady,conor-coady,D,False,,,11.0,4.0,40.0,44.0,,,4.0,,,1.0,,1.0,,,2.0,,,,2.0,,,,,,1.0,,,90.0,,1.0,,,,,2.0,,7.0,,,,,2.0,,,,12.0,,6.0,40.0,46.0,1,,53.0,,,,
2021-22,9576425,30,39,Wolverhampton_Wanderers,Home,139310,90585,Willy Boly,willy-boly,D,False,,,3.0,10.0,35.0,45.0,3.0,4.0,13.0,,,,,,,,6.0,7.0,,,1.0,,,,,,1.0,,,90.0,,,,,,,18.0,,6.1,,,,,4.0,4.0,,,13.0,,23.0,37.0,60.0,0,1.0,71.0,1.0,,2.0,1.0
2021-22,9576425,30,39,Wolverhampton_Wanderers,Home,143593,111291,Marçal,marcal,D,True,,,,,,,,,,,,,,,,,,,,,,,,,,,,,,,,,,,,,,,,,,,,,,,,,,,,,0,,,,,,
2021-22,9576425,30,39,Wolverhampton_Wanderers,Home,187729,107613,Romain Saïss,romain-saiss,D,False,,,5.0,10.0,36.0,46.0,2.0,,6.0,,,,,,,,6.0,2.0,1.0,,2.0,,,,,,4.0,1.0,,90.0,,1.0,,,,,8.0,,6.1,,,,,4.0,2.0,,,7.0,,11.0,41.0,52.0,0,1.0,67.0,,1.0,,1.0
2021-22,9576425,30,39,Wolverhampton_Wanderers,Home,190405,151589,Leander Dendoncker,leander-dendoncker,M,False,,,1.0,9.0,14.0,23.0,3.0,2.0,1.0,,,,,,,1.0,4.0,3.0,,,,,,,,,,,,89.0,1.0,1.0,,,,,8.0,,6.9,,,1.0,,1.0,,,,2.0,,13.0,15.0,28.0,2,1.0,38.0,2.0,,,
2021-22,9576425,30,39,Wolverhampton_Wanderers,Home,192442,102057,Raúl Jiménez,raul-jimenez,F,False,,,,6.0,4.0,10.0,,1.0,1.0,,1.0,,2.0,,,1.0,8.0,4.0,,,3.0,,,,,,,1.0,,53.0,,,,,,,10.0,,5.1,,,2.0,,,2.0,,,,,9.0,4.0,13.0,2,,26.0,3.0,3.0,,
2021-22,9576425,30,39,Wolverhampton_Wanderers,Home,235648,114128,Jonny Otto,jonny-otto,D,False,1.0,,1.0,13.0,11.0,23.0,,2.0,3.0,,,,1.0,,,1.0,4.0,10.0,,,1.0,,1.0,,,,1.0,1.0,,89.0,2.0,,,,,,18.0,,7.7,,,,,,2.0,1.0,,1.0,,15.0,16.0,30.0,2,4.0,65.0,5.0,3.0,1.0,3.0
2021-22,9576425,30,39,Wolverhampton_Wanderers,Home,252669,149065,José Sá,jose-sa,G,False,,1.0,4.0,3.0,20.0,23.0,,,8.0,,,,1.0,,,,1.0,,,,,,,-1.035,,,,,,90.0,,,,,,,9.0,1.0,6.2,1.0,2.0,,,2.0,,,1.0,13.0,,12.0,20.0,32.0,0,,41.0,,,,
2021-22,9576425,30,39,Wolverhampton_Wanderers,Home,280955,171317,Rúben Neves,ruben-neves,M,False,,,1.0,2.0,8.0,10.0,,,3.0,,,1.0,,,,,,,,1.0,,,,,,,,,,25.0,,,,,,,4.0,,6.3,,,,,,,,,1.0,,2.0,11.0,13.0,1,,15.0,,,,
2021-22,9576425,30,39,Wolverhampton_Wanderers,Home,308764,200600,Daniel Podence,daniel-podence,M,False,,,2.0,12.0,14.0,26.0,2.0,,2.0,1.0,,,,,,4.0,8.0,10.0,,,1.0,1.0,,,,,,3.0,,78.0,1.0,,,,,,15.0,,7.8,,,,,,7.0,1.0,,2.0,1.0,17.0,16.0,32.0,1,2.0,55.0,3.0,2.0,6.0,1.0
2021-22,9576425,30,39,Wolverhampton_Wanderers,Home,786186,184754,Hwang Hee-chan,hwang-hee-chan,F,True,,,,,1.0,1.0,1.0,,1.0,,,,,,,,1.0,1.0,,,,,,,,,,,,12.0,1.0,,,,,,1.0,,6.7,,,,,,,,,,,1.0,1.0,2.0,1,,4.0,,1.0,,
2021-22,9576425,30,39,Wolverhampton_Wanderers,Home,830431,222564,Francisco Trincão,francisco-trincao,M,True,1.0,,1.0,13.0,3.0,15.0,1.0,,3.0,1.0,,,1.0,,,1.0,9.0,6.0,,,1.0,1.0,1.0,,,1.0,,2.0,,65.0,3.0,,,,,,13.0,,8.4,,,1.0,,,7.0,2.0,,1.0,,17.0,4.0,19.0,4,3.0,41.0,2.0,1.0,2.0,1.0
2021-22,9576425,30,39,Wolverhampton_Wanderers,Home,894474,214048,Max Kilman,max-kilman,D,True,,,,,,,,,,,,,,,,,,,,,,,,,,,,,,,,,,,,,,,,,,,,,,,,,,,,,0,,,,,,
2021-22,9576425,30,39,Wolverhampton_Wanderers,Home,931278,448514,Rayan Aït-Nouri,rayan-ait-nouri,D,False,1.0,,2.0,13.0,8.0,20.0,1.0,,4.0,,,,2.0,,,,7.0,5.0,,,,,,,,,,1.0,,90.0,,,,,,,17.0,,6.2,,,,,1.0,6.0,4.0,,4.0,,20.0,11.0,27.0,0,1.0,57.0,3.0,2.0,2.0,1.0
2021-22,9576425,30,39,Wolverhampton_Wanderers,Home,954076,449988,Fábio Silva,fabio-silva,F,True,,,,2.0,1.0,3.0,,,,,,,,,,,,,,,,,,,,,,1.0,,1.0,,,,,,,,,,,,,,,,,,,,2.0,1.0,3.0,0,,3.0,,,,
2021-22,9576425,30,39,Wolverhampton_Wanderers,Home,973418,510362,Toti Gomes,toti-gomes,D,True,,,,,,,,,,,,,,,,,,,,,,,,,,,,,,,,,,,,,,,,,,,,,,,,,,,,,0,,,,,,
2021-22,9576425,30,39,Wolverhampton_Wanderers,Home,988966,245923,Luke Cundle,luke-cundle,M,True,,,,,,,,,,,,,,,,,,,,,,,,,,,,,,,,,,,,,,,,,,,,,,,,,,,,,0,,,,,,
2021-22,9576425,30,39,Wolverhampton_Wanderers,Home,1015826,510363,Chiquinho,chiquinho,F,True,1.0,,,1.0,,,,,1.0,,,,,,,,,3.0,,,,,,,,,,,,1.0,,,,,,,,,,,,,,,1.0,1.0,,,,1.0,,,0,1.0,5.0,,1.0,1.0,
2021-22,9576447,31,39,Wolverhampton_Wanderers,Home,1131,19236,John Ruddy,john-ruddy,G,True,,,,,,,,,,,,,,,,,,,,,,,,,,,,,,,,,,,,,,,,,,,,,,,,,,,,,0,,,,,,
2021-22,9576447,31,39,Wolverhampton_Wanderers,Home,6562,19624,João Moutinho,joao-moutinho,M,False,,,4.0,18.0,33.0,51.0,1.0,,11.0,1.0,,1.0,4.0,,,1.0,8.0,4.0,,,2.0,,,,,,,1.0,,90.0,,,,,,,12.0,,6.8,,,,,1.0,1.0,3.0,,7.0,,26.0,35.0,58.0,1,3.0,72.0,1.0,,1.0,
2021-22,9576447,31,39,Wolverhampton_Wanderers,Home,98449,94147,Conor Coady,conor-coady,D,False,,,,,19.0,19.0,,,5.0,,,,,,,,1.0,,,,1.0,,,,,,,,,90.0,,1.0,,,,,3.0,,6.4,,,,,1.0,,,,,,,21.0,21.0,0,,24.0,,,,
2021-22,9576447,31,39,Wolverhampton_Wanderers,Home,139310,90585,Willy Boly,willy-boly,D,False,,,3.0,12.0,34.0,46.0,4.0,2.0,5.0,,,,,,,,5.0,5.0,,,1.0,,,,,,3.0,,,90.0,,,,,,,6.0,,7.0,,,,,7.0,,,,7.0,,17.0,35.0,52.0,0,2.0,70.0,,1.0,,1.0
2021-22,9576447,31,39,Wolverhampton_Wanderers,Home,143593,111291,Marçal,marcal,D,False,1.0,,2.0,14.0,18.0,31.0,,1.0,8.0,,,,1.0,,,,4.0,4.0,,,1.0,,,,,,1.0,1.0,,90.0,,1.0,,,,,22.0,,7.1,,,,,2.0,3.0,2.0,,6.0,,23.0,25.0,46.0,0,2.0,75.0,3.0,,1.0,
2021-22,9576447,31,39,Wolverhampton_Wanderers,Home,187729,107613,Romain Saïss,romain-saiss,D,True,,,,,,,,,,,,,,,,,,,,,,,,,,,,,,,,,,,,,,,,,,,,,,,,,,,,,0,,,,,,
2021-22,9576447,31,39,Wolverhampton_Wanderers,Home,190405,151589,Leander Dendoncker,leander-dendoncker,M,False,,,1.0,11.0,18.0,29.0,1.0,1.0,6.0,,,,,,,,2.0,7.0,,,,,,,,,,,,90.0,,,,,,,9.0,,7.2,,,1.0,,1.0,2.0,1.0,,4.0,,16.0,21.0,36.0,1,4.0,50.0,,1.0,1.0,2.0
2021-22,9576447,31,39,Wolverhampton_Wanderers,Home,235648,114128,Jonny Otto,jonny-otto,D,False,,,2.0,12.0,23.0,35.0,1.0,1.0,7.0,1.0,,,,,,1.0,4.0,6.0,,,3.0,,1.0,,,,,1.0,,90.0,1.0,,,,,,14.0,,7.5,,,,,,1.0,,,5.0,,20.0,28.0,48.0,1,1.0,68.0,,3.0,1.0,1.0
2021-22,9576447,31,39,Wolverhampton_Wanderers,Home,252669,149065,José Sá,jose-sa,G,False,,,4.0,1.0,20.0,21.0,,2.0,8.0,,,,,,,,1.0,2.0,,,1.0,,,0.9135,2.0,,,,,90.0,,,,1.0,1.0,,6.0,2.0,7.3,3.0,4.0,,,2.0,,,,10.0,,6.0,21.0,27.0,0,,40.0,,1.0,,
2021-22,9576447,31,39,Wolverhampton_Wanderers,Home,252821,200402,Nélson Semedo,nelson-semedo,D,True,,,,,,,,,,,,,,,,,,,,,,,,,,,,,,,,,,,,,,,,,,,,,,,,,,,,,0,,,,,,
2021-22,9576447,31,39,Wolverhampton_Wanderers,Home,308764,200600,Daniel Podence,daniel-podence,M,False,,,2.0,14.0,8.0,22.0,1.0,,4.0,,1.0,1.0,2.0,,,1.0,4.0,7.0,,,,,,,,,1.0,2.0,,68.0,,,,,,,13.0,,6.9,,,1.0,,,2.0,1.0,,4.0,,24.0,8.0,31.0,2,4.0,46.0,2.0,1.0,2.0,3.0
2021-22,9576447,31,39,Wolverhampton_Wanderers,Home,786186,184754,Hwang Hee-chan,hwang-hee-chan,F,True,,,,2.0,5.0,7.0,,,2.0,,1.0,,,,,,2.0,3.0,,,1.0,,,,,,,,,22.0,,,,,,,5.0,,6.3,,,1.0,,,1.0,,,,,5.0,5.0,10.0,1,2.0,16.0,1.0,1.0,,1.0
2021-22,9576447,31,39,Wolverhampton_Wanderers,Home,830431,222564,Francisco Trincão,francisco-trincao,M,False,,,1.0,4.0,10.0,14.0,,1.0,5.0,,,,1.0,,,2.0,6.0,5.0,,,1.0,,,,,,,,,74.0,1.0,,,,,,17.0,,6.8,,,1.0,,,5.0,1.0,,2.0,1.0,11.0,11.0,21.0,2,1.0,41.0,5.0,,3.0,1.0
2021-22,9576447,31,39,Wolverhampton_Wanderers,Home,879349,247632,Pedro Neto,pedro-neto,M,True,,,,2.0,3.0,5.0,,,1.0,,,,,,,1.0,2.0,,,,,,,,,,,,,16.0,,,,,,,10.0,,6.3,,,,,,1.0,3.0,,,,7.0,3.0,7.0,0,,15.0,2.0,,,
2021-22,9576447,31,39,Wolverhampton_Wanderers,Home,894474,214048,Max Kilman,max-kilman,D,False,,,3.0,12.0,32.0,44.0,,6.0,4.0,,,,,,,,,8.0,,,,,,,,,1.0,,,90.0,,1.0,,,,,5.0,,7.3,,,,,5.0,,,,4.0,,13.0,35.0,48.0,0,2.0,60.0,1.0,,,1.0
2021-22,9576447,31,39,Wolverhampton_Wanderers,Home,931278,448514,Rayan Aït-Nouri,rayan-ait-nouri,D,True,,,,,,,,,,,,,,,,,,,,,,,,,,,,,,,,,,,,,,,,,,,,,,,,,,,,,0,,,,,,
2021-22,9576447,31,39,Wolverhampton_Wanderers,Home,954076,449988,Fábio Silva,fabio-silva,F,False,,,,6.0,7.0,13.0,2.0,2.0,2.0,,2.0,,,,,3.0,9.0,5.0,,,3.0,,,,,,,,,89.0,3.0,,,,,,9.0,,6.3,,,,,,2.0,,,,,6.0,10.0,16.0,3,2.0,30.0,2.0,,1.0,1.0
2021-22,9576447,31,39,Wolverhampton_Wanderers,Home,973418,510362,Toti Gomes,toti-gomes,D,True,,,,,,,,,,,,,,,,,,,,,,,,,,,,,,,,,,,,,,,,,,,,,,,,,,,,,0,,,,,,
2021-22,9576447,31,39,Wolverhampton_Wanderers,Home,988966,245923,Luke Cundle,luke-cundle,M,True,,,,,,,,,,,,,,,,,,,,,,,,,,,,,,,,,,,,,,,,,,,,,,,,,,,,,0,,,,,,
2021-22,9576447,31,39,Wolverhampton_Wanderers,Home,1015826,510363,Chiquinho,chiquinho,F,True,,,,,,,,,,,,,,,,,1.0,,,,1.0,,,,,,,,,1.0,,,,,,,,,,,,,,,,,,,,,,,0,,,,,,
2021-22,9576280,32,39,Wolverhampton_Wanderers,Away,1131,19236,John Ruddy,john-ruddy,G,True,,,,,,,,,,,,,,,,,,,,,,,,,,,,,,,,,,,,,,,,,,,,,,,,,,,,,0,,,,,,
2021-22,9576280,32,39,Wolverhampton_Wanderers,Away,6562,19624,João Moutinho,joao-moutinho,M,False,,,4.0,31.0,33.0,64.0,,,8.0,,,,3.0,,,,6.0,5.0,,,3.0,,,,,,,,,90.0,,2.0,,,,,20.0,,6.9,,,,,2.0,1.0,4.0,,8.0,,46.0,37.0,79.0,0,4.0,95.0,1.0,,1.0,2.0
2021-22,9576280,32,39,Wolverhampton_Wanderers,Away,98449,94147,Conor Coady,conor-coady,D,False,,,2.0,10.0,48.0,58.0,1.0,,4.0,,,,,,,,1.0,,,,,,,,,,,,,90.0,,1.0,,,,,6.0,,6.8,,,,,4.0,,,,5.0,,15.0,49.0,64.0,0,,70.0,,,,
2021-22,9576280,32,39,Wolverhampton_Wanderers,Away,139310,90585,Willy Boly,willy-boly,D,False,,,2.0,11.0,31.0,42.0,3.0,1.0,4.0,,,,1.0,,,,5.0,3.0,,,1.0,,,,,,,,,90.0,,,,,,,12.0,,6.5,,,,,2.0,,,,7.0,,18.0,36.0,54.0,0,2.0,62.0,,,,
2021-22,9576280,32,39,Wolverhampton_Wanderers,Away,143593,111291,Marçal,marcal,D,False,1.0,,,19.0,20.0,38.0,,3.0,3.0,,,,1.0,,,,4.0,6.0,,,3.0,,,,,,4.0,1.0,,86.0,,1.0,,,,,15.0,,7.2,,,,,3.0,,4.0,,1.0,,31.0,21.0,48.0,0,3.0,69.0,2.0,,,3.0
2021-22,9576280,32,39,Wolverhampton_Wanderers,Away,187729,107613,Romain Saïss,romain-saiss,D,True,,,,,,,,,,,,,,,,,,,,,,,,,,,,,,,,,,,,,,,,,,,,,,,,,,,,,0,,,,,,
2021-22,9576280,32,39,Wolverhampton_Wanderers,Away,235648,114128,Jonny Otto,jonny-otto,D,False,,,1.0,14.0,9.0,23.0,1.0,1.0,5.0,,,,1.0,,,,3.0,11.0,,,,,,,,,1.0,,,90.0,1.0,,,,,,17.0,,7.5,,,1.0,,,4.0,2.0,,1.0,,26.0,11.0,35.0,2,5.0,67.0,1.0,2.0,3.0,2.0
2021-22,9576280,32,39,Wolverhampton_Wanderers,Away,252669,149065,José Sá,jose-sa,G,False,,1.0,3.0,2.0,12.0,14.0,,,10.0,,,,,,,,1.0,,,,1.0,,,0.4863,2.0,,,,,90.0,,,,1.0,1.0,,9.0,1.0,6.5,2.0,3.0,,,1.0,,,1.0,12.0,,8.0,15.0,23.0,0,,35.0,,,,
2021-22,9576280,32,39,Wolverhampton_Wanderers,Away,252821,200402,Nélson Semedo,nelson-semedo,D,True,,,,,,,,,,,,,,,,,,,,,,,,,,,,,,,,,,,,,,,,,,,,,,,,,,,,,0,,,,,,
2021-22,9576280,32,39,Wolverhampton_Wanderers,Away,786186,184754,Hwang Hee-chan,hwang-hee-chan,F,False,,,1.0,15.0,14.0,29.0,1.0,,3.0,,,1.0,,,,2.0,5.0,3.0,,,,,,,,,1.0,,,78.0,,,,,,,7.0,,6.5,,,,,,3.0,,,1.0,,16.0,14.0,30.0,1,1.0,42.0,2.0,1.0,1.0,1.0
2021-22,9576280,32,39,Wolverhampton_Wanderers,Away,830431,222564,Francisco Trincão,francisco-trincao,M,False,,,2.0,8.0,5.0,13.0,,,4.0,,,,2.0,,,,5.0,8.0,,,1.0,,,,,,,,,78.0,,,,,,,9.0,,7.0,,,,,,5.0,1.0,,2.0,,14.0,5.0,18.0,0,4.0,31.0,1.0,1.0,3.0,1.0
2021-22,9576280,32,39,Wolverhampton_Wanderers,Away,879349,247632,Pedro Neto,pedro-neto,M,True,1.0,,,13.0,,12.0,,,1.0,,,,,,,,,2.0,,,,,,,,,,,,12.0,,,,,,,3.0,,6.9,,,,,,1.0,3.0,,,,15.0,,12.0,0,,18.0,1.0,1.0,1.0,
2021-22,9576280,32,39,Wolverhampton_Wanderers,Away,894474,214048,Max Kilman,max-kilman,D,False,,,2.0,16.0,46.0,62.0,,3.0,10.0,,,,,,,,,4.0,,,,,,,,,1.0,,,90.0,,1.0,,,,,11.0,,7.0,,,,,3.0,,,,7.0,,20.0,53.0,73.0,0,1.0,82.0,,,,
2021-22,9576280,32,39,Wolverhampton_Wanderers,Away,931278,448514,Rayan Aït-Nouri,rayan-ait-nouri,D,True,,,,2.0,3.0,5.0,,,1.0,,,,,,,,,,,,,,,,,,,,,10.0,,,,,,,2.0,,6.5,,,,,,,,,,,2.0,4.0,6.0,0,,7.0,1.0,,,
2021-22,9576280,32,39,Wolverhampton_Wanderers,Away,954076,449988,Fábio Silva,fabio-silva,F,False,,,1.0,8.0,6.0,14.0,3.0,2.0,2.0,,,,2.0,,,,11.0,3.0,,,3.0,,,,,,,,,90.0,1.0,,,,,,7.0,,6.4,,,1.0,,,3.0,,,1.0,,12.0,6.0,18.0,2,,27.0,,1.0,,
2021-22,9576280,32,39,Wolverhampton_Wanderers,Away,973418,510362,Toti Gomes,toti-gomes,D,True,,,,,,,,,,,,,,,,,,,,,,,,,,,,,,,,,,,,,,,,,,,,,,,,,,,,,0,,,,,,
2021-22,9576280,32,39,Wolverhampton_Wanderers,Away,988966,245923,Luke Cundle,luke-cundle,M,False,,,6.0,29.0,42.0,71.0,1.0,,6.0,,,,,,,,3.0,3.0,,,1.0,,,,,,,1.0,,90.0,,,,,,,7.0,,7.1,,,,,,1.0,,,6.0,,33.0,44.0,77.0,0,3.0,83.0,,,,2.0
2021-22,9576280,32,39,Wolverhampton_Wanderers,Away,1014835,501837,Yerson Mosquera,yerson-mosquera,D,True,,,,,,,,,,,,,,,,,,,,,,,,,,,,,,,,,,,,,,,,,,,,,,,,,,,,,0,,,,,,
2021-22,9576280,32,39,Wolverhampton_Wanderers,Away,1015826,510363,Chiquinho,chiquinho,F,True,,,,,,,,,,,,,,,,,,,,,,,,,,,,,,,,,,,,,,,,,,,,,,,,,,,,,0,,,,,,
2021-22,9576280,32,39,Wolverhampton_Wanderers,Away,1177311,461026,Chem Campbell,chem-campbell,M,True,,,,7.0,1.0,8.0,1.0,,,,,,,,,,1.0,1.0,,,,,,,,,,,,12.0,,,,,,,1.0,,6.6,,,,,,,,,,,8.0,1.0,9.0,0,1.0,11.0,,,,1.0
2021-22,10277713,33,39,Wolverhampton_Wanderers,Home,1131,19236,John Ruddy,john-ruddy,G,True,,,,,,,,,,,,,,,,,,,,,,,,,,,,,,,,,,,,,,,,,,,,,,,,,,,,,0,,,,,,
2021-22,10277713,33,39,Wolverhampton_Wanderers,Home,6562,19624,João Moutinho,joao-moutinho,M,False,,,1.0,13.0,13.0,26.0,1.0,1.0,3.0,,,,1.0,,,,2.0,3.0,,,,,,,,,,,,85.0,,,,,,,7.0,,6.3,,,,,,,2.0,,1.0,,16.0,16.0,30.0,0,1.0,37.0,1.0,1.0,,1.0
2021-22,10277713,33,39,Wolverhampton_Wanderers,Home,98449,94147,Conor Coady,conor-coady,D,False,,,8.0,4.0,46.0,50.0,1.0,,4.0,,,,,,,,1.0,,,,,,,,,,2.0,,,90.0,,,,,,,2.0,,6.2,,,,,4.0,,,,10.0,1.0,6.0,46.0,52.0,0,,58.0,,,,
2021-22,10277713,33,39,Wolverhampton_Wanderers,Home,139310,90585,Willy Boly,willy-boly,D,False,,,,1.0,38.0,39.0,1.0,,7.0,,,,1.0,,,,3.0,1.0,,,1.0,,,,,,1.0,,,90.0,,,,,,,11.0,,5.6,,,,,1.0,,,,5.0,,5.0,44.0,49.0,0,1.0,54.0,1.0,,,
2021-22,10277713,33,39,Wolverhampton_Wanderers,Home,143593,111291,Marçal,marcal,D,True,,,,,,,,,,,,,,,,,,,,,,,,,,,,,,,,,,,,,,,,,,,,,,,,,,,,,0,,,,,,
2021-22,10277713,33,39,Wolverhampton_Wanderers,Home,190405,151589,Leander Dendoncker,leander-dendoncker,M,False,,,,11.0,9.0,20.0,3.0,1.0,2.0,,,,,,,1.0,4.0,2.0,,,,,1.0,,,,1.0,,,90.0,2.0,,,,,,5.0,,6.9,,,,,1.0,,,,,,11.0,11.0,22.0,2,1.0,30.0,1.0,,,
2021-22,10277713,33,39,Wolverhampton_Wanderers,Home,192442,102057,Raúl Jiménez,raul-jimenez,F,False,,,2.0,7.0,4.0,11.0,,,2.0,,,,,,,5.0,8.0,3.0,,,,,,,,,,1.0,,72.0,1.0,,,,,,11.0,,6.4,,,,,,5.0,,,2.0,1.0,7.0,5.0,12.0,1,,29.0,1.0,1.0,2.0,
2021-22,10277713,33,39,Wolverhampton_Wanderers,Home,235648,114128,Jonny Otto,jonny-otto,D,False,,,3.0,1.0,35.0,36.0,,1.0,4.0,,,,1.0,,,1.0,2.0,4.0,,,,,,,,,,,,90.0,,,,,,,6.0,,6.0,,,,,1.0,1.0,,,3.0,,3.0,37.0,40.0,0,2.0,50.0,,,1.0,1.0
2021-22,10277713,33,39,Wolverhampton_Wanderers,Home,252669,149065,José Sá,jose-sa,G,False,,1.0,6.0,2.0,20.0,22.0,,,13.0,,,,,,,,,1.0,1.0,,,,,-1.3275,2.0,,,,,90.0,,,,,,,12.0,,4.6,,,,,1.0,,,1.0,17.0,,8.0,25.0,33.0,0,,47.0,,1.0,,
2021-22,10277713,33,39,Wolverhampton_Wanderers,Home,280955,171317,Rúben Neves,ruben-neves,M,False,,,3.0,11.0,30.0,41.0,,,6.0,,,,1.0,,,,1.0,2.0,,,,,,,,,2.0,1.0,,90.0,,1.0,,,,,8.0,,6.6,,,,,2.0,1.0,1.0,,7.0,,18.0,31.0,48.0,0,1.0,57.0,,,1.0,1.0
2021-22,10277713,33,39,Wolverhampton_Wanderers,Home,786186,184754,Hwang Hee-chan,hwang-hee-chan,F,True,,,,,1.0,1.0,1.0,,,,,,,,,,2.0,,,,,,,,,,,,,18.0,,,,,,,4.0,,6.4,,,1.0,,,1.0,,,,,,2.0,2.0,1,,6.0,2.0,,,
2021-22,10277713,33,39,Wolverhampton_Wanderers,Home,830431,222564,Francisco Trincão,francisco-trincao,M,True,,,,1.0,1.0,2.0,,,1.0,,,,,,,,,1.0,,,,,,,,,,,,18.0,,,,,,,1.0,,6.5,,,,,,,,,1.0,,2.0,1.0,3.0,0,1.0,4.0,,,,
2021-22,10277713,33,39,Wolverhampton_Wanderers,Home,879349,247632,Pedro Neto,pedro-neto,M,False,3.0,,,12.0,15.0,24.0,1.0,,,,,1.0,1.0,,,1.0,5.0,2.0,,,,1.0,,,,,,3.0,,72.0,,,,,,,14.0,,6.8,,,,,,3.0,6.0,,,,16.0,18.0,28.0,1,1.0,48.0,2.0,,1.0,1.0
2021-22,10277713,33,39,Wolverhampton_Wanderers,Home,931278,448514,Rayan Aït-Nouri,rayan-ait-nouri,D,False,1.0,,1.0,11.0,17.0,27.0,,,3.0,,,,,,,1.0,3.0,5.0,,1.0,,,,,,,1.0,1.0,,90.0,,,,,,,16.0,,6.3,,,,,2.0,4.0,3.0,,3.0,,16.0,23.0,36.0,0,2.0,61.0,2.0,1.0,2.0,1.0
2021-22,10277713,33,39,Wolverhampton_Wanderers,Home,954044,441271,Ki-Jana Hoever,ki-jana-hoever,D,True,,,,,,,,,,,,,,,,,,,,,,,,,,,,,,,,,,,,,,,,,,,,,,,,,,,,,0,,,,,,
2021-22,10277713,33,39,Wolverhampton_Wanderers,Home,954076,449988,Fábio Silva,fabio-silva,F,True,,,,,,,,,,,,,,,,,,,,,,,,,,,,,,,,,,,,,,,,,,,,,,,,,,,,,0,,,,,,
2021-22,10277713,33,39,Wolverhampton_Wanderers,Home,973418,510362,Toti Gomes,toti-gomes,D,True,,,,,,,,,,,,,,,,,,,,,,,,,,,,,,,,,,,,,,,,,,,,,,,,,,,,,0,,,,,,
2021-22,10277713,33,39,Wolverhampton_Wanderers,Home,988966,245923,Luke Cundle,luke-cundle,M,True,,,,,1.0,1.0,,,,,,,,,,,,,,,,,,,,,,,,9.0,,,,,,,,,6.5,,,,,,,,,,,,1.0,1.0,0,,1.0,,,,
2021-22,10277713,33,39,Wolverhampton_Wanderers,Home,1014835,501837,Yerson Mosquera,yerson-mosquera,D,True,,,,,,,,,,,,,,,,,,,,,,,,,,,,,,,,,,,,,,,,,,,,,,,,,,,,,0,,,,,,
2021-22,10277713,33,39,Wolverhampton_Wanderers,Home,1015826,510363,Chiquinho,chiquinho,F,False,1.0,,1.0,9.0,11.0,19.0,3.0,1.0,7.0,,,,,,,3.0,9.0,15.0,,,1.0,,,,,,1.0,,,90.0,,,,,,,16.0,,7.0,,,2.0,,,5.0,3.0,,1.0,,17.0,13.0,27.0,2,6.0,57.0,,5.0,3.0,4.0
2021-22,9576262,34,39,Wolverhampton_Wanderers,Away,1131,19236,John Ruddy,john-ruddy,G,True,,,,,,,,,,,,,,,,,,,,,,,,,,,,,,,,,,,,,,,,,,,,,,,,,,,,,0,,,,,,
2021-22,9576262,34,39,Wolverhampton_Wanderers,Away,6562,19624,João Moutinho,joao-moutinho,M,False,2.0,,9.0,40.0,33.0,71.0,,1.0,10.0,,,,1.0,,,2.0,3.0,4.0,,,,,,,,,2.0,,,90.0,,,,,,,20.0,,7.3,,,1.0,,1.0,1.0,7.0,,12.0,,53.0,35.0,81.0,1,2.0,103.0,2.0,,1.0,
2021-22,9576262,34,39,Wolverhampton_Wanderers,Away,98449,94147,Conor Coady,conor-coady,D,False,,,4.0,16.0,51.0,67.0,,1.0,8.0,,,,,,,,,3.0,,,,,,,,,,,,90.0,,,,,,,7.0,,6.9,,,,,4.0,,,,8.0,,18.0,56.0,74.0,0,2.0,81.0,,,,
2021-22,9576262,34,39,Wolverhampton_Wanderers,Away,139310,90585,Willy Boly,willy-boly,D,False,,,2.0,17.0,40.0,57.0,3.0,3.0,9.0,,,,1.0,,,1.0,6.0,9.0,,,,,,,,,1.0,,,90.0,,3.0,,,,,18.0,,7.6,,,,,1.0,1.0,,,4.0,1.0,26.0,46.0,72.0,0,6.0,91.0,1.0,,,6.0
2021-22,9576262,34,39,Wolverhampton_Wanderers,Away,143593,111291,Marçal,marcal,D,True,,,,,,,,,,,,,,,,,,,,,,,,,,,,,,,,,,,,,,,,,,,,,,,,,,,,,0,,,,,,
2021-22,9576262,34,39,Wolverhampton_Wanderers,Away,187729,107613,Romain Saïss,romain-saiss,D,False,,,1.0,26.0,35.0,61.0,2.0,4.0,5.0,,,,,,,1.0,3.0,6.0,,,,,,,,,1.0,,,79.0,,,,,,,16.0,,6.7,,,,,5.0,,,,7.0,,38.0,38.0,76.0,0,2.0,88.0,,,,1.0
2021-22,9576262,34,39,Wolverhampton_Wanderers,Away,190405,151589,Leander Dendoncker,leander-dendoncker,M,False,,,1.0,19.0,29.0,48.0,,,3.0,,,,,,,,1.0,3.0,,,1.0,,,,,,,,,90.0,,,,,,,4.0,,6.9,,,,,1.0,,,,2.0,,20.0,29.0,49.0,0,3.0,58.0,3.0,,,2.0
2021-22,9576262,34,39,Wolverhampton_Wanderers,Away,192442,102057,Raúl Jiménez,raul-jimenez,F,False,,,3.0,19.0,5.0,24.0,1.0,1.0,5.0,,,,1.0,,,1.0,5.0,6.0,,,1.0,,,,,,,2.0,,90.0,1.0,,,,,,16.0,,7.4,,,,,,2.0,1.0,,3.0,1.0,29.0,5.0,33.0,1,3.0,49.0,3.0,1.0,1.0,2.0
2021-22,9576262,34,39,Wolverhampton_Wanderers,Away,235648,114128,Jonny Otto,jonny-otto,D,False,1.0,,3.0,23.0,20.0,42.0,1.0,,4.0,,,,,,,4.0,5.0,7.0,,,,,,,,,,1.0,,90.0,1.0,,,,,,17.0,,7.2,,,,,,2.0,5.0,,3.0,,31.0,25.0,51.0,1,5.0,78.0,,,2.0,3.0
2021-22,9576262,34,39,Wolverhampton_Wanderers,Away,252669,149065,José Sá,jose-sa,G,False,,1.0,4.0,3.0,15.0,18.0,,1.0,10.0,,,,,,,,,2.0,,,,,,0.3425,3.0,,,,,90.0,,,,,,,12.0,,7.0,2.0,4.0,,,,,,1.0,15.0,,14.0,16.0,30.0,0,,44.0,,1.0,,
2021-22,9576262,34,39,Wolverhampton_Wanderers,Away,252821,200402,Nélson Semedo,nelson-semedo,D,False,1.0,,,26.0,14.0,39.0,,1.0,5.0,,,,,,,2.0,5.0,10.0,,,,,,,,,2.0,2.0,,90.0,1.0,1.0,,,,,20.0,,7.5,,,,,2.0,6.0,1.0,,1.0,,33.0,16.0,48.0,1,4.0,92.0,3.0,2.0,3.0,2.0
2021-22,9576262,34,39,Wolverhampton_Wanderers,Away,786186,184754,Hwang Hee-chan,hwang-hee-chan,F,False,,,1.0,22.0,14.0,36.0,,,7.0,,,1.0,2.0,,,1.0,8.0,3.0,,,4.0,,,,,,2.0,3.0,,90.0,1.0,,,,,,11.0,,7.1,,,,,1.0,2.0,,,1.0,,28.0,15.0,43.0,2,1.0,58.0,2.0,1.0,1.0,
2021-22,9576262,34,39,Wolverhampton_Wanderers,Away,830431,222564,Francisco Trincão,francisco-trincao,M,True,,,,4.0,,4.0,1.0,,1.0,,,1.0,,,,,1.0,,,,,,,,,,,,,11.0,,,,,,,2.0,,6.5,,,,,,,1.0,,,,6.0,,5.0,1,,7.0,,,,
2021-22,9576262,34,39,Wolverhampton_Wanderers,Away,879349,247632,Pedro Neto,pedro-neto,M,True,,,,9.0,5.0,14.0,,,3.0,,,1.0,1.0,,,,2.0,1.0,,,,,,,,,1.0,,,23.0,,,,,,,5.0,,6.5,,,,,,2.0,1.0,,,,11.0,5.0,15.0,1,,24.0,2.0,,1.0,
2021-22,9576262,34,39,Wolverhampton_Wanderers,Away,931278,448514,Rayan Aït-Nouri,rayan-ait-nouri,D,True,,,,,,,,,,,,,,,,,,,,,,,,,,,,,,,,,,,,,,,,,,,,,,,,,,,,,0,,,,,,
2021-22,9576262,34,39,Wolverhampton_Wanderers,Away,954044,441271,Ki-Jana Hoever,ki-jana-hoever,D,True,,,,,,,,,,,,,,,,,,,,,,,,,,,,,,,,,,,,,,,,,,,,,,,,,,,,,0,,,,,,
2021-22,9576262,34,39,Wolverhampton_Wanderers,Away,954076,449988,Fábio Silva,fabio-silva,F,False,,,,5.0,2.0,7.0,3.0,,,,,2.0,,,,1.0,5.0,2.0,,,1.0,,,,,,,,,67.0,,,,,,,9.0,,6.5,,,,,,1.0,,,,,11.0,2.0,13.0,2,,21.0,2.0,1.0,1.0,
2021-22,9576262,34,39,Wolverhampton_Wanderers,Away,973418,510362,Toti Gomes,toti-gomes,D,True,,,,,,,,,,,,,,,,,,,,,,,,,,,,,,,,,,,,,,,,,,,,,,,,,,,,,0,,,,,,
2021-22,9576262,34,39,Wolverhampton_Wanderers,Away,988966,245923,Luke Cundle,luke-cundle,M,True,,,,,,,,,,,,,,,,,,,,,,,,,,,,,,,,,,,,,,,,,,,,,,,,,,,,,0,,,,,,
2021-22,9576262,34,39,Wolverhampton_Wanderers,Away,1015826,510363,Chiquinho,chiquinho,F,True,,,,,,,,,,,,,,,,,,,,,,,,,,,,,,,,,,,,,,,,,,,,,,,,,,,,,0,,,,,,
2021-22,9576318,35,39,Wolverhampton_Wanderers,Home,1131,19236,John Ruddy,john-ruddy,G,True,,,,,,,,,,,,,,,,,,,,,,,,,,,,,,,,,,,,,,,,,,,,,,,,,,,,,0,,,,,,
2021-22,9576318,35,39,Wolverhampton_Wanderers,Home,6562,19624,João Moutinho,joao-moutinho,M,False,,,4.0,33.0,29.0,62.0,,1.0,14.0,,,2.0,6.0,,,1.0,8.0,5.0,,,,,,,,,,2.0,,90.0,,,,,,,13.0,,6.4,,,,,,2.0,3.0,,5.0,,39.0,32.0,68.0,2,3.0,86.0,,,1.0,2.0
2021-22,9576318,35,39,Wolverhampton_Wanderers,Home,98449,94147,Conor Coady,conor-coady,D,False,,,1.0,4.0,34.0,38.0,,2.0,5.0,,,,1.0,,,,2.0,3.0,,,1.0,,,,,,,1.0,,90.0,,3.0,,,,,3.0,,6.5,,,,,1.0,,,,2.0,,5.0,36.0,41.0,0,1.0,49.0,,,,
2021-22,9576318,35,39,Wolverhampton_Wanderers,Home,139310,90585,Willy Boly,willy-boly,D,False,,,1.0,11.0,25.0,36.0,,1.0,7.0,,,,2.0,,,,3.0,3.0,,,1.0,,,,,,1.0,,,90.0,1.0,,,1.0,,,8.0,,6.1,,,1.0,,3.0,1.0,,,4.0,,17.0,27.0,44.0,2,1.0,55.0,,,1.0,1.0
2021-22,9576318,35,39,Wolverhampton_Wanderers,Home,143593,111291,Marçal,marcal,D,True,,,,,,,,,,,,,,,,,,,,,,,,,,,,,,,,,,,,,,,,,,,,,,,,,,,,,0,,,,,,
2021-22,9576318,35,39,Wolverhampton_Wanderers,Home,187729,107613,Romain Saïss,romain-saiss,D,False,,,,17.0,37.0,54.0,1.0,,4.0,,,,,,,,1.0,4.0,,,1.0,,,,,,1.0,,,90.0,,1.0,,1.0,,,20.0,,6.2,,,,,2.0,,,,10.0,,23.0,51.0,74.0,0,4.0,85.0,,,,3.0
2021-22,9576318,35,39,Wolverhampton_Wanderers,Home,190405,151589,Leander Dendoncker,leander-dendoncker,M,False,,,,8.0,27.0,35.0,,,9.0,,,,1.0,,,,1.0,2.0,,,,,,,,,,,,90.0,,,,,,,9.0,,6.4,,,,,1.0,,,,2.0,,10.0,33.0,43.0,0,2.0,49.0,1.0,,,1.0
2021-22,9576318,35,39,Wolverhampton_Wanderers,Home,192442,102057,Raúl Jiménez,raul-jimenez,F,True,,,,5.0,5.0,10.0,2.0,1.0,1.0,,,,,,,1.0,4.0,2.0,,,,,,,,,,,,45.0,,,,,,,11.0,,6.4,,,,,1.0,1.0,1.0,,,,10.0,6.0,15.0,0,,24.0,2.0,1.0,,
2021-22,9576318,35,39,Wolverhampton_Wanderers,Home,235648,114128,Jonny Otto,jonny-otto,D,True,,,,7.0,5.0,12.0,,1.0,2.0,,,,,,,2.0,3.0,1.0,,,,,,,,,,,,37.0,,,,,,,6.0,,5.9,,,1.0,,,1.0,,,1.0,,8.0,6.0,14.0,1,,21.0,1.0,,,
2021-22,9576318,35,39,Wolverhampton_Wanderers,Home,252669,149065,José Sá,jose-sa,G,False,,1.0,3.0,2.0,21.0,23.0,,1.0,8.0,,,,,,,,,1.0,,,,,,-0.0801,,,,,,90.0,,,,,2.0,,10.0,1.0,7.0,2.0,6.0,,,2.0,,,1.0,11.0,,4.0,28.0,32.0,0,,44.0,,,,
2021-22,9576318,35,39,Wolverhampton_Wanderers,Home,252821,200402,Nélson Semedo,nelson-semedo,D,False,,,,5.0,8.0,13.0,,,6.0,,,,,,,,2.0,4.0,,,1.0,,,,,,1.0,,,53.0,,,,,,,4.0,,6.9,,,1.0,,,3.0,1.0,,1.0,,6.0,9.0,14.0,1,2.0,26.0,1.0,,2.0,1.0
2021-22,9576318,35,39,Wolverhampton_Wanderers,Home,280955,171317,Rúben Neves,ruben-neves,M,False,,,6.0,16.0,20.0,36.0,,,5.0,,,1.0,2.0,,,1.0,3.0,1.0,,,,,,,,,,,,45.0,,,,,,,5.0,,6.4,,,,,,,,,8.0,,18.0,22.0,40.0,1,1.0,44.0,,,,1.0
2021-22,9576318,35,39,Wolverhampton_Wanderers,Home,786186,184754,Hwang Hee-chan,hwang-hee-chan,F,False,,,,14.0,6.0,20.0,,,4.0,,,,1.0,,,1.0,5.0,7.0,,,1.0,,,,,,,3.0,,90.0,,,,,,,8.0,,7.1,,,,,,6.0,,,1.0,,17.0,6.0,23.0,0,1.0,37.0,2.0,2.0,4.0,
2021-22,9576318,35,39,Wolverhampton_Wanderers,Home,830431,222564,Francisco Trincão,francisco-trincao,M,True,,,,,,,,,,,,,,,,,,,,,,,,,,,,,,,,,,,,,,,,,,,,,,,,,,,,,0,,,,,,
2021-22,9576318,35,39,Wolverhampton_Wanderers,Home,879349,247632,Pedro Neto,pedro-neto,M,True,1.0,,,9.0,2.0,10.0,2.0,1.0,1.0,,,2.0,1.0,,,,4.0,3.0,,,,,,,,1.0,1.0,1.0,,45.0,,,,,,,8.0,,6.9,,,1.0,,,3.0,6.0,,,,14.0,3.0,11.0,3,,26.0,1.0,,2.0,
2021-22,9576318,35,39,Wolverhampton_Wanderers,Home,931278,448514,Rayan Aït-Nouri,rayan-ait-nouri,D,False,,,1.0,7.0,14.0,21.0,,,1.0,,,,,,,2.0,6.0,7.0,,,,,,,,,1.0,,,90.0,,,,,,,27.0,,6.4,,,,,1.0,6.0,9.0,,3.0,1.0,19.0,20.0,30.0,0,4.0,67.0,,1.0,2.0,4.0
2021-22,9576318,35,39,Wolverhampton_Wanderers,Home,954076,449988,Fábio Silva,fabio-silva,F,False,,,1.0,4.0,3.0,7.0,1.0,,1.0,,,,,,,3.0,5.0,1.0,,,1.0,,,,,,,1.0,,45.0,,,,,,,7.0,,6.6,,,1.0,,,1.0,,,1.0,,4.0,5.0,9.0,1,,16.0,1.0,,1.0,
2021-22,9576318,35,39,Wolverhampton_Wanderers,Home,973418,510362,Toti Gomes,toti-gomes,D,True,,,,,,,,,,,,,,,,,,,,,,,,,,,,,,,,,,,,,,,,,,,,,,,,,,,,,0,,,,,,
2021-22,9576318,35,39,Wolverhampton_Wanderers,Home,988966,245923,Luke Cundle,luke-cundle,M,True,,,,,,,,,,,,,,,,,,,,,,,,,,,,,,,,,,,,,,,,,,,,,,,,,,,,,0,,,,,,
2021-22,9576318,35,39,Wolverhampton_Wanderers,Home,1015826,510363,Chiquinho,chiquinho,F,True,,,,,,,,,,,,,,,,,,,,,,,,,,,,,,,,,,,,,,,,,,,,,,,,,,,,,0,,,,,,
2021-22,9576343,36,39,Wolverhampton_Wanderers,Away,1131,19236,John Ruddy,john-ruddy,G,True,,,,,,,,,,,,,,,,,,,,,,,,,,,,,,,,,,,,,,,,,,,,,,,,,,,,,0,,,,,,
2021-22,9576343,36,39,Wolverhampton_Wanderers,Away,6562,19624,João Moutinho,joao-moutinho,M,False,,,5.0,18.0,19.0,37.0,1.0,1.0,8.0,,,,3.0,,,1.0,7.0,3.0,,1.0,2.0,,,,,,,,,90.0,,,,,,,14.0,,5.9,,,,,,,4.0,,8.0,,24.0,25.0,45.0,0,1.0,54.0,1.0,1.0,,
2021-22,9576343,36,39,Wolverhampton_Wanderers,Away,98449,94147,Conor Coady,conor-coady,D,False,,,1.0,2.0,25.0,27.0,1.0,2.0,7.0,,,,1.0,,,,3.0,2.0,,,1.0,,1.0,,,,1.0,,,90.0,1.0,2.0,,,,,6.0,,7.4,,,,,10.0,,,,3.0,,5.0,28.0,33.0,1,,48.0,,,,
2021-22,9576343,36,39,Wolverhampton_Wanderers,Away,139310,90585,Willy Boly,willy-boly,D,False,,,1.0,8.0,20.0,28.0,,3.0,5.0,,,,1.0,,,,2.0,6.0,,,1.0,,,,,,4.0,1.0,,90.0,,1.0,,,,,9.0,,7.1,,,,,3.0,,,,1.0,,11.0,26.0,37.0,0,3.0,48.0,,,,3.0
2021-22,9576343,36,39,Wolverhampton_Wanderers,Away,143593,111291,Marçal,marcal,D,True,,,,,,,,,,,,,,,,,,,,,,,,,,,,,,,,,,,,,,,,,,,,,,,,,,,,,0,,,,,,
2021-22,9576343,36,39,Wolverhampton_Wanderers,Away,187729,107613,Romain Saïss,romain-saiss,D,False,,,1.0,3.0,16.0,19.0,3.0,1.0,2.0,,1.0,,,,,,5.0,4.0,,,2.0,,,,,,,,,70.0,,1.0,,1.0,,,5.0,,6.3,,,3.0,,5.0,,,,3.0,,4.0,19.0,23.0,3,2.0,38.0,,1.0,,
2021-22,9576343,36,39,Wolverhampton_Wanderers,Away,190405,151589,Leander Dendoncker,leander-dendoncker,M,False,,,,8.0,19.0,27.0,3.0,,3.0,,,,2.0,,,1.0,6.0,2.0,,,,,,,,,,,,90.0,,,,,,,4.0,,6.3,,,1.0,,1.0,,,,,,10.0,19.0,29.0,1,2.0,38.0,1.0,,,2.0
2021-22,9576343,36,39,Wolverhampton_Wanderers,Away,192442,102057,Raúl Jiménez,raul-jimenez,F,False,,,2.0,4.0,6.0,10.0,2.0,1.0,4.0,,,,1.0,,,2.0,8.0,4.0,,,2.0,,,,,,1.0,,,90.0,,1.0,,,,,11.0,,6.7,,,2.0,,2.0,1.0,1.0,,3.0,1.0,10.0,7.0,16.0,2,,33.0,1.0,3.0,,
2021-22,9576343,36,39,Wolverhampton_Wanderers,Away,235648,114128,Jonny Otto,jonny-otto,D,False,,,,13.0,10.0,23.0,1.0,,1.0,,,,,,,4.0,6.0,4.0,,,1.0,,,,,,1.0,1.0,,90.0,,,,,,,10.0,,6.4,,,,,1.0,1.0,,,1.0,,15.0,13.0,28.0,0,3.0,43.0,1.0,,1.0,1.0
2021-22,9576343,36,39,Wolverhampton_Wanderers,Away,252669,149065,José Sá,jose-sa,G,False,,,2.0,,10.0,10.0,,,10.0,,,,,,,,,1.0,,,,,,-0.1478,,,,,,90.0,,,,,1.0,,10.0,,7.2,4.0,4.0,,,,1.0,,,10.0,,7.0,12.0,19.0,0,,32.0,1.0,,1.0,
2021-22,9576343,36,39,Wolverhampton_Wanderers,Away,280955,171317,Rúben Neves,ruben-neves,M,False,,,3.0,8.0,15.0,23.0,,,6.0,,,,,,,1.0,2.0,1.0,1.0,,1.0,,,,,,1.0,3.0,,77.0,,,,,,,7.0,,6.6,,,1.0,,5.0,,,,5.0,,10.0,17.0,27.0,1,1.0,40.0,1.0,,,
2021-22,9576343,36,39,Wolverhampton_Wanderers,Away,786186,184754,Hwang Hee-chan,hwang-hee-chan,F,True,,,,6.0,3.0,9.0,1.0,,1.0,,,,,,,,2.0,1.0,,,,,,,,,,,,20.0,1.0,,,,,,5.0,,6.7,,,,,,2.0,1.0,,,,8.0,3.0,10.0,1,,16.0,2.0,,1.0,
2021-22,9576343,36,39,Wolverhampton_Wanderers,Away,830431,222564,Francisco Trincão,francisco-trincao,M,True,,,,6.0,3.0,9.0,,,,,,1.0,,,,,1.0,1.0,,,,,1.0,,,,,,,13.0,1.0,,,,,,3.0,,7.3,,,,,,2.0,,,1.0,,7.0,3.0,10.0,2,,16.0,1.0,,1.0,
2021-22,9576343,36,39,Wolverhampton_Wanderers,Away,879349,247632,Pedro Neto,pedro-neto,M,False,2.0,,,7.0,6.0,11.0,1.0,1.0,2.0,1.0,,,,,,1.0,5.0,4.0,,,1.0,,,,,,1.0,2.0,,70.0,1.0,,,,,,15.0,,7.0,,,,,,3.0,3.0,,,,12.0,9.0,18.0,1,1.0,34.0,4.0,1.0,1.0,1.0
2021-22,9576343,36,39,Wolverhampton_Wanderers,Away,931278,448514,Rayan Aït-Nouri,rayan-ait-nouri,D,False,2.0,,2.0,12.0,11.0,21.0,1.0,,6.0,,,,,,,4.0,5.0,10.0,,,,,,,,,3.0,,,90.0,,,,,,,13.0,,7.2,,,2.0,,1.0,5.0,2.0,,8.0,,19.0,13.0,30.0,2,4.0,64.0,,1.0,5.0,3.0
2021-22,9576343,36,39,Wolverhampton_Wanderers,Away,954044,441271,Ki-Jana Hoever,ki-jana-hoever,D,True,,,,,,,,,,,,,,,,,,,,,,,,,,,,,,,,,,,,,,,,,,,,,,,,,,,,,0,,,,,,
2021-22,9576343,36,39,Wolverhampton_Wanderers,Away,954076,449988,Fábio Silva,fabio-silva,F,True,,,,,,,,,,,,,,,,,,,,,,,,,,,,,,,,,,,,,,,,,,,,,,,,,,,,,0,,,,,,
2021-22,9576343,36,39,Wolverhampton_Wanderers,Away,973418,510362,Toti Gomes,toti-gomes,D,True,,,,,,,,,,,,,,,,,,,,,,,,,,,,,,,,,,,,,,,,,,,,,,,,,,,,,0,,,,,,
2021-22,9576343,36,39,Wolverhampton_Wanderers,Away,988966,245923,Luke Cundle,luke-cundle,M,True,,,,,,,,,,,,,,,,,,,,,,,,,,,,,,,,,,,,,,,,,,,,,,,,,,,,,0,,,,,,
2021-22,9576343,36,39,Wolverhampton_Wanderers,Away,1015826,510363,Chiquinho,chiquinho,F,True,2.0,,,6.0,2.0,6.0,1.0,1.0,2.0,1.0,,,,,,1.0,2.0,5.0,,,,2.0,,,,,,2.0,,20.0,,,,,,,10.0,,8.2,,,,,,3.0,7.0,,,,11.0,3.0,7.0,0,1.0,24.0,3.0,,3.0,1.0
2021-22,9576462,37,39,Wolverhampton_Wanderers,Home,1131,19236,John Ruddy,john-ruddy,G,False,,2.0,,,13.0,13.0,,,3.0,,,,,,,,,,,,,,,-0.1369,,,,,,90.0,,,,,,,5.0,,6.5,1.0,1.0,,,1.0,,,2.0,4.0,,3.0,15.0,18.0,0,,23.0,,,,
2021-22,9576462,37,39,Wolverhampton_Wanderers,Home,6562,19624,João Moutinho,joao-moutinho,M,False,3.0,,1.0,53.0,22.0,72.0,1.0,,13.0,,,1.0,1.0,,,2.0,4.0,2.0,,,,,,,,,1.0,3.0,,90.0,,,,,,,14.0,,7.0,,,,,1.0,2.0,5.0,,3.0,,60.0,26.0,81.0,1,,96.0,,,2.0,
2021-22,9576462,37,39,Wolverhampton_Wanderers,Home,98449,94147,Conor Coady,conor-coady,D,False,,,4.0,7.0,32.0,39.0,,,3.0,,,,,,,,,1.0,,,,,,,,,,1.0,,45.0,,1.0,,,,,1.0,,6.9,,,,,,1.0,,,4.0,,7.0,33.0,40.0,0,,42.0,,,1.0,
2021-22,9576462,37,39,Wolverhampton_Wanderers,Home,139310,90585,Willy Boly,willy-boly,D,False,,,,31.0,36.0,67.0,1.0,,2.0,,,,,,,1.0,2.0,6.0,,,,,,,,,,,,90.0,,,,,,,5.0,,6.9,,,,,1.0,,,,1.0,,34.0,37.0,71.0,0,5.0,80.0,,1.0,,4.0
2021-22,9576462,37,39,Wolverhampton_Wanderers,Home,143593,111291,Marçal,marcal,D,True,,,,,,,,,,,,,,,,,,,,,,,,,,,,,,,,,,,,,,,,,,,,,,,,,,,,,0,,,,,,
2021-22,9576462,37,39,Wolverhampton_Wanderers,Home,190405,151589,Leander Dendoncker,leander-dendoncker,M,True,,,,,,,,,,,,,,,,,,,,,,,,,,,,,,,,,,,,,,,,,,,,,,,,,,,,,0,,,,,,
2021-22,9576462,37,39,Wolverhampton_Wanderers,Home,192442,102057,Raúl Jiménez,raul-jimenez,F,False,3.0,,,19.0,2.0,18.0,,2.0,1.0,,,,,,,2.0,2.0,4.0,,,,,,,,,,2.0,,90.0,,,,,,,8.0,,7.0,,,1.0,,1.0,1.0,3.0,,,,22.0,2.0,21.0,1,,35.0,3.0,1.0,1.0,
2021-22,9576462,37,39,Wolverhampton_Wanderers,Home,235648,114128,Jonny Otto,jonny-otto,D,False,1.0,,1.0,42.0,25.0,66.0,1.0,1.0,4.0,,,1.0,3.0,,,,4.0,3.0,,,,,,,,,2.0,1.0,,90.0,,,,,,,11.0,,6.8,,,,,,1.0,1.0,,2.0,,47.0,26.0,72.0,1,,92.0,5.0,1.0,1.0,
2021-22,9576462,37,39,Wolverhampton_Wanderers,Home,252669,149065,José Sá,jose-sa,G,True,,,,,,,,,,,,,,,,,,,,,,,,,,,,,,,,,,,,,,,,,,,,,,,,,,,,,0,,,,,,
2021-22,9576462,37,39,Wolverhampton_Wanderers,Home,280955,171317,Rúben Neves,ruben-neves,M,False,,,8.0,49.0,29.0,78.0,,1.0,4.0,,,,3.0,,,,4.0,5.0,,,,,,,,,1.0,1.0,,90.0,1.0,,,,,,11.0,,7.0,,,1.0,,,4.0,2.0,,10.0,,56.0,31.0,85.0,2,1.0,98.0,1.0,,3.0,
2021-22,9576462,37,39,Wolverhampton_Wanderers,Home,308764,200600,Daniel Podence,daniel-podence,M,True,1.0,,,5.0,3.0,7.0,1.0,,1.0,,,,,,,,1.0,,,,,,,,,,,1.0,,15.0,,,,,,,3.0,,6.8,,,,,,,1.0,,1.0,,8.0,3.0,10.0,0,,12.0,,,,
2021-22,9576462,37,39,Wolverhampton_Wanderers,Home,786186,184754,Hwang Hee-chan,hwang-hee-chan,F,False,,,2.0,20.0,3.0,23.0,3.0,,2.0,,,1.0,1.0,,,,7.0,4.0,,,1.0,,,,,,1.0,,,74.0,,,,,,,8.0,,6.7,,,1.0,,,4.0,,,2.0,,25.0,3.0,28.0,2,,39.0,1.0,2.0,2.0,
2021-22,9576462,37,39,Wolverhampton_Wanderers,Home,830431,222564,Francisco Trincão,francisco-trincao,M,True,,,,,,,,,,,,,,,,,,,,,,,,,,,,,,,,,,,,,,,,,,,,,,,,,,,,,0,,,,,,
2021-22,9576462,37,39,Wolverhampton_Wanderers,Home,879349,247632,Pedro Neto,pedro-neto,M,False,1.0,,1.0,27.0,4.0,30.0,1.0,,3.0,,1.0,2.0,1.0,,,2.0,8.0,5.0,,,1.0,,,,,,,1.0,,75.0,1.0,,,,,,12.0,,6.5,,,2.0,,,7.0,4.0,,1.0,,32.0,4.0,32.0,5,,54.0,2.0,1.0,4.0,
2021-22,9576462,37,39,Wolverhampton_Wanderers,Home,931278,448514,Rayan Aït-Nouri,rayan-ait-nouri,D,False,1.0,,1.0,29.0,10.0,38.0,,1.0,6.0,,,,,,,1.0,3.0,4.0,,,1.0,,1.0,,,,1.0,1.0,,90.0,1.0,,,,,,10.0,,7.5,,,1.0,,2.0,2.0,4.0,,2.0,,34.0,11.0,41.0,2,,70.0,1.0,2.0,1.0,
2021-22,9576462,37,39,Wolverhampton_Wanderers,Home,954044,441271,Ki-Jana Hoever,ki-jana-hoever,D,True,,,,,,,,,,,,,,,,,,,,,,,,,,,,,,,,,,,,,,,,,,,,,,,,,,,,,0,,,,,,
2021-22,9576462,37,39,Wolverhampton_Wanderers,Home,954076,449988,Fábio Silva,fabio-silva,F,True,,,,5.0,,5.0,,1.0,1.0,,,,1.0,,,2.0,4.0,2.0,,,,,,,,,,,,16.0,,,,,,,7.0,,6.4,,,1.0,,,2.0,,,,,8.0,,8.0,1,,16.0,1.0,,1.0,
2021-22,9576462,37,39,Wolverhampton_Wanderers,Home,973418,510362,Toti Gomes,toti-gomes,D,False,,,1.0,32.0,37.0,69.0,2.0,7.0,4.0,,,1.0,,,,2.0,4.0,11.0,,,,,,,,,1.0,,,90.0,,,,,,,14.0,,7.0,,,,,3.0,1.0,1.0,,4.0,,41.0,38.0,78.0,1,2.0,95.0,2.0,1.0,1.0,2.0
2021-22,9576462,37,39,Wolverhampton_Wanderers,Home,1015826,510363,Chiquinho,chiquinho,F,True,2.0,,,16.0,7.0,21.0,,1.0,5.0,1.0,,,1.0,,,2.0,7.0,4.0,,,2.0,,,,,,1.0,1.0,,45.0,1.0,,,,,,17.0,,7.0,,,,,1.0,4.0,6.0,,1.0,,24.0,10.0,28.0,1,,50.0,2.0,1.0,2.0,
2021-22,9576299,38,39,Wolverhampton_Wanderers,Away,1131,19236,John Ruddy,john-ruddy,G,True,,,2.0,1.0,4.0,5.0,,1.0,3.0,,,,,,,,,1.0,,,,,,0.0568,,,,,,45.0,,,,,,,6.0,,6.4,2.0,3.0,,,2.0,,,,8.0,,6.0,5.0,11.0,0,,18.0,,,,
2021-22,9576299,38,39,Wolverhampton_Wanderers,Away,6562,19624,João Moutinho,joao-moutinho,M,False,1.0,,6.0,18.0,20.0,37.0,1.0,,9.0,,,,3.0,,,,5.0,1.0,,,,,,,,,1.0,1.0,,90.0,,1.0,,,,,9.0,,6.6,,,,,1.0,1.0,4.0,,7.0,,24.0,22.0,42.0,0,1.0,52.0,,,,
2021-22,9576299,38,39,Wolverhampton_Wanderers,Away,98449,94147,Conor Coady,conor-coady,D,False,,,6.0,5.0,41.0,46.0,,,4.0,,,,2.0,,,1.0,4.0,1.0,,,1.0,,,,,,1.0,,,90.0,,5.0,,,,,9.0,,6.9,,,,,8.0,,,,12.0,,11.0,42.0,53.0,0,1.0,71.0,1.0,,,
2021-22,9576299,38,39,Wolverhampton_Wanderers,Away,139310,90585,Willy Boly,willy-boly,D,False,,,2.0,1.0,32.0,33.0,1.0,,5.0,,,,1.0,,,,2.0,3.0,,,,,,,,,2.0,,,90.0,,2.0,,,,,2.0,,7.1,,,,,12.0,,,,3.0,,2.0,32.0,34.0,0,3.0,58.0,,,,2.0
2021-22,9576299,38,39,Wolverhampton_Wanderers,Away,143593,111291,Marçal,marcal,D,True,,,,,,,,,,,,,,,,,,,,,,,,,,,,,,,,,,,,,,,,,,,,,,,,,,,,,0,,,,,,
2021-22,9576299,38,39,Wolverhampton_Wanderers,Away,190405,151589,Leander Dendoncker,leander-dendoncker,M,False,,,1.0,10.0,15.0,25.0,,,4.0,,1.0,,1.0,,,1.0,2.0,3.0,,,,,,,,,,,,89.0,1.0,,,,,,3.0,,6.4,,,1.0,,1.0,,,,3.0,,11.0,16.0,27.0,2,3.0,36.0,,,,
2021-22,9576299,38,39,Wolverhampton_Wanderers,Away,192442,102057,Raúl Jiménez,raul-jimenez,F,False,,,2.0,10.0,9.0,19.0,2.0,2.0,3.0,1.0,1.0,,1.0,1.0,,2.0,5.0,5.0,,,,1.0,,,,,,2.0,,90.0,,1.0,,,,,10.0,,7.3,,,,,,1.0,,,3.0,1.0,11.0,13.0,24.0,0,2.0,36.0,3.0,,1.0,1.0
2021-22,9576299,38,39,Wolverhampton_Wanderers,Away,235648,114128,Jonny Otto,jonny-otto,D,False,,,3.0,8.0,22.0,30.0,,,3.0,1.0,,,1.0,,,2.0,4.0,3.0,,,,,,,,,3.0,1.0,,90.0,,2.0,,,,,9.0,,7.2,,,,,3.0,2.0,,,4.0,,10.0,25.0,35.0,0,2.0,60.0,1.0,,1.0,1.0
2021-22,9576299,38,39,Wolverhampton_Wanderers,Away,252669,149065,José Sá,jose-sa,G,False,,,6.0,6.0,2.0,8.0,,,7.0,,,,,,,,,,,,,,,-0.2939,3.0,,,,,45.0,,,,,,,3.0,,6.4,1.0,1.0,,,,,,,9.0,,9.0,2.0,11.0,0,,20.0,,,,
2021-22,9576299,38,39,Wolverhampton_Wanderers,Away,280955,171317,Rúben Neves,ruben-neves,M,False,,,7.0,15.0,29.0,44.0,,,9.0,,,,2.0,,,1.0,3.0,3.0,,,,,,,,,1.0,2.0,,90.0,,,,,,,16.0,,6.5,,,,,1.0,2.0,,,17.0,,28.0,29.0,57.0,0,,68.0,2.0,1.0,2.0,
2021-22,9576299,38,39,Wolverhampton_Wanderers,Away,308764,200600,Daniel Podence,daniel-podence,M,True,,,,,,,,,,,,,,,,,,,,,,,,,,,,,,,,,,,,,,,,,,,,,,,,,,,,,0,,,,,,
2021-22,9576299,38,39,Wolverhampton_Wanderers,Away,786186,184754,Hwang Hee-chan,hwang-hee-chan,F,True,,,,8.0,1.0,9.0,1.0,,2.0,,1.0,,,,,1.0,6.0,2.0,,,1.0,,,,,,1.0,,,68.0,2.0,,,,,,20.0,,6.1,,,1.0,,,4.0,1.0,,,,16.0,3.0,18.0,3,,36.0,5.0,2.0,,
2021-22,9576299,38,39,Wolverhampton_Wanderers,Away,830431,222564,Francisco Trincão,francisco-trincao,M,True,,,,1.0,1.0,2.0,,,,,,,,,,,2.0,1.0,,,,,,,,,,,,1.0,,,,,,,2.0,,,,,,,,2.0,,,,,1.0,1.0,2.0,0,1.0,5.0,,,,
2021-22,9576299,38,39,Wolverhampton_Wanderers,Away,879349,247632,Pedro Neto,pedro-neto,M,False,,,,5.0,3.0,8.0,,,1.0,1.0,,,,,,2.0,2.0,1.0,,,,,1.0,,,,,1.0,,22.0,1.0,,,,,,5.0,,7.5,,,,,,1.0,1.0,,1.0,,8.0,3.0,10.0,1,,17.0,,,1.0,
2021-22,9576299,38,39,Wolverhampton_Wanderers,Away,931278,448514,Rayan Aït-Nouri,rayan-ait-nouri,D,False,,,4.0,16.0,14.0,30.0,,,12.0,,,,1.0,,,,4.0,6.0,,,,,,,,,3.0,,,90.0,1.0,,,,,,19.0,,6.8,,,,,1.0,4.0,3.0,,8.0,,25.0,17.0,39.0,1,4.0,71.0,3.0,1.0,1.0,2.0
2021-22,9576299,38,39,Wolverhampton_Wanderers,Away,954044,441271,Ki-Jana Hoever,ki-jana-hoever,D,True,,,,,,,,,,,,,,,,,,,,,,,,,,,,,,,,,,,,,,,,,,,,,,,,,,,,,0,,,,,,
2021-22,9576299,38,39,Wolverhampton_Wanderers,Away,954076,449988,Fábio Silva,fabio-silva,F,True,,,,,,,,,,,,,,,,,,,,,,,,,,,,,,,,,,,,,,,,,,,,,,,,,,,,,0,,,,,,
2021-22,9576299,38,39,Wolverhampton_Wanderers,Away,973418,510362,Toti Gomes,toti-gomes,D,False,,,3.0,5.0,22.0,27.0,2.0,1.0,5.0,,,,,,,,3.0,5.0,,,1.0,,,,,,3.0,,,90.0,,3.0,,,,,10.0,,7.0,,,,,2.0,2.0,,,8.0,,9.0,28.0,37.0,0,1.0,52.0,,1.0,2.0,
2021-22,9576299,38,39,Wolverhampton_Wanderers,Away,1014835,501837,Yerson Mosquera,yerson-mosquera,D,True,,,,,,,,,,,,,,,,,,,,,,,,,,,,,,,,,,,,,,,,,,,,,,,,,,,,,0,,,,,,
2021-22,9576299,38,39,Wolverhampton_Wanderers,Away,1015826,510363,Chiquinho,chiquinho,F,True,,,,,,,,,,,,,,,,,,,,,,,,,,,,,,,,,,,,,,,,,,,,,,,,,,,,,0,,,,,,
