team_dir,season,playerId,playerName,team,position,nationality,aerialDuels,aerialDuelsLost,aerialDuelsWon,appearances,attemptsFromSetPieces,awayGoals,backwardPasses,blockedShots,blocks,catches,cleanSheets,clearancesOffTheLine,cornersTakenInclShortCorners,cornersWon,crossesNotClaimed,drops,duels,duelsLost,duelsWon,expectedAssists,expectedGoals,expectedGoalsFreekick,expectedGoalsOnTarget,expectedGoalsOnTargetConceded,forwardPasses,foulAttemptedTackle,foulWonPenalty,freekickTotal,gamesPlayed,gkSuccessfulDistribution,gkUnsuccessfulDistribution,goalAssists,goalKicks,goalkeeperSmother,goals,goalsConceded,goalsConcededInsideBox,goalsConcededOutsideBox,groundDuels,groundDuelsLost,groundDuelsWon,handballsConceded,headedGoals,hitWoodwork,homeGoals,iboxBlocked,iboxTarget,interceptions,keyPassesAttemptAssists,lastPlayerTackle,leftFootGoals,leftsidePasses,oboxBlocked,oboxTarget,offsides,openPlayPasses,otherGoals,overruns,ownGoalScored,penaltiesConceded,penaltiesFaced,penaltiesSaved,penaltiesTaken,penaltyGoals,penaltyGoalsConceded,punches,putthroughBlockedDistribution,putthroughBlockedDistributionWon,recoveries,redCards2ndYellow,rightFootGoals,rightsidePasses,savesFromPenalty,savesMade,savesMadeCaught,savesMadeFromInsideBox,savesMadeFromOutsideBox,savesMadeParried,secondGoalAssists,setPiecesGoals,shotsBlockedInBox,shotsBlockedOutsideBox,shotsOffTargetIncWoodwork,shotsOnTargetInBox,shotsOnTargetIncGoals,shotsOnTargetOutsideBox,starts,straightRedCards,substituteOff,substituteOn,successfulCornersIntoBox,successfulCrossesAndCorners,successfulCrossesOpenPlay,successfulDribbles,successfulLaunches,successfulLayoffs,successfulLongPasses,successfulPassesOppositionHalf,successfulPassesOwnHalf,successfulShortPasses,tacklesLost,tacklesWon,throughBalls,throwInsToOppositionPlayer,throwInsToOwnPlayer,timePlayed,timesTackled,totalClearances,totalFoulsConceded,totalFoulsWon,totalLossesOfPossession,totalPasses,totalRedCards,totalShots,totalTackles,totalTouchesInOppositionBox,totalUnsuccessfulPassesExclCrossesAndCorners,touches,unsuccessfulCornersIntoBox,unsuccessfulCrossesAndCorners,unsuccessfulCrossesOpenPlay,unsuccessfulDribbles,unsuccessfulLaunches,unsuccessfulLayoffs,unsuccessfulLongPasses,unsuccessfulPassesOwnHalf,unsuccessfulShortPasses,winningGoal,yellowCards
Sunderland_56,2009-10,5207,Craig Gordon,Heart of Midlothian,Goalkeeper,Scotland,3.0,1.0,2.0,26.0,,,,,,25.0,5.0,,,,,1.0,10.0,2.0,8.0,,,,,,,,,,26.0,182.0,158.0,,278.0,,,32.0,30.0,2.0,7.0,1.0,6.0,2.0,,,,,,1.0,,,,,,,,297.0,,,,,4.0,,,,3.0,15.0,,,283.0,,,,,92.0,20.0,62.0,30.0,18.0,,,,,,,,,26.0,0.0,1.0,,,,,1.0,134.0,,295.0,288.0,32.0,25.0,,,,,,2317.0,,29.0,3.0,5.0,494.0,805.0,0.0,,,,485.0,1028.0,,,,,239.0,,472.0,25.0,13.0,0.0,3.0
Sunderland_56,2009-10,19478,Trevor Carson,Morecambe,Goalkeeper,Northern Ireland,,,,,,,,,,,,,,,,,,,,,,,,,,,,,8.0,,,,,,,,,,,,,,,,,,,,,,,,,,,,,,,,,,,,,,,,,,,,,,,,,,,,,,,,,,,0.0,,,,,,,,,,,,,,,,,,,,,,,,,0.0,,,,,,,,,,,,,,,,0.0
Sunderland_56,2009-10,18151,Marton Fülöp,West Bromwich Albion,Goalkeeper,Hungary,,,,16.0,,,,,,30.0,2.0,,,,2.0,4.0,4.0,1.0,3.0,,,,,,1.0,,,,16.0,111.0,100.0,,160.0,,,27.0,23.0,4.0,4.0,1.0,3.0,,,,,,,,1.0,,,,,,,170.0,,,,,2.0,,,,2.0,16.0,,,208.0,,,,,43.0,12.0,24.0,16.0,9.0,,,,,,,,,15.0,0.0,,1.0,,,,,73.0,,159.0,149.0,40.0,30.0,,,,,,1373.0,,24.0,,3.0,313.0,493.0,0.0,,,,304.0,653.0,,,,,117.0,,300.0,17.0,4.0,0.0,0.0
Sunderland_56,2009-10,3353,Nyron Nosworthy,Dagenham & Redbridge,Defender,Jamaica,22.0,7.0,15.0,10.0,,,,,8.0,,,,,2.0,,,88.0,33.0,55.0,,,,,,,,,,10.0,,,,,,,15.0,14.0,1.0,66.0,26.0,40.0,,,,,,,24.0,4.0,2.0,,,,,,221.0,,,,1.0,,,,,1.0,,,,32.0,,,,,,,,,,,,,,,,1.0,,7.0,0.0,1.0,3.0,,3.0,3.0,8.0,8.0,1.0,17.0,73.0,70.0,123.0,7.0,16.0,,17.0,28.0,707.0,8.0,62.0,14.0,9.0,146.0,223.0,0.0,1.0,23.0,4.0,83.0,432.0,,1.0,1.0,2.0,26.0,,23.0,25.0,60.0,0.0,3.0
Sunderland_56,2009-10,17997,Phil Bardsley,Stockport County,Defender,Scotland,26.0,14.0,12.0,26.0,,,,3.0,11.0,,3.0,,1.0,10.0,,,181.0,85.0,96.0,,,,,,,,,,26.0,,,,,,,34.0,30.0,4.0,155.0,71.0,84.0,,,,,,,35.0,3.0,,,,,,,596.0,,,,,,,,,3.0,,,,80.0,,,,,,,,,,,,,,7.0,,2.0,,18.0,0.0,2.0,8.0,,6.0,6.0,9.0,19.0,3.0,43.0,243.0,147.0,341.0,18.0,38.0,,104.0,143.0,1698.0,22.0,109.0,38.0,19.0,480.0,626.0,0.0,9.0,56.0,8.0,242.0,1247.0,,55.0,54.0,5.0,99.0,,115.0,43.0,127.0,0.0,8.0
Sunderland_56,2009-10,15864,Michael Turner,Southend United,Defender,England,100.0,26.0,74.0,33.0,,1.0,,2.0,39.0,,5.0,2.0,,3.0,,,264.0,87.0,177.0,,,,,,,,,,33.0,,,,,,2.0,47.0,41.0,6.0,164.0,61.0,103.0,3.0,2.0,,1.0,,,77.0,4.0,3.0,,,,,1.0,843.0,,,,1.0,,,,,4.0,,,,125.0,1.0,,,,,,,,,,,,,7.0,,6.0,,33.0,1.0,2.0,,,,,,32.0,2.0,79.0,158.0,418.0,497.0,22.0,45.0,1.0,,1.0,2908.0,4.0,363.0,43.0,36.0,451.0,856.0,2.0,13.0,67.0,43.0,280.0,1499.0,,1.0,1.0,1.0,80.0,,98.0,69.0,182.0,0.0,8.0
Sunderland_56,2009-10,7195,John Mensah,Lyon,Defender,Ghana,41.0,19.0,22.0,16.0,,1.0,,,9.0,,1.0,,,1.0,,,124.0,45.0,79.0,,,,,,,,,,16.0,,,,,,1.0,13.0,13.0,,83.0,26.0,57.0,,1.0,,0.0,,,53.0,,2.0,,,,,,317.0,,,1.0,,,,,,2.0,,,,58.0,,,,,,,,,,,,,,5.0,,2.0,,14.0,0.0,9.0,2.0,,,,5.0,10.0,1.0,25.0,80.0,141.0,196.0,10.0,25.0,,13.0,12.0,1072.0,3.0,94.0,17.0,17.0,166.0,327.0,0.0,7.0,35.0,8.0,106.0,605.0,,4.0,4.0,,43.0,,48.0,18.0,58.0,0.0,4.0
Sunderland_56,2009-10,15405,Alan Hutton,Aston Villa,Defender,Scotland,26.0,12.0,14.0,19.0,,,,1.0,3.0,,2.0,,,9.0,,,141.0,59.0,82.0,,,,,,,,,,19.0,,,1.0,,,,16.0,14.0,2.0,115.0,47.0,68.0,,,,,,,22.0,12.0,,,,,,1.0,448.0,,,,1.0,,,,,3.0,,,,50.0,,,,,,,,,,,,,,5.0,,2.0,,12.0,1.0,,7.0,,13.0,13.0,14.0,13.0,1.0,21.0,227.0,113.0,306.0,9.0,27.0,,39.0,114.0,1178.0,18.0,53.0,16.0,18.0,256.0,461.0,1.0,7.0,36.0,19.0,134.0,870.0,,41.0,41.0,6.0,31.0,,35.0,21.0,99.0,0.0,3.0
Sunderland_56,2009-10,14919,Matthew Kilgallon,Buxton,Defender,England,20.0,11.0,9.0,7.0,,,,,4.0,,2.0,,,2.0,,,46.0,22.0,24.0,,,,,,,,,,7.0,,,,,,,7.0,6.0,1.0,26.0,11.0,15.0,,,1.0,,,,16.0,,,,,,,,175.0,,,,,,,,,1.0,,,,16.0,,,,,,,,,,,,,,2.0,,,,6.0,0.0,,1.0,,,,,7.0,,11.0,61.0,58.0,108.0,3.0,12.0,,,1.0,612.0,4.0,72.0,5.0,,100.0,180.0,0.0,2.0,15.0,3.0,61.0,306.0,,7.0,7.0,,17.0,,11.0,20.0,50.0,0.0,0.0
Sunderland_56,2009-10,32272,Paulo Da Silva,Sunderland,Defender,Paraguay,51.0,16.0,35.0,16.0,,,,1.0,11.0,,1.0,,,2.0,,,117.0,32.0,85.0,,,,,,,,,,16.0,,,,,,,23.0,21.0,2.0,66.0,16.0,50.0,,,,,,,32.0,1.0,1.0,,,,,,339.0,,,,,,,,,,,,,53.0,,,,,,,,,,,,,,1.0,,2.0,,12.0,0.0,3.0,4.0,,2.0,2.0,3.0,7.0,,11.0,88.0,155.0,230.0,11.0,33.0,,7.0,22.0,1160.0,,109.0,13.0,3.0,168.0,350.0,0.0,3.0,44.0,11.0,109.0,615.0,,7.0,7.0,,41.0,,44.0,28.0,65.0,0.0,0.0
Sunderland_56,2009-10,5609,George McCartney,West Ham United,Defender,Northern Ireland,41.0,24.0,17.0,25.0,,,,,10.0,,3.0,2.0,1.0,7.0,,,181.0,79.0,102.0,,,,,,,,,,25.0,,,,,,,34.0,30.0,4.0,140.0,55.0,85.0,,,,,,,43.0,7.0,,,,,,4.0,589.0,,,,1.0,,,,,3.0,,,,78.0,,,,,,,,,,,,,,2.0,,1.0,,20.0,0.0,4.0,5.0,,10.0,10.0,8.0,18.0,2.0,36.0,247.0,172.0,373.0,11.0,42.0,,100.0,192.0,1756.0,25.0,89.0,19.0,24.0,409.0,604.0,0.0,3.0,53.0,13.0,195.0,1262.0,,49.0,48.0,12.0,57.0,,64.0,37.0,131.0,0.0,4.0
Sunderland_56,2009-10,13898,Anton Ferdinand,Southend United,Defender,England,71.0,24.0,47.0,24.0,,,,,18.0,,4.0,1.0,,3.0,,,132.0,43.0,89.0,,,,,,,,,,24.0,,,1.0,,,,25.0,22.0,3.0,61.0,19.0,42.0,1.0,,,,,,44.0,5.0,1.0,,,,,1.0,539.0,,,1.0,1.0,,,,,3.0,,,,54.0,,,,,,,,,,,,,,,,,,19.0,0.0,1.0,5.0,,1.0,1.0,2.0,12.0,1.0,37.0,156.0,206.0,324.0,7.0,25.0,2.0,30.0,56.0,1775.0,4.0,202.0,10.0,8.0,327.0,555.0,0.0,,32.0,5.0,194.0,994.0,,9.0,9.0,1.0,60.0,,72.0,44.0,122.0,0.0,2.0
Sunderland_56,2009-10,58614,Michael Liddle,Darlington,Defender,Ireland,,,,,,,,,,,,,,,,,,,,,,,,,,,,,,,,,,,,,,,,,,,,,,,,,,,,,,,,,,,,,,,,,,,,,,,,,,,,,,,,,,,,,,,,0.0,,,,,,,,,,,,,,,,,,,,,,,,,0.0,,,,,,,,,,,,,,,,0.0
Sunderland_56,2009-10,80583,Liam Noble,Hartlepool United,Midfielder,England,,,,,,,,,,,,,,,,,,,,,,,,,,,,,,,,,,,,,,,,,,,,,,,,,,,,,,,,,,,,,,,,,,,,,,,,,,,,,,,,,,,,,,,,0.0,,,,,,,,,,,,,,,,,,,,,,,,,0.0,,,,,,,,,,,,,,,,0.0
Sunderland_56,2009-10,6278,Teemu Tainio,Sunderland,Midfielder,Finland,8.0,5.0,3.0,6.0,,,,2.0,2.0,,1.0,,,2.0,,,44.0,24.0,20.0,,,,,,,,,,6.0,,,,,,,6.0,6.0,,36.0,19.0,17.0,,,,,,,24.0,4.0,,,,,,,159.0,,,,,,,,,,,,,23.0,,,,,,,,,,,,,,2.0,,,,5.0,0.0,3.0,1.0,,1.0,1.0,1.0,2.0,5.0,11.0,69.0,58.0,115.0,3.0,7.0,3.0,9.0,17.0,361.0,7.0,17.0,3.0,6.0,62.0,161.0,0.0,2.0,10.0,3.0,35.0,275.0,,4.0,4.0,2.0,3.0,,9.0,2.0,26.0,0.0,0.0
Sunderland_56,2009-10,4073,Boudewijn Zenden,Sunderland,Midfielder,Netherlands,14.0,5.0,9.0,20.0,2.0,1.0,,7.0,3.0,,,,13.0,6.0,,,67.0,34.0,33.0,,,,,,,,,,20.0,,,,,,2.0,10.0,9.0,1.0,53.0,29.0,24.0,,,,1.0,,,16.0,6.0,,2.0,,,,,218.0,,,,,,,,,1.0,,,,32.0,,,,,,,,,,,,,,5.0,,8.0,,1.0,0.0,,19.0,7.0,14.0,6.0,1.0,1.0,6.0,15.0,121.0,55.0,147.0,2.0,13.0,2.0,3.0,4.0,503.0,19.0,13.0,8.0,8.0,122.0,221.0,0.0,13.0,15.0,13.0,59.0,384.0,6.0,30.0,21.0,3.0,6.0,,15.0,7.0,44.0,0.0,1.0
Sunderland_56,2009-10,6596,Steed Malbranque,Lyon,Midfielder,France,15.0,10.0,5.0,31.0,,,,11.0,3.0,,1.0,,24.0,18.0,,,363.0,197.0,166.0,,,,,,,,,,31.0,,,5.0,,,,31.0,28.0,3.0,348.0,187.0,161.0,3.0,,1.0,,,,70.0,45.0,,,,,,1.0,798.0,,,,,,,,,3.0,,,,185.0,,,,,,,,,,,,,,11.0,,10.0,,30.0,0.0,26.0,1.0,7.0,20.0,13.0,41.0,4.0,59.0,26.0,451.0,181.0,586.0,19.0,57.0,36.0,2.0,14.0,2086.0,116.0,14.0,44.0,44.0,414.0,807.0,0.0,21.0,76.0,45.0,195.0,1420.0,16.0,85.0,66.0,42.0,12.0,1.0,24.0,35.0,171.0,0.0,3.0
Sunderland_56,2009-10,56979,Jordan Henderson,Brentford,Midfielder,England,38.0,27.0,11.0,33.0,1.0,1.0,,9.0,4.0,,2.0,,14.0,16.0,,,248.0,145.0,103.0,,,,,,,,,,33.0,,,5.0,,,1.0,45.0,41.0,4.0,210.0,118.0,92.0,3.0,,,0.0,,,68.0,23.0,,,,,,3.0,813.0,,,,,,,,,3.0,,,,121.0,,1.0,,,,,,,,,,,,15.0,,8.0,,23.0,0.0,6.0,10.0,6.0,27.0,18.0,18.0,2.0,20.0,29.0,406.0,182.0,532.0,20.0,41.0,22.0,3.0,13.0,2188.0,62.0,38.0,36.0,13.0,397.0,820.0,0.0,23.0,61.0,35.0,259.0,1291.0,7.0,51.0,37.0,21.0,30.0,2.0,49.0,44.0,210.0,0.0,3.0
Sunderland_56,2009-10,15073,Kieran Richardson,Cardiff City,Defender,England,51.0,29.0,22.0,29.0,6.0,0.0,,4.0,9.0,,3.0,1.0,29.0,12.0,,,281.0,159.0,122.0,,,,,,,,,,29.0,,,1.0,,,1.0,38.0,32.0,6.0,230.0,130.0,100.0,,,,1.0,,,62.0,21.0,,1.0,,,,2.0,911.0,,,,,,,,,3.0,,,,142.0,1.0,,,,,,,,,,,,,16.0,,8.0,,28.0,0.0,5.0,1.0,11.0,25.0,14.0,14.0,8.0,36.0,53.0,480.0,247.0,649.0,17.0,41.0,11.0,49.0,116.0,2417.0,70.0,78.0,50.0,28.0,492.0,949.0,1.0,24.0,58.0,20.0,247.0,1630.0,15.0,79.0,52.0,16.0,50.0,4.0,71.0,66.0,176.0,0.0,7.0
Sunderland_56,2009-10,58771,Jack Colback,Queens Park Rangers,Midfielder,England,,,,1.0,,,,,,,,,,,,,2.0,2.0,,,,,,,,,,,1.0,,,,,,,1.0,,1.0,2.0,2.0,,,,,,,,,,,,,,,,5.0,,,,,,,,,,,,,1.0,1.0,,,,,,,,,,,,,,,,,,0.0,,1.0,,,,,,,,3.0,,3.0,,,,,1.0,11.0,,,2.0,,2.0,5.0,1.0,,,,2.0,6.0,,,,,1.0,,2.0,,,0.0,0.0
Sunderland_56,2009-10,53371,David Meyler,Reading,Midfielder,Ireland,18.0,14.0,4.0,10.0,,,,1.0,5.0,,1.0,,,1.0,,,109.0,55.0,54.0,,,,,,,,1.0,,10.0,,,,,,,15.0,15.0,,91.0,41.0,50.0,,,,,,,22.0,5.0,,,,,,1.0,303.0,,,,,,,,,,,,,42.0,,,,,,,,,,,,,,2.0,,1.0,,9.0,1.0,3.0,1.0,,1.0,1.0,3.0,1.0,6.0,16.0,137.0,83.0,203.0,13.0,19.0,3.0,,,730.0,10.0,16.0,20.0,15.0,112.0,306.0,1.0,3.0,32.0,4.0,87.0,440.0,,5.0,5.0,3.0,10.0,,17.0,21.0,70.0,0.0,4.0
Sunderland_56,2009-10,16106,Lorik Cana,Lazio,Defender,Albania,162.0,65.0,97.0,31.0,,,,4.0,12.0,,6.0,,,6.0,,,426.0,168.0,258.0,,,,,,,,,,31.0,,,1.0,,,,43.0,39.0,4.0,264.0,103.0,161.0,4.0,,1.0,,,,79.0,16.0,,,,,,,991.0,,,,,,,,,4.0,,,,131.0,1.0,,,,,,,,,,,,,15.0,,4.0,,29.0,0.0,2.0,2.0,,3.0,3.0,2.0,7.0,28.0,63.0,399.0,332.0,665.0,31.0,81.0,6.0,2.0,1.0,2597.0,17.0,129.0,58.0,47.0,384.0,1020.0,1.0,19.0,112.0,28.0,292.0,1503.0,,6.0,6.0,4.0,23.0,3.0,39.0,75.0,253.0,0.0,9.0
Sunderland_56,2009-10,8411,Andy Reid,Nottingham Forest,Midfielder,Ireland,7.0,2.0,5.0,21.0,9.0,0.0,,13.0,2.0,,1.0,,94.0,33.0,,,215.0,118.0,97.0,,,,,,,,,,21.0,,,6.0,,,2.0,24.0,22.0,2.0,208.0,116.0,92.0,2.0,,2.0,2.0,,,36.0,43.0,,2.0,,,,1.0,768.0,,,,,,,,,2.0,,,,130.0,,,,,,,,,,,1.0,,,13.0,,7.0,,18.0,0.0,5.0,3.0,31.0,67.0,27.0,25.0,7.0,44.0,67.0,455.0,156.0,477.0,2.0,35.0,21.0,2.0,6.0,1645.0,81.0,14.0,22.0,30.0,537.0,794.0,0.0,20.0,37.0,24.0,250.0,1390.0,59.0,185.0,95.0,33.0,19.0,2.0,66.0,34.0,184.0,2.0,2.0
Sunderland_56,2009-10,28448,Lee Cattermole,Sunderland,Midfielder,England,28.0,20.0,8.0,22.0,,,,6.0,5.0,,1.0,1.0,,2.0,,,225.0,125.0,100.0,,,,,,,,,,22.0,,,3.0,,,,19.0,17.0,2.0,197.0,105.0,92.0,3.0,,,,,,47.0,10.0,,,,,,,638.0,,,,,,,,,2.0,,,,109.0,1.0,,,,,,,,,,,,,5.0,,1.0,,19.0,0.0,9.0,3.0,,3.0,3.0,7.0,3.0,21.0,75.0,279.0,211.0,412.0,23.0,49.0,4.0,,,1494.0,38.0,25.0,39.0,13.0,224.0,644.0,1.0,6.0,72.0,4.0,157.0,921.0,,10.0,10.0,7.0,11.0,,23.0,31.0,134.0,0.0,7.0
Sunderland_56,2009-10,78827,Adam Reed,Sunderland,Midfielder,England,,,,,,,,,,,,,,,,,,,,,,,,,,,,,1.0,,,,,,,,,,,,,,,,,,,,,,,,,,,,,,,,,,,,,,,,,,,,,,,,,,,,,,,,,,,0.0,,,,,,,,,,,,,,,,,,,,,,,,,0.0,,,,,,,,,,,,,,,,0.0
Sunderland_56,2009-10,28541,Fraizer Campbell,Huddersfield Town,Forward,England,58.0,44.0,14.0,31.0,,1.0,,6.0,1.0,,3.0,,1.0,19.0,,,288.0,187.0,101.0,,,,,,,,1.0,,31.0,,,4.0,,,4.0,28.0,24.0,4.0,230.0,143.0,87.0,1.0,,,3.0,,,36.0,13.0,,1.0,,,,12.0,445.0,,,,1.0,,,,,4.0,,,,78.0,,3.0,,,,,,,,,,,,14.0,,12.0,,19.0,0.0,4.0,12.0,,3.0,3.0,22.0,1.0,35.0,10.0,220.0,81.0,288.0,9.0,22.0,8.0,,3.0,1912.0,97.0,23.0,33.0,34.0,287.0,446.0,0.0,26.0,31.0,72.0,148.0,810.0,,25.0,25.0,33.0,13.0,4.0,21.0,25.0,127.0,2.0,3.0
Sunderland_56,2009-10,10738,Darren Bent,Derby County,Forward,England,252.0,147.0,105.0,38.0,8.0,8.0,,20.0,1.0,,7.0,,1.0,17.0,,,440.0,265.0,175.0,,,,,,,,5.0,,38.0,,,1.0,,,24.0,54.0,48.0,6.0,188.0,118.0,70.0,,2.0,3.0,16.0,,,32.0,29.0,,5.0,,,,58.0,854.0,,,,,,,8.0,5.0,5.0,,,,77.0,,17.0,,,,,,,,,,,,40.0,,55.0,,38.0,0.0,7.0,,,2.0,2.0,14.0,1.0,130.0,15.0,477.0,119.0,579.0,12.0,16.0,4.0,2.0,4.0,3388.0,62.0,32.0,40.0,28.0,368.0,856.0,0.0,95.0,28.0,170.0,262.0,1312.0,,21.0,21.0,18.0,8.0,25.0,9.0,27.0,253.0,14.0,5.0
Sunderland_56,2009-10,11854,Daryl Murphy,Bolton Wanderers,Forward,Ireland,15.0,11.0,4.0,3.0,,,,,,,,,2.0,3.0,,,40.0,27.0,13.0,,,,,,,,,,3.0,,,,,,,9.0,9.0,,25.0,16.0,9.0,,,,,,,3.0,,,,,,,,52.0,,,,,,,,,,,,,11.0,,,,,,,,,,,,,,,,,,2.0,0.0,1.0,1.0,,1.0,1.0,4.0,,5.0,,22.0,13.0,34.0,3.0,1.0,2.0,,1.0,168.0,11.0,8.0,2.0,1.0,46.0,52.0,0.0,,4.0,4.0,18.0,100.0,2.0,12.0,10.0,3.0,1.0,2.0,4.0,3.0,14.0,0.0,0.0
Sunderland_56,2009-10,18215,Kenwyne Jones,Cardiff City,Forward,Trinidad & Tobago,307.0,119.0,188.0,32.0,,3.0,,11.0,10.0,,3.0,1.0,,11.0,,,527.0,247.0,280.0,,,,,,,,,,32.0,,,3.0,,,9.0,32.0,29.0,3.0,220.0,128.0,92.0,,5.0,2.0,6.0,,,17.0,21.0,1.0,1.0,,,,5.0,655.0,,,,,,,1.0,1.0,2.0,,,,54.0,,3.0,,,,,,,,,,,,20.0,,29.0,,24.0,1.0,10.0,8.0,,4.0,4.0,17.0,1.0,39.0,13.0,295.0,66.0,344.0,3.0,14.0,14.0,,,2181.0,98.0,63.0,22.0,58.0,445.0,655.0,1.0,49.0,17.0,106.0,298.0,1122.0,,6.0,6.0,26.0,3.0,6.0,9.0,22.0,289.0,4.0,1.0
Sunderland_56,2009-10,5222,David Healy,Sunderland,Forward,Northern Ireland,,,,3.0,,,,,,,,,,,,,2.0,,2.0,,,,,,,,,,3.0,,,,,,,,,,2.0,,2.0,,,,,,,1.0,1.0,,,,,,,10.0,,,,,,,,,,,,,2.0,,,,,,,,,,,,,,,,,,,0.0,,3.0,,1.0,1.0,,,,1.0,6.0,,4.0,1.0,,,,,32.0,,,,1.0,9.0,10.0,0.0,,1.0,1.0,5.0,19.0,,4.0,4.0,,1.0,,2.0,2.0,3.0,0.0,0.0
Sunderland_56,2009-10,11991,Benjani,Blackburn Rovers,Forward,Zimbabwe,24.0,19.0,5.0,10.0,,,,1.0,1.0,,,,,2.0,,,39.0,30.0,9.0,,,,,,,,,,10.0,,,1.0,,,,4.0,3.0,1.0,15.0,11.0,4.0,1.0,,1.0,,,,2.0,1.0,,,,,,4.0,61.0,,,,,,,,,1.0,,,,4.0,,,,,,,,,,,,,,2.0,,1.0,,2.0,0.0,2.0,8.0,,,,,,8.0,1.0,32.0,11.0,42.0,,1.0,1.0,,,246.0,7.0,,5.0,3.0,26.0,61.0,0.0,3.0,1.0,6.0,18.0,91.0,,,,,1.0,2.0,1.0,2.0,17.0,0.0,0.0
Sunderland_56,2009-10,80061,Ryan Noble,Sunderland,Forward,England,,,,,,,,,,,,,,,,,,,,,,,,,,,,,1.0,,,,,,,,,,,,,,,,,,,,,,,,,,,,,,,,,,,,,,,,,,,,,,,,,,,,,,,,,,,0.0,,,,,,,,,,,,,,,,,,,,,,,,,0.0,,,,,,,,,,,,,,,,0.0
Sunderland_56,2010-11,5207,Craig Gordon,Heart of Midlothian,Goalkeeper,Scotland,4.0,,4.0,15.0,,,,,,29.0,5.0,,,,2.0,2.0,8.0,,8.0,,,,,,468.0,,,,15.0,100.0,93.0,,155.0,1.0,,21.0,18.0,3.0,4.0,,4.0,,,,,,,,,,,6.0,,,,193.0,,,,,2.0,,,,2.0,19.0,,,176.0,,,,,50.0,10.0,23.0,26.0,11.0,,,,,,,,,15.0,0.0,,,,,,,53.0,,139.0,136.0,16.0,13.0,,,,,,1350.0,,21.0,,3.0,325.0,474.0,0.0,,,,322.0,622.0,,,,,170.0,,309.0,35.0,13.0,0.0,0.0
Sunderland_56,2010-11,66797,Simon Mignolet,Club Brugge,Goalkeeper,Belgium,6.0,4.0,2.0,23.0,,,,,,29.0,8.0,,,,8.0,2.0,16.0,5.0,11.0,,,,,,696.0,,,,23.0,114.0,139.0,,211.0,3.0,,35.0,32.0,3.0,10.0,1.0,9.0,,,,,,,,,,,12.0,,,,322.0,,,,,4.0,,,,3.0,21.0,,,260.0,,,18.0,,72.0,19.0,37.0,35.0,17.0,,,,,,,,,23.0,0.0,,,,,,2.0,124.0,,247.0,226.0,64.0,43.0,,,,,,2070.0,,29.0,,4.0,443.0,726.0,0.0,,,,436.0,914.0,,,,,210.0,,433.0,27.0,3.0,0.0,1.0
Sunderland_56,2010-11,19478,Trevor Carson,Morecambe,Goalkeeper,Northern Ireland,,,,,,,,,,,,,,,,,,,,,,,,,,,,,,,,,,,,,,,,,,,,,,,,,,,,,,,,,,,,,,,,,,,,,,,,,,,,,,,,,,,,,,,,0.0,,,,,,,,,,,,,,,,,,,,,,,,,0.0,,,,,,,,,,,,,,,,0.0
Sunderland_56,2010-11,55658,Marcos Angeleri,Sunderland,Defender,Argentina,1.0,1.0,,2.0,,,,,,,,,,,,,3.0,3.0,,,,,,,1.0,,,,2.0,,,,,,,,,,2.0,2.0,,,,,,,,,,,,2.0,,,,4.0,,,,,,,,,,,,,2.0,,,1.0,,,,,,,,,,,,,,,,0.0,,2.0,,,,,,,,3.0,1.0,4.0,,,,,1.0,5.0,1.0,,1.0,,2.0,4.0,0.0,,,,,7.0,,1.0,1.0,1.0,,,,,,0.0,0.0
Sunderland_56,2010-11,17997,Phil Bardsley,Stockport County,Defender,Scotland,55.0,24.0,31.0,34.0,4.0,1.0,127.0,6.0,15.0,,11.0,4.0,,9.0,,,269.0,102.0,167.0,,,,,,652.0,,,,34.0,,,1.0,,,3.0,45.0,41.0,4.0,214.0,78.0,136.0,1.0,,,2.0,,,60.0,23.0,5.0,,82.0,,,,1125.0,,5.0,,1.0,,,,,4.0,,,,175.0,,3.0,303.0,,,,,,,,,,,16.0,,7.0,,32.0,0.0,4.0,2.0,,15.0,15.0,10.0,40.0,6.0,72.0,520.0,302.0,735.0,22.0,70.0,5.0,86.0,235.0,2823.0,46.0,156.0,21.0,34.0,586.0,1164.0,0.0,23.0,92.0,15.0,357.0,2083.0,,61.0,60.0,20.0,125.0,,138.0,79.0,219.0,2.0,5.0
Sunderland_56,2010-11,15864,Michael Turner,Southend United,Defender,England,37.0,15.0,22.0,15.0,,,39.0,1.0,19.0,,5.0,1.0,,2.0,,,98.0,45.0,53.0,,,,,,245.0,,,,15.0,,,,,,,25.0,22.0,3.0,61.0,30.0,31.0,1.0,,,,,,40.0,3.0,,,96.0,,,1.0,429.0,,,,,,,,,2.0,,,,56.0,,,64.0,,,,,,,,,,,1.0,,,,15.0,0.0,1.0,,,,,,21.0,1.0,24.0,77.0,218.0,271.0,6.0,15.0,,,1.0,1305.0,3.0,117.0,16.0,10.0,157.0,444.0,0.0,1.0,21.0,9.0,149.0,678.0,,,,,41.0,,41.0,56.0,108.0,0.0,4.0
Sunderland_56,2010-11,7195,John Mensah,Lyon,Defender,Ghana,62.0,22.0,40.0,18.0,,,38.0,,13.0,,3.0,2.0,,,,,147.0,57.0,90.0,,,,,,181.0,,,,18.0,,,1.0,,,,23.0,22.0,1.0,85.0,35.0,50.0,,,,,,,44.0,,3.0,,101.0,,,,384.0,,,,1.0,,,,,2.0,,,,90.0,,,78.0,,,,,,,,,,,,,,,15.0,1.0,5.0,3.0,,,,1.0,9.0,1.0,22.0,79.0,235.0,292.0,3.0,24.0,,,1.0,1195.0,9.0,107.0,22.0,22.0,102.0,398.0,1.0,,27.0,2.0,84.0,648.0,,,,,24.0,,28.0,38.0,56.0,0.0,4.0
Sunderland_56,2010-11,19053,Nedum Onuoha,Queens Park Rangers,Defender,England,77.0,34.0,43.0,31.0,,1.0,93.0,6.0,18.0,,8.0,1.0,,4.0,,,241.0,94.0,147.0,,,,,,523.0,,,,31.0,,,1.0,,,1.0,44.0,38.0,6.0,164.0,60.0,104.0,,,,0.0,,,57.0,9.0,3.0,1.0,229.0,,,,925.0,,1.0,,2.0,,,,,3.0,,,,137.0,,,96.0,,,,,,,,,,,9.0,,6.0,,31.0,0.0,6.0,,,7.0,7.0,21.0,16.0,4.0,40.0,369.0,329.0,651.0,16.0,44.0,2.0,90.0,162.0,2673.0,26.0,143.0,21.0,23.0,410.0,941.0,0.0,15.0,60.0,33.0,250.0,1657.0,,20.0,20.0,13.0,50.0,1.0,56.0,67.0,194.0,2.0,1.0
Sunderland_56,2010-11,1131,Titus Bramble,Sunderland,Defender,England,103.0,48.0,55.0,23.0,,,52.0,1.0,13.0,,8.0,,,2.0,,,229.0,91.0,138.0,,,,,,399.0,,,,23.0,,,,,,,28.0,25.0,3.0,126.0,43.0,83.0,,,,,,,61.0,2.0,2.0,,92.0,,,,621.0,,,,,,,,,4.0,,,,100.0,,,101.0,,,,,,,,,,,6.0,,1.0,,22.0,1.0,,1.0,,,,4.0,37.0,,66.0,163.0,238.0,335.0,26.0,31.0,2.0,2.0,3.0,2001.0,4.0,220.0,16.0,22.0,268.0,644.0,1.0,7.0,57.0,12.0,243.0,1077.0,,4.0,4.0,1.0,90.0,,96.0,68.0,147.0,0.0,5.0
Sunderland_56,2010-11,13898,Anton Ferdinand,Southend United,Defender,England,96.0,31.0,65.0,27.0,,,54.0,,16.0,,7.0,,,2.0,,,185.0,63.0,122.0,,,,,,384.0,,,,27.0,,,,,,,36.0,32.0,4.0,89.0,32.0,57.0,1.0,,,,,,58.0,,2.0,,109.0,,,,624.0,,,1.0,,,,,,4.0,,,,96.0,,,103.0,,,,,,,,,,,1.0,,,,23.0,0.0,4.0,4.0,,,,2.0,27.0,4.0,35.0,164.0,259.0,388.0,12.0,31.0,,12.0,49.0,2089.0,4.0,215.0,21.0,12.0,254.0,650.0,0.0,1.0,43.0,14.0,227.0,1114.0,,7.0,7.0,2.0,85.0,,83.0,55.0,144.0,0.0,2.0
Sunderland_56,2010-11,91417,Blair Adams,South Shields,Defender,England,,,,,,,,,,,,,,,,,,,,,,,,,,,,,,,,,,,,,,,,,,,,,,,,,,,,,,,,,,,,,,,,,,,,,,,,,,,,,,,,,,,,,,,,0.0,,,,,,,,,,,,,,,,,,,,,,,,,0.0,,,,,,,,,,,,,,,,0.0
Sunderland_56,2010-11,97580,Louis Laing,Darlington,Defender,England,,,,1.0,,,,,,,,,,,,,,,,,,,,,,,,,1.0,,,,,,,,,,,,,,,,,,,,,,,1.0,,,,1.0,,,,,,,,,,,,,,,,,,,,,,,,,,,,,,,,0.0,,1.0,,,,,,,1.0,1.0,,,,,,,,2.0,,,,,,1.0,0.0,,,,,1.0,,,,,,,,,,0.0,0.0
Sunderland_56,2010-11,37339,Ahmed El Mohamady,Aston Villa,Defender,Egypt,257.0,123.0,134.0,36.0,,,171.0,9.0,3.0,,5.0,1.0,6.0,31.0,,,449.0,220.0,229.0,,,,,,479.0,,,,36.0,,,2.0,,,,38.0,34.0,4.0,192.0,97.0,95.0,2.0,,,,,,37.0,41.0,,,382.0,,,2.0,1063.0,,12.0,,2.0,,,,,2.0,,,,147.0,,,42.0,,,,,,,,,,,18.0,,1.0,,26.0,0.0,8.0,10.0,2.0,45.0,43.0,27.0,18.0,23.0,34.0,556.0,234.0,711.0,10.0,42.0,3.0,32.0,107.0,2453.0,60.0,50.0,33.0,16.0,620.0,1074.0,0.0,19.0,52.0,38.0,329.0,1768.0,1.0,156.0,155.0,42.0,46.0,1.0,58.0,53.0,271.0,0.0,1.0
Sunderland_56,2010-11,28448,Lee Cattermole,Sunderland,Midfielder,England,40.0,24.0,16.0,23.0,,,93.0,6.0,11.0,,8.0,3.0,2.0,3.0,,,277.0,142.0,135.0,,,,,,298.0,,,,23.0,,,,,,,32.0,29.0,3.0,237.0,118.0,119.0,3.0,,,,,,69.0,16.0,,,237.0,,,,865.0,,2.0,,,,,,,3.0,,,,141.0,2.0,,243.0,,,,,,,,,,,7.0,,8.0,,22.0,0.0,2.0,1.0,1.0,1.0,,8.0,5.0,31.0,78.0,393.0,300.0,614.0,27.0,62.0,8.0,,1.0,1921.0,37.0,35.0,44.0,22.0,249.0,871.0,2.0,15.0,89.0,7.0,179.0,1226.0,1.0,7.0,6.0,16.0,5.0,,38.0,34.0,141.0,0.0,8.0
Sunderland_56,2010-11,4073,Boudewijn Zenden,Sunderland,Midfielder,Netherlands,38.0,19.0,19.0,27.0,5.0,2.0,82.0,11.0,2.0,,2.0,,36.0,14.0,,,141.0,77.0,64.0,,,,,,164.0,,,,27.0,,,3.0,,,2.0,17.0,17.0,,103.0,58.0,45.0,3.0,1.0,2.0,0.0,,,23.0,23.0,,,130.0,,,1.0,504.0,,2.0,,,,,,,1.0,,,,63.0,1.0,1.0,148.0,,,,,,,,,,,11.0,,11.0,,10.0,0.0,4.0,17.0,8.0,15.0,6.0,7.0,,30.0,27.0,256.0,141.0,355.0,4.0,19.0,5.0,,16.0,1108.0,28.0,19.0,22.0,15.0,254.0,524.0,1.0,22.0,23.0,23.0,142.0,817.0,26.0,65.0,27.0,7.0,13.0,,26.0,18.0,116.0,2.0,0.0
Sunderland_56,2010-11,6596,Steed Malbranque,Lyon,Midfielder,France,33.0,24.0,9.0,35.0,,,200.0,16.0,4.0,,3.0,1.0,6.0,17.0,,,391.0,221.0,170.0,,,,,,346.0,,,,35.0,,,3.0,,,,34.0,29.0,5.0,358.0,197.0,161.0,3.0,,,,,,51.0,36.0,,,157.0,,,4.0,944.0,,5.0,,,,,1.0,,3.0,,,,180.0,,,249.0,,,,,,,,,,,17.0,,11.0,,24.0,0.0,17.0,11.0,,11.0,9.0,38.0,,94.0,29.0,540.0,242.0,742.0,22.0,55.0,25.0,2.0,13.0,2176.0,127.0,11.0,35.0,46.0,432.0,952.0,0.0,28.0,77.0,51.0,181.0,1551.0,4.0,55.0,50.0,56.0,3.0,7.0,12.0,32.0,169.0,0.0,3.0
Sunderland_56,2010-11,56979,Jordan Henderson,Brentford,Midfielder,England,40.0,24.0,16.0,37.0,1.0,0.0,232.0,11.0,6.0,,11.0,2.0,116.0,25.0,,,260.0,144.0,116.0,,,,,,513.0,,,,37.0,,,4.0,,,3.0,46.0,40.0,6.0,220.0,120.0,100.0,2.0,,1.0,3.0,,,64.0,79.0,,2.0,520.0,,,5.0,1592.0,,10.0,,,,,,,5.0,,,,190.0,,1.0,378.0,,,,,,,,,,,21.0,,13.0,,37.0,0.0,8.0,,34.0,55.0,16.0,24.0,10.0,66.0,130.0,913.0,476.0,1204.0,21.0,41.0,23.0,,15.0,3219.0,58.0,35.0,27.0,14.0,604.0,1643.0,0.0,34.0,62.0,33.0,309.0,2317.0,60.0,173.0,84.0,35.0,33.0,1.0,72.0,48.0,237.0,2.0,2.0
Sunderland_56,2010-11,14791,Sulley Muntari,Milan,Midfielder,Ghana,8.0,4.0,4.0,9.0,2.0,1.0,39.0,4.0,,,1.0,,6.0,2.0,,,88.0,40.0,48.0,,,,,,135.0,,,,9.0,,,2.0,,,1.0,14.0,13.0,1.0,80.0,36.0,44.0,1.0,,,0.0,,,19.0,6.0,,1.0,62.0,,,1.0,326.0,,1.0,,,,,,,1.0,,,,44.0,,,100.0,,,,,,,,,,,7.0,,1.0,,7.0,0.0,5.0,2.0,1.0,3.0,1.0,12.0,,8.0,18.0,169.0,95.0,243.0,11.0,17.0,4.0,,,538.0,14.0,7.0,11.0,4.0,112.0,336.0,0.0,8.0,28.0,4.0,75.0,470.0,5.0,9.0,,1.0,8.0,1.0,18.0,12.0,57.0,2.0,2.0
Sunderland_56,2010-11,15073,Kieran Richardson,Cardiff City,Defender,England,52.0,40.0,12.0,26.0,10.0,3.0,138.0,9.0,8.0,,8.0,1.0,5.0,11.0,,,222.0,127.0,95.0,,,,,,305.0,,,,26.0,,,3.0,,,4.0,27.0,23.0,4.0,170.0,87.0,83.0,3.0,,2.0,1.0,,,23.0,25.0,2.0,4.0,138.0,,,6.0,810.0,,6.0,,,,,,,2.0,,,,115.0,,,244.0,,,,,,,,1.0,,,26.0,,10.0,,23.0,0.0,4.0,3.0,,10.0,10.0,12.0,8.0,47.0,41.0,425.0,199.0,573.0,12.0,37.0,9.0,21.0,65.0,2040.0,37.0,44.0,42.0,22.0,350.0,825.0,0.0,36.0,49.0,27.0,211.0,1272.0,5.0,43.0,35.0,11.0,21.0,6.0,38.0,50.0,173.0,2.0,9.0
Sunderland_56,2010-11,58771,Jack Colback,Queens Park Rangers,Midfielder,England,12.0,8.0,4.0,11.0,,,46.0,2.0,1.0,,1.0,,,2.0,,,55.0,23.0,32.0,,,,,,94.0,,,,11.0,1.0,,,,,,14.0,12.0,2.0,43.0,15.0,28.0,,,,,,,12.0,6.0,,,41.0,,,,239.0,,,,,,,,,1.0,,,,35.0,,,60.0,,,,,,,,,,,3.0,,1.0,,6.0,0.0,1.0,5.0,,2.0,2.0,5.0,4.0,6.0,16.0,122.0,86.0,190.0,6.0,8.0,2.0,6.0,6.0,583.0,10.0,9.0,3.0,9.0,60.0,241.0,0.0,4.0,14.0,5.0,35.0,346.0,,3.0,3.0,5.0,3.0,,9.0,9.0,26.0,0.0,1.0
Sunderland_56,2010-11,32275,Cristian Riveros,Sunderland,Midfielder,Paraguay,17.0,9.0,8.0,12.0,,1.0,32.0,4.0,2.0,,,,,1.0,,,58.0,29.0,29.0,,,,,,63.0,,,,12.0,,,,,,1.0,11.0,10.0,1.0,41.0,20.0,21.0,,,,0.0,,,12.0,2.0,,1.0,39.0,,,,184.0,,1.0,,,,,,,1.0,,,,32.0,,,51.0,,,,,,,,,,,2.0,,1.0,,5.0,0.0,3.0,7.0,,,,1.0,,4.0,5.0,83.0,64.0,142.0,3.0,7.0,,,,497.0,6.0,6.0,7.0,10.0,59.0,185.0,0.0,3.0,10.0,10.0,38.0,258.0,,9.0,9.0,2.0,5.0,,7.0,8.0,31.0,0.0,1.0
Sunderland_56,2010-11,53371,David Meyler,Reading,Midfielder,Ireland,14.0,4.0,10.0,5.0,,,30.0,,1.0,,1.0,,,1.0,,,39.0,18.0,21.0,,,,,,43.0,,,,5.0,,,,,,,1.0,1.0,,25.0,14.0,11.0,,,,,,,6.0,,,,32.0,,,,132.0,,,,,,,,,,,,,22.0,,,28.0,,,,,,,,,,,,,,,4.0,0.0,3.0,1.0,,,,,1.0,7.0,9.0,48.0,56.0,95.0,1.0,5.0,1.0,,1.0,261.0,6.0,6.0,7.0,5.0,39.0,133.0,0.0,,6.0,,29.0,174.0,,,,3.0,2.0,1.0,3.0,11.0,26.0,0.0,2.0
Sunderland_56,2010-11,34392,Stéphane Sessegnon,West Bromwich Albion,Midfielder,Benin,35.0,26.0,9.0,14.0,,1.0,99.0,5.0,,,2.0,,,10.0,,,192.0,119.0,73.0,,,,,,118.0,,1.0,,14.0,,,3.0,,,3.0,29.0,25.0,4.0,157.0,93.0,64.0,1.0,,1.0,2.0,,,9.0,14.0,,,76.0,,,3.0,434.0,,9.0,,,,,1.0,1.0,3.0,,,,56.0,,3.0,148.0,,,,,,,,,,,10.0,,15.0,,13.0,0.0,,1.0,,2.0,2.0,24.0,1.0,63.0,10.0,269.0,77.0,334.0,9.0,9.0,7.0,2.0,6.0,1182.0,76.0,5.0,14.0,22.0,248.0,441.0,0.0,25.0,18.0,46.0,97.0,737.0,,28.0,28.0,40.0,5.0,6.0,7.0,15.0,90.0,2.0,2.0
Sunderland_56,2010-11,94738,Billy Knott,Rochdale,Midfielder,England,,,,,,,,,,,,,,,,,,,,,,,,,,,,,,,,,,,,,,,,,,,,,,,,,,,,,,,,,,,,,,,,,,,,,,,,,,,,,,,,,,,,,,,,0.0,,,,,,,,,,,,,,,,,,,,,,,,,0.0,,,,,,,,,,,,,,,,0.0
Sunderland_56,2010-11,78827,Adam Reed,Sunderland,Midfielder,England,,,,,,,,,,,,,,,,,,,,,,,,,,,,,,,,,,,,,,,,,,,,,,,,,,,,,,,,,,,,,,,,,,,,,,,,,,,,,,,,,,,,,,,,0.0,,,,,,,,,,,,,,,,,,,,,,,,,0.0,,,,,,,,,,,,,,,,0.0
Sunderland_56,2010-11,33223,Asamoah Gyan,Sunderland,Forward,Ghana,216.0,128.0,88.0,31.0,3.0,4.0,195.0,11.0,,,1.0,,,13.0,,,427.0,268.0,159.0,,,,,,215.0,,1.0,,31.0,,,4.0,,,10.0,36.0,32.0,4.0,211.0,140.0,71.0,1.0,1.0,1.0,6.0,,,6.0,31.0,,1.0,121.0,,,30.0,695.0,1.0,10.0,,,,,,,5.0,,,,65.0,,7.0,166.0,,,,,,,,,,,36.0,,27.0,,20.0,0.0,7.0,11.0,,8.0,8.0,22.0,1.0,96.0,23.0,361.0,101.0,431.0,6.0,13.0,21.0,,4.0,1999.0,104.0,13.0,28.0,30.0,473.0,697.0,0.0,63.0,19.0,115.0,243.0,1151.0,,19.0,19.0,41.0,3.0,20.0,7.0,31.0,236.0,2.0,0.0
Sunderland_56,2010-11,28541,Fraizer Campbell,Huddersfield Town,Forward,England,4.0,3.0,1.0,3.0,,,7.0,2.0,,,,,,1.0,,,36.0,18.0,18.0,,,,,,18.0,,1.0,,3.0,,,,,,,3.0,3.0,,32.0,15.0,17.0,,,,,,,5.0,2.0,,,9.0,,,,46.0,,,,,,,,,,,,,4.0,,,13.0,,,,,,,,,,,,,,,3.0,0.0,1.0,,,1.0,1.0,1.0,,3.0,1.0,24.0,8.0,30.0,2.0,5.0,1.0,,,225.0,8.0,1.0,5.0,9.0,30.0,47.0,0.0,,7.0,3.0,16.0,90.0,,,,4.0,2.0,,4.0,2.0,12.0,0.0,0.0
Sunderland_56,2010-11,50175,Danny Welbeck,Brighton and Hove Albion,Forward,England,87.0,55.0,32.0,26.0,,2.0,156.0,13.0,1.0,,4.0,,1.0,16.0,,,328.0,181.0,147.0,,,,,,151.0,,,,26.0,,,1.0,,,6.0,27.0,24.0,3.0,241.0,126.0,115.0,2.0,3.0,2.0,4.0,,,30.0,19.0,,1.0,97.0,,,7.0,576.0,,18.0,,,,,,,3.0,,,,89.0,,2.0,174.0,,,,,,,,,,,23.0,,18.0,,21.0,0.0,11.0,5.0,,3.0,3.0,24.0,,45.0,8.0,353.0,109.0,451.0,12.0,41.0,9.0,1.0,4.0,1767.0,91.0,15.0,23.0,38.0,281.0,578.0,0.0,41.0,53.0,87.0,119.0,995.0,,6.0,6.0,48.0,4.0,8.0,5.0,17.0,114.0,4.0,2.0
Sunderland_56,2010-11,75996,Jordan Cook,Hartlepool United,Forward,England,1.0,1.0,,3.0,,,1.0,,,,,,,,,,5.0,3.0,2.0,,,,,,3.0,,,,3.0,,,,,,,1.0,1.0,,4.0,2.0,2.0,,,,,,,1.0,1.0,,,1.0,,,,8.0,,,,,,,,,,,,,2.0,,,3.0,,,,,,,,,,,,,1.0,,,0.0,,3.0,,,,,,,,4.0,1.0,5.0,,1.0,,,1.0,27.0,1.0,1.0,1.0,1.0,7.0,8.0,0.0,1.0,1.0,1.0,3.0,19.0,,1.0,1.0,1.0,,,,,3.0,0.0,0.0
Sunderland_56,2010-11,80061,Ryan Noble,Sunderland,Forward,England,5.0,4.0,1.0,3.0,,,7.0,2.0,,,,,,2.0,,,11.0,9.0,2.0,,,,,,3.0,,,,3.0,,,,,,,1.0,1.0,,6.0,5.0,1.0,,,,,,,,,,,1.0,,,,16.0,,1.0,,,,,,,,,,,2.0,,,5.0,,,,,,,,,,,1.0,,2.0,,,0.0,,3.0,,,,,,3.0,1.0,7.0,4.0,10.0,,,,,,61.0,4.0,,,1.0,12.0,16.0,0.0,3.0,,3.0,5.0,30.0,,,,1.0,,,,2.0,5.0,0.0,0.0
Sunderland_56,2010-11,96114,Craig Lynch,Sunderland,Forward,England,,,,2.0,,,4.0,1.0,,,,,,,,,1.0,1.0,,,,,,,3.0,,,,2.0,,,,,,,1.0,1.0,,1.0,1.0,,,,,,,,1.0,1.0,,,,,,,12.0,,,,,,,,,,,,,3.0,,,5.0,,,,,,,,,,,,,,,,0.0,,2.0,,,,,,1.0,,4.0,5.0,9.0,,,,,,28.0,1.0,,,,6.0,12.0,0.0,,,,3.0,18.0,,,,,,,,,3.0,0.0,0.0
Sunderland_56,2011-12,5207,Craig Gordon,Heart of Midlothian,Goalkeeper,Scotland,,,,1.0,,,,,,4.0,,,,,,1.0,,,,,,,,,41.0,,,,1.0,9.0,6.0,,11.0,,,2.0,2.0,,,,,,,,,,,,,,,,,,,24.0,,,,,,,,,,,,,13.0,,,2.0,,4.0,,2.0,2.0,2.0,,,,,,,,,1.0,0.0,,,,,,,11.0,,16.0,17.0,4.0,5.0,,,,,,90.0,,2.0,,,24.0,43.0,0.0,,,,22.0,60.0,,,,,13.0,,21.0,2.0,1.0,0.0,0.0
Sunderland_56,2011-12,20531,Keiren Westwood,Crewe Alexandra,Goalkeeper,Ireland,,,,9.0,,,,,,17.0,1.0,,,1.0,1.0,1.0,2.0,,2.0,,,,,,256.0,,,,9.0,40.0,50.0,,66.0,,,11.0,10.0,1.0,2.0,,2.0,,,,,,,,,,,3.0,,,,113.0,,,,,2.0,,,,2.0,5.0,,,120.0,,,4.0,,22.0,5.0,12.0,10.0,6.0,,,,,,,,,8.0,0.0,,1.0,,,,,37.0,,74.0,70.0,17.0,13.0,,,,,,757.0,,6.0,,2.0,182.0,263.0,0.0,,,,176.0,343.0,,,,,83.0,,175.0,1.0,1.0,0.0,0.0
Sunderland_56,2011-12,66797,Simon Mignolet,Club Brugge,Goalkeeper,Belgium,2.0,,2.0,29.0,,,,,,38.0,11.0,,,,5.0,4.0,8.0,,8.0,,,,,,833.0,,,,29.0,176.0,201.0,,322.0,,,33.0,24.0,9.0,6.0,,6.0,1.0,,,,,,2.0,1.0,,,19.0,,,,336.0,,,,,3.0,1.0,,,1.0,21.0,,,282.0,,,22.0,1.0,94.0,10.0,57.0,36.0,21.0,,,,,,,,,29.0,0.0,1.0,,,,,,118.0,,284.0,258.0,77.0,51.0,,,,,,2573.0,,33.0,1.0,6.0,549.0,874.0,0.0,,,,539.0,1118.0,,,,,213.0,,526.0,41.0,13.0,0.0,0.0
Sunderland_56,2011-12,19478,Trevor Carson,Morecambe,Goalkeeper,Northern Ireland,,,,,,,,,,,,,,,,,,,,,,,,,,,,,,,,,,,,,,,,,,,,,,,,,,,,,,,,,,,,,,,,,,,,,,,,,,,,,,,,,,,,,,,,0.0,,,,,,,,,,,,,,,,,,,,,,,,,0.0,,,,,,,,,,,,,,,,0.0
Sunderland_56,2011-12,17997,Phil Bardsley,Stockport County,Defender,Scotland,40.0,25.0,15.0,31.0,1.0,1.0,101.0,12.0,18.0,,8.0,1.0,8.0,6.0,,,202.0,78.0,124.0,,,,,,637.0,,,,31.0,,,,,,1.0,32.0,26.0,6.0,162.0,53.0,109.0,,,,0.0,,,55.0,27.0,1.0,,276.0,,,,1140.0,,1.0,,,,,,,2.0,,,,135.0,1.0,1.0,160.0,,,,,,,,,,,10.0,,4.0,,29.0,0.0,7.0,2.0,2.0,16.0,13.0,9.0,27.0,8.0,79.0,504.0,356.0,765.0,19.0,59.0,1.0,96.0,181.0,2479.0,21.0,109.0,20.0,22.0,525.0,1174.0,1.0,14.0,78.0,8.0,330.0,1934.0,6.0,60.0,53.0,5.0,102.0,2.0,114.0,66.0,216.0,0.0,3.0
Sunderland_56,2011-12,1940,Wayne Bridge,Manchester City,Defender,England,5.0,1.0,4.0,8.0,,,10.0,,,,1.0,,,1.0,,,27.0,9.0,18.0,,,,,,102.0,,,,8.0,,,,,,,3.0,3.0,,22.0,8.0,14.0,,,,,,,9.0,1.0,,,19.0,,,,159.0,,2.0,,,,,,,,,,,20.0,,,35.0,,,,,,,,,,,,,,,3.0,0.0,2.0,5.0,,1.0,,3.0,11.0,1.0,7.0,78.0,42.0,112.0,4.0,6.0,1.0,7.0,31.0,317.0,4.0,10.0,3.0,1.0,69.0,166.0,0.0,,10.0,,47.0,257.0,,6.0,5.0,,13.0,,9.0,11.0,38.0,0.0,1.0
Sunderland_56,2011-12,15864,Michael Turner,Southend United,Defender,England,63.0,26.0,37.0,24.0,,,74.0,2.0,23.0,,8.0,,,1.0,,,157.0,66.0,91.0,,,,,,254.0,,1.0,,24.0,,,,,,,31.0,24.0,7.0,94.0,40.0,54.0,,,,,,,48.0,3.0,1.0,,164.0,,,2.0,621.0,,,,,,,,,2.0,,,,70.0,,,139.0,,,,,,,,,,,4.0,,3.0,,23.0,0.0,,1.0,,2.0,2.0,1.0,12.0,1.0,41.0,105.0,387.0,449.0,11.0,32.0,,,,2115.0,5.0,201.0,23.0,10.0,152.0,631.0,0.0,7.0,43.0,21.0,141.0,1005.0,,,,,35.0,,30.0,58.0,111.0,0.0,3.0
Sunderland_56,2011-12,1841,Wes Brown,Blackburn Rovers U23,Defender,England,62.0,24.0,38.0,20.0,,1.0,37.0,2.0,21.0,,5.0,,,1.0,,,152.0,60.0,92.0,,,,,,270.0,,,,20.0,,,,,,1.0,22.0,18.0,4.0,90.0,36.0,54.0,,1.0,,0.0,,,35.0,4.0,2.0,,104.0,,,,525.0,,,1.0,,,,,,2.0,,,,68.0,,,124.0,,,,,,,,,,,1.0,,3.0,,20.0,0.0,1.0,,,,,3.0,6.0,3.0,50.0,149.0,240.0,339.0,8.0,30.0,,,,1736.0,10.0,130.0,19.0,13.0,169.0,535.0,0.0,4.0,38.0,16.0,146.0,827.0,,1.0,1.0,2.0,33.0,,34.0,52.0,112.0,2.0,2.0
Sunderland_56,2011-12,14919,Matthew Kilgallon,Buxton,Defender,England,28.0,13.0,15.0,10.0,,,9.0,1.0,10.0,,3.0,,,1.0,,,53.0,22.0,31.0,,,,,,107.0,,,,10.0,,,,,,,11.0,8.0,3.0,25.0,9.0,16.0,,,,,,,22.0,,,,45.0,,,,201.0,,,,,,,,,1.0,,,,17.0,,,44.0,,,,,,,,,,,2.0,,,,9.0,0.0,4.0,1.0,,,,2.0,3.0,,9.0,51.0,107.0,149.0,1.0,8.0,,,,793.0,3.0,64.0,4.0,5.0,56.0,205.0,0.0,2.0,9.0,6.0,47.0,341.0,,1.0,1.0,2.0,8.0,,4.0,17.0,43.0,0.0,0.0
Sunderland_56,2011-12,3736,John O'Shea,Reading,Defender,Ireland,49.0,26.0,23.0,29.0,,,78.0,1.0,15.0,,10.0,,,3.0,,,145.0,60.0,85.0,,,,,,554.0,,,,29.0,,,,,,,29.0,22.0,7.0,96.0,34.0,62.0,1.0,,1.0,,,,59.0,8.0,,,291.0,,,1.0,981.0,,1.0,,,,,,,2.0,,,,132.0,,,81.0,,,,,,,1.0,,,,7.0,,3.0,,29.0,0.0,4.0,,,5.0,5.0,5.0,18.0,11.0,65.0,380.0,354.0,664.0,9.0,43.0,2.0,37.0,124.0,2441.0,7.0,161.0,13.0,5.0,356.0,1004.0,0.0,10.0,52.0,26.0,275.0,1548.0,,23.0,23.0,3.0,53.0,,71.0,60.0,204.0,0.0,5.0
Sunderland_56,2011-12,1131,Titus Bramble,Sunderland,Defender,England,29.0,10.0,19.0,8.0,,0.0,26.0,2.0,9.0,,1.0,1.0,,,,,58.0,22.0,36.0,,,,,,104.0,,,,8.0,,,,,,1.0,9.0,8.0,1.0,29.0,12.0,17.0,,,,1.0,,,14.0,1.0,2.0,,56.0,,,,225.0,,,,,,,,,,,,,33.0,,1.0,45.0,,,,,,,,,,,1.0,,2.0,,8.0,0.0,1.0,,,,,1.0,9.0,,19.0,51.0,130.0,162.0,1.0,11.0,,1.0,,651.0,2.0,57.0,4.0,4.0,58.0,231.0,0.0,3.0,12.0,5.0,50.0,350.0,,1.0,1.0,,13.0,,21.0,10.0,29.0,2.0,0.0
Sunderland_56,2011-12,11248,Sotirios Kyrgiakos,Sunderland,Defender,Greece,10.0,3.0,7.0,3.0,,,5.0,,,,,,,1.0,,,18.0,8.0,10.0,,,,,,32.0,,,,3.0,,,,,,,5.0,3.0,2.0,8.0,5.0,3.0,,,,,,,4.0,,,,7.0,,,,57.0,,,,,,,,,,,,,5.0,,,15.0,,,,,,,,,,,,,,,2.0,0.0,,1.0,,,,,2.0,,4.0,7.0,30.0,33.0,1.0,1.0,,,,189.0,1.0,16.0,4.0,1.0,24.0,59.0,0.0,,2.0,1.0,22.0,86.0,,1.0,1.0,1.0,5.0,,5.0,6.0,17.0,0.0,1.0
Sunderland_56,2011-12,97580,Louis Laing,Darlington,Defender,England,,,,,,,,,,,,,,,,,,,,,,,,,,,,,,,,,,,,,,,,,,,,,,,,,,,,,,,,,,,,,,,,,,,,,,,,,,,,,,,,,,,,,,,,0.0,,,,,,,,,,,,,,,,,,,,,,,,,0.0,,,,,,,,,,,,,,,,0.0
Sunderland_56,2011-12,108416,John Egan,Hull City,Defender,Ireland,,,,,,,,,,,,,,,,,,,,,,,,,,,,,,,,,,,,,,,,,,,,,,,,,,,,,,,,,,,,,,,,,,,,,,,,,,,,,,,,,,,,,,,,0.0,,,,,,,,,,,,,,,,,,,,,,,,,0.0,,,,,,,,,,,,,,,,0.0
Sunderland_56,2011-12,28448,Lee Cattermole,Sunderland,Midfielder,England,27.0,16.0,11.0,23.0,,,89.0,4.0,14.0,,3.0,1.0,,3.0,,,262.0,133.0,129.0,,,,,,261.0,,,,23.0,,,,,,,30.0,24.0,6.0,235.0,117.0,118.0,,,,,,,75.0,8.0,,,248.0,,,,848.0,,4.0,,1.0,,,,,3.0,,,,112.0,,,260.0,,,,,,,,,,,7.0,,2.0,,23.0,1.0,8.0,,,,,7.0,1.0,18.0,90.0,347.0,351.0,608.0,24.0,61.0,2.0,,,1943.0,26.0,26.0,51.0,26.0,212.0,858.0,1.0,9.0,85.0,2.0,160.0,1193.0,,2.0,2.0,5.0,16.0,1.0,25.0,37.0,135.0,0.0,10.0
Sunderland_56,2011-12,19057,Sebastian Larsson,Hull City,Midfielder,Sweden,27.0,18.0,9.0,32.0,10.0,4.0,226.0,5.0,5.0,,8.0,1.0,110.0,20.0,,,240.0,124.0,116.0,,,,,,360.0,,1.0,,32.0,,,2.0,,,7.0,36.0,31.0,5.0,213.0,106.0,107.0,1.0,,1.0,3.0,,,47.0,54.0,,1.0,246.0,,,3.0,942.0,,1.0,,1.0,,,1.0,,3.0,,,,124.0,,6.0,149.0,,,,,,,1.0,3.0,,,13.0,,17.0,,32.0,0.0,10.0,,33.0,68.0,21.0,12.0,9.0,48.0,45.0,533.0,262.0,682.0,27.0,53.0,5.0,2.0,24.0,2710.0,37.0,28.0,33.0,15.0,525.0,981.0,0.0,30.0,80.0,49.0,254.0,1613.0,73.0,196.0,84.0,7.0,38.0,3.0,67.0,56.0,187.0,2.0,6.0
Sunderland_56,2011-12,28468,Craig Gardner,Birmingham City,Midfielder,England,36.0,18.0,18.0,30.0,5.0,1.0,112.0,14.0,25.0,,7.0,1.0,6.0,11.0,,,242.0,121.0,121.0,,,,,,304.0,,,,30.0,,,,,,3.0,29.0,23.0,6.0,206.0,103.0,103.0,4.0,,1.0,2.0,,,38.0,11.0,1.0,1.0,256.0,,,3.0,915.0,,2.0,,1.0,,,,,2.0,,,,157.0,1.0,2.0,248.0,,,,,,,,1.0,,,20.0,,15.0,,22.0,0.0,3.0,8.0,,4.0,4.0,6.0,5.0,38.0,68.0,391.0,339.0,658.0,20.0,54.0,2.0,5.0,31.0,2112.0,44.0,57.0,42.0,23.0,301.0,920.0,1.0,35.0,74.0,33.0,194.0,1362.0,6.0,27.0,19.0,18.0,20.0,1.0,43.0,36.0,151.0,0.0,5.0
Sunderland_56,2011-12,15073,Kieran Richardson,Cardiff City,Defender,England,43.0,25.0,18.0,29.0,2.0,2.0,107.0,10.0,12.0,,5.0,2.0,21.0,13.0,,,173.0,90.0,83.0,,,,,,446.0,,,,29.0,,,2.0,,,2.0,31.0,25.0,6.0,130.0,65.0,65.0,,,2.0,0.0,,,54.0,19.0,,2.0,104.0,,,3.0,877.0,,1.0,,1.0,,,,,2.0,,,,132.0,,,246.0,,,,,,,,,,,13.0,,8.0,,26.0,0.0,7.0,3.0,9.0,22.0,12.0,10.0,11.0,18.0,41.0,457.0,242.0,636.0,8.0,35.0,,75.0,117.0,2284.0,29.0,83.0,18.0,12.0,417.0,903.0,0.0,21.0,43.0,35.0,226.0,1522.0,12.0,51.0,39.0,9.0,51.0,,64.0,68.0,162.0,0.0,5.0
Sunderland_56,2011-12,58771,Jack Colback,Queens Park Rangers,Midfielder,England,25.0,18.0,7.0,35.0,,0.0,181.0,3.0,17.0,,9.0,1.0,2.0,10.0,,,249.0,112.0,137.0,,,,,,337.0,,,,35.0,,1.0,1.0,1.0,,1.0,36.0,26.0,10.0,224.0,94.0,130.0,1.0,,2.0,1.0,,,62.0,14.0,,1.0,254.0,,,1.0,1059.0,,3.0,1.0,,,,,,3.0,,,,165.0,,,309.0,,,,,,,,,,,8.0,,2.0,,29.0,0.0,5.0,6.0,1.0,6.0,5.0,12.0,12.0,29.0,61.0,516.0,392.0,841.0,13.0,56.0,1.0,16.0,35.0,2667.0,48.0,51.0,27.0,49.0,304.0,1081.0,0.0,10.0,69.0,23.0,179.0,1557.0,1.0,27.0,26.0,12.0,35.0,1.0,41.0,60.0,138.0,0.0,3.0
Sunderland_56,2011-12,7631,David Vaughan,Notts County,Midfielder,Wales,20.0,10.0,10.0,22.0,,1.0,133.0,6.0,7.0,,2.0,,6.0,3.0,,,164.0,67.0,97.0,,,,,,235.0,,,,22.0,,,1.0,,,2.0,19.0,14.0,5.0,144.0,57.0,87.0,,,,1.0,,,41.0,9.0,,2.0,246.0,,,2.0,794.0,,,,,,,,,1.0,,,,91.0,,,191.0,,,,,,,,,,,6.0,,7.0,,17.0,0.0,8.0,5.0,3.0,5.0,3.0,10.0,8.0,31.0,60.0,387.0,301.0,623.0,9.0,51.0,,1.0,4.0,1487.0,17.0,13.0,21.0,17.0,170.0,805.0,0.0,13.0,60.0,4.0,122.0,1053.0,3.0,14.0,10.0,4.0,12.0,,30.0,28.0,92.0,0.0,3.0
Sunderland_56,2011-12,53371,David Meyler,Reading,Midfielder,Ireland,6.0,4.0,2.0,7.0,,,18.0,1.0,,,,,,1.0,,,28.0,11.0,17.0,,,,,,36.0,,,,7.0,,,,,,,2.0,1.0,1.0,22.0,7.0,15.0,,,,,,,1.0,,,,15.0,,,,103.0,,,,,,,,,,,,,17.0,,,34.0,,,,,,,,,,,,,,,1.0,0.0,1.0,6.0,,,,1.0,,4.0,7.0,33.0,46.0,72.0,3.0,7.0,,,,160.0,1.0,2.0,2.0,4.0,36.0,103.0,0.0,,10.0,3.0,24.0,136.0,,1.0,1.0,,8.0,,7.0,8.0,17.0,0.0,0.0
Sunderland_56,2011-12,63370,James McClean,Wrexham,Midfielder,Ireland,76.0,54.0,22.0,23.0,1.0,2.0,159.0,13.0,5.0,,8.0,,26.0,34.0,,,322.0,192.0,130.0,,,,,,150.0,,,,23.0,,,2.0,,,5.0,24.0,18.0,6.0,246.0,138.0,108.0,,1.0,,3.0,,,27.0,29.0,,3.0,35.0,,,4.0,537.0,,10.0,,,,,,,1.0,,,,102.0,,1.0,198.0,,,,,,,1.0,1.0,,,14.0,,15.0,,20.0,0.0,1.0,3.0,9.0,35.0,24.0,27.0,4.0,20.0,11.0,288.0,143.0,385.0,12.0,43.0,,,13.0,1843.0,102.0,20.0,15.0,26.0,411.0,542.0,0.0,29.0,55.0,60.0,146.0,1099.0,15.0,113.0,93.0,55.0,17.0,3.0,16.0,48.0,130.0,6.0,2.0
Sunderland_56,2011-12,37339,Ahmed El Mohamady,Aston Villa,Defender,Egypt,54.0,32.0,22.0,18.0,,0.0,79.0,1.0,1.0,,1.0,,1.0,15.0,,,134.0,76.0,58.0,,,,,,125.0,,,,18.0,,,1.0,,,1.0,10.0,8.0,2.0,80.0,44.0,36.0,,1.0,,1.0,,,11.0,10.0,,,119.0,,,3.0,339.0,,5.0,,,,,,,,,,,31.0,,,16.0,,,,,,,,,,,5.0,,3.0,,7.0,0.0,3.0,11.0,,8.0,8.0,9.0,2.0,15.0,11.0,158.0,89.0,228.0,8.0,10.0,1.0,,19.0,773.0,32.0,9.0,11.0,9.0,204.0,339.0,0.0,8.0,18.0,19.0,100.0,547.0,1.0,58.0,57.0,20.0,14.0,,15.0,20.0,85.0,0.0,0.0
Sunderland_56,2011-12,34392,Stéphane Sessegnon,West Bromwich Albion,Midfielder,Benin,100.0,78.0,22.0,36.0,,3.0,256.0,24.0,1.0,,9.0,,1.0,23.0,,,470.0,280.0,190.0,,,,,,223.0,,,,36.0,,,9.0,,,7.0,42.0,33.0,9.0,370.0,202.0,168.0,2.0,2.0,,4.0,,,14.0,63.0,,1.0,217.0,,,10.0,1066.0,,15.0,,,,,,,3.0,,,,162.0,,4.0,376.0,,,,,,,2.0,,,,32.0,,21.0,,36.0,1.0,7.0,,,15.0,15.0,65.0,1.0,104.0,52.0,657.0,230.0,820.0,5.0,32.0,15.0,1.0,15.0,3133.0,156.0,5.0,36.0,66.0,508.0,1072.0,1.0,53.0,37.0,127.0,200.0,1709.0,1.0,44.0,43.0,78.0,4.0,9.0,23.0,33.0,177.0,4.0,3.0
Sunderland_56,2011-12,28541,Fraizer Campbell,Huddersfield Town,Forward,England,21.0,14.0,7.0,12.0,,0.0,32.0,2.0,1.0,,,,,6.0,,,92.0,54.0,38.0,,,,,,36.0,,,,12.0,,,1.0,,,1.0,9.0,7.0,2.0,71.0,40.0,31.0,,,1.0,1.0,,,7.0,5.0,,,49.0,,,5.0,147.0,,3.0,,1.0,,,,,,,,,24.0,,1.0,30.0,,,,,,,,,,,4.0,,3.0,,6.0,0.0,5.0,6.0,,3.0,3.0,4.0,,14.0,4.0,89.0,26.0,108.0,3.0,9.0,2.0,,4.0,636.0,28.0,3.0,11.0,15.0,82.0,147.0,0.0,7.0,12.0,25.0,35.0,267.0,,7.0,7.0,13.0,5.0,1.0,4.0,7.0,31.0,2.0,4.0
Sunderland_56,2011-12,59125,Connor Wickham,Charlton Athletic,Forward,England,27.0,18.0,9.0,16.0,,0.0,52.0,6.0,1.0,,1.0,,,3.0,,,85.0,50.0,35.0,,,,,,43.0,,,,16.0,,,,,,1.0,6.0,4.0,2.0,58.0,32.0,26.0,,,1.0,1.0,,,6.0,9.0,,1.0,32.0,,,6.0,161.0,,,,,,,,,,,,,18.0,,,34.0,,,,,,,,,,,5.0,,4.0,,5.0,0.0,3.0,11.0,,1.0,1.0,6.0,1.0,19.0,6.0,81.0,29.0,103.0,,10.0,1.0,,,519.0,15.0,6.0,12.0,10.0,92.0,161.0,0.0,9.0,10.0,25.0,52.0,268.0,,7.0,7.0,4.0,2.0,5.0,4.0,8.0,48.0,0.0,0.0
Sunderland_56,2011-12,75996,Jordan Cook,Hartlepool United,Forward,England,,,,,,,,,,,,,,,,,,,,,,,,,,,,,,,,,,,,,,,,,,,,,,,,,,,,,,,,,,,,,,,,,,,,,,,,,,,,,,,,,,,,,,,,0.0,,,,,,,,,,,,,,,,,,,,,,,,,0.0,,,,,,,,,,,,,,,,0.0
Sunderland_56,2011-12,98769,Ji Dong-Won,1. FSV Mainz 05,Forward,South Korea,23.0,17.0,6.0,19.0,,0.0,78.0,,1.0,,,,,,,,60.0,39.0,21.0,,,,,,34.0,,,,19.0,,,2.0,,,2.0,10.0,7.0,3.0,37.0,22.0,15.0,1.0,,,2.0,,,6.0,7.0,,1.0,42.0,,,5.0,218.0,,1.0,,,,,,,,,,,17.0,,1.0,65.0,,,,,,,,,,,8.0,,3.0,,2.0,0.0,2.0,17.0,,1.0,1.0,4.0,3.0,27.0,6.0,125.0,59.0,177.0,1.0,3.0,2.0,,1.0,435.0,14.0,3.0,8.0,7.0,70.0,219.0,0.0,11.0,4.0,25.0,36.0,304.0,,4.0,4.0,6.0,2.0,3.0,2.0,9.0,34.0,2.0,2.0
Sunderland_56,2011-12,80061,Ryan Noble,Sunderland,Forward,England,,,,2.0,,,1.0,,,,,,,,,,2.0,1.0,1.0,,,,,,,,,,2.0,,,,,,,,,,2.0,1.0,1.0,,,,,,,,,,,1.0,,,,3.0,,,,,,,,,,,,,1.0,,,1.0,,,,,,,,,,,,,,,,0.0,,2.0,,,,1.0,,,,3.0,,3.0,,,,,,5.0,,,1.0,,,3.0,0.0,,,,,4.0,,,,,,,,,,0.0,0.0
Sunderland_56,2011-12,96114,Craig Lynch,Sunderland,Forward,England,,,,,,,,,,,,,,,,,,,,,,,,,,,,,,,,,,,,,,,,,,,,,,,,,,,,,,,,,,,,,,,,,,,,,,,,,,,,,,,,,,,,,,,,0.0,,,,,,,,,,,,,,,,,,,,,,,,,0.0,,,,,,,,,,,,,,,,0.0
Sunderland_56,2011-12,27697,Nicklas Bendtner,FC København,Forward,Denmark,184.0,107.0,77.0,29.0,,4.0,266.0,14.0,7.0,,4.0,,,19.0,,,334.0,201.0,133.0,,,,,,198.0,,,,29.0,,,5.0,,,8.0,30.0,25.0,5.0,150.0,94.0,56.0,3.0,3.0,1.0,4.0,,,8.0,29.0,,1.0,195.0,,,26.0,887.0,,,,,,,1.0,1.0,3.0,,,,52.0,,4.0,230.0,,,,,,,,,,,25.0,,23.0,,25.0,0.0,7.0,4.0,,7.0,7.0,5.0,1.0,109.0,41.0,467.0,196.0,615.0,9.0,10.0,11.0,,10.0,2244.0,64.0,32.0,26.0,32.0,380.0,889.0,0.0,48.0,19.0,108.0,233.0,1262.0,,15.0,15.0,9.0,1.0,23.0,14.0,32.0,219.0,2.0,2.0
Sunderland_56,2012-13,20531,Keiren Westwood,Crewe Alexandra,Goalkeeper,Ireland,,,,,,,,,,,,,,,,,,,,,,,,,,,,,,,,,,,,,,,,,,,,,,,,,,,,,,,,,,,,,,,,,,,,,,,,,,,,,,,,,,,,,,,,0.0,,,,,,,,,,,,,,,,,,,,,,,,,0.0,,,,,,,,,,,,,,,,0.0
Sunderland_56,2012-13,66797,Simon Mignolet,Club Brugge,Goalkeeper,Belgium,8.0,2.0,6.0,38.0,,,,,,47.0,11.0,,,1.0,3.0,5.0,23.0,6.0,17.0,0.1757,,,,65.7008,1039.0,,,,38.0,236.0,202.0,,356.0,4.0,,54.0,47.0,7.0,15.0,4.0,11.0,,,,,,,,1.0,,,26.0,,,,446.0,,,,,4.0,,,,4.0,39.0,,,383.0,,,37.0,,149.0,18.0,93.0,56.0,49.0,,,,,,,,,38.0,0.0,,,,,,1.0,154.0,,385.0,353.0,112.0,80.0,,2.0,,,,3420.0,1.0,49.0,1.0,8.0,648.0,1102.0,0.0,,2.0,,637.0,1465.0,,,,,294.0,,611.0,52.0,26.0,0.0,1.0
Sunderland_56,2012-13,17997,Phil Bardsley,Stockport County,Defender,Scotland,34.0,17.0,17.0,18.0,,0.0,57.0,2.0,7.0,,1.0,,1.0,4.0,,,92.0,39.0,53.0,0.506,0.236,,0.0279,23.653,206.0,,,,18.0,,,,,,1.0,22.0,19.0,3.0,58.0,22.0,36.0,1.0,,,1.0,,,9.0,5.0,,,140.0,5.0,,,426.0,,2.0,,,,,,,2.0,,,,52.0,,1.0,39.0,,,,,,,,,,5.0,5.0,,1.0,,11.0,0.0,5.0,7.0,,6.0,6.0,5.0,18.0,,28.0,179.0,170.0,315.0,4.0,20.0,,23.0,67.0,986.0,5.0,44.0,14.0,7.0,161.0,442.0,0.0,6.0,24.0,7.0,99.0,696.0,1.0,25.0,24.0,1.0,27.0,,28.0,20.0,71.0,0.0,5.0
Sunderland_56,2012-13,38290,Danny Rose,Watford,Defender,England,49.0,21.0,28.0,27.0,,1.0,86.0,5.0,10.0,,5.0,1.0,1.0,14.0,,,302.0,122.0,180.0,0.5764,0.7528,,0.8939,43.1748,519.0,,,,27.0,,,1.0,,,1.0,36.0,31.0,5.0,253.0,101.0,152.0,2.0,,2.0,0.0,1.0,,73.0,10.0,1.0,1.0,57.0,7.0,4.0,,941.0,,14.0,,,,,,,2.0,,,,150.0,,,309.0,,,,,,,,,1.0,7.0,7.0,,3.0,4.0,25.0,0.0,8.0,2.0,,6.0,6.0,28.0,12.0,4.0,51.0,434.0,318.0,695.0,8.0,55.0,2.0,66.0,186.0,2222.0,51.0,64.0,30.0,61.0,422.0,971.0,0.0,10.0,63.0,10.0,225.0,1714.0,,48.0,47.0,29.0,35.0,1.0,64.0,56.0,161.0,0.0,6.0
Sunderland_56,2012-13,14919,Matthew Kilgallon,Buxton,Defender,England,15.0,5.0,10.0,6.0,,,14.0,,6.0,,2.0,,,1.0,,,30.0,13.0,17.0,0.1265,0.4312,,0.0975,11.9845,90.0,,,,6.0,,,,,,,9.0,9.0,,15.0,8.0,7.0,,,,,,3.0,11.0,,1.0,,37.0,,,,172.0,,,1.0,,,,,,,,,,21.0,,,36.0,,,,,,,,,,,2.0,3.0,2.0,,6.0,0.0,1.0,,,,,,2.0,,4.0,53.0,92.0,141.0,2.0,4.0,,1.0,4.0,512.0,1.0,25.0,3.0,1.0,34.0,177.0,0.0,4.0,6.0,5.0,32.0,242.0,,,,,4.0,,2.0,11.0,30.0,0.0,1.0
Sunderland_56,2012-13,3736,John O'Shea,Reading,Defender,Ireland,170.0,70.0,100.0,34.0,,0.0,53.0,3.0,26.0,,9.0,,,3.0,,,284.0,115.0,169.0,0.7217,1.6144,,1.2003,54.2264,437.0,,1.0,,34.0,,,,,,2.0,47.0,40.0,7.0,114.0,45.0,69.0,,,,2.0,3.0,3.0,69.0,6.0,1.0,1.0,217.0,1.0,,1.0,942.0,,,,,,,,,3.0,,,,95.0,,1.0,258.0,,,,,,,,,3.0,1.0,7.0,3.0,3.0,,34.0,0.0,2.0,,,,,4.0,13.0,1.0,82.0,248.0,478.0,644.0,12.0,38.0,2.0,,2.0,2993.0,2.0,270.0,26.0,15.0,248.0,965.0,0.0,10.0,50.0,33.0,239.0,1451.0,,3.0,3.0,,59.0,,70.0,63.0,169.0,0.0,3.0
Sunderland_56,2012-13,43901,Kader Mangane,Sunderland,Defender,Senegal,2.0,1.0,1.0,2.0,,,,,,,,,,,,,3.0,1.0,2.0,0.0003,,,,,2.0,,,,2.0,,,,,,,,,,1.0,,1.0,,,,,,,,,,,,,,,2.0,,,,,,,,,,,,,1.0,,,,,,,,,,,,,,,,,,,0.0,,2.0,,,,,1.0,,,1.0,,1.0,,1.0,,,,19.0,,2.0,,,1.0,2.0,0.0,,1.0,,1.0,5.0,,,,,1.0,,1.0,,,0.0,0.0
Sunderland_56,2012-13,1131,Titus Bramble,Sunderland,Defender,England,67.0,29.0,38.0,16.0,,,27.0,1.0,11.0,,3.0,,,,,,125.0,53.0,72.0,0.3139,1.1311,,0.2519,21.5316,181.0,,,,16.0,,,,,,,18.0,16.0,2.0,58.0,24.0,34.0,,,,,1.0,1.0,25.0,3.0,2.0,,86.0,,,2.0,344.0,,,1.0,,,,,,2.0,,,,56.0,,,60.0,,,,,,,,,1.0,,4.0,1.0,1.0,,12.0,0.0,,4.0,,1.0,1.0,,10.0,,36.0,82.0,169.0,214.0,8.0,20.0,,,2.0,1180.0,,114.0,16.0,6.0,111.0,354.0,0.0,5.0,28.0,9.0,104.0,568.0,,1.0,1.0,,28.0,1.0,34.0,29.0,70.0,0.0,3.0
Sunderland_56,2012-13,17468,Carlos Cuellar,Norwich City,Defender,Spain,118.0,42.0,76.0,26.0,,1.0,58.0,4.0,27.0,,7.0,2.0,,2.0,,,239.0,72.0,167.0,0.4616,0.837,,1.1724,47.472,267.0,,,,26.0,,,2.0,,,1.0,37.0,32.0,5.0,121.0,30.0,91.0,,1.0,,0.0,7.0,6.0,48.0,1.0,2.0,,185.0,,,1.0,673.0,,,1.0,,,,,,2.0,,,,66.0,,,181.0,,,,,,,,,7.0,,3.0,6.0,5.0,,26.0,0.0,3.0,,,1.0,1.0,5.0,13.0,2.0,49.0,149.0,388.0,487.0,28.0,48.0,1.0,2.0,10.0,2258.0,3.0,239.0,13.0,10.0,170.0,691.0,0.0,8.0,76.0,34.0,155.0,1169.0,,3.0,3.0,2.0,48.0,1.0,53.0,35.0,102.0,2.0,5.0
Sunderland_56,2012-13,113994,Liam Marrs,Sunderland,Defender,England,,,,,,,,,,,,,,,,,,,,,,,,,,,,,,,,,,,,,,,,,,,,,,,,,,,,,,,,,,,,,,,,,,,,,,,,,,,,,,,,,,,,,,,,0.0,,,,,,,,,,,,,,,,,,,,,,,,,0.0,,,,,,,,,,,,,,,,0.0
Sunderland_56,2012-13,111352,David Ferguson,Gateshead,Defender,England,,,,,,,,,,,,,,,,,,,,,,,,,,,,,,,,,,,,,,,,,,,,,,,,,,,,,,,,,,,,,,,,,,,,,,,,,,,,,,,,,,,,,,,,0.0,,,,,,,,,,,,,,,,,,,,,,,,,0.0,,,,,,,,,,,,,,,,0.0
Sunderland_56,2012-13,107541,Scott Harrison,Hartlepool United,Defender,England,,,,,,,,,,,,,,,,,,,,,,,,,,,,,,,,,,,,,,,,,,,,,,,,,,,,,,,,,,,,,,,,,,,,,,,,,,,,,,,,,,,,,,,,0.0,,,,,,,,,,,,,,,,,,,,,,,,,0.0,,,,,,,,,,,,,,,,0.0
Sunderland_56,2012-13,49688,Alfred N'Diaye,Málaga,Midfielder,Senegal,58.0,36.0,22.0,16.0,,,73.0,3.0,3.0,,2.0,,,5.0,,,202.0,111.0,91.0,0.613,1.2403,,0.7477,25.0214,123.0,,,,16.0,,,,,,,23.0,20.0,3.0,144.0,75.0,69.0,,,,,1.0,3.0,26.0,8.0,,,127.0,4.0,1.0,,453.0,,2.0,,,,,,,2.0,,,,93.0,,,132.0,,,,,,,,,1.0,4.0,12.0,3.0,2.0,1.0,15.0,0.0,3.0,1.0,,3.0,3.0,12.0,,24.0,20.0,199.0,171.0,347.0,9.0,35.0,2.0,,1.0,1298.0,29.0,28.0,30.0,13.0,145.0,455.0,0.0,14.0,44.0,24.0,88.0,693.0,,15.0,15.0,7.0,3.0,,11.0,22.0,77.0,0.0,3.0
Sunderland_56,2012-13,28448,Lee Cattermole,Sunderland,Midfielder,England,14.0,7.0,7.0,10.0,,,36.0,,7.0,,2.0,,,,,,87.0,48.0,39.0,0.1206,0.0768,,,10.1228,88.0,,,,10.0,,,,,,,6.0,5.0,1.0,73.0,41.0,32.0,1.0,,,,,,26.0,3.0,,,74.0,,1.0,1.0,289.0,,1.0,,,,,,,,,,,39.0,,,94.0,,,,,,,,,,,2.0,,,1.0,10.0,0.0,4.0,,,,,1.0,2.0,9.0,33.0,118.0,131.0,216.0,7.0,14.0,,,1.0,666.0,11.0,9.0,15.0,10.0,59.0,292.0,0.0,2.0,21.0,,43.0,396.0,,1.0,1.0,1.0,4.0,1.0,9.0,10.0,34.0,0.0,2.0
Sunderland_56,2012-13,19057,Sebastian Larsson,Hull City,Midfielder,Sweden,41.0,25.0,16.0,38.0,11.0,0.0,224.0,11.0,17.0,,6.0,,83.0,15.0,,,255.0,134.0,121.0,3.334,1.7774,0.7261,1.966,54.3343,397.0,,,23.0,38.0,,,3.0,,,1.0,47.0,40.0,7.0,214.0,109.0,105.0,5.0,,1.0,1.0,,5.0,50.0,36.0,,1.0,322.0,20.0,13.0,3.0,1218.0,,3.0,,1.0,,,,,4.0,,,,165.0,,,320.0,,,,,,,,,,20.0,11.0,5.0,8.0,13.0,36.0,0.0,17.0,2.0,22.0,52.0,16.0,10.0,4.0,58.0,85.0,680.0,427.0,970.0,16.0,63.0,2.0,12.0,22.0,2999.0,24.0,47.0,52.0,16.0,388.0,1263.0,0.0,19.0,79.0,23.0,208.0,1830.0,53.0,123.0,44.0,6.0,23.0,2.0,44.0,49.0,164.0,2.0,6.0
Sunderland_56,2012-13,28468,Craig Gardner,Birmingham City,Midfielder,England,78.0,37.0,41.0,33.0,18.0,3.0,124.0,20.0,18.0,,8.0,,1.0,17.0,,,348.0,167.0,181.0,2.1719,5.4317,0.9805,5.8447,54.9032,622.0,,,37.0,33.0,,,2.0,,,6.0,49.0,44.0,5.0,270.0,130.0,140.0,2.0,,2.0,3.0,4.0,6.0,60.0,14.0,,1.0,385.0,37.0,15.0,3.0,1239.0,,5.0,,2.0,,,4.0,4.0,4.0,,,,122.0,,5.0,143.0,,,,,,,,1.0,4.0,37.0,20.0,6.0,15.0,15.0,32.0,1.0,4.0,1.0,1.0,18.0,17.0,18.0,17.0,14.0,96.0,534.0,420.0,840.0,21.0,80.0,6.0,67.0,188.0,2834.0,33.0,98.0,51.0,21.0,540.0,1274.0,1.0,35.0,101.0,26.0,338.0,2118.0,,73.0,70.0,9.0,67.0,3.0,117.0,63.0,221.0,0.0,10.0
Sunderland_56,2012-13,19959,Adam Johnson,Sunderland,Midfielder,England,22.0,17.0,5.0,35.0,2.0,2.0,259.0,12.0,2.0,,3.0,2.0,85.0,31.0,,,272.0,163.0,109.0,3.7659,2.2514,0.1173,4.3017,60.1927,256.0,,,5.0,35.0,,,6.0,,,5.0,50.0,44.0,6.0,250.0,146.0,104.0,1.0,,,3.0,10.0,5.0,23.0,49.0,,5.0,297.0,11.0,17.0,8.0,950.0,,16.0,,1.0,,,,,4.0,,,,111.0,,,148.0,,,,,,,1.0,,10.0,11.0,18.0,5.0,15.0,17.0,35.0,0.0,16.0,,28.0,49.0,13.0,32.0,3.0,45.0,54.0,536.0,274.0,707.0,7.0,26.0,18.0,1.0,19.0,2940.0,110.0,12.0,15.0,39.0,551.0,960.0,0.0,33.0,33.0,65.0,199.0,1612.0,52.0,184.0,100.0,59.0,15.0,2.0,39.0,32.0,160.0,2.0,3.0
Sunderland_56,2012-13,58771,Jack Colback,Queens Park Rangers,Midfielder,England,51.0,34.0,17.0,35.0,,,166.0,3.0,22.0,,9.0,3.0,2.0,10.0,,,288.0,129.0,159.0,0.6032,0.5133,,0.1109,50.2345,365.0,,,,35.0,,,,,,,36.0,31.0,5.0,237.0,95.0,142.0,2.0,,1.0,,1.0,4.0,69.0,16.0,,,243.0,3.0,2.0,,1089.0,,1.0,,,,,,,2.0,,,,143.0,,,340.0,,,,,,,,,1.0,3.0,5.0,4.0,3.0,2.0,30.0,0.0,5.0,5.0,1.0,5.0,4.0,7.0,5.0,23.0,63.0,515.0,448.0,895.0,17.0,71.0,,34.0,93.0,2812.0,34.0,55.0,35.0,47.0,271.0,1114.0,0.0,8.0,88.0,12.0,156.0,1681.0,1.0,30.0,29.0,11.0,24.0,2.0,28.0,46.0,128.0,0.0,4.0
Sunderland_56,2012-13,7631,David Vaughan,Notts County,Midfielder,Wales,14.0,7.0,7.0,24.0,,1.0,72.0,1.0,5.0,,2.0,,1.0,3.0,,,97.0,42.0,55.0,0.2083,0.3375,,1.1548,10.7303,97.0,,,,24.0,,,,,,1.0,9.0,7.0,2.0,83.0,35.0,48.0,,,,0.0,,,21.0,5.0,,1.0,110.0,1.0,4.0,,385.0,,2.0,1.0,,,,,,,,,,48.0,1.0,,111.0,,,,,,,,,,1.0,4.0,,3.0,4.0,6.0,0.0,2.0,18.0,1.0,2.0,1.0,4.0,2.0,9.0,19.0,210.0,138.0,327.0,9.0,22.0,2.0,,1.0,717.0,11.0,15.0,14.0,13.0,70.0,390.0,1.0,7.0,31.0,4.0,44.0,534.0,,4.0,4.0,2.0,3.0,1.0,6.0,12.0,38.0,0.0,1.0
Sunderland_56,2012-13,63370,James McClean,Wrexham,Midfielder,Ireland,102.0,70.0,32.0,36.0,,0.0,197.0,6.0,8.0,,8.0,,4.0,22.0,,,437.0,261.0,176.0,1.4323,2.9855,,3.216,43.931,203.0,,,,36.0,,,3.0,,,2.0,31.0,29.0,2.0,335.0,191.0,144.0,2.0,,,2.0,5.0,11.0,34.0,26.0,,2.0,99.0,10.0,8.0,1.0,722.0,,7.0,,,,,,,2.0,,,,118.0,,,226.0,,,,,,,,,5.0,10.0,16.0,11.0,12.0,8.0,24.0,0.0,4.0,12.0,2.0,19.0,17.0,32.0,,23.0,16.0,371.0,220.0,556.0,19.0,65.0,1.0,1.0,16.0,2330.0,119.0,25.0,38.0,28.0,447.0,725.0,0.0,28.0,84.0,52.0,153.0,1351.0,1.0,109.0,107.0,51.0,25.0,1.0,25.0,37.0,128.0,2.0,4.0
Sunderland_56,2012-13,37339,Ahmed El Mohamady,Aston Villa,Defender,Egypt,4.0,2.0,2.0,2.0,,,3.0,,,,,,,,,,9.0,6.0,3.0,0.0003,,,,0.417,4.0,,,,2.0,,,,,,,,,,5.0,4.0,1.0,,,,,,,2.0,,,,3.0,,,,10.0,,1.0,,,,,,,,,,,2.0,,,,,,,,,,,,,,,,,,,0.0,,2.0,,,,,,,1.0,1.0,6.0,6.0,1.0,,,,,22.0,2.0,1.0,1.0,,6.0,10.0,0.0,,1.0,,3.0,17.0,,,,2.0,,,,,3.0,0.0,0.0
Sunderland_56,2012-13,34392,Stéphane Sessegnon,West Bromwich Albion,Midfielder,Benin,80.0,63.0,17.0,35.0,,3.0,217.0,14.0,2.0,,6.0,,1.0,24.0,,,448.0,263.0,185.0,2.7101,4.5953,,6.9547,55.5616,191.0,,,,35.0,,,3.0,,,7.0,45.0,40.0,5.0,368.0,200.0,168.0,,,,4.0,10.0,19.0,11.0,37.0,,1.0,211.0,15.0,12.0,12.0,914.0,,16.0,,,,,,,4.0,,,,97.0,,6.0,299.0,,,,,,,,,10.0,15.0,23.0,19.0,22.0,12.0,34.0,1.0,12.0,1.0,,10.0,10.0,59.0,,62.0,69.0,573.0,207.0,701.0,3.0,17.0,8.0,1.0,9.0,2900.0,153.0,6.0,41.0,89.0,447.0,918.0,1.0,45.0,20.0,109.0,148.0,1519.0,,45.0,45.0,73.0,2.0,3.0,17.0,16.0,131.0,4.0,1.0
Sunderland_56,2012-13,113999,Jordan Laidler,Sunderland PL2,Midfielder,England,,,,,,,,,,,,,,,,,,,,,,,,,,,,,,,,,,,,,,,,,,,,,,,,,,,,,,,,,,,,,,,,,,,,,,,,,,,,,,,,,,,,,,,,0.0,,,,,,,,,,,,,,,,,,,,,,,,,0.0,,,,,,,,,,,,,,,,0.0
Sunderland_56,2012-13,94738,Billy Knott,Rochdale,Midfielder,England,1.0,1.0,,1.0,,,2.0,,,,,,,,,,1.0,1.0,,,,,,0.4971,1.0,,,,1.0,,,,,,,1.0,,1.0,,,,,,,,,,,,,,1.0,,,,4.0,,,,,,,,,,,,,2.0,,,,,,,,,,,,,,,,,,,0.0,,1.0,,,,,,,,,3.0,3.0,,,,,,16.0,,,,,1.0,4.0,0.0,,,,1.0,5.0,,,,,,,1.0,,,0.0,0.0
Sunderland_56,2012-13,94863,Adam Mitchell,Sunderland PL2,Midfielder,England,,,,1.0,,,,,,,,,,,,,,,,,,,,0.2981,,,,,1.0,,,,,,,1.0,,1.0,,,,,,,,,,,,,,,,,,,,,,,,,,,,,,,,,,,,,,,,,,,,,,,,,,0.0,,1.0,,,,,,,,,,,,,,,,2.0,,,,,,,0.0,,,,,,,,,,,,,,,0.0,0.0
Sunderland_56,2012-13,59125,Connor Wickham,Charlton Athletic,Forward,England,50.0,30.0,20.0,12.0,,,36.0,6.0,1.0,,,,,8.0,,,107.0,67.0,40.0,0.1371,0.9567,,1.1916,9.8783,40.0,,,,12.0,,,,,,,7.0,7.0,,57.0,37.0,20.0,,,,,9.0,5.0,3.0,7.0,,,46.0,3.0,4.0,3.0,154.0,,,,,,,,,1.0,,,,6.0,,,32.0,,,,,,,,,9.0,3.0,2.0,5.0,5.0,4.0,3.0,0.0,1.0,9.0,,,,2.0,,17.0,3.0,81.0,16.0,94.0,3.0,4.0,1.0,1.0,2.0,451.0,21.0,4.0,10.0,11.0,97.0,154.0,0.0,7.0,7.0,21.0,57.0,250.0,,4.0,4.0,6.0,2.0,4.0,2.0,14.0,55.0,0.0,0.0
Sunderland_56,2012-13,15398,Danny Graham,Sunderland,Forward,England,110.0,78.0,32.0,31.0,,1.0,125.0,11.0,2.0,,4.0,,,12.0,,,165.0,119.0,46.0,0.5059,3.7141,,3.6302,14.3727,84.0,,1.0,,31.0,,,2.0,,,3.0,32.0,30.0,2.0,55.0,41.0,14.0,,,1.0,2.0,15.0,20.0,2.0,9.0,,,65.0,,,17.0,368.0,,1.0,,,,,,,3.0,,,,22.0,,3.0,94.0,,,,,,,,,15.0,,14.0,20.0,22.0,,21.0,0.0,9.0,10.0,,4.0,4.0,1.0,1.0,41.0,11.0,189.0,78.0,252.0,,4.0,1.0,2.0,5.0,1837.0,29.0,20.0,9.0,9.0,173.0,368.0,0.0,36.0,4.0,102.0,105.0,546.0,,11.0,11.0,9.0,1.0,9.0,1.0,20.0,104.0,0.0,0.0
Sunderland_56,2012-13,18953,Steven Fletcher,Wrexham,Forward,Scotland,338.0,194.0,144.0,28.0,,8.0,184.0,12.0,3.0,,7.0,,,13.0,,,494.0,289.0,205.0,1.2529,9.5474,,9.0988,45.4713,247.0,,,,28.0,,,1.0,,,11.0,36.0,31.0,5.0,156.0,95.0,61.0,5.0,,1.0,3.0,15.0,26.0,10.0,20.0,,10.0,205.0,6.0,8.0,20.0,789.0,,2.0,,,,,,,3.0,,,,36.0,,1.0,153.0,,,,,,,,,15.0,6.0,15.0,26.0,28.0,8.0,28.0,0.0,6.0,,,2.0,2.0,10.0,,77.0,16.0,376.0,129.0,487.0,1.0,5.0,3.0,1.0,1.0,2371.0,61.0,25.0,30.0,45.0,422.0,789.0,0.0,43.0,6.0,82.0,286.0,1119.0,,12.0,12.0,10.0,1.0,18.0,5.0,29.0,281.0,6.0,3.0
Sunderland_56,2012-13,98769,Ji Dong-Won,1. FSV Mainz 05,Forward,South Korea,,,,,,,,,,,,,,,,,,,,,,,,,,,,,,,,,,,,,,,,,,,,,,,,,,,,,,,,,,,,,,,,,,,,,,,,,,,,,,,,,,,,,,,,0.0,,,,,,,,,,,,,,,,,,,,,,,,,0.0,,,,,,,,,,,,,,,,0.0
Sunderland_56,2012-13,114312,Mikael Mandron,Gillingham,Forward,France,2.0,,2.0,2.0,,,3.0,,,,,,,,,,5.0,2.0,3.0,0.0086,0.1118,,0.0749,1.4189,4.0,,,,2.0,,,,,,,2.0,1.0,1.0,3.0,2.0,1.0,1.0,,,,,1.0,,,,,2.0,,,,12.0,,,,,,,,,,,,,2.0,,,3.0,,,,,,,,,,,,1.0,1.0,,,0.0,,2.0,,,,,,1.0,,6.0,3.0,9.0,,1.0,,,,20.0,,1.0,3.0,,5.0,12.0,0.0,1.0,1.0,3.0,3.0,17.0,,,,,,,,,3.0,0.0,1.0
Sunderland_56,2013-14,20487,Vito Mannone,Lille,Goalkeeper,Italy,4.0,,4.0,29.0,,,,,,54.0,11.0,,,,4.0,6.0,6.0,1.0,5.0,0.0986,,,,48.3665,763.0,,,,29.0,287.0,171.0,,308.0,6.0,,38.0,32.0,6.0,2.0,1.0,1.0,,,,,,,,2.0,,,128.0,,,,473.0,,,,,,,,,,15.0,,,334.0,,,100.0,,131.0,24.0,52.0,78.0,26.0,,,,,,,,,28.0,0.0,,1.0,,,,1.0,104.0,,295.0,206.0,322.0,233.0,,,,,,2567.0,,24.0,,1.0,474.0,991.0,0.0,,,,463.0,1388.0,,,,,196.0,,455.0,46.0,8.0,0.0,0.0
Sunderland_56,2013-14,111234,Jordan Pickford,Everton,Goalkeeper,England,,,,,,,,,,,,,,,,,,,,,,,,,,,,,,,,,,,,,,,,,,,,,,,,,,,,,,,,,,,,,,,,,,,,,,,,,,,,,,,,,,,,,,,,0.0,,,,,,,,,,,,,,,,,,,,,,,,,0.0,,,,,,,,,,,,,,,,0.0
Sunderland_56,2013-14,20531,Keiren Westwood,Crewe Alexandra,Goalkeeper,Ireland,2.0,,2.0,10.0,,,,,,9.0,,,,,,2.0,4.0,1.0,3.0,0.0357,,,,18.2761,253.0,,,,10.0,64.0,51.0,,90.0,1.0,,22.0,20.0,2.0,2.0,1.0,1.0,,,,,,,,1.0,,,15.0,,,,123.0,,,,,2.0,,,,2.0,5.0,1.0,1.0,96.0,,,7.0,,29.0,3.0,14.0,13.0,5.0,,,,,,,,,10.0,0.0,1.0,,,,,,30.0,,73.0,64.0,43.0,34.0,,,,,,853.0,1.0,5.0,,1.0,170.0,275.0,0.0,,,1.0,168.0,352.0,,,,,95.0,,168.0,3.0,,0.0,0.0
Sunderland_56,2013-14,37196,Óscar Ustari,Inter Miami CF,Goalkeeper,Argentina,,,,,,,,,,,,,,,,,,,,,,,,,,,,,,,,,,,,,,,,,,,,,,,,,,,,,,,,,,,,,,,,,,,,,,,,,,,,,,,,,,,,,,,,0.0,,,,,,,,,,,,,,,,,,,,,,,,,0.0,,,,,,,,,,,,,,,,0.0
Sunderland_56,2013-14,52828,Valentin Roberge,AEK Larnaca,Defender,France,22.0,13.0,9.0,9.0,,,18.0,,6.0,,1.0,,,1.0,,,64.0,27.0,37.0,0.1575,0.0899,,0.1625,11.4042,134.0,2.0,,,9.0,,,1.0,,,,14.0,12.0,2.0,42.0,14.0,28.0,,,,,,1.0,7.0,2.0,,,59.0,,,1.0,309.0,,,,,,,,,1.0,,4.0,2.0,37.0,,,108.0,,,,,,,,,,,1.0,1.0,1.0,,7.0,0.0,1.0,2.0,,,,1.0,4.0,1.0,22.0,113.0,161.0,252.0,9.0,13.0,,,,668.0,1.0,36.0,8.0,7.0,53.0,319.0,0.0,2.0,22.0,3.0,45.0,419.0,,1.0,1.0,,17.0,,16.0,15.0,29.0,0.0,1.0
Sunderland_56,2013-14,17997,Phil Bardsley,Stockport County,Defender,Scotland,75.0,37.0,38.0,26.0,,0.0,166.0,7.0,21.0,,6.0,1.0,2.0,11.0,,,245.0,105.0,140.0,1.4569,1.4658,,1.8514,45.4755,366.0,10.0,1.0,,26.0,,,,,,2.0,41.0,34.0,7.0,170.0,68.0,102.0,,,1.0,2.0,2.0,1.0,23.0,19.0,,1.0,192.0,5.0,5.0,4.0,853.0,,5.0,2.0,,,,,,1.0,,31.0,6.0,92.0,,1.0,150.0,,,,,,,,,2.0,5.0,16.0,1.0,8.0,5.0,26.0,0.0,4.0,,,9.0,9.0,24.0,15.0,7.0,50.0,391.0,283.0,615.0,8.0,51.0,3.0,39.0,203.0,2248.0,31.0,62.0,24.0,20.0,359.0,874.0,0.0,24.0,59.0,28.0,209.0,1526.0,,54.0,54.0,9.0,57.0,,65.0,40.0,144.0,1.0,9.0
Sunderland_56,2013-14,11958,Andrea Dossena,Leyton Orient,Defender,Italy,6.0,1.0,5.0,7.0,1.0,,24.0,1.0,,,,,,3.0,,,38.0,18.0,20.0,0.5299,0.1655,0.0816,,6.9045,111.0,1.0,,1.0,7.0,,,,,,,10.0,7.0,3.0,32.0,17.0,15.0,,,,,,,11.0,5.0,,,7.0,1.0,,,201.0,,1.0,,,,,,,,,12.0,3.0,20.0,,,64.0,,,,,,,,,,1.0,3.0,,,,6.0,1.0,2.0,1.0,,4.0,4.0,,2.0,3.0,12.0,69.0,68.0,121.0,4.0,9.0,,7.0,39.0,490.0,1.0,7.0,6.0,2.0,105.0,206.0,1.0,3.0,13.0,2.0,73.0,325.0,,19.0,19.0,,9.0,,14.0,23.0,59.0,0.0,1.0
Sunderland_56,2013-14,1841,Wes Brown,Blackburn Rovers U23,Defender,England,81.0,30.0,51.0,25.0,,,58.0,3.0,24.0,,9.0,,,,,,168.0,71.0,97.0,0.635,2.0444,,0.1626,35.2311,435.0,6.0,,,25.0,,,1.0,,,,28.0,23.0,5.0,87.0,41.0,46.0,1.0,,1.0,,3.0,1.0,29.0,5.0,1.0,,128.0,,,,860.0,,,1.0,,,,,,,,23.0,11.0,96.0,,,271.0,,,,,,,,,3.0,,12.0,1.0,1.0,,24.0,3.0,,1.0,,,,6.0,12.0,7.0,96.0,237.0,478.0,619.0,1.0,25.0,,,4.0,2064.0,8.0,129.0,18.0,17.0,194.0,892.0,3.0,13.0,26.0,27.0,177.0,1186.0,,,,2.0,40.0,1.0,47.0,51.0,130.0,0.0,2.0
Sunderland_56,2013-14,51955,Ondrej Celustka,Sparta Prague,Defender,Czech Republic,43.0,19.0,24.0,21.0,,,85.0,1.0,3.0,,4.0,,,8.0,,,128.0,61.0,67.0,0.7221,0.2333,,0.5836,22.7692,255.0,2.0,,,21.0,,,,,,,22.0,20.0,2.0,85.0,42.0,43.0,,,,,,1.0,12.0,3.0,,,189.0,1.0,2.0,,545.0,,1.0,,,,,,,2.0,,23.0,11.0,36.0,,,25.0,,,,,,,,,,1.0,3.0,1.0,3.0,2.0,14.0,0.0,3.0,7.0,,5.0,5.0,4.0,2.0,7.0,16.0,234.0,193.0,406.0,7.0,26.0,,27.0,101.0,1332.0,22.0,48.0,12.0,7.0,241.0,554.0,0.0,6.0,33.0,14.0,132.0,916.0,,43.0,43.0,10.0,23.0,,26.0,34.0,106.0,0.0,1.0
Sunderland_56,2013-14,3736,John O'Shea,Reading,Defender,Ireland,121.0,48.0,73.0,33.0,,0.0,117.0,1.0,21.0,,10.0,,,1.0,,,208.0,81.0,127.0,0.7857,1.2297,,0.0871,52.2493,528.0,5.0,,,33.0,,,,,,1.0,47.0,42.0,5.0,87.0,33.0,54.0,1.0,,,1.0,,,51.0,5.0,1.0,,391.0,1.0,,,1239.0,,,1.0,1.0,,,,,1.0,,13.0,5.0,132.0,,1.0,232.0,,,,,,,,,,1.0,5.0,,1.0,,33.0,1.0,2.0,,,,,2.0,15.0,,108.0,324.0,740.0,956.0,8.0,34.0,,,4.0,2922.0,1.0,170.0,21.0,12.0,225.0,1268.0,1.0,6.0,42.0,26.0,204.0,1625.0,,3.0,3.0,,49.0,1.0,62.0,68.0,142.0,0.0,2.0
Sunderland_56,2013-14,39453,Modibo Diakité,Sunderland,Defender,France,37.0,14.0,23.0,7.0,,,15.0,1.0,6.0,,1.0,,,3.0,,,72.0,26.0,46.0,0.0085,0.472,,,13.9839,118.0,3.0,,,7.0,,,,,,,13.0,11.0,2.0,35.0,12.0,23.0,,,1.0,,1.0,,10.0,,,,79.0,,,1.0,266.0,,,,,,,,,1.0,,3.0,1.0,25.0,,,59.0,,,,,,,,,1.0,,2.0,,,,7.0,0.0,,,,,,2.0,,,11.0,41.0,181.0,211.0,1.0,12.0,,1.0,,630.0,1.0,42.0,9.0,10.0,54.0,271.0,0.0,2.0,13.0,3.0,49.0,364.0,,,,1.0,11.0,,10.0,19.0,39.0,0.0,0.0
Sunderland_56,2013-14,17468,Carlos Cuellar,Norwich City,Defender,Spain,10.0,3.0,7.0,4.0,,,16.0,,7.0,,,,,,,,27.0,7.0,20.0,0.0217,,,,8.7811,42.0,,,,4.0,,,,,,,7.0,7.0,,17.0,4.0,13.0,1.0,,,,,,3.0,1.0,,,21.0,,,,92.0,,,1.0,,,,,,,,4.0,3.0,7.0,,,18.0,,,,,,,,,,,,,,,4.0,0.0,1.0,,,,,1.0,5.0,,6.0,13.0,58.0,65.0,1.0,8.0,,1.0,2.0,342.0,,36.0,2.0,3.0,29.0,97.0,0.0,,9.0,2.0,26.0,168.0,,1.0,1.0,,9.0,,12.0,6.0,14.0,0.0,0.0
Sunderland_56,2013-14,88372,Santiago Vergini,Sunderland,Defender,Argentina,27.0,15.0,12.0,11.0,,,76.0,,4.0,,3.0,,,1.0,,,103.0,52.0,51.0,0.2204,0.3659,,,22.6148,177.0,5.0,,,11.0,,,,,,,21.0,19.0,2.0,76.0,37.0,39.0,1.0,,,,,,15.0,2.0,,,155.0,,,,433.0,,,,,,,,,,,18.0,11.0,54.0,,,35.0,,,,,,,,,,,4.0,,,,10.0,0.0,,1.0,,,,9.0,,2.0,14.0,135.0,212.0,333.0,6.0,21.0,,10.0,53.0,978.0,12.0,40.0,13.0,3.0,127.0,443.0,0.0,4.0,27.0,5.0,96.0,652.0,,4.0,4.0,5.0,22.0,,31.0,26.0,65.0,0.0,2.0
Sunderland_56,2013-14,82263,Marcos Alonso,Celta de Vigo,Defender,Spain,48.0,19.0,29.0,16.0,,,84.0,8.0,2.0,,6.0,,,14.0,,,206.0,86.0,120.0,1.0602,1.0809,,1.0012,31.8054,299.0,9.0,,,16.0,,,1.0,,,,22.0,19.0,3.0,158.0,67.0,91.0,1.0,,,,1.0,2.0,39.0,17.0,,,26.0,7.0,5.0,1.0,594.0,,2.0,,,,,,,,,49.0,26.0,109.0,1.0,,210.0,,,,,,,,,1.0,7.0,10.0,2.0,7.0,5.0,16.0,0.0,,,,13.0,13.0,16.0,14.0,3.0,36.0,246.0,212.0,409.0,9.0,44.0,,32.0,116.0,1439.0,25.0,67.0,21.0,25.0,286.0,619.0,1.0,17.0,53.0,20.0,174.0,1145.0,,34.0,34.0,11.0,72.0,,50.0,52.0,124.0,0.0,4.0
Sunderland_56,2013-14,88601,Charalampos Mavrias,Panathinaikos,Midfielder,Greece,8.0,6.0,2.0,4.0,,,15.0,,,,,,5.0,3.0,,,20.0,12.0,8.0,0.2256,,,,5.6197,19.0,,,,4.0,,,,,,,7.0,6.0,1.0,12.0,6.0,6.0,,,,,,,2.0,2.0,,,1.0,,,,49.0,,,,,,,,,1.0,,5.0,4.0,8.0,,,14.0,,,,,,,,,,,,,,,1.0,0.0,1.0,3.0,1.0,1.0,,1.0,,1.0,,31.0,8.0,38.0,1.0,3.0,,,,150.0,4.0,1.0,,1.0,25.0,49.0,0.0,,4.0,2.0,11.0,78.0,4.0,9.0,5.0,1.0,,1.0,2.0,1.0,9.0,0.0,0.0
Sunderland_56,2013-14,55641,Emanuele Giaccherini,Napoli,Midfielder,Italy,13.0,11.0,2.0,24.0,2.0,2.0,119.0,14.0,,,2.0,,19.0,21.0,,,187.0,113.0,74.0,1.9809,3.3716,0.2184,2.7782,23.5762,133.0,2.0,,2.0,24.0,,,4.0,,,4.0,21.0,17.0,4.0,174.0,102.0,72.0,,1.0,1.0,2.0,7.0,1.0,3.0,25.0,,2.0,104.0,7.0,3.0,10.0,477.0,,6.0,,,,,,,,,29.0,15.0,72.0,,1.0,136.0,,,,,,,,,7.0,7.0,14.0,1.0,8.0,3.0,16.0,0.0,9.0,8.0,2.0,10.0,8.0,25.0,2.0,36.0,19.0,298.0,116.0,385.0,5.0,18.0,5.0,1.0,4.0,1355.0,70.0,4.0,10.0,24.0,270.0,492.0,0.0,22.0,23.0,56.0,88.0,831.0,11.0,65.0,53.0,32.0,10.0,2.0,16.0,20.0,72.0,0.0,4.0
Sunderland_56,2013-14,49836,Liam Bridcutt,Blackpool,Midfielder,Scotland,18.0,12.0,6.0,12.0,,,53.0,,4.0,,2.0,,1.0,,,,93.0,43.0,50.0,0.2509,0.093,,,22.7646,161.0,11.0,,,12.0,,,,,,,20.0,17.0,3.0,75.0,31.0,44.0,,,,,,,11.0,8.0,,,130.0,,,,482.0,,,,,,,,,,,13.0,4.0,44.0,,,148.0,,,,,,,,,,,3.0,,,,9.0,0.0,1.0,3.0,,1.0,1.0,5.0,2.0,9.0,23.0,238.0,173.0,387.0,8.0,21.0,,,,847.0,6.0,12.0,13.0,11.0,99.0,492.0,0.0,3.0,29.0,1.0,82.0,594.0,,4.0,4.0,1.0,16.0,,16.0,23.0,66.0,0.0,4.0
Sunderland_56,2013-14,76542,Ki Sung-Yueng,Seoul,Midfielder,South Korea,28.0,11.0,17.0,28.0,1.0,3.0,217.0,10.0,5.0,,8.0,,11.0,7.0,,,190.0,82.0,108.0,0.0175,,,,0.9514,253.0,6.0,1.0,,28.0,,,1.0,,,3.0,42.0,37.0,5.0,162.0,71.0,91.0,,1.0,,0.0,,,21.0,27.0,,,315.0,,,2.0,1188.0,,,,,,,1.0,1.0,,,16.0,7.0,125.0,,2.0,430.0,,,,,,,1.0,,,,16.0,,14.0,,25.0,0.0,5.0,3.0,1.0,4.0,3.0,23.0,2.0,55.0,102.0,602.0,505.0,1001.0,6.0,36.0,3.0,,3.0,2198.0,37.0,22.0,17.0,27.0,194.0,1215.0,0.0,30.0,42.0,40.0,112.0,1504.0,8.0,25.0,15.0,3.0,6.0,2.0,13.0,32.0,99.0,0.0,3.0
Sunderland_56,2013-14,28448,Lee Cattermole,Sunderland,Midfielder,England,42.0,19.0,23.0,24.0,,1.0,93.0,6.0,14.0,,5.0,,,3.0,,,222.0,108.0,114.0,1.0206,0.8447,,0.9593,30.8461,272.0,10.0,,,24.0,,,,,,1.0,28.0,24.0,4.0,180.0,89.0,91.0,1.0,,1.0,0.0,2.0,1.0,40.0,12.0,,,243.0,4.0,1.0,,826.0,,1.0,,,,,,,1.0,,24.0,11.0,122.0,,1.0,246.0,,,,,,,,,2.0,4.0,4.0,1.0,3.0,1.0,21.0,1.0,8.0,3.0,,1.0,1.0,6.0,4.0,27.0,99.0,372.0,335.0,607.0,12.0,51.0,3.0,,3.0,1757.0,21.0,31.0,33.0,23.0,200.0,854.0,1.0,7.0,63.0,10.0,148.0,1126.0,,5.0,5.0,1.0,10.0,1.0,32.0,34.0,116.0,0.0,6.0
Sunderland_56,2013-14,19057,Sebastian Larsson,Hull City,Midfielder,Sweden,31.0,18.0,13.0,31.0,9.0,1.0,211.0,13.0,7.0,,6.0,,84.0,19.0,,,202.0,110.0,92.0,2.5859,1.9379,0.5779,1.1993,36.5013,285.0,11.0,,9.0,31.0,,,3.0,,,1.0,31.0,27.0,4.0,171.0,92.0,79.0,,,1.0,0.0,3.0,2.0,27.0,46.0,,,291.0,10.0,3.0,1.0,972.0,,1.0,,,,,,,2.0,,34.0,18.0,116.0,,1.0,253.0,,,,,,,,,3.0,10.0,14.0,2.0,6.0,3.0,24.0,0.0,10.0,7.0,22.0,38.0,12.0,3.0,9.0,56.0,67.0,543.0,341.0,779.0,17.0,42.0,4.0,2.0,13.0,2217.0,22.0,18.0,37.0,17.0,337.0,1040.0,0.0,20.0,59.0,22.0,194.0,1441.0,44.0,96.0,33.0,2.0,20.0,3.0,56.0,25.0,138.0,1.0,6.0
Sunderland_56,2013-14,28468,Craig Gardner,Birmingham City,Midfielder,England,24.0,17.0,7.0,18.0,4.0,0.0,41.0,7.0,6.0,,,,,6.0,,,104.0,55.0,49.0,0.5479,2.4296,0.236,3.0527,16.1411,100.0,3.0,,4.0,18.0,,,2.0,,,2.0,18.0,15.0,3.0,80.0,38.0,42.0,1.0,,,2.0,,1.0,5.0,8.0,,,69.0,7.0,3.0,1.0,273.0,,,,1.0,,,1.0,1.0,1.0,,14.0,10.0,38.0,,2.0,70.0,,,,,,,,,,7.0,10.0,1.0,6.0,3.0,7.0,0.0,4.0,11.0,,2.0,1.0,2.0,2.0,12.0,18.0,123.0,82.0,185.0,10.0,23.0,2.0,4.0,7.0,765.0,13.0,10.0,12.0,7.0,118.0,280.0,0.0,16.0,33.0,14.0,77.0,430.0,,13.0,12.0,5.0,13.0,,13.0,16.0,64.0,0.0,5.0
Sunderland_56,2013-14,19959,Adam Johnson,Sunderland,Midfielder,England,21.0,13.0,8.0,36.0,6.0,4.0,182.0,12.0,,,,,57.0,21.0,,,220.0,121.0,99.0,5.6362,5.2515,0.368,6.7665,50.9905,234.0,3.0,1.0,6.0,36.0,,,5.0,,,8.0,46.0,41.0,5.0,199.0,108.0,91.0,2.0,,1.0,4.0,4.0,2.0,18.0,58.0,,4.0,227.0,8.0,7.0,5.0,754.0,,14.0,,,,,1.0,1.0,1.0,,31.0,21.0,120.0,,4.0,136.0,,,,,,,,1.0,4.0,8.0,27.0,2.0,17.0,7.0,28.0,0.0,15.0,8.0,15.0,45.0,22.0,42.0,8.0,20.0,66.0,458.0,192.0,539.0,3.0,15.0,11.0,,16.0,2445.0,81.0,13.0,16.0,31.0,448.0,779.0,0.0,44.0,18.0,82.0,174.0,1336.0,36.0,131.0,80.0,39.0,22.0,2.0,40.0,33.0,134.0,1.0,2.0
Sunderland_56,2013-14,43570,Cabral,Zürich,Midfielder,Cape Verde,2.0,1.0,1.0,1.0,,,7.0,1.0,1.0,,,,,,,,16.0,9.0,7.0,0.0125,0.1865,,,0.2864,12.0,5.0,,,1.0,,,,,,,1.0,1.0,,14.0,8.0,6.0,,,,,,,1.0,,,,23.0,1.0,,,60.0,,,,,,,,,,,1.0,,9.0,,,19.0,,,,,,,,,,1.0,4.0,,,,1.0,0.0,,,,,,1.0,,3.0,4.0,24.0,29.0,49.0,2.0,2.0,,,,90.0,1.0,,5.0,1.0,9.0,61.0,0.0,4.0,4.0,2.0,8.0,76.0,,,,1.0,1.0,,2.0,2.0,6.0,0.0,0.0
Sunderland_56,2013-14,58771,Jack Colback,Queens Park Rangers,Midfielder,England,51.0,27.0,24.0,33.0,,2.0,222.0,3.0,5.0,,5.0,,,11.0,,,280.0,134.0,146.0,1.2312,1.785,,3.1332,47.1727,283.0,8.0,,,33.0,,,2.0,,,3.0,41.0,38.0,3.0,229.0,107.0,122.0,,,,1.0,2.0,3.0,39.0,18.0,,2.0,185.0,1.0,1.0,1.0,944.0,,5.0,,,,,,,2.0,,37.0,29.0,145.0,,1.0,279.0,,,,,,,,,2.0,1.0,7.0,3.0,7.0,1.0,28.0,0.0,7.0,5.0,,5.0,5.0,13.0,5.0,26.0,40.0,487.0,383.0,825.0,13.0,42.0,,15.0,73.0,2425.0,39.0,40.0,45.0,56.0,215.0,969.0,0.0,14.0,55.0,30.0,104.0,1432.0,,28.0,28.0,13.0,15.0,1.0,23.0,32.0,81.0,1.0,6.0
Sunderland_56,2013-14,7631,David Vaughan,Notts County,Midfielder,Wales,4.0,4.0,,3.0,,,10.0,,1.0,,,,,,,,27.0,16.0,11.0,0.0176,0.0253,,,5.6807,18.0,1.0,,,3.0,,,,,,,5.0,4.0,1.0,23.0,12.0,11.0,,,,,,,1.0,,,,17.0,,,,69.0,,,,,,,,,1.0,,5.0,4.0,9.0,,,26.0,,,,,,,,,,,1.0,,,,2.0,0.0,1.0,1.0,,,,1.0,,,2.0,30.0,29.0,57.0,2.0,8.0,,,,171.0,5.0,4.0,2.0,,18.0,71.0,0.0,1.0,10.0,,12.0,100.0,,1.0,1.0,2.0,,1.0,2.0,2.0,10.0,0.0,0.0
Sunderland_56,2013-14,112467,El Ba,Apollon Limassol,Midfielder,Mauritania,2.0,1.0,1.0,1.0,,,,,,,,,,,,,6.0,3.0,3.0,0.0885,,,,0.0747,4.0,1.0,,,1.0,,,,,,,,,,4.0,2.0,2.0,,,,,,,,1.0,,,1.0,,,,10.0,,,,,,,,,,,,,,,,6.0,,,,,,,,,,,,,,,,0.0,,1.0,,,,,,,,8.0,2.0,10.0,,2.0,,,,19.0,,,1.0,,2.0,11.0,0.0,,2.0,,1.0,15.0,,,,,,,,1.0,1.0,0.0,0.0
Sunderland_56,2013-14,114311,Liam Agnew,Harrogate Town,Midfielder,England,,,,,,,,,,,,,,,,,,,,,,,,,,,,,,,,,,,,,,,,,,,,,,,,,,,,,,,,,,,,,,,,,,,,,,,,,,,,,,,,,,,,,,,,0.0,,,,,,,,,,,,,,,,,,,,,,,,,0.0,,,,,,,,,,,,,,,,0.0
Sunderland_56,2013-14,59125,Connor Wickham,Charlton Athletic,Forward,England,71.0,45.0,26.0,15.0,,3.0,59.0,10.0,1.0,,1.0,,,8.0,,,163.0,98.0,65.0,0.3345,2.6815,,3.721,12.7644,72.0,5.0,1.0,,15.0,,,1.0,,,5.0,15.0,13.0,2.0,92.0,53.0,39.0,1.0,2.0,,2.0,7.0,2.0,8.0,4.0,,,43.0,3.0,2.0,4.0,229.0,,,,,,,,,1.0,,8.0,2.0,29.0,,3.0,64.0,,,,,,,,,7.0,3.0,7.0,2.0,9.0,2.0,10.0,0.0,4.0,5.0,,1.0,1.0,10.0,,20.0,10.0,124.0,40.0,153.0,,7.0,1.0,8.0,2.0,848.0,35.0,8.0,16.0,22.0,159.0,238.0,0.0,16.0,7.0,27.0,75.0,417.0,,18.0,18.0,6.0,,3.0,3.0,10.0,72.0,1.0,1.0
Sunderland_56,2013-14,41574,Jozy Altidore,Sunderland,Forward,United States,199.0,126.0,73.0,31.0,,0.0,116.0,10.0,2.0,,1.0,,,13.0,,,368.0,228.0,140.0,1.135,3.4514,,3.1983,36.842,115.0,7.0,2.0,,31.0,,,1.0,,,1.0,33.0,28.0,5.0,169.0,102.0,67.0,4.0,,,1.0,6.0,6.0,6.0,23.0,,1.0,111.0,4.0,5.0,12.0,478.0,,2.0,,,,,,,,,21.0,9.0,38.0,,,146.0,,,,,,,,,6.0,4.0,7.0,6.0,12.0,5.0,19.0,0.0,6.0,12.0,,4.0,4.0,10.0,,43.0,16.0,249.0,83.0,312.0,5.0,11.0,,,,1776.0,58.0,20.0,52.0,42.0,272.0,488.0,0.0,19.0,16.0,52.0,160.0,753.0,,7.0,7.0,19.0,,16.0,4.0,16.0,156.0,0.0,3.0
Sunderland_56,2013-14,15398,Danny Graham,Sunderland,Forward,England,53.0,32.0,21.0,18.0,,1.0,98.0,5.0,1.0,,1.0,,,6.0,,,93.0,61.0,32.0,0.3756,2.3691,,1.7719,13.8644,53.0,,,,18.0,,,1.0,,,1.0,16.0,13.0,3.0,40.0,29.0,11.0,1.0,,,0.0,3.0,6.0,1.0,8.0,,1.0,53.0,2.0,,5.0,253.0,,3.0,,,,,,,,,4.0,2.0,22.0,,,65.0,,,,,,,,,3.0,2.0,4.0,6.0,7.0,,12.0,0.0,8.0,6.0,,,,3.0,,32.0,4.0,127.0,77.0,200.0,,1.0,,2.0,1.0,1003.0,20.0,4.0,7.0,9.0,119.0,269.0,0.0,11.0,1.0,38.0,65.0,374.0,,7.0,7.0,3.0,1.0,4.0,2.0,10.0,63.0,0.0,1.0
Sunderland_56,2013-14,106300,David Moberg Karlsson,Urawa Red Diamonds,Midfielder,Sweden,,,,,,,,,,,,,,,,,,,,,,,,,,,,,,,,,,,,,,,,,,,,,,,,,,,,,,,,,,,,,,,,,,,,,,,,,,,,,,,,,,,,,,,,0.0,,,,,,,,,,,,,,,,,,,,,,,,,0.0,,,,,,,,,,,,,,,,0.0
Sunderland_56,2013-14,18953,Steven Fletcher,Wrexham,Forward,Scotland,149.0,90.0,59.0,20.0,1.0,2.0,45.0,7.0,1.0,,1.0,,,8.0,,,211.0,125.0,86.0,0.2859,4.6222,0.1021,3.0362,19.7549,105.0,1.0,,1.0,20.0,,,,,,3.0,20.0,18.0,2.0,62.0,35.0,27.0,2.0,2.0,,1.0,3.0,4.0,4.0,6.0,,1.0,108.0,4.0,2.0,19.0,286.0,,2.0,1.0,,,,,,2.0,,20.0,7.0,19.0,,,51.0,,,,,,,,,3.0,4.0,16.0,4.0,9.0,2.0,13.0,0.0,7.0,7.0,,,,2.0,,31.0,8.0,158.0,38.0,188.0,3.0,3.0,1.0,1.0,,1223.0,27.0,15.0,12.0,20.0,183.0,309.0,0.0,25.0,6.0,49.0,113.0,477.0,,5.0,5.0,4.0,1.0,8.0,1.0,18.0,112.0,0.0,1.0
Sunderland_56,2013-14,52856,Ignacio Scocco,Sunderland,Forward,Argentina,1.0,1.0,,6.0,,,4.0,,,,,,,,,,16.0,12.0,4.0,0.0539,0.1227,,,5.4387,7.0,2.0,,,6.0,,,,,,,4.0,3.0,1.0,15.0,11.0,4.0,,,,,,,,,,,2.0,,,,14.0,,1.0,,,,,,,,,2.0,,4.0,,,1.0,,,,,,,1.0,,,,3.0,,,,,0.0,,6.0,,,,1.0,,1.0,,7.0,,7.0,1.0,1.0,1.0,,,93.0,5.0,,4.0,1.0,15.0,14.0,0.0,3.0,2.0,3.0,7.0,29.0,,,,2.0,,1.0,,1.0,7.0,0.0,0.0
Sunderland_56,2013-14,77454,Fabio Borini,Salford City,Forward,Italy,70.0,45.0,25.0,32.0,2.0,2.0,170.0,17.0,3.0,,7.0,2.0,9.0,24.0,,,329.0,193.0,136.0,1.3137,6.9862,0.1105,8.8525,40.4375,132.0,11.0,,2.0,32.0,,,2.0,,,7.0,33.0,28.0,5.0,259.0,148.0,111.0,3.0,1.0,3.0,5.0,6.0,10.0,28.0,24.0,,,68.0,11.0,8.0,7.0,563.0,,6.0,,,,,3.0,3.0,1.0,,32.0,19.0,96.0,,6.0,222.0,,,,,,,,,6.0,11.0,25.0,10.0,25.0,8.0,25.0,0.0,9.0,7.0,,5.0,5.0,28.0,5.0,39.0,31.0,294.0,164.0,422.0,4.0,22.0,5.0,,2.0,2143.0,85.0,36.0,38.0,59.0,301.0,592.0,0.0,50.0,26.0,77.0,139.0,1060.0,2.0,25.0,23.0,35.0,17.0,6.0,23.0,29.0,116.0,3.0,6.0
Sunderland_56,2014-15,20487,Vito Mannone,Lille,Goalkeeper,Italy,7.0,1.0,6.0,10.0,,,,,,13.0,2.0,,,,2.0,1.0,9.0,1.0,8.0,0.0267,,,,17.4133,260.0,,,,10.0,83.0,39.0,,82.0,6.0,,20.0,18.0,2.0,2.0,,2.0,,,,,,,2.0,1.0,1.0,,41.0,,,,200.0,,,,,2.0,,,,2.0,6.0,,,109.0,,,49.0,,35.0,1.0,17.0,18.0,8.0,,,,,,,,,10.0,0.0,,,,,,,40.0,,98.0,75.0,147.0,124.0,,1.0,,,,900.0,,12.0,,3.0,133.0,350.0,0.0,,1.0,,128.0,468.0,,,,,70.0,,125.0,18.0,3.0,0.0,0.0
Sunderland_56,2014-15,56827,Costel Pantilimon,Nottingham Forest,Goalkeeper,Romania,10.0,1.0,9.0,28.0,,,,,,64.0,11.0,,,1.0,2.0,4.0,26.0,3.0,23.0,0.0736,,,,37.4801,766.0,,,,28.0,262.0,136.0,,293.0,4.0,,33.0,29.0,4.0,16.0,2.0,14.0,,,,,,,,,,,50.0,,,,332.0,,,,,2.0,,,,2.0,11.0,,,319.0,,,46.0,,109.0,15.0,62.0,45.0,21.0,,,,,,,,,28.0,0.0,,,,,,,110.0,,301.0,228.0,180.0,107.0,1.0,3.0,,,,2520.0,,28.0,,11.0,461.0,862.0,0.0,,4.0,,454.0,1202.0,,,,,226.0,,451.0,84.0,3.0,0.0,2.0
Sunderland_56,2014-15,111234,Jordan Pickford,Everton,Goalkeeper,England,,,,,,,,,,,,,,,,,,,,,,,,,,,,,,,,,,,,,,,,,,,,,,,,,,,,,,,,,,,,,,,,,,,,,,,,,,,,,,,,,,,,,,,,0.0,,,,,,,,,,,,,,,,,,,,,,,,,0.0,,,,,,,,,,,,,,,,0.0
Sunderland_56,2014-15,88372,Santiago Vergini,Sunderland,Defender,Argentina,68.0,29.0,39.0,31.0,,,223.0,1.0,16.0,,8.0,,1.0,8.0,,,269.0,116.0,153.0,0.5141,1.092,,0.9034,37.0598,486.0,5.0,,,31.0,,3.0,,3.0,,,40.0,35.0,5.0,201.0,87.0,114.0,1.0,,1.0,,1.0,5.0,53.0,5.0,1.0,,349.0,,,1.0,1110.0,,5.0,1.0,,,,,,1.0,,46.0,16.0,172.0,,,84.0,,,,,,,,,1.0,,7.0,5.0,5.0,,28.0,0.0,6.0,3.0,,4.0,4.0,42.0,17.0,4.0,58.0,399.0,488.0,825.0,21.0,42.0,2.0,21.0,156.0,2623.0,36.0,110.0,17.0,9.0,370.0,1142.0,0.0,12.0,63.0,36.0,259.0,1780.0,,26.0,26.0,16.0,57.0,1.0,106.0,73.0,153.0,0.0,6.0
Sunderland_56,2014-15,52828,Valentin Roberge,AEK Larnaca,Defender,France,2.0,2.0,,1.0,,,2.0,,,,,,,1.0,,,8.0,4.0,4.0,0.003,0.1193,,,2.4051,17.0,,,,1.0,,,,,,,2.0,2.0,,6.0,2.0,4.0,,,,,,,1.0,,,,5.0,,,,32.0,,,,1.0,,,,,1.0,,1.0,,5.0,,,9.0,,,,,,,,,,,1.0,,,,1.0,0.0,,,,,,,,,3.0,10.0,17.0,24.0,1.0,3.0,,,,90.0,,4.0,2.0,,7.0,33.0,0.0,1.0,4.0,1.0,6.0,46.0,,1.0,1.0,,1.0,,2.0,4.0,4.0,0.0,1.0
Sunderland_56,2014-15,11467,Billy Jones,Crewe Alexandra,Defender,England,57.0,25.0,32.0,14.0,,,55.0,1.0,11.0,,5.0,,,8.0,,,164.0,76.0,88.0,1.1497,0.5552,,1.0542,19.8876,162.0,5.0,1.0,,14.0,,,,,,,18.0,14.0,4.0,107.0,51.0,56.0,,,1.0,,1.0,2.0,16.0,6.0,,,79.0,,,4.0,343.0,,2.0,,,,,,,1.0,,32.0,18.0,52.0,,,54.0,,,,,,,,,1.0,,1.0,2.0,2.0,,14.0,0.0,2.0,,,3.0,3.0,6.0,5.0,2.0,15.0,140.0,116.0,238.0,13.0,25.0,,38.0,103.0,1255.0,23.0,40.0,20.0,14.0,194.0,350.0,0.0,3.0,38.0,24.0,97.0,724.0,,26.0,26.0,8.0,20.0,,36.0,32.0,61.0,0.0,7.0
Sunderland_56,2014-15,74230,Patrick van Aanholt,Galatasaray,Defender,Netherlands,32.0,21.0,11.0,28.0,1.0,,175.0,6.0,16.0,,7.0,1.0,,13.0,,,269.0,130.0,139.0,3.1296,1.3837,0.0596,1.341,40.4896,372.0,15.0,,1.0,28.0,,,5.0,,,,39.0,36.0,3.0,237.0,109.0,128.0,,,2.0,,1.0,2.0,67.0,30.0,,,39.0,5.0,3.0,2.0,918.0,,7.0,1.0,,,,,,3.0,,48.0,24.0,173.0,,,347.0,,,,,,,,,1.0,5.0,19.0,2.0,5.0,3.0,26.0,0.0,1.0,2.0,,12.0,12.0,36.0,13.0,7.0,40.0,366.0,406.0,720.0,20.0,56.0,,54.0,184.0,2306.0,52.0,83.0,21.0,16.0,361.0,933.0,0.0,24.0,76.0,40.0,173.0,1708.0,,42.0,42.0,23.0,39.0,,53.0,52.0,120.0,0.0,4.0
Sunderland_56,2014-15,1841,Wes Brown,Blackburn Rovers U23,Defender,England,73.0,27.0,46.0,25.0,,,58.0,,25.0,,8.0,,,3.0,,,161.0,63.0,98.0,0.3044,0.2472,,,29.8629,363.0,10.0,,,25.0,,,,,,,25.0,22.0,3.0,88.0,36.0,52.0,,,,,,1.0,29.0,5.0,,,181.0,,,1.0,818.0,,1.0,1.0,1.0,,,,,2.0,,22.0,12.0,92.0,,,246.0,,,,,,,,,,,3.0,1.0,1.0,,23.0,1.0,3.0,2.0,,1.0,1.0,5.0,11.0,3.0,73.0,219.0,456.0,601.0,14.0,24.0,,2.0,8.0,1993.0,5.0,130.0,16.0,9.0,192.0,848.0,1.0,4.0,38.0,19.0,174.0,1146.0,,1.0,1.0,,31.0,3.0,70.0,65.0,104.0,0.0,5.0
Sunderland_56,2014-15,6734,Anthony Réveillere,Sunderland,Defender,France,39.0,20.0,19.0,16.0,,,72.0,,2.0,,5.0,,,3.0,,,130.0,64.0,66.0,0.676,0.1091,,0.033,18.8904,250.0,2.0,,,16.0,,,1.0,,,,18.0,17.0,1.0,91.0,44.0,47.0,,,,,,,35.0,9.0,,,88.0,,1.0,,542.0,,1.0,,,,,,,2.0,,27.0,9.0,73.0,,,142.0,,,,,,,,,,,3.0,,1.0,1.0,15.0,0.0,1.0,1.0,,3.0,3.0,8.0,4.0,2.0,20.0,241.0,193.0,411.0,5.0,27.0,1.0,26.0,142.0,1327.0,23.0,45.0,8.0,7.0,191.0,552.0,0.0,4.0,32.0,11.0,121.0,937.0,,13.0,13.0,12.0,18.0,,29.0,35.0,92.0,0.0,0.0
Sunderland_56,2014-15,3736,John O'Shea,Reading,Defender,Ireland,125.0,48.0,77.0,37.0,,,100.0,5.0,23.0,,12.0,1.0,,7.0,,,241.0,91.0,150.0,1.0337,0.7454,,,54.0512,549.0,12.0,,,37.0,,,,,,,53.0,47.0,6.0,116.0,43.0,73.0,,,,,5.0,,73.0,6.0,,,400.0,,,1.0,1298.0,,1.0,1.0,1.0,,,,,4.0,,27.0,13.0,165.0,,,299.0,,,,,,,,,5.0,,2.0,,,,37.0,0.0,1.0,,,,,10.0,10.0,1.0,80.0,322.0,771.0,1013.0,14.0,35.0,,,9.0,3271.0,3.0,182.0,28.0,16.0,273.0,1348.0,0.0,2.0,49.0,31.0,255.0,1767.0,,3.0,3.0,,47.0,,89.0,84.0,166.0,0.0,4.0
Sunderland_56,2014-15,78108,Sebastián Coates,Sporting CP,Defender,Uruguay,27.0,7.0,20.0,10.0,,,10.0,4.0,10.0,,4.0,,,3.0,,,91.0,32.0,59.0,0.0626,0.7059,,,14.5012,146.0,6.0,,,10.0,,,,,,,12.0,10.0,2.0,64.0,25.0,39.0,,,,,4.0,,33.0,2.0,,,51.0,,,,237.0,,,,,,,,,1.0,,12.0,7.0,53.0,,,33.0,,,,,,,,,4.0,,3.0,,,,9.0,0.0,,1.0,,,,5.0,4.0,,18.0,58.0,109.0,149.0,8.0,19.0,,,1.0,822.0,2.0,50.0,9.0,7.0,80.0,240.0,0.0,3.0,27.0,12.0,73.0,406.0,,,,2.0,28.0,,45.0,20.0,28.0,0.0,1.0
Sunderland_56,2014-15,154558,Thomas Robson,Sunderland PL2,Defender,England,,,,,,,,,,,,,,,,,,,,,,,,,,,,,,,,,,,,,,,,,,,,,,,,,,,,,,,,,,,,,,,,,,,,,,,,,,,,,,,,,,,,,,,,0.0,,,,,,,,,,,,,,,,,,,,,,,,,0.0,,,,,,,,,,,,,,,,0.0
Sunderland_56,2014-15,50023,Jordi Gómez,Omonia Nicosia,Midfielder,Spain,40.0,22.0,18.0,29.0,2.0,1.0,231.0,11.0,5.0,,6.0,,22.0,16.0,,,259.0,131.0,128.0,1.693,3.7395,0.1195,4.4981,28.7658,348.0,27.0,,2.0,29.0,,,2.0,,,4.0,24.0,21.0,3.0,219.0,109.0,110.0,2.0,,1.0,3.0,2.0,2.0,43.0,21.0,,4.0,170.0,9.0,4.0,2.0,974.0,,3.0,,,,,3.0,3.0,2.0,,53.0,31.0,166.0,,,242.0,,,,,,,2.0,,2.0,9.0,10.0,2.0,10.0,4.0,22.0,0.0,8.0,7.0,3.0,12.0,8.0,12.0,2.0,32.0,25.0,504.0,309.0,776.0,10.0,38.0,,,2.0,1941.0,42.0,34.0,35.0,51.0,320.0,991.0,0.0,20.0,48.0,21.0,190.0,1418.0,15.0,49.0,26.0,15.0,23.0,1.0,43.0,48.0,147.0,2.0,7.0
Sunderland_56,2014-15,88601,Charalampos Mavrias,Panathinaikos,Midfielder,Greece,,,,,,,,,,,,,,,,,,,,,,,,,,,,,,,,,,,,,,,,,,,,,,,,,,,,,,,,,,,,,,,,,,,,,,,,,,,,,,,,,,,,,,,,0.0,,,,,,,,,,,,,,,,,,,,,,,,,0.0,,,,,,,,,,,,,,,,0.0
Sunderland_56,2014-15,55641,Emanuele Giaccherini,Napoli,Midfielder,Italy,4.0,2.0,2.0,8.0,,,58.0,2.0,,,,,,4.0,,,45.0,27.0,18.0,0.1728,0.3936,,0.8147,6.7957,23.0,3.0,,,8.0,,,,,,,5.0,5.0,,41.0,25.0,16.0,,,,,2.0,1.0,4.0,10.0,,,32.0,,3.0,,166.0,,2.0,,,,,,,,,11.0,6.0,22.0,,,54.0,,,,,,,,,2.0,,2.0,1.0,4.0,3.0,2.0,0.0,2.0,6.0,,,,5.0,1.0,17.0,5.0,96.0,53.0,144.0,1.0,2.0,,,3.0,304.0,14.0,3.0,4.0,8.0,49.0,167.0,0.0,6.0,3.0,13.0,18.0,242.0,,5.0,5.0,9.0,1.0,,2.0,5.0,16.0,0.0,2.0
Sunderland_56,2014-15,86444,Ricardo Álvarez,Sunderland,Midfielder,Argentina,13.0,11.0,2.0,13.0,,,56.0,6.0,,,,,7.0,8.0,,,109.0,62.0,47.0,0.4805,0.3972,,0.1353,11.5636,32.0,1.0,,,13.0,,,,,,,11.0,10.0,1.0,96.0,51.0,45.0,,,,,2.0,,5.0,7.0,,,73.0,4.0,2.0,3.0,191.0,,3.0,,,,,,,,,10.0,6.0,29.0,,,32.0,,,,,,,,,2.0,4.0,2.0,,2.0,2.0,5.0,0.0,5.0,8.0,1.0,2.0,1.0,29.0,,8.0,7.0,127.0,46.0,164.0,2.0,9.0,1.0,,6.0,494.0,35.0,2.0,5.0,5.0,93.0,193.0,0.0,4.0,11.0,20.0,22.0,344.0,5.0,25.0,20.0,26.0,1.0,1.0,5.0,5.0,17.0,0.0,3.0
Sunderland_56,2014-15,49836,Liam Bridcutt,Blackpool,Midfielder,Scotland,28.0,16.0,12.0,18.0,,,71.0,3.0,8.0,,2.0,,,,,,142.0,65.0,77.0,0.5368,0.0869,,,14.2004,195.0,15.0,,,18.0,,,2.0,,,,15.0,14.0,1.0,114.0,49.0,65.0,1.0,,,,,,24.0,7.0,,,118.0,3.0,,,482.0,,1.0,1.0,,,,,,1.0,,21.0,13.0,77.0,1.0,,110.0,,,,,,,,,,3.0,1.0,,,,10.0,0.0,2.0,8.0,,4.0,4.0,8.0,3.0,9.0,19.0,207.0,197.0,381.0,12.0,29.0,1.0,,3.0,907.0,16.0,13.0,21.0,16.0,129.0,494.0,1.0,1.0,41.0,,94.0,673.0,,4.0,4.0,5.0,13.0,,20.0,26.0,74.0,0.0,6.0
Sunderland_56,2014-15,28448,Lee Cattermole,Sunderland,Midfielder,England,68.0,40.0,28.0,28.0,,1.0,151.0,4.0,11.0,,9.0,,,6.0,,,308.0,175.0,133.0,0.9414,0.275,,0.4324,34.0099,372.0,40.0,,,28.0,,,,,,1.0,35.0,32.0,3.0,240.0,135.0,105.0,1.0,,,0.0,,,68.0,12.0,1.0,,265.0,4.0,,,1078.0,,,,,,,,,2.0,,43.0,26.0,177.0,,1.0,315.0,,,,,,,,,,4.0,5.0,,1.0,,26.0,0.0,3.0,2.0,,1.0,1.0,10.0,2.0,37.0,89.0,415.0,477.0,802.0,18.0,58.0,4.0,,,2358.0,26.0,66.0,54.0,20.0,268.0,1103.0,0.0,6.0,76.0,1.0,212.0,1474.0,,12.0,12.0,10.0,20.0,,62.0,64.0,150.0,0.0,14.0
Sunderland_56,2014-15,19057,Sebastian Larsson,Hull City,Midfielder,Sweden,51.0,31.0,20.0,36.0,18.0,2.0,272.0,17.0,15.0,,7.0,,104.0,18.0,,,341.0,168.0,173.0,4.4932,2.9909,1.1055,3.1658,46.7647,401.0,26.0,,18.0,36.0,,,3.0,,,3.0,43.0,38.0,5.0,290.0,137.0,153.0,3.0,,,1.0,5.0,1.0,40.0,55.0,1.0,,361.0,12.0,12.0,3.0,1294.0,,2.0,,,,,,,4.0,,47.0,25.0,199.0,,3.0,355.0,,,,,,,1.0,2.0,5.0,12.0,12.0,1.0,16.0,12.0,36.0,0.0,10.0,,37.0,58.0,12.0,21.0,11.0,90.0,91.0,711.0,485.0,1047.0,22.0,62.0,10.0,1.0,17.0,3060.0,41.0,45.0,51.0,50.0,440.0,1389.0,0.0,28.0,84.0,21.0,251.0,2012.0,57.0,108.0,25.0,10.0,39.0,2.0,110.0,48.0,141.0,0.0,10.0
Sunderland_56,2014-15,49384,Jack Rodwell,Sheffield United,Midfielder,England,37.0,18.0,19.0,23.0,,2.0,90.0,10.0,14.0,,1.0,,,2.0,,,156.0,72.0,84.0,0.5049,2.801,,3.3634,31.28,143.0,17.0,,,23.0,,,,,,3.0,34.0,30.0,4.0,119.0,54.0,65.0,,3.0,,1.0,7.0,5.0,13.0,4.0,,,159.0,3.0,5.0,1.0,525.0,,3.0,,,,,,,2.0,,16.0,14.0,66.0,,,137.0,,,,,,,,,7.0,3.0,7.0,5.0,13.0,5.0,17.0,0.0,7.0,6.0,,,,13.0,5.0,24.0,27.0,225.0,220.0,418.0,8.0,27.0,2.0,,,1486.0,18.0,40.0,25.0,17.0,120.0,529.0,0.0,20.0,35.0,38.0,84.0,756.0,,6.0,6.0,7.0,11.0,,26.0,15.0,58.0,0.0,5.0
Sunderland_56,2014-15,19959,Adam Johnson,Sunderland,Midfielder,England,9.0,7.0,2.0,32.0,1.0,2.0,164.0,5.0,1.0,,5.0,,50.0,17.0,,,201.0,98.0,103.0,3.539,3.3734,0.0816,3.575,30.4827,228.0,2.0,1.0,1.0,32.0,1.0,,1.0,1.0,,4.0,28.0,22.0,6.0,192.0,91.0,101.0,4.0,,1.0,2.0,2.0,3.0,17.0,38.0,,3.0,219.0,3.0,3.0,7.0,743.0,,9.0,,,,,1.0,1.0,3.0,,37.0,19.0,109.0,,1.0,148.0,,,,,,,,,2.0,3.0,10.0,3.0,10.0,3.0,23.0,0.0,12.0,9.0,13.0,36.0,20.0,47.0,5.0,28.0,56.0,413.0,226.0,547.0,3.0,17.0,5.0,1.0,11.0,2082.0,66.0,10.0,15.0,35.0,366.0,759.0,0.0,20.0,20.0,43.0,156.0,1206.0,28.0,93.0,53.0,27.0,21.0,4.0,62.0,32.0,94.0,1.0,2.0
Sunderland_56,2014-15,49853,William Buckley,Bolton Wanderers,Midfielder,England,17.0,14.0,3.0,22.0,,,46.0,1.0,1.0,,1.0,,1.0,7.0,,,139.0,78.0,61.0,0.7248,0.1442,,,15.3902,66.0,2.0,,,22.0,,,2.0,,,,22.0,20.0,2.0,122.0,64.0,58.0,1.0,,,,,,6.0,10.0,,,52.0,1.0,,8.0,190.0,,12.0,,,,,,,1.0,,13.0,6.0,42.0,,,28.0,,,,,,,,,,1.0,2.0,,,,9.0,0.0,5.0,13.0,,6.0,6.0,16.0,1.0,11.0,2.0,99.0,53.0,144.0,4.0,12.0,,2.0,4.0,868.0,43.0,6.0,11.0,27.0,137.0,192.0,0.0,2.0,16.0,24.0,46.0,383.0,,20.0,20.0,29.0,7.0,2.0,12.0,17.0,34.0,0.0,2.0
Sunderland_56,2014-15,114000,George Honeyman,Blackpool,Midfielder,England,,,,,,,,,,,,,,,,,,,,,,,,,,,,,,,,,,,,,,,,,,,,,,,,,,,,,,,,,,,,,,,,,,,,,,,,,,,,,,,,,,,,,,,,0.0,,,,,,,,,,,,,,,,,,,,,,,,,0.0,,,,,,,,,,,,,,,,0.0
Sunderland_56,2014-15,114311,Liam Agnew,Harrogate Town,Midfielder,England,,,,,,,,,,,,,,,,,,,,,,,,,,,,,,,,,,,,,,,,,,,,,,,,,,,,,,,,,,,,,,,,,,,,,,,,,,,,,,,,,,,,,,,,0.0,,,,,,,,,,,,,,,,,,,,,,,,,0.0,,,,,,,,,,,,,,,,0.0
Sunderland_56,2014-15,59125,Connor Wickham,Charlton Athletic,Forward,England,206.0,105.0,101.0,36.0,4.0,1.0,198.0,27.0,5.0,,7.0,1.0,,25.0,,,598.0,348.0,250.0,1.6334,7.358,0.3225,6.913,43.5945,306.0,32.0,,4.0,36.0,,,1.0,,,5.0,40.0,35.0,5.0,392.0,243.0,149.0,3.0,2.0,3.0,4.0,11.0,9.0,29.0,21.0,,,127.0,16.0,10.0,9.0,902.0,,2.0,,1.0,,,,,4.0,,58.0,32.0,147.0,,3.0,278.0,,,,,,,,,11.0,16.0,32.0,9.0,24.0,10.0,31.0,0.0,10.0,5.0,,8.0,8.0,43.0,3.0,65.0,32.0,379.0,220.0,559.0,10.0,41.0,5.0,6.0,4.0,2773.0,153.0,59.0,58.0,61.0,628.0,909.0,0.0,56.0,51.0,111.0,318.0,1637.0,,55.0,55.0,56.0,15.0,13.0,39.0,62.0,279.0,1.0,8.0
Sunderland_56,2014-15,115854,Duncan Watmore,Rotherham United,Forward,England,,,,,,,,,,,,,,,,,,,,,,,,,,,,,,,,,,,,,,,,,,,,,,,,,,,,,,,,,,,,,,,,,,,,,,,,,,,,,,,,,,,,,,,,0.0,,,,,,,,,,,,,,,,,,,,,,,,,0.0,,,,,,,,,,,,,,,,0.0
Sunderland_56,2014-15,7958,Jermain Defoe,Sunderland,Forward,England,14.0,13.0,1.0,17.0,,2.0,55.0,8.0,,,4.0,,,12.0,,,129.0,85.0,44.0,0.8873,3.9286,,3.5823,22.6683,90.0,4.0,1.0,,17.0,,,,,,4.0,19.0,18.0,1.0,115.0,72.0,43.0,,,,2.0,5.0,8.0,8.0,13.0,,1.0,64.0,3.0,3.0,15.0,253.0,,5.0,,,,,,,2.0,,17.0,7.0,42.0,,3.0,69.0,,,,,,,,,5.0,3.0,11.0,8.0,15.0,3.0,17.0,0.0,6.0,,,1.0,1.0,6.0,2.0,15.0,6.0,166.0,57.0,216.0,5.0,12.0,4.0,,,1457.0,46.0,2.0,9.0,20.0,134.0,278.0,0.0,26.0,17.0,45.0,56.0,456.0,,9.0,9.0,26.0,6.0,1.0,9.0,8.0,47.0,1.0,1.0
Sunderland_56,2014-15,15398,Danny Graham,Sunderland,Forward,England,46.0,28.0,18.0,14.0,,1.0,49.0,3.0,1.0,,,,,9.0,,,79.0,45.0,34.0,0.1667,1.1243,,1.0927,7.416,47.0,1.0,1.0,,14.0,,,,,,1.0,6.0,5.0,1.0,33.0,17.0,16.0,,,,0.0,2.0,3.0,2.0,6.0,,1.0,31.0,1.0,,3.0,158.0,,,,,,,,,,,8.0,3.0,17.0,,,38.0,,,,,,,,,2.0,1.0,3.0,3.0,4.0,,7.0,0.0,6.0,7.0,,1.0,1.0,3.0,,18.0,4.0,75.0,30.0,100.0,1.0,,1.0,,,626.0,10.0,10.0,2.0,12.0,103.0,165.0,0.0,7.0,1.0,28.0,61.0,255.0,,14.0,14.0,3.0,,6.0,1.0,12.0,60.0,1.0,0.0
Sunderland_56,2014-15,18953,Steven Fletcher,Wrexham,Forward,Scotland,177.0,100.0,77.0,30.0,,3.0,133.0,3.0,4.0,,4.0,,1.0,12.0,,,314.0,176.0,138.0,1.745,6.215,,6.3587,30.3124,170.0,12.0,,,30.0,,,2.0,,,5.0,35.0,32.0,3.0,137.0,76.0,61.0,1.0,3.0,2.0,2.0,2.0,10.0,9.0,15.0,,2.0,147.0,1.0,,8.0,521.0,,5.0,,,,,,,3.0,,22.0,7.0,49.0,,,100.0,,,,,,,1.0,,2.0,1.0,19.0,10.0,15.0,,20.0,0.0,8.0,10.0,,4.0,4.0,11.0,,53.0,9.0,284.0,102.0,373.0,8.0,13.0,2.0,,,1783.0,46.0,18.0,23.0,32.0,310.0,550.0,0.0,34.0,21.0,82.0,168.0,847.0,1.0,18.0,17.0,13.0,1.0,15.0,4.0,38.0,164.0,1.0,4.0
Sunderland_56,2015-16,20487,Vito Mannone,Lille,Goalkeeper,Italy,9.0,2.0,7.0,19.0,,,,,,31.0,4.0,,,,2.0,1.0,13.0,3.0,10.0,0.0384,,,,28.4812,514.0,,,,19.0,114.0,116.0,,,2.0,,23.0,22.0,1.0,4.0,1.0,3.0,,,,,,,,,,,24.0,,,,209.0,,,,,,,,,,12.0,,,202.0,,,21.0,,74.0,9.0,42.0,31.0,22.0,,,,,,,,,19.0,0.0,,,,,,,74.0,,148.0,134.0,89.0,75.0,,,,,,1710.0,,23.0,,4.0,350.0,559.0,0.0,,,,336.0,769.0,,,,,149.0,,336.0,24.0,,,2.0
Sunderland_56,2015-16,111234,Jordan Pickford,Everton,Goalkeeper,England,1.0,,1.0,2.0,,,,,,8.0,,,,,,,1.0,,1.0,0.0079,,,,4.1759,68.0,,,,2.0,14.0,15.0,,,,,6.0,5.0,1.0,,,,,,,,,,,,,,1.0,,,,29.0,,,,,,,,,,1.0,,,23.0,,,1.0,,11.0,1.0,3.0,8.0,4.0,,,,,,,,,2.0,0.0,,,,,,,11.0,,21.0,20.0,2.0,1.0,,,,,,180.0,,1.0,,1.0,48.0,70.0,0.0,,,,48.0,99.0,,,,,24.0,,48.0,5.0,,,0.0
Sunderland_56,2015-16,11467,Billy Jones,Crewe Alexandra,Defender,England,96.0,35.0,61.0,24.0,,,78.0,6.0,17.0,,2.0,,,11.0,,,268.0,108.0,160.0,0.6704,2.3309,,1.764,47.2946,292.0,17.0,,,24.0,,,1.0,,,1.0,45.0,42.0,3.0,172.0,73.0,99.0,,,1.0,,3.0,2.0,30.0,11.0,,,136.0,3.0,1.0,3.0,563.0,,,,,,,,,,,41.0,24.0,86.0,,1.0,63.0,,,,,,,,,3.0,3.0,4.0,2.0,4.0,1.0,23.0,0.0,2.0,1.0,,5.0,5.0,11.0,10.0,5.0,20.0,210.0,202.0,387.0,21.0,55.0,1.0,47.0,178.0,2033.0,,64.0,32.0,15.0,294.0,569.0,0.0,8.0,76.0,,162.0,1156.0,,36.0,36.0,5.0,29.0,,45.0,32.0,117.0,,8.0
Sunderland_56,2015-16,74230,Patrick van Aanholt,Galatasaray,Defender,Netherlands,30.0,16.0,14.0,33.0,8.0,,221.0,7.0,10.0,,6.0,1.0,3.0,19.0,,,274.0,117.0,157.0,3.0068,2.6384,0.5412,2.379,59.3446,419.0,15.0,,8.0,33.0,,,3.0,,,4.0,56.0,53.0,3.0,244.0,101.0,143.0,,,2.0,,2.0,2.0,63.0,27.0,,4.0,43.0,5.0,3.0,4.0,1043.0,,,,,,,,,,,56.0,25.0,220.0,,1.0,384.0,,,,,,,,1.0,2.0,5.0,30.0,2.0,9.0,3.0,33.0,0.0,,,,12.0,12.0,46.0,12.0,3.0,46.0,420.0,416.0,778.0,17.0,68.0,1.0,69.0,203.0,2970.0,,102.0,16.0,12.0,469.0,1067.0,0.0,39.0,85.0,,243.0,1907.0,3.0,44.0,41.0,19.0,54.0,1.0,85.0,68.0,158.0,,2.0
Sunderland_56,2015-16,37742,Younes Kaboul,Watford,Defender,France,133.0,55.0,78.0,23.0,2.0,,50.0,3.0,20.0,,7.0,,,2.0,,,233.0,91.0,142.0,,,,,,367.0,7.0,,,23.0,,,1.0,,,,31.0,30.0,1.0,100.0,36.0,64.0,,,,,,,52.0,5.0,,,96.0,,,1.0,641.0,,,,,,,,,,,22.0,16.0,117.0,1.0,,141.0,,,,,,,,,,,5.0,,4.0,,22.0,0.0,1.0,1.0,,3.0,3.0,15.0,24.0,,51.0,130.0,319.0,395.0,8.0,35.0,2.0,,1.0,2009.0,,196.0,15.0,9.0,285.0,654.0,1.0,9.0,43.0,,208.0,1084.0,,10.0,10.0,3.0,76.0,,123.0,47.0,85.0,,3.0
Sunderland_56,2015-16,1841,Wes Brown,Blackburn Rovers U23,Defender,England,20.0,6.0,14.0,6.0,,,12.0,,2.0,,,,,,,,44.0,16.0,28.0,0.0259,,,,12.0137,85.0,4.0,,,6.0,,,,,,,15.0,14.0,1.0,24.0,10.0,14.0,,,,,,,6.0,,,,45.0,,,,181.0,,,,1.0,,,,,,,6.0,2.0,29.0,,,51.0,,,,,,,,,,,,,,,6.0,0.0,,,,,,3.0,1.0,,13.0,48.0,101.0,136.0,1.0,3.0,,,4.0,540.0,,65.0,5.0,7.0,67.0,193.0,0.0,,4.0,,44.0,289.0,,,,,17.0,,23.0,13.0,21.0,,1.0
Sunderland_56,2015-16,60794,Adam Matthews,Shamrock Rovers,Defender,Wales,,,,1.0,,,2.0,,,,,,,,,,4.0,1.0,3.0,0.2038,,,,0.6918,4.0,,,,1.0,,,,,,,1.0,1.0,,4.0,1.0,3.0,,,,,,,,,,,7.0,,,,13.0,,,,,,,,,,,1.0,,1.0,,,,,,,,,,,,,,,,,,,0.0,,1.0,,1.0,1.0,1.0,,,,6.0,6.0,11.0,1.0,1.0,1.0,,4.0,36.0,,1.0,,,5.0,13.0,0.0,,2.0,,2.0,25.0,,1.0,1.0,,,,,2.0,2.0,,0.0
Sunderland_56,2015-16,3736,John O'Shea,Reading,Defender,Ireland,68.0,17.0,51.0,28.0,,,47.0,2.0,11.0,,1.0,,,1.0,,,136.0,44.0,92.0,0.0886,0.4353,,0.9152,44.7536,303.0,6.0,,,28.0,,,,,,,37.0,35.0,2.0,68.0,27.0,41.0,1.0,,,,2.0,3.0,39.0,1.0,,,128.0,,,,557.0,,,,1.0,,,,,,,9.0,6.0,68.0,,,112.0,,,,,,,,,2.0,,2.0,3.0,3.0,,23.0,0.0,3.0,5.0,,,,,14.0,,46.0,124.0,313.0,391.0,12.0,20.0,,,,2008.0,,183.0,19.0,13.0,210.0,590.0,0.0,5.0,32.0,,153.0,909.0,,,,1.0,56.0,,86.0,38.0,67.0,,2.0
Sunderland_56,2015-16,45076,Lamine Koné,Sunderland,Defender,Cote d’Ivoire,81.0,32.0,49.0,15.0,,,31.0,,10.0,,4.0,,,3.0,,,129.0,44.0,85.0,0.2836,1.6571,,1.5865,19.2365,226.0,1.0,,,15.0,,,1.0,,,2.0,16.0,16.0,,48.0,12.0,36.0,1.0,,,,,2.0,33.0,4.0,,1.0,86.0,,,1.0,395.0,,,,,,,,,,,13.0,8.0,76.0,,1.0,59.0,,,,,,,,,,,6.0,2.0,4.0,,15.0,0.0,1.0,,,,,4.0,12.0,1.0,29.0,72.0,180.0,223.0,12.0,16.0,,,1.0,1315.0,,138.0,5.0,4.0,199.0,402.0,0.0,10.0,28.0,,150.0,659.0,,2.0,2.0,,57.0,1.0,85.0,27.0,65.0,,0.0
Sunderland_56,2015-16,151119,DeAndre Yedlin,Inter Miami CF,Defender,United States,54.0,30.0,24.0,23.0,,,75.0,,13.0,,6.0,1.0,,5.0,,,181.0,84.0,97.0,,,,,,252.0,11.0,,,23.0,,,1.0,,,,26.0,26.0,,127.0,54.0,73.0,,,,,,,25.0,11.0,,,166.0,,,,503.0,,6.0,,,,,,,2.0,,42.0,27.0,81.0,,,26.0,,,,,,,,,,,3.0,,1.0,,21.0,0.0,3.0,2.0,,7.0,7.0,22.0,10.0,,21.0,202.0,156.0,330.0,10.0,29.0,,78.0,152.0,1812.0,22.0,89.0,21.0,12.0,335.0,519.0,0.0,4.0,39.0,13.0,168.0,1113.0,,34.0,34.0,15.0,50.0,,68.0,41.0,100.0,0.0,2.0
Sunderland_56,2015-16,154560,Tom Beadling,Barrow,Midfielder,Australia,,,,,,,,,,,,,,,,,,,,,,,,,,,,,,,,,,,,,,,,,,,,,,,,,,,,,,,,,,,,,,,,,,,,,,,,,,,,,,,,,,,,,,,,0.0,,,,,,,,,,,,,,,,,,,,,,,,,0.0,,,,,,,,,,,,,,,,0.0
Sunderland_56,2015-16,154558,Thomas Robson,Sunderland PL2,Defender,England,3.0,1.0,2.0,1.0,,,7.0,,,,,,,,,,13.0,4.0,9.0,0.0075,,,,1.3888,19.0,,,,1.0,,,,,,,2.0,2.0,,10.0,3.0,7.0,,,,,,,1.0,,,,1.0,,,,34.0,,,,,,,,,,,1.0,,5.0,,,9.0,,,,,,,,,,,,,,,1.0,0.0,,,,,,2.0,2.0,,3.0,14.0,11.0,22.0,2.0,2.0,,1.0,15.0,90.0,,3.0,,1.0,16.0,36.0,0.0,,4.0,,11.0,70.0,,1.0,1.0,1.0,5.0,,5.0,1.0,6.0,,0.0
Sunderland_56,2015-16,50023,Jordi Gómez,Omonia Nicosia,Midfielder,Spain,7.0,4.0,3.0,6.0,1.0,,30.0,1.0,3.0,,,,5.0,,,,32.0,14.0,18.0,0.1944,0.0599,0.0449,0.1717,6.9304,56.0,4.0,,1.0,6.0,,,,,,,8.0,6.0,2.0,25.0,10.0,15.0,,,,,,,6.0,2.0,,,38.0,1.0,1.0,,149.0,,,,,,,,,,,8.0,4.0,18.0,,,32.0,,,,,,,,,,1.0,,,1.0,1.0,5.0,0.0,4.0,1.0,2.0,3.0,,1.0,2.0,4.0,8.0,73.0,64.0,126.0,2.0,7.0,,,,355.0,,7.0,4.0,5.0,35.0,156.0,0.0,1.0,9.0,,22.0,213.0,3.0,5.0,2.0,,,,6.0,4.0,16.0,,0.0
Sunderland_56,2015-16,55641,Emanuele Giaccherini,Napoli,Midfielder,Italy,,,,,,,,,,,,,,,,,,,,,,,,,,,,,,,,,,,,,,,,,,,,,,,,,,,,,,,,,,,,,,,,,,,,,,,,,,,,,,,,,,,,,,,,0.0,,,,,,,,,,,,,,,,,,,,,,,,,0.0,,,,,,,,,,,,,,,,0.0
Sunderland_56,2015-16,28448,Lee Cattermole,Sunderland,Midfielder,England,51.0,25.0,26.0,31.0,,,132.0,4.0,18.0,,6.0,2.0,,3.0,,,251.0,140.0,111.0,1.215,0.6372,,0.1338,44.6926,342.0,28.0,,,31.0,,,,,,,35.0,35.0,,200.0,115.0,85.0,1.0,,,,,1.0,52.0,23.0,,,253.0,4.0,,,909.0,,,,2.0,,,,,,,40.0,21.0,142.0,,,202.0,,,,,,,,,,4.0,6.0,1.0,1.0,,27.0,0.0,11.0,4.0,,2.0,2.0,13.0,3.0,29.0,66.0,369.0,335.0,636.0,13.0,44.0,8.0,,4.0,2216.0,,31.0,40.0,16.0,289.0,929.0,0.0,7.0,57.0,,227.0,1230.0,,5.0,5.0,1.0,15.0,,51.0,45.0,176.0,,8.0
Sunderland_56,2015-16,19057,Sebastian Larsson,Hull City,Midfielder,Sweden,13.0,7.0,6.0,18.0,3.0,,49.0,4.0,,,,,14.0,3.0,,,64.0,36.0,28.0,0.5552,0.3945,0.1915,0.0271,13.4902,70.0,5.0,,3.0,18.0,,,1.0,,,,12.0,12.0,,51.0,29.0,22.0,,,,,1.0,,10.0,6.0,,,74.0,3.0,1.0,,229.0,,,,,,,,,,,14.0,8.0,40.0,,,43.0,,,,,,,,,1.0,3.0,2.0,,1.0,1.0,6.0,0.0,5.0,12.0,5.0,6.0,1.0,4.0,3.0,13.0,10.0,99.0,85.0,168.0,5.0,7.0,1.0,1.0,1.0,547.0,,11.0,9.0,6.0,90.0,236.0,0.0,3.0,12.0,,58.0,341.0,9.0,19.0,5.0,,9.0,,16.0,11.0,42.0,,2.0
Sunderland_56,2015-16,49384,Jack Rodwell,Sheffield United,Midfielder,England,43.0,18.0,25.0,22.0,,,65.0,6.0,7.0,,,,,5.0,,,118.0,55.0,63.0,0.6605,2.4446,,1.0475,28.3453,160.0,7.0,,,22.0,,,,,,1.0,28.0,27.0,1.0,75.0,37.0,38.0,1.0,,1.0,,2.0,4.0,14.0,14.0,,1.0,93.0,4.0,2.0,2.0,436.0,,,,,,,,,,,10.0,5.0,53.0,,,128.0,,,,,,,,,2.0,4.0,12.0,4.0,7.0,2.0,9.0,0.0,1.0,13.0,,,,6.0,2.0,18.0,17.0,198.0,139.0,320.0,3.0,22.0,2.0,,1.0,1158.0,,17.0,17.0,7.0,140.0,446.0,0.0,19.0,25.0,,109.0,588.0,,6.0,6.0,1.0,11.0,,30.0,26.0,79.0,,5.0
Sunderland_56,2015-16,60165,Wahbi Khazri,St Etienne,Forward,Tunisia,19.0,14.0,5.0,14.0,7.0,,70.0,12.0,,,1.0,,57.0,18.0,,,174.0,110.0,64.0,2.2851,0.9705,0.4362,1.4642,14.8738,92.0,13.0,,7.0,14.0,,,1.0,,,2.0,10.0,10.0,,155.0,96.0,59.0,1.0,,2.0,,1.0,,14.0,26.0,,,44.0,11.0,3.0,4.0,307.0,,,,,,,,,,,25.0,17.0,65.0,,2.0,121.0,,,,,,,,1.0,1.0,11.0,7.0,,5.0,3.0,13.0,0.0,7.0,1.0,15.0,26.0,4.0,21.0,2.0,16.0,18.0,188.0,79.0,223.0,4.0,23.0,1.0,1.0,7.0,1077.0,,8.0,18.0,12.0,229.0,327.0,0.0,12.0,27.0,,86.0,634.0,38.0,62.0,18.0,21.0,11.0,1.0,26.0,10.0,60.0,,3.0
Sunderland_56,2015-16,52154,Ola Toivonen,Malmö FF,Forward,Sweden,59.0,33.0,26.0,11.0,,,49.0,3.0,1.0,,,,,,,,102.0,58.0,44.0,0.7068,0.6801,,0.4541,12.141,80.0,6.0,,,11.0,,,2.0,,,,10.0,9.0,1.0,43.0,25.0,18.0,,,,,1.0,1.0,8.0,6.0,,,59.0,2.0,,,251.0,,,,,,,,,,,8.0,3.0,40.0,,,64.0,,,,,,,,,1.0,2.0,3.0,1.0,1.0,,9.0,0.0,7.0,2.0,,,,,1.0,26.0,7.0,99.0,87.0,179.0,3.0,7.0,,,1.0,658.0,,5.0,9.0,8.0,79.0,252.0,0.0,4.0,10.0,,66.0,315.0,,1.0,1.0,3.0,3.0,3.0,6.0,18.0,60.0,,1.0
Sunderland_56,2015-16,49396,Yann M'Vila,West Bromwich Albion,Midfielder,France,73.0,28.0,45.0,37.0,3.0,,197.0,10.0,9.0,,6.0,1.0,36.0,11.0,,,325.0,125.0,200.0,3.1201,1.0827,0.2061,0.901,63.0524,650.0,12.0,,3.0,37.0,,,4.0,,,1.0,55.0,52.0,3.0,252.0,97.0,155.0,1.0,,,,3.0,1.0,86.0,42.0,,,438.0,7.0,3.0,,1643.0,,,,1.0,,,,,,,57.0,42.0,287.0,,1.0,394.0,,,,,,,,1.0,3.0,7.0,14.0,1.0,5.0,3.0,36.0,0.0,4.0,1.0,12.0,18.0,5.0,15.0,12.0,26.0,104.0,791.0,594.0,1263.0,30.0,69.0,9.0,1.0,13.0,3188.0,,110.0,18.0,43.0,460.0,1679.0,0.0,19.0,99.0,,312.0,2291.0,21.0,65.0,33.0,4.0,33.0,1.0,102.0,63.0,210.0,,1.0
Sunderland_56,2015-16,57736,Jan Kirchhoff,Bolton Wanderers,Defender,Germany,77.0,42.0,35.0,15.0,,,48.0,4.0,3.0,,1.0,,,2.0,,,216.0,104.0,112.0,0.4885,0.6604,,0.0256,16.574,266.0,10.0,,,15.0,,,,,,,14.0,13.0,1.0,139.0,62.0,77.0,1.0,,,,2.0,2.0,35.0,12.0,,,116.0,2.0,,,550.0,,,,1.0,,,,,,,21.0,9.0,107.0,,,123.0,,,,,,,,,2.0,2.0,2.0,2.0,2.0,,14.0,0.0,10.0,1.0,,1.0,1.0,11.0,,4.0,38.0,226.0,159.0,346.0,11.0,40.0,,,3.0,1083.0,,49.0,20.0,17.0,225.0,553.0,0.0,4.0,51.0,,169.0,794.0,,4.0,4.0,,14.0,1.0,44.0,32.0,125.0,,0.0
Sunderland_56,2015-16,170852,Rees Greenwood,Sunderland PL2,Midfielder,England,1.0,1.0,,1.0,,,7.0,,,,,,,2.0,,,5.0,3.0,2.0,0.028,,,,0.3484,5.0,1.0,,,1.0,,,,,,,1.0,1.0,,4.0,2.0,2.0,,,,,,,2.0,1.0,,,3.0,,,,23.0,,,,,,,,,,,,,2.0,,,8.0,,,,,,,,,,,,,,,1.0,0.0,1.0,,,,,1.0,,2.0,1.0,15.0,6.0,20.0,,1.0,,,,52.0,,,1.0,,7.0,23.0,0.0,,1.0,,2.0,33.0,,2.0,2.0,1.0,,,1.0,,1.0,,0.0
Sunderland_56,2015-16,114000,George Honeyman,Blackpool,Midfielder,England,,,,1.0,,,3.0,,,,,,,,,,2.0,,2.0,0.0014,,,,1.0404,1.0,,,,1.0,,,,,,,1.0,1.0,,2.0,,2.0,,,,,,,,1.0,,,1.0,,,,5.0,,,,,,,,,,,,,1.0,,,,,,,,,,,,,,,,,,,0.0,,1.0,,,,1.0,,2.0,,4.0,1.0,5.0,,,,,,38.0,,1.0,,1.0,1.0,5.0,0.0,,,,,9.0,,,,,,,,,,,0.0
Sunderland_56,2015-16,149016,Lynden Gooch,Huddersfield Town,Defender,United States,,,,,,,,,,,,,,,,,,,,,,,,,,,,,,,,,,,,,,,,,,,,,,,,,,,,,,,,,,,,,,,,,,,,,,,,,,,,,,,,,,,,,,,,0.0,,,,,,,,,,,,,,,,,,,,,,,,,0.0,,,,,,,,,,,,,,,,0.0
Sunderland_56,2015-16,114312,Mikael Mandron,Gillingham,Forward,France,,,,,,,,,,,,,,,,,,,,,,,,,,,,,,,,,,,,,,,,,,,,,,,,,,,,,,,,,,,,,,,,,,,,,,,,,,,,,,,,,,,,,,,,0.0,,,,,,,,,,,,,,,,,,,,,,,,,0.0,,,,,,,,,,,,,,,,0.0
Sunderland_56,2015-16,77454,Fabio Borini,Salford City,Forward,Italy,77.0,52.0,25.0,26.0,,,152.0,8.0,2.0,,3.0,,6.0,16.0,,,303.0,183.0,120.0,1.9653,4.2387,,5.401,34.0516,159.0,19.0,1.0,,26.0,,,2.0,,,5.0,29.0,27.0,2.0,226.0,131.0,95.0,3.0,,,,3.0,10.0,22.0,16.0,,1.0,126.0,5.0,3.0,2.0,527.0,,,,,,,1.0,1.0,,,40.0,28.0,86.0,,4.0,113.0,,,,,,,,,3.0,5.0,22.0,10.0,18.0,3.0,22.0,0.0,11.0,4.0,,6.0,6.0,24.0,6.0,35.0,28.0,265.0,135.0,366.0,6.0,18.0,4.0,1.0,7.0,1899.0,,30.0,31.0,50.0,327.0,550.0,0.0,40.0,24.0,,156.0,976.0,2.0,23.0,21.0,30.0,10.0,5.0,29.0,21.0,127.0,,6.0
Sunderland_56,2015-16,48337,Dame N'Doye,FC København,Forward,Senegal,,,,,,,,,,,,,,,,,,,,0.3642,0.5272,0.083,0.6684,9.5754,,,,1.0,,,,,,,,,,,,,,,,,,2.0,2.0,,,,,,1.0,1.0,,,,,,,,,,,,,,,,,,,,,,,,,,,2.0,1.0,,2.0,,1.0,,,,,,,,,,,,,,,,,,,,,,,,,,,,,,,,,,,,,,,,,,,
Sunderland_56,2015-16,115854,Duncan Watmore,Rotherham United,Forward,England,22.0,17.0,5.0,23.0,,,50.0,2.0,,,,,,12.0,,,135.0,83.0,52.0,0.8904,1.5412,,2.4955,20.7662,38.0,1.0,,,23.0,,,1.0,,,3.0,14.0,14.0,,113.0,66.0,47.0,,,,,2.0,4.0,2.0,11.0,,1.0,38.0,,1.0,9.0,148.0,,,,,,,,,,,21.0,9.0,43.0,,2.0,30.0,,,,,,,,,2.0,,4.0,4.0,8.0,1.0,7.0,0.0,3.0,16.0,,2.0,2.0,25.0,1.0,6.0,4.0,87.0,32.0,113.0,1.0,6.0,1.0,,,907.0,,4.0,5.0,15.0,159.0,156.0,0.0,12.0,7.0,,39.0,364.0,,21.0,21.0,30.0,2.0,,3.0,12.0,36.0,,0.0
Sunderland_56,2015-16,39187,Jeremain Lens,Besiktas,Midfielder,Netherlands,40.0,19.0,21.0,20.0,1.0,,86.0,7.0,,,,,18.0,10.0,,,253.0,144.0,109.0,2.445,1.2981,0.0963,0.6069,29.3501,141.0,18.0,,1.0,20.0,,,3.0,,,3.0,28.0,26.0,2.0,213.0,125.0,88.0,,,1.0,,2.0,2.0,3.0,15.0,,2.0,70.0,5.0,2.0,4.0,372.0,,,,,,,,,,,28.0,15.0,82.0,1.0,1.0,88.0,,,,,,,,,2.0,5.0,12.0,2.0,7.0,2.0,14.0,0.0,7.0,6.0,4.0,14.0,8.0,26.0,3.0,17.0,14.0,178.0,96.0,246.0,7.0,29.0,6.0,,4.0,1293.0,,10.0,27.0,31.0,319.0,385.0,1.0,19.0,36.0,,125.0,762.0,10.0,66.0,52.0,40.0,6.0,3.0,26.0,15.0,99.0,,3.0
Sunderland_56,2015-16,7958,Jermain Defoe,Sunderland,Forward,England,42.0,34.0,8.0,33.0,1.0,,112.0,26.0,,,4.0,,,15.0,,,193.0,115.0,78.0,1.2441,10.9172,0.1404,11.7381,47.4333,120.0,4.0,1.0,1.0,33.0,,,1.0,,,15.0,45.0,43.0,2.0,151.0,81.0,70.0,3.0,,1.0,,18.0,15.0,2.0,21.0,,3.0,90.0,8.0,9.0,43.0,390.0,,,,,,,1.0,1.0,,,30.0,19.0,57.0,,12.0,103.0,,,,,,,,,18.0,8.0,20.0,15.0,39.0,9.0,28.0,0.0,5.0,5.0,,2.0,2.0,18.0,,25.0,9.0,251.0,73.0,313.0,2.0,15.0,4.0,1.0,4.0,2550.0,,2.0,17.0,35.0,235.0,425.0,0.0,59.0,17.0,,103.0,762.0,,11.0,11.0,18.0,1.0,5.0,6.0,16.0,97.0,,3.0
Sunderland_56,2015-16,15398,Danny Graham,Sunderland,Forward,England,32.0,21.0,11.0,10.0,,,21.0,,3.0,,,,,2.0,,,57.0,39.0,18.0,0.0395,0.4905,,0.4729,7.7316,27.0,3.0,,,10.0,,,,,,,10.0,9.0,1.0,25.0,18.0,7.0,1.0,,,,,2.0,5.0,,,,20.0,,,1.0,86.0,,,,,,,,,,,4.0,3.0,9.0,,,20.0,,,,,,,,,,,2.0,2.0,2.0,,4.0,0.0,4.0,6.0,,,,,1.0,4.0,3.0,31.0,18.0,46.0,,1.0,,,1.0,358.0,,6.0,8.0,6.0,60.0,88.0,0.0,4.0,1.0,,39.0,139.0,,3.0,3.0,2.0,2.0,2.0,3.0,6.0,36.0,,0.0
Sunderland_56,2015-16,18953,Steven Fletcher,Wrexham,Forward,Scotland,155.0,91.0,64.0,16.0,,,68.0,7.0,2.0,,2.0,,,8.0,,,249.0,151.0,98.0,0.8937,2.8021,,2.9838,24.1732,102.0,5.0,1.0,,16.0,,,,,,4.0,22.0,21.0,1.0,94.0,60.0,34.0,1.0,2.0,,,6.0,5.0,3.0,8.0,,2.0,79.0,1.0,1.0,8.0,279.0,,,,,,,,,,,11.0,6.0,23.0,,,41.0,,,,,,,,,6.0,1.0,8.0,5.0,10.0,1.0,11.0,0.0,9.0,5.0,,,,7.0,,29.0,4.0,133.0,46.0,175.0,1.0,10.0,6.0,,2.0,1016.0,,6.0,19.0,18.0,188.0,290.0,0.0,18.0,11.0,,111.0,454.0,,8.0,8.0,10.0,,2.0,5.0,11.0,106.0,,0.0
Sunderland_56,2016-17,20487,Vito Mannone,Lille,Goalkeeper,Italy,2.0,1.0,1.0,9.0,,,,,,11.0,2.0,,,,1.0,,5.0,2.0,3.0,0.013,,,,14.3898,203.0,,,,9.0,61.0,36.0,,62.0,2.0,,19.0,18.0,1.0,3.0,1.0,2.0,,,,,,,1.0,,,,29.0,,,,110.0,,,,,2.0,,,,2.0,2.0,,,104.0,,,12.0,,41.0,6.0,19.0,22.0,10.0,,,,,,,,,9.0,0.0,,,,,,1.0,23.0,,55.0,44.0,56.0,45.0,,,,,,810.0,,7.0,,,145.0,244.0,0.0,,,,144.0,346.0,,,,,69.0,,144.0,20.0,,0.0,0.0
Sunderland_56,2016-17,81061,Mika,Sunderland PL2,Goalkeeper,Portugal,,,,,,,,,,,,,,,,,,,,,,,,,,,,,,,,,,,,,,,,,,,,,,,,,,,,,,,,,,,,,,,,,,,,,,,,,,,,,,,,,,,,,,,,0.0,,,,,,,,,,,,,,,,,,,,,,,,,0.0,,,,,,,,,,,,,,,,0.0
Sunderland_56,2016-17,111234,Jordan Pickford,Everton,Goalkeeper,England,12.0,1.0,11.0,29.0,,,,,,42.0,4.0,,,,2.0,4.0,18.0,1.0,17.0,0.1173,,,,52.5309,855.0,,,,29.0,208.0,181.0,,306.0,7.0,,50.0,45.0,5.0,6.0,,6.0,,,,,,,3.0,4.0,,,37.0,,,,350.0,,,,,2.0,,,,2.0,22.0,1.0,1.0,354.0,,,62.0,,135.0,11.0,73.0,62.0,38.0,,,,,,,,,29.0,0.0,,,,,,,131.0,,332.0,283.0,158.0,109.0,,,,,,2610.0,,35.0,,6.0,527.0,954.0,0.0,,,,513.0,1294.0,,,,,220.0,,511.0,43.0,2.0,0.0,0.0
Sunderland_56,2016-17,168717,Max Stryjek,Crewe Alexandra,Goalkeeper,Poland,,,,,,,,,,,,,,,,,,,,,,,,,,,,,,,,,,,,,,,,,,,,,,,,,,,,,,,,,,,,,,,,,,,,,,,,,,,,,,,,,,,,,,,,0.0,,,,,,,,,,,,,,,,,,,,,,,,,0.0,,,,,,,,,,,,,,,,0.0
Sunderland_56,2016-17,11467,Billy Jones,Crewe Alexandra,Defender,England,159.0,63.0,96.0,27.0,,1.0,109.0,3.0,16.0,,5.0,,,11.0,,,313.0,140.0,173.0,1.5187,1.499,,1.1048,46.351,339.0,16.0,,,27.0,,,,,,1.0,49.0,46.0,3.0,154.0,77.0,77.0,,1.0,,0.0,1.0,3.0,46.0,29.0,,,227.0,2.0,,,695.0,,,,,,,,,3.0,,38.0,24.0,83.0,,,28.0,,,,,,,,,1.0,2.0,8.0,3.0,4.0,,25.0,0.0,3.0,2.0,,10.0,10.0,10.0,6.0,4.0,33.0,299.0,197.0,453.0,16.0,39.0,,52.0,176.0,2270.0,17.0,94.0,25.0,13.0,348.0,703.0,0.0,12.0,55.0,41.0,217.0,1336.0,,32.0,32.0,4.0,35.0,1.0,56.0,38.0,161.0,1.0,8.0
Sunderland_56,2016-17,77762,Bryan Oviedo,FC København,Defender,Costa Rica,16.0,5.0,11.0,16.0,1.0,,64.0,2.0,5.0,,3.0,,,4.0,,,139.0,50.0,89.0,0.4069,0.1881,0.0861,0.0257,18.6818,235.0,15.0,,1.0,16.0,,,,,,,26.0,24.0,2.0,123.0,45.0,78.0,1.0,,,,1.0,,26.0,10.0,,,17.0,1.0,1.0,1.0,493.0,,,,,,,,,,,32.0,11.0,86.0,,,186.0,,,,,,,,,1.0,1.0,2.0,,1.0,1.0,16.0,0.0,3.0,,,5.0,5.0,19.0,6.0,1.0,18.0,198.0,182.0,357.0,7.0,40.0,1.0,20.0,99.0,1326.0,14.0,45.0,20.0,12.0,204.0,502.0,0.0,3.0,47.0,3.0,127.0,887.0,,27.0,27.0,2.0,35.0,,49.0,54.0,78.0,0.0,4.0
Sunderland_56,2016-17,160729,Jason Denayer,Lyon,Defender,Belgium,62.0,35.0,27.0,24.0,,,78.0,2.0,19.0,,5.0,1.0,,2.0,,,154.0,80.0,74.0,0.189,0.4131,,0.4,34.8934,224.0,10.0,,,24.0,,,,,,,30.0,28.0,2.0,92.0,45.0,47.0,1.0,,,,,1.0,34.0,2.0,,,129.0,2.0,1.0,,578.0,,,1.0,1.0,,,,,2.0,,24.0,16.0,97.0,,,155.0,,,,,,,,,,2.0,2.0,1.0,2.0,1.0,22.0,0.0,5.0,2.0,,1.0,1.0,5.0,7.0,6.0,41.0,207.0,263.0,428.0,12.0,23.0,,3.0,11.0,1878.0,13.0,80.0,17.0,7.0,158.0,586.0,0.0,4.0,35.0,6.0,117.0,869.0,,9.0,9.0,4.0,26.0,,46.0,32.0,71.0,0.0,2.0
Sunderland_56,2016-17,160817,Paddy McNair,Hull City,Defender,Northern Ireland,20.0,9.0,11.0,9.0,,,24.0,,2.0,,,,,2.0,,,50.0,26.0,24.0,0.1744,0.0578,,,7.7355,38.0,4.0,,,9.0,,,,,,,9.0,7.0,2.0,30.0,17.0,13.0,,,,,,,3.0,3.0,,,26.0,,,,116.0,,,1.0,,,,,,,,8.0,4.0,20.0,,,28.0,,,,,,,,,,,1.0,,,,5.0,0.0,5.0,4.0,,2.0,2.0,1.0,2.0,4.0,8.0,45.0,45.0,80.0,3.0,6.0,,,,354.0,6.0,4.0,5.0,3.0,44.0,116.0,0.0,1.0,9.0,10.0,28.0,168.0,,4.0,4.0,,1.0,,1.0,5.0,27.0,0.0,0.0
Sunderland_56,2016-17,80935,Papy Djilobodji,Kasimpasa,Defender,Senegal,93.0,36.0,57.0,18.0,1.0,,32.0,4.0,23.0,,1.0,,,4.0,,,178.0,73.0,105.0,0.2013,0.4241,0.0726,0.4082,33.1465,355.0,13.0,,1.0,18.0,,,,,,,35.0,31.0,4.0,85.0,37.0,48.0,1.0,,1.0,,2.0,2.0,54.0,1.0,,,85.0,2.0,,2.0,662.0,,,,,,,,,2.0,,10.0,8.0,96.0,1.0,,221.0,,,,,,,,,2.0,2.0,2.0,2.0,2.0,,17.0,0.0,,1.0,,2.0,2.0,11.0,13.0,,74.0,179.0,322.0,425.0,8.0,17.0,,,5.0,1577.0,3.0,165.0,23.0,16.0,216.0,693.0,1.0,4.0,25.0,12.0,194.0,1048.0,,3.0,3.0,2.0,75.0,,124.0,38.0,70.0,0.0,4.0
Sunderland_56,2016-17,7551,Joleon Lescott,Sunderland,Defender,England,2.0,1.0,1.0,2.0,,,3.0,,3.0,,,,,,,,6.0,4.0,2.0,0.0047,,,,2.831,17.0,1.0,,,2.0,,,,,,,5.0,5.0,,4.0,3.0,1.0,,,,,,,5.0,,,,2.0,,,,34.0,,,,,,,,,,,1.0,1.0,4.0,,,12.0,,,,,,,,,,,,,,,1.0,0.0,,1.0,,,,,1.0,,3.0,8.0,21.0,26.0,,,,,,123.0,1.0,13.0,2.0,1.0,6.0,34.0,0.0,,,,5.0,60.0,,,,,3.0,,5.0,,,0.0,0.0
Sunderland_56,2016-17,3736,John O'Shea,Reading,Defender,Ireland,105.0,47.0,58.0,28.0,,,58.0,,17.0,,3.0,,,,,,176.0,81.0,95.0,0.4106,0.262,,0.2255,38.1971,280.0,10.0,,,28.0,,,1.0,,,,42.0,39.0,3.0,71.0,34.0,37.0,,,,,,2.0,39.0,,,,203.0,,,,667.0,,,,,,,,,3.0,,18.0,12.0,92.0,,,145.0,,,,,,,,,,,1.0,2.0,2.0,,26.0,0.0,5.0,2.0,,,,,9.0,3.0,54.0,125.0,398.0,469.0,11.0,18.0,1.0,,3.0,2160.0,4.0,150.0,17.0,9.0,175.0,686.0,0.0,3.0,29.0,9.0,163.0,982.0,,,,,46.0,,77.0,37.0,86.0,0.0,5.0
Sunderland_56,2016-17,109528,Javier Manquillo,Celta de Vigo,Defender,Spain,31.0,14.0,17.0,20.0,,1.0,79.0,1.0,5.0,,2.0,,,8.0,,,135.0,61.0,74.0,0.8987,0.2441,,0.06,27.5669,179.0,9.0,,,20.0,,,,,,1.0,28.0,25.0,3.0,104.0,47.0,57.0,,,,0.0,1.0,,24.0,4.0,,,78.0,,,5.0,420.0,,,,,,,,,,,21.0,12.0,58.0,,1.0,87.0,,,,,,,,,1.0,,1.0,,1.0,,15.0,0.0,2.0,5.0,,5.0,5.0,15.0,3.0,,9.0,215.0,119.0,320.0,9.0,22.0,,24.0,104.0,1428.0,27.0,50.0,14.0,13.0,199.0,423.0,0.0,2.0,31.0,17.0,94.0,818.0,,29.0,29.0,9.0,15.0,,22.0,24.0,72.0,0.0,2.0
Sunderland_56,2016-17,160816,Donald Love,Accrington Stanley,Defender,Scotland,26.0,17.0,9.0,12.0,,,22.0,1.0,7.0,,,1.0,,4.0,,,73.0,37.0,36.0,0.3889,0.0514,,0.1308,10.0628,103.0,5.0,,,12.0,,,1.0,,,,11.0,9.0,2.0,47.0,20.0,27.0,,,,,,,14.0,3.0,,,81.0,1.0,1.0,,209.0,,,,,,,,,1.0,,11.0,7.0,37.0,,,9.0,,,,,,,,,,1.0,,,1.0,1.0,6.0,0.0,1.0,6.0,,5.0,5.0,3.0,3.0,,12.0,82.0,69.0,134.0,7.0,13.0,1.0,12.0,60.0,607.0,4.0,24.0,9.0,4.0,109.0,215.0,0.0,1.0,20.0,1.0,69.0,413.0,,15.0,15.0,2.0,22.0,,41.0,11.0,28.0,0.0,1.0
Sunderland_56,2016-17,45076,Lamine Koné,Sunderland,Defender,Cote d’Ivoire,121.0,43.0,78.0,30.0,,1.0,72.0,5.0,22.0,,5.0,,,2.0,,,203.0,75.0,128.0,0.3092,1.492,,1.4404,50.3829,392.0,8.0,,,30.0,,,,,,1.0,46.0,41.0,5.0,82.0,32.0,50.0,,,,0.0,5.0,3.0,44.0,2.0,,,223.0,,,2.0,769.0,,,,,,,,,3.0,,22.0,7.0,132.0,,1.0,100.0,,,,,,,,,5.0,,8.0,3.0,4.0,,29.0,0.0,1.0,1.0,,,,14.0,14.0,1.0,52.0,182.0,359.0,489.0,2.0,28.0,1.0,,2.0,2545.0,11.0,198.0,14.0,9.0,277.0,787.0,0.0,12.0,30.0,33.0,246.0,1185.0,,3.0,3.0,3.0,73.0,,124.0,74.0,122.0,1.0,4.0
Sunderland_56,2016-17,170851,Josh Robson,Sunderland,Defender,England,,,,,,,,,,,,,,,,,,,,,,,,,,,,,,,,,,,,,,,,,,,,,,,,,,,,,,,,,,,,,,,,,,,,,,,,,,,,,,,,,,,,,,,,0.0,,,,,,,,,,,,,,,,,,,,,,,,,0.0,,,,,,,,,,,,,,,,0.0
Sunderland_56,2016-17,28448,Lee Cattermole,Sunderland,Midfielder,England,13.0,6.0,7.0,8.0,,,40.0,,6.0,,,,,1.0,,,76.0,44.0,32.0,0.4009,0.097,,0.0428,13.1827,113.0,12.0,,,8.0,,,,,,,13.0,11.0,2.0,63.0,38.0,25.0,,,,,,,20.0,2.0,,,61.0,,1.0,,275.0,,,,,,,,,,,14.0,8.0,25.0,,,67.0,,,,,,,,,,,3.0,,1.0,1.0,8.0,0.0,7.0,,,,,3.0,4.0,6.0,43.0,119.0,95.0,171.0,4.0,9.0,3.0,,,640.0,7.0,9.0,14.0,9.0,86.0,281.0,0.0,4.0,13.0,1.0,67.0,377.0,,1.0,1.0,1.0,3.0,,16.0,11.0,51.0,0.0,4.0
Sunderland_56,2016-17,19057,Sebastian Larsson,Hull City,Midfielder,Sweden,27.0,13.0,14.0,21.0,7.0,,134.0,6.0,9.0,,2.0,1.0,43.0,5.0,,,143.0,81.0,62.0,2.4064,0.8327,0.4396,0.523,28.0214,212.0,19.0,,7.0,21.0,,,1.0,,,,33.0,32.0,1.0,116.0,68.0,48.0,,,,,,1.0,12.0,22.0,,,138.0,6.0,2.0,,608.0,,,,1.0,,,,,2.0,,23.0,13.0,110.0,,,158.0,,,,,,,,,,6.0,7.0,1.0,3.0,2.0,17.0,1.0,5.0,4.0,15.0,22.0,4.0,3.0,6.0,36.0,50.0,310.0,226.0,464.0,11.0,26.0,2.0,,9.0,1471.0,17.0,32.0,30.0,9.0,212.0,642.0,1.0,10.0,37.0,12.0,128.0,906.0,22.0,49.0,9.0,2.0,16.0,,47.0,17.0,81.0,0.0,4.0
Sunderland_56,2016-17,39187,Jeremain Lens,Besiktas,Midfielder,Netherlands,2.0,,2.0,2.0,,,2.0,3.0,1.0,,,,1.0,2.0,,,13.0,7.0,6.0,0.5448,0.1307,,,1.0049,8.0,1.0,,,2.0,,,,,,,1.0,,1.0,11.0,7.0,4.0,,,,,2.0,,2.0,2.0,,,5.0,1.0,,,20.0,,,,,,,,,,,3.0,2.0,3.0,,,5.0,,,,,,,,,2.0,1.0,,,,,,0.0,,2.0,1.0,1.0,,,1.0,2.0,2.0,13.0,2.0,12.0,,2.0,1.0,,,68.0,3.0,,1.0,3.0,13.0,20.0,0.0,,2.0,6.0,6.0,45.0,,1.0,,2.0,,,,1.0,6.0,0.0,0.0
Sunderland_56,2016-17,49384,Jack Rodwell,Sheffield United,Midfielder,England,57.0,24.0,33.0,20.0,,,66.0,7.0,8.0,,2.0,,,7.0,,,159.0,68.0,91.0,0.7031,1.3502,,0.6734,29.2992,197.0,16.0,,,20.0,,,1.0,,,,32.0,28.0,4.0,102.0,44.0,58.0,1.0,,,,2.0,3.0,19.0,7.0,,,153.0,5.0,2.0,1.0,567.0,,,,,,,,,1.0,,15.0,6.0,87.0,,,156.0,,,,,,,,,2.0,5.0,7.0,3.0,5.0,2.0,17.0,0.0,4.0,3.0,,,,9.0,3.0,24.0,27.0,240.0,207.0,420.0,10.0,28.0,3.0,,1.0,1493.0,10.0,52.0,23.0,12.0,150.0,572.0,0.0,12.0,38.0,15.0,125.0,780.0,,8.0,8.0,1.0,21.0,2.0,50.0,31.0,75.0,0.0,4.0
Sunderland_56,2016-17,60165,Wahbi Khazri,St Etienne,Forward,Tunisia,13.0,9.0,4.0,21.0,7.0,0.0,72.0,5.0,,,,,41.0,9.0,,,121.0,78.0,43.0,1.7172,1.2192,0.4166,2.6639,17.2839,84.0,12.0,,7.0,21.0,,,,,,1.0,21.0,21.0,,108.0,69.0,39.0,2.0,,,1.0,2.0,2.0,9.0,21.0,,,80.0,3.0,7.0,7.0,300.0,,,,,,,,,,,17.0,8.0,53.0,,1.0,81.0,,,,,,,,,2.0,3.0,8.0,2.0,10.0,7.0,7.0,0.0,3.0,14.0,8.0,14.0,3.0,13.0,1.0,23.0,29.0,190.0,68.0,215.0,2.0,8.0,4.0,1.0,10.0,838.0,38.0,2.0,20.0,16.0,195.0,317.0,0.0,18.0,10.0,25.0,73.0,556.0,27.0,53.0,18.0,14.0,5.0,,16.0,7.0,57.0,0.0,6.0
Sunderland_56,2016-17,144660,Didier Ndong,Watford,Midfielder,Gabon,61.0,39.0,22.0,31.0,,1.0,169.0,3.0,8.0,,5.0,,1.0,8.0,,,317.0,163.0,154.0,0.9838,0.7731,,0.9884,49.3277,246.0,29.0,1.0,,31.0,,,,,,1.0,48.0,45.0,3.0,256.0,124.0,132.0,,,,0.0,,1.0,50.0,16.0,,1.0,386.0,3.0,3.0,4.0,997.0,,,,1.0,,,,,3.0,,48.0,30.0,209.0,,,208.0,,,,,,,,,,3.0,8.0,1.0,5.0,3.0,27.0,0.0,3.0,4.0,,7.0,7.0,22.0,2.0,45.0,57.0,457.0,389.0,782.0,21.0,61.0,5.0,,6.0,2519.0,46.0,36.0,37.0,28.0,299.0,1009.0,0.0,13.0,82.0,19.0,170.0,1457.0,1.0,31.0,29.0,10.0,17.0,7.0,42.0,50.0,128.0,0.0,5.0
Sunderland_56,2016-17,7525,Steven Pienaar,Sunderland,Midfielder,South Africa,19.0,15.0,4.0,15.0,,,81.0,1.0,5.0,,,,2.0,4.0,,,113.0,58.0,55.0,0.3904,0.7728,,0.0455,13.7206,101.0,14.0,,,15.0,,,,,,,13.0,13.0,,94.0,43.0,51.0,,,,,,2.0,16.0,7.0,,,89.0,1.0,,,378.0,,,,,,,,,2.0,,13.0,3.0,55.0,1.0,,113.0,,,,,,,,,,1.0,1.0,2.0,2.0,,10.0,0.0,9.0,5.0,,2.0,2.0,6.0,1.0,15.0,15.0,200.0,107.0,290.0,5.0,14.0,3.0,,3.0,808.0,16.0,9.0,16.0,26.0,130.0,384.0,1.0,3.0,19.0,11.0,79.0,538.0,1.0,10.0,9.0,6.0,3.0,1.0,13.0,17.0,66.0,0.0,5.0
Sunderland_56,2016-17,27707,Darron Gibson,Salford City,Midfielder,Ireland,11.0,4.0,7.0,12.0,,,54.0,1.0,2.0,,,,6.0,1.0,,,52.0,28.0,24.0,0.2941,0.1564,,,11.7715,144.0,11.0,,,12.0,,,,,,,12.0,12.0,,41.0,24.0,17.0,1.0,,,,,,14.0,2.0,,,98.0,1.0,,,366.0,,,,,,,,,,,8.0,4.0,58.0,,,91.0,,,,,,,,,,1.0,5.0,,,,7.0,0.0,6.0,5.0,,,,4.0,7.0,10.0,35.0,159.0,151.0,275.0,2.0,11.0,1.0,,4.0,641.0,5.0,18.0,12.0,,99.0,387.0,0.0,5.0,13.0,1.0,77.0,479.0,6.0,11.0,6.0,2.0,10.0,,27.0,12.0,50.0,0.0,4.0
Sunderland_56,2016-17,114000,George Honeyman,Blackpool,Midfielder,England,2.0,1.0,1.0,5.0,,,26.0,,,,,,3.0,,,,39.0,15.0,24.0,0.1765,0.2836,,0.1671,3.8937,29.0,2.0,,,5.0,,,,,,,4.0,4.0,,37.0,14.0,23.0,1.0,,,,,1.0,4.0,2.0,,,26.0,,,2.0,107.0,,,,,,,,,,,7.0,5.0,13.0,,,27.0,,,,,,,1.0,,,,1.0,1.0,1.0,,2.0,0.0,1.0,3.0,1.0,1.0,,6.0,1.0,7.0,2.0,60.0,30.0,87.0,,9.0,,,,233.0,9.0,1.0,4.0,8.0,47.0,108.0,0.0,2.0,9.0,6.0,19.0,176.0,2.0,8.0,5.0,1.0,4.0,1.0,5.0,5.0,14.0,0.0,1.0
Sunderland_56,2016-17,149016,Lynden Gooch,Huddersfield Town,Defender,United States,8.0,7.0,1.0,11.0,,,16.0,3.0,,,,,4.0,4.0,,,65.0,38.0,27.0,0.2486,0.1944,,,9.5139,31.0,8.0,,,11.0,,,,,,,9.0,7.0,2.0,57.0,31.0,26.0,,,,,2.0,,6.0,4.0,,,22.0,1.0,,,98.0,,,,,,,,,2.0,,9.0,6.0,15.0,,,31.0,,,,,,,,,2.0,1.0,,,,,4.0,0.0,3.0,7.0,3.0,4.0,1.0,8.0,,5.0,4.0,57.0,24.0,73.0,1.0,11.0,,,,364.0,16.0,2.0,9.0,6.0,64.0,100.0,0.0,,12.0,7.0,23.0,196.0,,9.0,8.0,5.0,1.0,,5.0,5.0,18.0,0.0,3.0
Sunderland_56,2016-17,57736,Jan Kirchhoff,Bolton Wanderers,Defender,Germany,25.0,13.0,12.0,7.0,,,22.0,1.0,,,,,,,,,59.0,31.0,28.0,0.0888,0.2212,,,10.94,79.0,6.0,,,7.0,,,,,,,11.0,9.0,2.0,34.0,18.0,16.0,,,,,,,11.0,1.0,,,57.0,1.0,,,194.0,,,,,,,,,,,13.0,9.0,29.0,,,40.0,,,,,,,,,,1.0,2.0,,,,5.0,0.0,4.0,2.0,,1.0,1.0,1.0,1.0,3.0,7.0,88.0,57.0,137.0,4.0,10.0,1.0,,1.0,436.0,4.0,12.0,8.0,1.0,61.0,198.0,0.0,2.0,14.0,3.0,54.0,263.0,,,,2.0,10.0,,19.0,9.0,35.0,0.0,1.0
Sunderland_56,2016-17,149051,Ethan Robson,Gateshead,Midfielder,England,,,,,,,,,,,,,,,,,,,,,,,,,,,,,,,,,,,,,,,,,,,,,,,,,,,,,,,,,,,,,,,,,,,,,,,,,,,,,,,,,,,,,,,,0.0,,,,,,,,,,,,,,,,,,,,,,,,,0.0,,,,,,,,,,,,,,,,0.0
Sunderland_56,2016-17,204819,Elliot Embleton,Carlisle United,Midfielder,England,,,,,,,,,,,,,,,,,,,,,,,,,,,,,,,,,,,,,,,,,,,,,,,,,,,,,,,,,,,,,,,,,,,,,,,,,,,,,,,,,,,,,,,,0.0,,,,,,,,,,,,,,,,,,,,,,,,,0.0,,,,,,,,,,,,,,,,0.0
Sunderland_56,2016-17,154976,Adnan Januzaj,Sevilla,Midfielder,Belgium,52.0,39.0,13.0,25.0,,,74.0,11.0,1.0,,1.0,,41.0,14.0,,,293.0,168.0,125.0,3.238,1.3332,,0.8805,32.0252,117.0,14.0,,,25.0,,,3.0,,,,38.0,34.0,4.0,241.0,129.0,112.0,1.0,,,,6.0,5.0,9.0,31.0,,,114.0,5.0,2.0,3.0,343.0,,,,,,,,,2.0,,23.0,5.0,72.0,1.0,,50.0,,,,,,,,,6.0,5.0,8.0,5.0,7.0,2.0,18.0,0.0,8.0,7.0,7.0,15.0,4.0,57.0,,16.0,14.0,214.0,52.0,237.0,2.0,15.0,4.0,,6.0,1629.0,92.0,19.0,26.0,38.0,333.0,355.0,1.0,15.0,17.0,43.0,104.0,796.0,29.0,51.0,17.0,34.0,4.0,3.0,17.0,14.0,87.0,0.0,3.0
Sunderland_56,2016-17,77454,Fabio Borini,Salford City,Forward,Italy,61.0,34.0,27.0,24.0,1.0,1.0,161.0,10.0,2.0,,2.0,,2.0,16.0,,,241.0,135.0,106.0,0.3971,1.9616,0.124,2.1065,33.3839,122.0,16.0,,1.0,24.0,,,,,,2.0,34.0,33.0,1.0,180.0,101.0,79.0,1.0,,,1.0,7.0,6.0,23.0,15.0,,,102.0,3.0,6.0,,494.0,,,,,,,,,2.0,,35.0,17.0,88.0,,2.0,119.0,,,,,,,,,7.0,3.0,9.0,6.0,14.0,6.0,19.0,0.0,5.0,5.0,1.0,3.0,2.0,18.0,5.0,36.0,24.0,238.0,139.0,350.0,5.0,15.0,2.0,2.0,6.0,1740.0,53.0,27.0,27.0,42.0,251.0,504.0,0.0,23.0,20.0,46.0,130.0,848.0,1.0,34.0,32.0,12.0,11.0,5.0,30.0,27.0,100.0,0.0,5.0
Sunderland_56,2016-17,115854,Duncan Watmore,Rotherham United,Forward,England,33.0,25.0,8.0,14.0,,,50.0,6.0,2.0,,1.0,,,8.0,,,168.0,102.0,66.0,1.2057,0.9314,,1.0466,19.2856,62.0,4.0,1.0,,14.0,,,2.0,,,,20.0,17.0,3.0,135.0,77.0,58.0,,,,,3.0,3.0,8.0,9.0,,,47.0,3.0,1.0,4.0,191.0,,,,,,,,,1.0,,27.0,14.0,50.0,,,33.0,,,,,,,,,3.0,3.0,6.0,3.0,4.0,1.0,11.0,0.0,8.0,3.0,,4.0,4.0,25.0,,9.0,6.0,98.0,34.0,122.0,3.0,9.0,2.0,,1.0,1028.0,55.0,6.0,10.0,22.0,176.0,192.0,0.0,10.0,12.0,54.0,64.0,435.0,,18.0,18.0,28.0,4.0,,10.0,12.0,54.0,0.0,1.0
Sunderland_56,2016-17,7958,Jermain Defoe,Sunderland,Forward,England,23.0,21.0,2.0,37.0,2.0,7.0,167.0,38.0,2.0,,6.0,,,21.0,,,188.0,112.0,76.0,1.6828,13.2805,0.1035,12.1139,64.8785,91.0,9.0,1.0,2.0,37.0,,,2.0,,,15.0,63.0,57.0,6.0,165.0,91.0,74.0,5.0,,2.0,8.0,26.0,13.0,3.0,18.0,,5.0,81.0,12.0,3.0,36.0,359.0,,,,,,,5.0,5.0,4.0,,34.0,15.0,73.0,,10.0,116.0,,,,,,,,,26.0,12.0,30.0,13.0,31.0,3.0,37.0,0.0,2.0,,,3.0,3.0,27.0,,26.0,6.0,230.0,134.0,355.0,7.0,12.0,1.0,,2.0,3322.0,60.0,2.0,24.0,28.0,240.0,455.0,0.0,61.0,19.0,146.0,94.0,828.0,,16.0,16.0,21.0,2.0,6.0,11.0,22.0,83.0,3.0,1.0
Sunderland_56,2016-17,195480,Josh Maja,West Bromwich Albion,Forward,Nigeria,,,,,,,,,,,,,,,,,,,,,,,,,,,,,,,,,,,,,,,,,,,,,,,,,,,,,,,,,,,,,,,,,,,,,,,,,,,,,,,,,,,,,,,,0.0,,,,,,,,,,,,,,,,,,,,,,,,,0.0,,,,,,,,,,,,,,,,0.0
Sunderland_56,2016-17,28593,Victor Anichebe,Sunderland,Forward,Nigeria,129.0,50.0,79.0,18.0,,1.0,110.0,13.0,1.0,,3.0,,,14.0,,,250.0,117.0,133.0,1.3267,2.39,,2.4002,22.7372,97.0,7.0,1.0,,18.0,,,,,,3.0,21.0,20.0,1.0,121.0,67.0,54.0,,,1.0,2.0,11.0,4.0,8.0,11.0,,2.0,67.0,2.0,2.0,6.0,364.0,,,,,,,,,2.0,,22.0,9.0,46.0,,1.0,92.0,,,,,,,,,11.0,2.0,8.0,4.0,9.0,2.0,14.0,0.0,2.0,4.0,,5.0,5.0,13.0,,29.0,8.0,175.0,61.0,223.0,2.0,7.0,,,3.0,1216.0,36.0,30.0,27.0,33.0,244.0,366.0,0.0,17.0,9.0,75.0,135.0,638.0,,32.0,32.0,11.0,6.0,6.0,9.0,13.0,126.0,0.0,2.0
Sunderland_56,2016-17,219727,Joel Asoro,Djurgården,Forward,Sweden,1.0,1.0,,1.0,,,,,,,,,,,,,1.0,1.0,,,,,,,,,,,1.0,,,,,,,,,,,,,,,,,,,,,,,,,,,1.0,,,,,,,,,,,1.0,1.0,,,,1.0,,,,,,,,,,,,,,,,0.0,,1.0,,,,,,,,,,,,,,,,9.0,,,,,2.0,1.0,0.0,,,1.0,1.0,3.0,,,,,,,,1.0,1.0,0.0,0.0
Sunderland_56,2025-26,74854,Simon Moore,Sunderland,Goalkeeper,England,,,,,,,,,,,,,,,,,,,,,,,,,,,,,,,,,,,,,,,,,,,,,,,,,,,,,,,,,,,,,,,,,,,,,,,,,,,,,,,,,,,,,,,,0.0,,,,,,,,,,,,,,,,,,,,,,,,,0.0,,,,,,,,,,,,,,,,0.0
Sunderland_56,2025-26,498016,Robin Roefs,Sunderland,Goalkeeper,Netherlands,24.0,,24.0,35.0,,,1.0,,,45.0,10.0,,,,,5.0,37.0,2.0,35.0,0.1534,,,,44.2276,846.0,,,,35.0,189.0,117.0,,163.0,4.0,,46.0,38.0,8.0,13.0,2.0,11.0,,,,,,,,5.0,,,189.0,,,,973.0,,,,,3.0,1.0,,,2.0,25.0,,,334.0,,,285.0,1.0,109.0,2.0,72.0,36.0,31.0,,,,,,,,,35.0,0.0,,,,,,1.0,92.0,,203.0,158.0,683.0,638.0,,,,,,3150.0,,37.0,,14.0,490.0,1321.0,0.0,,,,480.0,1688.0,,,,,291.0,,475.0,58.0,5.0,0.0,4.0
Sunderland_56,2025-26,515046,Melker Ellborg,Sunderland,Goalkeeper,Sweden,,,,3.0,,,,,,,1.0,,,,,,2.0,,2.0,0.0186,,,,2.6062,70.0,,,,3.0,17.0,12.0,,15.0,1.0,,2.0,2.0,,2.0,,2.0,,,,,,,,,,,15.0,,,,67.0,,,,,,,,,,3.0,1.0,,33.0,,,13.0,,10.0,,5.0,5.0,3.0,,,,,,,,,3.0,0.0,,,,,,1.0,4.0,,13.0,7.0,39.0,33.0,,,,,,270.0,,6.0,,1.0,52.0,98.0,0.0,,,,52.0,131.0,,,,,32.0,,51.0,5.0,1.0,0.0,0.0
Sunderland_56,2025-26,461195,Dennis Cirkin,Sunderland,Defender,Latvia,10.0,5.0,5.0,8.0,,,28.0,,1.0,,1.0,,,,,,35.0,17.0,18.0,0.0274,0.075,,,3.3157,44.0,1.0,,,8.0,,,,,,,2.0,2.0,,25.0,12.0,13.0,,,,,,,5.0,,,,9.0,,,,98.0,,,,,,,,,,,7.0,2.0,8.0,,,18.0,,,,,,,,,,,1.0,,,,3.0,0.0,1.0,5.0,,1.0,1.0,3.0,,,1.0,38.0,40.0,76.0,3.0,5.0,,3.0,17.0,320.0,6.0,14.0,4.0,2.0,39.0,99.0,0.0,1.0,8.0,4.0,22.0,177.0,,2.0,2.0,1.0,2.0,,3.0,7.0,19.0,0.0,2.0
Sunderland_56,2025-26,223827,Dan Ballard,Sunderland,Defender,Northern Ireland,183.0,77.0,106.0,29.0,,0.0,76.0,5.0,24.0,,6.0,1.0,,3.0,,,285.0,117.0,168.0,0.6584,2.4595,,2.2511,27.7888,413.0,8.0,1.0,,29.0,66.0,,,66.0,,2.0,34.0,28.0,6.0,102.0,40.0,62.0,1.0,1.0,,2.0,5.0,7.0,20.0,15.0,,,400.0,,,3.0,1025.0,,,,,,,,,2.0,,9.0,5.0,69.0,,1.0,214.0,,,,,,,,,5.0,,12.0,7.0,9.0,,24.0,1.0,3.0,5.0,,1.0,1.0,3.0,10.0,1.0,58.0,270.0,636.0,848.0,15.0,18.0,3.0,,2.0,2148.0,8.0,185.0,29.0,30.0,221.0,1103.0,1.0,21.0,33.0,72.0,197.0,1493.0,,1.0,1.0,2.0,51.0,,98.0,46.0,99.0,0.0,4.0
Sunderland_56,2025-26,247955,Lutsharel Geertruida,Sunderland,Defender,Netherlands,26.0,14.0,12.0,28.0,,,124.0,4.0,10.0,,3.0,1.0,,2.0,,,112.0,49.0,63.0,0.8311,1.152,,0.8059,23.1134,263.0,9.0,,,28.0,1.0,,,1.0,,,23.0,19.0,4.0,86.0,35.0,51.0,,,1.0,,1.0,3.0,19.0,8.0,2.0,,198.0,3.0,,1.0,734.0,,,,,,,,,1.0,,22.0,11.0,71.0,,,158.0,,,,,,,,,1.0,3.0,4.0,3.0,3.0,,17.0,0.0,3.0,11.0,,2.0,2.0,7.0,3.0,7.0,26.0,288.0,354.0,614.0,16.0,21.0,1.0,16.0,41.0,1685.0,8.0,47.0,15.0,7.0,153.0,743.0,0.0,7.0,37.0,14.0,103.0,1008.0,,7.0,7.0,5.0,18.0,,28.0,40.0,75.0,0.0,2.0
Sunderland_56,2025-26,201895,Omar Alderete,Sunderland,Defender,Paraguay,153.0,65.0,88.0,33.0,,1.0,90.0,7.0,29.0,,9.0,,,5.0,,,269.0,123.0,146.0,0.9191,1.644,,1.4859,39.9712,548.0,8.0,,,33.0,8.0,,1.0,8.0,,1.0,40.0,35.0,5.0,116.0,58.0,58.0,,1.0,3.0,0.0,6.0,5.0,36.0,8.0,,,217.0,1.0,3.0,5.0,1278.0,,3.0,,,,,,,2.0,,23.0,10.0,103.0,,,449.0,,,,,,,,,6.0,1.0,8.0,5.0,9.0,3.0,32.0,0.0,5.0,1.0,,3.0,3.0,17.0,12.0,2.0,78.0,358.0,702.0,979.0,14.0,18.0,3.0,,2.0,2802.0,16.0,217.0,34.0,10.0,299.0,1304.0,0.0,17.0,32.0,47.0,247.0,1782.0,,8.0,8.0,4.0,42.0,,117.0,65.0,130.0,1.0,6.0
Sunderland_56,2025-26,434399,Reinildo Mandava,Sunderland,Defender,Mozambique,62.0,28.0,34.0,25.0,,,212.0,2.0,14.0,,6.0,,,3.0,,,220.0,99.0,121.0,0.6994,0.1781,,,26.0952,306.0,17.0,1.0,,25.0,,,1.0,,,,26.0,20.0,6.0,158.0,71.0,87.0,1.0,,,,1.0,,31.0,5.0,,,70.0,1.0,,1.0,810.0,,,,1.0,,,,,1.0,,27.0,11.0,90.0,,,226.0,,,,,,,,,1.0,1.0,2.0,,,,23.0,1.0,3.0,2.0,,4.0,4.0,15.0,5.0,8.0,24.0,335.0,368.0,675.0,16.0,23.0,,22.0,88.0,1969.0,25.0,81.0,32.0,35.0,208.0,814.0,1.0,2.0,39.0,15.0,115.0,1265.0,,19.0,19.0,12.0,21.0,,43.0,42.0,72.0,0.0,7.0
Sunderland_56,2025-26,200834,Nordi Mukiele,Sunderland,Defender,France,132.0,53.0,79.0,32.0,,1.0,132.0,10.0,10.0,,8.0,,,14.0,,,314.0,131.0,183.0,2.4851,1.8846,,1.3319,38.9486,517.0,18.0,,,32.0,38.0,,4.0,38.0,,3.0,40.0,32.0,8.0,182.0,78.0,104.0,,1.0,,2.0,7.0,1.0,40.0,20.0,2.0,1.0,399.0,3.0,,3.0,1133.0,,2.0,1.0,,,,,,1.0,,64.0,16.0,131.0,,1.0,141.0,,,,,,,,,7.0,3.0,12.0,1.0,4.0,,32.0,0.0,3.0,,,14.0,14.0,13.0,5.0,3.0,46.0,443.0,506.0,889.0,23.0,46.0,3.0,114.0,122.0,2787.0,29.0,156.0,35.0,26.0,518.0,1189.0,0.0,16.0,69.0,58.0,254.0,2020.0,,72.0,72.0,14.0,43.0,,75.0,81.0,179.0,2.0,5.0
Sunderland_56,2025-26,487676,Trai Hume,Sunderland,Defender,Northern Ireland,133.0,68.0,65.0,38.0,,1.0,166.0,12.0,12.0,,8.0,1.0,22.0,14.0,,,328.0,153.0,175.0,2.0126,2.1546,,2.2296,37.5198,425.0,18.0,,,38.0,,,1.0,,,2.0,42.0,35.0,7.0,195.0,85.0,110.0,,,3.0,1.0,5.0,4.0,25.0,28.0,2.0,,284.0,7.0,1.0,1.0,1025.0,,2.0,1.0,1.0,,,,,2.0,,83.0,41.0,102.0,,2.0,173.0,,,,,,,,,5.0,7.0,15.0,4.0,7.0,1.0,34.0,0.0,8.0,4.0,5.0,13.0,7.0,5.0,8.0,15.0,42.0,447.0,356.0,748.0,20.0,47.0,3.0,46.0,97.0,3037.0,23.0,99.0,31.0,39.0,443.0,1048.0,0.0,22.0,67.0,47.0,258.0,1723.0,15.0,73.0,45.0,14.0,31.0,1.0,58.0,68.0,200.0,0.0,9.0
Sunderland_56,2025-26,514613,Zak Johnson,Sunderland U21,Defender,England,,,,,,,,,,,,,,,,,,,,,,,,,,,,,,,,,,,,,,,,,,,,,,,,,,,,,,,,,,,,,,,,,,,,,,,,,,,,,,,,,,,,,,,,0.0,,,,,,,,,,,,,,,,,,,,,,,,,0.0,,,,,,,,,,,,,,,,0.0
Sunderland_56,2025-26,232356,Jenson Jones,Sunderland,Defender,England,,,,,,,,,,,,,,,,,,,,,,,,,,,,,,,,,,,,,,,,,,,,,,,,,,,,,,,,,,,,,,,,,,,,,,,,,,,,,,,,,,,,,,,,0.0,,,,,,,,,,,,,,,,,,,,,,,,,0.0,,,,,,,,,,,,,,,,0.0
Sunderland_56,2025-26,223336,Dan Neil,Sunderland U21,Midfielder,England,2.0,2.0,,3.0,,,1.0,,,,,,,,,,3.0,2.0,1.0,0.0009,,,,0.1298,3.0,,,,3.0,,,,,,,,,,1.0,,1.0,,,,,,,1.0,,,,5.0,,,,9.0,,,,,,,,,,,,,,,,,,,,,,,,,,,,,,,,0.0,,3.0,,,,,,1.0,1.0,4.0,4.0,7.0,,,,,,13.0,,1.0,,1.0,1.0,9.0,0.0,,,,1.0,14.0,,,,,,,,,1.0,0.0,0.0
Sunderland_56,2025-26,554197,Chris Rigg,Sunderland,Midfielder,England,13.0,9.0,4.0,18.0,,1.0,69.0,3.0,1.0,,,,,3.0,,,65.0,33.0,32.0,1.1481,0.8401,,0.9489,10.7971,77.0,4.0,,,18.0,,,1.0,,,1.0,11.0,11.0,,52.0,24.0,28.0,,,,0.0,2.0,2.0,4.0,8.0,,1.0,50.0,1.0,,2.0,213.0,,3.0,,,,,,,,,10.0,4.0,29.0,,,17.0,,,,,,,,,2.0,1.0,6.0,2.0,3.0,,11.0,0.0,9.0,7.0,,4.0,4.0,7.0,2.0,11.0,10.0,105.0,52.0,143.0,5.0,8.0,2.0,,2.0,766.0,11.0,10.0,8.0,8.0,95.0,213.0,0.0,9.0,13.0,20.0,60.0,323.0,,7.0,7.0,6.0,8.0,1.0,11.0,22.0,49.0,0.0,1.0
Sunderland_56,2025-26,167512,Luke O'Nien,Sunderland,Midfielder,England,22.0,13.0,9.0,12.0,,,14.0,1.0,1.0,,2.0,,,1.0,,,44.0,20.0,24.0,0.1397,0.1493,,0.0664,8.3439,107.0,3.0,,,12.0,6.0,,1.0,6.0,,,7.0,5.0,2.0,22.0,7.0,15.0,,,1.0,,1.0,1.0,6.0,1.0,,,73.0,,,,233.0,,,,,,,,,,,6.0,3.0,10.0,,,51.0,,,,,,,,,1.0,,2.0,1.0,1.0,,5.0,1.0,,7.0,,,,1.0,5.0,,16.0,89.0,116.0,189.0,1.0,5.0,,21.0,12.0,564.0,1.0,30.0,6.0,8.0,78.0,245.0,1.0,3.0,6.0,9.0,40.0,363.0,,7.0,7.0,,13.0,,23.0,9.0,17.0,0.0,1.0
Sunderland_56,2025-26,547027,Habib Diarra,Sunderland,Midfielder,Senegal,24.0,13.0,11.0,20.0,,1.0,127.0,4.0,,,4.0,,,9.0,,,128.0,70.0,58.0,0.8293,3.4148,,2.4923,19.1749,102.0,9.0,1.0,,20.0,,,2.0,,,2.0,19.0,18.0,1.0,104.0,57.0,47.0,,,,1.0,2.0,6.0,4.0,5.0,1.0,,109.0,2.0,,3.0,418.0,,,,,,,1.0,1.0,1.0,,33.0,8.0,48.0,,2.0,98.0,,,,,,,,,2.0,2.0,14.0,6.0,8.0,,15.0,0.0,7.0,5.0,,4.0,4.0,6.0,,19.0,4.0,215.0,146.0,353.0,7.0,7.0,3.0,,3.0,1407.0,30.0,13.0,20.0,27.0,152.0,436.0,0.0,22.0,14.0,46.0,79.0,647.0,,28.0,28.0,16.0,5.0,1.0,11.0,18.0,68.0,1.0,6.0
Sunderland_56,2025-26,577669,Noah Sadiki,Sunderland,Midfielder,DR Congo,30.0,19.0,11.0,33.0,,,254.0,9.0,11.0,,7.0,1.0,,9.0,,,230.0,107.0,123.0,1.4446,1.4139,,0.7486,37.7179,302.0,11.0,,,33.0,,,1.0,,,,42.0,34.0,8.0,200.0,88.0,112.0,3.0,,,,8.0,2.0,34.0,18.0,,,228.0,1.0,3.0,2.0,1072.0,,5.0,,,,,,,2.0,,59.0,40.0,114.0,,,322.0,,,,,,,,,8.0,1.0,4.0,2.0,5.0,3.0,33.0,0.0,7.0,,,4.0,4.0,27.0,5.0,35.0,38.0,503.0,445.0,906.0,22.0,24.0,4.0,1.0,11.0,2894.0,42.0,44.0,32.0,40.0,274.0,1106.0,0.0,9.0,46.0,36.0,162.0,1550.0,,17.0,17.0,17.0,26.0,3.0,44.0,45.0,118.0,0.0,9.0
Sunderland_56,2025-26,484420,Enzo Le Fée,Sunderland,Midfielder,France,69.0,51.0,18.0,36.0,4.0,1.0,278.0,12.0,12.0,,8.0,,50.0,18.0,,,342.0,185.0,157.0,5.9152,5.155,0.1731,4.8652,41.9658,317.0,21.0,,4.0,36.0,,,6.0,,,5.0,43.0,36.0,7.0,273.0,134.0,139.0,,,1.0,4.0,5.0,4.0,29.0,47.0,,1.0,222.0,7.0,3.0,4.0,1075.0,,8.0,,,,,4.0,3.0,2.0,,64.0,32.0,154.0,,4.0,296.0,,,,,,,,,5.0,7.0,12.0,4.0,12.0,3.0,33.0,0.0,8.0,3.0,15.0,25.0,9.0,13.0,2.0,43.0,33.0,568.0,363.0,873.0,32.0,57.0,16.0,,18.0,2934.0,64.0,36.0,31.0,37.0,432.0,1113.0,0.0,24.0,89.0,62.0,207.0,1748.0,29.0,75.0,35.0,33.0,8.0,1.0,25.0,47.0,182.0,1.0,5.0
Sunderland_56,2025-26,626844,Milan Aleksic,Sunderland,Midfielder,Serbia,,,,,,,,,,,,,,,,,,,,,,,,,,,,,,,,,,,,,,,,,,,,,,,,,,,,,,,,,,,,,,,,,,,,,,,,,,,,,,,,,,,,,,,,0.0,,,,,,,,,,,,,,,,,,,,,,,,,0.0,,,,,,,,,,,,,,,,0.0
Sunderland_56,2025-26,84450,Granit Xhaka,Sunderland,Midfielder,Switzerland,91.0,35.0,56.0,34.0,3.0,0.0,286.0,6.0,20.0,,9.0,,61.0,9.0,,,257.0,102.0,155.0,3.707,1.0167,0.1775,0.7928,40.4497,655.0,10.0,,3.0,34.0,,,6.0,,,1.0,39.0,33.0,6.0,166.0,67.0,99.0,2.0,,1.0,1.0,2.0,1.0,29.0,28.0,1.0,1.0,503.0,4.0,3.0,,1653.0,,,,,,,,,,,32.0,14.0,179.0,,,363.0,,,,,,,,,2.0,4.0,10.0,1.0,5.0,3.0,32.0,0.0,2.0,2.0,10.0,23.0,7.0,11.0,10.0,30.0,138.0,875.0,660.0,1374.0,17.0,33.0,8.0,,6.0,2903.0,30.0,85.0,23.0,41.0,429.0,1807.0,0.0,15.0,50.0,16.0,295.0,2295.0,40.0,76.0,19.0,13.0,45.0,,113.0,63.0,182.0,0.0,8.0
Sunderland_56,2025-26,477851,Abdoullah Ba,Sunderland,Midfielder,France,,,,,,,,,,,,,,,,,,,,,,,,,,,,,,,,,,,,,,,,,,,,,,,,,,,,,,,,,,,,,,,,,,,,,,,,,,,,,,,,,,,,,,,,0.0,,,,,,,,,,,,,,,,,,,,,,,,,0.0,,,,,,,,,,,,,,,,0.0
Sunderland_56,2025-26,547410,Harrison Jones,Sunderland,Midfielder,England,,,,,,,,,,,,,,,,,,,,,,,,,,,,,,,,,,,,,,,,,,,,,,,,,,,,,,,,,,,,,,,,,,,,,,,,,,,,,,,,,,,,,,,,0.0,,,,,,,,,,,,,,,,,,,,,,,,,0.0,,,,,,,,,,,,,,,,0.0
Sunderland_56,2025-26,571087,Jaydon Jones,Sunderland,Midfielder,England,,,,,,,,,,,,,,,,,,,,,,,,,,,,,,,,,,,,,,,,,,,,,,,,,,,,,,,,,,,,,,,,,,,,,,,,,,,,,,,,,,,,,,,,0.0,,,,,,,,,,,,,,,,,,,,,,,,,0.0,,,,,,,,,,,,,,,,0.0
Sunderland_56,2025-26,570929,Jack Whittaker,Sunderland,Midfielder,England,,,,,,,,,,,,,,,,,,,,,,,,,,,,,,,,,,,,,,,,,,,,,,,,,,,,,,,,,,,,,,,,,,,,,,,,,,,,,,,,,,,,,,,,0.0,,,,,,,,,,,,,,,,,,,,,,,,,0.0,,,,,,,,,,,,,,,,0.0
Sunderland_56,2025-26,549912,Chemsdine Talbi,Sunderland,Forward,Morocco,14.0,13.0,1.0,28.0,,3.0,149.0,5.0,1.0,,1.0,,1.0,11.0,,,91.0,62.0,29.0,1.1864,2.1342,,3.8317,18.607,64.0,1.0,,,28.0,,,1.0,,,4.0,14.0,10.0,4.0,77.0,49.0,28.0,,,,1.0,3.0,4.0,2.0,11.0,,,89.0,2.0,2.0,2.0,402.0,,9.0,,,,,,,,,33.0,9.0,61.0,,4.0,100.0,,,,,,,,,3.0,2.0,10.0,4.0,10.0,2.0,16.0,0.0,14.0,12.0,1.0,7.0,6.0,16.0,1.0,18.0,13.0,206.0,128.0,314.0,5.0,6.0,1.0,,8.0,1561.0,31.0,17.0,5.0,1.0,192.0,402.0,0.0,20.0,11.0,48.0,75.0,637.0,,42.0,42.0,20.0,6.0,1.0,10.0,18.0,65.0,1.0,0.0
Sunderland_56,2025-26,441264,Brian Brobbey,Sunderland,Forward,Netherlands,139.0,74.0,65.0,31.0,,4.0,83.0,7.0,6.0,,1.0,,,10.0,,,262.0,150.0,112.0,0.6794,5.9397,,7.1484,26.5882,45.0,13.0,1.0,,31.0,,,1.0,,,7.0,30.0,25.0,5.0,123.0,76.0,47.0,2.0,2.0,1.0,3.0,6.0,11.0,,14.0,,1.0,62.0,1.0,,8.0,272.0,,,,1.0,,,,,2.0,,26.0,15.0,44.0,,4.0,85.0,,,,,,,,,6.0,1.0,11.0,11.0,18.0,,22.0,0.0,16.0,9.0,,,,2.0,,24.0,4.0,139.0,59.0,194.0,7.0,2.0,,,1.0,1931.0,43.0,15.0,32.0,37.0,182.0,275.0,0.0,29.0,9.0,93.0,77.0,538.0,,2.0,2.0,14.0,,7.0,3.0,14.0,74.0,3.0,6.0
Sunderland_56,2025-26,536661,Nilson Angulo,Sunderland,Forward,Ecuador,13.0,8.0,5.0,8.0,,,20.0,1.0,,,,,,5.0,,,61.0,36.0,25.0,0.1126,0.7808,,0.5345,5.2948,22.0,6.0,,,8.0,,,,,,,6.0,4.0,2.0,48.0,28.0,20.0,,,,,1.0,1.0,5.0,3.0,,,14.0,,2.0,1.0,78.0,,3.0,,,,,,,1.0,,5.0,2.0,9.0,,,22.0,,,,,,,,,1.0,,3.0,1.0,3.0,2.0,5.0,0.0,5.0,3.0,,1.0,,7.0,,2.0,,42.0,16.0,57.0,3.0,7.0,,,1.0,406.0,14.0,11.0,11.0,3.0,59.0,78.0,0.0,6.0,10.0,16.0,21.0,177.0,,5.0,4.0,9.0,2.0,,2.0,1.0,19.0,0.0,1.0
Sunderland_56,2025-26,564406,Eliezer Mayenda,Sunderland,Forward,Spain,44.0,29.0,15.0,20.0,,1.0,18.0,5.0,1.0,,1.0,,,4.0,,,122.0,80.0,42.0,0.2136,2.145,,3.7796,9.0406,28.0,2.0,,,20.0,,,,,,2.0,9.0,8.0,1.0,78.0,51.0,27.0,,1.0,,1.0,4.0,4.0,1.0,4.0,,1.0,31.0,1.0,,3.0,85.0,,6.0,,,,,,,1.0,,13.0,7.0,14.0,,,8.0,,,,,,,,,4.0,1.0,2.0,4.0,6.0,,8.0,0.0,7.0,12.0,,,,11.0,,6.0,1.0,43.0,13.0,55.0,4.0,1.0,,,,756.0,42.0,5.0,6.0,11.0,100.0,85.0,0.0,8.0,5.0,31.0,29.0,228.0,,1.0,1.0,21.0,,1.0,2.0,,27.0,1.0,0.0
Sunderland_56,2025-26,461199,Romaine Mundle,Sunderland,Forward,England,8.0,3.0,5.0,14.0,,,31.0,2.0,,,,,1.0,2.0,,,63.0,39.0,24.0,0.4741,0.8612,,0.0977,8.4922,16.0,4.0,,,14.0,,,,,,,11.0,10.0,1.0,55.0,36.0,19.0,,,,,2.0,1.0,1.0,1.0,,,7.0,,1.0,,103.0,,3.0,,,,,,,2.0,,10.0,4.0,22.0,,,50.0,,,,,,,,,2.0,,3.0,1.0,2.0,1.0,2.0,0.0,2.0,12.0,,2.0,2.0,7.0,,4.0,2.0,61.0,30.0,87.0,,5.0,,,,400.0,22.0,6.0,7.0,8.0,64.0,104.0,0.0,5.0,5.0,18.0,15.0,208.0,,9.0,9.0,8.0,1.0,2.0,2.0,7.0,13.0,0.0,1.0
Sunderland_56,2025-26,437505,Wilson Isidor,Sunderland,Forward,Haiti,95.0,70.0,25.0,32.0,,3.0,31.0,12.0,1.0,,1.0,,,6.0,,,168.0,119.0,49.0,0.3888,4.747,,5.2071,18.659,38.0,7.0,,,32.0,,,,,,6.0,17.0,14.0,3.0,73.0,49.0,24.0,1.0,1.0,,3.0,12.0,9.0,1.0,,,,30.0,,2.0,11.0,135.0,,1.0,,,,,,,,,13.0,6.0,23.0,,5.0,36.0,,,,,,,,,12.0,,14.0,9.0,17.0,2.0,11.0,0.0,11.0,21.0,,,,6.0,,13.0,1.0,58.0,23.0,80.0,3.0,8.0,2.0,,,1158.0,32.0,15.0,14.0,7.0,111.0,135.0,0.0,31.0,11.0,67.0,54.0,302.0,,,,18.0,,2.0,6.0,8.0,48.0,1.0,1.0
Sunderland_56,2025-26,110504,Bertrand Traoré,Sunderland,Forward,Burkina Faso,18.0,12.0,6.0,12.0,,0.0,52.0,4.0,3.0,,,,,2.0,,,86.0,44.0,42.0,0.2419,0.5595,,1.4678,10.2673,37.0,4.0,,,12.0,,,,,,1.0,9.0,7.0,2.0,68.0,32.0,36.0,1.0,,,1.0,4.0,3.0,2.0,8.0,,1.0,76.0,,2.0,1.0,180.0,,1.0,,,,,,,,,11.0,5.0,18.0,,,15.0,,,,,,,,,4.0,,3.0,3.0,6.0,2.0,9.0,0.0,10.0,3.0,,1.0,1.0,14.0,1.0,5.0,3.0,97.0,47.0,140.0,7.0,4.0,,,,638.0,17.0,6.0,11.0,11.0,91.0,180.0,0.0,9.0,11.0,23.0,37.0,318.0,,12.0,12.0,8.0,2.0,2.0,5.0,9.0,32.0,0.0,1.0
Sunderland_56,2025-26,611975,Ahmed Abdullahi,Sunderland,Forward,Nigeria,,,,,,,,,,,,,,,,,,,,,,,,,,,,,,,,,,,,,,,,,,,,,,,,,,,,,,,,,,,,,,,,,,,,,,,,,,,,,,,,,,,,,,,,0.0,,,,,,,,,,,,,,,,,,,,,,,,,0.0,,,,,,,,,,,,,,,,0.0
Sunderland_56,2025-26,699989,Djiamgone Jocelin Ta Bi,Sunderland,Forward,Cote d’Ivoire,2.0,2.0,,1.0,,,,,,,,,3.0,1.0,,,8.0,4.0,4.0,0.0412,,,,,1.0,,,,1.0,,,,,,,,,,6.0,2.0,4.0,,,,,,,,,,,1.0,,,,2.0,,1.0,,,,,,,,,2.0,1.0,2.0,,,,,,,,,,,,,,,,,,1.0,0.0,1.0,,1.0,1.0,,2.0,,,,3.0,,2.0,1.0,,,,,39.0,2.0,,,1.0,9.0,2.0,0.0,,1.0,1.0,,18.0,2.0,4.0,2.0,1.0,,,,,,0.0,0.0
Sunderland_56,2025-26,610818,Finn Geragusyan,Sunderland,Forward,Armenia,,,,,,,,,,,,,,,,,,,,,,,,,,,,,,,,,,,,,,,,,,,,,,,,,,,,,,,,,,,,,,,,,,,,,,,,,,,,,,,,,,,,,,,,0.0,,,,,,,,,,,,,,,,,,,,,,,,,0.0,,,,,,,,,,,,,,,,0.0
