playerId,playerName,position,team_name,team_id,nationality,season,expectedAssists,totalRedCards,catches,totalTackles,savesMadeFromOutsideBox,unsuccessfulShortPasses,gamesPlayed,starts,totalUnsuccessfulPassesExclCrossesAndCorners,totalPasses,goalKicks,savesMadeCaught,aerialDuels,cleanSheets,penaltiesFaced,timePlayed,duelsWon,goalsConcededOutsideBox,putthroughBlockedDistribution,groundDuelsWon,successfulShortPasses,punches,penaltyGoalsConceded,expectedGoalsOnTargetConceded,successfulLaunches,totalClearances,goalsConceded,rightsidePasses,savesMade,totalFoulsWon,winningGoal,duels,goalkeeperSmother,forwardPasses,recoveries,appearances,drops,successfulPassesOppositionHalf,goalsConcededInsideBox,groundDuels,aerialDuelsWon,straightRedCards,gkSuccessfulDistribution,openPlayPasses,cornersWon,totalLossesOfPossession,tacklesWon,successfulDribbles,gkUnsuccessfulDistribution,savesMadeParried,leftsidePasses,successfulLongPasses,touches,throwInsToOwnPlayer,unsuccessfulLaunches,successfulPassesOwnHalf,savesMadeFromInsideBox,yellowCards,unsuccessfulLongPasses,unsuccessfulPassesOwnHalf,duelsLost,successfulCrossesOpenPlay,fiftyFifty,shotsOnTargetIncGoals,expectedGoalsOnTarget,totalShots,goalAssists,successfulFiftyFifty,goals,awayGoals,successfulCrossesAndCorners,iboxTarget,shotsOnTargetInBox,aerialDuelsLost,penaltiesConceded,totalTouchesInOppositionBox,ownGoalScored,keyPassesAttemptAssists,groundDuelsLost,putthroughBlockedDistributionWon,homeGoals,tacklesLost,leftFootGoals,unsuccessfulDribbles,headedGoals,timesTackled,shotsOffTargetIncWoodwork,blocks,totalFoulsConceded,interceptions,backwardPasses,substituteOff,foulAttemptedTackle,handballsConceded,expectedGoals,blockedShots,overruns,throughBalls,successfulLayoffs,unsuccessfulCrossesOpenPlay,offsides,oboxBlocked,substituteOn,shotsOnTargetOutsideBox,throwInsToOppositionPlayer,oboxTarget,unsuccessfulCrossesAndCorners,shotsBlockedOutsideBox,shotsBlockedInBox,rightFootGoals,iboxBlocked,secondGoalAssists,lastPlayerTackle,unsuccessfulLayoffs,hitWoodwork,successfulCornersIntoBox,freekickTotal,attemptsFromSetPieces,unsuccessfulCornersIntoBox,expectedGoalsFreekick,cornersTakenInclShortCorners,penaltiesTaken,penaltyGoals,foulWonPenalty,clearancesOffTheLine,penaltiesSaved,savesFromPenalty,crossesNotClaimed,setPiecesGoals,redCards2ndYellow,otherGoals
225321,Aaron Ramsdale,Goalkeeper,Newcastle United,4,England,2022-23,0.0488,0.0,17.0,1.0,22.0,8.0,38.0,38.0,342.0,934.0,153.0,4.0,7.0,14.0,5.0,3420.0,12.0,7.0,3.0,5.0,454.0,14.0,3.0,40.8004,17.0,34.0,43.0,179.0,95.0,4.0,0.0,12.0,4.0,572.0,261.0,38.0,5.0,86.0,36.0,5.0,7.0,0.0,249.0,667.0,1.0,350.0,1.0,1.0,78.0,24.0,183.0,138.0,1276.0,1.0,107.0,506.0,72.0,1.0,334.0,45.0,,,,,,,,,,,,,,,,,,,,,,,,,,,,,,,,,,,,,,,,,,,,,,,,,,,,,,,,,,,,,,,,,,,,,,,
224068,Matt Turner,Goalkeeper,Nottingham Forest,17,United States,2022-23,,0.0,,,,,,,,,,,,,,,,,,,,,,,,,,,,,,,,,,,,,,,,0.0,,,,,,,,,,,,,,,,0.0,,,,,,,,,,,,,,,,,,,,,,,,,,,,,,,,,,,,,,,,,,,,,,,,,,,,,,,,,,,,,,,,,,,,,,,,,
463748,Karl Hein,Goalkeeper,Arsenal,3,Estonia,2022-23,,0.0,,,,,,,,,,,,,,,,,,,,,,,,,,,,,,,,,,,,,,,,0.0,,,,,,,,,,,,,,,,0.0,,,,,,,,,,,,,,,,,,,,,,,,,,,,,,,,,,,,,,,,,,,,,,,,,,,,,,,,,,,,,,,,,,,,,,,,,
462424,William Saliba,Defender,Arsenal,3,France,2022-23,0.3202,0.0,,34.0,,117.0,27.0,27.0,167.0,1864.0,9.0,,96.0,11.0,,2416.0,109.0,4.0,11.0,56.0,1633.0,,2.0,25.3328,10.0,82.0,25.0,472.0,,13.0,1.0,181.0,,663.0,206.0,27.0,,576.0,21.0,85.0,53.0,0.0,9.0,1821.0,2.0,189.0,20.0,9.0,,,659.0,64.0,2095.0,,26.0,1122.0,,4.0,50.0,82.0,72.0,1.0,31.0,3.0,1.0191,6.0,1.0,17.0,2.0,2.0,1.0,1.0,1.0,43.0,2.0,16.0,1.0,5.0,29.0,3.0,0.0,14.0,1.0,1.0,1.0,7.0,3.0,10.0,19.0,19.0,70.0,1.0,7.0,1.0,0.9174,,,,,,,,,,,,,,,,,,,,,,,,,,,,,,,,,,,,
192895,Kieran Tierney,Defender,Arsenal,3,Scotland,2022-23,0.4428,0.0,,20.0,,49.0,27.0,6.0,88.0,402.0,,,24.0,1.0,,778.0,39.0,1.0,17.0,33.0,297.0,,2.0,12.8192,3.0,20.0,10.0,117.0,,9.0,0.0,69.0,,154.0,43.0,27.0,,180.0,9.0,45.0,6.0,0.0,,391.0,6.0,135.0,11.0,4.0,,,56.0,17.0,595.0,45.0,23.0,137.0,,0.0,39.0,27.0,30.0,3.0,17.0,2.0,0.2055,6.0,1.0,12.0,,,3.0,1.0,1.0,18.0,,15.0,,3.0,12.0,6.0,,9.0,,3.0,,3.0,4.0,2.0,5.0,11.0,75.0,3.0,4.0,,0.335,1.0,2.0,1.0,1.0,21.0,1.0,1.0,21.0,1.0,11.0,1.0,21.0,1.0,,,,,,,,,,,,,,,,,,,,,,,
198869,Ben White,Defender,Arsenal,3,England,2022-23,3.7896,0.0,,61.0,,187.0,38.0,36.0,261.0,1951.0,,,74.0,9.0,,3067.0,133.0,5.0,63.0,100.0,1632.0,,3.0,34.9695,4.0,75.0,35.0,138.0,,30.0,1.0,254.0,,784.0,155.0,38.0,,1013.0,30.0,180.0,33.0,0.0,,1894.0,14.0,405.0,32.0,9.0,,,757.0,58.0,2596.0,183.0,23.0,692.0,,5.0,74.0,77.0,121.0,15.0,53.0,3.0,1.0026,8.0,5.0,27.0,2.0,0.0,15.0,1.0,1.0,41.0,,50.0,,21.0,80.0,36.0,2.0,29.0,,15.0,,22.0,5.0,11.0,28.0,22.0,272.0,15.0,14.0,,1.3142,2.0,3.0,7.0,1.0,42.0,1.0,1.0,2.0,,45.0,,42.0,1.0,1.0,2.0,1.0,1.0,,,,,,,,,,,,,,,,,,,
226597,Gabriel Magalhães,Defender,Arsenal,3,Brazil,2022-23,0.6345,0.0,,49.0,,146.0,38.0,38.0,246.0,2395.0,23.0,,180.0,14.0,,3411.0,194.0,7.0,42.0,92.0,2064.0,,3.0,39.5021,8.0,119.0,43.0,1022.0,,40.0,3.0,308.0,,840.0,191.0,38.0,,886.0,36.0,128.0,102.0,0.0,23.0,2312.0,3.0,278.0,31.0,3.0,,,437.0,85.0,2829.0,6.0,45.0,1263.0,,5.0,100.0,101.0,114.0,,49.0,10.0,3.2595,26.0,,33.0,3.0,2.0,,5.0,5.0,78.0,2.0,53.0,,5.0,36.0,23.0,1.0,18.0,2.0,,1.0,4.0,16.0,26.0,25.0,32.0,96.0,2.0,18.0,,4.8166,6.0,,1.0,,5.0,1.0,2.0,,2.0,,2.0,5.0,2.0,4.0,,4.0,,4.0,,,,,,,,,,,,,,,,,,
440854,Jakub Kiwior,Defender,Arsenal,3,Poland,2022-23,0.0231,0.0,,7.0,,19.0,7.0,5.0,27.0,196.0,,,18.0,1.0,,427.0,17.0,,6.0,9.0,168.0,,,7.2921,,10.0,6.0,47.0,,1.0,0.0,31.0,,64.0,20.0,7.0,,46.0,6.0,13.0,8.0,0.0,,191.0,,28.0,5.0,1.0,,,69.0,1.0,249.0,8.0,2.0,123.0,,0.0,8.0,12.0,14.0,,8.0,1.0,0.2486,1.0,,6.0,1.0,0.0,,,,10.0,,3.0,,1.0,4.0,2.0,1.0,2.0,,,,,,3.0,1.0,6.0,16.0,2.0,,,0.0908,,,1.0,,1.0,,,2.0,,,,1.0,,,1.0,,,,,,,,,,,,,,,,,,,,,
156074,Rob Holding,Defender,Crystal Palace,31,England,2022-23,0.1475,0.0,,8.0,,34.0,14.0,6.0,58.0,438.0,,,39.0,,,562.0,33.0,3.0,4.0,11.0,359.0,,1.0,11.5852,1.0,26.0,13.0,97.0,,2.0,0.0,58.0,,150.0,40.0,14.0,,113.0,10.0,19.0,22.0,0.0,,430.0,2.0,64.0,5.0,1.0,,,173.0,21.0,507.0,2.0,8.0,267.0,,0.0,24.0,20.0,25.0,,12.0,2.0,0.1184,3.0,,7.0,1.0,1.0,,1.0,1.0,17.0,1.0,8.0,,,8.0,1.0,0.0,3.0,,,,,1.0,5.0,5.0,3.0,18.0,,2.0,,0.3332,2.0,1.0,1.0,,,,,8.0,,,,,,2.0,1.0,2.0,,1.0,,,,,,,,,,,,,,,,,,
58822,Cédric Soares,Defender,Arsenal,3,Portugal,2022-23,0.1772,0.0,,8.0,,11.0,8.0,2.0,22.0,156.0,,,9.0,,,224.0,14.0,,7.0,12.0,130.0,,1.0,1.7093,,6.0,3.0,13.0,,2.0,0.0,26.0,,61.0,11.0,8.0,,79.0,3.0,17.0,2.0,0.0,,153.0,2.0,53.0,5.0,2.0,,,57.0,4.0,247.0,23.0,3.0,60.0,,0.0,11.0,9.0,12.0,5.0,3.0,,,,,1.0,,,5.0,,,7.0,,3.0,,2.0,5.0,3.0,,3.0,,,,2.0,,1.0,2.0,1.0,25.0,1.0,2.0,,0.0593,2.0,1.0,,,22.0,,2.0,6.0,,2.0,,22.0,2.0,,,,,,,,,,,,,,,,,,,,,,,
223723,Takehiro Tomiyasu,Defender,Arsenal,3,Japan,2022-23,0.2319,0.0,,27.0,,52.0,21.0,6.0,72.0,412.0,,,38.0,1.0,,653.0,49.0,2.0,16.0,31.0,326.0,,,8.2769,2.0,15.0,11.0,72.0,,3.0,0.0,86.0,,172.0,42.0,21.0,,195.0,9.0,48.0,18.0,0.0,,408.0,2.0,103.0,18.0,1.0,,,109.0,14.0,572.0,40.0,10.0,149.0,,2.0,20.0,22.0,37.0,4.0,19.0,,,1.0,1.0,10.0,,,4.0,,,20.0,,17.0,,3.0,17.0,7.0,,9.0,,2.0,,6.0,1.0,,6.0,14.0,59.0,3.0,4.0,,0.1897,2.0,,2.0,,8.0,,,15.0,,9.0,,8.0,,2.0,,2.0,,,,,,,,,,,,,,,,,,,,
514315,Lino Sousa,Defender,Aston Villa U21,15986,England,2022-23,,0.0,,,,,,,,,,,,,,,,,,,,,,,,,,,,,,,,,,,,,,,,0.0,,,,,,,,,,,,,,,,0.0,,,,,,,,,,,,,,,,,,,,,,,,,,,,,,,,,,,,,,,,,,,,,,,,,,,,,,,,,,,,,,,,,,,,,,,,,
535262,Reuell Walters,Defender,Blackpool,92,England,2022-23,,0.0,,,,,,,,,,,,,,,,,,,,,,,,,,,,,,,,,,,,,,,,0.0,,,,,,,,,,,,,,,,0.0,,,,,,,,,,,,,,,,,,,,,,,,,,,,,,,,,,,,,,,,,,,,,,,,,,,,,,,,,,,,,,,,,,,,,,,,,
167199,Thomas Partey,Midfielder,Arsenal,3,Ghana,2022-23,2.3567,0.0,,70.0,,182.0,33.0,28.0,234.0,1946.0,,,62.0,10.0,,2485.0,165.0,3.0,41.0,128.0,1605.0,,3.0,29.4443,2.0,39.0,28.0,548.0,,23.0,0.0,281.0,,531.0,225.0,33.0,,1053.0,25.0,219.0,37.0,0.0,,1914.0,10.0,319.0,40.0,35.0,,,641.0,107.0,2357.0,17.0,10.0,661.0,,5.0,52.0,62.0,116.0,2.0,57.0,4.0,0.4751,18.0,,34.0,3.0,0.0,2.0,,,25.0,,31.0,,26.0,91.0,21.0,3.0,30.0,,8.0,,27.0,14.0,5.0,37.0,28.0,226.0,7.0,21.0,1.0,2.2511,10.0,4.0,11.0,7.0,7.0,,6.0,5.0,1.0,10.0,1.0,7.0,6.0,4.0,3.0,4.0,,,1.0,2.0,,,,,,,,,,,,,,,,
223340,Bukayo Saka,Forward,Arsenal,3,England,2022-23,5.8145,0.0,,63.0,,217.0,38.0,37.0,236.0,1235.0,,,54.0,5.0,,3191.0,215.0,7.0,100.0,199.0,965.0,,3.0,37.8553,4.0,14.0,42.0,72.0,,65.0,4.0,444.0,,233.0,127.0,38.0,,842.0,35.0,390.0,16.0,0.0,,1208.0,41.0,589.0,34.0,71.0,,,574.0,34.0,2075.0,18.0,12.0,194.0,,6.0,19.0,32.0,229.0,18.0,75.0,32.0,10.2299,60.0,11.0,30.0,14.0,4.0,37.0,18.0,18.0,38.0,,256.0,,64.0,191.0,38.0,10.0,29.0,11.0,69.0,,128.0,28.0,,43.0,14.0,356.0,14.0,24.0,5.0,11.0684,29.0,7.0,2.0,20.0,71.0,9.0,11.0,1.0,,3.0,,135.0,11.0,18.0,3.0,18.0,1.0,,4.0,3.0,21.0,1.0,1.0,59.0,0.0562,99.0,3.0,2.0,,,,,,,,
184029,Martin Ødegaard,Midfielder,Arsenal,3,Norway,2022-23,8.4384,0.0,,36.0,,242.0,37.0,37.0,271.0,1689.0,,,34.0,5.0,,3143.0,126.0,7.0,60.0,112.0,1362.0,,3.0,35.8773,1.0,12.0,38.0,266.0,,26.0,4.0,286.0,,484.0,178.0,37.0,,1036.0,31.0,252.0,14.0,0.0,,1647.0,19.0,472.0,23.0,51.0,,,597.0,56.0,2232.0,12.0,5.0,401.0,,4.0,29.0,46.0,160.0,5.0,69.0,33.0,8.7398,60.0,7.0,34.0,15.0,9.0,19.0,8.0,8.0,20.0,,132.0,,69.0,140.0,15.0,6.0,13.0,13.0,29.0,,74.0,27.0,5.0,30.0,6.0,342.0,23.0,15.0,,9.8889,33.0,1.0,25.0,41.0,31.0,1.0,19.0,,10.0,1.0,10.0,72.0,19.0,14.0,2.0,14.0,1.0,,2.0,,3.0,9.0,9.0,13.0,0.4351,18.0,,,,,,,,,,
209289,Emile Smith Rowe,Midfielder,Fulham,54,England,2022-23,0.553,0.0,,1.0,,7.0,12.0,,7.0,80.0,,,2.0,,,163.0,4.0,,2.0,4.0,70.0,,,3.377,,1.0,5.0,33.0,,1.0,0.0,16.0,,8.0,8.0,12.0,,49.0,5.0,14.0,,0.0,,78.0,,18.0,1.0,2.0,,,19.0,3.0,109.0,,,25.0,,0.0,,1.0,12.0,,2.0,1.0,0.0322,2.0,2.0,,,,1.0,1.0,1.0,2.0,,10.0,,4.0,10.0,1.0,,,,3.0,,7.0,1.0,,1.0,,20.0,1.0,,,0.265,2.0,,,,3.0,1.0,1.0,12.0,,,,4.0,1.0,1.0,,1.0,,,,,1.0,,,1.0,,4.0,,,,,,,,,,
154043,Ainsley Maitland-Niles,Midfielder,Lyon,143,England,2022-23,0.7452,0.0,,45.0,,86.0,22.0,13.0,118.0,624.0,,,26.0,1.0,,1403.0,85.0,4.0,33.0,70.0,479.0,,2.0,15.4855,3.0,40.0,31.0,95.0,,8.0,0.0,142.0,,247.0,90.0,22.0,,232.0,27.0,116.0,15.0,0.0,,613.0,3.0,195.0,24.0,17.0,,,187.0,27.0,960.0,53.0,12.0,280.0,,3.0,32.0,37.0,57.0,6.0,21.0,1.0,0.2168,1.0,,11.0,,,6.0,,,11.0,1.0,8.0,,10.0,46.0,21.0,,21.0,,5.0,,18.0,,7.0,13.0,22.0,95.0,6.0,10.0,1.0,0.02,,3.0,2.0,2.0,14.0,,,9.0,1.0,13.0,1.0,14.0,,,,,,,,,,,,,,,,,1.0,,,,,,,
85955,Jorginho,Midfielder,Arsenal,3,Italy,2022-23,0.4494,0.0,,60.0,,183.0,32.0,24.0,221.0,1610.0,,,37.0,8.0,,2133.0,128.0,4.0,39.0,110.0,1325.0,,,15.8621,6.0,14.0,23.0,500.0,,41.0,1.0,233.0,,476.0,188.0,32.0,,774.0,19.0,196.0,18.0,0.0,,1567.0,4.0,278.0,36.0,9.0,,,398.0,64.0,1907.0,1.0,15.0,615.0,,4.0,38.0,55.0,105.0,,49.0,3.0,2.1238,7.0,1.0,31.0,2.0,1.0,,,,19.0,,17.0,,11.0,86.0,20.0,1.0,24.0,,9.0,,26.0,4.0,5.0,18.0,30.0,236.0,10.0,12.0,2.0,1.6868,4.0,,7.0,15.0,4.0,,2.0,8.0,1.0,,1.0,4.0,2.0,,2.0,,,,,1.0,,,,,,,2.0,2.0,,1.0,,,,,,
438098,Fábio Vieira,Midfielder,Arsenal,3,Portugal,2022-23,1.4121,0.0,,6.0,,33.0,22.0,3.0,40.0,266.0,,,8.0,,,499.0,20.0,1.0,11.0,17.0,221.0,,,6.1418,1.0,2.0,5.0,72.0,,5.0,0.0,50.0,,64.0,34.0,22.0,,174.0,4.0,42.0,3.0,0.0,,263.0,4.0,88.0,4.0,6.0,,,74.0,5.0,376.0,3.0,1.0,57.0,,0.0,7.0,9.0,30.0,2.0,18.0,2.0,0.2516,9.0,2.0,5.0,1.0,1.0,5.0,,,5.0,,26.0,,10.0,25.0,5.0,0.0,2.0,1.0,11.0,,20.0,7.0,,3.0,4.0,56.0,4.0,1.0,,0.8293,6.0,,2.0,2.0,10.0,,2.0,19.0,1.0,,1.0,15.0,2.0,4.0,,4.0,,,1.0,,1.0,,,3.0,,4.0,,,,,,,,,,
437742,Albert Sambi Lokonga,Midfielder,Arsenal,3,Belgium,2022-23,0.1025,0.0,,14.0,,25.0,15.0,8.0,40.0,399.0,,,21.0,1.0,,732.0,41.0,2.0,9.0,33.0,342.0,,1.0,4.8147,,11.0,8.0,124.0,,17.0,0.0,77.0,,107.0,48.0,15.0,,175.0,6.0,56.0,8.0,0.0,,385.0,,57.0,11.0,2.0,,,108.0,17.0,501.0,1.0,4.0,184.0,,2.0,15.0,12.0,36.0,,15.0,1.0,0.1325,2.0,,10.0,,,,1.0,1.0,13.0,,2.0,,2.0,23.0,6.0,,3.0,,2.0,,9.0,1.0,3.0,8.0,12.0,60.0,4.0,6.0,,0.1592,,,3.0,3.0,,,,7.0,,,,,,,,,,,,,,,,,,,,,,,,,,,,
153256,Mohamed Elneny,Midfielder,Arsenal,3,Egypt,2022-23,0.0451,0.0,,1.0,,2.0,5.0,1.0,3.0,60.0,,,2.0,,,111.0,2.0,,1.0,2.0,53.0,,,1.9835,,,2.0,20.0,,1.0,0.0,5.0,,9.0,10.0,5.0,,25.0,2.0,3.0,,0.0,,58.0,,3.0,1.0,,,,25.0,4.0,64.0,,1.0,32.0,,0.0,1.0,1.0,3.0,,1.0,,,,,,,,,,,2.0,,,,,1.0,,,,,,,,,,1.0,,6.0,,,,,,,,1.0,,,,4.0,,,,,,,,,,,,,,,,,,,,,,,,,,,,
84450,Granit Xhaka,Midfielder,Sunderland,56,Switzerland,2022-23,4.0248,0.0,,34.0,,185.0,37.0,36.0,212.0,1571.0,,,68.0,9.0,,3004.0,130.0,6.0,45.0,92.0,1290.0,,3.0,34.5724,5.0,41.0,35.0,527.0,,39.0,2.0,244.0,,439.0,152.0,37.0,,829.0,29.0,176.0,38.0,0.0,,1535.0,15.0,320.0,27.0,19.0,,,293.0,69.0,1983.0,18.0,13.0,535.0,,5.0,27.0,58.0,114.0,5.0,56.0,14.0,6.0714,26.0,7.0,25.0,7.0,1.0,5.0,4.0,4.0,30.0,,112.0,,40.0,84.0,18.0,6.0,7.0,4.0,10.0,2.0,35.0,12.0,10.0,26.0,15.0,312.0,12.0,16.0,1.0,4.6024,14.0,,6.0,22.0,34.0,5.0,8.0,1.0,3.0,1.0,3.0,34.0,8.0,6.0,1.0,6.0,,,2.0,1.0,,3.0,3.0,,0.1986,1.0,,,,,,,,,,
206325,Oleksandr Zinchenko,Defender,Nottingham Forest,17,Ukraine,2022-23,2.3673,0.0,,40.0,,172.0,27.0,26.0,210.0,1716.0,,,71.0,2.0,,2132.0,117.0,6.0,47.0,66.0,1444.0,,1.0,24.1865,3.0,31.0,28.0,696.0,,11.0,0.0,187.0,,525.0,163.0,27.0,,918.0,22.0,116.0,51.0,0.0,,1666.0,13.0,301.0,18.0,15.0,,,234.0,62.0,2169.0,140.0,15.0,595.0,,3.0,38.0,62.0,70.0,7.0,35.0,7.0,1.9972,20.0,2.0,19.0,1.0,1.0,7.0,2.0,2.0,20.0,,34.0,,17.0,50.0,18.0,0.0,22.0,1.0,9.0,,24.0,13.0,2.0,6.0,22.0,261.0,18.0,5.0,,1.3745,8.0,1.0,6.0,4.0,30.0,1.0,7.0,1.0,4.0,13.0,4.0,30.0,7.0,1.0,,1.0,1.0,,,,,,,,,1.0,,,,,,,,,,
504751,Mauro Bandeira,Midfielder,Arsenal,3,Portugal,2022-23,,0.0,,,,,,,,,,,,,,,,,,,,,,,,,,,,,,,,,,,,,,,,0.0,,,,,,,,,,,,,,,,0.0,,,,,,,,,,,,,,,,,,,,,,,,,,,,,,,,,,,,,,,,,,,,,,,,,,,,,,,,,,,,,,,,,,,,,,,,,
232241,Matt Smith,Midfielder,Wigan Athletic,111,England,2022-23,,0.0,,,,,,,,,,,,,,,,,,,,,,,,,,,,,,,,,,,,,,,,0.0,,,,,,,,,,,,,,,,0.0,,,,,,,,,,,,,,,,,,,,,,,,,,,,,,,,,,,,,,,,,,,,,,,,,,,,,,,,,,,,,,,,,,,,,,,,,
499175,Ethan Nwaneri,Midfielder,Arsenal U21,14633,England,2022-23,,0.0,,,,,1.0,,,,,,,,,1.0,,,1.0,,,,,,,,,,,,0.0,,,,,1.0,,,,,,0.0,,,,,,,,,,,1.0,,,,,0.0,,,,,,,,,,,,,,,,,,,,,,1.0,,,,,,,,,,,,,,,,,,,,,,,1.0,,,,,,,,,,,,,,,,,,,,,,,,,,,,
519324,Amario Cozier-Duberry,Midfielder,Bolton Wanderers,30,England,2022-23,,0.0,,,,,,,,,,,,,,,,,,,,,,,,,,,,,,,,,,,,,,,,0.0,,,,,,,,,,,,,,,,0.0,,,,,,,,,,,,,,,,,,,,,,,,,,,,,,,,,,,,,,,,,,,,,,,,,,,,,,,,,,,,,,,,,,,,,,,,,
205651,Gabriel Jesus,Forward,Arsenal,3,Brazil,2022-23,2.9039,0.0,,34.0,,113.0,26.0,24.0,125.0,674.0,,,123.0,6.0,,2074.0,180.0,4.0,43.0,135.0,534.0,,2.0,21.2337,2.0,13.0,23.0,207.0,,56.0,1.0,432.0,,131.0,79.0,26.0,,381.0,19.0,309.0,45.0,0.0,,624.0,26.0,349.0,26.0,46.0,,,120.0,15.0,1241.0,10.0,3.0,170.0,,6.0,12.0,20.0,252.0,2.0,96.0,32.0,9.8436,57.0,6.0,44.0,11.0,3.0,2.0,21.0,21.0,78.0,,219.0,,25.0,174.0,24.0,8.0,8.0,3.0,48.0,4.0,114.0,25.0,3.0,43.0,11.0,216.0,13.0,25.0,2.0,14.0151,20.0,9.0,4.0,22.0,9.0,16.0,3.0,2.0,,2.0,,9.0,3.0,17.0,4.0,17.0,1.0,,3.0,2.0,,,,,,,1.0,1.0,2.0,,,,,,,
444145,Gabriel Martinelli,Forward,Arsenal,3,Brazil,2022-23,6.9616,0.0,,31.0,,158.0,36.0,34.0,172.0,977.0,,,79.0,6.0,,2805.0,145.0,7.0,67.0,130.0,769.0,,3.0,33.989,2.0,10.0,33.0,463.0,,37.0,5.0,375.0,,160.0,103.0,36.0,,641.0,26.0,296.0,15.0,0.0,,946.0,40.0,474.0,18.0,63.0,,,75.0,36.0,1641.0,10.0,3.0,182.0,,3.0,14.0,30.0,230.0,12.0,62.0,32.0,10.424,55.0,5.0,25.0,15.0,6.0,18.0,14.0,14.0,64.0,,241.0,,54.0,166.0,23.0,9.0,13.0,4.0,56.0,3.0,113.0,23.0,1.0,39.0,9.0,279.0,18.0,19.0,,8.9229,24.0,6.0,8.0,14.0,55.0,8.0,7.0,2.0,3.0,1.0,3.0,95.0,7.0,17.0,8.0,17.0,,,,3.0,5.0,2.0,2.0,36.0,0.0721,63.0,,,,,,,,,,
205533,Eddie Nketiah,Forward,Crystal Palace,31,England,2022-23,1.2825,0.0,,13.0,,44.0,30.0,9.0,46.0,250.0,,,43.0,1.0,,1070.0,66.0,2.0,17.0,56.0,201.0,,1.0,14.5186,,6.0,16.0,68.0,,25.0,2.0,166.0,,32.0,30.0,30.0,,139.0,14.0,123.0,10.0,0.0,,226.0,5.0,114.0,9.0,18.0,,,49.0,3.0,460.0,,1.0,66.0,,3.0,2.0,8.0,100.0,1.0,53.0,14.0,6.0446,26.0,1.0,20.0,4.0,1.0,1.0,10.0,10.0,33.0,,99.0,,8.0,67.0,6.0,3.0,4.0,,13.0,1.0,34.0,12.0,1.0,30.0,1.0,101.0,1.0,8.0,4.0,8.2123,15.0,1.0,,6.0,4.0,8.0,1.0,21.0,,,,4.0,1.0,14.0,3.0,14.0,,,1.0,1.0,,,,,,,,,1.0,,,,,,,
116216,Leandro Trossard,Forward,Arsenal,3,Belgium,2022-23,2.1148,0.0,,22.0,,159.0,36.0,26.0,182.0,861.0,,,22.0,1.0,,2254.0,92.0,3.0,74.0,85.0,637.0,,4.0,19.0918,4.0,2.0,38.0,313.0,,30.0,1.0,219.0,,224.0,111.0,36.0,,518.0,35.0,197.0,7.0,0.0,,836.0,29.0,391.0,13.0,33.0,,,108.0,42.0,1365.0,22.0,8.0,186.0,,1.0,23.0,40.0,127.0,16.0,62.0,23.0,3.8858,38.0,12.0,25.0,8.0,5.0,25.0,9.0,9.0,15.0,,151.0,,34.0,112.0,35.0,3.0,9.0,6.0,25.0,,74.0,15.0,,19.0,12.0,216.0,20.0,8.0,1.0,4.5065,17.0,6.0,15.0,18.0,48.0,8.0,3.0,10.0,2.0,2.0,2.0,65.0,3.0,10.0,2.0,10.0,1.0,,1.0,3.0,7.0,,,16.0,,31.0,,,1.0,,,,,,,
195735,Nicolas Pépé,Forward,Villarreal,449,Cote d’Ivoire,2022-23,,0.0,,,,,,,,,,,,,,,,,,,,,,,,,,,,,,,,,,,,,,,,0.0,,,,,,,,,,,,,,,,0.0,,,,,,,,,,,,,,,,,,,,,,,,,,,,,,,,,,,,,,,,,,,,,,,,,,,,,,,,,,,,,,,,,,,,,,,,,
200641,Reiss Nelson,Forward,Brentford,94,England,2022-23,1.0007,0.0,,4.0,,9.0,11.0,,10.0,108.0,,,7.0,,,202.0,18.0,,4.0,16.0,96.0,,,2.2742,,4.0,3.0,27.0,,4.0,1.0,44.0,,16.0,16.0,11.0,,81.0,3.0,37.0,2.0,0.0,,108.0,3.0,33.0,1.0,8.0,,,32.0,2.0,176.0,,1.0,20.0,,0.0,1.0,4.0,26.0,3.0,5.0,7.0,2.7738,8.0,2.0,2.0,3.0,0.0,3.0,3.0,3.0,5.0,,27.0,,7.0,21.0,3.0,3.0,3.0,1.0,2.0,,11.0,1.0,,8.0,,33.0,,4.0,,1.0742,4.0,,,2.0,7.0,,1.0,11.0,1.0,,1.0,9.0,1.0,3.0,2.0,3.0,,,,,,1.0,1.0,2.0,0.0329,2.0,,,,,,,,,,
479683,Marquinhos,Forward,Arsenal,3,Brazil,2022-23,0.0002,0.0,,,,1.0,1.0,,1.0,3.0,,,,,,1.0,,,,,2.0,,,,,,,,,,0.0,,,1.0,,1.0,,1.0,,,,0.0,,3.0,,1.0,,,,,1.0,,3.0,,,1.0,,0.0,,,,,,,,,,,,,,,,,,,,,,,,,,,,,,,,,1.0,,,,,,,,,,,,1.0,,,,,,,,,,,,,,,,,,,,,,,,,,,,
98980,Emiliano Martínez,Goalkeeper,Aston Villa,7,Argentina,2022-23,0.2562,0.0,55.0,,33.0,10.0,36.0,36.0,355.0,1248.0,212.0,4.0,13.0,11.0,5.0,3140.0,19.0,3.0,1.0,6.0,654.0,6.0,4.0,37.0705,30.0,29.0,38.0,285.0,98.0,6.0,0.0,22.0,2.0,635.0,332.0,36.0,5.0,138.0,35.0,9.0,13.0,0.0,276.0,800.0,,364.0,,,71.0,29.0,328.0,239.0,1597.0,,79.0,755.0,65.0,7.0,345.0,71.0,3.0,,1.0,,,,,1.0,,,,,,,1.0,,1.0,2.0,3.0,,,,,,,,,,1.0,1.0,,2.0,1.0,,,,,1.0,,,,,,,,,,,,,,,,,,,,,,,,,,,,1.0,1.0,1.0,,,
111782,Robin Olsen,Goalkeeper,Aston Villa,7,Sweden,2022-23,0.0037,0.0,5.0,,4.0,1.0,4.0,2.0,53.0,111.0,28.0,1.0,,1.0,1.0,280.0,,1.0,1.0,,39.0,1.0,1.0,6.3386,,2.0,8.0,17.0,11.0,,0.0,2.0,1.0,72.0,34.0,4.0,,11.0,7.0,2.0,,0.0,32.0,65.0,,58.0,,,14.0,3.0,22.0,19.0,152.0,,16.0,47.0,7.0,0.0,52.0,11.0,2.0,,,,,,,,,,,,,,,,,,2.0,,,,,,,,,,,,,,,,,,,,,,,,2.0,,,,,,,,,,,,,,,,,,,,,,,,,,,,
248164,Viljami Sinisalo,Goalkeeper,Celtic,61,Finland,2022-23,,0.0,,,,,,,,,,,,,,,,,,,,,,,,,,,,,,,,,,,,,,,,0.0,,,,,,,,,,,,,,,,0.0,,,,,,,,,,,,,,,,,,,,,,,,,,,,,,,,,,,,,,,,,,,,,,,,,,,,,,,,,,,,,,,,,,,,,,,,,
462381,Filip Marschall,Goalkeeper,Aston Villa,7,England,2022-23,,0.0,,,,,,,,,,,,,,,,,,,,,,,,,,,,,,,,,,,,,,,,0.0,,,,,,,,,,,,,,,,0.0,,,,,,,,,,,,,,,,,,,,,,,,,,,,,,,,,,,,,,,,,,,,,,,,,,,,,,,,,,,,,,,,,,,,,,,,,
516159,Oliwier Zych,Goalkeeper,Aston Villa,7,Poland,2022-23,,0.0,,,,,,,,,,,,,,,,,,,,,,,,,,,,,,,,,,,,,,,,0.0,,,,,,,,,,,,,,,,0.0,,,,,,,,,,,,,,,,,,,,,,,,,,,,,,,,,,,,,,,,,,,,,,,,,,,,,,,,,,,,,,,,,,,,,,,,,
481283,James Wright,Goalkeeper,Aston Villa U21,15986,England,2022-23,,0.0,,,,,,,,,,,,,,,,,,,,,,,,,,,,,,,,,,,,,,,,0.0,,,,,,,,,,,,,,,,0.0,,,,,,,,,,,,,,,,,,,,,,,,,,,,,,,,,,,,,,,,,,,,,,,,,,,,,,,,,,,,,,,,,,,,,,,,,
199796,Matty Cash,Defender,Aston Villa,7,Poland,2022-23,0.9399,0.0,,55.0,,103.0,26.0,20.0,167.0,781.0,,,25.0,3.0,,1820.0,98.0,4.0,39.0,86.0,575.0,,3.0,22.649,5.0,37.0,29.0,24.0,,15.0,0.0,158.0,,327.0,108.0,26.0,,287.0,25.0,133.0,12.0,0.0,,763.0,7.0,271.0,32.0,16.0,,,244.0,39.0,1273.0,151.0,26.0,339.0,,4.0,64.0,55.0,60.0,12.0,31.0,1.0,0.4208,4.0,1.0,19.0,,,12.0,,,13.0,1.0,12.0,,7.0,47.0,15.0,,23.0,,10.0,,17.0,3.0,5.0,21.0,26.0,186.0,5.0,15.0,2.0,0.1967,3.0,,2.0,1.0,34.0,2.0,2.0,6.0,1.0,25.0,1.0,34.0,2.0,1.0,,1.0,,,,,,,,,,,,,,,,,,,,
165659,Diego Carlos,Defender,Fenerbahçe,253,Brazil,2022-23,0.1024,0.0,,1.0,,20.0,3.0,2.0,28.0,139.0,,,9.0,,,204.0,7.0,,1.0,1.0,104.0,,,1.4219,,2.0,3.0,34.0,,,0.0,13.0,,57.0,14.0,3.0,,53.0,3.0,4.0,6.0,0.0,,135.0,1.0,32.0,,,,,46.0,7.0,156.0,1.0,5.0,58.0,,0.0,8.0,9.0,6.0,,3.0,,,3.0,,2.0,,,,,,3.0,,4.0,,1.0,3.0,,,1.0,,,,,3.0,2.0,2.0,1.0,2.0,1.0,,,0.3633,1.0,,,,1.0,,,1.0,,,,1.0,,1.0,,1.0,,,,,,,,,,,,,,,,,,,,
199798,Ezri Konsa,Defender,Aston Villa,7,England,2022-23,0.7201,0.0,,42.0,,117.0,38.0,37.0,208.0,1872.0,10.0,,95.0,11.0,,3323.0,167.0,4.0,32.0,110.0,1607.0,,5.0,42.5003,12.0,114.0,45.0,372.0,,64.0,0.0,232.0,,637.0,164.0,38.0,,373.0,41.0,137.0,57.0,0.0,10.0,1802.0,2.0,240.0,20.0,6.0,,,723.0,57.0,2265.0,15.0,40.0,1293.0,,6.0,91.0,93.0,65.0,2.0,35.0,,,6.0,,21.0,,,2.0,,,38.0,,22.0,,8.0,27.0,18.0,,22.0,,3.0,,8.0,6.0,23.0,12.0,26.0,140.0,1.0,4.0,,1.041,2.0,,1.0,,2.0,,,1.0,,3.0,,2.0,,2.0,,2.0,,,,,,,,,,,,,,1.0,,,,,,
149484,Tyrone Mings,Defender,Aston Villa U21,15986,England,2022-23,0.9344,0.0,,15.0,,142.0,35.0,35.0,277.0,1887.0,15.0,,86.0,12.0,,3150.0,104.0,3.0,29.0,42.0,1505.0,,4.0,39.7064,9.0,158.0,40.0,665.0,,22.0,1.0,168.0,,739.0,174.0,35.0,,464.0,37.0,82.0,62.0,0.0,15.0,1808.0,1.0,301.0,7.0,6.0,,,357.0,105.0,2268.0,6.0,51.0,1147.0,,7.0,135.0,112.0,64.0,1.0,38.0,2.0,0.9354,4.0,2.0,22.0,1.0,0.0,1.0,1.0,1.0,24.0,,22.0,1.0,3.0,40.0,19.0,1.0,8.0,,3.0,1.0,10.0,2.0,21.0,18.0,54.0,126.0,,12.0,,1.166,3.0,1.0,1.0,,2.0,3.0,,,,,,2.0,,3.0,,3.0,,,,,,,,,,,,,1.0,3.0,,,,,,
106468,Álex Moreno,Defender,Aston Villa,7,Spain,2022-23,2.5843,0.0,,23.0,,98.0,19.0,14.0,119.0,579.0,,,21.0,4.0,,1335.0,66.0,1.0,47.0,57.0,451.0,,2.0,14.4019,2.0,30.0,10.0,199.0,,11.0,0.0,160.0,,186.0,69.0,19.0,,204.0,9.0,139.0,9.0,0.0,,561.0,14.0,249.0,14.0,23.0,,,19.0,9.0,1004.0,106.0,16.0,271.0,,3.0,21.0,49.0,94.0,15.0,30.0,3.0,0.2499,10.0,3.0,11.0,,,15.0,2.0,2.0,12.0,,48.0,,19.0,82.0,15.0,,9.0,,27.0,,42.0,7.0,3.0,17.0,7.0,175.0,10.0,10.0,,0.5706,3.0,5.0,1.0,,33.0,,2.0,5.0,1.0,10.0,1.0,33.0,2.0,1.0,,1.0,,,,1.0,,,,,,,,,,1.0,,,,,,
101184,Calum Chambers,Defender,Cardiff City,97,England,2022-23,0.2034,0.0,,9.0,,25.0,14.0,2.0,39.0,191.0,,,9.0,,,345.0,14.0,1.0,2.0,11.0,143.0,,1.0,3.6771,1.0,10.0,4.0,41.0,,2.0,0.0,30.0,,96.0,23.0,14.0,,55.0,3.0,21.0,3.0,0.0,,187.0,,53.0,6.0,,,,45.0,9.0,247.0,4.0,7.0,98.0,,2.0,14.0,11.0,16.0,1.0,15.0,,,1.0,,8.0,,,1.0,,,6.0,,2.0,,2.0,10.0,1.0,,3.0,,,,1.0,1.0,4.0,7.0,7.0,9.0,,3.0,,0.1208,1.0,,,,3.0,,,12.0,,5.0,,3.0,,1.0,,1.0,,,,,,,,,,,,,,,,,,,,
18892,Ashley Young,Defender,Everton,11,England,2022-23,0.7861,0.0,,50.0,,126.0,29.0,23.0,217.0,966.0,,,25.0,8.0,,2038.0,99.0,2.0,42.0,85.0,694.0,,4.0,29.6428,10.0,60.0,28.0,95.0,,28.0,0.0,163.0,,459.0,131.0,29.0,,351.0,26.0,138.0,14.0,0.0,,909.0,9.0,325.0,27.0,8.0,,,243.0,55.0,1465.0,140.0,33.0,406.0,,7.0,91.0,63.0,64.0,7.0,25.0,3.0,0.3472,8.0,,19.0,1.0,1.0,8.0,,,11.0,1.0,10.0,,14.0,53.0,14.0,0.0,23.0,,10.0,,15.0,5.0,11.0,24.0,21.0,169.0,8.0,15.0,2.0,0.4677,7.0,1.0,2.0,,29.0,1.0,6.0,6.0,2.0,32.0,2.0,34.0,6.0,1.0,1.0,1.0,,,,,1.0,,,4.0,,6.0,,,,1.0,,,,,,
101188,Lucas Digne,Defender,Aston Villa,7,France,2022-23,1.9224,0.0,,30.0,,112.0,28.0,18.0,151.0,707.0,,,43.0,2.0,,1499.0,84.0,1.0,36.0,58.0,528.0,,1.0,19.356,4.0,39.0,25.0,251.0,,23.0,1.0,155.0,,286.0,86.0,28.0,,303.0,24.0,112.0,26.0,0.0,,686.0,5.0,270.0,12.0,5.0,,,15.0,28.0,1138.0,121.0,18.0,272.0,,5.0,39.0,56.0,71.0,17.0,27.0,3.0,0.6774,7.0,,18.0,1.0,0.0,19.0,1.0,1.0,17.0,1.0,24.0,1.0,18.0,54.0,13.0,1.0,18.0,1.0,11.0,,23.0,4.0,5.0,19.0,18.0,155.0,8.0,9.0,2.0,0.4026,1.0,,,1.0,46.0,2.0,,10.0,1.0,21.0,1.0,58.0,,1.0,,1.0,,,,,1.0,4.0,4.0,8.0,0.2372,12.0,,,,,,,,1.0,,
514287,Sil Swinkels,Defender,Aston Villa,7,Netherlands,2022-23,,0.0,,,,,,,,,,,,,,,,,,,,,,,,,,,,,,,,,,,,,,,,0.0,,,,,,,,,,,,,,,,0.0,,,,,,,,,,,,,,,,,,,,,,,,,,,,,,,,,,,,,,,,,,,,,,,,,,,,,,,,,,,,,,,,,,,,,,,,,
479641,Sebastian Revan,Midfielder,Burton Albion,587,England,2022-23,,0.0,,,,,,,,,,,,,,,,,,,,,,,,,,,,,,,,,,,,,,,,0.0,,,,,,,,,,,,,,,,0.0,,,,,,,,,,,,,,,,,,,,,,,,,,,,,,,,,,,,,,,,,,,,,,,,,,,,,,,,,,,,,,,,,,,,,,,,,
122775,Morgan Sanson,Midfielder,Nice,1395,France,2022-23,0.0008,0.0,,2.0,,2.0,2.0,,2.0,7.0,,,1.0,,,10.0,4.0,,,4.0,5.0,,,0.6879,,,1.0,,,2.0,0.0,5.0,,2.0,1.0,2.0,,3.0,1.0,4.0,,0.0,,7.0,,3.0,1.0,,,,1.0,,12.0,,,2.0,,0.0,,,1.0,,,,,,,,,,,,,1.0,,,,,,,,1.0,,,,,,,,,4.0,,,,,,,,,,,,2.0,,,,,,,,,,,,,,,,,,,,,,,,,,,,
230046,Douglas Luiz,Midfielder,Aston Villa,7,Brazil,2022-23,2.9347,1.0,,72.0,,171.0,37.0,33.0,230.0,1697.0,,,48.0,8.0,,2933.0,167.0,3.0,45.0,142.0,1386.0,,4.0,33.1338,1.0,21.0,33.0,581.0,,42.0,2.0,315.0,,415.0,197.0,37.0,,706.0,30.0,267.0,25.0,1.0,,1573.0,17.0,402.0,42.0,28.0,,,396.0,81.0,2246.0,6.0,15.0,782.0,,6.0,59.0,73.0,148.0,4.0,71.0,12.0,3.4107,22.0,6.0,34.0,6.0,3.0,21.0,1.0,1.0,23.0,,20.0,,39.0,125.0,29.0,3.0,30.0,,14.0,,47.0,10.0,7.0,48.0,40.0,305.0,9.0,25.0,2.0,2.774,12.0,1.0,6.0,16.0,16.0,2.0,9.0,4.0,5.0,,5.0,85.0,9.0,3.0,6.0,3.0,1.0,,,2.0,15.0,7.0,7.0,53.0,0.3075,90.0,,,,,,,,1.0,,
122806,John McGinn,Midfielder,Aston Villa,7,Scotland,2022-23,3.3343,0.0,,66.0,,143.0,34.0,30.0,179.0,970.0,,,43.0,8.0,,2695.0,200.0,3.0,59.0,178.0,727.0,,3.0,28.7641,1.0,15.0,31.0,169.0,,66.0,0.0,348.0,,303.0,176.0,34.0,,522.0,28.0,305.0,22.0,0.0,,941.0,13.0,333.0,36.0,46.0,,,348.0,64.0,1497.0,1.0,6.0,282.0,,7.0,36.0,41.0,148.0,7.0,74.0,11.0,1.6339,29.0,3.0,42.0,1.0,1.0,13.0,6.0,6.0,21.0,,48.0,,15.0,127.0,39.0,0.0,30.0,1.0,14.0,,49.0,18.0,4.0,41.0,24.0,150.0,8.0,25.0,1.0,2.4022,13.0,3.0,11.0,18.0,17.0,,10.0,4.0,4.0,,4.0,37.0,10.0,3.0,,3.0,1.0,,4.0,1.0,4.0,,,14.0,,25.0,,,2.0,,,,,,,
195546,Emiliano Buendía,Midfielder,Aston Villa,7,Argentina,2022-23,4.1893,0.0,,51.0,,192.0,38.0,27.0,212.0,992.0,,,77.0,3.0,,2421.0,146.0,2.0,56.0,123.0,734.0,,4.0,33.4248,1.0,13.0,34.0,233.0,,44.0,3.0,384.0,,282.0,138.0,38.0,,487.0,32.0,307.0,23.0,0.0,,939.0,9.0,384.0,23.0,28.0,,,223.0,46.0,1463.0,6.0,7.0,294.0,,0.0,20.0,52.0,238.0,1.0,76.0,12.0,4.1635,30.0,2.0,38.0,5.0,2.0,1.0,4.0,4.0,54.0,,101.0,,39.0,184.0,18.0,3.0,28.0,1.0,26.0,2.0,84.0,18.0,2.0,43.0,20.0,254.0,19.0,29.0,3.0,6.2842,19.0,4.0,11.0,29.0,14.0,1.0,5.0,11.0,3.0,1.0,3.0,17.0,5.0,14.0,2.0,14.0,1.0,,5.0,4.0,,2.0,2.0,3.0,0.133,5.0,,,,,,,,,,
184704,Marvelous Nakamba,Midfielder,Luton Town,102,Zimbabwe,2022-23,,0.0,,,,,,,,,,,,,,,,,,,,,,,,,,,,,,,,,,,,,,,,0.0,,,,,,,,,,,,,,,,0.0,,,,,,,,,,,,,,,,,,,,,,,,,,,,,,,,,,,,,,,,,,,,,,,,,,,,,,,,,,,,,,,,,,,,,,,,,
84583,Philippe Coutinho,Midfielder,Aston Villa,7,Brazil,2022-23,0.7706,0.0,,18.0,,69.0,20.0,7.0,77.0,358.0,,,16.0,1.0,,783.0,50.0,2.0,17.0,47.0,271.0,,,5.0214,,1.0,9.0,107.0,,14.0,0.0,119.0,,103.0,41.0,20.0,,208.0,7.0,103.0,3.0,0.0,,343.0,7.0,154.0,14.0,15.0,,,63.0,10.0,548.0,5.0,3.0,75.0,,3.0,8.0,12.0,69.0,2.0,20.0,8.0,1.2835,16.0,,5.0,1.0,0.0,2.0,3.0,3.0,13.0,,26.0,,8.0,56.0,10.0,1.0,4.0,,15.0,,32.0,8.0,1.0,16.0,4.0,85.0,6.0,12.0,,1.3786,5.0,3.0,5.0,16.0,7.0,2.0,3.0,13.0,4.0,,4.0,17.0,3.0,2.0,1.0,2.0,,,,1.0,,2.0,2.0,4.0,0.0746,6.0,,,,,,,,,,
151589,Leander Dendoncker,Midfielder,Aston Villa,7,Belgium,2022-23,0.1319,0.0,,23.0,,37.0,24.0,9.0,46.0,378.0,,,25.0,3.0,,901.0,39.0,1.0,27.0,27.0,317.0,,1.0,9.7544,3.0,16.0,14.0,119.0,,1.0,0.0,74.0,,87.0,52.0,24.0,,144.0,13.0,49.0,12.0,0.0,,371.0,4.0,68.0,11.0,3.0,,,94.0,15.0,507.0,1.0,4.0,189.0,,0.0,9.0,18.0,35.0,1.0,26.0,2.0,,4.0,,19.0,,,1.0,,,13.0,,12.0,,7.0,22.0,17.0,,12.0,,3.0,,8.0,2.0,4.0,1.0,19.0,78.0,5.0,,,0.068,1.0,1.0,,4.0,2.0,,1.0,15.0,,,,2.0,1.0,,,,,,,,,,,,,,,,,,,,,,,
232653,Jacob Ramsey,Midfielder,Aston Villa U21,15986,England,2022-23,2.8562,0.0,,69.0,,125.0,35.0,31.0,141.0,864.0,,,51.0,5.0,,2644.0,162.0,3.0,66.0,146.0,704.0,,4.0,34.0598,1.0,29.0,33.0,245.0,,45.0,2.0,336.0,,225.0,141.0,35.0,,443.0,30.0,285.0,16.0,0.0,,862.0,20.0,294.0,39.0,32.0,,,193.0,19.0,1359.0,1.0,10.0,284.0,,5.0,16.0,36.0,174.0,4.0,91.0,13.0,3.9524,24.0,7.0,47.0,6.0,1.0,4.0,5.0,5.0,35.0,1.0,89.0,1.0,35.0,139.0,40.0,5.0,30.0,2.0,32.0,,69.0,11.0,8.0,35.0,23.0,201.0,15.0,24.0,,5.0314,9.0,2.0,3.0,18.0,14.0,2.0,3.0,4.0,2.0,,2.0,14.0,3.0,6.0,4.0,6.0,,,1.0,2.0,,,,,,,,,,1.0,,,,,,
226944,Boubacar Kamara,Midfielder,Aston Villa U21,15986,France,2022-23,0.7472,0.0,,58.0,,110.0,24.0,21.0,142.0,940.0,,,39.0,3.0,,1778.0,131.0,2.0,46.0,109.0,750.0,,2.0,26.7663,,23.0,30.0,278.0,,31.0,0.0,237.0,,269.0,126.0,24.0,,326.0,28.0,198.0,22.0,0.0,,906.0,,192.0,25.0,20.0,,,247.0,48.0,1216.0,,12.0,472.0,,4.0,32.0,52.0,106.0,,51.0,1.0,0.0445,4.0,1.0,28.0,,,,1.0,1.0,17.0,,13.0,,6.0,89.0,26.0,,33.0,,12.0,,26.0,3.0,12.0,34.0,19.0,146.0,7.0,26.0,1.0,0.1859,,3.0,2.0,11.0,1.0,,,3.0,,,,1.0,,,,,,,,,,,,,,,,,,,,,,,,
490094,Tim Iroegbunam,Midfielder,Everton,11,England,2022-23,,0.0,,,,,,,,,,,,,,,,,,,,,,,,,,,,,,,,,,,,,,,,0.0,,,,,,,,,,,,,,,,0.0,,,,,,,,,,,,,,,,,,,,,,,,,,,,,,,,,,,,,,,,,,,,,,,,,,,,,,,,,,,,,,,,,,,,,,,,,
515599,Tommi O'Reilly,Midfielder,Aston Villa,7,England,2022-23,,0.0,,,,,,,,,,,,,,,,,,,,,,,,,,,,,,,,,,,,,,,,0.0,,,,,,,,,,,,,,,,0.0,,,,,,,,,,,,,,,,,,,,,,,,,,,,,,,,,,,,,,,,,,,,,,,,,,,,,,,,,,,,,,,,,,,,,,,,,
534836,Travis Patterson,Defender,Aston Villa U21,15986,England,2022-23,,0.0,,,,,,,,,,,,,,,,,,,,,,,,,,,,,,,,,,,,,,,,0.0,,,,,,,,,,,,,,,,0.0,,,,,,,,,,,,,,,,,,,,,,,,,,,,,,,,,,,,,,,,,,,,,,,,,,,,,,,,,,,,,,,,,,,,,,,,,
537403,Kadan Young,Forward,Aston Villa U21,15986,England,2022-23,,0.0,,,,,,,,,,,,,,,,,,,,,,,,,,,,,,,,,,,,,,,,0.0,,,,,,,,,,,,,,,,0.0,,,,,,,,,,,,,,,,,,,,,,,,,,,,,,,,,,,,,,,,,,,,,,,,,,,,,,,,,,,,,,,,,,,,,,,,,
110504,Bertrand Traoré,Forward,Sunderland,56,Burkina Faso,2022-23,0.123,0.0,,1.0,,11.0,8.0,1.0,13.0,68.0,,,6.0,,,226.0,12.0,,10.0,10.0,54.0,,,0.7334,,,1.0,2.0,,8.0,2.0,31.0,,15.0,8.0,8.0,,44.0,1.0,25.0,2.0,0.0,,68.0,1.0,35.0,1.0,1.0,,,29.0,1.0,129.0,1.0,1.0,14.0,,1.0,2.0,3.0,19.0,3.0,4.0,3.0,1.0449,4.0,,,2.0,1.0,3.0,1.0,1.0,4.0,,13.0,,1.0,15.0,5.0,1.0,,2.0,3.0,,10.0,1.0,,2.0,2.0,22.0,1.0,2.0,,0.7129,5.0,1.0,,,1.0,3.0,1.0,7.0,,,,2.0,1.0,4.0,,4.0,,,,,,,,1.0,,1.0,,,,,,,,,,
178301,Ollie Watkins,Forward,Aston Villa,7,England,2022-23,2.6661,0.0,,19.0,,164.0,37.0,36.0,166.0,551.0,,,170.0,9.0,,3134.0,148.0,4.0,30.0,78.0,380.0,,5.0,39.3488,,39.0,40.0,156.0,,39.0,4.0,366.0,,117.0,59.0,37.0,,296.0,36.0,196.0,70.0,0.0,,545.0,24.0,333.0,13.0,20.0,,,100.0,5.0,1023.0,3.0,1.0,92.0,,4.0,2.0,33.0,218.0,3.0,83.0,47.0,13.4055,70.0,6.0,38.0,15.0,7.0,3.0,29.0,29.0,100.0,,175.0,,25.0,118.0,17.0,8.0,6.0,3.0,36.0,3.0,75.0,23.0,4.0,26.0,10.0,178.0,10.0,9.0,,16.5252,16.0,1.0,,39.0,6.0,18.0,1.0,1.0,3.0,,3.0,6.0,1.0,15.0,9.0,15.0,,,10.0,5.0,,,,,,,2.0,1.0,1.0,1.0,,,,,,
476344,Jhon Durán,Forward,Fenerbahçe,253,Colombia,2022-23,0.0356,0.0,,2.0,,11.0,12.0,,11.0,26.0,,,17.0,,,126.0,13.0,,1.0,6.0,14.0,,1.0,3.1452,,2.0,4.0,3.0,,3.0,0.0,38.0,,7.0,5.0,12.0,,10.0,4.0,21.0,7.0,0.0,,24.0,2.0,26.0,2.0,1.0,,,8.0,1.0,65.0,1.0,,5.0,,1.0,,2.0,25.0,,6.0,2.0,0.3005,5.0,,3.0,,,,2.0,2.0,10.0,,6.0,,1.0,15.0,,,,,1.0,,4.0,3.0,,9.0,2.0,8.0,,3.0,1.0,0.5705,2.0,1.0,,1.0,2.0,3.0,1.0,12.0,,,,2.0,1.0,1.0,,1.0,,,1.0,1.0,,,,,,,,,,,,,,,,
215711,Leon Bailey,Forward,Aston Villa,7,Jamaica,2022-23,4.8111,0.0,,14.0,,127.0,33.0,26.0,136.0,441.0,,,70.0,,,1983.0,107.0,1.0,44.0,83.0,286.0,,3.0,31.0308,,11.0,32.0,40.0,,22.0,1.0,306.0,,107.0,72.0,33.0,,220.0,31.0,236.0,24.0,0.0,,425.0,21.0,367.0,6.0,47.0,,,142.0,19.0,920.0,9.0,3.0,108.0,,4.0,9.0,30.0,199.0,21.0,47.0,14.0,3.0921,32.0,4.0,17.0,4.0,0.0,23.0,6.0,6.0,46.0,1.0,99.0,,26.0,153.0,13.0,4.0,8.0,4.0,55.0,,107.0,18.0,,29.0,6.0,152.0,22.0,15.0,,5.1738,19.0,2.0,4.0,7.0,61.0,9.0,5.0,7.0,4.0,1.0,4.0,73.0,5.0,14.0,,14.0,1.0,,1.0,4.0,1.0,3.0,3.0,12.0,0.1379,18.0,,,,,,,,,,
433979,Cameron Archer,Forward,Southampton,20,England,2022-23,0.0104,0.0,,,,3.0,6.0,,3.0,11.0,,,,,,44.0,2.0,,1.0,2.0,8.0,,,,,,1.0,3.0,,1.0,0.0,8.0,,1.0,2.0,6.0,,7.0,1.0,8.0,,0.0,,10.0,,9.0,,1.0,,,4.0,,20.0,,,1.0,,0.0,,1.0,6.0,,,,,,,,,,,,,,,3.0,,,6.0,,,,,,,3.0,,,2.0,,3.0,,1.0,,,,,,1.0,1.0,1.0,,6.0,,,,1.0,,,,,,,,,,,,,,,,,,,,,,,,
229600,Mark Travers,Goalkeeper,Everton,11,Ireland,2022-23,0.012,0.0,5.0,,11.0,1.0,12.0,11.0,87.0,313.0,118.0,,4.0,2.0,2.0,1035.0,4.0,6.0,1.0,,145.0,5.0,2.0,24.5027,28.0,11.0,32.0,63.0,36.0,,0.0,4.0,1.0,174.0,78.0,12.0,,64.0,26.0,,4.0,0.0,140.0,145.0,,87.0,,,32.0,15.0,76.0,81.0,423.0,1.0,33.0,162.0,25.0,0.0,86.0,16.0,,,,,,,,,,,,,,,,,,,,1.0,,,,,,,,,,,,,,,,,,,,,,,1.0,,,,,,,,,,,,,,,,,,,,,,,,,,,,
69752,Neto,Goalkeeper,Bournemouth,91,Brazil,2022-23,0.0363,0.0,29.0,3.0,35.0,9.0,27.0,27.0,306.0,696.0,231.0,2.0,8.0,6.0,5.0,2385.0,12.0,1.0,,7.0,217.0,15.0,4.0,40.4344,21.0,25.0,39.0,93.0,100.0,4.0,0.0,15.0,2.0,500.0,251.0,27.0,6.0,116.0,38.0,7.0,5.0,0.0,274.0,309.0,,313.0,1.0,1.0,93.0,31.0,103.0,173.0,1007.0,,61.0,274.0,65.0,4.0,297.0,60.0,3.0,,,,,,,,,,,,,3.0,,,,,,,,2.0,,,,,,,,,,1.0,,,,,,,,,,,,,,,,,,,,,3.0,,,,,,,,,,,,,,,,,,
444172,Will Dennis,Goalkeeper,Bournemouth,91,England,2022-23,,0.0,,,,,,,,,,,,,,,,,,,,,,,,,,,,,,,,,,,,,,,,0.0,,,,,,,,,,,,,,,,0.0,,,,,,,,,,,,,,,,,,,,,,,,,,,,,,,,,,,,,,,,,,,,,,,,,,,,,,,,,,,,,,,,,,,,,,,,,
461012,Cameron Plain,Goalkeeper,Bournemouth,91,England,2022-23,,0.0,,,,,,,,,,,,,,,,,,,,,,,,,,,,,,,,,,,,,,,,0.0,,,,,,,,,,,,,,,,0.0,,,,,,,,,,,,,,,,,,,,,,,,,,,,,,,,,,,,,,,,,,,,,,,,,,,,,,,,,,,,,,,,,,,,,,,,,
81012,Ryan Fredericks,Defender,Bournemouth,91,England,2022-23,0.3087,0.0,,3.0,,42.0,12.0,5.0,49.0,163.0,,,15.0,,,531.0,12.0,1.0,16.0,7.0,111.0,,2.0,8.4487,1.0,26.0,11.0,21.0,,1.0,0.0,35.0,,57.0,13.0,12.0,,62.0,10.0,20.0,5.0,0.0,,162.0,2.0,84.0,2.0,3.0,,,57.0,3.0,288.0,34.0,4.0,53.0,,1.0,7.0,16.0,23.0,1.0,9.0,,,,,4.0,,,1.0,,,10.0,,8.0,,1.0,13.0,5.0,,1.0,,5.0,,8.0,,2.0,3.0,1.0,28.0,4.0,1.0,,,,1.0,,1.0,14.0,,,7.0,,8.0,,14.0,,,,,,,,,,,,,,,,,,,,,,,,
88900,Jack Stephens,Defender,Southampton U21,12945,England,2022-23,0.2284,0.0,,17.0,,53.0,17.0,13.0,100.0,566.0,,,36.0,4.0,,1218.0,39.0,,13.0,22.0,431.0,,,19.898,4.0,55.0,24.0,83.0,,2.0,0.0,73.0,,232.0,66.0,17.0,,163.0,24.0,37.0,17.0,0.0,,561.0,,109.0,13.0,3.0,,,211.0,35.0,714.0,1.0,23.0,305.0,,3.0,47.0,46.0,34.0,2.0,23.0,1.0,0.6736,2.0,,12.0,,,2.0,1.0,1.0,19.0,,9.0,,3.0,15.0,7.0,,4.0,,,,2.0,1.0,17.0,9.0,17.0,40.0,,2.0,,0.3854,,,2.0,,,,,4.0,,2.0,,,,,,,,1.0,,,,,,,,,,,,,,,,,,
235530,Lloyd Kelly,Defender,Juventus,128,England,2022-23,0.8144,0.0,,33.0,,89.0,23.0,23.0,193.0,1037.0,2.0,,56.0,5.0,,2041.0,76.0,4.0,23.0,40.0,783.0,,2.0,35.3455,6.0,99.0,38.0,333.0,,5.0,0.0,127.0,,463.0,131.0,23.0,,278.0,34.0,71.0,36.0,0.0,2.0,1006.0,,257.0,18.0,2.0,,,141.0,61.0,1410.0,87.0,26.0,569.0,,3.0,104.0,63.0,51.0,3.0,37.0,,,1.0,2.0,22.0,,,3.0,,,20.0,1.0,9.0,,5.0,31.0,11.0,,15.0,,5.0,,9.0,1.0,15.0,17.0,26.0,100.0,1.0,4.0,1.0,0.1875,2.0,1.0,2.0,,11.0,,,,,22.0,,11.0,,2.0,,2.0,,1.0,,,,,,,,,,,,1.0,,,,,,
223911,Chris Mepham,Defender,Bournemouth,91,Wales,2022-23,0.5813,0.0,,44.0,,92.0,26.0,24.0,167.0,1022.0,,,85.0,5.0,,2198.0,107.0,4.0,20.0,54.0,809.0,,6.0,43.8417,9.0,146.0,52.0,253.0,,7.0,0.0,172.0,,394.0,85.0,26.0,,192.0,48.0,87.0,53.0,0.0,,1001.0,1.0,181.0,22.0,3.0,,,312.0,46.0,1363.0,15.0,32.0,663.0,,7.0,75.0,87.0,65.0,,36.0,4.0,0.5017,7.0,,22.0,,,,4.0,4.0,32.0,,14.0,2.0,4.0,33.0,13.0,,22.0,,3.0,,6.0,3.0,27.0,16.0,30.0,63.0,1.0,8.0,,0.6891,1.0,,,,,,1.0,2.0,,1.0,,,1.0,,,,,,,,,,,,,,,,,,,,,,,
54469,Adam Smith,Defender,Bournemouth,91,England,2022-23,1.548,0.0,,49.0,,142.0,37.0,34.0,237.0,961.0,,,67.0,6.0,,2948.0,112.0,6.0,46.0,83.0,663.0,,5.0,54.4522,12.0,68.0,58.0,79.0,,27.0,0.0,230.0,,437.0,128.0,37.0,,326.0,52.0,163.0,29.0,0.0,,939.0,8.0,354.0,29.0,7.0,,,285.0,61.0,1571.0,210.0,37.0,417.0,,11.0,95.0,70.0,118.0,19.0,45.0,1.0,0.6056,2.0,1.0,26.0,,,19.0,1.0,1.0,38.0,1.0,17.0,,15.0,80.0,17.0,,20.0,,17.0,,21.0,1.0,13.0,29.0,25.0,160.0,9.0,12.0,3.0,0.5914,3.0,1.0,,,29.0,,1.0,3.0,,44.0,,29.0,1.0,2.0,,2.0,,1.0,,,,,,,,,,,,,,,,,,
154131,Jack Stacey,Defender,Norwich City,45,England,2022-23,0.0265,0.0,,5.0,,28.0,10.0,3.0,38.0,96.0,,,8.0,,,293.0,13.0,1.0,9.0,8.0,56.0,,1.0,8.3456,,12.0,10.0,8.0,,,0.0,32.0,,45.0,15.0,10.0,,28.0,9.0,24.0,5.0,0.0,,96.0,2.0,68.0,4.0,3.0,,,15.0,2.0,182.0,15.0,9.0,31.0,,2.0,10.0,15.0,19.0,1.0,8.0,,,1.0,,5.0,,,1.0,,,3.0,,3.0,,,16.0,2.0,,1.0,,5.0,,9.0,1.0,1.0,4.0,5.0,28.0,1.0,4.0,,0.0892,,,,,9.0,1.0,,7.0,,8.0,,9.0,,,,,,,,,,,,,,,,,,,,,,,,
244704,Matías Viña,Defender,River Plate,608,Uruguay,2022-23,0.1032,0.0,,19.0,,32.0,12.0,5.0,39.0,145.0,,,11.0,1.0,,455.0,44.0,2.0,18.0,40.0,102.0,,,8.9466,2.0,17.0,10.0,48.0,,11.0,0.0,90.0,,60.0,28.0,12.0,,57.0,8.0,79.0,4.0,0.0,,138.0,3.0,76.0,11.0,10.0,,,20.0,4.0,321.0,34.0,4.0,49.0,,1.0,7.0,16.0,46.0,,13.0,6.0,1.9186,8.0,,7.0,2.0,1.0,,1.0,1.0,7.0,,14.0,,2.0,39.0,12.0,1.0,8.0,1.0,11.0,,17.0,2.0,1.0,7.0,4.0,17.0,3.0,5.0,1.0,0.8705,1.0,3.0,,,4.0,,1.0,7.0,3.0,2.0,3.0,4.0,1.0,,1.0,,,,,,,,,,,,,,,,,,,,,
463981,James Hill,Defender,Bournemouth,91,England,2022-23,,0.0,,,,,,,,,,,,,,,,,,,,,,,,,,,,,,,,,,,,,,,,0.0,,,,,,,,,,,,,,,,0.0,,,,,,,,,,,,,,,,,,,,,,,,,,,,,,,,,,,,,,,,,,,,,,,,,,,,,,,,,,,,,,,,,,,,,,,,,
221466,Marcos Senesi,Defender,Bournemouth,91,Argentina,2022-23,0.368,0.0,,50.0,,130.0,31.0,29.0,240.0,1291.0,2.0,,49.0,4.0,,2495.0,99.0,6.0,36.0,72.0,944.0,,5.0,49.9412,12.0,140.0,55.0,346.0,,13.0,0.0,181.0,,592.0,168.0,31.0,,291.0,49.0,132.0,27.0,0.0,1.0,1249.0,3.0,281.0,35.0,10.0,1.0,,289.0,107.0,1693.0,11.0,33.0,762.0,,7.0,110.0,110.0,82.0,2.0,49.0,3.0,0.516,7.0,,23.0,2.0,1.0,2.0,1.0,1.0,22.0,2.0,16.0,,5.0,60.0,18.0,1.0,15.0,1.0,3.0,1.0,8.0,4.0,20.0,29.0,43.0,64.0,7.0,19.0,,1.6506,1.0,,1.0,1.0,6.0,,,2.0,,3.0,,6.0,,1.0,,1.0,,,,,,,,,,,,,,,,,,,,
477580,Illia Zabarnyi,Defender,Bournemouth,91,Ukraine,2022-23,0.0144,0.0,,4.0,,7.0,5.0,3.0,15.0,199.0,,,4.0,,,297.0,8.0,2.0,5.0,7.0,175.0,,,6.0335,2.0,14.0,5.0,43.0,,2.0,0.0,18.0,,54.0,18.0,5.0,,31.0,3.0,14.0,1.0,0.0,,197.0,,21.0,2.0,1.0,,,87.0,9.0,241.0,,3.0,153.0,,0.0,8.0,9.0,10.0,,9.0,,,,,5.0,,,,,,3.0,,,,,7.0,5.0,,2.0,,,,2.0,,2.0,1.0,3.0,15.0,,,,,,,,,,,,2.0,,,,,,,,,,,,,,,,,,,,,,,,,,,,
447932,Jordan Zemura,Defender,Bournemouth,91,Zimbabwe,2022-23,2.1058,0.0,,39.0,,113.0,19.0,17.0,140.0,456.0,,,18.0,3.0,,1456.0,83.0,4.0,52.0,76.0,305.0,,3.0,27.5654,2.0,27.0,31.0,136.0,,14.0,0.0,162.0,,237.0,78.0,19.0,,196.0,27.0,144.0,7.0,0.0,,448.0,7.0,243.0,24.0,23.0,,,23.0,11.0,866.0,101.0,10.0,126.0,,1.0,27.0,60.0,79.0,6.0,39.0,1.0,,3.0,1.0,17.0,,,6.0,1.0,1.0,11.0,1.0,31.0,,17.0,68.0,22.0,,15.0,,18.0,,34.0,2.0,9.0,17.0,16.0,60.0,5.0,8.0,4.0,0.3876,1.0,3.0,,,12.0,,1.0,2.0,,18.0,,12.0,1.0,,,,,,,,,,,,,,,,,,,,,,,
474772,Ben Greenwood,Defender,Bournemouth,91,Ireland,2022-23,,0.0,,,,,,,,,,,,,,,,,,,,,,,,,,,,,,,,,,,,,,,,0.0,,,,,,,,,,,,,,,,0.0,,,,,,,,,,,,,,,,,,,,,,,,,,,,,,,,,,,,,,,,,,,,,,,,,,,,,,,,,,,,,,,,,,,,,,,,,
496683,Max Kinsey,Defender,Bournemouth,91,England,2022-23,,0.0,,,,,,,,,,,,,,,,,,,,,,,,,,,,,,,,,,,,,,,,0.0,,,,,,,,,,,,,,,,0.0,,,,,,,,,,,,,,,,,,,,,,,,,,,,,,,,,,,,,,,,,,,,,,,,,,,,,,,,,,,,,,,,,,,,,,,,,
133845,Emiliano Marcondes,Midfielder,Norwich City,45,Denmark,2022-23,0.001,0.0,,,,,1.0,,,1.0,,,,,,8.0,1.0,,,1.0,,,,0.1865,,1.0,1.0,,,1.0,0.0,1.0,,1.0,1.0,1.0,,1.0,1.0,1.0,,0.0,,1.0,,,,,,,,1.0,3.0,,,,,0.0,,,,,,,,,,,,,,,,,,,,,,,,,,,,,,,,,,,,,,,,,,,,,1.0,,,,,,,,,,,,,,,,,,,,,,,,,,,,
155408,Lewis Cook,Midfielder,Bournemouth,91,England,2022-23,2.3131,0.0,,37.0,,99.0,28.0,18.0,128.0,703.0,,,17.0,3.0,,1713.0,63.0,5.0,39.0,56.0,552.0,,5.0,35.4538,2.0,29.0,39.0,158.0,,10.0,0.0,141.0,,235.0,129.0,28.0,,279.0,34.0,124.0,7.0,0.0,,674.0,3.0,200.0,22.0,9.0,,,173.0,23.0,975.0,,8.0,314.0,,4.0,29.0,54.0,78.0,9.0,60.0,,,3.0,2.0,20.0,,,18.0,,,10.0,,9.0,,22.0,68.0,19.0,,15.0,,10.0,,26.0,3.0,10.0,15.0,23.0,137.0,4.0,13.0,,0.2213,3.0,1.0,1.0,2.0,9.0,,3.0,10.0,,,,27.0,3.0,,,,,,,,7.0,2.0,2.0,8.0,0.1143,15.0,,,,,,,,,,
111317,David Brooks,Midfielder,Bournemouth,91,Wales,2022-23,0.2034,0.0,,1.0,,8.0,6.0,2.0,11.0,57.0,,,5.0,,,171.0,6.0,,5.0,4.0,44.0,,,5.6769,,4.0,4.0,6.0,,1.0,0.0,24.0,,21.0,4.0,6.0,,27.0,4.0,19.0,2.0,0.0,,57.0,2.0,33.0,,2.0,,,16.0,2.0,101.0,,1.0,19.0,,1.0,3.0,2.0,18.0,,3.0,1.0,0.0501,2.0,,2.0,,,,1.0,1.0,3.0,,9.0,,2.0,15.0,2.0,,1.0,,7.0,,11.0,1.0,,3.0,2.0,14.0,2.0,,,0.2705,3.0,1.0,,3.0,4.0,,1.0,4.0,,,,6.0,1.0,2.0,,2.0,,,,,,1.0,1.0,2.0,0.0569,2.0,,,,,,,,,,
152551,Jefferson Lerma,Midfielder,Crystal Palace,31,Colombia,2022-23,3.089,0.0,,50.0,,223.0,37.0,37.0,282.0,1588.0,,,103.0,6.0,,3255.0,160.0,7.0,41.0,98.0,1260.0,,6.0,61.7,2.0,88.0,67.0,431.0,,33.0,2.0,288.0,,590.0,260.0,37.0,,601.0,60.0,185.0,62.0,0.0,,1540.0,8.0,345.0,30.0,15.0,,,352.0,46.0,2018.0,9.0,20.0,707.0,,7.0,59.0,87.0,128.0,2.0,60.0,12.0,2.1366,32.0,,36.0,5.0,1.0,2.0,4.0,4.0,41.0,2.0,44.0,1.0,18.0,87.0,17.0,4.0,20.0,1.0,9.0,,26.0,20.0,15.0,37.0,47.0,215.0,4.0,23.0,1.0,2.6818,3.0,1.0,7.0,7.0,9.0,2.0,1.0,,3.0,2.0,3.0,9.0,1.0,2.0,4.0,2.0,,,1.0,,,,,,,,,,,1.0,,,,,,
158499,Ryan Christie,Midfielder,Bournemouth,91,Scotland,2022-23,2.0318,0.0,,34.0,,87.0,32.0,22.0,106.0,613.0,,,39.0,2.0,,1841.0,136.0,4.0,28.0,120.0,485.0,,4.0,34.59,,16.0,35.0,133.0,,45.0,1.0,308.0,,157.0,132.0,32.0,,316.0,31.0,269.0,16.0,0.0,,606.0,9.0,261.0,22.0,41.0,,,158.0,22.0,1057.0,3.0,6.0,202.0,,2.0,19.0,26.0,172.0,3.0,52.0,9.0,1.0981,18.0,1.0,24.0,1.0,0.0,11.0,7.0,7.0,23.0,,66.0,,29.0,149.0,12.0,1.0,12.0,1.0,42.0,,75.0,9.0,4.0,36.0,26.0,165.0,17.0,22.0,,2.7403,15.0,7.0,6.0,5.0,12.0,1.0,1.0,10.0,1.0,1.0,1.0,21.0,1.0,14.0,,14.0,,,1.0,1.0,7.0,,,9.0,,20.0,,,,,,,,,,
156685,Joe Rothwell,Midfielder,Bournemouth,91,England,2022-23,1.4846,0.0,,20.0,,32.0,20.0,12.0,53.0,429.0,,,4.0,2.0,,1018.0,40.0,1.0,17.0,39.0,357.0,,,15.0982,1.0,7.0,15.0,139.0,,3.0,0.0,84.0,,92.0,56.0,20.0,,187.0,14.0,80.0,1.0,0.0,,398.0,2.0,91.0,13.0,16.0,,,101.0,19.0,567.0,1.0,10.0,197.0,,2.0,21.0,17.0,44.0,1.0,16.0,2.0,0.0274,2.0,1.0,11.0,,,8.0,,,3.0,,5.0,,7.0,41.0,11.0,,7.0,,7.0,,11.0,,3.0,17.0,9.0,97.0,9.0,13.0,1.0,0.1477,1.0,,4.0,5.0,3.0,,,8.0,2.0,,2.0,18.0,,1.0,,1.0,,,,,7.0,1.0,1.0,12.0,0.0328,21.0,,,,,,,,,,
201658,Marcus Tavernier,Midfielder,Bournemouth,91,England,2022-23,1.2982,0.0,,33.0,,109.0,23.0,19.0,135.0,596.0,,,49.0,2.0,,1749.0,124.0,3.0,49.0,107.0,442.0,,5.0,33.3743,2.0,17.0,37.0,127.0,,28.0,3.0,284.0,,183.0,124.0,23.0,,309.0,34.0,235.0,17.0,0.0,,578.0,26.0,353.0,22.0,46.0,,,110.0,19.0,1115.0,28.0,15.0,173.0,,1.0,26.0,33.0,160.0,8.0,39.0,15.0,3.6055,27.0,4.0,17.0,5.0,3.0,21.0,8.0,8.0,32.0,,60.0,,15.0,128.0,21.0,2.0,11.0,4.0,45.0,,85.0,12.0,4.0,21.0,9.0,176.0,9.0,11.0,1.0,3.1331,10.0,8.0,5.0,4.0,37.0,4.0,3.0,4.0,2.0,6.0,2.0,72.0,3.0,7.0,1.0,7.0,,,,,10.0,2.0,2.0,26.0,0.0961,42.0,,,,,,,,,,
56872,Junior Stanislas,Midfielder,Bournemouth,91,England,2022-23,0.1831,0.0,,,,4.0,4.0,,5.0,27.0,,,1.0,,,58.0,1.0,,2.0,1.0,22.0,,,0.0272,,,1.0,6.0,,,0.0,3.0,,6.0,1.0,4.0,,14.0,1.0,2.0,,0.0,,26.0,,9.0,,1.0,,,6.0,,35.0,,,8.0,,0.0,1.0,1.0,2.0,,1.0,,,1.0,,,,,,,,1.0,,3.0,,2.0,1.0,1.0,,,,,,1.0,1.0,1.0,,,9.0,,,,0.0388,,1.0,,,1.0,,,4.0,,,,1.0,,,,,,,,,,,,,,1.0,,,,,,,,,,
244085,Siriki Dembélé,Midfielder,Oxford United,106,Scotland,2022-23,0.2138,0.0,,3.0,,9.0,6.0,,9.0,42.0,,,4.0,,,104.0,11.0,,2.0,11.0,32.0,,,2.8595,,1.0,2.0,13.0,,2.0,0.0,27.0,,13.0,9.0,6.0,,23.0,2.0,23.0,,0.0,,42.0,,27.0,1.0,6.0,,,7.0,1.0,83.0,2.0,,12.0,,0.0,,1.0,16.0,2.0,7.0,2.0,0.074,2.0,,3.0,,,2.0,1.0,1.0,4.0,,3.0,,4.0,12.0,1.0,,2.0,,3.0,,8.0,,,1.0,1.0,9.0,,1.0,,0.1888,,,,,1.0,,,6.0,1.0,,1.0,1.0,,,,,,,,1.0,,,,,,,,,,,,,,,,
424044,Hamed Traoré,Midfielder,Bournemouth,91,Cote d’Ivoire,2022-23,1.1054,0.0,,17.0,,34.0,7.0,5.0,39.0,135.0,,,5.0,,,429.0,40.0,,13.0,37.0,92.0,,,7.9833,,1.0,8.0,39.0,,4.0,0.0,79.0,,54.0,33.0,7.0,,79.0,8.0,74.0,3.0,0.0,,132.0,4.0,108.0,11.0,16.0,,,20.0,4.0,283.0,1.0,4.0,29.0,,0.0,5.0,7.0,39.0,3.0,8.0,,,2.0,,4.0,,,12.0,,,2.0,,11.0,,14.0,37.0,9.0,,6.0,,8.0,,21.0,2.0,,4.0,2.0,22.0,4.0,3.0,,1.0701,4.0,3.0,5.0,4.0,14.0,1.0,1.0,2.0,,,,29.0,1.0,3.0,,3.0,1.0,,1.0,1.0,8.0,1.0,1.0,9.0,0.0351,18.0,,,,,,,,,,
156687,Ben Pearson,Midfielder,Stoke City U21,12935,England,2022-23,0.0333,0.0,,7.0,,17.0,7.0,3.0,26.0,134.0,,,6.0,,,284.0,11.0,,5.0,9.0,100.0,,1.0,7.3685,1.0,4.0,10.0,40.0,,2.0,0.0,25.0,,37.0,19.0,7.0,,40.0,10.0,19.0,2.0,0.0,,130.0,,32.0,3.0,,,,24.0,8.0,164.0,,5.0,68.0,,1.0,9.0,12.0,14.0,,6.0,1.0,0.1198,1.0,,2.0,,,,,,4.0,,,,,10.0,4.0,,4.0,,,,,,,9.0,2.0,33.0,3.0,6.0,,0.0578,1.0,,,1.0,,,1.0,4.0,1.0,,1.0,,1.0,,,,,,,,,,,,,,,,,,,,,,,
168991,Philip Billing,Midfielder,Bournemouth,91,Denmark,2022-23,2.5829,0.0,,63.0,,170.0,36.0,34.0,208.0,1008.0,,,87.0,4.0,,2783.0,178.0,5.0,72.0,126.0,774.0,,6.0,47.8197,1.0,50.0,54.0,219.0,,35.0,2.0,324.0,,309.0,146.0,36.0,,451.0,49.0,237.0,52.0,0.0,,979.0,18.0,336.0,36.0,28.0,,,248.0,26.0,1512.0,6.0,9.0,356.0,,5.0,38.0,61.0,146.0,5.0,79.0,18.0,5.3075,28.0,1.0,39.0,7.0,5.0,7.0,4.0,4.0,35.0,,70.0,,25.0,111.0,40.0,2.0,27.0,4.0,15.0,,50.0,10.0,8.0,30.0,31.0,232.0,23.0,12.0,,4.8732,10.0,2.0,5.0,21.0,25.0,3.0,3.0,2.0,7.0,,7.0,31.0,3.0,7.0,3.0,7.0,,,3.0,1.0,2.0,5.0,5.0,5.0,0.3507,10.0,,,,,,,,,,
590760,Daniel Adu-Adjei,Forward,Bournemouth,91,England,2022-23,,0.0,,,,,,,,,,,,,,,,,,,,,,,,,,,,,,,,,,,,,,,,0.0,,,,,,,,,,,,,,,,0.0,,,,,,,,,,,,,,,,,,,,,,,,,,,,,,,,,,,,,,,,,,,,,,,,,,,,,,,,,,,,,,,,,,,,,,,,,
154566,Dominic Solanke,Forward,Tottenham Hotspur,6,England,2022-23,2.4075,0.0,,15.0,,150.0,33.0,32.0,155.0,514.0,,,151.0,4.0,,2866.0,165.0,5.0,53.0,113.0,351.0,,4.0,51.0612,,43.0,52.0,114.0,,53.0,1.0,446.0,,143.0,87.0,33.0,,207.0,47.0,295.0,52.0,0.0,,466.0,24.0,443.0,9.0,45.0,,,104.0,8.0,1168.0,3.0,2.0,153.0,,2.0,5.0,33.0,281.0,1.0,105.0,29.0,9.1817,53.0,7.0,39.0,6.0,4.0,1.0,21.0,21.0,99.0,,178.0,,14.0,182.0,19.0,2.0,6.0,2.0,54.0,,128.0,24.0,7.0,40.0,6.0,153.0,13.0,8.0,3.0,9.3095,23.0,11.0,3.0,19.0,12.0,11.0,3.0,1.0,2.0,1.0,2.0,12.0,3.0,20.0,4.0,20.0,,,5.0,1.0,,,,,,,,,,,,,,,,
533463,Dango Ouattara,Forward,Brentford,94,Burkina Faso,2022-23,1.5965,0.0,,28.0,,86.0,19.0,15.0,101.0,295.0,,,67.0,1.0,,1244.0,105.0,2.0,29.0,75.0,184.0,,,23.9291,3.0,29.0,23.0,34.0,,15.0,1.0,217.0,,103.0,64.0,19.0,,136.0,21.0,150.0,30.0,0.0,,292.0,9.0,218.0,15.0,32.0,,,101.0,10.0,625.0,6.0,8.0,68.0,,1.0,15.0,25.0,112.0,10.0,32.0,5.0,1.9247,18.0,3.0,11.0,1.0,1.0,10.0,4.0,4.0,37.0,,69.0,,15.0,75.0,17.0,0.0,13.0,,37.0,,51.0,13.0,3.0,6.0,13.0,57.0,8.0,4.0,1.0,3.5687,8.0,4.0,5.0,4.0,20.0,8.0,3.0,4.0,,1.0,,20.0,3.0,5.0,1.0,5.0,,,,,,,,,,1.0,,,,,,,,,,
128309,Jamal Lowe,Forward,Sheffield Wednesday,19,Jamaica,2022-23,0.009,0.0,,,,1.0,2.0,,2.0,4.0,,,,,,11.0,,,1.0,,2.0,,,0.8454,,,,2.0,,,0.0,,,,,2.0,,1.0,,,,0.0,,4.0,,2.0,,,,,2.0,,4.0,,,1.0,,0.0,1.0,1.0,,,,,,,,,,,,,,,,,,,,,,,,,,,,,,,,,,,,,,,,,,,2.0,,,,,,,,,,,,,,,,,,,,,,,,,,,,
128340,Kieffer Moore,Forward,Wrexham,109,Wales,2022-23,0.4893,0.0,,14.0,,138.0,27.0,12.0,143.0,353.0,,,128.0,1.0,,1275.0,114.0,5.0,19.0,46.0,204.0,,3.0,28.7591,,26.0,34.0,80.0,,30.0,0.0,249.0,,84.0,26.0,27.0,,127.0,29.0,121.0,68.0,0.0,,330.0,4.0,230.0,11.0,2.0,,,65.0,6.0,586.0,,2.0,85.0,,1.0,5.0,23.0,135.0,2.0,41.0,9.0,2.8727,22.0,,17.0,4.0,0.0,2.0,4.0,4.0,60.0,,52.0,,5.0,75.0,7.0,4.0,3.0,,7.0,3.0,38.0,13.0,5.0,26.0,1.0,124.0,5.0,4.0,,4.412,1.0,2.0,,19.0,5.0,1.0,1.0,15.0,1.0,,1.0,5.0,1.0,,1.0,,,,7.0,,,,,,,,,,,,,,,,,
437730,Antoine Semenyo,Forward,Manchester City,43,Ghana,2022-23,0.0289,0.0,,1.0,,17.0,11.0,2.0,19.0,57.0,,,18.0,,,251.0,18.0,,11.0,9.0,37.0,,,5.4564,,4.0,6.0,16.0,,5.0,0.0,45.0,,18.0,13.0,11.0,,23.0,6.0,27.0,9.0,0.0,,53.0,3.0,40.0,,3.0,,,10.0,1.0,115.0,,2.0,15.0,,0.0,2.0,5.0,27.0,,9.0,1.0,0.0338,2.0,,5.0,1.0,0.0,,,,9.0,,5.0,,2.0,18.0,9.0,1.0,1.0,1.0,2.0,,8.0,1.0,1.0,6.0,2.0,13.0,1.0,1.0,1.0,0.2637,1.0,1.0,,3.0,1.0,1.0,,9.0,,,,1.0,,1.0,,1.0,,,,,,,,,,,,,,,,,,,,
444180,Jaidon Anthony,Forward,Burnley,90,England,2022-23,1.0838,0.0,,30.0,,83.0,30.0,11.0,101.0,461.0,,,22.0,,,1246.0,67.0,3.0,45.0,57.0,344.0,,2.0,24.177,3.0,15.0,29.0,120.0,,12.0,1.0,162.0,,151.0,80.0,30.0,,231.0,26.0,140.0,10.0,0.0,,451.0,6.0,224.0,17.0,15.0,,,70.0,16.0,774.0,18.0,11.0,138.0,,2.0,18.0,41.0,95.0,7.0,23.0,13.0,2.2962,18.0,1.0,7.0,3.0,1.0,9.0,4.0,4.0,12.0,,39.0,,11.0,83.0,27.0,2.0,13.0,,30.0,1.0,57.0,5.0,3.0,9.0,10.0,120.0,7.0,4.0,,2.2426,4.0,3.0,2.0,5.0,22.0,5.0,4.0,19.0,6.0,3.0,6.0,34.0,4.0,,2.0,,,,,,2.0,2.0,2.0,10.0,0.1492,14.0,,,,,,,,,,
461017,Christian Saydee,Forward,Wigan Athletic,111,England,2022-23,,0.0,,,,,,,,,,,,,,,,,,,,,,,,,,,,,,,,,,,,,,,,0.0,,,,,,,,,,,,,,,,0.0,,,,,,,,,,,,,,,,,,,,,,,,,,,,,,,,,,,,,,,,,,,,,,,,,,,,,,,,,,,,,,,,,,,,,,,,,
461013,Euan Pollock,Forward,AFC Bournemouth U21,19678,England,2022-23,,0.0,,,,,,,,,,,,,,,,,,,,,,,,,,,,,,,,,,,,,,,,0.0,,,,,,,,,,,,,,,,0.0,,,,,,,,,,,,,,,,,,,,,,,,,,,,,,,,,,,,,,,,,,,,,,,,,,,,,,,,,,,,,,,,,,,,,,,,,
550596,Dominic Sadi,Forward,Bournemouth,91,England,2022-23,,0.0,,,,,,,,,,,,,,,,,,,,,,,,,,,,,,,,,,,,,,,,0.0,,,,,,,,,,,,,,,,0.0,,,,,,,,,,,,,,,,,,,,,,,,,,,,,,,,,,,,,,,,,,,,,,,,,,,,,,,,,,,,,,,,,,,,,,,,,
596572,Michael Dacosta,Forward,Bournemouth,91,Spain,2022-23,,0.0,,,,,,,,,,,,,,,,,,,,,,,,,,,,,,,,,,,,,,,,0.0,,,,,,,,,,,,,,,,0.0,,,,,,,,,,,,,,,,,,,,,,,,,,,,,,,,,,,,,,,,,,,,,,,,,,,,,,,,,,,,,,,,,,,,,,,,,
154561,David Raya,Goalkeeper,Arsenal,3,Spain,2022-23,0.1762,0.0,51.0,,64.0,15.0,38.0,38.0,579.0,1475.0,269.0,9.0,15.0,12.0,2.0,3420.0,19.0,10.0,2.0,6.0,486.0,10.0,2.0,48.8073,63.0,20.0,46.0,181.0,154.0,6.0,0.0,23.0,2.0,1047.0,383.0,38.0,2.0,292.0,36.0,8.0,13.0,0.0,321.0,904.0,1.0,586.0,,1.0,108.0,40.0,247.0,410.0,1883.0,1.0,145.0,604.0,90.0,1.0,564.0,94.0,4.0,,1.0,,,1.0,,,,,,,,2.0,,1.0,1.0,2.0,2.0,1.0,,,,,,,1.0,,,1.0,,,,,0.1115,,,,,,,,,,,,,,,,,,,,,,,,,,,,,,,,,2.0,,,
140200,Thomas Strakosha,Goalkeeper,AEK Athens,234,Albania,2022-23,,0.0,,,,,,,,,,,,,,,,,,,,,,,,,,,,,,,,,,,,,,,,0.0,,,,,,,,,,,,,,,,0.0,,,,,,,,,,,,,,,,,,,,,,,,,,,,,,,,,,,,,,,,,,,,,,,,,,,,,,,,,,,,,,,,,,,,,,,,,
503300,Matthew Cox,Goalkeeper,Brentford,94,England,2022-23,,0.0,,,,,,,,,,,,,,,,,,,,,,,,,,,,,,,,,,,,,,,,0.0,,,,,,,,,,,,,,,,0.0,,,,,,,,,,,,,,,,,,,,,,,,,,,,,,,,,,,,,,,,,,,,,,,,,,,,,,,,,,,,,,,,,,,,,,,,,
472713,Aaron Hickey,Defender,Brentford,94,Scotland,2022-23,0.5781,0.0,,38.0,,88.0,26.0,23.0,111.0,727.0,,,36.0,1.0,,1929.0,104.0,8.0,28.0,90.0,589.0,,1.0,27.1742,,21.0,30.0,62.0,,35.0,0.0,189.0,,289.0,111.0,26.0,,277.0,22.0,153.0,14.0,0.0,,716.0,8.0,191.0,26.0,17.0,,,215.0,27.0,1088.0,75.0,4.0,343.0,,7.0,23.0,39.0,85.0,4.0,44.0,2.0,0.2083,7.0,1.0,18.0,,,4.0,2.0,2.0,22.0,1.0,21.0,,5.0,63.0,11.0,,12.0,,18.0,,31.0,5.0,7.0,20.0,17.0,161.0,15.0,7.0,2.0,0.3867,4.0,1.0,2.0,,23.0,1.0,2.0,3.0,,7.0,,23.0,2.0,2.0,,2.0,,,1.0,,,,,,,,,,,,,,,,,
194010,Rico Henry,Defender,Brentford,94,Jamaica,2022-23,2.8837,0.0,,57.0,,165.0,37.0,37.0,243.0,973.0,,,96.0,9.0,,3242.0,161.0,10.0,42.0,121.0,688.0,,2.0,47.651,8.0,69.0,46.0,257.0,,38.0,0.0,328.0,,394.0,197.0,37.0,,409.0,36.0,232.0,40.0,0.0,,972.0,11.0,448.0,31.0,26.0,,,71.0,42.0,1692.0,122.0,35.0,345.0,,4.0,78.0,71.0,167.0,24.0,49.0,4.0,1.0401,11.0,2.0,30.0,,,24.0,3.0,3.0,56.0,,33.0,,21.0,111.0,21.0,,26.0,,17.0,,61.0,7.0,8.0,32.0,30.0,251.0,8.0,7.0,1.0,1.539,11.0,10.0,4.0,2.0,63.0,2.0,9.0,,1.0,15.0,1.0,63.0,9.0,2.0,,2.0,,,,,,,,,,,,,1.0,1.0,,,,,,
213687,Charlie Goode,Defender,Stevenage,288,England,2022-23,,0.0,,,,,,,,,,,,,,,,,,,,,,,,,,,,,,,,,,,,,,,,0.0,,,,,,,,,,,,,,,,0.0,,,,,,,,,,,,,,,,,,,,,,,,,,,,,,,,,,,,,,,,,,,,,,,,,,,,,,,,,,,,,,,,,,,,,,,,,
231065,Ethan Pinnock,Defender,Brentford,94,Jamaica,2022-23,1.1257,0.0,,52.0,,137.0,30.0,30.0,216.0,1092.0,,,159.0,10.0,,2700.0,170.0,6.0,15.0,65.0,828.0,,2.0,38.6758,12.0,214.0,34.0,316.0,,10.0,1.0,242.0,,444.0,123.0,30.0,,216.0,28.0,83.0,105.0,0.0,,1078.0,4.0,250.0,28.0,3.0,,,226.0,48.0,1581.0,35.0,29.0,663.0,,0.0,79.0,73.0,72.0,3.0,45.0,9.0,2.1796,12.0,,28.0,3.0,1.0,3.0,6.0,6.0,54.0,,57.0,1.0,8.0,18.0,10.0,2.0,24.0,3.0,1.0,,8.0,3.0,31.0,6.0,35.0,106.0,,3.0,1.0,2.9929,3.0,1.0,,1.0,7.0,,1.0,,,8.0,,7.0,1.0,2.0,,2.0,1.0,2.0,,,,,,,,,,,,,,,,,,
48760,Zanka,Defender,FC København,569,Denmark,2022-23,0.1704,0.0,,16.0,,53.0,18.0,11.0,84.0,444.0,4.0,,32.0,4.0,,1098.0,37.0,2.0,10.0,20.0,347.0,,1.0,17.5766,3.0,39.0,15.0,71.0,,4.0,0.0,78.0,,199.0,53.0,18.0,,129.0,13.0,46.0,17.0,0.0,4.0,434.0,1.0,104.0,8.0,,,,137.0,13.0,620.0,44.0,13.0,231.0,,2.0,31.0,28.0,41.0,,15.0,1.0,0.1079,4.0,,9.0,,,,1.0,1.0,15.0,,12.0,1.0,3.0,26.0,7.0,,8.0,,1.0,,2.0,3.0,12.0,9.0,16.0,37.0,2.0,5.0,,0.891,1.0,,,,3.0,2.0,,7.0,,11.0,,3.0,,1.0,,1.0,,,,,,,,,,,,,,,,,,,,
51927,Ben Mee,Defender,Brentford,94,England,2022-23,0.7874,0.0,,45.0,,233.0,37.0,37.0,380.0,1658.0,2.0,,230.0,12.0,,3272.0,203.0,10.0,32.0,71.0,1169.0,,1.0,43.5706,6.0,116.0,40.0,481.0,,15.0,1.0,334.0,,714.0,199.0,37.0,,399.0,30.0,104.0,132.0,0.0,2.0,1618.0,4.0,434.0,24.0,12.0,,,339.0,109.0,2163.0,69.0,46.0,880.0,,2.0,147.0,125.0,131.0,1.0,55.0,7.0,2.4981,25.0,2.0,36.0,3.0,0.0,1.0,4.0,4.0,98.0,,71.0,,6.0,33.0,12.0,3.0,21.0,1.0,1.0,2.0,3.0,18.0,42.0,14.0,48.0,124.0,3.0,7.0,1.0,3.1975,3.0,,,,6.0,1.0,,,,21.0,,6.0,,3.0,,3.0,,1.0,,1.0,,,,,,,,,,3.0,,,,,,
61810,Pontus Jansson,Defender,Malmö FF,993,Sweden,2022-23,0.1315,0.0,,5.0,,45.0,12.0,9.0,63.0,315.0,,,36.0,1.0,,725.0,32.0,4.0,7.0,8.0,238.0,,1.0,11.9421,1.0,38.0,14.0,50.0,,1.0,0.0,49.0,,131.0,25.0,12.0,,49.0,10.0,13.0,24.0,0.0,,309.0,,67.0,3.0,2.0,,,117.0,14.0,402.0,5.0,6.0,203.0,,0.0,18.0,22.0,17.0,,15.0,2.0,0.3218,4.0,,7.0,1.0,1.0,,1.0,1.0,12.0,,8.0,,,5.0,4.0,0.0,2.0,,,1.0,1.0,2.0,9.0,2.0,9.0,17.0,2.0,1.0,,0.3197,,,1.0,,,1.0,,3.0,,,,,,,,,,,,,,,,,,,,,,,,,,,,
191866,Kristoffer Ajer,Defender,Brentford,94,Norway,2022-23,0.0934,0.0,,11.0,,50.0,9.0,9.0,70.0,294.0,,,26.0,2.0,,766.0,36.0,3.0,9.0,21.0,206.0,,1.0,13.5349,3.0,17.0,14.0,23.0,,8.0,0.0,71.0,,145.0,36.0,9.0,,88.0,11.0,45.0,15.0,0.0,,287.0,2.0,101.0,8.0,2.0,,,84.0,18.0,432.0,34.0,12.0,137.0,,0.0,20.0,33.0,35.0,1.0,16.0,,,1.0,,12.0,,,1.0,,,11.0,1.0,11.0,,1.0,24.0,1.0,,3.0,,4.0,,12.0,1.0,5.0,5.0,7.0,42.0,3.0,2.0,,0.0357,,,,,5.0,,,,,10.0,,5.0,,,,,,1.0,,,,,,,,,,,,,,,,,,
228044,Mads Bech,Defender,FC Midtjylland,1000,Denmark,2022-23,0.0013,0.0,,,,1.0,4.0,,1.0,7.0,,,1.0,,,19.0,1.0,,,,5.0,,,0.0486,1.0,1.0,,3.0,,,0.0,1.0,,2.0,,4.0,,2.0,,,1.0,0.0,,7.0,,4.0,,,,,1.0,1.0,14.0,1.0,,4.0,,0.0,,1.0,,,2.0,,,,,2.0,,,,,,,,,,,,,,,,,,,,,,1.0,1.0,,,,,,,,,,,,4.0,,3.0,,,,,,,,,,,,,,,,,,,,,,,,,,
226956,Mads Roerslev,Defender,Brentford,94,Denmark,2022-23,0.8077,0.0,,22.0,,69.0,20.0,12.0,93.0,263.0,,,20.0,5.0,,1102.0,36.0,1.0,30.0,28.0,159.0,,1.0,16.7329,5.0,32.0,12.0,9.0,,3.0,0.0,82.0,,125.0,48.0,20.0,,86.0,11.0,62.0,8.0,0.0,,262.0,3.0,136.0,12.0,3.0,,,84.0,11.0,441.0,19.0,15.0,89.0,,0.0,24.0,27.0,46.0,5.0,13.0,1.0,,3.0,,9.0,,,5.0,1.0,1.0,12.0,,13.0,,8.0,34.0,9.0,,10.0,,3.0,,12.0,2.0,5.0,4.0,9.0,45.0,2.0,2.0,,0.3001,,1.0,2.0,1.0,15.0,,,8.0,,1.0,,15.0,,,,,,,1.0,,,,,,,,,,,1.0,,,,,,
592661,Tristan Crama,Defender,Millwall,103,France,2022-23,,0.0,,,,,,,,,,,,,,,,,,,,,,,,,,,,,,,,,,,,,,,,0.0,,,,,,,,,,,,,,,,0.0,,,,,,,,,,,,,,,,,,,,,,,,,,,,,,,,,,,,,,,,,,,,,,,,,,,,,,,,,,,,,,,,,,,,,,,,,
450550,Fin Stevens,Defender,FC St. Pauli,680,Wales,2022-23,,0.0,,,,,,,,,,,,,,,,,,,,,,,,,,,,,,,,,,,,,,,,0.0,,,,,,,,,,,,,,,,0.0,,,,,,,,,,,,,,,,,,,,,,,,,,,,,,,,,,,,,,,,,,,,,,,,,,,,,,,,,,,,,,,,,,,,,,,,,
508395,Yehor Yarmoliuk,Midfielder,Brentford,94,Ukraine,2022-23,,0.0,,,,,,,,,,,,,,,,,,,,,,,,,,,,,,,,,,,,,,,,0.0,,,,,,,,,,,,,,,,0.0,,,,,,,,,,,,,,,,,,,,,,,,,,,,,,,,,,,,,,,,,,,,,,,,,,,,,,,,,,,,,,,,,,,,,,,,,
128295,Christian Nørgaard,Midfielder,Arsenal,3,Denmark,2022-23,1.7669,0.0,,52.0,,146.0,22.0,21.0,188.0,793.0,,,38.0,5.0,,1770.0,98.0,3.0,34.0,80.0,575.0,,1.0,27.0536,4.0,40.0,23.0,208.0,,20.0,0.0,204.0,,286.0,165.0,22.0,,292.0,20.0,166.0,18.0,0.0,,776.0,1.0,239.0,30.0,8.0,,,198.0,30.0,1102.0,1.0,22.0,315.0,,6.0,42.0,52.0,106.0,2.0,63.0,10.0,1.2699,15.0,3.0,35.0,1.0,1.0,2.0,7.0,7.0,20.0,,47.0,,9.0,86.0,23.0,0.0,22.0,,10.0,,20.0,5.0,9.0,35.0,34.0,101.0,9.0,28.0,,1.5692,4.0,1.0,2.0,5.0,9.0,,1.0,1.0,2.0,1.0,2.0,9.0,1.0,3.0,1.0,3.0,,,,1.0,,,,,,,,,1.0,,,,,,,
207283,Mathias Jensen,Midfielder,Brentford,94,Denmark,2022-23,4.7062,0.0,,71.0,,193.0,37.0,37.0,296.0,1217.0,,,28.0,3.0,,2829.0,132.0,9.0,74.0,121.0,810.0,,1.0,41.2696,5.0,23.0,40.0,346.0,,25.0,1.0,304.0,,428.0,175.0,37.0,,565.0,31.0,276.0,11.0,0.0,,1076.0,26.0,593.0,36.0,25.0,,,193.0,111.0,1980.0,114.0,22.0,409.0,,5.0,103.0,73.0,172.0,22.0,54.0,7.0,1.1608,18.0,6.0,26.0,5.0,0.0,53.0,,,17.0,,28.0,,42.0,155.0,49.0,5.0,35.0,1.0,28.0,1.0,60.0,11.0,5.0,32.0,32.0,250.0,27.0,21.0,,2.0935,5.0,,5.0,6.0,60.0,1.0,3.0,,2.0,70.0,2.0,105.0,3.0,2.0,3.0,2.0,2.0,,,1.0,28.0,4.0,4.0,34.0,0.5192,76.0,,,,,,,,,,
513418,Kevin Schade,Midfielder,Brentford,94,Germany,2022-23,0.7644,0.0,,12.0,,56.0,18.0,7.0,58.0,156.0,,,54.0,,,728.0,62.0,2.0,18.0,32.0,98.0,,,7.9403,,4.0,7.0,35.0,,8.0,0.0,131.0,,44.0,33.0,18.0,,75.0,5.0,77.0,30.0,0.0,,156.0,13.0,128.0,8.0,12.0,,,21.0,,319.0,1.0,1.0,27.0,,2.0,2.0,6.0,69.0,4.0,25.0,4.0,1.0098,10.0,1.0,12.0,,,4.0,3.0,3.0,24.0,,59.0,,7.0,45.0,7.0,,4.0,,18.0,,27.0,6.0,,13.0,4.0,56.0,6.0,8.0,,1.9943,2.0,6.0,1.0,1.0,11.0,6.0,,11.0,1.0,,1.0,11.0,,2.0,,2.0,1.0,,,,,,,,,,,,1.0,,,,,,,
183656,Josh Dasilva,Midfielder,Brentford,94,England,2022-23,1.5655,0.0,,18.0,,78.0,36.0,14.0,99.0,572.0,,,14.0,,,1381.0,78.0,4.0,33.0,72.0,452.0,,1.0,20.0289,2.0,6.0,17.0,100.0,,23.0,2.0,151.0,,150.0,66.0,36.0,,269.0,13.0,137.0,6.0,0.0,,562.0,4.0,203.0,9.0,31.0,,,190.0,21.0,846.0,11.0,6.0,211.0,,1.0,21.0,22.0,73.0,6.0,23.0,6.0,2.3639,11.0,2.0,7.0,4.0,2.0,7.0,2.0,2.0,8.0,,32.0,,10.0,65.0,16.0,2.0,9.0,3.0,15.0,,44.0,5.0,6.0,14.0,5.0,132.0,14.0,3.0,1.0,1.5343,7.0,5.0,1.0,8.0,23.0,,6.0,22.0,,,,26.0,6.0,1.0,1.0,1.0,1.0,,2.0,,1.0,,,3.0,,6.0,,,,,,,,,,
216646,Yoane Wissa,Forward,Newcastle United,4,DR Congo,2022-23,1.0332,0.0,,17.0,,77.0,38.0,16.0,91.0,327.0,,,50.0,,,1599.0,87.0,4.0,25.0,63.0,227.0,,1.0,20.6202,1.0,14.0,17.0,89.0,,26.0,1.0,181.0,,80.0,69.0,38.0,,159.0,13.0,131.0,24.0,0.0,,322.0,6.0,188.0,12.0,20.0,,,59.0,9.0,580.0,2.0,3.0,77.0,,3.0,14.0,20.0,94.0,,44.0,15.0,4.4254,29.0,3.0,16.0,7.0,4.0,,5.0,5.0,26.0,,65.0,,10.0,68.0,10.0,3.0,5.0,1.0,15.0,3.0,40.0,14.0,,21.0,6.0,99.0,15.0,13.0,1.0,5.5166,3.0,1.0,4.0,8.0,12.0,19.0,,22.0,3.0,,3.0,12.0,,3.0,3.0,3.0,,,,1.0,,,,,,,,,1.0,,,,,,,
428580,Frank Onyeka,Midfielder,Brentford,94,Nigeria,2022-23,0.8032,0.0,,19.0,,47.0,21.0,8.0,61.0,253.0,,,22.0,,,843.0,63.0,1.0,22.0,56.0,185.0,,1.0,10.641,1.0,16.0,11.0,59.0,,26.0,0.0,128.0,,80.0,50.0,21.0,,122.0,10.0,106.0,7.0,0.0,,253.0,1.0,97.0,14.0,11.0,,,61.0,7.0,425.0,1.0,9.0,70.0,,0.0,14.0,19.0,65.0,,32.0,4.0,0.5307,7.0,2.0,18.0,,,,2.0,2.0,15.0,,22.0,,5.0,50.0,13.0,,5.0,,11.0,,21.0,3.0,3.0,15.0,10.0,53.0,8.0,9.0,,0.9957,2.0,1.0,,4.0,2.0,2.0,1.0,13.0,2.0,,2.0,2.0,1.0,1.0,,1.0,,,,,,,,,,,,,,,,,,,,
446008,Bryan Mbeumo,Forward,Manchester United,1,Cameroon,2022-23,5.5831,0.0,,26.0,,192.0,38.0,36.0,213.0,809.0,,,99.0,1.0,,2929.0,129.0,9.0,65.0,94.0,566.0,,1.0,42.219,,17.0,39.0,99.0,,23.0,2.0,342.0,,211.0,135.0,38.0,,462.0,30.0,243.0,35.0,0.0,,768.0,28.0,506.0,18.0,45.0,,,255.0,30.0,1451.0,18.0,4.0,175.0,,5.0,21.0,44.0,213.0,15.0,61.0,33.0,6.651,59.0,8.0,14.0,9.0,4.0,41.0,15.0,15.0,64.0,,132.0,,43.0,149.0,23.0,5.0,8.0,9.0,37.0,,91.0,26.0,1.0,27.0,13.0,244.0,26.0,13.0,1.0,9.6283,12.0,7.0,7.0,22.0,62.0,6.0,1.0,2.0,9.0,1.0,9.0,115.0,1.0,11.0,,11.0,2.0,,4.0,2.0,18.0,1.0,1.0,36.0,0.1073,71.0,1.0,1.0,,,,,,,,
440089,Mikkel Damsgaard,Midfielder,Brentford,94,Denmark,2022-23,1.3306,0.0,,31.0,,83.0,26.0,9.0,101.0,371.0,,,19.0,,,981.0,61.0,2.0,30.0,51.0,259.0,,,12.8823,1.0,10.0,14.0,75.0,,11.0,0.0,124.0,,154.0,70.0,26.0,,173.0,12.0,105.0,10.0,0.0,,364.0,3.0,162.0,21.0,9.0,,,70.0,11.0,564.0,1.0,4.0,101.0,,4.0,18.0,20.0,63.0,2.0,32.0,6.0,1.3832,9.0,,13.0,,,4.0,4.0,4.0,9.0,,27.0,,11.0,54.0,18.0,,10.0,,9.0,,15.0,3.0,2.0,13.0,10.0,72.0,9.0,6.0,1.0,2.6083,3.0,,5.0,5.0,21.0,,2.0,17.0,2.0,,2.0,25.0,2.0,1.0,,1.0,,,,,1.0,,,1.0,,2.0,,,,,,,,,,
432160,Shandon Baptiste,Midfielder,Luton Town,102,Grenada,2022-23,0.5452,1.0,,15.0,,30.0,23.0,4.0,39.0,279.0,,,13.0,,,603.0,39.0,3.0,15.0,33.0,227.0,,,6.4884,,10.0,6.0,68.0,,12.0,0.0,77.0,,80.0,45.0,23.0,,132.0,3.0,64.0,6.0,0.0,,278.0,3.0,76.0,9.0,6.0,,,66.0,13.0,395.0,3.0,2.0,112.0,,1.0,9.0,12.0,38.0,3.0,22.0,1.0,0.2231,2.0,1.0,9.0,,,4.0,1.0,1.0,7.0,,9.0,,9.0,31.0,8.0,,6.0,,3.0,,11.0,1.0,2.0,11.0,7.0,65.0,4.0,8.0,1.0,0.3452,2.0,1.0,2.0,2.0,6.0,1.0,,19.0,,,,7.0,,2.0,,2.0,,,,,1.0,,,1.0,,2.0,,,,,,,,,1.0,
204580,Vitaly Janelt,Midfielder,Brentford,94,Germany,2022-23,1.514,0.0,,54.0,,146.0,35.0,24.0,187.0,977.0,,,56.0,6.0,,2207.0,116.0,8.0,41.0,83.0,723.0,,1.0,30.2447,11.0,23.0,28.0,309.0,,21.0,0.0,213.0,,301.0,159.0,35.0,,381.0,20.0,157.0,33.0,0.0,,965.0,7.0,251.0,27.0,9.0,,,207.0,67.0,1293.0,14.0,14.0,417.0,,3.0,41.0,43.0,97.0,8.0,41.0,5.0,2.2108,11.0,1.0,23.0,3.0,0.0,8.0,1.0,1.0,23.0,,40.0,,15.0,74.0,20.0,3.0,27.0,2.0,14.0,1.0,25.0,6.0,9.0,22.0,29.0,160.0,11.0,8.0,3.0,2.3613,3.0,,3.0,3.0,13.0,2.0,,11.0,1.0,2.0,1.0,14.0,,3.0,,3.0,,,1.0,,,,,1.0,,1.0,,,,,,,,,,
591357,Ryan Trevitt,Midfielder,Brentford,94,England,2022-23,,0.0,,,,,,,,,,,,,,,,,,,,,,,,,,,,,,,,,,,,,,,,0.0,,,,,,,,,,,,,,,,0.0,,,,,,,,,,,,,,,,,,,,,,,,,,,,,,,,,,,,,,,,,,,,,,,,,,,,,,,,,,,,,,,,,,,,,,,,,
501284,Michael Olakigbe,Forward,Swindon Town,46,England,2022-23,,0.0,,,,,,,,,,,,,,,,,,,,,,,,,,,,,,,,,,,,,,,,0.0,,,,,,,,,,,,,,,,0.0,,,,,,,,,,,,,,,,,,,,,,,,,,,,,,,,,,,,,,,,,,,,,,,,,,,,,,,,,,,,,,,,,,,,,,,,,
174932,Sergi Canós,Midfielder,Valencia,191,Spain,2022-23,0.0327,0.0,,,,13.0,5.0,,16.0,37.0,,,1.0,,,73.0,7.0,,2.0,7.0,20.0,,,1.3906,,1.0,2.0,5.0,,3.0,0.0,15.0,,14.0,6.0,5.0,,13.0,2.0,14.0,,0.0,,36.0,1.0,22.0,,4.0,,,10.0,1.0,62.0,2.0,2.0,8.0,,0.0,3.0,4.0,8.0,,4.0,,,1.0,,1.0,,,,,,1.0,,2.0,,1.0,7.0,2.0,,,,2.0,,2.0,1.0,1.0,3.0,,8.0,,2.0,1.0,0.0475,,,,1.0,3.0,,,5.0,,,,3.0,,,,,,,1.0,,,,,,,,,,,,,,,,,
205836,Saman Ghoddos,Forward,Brentford,94,Iran,2022-23,0.3,0.0,,2.0,,7.0,15.0,,15.0,69.0,,,9.0,,,126.0,10.0,,5.0,5.0,52.0,,1.0,2.977,1.0,2.0,5.0,17.0,,3.0,0.0,22.0,,22.0,24.0,15.0,,36.0,5.0,13.0,5.0,0.0,,66.0,1.0,26.0,1.0,,,,10.0,2.0,105.0,2.0,4.0,21.0,,0.0,8.0,1.0,12.0,,6.0,1.0,0.4002,1.0,,1.0,,,3.0,1.0,1.0,4.0,,3.0,,4.0,8.0,4.0,,1.0,,2.0,,3.0,,1.0,3.0,4.0,20.0,,,,0.0462,,,1.0,1.0,2.0,,,15.0,,1.0,,4.0,,,,,,,,,2.0,,,2.0,,4.0,,,,,,,,,,
144485,Ivan Toney,Forward,Brentford,94,England,2022-23,3.4927,0.0,,23.0,,261.0,33.0,33.0,280.0,736.0,,,227.0,7.0,,2953.0,223.0,8.0,46.0,114.0,442.0,,2.0,43.1193,,35.0,42.0,182.0,,74.0,6.0,482.0,,279.0,103.0,33.0,,337.0,34.0,255.0,109.0,0.0,,717.0,29.0,501.0,13.0,17.0,,,110.0,14.0,1346.0,7.0,2.0,124.0,,9.0,19.0,44.0,259.0,5.0,95.0,42.0,17.5387,78.0,4.0,53.0,20.0,9.0,5.0,16.0,16.0,118.0,,167.0,,23.0,141.0,15.0,11.0,10.0,3.0,29.0,2.0,76.0,36.0,9.0,52.0,14.0,165.0,4.0,22.0,1.0,18.677,16.0,6.0,12.0,42.0,29.0,27.0,5.0,,6.0,3.0,6.0,29.0,5.0,11.0,15.0,11.0,,,12.0,4.0,,9.0,9.0,,0.8753,1.0,7.0,6.0,3.0,1.0,,,,2.0,,
434662,Halil Dervisoglu,Forward,Galatasaray,208,Turkey,2022-23,,0.0,,,,,1.0,,,,,,,,,7.0,,,,,,,,,,,,,,,0.0,2.0,,,,1.0,,,,2.0,,0.0,,,,1.0,,,,,,,2.0,,,,,0.0,,,2.0,,,,,,,,,,,,,,,1.0,,,2.0,,,,,,,1.0,,,,,,,,,0.0271,1.0,,,,,,1.0,1.0,,,,,1.0,,,,,,,,,,,,,,,,,,,,,,,
249231,Keane Lewis-Potter,Forward,Brentford,94,England,2022-23,0.2738,0.0,,1.0,,26.0,10.0,3.0,30.0,76.0,,,8.0,,,317.0,13.0,3.0,7.0,9.0,46.0,,,4.2914,,2.0,4.0,33.0,,4.0,0.0,36.0,,21.0,20.0,10.0,,33.0,1.0,28.0,4.0,0.0,,75.0,6.0,66.0,,4.0,,,9.0,,154.0,2.0,1.0,14.0,,0.0,4.0,3.0,23.0,1.0,5.0,2.0,,4.0,1.0,2.0,,,1.0,2.0,2.0,4.0,,20.0,,4.0,19.0,4.0,,1.0,,10.0,,18.0,2.0,1.0,1.0,,13.0,3.0,,,0.4839,3.0,,1.0,1.0,7.0,1.0,1.0,7.0,,,,7.0,1.0,2.0,,2.0,,,1.0,,,,,,,,,,,,,,,,,
215059,Robert Sánchez,Goalkeeper,Chelsea,8,Spain,2022-23,0.021,0.0,12.0,1.0,13.0,8.0,23.0,23.0,170.0,673.0,131.0,1.0,7.0,6.0,6.0,2070.0,8.0,3.0,3.0,1.0,426.0,5.0,5.0,24.5066,15.0,14.0,30.0,126.0,48.0,,0.0,9.0,1.0,354.0,169.0,23.0,5.0,44.0,27.0,2.0,7.0,0.0,201.0,487.0,,177.0,,,33.0,11.0,193.0,77.0,867.0,,70.0,459.0,34.0,2.0,162.0,52.0,1.0,,3.0,,,,,3.0,,,,,,,1.0,,,,1.0,,,1.0,,,,,,,1.0,3.0,,,1.0,,,,,,,,,,,,,,,,,,,,,,,,,,,,,,,,,1.0,1.0,,,,
49262,Jason Steele,Goalkeeper,Brighton and Hove Albion U21,12947,England,2022-23,0.1578,0.0,10.0,,7.0,11.0,15.0,15.0,59.0,490.0,55.0,,1.0,6.0,2.0,1350.0,3.0,2.0,,2.0,372.0,3.0,1.0,18.6671,7.0,9.0,23.0,94.0,37.0,1.0,0.0,4.0,4.0,251.0,112.0,15.0,,17.0,21.0,3.0,1.0,0.0,102.0,414.0,,63.0,,1.0,1.0,15.0,145.0,59.0,606.0,,12.0,414.0,30.0,1.0,48.0,26.0,1.0,,,,,,1.0,,,,,,,,,,1.0,,1.0,,,,,,,,,,1.0,,,,,,,,,1.0,,,,,,,,,,,,,,,,,,,,,,,,,,,,1.0,1.0,,,,
209288,Tom McGill,Goalkeeper,Brighton and Hove Albion U21,12947,Canada,2022-23,,0.0,,,,,,,,,,,,,,,,,,,,,,,,,,,,,,,,,,,,,,,,0.0,,,,,,,,,,,,,,,,0.0,,,,,,,,,,,,,,,,,,,,,,,,,,,,,,,,,,,,,,,,,,,,,,,,,,,,,,,,,,,,,,,,,,,,,,,,,
232792,Tariq Lamptey,Defender,Brighton and Hove Albion,36,Ghana,2022-23,0.653,0.0,,11.0,,31.0,20.0,3.0,32.0,232.0,,,9.0,,,441.0,38.0,1.0,10.0,36.0,196.0,,1.0,6.5883,1.0,2.0,7.0,15.0,,14.0,0.0,68.0,,69.0,31.0,20.0,,134.0,6.0,59.0,2.0,0.0,,227.0,4.0,95.0,6.0,11.0,,,75.0,4.0,398.0,34.0,,71.0,,1.0,1.0,10.0,30.0,5.0,19.0,,,4.0,,9.0,,,5.0,,,7.0,,17.0,,4.0,23.0,4.0,,5.0,,13.0,,15.0,4.0,3.0,6.0,7.0,73.0,2.0,5.0,,0.1988,1.0,1.0,1.0,,26.0,,1.0,17.0,,5.0,,26.0,1.0,,,,,,,,,,,,,,,,,,,,,,,
110735,Adam Webster,Defender,Brighton and Hove Albion,36,England,2022-23,0.4474,0.0,,22.0,,131.0,27.0,23.0,191.0,1676.0,,,87.0,8.0,,1988.0,91.0,4.0,21.0,31.0,1402.0,,3.0,20.761,6.0,51.0,27.0,391.0,,6.0,0.0,145.0,,667.0,143.0,27.0,,545.0,23.0,58.0,60.0,0.0,,1648.0,1.0,221.0,12.0,3.0,,,532.0,83.0,1908.0,28.0,17.0,941.0,,2.0,60.0,66.0,54.0,1.0,34.0,2.0,0.1586,16.0,,24.0,,,1.0,2.0,2.0,27.0,,27.0,1.0,6.0,27.0,11.0,,10.0,,4.0,,9.0,14.0,19.0,10.0,19.0,86.0,6.0,4.0,,1.6987,2.0,,,1.0,1.0,1.0,1.0,4.0,,7.0,,1.0,1.0,1.0,,1.0,,1.0,,,,,,,,,,,,,,,,,,
83299,Lewis Dunk,Defender,Brighton and Hove Albion,36,England,2022-23,0.9166,0.0,,30.0,,155.0,36.0,36.0,308.0,3208.0,35.0,,116.0,11.0,,3239.0,129.0,5.0,23.0,60.0,2728.0,,6.0,39.8052,14.0,81.0,50.0,1052.0,,27.0,0.0,219.0,,1029.0,253.0,36.0,,893.0,45.0,103.0,69.0,0.0,34.0,3062.0,3.0,330.0,19.0,4.0,1.0,,951.0,172.0,3520.0,10.0,40.0,2008.0,,4.0,153.0,92.0,90.0,1.0,38.0,3.0,0.2194,17.0,,20.0,1.0,1.0,1.0,1.0,1.0,47.0,4.0,34.0,1.0,9.0,43.0,10.0,0.0,11.0,,,1.0,5.0,14.0,27.0,18.0,34.0,176.0,1.0,7.0,3.0,1.6795,5.0,,4.0,,1.0,1.0,,,1.0,,1.0,1.0,,5.0,,5.0,,1.0,1.0,,,1.0,1.0,,0.0335,,,,,1.0,,,,,,
460028,Levi Colwill,Defender,Chelsea U21,12943,England,2022-23,0.3274,0.0,,8.0,,97.0,17.0,13.0,131.0,1148.0,26.0,,63.0,3.0,,1220.0,64.0,1.0,8.0,19.0,973.0,,3.0,19.4991,2.0,37.0,21.0,448.0,,10.0,0.0,99.0,,480.0,74.0,17.0,,355.0,20.0,36.0,45.0,0.0,25.0,1095.0,,149.0,7.0,1.0,1.0,,147.0,44.0,1284.0,10.0,8.0,662.0,,1.0,34.0,63.0,35.0,,22.0,,,7.0,2.0,13.0,,,,,,18.0,,12.0,,5.0,17.0,2.0,,1.0,,,,4.0,7.0,3.0,8.0,15.0,73.0,2.0,2.0,,1.4213,1.0,,2.0,,1.0,,,4.0,,1.0,,1.0,,1.0,,1.0,,1.0,,,,,,,,,,,,,,,,,,
469142,Jan Paul van Hecke,Defender,Brighton and Hove Albion,36,Netherlands,2022-23,0.0491,0.0,,8.0,,10.0,8.0,3.0,15.0,246.0,,,22.0,,,291.0,18.0,,6.0,12.0,225.0,,,5.574,1.0,9.0,7.0,36.0,,4.0,0.0,39.0,,95.0,15.0,8.0,,79.0,7.0,17.0,6.0,0.0,,242.0,,17.0,6.0,,,,103.0,6.0,295.0,1.0,2.0,152.0,,2.0,5.0,7.0,21.0,,7.0,,,2.0,,4.0,,,,,,16.0,,2.0,,,5.0,3.0,,2.0,,,,,2.0,5.0,7.0,6.0,12.0,1.0,1.0,1.0,0.592,,,,,,,,5.0,,,,,,,,,,,,,,,,,,,,,,1.0,,,,,,
204214,Pervis Estupiñán,Defender,Brighton and Hove Albion,36,Ecuador,2022-23,4.0733,0.0,,61.0,,230.0,35.0,31.0,259.0,1621.0,,,64.0,7.0,,2682.0,143.0,4.0,79.0,107.0,1329.0,,3.0,34.8352,1.0,35.0,43.0,677.0,,26.0,0.0,286.0,,531.0,191.0,35.0,,789.0,39.0,222.0,36.0,0.0,,1591.0,27.0,439.0,31.0,20.0,,,83.0,33.0,2299.0,186.0,11.0,601.0,,4.0,29.0,87.0,143.0,26.0,58.0,5.0,0.847,17.0,5.0,35.0,1.0,1.0,28.0,3.0,3.0,28.0,1.0,77.0,,46.0,115.0,22.0,0.0,30.0,1.0,18.0,,47.0,12.0,8.0,42.0,37.0,330.0,11.0,23.0,,1.685,12.0,4.0,5.0,,70.0,11.0,4.0,4.0,1.0,13.0,1.0,73.0,4.0,8.0,,8.0,,,2.0,,2.0,,,1.0,,4.0,,,1.0,,,,,,,
111478,Joël Veltman,Defender,Brighton and Hove Albion,36,Netherlands,2022-23,1.0559,0.0,,62.0,,126.0,31.0,25.0,192.0,1297.0,,,44.0,6.0,,2194.0,131.0,4.0,48.0,105.0,1058.0,,2.0,21.1849,6.0,49.0,29.0,118.0,,38.0,0.0,213.0,,537.0,125.0,31.0,,565.0,25.0,169.0,26.0,0.0,,1263.0,6.0,289.0,32.0,5.0,,,463.0,47.0,1807.0,150.0,33.0,546.0,,6.0,66.0,92.0,82.0,6.0,29.0,6.0,1.0635,12.0,1.0,19.0,1.0,0.0,6.0,4.0,4.0,18.0,1.0,23.0,,9.0,64.0,19.0,1.0,30.0,,8.0,,18.0,6.0,8.0,27.0,19.0,179.0,11.0,18.0,1.0,1.7286,3.0,,1.0,2.0,17.0,,2.0,6.0,1.0,35.0,1.0,17.0,2.0,1.0,,1.0,,,,,,,,,,,,,,,,,,,,1.0
448496,Ed Turns,Defender,Exeter City,71,Wales,2022-23,,0.0,,,,,,,,,,,,,,,,,,,,,,,,,,,,,,,,,,,,,,,,0.0,,,,,,,,,,,,,,,,0.0,,,,,,,,,,,,,,,,,,,,,,,,,,,,,,,,,,,,,,,,,,,,,,,,,,,,,,,,,,,,,,,,,,,,,,,,,
440123,James Furlong,Defender,Hull City U21,19590,Ireland,2022-23,,0.0,,,,,,,,,,,,,,,,,,,,,,,,,,,,,,,,,,,,,,,,0.0,,,,,,,,,,,,,,,,0.0,,,,,,,,,,,,,,,,,,,,,,,,,,,,,,,,,,,,,,,,,,,,,,,,,,,,,,,,,,,,,,,,,,,,,,,,,
445548,Odeluga Offiah,Defender,Brighton and Hove Albion,36,England,2022-23,0.022,0.0,,1.0,,5.0,2.0,,6.0,29.0,,,1.0,,,23.0,2.0,,,2.0,22.0,,1.0,2.72,,1.0,3.0,1.0,,,0.0,5.0,,9.0,3.0,2.0,,9.0,3.0,4.0,,0.0,,29.0,,7.0,1.0,1.0,,,17.0,1.0,36.0,1.0,1.0,14.0,,0.0,1.0,3.0,3.0,,,,,,,,,,,,,1.0,,,,,2.0,,,,,,,,,,,,2.0,,,,,,,,,,,,2.0,,,,,,,,,,,,,,,,,,,,,,,,,,,,
447720,Imari Samuels,Defender,Brighton and Hove Albion U21,12947,England,2022-23,,0.0,,,,,,,,,,,,,,,,,,,,,,,,,,,,,,,,,,,,,,,,0.0,,,,,,,,,,,,,,,,0.0,,,,,,,,,,,,,,,,,,,,,,,,,,,,,,,,,,,,,,,,,,,,,,,,,,,,,,,,,,,,,,,,,,,,,,,,,
39155,Adam Lallana,Midfielder,Southampton,20,England,2022-23,1.219,0.0,,9.0,,50.0,16.0,12.0,52.0,310.0,,,17.0,,,728.0,28.0,,11.0,20.0,256.0,,3.0,9.6929,,1.0,10.0,74.0,,7.0,0.0,64.0,,67.0,25.0,16.0,,166.0,10.0,47.0,8.0,0.0,,301.0,2.0,84.0,4.0,4.0,,,87.0,2.0,395.0,2.0,1.0,94.0,,0.0,2.0,11.0,36.0,2.0,10.0,5.0,1.0625,8.0,1.0,7.0,2.0,2.0,2.0,3.0,3.0,9.0,,36.0,,13.0,27.0,6.0,0.0,5.0,,3.0,1.0,14.0,3.0,,2.0,2.0,82.0,12.0,2.0,,0.8746,,,,9.0,1.0,,,4.0,,,,1.0,,,1.0,,,,3.0,,,,,,,1.0,,,,,,,,,,
235382,Steven Alzate,Midfielder,Hull City,88,Colombia,2022-23,,0.0,,,,,,,,,,,,,,,,,,,,,,,,,,,,,,,,,,,,,,,,0.0,,,,,,,,,,,,,,,,0.0,,,,,,,,,,,,,,,,,,,,,,,,,,,,,,,,,,,,,,,,,,,,,,,,,,,,,,,,,,,,,,,,,,,,,,,,,
109345,Solly March,Midfielder,Brighton and Hove Albion U21,12947,England,2022-23,6.2934,0.0,,53.0,,201.0,33.0,31.0,236.0,1101.0,,,68.0,3.0,,2724.0,184.0,5.0,67.0,154.0,796.0,,5.0,32.3274,3.0,29.0,40.0,99.0,,39.0,2.0,355.0,,263.0,125.0,33.0,,642.0,35.0,287.0,30.0,0.0,,1073.0,39.0,487.0,31.0,63.0,,,446.0,69.0,1804.0,49.0,15.0,260.0,,2.0,35.0,50.0,171.0,23.0,57.0,34.0,8.4781,52.0,7.0,29.0,7.0,4.0,37.0,21.0,21.0,38.0,,145.0,,60.0,133.0,31.0,3.0,22.0,6.0,35.0,,67.0,18.0,3.0,46.0,24.0,293.0,13.0,32.0,,7.3501,22.0,4.0,3.0,8.0,72.0,12.0,9.0,2.0,6.0,5.0,6.0,118.0,9.0,13.0,1.0,13.0,,,1.0,,13.0,1.0,1.0,41.0,0.0472,71.0,,,,,,,,,,
243016,Alexis Mac Allister,Midfielder,Liverpool,14,Argentina,2022-23,4.3765,0.0,,70.0,,199.0,35.0,31.0,230.0,1803.0,,,41.0,7.0,,2886.0,196.0,5.0,67.0,171.0,1508.0,,6.0,35.6573,2.0,10.0,45.0,565.0,,57.0,3.0,342.0,,454.0,213.0,35.0,,919.0,40.0,301.0,25.0,0.0,,1767.0,16.0,364.0,39.0,44.0,,,479.0,65.0,2323.0,5.0,6.0,662.0,,8.0,31.0,54.0,146.0,3.0,83.0,34.0,10.6989,66.0,2.0,39.0,10.0,3.0,8.0,9.0,9.0,16.0,,66.0,1.0,45.0,130.0,24.0,7.0,31.0,,21.0,1.0,57.0,32.0,2.0,35.0,22.0,305.0,4.0,24.0,1.0,12.0236,20.0,2.0,15.0,55.0,15.0,,13.0,4.0,15.0,,15.0,21.0,13.0,7.0,8.0,7.0,,,2.0,1.0,5.0,8.0,8.0,6.0,0.4268,12.0,6.0,6.0,,,,,,1.0,,1.0
60307,Pascal Groß,Midfielder,Brighton and Hove Albion,36,Germany,2022-23,8.7877,0.0,,59.0,,209.0,37.0,37.0,283.0,2027.0,,,46.0,10.0,,3245.0,104.0,5.0,72.0,94.0,1670.0,,6.0,39.9786,5.0,18.0,51.0,380.0,,18.0,3.0,237.0,,565.0,140.0,37.0,,987.0,46.0,191.0,10.0,0.0,,1926.0,38.0,538.0,38.0,17.0,,,658.0,74.0,2671.0,82.0,20.0,810.0,,7.0,74.0,62.0,133.0,15.0,77.0,19.0,5.6558,26.0,8.0,36.0,9.0,4.0,53.0,7.0,7.0,36.0,1.0,106.0,1.0,72.0,97.0,22.0,5.0,21.0,4.0,13.0,,31.0,7.0,10.0,35.0,13.0,424.0,7.0,23.0,1.0,5.1048,13.0,,9.0,33.0,63.0,10.0,8.0,,3.0,4.0,3.0,171.0,8.0,5.0,5.0,5.0,2.0,,4.0,,34.0,1.0,1.0,89.0,0.029,140.0,,,,,,,,,,
451340,Kaoru Mitoma,Midfielder,Brighton and Hove Albion,36,Japan,2022-23,4.9463,0.0,,44.0,,140.0,33.0,24.0,153.0,914.0,,,37.0,3.0,,2315.0,149.0,3.0,58.0,131.0,740.0,,3.0,29.7482,,5.0,35.0,359.0,,27.0,1.0,304.0,,171.0,120.0,33.0,,551.0,32.0,267.0,18.0,0.0,,911.0,31.0,353.0,27.0,60.0,,,73.0,21.0,1422.0,16.0,7.0,213.0,,0.0,13.0,31.0,155.0,3.0,51.0,21.0,7.0761,42.0,5.0,20.0,7.0,3.0,3.0,12.0,12.0,19.0,,197.0,,36.0,136.0,25.0,4.0,17.0,,55.0,2.0,88.0,21.0,,29.0,17.0,311.0,8.0,11.0,6.0,8.1725,10.0,8.0,4.0,19.0,38.0,6.0,2.0,9.0,2.0,,2.0,38.0,2.0,8.0,5.0,8.0,,,2.0,2.0,,,,,,3.0,,,1.0,,,,,,,
486672,Moisés Caicedo,Midfielder,Chelsea,8,Ecuador,2022-23,2.5451,0.0,,100.0,,207.0,37.0,34.0,248.0,2209.0,,,58.0,9.0,,3140.0,220.0,5.0,74.0,183.0,1874.0,,6.0,38.4407,4.0,25.0,47.0,682.0,,54.0,0.0,376.0,,545.0,248.0,37.0,,1070.0,42.0,318.0,37.0,0.0,,2197.0,9.0,345.0,50.0,29.0,,,600.0,87.0,2735.0,24.0,16.0,899.0,,10.0,41.0,87.0,156.0,8.0,110.0,8.0,1.3091,13.0,1.0,51.0,1.0,0.0,8.0,,,21.0,,29.0,,42.0,135.0,36.0,1.0,50.0,,20.0,,43.0,5.0,7.0,65.0,56.0,382.0,4.0,48.0,,1.5517,15.0,4.0,11.0,32.0,9.0,,12.0,3.0,7.0,1.0,7.0,9.0,12.0,3.0,1.0,3.0,,,,2.0,,,,,,,,,,,,,,,,
509416,Yasin Ayari,Midfielder,Brighton and Hove Albion,36,Sweden,2022-23,0.3035,0.0,,2.0,,2.0,3.0,1.0,2.0,22.0,,,1.0,,,65.0,5.0,,1.0,5.0,18.0,,,1.3628,,,2.0,6.0,,3.0,0.0,10.0,,8.0,3.0,3.0,,10.0,2.0,9.0,,0.0,,22.0,,5.0,2.0,,,,6.0,2.0,33.0,,,10.0,,0.0,,1.0,5.0,,2.0,,,1.0,,1.0,,,,,,1.0,,1.0,,2.0,4.0,1.0,,,,,,,1.0,,,,2.0,1.0,,,0.0235,,,1.0,1.0,,,,2.0,,,,,,,,,,,,,,,,,,,,,,,,,,,,
243568,Billy Gilmour,Midfielder,Napoli,459,Scotland,2022-23,0.8159,0.0,,5.0,,29.0,14.0,7.0,39.0,403.0,,,10.0,1.0,,508.0,15.0,,6.0,10.0,347.0,,,7.5221,,5.0,8.0,110.0,,3.0,0.0,40.0,,99.0,35.0,14.0,,174.0,8.0,30.0,5.0,0.0,,401.0,1.0,57.0,2.0,2.0,,,105.0,17.0,462.0,,3.0,190.0,,1.0,10.0,14.0,25.0,,12.0,1.0,0.1585,3.0,1.0,8.0,,,,1.0,1.0,5.0,,4.0,,1.0,20.0,3.0,,3.0,,2.0,,7.0,2.0,2.0,8.0,6.0,89.0,5.0,5.0,,0.5234,3.0,,2.0,6.0,2.0,,2.0,7.0,,,,2.0,2.0,1.0,,1.0,,,,1.0,,,,,,,,,,,,,,,,
536916,Facundo Buonanotte,Midfielder,Leeds United,2,Argentina,2022-23,0.3945,0.0,,2.0,,31.0,13.0,6.0,34.0,186.0,,,6.0,,,563.0,18.0,,8.0,16.0,142.0,,,9.3164,,2.0,12.0,13.0,,7.0,0.0,63.0,,34.0,25.0,13.0,,112.0,12.0,57.0,2.0,0.0,,186.0,2.0,61.0,1.0,7.0,,,72.0,10.0,271.0,1.0,,44.0,,2.0,3.0,12.0,45.0,2.0,3.0,3.0,0.7356,7.0,1.0,1.0,1.0,1.0,4.0,2.0,2.0,4.0,,19.0,,5.0,41.0,3.0,0.0,1.0,1.0,9.0,,11.0,4.0,2.0,9.0,4.0,67.0,5.0,4.0,,1.3907,4.0,3.0,,4.0,2.0,3.0,1.0,7.0,,,,3.0,1.0,3.0,,3.0,,,,1.0,1.0,,,1.0,,2.0,,,,,,,,,,
513834,Andrew Moran,Midfielder,Brighton and Hove Albion,36,Ireland,2022-23,,0.0,,,,1.0,1.0,,1.0,2.0,,,,,,11.0,,,1.0,,1.0,,1.0,0.9654,,,1.0,1.0,,,0.0,,,,,1.0,,,1.0,,,0.0,,1.0,,3.0,,,,,,,6.0,,,1.0,,0.0,,,,,,,,,,,,,,,,,,,,,,1.0,,,,,,,,,,,1.0,,,,,,,,,,,,1.0,,,,,,,,,,,,,,,,,,,,,,,,,,,,
491598,Cameron Peupion,Midfielder,Brighton and Hove Albion U21,12947,Australia,2022-23,0.0006,0.0,,,,1.0,1.0,,1.0,4.0,,,1.0,,,5.0,1.0,,,,3.0,,,1.7304,,,2.0,,,,0.0,1.0,,1.0,,1.0,,3.0,2.0,,1.0,0.0,,4.0,,2.0,,,,,1.0,,6.0,,,,,0.0,,,,,1.0,,,,,,,,,,,,,1.0,,,,,,,,,,,,,,,2.0,,,,0.0603,1.0,,,,,,,1.0,,,,,,1.0,,1.0,,,,,,,,,,,,,,,,,,,,
532529,Jack Hinshelwood,Midfielder,Brighton and Hove Albion,36,England,2022-23,,0.0,,1.0,,2.0,1.0,,2.0,3.0,,,,,,1.0,1.0,,,1.0,1.0,,,0.1732,,,,2.0,,,0.0,1.0,,,,1.0,,,,1.0,,0.0,,3.0,,2.0,,,,,1.0,,5.0,,,1.0,,0.0,,,,,,,,,,,,,,,,,,1.0,,,,,,1.0,,,,,,,,,,,,,,,,,,,,,1.0,,,,,,,,,,,,,,,,,,,,,,,,,,,,
441192,Jeremy Sarmiento,Midfielder,Brighton and Hove Albion,36,Ecuador,2022-23,0.2664,0.0,,6.0,,11.0,9.0,1.0,13.0,64.0,,,4.0,,,169.0,16.0,,3.0,16.0,51.0,,,2.2813,,,2.0,24.0,,4.0,0.0,37.0,,16.0,4.0,9.0,,37.0,2.0,33.0,,0.0,,64.0,1.0,31.0,3.0,6.0,,,12.0,,116.0,,1.0,16.0,,1.0,2.0,3.0,21.0,2.0,11.0,2.0,0.1394,4.0,1.0,3.0,,,2.0,,,4.0,,12.0,,1.0,17.0,2.0,,3.0,,4.0,,11.0,2.0,,4.0,1.0,12.0,1.0,2.0,,0.3227,1.0,,,4.0,1.0,,,8.0,2.0,,2.0,1.0,,1.0,,1.0,,,,,,,,,,,,,,,,,,,,
50175,Danny Welbeck,Forward,Brighton and Hove Albion,36,England,2022-23,1.6677,0.0,,14.0,,63.0,31.0,21.0,67.0,439.0,,,60.0,3.0,,1856.0,88.0,3.0,29.0,56.0,369.0,,4.0,23.3672,,20.0,28.0,107.0,,18.0,0.0,189.0,,81.0,37.0,31.0,,270.0,25.0,129.0,32.0,0.0,,416.0,12.0,171.0,7.0,24.0,,,107.0,3.0,757.0,1.0,,102.0,,0.0,4.0,10.0,101.0,,49.0,23.0,5.5928,49.0,3.0,16.0,6.0,1.0,,13.0,13.0,28.0,,119.0,,27.0,73.0,22.0,5.0,7.0,1.0,18.0,3.0,41.0,26.0,2.0,25.0,5.0,144.0,14.0,13.0,1.0,9.3697,13.0,1.0,6.0,23.0,,5.0,3.0,10.0,4.0,,4.0,,3.0,10.0,2.0,10.0,,,5.0,1.0,,1.0,1.0,,0.0702,,,,1.0,,,,,,,
474120,Julio Enciso,Midfielder,Brighton and Hove Albion,36,Paraguay,2022-23,1.3544,0.0,,13.0,,63.0,20.0,7.0,66.0,242.0,,,14.0,1.0,,800.0,67.0,,14.0,61.0,175.0,,2.0,11.8809,,1.0,12.0,76.0,,15.0,2.0,139.0,,57.0,36.0,20.0,,133.0,12.0,125.0,6.0,0.0,,237.0,8.0,144.0,4.0,33.0,,,54.0,1.0,456.0,3.0,,43.0,,1.0,3.0,14.0,72.0,,25.0,18.0,4.5955,30.0,2.0,12.0,4.0,3.0,,8.0,8.0,8.0,,54.0,,11.0,64.0,9.0,1.0,9.0,,25.0,1.0,45.0,12.0,,13.0,4.0,55.0,7.0,7.0,,3.9352,8.0,1.0,3.0,11.0,12.0,3.0,4.0,13.0,6.0,,6.0,12.0,4.0,4.0,3.0,4.0,,,1.0,2.0,,,,,,,,,,,,,,,,
450434,Deniz Undav,Forward,VfB Stuttgart,169,Germany,2022-23,1.1323,0.0,,7.0,,38.0,22.0,6.0,40.0,162.0,,,12.0,,,619.0,20.0,,7.0,15.0,118.0,,1.0,5.8721,,1.0,9.0,49.0,,4.0,1.0,57.0,,36.0,21.0,22.0,,83.0,9.0,45.0,5.0,0.0,,158.0,6.0,65.0,4.0,4.0,,,33.0,4.0,248.0,,,39.0,,2.0,2.0,9.0,37.0,,21.0,12.0,2.9621,19.0,,11.0,5.0,3.0,,5.0,5.0,7.0,,45.0,1.0,8.0,30.0,3.0,2.0,3.0,3.0,2.0,,10.0,7.0,1.0,15.0,,44.0,6.0,6.0,1.0,4.7287,8.0,,3.0,20.0,1.0,7.0,1.0,16.0,2.0,,2.0,1.0,1.0,7.0,2.0,7.0,,,,2.0,,,,,,,,,,,,,,,,
487117,Evan Ferguson,Forward,Brighton and Hove Albion,36,Ireland,2022-23,0.5469,0.0,,6.0,,38.0,19.0,10.0,42.0,222.0,,,24.0,,,951.0,34.0,2.0,13.0,25.0,178.0,,,9.2249,,6.0,12.0,59.0,,11.0,3.0,88.0,,38.0,25.0,19.0,,99.0,10.0,64.0,9.0,0.0,,201.0,10.0,100.0,3.0,8.0,,,38.0,2.0,386.0,,2.0,81.0,,1.0,4.0,14.0,54.0,,38.0,17.0,6.3194,28.0,2.0,13.0,6.0,3.0,,8.0,8.0,15.0,,42.0,,9.0,39.0,10.0,3.0,3.0,1.0,5.0,1.0,25.0,11.0,1.0,9.0,2.0,87.0,9.0,5.0,,5.3141,8.0,1.0,1.0,17.0,2.0,5.0,,9.0,3.0,,3.0,2.0,,8.0,4.0,8.0,,,4.0,3.0,,,,,,,,,,,,,,,,
109745,Kepa Arrizabalaga,Goalkeeper,Arsenal,3,Spain,2022-23,0.014,0.0,13.0,2.0,32.0,9.0,29.0,29.0,173.0,895.0,182.0,1.0,12.0,9.0,1.0,2565.0,22.0,6.0,1.0,11.0,603.0,15.0,1.0,35.959,13.0,31.0,33.0,225.0,91.0,8.0,0.0,24.0,5.0,365.0,221.0,29.0,2.0,56.0,27.0,12.0,11.0,0.0,294.0,644.0,,176.0,2.0,1.0,39.0,26.0,305.0,119.0,1207.0,,54.0,666.0,58.0,1.0,164.0,60.0,2.0,,1.0,,,,,1.0,,,,,,1.0,,,,,1.0,,,,,,,,,,,1.0,,1.0,,,,,,,,,,,,,,,,,,,,,,,,,,,,,,,,,,,,2.0,,,
122074,Marcus Bettinelli,Goalkeeper,Manchester City,43,England,2022-23,,0.0,,,,,,,,,,,,,,,,,,,,,,,,,,,,,,,,,,,,,,,,0.0,,,,,,,,,,,,,,,,0.0,,,,,,,,,,,,,,,,,,,,,,,,,,,,,,,,,,,,,,,,,,,,,,,,,,,,,,,,,,,,,,,,,,,,,,,,,
228286,Édouard Mendy,Goalkeeper,Chelsea,8,Senegal,2022-23,0.0051,0.0,8.0,,6.0,2.0,10.0,9.0,56.0,242.0,63.0,2.0,4.0,1.0,,855.0,5.0,2.0,,1.0,144.0,4.0,,12.9948,5.0,7.0,14.0,60.0,25.0,2.0,0.0,6.0,1.0,120.0,74.0,10.0,1.0,22.0,12.0,2.0,4.0,0.0,92.0,169.0,,57.0,,,18.0,8.0,62.0,42.0,334.0,,24.0,164.0,19.0,1.0,54.0,17.0,1.0,,,,,,,,,,,,,,,,,,1.0,,,,,1.0,,1.0,,,,,,,,,,,,,,,,,1.0,,,,,,,,,,,,,,,,,,,,,,,,,1.0,,,
447107,Ethan Wady,Goalkeeper,Chelsea,8,United States,2022-23,,0.0,,,,,,,,,,,,,,,,,,,,,,,,,,,,,,,,,,,,,,,,0.0,,,,,,,,,,,,,,,,0.0,,,,,,,,,,,,,,,,,,,,,,,,,,,,,,,,,,,,,,,,,,,,,,,,,,,,,,,,,,,,,,,,,,,,,,,,,
460028,Levi Colwill,Defender,Chelsea U21,12943,England,2022-23,0.3274,0.0,,8.0,,97.0,17.0,13.0,131.0,1148.0,26.0,,63.0,3.0,,1220.0,64.0,1.0,8.0,19.0,973.0,,3.0,19.4991,2.0,37.0,21.0,448.0,,10.0,0.0,99.0,,480.0,74.0,17.0,,355.0,20.0,36.0,45.0,0.0,25.0,1095.0,,149.0,7.0,1.0,1.0,,147.0,44.0,1284.0,10.0,8.0,662.0,,1.0,34.0,63.0,35.0,,22.0,,,7.0,2.0,13.0,,,,,,18.0,,12.0,,5.0,17.0,2.0,,1.0,,,,4.0,7.0,3.0,8.0,15.0,73.0,2.0,2.0,,1.4213,1.0,,2.0,,1.0,,,4.0,,1.0,,1.0,,1.0,,1.0,,1.0,,,,,,,,,,,,,,,,,,
242880,Benoît Badiashile,Defender,Chelsea,8,France,2022-23,0.1958,0.0,,14.0,,60.0,11.0,10.0,88.0,855.0,,,49.0,4.0,,904.0,56.0,2.0,7.0,21.0,728.0,,,9.0057,7.0,33.0,9.0,337.0,,6.0,1.0,88.0,,311.0,75.0,11.0,,239.0,7.0,39.0,35.0,0.0,,838.0,1.0,98.0,8.0,1.0,,,162.0,39.0,963.0,2.0,10.0,528.0,,2.0,28.0,43.0,32.0,,17.0,2.0,0.5039,4.0,,9.0,1.0,1.0,,1.0,1.0,14.0,,11.0,,3.0,18.0,3.0,0.0,6.0,1.0,2.0,,5.0,2.0,2.0,9.0,16.0,45.0,,7.0,1.0,1.1813,2.0,,1.0,,2.0,,,1.0,,,,2.0,,2.0,,2.0,,,,,,,,,,,,,,,,,,,,
51090,Thiago Silva,Defender,FC Porto,201,Brazil,2022-23,1.0436,0.0,,40.0,,86.0,27.0,26.0,177.0,2031.0,3.0,,85.0,6.0,,2352.0,117.0,2.0,17.0,55.0,1738.0,,,32.906,5.0,109.0,32.0,590.0,,13.0,0.0,161.0,,716.0,148.0,27.0,,626.0,30.0,76.0,62.0,0.0,3.0,1974.0,3.0,193.0,27.0,3.0,,,662.0,116.0,2330.0,2.0,29.0,1228.0,,2.0,91.0,64.0,44.0,,44.0,2.0,0.0972,10.0,2.0,25.0,,,,2.0,2.0,23.0,,25.0,,3.0,21.0,9.0,,13.0,,,,1.0,8.0,29.0,10.0,34.0,63.0,1.0,4.0,1.0,1.4944,5.0,,1.0,,2.0,,1.0,1.0,,,,2.0,1.0,4.0,,4.0,,,,1.0,,,,,,,,,,4.0,,,,,,
180736,Trevoh Chalobah,Defender,Chelsea,8,England,2022-23,0.336,0.0,,31.0,,95.0,25.0,18.0,131.0,1142.0,,,63.0,4.0,,1603.0,78.0,1.0,21.0,47.0,974.0,,1.0,28.3114,6.0,55.0,24.0,211.0,,8.0,0.0,138.0,,368.0,86.0,25.0,,388.0,23.0,75.0,31.0,0.0,,1119.0,2.0,161.0,20.0,8.0,,,428.0,37.0,1400.0,38.0,21.0,625.0,,4.0,36.0,66.0,60.0,2.0,34.0,2.0,0.1356,6.0,,20.0,,,2.0,2.0,2.0,32.0,,23.0,1.0,4.0,28.0,10.0,,11.0,,1.0,,6.0,4.0,7.0,11.0,24.0,135.0,3.0,9.0,,0.83,3.0,,,,11.0,,,7.0,,5.0,,11.0,,3.0,,3.0,,,,1.0,,,,,,,,,,,,,,,,
172850,Ben Chilwell,Defender,Chelsea,8,England,2022-23,2.3531,0.0,,21.0,,91.0,23.0,15.0,127.0,759.0,,,46.0,2.0,,1408.0,77.0,6.0,37.0,51.0,615.0,,,17.6195,3.0,23.0,19.0,280.0,,23.0,0.0,151.0,,240.0,68.0,23.0,,382.0,13.0,105.0,26.0,0.0,,734.0,14.0,270.0,17.0,8.0,,,35.0,17.0,1193.0,106.0,15.0,274.0,,3.0,36.0,46.0,74.0,10.0,21.0,4.0,0.9652,14.0,2.0,12.0,2.0,1.0,24.0,2.0,2.0,20.0,,39.0,,19.0,54.0,19.0,1.0,4.0,2.0,12.0,,30.0,10.0,2.0,13.0,18.0,204.0,5.0,4.0,1.0,1.4464,2.0,,2.0,3.0,30.0,3.0,1.0,8.0,,15.0,,68.0,1.0,1.0,,1.0,,,,1.0,14.0,,,31.0,,52.0,,,1.0,,,,,,,
225796,Reece James,Defender,Chelsea,8,England,2022-23,2.9116,0.0,,31.0,,65.0,16.0,14.0,79.0,852.0,,,39.0,2.0,,1244.0,94.0,5.0,31.0,71.0,734.0,,,14.3542,,20.0,17.0,48.0,,18.0,0.0,147.0,,238.0,89.0,16.0,,479.0,12.0,108.0,23.0,0.0,,838.0,22.0,197.0,20.0,22.0,,,406.0,39.0,1245.0,100.0,4.0,312.0,,4.0,14.0,28.0,53.0,12.0,29.0,4.0,0.3335,10.0,1.0,11.0,1.0,0.0,18.0,1.0,1.0,16.0,,26.0,,20.0,37.0,15.0,1.0,11.0,,10.0,,24.0,6.0,2.0,9.0,12.0,160.0,2.0,5.0,,1.0239,6.0,,,1.0,46.0,4.0,4.0,2.0,2.0,4.0,2.0,73.0,4.0,2.0,1.0,2.0,,,,1.0,3.0,2.0,2.0,16.0,0.0776,21.0,,,1.0,,,,,,,
86129,Kalidou Koulibaly,Defender,Chelsea,8,Senegal,2022-23,0.4391,1.0,,44.0,,104.0,23.0,20.0,187.0,1450.0,,,61.0,5.0,,1800.0,90.0,7.0,29.0,57.0,1197.0,,,21.1112,7.0,72.0,22.0,470.0,,9.0,0.0,159.0,,564.0,126.0,23.0,,441.0,15.0,98.0,33.0,0.0,,1417.0,1.0,211.0,31.0,4.0,,,358.0,66.0,1715.0,11.0,27.0,823.0,,5.0,83.0,82.0,69.0,1.0,29.0,4.0,0.1826,10.0,1.0,23.0,2.0,1.0,1.0,2.0,2.0,28.0,,19.0,,6.0,41.0,17.0,1.0,13.0,1.0,2.0,,4.0,6.0,13.0,22.0,29.0,58.0,2.0,9.0,,0.9381,1.0,1.0,,,3.0,,,3.0,,1.0,,3.0,,1.0,1.0,1.0,,3.0,,,,,,,,,,,,2.0,,,,,1.0,
41328,César Azpilicueta,Defender,Atlético de Madrid,175,Spain,2022-23,1.2759,0.0,,43.0,,109.0,25.0,16.0,146.0,897.0,,,48.0,3.0,,1522.0,86.0,2.0,35.0,57.0,739.0,,1.0,23.7179,3.0,46.0,21.0,54.0,,7.0,0.0,156.0,,335.0,59.0,25.0,,375.0,19.0,108.0,29.0,0.0,,867.0,7.0,215.0,25.0,7.0,,,352.0,12.0,1278.0,114.0,18.0,383.0,,3.0,37.0,70.0,70.0,7.0,29.0,1.0,0.2021,4.0,,17.0,,,7.0,,,19.0,,25.0,1.0,13.0,51.0,21.0,,18.0,,5.0,,10.0,3.0,5.0,27.0,19.0,156.0,4.0,20.0,1.0,0.4018,5.0,,,,19.0,2.0,2.0,9.0,1.0,25.0,1.0,19.0,2.0,3.0,,3.0,,1.0,,,,,,,,,,,,,,,,,,
179268,Marc Cucurella,Defender,Chelsea,8,Spain,2022-23,0.9483,0.0,,66.0,,106.0,24.0,21.0,148.0,1090.0,,,29.0,4.0,,1676.0,108.0,5.0,46.0,92.0,911.0,,,22.89,5.0,37.0,20.0,443.0,,21.0,0.0,180.0,,349.0,120.0,24.0,,468.0,15.0,151.0,16.0,0.0,,1063.0,9.0,229.0,33.0,5.0,,,94.0,31.0,1535.0,136.0,17.0,486.0,,4.0,42.0,69.0,72.0,8.0,35.0,,,3.0,2.0,16.0,,,12.0,,,13.0,,12.0,,9.0,59.0,20.0,,33.0,,6.0,,12.0,3.0,8.0,16.0,16.0,204.0,11.0,10.0,,0.3893,4.0,,,2.0,22.0,1.0,1.0,3.0,,15.0,,32.0,1.0,3.0,,3.0,,1.0,,,3.0,,,8.0,,13.0,,,,1.0,,,,,,
444463,Wesley Fofana,Defender,Chelsea,8,France,2022-23,0.2848,0.0,,34.0,,72.0,17.0,14.0,110.0,1001.0,,,58.0,2.0,,1367.0,104.0,4.0,14.0,69.0,875.0,,1.0,18.9637,2.0,37.0,24.0,120.0,,25.0,1.0,162.0,,318.0,77.0,17.0,,337.0,20.0,104.0,35.0,0.0,,977.0,2.0,136.0,20.0,10.0,,,482.0,16.0,1221.0,4.0,15.0,555.0,,4.0,38.0,56.0,58.0,1.0,32.0,3.0,0.1525,8.0,,23.0,1.0,0.0,1.0,1.0,1.0,23.0,1.0,13.0,,2.0,35.0,7.0,1.0,14.0,,1.0,1.0,7.0,5.0,11.0,13.0,29.0,81.0,5.0,8.0,,0.7049,,1.0,,,2.0,1.0,,3.0,,2.0,,2.0,,,,,,1.0,,1.0,,,,,,,,,,,,,,,,
461188,Bashir Humphreys,Defender,Burnley,90,England,2022-23,,0.0,,,,,,,,,,,,,,,,,,,,,,,,,,,,,,,,,,,,,,,,0.0,,,,,,,,,,,,,,,,0.0,,,,,,,,,,,,,,,,,,,,,,,,,,,,,,,,,,,,,,,,,,,,,,,,,,,,,,,,,,,,,,,,,,,,,,,,,
199598,Ethan Ampadu,Defender,Leeds United,2,Wales,2022-23,,0.0,,,,,,,,,,,,,,,,,,,,,,,,,,,,,,,,,,,,,,,,0.0,,,,,,,,,,,,,,,,0.0,,,,,,,,,,,,,,,,,,,,,,,,,,,,,,,,,,,,,,,,,,,,,,,,,,,,,,,,,,,,,,,,,,,,,,,,,
514280,Alfie Gilchrist,Defender,Chelsea,8,England,2022-23,,0.0,,,,,,,,,,,,,,,,,,,,,,,,,,,,,,,,,,,,,,,,0.0,,,,,,,,,,,,,,,,0.0,,,,,,,,,,,,,,,,,,,,,,,,,,,,,,,,,,,,,,,,,,,,,,,,,,,,,,,,,,,,,,,,,,,,,,,,,
448047,Enzo Fernández,Midfielder,Chelsea,8,Argentina,2022-23,2.6502,0.0,,45.0,,110.0,18.0,18.0,155.0,1421.0,,,17.0,2.0,,1551.0,91.0,5.0,43.0,84.0,1133.0,,1.0,21.2934,2.0,11.0,25.0,502.0,,22.0,0.0,172.0,,372.0,118.0,18.0,,731.0,20.0,155.0,7.0,0.0,,1369.0,4.0,222.0,27.0,17.0,,,398.0,133.0,1681.0,2.0,10.0,536.0,,3.0,45.0,38.0,81.0,1.0,35.0,3.0,0.5341,13.0,2.0,17.0,,,1.0,1.0,1.0,10.0,,9.0,,18.0,71.0,30.0,,18.0,,13.0,,26.0,10.0,2.0,11.0,16.0,149.0,4.0,9.0,1.0,0.8262,7.0,,11.0,13.0,11.0,1.0,5.0,,2.0,,2.0,13.0,5.0,2.0,,2.0,,,,,,2.0,2.0,2.0,0.1095,3.0,,,,,,,,,,
116594,N'Golo Kanté,Midfielder,Fenerbahçe,253,France,2022-23,0.8099,0.0,,16.0,,47.0,7.0,6.0,57.0,325.0,,,6.0,1.0,,520.0,32.0,1.0,23.0,30.0,258.0,,,5.2543,3.0,2.0,7.0,92.0,,2.0,0.0,54.0,,87.0,55.0,7.0,,189.0,6.0,48.0,2.0,0.0,,325.0,5.0,90.0,10.0,12.0,,,80.0,10.0,432.0,,4.0,82.0,,1.0,10.0,17.0,22.0,3.0,20.0,1.0,0.0453,5.0,1.0,9.0,,,3.0,,,4.0,,16.0,,12.0,18.0,11.0,,6.0,,4.0,,9.0,4.0,,5.0,6.0,66.0,3.0,5.0,,0.2975,3.0,1.0,2.0,5.0,8.0,1.0,2.0,1.0,1.0,,1.0,8.0,2.0,1.0,,1.0,,,,,,,,,,,,,,,,,,,,
91651,Mateo Kovacic,Midfielder,Manchester City,43,Croatia,2022-23,2.0531,0.0,,36.0,,141.0,27.0,17.0,183.0,1309.0,,,20.0,1.0,,1705.0,80.0,5.0,34.0,70.0,1081.0,,,22.3261,,16.0,25.0,484.0,,12.0,0.0,167.0,,376.0,121.0,27.0,,656.0,20.0,147.0,10.0,0.0,,1283.0,3.0,252.0,24.0,22.0,,,277.0,45.0,1555.0,3.0,7.0,471.0,,8.0,42.0,48.0,87.0,1.0,39.0,2.0,,12.0,2.0,25.0,1.0,1.0,1.0,1.0,1.0,10.0,,14.0,,21.0,77.0,9.0,0.0,12.0,,10.0,,36.0,10.0,1.0,18.0,19.0,172.0,7.0,13.0,1.0,1.7814,11.0,1.0,10.0,16.0,5.0,,10.0,10.0,,,,5.0,10.0,1.0,1.0,1.0,,,,,,,,,,,,,,,,,,,,
176413,Christian Pulisic,Midfielder,Milan,120,United States,2022-23,0.3867,0.0,,11.0,,37.0,24.0,8.0,44.0,276.0,,,23.0,,,813.0,46.0,,15.0,41.0,226.0,,1.0,14.1433,,4.0,11.0,67.0,,15.0,0.0,109.0,,62.0,31.0,24.0,,166.0,11.0,86.0,5.0,0.0,,276.0,8.0,134.0,6.0,15.0,,,56.0,6.0,469.0,4.0,4.0,68.0,,1.0,7.0,11.0,63.0,2.0,14.0,6.0,1.4661,14.0,1.0,6.0,1.0,0.0,2.0,3.0,3.0,18.0,,44.0,,11.0,45.0,7.0,1.0,5.0,1.0,22.0,,35.0,8.0,1.0,10.0,4.0,91.0,8.0,3.0,2.0,1.6543,5.0,10.0,1.0,2.0,16.0,,3.0,16.0,2.0,,2.0,16.0,3.0,2.0,,2.0,,,,2.0,,,,,,,,,,,,,,,,
126187,Ruben Loftus-Cheek,Midfielder,Milan,120,England,2022-23,1.7625,0.0,,25.0,,88.0,25.0,19.0,97.0,851.0,,,48.0,2.0,,1542.0,114.0,6.0,33.0,92.0,738.0,,,24.0428,1.0,22.0,23.0,176.0,,34.0,0.0,205.0,,200.0,101.0,25.0,,491.0,17.0,157.0,22.0,0.0,,839.0,11.0,196.0,14.0,33.0,,,264.0,16.0,1153.0,26.0,2.0,265.0,,1.0,9.0,35.0,91.0,2.0,28.0,2.0,0.0148,4.0,1.0,14.0,,,2.0,1.0,1.0,26.0,,47.0,1.0,15.0,65.0,13.0,,11.0,,22.0,,45.0,2.0,2.0,10.0,12.0,211.0,13.0,3.0,,0.8327,5.0,4.0,1.0,10.0,17.0,1.0,3.0,6.0,1.0,6.0,1.0,17.0,3.0,2.0,,2.0,,,1.0,,,,,,,,,,,,,,,,,
465920,Mykhailo Mudryk,Midfielder,Chelsea,8,Ukraine,2022-23,1.2417,0.0,,11.0,,32.0,15.0,7.0,34.0,184.0,,,13.0,,,655.0,41.0,4.0,7.0,36.0,146.0,,,8.3664,,2.0,10.0,67.0,,12.0,0.0,96.0,,50.0,35.0,15.0,,108.0,6.0,83.0,5.0,0.0,,179.0,7.0,116.0,9.0,13.0,,,21.0,4.0,359.0,6.0,,47.0,,1.0,2.0,8.0,55.0,2.0,20.0,5.0,1.3785,12.0,2.0,9.0,,,5.0,2.0,2.0,8.0,,35.0,,8.0,47.0,6.0,,2.0,,20.0,,31.0,7.0,1.0,8.0,,46.0,6.0,2.0,,1.8131,2.0,1.0,1.0,2.0,12.0,1.0,,8.0,3.0,,3.0,20.0,,2.0,,2.0,,,3.0,,1.0,,,8.0,,11.0,,,,,,,,,,
184341,Mason Mount,Midfielder,Manchester United,1,England,2022-23,2.7903,0.0,,33.0,,126.0,24.0,20.0,140.0,705.0,,,23.0,3.0,,1656.0,86.0,3.0,41.0,77.0,541.0,,,26.6122,,6.0,21.0,190.0,,27.0,1.0,185.0,,206.0,85.0,24.0,,404.0,18.0,162.0,9.0,0.0,,678.0,18.0,275.0,19.0,17.0,,,143.0,24.0,1052.0,5.0,6.0,176.0,,4.0,14.0,29.0,99.0,7.0,56.0,9.0,1.782,20.0,2.0,29.0,3.0,2.0,15.0,2.0,2.0,14.0,,62.0,,28.0,85.0,18.0,1.0,14.0,,13.0,,42.0,11.0,6.0,28.0,8.0,166.0,13.0,15.0,,2.0005,13.0,4.0,6.0,20.0,21.0,1.0,5.0,4.0,4.0,,4.0,49.0,5.0,8.0,3.0,8.0,,,,1.0,9.0,2.0,2.0,23.0,0.0714,34.0,,,,1.0,,,,1.0,,
212701,Denis Zakaria,Midfielder,Monaco,146,Switzerland,2022-23,0.0683,0.0,,9.0,,19.0,7.0,5.0,20.0,178.0,,,2.0,,,413.0,17.0,1.0,8.0,17.0,155.0,,,6.2021,,8.0,5.0,46.0,,2.0,0.0,42.0,,53.0,21.0,7.0,,69.0,4.0,40.0,,0.0,,176.0,2.0,37.0,5.0,6.0,,,53.0,3.0,239.0,,,89.0,,0.0,1.0,7.0,25.0,,16.0,,,1.0,,10.0,,,,,,2.0,,3.0,,1.0,23.0,3.0,,4.0,,3.0,,12.0,1.0,1.0,5.0,3.0,26.0,4.0,4.0,,0.189,1.0,,1.0,2.0,1.0,,,2.0,,,,1.0,,1.0,,1.0,,,,,,,,,,,,,,,,,,,,
124183,Hakim Ziyech,Midfielder,Galatasaray,208,Morocco,2022-23,1.5048,0.0,,20.0,,67.0,18.0,6.0,84.0,316.0,,,5.0,1.0,,653.0,48.0,3.0,23.0,48.0,218.0,,,10.1341,1.0,5.0,7.0,18.0,,14.0,0.0,98.0,,111.0,46.0,18.0,,165.0,4.0,93.0,,0.0,,310.0,6.0,184.0,12.0,14.0,,,94.0,14.0,544.0,13.0,4.0,80.0,,1.0,17.0,20.0,50.0,7.0,17.0,3.0,0.6251,8.0,3.0,5.0,,,13.0,2.0,2.0,5.0,,19.0,,12.0,45.0,8.0,,8.0,,15.0,,28.0,5.0,,12.0,5.0,93.0,4.0,9.0,,0.6204,8.0,2.0,4.0,,32.0,3.0,6.0,12.0,1.0,1.0,1.0,53.0,6.0,2.0,,2.0,,,,,3.0,,,14.0,,20.0,,,,,,,,,,
232787,Conor Gallagher,Midfielder,Tottenham Hotspur,6,England,2022-23,1.7275,1.0,,46.0,,111.0,35.0,18.0,125.0,809.0,,,47.0,3.0,,1615.0,124.0,1.0,60.0,105.0,671.0,,1.0,22.9925,,14.0,22.0,206.0,,35.0,1.0,273.0,,214.0,93.0,35.0,,418.0,21.0,226.0,19.0,0.0,,787.0,12.0,263.0,33.0,24.0,,,183.0,13.0,1229.0,10.0,4.0,278.0,,9.0,14.0,40.0,149.0,7.0,62.0,11.0,2.099,17.0,1.0,27.0,3.0,2.0,12.0,5.0,5.0,28.0,,64.0,,20.0,121.0,31.0,1.0,13.0,,23.0,1.0,59.0,6.0,10.0,35.0,23.0,206.0,9.0,29.0,1.0,2.5507,11.0,3.0,1.0,16.0,24.0,2.0,3.0,17.0,3.0,,3.0,37.0,3.0,8.0,2.0,8.0,,,3.0,1.0,4.0,,,12.0,,21.0,,,,1.0,,,,,1.0,
219847,Kai Havertz,Forward,Arsenal,3,Germany,2022-23,2.7624,0.0,,34.0,,149.0,35.0,30.0,153.0,868.0,,,140.0,4.0,,2578.0,159.0,6.0,52.0,80.0,701.0,,,33.0411,1.0,39.0,31.0,191.0,,25.0,5.0,370.0,,174.0,81.0,35.0,,517.0,25.0,230.0,79.0,0.0,,836.0,20.0,323.0,16.0,21.0,,,235.0,14.0,1349.0,9.0,,201.0,,5.0,4.0,28.0,211.0,3.0,74.0,33.0,7.7038,62.0,1.0,25.0,7.0,2.0,3.0,24.0,24.0,61.0,,177.0,,37.0,150.0,28.0,5.0,18.0,4.0,39.0,3.0,75.0,29.0,,60.0,7.0,268.0,15.0,25.0,6.0,11.6698,9.0,2.0,2.0,35.0,11.0,28.0,3.0,5.0,2.0,,2.0,11.0,3.0,6.0,,6.0,,,3.0,1.0,,1.0,1.0,,0.0517,1.0,1.0,1.0,,,,,,,,
478912,Carney Chukwuemeka,Midfielder,Chelsea,8,England,2022-23,0.6137,0.0,,13.0,,23.0,14.0,2.0,23.0,200.0,,,7.0,,,344.0,25.0,,13.0,24.0,173.0,,1.0,8.8732,1.0,1.0,7.0,44.0,,5.0,0.0,43.0,,42.0,22.0,14.0,,118.0,7.0,36.0,1.0,0.0,,199.0,4.0,44.0,7.0,6.0,,,63.0,4.0,278.0,,,61.0,,0.0,,4.0,18.0,2.0,18.0,1.0,0.069,2.0,,11.0,,,2.0,1.0,1.0,6.0,,18.0,,8.0,12.0,7.0,,6.0,,5.0,,8.0,1.0,,2.0,6.0,51.0,2.0,1.0,,0.3745,3.0,1.0,,3.0,1.0,1.0,1.0,12.0,,,,1.0,1.0,2.0,,2.0,,,2.0,1.0,,,,,,,,,,,,,,,,
491785,Harvey Vale,Midfielder,Queens Park Rangers,52,England,2022-23,,0.0,,,,,,,,,,,,,,,,,,,,,,,,,,,,,,,,,,,,,,,,0.0,,,,,,,,,,,,,,,,0.0,,,,,,,,,,,,,,,,,,,,,,,,,,,,,,,,,,,,,,,,,,,,,,,,,,,,,,,,,,,,,,,,,,,,,,,,,
503301,Omari Hutchinson,Forward,Nottingham Forest,17,England,2022-23,0.0717,0.0,,,,2.0,1.0,,2.0,11.0,,,,,,22.0,,,1.0,,9.0,,,,,,,,,,0.0,1.0,,1.0,1.0,1.0,,7.0,,1.0,,0.0,,11.0,,6.0,,,,,7.0,,16.0,,,2.0,,0.0,,,1.0,,1.0,,,,,1.0,,,,,,,,3.0,,1.0,1.0,,,,,,,1.0,,,,1.0,3.0,,,,,,,,,2.0,,,1.0,,,,2.0,,,,,,,,,,,,,,,,,,,,,,,,
487838,Lewis Hall,Defender,Newcastle United U21,12970,England,2022-23,1.3524,0.0,,23.0,,43.0,9.0,8.0,58.0,355.0,,,12.0,,,658.0,53.0,,16.0,46.0,273.0,,1.0,13.1893,5.0,10.0,11.0,143.0,,11.0,0.0,88.0,,110.0,48.0,9.0,,164.0,11.0,76.0,7.0,0.0,,349.0,4.0,121.0,12.0,12.0,,,22.0,24.0,570.0,34.0,5.0,145.0,,1.0,15.0,26.0,35.0,5.0,14.0,5.0,0.5136,9.0,,6.0,,,12.0,4.0,4.0,5.0,,22.0,,14.0,30.0,8.0,,11.0,,13.0,,20.0,4.0,,3.0,11.0,80.0,5.0,3.0,,0.7719,2.0,1.0,,1.0,15.0,1.0,,1.0,1.0,3.0,1.0,22.0,,2.0,,2.0,,,,,6.0,,,6.0,,13.0,,,,,,,,,,
209046,Callum Hudson-Odoi,Forward,Nottingham Forest,17,England,2022-23,,0.0,,,,,,,,,,,,,,,,,,,,,,,,,,,,,,,,,,,,,,,,0.0,,,,,,,,,,,,,,,,0.0,,,,,,,,,,,,,,,,,,,,,,,,,,,,,,,,,,,,,,,,,,,,,,,,,,,,,,,,,,,,,,,,,,,,,,,,,
54694,Pierre-Emerick Aubameyang,Forward,Marseille,144,Gabon,2022-23,0.1829,0.0,,1.0,,27.0,15.0,5.0,27.0,108.0,,,14.0,,,550.0,8.0,,7.0,5.0,79.0,,,10.9301,,4.0,8.0,36.0,,1.0,0.0,31.0,,19.0,11.0,15.0,,51.0,8.0,17.0,3.0,0.0,,98.0,3.0,46.0,,3.0,,,17.0,2.0,170.0,,,31.0,,1.0,,6.0,23.0,1.0,11.0,7.0,0.764,13.0,,5.0,1.0,1.0,1.0,4.0,4.0,11.0,,24.0,,4.0,12.0,2.0,0.0,1.0,,2.0,,6.0,6.0,,5.0,2.0,36.0,6.0,4.0,,1.4342,3.0,,,5.0,2.0,,,10.0,2.0,,2.0,2.0,,3.0,1.0,3.0,,,4.0,,,,,,,,,,,,,,,,,
428399,João Félix,Forward,Chelsea,8,Portugal,2022-23,0.9937,1.0,,14.0,,53.0,16.0,11.0,63.0,329.0,,,18.0,,,943.0,68.0,6.0,12.0,65.0,251.0,,1.0,10.6944,,1.0,15.0,93.0,,29.0,0.0,138.0,,99.0,23.0,16.0,,192.0,9.0,120.0,3.0,1.0,,308.0,12.0,145.0,7.0,22.0,,,58.0,15.0,555.0,5.0,1.0,77.0,,1.0,10.0,12.0,70.0,1.0,17.0,16.0,3.2707,28.0,,9.0,4.0,3.0,3.0,7.0,7.0,15.0,,52.0,,7.0,55.0,3.0,1.0,7.0,1.0,28.0,,36.0,12.0,,15.0,1.0,79.0,7.0,8.0,1.0,4.8255,18.0,5.0,5.0,18.0,5.0,7.0,9.0,5.0,5.0,,5.0,16.0,9.0,9.0,3.0,9.0,,,1.0,2.0,2.0,3.0,3.0,9.0,0.1878,12.0,,,,,,,,,,
103955,Raheem Sterling,Forward,Chelsea,8,England,2022-23,3.193,0.0,,18.0,,127.0,28.0,23.0,133.0,630.0,,,18.0,1.0,,1904.0,95.0,3.0,50.0,90.0,491.0,,,25.0102,,3.0,27.0,143.0,,32.0,1.0,231.0,,133.0,66.0,28.0,,400.0,24.0,213.0,5.0,0.0,,623.0,19.0,319.0,10.0,40.0,,,153.0,6.0,1025.0,7.0,1.0,107.0,,4.0,6.0,13.0,136.0,9.0,43.0,18.0,5.3211,29.0,3.0,24.0,6.0,2.0,10.0,10.0,10.0,13.0,,128.0,,31.0,123.0,17.0,4.0,8.0,,46.0,,96.0,11.0,,21.0,2.0,201.0,16.0,8.0,,6.1989,13.0,6.0,6.0,13.0,30.0,11.0,2.0,5.0,2.0,,2.0,36.0,2.0,11.0,6.0,11.0,,,3.0,3.0,1.0,,,6.0,,7.0,,,,,,,,,,
440323,Armando Broja,Forward,Burnley,90,Albania,2022-23,0.0645,0.0,,4.0,,19.0,12.0,2.0,20.0,53.0,,,30.0,,,287.0,27.0,,9.0,18.0,33.0,,,6.3554,,1.0,5.0,10.0,,6.0,0.0,64.0,,15.0,15.0,12.0,,23.0,5.0,34.0,9.0,0.0,,51.0,1.0,51.0,1.0,8.0,,,17.0,,129.0,,,10.0,,0.0,1.0,1.0,37.0,,5.0,5.0,2.449,6.0,,1.0,1.0,0.0,,4.0,4.0,21.0,,19.0,,1.0,16.0,9.0,1.0,3.0,,5.0,,14.0,1.0,1.0,2.0,1.0,11.0,2.0,,,0.8354,,2.0,,3.0,,3.0,,10.0,,,,,,,1.0,,,,,,,,,,,,,,1.0,,,,,,,
520295,David Datro Fofana,Forward,Chelsea,8,Cote d’Ivoire,2022-23,0.0726,0.0,,3.0,,1.0,3.0,1.0,1.0,8.0,,,,,,68.0,11.0,1.0,1.0,11.0,6.0,,,1.8959,,,1.0,2.0,,3.0,0.0,19.0,,5.0,6.0,3.0,,7.0,,19.0,,0.0,,8.0,1.0,17.0,1.0,5.0,,,,1.0,43.0,,,,,0.0,,,8.0,,2.0,2.0,0.0274,3.0,,2.0,,,,1.0,1.0,,,9.0,,3.0,8.0,1.0,,2.0,,2.0,,5.0,1.0,,3.0,,1.0,1.0,1.0,,0.2399,,1.0,1.0,,1.0,1.0,,2.0,1.0,,1.0,1.0,,,,,,,,,,,,,,,,,,,,,,,,
248857,Noni Madueke,Forward,Arsenal,3,England,2022-23,0.7025,0.0,,12.0,,45.0,12.0,7.0,46.0,260.0,,,7.0,,,646.0,62.0,1.0,20.0,60.0,211.0,,1.0,11.8629,,7.0,13.0,13.0,,15.0,0.0,115.0,,64.0,30.0,12.0,,145.0,12.0,108.0,2.0,0.0,,260.0,8.0,119.0,8.0,33.0,,,93.0,3.0,464.0,7.0,,71.0,,0.0,1.0,4.0,53.0,2.0,10.0,6.0,1.3734,10.0,,2.0,1.0,1.0,2.0,3.0,3.0,5.0,,67.0,,13.0,48.0,11.0,0.0,4.0,1.0,24.0,,37.0,4.0,2.0,4.0,4.0,90.0,7.0,1.0,,0.9197,2.0,2.0,,2.0,16.0,2.0,1.0,5.0,2.0,,2.0,17.0,1.0,1.0,,1.0,,,,,,,,1.0,,1.0,,,,,,,,,,
40836,Vicente Guaita,Goalkeeper,Celta de Vigo,176,Spain,2022-23,0.0159,0.0,25.0,,22.0,2.0,27.0,27.0,228.0,701.0,206.0,6.0,11.0,6.0,2.0,2430.0,14.0,4.0,,4.0,322.0,17.0,2.0,32.6571,27.0,26.0,34.0,144.0,85.0,3.0,0.0,15.0,6.0,372.0,224.0,27.0,1.0,73.0,30.0,4.0,10.0,0.0,279.0,409.0,,236.0,,,67.0,9.0,185.0,151.0,992.0,,76.0,400.0,62.0,1.0,226.0,60.0,1.0,,,,,,,,,,,,,1.0,,,,,,,,,,,,,,,1.0,,,,,,,,,,,,,,,,,,,,,,,,,,,,,,,,,,,,,,,1.0,,,
101982,Sam Johnstone,Goalkeeper,Wolverhampton Wanderers,39,England,2022-23,0.0036,0.0,2.0,,13.0,1.0,9.0,9.0,72.0,238.0,46.0,1.0,3.0,3.0,2.0,810.0,3.0,,,,126.0,7.0,2.0,10.0257,5.0,12.0,10.0,46.0,26.0,,0.0,4.0,1.0,119.0,62.0,9.0,,19.0,10.0,1.0,3.0,0.0,70.0,166.0,,74.0,,,17.0,7.0,73.0,40.0,322.0,,13.0,147.0,12.0,1.0,71.0,15.0,1.0,,,,,,,,,,,,,,1.0,,,,1.0,,,,,,,,,,1.0,,,,1.0,,,,,,,,,,,,,,,,,,,,,,,,,,,,,,,,,,,,,,
487818,Joe Whitworth,Goalkeeper,Crystal Palace,31,England,2022-23,0.0005,0.0,1.0,,2.0,1.0,2.0,2.0,22.0,75.0,15.0,,,,,180.0,,,,,40.0,,,2.3421,4.0,1.0,5.0,19.0,5.0,,0.0,,1.0,36.0,14.0,2.0,,3.0,5.0,,,0.0,17.0,54.0,,22.0,,,6.0,,20.0,13.0,91.0,,8.0,50.0,3.0,0.0,21.0,9.0,,,,,,,,,,,,,,,,,,,,,,,,,,,,,,,,,,,,,,,,,,,,,,,,,,,,,,,,,,,,,,,,,,,,,,,
515496,Owen Goodman,Goalkeeper,Crystal Palace,31,Canada,2022-23,,0.0,,,,,,,,,,,,,,,,,,,,,,,,,,,,,,,,,,,,,,,,0.0,,,,,,,,,,,,,,,,0.0,,,,,,,,,,,,,,,,,,,,,,,,,,,,,,,,,,,,,,,,,,,,,,,,,,,,,,,,,,,,,,,,,,,,,,,,,
55494,Joel Ward,Defender,Crystal Palace,31,England,2022-23,0.813,0.0,,50.0,,153.0,28.0,24.0,246.0,1002.0,,,97.0,7.0,,2255.0,126.0,3.0,45.0,68.0,720.0,,3.0,31.5516,8.0,77.0,35.0,88.0,,11.0,0.0,216.0,,519.0,116.0,28.0,,382.0,32.0,119.0,58.0,0.0,,978.0,4.0,338.0,36.0,7.0,,,234.0,36.0,1510.0,157.0,40.0,382.0,,6.0,93.0,83.0,90.0,8.0,30.0,2.0,0.8253,3.0,,18.0,1.0,1.0,8.0,1.0,1.0,39.0,,21.0,,9.0,51.0,16.0,0.0,14.0,1.0,1.0,,11.0,1.0,16.0,29.0,25.0,161.0,2.0,11.0,,1.0664,5.0,,,1.0,28.0,,2.0,4.0,,27.0,,28.0,2.0,3.0,,3.0,,,,,,,,,,,,,,,,,,,,
244723,Tyrick Mitchell,Defender,Crystal Palace,31,England,2022-23,1.248,1.0,,71.0,,227.0,36.0,34.0,331.0,1198.0,,,51.0,6.0,,2896.0,124.0,4.0,103.0,99.0,834.0,,4.0,34.9587,13.0,66.0,38.0,320.0,,10.0,0.0,234.0,,619.0,186.0,36.0,,449.0,34.0,183.0,25.0,1.0,,1164.0,17.0,516.0,49.0,18.0,,,60.0,33.0,1979.0,273.0,50.0,430.0,,5.0,104.0,138.0,110.0,12.0,67.0,1.0,0.8553,3.0,2.0,31.0,,,12.0,1.0,1.0,26.0,1.0,35.0,,13.0,84.0,37.0,,22.0,,9.0,,26.0,2.0,11.0,33.0,42.0,199.0,6.0,22.0,,0.6345,3.0,,,,58.0,2.0,,2.0,,63.0,,58.0,,3.0,,3.0,,,,,,,,,,,,,,,,,,,,
49413,James Tomkins,Defender,Crystal Palace,31,England,2022-23,0.0053,1.0,,4.0,,15.0,6.0,3.0,33.0,171.0,2.0,,12.0,,,337.0,12.0,1.0,4.0,6.0,130.0,,,6.1125,1.0,19.0,8.0,41.0,,1.0,0.0,24.0,,61.0,21.0,6.0,,19.0,7.0,12.0,6.0,0.0,2.0,164.0,,36.0,2.0,1.0,,,45.0,8.0,212.0,,8.0,119.0,,1.0,18.0,15.0,12.0,,7.0,2.0,0.846,2.0,,5.0,1.0,0.0,,1.0,1.0,6.0,,3.0,,,6.0,1.0,1.0,2.0,,,1.0,1.0,,2.0,3.0,5.0,24.0,,1.0,,1.0069,1.0,,,,,1.0,1.0,3.0,,,,,1.0,,,,,,,,,,,,,,,,,,,,,,1.0,
209036,Marc Guéhi,Defender,Manchester City,43,England,2022-23,0.8412,0.0,,52.0,,138.0,37.0,37.0,320.0,2201.0,2.0,,97.0,8.0,,3329.0,160.0,4.0,33.0,106.0,1729.0,,4.0,41.4258,9.0,132.0,46.0,848.0,,40.0,0.0,253.0,,832.0,241.0,37.0,,586.0,42.0,156.0,54.0,0.0,2.0,2124.0,2.0,353.0,27.0,14.0,,,386.0,152.0,2630.0,2.0,59.0,1295.0,,8.0,182.0,127.0,93.0,,73.0,6.0,1.017,11.0,,35.0,1.0,1.0,,5.0,5.0,43.0,,29.0,1.0,10.0,50.0,21.0,0.0,25.0,,3.0,,10.0,5.0,24.0,24.0,45.0,135.0,1.0,10.0,,1.4371,3.0,1.0,3.0,,,,,,,,,,,3.0,1.0,3.0,,2.0,,,,,,,,,,,,,,,,,,
174874,Joachim Andersen,Defender,Fulham,54,Denmark,2022-23,0.9914,0.0,,42.0,,137.0,32.0,32.0,393.0,1940.0,2.0,,121.0,8.0,,2783.0,150.0,3.0,28.0,63.0,1347.0,,2.0,34.7428,13.0,187.0,37.0,324.0,,16.0,0.0,234.0,,782.0,180.0,32.0,,502.0,34.0,113.0,87.0,0.0,2.0,1830.0,6.0,426.0,22.0,5.0,,,724.0,200.0,2345.0,13.0,61.0,1046.0,,8.0,256.0,95.0,84.0,1.0,23.0,9.0,2.1648,20.0,,20.0,1.0,1.0,1.0,7.0,7.0,34.0,,39.0,2.0,12.0,50.0,15.0,0.0,20.0,,4.0,1.0,7.0,11.0,13.0,27.0,24.0,110.0,2.0,12.0,,1.7889,2.0,,4.0,,9.0,2.0,,,1.0,,1.0,9.0,,2.0,,2.0,,,,,,1.0,1.0,,0.0249,1.0,,,,1.0,,,,,,
57328,Nathaniel Clyne,Defender,Crystal Palace,31,England,2022-23,0.6081,0.0,,27.0,,83.0,22.0,19.0,127.0,660.0,,,24.0,2.0,,1642.0,46.0,3.0,30.0,40.0,515.0,,1.0,19.2983,7.0,27.0,23.0,67.0,,8.0,0.0,91.0,,308.0,81.0,22.0,,272.0,20.0,67.0,6.0,0.0,,653.0,1.0,199.0,16.0,5.0,,,153.0,18.0,996.0,116.0,21.0,266.0,,3.0,44.0,54.0,45.0,5.0,28.0,,,,,20.0,,,5.0,,,18.0,,4.0,,7.0,27.0,18.0,,11.0,,5.0,,8.0,,4.0,10.0,19.0,132.0,5.0,8.0,,,,1.0,,,16.0,,,3.0,,33.0,,16.0,,,,,,,1.0,,,,,,,,,,,,,,,,,
427623,Chris Richards,Defender,Crystal Palace U21,18257,United States,2022-23,0.0302,0.0,,9.0,,21.0,9.0,4.0,31.0,195.0,,,18.0,1.0,,443.0,24.0,,10.0,10.0,153.0,,2.0,10.5358,,30.0,11.0,27.0,,1.0,0.0,34.0,,74.0,15.0,9.0,,51.0,11.0,16.0,14.0,0.0,,190.0,,39.0,6.0,,,,63.0,11.0,279.0,5.0,5.0,113.0,,0.0,10.0,12.0,10.0,,14.0,,,3.0,,6.0,,,,,,4.0,,7.0,,1.0,6.0,9.0,,3.0,,,,2.0,3.0,1.0,2.0,8.0,31.0,,1.0,,0.7146,1.0,,,,,1.0,,5.0,,3.0,,,,1.0,,1.0,,,,,,,,,,,,,,,,,,,,
501468,Tayo Adaramola,Defender,Crystal Palace,31,Ireland,2022-23,,0.0,,,,,,,,,,,,,,,,,,,,,,,,,,,,,,,,,,,,,,,,0.0,,,,,,,,,,,,,,,,0.0,,,,,,,,,,,,,,,,,,,,,,,,,,,,,,,,,,,,,,,,,,,,,,,,,,,,,,,,,,,,,,,,,,,,,,,,,
422287,Kofi Balmer,Defender,Bristol Rovers,96,Northern Ireland,2022-23,,0.0,,,,,,,,,,,,,,,,,,,,,,,,,,,,,,,,,,,,,,,,0.0,,,,,,,,,,,,,,,,0.0,,,,,,,,,,,,,,,,,,,,,,,,,,,,,,,,,,,,,,,,,,,,,,,,,,,,,,,,,,,,,,,,,,,,,,,,,
66975,Luka Milivojevic,Midfielder,Crystal Palace,31,Serbia,2022-23,0.222,0.0,,13.0,,32.0,18.0,5.0,48.0,252.0,,,15.0,1.0,,504.0,23.0,,9.0,17.0,192.0,,,5.922,2.0,10.0,7.0,72.0,,3.0,0.0,55.0,,90.0,34.0,18.0,,99.0,7.0,40.0,6.0,0.0,,245.0,1.0,63.0,7.0,1.0,,,57.0,12.0,336.0,1.0,9.0,107.0,,2.0,16.0,19.0,32.0,1.0,16.0,,,5.0,,9.0,,,2.0,,,9.0,,1.0,,2.0,23.0,9.0,,6.0,,,,6.0,5.0,4.0,15.0,12.0,33.0,4.0,7.0,1.0,0.3362,2.0,,,3.0,2.0,,2.0,13.0,,,,4.0,2.0,,,,,,,,,1.0,1.0,2.0,0.053,2.0,,,,,,,,,,
443661,Michael Olise,Midfielder,FC Bayern München,156,France,2022-23,6.4406,0.0,,58.0,,213.0,37.0,31.0,250.0,1158.0,,,57.0,4.0,,2756.0,202.0,2.0,94.0,184.0,859.0,,4.0,36.7993,4.0,13.0,38.0,107.0,,69.0,1.0,408.0,,311.0,165.0,37.0,,651.0,36.0,351.0,18.0,0.0,,1092.0,44.0,635.0,34.0,58.0,,,407.0,49.0,2011.0,16.0,10.0,318.0,,2.0,37.0,56.0,206.0,21.0,61.0,14.0,2.5801,29.0,11.0,27.0,2.0,1.0,61.0,3.0,3.0,39.0,1.0,87.0,,61.0,167.0,45.0,1.0,24.0,2.0,57.0,,103.0,15.0,1.0,28.0,26.0,333.0,14.0,15.0,,2.8635,22.0,12.0,4.0,19.0,76.0,7.0,12.0,6.0,9.0,2.0,9.0,181.0,12.0,10.0,,10.0,,,,2.0,30.0,7.0,7.0,79.0,0.3353,127.0,,,,,,,,1.0,,
437742,Albert Sambi Lokonga,Midfielder,Arsenal,3,Belgium,2022-23,0.1025,0.0,,14.0,,25.0,15.0,8.0,40.0,399.0,,,21.0,1.0,,732.0,41.0,2.0,9.0,33.0,342.0,,1.0,4.8147,,11.0,8.0,124.0,,17.0,0.0,77.0,,107.0,48.0,15.0,,175.0,6.0,56.0,8.0,0.0,,385.0,,57.0,11.0,2.0,,,108.0,17.0,501.0,1.0,4.0,184.0,,2.0,15.0,12.0,36.0,,15.0,1.0,0.1325,2.0,,10.0,,,,1.0,1.0,13.0,,2.0,,2.0,23.0,6.0,,3.0,,2.0,,9.0,1.0,3.0,8.0,12.0,60.0,4.0,6.0,,0.1592,,,3.0,3.0,,,,7.0,,,,,,,,,,,,,,,,,,,,,,,,,,,,
232413,Eberechi Eze,Midfielder,Arsenal,3,England,2022-23,3.0989,0.0,,42.0,,154.0,38.0,30.0,191.0,1083.0,,,51.0,4.0,,2642.0,191.0,3.0,37.0,172.0,858.0,,2.0,29.2709,,8.0,35.0,282.0,,57.0,4.0,366.0,,320.0,180.0,38.0,,581.0,32.0,315.0,19.0,0.0,,1009.0,25.0,423.0,24.0,73.0,,,186.0,34.0,1701.0,7.0,9.0,335.0,,3.0,37.0,51.0,175.0,2.0,68.0,26.0,9.9676,52.0,4.0,34.0,10.0,5.0,24.0,5.0,5.0,32.0,,96.0,,53.0,143.0,22.0,5.0,18.0,2.0,41.0,2.0,95.0,26.0,,27.0,13.0,295.0,15.0,17.0,,7.2533,19.0,2.0,11.0,31.0,8.0,4.0,11.0,8.0,11.0,,11.0,54.0,11.0,8.0,6.0,8.0,,,,1.0,13.0,14.0,14.0,22.0,0.6485,51.0,1.0,1.0,1.0,,,,,,,
86417,Jeffrey Schlupp,Midfielder,Crystal Palace,31,Ghana,2022-23,0.9539,0.0,,66.0,,149.0,34.0,30.0,209.0,854.0,,,70.0,4.0,,2546.0,155.0,4.0,52.0,129.0,618.0,,3.0,37.4478,4.0,35.0,38.0,153.0,,33.0,0.0,319.0,,303.0,149.0,34.0,,348.0,34.0,249.0,26.0,0.0,,838.0,10.0,321.0,46.0,30.0,,,208.0,27.0,1307.0,19.0,29.0,298.0,,7.0,60.0,66.0,164.0,1.0,54.0,9.0,1.6148,19.0,1.0,28.0,3.0,2.0,1.0,2.0,2.0,44.0,,52.0,,17.0,120.0,31.0,1.0,20.0,3.0,19.0,,52.0,10.0,8.0,51.0,23.0,190.0,19.0,35.0,3.0,3.2155,9.0,1.0,3.0,9.0,15.0,,3.0,4.0,4.0,5.0,4.0,15.0,3.0,6.0,,6.0,,,1.0,1.0,,,,,,,,,,,,,,,,
50471,James McArthur,Midfielder,Crystal Palace,31,Scotland,2022-23,0.0067,0.0,,1.0,,9.0,4.0,,11.0,52.0,,,,,,51.0,3.0,,2.0,3.0,40.0,,,0.4171,,1.0,,16.0,,1.0,0.0,6.0,,13.0,5.0,4.0,,13.0,,6.0,,0.0,,49.0,,15.0,1.0,1.0,,,14.0,1.0,65.0,,,28.0,,0.0,2.0,5.0,3.0,,5.0,,,,,2.0,,,,,,,,,,,3.0,1.0,,,,,,3.0,,1.0,,1.0,9.0,,,,,,,1.0,,,,,4.0,,,,,,,,,,,,,,,,,,,,,,,,,,,,
108413,Will Hughes,Midfielder,Crystal Palace,31,England,2022-23,0.6548,0.0,,29.0,,53.0,27.0,7.0,65.0,357.0,,,18.0,,,827.0,46.0,1.0,21.0,41.0,283.0,,2.0,11.0259,3.0,8.0,11.0,87.0,,7.0,0.0,99.0,,107.0,66.0,27.0,,167.0,10.0,81.0,5.0,0.0,,350.0,,105.0,16.0,5.0,,,93.0,9.0,508.0,2.0,7.0,127.0,,4.0,12.0,19.0,53.0,,23.0,4.0,1.0169,4.0,1.0,14.0,1.0,0.0,2.0,2.0,2.0,13.0,1.0,13.0,,5.0,40.0,9.0,1.0,13.0,,4.0,,14.0,,7.0,19.0,16.0,70.0,6.0,14.0,2.0,0.3445,2.0,,1.0,9.0,5.0,,2.0,20.0,1.0,,1.0,10.0,2.0,,,,,,,,1.0,,,3.0,,4.0,,,,,,,,,,1.0
450535,Malcolm Ebiowei,Forward,Crystal Palace,31,England,2022-23,0.0075,0.0,,1.0,,2.0,3.0,,2.0,7.0,,,,,,31.0,4.0,,4.0,4.0,4.0,,,0.2368,,,1.0,,,1.0,0.0,8.0,,2.0,,3.0,,3.0,1.0,8.0,,0.0,,7.0,1.0,13.0,1.0,2.0,,,2.0,1.0,24.0,,,2.0,,0.0,,1.0,4.0,,,,,,,,,,,,,,,2.0,,,4.0,2.0,,,,3.0,,3.0,,,,,3.0,,,,,,,,,3.0,,,3.0,,,,3.0,,,,,,,,,,,,,,,,,,,,,,,,
438464,Cheick Doucouré,Midfielder,Crystal Palace U21,18257,Mali,2022-23,1.2125,1.0,,77.0,,163.0,34.0,34.0,203.0,1239.0,,,59.0,4.0,,2784.0,137.0,3.0,64.0,107.0,987.0,,2.0,36.9663,8.0,47.0,41.0,324.0,,13.0,0.0,254.0,,395.0,220.0,34.0,,517.0,38.0,195.0,30.0,0.0,,1223.0,5.0,266.0,46.0,17.0,,,318.0,49.0,1649.0,,27.0,521.0,,9.0,40.0,70.0,117.0,2.0,89.0,7.0,1.1256,24.0,3.0,50.0,,,2.0,1.0,1.0,29.0,,15.0,,23.0,88.0,34.0,,31.0,,6.0,,26.0,17.0,13.0,38.0,56.0,202.0,17.0,33.0,1.0,1.4357,12.0,3.0,3.0,7.0,4.0,,8.0,,6.0,,6.0,4.0,8.0,4.0,,4.0,,,1.0,1.0,,,,,,,,,,1.0,,,,,1.0,
466117,Naouirou Ahamada,Midfielder,Crystal Palace U21,18257,France,2022-23,0.0271,0.0,,3.0,,6.0,8.0,,7.0,44.0,,,1.0,,,87.0,4.0,,2.0,4.0,36.0,,1.0,2.0149,1.0,,2.0,6.0,,,0.0,11.0,,11.0,8.0,8.0,,21.0,2.0,10.0,,0.0,,43.0,1.0,17.0,2.0,1.0,,,19.0,1.0,66.0,,,16.0,,1.0,1.0,2.0,7.0,,4.0,,,3.0,,1.0,,,,,,1.0,,4.0,,1.0,6.0,2.0,,1.0,,1.0,,2.0,3.0,,2.0,,8.0,,1.0,,0.1546,,1.0,,,2.0,2.0,,8.0,,,,2.0,,,,,,,,,,,,,,,,,,,,,,,,
532135,Killian Phillips,Midfielder,Crystal Palace,31,Ireland,2022-23,,0.0,,,,,,,,,,,,,,,,,,,,,,,,,,,,,,,,,,,,,,,,0.0,,,,,,,,,,,,,,,,0.0,,,,,,,,,,,,,,,,,,,,,,,,,,,,,,,,,,,,,,,,,,,,,,,,,,,,,,,,,,,,,,,,,,,,,,,,,
173954,Jairo Riedewald,Midfielder,Sheffield United,49,Netherlands,2022-23,0.0091,0.0,,2.0,,7.0,6.0,,9.0,41.0,,,3.0,,,60.0,5.0,,4.0,3.0,32.0,,,0.3737,,4.0,,15.0,,1.0,0.0,8.0,,17.0,8.0,6.0,,17.0,,5.0,2.0,0.0,,38.0,,11.0,1.0,,,,2.0,,56.0,2.0,,15.0,,0.0,2.0,3.0,3.0,,3.0,,,1.0,,2.0,,,,,,1.0,,1.0,,,2.0,2.0,,1.0,,,,,1.0,,2.0,,7.0,,1.0,1.0,0.0721,,,,,,,,6.0,,2.0,,,,,,,,,,,,,,,,1.0,,,,,,,,,,
515503,Jack Wells-Morrison,Midfielder,Wealdstone,3096,England,2022-23,,0.0,,,,,,,,,,,,,,,,,,,,,,,,,,,,,,,,,,,,,,,,0.0,,,,,,,,,,,,,,,,0.0,,,,,,,,,,,,,,,,,,,,,,,,,,,,,,,,,,,,,,,,,,,,,,,,,,,,,,,,,,,,,,,,,,,,,,,,,
531989,David Ozoh,Midfielder,Crystal Palace,31,England,2022-23,0.0018,0.0,,,,,1.0,,,3.0,,,,,,1.0,,,,,3.0,,,,,,,2.0,,,0.0,,,,,1.0,,3.0,,,,0.0,,3.0,,1.0,,,,,,,4.0,,,,,0.0,,,,,,,,,,,,,,,,,,,,,,,,,,,,,,,,,1.0,,,,,,,,,,,,1.0,,,,,,,,,,,,,,,,,,,,,,,,,,,,
530318,Kaden Rodney,Midfielder,Crystal Palace U21,18257,England,2022-23,,0.0,,,,,,,,,,,,,,,,,,,,,,,,,,,,,,,,,,,,,,,,0.0,,,,,,,,,,,,,,,,0.0,,,,,,,,,,,,,,,,,,,,,,,,,,,,,,,,,,,,,,,,,,,,,,,,,,,,,,,,,,,,,,,,,,,,,,,,,
80146,Jordan Ayew,Forward,Leicester City,13,Ghana,2022-23,2.5883,0.0,,66.0,,144.0,38.0,31.0,160.0,821.0,,,143.0,6.0,,2720.0,273.0,4.0,65.0,222.0,655.0,,4.0,38.5636,2.0,30.0,41.0,141.0,,90.0,2.0,586.0,,193.0,166.0,38.0,,434.0,37.0,443.0,51.0,0.0,,817.0,25.0,457.0,41.0,67.0,,,192.0,6.0,1550.0,5.0,9.0,237.0,,5.0,16.0,37.0,313.0,10.0,90.0,11.0,3.0057,22.0,3.0,39.0,4.0,3.0,10.0,4.0,4.0,92.0,,106.0,,28.0,221.0,31.0,1.0,25.0,,59.0,2.0,142.0,11.0,4.0,48.0,15.0,295.0,14.0,29.0,2.0,3.1559,10.0,9.0,5.0,27.0,33.0,4.0,,7.0,3.0,4.0,3.0,33.0,,10.0,2.0,10.0,,,2.0,1.0,,,,,,,,,,,,,,,,
82403,Wilfried Zaha,Forward,Galatasaray,208,Cote d’Ivoire,2022-23,2.9525,0.0,,31.0,,104.0,27.0,27.0,113.0,604.0,,,22.0,3.0,,2294.0,173.0,3.0,45.0,167.0,483.0,,1.0,28.2673,1.0,6.0,34.0,252.0,,77.0,2.0,385.0,,112.0,97.0,27.0,,349.0,31.0,363.0,6.0,0.0,,589.0,23.0,396.0,20.0,59.0,,,48.0,8.0,1232.0,5.0,5.0,148.0,,5.0,9.0,18.0,212.0,6.0,104.0,22.0,6.0082,40.0,2.0,37.0,7.0,2.0,6.0,11.0,11.0,16.0,,161.0,,24.0,196.0,20.0,5.0,11.0,2.0,63.0,,146.0,18.0,1.0,35.0,16.0,192.0,6.0,18.0,1.0,6.6683,26.0,7.0,3.0,20.0,33.0,14.0,6.0,,4.0,,4.0,33.0,6.0,20.0,5.0,20.0,2.0,,6.0,3.0,,,,,,,2.0,,1.0,,,,,,,
231747,Jean-Philippe Mateta,Forward,Crystal Palace,31,France,2022-23,0.1642,0.0,,7.0,,41.0,29.0,6.0,43.0,146.0,,,70.0,,,754.0,44.0,1.0,11.0,18.0,103.0,,1.0,11.472,,18.0,10.0,38.0,,8.0,1.0,127.0,,28.0,23.0,29.0,,69.0,9.0,57.0,26.0,0.0,,140.0,10.0,95.0,1.0,3.0,,,24.0,,293.0,,2.0,35.0,,3.0,2.0,10.0,83.0,1.0,26.0,7.0,2.1528,19.0,,9.0,2.0,0.0,1.0,4.0,4.0,44.0,,40.0,,5.0,39.0,2.0,2.0,6.0,1.0,5.0,,23.0,12.0,1.0,16.0,3.0,56.0,6.0,9.0,2.0,3.3535,8.0,,,4.0,2.0,8.0,1.0,23.0,1.0,,1.0,2.0,1.0,7.0,1.0,7.0,,,2.0,1.0,,,,,,,,,,,,,,,,
199670,Odsonne Édouard,Forward,Crystal Palace,31,France,2022-23,0.7949,0.0,,25.0,,107.0,35.0,20.0,111.0,406.0,,,118.0,,,1805.0,101.0,1.0,24.0,60.0,294.0,,3.0,22.7819,,22.0,25.0,107.0,,17.0,1.0,288.0,,96.0,55.0,35.0,,192.0,24.0,170.0,41.0,0.0,,386.0,11.0,257.0,13.0,18.0,,,82.0,1.0,751.0,,2.0,103.0,,3.0,4.0,17.0,187.0,,67.0,15.0,6.2562,26.0,2.0,26.0,5.0,2.0,,6.0,6.0,77.0,,104.0,,15.0,110.0,12.0,3.0,12.0,3.0,28.0,1.0,79.0,11.0,5.0,28.0,3.0,121.0,18.0,13.0,2.0,4.1815,13.0,1.0,1.0,27.0,4.0,13.0,,15.0,4.0,,4.0,4.0,,13.0,1.0,13.0,,,4.0,1.0,,,,,,,,,,,,,,,,
461382,John-Kymani Gordon,Forward,Colchester United,99,England,2022-23,,0.0,,,,,,,,,,,,,,,,,,,,,,,,,,,,,,,,,,,,,,,,0.0,,,,,,,,,,,,,,,,0.0,,,,,,,,,,,,,,,,,,,,,,,,,,,,,,,,,,,,,,,,,,,,,,,,,,,,,,,,,,,,,,,,,,,,,,,,,
450541,Luke Plange,Forward,Crystal Palace,31,England,2022-23,,0.0,,,,,,,,,,,,,,,,,,,,,,,,,,,,,,,,,,,,,,,,0.0,,,,,,,,,,,,,,,,0.0,,,,,,,,,,,,,,,,,,,,,,,,,,,,,,,,,,,,,,,,,,,,,,,,,,,,,,,,,,,,,,,,,,,,,,,,,
111234,Jordan Pickford,Goalkeeper,Everton,11,England,2022-23,0.3757,0.0,20.0,,35.0,5.0,37.0,37.0,557.0,1156.0,315.0,2.0,11.0,8.0,6.0,3330.0,13.0,6.0,1.0,5.0,305.0,18.0,5.0,61.0076,47.0,33.0,57.0,193.0,124.0,5.0,0.0,19.0,3.0,870.0,301.0,37.0,2.0,226.0,51.0,8.0,8.0,0.0,314.0,592.0,1.0,565.0,,,152.0,32.0,93.0,294.0,1512.0,,169.0,373.0,89.0,6.0,552.0,48.0,6.0,,2.0,,,,1.0,2.0,,,,,,3.0,1.0,,,1.0,3.0,,,,,,,1.0,,,1.0,4.0,,,1.0,,,,,1.0,,,,,,,,,,,,,,,,,,,,,,,,,,,,1.0,1.0,2.0,,,
40349,Asmir Begovic,Goalkeeper,Everton,11,Bosnia & Herzegovina,2022-23,0.0005,0.0,1.0,,,,1.0,1.0,9.0,25.0,8.0,1.0,1.0,1.0,,90.0,1.0,,,,11.0,2.0,,0.4929,1.0,3.0,,6.0,4.0,,0.0,1.0,,14.0,9.0,1.0,,3.0,,,1.0,0.0,10.0,14.0,,9.0,,,3.0,1.0,5.0,5.0,39.0,,5.0,13.0,4.0,0.0,9.0,,,,,,,,,,,,,,,,,,,,,,,,,,,,,,,,,,,,,,,,,,,,,,,,,,,,,,,,,,,,,,,,,,,,,,,,
11948,Andy Lonergan,Goalkeeper,Wigan Athletic,111,England,2022-23,,0.0,,,,,,,,,,,,,,,,,,,,,,,,,,,,,,,,,,,,,,,,0.0,,,,,,,,,,,,,,,,0.0,,,,,,,,,,,,,,,,,,,,,,,,,,,,,,,,,,,,,,,,,,,,,,,,,,,,,,,,,,,,,,,,,,,,,,,,,
17761,James Tarkowski,Defender,Everton,11,England,2022-23,1.8766,0.0,,51.0,,168.0,38.0,38.0,304.0,1620.0,1.0,,169.0,9.0,,3420.0,203.0,6.0,25.0,83.0,1194.0,,5.0,61.5005,15.0,196.0,57.0,551.0,,23.0,1.0,317.0,,672.0,173.0,38.0,,414.0,51.0,148.0,120.0,0.0,1.0,1578.0,9.0,339.0,26.0,9.0,,,298.0,122.0,2175.0,6.0,40.0,902.0,,6.0,136.0,84.0,114.0,,66.0,9.0,1.1444,23.0,1.0,41.0,1.0,0.0,,8.0,8.0,49.0,1.0,81.0,,14.0,65.0,21.0,1.0,25.0,,1.0,1.0,6.0,14.0,78.0,40.0,51.0,99.0,,21.0,2.0,3.0014,9.0,,3.0,1.0,,2.0,,,,,,,,9.0,,9.0,,1.0,,2.0,,,,,,,,,,2.0,,,,,,
243571,Nathan Patterson,Defender,Everton U21,12933,Scotland,2022-23,0.7107,0.0,,49.0,,67.0,19.0,14.0,95.0,472.0,,,22.0,2.0,,1277.0,84.0,2.0,34.0,74.0,365.0,,1.0,22.0094,3.0,36.0,22.0,22.0,,13.0,0.0,157.0,,134.0,80.0,19.0,,181.0,20.0,135.0,10.0,0.0,,465.0,5.0,206.0,24.0,12.0,,,220.0,12.0,885.0,107.0,11.0,200.0,,3.0,28.0,33.0,73.0,4.0,32.0,1.0,0.1695,4.0,,17.0,,,4.0,1.0,1.0,12.0,,19.0,,6.0,61.0,20.0,,25.0,,12.0,,21.0,3.0,4.0,14.0,15.0,96.0,3.0,9.0,,0.4899,4.0,2.0,1.0,2.0,34.0,1.0,2.0,5.0,,30.0,,35.0,2.0,2.0,,2.0,,,,,,,,,,1.0,,,,,,,,,,
194164,Mason Holgate,Defender,Everton,11,Jamaica,2022-23,0.1737,1.0,,11.0,,30.0,8.0,5.0,64.0,196.0,,,19.0,,,508.0,27.0,1.0,6.0,18.0,117.0,,1.0,9.4375,4.0,26.0,9.0,11.0,,4.0,0.0,53.0,,83.0,23.0,8.0,,39.0,8.0,34.0,9.0,0.0,,189.0,1.0,80.0,7.0,3.0,,,73.0,15.0,293.0,10.0,9.0,94.0,,1.0,34.0,15.0,26.0,1.0,18.0,1.0,,2.0,,11.0,,,1.0,1.0,1.0,10.0,,5.0,,6.0,16.0,4.0,,4.0,,,,,1.0,3.0,9.0,7.0,29.0,2.0,4.0,,1.0053,2.0,,1.0,,1.0,,1.0,3.0,,7.0,,1.0,1.0,1.0,,1.0,,,,,,,,,,,,,,,,,,,1.0,
106611,Michael Keane,Defender,Everton,11,England,2022-23,0.8227,0.0,,7.0,,72.0,12.0,10.0,128.0,428.0,,,100.0,2.0,,983.0,82.0,1.0,13.0,15.0,274.0,,2.0,22.7425,3.0,55.0,22.0,70.0,,4.0,0.0,128.0,,246.0,62.0,12.0,,122.0,21.0,28.0,67.0,0.0,,425.0,,146.0,4.0,4.0,,,84.0,26.0,579.0,4.0,16.0,179.0,,0.0,56.0,44.0,46.0,1.0,20.0,4.0,0.1214,12.0,2.0,8.0,1.0,0.0,1.0,3.0,3.0,33.0,2.0,24.0,,1.0,13.0,5.0,1.0,3.0,,2.0,,4.0,8.0,7.0,7.0,14.0,28.0,,3.0,1.0,1.3398,2.0,,,,3.0,,,2.0,,2.0,,3.0,,2.0,1.0,2.0,,,,,,,,,,,,,,1.0,,,,,,
164511,Yerry Mina,Defender,Cagliari,124,Colombia,2022-23,0.1564,0.0,,14.0,,26.0,7.0,7.0,37.0,321.0,,,34.0,1.0,,596.0,44.0,1.0,4.0,25.0,272.0,,1.0,8.7105,2.0,28.0,9.0,67.0,,10.0,0.0,68.0,,132.0,31.0,7.0,,95.0,8.0,34.0,19.0,0.0,,308.0,1.0,43.0,8.0,1.0,,,97.0,12.0,414.0,2.0,6.0,189.0,,2.0,11.0,18.0,24.0,,6.0,4.0,2.1267,8.0,,3.0,2.0,1.0,,2.0,2.0,15.0,,16.0,,1.0,9.0,3.0,1.0,6.0,,,1.0,,4.0,4.0,6.0,6.0,25.0,2.0,2.0,,1.2373,,,,,1.0,,,,,,,1.0,,,1.0,,,,,,,,,,,,,,,,,,,,,
224967,Vitalii Mykolenko,Defender,Everton,11,Ukraine,2022-23,0.9362,0.0,,58.0,,174.0,34.0,30.0,244.0,1000.0,,,60.0,7.0,,2656.0,115.0,5.0,64.0,89.0,719.0,,3.0,50.1329,8.0,89.0,46.0,315.0,,21.0,0.0,224.0,,462.0,150.0,34.0,,410.0,41.0,164.0,26.0,0.0,,991.0,11.0,385.0,34.0,11.0,,,70.0,37.0,1680.0,196.0,40.0,360.0,,4.0,70.0,92.0,109.0,14.0,46.0,3.0,0.1848,7.0,,22.0,,,14.0,3.0,3.0,34.0,,28.0,,19.0,75.0,34.0,,24.0,,14.0,,22.0,4.0,16.0,29.0,46.0,153.0,3.0,16.0,,0.455,3.0,5.0,1.0,2.0,40.0,,1.0,4.0,,31.0,,43.0,1.0,2.0,,2.0,,,,,,,,2.0,,2.0,,,,1.0,,,,,,
198826,Ben Godfrey,Defender,Sheffield United U21,19592,England,2022-23,0.0829,0.0,,20.0,,45.0,13.0,10.0,76.0,226.0,,,32.0,1.0,,801.0,43.0,2.0,15.0,28.0,142.0,,2.0,18.1127,1.0,31.0,18.0,37.0,,5.0,0.0,93.0,,125.0,35.0,13.0,,75.0,16.0,61.0,15.0,0.0,,225.0,2.0,117.0,11.0,3.0,,,44.0,8.0,413.0,31.0,19.0,76.0,,2.0,31.0,23.0,50.0,1.0,11.0,1.0,,4.0,1.0,8.0,,,1.0,1.0,1.0,17.0,,8.0,,2.0,33.0,6.0,,9.0,,3.0,,6.0,3.0,6.0,10.0,8.0,20.0,4.0,5.0,1.0,1.2313,2.0,,,,6.0,1.0,1.0,3.0,,16.0,,6.0,1.0,1.0,,1.0,,1.0,,,,,,,,,,,,,,,,,,
59949,Séamus Coleman,Defender,Everton,11,Ireland,2022-23,0.9175,0.0,,35.0,,93.0,23.0,20.0,148.0,603.0,,,34.0,4.0,,1662.0,91.0,2.0,27.0,73.0,433.0,,4.0,30.6732,3.0,45.0,25.0,47.0,,21.0,1.0,149.0,,276.0,100.0,23.0,,224.0,23.0,115.0,18.0,0.0,,593.0,9.0,242.0,26.0,17.0,,,175.0,22.0,1040.0,134.0,23.0,240.0,,1.0,55.0,39.0,58.0,9.0,32.0,2.0,0.0907,4.0,,19.0,1.0,0.0,9.0,,,16.0,,22.0,,4.0,42.0,7.0,1.0,9.0,,15.0,,21.0,2.0,7.0,10.0,22.0,105.0,11.0,1.0,,0.3642,3.0,,,,13.0,2.0,2.0,3.0,1.0,30.0,1.0,13.0,2.0,1.0,1.0,1.0,,,,,,,,,,,,,,,,,,,,
216054,Rúben Vinagre,Defender,Legia Warsaw,263,Portugal,2022-23,0.002,0.0,,2.0,,6.0,2.0,,6.0,18.0,,,1.0,,,24.0,6.0,,1.0,6.0,12.0,,,0.4907,,1.0,,4.0,,3.0,0.0,9.0,,7.0,4.0,2.0,,7.0,,8.0,,0.0,,17.0,,11.0,2.0,1.0,,,1.0,,33.0,3.0,,5.0,,0.0,,4.0,3.0,,,,,,,,,,,,,1.0,,,,,2.0,,,,,,,1.0,,,,,6.0,,,,,,,,,2.0,,,2.0,,1.0,,2.0,,,,,,,,,,,,,,,,,,,,,,,,
94147,Conor Coady,Defender,Charlton Athletic,33,England,2022-23,0.5074,0.0,,14.0,,60.0,24.0,23.0,179.0,1200.0,1.0,,49.0,7.0,,2096.0,52.0,4.0,5.0,27.0,915.0,,2.0,31.5843,4.0,85.0,28.0,267.0,,13.0,0.0,99.0,,435.0,92.0,24.0,,264.0,24.0,50.0,25.0,0.0,1.0,1168.0,2.0,194.0,9.0,,,,434.0,106.0,1387.0,3.0,27.0,758.0,,2.0,119.0,50.0,47.0,1.0,28.0,3.0,0.9382,3.0,1.0,21.0,1.0,1.0,1.0,2.0,2.0,24.0,,10.0,,3.0,23.0,4.0,0.0,5.0,,2.0,,4.0,,17.0,11.0,14.0,64.0,1.0,2.0,1.0,0.8355,1.0,,1.0,,,2.0,,1.0,,,,,,1.0,1.0,1.0,,,,,,,,,,,,,,2.0,,,,,,
232829,Kyle John,Defender,Port Vale,50,England,2022-23,,0.0,,,,,,,,,,,,,,,,,,,,,,,,,,,,,,,,,,,,,,,,0.0,,,,,,,,,,,,,,,,0.0,,,,,,,,,,,,,,,,,,,,,,,,,,,,,,,,,,,,,,,,,,,,,,,,,,,,,,,,,,,,,,,,,,,,,,,,,
536238,Ishé Samuels-Smith,Defender,Chelsea,8,England,2022-23,,0.0,,,,,,,,,,,,,,,,,,,,,,,,,,,,,,,,,,,,,,,,0.0,,,,,,,,,,,,,,,,0.0,,,,,,,,,,,,,,,,,,,,,,,,,,,,,,,,,,,,,,,,,,,,,,,,,,,,,,,,,,,,,,,,,,,,,,,,,
474907,Reece Welch,Defender,Everton U21,12933,England,2022-23,,0.0,,,,,,,,,,,,,,,,,,,,,,,,,,,,,,,,,,,,,,,,0.0,,,,,,,,,,,,,,,,0.0,,,,,,,,,,,,,,,,,,,,,,,,,,,,,,,,,,,,,,,,,,,,,,,,,,,,,,,,,,,,,,,,,,,,,,,,,
108823,Dele Alli,Midfielder,Como,1065,England,2022-23,0.0047,0.0,,,,3.0,2.0,,3.0,15.0,,,3.0,,,38.0,2.0,,,1.0,12.0,,,1.7835,,,1.0,4.0,,1.0,0.0,6.0,,2.0,2.0,2.0,,10.0,1.0,3.0,1.0,0.0,,13.0,,9.0,,,,,4.0,,22.0,,,2.0,,0.0,,1.0,4.0,,2.0,,,,,1.0,,,,,,2.0,,3.0,,,2.0,,,,,1.0,,2.0,,,,,5.0,,,,,,1.0,,,,,,2.0,,,,,,,,,,,,,,,,,,,,,,,,,,,,
449871,Amadou Onana,Midfielder,Aston Villa,7,Belgium,2022-23,1.6706,0.0,,72.0,,131.0,33.0,29.0,155.0,970.0,,,115.0,5.0,,2496.0,200.0,4.0,25.0,140.0,774.0,,4.0,44.4252,,37.0,37.0,263.0,,49.0,0.0,350.0,,249.0,150.0,33.0,,412.0,33.0,235.0,60.0,0.0,,965.0,9.0,255.0,43.0,19.0,,,242.0,41.0,1399.0,1.0,8.0,403.0,,9.0,24.0,50.0,150.0,,59.0,6.0,1.1937,28.0,2.0,30.0,1.0,0.0,,2.0,2.0,55.0,,54.0,,20.0,95.0,19.0,1.0,29.0,,23.0,1.0,40.0,22.0,6.0,44.0,37.0,216.0,13.0,23.0,1.0,2.996,6.0,2.0,5.0,19.0,5.0,2.0,4.0,4.0,3.0,,3.0,5.0,4.0,2.0,,2.0,,,3.0,,,,,,,,,,,,,,,,,
121599,Abdoulaye Doucouré,Midfielder,Everton,11,Mali,2022-23,1.3765,1.0,,31.0,,100.0,25.0,17.0,110.0,538.0,,,43.0,4.0,,1528.0,67.0,2.0,37.0,54.0,425.0,,3.0,29.9079,,10.0,26.0,139.0,,4.0,2.0,166.0,,159.0,100.0,25.0,,251.0,24.0,123.0,13.0,1.0,,522.0,4.0,170.0,20.0,19.0,,,120.0,3.0,760.0,,8.0,179.0,,6.0,10.0,25.0,99.0,2.0,51.0,8.0,2.1982,15.0,2.0,23.0,5.0,4.0,2.0,2.0,2.0,30.0,1.0,54.0,,20.0,69.0,23.0,1.0,11.0,,11.0,2.0,24.0,7.0,3.0,21.0,13.0,120.0,2.0,9.0,1.0,2.4586,5.0,1.0,1.0,10.0,6.0,8.0,2.0,8.0,1.0,,1.0,6.0,2.0,3.0,3.0,3.0,,,3.0,,,,,,,,,,,,,,,,,
120250,André Gomes,Midfielder,Lille,429,Portugal,2022-23,,0.0,,,,,,,,,,,,,,,,,,,,,,,,,,,,,,,,,,,,,,,,0.0,,,,,,,,,,,,,,,,0.0,,,,,,,,,,,,,,,,,,,,,,,,,,,,,,,,,,,,,,,,,,,,,,,,,,,,,,,,,,,,,,,,,,,,,,,,,
160987,Jean-Philippe Gbamin,Midfielder,Nantes,430,Cote d’Ivoire,2022-23,,0.0,,,,,,,,,,,,,,,,,,,,,,,,,,,,,,,,,,,,,,,,0.0,,,,,,,,,,,,,,,,0.0,,,,,,,,,,,,,,,,,,,,,,,,,,,,,,,,,,,,,,,,,,,,,,,,,,,,,,,,,,,,,,,,,,,,,,,,,
173807,Tom Davies,Midfielder,Sheffield United U21,19592,England,2022-23,0.2503,0.0,,15.0,,42.0,19.0,4.0,58.0,230.0,,,20.0,,,529.0,31.0,1.0,15.0,24.0,161.0,,,8.4202,1.0,7.0,9.0,59.0,,6.0,0.0,69.0,,74.0,28.0,19.0,,89.0,8.0,49.0,7.0,0.0,,225.0,1.0,86.0,9.0,3.0,,,60.0,11.0,329.0,1.0,7.0,83.0,,3.0,16.0,15.0,38.0,,18.0,2.0,0.9465,7.0,,7.0,,,,1.0,1.0,13.0,,15.0,,2.0,25.0,9.0,,6.0,,3.0,,7.0,5.0,1.0,10.0,4.0,37.0,3.0,3.0,,1.1699,2.0,1.0,3.0,5.0,2.0,1.0,,15.0,1.0,,1.0,2.0,,2.0,,2.0,,,,1.0,,,,,,,,,,,,,,,,
80801,Idrissa Gueye,Midfielder,Everton,11,Senegal,2022-23,0.8072,0.0,,97.0,,138.0,33.0,32.0,187.0,1209.0,,,49.0,6.0,,2592.0,195.0,5.0,61.0,168.0,985.0,,4.0,45.3926,5.0,31.0,45.0,331.0,,50.0,0.0,317.0,,345.0,266.0,33.0,,485.0,40.0,268.0,27.0,0.0,,1195.0,3.0,259.0,57.0,21.0,,,333.0,37.0,1669.0,3.0,21.0,537.0,,7.0,49.0,66.0,122.0,,95.0,6.0,0.7466,13.0,1.0,53.0,,,,1.0,1.0,22.0,1.0,11.0,,11.0,100.0,38.0,,40.0,,8.0,,26.0,7.0,12.0,43.0,56.0,200.0,18.0,32.0,,0.7253,2.0,1.0,1.0,6.0,10.0,,1.0,1.0,5.0,,5.0,10.0,1.0,1.0,,1.0,,,,,,1.0,1.0,,0.0797,,,,,,,,,,,
232928,James Garner,Midfielder,Everton,11,England,2022-23,0.5003,0.0,,16.0,,41.0,16.0,7.0,57.0,298.0,,,23.0,2.0,,796.0,45.0,1.0,17.0,33.0,232.0,,,12.9132,2.0,13.0,13.0,73.0,,10.0,0.0,89.0,,106.0,68.0,16.0,,150.0,12.0,66.0,12.0,0.0,,295.0,6.0,119.0,13.0,7.0,,,66.0,9.0,463.0,10.0,7.0,96.0,,3.0,16.0,14.0,44.0,2.0,22.0,3.0,0.5676,6.0,1.0,13.0,,,5.0,,,11.0,,9.0,,6.0,33.0,8.0,,3.0,,6.0,,9.0,3.0,1.0,16.0,12.0,53.0,1.0,6.0,1.0,0.769,3.0,2.0,,3.0,13.0,1.0,,9.0,3.0,6.0,3.0,32.0,,3.0,,3.0,,,,,2.0,1.0,1.0,15.0,0.092,17.0,,,,,,,,,,
486623,Sean McAllister,Midfielder,Everton U21,12933,Northern Ireland,2022-23,,0.0,,,,,,,,,,,,,,,,,,,,,,,,,,,,,,,,,,,,,,,,0.0,,,,,,,,,,,,,,,,0.0,,,,,,,,,,,,,,,,,,,,,,,,,,,,,,,,,,,,,,,,,,,,,,,,,,,,,,,,,,,,,,,,,,,,,,,,,
510328,Stanley Mills,Midfielder,Oxford United,106,England,2022-23,,0.0,,,,,,,,,,,,,,,,,,,,,,,,,,,,,,,,,,,,,,,,0.0,,,,,,,,,,,,,,,,0.0,,,,,,,,,,,,,,,,,,,,,,,,,,,,,,,,,,,,,,,,,,,,,,,,,,,,,,,,,,,,,,,,,,,,,,,,,
491559,Isaac Price,Midfielder,West Bromwich Albion,35,Northern Ireland,2022-23,0.0086,0.0,,,,2.0,1.0,,2.0,13.0,,,,,,32.0,1.0,,,1.0,11.0,,,0.507,,,,2.0,,,0.0,3.0,,4.0,,1.0,,4.0,,3.0,,0.0,,13.0,,3.0,,1.0,,,1.0,,18.0,,,8.0,,1.0,,1.0,2.0,1.0,,,,,,,,,1.0,,,,,,,1.0,2.0,,,,,,,,,1.0,,,6.0,,,,,,,,1.0,,,,1.0,,,,,,,,,,,,,,,,,,,,,,,,,,,,
433154,Dwight McNeil,Midfielder,Everton U21,12933,England,2022-23,5.4343,0.0,,63.0,,130.0,36.0,28.0,178.0,755.0,,,32.0,5.0,,2501.0,154.0,4.0,88.0,140.0,541.0,,5.0,46.0476,2.0,32.0,46.0,187.0,,21.0,2.0,332.0,,225.0,175.0,36.0,,393.0,42.0,300.0,14.0,0.0,,725.0,30.0,483.0,41.0,56.0,,,150.0,36.0,1503.0,29.0,17.0,234.0,,5.0,48.0,46.0,178.0,16.0,52.0,15.0,3.4669,25.0,3.0,24.0,7.0,3.0,50.0,2.0,2.0,18.0,,71.0,,46.0,160.0,39.0,4.0,22.0,7.0,51.0,,96.0,10.0,7.0,22.0,31.0,193.0,9.0,12.0,,3.5629,21.0,4.0,3.0,7.0,97.0,1.0,11.0,8.0,6.0,2.0,6.0,144.0,11.0,10.0,,10.0,,,,1.0,30.0,1.0,1.0,27.0,0.0533,62.0,,,1.0,1.0,,,,,,
177815,Dominic Calvert-Lewin,Forward,Leeds United,2,England,2022-23,0.7607,0.0,,4.0,,83.0,17.0,15.0,84.0,215.0,,,138.0,1.0,,1172.0,98.0,4.0,13.0,32.0,126.0,,,19.7424,,18.0,22.0,57.0,,14.0,1.0,218.0,,62.0,28.0,17.0,,100.0,18.0,80.0,66.0,0.0,,214.0,7.0,154.0,2.0,14.0,,,50.0,5.0,414.0,,1.0,31.0,,3.0,1.0,16.0,120.0,,29.0,10.0,3.6382,25.0,1.0,15.0,2.0,1.0,,7.0,7.0,72.0,,65.0,,8.0,48.0,4.0,1.0,2.0,,10.0,,22.0,15.0,1.0,22.0,3.0,46.0,11.0,7.0,,5.9632,6.0,2.0,,13.0,6.0,19.0,1.0,2.0,1.0,,1.0,6.0,1.0,5.0,2.0,5.0,,,6.0,1.0,,,,,,,1.0,1.0,1.0,,,,,,,
172632,Demarai Gray,Forward,Birmingham City,41,Jamaica,2022-23,3.8472,0.0,,33.0,,98.0,33.0,27.0,123.0,658.0,,,58.0,1.0,,2511.0,139.0,4.0,58.0,126.0,510.0,,4.0,43.1412,1.0,15.0,39.0,172.0,,51.0,0.0,330.0,,121.0,98.0,33.0,,395.0,35.0,272.0,13.0,0.0,,604.0,35.0,461.0,24.0,42.0,,,127.0,25.0,1335.0,7.0,7.0,177.0,,3.0,25.0,25.0,191.0,10.0,74.0,24.0,6.7125,39.0,1.0,32.0,4.0,2.0,37.0,11.0,11.0,45.0,,111.0,,36.0,146.0,20.0,2.0,9.0,,43.0,,108.0,15.0,3.0,24.0,13.0,238.0,11.0,12.0,1.0,6.2184,20.0,8.0,2.0,14.0,52.0,13.0,8.0,6.0,9.0,,9.0,136.0,8.0,12.0,4.0,12.0,,,1.0,,14.0,8.0,8.0,59.0,0.3457,74.0,2.0,2.0,,,,,,,,
153133,Alex Iwobi,Forward,Fulham,54,Nigeria,2022-23,4.3298,0.0,,69.0,,226.0,38.0,38.0,295.0,1392.0,,,38.0,8.0,,3381.0,153.0,6.0,85.0,143.0,1024.0,,5.0,60.442,2.0,28.0,56.0,260.0,,15.0,0.0,320.0,,457.0,259.0,38.0,,739.0,50.0,282.0,10.0,0.0,,1380.0,20.0,548.0,37.0,59.0,,,433.0,73.0,2050.0,28.0,28.0,387.0,,2.0,69.0,73.0,167.0,20.0,66.0,15.0,3.143,30.0,7.0,31.0,2.0,1.0,29.0,5.0,5.0,28.0,,60.0,,57.0,139.0,39.0,1.0,32.0,,49.0,,90.0,15.0,2.0,19.0,25.0,242.0,4.0,7.0,4.0,2.4463,12.0,8.0,14.0,24.0,69.0,4.0,7.0,,8.0,3.0,8.0,75.0,7.0,5.0,2.0,5.0,,,1.0,1.0,9.0,,,6.0,,17.0,,,1.0,,,,,,,
115382,Neal Maupay,Forward,Everton,11,France,2022-23,0.2613,0.0,,11.0,,58.0,27.0,11.0,58.0,247.0,,,63.0,1.0,,1115.0,54.0,2.0,18.0,39.0,183.0,,2.0,22.3573,,,19.0,61.0,,21.0,1.0,145.0,,38.0,26.0,27.0,,119.0,17.0,82.0,15.0,0.0,,219.0,7.0,132.0,5.0,7.0,,,41.0,6.0,435.0,1.0,,70.0,,4.0,,18.0,91.0,,27.0,16.0,3.6177,25.0,,9.0,1.0,0.0,,11.0,11.0,48.0,,53.0,,7.0,43.0,8.0,1.0,6.0,,12.0,,28.0,9.0,,14.0,5.0,107.0,10.0,7.0,1.0,4.7808,7.0,3.0,,15.0,3.0,1.0,3.0,16.0,4.0,1.0,4.0,3.0,3.0,4.0,1.0,4.0,,,2.0,,,,,,,,,,,,,,,,,
461416,Thomas Cannon,Forward,Sheffield United,49,Ireland,2022-23,0.0041,0.0,,,,1.0,2.0,,1.0,5.0,,,2.0,,,23.0,3.0,,,3.0,4.0,,,0.9702,,,1.0,2.0,,2.0,0.0,5.0,,,,2.0,,2.0,1.0,3.0,,0.0,,4.0,,1.0,,1.0,,,,,11.0,,,2.0,,0.0,,,2.0,,,1.0,0.0238,1.0,,,,,,1.0,1.0,2.0,,3.0,,1.0,,,,,,,,,,,,,3.0,,,,0.0889,,,,1.0,,,,2.0,,,,,,,,,,,,,,,,,,,,,,,,,,,,
218997,Ellis Simms,Forward,Coventry City,9,England,2022-23,0.419,0.0,,,,23.0,11.0,2.0,24.0,61.0,,,31.0,,,221.0,14.0,,,3.0,36.0,,,4.7789,,1.0,4.0,11.0,,1.0,0.0,36.0,,22.0,6.0,11.0,,31.0,4.0,5.0,11.0,0.0,,61.0,,32.0,,2.0,,,9.0,1.0,87.0,,1.0,7.0,,0.0,1.0,2.0,22.0,1.0,9.0,1.0,0.5513,4.0,,6.0,1.0,1.0,1.0,,,20.0,,11.0,,2.0,2.0,,0.0,,,,,2.0,3.0,,,,19.0,2.0,,,0.7702,4.0,,1.0,6.0,,1.0,1.0,9.0,,,,,1.0,3.0,1.0,3.0,,,2.0,,,,,,,,,,,,,,,,,
155529,Marek Rodák,Goalkeeper,Fulham,54,Slovakia,2022-23,0.002,0.0,1.0,,,1.0,2.0,2.0,32.0,58.0,15.0,,1.0,1.0,,180.0,1.0,,,,9.0,1.0,,2.0221,7.0,2.0,2.0,1.0,2.0,,0.0,1.0,2.0,51.0,18.0,2.0,,14.0,2.0,,1.0,0.0,11.0,26.0,,33.0,,,7.0,,6.0,17.0,69.0,,13.0,12.0,2.0,0.0,31.0,4.0,,,,,,,,,,,,,,,,,,,,,,,,,,,,,,,,,,,,,,,,,,,,,,,,,,,,,,,,,,,,,,,,,,,,,,,
80201,Bernd Leno,Goalkeeper,Fulham,54,Germany,2022-23,0.0327,0.0,30.0,,43.0,5.0,36.0,36.0,285.0,1205.0,242.0,7.0,11.0,8.0,8.0,3240.0,14.0,5.0,,3.0,761.0,8.0,7.0,60.4747,25.0,26.0,51.0,273.0,144.0,3.0,0.0,18.0,8.0,503.0,302.0,36.0,5.0,99.0,46.0,7.0,11.0,0.0,378.0,827.0,,288.0,,,54.0,42.0,429.0,159.0,1619.0,,84.0,821.0,100.0,3.0,280.0,41.0,4.0,,3.0,,,,,2.0,,,,,,,1.0,,,1.0,4.0,,,,,,,,,,1.0,,,,1.0,,,,,,,,,,,,,,,,,,,,,,,,,,,,,,,,,1.0,1.0,2.0,,,
235449,George Wickens,Goalkeeper,Lincoln City,83,England,2022-23,,0.0,,,,,,,,,,,,,,,,,,,,,,,,,,,,,,,,,,,,,,,,0.0,,,,,,,,,,,,,,,,0.0,,,,,,,,,,,,,,,,,,,,,,,,,,,,,,,,,,,,,,,,,,,,,,,,,,,,,,,,,,,,,,,,,,,,,,,,,
167074,Kenny Tete,Defender,Fulham,54,Netherlands,2022-23,1.9164,0.0,,83.0,,211.0,31.0,29.0,267.0,1114.0,,,62.0,5.0,,2573.0,191.0,5.0,79.0,158.0,800.0,,5.0,42.0604,6.0,73.0,36.0,66.0,,54.0,0.0,309.0,,515.0,141.0,31.0,,459.0,31.0,247.0,33.0,0.0,,1077.0,16.0,486.0,46.0,21.0,,,341.0,47.0,2016.0,240.0,19.0,411.0,,8.0,56.0,111.0,118.0,23.0,75.0,5.0,0.6438,10.0,5.0,39.0,1.0,1.0,23.0,1.0,1.0,29.0,,29.0,,18.0,89.0,31.0,0.0,37.0,,12.0,1.0,36.0,5.0,17.0,42.0,52.0,192.0,8.0,19.0,3.0,0.6616,3.0,9.0,1.0,2.0,76.0,,2.0,2.0,3.0,67.0,3.0,76.0,2.0,1.0,,1.0,,,2.0,,,,,,,,,,,,,,,,,
89068,Layvin Kurzawa,Defender,Fulham,54,France,2022-23,0.0352,0.0,,3.0,,7.0,3.0,2.0,8.0,27.0,,,2.0,,,136.0,5.0,,2.0,5.0,19.0,,,4.3318,,2.0,4.0,11.0,,,0.0,11.0,,9.0,5.0,3.0,,6.0,4.0,9.0,,0.0,,27.0,,20.0,2.0,2.0,,,2.0,,68.0,8.0,,14.0,,1.0,1.0,4.0,6.0,1.0,2.0,,,,,2.0,,,1.0,,,2.0,,,,,4.0,,,1.0,,2.0,,3.0,,1.0,1.0,2.0,5.0,1.0,,,,,1.0,,,1.0,,,1.0,,4.0,,1.0,,,,,,,,,,,,,,,,,,,,,,,,
109646,Tosin Adarabioyo,Defender,Chelsea,8,England,2022-23,0.4558,0.0,,30.0,,128.0,25.0,23.0,226.0,1284.0,4.0,,85.0,3.0,,2084.0,103.0,2.0,15.0,44.0,968.0,,5.0,44.2679,9.0,138.0,39.0,227.0,,5.0,0.0,159.0,,522.0,110.0,25.0,,358.0,37.0,74.0,59.0,0.0,4.0,1233.0,1.0,245.0,13.0,9.0,,,473.0,90.0,1571.0,7.0,36.0,701.0,,4.0,98.0,89.0,56.0,1.0,36.0,4.0,0.3654,12.0,,19.0,1.0,1.0,1.0,2.0,2.0,26.0,,19.0,,6.0,30.0,5.0,0.0,17.0,,2.0,1.0,6.0,8.0,15.0,17.0,26.0,62.0,,9.0,1.0,0.7038,4.0,1.0,2.0,,1.0,3.0,1.0,2.0,1.0,,1.0,1.0,1.0,3.0,,3.0,,1.0,,,,1.0,1.0,,0.0372,,,,,,,,,,,
61933,Shane Duffy,Defender,Norwich City U21,12946,Ireland,2022-23,0.0003,0.0,,,,1.0,5.0,,4.0,20.0,1.0,,3.0,,,17.0,4.0,,,2.0,16.0,,1.0,3.5566,,,4.0,,,1.0,0.0,5.0,,4.0,2.0,5.0,,1.0,4.0,2.0,2.0,0.0,1.0,19.0,,5.0,,1.0,,,9.0,,24.0,,1.0,15.0,,0.0,3.0,1.0,1.0,,,,,1.0,,,,,,,,1.0,,1.0,,,,,,,,,,,1.0,,,,7.0,,,,0.1559,,,,,,,,5.0,,,,,,,,,,,,,,,,,,,,,,,,,,,,
58822,Cédric Soares,Defender,Arsenal,3,Portugal,2022-23,0.1772,0.0,,8.0,,11.0,8.0,2.0,22.0,156.0,,,9.0,,,224.0,14.0,,7.0,12.0,130.0,,1.0,1.7093,,6.0,3.0,13.0,,2.0,0.0,26.0,,61.0,11.0,8.0,,79.0,3.0,17.0,2.0,0.0,,153.0,2.0,53.0,5.0,2.0,,,57.0,4.0,247.0,23.0,3.0,60.0,,0.0,11.0,9.0,12.0,5.0,3.0,,,,,1.0,,,5.0,,,7.0,,3.0,,2.0,5.0,3.0,,3.0,,,,2.0,,1.0,2.0,1.0,25.0,1.0,2.0,,0.0593,2.0,1.0,,,22.0,,2.0,6.0,,2.0,,22.0,2.0,,,,,,,,,,,,,,,,,,,,,,,
82514,Tim Ream,Defender,Fulham,54,United States,2022-23,0.2875,0.0,,30.0,,135.0,33.0,33.0,248.0,1902.0,14.0,,79.0,8.0,,2899.0,99.0,4.0,28.0,51.0,1517.0,,5.0,51.5672,9.0,112.0,44.0,722.0,,7.0,0.0,174.0,,713.0,199.0,33.0,,533.0,40.0,95.0,48.0,0.0,14.0,1854.0,2.0,283.0,16.0,14.0,,,377.0,137.0,2234.0,8.0,39.0,1121.0,,2.0,113.0,88.0,75.0,,51.0,2.0,0.0697,3.0,,28.0,1.0,1.0,,1.0,1.0,31.0,1.0,14.0,,3.0,44.0,20.0,0.0,14.0,1.0,3.0,,8.0,1.0,24.0,18.0,41.0,90.0,2.0,12.0,,0.2611,,,,,4.0,1.0,,,,3.0,,4.0,,,,,,3.0,,,,,,,,,,,,4.0,,,,,,
120721,Kevin Mbabu,Defender,FC Midtjylland,1000,Switzerland,2022-23,0.4196,0.0,,3.0,,14.0,6.0,1.0,15.0,64.0,,,8.0,,,141.0,9.0,,4.0,7.0,48.0,,1.0,6.6635,,2.0,7.0,17.0,,,0.0,26.0,,32.0,6.0,6.0,,37.0,7.0,18.0,2.0,0.0,,64.0,,32.0,2.0,4.0,,,3.0,1.0,120.0,16.0,1.0,15.0,,1.0,1.0,7.0,17.0,3.0,7.0,,,,1.0,3.0,,,3.0,,,6.0,,,,1.0,11.0,2.0,,1.0,,2.0,,4.0,,,4.0,3.0,12.0,1.0,4.0,,,,1.0,,,4.0,,,5.0,,7.0,,4.0,,,,,,,,,,,,,,,,,,,,,,,,
219924,Issa Diop,Defender,Fulham,54,Morocco,2022-23,0.4755,0.0,,28.0,,98.0,25.0,21.0,180.0,1395.0,4.0,,57.0,7.0,,2009.0,75.0,4.0,15.0,42.0,1154.0,,3.0,32.0635,6.0,86.0,26.0,362.0,,8.0,0.0,131.0,,504.0,116.0,25.0,,343.0,22.0,74.0,33.0,0.0,4.0,1350.0,2.0,198.0,19.0,6.0,,,448.0,61.0,1635.0,1.0,23.0,872.0,,2.0,82.0,68.0,56.0,,37.0,2.0,0.2642,2.0,,19.0,1.0,0.0,,1.0,1.0,24.0,2.0,9.0,,2.0,32.0,7.0,1.0,9.0,,1.0,,2.0,,17.0,16.0,35.0,81.0,2.0,8.0,1.0,0.2821,1.0,3.0,,,2.0,3.0,,4.0,,,,2.0,,1.0,,1.0,,,,,,,,,,,,,,,,,,,,1.0
169528,Antonee Robinson,Defender,Fulham,54,United States,2022-23,1.836,0.0,,62.0,,236.0,35.0,35.0,339.0,1466.0,,,70.0,9.0,,3089.0,172.0,5.0,87.0,132.0,1047.0,,7.0,54.4253,13.0,76.0,44.0,462.0,,23.0,0.0,303.0,,652.0,235.0,35.0,,579.0,39.0,233.0,40.0,0.0,,1448.0,23.0,601.0,38.0,47.0,,,98.0,80.0,2378.0,244.0,32.0,581.0,,8.0,103.0,139.0,131.0,33.0,54.0,,,3.0,1.0,27.0,,,33.0,,,30.0,1.0,29.0,,20.0,101.0,36.0,,24.0,,26.0,,46.0,3.0,13.0,33.0,53.0,254.0,1.0,19.0,,0.0807,,11.0,,,101.0,3.0,,,,65.0,,101.0,,,,,,,,1.0,,,,,,,,,,,,,,,,
478227,Stefan Parkes,Defender,Fulham U21,12971,England,2022-23,,0.0,,,,,,,,,,,,,,,,,,,,,,,,,,,,,,,,,,,,,,,,0.0,,,,,,,,,,,,,,,,0.0,,,,,,,,,,,,,,,,,,,,,,,,,,,,,,,,,,,,,,,,,,,,,,,,,,,,,,,,,,,,,,,,,,,,,,,,,
547673,Charlie Robinson,Defender,Fulham U21,12971,England,2022-23,,0.0,,,,,,,,,,,,,,,,,,,,,,,,,,,,,,,,,,,,,,,,0.0,,,,,,,,,,,,,,,,0.0,,,,,,,,,,,,,,,,,,,,,,,,,,,,,,,,,,,,,,,,,,,,,,,,,,,,,,,,,,,,,,,,,,,,,,,,,
153366,Harrison Reed,Midfielder,Fulham,54,England,2022-23,2.0382,0.0,,43.0,,196.0,37.0,35.0,246.0,1217.0,,,66.0,7.0,,2875.0,105.0,5.0,88.0,75.0,927.0,,5.0,51.3233,2.0,30.0,44.0,294.0,,21.0,2.0,258.0,,334.0,160.0,37.0,,571.0,39.0,192.0,30.0,0.0,,1176.0,14.0,383.0,27.0,12.0,,,315.0,44.0,1647.0,4.0,26.0,413.0,,5.0,50.0,66.0,153.0,11.0,90.0,8.0,1.9649,13.0,4.0,36.0,3.0,2.0,13.0,3.0,3.0,36.0,,53.0,1.0,31.0,117.0,42.0,1.0,16.0,,16.0,,41.0,5.0,12.0,38.0,19.0,274.0,18.0,19.0,2.0,1.8921,7.0,5.0,,16.0,38.0,4.0,5.0,2.0,2.0,1.0,2.0,41.0,5.0,2.0,3.0,2.0,,,,,1.0,,,2.0,,3.0,,,,,,,,,,
92259,Neeskens Kebano,Midfielder,Fulham,54,DR Congo,2022-23,0.8857,0.0,,17.0,,36.0,17.0,9.0,38.0,188.0,,,14.0,,,766.0,48.0,,30.0,46.0,149.0,,2.0,12.6388,,4.0,10.0,45.0,,16.0,0.0,102.0,,46.0,47.0,17.0,,120.0,10.0,88.0,2.0,0.0,,184.0,7.0,103.0,9.0,13.0,,,34.0,1.0,358.0,,,35.0,,0.0,2.0,7.0,54.0,4.0,24.0,2.0,0.0782,8.0,3.0,6.0,,,5.0,2.0,2.0,12.0,,31.0,,10.0,42.0,14.0,,8.0,,13.0,,25.0,6.0,,8.0,1.0,63.0,8.0,7.0,1.0,0.4735,1.0,5.0,,4.0,18.0,2.0,1.0,8.0,,,,19.0,1.0,,,,,,,1.0,,,,1.0,,4.0,,,,,,,,,,
153682,Harry Wilson,Forward,Fulham,54,Wales,2022-23,1.0394,0.0,,21.0,,67.0,29.0,13.0,74.0,376.0,,,16.0,,,1097.0,69.0,2.0,31.0,65.0,280.0,,3.0,21.4009,2.0,12.0,15.0,48.0,,32.0,1.0,130.0,,86.0,54.0,29.0,,213.0,13.0,114.0,4.0,0.0,,368.0,9.0,150.0,13.0,12.0,,,111.0,22.0,603.0,5.0,4.0,92.0,,1.0,7.0,22.0,61.0,1.0,26.0,4.0,1.3734,12.0,3.0,11.0,2.0,1.0,3.0,,,12.0,,41.0,,9.0,49.0,15.0,1.0,8.0,2.0,14.0,,29.0,8.0,2.0,11.0,6.0,131.0,12.0,6.0,2.0,1.9844,6.0,4.0,1.0,6.0,14.0,2.0,2.0,16.0,2.0,,2.0,19.0,2.0,4.0,,4.0,,,3.0,1.0,2.0,1.0,1.0,3.0,0.0497,10.0,,,2.0,,,,,,,
76357,Tom Cairney,Midfielder,Fulham,54,Scotland,2022-23,1.4891,0.0,,17.0,,70.0,33.0,6.0,85.0,707.0,,,18.0,,,971.0,60.0,,28.0,52.0,588.0,,3.0,19.929,3.0,3.0,13.0,195.0,,22.0,1.0,110.0,,169.0,76.0,33.0,,399.0,13.0,92.0,8.0,0.0,,690.0,6.0,171.0,6.0,13.0,,,172.0,34.0,929.0,2.0,3.0,231.0,,2.0,15.0,21.0,50.0,5.0,22.0,3.0,1.1169,8.0,,14.0,2.0,0.0,8.0,1.0,1.0,10.0,,32.0,,12.0,40.0,15.0,2.0,11.0,1.0,8.0,,29.0,5.0,3.0,8.0,5.0,171.0,6.0,7.0,,1.4935,13.0,1.0,2.0,7.0,20.0,,6.0,27.0,,2.0,,29.0,6.0,7.0,1.0,7.0,,,,,4.0,,,7.0,,17.0,,,1.0,,,,,,,
156689,Andreas Pereira,Midfielder,Fulham,54,Brazil,2022-23,4.0869,0.0,,18.0,,181.0,33.0,33.0,224.0,854.0,,,38.0,,,2714.0,79.0,5.0,56.0,70.0,578.0,,4.0,45.6119,2.0,8.0,40.0,228.0,,31.0,1.0,257.0,,271.0,117.0,33.0,,507.0,35.0,219.0,9.0,0.0,,765.0,34.0,494.0,9.0,21.0,,,198.0,52.0,1408.0,4.0,6.0,190.0,,8.0,43.0,41.0,178.0,11.0,67.0,23.0,5.0104,48.0,6.0,24.0,4.0,3.0,67.0,2.0,2.0,29.0,1.0,68.0,,54.0,149.0,18.0,1.0,9.0,1.0,26.0,,77.0,25.0,3.0,41.0,6.0,157.0,26.0,27.0,1.0,7.2837,14.0,,1.0,22.0,49.0,2.0,7.0,,17.0,2.0,17.0,129.0,7.0,7.0,3.0,7.0,1.0,,1.0,4.0,43.0,12.0,12.0,59.0,0.7857,116.0,1.0,1.0,,,,,,,,
200617,Daniel James,Midfielder,Leeds United,2,Wales,2022-23,0.5087,0.0,,16.0,,51.0,24.0,7.0,56.0,190.0,,,19.0,,,809.0,44.0,1.0,28.0,43.0,132.0,,2.0,18.5626,,6.0,18.0,36.0,,20.0,0.0,94.0,,44.0,42.0,24.0,,106.0,17.0,75.0,1.0,0.0,,190.0,8.0,115.0,8.0,7.0,,,58.0,2.0,356.0,4.0,2.0,34.0,,0.0,5.0,14.0,50.0,6.0,28.0,4.0,1.8533,13.0,1.0,11.0,2.0,1.0,6.0,1.0,1.0,18.0,,37.0,,7.0,32.0,8.0,1.0,8.0,1.0,5.0,,19.0,9.0,1.0,4.0,3.0,52.0,7.0,2.0,1.0,1.6416,4.0,1.0,,3.0,26.0,2.0,,17.0,,,,26.0,,4.0,1.0,4.0,1.0,,2.0,2.0,,,,,,,,,1.0,,,,,,,
154296,João Palhinha,Midfielder,Tottenham Hotspur,6,Portugal,2022-23,0.4179,0.0,,148.0,,166.0,35.0,35.0,217.0,1268.0,,,112.0,7.0,,3113.0,288.0,5.0,59.0,216.0,963.0,,6.0,52.6473,5.0,59.0,43.0,399.0,,50.0,1.0,487.0,,345.0,213.0,35.0,,504.0,38.0,375.0,72.0,0.0,,1220.0,4.0,304.0,84.0,19.0,,,314.0,88.0,1840.0,,17.0,547.0,,14.0,51.0,67.0,199.0,,73.0,9.0,1.7591,27.0,,34.0,3.0,1.0,,4.0,4.0,40.0,1.0,34.0,1.0,7.0,159.0,43.0,2.0,64.0,,15.0,2.0,43.0,18.0,5.0,48.0,46.0,210.0,5.0,37.0,1.0,2.8842,12.0,,,8.0,3.0,1.0,6.0,,2.0,,2.0,3.0,6.0,6.0,1.0,6.0,,1.0,,,,,,,,,,,,,,,,,,
212314,Sasa Lukic,Midfielder,Fulham,54,Serbia,2022-23,0.1405,0.0,,8.0,,21.0,12.0,4.0,25.0,216.0,,,9.0,,,409.0,26.0,,4.0,22.0,186.0,,3.0,9.6208,,3.0,10.0,58.0,,10.0,0.0,50.0,,57.0,28.0,12.0,,107.0,10.0,41.0,4.0,0.0,,209.0,,31.0,3.0,4.0,,,61.0,5.0,269.0,,1.0,85.0,,1.0,4.0,14.0,24.0,1.0,9.0,1.0,0.1124,3.0,,6.0,,,1.0,,,5.0,,3.0,,,19.0,4.0,,5.0,,1.0,,2.0,2.0,2.0,13.0,5.0,40.0,3.0,8.0,,0.143,2.0,,,2.0,1.0,,2.0,8.0,1.0,,1.0,1.0,2.0,,,,,,,,,,,,,,,,,,,,,,,
432931,Tyrese Francois,Midfielder,Wigan Athletic,111,Australia,2022-23,0.0002,0.0,,,,,1.0,,,2.0,,,,,,1.0,,,,,2.0,,,,,1.0,,1.0,,,0.0,1.0,,,1.0,1.0,,1.0,,1.0,,0.0,,2.0,,1.0,,,,,1.0,,5.0,,,1.0,,0.0,,,1.0,,,,,,,,,,,,,,,,,,1.0,,,,,,,,,,,,,,,,,,,,,,,,1.0,,,,,,,,,,,,,,,,,,,,,,,,,,,,
515024,Luke Harris,Midfielder,Fulham,54,Wales,2022-23,0.0069,0.0,,,,,3.0,,,13.0,,,,,,10.0,,,,,13.0,,1.0,0.9915,,,1.0,6.0,,,0.0,2.0,,1.0,,3.0,,7.0,1.0,2.0,,0.0,,13.0,,2.0,,,,,3.0,,15.0,,,6.0,,0.0,,,2.0,,,,,,,,,,,,,,,,,,2.0,,,,,,,1.0,,,1.0,,3.0,,1.0,,,,,,,1.0,,,3.0,,,,1.0,,,,,,,,,,,,,,,,,,,,,,,,
511504,Kristian Sekularac,Midfielder,Fulham U21,12971,Switzerland,2022-23,,0.0,,,,,,,,,,,,,,,,,,,,,,,,,,,,,,,,,,,,,,,,0.0,,,,,,,,,,,,,,,,0.0,,,,,,,,,,,,,,,,,,,,,,,,,,,,,,,,,,,,,,,,,,,,,,,,,,,,,,,,,,,,,,,,,,,,,,,,,
515023,Matt Dibley-Dias,Midfielder,Fulham U21,12971,New Zealand,2022-23,,0.0,,,,,,,,,,,,,,,,,,,,,,,,,,,,,,,,,,,,,,,,0.0,,,,,,,,,,,,,,,,0.0,,,,,,,,,,,,,,,,,,,,,,,,,,,,,,,,,,,,,,,,,,,,,,,,,,,,,,,,,,,,,,,,,,,,,,,,,
128389,Aleksandar Mitrovic,Forward,Fulham,54,Serbia,2022-23,1.3256,0.0,,14.0,,178.0,24.0,23.0,193.0,489.0,,,207.0,3.0,,2011.0,180.0,2.0,41.0,80.0,273.0,,2.0,30.749,1.0,20.0,30.0,149.0,,40.0,2.0,405.0,,128.0,55.0,24.0,,195.0,28.0,198.0,100.0,0.0,,482.0,20.0,344.0,7.0,26.0,,,108.0,23.0,937.0,2.0,3.0,102.0,,7.0,15.0,41.0,225.0,1.0,54.0,35.0,13.6168,76.0,1.0,23.0,14.0,6.0,1.0,16.0,16.0,107.0,,154.0,,15.0,118.0,17.0,8.0,7.0,1.0,22.0,6.0,80.0,41.0,5.0,34.0,3.0,104.0,9.0,11.0,1.0,14.9765,17.0,2.0,4.0,18.0,3.0,14.0,4.0,1.0,5.0,1.0,5.0,3.0,4.0,13.0,7.0,13.0,,,7.0,1.0,,,,,,,8.0,4.0,2.0,,,,,,,
235674,Manor Solomon,Forward,Tottenham Hotspur,6,Israel,2022-23,0.6834,0.0,,21.0,,25.0,19.0,4.0,27.0,199.0,,,6.0,,,562.0,47.0,1.0,12.0,44.0,169.0,,1.0,12.7719,,2.0,11.0,74.0,,4.0,1.0,88.0,,44.0,46.0,19.0,,123.0,10.0,82.0,3.0,0.0,,198.0,1.0,73.0,12.0,19.0,,,13.0,3.0,331.0,2.0,2.0,50.0,,0.0,2.0,12.0,41.0,1.0,14.0,7.0,2.2148,9.0,,6.0,4.0,2.0,1.0,,,3.0,,11.0,,6.0,38.0,8.0,2.0,9.0,1.0,15.0,1.0,26.0,2.0,,5.0,5.0,68.0,3.0,,,1.269,2.0,2.0,1.0,4.0,3.0,2.0,2.0,15.0,3.0,1.0,3.0,3.0,2.0,,2.0,,,,,,,,,,,,,,,,,,,,,
96994,Bobby De Cordova-Reid,Forward,Leicester City,13,Jamaica,2022-23,1.5515,0.0,,41.0,,175.0,36.0,29.0,216.0,782.0,,,53.0,2.0,,2480.0,95.0,4.0,57.0,83.0,545.0,,3.0,44.4752,5.0,26.0,40.0,95.0,,22.0,1.0,250.0,,260.0,134.0,36.0,,364.0,36.0,197.0,12.0,0.0,,776.0,14.0,387.0,24.0,20.0,,,254.0,21.0,1270.0,56.0,19.0,216.0,,8.0,41.0,56.0,155.0,14.0,61.0,10.0,2.2836,22.0,1.0,34.0,4.0,2.0,14.0,4.0,4.0,41.0,1.0,83.0,,18.0,114.0,22.0,2.0,17.0,,26.0,3.0,58.0,12.0,3.0,34.0,20.0,173.0,18.0,18.0,1.0,3.8432,9.0,4.0,1.0,9.0,39.0,11.0,,7.0,2.0,12.0,2.0,39.0,,9.0,1.0,9.0,,,1.0,2.0,,,,,,,,,2.0,,,,,,,
244042,Rodrigo Muniz,Forward,Fulham,54,Brazil,2022-23,,0.0,,,,,,,,,,,,,,,,,,,,,,,,,,,,,,,,,,,,,,,,0.0,,,,,,,,,,,,,,,,0.0,,,,,,,,,,,,,,,,,,,,,,,,,,,,,,,,,,,,,,,,,,,,,,,,,,,,,,,,,,,,,,,,,,,,,,,,,
47431,Willian,Forward,Fulham,54,Brazil,2022-23,3.0524,0.0,,13.0,,125.0,27.0,25.0,150.0,846.0,,,33.0,2.0,,2142.0,86.0,3.0,33.0,77.0,643.0,,3.0,29.3981,1.0,8.0,22.0,278.0,,24.0,2.0,186.0,,202.0,105.0,27.0,,508.0,19.0,153.0,9.0,0.0,,826.0,15.0,292.0,8.0,41.0,,,95.0,53.0,1196.0,2.0,8.0,202.0,,2.0,25.0,28.0,100.0,1.0,34.0,18.0,5.0836,28.0,5.0,15.0,5.0,1.0,14.0,7.0,7.0,24.0,,79.0,,46.0,76.0,13.0,4.0,5.0,2.0,21.0,,46.0,10.0,,11.0,9.0,271.0,19.0,5.0,1.0,3.3823,13.0,4.0,4.0,12.0,33.0,4.0,4.0,2.0,6.0,1.0,6.0,46.0,4.0,9.0,3.0,9.0,,,,2.0,13.0,3.0,3.0,11.0,0.1279,32.0,,,,,,,,1.0,,
245824,Carlos Vinícius,Forward,Fulham,54,Brazil,2022-23,0.7946,0.0,,5.0,,60.0,28.0,11.0,63.0,181.0,,,91.0,,,1101.0,53.0,2.0,19.0,26.0,118.0,,4.0,26.773,,9.0,20.0,22.0,,15.0,2.0,168.0,,52.0,22.0,28.0,,82.0,18.0,77.0,27.0,0.0,,174.0,9.0,149.0,2.0,6.0,,,53.0,,370.0,,1.0,37.0,,3.0,3.0,11.0,115.0,1.0,35.0,12.0,4.4142,17.0,2.0,14.0,5.0,2.0,1.0,7.0,7.0,64.0,,61.0,,6.0,51.0,7.0,3.0,3.0,2.0,7.0,1.0,30.0,5.0,,21.0,,54.0,4.0,3.0,2.0,3.3387,4.0,1.0,3.0,10.0,6.0,6.0,,17.0,,,,6.0,,4.0,2.0,4.0,,,3.0,,,,,,,,,,,,,,,,,
247664,Terry Ablade,Forward,Fulham U21,12971,Finland,2022-23,,0.0,,,,,,,,,,,,,,,,,,,,,,,,,,,,,,,,,,,,,,,,0.0,,,,,,,,,,,,,,,,0.0,,,,,,,,,,,,,,,,,,,,,,,,,,,,,,,,,,,,,,,,,,,,,,,,,,,,,,,,,,,,,,,,,,,,,,,,,
573062,Martial Godo,Forward,Fulham U21,12971,Cote d’Ivoire,2022-23,,0.0,,,,,,,,,,,,,,,,,,,,,,,,,,,,,,,,,,,,,,,,0.0,,,,,,,,,,,,,,,,0.0,,,,,,,,,,,,,,,,,,,,,,,,,,,,,,,,,,,,,,,,,,,,,,,,,,,,,,,,,,,,,,,,,,,,,,,,,
490146,Jay Stansfield,Forward,Birmingham City,41,England,2022-23,0.0264,0.0,,,,8.0,3.0,1.0,11.0,20.0,,,1.0,,,86.0,1.0,,6.0,1.0,9.0,,,1.5201,,1.0,2.0,,,1.0,0.0,7.0,,12.0,7.0,3.0,,5.0,2.0,6.0,,0.0,,20.0,1.0,20.0,,,,,3.0,,40.0,,3.0,4.0,,0.0,3.0,3.0,6.0,,,,,,,,,,,,,1.0,,7.0,,1.0,5.0,3.0,,,,,,2.0,,1.0,1.0,1.0,5.0,1.0,1.0,,0.2509,2.0,2.0,,2.0,3.0,,,2.0,,,,3.0,,2.0,,2.0,,,,1.0,,,,,,,,,,,,,,,,
437495,Illan Meslier,Goalkeeper,Leeds United,2,France,2022-23,0.0297,0.0,32.0,2.0,27.0,8.0,34.0,34.0,369.0,842.0,242.0,3.0,13.0,5.0,3.0,3060.0,18.0,7.0,2.0,8.0,352.0,22.0,3.0,54.8077,26.0,52.0,67.0,215.0,94.0,5.0,0.0,25.0,9.0,512.0,304.0,34.0,2.0,82.0,60.0,12.0,10.0,0.0,332.0,475.0,1.0,377.0,1.0,,104.0,26.0,115.0,121.0,1241.0,,132.0,391.0,65.0,3.0,361.0,64.0,7.0,,1.0,1.0,0.0615,1.0,,1.0,,,,1.0,1.0,3.0,,1.0,,,4.0,,,1.0,,,,1.0,,,1.0,1.0,,,1.0,,0.1181,,,,,,,,,,,,,,,,,,1.0,,,,,,,,,,,,,,,3.0,,,
223081,Kristoffer Klaesson,Goalkeeper,Leeds United,2,Norway,2022-23,,0.0,,,,,,,,,,,,,,,,,,,,,,,,,,,,,,,,,,,,,,,,0.0,,,,,,,,,,,,,,,,0.0,,,,,,,,,,,,,,,,,,,,,,,,,,,,,,,,,,,,,,,,,,,,,,,,,,,,,,,,,,,,,,,,,,,,,,,,,
78315,Joel Robles,Goalkeeper,Leeds United,2,Spain,2022-23,0.008,0.0,1.0,,4.0,,4.0,4.0,59.0,102.0,32.0,,3.0,,3.0,360.0,3.0,1.0,,,21.0,6.0,2.0,10.5242,3.0,8.0,11.0,5.0,16.0,,0.0,4.0,1.0,83.0,31.0,4.0,1.0,10.0,10.0,1.0,3.0,0.0,38.0,43.0,,59.0,,,14.0,5.0,14.0,22.0,150.0,,22.0,33.0,12.0,1.0,59.0,7.0,1.0,,,,,,,,,,,,,,,,,,1.0,,,,,,,,,,,,,,,,,,,,,,,,,,,,,,,,,,,,,,,,,,,,,,,,,,,,
66588,Luke Ayling,Defender,Middlesbrough,25,England,2022-23,2.2455,0.0,,66.0,,189.0,29.0,22.0,269.0,872.0,,,104.0,2.0,,2049.0,161.0,3.0,69.0,114.0,562.0,,4.0,39.4927,6.0,47.0,48.0,26.0,,35.0,0.0,303.0,,447.0,152.0,29.0,,327.0,45.0,199.0,47.0,0.0,,850.0,18.0,399.0,37.0,13.0,,,301.0,41.0,1486.0,170.0,21.0,289.0,,3.0,80.0,77.0,142.0,13.0,37.0,5.0,0.1801,15.0,1.0,25.0,2.0,1.0,13.0,3.0,3.0,57.0,1.0,56.0,,11.0,85.0,23.0,1.0,29.0,1.0,17.0,1.0,29.0,10.0,11.0,15.0,26.0,98.0,1.0,11.0,2.0,3.2351,9.0,1.0,,1.0,49.0,1.0,3.0,7.0,,20.0,,49.0,3.0,6.0,,6.0,,,,,,,,,,,,,,1.0,,,,,,
443967,Junior Firpo,Defender,Real Betis,185,Dominican Republic,2022-23,0.7464,1.0,,47.0,,105.0,19.0,14.0,136.0,502.0,,,33.0,1.0,,1367.0,78.0,4.0,34.0,61.0,357.0,,3.0,26.1677,3.0,29.0,33.0,130.0,,8.0,1.0,157.0,,270.0,87.0,19.0,,178.0,29.0,124.0,17.0,0.0,,494.0,2.0,196.0,25.0,6.0,,,37.0,9.0,829.0,83.0,12.0,193.0,,5.0,31.0,52.0,79.0,5.0,28.0,1.0,0.0321,1.0,1.0,15.0,1.0,0.0,5.0,,,16.0,1.0,14.0,,7.0,63.0,16.0,1.0,22.0,,9.0,,18.0,,7.0,24.0,24.0,65.0,3.0,14.0,1.0,0.1114,1.0,1.0,1.0,1.0,7.0,,,5.0,,23.0,,7.0,,1.0,1.0,1.0,,,,,,,,,,,,,1.0,,,,,,1.0,
193645,Robin Koch,Defender,Eintracht Frankfurt,159,Germany,2022-23,0.466,0.0,,53.0,,201.0,36.0,36.0,360.0,1589.0,,,180.0,5.0,,3177.0,182.0,7.0,48.0,71.0,1139.0,,5.0,62.9319,16.0,147.0,74.0,292.0,,17.0,0.0,321.0,,788.0,193.0,36.0,,446.0,67.0,141.0,111.0,0.0,,1543.0,3.0,383.0,30.0,1.0,,,427.0,90.0,2002.0,,60.0,783.0,,7.0,159.0,129.0,139.0,,68.0,4.0,0.3499,13.0,,35.0,,,,4.0,4.0,69.0,,32.0,1.0,6.0,70.0,23.0,,23.0,,2.0,,3.0,9.0,21.0,35.0,43.0,82.0,3.0,17.0,,1.5794,4.0,,2.0,,1.0,1.0,,,,,,1.0,,4.0,,4.0,,,,,,,,,,,,,,1.0,,,,,,
55914,Liam Cooper,Defender,Sheffield Wednesday,19,Scotland,2022-23,0.3254,0.0,,38.0,,97.0,18.0,16.0,167.0,784.0,,,88.0,2.0,,1427.0,105.0,2.0,11.0,49.0,580.0,,1.0,25.1545,7.0,56.0,32.0,207.0,,10.0,0.0,164.0,,349.0,107.0,18.0,,201.0,30.0,76.0,56.0,0.0,,755.0,,181.0,23.0,1.0,,,185.0,37.0,994.0,2.0,25.0,417.0,,5.0,70.0,61.0,59.0,1.0,37.0,3.0,0.1203,8.0,,22.0,1.0,0.0,1.0,2.0,2.0,32.0,,21.0,,5.0,27.0,8.0,1.0,15.0,,1.0,1.0,2.0,5.0,8.0,12.0,34.0,43.0,2.0,8.0,,0.9965,2.0,1.0,,,,,1.0,2.0,,2.0,,,1.0,1.0,,1.0,,1.0,,,,,,,,,,,,,,,,,,
149915,Diego Llorente,Defender,Real Betis,185,Spain,2022-23,0.039,0.0,,13.0,,39.0,8.0,7.0,71.0,427.0,1.0,,25.0,1.0,,648.0,35.0,2.0,6.0,17.0,333.0,,1.0,11.3932,4.0,24.0,12.0,157.0,,2.0,0.0,54.0,,140.0,57.0,8.0,,104.0,10.0,29.0,18.0,0.0,1.0,416.0,,81.0,10.0,2.0,,,98.0,23.0,513.0,,12.0,252.0,,1.0,32.0,33.0,19.0,,15.0,,,5.0,,6.0,,,,,,7.0,,6.0,,,12.0,4.0,,3.0,,1.0,,2.0,5.0,2.0,6.0,15.0,32.0,,2.0,,0.7203,1.0,,,,1.0,,,1.0,,,,1.0,,1.0,,1.0,,,,,,,,,,,,,,,,,,,,
222694,Pascal Struijk,Defender,Leeds United,2,Netherlands,2022-23,1.2094,0.0,,84.0,,176.0,29.0,26.0,220.0,1072.0,,,103.0,4.0,,2205.0,165.0,6.0,46.0,105.0,827.0,,3.0,43.6337,3.0,64.0,52.0,319.0,,12.0,0.0,285.0,,534.0,139.0,29.0,,419.0,46.0,182.0,60.0,0.0,,1044.0,9.0,319.0,57.0,9.0,,,83.0,25.0,1678.0,189.0,19.0,438.0,,5.0,44.0,75.0,120.0,5.0,58.0,7.0,1.7948,10.0,1.0,38.0,2.0,1.0,5.0,5.0,5.0,43.0,2.0,31.0,,13.0,77.0,20.0,1.0,27.0,1.0,7.0,1.0,19.0,3.0,12.0,29.0,32.0,136.0,6.0,17.0,1.0,1.3871,6.0,1.0,,1.0,16.0,,2.0,3.0,,33.0,,16.0,2.0,4.0,,4.0,,,,,,,,,,,,,,1.0,,,,,,
224209,Rasmus Kristensen,Defender,Leeds United,2,Denmark,2022-23,0.8986,0.0,,62.0,,187.0,26.0,21.0,256.0,833.0,,,61.0,1.0,,1961.0,109.0,5.0,56.0,75.0,546.0,,3.0,43.8569,5.0,55.0,53.0,44.0,,6.0,1.0,201.0,,438.0,119.0,26.0,,288.0,48.0,140.0,34.0,0.0,,826.0,8.0,324.0,35.0,7.0,,,240.0,31.0,1309.0,157.0,33.0,295.0,,4.0,69.0,88.0,92.0,6.0,21.0,5.0,0.1251,11.0,1.0,13.0,3.0,2.0,6.0,2.0,2.0,27.0,,24.0,,8.0,65.0,18.0,1.0,27.0,,7.0,,12.0,6.0,14.0,19.0,35.0,111.0,4.0,9.0,,0.8595,2.0,,,,29.0,1.0,1.0,5.0,,17.0,,29.0,1.0,1.0,3.0,1.0,,3.0,,,,,,,,,,,,1.0,,,,,,
477547,Leo Hjelde,Defender,Sunderland U21,12938,Norway,2022-23,,0.0,,,,,,,,,,,,,,,,,,,,,,,,,,,,,,,,,,,,,,,,0.0,,,,,,,,,,,,,,,,0.0,,,,,,,,,,,,,,,,,,,,,,,,,,,,,,,,,,,,,,,,,,,,,,,,,,,,,,,,,,,,,,,,,,,,,,,,,
491008,Diogo Monteiro,Defender,Leeds United U21,17017,Portugal,2022-23,,0.0,,,,,,,,,,,,,,,,,,,,,,,,,,,,,,,,,,,,,,,,0.0,,,,,,,,,,,,,,,,0.0,,,,,,,,,,,,,,,,,,,,,,,,,,,,,,,,,,,,,,,,,,,,,,,,,,,,,,,,,,,,,,,,,,,,,,,,,
433590,Cody Drameh,Defender,Hull City,88,England,2022-23,0.0104,0.0,,5.0,,6.0,1.0,1.0,7.0,31.0,,,1.0,,,70.0,7.0,2.0,1.0,6.0,23.0,,1.0,2.1258,,1.0,3.0,,,,0.0,10.0,,13.0,5.0,1.0,,16.0,1.0,9.0,1.0,0.0,,30.0,,10.0,4.0,1.0,,,10.0,1.0,48.0,6.0,1.0,8.0,,0.0,1.0,3.0,3.0,,1.0,,,,,1.0,,,,,,,,,,,3.0,,,1.0,,,,1.0,,,1.0,1.0,8.0,1.0,1.0,,,,,,,1.0,,,,,,,1.0,,,,,,,,,,,,,,,,,,,,,,,,
220087,Max Wöber,Defender,Leeds United,2,Austria,2022-23,0.3785,0.0,,25.0,,113.0,16.0,14.0,185.0,644.0,,,49.0,2.0,,1263.0,53.0,2.0,28.0,26.0,418.0,,2.0,21.9667,8.0,64.0,23.0,186.0,,1.0,0.0,100.0,,321.0,75.0,16.0,,182.0,21.0,51.0,27.0,0.0,,631.0,7.0,210.0,18.0,,,,90.0,41.0,873.0,22.0,27.0,279.0,,3.0,72.0,62.0,47.0,2.0,34.0,2.0,0.3958,5.0,,22.0,,,2.0,2.0,2.0,22.0,1.0,17.0,,6.0,25.0,18.0,,7.0,,1.0,,3.0,3.0,14.0,15.0,27.0,47.0,2.0,12.0,,0.7577,4.0,,,,5.0,1.0,1.0,2.0,,8.0,,5.0,1.0,3.0,,3.0,,,,,,1.0,1.0,,0.1042,,,,,2.0,,,,,,
470296,Jeremiah Chilokoa-Mullen,Defender,Leeds United U21,17017,Scotland,2022-23,,0.0,,,,,,,,,,,,,,,,,,,,,,,,,,,,,,,,,,,,,,,,0.0,,,,,,,,,,,,,,,,0.0,,,,,,,,,,,,,,,,,,,,,,,,,,,,,,,,,,,,,,,,,,,,,,,,,,,,,,,,,,,,,,,,,,,,,,,,,
80179,Adam Forshaw,Midfielder,Blackburn Rovers U21,12936,England,2022-23,0.6416,0.0,,12.0,,22.0,12.0,5.0,35.0,222.0,,,8.0,,,477.0,27.0,1.0,12.0,25.0,173.0,,1.0,12.1335,3.0,2.0,13.0,66.0,,5.0,0.0,60.0,,82.0,37.0,12.0,,115.0,12.0,52.0,2.0,0.0,,214.0,1.0,66.0,9.0,8.0,,,44.0,14.0,314.0,2.0,3.0,79.0,,0.0,13.0,11.0,33.0,2.0,15.0,,,,,6.0,,,7.0,,,6.0,,1.0,,8.0,27.0,8.0,,3.0,,3.0,,11.0,,1.0,6.0,4.0,30.0,4.0,6.0,,0.027,1.0,1.0,,1.0,6.0,,1.0,7.0,,,,13.0,1.0,,,,,,,,3.0,,,5.0,,9.0,,,,,,,,,,
427637,Brenden Aaronson,Midfielder,Leeds United,2,United States,2022-23,2.5888,0.0,,44.0,,138.0,36.0,28.0,150.0,719.0,,,47.0,1.0,,2384.0,143.0,6.0,67.0,135.0,561.0,,3.0,47.3334,,6.0,58.0,166.0,,55.0,1.0,364.0,,186.0,128.0,36.0,,424.0,52.0,317.0,8.0,0.0,,684.0,25.0,411.0,18.0,36.0,,,178.0,8.0,1305.0,4.0,6.0,164.0,,2.0,12.0,34.0,221.0,4.0,78.0,9.0,1.6167,29.0,3.0,28.0,1.0,0.0,19.0,5.0,5.0,39.0,,81.0,,43.0,182.0,40.0,1.0,26.0,,48.0,,130.0,20.0,3.0,16.0,5.0,189.0,20.0,9.0,1.0,3.8814,12.0,5.0,8.0,24.0,23.0,6.0,2.0,8.0,3.0,1.0,3.0,53.0,2.0,10.0,1.0,10.0,1.0,,1.0,4.0,9.0,2.0,2.0,23.0,0.0552,38.0,,,,,,,,,,
234370,Marc Roca,Midfielder,Real Betis,185,Spain,2022-23,2.5537,0.0,,65.0,,180.0,32.0,29.0,250.0,1211.0,,,32.0,,,2329.0,129.0,8.0,41.0,110.0,893.0,,3.0,48.0319,2.0,23.0,60.0,270.0,,29.0,0.0,264.0,,506.0,169.0,32.0,,556.0,52.0,232.0,19.0,0.0,,1158.0,16.0,379.0,40.0,17.0,,,270.0,68.0,1649.0,3.0,9.0,419.0,,7.0,70.0,60.0,135.0,3.0,51.0,13.0,1.4067,21.0,2.0,23.0,1.0,1.0,14.0,3.0,3.0,13.0,,30.0,,31.0,122.0,24.0,0.0,25.0,1.0,10.0,,36.0,8.0,10.0,40.0,23.0,165.0,17.0,28.0,1.0,2.1188,14.0,,7.0,6.0,27.0,,7.0,3.0,9.0,,9.0,62.0,7.0,7.0,,7.0,,,,,10.0,4.0,4.0,26.0,0.2309,40.0,,,,1.0,,,,,,
450070,Crysencio Summerville,Forward,West Ham United,21,Netherlands,2022-23,1.1068,0.0,,30.0,,76.0,28.0,12.0,87.0,393.0,,,22.0,,,1416.0,100.0,3.0,33.0,95.0,299.0,,2.0,30.1949,,8.0,38.0,83.0,,41.0,2.0,209.0,,123.0,90.0,28.0,,213.0,35.0,187.0,5.0,0.0,,388.0,9.0,209.0,20.0,24.0,,,64.0,7.0,725.0,,5.0,95.0,,4.0,11.0,18.0,109.0,2.0,40.0,9.0,2.8952,18.0,2.0,20.0,4.0,2.0,2.0,4.0,4.0,17.0,,73.0,,14.0,92.0,18.0,2.0,10.0,1.0,22.0,,58.0,9.0,2.0,22.0,13.0,123.0,5.0,14.0,1.0,2.8445,11.0,3.0,1.0,9.0,12.0,8.0,3.0,16.0,1.0,1.0,1.0,12.0,3.0,8.0,3.0,8.0,,,2.0,,,,,,,3.0,,,1.0,,,,,,,
221399,Jack Harrison,Forward,Leeds United,2,England,2022-23,5.0536,0.0,,41.0,,226.0,36.0,34.0,271.0,933.0,,,47.0,2.0,,2725.0,134.0,5.0,100.0,129.0,638.0,,3.0,48.5789,2.0,22.0,55.0,223.0,,37.0,0.0,371.0,,311.0,174.0,36.0,,507.0,50.0,324.0,5.0,0.0,,908.0,27.0,636.0,17.0,51.0,,,185.0,24.0,1706.0,23.0,15.0,202.0,,2.0,45.0,49.0,237.0,22.0,76.0,14.0,4.0655,27.0,7.0,25.0,5.0,1.0,47.0,6.0,6.0,42.0,,88.0,,48.0,195.0,45.0,4.0,24.0,3.0,57.0,,118.0,13.0,2.0,38.0,22.0,214.0,23.0,26.0,1.0,4.7202,12.0,8.0,4.0,17.0,82.0,3.0,3.0,2.0,3.0,1.0,3.0,139.0,3.0,9.0,2.0,9.0,,,3.0,1.0,20.0,3.0,3.0,38.0,0.1347,68.0,,,,,,,,,,
200785,Tyler Adams,Midfielder,Bournemouth,91,United States,2022-23,1.0188,1.0,,87.0,,182.0,24.0,24.0,233.0,1327.0,,,41.0,5.0,,2157.0,141.0,4.0,64.0,115.0,1053.0,,2.0,31.2895,5.0,25.0,36.0,276.0,,21.0,0.0,253.0,,483.0,199.0,24.0,,573.0,32.0,212.0,26.0,0.0,,1269.0,1.0,293.0,46.0,8.0,,,371.0,41.0,1697.0,14.0,24.0,521.0,,4.0,51.0,80.0,112.0,,75.0,,,2.0,,35.0,,,,,,15.0,,6.0,,24.0,97.0,40.0,,41.0,,12.0,,30.0,2.0,8.0,37.0,35.0,197.0,,22.0,2.0,0.1124,2.0,,1.0,9.0,2.0,1.0,2.0,,,,,2.0,2.0,,,,,,,,,,,,,,,,,1.0,,,,,1.0,
470294,Darko Gyabi,Midfielder,Leeds United,2,England,2022-23,0.005,0.0,,2.0,,,1.0,,,4.0,,,,,,7.0,3.0,,2.0,3.0,4.0,,,,,,,2.0,,1.0,0.0,3.0,,1.0,3.0,1.0,,2.0,,3.0,,0.0,,4.0,,1.0,2.0,,,,,,11.0,,,2.0,,0.0,,,,,,,,,,,,,,,,,,2.0,,,,2.0,,,,,,,,,,,1.0,,,,0.0637,1.0,,,,,,,1.0,,,,,,1.0,,1.0,,,,,,,,,,,,,,,,,,,,
200617,Daniel James,Midfielder,Leeds United,2,Wales,2022-23,0.5087,0.0,,16.0,,51.0,24.0,7.0,56.0,190.0,,,19.0,,,809.0,44.0,1.0,28.0,43.0,132.0,,2.0,18.5626,,6.0,18.0,36.0,,20.0,0.0,94.0,,44.0,42.0,24.0,,106.0,17.0,75.0,1.0,0.0,,190.0,8.0,115.0,8.0,7.0,,,58.0,2.0,356.0,4.0,2.0,34.0,,0.0,5.0,14.0,50.0,6.0,28.0,4.0,1.8533,13.0,1.0,11.0,2.0,1.0,6.0,1.0,1.0,18.0,,37.0,,7.0,32.0,8.0,1.0,8.0,1.0,5.0,,19.0,9.0,1.0,4.0,3.0,52.0,7.0,2.0,1.0,1.6416,4.0,1.0,,3.0,26.0,2.0,,17.0,,,,26.0,,4.0,1.0,4.0,1.0,,2.0,2.0,,,,,,,,,1.0,,,,,,,
241519,Weston McKennie,Midfielder,Juventus,128,United States,2022-23,0.547,0.0,,30.0,,116.0,19.0,16.0,131.0,590.0,,,48.0,1.0,,1439.0,71.0,4.0,35.0,46.0,431.0,,2.0,28.3773,1.0,26.0,35.0,121.0,,5.0,0.0,163.0,,231.0,95.0,19.0,,277.0,31.0,115.0,25.0,0.0,,580.0,5.0,214.0,13.0,11.0,,,158.0,28.0,851.0,10.0,4.0,185.0,,7.0,15.0,38.0,92.0,3.0,44.0,2.0,0.3924,10.0,1.0,20.0,,,3.0,2.0,2.0,23.0,,17.0,,12.0,69.0,19.0,,17.0,,4.0,,29.0,8.0,3.0,21.0,22.0,80.0,7.0,10.0,,0.7831,3.0,1.0,4.0,9.0,6.0,1.0,1.0,3.0,,16.0,,6.0,1.0,2.0,,2.0,,,1.0,,,,,,,,,,,1.0,,,,,,
547701,Archie Gray,Midfielder,Tottenham Hotspur,6,England,2022-23,,0.0,,,,,,,,,,,,,,,,,,,,,,,,,,,,,,,,,,,,,,,,0.0,,,,,,,,,,,,,,,,0.0,,,,,,,,,,,,,,,,,,,,,,,,,,,,,,,,,,,,,,,,,,,,,,,,,,,,,,,,,,,,,,,,,,,,,,,,,
106617,Patrick Bamford,Forward,Leeds United,2,England,2022-23,0.8562,0.0,,9.0,,95.0,28.0,18.0,98.0,326.0,,,79.0,,,1521.0,83.0,3.0,17.0,47.0,228.0,,2.0,27.3945,,13.0,31.0,55.0,,27.0,0.0,204.0,,86.0,50.0,28.0,,144.0,28.0,125.0,36.0,0.0,,289.0,10.0,200.0,6.0,11.0,,,79.0,,605.0,1.0,2.0,84.0,,3.0,3.0,17.0,121.0,,60.0,17.0,4.8791,36.0,2.0,17.0,4.0,2.0,,10.0,10.0,43.0,,88.0,,10.0,78.0,7.0,2.0,3.0,1.0,19.0,2.0,40.0,19.0,5.0,25.0,5.0,106.0,16.0,11.0,2.0,8.3788,14.0,,1.0,21.0,5.0,18.0,4.0,10.0,3.0,,3.0,5.0,4.0,10.0,1.0,10.0,,,11.0,,,1.0,1.0,,0.0569,,2.0,,,,,,,,,
496228,Sonny Perkins,Forward,Leyton Orient,85,England,2022-23,,0.0,,,,,,,,,,,,,,,,,,,,,,,,,,,,,,,,,,,,,,,,0.0,,,,,,,,,,,,,,,,0.0,,,,,,,,,,,,,,,,,,,,,,,,,,,,,,,,,,,,,,,,,,,,,,,,,,,,,,,,,,,,,,,,,,,,,,,,,
80954,Rodrigo,Forward,Leeds United,2,Spain,2022-23,1.297,0.0,,24.0,,124.0,31.0,23.0,142.0,517.0,,,100.0,,,1943.0,81.0,3.0,21.0,47.0,352.0,,3.0,36.6677,2.0,21.0,43.0,85.0,,11.0,0.0,226.0,,105.0,66.0,31.0,,194.0,40.0,126.0,34.0,0.0,,471.0,21.0,258.0,10.0,12.0,,,149.0,23.0,845.0,7.0,4.0,188.0,,6.0,18.0,33.0,145.0,7.0,42.0,27.0,6.9409,47.0,1.0,18.0,13.0,8.0,7.0,11.0,11.0,66.0,,114.0,,15.0,79.0,12.0,5.0,14.0,9.0,15.0,3.0,39.0,20.0,4.0,29.0,6.0,178.0,16.0,20.0,1.0,8.0485,20.0,1.0,4.0,28.0,14.0,10.0,7.0,8.0,3.0,,3.0,14.0,7.0,13.0,1.0,13.0,,,4.0,,,2.0,2.0,,0.1454,2.0,1.0,1.0,,,,,,,,
224995,Luis Sinisterra,Forward,Bournemouth,91,Colombia,2022-23,0.8783,1.0,,21.0,,55.0,19.0,13.0,61.0,329.0,,,36.0,,,875.0,70.0,4.0,19.0,52.0,259.0,,2.0,15.501,,2.0,23.0,118.0,,12.0,1.0,150.0,,73.0,65.0,19.0,,185.0,19.0,114.0,18.0,0.0,,329.0,5.0,124.0,14.0,19.0,,,39.0,9.0,523.0,3.0,4.0,85.0,,1.0,6.0,18.0,80.0,2.0,30.0,11.0,2.409,22.0,,10.0,5.0,1.0,2.0,5.0,5.0,18.0,1.0,36.0,,9.0,62.0,10.0,4.0,7.0,1.0,17.0,1.0,40.0,11.0,1.0,14.0,8.0,99.0,12.0,10.0,,3.6942,6.0,2.0,2.0,17.0,5.0,5.0,3.0,6.0,1.0,,1.0,5.0,3.0,3.0,3.0,3.0,,,3.0,1.0,,,,,,,,,,,,,,,1.0,
463067,Georginio Rutter,Forward,Brighton and Hove Albion,36,France,2022-23,0.2154,0.0,,10.0,,30.0,11.0,1.0,30.0,61.0,,,20.0,,,264.0,36.0,1.0,10.0,25.0,30.0,,,6.7597,,3.0,9.0,17.0,,6.0,0.0,80.0,,23.0,7.0,11.0,,26.0,8.0,60.0,11.0,0.0,,59.0,5.0,76.0,9.0,9.0,,,12.0,1.0,154.0,,,5.0,,0.0,,6.0,44.0,,9.0,,,2.0,1.0,4.0,,,,,,9.0,,21.0,,3.0,35.0,5.0,,1.0,,13.0,,27.0,2.0,,5.0,3.0,9.0,1.0,2.0,,0.3885,2.0,3.0,1.0,1.0,,1.0,1.0,10.0,,,,,1.0,1.0,,1.0,,,,,,,,,,,,,,,,,,,,
492859,Wilfried Gnonto,Forward,Leeds United,2,Italy,2022-23,2.1855,0.0,,27.0,,92.0,24.0,14.0,104.0,453.0,,,26.0,1.0,,1348.0,96.0,2.0,58.0,88.0,346.0,,2.0,23.7039,,3.0,28.0,143.0,,39.0,0.0,224.0,,108.0,82.0,24.0,,256.0,26.0,198.0,8.0,0.0,,443.0,16.0,241.0,17.0,22.0,,,56.0,3.0,794.0,13.0,9.0,101.0,,7.0,12.0,30.0,128.0,8.0,44.0,8.0,1.8761,14.0,4.0,22.0,2.0,1.0,8.0,5.0,5.0,18.0,,46.0,,18.0,110.0,23.0,1.0,10.0,1.0,43.0,,62.0,6.0,1.0,28.0,5.0,146.0,7.0,15.0,,1.854,8.0,7.0,4.0,9.0,31.0,3.0,4.0,10.0,1.0,,1.0,34.0,4.0,4.0,1.0,4.0,1.0,,1.0,,,,,3.0,,10.0,,,,,,,,,,
462635,Joe Gelhardt,Forward,Leeds United,2,England,2022-23,0.4205,0.0,,5.0,,20.0,15.0,1.0,21.0,64.0,,,16.0,,,201.0,19.0,2.0,9.0,14.0,43.0,,1.0,2.7357,,4.0,3.0,15.0,,8.0,0.0,53.0,,13.0,9.0,15.0,,32.0,1.0,37.0,5.0,0.0,,61.0,2.0,47.0,2.0,1.0,,,21.0,,132.0,,1.0,11.0,,1.0,1.0,6.0,34.0,,4.0,2.0,0.6764,6.0,2.0,4.0,,,,2.0,2.0,11.0,,14.0,,,23.0,5.0,,3.0,,7.0,,14.0,4.0,,6.0,,15.0,2.0,2.0,,0.8424,4.0,,1.0,3.0,1.0,,2.0,14.0,,,,1.0,2.0,2.0,,2.0,,,2.0,,,1.0,1.0,,0.0512,,,,,,,,,,,
248937,Sam Greenwood,Forward,Leeds United,2,England,2022-23,1.0665,0.0,,15.0,,30.0,18.0,3.0,53.0,141.0,,,8.0,,,412.0,22.0,1.0,10.0,21.0,82.0,,1.0,8.457,1.0,,11.0,30.0,,3.0,0.0,64.0,,61.0,31.0,18.0,,74.0,10.0,56.0,1.0,0.0,,136.0,3.0,96.0,7.0,3.0,,,36.0,6.0,269.0,1.0,10.0,32.0,,1.0,23.0,11.0,42.0,,12.0,2.0,0.7006,7.0,2.0,2.0,1.0,0.0,18.0,,,7.0,,5.0,,11.0,35.0,8.0,1.0,8.0,1.0,4.0,,11.0,5.0,2.0,11.0,1.0,14.0,2.0,10.0,,0.9014,5.0,,,,7.0,,3.0,15.0,1.0,1.0,1.0,25.0,3.0,2.0,,2.0,,,,,15.0,5.0,5.0,11.0,0.486,26.0,,,,,,,,,,
565297,Mateo Joseph,Forward,Leeds United,2,Spain,2022-23,0.0004,0.0,,,,1.0,3.0,,1.0,3.0,,,,,,24.0,,,1.0,,2.0,,,0.3056,,1.0,,1.0,,,0.0,4.0,,,,3.0,,2.0,,4.0,,0.0,,3.0,,6.0,,,,,1.0,,13.0,,,,,0.0,,,4.0,,,1.0,0.1864,1.0,,,,,,1.0,1.0,,,2.0,,,4.0,1.0,,,,1.0,,4.0,,,,,1.0,,,,0.1154,,,,,,,,3.0,,,,,,,,,,,1.0,,,,,,,,,,,,,,,,,
95463,Danny Ward,Goalkeeper,Wrexham,109,Wales,2022-23,0.017,0.0,17.0,1.0,25.0,8.0,26.0,26.0,232.0,786.0,190.0,3.0,4.0,6.0,3.0,2340.0,9.0,10.0,2.0,5.0,435.0,5.0,2.0,37.6208,21.0,19.0,46.0,200.0,78.0,5.0,0.0,11.0,5.0,348.0,214.0,26.0,3.0,65.0,36.0,7.0,4.0,0.0,286.0,499.0,,237.0,1.0,,58.0,23.0,238.0,119.0,1074.0,,87.0,489.0,52.0,0.0,224.0,55.0,2.0,,,,,,,,,,,,,,,,,,2.0,,,,,,,,,,,,,,,,,,,,,,,,,,,,,,,,,,,,,,,,,,,,,,,1.0,1.0,2.0,,,
45220,Alex Smithies,Goalkeeper,Leicester City,13,England,2022-23,,0.0,,,,,,,,,,,,,,,,,,,,,,,,,,,,,,,,,,,,,,,,0.0,,,,,,,,,,,,,,,,0.0,,,,,,,,,,,,,,,,,,,,,,,,,,,,,,,,,,,,,,,,,,,,,,,,,,,,,,,,,,,,,,,,,,,,,,,,,
207270,Daniel Iversen,Goalkeeper,Preston North End,107,Denmark,2022-23,0.0085,0.0,12.0,,14.0,1.0,12.0,12.0,162.0,326.0,114.0,3.0,3.0,1.0,2.0,1080.0,3.0,8.0,1.0,,118.0,3.0,2.0,19.1272,7.0,9.0,22.0,49.0,38.0,,0.0,3.0,1.0,218.0,83.0,12.0,3.0,34.0,14.0,,3.0,0.0,104.0,142.0,,165.0,,,59.0,15.0,59.0,46.0,442.0,,34.0,130.0,24.0,0.0,161.0,22.0,,,1.0,,,,,1.0,,,,,,,,,1.0,,,,,,,,,,,,,,,,,,,,,,,,,,,,,,,,,,,,,,,,,,,,,,,,,,,2.0,,,
220627,James Justin,Defender,Leeds United,2,England,2022-23,0.4717,0.0,,20.0,,89.0,14.0,14.0,126.0,682.0,,,55.0,4.0,,1254.0,78.0,8.0,37.0,55.0,529.0,,1.0,20.8794,2.0,36.0,25.0,211.0,,29.0,0.0,144.0,,246.0,64.0,14.0,,251.0,17.0,89.0,23.0,0.0,,666.0,4.0,184.0,18.0,6.0,,,68.0,27.0,1023.0,104.0,14.0,312.0,,0.0,37.0,44.0,66.0,7.0,28.0,,,3.0,,16.0,,,7.0,,,32.0,,9.0,,7.0,34.0,18.0,,2.0,,11.0,,17.0,3.0,6.0,8.0,15.0,157.0,2.0,3.0,,0.3077,2.0,,,2.0,14.0,2.0,2.0,,,10.0,,14.0,2.0,,,,,,,,,,,,,,,,1.0,1.0,,,,,,
218218,Wout Faes,Defender,Monaco,146,Belgium,2022-23,0.5876,1.0,,56.0,,151.0,31.0,31.0,262.0,1842.0,5.0,,99.0,7.0,,2787.0,140.0,14.0,26.0,82.0,1503.0,,3.0,44.04,10.0,111.0,51.0,690.0,,17.0,1.0,229.0,,662.0,184.0,31.0,,358.0,37.0,130.0,58.0,0.0,5.0,1789.0,,288.0,33.0,9.0,,,418.0,77.0,2227.0,1.0,37.0,1222.0,,4.0,111.0,99.0,89.0,,67.0,3.0,0.6738,11.0,2.0,42.0,1.0,0.0,,2.0,2.0,41.0,,19.0,2.0,7.0,48.0,16.0,1.0,23.0,,3.0,1.0,8.0,8.0,37.0,23.0,41.0,72.0,,14.0,1.0,1.2123,2.0,,2.0,,,,1.0,,,,,,1.0,1.0,,1.0,,1.0,,,,,,,,,,,,,,,,,1.0,
218031,Çaglar Söyüncü,Defender,Fenerbahçe,253,Turkey,2022-23,0.0243,0.0,,14.0,,34.0,7.0,6.0,65.0,306.0,2.0,,40.0,,,529.0,43.0,6.0,3.0,19.0,223.0,,2.0,11.3093,4.0,29.0,13.0,95.0,,4.0,0.0,69.0,,125.0,42.0,7.0,,56.0,7.0,29.0,24.0,0.0,2.0,292.0,,70.0,9.0,1.0,,,70.0,18.0,395.0,,9.0,185.0,,2.0,31.0,24.0,26.0,,11.0,2.0,0.2643,4.0,,5.0,1.0,0.0,,1.0,1.0,16.0,,8.0,,1.0,10.0,1.0,1.0,5.0,,,,,2.0,8.0,7.0,7.0,16.0,1.0,5.0,,0.4155,1.0,,,,,,,1.0,,,,,,1.0,1.0,1.0,,,,,,,,,,,,,,,,,,,,
37642,Jonny Evans,Defender,Manchester United,1,Northern Ireland,2022-23,0.1706,0.0,,13.0,,57.0,13.0,12.0,98.0,787.0,,,39.0,1.0,,1053.0,46.0,8.0,8.0,20.0,642.0,,1.0,20.6811,1.0,49.0,28.0,258.0,,7.0,0.0,71.0,,281.0,60.0,13.0,,226.0,20.0,32.0,26.0,0.0,,764.0,,104.0,5.0,,,,224.0,47.0,917.0,1.0,12.0,463.0,,1.0,41.0,35.0,25.0,,22.0,1.0,0.0518,1.0,,15.0,,,,1.0,1.0,13.0,,2.0,,1.0,12.0,4.0,,8.0,,,,,,11.0,9.0,18.0,24.0,2.0,8.0,,0.1656,,,,,,1.0,,1.0,,,,,,,,,,,,,,,,,,,,,,,,,,,,
194190,Harry Souttar,Defender,Leicester City,13,Australia,2022-23,0.1012,0.0,,15.0,,61.0,12.0,11.0,102.0,548.0,,,44.0,1.0,,991.0,61.0,3.0,7.0,23.0,425.0,,1.0,16.2912,1.0,45.0,19.0,115.0,,5.0,0.0,83.0,,225.0,45.0,12.0,,129.0,16.0,39.0,38.0,0.0,,531.0,1.0,110.0,9.0,3.0,,,184.0,21.0,674.0,2.0,12.0,317.0,,2.0,41.0,28.0,22.0,,15.0,2.0,0.1028,6.0,1.0,8.0,,,,2.0,2.0,6.0,,15.0,1.0,2.0,16.0,4.0,,6.0,,,,,4.0,12.0,5.0,12.0,24.0,,1.0,,1.3789,2.0,,1.0,,,1.0,,1.0,,,,,,2.0,,2.0,,,,2.0,,,,,,,,,,,,,,,,
481510,Victor Kristiansen,Defender,Leicester City,13,Denmark,2022-23,0.6195,0.0,,38.0,,76.0,12.0,11.0,111.0,364.0,,,24.0,,,894.0,63.0,7.0,28.0,54.0,239.0,,1.0,17.4583,4.0,22.0,21.0,108.0,,9.0,0.0,118.0,,185.0,53.0,12.0,,126.0,14.0,94.0,9.0,0.0,,357.0,4.0,195.0,23.0,7.0,,,20.0,14.0,638.0,66.0,15.0,135.0,,2.0,35.0,49.0,55.0,4.0,11.0,,,2.0,1.0,8.0,,,8.0,,,15.0,,4.0,,6.0,40.0,12.0,,15.0,,5.0,,15.0,2.0,4.0,17.0,3.0,51.0,4.0,10.0,,0.0916,1.0,1.0,1.0,,15.0,,,1.0,,34.0,,21.0,,1.0,,1.0,,,,1.0,4.0,,,6.0,,11.0,,,,,,,,,,
155569,Daniel Amartey,Defender,Besiktas,378,Ghana,2022-23,0.448,0.0,,18.0,,72.0,20.0,18.0,96.0,1107.0,,,60.0,5.0,,1610.0,58.0,6.0,9.0,24.0,981.0,,1.0,21.964,2.0,70.0,27.0,263.0,,3.0,0.0,100.0,,417.0,108.0,20.0,,300.0,21.0,40.0,34.0,0.0,,1092.0,1.0,114.0,8.0,3.0,,,365.0,30.0,1289.0,4.0,5.0,711.0,,1.0,24.0,44.0,42.0,,15.0,2.0,0.1386,6.0,,7.0,,,,1.0,1.0,26.0,1.0,9.0,,5.0,16.0,7.0,,10.0,,2.0,,6.0,4.0,17.0,7.0,8.0,62.0,2.0,4.0,,1.0566,,1.0,2.0,,,,,2.0,1.0,1.0,1.0,,,,,,,2.0,,,,,,,,,,,,,,,,,,
111931,Ricardo Pereira,Defender,Leicester City,13,Portugal,2022-23,0.6116,0.0,,11.0,,35.0,10.0,5.0,52.0,254.0,,,16.0,,,453.0,25.0,3.0,20.0,20.0,194.0,,,8.8052,,18.0,11.0,20.0,,4.0,0.0,54.0,,107.0,30.0,10.0,,98.0,8.0,38.0,5.0,0.0,,244.0,,82.0,7.0,5.0,,,79.0,8.0,399.0,46.0,10.0,108.0,,2.0,17.0,26.0,29.0,4.0,12.0,1.0,0.1522,1.0,1.0,6.0,1.0,1.0,4.0,,,11.0,,4.0,,6.0,18.0,6.0,0.0,4.0,,1.0,,4.0,,2.0,4.0,4.0,48.0,2.0,3.0,,0.1208,1.0,1.0,,,11.0,,1.0,5.0,,4.0,,12.0,1.0,,1.0,,,,,,,,,,,,,,,,,,,,,
93100,Jannik Vestergaard,Defender,Leicester City,13,Denmark,2022-23,,0.0,,,,,,,,,,,,,,,,,,,,,,,,,,,,,,,,,,,,,,,,0.0,,,,,,,,,,,,,,,,0.0,,,,,,,,,,,,,,,,,,,,,,,,,,,,,,,,,,,,,,,,,,,,,,,,,,,,,,,,,,,,,,,,,,,,,,,,,
166477,Timothy Castagne,Defender,Fulham,54,Belgium,2022-23,2.194,0.0,,87.0,,222.0,37.0,36.0,290.0,1504.0,,,117.0,7.0,,3256.0,170.0,18.0,80.0,115.0,1175.0,,4.0,53.3713,8.0,94.0,63.0,137.0,,15.0,1.0,333.0,,548.0,202.0,37.0,,597.0,45.0,216.0,55.0,0.0,,1487.0,14.0,434.0,44.0,13.0,,,534.0,39.0,2311.0,241.0,32.0,632.0,,3.0,68.0,156.0,163.0,15.0,79.0,6.0,0.4334,14.0,3.0,45.0,2.0,0.0,15.0,4.0,4.0,62.0,2.0,53.0,,19.0,101.0,37.0,2.0,43.0,1.0,14.0,1.0,31.0,8.0,13.0,25.0,43.0,285.0,3.0,18.0,1.0,2.2171,5.0,4.0,3.0,,43.0,6.0,,1.0,,29.0,,43.0,,5.0,,5.0,1.0,,,,,,,,,,,,,,,,,,,
244619,Luke Thomas,Defender,Leicester City,13,England,2022-23,0.4839,0.0,,23.0,,85.0,17.0,11.0,112.0,527.0,,,25.0,2.0,,1071.0,47.0,3.0,38.0,36.0,398.0,,3.0,17.8744,2.0,28.0,20.0,160.0,,7.0,0.0,102.0,,267.0,69.0,17.0,,168.0,17.0,77.0,11.0,0.0,,510.0,1.0,155.0,19.0,6.0,,,20.0,17.0,816.0,103.0,10.0,250.0,,3.0,27.0,46.0,55.0,3.0,26.0,,,2.0,,14.0,,,3.0,,,14.0,,3.0,1.0,5.0,41.0,16.0,,4.0,,5.0,,13.0,2.0,4.0,12.0,27.0,80.0,3.0,9.0,1.0,0.0896,1.0,,3.0,,6.0,,1.0,6.0,,13.0,,6.0,1.0,,,,,,,,,,,,,,,,,,,,,,,
514284,Joe Wormleighton,Defender,Northampton Town,75,England,2022-23,,0.0,,,,,,,,,,,,,,,,,,,,,,,,,,,,,,,,,,,,,,,,0.0,,,,,,,,,,,,,,,,0.0,,,,,,,,,,,,,,,,,,,,,,,,,,,,,,,,,,,,,,,,,,,,,,,,,,,,,,,,,,,,,,,,,,,,,,,,,
201666,Harvey Barnes,Midfielder,Newcastle United,4,England,2022-23,2.1819,0.0,,26.0,,181.0,34.0,32.0,193.0,727.0,,,87.0,3.0,,2718.0,119.0,12.0,62.0,90.0,525.0,,2.0,42.6047,,10.0,51.0,281.0,,37.0,0.0,336.0,,211.0,101.0,34.0,,380.0,39.0,249.0,29.0,0.0,,725.0,19.0,412.0,14.0,27.0,,,37.0,9.0,1240.0,8.0,5.0,161.0,,3.0,12.0,41.0,217.0,7.0,67.0,34.0,7.5935,54.0,1.0,24.0,13.0,7.0,7.0,14.0,14.0,58.0,,140.0,,18.0,159.0,31.0,6.0,12.0,3.0,53.0,,95.0,20.0,1.0,38.0,8.0,198.0,11.0,15.0,2.0,8.926,18.0,5.0,5.0,13.0,37.0,9.0,3.0,2.0,7.0,,7.0,37.0,3.0,15.0,10.0,15.0,,,2.0,,,,,,,,,,,,,,,,,
461584,Wanya Marçal,Midfielder,Leicester City U21,12940,Portugal,2022-23,,0.0,,,,,,,,,,,,,,,,,,,,,,,,,,,,,,,,,,,,,,,,0.0,,,,,,,,,,,,,,,,0.0,,,,,,,,,,,,,,,,,,,,,,,,,,,,,,,,,,,,,,,,,,,,,,,,,,,,,,,,,,,,,,,,,,,,,,,,,
166989,Youri Tielemans,Midfielder,Aston Villa,7,Belgium,2022-23,3.3105,0.0,,66.0,,207.0,31.0,27.0,278.0,1556.0,,,38.0,3.0,,2350.0,143.0,12.0,65.0,117.0,1212.0,,4.0,39.9098,2.0,24.0,49.0,308.0,,25.0,2.0,247.0,,568.0,195.0,31.0,,689.0,37.0,209.0,26.0,0.0,,1496.0,8.0,373.0,39.0,26.0,,,463.0,66.0,1960.0,13.0,18.0,601.0,,4.0,71.0,73.0,104.0,7.0,68.0,10.0,3.3812,17.0,2.0,40.0,3.0,3.0,12.0,1.0,1.0,12.0,,14.0,,28.0,92.0,27.0,0.0,27.0,,5.0,,20.0,7.0,8.0,33.0,28.0,217.0,11.0,26.0,1.0,2.4955,14.0,,12.0,17.0,14.0,1.0,13.0,4.0,6.0,3.0,6.0,33.0,13.0,1.0,3.0,1.0,,,,3.0,3.0,1.0,1.0,14.0,0.0627,20.0,2.0,1.0,,,,,,,,
172780,James Maddison,Midfielder,Tottenham Hotspur,6,England,2022-23,5.7402,0.0,,51.0,,165.0,30.0,28.0,208.0,1013.0,,,14.0,3.0,,2484.0,180.0,14.0,47.0,176.0,753.0,,3.0,43.7991,,4.0,54.0,247.0,,79.0,3.0,322.0,,290.0,101.0,30.0,,590.0,40.0,308.0,4.0,0.0,,966.0,33.0,424.0,26.0,46.0,,,276.0,52.0,1607.0,4.0,13.0,250.0,,10.0,43.0,36.0,142.0,5.0,45.0,29.0,8.156,53.0,9.0,19.0,10.0,6.0,35.0,12.0,12.0,10.0,,107.0,,60.0,132.0,18.0,4.0,25.0,2.0,40.0,,71.0,24.0,1.0,31.0,13.0,200.0,7.0,17.0,,8.5766,32.0,2.0,13.0,22.0,27.0,6.0,24.0,2.0,7.0,,7.0,88.0,24.0,8.0,8.0,8.0,,,2.0,1.0,20.0,13.0,13.0,42.0,0.8436,69.0,2.0,1.0,1.0,,,,,2.0,,
51938,Marc Albrighton,Midfielder,Leicester City,13,England,2022-23,0.4097,0.0,,4.0,,28.0,6.0,1.0,35.0,112.0,,,2.0,,,233.0,9.0,,14.0,8.0,75.0,,,2.3117,,4.0,3.0,5.0,,2.0,0.0,21.0,,39.0,13.0,6.0,,50.0,3.0,19.0,1.0,0.0,,109.0,3.0,66.0,1.0,2.0,,,36.0,2.0,179.0,6.0,,33.0,,0.0,7.0,7.0,12.0,2.0,4.0,1.0,0.8637,2.0,,1.0,1.0,0.0,6.0,,,1.0,,5.0,,6.0,11.0,4.0,1.0,3.0,,,,2.0,1.0,2.0,2.0,1.0,32.0,1.0,1.0,,0.3435,,1.0,1.0,,19.0,1.0,,5.0,,1.0,,22.0,,,1.0,,,,,,4.0,,,2.0,,7.0,,,,,,,,,,
215413,Kiernan Dewsbury-Hall,Midfielder,Everton,11,England,2022-23,2.5825,1.0,,53.0,,173.0,31.0,28.0,235.0,1095.0,,,28.0,3.0,,2315.0,146.0,8.0,68.0,131.0,804.0,,2.0,34.3668,2.0,21.0,40.0,270.0,,35.0,0.0,281.0,,335.0,149.0,31.0,,507.0,32.0,253.0,15.0,0.0,,1084.0,5.0,417.0,29.0,43.0,,,249.0,56.0,1606.0,3.0,14.0,362.0,,3.0,62.0,58.0,135.0,8.0,66.0,6.0,1.2956,19.0,2.0,32.0,2.0,1.0,9.0,2.0,2.0,13.0,,54.0,,37.0,122.0,42.0,1.0,24.0,2.0,26.0,,58.0,13.0,13.0,37.0,28.0,241.0,11.0,20.0,4.0,2.3766,7.0,4.0,9.0,16.0,28.0,1.0,5.0,3.0,2.0,,2.0,37.0,5.0,2.0,,2.0,,,,1.0,1.0,,,6.0,,7.0,,,,,,,,,1.0,
86881,Nampalys Mendy,Midfielder,Watford,57,Senegal,2022-23,0.135,0.0,,13.0,,42.0,19.0,7.0,48.0,409.0,,,10.0,,,751.0,34.0,4.0,27.0,30.0,350.0,,,10.6998,,2.0,13.0,129.0,,10.0,0.0,60.0,,84.0,46.0,19.0,,140.0,9.0,50.0,4.0,0.0,,398.0,,63.0,9.0,7.0,,,121.0,11.0,508.0,1.0,2.0,221.0,,1.0,6.0,28.0,26.0,,13.0,1.0,0.1721,2.0,,8.0,1.0,0.0,,,,6.0,,2.0,,2.0,20.0,16.0,1.0,4.0,,3.0,,4.0,1.0,4.0,9.0,13.0,75.0,5.0,7.0,,0.1233,,1.0,1.0,1.0,1.0,,,12.0,,,,1.0,,,1.0,,,,1.0,,,,,,,,,,,,,,,,,
203341,Wilfred Ndidi,Midfielder,Besiktas,378,Nigeria,2022-23,0.1996,0.0,,61.0,,110.0,27.0,19.0,143.0,894.0,,,47.0,,,1681.0,110.0,10.0,37.0,85.0,730.0,,3.0,31.3709,3.0,42.0,39.0,203.0,,14.0,0.0,199.0,,253.0,146.0,27.0,,284.0,29.0,152.0,25.0,0.0,,866.0,1.0,173.0,42.0,10.0,,,301.0,21.0,1181.0,3.0,14.0,467.0,,4.0,33.0,52.0,89.0,,53.0,2.0,0.2985,5.0,,34.0,,,,,,22.0,2.0,5.0,,3.0,67.0,18.0,,19.0,,4.0,,14.0,3.0,14.0,29.0,38.0,137.0,11.0,20.0,1.0,0.1927,2.0,,1.0,7.0,2.0,,1.0,8.0,2.0,,2.0,2.0,1.0,1.0,,1.0,,1.0,1.0,,,,,,,,,,,1.0,,,,,,
106837,Dennis Praet,Midfielder,Antwerp,849,Belgium,2022-23,0.4126,0.0,,12.0,,46.0,22.0,6.0,55.0,248.0,,,12.0,,,639.0,27.0,5.0,25.0,26.0,184.0,,1.0,11.2577,2.0,5.0,10.0,36.0,,8.0,0.0,70.0,,74.0,48.0,22.0,,110.0,5.0,58.0,1.0,0.0,,240.0,7.0,99.0,9.0,6.0,,,66.0,9.0,368.0,5.0,3.0,85.0,,1.0,9.0,17.0,43.0,1.0,20.0,2.0,1.0886,3.0,,11.0,1.0,1.0,2.0,1.0,1.0,11.0,,14.0,,3.0,32.0,10.0,0.0,3.0,,7.0,,17.0,1.0,2.0,9.0,5.0,72.0,6.0,7.0,,1.0671,2.0,1.0,2.0,3.0,13.0,1.0,,16.0,,,,13.0,,2.0,1.0,2.0,,,,,,,,,,2.0,,,,,,,,,,
232620,Lewis Brunt,Defender,Wrexham,109,England,2022-23,0.0109,0.0,,,,2.0,1.0,,4.0,16.0,,,,,,22.0,1.0,,1.0,1.0,12.0,,,0.8915,,2.0,1.0,10.0,,1.0,0.0,1.0,,3.0,1.0,1.0,,5.0,1.0,1.0,,0.0,,16.0,,4.0,,,,,,,24.0,5.0,1.0,7.0,,0.0,2.0,2.0,,,2.0,,,,,2.0,,,,,,,,,,,,,,,,,,,,,,,3.0,,,,,,,,,,,,1.0,,,,,,,,,,,,,,,,,,,,,,,,,,,,
461587,Kasey McAteer,Midfielder,Ipswich Town,40,Ireland,2022-23,,0.0,,,,,,,,,,,,,,,,,,,,,,,,,,,,,,,,,,,,,,,,0.0,,,,,,,,,,,,,,,,0.0,,,,,,,,,,,,,,,,,,,,,,,,,,,,,,,,,,,,,,,,,,,,,,,,,,,,,,,,,,,,,,,,,,,,,,,,,
225902,Boubakary Soumaré,Midfielder,Leicester City,13,France,2022-23,0.4647,0.0,,57.0,,109.0,26.0,20.0,125.0,900.0,,,32.0,1.0,,1635.0,112.0,7.0,30.0,94.0,743.0,,3.0,27.0977,4.0,26.0,30.0,285.0,,22.0,0.0,205.0,,239.0,119.0,26.0,,357.0,23.0,173.0,18.0,0.0,,893.0,,180.0,34.0,15.0,,,216.0,32.0,1161.0,,2.0,419.0,,9.0,16.0,45.0,93.0,1.0,52.0,,,1.0,,34.0,,,1.0,,,14.0,,2.0,,11.0,79.0,11.0,,23.0,,6.0,,27.0,1.0,4.0,31.0,33.0,160.0,11.0,22.0,,0.0307,,1.0,2.0,9.0,1.0,1.0,,6.0,,,,1.0,,,,,,,,,,,,,,,,,,,,,,,,
519223,Sammy Braybrooke,Midfielder,Leicester City U21,12940,England,2022-23,,0.0,,,,,,,,,,,,,,,,,,,,,,,,,,,,,,,,,,,,,,,,0.0,,,,,,,,,,,,,,,,0.0,,,,,,,,,,,,,,,,,,,,,,,,,,,,,,,,,,,,,,,,,,,,,,,,,,,,,,,,,,,,,,,,,,,,,,,,,
101668,Jamie Vardy,Forward,Leicester City,13,England,2022-23,0.663,0.0,,9.0,,114.0,37.0,19.0,119.0,255.0,,,125.0,,,1851.0,75.0,13.0,23.0,28.0,129.0,,2.0,30.7283,,30.0,38.0,55.0,,7.0,0.0,210.0,,69.0,41.0,37.0,,82.0,25.0,85.0,47.0,0.0,,232.0,13.0,190.0,5.0,12.0,,,64.0,7.0,469.0,,2.0,55.0,,1.0,5.0,18.0,135.0,1.0,43.0,15.0,5.1103,25.0,4.0,13.0,3.0,2.0,1.0,11.0,11.0,78.0,,77.0,,10.0,57.0,14.0,1.0,4.0,1.0,14.0,,30.0,10.0,3.0,21.0,2.0,67.0,13.0,13.0,1.0,6.6868,3.0,1.0,3.0,3.0,6.0,29.0,,18.0,1.0,,1.0,6.0,,3.0,2.0,3.0,1.0,,8.0,1.0,,,,,,,1.0,,2.0,,,,,,,
173515,Kelechi Iheanacho,Forward,Celtic,61,Nigeria,2022-23,1.7993,0.0,,7.0,,62.0,28.0,11.0,71.0,305.0,,,46.0,,,1121.0,47.0,4.0,20.0,32.0,226.0,,1.0,20.857,,8.0,23.0,49.0,,5.0,0.0,156.0,,59.0,30.0,28.0,,174.0,19.0,110.0,15.0,0.0,,298.0,6.0,176.0,2.0,20.0,,,83.0,8.0,521.0,2.0,2.0,60.0,,0.0,9.0,18.0,109.0,,38.0,14.0,5.236,33.0,5.0,17.0,5.0,3.0,,8.0,8.0,31.0,,61.0,,17.0,78.0,8.0,2.0,5.0,4.0,17.0,1.0,53.0,19.0,1.0,18.0,,114.0,10.0,2.0,,7.2933,6.0,2.0,4.0,14.0,6.0,12.0,1.0,17.0,1.0,,1.0,6.0,1.0,5.0,,5.0,,,3.0,2.0,,,,,,2.0,1.0,1.0,,,,,,,,
168580,Ayoze Pérez,Forward,Villarreal,449,Spain,2022-23,0.5766,0.0,,11.0,,36.0,8.0,3.0,37.0,152.0,,,6.0,,,380.0,31.0,,17.0,29.0,111.0,,,3.6265,,2.0,5.0,26.0,,12.0,0.0,77.0,,43.0,35.0,8.0,,70.0,5.0,71.0,2.0,0.0,,151.0,7.0,89.0,8.0,6.0,,,37.0,4.0,271.0,1.0,1.0,47.0,,0.0,1.0,7.0,46.0,,13.0,2.0,0.4277,6.0,1.0,8.0,,,2.0,1.0,1.0,4.0,,19.0,,10.0,42.0,6.0,,3.0,,12.0,,23.0,4.0,,7.0,2.0,46.0,2.0,4.0,,1.1465,2.0,1.0,5.0,4.0,5.0,,1.0,5.0,1.0,,1.0,15.0,1.0,1.0,,1.0,,,1.0,1.0,2.0,,,9.0,,11.0,,,,,,,,,,
245419,Patson Daka,Forward,Leicester City,13,Zambia,2022-23,1.6992,0.0,,14.0,,85.0,30.0,13.0,88.0,275.0,,,71.0,,,1180.0,62.0,8.0,23.0,36.0,181.0,,2.0,18.7578,,7.0,24.0,67.0,,15.0,0.0,167.0,,71.0,36.0,30.0,,120.0,16.0,96.0,26.0,0.0,,256.0,4.0,173.0,8.0,7.0,,,42.0,6.0,483.0,7.0,3.0,68.0,,2.0,3.0,16.0,105.0,1.0,36.0,16.0,4.2801,23.0,4.0,16.0,4.0,2.0,1.0,10.0,10.0,45.0,,61.0,,13.0,60.0,12.0,2.0,6.0,1.0,8.0,,27.0,7.0,2.0,23.0,7.0,95.0,11.0,17.0,2.0,3.7276,7.0,,5.0,10.0,7.0,7.0,2.0,17.0,2.0,3.0,2.0,7.0,2.0,5.0,3.0,5.0,,,2.0,,,,,,,,,,1.0,,,,,,,
225295,Tetê,Forward,Panathinaikos,264,Brazil,2022-23,0.3203,0.0,,14.0,,48.0,13.0,9.0,54.0,236.0,,,17.0,,,739.0,56.0,4.0,19.0,51.0,170.0,,,11.2309,1.0,2.0,15.0,15.0,,17.0,1.0,109.0,,42.0,52.0,13.0,,107.0,11.0,92.0,5.0,0.0,,222.0,4.0,115.0,8.0,20.0,,,116.0,12.0,392.0,,4.0,79.0,,0.0,6.0,15.0,53.0,1.0,10.0,2.0,0.7115,11.0,,5.0,1.0,1.0,4.0,1.0,1.0,12.0,,33.0,,6.0,41.0,9.0,0.0,6.0,1.0,10.0,,23.0,9.0,,3.0,2.0,63.0,9.0,2.0,,1.7542,4.0,1.0,1.0,2.0,12.0,4.0,3.0,4.0,,,,15.0,3.0,1.0,,1.0,,,1.0,,3.0,,,3.0,,6.0,,,,,,,,,,
116535,Alisson Becker,Goalkeeper,Liverpool,14,Brazil,2022-23,0.0409,0.0,22.0,,32.0,9.0,37.0,37.0,206.0,1239.0,193.0,9.0,12.0,14.0,4.0,3330.0,18.0,2.0,4.0,7.0,868.0,17.0,2.0,50.4514,16.0,37.0,43.0,285.0,108.0,5.0,0.0,23.0,9.0,544.0,326.0,37.0,1.0,66.0,41.0,11.0,11.0,0.0,369.0,958.0,,213.0,,2.0,34.0,25.0,410.0,165.0,1647.0,,52.0,967.0,74.0,1.0,197.0,60.0,5.0,,,,,,1.0,,,,,,,1.0,,,,,4.0,3.0,,,,,,,,,1.0,,,,,,,,,,,,,,,,,,,,,,,,,,,,,,,,,,,,,1.0,1.0,,,,
60706,Adrián,Goalkeeper,Real Betis,185,Spain,2022-23,,0.0,,,,,,,,,,,,,,,,,,,,,,,,,,,,,,,,,,,,,,,,0.0,,,,,,,,,,,,,,,,0.0,,,,,,,,,,,,,,,,,,,,,,,,,,,,,,,,,,,,,,,,,,,,,,,,,,,,,,,,,,,,,,,,,,,,,,,,,
200720,Caoimhín Kelleher,Goalkeeper,Brentford,94,Ireland,2022-23,0.0008,0.0,,,3.0,,1.0,1.0,1.0,17.0,2.0,1.0,,,,90.0,,1.0,,,13.0,,,3.4141,1.0,,4.0,6.0,6.0,,0.0,,1.0,4.0,7.0,1.0,,2.0,3.0,,,0.0,9.0,15.0,,1.0,,,,2.0,7.0,3.0,31.0,,,14.0,3.0,0.0,1.0,1.0,,,,,,,,,,,,,,,,,,,,,,,,,,,,,,,,,,,,,,,,,,,,,,,,,,,,,,,,,,,,,,,,,,,,,,,
464353,Harvey Davies,Goalkeeper,Liverpool,14,England,2022-23,,0.0,,,,,,,,,,,,,,,,,,,,,,,,,,,,,,,,,,,,,,,,0.0,,,,,,,,,,,,,,,,0.0,,,,,,,,,,,,,,,,,,,,,,,,,,,,,,,,,,,,,,,,,,,,,,,,,,,,,,,,,,,,,,,,,,,,,,,,,
171287,Joe Gomez,Defender,Liverpool,14,England,2022-23,0.6916,0.0,,28.0,,108.0,21.0,15.0,177.0,1321.0,3.0,,84.0,8.0,,1461.0,84.0,1.0,11.0,38.0,1071.0,,1.0,23.2247,6.0,47.0,16.0,342.0,,4.0,0.0,149.0,,431.0,126.0,21.0,,423.0,15.0,65.0,46.0,0.0,3.0,1312.0,2.0,214.0,21.0,6.0,,,480.0,73.0,1546.0,22.0,22.0,721.0,,3.0,69.0,64.0,65.0,,38.0,2.0,0.4179,5.0,,24.0,,,,,,38.0,1.0,6.0,,1.0,27.0,6.0,,7.0,,1.0,,6.0,3.0,11.0,13.0,24.0,68.0,,8.0,,0.1578,1.0,,2.0,,4.0,1.0,1.0,6.0,2.0,8.0,2.0,4.0,1.0,,,,,,,,,,,,,,,,,,,,,,,
97032,Virgil van Dijk,Defender,Liverpool,14,Netherlands,2022-23,1.1017,0.0,,27.0,,143.0,32.0,32.0,245.0,2581.0,17.0,,133.0,11.0,,2835.0,130.0,2.0,17.0,32.0,2187.0,,2.0,44.6979,3.0,135.0,36.0,1047.0,,3.0,2.0,187.0,,836.0,168.0,32.0,,780.0,34.0,54.0,98.0,0.0,16.0,2491.0,6.0,254.0,14.0,2.0,1.0,,593.0,149.0,2893.0,9.0,26.0,1556.0,,3.0,102.0,73.0,57.0,,59.0,10.0,2.5606,23.0,1.0,35.0,3.0,1.0,,7.0,7.0,35.0,1.0,66.0,,6.0,22.0,8.0,2.0,13.0,1.0,,2.0,,13.0,16.0,13.0,31.0,105.0,1.0,9.0,1.0,2.6009,7.0,,1.0,,1.0,3.0,,,,,,1.0,,7.0,,7.0,,,,,,,,,,,,,,1.0,,,,,,
204716,Ibrahima Konaté,Defender,Liverpool,14,France,2022-23,0.7798,0.0,,38.0,,94.0,18.0,17.0,145.0,1130.0,,,60.0,7.0,,1551.0,109.0,1.0,12.0,63.0,951.0,,1.0,23.4782,6.0,56.0,22.0,248.0,,15.0,0.0,169.0,,453.0,107.0,18.0,,365.0,21.0,109.0,46.0,0.0,,1114.0,2.0,165.0,26.0,10.0,,,361.0,34.0,1359.0,3.0,11.0,620.0,,5.0,51.0,65.0,60.0,,32.0,3.0,1.053,6.0,,21.0,,,,3.0,3.0,14.0,1.0,23.0,1.0,1.0,46.0,7.0,,12.0,,2.0,,6.0,3.0,5.0,29.0,26.0,68.0,,16.0,,1.181,5.0,,2.0,1.0,1.0,1.0,,1.0,,,,1.0,,5.0,,5.0,,,,,,,,,,,,,,1.0,,,,,,
214285,Kostas Tsimikas,Defender,Liverpool,14,Greece,2022-23,1.2974,0.0,,14.0,,54.0,20.0,9.0,65.0,444.0,,,14.0,1.0,,768.0,36.0,1.0,16.0,29.0,362.0,,1.0,13.6782,,14.0,11.0,154.0,,9.0,0.0,78.0,,136.0,50.0,20.0,,207.0,10.0,64.0,7.0,0.0,,430.0,14.0,172.0,9.0,6.0,,,16.0,17.0,745.0,75.0,4.0,192.0,,3.0,11.0,22.0,42.0,6.0,11.0,2.0,,3.0,4.0,7.0,,,20.0,2.0,2.0,7.0,,22.0,,14.0,35.0,7.0,,5.0,,8.0,,15.0,1.0,1.0,13.0,12.0,138.0,7.0,9.0,,0.313,4.0,,1.0,,33.0,,2.0,11.0,,12.0,,65.0,2.0,2.0,,2.0,,,,,13.0,,,21.0,,36.0,,,,,,,,,,
489580,Calvin Ramsay,Defender,Liverpool,14,Scotland,2022-23,,0.0,,,,,,,,,,,,,,,,,,,,,,,,,,,,,,,,,,,,,,,,0.0,,,,,,,,,,,,,,,,0.0,,,,,,,,,,,,,,,,,,,,,,,,,,,,,,,,,,,,,,,,,,,,,,,,,,,,,,,,,,,,,,,,,,,,,,,,,
122798,Andy Robertson,Defender,Liverpool,14,Scotland,2022-23,6.504,0.0,,38.0,,203.0,34.0,29.0,289.0,1834.0,,,46.0,7.0,,2588.0,87.0,2.0,68.0,65.0,1491.0,,1.0,38.4691,3.0,43.0,34.0,821.0,,10.0,0.0,182.0,,634.0,174.0,34.0,,786.0,32.0,136.0,22.0,0.0,,1790.0,32.0,527.0,21.0,17.0,,,70.0,54.0,2544.0,203.0,34.0,814.0,,3.0,86.0,91.0,95.0,21.0,32.0,4.0,0.2026,8.0,8.0,11.0,,,55.0,4.0,4.0,24.0,,62.0,,44.0,71.0,27.0,,17.0,,23.0,,30.0,4.0,5.0,22.0,18.0,309.0,10.0,8.0,1.0,1.2357,5.0,3.0,2.0,1.0,72.0,7.0,1.0,5.0,,26.0,,140.0,1.0,4.0,,4.0,1.0,,,,24.0,,,48.0,,81.0,,,,,,,,,,
60914,Joël Matip,Defender,Liverpool,14,Cameroon,2022-23,0.4164,0.0,,14.0,,86.0,14.0,12.0,117.0,879.0,,,48.0,3.0,,1093.0,48.0,2.0,10.0,23.0,726.0,,1.0,17.5409,6.0,42.0,20.0,173.0,,5.0,1.0,96.0,,310.0,78.0,14.0,,253.0,18.0,48.0,25.0,0.0,,872.0,1.0,137.0,8.0,4.0,,,328.0,36.0,1020.0,4.0,11.0,509.0,,3.0,31.0,42.0,48.0,,24.0,3.0,0.545,5.0,,15.0,1.0,1.0,,2.0,2.0,23.0,,17.0,1.0,4.0,25.0,5.0,0.0,6.0,,3.0,1.0,4.0,2.0,3.0,10.0,21.0,68.0,2.0,5.0,1.0,0.8692,,,,,1.0,1.0,,2.0,,,,1.0,,,,,,,,1.0,,,,,,,,,,,,,,,,
219937,Rhys Williams,Defender,Liverpool,14,England,2022-23,,0.0,,,,,,,,,,,,,,,,,,,,,,,,,,,,,,,,,,,,,,,,0.0,,,,,,,,,,,,,,,,0.0,,,,,,,,,,,,,,,,,,,,,,,,,,,,,,,,,,,,,,,,,,,,,,,,,,,,,,,,,,,,,,,,,,,,,,,,,
197464,Nathaniel Phillips,Defender,West Bromwich Albion,35,England,2022-23,0.0105,0.0,,2.0,,6.0,2.0,1.0,11.0,82.0,,,4.0,,,66.0,6.0,,,2.0,63.0,,,1.0322,1.0,1.0,1.0,30.0,,,0.0,7.0,,32.0,14.0,2.0,,30.0,1.0,3.0,4.0,0.0,,80.0,,13.0,1.0,,,,19.0,8.0,90.0,,3.0,41.0,,0.0,5.0,3.0,1.0,,2.0,,,,,,,,,,,,,1.0,,,1.0,,,1.0,,,,,,,1.0,2.0,1.0,1.0,,,0.0433,1.0,,,,,,,1.0,,,,,,1.0,,1.0,,,,,,,,,,,,,,,,,,,,
169187,Trent Alexander-Arnold,Defender,Liverpool,14,England,2022-23,9.0921,0.0,,57.0,,288.0,37.0,34.0,492.0,2309.0,,,33.0,7.0,,2931.0,114.0,3.0,55.0,94.0,1623.0,,1.0,49.6593,10.0,36.0,44.0,195.0,,6.0,0.0,220.0,,944.0,239.0,37.0,,1093.0,41.0,187.0,20.0,0.0,,2248.0,36.0,795.0,40.0,31.0,,,911.0,194.0,3268.0,292.0,58.0,803.0,,5.0,204.0,119.0,106.0,36.0,36.0,8.0,1.9537,25.0,9.0,19.0,2.0,1.0,79.0,1.0,1.0,13.0,,47.0,,62.0,93.0,18.0,1.0,17.0,,13.0,,34.0,17.0,7.0,22.0,43.0,259.0,11.0,7.0,1.0,2.1874,15.0,2.0,26.0,5.0,108.0,5.0,13.0,3.0,5.0,49.0,5.0,173.0,13.0,2.0,2.0,2.0,1.0,,,1.0,32.0,5.0,5.0,59.0,0.3306,98.0,,,,1.0,,,,1.0,,
444765,Sepp van den Berg,Defender,Brentford,94,Netherlands,2022-23,,0.0,,,,,,,,,,,,,,,,,,,,,,,,,,,,,,,,,,,,,,,,0.0,,,,,,,,,,,,,,,,0.0,,,,,,,,,,,,,,,,,,,,,,,,,,,,,,,,,,,,,,,,,,,,,,,,,,,,,,,,,,,,,,,,,,,,,,,,,
462491,Luke Chambers,Defender,Liverpool U21,15987,England,2022-23,,0.0,,,,,,,,,,,,,,,,,,,,,,,,,,,,,,,,,,,,,,,,0.0,,,,,,,,,,,,,,,,0.0,,,,,,,,,,,,,,,,,,,,,,,,,,,,,,,,,,,,,,,,,,,,,,,,,,,,,,,,,,,,,,,,,,,,,,,,,
116643,Fabinho,Midfielder,Al Ittihad,1316,Brazil,2022-23,1.8512,0.0,,65.0,,149.0,36.0,31.0,206.0,1815.0,,,51.0,9.0,,2677.0,126.0,3.0,45.0,96.0,1536.0,,1.0,41.9662,4.0,38.0,34.0,531.0,,24.0,0.0,253.0,,453.0,180.0,36.0,,805.0,31.0,202.0,30.0,0.0,,1784.0,5.0,248.0,38.0,7.0,,,491.0,73.0,2146.0,7.0,23.0,805.0,,11.0,57.0,53.0,127.0,1.0,63.0,4.0,0.2423,13.0,2.0,41.0,,,1.0,2.0,2.0,21.0,,21.0,,15.0,106.0,27.0,,27.0,,4.0,,16.0,9.0,11.0,53.0,37.0,340.0,11.0,39.0,1.0,0.6949,5.0,,5.0,20.0,4.0,,3.0,5.0,2.0,,2.0,4.0,3.0,2.0,,2.0,1.0,,,,,,,,,,,,,,,,,,,
61558,Thiago Alcântara,Midfielder,Liverpool,14,Spain,2022-23,1.3126,0.0,,43.0,,115.0,18.0,14.0,146.0,1085.0,,,38.0,2.0,,1254.0,105.0,,34.0,91.0,846.0,,1.0,22.2401,1.0,12.0,23.0,378.0,,25.0,0.0,182.0,,301.0,111.0,18.0,,481.0,23.0,144.0,14.0,0.0,,1060.0,1.0,190.0,24.0,23.0,,,244.0,93.0,1317.0,6.0,7.0,459.0,,2.0,31.0,39.0,77.0,1.0,43.0,1.0,0.1341,3.0,,25.0,,,1.0,,,24.0,1.0,10.0,,17.0,53.0,12.0,,19.0,,4.0,,26.0,2.0,3.0,18.0,21.0,162.0,5.0,12.0,,0.437,7.0,,8.0,8.0,2.0,,5.0,4.0,1.0,,1.0,2.0,5.0,2.0,,2.0,,,,,,,,,,,,,,,,,,,,
15157,James Milner,Midfielder,Brighton and Hove Albion,36,England,2022-23,1.6461,0.0,,26.0,,82.0,31.0,7.0,113.0,607.0,,,27.0,2.0,,893.0,65.0,1.0,36.0,52.0,463.0,,1.0,15.2205,4.0,12.0,12.0,115.0,,15.0,0.0,138.0,,237.0,64.0,31.0,,275.0,11.0,111.0,13.0,0.0,,587.0,6.0,205.0,16.0,11.0,,,146.0,31.0,898.0,58.0,9.0,230.0,,2.0,31.0,24.0,73.0,8.0,28.0,1.0,0.1267,6.0,1.0,19.0,,,11.0,1.0,1.0,14.0,,27.0,,12.0,59.0,12.0,,10.0,,8.0,,22.0,5.0,2.0,16.0,12.0,109.0,4.0,14.0,,0.3845,1.0,,2.0,3.0,30.0,,,24.0,,7.0,,41.0,,1.0,,1.0,,,1.0,,2.0,,,9.0,,12.0,,,,,,,,,,
175592,Naby Keïta,Midfielder,Ferencváros,227,Guinea,2022-23,0.2054,0.0,,5.0,,30.0,8.0,3.0,36.0,164.0,,,10.0,,,293.0,13.0,,8.0,10.0,125.0,,,1.8937,,3.0,4.0,45.0,,2.0,0.0,42.0,,48.0,29.0,8.0,,72.0,4.0,32.0,3.0,0.0,,159.0,2.0,58.0,4.0,3.0,,,35.0,3.0,221.0,1.0,5.0,56.0,,1.0,6.0,11.0,29.0,,14.0,,,4.0,,10.0,,,,,,7.0,,11.0,,8.0,22.0,1.0,,1.0,,,,7.0,4.0,,12.0,2.0,36.0,3.0,11.0,,0.6498,6.0,,,2.0,2.0,,4.0,5.0,,,,2.0,4.0,2.0,,2.0,,,,,,,,,,,,,,,,,,,,
56979,Jordan Henderson,Midfielder,Brentford,94,England,2022-23,3.5868,0.0,,32.0,,175.0,35.0,23.0,233.0,1545.0,,,21.0,4.0,,2075.0,64.0,2.0,50.0,53.0,1232.0,,2.0,37.341,,12.0,30.0,376.0,,9.0,0.0,131.0,,413.0,163.0,35.0,,784.0,28.0,110.0,11.0,0.0,,1509.0,9.0,310.0,23.0,12.0,,,438.0,80.0,1821.0,14.0,21.0,543.0,,2.0,58.0,50.0,67.0,15.0,57.0,6.0,0.3054,18.0,2.0,27.0,,,15.0,1.0,1.0,10.0,,46.0,,29.0,57.0,18.0,,9.0,,8.0,,17.0,12.0,3.0,18.0,21.0,318.0,13.0,13.0,1.0,1.406,5.0,1.0,9.0,6.0,30.0,3.0,3.0,12.0,5.0,3.0,5.0,30.0,3.0,2.0,,2.0,,,1.0,2.0,,,,,,,,,,,,,,,,
81880,Alex Oxlade-Chamberlain,Midfielder,Celtic,61,England,2022-23,0.177,0.0,,5.0,,23.0,9.0,4.0,27.0,100.0,,,5.0,,,335.0,16.0,,7.0,15.0,68.0,,,8.9013,,3.0,7.0,25.0,,4.0,0.0,44.0,,28.0,20.0,9.0,,54.0,7.0,39.0,1.0,0.0,,100.0,1.0,60.0,4.0,6.0,,,24.0,5.0,169.0,2.0,1.0,19.0,,0.0,4.0,5.0,28.0,,12.0,3.0,0.4559,6.0,,6.0,1.0,1.0,,1.0,1.0,4.0,,18.0,,5.0,24.0,3.0,0.0,1.0,,7.0,1.0,17.0,3.0,2.0,3.0,1.0,23.0,4.0,3.0,,1.2044,1.0,,2.0,1.0,2.0,1.0,1.0,5.0,1.0,,1.0,2.0,1.0,,,,,,,,,,,,,,,,,,,,,,,
206915,Curtis Jones,Midfielder,Liverpool,14,England,2022-23,1.3918,0.0,,34.0,,56.0,18.0,12.0,58.0,658.0,,,9.0,,,1039.0,64.0,3.0,17.0,61.0,585.0,,,17.2783,,9.0,15.0,244.0,,16.0,1.0,138.0,,150.0,56.0,18.0,,384.0,12.0,129.0,3.0,0.0,,655.0,4.0,131.0,17.0,11.0,,,105.0,15.0,871.0,9.0,1.0,218.0,,2.0,2.0,17.0,74.0,2.0,26.0,5.0,1.3871,6.0,1.0,11.0,3.0,2.0,2.0,,,6.0,,42.0,,13.0,68.0,10.0,1.0,17.0,2.0,13.0,,42.0,1.0,2.0,13.0,3.0,159.0,10.0,9.0,,1.1717,9.0,1.0,5.0,6.0,7.0,2.0,3.0,6.0,2.0,,2.0,7.0,3.0,6.0,1.0,6.0,,,2.0,,,,,,,,,,,,,,,,,
444884,Harvey Elliott,Midfielder,Aston Villa,7,England,2022-23,4.3352,0.0,,27.0,,134.0,32.0,18.0,164.0,957.0,,,20.0,1.0,,1612.0,76.0,,49.0,72.0,761.0,,1.0,27.3947,2.0,6.0,20.0,133.0,,25.0,0.0,170.0,,271.0,122.0,32.0,,518.0,20.0,150.0,4.0,0.0,,929.0,19.0,266.0,18.0,20.0,,,281.0,32.0,1259.0,10.0,15.0,281.0,,2.0,30.0,37.0,94.0,6.0,23.0,12.0,1.7808,22.0,2.0,8.0,1.0,0.0,6.0,6.0,6.0,16.0,,55.0,,24.0,78.0,25.0,1.0,9.0,1.0,15.0,,38.0,10.0,1.0,14.0,15.0,272.0,14.0,9.0,2.0,2.1043,14.0,2.0,8.0,7.0,27.0,2.0,7.0,14.0,5.0,,5.0,28.0,7.0,7.0,,7.0,1.0,,,,,,,1.0,,2.0,,,,,,,,,,
244858,Fábio Carvalho,Midfielder,Brentford,94,Portugal,2022-23,0.2517,0.0,,8.0,,22.0,13.0,4.0,24.0,139.0,,,14.0,,,341.0,20.0,,9.0,16.0,113.0,,,4.8863,,,3.0,30.0,,6.0,1.0,57.0,,32.0,19.0,13.0,,74.0,3.0,43.0,4.0,0.0,,138.0,3.0,56.0,8.0,2.0,,,31.0,2.0,219.0,1.0,2.0,42.0,,0.0,2.0,9.0,37.0,1.0,13.0,4.0,0.3897,10.0,,6.0,2.0,0.0,1.0,2.0,2.0,10.0,,27.0,,1.0,27.0,6.0,2.0,,,3.0,,18.0,6.0,,6.0,6.0,46.0,4.0,2.0,,1.1496,1.0,1.0,,8.0,1.0,,,9.0,,,,1.0,,1.0,2.0,1.0,,,,,,,,,,,,,,,,,,,,
204043,Arthur,Midfielder,Juventus,128,Brazil,2022-23,,0.0,,,,,,,,,,,,,,,,,,,,,,,,,,,,,,,,,,,,,,,,0.0,,,,,,,,,,,,,,,,0.0,,,,,,,,,,,,,,,,,,,,,,,,,,,,,,,,,,,,,,,,,,,,,,,,,,,,,,,,,,,,,,,,,,,,,,,,,
491970,Bobby Clark,Midfielder,Derby County,24,England,2022-23,0.0881,0.0,,,,,1.0,,,1.0,,,,,,7.0,,,2.0,,1.0,,,,,,,,,,0.0,2.0,,,,1.0,,1.0,,2.0,,0.0,,1.0,,3.0,,,,,1.0,,7.0,,,,,0.0,,,2.0,,,,,,,,,,,,,,,1.0,,,2.0,2.0,,,,1.0,,1.0,,,1.0,,,,1.0,,,,,,,,,,1.0,,,,,,,,,,,,,,,,,,,,,,,,,,,,
535928,Stefan Bajcetic,Midfielder,Liverpool,14,Spain,2022-23,0.4669,0.0,,9.0,,40.0,11.0,6.0,54.0,253.0,,,14.0,,,526.0,34.0,,13.0,25.0,187.0,,,3.3692,,4.0,4.0,69.0,,9.0,0.0,75.0,,79.0,40.0,11.0,,105.0,4.0,61.0,9.0,0.0,,250.0,,76.0,6.0,7.0,,,58.0,12.0,344.0,,6.0,95.0,,2.0,14.0,16.0,41.0,1.0,17.0,3.0,1.37,4.0,,8.0,1.0,1.0,1.0,1.0,1.0,5.0,,6.0,,4.0,36.0,7.0,0.0,3.0,1.0,4.0,,10.0,1.0,,7.0,9.0,47.0,6.0,5.0,,0.7851,2.0,1.0,,1.0,4.0,,2.0,5.0,1.0,,1.0,4.0,2.0,,,,,,,,,,,,,,,,,,,,,,,
244731,Luis Díaz,Forward,Liverpool,14,Colombia,2022-23,1.3209,0.0,,17.0,,76.0,17.0,11.0,77.0,446.0,,,32.0,2.0,,997.0,84.0,,23.0,76.0,352.0,,1.0,13.2612,,1.0,11.0,193.0,,24.0,1.0,196.0,,80.0,50.0,17.0,,280.0,11.0,164.0,8.0,0.0,,445.0,11.0,181.0,11.0,35.0,,,46.0,17.0,714.0,6.0,1.0,90.0,,2.0,1.0,16.0,112.0,1.0,35.0,8.0,2.509,20.0,2.0,13.0,4.0,0.0,1.0,3.0,3.0,24.0,,85.0,,11.0,88.0,8.0,4.0,6.0,,25.0,2.0,62.0,12.0,,20.0,6.0,127.0,6.0,9.0,2.0,2.6416,7.0,3.0,,10.0,7.0,3.0,,6.0,1.0,,1.0,7.0,,7.0,2.0,7.0,,,2.0,2.0,,,,,,1.0,,,,,,,,,,
92217,Roberto Firmino,Forward,Liverpool,14,Brazil,2022-23,2.1581,0.0,,17.0,,104.0,25.0,13.0,110.0,546.0,,,46.0,,,1212.0,51.0,1.0,37.0,36.0,429.0,,1.0,23.218,,2.0,17.0,127.0,,6.0,0.0,140.0,,150.0,64.0,25.0,,299.0,16.0,94.0,15.0,0.0,,536.0,10.0,195.0,12.0,13.0,,,145.0,7.0,781.0,6.0,1.0,139.0,,0.0,6.0,27.0,89.0,2.0,38.0,25.0,8.6894,31.0,4.0,15.0,11.0,2.0,2.0,13.0,13.0,31.0,,90.0,,17.0,58.0,15.0,9.0,5.0,2.0,10.0,2.0,33.0,6.0,1.0,9.0,7.0,124.0,10.0,4.0,1.0,5.493,8.0,2.0,8.0,19.0,10.0,5.0,2.0,12.0,1.0,,1.0,10.0,2.0,6.0,7.0,6.0,,,4.0,,,,,,,,,,,,,,,,,
447203,Darwin Núñez,Forward,Liverpool,14,Uruguay,2022-23,2.8066,1.0,,11.0,,115.0,29.0,19.0,122.0,371.0,,,87.0,,,1699.0,83.0,,32.0,47.0,233.0,,2.0,28.3258,1.0,12.0,22.0,151.0,,17.0,3.0,215.0,,76.0,44.0,29.0,,190.0,22.0,128.0,36.0,1.0,,368.0,14.0,237.0,5.0,19.0,,,44.0,16.0,692.0,8.0,3.0,60.0,,1.0,7.0,17.0,132.0,1.0,58.0,37.0,9.7061,71.0,3.0,27.0,9.0,4.0,1.0,21.0,21.0,51.0,,157.0,,25.0,81.0,10.0,5.0,6.0,2.0,19.0,3.0,46.0,34.0,,25.0,3.0,100.0,13.0,13.0,3.0,11.444,13.0,7.0,2.0,12.0,17.0,17.0,6.0,10.0,7.0,,7.0,17.0,6.0,7.0,4.0,7.0,,,2.0,5.0,,,,,,1.0,,,1.0,,,,,,,
118748,Mohamed Salah,Forward,Liverpool,14,Egypt,2022-23,7.171,0.0,,21.0,,228.0,38.0,37.0,245.0,1120.0,,,38.0,9.0,,3294.0,114.0,3.0,61.0,106.0,852.0,,1.0,50.1387,,4.0,45.0,90.0,,33.0,7.0,328.0,,266.0,100.0,38.0,,644.0,42.0,290.0,8.0,0.0,,1107.0,41.0,555.0,12.0,52.0,,,414.0,23.0,1791.0,17.0,2.0,241.0,,2.0,17.0,27.0,214.0,10.0,84.0,47.0,17.3889,97.0,12.0,35.0,19.0,8.0,10.0,23.0,23.0,30.0,,331.0,,53.0,184.0,21.0,11.0,9.0,13.0,72.0,1.0,152.0,50.0,,20.0,6.0,350.0,8.0,6.0,4.0,21.5173,28.0,10.0,14.0,30.0,28.0,22.0,6.0,1.0,5.0,,5.0,28.0,6.0,22.0,5.0,22.0,1.0,,1.0,4.0,,2.0,2.0,,0.1831,,4.0,2.0,,,,,,,,
243298,Cody Gakpo,Forward,Liverpool,14,Netherlands,2022-23,1.8856,0.0,,26.0,,76.0,21.0,17.0,80.0,371.0,,,50.0,2.0,,1465.0,108.0,2.0,23.0,82.0,284.0,,,17.2726,,2.0,19.0,101.0,,33.0,1.0,230.0,,111.0,57.0,21.0,,210.0,17.0,180.0,26.0,0.0,,367.0,8.0,192.0,15.0,23.0,,,72.0,7.0,670.0,1.0,1.0,82.0,,0.0,4.0,14.0,122.0,1.0,39.0,13.0,5.3071,27.0,2.0,11.0,7.0,4.0,1.0,5.0,5.0,24.0,,82.0,,21.0,98.0,12.0,3.0,11.0,3.0,13.0,,49.0,14.0,1.0,26.0,4.0,87.0,11.0,14.0,2.0,6.1997,12.0,1.0,3.0,9.0,13.0,8.0,3.0,4.0,1.0,1.0,1.0,16.0,3.0,9.0,4.0,9.0,,,,,,,,3.0,,4.0,,,1.0,1.0,,,,,,
194634,Diogo Jota,Forward,Liverpool,14,Portugal,2022-23,1.7039,0.0,,23.0,,84.0,22.0,12.0,90.0,373.0,,,44.0,1.0,,1131.0,71.0,3.0,19.0,53.0,280.0,,1.0,17.2562,,9.0,19.0,123.0,,15.0,1.0,181.0,,98.0,60.0,22.0,,186.0,16.0,137.0,18.0,0.0,,371.0,7.0,173.0,15.0,15.0,,,53.0,3.0,595.0,,2.0,100.0,,2.0,6.0,25.0,110.0,3.0,29.0,11.0,4.675,27.0,4.0,14.0,7.0,4.0,3.0,3.0,3.0,26.0,,82.0,,13.0,84.0,5.0,3.0,8.0,2.0,21.0,1.0,40.0,16.0,,19.0,3.0,99.0,10.0,9.0,,6.3809,8.0,4.0,3.0,16.0,5.0,3.0,1.0,10.0,1.0,,1.0,5.0,1.0,7.0,4.0,7.0,,,1.0,1.0,,,,,,,,,1.0,,,,,,,
496208,Ben Gannon-Doak,Forward,Bournemouth,91,Scotland,2022-23,0.0036,0.0,,3.0,,3.0,2.0,,4.0,14.0,,,,,,24.0,4.0,,2.0,4.0,10.0,,,0.45,,,1.0,7.0,,1.0,0.0,8.0,,4.0,5.0,2.0,,6.0,1.0,8.0,,0.0,,14.0,2.0,9.0,2.0,,,,2.0,,24.0,,,4.0,,0.0,1.0,,4.0,,,,,,,,,,,,,,,2.0,,,4.0,1.0,,1.0,,4.0,,4.0,,,1.0,,1.0,,,1.0,,,,,,,,,2.0,,,,,,,,,,,,,,,,,,,,,,,,,,,,
88248,Stefan Ortega,Goalkeeper,Nottingham Forest,17,Germany,2022-23,0.0023,0.0,1.0,,4.0,4.0,3.0,3.0,22.0,151.0,12.0,,1.0,2.0,,270.0,1.0,1.0,1.0,,107.0,1.0,,4.0637,,1.0,1.0,30.0,14.0,,0.0,1.0,2.0,72.0,26.0,3.0,,8.0,,,1.0,0.0,28.0,134.0,,22.0,,,,1.0,49.0,22.0,186.0,,5.0,121.0,10.0,0.0,18.0,14.0,,,,,,,,,,,,,,,,,,,,,,,,,,,,,,,,,,,,,,,,,,,,,,,,,,,,,,,,,,,,,,,,,,,,,,,
121160,Ederson,Goalkeeper,Manchester City,43,Brazil,2022-23,0.2303,0.0,12.0,3.0,14.0,10.0,35.0,35.0,173.0,1109.0,152.0,3.0,10.0,11.0,3.0,3150.0,15.0,4.0,1.0,6.0,754.0,12.0,3.0,25.4125,10.0,22.0,32.0,323.0,46.0,4.0,0.0,18.0,3.0,486.0,215.0,35.0,7.0,50.0,28.0,8.0,9.0,0.0,270.0,890.0,,178.0,1.0,,29.0,5.0,300.0,182.0,1358.0,,56.0,886.0,32.0,3.0,163.0,63.0,3.0,,,,,,1.0,,,,,,,1.0,1.0,,,,2.0,,,2.0,,,,,,,1.0,1.0,,,1.0,,,,,1.0,,,,,,,,,,,,,,,,,,,,,,,,,,,,,,1.0,,,
17601,Scott Carson,Goalkeeper,Manchester City,43,England,2022-23,,0.0,,,,,,,,,,,,,,,,,,,,,,,,,,,,,,,,,,,,,,,,0.0,,,,,,,,,,,,,,,,0.0,,,,,,,,,,,,,,,,,,,,,,,,,,,,,,,,,,,,,,,,,,,,,,,,,,,,,,,,,,,,,,,,,,,,,,,,,
58621,Kyle Walker,Defender,Burnley,90,England,2022-23,0.944,0.0,,13.0,,117.0,27.0,22.0,181.0,1729.0,,,34.0,6.0,,1956.0,59.0,3.0,28.0,36.0,1477.0,,1.0,20.1192,5.0,22.0,20.0,228.0,,10.0,0.0,113.0,,529.0,124.0,27.0,,831.0,17.0,79.0,23.0,0.0,,1704.0,9.0,255.0,9.0,13.0,,,683.0,71.0,2032.0,109.0,24.0,721.0,,3.0,64.0,43.0,54.0,4.0,30.0,1.0,,5.0,,22.0,,,4.0,,,11.0,,15.0,,6.0,43.0,10.0,,4.0,,4.0,,10.0,4.0,2.0,15.0,18.0,289.0,4.0,7.0,1.0,0.4046,,,4.0,1.0,24.0,,,5.0,1.0,24.0,1.0,24.0,,,,,,,,,,,,,,,,,,,,,,,,
171314,Rúben Dias,Defender,Manchester City,43,Portugal,2022-23,0.3238,0.0,,21.0,,89.0,26.0,22.0,151.0,2072.0,6.0,,72.0,7.0,,1997.0,81.0,2.0,15.0,37.0,1853.0,,1.0,12.377,7.0,54.0,16.0,681.0,,7.0,0.0,139.0,,664.0,99.0,26.0,,746.0,14.0,67.0,44.0,0.0,5.0,2028.0,1.0,158.0,13.0,9.0,1.0,,643.0,68.0,2265.0,7.0,19.0,1175.0,,3.0,62.0,56.0,58.0,,38.0,2.0,0.5296,7.0,,20.0,,,,2.0,2.0,28.0,,23.0,,3.0,30.0,8.0,,8.0,,1.0,,5.0,5.0,13.0,19.0,18.0,84.0,3.0,10.0,1.0,1.3628,3.0,,1.0,,1.0,,,4.0,,,,1.0,,3.0,,3.0,,1.0,,,,,,,,,,,,1.0,,,,,,
97299,John Stones,Defender,Manchester City,43,England,2022-23,0.9746,0.0,,23.0,,83.0,23.0,21.0,102.0,1511.0,3.0,,49.0,5.0,,1848.0,70.0,2.0,17.0,37.0,1345.0,,1.0,14.3187,3.0,38.0,17.0,312.0,,8.0,1.0,104.0,,397.0,90.0,23.0,,645.0,15.0,55.0,33.0,0.0,3.0,1490.0,2.0,124.0,13.0,6.0,,,622.0,64.0,1711.0,44.0,7.0,764.0,,2.0,19.0,40.0,34.0,,16.0,3.0,0.7342,9.0,2.0,10.0,2.0,0.0,,1.0,1.0,16.0,,27.0,1.0,6.0,18.0,7.0,2.0,10.0,1.0,1.0,1.0,5.0,6.0,10.0,10.0,9.0,180.0,5.0,4.0,,1.0458,2.0,1.0,1.0,6.0,6.0,1.0,,2.0,,1.0,,6.0,,2.0,,2.0,,1.0,,1.0,,,,,,1.0,,,,,,,,,,
126184,Nathan Aké,Defender,Manchester City,43,Netherlands,2022-23,1.3422,0.0,,26.0,,113.0,26.0,22.0,151.0,1705.0,,,59.0,6.0,,1876.0,80.0,3.0,36.0,44.0,1520.0,,3.0,12.4198,2.0,47.0,15.0,637.0,,14.0,1.0,119.0,,690.0,96.0,26.0,,735.0,12.0,60.0,36.0,0.0,,1670.0,8.0,191.0,12.0,4.0,,,238.0,34.0,1992.0,84.0,16.0,820.0,,2.0,38.0,55.0,39.0,1.0,27.0,2.0,0.2557,7.0,,12.0,1.0,0.0,1.0,,,23.0,,33.0,,9.0,16.0,10.0,1.0,14.0,,1.0,1.0,1.0,5.0,10.0,12.0,20.0,140.0,6.0,4.0,1.0,1.4988,2.0,,1.0,1.0,14.0,1.0,,4.0,1.0,7.0,1.0,14.0,,2.0,,2.0,,,,2.0,,,,,,,,,,,,,,,,
121145,João Cancelo,Defender,Barcelona,178,Portugal,2022-23,1.5177,1.0,,29.0,,121.0,17.0,16.0,145.0,1095.0,,,38.0,4.0,,1278.0,105.0,4.0,21.0,78.0,912.0,,1.0,10.6523,,6.0,15.0,437.0,,18.0,1.0,175.0,,303.0,80.0,17.0,,536.0,11.0,137.0,27.0,1.0,,1075.0,19.0,242.0,21.0,31.0,,,118.0,38.0,1433.0,74.0,5.0,426.0,,3.0,24.0,30.0,70.0,12.0,29.0,3.0,0.4003,6.0,1.0,21.0,2.0,0.0,12.0,,,11.0,2.0,51.0,,11.0,59.0,6.0,2.0,8.0,1.0,23.0,,37.0,3.0,1.0,13.0,19.0,237.0,5.0,10.0,,0.7349,11.0,3.0,2.0,1.0,33.0,4.0,4.0,1.0,1.0,4.0,1.0,33.0,4.0,7.0,1.0,7.0,,,,,,,,,,,,,,1.0,,,,,,
146941,Aymeric Laporte,Defender,Athletic Club,174,Spain,2022-23,0.4489,0.0,,11.0,,43.0,12.0,11.0,65.0,947.0,6.0,,43.0,3.0,,993.0,44.0,,11.0,20.0,856.0,,1.0,12.7261,1.0,30.0,10.0,416.0,,7.0,0.0,73.0,,304.0,55.0,12.0,,458.0,10.0,30.0,24.0,0.0,5.0,920.0,1.0,76.0,8.0,2.0,1.0,,161.0,26.0,1051.0,10.0,7.0,424.0,,0.0,22.0,26.0,29.0,,14.0,1.0,0.0733,7.0,,8.0,,,,1.0,1.0,19.0,,13.0,,5.0,10.0,6.0,,3.0,,1.0,,1.0,6.0,4.0,5.0,3.0,66.0,1.0,2.0,,0.4561,3.0,,1.0,,6.0,1.0,,1.0,,,,6.0,,3.0,,3.0,,,,,,,,,,,,,,,,,,,,
211975,Manuel Akanji,Defender,Manchester City,43,Switzerland,2022-23,0.9944,0.0,,36.0,,87.0,29.0,24.0,135.0,2021.0,,,58.0,6.0,,2287.0,77.0,3.0,26.0,53.0,1819.0,,2.0,18.736,4.0,30.0,23.0,522.0,,12.0,0.0,154.0,,637.0,136.0,29.0,,764.0,20.0,96.0,24.0,0.0,,1993.0,1.0,162.0,25.0,6.0,,,713.0,67.0,2258.0,25.0,16.0,1123.0,,2.0,48.0,56.0,77.0,1.0,28.0,3.0,,10.0,1.0,16.0,,,1.0,3.0,3.0,34.0,,34.0,,6.0,43.0,18.0,,11.0,,3.0,,6.0,7.0,9.0,24.0,16.0,149.0,2.0,8.0,,1.2055,5.0,,,1.0,5.0,,2.0,5.0,,2.0,,5.0,2.0,3.0,,3.0,,,,,,,,,,,,,,1.0,,,,,,
477064,Rico Lewis,Defender,Manchester City,43,England,2022-23,1.6183,0.0,,16.0,,45.0,14.0,10.0,50.0,638.0,,,6.0,1.0,,903.0,42.0,1.0,13.0,42.0,581.0,,,7.8298,1.0,12.0,8.0,205.0,,18.0,0.0,80.0,,102.0,43.0,14.0,,341.0,7.0,74.0,,0.0,,628.0,1.0,81.0,9.0,8.0,,,202.0,7.0,784.0,26.0,4.0,250.0,,1.0,5.0,14.0,38.0,3.0,27.0,2.0,0.1525,4.0,,15.0,,,3.0,,,6.0,,12.0,,12.0,32.0,4.0,,7.0,,3.0,,16.0,2.0,4.0,10.0,6.0,129.0,4.0,5.0,,0.2706,1.0,,1.0,8.0,2.0,,,4.0,2.0,5.0,2.0,2.0,,1.0,,1.0,,,,,,,,,,,,,,,,,,,,
447880,Josh Wilson-Esbrand,Defender,Manchester City U21,12969,England,2022-23,,0.0,,,,,,,,,,,,,,,,,,,,,,,,,,,,,,,,,,,,,,,,0.0,,,,,,,,,,,,,,,,0.0,,,,,,,,,,,,,,,,,,,,,,,,,,,,,,,,,,,,,,,,,,,,,,,,,,,,,,,,,,,,,,,,,,,,,,,,,
155405,Kalvin Phillips,Midfielder,Manchester City,43,England,2022-23,0.1221,0.0,,6.0,,15.0,12.0,2.0,23.0,312.0,,,7.0,1.0,,291.0,14.0,,5.0,9.0,273.0,,,5.4925,,8.0,3.0,96.0,,2.0,0.0,35.0,,51.0,19.0,12.0,,160.0,3.0,28.0,5.0,0.0,,310.0,1.0,27.0,4.0,1.0,,,109.0,16.0,359.0,,2.0,129.0,,1.0,8.0,3.0,21.0,,14.0,,,4.0,,10.0,,,,,,2.0,,6.0,,3.0,19.0,4.0,,2.0,,,,1.0,4.0,3.0,10.0,5.0,56.0,,7.0,,0.3689,2.0,,,3.0,,,2.0,10.0,,,,,2.0,,,,,,,1.0,,,,,,,,,,,,,,,,
59859,Ilkay Gündogan,Midfielder,Manchester City,43,Germany,2022-23,4.3914,0.0,,30.0,,161.0,31.0,27.0,181.0,1540.0,,,32.0,6.0,,2357.0,91.0,4.0,42.0,71.0,1299.0,,2.0,17.343,,12.0,20.0,518.0,,25.0,4.0,194.0,,339.0,155.0,31.0,,861.0,16.0,162.0,20.0,0.0,,1503.0,18.0,281.0,18.0,17.0,,,356.0,60.0,1874.0,5.0,6.0,508.0,,0.0,20.0,34.0,103.0,4.0,61.0,20.0,6.3829,41.0,4.0,32.0,8.0,3.0,10.0,7.0,7.0,12.0,,91.0,,33.0,91.0,15.0,5.0,12.0,2.0,19.0,,46.0,21.0,3.0,23.0,20.0,327.0,10.0,17.0,,7.5791,13.0,3.0,18.0,32.0,12.0,6.0,5.0,4.0,5.0,,5.0,20.0,5.0,8.0,6.0,8.0,2.0,,2.0,3.0,6.0,5.0,5.0,7.0,0.4224,21.0,1.0,,2.0,,,,,1.0,,
114283,Jack Grealish,Midfielder,Everton,11,England,2022-23,6.7206,0.0,,25.0,,115.0,28.0,23.0,123.0,989.0,,,31.0,6.0,,2063.0,165.0,2.0,49.0,151.0,844.0,,2.0,11.5401,,7.0,16.0,410.0,,78.0,3.0,274.0,,168.0,110.0,28.0,,624.0,14.0,243.0,14.0,0.0,,973.0,23.0,267.0,16.0,48.0,,,58.0,22.0,1430.0,24.0,1.0,254.0,,4.0,8.0,21.0,109.0,7.0,42.0,16.0,4.1541,29.0,7.0,20.0,5.0,4.0,12.0,10.0,10.0,17.0,,146.0,,43.0,92.0,14.0,1.0,9.0,1.0,28.0,1.0,57.0,13.0,3.0,27.0,7.0,353.0,12.0,15.0,2.0,4.6554,12.0,4.0,6.0,16.0,31.0,3.0,4.0,5.0,1.0,1.0,1.0,41.0,4.0,8.0,3.0,8.0,,,,2.0,4.0,,,9.0,,24.0,,,1.0,,,,,,,
220566,Rodri,Midfielder,Manchester City,43,Spain,2022-23,3.5026,0.0,,66.0,,201.0,36.0,34.0,260.0,2977.0,,,105.0,5.0,,2920.0,184.0,4.0,47.0,112.0,2546.0,,2.0,20.6187,6.0,42.0,26.0,983.0,,20.0,0.0,317.0,,624.0,301.0,36.0,,1478.0,22.0,212.0,72.0,0.0,,2937.0,6.0,312.0,41.0,26.0,,,974.0,171.0,3363.0,3.0,25.0,1242.0,,5.0,59.0,92.0,133.0,3.0,90.0,14.0,2.9284,33.0,6.0,59.0,2.0,1.0,3.0,7.0,7.0,33.0,,61.0,,26.0,100.0,26.0,1.0,25.0,,8.0,1.0,27.0,19.0,14.0,47.0,33.0,396.0,11.0,27.0,2.0,4.6017,17.0,,2.0,24.0,3.0,3.0,6.0,2.0,5.0,,5.0,3.0,6.0,11.0,1.0,11.0,1.0,,1.0,1.0,,,,,,,,,,,,,,,,
61366,Kevin De Bruyne,Midfielder,Manchester City,43,Belgium,2022-23,14.1332,0.0,,27.0,,223.0,32.0,28.0,260.0,1357.0,,,26.0,3.0,,2425.0,106.0,5.0,66.0,93.0,1016.0,,2.0,18.1049,1.0,10.0,23.0,256.0,,29.0,2.0,218.0,,419.0,97.0,32.0,,875.0,18.0,192.0,13.0,0.0,,1310.0,35.0,526.0,12.0,37.0,,,432.0,81.0,1962.0,30.0,3.0,287.0,,1.0,37.0,26.0,112.0,29.0,55.0,21.0,5.1535,44.0,16.0,23.0,7.0,2.0,65.0,5.0,5.0,13.0,,104.0,,82.0,99.0,25.0,5.0,15.0,2.0,19.0,,48.0,23.0,2.0,20.0,9.0,250.0,12.0,13.0,,5.4638,21.0,2.0,28.0,16.0,115.0,5.0,17.0,4.0,9.0,1.0,9.0,161.0,17.0,4.0,5.0,4.0,1.0,,,1.0,30.0,7.0,7.0,32.0,0.4583,72.0,,,2.0,1.0,,,,1.0,,
165809,Bernardo Silva,Midfielder,Manchester City,43,Portugal,2022-23,3.9693,0.0,,44.0,,112.0,34.0,24.0,155.0,1418.0,1.0,,17.0,3.0,,2203.0,91.0,5.0,44.0,87.0,1204.0,,3.0,22.3323,4.0,6.0,24.0,376.0,,15.0,0.0,223.0,,256.0,122.0,34.0,,751.0,19.0,206.0,4.0,0.0,1.0,1396.0,17.0,317.0,23.0,28.0,,,396.0,59.0,1844.0,41.0,23.0,525.0,,5.0,43.0,28.0,132.0,13.0,52.0,10.0,1.9577,15.0,5.0,23.0,4.0,2.0,13.0,4.0,4.0,13.0,,96.0,,26.0,119.0,17.0,2.0,21.0,4.0,29.0,,60.0,5.0,6.0,31.0,16.0,390.0,8.0,23.0,2.0,2.1557,10.0,1.0,3.0,9.0,59.0,2.0,2.0,10.0,2.0,7.0,2.0,62.0,2.0,8.0,,8.0,1.0,,1.0,,,,,2.0,,7.0,,,1.0,,,,,,,
437468,Sergio Gómez,Midfielder,Manchester City,43,Spain,2022-23,1.0682,0.0,,9.0,,29.0,12.0,2.0,31.0,287.0,,,13.0,,,341.0,15.0,1.0,9.0,12.0,251.0,,1.0,7.4236,1.0,8.0,6.0,112.0,,2.0,0.0,35.0,,79.0,19.0,12.0,,148.0,5.0,22.0,3.0,0.0,,282.0,2.0,51.0,4.0,1.0,,,35.0,5.0,369.0,21.0,,110.0,,0.0,2.0,13.0,20.0,1.0,7.0,,,6.0,1.0,3.0,,,2.0,,,10.0,,10.0,,4.0,10.0,2.0,,5.0,,3.0,,6.0,6.0,3.0,1.0,2.0,61.0,1.0,,,0.6208,1.0,,,,4.0,,1.0,10.0,,1.0,,6.0,1.0,,,,,,,,1.0,,,2.0,,3.0,,,,,,,,,,
482769,Máximo Perrone,Midfielder,Manchester City,43,Argentina,2022-23,0.0067,0.0,,,,2.0,1.0,,2.0,20.0,,,,,,18.0,,,2.0,,18.0,,,0.4413,,,1.0,3.0,,,0.0,,,4.0,3.0,1.0,,9.0,1.0,,,0.0,,20.0,1.0,3.0,,,,,7.0,,22.0,,,9.0,,0.0,,,,,1.0,,,,,1.0,,,,,,,,2.0,,,,1.0,,,,,,,,,,,6.0,,,,,,,,1.0,,,,1.0,,,,,,,,,,,,,,,,,,,,,,,,,,,,
209244,Phil Foden,Midfielder,Manchester City,43,England,2022-23,4.7521,0.0,,16.0,,122.0,32.0,22.0,139.0,1003.0,,,45.0,3.0,,1843.0,106.0,4.0,55.0,87.0,840.0,,,16.2495,1.0,11.0,16.0,271.0,,29.0,2.0,212.0,,154.0,91.0,32.0,,642.0,12.0,167.0,19.0,0.0,,993.0,19.0,304.0,10.0,42.0,,,197.0,24.0,1417.0,13.0,6.0,249.0,,1.0,17.0,18.0,106.0,15.0,26.0,22.0,7.5796,33.0,5.0,10.0,11.0,3.0,27.0,9.0,9.0,26.0,,136.0,,38.0,80.0,23.0,8.0,6.0,7.0,31.0,,60.0,11.0,2.0,10.0,5.0,381.0,11.0,5.0,1.0,6.2715,13.0,3.0,4.0,17.0,38.0,6.0,5.0,10.0,2.0,,2.0,64.0,5.0,8.0,4.0,8.0,1.0,,1.0,1.0,12.0,1.0,1.0,20.0,0.1642,39.0,,,1.0,,,,,,,
463210,Shea Charles,Midfielder,Southampton,20,Northern Ireland,2022-23,0.0049,0.0,,4.0,,2.0,1.0,,2.0,24.0,1.0,,2.0,,,27.0,6.0,,1.0,4.0,21.0,,,1.0345,,2.0,1.0,7.0,,,0.0,7.0,,5.0,1.0,1.0,,13.0,1.0,5.0,2.0,0.0,1.0,22.0,,3.0,,,,,11.0,1.0,33.0,1.0,,9.0,,0.0,,2.0,1.0,,,,,,,,,,,,,,,,,,1.0,,,4.0,,,,1.0,,,,1.0,1.0,,,,,,,,,,,,1.0,,,,,,,,,,,,,,,,,,,,,,,,,,,,
472769,Nico O'Reilly,Midfielder,Manchester City U21,12969,England,2022-23,,0.0,,,,,,,,,,,,,,,,,,,,,,,,,,,,,,,,,,,,,,,,0.0,,,,,,,,,,,,,,,,0.0,,,,,,,,,,,,,,,,,,,,,,,,,,,,,,,,,,,,,,,,,,,,,,,,,,,,,,,,,,,,,,,,,,,,,,,,,
244851,Cole Palmer,Midfielder,Chelsea,8,England,2022-23,0.5116,0.0,,5.0,,18.0,14.0,2.0,21.0,185.0,,,4.0,1.0,,358.0,28.0,,2.0,27.0,160.0,,1.0,7.9374,,2.0,4.0,49.0,,6.0,0.0,49.0,,26.0,20.0,14.0,,123.0,4.0,45.0,1.0,0.0,,184.0,3.0,55.0,1.0,16.0,,,30.0,4.0,274.0,1.0,,43.0,,1.0,3.0,5.0,21.0,2.0,3.0,4.0,0.6317,5.0,1.0,,,,2.0,4.0,4.0,3.0,,36.0,,4.0,18.0,1.0,,4.0,,7.0,,15.0,1.0,1.0,1.0,1.0,80.0,,1.0,,1.5055,6.0,1.0,,3.0,5.0,1.0,1.0,12.0,,,,5.0,1.0,5.0,,5.0,,,,,,,,,,1.0,,,,,,,,,,
434043,Alex Robertson,Midfielder,Cardiff City,97,Australia,2022-23,,0.0,,,,,,,,,,,,,,,,,,,,,,,,,,,,,,,,,,,,,,,,0.0,,,,,,,,,,,,,,,,0.0,,,,,,,,,,,,,,,,,,,,,,,,,,,,,,,,,,,,,,,,,,,,,,,,,,,,,,,,,,,,,,,,,,,,,,,,,
244932,Ben Knight,Midfielder,Cambridge United,101,England,2022-23,,0.0,,,,,,,,,,,,,,,,,,,,,,,,,,,,,,,,,,,,,,,,0.0,,,,,,,,,,,,,,,,0.0,,,,,,,,,,,,,,,,,,,,,,,,,,,,,,,,,,,,,,,,,,,,,,,,,,,,,,,,,,,,,,,,,,,,,,,,,
223094,Erling Haaland,Forward,Manchester City,43,Norway,2022-23,3.1304,0.0,,3.0,,120.0,35.0,33.0,121.0,480.0,,,100.0,6.0,,2776.0,88.0,5.0,29.0,38.0,357.0,,2.0,20.8687,,14.0,26.0,98.0,,24.0,10.0,217.0,,78.0,37.0,35.0,,225.0,21.0,117.0,50.0,0.0,,437.0,24.0,238.0,2.0,11.0,,,144.0,2.0,830.0,1.0,,134.0,,5.0,1.0,23.0,129.0,,66.0,60.0,25.3423,107.0,8.0,28.0,36.0,14.0,,21.0,21.0,50.0,,227.0,,22.0,79.0,8.0,22.0,1.0,23.0,18.0,7.0,44.0,47.0,4.0,31.0,3.0,160.0,12.0,6.0,,28.5005,16.0,3.0,4.0,25.0,12.0,8.0,1.0,2.0,3.0,1.0,3.0,12.0,1.0,15.0,6.0,15.0,1.0,,8.0,5.0,,,,,,1.0,7.0,7.0,1.0,,,,,,,
461358,Julián Alvarez,Forward,Atlético de Madrid,175,Argentina,2022-23,1.6192,0.0,,26.0,,75.0,31.0,13.0,81.0,469.0,,,31.0,3.0,,1453.0,69.0,,30.0,61.0,370.0,,2.0,15.9731,,5.0,16.0,134.0,,14.0,2.0,172.0,,69.0,44.0,31.0,,272.0,16.0,141.0,8.0,0.0,,456.0,20.0,175.0,16.0,21.0,,,133.0,18.0,721.0,4.0,2.0,119.0,,0.0,6.0,17.0,103.0,3.0,42.0,22.0,7.1528,34.0,,14.0,9.0,3.0,3.0,7.0,7.0,23.0,,97.0,,18.0,80.0,13.0,6.0,10.0,1.0,14.0,,38.0,12.0,,21.0,2.0,133.0,5.0,5.0,1.0,7.3706,13.0,1.0,7.0,19.0,19.0,3.0,3.0,18.0,6.0,,6.0,23.0,3.0,10.0,8.0,10.0,,,3.0,1.0,,,,3.0,,4.0,1.0,1.0,1.0,,,,,,,
103025,Riyad Mahrez,Forward,Manchester City,43,Algeria,2022-23,5.2807,0.0,,30.0,,123.0,30.0,22.0,136.0,1033.0,,,23.0,3.0,,1923.0,108.0,2.0,44.0,99.0,861.0,,2.0,18.9143,,2.0,23.0,37.0,,42.0,2.0,218.0,,140.0,82.0,30.0,,670.0,21.0,195.0,9.0,0.0,,990.0,29.0,301.0,14.0,27.0,,,488.0,36.0,1483.0,35.0,4.0,253.0,,2.0,13.0,25.0,110.0,10.0,39.0,13.0,3.9671,28.0,10.0,13.0,5.0,1.0,26.0,4.0,4.0,14.0,,116.0,,41.0,96.0,26.0,4.0,16.0,3.0,27.0,,54.0,15.0,1.0,16.0,9.0,368.0,11.0,8.0,1.0,5.7552,15.0,4.0,10.0,15.0,28.0,7.0,7.0,8.0,4.0,2.0,4.0,70.0,7.0,8.0,2.0,8.0,1.0,,,1.0,15.0,7.0,7.0,35.0,0.5447,65.0,1.0,1.0,,,,,,,,
51940,David de Gea,Goalkeeper,Fiorentina,125,Spain,2022-23,0.1989,0.0,14.0,,32.0,10.0,38.0,38.0,343.0,1083.0,179.0,5.0,6.0,17.0,3.0,3420.0,10.0,8.0,1.0,5.0,553.0,12.0,2.0,41.451,25.0,27.0,43.0,224.0,101.0,5.0,0.0,12.0,1.0,617.0,196.0,38.0,1.0,93.0,35.0,6.0,5.0,0.0,234.0,809.0,1.0,352.0,,,73.0,31.0,242.0,187.0,1371.0,,97.0,647.0,68.0,0.0,333.0,88.0,2.0,,,,,,,,,,,,,1.0,,,,1.0,1.0,,,,,,,,,,,1.0,,,,,,,,1.0,,,,,,,,,,,,,,,,,,,,,,,,,,,,1.0,1.0,3.0,,,
21205,Tom Heaton,Goalkeeper,Manchester United,1,England,2022-23,,0.0,,,,,,,,,,,,,,,,,,,,,,,,,,,,,,,,,,,,,,,,0.0,,,,,,,,,,,,,,,,0.0,,,,,,,,,,,,,,,,,,,,,,,,,,,,,,,,,,,,,,,,,,,,,,,,,,,,,,,,,,,,,,,,,,,,,,,,,
172649,Dean Henderson,Goalkeeper,Crystal Palace,31,England,2022-23,0.0255,0.0,18.0,,14.0,3.0,18.0,18.0,243.0,562.0,156.0,3.0,1.0,6.0,5.0,1620.0,2.0,12.0,,1.0,204.0,8.0,2.0,27.3984,20.0,20.0,31.0,89.0,55.0,1.0,0.0,3.0,3.0,365.0,156.0,18.0,2.0,70.0,19.0,2.0,1.0,0.0,206.0,330.0,,247.0,,,57.0,14.0,108.0,115.0,772.0,,89.0,249.0,40.0,2.0,240.0,42.0,1.0,,,,,,,,,,,,,,1.0,,,,1.0,,,,,,,,,,1.0,,,,1.0,,,,,,,,,,,,,,,,,,,,,,,,,,,,,,,,,2.0,2.0,,,,
250370,Nathan Bishop,Goalkeeper,AFC Wimbledon,2623,England,2022-23,,0.0,,,,,,,,,,,,,,,,,,,,,,,,,,,,,,,,,,,,,,,,0.0,,,,,,,,,,,,,,,,0.0,,,,,,,,,,,,,,,,,,,,,,,,,,,,,,,,,,,,,,,,,,,,,,,,,,,,,,,,,,,,,,,,,,,,,,,,,
446189,Matej Kovár,Goalkeeper,PSV,204,Czech Republic,2022-23,,0.0,,,,,,,,,,,,,,,,,,,,,,,,,,,,,,,,,,,,,,,,0.0,,,,,,,,,,,,,,,,0.0,,,,,,,,,,,,,,,,,,,,,,,,,,,,,,,,,,,,,,,,,,,,,,,,,,,,,,,,,,,,,,,,,,,,,,,,,
184667,Victor Lindelöf,Defender,Aston Villa,7,Sweden,2022-23,0.4,0.0,,22.0,,40.0,20.0,14.0,63.0,928.0,11.0,,53.0,5.0,,1360.0,61.0,4.0,10.0,28.0,840.0,,2.0,16.1771,3.0,63.0,16.0,276.0,,4.0,0.0,102.0,,271.0,84.0,20.0,,224.0,12.0,49.0,33.0,0.0,11.0,904.0,1.0,68.0,17.0,2.0,,,311.0,25.0,1088.0,1.0,4.0,641.0,,1.0,23.0,27.0,41.0,,20.0,,,3.0,,13.0,,,,,,20.0,,5.0,,3.0,21.0,9.0,,5.0,,1.0,,3.0,3.0,9.0,10.0,21.0,70.0,1.0,5.0,,0.2798,,,2.0,,1.0,,,6.0,,,,1.0,,,,,,,,,,,,,,,,,,,,,,,,
95658,Harry Maguire,Defender,Manchester United,1,England,2022-23,0.0636,0.0,,8.0,,45.0,16.0,8.0,84.0,574.0,,,47.0,5.0,,762.0,39.0,1.0,10.0,14.0,453.0,,,7.4207,,41.0,7.0,132.0,,4.0,0.0,71.0,,174.0,55.0,16.0,,144.0,6.0,24.0,25.0,0.0,,563.0,1.0,88.0,6.0,2.0,,,233.0,37.0,679.0,1.0,14.0,346.0,,4.0,39.0,22.0,32.0,,15.0,,,1.0,,8.0,,,,,,22.0,,9.0,,1.0,10.0,7.0,,2.0,,1.0,,1.0,1.0,11.0,8.0,13.0,35.0,,4.0,,0.3181,2.0,,,,1.0,,,8.0,,,,1.0,,2.0,,2.0,,,,,,,,,,,,,,1.0,,,,,,
221820,Lisandro Martínez,Defender,Manchester United,1,Argentina,2022-23,1.0133,0.0,,52.0,,96.0,27.0,24.0,193.0,1518.0,83.0,,63.0,8.0,,2115.0,111.0,6.0,30.0,79.0,1257.0,,1.0,28.4701,5.0,97.0,33.0,576.0,,10.0,0.0,188.0,,528.0,164.0,27.0,,413.0,27.0,125.0,32.0,0.0,83.0,1401.0,1.0,218.0,28.0,17.0,,,298.0,68.0,1851.0,5.0,26.0,912.0,,6.0,97.0,65.0,77.0,,50.0,1.0,0.1183,7.0,,27.0,1.0,1.0,,,,31.0,,11.0,,6.0,46.0,23.0,0.0,24.0,,,1.0,9.0,6.0,27.0,21.0,33.0,116.0,5.0,10.0,1.0,0.5181,3.0,,7.0,,,,1.0,3.0,,,,,1.0,2.0,,2.0,,,,1.0,,,,,,,,,,,,,,,,
222690,Tyrell Malacia,Defender,Manchester United U21,15988,Netherlands,2022-23,0.7163,0.0,,46.0,,65.0,22.0,14.0,84.0,668.0,,,12.0,6.0,,1393.0,74.0,2.0,26.0,66.0,565.0,,,15.9223,2.0,44.0,14.0,246.0,,13.0,0.0,149.0,,212.0,90.0,22.0,,278.0,12.0,137.0,8.0,0.0,,657.0,2.0,147.0,33.0,7.0,,,86.0,19.0,1021.0,107.0,9.0,309.0,,6.0,19.0,34.0,75.0,2.0,43.0,2.0,0.1013,3.0,,20.0,,,3.0,2.0,2.0,4.0,,16.0,,9.0,71.0,10.0,,13.0,,13.0,,21.0,1.0,3.0,39.0,25.0,124.0,4.0,19.0,1.0,0.244,2.0,,,1.0,11.0,3.0,2.0,8.0,,10.0,,12.0,2.0,,,,,,,1.0,1.0,,,1.0,,2.0,,,,,,,,,,
90152,Raphaël Varane,Defender,Manchester United,1,France,2022-23,0.5088,0.0,,24.0,,90.0,24.0,22.0,148.0,1099.0,,,58.0,8.0,,1916.0,75.0,4.0,13.0,33.0,897.0,,,21.6977,6.0,89.0,22.0,280.0,,3.0,0.0,119.0,,377.0,100.0,24.0,,341.0,18.0,61.0,42.0,0.0,,1072.0,2.0,159.0,9.0,6.0,,,329.0,54.0,1312.0,3.0,24.0,610.0,,1.0,58.0,47.0,44.0,,26.0,4.0,0.4321,6.0,,18.0,,,,4.0,4.0,16.0,,18.0,1.0,4.0,28.0,7.0,,15.0,,4.0,,5.0,2.0,17.0,12.0,11.0,113.0,6.0,4.0,,0.7443,2.0,,2.0,1.0,1.0,2.0,,2.0,,,,1.0,,2.0,,2.0,,,,,,,,,,,,,,,,,,,,
216051,Diogo Dalot,Defender,Manchester United,1,Portugal,2022-23,1.5327,0.0,,53.0,,166.0,26.0,24.0,232.0,1189.0,,,57.0,9.0,,2155.0,118.0,4.0,53.0,79.0,887.0,,2.0,29.9606,6.0,52.0,34.0,133.0,,3.0,0.0,182.0,,417.0,152.0,26.0,,476.0,30.0,125.0,39.0,0.0,,1172.0,9.0,330.0,41.0,23.0,,,466.0,70.0,1724.0,170.0,17.0,495.0,,6.0,66.0,92.0,64.0,14.0,39.0,7.0,1.4312,12.0,2.0,21.0,1.0,1.0,14.0,5.0,5.0,18.0,,40.0,,27.0,46.0,18.0,0.0,12.0,,6.0,,11.0,5.0,7.0,21.0,37.0,173.0,3.0,10.0,,2.6014,10.0,1.0,3.0,,30.0,,8.0,2.0,1.0,32.0,1.0,30.0,8.0,2.0,1.0,2.0,,,,1.0,,,,,,,,,,1.0,,,,,,
106760,Luke Shaw,Defender,Manchester United,1,England,2022-23,2.8809,0.0,,55.0,,190.0,31.0,30.0,253.0,1805.0,28.0,,75.0,11.0,,2555.0,145.0,7.0,71.0,99.0,1491.0,,2.0,32.11,1.0,53.0,35.0,626.0,,27.0,0.0,264.0,,745.0,189.0,31.0,,741.0,28.0,189.0,46.0,0.0,28.0,1735.0,10.0,390.0,36.0,17.0,,,207.0,61.0,2466.0,179.0,15.0,837.0,,8.0,63.0,92.0,119.0,16.0,61.0,4.0,0.993,10.0,2.0,31.0,1.0,0.0,26.0,2.0,2.0,29.0,1.0,22.0,,32.0,90.0,34.0,1.0,19.0,,17.0,,25.0,6.0,17.0,46.0,36.0,227.0,6.0,24.0,1.0,1.0868,4.0,,2.0,1.0,41.0,1.0,3.0,1.0,1.0,16.0,1.0,63.0,3.0,1.0,1.0,1.0,1.0,,1.0,,8.0,1.0,1.0,20.0,0.0414,38.0,,,,,,,,,,
214590,Aaron Wan-Bissaka,Defender,West Ham United,21,DR Congo,2022-23,0.9381,0.0,,40.0,,101.0,19.0,16.0,116.0,705.0,,,30.0,7.0,,1436.0,74.0,4.0,38.0,61.0,572.0,,1.0,13.187,3.0,35.0,10.0,63.0,,2.0,0.0,131.0,,244.0,73.0,19.0,,309.0,6.0,101.0,13.0,0.0,,701.0,7.0,176.0,25.0,19.0,,,272.0,17.0,1069.0,114.0,8.0,283.0,,2.0,15.0,39.0,57.0,3.0,34.0,2.0,0.276,3.0,,19.0,,,3.0,2.0,2.0,17.0,,46.0,,15.0,40.0,16.0,,15.0,,17.0,,27.0,1.0,8.0,11.0,22.0,126.0,4.0,8.0,,1.0764,7.0,1.0,2.0,3.0,11.0,,2.0,3.0,,5.0,,11.0,2.0,5.0,,5.0,,1.0,,,,,,,,,,,,,,,,,,
232937,Brandon Williams,Defender,Hull City U21,19590,England,2022-23,,0.0,,,,,,,,,,,,,,,,,,,,,,,,,,,,,,,,,,,,,,,,0.0,,,,,,,,,,,,,,,,0.0,,,,,,,,,,,,,,,,,,,,,,,,,,,,,,,,,,,,,,,,,,,,,,,,,,,,,,,,,,,,,,,,,,,,,,,,,
518467,Marc Jurado,Defender,Manchester United U21,15988,Spain,2022-23,,0.0,,,,,,,,,,,,,,,,,,,,,,,,,,,,,,,,,,,,,,,,0.0,,,,,,,,,,,,,,,,0.0,,,,,,,,,,,,,,,,,,,,,,,,,,,,,,,,,,,,,,,,,,,,,,,,,,,,,,,,,,,,,,,,,,,,,,,,,
515500,Rhys Bennett,Defender,Manchester United U21,15988,England,2022-23,,0.0,,,,,,,,,,,,,,,,,,,,,,,,,,,,,,,,,,,,,,,,0.0,,,,,,,,,,,,,,,,0.0,,,,,,,,,,,,,,,,,,,,,,,,,,,,,,,,,,,,,,,,,,,,,,,,,,,,,,,,,,,,,,,,,,,,,,,,,
141746,Bruno Fernandes,Midfielder,Manchester United,1,Portugal,2022-23,10.7342,0.0,,68.0,,328.0,37.0,37.0,413.0,1855.0,,,62.0,16.0,,3318.0,157.0,6.0,97.0,138.0,1326.0,,2.0,39.3543,3.0,36.0,39.0,440.0,,39.0,3.0,354.0,,633.0,223.0,37.0,,986.0,33.0,292.0,19.0,0.0,,1754.0,39.0,647.0,42.0,32.0,,,415.0,116.0,2530.0,24.0,13.0,488.0,,6.0,85.0,85.0,197.0,18.0,103.0,35.0,7.1808,70.0,8.0,54.0,8.0,2.0,32.0,13.0,13.0,43.0,,156.0,,111.0,154.0,32.0,6.0,26.0,,28.0,,70.0,35.0,5.0,42.0,25.0,367.0,4.0,31.0,,9.3472,22.0,3.0,35.0,20.0,66.0,15.0,10.0,,14.0,,14.0,109.0,10.0,12.0,8.0,12.0,2.0,,2.0,5.0,16.0,6.0,6.0,34.0,0.42,83.0,2.0,2.0,1.0,,,,,,,
80607,Christian Eriksen,Midfielder,Manchester United,1,Denmark,2022-23,3.4232,0.0,,22.0,,161.0,28.0,25.0,214.0,1390.0,,,22.0,1.0,,2061.0,50.0,5.0,43.0,41.0,1112.0,,,22.9554,2.0,20.0,25.0,397.0,,10.0,0.0,129.0,,449.0,151.0,28.0,,727.0,20.0,107.0,9.0,0.0,,1346.0,12.0,334.0,18.0,9.0,,,272.0,64.0,1699.0,6.0,9.0,469.0,,3.0,53.0,53.0,79.0,5.0,32.0,12.0,4.7393,27.0,8.0,15.0,1.0,1.0,20.0,7.0,7.0,13.0,,36.0,,28.0,66.0,15.0,0.0,4.0,,9.0,,28.0,15.0,9.0,13.0,11.0,272.0,18.0,5.0,,4.9452,12.0,,9.0,8.0,21.0,3.0,7.0,3.0,4.0,1.0,4.0,61.0,7.0,5.0,1.0,5.0,,,,,12.0,4.0,4.0,34.0,0.2262,62.0,,,,,,,,,,
101338,Marcel Sabitzer,Midfielder,Borussia Dortmund,157,Austria,2022-23,1.2643,0.0,,12.0,,54.0,11.0,7.0,62.0,296.0,,,24.0,1.0,,628.0,36.0,1.0,11.0,23.0,225.0,,1.0,7.7786,,11.0,7.0,55.0,,10.0,0.0,70.0,,105.0,52.0,11.0,,129.0,6.0,46.0,13.0,0.0,,289.0,3.0,86.0,8.0,1.0,,,72.0,9.0,398.0,2.0,4.0,106.0,,1.0,8.0,17.0,34.0,1.0,21.0,3.0,0.8863,7.0,1.0,14.0,,,1.0,1.0,1.0,11.0,,20.0,,9.0,23.0,4.0,,4.0,,1.0,,6.0,4.0,2.0,8.0,8.0,64.0,5.0,7.0,,0.7374,4.0,1.0,2.0,6.0,3.0,1.0,2.0,4.0,2.0,,2.0,3.0,2.0,2.0,,2.0,,,1.0,,,1.0,1.0,,0.0376,1.0,,,,,,,,,,
101582,Fred,Midfielder,Fenerbahçe,253,Brazil,2022-23,1.7592,0.0,,47.0,,114.0,35.0,12.0,147.0,762.0,,,22.0,3.0,,1234.0,95.0,4.0,62.0,84.0,585.0,,1.0,19.6293,,13.0,22.0,235.0,,22.0,1.0,194.0,,229.0,127.0,35.0,,355.0,18.0,172.0,11.0,0.0,,748.0,5.0,220.0,30.0,15.0,,,174.0,30.0,1060.0,1.0,12.0,262.0,,6.0,33.0,59.0,99.0,2.0,57.0,5.0,1.2739,16.0,2.0,19.0,2.0,0.0,2.0,1.0,1.0,11.0,,41.0,,28.0,88.0,36.0,2.0,17.0,2.0,14.0,,31.0,11.0,2.0,33.0,19.0,124.0,6.0,27.0,,1.9939,10.0,,7.0,6.0,11.0,1.0,6.0,23.0,2.0,,2.0,12.0,6.0,4.0,,4.0,,,,1.0,,,,1.0,,3.0,,,,,,,,,,
61256,Casemiro,Midfielder,Manchester United,1,Brazil,2022-23,3.9153,2.0,,88.0,,228.0,28.0,24.0,303.0,1412.0,1.0,,86.0,9.0,,2125.0,177.0,5.0,67.0,121.0,1014.0,,2.0,20.9684,2.0,60.0,21.0,290.0,,24.0,2.0,326.0,,507.0,205.0,28.0,,577.0,16.0,240.0,56.0,2.0,1.0,1389.0,11.0,365.0,46.0,9.0,,,436.0,95.0,1826.0,1.0,16.0,536.0,,7.0,75.0,101.0,149.0,4.0,57.0,11.0,3.251,28.0,3.0,35.0,4.0,2.0,4.0,2.0,2.0,30.0,1.0,26.0,,25.0,119.0,38.0,2.0,42.0,,8.0,2.0,22.0,17.0,11.0,48.0,34.0,179.0,4.0,29.0,,3.3954,6.0,,12.0,16.0,15.0,1.0,4.0,4.0,5.0,,5.0,15.0,4.0,2.0,2.0,2.0,1.0,,,1.0,,,,,,,,,,,,,,,,
488404,Facundo Pellistri,Midfielder,Panathinaikos,264,Uruguay,2022-23,0.0172,0.0,,1.0,,1.0,4.0,,1.0,15.0,,,,,,60.0,5.0,,,5.0,14.0,,,1.1281,,1.0,1.0,1.0,,2.0,0.0,8.0,,3.0,1.0,4.0,,8.0,1.0,8.0,,0.0,,15.0,,5.0,1.0,2.0,,,4.0,,29.0,1.0,,6.0,,0.0,,1.0,3.0,,1.0,,,,,,,,,,,,,1.0,,,3.0,,,,,1.0,,2.0,,,1.0,,7.0,,1.0,,,,,,,,,,4.0,,,,,,,,,,,,,,,,,,,,,,,,,,,,
180184,Donny van de Beek,Midfielder,Manchester United,1,Netherlands,2022-23,0.1422,0.0,,,,13.0,7.0,2.0,13.0,59.0,,,6.0,,,164.0,7.0,1.0,5.0,4.0,46.0,,,1.8324,,1.0,3.0,21.0,,2.0,0.0,18.0,,8.0,3.0,7.0,,37.0,2.0,12.0,3.0,0.0,,56.0,2.0,20.0,,2.0,,,13.0,,78.0,,,9.0,,0.0,,1.0,11.0,,2.0,,,,,2.0,,,,,,3.0,,10.0,,3.0,8.0,1.0,,,,1.0,,3.0,,1.0,4.0,1.0,17.0,2.0,3.0,,0.096,2.0,,,2.0,,1.0,,5.0,,,,,,2.0,,2.0,,,,,,,,,,1.0,,,,,,,,,,
195851,Scott McTominay,Midfielder,Napoli,459,Scotland,2022-23,0.9952,0.0,,32.0,,65.0,24.0,10.0,73.0,426.0,,,57.0,4.0,,1151.0,96.0,3.0,15.0,62.0,335.0,,1.0,19.7099,2.0,45.0,20.0,96.0,,16.0,1.0,185.0,,122.0,78.0,24.0,,195.0,17.0,128.0,34.0,0.0,,422.0,7.0,130.0,19.0,14.0,,,145.0,18.0,673.0,1.0,3.0,159.0,,8.0,8.0,30.0,89.0,1.0,28.0,6.0,1.0953,11.0,,15.0,1.0,0.0,1.0,2.0,2.0,23.0,1.0,28.0,,8.0,66.0,9.0,1.0,13.0,,9.0,,28.0,5.0,6.0,28.0,14.0,63.0,3.0,15.0,,2.0259,2.0,1.0,3.0,3.0,3.0,,,14.0,3.0,,3.0,3.0,,2.0,1.0,2.0,,,,,,,,,,,,,,1.0,,,,,,
461548,Zidane Iqbal,Midfielder,FC Utrecht,325,Iraq,2022-23,,0.0,,,,,,,,,,,,,,,,,,,,,,,,,,,,,,,,,,,,,,,,0.0,,,,,,,,,,,,,,,,0.0,,,,,,,,,,,,,,,,,,,,,,,,,,,,,,,,,,,,,,,,,,,,,,,,,,,,,,,,,,,,,,,,,,,,,,,,,
516895,Kobbie Mainoo,Midfielder,Manchester United,1,England,2022-23,0.0659,0.0,,,,1.0,1.0,,1.0,8.0,,,,,,10.0,,,,,7.0,,,0.1375,,,,5.0,,,0.0,1.0,,1.0,,1.0,,5.0,,1.0,,0.0,,8.0,,2.0,,,,,2.0,,11.0,,,2.0,,0.0,,,1.0,,,,,,,,,,,,,,,3.0,,,1.0,,,,,1.0,,1.0,,1.0,,,,,,,,,,,,,,,1.0,,,,,,,,,,,,,,,,,,,,,,,,,,,,
148225,Anthony Martial,Forward,AEK Athens,234,France,2022-23,1.4218,0.0,,5.0,,57.0,21.0,11.0,59.0,320.0,,,27.0,,,979.0,44.0,1.0,23.0,34.0,256.0,,,10.6581,,4.0,8.0,92.0,,14.0,2.0,101.0,,71.0,20.0,21.0,,198.0,7.0,74.0,10.0,0.0,,310.0,8.0,128.0,3.0,15.0,,,77.0,5.0,490.0,2.0,,63.0,,0.0,2.0,9.0,57.0,,30.0,13.0,6.5469,21.0,2.0,14.0,6.0,2.0,,5.0,5.0,17.0,,56.0,,10.0,40.0,9.0,4.0,2.0,1.0,9.0,1.0,29.0,8.0,2.0,8.0,1.0,80.0,11.0,3.0,1.0,6.1253,6.0,1.0,3.0,12.0,4.0,7.0,1.0,10.0,2.0,,2.0,4.0,1.0,5.0,4.0,5.0,,,3.0,,,,,,,,1.0,1.0,1.0,,,,,,,
176297,Marcus Rashford,Forward,Manchester United,1,England,2022-23,2.755,0.0,,19.0,,149.0,35.0,32.0,166.0,779.0,,,60.0,6.0,,2888.0,120.0,8.0,57.0,100.0,586.0,,1.0,38.0831,,13.0,39.0,246.0,,23.0,10.0,309.0,,171.0,100.0,35.0,,456.0,31.0,249.0,20.0,0.0,,766.0,28.0,393.0,10.0,58.0,,,117.0,27.0,1331.0,9.0,8.0,162.0,,2.0,17.0,32.0,189.0,5.0,50.0,50.0,16.3738,81.0,5.0,24.0,17.0,4.0,5.0,31.0,31.0,40.0,,199.0,,25.0,149.0,26.0,13.0,9.0,3.0,72.0,3.0,116.0,31.0,4.0,15.0,7.0,245.0,13.0,6.0,2.0,15.8254,27.0,8.0,2.0,34.0,19.0,15.0,12.0,3.0,2.0,,2.0,19.0,12.0,15.0,11.0,15.0,,,6.0,2.0,,7.0,7.0,,0.2667,,,,,,,,,,,
467169,Antony,Forward,Real Betis,185,Brazil,2022-23,2.4339,0.0,,22.0,,128.0,25.0,23.0,138.0,774.0,,,24.0,3.0,,1816.0,85.0,3.0,47.0,80.0,619.0,,1.0,18.6051,2.0,2.0,21.0,57.0,,25.0,1.0,189.0,,153.0,99.0,25.0,,476.0,18.0,165.0,5.0,0.0,,772.0,19.0,258.0,9.0,33.0,,,291.0,17.0,1132.0,12.0,3.0,163.0,,5.0,10.0,38.0,104.0,3.0,42.0,24.0,7.1678,51.0,2.0,21.0,4.0,3.0,3.0,10.0,10.0,19.0,,85.0,,26.0,85.0,18.0,1.0,13.0,4.0,37.0,,49.0,27.0,,15.0,11.0,273.0,17.0,10.0,,6.7205,21.0,4.0,3.0,18.0,29.0,2.0,12.0,2.0,10.0,1.0,10.0,29.0,12.0,9.0,,9.0,1.0,,1.0,4.0,,,,,,1.0,,,,,,,,,,
209243,Jadon Sancho,Forward,Aston Villa,7,England,2022-23,4.1115,0.0,,16.0,,106.0,26.0,21.0,112.0,749.0,,,14.0,2.0,,1698.0,63.0,2.0,51.0,61.0,626.0,,1.0,17.5981,,5.0,18.0,233.0,,10.0,1.0,164.0,,128.0,109.0,26.0,,463.0,16.0,150.0,2.0,0.0,,745.0,11.0,244.0,10.0,35.0,,,131.0,11.0,1046.0,7.0,2.0,177.0,,0.0,6.0,35.0,101.0,3.0,32.0,11.0,3.7169,14.0,3.0,15.0,6.0,2.0,3.0,4.0,4.0,12.0,,113.0,,41.0,89.0,23.0,4.0,6.0,1.0,39.0,,59.0,3.0,2.0,9.0,7.0,257.0,17.0,4.0,,4.2671,7.0,6.0,4.0,18.0,12.0,8.0,1.0,5.0,1.0,1.0,1.0,14.0,1.0,6.0,5.0,6.0,,,6.0,,,,,2.0,,5.0,,,,,,,,,,
120202,Wout Weghorst,Forward,Ajax,215,Netherlands,2022-23,1.1705,0.0,,11.0,,48.0,17.0,10.0,56.0,207.0,,,41.0,2.0,,797.0,39.0,3.0,11.0,23.0,147.0,,1.0,12.9509,,9.0,11.0,52.0,,9.0,0.0,104.0,,52.0,34.0,17.0,,90.0,8.0,63.0,16.0,0.0,,206.0,2.0,90.0,5.0,4.0,,,39.0,4.0,318.0,,4.0,61.0,,1.0,8.0,13.0,65.0,,25.0,5.0,0.2208,11.0,1.0,10.0,,,,4.0,4.0,25.0,,27.0,,13.0,40.0,5.0,,6.0,,7.0,,19.0,6.0,2.0,14.0,7.0,64.0,7.0,4.0,2.0,2.0225,3.0,,4.0,16.0,,5.0,1.0,7.0,1.0,,1.0,,1.0,2.0,,2.0,,,1.0,,,,,,,,,,,,,,,,,
449434,Anthony Elanga,Forward,Newcastle United,4,Sweden,2022-23,0.9681,0.0,,3.0,,27.0,16.0,5.0,29.0,121.0,,,19.0,,,422.0,24.0,,6.0,16.0,90.0,,1.0,3.5097,,3.0,2.0,17.0,,7.0,0.0,55.0,,26.0,17.0,16.0,,62.0,2.0,36.0,8.0,0.0,,120.0,1.0,64.0,,6.0,,,46.0,2.0,210.0,2.0,2.0,31.0,,0.0,2.0,8.0,31.0,1.0,16.0,4.0,0.8409,9.0,1.0,9.0,,,1.0,4.0,4.0,11.0,,31.0,,5.0,20.0,4.0,,3.0,,7.0,,14.0,5.0,,3.0,2.0,32.0,5.0,2.0,,0.6955,1.0,2.0,,2.0,6.0,3.0,,11.0,,,,6.0,,1.0,,1.0,,,1.0,1.0,,,,,,,,,,,,,,,,
472464,Shola Shoretire,Forward,PAOK Salonika,237,England,2022-23,,0.0,,,,,,,,,,,,,,,,,,,,,,,,,,,,,,,,,,,,,,,,0.0,,,,,,,,,,,,,,,,0.0,,,,,,,,,,,,,,,,,,,,,,,,,,,,,,,,,,,,,,,,,,,,,,,,,,,,,,,,,,,,,,,,,,,,,,,,,
493105,Alejandro Garnacho,Forward,Chelsea,8,Argentina,2022-23,0.9345,0.0,,5.0,,33.0,19.0,5.0,35.0,185.0,,,13.0,,,561.0,29.0,4.0,12.0,26.0,147.0,,,8.4156,,2.0,13.0,76.0,,8.0,1.0,98.0,,23.0,28.0,19.0,,119.0,9.0,85.0,3.0,0.0,,185.0,7.0,106.0,2.0,13.0,,,16.0,3.0,338.0,,2.0,31.0,,3.0,2.0,13.0,69.0,,21.0,10.0,3.3434,17.0,2.0,9.0,3.0,2.0,,5.0,5.0,10.0,,63.0,,1.0,59.0,5.0,1.0,3.0,1.0,27.0,,41.0,7.0,,8.0,5.0,70.0,7.0,2.0,,2.9985,7.0,2.0,,4.0,2.0,3.0,2.0,14.0,2.0,,2.0,2.0,2.0,5.0,2.0,5.0,,,,3.0,,,,,,,,,,,,,,,,
67089,Martin Dúbravka,Goalkeeper,Burnley,90,Slovakia,2022-23,0.0008,0.0,,,6.0,,2.0,1.0,5.0,40.0,15.0,2.0,,,,156.0,,,,,28.0,,,1.858,,1.0,1.0,13.0,10.0,,0.0,1.0,,16.0,17.0,2.0,1.0,5.0,1.0,1.0,,0.0,26.0,24.0,,5.0,,,3.0,2.0,11.0,7.0,66.0,,2.0,30.0,3.0,0.0,5.0,1.0,1.0,,,,,,,,,,,,,,,,,,1.0,,,,,,,,,,,,,,,,,,,,,,,,1.0,,,,,,,,,,,,,,,,,,,,,,,,,,,,
104542,Loris Karius,Goalkeeper,Newcastle United,4,Germany,2022-23,,0.0,,,,,,,,,,,,,,,,,,,,,,,,,,,,,,,,,,,,,,,,0.0,,,,,,,,,,,,,,,,0.0,,,,,,,,,,,,,,,,,,,,,,,,,,,,,,,,,,,,,,,,,,,,,,,,,,,,,,,,,,,,,,,,,,,,,,,,,
98747,Nick Pope,Goalkeeper,Newcastle United,4,England,2022-23,0.0285,1.0,31.0,1.0,30.0,8.0,37.0,37.0,271.0,658.0,207.0,1.0,5.0,14.0,5.0,3262.0,8.0,3.0,1.0,4.0,248.0,19.0,2.0,32.2394,26.0,46.0,32.0,85.0,87.0,2.0,0.0,11.0,11.0,436.0,313.0,37.0,4.0,91.0,29.0,6.0,4.0,1.0,339.0,354.0,,278.0,,,100.0,32.0,137.0,139.0,1075.0,,84.0,296.0,57.0,3.0,263.0,39.0,3.0,,1.0,,,,,,,,,,,1.0,,,,2.0,2.0,,,1.0,,,,,,,1.0,,,,,1.0,,,,,,,,,,,,,,,,,,,,,,,,,,,,,,,,2.0,2.0,1.0,,,
59735,Karl Darlow,Goalkeeper,Leeds United,2,Wales,2022-23,,0.0,,,,,,,,,,,,,,,,,,,,,,,,,,,,,,,,,,,,,,,,0.0,,,,,,,,,,,,,,,,0.0,,,,,,,,,,,,,,,,,,,,,,,,,,,,,,,,,,,,,,,,,,,,,,,,,,,,,,,,,,,,,,,,,,,,,,,,,
81441,Mark Gillespie,Goalkeeper,Newcastle United,4,England,2022-23,,0.0,,,,,,,,,,,,,,,,,,,,,,,,,,,,,,,,,,,,,,,,0.0,,,,,,,,,,,,,,,,0.0,,,,,,,,,,,,,,,,,,,,,,,,,,,,,,,,,,,,,,,,,,,,,,,,,,,,,,,,,,,,,,,,,,,,,,,,,
77794,Kieran Trippier,Defender,Newcastle United,4,England,2022-23,11.7796,0.0,,70.0,,319.0,38.0,38.0,496.0,2064.0,,,84.0,14.0,,3347.0,169.0,3.0,80.0,120.0,1420.0,,2.0,31.3528,10.0,75.0,31.0,101.0,,29.0,0.0,319.0,,962.0,264.0,38.0,,1024.0,28.0,235.0,49.0,0.0,,1928.0,43.0,843.0,49.0,21.0,,,762.0,148.0,3195.0,292.0,44.0,679.0,,5.0,177.0,120.0,150.0,29.0,63.0,4.0,0.9395,6.0,7.0,37.0,1.0,0.0,135.0,,,35.0,1.0,25.0,1.0,103.0,115.0,30.0,1.0,21.0,,12.0,,21.0,2.0,15.0,48.0,43.0,239.0,7.0,25.0,2.0,0.7733,8.0,2.0,16.0,1.0,104.0,7.0,8.0,,3.0,26.0,3.0,258.0,8.0,,1.0,,1.0,,,1.0,84.0,12.0,12.0,109.0,0.7011,216.0,,,,3.0,,,,1.0,,
106618,Paul Dummett,Defender,Newcastle United,4,Wales,2022-23,,0.0,,,,,,,,,,,,,,,,,,,,,,,,,,,,,,,,,,,,,,,,0.0,,,,,,,,,,,,,,,,0.0,,,,,,,,,,,,,,,,,,,,,,,,,,,,,,,,,,,,,,,,,,,,,,,,,,,,,,,,,,,,,,,,,,,,,,,,,
220237,Sven Botman,Defender,Newcastle United U21,12970,Netherlands,2022-23,1.1188,0.0,,38.0,,146.0,36.0,35.0,232.0,1754.0,6.0,,117.0,11.0,,3129.0,126.0,3.0,27.0,49.0,1420.0,,2.0,32.2366,5.0,120.0,30.0,649.0,,12.0,0.0,190.0,,611.0,182.0,36.0,,403.0,27.0,73.0,77.0,0.0,6.0,1716.0,2.0,250.0,24.0,1.0,,,418.0,102.0,2104.0,4.0,31.0,1120.0,,2.0,86.0,107.0,64.0,1.0,50.0,7.0,1.2963,16.0,,30.0,,,1.0,7.0,7.0,40.0,1.0,53.0,,9.0,24.0,20.0,,14.0,,,,3.0,9.0,24.0,15.0,34.0,76.0,2.0,10.0,,2.503,6.0,,,,,2.0,,1.0,,,,,,6.0,,6.0,,,,1.0,,,,,,,,,,,,,,,,
119471,Fabian Schär,Defender,Newcastle United,4,Switzerland,2022-23,2.0579,0.0,,47.0,,214.0,36.0,36.0,404.0,1815.0,1.0,,168.0,12.0,,3208.0,191.0,3.0,34.0,79.0,1255.0,,2.0,30.731,18.0,137.0,28.0,303.0,,27.0,1.0,295.0,,808.0,209.0,36.0,,484.0,25.0,127.0,112.0,0.0,1.0,1752.0,6.0,459.0,22.0,5.0,,,626.0,156.0,2290.0,8.0,59.0,931.0,,7.0,190.0,133.0,104.0,4.0,48.0,15.0,2.0974,45.0,3.0,33.0,1.0,0.0,4.0,11.0,11.0,56.0,,74.0,1.0,16.0,48.0,15.0,1.0,25.0,,7.0,,14.0,30.0,19.0,20.0,52.0,78.0,4.0,11.0,,4.9172,11.0,2.0,7.0,1.0,14.0,6.0,4.0,,3.0,2.0,3.0,14.0,4.0,7.0,1.0,7.0,,,,2.0,,3.0,3.0,,0.2747,,,,,1.0,,,,,,
101148,Jamaal Lascelles,Defender,Newcastle United,4,England,2022-23,0.0091,0.0,,1.0,,10.0,7.0,2.0,14.0,93.0,,,9.0,,,215.0,8.0,,1.0,2.0,74.0,,,3.4314,,17.0,5.0,19.0,,2.0,0.0,17.0,,39.0,5.0,7.0,,23.0,5.0,8.0,6.0,0.0,,93.0,,14.0,,,,,30.0,5.0,121.0,,1.0,56.0,,4.0,4.0,8.0,9.0,,5.0,,,1.0,,1.0,,,,,,3.0,,4.0,,,6.0,1.0,,1.0,,,,,1.0,2.0,6.0,,5.0,,2.0,,0.1067,1.0,,,,,,,5.0,,,,,,1.0,,1.0,,,,,,,,,,,,,,,,,,,,
194799,Jamal Lewis,Defender,Newcastle United,4,Northern Ireland,2022-23,0.0009,0.0,,,,2.0,2.0,,2.0,14.0,,,1.0,,,9.0,,,1.0,,12.0,,,1.4408,,,1.0,3.0,,,0.0,1.0,,5.0,2.0,2.0,,4.0,1.0,,,0.0,,14.0,,2.0,,,,,1.0,,15.0,,,8.0,,0.0,,1.0,1.0,,1.0,,,,,1.0,,,,,,1.0,,2.0,,,,,,,,,,,,,,,5.0,,,,,,,,,,,,2.0,,,,,,,,,,,,,,,,,,,,,,,,,,,,
169359,Matt Targett,Defender,Newcastle United U21,12970,England,2022-23,0.678,0.0,,13.0,,43.0,17.0,6.0,60.0,328.0,,,18.0,1.0,,603.0,29.0,,16.0,18.0,259.0,,,4.5606,1.0,13.0,6.0,104.0,,3.0,0.0,67.0,,157.0,46.0,17.0,,133.0,6.0,49.0,11.0,0.0,,318.0,7.0,104.0,10.0,2.0,,,34.0,9.0,486.0,51.0,5.0,142.0,,1.0,17.0,19.0,38.0,,5.0,,,,,4.0,,,7.0,,,7.0,,,,10.0,31.0,5.0,,3.0,,,,6.0,,3.0,10.0,9.0,33.0,3.0,7.0,,0.0148,1.0,,,,9.0,,1.0,11.0,,5.0,,27.0,1.0,,,,,,,,4.0,,,13.0,,18.0,,,,1.0,,,,,,
111773,Emil Krafth,Defender,Newcastle United,4,Sweden,2022-23,,0.0,,,,,1.0,,,,,,,,,1.0,,,,,,,,,,,,,,,0.0,,,,,1.0,,,,,,0.0,,,,,,,,,,,1.0,,,,,0.0,,,,,,,,,,,,,,,,,,,,,,,,,,,,,,,,,,,,,,,,,,,,,1.0,,,,,,,,,,,,,,,,,,,,,,,,,,,,
109528,Javier Manquillo,Defender,Celta de Vigo,176,Spain,2022-23,0.0058,0.0,,3.0,,4.0,4.0,,4.0,25.0,,,,,,34.0,3.0,,1.0,3.0,20.0,,,1.3778,,1.0,1.0,2.0,,,0.0,3.0,,9.0,6.0,4.0,,10.0,1.0,3.0,,0.0,,24.0,,5.0,2.0,,,,6.0,1.0,37.0,2.0,,12.0,,0.0,,,,1.0,,,,,,,,,1.0,,,,,1.0,,,,1.0,,1.0,,,,,,,,1.0,8.0,,,,,,,,,,,,4.0,,1.0,,,,,,,,,,,,,,,,,,,,,,,,,,
78916,Dan Burn,Defender,Newcastle United,4,England,2022-23,1.3058,0.0,,60.0,,216.0,38.0,35.0,308.0,1438.0,1.0,,122.0,12.0,,3115.0,161.0,3.0,55.0,76.0,1075.0,,2.0,31.3976,7.0,103.0,30.0,424.0,,4.0,1.0,291.0,,675.0,166.0,38.0,,480.0,27.0,169.0,85.0,0.0,1.0,1420.0,10.0,410.0,38.0,13.0,,,146.0,55.0,2122.0,228.0,33.0,653.0,,6.0,92.0,114.0,130.0,3.0,58.0,4.0,0.9119,15.0,,32.0,1.0,0.0,3.0,3.0,3.0,37.0,1.0,63.0,,16.0,93.0,26.0,1.0,22.0,,12.0,1.0,21.0,11.0,16.0,35.0,32.0,193.0,8.0,14.0,1.0,2.0618,6.0,1.0,,1.0,14.0,7.0,1.0,3.0,,29.0,,14.0,1.0,5.0,,5.0,,1.0,,1.0,,,,,,,,,,,,,,,,
56983,Matt Ritchie,Midfielder,Reading,108,Scotland,2022-23,0.049,0.0,,1.0,,5.0,7.0,,6.0,29.0,,,1.0,,,35.0,3.0,,3.0,2.0,22.0,,,0.1098,,,,8.0,,,0.0,5.0,,9.0,3.0,7.0,,13.0,,4.0,1.0,0.0,,29.0,,8.0,1.0,1.0,,,5.0,1.0,36.0,,,11.0,,0.0,1.0,3.0,2.0,1.0,1.0,,,,,,,,1.0,,,,,1.0,,1.0,2.0,,,,,,,,,,,1.0,7.0,,,,,,,,,1.0,,,7.0,,,,1.0,,,,,,,,,,,,,,,,,,,,,,,,
90105,Ryan Fraser,Midfielder,Southampton,20,Scotland,2022-23,0.2652,0.0,,2.0,,21.0,8.0,3.0,24.0,104.0,,,3.0,,,311.0,14.0,,6.0,13.0,80.0,,,2.5297,,2.0,3.0,35.0,,10.0,0.0,23.0,,27.0,14.0,8.0,,54.0,3.0,20.0,1.0,0.0,,100.0,4.0,46.0,2.0,2.0,,,15.0,,160.0,2.0,1.0,29.0,,1.0,3.0,3.0,9.0,3.0,3.0,1.0,0.1596,4.0,,2.0,,,3.0,,,2.0,,9.0,,5.0,7.0,2.0,,,,,,1.0,3.0,1.0,3.0,,27.0,3.0,2.0,,0.337,2.0,1.0,,1.0,9.0,1.0,1.0,5.0,1.0,,1.0,10.0,1.0,1.0,,1.0,,,1.0,,,,,1.0,,3.0,,,,,,,,,,
114243,Jacob Murphy,Midfielder,Newcastle United,4,England,2022-23,3.0676,0.0,,15.0,,96.0,36.0,14.0,107.0,382.0,,,14.0,,,1243.0,48.0,2.0,48.0,45.0,265.0,,2.0,14.9323,1.0,2.0,12.0,78.0,,14.0,1.0,123.0,,110.0,69.0,36.0,,220.0,10.0,109.0,3.0,0.0,,375.0,19.0,219.0,7.0,16.0,,,111.0,10.0,636.0,10.0,2.0,66.0,,0.0,11.0,22.0,75.0,11.0,25.0,10.0,3.3192,21.0,2.0,13.0,4.0,1.0,11.0,4.0,4.0,11.0,,80.0,,17.0,64.0,17.0,3.0,8.0,,21.0,,44.0,11.0,,8.0,7.0,83.0,13.0,4.0,,3.3016,8.0,6.0,6.0,9.0,42.0,2.0,,22.0,2.0,,2.0,43.0,,8.0,4.0,8.0,1.0,,2.0,2.0,,,,1.0,,7.0,,,,,,,,,,
179018,Miguel Almirón,Midfielder,Newcastle United,4,Paraguay,2022-23,3.0276,0.0,,46.0,,135.0,34.0,29.0,144.0,932.0,,,16.0,3.0,,2507.0,123.0,1.0,52.0,117.0,775.0,,1.0,21.711,1.0,13.0,22.0,96.0,,33.0,4.0,238.0,,220.0,139.0,34.0,,593.0,21.0,222.0,6.0,0.0,,920.0,28.0,292.0,30.0,38.0,,,366.0,13.0,1399.0,18.0,5.0,200.0,,2.0,9.0,30.0,115.0,5.0,44.0,21.0,7.3571,44.0,2.0,18.0,11.0,6.0,5.0,8.0,8.0,10.0,,146.0,,24.0,105.0,23.0,5.0,16.0,10.0,33.0,,61.0,23.0,2.0,22.0,10.0,250.0,23.0,15.0,1.0,7.9623,25.0,9.0,3.0,12.0,21.0,9.0,7.0,5.0,2.0,,2.0,21.0,7.0,18.0,1.0,18.0,,,2.0,3.0,,,,,,11.0,,,,,,,,,,
200089,Joe Willock,Midfielder,Newcastle United,4,England,2022-23,4.3518,0.0,,50.0,,112.0,35.0,31.0,132.0,888.0,,,32.0,1.0,,2577.0,127.0,3.0,64.0,111.0,721.0,,2.0,26.4596,2.0,15.0,26.0,299.0,,23.0,2.0,283.0,,228.0,136.0,35.0,,512.0,23.0,251.0,16.0,0.0,,871.0,32.0,320.0,30.0,38.0,,,175.0,35.0,1420.0,8.0,2.0,257.0,,1.0,20.0,33.0,156.0,13.0,74.0,17.0,4.8229,37.0,6.0,30.0,3.0,1.0,13.0,10.0,10.0,16.0,,118.0,,34.0,140.0,46.0,2.0,20.0,,43.0,1.0,70.0,20.0,8.0,35.0,25.0,186.0,23.0,17.0,,7.0014,21.0,11.0,4.0,6.0,38.0,3.0,11.0,4.0,4.0,,4.0,38.0,11.0,10.0,2.0,10.0,,,3.0,,,,,,,,,,,,,,,,,
215379,Elliot Anderson,Midfielder,Nottingham Forest,17,England,2022-23,1.4667,0.0,,11.0,,34.0,22.0,3.0,41.0,185.0,,,16.0,,,396.0,42.0,,19.0,31.0,140.0,,,6.3551,,1.0,7.0,53.0,,10.0,0.0,82.0,,54.0,29.0,22.0,,109.0,7.0,66.0,11.0,0.0,,184.0,8.0,80.0,5.0,10.0,,,36.0,4.0,310.0,2.0,3.0,39.0,,0.0,7.0,8.0,40.0,4.0,15.0,4.0,1.0305,7.0,1.0,10.0,,,4.0,3.0,3.0,5.0,,43.0,,8.0,35.0,9.0,,6.0,,13.0,,23.0,3.0,2.0,6.0,6.0,42.0,3.0,4.0,,1.008,4.0,,1.0,1.0,5.0,1.0,1.0,19.0,1.0,,1.0,5.0,1.0,3.0,,3.0,,,,1.0,,,,,,1.0,,,,,,,,,,
180135,Sean Longstaff,Midfielder,Leeds United,2,England,2022-23,2.5846,0.0,,42.0,,152.0,33.0,28.0,194.0,1125.0,,,52.0,11.0,,2515.0,112.0,1.0,58.0,88.0,884.0,,2.0,21.127,5.0,22.0,18.0,310.0,,39.0,0.0,250.0,,340.0,141.0,33.0,,522.0,17.0,198.0,24.0,0.0,,1088.0,18.0,304.0,21.0,8.0,,,257.0,47.0,1510.0,4.0,15.0,417.0,,2.0,42.0,44.0,138.0,8.0,55.0,7.0,2.1644,18.0,4.0,28.0,1.0,1.0,8.0,5.0,5.0,28.0,,80.0,,19.0,110.0,27.0,0.0,21.0,,18.0,,47.0,11.0,8.0,29.0,16.0,218.0,4.0,15.0,4.0,3.6091,15.0,,7.0,12.0,22.0,5.0,5.0,5.0,1.0,,1.0,22.0,5.0,10.0,1.0,10.0,,,,1.0,,,,,,3.0,,,,,,,,,,
208706,Bruno Guimarães,Midfielder,Newcastle United,4,Brazil,2022-23,3.8843,0.0,,79.0,,184.0,32.0,32.0,252.0,1632.0,,,32.0,9.0,,2733.0,227.0,2.0,53.0,208.0,1279.0,,2.0,26.3436,7.0,19.0,25.0,536.0,,83.0,0.0,397.0,,485.0,233.0,32.0,,825.0,23.0,365.0,19.0,0.0,,1594.0,16.0,416.0,41.0,46.0,,,371.0,101.0,2191.0,5.0,25.0,557.0,,7.0,68.0,71.0,170.0,2.0,72.0,8.0,2.0312,21.0,5.0,35.0,4.0,1.0,2.0,2.0,2.0,13.0,,51.0,,37.0,157.0,24.0,3.0,38.0,,26.0,1.0,86.0,13.0,4.0,45.0,36.0,240.0,9.0,31.0,1.0,2.8088,7.0,3.0,25.0,19.0,20.0,1.0,2.0,,2.0,,2.0,20.0,2.0,5.0,3.0,5.0,1.0,,1.0,2.0,,,,,,3.0,,,,,,,,,,
547719,Lewis Miley,Midfielder,Newcastle United U21,12970,England,2022-23,0.0029,0.0,,,,1.0,1.0,,1.0,6.0,,,,,,15.0,,,1.0,,5.0,,,0.5322,,,,1.0,,,0.0,,,1.0,1.0,1.0,,3.0,,,,0.0,,6.0,,1.0,,,,,2.0,,9.0,,,2.0,,0.0,,,,,,,,1.0,,,,,,,,,,,,,,1.0,,,,,,,1.0,,,,2.0,,,,0.0745,,,,,,,,1.0,,,,,,,,,,,,1.0,,,,,,,,,,,,,,,,
180974,Joelinton,Midfielder,Newcastle United,4,Brazil,2022-23,1.8923,0.0,,70.0,,202.0,32.0,30.0,218.0,1230.0,,,124.0,11.0,,2662.0,229.0,3.0,85.0,163.0,977.0,,1.0,26.4287,1.0,38.0,26.0,408.0,,34.0,3.0,477.0,,328.0,198.0,32.0,,627.0,23.0,353.0,66.0,0.0,,1211.0,13.0,398.0,49.0,59.0,,,244.0,35.0,1863.0,19.0,6.0,389.0,,12.0,16.0,71.0,248.0,4.0,95.0,20.0,4.9827,38.0,1.0,51.0,6.0,4.0,4.0,10.0,10.0,58.0,1.0,104.0,,25.0,190.0,45.0,2.0,21.0,3.0,39.0,2.0,90.0,18.0,7.0,65.0,48.0,250.0,5.0,42.0,,7.0688,13.0,3.0,3.0,24.0,12.0,1.0,6.0,2.0,4.0,,4.0,12.0,6.0,7.0,1.0,7.0,,,5.0,4.0,,,,,,4.0,,,1.0,,,,,,,
232826,Anthony Gordon,Forward,Newcastle United,4,England,2022-23,0.858,0.0,,48.0,,79.0,32.0,16.0,89.0,438.0,,,41.0,,,1576.0,100.0,3.0,41.0,91.0,340.0,,1.0,3.5412,1.0,10.0,18.0,120.0,,23.0,0.0,256.0,,92.0,81.0,32.0,,226.0,15.0,215.0,9.0,0.0,,433.0,21.0,246.0,34.0,20.0,,,96.0,9.0,815.0,1.0,6.0,128.0,,7.0,10.0,20.0,156.0,4.0,46.0,18.0,1.4027,24.0,,17.0,4.0,3.0,5.0,1.0,1.0,32.0,,81.0,,14.0,124.0,27.0,1.0,14.0,2.0,41.0,,69.0,6.0,1.0,27.0,6.0,130.0,10.0,17.0,,1.6816,10.0,3.0,3.0,11.0,26.0,4.0,1.0,16.0,,1.0,,29.0,1.0,2.0,2.0,2.0,,,3.0,1.0,1.0,,1.0,3.0,,4.0,,,,,,,,,,
75115,Callum Wilson,Forward,West Ham United,21,England,2022-23,2.1261,0.0,,9.0,,71.0,31.0,21.0,76.0,235.0,,,68.0,,,1885.0,73.0,2.0,31.0,53.0,156.0,,1.0,17.6251,,5.0,16.0,62.0,,31.0,1.0,197.0,,45.0,39.0,31.0,,112.0,14.0,129.0,20.0,0.0,,228.0,18.0,211.0,3.0,13.0,,,69.0,3.0,555.0,,1.0,48.0,,4.0,5.0,10.0,124.0,1.0,61.0,35.0,12.0457,63.0,5.0,25.0,18.0,8.0,1.0,16.0,16.0,48.0,,136.0,,18.0,76.0,8.0,10.0,6.0,2.0,19.0,3.0,55.0,28.0,,21.0,1.0,59.0,19.0,2.0,2.0,17.4552,10.0,2.0,2.0,9.0,5.0,15.0,,10.0,1.0,,1.0,5.0,,10.0,13.0,10.0,,,1.0,4.0,,,,,,,3.0,3.0,,,,,,,,
170137,Allan Saint-Maximin,Forward,Lens,142,France,2022-23,2.7697,0.0,,10.0,,99.0,25.0,12.0,101.0,405.0,,,4.0,,,1116.0,89.0,1.0,21.0,87.0,285.0,,,13.5455,,,14.0,162.0,,16.0,0.0,169.0,,121.0,69.0,25.0,,229.0,13.0,165.0,2.0,0.0,,403.0,14.0,230.0,3.0,61.0,,,34.0,19.0,694.0,7.0,,80.0,,1.0,2.0,13.0,80.0,5.0,25.0,13.0,1.644,19.0,5.0,12.0,1.0,1.0,5.0,7.0,7.0,2.0,,83.0,,26.0,78.0,4.0,0.0,7.0,,33.0,,63.0,6.0,,6.0,5.0,88.0,10.0,2.0,,1.5992,9.0,5.0,4.0,9.0,27.0,2.0,2.0,13.0,5.0,,5.0,27.0,2.0,7.0,1.0,7.0,,,1.0,1.0,,,,,,1.0,,,,,,,,,,
219168,Alexander Isak,Forward,Liverpool,14,Sweden,2022-23,1.369,0.0,,18.0,,76.0,22.0,17.0,78.0,352.0,,,51.0,1.0,,1524.0,87.0,2.0,31.0,64.0,259.0,,1.0,16.8312,,8.0,20.0,108.0,,15.0,3.0,207.0,,87.0,38.0,22.0,,223.0,18.0,156.0,23.0,0.0,,331.0,22.0,188.0,8.0,32.0,,,61.0,15.0,650.0,4.0,1.0,52.0,,3.0,2.0,7.0,120.0,1.0,35.0,25.0,9.1614,33.0,1.0,10.0,10.0,5.0,1.0,14.0,14.0,28.0,1.0,106.0,,15.0,92.0,19.0,5.0,10.0,,30.0,2.0,55.0,8.0,2.0,19.0,4.0,96.0,10.0,9.0,,8.3827,18.0,5.0,8.0,14.0,6.0,5.0,3.0,5.0,1.0,,1.0,6.0,3.0,15.0,8.0,15.0,,,4.0,1.0,,,,,,1.0,2.0,2.0,1.0,,,,,,,
60689,Chris Wood,Forward,Nottingham Forest U21,19584,New Zealand,2022-23,0.2802,0.0,,5.0,,66.0,25.0,9.0,68.0,177.0,,,89.0,,,816.0,55.0,1.0,2.0,13.0,106.0,,1.0,4.0176,,9.0,9.0,50.0,,7.0,2.0,124.0,,50.0,21.0,25.0,,72.0,8.0,35.0,42.0,0.0,,176.0,3.0,104.0,4.0,1.0,,,31.0,3.0,266.0,,,37.0,,0.0,2.0,16.0,69.0,,15.0,5.0,1.6827,9.0,,8.0,3.0,2.0,,2.0,2.0,47.0,,25.0,,6.0,22.0,1.0,1.0,1.0,1.0,2.0,,13.0,4.0,3.0,6.0,2.0,46.0,10.0,1.0,,1.815,3.0,,1.0,6.0,,6.0,,16.0,,,,,,1.0,2.0,1.0,,,4.0,,,,,,,,1.0,1.0,,,,,,,,
172649,Dean Henderson,Goalkeeper,Crystal Palace,31,England,2022-23,0.0255,0.0,18.0,,14.0,3.0,18.0,18.0,243.0,562.0,156.0,3.0,1.0,6.0,5.0,1620.0,2.0,12.0,,1.0,204.0,8.0,2.0,27.3984,20.0,20.0,31.0,89.0,55.0,1.0,0.0,3.0,3.0,365.0,156.0,18.0,2.0,70.0,19.0,2.0,1.0,0.0,206.0,330.0,,247.0,,,57.0,14.0,108.0,115.0,772.0,,89.0,249.0,40.0,2.0,240.0,42.0,1.0,,,,,,,,,,,,,,1.0,,,,1.0,,,,,,,,,,1.0,,,,1.0,,,,,,,,,,,,,,,,,,,,,,,,,,,,,,,,,2.0,2.0,,,,
184193,Jordan Smith,Goalkeeper,Hibernian,58,England,2022-23,,0.0,,,,,,,,,,,,,,,,,,,,,,,,,,,,,,,,,,,,,,,,0.0,,,,,,,,,,,,,,,,0.0,,,,,,,,,,,,,,,,,,,,,,,,,,,,,,,,,,,,,,,,,,,,,,,,,,,,,,,,,,,,,,,,,,,,,,,,,
28411,Keylor Navas,Goalkeeper,Nottingham Forest,17,Costa Rica,2022-23,0.0183,0.0,13.0,,16.0,3.0,17.0,17.0,223.0,464.0,151.0,2.0,6.0,1.0,4.0,1529.0,7.0,3.0,,1.0,122.0,13.0,4.0,30.6455,17.0,24.0,32.0,65.0,51.0,,0.0,7.0,5.0,355.0,149.0,17.0,1.0,76.0,29.0,1.0,6.0,0.0,144.0,188.0,,229.0,,1.0,72.0,9.0,44.0,119.0,633.0,,56.0,165.0,35.0,2.0,220.0,41.0,,,,,,,,,,,,,,,,,,,,,,,,,,,,,,1.0,,1.0,,,,,,,,,,,,,,,,,,,,,,,,,,,,,,,,,,,,,,,
20066,Wayne Hennessey,Goalkeeper,Nottingham Forest,17,Wales,2022-23,0.003,0.0,,1.0,2.0,,4.0,3.0,36.0,84.0,25.0,,,,,271.0,2.0,,,2.0,25.0,1.0,,3.9244,1.0,3.0,5.0,11.0,9.0,1.0,0.0,2.0,,58.0,19.0,4.0,1.0,16.0,5.0,2.0,,0.0,29.0,47.0,,38.0,,,9.0,5.0,15.0,23.0,114.0,,8.0,32.0,7.0,0.0,36.0,5.0,,,,,,,,,,,,,,,,,,,,,,1.0,,,,,,,,,,,,,,,,,,,,,1.0,,,,,,,,,,,,,,,,,,,,,,,,,,,,
450197,George Shelvey,Goalkeeper,Gateshead,447,England,2022-23,,0.0,,,,,,,,,,,,,,,,,,,,,,,,,,,,,,,,,,,,,,,,0.0,,,,,,,,,,,,,,,,0.0,,,,,,,,,,,,,,,,,,,,,,,,,,,,,,,,,,,,,,,,,,,,,,,,,,,,,,,,,,,,,,,,,,,,,,,,,
437753,Giulian Biancone,Defender,Olympiakos,202,France,2022-23,0.0002,0.0,,2.0,,3.0,2.0,,5.0,18.0,,,2.0,,,16.0,4.0,,,2.0,12.0,,,0.7872,1.0,,1.0,1.0,,,0.0,4.0,,11.0,5.0,2.0,,2.0,1.0,2.0,2.0,0.0,,18.0,,6.0,1.0,,,,5.0,1.0,26.0,2.0,1.0,11.0,,0.0,2.0,2.0,,,1.0,,,,,1.0,,,,,,,,,,,,,,1.0,,,,,,,,1.0,1.0,,,,,,,,,1.0,,,2.0,,,,1.0,,,,,,,,,,,,,,,,,,,,,,,,
56917,Steve Cook,Defender,Queens Park Rangers,52,England,2022-23,0.6156,0.0,,8.0,,44.0,12.0,11.0,88.0,455.0,,,37.0,2.0,,958.0,39.0,10.0,7.0,12.0,335.0,,2.0,16.3672,3.0,50.0,21.0,112.0,,2.0,0.0,57.0,,152.0,35.0,12.0,,83.0,11.0,20.0,27.0,0.0,,444.0,,95.0,4.0,2.0,,,161.0,32.0,568.0,1.0,19.0,285.0,,4.0,44.0,29.0,18.0,1.0,15.0,,,3.0,,5.0,,,1.0,,,10.0,1.0,12.0,,3.0,8.0,5.0,,4.0,,,,2.0,3.0,11.0,5.0,12.0,30.0,3.0,3.0,1.0,0.1332,,,,,,,,1.0,,1.0,,,,,,,,,,,,,,,,,,,,,,,,,,
208912,Joe Worrall,Defender,Burnley,90,England,2022-23,0.5691,0.0,,53.0,,130.0,30.0,21.0,235.0,1094.0,6.0,,88.0,5.0,,2216.0,115.0,8.0,19.0,60.0,774.0,,3.0,39.6679,6.0,108.0,44.0,175.0,,4.0,0.0,190.0,,492.0,123.0,30.0,,235.0,36.0,102.0,55.0,0.0,2.0,1055.0,,277.0,25.0,3.0,4.0,,353.0,85.0,1429.0,32.0,37.0,624.0,,6.0,105.0,72.0,75.0,,47.0,2.0,0.8168,7.0,,27.0,1.0,1.0,,1.0,1.0,33.0,2.0,29.0,,5.0,42.0,10.0,0.0,28.0,,1.0,1.0,5.0,5.0,23.0,27.0,26.0,74.0,1.0,19.0,,0.7728,,,,,3.0,,,9.0,,26.0,,3.0,,,,,,1.0,,,,,,,,,,,,2.0,,,,,,
242885,Loïc Mbe Soh,Defender,Sint-Truiden,396,France,2022-23,,0.0,,,,,,,,,,,,,,,,,,,,,,,,,,,,,,,,,,,,,,,,0.0,,,,,,,,,,,,,,,,0.0,,,,,,,,,,,,,,,,,,,,,,,,,,,,,,,,,,,,,,,,,,,,,,,,,,,,,,,,,,,,,,,,,,,,,,,,,
215136,Neco Williams,Defender,Nottingham Forest,17,Wales,2022-23,1.2346,0.0,,72.0,,122.0,31.0,20.0,200.0,603.0,,,44.0,2.0,,1874.0,135.0,11.0,63.0,118.0,364.0,,3.0,39.5218,7.0,37.0,41.0,44.0,,27.0,0.0,275.0,,271.0,127.0,31.0,,186.0,30.0,231.0,17.0,0.0,,576.0,15.0,391.0,47.0,19.0,,,176.0,39.0,1234.0,112.0,22.0,235.0,,7.0,78.0,70.0,140.0,12.0,42.0,7.0,1.5755,20.0,,23.0,1.0,1.0,18.0,3.0,3.0,27.0,,27.0,,15.0,113.0,25.0,0.0,25.0,,31.0,,48.0,13.0,8.0,33.0,33.0,112.0,5.0,18.0,2.0,1.2473,5.0,5.0,3.0,,63.0,2.0,2.0,11.0,3.0,29.0,3.0,71.0,2.0,3.0,1.0,3.0,,1.0,1.0,,5.0,2.0,2.0,8.0,0.0702,13.0,,,1.0,3.0,,,,,,
114241,Harry Toffolo,Defender,Nottingham Forest,17,England,2022-23,0.9374,0.0,,17.0,,67.0,19.0,9.0,101.0,291.0,,,27.0,1.0,,935.0,38.0,5.0,20.0,25.0,184.0,,2.0,18.4593,2.0,30.0,17.0,84.0,,5.0,0.0,76.0,,158.0,54.0,19.0,,124.0,12.0,49.0,13.0,0.0,,286.0,7.0,167.0,8.0,3.0,,,16.0,6.0,516.0,46.0,18.0,72.0,,2.0,34.0,35.0,38.0,5.0,23.0,2.0,0.1298,5.0,,13.0,,,6.0,2.0,2.0,14.0,1.0,13.0,,5.0,24.0,8.0,,9.0,,5.0,,11.0,3.0,8.0,10.0,10.0,33.0,3.0,5.0,1.0,0.2693,1.0,1.0,,,22.0,,1.0,10.0,,19.0,,23.0,1.0,,,,,1.0,,,1.0,,,1.0,,2.0,,,,,,,,,,
199170,Moussa Niakhaté,Defender,Lyon,143,Senegal,2022-23,0.1566,0.0,,18.0,,40.0,14.0,14.0,71.0,299.0,,,34.0,1.0,,1162.0,43.0,2.0,18.0,24.0,212.0,,2.0,21.5397,3.0,54.0,21.0,76.0,,6.0,0.0,85.0,,147.0,71.0,14.0,,66.0,19.0,51.0,19.0,0.0,,291.0,2.0,136.0,9.0,,,,46.0,16.0,542.0,37.0,16.0,162.0,,1.0,31.0,32.0,42.0,,27.0,3.0,0.7752,6.0,,14.0,,,,3.0,3.0,15.0,1.0,7.0,,1.0,27.0,10.0,,9.0,,4.0,,5.0,3.0,8.0,12.0,19.0,30.0,3.0,6.0,1.0,0.6144,,,,,2.0,,,,,53.0,,2.0,,,,,,1.0,,,,,,,,,,,,,,,,,,
80226,Sèrge Aurier,Defender,Nottingham Forest,17,Cote d’Ivoire,2022-23,0.9338,0.0,,64.0,,169.0,24.0,22.0,200.0,734.0,,,78.0,5.0,,1949.0,146.0,5.0,51.0,100.0,513.0,,4.0,28.9183,3.0,65.0,31.0,25.0,,19.0,0.0,235.0,,365.0,126.0,24.0,,251.0,26.0,157.0,46.0,0.0,,718.0,5.0,343.0,41.0,17.0,,,240.0,21.0,1304.0,125.0,10.0,291.0,,2.0,31.0,70.0,89.0,8.0,43.0,3.0,0.5786,8.0,,20.0,1.0,0.0,8.0,2.0,2.0,32.0,,14.0,,10.0,57.0,23.0,1.0,23.0,,11.0,,29.0,5.0,11.0,18.0,29.0,104.0,6.0,14.0,1.0,0.77,1.0,3.0,1.0,,32.0,,1.0,2.0,,42.0,,32.0,1.0,,1.0,,,,,,,,,,,,,,,,,,,,,
168281,Scott McKenna,Defender,Dinamo Zagreb,394,Scotland,2022-23,0.433,0.0,,12.0,,82.0,20.0,19.0,145.0,700.0,,,60.0,5.0,,1573.0,57.0,12.0,8.0,20.0,518.0,,2.0,30.9208,10.0,83.0,32.0,232.0,,4.0,0.0,94.0,,299.0,68.0,20.0,,153.0,20.0,34.0,37.0,0.0,,689.0,,163.0,7.0,5.0,,,114.0,37.0,891.0,13.0,23.0,403.0,,4.0,63.0,37.0,37.0,1.0,19.0,,,2.0,,13.0,,,1.0,,,23.0,1.0,22.0,,8.0,14.0,6.0,,5.0,,1.0,,3.0,2.0,14.0,8.0,12.0,55.0,3.0,3.0,1.0,0.0743,,,,,1.0,,,1.0,,8.0,,1.0,,,,,,,,1.0,,,,,,,,,,,,,,,,
90585,Willy Boly,Defender,Nottingham Forest,17,Cote d’Ivoire,2022-23,0.2718,0.0,,12.0,,36.0,11.0,9.0,64.0,257.0,,,24.0,3.0,,687.0,34.0,1.0,12.0,19.0,180.0,,1.0,8.379,2.0,45.0,10.0,63.0,,5.0,0.0,55.0,,131.0,40.0,11.0,,43.0,9.0,31.0,15.0,0.0,,254.0,,66.0,6.0,2.0,,,41.0,13.0,364.0,1.0,9.0,150.0,,2.0,28.0,29.0,21.0,,17.0,1.0,0.0709,1.0,1.0,14.0,,,,1.0,1.0,9.0,,9.0,,,12.0,9.0,,6.0,,,,,,4.0,5.0,12.0,22.0,4.0,5.0,,0.0439,1.0,,,,,3.0,1.0,2.0,,,,,1.0,,,,,,,,,,,,,,,,,,,,,,,
233420,Renan Lodi,Defender,Nottingham Forest,17,Brazil,2022-23,1.3184,0.0,,52.0,,101.0,28.0,26.0,192.0,668.0,,,37.0,3.0,,2221.0,129.0,9.0,48.0,111.0,438.0,,3.0,40.247,7.0,60.0,48.0,205.0,,42.0,0.0,241.0,,264.0,153.0,28.0,,184.0,39.0,204.0,18.0,0.0,,631.0,15.0,340.0,39.0,17.0,,,25.0,38.0,1217.0,95.0,40.0,304.0,,7.0,91.0,83.0,112.0,9.0,43.0,,,8.0,1.0,20.0,,,12.0,,,19.0,,21.0,,12.0,93.0,19.0,,13.0,,14.0,,27.0,8.0,6.0,29.0,33.0,174.0,10.0,22.0,,0.9589,7.0,1.0,,1.0,44.0,2.0,5.0,2.0,,35.0,,63.0,5.0,2.0,,2.0,,,,,2.0,2.0,2.0,12.0,0.1302,15.0,,,,1.0,,,,,,
116404,Felipe,Defender,Nottingham Forest,17,Brazil,2022-23,0.8098,0.0,,42.0,,88.0,16.0,15.0,150.0,556.0,,,82.0,,,1419.0,119.0,3.0,32.0,67.0,377.0,,4.0,29.9194,2.0,89.0,32.0,143.0,,11.0,0.0,188.0,,258.0,108.0,16.0,,113.0,29.0,106.0,52.0,0.0,,543.0,3.0,176.0,23.0,14.0,,,121.0,29.0,853.0,5.0,20.0,293.0,,4.0,62.0,52.0,69.0,,28.0,1.0,0.0912,8.0,1.0,17.0,,,,1.0,1.0,30.0,,37.0,,6.0,39.0,21.0,,19.0,,3.0,,7.0,7.0,13.0,15.0,36.0,34.0,2.0,10.0,,1.1376,5.0,,,1.0,2.0,4.0,,1.0,,2.0,,2.0,,5.0,,5.0,,1.0,,,,,,,,,,,,1.0,,,,,,
179519,Orel Mangala,Midfielder,Everton,11,Belgium,2022-23,0.4846,0.0,,28.0,,80.0,27.0,20.0,96.0,506.0,,,20.0,1.0,,1555.0,81.0,,25.0,70.0,397.0,,2.0,25.3702,2.0,14.0,24.0,129.0,,23.0,0.0,150.0,,169.0,88.0,27.0,,182.0,24.0,130.0,11.0,0.0,,502.0,1.0,136.0,20.0,19.0,,,114.0,13.0,708.0,,5.0,229.0,,3.0,16.0,31.0,69.0,1.0,39.0,3.0,0.4608,7.0,1.0,22.0,1.0,1.0,1.0,1.0,1.0,9.0,,8.0,,2.0,60.0,14.0,0.0,8.0,,12.0,,21.0,4.0,7.0,22.0,23.0,94.0,15.0,10.0,,0.5905,2.0,1.0,1.0,1.0,5.0,,2.0,7.0,1.0,,1.0,5.0,2.0,,1.0,,,,,1.0,,,,,,,,,,,,,,,,
50232,Jonjo Shelvey,Midfielder,Burnley,90,England,2022-23,0.0042,0.0,,3.0,,32.0,11.0,6.0,79.0,314.0,,,5.0,,,575.0,12.0,1.0,7.0,8.0,196.0,,3.0,1.3032,1.0,10.0,11.0,66.0,,1.0,0.0,36.0,,133.0,36.0,11.0,,114.0,10.0,31.0,4.0,0.0,,289.0,5.0,95.0,1.0,4.0,,,55.0,39.0,383.0,1.0,9.0,125.0,,2.0,47.0,9.0,24.0,2.0,10.0,,,3.0,,4.0,,,4.0,,,1.0,1.0,1.0,,6.0,23.0,6.0,,2.0,,,,4.0,3.0,2.0,10.0,5.0,60.0,4.0,10.0,,,3.0,,3.0,6.0,3.0,,,5.0,,,,9.0,,,,,,,1.0,,,,,,,,,,,,,,,,,
58771,Jack Colback,Midfielder,Queens Park Rangers,52,England,2022-23,0.1546,0.0,,18.0,,17.0,11.0,4.0,24.0,141.0,,,12.0,,,494.0,33.0,3.0,6.0,29.0,112.0,,1.0,8.5999,,7.0,11.0,34.0,,8.0,0.0,55.0,,47.0,24.0,11.0,,63.0,8.0,43.0,4.0,0.0,,138.0,,30.0,13.0,3.0,,,33.0,5.0,199.0,1.0,6.0,55.0,,0.0,7.0,11.0,22.0,1.0,8.0,,,,,5.0,,,1.0,,,8.0,,1.0,,2.0,14.0,3.0,,5.0,,,,1.0,,,9.0,3.0,27.0,2.0,3.0,,,,,,1.0,,,,7.0,,,,,,,,,,,,,,,,,,,,,,,,,,,,
222531,Morgan Gibbs-White,Midfielder,Nottingham Forest,17,England,2022-23,0.1799,0.0,,29.0,,244.0,37.0,36.0,292.0,982.0,,,174.0,6.0,,3157.0,169.0,13.0,53.0,110.0,648.0,,6.0,1.6675,2.0,11.0,61.0,217.0,,31.0,0.0,434.0,,368.0,161.0,37.0,,523.0,48.0,260.0,59.0,0.0,,938.0,20.0,641.0,15.0,51.0,,,189.0,42.0,1700.0,6.0,18.0,205.0,,6.0,48.0,69.0,265.0,5.0,99.0,23.0,0.0509,45.0,8.0,38.0,5.0,1.0,38.0,,,115.0,,87.0,,59.0,150.0,21.0,4.0,14.0,,47.0,,92.0,22.0,4.0,35.0,15.0,208.0,8.0,14.0,1.0,0.8122,17.0,16.0,16.0,28.0,36.0,6.0,,1.0,1.0,,1.0,131.0,,,5.0,,2.0,,6.0,1.0,21.0,,3.0,70.0,,98.0,2.0,2.0,,,,,,,,
109322,Jesse Lingard,Midfielder,Seoul,1992,England,2022-23,0.478,0.0,,4.0,,41.0,17.0,12.0,53.0,282.0,,,4.0,1.0,,927.0,20.0,7.0,16.0,19.0,220.0,,1.0,17.5332,1.0,4.0,17.0,86.0,,9.0,0.0,51.0,,72.0,39.0,17.0,,165.0,10.0,47.0,1.0,0.0,,267.0,1.0,92.0,4.0,6.0,,,62.0,9.0,395.0,6.0,5.0,65.0,,1.0,12.0,15.0,31.0,1.0,26.0,2.0,0.2958,4.0,,10.0,,,1.0,,,3.0,,16.0,,11.0,28.0,11.0,,,,4.0,,14.0,2.0,,8.0,5.0,62.0,10.0,4.0,,1.0397,6.0,1.0,1.0,7.0,3.0,2.0,2.0,5.0,2.0,2.0,2.0,4.0,2.0,4.0,,4.0,,,2.0,,,,,,,,,,,,,,,,,
243345,Lewis O'Brien,Midfielder,Wrexham,109,England,2022-23,0.195,0.0,,16.0,,34.0,13.0,6.0,44.0,207.0,,,8.0,1.0,,580.0,40.0,8.0,15.0,38.0,161.0,,,15.7635,,8.0,14.0,56.0,,15.0,0.0,67.0,,64.0,51.0,13.0,,99.0,6.0,59.0,2.0,0.0,,203.0,1.0,70.0,9.0,7.0,,,58.0,2.0,318.0,3.0,5.0,64.0,,2.0,10.0,6.0,27.0,,21.0,2.0,0.4159,5.0,,8.0,1.0,0.0,,,,6.0,,3.0,,4.0,21.0,11.0,1.0,7.0,,3.0,,10.0,3.0,2.0,5.0,5.0,29.0,3.0,2.0,,0.3368,2.0,,,,4.0,,2.0,7.0,1.0,,1.0,4.0,2.0,,1.0,,,,,,,,,,,,,,,,,,,,,
166325,Cafú,Midfielder,Nottingham Forest,17,Portugal,2022-23,0.0024,0.0,,,,,1.0,,,2.0,,,,,,6.0,,,,,2.0,,,,,1.0,,,,,0.0,,,2.0,1.0,1.0,,1.0,,,,0.0,,2.0,,,,,,,,,3.0,,,1.0,,0.0,,,,,,,,,,,,,,,,,,,,,,,,,,,,,,,,,,,,,,,,,,,,,1.0,,,,,,,,,,,,,,,,,,,,,,,,,,,,
55037,Cheikhou Kouyaté,Midfielder,Nottingham Forest,17,Senegal,2022-23,0.3304,0.0,,29.0,,54.0,21.0,10.0,60.0,245.0,,,26.0,,,878.0,65.0,9.0,19.0,47.0,173.0,,3.0,17.1047,,23.0,23.0,49.0,,12.0,0.0,114.0,,97.0,56.0,21.0,,72.0,14.0,88.0,18.0,0.0,,241.0,2.0,87.0,22.0,6.0,,,57.0,12.0,394.0,,1.0,113.0,,3.0,6.0,17.0,49.0,,24.0,5.0,0.8897,5.0,,13.0,1.0,0.0,,1.0,1.0,8.0,,14.0,,7.0,41.0,12.0,1.0,7.0,,1.0,1.0,10.0,,2.0,22.0,10.0,42.0,9.0,14.0,1.0,0.3652,1.0,1.0,,2.0,,1.0,1.0,11.0,3.0,,3.0,,1.0,,,,,,,,,,,,,,,,,,,,,,,
204968,Ryan Yates,Midfielder,Nottingham Forest,17,England,2022-23,0.4352,0.0,,38.0,,95.0,26.0,21.0,126.0,577.0,,,52.0,5.0,,1839.0,124.0,9.0,35.0,93.0,426.0,,2.0,28.917,7.0,44.0,36.0,129.0,,53.0,0.0,220.0,,177.0,111.0,26.0,,193.0,27.0,168.0,31.0,0.0,,518.0,7.0,173.0,19.0,4.0,,,119.0,25.0,860.0,3.0,16.0,259.0,,5.0,31.0,42.0,96.0,1.0,46.0,5.0,1.5662,19.0,2.0,29.0,,,1.0,1.0,1.0,21.0,,37.0,,5.0,75.0,18.0,,19.0,,3.0,,18.0,14.0,8.0,50.0,10.0,152.0,7.0,16.0,4.0,2.265,7.0,,,2.0,7.0,1.0,2.0,5.0,4.0,,4.0,7.0,2.0,5.0,,5.0,,,,,,,,,,,,,1.0,,,,,,,
89076,Remo Freuler,Midfielder,Bologna,123,Switzerland,2022-23,0.7155,0.0,,43.0,,132.0,28.0,24.0,169.0,828.0,,,46.0,6.0,,2166.0,90.0,7.0,44.0,64.0,637.0,,5.0,40.1059,7.0,41.0,47.0,203.0,,12.0,0.0,171.0,,307.0,137.0,28.0,,287.0,40.0,125.0,26.0,0.0,,807.0,1.0,203.0,23.0,9.0,,,216.0,22.0,1097.0,2.0,16.0,375.0,,4.0,37.0,66.0,81.0,3.0,52.0,1.0,0.0957,5.0,,30.0,,,3.0,,,20.0,,13.0,,12.0,61.0,27.0,,20.0,,4.0,,11.0,4.0,9.0,24.0,29.0,102.0,8.0,12.0,1.0,0.4111,3.0,,,3.0,2.0,,1.0,4.0,1.0,,1.0,2.0,1.0,2.0,,2.0,,,,,,,,,,,,,,,,,,,,
513046,Danilo,Midfielder,Nottingham Forest,17,Brazil,2022-23,0.5642,0.0,,18.0,,62.0,13.0,12.0,81.0,227.0,,,18.0,,,979.0,39.0,2.0,38.0,35.0,132.0,,1.0,17.8299,2.0,18.0,17.0,49.0,,3.0,2.0,89.0,,105.0,60.0,13.0,,80.0,15.0,71.0,4.0,0.0,,222.0,4.0,121.0,7.0,14.0,,,42.0,14.0,409.0,2.0,6.0,66.0,,1.0,19.0,25.0,50.0,,31.0,4.0,1.6445,12.0,2.0,16.0,3.0,1.0,,,,14.0,,21.0,,7.0,36.0,20.0,2.0,11.0,2.0,4.0,,12.0,8.0,6.0,4.0,9.0,31.0,7.0,3.0,,1.5358,3.0,2.0,2.0,1.0,3.0,2.0,2.0,1.0,1.0,,1.0,3.0,2.0,1.0,1.0,1.0,,,,,,,,,,,,,,,,,,,,
185253,Gustavo Scarpa,Midfielder,Nottingham Forest,17,Brazil,2022-23,0.0459,0.0,,5.0,,15.0,6.0,2.0,23.0,71.0,,,3.0,,,180.0,16.0,,9.0,15.0,40.0,,,1.5925,1.0,2.0,1.0,15.0,,8.0,0.0,27.0,,34.0,12.0,6.0,,30.0,1.0,24.0,1.0,0.0,,69.0,1.0,30.0,2.0,2.0,,,16.0,8.0,116.0,3.0,3.0,18.0,,1.0,8.0,8.0,11.0,,1.0,1.0,0.0211,3.0,,,,,,,,2.0,,1.0,,1.0,9.0,4.0,,3.0,,2.0,,2.0,2.0,,4.0,,6.0,2.0,3.0,,0.251,4.0,,1.0,,3.0,,4.0,4.0,1.0,,1.0,4.0,4.0,,,,,,,,1.0,,,1.0,,2.0,,,,,,,,,,
475492,Oli Hammond,Midfielder,Oldham Athletic,105,Wales,2022-23,,0.0,,,,,,,,,,,,,,,,,,,,,,,,,,,,,,,,,,,,,,,,0.0,,,,,,,,,,,,,,,,0.0,,,,,,,,,,,,,,,,,,,,,,,,,,,,,,,,,,,,,,,,,,,,,,,,,,,,,,,,,,,,,,,,,,,,,,,,,
210156,Taiwo Awoniyi,Forward,Nottingham Forest,17,Nigeria,2022-23,0.317,0.0,,17.0,,72.0,27.0,17.0,77.0,219.0,,,81.0,,,1411.0,65.0,5.0,23.0,45.0,141.0,,,29.023,,20.0,29.0,54.0,,19.0,4.0,195.0,,60.0,56.0,27.0,,96.0,24.0,114.0,20.0,0.0,,217.0,4.0,191.0,10.0,9.0,,,42.0,1.0,491.0,1.0,1.0,46.0,,2.0,5.0,19.0,130.0,,38.0,15.0,3.7728,32.0,1.0,14.0,10.0,4.0,,4.0,4.0,61.0,,57.0,,9.0,69.0,14.0,6.0,7.0,1.0,11.0,3.0,40.0,17.0,4.0,24.0,4.0,63.0,17.0,5.0,1.0,6.8051,3.0,3.0,2.0,15.0,3.0,15.0,,10.0,1.0,,1.0,3.0,,3.0,6.0,3.0,,,5.0,2.0,,,,,,,,,,,,,,,,
217331,Sam Surridge,Forward,Nottingham Forest,17,England,2022-23,0.0281,0.0,,5.0,,35.0,20.0,1.0,37.0,77.0,,,30.0,,,307.0,30.0,1.0,6.0,17.0,39.0,,2.0,6.98,,7.0,5.0,22.0,,10.0,0.0,65.0,,27.0,17.0,20.0,,21.0,4.0,35.0,13.0,0.0,,74.0,,60.0,,2.0,,,13.0,1.0,149.0,,2.0,19.0,,2.0,2.0,8.0,35.0,,10.0,2.0,1.0366,7.0,,5.0,1.0,1.0,,1.0,1.0,17.0,1.0,15.0,,1.0,18.0,3.0,0.0,5.0,,2.0,,6.0,5.0,2.0,12.0,,15.0,1.0,2.0,2.0,1.7893,2.0,,,2.0,3.0,3.0,,19.0,,,,3.0,,2.0,1.0,2.0,,,2.0,,,,,,,,,,,,,,,,,
244930,Alex Mighten,Forward,Nottingham Forest U21,19584,England,2022-23,0.0012,0.0,,,,,1.0,,,1.0,,,,,,7.0,1.0,,,1.0,1.0,,,,,,,,,1.0,0.0,4.0,,,,1.0,,1.0,,4.0,,0.0,,1.0,,2.0,,,,,1.0,,4.0,,,,,0.0,,,3.0,,,,,,,,,,,,,,,,,,3.0,,,,,2.0,,2.0,,,,,,,,,,,,,,,,,1.0,,,,,,,,,,,,,,,,,,,,,,,,,,,,
242898,Brennan Johnson,Forward,Crystal Palace,31,Wales,2022-23,1.8559,0.0,,34.0,,150.0,38.0,33.0,164.0,441.0,,,66.0,3.0,,2940.0,107.0,14.0,56.0,89.0,272.0,,5.0,50.1586,1.0,4.0,54.0,57.0,,21.0,2.0,280.0,,112.0,89.0,38.0,,209.0,40.0,214.0,18.0,0.0,,423.0,26.0,365.0,20.0,34.0,,,131.0,5.0,881.0,4.0,5.0,78.0,,6.0,14.0,37.0,173.0,10.0,65.0,27.0,10.2692,46.0,3.0,26.0,8.0,1.0,10.0,16.0,16.0,48.0,,120.0,,25.0,125.0,29.0,7.0,14.0,2.0,40.0,,65.0,19.0,1.0,37.0,5.0,141.0,12.0,17.0,,8.6516,9.0,10.0,,13.0,47.0,18.0,5.0,5.0,3.0,,3.0,48.0,5.0,4.0,6.0,4.0,1.0,,3.0,2.0,,,,1.0,,1.0,3.0,1.0,1.0,,,,,,,
230251,Emmanuel Dennis,Forward,Nottingham Forest,17,Nigeria,2022-23,0.3993,0.0,,17.0,,47.0,19.0,6.0,49.0,168.0,,,29.0,,,715.0,80.0,3.0,26.0,67.0,115.0,,2.0,11.9951,,3.0,17.0,65.0,,29.0,0.0,169.0,,44.0,38.0,19.0,,92.0,14.0,140.0,13.0,0.0,,167.0,7.0,141.0,11.0,21.0,,,13.0,4.0,402.0,3.0,,29.0,,3.0,2.0,12.0,89.0,2.0,20.0,7.0,0.8732,13.0,2.0,7.0,2.0,0.0,2.0,4.0,4.0,16.0,,47.0,,5.0,73.0,12.0,2.0,6.0,,26.0,1.0,50.0,6.0,1.0,15.0,2.0,46.0,6.0,9.0,2.0,1.8223,8.0,,,1.0,9.0,4.0,2.0,13.0,1.0,,1.0,9.0,2.0,6.0,1.0,6.0,,,,1.0,,2.0,2.0,,0.0808,,,,,,,,,,,
57647,Lyle Taylor,Forward,Colchester United,99,Montserrat,2022-23,,0.0,,,,,,,,,,,,,,,,,,,,,,,,,,,,,,,,,,,,,,,,0.0,,,,,,,,,,,,,,,,0.0,,,,,,,,,,,,,,,,,,,,,,,,,,,,,,,,,,,,,,,,,,,,,,,,,,,,,,,,,,,,,,,,,,,,,,,,,
45124,André Ayew,Forward,Nottingham Forest,17,Ghana,2022-23,0.0349,0.0,,5.0,,18.0,13.0,1.0,19.0,72.0,,,36.0,,,307.0,28.0,2.0,5.0,14.0,53.0,,,7.6635,,7.0,10.0,14.0,,8.0,0.0,63.0,,20.0,9.0,13.0,,35.0,8.0,27.0,14.0,0.0,,67.0,,31.0,3.0,1.0,,,13.0,,119.0,,1.0,18.0,,1.0,1.0,4.0,35.0,,3.0,2.0,1.59,3.0,,2.0,,,,2.0,2.0,22.0,,8.0,,1.0,13.0,5.0,,2.0,,4.0,,8.0,1.0,1.0,3.0,,25.0,1.0,1.0,,1.0369,1.0,,,1.0,1.0,1.0,1.0,12.0,,,,1.0,1.0,,,,,,,,,,,,,1.0,1.0,,,,,,,,,
60689,Chris Wood,Forward,Nottingham Forest U21,19584,New Zealand,2022-23,0.2802,0.0,,5.0,,66.0,25.0,9.0,68.0,177.0,,,89.0,,,816.0,55.0,1.0,2.0,13.0,106.0,,1.0,4.0176,,9.0,9.0,50.0,,7.0,2.0,124.0,,50.0,21.0,25.0,,72.0,8.0,35.0,42.0,0.0,,176.0,3.0,104.0,4.0,1.0,,,31.0,3.0,266.0,,,37.0,,0.0,2.0,16.0,69.0,,15.0,5.0,1.6827,9.0,,8.0,3.0,2.0,,2.0,2.0,47.0,,25.0,,6.0,22.0,1.0,1.0,1.0,1.0,2.0,,13.0,4.0,3.0,6.0,2.0,46.0,10.0,1.0,,1.815,3.0,,1.0,6.0,,6.0,,16.0,,,,,,1.0,2.0,1.0,,,4.0,,,,,,,,1.0,1.0,,,,,,,,
58376,Alex McCarthy,Goalkeeper,Southampton,20,England,2022-23,0.0047,0.0,4.0,,7.0,3.0,6.0,6.0,96.0,217.0,52.0,,1.0,,1.0,540.0,2.0,,,1.0,94.0,4.0,1.0,10.9874,4.0,7.0,17.0,34.0,14.0,1.0,0.0,3.0,,138.0,49.0,6.0,2.0,17.0,17.0,2.0,1.0,0.0,64.0,142.0,,99.0,,,17.0,3.0,45.0,27.0,278.0,,31.0,104.0,7.0,0.0,93.0,21.0,1.0,,,,,,,,,,,,,,,,,,1.0,,,,,,,,,,,1.0,,,,,,,,,,,,,,,,,,,,,,,,,,,,,,,,,,,,,,1.0,,,
20310,Willy Caballero,Goalkeeper,Southampton,20,Argentina,2022-23,,0.0,,,,,,,,,,,,,,,,,,,,,,,,,,,,,,,,,,,,,,,,0.0,,,,,,,,,,,,,,,,0.0,,,,,,,,,,,,,,,,,,,,,,,,,,,,,,,,,,,,,,,,,,,,,,,,,,,,,,,,,,,,,,,,,,,,,,,,,
456350,Gavin Bazunu,Goalkeeper,Southampton U21,12945,Ireland,2022-23,0.0953,0.0,31.0,1.0,13.0,5.0,32.0,32.0,453.0,1028.0,237.0,3.0,14.0,4.0,2.0,2880.0,18.0,6.0,,4.0,340.0,13.0,1.0,35.7971,54.0,37.0,56.0,120.0,69.0,2.0,0.0,19.0,9.0,731.0,272.0,32.0,5.0,174.0,50.0,5.0,14.0,0.0,270.0,660.0,1.0,460.0,,,111.0,17.0,177.0,235.0,1336.0,,137.0,401.0,55.0,0.0,448.0,68.0,1.0,,2.0,,,,,2.0,,,,,,,1.0,,,1.0,1.0,,,1.0,,,,,,,1.0,1.0,,,,,,,,,,,,,,,,,,,,,,,1.0,,,,,,,,,,,,,1.0,1.0,2.0,,,
158534,Kyle Walker-Peters,Defender,West Ham United,21,England,2022-23,2.4862,0.0,,61.0,,173.0,31.0,30.0,214.0,1015.0,,,44.0,2.0,,2652.0,170.0,5.0,90.0,154.0,776.0,,2.0,35.0605,3.0,41.0,58.0,153.0,,41.0,0.0,324.0,,393.0,156.0,31.0,,479.0,53.0,280.0,16.0,0.0,,996.0,14.0,432.0,32.0,52.0,,,227.0,25.0,1823.0,207.0,16.0,333.0,,4.0,41.0,86.0,154.0,11.0,49.0,5.0,1.4676,10.0,,26.0,1.0,0.0,11.0,3.0,3.0,28.0,1.0,52.0,,15.0,126.0,39.0,1.0,29.0,,39.0,,82.0,5.0,8.0,25.0,27.0,242.0,4.0,10.0,2.0,0.8372,3.0,5.0,1.0,,39.0,1.0,1.0,1.0,1.0,48.0,1.0,39.0,1.0,2.0,1.0,2.0,,1.0,,1.0,,,,,,3.0,,,,1.0,,,,,,
212721,Lyanco,Defender,Southampton,20,Brazil,2022-23,0.1423,0.0,,26.0,,58.0,21.0,11.0,123.0,502.0,,,45.0,,,1175.0,71.0,2.0,12.0,46.0,347.0,,1.0,17.2046,5.0,61.0,26.0,88.0,,10.0,0.0,119.0,,215.0,84.0,21.0,,127.0,24.0,74.0,25.0,0.0,,487.0,1.0,176.0,18.0,10.0,,,160.0,32.0,761.0,20.0,20.0,253.0,,4.0,65.0,51.0,48.0,1.0,30.0,4.0,0.7619,11.0,1.0,19.0,1.0,1.0,1.0,1.0,1.0,20.0,,13.0,,3.0,28.0,5.0,0.0,8.0,,2.0,1.0,6.0,7.0,25.0,16.0,20.0,39.0,2.0,9.0,,0.5506,1.0,1.0,3.0,,6.0,1.0,,10.0,2.0,28.0,2.0,6.0,,1.0,,1.0,,,,,,,,,,,,,,1.0,,,,,,
88900,Jack Stephens,Defender,Southampton U21,12945,England,2022-23,0.2284,0.0,,17.0,,53.0,17.0,13.0,100.0,566.0,,,36.0,4.0,,1218.0,39.0,,13.0,22.0,431.0,,,19.898,4.0,55.0,24.0,83.0,,2.0,0.0,73.0,,232.0,66.0,17.0,,163.0,24.0,37.0,17.0,0.0,,561.0,,109.0,13.0,3.0,,,211.0,35.0,714.0,1.0,23.0,305.0,,3.0,47.0,46.0,34.0,2.0,23.0,1.0,0.6736,2.0,,12.0,,,2.0,1.0,1.0,19.0,,9.0,,3.0,15.0,7.0,,4.0,,,,2.0,1.0,17.0,9.0,17.0,40.0,,2.0,,0.3854,,,2.0,,,,,4.0,,2.0,,,,,,,,1.0,,,,,,,,,,,,,,,,,,
173271,Duje Caleta-Car,Defender,Lyon,143,Croatia,2022-23,0.1811,0.0,,14.0,,39.0,13.0,9.0,83.0,562.0,4.0,,34.0,1.0,,945.0,36.0,3.0,5.0,17.0,440.0,,,10.3127,7.0,65.0,15.0,176.0,,1.0,0.0,65.0,,202.0,54.0,13.0,,112.0,12.0,31.0,19.0,0.0,4.0,541.0,,91.0,10.0,2.0,,,146.0,39.0,702.0,1.0,16.0,367.0,,2.0,44.0,35.0,29.0,,13.0,2.0,0.0438,5.0,,9.0,1.0,1.0,,1.0,1.0,15.0,,9.0,,1.0,14.0,4.0,0.0,4.0,,,1.0,2.0,3.0,11.0,9.0,15.0,38.0,2.0,5.0,,0.795,,,,,1.0,,,4.0,,,,1.0,,,,,,,,,,,,,,,,,,,,,,,,
184386,James Bree,Defender,Southampton,20,England,2022-23,0.2268,0.0,,5.0,,26.0,5.0,4.0,31.0,139.0,,,13.0,,,368.0,16.0,,6.0,7.0,104.0,,,8.4205,1.0,11.0,12.0,7.0,,,0.0,25.0,,53.0,17.0,5.0,,60.0,12.0,12.0,9.0,0.0,,137.0,,51.0,3.0,2.0,,,48.0,4.0,217.0,21.0,2.0,52.0,,1.0,5.0,13.0,9.0,4.0,10.0,1.0,0.0614,1.0,,7.0,,,4.0,,,4.0,,2.0,,4.0,5.0,2.0,,2.0,,1.0,,3.0,,1.0,1.0,6.0,31.0,2.0,1.0,,0.0331,,,,,9.0,,,1.0,1.0,5.0,1.0,9.0,,,,,,,,,,,,,,,,,,,,,,,,
244560,Romain Perraud,Defender,Lille,429,France,2022-23,1.8915,0.0,,54.0,,111.0,29.0,22.0,167.0,660.0,,,37.0,2.0,,1837.0,94.0,3.0,60.0,80.0,480.0,,,23.4787,7.0,34.0,35.0,189.0,,15.0,0.0,213.0,,287.0,97.0,29.0,,299.0,32.0,176.0,14.0,0.0,,652.0,15.0,334.0,33.0,11.0,,,32.0,13.0,1207.0,118.0,30.0,206.0,,4.0,56.0,57.0,119.0,12.0,43.0,6.0,2.1443,13.0,2.0,23.0,2.0,0.0,12.0,2.0,2.0,23.0,,41.0,1.0,13.0,96.0,18.0,2.0,21.0,1.0,25.0,,39.0,7.0,6.0,31.0,20.0,152.0,10.0,12.0,,1.3065,17.0,7.0,1.0,,65.0,3.0,11.0,7.0,2.0,25.0,2.0,65.0,11.0,6.0,1.0,6.0,,,,,,,,,,1.0,,,,1.0,,,,,,
441191,Tino Livramento,Defender,Newcastle United,4,England,2022-23,0.0009,0.0,,2.0,,4.0,2.0,,5.0,19.0,,,1.0,,,26.0,6.0,,1.0,6.0,14.0,,,1.0093,,3.0,,1.0,,2.0,0.0,7.0,,7.0,4.0,2.0,,2.0,,6.0,,0.0,,18.0,,6.0,1.0,2.0,,,7.0,,41.0,7.0,,12.0,,0.0,1.0,4.0,1.0,,1.0,,,,,1.0,,,,,,1.0,,,,,,,,1.0,,,,,,,,2.0,4.0,,,,,,,,,,,,2.0,,,,,,,,,,,,,,,,,,,,,,,,,,,,
450527,Mohammed Salisu,Defender,Monaco,146,Ghana,2022-23,0.5444,0.0,,53.0,,128.0,22.0,21.0,253.0,1090.0,3.0,,83.0,1.0,,1972.0,119.0,4.0,42.0,64.0,764.0,,,24.2046,24.0,119.0,41.0,326.0,,3.0,0.0,193.0,,531.0,157.0,22.0,,315.0,37.0,110.0,55.0,0.0,3.0,1062.0,3.0,337.0,30.0,8.0,,,138.0,73.0,1540.0,38.0,59.0,526.0,,5.0,125.0,97.0,74.0,4.0,54.0,5.0,0.4393,17.0,1.0,36.0,,,4.0,5.0,5.0,28.0,,25.0,1.0,6.0,46.0,30.0,,23.0,,3.0,,12.0,12.0,25.0,26.0,30.0,95.0,1.0,17.0,,1.4943,2.0,2.0,1.0,1.0,9.0,1.0,,1.0,,49.0,,9.0,,2.0,,2.0,1.0,1.0,,,,,,,,,,,,1.0,,,,,,
515571,Juan Larios,Defender,Southampton,20,Spain,2022-23,0.0277,0.0,,7.0,,9.0,5.0,2.0,11.0,55.0,,,7.0,,,152.0,12.0,,4.0,10.0,43.0,,,1.1102,1.0,3.0,2.0,9.0,,,0.0,21.0,,22.0,9.0,5.0,,22.0,2.0,14.0,2.0,0.0,,55.0,1.0,26.0,6.0,3.0,,,4.0,1.0,112.0,18.0,1.0,23.0,,0.0,2.0,4.0,9.0,1.0,6.0,,,,,1.0,,,1.0,,,5.0,,2.0,,,4.0,2.0,,1.0,,1.0,,3.0,,,1.0,3.0,20.0,2.0,1.0,,,,1.0,,,3.0,,,3.0,,5.0,,3.0,,,,,,,,,,,,,,,,,,,,,,,,
171771,Jan Bednarek,Defender,FC Porto,201,Poland,2022-23,0.0074,0.0,,30.0,,87.0,23.0,21.0,146.0,954.0,5.0,,57.0,3.0,,1772.0,79.0,1.0,22.0,38.0,753.0,,2.0,1.6259,6.0,92.0,40.0,189.0,,8.0,0.0,117.0,,360.0,102.0,23.0,,196.0,39.0,60.0,41.0,0.0,5.0,912.0,1.0,159.0,24.0,1.0,,,338.0,55.0,1231.0,5.0,23.0,612.0,,5.0,59.0,67.0,38.0,,41.0,,,4.0,,26.0,,,,,,16.0,,14.0,1.0,3.0,22.0,13.0,,6.0,,1.0,,2.0,4.0,28.0,16.0,51.0,67.0,4.0,9.0,,,4.0,,,,1.0,,,2.0,,7.0,,1.0,,,,,,,,,,,,,,,,,,1.0,,,,,,
477386,Armel Bella-Kotchap,Defender,Southampton,20,Germany,2022-23,0.4544,0.0,,37.0,,80.0,24.0,24.0,183.0,927.0,2.0,,68.0,3.0,,1885.0,115.0,3.0,29.0,75.0,697.0,,1.0,27.6354,7.0,108.0,39.0,236.0,,33.0,0.0,166.0,,345.0,145.0,24.0,,187.0,36.0,98.0,40.0,0.0,2.0,904.0,2.0,206.0,17.0,5.0,,,242.0,47.0,1258.0,5.0,46.0,557.0,,4.0,103.0,68.0,51.0,,50.0,2.0,0.4033,13.0,2.0,30.0,,,,1.0,1.0,28.0,,23.0,,4.0,23.0,17.0,,20.0,,3.0,,9.0,11.0,12.0,9.0,44.0,104.0,6.0,6.0,,1.0196,1.0,,1.0,1.0,4.0,,1.0,,1.0,,1.0,4.0,1.0,,,,,3.0,,,,,,,,,,,,1.0,,,,,,
154043,Ainsley Maitland-Niles,Midfielder,Lyon,143,England,2022-23,0.7452,0.0,,45.0,,86.0,22.0,13.0,118.0,624.0,,,26.0,1.0,,1403.0,85.0,4.0,33.0,70.0,479.0,,2.0,15.4855,3.0,40.0,31.0,95.0,,8.0,0.0,142.0,,247.0,90.0,22.0,,232.0,27.0,116.0,15.0,0.0,,613.0,3.0,195.0,24.0,17.0,,,187.0,27.0,960.0,53.0,12.0,280.0,,3.0,32.0,37.0,57.0,6.0,21.0,1.0,0.2168,1.0,,11.0,,,6.0,,,11.0,1.0,8.0,,10.0,46.0,21.0,,21.0,,5.0,,18.0,,7.0,13.0,22.0,95.0,6.0,10.0,1.0,0.02,,3.0,2.0,2.0,14.0,,,9.0,1.0,13.0,1.0,14.0,,,,,,,,,,,,,,,,,1.0,,,,,,,
193204,Joe Aribo,Midfielder,Leicester City,13,Nigeria,2022-23,0.4591,0.0,,30.0,,94.0,21.0,13.0,97.0,375.0,,,73.0,,,1228.0,91.0,4.0,29.0,61.0,273.0,,,12.7274,,11.0,24.0,73.0,,13.0,0.0,199.0,,115.0,76.0,21.0,,178.0,20.0,126.0,30.0,0.0,,368.0,4.0,183.0,20.0,18.0,,,78.0,5.0,617.0,2.0,3.0,100.0,,2.0,3.0,20.0,108.0,,40.0,8.0,2.278,9.0,,15.0,2.0,0.0,,6.0,6.0,43.0,,49.0,,9.0,65.0,13.0,2.0,10.0,1.0,21.0,,44.0,1.0,1.0,10.0,10.0,109.0,10.0,8.0,,1.6996,5.0,1.0,,13.0,8.0,,,8.0,,,,8.0,,5.0,1.0,5.0,,,,,,,,,,,,,,,,,,,,
101178,James Ward-Prowse,Midfielder,Burnley,90,England,2022-23,5.3073,0.0,,65.0,,207.0,38.0,38.0,282.0,1920.0,,,96.0,4.0,,3372.0,136.0,6.0,56.0,92.0,1572.0,,2.0,45.3576,4.0,45.0,72.0,470.0,,19.0,2.0,299.0,,577.0,222.0,38.0,,983.0,66.0,203.0,44.0,0.0,,1776.0,25.0,520.0,37.0,8.0,,,535.0,66.0,2565.0,8.0,36.0,725.0,,6.0,75.0,81.0,163.0,17.0,84.0,20.0,7.3718,33.0,4.0,46.0,9.0,6.0,70.0,4.0,4.0,52.0,,29.0,1.0,70.0,111.0,20.0,3.0,28.0,,12.0,1.0,34.0,13.0,10.0,34.0,55.0,338.0,2.0,23.0,1.0,5.8071,11.0,,2.0,12.0,47.0,,11.0,,7.0,,7.0,171.0,11.0,,8.0,,2.0,,2.0,2.0,37.0,17.0,17.0,90.0,0.8063,145.0,4.0,2.0,,,,,,3.0,,
91047,Stuart Armstrong,Midfielder,Sheffield Wednesday,19,Scotland,2022-23,2.8443,0.0,,32.0,,100.0,32.0,14.0,114.0,623.0,,,14.0,,,1405.0,83.0,1.0,42.0,77.0,494.0,,2.0,24.9718,2.0,9.0,34.0,149.0,,20.0,0.0,181.0,,169.0,83.0,32.0,,335.0,33.0,167.0,6.0,0.0,,601.0,16.0,226.0,21.0,25.0,,,141.0,15.0,932.0,12.0,4.0,184.0,,6.0,14.0,35.0,98.0,8.0,40.0,7.0,1.5438,13.0,1.0,14.0,2.0,1.0,10.0,3.0,3.0,8.0,,38.0,,17.0,90.0,18.0,1.0,11.0,,21.0,,49.0,6.0,,17.0,10.0,164.0,14.0,11.0,1.0,2.3632,10.0,4.0,3.0,9.0,25.0,1.0,4.0,18.0,2.0,2.0,2.0,27.0,4.0,6.0,2.0,6.0,,,,1.0,1.0,,,1.0,,2.0,,,,,,,,,,
431131,Moussa Djenepo,Forward,Standard Liège,373,Mali,2022-23,0.4348,0.0,,19.0,,33.0,16.0,7.0,47.0,207.0,,,13.0,,,704.0,62.0,2.0,28.0,59.0,154.0,,1.0,9.7405,3.0,7.0,14.0,73.0,,19.0,0.0,120.0,,68.0,56.0,16.0,,89.0,12.0,107.0,3.0,0.0,,204.0,6.0,103.0,11.0,21.0,,,8.0,6.0,398.0,15.0,12.0,75.0,,1.0,14.0,17.0,58.0,4.0,11.0,2.0,0.1734,3.0,2.0,6.0,,,4.0,2.0,2.0,10.0,,19.0,,7.0,48.0,17.0,,8.0,,16.0,,23.0,1.0,2.0,11.0,11.0,58.0,5.0,6.0,2.0,0.1668,,,,,8.0,1.0,,9.0,,9.0,,8.0,,,,,,,,,,,,,,,,,,,,,,,,
504783,Kamaldeen Sulemana,Forward,Atalanta,456,Ghana,2022-23,1.0341,0.0,,15.0,,49.0,18.0,10.0,58.0,244.0,,,19.0,,,968.0,68.0,2.0,28.0,63.0,176.0,,,13.4325,,4.0,20.0,71.0,,12.0,0.0,149.0,,49.0,39.0,18.0,,145.0,18.0,130.0,5.0,0.0,,239.0,9.0,165.0,9.0,36.0,,,44.0,10.0,501.0,1.0,4.0,43.0,,1.0,9.0,10.0,81.0,2.0,38.0,7.0,1.8522,19.0,1.0,17.0,2.0,0.0,2.0,3.0,3.0,14.0,,49.0,,13.0,67.0,16.0,2.0,6.0,,31.0,,48.0,12.0,,9.0,6.0,80.0,8.0,6.0,,1.6951,5.0,6.0,1.0,7.0,16.0,2.0,1.0,8.0,2.0,,2.0,16.0,1.0,4.0,2.0,4.0,,,,,,,,,,1.0,,,,,,,,,,
96787,Mohamed Elyounoussi,Midfielder,FC København,569,Norway,2022-23,1.6743,0.0,,47.0,,160.0,33.0,27.0,180.0,581.0,,,82.0,1.0,,2178.0,130.0,5.0,59.0,93.0,381.0,,,28.1288,3.0,33.0,45.0,151.0,,18.0,0.0,300.0,,205.0,132.0,33.0,,267.0,40.0,218.0,37.0,0.0,,577.0,7.0,310.0,28.0,28.0,,,95.0,20.0,1029.0,15.0,13.0,144.0,,4.0,20.0,51.0,170.0,10.0,50.0,11.0,2.7459,26.0,1.0,22.0,1.0,1.0,10.0,8.0,8.0,45.0,,57.0,,17.0,125.0,37.0,0.0,19.0,,20.0,1.0,58.0,15.0,3.0,41.0,27.0,130.0,18.0,23.0,,3.5398,10.0,7.0,7.0,16.0,23.0,3.0,6.0,6.0,2.0,1.0,2.0,24.0,6.0,4.0,,4.0,,,,,,,,1.0,,1.0,,,,,,,,,,
502697,Charly Alcaraz,Midfielder,Everton,11,Argentina,2022-23,0.7195,0.0,,10.0,,54.0,18.0,13.0,62.0,283.0,,,35.0,,,1034.0,47.0,1.0,19.0,40.0,215.0,,1.0,16.348,,11.0,25.0,86.0,,17.0,1.0,139.0,,67.0,53.0,18.0,,124.0,24.0,104.0,7.0,0.0,,275.0,5.0,136.0,5.0,13.0,,,47.0,6.0,473.0,1.0,4.0,97.0,,3.0,8.0,17.0,92.0,,12.0,10.0,2.4142,18.0,2.0,2.0,4.0,2.0,,3.0,3.0,28.0,,23.0,,3.0,64.0,9.0,2.0,5.0,,11.0,,35.0,8.0,5.0,16.0,1.0,83.0,11.0,4.0,2.0,1.8791,6.0,3.0,2.0,12.0,4.0,2.0,3.0,5.0,3.0,,3.0,4.0,3.0,3.0,4.0,3.0,,,1.0,1.0,,,,,,,,,,1.0,,,,,,
240143,Ibrahima Diallo,Midfielder,Southampton,20,France,2022-23,0.1323,0.0,,25.0,,62.0,18.0,11.0,81.0,398.0,,,24.0,,,815.0,55.0,1.0,19.0,40.0,305.0,,,11.4331,1.0,11.0,19.0,94.0,,7.0,0.0,103.0,,113.0,82.0,18.0,,154.0,18.0,79.0,15.0,0.0,,391.0,,115.0,15.0,8.0,,,113.0,12.0,522.0,,9.0,163.0,,4.0,19.0,29.0,48.0,,18.0,,,4.0,,8.0,,,,,,9.0,,4.0,,4.0,39.0,10.0,,10.0,,5.0,,15.0,4.0,1.0,18.0,6.0,78.0,7.0,8.0,,0.1963,2.0,,,4.0,4.0,,2.0,7.0,,,,4.0,2.0,,,,,,,,,,,,,,,,,,,,,,,
514356,Roméo Lavia,Midfielder,Chelsea U21,12943,Belgium,2022-23,0.6079,0.0,,60.0,,111.0,29.0,26.0,135.0,991.0,,,18.0,2.0,,2230.0,145.0,3.0,58.0,137.0,809.0,,2.0,32.2721,1.0,23.0,50.0,311.0,,48.0,0.0,258.0,,282.0,187.0,29.0,,451.0,47.0,240.0,8.0,0.0,,984.0,1.0,209.0,35.0,30.0,,,244.0,47.0,1388.0,1.0,6.0,407.0,,9.0,24.0,48.0,113.0,,69.0,3.0,0.4785,6.0,,33.0,1.0,0.0,2.0,,,10.0,,2.0,,16.0,103.0,36.0,1.0,25.0,,13.0,,44.0,3.0,11.0,28.0,33.0,154.0,12.0,16.0,1.0,0.3845,6.0,3.0,5.0,9.0,1.0,,6.0,3.0,2.0,,2.0,1.0,6.0,,1.0,,1.0,,,,2.0,,,,,4.0,,,1.0,,,,,,,
494541,Kamari Doyle,Midfielder,Reading,108,England,2022-23,0.0002,0.0,,,,,1.0,,,5.0,,,1.0,,,6.0,,,,,5.0,,,0.0831,,,,,,,0.0,3.0,,,,1.0,,1.0,,2.0,,0.0,,5.0,,2.0,,,,,1.0,,7.0,,,4.0,,0.0,,,3.0,,,,,,,,,,,,,1.0,,,,,2.0,,,,,1.0,,2.0,,,,,4.0,,,,,,,,,,,,1.0,,,,,,,,,,,,,,,,,,,,,,,,,,,,
155511,Adam Armstrong,Forward,Wolverhampton Wanderers,39,England,2022-23,0.7704,0.0,,14.0,,60.0,30.0,14.0,70.0,285.0,,,26.0,,,1334.0,43.0,3.0,33.0,38.0,206.0,,,18.3398,1.0,5.0,24.0,84.0,,9.0,1.0,138.0,,57.0,54.0,30.0,,135.0,21.0,112.0,5.0,0.0,,253.0,11.0,157.0,9.0,15.0,,,33.0,9.0,498.0,3.0,6.0,82.0,,2.0,10.0,12.0,95.0,2.0,33.0,12.0,2.8635,21.0,1.0,15.0,2.0,0.0,2.0,7.0,7.0,21.0,,47.0,,10.0,74.0,12.0,2.0,5.0,2.0,25.0,,48.0,9.0,3.0,17.0,5.0,111.0,14.0,9.0,,2.0704,4.0,4.0,,3.0,12.0,2.0,3.0,16.0,3.0,,3.0,12.0,3.0,1.0,,1.0,,,1.0,1.0,,,,,,,,,,,,,,,,
200439,Ché Adams,Forward,Southampton,20,Scotland,2022-23,2.2082,0.0,,17.0,,147.0,28.0,23.0,156.0,481.0,,,164.0,1.0,,1998.0,125.0,2.0,26.0,64.0,303.0,,1.0,28.0824,,22.0,41.0,150.0,,27.0,2.0,310.0,,119.0,53.0,28.0,,245.0,39.0,146.0,61.0,0.0,,478.0,9.0,275.0,13.0,20.0,,,106.0,22.0,797.0,3.0,6.0,82.0,,1.0,9.0,22.0,185.0,2.0,60.0,15.0,3.6005,36.0,3.0,30.0,5.0,4.0,2.0,9.0,9.0,103.0,,108.0,,21.0,82.0,9.0,1.0,4.0,,13.0,2.0,41.0,21.0,4.0,38.0,4.0,106.0,10.0,11.0,4.0,6.5991,11.0,,6.0,23.0,10.0,14.0,1.0,5.0,1.0,1.0,1.0,10.0,1.0,10.0,3.0,10.0,,,5.0,2.0,,,,,,,,,,,,,,,,
81205,Mislav Orsic,Forward,Pafos,11097,Croatia,2022-23,0.0002,0.0,,1.0,,,1.0,,1.0,2.0,,,,,,6.0,1.0,,,1.0,1.0,,,,,,,,,,0.0,1.0,,1.0,1.0,1.0,,1.0,,1.0,,0.0,,2.0,,1.0,1.0,,,,,,4.0,1.0,,,,0.0,1.0,,,,1.0,,,,,,,,,,,,,,,,,,,,,,,,,,,,1.0,,,,,,,,,,1.0,,1.0,,,,,,,,,,,,,,,,,,,,,,,,,,,,
147611,Paul Onuachu,Forward,Trabzonspor,383,Nigeria,2022-23,0.0688,0.0,,3.0,,35.0,11.0,4.0,36.0,91.0,,,68.0,,,405.0,55.0,2.0,7.0,18.0,51.0,,,4.653,,4.0,7.0,37.0,,6.0,0.0,114.0,,22.0,14.0,11.0,,37.0,5.0,46.0,37.0,0.0,,90.0,2.0,71.0,2.0,9.0,,,17.0,4.0,172.0,,,18.0,,0.0,1.0,5.0,59.0,,9.0,5.0,0.5768,9.0,,8.0,,,,3.0,3.0,31.0,,25.0,,4.0,28.0,3.0,,1.0,,4.0,,13.0,4.0,1.0,14.0,,15.0,4.0,5.0,,1.2796,2.0,,,6.0,,6.0,,7.0,2.0,,2.0,,,2.0,,2.0,,,2.0,1.0,,,,,,,,,,,,,,,,
476888,Sékou Mara,Forward,Strasbourg,153,France,2022-23,0.3266,0.0,,14.0,,33.0,22.0,4.0,35.0,103.0,,,65.0,,,541.0,58.0,1.0,15.0,33.0,67.0,,1.0,5.526,,5.0,10.0,19.0,,6.0,0.0,158.0,,25.0,25.0,22.0,,44.0,9.0,93.0,25.0,0.0,,101.0,4.0,104.0,10.0,13.0,,,27.0,1.0,261.0,,,24.0,,1.0,2.0,5.0,100.0,,27.0,5.0,0.9823,15.0,2.0,11.0,1.0,0.0,,3.0,3.0,40.0,,26.0,,4.0,60.0,11.0,1.0,4.0,,16.0,,34.0,10.0,,20.0,1.0,32.0,4.0,8.0,,1.0137,2.0,3.0,1.0,6.0,1.0,3.0,,18.0,1.0,,1.0,1.0,,2.0,1.0,2.0,,,,,,,,,,,,,,,,,,,,
490503,Samuel Edozie,Midfielder,Southampton,20,England,2022-23,0.425,0.0,,17.0,,38.0,17.0,5.0,43.0,152.0,,,18.0,,,559.0,58.0,2.0,19.0,52.0,107.0,,,4.5068,1.0,6.0,9.0,45.0,,22.0,0.0,104.0,,39.0,30.0,17.0,,81.0,7.0,86.0,6.0,0.0,,152.0,8.0,111.0,10.0,13.0,,,30.0,2.0,320.0,,5.0,30.0,,0.0,5.0,16.0,46.0,2.0,16.0,3.0,0.528,4.0,,6.0,,,2.0,1.0,1.0,12.0,,35.0,,8.0,34.0,7.0,,7.0,,16.0,,29.0,1.0,,1.0,6.0,38.0,5.0,,1.0,0.869,4.0,5.0,1.0,3.0,9.0,1.0,1.0,12.0,2.0,,2.0,9.0,1.0,3.0,,3.0,,,,,,,,,,,,,1.0,,,,,,,
20467,Theo Walcott,Forward,Southampton,20,England,2022-23,1.7057,0.0,,13.0,,56.0,20.0,13.0,65.0,240.0,,,17.0,,,1134.0,44.0,,10.0,35.0,173.0,,2.0,18.6447,,7.0,30.0,28.0,,10.0,0.0,100.0,,70.0,53.0,20.0,,110.0,30.0,83.0,9.0,0.0,,235.0,9.0,130.0,6.0,12.0,,,63.0,2.0,416.0,1.0,4.0,69.0,,1.0,9.0,18.0,56.0,4.0,21.0,8.0,0.4768,15.0,2.0,13.0,2.0,1.0,4.0,4.0,4.0,8.0,,45.0,1.0,13.0,48.0,7.0,1.0,7.0,1.0,10.0,,22.0,7.0,1.0,7.0,9.0,79.0,11.0,4.0,,2.2216,5.0,1.0,1.0,12.0,17.0,15.0,1.0,7.0,2.0,,2.0,17.0,1.0,4.0,1.0,4.0,,,1.0,1.0,,,,,,,,,,,,,,,,
494543,Dom Ballard,Forward,Southampton U21,12945,England,2022-23,0.0011,0.0,,,,2.0,2.0,,2.0,6.0,,,5.0,,,24.0,1.0,,,,4.0,,,1.0093,,,,,,,0.0,7.0,,1.0,2.0,2.0,,3.0,,2.0,1.0,0.0,,5.0,,7.0,,,,,1.0,,13.0,1.0,,1.0,,0.0,,1.0,6.0,,2.0,,,,,1.0,,,,,,4.0,,,,,2.0,,,,,1.0,,2.0,,,,1.0,4.0,,,,,,,,,,,,2.0,,,,,,,,,,,,,,,,,,,,,,,,,,,,
499724,Sam Amo-Ameyaw,Forward,Strasbourg,153,England,2022-23,0.003,0.0,,,,1.0,1.0,,1.0,6.0,,,1.0,,,3.0,3.0,,,3.0,5.0,,,0.9262,,,,1.0,,,0.0,6.0,,,1.0,1.0,,4.0,,5.0,,0.0,,6.0,,2.0,,3.0,,,2.0,,11.0,,,1.0,,0.0,,,3.0,,,,,,,,,,,,,1.0,,,,1.0,2.0,,,,,1.0,,1.0,,,,,3.0,,,,,,,,,,,,1.0,,,,,,,,,,,,,,,,,,,,,,,,,,,,
37915,Hugo Lloris,Goalkeeper,Los Angeles Football Club,11690,France,2022-23,0.0212,0.0,17.0,1.0,42.0,4.0,25.0,25.0,163.0,616.0,186.0,1.0,13.0,7.0,1.0,2205.0,12.0,6.0,1.0,2.0,344.0,7.0,1.0,34.381,10.0,20.0,39.0,168.0,79.0,2.0,0.0,17.0,2.0,287.0,191.0,25.0,3.0,48.0,33.0,4.0,10.0,0.0,263.0,359.0,,169.0,1.0,,32.0,25.0,161.0,109.0,857.0,,47.0,405.0,37.0,0.0,159.0,52.0,5.0,,2.0,,,,,2.0,,,,,,3.0,,,1.0,,2.0,,,,,,,,,,,1.0,,1.0,,,,,,,,,,,,,,,,,,,,,1.0,,,,,,,,,,,,,,,,,,
40383,Fraser Forster,Goalkeeper,Bournemouth,91,England,2022-23,0.0045,0.0,4.0,1.0,9.0,4.0,14.0,13.0,95.0,291.0,93.0,,3.0,3.0,3.0,1215.0,6.0,2.0,2.0,3.0,150.0,7.0,2.0,21.4358,6.0,10.0,24.0,64.0,32.0,2.0,0.0,6.0,1.0,160.0,100.0,14.0,1.0,25.0,22.0,3.0,3.0,0.0,133.0,159.0,,98.0,,,31.0,12.0,67.0,46.0,417.0,,19.0,171.0,22.0,1.0,91.0,18.0,,,,,,,,,,,,,,,,,,,,1.0,,1.0,,,,,,,,,,,,,,,,,,,,,1.0,,,,,,,,,,,,,,,,,,,,,,,1.0,1.0,1.0,,,
214572,Brandon Austin,Goalkeeper,Tottenham Hotspur,6,England,2022-23,,0.0,,,,,,,,,,,,,,,,,,,,,,,,,,,,,,,,,,,,,,,,0.0,,,,,,,,,,,,,,,,0.0,,,,,,,,,,,,,,,,,,,,,,,,,,,,,,,,,,,,,,,,,,,,,,,,,,,,,,,,,,,,,,,,,,,,,,,,,
173904,Dávinson Sánchez,Defender,Galatasaray,208,Colombia,2022-23,0.2191,0.0,,24.0,,47.0,18.0,8.0,77.0,588.0,,,45.0,2.0,,852.0,58.0,3.0,16.0,30.0,497.0,,1.0,13.6482,6.0,41.0,17.0,90.0,,4.0,0.0,92.0,,211.0,45.0,18.0,,151.0,14.0,47.0,28.0,0.0,,581.0,,87.0,11.0,2.0,,,245.0,14.0,731.0,3.0,12.0,361.0,,1.0,30.0,44.0,34.0,1.0,17.0,2.0,0.2924,6.0,,11.0,,,1.0,1.0,1.0,17.0,1.0,10.0,,2.0,17.0,6.0,,13.0,,3.0,,5.0,4.0,10.0,7.0,12.0,42.0,4.0,5.0,,0.6261,,,,,1.0,1.0,,10.0,1.0,,1.0,1.0,,,,,,,,1.0,,,,,,,,,,,,,,,,
241157,Emerson Royal,Defender,Milan,120,Brazil,2022-23,0.9938,1.0,,54.0,,109.0,26.0,20.0,146.0,862.0,,,55.0,7.0,,1736.0,133.0,4.0,51.0,105.0,682.0,,1.0,22.886,4.0,65.0,26.0,85.0,,33.0,1.0,221.0,,279.0,102.0,26.0,,346.0,22.0,166.0,28.0,1.0,,838.0,18.0,262.0,33.0,18.0,,,344.0,34.0,1398.0,126.0,19.0,376.0,,2.0,37.0,64.0,88.0,6.0,45.0,7.0,1.1227,13.0,1.0,21.0,2.0,1.0,6.0,4.0,4.0,27.0,,47.0,,8.0,61.0,14.0,1.0,21.0,,9.0,1.0,28.0,6.0,3.0,21.0,18.0,154.0,7.0,13.0,1.0,1.6625,4.0,,2.0,2.0,40.0,,3.0,6.0,1.0,20.0,1.0,40.0,3.0,1.0,1.0,1.0,,,,,,,,,,1.0,,,,,,,,,,
93264,Eric Dier,Defender,Monaco,146,England,2022-23,0.5723,0.0,,30.0,,139.0,33.0,31.0,278.0,1978.0,2.0,,115.0,9.0,,2817.0,123.0,7.0,32.0,43.0,1582.0,,3.0,47.7034,3.0,109.0,52.0,575.0,,10.0,1.0,198.0,,694.0,140.0,33.0,,408.0,45.0,83.0,80.0,0.0,2.0,1918.0,5.0,308.0,19.0,3.0,,,614.0,118.0,2299.0,5.0,38.0,1295.0,,3.0,139.0,118.0,75.0,3.0,49.0,4.0,0.9197,9.0,1.0,33.0,2.0,0.0,3.0,2.0,2.0,35.0,,25.0,,6.0,40.0,17.0,2.0,11.0,,2.0,2.0,5.0,5.0,24.0,25.0,35.0,95.0,1.0,18.0,,1.6712,8.0,,2.0,,8.0,1.0,2.0,2.0,,3.0,,8.0,2.0,6.0,,6.0,,,,,,2.0,2.0,,0.0703,,,,,,,,,,,
221632,Cristian Romero,Defender,Tottenham Hotspur,6,Argentina,2022-23,1.0097,1.0,,68.0,,135.0,27.0,26.0,195.0,1584.0,1.0,,83.0,6.0,,2365.0,150.0,6.0,46.0,93.0,1307.0,,2.0,38.5262,6.0,97.0,41.0,200.0,,12.0,0.0,255.0,,581.0,173.0,27.0,,440.0,35.0,172.0,57.0,0.0,1.0,1523.0,2.0,236.0,36.0,13.0,,,712.0,82.0,1972.0,18.0,26.0,949.0,,9.0,60.0,104.0,105.0,,57.0,2.0,0.2167,10.0,1.0,31.0,,,,2.0,2.0,26.0,1.0,18.0,,7.0,79.0,22.0,,32.0,,8.0,,18.0,8.0,18.0,42.0,44.0,91.0,1.0,32.0,,1.4423,1.0,,4.0,1.0,,,,1.0,,1.0,,,,1.0,,1.0,,1.0,,2.0,,,,,,,,,1.0,,,,,,1.0,
441164,Pedro Porro,Defender,Tottenham Hotspur,6,Spain,2022-23,2.2888,0.0,,25.0,,89.0,15.0,13.0,118.0,478.0,,,12.0,1.0,,1135.0,56.0,3.0,52.0,55.0,345.0,,1.0,23.6765,1.0,20.0,26.0,13.0,,16.0,1.0,134.0,,166.0,85.0,15.0,,197.0,23.0,122.0,1.0,0.0,,476.0,13.0,231.0,16.0,14.0,,,193.0,15.0,863.0,80.0,13.0,188.0,,0.0,29.0,53.0,78.0,15.0,22.0,7.0,1.7945,20.0,3.0,10.0,3.0,2.0,25.0,1.0,1.0,11.0,,25.0,,22.0,67.0,23.0,1.0,9.0,,23.0,,30.0,13.0,2.0,12.0,15.0,106.0,7.0,10.0,,1.8294,6.0,3.0,7.0,,34.0,1.0,3.0,2.0,3.0,11.0,3.0,52.0,3.0,3.0,3.0,3.0,,,,1.0,9.0,1.0,1.0,15.0,0.0784,24.0,,,,,,,,,,
232859,Djed Spence,Defender,Tottenham Hotspur,6,England,2022-23,0.0038,0.0,,,,4.0,4.0,,4.0,9.0,,,1.0,,,5.0,1.0,,2.0,,5.0,,,,,,,1.0,,,0.0,3.0,,3.0,1.0,4.0,,5.0,,2.0,1.0,0.0,,9.0,,6.0,,,,,4.0,,14.0,,,,,0.0,,2.0,2.0,,1.0,1.0,,1.0,,,,,,1.0,1.0,,,2.0,,,2.0,,,,,,,2.0,,,,,1.0,,,,0.0643,,,,,,,,4.0,,,,,,,,,,,,,,,,,,,,,,,,,,,,
199584,Japhet Tanganga,Defender,Sheffield United,49,England,2022-23,0.0168,0.0,,3.0,,7.0,4.0,2.0,10.0,91.0,,,9.0,,,147.0,13.0,,1.0,7.0,78.0,,,3.6548,,6.0,5.0,11.0,,3.0,0.0,24.0,,37.0,8.0,4.0,,33.0,5.0,15.0,6.0,0.0,,90.0,,16.0,2.0,1.0,,,34.0,3.0,117.0,,3.0,49.0,,0.0,3.0,6.0,11.0,1.0,5.0,,,,,2.0,,,1.0,,,3.0,,,,,8.0,1.0,,1.0,,1.0,,2.0,,,3.0,2.0,9.0,2.0,,,,,1.0,,,,,,2.0,,,,,,,,,,,,,,,,,,,,,,,,,,,,
115556,Ben Davies,Defender,Tottenham Hotspur,6,Wales,2022-23,1.4841,0.0,,28.0,,135.0,31.0,26.0,199.0,1182.0,,,123.0,9.0,,2289.0,120.0,3.0,31.0,50.0,937.0,,1.0,28.2962,5.0,67.0,33.0,502.0,,17.0,0.0,227.0,,476.0,84.0,31.0,,418.0,30.0,104.0,70.0,0.0,,1155.0,6.0,264.0,11.0,5.0,,,76.0,46.0,1510.0,49.0,23.0,573.0,,4.0,64.0,79.0,107.0,8.0,48.0,5.0,0.6066,13.0,2.0,30.0,2.0,1.0,8.0,2.0,2.0,53.0,,30.0,,18.0,54.0,9.0,1.0,17.0,1.0,7.0,1.0,12.0,8.0,8.0,30.0,18.0,128.0,6.0,17.0,,0.9669,1.0,,1.0,1.0,27.0,1.0,1.0,5.0,1.0,11.0,1.0,27.0,1.0,,,,,,1.0,,,,,,,,,,,,,,,,,
171101,Clément Lenglet,Defender,Atlético de Madrid,175,France,2022-23,0.8166,0.0,,38.0,,93.0,26.0,24.0,180.0,1438.0,1.0,,71.0,1.0,,2026.0,105.0,4.0,26.0,62.0,1181.0,,2.0,32.2973,1.0,67.0,35.0,587.0,,17.0,0.0,188.0,,514.0,119.0,26.0,,428.0,31.0,117.0,43.0,0.0,1.0,1415.0,2.0,219.0,23.0,7.0,,,258.0,77.0,1704.0,6.0,13.0,836.0,,4.0,87.0,78.0,83.0,6.0,40.0,2.0,0.0855,6.0,2.0,12.0,,,6.0,2.0,2.0,28.0,,17.0,,4.0,55.0,15.0,,15.0,,4.0,,12.0,4.0,11.0,23.0,18.0,79.0,10.0,8.0,,0.951,7.0,,5.0,1.0,10.0,,3.0,2.0,,,,10.0,3.0,4.0,,4.0,1.0,,,,,,,,,,,,,,,,,,,
209042,Oliver Skipp,Midfielder,Leicester City,13,England,2022-23,0.3896,0.0,,34.0,,70.0,23.0,18.0,98.0,757.0,,,32.0,2.0,,1494.0,69.0,3.0,23.0,62.0,632.0,,2.0,25.9069,2.0,18.0,28.0,205.0,,17.0,1.0,153.0,,186.0,107.0,23.0,,299.0,25.0,121.0,7.0,0.0,,745.0,3.0,149.0,17.0,11.0,,,213.0,27.0,958.0,,16.0,361.0,,7.0,28.0,38.0,84.0,1.0,36.0,3.0,0.2644,4.0,,23.0,1.0,0.0,1.0,1.0,1.0,25.0,,8.0,,10.0,59.0,9.0,1.0,17.0,,3.0,,19.0,1.0,8.0,23.0,17.0,153.0,10.0,12.0,,0.2715,3.0,1.0,1.0,13.0,9.0,,3.0,5.0,1.0,,1.0,9.0,3.0,,1.0,,,,1.0,,,,,,,,,,,,,,,,,
132015,Pierre-Emile Højbjerg,Midfielder,Tottenham Hotspur,6,Denmark,2022-23,3.1738,0.0,,56.0,,181.0,35.0,35.0,258.0,2256.0,,,35.0,10.0,,3133.0,151.0,7.0,57.0,124.0,1842.0,,3.0,51.7826,2.0,58.0,57.0,720.0,,36.0,0.0,283.0,,591.0,245.0,35.0,,994.0,50.0,248.0,27.0,0.0,,2191.0,6.0,359.0,30.0,32.0,,,583.0,156.0,2763.0,16.0,16.0,1011.0,,5.0,77.0,84.0,132.0,7.0,67.0,9.0,1.6732,24.0,5.0,46.0,4.0,2.0,7.0,1.0,1.0,8.0,,34.0,,25.0,124.0,29.0,2.0,26.0,,12.0,,47.0,15.0,17.0,38.0,49.0,362.0,2.0,27.0,1.0,2.0206,9.0,2.0,10.0,15.0,8.0,1.0,8.0,,4.0,,4.0,8.0,8.0,1.0,4.0,1.0,,,2.0,1.0,1.0,,,,,1.0,,,,,,,,,,
45034,Ivan Perisic,Forward,PSV,204,Croatia,2022-23,5.2069,0.0,,41.0,,181.0,34.0,23.0,217.0,782.0,,,66.0,2.0,,2109.0,101.0,4.0,65.0,67.0,529.0,,3.0,40.9753,2.0,42.0,44.0,282.0,,8.0,0.0,218.0,,246.0,117.0,34.0,,344.0,40.0,152.0,34.0,0.0,,776.0,37.0,476.0,24.0,19.0,,,40.0,36.0,1430.0,100.0,16.0,269.0,,6.0,36.0,68.0,117.0,30.0,40.0,8.0,1.8128,24.0,8.0,19.0,1.0,1.0,48.0,6.0,6.0,32.0,,98.0,,40.0,85.0,22.0,0.0,17.0,1.0,19.0,,33.0,16.0,7.0,30.0,22.0,214.0,13.0,11.0,,2.6339,5.0,2.0,,5.0,89.0,6.0,1.0,11.0,1.0,38.0,1.0,148.0,1.0,4.0,,4.0,,,,3.0,15.0,2.0,2.0,48.0,0.084,67.0,,,,1.0,,,,,,
220307,Arnaut Danjuma,Forward,Villarreal,449,Netherlands,2022-23,0.0567,0.0,,2.0,,17.0,9.0,1.0,17.0,54.0,,,3.0,,,163.0,7.0,1.0,5.0,6.0,37.0,,,4.0317,,,5.0,9.0,,1.0,0.0,15.0,,14.0,1.0,9.0,,27.0,4.0,12.0,1.0,0.0,,54.0,2.0,24.0,,3.0,,,11.0,,79.0,,,12.0,,0.0,,3.0,8.0,2.0,5.0,3.0,0.5565,4.0,,2.0,1.0,0.0,2.0,2.0,2.0,2.0,,9.0,,1.0,6.0,1.0,1.0,2.0,1.0,3.0,,6.0,1.0,,,,20.0,1.0,,,0.8139,2.0,,,2.0,,1.0,,8.0,,,,,,2.0,,2.0,,,,,,,,,,,,,,,,,,,,
184349,Ryan Sessegnon,Midfielder,Fulham,54,England,2022-23,1.1063,0.0,,16.0,,67.0,17.0,9.0,77.0,290.0,,,20.0,1.0,,811.0,38.0,2.0,26.0,28.0,208.0,,1.0,13.135,1.0,16.0,15.0,110.0,,6.0,0.0,83.0,,85.0,49.0,17.0,,110.0,13.0,63.0,10.0,0.0,,288.0,14.0,138.0,11.0,6.0,,,13.0,5.0,511.0,63.0,5.0,107.0,,4.0,10.0,37.0,45.0,4.0,17.0,6.0,1.4829,11.0,,10.0,2.0,1.0,4.0,4.0,4.0,10.0,,28.0,,6.0,35.0,7.0,1.0,5.0,1.0,4.0,1.0,14.0,5.0,1.0,15.0,6.0,82.0,6.0,11.0,,1.5888,7.0,2.0,2.0,1.0,26.0,7.0,3.0,8.0,,7.0,,26.0,3.0,4.0,,4.0,,,,,,,,,,,,,,,,,,,,
445044,Dejan Kulusevski,Midfielder,Tottenham Hotspur,6,Sweden,2022-23,4.7625,0.0,,38.0,,107.0,30.0,23.0,118.0,676.0,,,11.0,,,2076.0,120.0,4.0,45.0,116.0,548.0,,2.0,34.6811,1.0,7.0,40.0,83.0,,25.0,0.0,295.0,,123.0,145.0,30.0,,365.0,36.0,284.0,4.0,0.0,,631.0,19.0,351.0,15.0,54.0,,,264.0,10.0,1183.0,7.0,4.0,210.0,,2.0,11.0,28.0,175.0,14.0,53.0,10.0,1.6802,22.0,7.0,25.0,2.0,1.0,17.0,6.0,6.0,7.0,1.0,119.0,,40.0,168.0,19.0,1.0,23.0,2.0,52.0,,104.0,12.0,,36.0,13.0,206.0,19.0,18.0,3.0,2.5208,21.0,5.0,5.0,12.0,39.0,3.0,10.0,7.0,2.0,,2.0,45.0,10.0,11.0,,11.0,,,,,3.0,,,6.0,,23.0,,,,,,,,,,
482442,Pape Matar Sarr,Midfielder,Tottenham Hotspur,6,Senegal,2022-23,0.0429,0.0,,7.0,,7.0,11.0,2.0,13.0,154.0,,,8.0,,,213.0,15.0,3.0,1.0,12.0,141.0,,1.0,7.8371,,6.0,11.0,51.0,,3.0,0.0,31.0,,31.0,22.0,11.0,,56.0,8.0,23.0,3.0,0.0,,150.0,,22.0,6.0,2.0,,,44.0,,199.0,,4.0,85.0,,1.0,6.0,4.0,16.0,,6.0,,,2.0,1.0,3.0,,,,,,5.0,1.0,1.0,,1.0,11.0,1.0,,1.0,,1.0,,3.0,2.0,2.0,4.0,6.0,28.0,2.0,3.0,,0.0622,,1.0,,,,,,9.0,,,,,,,,,,1.0,,,,,,,,,,,,,,,,,,
202993,Rodrigo Bentancur,Midfielder,Tottenham Hotspur,6,Uruguay,2022-23,0.677,0.0,,45.0,,109.0,18.0,17.0,127.0,857.0,,,31.0,4.0,,1504.0,90.0,3.0,32.0,75.0,707.0,,1.0,21.9818,,21.0,24.0,221.0,,8.0,3.0,171.0,,250.0,128.0,18.0,,324.0,21.0,140.0,15.0,0.0,,836.0,4.0,192.0,28.0,22.0,,,198.0,23.0,1129.0,4.0,5.0,410.0,,8.0,18.0,46.0,81.0,4.0,50.0,9.0,2.2768,12.0,2.0,33.0,5.0,2.0,4.0,2.0,2.0,16.0,,20.0,,9.0,65.0,13.0,3.0,17.0,1.0,11.0,,28.0,3.0,15.0,24.0,20.0,188.0,7.0,15.0,,2.2276,3.0,,3.0,7.0,12.0,,,1.0,2.0,,2.0,12.0,,3.0,4.0,3.0,,,,,,,,,,1.0,,,,1.0,,,,,,
227127,Yves Bissouma,Midfielder,Tottenham Hotspur,6,Mali,2022-23,0.3745,0.0,,16.0,,51.0,23.0,10.0,63.0,727.0,,,18.0,,,1004.0,41.0,3.0,21.0,35.0,647.0,,,15.6496,1.0,10.0,20.0,237.0,,10.0,0.0,85.0,,155.0,68.0,23.0,,345.0,17.0,67.0,6.0,0.0,,712.0,1.0,93.0,13.0,9.0,,,233.0,17.0,855.0,1.0,5.0,320.0,,6.0,12.0,26.0,44.0,1.0,27.0,,,4.0,,12.0,,,1.0,,,12.0,,2.0,,8.0,32.0,9.0,,3.0,,1.0,,9.0,4.0,6.0,17.0,12.0,102.0,6.0,16.0,,0.1754,2.0,1.0,1.0,7.0,1.0,1.0,2.0,13.0,,,,1.0,2.0,,,,,,,,,,,,,,,,,,,,,,,
448791,Harvey White,Midfielder,Stevenage,288,England,2022-23,0.0374,0.0,,,,2.0,1.0,,3.0,5.0,,,1.0,,,4.0,1.0,,,,2.0,,,,,,,,,,0.0,2.0,,3.0,,1.0,,3.0,,1.0,1.0,0.0,,5.0,1.0,5.0,,,,,,,8.0,,,,,0.0,1.0,1.0,1.0,1.0,,,,,,,,,1.0,,,,,,,,1.0,,,,,,,,,,,,2.0,,,,,,,1.0,,,,,1.0,,,,2.0,,,,,,,,,,,,2.0,,2.0,,,,,,,,,,
496179,Alfie Devine,Midfielder,Tottenham Hotspur,6,England,2022-23,,0.0,,,,,,,,,,,,,,,,,,,,,,,,,,,,,,,,,,,,,,,,0.0,,,,,,,,,,,,,,,,0.0,,,,,,,,,,,,,,,,,,,,,,,,,,,,,,,,,,,,,,,,,,,,,,,,,,,,,,,,,,,,,,,,,,,,,,,,,
461201,Matthew Craig,Midfielder,Tottenham Hotspur U21,12968,Scotland,2022-23,0.0015,0.0,,4.0,,1.0,1.0,,1.0,6.0,,,,,,13.0,4.0,,,4.0,5.0,,,,,,,1.0,,,0.0,4.0,,1.0,,1.0,,2.0,,4.0,,0.0,,6.0,,1.0,1.0,,,,1.0,,11.0,,,3.0,,0.0,,,,,,,,,,,,,,,,,,,,,,,,3.0,,,,,,,,,3.0,,,,,,,,,,,,1.0,,,,,,,,,,,,,,,,,,,,,,,,,,,,
461199,Romaine Mundle,Forward,Sunderland,56,England,2022-23,,0.0,,,,,,,,,,,,,,,,,,,,,,,,,,,,,,,,,,,,,,,,0.0,,,,,,,,,,,,,,,,0.0,,,,,,,,,,,,,,,,,,,,,,,,,,,,,,,,,,,,,,,,,,,,,,,,,,,,,,,,,,,,,,,,,,,,,,,,,
519327,George Abbott,Midfielder,Tottenham Hotspur U21,12968,England,2022-23,0.0002,0.0,,,,,1.0,,,1.0,,,,,,1.0,,,,,1.0,,,,,,,,,,0.0,,,,,1.0,,1.0,,,,0.0,,1.0,,,,,,,1.0,,2.0,,,,,0.0,,,,,,,,,,,,,,,,,,,,,,,,,,,,,,,,1.0,,,,,,,,,,,,,1.0,,,,,,,,,,,,,,,,,,,,,,,,,,,,
85971,Son Heung-Min,Forward,Tottenham Hotspur,6,South Korea,2022-23,4.5278,0.0,,24.0,,133.0,36.0,33.0,141.0,785.0,,,37.0,2.0,,2899.0,105.0,7.0,49.0,96.0,629.0,,2.0,46.2862,,4.0,55.0,243.0,,36.0,0.0,261.0,,167.0,109.0,36.0,,472.0,48.0,224.0,9.0,0.0,,745.0,24.0,394.0,12.0,36.0,,,131.0,15.0,1338.0,5.0,3.0,203.0,,2.0,8.0,35.0,156.0,8.0,62.0,40.0,9.9406,56.0,6.0,33.0,10.0,2.0,31.0,17.0,17.0,28.0,,116.0,,55.0,128.0,21.0,8.0,12.0,4.0,40.0,,95.0,16.0,2.0,13.0,13.0,244.0,14.0,5.0,3.0,10.1863,25.0,5.0,5.0,12.0,27.0,18.0,10.0,3.0,13.0,,13.0,82.0,10.0,15.0,6.0,15.0,2.0,,6.0,5.0,18.0,5.0,5.0,48.0,0.2526,83.0,,,,,,,,,,
212319,Richarlison,Forward,Tottenham Hotspur,6,Brazil,2022-23,1.4637,0.0,,21.0,,65.0,27.0,12.0,72.0,263.0,,,49.0,,,1006.0,73.0,2.0,26.0,55.0,181.0,,1.0,15.0763,,9.0,18.0,85.0,,22.0,0.0,168.0,,59.0,52.0,27.0,,132.0,16.0,119.0,18.0,0.0,,254.0,9.0,159.0,16.0,12.0,,,56.0,10.0,490.0,,6.0,64.0,,3.0,7.0,23.0,95.0,5.0,32.0,14.0,1.6199,22.0,3.0,17.0,1.0,1.0,5.0,13.0,13.0,31.0,,66.0,,13.0,64.0,13.0,0.0,5.0,,18.0,1.0,36.0,8.0,1.0,14.0,5.0,63.0,11.0,4.0,,3.2791,5.0,,4.0,6.0,11.0,9.0,1.0,15.0,,,,11.0,1.0,4.0,,4.0,,,1.0,2.0,,,,,,,,,2.0,,,,,,,
78830,Harry Kane,Forward,FC Bayern München,156,England,2022-23,3.9762,0.0,,15.0,,196.0,38.0,38.0,238.0,851.0,,,147.0,8.0,,3406.0,180.0,8.0,59.0,114.0,542.0,,3.0,54.5814,1.0,18.0,62.0,228.0,,56.0,11.0,412.0,,329.0,96.0,38.0,,448.0,54.0,265.0,66.0,0.0,,816.0,30.0,467.0,12.0,43.0,,,134.0,71.0,1477.0,22.0,1.0,172.0,,6.0,42.0,30.0,232.0,7.0,70.0,63.0,18.8539,100.0,3.0,24.0,30.0,16.0,7.0,27.0,27.0,81.0,,182.0,,54.0,151.0,20.0,14.0,3.0,2.0,53.0,10.0,110.0,37.0,7.0,31.0,2.0,160.0,3.0,8.0,4.0,21.4204,30.0,5.0,20.0,31.0,30.0,16.0,13.0,,6.0,3.0,6.0,30.0,13.0,17.0,17.0,17.0,,,1.0,2.0,,4.0,4.0,,0.3026,,6.0,5.0,2.0,,,,,1.0,,1.0
436234,Bryan Gil,Forward,Tottenham Hotspur,6,Spain,2022-23,0.0794,0.0,,3.0,,9.0,4.0,2.0,11.0,57.0,,,2.0,,,148.0,7.0,,6.0,7.0,44.0,,,1.1477,,1.0,1.0,9.0,,2.0,0.0,20.0,,13.0,3.0,4.0,,32.0,1.0,18.0,,0.0,,55.0,1.0,24.0,1.0,2.0,,,18.0,2.0,88.0,1.0,,14.0,,1.0,2.0,2.0,13.0,,6.0,1.0,0.0758,1.0,1.0,3.0,,,,,,2.0,,2.0,,1.0,11.0,3.0,,2.0,,3.0,,6.0,,,2.0,1.0,17.0,2.0,1.0,,0.0981,1.0,,,1.0,2.0,1.0,,2.0,1.0,,1.0,2.0,,1.0,,1.0,,,,,,,,,,,,,,,,,,,,
95715,Lucas Moura,Forward,Tottenham Hotspur,6,Brazil,2022-23,0.4102,1.0,,8.0,,18.0,15.0,,19.0,75.0,,,9.0,,,145.0,21.0,,6.0,16.0,56.0,,,4.4578,,,4.0,8.0,,3.0,0.0,42.0,,20.0,9.0,15.0,,40.0,4.0,33.0,5.0,1.0,,74.0,3.0,44.0,5.0,5.0,,,28.0,,133.0,5.0,1.0,17.0,,0.0,1.0,4.0,21.0,1.0,6.0,1.0,0.6689,2.0,,4.0,1.0,1.0,1.0,,,4.0,,12.0,,4.0,17.0,,0.0,3.0,,6.0,,11.0,1.0,,3.0,2.0,19.0,,2.0,,0.5382,2.0,,1.0,1.0,8.0,,,15.0,,,,8.0,,2.0,1.0,2.0,,,,,,,,,,1.0,,,,,,,,,,
492779,Yago Santiago,Forward,Tottenham Hotspur,6,Spain,2022-23,,0.0,,,,,,,,,,,,,,,,,,,,,,,,,,,,,,,,,,,,,,,,0.0,,,,,,,,,,,,,,,,0.0,,,,,,,,,,,,,,,,,,,,,,,,,,,,,,,,,,,,,,,,,,,,,,,,,,,,,,,,,,,,,,,,,,,,,,,,,
37096,Lukasz Fabianski,Goalkeeper,West Ham United U21,12944,Poland,2022-23,0.0311,0.0,26.0,2.0,49.0,1.0,36.0,36.0,324.0,773.0,249.0,8.0,18.0,8.0,4.0,3113.0,21.0,7.0,1.0,4.0,242.0,14.0,2.0,46.5905,28.0,24.0,48.0,102.0,108.0,4.0,0.0,23.0,7.0,556.0,255.0,36.0,3.0,149.0,41.0,5.0,17.0,0.0,314.0,385.0,,335.0,,,88.0,25.0,115.0,207.0,1116.0,,105.0,300.0,58.0,1.0,323.0,32.0,2.0,,1.0,,,,,,,,,,,1.0,,,,,1.0,1.0,,2.0,,,,,,,,,,3.0,,,,,,,,,,,,,,,,,,,,,1.0,,,,,,,,,,,,,1.0,1.0,,,,
84182,Alphonse Areola,Goalkeeper,West Ham United,21,France,2022-23,0.0012,0.0,2.0,,2.0,,5.0,2.0,24.0,77.0,30.0,1.0,,,2.0,307.0,,1.0,,,36.0,1.0,2.0,7.2978,2.0,1.0,7.0,14.0,9.0,,0.0,1.0,2.0,47.0,17.0,5.0,,9.0,6.0,1.0,,0.0,40.0,43.0,,25.0,,,4.0,4.0,16.0,17.0,106.0,,8.0,44.0,7.0,0.0,24.0,10.0,1.0,,,,,,,,,,,,,,1.0,,,,1.0,,,,,,,,,,1.0,,,,1.0,,,,,,,,,,3.0,,,,,,,,,,,,,,,,,,,,,,,,,,,,
483364,Krisztián Hegyi,Goalkeeper,West Ham United U21,12944,Hungary,2022-23,,0.0,,,,,,,,,,,,,,,,,,,,,,,,,,,,,,,,,,,,,,,,0.0,,,,,,,,,,,,,,,,0.0,,,,,,,,,,,,,,,,,,,,,,,,,,,,,,,,,,,,,,,,,,,,,,,,,,,,,,,,,,,,,,,,,,,,,,,,,
447879,Joseph Anang,Goalkeeper,West Ham United,21,England,2022-23,,0.0,,,,,,,,,,,,,,,,,,,,,,,,,,,,,,,,,,,,,,,,0.0,,,,,,,,,,,,,,,,0.0,,,,,,,,,,,,,,,,,,,,,,,,,,,,,,,,,,,,,,,,,,,,,,,,,,,,,,,,,,,,,,,,,,,,,,,,,
222018,Ben Johnson,Defender,Ipswich Town,40,England,2022-23,0.4123,0.0,,20.0,,70.0,17.0,9.0,123.0,456.0,2.0,,25.0,2.0,,862.0,49.0,3.0,20.0,33.0,312.0,,2.0,18.6092,2.0,24.0,13.0,57.0,,5.0,0.0,82.0,,211.0,67.0,17.0,,145.0,10.0,57.0,16.0,0.0,2.0,447.0,3.0,160.0,14.0,8.0,,,138.0,21.0,653.0,55.0,23.0,195.0,,0.0,53.0,54.0,33.0,7.0,14.0,1.0,0.2198,2.0,,10.0,,,7.0,1.0,1.0,9.0,,2.0,,3.0,24.0,8.0,,6.0,,6.0,,13.0,1.0,4.0,3.0,9.0,50.0,1.0,3.0,,0.0542,,,,2.0,9.0,1.0,,8.0,,7.0,,9.0,,,,,,,,,,,,,,,,,,,,,,,,
55459,Aaron Cresswell,Defender,West Ham United,21,England,2022-23,2.8503,0.0,,21.0,,144.0,28.0,24.0,208.0,1120.0,,,55.0,5.0,,2235.0,60.0,5.0,45.0,32.0,848.0,,3.0,31.4383,12.0,53.0,32.0,319.0,,9.0,0.0,127.0,,593.0,120.0,28.0,,518.0,27.0,72.0,28.0,0.0,,1084.0,17.0,338.0,11.0,2.0,,,47.0,64.0,1641.0,173.0,26.0,436.0,,3.0,64.0,90.0,67.0,18.0,25.0,1.0,0.3154,3.0,1.0,12.0,,,42.0,1.0,1.0,27.0,,13.0,,39.0,40.0,10.0,,10.0,,4.0,,10.0,2.0,11.0,9.0,27.0,161.0,4.0,4.0,,0.3484,6.0,1.0,1.0,2.0,55.0,2.0,3.0,4.0,,19.0,,91.0,3.0,3.0,,3.0,,,,,19.0,4.0,4.0,31.0,0.1691,56.0,,,,,,,,,,
103192,Kurt Zouma,Defender,West Ham United,21,France,2022-23,0.127,0.0,,9.0,,70.0,25.0,24.0,128.0,826.0,11.0,,70.0,7.0,,1990.0,74.0,3.0,6.0,18.0,648.0,,2.0,28.3545,9.0,118.0,29.0,221.0,,7.0,1.0,110.0,,286.0,84.0,25.0,,141.0,26.0,40.0,56.0,0.0,11.0,801.0,4.0,140.0,4.0,3.0,,,280.0,50.0,1066.0,3.0,28.0,557.0,,0.0,58.0,52.0,36.0,,27.0,6.0,1.6354,16.0,,17.0,2.0,0.0,,4.0,4.0,14.0,,30.0,,1.0,22.0,3.0,2.0,5.0,,3.0,2.0,5.0,10.0,14.0,14.0,30.0,39.0,3.0,6.0,,2.2246,3.0,,,1.0,,,,1.0,,,,,,3.0,,3.0,,,,,,,,,,,,,,,,,,,,
164555,Vladimír Coufal,Defender,West Ham United,21,Czech Republic,2022-23,1.6533,0.0,,58.0,,185.0,27.0,24.0,277.0,810.0,,,62.0,2.0,,2137.0,122.0,4.0,65.0,82.0,492.0,,3.0,29.6795,15.0,63.0,35.0,22.0,,21.0,0.0,217.0,,463.0,150.0,27.0,,329.0,31.0,155.0,40.0,0.0,,801.0,17.0,497.0,31.0,3.0,,,202.0,41.0,1487.0,178.0,42.0,223.0,,5.0,92.0,88.0,95.0,17.0,43.0,1.0,,4.0,1.0,24.0,,,19.0,1.0,1.0,22.0,,21.0,,25.0,73.0,18.0,,27.0,,6.0,,27.0,3.0,6.0,30.0,38.0,123.0,6.0,14.0,,0.2698,2.0,1.0,,,89.0,1.0,1.0,3.0,,66.0,,94.0,1.0,1.0,,1.0,1.0,,,,,,,,,,,,,,,,,,,
40669,Angelo Ogbonna,Defender,Watford,57,Italy,2022-23,0.0882,0.0,,11.0,,54.0,16.0,13.0,83.0,415.0,2.0,,55.0,4.0,,1236.0,51.0,2.0,6.0,16.0,311.0,,2.0,20.192,5.0,73.0,19.0,97.0,,4.0,0.0,81.0,,139.0,61.0,16.0,,74.0,17.0,26.0,35.0,0.0,2.0,406.0,,87.0,4.0,1.0,,,149.0,21.0,558.0,,13.0,258.0,,0.0,29.0,32.0,30.0,,17.0,,,3.0,,10.0,,,,,,20.0,,10.0,,3.0,10.0,4.0,,7.0,,,,3.0,3.0,7.0,2.0,17.0,30.0,2.0,,,0.2632,,,,,,,,3.0,,,,,,,,,,1.0,,,,,,,,,,,,,,,,,,
201057,Thilo Kehrer,Defender,Monaco,146,Germany,2022-23,0.7675,0.0,,42.0,,100.0,27.0,25.0,145.0,994.0,1.0,,69.0,5.0,,2230.0,102.0,5.0,24.0,66.0,804.0,,1.0,30.7806,5.0,73.0,34.0,196.0,,12.0,0.0,203.0,,383.0,117.0,27.0,,292.0,29.0,134.0,36.0,0.0,1.0,970.0,5.0,210.0,24.0,12.0,,,336.0,45.0,1376.0,74.0,16.0,561.0,,4.0,45.0,60.0,101.0,3.0,44.0,1.0,0.0229,5.0,2.0,26.0,,,4.0,1.0,1.0,33.0,1.0,17.0,1.0,6.0,68.0,10.0,,18.0,,2.0,,8.0,4.0,6.0,31.0,34.0,79.0,2.0,17.0,,0.5005,3.0,,1.0,,19.0,,1.0,2.0,,17.0,,19.0,1.0,2.0,,2.0,,,,,,,,,,,,,,1.0,,,,,,
210494,Nayef Aguerd,Defender,West Ham United,21,Morocco,2022-23,0.2637,0.0,,27.0,,63.0,18.0,17.0,160.0,759.0,7.0,,63.0,5.0,,1595.0,71.0,6.0,7.0,39.0,534.0,,2.0,28.2369,6.0,78.0,28.0,187.0,,8.0,1.0,125.0,,338.0,105.0,18.0,,168.0,22.0,62.0,32.0,0.0,7.0,723.0,2.0,179.0,18.0,4.0,,,193.0,65.0,976.0,,24.0,431.0,,4.0,97.0,59.0,54.0,,22.0,2.0,1.2797,9.0,,14.0,2.0,1.0,,,,31.0,1.0,23.0,,6.0,23.0,2.0,1.0,9.0,,,2.0,7.0,7.0,24.0,8.0,18.0,41.0,1.0,5.0,,2.2539,3.0,,,,,2.0,,1.0,,,,,,3.0,,3.0,,1.0,1.0,,,,,,,,,,,1.0,,,,,,
109533,Emerson,Defender,West Ham United,21,Italy,2022-23,0.816,0.0,,26.0,,86.0,22.0,16.0,107.0,582.0,,,27.0,,,1321.0,65.0,5.0,40.0,47.0,462.0,,1.0,26.6209,3.0,29.0,28.0,194.0,,15.0,0.0,124.0,,216.0,66.0,22.0,,266.0,23.0,97.0,18.0,0.0,,574.0,11.0,197.0,14.0,6.0,,,32.0,13.0,921.0,90.0,7.0,216.0,,2.0,21.0,33.0,59.0,4.0,24.0,5.0,0.8118,7.0,,18.0,1.0,0.0,7.0,3.0,3.0,9.0,,25.0,,13.0,50.0,13.0,1.0,12.0,1.0,14.0,,25.0,2.0,4.0,13.0,15.0,140.0,7.0,11.0,,0.8025,4.0,6.0,,4.0,28.0,,1.0,6.0,1.0,8.0,1.0,40.0,1.0,3.0,,3.0,1.0,1.0,,1.0,2.0,,,9.0,,14.0,,,,,,,,,,
518438,Kaelan Casey,Defender,West Ham United U21,12944,England,2022-23,,0.0,,,,,,,,,,,,,,,,,,,,,,,,,,,,,,,,,,,,,,,,0.0,,,,,,,,,,,,,,,,0.0,,,,,,,,,,,,,,,,,,,,,,,,,,,,,,,,,,,,,,,,,,,,,,,,,,,,,,,,,,,,,,,,,,,,,,,,,
180151,Nikola Vlasic,Midfielder,West Ham United,21,Croatia,2022-23,,0.0,,,,,,,,,,,,,,,,,,,,,,,,,,,,,,,,,,,,,,,,0.0,,,,,,,,,,,,,,,,0.0,,,,,,,,,,,,,,,,,,,,,,,,,,,,,,,,,,,,,,,,,,,,,,,,,,,,,,,,,,,,,,,,,,,,,,,,,
217593,Pablo Fornals,Midfielder,Real Betis,185,Spain,2022-23,2.0316,0.0,,30.0,,117.0,32.0,17.0,156.0,701.0,,,37.0,1.0,,1501.0,62.0,4.0,36.0,51.0,503.0,,2.0,24.3852,1.0,8.0,28.0,218.0,,7.0,1.0,150.0,,226.0,130.0,32.0,,359.0,24.0,113.0,11.0,0.0,,682.0,11.0,261.0,15.0,14.0,,,99.0,42.0,964.0,5.0,9.0,193.0,,0.0,39.0,45.0,88.0,6.0,36.0,7.0,1.7928,22.0,1.0,15.0,3.0,3.0,7.0,,,26.0,,40.0,,19.0,62.0,14.0,0.0,15.0,,10.0,,25.0,15.0,2.0,14.0,14.0,158.0,14.0,9.0,,2.2218,5.0,1.0,7.0,6.0,31.0,1.0,3.0,15.0,4.0,2.0,4.0,52.0,3.0,2.0,3.0,2.0,,,,1.0,1.0,,,19.0,,21.0,,,,,,,,,,
224024,Lucas Paquetá,Midfielder,West Ham United,21,Brazil,2022-23,2.6333,0.0,,71.0,,206.0,28.0,27.0,223.0,1125.0,,,68.0,,,2168.0,176.0,7.0,65.0,140.0,856.0,,2.0,33.7198,1.0,31.0,39.0,199.0,,30.0,0.0,365.0,,387.0,144.0,28.0,,513.0,32.0,297.0,36.0,0.0,,1054.0,8.0,366.0,53.0,39.0,,,330.0,46.0,1609.0,1.0,2.0,393.0,,5.0,17.0,57.0,189.0,4.0,60.0,16.0,4.8547,38.0,3.0,35.0,4.0,3.0,4.0,9.0,9.0,32.0,,57.0,,29.0,157.0,37.0,1.0,18.0,2.0,22.0,1.0,66.0,22.0,4.0,50.0,16.0,209.0,20.0,37.0,2.0,4.5221,15.0,2.0,13.0,30.0,17.0,1.0,9.0,1.0,3.0,,3.0,18.0,9.0,6.0,1.0,6.0,,,1.0,2.0,,1.0,1.0,,0.0768,1.0,1.0,1.0,2.0,,,,,,,
86934,Manuel Lanzini,Midfielder,River Plate,608,Argentina,2022-23,0.2922,0.0,,2.0,,24.0,10.0,2.0,27.0,173.0,,,3.0,,,245.0,6.0,1.0,7.0,5.0,142.0,,1.0,5.8631,,,5.0,39.0,,2.0,0.0,16.0,,49.0,21.0,10.0,,88.0,4.0,13.0,1.0,0.0,,171.0,1.0,34.0,2.0,1.0,,,51.0,4.0,199.0,,,58.0,,0.0,3.0,7.0,10.0,,3.0,1.0,0.6086,1.0,,2.0,1.0,0.0,,,,2.0,,3.0,,1.0,8.0,2.0,1.0,,1.0,,,3.0,,,1.0,2.0,34.0,1.0,1.0,,0.5337,2.0,,,,2.0,2.0,2.0,8.0,,,,2.0,2.0,,,,,,,,,,,,,,,,,,,,,,,
220585,Flynn Downes,Midfielder,Southampton,20,England,2022-23,0.1291,0.0,,16.0,,35.0,21.0,7.0,38.0,327.0,,,21.0,,,758.0,39.0,3.0,19.0,30.0,284.0,,,13.4671,,4.0,14.0,63.0,,12.0,0.0,71.0,,78.0,44.0,21.0,,144.0,11.0,50.0,9.0,0.0,,320.0,2.0,59.0,9.0,2.0,,,96.0,5.0,426.0,,2.0,145.0,,2.0,3.0,11.0,32.0,,21.0,1.0,0.0233,2.0,,9.0,,,,,,12.0,,5.0,,2.0,20.0,13.0,,7.0,,,,6.0,1.0,2.0,8.0,7.0,90.0,5.0,5.0,,0.4335,2.0,,,3.0,3.0,,,14.0,1.0,,1.0,3.0,,2.0,,2.0,,,1.0,,,,,,,,,,,,,,,,,
215439,Tomás Soucek,Midfielder,West Ham United U21,12944,Czech Republic,2022-23,1.0625,0.0,,76.0,,239.0,36.0,32.0,272.0,974.0,,,206.0,7.0,,2819.0,210.0,3.0,53.0,96.0,662.0,,4.0,44.0463,4.0,68.0,42.0,205.0,,16.0,0.0,413.0,,392.0,143.0,36.0,,348.0,39.0,207.0,114.0,0.0,,963.0,12.0,340.0,37.0,4.0,,,250.0,40.0,1414.0,,13.0,361.0,,3.0,33.0,80.0,203.0,7.0,75.0,13.0,4.4041,27.0,3.0,35.0,2.0,1.0,7.0,10.0,10.0,92.0,,73.0,,12.0,111.0,25.0,1.0,39.0,1.0,12.0,,30.0,14.0,17.0,50.0,53.0,127.0,8.0,26.0,5.0,4.0259,7.0,2.0,,7.0,12.0,2.0,1.0,4.0,1.0,,1.0,13.0,1.0,6.0,1.0,6.0,,,,1.0,,,,1.0,,1.0,,,,,,,,,,
222017,Conor Coventry,Midfielder,Charlton Athletic,33,Ireland,2022-23,,0.0,,,,,1.0,,,,,,,,,1.0,,,,,,,,,,,,,,,0.0,,,,,1.0,,,,,,0.0,,,,,,,,,,,,,,,,0.0,,,,,,,,,,,,,,,,,,,,,,,,,,,,,,,,,,,,,,,,,,,,,1.0,,,,,,,,,,,,,,,,,,,,,,,,,,,,
204480,Declan Rice,Midfielder,Arsenal,3,England,2022-23,1.8716,0.0,,79.0,,177.0,37.0,36.0,249.0,2083.0,,,63.0,9.0,,3272.0,167.0,7.0,56.0,130.0,1683.0,,4.0,48.9381,,55.0,50.0,641.0,,11.0,0.0,285.0,,607.0,334.0,37.0,,941.0,43.0,222.0,37.0,0.0,,2037.0,14.0,367.0,38.0,40.0,,,601.0,151.0,2592.0,2.0,22.0,903.0,,5.0,72.0,83.0,118.0,4.0,71.0,9.0,3.1467,26.0,2.0,39.0,4.0,2.0,10.0,1.0,1.0,26.0,,24.0,,35.0,92.0,30.0,2.0,41.0,,23.0,,49.0,17.0,15.0,23.0,63.0,234.0,,15.0,,2.4884,10.0,1.0,4.0,6.0,19.0,1.0,10.0,1.0,4.0,1.0,4.0,34.0,10.0,,4.0,,,,,1.0,4.0,1.0,1.0,12.0,0.0359,19.0,1.0,,,,,,,,,
57531,Michail Antonio,Forward,West Ham United U21,12944,Jamaica,2022-23,0.7787,0.0,,14.0,,120.0,33.0,21.0,129.0,304.0,,,138.0,,,1835.0,138.0,3.0,26.0,88.0,170.0,,3.0,27.7552,1.0,9.0,29.0,80.0,,44.0,1.0,332.0,,91.0,43.0,33.0,,139.0,26.0,194.0,50.0,0.0,,300.0,17.0,316.0,7.0,30.0,,,66.0,5.0,703.0,6.0,4.0,41.0,,2.0,9.0,12.0,194.0,5.0,74.0,13.0,3.6881,28.0,3.0,23.0,5.0,3.0,5.0,6.0,6.0,88.0,1.0,86.0,,12.0,106.0,8.0,2.0,7.0,,29.0,3.0,74.0,15.0,5.0,28.0,5.0,67.0,19.0,8.0,5.0,6.9723,11.0,4.0,1.0,10.0,30.0,12.0,2.0,12.0,2.0,2.0,2.0,30.0,2.0,9.0,2.0,9.0,,,5.0,2.0,,,,,,,,,,1.0,,,,,,
195899,Gianluca Scamacca,Forward,Atalanta,456,Italy,2022-23,0.5217,0.0,,10.0,,55.0,16.0,11.0,58.0,175.0,,,38.0,,,928.0,45.0,2.0,10.0,28.0,105.0,,,13.7086,,5.0,12.0,59.0,,10.0,2.0,107.0,,40.0,23.0,16.0,,88.0,10.0,69.0,17.0,0.0,,172.0,6.0,107.0,5.0,8.0,,,44.0,12.0,313.0,,,30.0,,3.0,3.0,10.0,62.0,1.0,34.0,10.0,1.8657,22.0,,16.0,3.0,1.0,1.0,4.0,4.0,21.0,,40.0,,13.0,41.0,3.0,2.0,5.0,,6.0,,25.0,12.0,,16.0,4.0,32.0,8.0,9.0,,2.5136,8.0,,,11.0,,6.0,3.0,5.0,3.0,,3.0,,3.0,5.0,3.0,5.0,,,5.0,,,1.0,1.0,,0.0306,,,,,,,,,,,
149519,Maxwel Cornet,Forward,West Ham United,21,Cote d’Ivoire,2022-23,0.1274,0.0,,7.0,,18.0,14.0,2.0,18.0,88.0,,,17.0,,,235.0,17.0,1.0,13.0,11.0,69.0,,,4.7315,,3.0,5.0,31.0,,2.0,0.0,40.0,,17.0,15.0,14.0,,48.0,4.0,23.0,6.0,0.0,,87.0,2.0,42.0,3.0,2.0,,,10.0,1.0,150.0,1.0,,23.0,,0.0,,3.0,23.0,1.0,14.0,2.0,0.4947,7.0,,3.0,,,1.0,2.0,2.0,11.0,,11.0,,1.0,12.0,6.0,,4.0,,3.0,,8.0,5.0,,2.0,2.0,30.0,2.0,2.0,,1.2534,2.0,,,6.0,5.0,9.0,,12.0,,,,5.0,,2.0,,2.0,,,,1.0,,,,,,,,,,,,,,,,
84939,Danny Ings,Forward,West Ham United,21,England,2022-23,0.5657,0.0,,19.0,,87.0,35.0,15.0,100.0,306.0,,,62.0,1.0,,1589.0,75.0,6.0,31.0,50.0,202.0,,3.0,12.3195,,15.0,26.0,65.0,,14.0,1.0,186.0,,86.0,46.0,35.0,,142.0,20.0,124.0,25.0,0.0,,294.0,12.0,184.0,13.0,17.0,,,69.0,4.0,552.0,,7.0,64.0,,4.0,13.0,22.0,111.0,,32.0,18.0,5.6309,31.0,2.0,16.0,8.0,2.0,,8.0,8.0,37.0,,93.0,,13.0,74.0,17.0,6.0,6.0,2.0,18.0,,45.0,13.0,3.0,16.0,4.0,86.0,11.0,8.0,,5.402,11.0,4.0,7.0,9.0,4.0,14.0,1.0,20.0,,,,4.0,1.0,5.0,6.0,5.0,,,1.0,,,,,,,,2.0,2.0,,,,,,,,
178186,Jarrod Bowen,Forward,West Ham United,21,England,2022-23,6.004,0.0,,38.0,,163.0,38.0,36.0,195.0,715.0,,,102.0,7.0,,3236.0,182.0,7.0,96.0,148.0,498.0,,4.0,49.5343,3.0,18.0,50.0,76.0,,69.0,2.0,427.0,,203.0,152.0,38.0,,379.0,43.0,325.0,34.0,0.0,,703.0,41.0,516.0,16.0,41.0,,,274.0,22.0,1471.0,3.0,18.0,170.0,,2.0,32.0,50.0,245.0,11.0,90.0,24.0,7.6157,42.0,5.0,45.0,6.0,0.0,29.0,15.0,15.0,68.0,1.0,170.0,,43.0,177.0,38.0,6.0,22.0,6.0,55.0,,110.0,18.0,9.0,26.0,36.0,162.0,6.0,12.0,4.0,9.4868,33.0,7.0,6.0,6.0,54.0,10.0,10.0,2.0,3.0,,3.0,130.0,10.0,23.0,,23.0,,,4.0,3.0,17.0,1.0,1.0,68.0,0.0426,90.0,2.0,1.0,3.0,,,,,,,
172841,Saïd Benrahma,Forward,NEOM,15209,Algeria,2022-23,3.303,0.0,,25.0,,106.0,35.0,22.0,126.0,700.0,,,16.0,2.0,,2070.0,105.0,4.0,51.0,100.0,559.0,,3.0,32.7518,4.0,11.0,32.0,246.0,,15.0,1.0,245.0,,166.0,113.0,35.0,,409.0,28.0,229.0,5.0,0.0,,692.0,30.0,354.0,15.0,60.0,,,64.0,15.0,1204.0,8.0,9.0,180.0,,0.0,20.0,26.0,140.0,14.0,32.0,27.0,5.4737,52.0,3.0,13.0,6.0,1.0,15.0,9.0,9.0,11.0,,102.0,,45.0,129.0,22.0,5.0,10.0,,55.0,,96.0,25.0,1.0,16.0,9.0,224.0,14.0,4.0,3.0,7.0441,21.0,6.0,5.0,9.0,65.0,7.0,13.0,13.0,12.0,,12.0,68.0,13.0,8.0,6.0,8.0,,,1.0,4.0,1.0,5.0,5.0,3.0,0.2727,4.0,4.0,4.0,,,,,,,,
487837,Divin Mubama,Forward,Manchester City,43,England,2022-23,0.0083,0.0,,1.0,,3.0,3.0,,3.0,8.0,,,4.0,,,36.0,5.0,,,3.0,4.0,,,0.6661,,,,1.0,,1.0,0.0,12.0,,3.0,1.0,3.0,,2.0,,8.0,2.0,0.0,,7.0,,6.0,1.0,1.0,,,2.0,1.0,15.0,,,3.0,,0.0,,,7.0,,,,,,,,,,,,,2.0,,,,1.0,5.0,,,,,1.0,,3.0,,,3.0,,2.0,,,1.0,,,,,1.0,,,,3.0,,,,,,,,,,,,,,,,,,,,,,,,,,,,
149065,José Sá,Goalkeeper,Wolverhampton Wanderers,39,Portugal,2022-23,0.0183,0.0,39.0,1.0,36.0,11.0,36.0,36.0,351.0,1013.0,260.0,5.0,8.0,11.0,4.0,3240.0,17.0,7.0,1.0,10.0,528.0,8.0,2.0,48.8133,23.0,18.0,55.0,177.0,108.0,8.0,0.0,19.0,3.0,591.0,298.0,36.0,4.0,86.0,48.0,11.0,7.0,0.0,317.0,619.0,,367.0,,2.0,125.0,26.0,245.0,134.0,1398.0,,102.0,576.0,71.0,2.0,340.0,68.0,2.0,,,,,,,,,,,,,1.0,1.0,,,,1.0,,,1.0,,,,,,,1.0,,,,1.0,,,,,,,,,,,,,,,,,,,,,,,,,,,,,,,,,2.0,2.0,4.0,,,
216208,Matija Sarkic,Goalkeeper,Wolverhampton Wanderers,39,Montenegro,2022-23,,0.0,,,,,,,,,,,,,,,,,,,,,,,,,,,,,,,,,,,,,,,,0.0,,,,,,,,,,,,,,,,0.0,,,,,,,,,,,,,,,,,,,,,,,,,,,,,,,,,,,,,,,,,,,,,,,,,,,,,,,,,,,,,,,,,,,,,,,,,
79602,Dan Bentley,Goalkeeper,Wolverhampton Wanderers,39,England,2022-23,0.0004,0.0,4.0,1.0,6.0,,2.0,2.0,18.0,66.0,23.0,,1.0,,,180.0,2.0,,,2.0,34.0,1.0,,3.874,1.0,1.0,3.0,17.0,11.0,1.0,0.0,3.0,,30.0,19.0,2.0,1.0,4.0,3.0,2.0,,0.0,32.0,37.0,,19.0,1.0,,5.0,4.0,19.0,14.0,100.0,,9.0,44.0,4.0,0.0,18.0,6.0,1.0,,,,,,,,,,,,,1.0,,,,,,,,,,,,,,,,,,,,,,,,,,,,,,,,,,,,,,,,,,,,,,,,,,,,,,,,,
448514,Rayan Aït-Nouri,Defender,Manchester City,43,Algeria,2022-23,0.8509,0.0,,33.0,,67.0,21.0,9.0,86.0,474.0,,,31.0,2.0,,1067.0,86.0,2.0,21.0,72.0,381.0,,,15.0097,2.0,24.0,18.0,174.0,,11.0,1.0,155.0,,169.0,61.0,21.0,,224.0,16.0,124.0,14.0,0.0,,469.0,6.0,171.0,20.0,28.0,,,28.0,7.0,793.0,76.0,13.0,170.0,,4.0,19.0,35.0,69.0,5.0,24.0,5.0,1.5067,8.0,,16.0,1.0,1.0,6.0,4.0,4.0,17.0,1.0,32.0,1.0,7.0,52.0,3.0,0.0,13.0,1.0,18.0,,30.0,3.0,,15.0,9.0,103.0,5.0,6.0,2.0,0.7198,2.0,5.0,,1.0,13.0,3.0,1.0,12.0,,5.0,,15.0,1.0,1.0,,1.0,,,,,1.0,,,2.0,,3.0,,,,,,,,,,
432830,Nathan Collins,Defender,Brentford,94,Ireland,2022-23,0.2322,1.0,,27.0,,77.0,26.0,19.0,134.0,1129.0,,,68.0,4.0,,1812.0,81.0,4.0,12.0,44.0,928.0,,1.0,26.8039,15.0,83.0,36.0,233.0,,9.0,0.0,146.0,,378.0,96.0,26.0,,261.0,32.0,78.0,37.0,1.0,,1112.0,,157.0,15.0,8.0,,,456.0,67.0,1370.0,6.0,22.0,734.0,,2.0,57.0,61.0,65.0,,34.0,,,2.0,,18.0,,,,,,31.0,,13.0,,2.0,34.0,7.0,,12.0,,,,8.0,2.0,28.0,17.0,21.0,62.0,,9.0,,0.2292,1.0,3.0,,,,1.0,,7.0,,,,,,1.0,,1.0,,2.0,,,,,,,,,,,,1.0,,,,,,
60232,Craig Dawson,Defender,Wolverhampton Wanderers,39,England,2022-23,0.1766,0.0,,20.0,,94.0,25.0,25.0,205.0,1224.0,,,91.0,7.0,,2135.0,84.0,4.0,17.0,36.0,917.0,,1.0,22.5998,7.0,99.0,31.0,262.0,,13.0,0.0,156.0,,469.0,120.0,25.0,,265.0,27.0,65.0,48.0,0.0,,1194.0,5.0,225.0,13.0,3.0,,,402.0,102.0,1492.0,6.0,32.0,754.0,,6.0,111.0,68.0,72.0,,22.0,3.0,0.2085,15.0,,9.0,1.0,0.0,,1.0,1.0,43.0,1.0,32.0,,2.0,29.0,11.0,1.0,7.0,,1.0,,7.0,12.0,29.0,17.0,18.0,91.0,3.0,8.0,2.0,0.9525,2.0,,,1.0,2.0,,1.0,,,,,2.0,1.0,1.0,1.0,1.0,,1.0,,,,,,,,,,,1.0,,,,,,,
94147,Conor Coady,Defender,Charlton Athletic,33,England,2022-23,0.5074,0.0,,14.0,,60.0,24.0,23.0,179.0,1200.0,1.0,,49.0,7.0,,2096.0,52.0,4.0,5.0,27.0,915.0,,2.0,31.5843,4.0,85.0,28.0,267.0,,13.0,0.0,99.0,,435.0,92.0,24.0,,264.0,24.0,50.0,25.0,0.0,1.0,1168.0,2.0,194.0,9.0,,,,434.0,106.0,1387.0,3.0,27.0,758.0,,2.0,119.0,50.0,47.0,1.0,28.0,3.0,0.9382,3.0,1.0,21.0,1.0,1.0,1.0,2.0,2.0,24.0,,10.0,,3.0,23.0,4.0,0.0,5.0,,2.0,,4.0,,17.0,11.0,14.0,64.0,1.0,2.0,1.0,0.8355,1.0,,1.0,,,2.0,,1.0,,,,,,1.0,1.0,1.0,,,,,,,,,,,,,,2.0,,,,,,
114128,Jonny,Defender,Alavés,173,Spain,2022-23,0.8285,1.0,,32.0,,96.0,18.0,14.0,110.0,692.0,,,31.0,4.0,,1263.0,80.0,4.0,44.0,65.0,555.0,,,16.6837,5.0,25.0,20.0,127.0,,19.0,0.0,160.0,,269.0,91.0,18.0,,291.0,16.0,129.0,15.0,1.0,,680.0,4.0,176.0,15.0,14.0,,,181.0,27.0,1049.0,115.0,5.0,295.0,,3.0,14.0,44.0,80.0,4.0,31.0,2.0,0.2234,6.0,,18.0,1.0,0.0,4.0,,,16.0,,13.0,,5.0,64.0,21.0,1.0,17.0,,15.0,,28.0,4.0,5.0,13.0,14.0,115.0,4.0,9.0,1.0,0.3419,3.0,1.0,3.0,1.0,14.0,1.0,2.0,4.0,1.0,5.0,1.0,14.0,2.0,1.0,1.0,1.0,,,,,,,,,,,,,,,,,,,,
200402,Nélson Semedo,Defender,Wolverhampton Wanderers,39,Portugal,2022-23,0.9464,1.0,,71.0,,156.0,36.0,31.0,221.0,1209.0,,,67.0,7.0,,2635.0,159.0,4.0,61.0,129.0,951.0,,2.0,42.6861,9.0,76.0,42.0,77.0,,24.0,0.0,326.0,,461.0,167.0,36.0,,489.0,38.0,259.0,30.0,1.0,,1203.0,12.0,383.0,42.0,34.0,,,363.0,37.0,1954.0,215.0,35.0,507.0,,11.0,65.0,99.0,167.0,8.0,68.0,,,4.0,1.0,30.0,,,8.0,,,37.0,,32.0,,10.0,130.0,27.0,,29.0,,33.0,,52.0,4.0,15.0,47.0,29.0,308.0,7.0,24.0,2.0,0.42,5.0,1.0,4.0,,52.0,,3.0,5.0,,12.0,,52.0,3.0,2.0,,2.0,,,,,,,,,,,,,,,,,,,,
214048,Maximilian Kilman,Defender,West Ham United,21,England,2022-23,0.5733,0.0,,36.0,,138.0,37.0,37.0,347.0,2092.0,,,128.0,11.0,,3308.0,154.0,7.0,48.0,68.0,1618.0,,2.0,51.0421,11.0,163.0,56.0,755.0,,12.0,0.0,244.0,,789.0,219.0,37.0,,487.0,49.0,116.0,86.0,0.0,,2064.0,4.0,390.0,20.0,20.0,,,436.0,127.0,2528.0,1.0,75.0,1260.0,,3.0,209.0,139.0,90.0,2.0,39.0,1.0,,13.0,,25.0,,,2.0,1.0,1.0,42.0,,30.0,,4.0,48.0,28.0,,16.0,,6.0,,15.0,12.0,42.0,18.0,19.0,112.0,1.0,8.0,,1.3116,1.0,1.0,,1.0,3.0,,,,,,,3.0,,1.0,,1.0,,,,1.0,,,,,,,,,,3.0,,,,,,
510362,Toti Gomes,Defender,Wolverhampton Wanderers,39,Portugal,2022-23,0.2544,0.0,,15.0,,57.0,17.0,10.0,83.0,497.0,,,33.0,4.0,,981.0,46.0,1.0,13.0,29.0,395.0,,1.0,14.0548,2.0,44.0,14.0,177.0,,5.0,1.0,91.0,,204.0,61.0,17.0,,148.0,13.0,58.0,17.0,0.0,,490.0,1.0,110.0,9.0,9.0,,,40.0,19.0,709.0,42.0,10.0,270.0,,6.0,26.0,30.0,45.0,4.0,19.0,2.0,0.2576,5.0,,8.0,1.0,0.0,4.0,1.0,1.0,16.0,,15.0,,4.0,29.0,8.0,1.0,6.0,,6.0,1.0,9.0,3.0,8.0,16.0,11.0,76.0,3.0,6.0,,0.4138,,,,,5.0,1.0,,7.0,,6.0,,5.0,,,,,,,,,,,,,,,,,,2.0,,,,,,
490721,Hugo Bueno,Defender,Wolverhampton Wanderers,39,Spain,2022-23,1.0071,0.0,,33.0,,59.0,21.0,16.0,78.0,503.0,,,27.0,,,1315.0,64.0,4.0,34.0,54.0,419.0,,1.0,24.1415,1.0,30.0,29.0,150.0,,7.0,0.0,130.0,,181.0,90.0,21.0,,199.0,25.0,103.0,10.0,0.0,,496.0,8.0,176.0,16.0,14.0,,,22.0,6.0,873.0,103.0,8.0,245.0,,1.0,19.0,30.0,66.0,11.0,25.0,1.0,0.1069,2.0,1.0,14.0,,,19.0,1.0,1.0,17.0,,14.0,,15.0,49.0,13.0,,17.0,,14.0,,25.0,1.0,1.0,7.0,10.0,150.0,9.0,2.0,,0.1777,2.0,3.0,,,29.0,1.0,,5.0,,10.0,,41.0,,2.0,,2.0,,,,,7.0,,,11.0,,18.0,,,,1.0,,,,,,
492776,Dexter Lembikisa,Defender,Wolverhampton Wanderers U21,12934,Jamaica,2022-23,0.0031,0.0,,,,2.0,1.0,,2.0,11.0,,,1.0,,,22.0,,,2.0,,9.0,,,0.5028,,,1.0,,,,0.0,1.0,,8.0,2.0,1.0,,5.0,1.0,,,0.0,,11.0,1.0,3.0,,,,,2.0,,13.0,1.0,,4.0,,0.0,,2.0,1.0,,,,,,,,,,,,,1.0,,,,,,,,,,,,,,,,,1.0,,,,,,,,,1.0,,,1.0,,,,1.0,,,,,,,,,,,,,,,,,,,,,,,,
151086,Mario Lemina,Midfielder,Galatasaray,208,Gabon,2022-23,0.4651,1.0,,38.0,,64.0,19.0,17.0,82.0,647.0,,,22.0,2.0,,1303.0,75.0,3.0,27.0,58.0,538.0,,2.0,25.5131,4.0,23.0,28.0,204.0,,9.0,0.0,127.0,,174.0,91.0,19.0,,194.0,25.0,105.0,17.0,0.0,,642.0,6.0,109.0,24.0,11.0,,,180.0,27.0,825.0,,8.0,372.0,,2.0,18.0,26.0,52.0,1.0,21.0,2.0,0.8566,5.0,1.0,13.0,,,1.0,,,5.0,,5.0,,2.0,47.0,18.0,,14.0,,3.0,,11.0,3.0,8.0,18.0,14.0,89.0,8.0,9.0,,0.2658,4.0,,1.0,5.0,2.0,1.0,4.0,2.0,2.0,,2.0,2.0,4.0,,,,,1.0,,,,,,,,,,,,,,,,,1.0,
476502,Boubacar Traoré,Midfielder,Wolverhampton Wanderers,39,Mali,2022-23,0.0669,0.0,,12.0,,23.0,10.0,4.0,27.0,145.0,,,15.0,,,405.0,25.0,,4.0,18.0,113.0,,,6.602,1.0,1.0,9.0,40.0,,2.0,0.0,54.0,,43.0,27.0,10.0,,55.0,9.0,39.0,7.0,0.0,,145.0,,41.0,5.0,4.0,,,42.0,5.0,196.0,,2.0,63.0,,2.0,4.0,8.0,29.0,,14.0,,,3.0,1.0,7.0,,,,,,8.0,,2.0,,,21.0,2.0,,7.0,,4.0,,7.0,3.0,2.0,10.0,7.0,20.0,2.0,7.0,,0.0654,,,,,1.0,,,6.0,,,,1.0,,,,,,,,,,,,,,,,,,,,,,,,
171317,Rúben Neves,Midfielder,Wolverhampton Wanderers,39,Portugal,2022-23,1.5442,0.0,,79.0,,176.0,35.0,33.0,326.0,2034.0,,,50.0,9.0,,3022.0,144.0,7.0,67.0,119.0,1495.0,,1.0,43.6129,15.0,82.0,48.0,651.0,,18.0,1.0,273.0,,584.0,237.0,35.0,,744.0,41.0,223.0,25.0,0.0,,1922.0,16.0,420.0,43.0,22.0,,,541.0,213.0,2575.0,10.0,56.0,976.0,,12.0,150.0,104.0,129.0,1.0,62.0,16.0,5.2135,47.0,1.0,32.0,6.0,1.0,12.0,,,25.0,1.0,26.0,,31.0,104.0,37.0,5.0,36.0,1.0,9.0,,21.0,31.0,22.0,38.0,50.0,258.0,3.0,27.0,1.0,5.1681,19.0,1.0,7.0,11.0,22.0,1.0,14.0,2.0,10.0,1.0,10.0,41.0,14.0,5.0,5.0,5.0,,,,2.0,7.0,11.0,11.0,12.0,0.519,21.0,3.0,3.0,,1.0,,,,,,
200600,Daniel Podence,Forward,Olympiakos,202,Portugal,2022-23,2.1994,0.0,,27.0,,157.0,32.0,20.0,175.0,593.0,,,18.0,2.0,,1770.0,81.0,5.0,38.0,75.0,391.0,,,27.01,,5.0,31.0,193.0,,23.0,2.0,210.0,,198.0,87.0,32.0,,291.0,26.0,192.0,6.0,0.0,,573.0,18.0,335.0,17.0,25.0,,,84.0,27.0,971.0,11.0,3.0,143.0,,5.0,18.0,31.0,129.0,9.0,47.0,18.0,2.9438,34.0,,19.0,6.0,4.0,16.0,8.0,8.0,12.0,,75.0,,36.0,117.0,19.0,2.0,10.0,2.0,34.0,,64.0,16.0,,26.0,7.0,118.0,12.0,16.0,,4.0015,9.0,4.0,9.0,10.0,27.0,4.0,2.0,12.0,4.0,,4.0,40.0,2.0,7.0,4.0,7.0,,,2.0,1.0,6.0,,,12.0,,26.0,,,,,,,,,,
88484,Pablo Sarabia,Midfielder,Wolverhampton Wanderers,39,Spain,2022-23,0.8085,0.0,,12.0,,62.0,13.0,9.0,73.0,314.0,,,16.0,,,770.0,25.0,1.0,22.0,22.0,230.0,,2.0,9.1304,,4.0,9.0,50.0,,8.0,0.0,81.0,,100.0,42.0,13.0,,148.0,8.0,65.0,3.0,0.0,,303.0,15.0,146.0,6.0,2.0,,,70.0,11.0,477.0,3.0,2.0,101.0,,3.0,11.0,20.0,56.0,5.0,17.0,5.0,0.4713,13.0,,9.0,1.0,1.0,8.0,4.0,4.0,13.0,,22.0,,11.0,43.0,7.0,0.0,6.0,,9.0,,23.0,8.0,,13.0,2.0,94.0,7.0,9.0,2.0,3.0727,7.0,1.0,2.0,10.0,16.0,3.0,1.0,4.0,,,,38.0,1.0,6.0,1.0,6.0,,,,,5.0,1.0,1.0,20.0,0.1714,28.0,,,,,,,,,,
465351,Matheus Nunes,Midfielder,Manchester City,43,Portugal,2022-23,1.3322,1.0,,66.0,,135.0,34.0,30.0,172.0,974.0,,,52.0,4.0,,2475.0,185.0,7.0,54.0,163.0,721.0,,2.0,36.5707,1.0,32.0,38.0,280.0,,49.0,1.0,352.0,,206.0,154.0,34.0,,409.0,31.0,300.0,22.0,1.0,,959.0,13.0,324.0,43.0,48.0,,,254.0,81.0,1487.0,7.0,10.0,402.0,,2.0,37.0,44.0,167.0,7.0,60.0,9.0,1.3069,18.0,1.0,21.0,1.0,0.0,9.0,5.0,5.0,30.0,1.0,56.0,,26.0,137.0,31.0,1.0,23.0,,27.0,,66.0,9.0,4.0,37.0,16.0,234.0,16.0,18.0,1.0,2.3796,10.0,7.0,6.0,14.0,28.0,2.0,6.0,4.0,3.0,1.0,3.0,34.0,6.0,4.0,1.0,4.0,1.0,,2.0,1.0,3.0,1.0,1.0,5.0,0.0438,9.0,,,,,,,,,,
19624,João Moutinho,Midfielder,Sporting Braga,372,Portugal,2022-23,1.9439,0.0,,51.0,,134.0,31.0,20.0,159.0,990.0,,,31.0,2.0,,1783.0,82.0,4.0,36.0,74.0,781.0,,1.0,25.9478,,18.0,28.0,285.0,,15.0,0.0,176.0,,278.0,106.0,31.0,,478.0,24.0,145.0,8.0,0.0,,914.0,8.0,235.0,30.0,8.0,,,249.0,50.0,1266.0,1.0,9.0,371.0,,3.0,25.0,42.0,94.0,4.0,33.0,3.0,0.936,10.0,2.0,21.0,,,18.0,2.0,2.0,23.0,,15.0,,34.0,71.0,16.0,,21.0,,7.0,,14.0,7.0,6.0,31.0,18.0,178.0,14.0,21.0,3.0,1.3085,6.0,,7.0,14.0,18.0,1.0,4.0,11.0,1.0,2.0,1.0,41.0,4.0,2.0,,2.0,,,2.0,,12.0,3.0,3.0,13.0,0.3161,34.0,,,,,,,,,,
448089,João Gomes,Midfielder,Wolverhampton Wanderers,39,Brazil,2022-23,0.1035,0.0,,29.0,,52.0,11.0,7.0,64.0,312.0,,,11.0,1.0,,650.0,60.0,1.0,18.0,53.0,238.0,,1.0,14.0422,2.0,11.0,18.0,90.0,,16.0,1.0,103.0,,87.0,59.0,11.0,,126.0,17.0,92.0,7.0,0.0,,300.0,1.0,92.0,13.0,8.0,,,75.0,10.0,438.0,1.0,7.0,123.0,,5.0,12.0,18.0,43.0,1.0,21.0,2.0,0.0791,2.0,,13.0,1.0,1.0,1.0,1.0,1.0,4.0,,6.0,,5.0,39.0,9.0,0.0,16.0,,7.0,,12.0,,3.0,17.0,4.0,60.0,3.0,16.0,,0.2961,2.0,1.0,,2.0,6.0,,2.0,4.0,,,,7.0,2.0,,1.0,,,,,,,,,,,1.0,,,,,,,,,,
245923,Luke Cundle,Midfielder,Millwall,103,England,2022-23,,0.0,,,,,,,,,,,,,,,,,,,,,,,,,,,,,,,,,,,,,,,,0.0,,,,,,,,,,,,,,,,0.0,,,,,,,,,,,,,,,,,,,,,,,,,,,,,,,,,,,,,,,,,,,,,,,,,,,,,,,,,,,,,,,,,,,,,,,,,
240299,Joe Hodge,Midfielder,Wolverhampton Wanderers,39,Ireland,2022-23,0.0498,0.0,,5.0,,15.0,6.0,1.0,17.0,95.0,,,3.0,,,174.0,7.0,,9.0,6.0,75.0,,,4.5428,1.0,2.0,5.0,13.0,,1.0,0.0,14.0,,32.0,13.0,6.0,,47.0,5.0,11.0,1.0,0.0,,95.0,1.0,24.0,2.0,,,,28.0,3.0,123.0,2.0,1.0,31.0,,1.0,2.0,5.0,7.0,,8.0,,,1.0,,4.0,,,,,,2.0,,6.0,,1.0,5.0,5.0,,3.0,,,,2.0,1.0,,2.0,,22.0,1.0,2.0,,0.2561,1.0,1.0,,,1.0,,,5.0,,,,1.0,,1.0,,1.0,,,,,,,,,,,,,,,,,,,,
449133,Harvey Griffiths,Midfielder,Wolverhampton Wanderers U21,12934,England,2022-23,,0.0,,,,,,,,,,,,,,,,,,,,,,,,,,,,,,,,,,,,,,,,0.0,,,,,,,,,,,,,,,,0.0,,,,,,,,,,,,,,,,,,,,,,,,,,,,,,,,,,,,,,,,,,,,,,,,,,,,,,,,,,,,,,,,,,,,,,,,,
247632,Pedro Neto,Forward,Chelsea,8,Portugal,2022-23,1.636,0.0,,11.0,,40.0,18.0,13.0,47.0,312.0,,,7.0,1.0,,968.0,45.0,3.0,18.0,45.0,252.0,,,12.819,1.0,3.0,15.0,45.0,,15.0,0.0,112.0,,57.0,51.0,18.0,,195.0,12.0,105.0,,0.0,,301.0,10.0,172.0,6.0,19.0,,,104.0,13.0,561.0,5.0,5.0,84.0,,2.0,7.0,18.0,67.0,6.0,25.0,3.0,0.0483,9.0,,12.0,,,14.0,2.0,2.0,7.0,,51.0,,20.0,60.0,4.0,,5.0,,30.0,,43.0,6.0,1.0,8.0,4.0,106.0,11.0,2.0,1.0,1.0796,8.0,,2.0,7.0,35.0,2.0,5.0,5.0,1.0,1.0,1.0,52.0,5.0,3.0,,3.0,1.0,,,,8.0,1.0,1.0,12.0,0.113,25.0,,,1.0,,,,,,,
102057,Raúl Jiménez,Forward,Fulham,54,Mexico,2022-23,0.5534,0.0,,9.0,,49.0,15.0,8.0,55.0,189.0,,,49.0,1.0,,841.0,52.0,2.0,14.0,28.0,128.0,,,16.4141,1.0,7.0,18.0,39.0,,14.0,0.0,112.0,,43.0,21.0,15.0,,83.0,16.0,63.0,24.0,0.0,,168.0,8.0,102.0,6.0,5.0,,,44.0,6.0,328.0,4.0,2.0,53.0,,0.0,6.0,5.0,60.0,2.0,21.0,9.0,0.3703,17.0,1.0,9.0,,,2.0,7.0,7.0,25.0,,45.0,,8.0,35.0,9.0,,3.0,,4.0,,18.0,8.0,,14.0,,63.0,3.0,5.0,,2.596,3.0,3.0,1.0,13.0,3.0,9.0,,7.0,2.0,,2.0,3.0,,3.0,,3.0,,,2.0,,,,,,,,,,,,,,,,,
184754,Hwang Hee-Chan,Forward,Wolverhampton Wanderers,39,South Korea,2022-23,0.6351,0.0,,20.0,,49.0,27.0,12.0,57.0,264.0,,,37.0,,,1129.0,60.0,2.0,25.0,53.0,201.0,,,16.4395,,4.0,18.0,60.0,,19.0,0.0,158.0,,58.0,45.0,27.0,,129.0,16.0,121.0,7.0,0.0,,256.0,5.0,127.0,9.0,14.0,,,70.0,6.0,471.0,5.0,4.0,80.0,,1.0,8.0,15.0,98.0,2.0,30.0,7.0,2.0024,13.0,1.0,14.0,3.0,1.0,2.0,4.0,4.0,30.0,,41.0,,9.0,68.0,16.0,2.0,11.0,1.0,13.0,,33.0,6.0,2.0,20.0,5.0,76.0,11.0,7.0,,2.9803,5.0,3.0,2.0,10.0,8.0,1.0,3.0,15.0,,,,8.0,3.0,2.0,2.0,2.0,,,2.0,,,,,,,,,,,,,,,,,
430871,Matheus Cunha,Forward,Manchester United,1,Brazil,2022-23,0.1789,0.0,,7.0,,50.0,17.0,12.0,54.0,222.0,,,44.0,,,972.0,61.0,,19.0,54.0,161.0,,2.0,11.2858,,9.0,12.0,56.0,,21.0,0.0,147.0,,51.0,50.0,17.0,,88.0,12.0,103.0,7.0,0.0,,206.0,6.0,119.0,4.0,26.0,,,52.0,7.0,432.0,3.0,1.0,80.0,,1.0,4.0,14.0,86.0,,21.0,7.0,0.841,17.0,,8.0,2.0,1.0,,2.0,2.0,37.0,,48.0,,7.0,49.0,12.0,1.0,3.0,,8.0,,21.0,10.0,3.0,20.0,9.0,63.0,11.0,6.0,,2.0335,9.0,4.0,1.0,4.0,8.0,3.0,1.0,5.0,3.0,,3.0,8.0,1.0,8.0,2.0,8.0,,,1.0,,,,,,,,,,,,,,,,,
181284,Gonçalo Guedes,Forward,Wolverhampton Wanderers,39,Portugal,2022-23,0.4508,0.0,,8.0,,40.0,13.0,8.0,43.0,172.0,,,18.0,,,709.0,44.0,2.0,12.0,37.0,121.0,,,9.9385,,2.0,12.0,52.0,,24.0,0.0,84.0,,41.0,34.0,13.0,,104.0,10.0,66.0,7.0,0.0,,170.0,6.0,96.0,6.0,5.0,,,32.0,8.0,309.0,2.0,1.0,32.0,,1.0,3.0,9.0,40.0,4.0,21.0,6.0,0.1413,13.0,1.0,7.0,1.0,0.0,7.0,2.0,2.0,11.0,,32.0,,8.0,29.0,4.0,1.0,2.0,,7.0,,14.0,7.0,,11.0,1.0,47.0,7.0,6.0,1.0,1.1954,6.0,2.0,,2.0,8.0,5.0,2.0,5.0,3.0,,3.0,20.0,2.0,4.0,1.0,4.0,,,,,2.0,1.0,1.0,11.0,0.0467,14.0,,,,,,,,,,
429414,Sasa Kalajdzic,Forward,Wolverhampton Wanderers,39,Austria,2022-23,,0.0,,,,2.0,1.0,1.0,2.0,4.0,,,1.0,,,45.0,1.0,,1.0,,2.0,,,,,,,2.0,,1.0,0.0,1.0,,,2.0,1.0,,,,,1.0,0.0,,4.0,,3.0,,,,,2.0,,8.0,,,2.0,,0.0,,,,,,,,1.0,,,,,,,,,,2.0,,,,,,,,,,,1.0,,,1.0,,1.0,,,0.267,,,,,,,,,,,,,,,,,,,,,,,,,,,,,,,,,,,,
18507,Diego Costa,Forward,Wolverhampton Wanderers,39,Spain,2022-23,0.6721,1.0,,3.0,,55.0,23.0,16.0,57.0,215.0,,,90.0,,,1245.0,49.0,2.0,18.0,19.0,158.0,,1.0,18.8558,,17.0,17.0,50.0,,10.0,1.0,174.0,,37.0,25.0,23.0,,98.0,15.0,84.0,30.0,1.0,,198.0,13.0,118.0,1.0,6.0,,,42.0,,375.0,,,60.0,,5.0,2.0,9.0,125.0,,24.0,15.0,3.3061,22.0,,12.0,1.0,0.0,,14.0,14.0,60.0,,63.0,,11.0,65.0,5.0,1.0,2.0,,5.0,,31.0,7.0,1.0,29.0,2.0,86.0,14.0,16.0,1.0,3.1754,6.0,1.0,1.0,12.0,6.0,16.0,1.0,7.0,,,,6.0,1.0,5.0,1.0,5.0,,,3.0,,,,,,,1.0,,,,,,,,,,
159533,Adama Traoré,Forward,West Ham United,21,Spain,2022-23,3.1848,0.0,,14.0,,100.0,34.0,12.0,106.0,410.0,,,64.0,,,1486.0,145.0,3.0,34.0,106.0,295.0,,,27.2456,,17.0,30.0,44.0,,34.0,1.0,257.0,,88.0,66.0,34.0,,246.0,27.0,193.0,39.0,0.0,,410.0,16.0,297.0,7.0,58.0,,,169.0,9.0,825.0,1.0,5.0,78.0,,2.0,6.0,28.0,112.0,20.0,42.0,8.0,1.4107,15.0,1.0,21.0,2.0,1.0,20.0,6.0,6.0,25.0,,59.0,,23.0,87.0,7.0,1.0,7.0,,34.0,1.0,61.0,7.0,1.0,21.0,3.0,109.0,9.0,5.0,,1.3911,4.0,8.0,3.0,12.0,61.0,7.0,,22.0,,,,61.0,,4.0,1.0,4.0,,,6.0,1.0,,,,,,,,,,,,,,,,
531363,Nathan Fraser,Forward,Wolverhampton Wanderers U21,12934,Ireland,2022-23,,0.0,,,,,,,,,,,,,,,,,,,,,,,,,,,,,,,,,,,,,,,,0.0,,,,,,,,,,,,,,,,0.0,,,,,,,,,,,,,,,,,,,,,,,,,,,,,,,,,,,,,,,,,,,,,,,,,,,,,,,,,,,,,,,,,,,,,,,,,
