playerId,playerName,position,team_name,team_id,nationality,season,duelsLost,successfulCrossesOpenPlay,expectedAssists,totalRedCards,blockedShots,totalTackles,unsuccessfulShortPasses,gamesPlayed,goalAssists,successfulLayoffs,starts,totalUnsuccessfulPassesExclCrossesAndCorners,unsuccessfulCrossesOpenPlay,totalPasses,offsides,aerialDuels,cleanSheets,successfulCrossesAndCorners,timePlayed,aerialDuelsLost,duelsWon,goalsConcededOutsideBox,putthroughBlockedDistribution,groundDuelsWon,successfulShortPasses,totalTouchesInOppositionBox,throwInsToOppositionPlayer,expectedGoalsOnTargetConceded,keyPassesAttemptAssists,successfulLaunches,totalClearances,goalsConceded,shotsBlockedInBox,groundDuelsLost,rightsidePasses,totalFoulsWon,winningGoal,duels,putthroughBlockedDistributionWon,forwardPasses,recoveries,appearances,tacklesLost,successfulPassesOppositionHalf,unsuccessfulCrossesAndCorners,timesTackled,iboxBlocked,groundDuels,aerialDuelsWon,straightRedCards,openPlayPasses,cornersWon,totalLossesOfPossession,tacklesWon,successfulDribbles,leftsidePasses,totalFoulsConceded,interceptions,successfulLongPasses,backwardPasses,touches,throwInsToOwnPlayer,unsuccessfulLaunches,successfulPassesOwnHalf,expectedGoals,yellowCards,unsuccessfulLongPasses,unsuccessfulPassesOwnHalf,substituteOn,shotsOnTargetIncGoals,expectedGoalsOnTarget,totalShots,throughBalls,goals,awayGoals,oboxBlocked,cornersTakenInclShortCorners,iboxTarget,shotsOnTargetInBox,successfulCornersIntoBox,homeGoals,rightFootGoals,leftFootGoals,unsuccessfulDribbles,shotsOffTargetIncWoodwork,unsuccessfulCornersIntoBox,substituteOff,shotsBlockedOutsideBox,foulAttemptedTackle,shotsOnTargetOutsideBox,oboxTarget,goalKicks,gkSuccessfulDistribution,punches,catches,savesMade,goalkeeperSmother,drops,savesMadeFromOutsideBox,gkUnsuccessfulDistribution,savesMadeParried,savesMadeFromInsideBox,unsuccessfulLayoffs,blocks,expectedGoalsFreekick,freekickTotal,attemptsFromSetPieces,secondGoalAssists,lastPlayerTackle,overruns,goalsConcededInsideBox,clearancesOffTheLine,hitWoodwork,handballsConceded,penaltyGoalsConceded,penaltiesFaced,penaltiesTaken,penaltiesConceded,foulWonPenalty,headedGoals,savesMadeCaught,ownGoalScored,crossesNotClaimed,penaltyGoals,setPiecesGoals
198869,Ben White,Defender,Arsenal,3,England,2026-27,6.0,2.0,0.289,0.0,1.0,4.0,17.0,3.0,1.0,1.0,3.0,24.0,8.0,147.0,1.0,9.0,2.0,2.0,270.0,3.0,15.0,1.0,5.0,9.0,118.0,10.0,1.0,0.3859,2.0,1.0,9.0,1.0,1.0,3.0,15.0,3.0,0.0,21.0,1.0,61.0,9.0,3.0,1.0,85.0,8.0,1.0,1.0,12.0,6.0,0.0,143.0,1.0,40.0,3.0,2.0,49.0,1.0,2.0,5.0,22.0,210.0,18.0,2.0,40.0,0.177,0.0,7.0,3.0,,,,,,,,,,,,,,,,,,,,,,,,,,,,,,,,,,,,,,,,,,,,,,,,,,,,,,,,,
208706,Bruno Guimarães,Midfielder,Arsenal,3,Brazil,2026-27,1.0,,0.0134,0.0,,,1.0,1.0,,,,2.0,,15.0,,,,,19.0,,,,1.0,,13.0,1.0,,,,,,,,1.0,3.0,,0.0,1.0,1.0,6.0,3.0,1.0,,6.0,,1.0,,1.0,,0.0,15.0,,6.0,,,4.0,,,,2.0,22.0,,1.0,7.0,,0.0,1.0,,1.0,,,,,,,,,,,,,,,,,,,,,,,,,,,,,,,,,,,,,,,,,,,,,,,,,,,,,,,,
223340,Bukayo Saka,Forward,Arsenal,3,England,2026-27,14.0,,0.3422,0.0,3.0,4.0,15.0,3.0,,3.0,3.0,17.0,6.0,109.0,3.0,6.0,1.0,2.0,247.0,4.0,20.0,1.0,9.0,18.0,91.0,16.0,,0.349,3.0,,3.0,1.0,2.0,10.0,5.0,10.0,1.0,34.0,1.0,20.0,12.0,3.0,,78.0,10.0,8.0,2.0,28.0,2.0,0.0,102.0,6.0,42.0,4.0,4.0,40.0,1.0,3.0,1.0,44.0,175.0,,2.0,16.0,1.4952,0.0,2.0,5.0,,5.0,1.9661,6.0,1.0,2.0,1.0,1.0,10.0,3.0,3.0,2.0,1.0,1.0,1.0,5.0,1.0,4.0,2.0,1.0,1.0,,,,,,,,,,,,,,,,,,,,,,,,,,,,,,,,,,,,
439509,Christos Tzolis,Forward,Arsenal,3,Greece,2026-27,12.0,2.0,0.354,0.0,1.0,2.0,13.0,3.0,1.0,1.0,3.0,13.0,6.0,90.0,1.0,5.0,,2.0,211.0,3.0,11.0,1.0,3.0,9.0,74.0,12.0,,0.349,7.0,1.0,4.0,1.0,1.0,9.0,45.0,6.0,0.0,23.0,1.0,11.0,10.0,3.0,,57.0,6.0,6.0,1.0,18.0,2.0,0.0,89.0,2.0,28.0,2.0,1.0,2.0,1.0,1.0,3.0,32.0,132.0,3.0,,22.0,0.1935,2.0,,3.0,,2.0,0.0403,3.0,,,,,,1.0,1.0,,,,,4.0,1.0,,2.0,,,1.0,1.0,,,,,,,,,,,,,,,,,,,,,,,,,,,,,,,,,,
500040,Cristhian Mosquera,Defender,Arsenal,3,Spain,2026-27,5.0,,0.014,0.0,,,4.0,2.0,,,2.0,5.0,,120.0,,3.0,1.0,,169.0,2.0,2.0,,1.0,1.0,115.0,,,0.0369,,,8.0,,,3.0,41.0,,0.0,7.0,1.0,27.0,3.0,2.0,,33.0,,1.0,,4.0,1.0,0.0,116.0,,6.0,,1.0,48.0,1.0,2.0,,4.0,135.0,,,82.0,,0.0,1.0,1.0,,,,,,,,,,,,,,,,,,,1.0,,,,,4.0,4.0,,,,,,,,,,,,,,,,,,,,,,,,,,,,,,,,
154561,David Raya,Goalkeeper,Arsenal,3,Spain,2026-27,,,0.0132,0.0,,,1.0,3.0,,,3.0,27.0,,85.0,,,2.0,,270.0,,,1.0,,,42.0,,,0.3859,,7.0,4.0,1.0,,,17.0,,0.0,,,57.0,30.0,3.0,,13.0,,,,,,0.0,58.0,,28.0,,,11.0,,,16.0,,116.0,,11.0,45.0,,0.0,26.0,1.0,,,,,,,,,,,,,,,,,,,,,,,,11.0,20.0,1.0,4.0,5.0,1.0,1.0,2.0,7.0,2.0,3.0,,,,,,,,,,,,,,,,,,,,,,,
204480,Declan Rice,Midfielder,Arsenal,3,England,2026-27,9.0,,0.2517,0.0,1.0,3.0,8.0,3.0,1.0,1.0,3.0,15.0,3.0,220.0,1.0,7.0,,2.0,243.0,4.0,6.0,1.0,4.0,3.0,193.0,,,0.349,2.0,,5.0,1.0,,5.0,56.0,,0.0,15.0,2.0,77.0,11.0,3.0,1.0,126.0,9.0,,,8.0,3.0,0.0,211.0,,24.0,2.0,,76.0,3.0,3.0,12.0,11.0,254.0,2.0,3.0,81.0,0.1002,0.0,7.0,6.0,,,,2.0,,,,1.0,7.0,,,2.0,,,,,2.0,4.0,2.0,1.0,2.0,,,,,,,,,,,,,,1.0,2.0,,,,,,,,,,,,,,,,,,,,,
232413,Eberechi Eze,Midfielder,Arsenal,3,England,2026-27,5.0,,0.0721,0.0,,,5.0,2.0,,1.0,,5.0,,27.0,,2.0,,,59.0,1.0,5.0,,,4.0,21.0,1.0,,0.0369,,,,,,4.0,13.0,3.0,0.0,10.0,,3.0,5.0,2.0,,16.0,,4.0,,8.0,1.0,0.0,26.0,,11.0,,1.0,4.0,,,1.0,7.0,40.0,1.0,,6.0,0.0377,0.0,,3.0,2.0,,,1.0,,,,,,,,,,,,3.0,1.0,,,,,,,,,,,,,,,,,,1.0,,0.0377,1.0,1.0,1.0,,,,,,,,,,,,,,,,,
199798,Ezri Konsa,Defender,Arsenal,3,England,2026-27,5.0,,0.0077,0.0,,3.0,2.0,2.0,,,1.0,2.0,,53.0,1.0,7.0,,,101.0,3.0,9.0,1.0,,5.0,51.0,2.0,,0.349,,,7.0,1.0,,2.0,13.0,2.0,0.0,14.0,,9.0,5.0,2.0,1.0,17.0,,1.0,,7.0,4.0,0.0,50.0,,3.0,2.0,,28.0,1.0,1.0,,3.0,67.0,,,34.0,,0.0,,1.0,1.0,,,,,,,,,,,,,,,,,,,,1.0,,,1.0,1.0,,,,,,,,,,,,,,,,1.0,,,,,,,,,,,,,,,,
226597,Gabriel Magalhães,Defender,Arsenal,3,Brazil,2026-27,12.0,,0.049,0.0,,2.0,5.0,3.0,,,3.0,15.0,1.0,169.0,,9.0,2.0,,270.0,7.0,7.0,1.0,7.0,5.0,150.0,9.0,,0.3859,,1.0,14.0,1.0,,5.0,81.0,2.0,0.0,19.0,5.0,47.0,11.0,3.0,2.0,68.0,1.0,1.0,,10.0,2.0,0.0,158.0,,19.0,,1.0,32.0,3.0,4.0,4.0,9.0,212.0,,6.0,86.0,0.4874,1.0,10.0,3.0,,2.0,0.4653,4.0,,,,,,2.0,2.0,,,,,,2.0,,,,1.0,,,6.0,6.0,,,,,,,,,,,1.0,,,,,,,,,,,,,,,,,,,,,
219847,Kai Havertz,Forward,Arsenal,3,Germany,2026-27,14.0,,0.326,0.0,1.0,,15.0,3.0,,1.0,3.0,16.0,1.0,66.0,8.0,15.0,2.0,,258.0,7.0,14.0,1.0,4.0,6.0,49.0,17.0,,0.3641,4.0,,1.0,1.0,1.0,7.0,11.0,6.0,1.0,28.0,2.0,14.0,5.0,3.0,,40.0,1.0,4.0,1.0,13.0,8.0,0.0,66.0,3.0,30.0,,,17.0,3.0,2.0,1.0,24.0,103.0,,1.0,10.0,0.5555,0.0,1.0,1.0,,4.0,1.7769,4.0,1.0,2.0,0.0,,,2.0,2.0,,2.0,,2.0,2.0,,,1.0,,,,,,,,,,,,,,,,,,,,,,,,,,,,,,,,,,,,,,
109745,Kepa Arrizabalaga,Goalkeeper,Arsenal,3,Spain,2026-27,,,,0.0,,,,,,,,,,,,,,,,,,,,,,,,,,,,,,,,,,,,,,,,,,,,,,0.0,,,,,,,,,,,,,,,,0.0,,,,,,,,,,,,,,,,,,,,,,,,,,,,,,,,,,,,,,,,,,,,,,,,,,,,,,,,,,,
184029,Martin Ødegaard,Midfielder,Arsenal,3,Norway,2026-27,7.0,,1.0473,0.0,3.0,5.0,10.0,3.0,,4.0,3.0,13.0,5.0,155.0,,3.0,,,224.0,3.0,9.0,1.0,1.0,9.0,137.0,14.0,,0.3272,7.0,,3.0,1.0,1.0,4.0,36.0,4.0,1.0,16.0,,45.0,8.0,3.0,2.0,106.0,5.0,3.0,1.0,13.0,,0.0,148.0,3.0,28.0,3.0,,51.0,,,5.0,23.0,193.0,1.0,1.0,36.0,1.001,0.0,3.0,1.0,,2.0,0.3836,3.0,3.0,2.0,0.0,2.0,,,,,2.0,1.0,1.0,2.0,1.0,,3.0,2.0,,,,,,,,,,,,,,,,,0.0781,1.0,1.0,,,1.0,,,,,,,,,,,,,,,
481655,Martín Zubimendi,Midfielder,Arsenal,3,Spain,2026-27,6.0,,0.0395,0.0,1.0,3.0,4.0,3.0,,,,5.0,,47.0,,2.0,,,50.0,1.0,4.0,,2.0,3.0,41.0,4.0,,0.0587,,,1.0,,1.0,5.0,17.0,,0.0,10.0,2.0,11.0,2.0,3.0,2.0,27.0,,2.0,1.0,8.0,1.0,0.0,47.0,,9.0,1.0,,11.0,3.0,3.0,1.0,8.0,66.0,,,15.0,0.0773,0.0,1.0,1.0,3.0,,,,,,,,,,,,,,,,,,,,2.0,,,,,,,,,,,,,,,,,,,,,,,,,,,,,,,,,,,,
616077,Max Dowman,Midfielder,Arsenal,3,England,2026-27,,,,0.0,,,,,,,,,,,,,,,,,,,,,,,,,,,,,,,,,,,,,,,,,,,,,,0.0,,,,,,,,,,,,,,,,0.0,,,,,,,,,,,,,,,,,,,,,,,,,,,,,,,,,,,,,,,,,,,,,,,,,,,,,,,,,,,
195384,Mikel Merino,Midfielder,Arsenal,3,Spain,2026-27,4.0,,0.0266,0.0,1.0,,1.0,3.0,,,,2.0,,35.0,,2.0,,,46.0,1.0,7.0,,,6.0,33.0,2.0,,0.0587,,,,,1.0,3.0,12.0,2.0,0.0,11.0,,9.0,6.0,3.0,,23.0,,,1.0,9.0,1.0,0.0,35.0,,2.0,,4.0,8.0,3.0,,,6.0,44.0,,,10.0,0.1449,1.0,1.0,,3.0,1.0,0.3823,1.0,,,,,,,,,,,,,,,,,3.0,1.0,1.0,,,,,,,,,,,,,,,,,,,,,,,,,,,,,,,,,,
499169,Myles Lewis-Skelly,Defender,Arsenal,3,England,2026-27,7.0,,0.2277,0.0,1.0,1.0,8.0,3.0,,3.0,3.0,11.0,,163.0,,2.0,1.0,,228.0,,9.0,1.0,2.0,7.0,148.0,5.0,,0.3641,2.0,,2.0,1.0,1.0,7.0,68.0,6.0,0.0,16.0,1.0,34.0,8.0,3.0,1.0,89.0,,1.0,1.0,14.0,2.0,0.0,153.0,2.0,17.0,,,42.0,6.0,1.0,4.0,19.0,189.0,,1.0,63.0,0.1635,0.0,3.0,2.0,,,,2.0,1.0,,,,,,,,,,,,2.0,,2.0,,4.0,,,,,,,,,,,,,,,2.0,,,,,,,,,,,,,,,,,,,,,
248857,Noni Madueke,Forward,Arsenal,3,England,2026-27,2.0,,0.05,0.0,,1.0,2.0,2.0,,,,2.0,1.0,18.0,,1.0,,,23.0,,3.0,,1.0,2.0,16.0,,,0.0369,4.0,,,,,2.0,1.0,,0.0,5.0,,3.0,2.0,2.0,1.0,16.0,1.0,2.0,,4.0,1.0,0.0,18.0,,5.0,,1.0,9.0,,,,5.0,27.0,,,,,0.0,,,2.0,,,,,,,,,,,,,,,2.0,,,,,,,,,,,,,,,,,,,,,,,,,,,,,,,,,,,,,,,,,
448104,Piero Hincapié,Defender,Arsenal,3,Ecuador,2026-27,1.0,,0.0077,0.0,,1.0,1.0,2.0,,,,1.0,1.0,16.0,,1.0,,,32.0,1.0,1.0,,2.0,1.0,15.0,1.0,1.0,0.0587,,,2.0,,,,6.0,,0.0,2.0,2.0,6.0,,2.0,1.0,11.0,1.0,,,1.0,,0.0,16.0,,4.0,,,2.0,,,,2.0,27.0,3.0,,4.0,,0.0,,,2.0,,,,,,,,,,,,,,,,,,,,,,,,,,,,,,,,,,,,,,,,,,,,,,,,,,,,,,,,
466075,Riccardo Calafiori,Defender,Arsenal,3,Italy,2026-27,6.0,,0.5852,0.0,2.0,3.0,11.0,3.0,2.0,,3.0,11.0,1.0,69.0,1.0,6.0,1.0,,238.0,2.0,8.0,1.0,3.0,4.0,57.0,7.0,4.0,0.3272,,,5.0,1.0,1.0,4.0,28.0,1.0,0.0,14.0,,15.0,6.0,3.0,2.0,36.0,1.0,1.0,1.0,8.0,4.0,0.0,69.0,,19.0,1.0,,12.0,2.0,1.0,1.0,14.0,104.0,9.0,,22.0,0.5365,0.0,,3.0,,1.0,0.213,2.0,,,,1.0,,1.0,1.0,,,,,,1.0,,2.0,1.0,1.0,,,,,,,,,,,,,,,,,,,,,,,,,,,,,,,,,,,,
224117,Viktor Gyökeres,Forward,Arsenal,3,Sweden,2026-27,1.0,,0.0005,0.0,,,1.0,1.0,,,,1.0,,3.0,,,,,12.0,,,,1.0,,2.0,,,0.0218,,,,,,1.0,1.0,,0.0,1.0,,1.0,1.0,1.0,,1.0,,,,1.0,,0.0,3.0,,2.0,,,1.0,1.0,,,,5.0,,,1.0,,0.0,,,1.0,,,,,,,,,,,,,,,,,,,,,,,,,,,,,,,,,,,,,,,,,,,,,,,,,,,,,,,,
54469,Adam Smith,Defender,Bournemouth,91,England,2026-27,10.0,2.0,0.0711,0.0,1.0,4.0,5.0,3.0,,,3.0,15.0,1.0,71.0,,4.0,,2.0,270.0,2.0,11.0,,2.0,9.0,51.0,1.0,9.0,5.7584,3.0,1.0,7.0,5.0,,8.0,3.0,5.0,0.0,21.0,1.0,28.0,9.0,3.0,2.0,26.0,1.0,1.0,,17.0,2.0,0.0,70.0,,29.0,2.0,,20.0,4.0,4.0,5.0,20.0,131.0,19.0,6.0,32.0,0.0149,2.0,10.0,2.0,,,,,,,,1.0,,,,,,,,1.0,,,,1.0,2.0,,,,,,,,,,,,,,,,,,,,,,5.0,,,,,,,,,,,,,,
494521,Adrien Truffert,Defender,Bournemouth,91,France,2026-27,18.0,,0.1365,0.0,1.0,7.0,7.0,3.0,,,3.0,11.0,8.0,99.0,,7.0,,1.0,270.0,5.0,13.0,,3.0,11.0,83.0,2.0,2.0,5.7584,3.0,1.0,9.0,5.0,,13.0,42.0,2.0,0.0,31.0,2.0,36.0,18.0,3.0,5.0,45.0,11.0,3.0,,24.0,2.0,0.0,97.0,2.0,32.0,2.0,2.0,3.0,7.0,4.0,5.0,18.0,171.0,13.0,2.0,44.0,0.0095,1.0,4.0,5.0,,,,,,,,1.0,,,,,,,,,,,,1.0,5.0,,,,,,,,,,,,,,,2.0,,,,,1.0,,5.0,1.0,,,,,,,,,,,,,
503139,Alex Scott,Midfielder,Bournemouth,91,England,2026-27,15.0,,0.2934,0.0,3.0,7.0,16.0,3.0,,8.0,3.0,29.0,2.0,141.0,,4.0,,1.0,266.0,2.0,21.0,,7.0,19.0,101.0,6.0,,5.4506,4.0,,4.0,4.0,,13.0,46.0,9.0,0.0,36.0,4.0,42.0,21.0,3.0,3.0,57.0,7.0,5.0,,32.0,2.0,0.0,130.0,4.0,42.0,4.0,3.0,28.0,3.0,5.0,11.0,25.0,200.0,1.0,,56.0,0.3247,1.0,13.0,7.0,,1.0,0.8446,1.0,,1.0,0.0,3.0,7.0,,,1.0,1.0,1.0,,2.0,,5.0,2.0,3.0,1.0,,,,,,,,,,,,,,,,,,,,,,4.0,,,,,,,,,,,,,,
614574,Alex Tóth,Midfielder,Bournemouth,91,Hungary,2026-27,2.0,,0.0035,0.0,,1.0,,1.0,,,,1.0,,13.0,,,,,15.0,,1.0,,,1.0,12.0,,,1.1249,,,,2.0,,2.0,3.0,,0.0,3.0,,3.0,1.0,1.0,,6.0,,2.0,,3.0,,0.0,11.0,,3.0,1.0,,2.0,,,,5.0,17.0,,1.0,6.0,,0.0,1.0,,1.0,,,,,,,,,,,,,,,2.0,,,,,,,,,,,,,,,,,,,,,,,,,,,2.0,,,,,,,,,,,,,,
483067,António Silva,Defender,Bournemouth,91,Portugal,2026-27,10.0,,0.041,0.0,,3.0,11.0,3.0,,,3.0,16.0,,133.0,,18.0,,,270.0,6.0,15.0,,,3.0,106.0,5.0,,5.7584,,,23.0,5.0,,4.0,58.0,1.0,0.0,25.0,,50.0,7.0,3.0,,43.0,,,,7.0,12.0,0.0,121.0,,18.0,3.0,,17.0,2.0,2.0,11.0,8.0,174.0,,2.0,74.0,0.2675,1.0,5.0,6.0,,1.0,0.1862,2.0,,,,,,1.0,1.0,,,,,,1.0,,,,,,,6.0,6.0,,,,,,,,,,,3.0,,,,,,,5.0,,,,,,,,,,,,,,
242882,Bafodé Diakité,Defender,Bournemouth,91,France,2026-27,,,,0.0,,,,,,,,,,,,,,,,,,,,,,,,,,,,,,,,,,,,,,,,,,,,,,0.0,,,,,,,,,,,,,,,,0.0,,,,,,,,,,,,,,,,,,,,,,,,,,,,,,,,,,,,,,,,,,,,,,,,,,,,,,,,,,,
496208,Ben Gannon-Doak,Forward,Bournemouth,91,Scotland,2026-27,1.0,,0.0021,0.0,1.0,1.0,,2.0,,,,1.0,1.0,6.0,,,,,2.0,,1.0,,,1.0,4.0,2.0,,0.8932,,1.0,,1.0,1.0,1.0,,,0.0,2.0,,1.0,2.0,2.0,1.0,3.0,1.0,1.0,1.0,2.0,,0.0,6.0,,3.0,,,3.0,,,1.0,2.0,10.0,,,2.0,0.019,0.0,1.0,,2.0,,,,,,,,,,,,,,,,,,,,,,,,,,,,,,,,,,,,,,,,,,1.0,,,,,,,,,,,,,,
523700,Daniel Jebbison,Forward,Bournemouth,91,Canada,2026-27,,,0.0039,0.0,,,,2.0,,,,,,5.0,,,,,16.0,,2.0,,,2.0,5.0,1.0,,1.1249,,,,2.0,,,1.0,2.0,0.0,2.0,,1.0,1.0,2.0,,4.0,,,,2.0,,0.0,4.0,1.0,2.0,,,2.0,,,,1.0,11.0,,,1.0,0.0969,0.0,,,2.0,1.0,0.1137,1.0,,,,,,1.0,1.0,,,,,,,,,,,,,,,,,,,,,,,,,,,,,,,,2.0,,,,,,,,,,,,,,
111317,David Brooks,Midfielder,Bournemouth,91,Wales,2026-27,2.0,,0.0105,0.0,,,3.0,2.0,,,,3.0,,10.0,,,,,23.0,,1.0,,4.0,1.0,7.0,,,1.1482,,,,2.0,,2.0,6.0,1.0,0.0,3.0,2.0,1.0,,2.0,,7.0,,,,3.0,,0.0,10.0,,3.0,,,2.0,2.0,,,1.0,13.0,,,,,0.0,,1.0,2.0,,,,,,,,,,,,,,,,,,,,1.0,,,,,,,,,,,,,,,,,,,,,,2.0,,,,,,,,,,,,,,
457569,Djordje Petrovic,Goalkeeper,Bournemouth,91,Serbia,2026-27,,,0.0021,0.0,,,,3.0,,,3.0,39.0,,107.0,,3.0,,,270.0,,3.0,,,,52.0,,,5.7584,,4.0,6.0,5.0,,,30.0,,0.0,3.0,,65.0,21.0,3.0,,15.0,,,,,3.0,0.0,76.0,,40.0,,,12.0,,,16.0,,136.0,,18.0,53.0,,0.0,39.0,,,,,,,,,,,,,,,,,,,,,,,,,19.0,19.0,4.0,2.0,9.0,1.0,,2.0,9.0,3.0,7.0,,,,,,,,,5.0,,,,,,,,,,,,,,
444102,Evanilson,Forward,Bournemouth,91,Brazil,2026-27,18.0,,0.267,0.0,3.0,1.0,14.0,3.0,2.0,4.0,3.0,14.0,,57.0,1.0,15.0,,,246.0,7.0,16.0,,2.0,8.0,42.0,12.0,,4.3257,1.0,,5.0,2.0,3.0,11.0,6.0,6.0,0.0,34.0,,6.0,8.0,3.0,1.0,27.0,,5.0,3.0,19.0,8.0,0.0,53.0,2.0,25.0,,1.0,23.0,5.0,4.0,1.0,22.0,97.0,,,16.0,0.7091,1.0,,3.0,,,,3.0,,,,,,,,,,,,2.0,3.0,,2.0,,2.0,,,,,,,,,,,,,,,,,,,,,,2.0,,,,,,,,,,,,,,
463981,James Hill,Defender,Bournemouth,91,England,2026-27,9.0,,0.7582,0.0,,4.0,17.0,3.0,,,3.0,39.0,,160.0,1.0,14.0,,,270.0,4.0,15.0,,8.0,5.0,107.0,3.0,3.0,5.7584,5.0,2.0,17.0,5.0,,5.0,18.0,1.0,0.0,24.0,2.0,78.0,5.0,3.0,2.0,42.0,,,,10.0,10.0,0.0,158.0,,43.0,2.0,,55.0,4.0,3.0,14.0,9.0,195.0,2.0,8.0,79.0,,0.0,22.0,15.0,,,,,,,,,,,,,,,,,,,,,3.0,,,,,,,,,,,,,,,,,,,,,,5.0,,,,,,,,,,,,,,
494928,Juanlu Sánchez,Midfielder,Bournemouth,91,Spain,2026-27,,,,0.0,,,,,,,,,,,,,,,,,,,,,,,,,,,,,,,,,,,,,,,,,,,,,,0.0,,,,,,,,,,,,,,,,0.0,,,,,,,,,,,,,,,,,,,,,,,,,,,,,,,,,,,,,,,,,,,,,,,,,,,,,,,,,,,
575901,Julio Soler,Defender,Bournemouth,91,Argentina,2026-27,,,,0.0,,,,,,,,,,,,,,,,,,,,,,,,,,,,,,,,,,,,,,,,,,,,,,0.0,,,,,,,,,,,,,,,,0.0,,,,,,,,,,,,,,,,,,,,,,,,,,,,,,,,,,,,,,,,,,,,,,,,,,,,,,,,,,,
222683,Justin Kluivert,Forward,Bournemouth,91,Netherlands,2026-27,13.0,1.0,0.0644,0.0,2.0,4.0,9.0,3.0,,4.0,3.0,9.0,3.0,38.0,,3.0,,1.0,232.0,3.0,13.0,,4.0,13.0,25.0,8.0,,3.4852,3.0,,,1.0,1.0,10.0,11.0,5.0,0.0,26.0,1.0,8.0,13.0,3.0,1.0,15.0,3.0,4.0,1.0,23.0,,0.0,37.0,1.0,23.0,3.0,4.0,12.0,5.0,1.0,4.0,7.0,76.0,,,15.0,0.7753,1.0,,3.0,,3.0,1.1058,5.0,1.0,,,1.0,,2.0,2.0,,,,,,2.0,,3.0,1.0,1.0,1.0,1.0,,,,,,,,,,,,1.0,,,,,,,,1.0,,1.0,,,,,,,,,,,,
155408,Lewis Cook,Midfielder,Bournemouth,91,England,2026-27,7.0,,0.0137,0.0,,1.0,6.0,3.0,,2.0,2.0,9.0,,70.0,,6.0,,,158.0,2.0,5.0,,4.0,1.0,60.0,,,3.4911,1.0,,1.0,1.0,,5.0,18.0,,0.0,12.0,3.0,15.0,5.0,3.0,1.0,22.0,,3.0,,6.0,4.0,0.0,68.0,,12.0,,,19.0,1.0,3.0,1.0,18.0,81.0,,2.0,39.0,,0.0,3.0,2.0,1.0,,,,,,,,,,,,,,,,,,2.0,,1.0,,,,,,,,,,,,,,,,,,,,,,1.0,,,,,,,,,,,,,,
201658,Marcus Tavernier,Midfielder,Bournemouth,91,England,2026-27,14.0,1.0,0.332,0.0,1.0,7.0,15.0,3.0,,2.0,3.0,15.0,2.0,99.0,,6.0,,4.0,269.0,3.0,20.0,,4.0,17.0,80.0,8.0,1.0,5.7584,4.0,,3.0,5.0,1.0,11.0,31.0,7.0,0.0,34.0,1.0,17.0,18.0,3.0,4.0,58.0,8.0,8.0,1.0,28.0,3.0,0.0,97.0,3.0,42.0,3.0,3.0,16.0,1.0,,4.0,35.0,170.0,2.0,,30.0,1.5027,1.0,,1.0,,5.0,2.7475,8.0,,2.0,2.0,,9.0,2.0,2.0,2.0,0.0,,2.0,3.0,3.0,5.0,1.0,,1.0,1.0,1.0,,,,,,,,,,,,1.0,,0.0581,1.0,1.0,,,,5.0,,,,,,,,,,,,,,
230650,Michele Di Gregorio,Goalkeeper,Bournemouth,91,Italy,2026-27,,,,0.0,,,,,,,,,,,,,,,,,,,,,,,,,,,,,,,,,,,,,,,,,,,,,,0.0,,,,,,,,,,,,,,,,0.0,,,,,,,,,,,,,,,,,,,,,,,,,,,,,,,,,,,,,,,,,,,,,,,,,,,,,,,,,,,
499604,Rayan,Forward,Bournemouth,91,Brazil,2026-27,23.0,,0.0577,0.0,2.0,2.0,17.0,3.0,,1.0,3.0,17.0,3.0,46.0,,21.0,,,268.0,12.0,13.0,,3.0,4.0,28.0,9.0,,4.8653,1.0,,2.0,4.0,1.0,11.0,2.0,,0.0,36.0,2.0,16.0,3.0,3.0,1.0,25.0,3.0,6.0,1.0,15.0,9.0,0.0,46.0,3.0,32.0,1.0,2.0,13.0,1.0,1.0,1.0,15.0,80.0,,,4.0,0.4768,0.0,,2.0,,3.0,0.5965,5.0,,,,1.0,,3.0,3.0,,,,,4.0,2.0,,2.0,1.0,,,,,,,,,,,,,,,1.0,,,,,,,,4.0,,,,,,,,,,,,,,
158499,Ryan Christie,Midfielder,Bournemouth,91,Scotland,2026-27,1.0,,0.0019,0.0,,1.0,2.0,2.0,,,,2.0,,7.0,,1.0,,,4.0,1.0,2.0,,1.0,1.0,5.0,,,0.3078,,,,1.0,,,,,0.0,2.0,,4.0,1.0,2.0,,3.0,,,,1.0,1.0,0.0,7.0,,2.0,1.0,,2.0,,,,1.0,9.0,,,2.0,,0.0,,1.0,2.0,,,,,,,,,,,,,,,,,,,,,,,,,,,,,,,,,,,,,,,,,,1.0,,,,,,,,,,,,,,
200785,Tyler Adams,Midfielder,Bournemouth,91,United States,2026-27,4.0,,0.0182,0.0,,3.0,10.0,3.0,,,1.0,11.0,,67.0,,1.0,,,112.0,,7.0,,4.0,6.0,56.0,,,2.2672,1.0,,1.0,4.0,,4.0,17.0,3.0,0.0,11.0,2.0,24.0,11.0,3.0,2.0,31.0,,,,10.0,1.0,0.0,64.0,,13.0,1.0,,18.0,3.0,3.0,,8.0,84.0,,1.0,25.0,,0.0,1.0,6.0,2.0,,,,,,,,,,,,,,,,,,1.0,,1.0,,,,,,,,,,,,,,,1.0,,,,,,,4.0,,,,,,,,,,,,,,
561245,Álvaro Rodríguez,Forward,Bournemouth,91,Uruguay,2026-27,4.0,,0.0001,0.0,,,1.0,1.0,,,,1.0,,3.0,,4.0,,,9.0,4.0,2.0,,,2.0,2.0,,,0.3078,,,,1.0,,,,1.0,0.0,6.0,,,1.0,1.0,,,,,,2.0,,0.0,2.0,,2.0,,1.0,2.0,1.0,,,1.0,6.0,,,2.0,,0.0,,1.0,1.0,,,,,,,,,,,,,,,,,,,,,,,,,,,,,,,,,,,,,,,,,,1.0,,,1.0,,,,,,,,,,,
472713,Aaron Hickey,Defender,Brentford,94,Scotland,2026-27,5.0,1.0,0.0255,0.0,,2.0,2.0,3.0,,,,5.0,1.0,24.0,,4.0,,1.0,61.0,3.0,4.0,,1.0,3.0,18.0,,2.0,0.8933,,,2.0,1.0,,2.0,1.0,1.0,0.0,9.0,1.0,10.0,4.0,3.0,1.0,9.0,1.0,,,5.0,1.0,0.0,24.0,,10.0,1.0,,10.0,2.0,2.0,1.0,4.0,49.0,6.0,1.0,11.0,,0.0,3.0,1.0,3.0,,,,,,,,,,,,,,,,,,,,1.0,,,,,,,,,,,,,,,,,,,,,,1.0,,,,1.0,,,,,,,,,,
75115,Callum Wilson,Forward,Brentford,94,England,2026-27,4.0,,0.0382,0.0,2.0,,1.0,3.0,,,,1.0,,3.0,,3.0,,,13.0,1.0,2.0,,1.0,,2.0,3.0,,,1.0,,1.0,,2.0,3.0,2.0,,0.0,6.0,1.0,,1.0,3.0,,2.0,,1.0,2.0,3.0,2.0,0.0,3.0,1.0,4.0,,,1.0,1.0,,,,10.0,,,,0.071,0.0,,,3.0,,,,,,,,,,,,,,,,,,,,,,,,,,,,,,,,,,,,,,,,,,,,,,,,,,,,,,,,
200720,Caoimhín Kelleher,Goalkeeper,Brentford,94,Ireland,2026-27,,,0.0067,0.0,,,,3.0,,,3.0,29.0,,98.0,,1.0,1.0,,270.0,,1.0,,,,48.0,,,2.6708,,14.0,4.0,2.0,,,7.0,,0.0,1.0,,58.0,15.0,3.0,,17.0,,,,,1.0,0.0,75.0,,30.0,,,33.0,,,21.0,,124.0,,21.0,52.0,,0.0,29.0,,,,,,,,,,,,,,,,,,,,,,,,,10.0,16.0,2.0,4.0,7.0,1.0,,3.0,3.0,4.0,4.0,,,,,,,,,2.0,,,,1.0,1.0,,,,,,,,,
533463,Dango Ouattara,Forward,Brentford,94,Burkina Faso,2026-27,14.0,2.0,0.384,0.0,1.0,2.0,9.0,3.0,,1.0,2.0,11.0,2.0,32.0,1.0,7.0,,2.0,141.0,3.0,12.0,,1.0,8.0,21.0,6.0,,1.7775,4.0,,5.0,1.0,,11.0,4.0,2.0,0.0,26.0,,16.0,14.0,3.0,1.0,14.0,2.0,6.0,,19.0,4.0,0.0,32.0,,27.0,1.0,4.0,8.0,4.0,3.0,,4.0,70.0,,1.0,9.0,0.0693,0.0,2.0,,1.0,,,2.0,2.0,,,1.0,,,,,,,,5.0,2.0,,2.0,1.0,1.0,,,,,,,,,,,,,,,,,,,1.0,,1.0,1.0,,,,,,,,,,,,,,
613804,El Hadji Malick Diouf,Defender,Brentford,94,Senegal,2026-27,,,,0.0,,,,,,,,,,,,,,,,,,,,,,,,,,,,,,,,,,,,,,,,,,,,,,0.0,,,,,,,,,,,,,,,,0.0,,,,,,,,,,,,,,,,,,,,,,,,,,,,,,,,,,,,,,,,,,,,,,,,,,,,,,,,,,,
244858,Fábio Carvalho,Midfielder,Brentford,94,Portugal,2026-27,,,,0.0,,,,,,,,,,,,,,,,,,,,,,,,,,,,,,,,,,,,,,,,,,,,,,0.0,,,,,,,,,,,,,,,,0.0,,,,,,,,,,,,,,,,,,,,,,,,,,,,,,,,,,,,,,,,,,,,,,,,,,,,,,,,,,,
507433,Hákon Valdimarsson,Midfielder,Brentford,94,Iceland,2026-27,,,,0.0,,,,,,,,,,,,,,,,,,,,,,,,,,,,,,,,,,,,,,,,,,,,,,0.0,,,,,,,,,,,,,,,,0.0,,,,,,,,,,,,,,,,,,,,,,,,,,,,,,,,,,,,,,,,,,,,,,,,,,,,,,,,,,,
502500,Igor Thiago,Forward,Brentford,94,Brazil,2026-27,25.0,,0.111,0.0,1.0,2.0,14.0,3.0,,5.0,3.0,16.0,2.0,63.0,,28.0,,,263.0,16.0,17.0,,5.0,5.0,44.0,13.0,,2.6708,,,2.0,2.0,1.0,9.0,20.0,,0.0,42.0,3.0,14.0,9.0,3.0,1.0,31.0,2.0,6.0,1.0,14.0,12.0,0.0,59.0,2.0,29.0,1.0,3.0,16.0,1.0,1.0,3.0,13.0,104.0,1.0,1.0,16.0,2.3036,0.0,2.0,3.0,,3.0,0.6303,8.0,,,,,,3.0,3.0,,,,,2.0,5.0,,1.0,,,,,,,,,,,,,,,,1.0,2.0,,,,,,,2.0,,1.0,,1.0,,1.0,,,,,,,,
444180,Jaidon Anthony,Forward,Brentford,94,England,2026-27,9.0,2.0,0.4214,0.0,2.0,2.0,10.0,3.0,,1.0,1.0,12.0,5.0,38.0,1.0,2.0,,2.0,129.0,,6.0,,9.0,4.0,26.0,6.0,,0.8933,5.0,,,1.0,1.0,9.0,4.0,,0.0,15.0,6.0,17.0,11.0,3.0,1.0,23.0,5.0,5.0,1.0,13.0,2.0,0.0,38.0,1.0,27.0,1.0,2.0,10.0,4.0,,,7.0,74.0,2.0,1.0,5.0,0.1889,1.0,2.0,5.0,2.0,,,2.0,,,,1.0,,,,,,,,5.0,2.0,,1.0,1.0,1.0,,,,,,,,,,,,,,,,,,,,,1.0,1.0,,,,1.0,,,,,,,,,,
513086,Jannik Schuster,Defender,Brentford,94,Austria,2026-27,6.0,,0.0075,0.0,,,3.0,1.0,,,,5.0,,27.0,,8.0,,,73.0,4.0,4.0,,,,18.0,1.0,,0.8933,,,9.0,1.0,,2.0,5.0,,0.0,10.0,,9.0,,1.0,,6.0,,,,2.0,4.0,0.0,26.0,,5.0,,,11.0,1.0,,4.0,2.0,42.0,,2.0,16.0,0.1011,0.0,2.0,2.0,1.0,,,1.0,,,,,,,,,,,,,1.0,,,,,,,1.0,1.0,,,,,,,,,,,1.0,,,,,,,1.0,1.0,,,1.0,,,,,,,,,,
249231,Keane Lewis-Potter,Forward,Brentford,94,England,2026-27,23.0,5.0,0.6459,0.0,3.0,4.0,7.0,3.0,1.0,,3.0,16.0,11.0,111.0,,12.0,1.0,6.0,268.0,10.0,8.0,,2.0,6.0,92.0,9.0,2.0,2.6708,5.0,1.0,8.0,2.0,1.0,13.0,39.0,,1.0,31.0,,43.0,12.0,3.0,2.0,59.0,12.0,7.0,1.0,19.0,2.0,0.0,110.0,5.0,41.0,2.0,2.0,6.0,6.0,2.0,3.0,23.0,182.0,13.0,4.0,42.0,1.0219,0.0,9.0,1.0,,1.0,0.8204,3.0,,1.0,0.0,2.0,2.0,,,1.0,1.0,1.0,,5.0,2.0,1.0,1.0,2.0,2.0,,,,,,,,,,,,,,,1.0,,,,,,1.0,2.0,,,,1.0,,,1.0,,,,,,,
513418,Kevin Schade,Midfielder,Brentford,94,Germany,2026-27,21.0,,0.1993,0.0,2.0,5.0,23.0,3.0,,1.0,3.0,26.0,,64.0,,13.0,1.0,,268.0,5.0,22.0,,3.0,14.0,36.0,19.0,3.0,2.6708,3.0,,3.0,2.0,2.0,16.0,21.0,6.0,0.0,43.0,1.0,25.0,14.0,3.0,1.0,27.0,,13.0,2.0,30.0,8.0,0.0,64.0,2.0,55.0,4.0,3.0,2.0,1.0,1.0,2.0,16.0,130.0,1.0,1.0,11.0,0.7724,0.0,3.0,3.0,,3.0,0.9496,6.0,,1.0,1.0,,,2.0,2.0,,0.0,1.0,,7.0,3.0,,1.0,,1.0,,,,,,,,,,,,,,,1.0,,,,,,1.0,2.0,,,,1.0,,,,1.0,,,,,,
191866,Kristoffer Ajer,Defender,Brentford,94,Norway,2026-27,13.0,,0.0287,0.0,,2.0,16.0,3.0,,,3.0,24.0,,123.0,,23.0,1.0,,270.0,7.0,20.0,,3.0,4.0,95.0,3.0,,2.6708,2.0,2.0,25.0,2.0,,6.0,22.0,3.0,0.0,33.0,,55.0,7.0,3.0,1.0,33.0,,1.0,,10.0,16.0,0.0,114.0,1.0,25.0,1.0,,41.0,3.0,3.0,4.0,5.0,161.0,,6.0,66.0,0.1071,1.0,8.0,9.0,,1.0,0.122,1.0,,,,,,1.0,1.0,,,,,1.0,,,,,2.0,,,4.0,3.0,,,,,,,1.0,,,,2.0,,,,,,,2.0,,,,1.0,,,,,,,,,,
513545,Mamadou Sangaré,Midfielder,Brentford,94,Mali,2026-27,16.0,,0.3707,0.0,2.0,7.0,17.0,3.0,1.0,1.0,3.0,24.0,2.0,110.0,,4.0,,,211.0,3.0,15.0,,1.0,14.0,84.0,6.0,,1.7775,3.0,,3.0,1.0,1.0,13.0,25.0,4.0,0.0,31.0,,40.0,15.0,3.0,3.0,48.0,2.0,5.0,1.0,27.0,1.0,0.0,109.0,,33.0,4.0,3.0,33.0,6.0,6.0,2.0,12.0,159.0,,1.0,38.0,0.4128,1.0,7.0,5.0,,1.0,0.18,4.0,,,,1.0,,1.0,1.0,,,,,2.0,3.0,,2.0,1.0,3.0,,,,,,,,,,,,,,,1.0,,,,,,,1.0,,,,,,,,,,,,,,
207283,Mathias Jensen,Midfielder,Brentford,94,Denmark,2026-27,6.0,1.0,0.3382,0.0,1.0,2.0,1.0,1.0,,1.0,1.0,1.0,2.0,27.0,,1.0,,3.0,67.0,1.0,2.0,,1.0,2.0,24.0,2.0,,0.6078,3.0,,,,,5.0,5.0,,0.0,8.0,1.0,4.0,3.0,1.0,1.0,17.0,2.0,1.0,,7.0,,0.0,25.0,1.0,5.0,1.0,,8.0,3.0,,2.0,10.0,41.0,,,12.0,0.082,0.0,,,,1.0,0.0637,1.0,,,,1.0,1.0,,,1.0,,,,,,,1.0,1.0,2.0,1.0,1.0,,,,,,,,,,,,,,0.036,1.0,1.0,,,,,,,,,,,,,,,,,,
607464,Michael Kayode,Defender,Brentford,94,Italy,2026-27,14.0,1.0,0.2087,0.0,3.0,1.0,5.0,3.0,,1.0,3.0,5.0,4.0,40.0,,7.0,,1.0,209.0,2.0,13.0,,6.0,8.0,34.0,7.0,10.0,1.7775,1.0,,6.0,1.0,1.0,12.0,3.0,4.0,0.0,27.0,4.0,12.0,11.0,3.0,1.0,15.0,4.0,3.0,1.0,20.0,5.0,0.0,40.0,3.0,26.0,1.0,3.0,17.0,4.0,4.0,1.0,8.0,111.0,13.0,,21.0,0.5591,0.0,,1.0,,1.0,0.9699,3.0,,1.0,0.0,2.0,,,,,1.0,1.0,,2.0,2.0,,3.0,2.0,1.0,,,,,,,,,,,,,,,2.0,,,,,,1.0,1.0,,,,,,,,,,,,,,
440089,Mikkel Damsgaard,Midfielder,Brentford,94,Denmark,2026-27,8.0,2.0,0.4471,0.0,,3.0,10.0,3.0,,6.0,2.0,13.0,6.0,91.0,,1.0,,3.0,169.0,1.0,8.0,,4.0,8.0,73.0,7.0,,1.0679,6.0,,2.0,1.0,,7.0,24.0,3.0,0.0,16.0,2.0,32.0,11.0,3.0,2.0,54.0,11.0,3.0,,15.0,,0.0,87.0,,33.0,1.0,2.0,16.0,,1.0,5.0,19.0,131.0,,,27.0,0.0283,0.0,3.0,5.0,1.0,1.0,0.0562,2.0,,,,,7.0,1.0,1.0,1.0,,,,1.0,1.0,3.0,2.0,,,,,,,,,,,,,,,,,,,,,,,1.0,1.0,,,,1.0,,,,,,,,,,
432830,Nathan Collins,Defender,Brentford,94,Ireland,2026-27,9.0,,0.0427,0.0,3.0,2.0,9.0,3.0,,,3.0,21.0,,119.0,1.0,11.0,1.0,,197.0,5.0,11.0,,3.0,5.0,91.0,10.0,,1.7775,2.0,5.0,13.0,1.0,3.0,4.0,47.0,3.0,0.0,20.0,1.0,38.0,11.0,3.0,,29.0,,,3.0,9.0,6.0,0.0,109.0,,23.0,2.0,,22.0,2.0,2.0,7.0,12.0,152.0,,8.0,69.0,0.5032,1.0,12.0,7.0,,1.0,0.0527,2.0,,,,,,1.0,1.0,,,,,,1.0,,1.0,,,,,8.0,7.0,,,,,,,1.0,,,,,,,,,,,1.0,,,,,,,,,,,,,,
194010,Rico Henry,Defender,Brentford,94,Jamaica,2026-27,,,,0.0,,,1.0,1.0,,,,1.0,,1.0,,,,,2.0,,,,,,,,,,,,,,,,,,0.0,,,1.0,1.0,1.0,,,,,,,,0.0,1.0,,2.0,,,,,,,,2.0,,1.0,,,0.0,1.0,,1.0,,,,,,,,,,,,,,,,,,,,,,,,,,,,,,,,,,,,,,,,,,,,,,,,,,,,,,,,
204580,Vitaly Janelt,Midfielder,Brentford,94,Germany,2026-27,16.0,,0.3214,0.0,1.0,11.0,19.0,3.0,,5.0,3.0,21.0,1.0,135.0,,3.0,1.0,6.0,270.0,1.0,14.0,,3.0,12.0,109.0,6.0,,2.6708,4.0,1.0,2.0,2.0,1.0,15.0,39.0,1.0,0.0,30.0,3.0,57.0,10.0,3.0,4.0,66.0,3.0,3.0,1.0,27.0,2.0,0.0,130.0,,27.0,7.0,,22.0,8.0,10.0,5.0,17.0,188.0,1.0,2.0,54.0,0.5004,3.0,2.0,6.0,,2.0,1.1637,2.0,,2.0,0.0,,7.0,,,6.0,2.0,1.0,1.0,,,1.0,,,4.0,,,,,,,,,,,,,,,2.0,,,,,,,2.0,,,,1.0,,,,,,,,,,
508395,Yehor Yarmoliuk,Midfielder,Brentford,94,Ukraine,2026-27,5.0,,0.034,0.0,1.0,3.0,8.0,3.0,,2.0,,9.0,2.0,50.0,,1.0,,,89.0,,5.0,,4.0,4.0,41.0,3.0,,1.8884,1.0,1.0,1.0,2.0,,5.0,12.0,1.0,0.0,10.0,2.0,17.0,6.0,3.0,,28.0,2.0,2.0,,9.0,1.0,0.0,50.0,1.0,16.0,3.0,,12.0,3.0,1.0,1.0,9.0,72.0,1.0,1.0,13.0,0.0655,1.0,1.0,5.0,3.0,,,1.0,,,,1.0,,,,,,,,,1.0,,,1.0,1.0,,,,,,,,,,,,,,,,,,,,,,2.0,,,1.0,1.0,,,,,,,,,,
489639,Bart Verbruggen,Goalkeeper,Brighton,36,Netherlands,2026-27,,,0.2052,0.0,,,,3.0,,,3.0,19.0,,126.0,,,1.0,,270.0,,1.0,1.0,,1.0,90.0,,,4.5022,,4.0,,5.0,,,20.0,1.0,0.0,1.0,,65.0,23.0,3.0,,8.0,,,,1.0,,0.0,112.0,,21.0,,,41.0,,,17.0,,139.0,,13.0,99.0,,0.0,19.0,3.0,,,,,1.0,,,,,,,,,,,,,,,,,,,12.0,14.0,,,4.0,1.0,,,3.0,1.0,4.0,,,,,,,,,4.0,,,,,,,,,,,,,,
647850,Charalampos Kostoulas,Forward,Brighton,36,Greece,2026-27,19.0,,0.0461,0.0,2.0,2.0,11.0,3.0,,5.0,2.0,11.0,2.0,51.0,2.0,14.0,,,196.0,6.0,16.0,1.0,2.0,8.0,38.0,6.0,,4.5022,1.0,,3.0,5.0,1.0,13.0,13.0,2.0,0.0,35.0,,10.0,11.0,3.0,1.0,28.0,2.0,10.0,1.0,21.0,8.0,0.0,49.0,1.0,27.0,1.0,4.0,11.0,2.0,1.0,2.0,17.0,91.0,,,12.0,0.779,0.0,,3.0,1.0,2.0,0.5015,4.0,,,,1.0,,2.0,2.0,,,,,4.0,2.0,,1.0,1.0,1.0,,,,,,,,,,,,,,,,,,,,,,4.0,,,,,,,,,,,,,,
592984,Chema Andrés,Midfielder,Brighton,36,Spain,2026-27,,,,0.0,,,,,,,,,,,,,,,,,,,,,,,,,,,,,,,,,,,,,,,,,,,,,,0.0,,,,,,,,,,,,,,,,0.0,,,,,,,,,,,,,,,,,,,,,,,,,,,,,,,,,,,,,,,,,,,,,,,,,,,,,,,,,,,
451490,Costinha,Defender,Brighton,36,Portugal,2026-27,7.0,1.0,0.1618,0.0,,1.0,2.0,3.0,,,,2.0,,32.0,,2.0,,1.0,48.0,2.0,4.0,,1.0,4.0,29.0,1.0,,,1.0,,3.0,,,5.0,4.0,2.0,0.0,11.0,1.0,9.0,,3.0,,20.0,,3.0,,9.0,,0.0,31.0,,7.0,1.0,1.0,10.0,2.0,1.0,1.0,9.0,54.0,4.0,,11.0,0.1245,1.0,,,3.0,1.0,0.0273,2.0,,,,,,1.0,1.0,,,,,1.0,1.0,,,,,,,,,,,,,,,,,,,,,,,,,,,,1.0,,,,,,,,,,,,
514254,Diego Gómez,Midfielder,Brighton,36,Paraguay,2026-27,25.0,2.0,0.7015,0.0,2.0,8.0,22.0,3.0,1.0,4.0,3.0,22.0,6.0,93.0,2.0,19.0,,2.0,266.0,9.0,19.0,1.0,8.0,9.0,67.0,18.0,,4.5022,4.0,,2.0,5.0,,16.0,14.0,,0.0,44.0,3.0,27.0,7.0,3.0,3.0,53.0,6.0,11.0,,25.0,10.0,0.0,93.0,5.0,46.0,5.0,1.0,27.0,4.0,3.0,4.0,25.0,158.0,3.0,,20.0,0.6512,0.0,1.0,2.0,,4.0,1.1897,10.0,,,,2.0,,4.0,4.0,,,,,4.0,6.0,,1.0,2.0,2.0,,,,,,,,,,,,,,1.0,,,,,,,1.0,4.0,,,,,,,,,,,,,,
231416,Ferdi Kadioglu,Defender,Brighton,36,Turkey,2026-27,5.0,,0.0235,0.0,1.0,1.0,7.0,2.0,,3.0,2.0,9.0,3.0,89.0,,2.0,,,168.0,2.0,3.0,1.0,1.0,3.0,75.0,3.0,1.0,4.5022,2.0,2.0,3.0,5.0,,3.0,28.0,2.0,0.0,8.0,,28.0,4.0,2.0,,39.0,3.0,1.0,,6.0,,0.0,88.0,1.0,14.0,1.0,,23.0,1.0,1.0,5.0,10.0,115.0,9.0,2.0,41.0,0.0799,0.0,2.0,4.0,,1.0,0.0664,2.0,,,,1.0,,1.0,1.0,,,,,1.0,1.0,,1.0,1.0,1.0,,,,,,,,,,,,,,,,,,,,,,4.0,,,,,,,,,,,,,,
463067,Georginio Rutter,Forward,Brighton,36,France,2026-27,5.0,,0.4434,0.0,,2.0,5.0,1.0,1.0,,1.0,5.0,,12.0,2.0,,1.0,,90.0,,4.0,,2.0,4.0,7.0,6.0,,,,,1.0,,,5.0,4.0,1.0,0.0,9.0,2.0,3.0,4.0,1.0,,6.0,,5.0,,9.0,,0.0,12.0,1.0,13.0,2.0,1.0,4.0,,,,1.0,30.0,,,1.0,0.0786,0.0,,2.0,,,,2.0,,,,,,,,,,,,,2.0,,,,,,,,,,,,,,,,,,,,,,,,,1.0,,,,,,,,,,,,,,,
612855,Ibrahim Osman,Forward,Brighton,36,Ghana,2026-27,3.0,1.0,0.0573,0.0,,1.0,4.0,2.0,,,,4.0,2.0,19.0,,,,1.0,28.0,,4.0,1.0,2.0,4.0,15.0,3.0,,0.291,1.0,,,1.0,,3.0,8.0,2.0,0.0,7.0,,1.0,2.0,2.0,,13.0,2.0,3.0,,7.0,,0.0,19.0,1.0,12.0,1.0,1.0,2.0,,,,8.0,33.0,,,3.0,,0.0,,,2.0,,,,,,,,,,,,,,,3.0,,,,,,,,,,,,,,,,,,,,,,,,,,,,,,,,,,,,,,,,,
532529,Jack Hinshelwood,Midfielder,Brighton,36,England,2026-27,,,0.0156,0.0,1.0,2.0,1.0,1.0,,2.0,1.0,1.0,,14.0,,1.0,,,64.0,,6.0,,1.0,5.0,12.0,5.0,,,1.0,,,,1.0,,5.0,2.0,0.0,6.0,1.0,2.0,1.0,1.0,,8.0,,,1.0,5.0,1.0,0.0,13.0,,1.0,2.0,1.0,3.0,,,1.0,4.0,25.0,,,5.0,1.4118,0.0,,,,2.0,1.5658,2.0,,2.0,0.0,,,,,,2.0,1.0,,,,,1.0,,,,,,,,,,,,,,,,,,,,,,,,,,,,,,,,,1.0,,,,,
512123,Jaouen Hadjam,Defender,Brighton,36,Algeria,2026-27,,,,0.0,,,,,,,,,,,,,,,,,,,,,,,,,,,,,,,,,,,,,,,,,,,,,,0.0,,,,,,,,,,,,,,,,0.0,,,,,,,,,,,,,,,,,,,,,,,,,,,,,,,,,,,,,,,,,,,,,,,,,,,,,,,,,,,
49262,Jason Steele,Goalkeeper,Brighton,36,England,2026-27,,,,0.0,,,,,,,,,,,,,,,,,,,,,,,,,,,,,,,,,,,,,,,,,,,,,,0.0,,,,,,,,,,,,,,,,0.0,,,,,,,,,,,,,,,,,,,,,,,,,,,,,,,,,,,,,,,,,,,,,,,,,,,,,,,,,,,
83299,Lewis Dunk,Defender,Brighton,36,England,2026-27,9.0,,0.0555,0.0,,2.0,15.0,3.0,,,3.0,25.0,2.0,296.0,,12.0,1.0,,270.0,3.0,14.0,1.0,3.0,5.0,263.0,2.0,,4.5022,,1.0,12.0,5.0,,6.0,120.0,2.0,0.0,23.0,3.0,96.0,11.0,3.0,,112.0,2.0,,,11.0,9.0,0.0,282.0,1.0,29.0,2.0,1.0,69.0,4.0,1.0,8.0,11.0,329.0,2.0,2.0,159.0,,1.0,10.0,7.0,,,,,,,,,,,,,,,,,,,,,1.0,,,10.0,10.0,,,,,,,,,,,2.0,,,,,,,4.0,1.0,,,,,,,,,,,,,
610799,Luka Vuskovic,Defender,Brighton,36,Croatia,2026-27,13.0,,0.0603,0.0,1.0,3.0,9.0,3.0,,,3.0,19.0,2.0,261.0,,17.0,1.0,,270.0,7.0,16.0,1.0,3.0,6.0,227.0,7.0,,4.5022,,1.0,16.0,5.0,1.0,6.0,68.0,2.0,0.0,29.0,1.0,60.0,9.0,3.0,1.0,107.0,2.0,1.0,1.0,12.0,10.0,0.0,254.0,,27.0,2.0,1.0,120.0,3.0,1.0,15.0,13.0,307.0,1.0,3.0,135.0,0.3475,0.0,10.0,8.0,,1.0,0.2048,5.0,2.0,1.0,0.0,,,,,,1.0,,,,4.0,,,,1.0,,,,,,,,,,,,,,,2.0,,,,,,,4.0,,,,,,,,,1.0,,,,,
611695,Malick Yalcouyé,Midfielder,Brighton,36,Cote d’Ivoire,2026-27,3.0,,0.2537,0.0,,3.0,10.0,3.0,,6.0,2.0,10.0,4.0,79.0,,2.0,,,168.0,,13.0,,3.0,11.0,69.0,15.0,,4.2112,3.0,,4.0,4.0,,3.0,24.0,3.0,0.0,16.0,2.0,15.0,5.0,3.0,2.0,41.0,4.0,2.0,,14.0,2.0,0.0,76.0,3.0,23.0,1.0,5.0,17.0,,,,23.0,116.0,,,28.0,0.7478,0.0,,2.0,1.0,2.0,1.7556,3.0,1.0,1.0,1.0,,,1.0,1.0,,0.0,1.0,,2.0,1.0,,1.0,,,,,,,,,,,,,,,,,,,,,,,,4.0,,,,,,,,,,,,,,
467779,Mats Wieffer,Midfielder,Brighton,36,Netherlands,2026-27,10.0,1.0,0.1336,0.0,,4.0,10.0,2.0,,2.0,2.0,10.0,4.0,109.0,,8.0,,1.0,158.0,4.0,13.0,1.0,3.0,9.0,98.0,3.0,,2.6004,2.0,,2.0,4.0,,6.0,18.0,4.0,0.0,23.0,2.0,21.0,9.0,2.0,3.0,57.0,4.0,3.0,,15.0,4.0,0.0,107.0,,19.0,1.0,1.0,45.0,1.0,6.0,1.0,25.0,157.0,11.0,,43.0,0.1156,0.0,,2.0,,,,2.0,,,,,,,,,,,,,2.0,,2.0,,1.0,,,1.0,1.0,,,,,,,,,,,3.0,,,,,,,3.0,1.0,,,,,,,,,,,,,
219249,Matt O'Riley,Midfielder,Brighton,36,Denmark,2026-27,,,,0.0,,,,,,,,,,,,,,,,,,,,,,,,,,,,,,,,,,,,,,,,,,,,,,0.0,,,,,,,,,,,,,,,,0.0,,,,,,,,,,,,,,,,,,,,,,,,,,,,,,,,,,,,,,,,,,,,,,,,,,,,,,,,,,,
465730,Maxim De Cuyper,Defender,Brighton,36,Belgium,2026-27,10.0,2.0,0.4011,0.0,2.0,4.0,12.0,3.0,1.0,2.0,3.0,14.0,11.0,119.0,3.0,1.0,,6.0,245.0,1.0,5.0,1.0,8.0,5.0,95.0,5.0,1.0,4.5022,4.0,1.0,2.0,5.0,2.0,9.0,49.0,1.0,0.0,15.0,2.0,21.0,10.0,3.0,2.0,79.0,15.0,2.0,2.0,14.0,,0.0,117.0,4.0,36.0,2.0,,11.0,5.0,2.0,10.0,38.0,178.0,8.0,2.0,32.0,1.4985,1.0,2.0,2.0,,1.0,0.9915,3.0,,1.0,0.0,,9.0,,,4.0,1.0,,1.0,1.0,2.0,4.0,2.0,,2.0,,,,,,,,,,,,,,,,,,,1.0,,,4.0,,1.0,,,,,,,,,,,,
454490,Michael Svoboda,Defender,Brighton,36,Austria,2026-27,,,,0.0,,,,,,,,,,,,,,,,,,,,,,,,,,,,,,,,,,,,,,,,,,,,,,0.0,,,,,,,,,,,,,,,,0.0,,,,,,,,,,,,,,,,,,,,,,,,,,,,,,,,,,,,,,,,,,,,,,,,,,,,,,,,,,,
556637,Nehemiah Oriola,Midfielder,Brighton,36,England,2026-27,,,,0.0,,,,,,,,,,,,,,,,,,,,,,,,,,,,,,,,,,,,,,,,,,,,,,0.0,,,,,,,,,,,,,,,,0.0,,,,,,,,,,,,,,,,,,,,,,,,,,,,,,,,,,,,,,,,,,,,,,,,,,,,,,,,,,,
204120,Olivier Boscagli,Defender,Brighton,36,France,2026-27,14.0,2.0,0.4726,0.0,,1.0,17.0,3.0,,3.0,3.0,29.0,9.0,212.0,,11.0,1.0,4.0,269.0,6.0,11.0,1.0,6.0,6.0,164.0,5.0,,4.5022,6.0,4.0,8.0,5.0,,8.0,83.0,5.0,0.0,25.0,2.0,63.0,10.0,3.0,,111.0,9.0,,,14.0,5.0,0.0,207.0,,40.0,1.0,,33.0,5.0,3.0,19.0,33.0,266.0,12.0,2.0,76.0,0.0498,1.0,12.0,3.0,,1.0,0.4201,1.0,1.0,,,,,,,,,,,,,,1.0,,3.0,1.0,1.0,1.0,1.0,,,,,,,,,,,1.0,,,,,,,4.0,,,,,,,,,,,,,,
60307,Pascal Groß,Midfielder,Brighton,36,Germany,2026-27,11.0,2.0,0.415,0.0,1.0,4.0,13.0,3.0,,8.0,3.0,22.0,11.0,194.0,,3.0,1.0,3.0,270.0,1.0,6.0,1.0,9.0,4.0,165.0,12.0,,4.5022,7.0,1.0,1.0,5.0,1.0,10.0,21.0,,0.0,17.0,2.0,56.0,7.0,3.0,2.0,106.0,22.0,2.0,1.0,14.0,2.0,0.0,185.0,2.0,52.0,2.0,,81.0,5.0,2.0,7.0,36.0,253.0,5.0,4.0,69.0,0.8465,2.0,9.0,4.0,,1.0,0.0581,5.0,,1.0,1.0,,10.0,,,1.0,0.0,,,,4.0,9.0,,,1.0,,,,,,,,,,,,,,,1.0,,,,,,,4.0,,,1.0,,,,,,1.0,,,,,
222694,Pascal Struijk,Defender,Brighton,36,Netherlands,2026-27,,,0.0001,0.0,,,,1.0,,,,,,2.0,,,,,1.0,,,,,,2.0,,,,,,,,,,1.0,,0.0,,,1.0,,1.0,,1.0,,,,,,0.0,2.0,,,,,,,,,,2.0,,,1.0,,0.0,,,1.0,,,,,,,,,,,,,,,,,,,,,,,,,,,,,,,,,,,,,,,,,,,,,,,,,,,,,,,,
538007,Promise David,Forward,Brighton,36,Canada,2026-27,4.0,,0.0025,0.0,,,,2.0,,3.0,,,,5.0,1.0,1.0,,,23.0,1.0,,,,,5.0,1.0,,,,,,,,3.0,2.0,,0.0,4.0,,,,2.0,,3.0,,1.0,,3.0,,0.0,5.0,,4.0,,,1.0,2.0,,,2.0,10.0,,,2.0,0.4192,1.0,,,2.0,,,1.0,,,,,,,,,,,,1.0,1.0,,,,1.0,,,,,,,,,,,,,,,,,,,,,,,,,,,,,,,,,,,,
509416,Yasin Ayari,Midfielder,Brighton,36,Sweden,2026-27,8.0,,0.0662,0.0,1.0,,7.0,2.0,,3.0,2.0,9.0,,98.0,,3.0,,,154.0,3.0,5.0,,5.0,5.0,84.0,2.0,,1.9018,2.0,,2.0,1.0,,5.0,37.0,2.0,0.0,13.0,3.0,14.0,5.0,2.0,,46.0,,2.0,,10.0,,0.0,95.0,,13.0,,3.0,29.0,2.0,1.0,5.0,18.0,122.0,,,43.0,0.2765,1.0,2.0,3.0,,1.0,0.0962,3.0,,,,1.0,,1.0,1.0,,,,,1.0,2.0,,1.0,1.0,2.0,,,,,,,,,,,,,,,,,,,,,,1.0,,,,,,,,,,,,,,
700308,Zadok Yohanna,Forward,Brighton,36,Nigeria,2026-27,3.0,,0.0257,0.0,,,,1.0,,,,,,5.0,,,,,12.0,,1.0,,,1.0,5.0,,,,,,,,,3.0,1.0,,0.0,4.0,,1.0,,1.0,,5.0,,2.0,,4.0,,0.0,5.0,,4.0,,1.0,1.0,1.0,,,3.0,11.0,,,,,0.0,,,1.0,,,,,,,,,,,,,,,1.0,,,,,1.0,,,,,,,,,,,,,,,,,,,,,,,,,,,,,,,,,,,,
244851,Cole Palmer,Midfielder,Chelsea,8,England,2026-27,14.0,1.0,0.3607,0.0,3.0,4.0,12.0,3.0,1.0,1.0,3.0,20.0,1.0,104.0,1.0,2.0,,2.0,263.0,1.0,14.0,1.0,4.0,13.0,80.0,17.0,,5.6712,5.0,,1.0,7.0,3.0,13.0,13.0,4.0,2.0,28.0,3.0,37.0,14.0,3.0,3.0,61.0,1.0,9.0,3.0,26.0,1.0,0.0,92.0,1.0,34.0,1.0,5.0,26.0,3.0,1.0,4.0,28.0,153.0,,,25.0,1.055,1.0,8.0,4.0,,5.0,0.6412,9.0,1.0,2.0,1.0,,1.0,2.0,2.0,,1.0,,2.0,3.0,4.0,,1.0,,1.0,1.0,1.0,,,,,,,,,,,,,,,,,,,,6.0,,,,,,,,,,,,,,
50175,Danny Welbeck,Forward,Chelsea,8,England,2026-27,,,0.0009,0.0,,,,1.0,,,,,,1.0,,,,,3.0,,,,,,1.0,1.0,,,,,,,,,1.0,,0.0,,,,,1.0,,1.0,,,,,,0.0,1.0,,1.0,,,,,,,,2.0,,,,,0.0,,,1.0,,,,,,,,,,,,,,,,,,,,,,,,,,,,,,,,,,,,,,,,,,,,,,,,,,,,,,,,
98980,Emiliano Martínez,Goalkeeper,Chelsea,8,Argentina,2026-27,,,0.0171,0.0,,,,2.0,,,2.0,40.0,,75.0,,1.0,,,180.0,,3.0,1.0,,2.0,12.0,,,4.6021,2.0,6.0,1.0,5.0,,,5.0,2.0,0.0,3.0,,65.0,21.0,2.0,,22.0,,,,2.0,1.0,0.0,33.0,,41.0,,,5.0,,,23.0,,98.0,,13.0,13.0,,0.0,40.0,5.0,,,,,,,,,,,,,,,,,,,,,,,,24.0,13.0,,1.0,12.0,1.0,,1.0,17.0,4.0,10.0,,,,,,,,,4.0,,,,,,,,,,1.0,,,,
624773,Estêvão,Forward,Chelsea,8,Brazil,2026-27,2.0,,0.0042,0.0,,,2.0,2.0,,,,2.0,,9.0,,1.0,,,16.0,1.0,,,,,6.0,1.0,,0.1022,,,,,,1.0,2.0,,0.0,2.0,,3.0,1.0,2.0,,6.0,,,,1.0,,0.0,8.0,1.0,3.0,,,2.0,,,1.0,2.0,11.0,,,1.0,0.0411,0.0,,,2.0,1.0,0.0218,1.0,,,,,1.0,1.0,1.0,,,,,,,,,,,,,,,,,,,,,,,,,,,,,,,,,,,,,,,,,,,,,,
593117,Geovany Quenda,Midfielder,Chelsea,8,Portugal,2026-27,,,0.0002,0.0,,,2.0,1.0,,,,2.0,,4.0,1.0,,,,8.0,,,,,,2.0,1.0,,0.1022,,,1.0,,,,1.0,,0.0,,,1.0,,1.0,,1.0,,,,,,0.0,4.0,,2.0,,,1.0,,,,1.0,6.0,,,1.0,,0.0,,,1.0,,,,,,,,,,,,,,,,,,,,,,,,,,,,,,,,,,,,,,,,,,,,,,,,,,,,,,,,
463936,Jamie Gittens,Forward,Chelsea,8,England,2026-27,,,,0.0,,,,,,,,,,,,,,,,,,,,,,,,,,,,,,,,,,,,,,,,,,,,,,0.0,,,,,,,,,,,,,,,,0.0,,,,,,,,,,,,,,,,,,,,,,,,,,,,,,,,,,,,,,,,,,,,,,,,,,,,,,,,,,,
551210,Jorrel Hato,Defender,Chelsea,8,Netherlands,2026-27,7.0,,0.1131,0.0,1.0,6.0,6.0,3.0,2.0,,3.0,11.0,,50.0,,6.0,,,215.0,3.0,12.0,1.0,4.0,9.0,38.0,5.0,4.0,5.5885,2.0,1.0,6.0,7.0,1.0,4.0,14.0,2.0,0.0,19.0,2.0,14.0,7.0,3.0,5.0,20.0,,1.0,1.0,13.0,3.0,0.0,50.0,,22.0,1.0,1.0,2.0,1.0,1.0,1.0,20.0,99.0,8.0,5.0,19.0,0.014,0.0,5.0,6.0,,,,,,,,,,,,,,,,,,,2.0,,1.0,,,,,,,,,,,,,,,2.0,,,,,,,6.0,,,,,,,,,,,,,,
577016,Josh Acheampong,Defender,Chelsea,8,England,2026-27,9.0,,0.0223,0.0,,6.0,8.0,3.0,,,2.0,14.0,1.0,66.0,1.0,3.0,,,202.0,2.0,8.0,1.0,3.0,7.0,51.0,3.0,2.0,3.6446,,,10.0,5.0,,7.0,7.0,1.0,0.0,17.0,,22.0,7.0,3.0,2.0,32.0,1.0,3.0,,14.0,1.0,0.0,66.0,1.0,20.0,4.0,,22.0,1.0,1.0,1.0,15.0,98.0,3.0,2.0,20.0,,0.0,6.0,3.0,1.0,,,,,,,,,,,,,,,2.0,,,,,1.0,,,,,,,,,,,,,,,2.0,,,,,,,4.0,,,,,,,,,,,,,,
475168,João Pedro,Forward,Chelsea,8,Brazil,2026-27,20.0,1.0,0.1374,0.0,3.0,1.0,18.0,3.0,2.0,1.0,3.0,20.0,,62.0,,19.0,,1.0,270.0,9.0,27.0,1.0,9.0,17.0,40.0,21.0,,5.7734,4.0,,1.0,7.0,3.0,11.0,13.0,11.0,0.0,47.0,5.0,23.0,5.0,3.0,,38.0,,5.0,3.0,28.0,10.0,0.0,62.0,2.0,36.0,1.0,5.0,12.0,4.0,,2.0,14.0,116.0,,,5.0,1.8717,1.0,2.0,1.0,,3.0,1.2851,7.0,1.0,2.0,1.0,,,1.0,1.0,,1.0,2.0,,1.0,4.0,,,,,,,,,,,,,,,,,,,,,,,,,,6.0,,,,,,,,,,,1.0,,,
460028,Levi Colwill,Defender,Chelsea,8,England,2026-27,4.0,,0.0302,0.0,1.0,3.0,8.0,2.0,,,2.0,10.0,,51.0,,7.0,,,162.0,3.0,9.0,,1.0,5.0,41.0,2.0,,3.7203,,,8.0,4.0,1.0,1.0,20.0,1.0,0.0,13.0,,18.0,5.0,2.0,,19.0,,,1.0,6.0,4.0,0.0,43.0,,13.0,3.0,1.0,11.0,1.0,2.0,,2.0,77.0,3.0,1.0,22.0,0.0131,1.0,2.0,4.0,,,,,,,,,,,,,,,,,,,1.0,,1.0,,,,,,,,,,,,,,,,,,,,,,4.0,,,,,,,,,,,,,,
482609,Malo Gusto,Defender,Chelsea,8,France,2026-27,6.0,2.0,0.0496,0.0,,4.0,8.0,3.0,,2.0,2.0,12.0,4.0,54.0,,5.0,,2.0,196.0,1.0,9.0,,3.0,5.0,42.0,3.0,4.0,3.7588,,,4.0,5.0,,5.0,7.0,,0.0,15.0,2.0,17.0,9.0,3.0,1.0,26.0,7.0,2.0,,10.0,4.0,0.0,54.0,1.0,30.0,3.0,1.0,17.0,1.0,2.0,,13.0,96.0,7.0,3.0,18.0,0.039,0.0,4.0,4.0,1.0,,,1.0,,,,,3.0,,,,,,,,1.0,3.0,1.0,,1.0,,,,,,,,,,,,,,,,,,,,,1.0,5.0,,,,,,,,,,,,,,
437499,Maxence Lacroix,Defender,Chelsea,8,France,2026-27,14.0,,0.2062,0.0,,8.0,8.0,3.0,1.0,,3.0,12.0,,118.0,,17.0,,,270.0,9.0,17.0,1.0,3.0,9.0,103.0,4.0,,5.7734,,,18.0,7.0,,5.0,37.0,1.0,0.0,31.0,3.0,36.0,5.0,3.0,3.0,45.0,,2.0,,14.0,8.0,0.0,117.0,1.0,18.0,5.0,,39.0,2.0,3.0,3.0,6.0,165.0,1.0,2.0,61.0,0.0209,1.0,4.0,4.0,,,,1.0,,,,,,,,,,,,,1.0,,,,1.0,,,,,,,,,,,,,,,3.0,,,,,2.0,,6.0,,,,,,,,,,,,,,
549939,Mike Penders,Goalkeeper,Chelsea,8,Belgium,2026-27,,,,0.0,,,,,,,,,,,,,,,,,,,,,,,,,,,,,,,,,,,,,,,,,,,,,,0.0,,,,,,,,,,,,,,,,0.0,,,,,,,,,,,,,,,,,,,,,,,,,,,,,,,,,,,,,,,,,,,,,,,,,,,,,,,,,,,
486672,Moisés Caicedo,Midfielder,Chelsea,8,Ecuador,2026-27,,,0.0002,0.0,,,,1.0,,,,,,2.0,,,,,14.0,,,,,,2.0,,,0.4201,,,,,,,1.0,,0.0,,,1.0,,1.0,,1.0,,,,,,0.0,2.0,,,,,,,,,,2.0,,,1.0,,0.0,,,1.0,,,,,,,,,,,,,,,,,,1.0,,,,,,,,,,,,,,,,,,,,,,,,,,,,,,,,,,,,,,
244850,Morgan Rogers,Midfielder,Chelsea,8,England,2026-27,18.0,1.0,1.1433,0.0,4.0,3.0,17.0,3.0,1.0,2.0,3.0,18.0,2.0,68.0,,12.0,,1.0,259.0,8.0,14.0,1.0,5.0,10.0,46.0,15.0,,5.6712,9.0,,1.0,7.0,2.0,10.0,34.0,3.0,0.0,32.0,3.0,19.0,13.0,3.0,1.0,39.0,2.0,5.0,2.0,20.0,4.0,0.0,66.0,2.0,31.0,2.0,4.0,6.0,5.0,,4.0,9.0,113.0,,,12.0,1.1743,1.0,1.0,4.0,,2.0,1.0989,5.0,,2.0,2.0,2.0,1.0,,,,0.0,2.0,,3.0,3.0,,2.0,2.0,1.0,,,,,,,,,,,,,,,,,,,,,,6.0,,,,,,,,,,,,,,
247632,Pedro Neto,Forward,Chelsea,8,Portugal,2026-27,8.0,1.0,0.4287,0.0,,2.0,7.0,3.0,,,2.0,9.0,5.0,39.0,,3.0,,2.0,163.0,1.0,10.0,1.0,2.0,8.0,30.0,11.0,,4.2262,4.0,,2.0,4.0,,7.0,,1.0,0.0,18.0,,14.0,8.0,3.0,,26.0,6.0,2.0,,15.0,2.0,0.0,38.0,1.0,22.0,2.0,5.0,14.0,2.0,3.0,,11.0,76.0,1.0,1.0,6.0,0.4638,0.0,2.0,1.0,1.0,2.0,0.5326,4.0,,1.0,0.0,,2.0,1.0,1.0,1.0,1.0,1.0,,1.0,2.0,1.0,2.0,,1.0,,,,,,,,,,,,,,,,,,,,,,3.0,,1.0,,,,,,,,,,,,
498444,Pep Chavarría,Defender,Chelsea,8,Spain,2026-27,3.0,,0.0214,0.0,,2.0,4.0,3.0,,1.0,,6.0,1.0,22.0,,1.0,,,73.0,1.0,2.0,,,2.0,16.0,3.0,4.0,0.243,,,3.0,1.0,,2.0,9.0,,0.0,5.0,,8.0,3.0,3.0,1.0,7.0,1.0,1.0,,4.0,,0.0,22.0,,13.0,1.0,,1.0,1.0,1.0,,4.0,40.0,2.0,2.0,9.0,,0.0,2.0,2.0,3.0,,,,,,,,,,,,,,,,,,,,,,,,,,,,,,,,,,,,,,,,,,1.0,,,,,,,,,,,,,,
225796,Reece James,Defender,Chelsea,8,England,2026-27,7.0,1.0,0.122,0.0,3.0,,7.0,3.0,,2.0,2.0,11.0,3.0,102.0,,3.0,,1.0,202.0,,4.0,1.0,4.0,1.0,83.0,3.0,,3.6446,2.0,1.0,5.0,5.0,,7.0,29.0,1.0,0.0,11.0,2.0,28.0,11.0,3.0,,59.0,7.0,3.0,,8.0,3.0,0.0,95.0,,23.0,,,31.0,3.0,2.0,8.0,14.0,138.0,1.0,3.0,33.0,0.1776,1.0,4.0,4.0,1.0,2.0,0.0879,2.0,,,,3.0,3.0,1.0,1.0,,,,,1.0,,3.0,,3.0,2.0,1.0,1.0,,,,,,,,,,,,,2.0,0.0388,1.0,1.0,,,,4.0,,,,,,,,,,,,,,
514356,Roméo Lavia,Midfielder,Chelsea,8,Belgium,2026-27,4.0,,0.042,0.0,,5.0,5.0,3.0,,,3.0,5.0,,67.0,,2.0,,,193.0,1.0,11.0,1.0,3.0,10.0,60.0,2.0,,5.1104,2.0,1.0,4.0,6.0,,3.0,28.0,5.0,0.0,15.0,3.0,14.0,10.0,3.0,2.0,27.0,,1.0,,13.0,1.0,0.0,66.0,1.0,7.0,3.0,,19.0,1.0,3.0,2.0,6.0,97.0,,,35.0,0.7492,1.0,,1.0,,2.0,1.3032,2.0,,1.0,0.0,,,1.0,1.0,,1.0,1.0,,1.0,,,3.0,,1.0,,,,,,,,,,,,,,,,,,,,,,5.0,,,,,,,,,,,,,,
543158,Valentín Barco,Midfielder,Chelsea,8,Argentina,2026-27,2.0,,,0.0,,,,1.0,,,,,,,,1.0,,,8.0,1.0,,,,,,1.0,,0.0581,,,,1.0,,1.0,,,0.0,2.0,,,,1.0,,,,,,1.0,,0.0,,,,,,,1.0,1.0,,,2.0,,,,0.0416,0.0,,,1.0,,,1.0,,,,,,,,,,,,,1.0,,,,,,,,,,,,,,,,,,,,,,,,,,1.0,,,,,,,,,,,,,,
444463,Wesley Fofana,Defender,Chelsea,8,France,2026-27,7.0,,0.0455,0.0,,3.0,2.0,2.0,,,2.0,4.0,,61.0,,1.0,,,158.0,,6.0,1.0,1.0,5.0,55.0,,,4.124,2.0,1.0,17.0,4.0,,7.0,16.0,2.0,0.0,13.0,,28.0,3.0,2.0,,30.0,,3.0,,12.0,1.0,0.0,58.0,,8.0,3.0,,10.0,3.0,3.0,2.0,7.0,98.0,,1.0,27.0,,1.0,2.0,,,,,,,,,,,,,,,,,1.0,,,1.0,,1.0,,,,,,,,,,,,,,,3.0,,,,,,,3.0,,,,,,,,,,,,,,
539142,Aurèle Amenda,Defender,Coventry,9,Switzerland,2026-27,11.0,,0.386,0.0,,1.0,9.0,3.0,,,3.0,16.0,,135.0,,12.0,,,270.0,4.0,10.0,1.0,2.0,2.0,108.0,4.0,,4.3522,,1.0,11.0,5.0,,7.0,35.0,,0.0,21.0,1.0,56.0,11.0,3.0,,51.0,,2.0,,9.0,8.0,0.0,130.0,,20.0,1.0,1.0,32.0,5.0,1.0,11.0,12.0,162.0,,5.0,68.0,0.0154,1.0,7.0,4.0,,,,1.0,,,,,,,,,,,,,1.0,,,,2.0,,,,,,,,,,,,,,,3.0,,,,,1.0,,4.0,,,,,,,,,,,,,,
110690,Ben Wilson,Goalkeeper,Coventry,9,England,2026-27,,,,0.0,,,,,,,,,,,,,,,,,,,,,,,,,,,,,,,,,,,,,,,,,,,,,,0.0,,,,,,,,,,,,,,,,0.0,,,,,,,,,,,,,,,,,,,,,,,,,,,,,,,,,,,,,,,,,,,,,,,,,,,,,,,,,,,
461102,Bobby Thomas,Defender,Coventry,9,England,2026-27,9.0,,0.1863,0.0,2.0,2.0,11.0,3.0,,,3.0,27.0,1.0,122.0,1.0,14.0,,,258.0,6.0,16.0,,3.0,8.0,93.0,5.0,,4.0169,3.0,,22.0,4.0,1.0,3.0,15.0,5.0,0.0,25.0,1.0,49.0,11.0,3.0,,29.0,1.0,,1.0,11.0,8.0,0.0,120.0,2.0,28.0,2.0,1.0,49.0,3.0,4.0,2.0,9.0,170.0,,10.0,66.0,0.2387,0.0,16.0,4.0,,,,4.0,,,,1.0,,,,,,,,,4.0,,1.0,1.0,,,,1.0,1.0,,,,,,,,,,,3.0,,,,,1.0,,4.0,2.0,,,,,,,,,,,,,
230730,Brandon Thomas-Asante,Forward,Coventry,9,Ghana,2026-27,11.0,,0.0218,0.0,,,9.0,3.0,,1.0,1.0,10.0,2.0,24.0,,10.0,,,121.0,7.0,10.0,1.0,5.0,7.0,14.0,2.0,,2.39,,,1.0,4.0,,4.0,7.0,5.0,0.0,21.0,,8.0,5.0,3.0,,11.0,2.0,1.0,,11.0,3.0,0.0,24.0,1.0,17.0,,2.0,2.0,,5.0,,7.0,48.0,1.0,,3.0,,0.0,1.0,2.0,2.0,,,,,,,,,,,,,,,1.0,,,1.0,,,,,,,,,,,,,,,,,,,,,,,1.0,3.0,,,,,,,,,,,,,,
661888,Caleb Yirenkyi,Midfielder,Coventry,9,Ghana,2026-27,11.0,1.0,0.1342,0.0,1.0,,8.0,3.0,,1.0,2.0,11.0,1.0,63.0,,8.0,,1.0,160.0,3.0,8.0,,2.0,3.0,51.0,2.0,,2.1831,1.0,,3.0,3.0,1.0,8.0,12.0,3.0,0.0,19.0,2.0,17.0,11.0,3.0,,24.0,1.0,3.0,1.0,11.0,5.0,0.0,63.0,,19.0,,,13.0,4.0,2.0,1.0,21.0,86.0,,,29.0,0.0344,1.0,3.0,4.0,1.0,,,,,,,,,,,,,,,2.0,,,2.0,,1.0,,,,,,,,,,,,,,,,,,,,,,3.0,,,,,,,,,,,,,,
472739,Carl Rushworth,Goalkeeper,Coventry,9,England,2026-27,,,0.0106,0.0,,,1.0,3.0,,,3.0,46.0,,115.0,,1.0,,,270.0,,2.0,1.0,,1.0,38.0,,,4.3522,,15.0,3.0,5.0,,,10.0,,0.0,2.0,,89.0,29.0,3.0,,26.0,,,,1.0,1.0,0.0,76.0,,47.0,,1.0,16.0,,,31.0,,152.0,,23.0,43.0,,0.0,45.0,7.0,,,,,,,,,,,,,,,,,,,,,,,,22.0,24.0,1.0,8.0,5.0,2.0,,3.0,15.0,1.0,2.0,,,,,,,,,4.0,,,,,,,,,,,,,,
79602,Dan Bentley,Goalkeeper,Coventry,9,England,2026-27,,,,0.0,,,,,,,,,,,,,,,,,,,,,,,,,,,,,,,,,,,,,,,,,,,,,,0.0,,,,,,,,,,,,,,,,0.0,,,,,,,,,,,,,,,,,,,,,,,,,,,,,,,,,,,,,,,,,,,,,,,,,,,,,,,,,,,
218997,Ellis Simms,Forward,Coventry,9,England,2026-27,7.0,,0.0068,0.0,,,4.0,2.0,,1.0,1.0,5.0,,14.0,,7.0,,,89.0,3.0,6.0,,,2.0,9.0,3.0,,2.0547,2.0,,1.0,3.0,,4.0,6.0,1.0,0.0,13.0,,,2.0,2.0,,6.0,,1.0,,6.0,4.0,0.0,14.0,,11.0,,1.0,5.0,2.0,,,3.0,26.0,,1.0,3.0,0.2959,0.0,1.0,1.0,1.0,1.0,0.6721,1.0,,,,,,1.0,1.0,,,,,1.0,,,1.0,,1.0,,,,,,,,,,,,,,1.0,,,,,,,,3.0,,,,,,,,,,,,,,
241293,Ephron Mason-Clark,Midfielder,Coventry,9,Jamaica,2026-27,13.0,1.0,0.0576,0.0,,,4.0,2.0,,1.0,2.0,5.0,6.0,19.0,2.0,5.0,,1.0,129.0,4.0,4.0,,1.0,3.0,14.0,1.0,,1.58,1.0,1.0,4.0,1.0,,9.0,7.0,3.0,0.0,17.0,,5.0,5.0,2.0,,10.0,6.0,5.0,,12.0,1.0,0.0,19.0,,19.0,,,,5.0,,1.0,7.0,46.0,1.0,,5.0,,0.0,1.0,1.0,,,,,,,,,,,,,,,,3.0,,,2.0,,,,,,,,,,,,,,,,,,,,,,,,1.0,,,,,,,,,,,,,,
231065,Ethan Pinnock,Defender,Coventry,9,Jamaica,2026-27,5.0,,,0.0,,1.0,1.0,2.0,,,1.0,4.0,,24.0,,5.0,,,102.0,3.0,3.0,1.0,,1.0,20.0,2.0,,,,,11.0,2.0,,2.0,6.0,,0.0,8.0,,10.0,2.0,2.0,,3.0,,1.0,,3.0,2.0,0.0,24.0,,7.0,1.0,,5.0,1.0,2.0,,3.0,44.0,1.0,2.0,17.0,,1.0,3.0,,1.0,,,1.0,,,,,,,,,,,,1.0,1.0,,,,,,,,,,,,,,,,,,,1.0,,,,,,,1.0,,,,,,,,,,,,,,
428580,Frank Onyeka,Midfielder,Coventry,9,Nigeria,2026-27,5.0,,0.0088,0.0,,2.0,11.0,2.0,,,2.0,12.0,,39.0,,1.0,,,153.0,,4.0,,1.0,3.0,23.0,,,3.8482,,,,4.0,,5.0,7.0,1.0,0.0,9.0,,15.0,7.0,2.0,1.0,14.0,,,,8.0,1.0,0.0,39.0,1.0,13.0,1.0,,12.0,4.0,3.0,4.0,5.0,48.0,,,13.0,,0.0,1.0,3.0,,,,,,,,,,,,,,,,,,,1.0,,3.0,,,,,,,,,,,,,,,,,,,,,,4.0,,,,,,,,,,,,,,
196100,Gustavo Hamer,Midfielder,Coventry,9,Netherlands,2026-27,7.0,,0.0179,0.0,,1.0,3.0,3.0,,,,4.0,,21.0,,3.0,,,32.0,2.0,2.0,1.0,1.0,1.0,16.0,,,0.7176,,,,1.0,,5.0,6.0,,0.0,9.0,,7.0,2.0,3.0,1.0,10.0,1.0,2.0,,6.0,1.0,0.0,21.0,,8.0,,,2.0,3.0,,1.0,6.0,26.0,,,7.0,,0.0,1.0,1.0,3.0,,,,,,,,1.0,,,,,,,1.0,,1.0,,,2.0,,,,,,,,,,,,,,1.0,,,,,,,,,,,,,,,,,,,,,,
480457,Jack Rudoni,Midfielder,Coventry,9,England,2026-27,14.0,1.0,0.185,0.0,1.0,3.0,14.0,3.0,,1.0,2.0,16.0,1.0,58.0,,6.0,,2.0,154.0,3.0,7.0,,3.0,4.0,41.0,3.0,,1.9623,4.0,1.0,,1.0,,11.0,9.0,1.0,0.0,21.0,1.0,25.0,10.0,3.0,2.0,33.0,1.0,4.0,,15.0,3.0,0.0,58.0,1.0,28.0,1.0,,7.0,3.0,2.0,1.0,17.0,88.0,,,11.0,0.4923,0.0,2.0,1.0,1.0,2.0,0.7503,2.0,2.0,,,1.0,1.0,2.0,2.0,1.0,,,,3.0,,,2.0,1.0,1.0,,,,,,,,,,,,,,,1.0,,,,,,,1.0,,,,,,,,,,,,,,
173878,Jay Dasilva,Defender,Coventry,9,Wales,2026-27,8.0,1.0,0.1532,0.0,,4.0,15.0,3.0,,1.0,3.0,19.0,7.0,112.0,,4.0,,1.0,265.0,1.0,11.0,1.0,5.0,8.0,92.0,1.0,,4.3522,1.0,,7.0,5.0,,7.0,40.0,,0.0,19.0,1.0,45.0,7.0,3.0,,60.0,7.0,4.0,,15.0,3.0,0.0,111.0,2.0,31.0,4.0,4.0,1.0,1.0,2.0,1.0,26.0,164.0,14.0,1.0,34.0,0.1831,0.0,4.0,8.0,,1.0,0.3251,1.0,,,,,,1.0,1.0,,,,,3.0,,,1.0,,1.0,,,,,,,,,,,,,,,3.0,,,,,,,4.0,,,,,,,,,,,,,,
204813,Joel Latibeaudiere,Defender,Coventry,9,Jamaica,2026-27,,,,0.0,,,,,,,,,,,,,,,,,,,,,,,,,,,,,,,,,,,,,,,,,,,,,,0.0,,,,,,,,,,,,,,,,0.0,,,,,,,,,,,,,,,,,,,,,,,,,,,,,,,,,,,,,,,,,,,,,,,,,,,,,,,,,,,
439668,Josh Eccles,Midfielder,Coventry,9,England,2026-27,,,,0.0,,,,,,,,,,,,,,,,,,,,,,,,,,,,,,,,,,,,,,,,,,,,,,0.0,,,,,,,,,,,,,,,,0.0,,,,,,,,,,,,,,,,,,,,,,,,,,,,,,,,,,,,,,,,,,,,,,,,,,,,,,,,,,,
469272,Loum Tchaouna,Forward,Coventry,9,France,2026-27,7.0,1.0,0.1859,0.0,2.0,1.0,9.0,3.0,,5.0,2.0,14.0,6.0,59.0,,4.0,,2.0,168.0,2.0,7.0,,2.0,5.0,44.0,4.0,,2.2234,3.0,,5.0,3.0,,5.0,5.0,2.0,0.0,14.0,1.0,11.0,9.0,3.0,,33.0,10.0,4.0,,10.0,2.0,0.0,58.0,2.0,28.0,1.0,2.0,23.0,1.0,,1.0,20.0,93.0,,1.0,14.0,0.1959,0.0,5.0,4.0,1.0,1.0,0.3741,3.0,,,,2.0,3.0,1.0,1.0,,,,,3.0,2.0,3.0,2.0,2.0,1.0,,,,,,,,,,,,,,,,,,,,,,3.0,,,,,,,,,,,,,,
168144,Matt Grimes,Midfielder,Coventry,9,England,2026-27,8.0,,0.0563,0.0,1.0,5.0,17.0,3.0,,2.0,3.0,28.0,3.0,188.0,,6.0,,1.0,270.0,3.0,10.0,1.0,2.0,7.0,156.0,,,4.3522,1.0,1.0,4.0,5.0,,5.0,49.0,2.0,0.0,18.0,1.0,68.0,12.0,3.0,3.0,82.0,11.0,,,12.0,3.0,0.0,174.0,1.0,41.0,2.0,,42.0,2.0,1.0,4.0,29.0,225.0,1.0,5.0,79.0,0.0458,0.0,11.0,7.0,,,,1.0,,,,1.0,7.0,,,1.0,,,,,1.0,5.0,,1.0,1.0,,,,,,,,,,,,,,,3.0,,,,,,,4.0,,,,,,,,,,,,,,
451284,Milan van Ewijk,Defender,Coventry,9,Netherlands,2026-27,13.0,3.0,0.2577,0.0,,5.0,9.0,3.0,,1.0,3.0,12.0,1.0,91.0,,3.0,,3.0,270.0,1.0,7.0,1.0,4.0,5.0,77.0,5.0,7.0,4.3522,2.0,2.0,8.0,5.0,,12.0,10.0,,0.0,20.0,3.0,27.0,10.0,3.0,2.0,47.0,1.0,6.0,,17.0,2.0,0.0,91.0,,28.0,3.0,,32.0,4.0,5.0,2.0,22.0,148.0,11.0,2.0,35.0,,1.0,3.0,4.0,,,,,,,,,,,,,,,,4.0,,,,,1.0,,,,,,,,,,,,,,,2.0,,,,,,,4.0,,,,,,,,,,,,,,
210156,Taiwo Awoniyi,Forward,Coventry,9,Nigeria,2026-27,12.0,,0.0334,0.0,1.0,,6.0,3.0,,3.0,2.0,6.0,,29.0,2.0,9.0,,,181.0,7.0,7.0,1.0,4.0,5.0,22.0,8.0,,2.2976,3.0,,2.0,2.0,1.0,5.0,5.0,2.0,0.0,19.0,1.0,5.0,6.0,3.0,,13.0,,2.0,1.0,10.0,2.0,0.0,29.0,2.0,15.0,,3.0,8.0,2.0,1.0,1.0,11.0,54.0,,,10.0,1.2386,0.0,,3.0,1.0,2.0,1.0009,4.0,,,,,,2.0,2.0,,,,,1.0,2.0,,1.0,,,,,,,,,,,,,,,,1.0,,,,,,,1.0,1.0,,,,,,,,,,,,,,
501459,Tatsuhiro Sakamoto,Midfielder,Coventry,9,Japan,2026-27,1.0,1.0,0.017,0.0,1.0,2.0,1.0,1.0,,,,1.0,2.0,12.0,,1.0,,1.0,31.0,,3.0,1.0,1.0,2.0,11.0,2.0,,0.3353,,,,1.0,1.0,1.0,,,0.0,4.0,1.0,2.0,2.0,1.0,,11.0,2.0,1.0,1.0,3.0,1.0,0.0,12.0,1.0,9.0,2.0,,5.0,,,,5.0,27.0,,,1.0,0.0152,0.0,,,1.0,,,,,,,,,,,,,,,1.0,,,,,,,,,,,,,,,,,,,,,,,,,,,,,,,,,,,,,,,,,
226965,Victor Torp,Midfielder,Coventry,9,Denmark,2026-27,3.0,1.0,0.1166,0.0,,,2.0,2.0,,3.0,,3.0,1.0,26.0,,,,1.0,47.0,,,1.0,2.0,,23.0,,,0.7578,1.0,,,1.0,,3.0,8.0,,0.0,3.0,1.0,6.0,2.0,2.0,,20.0,3.0,1.0,,3.0,,0.0,26.0,,9.0,,,5.0,1.0,1.0,,7.0,38.0,,1.0,4.0,,0.0,1.0,1.0,2.0,,,,,,,,1.0,,,,,,,,,1.0,,,,,,,,,,,,,,,,,,,,,,,,,,,,,,,,,,,,,,,
154043,Ainsley Maitland-Niles,Midfielder,Everton,11,England,2026-27,2.0,,0.0036,0.0,,,,1.0,,,,,,4.0,,2.0,,,13.0,2.0,,,,,4.0,,,0.3042,,,,1.0,,,1.0,,0.0,2.0,,,,1.0,,4.0,,,,,,0.0,4.0,,,,,1.0,,,,2.0,6.0,,,,0.0271,0.0,,,1.0,1.0,0.4224,1.0,,1.0,0.0,,,,,,1.0,1.0,,,,,,,,,,,,,,,,,,,,,,,,,,,,,1.0,,,,,,,,,,,,,,
629068,Braiden Graham,Forward,Everton,11,Northern Ireland,2026-27,,,,0.0,,,,,,,,,,,,,,,,,,,,,,,,,,,,,,,,,,,,,,,,,,,,,,0.0,,,,,,,,,,,,,,,,0.0,,,,,,,,,,,,,,,,,,,,,,,,,,,,,,,,,,,,,,,,,,,,,,,,,,,,,,,,,,,
242898,Brennan Johnson,Forward,Everton,11,Wales,2026-27,9.0,,0.0383,0.0,1.0,2.0,5.0,3.0,,1.0,1.0,5.0,1.0,22.0,3.0,3.0,,,100.0,3.0,3.0,1.0,2.0,3.0,16.0,3.0,,1.6032,2.0,,3.0,1.0,1.0,6.0,1.0,1.0,0.0,12.0,1.0,6.0,5.0,3.0,2.0,11.0,1.0,2.0,1.0,9.0,,0.0,22.0,2.0,10.0,,,7.0,4.0,2.0,1.0,8.0,45.0,,,6.0,0.0522,1.0,,,2.0,,,,,,,,,,,,,,,,,,1.0,,2.0,,,,,,,,,,,,,,,,,,,,,,,,,,,,,,,,,,,,
502697,Charly Alcaraz,Midfielder,Everton,11,Argentina,2026-27,4.0,,0.0232,0.0,,1.0,,2.0,,,,2.0,,5.0,,1.0,,,5.0,1.0,1.0,,,1.0,3.0,4.0,,,,,,,,3.0,2.0,,0.0,5.0,,1.0,2.0,2.0,,3.0,,1.0,,4.0,,0.0,5.0,,3.0,1.0,,2.0,1.0,,,,9.0,,,,0.0525,1.0,2.0,,2.0,1.0,0.0369,2.0,,,,,,1.0,1.0,,,,,1.0,1.0,,,,1.0,,,,,,,,,,,,,,,,,,,,,,,,,,,,,,,,,,,,
609873,Harrison Armstrong,Midfielder,Everton,11,England,2026-27,17.0,,0.0954,0.0,1.0,6.0,6.0,3.0,1.0,5.0,3.0,8.0,1.0,85.0,,5.0,1.0,,266.0,4.0,10.0,1.0,6.0,9.0,77.0,4.0,,3.7711,1.0,,5.0,3.0,1.0,13.0,25.0,2.0,0.0,27.0,4.0,19.0,15.0,3.0,3.0,44.0,1.0,5.0,1.0,22.0,1.0,0.0,85.0,,24.0,3.0,1.0,24.0,6.0,3.0,,17.0,130.0,,2.0,33.0,0.0945,1.0,2.0,2.0,,,,1.0,,,,,,,,,,,,2.0,1.0,,1.0,,3.0,,,,,,,,,,,,,,1.0,1.0,,,,,,2.0,2.0,,,,,,,,,,,,,,
244860,Hayden Hackney,Midfielder,Everton,11,England,2026-27,8.0,,0.1098,0.0,1.0,3.0,5.0,3.0,1.0,,1.0,8.0,1.0,75.0,,1.0,,1.0,122.0,1.0,6.0,,2.0,6.0,66.0,6.0,,2.0057,2.0,,,1.0,1.0,7.0,23.0,3.0,0.0,14.0,2.0,24.0,5.0,3.0,2.0,40.0,5.0,4.0,1.0,13.0,,0.0,73.0,1.0,18.0,1.0,,21.0,1.0,2.0,1.0,7.0,104.0,,2.0,28.0,0.0482,0.0,3.0,3.0,2.0,,,1.0,,,,,4.0,,,,,,,3.0,1.0,4.0,1.0,,1.0,,,,,,,,,,,,,,,1.0,,,,,,,1.0,,,,,,,,,,,,,,
114283,Jack Grealish,Midfielder,Everton,11,England,2026-27,2.0,,0.1265,0.0,1.0,2.0,2.0,2.0,,,,2.0,,18.0,,,,,32.0,,4.0,,1.0,4.0,16.0,4.0,,0.3042,1.0,,,1.0,,2.0,5.0,1.0,0.0,6.0,,6.0,,2.0,1.0,12.0,,2.0,,6.0,,0.0,18.0,,4.0,1.0,1.0,,1.0,,,7.0,25.0,,,4.0,0.0218,0.0,,,2.0,,,,,,,1.0,,,,,,,,1.0,,,,1.0,,,,,,,,,,,,,,,,,,,,,,,1.0,,,1.0,,,,,,,,,,,
512462,Jake O'Brien,Defender,Everton,11,Ireland,2026-27,,,,0.0,,,,,,,,,,,,,,,,,,,,,,,,,,,,,,,,,,,,,,,,,,,,,,0.0,,,,,,,,,,,,,,,,0.0,,,,,,,,,,,,,,,,,,,,,,,,,,,,,,,,,,,,,,,,,,,,,,,,,,,,,,,,,,,
232928,James Garner,Midfielder,Everton,11,England,2026-27,6.0,,0.1101,0.0,,5.0,4.0,3.0,,,2.0,7.0,,77.0,,1.0,,2.0,150.0,1.0,6.0,1.0,2.0,6.0,70.0,1.0,,1.7655,3.0,,1.0,2.0,,5.0,22.0,1.0,0.0,12.0,2.0,21.0,12.0,3.0,,44.0,5.0,1.0,,11.0,,0.0,74.0,,16.0,5.0,,21.0,3.0,1.0,1.0,13.0,100.0,,1.0,28.0,,1.0,3.0,2.0,1.0,,,,,,,,5.0,,,,,,,,,4.0,2.0,,2.0,,,,,,,,,,,,,,,,,,,,,,1.0,,,,,,,,,,,,,,
17761,James Tarkowski,Defender,Everton,11,England,2026-27,6.0,,0.0145,0.0,,5.0,10.0,3.0,,,3.0,23.0,1.0,125.0,,16.0,1.0,,270.0,4.0,22.0,1.0,3.0,10.0,91.0,5.0,,3.7711,1.0,,13.0,3.0,,2.0,24.0,5.0,0.0,28.0,2.0,47.0,10.0,3.0,1.0,35.0,1.0,1.0,,12.0,12.0,0.0,109.0,,27.0,4.0,,48.0,1.0,10.0,11.0,6.0,173.0,,4.0,67.0,0.1649,0.0,13.0,6.0,,1.0,0.3078,3.0,,1.0,1.0,,,,,,0.0,1.0,,1.0,2.0,,,,,,,10.0,10.0,,,,,,,,,,,3.0,,,,,,,2.0,,,,,,,,,,,,,,
480455,Jarrad Branthwaite,Defender,Everton,11,England,2026-27,3.0,,0.0209,0.0,,4.0,7.0,3.0,,1.0,3.0,17.0,,119.0,1.0,11.0,1.0,,270.0,1.0,14.0,1.0,3.0,4.0,94.0,6.0,,3.7711,,1.0,17.0,3.0,,2.0,42.0,,0.0,17.0,3.0,44.0,9.0,3.0,2.0,36.0,,1.0,,6.0,10.0,0.0,111.0,1.0,19.0,2.0,,28.0,1.0,5.0,8.0,5.0,163.0,,1.0,66.0,0.161,0.0,10.0,4.0,,3.0,0.1737,3.0,,,,,,3.0,3.0,,,,,1.0,,,,,1.0,,,1.0,1.0,,,,,,,,,,,5.0,,,,,,,2.0,,,,,,,,,,,,,,
111234,Jordan Pickford,Goalkeeper,Everton,11,England,2026-27,,,0.0197,0.0,,,,3.0,,,3.0,43.0,,108.0,,,1.0,,270.0,,3.0,1.0,,3.0,49.0,,,3.7711,,4.0,4.0,3.0,,,29.0,3.0,0.0,3.0,,68.0,35.0,3.0,,10.0,,,,3.0,,0.0,78.0,,43.0,,,11.0,,,16.0,,140.0,,21.0,55.0,,0.0,43.0,3.0,,,,,,,,,,,,,,,,,,,,,,,,10.0,18.0,3.0,1.0,9.0,,,3.0,6.0,1.0,6.0,,,,,,,,,2.0,,,,,,,,,,1.0,,,,
215413,Kiernan Dewsbury-Hall,Midfielder,Everton,11,England,2026-27,16.0,1.0,0.3979,0.0,3.0,9.0,14.0,3.0,,3.0,3.0,18.0,7.0,109.0,,2.0,,2.0,269.0,2.0,15.0,1.0,9.0,15.0,87.0,9.0,,3.7711,8.0,1.0,3.0,3.0,2.0,14.0,22.0,3.0,1.0,31.0,4.0,27.0,17.0,3.0,5.0,73.0,12.0,11.0,2.0,29.0,,0.0,101.0,1.0,46.0,4.0,3.0,33.0,1.0,,4.0,27.0,177.0,,,20.0,0.4522,0.0,4.0,,,4.0,0.556,6.0,2.0,1.0,0.0,1.0,6.0,2.0,2.0,1.0,1.0,,1.0,6.0,2.0,4.0,1.0,1.0,,1.0,1.0,,,,,,,,,,,,1.0,,,,,,,1.0,2.0,,,,,,,,,,,,,,
229600,Mark Travers,Goalkeeper,Everton,11,Ireland,2026-27,,,,0.0,,,,,,,,,,,,,,,,,,,,,,,,,,,,,,,,,,,,,,,,,,,,,,0.0,,,,,,,,,,,,,,,,0.0,,,,,,,,,,,,,,,,,,,,,,,,,,,,,,,,,,,,,,,,,,,,,,,,,,,,,,,,,,,
513466,Merlin Röhl,Midfielder,Everton,11,Germany,2026-27,14.0,1.0,0.1921,0.0,,5.0,16.0,3.0,,1.0,3.0,17.0,6.0,88.0,,9.0,1.0,1.0,251.0,6.0,12.0,1.0,14.0,9.0,65.0,1.0,6.0,3.467,2.0,1.0,6.0,2.0,,8.0,4.0,4.0,0.0,26.0,6.0,27.0,13.0,3.0,1.0,40.0,6.0,3.0,,17.0,3.0,0.0,87.0,2.0,37.0,4.0,,42.0,3.0,1.0,6.0,15.0,160.0,22.0,,32.0,,1.0,1.0,10.0,,,,,,,,,,,,,,,,2.0,,,2.0,,,,,,,,,,,,,,,,,,,,,,,,1.0,,,,,,,,,,,,,,
106611,Michael Keane,Defender,Everton,11,England,2026-27,,,,0.0,,,,,,,,,,,,,,,,,,,,,,,,,,,,,,,,,,,,,,,,,,,,,,0.0,,,,,,,,,,,,,,,,0.0,,,,,,,,,,,,,,,,,,,,,,,,,,,,,,,,,,,,,,,,,,,,,,,,,,,,,,,,,,,
586309,Thierno Barry,Forward,Everton,11,France,2026-27,22.0,1.0,0.1106,0.0,3.0,1.0,11.0,3.0,,7.0,3.0,12.0,1.0,46.0,,26.0,,1.0,239.0,17.0,17.0,1.0,4.0,8.0,34.0,16.0,,2.7968,3.0,,2.0,3.0,2.0,5.0,10.0,4.0,0.0,39.0,2.0,8.0,7.0,3.0,,24.0,1.0,5.0,2.0,13.0,9.0,0.0,46.0,,32.0,1.0,3.0,11.0,,,,17.0,90.0,,,11.0,2.3087,0.0,1.0,,,3.0,1.5164,6.0,,1.0,0.0,1.0,,2.0,2.0,,1.0,,,2.0,3.0,,2.0,1.0,,,,,,,,,,,,,,,1.0,,,,,,,,2.0,,,,,,,,,1.0,,,,,
496661,Tyler Dibling,Forward,Everton,11,England,2026-27,,,,0.0,,,,,,,,,,,,,,,,,,,,,,,,,,,,,,,,,,,,,,,,,,,,,,0.0,,,,,,,,,,,,,,,,0.0,,,,,,,,,,,,,,,,,,,,,,,,,,,,,,,,,,,,,,,,,,,,,,,,,,,,,,,,,,,
550615,Tyrique George,Forward,Everton,11,England,2026-27,8.0,,0.1486,0.0,3.0,1.0,9.0,3.0,,1.0,3.0,9.0,6.0,78.0,2.0,2.0,,,236.0,,14.0,1.0,4.0,12.0,66.0,16.0,1.0,2.7968,6.0,,1.0,3.0,1.0,8.0,37.0,4.0,0.0,22.0,2.0,12.0,8.0,3.0,,48.0,6.0,5.0,1.0,20.0,2.0,0.0,78.0,3.0,30.0,1.0,7.0,8.0,1.0,3.0,3.0,21.0,127.0,,,21.0,0.2601,0.0,,3.0,,2.0,0.529,5.0,,1.0,0.0,2.0,,,,,1.0,1.0,,2.0,3.0,,2.0,2.0,1.0,1.0,1.0,,,,,,,,,,,,,,,,,,,1.0,2.0,,,,,,,,,,,,,,
224967,Vitalii Mykolenko,Defender,Everton,11,Ukraine,2026-27,10.0,,0.0632,0.0,,4.0,12.0,3.0,,1.0,3.0,23.0,7.0,114.0,,13.0,1.0,,270.0,5.0,16.0,1.0,4.0,8.0,88.0,1.0,9.0,3.7711,1.0,,11.0,3.0,,5.0,28.0,3.0,0.0,26.0,2.0,55.0,15.0,3.0,3.0,48.0,7.0,2.0,,13.0,8.0,0.0,111.0,1.0,46.0,1.0,2.0,12.0,1.0,3.0,3.0,19.0,192.0,20.0,6.0,43.0,,0.0,11.0,6.0,,,,,,,,,,,,,,,,1.0,,,,,,,,,,,,,,,,,,,,4.0,,,,,,,2.0,,,,,,,,,,,,,,
465680,Arnaud Kalimuendo,Forward,Forest,17,France,2026-27,,,,0.0,,,,1.0,,,,,,,,,,,1.0,,,,,,,,,,,,,,,,,,0.0,,,,,1.0,,,,,,,,0.0,,,,,,,,,,,,,,,,0.0,,,1.0,,,,,,,,,,,,,,,,,,,,,,,,,,,,,,,,,,,,,,,,,,,,,,,,,,,,,,,,
209046,Callum Hudson-Odoi,Forward,Forest,17,England,2026-27,3.0,,0.0027,0.0,,,,1.0,,,,,,2.0,,,,,1.0,,,,,,2.0,,,,,,,,,3.0,,,0.0,3.0,,1.0,,1.0,,1.0,,2.0,,3.0,,0.0,2.0,,2.0,,,,1.0,,,1.0,5.0,,,1.0,,0.0,,,1.0,,,,,,,,,,,,,,,1.0,,,,,,,,,,,,,,,,,,,,,,,,,,,,,,,,,,,,,,,,,
60689,Chris Wood,Forward,Forest,17,New Zealand,2026-27,6.0,,0.0108,0.0,,,2.0,2.0,,2.0,,2.0,,8.0,1.0,8.0,,,44.0,5.0,4.0,1.0,,1.0,5.0,1.0,,0.5078,,,,1.0,,1.0,2.0,1.0,0.0,10.0,,1.0,1.0,2.0,,3.0,,1.0,,2.0,3.0,0.0,8.0,,3.0,,,2.0,,,1.0,3.0,12.0,,,3.0,0.1196,0.0,,1.0,2.0,,,1.0,,,,,,,,,,,,1.0,1.0,,,,,,,,,,,,,,,,,,,,,,,,,,,,,,,,,,,,,,,,
456512,Dan Ndoye,Forward,Forest,17,Switzerland,2026-27,17.0,,0.6373,0.0,,2.0,8.0,3.0,,3.0,3.0,10.0,,32.0,,4.0,,,187.0,2.0,11.0,,4.0,9.0,22.0,7.0,,1.0403,2.0,,1.0,1.0,,15.0,6.0,4.0,0.0,28.0,3.0,11.0,13.0,3.0,2.0,15.0,,8.0,,24.0,2.0,0.0,32.0,,25.0,,3.0,5.0,5.0,1.0,,10.0,69.0,,1.0,7.0,0.3513,0.0,2.0,3.0,,1.0,0.2865,3.0,,1.0,1.0,,,,,,0.0,1.0,,5.0,2.0,,3.0,,,,,,,,,,,,,,,,,,,,,,,,1.0,,,,,,,,,,,,,,
247348,Daniel Muñoz,Defender,Forest,17,Colombia,2026-27,4.0,,0.0123,0.0,1.0,2.0,5.0,2.0,,,1.0,7.0,2.0,37.0,,3.0,,,86.0,1.0,5.0,,3.0,3.0,29.0,3.0,2.0,1.429,,,2.0,2.0,,3.0,1.0,1.0,0.0,9.0,2.0,8.0,1.0,2.0,,13.0,2.0,,,6.0,2.0,0.0,36.0,,14.0,2.0,,14.0,2.0,1.0,1.0,14.0,64.0,6.0,1.0,17.0,0.2605,0.0,2.0,1.0,1.0,1.0,0.1572,2.0,,,,1.0,,1.0,1.0,,,,,,1.0,,1.0,1.0,2.0,,,,,,,,,,,,,,,,,,,,,,2.0,,,,,,,,,,,,,,
210462,Ibrahim Sangaré,Midfielder,Forest,17,Cote d’Ivoire,2026-27,2.0,,0.0084,0.0,,,7.0,1.0,,1.0,1.0,11.0,,53.0,,3.0,,,90.0,,5.0,1.0,,2.0,39.0,1.0,,0.5328,1.0,1.0,,1.0,,2.0,11.0,1.0,0.0,7.0,,22.0,3.0,1.0,,14.0,,,,4.0,3.0,0.0,48.0,2.0,12.0,,1.0,8.0,2.0,,3.0,12.0,61.0,,1.0,28.0,0.026,0.0,4.0,3.0,,,,1.0,,,,,,,,,,,,,1.0,,,,2.0,,,,,,,,,,,,,,1.0,3.0,,,,,,,,,,,,,,,,,,,,,
482973,Igor Jesus,Forward,Forest,17,Brazil,2026-27,28.0,,0.0603,0.0,3.0,2.0,14.0,3.0,,6.0,2.0,14.0,,58.0,1.0,30.0,,,210.0,13.0,24.0,1.0,,7.0,41.0,11.0,,2.5537,1.0,,5.0,3.0,3.0,15.0,18.0,5.0,0.0,52.0,,15.0,2.0,3.0,1.0,27.0,,7.0,3.0,22.0,17.0,0.0,58.0,3.0,29.0,1.0,1.0,8.0,6.0,,3.0,17.0,102.0,,,17.0,0.9588,1.0,,3.0,1.0,2.0,0.4823,3.0,,,,,,2.0,2.0,,,,,2.0,1.0,,1.0,,1.0,,,,,,,,,,,,,,3.0,,,,,,,,2.0,,1.0,,,,,,,,,,,,
575458,Jair Cunha,Defender,Forest,17,Brazil,2026-27,10.0,,0.0181,0.0,,5.0,7.0,3.0,,,3.0,16.0,1.0,92.0,,7.0,1.0,,270.0,4.0,14.0,1.0,7.0,11.0,71.0,1.0,,2.5537,,2.0,18.0,3.0,,6.0,13.0,6.0,0.0,24.0,5.0,43.0,5.0,3.0,4.0,28.0,1.0,1.0,,17.0,3.0,0.0,92.0,,20.0,1.0,,30.0,3.0,3.0,5.0,6.0,142.0,,5.0,48.0,0.0254,1.0,9.0,6.0,,,,1.0,,,,,,,,,,,,1.0,1.0,,,,1.0,,,,,,,,,,,,,,,2.0,,,,,,,2.0,,,,,,,,,,,,,,
432714,James McAtee,Midfielder,Forest,17,England,2026-27,11.0,1.0,0.6333,0.0,1.0,5.0,18.0,3.0,,3.0,3.0,25.0,1.0,106.0,,7.0,1.0,3.0,253.0,1.0,19.0,,3.0,13.0,74.0,,,2.4774,9.0,,4.0,2.0,,10.0,27.0,6.0,0.0,30.0,2.0,32.0,14.0,3.0,,45.0,7.0,4.0,,23.0,6.0,0.0,99.0,,41.0,5.0,2.0,22.0,4.0,1.0,7.0,25.0,155.0,,3.0,39.0,0.1258,1.0,7.0,11.0,,1.0,0.0149,2.0,3.0,,,1.0,7.0,,,2.0,,,,2.0,1.0,5.0,2.0,1.0,4.0,1.0,1.0,,,,,,,,,,,,,,,,,,,,2.0,,,,,,,,,,,,,,
221389,John Victor,Goalkeeper,Forest,17,Brazil,2026-27,,,,0.0,,,,,,,,,,,,,,,,,,,,,,,,,,,,,,,,,,,,,,,,,,,,,,0.0,,,,,,,,,,,,,,,,0.0,,,,,,,,,,,,,,,,,,,,,,,,,,,,,,,,,,,,,,,,,,,,,,,,,,,,,,,,,,,
463034,Liam Delap,Forward,Forest,17,England,2026-27,11.0,,0.0609,0.0,1.0,,5.0,2.0,,,1.0,5.0,,13.0,1.0,7.0,,,98.0,3.0,7.0,,1.0,3.0,8.0,4.0,,1.0056,3.0,,2.0,1.0,1.0,8.0,2.0,1.0,0.0,18.0,,6.0,3.0,2.0,,6.0,,5.0,1.0,11.0,4.0,0.0,13.0,1.0,15.0,,2.0,2.0,2.0,,,3.0,33.0,1.0,,2.0,0.1333,0.0,,,1.0,,,1.0,,,,,,,,,,,,2.0,1.0,,1.0,,,,,,,,,,,,,,,,,,,,,,,,1.0,,,,,,,,,,,,,,
470315,Luca Netz,Defender,Forest,17,Germany,2026-27,2.0,,0.0049,0.0,,1.0,,2.0,,,,3.0,,10.0,,,,,20.0,,1.0,1.0,1.0,1.0,6.0,,,0.0763,,,,1.0,,2.0,5.0,,0.0,3.0,1.0,5.0,1.0,2.0,,5.0,,,,3.0,,0.0,10.0,,3.0,1.0,,,1.0,,1.0,,15.0,2.0,2.0,2.0,,0.0,3.0,,2.0,,,,,,,,,,,,,,,,,,,,1.0,,,,,,,,,,,,,,,,,,,,,,,,,,,,,,,,,,,,
85633,Matz Sels,Goalkeeper,Forest,17,Belgium,2026-27,1.0,,0.0116,0.0,,,1.0,3.0,,,3.0,53.0,,90.0,,3.0,1.0,,270.0,1.0,3.0,1.0,,1.0,15.0,,,2.5537,,10.0,4.0,3.0,,,3.0,,0.0,4.0,,76.0,26.0,3.0,,20.0,,,,1.0,2.0,0.0,49.0,,54.0,,1.0,11.0,,,22.0,,111.0,,37.0,17.0,,0.0,52.0,5.0,,,,,,,,,,,,,,,,,,,,,,,,21.0,21.0,2.0,,4.0,,1.0,2.0,10.0,2.0,2.0,,,,,,,,,2.0,,,,,,,,,,,,1.0,,
222531,Morgan Gibbs-White,Midfielder,Forest,17,England,2026-27,13.0,,0.1147,0.0,1.0,4.0,12.0,3.0,1.0,4.0,3.0,14.0,8.0,81.0,2.0,3.0,1.0,,270.0,2.0,12.0,1.0,6.0,11.0,62.0,10.0,,2.5537,,,1.0,3.0,1.0,11.0,24.0,3.0,0.0,25.0,5.0,18.0,9.0,3.0,3.0,39.0,12.0,7.0,1.0,22.0,1.0,0.0,78.0,,44.0,1.0,4.0,12.0,3.0,1.0,5.0,27.0,151.0,3.0,1.0,28.0,1.3962,0.0,2.0,4.0,,2.0,0.724,6.0,1.0,1.0,1.0,,,1.0,1.0,,0.0,1.0,,4.0,4.0,,,,1.0,,,,,,,,,,,,,,1.0,,0.0749,1.0,1.0,,,3.0,2.0,,,,,,1.0,,,,,,,1.0,
575476,Murillo,Defender,Forest,17,Brazil,2026-27,16.0,,0.2838,0.0,1.0,6.0,9.0,3.0,,,3.0,20.0,,127.0,,9.0,,,268.0,5.0,13.0,1.0,1.0,9.0,95.0,4.0,,2.5537,2.0,1.0,20.0,3.0,1.0,11.0,45.0,1.0,0.0,29.0,1.0,57.0,10.0,3.0,2.0,37.0,,5.0,1.0,20.0,4.0,0.0,124.0,1.0,27.0,4.0,2.0,15.0,4.0,2.0,12.0,10.0,177.0,,2.0,70.0,0.3485,0.0,11.0,7.0,,,,2.0,1.0,,,,,,,,,,,3.0,2.0,,2.0,,4.0,,,1.0,1.0,,,,,,,,,,,2.0,,,,,,,2.0,,,,,,,,,,,,,,
215136,Neco Williams,Defender,Forest,17,Wales,2026-27,17.0,1.0,0.2471,0.0,,12.0,15.0,3.0,,,3.0,24.0,6.0,84.0,1.0,8.0,1.0,2.0,270.0,5.0,22.0,1.0,8.0,19.0,55.0,7.0,,2.5537,3.0,,9.0,3.0,,12.0,28.0,6.0,0.0,39.0,3.0,31.0,19.0,3.0,3.0,25.0,9.0,3.0,,31.0,3.0,0.0,80.0,1.0,41.0,9.0,1.0,2.0,5.0,1.0,5.0,23.0,168.0,25.0,2.0,37.0,0.1242,0.0,9.0,6.0,,,,1.0,,,,,3.0,,,1.0,,,,1.0,1.0,2.0,,,3.0,,,,,,,,,,,,,,,3.0,,,,,1.0,,2.0,,,1.0,,,,,1.0,,,,,,
250199,Nicolás Domínguez,Midfielder,Forest,17,Argentina,2026-27,1.0,,0.0001,0.0,,,1.0,1.0,,,,1.0,,2.0,,,,,1.0,,,,,,1.0,,,,,,,,,1.0,,,0.0,1.0,,2.0,,1.0,,1.0,,1.0,,1.0,,0.0,2.0,,2.0,,,,,,,,3.0,,,,,0.0,,,1.0,,,,,,,,,,,,,,,,,,,,,,,,,,,,,,,,,,,,,,,,,,,,,,,,,,,,,,,,
227444,Nikola Milenkovic,Defender,Forest,17,Serbia,2026-27,14.0,,0.031,0.0,,5.0,9.0,3.0,,,3.0,19.0,,101.0,,14.0,1.0,,270.0,4.0,17.0,1.0,3.0,7.0,76.0,6.0,,2.5537,,,20.0,3.0,,10.0,22.0,2.0,0.0,31.0,,36.0,12.0,3.0,3.0,17.0,,2.0,,17.0,10.0,0.0,94.0,,21.0,2.0,,37.0,5.0,3.0,6.0,6.0,144.0,,6.0,65.0,0.1124,1.0,10.0,8.0,,,,2.0,,,,,,,,,,,,,2.0,,,,3.0,,,1.0,1.0,,,,,,,,,,,3.0,,,,,,,2.0,,1.0,,,,,,,,,,,,
159506,Ola Aina,Defender,Forest,17,Nigeria,2026-27,18.0,2.0,0.5609,0.0,1.0,7.0,18.0,3.0,,,3.0,28.0,6.0,75.0,,8.0,,2.0,219.0,5.0,17.0,,9.0,14.0,42.0,3.0,14.0,2.4774,4.0,1.0,5.0,2.0,,13.0,3.0,3.0,0.0,35.0,2.0,38.0,12.0,3.0,4.0,29.0,6.0,6.0,,27.0,3.0,0.0,73.0,2.0,60.0,3.0,4.0,21.0,4.0,2.0,5.0,13.0,156.0,17.0,5.0,20.0,0.0428,2.0,10.0,16.0,,1.0,0.1115,1.0,,,,1.0,,,,,,,,3.0,,,3.0,1.0,4.0,1.0,1.0,,,,,,,,,,,,,,,,,,,,2.0,,,,,,,,,,,,,,
568420,Ousmane Diomande,Defender,Forest,17,Cote d’Ivoire,2026-27,,,,0.0,,,1.0,1.0,,,,1.0,,1.0,,,,,1.0,,,,,,,,,,,,,,,,,,0.0,,,1.0,,1.0,,,,,,,,0.0,1.0,,1.0,,,,,,,,2.0,,,,,0.0,,1.0,1.0,,,,,,,,,,,,,,,,,,,,,,,,,,,,,,,,,,,,,,,,,,,,,,,,,,,,,,,,
204968,Ryan Yates,Midfielder,Forest,17,England,2026-27,,,,0.0,,,,,,,,,,,,,,,,,,,,,,,,,,,,,,,,,,,,,,,,,,,,,,0.0,,,,,,,,,,,,,,,,0.0,,,,,,,,,,,,,,,,,,,,,,,,,,,,,,,,,,,,,,,,,,,,,,,,,,,,,,,,,,,
204561,Xaver Schlager,Midfielder,Forest,17,Austria,2026-27,12.0,,0.0677,0.0,2.0,9.0,9.0,3.0,,1.0,2.0,10.0,1.0,69.0,,4.0,1.0,,196.0,2.0,13.0,1.0,2.0,11.0,53.0,2.0,,2.0972,,,3.0,3.0,1.0,10.0,16.0,1.0,0.0,25.0,2.0,21.0,11.0,3.0,4.0,31.0,1.0,2.0,1.0,21.0,2.0,0.0,68.0,,17.0,5.0,1.0,20.0,1.0,2.0,6.0,12.0,104.0,,1.0,28.0,0.0815,0.0,1.0,2.0,1.0,,,1.0,,,,1.0,,,,,,,,,1.0,,,1.0,1.0,,,,,,,,,,,,,,,1.0,,,,,,,2.0,,1.0,,,,,,,,,,,,
153133,Alex Iwobi,Forward,Fulham,54,Nigeria,2026-27,8.0,,0.6986,0.0,2.0,3.0,15.0,3.0,,3.0,3.0,19.0,,222.0,,1.0,,4.0,263.0,1.0,5.0,,4.0,5.0,184.0,4.0,,5.9184,3.0,2.0,1.0,7.0,1.0,7.0,85.0,2.0,0.0,13.0,,66.0,11.0,3.0,1.0,122.0,4.0,2.0,1.0,12.0,,0.0,220.0,,34.0,2.0,,43.0,2.0,3.0,19.0,28.0,259.0,,2.0,85.0,0.0507,0.0,4.0,6.0,,,,,2.0,,,1.0,5.0,,,2.0,,,,1.0,,3.0,1.0,1.0,1.0,,,,,,,,,,,,,,,,,,,,,2.0,7.0,,,,,,,,,,,,,,
169528,Antonee Robinson,Defender,Fulham,54,United States,2026-27,13.0,2.0,0.169,0.0,1.0,8.0,27.0,3.0,,2.0,3.0,30.0,8.0,149.0,,5.0,,2.0,251.0,5.0,13.0,,7.0,13.0,112.0,4.0,5.0,5.9184,3.0,1.0,5.0,7.0,,8.0,63.0,2.0,0.0,26.0,1.0,42.0,12.0,3.0,1.0,73.0,8.0,3.0,,21.0,,0.0,149.0,3.0,48.0,7.0,3.0,3.0,,1.0,7.0,41.0,215.0,20.0,,48.0,0.2121,0.0,3.0,12.0,,,,2.0,,,,1.0,,,,,,,,2.0,2.0,,2.0,1.0,,,,,,,,,,,,,,,,1.0,,,,,,,7.0,,,,,,,,,,,,,,
86873,Benjamin Lecomte,Goalkeeper,Fulham,54,France,2026-27,,,,0.0,,,,,,,,,,,,,,,,,,,,,,,,,,,,,,,,,,,,,,,,,,,,,,0.0,,,,,,,,,,,,,,,,0.0,,,,,,,,,,,,,,,,,,,,,,,,,,,,,,,,,,,,,,,,,,,,,,,,,,,,,,,,,,,
80201,Bernd Leno,Goalkeeper,Fulham,54,Germany,2026-27,,,0.005,0.0,,,1.0,3.0,,,3.0,28.0,,131.0,,1.0,,,270.0,,1.0,,,,95.0,,,5.9184,,1.0,3.0,7.0,,,42.0,,0.0,1.0,,51.0,25.0,3.0,,8.0,,,,,1.0,0.0,101.0,,28.0,,,38.0,,,8.0,,158.0,,15.0,95.0,,0.0,27.0,2.0,,,,,,,,,,,,,,,,,,,,,,,,19.0,25.0,2.0,,8.0,,,2.0,9.0,1.0,6.0,,,,,,,,,7.0,,,,,,,,,,,,,,
232892,Calvin Bassey,Defender,Fulham,54,Nigeria,2026-27,8.0,,0.0728,0.0,1.0,3.0,13.0,3.0,,,3.0,24.0,,262.0,,4.0,,,270.0,3.0,11.0,,3.0,10.0,219.0,,,5.9184,,2.0,8.0,7.0,,5.0,74.0,5.0,0.0,19.0,1.0,98.0,12.0,3.0,2.0,104.0,,3.0,,15.0,1.0,0.0,255.0,1.0,30.0,1.0,2.0,77.0,2.0,2.0,19.0,13.0,299.0,2.0,4.0,134.0,0.0168,1.0,11.0,7.0,,,,,1.0,,,1.0,,,,,,,,3.0,,,,1.0,1.0,,,2.0,2.0,,,,,,,,,,,,,,,,,,7.0,,,,,,,,,,,,,,
571779,César Palacios,Midfielder,Fulham,54,Spain,2026-27,10.0,,0.0282,0.0,2.0,2.0,11.0,3.0,,5.0,3.0,12.0,1.0,91.0,,5.0,,,210.0,3.0,9.0,,6.0,7.0,77.0,10.0,,4.8437,1.0,,2.0,6.0,2.0,7.0,33.0,,0.0,19.0,6.0,16.0,8.0,3.0,1.0,48.0,1.0,3.0,2.0,14.0,2.0,0.0,90.0,2.0,26.0,1.0,5.0,13.0,5.0,1.0,2.0,29.0,134.0,,1.0,31.0,0.9774,1.0,1.0,4.0,,2.0,0.6355,6.0,,1.0,0.0,,,1.0,1.0,,1.0,1.0,,2.0,4.0,,3.0,,,,,,,,,,,,,,,,,,,,,,,1.0,6.0,,,1.0,,,,,,,,,,,
442299,David Affengruber,Defender,Fulham,54,Austria,2026-27,,,,0.0,,,,,,,,,,,,,,,,,,,,,,,,,,,,,,,,,,,,,,,,,,,,,,0.0,,,,,,,,,,,,,,,,0.0,,,,,,,,,,,,,,,,,,,,,,,,,,,,,,,,,,,,,,,,,,,,,,,,,,,,,,,,,,,
209289,Emile Smith Rowe,Midfielder,Fulham,54,England,2026-27,5.0,,0.0271,0.0,1.0,,2.0,2.0,,,,2.0,,22.0,,3.0,,,25.0,3.0,,,1.0,,20.0,3.0,,0.3919,2.0,,,,1.0,2.0,3.0,,0.0,5.0,,5.0,1.0,2.0,,16.0,,2.0,1.0,2.0,,0.0,22.0,,4.0,,,11.0,,,,3.0,30.0,,,4.0,0.0581,0.0,,,2.0,,,,,,,,,,,,,,,1.0,,,,,,,,,,,,,,,,,,,,,,,,,,,,,,,,,,,,,,,,,
551466,Gonzalo García,Forward,Fulham,54,Spain,2026-27,26.0,,0.2211,0.0,8.0,2.0,14.0,3.0,,5.0,3.0,14.0,3.0,66.0,1.0,19.0,,,270.0,9.0,19.0,,4.0,9.0,52.0,20.0,,5.9184,1.0,,3.0,7.0,6.0,17.0,13.0,3.0,0.0,45.0,2.0,12.0,6.0,3.0,1.0,31.0,3.0,8.0,6.0,26.0,10.0,0.0,65.0,2.0,32.0,1.0,4.0,16.0,5.0,1.0,,25.0,118.0,1.0,,21.0,1.4458,0.0,,6.0,,1.0,0.9396,3.0,,1.0,0.0,2.0,,,,,1.0,,,4.0,2.0,,,2.0,3.0,,,,,,,,,,,,,,,1.0,,,,,,,7.0,,,,,,,,,1.0,,,,,
153366,Harrison Reed,Midfielder,Fulham,54,England,2026-27,,,,0.0,,,,,,,,,,,,,,,,,,,,,,,,,,,,,,,,,,,,,,,,,,,,,,0.0,,,,,,,,,,,,,,,,0.0,,,,,,,,,,,,,,,,,,,,,,,,,,,,,,,,,,,,,,,,,,,,,,,,,,,,,,,,,,,
551050,Hugo Larsson,Midfielder,Fulham,54,Sweden,2026-27,1.0,,0.2213,0.0,1.0,1.0,3.0,1.0,,,,3.0,,17.0,,,,,11.0,,1.0,,,1.0,14.0,3.0,,,,,,,1.0,1.0,4.0,,0.0,2.0,,6.0,,1.0,1.0,9.0,,,1.0,2.0,,0.0,17.0,,3.0,,,4.0,,,,3.0,21.0,,,5.0,0.1278,0.0,,,1.0,,,,,,,,,,,,,,,,,,,,,,,,,,,,,,,,,,,,,,,,,,,,,,,,,,,,,,,,
174874,Joachim Andersen,Defender,Fulham,54,Denmark,2026-27,8.0,,0.1025,0.0,,2.0,12.0,2.0,,,2.0,22.0,,200.0,,11.0,,,180.0,4.0,11.0,,4.0,4.0,166.0,4.0,,3.8971,3.0,,11.0,4.0,,4.0,51.0,2.0,0.0,19.0,3.0,52.0,9.0,2.0,1.0,62.0,,1.0,,8.0,7.0,0.0,192.0,,24.0,1.0,,90.0,3.0,2.0,12.0,7.0,225.0,,6.0,116.0,,1.0,10.0,4.0,,,,,,,,,,,,,,,,,,,,,2.0,,,3.0,3.0,,,,,,,,,,,,,,,,,,4.0,,,,,,,,,,,,,,
246301,Jorge Cuenca,Defender,Fulham,54,Spain,2026-27,1.0,,0.0276,0.0,,1.0,5.0,1.0,,,1.0,10.0,,87.0,,3.0,,,90.0,1.0,3.0,,1.0,1.0,71.0,,,2.0213,2.0,1.0,5.0,3.0,,,25.0,,0.0,4.0,,37.0,3.0,1.0,,26.0,,,,1.0,2.0,0.0,85.0,,10.0,1.0,,20.0,,1.0,6.0,5.0,99.0,,1.0,51.0,,0.0,5.0,3.0,,,,,,,,,,,,,,,,,,,,,,,,2.0,2.0,,,,,,,,,,,3.0,,,,,,,3.0,,,,,,,,,,,,,,
577725,Josh King,Midfielder,Fulham,54,England,2026-27,18.0,,0.3407,0.0,2.0,5.0,16.0,3.0,,5.0,3.0,18.0,4.0,109.0,,2.0,,,270.0,2.0,12.0,,8.0,12.0,89.0,25.0,,5.9184,3.0,,2.0,7.0,2.0,16.0,21.0,2.0,0.0,30.0,1.0,20.0,10.0,3.0,2.0,52.0,4.0,11.0,2.0,28.0,,0.0,99.0,5.0,43.0,3.0,5.0,29.0,3.0,1.0,2.0,39.0,160.0,,1.0,39.0,0.9542,0.0,2.0,3.0,,3.0,0.5704,5.0,,2.0,0.0,,,,,,2.0,1.0,1.0,9.0,2.0,,,,2.0,1.0,1.0,,,,,,,,,,,,,1.0,,,,,,1.0,7.0,,,,,,,,,,,,,,
167074,Kenny Tete,Defender,Fulham,54,Netherlands,2026-27,,,,0.0,,,,,,,,,,,,,,,,,,,,,,,,,,,,,,,,,,,,,,,,,,,,,,0.0,,,,,,,,,,,,,,,,0.0,,,,,,,,,,,,,,,,,,,,,,,,,,,,,,,,,,,,,,,,,,,,,,,,,,,,,,,,,,,
560552,Kevin,Forward,Fulham,54,Brazil,2026-27,8.0,,0.0443,0.0,,2.0,1.0,2.0,,1.0,,1.0,1.0,17.0,,,,,24.0,,3.0,,2.0,3.0,16.0,,,0.1876,,,,,,8.0,6.0,,0.0,11.0,1.0,2.0,1.0,2.0,2.0,12.0,2.0,3.0,,11.0,,0.0,17.0,,8.0,3.0,1.0,3.0,3.0,,,6.0,28.0,,,4.0,,0.0,,1.0,2.0,,,,,,,,1.0,,,,,,,2.0,,1.0,,,1.0,,,,,,,,,,,,,,,,,,,,,1.0,,,,,,,,,,,,,,,
616069,Macaulay Zepa,Forward,Fulham,54,Cameroon,2026-27,,,,0.0,,,,,,,,,,,,,,,,,,,,,,,,,,,,,,,,,,,,,,,,,,,,,,0.0,,,,,,,,,,,,,,,,0.0,,,,,,,,,,,,,,,,,,,,,,,,,,,,,,,,,,,,,,,,,,,,,,,,,,,,,,,,,,,
500033,Manuel Ángel,Midfielder,Fulham,54,Spain,2026-27,,,,0.0,,,,,,,,,,,,,,,,,,,,,,,,,,,,,,,,,,,,,,,,,,,,,,0.0,,,,,,,,,,,,,,,,0.0,,,,,,,,,,,,,,,,,,,,,,,,,,,,,,,,,,,,,,,,,,,,,,,,,,,,,,,,,,,
477555,Oscar Bobb,Midfielder,Fulham,54,Norway,2026-27,15.0,,0.9217,0.0,1.0,5.0,14.0,3.0,,1.0,3.0,15.0,,74.0,,4.0,,3.0,214.0,3.0,12.0,,5.0,11.0,59.0,15.0,,4.5989,6.0,,,6.0,1.0,12.0,5.0,3.0,0.0,27.0,1.0,15.0,8.0,3.0,4.0,48.0,5.0,9.0,1.0,23.0,1.0,0.0,73.0,2.0,32.0,1.0,3.0,32.0,2.0,2.0,,22.0,119.0,,1.0,14.0,0.3189,0.0,1.0,2.0,,1.0,0.1488,2.0,1.0,,,,9.0,1.0,1.0,3.0,,,,6.0,1.0,5.0,3.0,,1.0,,,,,,,,,,,,,,1.0,,,,,,,1.0,6.0,,,,,,,,,,,,,,
244042,Rodrigo Muniz,Forward,Fulham,54,Brazil,2026-27,3.0,,0.0017,0.0,,,3.0,2.0,,1.0,,3.0,,6.0,,7.0,,,15.0,2.0,5.0,,,,3.0,5.0,,,2.0,1.0,1.0,,,1.0,1.0,,0.0,8.0,,2.0,,2.0,,3.0,,1.0,,1.0,5.0,0.0,6.0,,5.0,,,3.0,,,1.0,1.0,15.0,,,1.0,0.4016,0.0,,1.0,2.0,2.0,0.1186,3.0,,,,,,1.0,1.0,,,,,1.0,1.0,,,,,1.0,1.0,,,,,,,,,,,,,,,,,,,,,,,,,,,,,,,,,,
184349,Ryan Sessegnon,Midfielder,Fulham,54,England,2026-27,7.0,2.0,0.4471,0.0,1.0,1.0,5.0,3.0,,1.0,,9.0,4.0,40.0,,2.0,,2.0,50.0,1.0,6.0,,3.0,5.0,31.0,6.0,1.0,1.3195,1.0,,,1.0,,6.0,8.0,,0.0,13.0,1.0,15.0,3.0,3.0,1.0,23.0,6.0,5.0,,11.0,1.0,0.0,39.0,2.0,23.0,,4.0,5.0,,2.0,1.0,12.0,74.0,7.0,3.0,10.0,0.1326,0.0,4.0,3.0,3.0,1.0,0.0913,2.0,1.0,,,1.0,2.0,1.0,1.0,,,,,3.0,1.0,2.0,,1.0,,,,,,,,,,,,,,,,,,,,,,,1.0,,,,,,,,,,,,,,
207189,Sander Berge,Midfielder,Fulham,54,Norway,2026-27,9.0,,0.3246,0.0,1.0,1.0,8.0,3.0,,3.0,2.0,9.0,1.0,151.0,,4.0,,,185.0,3.0,2.0,,1.0,1.0,140.0,3.0,,3.8484,4.0,,,5.0,1.0,6.0,49.0,,0.0,11.0,1.0,24.0,6.0,3.0,1.0,64.0,1.0,2.0,1.0,7.0,1.0,0.0,149.0,,14.0,,,49.0,1.0,,2.0,29.0,162.0,,1.0,78.0,0.0294,0.0,1.0,3.0,1.0,,,,1.0,,,,,,,,,,,,,,2.0,,1.0,,,,,,,,,,,,,,,1.0,,,,,,,5.0,,,,,,,,,,,,,,
463210,Shea Charles,Midfielder,Fulham,54,Northern Ireland,2026-27,5.0,,0.1258,0.0,1.0,1.0,6.0,3.0,,1.0,1.0,8.0,1.0,104.0,,4.0,,,124.0,3.0,3.0,,2.0,2.0,95.0,5.0,,3.8847,3.0,,,4.0,,2.0,25.0,,0.0,8.0,1.0,26.0,11.0,3.0,1.0,51.0,1.0,,,4.0,1.0,0.0,102.0,,12.0,1.0,1.0,40.0,,4.0,1.0,13.0,124.0,1.0,1.0,45.0,0.0906,0.0,2.0,3.0,2.0,,,1.0,,,,1.0,,,,,,,,,1.0,,1.0,1.0,,,,,,,,,,,,,,,,,,,,,,,4.0,,,,,,,,,,,,,,
166477,Timothy Castagne,Defender,Fulham,54,Belgium,2026-27,13.0,1.0,0.3673,0.0,,4.0,15.0,3.0,1.0,,3.0,22.0,4.0,129.0,1.0,7.0,,1.0,248.0,4.0,12.0,,3.0,9.0,104.0,8.0,,4.5989,3.0,,5.0,6.0,,9.0,6.0,4.0,0.0,25.0,1.0,36.0,11.0,3.0,1.0,50.0,4.0,1.0,,18.0,3.0,0.0,127.0,,28.0,3.0,1.0,54.0,7.0,4.0,3.0,33.0,189.0,23.0,4.0,58.0,0.6769,1.0,7.0,8.0,,2.0,0.4779,4.0,,,,,,2.0,2.0,,,,,1.0,2.0,,1.0,,2.0,,,,,,,,,,,,,,,2.0,,,,,,,6.0,,,,,,,,,,,,,,
496181,Brooke Norton-Cuffy,Defender,Hull,88,England,2026-27,,,0.0004,0.0,,,,1.0,,,,,2.0,3.0,,,,,26.0,,,,1.0,,3.0,1.0,1.0,,,,1.0,,,,,,0.0,,,1.0,2.0,1.0,,2.0,2.0,,,,,0.0,3.0,1.0,3.0,,,1.0,,,,1.0,9.0,1.0,,1.0,,0.0,,,1.0,,,,,,,,,,,,,,,,,,,,,,,,,,,,,,,,,,,,,,,,,,,,,,,,,,,,,,,,
647839,Christos Mouzakitis,Midfielder,Hull,88,Greece,2026-27,,,,0.0,,,,,,,,,,,,,,,,,,,,,,,,,,,,,,,,,,,,,,,,,,,,,,0.0,,,,,,,,,,,,,,,,0.0,,,,,,,,,,,,,,,,,,,,,,,,,,,,,,,,,,,,,,,,,,,,,,,,,,,,,,,,,,,
167825,Dillon Phillips,Goalkeeper,Hull,88,England,2026-27,,,,0.0,,,,,,,,,,,,,,,,,,,,,,,,,,,,,,,,,,,,,,,,,,,,,,0.0,,,,,,,,,,,,,,,,0.0,,,,,,,,,,,,,,,,,,,,,,,,,,,,,,,,,,,,,,,,,,,,,,,,,,,,,,,,,,,
608227,Elliot Stroud,Midfielder,Hull,88,Sweden,2026-27,7.0,1.0,0.0417,0.0,,3.0,6.0,3.0,,2.0,3.0,8.0,3.0,26.0,,5.0,,1.0,193.0,4.0,5.0,,3.0,4.0,17.0,4.0,,1.3771,1.0,,1.0,,,3.0,9.0,,0.0,12.0,,5.0,9.0,3.0,1.0,12.0,3.0,,,7.0,1.0,0.0,26.0,,16.0,2.0,1.0,5.0,4.0,2.0,1.0,7.0,46.0,,1.0,7.0,0.0552,1.0,2.0,1.0,,,,2.0,1.0,,,,,,,,,,,,2.0,,3.0,,1.0,,,,,,,,,,,,,,,,,,,,,,,,,,,,,,,,,,,,
445028,Hidemasa Morita,Midfielder,Hull,88,Japan,2026-27,2.0,,0.0014,0.0,,,2.0,1.0,,,1.0,3.0,1.0,15.0,,2.0,,,45.0,1.0,3.0,,,2.0,12.0,,,1.0009,1.0,,1.0,,,1.0,4.0,,0.0,5.0,,5.0,1.0,1.0,,4.0,1.0,,,3.0,1.0,0.0,15.0,,5.0,,2.0,4.0,,,,2.0,21.0,,,8.0,,0.0,1.0,,,,,,1.0,,,,,,,,,,,,,,1.0,,,,,,,,,,,,,,,,,1.0,,,,,,,,,,,,,,,,,,,,,
552946,Jens Hjertø-Dahl,Midfielder,Hull,88,Norway,2026-27,1.0,,,0.0,,,1.0,1.0,,,,1.0,,2.0,,,,,8.0,,1.0,,,1.0,1.0,,,,,,,,,1.0,,1.0,0.0,2.0,,,1.0,1.0,,,,,,2.0,,0.0,2.0,,1.0,,,2.0,,,,,3.0,,,1.0,,0.0,,1.0,1.0,,,,,,,,,,,,,,,,,,,,,,,,,,,,,,,,,,,,,,,,,,,,,,,,,,,,,,,,
108416,John Egan,Defender,Hull,88,Ireland,2026-27,5.0,,0.0066,0.0,,5.0,15.0,3.0,,,3.0,20.0,,78.0,,10.0,3.0,,270.0,3.0,12.0,,4.0,5.0,56.0,1.0,,1.9983,,,28.0,,,2.0,22.0,1.0,0.0,17.0,4.0,28.0,5.0,3.0,4.0,11.0,,1.0,,7.0,7.0,0.0,75.0,,21.0,1.0,,24.0,1.0,4.0,2.0,4.0,126.0,,5.0,47.0,,0.0,5.0,3.0,,,,,,,,,,,,,,,,,,,,,1.0,,,1.0,1.0,,,,,,,,,,,4.0,,,,,,,,,,,,,,,,,,,,,
171270,Kieran Dowell,Midfielder,Hull,88,England,2026-27,,,,0.0,,,,,,,,,,,,,,,,,,,,,,,,,,,,,,,,,,,,,,,,,,,,,,0.0,,,,,,,,,,,,,,,,0.0,,,,,,,,,,,,,,,,,,,,,,,,,,,,,,,,,,,,,,,,,,,,,,,,,,,,,,,,,,,
473284,Konstantinos Tzolakis,Goalkeeper,Hull,88,Greece,2026-27,,,0.0047,0.0,,,1.0,3.0,,,3.0,66.0,,112.0,,3.0,3.0,,270.0,,5.0,,,2.0,16.0,,,1.9983,,10.0,,,,,7.0,4.0,0.0,5.0,,91.0,43.0,3.0,,22.0,,,,2.0,3.0,0.0,55.0,,66.0,,,14.0,,,30.0,,152.0,,33.0,24.0,,0.0,65.0,5.0,,,,,,,,,,,,,,,,,,,,,,,,33.0,29.0,,7.0,9.0,1.0,,2.0,22.0,5.0,7.0,,,,,,,,,,,,,,,,,,,,,,,
193278,Lewie Coyle,Defender,Hull,88,England,2026-27,6.0,1.0,0.0158,0.0,,1.0,3.0,3.0,,,3.0,9.0,4.0,40.0,,5.0,,1.0,179.0,3.0,7.0,,1.0,5.0,26.0,,5.0,1.3771,1.0,2.0,4.0,,,3.0,3.0,4.0,0.0,13.0,,21.0,4.0,3.0,,17.0,4.0,,,8.0,2.0,0.0,36.0,,18.0,1.0,,8.0,2.0,1.0,5.0,8.0,73.0,9.0,4.0,15.0,,1.0,6.0,1.0,,,,,,,,,,,,,,,,,,,3.0,,2.0,,,,,,,,,,,,,,,,,,,,,,,,,,,,,,,,,,,,
469266,Lucas Gourna-Douath,Midfielder,Hull,88,France,2026-27,7.0,,0.0199,0.0,,4.0,11.0,2.0,,,1.0,12.0,,38.0,,3.0,,,127.0,,9.0,,3.0,6.0,23.0,,,0.4007,2.0,,1.0,,,7.0,7.0,1.0,0.0,16.0,2.0,16.0,7.0,2.0,3.0,12.0,,4.0,,13.0,3.0,0.0,37.0,,17.0,1.0,1.0,7.0,1.0,2.0,3.0,8.0,60.0,,,14.0,,1.0,1.0,3.0,1.0,,,,,,,,,,,,,,,2.0,,,1.0,,,,,,,,,,,,,,,,,2.0,,,,,,,,,,,,,,,,,,,,,
597462,Lucas Herrington,Defender,Hull,88,Australia,2026-27,2.0,,0.0011,0.0,,1.0,1.0,3.0,,,,2.0,,18.0,,4.0,,,76.0,1.0,4.0,,2.0,1.0,16.0,,,0.6213,,,5.0,,,1.0,5.0,,0.0,6.0,2.0,9.0,1.0,3.0,1.0,6.0,,,,2.0,3.0,0.0,17.0,,2.0,,,3.0,1.0,,,1.0,28.0,,1.0,10.0,,0.0,1.0,,3.0,,,,,,,,,,,,,,,,,,,,,,,,,,,,,,,,,,,1.0,,,,,,,,,,,,,,,,,,,,,
101282,Matt Crooks,Midfielder,Hull,88,England,2026-27,5.0,,0.004,0.0,,4.0,4.0,1.0,,2.0,1.0,6.0,,21.0,,3.0,1.0,,90.0,,8.0,,3.0,5.0,15.0,,,0.5968,,,2.0,,,5.0,9.0,1.0,0.0,13.0,3.0,4.0,1.0,1.0,1.0,4.0,,1.0,,10.0,3.0,0.0,19.0,,8.0,3.0,,5.0,2.0,,,3.0,35.0,,1.0,11.0,,1.0,2.0,1.0,,,,,,,,,,,,,,,,,,,,,1.0,,,,,,,,,,,,,,,2.0,,,,,,,,,,,,,,,,,,,,,
169359,Matt Targett,Defender,Hull,88,England,2026-27,,,0.0005,0.0,,,,1.0,,,,,,5.0,,,,,5.0,,,,,,4.0,,,,,,,,,,3.0,,0.0,,,2.0,1.0,1.0,,1.0,,,,,,0.0,5.0,,,,,,,,1.0,,7.0,,,4.0,,0.0,,,1.0,,,,,,,,,,,,,,,,,,,,,,,,,,,,,,,,,,,,,,,,,,,,,,,,,,,,,,,,
540324,Mohamed Belloumi,Forward,Hull,88,Algeria,2026-27,14.0,,0.0618,0.0,,9.0,10.0,3.0,1.0,3.0,3.0,13.0,3.0,42.0,1.0,3.0,1.0,,255.0,2.0,14.0,,3.0,13.0,24.0,6.0,4.0,1.6733,1.0,,3.0,,,12.0,5.0,1.0,0.0,28.0,1.0,10.0,9.0,3.0,4.0,18.0,5.0,4.0,,25.0,1.0,0.0,41.0,1.0,34.0,5.0,3.0,18.0,3.0,9.0,5.0,9.0,101.0,2.0,1.0,11.0,0.1936,0.0,3.0,4.0,,1.0,0.0364,5.0,,,,,3.0,,,,,,,3.0,4.0,2.0,2.0,,1.0,1.0,1.0,,,,,,,,,,,,,2.0,,,,,,2.0,,,1.0,,,,,,,,,,,,
490884,Mohamed-Ali Cho,Forward,Hull,88,France,2026-27,1.0,,0.0012,0.0,,,2.0,2.0,,,,2.0,,4.0,,1.0,,,15.0,1.0,,,,,2.0,1.0,,0.3251,,,,,,,,,0.0,1.0,,3.0,,2.0,,2.0,,,,,,0.0,4.0,,3.0,,,1.0,,,,,6.0,,,,0.0501,0.0,,,2.0,1.0,0.0278,1.0,,,,,,1.0,1.0,,,,,,,,,,,,,,,,,,,,,,,,,,,,,,,1.0,,,,,,,,,,,,,,,
606930,Nobel Mendy,Defender,Hull,88,Senegal,2026-27,6.0,,0.0062,0.0,,5.0,3.0,3.0,,,3.0,13.0,1.0,70.0,1.0,5.0,,,194.0,3.0,7.0,,4.0,5.0,52.0,1.0,,1.3771,,1.0,21.0,,,3.0,28.0,,0.0,13.0,3.0,22.0,6.0,3.0,2.0,14.0,1.0,,,8.0,2.0,0.0,70.0,,15.0,3.0,,12.0,3.0,2.0,5.0,8.0,117.0,,5.0,43.0,0.3148,0.0,10.0,4.0,,3.0,0.6936,4.0,,1.0,0.0,,,,,,1.0,,,,1.0,,3.0,,2.0,2.0,2.0,,,,,,,,,,,,,4.0,,,,,,,,,,,,,,,,1.0,,,,,
169432,Oliver McBurnie,Forward,Hull,88,Scotland,2026-27,29.0,,0.0748,0.0,,2.0,26.0,3.0,,2.0,3.0,26.0,,56.0,,39.0,3.0,,270.0,21.0,29.0,,5.0,11.0,27.0,12.0,,1.9983,4.0,,4.0,,,8.0,6.0,6.0,0.0,58.0,3.0,20.0,6.0,3.0,2.0,23.0,,3.0,,19.0,18.0,0.0,56.0,1.0,42.0,,3.0,21.0,4.0,,3.0,9.0,102.0,,,7.0,0.5381,1.0,,5.0,,2.0,0.4735,5.0,,,,,,2.0,2.0,,,,,1.0,3.0,,,,,,,,,,,,,,,,,,1.0,,,,,,,2.0,,,1.0,,,,,,,,,,,,
160817,Paddy McNair,Defender,Hull,88,Northern Ireland,2026-27,1.0,,0.0001,0.0,,,,1.0,,,,1.0,,4.0,,1.0,,,26.0,1.0,,,,,3.0,,,0.2962,,,2.0,,,,1.0,,0.0,1.0,,2.0,1.0,1.0,,1.0,,,,,,0.0,4.0,,1.0,,,,,,,1.0,7.0,,1.0,2.0,,0.0,1.0,1.0,1.0,,,,,,,,,,,,,,,,,,,,,,,,,,,,,,,,,,,,,,,,,,,,,,,,,,,,,,,,
243413,Regan Slater,Midfielder,Hull,88,England,2026-27,10.0,,0.4622,0.0,,6.0,11.0,3.0,1.0,1.0,3.0,17.0,,74.0,,6.0,3.0,2.0,270.0,2.0,13.0,,1.0,9.0,55.0,1.0,,1.9983,1.0,,3.0,,,8.0,16.0,2.0,0.0,23.0,1.0,22.0,8.0,3.0,4.0,32.0,2.0,2.0,,17.0,4.0,0.0,70.0,,26.0,2.0,1.0,21.0,4.0,2.0,2.0,15.0,108.0,,,27.0,0.0403,1.0,6.0,5.0,,1.0,0.0596,2.0,,,,,3.0,,,1.0,,,,,1.0,2.0,,,3.0,1.0,1.0,,,,,,,,,,,,,,,,,,,,,,,,,,,,,,,,,,
631000,Robinio Vaz,Forward,Hull,88,France,2026-27,,,,0.0,,,,,,,,,,,,,,,,,,,,,,,,,,,,,,,,,,,,,,,,,,,,,,0.0,,,,,,,,,,,,,,,,0.0,,,,,,,,,,,,,,,,,,,,,,,,,,,,,,,,,,,,,,,,,,,,,,,,,,,,,,,,,,,
232351,Ryan Giles,Defender,Hull,88,England,2026-27,3.0,4.0,0.1897,0.0,1.0,3.0,5.0,3.0,,,3.0,11.0,17.0,55.0,,5.0,2.0,4.0,265.0,2.0,8.0,,5.0,5.0,43.0,2.0,6.0,1.9983,4.0,,7.0,,,1.0,20.0,,0.0,11.0,2.0,18.0,10.0,3.0,1.0,28.0,17.0,,,6.0,3.0,0.0,55.0,3.0,42.0,2.0,2.0,2.0,,2.0,1.0,15.0,117.0,8.0,3.0,20.0,0.021,0.0,6.0,2.0,,,,,,,,1.0,,,,,,,,,,,1.0,1.0,,,,,,,,,,,,,,,,,,,,,,,,,,,,,,,,,,,,,
146426,Semi Ajayi,Defender,Hull,88,Nigeria,2026-27,6.0,,0.0093,0.0,,3.0,3.0,3.0,,,3.0,9.0,2.0,65.0,,7.0,2.0,,244.0,3.0,10.0,,3.0,6.0,52.0,2.0,,1.7021,,2.0,14.0,,,3.0,4.0,1.0,1.0,16.0,3.0,33.0,9.0,3.0,1.0,23.0,2.0,1.0,,9.0,4.0,0.0,64.0,,12.0,2.0,2.0,22.0,1.0,3.0,4.0,6.0,98.0,,3.0,33.0,0.523,1.0,6.0,1.0,,1.0,0.9723,1.0,,1.0,0.0,,,,,,1.0,1.0,,,,,1.0,,,,,,,,,,,,,,,,,,,,,,,,,,,,,,,,,,,,,,
243951,Sorba Thomas,Forward,Hull,88,Wales,2026-27,2.0,,0.0445,0.0,,,,1.0,,,,1.0,2.0,7.0,,,,,27.0,,1.0,,,1.0,6.0,,,,1.0,,,,,2.0,1.0,,0.0,3.0,,1.0,1.0,1.0,,3.0,2.0,2.0,,3.0,,0.0,7.0,,5.0,,1.0,1.0,,,,4.0,13.0,1.0,1.0,3.0,,0.0,1.0,1.0,1.0,,,,,,,,,,,,,,,1.0,,,,,,,,,,,,,,,,,,,,,,,,,,,,,,,,,,,,,,,,,
490094,Tim Iroegbunam,Midfielder,Hull,88,England,2026-27,1.0,,,0.0,,,,1.0,,,,,,,,,,,4.0,,,,,,,,,,,,,,,1.0,,,0.0,1.0,,,,1.0,,,,,,1.0,,0.0,,,,,,,1.0,,,,1.0,1.0,,,,0.0,,,1.0,,,,,,,,,,,,,,,,,,,,,,,,,,,,,,,,,,,,,,,,,,,,,,,,,,,,,,,,
572584,Abdoul Ouattara,Defender,Ipswich,40,Cote d’Ivoire,2026-27,2.0,,0.019,0.0,,,1.0,3.0,,2.0,,1.0,,39.0,,1.0,,,39.0,1.0,,1.0,1.0,,38.0,,,1.0923,2.0,,2.0,1.0,,1.0,14.0,,0.0,2.0,1.0,6.0,3.0,3.0,,17.0,,,,1.0,,0.0,39.0,,3.0,,,8.0,,,,11.0,46.0,1.0,,21.0,,0.0,,,3.0,,,,,,,,,,,,,,,,,,,,,,,,,,,,,,,,,,,,,,,,,,,,,,,,,,,,,,,,
531442,Abdul Fatawu,Forward,Ipswich,40,Ghana,2026-27,23.0,5.0,0.7752,0.0,,7.0,12.0,3.0,1.0,,3.0,16.0,6.0,41.0,1.0,4.0,,7.0,228.0,2.0,21.0,2.0,7.0,19.0,24.0,6.0,,6.6506,6.0,,2.0,8.0,,21.0,1.0,5.0,0.0,44.0,2.0,17.0,6.0,3.0,2.0,21.0,9.0,14.0,,40.0,2.0,0.0,39.0,2.0,51.0,5.0,7.0,11.0,3.0,2.0,1.0,12.0,114.0,1.0,,11.0,0.0306,1.0,4.0,6.0,,,,2.0,1.0,,,,4.0,,,2.0,,,,8.0,2.0,2.0,3.0,,2.0,,,,,,,,,,,,,,3.0,,,,,,,2.0,6.0,,,,1.0,,,,,,,,,,
108813,Christian Walton,Goalkeeper,Ipswich,40,England,2026-27,,,,0.0,,,,,,,,,,,,,,,,,,,,,,,,,,,,,,,,,,,,,,,,,,,,,,0.0,,,,,,,,,,,,,,,,0.0,,,,,,,,,,,,,,,,,,,,,,,,,,,,,,,,,,,,,,,,,,,,,,,,,,,,,,,,,,,
147675,Chuba Akpom,Forward,Ipswich,40,England,2026-27,10.0,,0.0037,0.0,,1.0,4.0,2.0,,1.0,,4.0,,10.0,,8.0,,,69.0,6.0,5.0,1.0,2.0,3.0,6.0,2.0,,3.4234,,,,4.0,,4.0,4.0,2.0,0.0,15.0,2.0,1.0,2.0,2.0,1.0,5.0,,2.0,,7.0,2.0,0.0,10.0,,7.0,,,4.0,1.0,,,2.0,20.0,,,1.0,0.9651,0.0,,1.0,2.0,1.0,0.9953,1.0,,1.0,1.0,,,,,,0.0,1.0,,1.0,,,,,1.0,,,,,,,,,,,,,,,,,,,,,,3.0,,,,1.0,,,,,,,,,,
183015,Cédric Kipré,Defender,Ipswich,40,Cote d’Ivoire,2026-27,,,,0.0,,,,,,,,,,,,,,,,,,,,,,,,,,,,,,,,,,,,,,,,,,,,,,0.0,,,,,,,,,,,,,,,,0.0,,,,,,,,,,,,,,,,,,,,,,,,,,,,,,,,,,,,,,,,,,,,,,,,,,,,,,,,,,,
442967,Daizen Maeda,Forward,Ipswich,40,Japan,2026-27,19.0,,0.0107,0.0,,7.0,6.0,3.0,,,3.0,6.0,3.0,30.0,,5.0,,,219.0,4.0,8.0,1.0,8.0,7.0,24.0,4.0,,5.8951,,,7.0,7.0,,15.0,15.0,,0.0,27.0,6.0,3.0,4.0,3.0,2.0,15.0,3.0,5.0,,22.0,1.0,0.0,30.0,2.0,15.0,5.0,,1.0,4.0,,,11.0,70.0,,,9.0,0.7163,0.0,,2.0,,2.0,0.2184,3.0,,,,,,2.0,2.0,,,,,4.0,1.0,,3.0,,4.0,,,,,,,,,,,,,,,1.0,,,,,,1.0,6.0,,,,1.0,,,,,,,,,,
216616,Dara O'Shea,Defender,Ipswich,40,Ireland,2026-27,9.0,2.0,0.1704,0.0,,5.0,18.0,3.0,,,3.0,27.0,1.0,99.0,,11.0,,2.0,270.0,4.0,15.0,2.0,7.0,8.0,71.0,5.0,6.0,6.9874,2.0,1.0,20.0,8.0,,5.0,5.0,3.0,0.0,24.0,1.0,47.0,11.0,3.0,3.0,27.0,1.0,2.0,,13.0,7.0,0.0,92.0,,39.0,2.0,,35.0,3.0,3.0,1.0,12.0,177.0,23.0,5.0,47.0,0.0749,0.0,9.0,10.0,,,,1.0,,,,,,,,,,,,1.0,1.0,,,,1.0,,,,,,,,,,,,,,,2.0,,,,,,,6.0,,,,1.0,,,,,,,,,,
176420,Darnell Furlong,Defender,Ipswich,40,England,2026-27,2.0,,0.0013,0.0,,1.0,3.0,1.0,,,,4.0,,13.0,,3.0,,,17.0,1.0,3.0,1.0,,1.0,9.0,,,1.0565,,,1.0,1.0,,1.0,1.0,,0.0,5.0,,4.0,,1.0,1.0,3.0,,,,2.0,2.0,0.0,13.0,,5.0,,,7.0,,1.0,,1.0,19.0,2.0,1.0,6.0,,0.0,1.0,,1.0,,,,,,,,,,,,,,,,,,,,,,,,,,,,,,,,,,,,,,,,,,,,,,,,,,,,,,,,
543968,Emersonn,Forward,Ipswich,40,Brazil,2026-27,18.0,1.0,0.0628,0.0,1.0,2.0,2.0,3.0,,2.0,3.0,3.0,,17.0,2.0,15.0,,1.0,177.0,11.0,12.0,1.0,2.0,8.0,14.0,6.0,,3.564,3.0,,3.0,4.0,1.0,7.0,4.0,4.0,0.0,30.0,2.0,3.0,2.0,3.0,,10.0,,4.0,1.0,15.0,4.0,0.0,17.0,2.0,18.0,2.0,2.0,2.0,1.0,,,8.0,52.0,,1.0,5.0,1.0357,0.0,1.0,,,2.0,1.002,3.0,,1.0,0.0,,,1.0,1.0,,1.0,1.0,,2.0,1.0,,3.0,,1.0,,,,,,,,,,,,,,,,,,,,,,3.0,,,,,,,,,,,,,,
218543,Exequiel Palacios,Midfielder,Ipswich,40,Argentina,2026-27,4.0,,0.0385,0.0,,5.0,9.0,2.0,,,1.0,11.0,,77.0,,1.0,,,106.0,,11.0,1.0,2.0,10.0,64.0,1.0,,4.2353,3.0,,,4.0,,4.0,25.0,5.0,0.0,15.0,,27.0,15.0,2.0,2.0,34.0,,1.0,,14.0,1.0,0.0,76.0,,15.0,3.0,,18.0,2.0,4.0,2.0,7.0,96.0,,,32.0,,0.0,2.0,2.0,1.0,,,,,,,,,,,,,,,1.0,,,1.0,,1.0,,,,,,,,,,,,,,,1.0,,,,,,,3.0,,,,,,,,,,,,,,
216055,Florentino,Midfielder,Ipswich,40,Portugal,2026-27,,,,0.0,,,,,,,,,,,,,,,,,,,,,,,,,,,,,,,,,,,,,,,,,,,,,,0.0,,,,,,,,,,,,,,,,0.0,,,,,,,,,,,,,,,,,,,,,,,,,,,,,,,,,,,,,,,,,,,,,,,,,,,,,,,,,,,
219924,Issa Diop,Defender,Ipswich,40,Morocco,2026-27,8.0,,0.023,0.0,,3.0,7.0,3.0,,,3.0,15.0,,135.0,,4.0,,,270.0,2.0,7.0,2.0,2.0,5.0,116.0,1.0,,6.9874,1.0,,15.0,8.0,,6.0,32.0,,0.0,15.0,1.0,53.0,12.0,3.0,,25.0,,1.0,,11.0,2.0,0.0,130.0,,16.0,3.0,2.0,37.0,3.0,5.0,4.0,13.0,170.0,,5.0,95.0,,0.0,8.0,7.0,,,,,,,,,,,,,,,,,,,,,2.0,,,1.0,1.0,,,,,,,,,,,5.0,,,,,,,6.0,1.0,,,1.0,,,,,,,,,,
443261,Jack Clarke,Forward,Ipswich,40,England,2026-27,3.0,,0.0178,0.0,1.0,1.0,5.0,2.0,,,,6.0,,25.0,,,,,43.0,,1.0,,3.0,1.0,17.0,2.0,,0.0358,1.0,,,,,3.0,6.0,,1.0,4.0,1.0,10.0,2.0,2.0,,12.0,,1.0,,4.0,,0.0,25.0,,7.0,1.0,,2.0,1.0,1.0,2.0,7.0,32.0,,,7.0,0.15,0.0,1.0,1.0,2.0,1.0,0.6268,2.0,,1.0,0.0,1.0,,,,,1.0,1.0,,,1.0,,,1.0,,,,,,,,,,,,,,,,,,,,,,,,,,,,,,,,,,,,,
449429,Jacob Greaves,Defender,Ipswich,40,England,2026-27,6.0,,0.0493,0.0,,5.0,12.0,3.0,,,3.0,16.0,,140.0,1.0,10.0,,,270.0,5.0,15.0,2.0,4.0,10.0,122.0,2.0,,6.9874,1.0,1.0,15.0,8.0,,1.0,66.0,5.0,0.0,21.0,3.0,42.0,8.0,3.0,2.0,34.0,,,,11.0,5.0,0.0,118.0,,17.0,3.0,,23.0,2.0,,2.0,9.0,176.0,,2.0,90.0,,1.0,4.0,4.0,,,,,,,,,,,,,,,,,,,,,1.0,,,14.0,14.0,,,,,,,,,,,4.0,,,,,,,6.0,,,,1.0,,,1.0,,,,1.0,,,
474120,Julio Enciso,Midfielder,Ipswich,40,Paraguay,2026-27,19.0,,0.6433,0.0,3.0,2.0,7.0,3.0,2.0,2.0,3.0,10.0,,83.0,1.0,1.0,,,251.0,1.0,15.0,2.0,2.0,15.0,69.0,9.0,,6.9516,2.0,,1.0,8.0,1.0,18.0,21.0,6.0,0.0,34.0,1.0,15.0,15.0,3.0,,45.0,,16.0,1.0,33.0,,0.0,74.0,1.0,34.0,2.0,7.0,27.0,1.0,3.0,4.0,20.0,147.0,1.0,,28.0,0.8711,1.0,3.0,4.0,,3.0,0.9551,9.0,,,,2.0,,1.0,1.0,,,,,9.0,6.0,,1.0,2.0,1.0,2.0,2.0,,,,,,,,,,,,,,,,,,,,6.0,,,,1.0,,,,,,,,,,
461587,Kasey McAteer,Midfielder,Ipswich,40,Ireland,2026-27,4.0,,0.0074,0.0,,1.0,1.0,3.0,,1.0,,1.0,,12.0,,2.0,,,42.0,2.0,1.0,,1.0,1.0,11.0,,,0.3368,,,,,,2.0,,,0.0,5.0,1.0,2.0,4.0,3.0,,7.0,,1.0,,3.0,,0.0,12.0,,3.0,1.0,,6.0,1.0,,,4.0,19.0,,,4.0,0.0471,0.0,,1.0,3.0,1.0,0.1289,1.0,,,,,,,,,,,,1.0,,,,,,1.0,1.0,,,,,,,,,,,,1.0,,,,,,,,,,,,,,,,,,,,,,
240514,Kjell Scherpen,Goalkeeper,Ipswich,40,Netherlands,2026-27,,,0.0093,0.0,,,1.0,3.0,,,3.0,36.0,,95.0,,1.0,,,270.0,,2.0,2.0,,1.0,37.0,,,6.9874,,6.0,4.0,8.0,,,22.0,1.0,0.0,2.0,,60.0,30.0,3.0,,12.0,,,,1.0,1.0,0.0,84.0,,39.0,,,13.0,,1.0,22.0,,140.0,,21.0,47.0,,0.0,35.0,9.0,,,,,,,,,,,,,,,,,,,,,,,,2.0,18.0,3.0,4.0,13.0,1.0,,7.0,4.0,5.0,6.0,,,,,,,,,6.0,,,,1.0,1.0,,,,,,,,,
455084,Leif Davis,Defender,Ipswich,40,England,2026-27,4.0,,0.2547,0.0,,2.0,17.0,3.0,,,3.0,21.0,6.0,88.0,1.0,2.0,,,270.0,,5.0,2.0,7.0,3.0,61.0,9.0,6.0,6.9874,3.0,,10.0,8.0,,4.0,26.0,1.0,0.0,9.0,,25.0,8.0,3.0,1.0,28.0,7.0,4.0,,7.0,2.0,0.0,85.0,4.0,39.0,1.0,,5.0,,2.0,6.0,32.0,148.0,17.0,1.0,39.0,0.6509,0.0,4.0,6.0,,2.0,0.9485,3.0,1.0,1.0,1.0,,,1.0,1.0,,0.0,,1.0,1.0,1.0,,,,,,,,,,,,,,,,,,,3.0,,,,,,,6.0,,,,1.0,,,,,,,,,,
501390,Marcelino Núñez,Midfielder,Ipswich,40,Chile,2026-27,7.0,,0.0557,0.0,,3.0,8.0,2.0,,1.0,2.0,9.0,1.0,70.0,,,,1.0,142.0,,5.0,1.0,1.0,5.0,58.0,2.0,,2.7164,1.0,,4.0,4.0,,7.0,27.0,,0.0,12.0,,16.0,10.0,2.0,2.0,35.0,1.0,,,12.0,,0.0,70.0,,14.0,1.0,2.0,23.0,1.0,1.0,3.0,4.0,93.0,1.0,1.0,27.0,0.0327,0.0,1.0,3.0,,,,1.0,,,,,1.0,,,1.0,,,,,1.0,,2.0,,1.0,,,,,,,,,,,,,,,3.0,,,,,,1.0,3.0,1.0,,,1.0,,,,,,,,,,
212314,Sasa Lukic,Midfielder,Ipswich,40,Serbia,2026-27,15.0,,0.0545,0.0,1.0,5.0,13.0,3.0,1.0,3.0,3.0,17.0,,150.0,,4.0,,,253.0,3.0,7.0,1.0,4.0,6.0,130.0,1.0,,5.9309,2.0,,6.0,7.0,,12.0,41.0,1.0,0.0,22.0,1.0,29.0,6.0,3.0,2.0,61.0,7.0,2.0,,18.0,1.0,0.0,141.0,,26.0,3.0,,61.0,5.0,3.0,3.0,19.0,181.0,,1.0,72.0,0.0167,1.0,4.0,4.0,,,,,,,,1.0,6.0,,,,,,,1.0,,6.0,1.0,1.0,3.0,,,,,,,,,,,,,,,1.0,,,,,,,6.0,,,,1.0,,,,,,,,,,
557012,Sindre Egeli,Forward,Ipswich,40,Norway,2026-27,1.0,,0.0001,0.0,,,,1.0,,,,,,1.0,,,,,10.0,,1.0,,,1.0,1.0,,,0.0358,,,,,,1.0,,1.0,0.0,2.0,,,,1.0,,,,,,2.0,,0.0,1.0,,,,,,1.0,,,1.0,2.0,,,1.0,,0.0,,,1.0,,,,,,,,,,,,,,,,,,,,,,,,,,,,,,,,,,,,,,,,,,,,,,,,,,,,,,,,
431639,Zian Flemming,Forward,Ipswich,40,Netherlands,2026-27,1.0,,0.0075,0.0,,,2.0,1.0,,,,3.0,,5.0,1.0,,,,24.0,,1.0,,,1.0,2.0,,,,,,,,,1.0,,,0.0,2.0,,3.0,1.0,1.0,,2.0,,,,2.0,,0.0,5.0,,4.0,,1.0,,1.0,,,2.0,8.0,,,,0.019,0.0,1.0,,1.0,1.0,0.0098,1.0,,,,,,,,,,,,,,,,,,1.0,1.0,,,,,,,,,,,,,,,,,,,,,,,,,,,,,,,,,,
97846,Alex Cairns,Goalkeeper,Leeds,2,England,2026-27,,,,0.0,,,,,,,,,,,,,,,,,,,,,,,,,,,,,,,,,,,,,,,,,,,,,,0.0,,,,,,,,,,,,,,,,0.0,,,,,,,,,,,,,,,,,,,,,,,,,,,,,,,,,,,,,,,,,,,,,,,,,,,,,,,,,,,
592740,Alfie Cresswell,Midfielder,Leeds,2,England,2026-27,,,,0.0,,,,,,,,,,,,,,,,,,,,,,,,,,,,,,,,,,,,,,,,,,,,,,0.0,,,,,,,,,,,,,,,,0.0,,,,,,,,,,,,,,,,,,,,,,,,,,,,,,,,,,,,,,,,,,,,,,,,,,,,,,,,,,,
466525,Anton Stach,Midfielder,Leeds,2,Germany,2026-27,17.0,1.0,0.1575,0.0,2.0,9.0,30.0,3.0,,4.0,3.0,33.0,2.0,82.0,,10.0,1.0,2.0,270.0,3.0,24.0,,7.0,17.0,43.0,6.0,,1.797,2.0,1.0,11.0,2.0,,14.0,18.0,7.0,1.0,41.0,3.0,33.0,11.0,3.0,6.0,30.0,13.0,6.0,,31.0,7.0,0.0,77.0,2.0,61.0,3.0,1.0,13.0,5.0,6.0,6.0,18.0,163.0,,1.0,21.0,0.4908,0.0,3.0,8.0,,2.0,0.4604,3.0,,1.0,1.0,2.0,9.0,1.0,1.0,1.0,0.0,1.0,,4.0,1.0,8.0,,2.0,4.0,,,,,,,,,,,,,,,1.0,0.1481,3.0,3.0,,,,2.0,,,,,,,,,,,,,,1.0
248056,Ao Tanaka,Midfielder,Leeds,2,Japan,2026-27,2.0,,0.0172,0.0,,5.0,8.0,2.0,1.0,2.0,1.0,9.0,,50.0,1.0,2.0,,,118.0,1.0,9.0,,1.0,8.0,41.0,3.0,,0.6837,,,7.0,1.0,,1.0,13.0,1.0,0.0,11.0,1.0,13.0,6.0,2.0,4.0,14.0,,,,9.0,1.0,0.0,47.0,,10.0,1.0,2.0,9.0,1.0,,,15.0,74.0,,,27.0,0.5287,0.0,1.0,3.0,1.0,,,2.0,,,,,,,,,,,,,2.0,,1.0,,,,,,,,,,,,,,,,,1.0,,,,,,,1.0,,1.0,1.0,,,,,,,,,,,
427637,Brenden Aaronson,Midfielder,Leeds,2,United States,2026-27,18.0,,0.0121,0.0,,2.0,7.0,3.0,,1.0,2.0,7.0,,24.0,,9.0,,,155.0,6.0,12.0,,4.0,9.0,17.0,,,1.6417,,,1.0,2.0,,12.0,7.0,5.0,0.0,30.0,4.0,7.0,7.0,3.0,,9.0,,5.0,,21.0,3.0,0.0,23.0,,17.0,2.0,2.0,5.0,,,,5.0,55.0,,,8.0,0.0117,0.0,,,1.0,1.0,0.025,1.0,,,,,,,,,,,,3.0,,,2.0,,,1.0,1.0,,,,,,,,,,,,1.0,,,,,,,,2.0,,,,,,,,,,,,,,
200617,Daniel James,Forward,Leeds,2,Wales,2026-27,3.0,,0.0063,0.0,2.0,,1.0,1.0,,,,1.0,2.0,6.0,,1.0,,,22.0,1.0,1.0,,1.0,1.0,4.0,2.0,,0.0905,,,,,1.0,2.0,1.0,,0.0,4.0,,3.0,2.0,1.0,,4.0,2.0,2.0,1.0,3.0,,0.0,6.0,2.0,5.0,,1.0,,,,1.0,2.0,16.0,,,1.0,0.2367,0.0,,1.0,1.0,,,2.0,,,,1.0,,,,,,,,2.0,2.0,,,1.0,,,,,,,,,,,,,,,,,,,,,,,,,,,,,,,,,,,,,
177815,Dominic Calvert-Lewin,Forward,Leeds,2,England,2026-27,24.0,,0.0824,0.0,2.0,,19.0,3.0,,3.0,3.0,19.0,,40.0,4.0,30.0,1.0,,253.0,14.0,19.0,,2.0,3.0,21.0,6.0,,1.7335,1.0,,4.0,2.0,1.0,10.0,8.0,3.0,0.0,43.0,,19.0,5.0,3.0,,17.0,,1.0,1.0,13.0,16.0,0.0,40.0,1.0,28.0,,,6.0,7.0,,,7.0,69.0,,,4.0,1.6058,2.0,,2.0,,3.0,1.2555,4.0,,1.0,0.0,1.0,,2.0,2.0,,1.0,,1.0,1.0,1.0,,1.0,1.0,1.0,,,,,,,,,,,,,,1.0,,,,,,,,2.0,,,,,,,,,,,,,,
199598,Ethan Ampadu,Midfielder,Leeds,2,Wales,2026-27,16.0,1.0,0.1383,0.0,,8.0,14.0,3.0,,2.0,3.0,25.0,1.0,115.0,,9.0,1.0,1.0,270.0,7.0,13.0,,5.0,11.0,85.0,,11.0,1.797,3.0,,7.0,2.0,,9.0,21.0,2.0,0.0,29.0,1.0,46.0,9.0,3.0,4.0,47.0,1.0,,,20.0,2.0,0.0,109.0,1.0,41.0,4.0,1.0,34.0,4.0,7.0,5.0,14.0,174.0,6.0,3.0,44.0,0.0141,0.0,11.0,6.0,,,,1.0,,,,,,,,,,,,,1.0,,,,3.0,,,,,,,,,,,,,,1.0,3.0,,,,,,,2.0,,,,,,,,,,,,,,
243526,Gabriel Gudmundsson,Defender,Leeds,2,Sweden,2026-27,4.0,,0.0016,0.0,,3.0,6.0,1.0,,,1.0,10.0,2.0,26.0,,2.0,,,90.0,,8.0,,1.0,6.0,14.0,1.0,6.0,0.6567,,1.0,2.0,1.0,,4.0,7.0,2.0,0.0,12.0,1.0,12.0,9.0,1.0,2.0,5.0,2.0,3.0,,10.0,2.0,0.0,26.0,1.0,22.0,1.0,1.0,,1.0,,2.0,7.0,50.0,1.0,2.0,11.0,,0.0,4.0,2.0,,,,,,,,,,,,,,,,2.0,,,,,,,,,,,,,,,,,,,,,,,,,,1.0,1.0,,,,,,,,,,,,,,
153682,Harry Wilson,Forward,Leeds,2,Wales,2026-27,7.0,,0.066,0.0,1.0,3.0,3.0,3.0,,,1.0,4.0,2.0,35.0,1.0,1.0,,1.0,128.0,1.0,6.0,,,6.0,26.0,5.0,,0.4817,4.0,,,,,6.0,4.0,1.0,0.0,13.0,,10.0,4.0,3.0,2.0,18.0,6.0,2.0,,12.0,,0.0,32.0,,14.0,1.0,2.0,14.0,3.0,2.0,5.0,7.0,58.0,,1.0,14.0,0.0106,1.0,1.0,2.0,2.0,,,,,,,1.0,4.0,,,1.0,,,,1.0,,3.0,1.0,1.0,1.0,,,,,,,,,,,,,,,,,,,,,,,,,,,,,,,,,,,,
434752,Jaka Bijol,Defender,Leeds,2,Slovenia,2026-27,8.0,,0.0036,0.0,2.0,3.0,11.0,3.0,,,2.0,19.0,1.0,79.0,,16.0,1.0,,164.0,8.0,12.0,,1.0,4.0,55.0,3.0,,1.6417,,3.0,15.0,2.0,2.0,,18.0,1.0,0.0,20.0,1.0,34.0,7.0,3.0,1.0,16.0,1.0,,2.0,4.0,8.0,0.0,79.0,1.0,20.0,2.0,,20.0,1.0,3.0,5.0,7.0,107.0,,2.0,44.0,0.1059,0.0,8.0,6.0,1.0,,,,,,,,,,,,,,,,,,1.0,,,,,,,,,,,,,,,,,1.0,,,,,1.0,,2.0,,,,,,,,,,,,,,
220627,James Justin,Defender,Leeds,2,England,2026-27,13.0,,0.0206,0.0,,11.0,11.0,3.0,,2.0,3.0,18.0,5.0,63.0,,13.0,1.0,,270.0,5.0,22.0,,5.0,14.0,44.0,4.0,8.0,1.797,1.0,1.0,13.0,2.0,,8.0,13.0,3.0,0.0,35.0,2.0,24.0,11.0,3.0,4.0,22.0,5.0,2.0,,22.0,8.0,0.0,61.0,2.0,39.0,7.0,1.0,10.0,3.0,4.0,1.0,16.0,136.0,7.0,4.0,23.0,0.1693,0.0,7.0,7.0,,2.0,0.4366,3.0,,,,,,1.0,1.0,,,,,,1.0,,,,1.0,1.0,1.0,,,,,,,,,,,,,2.0,,,,,,,2.0,,,,,,,,,,,,,,
432720,James Trafford,Goalkeeper,Leeds,2,England,2026-27,1.0,,0.0063,0.0,,,1.0,3.0,,,3.0,45.0,,111.0,,1.0,1.0,,270.0,1.0,,,2.0,,41.0,,,1.797,,10.0,2.0,2.0,,,19.0,,0.0,1.0,,77.0,31.0,3.0,,20.0,,,,,,0.0,70.0,,45.0,,,15.0,,,25.0,,148.0,,28.0,46.0,,0.0,44.0,5.0,,,,,,,,,,,,,,,,,,,,,,,,22.0,27.0,2.0,5.0,11.0,,,1.0,13.0,3.0,9.0,,,,,,,,,2.0,,,,,,,,,,,,,,
226182,Jayden Bogle,Defender,Leeds,2,England,2026-27,10.0,,0.0305,0.0,,3.0,12.0,3.0,,1.0,3.0,20.0,3.0,62.0,,6.0,1.0,,219.0,2.0,16.0,,5.0,12.0,39.0,3.0,2.0,1.1146,1.0,,6.0,1.0,,8.0,3.0,6.0,0.0,26.0,2.0,25.0,8.0,3.0,1.0,18.0,3.0,3.0,,20.0,4.0,0.0,60.0,2.0,37.0,2.0,3.0,18.0,3.0,2.0,3.0,16.0,112.0,2.0,3.0,24.0,0.9023,1.0,8.0,4.0,,1.0,0.9953,1.0,,1.0,1.0,,,,,,0.0,1.0,,2.0,,,2.0,,1.0,,,,,,,,,,,,,,1.0,1.0,,,,,,,1.0,,,,,,,,,,,,,,
643970,Jayden Lienou,Defender,Leeds,2,Wales,2026-27,,,,0.0,,,,,,,,,,,,,,,,,,,,,,,,,,,,,,,,,,,,,,,,,,,,,,0.0,,,,,,,,,,,,,,,,0.0,,,,,,,,,,,,,,,,,,,,,,,,,,,,,,,,,,,,,,,,,,,,,,,,,,,,,,,,,,,
587982,Jean-Mattéo Bahoya,Forward,Leeds,2,France,2026-27,,,,0.0,,,,,,,,,,,,,,,,,,,,,,,,,,,,,,,,,,,,,,,,,,,,,,0.0,,,,,,,,,,,,,,,,0.0,,,,,,,,,,,,,,,,,,,,,,,,,,,,,,,,,,,,,,,,,,,,,,,,,,,,,,,,,,,
214225,Joe Rodon,Defender,Leeds,2,Wales,2026-27,5.0,1.0,0.0622,0.0,1.0,1.0,7.0,2.0,,,2.0,9.0,,34.0,,4.0,1.0,1.0,124.0,,7.0,,1.0,3.0,24.0,2.0,4.0,0.4534,1.0,,8.0,,1.0,5.0,2.0,2.0,0.0,12.0,1.0,13.0,2.0,2.0,1.0,10.0,,1.0,1.0,8.0,4.0,0.0,33.0,,14.0,1.0,,12.0,3.0,1.0,1.0,7.0,59.0,2.0,1.0,16.0,0.0333,0.0,2.0,5.0,,,,,,,,,,,,,,,,1.0,,,1.0,,3.0,,,,,,,,,,,,,,,1.0,,,,,,,,,,,,,,,,,,,,,
174594,Lukas Nmecha,Forward,Leeds,2,Germany,2026-27,4.0,,0.1392,0.0,1.0,,1.0,2.0,1.0,1.0,,1.0,2.0,7.0,,2.0,,,38.0,2.0,2.0,,2.0,2.0,6.0,4.0,,0.154,1.0,,,,1.0,2.0,4.0,1.0,0.0,6.0,,1.0,1.0,2.0,,5.0,2.0,2.0,1.0,4.0,,0.0,7.0,,5.0,,1.0,,,,,2.0,17.0,,,1.0,0.2633,0.0,,,2.0,,,2.0,,,,,,,,,,,,2.0,2.0,,,,,,,,,,,,,,,,,,,,,,,,,,,,,,,,,,,,,,,,
437497,Melvin Bard,Defender,Leeds,2,France,2026-27,,,,0.0,,,,,,,,,,,,,,,,,,,,,,,,,,,,,,,,,,,,,,,,,,,,,,0.0,,,,,,,,,,,,,,,,0.0,,,,,,,,,,,,,,,,,,,,,,,,,,,,,,,,,,,,,,,,,,,,,,,,,,,,,,,,,,,
155465,Michael Zetterer,Goalkeeper,Leeds,2,Germany,2026-27,,,,0.0,,,,,,,,,,,,,,,,,,,,,,,,,,,,,,,,,,,,,,,,,,,,,,0.0,,,,,,,,,,,,,,,,0.0,,,,,,,,,,,,,,,,,,,,,,,,,,,,,,,,,,,,,,,,,,,,,,,,,,,,,,,,,,,
173774,Nico Elvedi,Defender,Leeds,2,Switzerland,2026-27,11.0,,0.5719,0.0,,1.0,6.0,2.0,,,1.0,7.0,,60.0,,9.0,,,146.0,5.0,7.0,,1.0,3.0,51.0,6.0,,1.3435,2.0,1.0,10.0,2.0,,6.0,10.0,2.0,0.0,18.0,1.0,21.0,4.0,2.0,1.0,17.0,,3.0,,9.0,4.0,0.0,60.0,,12.0,1.0,,20.0,1.0,2.0,2.0,9.0,88.0,1.0,1.0,36.0,,0.0,1.0,1.0,1.0,,,,,,,,,,,,,,,1.0,,,,,1.0,,,,,,,,,,,,,,,3.0,,,,,,,2.0,,,,,,,,,,,,,,
435997,Noah Okafor,Forward,Leeds,2,Switzerland,2026-27,7.0,2.0,0.1836,0.0,2.0,3.0,9.0,3.0,,2.0,2.0,12.0,3.0,26.0,,1.0,,2.0,155.0,,12.0,,1.0,11.0,13.0,5.0,,0.7869,1.0,,1.0,1.0,2.0,7.0,9.0,2.0,0.0,19.0,,9.0,2.0,3.0,,12.0,3.0,4.0,2.0,18.0,1.0,0.0,25.0,,24.0,3.0,6.0,3.0,2.0,1.0,1.0,5.0,56.0,,,4.0,0.0769,0.0,3.0,2.0,1.0,,,,,,,,,,,,,,,4.0,,,2.0,,,,,,,,,,,,,,,,,,,,,,,2.0,1.0,,,,,,,,,,,,,,
180135,Sean Longstaff,Midfielder,Leeds,2,England,2026-27,,,0.0004,0.0,,,,1.0,,,,,,2.0,,,,,8.0,,,,,,2.0,,,,,,,,,,,,0.0,,,,,1.0,,1.0,,,,,,0.0,2.0,,,,,1.0,,,,1.0,2.0,,,1.0,,0.0,,,1.0,,,,,,,,,,,,,,,,,,,,,,,,,,,,,,,,,,,,,,,,,,,,,,,,,,,,,,,,
522047,Tarik Muharemovic,Defender,Leeds,2,Bosnia & Herzegovina,2026-27,17.0,,0.0198,0.0,,3.0,14.0,3.0,,,3.0,23.0,1.0,125.0,1.0,20.0,1.0,,270.0,13.0,16.0,,2.0,9.0,92.0,3.0,,1.797,,4.0,25.0,2.0,,4.0,53.0,3.0,0.0,33.0,1.0,51.0,6.0,3.0,2.0,23.0,1.0,1.0,,13.0,7.0,0.0,116.0,1.0,27.0,1.0,3.0,13.0,1.0,6.0,10.0,8.0,183.0,,4.0,79.0,0.0919,0.0,9.0,6.0,,1.0,0.4315,1.0,,,,,,1.0,1.0,,,,,,,,,,,,,4.0,4.0,,,,,,,,,,,5.0,,,,,,,2.0,,,,,,,,,,,,,,
219168,Alexander Isak,Forward,Liverpool,14,Sweden,2026-27,9.0,,0.0597,0.0,2.0,1.0,6.0,3.0,,6.0,3.0,6.0,,36.0,2.0,5.0,,,244.0,1.0,9.0,1.0,2.0,5.0,27.0,14.0,,3.4576,2.0,,1.0,4.0,2.0,8.0,7.0,2.0,1.0,18.0,1.0,7.0,2.0,3.0,1.0,27.0,,7.0,2.0,13.0,4.0,0.0,35.0,1.0,19.0,,2.0,8.0,1.0,,3.0,14.0,71.0,,,3.0,2.2888,0.0,,1.0,,5.0,2.3701,7.0,,3.0,2.0,,,2.0,2.0,,1.0,1.0,2.0,4.0,2.0,,1.0,,,,,,,,,,,,,,,,,1.0,,,,,,,3.0,,,,1.0,,,,,,,,,,
243016,Alexis Mac Allister,Midfielder,Liverpool,14,Argentina,2026-27,15.0,,0.4199,0.0,,8.0,9.0,3.0,,,2.0,13.0,,113.0,,8.0,,,188.0,7.0,13.0,,3.0,12.0,92.0,1.0,,2.3284,1.0,1.0,3.0,2.0,,8.0,38.0,3.0,0.0,28.0,2.0,31.0,11.0,3.0,4.0,63.0,,2.0,,20.0,1.0,0.0,109.0,,22.0,4.0,1.0,30.0,4.0,1.0,8.0,14.0,147.0,,3.0,37.0,0.0795,1.0,4.0,3.0,1.0,1.0,0.0387,2.0,1.0,,,,,1.0,1.0,,,,,1.0,1.0,,2.0,,3.0,,,,,,,,,,,,,,,1.0,,,,,,,2.0,,,,1.0,,,,,,,,,,
116535,Alisson Becker,Goalkeeper,Liverpool,14,Brazil,2026-27,1.0,,0.0065,0.0,,,,3.0,,,3.0,13.0,,83.0,,,1.0,,270.0,,,1.0,,,58.0,,,3.5963,,2.0,6.0,4.0,,1.0,16.0,,0.0,1.0,,44.0,24.0,3.0,,9.0,,,,1.0,,0.0,64.0,,14.0,,,23.0,1.0,,12.0,,117.0,1.0,5.0,61.0,,1.0,13.0,3.0,,,,,,,,,,,,,,,,,,,,,1.0,,,11.0,25.0,3.0,,9.0,,1.0,5.0,2.0,1.0,3.0,,,,,,,,,3.0,,,,1.0,1.0,,1.0,,,,,,,
482616,Bradley Barcola,Forward,Liverpool,14,France,2026-27,1.0,,0.0684,0.0,,,2.0,1.0,,,,2.0,,7.0,,,,,26.0,,1.0,,2.0,1.0,5.0,1.0,,0.1388,1.0,,,,,1.0,6.0,,0.0,2.0,2.0,,,1.0,,2.0,,1.0,,2.0,,0.0,7.0,,3.0,,1.0,,,,,1.0,13.0,,,3.0,,0.0,,,1.0,,,,,,,,,,,,,,,1.0,,,,,,,,,,,,,,,,,,,,,,,,,,,,,,,,,,,,,,,,,
243298,Cody Gakpo,Forward,Liverpool,14,Netherlands,2026-27,16.0,1.0,1.1984,0.0,4.0,6.0,13.0,3.0,3.0,2.0,3.0,14.0,7.0,88.0,4.0,3.0,1.0,1.0,251.0,2.0,16.0,1.0,1.0,15.0,73.0,18.0,,3.5963,5.0,,2.0,4.0,3.0,14.0,32.0,5.0,0.0,32.0,,16.0,12.0,3.0,,64.0,7.0,7.0,3.0,29.0,1.0,0.0,88.0,2.0,40.0,6.0,4.0,25.0,4.0,5.0,1.0,15.0,156.0,2.0,,11.0,0.3625,0.0,1.0,2.0,,1.0,0.3849,3.0,2.0,1.0,1.0,1.0,,,,,0.0,1.0,,3.0,2.0,,1.0,1.0,1.0,,,,,,,,,,,,,,,,,,,,,4.0,3.0,,,,1.0,,,,,,,,,,
424876,Dominik Szoboszlai,Midfielder,Liverpool,14,Hungary,2026-27,15.0,2.0,0.4784,0.0,3.0,4.0,18.0,3.0,,3.0,3.0,24.0,5.0,202.0,1.0,9.0,1.0,7.0,270.0,7.0,10.0,1.0,9.0,8.0,171.0,1.0,,3.5963,7.0,,2.0,4.0,,8.0,50.0,2.0,0.0,25.0,6.0,35.0,17.0,3.0,1.0,109.0,17.0,3.0,,16.0,2.0,0.0,194.0,1.0,50.0,3.0,2.0,71.0,4.0,3.0,7.0,46.0,284.0,9.0,3.0,76.0,1.1699,0.0,6.0,7.0,,4.0,2.2518,6.0,,1.0,1.0,3.0,12.0,,,4.0,0.0,1.0,,2.0,2.0,7.0,,3.0,1.0,3.0,3.0,,,,,,,,,,,,,3.0,0.1124,3.0,3.0,,,2.0,3.0,,,,1.0,,1.0,,,,,,,1.0,
494595,Florian Wirtz,Midfielder,Liverpool,14,Germany,2026-27,17.0,,0.2884,0.0,4.0,4.0,21.0,3.0,1.0,15.0,3.0,24.0,3.0,135.0,,4.0,,,242.0,1.0,14.0,1.0,7.0,11.0,107.0,12.0,,3.0496,3.0,,,4.0,4.0,16.0,28.0,2.0,0.0,31.0,3.0,38.0,15.0,3.0,2.0,77.0,3.0,9.0,4.0,27.0,3.0,0.0,130.0,3.0,53.0,2.0,5.0,26.0,6.0,,4.0,43.0,190.0,,,34.0,0.6604,1.0,3.0,,,3.0,0.67,3.0,2.0,,,,,2.0,2.0,,,,,5.0,,,2.0,,3.0,1.0,1.0,,,,,,,,,,,,,,,,,,,,3.0,,,,1.0,,,,,,,,,,
449027,Giorgi Mamardashvili,Goalkeeper,Liverpool,14,Georgia,2026-27,,,,0.0,,,,,,,,,,,,,,,,,,,,,,,,,,,,,,,,,,,,,,,,,,,,,,0.0,,,,,,,,,,,,,,,,0.0,,,,,,,,,,,,,,,,,,,,,,,,,,,,,,,,,,,,,,,,,,,,,,,,,,,,,,,,,,,
491501,James McConnell,Midfielder,Liverpool,14,England,2026-27,,,,0.0,,,,,,,,,,,,,,,,,,,,,,,,,,,,,,,,,,,,,,,,,,,,,,0.0,,,,,,,,,,,,,,,,0.0,,,,,,,,,,,,,,,,,,,,,,,,,,,,,,,,,,,,,,,,,,,,,,,,,,,,,,,,,,,
216094,Jeremie Frimpong,Defender,Liverpool,14,Netherlands,2026-27,7.0,1.0,0.1149,0.0,1.0,3.0,8.0,2.0,,,2.0,10.0,8.0,84.0,1.0,,,1.0,161.0,,5.0,1.0,7.0,5.0,72.0,6.0,1.0,2.8334,4.0,1.0,5.0,4.0,,7.0,5.0,1.0,0.0,12.0,1.0,24.0,6.0,2.0,2.0,50.0,8.0,2.0,,12.0,,0.0,84.0,2.0,28.0,1.0,1.0,41.0,2.0,,2.0,14.0,130.0,10.0,1.0,25.0,0.0098,1.0,2.0,5.0,,,,,,,,1.0,,,,,,,,2.0,,,1.0,1.0,2.0,,,,,,,,,,,,,,,,,,,,,1.0,3.0,,,,1.0,,,,,,,,,,
606702,Jérémy Jacquet,Defender,Liverpool,14,France,2026-27,7.0,,0.1,0.0,,7.0,12.0,3.0,,,3.0,15.0,,205.0,,8.0,1.0,,237.0,3.0,18.0,1.0,2.0,13.0,180.0,2.0,,3.2369,3.0,,9.0,4.0,,4.0,49.0,4.0,0.0,25.0,1.0,55.0,10.0,3.0,3.0,108.0,,1.0,,17.0,5.0,0.0,198.0,,22.0,4.0,2.0,93.0,3.0,5.0,10.0,8.0,246.0,,2.0,82.0,,1.0,3.0,5.0,,,,,,,,,,,,,,,,,,,2.0,,2.0,,,5.0,5.0,,,,,,,,,,,2.0,,,,,,,3.0,,,1.0,1.0,,,,,,,,,,
214285,Kostas Tsimikas,Defender,Liverpool,14,Greece,2026-27,2.0,,0.0053,0.0,,,,1.0,,,,,1.0,13.0,,,,,19.0,,,,,,13.0,1.0,,,,,,,,2.0,3.0,,0.0,2.0,,7.0,,1.0,,10.0,1.0,1.0,,2.0,,0.0,13.0,,3.0,,,1.0,1.0,,,2.0,20.0,3.0,,3.0,0.0415,0.0,,,1.0,1.0,0.5365,1.0,,,,,,,,,,,,1.0,,,,,,1.0,1.0,,,,,,,,,,,,,,,,,,,,,,,,,,,,,,,,,,
514514,Lewis Koumas,Forward,Liverpool,14,Wales,2026-27,1.0,,0.005,0.0,1.0,,,2.0,,,,1.0,,3.0,,1.0,,,13.0,1.0,1.0,,,1.0,2.0,2.0,,0.4883,,,,,1.0,,,,0.0,2.0,,2.0,1.0,2.0,,2.0,,,1.0,1.0,,0.0,3.0,1.0,1.0,,1.0,,,,,1.0,5.0,,,,0.0288,0.0,1.0,,2.0,,,,,,,,,,,,,,,,,,,,,,,,,,,,,,,,,,,,,,,,,,,,,,,,,,,,,,,,
544877,Milos Kerkez,Defender,Liverpool,14,Hungary,2026-27,16.0,2.0,0.0621,0.0,,6.0,13.0,3.0,,1.0,3.0,19.0,6.0,113.0,,8.0,1.0,2.0,251.0,4.0,13.0,1.0,2.0,9.0,89.0,2.0,4.0,3.5963,2.0,,9.0,4.0,,12.0,39.0,3.0,0.0,29.0,1.0,48.0,8.0,3.0,3.0,64.0,6.0,6.0,,21.0,4.0,0.0,112.0,,38.0,3.0,,7.0,5.0,2.0,5.0,19.0,174.0,9.0,4.0,32.0,0.0243,2.0,6.0,4.0,,1.0,0.0376,2.0,,,,,,,,,,,,2.0,1.0,,1.0,,3.0,1.0,1.0,,,,,,,,,,,,,3.0,,,,,,,3.0,,,,1.0,,,,,,,,,,
611922,Rio Ngumoha,Forward,Liverpool,14,England,2026-27,6.0,1.0,0.0475,0.0,1.0,1.0,4.0,2.0,,,1.0,4.0,4.0,22.0,,1.0,,1.0,82.0,1.0,4.0,1.0,1.0,4.0,18.0,2.0,,1.139,,,,2.0,1.0,5.0,8.0,1.0,0.0,10.0,,2.0,2.0,2.0,,17.0,4.0,4.0,1.0,9.0,,0.0,22.0,,14.0,1.0,2.0,5.0,1.0,,,7.0,39.0,,,2.0,0.0402,0.0,,1.0,1.0,,,,,,,,,,,,,,,2.0,,,1.0,,1.0,,,,,,,,,,,,,,,,,,,,,1.0,1.0,,,,,,,,,,,,,,
445087,Ronald Araujo,Defender,Liverpool,14,Uruguay,2026-27,6.0,,0.0535,0.0,,2.0,4.0,3.0,,,1.0,10.0,2.0,91.0,,11.0,1.0,,123.0,2.0,13.0,,3.0,4.0,76.0,1.0,3.0,1.1223,,,11.0,,,4.0,20.0,,0.0,19.0,2.0,24.0,4.0,3.0,2.0,49.0,2.0,1.0,,8.0,9.0,0.0,88.0,,20.0,,2.0,39.0,2.0,,5.0,8.0,125.0,4.0,2.0,32.0,,1.0,6.0,4.0,2.0,,,,,,,,,,,,,,,1.0,,,,,,,,,,,,,,,,,,,,2.0,,,,,,,,,,,,,,,,,,,,,
441266,Ryan Gravenberch,Midfielder,Liverpool,14,Netherlands,2026-27,9.0,,0.0616,0.0,2.0,2.0,5.0,3.0,1.0,4.0,1.0,5.0,,70.0,,1.0,,,123.0,,7.0,1.0,2.0,6.0,62.0,,,1.3362,1.0,1.0,1.0,2.0,,9.0,22.0,4.0,0.0,16.0,1.0,26.0,9.0,3.0,1.0,46.0,,7.0,,15.0,1.0,0.0,70.0,,16.0,1.0,,13.0,2.0,2.0,3.0,9.0,96.0,,,19.0,0.0628,0.0,,1.0,2.0,,,,,,,2.0,,,,,,,,,,,1.0,2.0,1.0,,,,,,,,,,,,,,,,,,,,,,1.0,,,,,,,,,,,,,,
591386,Trey Nyoni,Midfielder,Liverpool,14,England,2026-27,2.0,,0.0055,0.0,,2.0,1.0,2.0,,1.0,,2.0,,25.0,,1.0,,,19.0,1.0,2.0,,1.0,2.0,23.0,,,0.1289,,,,,,1.0,9.0,,0.0,4.0,,9.0,2.0,2.0,2.0,11.0,,,,3.0,,0.0,25.0,,2.0,,,4.0,,1.0,,3.0,28.0,,,12.0,,0.0,1.0,1.0,2.0,,,,,,,,,,,,,,,,,,,,,,,,,,,,,,,,,,,,,,,,,,,,,,,,,,,,,,,,
97032,Virgil van Dijk,Defender,Liverpool,14,Netherlands,2026-27,4.0,,0.0683,0.0,1.0,5.0,10.0,3.0,,,3.0,28.0,,265.0,,14.0,1.0,,270.0,4.0,15.0,1.0,1.0,5.0,217.0,4.0,,3.5963,,1.0,18.0,4.0,1.0,,118.0,,0.0,19.0,1.0,87.0,15.0,3.0,1.0,113.0,,,1.0,5.0,10.0,0.0,250.0,1.0,29.0,4.0,,48.0,,2.0,20.0,12.0,298.0,1.0,5.0,124.0,0.2493,1.0,18.0,3.0,,1.0,0.1741,1.0,,,,,,1.0,1.0,,,,,,,,,,,,,6.0,4.0,,,,,,,2.0,,,,,,,,,,,3.0,,,,1.0,,,,,,,,,,
551499,Víctor Muñoz,Forward,Liverpool,14,Spain,2026-27,16.0,3.0,0.2524,0.0,3.0,2.0,8.0,3.0,,,2.0,9.0,5.0,52.0,,1.0,,3.0,181.0,1.0,10.0,,5.0,10.0,42.0,10.0,,2.3186,1.0,,,2.0,3.0,15.0,11.0,5.0,0.0,26.0,2.0,8.0,5.0,3.0,2.0,39.0,5.0,9.0,3.0,25.0,,0.0,52.0,1.0,33.0,,3.0,15.0,5.0,3.0,1.0,18.0,111.0,,1.0,7.0,0.4178,1.0,1.0,1.0,1.0,1.0,0.4691,3.0,,1.0,0.0,,,,,,1.0,1.0,,6.0,2.0,,1.0,,1.0,,,,,,,,,,,,,,,1.0,,,,,,2.0,2.0,,,,1.0,,,,1.0,,,,,,
158983,Wataru Endo,Midfielder,Liverpool,14,Japan,2026-27,,,,0.0,,,,,,,,,,,,,,,,,,,,,,,,,,,,,,,,,,,,,,,,,,,,,,0.0,,,,,,,,,,,,,,,,0.0,,,,,,,,,,,,,,,,,,,,,,,,,,,,,,,,,,,,,,,,,,,,,,,,,,,,,,,,,,,
578153,Abdukodir Khusanov,Defender,Man City,43,Uzbekistan,2026-27,4.0,,0.0589,0.0,,8.0,8.0,3.0,,,3.0,13.0,2.0,257.0,,5.0,1.0,,269.0,1.0,15.0,,3.0,10.0,239.0,2.0,1.0,3.5027,,,4.0,2.0,,4.0,36.0,1.0,0.0,19.0,2.0,73.0,13.0,3.0,3.0,113.0,2.0,1.0,,14.0,5.0,0.0,257.0,,19.0,5.0,1.0,124.0,2.0,4.0,5.0,24.0,301.0,13.0,4.0,131.0,,1.0,5.0,4.0,,,,,,,,,,,,,,,,1.0,,,1.0,,1.0,,,,,,,,,,,,,,,1.0,,,,,,,2.0,,,,,,,,,,,,,,
437730,Antoine Semenyo,Forward,Man City,43,Ghana,2026-27,24.0,3.0,0.9338,0.0,2.0,3.0,9.0,3.0,2.0,5.0,3.0,10.0,5.0,112.0,4.0,3.0,1.0,3.0,270.0,2.0,12.0,,8.0,11.0,102.0,22.0,,3.5027,4.0,,,2.0,2.0,22.0,29.0,4.0,0.0,36.0,5.0,11.0,9.0,3.0,1.0,78.0,5.0,16.0,2.0,33.0,1.0,0.0,112.0,8.0,43.0,2.0,4.0,20.0,4.0,,,52.0,175.0,2.0,1.0,27.0,0.1751,0.0,1.0,4.0,,2.0,0.3608,3.0,1.0,,,,,2.0,2.0,,,,,11.0,1.0,,,,3.0,,,,,,,,,,,,,,1.0,,,,,,,4.0,2.0,,,,,,,,,,,,,,
637238,Ayyoub Bouaddi,Midfielder,Man City,43,Morocco,2026-27,,,0.1173,0.0,,,2.0,2.0,,1.0,,4.0,,39.0,,,,,22.0,,1.0,,,1.0,34.0,,,0.6721,,,,,,,18.0,,0.0,1.0,,7.0,3.0,2.0,,18.0,,,,1.0,,0.0,39.0,,4.0,,1.0,9.0,,1.0,1.0,5.0,45.0,,1.0,17.0,,0.0,2.0,1.0,2.0,,,,1.0,,,,,,,,,,,,,,,,,,,,,,,,,,,,,,,2.0,,,,,,,,,,,,,,,,,,,,,
215379,Elliot Anderson,Midfielder,Man City,43,England,2026-27,15.0,1.0,0.6416,0.0,,8.0,19.0,3.0,,4.0,3.0,27.0,3.0,317.0,,7.0,1.0,3.0,235.0,5.0,19.0,,4.0,17.0,280.0,3.0,,3.389,3.0,1.0,3.0,2.0,,10.0,121.0,6.0,0.0,34.0,1.0,83.0,14.0,3.0,3.0,170.0,5.0,4.0,,27.0,2.0,0.0,309.0,1.0,39.0,5.0,3.0,84.0,4.0,6.0,10.0,29.0,375.0,1.0,2.0,123.0,0.0882,1.0,8.0,5.0,,1.0,0.1948,3.0,1.0,,,,4.0,,,2.0,,,,1.0,2.0,2.0,2.0,,2.0,1.0,1.0,,,,,,,,,,,,,,,,,,,,2.0,,,,,,,,,,,,,,
448047,Enzo Fernández,Midfielder,Man City,43,Argentina,2026-27,3.0,,0.1356,0.0,2.0,1.0,8.0,2.0,,3.0,1.0,9.0,3.0,99.0,1.0,2.0,,,101.0,1.0,6.0,,3.0,5.0,88.0,6.0,,1.1897,2.0,,1.0,,2.0,2.0,27.0,3.0,0.0,9.0,3.0,23.0,4.0,2.0,,54.0,3.0,1.0,2.0,7.0,1.0,0.0,98.0,1.0,16.0,1.0,1.0,25.0,,,2.0,24.0,119.0,,,36.0,0.1263,0.0,1.0,1.0,1.0,,,,,,,,,,,,,,,,,,1.0,,,,,,,,,,,,,,,,,,,,,,,,,,,,,,,,,,,,,,
223094,Erling Haaland,Forward,Man City,43,Norway,2026-27,10.0,,0.4923,0.0,1.0,,9.0,3.0,,3.0,3.0,9.0,,33.0,2.0,7.0,1.0,,270.0,1.0,10.0,,1.0,4.0,24.0,21.0,,3.5027,1.0,,8.0,2.0,,9.0,6.0,2.0,1.0,20.0,1.0,4.0,7.0,3.0,,17.0,,6.0,,13.0,6.0,0.0,31.0,1.0,20.0,,2.0,17.0,1.0,,,6.0,74.0,,,7.0,2.4716,0.0,2.0,2.0,,8.0,3.6145,13.0,1.0,3.0,2.0,1.0,,5.0,5.0,,1.0,,1.0,2.0,5.0,,,1.0,1.0,,,,,,,,,,,,,,,,,,,,,,2.0,,,,,,,,,2.0,,,,,
595480,Floyd Samba,Midfielder,Man City,43,England,2026-27,,,,0.0,,,,,,,,,,,,,,,,,,,,,,,,,,,,,,,,,,,,,,,,,,,,,,0.0,,,,,,,,,,,,,,,,0.0,,,,,,,,,,,,,,,,,,,,,,,,,,,,,,,,,,,,,,,,,,,,,,,,,,,,,,,,,,,
106921,Gerónimo Rulli,Goalkeeper,Man City,43,Argentina,2026-27,,,,0.0,,,,,,,,,,,,,,,,,,,,,,,,,,,,,,,,,,,,,,,,,,,,,,0.0,,,,,,,,,,,,,,,,0.0,,,,,,,,,,,,,,,,,,,,,,,,,,,,,,,,,,,,,,,,,,,,,,,,,,,,,,,,,,,
204936,Gianluigi Donnarumma,Goalkeeper,Man City,43,Italy,2026-27,,,0.0014,0.0,,,1.0,3.0,,,3.0,14.0,,72.0,,2.0,1.0,,270.0,,2.0,,,,49.0,,,3.5027,,2.0,2.0,2.0,,,14.0,,0.0,2.0,,35.0,14.0,3.0,,4.0,,,,,2.0,0.0,60.0,,14.0,,,23.0,,,9.0,,95.0,,7.0,54.0,,0.0,13.0,5.0,,,,,,,,,,,,,,,,,,,,,,,,7.0,13.0,2.0,4.0,7.0,,,,2.0,6.0,7.0,,,,,,,,,2.0,,,,,,,,,,,1.0,,,
440993,Iliman Ndiaye,Forward,Man City,43,Senegal,2026-27,24.0,2.0,0.4302,0.0,,7.0,9.0,3.0,1.0,2.0,3.0,9.0,4.0,103.0,,6.0,1.0,2.0,267.0,4.0,16.0,,7.0,14.0,93.0,14.0,,4.5976,4.0,,4.0,1.0,,20.0,24.0,3.0,0.0,40.0,3.0,24.0,17.0,3.0,5.0,62.0,4.0,18.0,,34.0,2.0,0.0,102.0,3.0,40.0,2.0,4.0,24.0,2.0,2.0,1.0,31.0,172.0,1.0,,34.0,0.2846,0.0,,3.0,,3.0,0.6044,5.0,,,,,,2.0,2.0,,,,,11.0,2.0,,1.0,,2.0,1.0,1.0,,,,,,,,,,,,,,,,,,,1.0,1.0,,,,,,,,,,,,,,
477424,Josko Gvardiol,Defender,Man City,43,Croatia,2026-27,15.0,2.0,0.1204,0.0,1.0,7.0,22.0,3.0,1.0,5.0,3.0,28.0,,174.0,,15.0,1.0,2.0,255.0,9.0,19.0,,5.0,13.0,142.0,4.0,1.0,3.5027,1.0,,4.0,2.0,1.0,6.0,76.0,3.0,1.0,34.0,2.0,50.0,12.0,3.0,4.0,89.0,,1.0,1.0,19.0,6.0,0.0,172.0,1.0,35.0,3.0,3.0,20.0,3.0,5.0,4.0,28.0,231.0,19.0,4.0,59.0,0.2043,0.0,6.0,11.0,,1.0,0.8932,1.0,1.0,1.0,0.0,,,,,,1.0,1.0,,1.0,,,1.0,,1.0,,,,,,,,,,,,,,,1.0,,,,,,2.0,2.0,,,,,,,,,,,,,,
554054,Kaden Braithwaite,Defender,Man City,43,England,2026-27,,,0.0015,0.0,,,,1.0,,,,,,10.0,,,,,1.0,,,,,,10.0,,,,,,,,,,5.0,,0.0,,,2.0,1.0,1.0,,5.0,,,,,,0.0,10.0,,,,,1.0,,,,2.0,10.0,,,5.0,,0.0,,,1.0,,,,,,,,,,,,,,,,,,,,,,,,,,,,,,,,,,,,,,,,,,,,,,,,,,,,,,,,
209036,Marc Guéhi,Defender,Man City,43,England,2026-27,8.0,,0.3826,0.0,,3.0,11.0,3.0,,1.0,3.0,15.0,,297.0,,14.0,1.0,,270.0,4.0,20.0,,1.0,10.0,274.0,5.0,,3.5027,2.0,,12.0,2.0,,4.0,120.0,4.0,0.0,28.0,1.0,103.0,14.0,3.0,,148.0,,1.0,,14.0,10.0,0.0,285.0,1.0,19.0,3.0,3.0,53.0,2.0,3.0,8.0,21.0,336.0,1.0,1.0,134.0,0.8937,0.0,4.0,3.0,,1.0,0.2317,2.0,1.0,1.0,0.0,,,,,,1.0,,,,1.0,,,,2.0,,,2.0,2.0,,,,,,,,,,,,,,,,,,2.0,,,,,,,,,1.0,,,,,
91651,Mateo Kovacic,Midfielder,Man City,43,Croatia,2026-27,2.0,,0.0233,0.0,,,1.0,2.0,,1.0,,2.0,,56.0,,1.0,,,42.0,,1.0,,1.0,,54.0,,,0.1137,,,,,,2.0,22.0,,0.0,3.0,1.0,9.0,2.0,2.0,,34.0,,2.0,,2.0,1.0,0.0,56.0,,5.0,,,15.0,,,,10.0,61.0,,,20.0,,0.0,1.0,,2.0,,,,,,,,,,,,,,,2.0,,,,,,,,,,,,,,,,,,,,,,,,,,,,,,,,,,,,,,,,,
465351,Matheus Nunes,Midfielder,Man City,43,Portugal,2026-27,,,0.0414,0.0,,,3.0,1.0,,,,3.0,2.0,23.0,,,,,33.0,,1.0,,1.0,1.0,18.0,2.0,,0.1137,,1.0,1.0,,,,3.0,1.0,0.0,1.0,,4.0,2.0,1.0,,13.0,2.0,,,1.0,,0.0,22.0,1.0,5.0,,,12.0,,,2.0,4.0,28.0,1.0,,7.0,,0.0,,,1.0,,,,,,,,,,,,,,,,,,,,,,,,,,,,,,,,,,,,,,,,,,,,,,,,,,,,,,,,
472769,Nico O'Reilly,Defender,Man City,43,England,2026-27,10.0,3.0,0.4304,0.0,,2.0,6.0,2.0,,7.0,2.0,7.0,1.0,80.0,,3.0,,3.0,152.0,2.0,6.0,,1.0,5.0,72.0,5.0,,1.6295,1.0,,1.0,2.0,,8.0,23.0,,0.0,16.0,1.0,17.0,7.0,2.0,1.0,41.0,1.0,4.0,,13.0,1.0,0.0,80.0,,14.0,1.0,3.0,17.0,2.0,,1.0,23.0,104.0,2.0,,35.0,0.0869,0.0,1.0,1.0,,,,2.0,1.0,,,,,,,,,,,1.0,2.0,,2.0,,,,,,,,,,,,,,,,,,,,,,,,2.0,,,,,,,,,,,,,,
209244,Phil Foden,Midfielder,Man City,43,England,2026-27,15.0,2.0,0.8661,0.0,3.0,4.0,14.0,3.0,2.0,7.0,2.0,16.0,3.0,120.0,,3.0,,4.0,196.0,2.0,13.0,,4.0,12.0,100.0,10.0,,2.7893,4.0,,2.0,2.0,1.0,13.0,8.0,5.0,0.0,28.0,,16.0,8.0,3.0,2.0,76.0,8.0,8.0,1.0,25.0,1.0,0.0,118.0,2.0,38.0,2.0,3.0,48.0,4.0,,4.0,48.0,175.0,,,32.0,1.607,1.0,2.0,2.0,1.0,1.0,,3.0,4.0,,,2.0,7.0,1.0,1.0,2.0,,,,4.0,2.0,4.0,1.0,2.0,2.0,,,,,,,,,,,,,,1.0,,,,,,,,2.0,,,,,,,,,,,,,,
448514,Rayan Aït-Nouri,Defender,Man City,43,Algeria,2026-27,,,,0.0,,,,,,,,,,,,,,,,,,,,,,,,,,,,,,,,,,,,,,,,,,,,,,0.0,,,,,,,,,,,,,,,,0.0,,,,,,,,,,,,,,,,,,,,,,,,,,,,,,,,,,,,,,,,,,,,,,,,,,,,,,,,,,,
466052,Rayan Cherki,Midfielder,Man City,43,France,2026-27,14.0,,1.3479,0.0,2.0,,9.0,3.0,2.0,13.0,2.0,12.0,4.0,158.0,,3.0,,3.0,175.0,3.0,7.0,,2.0,7.0,142.0,16.0,,0.8731,8.0,1.0,,1.0,2.0,11.0,42.0,2.0,1.0,21.0,1.0,32.0,6.0,3.0,,100.0,7.0,8.0,2.0,18.0,,0.0,150.0,1.0,30.0,,5.0,25.0,4.0,,4.0,59.0,198.0,1.0,,49.0,0.5553,1.0,3.0,,1.0,3.0,1.4917,4.0,2.0,2.0,2.0,,7.0,1.0,1.0,2.0,0.0,1.0,1.0,3.0,1.0,2.0,2.0,,,1.0,1.0,,,,,,,,,,,,,,,,,,,,1.0,,1.0,1.0,,,,,,,,,,,
477064,Rico Lewis,Defender,Man City,43,England,2026-27,7.0,,0.0181,0.0,,,2.0,1.0,,1.0,1.0,2.0,2.0,26.0,,1.0,,,57.0,,3.0,,,2.0,24.0,4.0,,1.5835,,,,1.0,,7.0,3.0,2.0,0.0,10.0,,2.0,,1.0,,15.0,2.0,5.0,,9.0,1.0,0.0,24.0,1.0,10.0,,,12.0,1.0,2.0,,9.0,45.0,3.0,,9.0,0.1728,0.0,,,,1.0,0.2067,1.0,,,,,,1.0,1.0,,,,,1.0,,,1.0,,,,,,,,,,,,,,,,,,,,,,,,1.0,,,,,,,,,,,,,,
616288,Ryan McAidoo,Forward,Man City,43,England,2026-27,1.0,,0.0007,0.0,,2.0,3.0,2.0,,,,3.0,1.0,7.0,,,,,11.0,,5.0,,,5.0,4.0,1.0,,,,,,,,1.0,,1.0,0.0,6.0,,1.0,2.0,2.0,2.0,2.0,1.0,1.0,,6.0,,0.0,7.0,,5.0,,2.0,2.0,,,,4.0,16.0,,,2.0,0.0977,0.0,,1.0,2.0,,,1.0,,,,,,,,,,,,1.0,1.0,,,,,,,,,,,,,,,,,,,,,,,,,,,,,,,,,,,,,,,,
171314,Rúben Dias,Defender,Man City,43,Portugal,2026-27,4.0,,0.736,0.0,,1.0,17.0,3.0,,,3.0,24.0,,359.0,,12.0,1.0,,270.0,2.0,14.0,,1.0,4.0,327.0,3.0,,3.5027,3.0,1.0,13.0,2.0,,2.0,113.0,1.0,0.0,18.0,,92.0,14.0,3.0,,135.0,,1.0,,6.0,10.0,0.0,345.0,,27.0,1.0,2.0,147.0,1.0,1.0,8.0,7.0,385.0,1.0,3.0,200.0,0.0904,0.0,7.0,8.0,,1.0,0.1783,1.0,2.0,,,,,1.0,1.0,,,,,1.0,,,,,,,,7.0,7.0,,,,,,,,,,,,,,,,,,2.0,,,,,,,,,,,,,,
616222,Vitor Reis,Defender,Man City,43,Brazil,2026-27,,,0.0028,0.0,,,,1.0,,,,,,13.0,,,,,1.0,,,,,,13.0,,,,,,,,,,,,0.0,,,4.0,,1.0,,8.0,,,,,,0.0,13.0,,,,,6.0,,,,3.0,15.0,2.0,,5.0,,0.0,,,1.0,,,,,,,,,,,,,,,,,,,,,,,,,,,,,,,,,,,,,,,,,,,,,,,,,,,,,,,,
532605,Andrey Santos,Midfielder,Man Utd,1,Brazil,2026-27,5.0,,0.2421,0.0,,4.0,6.0,3.0,,,1.0,6.0,,83.0,,4.0,,,83.0,1.0,9.0,1.0,2.0,6.0,77.0,4.0,,3.3443,,,7.0,4.0,,4.0,33.0,2.0,0.0,14.0,2.0,19.0,7.0,3.0,3.0,43.0,,1.0,,10.0,3.0,0.0,79.0,,8.0,1.0,,20.0,2.0,,,11.0,105.0,,,34.0,,0.0,,4.0,2.0,,,,,,,,,,,,,,,1.0,,,1.0,,1.0,,,,,,,,,,,,,,,,,,,,,,3.0,,,,,,,,,,,,,,
606745,Ayden Heaven,Defender,Man Utd,1,England,2026-27,6.0,,0.0358,0.0,1.0,1.0,2.0,1.0,,,1.0,6.0,,67.0,,6.0,,,90.0,4.0,5.0,,,3.0,60.0,3.0,,1.9266,,1.0,1.0,2.0,1.0,2.0,38.0,2.0,0.0,11.0,,20.0,4.0,1.0,1.0,24.0,,1.0,1.0,5.0,2.0,0.0,62.0,,8.0,,,8.0,1.0,,1.0,1.0,76.0,,4.0,37.0,0.1212,0.0,4.0,3.0,,,,1.0,,,,,,,,,,,,,1.0,,,,,,,4.0,4.0,,,,,,,,,,,,,,,,,,2.0,,,,,,,,,,,,,,
485711,Benjamin Sesko,Forward,Man Utd,1,Slovenia,2026-27,9.0,,0.0088,0.0,1.0,,4.0,3.0,,,,4.0,1.0,15.0,,7.0,,,53.0,6.0,1.0,1.0,,,11.0,6.0,,1.9547,1.0,,,3.0,1.0,3.0,4.0,,0.0,10.0,,2.0,3.0,3.0,,5.0,1.0,2.0,1.0,3.0,1.0,0.0,13.0,,8.0,,,2.0,1.0,,,7.0,22.0,,,6.0,0.3227,0.0,,2.0,3.0,1.0,0.3042,2.0,,1.0,1.0,,,,,,0.0,,,1.0,1.0,,,,,,,,,,,,,,,,,,1.0,,,,,,,,2.0,,,,,,,,,1.0,,,,,
141746,Bruno Fernandes,Midfielder,Man Utd,1,Portugal,2026-27,10.0,3.0,0.7982,0.0,8.0,2.0,20.0,3.0,1.0,12.0,3.0,32.0,8.0,205.0,,1.0,,7.0,270.0,1.0,5.0,1.0,7.0,5.0,159.0,11.0,,5.5052,7.0,,1.0,6.0,2.0,9.0,60.0,1.0,1.0,15.0,1.0,58.0,12.0,3.0,,136.0,13.0,6.0,2.0,14.0,,0.0,193.0,4.0,58.0,2.0,2.0,35.0,2.0,1.0,14.0,52.0,265.0,2.0,2.0,44.0,2.26,0.0,12.0,5.0,,4.0,2.4115,7.0,3.0,3.0,0.0,6.0,12.0,,,5.0,3.0,2.0,1.0,4.0,3.0,4.0,,6.0,1.0,1.0,1.0,,,,,,,,,,,,,1.0,0.0346,1.0,1.0,,,,5.0,,1.0,,,,1.0,,,,,,,1.0,
446008,Bryan Mbeumo,Forward,Man Utd,1,Cameroon,2026-27,19.0,3.0,0.4739,0.0,5.0,3.0,10.0,3.0,,5.0,3.0,11.0,9.0,92.0,1.0,10.0,,4.0,270.0,7.0,9.0,1.0,5.0,6.0,80.0,18.0,,5.5052,5.0,,1.0,6.0,5.0,12.0,6.0,2.0,0.0,28.0,2.0,10.0,10.0,3.0,1.0,71.0,12.0,5.0,5.0,18.0,3.0,0.0,91.0,2.0,37.0,2.0,1.0,41.0,3.0,3.0,1.0,35.0,146.0,,,14.0,2.3051,1.0,1.0,3.0,,4.0,1.6994,6.0,,2.0,1.0,,5.0,2.0,2.0,1.0,1.0,,2.0,5.0,2.0,3.0,,,1.0,,,,,,,,,,,,,,,,,,,,,1.0,5.0,,1.0,,,,,,,,,,,,
216051,Diogo Dalot,Defender,Man Utd,1,Portugal,2026-27,10.0,2.0,0.1353,0.0,2.0,4.0,3.0,3.0,,,2.0,6.0,3.0,74.0,,3.0,,2.0,168.0,2.0,6.0,,2.0,5.0,66.0,8.0,2.0,2.1609,6.0,,3.0,2.0,1.0,8.0,1.0,,0.0,16.0,1.0,21.0,5.0,3.0,1.0,43.0,3.0,3.0,1.0,13.0,1.0,0.0,74.0,3.0,15.0,3.0,1.0,26.0,3.0,4.0,2.0,26.0,116.0,9.0,1.0,27.0,0.1621,1.0,3.0,3.0,1.0,1.0,0.4656,3.0,,,,1.0,,1.0,1.0,,,,,3.0,2.0,,2.0,1.0,1.0,,,,,,,,,,,,,,,,,,,,,,2.0,,,,,,,,,,,,,,
95658,Harry Maguire,Defender,Man Utd,1,England,2026-27,7.0,1.0,0.4219,0.0,,1.0,12.0,3.0,,,3.0,21.0,1.0,191.0,,15.0,,1.0,270.0,3.0,16.0,1.0,4.0,4.0,159.0,8.0,,5.5052,2.0,1.0,15.0,6.0,,4.0,33.0,1.0,0.0,23.0,1.0,67.0,11.0,3.0,1.0,81.0,1.0,,,8.0,12.0,0.0,186.0,1.0,23.0,,2.0,83.0,4.0,4.0,11.0,8.0,227.0,2.0,2.0,90.0,0.0764,1.0,9.0,9.0,,1.0,0.011,3.0,,,,,,,,,,,,,2.0,,,,1.0,1.0,1.0,1.0,1.0,,,,,,,,,,,1.0,,,,,,,5.0,,,,,,,,,,,,,,
458249,Joshua Zirkzee,Forward,Man Utd,1,Netherlands,2026-27,,,,0.0,,,,,,,,,,,,,,,,,,,,,,,,,,,,,,,,,,,,,,,,,,,,,,0.0,,,,,,,,,,,,,,,,0.0,,,,,,,,,,,,,,,,,,,,,,,,,,,,,,,,,,,,,,,,,,,,,,,,,,,,,,,,,,,
59735,Karl Darlow,Goalkeeper,Man Utd,1,Wales,2026-27,,,,0.0,,,,,,,,,,,,,,,,,,,,,,,,,,,,,,,,,,,,,,,,,,,,,,0.0,,,,,,,,,,,,,,,,0.0,,,,,,,,,,,,,,,,,,,,,,,,,,,,,,,,,,,,,,,,,,,,,,,,,,,,,,,,,,,
516895,Kobbie Mainoo,Midfielder,Man Utd,1,England,2026-27,7.0,,0.3546,0.0,4.0,5.0,9.0,3.0,1.0,1.0,2.0,12.0,1.0,158.0,,2.0,,,187.0,1.0,15.0,,8.0,14.0,141.0,1.0,,2.1609,1.0,1.0,2.0,2.0,1.0,6.0,47.0,4.0,0.0,22.0,4.0,32.0,21.0,3.0,2.0,89.0,1.0,4.0,1.0,20.0,1.0,0.0,155.0,,20.0,3.0,5.0,65.0,,3.0,5.0,14.0,196.0,,,57.0,0.2083,0.0,3.0,4.0,1.0,,,,1.0,,,3.0,,,,,,,,3.0,,,2.0,3.0,,,,,,,,,,,,,,,,,,,,,,,2.0,,,,,,,,,,,,,,
550864,Leny Yoro,Defender,Man Utd,1,France,2026-27,4.0,,0.0228,0.0,,2.0,2.0,2.0,,,,2.0,,24.0,,1.0,,,22.0,1.0,2.0,1.0,,2.0,21.0,1.0,,1.4177,,,1.0,2.0,,3.0,2.0,,0.0,6.0,,4.0,1.0,2.0,1.0,13.0,,2.0,,5.0,,0.0,24.0,,4.0,1.0,,9.0,1.0,2.0,1.0,9.0,32.0,,,9.0,,0.0,,,2.0,,,,,,,,,,,,,,,1.0,,,,,1.0,,,,,,,,,,,,,,,,,,,,,,1.0,,,,,,,,,,,,,,
221820,Lisandro Martínez,Defender,Man Utd,1,Argentina,2026-27,6.0,,0.0594,0.0,,,5.0,2.0,,,2.0,10.0,,136.0,,9.0,,,180.0,3.0,6.0,1.0,,,120.0,1.0,,3.5786,,,7.0,4.0,,3.0,47.0,,0.0,12.0,,42.0,8.0,2.0,,35.0,,1.0,,3.0,6.0,0.0,126.0,,11.0,,,37.0,,1.0,6.0,10.0,153.0,,1.0,91.0,0.0267,0.0,5.0,4.0,,,,1.0,,,,,,,,,,,,,1.0,,,,,,,5.0,5.0,,,,,,,,,,,2.0,,,,,,,3.0,,,,,,,,,,,,,,
106760,Luke Shaw,Defender,Man Utd,1,England,2026-27,7.0,5.0,0.502,0.0,,6.0,19.0,3.0,1.0,,3.0,21.0,3.0,150.0,,6.0,,6.0,252.0,1.0,11.0,,3.0,6.0,126.0,6.0,4.0,4.0875,4.0,,7.0,4.0,,6.0,51.0,1.0,0.0,18.0,1.0,55.0,6.0,3.0,2.0,78.0,4.0,3.0,,12.0,5.0,0.0,150.0,1.0,35.0,4.0,,17.0,2.0,4.0,3.0,27.0,216.0,18.0,,57.0,0.0211,1.0,2.0,6.0,,,,1.0,,,,,,,,,,,,2.0,1.0,,2.0,,2.0,,,,,,,,,,,,,,,3.0,,,,,,1.0,4.0,,,,,,,,,,,,,,
176297,Marcus Rashford,Forward,Man Utd,1,England,2026-27,9.0,1.0,0.2063,0.0,,3.0,18.0,3.0,,2.0,2.0,21.0,7.0,81.0,2.0,3.0,,1.0,195.0,2.0,15.0,,5.0,14.0,57.0,13.0,,1.6239,8.0,,1.0,1.0,,7.0,29.0,5.0,0.0,24.0,2.0,18.0,8.0,3.0,2.0,40.0,7.0,4.0,,21.0,1.0,0.0,80.0,3.0,36.0,1.0,6.0,6.0,1.0,,3.0,28.0,121.0,1.0,1.0,21.0,0.2566,0.0,3.0,4.0,1.0,2.0,0.3605,4.0,,,,,,1.0,1.0,,,,,4.0,2.0,,2.0,,,1.0,1.0,,,,,,,,,,,,1.0,,0.0275,1.0,1.0,,,1.0,1.0,,,,,,,,,,,,,,
184341,Mason Mount,Midfielder,Man Utd,1,England,2026-27,,,,0.0,,,,,,,,,,,,,,,,,,,,,,,,,,,,,,,,,,,,,,,,,,,,,,0.0,,,,,,,,,,,,,,,,0.0,,,,,,,,,,,,,,,,,,,,,,,,,,,,,,,,,,,,,,,,,,,,,,,,,,,,,,,,,,,
430871,Matheus Cunha,Forward,Man Utd,1,Brazil,2026-27,15.0,,0.4182,0.0,2.0,2.0,8.0,3.0,1.0,4.0,3.0,9.0,4.0,77.0,,6.0,,,230.0,6.0,6.0,,1.0,6.0,68.0,15.0,,3.5505,3.0,,,3.0,1.0,9.0,24.0,4.0,0.0,21.0,,15.0,6.0,3.0,,46.0,4.0,7.0,1.0,15.0,1.0,0.0,77.0,,28.0,2.0,,20.0,1.0,,,18.0,118.0,4.0,,22.0,0.4669,0.0,1.0,,,2.0,0.2113,5.0,3.0,,,1.0,,2.0,2.0,,,,,3.0,3.0,,3.0,1.0,1.0,,,,,,,,,,,,,,,,,,,,,,3.0,,,,,,,,1.0,,,,,,
230001,Noussair Mazraoui,Defender,Man Utd,1,Morocco,2026-27,5.0,,0.0722,0.0,,2.0,3.0,3.0,,1.0,1.0,5.0,5.0,90.0,,5.0,,,98.0,3.0,4.0,1.0,3.0,2.0,83.0,3.0,2.0,3.3443,2.0,,3.0,4.0,,2.0,12.0,,0.0,9.0,1.0,23.0,3.0,3.0,1.0,56.0,5.0,1.0,,4.0,2.0,0.0,90.0,,16.0,1.0,,30.0,1.0,,2.0,25.0,121.0,8.0,,29.0,0.2243,0.0,2.0,1.0,2.0,,,1.0,,,,,,,,,,,,1.0,1.0,,1.0,,,,,,,,,,,,,,,,,1.0,,,,,,1.0,3.0,,,,,,,,,,,,,,
596777,Patrick Dorgu,Defender,Man Utd,1,Denmark,2026-27,7.0,,0.0406,0.0,,2.0,6.0,3.0,,1.0,1.0,7.0,,25.0,1.0,8.0,,,75.0,2.0,8.0,1.0,,2.0,17.0,9.0,2.0,3.8813,1.0,,2.0,5.0,,5.0,8.0,,0.0,15.0,,4.0,1.0,3.0,1.0,14.0,,2.0,,7.0,6.0,0.0,25.0,1.0,15.0,1.0,1.0,5.0,4.0,1.0,1.0,8.0,48.0,,,4.0,0.6535,1.0,1.0,1.0,2.0,1.0,0.301,5.0,,,,,,1.0,1.0,,,,,1.0,4.0,,1.0,,2.0,,,,,,,,,,,,,,1.0,,,,,,,,4.0,,,,,,,,,,,,,,
465247,Senne Lammens,Goalkeeper,Man Utd,1,Belgium,2026-27,,,0.0008,0.0,,,,3.0,,,3.0,14.0,,58.0,,2.0,,,270.0,,2.0,1.0,,,36.0,,,5.5052,,2.0,4.0,6.0,,,8.0,,0.0,2.0,,33.0,28.0,3.0,,4.0,,,,,2.0,0.0,51.0,,14.0,,,17.0,,,8.0,,87.0,,10.0,40.0,,0.0,14.0,3.0,,,,,,,,,,,,,,,,,,,,,,,,3.0,18.0,1.0,,9.0,,,1.0,,3.0,8.0,,,,,,,,,5.0,,,,,,,,,,,,,,
576628,Shea Lacey,Forward,Man Utd,1,England,2026-27,,,0.0033,0.0,,,1.0,1.0,,,,1.0,1.0,5.0,,,,,10.0,,,,,,3.0,,,,,,,,,,,,0.0,,,1.0,1.0,1.0,,3.0,1.0,,,,,0.0,5.0,,2.0,,,4.0,,,1.0,,7.0,,,1.0,,0.0,,,1.0,,,,,,,,,,,,,,,,,,,,,,,,,,,,,,,,,,,,,,,,,,,,,,,,,,,,,,,,
166989,Youri Tielemans,Midfielder,Man Utd,1,Belgium,2026-27,9.0,,0.274,0.0,3.0,2.0,16.0,3.0,,5.0,3.0,21.0,1.0,226.0,,3.0,,,247.0,2.0,11.0,1.0,9.0,10.0,199.0,4.0,,5.5052,5.0,,2.0,6.0,,7.0,67.0,6.0,0.0,20.0,3.0,67.0,17.0,3.0,1.0,122.0,1.0,1.0,,17.0,1.0,0.0,221.0,2.0,27.0,1.0,2.0,72.0,1.0,3.0,6.0,20.0,263.0,,2.0,83.0,0.5544,0.0,5.0,8.0,,3.0,0.463,3.0,2.0,,,3.0,,1.0,1.0,,,,,1.0,,,1.0,3.0,1.0,2.0,2.0,,,,,,,,,,,,,1.0,,,,,,,5.0,,,,,,,,,,,,,,
632794,Aladji Bamba,Midfielder,Newcastle,4,France,2026-27,1.0,,0.0002,0.0,,1.0,,1.0,,,,,,1.0,,2.0,,,14.0,1.0,2.0,,,1.0,1.0,,,1.7649,,,1.0,1.0,,,1.0,,0.0,3.0,,,,1.0,,1.0,,,,1.0,1.0,0.0,1.0,,2.0,1.0,,,,,,1.0,5.0,,,1.0,,0.0,,,1.0,,,,,,,,,,,,,,,,,,,,,,,,,,,,,,,,,,,,,,,,,,1.0,,,,1.0,,,,,,,,,,
463726,Amar Dedic,Defender,Newcastle,4,Bosnia & Herzegovina,2026-27,14.0,3.0,0.0841,0.0,2.0,5.0,9.0,3.0,1.0,,3.0,12.0,1.0,88.0,,6.0,1.0,3.0,270.0,3.0,16.0,1.0,5.0,13.0,73.0,4.0,8.0,5.874,1.0,,10.0,4.0,2.0,11.0,7.0,4.0,0.0,30.0,3.0,23.0,11.0,3.0,4.0,37.0,1.0,5.0,2.0,24.0,3.0,0.0,85.0,2.0,31.0,1.0,4.0,29.0,6.0,1.0,3.0,29.0,165.0,15.0,3.0,42.0,0.141,0.0,3.0,3.0,,,,1.0,,,,,,,,,,,,5.0,1.0,,,,1.0,,,,,,,,,,,,,,,2.0,0.0501,1.0,1.0,,,,3.0,,,,1.0,,,,,,,,,,
449434,Anthony Elanga,Forward,Newcastle,4,Sweden,2026-27,12.0,,0.3414,0.0,,4.0,15.0,3.0,,1.0,3.0,17.0,3.0,48.0,,6.0,,1.0,235.0,4.0,12.0,1.0,2.0,10.0,31.0,11.0,,3.8946,4.0,,2.0,3.0,,8.0,6.0,4.0,1.0,24.0,1.0,13.0,3.0,3.0,3.0,27.0,5.0,4.0,,18.0,2.0,0.0,48.0,2.0,32.0,1.0,2.0,19.0,3.0,,,10.0,87.0,1.0,,5.0,0.4169,1.0,2.0,4.0,,3.0,0.6462,4.0,,2.0,1.0,,3.0,,,1.0,1.0,1.0,1.0,4.0,1.0,2.0,3.0,,1.0,1.0,1.0,,,,,,,,,,,,1.0,,,,,,,1.0,2.0,,,,,,,,,,,,,,
611665,Bazoumana Touré,Forward,Newcastle,4,Cote d’Ivoire,2026-27,,,,0.0,,,1.0,1.0,,,,1.0,,1.0,,,,,1.0,,,,1.0,,,,,,,,,,,,1.0,,0.0,,,,,1.0,,,,,,,,0.0,1.0,,2.0,,,,,,,,2.0,,,,,0.0,,,1.0,,,,,,,,,,,,,,,,,,,,,,,,,,,,,,,,,,,,,,,,,,,,,,,,,,,,,,,,
554578,Ewen Jaouen,Goalkeeper,Newcastle,4,France,2026-27,,,,0.0,,,,,,,,,,,,,,,,,,,,,,,,,,,,,,,,,,,,,,,,,,,,,,0.0,,,,,,,,,,,,,,,,0.0,,,,,,,,,,,,,,,,,,,,,,,,,,,,,,,,,,,,,,,,,,,,,,,,,,,,,,,,,,,
119471,Fabian Schär,Defender,Newcastle,4,Switzerland,2026-27,,,,0.0,,,,1.0,,,,,,,,,,,1.0,,,,,,,,,0.9897,,,,1.0,,,,,0.0,,,,,1.0,,,,,,,,0.0,,,,,,,,,,,,,,,,0.0,,,1.0,,,,,,,,,,,,,,,,,,,,,,,,,,,,,,,,,,,,,,,,,,1.0,,,,1.0,,,,,,,,,,
201666,Harvey Barnes,Midfielder,Newcastle,4,England,2026-27,12.0,,0.0629,0.0,1.0,3.0,9.0,3.0,,3.0,3.0,10.0,2.0,49.0,1.0,1.0,,,269.0,1.0,11.0,1.0,9.0,11.0,37.0,9.0,,5.874,2.0,,5.0,4.0,1.0,11.0,17.0,8.0,0.0,23.0,6.0,13.0,8.0,3.0,1.0,22.0,6.0,5.0,1.0,22.0,,0.0,49.0,3.0,29.0,2.0,,5.0,4.0,2.0,2.0,14.0,102.0,1.0,1.0,17.0,0.222,0.0,1.0,2.0,,1.0,0.8345,3.0,,1.0,0.0,,3.0,,,,1.0,1.0,,3.0,2.0,3.0,1.0,,3.0,,,,,,,,,,,,,,,,,,,,,,3.0,,,,1.0,,,,,,,,,,
114243,Jacob Murphy,Midfielder,Newcastle,4,England,2026-27,2.0,,0.2016,0.0,,1.0,1.0,3.0,,,,1.0,2.0,7.0,,,,,35.0,,3.0,,1.0,3.0,6.0,2.0,1.0,1.9792,,,1.0,1.0,,2.0,,2.0,0.0,5.0,1.0,1.0,4.0,3.0,1.0,3.0,2.0,,,5.0,,0.0,7.0,,8.0,,,3.0,1.0,,,3.0,19.0,,,3.0,,1.0,,,3.0,,,,1.0,,,,,,,,,,,,,,,,1.0,,,,,,,,,,,,,,,,,,,,,,1.0,,,,1.0,,,,,,,,,,
232653,Jacob Ramsey,Midfielder,Newcastle,4,England,2026-27,5.0,,0.1564,0.0,,2.0,5.0,3.0,,1.0,,5.0,,40.0,,2.0,,,69.0,,4.0,,3.0,2.0,34.0,2.0,,2.1533,,,1.0,1.0,,5.0,10.0,,0.0,9.0,2.0,10.0,6.0,3.0,1.0,13.0,,2.0,,7.0,2.0,0.0,40.0,,7.0,1.0,,11.0,3.0,1.0,1.0,9.0,52.0,,,22.0,0.17,1.0,,3.0,3.0,1.0,0.8404,2.0,1.0,1.0,0.0,,,,,,1.0,1.0,,2.0,1.0,,,,3.0,,,,,,,,,,,,,,,1.0,,,,,,,1.0,,,,1.0,,,,,,,,,,
200089,Joe Willock,Midfielder,Newcastle,4,England,2026-27,14.0,,0.1987,0.0,1.0,3.0,2.0,3.0,,2.0,2.0,2.0,2.0,47.0,1.0,3.0,,,168.0,3.0,7.0,,4.0,7.0,44.0,4.0,,4.6302,1.0,,1.0,3.0,,11.0,16.0,2.0,0.0,21.0,3.0,3.0,3.0,3.0,1.0,27.0,2.0,6.0,,18.0,,0.0,41.0,1.0,14.0,2.0,2.0,11.0,5.0,,1.0,17.0,80.0,1.0,,18.0,0.5251,0.0,,,1.0,1.0,0.7942,5.0,1.0,1.0,0.0,1.0,,,,,1.0,1.0,,1.0,4.0,,2.0,1.0,4.0,,,,,,,,,,,,,,,1.0,,,,,,,3.0,,,,1.0,,,,,,,,,,
487838,Lewis Hall,Defender,Newcastle,4,England,2026-27,15.0,2.0,0.6741,0.0,,8.0,6.0,3.0,1.0,,3.0,20.0,1.0,108.0,,9.0,1.0,4.0,269.0,5.0,18.0,1.0,5.0,14.0,78.0,2.0,4.0,5.874,2.0,1.0,12.0,4.0,,10.0,33.0,3.0,0.0,33.0,3.0,45.0,27.0,3.0,3.0,47.0,6.0,4.0,,24.0,4.0,0.0,100.0,1.0,40.0,5.0,3.0,3.0,3.0,5.0,10.0,27.0,202.0,20.0,7.0,45.0,0.0467,0.0,14.0,5.0,,,,2.0,1.0,,,,7.0,,,1.0,,,,2.0,2.0,4.0,1.0,,2.0,,,,,,,,,,,,,,,5.0,,,,1.0,,,3.0,2.0,,,1.0,,,1.0,,,,,,,
547719,Lewis Miley,Midfielder,Newcastle,4,England,2026-27,9.0,,0.0693,0.0,,1.0,14.0,3.0,,1.0,3.0,18.0,,124.0,,6.0,1.0,,229.0,3.0,9.0,1.0,3.0,6.0,99.0,2.0,,4.109,3.0,,7.0,3.0,,6.0,36.0,2.0,0.0,18.0,1.0,31.0,15.0,3.0,1.0,40.0,,1.0,,12.0,3.0,0.0,120.0,,21.0,1.0,3.0,33.0,2.0,2.0,7.0,24.0,147.0,,1.0,66.0,0.053,1.0,4.0,3.0,,,,1.0,,,,,,,,,,,,1.0,1.0,,2.0,,2.0,,,,,,,,,,,,,,,1.0,,,,,,,2.0,,,,,,,,,,,,,,
470551,Lukás Hornícek,Goalkeeper,Newcastle,4,Czech Republic,2026-27,,,0.006,0.0,,,1.0,3.0,,,3.0,42.0,,104.0,,,1.0,,270.0,,1.0,1.0,,1.0,50.0,,,5.874,,7.0,5.0,4.0,,,21.0,,0.0,1.0,,65.0,15.0,3.0,,10.0,,,,1.0,,0.0,80.0,,44.0,,1.0,18.0,,,12.0,,136.0,,22.0,52.0,,1.0,41.0,8.0,,,,,,,,,,,,,,,,,,,,,,,,12.0,13.0,3.0,1.0,13.0,,,2.0,9.0,3.0,11.0,,,,,,,,,3.0,,,,1.0,1.0,,,,,1.0,,,,
465642,Malick Thiaw,Defender,Newcastle,4,Germany,2026-27,9.0,,0.0636,0.0,,,7.0,3.0,,1.0,3.0,24.0,,133.0,,15.0,1.0,,270.0,4.0,15.0,1.0,1.0,4.0,100.0,1.0,,5.874,1.0,,15.0,4.0,,5.0,21.0,3.0,0.0,24.0,1.0,45.0,6.0,3.0,,28.0,,,,9.0,11.0,0.0,127.0,,25.0,,2.0,54.0,3.0,,9.0,13.0,165.0,,11.0,81.0,,0.0,17.0,5.0,,,,,,,,,,,,,,,,,,,,,1.0,,,,,,,,,,,,,,,6.0,,,,,,,3.0,,,,1.0,,,,,,,1.0,,,
613221,Matias Fernandez-Pardo,Forward,Newcastle,4,Belgium,2026-27,1.0,,0.0011,0.0,,,2.0,1.0,,,,2.0,1.0,6.0,,,,,27.0,,2.0,,4.0,2.0,4.0,3.0,,,,,,,,1.0,3.0,1.0,0.0,3.0,2.0,,1.0,1.0,,3.0,1.0,,,3.0,,0.0,6.0,1.0,5.0,,1.0,,1.0,,,3.0,14.0,,,1.0,,0.0,,,1.0,,,,,,,,,,,,,,,,,,,,1.0,,,,,,,,,,,,,,,,,,,,,,,,,,,,,,,,,,,,
98747,Nick Pope,Goalkeeper,Newcastle,4,England,2026-27,,,,0.0,,,,,,,,,,,,,,,,,,,,,,,,,,,,,,,,,,,,,,,,,,,,,,0.0,,,,,,,,,,,,,,,,0.0,,,,,,,,,,,,,,,,,,,,,,,,,,,,,,,,,,,,,,,,,,,,,,,,,,,,,,,,,,,
465694,Nico González,Midfielder,Newcastle,4,Spain,2026-27,17.0,,,0.0,,,5.0,2.0,,1.0,2.0,11.0,1.0,102.0,,2.0,,,148.0,1.0,5.0,,1.0,4.0,85.0,1.0,,,3.0,,1.0,2.0,,16.0,38.0,3.0,0.0,22.0,1.0,23.0,8.0,2.0,,40.0,1.0,3.0,,20.0,1.0,0.0,95.0,,16.0,,1.0,36.0,8.0,1.0,6.0,5.0,118.0,,2.0,51.0,,1.0,6.0,4.0,,,,,2.0,,,,,,,,,,,,,,2.0,,7.0,,,,,,,,,,,,,,,1.0,,,,,,,2.0,,,,,,,,,,,,,,
636852,Sean Steur,Midfielder,Newcastle,4,Netherlands,2026-27,2.0,,0.004,0.0,,,6.0,3.0,,1.0,1.0,9.0,,49.0,,,,,88.0,,,1.0,1.0,,38.0,,,1.2437,,1.0,4.0,1.0,,2.0,16.0,,0.0,2.0,1.0,12.0,3.0,3.0,,5.0,,1.0,,2.0,,0.0,46.0,,10.0,,,15.0,,,2.0,6.0,55.0,,,35.0,,0.0,3.0,3.0,2.0,,,,,,,,,,,,,,,,,,1.0,,,,,,,,,,,,,,,,,,,,,,,,,,,,,,,,,,,,,,
220237,Sven Botman,Defender,Newcastle,4,Netherlands,2026-27,8.0,,0.1789,0.0,1.0,2.0,6.0,3.0,,1.0,3.0,23.0,,159.0,,16.0,1.0,,270.0,6.0,13.0,1.0,,3.0,128.0,2.0,,5.874,,3.0,14.0,4.0,,2.0,61.0,1.0,0.0,21.0,,64.0,9.0,3.0,2.0,21.0,,1.0,,5.0,10.0,0.0,137.0,1.0,26.0,,,27.0,,1.0,8.0,7.0,194.0,,11.0,115.0,0.014,1.0,17.0,9.0,,,,,,,,1.0,,,,,,,,,,,,1.0,,,,20.0,19.0,,,,,,,1.0,,,,7.0,,,,,,,3.0,,,,1.0,,,,,,,,,,
441191,Tino Livramento,Defender,Newcastle,4,England,2026-27,1.0,,0.0008,0.0,,,,1.0,,,,,,3.0,,,,,1.0,,,,,,2.0,,,,,,,,,1.0,2.0,,0.0,1.0,,,,1.0,,1.0,,1.0,,1.0,,0.0,2.0,,1.0,,,,,,1.0,1.0,5.0,,,2.0,,0.0,,,1.0,,,,,,,,,,,,,,,1.0,,,,,,,,,,,,,,,,,,,,,,,,,,,,,,,,,,,,,,,,,
538207,William Osula,Forward,Newcastle,4,Denmark,2026-27,5.0,,0.1388,0.0,2.0,1.0,1.0,1.0,1.0,,1.0,1.0,,5.0,,3.0,,,56.0,3.0,1.0,1.0,1.0,1.0,4.0,2.0,,1.0294,,,,1.0,,2.0,2.0,,0.0,6.0,1.0,1.0,2.0,1.0,,3.0,,1.0,,3.0,,0.0,5.0,1.0,6.0,1.0,,1.0,,,,1.0,20.0,,,1.0,0.0587,0.0,,,,,,,1.0,,,2.0,,,,,,,,,,,1.0,2.0,,,,,,,,,,,,,,,,2.0,0.0411,1.0,1.0,,,,,,,,,,,,,,,,,,
216646,Yoane Wissa,Forward,Newcastle,4,DR Congo,2026-27,21.0,1.0,0.0476,0.0,,5.0,14.0,3.0,1.0,4.0,3.0,14.0,,49.0,2.0,16.0,,1.0,261.0,10.0,25.0,1.0,4.0,19.0,34.0,8.0,,4.6699,1.0,,2.0,3.0,,11.0,8.0,11.0,0.0,46.0,2.0,21.0,10.0,3.0,5.0,17.0,,6.0,,30.0,6.0,0.0,44.0,1.0,28.0,,3.0,9.0,5.0,,1.0,11.0,100.0,,,19.0,1.341,2.0,,4.0,,2.0,0.8017,6.0,1.0,1.0,1.0,,,1.0,1.0,,0.0,1.0,,1.0,4.0,,2.0,,2.0,,,,,,,,,,,,,,2.0,,,,,,,,2.0,,,,,,,,,,,,,,
496221,Adam Wharton,Midfielder,Palace,31,England,2026-27,8.0,1.0,0.317,0.0,,7.0,21.0,3.0,,5.0,3.0,28.0,,124.0,,1.0,,1.0,270.0,,15.0,1.0,6.0,14.0,91.0,1.0,,6.5486,4.0,,6.0,8.0,,8.0,23.0,6.0,0.0,23.0,1.0,54.0,11.0,3.0,4.0,55.0,,6.0,,22.0,1.0,0.0,122.0,,40.0,3.0,1.0,34.0,,4.0,5.0,13.0,167.0,,2.0,42.0,,0.0,7.0,7.0,,,,,1.0,,,,,,,,,,,,,,,,,,,,,,,,,,,,,,,1.0,,,,,,,7.0,,,,,,,,,,,,,,
570794,Anan Khalaili,Defender,Palace,31,Israel,2026-27,14.0,1.0,0.1654,0.0,1.0,17.0,8.0,3.0,,1.0,2.0,11.0,6.0,79.0,,7.0,,1.0,200.0,3.0,27.0,1.0,3.0,23.0,63.0,5.0,3.0,4.506,2.0,3.0,9.0,5.0,1.0,11.0,3.0,1.0,0.0,41.0,3.0,27.0,11.0,3.0,6.0,36.0,6.0,3.0,1.0,34.0,4.0,0.0,78.0,,31.0,11.0,5.0,30.0,2.0,5.0,5.0,19.0,165.0,12.0,1.0,33.0,0.7327,1.0,3.0,6.0,1.0,,,2.0,,,,,,,,,,,,3.0,2.0,,1.0,,1.0,,,,,,,,,,,,,,,2.0,,,,,,1.0,4.0,,,,,,,,,,,,,,
220362,Axel Disasi,Defender,Palace,31,France,2026-27,7.0,,0.0443,0.0,,5.0,4.0,2.0,,,1.0,9.0,,67.0,,6.0,,,106.0,3.0,9.0,,1.0,6.0,52.0,1.0,,2.4245,1.0,3.0,3.0,3.0,,4.0,14.0,,0.0,16.0,1.0,20.0,9.0,2.0,2.0,11.0,,1.0,,10.0,3.0,0.0,56.0,,12.0,3.0,1.0,29.0,1.0,4.0,6.0,4.0,86.0,,2.0,47.0,,0.0,5.0,3.0,1.0,,,,1.0,,,,,,,,,,,,,,,,1.0,,,10.0,9.0,,,,,,,1.0,,,,2.0,,,,,1.0,,3.0,,,,,,,,,,,,,,
172850,Ben Chilwell,Defender,Palace,31,England,2026-27,,,0.0007,0.0,,,,1.0,,,,,1.0,5.0,,,,,16.0,,,,,,5.0,1.0,,0.1077,,,,,,,1.0,,1.0,,,1.0,,1.0,,4.0,1.0,,,,,0.0,5.0,,1.0,,,,,,,3.0,7.0,,,1.0,0.1489,0.0,,,1.0,1.0,0.6828,1.0,,1.0,1.0,,,,,,0.0,,1.0,,,,,,,,,,,,,,,,,,,,,,,,,,,,,,,,,,,,,,,,,,
515621,Chadi Riad,Defender,Palace,31,Morocco,2026-27,3.0,,0.0067,0.0,,1.0,2.0,1.0,,,1.0,3.0,,49.0,,2.0,,,72.0,,3.0,,1.0,1.0,44.0,,,1.6179,,,5.0,2.0,,3.0,22.0,,0.0,6.0,1.0,14.0,3.0,1.0,,14.0,,1.0,,4.0,2.0,0.0,49.0,,6.0,1.0,,2.0,2.0,1.0,2.0,11.0,61.0,,1.0,32.0,,0.0,1.0,1.0,,,,,,,,,,,,,,,,1.0,,,1.0,,,,,,,,,,,,,,,,,,,,,,,,2.0,,,,,,,,,,,,,,
438464,Cheick Doucouré,Midfielder,Palace,31,Mali,2026-27,,,,0.0,,,,,,,,,,,,,,,,,,,,,,,,,,,,,,,,,,,,,,,,,,,,,,0.0,,,,,,,,,,,,,,,,0.0,,,,,,,,,,,,,,,,,,,,,,,,,,,,,,,,,,,,,,,,,,,,,,,,,,,,,,,,,,,
427623,Chris Richards,Defender,Palace,31,United States,2026-27,7.0,,0.0083,0.0,,5.0,7.0,3.0,,,3.0,18.0,,138.0,,7.0,,,270.0,5.0,9.0,1.0,6.0,7.0,115.0,1.0,1.0,6.5486,,3.0,16.0,8.0,,2.0,58.0,,0.0,16.0,3.0,38.0,7.0,3.0,1.0,26.0,,,,9.0,2.0,0.0,127.0,,20.0,4.0,2.0,40.0,1.0,4.0,5.0,2.0,185.0,1.0,9.0,94.0,0.078,0.0,11.0,9.0,,2.0,0.4044,2.0,,,,,,1.0,1.0,,,,,,,,,,,1.0,1.0,9.0,9.0,,,,,,,,,,,6.0,,,,,,,7.0,,,,,,,,,,,,,,
209400,Daichi Kamada,Midfielder,Palace,31,Japan,2026-27,9.0,1.0,0.2987,0.0,1.0,9.0,16.0,3.0,1.0,4.0,3.0,18.0,2.0,138.0,3.0,2.0,,1.0,269.0,,17.0,1.0,7.0,15.0,117.0,5.0,,6.5486,3.0,,3.0,8.0,1.0,9.0,35.0,4.0,0.0,26.0,4.0,35.0,14.0,3.0,2.0,56.0,2.0,3.0,1.0,24.0,2.0,0.0,136.0,1.0,26.0,7.0,2.0,39.0,1.0,1.0,3.0,29.0,177.0,,,65.0,0.0461,1.0,2.0,3.0,,,,,,,,,,,,,,,,1.0,,,1.0,,1.0,,,,,,,,,,,,,,,,,,,,,,7.0,,,,,,,,,,,,,,
533646,Darío Osorio,Midfielder,Palace,31,Chile,2026-27,,,0.0003,0.0,,1.0,1.0,1.0,,,,1.0,,2.0,1.0,,,,1.0,,1.0,,1.0,1.0,1.0,,,,,,,,,,1.0,,0.0,1.0,1.0,,,1.0,1.0,1.0,,,,1.0,,0.0,2.0,,1.0,,,1.0,,,,,4.0,,,,,0.0,,,1.0,,,,,,,,,,,,,,,,,,,,,,,,,,,,,,,,,,,,,,,,,,,,,,,,,,,,,,,,
172649,Dean Henderson,Goalkeeper,Palace,31,England,2026-27,,,0.0004,0.0,,,1.0,3.0,,,3.0,17.0,,80.0,,,,,270.0,,,1.0,,,55.0,,,6.5486,,4.0,6.0,8.0,,,26.0,,0.0,,,31.0,31.0,3.0,,4.0,,,,,,0.0,61.0,,17.0,,,23.0,,,8.0,,116.0,,14.0,59.0,,0.0,16.0,4.0,,,,,,,,,,,,,,,,,,,,,,,,14.0,29.0,4.0,2.0,12.0,,1.0,1.0,1.0,1.0,10.0,,,,,,,,,7.0,,,,,,,,,,,,,,
433154,Dwight McNeil,Midfielder,Palace,31,England,2026-27,5.0,,0.024,0.0,1.0,,5.0,2.0,,2.0,1.0,6.0,,35.0,,,,,85.0,,,,4.0,,28.0,,,2.2316,,,2.0,3.0,,5.0,14.0,,0.0,5.0,1.0,4.0,3.0,2.0,,21.0,,2.0,,5.0,,0.0,35.0,,10.0,,,10.0,1.0,1.0,1.0,7.0,46.0,,1.0,8.0,0.0485,0.0,1.0,2.0,1.0,,,,,,,1.0,,,,,,,,,,,1.0,1.0,1.0,,,,,,,,,,,,,,,1.0,,,,,,,3.0,,,,,,,,,,,,,,
205533,Eddie Nketiah,Forward,Palace,31,England,2026-27,18.0,,0.5827,0.0,,4.0,9.0,3.0,1.0,,3.0,9.0,,30.0,1.0,11.0,,,168.0,7.0,11.0,1.0,2.0,7.0,21.0,8.0,,5.3802,3.0,,1.0,7.0,,11.0,4.0,1.0,0.0,29.0,1.0,8.0,5.0,3.0,,15.0,,7.0,,18.0,4.0,0.0,30.0,1.0,22.0,4.0,2.0,10.0,2.0,1.0,,8.0,63.0,,,6.0,1.099,0.0,,2.0,,2.0,1.0636,4.0,1.0,,,,,2.0,2.0,,,,,4.0,2.0,,3.0,,1.0,,,,,,,,,,,,,,,,,,,,,,6.0,,1.0,,,,,,,,,,,,
485337,Evann Guessand,Forward,Palace,31,Cote d’Ivoire,2026-27,7.0,,0.0248,0.0,,1.0,1.0,2.0,,,,1.0,1.0,15.0,,1.0,,,54.0,1.0,1.0,,1.0,1.0,14.0,,,0.6506,,,1.0,1.0,,6.0,3.0,,0.0,8.0,1.0,3.0,,2.0,1.0,11.0,1.0,3.0,,7.0,,0.0,14.0,,7.0,,,5.0,2.0,,,4.0,27.0,,,3.0,0.0316,0.0,,,2.0,1.0,0.0241,1.0,,,,,,,,,,,,1.0,,,,,,1.0,1.0,,,,,,,,,,,,,,,,,,,,1.0,,,,,,,,,,,,,,
651426,Jaydee Canvot,Defender,Palace,31,France,2026-27,8.0,,0.0215,0.0,1.0,7.0,13.0,3.0,,,3.0,20.0,,186.0,1.0,7.0,,,270.0,2.0,13.0,1.0,2.0,8.0,157.0,1.0,,6.5486,,1.0,10.0,8.0,1.0,6.0,41.0,1.0,0.0,21.0,1.0,75.0,6.0,3.0,1.0,54.0,,2.0,1.0,14.0,5.0,0.0,181.0,,26.0,6.0,,57.0,,3.0,9.0,13.0,224.0,,4.0,112.0,0.0473,0.0,7.0,10.0,,,,,1.0,,,,,,,,,,,1.0,,,,,,,,1.0,1.0,,,,,,,,,,,4.0,,,,,,,7.0,,,,,,,,,,,,,,
231747,Jean-Philippe Mateta,Forward,Palace,31,France,2026-27,5.0,,0.0152,0.0,,2.0,3.0,1.0,,1.0,1.0,3.0,,12.0,,3.0,,,63.0,2.0,3.0,,,2.0,9.0,2.0,,1.6179,1.0,,1.0,2.0,,3.0,6.0,,0.0,8.0,,1.0,2.0,1.0,2.0,6.0,,1.0,,5.0,1.0,0.0,12.0,,6.0,,,4.0,2.0,,,1.0,21.0,,,3.0,0.6981,0.0,,,,,,2.0,,,,,,,,,,,,,2.0,,1.0,,1.0,,,,,,,,,,,,,,1.0,,,,,,,,2.0,,1.0,,,,,,,,,,,,
152551,Jefferson Lerma,Midfielder,Palace,31,Colombia,2026-27,,,,0.0,,,,,,,,,,,,,,,,,,,,,,,,,,,,,,,,,,,,,,,,,,,,,,0.0,,,,,,,,,,,,,,,,0.0,,,,,,,,,,,,,,,,,,,,,,,,,,,,,,,,,,,,,,,,,,,,,,,,,,,,,,,,,,,
247412,Jørgen Strand Larsen,Forward,Palace,31,Norway,2026-27,11.0,,0.0087,0.0,,1.0,8.0,3.0,,3.0,1.0,8.0,,22.0,,10.0,,,135.0,4.0,9.0,1.0,,3.0,14.0,2.0,,2.835,,,2.0,3.0,,7.0,3.0,1.0,0.0,20.0,,6.0,4.0,3.0,,8.0,,4.0,,10.0,6.0,0.0,21.0,,19.0,1.0,1.0,5.0,4.0,,,8.0,44.0,,,6.0,0.2982,0.0,,1.0,2.0,1.0,0.1067,2.0,,,,,,1.0,1.0,,,,,1.0,1.0,,1.0,,2.0,,,,,,,,,,,,,,,1.0,,,,,,,2.0,1.0,,,,,,,,,,,,,
450063,Quinten Timber,Midfielder,Palace,31,Netherlands,2026-27,4.0,,0.0022,0.0,,1.0,4.0,1.0,,,1.0,6.0,,18.0,,1.0,,,74.0,1.0,3.0,,2.0,3.0,11.0,,,1.7031,,1.0,,2.0,,3.0,4.0,2.0,0.0,7.0,1.0,8.0,3.0,1.0,,5.0,,1.0,,6.0,,0.0,17.0,,7.0,1.0,,3.0,2.0,1.0,1.0,3.0,26.0,,1.0,7.0,0.0195,0.0,2.0,2.0,,,,1.0,,,,,,,,,,,,,1.0,,1.0,,2.0,,,,,,,,,,,,,,,1.0,,,,,,,2.0,,,,,,,,,,,,,,
223723,Takehiro Tomiyasu,Defender,Palace,31,Japan,2026-27,5.0,,0.0108,0.0,,1.0,7.0,2.0,,1.0,1.0,9.0,4.0,50.0,,5.0,,,92.0,4.0,3.0,1.0,3.0,2.0,41.0,1.0,,2.5062,,,4.0,3.0,,1.0,18.0,1.0,0.0,8.0,,18.0,4.0,2.0,1.0,18.0,4.0,,,3.0,1.0,0.0,48.0,,14.0,,,11.0,1.0,4.0,,3.0,68.0,,1.0,23.0,,0.0,2.0,4.0,1.0,,,,,,,,,,,,,,,,,,1.0,,,,,,,,,,,,,,,,,,,,,,,,2.0,,,,,,,,,,,,,,
244723,Tyrick Mitchell,Defender,Palace,31,England,2026-27,10.0,,0.1811,0.0,1.0,6.0,13.0,3.0,,,3.0,17.0,8.0,74.0,,1.0,,,254.0,1.0,8.0,1.0,14.0,8.0,57.0,10.0,3.0,6.4409,4.0,,8.0,8.0,1.0,9.0,32.0,,0.0,18.0,5.0,22.0,7.0,3.0,3.0,32.0,8.0,4.0,1.0,17.0,,0.0,74.0,1.0,36.0,3.0,2.0,2.0,2.0,2.0,,18.0,148.0,17.0,4.0,25.0,0.7672,0.0,4.0,8.0,,2.0,1.113,4.0,,2.0,2.0,,,,,,0.0,,2.0,2.0,2.0,,1.0,,,,,,,,,,,,,,,,,,,,,,,,7.0,,,,,,,,,,,,,,
121709,Walter Benítez,Goalkeeper,Palace,31,Argentina,2026-27,,,,0.0,,,,,,,,,,,,,,,,,,,,,,,,,,,,,,,,,,,,,,,,,,,,,,0.0,,,,,,,,,,,,,,,,0.0,,,,,,,,,,,,,,,,,,,,,,,,,,,,,,,,,,,,,,,,,,,,,,,,,,,,,,,,,,,
108413,Will Hughes,Midfielder,Palace,31,England,2026-27,,,0.0033,0.0,,,1.0,1.0,,,,1.0,,4.0,,,,,16.0,,,,,,3.0,,,0.1077,,,2.0,,,,2.0,,0.0,,,1.0,1.0,1.0,,2.0,,,,,,0.0,4.0,,1.0,,,1.0,,,,,7.0,,,1.0,,0.0,,,1.0,,,,,,,,,,,,,,,,,,,,,,,,,,,,,,,,,,,,,,,,,,,,,,,,,,,,,,,,
488024,Yéremy Pino,Midfielder,Palace,31,Spain,2026-27,8.0,2.0,0.3968,0.0,1.0,5.0,16.0,3.0,,3.0,2.0,17.0,5.0,81.0,2.0,4.0,,3.0,192.0,3.0,10.0,1.0,5.0,9.0,61.0,7.0,,4.506,5.0,,2.0,5.0,,5.0,25.0,4.0,0.0,18.0,2.0,24.0,12.0,3.0,2.0,35.0,9.0,2.0,,14.0,1.0,0.0,72.0,,38.0,3.0,,11.0,4.0,1.0,3.0,21.0,125.0,,1.0,32.0,0.3561,0.0,1.0,5.0,1.0,,,3.0,4.0,,,1.0,3.0,,,,,,,1.0,3.0,3.0,2.0,1.0,3.0,,,,,,,,,,,,,,,,0.0502,1.0,1.0,,,,4.0,,1.0,1.0,,,,,,,,,,,
559152,Zavier Gozo,Forward,Palace,31,United States,2026-27,5.0,,0.0006,0.0,,1.0,1.0,1.0,,1.0,,1.0,,4.0,1.0,,,,22.0,,1.0,,,1.0,3.0,,,0.6137,,,,1.0,,5.0,1.0,,0.0,6.0,,1.0,,1.0,,2.0,,3.0,,6.0,,0.0,4.0,,5.0,1.0,,1.0,1.0,,,1.0,9.0,,,1.0,,0.0,,1.0,1.0,,,,,,,,,,,,,,,2.0,,,,,1.0,,,,,,,,,,,,,,,,,,,,,,1.0,,,,,,,,,,,,,,
242313,Óscar Mingueza,Defender,Palace,31,Spain,2026-27,3.0,,0.0008,0.0,,2.0,1.0,2.0,,,,2.0,,5.0,,1.0,,,16.0,1.0,2.0,,2.0,2.0,3.0,,1.0,0.6137,,,,1.0,,2.0,1.0,,0.0,5.0,1.0,1.0,1.0,2.0,,2.0,,,,4.0,,0.0,5.0,,5.0,2.0,,2.0,1.0,,,1.0,14.0,2.0,1.0,1.0,,0.0,2.0,1.0,2.0,,,,,,,,,,,,,,,,,,,,,,,,,,,,,,,,,,,,,,,,,,1.0,,,,,,,,,,,,,,
122798,Andy Robertson,Defender,Spurs,6,Scotland,2026-27,2.0,1.0,0.0784,0.0,,3.0,18.0,3.0,,,2.0,25.0,5.0,118.0,,4.0,,2.0,187.0,2.0,7.0,,3.0,5.0,91.0,6.0,,3.3643,2.0,1.0,7.0,4.0,,,53.0,2.0,0.0,9.0,,37.0,5.0,3.0,1.0,49.0,8.0,,,5.0,2.0,0.0,114.0,1.0,34.0,2.0,,10.0,,2.0,2.0,18.0,160.0,12.0,4.0,46.0,0.0647,0.0,7.0,6.0,1.0,1.0,0.0874,1.0,,,,,4.0,1.0,1.0,1.0,,,,,,2.0,1.0,,,,,,,,,,,,,,,,,3.0,,,,,1.0,,4.0,,,,,,,,,,,,,,
485055,Antonín Kinsky,Goalkeeper,Spurs,6,Czech Republic,2026-27,2.0,,0.0053,0.0,,,1.0,3.0,,,3.0,35.0,,116.0,,1.0,1.0,,270.0,,2.0,,,1.0,65.0,,,3.8215,1.0,1.0,6.0,5.0,,2.0,29.0,1.0,0.0,4.0,,57.0,26.0,3.0,,8.0,,,,3.0,1.0,0.0,95.0,,36.0,,,30.0,,,16.0,,149.0,,14.0,73.0,,0.0,34.0,7.0,,,,,,,,,,,,,,,,,,,,,,,,11.0,24.0,3.0,1.0,6.0,1.0,,2.0,4.0,,4.0,,,,,,,,,5.0,,,,,1.0,,,,,,,,,
547701,Archie Gray,Midfielder,Spurs,6,England,2026-27,3.0,,0.0162,0.0,,1.0,10.0,2.0,,,2.0,12.0,2.0,59.0,,1.0,,,154.0,2.0,7.0,,,6.0,47.0,,2.0,3.0203,,,3.0,4.0,,3.0,2.0,4.0,0.0,10.0,,24.0,5.0,2.0,,27.0,2.0,1.0,,9.0,1.0,0.0,55.0,1.0,18.0,1.0,1.0,18.0,1.0,2.0,,15.0,80.0,4.0,2.0,20.0,,0.0,2.0,7.0,,,,,,,,,,,,,,,,,,,2.0,,,,,,,,,,,,,,,,,,,,,,,,4.0,,,,,,,,,,,,,,
115556,Ben Davies,Defender,Spurs,6,Wales,2026-27,,,,0.0,,,,,,,,,,,,,,,,,,,,,,,,,,,,,,,,,,,,,,,,,,,,,,0.0,,,,,,,,,,,,,,,,0.0,,,,,,,,,,,,,,,,,,,,,,,,,,,,,,,,,,,,,,,,,,,,,,,,,,,,,,,,,,,
232787,Conor Gallagher,Midfielder,Spurs,6,England,2026-27,7.0,,0.1178,0.0,,5.0,5.0,2.0,,3.0,2.0,5.0,2.0,51.0,,5.0,,,128.0,4.0,12.0,,3.0,11.0,44.0,1.0,,1.5109,,,,2.0,,3.0,14.0,6.0,0.0,19.0,2.0,11.0,8.0,2.0,2.0,24.0,2.0,2.0,,14.0,1.0,0.0,46.0,2.0,11.0,3.0,,10.0,1.0,1.0,2.0,16.0,74.0,,,22.0,0.017,1.0,,2.0,,,,1.0,1.0,,,,,,,,,,,1.0,1.0,,2.0,,1.0,,,,,,,,,,,,,,,,,,,,,1.0,2.0,,,,,,,,,,,,,,
487053,Destiny Udogie,Defender,Spurs,6,Italy,2026-27,7.0,,0.234,0.0,,1.0,5.0,3.0,,,1.0,6.0,2.0,50.0,,4.0,,,87.0,1.0,7.0,,5.0,4.0,44.0,2.0,1.0,0.8012,1.0,,2.0,1.0,,6.0,20.0,3.0,0.0,14.0,3.0,22.0,4.0,3.0,,26.0,2.0,3.0,,10.0,3.0,0.0,49.0,,15.0,1.0,,1.0,3.0,1.0,,7.0,82.0,8.0,,18.0,,1.0,1.0,2.0,2.0,,,,,,,,,,,,,,,1.0,,,1.0,,1.0,,,,,,,,,,,,,,,,,,,,,,1.0,,,,,,,,,,,,,,
154566,Dominic Solanke,Forward,Spurs,6,England,2026-27,6.0,,0.0033,0.0,1.0,1.0,1.0,3.0,,,,1.0,,3.0,1.0,5.0,,,43.0,5.0,2.0,,,2.0,2.0,4.0,,0.4753,,,1.0,,1.0,1.0,1.0,2.0,0.0,8.0,,2.0,,3.0,1.0,2.0,,1.0,1.0,3.0,,0.0,3.0,,4.0,,,,,,,,15.0,,,,0.4444,0.0,,,3.0,1.0,,2.0,,,,,,1.0,1.0,,,,,,1.0,,,,,,,,,,,,,,,,,,,,,,,,,,,,,,,,,,,,,,,,
172780,James Maddison,Midfielder,Spurs,6,England,2026-27,6.0,1.0,0.0142,0.0,,,1.0,1.0,,2.0,,1.0,,16.0,,1.0,,1.0,22.0,1.0,2.0,,,2.0,15.0,4.0,,0.4753,,,1.0,,,5.0,4.0,2.0,0.0,8.0,,5.0,1.0,1.0,,13.0,,5.0,,7.0,,0.0,16.0,,8.0,,,4.0,,,,3.0,29.0,,,3.0,,0.0,,1.0,1.0,,,,,,,,,,,,,,,4.0,,,,,,,,,,,,,,,,,,,,,,,,,,,,,,,,,,,,,,,,,
469142,Jan Paul van Hecke,Defender,Spurs,6,Netherlands,2026-27,13.0,,0.0772,0.0,,5.0,6.0,3.0,,1.0,3.0,12.0,,216.0,,18.0,1.0,,270.0,9.0,18.0,,1.0,9.0,192.0,4.0,,3.8215,2.0,2.0,13.0,5.0,,4.0,50.0,4.0,0.0,31.0,,70.0,11.0,3.0,2.0,96.0,,,,13.0,9.0,0.0,208.0,,15.0,3.0,,85.0,4.0,1.0,12.0,11.0,255.0,3.0,1.0,108.0,0.1981,0.0,6.0,3.0,,1.0,0.3128,3.0,,,,,,1.0,1.0,,,,,,2.0,,,,2.0,,,,,,,,,,,,,,,3.0,,,,,1.0,,5.0,,,,,,,,,,,,,,
611917,Luca Williams-Barnett,Midfielder,Spurs,6,England,2026-27,,,,0.0,,,,,,,,,,,,,,,,,,,,,,,,,,,,,,,,,,,,,,,,,,,,,,0.0,,,,,,,,,,,,,,,,0.0,,,,,,,,,,,,,,,,,,,,,,,,,,,,,,,,,,,,,,,,,,,,,,,,,,,,,,,,,,,
570526,Lucas Bergvall,Midfielder,Spurs,6,Sweden,2026-27,2.0,,0.0122,0.0,,1.0,2.0,1.0,,,1.0,2.0,1.0,20.0,,,,,45.0,,2.0,,1.0,2.0,18.0,1.0,,1.496,,,,2.0,,2.0,8.0,,0.0,4.0,1.0,3.0,7.0,1.0,1.0,10.0,1.0,2.0,,4.0,,0.0,20.0,,5.0,,1.0,3.0,,,,6.0,27.0,,,8.0,,0.0,,,,,,,,,,,,,,,,,,1.0,,,1.0,,,,,,,,,,,,,,,,1.0,,,,,,,,2.0,,,,,,,,,,,,,,
221466,Marcos Senesi,Defender,Spurs,6,Argentina,2026-27,8.0,,0.0199,0.0,,5.0,6.0,1.0,,,1.0,8.0,,83.0,1.0,9.0,,,90.0,5.0,12.0,,1.0,8.0,70.0,,,3.1213,,1.0,8.0,3.0,,3.0,32.0,3.0,0.0,20.0,,33.0,2.0,1.0,1.0,30.0,,,,11.0,4.0,0.0,71.0,,9.0,4.0,,14.0,2.0,1.0,5.0,4.0,104.0,1.0,,45.0,,0.0,2.0,6.0,,,,,,,,,,,,,,,,,,,,,2.0,,,10.0,10.0,,,,,,,,,,,2.0,,,,,1.0,,3.0,,,,,,,,,,,,,,
67089,Martin Dúbravka,Goalkeeper,Spurs,6,Slovakia,2026-27,,,,0.0,,,,,,,,,,,,,,,,,,,,,,,,,,,,,,,,,,,,,,,,,,,,,,0.0,,,,,,,,,,,,,,,,0.0,,,,,,,,,,,,,,,,,,,,,,,,,,,,,,,,,,,,,,,,,,,,,,,,,,,,,,,,,,,
551226,Mateus Fernandes,Midfielder,Spurs,6,Portugal,2026-27,7.0,1.0,0.2307,0.0,,4.0,3.0,3.0,,7.0,1.0,4.0,3.0,95.0,,2.0,,2.0,142.0,1.0,6.0,,3.0,5.0,84.0,1.0,,2.3106,5.0,,,3.0,,6.0,27.0,,0.0,13.0,1.0,16.0,6.0,3.0,2.0,64.0,5.0,1.0,,11.0,1.0,0.0,86.0,2.0,11.0,2.0,1.0,30.0,5.0,,7.0,22.0,116.0,2.0,1.0,29.0,0.0085,1.0,1.0,3.0,2.0,,,1.0,,,,,4.0,,,1.0,,,,,1.0,2.0,,,2.0,,,,,,,,,,,,,,,,,,,,,,3.0,,,,,,,,,,,,,,
511499,Mathys Tel,Forward,Spurs,6,France,2026-27,25.0,2.0,0.1374,0.0,2.0,1.0,11.0,3.0,,,3.0,11.0,5.0,75.0,,4.0,,2.0,232.0,3.0,13.0,,5.0,12.0,63.0,21.0,,3.3792,3.0,,1.0,4.0,,22.0,23.0,1.0,0.0,38.0,1.0,14.0,11.0,3.0,,52.0,9.0,16.0,,34.0,1.0,0.0,72.0,7.0,49.0,1.0,10.0,8.0,4.0,,1.0,30.0,147.0,1.0,,14.0,0.1958,0.0,,3.0,,1.0,0.2914,3.0,,,,2.0,7.0,1.0,1.0,,,,,8.0,2.0,4.0,2.0,2.0,1.0,,,,,,,,,,,,,,,,0.0981,2.0,2.0,,,,4.0,,,,,,,,,,,,,,
491279,Micky van de Ven,Defender,Spurs,6,Netherlands,2026-27,4.0,,0.0222,0.0,1.0,4.0,3.0,2.0,,,2.0,4.0,,145.0,,7.0,1.0,,180.0,1.0,12.0,,1.0,6.0,137.0,3.0,,0.7002,,,12.0,2.0,1.0,3.0,73.0,2.0,0.0,16.0,,28.0,8.0,2.0,,49.0,,1.0,1.0,9.0,6.0,0.0,135.0,,5.0,4.0,,37.0,2.0,1.0,4.0,7.0,168.0,1.0,1.0,92.0,0.572,1.0,1.0,2.0,,,,1.0,,,,,,,,,,,,,1.0,,,,1.0,,,6.0,6.0,,,,,,,,,,,,,,,,,,2.0,,,,,,,,,,,,,,
460842,Mohammed Kudus,Midfielder,Spurs,6,Ghana,2026-27,4.0,1.0,0.1697,0.0,1.0,,2.0,2.0,,1.0,,2.0,7.0,22.0,,,,1.0,51.0,,6.0,,1.0,6.0,19.0,5.0,,0.4423,1.0,,,1.0,1.0,4.0,1.0,3.0,0.0,10.0,,3.0,5.0,2.0,,14.0,8.0,3.0,1.0,10.0,,0.0,21.0,1.0,18.0,,3.0,5.0,1.0,,1.0,13.0,45.0,,,7.0,0.0382,0.0,,,2.0,,,,,,,,2.0,,,,,,,1.0,,1.0,,,,,,,,,,,,,,,,,,,,,,,,2.0,1.0,,,,,,,,,,,,,,
465920,Mykhailo Mudryk,Midfielder,Spurs,6,Ukraine,2026-27,1.0,,0.0001,0.0,,,1.0,1.0,,,,1.0,1.0,2.0,,,,,16.0,,1.0,,1.0,1.0,1.0,1.0,,,,,,,,1.0,,1.0,0.0,2.0,,2.0,,1.0,,1.0,1.0,,,2.0,,0.0,2.0,,2.0,,,,1.0,,,,4.0,,,,,0.0,,,1.0,,,,,,,,,,,,,,,,,,,,,,,,,,,,,,,,,,,,,,,,,,,,,,,,,,,,,,,,
438234,Omar Marmoush,Forward,Spurs,6,Egypt,2026-27,13.0,,0.0757,0.0,1.0,1.0,1.0,2.0,,3.0,2.0,1.0,,31.0,,4.0,,,174.0,4.0,10.0,,1.0,10.0,30.0,6.0,,0.7002,3.0,,,2.0,,9.0,9.0,2.0,0.0,23.0,1.0,6.0,3.0,2.0,,22.0,,4.0,,19.0,,0.0,31.0,,13.0,1.0,7.0,3.0,6.0,,,13.0,63.0,1.0,,8.0,0.3344,0.0,,,,1.0,0.2143,4.0,,,,1.0,,1.0,1.0,,,,,2.0,3.0,,1.0,1.0,2.0,,,,,,,,,,,,,,1.0,,0.0862,1.0,1.0,,,,2.0,,,,,,,,,,,,,,
441164,Pedro Porro,Defender,Spurs,6,Spain,2026-27,9.0,1.0,0.1641,0.0,2.0,2.0,14.0,2.0,,1.0,2.0,26.0,4.0,92.0,,2.0,1.0,3.0,180.0,1.0,8.0,,6.0,7.0,64.0,8.0,,0.7002,2.0,1.0,5.0,2.0,1.0,8.0,7.0,3.0,0.0,17.0,3.0,32.0,5.0,2.0,1.0,42.0,6.0,4.0,1.0,15.0,1.0,0.0,86.0,4.0,40.0,1.0,2.0,36.0,1.0,1.0,2.0,17.0,144.0,10.0,5.0,27.0,0.3546,0.0,12.0,7.0,,1.0,,4.0,1.0,,,1.0,3.0,1.0,1.0,1.0,,,,3.0,3.0,1.0,,1.0,1.0,,,,,,,,,,,,,,,,,,,,,,2.0,,,,,,,,,,,,,,
212319,Richarlison,Forward,Spurs,6,Brazil,2026-27,9.0,,0.0038,0.0,,,1.0,1.0,,1.0,1.0,1.0,,9.0,,4.0,,,68.0,4.0,2.0,,,2.0,8.0,,,2.646,,,1.0,3.0,,5.0,2.0,1.0,0.0,11.0,,2.0,,1.0,,5.0,,2.0,,7.0,,0.0,9.0,,5.0,,1.0,2.0,2.0,,1.0,3.0,17.0,,,3.0,,0.0,,,,,,,,,,,,,,,,,,1.0,,,1.0,,1.0,,,,,,,,,,,,,,1.0,,,,,,,,3.0,,,,,,,,,,,,,,
202993,Rodrigo Bentancur,Midfielder,Spurs,6,Uruguay,2026-27,24.0,1.0,0.0427,0.0,,6.0,11.0,3.0,,4.0,2.0,13.0,,124.0,,17.0,1.0,1.0,225.0,10.0,14.0,,4.0,7.0,108.0,1.0,,2.3255,1.0,,10.0,3.0,,14.0,39.0,,0.0,38.0,1.0,28.0,13.0,3.0,1.0,49.0,,3.0,,21.0,7.0,0.0,122.0,,18.0,5.0,1.0,34.0,8.0,3.0,3.0,23.0,155.0,1.0,1.0,63.0,0.016,0.0,2.0,5.0,1.0,,,1.0,,,,,,,,,,,,1.0,1.0,,,,5.0,,,,,,,,,,,,,,,1.0,,,,,,,3.0,,,,,,,1.0,,,,,,,
432422,Sandro Tonali,Midfielder,Spurs,6,Italy,2026-27,8.0,,0.0881,0.0,,5.0,17.0,3.0,,2.0,3.0,20.0,2.0,140.0,2.0,1.0,1.0,,255.0,,11.0,,4.0,10.0,117.0,1.0,,3.8215,2.0,,1.0,5.0,,8.0,40.0,4.0,0.0,19.0,4.0,37.0,10.0,3.0,4.0,68.0,3.0,5.0,,18.0,1.0,0.0,134.0,,30.0,1.0,1.0,31.0,1.0,2.0,3.0,32.0,178.0,,,52.0,0.0916,0.0,3.0,2.0,,1.0,0.1677,3.0,3.0,,,,,,,,,,,1.0,2.0,,1.0,,,1.0,1.0,,,,,,,,,,,,,2.0,,,,,,,5.0,1.0,,,,,,,,,,,,,
510281,Sávio,Forward,Spurs,6,Brazil,2026-27,6.0,,0.2698,0.0,1.0,,3.0,1.0,,1.0,1.0,4.0,1.0,19.0,,,,1.0,61.0,,6.0,,2.0,6.0,15.0,6.0,,0.0149,1.0,,,,1.0,6.0,1.0,1.0,0.0,12.0,,4.0,,1.0,,13.0,1.0,5.0,1.0,12.0,,0.0,18.0,2.0,16.0,,5.0,9.0,1.0,,,5.0,41.0,1.0,,3.0,0.019,0.0,1.0,,,,,,,,,,2.0,,,1.0,,,,4.0,,,1.0,,,,,,,,,,,,,,,,,,,,,,,1.0,,,,,,,,,,,,,,,
441264,Brian Brobbey,Forward,Sunderland,56,Netherlands,2026-27,12.0,,0.0657,0.0,3.0,,8.0,3.0,,8.0,3.0,8.0,,33.0,4.0,12.0,,,221.0,3.0,11.0,,2.0,2.0,24.0,13.0,,2.0769,3.0,,1.0,2.0,3.0,9.0,9.0,2.0,0.0,23.0,2.0,6.0,6.0,3.0,,17.0,,4.0,3.0,11.0,9.0,0.0,33.0,2.0,18.0,,,8.0,4.0,,1.0,10.0,55.0,,,8.0,0.5907,0.0,,1.0,,1.0,,3.0,,,,,,1.0,1.0,,,,,2.0,2.0,,2.0,,,,,,,,,,,,,,,,1.0,,,,,,,,2.0,,,,,,,,,,,,,,
549912,Chemsdine Talbi,Forward,Sunderland,56,Morocco,2026-27,3.0,,0.001,0.0,,,2.0,1.0,,,,2.0,3.0,11.0,1.0,,,,31.0,,,,,,8.0,,,0.6268,,,,1.0,,3.0,7.0,,0.0,3.0,,1.0,2.0,1.0,,4.0,3.0,1.0,,3.0,,0.0,11.0,1.0,7.0,,,,1.0,,1.0,3.0,16.0,,,5.0,,0.0,,,1.0,,,,,,,,,,,,,,,,,,,,1.0,,,,,,,,,,,,,,,,,,,,,,1.0,,,,,,,,,,,,,,
554197,Chris Rigg,Midfielder,Sunderland,56,England,2026-27,1.0,,0.0011,0.0,,1.0,2.0,2.0,,,,2.0,,4.0,,,,,17.0,,1.0,,1.0,1.0,2.0,,,0.6268,,,,1.0,,1.0,,,0.0,1.0,,1.0,1.0,2.0,1.0,1.0,,,,1.0,,0.0,4.0,,2.0,,,3.0,,,,,5.0,1.0,,1.0,,0.0,,1.0,2.0,,,,,,,,,,,,,,,,,,,,,,,,,,,,,,,,,,,,,,,,,,1.0,,,,,,,,,,,,,,
223827,Dan Ballard,Defender,Sunderland,56,Northern Ireland,2026-27,22.0,,0.1505,0.0,1.0,5.0,11.0,3.0,,,3.0,17.0,,136.0,,29.0,1.0,,270.0,15.0,24.0,,3.0,10.0,111.0,5.0,,2.7037,1.0,3.0,21.0,3.0,1.0,7.0,39.0,4.0,0.0,46.0,1.0,40.0,6.0,3.0,3.0,35.0,,1.0,1.0,17.0,14.0,0.0,131.0,,22.0,2.0,1.0,52.0,3.0,1.0,8.0,5.0,185.0,,2.0,84.0,0.0858,1.0,6.0,7.0,,,,1.0,,,,,,,,,,,,1.0,1.0,,,,1.0,,,5.0,5.0,,,,,,,,,,,2.0,,,,,,,3.0,,,,,,,,,,,,,,
638411,Dayann Méthalie,Defender,Sunderland,56,France,2026-27,,,,0.0,,,,,,,,,,,,,,,,,,,,,,,,,,,,,,,,,,,,,,,,,,,,,,0.0,,,,,,,,,,,,,,,,0.0,,,,,,,,,,,,,,,,,,,,,,,,,,,,,,,,,,,,,,,,,,,,,,,,,,,,,,,,,,,
484420,Enzo Le Fée,Midfielder,Sunderland,56,France,2026-27,16.0,,0.2297,0.0,,6.0,20.0,3.0,,5.0,3.0,21.0,4.0,103.0,1.0,5.0,,1.0,259.0,2.0,18.0,,12.0,15.0,81.0,8.0,,2.0769,1.0,,,2.0,,14.0,18.0,5.0,0.0,34.0,6.0,26.0,7.0,3.0,2.0,53.0,5.0,7.0,,29.0,3.0,0.0,101.0,,38.0,4.0,4.0,38.0,1.0,1.0,1.0,21.0,158.0,,,30.0,1.2077,0.0,1.0,3.0,,2.0,0.878,7.0,2.0,1.0,1.0,,2.0,1.0,1.0,,0.0,1.0,,5.0,5.0,1.0,2.0,,1.0,,,,,,,,,,,,,,,,,,,,,,2.0,,1.0,,,,1.0,,,,,,,1.0,
84450,Granit Xhaka,Midfielder,Sunderland,56,Switzerland,2026-27,10.0,1.0,0.5661,0.0,,5.0,17.0,3.0,,4.0,3.0,26.0,3.0,189.0,,7.0,1.0,4.0,270.0,3.0,18.0,,3.0,14.0,140.0,1.0,,2.7037,7.0,,1.0,3.0,,7.0,39.0,8.0,0.0,28.0,1.0,52.0,23.0,3.0,2.0,89.0,14.0,4.0,,21.0,4.0,0.0,179.0,2.0,47.0,3.0,1.0,60.0,1.0,4.0,23.0,38.0,243.0,1.0,2.0,78.0,0.0594,1.0,9.0,3.0,,,,1.0,3.0,,,,8.0,,,2.0,,,,1.0,1.0,4.0,,,1.0,,,,,,,,,,,,,,,2.0,0.0594,1.0,1.0,,,,3.0,,,,,,,,,,,,,,
547027,Habib Diarra,Midfielder,Sunderland,56,Senegal,2026-27,2.0,,0.1585,0.0,1.0,,,2.0,1.0,,,,,9.0,,1.0,,,28.0,,1.0,,1.0,,8.0,,,0.6268,,,,1.0,,2.0,3.0,,0.0,3.0,1.0,1.0,,2.0,,6.0,,1.0,,2.0,1.0,0.0,9.0,,1.0,,,4.0,1.0,,1.0,1.0,12.0,,,3.0,0.0263,0.0,,,2.0,,,,,,,1.0,,,,,,,,1.0,,,1.0,1.0,,,,,,,,,,,,,,,,,,,,,,,1.0,,,,,,,,,,,,,,
699989,Jocelin Ta Bi,Forward,Sunderland,56,Cote d’Ivoire,2026-27,,,,0.0,,,,,,,,,,,,,,,,,,,,,,,,,,,,,,,,,,,,,,,,,,,,,,0.0,,,,,,,,,,,,,,,,0.0,,,,,,,,,,,,,,,,,,,,,,,,,,,,,,,,,,,,,,,,,,,,,,,,,,,,,,,,,,,
696104,Jules Ahoka,Midfielder,Sunderland,56,DR Congo,2026-27,,,,0.0,,,,,,,,,,,,,,,,,,,,,,,,,,,,,,,,,,,,,,,,,,,,,,0.0,,,,,,,,,,,,,,,,0.0,,,,,,,,,,,,,,,,,,,,,,,,,,,,,,,,,,,,,,,,,,,,,,,,,,,,,,,,,,,
135720,Kevin Danso,Defender,Sunderland,56,Austria,2026-27,3.0,,,0.0,,1.0,2.0,1.0,,,1.0,8.0,,43.0,1.0,4.0,,,90.0,2.0,4.0,,,2.0,29.0,,2.0,,1.0,1.0,7.0,1.0,,1.0,5.0,1.0,0.0,7.0,,26.0,3.0,1.0,1.0,12.0,,,,3.0,2.0,0.0,40.0,,12.0,1.0,,9.0,1.0,,6.0,3.0,60.0,3.0,3.0,23.0,,0.0,6.0,,,,,,,,,,,,,,,,,,,,,,1.0,,,3.0,3.0,,,,,,,,,,,,,,,,1.0,,1.0,,,,,,,,,,,,,,
167512,Luke O'Nien,Midfielder,Sunderland,56,England,2026-27,4.0,,0.0066,0.0,1.0,1.0,2.0,1.0,,,1.0,7.0,2.0,55.0,,,,,67.0,,2.0,,1.0,2.0,43.0,1.0,2.0,1.002,,,3.0,1.0,,4.0,16.0,,0.0,6.0,,19.0,4.0,1.0,1.0,18.0,2.0,,,6.0,,0.0,54.0,,13.0,,1.0,20.0,2.0,,5.0,,70.0,1.0,3.0,30.0,0.0113,1.0,5.0,,,,,,,,,1.0,,,,,,,,,,,1.0,1.0,,,,1.0,1.0,,,,,,,,,,,1.0,,,,,,,1.0,,,,,,,,,,,,,,
549940,Malick Fofana,Forward,Sunderland,56,Belgium,2026-27,1.0,1.0,0.0026,0.0,,,,1.0,,,,,1.0,5.0,,,,1.0,16.0,,1.0,,1.0,1.0,5.0,,,,,,,,,1.0,1.0,,0.0,2.0,1.0,,,1.0,,2.0,1.0,,,2.0,,0.0,5.0,,1.0,,1.0,,1.0,,,4.0,8.0,,,3.0,,0.0,,,1.0,,,,,,,,,,,,,,,,,,,,1.0,,,,,,,,,,,,,,,,,,,,,,,,,,,,,,,,,,,,
515046,Melker Ellborg,Goalkeeper,Sunderland,56,Sweden,2026-27,,,,0.0,,,,,,,,,,,,,,,,,,,,,,,,,,,,,,,,,,,,,,,,,,,,,,0.0,,,,,,,,,,,,,,,,0.0,,,,,,,,,,,,,,,,,,,,,,,,,,,,,,,,,,,,,,,,,,,,,,,,,,,,,,,,,,,
536661,Nilson Angulo,Forward,Sunderland,56,Ecuador,2026-27,14.0,1.0,0.125,0.0,,3.0,11.0,3.0,,2.0,3.0,12.0,5.0,69.0,,7.0,,1.0,188.0,5.0,16.0,,5.0,14.0,57.0,10.0,,2.0769,1.0,,,2.0,,9.0,27.0,6.0,0.0,30.0,2.0,15.0,12.0,3.0,2.0,44.0,5.0,6.0,,23.0,2.0,0.0,69.0,1.0,34.0,1.0,5.0,5.0,2.0,1.0,,22.0,118.0,2.0,1.0,14.0,0.1546,1.0,1.0,3.0,,1.0,0.265,2.0,,1.0,1.0,,,,,,0.0,1.0,,2.0,1.0,,3.0,,,,,,,,,,,,,,,,,1.0,0.0633,1.0,1.0,,,,2.0,,,1.0,,,,,,,,,,,1.0
577669,Noah Sadiki,Midfielder,Sunderland,56,DR Congo,2026-27,9.0,2.0,0.2327,0.0,2.0,3.0,11.0,3.0,,5.0,3.0,12.0,,134.0,,3.0,1.0,2.0,254.0,1.0,15.0,,6.0,13.0,116.0,13.0,,2.7037,3.0,2.0,3.0,3.0,1.0,8.0,41.0,6.0,0.0,24.0,3.0,24.0,7.0,3.0,,77.0,,5.0,1.0,21.0,2.0,0.0,127.0,2.0,24.0,3.0,4.0,31.0,2.0,2.0,6.0,38.0,181.0,1.0,1.0,47.0,0.3594,1.0,1.0,6.0,,3.0,0.2375,3.0,,,,1.0,,3.0,3.0,,,,,2.0,,,1.0,1.0,2.0,,,,,,,,,,,,,,,1.0,,,,,,,3.0,,,,,,,,,,,,,,
200834,Nordi Mukiele,Defender,Sunderland,56,France,2026-27,11.0,2.0,0.0276,0.0,,6.0,15.0,2.0,,,2.0,20.0,1.0,76.0,1.0,12.0,1.0,2.0,180.0,5.0,16.0,,3.0,9.0,53.0,1.0,1.0,1.0749,,1.0,23.0,1.0,,6.0,8.0,1.0,0.0,27.0,1.0,36.0,10.0,2.0,2.0,23.0,1.0,3.0,,15.0,7.0,0.0,72.0,,27.0,4.0,2.0,24.0,1.0,1.0,3.0,8.0,128.0,2.0,4.0,35.0,,0.0,5.0,7.0,,,,,1.0,,,,,,,,,,,1.0,,,,,1.0,,,2.0,2.0,,,,,,,,,,,3.0,,,,,1.0,,1.0,,,,,,,,,,,,,,
201895,Omar Alderete,Defender,Sunderland,56,Paraguay,2026-27,,,0.0078,0.0,,,1.0,1.0,,,,3.0,,37.0,,1.0,,,23.0,,1.0,,,,31.0,,,0.6268,,,,1.0,,,16.0,,0.0,1.0,,12.0,2.0,1.0,,13.0,,,,,1.0,0.0,36.0,,3.0,,,8.0,,,3.0,1.0,38.0,,,21.0,,0.0,2.0,1.0,1.0,,,,,,,,,,,,,,,,,,,,,,,,,,,,,,,,,,,,,,,,,,1.0,,,,,,,,,,,,,,
434399,Reinildo Mandava,Defender,Sunderland,56,Mozambique,2026-27,15.0,1.0,0.3137,0.0,,7.0,16.0,3.0,,1.0,3.0,18.0,2.0,128.0,,10.0,1.0,1.0,270.0,3.0,19.0,,9.0,12.0,107.0,3.0,1.0,2.7037,2.0,,8.0,3.0,,12.0,41.0,3.0,0.0,34.0,4.0,57.0,15.0,3.0,3.0,57.0,2.0,2.0,,24.0,7.0,0.0,127.0,1.0,30.0,4.0,2.0,5.0,5.0,6.0,3.0,25.0,201.0,21.0,1.0,54.0,,0.0,2.0,8.0,,,,,1.0,,,,,,,,,,,1.0,,,,,2.0,,,,,,,,,,,,,,,1.0,,,,,1.0,,3.0,,,,,,,,,,,,,,
498016,Robin Roefs,Goalkeeper,Sunderland,56,Netherlands,2026-27,,,0.0033,0.0,,,,3.0,,,3.0,31.0,,115.0,,2.0,1.0,,270.0,,4.0,,,2.0,57.0,,,2.7037,,9.0,4.0,3.0,,,25.0,2.0,0.0,4.0,,61.0,28.0,3.0,,15.0,,,,2.0,2.0,0.0,87.0,1.0,32.0,,1.0,29.0,,,27.0,,147.0,,22.0,69.0,,0.0,31.0,1.0,,,,,,,,,,,,,,,,,,,,,,,,5.0,20.0,4.0,4.0,2.0,,1.0,,2.0,2.0,2.0,,,,,,,,,3.0,,,,,,,,,,,,,,
461199,Romaine Mundle,Forward,Sunderland,56,England,2026-27,1.0,,0.0001,0.0,,,1.0,1.0,,,,1.0,,3.0,,,,,1.0,,,,,,2.0,1.0,,,,,,,,1.0,1.0,,0.0,1.0,,1.0,,1.0,,1.0,,1.0,,1.0,,0.0,3.0,,2.0,,,,,,,1.0,7.0,,,1.0,0.1726,0.0,,,1.0,1.0,0.1876,1.0,,,,,,1.0,1.0,,,,,1.0,,,,,,,,,,,,,,,,,,,,1.0,,,,,,,,,,,,,,,,,,,,,
93605,Thomas Meunier,Defender,Sunderland,56,Belgium,2026-27,10.0,1.0,0.1346,0.0,1.0,2.0,16.0,3.0,,1.0,3.0,18.0,6.0,115.0,,7.0,1.0,1.0,244.0,5.0,5.0,,1.0,3.0,90.0,4.0,4.0,2.7037,1.0,,8.0,3.0,,5.0,11.0,,0.0,15.0,1.0,34.0,8.0,3.0,2.0,44.0,6.0,2.0,,8.0,2.0,0.0,115.0,1.0,33.0,1.0,1.0,32.0,2.0,4.0,7.0,38.0,166.0,11.0,1.0,54.0,0.2059,0.0,2.0,6.0,,3.0,0.0482,3.0,1.0,,,1.0,,1.0,1.0,,,,,2.0,,,1.0,1.0,1.0,2.0,2.0,,,,,,,,,,,,,,,,,,,,3.0,,,,,,,,,,,,,,
487676,Trai Hume,Defender,Sunderland,56,Northern Ireland,2026-27,11.0,2.0,0.2751,0.0,,9.0,13.0,3.0,,4.0,2.0,15.0,3.0,55.0,,9.0,1.0,2.0,196.0,2.0,18.0,,4.0,11.0,40.0,6.0,1.0,1.002,4.0,,1.0,1.0,,9.0,6.0,2.0,0.0,29.0,2.0,12.0,12.0,3.0,3.0,20.0,3.0,4.0,,20.0,7.0,0.0,54.0,,25.0,6.0,,26.0,4.0,1.0,,11.0,89.0,1.0,1.0,22.0,0.0366,0.0,2.0,3.0,1.0,,,2.0,1.0,,,,1.0,,,,,,,2.0,2.0,,1.0,,4.0,,,,,,,,,,,,,,,1.0,,,,,,,1.0,,,,,,,,,,,,,,
437505,Wilson Isidor,Forward,Sunderland,56,Haiti,2026-27,10.0,,0.0071,0.0,,,5.0,3.0,,,,5.0,,11.0,,8.0,,,75.0,7.0,7.0,,,6.0,6.0,4.0,,0.6268,,,,1.0,,3.0,1.0,5.0,1.0,17.0,,3.0,2.0,3.0,,4.0,,2.0,,9.0,1.0,0.0,11.0,,10.0,,1.0,4.0,2.0,,,3.0,29.0,,,2.0,1.4885,0.0,,,3.0,2.0,0.955,5.0,,1.0,0.0,,,,,,1.0,1.0,,1.0,3.0,,,,1.0,1.0,1.0,,,,,,,,,,,,1.0,,0.0712,1.0,1.0,,,,1.0,,1.0,,,,,,1.0,,,,,,
214590,Aaron Wan-Bissaka,Defender,Villa,7,DR Congo,2026-27,,,0.0072,0.0,,2.0,1.0,2.0,,,,1.0,,17.0,,,,,17.0,,2.0,,1.0,2.0,16.0,,1.0,0.0278,,,1.0,,,,2.0,,0.0,2.0,1.0,6.0,,2.0,1.0,11.0,,,,2.0,,0.0,17.0,,2.0,1.0,,7.0,1.0,,,2.0,23.0,,,5.0,,0.0,,,2.0,,,,,,,,,,,,,,,,,,,,,,,,,,,,,,,,,,,,,,,,,,,,,1.0,,,,,,,,,,,
493105,Alejandro Garnacho,Forward,Villa,7,Argentina,2026-27,2.0,,0.0079,0.0,,,1.0,3.0,,1.0,,1.0,,16.0,1.0,,,,31.0,,1.0,,1.0,1.0,15.0,,,0.0551,,,,,,2.0,6.0,,0.0,3.0,1.0,,2.0,3.0,,10.0,,2.0,,3.0,,0.0,15.0,1.0,4.0,,1.0,,,,,10.0,22.0,,,5.0,,0.0,,,3.0,,,,,,,,1.0,,,,,,,,,,,,,,,,,,,,,,,,,,,,,,,,,,,,,,,,,,,,,,,,
653481,Alysson,Forward,Villa,7,Brazil,2026-27,4.0,,0.0077,0.0,,2.0,2.0,3.0,,,,2.0,,18.0,,1.0,,,42.0,1.0,2.0,,3.0,2.0,15.0,1.0,,0.0816,,,1.0,,,3.0,3.0,,0.0,6.0,2.0,1.0,3.0,3.0,,12.0,,2.0,,5.0,,0.0,18.0,,6.0,2.0,,4.0,,,1.0,10.0,28.0,,,4.0,,1.0,,,3.0,,,,,,,,,,,,,,,2.0,,,,,,,,,,,,,,,,,,,,,,,,,,,,,,,,,,,,,,,,,
226944,Boubacar Kamara,Midfielder,Villa,7,France,2026-27,19.0,,0.1033,0.0,,4.0,14.0,3.0,,7.0,3.0,16.0,1.0,163.0,,8.0,1.0,,270.0,3.0,15.0,,4.0,10.0,141.0,,,4.5521,2.0,,6.0,5.0,,16.0,39.0,4.0,0.0,34.0,1.0,41.0,12.0,3.0,1.0,94.0,1.0,7.0,,26.0,5.0,0.0,159.0,,28.0,3.0,2.0,56.0,6.0,2.0,6.0,27.0,206.0,,,53.0,,0.0,2.0,4.0,,,,,1.0,,,,,,,,,,,3.0,,,,,5.0,,,,,,,,,,,,,,,1.0,,,,,,,5.0,,,,,,,,,,,,,,
195546,Emiliano Buendía,Midfielder,Villa,7,Argentina,2026-27,20.0,,0.1553,0.0,,2.0,20.0,3.0,,5.0,3.0,22.0,2.0,84.0,1.0,17.0,,1.0,251.0,13.0,11.0,,7.0,7.0,61.0,8.0,,4.497,2.0,,1.0,5.0,,7.0,20.0,4.0,0.0,31.0,4.0,21.0,9.0,3.0,2.0,45.0,4.0,2.0,,14.0,4.0,0.0,78.0,,34.0,,1.0,18.0,3.0,2.0,1.0,25.0,122.0,1.0,1.0,18.0,0.7804,0.0,2.0,5.0,,,,6.0,1.0,,,,3.0,,,1.0,,,,,6.0,2.0,2.0,,2.0,,,,,,,,,,,,,,1.0,,0.0727,1.0,1.0,,,,5.0,,1.0,,,,,,,,,,,,
577285,George Hemmings,Midfielder,Villa,7,England,2026-27,18.0,,0.1504,0.0,,6.0,14.0,3.0,,2.0,3.0,15.0,2.0,48.0,1.0,10.0,,,236.0,6.0,13.0,,4.0,9.0,33.0,4.0,,4.4979,2.0,,2.0,5.0,,12.0,18.0,,0.0,31.0,1.0,11.0,10.0,3.0,4.0,21.0,2.0,5.0,,21.0,4.0,0.0,48.0,,25.0,2.0,3.0,8.0,4.0,,,11.0,77.0,,1.0,12.0,0.0707,0.0,1.0,6.0,,1.0,0.0756,1.0,1.0,,,,,1.0,1.0,,,,,2.0,,,2.0,,2.0,,,,,,,,,,,,,,,,,,,,,,5.0,,,,,,,,,,,,,,
441302,Ian Maatsen,Defender,Villa,7,Netherlands,2026-27,16.0,1.0,0.425,0.0,,6.0,6.0,3.0,,,3.0,8.0,2.0,63.0,,2.0,,1.0,247.0,1.0,8.0,,3.0,7.0,54.0,7.0,13.0,4.497,1.0,,9.0,5.0,,15.0,28.0,,0.0,24.0,2.0,15.0,4.0,3.0,4.0,34.0,2.0,8.0,,22.0,1.0,0.0,62.0,2.0,38.0,2.0,1.0,1.0,5.0,5.0,1.0,19.0,138.0,6.0,,22.0,0.0986,1.0,2.0,3.0,,,,3.0,,,,,,,,,,,,6.0,3.0,,2.0,,4.0,,,,,,,,,,,,,,,,,,,,,1.0,5.0,,,,,,,,,,,,,,
638987,Ibrahim Mbaye,Forward,Villa,7,Senegal,2026-27,,,,0.0,,,,,,,,,,,,,,,,,,,,,,,,,,,,,,,,,,,,,,,,,,,,,,0.0,,,,,,,,,,,,,,,,0.0,,,,,,,,,,,,,,,,,,,,,,,,,,,,,,,,,,,,,,,,,,,,,,,,,,,,,,,,,,,
122806,John McGinn,Midfielder,Villa,7,Scotland,2026-27,20.0,,0.0853,0.0,,4.0,13.0,3.0,,2.0,3.0,22.0,6.0,78.0,,2.0,1.0,,262.0,1.0,15.0,,3.0,14.0,53.0,5.0,,4.5248,1.0,,1.0,5.0,,19.0,7.0,8.0,0.0,35.0,,27.0,7.0,3.0,3.0,44.0,10.0,13.0,,33.0,1.0,0.0,74.0,2.0,50.0,1.0,2.0,26.0,5.0,3.0,3.0,18.0,134.0,,2.0,12.0,0.7578,2.0,9.0,3.0,,,,4.0,,,,,3.0,,,,,,,4.0,4.0,3.0,1.0,,4.0,,,,,,,,,,,,,,,,,,,,,,5.0,,,1.0,,,,,,,,,,,
448089,João Gomes,Midfielder,Villa,7,Brazil,2026-27,5.0,,0.0058,1.0,,4.0,,1.0,,,1.0,,,14.0,,1.0,,,40.0,1.0,6.0,,2.0,6.0,14.0,,,2.5573,1.0,,1.0,4.0,,4.0,8.0,1.0,0.0,11.0,2.0,2.0,2.0,1.0,1.0,6.0,,1.0,,10.0,,1.0,13.0,,2.0,3.0,1.0,2.0,2.0,,,2.0,25.0,,,8.0,,1.0,,,,,,,,,,,,,,,,,,,,,,,1.0,,,,,,,,,,,,,,,,,,,,,,4.0,,,,,,,,,,,,,,
515597,Lamare Bogarde,Midfielder,Villa,7,Netherlands,2026-27,1.0,,0.0016,0.0,,,,1.0,,,,,,2.0,,2.0,,,16.0,1.0,1.0,,,,2.0,,,0.0273,,,1.0,,,,1.0,,0.0,2.0,,,,1.0,,2.0,,,,,1.0,0.0,2.0,,1.0,,,1.0,,,,,4.0,,,,,0.0,,,1.0,,,,,,,,,,,,,,,,,,,,,,,,,,,,,,,,,,,,,,,,,,,,,,,,,,,,,,,,
72147,Marco Bizot,Goalkeeper,Villa,7,Netherlands,2026-27,,,0.001,0.0,,,,1.0,,,1.0,11.0,,29.0,,,,,90.0,,,,,,10.0,,,3.5889,,3.0,2.0,4.0,,,5.0,,0.0,,,23.0,6.0,1.0,,7.0,,,,,,0.0,14.0,,12.0,,,1.0,,,8.0,,38.0,,2.0,11.0,,0.0,11.0,1.0,,,,,,,,,,,,,,,,,,,,,,,,9.0,3.0,1.0,1.0,3.0,,,,7.0,1.0,3.0,,,,,,,,,4.0,,,,,,,,,,,,,,
487992,Matteo Ruggeri,Defender,Villa,7,Italy,2026-27,,,0.0059,0.0,,2.0,,2.0,,,,,2.0,20.0,,,,,23.0,,2.0,,1.0,2.0,19.0,,,0.0551,,,,,,,10.0,,0.0,2.0,,7.0,2.0,2.0,2.0,16.0,2.0,,,2.0,,0.0,20.0,1.0,2.0,,,1.0,,1.0,1.0,2.0,26.0,1.0,,4.0,,0.0,,,2.0,,,,,,,,,,,,,,,,,,,,,,,,,,,,,,,,,,,,,,,,,,,,,,,,,,,,,,,,
199796,Matty Cash,Defender,Villa,7,Poland,2026-27,9.0,,0.0395,0.0,1.0,6.0,9.0,3.0,,,3.0,20.0,1.0,118.0,,4.0,,,253.0,3.0,12.0,,3.0,11.0,95.0,5.0,11.0,4.5243,1.0,,5.0,5.0,1.0,6.0,10.0,5.0,0.0,21.0,2.0,36.0,2.0,3.0,1.0,55.0,1.0,,1.0,17.0,1.0,0.0,114.0,,35.0,5.0,,40.0,5.0,1.0,3.0,32.0,175.0,14.0,5.0,43.0,0.1468,1.0,11.0,4.0,,,,,,,,,,,,,,,,,,,2.0,,3.0,,,,,,,,,,,,,,,2.0,,,,,,,5.0,,,1.0,,,,,,,,,,,
517052,Nicolas Jackson,Forward,Villa,7,Senegal,2026-27,3.0,1.0,0.5382,0.0,1.0,,6.0,2.0,,2.0,2.0,6.0,1.0,32.0,1.0,4.0,,1.0,156.0,1.0,8.0,,2.0,5.0,26.0,7.0,,0.909,1.0,,,1.0,1.0,2.0,9.0,1.0,0.0,11.0,,6.0,5.0,2.0,,22.0,1.0,2.0,1.0,7.0,3.0,0.0,32.0,,15.0,,4.0,8.0,,,,9.0,53.0,,,5.0,0.2356,0.0,,2.0,,,,1.0,1.0,,,,,,,,,,,2.0,1.0,,2.0,,,,,,,,,,,,,,,,1.0,,,,,,,,1.0,,,,,,,,,,,,,,
244954,Pau Torres,Defender,Villa,7,Spain,2026-27,6.0,,0.0083,0.0,,1.0,8.0,2.0,,,2.0,17.0,1.0,78.0,,3.0,,,164.0,2.0,2.0,,3.0,1.0,58.0,,,4.3569,,,7.0,5.0,,4.0,34.0,,0.0,8.0,,35.0,9.0,2.0,1.0,24.0,1.0,,,5.0,1.0,0.0,66.0,,19.0,,,6.0,2.0,1.0,3.0,3.0,94.0,,5.0,37.0,,0.0,9.0,13.0,,,,,,,,,,,,,,,,,,,1.0,,1.0,,,4.0,4.0,,,,,,,,,,,,,,,,,,5.0,,,,,,,,,,,,,,
88894,Ross Barkley,Midfielder,Villa,7,England,2026-27,16.0,,0.1306,0.0,3.0,3.0,17.0,3.0,,2.0,3.0,17.0,,165.0,,10.0,1.0,,242.0,7.0,13.0,,5.0,10.0,144.0,4.0,,4.5248,6.0,,3.0,5.0,1.0,9.0,80.0,3.0,0.0,29.0,2.0,39.0,10.0,3.0,,99.0,,7.0,1.0,19.0,3.0,0.0,160.0,2.0,25.0,3.0,4.0,28.0,,,4.0,18.0,205.0,1.0,,49.0,0.3509,0.0,1.0,5.0,,,,3.0,1.0,,,2.0,1.0,,,,,,,,3.0,,2.0,2.0,,,,,,,,,,,,,,,,1.0,,,,,,,5.0,,,,,,,,,,,,,,
173879,Tammy Abraham,Forward,Villa,7,England,2026-27,1.0,,0.0013,0.0,,1.0,1.0,2.0,,2.0,,1.0,,3.0,,2.0,,,24.0,1.0,2.0,,,1.0,2.0,,,0.0543,,,,,,,1.0,,0.0,3.0,,,,2.0,1.0,1.0,,,,1.0,1.0,0.0,3.0,,2.0,,,1.0,,,,1.0,5.0,,,1.0,,0.0,,,2.0,,,,,,,,,,,,,,,,,,,,,,,,,,,,,,,,,,1.0,,,,,,,,,,,,,,,,,,,,,,
149484,Tyrone Mings,Defender,Villa,7,England,2026-27,2.0,,0.0188,0.0,2.0,2.0,5.0,2.0,,,1.0,7.0,,80.0,,4.0,1.0,,106.0,2.0,6.0,,,4.0,71.0,3.0,,0.1952,,,4.0,,2.0,,35.0,1.0,0.0,8.0,,17.0,2.0,2.0,,43.0,,,2.0,4.0,2.0,0.0,76.0,,7.0,2.0,1.0,22.0,,,2.0,6.0,91.0,,,30.0,0.1092,0.0,2.0,,1.0,,,1.0,,,,,,,,,,,,,1.0,,,,,,,4.0,4.0,,,,,,,,,,,,,,,,,,,,,,,,,,,,,,,,
184667,Victor Lindelöf,Defender,Villa,7,Sweden,2026-27,6.0,,0.1646,0.0,,1.0,12.0,3.0,,,3.0,15.0,,182.0,,6.0,1.0,,270.0,4.0,3.0,,1.0,1.0,162.0,1.0,,4.5521,2.0,,13.0,5.0,,2.0,42.0,,0.0,9.0,,55.0,5.0,3.0,1.0,71.0,,1.0,,3.0,2.0,0.0,173.0,,17.0,,,78.0,,,5.0,7.0,199.0,,,96.0,,0.0,3.0,6.0,,,,,,,,,,,,,,,,,,,,,,,,2.0,2.0,,,,,,,,,,,,,,,,,,5.0,,,,,,,,,,,1.0,,,
433969,Zion Suzuki,Goalkeeper,Villa,7,Japan,2026-27,,,0.0032,0.0,,,2.0,2.0,,,2.0,12.0,,65.0,,1.0,1.0,,180.0,,1.0,,,1.0,40.0,,,0.9632,,2.0,3.0,1.0,,,21.0,1.0,0.0,1.0,,33.0,22.0,2.0,,9.0,,,,1.0,1.0,0.0,54.0,,13.0,,,11.0,,,13.0,,91.0,,4.0,44.0,,0.0,10.0,3.0,,,,,,,,,,,,,,,,,,,,,,,,3.0,16.0,,1.0,5.0,,1.0,3.0,2.0,,2.0,,,,,,,,,1.0,,,,,,,,,,,,,,
