element,position,player_code,first_name,second_name,fixture_code,total_points,modified,minutes,goals_scored,assists,clean_sheets,goals_conceded,own_goals,penalties_saved,penalties_missed,yellow_cards,red_cards,saves,bonus,bps,influence,creativity,threat,ict_index,clearances_blocks_interceptions,recoveries,tackles,defensive_contribution,starts,expected_goals,expected_assists,expected_goal_involvements,expected_goals_conceded,value,transfers_balance,selected,transfers_in,transfers_out,team_code
66,GKP,69752,Norberto,Murara Neto,2561895,0,False,0,0,0,0,0,0,0,0,0,0,0,0,0,0.0,0.0,0.0,0.0,0,0,0,0,0,0.00,0.00,0.00,0.00,45,0,23568,0,0,91
66,GKP,69752,Norberto,Murara Neto,2561905,0,False,0,0,0,0,0,0,0,0,0,0,0,0,0,0.0,0.0,0.0,0.0,0,0,0,0,0,0.00,0.00,0.00,0.00,45,-6092,17282,0,6092,91
66,GKP,69752,Norberto,Murara Neto,2561923,0,False,0,0,0,0,0,0,0,0,0,0,0,0,0,0.0,0.0,0.0,0.0,0,0,0,0,0,0.00,0.00,0.00,0.00,45,-3018,14385,0,3018,91
66,GKP,69752,Norberto,Murara Neto,2561925,0,False,0,0,0,0,0,0,0,0,0,0,0,0,0,0.0,0.0,0.0,0.0,0,0,0,0,0,0.00,0.00,0.00,0.00,45,-1749,12760,0,1749,91
66,GKP,69752,Norberto,Murara Neto,2561935,0,False,0,0,0,0,0,0,0,0,0,0,0,0,0,0.0,0.0,0.0,0.0,0,0,0,0,0,0.00,0.00,0.00,0.00,45,-1045,11785,0,1045,91
66,GKP,69752,Norberto,Murara Neto,2561950,0,False,0,0,0,0,0,0,0,0,0,0,0,0,0,0.0,0.0,0.0,0.0,0,0,0,0,0,0.00,0.00,0.00,0.00,45,-827,10972,0,827,91
66,GKP,69752,Norberto,Murara Neto,2561955,0,False,0,0,0,0,0,0,0,0,0,0,0,0,0,0.0,0.0,0.0,0.0,0,0,0,0,0,0.00,0.00,0.00,0.00,45,-669,10326,0,669,91
66,GKP,69752,Norberto,Murara Neto,2561967,0,False,0,0,0,0,0,0,0,0,0,0,0,0,0,0.0,0.0,0.0,0.0,0,0,0,0,0,0.00,0.00,0.00,0.00,45,-660,9678,0,660,91
66,GKP,69752,Norberto,Murara Neto,2561975,0,False,0,0,0,0,0,0,0,0,0,0,0,0,0,0.0,0.0,0.0,0.0,0,0,0,0,0,0.00,0.00,0.00,0.00,45,-347,9340,0,347,91
66,GKP,69752,Norberto,Murara Neto,2561990,0,False,0,0,0,0,0,0,0,0,0,0,0,0,0,0.0,0.0,0.0,0.0,0,0,0,0,0,0.00,0.00,0.00,0.00,45,-254,9083,0,254,91
66,GKP,69752,Norberto,Murara Neto,2561995,0,False,0,0,0,0,0,0,0,0,0,0,0,0,0,0.0,0.0,0.0,0.0,0,0,0,0,0,0.00,0.00,0.00,0.00,45,-221,8862,0,221,91
66,GKP,69752,Norberto,Murara Neto,2562005,0,False,0,0,0,0,0,0,0,0,0,0,0,0,0,0.0,0.0,0.0,0.0,0,0,0,0,0,0.00,0.00,0.00,0.00,45,-223,8642,0,223,91
66,GKP,69752,Norberto,Murara Neto,2562022,0,False,0,0,0,0,0,0,0,0,0,0,0,0,0,0.0,0.0,0.0,0.0,0,0,0,0,0,0.00,0.00,0.00,0.00,45,-140,8505,0,140,91
66,GKP,69752,Norberto,Murara Neto,2562025,0,False,0,0,0,0,0,0,0,0,0,0,0,0,0,0.0,0.0,0.0,0.0,0,0,0,0,0,0.00,0.00,0.00,0.00,45,-109,8405,0,109,91
66,GKP,69752,Norberto,Murara Neto,2562035,0,False,0,0,0,0,0,0,0,0,0,0,0,0,0,0.0,0.0,0.0,0.0,0,0,0,0,0,0.00,0.00,0.00,0.00,45,-123,8282,0,123,91
66,GKP,69752,Norberto,Murara Neto,2562051,0,False,0,0,0,0,0,0,0,0,0,0,0,0,0,0.0,0.0,0.0,0.0,0,0,0,0,0,0.00,0.00,0.00,0.00,45,-263,8016,0,263,91
66,GKP,69752,Norberto,Murara Neto,2562055,0,False,0,0,0,0,0,0,0,0,0,0,0,0,0,0.0,0.0,0.0,0.0,0,0,0,0,0,0.00,0.00,0.00,0.00,45,-151,7865,0,151,91
66,GKP,69752,Norberto,Murara Neto,2562066,0,False,0,0,0,0,0,0,0,0,0,0,0,0,0,0.0,0.0,0.0,0.0,0,0,0,0,0,0.00,0.00,0.00,0.00,45,-116,7750,0,116,91
66,GKP,69752,Norberto,Murara Neto,2562078,0,False,0,0,0,0,0,0,0,0,0,0,0,0,0,0.0,0.0,0.0,0.0,0,0,0,0,0,0.00,0.00,0.00,0.00,45,-88,7665,0,88,91
66,GKP,69752,Norberto,Murara Neto,2562085,0,False,0,0,0,0,0,0,0,0,0,0,0,0,0,0.0,0.0,0.0,0.0,0,0,0,0,0,0.00,0.00,0.00,0.00,45,-38,7630,0,38,91
66,GKP,69752,Norberto,Murara Neto,2562095,0,False,0,0,0,0,0,0,0,0,0,0,0,0,0,0.0,0.0,0.0,0.0,0,0,0,0,0,0.00,0.00,0.00,0.00,45,-35,7601,0,35,91
66,GKP,69752,Norberto,Murara Neto,2562106,0,False,0,0,0,0,0,0,0,0,0,0,0,0,0,0.0,0.0,0.0,0.0,0,0,0,0,0,0.00,0.00,0.00,0.00,45,-81,7518,0,81,91
66,GKP,69752,Norberto,Murara Neto,2562115,0,False,0,0,0,0,0,0,0,0,0,0,0,0,0,0.0,0.0,0.0,0.0,0,0,0,0,0,0.00,0.00,0.00,0.00,45,-32,7488,0,32,91
66,GKP,69752,Norberto,Murara Neto,2562134,0,False,0,0,0,0,0,0,0,0,0,0,0,0,0,0.0,0.0,0.0,0.0,0,0,0,0,0,0.00,0.00,0.00,0.00,45,-57,7431,0,57,91
66,GKP,69752,Norberto,Murara Neto,2562135,0,False,0,0,0,0,0,0,0,0,0,0,0,0,0,0.0,0.0,0.0,0.0,0,0,0,0,0,0.00,0.00,0.00,0.00,45,-52,7378,0,52,91
66,GKP,69752,Norberto,Murara Neto,2562149,0,False,0,0,0,0,0,0,0,0,0,0,0,0,0,0.0,0.0,0.0,0.0,0,0,0,0,0,0.00,0.00,0.00,0.00,45,-37,7343,0,37,91
66,GKP,69752,Norberto,Murara Neto,2562164,0,False,0,0,0,0,0,0,0,0,0,0,0,0,0,0.0,0.0,0.0,0.0,0,0,0,0,0,0.00,0.00,0.00,0.00,45,-39,7305,0,39,91
66,GKP,69752,Norberto,Murara Neto,2562165,0,False,0,0,0,0,0,0,0,0,0,0,0,0,0,0.0,0.0,0.0,0.0,0,0,0,0,0,0.00,0.00,0.00,0.00,45,-32,7273,0,32,91
66,GKP,69752,Norberto,Murara Neto,2562175,0,False,0,0,0,0,0,0,0,0,0,0,0,0,0,0.0,0.0,0.0,0.0,0,0,0,0,0,0.00,0.00,0.00,0.00,45,-18,7255,0,18,91
66,GKP,69752,Norberto,Murara Neto,2562187,0,False,0,0,0,0,0,0,0,0,0,0,0,0,0,0.0,0.0,0.0,0.0,0,0,0,0,0,0.00,0.00,0.00,0.00,45,-29,7225,0,29,91
66,GKP,69752,Norberto,Murara Neto,2562195,0,False,0,0,0,0,0,0,0,0,0,0,0,0,0,0.0,0.0,0.0,0.0,0,0,0,0,0,0.00,0.00,0.00,0.00,45,-25,7194,0,25,91
66,GKP,69752,Norberto,Murara Neto,2562205,0,False,0,0,0,0,0,0,0,0,0,0,0,0,0,0.0,0.0,0.0,0.0,0,0,0,0,0,0.00,0.00,0.00,0.00,45,-17,7185,0,17,91
66,GKP,69752,Norberto,Murara Neto,2562222,0,False,0,0,0,0,0,0,0,0,0,0,0,0,0,0.0,0.0,0.0,0.0,0,0,0,0,0,0.00,0.00,0.00,0.00,45,-25,7155,0,25,91
66,GKP,69752,Norberto,Murara Neto,2562225,0,False,0,0,0,0,0,0,0,0,0,0,0,0,0,0.0,0.0,0.0,0.0,0,0,0,0,0,0.00,0.00,0.00,0.00,45,-25,7155,0,25,91
66,GKP,69752,Norberto,Murara Neto,2562235,0,False,0,0,0,0,0,0,0,0,0,0,0,0,0,0.0,0.0,0.0,0.0,0,0,0,0,0,0.00,0.00,0.00,0.00,45,-15,7133,0,15,91
66,GKP,69752,Norberto,Murara Neto,2562248,0,False,0,0,0,0,0,0,0,0,0,0,0,0,0,0.0,0.0,0.0,0.0,0,0,0,0,0,0.00,0.00,0.00,0.00,45,-15,7118,0,15,91
66,GKP,69752,Norberto,Murara Neto,2562255,0,False,0,0,0,0,0,0,0,0,0,0,0,0,0,0.0,0.0,0.0,0.0,0,0,0,0,0,0.00,0.00,0.00,0.00,45,-16,7103,0,16,91
66,GKP,69752,Norberto,Murara Neto,2562271,0,False,0,0,0,0,0,0,0,0,0,0,0,0,0,0.0,0.0,0.0,0.0,0,0,0,0,0,0.00,0.00,0.00,0.00,45,-17,7086,0,17,91
67,GKP,457569,Đorđe,Petrović,2561895,2,False,90,0,0,0,4,0,0,0,0,0,6,0,10,47.8,0.0,0.0,4.8,4,8,0,0,1,0.00,0.00,0.00,2.21,45,0,288826,0,0,91
67,GKP,457569,Đorđe,Petrović,2561905,6,False,90,0,0,1,0,0,0,0,0,0,1,0,23,11.4,0.0,0.0,1.1,2,5,0,0,1,0.00,0.00,0.00,0.46,45,34290,394940,59275,24985,91
67,GKP,457569,Đorđe,Petrović,2561923,5,False,90,0,0,1,0,0,0,0,1,0,1,0,22,11.2,0.0,0.0,1.1,2,10,0,0,1,0.00,0.00,0.00,0.19,45,8552,403445,45402,36850,91
67,GKP,457569,Đorđe,Petrović,2561925,2,False,90,0,0,0,1,0,0,0,0,0,1,0,5,8.6,0.0,0.0,0.9,1,5,0,0,1,0.00,0.00,0.00,0.62,45,93588,523315,146779,53191,91
67,GKP,457569,Đorđe,Petrović,2561935,6,False,90,0,0,1,0,0,0,0,0,0,1,0,22,9.8,0.0,0.0,1.0,1,5,0,0,1,0.00,0.00,0.00,0.14,45,19179,542705,47818,28639,91
67,GKP,457569,Đorđe,Petrović,2561950,3,False,90,0,0,0,2,0,0,0,0,0,6,0,18,47.0,0.0,0.0,4.7,0,10,0,0,1,0.00,0.00,0.00,1.84,45,114528,671462,154184,39656,91
67,GKP,457569,Đorđe,Petrović,2561955,3,False,90,0,0,0,1,0,0,0,0,0,3,0,13,19.4,0.0,0.0,1.9,2,9,0,0,1,0.00,0.00,0.00,0.88,45,20309,689759,51090,30781,91
67,GKP,457569,Đorđe,Petrović,2561967,2,False,90,0,0,0,3,0,0,0,0,0,4,0,9,31.6,0.0,0.0,3.2,3,13,0,0,1,0.00,0.00,0.00,4.44,45,5768,697715,39024,33256,91
67,GKP,457569,Đorđe,Petrović,2561975,8,False,90,0,0,1,0,0,0,0,0,0,4,1,31,30.0,0.0,0.0,3.0,2,6,0,0,1,0.00,0.00,0.00,0.35,45,-2908,698621,19849,22757,91
67,GKP,457569,Đorđe,Petrović,2561990,2,False,90,0,0,0,3,0,0,0,0,0,4,0,8,33.0,0.0,0.0,3.3,3,7,0,0,1,0.00,0.00,0.00,2.22,45,-12098,680570,20414,32512,91
67,GKP,457569,Đorđe,Petrović,2561995,1,False,90,0,0,0,4,0,0,0,0,0,4,0,3,26.6,0.0,0.0,2.7,2,7,0,0,1,0.00,0.00,0.00,1.70,45,11510,700352,25917,14407,91
67,GKP,457569,Đorđe,Petrović,2562005,1,False,90,0,0,0,2,0,0,0,0,0,0,0,-1,2.2,0.0,0.0,0.2,0,5,0,0,1,0.00,0.00,0.00,0.65,45,37050,755852,53153,16103,91
67,GKP,457569,Đorđe,Petrović,2562022,2,False,90,0,0,0,3,0,0,0,0,0,3,0,5,22.6,0.0,0.0,2.3,1,8,0,0,1,0.00,0.00,0.00,1.28,45,-11596,703573,10369,21965,91
67,GKP,457569,Đorđe,Petrović,2562025,2,False,90,0,0,0,1,0,0,0,0,0,2,0,10,18.8,0.0,0.0,1.9,3,4,0,0,1,0.00,0.00,0.00,1.44,45,-5992,725699,11018,17010,91
67,GKP,457569,Đorđe,Petrović,2562035,7,False,90,0,0,1,0,0,0,0,0,0,4,0,31,28.0,0.0,0.0,2.8,0,11,0,0,1,0.00,0.00,0.00,0.92,45,-26953,690102,7790,34743,91
67,GKP,457569,Đorđe,Petrović,2562051,1,False,90,0,0,0,4,0,0,0,0,0,5,0,3,26.6,0.0,0.0,2.7,2,9,0,0,1,0.00,0.00,0.00,3.29,45,-23690,667106,27125,50815,91
67,GKP,457569,Đorđe,Petrović,2562055,2,False,90,0,0,0,1,0,0,0,0,0,0,0,4,3.6,0.0,0.0,0.4,1,7,0,0,1,0.00,0.00,0.00,0.38,45,33791,735128,48087,14296,91
67,GKP,457569,Đorđe,Petrović,2562066,-1,False,90,0,0,0,4,1,0,0,0,0,4,0,-6,17.0,0.0,0.0,1.7,2,8,0,0,1,0.00,0.00,0.00,3.66,45,-22549,668850,6629,29178,91
67,GKP,457569,Đorđe,Petrović,2562078,1,False,90,0,0,0,2,0,0,0,0,0,2,0,4,10.2,0.0,0.0,1.0,5,8,0,0,1,0.00,0.00,0.00,2.31,45,-39141,622811,1911,41052,91
67,GKP,457569,Đorđe,Petrović,2562085,1,False,90,0,0,0,3,0,0,0,0,0,2,0,4,15.6,0.0,0.0,1.6,4,9,0,0,1,0.00,0.00,0.00,1.13,45,-34183,619271,2897,37080,91
67,GKP,457569,Đorđe,Petrović,2562095,1,False,90,0,0,0,2,0,0,0,0,0,2,0,5,14.0,0.0,0.0,1.4,2,5,0,0,1,0.00,0.00,0.00,1.25,45,-23395,597467,4936,28331,91
67,GKP,457569,Đorđe,Petrović,2562106,2,False,90,0,0,0,1,0,0,0,1,0,4,0,13,24.8,0.0,0.0,2.5,2,11,0,0,1,0.00,0.00,0.00,1.05,45,-27817,570835,3390,31207,91
67,GKP,457569,Đorđe,Petrović,2562115,1,False,90,0,0,0,2,0,0,0,0,0,2,0,8,17.8,0.0,0.0,1.8,1,12,0,0,1,0.00,0.00,0.00,0.93,45,-18518,553190,1957,20475,91
67,GKP,457569,Đorđe,Petrović,2562134,10,False,90,0,0,1,0,0,0,0,0,0,7,2,36,42.8,0.0,0.0,4.3,1,8,0,0,1,0.00,0.00,0.00,1.38,45,-7004,548515,16407,23411,91
67,GKP,457569,Đorđe,Petrović,2562135,3,False,90,0,0,0,1,0,0,0,0,0,3,0,12,24.0,0.0,0.0,2.4,1,6,0,0,1,0.00,0.00,0.00,0.44,45,654,548456,15217,14563,91
67,GKP,457569,Đorđe,Petrović,2562149,3,False,90,0,0,0,1,0,0,0,0,0,5,0,17,36.0,0.0,0.0,3.6,1,7,0,0,1,0.00,0.00,0.00,2.94,45,3821,551871,18628,14807,91
67,GKP,457569,Đorđe,Petrović,2562164,9,False,90,0,0,1,0,0,0,0,0,0,3,2,33,34.8,0.0,0.0,3.5,4,5,0,0,1,0.00,0.00,0.00,3.27,45,10098,564797,22083,11985,91
67,GKP,457569,Đorđe,Petrović,2562165,3,False,90,0,0,0,1,0,0,0,0,0,3,0,13,22.8,0.0,0.0,2.3,1,11,0,0,1,0.00,0.00,0.00,1.42,45,43720,613445,51663,7943,91
67,GKP,457569,Đorđe,Petrović,2562175,6,False,90,0,0,1,0,0,0,0,0,0,2,0,26,18.2,0.0,0.0,1.8,1,8,0,0,1,0.00,0.00,0.00,0.40,45,11390,621696,22230,10840,91
67,GKP,457569,Đorđe,Petrović,2562187,6,False,90,0,0,1,0,0,0,0,0,0,2,0,24,14.4,0.0,0.0,1.4,0,5,0,0,1,0.00,0.00,0.00,1.40,45,50442,675809,58435,7993,91
67,GKP,457569,Đorđe,Petrović,2562195,2,False,90,0,0,0,2,0,0,0,0,0,4,0,12,32.4,0.0,0.0,3.2,2,6,0,0,1,0.00,0.00,0.00,1.77,45,5423,683661,22965,17542,91
67,GKP,457569,Đorđe,Petrović,2562205,2,False,90,0,0,0,1,0,0,0,0,0,2,0,10,14.2,0.0,0.0,1.4,4,5,0,0,1,0.00,0.00,0.00,2.32,46,9555,689469,57027,47472,91
67,GKP,457569,Đorđe,Petrović,2562222,1,False,90,0,0,0,1,0,0,0,1,0,2,0,4,13.4,0.0,0.0,1.3,0,6,0,0,1,0.00,0.00,0.00,1.59,46,66390,825501,80028,13638,91
67,GKP,457569,Đorđe,Petrović,2562225,1,False,90,0,0,0,2,0,0,0,0,0,2,0,5,17.8,0.0,0.0,1.8,0,3,0,0,1,0.00,0.00,0.00,0.83,46,66390,825501,80028,13638,91
67,GKP,457569,Đorđe,Petrović,2562235,6,False,90,0,0,1,0,0,0,0,0,0,1,0,23,10.6,0.0,0.0,1.1,0,6,0,0,1,0.00,0.00,0.00,0.89,46,-19205,680650,5200,24405,91
67,GKP,457569,Đorđe,Petrović,2562248,6,False,90,0,0,1,0,0,0,0,0,0,2,0,26,15.2,0.0,0.0,1.5,0,9,0,0,1,0.00,0.00,0.00,1.33,46,-6681,673475,10567,17248,91
67,GKP,457569,Đorđe,Petrović,2562255,3,False,90,0,0,0,1,0,0,0,0,0,3,0,13,22.4,0.0,0.0,2.2,0,10,0,0,1,0.00,0.00,0.00,1.67,46,-22148,650604,3883,26031,91
67,GKP,457569,Đorđe,Petrović,2562271,3,False,90,0,0,0,1,0,0,0,0,0,3,0,14,26.0,0.0,0.0,2.6,2,8,0,0,1,0.00,0.00,0.00,1.73,46,30343,687593,42172,11829,91
68,GKP,444172,Will,Dennis,2561895,0,False,0,0,0,0,0,0,0,0,0,0,0,0,0,0.0,0.0,0.0,0.0,0,0,0,0,0,0.00,0.00,0.00,0.00,40,0,91035,0,0,91
68,GKP,444172,Will,Dennis,2561905,0,False,0,0,0,0,0,0,0,0,0,0,0,0,0,0.0,0.0,0.0,0.0,0,0,0,0,0,0.00,0.00,0.00,0.00,40,2761,117391,7907,5146,91
68,GKP,444172,Will,Dennis,2561923,0,False,0,0,0,0,0,0,0,0,0,0,0,0,0,0.0,0.0,0.0,0.0,0,0,0,0,0,0.00,0.00,0.00,0.00,40,-416,125439,8050,8466,91
68,GKP,444172,Will,Dennis,2561925,0,False,0,0,0,0,0,0,0,0,0,0,0,0,0,0.0,0.0,0.0,0.0,0,0,0,0,0,0.00,0.00,0.00,0.00,40,334,130458,7365,7031,91
68,GKP,444172,Will,Dennis,2561935,0,False,0,0,0,0,0,0,0,0,0,0,0,0,0,0.0,0.0,0.0,0.0,0,0,0,0,0,0.00,0.00,0.00,0.00,40,-67,131992,5307,5374,91
68,GKP,444172,Will,Dennis,2561950,0,False,0,0,0,0,0,0,0,0,0,0,0,0,0,0.0,0.0,0.0,0.0,0,0,0,0,0,0.00,0.00,0.00,0.00,40,-1399,131603,4693,6092,91
68,GKP,444172,Will,Dennis,2561955,0,False,0,0,0,0,0,0,0,0,0,0,0,0,0,0.0,0.0,0.0,0.0,0,0,0,0,0,0.00,0.00,0.00,0.00,40,-3034,128854,2032,5066,91
68,GKP,444172,Will,Dennis,2561967,0,False,0,0,0,0,0,0,0,0,0,0,0,0,0,0.0,0.0,0.0,0.0,0,0,0,0,0,0.00,0.00,0.00,0.00,40,-2618,127079,2021,4639,91
68,GKP,444172,Will,Dennis,2561975,0,False,0,0,0,0,0,0,0,0,0,0,0,0,0,0.0,0.0,0.0,0.0,0,0,0,0,0,0.00,0.00,0.00,0.00,40,-2276,125024,911,3187,91
68,GKP,444172,Will,Dennis,2561990,0,False,0,0,0,0,0,0,0,0,0,0,0,0,0,0.0,0.0,0.0,0.0,0,0,0,0,0,0.00,0.00,0.00,0.00,40,-1741,123671,1021,2762,91
68,GKP,444172,Will,Dennis,2561995,0,False,0,0,0,0,0,0,0,0,0,0,0,0,0,0.0,0.0,0.0,0.0,0,0,0,0,0,0.00,0.00,0.00,0.00,40,-1343,122595,932,2275,91
68,GKP,444172,Will,Dennis,2562005,0,False,0,0,0,0,0,0,0,0,0,0,0,0,0,0.0,0.0,0.0,0.0,0,0,0,0,0,0.00,0.00,0.00,0.00,40,-1288,121647,821,2109,91
68,GKP,444172,Will,Dennis,2562022,0,False,0,0,0,0,0,0,0,0,0,0,0,0,0,0.0,0.0,0.0,0.0,0,0,0,0,0,0.00,0.00,0.00,0.00,40,-1100,120714,480,1580,91
68,GKP,444172,Will,Dennis,2562025,0,False,0,0,0,0,0,0,0,0,0,0,0,0,0,0.0,0.0,0.0,0.0,0,0,0,0,0,0.00,0.00,0.00,0.00,40,-638,120511,635,1273,91
68,GKP,444172,Will,Dennis,2562035,0,False,0,0,0,0,0,0,0,0,0,0,0,0,0,0.0,0.0,0.0,0.0,0,0,0,0,0,0.00,0.00,0.00,0.00,40,-656,120084,1029,1685,91
68,GKP,444172,Will,Dennis,2562051,0,False,0,0,0,0,0,0,0,0,0,0,0,0,0,0.0,0.0,0.0,0.0,0,0,0,0,0,0.00,0.00,0.00,0.00,40,-2699,117638,1289,3988,91
68,GKP,444172,Will,Dennis,2562055,0,False,0,0,0,0,0,0,0,0,0,0,0,0,0,0.0,0.0,0.0,0.0,0,0,0,0,0,0.00,0.00,0.00,0.00,40,-1238,116510,937,2175,91
68,GKP,444172,Will,Dennis,2562066,0,False,0,0,0,0,0,0,0,0,0,0,0,0,0,0.0,0.0,0.0,0.0,0,0,0,0,0,0.00,0.00,0.00,0.00,40,-1296,115642,762,2058,91
68,GKP,444172,Will,Dennis,2562078,0,False,0,0,0,0,0,0,0,0,0,0,0,0,0,0.0,0.0,0.0,0.0,0,0,0,0,0,0.00,0.00,0.00,0.00,40,-1521,114225,362,1883,91
68,GKP,444172,Will,Dennis,2562085,0,False,0,0,0,0,0,0,0,0,0,0,0,0,0,0.0,0.0,0.0,0.0,0,0,0,0,0,0.00,0.00,0.00,0.00,40,-1555,112603,289,1844,91
68,GKP,444172,Will,Dennis,2562095,0,False,0,0,0,0,0,0,0,0,0,0,0,0,0,0.0,0.0,0.0,0.0,0,0,0,0,0,0.00,0.00,0.00,0.00,40,-3034,109484,115,3149,91
68,GKP,444172,Will,Dennis,2562106,0,False,0,0,0,0,0,0,0,0,0,0,0,0,0,0.0,0.0,0.0,0.0,0,0,0,0,0,0.00,0.00,0.00,0.00,40,-3648,105953,73,3721,91
68,GKP,444172,Will,Dennis,2562115,0,False,0,0,0,0,0,0,0,0,0,0,0,0,0,0.0,0.0,0.0,0.0,0,0,0,0,0,0.00,0.00,0.00,0.00,40,-1747,104324,69,1816,91
68,GKP,444172,Will,Dennis,2562134,0,False,0,0,0,0,0,0,0,0,0,0,0,0,0,0.0,0.0,0.0,0.0,0,0,0,0,0,0.00,0.00,0.00,0.00,40,-2031,102265,91,2122,91
68,GKP,444172,Will,Dennis,2562135,0,False,0,0,0,0,0,0,0,0,0,0,0,0,0,0.0,0.0,0.0,0.0,0,0,0,0,0,0.00,0.00,0.00,0.00,40,-1839,100428,26,1865,91
68,GKP,444172,Will,Dennis,2562149,0,False,0,0,0,0,0,0,0,0,0,0,0,0,0,0.0,0.0,0.0,0.0,0,0,0,0,0,0.00,0.00,0.00,0.00,40,-1571,98774,0,1571,91
68,GKP,444172,Will,Dennis,2562164,0,False,0,0,0,0,0,0,0,0,0,0,0,0,0,0.0,0.0,0.0,0.0,0,0,0,0,0,0.00,0.00,0.00,0.00,40,-1473,97470,0,1473,91
68,GKP,444172,Will,Dennis,2562165,0,False,0,0,0,0,0,0,0,0,0,0,0,0,0,0.0,0.0,0.0,0.0,0,0,0,0,0,0.00,0.00,0.00,0.00,40,-923,96555,0,923,91
68,GKP,444172,Will,Dennis,2562175,0,False,0,0,0,0,0,0,0,0,0,0,0,0,0,0.0,0.0,0.0,0.0,0,0,0,0,0,0.00,0.00,0.00,0.00,40,-822,95769,0,822,91
68,GKP,444172,Will,Dennis,2562187,0,False,0,0,0,0,0,0,0,0,0,0,0,0,0,0.0,0.0,0.0,0.0,0,0,0,0,0,0.00,0.00,0.00,0.00,40,-1119,94664,0,1119,91
68,GKP,444172,Will,Dennis,2562195,0,False,0,0,0,0,0,0,0,0,0,0,0,0,0,0.0,0.0,0.0,0.0,0,0,0,0,0,0.00,0.00,0.00,0.00,40,-1021,92967,0,1021,91
68,GKP,444172,Will,Dennis,2562205,0,False,0,0,0,0,0,0,0,0,0,0,0,0,0,0.0,0.0,0.0,0.0,0,0,0,0,0,0.00,0.00,0.00,0.00,40,-842,92856,0,842,91
68,GKP,444172,Will,Dennis,2562222,0,False,0,0,0,0,0,0,0,0,0,0,0,0,0,0.0,0.0,0.0,0.0,0,0,0,0,0,0.00,0.00,0.00,0.00,40,-988,91582,0,988,91
68,GKP,444172,Will,Dennis,2562225,0,False,0,0,0,0,0,0,0,0,0,0,0,0,0,0.0,0.0,0.0,0.0,0,0,0,0,0,0.00,0.00,0.00,0.00,40,-988,91582,0,988,91
68,GKP,444172,Will,Dennis,2562235,0,False,0,0,0,0,0,0,0,0,0,0,0,0,0,0.0,0.0,0.0,0.0,0,0,0,0,0,0.00,0.00,0.00,0.00,40,-579,90679,0,579,91
68,GKP,444172,Will,Dennis,2562248,0,False,0,0,0,0,0,0,0,0,0,0,0,0,0,0.0,0.0,0.0,0.0,0,0,0,0,0,0.00,0.00,0.00,0.00,40,-586,90064,0,586,91
68,GKP,444172,Will,Dennis,2562255,0,False,0,0,0,0,0,0,0,0,0,0,0,0,0,0.0,0.0,0.0,0.0,0,0,0,0,0,0.00,0.00,0.00,0.00,40,-487,89589,0,487,91
68,GKP,444172,Will,Dennis,2562271,0,False,0,0,0,0,0,0,0,0,0,0,0,0,0,0.0,0.0,0.0,0.0,0,0,0,0,0,0.00,0.00,0.00,0.00,40,-627,88960,0,627,91
69,GKP,568791,Callan,McKenna,2561895,0,False,0,0,0,0,0,0,0,0,0,0,0,0,0,0.0,0.0,0.0,0.0,0,0,0,0,0,0.00,0.00,0.00,0.00,40,0,19490,0,0,91
69,GKP,568791,Callan,McKenna,2561905,0,False,0,0,0,0,0,0,0,0,0,0,0,0,0,0.0,0.0,0.0,0.0,0,0,0,0,0,0.00,0.00,0.00,0.00,40,-49,23429,1077,1126,91
69,GKP,568791,Callan,McKenna,2561923,0,False,0,0,0,0,0,0,0,0,0,0,0,0,0,0.0,0.0,0.0,0.0,0,0,0,0,0,0.00,0.00,0.00,0.00,40,-381,24736,1123,1504,91
69,GKP,568791,Callan,McKenna,2561925,0,False,0,0,0,0,0,0,0,0,0,0,0,0,0,0.0,0.0,0.0,0.0,0,0,0,0,0,0.00,0.00,0.00,0.00,40,-51,25784,1213,1264,91
69,GKP,568791,Callan,McKenna,2561935,0,False,0,0,0,0,0,0,0,0,0,0,0,0,0,0.0,0.0,0.0,0.0,0,0,0,0,0,0.00,0.00,0.00,0.00,40,-253,25827,726,979,91
69,GKP,568791,Callan,McKenna,2561950,0,False,0,0,0,0,0,0,0,0,0,0,0,0,0,0.0,0.0,0.0,0.0,0,0,0,0,0,0.00,0.00,0.00,0.00,40,-373,25697,695,1068,91
69,GKP,568791,Callan,McKenna,2561955,0,False,0,0,0,0,0,0,0,0,0,0,0,0,0,0.0,0.0,0.0,0.0,0,0,0,0,0,0.00,0.00,0.00,0.00,40,-614,25232,300,914,91
69,GKP,568791,Callan,McKenna,2561967,0,False,0,0,0,0,0,0,0,0,0,0,0,0,0,0.0,0.0,0.0,0.0,0,0,0,0,0,0.00,0.00,0.00,0.00,40,-454,25076,381,835,91
69,GKP,568791,Callan,McKenna,2561975,0,False,0,0,0,0,0,0,0,0,0,0,0,0,0,0.0,0.0,0.0,0.0,0,0,0,0,0,0.00,0.00,0.00,0.00,40,-474,24773,205,679,91
69,GKP,568791,Callan,McKenna,2561990,0,False,0,0,0,0,0,0,0,0,0,0,0,0,0,0.0,0.0,0.0,0.0,0,0,0,0,0,0.00,0.00,0.00,0.00,40,-375,24581,185,560,91
69,GKP,568791,Callan,McKenna,2561995,0,False,0,0,0,0,0,0,0,0,0,0,0,0,0,0.0,0.0,0.0,0.0,0,0,0,0,0,0.00,0.00,0.00,0.00,40,-235,24507,192,427,91
69,GKP,568791,Callan,McKenna,2562005,0,False,0,0,0,0,0,0,0,0,0,0,0,0,0,0.0,0.0,0.0,0.0,0,0,0,0,0,0.00,0.00,0.00,0.00,40,-245,24460,191,436,91
69,GKP,568791,Callan,McKenna,2562022,0,False,0,0,0,0,0,0,0,0,0,0,0,0,0,0.0,0.0,0.0,0.0,0,0,0,0,0,0.00,0.00,0.00,0.00,40,-178,24413,122,300,91
69,GKP,568791,Callan,McKenna,2562025,0,False,0,0,0,0,0,0,0,0,0,0,0,0,0,0.0,0.0,0.0,0.0,0,0,0,0,0,0.00,0.00,0.00,0.00,40,-178,24336,112,290,91
69,GKP,568791,Callan,McKenna,2562035,0,False,0,0,0,0,0,0,0,0,0,0,0,0,0,0.0,0.0,0.0,0.0,0,0,0,0,0,0.00,0.00,0.00,0.00,40,52,24502,376,324,91
69,GKP,568791,Callan,McKenna,2562051,0,False,0,0,0,0,0,0,0,0,0,0,0,0,0,0.0,0.0,0.0,0.0,0,0,0,0,0,0.00,0.00,0.00,0.00,40,-660,23993,238,898,91
69,GKP,568791,Callan,McKenna,2562055,0,False,0,0,0,0,0,0,0,0,0,0,0,0,0,0.0,0.0,0.0,0.0,0,0,0,0,0,0.00,0.00,0.00,0.00,40,-205,23933,226,431,91
69,GKP,568791,Callan,McKenna,2562066,0,False,0,0,0,0,0,0,0,0,0,0,0,0,0,0.0,0.0,0.0,0.0,0,0,0,0,0,0.00,0.00,0.00,0.00,39,1537,36677,1955,418,91
69,GKP,568791,Callan,McKenna,2562078,0,False,0,0,0,0,0,0,0,0,0,0,0,0,0,0.0,0.0,0.0,0.0,0,0,0,0,0,0.00,0.00,0.00,0.00,39,835,33594,1485,650,91
69,GKP,568791,Callan,McKenna,2562085,0,False,0,0,0,0,0,0,0,0,0,0,0,0,0,0.0,0.0,0.0,0.0,0,0,0,0,0,0.00,0.00,0.00,0.00,39,1269,28994,1952,683,91
69,GKP,568791,Callan,McKenna,2562095,0,False,0,0,0,0,0,0,0,0,0,0,0,0,0,0.0,0.0,0.0,0.0,0,0,0,0,0,0.00,0.00,0.00,0.00,39,1142,29917,1860,718,91
69,GKP,568791,Callan,McKenna,2562106,0,False,0,0,0,0,0,0,0,0,0,0,0,0,0,0.0,0.0,0.0,0.0,0,0,0,0,0,0.00,0.00,0.00,0.00,39,883,30907,1720,837,91
69,GKP,568791,Callan,McKenna,2562115,0,False,0,0,0,0,0,0,0,0,0,0,0,0,0,0.0,0.0,0.0,0.0,0,0,0,0,0,0.00,0.00,0.00,0.00,39,105,30584,568,463,91
69,GKP,568791,Callan,McKenna,2562134,0,False,0,0,0,0,0,0,0,0,0,0,0,0,0,0.0,0.0,0.0,0.0,0,0,0,0,0,0.00,0.00,0.00,0.00,39,155,30755,712,557,91
69,GKP,568791,Callan,McKenna,2562135,0,False,0,0,0,0,0,0,0,0,0,0,0,0,0,0.0,0.0,0.0,0.0,0,0,0,0,0,0.00,0.00,0.00,0.00,39,212,31056,711,499,91
69,GKP,568791,Callan,McKenna,2562149,0,False,0,0,0,0,0,0,0,0,0,0,0,0,0,0.0,0.0,0.0,0.0,0,0,0,0,0,0.00,0.00,0.00,0.00,39,550,32092,983,433,91
69,GKP,568791,Callan,McKenna,2562164,0,False,0,0,0,0,0,0,0,0,0,0,0,0,0,0.0,0.0,0.0,0.0,0,0,0,0,0,0.00,0.00,0.00,0.00,39,385,32086,881,496,91
69,GKP,568791,Callan,McKenna,2562165,0,False,0,0,0,0,0,0,0,0,0,0,0,0,0,0.0,0.0,0.0,0.0,0,0,0,0,0,0.00,0.00,0.00,0.00,39,341,32860,789,448,91
69,GKP,568791,Callan,McKenna,2562175,0,False,0,0,0,0,0,0,0,0,0,0,0,0,0,0.0,0.0,0.0,0.0,0,0,0,0,0,0.00,0.00,0.00,0.00,39,592,33672,1011,419,91
69,GKP,568791,Callan,McKenna,2562187,0,False,0,0,0,0,0,0,0,0,0,0,0,0,0,0.0,0.0,0.0,0.0,0,0,0,0,0,0.00,0.00,0.00,0.00,39,143,33310,725,582,91
69,GKP,568791,Callan,McKenna,2562195,0,False,0,0,0,0,0,0,0,0,0,0,0,0,0,0.0,0.0,0.0,0.0,0,0,0,0,0,0.00,0.00,0.00,0.00,39,-407,33537,274,681,91
69,GKP,568791,Callan,McKenna,2562205,0,False,0,0,0,0,0,0,0,0,0,0,0,0,0,0.0,0.0,0.0,0.0,0,0,0,0,0,0.00,0.00,0.00,0.00,39,-197,32620,203,400,91
69,GKP,568791,Callan,McKenna,2562222,0,False,0,0,0,0,0,0,0,0,0,0,0,0,0,0.0,0.0,0.0,0.0,0,0,0,0,0,0.00,0.00,0.00,0.00,39,-652,31663,190,842,91
69,GKP,568791,Callan,McKenna,2562225,0,False,0,0,0,0,0,0,0,0,0,0,0,0,0,0.0,0.0,0.0,0.0,0,0,0,0,0,0.00,0.00,0.00,0.00,39,-652,31663,190,842,91
69,GKP,568791,Callan,McKenna,2562235,0,False,0,0,0,0,0,0,0,0,0,0,0,0,0,0.0,0.0,0.0,0.0,0,0,0,0,0,0.00,0.00,0.00,0.00,39,-232,31413,118,350,91
69,GKP,568791,Callan,McKenna,2562248,0,False,0,0,0,0,0,0,0,0,0,0,0,0,0,0.0,0.0,0.0,0.0,0,0,0,0,0,0.00,0.00,0.00,0.00,39,-136,31309,196,332,91
69,GKP,568791,Callan,McKenna,2562255,0,False,0,0,0,0,0,0,0,0,0,0,0,0,0,0.0,0.0,0.0,0.0,0,0,0,0,0,0.00,0.00,0.00,0.00,39,-227,31087,132,359,91
69,GKP,568791,Callan,McKenna,2562271,0,False,0,0,0,0,0,0,0,0,0,0,0,0,0,0.0,0.0,0.0,0.0,0,0,0,0,0,0.00,0.00,0.00,0.00,39,-304,30769,175,479,91
70,GKP,495145,Alex,Paulsen,2561895,0,False,0,0,0,0,0,0,0,0,0,0,0,0,0,0.0,0.0,0.0,0.0,0,0,0,0,0,0.00,0.00,0.00,0.00,40,0,12585,0,0,91
70,GKP,495145,Alex,Paulsen,2561905,0,False,0,0,0,0,0,0,0,0,0,0,0,0,0,0.0,0.0,0.0,0.0,0,0,0,0,0,0.00,0.00,0.00,0.00,40,-28,15912,783,811,91
70,GKP,495145,Alex,Paulsen,2561923,0,False,0,0,0,0,0,0,0,0,0,0,0,0,0,0.0,0.0,0.0,0.0,0,0,0,0,0,0.00,0.00,0.00,0.00,40,-1655,14490,324,1979,91
70,GKP,495145,Alex,Paulsen,2561925,0,False,0,0,0,0,0,0,0,0,0,0,0,0,0,0.0,0.0,0.0,0.0,0,0,0,0,0,0.00,0.00,0.00,0.00,40,-1986,12594,0,1986,91
70,GKP,495145,Alex,Paulsen,2561935,0,False,0,0,0,0,0,0,0,0,0,0,0,0,0,0.0,0.0,0.0,0.0,0,0,0,0,0,0.00,0.00,0.00,0.00,40,-927,11747,0,927,91
70,GKP,495145,Alex,Paulsen,2561950,0,False,0,0,0,0,0,0,0,0,0,0,0,0,0,0.0,0.0,0.0,0.0,0,0,0,0,0,0.00,0.00,0.00,0.00,40,-801,10955,0,801,91
70,GKP,495145,Alex,Paulsen,2561955,0,False,0,0,0,0,0,0,0,0,0,0,0,0,0,0.0,0.0,0.0,0.0,0,0,0,0,0,0.00,0.00,0.00,0.00,40,-595,10380,0,595,91
70,GKP,495145,Alex,Paulsen,2561967,0,False,0,0,0,0,0,0,0,0,0,0,0,0,0,0.0,0.0,0.0,0.0,0,0,0,0,0,0.00,0.00,0.00,0.00,40,-550,9844,0,550,91
70,GKP,495145,Alex,Paulsen,2561975,0,False,0,0,0,0,0,0,0,0,0,0,0,0,0,0.0,0.0,0.0,0.0,0,0,0,0,0,0.00,0.00,0.00,0.00,40,-327,9527,0,327,91
70,GKP,495145,Alex,Paulsen,2561990,0,False,0,0,0,0,0,0,0,0,0,0,0,0,0,0.0,0.0,0.0,0.0,0,0,0,0,0,0.00,0.00,0.00,0.00,40,-296,9235,0,296,91
70,GKP,495145,Alex,Paulsen,2561995,0,False,0,0,0,0,0,0,0,0,0,0,0,0,0,0.0,0.0,0.0,0.0,0,0,0,0,0,0.00,0.00,0.00,0.00,40,-207,9042,0,207,91
70,GKP,495145,Alex,Paulsen,2562005,0,False,0,0,0,0,0,0,0,0,0,0,0,0,0,0.0,0.0,0.0,0.0,0,0,0,0,0,0.00,0.00,0.00,0.00,40,-201,8834,0,201,91
70,GKP,495145,Alex,Paulsen,2562022,0,False,0,0,0,0,0,0,0,0,0,0,0,0,0,0.0,0.0,0.0,0.0,0,0,0,0,0,0.00,0.00,0.00,0.00,40,-131,8692,0,131,91
70,GKP,495145,Alex,Paulsen,2562025,0,False,0,0,0,0,0,0,0,0,0,0,0,0,0,0.0,0.0,0.0,0.0,0,0,0,0,0,0.00,0.00,0.00,0.00,40,-128,8574,0,128,91
70,GKP,495145,Alex,Paulsen,2562035,0,False,0,0,0,0,0,0,0,0,0,0,0,0,0,0.0,0.0,0.0,0.0,0,0,0,0,0,0.00,0.00,0.00,0.00,40,-128,8453,0,128,91
70,GKP,495145,Alex,Paulsen,2562051,0,False,0,0,0,0,0,0,0,0,0,0,0,0,0,0.0,0.0,0.0,0.0,0,0,0,0,0,0.00,0.00,0.00,0.00,40,-356,8100,0,356,91
70,GKP,495145,Alex,Paulsen,2562055,0,False,0,0,0,0,0,0,0,0,0,0,0,0,0,0.0,0.0,0.0,0.0,0,0,0,0,0,0.00,0.00,0.00,0.00,40,-188,7908,0,188,91
70,GKP,495145,Alex,Paulsen,2562066,0,False,0,0,0,0,0,0,0,0,0,0,0,0,0,0.0,0.0,0.0,0.0,0,0,0,0,0,0.00,0.00,0.00,0.00,40,-145,7763,0,145,91
70,GKP,495145,Alex,Paulsen,2562078,0,False,0,0,0,0,0,0,0,0,0,0,0,0,0,0.0,0.0,0.0,0.0,0,0,0,0,0,0.00,0.00,0.00,0.00,40,-126,7632,0,126,91
70,GKP,495145,Alex,Paulsen,2562085,0,False,0,0,0,0,0,0,0,0,0,0,0,0,0,0.0,0.0,0.0,0.0,0,0,0,0,0,0.00,0.00,0.00,0.00,40,-67,7588,0,67,91
70,GKP,495145,Alex,Paulsen,2562095,0,False,0,0,0,0,0,0,0,0,0,0,0,0,0,0.0,0.0,0.0,0.0,0,0,0,0,0,0.00,0.00,0.00,0.00,40,-69,7518,0,69,91
70,GKP,495145,Alex,Paulsen,2562106,0,False,0,0,0,0,0,0,0,0,0,0,0,0,0,0.0,0.0,0.0,0.0,0,0,0,0,0,0.00,0.00,0.00,0.00,40,-84,7433,0,84,91
70,GKP,495145,Alex,Paulsen,2562115,0,False,0,0,0,0,0,0,0,0,0,0,0,0,0,0.0,0.0,0.0,0.0,0,0,0,0,0,0.00,0.00,0.00,0.00,40,-44,7390,0,44,91
70,GKP,495145,Alex,Paulsen,2562134,0,False,0,0,0,0,0,0,0,0,0,0,0,0,0,0.0,0.0,0.0,0.0,0,0,0,0,0,0.00,0.00,0.00,0.00,40,-62,7328,0,62,91
70,GKP,495145,Alex,Paulsen,2562135,0,False,0,0,0,0,0,0,0,0,0,0,0,0,0,0.0,0.0,0.0,0.0,0,0,0,0,0,0.00,0.00,0.00,0.00,40,-53,7277,0,53,91
70,GKP,495145,Alex,Paulsen,2562149,0,False,0,0,0,0,0,0,0,0,0,0,0,0,0,0.0,0.0,0.0,0.0,0,0,0,0,0,0.00,0.00,0.00,0.00,40,-45,7234,0,45,91
70,GKP,495145,Alex,Paulsen,2562164,0,False,0,0,0,0,0,0,0,0,0,0,0,0,0,0.0,0.0,0.0,0.0,0,0,0,0,0,0.00,0.00,0.00,0.00,40,-48,7185,0,48,91
70,GKP,495145,Alex,Paulsen,2562165,0,False,0,0,0,0,0,0,0,0,0,0,0,0,0,0.0,0.0,0.0,0.0,0,0,0,0,0,0.00,0.00,0.00,0.00,40,-30,7153,0,30,91
70,GKP,495145,Alex,Paulsen,2562175,0,False,0,0,0,0,0,0,0,0,0,0,0,0,0,0.0,0.0,0.0,0.0,0,0,0,0,0,0.00,0.00,0.00,0.00,40,-28,7128,0,28,91
70,GKP,495145,Alex,Paulsen,2562187,0,False,0,0,0,0,0,0,0,0,0,0,0,0,0,0.0,0.0,0.0,0.0,0,0,0,0,0,0.00,0.00,0.00,0.00,40,-48,7080,0,48,91
70,GKP,495145,Alex,Paulsen,2562195,0,False,0,0,0,0,0,0,0,0,0,0,0,0,0,0.0,0.0,0.0,0.0,0,0,0,0,0,0.00,0.00,0.00,0.00,40,-50,7007,0,50,91
70,GKP,495145,Alex,Paulsen,2562205,0,False,0,0,0,0,0,0,0,0,0,0,0,0,0,0.0,0.0,0.0,0.0,0,0,0,0,0,0.00,0.00,0.00,0.00,40,-23,7007,0,23,91
70,GKP,495145,Alex,Paulsen,2562222,0,False,0,0,0,0,0,0,0,0,0,0,0,0,0,0.0,0.0,0.0,0.0,0,0,0,0,0,0.00,0.00,0.00,0.00,40,-53,6945,0,53,91
70,GKP,495145,Alex,Paulsen,2562225,0,False,0,0,0,0,0,0,0,0,0,0,0,0,0,0.0,0.0,0.0,0.0,0,0,0,0,0,0.00,0.00,0.00,0.00,40,-53,6945,0,53,91
70,GKP,495145,Alex,Paulsen,2562235,0,False,0,0,0,0,0,0,0,0,0,0,0,0,0,0.0,0.0,0.0,0.0,0,0,0,0,0,0.00,0.00,0.00,0.00,40,-31,6898,0,31,91
70,GKP,495145,Alex,Paulsen,2562248,0,False,0,0,0,0,0,0,0,0,0,0,0,0,0,0.0,0.0,0.0,0.0,0,0,0,0,0,0.00,0.00,0.00,0.00,40,-25,6872,0,25,91
70,GKP,495145,Alex,Paulsen,2562255,0,False,0,0,0,0,0,0,0,0,0,0,0,0,0,0.0,0.0,0.0,0.0,0,0,0,0,0,0.00,0.00,0.00,0.00,40,-22,6853,0,22,91
70,GKP,495145,Alex,Paulsen,2562271,0,False,0,0,0,0,0,0,0,0,0,0,0,0,0,0.0,0.0,0.0,0.0,0,0,0,0,0,0.00,0.00,0.00,0.00,40,-29,6822,0,29,91
71,DEF,477580,Illia,Zabarnyi,2561895,0,False,0,0,0,0,0,0,0,0,0,0,0,0,0,0.0,0.0,0.0,0.0,0,0,0,0,0,0.00,0.00,0.00,0.00,50,0,11034,0,0,91
71,DEF,477580,Illia,Zabarnyi,2561905,0,False,0,0,0,0,0,0,0,0,0,0,0,0,0,0.0,0.0,0.0,0.0,0,0,0,0,0,0.00,0.00,0.00,0.00,50,-4889,6058,0,4889,91
71,DEF,477580,Illia,Zabarnyi,2561923,0,False,0,0,0,0,0,0,0,0,0,0,0,0,0,0.0,0.0,0.0,0.0,0,0,0,0,0,0.00,0.00,0.00,0.00,50,-1533,4650,0,1533,91
71,DEF,477580,Illia,Zabarnyi,2561925,0,False,0,0,0,0,0,0,0,0,0,0,0,0,0,0.0,0.0,0.0,0.0,0,0,0,0,0,0.00,0.00,0.00,0.00,50,-658,4021,0,658,91
71,DEF,477580,Illia,Zabarnyi,2561935,0,False,0,0,0,0,0,0,0,0,0,0,0,0,0,0.0,0.0,0.0,0.0,0,0,0,0,0,0.00,0.00,0.00,0.00,50,-306,3733,0,306,91
71,DEF,477580,Illia,Zabarnyi,2561950,0,False,0,0,0,0,0,0,0,0,0,0,0,0,0,0.0,0.0,0.0,0.0,0,0,0,0,0,0.00,0.00,0.00,0.00,50,-206,3532,0,206,91
71,DEF,477580,Illia,Zabarnyi,2561955,0,False,0,0,0,0,0,0,0,0,0,0,0,0,0,0.0,0.0,0.0,0.0,0,0,0,0,0,0.00,0.00,0.00,0.00,50,-104,3438,0,104,91
71,DEF,477580,Illia,Zabarnyi,2561967,0,False,0,0,0,0,0,0,0,0,0,0,0,0,0,0.0,0.0,0.0,0.0,0,0,0,0,0,0.00,0.00,0.00,0.00,50,-120,3320,0,120,91
71,DEF,477580,Illia,Zabarnyi,2561975,0,False,0,0,0,0,0,0,0,0,0,0,0,0,0,0.0,0.0,0.0,0.0,0,0,0,0,0,0.00,0.00,0.00,0.00,50,-53,3263,0,53,91
71,DEF,477580,Illia,Zabarnyi,2561990,0,False,0,0,0,0,0,0,0,0,0,0,0,0,0,0.0,0.0,0.0,0.0,0,0,0,0,0,0.00,0.00,0.00,0.00,50,-74,3195,0,74,91
71,DEF,477580,Illia,Zabarnyi,2561995,0,False,0,0,0,0,0,0,0,0,0,0,0,0,0,0.0,0.0,0.0,0.0,0,0,0,0,0,0.00,0.00,0.00,0.00,50,-49,3146,0,49,91
71,DEF,477580,Illia,Zabarnyi,2562005,0,False,0,0,0,0,0,0,0,0,0,0,0,0,0,0.0,0.0,0.0,0.0,0,0,0,0,0,0.00,0.00,0.00,0.00,50,-39,3107,0,39,91
71,DEF,477580,Illia,Zabarnyi,2562022,0,False,0,0,0,0,0,0,0,0,0,0,0,0,0,0.0,0.0,0.0,0.0,0,0,0,0,0,0.00,0.00,0.00,0.00,50,-16,3091,0,16,91
71,DEF,477580,Illia,Zabarnyi,2562025,0,False,0,0,0,0,0,0,0,0,0,0,0,0,0,0.0,0.0,0.0,0.0,0,0,0,0,0,0.00,0.00,0.00,0.00,50,-9,3083,0,9,91
71,DEF,477580,Illia,Zabarnyi,2562035,0,False,0,0,0,0,0,0,0,0,0,0,0,0,0,0.0,0.0,0.0,0.0,0,0,0,0,0,0.00,0.00,0.00,0.00,50,-13,3069,0,13,91
71,DEF,477580,Illia,Zabarnyi,2562051,0,False,0,0,0,0,0,0,0,0,0,0,0,0,0,0.0,0.0,0.0,0.0,0,0,0,0,0,0.00,0.00,0.00,0.00,50,-17,3052,0,17,91
71,DEF,477580,Illia,Zabarnyi,2562055,0,False,0,0,0,0,0,0,0,0,0,0,0,0,0,0.0,0.0,0.0,0.0,0,0,0,0,0,0.00,0.00,0.00,0.00,50,-14,3038,0,14,91
71,DEF,477580,Illia,Zabarnyi,2562066,0,False,0,0,0,0,0,0,0,0,0,0,0,0,0,0.0,0.0,0.0,0.0,0,0,0,0,0,0.00,0.00,0.00,0.00,50,-18,3022,0,18,91
71,DEF,477580,Illia,Zabarnyi,2562078,0,False,0,0,0,0,0,0,0,0,0,0,0,0,0,0.0,0.0,0.0,0.0,0,0,0,0,0,0.00,0.00,0.00,0.00,50,-8,3013,0,8,91
71,DEF,477580,Illia,Zabarnyi,2562085,0,False,0,0,0,0,0,0,0,0,0,0,0,0,0,0.0,0.0,0.0,0.0,0,0,0,0,0,0.00,0.00,0.00,0.00,50,-5,3011,0,5,91
71,DEF,477580,Illia,Zabarnyi,2562095,0,False,0,0,0,0,0,0,0,0,0,0,0,0,0,0.0,0.0,0.0,0.0,0,0,0,0,0,0.00,0.00,0.00,0.00,50,-6,3005,0,6,91
71,DEF,477580,Illia,Zabarnyi,2562106,0,False,0,0,0,0,0,0,0,0,0,0,0,0,0,0.0,0.0,0.0,0.0,0,0,0,0,0,0.00,0.00,0.00,0.00,50,-14,2989,0,14,91
71,DEF,477580,Illia,Zabarnyi,2562115,0,False,0,0,0,0,0,0,0,0,0,0,0,0,0,0.0,0.0,0.0,0.0,0,0,0,0,0,0.00,0.00,0.00,0.00,50,-12,2979,0,12,91
71,DEF,477580,Illia,Zabarnyi,2562134,0,False,0,0,0,0,0,0,0,0,0,0,0,0,0,0.0,0.0,0.0,0.0,0,0,0,0,0,0.00,0.00,0.00,0.00,50,-10,2969,0,10,91
71,DEF,477580,Illia,Zabarnyi,2562135,0,False,0,0,0,0,0,0,0,0,0,0,0,0,0,0.0,0.0,0.0,0.0,0,0,0,0,0,0.00,0.00,0.00,0.00,50,-8,2961,0,8,91
71,DEF,477580,Illia,Zabarnyi,2562149,0,False,0,0,0,0,0,0,0,0,0,0,0,0,0,0.0,0.0,0.0,0.0,0,0,0,0,0,0.00,0.00,0.00,0.00,50,-6,2955,0,6,91
71,DEF,477580,Illia,Zabarnyi,2562164,0,False,0,0,0,0,0,0,0,0,0,0,0,0,0,0.0,0.0,0.0,0.0,0,0,0,0,0,0.00,0.00,0.00,0.00,50,-8,2947,0,8,91
71,DEF,477580,Illia,Zabarnyi,2562165,0,False,0,0,0,0,0,0,0,0,0,0,0,0,0,0.0,0.0,0.0,0.0,0,0,0,0,0,0.00,0.00,0.00,0.00,50,-6,2941,0,6,91
71,DEF,477580,Illia,Zabarnyi,2562175,0,False,0,0,0,0,0,0,0,0,0,0,0,0,0,0.0,0.0,0.0,0.0,0,0,0,0,0,0.00,0.00,0.00,0.00,50,-3,2938,0,3,91
71,DEF,477580,Illia,Zabarnyi,2562187,0,False,0,0,0,0,0,0,0,0,0,0,0,0,0,0.0,0.0,0.0,0.0,0,0,0,0,0,0.00,0.00,0.00,0.00,50,-6,2932,0,6,91
71,DEF,477580,Illia,Zabarnyi,2562195,0,False,0,0,0,0,0,0,0,0,0,0,0,0,0,0.0,0.0,0.0,0.0,0,0,0,0,0,0.00,0.00,0.00,0.00,50,-3,2929,0,3,91
71,DEF,477580,Illia,Zabarnyi,2562205,0,False,0,0,0,0,0,0,0,0,0,0,0,0,0,0.0,0.0,0.0,0.0,0,0,0,0,0,0.00,0.00,0.00,0.00,50,-5,2924,0,5,91
71,DEF,477580,Illia,Zabarnyi,2562222,0,False,0,0,0,0,0,0,0,0,0,0,0,0,0,0.0,0.0,0.0,0.0,0,0,0,0,0,0.00,0.00,0.00,0.00,50,-3,2921,0,3,91
71,DEF,477580,Illia,Zabarnyi,2562225,0,False,0,0,0,0,0,0,0,0,0,0,0,0,0,0.0,0.0,0.0,0.0,0,0,0,0,0,0.00,0.00,0.00,0.00,50,-3,2921,0,3,91
71,DEF,477580,Illia,Zabarnyi,2562235,0,False,0,0,0,0,0,0,0,0,0,0,0,0,0,0.0,0.0,0.0,0.0,0,0,0,0,0,0.00,0.00,0.00,0.00,50,-1,2918,0,1,91
71,DEF,477580,Illia,Zabarnyi,2562248,0,False,0,0,0,0,0,0,0,0,0,0,0,0,0,0.0,0.0,0.0,0.0,0,0,0,0,0,0.00,0.00,0.00,0.00,50,-5,2914,0,5,91
71,DEF,477580,Illia,Zabarnyi,2562255,0,False,0,0,0,0,0,0,0,0,0,0,0,0,0,0.0,0.0,0.0,0.0,0,0,0,0,0,0.00,0.00,0.00,0.00,50,-3,2911,0,3,91
71,DEF,477580,Illia,Zabarnyi,2562271,0,False,0,0,0,0,0,0,0,0,0,0,0,0,0,0.0,0.0,0.0,0.0,0,0,0,0,0,0.00,0.00,0.00,0.00,50,0,2911,0,0,91
72,DEF,221466,Marcos,Senesi Barón,2561895,2,False,90,0,0,0,4,0,0,0,0,0,0,0,1,26.6,14.6,2.0,4.3,12,2,3,15,1,0.00,0.05,0.05,2.21,45,0,66685,0,0,91
72,DEF,221466,Marcos,Senesi Barón,2561905,9,False,90,0,0,1,0,0,0,0,0,0,0,1,31,25.0,0.9,2.0,2.8,13,4,1,14,1,0.00,0.01,0.01,0.46,45,44438,150492,55666,11228,91
72,DEF,221466,Marcos,Senesi Barón,2561923,14,False,90,0,1,1,0,0,0,0,0,0,0,3,42,37.4,10.7,6.0,5.4,12,6,2,14,1,0.14,0.03,0.17,0.19,45,39641,196264,67786,28145,91
72,DEF,221466,Marcos,Senesi Barón,2561925,3,False,90,0,0,0,1,0,0,0,1,0,0,0,9,30.0,4.7,2.0,3.7,9,6,3,12,1,0.00,0.03,0.03,0.62,46,681179,975444,735993,54814,91
72,DEF,221466,Marcos,Senesi Barón,2561935,9,False,90,0,0,1,0,0,0,0,0,0,0,1,27,25.8,11.9,2.0,4.0,11,3,0,11,1,0.00,0.03,0.03,0.14,47,296744,1263145,346861,50117,91
72,DEF,221466,Marcos,Senesi Barón,2561950,7,False,90,0,1,0,2,0,0,0,0,0,0,1,27,57.8,16.9,4.0,7.9,12,3,3,15,1,0.00,0.22,0.22,1.84,48,887453,2222898,915905,28452,91
72,DEF,221466,Marcos,Senesi Barón,2561955,2,False,77,0,0,0,1,0,0,0,0,0,0,0,9,23.2,8.1,2.0,3.3,7,2,0,7,1,0.00,0.72,0.72,0.60,49,705030,2940581,728338,23308,91
72,DEF,221466,Marcos,Senesi Barón,2561967,2,False,90,0,0,0,3,0,0,0,1,0,0,0,6,45.2,0.3,9.0,5.5,18,4,2,20,1,0.02,0.01,0.03,4.44,50,252436,3183963,324745,72309,91
72,DEF,221466,Marcos,Senesi Barón,2561975,5,False,90,0,0,1,0,0,0,0,1,0,0,0,20,17.4,1.0,0.0,1.8,5,3,0,5,1,0.00,0.02,0.02,0.35,50,122281,3327648,183642,61361,91
72,DEF,221466,Marcos,Senesi Barón,2561990,3,False,90,0,0,0,3,0,0,0,0,0,0,0,7,37.4,18.3,2.0,5.8,12,10,2,14,1,0.00,0.18,0.18,2.22,50,-72064,3213848,79878,151942,91
72,DEF,221466,Marcos,Senesi Barón,2561995,2,False,90,0,0,0,4,0,0,0,0,0,0,0,0,24.2,3.9,0.0,2.8,13,3,1,14,1,0.00,0.21,0.21,1.70,50,-41028,3204849,53102,94130,91
72,DEF,221466,Marcos,Senesi Barón,2562005,3,False,90,0,1,0,2,0,0,0,1,0,0,0,23,41.2,43.2,6.0,9.0,3,5,2,5,1,0.02,0.41,0.43,0.65,50,135796,3389770,196410,60614,91
72,DEF,221466,Marcos,Senesi Barón,2562022,2,False,90,0,0,0,3,0,0,0,1,0,0,0,10,38.0,39.9,2.0,8.0,11,6,3,14,1,0.00,0.35,0.35,1.28,50,-40521,3111797,53912,94433,91
72,DEF,221466,Marcos,Senesi Barón,2562025,0,False,0,0,0,0,0,0,0,0,0,0,0,0,0,0.0,0.0,0.0,0.0,0,0,0,0,0,0.00,0.00,0.00,0.00,50,-691756,2580874,2383,694139,91
72,DEF,221466,Marcos,Senesi Barón,2562035,8,False,61,0,0,1,0,0,0,0,0,0,0,0,28,24.0,20.3,0.0,4.4,10,6,1,11,1,0.00,0.00,0.00,0.69,50,-201726,2400301,14051,215777,91
72,DEF,221466,Marcos,Senesi Barón,2562051,1,False,90,0,0,0,4,0,0,0,1,0,0,0,2,53.6,11.7,21.0,8.6,16,5,5,21,1,0.02,0.05,0.07,3.29,50,-411799,1981531,23445,435244,91
72,DEF,221466,Marcos,Senesi Barón,2562055,4,False,90,0,0,0,1,0,0,0,0,0,0,0,23,56.6,40.1,9.0,10.6,14,4,5,19,1,0.32,0.55,0.87,0.38,49,98774,2204189,171621,72847,91
72,DEF,221466,Marcos,Senesi Barón,2562066,2,False,90,0,0,0,4,0,0,0,0,0,0,0,0,30.6,1.3,27.0,5.9,10,6,0,10,1,0.03,0.04,0.07,3.66,49,-17126,2077278,59200,76326,91
72,DEF,221466,Marcos,Senesi Barón,2562078,3,False,90,0,0,0,2,0,0,0,0,0,0,0,1,23.4,0.3,3.0,2.7,11,2,0,11,1,0.01,0.01,0.02,2.31,49,-146341,1885258,26576,172917,91
72,DEF,221466,Marcos,Senesi Barón,2562085,1,False,90,0,0,0,3,0,0,0,0,0,0,0,-3,16.2,1.9,2.0,2.0,5,4,2,7,1,0.00,0.08,0.08,1.13,48,-104661,1878304,24365,129026,91
72,DEF,221466,Marcos,Senesi Barón,2562095,6,False,90,0,1,0,2,0,0,0,0,0,0,0,22,51.2,13.8,2.0,6.7,13,4,3,16,1,0.00,0.53,0.53,1.25,48,-76940,1807990,27556,104496,91
72,DEF,221466,Marcos,Senesi Barón,2562106,3,False,90,0,0,0,1,0,0,0,1,0,0,0,5,23.4,10.3,0.0,3.4,13,2,0,13,1,0.00,0.02,0.02,1.05,48,-13047,1799781,51748,64795,91
72,DEF,221466,Marcos,Senesi Barón,2562115,3,False,90,0,0,0,2,0,0,0,0,0,0,0,7,27.2,0.6,12.0,4.0,10,2,3,13,1,0.32,0.14,0.46,0.93,48,-32114,1767827,31644,63758,91
72,DEF,221466,Marcos,Senesi Barón,2562134,8,False,90,0,0,1,0,0,0,0,0,0,0,0,25,22.2,1.3,7.0,3.1,10,3,1,11,1,0.06,0.02,0.08,1.38,48,79712,1859693,149513,69801,91
72,DEF,221466,Marcos,Senesi Barón,2562135,2,False,90,0,0,0,1,0,0,0,0,0,0,0,14,18.2,14.8,24.0,5.7,5,6,1,6,1,0.24,0.25,0.49,0.44,48,134709,1996361,169499,34790,91
72,DEF,221466,Marcos,Senesi Barón,2562149,2,False,90,0,0,0,1,0,0,0,0,0,0,0,8,25.8,0.7,2.0,2.9,6,4,1,7,1,0.00,0.00,0.00,2.94,48,7008,1985006,68667,61659,91
72,DEF,221466,Marcos,Senesi Barón,2562164,5,False,90,0,0,1,0,0,0,0,1,0,0,0,23,24.2,1.4,15.0,4.1,8,4,0,8,1,0.06,0.01,0.07,3.27,48,30615,2031184,86298,55683,91
72,DEF,221466,Marcos,Senesi Barón,2562165,4,False,90,0,0,0,1,0,0,0,0,0,0,0,9,22.4,2.4,2.0,2.7,8,2,3,11,1,0.01,0.02,0.03,1.42,49,61416,2098553,96068,34652,91
72,DEF,221466,Marcos,Senesi Barón,2562175,11,False,90,0,0,1,0,0,0,0,0,0,0,3,31,18.4,0.7,0.0,1.9,8,4,2,10,1,0.00,0.04,0.04,0.40,49,42148,2136677,76296,34148,91
72,DEF,221466,Marcos,Senesi Barón,2562187,10,False,90,0,0,1,0,0,0,0,0,0,0,2,31,35.0,1.3,11.0,4.7,15,4,1,16,1,0.13,0.03,0.16,1.40,50,246796,2396154,259700,12904,91
72,DEF,221466,Marcos,Senesi Barón,2562195,1,False,90,0,0,0,2,0,0,0,0,0,0,0,5,14.8,11.8,3.0,3.0,5,4,0,5,1,0.02,0.03,0.05,1.77,51,180346,2794462,214177,33831,91
72,DEF,221466,Marcos,Senesi Barón,2562205,4,False,90,0,0,0,1,0,0,0,0,0,0,0,11,24.8,1.3,0.0,2.6,6,5,4,10,1,0.00,0.02,0.02,2.32,51,170089,2732880,279110,109021,91
72,DEF,221466,Marcos,Senesi Barón,2562222,2,False,90,0,0,0,1,0,0,0,0,0,0,0,10,28.2,11.6,2.0,4.2,5,5,2,7,1,0.00,0.09,0.09,1.59,52,343642,3393356,367889,24247,91
72,DEF,221466,Marcos,Senesi Barón,2562225,4,False,90,0,1,0,2,0,0,0,0,0,0,0,18,30.6,20.2,12.0,6.3,6,4,0,6,1,0.13,0.32,0.45,0.83,52,343642,3393356,367889,24247,91
72,DEF,221466,Marcos,Senesi Barón,2562235,14,False,90,0,1,1,0,0,0,0,0,0,0,3,39,36.0,20.5,6.0,6.3,11,4,3,14,1,0.00,0.13,0.13,0.89,52,-49962,2700529,62681,112643,91
72,DEF,221466,Marcos,Senesi Barón,2562248,8,False,90,0,0,1,0,0,0,0,0,0,0,0,26,30.6,1.8,0.0,3.2,10,5,0,10,1,0.00,0.04,0.04,1.33,52,66807,2774808,142786,75979,91
72,DEF,221466,Marcos,Senesi Barón,2562255,4,False,90,0,0,0,1,0,0,0,0,0,0,0,13,22.2,1.0,0.0,2.3,9,4,1,10,1,0.00,0.01,0.01,1.67,52,-39964,2724452,60900,100864,91
72,DEF,221466,Marcos,Senesi Barón,2562271,2,False,90,0,0,0,1,0,0,0,0,0,0,0,11,25.6,2.3,2.0,3.0,5,5,2,7,1,0.00,0.02,0.02,1.73,52,155046,2904597,186166,31120,91
73,DEF,54469,Adam,Smith,2561895,1,False,89,0,0,0,3,0,0,0,0,0,0,0,2,12.2,10.5,4.0,2.7,8,2,1,9,1,0.00,0.08,0.08,2.10,45,0,16405,0,0,91
73,DEF,54469,Adam,Smith,2561905,6,False,90,0,0,1,0,0,0,0,0,0,0,0,24,5.6,3.4,0.0,0.9,2,1,0,2,1,0.00,0.01,0.01,0.46,45,7432,42497,10715,3283,91
73,DEF,54469,Adam,Smith,2561923,1,False,25,0,0,0,0,0,0,0,0,0,0,0,2,0.0,0.1,0.0,0.0,0,0,0,0,1,0.00,0.00,0.00,0.00,45,-2268,40820,2510,4778,91
73,DEF,54469,Adam,Smith,2561925,0,False,0,0,0,0,0,0,0,0,0,0,0,0,0,0.0,0.0,0.0,0.0,0,0,0,0,0,0.00,0.00,0.00,0.00,45,-10461,30413,241,10702,91
73,DEF,54469,Adam,Smith,2561935,0,False,0,0,0,0,0,0,0,0,0,0,0,0,0,0.0,0.0,0.0,0.0,0,0,0,0,0,0.00,0.00,0.00,0.00,45,-5592,25351,40,5632,91
73,DEF,54469,Adam,Smith,2561950,0,False,0,0,0,0,0,0,0,0,0,0,0,0,0,0.0,0.0,0.0,0.0,0,0,0,0,0,0.00,0.00,0.00,0.00,44,-2992,22515,59,3051,91
73,DEF,54469,Adam,Smith,2561955,0,False,0,0,0,0,0,0,0,0,0,0,0,0,0,0.0,0.0,0.0,0.0,0,0,0,0,0,0.00,0.00,0.00,0.00,44,-1714,20870,18,1732,91
73,DEF,54469,Adam,Smith,2561967,0,False,0,0,0,0,0,0,0,0,0,0,0,0,0,0.0,0.0,0.0,0.0,0,0,0,0,0,0.00,0.00,0.00,0.00,44,-1321,19610,58,1379,91
73,DEF,54469,Adam,Smith,2561975,0,False,0,0,0,0,0,0,0,0,0,0,0,0,0,0.0,0.0,0.0,0.0,0,0,0,0,0,0.00,0.00,0.00,0.00,44,32,19858,502,470,91
73,DEF,54469,Adam,Smith,2561990,0,False,0,0,0,0,0,0,0,0,0,0,0,0,0,0.0,0.0,0.0,0.0,0,0,0,0,0,0.00,0.00,0.00,0.00,44,-140,19879,378,518,91
73,DEF,54469,Adam,Smith,2561995,1,False,9,0,0,0,0,0,0,0,0,0,0,0,3,0.0,0.0,0.0,0.0,0,0,0,0,1,0.00,0.00,0.00,0.01,44,-99,19996,324,423,91
73,DEF,54469,Adam,Smith,2562005,1,False,4,0,0,0,0,0,0,0,0,0,0,0,3,0.0,0.3,2.0,0.2,0,0,0,0,0,0.00,0.00,0.00,0.00,44,217,20529,626,409,91
73,DEF,54469,Adam,Smith,2562022,1,False,79,0,0,0,3,0,0,0,0,0,0,0,-1,5.8,2.5,2.0,1.0,2,0,1,3,1,0.00,0.01,0.01,1.20,44,-49,20598,335,384,91
73,DEF,54469,Adam,Smith,2562025,0,False,0,0,0,0,0,0,0,0,0,0,0,0,0,0.0,0.0,0.0,0.0,0,0,0,0,0,0.00,0.00,0.00,0.00,44,175,20885,412,237,91
73,DEF,54469,Adam,Smith,2562035,6,False,90,0,0,1,0,0,0,0,0,0,0,0,23,7.8,0.4,2.0,1.0,4,4,2,6,1,0.00,0.00,0.00,0.92,44,-194,20734,281,475,91
73,DEF,54469,Adam,Smith,2562051,2,False,90,0,1,0,4,0,0,0,1,0,0,0,-5,22.2,11.1,4.0,3.7,4,2,0,4,1,0.00,0.01,0.01,3.29,44,579,21527,1146,567,91
73,DEF,54469,Adam,Smith,2562055,0,False,0,0,0,0,0,0,0,0,0,0,0,0,0,0.0,0.0,0.0,0.0,0,0,0,0,0,0.00,0.00,0.00,0.00,44,2649,24883,3118,469,91
73,DEF,54469,Adam,Smith,2562066,0,False,45,0,0,0,2,0,0,0,0,0,0,0,-4,2.6,0.0,4.0,0.7,2,2,0,2,1,0.00,0.00,0.00,1.53,44,-617,23762,665,1282,91
73,DEF,54469,Adam,Smith,2562078,1,False,1,0,0,0,0,0,0,0,0,0,0,0,3,0.0,0.0,0.0,0.0,0,0,0,0,0,0.00,0.00,0.00,0.22,44,-696,23168,308,1004,91
73,DEF,54469,Adam,Smith,2562085,0,False,0,0,0,0,0,0,0,0,0,0,0,0,0,0.0,0.0,0.0,0.0,0,0,0,0,0,0.00,0.00,0.00,0.00,44,-342,22993,238,580,91
73,DEF,54469,Adam,Smith,2562095,0,False,0,0,0,0,0,0,0,0,0,0,0,0,0,0.0,0.0,0.0,0.0,0,0,0,0,0,0.00,0.00,0.00,0.00,44,-284,22824,294,578,91
73,DEF,54469,Adam,Smith,2562106,0,False,19,0,0,0,1,0,0,0,1,0,0,0,-5,0.4,0.1,0.0,0.1,2,0,0,2,0,0.00,0.00,0.00,0.50,44,-230,22735,363,593,91
73,DEF,54469,Adam,Smith,2562115,1,False,90,0,0,0,2,0,0,0,0,0,0,0,2,11.2,0.9,0.0,1.2,6,4,0,6,1,0.00,0.00,0.00,0.93,44,-187,22625,224,411,91
73,DEF,54469,Adam,Smith,2562134,6,False,90,0,0,1,0,0,0,0,0,0,0,0,28,14.8,3.0,0.0,1.8,4,3,3,7,1,0.00,0.00,0.00,1.20,44,313,23074,739,426,91
73,DEF,54469,Adam,Smith,2562135,1,False,4,0,0,0,0,0,0,0,0,0,0,0,3,0.0,0.0,0.0,0.0,0,0,0,0,0,0.00,0.00,0.00,0.00,44,414,23605,787,373,91
73,DEF,54469,Adam,Smith,2562149,1,False,1,0,0,0,0,0,0,0,0,0,0,0,4,0.0,0.0,0.0,0.0,0,0,0,0,0,0.00,0.00,0.00,0.00,44,81,23721,509,428,91
73,DEF,54469,Adam,Smith,2562164,1,False,1,0,0,0,0,0,0,0,0,0,0,0,4,0.2,0.0,0.0,0.0,0,0,0,0,0,0.00,0.00,0.00,0.10,44,-5,23808,433,438,91
73,DEF,54469,Adam,Smith,2562165,0,False,0,0,0,0,0,0,0,0,0,0,0,0,0,0.0,0.0,0.0,0.0,0,0,0,0,0,0.00,0.00,0.00,0.00,44,50,23916,378,328,91
73,DEF,54469,Adam,Smith,2562175,0,False,0,0,0,0,0,0,0,0,0,0,0,0,0,0.0,0.0,0.0,0.0,0,0,0,0,0,0.00,0.00,0.00,0.00,44,-84,23870,279,363,91
73,DEF,54469,Adam,Smith,2562187,8,False,60,0,0,1,0,0,0,0,0,0,0,2,31,32.6,25.6,0.0,5.8,6,2,3,9,1,0.00,0.09,0.09,1.35,44,170,24140,615,445,91
73,DEF,54469,Adam,Smith,2562195,0,False,17,0,0,0,0,0,0,0,1,0,0,0,3,5.4,1.4,0.0,0.7,1,2,2,3,0,0.00,0.00,0.00,0.02,44,161,24571,364,203,91
73,DEF,54469,Adam,Smith,2562205,1,False,1,0,0,0,0,0,0,0,0,0,0,0,3,0.0,0.0,0.0,0.0,0,0,0,0,0,0.00,0.00,0.00,0.13,44,161,24595,628,467,91
73,DEF,54469,Adam,Smith,2562222,0,False,0,0,0,0,0,0,0,0,0,0,0,0,0,0.0,0.0,0.0,0.0,0,0,0,0,0,0.00,0.00,0.00,0.00,44,549,25584,879,330,91
73,DEF,54469,Adam,Smith,2562225,0,False,0,0,0,0,0,0,0,0,0,0,0,0,0,0.0,0.0,0.0,0.0,0,0,0,0,0,0.00,0.00,0.00,0.00,44,549,25584,879,330,91
73,DEF,54469,Adam,Smith,2562235,0,False,0,0,0,0,0,0,0,0,0,0,0,0,0,0.0,0.0,0.0,0.0,0,0,0,0,0,0.00,0.00,0.00,0.00,44,-119,24636,154,273,91
73,DEF,54469,Adam,Smith,2562248,11,False,90,0,1,1,0,0,0,0,0,0,0,2,32,28.0,11.6,0.0,4.0,5,3,1,6,1,0.00,0.01,0.01,1.33,44,-32,24641,314,346,91
73,DEF,54469,Adam,Smith,2562255,6,False,89,0,0,1,0,0,0,0,0,0,0,0,18,14.8,1.4,0.0,1.6,4,1,1,5,1,0.00,0.01,0.01,1.16,44,358,25077,565,207,91
73,DEF,54469,Adam,Smith,2562271,2,False,89,0,0,0,1,0,0,0,0,0,0,0,12,12.6,4.3,0.0,1.7,5,3,1,6,1,0.00,0.01,0.01,1.73,44,4672,30305,4941,269,91
74,DEF,494521,Adrien,Truffert,2561895,0,False,90,0,0,0,4,0,0,0,0,0,0,0,-1,18.2,19.1,0.0,3.7,4,4,2,6,1,0.00,0.13,0.13,2.21,45,0,65217,0,0,91
74,DEF,494521,Adrien,Truffert,2561905,6,False,90,0,0,1,0,0,0,0,0,0,0,0,28,18.0,18.9,6.0,4.3,4,4,0,4,1,0.00,0.04,0.04,0.46,45,30012,117372,40436,10424,91
74,DEF,494521,Adrien,Truffert,2561923,7,False,90,0,0,1,0,0,0,0,0,0,0,1,24,19.8,19.4,1.0,4.0,4,0,5,9,1,0.01,0.10,0.11,0.19,45,1401,107444,15737,14336,91
74,DEF,494521,Adrien,Truffert,2561925,2,False,90,0,0,0,1,0,0,0,0,0,0,0,2,15.4,29.7,0.0,4.5,3,3,1,4,1,0.00,0.10,0.10,0.62,45,24812,141452,42602,17790,91
74,DEF,494521,Adrien,Truffert,2561935,9,False,90,0,0,1,0,0,0,0,0,0,0,3,29,11.4,4.9,2.0,1.8,5,10,0,5,1,0.00,0.01,0.01,0.14,45,6032,147880,16333,10301,91
74,DEF,494521,Adrien,Truffert,2561950,3,False,90,0,0,0,2,0,0,0,0,0,0,0,15,29.0,5.0,2.0,3.6,8,7,5,13,1,0.00,0.02,0.02,1.84,45,73628,231856,90069,16441,91
74,DEF,494521,Adrien,Truffert,2561955,5,False,90,0,1,0,1,0,0,0,0,0,0,0,24,32.8,20.2,4.0,5.7,4,6,1,5,1,0.03,0.04,0.07,0.88,45,8811,236377,25335,16524,91
74,DEF,494521,Adrien,Truffert,2561967,1,False,90,0,0,0,3,0,0,0,0,0,0,0,-1,11.4,4.1,2.0,1.8,4,2,0,4,1,0.00,0.01,0.01,4.44,45,33765,273147,49360,15595,91
74,DEF,494521,Adrien,Truffert,2561975,10,False,90,0,0,1,0,0,0,0,0,0,0,2,33,18.8,10.3,3.0,3.2,8,8,3,11,1,0.02,0.05,0.07,0.35,45,5076,279343,20949,15873,91
74,DEF,494521,Adrien,Truffert,2561990,2,False,90,0,0,0,3,0,0,0,1,0,0,0,5,22.0,3.8,6.0,3.2,6,6,4,10,1,0.05,0.01,0.06,2.22,45,5989,282594,21241,15252,91
74,DEF,494521,Adrien,Truffert,2561995,0,False,62,0,0,0,2,0,0,0,1,0,0,0,2,11.0,21.2,5.0,3.7,4,4,2,6,1,0.05,0.01,0.06,0.85,45,6268,292147,16421,10153,91
74,DEF,494521,Adrien,Truffert,2562005,0,False,90,0,0,0,2,0,0,0,1,0,0,0,12,34.2,66.9,6.0,10.7,3,8,1,4,1,0.00,0.34,0.34,0.65,45,22174,321530,33593,11419,91
74,DEF,494521,Adrien,Truffert,2562022,1,False,90,0,0,0,3,0,0,0,0,0,0,0,4,20.6,13.3,21.0,5.5,4,10,3,7,1,0.04,0.01,0.05,1.28,45,-15028,295201,6495,21523,91
74,DEF,494521,Adrien,Truffert,2562025,4,False,90,0,0,0,1,0,0,0,0,0,0,0,17,32.4,7.7,8.0,4.8,10,5,3,13,1,0.00,0.08,0.08,1.44,45,-5495,299100,9300,14795,91
74,DEF,494521,Adrien,Truffert,2562035,6,False,90,0,0,1,0,0,0,0,0,0,0,0,31,19.6,22.3,5.0,4.7,6,5,2,8,1,0.03,0.04,0.07,0.92,45,-16357,277261,4516,20873,91
74,DEF,494521,Adrien,Truffert,2562051,0,False,90,0,0,0,4,0,0,0,0,0,0,0,-6,12.8,2.3,4.0,1.9,6,2,3,9,1,0.00,0.02,0.02,3.29,45,-13358,265508,16384,29742,91
74,DEF,494521,Adrien,Truffert,2562055,5,False,90,0,0,0,1,0,0,0,0,0,0,1,24,31.0,7.3,0.0,3.8,10,2,7,17,1,0.00,0.03,0.03,0.38,45,33244,313555,42419,9175,91
74,DEF,494521,Adrien,Truffert,2562066,1,False,76,0,0,0,3,0,0,0,0,0,0,0,-2,7.4,12.5,0.0,2.0,1,6,2,3,1,0.00,0.01,0.01,2.21,45,-5663,290610,12071,17734,91
74,DEF,494521,Adrien,Truffert,2562078,3,False,90,0,0,0,2,0,0,0,0,0,0,0,14,32.8,6.3,6.0,4.5,11,4,3,14,1,0.10,0.03,0.13,2.31,45,-31899,252985,3115,35014,91
74,DEF,494521,Adrien,Truffert,2562085,1,False,90,0,0,0,3,0,0,0,0,0,0,0,-1,11.4,5.5,0.0,1.7,2,2,3,5,1,0.00,0.02,0.02,1.13,45,-16667,250787,4557,21224,91
74,DEF,494521,Adrien,Truffert,2562095,1,False,90,0,0,0,2,0,0,0,0,0,0,0,1,19.6,2.5,0.0,2.2,4,7,5,9,1,0.00,0.02,0.02,1.25,45,-12095,239497,4594,16689,91
74,DEF,494521,Adrien,Truffert,2562106,4,False,90,0,0,0,1,0,0,0,0,0,0,0,11,27.4,15.6,4.0,4.7,4,3,8,12,1,0.00,0.07,0.07,1.05,45,-14485,225378,3022,17507,91
74,DEF,494521,Adrien,Truffert,2562115,3,False,90,0,0,0,2,0,0,0,0,0,0,0,7,19.8,1.7,2.0,2.4,7,2,3,10,1,0.00,0.01,0.01,0.93,45,-9060,216906,2139,11199,91
74,DEF,494521,Adrien,Truffert,2562134,6,False,90,0,0,1,0,0,0,0,0,0,0,0,27,18.0,3.8,0.0,2.2,6,5,3,9,1,0.00,0.01,0.01,1.38,45,2504,220787,13946,11442,91
74,DEF,494521,Adrien,Truffert,2562135,2,False,90,0,0,0,1,0,0,0,0,0,0,0,7,11.0,3.1,2.0,1.6,6,6,0,6,1,0.00,0.01,0.01,0.44,45,3204,223607,11365,8161,91
74,DEF,494521,Adrien,Truffert,2562149,7,False,90,0,1,0,1,0,0,0,0,0,0,0,18,32.6,15.8,1.0,4.9,7,5,4,11,1,0.02,0.49,0.51,2.94,45,-2849,219439,6531,9380,91
74,DEF,494521,Adrien,Truffert,2562164,6,False,90,0,0,1,0,0,0,0,0,0,0,0,24,12.0,2.5,2.0,1.7,5,6,1,6,1,0.04,0.00,0.04,3.27,45,20594,243396,26168,5574,91
74,DEF,494521,Adrien,Truffert,2562165,4,False,90,0,0,0,1,0,0,0,0,0,0,0,16,18.6,7.4,0.0,2.6,7,9,3,10,1,0.00,0.03,0.03,1.42,45,27313,271973,32249,4936,91
74,DEF,494521,Adrien,Truffert,2562175,8,False,90,0,0,1,0,0,0,0,0,0,0,2,30,14.0,17.7,2.0,3.4,5,8,1,6,1,0.00,0.33,0.33,0.40,46,19381,290584,26146,6765,91
74,DEF,494521,Adrien,Truffert,2562187,11,False,90,0,0,1,0,0,0,0,0,0,0,3,34,34.8,29.9,4.0,6.9,9,5,2,11,1,0.00,0.27,0.27,1.40,46,62083,355863,67381,5298,91
74,DEF,494521,Adrien,Truffert,2562195,4,False,90,0,1,0,2,0,0,0,0,0,0,0,19,41.6,37.2,11.0,9.0,4,5,2,6,1,0.04,0.10,0.14,1.77,46,54159,501394,66106,11947,91
74,DEF,494521,Adrien,Truffert,2562205,4,False,90,0,1,0,1,0,0,0,1,0,0,0,9,6.6,2.6,2.0,1.1,5,2,2,7,1,0.00,0.01,0.01,2.32,47,60183,468121,91803,31620,91
74,DEF,494521,Adrien,Truffert,2562222,10,False,90,1,0,0,1,0,0,0,0,0,0,2,27,47.0,2.2,35.0,8.4,6,4,2,8,1,0.49,0.02,0.51,1.59,47,150266,745452,160698,10432,91
74,DEF,494521,Adrien,Truffert,2562225,3,False,90,0,0,0,2,0,0,0,0,0,0,0,17,31.2,17.5,11.0,6.0,7,5,3,10,1,0.06,0.15,0.21,0.83,47,150266,745452,160698,10432,91
74,DEF,494521,Adrien,Truffert,2562235,7,False,90,0,0,1,0,0,0,0,0,0,0,1,28,9.4,15.9,4.0,2.9,4,3,0,4,1,0.00,0.08,0.08,0.89,47,29431,588204,48377,18946,91
74,DEF,494521,Adrien,Truffert,2562248,9,False,90,0,0,1,0,0,0,0,0,0,0,3,37,26.0,30.6,15.0,7.2,2,7,2,4,1,0.37,0.07,0.44,1.33,47,17765,606880,40899,23134,91
74,DEF,494521,Adrien,Truffert,2562255,4,False,90,0,1,0,1,0,0,0,1,0,0,0,17,33.2,27.8,6.0,6.7,2,3,4,6,1,0.00,0.19,0.19,1.67,47,2948,608214,33119,30171,91
74,DEF,494521,Adrien,Truffert,2562271,6,False,90,0,1,0,1,0,0,0,0,0,0,1,25,44.2,39.7,12.0,9.6,2,5,7,9,1,0.00,0.11,0.11,1.73,48,91593,711836,103582,11989,91
75,DEF,541462,Matai,Akinmboni,2561895,0,False,0,0,0,0,0,0,0,0,0,0,0,0,0,0.0,0.0,0.0,0.0,0,0,0,0,0,0.00,0.00,0.00,0.00,40,0,28980,0,0,91
75,DEF,541462,Matai,Akinmboni,2561905,0,False,0,0,0,0,0,0,0,0,0,0,0,0,0,0.0,0.0,0.0,0.0,0,0,0,0,0,0.00,0.00,0.00,0.00,40,-945,34614,2110,3055,91
75,DEF,541462,Matai,Akinmboni,2561923,0,False,0,0,0,0,0,0,0,0,0,0,0,0,0,0.0,0.0,0.0,0.0,0,0,0,0,0,0.00,0.00,0.00,0.00,40,-2089,34570,1919,4008,91
75,DEF,541462,Matai,Akinmboni,2561925,0,False,0,0,0,0,0,0,0,0,0,0,0,0,0,0.0,0.0,0.0,0.0,0,0,0,0,0,0.00,0.00,0.00,0.00,40,-1411,34351,1704,3115,91
75,DEF,541462,Matai,Akinmboni,2561935,0,False,0,0,0,0,0,0,0,0,0,0,0,0,0,0.0,0.0,0.0,0.0,0,0,0,0,0,0.00,0.00,0.00,0.00,40,-1025,33870,1066,2091,91
75,DEF,541462,Matai,Akinmboni,2561950,0,False,0,0,0,0,0,0,0,0,0,0,0,0,0,0.0,0.0,0.0,0.0,0,0,0,0,0,0.00,0.00,0.00,0.00,40,-938,33491,1118,2056,91
75,DEF,541462,Matai,Akinmboni,2561955,0,False,0,0,0,0,0,0,0,0,0,0,0,0,0,0.0,0.0,0.0,0.0,0,0,0,0,0,0.00,0.00,0.00,0.00,40,-1119,32757,630,1749,91
75,DEF,541462,Matai,Akinmboni,2561967,0,False,0,0,0,0,0,0,0,0,0,0,0,0,0,0.0,0.0,0.0,0.0,0,0,0,0,0,0.00,0.00,0.00,0.00,40,-1101,32391,622,1723,91
75,DEF,541462,Matai,Akinmboni,2561975,0,False,0,0,0,0,0,0,0,0,0,0,0,0,0,0.0,0.0,0.0,0.0,0,0,0,0,0,0.00,0.00,0.00,0.00,39,-264,32876,856,1120,91
75,DEF,541462,Matai,Akinmboni,2561990,0,False,0,0,0,0,0,0,0,0,0,0,0,0,0,0.0,0.0,0.0,0.0,0,0,0,0,0,0.00,0.00,0.00,0.00,39,-17,34272,1072,1089,91
75,DEF,541462,Matai,Akinmboni,2561995,0,False,0,0,0,0,0,0,0,0,0,0,0,0,0,0.0,0.0,0.0,0.0,0,0,0,0,0,0.00,0.00,0.00,0.00,39,-948,32241,287,1235,91
75,DEF,541462,Matai,Akinmboni,2562005,0,False,0,0,0,0,0,0,0,0,0,0,0,0,0,0.0,0.0,0.0,0.0,0,0,0,0,0,0.00,0.00,0.00,0.00,39,-1932,30257,50,1982,91
75,DEF,541462,Matai,Akinmboni,2562022,0,False,0,0,0,0,0,0,0,0,0,0,0,0,0,0.0,0.0,0.0,0.0,0,0,0,0,0,0.00,0.00,0.00,0.00,39,-1142,29138,34,1176,91
75,DEF,541462,Matai,Akinmboni,2562025,0,False,0,0,0,0,0,0,0,0,0,0,0,0,0,0.0,0.0,0.0,0.0,0,0,0,0,0,0.00,0.00,0.00,0.00,39,-612,28592,18,630,91
75,DEF,541462,Matai,Akinmboni,2562035,0,False,0,0,0,0,0,0,0,0,0,0,0,0,0,0.0,0.0,0.0,0.0,0,0,0,0,0,0.00,0.00,0.00,0.00,39,-693,27907,47,740,91
75,DEF,541462,Matai,Akinmboni,2562051,0,False,0,0,0,0,0,0,0,0,0,0,0,0,0,0.0,0.0,0.0,0.0,0,0,0,0,0,0.00,0.00,0.00,0.00,38,-1193,27935,248,1441,91
75,DEF,541462,Matai,Akinmboni,2562055,0,False,0,0,0,0,0,0,0,0,0,0,0,0,0,0.0,0.0,0.0,0.0,0,0,0,0,0,0.00,0.00,0.00,0.00,38,-391,26913,405,796,91
75,DEF,541462,Matai,Akinmboni,2562066,0,False,0,0,0,0,0,0,0,0,0,0,0,0,0,0.0,0.0,0.0,0.0,0,0,0,0,0,0.00,0.00,0.00,0.00,38,-205,29207,530,735,91
75,DEF,541462,Matai,Akinmboni,2562078,0,False,0,0,0,0,0,0,0,0,0,0,0,0,0,0.0,0.0,0.0,0.0,0,0,0,0,0,0.00,0.00,0.00,0.00,38,-371,27459,180,551,91
75,DEF,541462,Matai,Akinmboni,2562085,0,False,0,0,0,0,0,0,0,0,0,0,0,0,0,0.0,0.0,0.0,0.0,0,0,0,0,0,0.00,0.00,0.00,0.00,38,-76,25963,293,369,91
75,DEF,541462,Matai,Akinmboni,2562095,0,False,0,0,0,0,0,0,0,0,0,0,0,0,0,0.0,0.0,0.0,0.0,0,0,0,0,0,0.00,0.00,0.00,0.00,38,-297,25567,154,451,91
75,DEF,541462,Matai,Akinmboni,2562106,0,False,0,0,0,0,0,0,0,0,0,0,0,0,0,0.0,0.0,0.0,0.0,0,0,0,0,0,0.00,0.00,0.00,0.00,38,-243,25553,274,517,91
75,DEF,541462,Matai,Akinmboni,2562115,0,False,0,0,0,0,0,0,0,0,0,0,0,0,0,0.0,0.0,0.0,0.0,0,0,0,0,0,0.00,0.00,0.00,0.00,38,-207,25117,96,303,91
75,DEF,541462,Matai,Akinmboni,2562134,0,False,0,0,0,0,0,0,0,0,0,0,0,0,0,0.0,0.0,0.0,0.0,0,0,0,0,0,0.00,0.00,0.00,0.00,38,-288,24842,95,383,91
75,DEF,541462,Matai,Akinmboni,2562135,0,False,0,0,0,0,0,0,0,0,0,0,0,0,0,0.0,0.0,0.0,0.0,0,0,0,0,0,0.00,0.00,0.00,0.00,38,-185,24686,77,262,91
75,DEF,541462,Matai,Akinmboni,2562149,0,False,0,0,0,0,0,0,0,0,0,0,0,0,0,0.0,0.0,0.0,0.0,0,0,0,0,0,0.00,0.00,0.00,0.00,38,-64,24943,193,257,91
75,DEF,541462,Matai,Akinmboni,2562164,0,False,0,0,0,0,0,0,0,0,0,0,0,0,0,0.0,0.0,0.0,0.0,0,0,0,0,0,0.00,0.00,0.00,0.00,38,-109,24524,122,231,91
75,DEF,541462,Matai,Akinmboni,2562165,0,False,0,0,0,0,0,0,0,0,0,0,0,0,0,0.0,0.0,0.0,0.0,0,0,0,0,0,0.00,0.00,0.00,0.00,38,-85,24446,101,186,91
75,DEF,541462,Matai,Akinmboni,2562175,0,False,0,0,0,0,0,0,0,0,0,0,0,0,0,0.0,0.0,0.0,0.0,0,0,0,0,0,0.00,0.00,0.00,0.00,38,-57,24403,116,173,91
75,DEF,541462,Matai,Akinmboni,2562187,0,False,0,0,0,0,0,0,0,0,0,0,0,0,0,0.0,0.0,0.0,0.0,0,0,0,0,0,0.00,0.00,0.00,0.00,38,257,24818,425,168,91
75,DEF,541462,Matai,Akinmboni,2562195,0,False,0,0,0,0,0,0,0,0,0,0,0,0,0,0.0,0.0,0.0,0.0,0,0,0,0,0,0.00,0.00,0.00,0.00,38,6,25144,174,168,91
75,DEF,541462,Matai,Akinmboni,2562205,0,False,0,0,0,0,0,0,0,0,0,0,0,0,0,0.0,0.0,0.0,0.0,0,0,0,0,0,0.00,0.00,0.00,0.00,38,117,25122,296,179,91
75,DEF,541462,Matai,Akinmboni,2562222,0,False,0,0,0,0,0,0,0,0,0,0,0,0,0,0.0,0.0,0.0,0.0,0,0,0,0,0,0.00,0.00,0.00,0.00,38,-64,25109,185,249,91
75,DEF,541462,Matai,Akinmboni,2562225,0,False,0,0,0,0,0,0,0,0,0,0,0,0,0,0.0,0.0,0.0,0.0,0,0,0,0,0,0.00,0.00,0.00,0.00,38,-64,25109,185,249,91
75,DEF,541462,Matai,Akinmboni,2562235,0,False,0,0,0,0,0,0,0,0,0,0,0,0,0,0.0,0.0,0.0,0.0,0,0,0,0,0,0.00,0.00,0.00,0.00,38,24,25122,144,120,91
75,DEF,541462,Matai,Akinmboni,2562248,0,False,0,0,0,0,0,0,0,0,0,0,0,0,0,0.0,0.0,0.0,0.0,0,0,0,0,0,0.00,0.00,0.00,0.00,38,94,25301,247,153,91
75,DEF,541462,Matai,Akinmboni,2562255,0,False,0,0,0,0,0,0,0,0,0,0,0,0,0,0.0,0.0,0.0,0.0,0,0,0,0,0,0.00,0.00,0.00,0.00,38,84,25448,225,141,91
75,DEF,541462,Matai,Akinmboni,2562271,0,False,0,0,0,0,0,0,0,0,0,0,0,0,0,0.0,0.0,0.0,0.0,0,0,0,0,0,0.00,0.00,0.00,0.00,38,205,25726,423,218,91
76,DEF,518906,Owen,Bevan,2561895,0,False,0,0,0,0,0,0,0,0,0,0,0,0,0,0.0,0.0,0.0,0.0,0,0,0,0,0,0.00,0.00,0.00,0.00,40,0,15673,0,0,91
76,DEF,518906,Owen,Bevan,2561905,0,False,0,0,0,0,0,0,0,0,0,0,0,0,0,0.0,0.0,0.0,0.0,0,0,0,0,0,0.00,0.00,0.00,0.00,40,-1141,18384,707,1848,91
76,DEF,518906,Owen,Bevan,2561923,0,False,0,0,0,0,0,0,0,0,0,0,0,0,0,0.0,0.0,0.0,0.0,0,0,0,0,0,0.00,0.00,0.00,0.00,40,-1473,18294,600,2073,91
76,DEF,518906,Owen,Bevan,2561925,0,False,0,0,0,0,0,0,0,0,0,0,0,0,0,0.0,0.0,0.0,0.0,0,0,0,0,0,0.00,0.00,0.00,0.00,40,-932,18367,613,1545,91
76,DEF,518906,Owen,Bevan,2561935,0,False,0,0,0,0,0,0,0,0,0,0,0,0,0,0.0,0.0,0.0,0.0,0,0,0,0,0,0.00,0.00,0.00,0.00,40,-666,18216,422,1088,91
76,DEF,518906,Owen,Bevan,2561950,0,False,0,0,0,0,0,0,0,0,0,0,0,0,0,0.0,0.0,0.0,0.0,0,0,0,0,0,0.00,0.00,0.00,0.00,40,-554,18110,512,1066,91
76,DEF,518906,Owen,Bevan,2561955,0,False,0,0,0,0,0,0,0,0,0,0,0,0,0,0.0,0.0,0.0,0.0,0,0,0,0,0,0.00,0.00,0.00,0.00,39,256,19683,1158,902,91
76,DEF,518906,Owen,Bevan,2561967,0,False,0,0,0,0,0,0,0,0,0,0,0,0,0,0.0,0.0,0.0,0.0,0,0,0,0,0,0.00,0.00,0.00,0.00,39,517,20615,1569,1052,91
76,DEF,518906,Owen,Bevan,2561975,0,False,0,0,0,0,0,0,0,0,0,0,0,0,0,0.0,0.0,0.0,0.0,0,0,0,0,0,0.00,0.00,0.00,0.00,39,-246,20336,534,780,91
76,DEF,518906,Owen,Bevan,2561990,0,False,0,0,0,0,0,0,0,0,0,0,0,0,0,0.0,0.0,0.0,0.0,0,0,0,0,0,0.00,0.00,0.00,0.00,39,-364,20345,321,685,91
76,DEF,518906,Owen,Bevan,2561995,0,False,0,0,0,0,0,0,0,0,0,0,0,0,0,0.0,0.0,0.0,0.0,0,0,0,0,0,0.00,0.00,0.00,0.00,39,-391,20014,170,561,91
76,DEF,518906,Owen,Bevan,2562005,0,False,0,0,0,0,0,0,0,0,0,0,0,0,0,0.0,0.0,0.0,0.0,0,0,0,0,0,0.00,0.00,0.00,0.00,39,-251,20182,228,479,91
76,DEF,518906,Owen,Bevan,2562022,0,False,0,0,0,0,0,0,0,0,0,0,0,0,0,0.0,0.0,0.0,0.0,0,0,0,0,0,0.00,0.00,0.00,0.00,39,-336,19986,105,441,91
76,DEF,518906,Owen,Bevan,2562025,0,False,0,0,0,0,0,0,0,0,0,0,0,0,0,0.0,0.0,0.0,0.0,0,0,0,0,0,0.00,0.00,0.00,0.00,39,-165,19899,117,282,91
76,DEF,518906,Owen,Bevan,2562035,0,False,0,0,0,0,0,0,0,0,0,0,0,0,0,0.0,0.0,0.0,0.0,0,0,0,0,0,0.00,0.00,0.00,0.00,39,-66,19961,306,372,91
76,DEF,518906,Owen,Bevan,2562051,0,False,0,0,0,0,0,0,0,0,0,0,0,0,0,0.0,0.0,0.0,0.0,0,0,0,0,0,0.00,0.00,0.00,0.00,39,-628,19527,223,851,91
76,DEF,518906,Owen,Bevan,2562055,0,False,0,0,0,0,0,0,0,0,0,0,0,0,0,0.0,0.0,0.0,0.0,0,0,0,0,0,0.00,0.00,0.00,0.00,39,-166,19512,246,412,91
76,DEF,518906,Owen,Bevan,2562066,0,False,0,0,0,0,0,0,0,0,0,0,0,0,0,0.0,0.0,0.0,0.0,0,0,0,0,0,0.00,0.00,0.00,0.00,39,-168,19536,230,398,91
76,DEF,518906,Owen,Bevan,2562078,0,False,0,0,0,0,0,0,0,0,0,0,0,0,0,0.0,0.0,0.0,0.0,0,0,0,0,0,0.00,0.00,0.00,0.00,39,-222,19377,143,365,91
76,DEF,518906,Owen,Bevan,2562085,0,False,0,0,0,0,0,0,0,0,0,0,0,0,0,0.0,0.0,0.0,0.0,0,0,0,0,0,0.00,0.00,0.00,0.00,38,404,20374,727,323,91
76,DEF,518906,Owen,Bevan,2562095,0,False,0,0,0,0,0,0,0,0,0,0,0,0,0,0.0,0.0,0.0,0.0,0,0,0,0,0,0.00,0.00,0.00,0.00,38,412,20677,840,428,91
76,DEF,518906,Owen,Bevan,2562106,0,False,0,0,0,0,0,0,0,0,0,0,0,0,0,0.0,0.0,0.0,0.0,0,0,0,0,0,0.00,0.00,0.00,0.00,38,838,22389,1378,540,91
76,DEF,518906,Owen,Bevan,2562115,0,False,0,0,0,0,0,0,0,0,0,0,0,0,0,0.0,0.0,0.0,0.0,0,0,0,0,0,0.00,0.00,0.00,0.00,38,42,21758,436,394,91
76,DEF,518906,Owen,Bevan,2562134,0,False,0,0,0,0,0,0,0,0,0,0,0,0,0,0.0,0.0,0.0,0.0,0,0,0,0,0,0.00,0.00,0.00,0.00,38,144,22102,587,443,91
76,DEF,518906,Owen,Bevan,2562135,0,False,0,0,0,0,0,0,0,0,0,0,0,0,0,0.0,0.0,0.0,0.0,0,0,0,0,0,0.00,0.00,0.00,0.00,38,106,22354,494,388,91
76,DEF,518906,Owen,Bevan,2562149,0,False,0,0,0,0,0,0,0,0,0,0,0,0,0,0.0,0.0,0.0,0.0,0,0,0,0,0,0.00,0.00,0.00,0.00,38,711,24123,1079,368,91
76,DEF,518906,Owen,Bevan,2562164,0,False,0,0,0,0,0,0,0,0,0,0,0,0,0,0.0,0.0,0.0,0.0,0,0,0,0,0,0.00,0.00,0.00,0.00,38,252,23594,682,430,91
76,DEF,518906,Owen,Bevan,2562165,0,False,0,0,0,0,0,0,0,0,0,0,0,0,0,0.0,0.0,0.0,0.0,0,0,0,0,0,0.00,0.00,0.00,0.00,38,94,23774,473,379,91
76,DEF,518906,Owen,Bevan,2562175,0,False,0,0,0,0,0,0,0,0,0,0,0,0,0,0.0,0.0,0.0,0.0,0,0,0,0,0,0.00,0.00,0.00,0.00,38,50,23915,437,387,91
76,DEF,518906,Owen,Bevan,2562187,0,False,0,0,0,0,0,0,0,0,0,0,0,0,0,0.0,0.0,0.0,0.0,0,0,0,0,0,0.00,0.00,0.00,0.00,38,-90,23876,299,389,91
76,DEF,518906,Owen,Bevan,2562195,0,False,0,0,0,0,0,0,0,0,0,0,0,0,0,0.0,0.0,0.0,0.0,0,0,0,0,0,0.00,0.00,0.00,0.00,38,-260,23612,95,355,91
76,DEF,518906,Owen,Bevan,2562205,0,False,0,0,0,0,0,0,0,0,0,0,0,0,0,0.0,0.0,0.0,0.0,0,0,0,0,0,0.00,0.00,0.00,0.00,38,-64,23761,254,318,91
76,DEF,518906,Owen,Bevan,2562222,0,False,0,0,0,0,0,0,0,0,0,0,0,0,0,0.0,0.0,0.0,0.0,0,0,0,0,0,0.00,0.00,0.00,0.00,38,-301,23465,133,434,91
76,DEF,518906,Owen,Bevan,2562225,0,False,0,0,0,0,0,0,0,0,0,0,0,0,0,0.0,0.0,0.0,0.0,0,0,0,0,0,0.00,0.00,0.00,0.00,38,-301,23465,133,434,91
76,DEF,518906,Owen,Bevan,2562235,0,False,0,0,0,0,0,0,0,0,0,0,0,0,0,0.0,0.0,0.0,0.0,0,0,0,0,0,0.00,0.00,0.00,0.00,38,-97,23268,98,195,91
76,DEF,518906,Owen,Bevan,2562248,0,False,0,0,0,0,0,0,0,0,0,0,0,0,0,0.0,0.0,0.0,0.0,0,0,0,0,0,0.00,0.00,0.00,0.00,38,-48,23276,163,211,91
76,DEF,518906,Owen,Bevan,2562255,0,False,0,0,0,0,0,0,0,0,0,0,0,0,0,0.0,0.0,0.0,0.0,0,0,0,0,0,0.00,0.00,0.00,0.00,38,0,23351,186,186,91
76,DEF,518906,Owen,Bevan,2562271,0,False,0,0,0,0,0,0,0,0,0,0,0,0,0,0.0,0.0,0.0,0.0,0,0,0,0,0,0.00,0.00,0.00,0.00,38,53,23467,300,247,91
77,DEF,463981,James,Hill,2561895,1,False,1,0,0,0,1,0,0,0,0,0,0,0,0,3.0,0.1,0.0,0.3,2,0,0,2,0,0.00,0.00,0.00,0.11,40,0,65738,0,0,91
77,DEF,463981,James,Hill,2561905,1,False,2,0,0,0,0,0,0,0,0,0,0,0,3,0.4,0.2,0.0,0.1,0,0,0,0,0,0.00,0.00,0.00,0.06,40,3065,84402,10915,7850,91
77,DEF,463981,James,Hill,2561923,5,False,64,0,0,1,0,0,0,0,1,0,0,0,17,7.6,0.7,4.0,1.2,5,4,0,5,0,0.00,0.00,0.00,0.19,40,-4151,83142,6270,10421,91
77,DEF,463981,James,Hill,2561925,2,False,86,0,0,0,1,0,0,0,0,0,0,0,7,8.2,1.3,33.0,4.3,2,1,1,3,1,0.12,0.03,0.15,0.62,40,15289,105960,25915,10626,91
77,DEF,463981,James,Hill,2561935,1,False,45,0,0,0,0,0,0,0,0,0,0,0,4,5.0,0.7,4.0,1.0,4,0,0,4,0,0.00,0.00,0.00,0.00,40,5005,108769,11743,6738,91
77,DEF,463981,James,Hill,2561950,0,False,0,0,0,0,0,0,0,0,0,0,0,0,0,0.0,0.0,0.0,0.0,0,0,0,0,0,0.00,0.00,0.00,0.00,40,4067,114540,12760,8693,91
77,DEF,463981,James,Hill,2561955,6,False,60,0,0,1,0,0,0,0,0,0,0,0,27,9.6,2.3,0.0,1.2,1,3,2,3,1,0.00,0.16,0.16,0.20,40,-6354,107467,3185,9539,91
77,DEF,463981,James,Hill,2561967,1,False,15,0,0,0,1,0,0,0,0,0,0,0,3,10.2,0.0,0.0,1.0,6,1,1,7,0,0.00,0.00,0.00,1.95,40,3483,113074,8894,5411,91
77,DEF,463981,James,Hill,2561975,0,False,0,0,0,0,0,0,0,0,0,0,0,0,0,0.0,0.0,0.0,0.0,0,0,0,0,0,0.00,0.00,0.00,0.00,40,-3326,109870,2796,6122,91
77,DEF,463981,James,Hill,2561990,0,False,0,0,0,0,0,0,0,0,0,0,0,0,0,0.0,0.0,0.0,0.0,0,0,0,0,0,0.00,0.00,0.00,0.00,40,-4798,105569,2373,7171,91
77,DEF,463981,James,Hill,2561995,0,False,0,0,0,0,0,0,0,0,0,0,0,0,0,0.0,0.0,0.0,0.0,0,0,0,0,0,0.00,0.00,0.00,0.00,40,-4072,102104,1385,5457,91
77,DEF,463981,James,Hill,2562005,0,False,0,0,0,0,0,0,0,0,0,0,0,0,0,0.0,0.0,0.0,0.0,0,0,0,0,0,0.00,0.00,0.00,0.00,40,-3232,99767,1630,4862,91
77,DEF,463981,James,Hill,2562022,0,False,0,0,0,0,0,0,0,0,0,0,0,0,0,0.0,0.0,0.0,0.0,0,0,0,0,0,0.00,0.00,0.00,0.00,40,-3264,96725,849,4113,91
77,DEF,463981,James,Hill,2562025,0,False,0,0,0,0,0,0,0,0,0,0,0,0,0,0.0,0.0,0.0,0.0,0,0,0,0,0,0.00,0.00,0.00,0.00,40,-2165,94984,852,3017,91
77,DEF,463981,James,Hill,2562035,1,False,28,0,0,0,0,0,0,0,0,0,0,0,4,3.0,0.0,2.0,0.5,2,0,1,3,0,0.00,0.00,0.00,0.24,40,-3181,91884,867,4048,91
77,DEF,463981,James,Hill,2562051,1,False,1,0,0,0,0,0,0,0,0,0,0,0,3,0.2,0.1,0.0,0.0,0,0,0,0,0,0.00,0.00,0.00,0.00,39,-6251,86210,1779,8030,91
77,DEF,463981,James,Hill,2562055,0,False,0,0,0,0,0,0,0,0,0,0,0,0,0,0.0,0.0,0.0,0.0,0,0,0,0,0,0.00,0.00,0.00,0.00,39,-1169,85388,1717,2886,91
77,DEF,463981,James,Hill,2562066,0,False,0,0,0,0,0,0,0,0,0,0,0,0,0,0.0,0.0,0.0,0.0,0,0,0,0,0,0.00,0.00,0.00,0.00,39,-1655,83851,1165,2820,91
77,DEF,463981,James,Hill,2562078,3,False,90,0,0,0,2,0,0,0,0,0,0,0,5,26.2,0.1,6.0,3.2,11,2,2,13,1,0.03,0.00,0.03,2.31,39,-2249,81655,558,2807,91
77,DEF,463981,James,Hill,2562085,3,False,90,0,0,0,3,0,0,0,0,0,0,0,6,38.0,14.4,0.0,5.2,16,2,2,18,1,0.00,0.07,0.07,1.13,39,-544,81437,936,1480,91
77,DEF,463981,James,Hill,2562095,3,False,90,0,0,0,2,0,0,0,0,0,0,0,5,24.8,0.8,2.0,2.8,9,3,2,11,1,0.00,0.01,0.01,1.25,39,336,82069,1803,1467,91
77,DEF,463981,James,Hill,2562106,2,False,90,0,0,0,1,0,0,0,0,0,0,0,5,21.2,10.5,2.0,3.4,6,2,3,9,1,0.02,0.01,0.02,1.05,39,300,82536,2379,2079,91
77,DEF,463981,James,Hill,2562115,6,False,90,0,1,0,2,0,0,0,0,0,0,0,17,35.8,13.7,4.0,5.4,9,1,2,11,1,0.06,0.20,0.26,0.93,39,-41,82563,1521,1562,91
77,DEF,463981,James,Hill,2562134,7,False,90,0,0,1,0,0,0,0,1,0,0,0,23,20.2,0.5,0.0,2.1,9,3,1,10,1,0.00,0.00,0.00,1.38,39,57545,142370,67606,10061,91
77,DEF,463981,James,Hill,2562135,7,False,90,0,1,0,1,0,0,0,0,0,0,0,24,41.4,13.3,0.0,5.5,12,6,1,13,1,0.00,0.06,0.06,0.44,39,49211,192119,54161,4950,91
77,DEF,463981,James,Hill,2562149,9,False,90,0,1,0,1,0,0,0,0,0,0,2,31,55.0,10.6,2.0,6.8,17,2,3,20,1,0.00,0.22,0.22,2.94,39,106413,309369,109867,3454,91
77,DEF,463981,James,Hill,2562164,6,False,90,0,0,1,0,0,0,0,0,0,0,0,29,20.0,0.8,0.0,2.1,5,3,2,7,1,0.00,0.07,0.07,3.27,40,298299,605929,302874,4575,91
77,DEF,463981,James,Hill,2562165,2,False,90,0,0,0,1,0,0,0,0,0,0,0,6,15.6,10.3,6.0,3.2,7,3,0,7,1,0.00,0.00,0.00,1.42,41,233911,842346,239535,5624,91
77,DEF,463981,James,Hill,2562175,8,False,90,0,0,1,0,0,0,0,0,0,0,0,27,29.6,4.5,9.0,4.3,15,3,1,16,1,0.16,0.14,0.30,0.40,41,71394,907430,87232,15838,91
77,DEF,463981,James,Hill,2562187,8,False,90,0,0,1,0,0,0,0,0,0,0,0,30,31.8,10.3,11.0,5.3,14,4,2,16,1,0.28,0.06,0.34,1.40,42,98005,1008677,106462,8457,91
77,DEF,463981,James,Hill,2562195,-1,False,90,0,0,0,2,1,0,0,0,0,0,0,4,16.4,11.5,2.0,3.0,6,9,1,7,1,0.00,0.02,0.02,1.77,42,2488,961038,24645,22157,91
77,DEF,463981,James,Hill,2562205,3,False,90,0,0,0,1,0,0,0,1,0,0,0,14,30.4,10.4,0.0,4.1,9,2,3,12,1,0.00,0.01,0.01,2.32,42,111789,1120151,184097,72308,91
77,DEF,463981,James,Hill,2562222,4,False,90,0,0,0,1,0,0,0,0,0,0,0,19,27.2,0.7,18.0,4.6,11,2,1,12,1,0.02,0.03,0.05,1.59,42,57407,1259061,74803,17396,91
77,DEF,463981,James,Hill,2562225,1,False,90,0,0,0,2,1,0,0,0,0,0,0,5,13.2,10.8,4.0,2.8,8,6,2,10,1,0.10,0.01,0.11,0.83,42,57407,1259061,74803,17396,91
77,DEF,463981,James,Hill,2562235,10,False,90,0,0,1,0,0,0,0,0,0,0,2,31,31.8,11.1,2.0,4.5,11,7,4,15,1,0.00,0.04,0.04,0.89,42,-40334,1000877,24589,64923,91
77,DEF,463981,James,Hill,2562248,6,False,90,0,0,1,0,0,0,0,0,0,0,0,24,19.6,10.1,0.0,3.0,8,0,1,9,1,0.00,0.01,0.01,1.33,42,-18027,981027,20570,38597,91
77,DEF,463981,James,Hill,2562255,1,False,90,0,0,0,1,0,0,0,1,0,0,0,8,17.2,10.1,8.0,3.5,6,3,1,7,1,0.10,0.00,0.10,1.67,42,-29524,949894,10983,40507,91
77,DEF,463981,James,Hill,2562271,3,False,90,0,0,0,1,0,0,0,1,0,0,0,5,16.8,1.8,0.0,1.9,10,2,0,10,1,0.00,0.01,0.01,1.73,42,13052,965625,30077,17025,91
78,DEF,436893,Julián,Araujo Zúñiga,2561895,0,False,0,0,0,0,0,0,0,0,0,0,0,0,0,0.0,0.0,0.0,0.0,0,0,0,0,0,0.00,0.00,0.00,0.00,40,0,126674,0,0,91
78,DEF,436893,Julián,Araujo Zúñiga,2561905,0,False,0,0,0,0,0,0,0,0,0,0,0,0,0,0.0,0.0,0.0,0.0,0,0,0,0,0,0.00,0.00,0.00,0.00,40,-5380,134555,7082,12462,91
78,DEF,436893,Julián,Araujo Zúñiga,2561923,0,False,0,0,0,0,0,0,0,0,0,0,0,0,0,0.0,0.0,0.0,0.0,0,0,0,0,0,0.00,0.00,0.00,0.00,40,-18310,116654,4673,22983,91
78,DEF,436893,Julián,Araujo Zúñiga,2561925,0,False,0,0,0,0,0,0,0,0,0,0,0,0,0,0.0,0.0,0.0,0.0,0,0,0,0,0,0.00,0.00,0.00,0.00,40,-10844,110170,4080,14924,91
78,DEF,436893,Julián,Araujo Zúñiga,2561935,0,False,0,0,0,0,0,0,0,0,0,0,0,0,0,0.0,0.0,0.0,0.0,0,0,0,0,0,0.00,0.00,0.00,0.00,40,-6029,105124,1978,8007,91
78,DEF,436893,Julián,Araujo Zúñiga,2561950,0,False,0,0,0,0,0,0,0,0,0,0,0,0,0,0.0,0.0,0.0,0.0,0,0,0,0,0,0.00,0.00,0.00,0.00,40,-6153,99736,2095,8248,91
78,DEF,436893,Julián,Araujo Zúñiga,2561955,0,False,0,0,0,0,0,0,0,0,0,0,0,0,0,0.0,0.0,0.0,0.0,0,0,0,0,0,0.00,0.00,0.00,0.00,40,-5310,94993,1058,6368,91
78,DEF,436893,Julián,Araujo Zúñiga,2561967,0,False,0,0,0,0,0,0,0,0,0,0,0,0,0,0.0,0.0,0.0,0.0,0,0,0,0,0,0.00,0.00,0.00,0.00,39,-4750,91416,1323,6073,91
78,DEF,436893,Julián,Araujo Zúñiga,2561975,0,False,0,0,0,0,0,0,0,0,0,0,0,0,0,0.0,0.0,0.0,0.0,0,0,0,0,0,0.00,0.00,0.00,0.00,39,-2569,89538,1431,4000,91
78,DEF,436893,Julián,Araujo Zúñiga,2561990,0,False,0,0,0,0,0,0,0,0,0,0,0,0,0,0.0,0.0,0.0,0.0,0,0,0,0,0,0.00,0.00,0.00,0.00,39,-2372,87840,1114,3486,91
78,DEF,436893,Julián,Araujo Zúñiga,2561995,0,False,0,0,0,0,0,0,0,0,0,0,0,0,0,0.0,0.0,0.0,0.0,0,0,0,0,0,0.00,0.00,0.00,0.00,39,-2027,85856,737,2764,91
78,DEF,436893,Julián,Araujo Zúñiga,2562005,0,False,0,0,0,0,0,0,0,0,0,0,0,0,0,0.0,0.0,0.0,0.0,0,0,0,0,0,0.00,0.00,0.00,0.00,39,-1851,84566,721,2572,91
78,DEF,436893,Julián,Araujo Zúñiga,2562022,0,False,0,0,0,0,0,0,0,0,0,0,0,0,0,0.0,0.0,0.0,0.0,0,0,0,0,0,0.00,0.00,0.00,0.00,39,-1560,83157,374,1934,91
78,DEF,436893,Julián,Araujo Zúñiga,2562025,0,False,0,0,0,0,0,0,0,0,0,0,0,0,0,0.0,0.0,0.0,0.0,0,0,0,0,0,0.00,0.00,0.00,0.00,39,-1041,82305,397,1438,91
78,DEF,436893,Julián,Araujo Zúñiga,2562035,0,False,0,0,0,0,0,0,0,0,0,0,0,0,0,0.0,0.0,0.0,0.0,0,0,0,0,0,0.00,0.00,0.00,0.00,38,38,84542,1906,1868,91
78,DEF,436893,Julián,Araujo Zúñiga,2562051,0,False,0,0,0,0,0,0,0,0,0,0,0,0,0,0.0,0.0,0.0,0.0,0,0,0,0,0,0.00,0.00,0.00,0.00,38,2618,95705,7118,4500,91
78,DEF,436893,Julián,Araujo Zúñiga,2562055,0,False,0,0,0,0,0,0,0,0,0,0,0,0,0,0.0,0.0,0.0,0.0,0,0,0,0,0,0.00,0.00,0.00,0.00,38,2614,91906,5069,2455,91
78,DEF,436893,Julián,Araujo Zúñiga,2562066,0,False,0,0,0,0,0,0,0,0,0,0,0,0,0,0.0,0.0,0.0,0.0,0,0,0,0,0,0.00,0.00,0.00,0.00,38,1579,106186,4345,2766,91
78,DEF,436893,Julián,Araujo Zúñiga,2562078,0,False,0,0,0,0,0,0,0,0,0,0,0,0,0,0.0,0.0,0.0,0.0,0,0,0,0,0,0.00,0.00,0.00,0.00,38,-1620,95995,1373,2993,91
78,DEF,436893,Julián,Araujo Zúñiga,2562085,0,False,0,0,0,0,0,0,0,0,0,0,0,0,0,0.0,0.0,0.0,0.0,0,0,0,0,0,0.00,0.00,0.00,0.00,38,-2373,86889,566,2939,91
78,DEF,436893,Julián,Araujo Zúñiga,2562095,0,False,0,0,0,0,0,0,0,0,0,0,0,0,0,0.0,0.0,0.0,0.0,0,0,0,0,0,0.00,0.00,0.00,0.00,38,-4610,82175,0,4610,91
78,DEF,436893,Julián,Araujo Zúñiga,2562106,0,False,0,0,0,0,0,0,0,0,0,0,0,0,0,0.0,0.0,0.0,0.0,0,0,0,0,0,0.00,0.00,0.00,0.00,38,-4647,77617,0,4647,91
78,DEF,436893,Julián,Araujo Zúñiga,2562115,0,False,0,0,0,0,0,0,0,0,0,0,0,0,0,0.0,0.0,0.0,0.0,0,0,0,0,0,0.00,0.00,0.00,0.00,38,-2141,75578,0,2141,91
78,DEF,436893,Julián,Araujo Zúñiga,2562134,0,False,0,0,0,0,0,0,0,0,0,0,0,0,0,0.0,0.0,0.0,0.0,0,0,0,0,0,0.00,0.00,0.00,0.00,38,-2342,73232,0,2342,91
78,DEF,436893,Julián,Araujo Zúñiga,2562135,0,False,0,0,0,0,0,0,0,0,0,0,0,0,0,0.0,0.0,0.0,0.0,0,0,0,0,0,0.00,0.00,0.00,0.00,38,-1687,71539,0,1687,91
78,DEF,436893,Julián,Araujo Zúñiga,2562149,0,False,0,0,0,0,0,0,0,0,0,0,0,0,0,0.0,0.0,0.0,0.0,0,0,0,0,0,0.00,0.00,0.00,0.00,38,-1344,70193,0,1344,91
78,DEF,436893,Julián,Araujo Zúñiga,2562164,0,False,0,0,0,0,0,0,0,0,0,0,0,0,0,0.0,0.0,0.0,0.0,0,0,0,0,0,0.00,0.00,0.00,0.00,38,-1233,69073,0,1233,91
78,DEF,436893,Julián,Araujo Zúñiga,2562165,0,False,0,0,0,0,0,0,0,0,0,0,0,0,0,0.0,0.0,0.0,0.0,0,0,0,0,0,0.00,0.00,0.00,0.00,38,-769,68316,0,769,91
78,DEF,436893,Julián,Araujo Zúñiga,2562175,0,False,0,0,0,0,0,0,0,0,0,0,0,0,0,0.0,0.0,0.0,0.0,0,0,0,0,0,0.00,0.00,0.00,0.00,38,-703,67613,0,703,91
78,DEF,436893,Julián,Araujo Zúñiga,2562187,0,False,0,0,0,0,0,0,0,0,0,0,0,0,0,0.0,0.0,0.0,0.0,0,0,0,0,0,0.00,0.00,0.00,0.00,38,-862,66783,0,862,91
78,DEF,436893,Julián,Araujo Zúñiga,2562195,0,False,0,0,0,0,0,0,0,0,0,0,0,0,0,0.0,0.0,0.0,0.0,0,0,0,0,0,0.00,0.00,0.00,0.00,38,-610,65711,0,610,91
78,DEF,436893,Julián,Araujo Zúñiga,2562205,0,False,0,0,0,0,0,0,0,0,0,0,0,0,0,0.0,0.0,0.0,0.0,0,0,0,0,0,0.00,0.00,0.00,0.00,38,-645,65570,0,645,91
78,DEF,436893,Julián,Araujo Zúñiga,2562222,0,False,0,0,0,0,0,0,0,0,0,0,0,0,0,0.0,0.0,0.0,0.0,0,0,0,0,0,0.00,0.00,0.00,0.00,38,-740,64665,0,740,91
78,DEF,436893,Julián,Araujo Zúñiga,2562225,0,False,0,0,0,0,0,0,0,0,0,0,0,0,0,0.0,0.0,0.0,0.0,0,0,0,0,0,0.00,0.00,0.00,0.00,38,-740,64665,0,740,91
78,DEF,436893,Julián,Araujo Zúñiga,2562235,0,False,0,0,0,0,0,0,0,0,0,0,0,0,0,0.0,0.0,0.0,0.0,0,0,0,0,0,0.00,0.00,0.00,0.00,38,-418,63953,0,418,91
78,DEF,436893,Julián,Araujo Zúñiga,2562248,0,False,0,0,0,0,0,0,0,0,0,0,0,0,0,0.0,0.0,0.0,0.0,0,0,0,0,0,0.00,0.00,0.00,0.00,38,-399,63541,0,399,91
78,DEF,436893,Julián,Araujo Zúñiga,2562255,0,False,0,0,0,0,0,0,0,0,0,0,0,0,0,0.0,0.0,0.0,0.0,0,0,0,0,0,0.00,0.00,0.00,0.00,38,-318,63241,0,318,91
78,DEF,436893,Julián,Araujo Zúñiga,2562271,0,False,0,0,0,0,0,0,0,0,0,0,0,0,0,0.0,0.0,0.0,0.0,0,0,0,0,0,0.00,0.00,0.00,0.00,38,-468,62756,0,468,91
79,DEF,223911,Chris,Mepham,2561895,0,False,0,0,0,0,0,0,0,0,0,0,0,0,0,0.0,0.0,0.0,0.0,0,0,0,0,0,0.00,0.00,0.00,0.00,40,0,18559,0,0,91
79,DEF,223911,Chris,Mepham,2561905,0,False,0,0,0,0,0,0,0,0,0,0,0,0,0,0.0,0.0,0.0,0.0,0,0,0,0,0,0.00,0.00,0.00,0.00,40,-1304,20968,643,1947,91
79,DEF,223911,Chris,Mepham,2561923,0,False,0,0,0,0,0,0,0,0,0,0,0,0,0,0.0,0.0,0.0,0.0,0,0,0,0,0,0.00,0.00,0.00,0.00,40,-1726,20442,568,2294,91
79,DEF,223911,Chris,Mepham,2561925,0,False,0,0,0,0,0,0,0,0,0,0,0,0,0,0.0,0.0,0.0,0.0,0,0,0,0,0,0.00,0.00,0.00,0.00,40,-3661,17014,189,3850,91
79,DEF,223911,Chris,Mepham,2561935,0,False,0,0,0,0,0,0,0,0,0,0,0,0,0,0.0,0.0,0.0,0.0,0,0,0,0,0,0.00,0.00,0.00,0.00,40,-2275,14878,0,2275,91
79,DEF,223911,Chris,Mepham,2561950,0,False,0,0,0,0,0,0,0,0,0,0,0,0,0,0.0,0.0,0.0,0.0,0,0,0,0,0,0.00,0.00,0.00,0.00,40,-1431,13482,0,1431,91
79,DEF,223911,Chris,Mepham,2561955,0,False,0,0,0,0,0,0,0,0,0,0,0,0,0,0.0,0.0,0.0,0.0,0,0,0,0,0,0.00,0.00,0.00,0.00,40,-875,12637,0,875,91
79,DEF,223911,Chris,Mepham,2561967,0,False,0,0,0,0,0,0,0,0,0,0,0,0,0,0.0,0.0,0.0,0.0,0,0,0,0,0,0.00,0.00,0.00,0.00,40,-875,11788,0,875,91
79,DEF,223911,Chris,Mepham,2561975,0,False,0,0,0,0,0,0,0,0,0,0,0,0,0,0.0,0.0,0.0,0.0,0,0,0,0,0,0.00,0.00,0.00,0.00,40,-467,11336,0,467,91
79,DEF,223911,Chris,Mepham,2561990,0,False,0,0,0,0,0,0,0,0,0,0,0,0,0,0.0,0.0,0.0,0.0,0,0,0,0,0,0.00,0.00,0.00,0.00,40,-454,10884,0,454,91
79,DEF,223911,Chris,Mepham,2561995,0,False,0,0,0,0,0,0,0,0,0,0,0,0,0,0.0,0.0,0.0,0.0,0,0,0,0,0,0.00,0.00,0.00,0.00,40,-311,10580,0,311,91
79,DEF,223911,Chris,Mepham,2562005,0,False,0,0,0,0,0,0,0,0,0,0,0,0,0,0.0,0.0,0.0,0.0,0,0,0,0,0,0.00,0.00,0.00,0.00,40,-274,10288,0,274,91
79,DEF,223911,Chris,Mepham,2562022,0,False,0,0,0,0,0,0,0,0,0,0,0,0,0,0.0,0.0,0.0,0.0,0,0,0,0,0,0.00,0.00,0.00,0.00,40,-169,10131,0,169,91
79,DEF,223911,Chris,Mepham,2562025,0,False,0,0,0,0,0,0,0,0,0,0,0,0,0,0.0,0.0,0.0,0.0,0,0,0,0,0,0.00,0.00,0.00,0.00,40,-116,10026,0,116,91
79,DEF,223911,Chris,Mepham,2562035,0,False,0,0,0,0,0,0,0,0,0,0,0,0,0,0.0,0.0,0.0,0.0,0,0,0,0,0,0.00,0.00,0.00,0.00,40,-149,9880,0,149,91
79,DEF,223911,Chris,Mepham,2562051,0,False,0,0,0,0,0,0,0,0,0,0,0,0,0,0.0,0.0,0.0,0.0,0,0,0,0,0,0.00,0.00,0.00,0.00,40,-346,9521,0,346,91
79,DEF,223911,Chris,Mepham,2562055,0,False,0,0,0,0,0,0,0,0,0,0,0,0,0,0.0,0.0,0.0,0.0,0,0,0,0,0,0.00,0.00,0.00,0.00,40,-167,9359,0,167,91
79,DEF,223911,Chris,Mepham,2562066,0,False,0,0,0,0,0,0,0,0,0,0,0,0,0,0.0,0.0,0.0,0.0,0,0,0,0,0,0.00,0.00,0.00,0.00,40,-150,9213,0,150,91
79,DEF,223911,Chris,Mepham,2562078,0,False,0,0,0,0,0,0,0,0,0,0,0,0,0,0.0,0.0,0.0,0.0,0,0,0,0,0,0.00,0.00,0.00,0.00,40,-111,9112,0,111,91
79,DEF,223911,Chris,Mepham,2562085,0,False,0,0,0,0,0,0,0,0,0,0,0,0,0,0.0,0.0,0.0,0.0,0,0,0,0,0,0.00,0.00,0.00,0.00,40,-70,9047,0,70,91
79,DEF,223911,Chris,Mepham,2562095,0,False,0,0,0,0,0,0,0,0,0,0,0,0,0,0.0,0.0,0.0,0.0,0,0,0,0,0,0.00,0.00,0.00,0.00,40,-52,8996,0,52,91
79,DEF,223911,Chris,Mepham,2562106,0,False,0,0,0,0,0,0,0,0,0,0,0,0,0,0.0,0.0,0.0,0.0,0,0,0,0,0,0.00,0.00,0.00,0.00,40,-68,8928,0,68,91
79,DEF,223911,Chris,Mepham,2562115,0,False,0,0,0,0,0,0,0,0,0,0,0,0,0,0.0,0.0,0.0,0.0,0,0,0,0,0,0.00,0.00,0.00,0.00,40,-51,8877,0,51,91
79,DEF,223911,Chris,Mepham,2562134,0,False,0,0,0,0,0,0,0,0,0,0,0,0,0,0.0,0.0,0.0,0.0,0,0,0,0,0,0.00,0.00,0.00,0.00,40,-38,8840,0,38,91
79,DEF,223911,Chris,Mepham,2562135,0,False,0,0,0,0,0,0,0,0,0,0,0,0,0,0.0,0.0,0.0,0.0,0,0,0,0,0,0.00,0.00,0.00,0.00,40,-31,8810,0,31,91
79,DEF,223911,Chris,Mepham,2562149,0,False,0,0,0,0,0,0,0,0,0,0,0,0,0,0.0,0.0,0.0,0.0,0,0,0,0,0,0.00,0.00,0.00,0.00,40,-41,8767,0,41,91
79,DEF,223911,Chris,Mepham,2562164,0,False,0,0,0,0,0,0,0,0,0,0,0,0,0,0.0,0.0,0.0,0.0,0,0,0,0,0,0.00,0.00,0.00,0.00,40,-36,8734,0,36,91
79,DEF,223911,Chris,Mepham,2562165,0,False,0,0,0,0,0,0,0,0,0,0,0,0,0,0.0,0.0,0.0,0.0,0,0,0,0,0,0.00,0.00,0.00,0.00,40,-23,8712,0,23,91
79,DEF,223911,Chris,Mepham,2562175,0,False,0,0,0,0,0,0,0,0,0,0,0,0,0,0.0,0.0,0.0,0.0,0,0,0,0,0,0.00,0.00,0.00,0.00,40,-28,8682,0,28,91
79,DEF,223911,Chris,Mepham,2562187,0,False,0,0,0,0,0,0,0,0,0,0,0,0,0,0.0,0.0,0.0,0.0,0,0,0,0,0,0.00,0.00,0.00,0.00,40,-38,8645,0,38,91
79,DEF,223911,Chris,Mepham,2562195,0,False,0,0,0,0,0,0,0,0,0,0,0,0,0,0.0,0.0,0.0,0.0,0,0,0,0,0,0.00,0.00,0.00,0.00,40,-18,8624,0,18,91
79,DEF,223911,Chris,Mepham,2562205,0,False,0,0,0,0,0,0,0,0,0,0,0,0,0,0.0,0.0,0.0,0.0,0,0,0,0,0,0.00,0.00,0.00,0.00,40,-26,8604,0,26,91
79,DEF,223911,Chris,Mepham,2562222,0,False,0,0,0,0,0,0,0,0,0,0,0,0,0,0.0,0.0,0.0,0.0,0,0,0,0,0,0.00,0.00,0.00,0.00,40,-24,8575,0,24,91
79,DEF,223911,Chris,Mepham,2562225,0,False,0,0,0,0,0,0,0,0,0,0,0,0,0,0.0,0.0,0.0,0.0,0,0,0,0,0,0.00,0.00,0.00,0.00,40,-24,8575,0,24,91
79,DEF,223911,Chris,Mepham,2562235,0,False,0,0,0,0,0,0,0,0,0,0,0,0,0,0.0,0.0,0.0,0.0,0,0,0,0,0,0.00,0.00,0.00,0.00,40,-17,8545,0,17,91
79,DEF,223911,Chris,Mepham,2562248,0,False,0,0,0,0,0,0,0,0,0,0,0,0,0,0.0,0.0,0.0,0.0,0,0,0,0,0,0.00,0.00,0.00,0.00,40,-19,8522,0,19,91
79,DEF,223911,Chris,Mepham,2562255,0,False,0,0,0,0,0,0,0,0,0,0,0,0,0,0.0,0.0,0.0,0.0,0,0,0,0,0,0.00,0.00,0.00,0.00,40,-14,8511,0,14,91
79,DEF,223911,Chris,Mepham,2562271,0,False,0,0,0,0,0,0,0,0,0,0,0,0,0,0.0,0.0,0.0,0.0,0,0,0,0,0,0.00,0.00,0.00,0.00,40,-18,8494,0,18,91
80,DEF,575901,Julio,Soler Barreto,2561895,0,False,0,0,0,0,0,0,0,0,0,0,0,0,0,0.0,0.0,0.0,0.0,0,0,0,0,0,0.00,0.00,0.00,0.00,40,0,25868,0,0,91
80,DEF,575901,Julio,Soler Barreto,2561905,0,False,0,0,0,0,0,0,0,0,0,0,0,0,0,0.0,0.0,0.0,0.0,0,0,0,0,0,0.00,0.00,0.00,0.00,40,-1353,29868,1346,2699,91
80,DEF,575901,Julio,Soler Barreto,2561923,0,False,0,0,0,0,0,0,0,0,0,0,0,0,0,0.0,0.0,0.0,0.0,0,0,0,0,0,0.00,0.00,0.00,0.00,40,-2101,29513,1250,3351,91
80,DEF,575901,Julio,Soler Barreto,2561925,1,False,1,0,0,0,0,0,0,0,0,0,0,0,2,0.0,0.0,0.0,0.0,0,0,0,0,0,0.00,0.00,0.00,0.00,40,-1382,29481,1364,2746,91
80,DEF,575901,Julio,Soler Barreto,2561935,0,False,0,0,0,0,0,0,0,0,0,0,0,0,0,0.0,0.0,0.0,0.0,0,0,0,0,0,0.00,0.00,0.00,0.00,40,-348,29931,1278,1626,91
80,DEF,575901,Julio,Soler Barreto,2561950,0,False,0,0,0,0,0,0,0,0,0,0,0,0,0,0.0,0.0,0.0,0.0,0,0,0,0,0,0.00,0.00,0.00,0.00,40,-598,29862,1311,1909,91
80,DEF,575901,Julio,Soler Barreto,2561955,0,False,0,0,0,0,0,0,0,0,0,0,0,0,0,0.0,0.0,0.0,0.0,0,0,0,0,0,0.00,0.00,0.00,0.00,40,-841,29414,778,1619,91
80,DEF,575901,Julio,Soler Barreto,2561967,0,False,0,0,0,0,0,0,0,0,0,0,0,0,0,0.0,0.0,0.0,0.0,0,0,0,0,0,0.00,0.00,0.00,0.00,40,-1942,28092,513,2455,91
80,DEF,575901,Julio,Soler Barreto,2561975,0,False,0,0,0,0,0,0,0,0,0,0,0,0,0,0.0,0.0,0.0,0.0,0,0,0,0,0,0.00,0.00,0.00,0.00,40,-957,27464,440,1397,91
80,DEF,575901,Julio,Soler Barreto,2561990,0,False,0,0,0,0,0,0,0,0,0,0,0,0,0,0.0,0.0,0.0,0.0,0,0,0,0,0,0.00,0.00,0.00,0.00,40,-451,27589,575,1026,91
80,DEF,575901,Julio,Soler Barreto,2561995,0,False,0,0,0,0,0,0,0,0,0,0,0,0,0,0.0,0.0,0.0,0.0,0,0,0,0,0,0.00,0.00,0.00,0.00,40,-429,27486,448,877,91
80,DEF,575901,Julio,Soler Barreto,2562005,0,False,0,0,0,0,0,0,0,0,0,0,0,0,0,0.0,0.0,0.0,0.0,0,0,0,0,0,0.00,0.00,0.00,0.00,40,-232,27864,558,790,91
80,DEF,575901,Julio,Soler Barreto,2562022,0,False,0,0,0,0,0,0,0,0,0,0,0,0,0,0.0,0.0,0.0,0.0,0,0,0,0,0,0.00,0.00,0.00,0.00,40,-374,27802,300,674,91
80,DEF,575901,Julio,Soler Barreto,2562025,1,False,20,0,0,0,1,0,0,0,0,0,0,0,0,0.6,1.8,2.0,0.4,0,1,0,0,0,0.00,0.00,0.00,0.17,40,-147,27777,304,451,91
80,DEF,575901,Julio,Soler Barreto,2562035,0,False,0,0,0,0,0,0,0,0,0,0,0,0,0,0.0,0.0,0.0,0.0,0,0,0,0,0,0.00,0.00,0.00,0.00,40,-136,27856,464,600,91
80,DEF,575901,Julio,Soler Barreto,2562051,0,False,0,0,0,0,0,0,0,0,0,0,0,0,0,0.0,0.0,0.0,0.0,0,0,0,0,0,0.00,0.00,0.00,0.00,40,-525,27708,767,1292,91
80,DEF,575901,Julio,Soler Barreto,2562055,0,False,0,0,0,0,0,0,0,0,0,0,0,0,0,0.0,0.0,0.0,0.0,0,0,0,0,0,0.00,0.00,0.00,0.00,40,671,28803,1500,829,91
80,DEF,575901,Julio,Soler Barreto,2562066,1,False,13,0,0,0,1,0,0,0,0,0,0,0,0,1.2,0.7,0.0,0.2,0,3,1,1,0,0.00,0.00,0.00,1.45,40,225,29516,1086,861,91
80,DEF,575901,Julio,Soler Barreto,2562078,0,False,0,0,0,0,0,0,0,0,0,0,0,0,0,0.0,0.0,0.0,0.0,0,0,0,0,0,0.00,0.00,0.00,0.00,40,-60,29761,658,718,91
80,DEF,575901,Julio,Soler Barreto,2562085,0,False,0,0,0,0,0,0,0,0,0,0,0,0,0,0.0,0.0,0.0,0.0,0,0,0,0,0,0.00,0.00,0.00,0.00,40,10,29502,608,598,91
80,DEF,575901,Julio,Soler Barreto,2562095,0,False,0,0,0,0,0,0,0,0,0,0,0,0,0,0.0,0.0,0.0,0.0,0,0,0,0,0,0.00,0.00,0.00,0.00,40,-23,29635,586,609,91
80,DEF,575901,Julio,Soler Barreto,2562106,0,False,0,0,0,0,0,0,0,0,0,0,0,0,0,0.0,0.0,0.0,0.0,0,0,0,0,0,0.00,0.00,0.00,0.00,40,25,29899,775,750,91
80,DEF,575901,Julio,Soler Barreto,2562115,0,False,0,0,0,0,0,0,0,0,0,0,0,0,0,0.0,0.0,0.0,0.0,0,0,0,0,0,0.00,0.00,0.00,0.00,40,-748,29204,236,984,91
80,DEF,575901,Julio,Soler Barreto,2562134,0,False,0,0,0,0,0,0,0,0,0,0,0,0,0,0.0,0.0,0.0,0.0,0,0,0,0,0,0.00,0.00,0.00,0.00,40,-1368,27810,41,1409,91
80,DEF,575901,Julio,Soler Barreto,2562135,0,False,0,0,0,0,0,0,0,0,0,0,0,0,0,0.0,0.0,0.0,0.0,0,0,0,0,0,0.00,0.00,0.00,0.00,40,-906,26923,58,964,91
80,DEF,575901,Julio,Soler Barreto,2562149,0,False,0,0,0,0,0,0,0,0,0,0,0,0,0,0.0,0.0,0.0,0.0,0,0,0,0,0,0.00,0.00,0.00,0.00,40,-663,26285,38,701,91
80,DEF,575901,Julio,Soler Barreto,2562164,0,False,0,0,0,0,0,0,0,0,0,0,0,0,0,0.0,0.0,0.0,0.0,0,0,0,0,0,0.00,0.00,0.00,0.00,40,-616,25708,40,656,91
80,DEF,575901,Julio,Soler Barreto,2562165,0,False,0,0,0,0,0,0,0,0,0,0,0,0,0,0.0,0.0,0.0,0.0,0,0,0,0,0,0.00,0.00,0.00,0.00,40,-350,25375,33,383,91
80,DEF,575901,Julio,Soler Barreto,2562175,0,False,0,0,0,0,0,0,0,0,0,0,0,0,0,0.0,0.0,0.0,0.0,0,0,0,0,0,0.00,0.00,0.00,0.00,40,-274,25111,34,308,91
80,DEF,575901,Julio,Soler Barreto,2562187,0,False,0,0,0,0,0,0,0,0,0,0,0,0,0,0.0,0.0,0.0,0.0,0,0,0,0,0,0.00,0.00,0.00,0.00,40,-343,24764,43,386,91
80,DEF,575901,Julio,Soler Barreto,2562195,0,False,0,0,0,0,0,0,0,0,0,0,0,0,0,0.0,0.0,0.0,0.0,0,0,0,0,0,0.00,0.00,0.00,0.00,40,-186,24531,18,204,91
80,DEF,575901,Julio,Soler Barreto,2562205,0,False,0,0,0,0,0,0,0,0,0,0,0,0,0,0.0,0.0,0.0,0.0,0,0,0,0,0,0.00,0.00,0.00,0.00,39,-139,24465,78,217,91
80,DEF,575901,Julio,Soler Barreto,2562222,0,False,0,0,0,0,0,0,0,0,0,0,0,0,0,0.0,0.0,0.0,0.0,0,0,0,0,0,0.00,0.00,0.00,0.00,39,69,24657,197,128,91
80,DEF,575901,Julio,Soler Barreto,2562225,0,False,0,0,0,0,0,0,0,0,0,0,0,0,0,0.0,0.0,0.0,0.0,0,0,0,0,0,0.00,0.00,0.00,0.00,39,69,24657,197,128,91
80,DEF,575901,Julio,Soler Barreto,2562235,0,False,0,0,0,0,0,0,0,0,0,0,0,0,0,0.0,0.0,0.0,0.0,0,0,0,0,0,0.00,0.00,0.00,0.00,39,79,24762,150,71,91
80,DEF,575901,Julio,Soler Barreto,2562248,0,False,0,0,0,0,0,0,0,0,0,0,0,0,0,0.0,0.0,0.0,0.0,0,0,0,0,0,0.00,0.00,0.00,0.00,39,56,24884,169,113,91
80,DEF,575901,Julio,Soler Barreto,2562255,0,False,0,0,0,0,0,0,0,0,0,0,0,0,0,0.0,0.0,0.0,0.0,0,0,0,0,0,0.00,0.00,0.00,0.00,39,29,24950,131,102,91
80,DEF,575901,Julio,Soler Barreto,2562271,0,False,0,0,0,0,0,0,0,0,0,0,0,0,0,0.0,0.0,0.0,0.0,0,0,0,0,0,0.00,0.00,0.00,0.00,39,67,25083,200,133,91
81,MID,222683,Justin,Kluivert,2561895,0,False,0,0,0,0,0,0,0,0,0,0,0,0,0,0.0,0.0,0.0,0.0,0,0,0,0,0,0.00,0.00,0.00,0.00,70,0,97484,0,0,91
81,MID,222683,Justin,Kluivert,2561905,1,False,12,0,0,0,0,0,0,0,0,0,0,0,1,0.0,11.3,7.0,1.8,0,0,0,0,0,0.11,0.01,0.12,0.06,70,-35859,62043,328,36187,91
81,MID,222683,Justin,Kluivert,2561923,1,False,9,0,0,0,0,0,0,0,0,0,0,0,1,0.8,3.3,2.0,0.6,0,1,0,1,0,0.00,0.00,0.00,0.07,70,1776,72806,10375,8599,91
81,MID,222683,Justin,Kluivert,2561925,1,False,23,0,0,0,0,0,0,0,0,0,0,0,6,6.6,14.4,8.0,2.9,1,2,0,3,0,0.09,0.32,0.41,0.05,70,6829,86835,17549,10720,91
81,MID,222683,Justin,Kluivert,2561935,1,False,27,0,0,0,0,0,0,0,0,0,0,0,4,5.4,3.8,7.0,1.6,1,1,0,2,0,0.11,0.00,0.11,0.00,70,-2359,86986,9241,11600,91
81,MID,222683,Justin,Kluivert,2561950,1,False,59,0,0,0,2,0,0,0,0,0,0,0,6,4.6,16.5,2.0,2.3,0,1,0,1,1,0.00,0.05,0.05,1.36,70,1657,91366,12335,10678,91
81,MID,222683,Justin,Kluivert,2561955,7,False,29,1,0,0,1,0,0,0,0,0,0,1,31,39.6,13.3,11.0,6.4,0,2,2,4,0,0.02,0.01,0.03,0.69,70,236,93566,9367,9131,91
81,MID,222683,Justin,Kluivert,2561967,2,False,75,0,0,0,2,0,0,0,0,0,0,0,2,5.0,22.8,2.0,3.0,1,0,2,3,1,0.00,0.23,0.23,2.49,70,29812,129313,38562,8750,91
81,MID,222683,Justin,Kluivert,2561975,2,False,68,0,0,1,0,0,0,0,1,0,0,0,3,2.4,13.1,7.0,2.3,1,6,0,7,1,0.09,0.06,0.15,0.14,70,7916,138752,18748,10832,91
81,MID,222683,Justin,Kluivert,2561990,0,False,28,0,0,0,0,0,0,0,1,0,0,0,-2,0.0,1.5,0.0,0.0,0,0,0,0,0,0.00,0.01,0.01,0.31,70,-9970,129413,8380,18350,91
81,MID,222683,Justin,Kluivert,2561995,2,False,62,0,0,0,2,0,0,0,0,0,0,0,4,7.0,12.9,3.0,2.3,1,3,1,5,1,0.03,0.01,0.04,0.85,70,-5811,125916,9190,15001,91
81,MID,222683,Justin,Kluivert,2562005,0,False,0,0,0,0,0,0,0,0,0,0,0,0,0,0.0,0.0,0.0,0.0,0,0,0,0,0,0.00,0.00,0.00,0.00,70,-15239,111461,5969,21208,91
81,MID,222683,Justin,Kluivert,2562022,1,False,19,0,0,0,0,0,0,0,0,0,0,0,2,1.4,2.8,2.0,0.6,0,0,0,0,0,0.00,0.02,0.02,0.07,70,-17391,94510,148,17539,91
81,MID,222683,Justin,Kluivert,2562025,2,False,69,0,0,1,0,0,0,0,1,0,0,0,9,4.2,16.6,4.0,2.5,0,2,1,3,1,0.00,0.18,0.18,1.27,70,538,96641,3514,2976,91
81,MID,222683,Justin,Kluivert,2562035,3,False,73,0,0,1,0,0,0,0,0,0,0,0,7,4.0,12.8,4.0,2.1,0,4,2,6,1,0.00,0.03,0.03,0.90,70,-1430,95491,2644,4074,91
81,MID,222683,Justin,Kluivert,2562051,2,False,90,0,0,0,4,0,0,0,0,0,0,0,12,4.6,31.5,7.0,4.3,0,6,0,6,1,0.02,0.16,0.18,3.29,70,-1704,94535,4007,5711,91
81,MID,222683,Justin,Kluivert,2562055,3,False,63,0,0,1,0,0,0,0,0,0,0,0,13,4.8,24.2,3.0,3.2,2,4,0,6,1,0.04,0.04,0.08,0.00,70,15988,114227,20136,4148,91
81,MID,222683,Justin,Kluivert,2562066,0,False,45,0,0,0,2,0,0,0,1,0,0,0,3,6.6,36.3,22.0,6.5,0,1,0,1,0,0.85,0.20,1.05,2.13,70,-2253,109502,5885,8138,91
81,MID,222683,Justin,Kluivert,2562078,9,False,90,1,0,0,2,0,0,0,0,0,0,2,35,42.6,26.4,35.0,10.4,1,8,2,11,1,0.82,0.04,0.86,2.08,70,-6797,102844,2046,8843,91
81,MID,222683,Justin,Kluivert,2562085,2,False,73,0,0,0,3,0,0,0,0,0,0,0,10,7.0,40.6,2.0,5.0,0,3,0,3,1,0.06,0.17,0.23,1.02,70,2324,106667,6186,3862,91
81,MID,222683,Justin,Kluivert,2562095,0,False,0,0,0,0,0,0,0,0,0,0,0,0,0,0.0,0.0,0.0,0.0,0,0,0,0,0,0.00,0.00,0.00,0.00,70,-2559,104392,4965,7524,91
81,MID,222683,Justin,Kluivert,2562106,0,False,0,0,0,0,0,0,0,0,0,0,0,0,0,0.0,0.0,0.0,0.0,0,0,0,0,0,0.00,0.00,0.00,0.00,70,-13643,90547,132,13775,91
81,MID,222683,Justin,Kluivert,2562115,0,False,0,0,0,0,0,0,0,0,0,0,0,0,0,0.0,0.0,0.0,0.0,0,0,0,0,0,0.00,0.00,0.00,0.00,70,-4139,86828,84,4223,91
81,MID,222683,Justin,Kluivert,2562134,0,False,0,0,0,0,0,0,0,0,0,0,0,0,0,0.0,0.0,0.0,0.0,0,0,0,0,0,0.00,0.00,0.00,0.00,70,-2929,83957,111,3040,91
81,MID,222683,Justin,Kluivert,2562135,0,False,0,0,0,0,0,0,0,0,0,0,0,0,0,0.0,0.0,0.0,0.0,0,0,0,0,0,0.00,0.00,0.00,0.00,70,-1932,82092,89,2021,91
81,MID,222683,Justin,Kluivert,2562149,0,False,0,0,0,0,0,0,0,0,0,0,0,0,0,0.0,0.0,0.0,0.0,0,0,0,0,0,0.00,0.00,0.00,0.00,70,-1459,80670,75,1534,91
81,MID,222683,Justin,Kluivert,2562164,0,False,0,0,0,0,0,0,0,0,0,0,0,0,0,0.0,0.0,0.0,0.0,0,0,0,0,0,0.00,0.00,0.00,0.00,70,-1131,79598,93,1224,91
81,MID,222683,Justin,Kluivert,2562165,0,False,0,0,0,0,0,0,0,0,0,0,0,0,0,0.0,0.0,0.0,0.0,0,0,0,0,0,0.00,0.00,0.00,0.00,70,-580,79043,80,660,91
81,MID,222683,Justin,Kluivert,2562175,0,False,0,0,0,0,0,0,0,0,0,0,0,0,0,0.0,0.0,0.0,0.0,0,0,0,0,0,0.00,0.00,0.00,0.00,70,-501,78569,62,563,91
81,MID,222683,Justin,Kluivert,2562187,0,False,0,0,0,0,0,0,0,0,0,0,0,0,0,0.0,0.0,0.0,0.0,0,0,0,0,0,0.00,0.00,0.00,0.00,69,-554,78035,76,630,91
81,MID,222683,Justin,Kluivert,2562195,0,False,0,0,0,0,0,0,0,0,0,0,0,0,0,0.0,0.0,0.0,0.0,0,0,0,0,0,0.00,0.00,0.00,0.00,69,-261,77793,69,330,91
81,MID,222683,Justin,Kluivert,2562205,0,False,0,0,0,0,0,0,0,0,0,0,0,0,0,0.0,0.0,0.0,0.0,0,0,0,0,0,0.00,0.00,0.00,0.00,69,-354,77468,84,438,91
81,MID,222683,Justin,Kluivert,2562222,0,False,0,0,0,0,0,0,0,0,0,0,0,0,0,0.0,0.0,0.0,0.0,0,0,0,0,0,0.00,0.00,0.00,0.00,69,-199,77298,129,328,91
81,MID,222683,Justin,Kluivert,2562225,0,False,0,0,0,0,0,0,0,0,0,0,0,0,0,0.0,0.0,0.0,0.0,0,0,0,0,0,0.00,0.00,0.00,0.00,69,-199,77298,129,328,91
81,MID,222683,Justin,Kluivert,2562235,0,False,0,0,0,0,0,0,0,0,0,0,0,0,0,0.0,0.0,0.0,0.0,0,0,0,0,0,0.00,0.00,0.00,0.00,69,-154,76952,56,210,91
81,MID,222683,Justin,Kluivert,2562248,0,False,0,0,0,0,0,0,0,0,0,0,0,0,0,0.0,0.0,0.0,0.0,0,0,0,0,0,0.00,0.00,0.00,0.00,69,-118,76852,140,258,91
81,MID,222683,Justin,Kluivert,2562255,0,False,14,0,0,0,1,0,0,0,1,0,0,0,-2,1.2,0.3,0.0,0.2,1,1,0,2,0,0.00,0.00,0.00,0.67,69,1287,78365,1493,206,91
81,MID,222683,Justin,Kluivert,2562271,1,False,17,0,0,0,0,0,0,0,0,0,0,0,2,0.2,0.7,7.0,0.8,0,1,0,1,0,0.07,0.01,0.08,0.51,69,4527,83462,5124,597,91
84,MID,201658,Marcus,Tavernier,2561895,4,False,90,0,0,0,4,0,0,0,0,0,0,0,20,24.6,14.1,33.0,7.2,7,10,3,20,1,0.32,0.06,0.38,2.21,55,0,32237,0,0,91
84,MID,201658,Marcus,Tavernier,2561905,11,False,77,1,0,1,0,0,0,0,0,0,0,3,36,42.8,4.5,28.0,7.5,2,2,0,4,1,0.19,0.21,0.40,0.41,55,16235,64769,24795,8560,91
84,MID,201658,Marcus,Tavernier,2561923,3,False,80,0,0,1,0,0,0,0,0,0,0,0,0,4.4,17.3,19.0,4.1,0,2,3,5,1,0.31,0.05,0.36,0.12,55,46016,128242,69242,23226,91
84,MID,201658,Marcus,Tavernier,2561925,2,False,85,0,0,0,1,0,0,0,0,0,0,0,9,1.8,14.9,7.0,2.4,1,7,0,8,1,0.04,0.11,0.15,0.62,55,61096,199867,92002,30906,91
84,MID,201658,Marcus,Tavernier,2561935,3,False,74,0,0,1,0,0,0,0,0,0,0,0,4,11.4,13.1,6.0,3.1,3,3,1,7,1,0.06,0.03,0.09,0.14,55,2281,199568,31901,29620,91
84,MID,201658,Marcus,Tavernier,2561950,1,False,30,0,0,0,0,0,0,0,0,0,0,0,3,4.0,12.2,4.0,2.0,0,3,1,4,0,0.00,0.02,0.02,0.48,55,-7686,192567,19997,27683,91
84,MID,201658,Marcus,Tavernier,2561955,3,False,60,0,0,1,0,0,0,0,0,0,0,0,1,5.0,31.1,8.0,4.4,1,4,0,5,1,0.00,0.05,0.05,0.20,55,-24368,168805,6027,30395,91
84,MID,201658,Marcus,Tavernier,2561967,5,False,90,0,1,0,2,0,0,0,0,0,0,0,17,26.6,26.2,2.0,5.5,1,4,4,9,1,0.00,0.61,0.61,2.99,55,-22060,148583,7036,29096,91
84,MID,201658,Marcus,Tavernier,2561975,11,False,90,1,0,1,0,0,0,0,0,0,0,3,35,39.6,35.9,26.0,10.2,0,1,0,1,1,0.09,0.08,0.17,0.35,55,1287,151614,13028,11741,91
84,MID,201658,Marcus,Tavernier,2561990,2,False,90,0,0,0,3,0,0,0,0,0,0,0,11,5.4,7.1,6.0,1.9,3,3,0,6,1,0.02,0.03,0.05,2.22,55,32412,186290,44994,12582,91
84,MID,201658,Marcus,Tavernier,2561995,2,False,90,0,0,0,4,0,0,0,0,0,0,0,16,15.0,49.3,10.0,7.4,4,3,1,8,1,0.29,0.19,0.48,1.70,55,21915,209475,34607,12692,91
84,MID,201658,Marcus,Tavernier,2562005,7,False,90,1,0,0,2,0,0,0,0,0,0,0,27,44.8,28.6,37.0,11.0,1,4,2,7,1,1.15,0.12,1.27,0.65,55,31865,250699,46239,14374,91
84,MID,201658,Marcus,Tavernier,2562022,1,False,90,0,0,0,3,0,0,0,1,0,0,0,10,11.8,50.0,17.0,7.9,1,3,1,5,1,0.20,0.13,0.33,1.28,55,19485,264633,32964,13479,91
84,MID,201658,Marcus,Tavernier,2562025,1,False,30,0,0,0,1,0,0,0,0,0,0,0,4,4.0,3.8,4.0,1.2,0,1,1,2,0,0.00,0.02,0.02,0.61,55,-3931,259686,16329,20260,91
84,MID,201658,Marcus,Tavernier,2562035,5,False,90,0,0,1,0,0,0,0,0,0,0,0,15,10.8,2.5,12.0,2.5,6,8,2,16,1,0.25,0.03,0.28,0.92,55,-30105,226451,6497,36602,91
84,MID,201658,Marcus,Tavernier,2562051,12,False,90,1,1,0,4,0,0,0,0,0,0,2,44,62.4,32.4,40.0,13.5,2,4,1,7,1,0.85,0.02,0.87,3.29,55,-31542,196501,15516,47058,91
84,MID,201658,Marcus,Tavernier,2562055,2,False,90,0,0,0,1,0,0,0,0,0,0,0,15,5.2,17.8,9.0,3.2,0,5,1,6,1,0.06,0.07,0.13,0.38,56,183923,415633,195057,11134,91
84,MID,201658,Marcus,Tavernier,2562066,1,False,90,0,0,0,4,0,0,0,1,0,0,0,19,18.2,22.2,21.0,6.1,1,3,3,7,1,0.04,0.06,0.10,3.66,56,24779,406568,64875,40096,91
84,MID,201658,Marcus,Tavernier,2562078,3,False,90,0,0,0,2,0,0,0,1,0,0,0,6,11.2,3.4,1.0,1.6,5,5,2,12,1,0.04,0.03,0.07,2.31,56,-51632,338159,10863,62495,91
84,MID,201658,Marcus,Tavernier,2562085,2,False,90,0,0,0,3,0,0,0,0,0,0,0,14,14.4,18.3,17.0,5.0,3,7,0,10,1,0.36,0.02,0.38,1.13,56,-36932,321620,10272,47204,91
84,MID,201658,Marcus,Tavernier,2562095,5,False,86,0,1,0,2,0,0,0,0,0,0,0,19,22.4,22.9,1.0,4.6,2,7,1,10,1,0.04,0.12,0.16,1.21,56,-18869,304752,19657,38526,91
84,MID,201658,Marcus,Tavernier,2562106,8,False,70,1,0,1,0,0,0,0,0,0,0,0,16,35.2,12.3,22.0,7.0,1,4,0,5,1,0.81,0.37,1.18,0.55,55,31901,338879,65655,33754,91
84,MID,201658,Marcus,Tavernier,2562115,0,False,0,0,0,0,0,0,0,0,0,0,0,0,0,0.0,0.0,0.0,0.0,0,0,0,0,0,0.00,0.00,0.00,0.00,55,-64033,273479,10663,74696,91
84,MID,201658,Marcus,Tavernier,2562134,0,False,0,0,0,0,0,0,0,0,0,0,0,0,0,0.0,0.0,0.0,0.0,0,0,0,0,0,0.00,0.00,0.00,0.00,54,-76658,196841,615,77273,91
84,MID,201658,Marcus,Tavernier,2562135,0,False,0,0,0,0,0,0,0,0,0,0,0,0,0,0.0,0.0,0.0,0.0,0,0,0,0,0,0.00,0.00,0.00,0.00,54,-32019,165945,271,32290,91
84,MID,201658,Marcus,Tavernier,2562149,0,False,0,0,0,0,0,0,0,0,0,0,0,0,0,0.0,0.0,0.0,0.0,0,0,0,0,0,0.00,0.00,0.00,0.00,53,-21659,144356,191,21850,91
84,MID,201658,Marcus,Tavernier,2562164,1,False,10,0,0,0,0,0,0,0,0,0,0,0,2,0.2,1.8,4.0,0.6,0,0,0,0,0,0.00,0.00,0.00,0.18,53,-10172,135296,877,11049,91
84,MID,201658,Marcus,Tavernier,2562165,7,False,80,0,1,0,1,0,0,0,0,0,0,2,29,30.2,17.7,49.0,9.7,0,4,2,6,1,0.26,0.21,0.47,1.34,53,22074,158893,25588,3514,91
84,MID,201658,Marcus,Tavernier,2562175,2,False,90,0,0,1,0,0,0,0,1,0,0,0,6,5.0,25.3,37.0,6.7,3,5,0,8,1,1.37,0.10,1.47,0.40,53,49155,209325,52668,3513,91
84,MID,201658,Marcus,Tavernier,2562187,3,False,90,0,0,1,0,0,0,0,0,0,0,0,21,20.0,56.4,12.0,8.8,2,7,2,11,1,0.20,0.38,0.58,1.40,53,85406,296505,92493,7087,91
84,MID,201658,Marcus,Tavernier,2562195,2,False,90,0,0,0,2,0,0,0,0,0,0,0,13,21.0,27.3,18.0,6.6,3,6,0,9,1,0.26,0.06,0.32,1.77,54,-12159,272678,8529,20688,91
84,MID,201658,Marcus,Tavernier,2562205,2,False,90,0,0,0,1,0,0,0,0,0,0,0,14,10.8,17.8,3.0,3.2,1,5,3,9,1,0.01,0.05,0.06,2.32,54,265443,548745,301805,36362,91
84,MID,201658,Marcus,Tavernier,2562222,7,False,88,1,0,0,1,0,0,0,1,0,0,1,26,46.0,42.3,55.0,14.3,2,7,0,9,1,1.18,0.48,1.66,1.01,54,200661,1033677,212043,11382,91
84,MID,201658,Marcus,Tavernier,2562225,2,False,90,0,0,0,1,0,0,0,0,0,0,0,15,8.0,30.5,11.0,5.0,0,6,1,7,1,0.06,0.11,0.17,0.47,54,200661,1033677,212043,11382,91
84,MID,201658,Marcus,Tavernier,2562235,3,False,85,0,0,1,0,0,0,0,0,0,0,0,12,6.0,9.4,21.0,3.6,0,6,0,6,1,0.14,0.03,0.17,0.35,54,20707,685103,57058,36351,91
84,MID,201658,Marcus,Tavernier,2562248,2,False,77,0,0,1,0,0,0,0,1,0,0,0,11,16.0,28.4,27.0,7.1,3,3,1,7,1,0.22,0.06,0.28,0.99,54,-38340,643618,18550,56890,91
84,MID,201658,Marcus,Tavernier,2562255,2,False,90,0,0,0,1,0,0,0,0,0,0,0,24,15.6,49.8,6.0,7.1,1,6,2,9,1,0.00,0.54,0.54,1.67,54,-87982,555087,5724,93706,91
84,MID,201658,Marcus,Tavernier,2562271,10,False,90,1,0,0,1,0,0,0,0,0,0,3,38,57.0,70.0,32.0,15.9,3,2,1,6,1,0.24,0.15,0.39,1.73,53,-3917,553186,25972,29889,91
85,MID,200785,Tyler,Adams,2561895,4,False,90,0,0,0,3,0,0,0,0,0,0,0,11,21.6,1.7,4.0,2.7,8,6,5,19,1,0.00,0.10,0.10,2.10,50,0,24156,0,0,91
85,MID,200785,Tyler,Adams,2561905,2,False,87,0,0,1,0,0,0,0,1,0,0,0,17,20.2,5.3,7.0,3.3,4,3,2,9,1,0.03,0.01,0.04,0.41,50,3104,38060,7449,4345,91
85,MID,200785,Tyler,Adams,2561923,4,False,90,0,0,1,0,0,0,0,1,0,0,0,14,11.2,1.8,17.0,3.0,3,7,2,12,1,0.03,0.01,0.04,0.19,50,-2363,37792,3631,5994,91
85,MID,200785,Tyler,Adams,2561925,1,False,90,0,0,0,1,0,0,0,1,0,0,0,15,11.4,13.3,0.0,2.5,4,5,2,11,1,0.00,0.01,0.01,0.62,50,4262,45574,9340,5078,91
85,MID,200785,Tyler,Adams,2561935,3,False,90,0,0,1,0,0,0,0,0,0,0,0,19,16.2,4.0,17.0,3.7,4,4,3,11,1,0.04,0.01,0.05,0.14,50,-755,45651,4571,5326,91
85,MID,200785,Tyler,Adams,2561950,2,False,80,0,0,0,2,0,0,0,0,0,0,0,19,13.2,3.3,2.0,1.9,1,5,4,10,1,0.04,0.02,0.06,1.77,50,1175,48009,5763,4588,91
85,MID,200785,Tyler,Adams,2561955,2,False,77,0,0,0,1,0,0,0,0,0,0,0,15,12.4,4.7,7.0,2.4,4,6,0,10,1,0.02,0.02,0.04,0.60,50,-360,48323,3683,4043,91
85,MID,200785,Tyler,Adams,2561967,3,False,90,0,0,0,3,0,0,0,1,0,0,0,13,18.8,3.4,1.0,2.3,6,6,5,17,1,0.01,0.01,0.02,4.44,50,-1811,47367,2949,4760,91
85,MID,200785,Tyler,Adams,2561975,6,False,90,0,1,1,0,0,0,0,0,0,0,0,20,28.0,11.8,0.0,4.0,2,6,3,11,1,0.00,0.01,0.01,0.35,50,-398,47476,2259,2657,91
85,MID,200785,Tyler,Adams,2561990,8,False,79,1,0,0,3,0,0,0,0,0,0,1,34,44.6,9.3,33.0,8.7,2,2,3,7,1,0.36,0.03,0.39,1.99,50,28,48057,2862,2834,91
85,MID,200785,Tyler,Adams,2561995,2,False,90,0,0,0,4,0,0,0,0,0,0,0,8,6.2,2.4,0.0,0.9,2,1,2,5,1,0.00,0.01,0.01,1.70,50,9039,58460,11063,2024,91
85,MID,200785,Tyler,Adams,2562005,2,False,79,0,0,0,2,0,0,0,0,0,0,0,14,13.4,8.8,2.0,2.4,4,4,1,9,1,0.00,0.05,0.05,0.65,50,2677,61843,7368,4691,91
85,MID,200785,Tyler,Adams,2562022,9,False,70,1,0,0,3,0,0,0,0,0,0,2,33,39.8,1.8,13.0,5.5,1,3,2,6,1,0.03,0.01,0.04,1.20,50,-560,60878,3047,3607,91
85,MID,200785,Tyler,Adams,2562025,1,False,90,0,0,0,1,0,0,0,1,0,0,0,10,5.2,2.4,2.0,1.0,4,3,1,8,1,0.00,0.02,0.02,1.44,50,6057,68677,7855,1798,91
85,MID,200785,Tyler,Adams,2562035,0,False,0,0,0,0,0,0,0,0,0,0,0,0,0,0.0,0.0,0.0,0.0,0,0,0,0,0,0.00,0.00,0.00,0.00,50,-11826,54889,414,12240,91
85,MID,200785,Tyler,Adams,2562051,1,False,4,0,0,0,0,0,0,0,0,0,0,0,3,4.0,0.0,0.0,0.4,1,0,0,1,1,0.00,0.00,0.00,0.18,50,-4689,51122,2429,7118,91
85,MID,200785,Tyler,Adams,2562055,0,False,0,0,0,0,0,0,0,0,0,0,0,0,0,0.0,0.0,0.0,0.0,0,0,0,0,0,0.00,0.00,0.00,0.00,50,-4812,46287,1833,6645,91
85,MID,200785,Tyler,Adams,2562066,0,False,0,0,0,0,0,0,0,0,0,0,0,0,0,0.0,0.0,0.0,0.0,0,0,0,0,0,0.00,0.00,0.00,0.00,50,-5412,40878,69,5481,91
85,MID,200785,Tyler,Adams,2562078,0,False,0,0,0,0,0,0,0,0,0,0,0,0,0,0.0,0.0,0.0,0.0,0,0,0,0,0,0.00,0.00,0.00,0.00,50,-2535,38685,36,2571,91
85,MID,200785,Tyler,Adams,2562085,0,False,0,0,0,0,0,0,0,0,0,0,0,0,0,0.0,0.0,0.0,0.0,0,0,0,0,0,0.00,0.00,0.00,0.00,50,-1396,37550,38,1434,91
85,MID,200785,Tyler,Adams,2562095,0,False,0,0,0,0,0,0,0,0,0,0,0,0,0,0.0,0.0,0.0,0.0,0,0,0,0,0,0.00,0.00,0.00,0.00,50,-1229,36365,42,1271,91
85,MID,200785,Tyler,Adams,2562106,0,False,0,0,0,0,0,0,0,0,0,0,0,0,0,0.0,0.0,0.0,0.0,0,0,0,0,0,0.00,0.00,0.00,0.00,50,-1361,35031,44,1405,91
85,MID,200785,Tyler,Adams,2562115,0,False,0,0,0,0,0,0,0,0,0,0,0,0,0,0.0,0.0,0.0,0.0,0,0,0,0,0,0.00,0.00,0.00,0.00,49,-595,34463,17,612,91
85,MID,200785,Tyler,Adams,2562134,0,False,0,0,0,0,0,0,0,0,0,0,0,0,0,0.0,0.0,0.0,0.0,0,0,0,0,0,0.00,0.00,0.00,0.00,49,-606,33857,52,658,91
85,MID,200785,Tyler,Adams,2562135,0,False,0,0,0,0,0,0,0,0,0,0,0,0,0,0.0,0.0,0.0,0.0,0,0,0,0,0,0.00,0.00,0.00,0.00,49,-508,33365,28,536,91
85,MID,200785,Tyler,Adams,2562149,0,False,0,0,0,0,0,0,0,0,0,0,0,0,0,0.0,0.0,0.0,0.0,0,0,0,0,0,0.00,0.00,0.00,0.00,49,-388,32982,26,414,91
85,MID,200785,Tyler,Adams,2562164,5,False,65,0,0,1,0,0,0,0,0,0,0,0,15,15.6,4.3,0.0,2.0,7,5,2,14,1,0.00,0.01,0.01,1.47,49,372,33491,617,245,91
85,MID,200785,Tyler,Adams,2562165,1,False,61,0,0,0,1,0,0,0,1,0,0,0,6,8.6,1.9,0.0,1.1,4,3,3,10,1,0.00,0.01,0.01,1.21,49,800,34388,985,185,91
85,MID,200785,Tyler,Adams,2562175,4,False,90,0,0,1,0,0,0,0,1,0,0,0,13,13.8,14.8,0.0,2.9,5,7,0,12,1,0.00,0.03,0.03,0.40,49,228,34600,619,391,91
85,MID,200785,Tyler,Adams,2562187,0,False,0,0,0,0,0,0,0,0,0,0,0,0,0,0.0,0.0,0.0,0.0,0,0,0,0,0,0.00,0.00,0.00,0.00,49,1221,35962,1619,398,91
85,MID,200785,Tyler,Adams,2562195,0,False,0,0,0,0,0,0,0,0,0,0,0,0,0,0.0,0.0,0.0,0.0,0,0,0,0,0,0.00,0.00,0.00,0.00,49,-956,34514,33,989,91
85,MID,200785,Tyler,Adams,2562205,1,False,20,0,0,0,0,0,0,0,0,0,0,0,5,4.4,0.2,5.0,1.0,1,1,1,3,0,0.05,0.00,0.05,0.41,49,-589,34396,93,682,91
85,MID,200785,Tyler,Adams,2562222,1,False,25,0,0,0,1,0,0,0,0,0,0,0,3,3.6,0.4,0.0,0.4,1,1,1,3,0,0.00,0.00,0.00,1.12,49,231,34758,492,261,91
85,MID,200785,Tyler,Adams,2562225,4,False,17,0,1,0,1,0,0,0,0,0,0,0,18,21.8,14.6,0.0,3.6,2,1,0,3,0,0.00,0.14,0.14,0.38,49,231,34758,492,261,91
85,MID,200785,Tyler,Adams,2562235,3,False,68,0,0,1,0,0,0,0,0,0,0,0,7,7.6,28.8,2.0,3.8,1,2,0,3,1,0.00,0.09,0.09,0.25,49,198,34785,420,222,91
85,MID,200785,Tyler,Adams,2562248,1,False,47,0,0,0,0,0,0,0,0,0,0,0,8,20.0,12.7,2.0,3.5,6,2,1,9,0,0.00,0.00,0.00,0.76,49,558,35434,815,257,91
85,MID,200785,Tyler,Adams,2562255,3,False,90,0,0,0,1,0,0,0,1,0,0,0,12,13.2,2.4,0.0,1.6,4,4,4,12,1,0.00,0.01,0.01,1.67,49,23,35425,313,290,91
85,MID,200785,Tyler,Adams,2562271,4,False,90,0,0,0,1,0,0,0,0,0,0,0,14,12.2,4.1,1.0,1.7,2,9,6,17,1,0.02,0.02,0.04,1.73,49,244,35714,511,267,91
86,MID,111317,David,Brooks,2561895,4,False,83,0,1,0,2,0,0,0,1,0,0,0,23,27.2,40.3,18.0,8.6,0,5,2,7,1,0.19,0.19,0.38,1.90,50,0,11665,0,0,91
86,MID,111317,David,Brooks,2561905,3,False,66,0,0,1,0,0,0,0,0,0,0,0,11,8.2,24.2,15.0,4.7,2,2,0,4,1,0.17,0.67,0.84,0.41,50,8669,28112,12384,3715,91
86,MID,111317,David,Brooks,2561923,4,False,63,0,0,1,0,0,0,0,0,0,0,1,24,18.6,25.1,37.0,8.1,0,1,4,5,1,0.34,0.32,0.66,0.01,50,1310,30754,7385,6075,91
86,MID,111317,David,Brooks,2561925,1,False,66,0,0,0,1,0,0,0,1,0,0,0,0,0.0,2.9,8.0,0.6,0,6,0,6,1,0.09,0.02,0.11,0.57,50,13344,48311,21222,7878,91
86,MID,111317,David,Brooks,2561935,3,False,62,0,0,1,0,0,0,0,0,0,0,0,8,3.8,14.8,4.0,2.3,2,4,0,6,1,0.00,0.04,0.04,0.14,50,-1311,46212,5246,6557,91
86,MID,111317,David,Brooks,2561950,1,False,30,0,0,0,0,0,0,0,0,0,0,0,5,4.8,6.8,18.0,3.0,1,2,0,3,0,0.09,0.06,0.15,0.48,50,915,47888,6847,5932,91
86,MID,111317,David,Brooks,2561955,2,False,84,0,0,0,1,0,0,0,0,0,0,0,11,4.2,7.0,4.0,1.5,1,2,0,3,1,0.00,0.02,0.02,0.64,50,-3947,44045,1925,5872,91
86,MID,111317,David,Brooks,2561967,0,False,0,0,0,0,0,0,0,0,0,0,0,0,0,0.0,0.0,0.0,0.0,0,0,0,0,0,0.00,0.00,0.00,0.00,50,-8214,36281,1254,9468,91
86,MID,111317,David,Brooks,2561975,0,False,21,0,0,0,0,0,0,0,1,0,0,0,-3,0.0,0.8,7.0,0.6,1,1,0,2,0,0.08,0.09,0.17,0.21,50,-7565,28819,36,7601,91
86,MID,111317,David,Brooks,2561990,2,False,61,0,0,0,3,0,0,0,0,0,0,0,12,10.0,12.1,13.0,3.5,1,4,2,7,1,0.01,0.06,0.07,1.91,50,-2612,26489,319,2931,91
86,MID,111317,David,Brooks,2561995,1,False,13,0,0,0,1,0,0,0,0,0,0,0,3,0.0,0.4,5.0,0.5,0,0,0,0,0,0.09,0.00,0.09,0.59,50,-612,26178,806,1418,91
86,MID,111317,David,Brooks,2562005,1,False,60,0,0,0,2,0,0,0,1,0,0,0,5,6.6,32.6,16.0,5.5,1,3,3,7,1,0.32,0.21,0.53,0.65,50,-173,26376,1125,1298,91
86,MID,111317,David,Brooks,2562022,0,False,19,0,0,0,0,0,0,0,1,0,0,0,4,7.6,5.9,21.0,3.5,0,0,1,1,0,0.03,0.13,0.16,0.07,50,-997,25349,437,1434,91
86,MID,111317,David,Brooks,2562025,0,False,0,0,0,0,0,0,0,0,0,0,0,0,0,0.0,0.0,0.0,0.0,0,0,0,0,0,0.00,0.00,0.00,0.00,50,-1972,23417,21,1993,91
86,MID,111317,David,Brooks,2562035,1,False,16,0,0,0,0,0,0,0,0,0,0,0,3,0.0,1.1,0.0,0.1,0,0,0,0,0,0.00,0.00,0.00,0.03,50,-628,22977,480,1108,91
86,MID,111317,David,Brooks,2562051,1,False,1,0,0,0,0,0,0,0,0,0,0,0,2,7.2,0.3,36.0,4.4,0,0,0,0,0,0.28,0.00,0.28,0.00,50,-1371,21743,376,1747,91
86,MID,111317,David,Brooks,2562055,2,False,73,0,0,1,0,0,0,0,1,0,0,0,-11,0.0,15.5,31.0,3.8,0,2,1,3,1,0.79,0.06,0.85,0.00,50,366,22419,1192,826,91
86,MID,111317,David,Brooks,2562066,1,False,45,0,0,0,2,0,0,0,0,0,0,0,17,22.0,36.6,47.0,10.6,1,2,1,4,0,0.34,0.44,0.78,2.13,50,515,23166,1354,839,91
86,MID,111317,David,Brooks,2562078,10,False,77,1,0,0,2,0,0,0,0,0,0,3,37,54.2,58.9,80.0,19.3,2,4,1,7,1,1.39,0.46,1.85,2.03,50,-321,22800,508,829,91
86,MID,111317,David,Brooks,2562085,2,False,66,0,0,0,2,0,0,0,0,0,0,0,8,1.6,1.8,14.0,1.7,2,3,0,5,1,0.11,0.01,0.12,0.59,50,1825,24898,2589,764,91
86,MID,111317,David,Brooks,2562095,4,False,26,0,1,0,1,0,0,0,0,0,0,0,10,15.6,10.6,5.0,3.1,0,2,0,2,0,0.09,0.01,0.10,0.98,50,1546,26515,2541,995,91
86,MID,111317,David,Brooks,2562106,0,False,0,0,0,0,0,0,0,0,0,0,0,0,0,0.0,0.0,0.0,0.0,0,0,0,0,0,0.00,0.00,0.00,0.00,50,-280,26269,1903,2183,91
86,MID,111317,David,Brooks,2562115,0,False,0,0,0,0,0,0,0,0,0,0,0,0,0,0.0,0.0,0.0,0.0,0,0,0,0,0,0.00,0.00,0.00,0.00,50,-2008,24235,111,2119,91
86,MID,111317,David,Brooks,2562134,0,False,0,0,0,0,0,0,0,0,0,0,0,0,0,0.0,0.0,0.0,0.0,0,0,0,0,0,0.00,0.00,0.00,0.00,50,-1866,22377,45,1911,91
86,MID,111317,David,Brooks,2562135,1,False,3,0,0,0,0,0,0,0,0,0,0,0,3,0.0,0.3,2.0,0.2,0,0,0,0,0,0.00,0.01,0.01,0.00,50,-907,21528,53,960,91
86,MID,111317,David,Brooks,2562149,0,False,10,0,0,0,0,0,0,0,1,0,0,0,0,1.2,1.0,0.0,0.2,1,1,0,2,0,0.00,0.00,0.00,0.81,50,338,22043,819,481,91
86,MID,111317,David,Brooks,2562164,1,False,24,0,0,0,0,0,0,0,0,0,0,0,5,5.6,10.5,10.0,2.6,1,3,0,4,0,0.10,0.02,0.12,1.80,50,242,22353,769,527,91
86,MID,111317,David,Brooks,2562165,1,False,45,0,0,0,1,0,0,0,0,0,0,0,3,2.0,13.5,0.0,1.6,0,1,0,1,1,0.00,0.03,0.03,0.96,50,139,22559,493,354,91
86,MID,111317,David,Brooks,2562175,0,False,0,0,0,0,0,0,0,0,0,0,0,0,0,0.0,0.0,0.0,0.0,0,0,0,0,0,0.00,0.00,0.00,0.00,50,-67,22532,368,435,91
86,MID,111317,David,Brooks,2562187,1,False,10,0,0,0,0,0,0,0,0,0,0,0,3,2.6,12.1,9.0,2.4,1,0,0,1,0,0.36,0.28,0.64,0.03,50,-1,22634,517,518,91
86,MID,111317,David,Brooks,2562195,1,False,17,0,0,0,0,0,0,0,0,0,0,0,3,0.4,3.2,2.0,0.6,0,0,0,0,0,0.06,0.01,0.07,0.02,50,-126,22443,184,310,91
86,MID,111317,David,Brooks,2562205,1,False,20,0,0,0,0,0,0,0,0,0,0,0,6,4.6,0.8,0.0,0.5,1,3,1,5,0,0.00,0.03,0.03,0.41,50,-7,22645,384,391,91
86,MID,111317,David,Brooks,2562222,1,False,24,0,0,0,1,0,0,0,0,0,0,0,3,2.2,1.0,0.0,0.3,0,0,1,1,0,0.00,0.00,0.00,1.12,50,344,23292,726,382,91
86,MID,111317,David,Brooks,2562225,3,False,66,0,0,1,0,0,0,0,0,0,0,0,1,0.4,17.8,12.0,3.0,1,1,0,2,1,0.20,0.07,0.27,0.27,50,344,23292,726,382,91
86,MID,111317,David,Brooks,2562235,4,False,20,0,1,0,0,0,0,0,0,0,0,0,15,17.2,16.3,2.0,3.6,0,3,0,3,0,0.03,0.15,0.18,0.64,50,73,22825,339,266,91
86,MID,111317,David,Brooks,2562248,1,False,11,0,0,0,0,0,0,0,0,0,0,0,3,3.2,0.0,0.0,0.3,0,1,1,2,0,0.00,0.00,0.00,0.34,50,259,23161,560,301,91
86,MID,111317,David,Brooks,2562255,1,False,6,0,0,0,1,0,0,0,0,0,0,0,1,5.2,10.3,18.0,3.4,0,0,1,1,0,0.65,0.01,0.66,0.51,50,-100,23049,177,277,91
86,MID,111317,David,Brooks,2562271,0,False,0,0,0,0,0,0,0,0,0,0,0,0,0,0.0,0.0,0.0,0.0,0,0,0,0,0,0.00,0.00,0.00,0.00,50,296,23439,596,300,91
87,MID,158499,Ryan,Christie,2561895,0,False,0,0,0,0,0,0,0,0,0,0,0,0,0,0.0,0.0,0.0,0.0,0,0,0,0,0,0.00,0.00,0.00,0.00,50,0,10562,0,0,91
87,MID,158499,Ryan,Christie,2561905,1,False,24,0,0,0,0,0,0,0,0,0,0,0,3,4.4,13.1,5.0,2.3,1,1,0,2,0,0.06,0.02,0.08,0.06,50,-2349,8285,82,2431,91
87,MID,158499,Ryan,Christie,2561923,1,False,27,0,0,0,0,0,0,0,0,0,0,0,10,10.4,0.3,2.0,1.3,2,3,4,9,0,0.00,0.00,0.00,0.18,50,-530,8328,499,1029,91
87,MID,158499,Ryan,Christie,2561925,0,False,0,0,0,0,0,0,0,0,0,0,0,0,0,0.0,0.0,0.0,0.0,0,0,0,0,0,0.00,0.00,0.00,0.00,50,-139,8830,842,981,91
87,MID,158499,Ryan,Christie,2561935,1,False,27,0,0,0,0,0,0,0,0,0,0,0,4,3.2,5.5,4.0,1.3,2,3,0,5,0,0.01,0.02,0.03,0.00,50,-1009,7857,251,1260,91
87,MID,158499,Ryan,Christie,2561950,4,False,59,0,1,0,2,0,0,0,0,0,0,0,7,0.0,4.4,5.0,0.9,2,2,1,5,1,0.08,0.02,0.10,1.36,50,-52,8062,718,770,91
87,MID,158499,Ryan,Christie,2561955,1,False,12,0,0,0,0,0,0,0,0,0,0,0,3,4.2,4.6,0.0,0.9,0,1,1,2,0,0.00,0.00,0.00,0.28,50,242,8534,733,491,91
87,MID,158499,Ryan,Christie,2561967,5,False,23,1,0,0,2,0,0,0,1,0,0,0,19,38.2,0.1,35.0,7.3,3,2,0,5,0,0.63,0.00,0.63,2.68,50,-345,8483,497,842,91
87,MID,158499,Ryan,Christie,2561975,1,False,10,0,0,0,0,0,0,0,0,0,0,0,3,0.2,0.2,2.0,0.2,0,0,0,0,0,0.00,0.00,0.00,0.02,50,1113,9931,1575,462,91
87,MID,158499,Ryan,Christie,2561990,1,False,17,0,0,0,0,0,0,0,0,0,0,0,4,4.2,3.5,0.0,0.8,0,0,1,1,0,0.00,0.00,0.00,0.26,50,-444,9559,424,868,91
87,MID,158499,Ryan,Christie,2561995,1,False,27,0,0,0,2,0,0,0,0,0,0,0,5,4.4,1.3,0.0,0.6,0,4,0,4,0,0.00,0.01,0.01,0.84,50,-305,9414,319,624,91
87,MID,158499,Ryan,Christie,2562005,1,False,45,0,0,0,0,0,0,0,0,0,0,0,11,9.4,24.1,31.0,6.5,0,0,0,0,0,0.29,0.08,0.37,0.12,50,-43,9614,474,517,91
87,MID,158499,Ryan,Christie,2562022,0,False,0,0,0,0,0,0,0,0,0,0,0,0,0,0.0,0.0,0.0,0.0,0,0,0,0,0,0.00,0.00,0.00,0.00,50,-727,8888,132,859,91
87,MID,158499,Ryan,Christie,2562025,0,False,0,0,0,0,0,0,0,0,0,0,0,0,0,0.0,0.0,0.0,0.0,0,0,0,0,0,0.00,0.00,0.00,0.00,50,-714,8217,14,728,91
87,MID,158499,Ryan,Christie,2562035,0,False,0,0,0,0,0,0,0,0,0,0,0,0,0,0.0,0.0,0.0,0.0,0,0,0,0,0,0.00,0.00,0.00,0.00,50,-608,7616,12,620,91
87,MID,158499,Ryan,Christie,2562051,0,False,0,0,0,0,0,0,0,0,0,0,0,0,0,0.0,0.0,0.0,0.0,0,0,0,0,0,0.00,0.00,0.00,0.00,49,-701,6940,15,716,91
87,MID,158499,Ryan,Christie,2562055,1,False,16,0,0,0,1,0,0,0,0,0,0,0,-1,0.8,0.9,0.0,0.2,0,1,1,2,0,0.00,0.01,0.01,0.38,49,-296,6651,18,314,91
87,MID,158499,Ryan,Christie,2562066,0,False,0,0,0,0,0,0,0,0,0,0,0,0,0,0.0,0.0,0.0,0.0,0,0,0,0,0,0.00,0.00,0.00,0.00,49,222,7003,356,134,91
87,MID,158499,Ryan,Christie,2562078,0,False,0,0,0,0,0,0,0,0,0,0,0,0,0,0.0,0.0,0.0,0.0,0,0,0,0,0,0.00,0.00,0.00,0.00,49,82,7123,254,172,91
87,MID,158499,Ryan,Christie,2562085,0,False,0,0,0,0,0,0,0,0,0,0,0,0,0,0.0,0.0,0.0,0.0,0,0,0,0,0,0.00,0.00,0.00,0.00,49,-106,7006,122,228,91
87,MID,158499,Ryan,Christie,2562095,0,False,0,0,0,0,0,0,0,0,0,0,0,0,0,0.0,0.0,0.0,0.0,0,0,0,0,0,0.00,0.00,0.00,0.00,49,-236,6762,12,248,91
87,MID,158499,Ryan,Christie,2562106,1,False,18,0,0,0,1,0,0,0,0,0,0,0,0,2.2,0.6,0.0,0.3,1,0,0,1,0,0.00,0.00,0.00,0.50,49,-246,6519,10,256,91
87,MID,158499,Ryan,Christie,2562115,1,False,23,0,0,0,1,0,0,0,0,0,0,0,10,12.2,31.8,13.0,5.7,0,1,0,1,0,0.03,0.11,0.14,0.19,49,75,6633,164,89,91
87,MID,158499,Ryan,Christie,2562134,1,False,22,0,0,0,0,0,0,0,0,0,0,0,10,8.4,14.3,2.0,2.5,1,3,2,6,0,0.00,0.07,0.07,0.80,49,415,7118,537,122,91
87,MID,158499,Ryan,Christie,2562135,1,False,25,0,0,0,0,0,0,0,0,0,0,0,7,8.8,2.2,26.0,3.7,2,2,0,4,0,0.26,0.00,0.26,0.02,49,123,7265,306,183,91
87,MID,158499,Ryan,Christie,2562149,2,False,79,0,0,0,1,0,0,0,0,0,0,0,12,1.0,18.4,4.0,2.3,0,3,0,3,1,0.03,0.05,0.08,2.13,49,279,7610,453,174,91
87,MID,158499,Ryan,Christie,2562164,1,False,24,0,0,0,0,0,0,0,0,0,0,0,6,4.8,1.7,0.0,0.7,0,3,2,5,0,0.00,0.00,0.00,1.80,49,211,7839,408,197,91
87,MID,158499,Ryan,Christie,2562165,0,False,28,0,0,0,0,0,0,0,1,0,0,0,1,6.0,1.7,4.0,1.2,2,2,1,5,0,0.05,0.02,0.07,0.21,49,-4,7855,181,185,91
87,MID,158499,Ryan,Christie,2562175,3,False,73,0,0,1,0,0,0,0,0,0,0,0,16,11.0,14.5,5.0,3.1,3,6,2,11,1,0.02,0.10,0.12,0.17,49,-76,7797,131,207,91
87,MID,158499,Ryan,Christie,2562187,5,False,60,0,0,1,0,0,0,0,0,0,0,0,12,16.0,4.8,2.0,2.3,3,6,3,12,1,0.03,0.02,0.05,1.35,49,131,7967,339,208,91
87,MID,158499,Ryan,Christie,2562195,9,False,72,1,0,0,2,0,0,0,0,0,0,2,31,41.2,3.3,20.0,6.5,3,2,2,7,1,0.10,0.03,0.13,1.75,49,75,8072,212,137,91
87,MID,158499,Ryan,Christie,2562205,2,False,69,0,0,0,1,0,0,0,0,0,0,0,11,6.4,3.3,3.0,1.3,3,1,2,6,1,0.04,0.02,0.06,1.91,49,11297,19710,13859,2562,91
87,MID,158499,Ryan,Christie,2562222,2,False,64,0,0,1,0,0,0,0,1,0,0,0,9,10.8,14.5,1.0,2.6,3,5,2,10,1,0.01,0.13,0.14,0.47,49,6624,30909,7656,1032,91
87,MID,158499,Ryan,Christie,2562225,2,False,72,0,0,0,1,0,0,0,0,0,0,0,15,10.8,13.7,56.0,8.1,1,7,0,8,1,0.17,0.05,0.22,0.45,49,6624,30909,7656,1032,91
87,MID,158499,Ryan,Christie,2562235,1,False,21,0,0,0,0,0,0,0,0,0,0,0,7,5.6,0.8,0.0,0.6,0,2,2,4,0,0.00,0.00,0.00,0.64,49,-1597,20898,314,1911,91
87,MID,158499,Ryan,Christie,2562248,-2,False,41,0,0,0,0,0,0,0,0,1,0,0,-1,2.0,13.4,0.0,1.5,2,2,1,5,1,0.00,0.03,0.03,0.57,49,-1844,19006,303,2147,91
87,MID,158499,Ryan,Christie,2562255,0,False,0,0,0,0,0,0,0,0,0,0,0,0,0,0.0,0.0,0.0,0.0,0,0,0,0,0,0.00,0.00,0.00,0.00,49,-3616,15388,23,3639,91
87,MID,158499,Ryan,Christie,2562271,0,False,0,0,0,0,0,0,0,0,0,0,0,0,0,0.0,0.0,0.0,0.0,0,0,0,0,0,0.00,0.00,0.00,0.00,49,-2224,13154,44,2268,91
88,MID,155408,Lewis,Cook,2561895,0,False,0,0,0,0,0,0,0,0,0,0,0,0,0,0.0,0.0,0.0,0.0,0,0,0,0,0,0.00,0.00,0.00,0.00,50,0,1488,0,0,91
88,MID,155408,Lewis,Cook,2561905,0,False,0,0,0,0,0,0,0,0,0,0,0,0,0,0.0,0.0,0.0,0.0,0,0,0,0,0,0.00,0.00,0.00,0.00,50,-276,1335,50,326,91
88,MID,155408,Lewis,Cook,2561923,0,False,0,0,0,0,0,0,0,0,0,0,0,0,0,0.0,0.0,0.0,0.0,0,0,0,0,0,0.00,0.00,0.00,0.00,50,-230,1125,34,264,91
88,MID,155408,Lewis,Cook,2561925,1,False,4,0,0,0,0,0,0,0,0,0,0,0,2,2.0,0.1,0.0,0.2,1,0,0,1,0,0.00,0.00,0.00,0.00,49,-164,1014,44,208,91
88,MID,155408,Lewis,Cook,2561935,0,False,0,0,0,0,0,0,0,0,0,0,0,0,0,0.0,0.0,0.0,0.0,0,0,0,0,0,0.00,0.00,0.00,0.00,49,608,1972,778,170,91
88,MID,155408,Lewis,Cook,2561950,0,False,0,0,0,0,0,0,0,0,0,0,0,0,0,0.0,0.0,0.0,0.0,0,0,0,0,0,0.00,0.00,0.00,0.00,49,-85,1984,383,468,91
88,MID,155408,Lewis,Cook,2561955,0,False,0,0,0,0,0,0,0,0,0,0,0,0,0,0.0,0.0,0.0,0.0,0,0,0,0,0,0.00,0.00,0.00,0.00,49,-263,1710,31,294,91
88,MID,155408,Lewis,Cook,2561967,1,False,1,0,0,0,1,0,0,0,0,0,0,0,5,3.2,0.3,0.0,0.4,1,0,1,2,0,0.00,0.00,0.00,1.46,49,265,2236,481,216,91
88,MID,155408,Lewis,Cook,2561975,1,False,1,0,0,0,0,0,0,0,0,0,0,0,3,0.0,0.0,0.0,0.0,0,1,0,1,0,0.00,0.00,0.00,0.00,49,207,2552,402,195,91
88,MID,155408,Lewis,Cook,2561990,1,False,28,0,0,0,0,0,0,0,0,0,0,0,11,6.4,11.4,2.0,2.0,0,3,1,4,0,0.00,0.02,0.02,0.31,49,85,2772,320,235,91
88,MID,155408,Lewis,Cook,2561995,1,False,45,0,0,0,2,0,0,0,0,0,0,0,2,2.2,1.3,1.0,0.5,4,2,0,6,0,0.02,0.00,0.02,0.84,49,125,3034,326,201,91
88,MID,155408,Lewis,Cook,2562005,4,False,90,0,0,0,2,0,0,0,0,0,0,0,26,29.4,66.3,1.0,9.7,3,8,4,15,1,0.02,0.08,0.10,0.65,49,184,3423,426,242,91
88,MID,155408,Lewis,Cook,2562022,-2,False,45,0,0,0,2,0,0,0,0,1,0,0,-3,3.8,2.8,4.0,1.1,5,3,0,8,0,0.00,0.02,0.02,0.22,49,113,3627,310,197,91
88,MID,155408,Lewis,Cook,2562025,0,False,0,0,0,0,0,0,0,0,0,0,0,0,0,0.0,0.0,0.0,0.0,0,0,0,0,0,0.00,0.00,0.00,0.00,49,-437,3135,20,457,91
88,MID,155408,Lewis,Cook,2562035,0,False,0,0,0,0,0,0,0,0,0,0,0,0,0,0.0,0.0,0.0,0.0,0,0,0,0,0,0.00,0.00,0.00,0.00,49,-301,2853,13,314,91
88,MID,155408,Lewis,Cook,2562051,0,False,0,0,0,0,0,0,0,0,0,0,0,0,0,0.0,0.0,0.0,0.0,0,0,0,0,0,0.00,0.00,0.00,0.00,49,-306,2556,12,318,91
88,MID,155408,Lewis,Cook,2562055,4,False,90,0,0,0,1,0,0,0,0,0,0,0,20,21.2,23.6,0.0,4.5,6,7,2,15,1,0.00,0.09,0.09,0.38,49,414,3119,538,124,91
88,MID,155408,Lewis,Cook,2562066,4,False,90,0,0,0,4,0,0,0,0,0,0,0,17,19.8,2.5,2.0,2.4,7,3,2,12,1,0.03,0.02,0.05,3.66,49,362,3610,529,167,91
88,MID,155408,Lewis,Cook,2562078,0,False,0,0,0,0,0,0,0,0,0,0,0,0,0,0.0,0.0,0.0,0.0,0,0,0,0,0,0.00,0.00,0.00,0.00,49,104,3765,321,217,91
88,MID,155408,Lewis,Cook,2562085,4,False,16,0,1,0,0,0,0,0,0,0,0,0,16,24.4,20.8,0.0,4.5,1,1,1,3,0,0.00,0.01,0.01,0.11,49,-246,3446,62,308,91
88,MID,155408,Lewis,Cook,2562095,3,False,90,0,0,0,2,0,0,0,1,0,0,0,9,9.0,1.5,0.0,1.1,6,6,3,15,1,0.00,0.03,0.03,1.25,49,244,3819,416,172,91
88,MID,155408,Lewis,Cook,2562106,4,False,90,0,0,0,1,0,0,0,0,0,0,0,18,27.4,2.2,0.0,3.0,7,10,1,18,1,0.00,0.01,0.01,1.05,49,361,4275,605,244,91
88,MID,155408,Lewis,Cook,2562115,4,False,90,0,0,0,2,0,0,0,0,0,0,0,18,22.4,13.1,2.0,3.8,6,6,6,18,1,0.00,0.02,0.02,0.93,49,332,4665,598,266,91
88,MID,155408,Lewis,Cook,2562134,3,False,90,0,0,1,0,0,0,0,0,0,0,0,17,16.4,2.8,0.0,1.9,4,3,2,9,1,0.00,0.02,0.02,1.38,49,1377,6204,1781,404,91
88,MID,155408,Lewis,Cook,2562135,4,False,90,0,0,0,1,0,0,0,0,0,0,0,21,18.4,34.5,0.0,5.3,4,9,2,15,1,0.00,0.20,0.20,0.44,49,519,6761,1102,583,91
88,MID,155408,Lewis,Cook,2562149,1,False,10,0,0,0,0,0,0,0,0,0,0,0,2,0.0,0.1,0.0,0.0,1,0,0,1,0,0.00,0.00,0.00,0.81,49,825,7733,1358,533,91
88,MID,155408,Lewis,Cook,2562164,0,False,0,0,0,0,0,0,0,0,0,0,0,0,0,0.0,0.0,0.0,0.0,0,0,0,0,0,0.00,0.00,0.00,0.00,49,65,7764,682,617,91
88,MID,155408,Lewis,Cook,2562165,0,False,0,0,0,0,0,0,0,0,0,0,0,0,0,0.0,0.0,0.0,0.0,0,0,0,0,0,0.00,0.00,0.00,0.00,49,-1010,6730,91,1101,91
88,MID,155408,Lewis,Cook,2562175,0,False,0,0,0,0,0,0,0,0,0,0,0,0,0,0.0,0.0,0.0,0.0,0,0,0,0,0,0.00,0.00,0.00,0.00,49,-962,5783,8,970,91
88,MID,155408,Lewis,Cook,2562187,0,False,0,0,0,0,0,0,0,0,0,0,0,0,0,0.0,0.0,0.0,0.0,0,0,0,0,0,0.00,0.00,0.00,0.00,49,-651,5170,19,670,91
88,MID,155408,Lewis,Cook,2562195,0,False,0,0,0,0,0,0,0,0,0,0,0,0,0,0.0,0.0,0.0,0.0,0,0,0,0,0,0.00,0.00,0.00,0.00,49,-238,4815,7,245,91
88,MID,155408,Lewis,Cook,2562205,0,False,0,0,0,0,0,0,0,0,0,0,0,0,0,0.0,0.0,0.0,0.0,0,0,0,0,0,0.00,0.00,0.00,0.00,49,-195,4764,27,222,91
88,MID,155408,Lewis,Cook,2562222,0,False,0,0,0,0,0,0,0,0,0,0,0,0,0,0.0,0.0,0.0,0.0,0,0,0,0,0,0.00,0.00,0.00,0.00,49,-202,4553,17,219,91
88,MID,155408,Lewis,Cook,2562225,0,False,0,0,0,0,0,0,0,0,0,0,0,0,0,0.0,0.0,0.0,0.0,0,0,0,0,0,0.00,0.00,0.00,0.00,49,-202,4553,17,219,91
88,MID,155408,Lewis,Cook,2562235,0,False,0,0,0,0,0,0,0,0,0,0,0,0,0,0.0,0.0,0.0,0.0,0,0,0,0,0,0.00,0.00,0.00,0.00,49,-69,4401,21,90,91
88,MID,155408,Lewis,Cook,2562248,0,False,0,0,0,0,0,0,0,0,0,0,0,0,0,0.0,0.0,0.0,0.0,0,0,0,0,0,0.00,0.00,0.00,0.00,49,-43,4366,24,67,91
88,MID,155408,Lewis,Cook,2562255,1,False,1,0,0,0,1,0,0,0,0,0,0,0,3,0.4,0.3,0.0,0.1,0,0,0,0,0,0.00,0.00,0.00,0.51,49,-47,4319,10,57,91
88,MID,155408,Lewis,Cook,2562271,1,False,1,0,0,0,0,0,0,0,0,0,0,0,3,0.4,0.2,0.0,0.1,0,0,0,0,0,0.00,0.00,0.00,0.00,49,70,4412,112,42,91
89,MID,168991,Philip,Billing,2561895,0,False,0,0,0,0,0,0,0,0,0,0,0,0,0,0.0,0.0,0.0,0.0,0,0,0,0,0,0.00,0.00,0.00,0.00,50,0,6642,0,0,91
89,MID,168991,Philip,Billing,2561905,0,False,0,0,0,0,0,0,0,0,0,0,0,0,0,0.0,0.0,0.0,0.0,0,0,0,0,0,0.00,0.00,0.00,0.00,50,-1051,7179,408,1459,91
89,MID,168991,Philip,Billing,2561923,0,False,0,0,0,0,0,0,0,0,0,0,0,0,0,0.0,0.0,0.0,0.0,0,0,0,0,0,0.00,0.00,0.00,0.00,49,-1748,5824,190,1938,91
89,MID,168991,Philip,Billing,2561925,0,False,0,0,0,0,0,0,0,0,0,0,0,0,0,0.0,0.0,0.0,0.0,0,0,0,0,0,0.00,0.00,0.00,0.00,49,-1478,4426,0,1478,91
89,MID,168991,Philip,Billing,2561935,0,False,0,0,0,0,0,0,0,0,0,0,0,0,0,0.0,0.0,0.0,0.0,0,0,0,0,0,0.00,0.00,0.00,0.00,49,-538,3939,0,538,91
89,MID,168991,Philip,Billing,2561950,0,False,0,0,0,0,0,0,0,0,0,0,0,0,0,0.0,0.0,0.0,0.0,0,0,0,0,0,0.00,0.00,0.00,0.00,49,-325,3608,0,325,91
89,MID,168991,Philip,Billing,2561955,0,False,0,0,0,0,0,0,0,0,0,0,0,0,0,0.0,0.0,0.0,0.0,0,0,0,0,0,0.00,0.00,0.00,0.00,49,-193,3433,0,193,91
89,MID,168991,Philip,Billing,2561967,0,False,0,0,0,0,0,0,0,0,0,0,0,0,0,0.0,0.0,0.0,0.0,0,0,0,0,0,0.00,0.00,0.00,0.00,49,-185,3244,0,185,91
89,MID,168991,Philip,Billing,2561975,0,False,0,0,0,0,0,0,0,0,0,0,0,0,0,0.0,0.0,0.0,0.0,0,0,0,0,0,0.00,0.00,0.00,0.00,49,-72,3175,0,72,91
89,MID,168991,Philip,Billing,2561990,0,False,0,0,0,0,0,0,0,0,0,0,0,0,0,0.0,0.0,0.0,0.0,0,0,0,0,0,0.00,0.00,0.00,0.00,49,-75,3101,0,75,91
89,MID,168991,Philip,Billing,2561995,0,False,0,0,0,0,0,0,0,0,0,0,0,0,0,0.0,0.0,0.0,0.0,0,0,0,0,0,0.00,0.00,0.00,0.00,49,-51,3052,0,51,91
89,MID,168991,Philip,Billing,2562005,0,False,0,0,0,0,0,0,0,0,0,0,0,0,0,0.0,0.0,0.0,0.0,0,0,0,0,0,0.00,0.00,0.00,0.00,49,-53,2998,0,53,91
89,MID,168991,Philip,Billing,2562022,0,False,0,0,0,0,0,0,0,0,0,0,0,0,0,0.0,0.0,0.0,0.0,0,0,0,0,0,0.00,0.00,0.00,0.00,49,-29,2968,0,29,91
89,MID,168991,Philip,Billing,2562025,0,False,0,0,0,0,0,0,0,0,0,0,0,0,0,0.0,0.0,0.0,0.0,0,0,0,0,0,0.00,0.00,0.00,0.00,49,-24,2948,0,24,91
89,MID,168991,Philip,Billing,2562035,0,False,0,0,0,0,0,0,0,0,0,0,0,0,0,0.0,0.0,0.0,0.0,0,0,0,0,0,0.00,0.00,0.00,0.00,49,-30,2917,0,30,91
89,MID,168991,Philip,Billing,2562051,0,False,0,0,0,0,0,0,0,0,0,0,0,0,0,0.0,0.0,0.0,0.0,0,0,0,0,0,0.00,0.00,0.00,0.00,49,-32,2887,0,32,91
89,MID,168991,Philip,Billing,2562055,0,False,0,0,0,0,0,0,0,0,0,0,0,0,0,0.0,0.0,0.0,0.0,0,0,0,0,0,0.00,0.00,0.00,0.00,49,-29,2858,0,29,91
89,MID,168991,Philip,Billing,2562066,0,False,0,0,0,0,0,0,0,0,0,0,0,0,0,0.0,0.0,0.0,0.0,0,0,0,0,0,0.00,0.00,0.00,0.00,49,-29,2829,0,29,91
89,MID,168991,Philip,Billing,2562078,0,False,0,0,0,0,0,0,0,0,0,0,0,0,0,0.0,0.0,0.0,0.0,0,0,0,0,0,0.00,0.00,0.00,0.00,49,-12,2818,0,12,91
89,MID,168991,Philip,Billing,2562085,0,False,0,0,0,0,0,0,0,0,0,0,0,0,0,0.0,0.0,0.0,0.0,0,0,0,0,0,0.00,0.00,0.00,0.00,49,-5,2815,0,5,91
89,MID,168991,Philip,Billing,2562095,0,False,0,0,0,0,0,0,0,0,0,0,0,0,0,0.0,0.0,0.0,0.0,0,0,0,0,0,0.00,0.00,0.00,0.00,49,-10,2804,0,10,91
89,MID,168991,Philip,Billing,2562106,0,False,0,0,0,0,0,0,0,0,0,0,0,0,0,0.0,0.0,0.0,0.0,0,0,0,0,0,0.00,0.00,0.00,0.00,49,-13,2791,0,13,91
89,MID,168991,Philip,Billing,2562115,0,False,0,0,0,0,0,0,0,0,0,0,0,0,0,0.0,0.0,0.0,0.0,0,0,0,0,0,0.00,0.00,0.00,0.00,49,-11,2780,0,11,91
89,MID,168991,Philip,Billing,2562134,0,False,0,0,0,0,0,0,0,0,0,0,0,0,0,0.0,0.0,0.0,0.0,0,0,0,0,0,0.00,0.00,0.00,0.00,49,-8,2773,0,8,91
89,MID,168991,Philip,Billing,2562135,0,False,0,0,0,0,0,0,0,0,0,0,0,0,0,0.0,0.0,0.0,0.0,0,0,0,0,0,0.00,0.00,0.00,0.00,49,-3,2770,0,3,91
89,MID,168991,Philip,Billing,2562149,0,False,0,0,0,0,0,0,0,0,0,0,0,0,0,0.0,0.0,0.0,0.0,0,0,0,0,0,0.00,0.00,0.00,0.00,49,-16,2752,0,16,91
89,MID,168991,Philip,Billing,2562164,0,False,0,0,0,0,0,0,0,0,0,0,0,0,0,0.0,0.0,0.0,0.0,0,0,0,0,0,0.00,0.00,0.00,0.00,49,-9,2745,0,9,91
89,MID,168991,Philip,Billing,2562165,0,False,0,0,0,0,0,0,0,0,0,0,0,0,0,0.0,0.0,0.0,0.0,0,0,0,0,0,0.00,0.00,0.00,0.00,49,-2,2743,0,2,91
89,MID,168991,Philip,Billing,2562175,0,False,0,0,0,0,0,0,0,0,0,0,0,0,0,0.0,0.0,0.0,0.0,0,0,0,0,0,0.00,0.00,0.00,0.00,49,-6,2737,0,6,91
89,MID,168991,Philip,Billing,2562187,0,False,0,0,0,0,0,0,0,0,0,0,0,0,0,0.0,0.0,0.0,0.0,0,0,0,0,0,0.00,0.00,0.00,0.00,49,-2,2735,0,2,91
89,MID,168991,Philip,Billing,2562195,0,False,0,0,0,0,0,0,0,0,0,0,0,0,0,0.0,0.0,0.0,0.0,0,0,0,0,0,0.00,0.00,0.00,0.00,49,0,2735,0,0,91
89,MID,168991,Philip,Billing,2562205,0,False,0,0,0,0,0,0,0,0,0,0,0,0,0,0.0,0.0,0.0,0.0,0,0,0,0,0,0.00,0.00,0.00,0.00,49,-2,2733,0,2,91
89,MID,168991,Philip,Billing,2562222,0,False,0,0,0,0,0,0,0,0,0,0,0,0,0,0.0,0.0,0.0,0.0,0,0,0,0,0,0.00,0.00,0.00,0.00,49,-2,2730,0,2,91
89,MID,168991,Philip,Billing,2562225,0,False,0,0,0,0,0,0,0,0,0,0,0,0,0,0.0,0.0,0.0,0.0,0,0,0,0,0,0.00,0.00,0.00,0.00,49,-2,2730,0,2,91
89,MID,168991,Philip,Billing,2562235,0,False,0,0,0,0,0,0,0,0,0,0,0,0,0,0.0,0.0,0.0,0.0,0,0,0,0,0,0.00,0.00,0.00,0.00,49,-2,2728,0,2,91
89,MID,168991,Philip,Billing,2562248,0,False,0,0,0,0,0,0,0,0,0,0,0,0,0,0.0,0.0,0.0,0.0,0,0,0,0,0,0.00,0.00,0.00,0.00,49,-3,2724,0,3,91
89,MID,168991,Philip,Billing,2562255,0,False,0,0,0,0,0,0,0,0,0,0,0,0,0,0.0,0.0,0.0,0.0,0,0,0,0,0,0.00,0.00,0.00,0.00,49,-2,2723,0,2,91
89,MID,168991,Philip,Billing,2562271,0,False,0,0,0,0,0,0,0,0,0,0,0,0,0,0.0,0.0,0.0,0.0,0,0,0,0,0,0.00,0.00,0.00,0.00,49,-1,2722,0,1,91
90,MID,503139,Alex,Scott,2561895,2,False,73,0,0,0,2,0,0,0,0,0,0,0,7,2.0,2.1,2.0,0.6,1,2,0,3,1,0.00,0.00,0.00,1.81,50,0,7941,0,0,91
90,MID,503139,Alex,Scott,2561905,2,False,65,0,0,1,0,0,0,0,1,0,0,0,10,7.4,13.9,5.0,2.6,2,1,3,6,1,0.05,0.03,0.08,0.41,50,16,10696,1291,1275,91
90,MID,503139,Alex,Scott,2561923,3,False,62,0,0,1,0,0,0,0,0,0,0,0,14,12.2,30.4,5.0,4.8,2,3,2,7,1,0.05,0.13,0.18,0.01,50,-713,10762,820,1533,91
90,MID,503139,Alex,Scott,2561925,9,False,66,1,0,0,1,0,0,0,0,0,0,2,35,47.6,12.8,9.0,6.9,1,3,6,10,1,0.06,0.02,0.08,0.57,50,425,12195,1694,1269,91
90,MID,503139,Alex,Scott,2561935,3,False,62,0,0,1,0,0,0,0,0,0,0,0,12,7.6,8.5,1.0,1.7,3,5,2,10,1,0.06,0.02,0.08,0.14,50,13721,28775,16843,3122,91
90,MID,503139,Alex,Scott,2561950,1,False,30,0,0,0,0,0,0,0,0,0,0,0,3,3.8,6.3,0.0,1.0,1,0,0,1,0,0.00,0.03,0.03,0.48,50,11169,40959,16051,4882,91
90,MID,503139,Alex,Scott,2561955,4,False,90,0,0,0,1,0,0,0,0,0,0,0,19,13.6,8.3,6.0,2.8,5,10,2,17,1,0.12,0.02,0.14,0.88,50,279,41039,5737,5458,91
90,MID,503139,Alex,Scott,2561967,2,False,66,0,0,0,1,0,0,0,0,0,0,0,8,6.6,11.3,3.0,2.1,2,1,1,4,1,0.05,0.03,0.08,1.76,50,445,42654,6008,5563,91
90,MID,503139,Alex,Scott,2561975,3,False,79,0,0,1,0,0,0,0,0,0,0,0,15,14.4,3.3,12.0,3.0,5,4,2,11,1,0.12,0.04,0.16,0.33,50,-2263,40597,1776,4039,91
90,MID,503139,Alex,Scott,2561990,5,False,72,0,1,0,3,0,0,0,0,0,0,0,24,6.6,12.4,0.0,1.9,2,1,0,3,1,0.00,0.06,0.06,1.96,50,-3603,37143,1023,4626,91
90,MID,503139,Alex,Scott,2561995,2,False,62,0,0,0,2,0,0,0,0,0,0,0,17,14.8,2.1,9.0,2.6,4,4,2,10,1,0.06,0.00,0.06,0.85,50,-429,37303,1765,2194,91
90,MID,503139,Alex,Scott,2562005,1,False,45,0,0,0,2,0,0,0,0,0,0,0,7,9.2,4.5,23.0,3.7,1,4,2,7,1,0.02,0.02,0.04,0.53,50,841,38796,3051,2210,91
90,MID,503139,Alex,Scott,2562022,0,False,45,0,0,0,1,0,0,0,1,0,0,0,-7,0.0,0.5,4.0,0.0,2,2,0,4,1,0.07,0.00,0.07,1.06,50,-2461,35955,605,3066,91
90,MID,503139,Alex,Scott,2562025,4,False,79,0,0,0,1,0,0,0,0,0,0,0,17,19.2,9.0,2.0,3.0,8,5,0,13,1,0.00,0.08,0.08,1.34,50,-1916,34401,452,2368,91
90,MID,503139,Alex,Scott,2562035,5,False,90,0,0,1,0,0,0,0,0,0,0,0,21,16.6,5.8,23.0,4.5,3,11,2,16,1,0.04,0.01,0.05,0.92,50,-1293,33282,843,2136,91
90,MID,503139,Alex,Scott,2562051,2,False,85,0,0,0,4,0,0,0,0,0,0,0,10,8.6,1.6,5.0,1.5,4,6,1,11,0,0.12,0.01,0.13,3.11,50,-2574,30848,1286,3860,91
90,MID,503139,Alex,Scott,2562055,1,False,1,0,0,0,0,0,0,0,0,0,0,0,3,0.0,0.0,0.0,0.0,0,0,0,0,0,0.00,0.00,0.00,0.00,50,1806,33213,3624,1818,91
90,MID,503139,Alex,Scott,2562066,5,False,83,0,0,0,3,0,0,0,0,0,0,1,33,22.0,32.3,11.0,6.5,4,7,2,13,1,0.33,0.07,0.40,2.99,50,-538,32564,1794,2332,91
90,MID,503139,Alex,Scott,2562078,2,False,90,0,0,0,2,0,0,0,0,0,0,0,7,8.8,11.8,4.0,2.5,8,3,0,11,1,0.04,0.01,0.05,2.31,50,-1740,30680,695,2435,91
90,MID,503139,Alex,Scott,2562085,2,False,73,0,0,0,3,0,0,0,0,0,0,0,15,17.0,1.5,2.0,2.1,6,2,2,10,1,0.00,0.01,0.01,1.02,50,-466,30732,846,1312,91
90,MID,503139,Alex,Scott,2562095,4,False,90,0,0,0,2,0,0,0,0,0,0,0,17,13.8,5.4,4.0,2.3,6,8,0,14,1,0.05,0.22,0.27,1.25,50,-420,30426,996,1416,91
90,MID,503139,Alex,Scott,2562106,4,False,90,0,0,0,1,0,0,0,0,0,0,0,12,13.8,16.2,7.0,3.7,4,8,1,13,1,0.08,0.03,0.11,1.05,50,-23,30648,1580,1603,91
90,MID,503139,Alex,Scott,2562115,5,False,90,0,1,0,2,0,0,0,0,0,0,0,22,22.2,11.8,7.0,4.1,2,5,1,8,1,0.15,0.35,0.50,0.93,50,884,31715,2017,1133,91
90,MID,503139,Alex,Scott,2562134,13,False,90,1,0,1,0,0,0,0,0,0,0,3,37,47.8,12.3,41.0,10.1,5,9,2,16,1,0.82,0.01,0.83,1.38,50,11312,43996,13525,2213,91
90,MID,503139,Alex,Scott,2562135,2,False,90,0,0,0,1,0,0,0,0,0,0,0,16,16.0,19.0,15.0,5.0,4,7,0,11,1,0.15,0.01,0.16,0.44,50,37061,83211,41864,4803,91
90,MID,503139,Alex,Scott,2562149,4,False,90,0,0,0,1,0,0,0,0,0,0,0,17,16.0,6.5,0.0,2.3,6,7,3,16,1,0.00,0.04,0.04,2.94,50,16161,99204,25444,9283,91
90,MID,503139,Alex,Scott,2562164,5,False,90,0,0,1,0,0,0,0,0,0,0,0,20,29.6,17.4,26.0,7.3,2,6,4,12,1,0.14,0.06,0.20,3.27,50,25170,123875,32631,7461,91
90,MID,503139,Alex,Scott,2562165,3,False,90,0,0,0,1,0,0,0,1,0,0,0,12,11.0,13.7,19.0,4.4,6,6,1,13,1,0.51,0.03,0.54,1.42,50,46023,172757,52354,6331,91
90,MID,503139,Alex,Scott,2562175,3,False,90,0,0,1,0,0,0,0,0,0,0,0,11,13.2,37.1,14.0,6.4,4,4,1,9,1,0.17,0.29,0.46,0.40,51,-1565,168310,10831,12396,91
90,MID,503139,Alex,Scott,2562187,5,False,90,0,0,1,0,0,0,0,0,0,0,0,28,28.0,6.3,8.0,4.2,4,8,6,18,1,0.02,0.05,0.07,1.40,51,-4894,164331,7095,11989,91
90,MID,503139,Alex,Scott,2562195,2,False,90,0,0,0,2,0,0,0,0,0,0,0,18,19.2,28.3,6.0,5.4,4,6,1,11,1,0.05,0.05,0.10,1.77,51,-7464,139834,2098,9562,91
90,MID,503139,Alex,Scott,2562205,12,False,90,1,0,0,1,0,0,0,0,0,0,3,33,54.4,12.4,20.0,8.7,4,8,1,13,1,0.39,0.05,0.44,2.32,50,2262,159650,21256,18994,91
90,MID,503139,Alex,Scott,2562222,1,False,90,0,0,0,1,0,0,0,1,0,0,0,23,13.6,23.3,2.0,3.9,2,5,3,10,1,0.00,0.61,0.61,1.59,50,291863,640338,299905,8042,91
90,MID,503139,Alex,Scott,2562225,4,False,90,0,0,0,2,0,0,0,0,0,0,0,21,23.0,42.0,10.0,7.5,7,7,1,15,1,0.04,0.23,0.27,0.83,50,291863,640338,299905,8042,91
90,MID,503139,Alex,Scott,2562235,3,False,90,0,0,1,0,0,0,0,0,0,0,0,17,12.8,36.9,9.0,5.9,1,7,2,10,1,0.04,0.30,0.34,0.89,51,-13460,325059,19875,33335,91
90,MID,503139,Alex,Scott,2562248,4,False,90,0,0,1,0,0,0,0,1,0,0,0,9,6.2,1.5,0.0,0.8,2,8,2,12,1,0.00,0.01,0.01,0.99,50,-23406,300004,13053,36459,91
90,MID,503139,Alex,Scott,2562255,4,False,90,0,0,0,1,0,0,0,0,0,0,0,20,18.6,13.5,0.0,3.2,6,10,2,18,1,0.00,0.01,0.01,1.67,50,-25543,274543,6976,32519,91
90,MID,503139,Alex,Scott,2562271,0,False,0,0,0,0,0,0,0,0,0,0,0,0,0,0.0,0.0,0.0,0.0,0,0,0,0,0,0.00,0.00,0.00,0.00,49,856,276813,21142,20286,91
91,MID,224995,Luis,Sinisterra Lucumí,2561895,0,False,0,0,0,0,0,0,0,0,0,0,0,0,0,0.0,0.0,0.0,0.0,0,0,0,0,0,0.00,0.00,0.00,0.00,50,0,4168,0,0,91
91,MID,224995,Luis,Sinisterra Lucumí,2561905,0,False,0,0,0,0,0,0,0,0,0,0,0,0,0,0.0,0.0,0.0,0.0,0,0,0,0,0,0.00,0.00,0.00,0.00,50,-1074,3297,150,1224,91
91,MID,224995,Luis,Sinisterra Lucumí,2561923,0,False,0,0,0,0,0,0,0,0,0,0,0,0,0,0.0,0.0,0.0,0.0,0,0,0,0,0,0.00,0.00,0.00,0.00,50,-729,2884,246,975,91
91,MID,224995,Luis,Sinisterra Lucumí,2561925,0,False,0,0,0,0,0,0,0,0,0,0,0,0,0,0.0,0.0,0.0,0.0,0,0,0,0,0,0.00,0.00,0.00,0.00,50,-800,2121,0,800,91
91,MID,224995,Luis,Sinisterra Lucumí,2561935,0,False,0,0,0,0,0,0,0,0,0,0,0,0,0,0.0,0.0,0.0,0.0,0,0,0,0,0,0.00,0.00,0.00,0.00,50,-268,1868,0,268,91
91,MID,224995,Luis,Sinisterra Lucumí,2561950,0,False,0,0,0,0,0,0,0,0,0,0,0,0,0,0.0,0.0,0.0,0.0,0,0,0,0,0,0.00,0.00,0.00,0.00,50,-192,1686,0,192,91
91,MID,224995,Luis,Sinisterra Lucumí,2561955,0,False,0,0,0,0,0,0,0,0,0,0,0,0,0,0.0,0.0,0.0,0.0,0,0,0,0,0,0.00,0.00,0.00,0.00,50,-71,1618,0,71,91
91,MID,224995,Luis,Sinisterra Lucumí,2561967,0,False,0,0,0,0,0,0,0,0,0,0,0,0,0,0.0,0.0,0.0,0.0,0,0,0,0,0,0.00,0.00,0.00,0.00,50,-111,1510,0,111,91
91,MID,224995,Luis,Sinisterra Lucumí,2561975,0,False,0,0,0,0,0,0,0,0,0,0,0,0,0,0.0,0.0,0.0,0.0,0,0,0,0,0,0.00,0.00,0.00,0.00,50,-39,1472,0,39,91
91,MID,224995,Luis,Sinisterra Lucumí,2561990,0,False,0,0,0,0,0,0,0,0,0,0,0,0,0,0.0,0.0,0.0,0.0,0,0,0,0,0,0.00,0.00,0.00,0.00,50,-42,1430,0,42,91
91,MID,224995,Luis,Sinisterra Lucumí,2561995,0,False,0,0,0,0,0,0,0,0,0,0,0,0,0,0.0,0.0,0.0,0.0,0,0,0,0,0,0.00,0.00,0.00,0.00,50,-21,1409,0,21,91
91,MID,224995,Luis,Sinisterra Lucumí,2562005,0,False,0,0,0,0,0,0,0,0,0,0,0,0,0,0.0,0.0,0.0,0.0,0,0,0,0,0,0.00,0.00,0.00,0.00,50,-27,1382,0,27,91
91,MID,224995,Luis,Sinisterra Lucumí,2562022,0,False,0,0,0,0,0,0,0,0,0,0,0,0,0,0.0,0.0,0.0,0.0,0,0,0,0,0,0.00,0.00,0.00,0.00,50,-17,1364,0,17,91
91,MID,224995,Luis,Sinisterra Lucumí,2562025,0,False,0,0,0,0,0,0,0,0,0,0,0,0,0,0.0,0.0,0.0,0.0,0,0,0,0,0,0.00,0.00,0.00,0.00,50,-9,1355,0,9,91
91,MID,224995,Luis,Sinisterra Lucumí,2562035,0,False,0,0,0,0,0,0,0,0,0,0,0,0,0,0.0,0.0,0.0,0.0,0,0,0,0,0,0.00,0.00,0.00,0.00,50,-5,1351,0,5,91
91,MID,224995,Luis,Sinisterra Lucumí,2562051,0,False,0,0,0,0,0,0,0,0,0,0,0,0,0,0.0,0.0,0.0,0.0,0,0,0,0,0,0.00,0.00,0.00,0.00,50,-17,1334,0,17,91
91,MID,224995,Luis,Sinisterra Lucumí,2562055,0,False,0,0,0,0,0,0,0,0,0,0,0,0,0,0.0,0.0,0.0,0.0,0,0,0,0,0,0.00,0.00,0.00,0.00,50,-20,1313,0,20,91
91,MID,224995,Luis,Sinisterra Lucumí,2562066,0,False,0,0,0,0,0,0,0,0,0,0,0,0,0,0.0,0.0,0.0,0.0,0,0,0,0,0,0.00,0.00,0.00,0.00,50,-13,1301,0,13,91
91,MID,224995,Luis,Sinisterra Lucumí,2562078,0,False,0,0,0,0,0,0,0,0,0,0,0,0,0,0.0,0.0,0.0,0.0,0,0,0,0,0,0.00,0.00,0.00,0.00,50,-4,1297,0,4,91
91,MID,224995,Luis,Sinisterra Lucumí,2562085,0,False,0,0,0,0,0,0,0,0,0,0,0,0,0,0.0,0.0,0.0,0.0,0,0,0,0,0,0.00,0.00,0.00,0.00,50,-4,1293,0,4,91
91,MID,224995,Luis,Sinisterra Lucumí,2562095,0,False,0,0,0,0,0,0,0,0,0,0,0,0,0,0.0,0.0,0.0,0.0,0,0,0,0,0,0.00,0.00,0.00,0.00,50,-4,1290,0,4,91
91,MID,224995,Luis,Sinisterra Lucumí,2562106,0,False,0,0,0,0,0,0,0,0,0,0,0,0,0,0.0,0.0,0.0,0.0,0,0,0,0,0,0.00,0.00,0.00,0.00,50,-8,1282,0,8,91
91,MID,224995,Luis,Sinisterra Lucumí,2562115,0,False,0,0,0,0,0,0,0,0,0,0,0,0,0,0.0,0.0,0.0,0.0,0,0,0,0,0,0.00,0.00,0.00,0.00,50,-3,1279,0,3,91
91,MID,224995,Luis,Sinisterra Lucumí,2562134,0,False,0,0,0,0,0,0,0,0,0,0,0,0,0,0.0,0.0,0.0,0.0,0,0,0,0,0,0.00,0.00,0.00,0.00,50,-1,1278,0,1,91
91,MID,224995,Luis,Sinisterra Lucumí,2562135,0,False,0,0,0,0,0,0,0,0,0,0,0,0,0,0.0,0.0,0.0,0.0,0,0,0,0,0,0.00,0.00,0.00,0.00,50,-3,1275,0,3,91
91,MID,224995,Luis,Sinisterra Lucumí,2562149,0,False,0,0,0,0,0,0,0,0,0,0,0,0,0,0.0,0.0,0.0,0.0,0,0,0,0,0,0.00,0.00,0.00,0.00,50,-6,1269,0,6,91
91,MID,224995,Luis,Sinisterra Lucumí,2562164,0,False,0,0,0,0,0,0,0,0,0,0,0,0,0,0.0,0.0,0.0,0.0,0,0,0,0,0,0.00,0.00,0.00,0.00,50,-3,1266,0,3,91
91,MID,224995,Luis,Sinisterra Lucumí,2562165,0,False,0,0,0,0,0,0,0,0,0,0,0,0,0,0.0,0.0,0.0,0.0,0,0,0,0,0,0.00,0.00,0.00,0.00,50,-2,1264,0,2,91
91,MID,224995,Luis,Sinisterra Lucumí,2562175,0,False,0,0,0,0,0,0,0,0,0,0,0,0,0,0.0,0.0,0.0,0.0,0,0,0,0,0,0.00,0.00,0.00,0.00,50,-4,1259,0,4,91
91,MID,224995,Luis,Sinisterra Lucumí,2562187,0,False,0,0,0,0,0,0,0,0,0,0,0,0,0,0.0,0.0,0.0,0.0,0,0,0,0,0,0.00,0.00,0.00,0.00,50,-6,1256,0,6,91
91,MID,224995,Luis,Sinisterra Lucumí,2562195,0,False,0,0,0,0,0,0,0,0,0,0,0,0,0,0.0,0.0,0.0,0.0,0,0,0,0,0,0.00,0.00,0.00,0.00,50,0,1256,0,0,91
91,MID,224995,Luis,Sinisterra Lucumí,2562205,0,False,0,0,0,0,0,0,0,0,0,0,0,0,0,0.0,0.0,0.0,0.0,0,0,0,0,0,0.00,0.00,0.00,0.00,50,-3,1254,0,3,91
91,MID,224995,Luis,Sinisterra Lucumí,2562222,0,False,0,0,0,0,0,0,0,0,0,0,0,0,0,0.0,0.0,0.0,0.0,0,0,0,0,0,0.00,0.00,0.00,0.00,50,-2,1252,0,2,91
91,MID,224995,Luis,Sinisterra Lucumí,2562225,0,False,0,0,0,0,0,0,0,0,0,0,0,0,0,0.0,0.0,0.0,0.0,0,0,0,0,0,0.00,0.00,0.00,0.00,50,-2,1252,0,2,91
91,MID,224995,Luis,Sinisterra Lucumí,2562235,0,False,0,0,0,0,0,0,0,0,0,0,0,0,0,0.0,0.0,0.0,0.0,0,0,0,0,0,0.00,0.00,0.00,0.00,50,0,1251,0,0,91
91,MID,224995,Luis,Sinisterra Lucumí,2562248,0,False,0,0,0,0,0,0,0,0,0,0,0,0,0,0.0,0.0,0.0,0.0,0,0,0,0,0,0.00,0.00,0.00,0.00,50,0,1251,0,0,91
91,MID,224995,Luis,Sinisterra Lucumí,2562255,0,False,0,0,0,0,0,0,0,0,0,0,0,0,0,0.0,0.0,0.0,0.0,0,0,0,0,0,0.00,0.00,0.00,0.00,50,-1,1250,0,1,91
91,MID,224995,Luis,Sinisterra Lucumí,2562271,0,False,0,0,0,0,0,0,0,0,0,0,0,0,0,0.0,0.0,0.0,0.0,0,0,0,0,0,0.00,0.00,0.00,0.00,50,0,1250,0,0,91
92,MID,441240,Romain,Faivre,2561895,0,False,0,0,0,0,0,0,0,0,0,0,0,0,0,0.0,0.0,0.0,0.0,0,0,0,0,0,0.00,0.00,0.00,0.00,45,0,18512,0,0,91
92,MID,441240,Romain,Faivre,2561905,0,False,0,0,0,0,0,0,0,0,0,0,0,0,0,0.0,0.0,0.0,0.0,0,0,0,0,0,0.00,0.00,0.00,0.00,45,-1174,20436,1715,2889,91
92,MID,441240,Romain,Faivre,2561923,0,False,0,0,0,0,0,0,0,0,0,0,0,0,0,0.0,0.0,0.0,0.0,0,0,0,0,0,0.00,0.00,0.00,0.00,45,-2201,18908,1081,3282,91
92,MID,441240,Romain,Faivre,2561925,0,False,0,0,0,0,0,0,0,0,0,0,0,0,0,0.0,0.0,0.0,0.0,0,0,0,0,0,0.00,0.00,0.00,0.00,45,-2505,16918,944,3449,91
92,MID,441240,Romain,Faivre,2561935,0,False,0,0,0,0,0,0,0,0,0,0,0,0,0,0.0,0.0,0.0,0.0,0,0,0,0,0,0.00,0.00,0.00,0.00,45,-2791,14166,0,2791,91
92,MID,441240,Romain,Faivre,2561950,0,False,0,0,0,0,0,0,0,0,0,0,0,0,0,0.0,0.0,0.0,0.0,0,0,0,0,0,0.00,0.00,0.00,0.00,45,-1749,12442,0,1749,91
92,MID,441240,Romain,Faivre,2561955,0,False,0,0,0,0,0,0,0,0,0,0,0,0,0,0.0,0.0,0.0,0.0,0,0,0,0,0,0.00,0.00,0.00,0.00,45,-1008,11507,0,1008,91
92,MID,441240,Romain,Faivre,2561967,0,False,0,0,0,0,0,0,0,0,0,0,0,0,0,0.0,0.0,0.0,0.0,0,0,0,0,0,0.00,0.00,0.00,0.00,45,-924,10611,0,924,91
92,MID,441240,Romain,Faivre,2561975,0,False,0,0,0,0,0,0,0,0,0,0,0,0,0,0.0,0.0,0.0,0.0,0,0,0,0,0,0.00,0.00,0.00,0.00,45,-535,10105,0,535,91
92,MID,441240,Romain,Faivre,2561990,0,False,0,0,0,0,0,0,0,0,0,0,0,0,0,0.0,0.0,0.0,0.0,0,0,0,0,0,0.00,0.00,0.00,0.00,45,-437,9652,0,437,91
92,MID,441240,Romain,Faivre,2561995,0,False,0,0,0,0,0,0,0,0,0,0,0,0,0,0.0,0.0,0.0,0.0,0,0,0,0,0,0.00,0.00,0.00,0.00,45,-291,9368,0,291,91
92,MID,441240,Romain,Faivre,2562005,0,False,0,0,0,0,0,0,0,0,0,0,0,0,0,0.0,0.0,0.0,0.0,0,0,0,0,0,0.00,0.00,0.00,0.00,45,-275,9096,0,275,91
92,MID,441240,Romain,Faivre,2562022,0,False,0,0,0,0,0,0,0,0,0,0,0,0,0,0.0,0.0,0.0,0.0,0,0,0,0,0,0.00,0.00,0.00,0.00,45,-187,8910,0,187,91
92,MID,441240,Romain,Faivre,2562025,0,False,0,0,0,0,0,0,0,0,0,0,0,0,0,0.0,0.0,0.0,0.0,0,0,0,0,0,0.00,0.00,0.00,0.00,45,-118,8802,0,118,91
92,MID,441240,Romain,Faivre,2562035,0,False,0,0,0,0,0,0,0,0,0,0,0,0,0,0.0,0.0,0.0,0.0,0,0,0,0,0,0.00,0.00,0.00,0.00,45,-165,8636,0,165,91
92,MID,441240,Romain,Faivre,2562051,0,False,0,0,0,0,0,0,0,0,0,0,0,0,0,0.0,0.0,0.0,0.0,0,0,0,0,0,0.00,0.00,0.00,0.00,45,-354,8283,0,354,91
92,MID,441240,Romain,Faivre,2562055,0,False,0,0,0,0,0,0,0,0,0,0,0,0,0,0.0,0.0,0.0,0.0,0,0,0,0,0,0.00,0.00,0.00,0.00,45,-182,8098,0,182,91
92,MID,441240,Romain,Faivre,2562066,0,False,0,0,0,0,0,0,0,0,0,0,0,0,0,0.0,0.0,0.0,0.0,0,0,0,0,0,0.00,0.00,0.00,0.00,45,-124,7973,0,124,91
92,MID,441240,Romain,Faivre,2562078,0,False,0,0,0,0,0,0,0,0,0,0,0,0,0,0.0,0.0,0.0,0.0,0,0,0,0,0,0.00,0.00,0.00,0.00,45,-85,7896,0,85,91
92,MID,441240,Romain,Faivre,2562085,0,False,0,0,0,0,0,0,0,0,0,0,0,0,0,0.0,0.0,0.0,0.0,0,0,0,0,0,0.00,0.00,0.00,0.00,45,-44,7861,0,44,91
92,MID,441240,Romain,Faivre,2562095,0,False,0,0,0,0,0,0,0,0,0,0,0,0,0,0.0,0.0,0.0,0.0,0,0,0,0,0,0.00,0.00,0.00,0.00,45,-46,7817,0,46,91
92,MID,441240,Romain,Faivre,2562106,0,False,0,0,0,0,0,0,0,0,0,0,0,0,0,0.0,0.0,0.0,0.0,0,0,0,0,0,0.00,0.00,0.00,0.00,45,16,7870,88,72,91
92,MID,441240,Romain,Faivre,2562115,0,False,0,0,0,0,0,0,0,0,0,0,0,0,0,0.0,0.0,0.0,0.0,0,0,0,0,0,0.00,0.00,0.00,0.00,45,115,8011,159,44,91
92,MID,441240,Romain,Faivre,2562134,0,False,0,0,0,0,0,0,0,0,0,0,0,0,0,0.0,0.0,0.0,0.0,0,0,0,0,0,0.00,0.00,0.00,0.00,45,97,8150,195,98,91
92,MID,441240,Romain,Faivre,2562135,0,False,0,0,0,0,0,0,0,0,0,0,0,0,0,0.0,0.0,0.0,0.0,0,0,0,0,0,0.00,0.00,0.00,0.00,45,107,8292,216,109,91
92,MID,441240,Romain,Faivre,2562149,0,False,0,0,0,0,0,0,0,0,0,0,0,0,0,0.0,0.0,0.0,0.0,0,0,0,0,0,0.00,0.00,0.00,0.00,45,-174,8089,5,179,91
92,MID,441240,Romain,Faivre,2562164,0,False,0,0,0,0,0,0,0,0,0,0,0,0,0,0.0,0.0,0.0,0.0,0,0,0,0,0,0.00,0.00,0.00,0.00,45,-119,7980,0,119,91
92,MID,441240,Romain,Faivre,2562165,0,False,0,0,0,0,0,0,0,0,0,0,0,0,0,0.0,0.0,0.0,0.0,0,0,0,0,0,0.00,0.00,0.00,0.00,45,-48,7933,0,48,91
92,MID,441240,Romain,Faivre,2562175,0,False,0,0,0,0,0,0,0,0,0,0,0,0,0,0.0,0.0,0.0,0.0,0,0,0,0,0,0.00,0.00,0.00,0.00,45,-42,7893,0,42,91
92,MID,441240,Romain,Faivre,2562187,0,False,0,0,0,0,0,0,0,0,0,0,0,0,0,0.0,0.0,0.0,0.0,0,0,0,0,0,0.00,0.00,0.00,0.00,45,-62,7833,0,62,91
92,MID,441240,Romain,Faivre,2562195,0,False,0,0,0,0,0,0,0,0,0,0,0,0,0,0.0,0.0,0.0,0.0,0,0,0,0,0,0.00,0.00,0.00,0.00,45,-26,7781,0,26,91
92,MID,441240,Romain,Faivre,2562205,0,False,0,0,0,0,0,0,0,0,0,0,0,0,0,0.0,0.0,0.0,0.0,0,0,0,0,0,0.00,0.00,0.00,0.00,45,-30,7779,0,30,91
92,MID,441240,Romain,Faivre,2562222,0,False,0,0,0,0,0,0,0,0,0,0,0,0,0,0.0,0.0,0.0,0.0,0,0,0,0,0,0.00,0.00,0.00,0.00,45,-28,7747,0,28,91
92,MID,441240,Romain,Faivre,2562225,0,False,0,0,0,0,0,0,0,0,0,0,0,0,0,0.0,0.0,0.0,0.0,0,0,0,0,0,0.00,0.00,0.00,0.00,45,-28,7747,0,28,91
92,MID,441240,Romain,Faivre,2562235,0,False,0,0,0,0,0,0,0,0,0,0,0,0,0,0.0,0.0,0.0,0.0,0,0,0,0,0,0.00,0.00,0.00,0.00,45,-15,7712,0,15,91
92,MID,441240,Romain,Faivre,2562248,0,False,0,0,0,0,0,0,0,0,0,0,0,0,0,0.0,0.0,0.0,0.0,0,0,0,0,0,0.00,0.00,0.00,0.00,45,-24,7688,0,24,91
92,MID,441240,Romain,Faivre,2562255,0,False,0,0,0,0,0,0,0,0,0,0,0,0,0,0.0,0.0,0.0,0.0,0,0,0,0,0,0.00,0.00,0.00,0.00,45,-10,7676,0,10,91
92,MID,441240,Romain,Faivre,2562271,0,False,0,0,0,0,0,0,0,0,0,0,0,0,0,0.0,0.0,0.0,0.0,0,0,0,0,0,0.00,0.00,0.00,0.00,45,-20,7658,0,20,91
93,MID,424044,Hamed,Traorè,2561895,4,False,16,0,1,0,2,0,0,0,0,0,0,0,12,21.2,10.0,0.0,3.1,1,2,1,4,0,0.00,0.00,0.00,0.40,45,0,31095,0,0,91
93,MID,424044,Hamed,Traorè,2561905,0,False,0,0,0,0,0,0,0,0,0,0,0,0,0,0.0,0.0,0.0,0.0,0,0,0,0,0,0.00,0.00,0.00,0.00,45,61029,145216,80941,19912,91
93,MID,424044,Hamed,Traorè,2561923,0,False,0,0,0,0,0,0,0,0,0,0,0,0,0,0.0,0.0,0.0,0.0,0,0,0,0,0,0.00,0.00,0.00,0.00,45,-79,144165,28902,28981,91
93,MID,424044,Hamed,Traorè,2561925,0,False,0,0,0,0,0,0,0,0,0,0,0,0,0,0.0,0.0,0.0,0.0,0,0,0,0,0,0.00,0.00,0.00,0.00,45,-36598,106910,5057,41655,91
93,MID,424044,Hamed,Traorè,2561935,0,False,0,0,0,0,0,0,0,0,0,0,0,0,0,0.0,0.0,0.0,0.0,0,0,0,0,0,0.00,0.00,0.00,0.00,45,-23060,85462,0,23060,91
93,MID,424044,Hamed,Traorè,2561950,0,False,0,0,0,0,0,0,0,0,0,0,0,0,0,0.0,0.0,0.0,0.0,0,0,0,0,0,0.00,0.00,0.00,0.00,45,-14518,71247,0,14518,91
93,MID,424044,Hamed,Traorè,2561955,0,False,0,0,0,0,0,0,0,0,0,0,0,0,0,0.0,0.0,0.0,0.0,0,0,0,0,0,0.00,0.00,0.00,0.00,45,-7858,64080,0,7858,91
93,MID,424044,Hamed,Traorè,2561967,0,False,0,0,0,0,0,0,0,0,0,0,0,0,0,0.0,0.0,0.0,0.0,0,0,0,0,0,0.00,0.00,0.00,0.00,45,-7514,56854,0,7514,91
93,MID,424044,Hamed,Traorè,2561975,0,False,0,0,0,0,0,0,0,0,0,0,0,0,0,0.0,0.0,0.0,0.0,0,0,0,0,0,0.00,0.00,0.00,0.00,45,-3872,53100,0,3872,91
93,MID,424044,Hamed,Traorè,2561990,0,False,0,0,0,0,0,0,0,0,0,0,0,0,0,0.0,0.0,0.0,0.0,0,0,0,0,0,0.00,0.00,0.00,0.00,45,-3526,49533,0,3526,91
93,MID,424044,Hamed,Traorè,2561995,0,False,0,0,0,0,0,0,0,0,0,0,0,0,0,0.0,0.0,0.0,0.0,0,0,0,0,0,0.00,0.00,0.00,0.00,45,-2357,47289,0,2357,91
93,MID,424044,Hamed,Traorè,2562005,0,False,0,0,0,0,0,0,0,0,0,0,0,0,0,0.0,0.0,0.0,0.0,0,0,0,0,0,0.00,0.00,0.00,0.00,45,-2006,45215,0,2006,91
93,MID,424044,Hamed,Traorè,2562022,0,False,0,0,0,0,0,0,0,0,0,0,0,0,0,0.0,0.0,0.0,0.0,0,0,0,0,0,0.00,0.00,0.00,0.00,45,-1472,43749,0,1472,91
93,MID,424044,Hamed,Traorè,2562025,0,False,0,0,0,0,0,0,0,0,0,0,0,0,0,0.0,0.0,0.0,0.0,0,0,0,0,0,0.00,0.00,0.00,0.00,45,-811,43126,0,811,91
93,MID,424044,Hamed,Traorè,2562035,0,False,0,0,0,0,0,0,0,0,0,0,0,0,0,0.0,0.0,0.0,0.0,0,0,0,0,0,0.00,0.00,0.00,0.00,45,-1048,42087,0,1048,91
93,MID,424044,Hamed,Traorè,2562051,0,False,0,0,0,0,0,0,0,0,0,0,0,0,0,0.0,0.0,0.0,0.0,0,0,0,0,0,0.00,0.00,0.00,0.00,45,-2259,39823,0,2259,91
93,MID,424044,Hamed,Traorè,2562055,0,False,0,0,0,0,0,0,0,0,0,0,0,0,0,0.0,0.0,0.0,0.0,0,0,0,0,0,0.00,0.00,0.00,0.00,45,-1053,38812,0,1053,91
93,MID,424044,Hamed,Traorè,2562066,0,False,0,0,0,0,0,0,0,0,0,0,0,0,0,0.0,0.0,0.0,0.0,0,0,0,0,0,0.00,0.00,0.00,0.00,45,-800,37987,0,800,91
93,MID,424044,Hamed,Traorè,2562078,0,False,0,0,0,0,0,0,0,0,0,0,0,0,0,0.0,0.0,0.0,0.0,0,0,0,0,0,0.00,0.00,0.00,0.00,45,-463,37555,0,463,91
93,MID,424044,Hamed,Traorè,2562085,0,False,0,0,0,0,0,0,0,0,0,0,0,0,0,0.0,0.0,0.0,0.0,0,0,0,0,0,0.00,0.00,0.00,0.00,45,-301,37309,0,301,91
93,MID,424044,Hamed,Traorè,2562095,0,False,0,0,0,0,0,0,0,0,0,0,0,0,0,0.0,0.0,0.0,0.0,0,0,0,0,0,0.00,0.00,0.00,0.00,45,-293,37011,0,293,91
93,MID,424044,Hamed,Traorè,2562106,0,False,0,0,0,0,0,0,0,0,0,0,0,0,0,0.0,0.0,0.0,0.0,0,0,0,0,0,0.00,0.00,0.00,0.00,45,-384,36630,0,384,91
93,MID,424044,Hamed,Traorè,2562115,0,False,0,0,0,0,0,0,0,0,0,0,0,0,0,0.0,0.0,0.0,0.0,0,0,0,0,0,0.00,0.00,0.00,0.00,45,-208,36435,0,208,91
93,MID,424044,Hamed,Traorè,2562134,0,False,0,0,0,0,0,0,0,0,0,0,0,0,0,0.0,0.0,0.0,0.0,0,0,0,0,0,0.00,0.00,0.00,0.00,45,-252,36178,0,252,91
93,MID,424044,Hamed,Traorè,2562135,0,False,0,0,0,0,0,0,0,0,0,0,0,0,0,0.0,0.0,0.0,0.0,0,0,0,0,0,0.00,0.00,0.00,0.00,45,-207,35974,0,207,91
93,MID,424044,Hamed,Traorè,2562149,0,False,0,0,0,0,0,0,0,0,0,0,0,0,0,0.0,0.0,0.0,0.0,0,0,0,0,0,0.00,0.00,0.00,0.00,45,-188,35786,0,188,91
93,MID,424044,Hamed,Traorè,2562164,0,False,0,0,0,0,0,0,0,0,0,0,0,0,0,0.0,0.0,0.0,0.0,0,0,0,0,0,0.00,0.00,0.00,0.00,45,-181,35620,0,181,91
93,MID,424044,Hamed,Traorè,2562165,0,False,0,0,0,0,0,0,0,0,0,0,0,0,0,0.0,0.0,0.0,0.0,0,0,0,0,0,0.00,0.00,0.00,0.00,45,-86,35537,0,86,91
93,MID,424044,Hamed,Traorè,2562175,0,False,0,0,0,0,0,0,0,0,0,0,0,0,0,0.0,0.0,0.0,0.0,0,0,0,0,0,0.00,0.00,0.00,0.00,45,-127,35411,0,127,91
93,MID,424044,Hamed,Traorè,2562187,0,False,0,0,0,0,0,0,0,0,0,0,0,0,0,0.0,0.0,0.0,0.0,0,0,0,0,0,0.00,0.00,0.00,0.00,45,-126,35283,0,126,91
93,MID,424044,Hamed,Traorè,2562195,0,False,0,0,0,0,0,0,0,0,0,0,0,0,0,0.0,0.0,0.0,0.0,0,0,0,0,0,0.00,0.00,0.00,0.00,45,-89,35150,0,89,91
93,MID,424044,Hamed,Traorè,2562205,0,False,0,0,0,0,0,0,0,0,0,0,0,0,0,0.0,0.0,0.0,0.0,0,0,0,0,0,0.00,0.00,0.00,0.00,45,-89,35109,0,89,91
93,MID,424044,Hamed,Traorè,2562222,0,False,0,0,0,0,0,0,0,0,0,0,0,0,0,0.0,0.0,0.0,0.0,0,0,0,0,0,0.00,0.00,0.00,0.00,45,-93,35002,0,93,91
93,MID,424044,Hamed,Traorè,2562225,0,False,0,0,0,0,0,0,0,0,0,0,0,0,0,0.0,0.0,0.0,0.0,0,0,0,0,0,0.00,0.00,0.00,0.00,45,-93,35002,0,93,91
93,MID,424044,Hamed,Traorè,2562235,0,False,0,0,0,0,0,0,0,0,0,0,0,0,0,0.0,0.0,0.0,0.0,0,0,0,0,0,0.00,0.00,0.00,0.00,45,-55,34875,0,55,91
93,MID,424044,Hamed,Traorè,2562248,0,False,0,0,0,0,0,0,0,0,0,0,0,0,0,0.0,0.0,0.0,0.0,0,0,0,0,0,0.00,0.00,0.00,0.00,45,-71,34802,0,71,91
93,MID,424044,Hamed,Traorè,2562255,0,False,0,0,0,0,0,0,0,0,0,0,0,0,0,0.0,0.0,0.0,0.0,0,0,0,0,0,0.00,0.00,0.00,0.00,45,-47,34756,0,47,91
93,MID,424044,Hamed,Traorè,2562271,0,False,0,0,0,0,0,0,0,0,0,0,0,0,0,0.0,0.0,0.0,0.0,0,0,0,0,0,0.00,0.00,0.00,0.00,45,-60,34697,0,60,91
94,MID,550596,Dominic,Sadi,2561895,0,False,0,0,0,0,0,0,0,0,0,0,0,0,0,0.0,0.0,0.0,0.0,0,0,0,0,0,0.00,0.00,0.00,0.00,45,0,5473,0,0,91
94,MID,550596,Dominic,Sadi,2561905,0,False,0,0,0,0,0,0,0,0,0,0,0,0,0,0.0,0.0,0.0,0.0,0,0,0,0,0,0.00,0.00,0.00,0.00,45,-350,6507,497,847,91
94,MID,550596,Dominic,Sadi,2561923,0,False,0,0,0,0,0,0,0,0,0,0,0,0,0,0.0,0.0,0.0,0.0,0,0,0,0,0,0.00,0.00,0.00,0.00,45,-581,6366,375,956,91
94,MID,550596,Dominic,Sadi,2561925,0,False,0,0,0,0,0,0,0,0,0,0,0,0,0,0.0,0.0,0.0,0.0,0,0,0,0,0,0.00,0.00,0.00,0.00,45,191,7025,998,807,91
94,MID,550596,Dominic,Sadi,2561935,0,False,0,0,0,0,0,0,0,0,0,0,0,0,0,0.0,0.0,0.0,0.0,0,0,0,0,0,0.00,0.00,0.00,0.00,45,674,8060,1456,782,91
94,MID,550596,Dominic,Sadi,2561950,0,False,0,0,0,0,0,0,0,0,0,0,0,0,0,0.0,0.0,0.0,0.0,0,0,0,0,0,0.00,0.00,0.00,0.00,45,-929,7084,569,1498,91
94,MID,550596,Dominic,Sadi,2561955,0,False,0,0,0,0,0,0,0,0,0,0,0,0,0,0.0,0.0,0.0,0.0,0,0,0,0,0,0.00,0.00,0.00,0.00,45,-850,6272,0,850,91
94,MID,550596,Dominic,Sadi,2561967,0,False,0,0,0,0,0,0,0,0,0,0,0,0,0,0.0,0.0,0.0,0.0,0,0,0,0,0,0.00,0.00,0.00,0.00,45,-708,5586,0,708,91
94,MID,550596,Dominic,Sadi,2561975,0,False,0,0,0,0,0,0,0,0,0,0,0,0,0,0.0,0.0,0.0,0.0,0,0,0,0,0,0.00,0.00,0.00,0.00,45,-304,5301,0,304,91
94,MID,550596,Dominic,Sadi,2561990,0,False,0,0,0,0,0,0,0,0,0,0,0,0,0,0.0,0.0,0.0,0.0,0,0,0,0,0,0.00,0.00,0.00,0.00,45,-270,5035,0,270,91
94,MID,550596,Dominic,Sadi,2561995,0,False,0,0,0,0,0,0,0,0,0,0,0,0,0,0.0,0.0,0.0,0.0,0,0,0,0,0,0.00,0.00,0.00,0.00,45,-195,4845,0,195,91
94,MID,550596,Dominic,Sadi,2562005,0,False,0,0,0,0,0,0,0,0,0,0,0,0,0,0.0,0.0,0.0,0.0,0,0,0,0,0,0.00,0.00,0.00,0.00,45,-165,4674,0,165,91
94,MID,550596,Dominic,Sadi,2562022,0,False,0,0,0,0,0,0,0,0,0,0,0,0,0,0.0,0.0,0.0,0.0,0,0,0,0,0,0.00,0.00,0.00,0.00,45,-100,4582,0,100,91
94,MID,550596,Dominic,Sadi,2562025,0,False,0,0,0,0,0,0,0,0,0,0,0,0,0,0.0,0.0,0.0,0.0,0,0,0,0,0,0.00,0.00,0.00,0.00,45,-68,4520,0,68,91
94,MID,550596,Dominic,Sadi,2562035,0,False,0,0,0,0,0,0,0,0,0,0,0,0,0,0.0,0.0,0.0,0.0,0,0,0,0,0,0.00,0.00,0.00,0.00,45,-78,4439,0,78,91
94,MID,550596,Dominic,Sadi,2562051,0,False,0,0,0,0,0,0,0,0,0,0,0,0,0,0.0,0.0,0.0,0.0,0,0,0,0,0,0.00,0.00,0.00,0.00,45,-154,4290,0,154,91
94,MID,550596,Dominic,Sadi,2562055,0,False,0,0,0,0,0,0,0,0,0,0,0,0,0,0.0,0.0,0.0,0.0,0,0,0,0,0,0.00,0.00,0.00,0.00,45,-104,4186,0,104,91
94,MID,550596,Dominic,Sadi,2562066,0,False,0,0,0,0,0,0,0,0,0,0,0,0,0,0.0,0.0,0.0,0.0,0,0,0,0,0,0.00,0.00,0.00,0.00,45,-71,4117,0,71,91
94,MID,550596,Dominic,Sadi,2562078,0,False,0,0,0,0,0,0,0,0,0,0,0,0,0,0.0,0.0,0.0,0.0,0,0,0,0,0,0.00,0.00,0.00,0.00,45,-36,4081,0,36,91
94,MID,550596,Dominic,Sadi,2562085,0,False,0,0,0,0,0,0,0,0,0,0,0,0,0,0.0,0.0,0.0,0.0,0,0,0,0,0,0.00,0.00,0.00,0.00,45,-30,4055,0,30,91
94,MID,550596,Dominic,Sadi,2562095,0,False,0,0,0,0,0,0,0,0,0,0,0,0,0,0.0,0.0,0.0,0.0,0,0,0,0,0,0.00,0.00,0.00,0.00,45,-30,4024,0,30,91
94,MID,550596,Dominic,Sadi,2562106,0,False,0,0,0,0,0,0,0,0,0,0,0,0,0,0.0,0.0,0.0,0.0,0,0,0,0,0,0.00,0.00,0.00,0.00,45,-33,3992,0,33,91
94,MID,550596,Dominic,Sadi,2562115,0,False,0,0,0,0,0,0,0,0,0,0,0,0,0,0.0,0.0,0.0,0.0,0,0,0,0,0,0.00,0.00,0.00,0.00,45,-24,3969,0,24,91
94,MID,550596,Dominic,Sadi,2562134,0,False,0,0,0,0,0,0,0,0,0,0,0,0,0,0.0,0.0,0.0,0.0,0,0,0,0,0,0.00,0.00,0.00,0.00,45,-21,3949,0,21,91
94,MID,550596,Dominic,Sadi,2562135,0,False,0,0,0,0,0,0,0,0,0,0,0,0,0,0.0,0.0,0.0,0.0,0,0,0,0,0,0.00,0.00,0.00,0.00,45,-17,3932,0,17,91
94,MID,550596,Dominic,Sadi,2562149,0,False,0,0,0,0,0,0,0,0,0,0,0,0,0,0.0,0.0,0.0,0.0,0,0,0,0,0,0.00,0.00,0.00,0.00,45,-20,3915,0,20,91
94,MID,550596,Dominic,Sadi,2562164,0,False,0,0,0,0,0,0,0,0,0,0,0,0,0,0.0,0.0,0.0,0.0,0,0,0,0,0,0.00,0.00,0.00,0.00,45,-11,3903,0,11,91
94,MID,550596,Dominic,Sadi,2562165,0,False,0,0,0,0,0,0,0,0,0,0,0,0,0,0.0,0.0,0.0,0.0,0,0,0,0,0,0.00,0.00,0.00,0.00,45,-14,3890,0,14,91
94,MID,550596,Dominic,Sadi,2562175,0,False,0,0,0,0,0,0,0,0,0,0,0,0,0,0.0,0.0,0.0,0.0,0,0,0,0,0,0.00,0.00,0.00,0.00,45,-7,3884,0,7,91
94,MID,550596,Dominic,Sadi,2562187,0,False,0,0,0,0,0,0,0,0,0,0,0,0,0,0.0,0.0,0.0,0.0,0,0,0,0,0,0.00,0.00,0.00,0.00,45,-16,3867,0,16,91
94,MID,550596,Dominic,Sadi,2562195,0,False,0,0,0,0,0,0,0,0,0,0,0,0,0,0.0,0.0,0.0,0.0,0,0,0,0,0,0.00,0.00,0.00,0.00,45,-6,3856,0,6,91
94,MID,550596,Dominic,Sadi,2562205,0,False,0,0,0,0,0,0,0,0,0,0,0,0,0,0.0,0.0,0.0,0.0,0,0,0,0,0,0.00,0.00,0.00,0.00,45,-12,3848,0,12,91
94,MID,550596,Dominic,Sadi,2562222,0,False,0,0,0,0,0,0,0,0,0,0,0,0,0,0.0,0.0,0.0,0.0,0,0,0,0,0,0.00,0.00,0.00,0.00,45,-11,3837,0,11,91
94,MID,550596,Dominic,Sadi,2562225,0,False,0,0,0,0,0,0,0,0,0,0,0,0,0,0.0,0.0,0.0,0.0,0,0,0,0,0,0.00,0.00,0.00,0.00,45,-11,3837,0,11,91
94,MID,550596,Dominic,Sadi,2562235,0,False,0,0,0,0,0,0,0,0,0,0,0,0,0,0.0,0.0,0.0,0.0,0,0,0,0,0,0.00,0.00,0.00,0.00,45,-7,3824,0,7,91
94,MID,550596,Dominic,Sadi,2562248,0,False,0,0,0,0,0,0,0,0,0,0,0,0,0,0.0,0.0,0.0,0.0,0,0,0,0,0,0.00,0.00,0.00,0.00,45,-8,3816,0,8,91
94,MID,550596,Dominic,Sadi,2562255,0,False,0,0,0,0,0,0,0,0,0,0,0,0,0,0.0,0.0,0.0,0.0,0,0,0,0,0,0.00,0.00,0.00,0.00,45,-4,3811,0,4,91
94,MID,550596,Dominic,Sadi,2562271,0,False,0,0,0,0,0,0,0,0,0,0,0,0,0,0.0,0.0,0.0,0.0,0,0,0,0,0,0.00,0.00,0.00,0.00,45,-5,3806,0,5,91
95,MID,530121,Zain,Silcott-Duberry,2561895,0,False,0,0,0,0,0,0,0,0,0,0,0,0,0,0.0,0.0,0.0,0.0,0,0,0,0,0,0.00,0.00,0.00,0.00,45,0,9256,0,0,91
95,MID,530121,Zain,Silcott-Duberry,2561905,0,False,0,0,0,0,0,0,0,0,0,0,0,0,0,0.0,0.0,0.0,0.0,0,0,0,0,0,0.00,0.00,0.00,0.00,45,-828,9291,355,1183,91
95,MID,530121,Zain,Silcott-Duberry,2561923,0,False,0,0,0,0,0,0,0,0,0,0,0,0,0,0.0,0.0,0.0,0.0,0,0,0,0,0,0.00,0.00,0.00,0.00,45,-1161,8352,248,1409,91
95,MID,530121,Zain,Silcott-Duberry,2561925,0,False,0,0,0,0,0,0,0,0,0,0,0,0,0,0.0,0.0,0.0,0.0,0,0,0,0,0,0.00,0.00,0.00,0.00,44,390,10726,1568,1178,91
95,MID,530121,Zain,Silcott-Duberry,2561935,0,False,0,0,0,0,0,0,0,0,0,0,0,0,0,0.0,0.0,0.0,0.0,0,0,0,0,0,0.00,0.00,0.00,0.00,44,6758,20148,9224,2466,91
95,MID,530121,Zain,Silcott-Duberry,2561950,0,False,0,0,0,0,0,0,0,0,0,0,0,0,0,0.0,0.0,0.0,0.0,0,0,0,0,0,0.00,0.00,0.00,0.00,44,-807,17342,4010,4817,91
95,MID,530121,Zain,Silcott-Duberry,2561955,0,False,0,0,0,0,0,0,0,0,0,0,0,0,0,0.0,0.0,0.0,0.0,0,0,0,0,0,0.00,0.00,0.00,0.00,44,-2519,14527,0,2519,91
95,MID,530121,Zain,Silcott-Duberry,2561967,0,False,0,0,0,0,0,0,0,0,0,0,0,0,0,0.0,0.0,0.0,0.0,0,0,0,0,0,0.00,0.00,0.00,0.00,44,-2031,12572,0,2031,91
95,MID,530121,Zain,Silcott-Duberry,2561975,0,False,0,0,0,0,0,0,0,0,0,0,0,0,0,0.0,0.0,0.0,0.0,0,0,0,0,0,0.00,0.00,0.00,0.00,44,-1057,11584,0,1057,91
95,MID,530121,Zain,Silcott-Duberry,2561990,0,False,0,0,0,0,0,0,0,0,0,0,0,0,0,0.0,0.0,0.0,0.0,0,0,0,0,0,0.00,0.00,0.00,0.00,44,-910,10657,0,910,91
95,MID,530121,Zain,Silcott-Duberry,2561995,0,False,0,0,0,0,0,0,0,0,0,0,0,0,0,0.0,0.0,0.0,0.0,0,0,0,0,0,0.00,0.00,0.00,0.00,44,-589,10094,0,589,91
95,MID,530121,Zain,Silcott-Duberry,2562005,0,False,0,0,0,0,0,0,0,0,0,0,0,0,0,0.0,0.0,0.0,0.0,0,0,0,0,0,0.00,0.00,0.00,0.00,44,-539,9543,0,539,91
95,MID,530121,Zain,Silcott-Duberry,2562022,0,False,0,0,0,0,0,0,0,0,0,0,0,0,0,0.0,0.0,0.0,0.0,0,0,0,0,0,0.00,0.00,0.00,0.00,44,-401,9115,0,401,91
95,MID,530121,Zain,Silcott-Duberry,2562025,0,False,0,0,0,0,0,0,0,0,0,0,0,0,0,0.0,0.0,0.0,0.0,0,0,0,0,0,0.00,0.00,0.00,0.00,44,-210,8985,0,210,91
95,MID,530121,Zain,Silcott-Duberry,2562035,0,False,0,0,0,0,0,0,0,0,0,0,0,0,0,0.0,0.0,0.0,0.0,0,0,0,0,0,0.00,0.00,0.00,0.00,44,-282,8699,0,282,91
95,MID,530121,Zain,Silcott-Duberry,2562051,0,False,0,0,0,0,0,0,0,0,0,0,0,0,0,0.0,0.0,0.0,0.0,0,0,0,0,0,0.00,0.00,0.00,0.00,44,-652,8044,0,652,91
95,MID,530121,Zain,Silcott-Duberry,2562055,0,False,0,0,0,0,0,0,0,0,0,0,0,0,0,0.0,0.0,0.0,0.0,0,0,0,0,0,0.00,0.00,0.00,0.00,44,-273,7785,0,273,91
95,MID,530121,Zain,Silcott-Duberry,2562066,0,False,0,0,0,0,0,0,0,0,0,0,0,0,0,0.0,0.0,0.0,0.0,0,0,0,0,0,0.00,0.00,0.00,0.00,44,-195,7588,0,195,91
95,MID,530121,Zain,Silcott-Duberry,2562078,0,False,0,0,0,0,0,0,0,0,0,0,0,0,0,0.0,0.0,0.0,0.0,0,0,0,0,0,0.00,0.00,0.00,0.00,44,-135,7461,0,135,91
95,MID,530121,Zain,Silcott-Duberry,2562085,0,False,0,0,0,0,0,0,0,0,0,0,0,0,0,0.0,0.0,0.0,0.0,0,0,0,0,0,0.00,0.00,0.00,0.00,44,-103,7375,0,103,91
95,MID,530121,Zain,Silcott-Duberry,2562095,0,False,0,0,0,0,0,0,0,0,0,0,0,0,0,0.0,0.0,0.0,0.0,0,0,0,0,0,0.00,0.00,0.00,0.00,44,-113,7266,0,113,91
95,MID,530121,Zain,Silcott-Duberry,2562106,0,False,0,0,0,0,0,0,0,0,0,0,0,0,0,0.0,0.0,0.0,0.0,0,0,0,0,0,0.00,0.00,0.00,0.00,44,-110,7152,0,110,91
95,MID,530121,Zain,Silcott-Duberry,2562115,0,False,0,0,0,0,0,0,0,0,0,0,0,0,0,0.0,0.0,0.0,0.0,0,0,0,0,0,0.00,0.00,0.00,0.00,44,-59,7100,0,59,91
95,MID,530121,Zain,Silcott-Duberry,2562134,0,False,0,0,0,0,0,0,0,0,0,0,0,0,0,0.0,0.0,0.0,0.0,0,0,0,0,0,0.00,0.00,0.00,0.00,44,-81,7017,0,81,91
95,MID,530121,Zain,Silcott-Duberry,2562135,0,False,0,0,0,0,0,0,0,0,0,0,0,0,0,0.0,0.0,0.0,0.0,0,0,0,0,0,0.00,0.00,0.00,0.00,44,-60,6958,0,60,91
95,MID,530121,Zain,Silcott-Duberry,2562149,0,False,0,0,0,0,0,0,0,0,0,0,0,0,0,0.0,0.0,0.0,0.0,0,0,0,0,0,0.00,0.00,0.00,0.00,44,-55,6903,0,55,91
95,MID,530121,Zain,Silcott-Duberry,2562164,0,False,0,0,0,0,0,0,0,0,0,0,0,0,0,0.0,0.0,0.0,0.0,0,0,0,0,0,0.00,0.00,0.00,0.00,44,-40,6869,0,40,91
95,MID,530121,Zain,Silcott-Duberry,2562165,0,False,0,0,0,0,0,0,0,0,0,0,0,0,0,0.0,0.0,0.0,0.0,0,0,0,0,0,0.00,0.00,0.00,0.00,44,-24,6848,0,24,91
95,MID,530121,Zain,Silcott-Duberry,2562175,0,False,0,0,0,0,0,0,0,0,0,0,0,0,0,0.0,0.0,0.0,0.0,0,0,0,0,0,0.00,0.00,0.00,0.00,44,-18,6830,0,18,91
95,MID,530121,Zain,Silcott-Duberry,2562187,0,False,0,0,0,0,0,0,0,0,0,0,0,0,0,0.0,0.0,0.0,0.0,0,0,0,0,0,0.00,0.00,0.00,0.00,44,-36,6791,0,36,91
95,MID,530121,Zain,Silcott-Duberry,2562195,0,False,0,0,0,0,0,0,0,0,0,0,0,0,0,0.0,0.0,0.0,0.0,0,0,0,0,0,0.00,0.00,0.00,0.00,44,-28,6743,0,28,91
95,MID,530121,Zain,Silcott-Duberry,2562205,0,False,0,0,0,0,0,0,0,0,0,0,0,0,0,0.0,0.0,0.0,0.0,0,0,0,0,0,0.00,0.00,0.00,0.00,44,-22,6744,0,22,91
95,MID,530121,Zain,Silcott-Duberry,2562222,0,False,0,0,0,0,0,0,0,0,0,0,0,0,0,0.0,0.0,0.0,0.0,0,0,0,0,0,0.00,0.00,0.00,0.00,44,-34,6701,0,34,91
95,MID,530121,Zain,Silcott-Duberry,2562225,0,False,0,0,0,0,0,0,0,0,0,0,0,0,0,0.0,0.0,0.0,0.0,0,0,0,0,0,0.00,0.00,0.00,0.00,44,-34,6701,0,34,91
95,MID,530121,Zain,Silcott-Duberry,2562235,0,False,0,0,0,0,0,0,0,0,0,0,0,0,0,0.0,0.0,0.0,0.0,0,0,0,0,0,0.00,0.00,0.00,0.00,44,-17,6672,0,17,91
95,MID,530121,Zain,Silcott-Duberry,2562248,0,False,0,0,0,0,0,0,0,0,0,0,0,0,0,0.0,0.0,0.0,0.0,0,0,0,0,0,0.00,0.00,0.00,0.00,44,-16,6655,0,16,91
95,MID,530121,Zain,Silcott-Duberry,2562255,0,False,0,0,0,0,0,0,0,0,0,0,0,0,0,0.0,0.0,0.0,0.0,0,0,0,0,0,0.00,0.00,0.00,0.00,44,-14,6640,0,14,91
95,MID,530121,Zain,Silcott-Duberry,2562271,0,False,0,0,0,0,0,0,0,0,0,0,0,0,0,0.0,0.0,0.0,0.0,0,0,0,0,0,0.00,0.00,0.00,0.00,44,-14,6625,0,14,91
96,MID,606775,Ben,Winterburn,2561895,1,False,6,0,0,0,2,0,0,0,0,0,0,0,3,0.0,0.0,0.0,0.0,0,0,0,0,0,0.00,0.00,0.00,0.31,45,0,7035,0,0,91
96,MID,606775,Ben,Winterburn,2561905,0,False,0,0,0,0,0,0,0,0,0,0,0,0,0,0.0,0.0,0.0,0.0,0,0,0,0,0,0.00,0.00,0.00,0.00,45,750,11048,2001,1251,91
96,MID,606775,Ben,Winterburn,2561923,0,False,0,0,0,0,0,0,0,0,0,0,0,0,0,0.0,0.0,0.0,0.0,0,0,0,0,0,0.00,0.00,0.00,0.00,45,-1013,10459,739,1752,91
96,MID,606775,Ben,Winterburn,2561925,0,False,0,0,0,0,0,0,0,0,0,0,0,0,0,0.0,0.0,0.0,0.0,0,0,0,0,0,0.00,0.00,0.00,0.00,45,-2129,8356,224,2353,91
96,MID,606775,Ben,Winterburn,2561935,0,False,0,0,0,0,0,0,0,0,0,0,0,0,0,0.0,0.0,0.0,0.0,0,0,0,0,0,0.00,0.00,0.00,0.00,45,-1316,7130,0,1316,91
96,MID,606775,Ben,Winterburn,2561950,0,False,0,0,0,0,0,0,0,0,0,0,0,0,0,0.0,0.0,0.0,0.0,0,0,0,0,0,0.00,0.00,0.00,0.00,45,-888,6250,0,888,91
96,MID,606775,Ben,Winterburn,2561955,0,False,0,0,0,0,0,0,0,0,0,0,0,0,0,0.0,0.0,0.0,0.0,0,0,0,0,0,0.00,0.00,0.00,0.00,45,-479,5811,0,479,91
96,MID,606775,Ben,Winterburn,2561967,0,False,0,0,0,0,0,0,0,0,0,0,0,0,0,0.0,0.0,0.0,0.0,0,0,0,0,0,0.00,0.00,0.00,0.00,45,-510,5318,0,510,91
96,MID,606775,Ben,Winterburn,2561975,0,False,0,0,0,0,0,0,0,0,0,0,0,0,0,0.0,0.0,0.0,0.0,0,0,0,0,0,0.00,0.00,0.00,0.00,45,-230,5099,0,230,91
96,MID,606775,Ben,Winterburn,2561990,0,False,0,0,0,0,0,0,0,0,0,0,0,0,0,0.0,0.0,0.0,0.0,0,0,0,0,0,0.00,0.00,0.00,0.00,45,-209,4897,0,209,91
96,MID,606775,Ben,Winterburn,2561995,0,False,0,0,0,0,0,0,0,0,0,0,0,0,0,0.0,0.0,0.0,0.0,0,0,0,0,0,0.00,0.00,0.00,0.00,45,-116,4786,0,116,91
96,MID,606775,Ben,Winterburn,2562005,0,False,0,0,0,0,0,0,0,0,0,0,0,0,0,0.0,0.0,0.0,0.0,0,0,0,0,0,0.00,0.00,0.00,0.00,45,-144,4641,0,144,91
96,MID,606775,Ben,Winterburn,2562022,0,False,0,0,0,0,0,0,0,0,0,0,0,0,0,0.0,0.0,0.0,0.0,0,0,0,0,0,0.00,0.00,0.00,0.00,45,-82,4560,0,82,91
96,MID,606775,Ben,Winterburn,2562025,0,False,0,0,0,0,0,0,0,0,0,0,0,0,0,0.0,0.0,0.0,0.0,0,0,0,0,0,0.00,0.00,0.00,0.00,45,-54,4509,0,54,91
96,MID,606775,Ben,Winterburn,2562035,0,False,0,0,0,0,0,0,0,0,0,0,0,0,0,0.0,0.0,0.0,0.0,0,0,0,0,0,0.00,0.00,0.00,0.00,45,-64,4443,0,64,91
96,MID,606775,Ben,Winterburn,2562051,0,False,0,0,0,0,0,0,0,0,0,0,0,0,0,0.0,0.0,0.0,0.0,0,0,0,0,0,0.00,0.00,0.00,0.00,45,-150,4296,0,150,91
96,MID,606775,Ben,Winterburn,2562055,0,False,0,0,0,0,0,0,0,0,0,0,0,0,0,0.0,0.0,0.0,0.0,0,0,0,0,0,0.00,0.00,0.00,0.00,45,-84,4212,0,84,91
96,MID,606775,Ben,Winterburn,2562066,0,False,0,0,0,0,0,0,0,0,0,0,0,0,0,0.0,0.0,0.0,0.0,0,0,0,0,0,0.00,0.00,0.00,0.00,45,-71,4140,0,71,91
96,MID,606775,Ben,Winterburn,2562078,0,False,0,0,0,0,0,0,0,0,0,0,0,0,0,0.0,0.0,0.0,0.0,0,0,0,0,0,0.00,0.00,0.00,0.00,45,-38,4101,0,38,91
96,MID,606775,Ben,Winterburn,2562085,0,False,0,0,0,0,0,0,0,0,0,0,0,0,0,0.0,0.0,0.0,0.0,0,0,0,0,0,0.00,0.00,0.00,0.00,45,-32,4076,0,32,91
96,MID,606775,Ben,Winterburn,2562095,0,False,0,0,0,0,0,0,0,0,0,0,0,0,0,0.0,0.0,0.0,0.0,0,0,0,0,0,0.00,0.00,0.00,0.00,45,-27,4048,0,27,91
96,MID,606775,Ben,Winterburn,2562106,0,False,0,0,0,0,0,0,0,0,0,0,0,0,0,0.0,0.0,0.0,0.0,0,0,0,0,0,0.00,0.00,0.00,0.00,45,-39,4009,0,39,91
96,MID,606775,Ben,Winterburn,2562115,0,False,0,0,0,0,0,0,0,0,0,0,0,0,0,0.0,0.0,0.0,0.0,0,0,0,0,0,0.00,0.00,0.00,0.00,45,-17,3992,0,17,91
96,MID,606775,Ben,Winterburn,2562134,0,False,0,0,0,0,0,0,0,0,0,0,0,0,0,0.0,0.0,0.0,0.0,0,0,0,0,0,0.00,0.00,0.00,0.00,45,-15,3978,0,15,91
96,MID,606775,Ben,Winterburn,2562135,0,False,0,0,0,0,0,0,0,0,0,0,0,0,0,0.0,0.0,0.0,0.0,0,0,0,0,0,0.00,0.00,0.00,0.00,45,-18,3957,0,18,91
96,MID,606775,Ben,Winterburn,2562149,0,False,0,0,0,0,0,0,0,0,0,0,0,0,0,0.0,0.0,0.0,0.0,0,0,0,0,0,0.00,0.00,0.00,0.00,45,-14,3943,0,14,91
96,MID,606775,Ben,Winterburn,2562164,0,False,0,0,0,0,0,0,0,0,0,0,0,0,0,0.0,0.0,0.0,0.0,0,0,0,0,0,0.00,0.00,0.00,0.00,45,-22,3922,0,22,91
96,MID,606775,Ben,Winterburn,2562165,0,False,0,0,0,0,0,0,0,0,0,0,0,0,0,0.0,0.0,0.0,0.0,0,0,0,0,0,0.00,0.00,0.00,0.00,45,-14,3910,0,14,91
96,MID,606775,Ben,Winterburn,2562175,0,False,0,0,0,0,0,0,0,0,0,0,0,0,0,0.0,0.0,0.0,0.0,0,0,0,0,0,0.00,0.00,0.00,0.00,45,-10,3899,0,10,91
96,MID,606775,Ben,Winterburn,2562187,0,False,0,0,0,0,0,0,0,0,0,0,0,0,0,0.0,0.0,0.0,0.0,0,0,0,0,0,0.00,0.00,0.00,0.00,45,-12,3888,0,12,91
96,MID,606775,Ben,Winterburn,2562195,0,False,0,0,0,0,0,0,0,0,0,0,0,0,0,0.0,0.0,0.0,0.0,0,0,0,0,0,0.00,0.00,0.00,0.00,45,-11,3872,0,11,91
96,MID,606775,Ben,Winterburn,2562205,0,False,0,0,0,0,0,0,0,0,0,0,0,0,0,0.0,0.0,0.0,0.0,0,0,0,0,0,0.00,0.00,0.00,0.00,45,-10,3866,0,10,91
96,MID,606775,Ben,Winterburn,2562222,0,False,0,0,0,0,0,0,0,0,0,0,0,0,0,0.0,0.0,0.0,0.0,0,0,0,0,0,0.00,0.00,0.00,0.00,45,-4,3863,0,4,91
96,MID,606775,Ben,Winterburn,2562225,0,False,0,0,0,0,0,0,0,0,0,0,0,0,0,0.0,0.0,0.0,0.0,0,0,0,0,0,0.00,0.00,0.00,0.00,45,-4,3863,0,4,91
96,MID,606775,Ben,Winterburn,2562235,0,False,0,0,0,0,0,0,0,0,0,0,0,0,0,0.0,0.0,0.0,0.0,0,0,0,0,0,0.00,0.00,0.00,0.00,45,-8,3847,0,8,91
96,MID,606775,Ben,Winterburn,2562248,0,False,0,0,0,0,0,0,0,0,0,0,0,0,0,0.0,0.0,0.0,0.0,0,0,0,0,0,0.00,0.00,0.00,0.00,45,-5,3842,0,5,91
96,MID,606775,Ben,Winterburn,2562255,0,False,0,0,0,0,0,0,0,0,0,0,0,0,0,0.0,0.0,0.0,0.0,0,0,0,0,0,0.00,0.00,0.00,0.00,45,-2,3838,0,2,91
96,MID,606775,Ben,Winterburn,2562271,0,False,0,0,0,0,0,0,0,0,0,0,0,0,0,0.0,0.0,0.0,0.0,0,0,0,0,0,0.00,0.00,0.00,0.00,45,-3,3837,0,3,91
97,FWD,444102,Francisco Evanilson,de Lima Barbosa,2561895,1,False,90,0,0,0,4,0,0,0,1,0,0,0,-1,0.0,0.6,17.0,1.6,3,2,0,5,1,0.29,0.00,0.29,2.21,70,0,183306,0,0,91
97,FWD,444102,Francisco Evanilson,de Lima Barbosa,2561905,2,False,87,0,0,1,0,0,0,0,0,0,0,0,13,6.4,45.5,4.0,5.6,0,1,0,1,1,0.00,0.02,0.02,0.41,70,56679,292590,93409,36730,91
97,FWD,444102,Francisco Evanilson,de Lima Barbosa,2561923,8,False,80,1,0,1,0,0,0,0,0,0,0,2,34,40.6,21.7,63.0,12.5,2,3,0,5,1,0.50,0.06,0.56,0.12,70,-58870,212854,14014,72884,91
97,FWD,444102,Francisco Evanilson,de Lima Barbosa,2561925,5,False,90,0,1,0,1,0,0,0,0,0,0,0,19,3.4,2.2,40.0,4.6,1,6,0,7,1,0.14,0.04,0.18,0.62,70,54160,296241,101784,47624,91
97,FWD,444102,Francisco Evanilson,de Lima Barbosa,2561935,2,False,90,0,0,1,0,0,0,0,0,0,0,0,9,4.6,11.6,9.0,2.5,0,4,1,5,1,0.10,0.02,0.12,0.14,70,55161,359509,93944,38783,91
97,FWD,444102,Francisco Evanilson,de Lima Barbosa,2561950,2,False,90,0,0,0,2,0,0,0,0,0,0,0,5,0.8,12.8,8.0,2.2,0,3,0,3,1,0.02,0.12,0.14,1.84,70,54275,422010,118364,64089,91
97,FWD,444102,Francisco Evanilson,de Lima Barbosa,2561955,2,False,90,0,0,0,1,0,0,0,0,0,0,0,10,3.2,12.8,32.0,4.8,0,4,0,4,1,0.27,0.04,0.31,0.88,70,-30906,388234,35548,66454,91
97,FWD,444102,Francisco Evanilson,de Lima Barbosa,2561967,0,False,0,0,0,0,0,0,0,0,0,0,0,0,0,0.0,0.0,0.0,0.0,0,0,0,0,0,0.00,0.00,0.00,0.00,70,-61059,330568,23639,84698,91
97,FWD,444102,Francisco Evanilson,de Lima Barbosa,2561975,0,False,0,0,0,0,0,0,0,0,0,0,0,0,0,0.0,0.0,0.0,0.0,0,0,0,0,0,0.00,0.00,0.00,0.00,70,-113387,217610,1665,115052,91
97,FWD,444102,Francisco Evanilson,de Lima Barbosa,2561990,1,False,28,0,0,0,0,0,0,0,0,0,0,0,1,0.0,0.0,0.0,0.0,0,0,0,0,0,0.00,0.00,0.00,0.31,70,-48473,171140,2076,50549,91
97,FWD,444102,Francisco Evanilson,de Lima Barbosa,2561995,2,False,76,0,0,0,3,0,0,0,0,0,0,0,2,0.0,13.2,17.0,2.9,2,0,0,2,1,0.26,0.06,0.32,1.10,70,-7033,166790,6936,13969,91
97,FWD,444102,Francisco Evanilson,de Lima Barbosa,2562005,5,False,90,0,1,0,2,0,0,0,0,0,0,0,15,0.4,2.2,60.0,6.3,0,2,1,3,1,0.47,0.03,0.50,0.65,70,10478,181791,20136,9658,91
97,FWD,444102,Francisco Evanilson,de Lima Barbosa,2562022,5,False,79,0,1,0,3,0,0,0,0,0,0,0,15,3.2,1.3,59.0,6.4,1,3,0,4,1,0.95,0.01,0.96,1.20,70,5992,186973,15483,9491,91
97,FWD,444102,Francisco Evanilson,de Lima Barbosa,2562025,1,False,29,0,0,0,1,0,0,0,0,0,0,0,-2,5.8,21.5,2.0,2.9,0,1,1,2,0,0.00,0.14,0.14,0.61,70,4694,195141,13085,8391,91
97,FWD,444102,Francisco Evanilson,de Lima Barbosa,2562035,2,False,86,0,0,1,0,0,0,0,0,0,0,0,-3,0.0,1.3,7.0,0.7,0,0,1,1,1,0.85,0.00,0.85,0.90,70,-11353,180347,6016,17369,91
97,FWD,444102,Francisco Evanilson,de Lima Barbosa,2562051,6,False,77,1,0,0,3,0,0,0,0,0,0,0,34,32.2,1.9,20.0,5.4,0,2,0,2,1,0.28,0.05,0.33,2.81,70,-10344,171514,10792,21136,91
97,FWD,444102,Francisco Evanilson,de Lima Barbosa,2562055,2,False,62,0,0,1,0,0,0,0,0,0,0,0,4,3.0,22.3,8.0,3.3,0,0,1,1,1,0.00,0.05,0.05,0.00,70,88480,284883,96443,7963,91
97,FWD,444102,Francisco Evanilson,de Lima Barbosa,2562066,1,False,45,0,0,0,2,0,0,0,0,0,0,0,4,1.0,0.8,10.0,1.2,0,1,0,1,0,0.26,0.00,0.26,2.13,70,-34973,220916,9526,44499,91
97,FWD,444102,Francisco Evanilson,de Lima Barbosa,2562078,2,False,81,0,0,0,2,0,0,0,0,0,0,0,10,5.4,10.9,22.0,3.8,1,3,0,4,1,0.07,0.08,0.15,2.08,70,-28909,195501,2562,31471,91
97,FWD,444102,Francisco Evanilson,de Lima Barbosa,2562085,7,False,73,1,0,0,3,0,0,0,0,0,0,1,25,37.0,10.5,23.0,7.1,3,2,0,5,1,0.76,0.01,0.77,1.02,70,-14398,186134,3375,17773,91
97,FWD,444102,Francisco Evanilson,de Lima Barbosa,2562095,6,False,63,1,0,0,1,0,0,0,0,0,0,0,26,35.0,13.0,28.0,7.6,1,1,0,2,1,0.11,0.03,0.14,0.27,70,11049,199749,19160,8111,91
97,FWD,444102,Francisco Evanilson,de Lima Barbosa,2562106,2,False,90,0,0,0,1,0,0,0,0,0,0,0,5,6.4,2.8,31.0,4.0,2,3,0,5,1,0.36,0.00,0.36,1.05,70,8005,208195,22893,14888,91
97,FWD,444102,Francisco Evanilson,de Lima Barbosa,2562115,8,False,90,1,0,0,2,0,0,0,0,0,0,2,31,37.8,23.2,52.0,11.3,2,3,1,6,1,0.97,0.03,1.00,0.93,70,-855,207583,10554,11409,91
97,FWD,444102,Francisco Evanilson,de Lima Barbosa,2562134,2,False,84,0,0,1,0,0,0,0,0,0,0,0,7,10.4,10.4,8.0,2.9,3,1,1,5,1,0.00,0.01,0.01,1.13,71,267045,497738,297251,30206,91
97,FWD,444102,Francisco Evanilson,de Lima Barbosa,2562135,2,False,89,0,0,0,1,0,0,0,0,0,0,0,4,7.2,35.9,64.0,10.7,1,2,0,3,1,0.57,0.11,0.68,0.44,71,-47713,427207,22217,69930,91
97,FWD,444102,Francisco Evanilson,de Lima Barbosa,2562149,1,False,57,0,0,0,1,0,0,0,0,0,0,0,7,7.2,1.3,24.0,3.3,1,1,0,2,1,0.12,0.01,0.13,1.95,70,-53869,371610,18020,71889,91
97,FWD,444102,Francisco Evanilson,de Lima Barbosa,2562164,2,False,79,0,0,1,0,0,0,0,0,0,0,0,4,5.2,1.6,4.0,1.1,1,0,0,1,1,0.00,0.00,0.00,3.09,69,-36324,341626,18674,54998,91
97,FWD,444102,Francisco Evanilson,de Lima Barbosa,2562165,6,False,39,1,0,0,0,0,0,0,0,0,0,1,27,32.4,0.8,33.0,6.6,0,0,0,0,0,0.15,0.00,0.15,0.47,69,-14585,328217,17479,32064,91
97,FWD,444102,Francisco Evanilson,de Lima Barbosa,2562175,2,False,79,0,0,1,0,0,0,0,0,0,0,0,10,6.4,28.3,4.0,3.9,1,5,0,6,1,0.00,0.21,0.21,0.26,69,-45505,281234,2780,48285,91
97,FWD,444102,Francisco Evanilson,de Lima Barbosa,2562187,2,False,90,0,0,1,0,0,0,0,0,0,0,0,5,1.0,4.4,44.0,4.9,0,6,0,6,1,0.74,0.00,0.74,1.40,68,11201,296808,27007,15806,91
97,FWD,444102,Francisco Evanilson,de Lima Barbosa,2562195,5,False,90,0,1,0,2,0,0,0,0,0,0,0,15,3.4,2.8,10.0,1.6,3,5,0,8,1,0.05,0.01,0.06,1.77,68,-11886,278332,5908,17794,91
97,FWD,444102,Francisco Evanilson,de Lima Barbosa,2562205,5,False,89,0,1,0,1,0,0,0,0,0,0,0,22,25.2,13.9,23.0,6.2,3,3,0,6,1,0.04,0.03,0.07,2.19,68,-13945,271323,14164,28109,91
97,FWD,444102,Francisco Evanilson,de Lima Barbosa,2562222,5,False,88,0,1,0,1,0,0,0,0,0,0,0,11,4.8,12.1,19.0,3.6,1,1,3,5,1,1.12,0.03,1.15,1.01,67,111986,436313,120627,8641,91
97,FWD,444102,Francisco Evanilson,de Lima Barbosa,2562225,1,False,90,0,0,0,2,0,0,0,1,0,0,0,0,4.2,25.7,24.0,5.4,2,0,0,2,1,0.11,0.06,0.17,0.83,67,111986,436313,120627,8641,91
97,FWD,444102,Francisco Evanilson,de Lima Barbosa,2562235,5,False,79,0,1,1,0,0,0,0,0,0,0,0,17,0.0,12.0,14.0,2.6,2,5,0,7,1,0.24,0.16,0.40,0.25,67,-6962,326119,12328,19290,91
97,FWD,444102,Francisco Evanilson,de Lima Barbosa,2562248,1,False,42,0,0,0,0,0,0,0,0,0,0,0,4,1.2,1.7,9.0,1.2,0,0,1,1,1,0.07,0.01,0.08,0.57,67,36,326189,19593,19557,91
97,FWD,444102,Francisco Evanilson,de Lima Barbosa,2562255,2,False,88,0,0,1,0,0,0,0,0,0,0,0,14,13.4,12.3,14.0,4.0,4,3,1,8,1,0.71,0.04,0.75,1.16,67,-25735,300032,4268,30003,91
97,FWD,444102,Francisco Evanilson,de Lima Barbosa,2562271,2,False,72,0,0,0,1,0,0,0,0,0,0,0,9,2.4,2.6,3.0,0.8,2,4,1,7,1,0.06,0.01,0.07,1.22,66,19035,322517,33469,14434,91
98,FWD,168636,Enes,Ünal,2561895,0,False,0,0,0,0,0,0,0,0,0,0,0,0,0,0.0,0.0,0.0,0.0,0,0,0,0,0,0.00,0.00,0.00,0.00,55,0,1219,0,0,91
98,FWD,168636,Enes,Ünal,2561905,0,False,0,0,0,0,0,0,0,0,0,0,0,0,0,0.0,0.0,0.0,0.0,0,0,0,0,0,0.00,0.00,0.00,0.00,55,-182,1318,136,318,91
98,FWD,168636,Enes,Ünal,2561923,0,False,0,0,0,0,0,0,0,0,0,0,0,0,0,0.0,0.0,0.0,0.0,0,0,0,0,0,0.00,0.00,0.00,0.00,55,-155,1277,101,256,91
98,FWD,168636,Enes,Ünal,2561925,0,False,0,0,0,0,0,0,0,0,0,0,0,0,0,0.0,0.0,0.0,0.0,0,0,0,0,0,0.00,0.00,0.00,0.00,55,-96,1255,82,178,91
98,FWD,168636,Enes,Ünal,2561935,0,False,0,0,0,0,0,0,0,0,0,0,0,0,0,0.0,0.0,0.0,0.0,0,0,0,0,0,0.00,0.00,0.00,0.00,55,-40,1258,54,94,91
98,FWD,168636,Enes,Ünal,2561950,0,False,0,0,0,0,0,0,0,0,0,0,0,0,0,0.0,0.0,0.0,0.0,0,0,0,0,0,0.00,0.00,0.00,0.00,55,-43,1254,58,101,91
98,FWD,168636,Enes,Ünal,2561955,0,False,0,0,0,0,0,0,0,0,0,0,0,0,0,0.0,0.0,0.0,0.0,0,0,0,0,0,0.00,0.00,0.00,0.00,54,-36,1222,38,74,91
98,FWD,168636,Enes,Ünal,2561967,0,False,0,0,0,0,0,0,0,0,0,0,0,0,0,0.0,0.0,0.0,0.0,0,0,0,0,0,0.00,0.00,0.00,0.00,54,11,1263,88,77,91
98,FWD,168636,Enes,Ünal,2561975,1,False,1,0,0,0,0,0,0,0,0,0,0,0,3,0.0,0.0,0.0,0.0,0,0,0,0,0,0.00,0.00,0.00,0.00,54,-30,1245,44,74,91
98,FWD,168636,Enes,Ünal,2561990,0,False,0,0,0,0,0,0,0,0,0,0,0,0,0,0.0,0.0,0.0,0.0,0,0,0,0,0,0.00,0.00,0.00,0.00,54,527,1926,672,145,91
98,FWD,168636,Enes,Ünal,2561995,0,False,0,0,0,0,0,0,0,0,0,0,0,0,0,0.0,0.0,0.0,0.0,0,0,0,0,0,0.00,0.00,0.00,0.00,54,581,2641,828,247,91
98,FWD,168636,Enes,Ünal,2562005,6,False,10,1,0,0,0,0,0,0,0,0,0,1,30,36.0,0.3,36.0,7.2,0,1,0,1,0,0.49,0.01,0.50,0.00,54,418,3272,750,332,91
98,FWD,168636,Enes,Ünal,2562022,1,False,10,0,0,0,0,0,0,0,0,0,0,0,3,0.0,1.3,3.0,0.3,0,0,0,0,0,0.05,0.04,0.09,0.07,54,1349,5014,1656,307,91
98,FWD,168636,Enes,Ünal,2562025,0,False,10,0,0,0,0,0,0,0,1,0,0,0,-1,0.0,0.0,0.0,0.0,0,0,0,0,0,0.00,0.00,0.00,0.10,54,180,5023,674,494,91
98,FWD,168636,Enes,Ünal,2562035,1,False,3,0,0,0,0,0,0,0,0,0,0,0,1,0.0,0.0,0.0,0.0,0,1,0,1,0,0.00,0.00,0.00,0.03,54,107,5218,790,683,91
98,FWD,168636,Enes,Ünal,2562051,0,False,0,0,0,0,0,0,0,0,0,0,0,0,0,0.0,0.0,0.0,0.0,0,0,0,0,0,0.00,0.00,0.00,0.00,54,-112,5203,1018,1130,91
98,FWD,168636,Enes,Ünal,2562055,1,False,27,0,0,0,1,0,0,0,0,0,0,0,4,2.0,1.5,0.0,0.4,1,0,0,1,0,0.00,0.00,0.00,0.38,54,461,5835,1186,725,91
98,FWD,168636,Enes,Ünal,2562066,0,False,0,0,0,0,0,0,0,0,0,0,0,0,0,0.0,0.0,0.0,0.0,0,0,0,0,0,0.00,0.00,0.00,0.00,54,-107,5722,677,784,91
98,FWD,168636,Enes,Ünal,2562078,1,False,8,0,0,0,0,0,0,0,0,0,0,0,-3,0.0,0.5,4.0,0.3,0,0,0,0,0,0.24,0.00,0.24,0.22,54,-315,5413,277,592,91
98,FWD,168636,Enes,Ünal,2562085,1,False,16,0,0,0,0,0,0,0,0,0,0,0,2,0.0,0.5,0.0,0.1,0,1,0,1,0,0.00,0.00,0.00,0.11,54,-8,5501,381,389,91
98,FWD,168636,Enes,Ünal,2562095,1,False,26,0,0,0,1,0,0,0,0,0,0,0,1,0.0,0.0,8.0,0.7,1,0,0,1,0,0.18,0.00,0.18,0.98,54,44,5602,491,447,91
98,FWD,168636,Enes,Ünal,2562106,0,False,0,0,0,0,0,0,0,0,0,0,0,0,0,0.0,0.0,0.0,0.0,0,0,0,0,0,0.00,0.00,0.00,0.00,54,-544,5092,371,915,91
98,FWD,168636,Enes,Ünal,2562115,1,False,1,0,0,0,0,0,0,0,0,0,0,0,3,0.0,0.0,2.0,0.2,0,0,0,0,0,0.00,0.00,0.00,0.00,54,-450,4657,37,487,91
98,FWD,168636,Enes,Ünal,2562134,1,False,5,0,0,0,0,0,0,0,0,0,0,0,1,1.0,0.3,2.0,0.3,1,0,0,1,0,0.00,0.00,0.00,0.25,54,446,5220,764,318,91
98,FWD,168636,Enes,Ünal,2562135,1,False,1,0,0,0,0,0,0,0,0,0,0,0,3,0.2,0.3,0.0,0.1,0,0,0,0,0,0.00,0.00,0.00,0.00,54,146,5390,497,351,91
98,FWD,168636,Enes,Ünal,2562149,1,False,32,0,0,0,0,0,0,0,0,0,0,0,0,0.0,4.0,6.0,0.7,1,1,0,2,0,0.09,0.00,0.09,1.00,54,258,5707,618,360,91
98,FWD,168636,Enes,Ünal,2562164,1,False,1,0,0,0,0,0,0,0,0,0,0,0,2,2.2,0.1,0.0,0.2,1,0,0,1,0,0.00,0.00,0.00,0.10,54,173,5898,571,398,91
98,FWD,168636,Enes,Ünal,2562165,1,False,9,0,0,0,0,0,0,0,0,0,0,0,1,0.0,2.1,19.0,2.0,1,0,0,1,0,0.30,0.00,0.30,0.08,54,92,6048,402,310,91
98,FWD,168636,Enes,Ünal,2562175,1,False,10,0,0,0,0,0,0,0,0,0,0,0,5,4.2,1.5,2.0,0.8,1,0,1,2,0,0.00,0.01,0.01,0.13,54,100,6158,424,324,91
98,FWD,168636,Enes,Ünal,2562187,1,False,3,0,0,0,0,0,0,0,0,0,0,0,-1,0.0,0.6,4.0,0.3,0,0,0,0,0,0.50,0.00,0.50,0.00,54,4,6225,423,419,91
98,FWD,168636,Enes,Ünal,2562195,0,False,0,0,0,0,0,0,0,0,0,0,0,0,0,0.0,0.0,0.0,0.0,0,0,0,0,0,0.00,0.00,0.00,0.00,54,-52,6164,182,234,91
98,FWD,168636,Enes,Ünal,2562205,1,False,1,0,0,0,0,0,0,0,0,0,0,0,3,1.0,0.0,0.0,0.1,0,0,0,0,0,0.00,0.00,0.00,0.13,54,-42,6186,222,264,91
98,FWD,168636,Enes,Ünal,2562222,1,False,1,0,0,0,0,0,0,0,0,0,0,0,4,4.2,0.0,0.0,0.4,2,1,0,3,0,0.00,0.00,0.00,0.58,54,100,6382,357,257,91
98,FWD,168636,Enes,Ünal,2562225,0,False,0,0,0,0,0,0,0,0,0,0,0,0,0,0.0,0.0,0.0,0.0,0,0,0,0,0,0.00,0.00,0.00,0.00,54,100,6382,357,257,91
98,FWD,168636,Enes,Ünal,2562235,1,False,10,0,0,0,0,0,0,0,0,0,0,0,3,2.0,0.3,2.0,0.4,1,0,0,1,0,0.04,0.00,0.04,0.64,54,-2,6220,137,139,91
98,FWD,168636,Enes,Ünal,2562248,1,False,11,0,0,0,0,0,0,0,0,0,0,0,6,3.0,0.8,5.0,0.9,2,0,0,2,0,0.04,0.01,0.05,0.34,54,73,6307,271,198,91
98,FWD,168636,Enes,Ünal,2562255,1,False,1,0,0,0,1,0,0,0,0,0,0,0,7,9.4,10.1,0.0,2.0,2,2,0,4,0,0.00,0.00,0.00,0.51,54,-38,6282,125,163,91
98,FWD,168636,Enes,Ünal,2562271,1,False,17,0,0,0,0,0,0,0,0,0,0,0,6,5.0,0.8,11.0,1.7,1,0,0,1,0,0.07,0.00,0.07,0.51,54,147,6469,287,140,91
99,FWD,590760,Daniel,Adu-Adjei,2561895,0,False,0,0,0,0,0,0,0,0,0,0,0,0,0,0.0,0.0,0.0,0.0,0,0,0,0,0,0.00,0.00,0.00,0.00,45,0,27741,0,0,91
99,FWD,590760,Daniel,Adu-Adjei,2561905,0,False,0,0,0,0,0,0,0,0,0,0,0,0,0,0.0,0.0,0.0,0.0,0,0,0,0,0,0.00,0.00,0.00,0.00,45,-1243,33038,3315,4558,91
99,FWD,590760,Daniel,Adu-Adjei,2561923,0,False,0,0,0,0,0,0,0,0,0,0,0,0,0,0.0,0.0,0.0,0.0,0,0,0,0,0,0.00,0.00,0.00,0.00,45,-5111,28995,1490,6601,91
99,FWD,590760,Daniel,Adu-Adjei,2561925,0,False,0,0,0,0,0,0,0,0,0,0,0,0,0,0.0,0.0,0.0,0.0,0,0,0,0,0,0.00,0.00,0.00,0.00,44,630,32842,6232,5602,91
99,FWD,590760,Daniel,Adu-Adjei,2561935,0,False,0,0,0,0,0,0,0,0,0,0,0,0,0,0.0,0.0,0.0,0.0,0,0,0,0,0,0.00,0.00,0.00,0.00,44,4849,39297,8639,3790,91
99,FWD,590760,Daniel,Adu-Adjei,2561950,0,False,0,0,0,0,0,0,0,0,0,0,0,0,0,0.0,0.0,0.0,0.0,0,0,0,0,0,0.00,0.00,0.00,0.00,44,-3899,34506,2468,6367,91
99,FWD,590760,Daniel,Adu-Adjei,2561955,0,False,0,0,0,0,0,0,0,0,0,0,0,0,0,0.0,0.0,0.0,0.0,0,0,0,0,0,0.00,0.00,0.00,0.00,44,-4134,30410,0,4134,91
99,FWD,590760,Daniel,Adu-Adjei,2561967,0,False,0,0,0,0,0,0,0,0,0,0,0,0,0,0.0,0.0,0.0,0.0,0,0,0,0,0,0.00,0.00,0.00,0.00,44,-3230,27303,0,3230,91
99,FWD,590760,Daniel,Adu-Adjei,2561975,0,False,0,0,0,0,0,0,0,0,0,0,0,0,0,0.0,0.0,0.0,0.0,0,0,0,0,0,0.00,0.00,0.00,0.00,44,-2183,25197,0,2183,91
99,FWD,590760,Daniel,Adu-Adjei,2561990,0,False,0,0,0,0,0,0,0,0,0,0,0,0,0,0.0,0.0,0.0,0.0,0,0,0,0,0,0.00,0.00,0.00,0.00,44,-1542,23671,0,1542,91
99,FWD,590760,Daniel,Adu-Adjei,2561995,0,False,0,0,0,0,0,0,0,0,0,0,0,0,0,0.0,0.0,0.0,0.0,0,0,0,0,0,0.00,0.00,0.00,0.00,44,-1019,22689,0,1019,91
99,FWD,590760,Daniel,Adu-Adjei,2562005,0,False,0,0,0,0,0,0,0,0,0,0,0,0,0,0.0,0.0,0.0,0.0,0,0,0,0,0,0.00,0.00,0.00,0.00,44,-843,21824,0,843,91
99,FWD,590760,Daniel,Adu-Adjei,2562022,0,False,0,0,0,0,0,0,0,0,0,0,0,0,0,0.0,0.0,0.0,0.0,0,0,0,0,0,0.00,0.00,0.00,0.00,44,-613,21225,0,613,91
99,FWD,590760,Daniel,Adu-Adjei,2562025,0,False,0,0,0,0,0,0,0,0,0,0,0,0,0,0.0,0.0,0.0,0.0,0,0,0,0,0,0.00,0.00,0.00,0.00,44,-355,20935,0,355,91
99,FWD,590760,Daniel,Adu-Adjei,2562035,0,False,0,0,0,0,0,0,0,0,0,0,0,0,0,0.0,0.0,0.0,0.0,0,0,0,0,0,0.00,0.00,0.00,0.00,44,-423,20512,0,423,91
99,FWD,590760,Daniel,Adu-Adjei,2562051,0,False,0,0,0,0,0,0,0,0,0,0,0,0,0,0.0,0.0,0.0,0.0,0,0,0,0,0,0.00,0.00,0.00,0.00,44,-851,19664,0,851,91
99,FWD,590760,Daniel,Adu-Adjei,2562055,0,False,0,0,0,0,0,0,0,0,0,0,0,0,0,0.0,0.0,0.0,0.0,0,0,0,0,0,0.00,0.00,0.00,0.00,44,-441,19234,0,441,91
99,FWD,590760,Daniel,Adu-Adjei,2562066,0,False,0,0,0,0,0,0,0,0,0,0,0,0,0,0.0,0.0,0.0,0.0,0,0,0,0,0,0.00,0.00,0.00,0.00,44,-439,18795,0,439,91
99,FWD,590760,Daniel,Adu-Adjei,2562078,0,False,0,0,0,0,0,0,0,0,0,0,0,0,0,0.0,0.0,0.0,0.0,0,0,0,0,0,0.00,0.00,0.00,0.00,44,-211,18596,0,211,91
99,FWD,590760,Daniel,Adu-Adjei,2562085,0,False,0,0,0,0,0,0,0,0,0,0,0,0,0,0.0,0.0,0.0,0.0,0,0,0,0,0,0.00,0.00,0.00,0.00,44,-147,18474,0,147,91
99,FWD,590760,Daniel,Adu-Adjei,2562095,0,False,0,0,0,0,0,0,0,0,0,0,0,0,0,0.0,0.0,0.0,0.0,0,0,0,0,0,0.00,0.00,0.00,0.00,44,-121,18362,0,121,91
99,FWD,590760,Daniel,Adu-Adjei,2562106,0,False,0,0,0,0,0,0,0,0,0,0,0,0,0,0.0,0.0,0.0,0.0,0,0,0,0,0,0.00,0.00,0.00,0.00,44,-211,18148,0,211,91
99,FWD,590760,Daniel,Adu-Adjei,2562115,0,False,0,0,0,0,0,0,0,0,0,0,0,0,0,0.0,0.0,0.0,0.0,0,0,0,0,0,0.00,0.00,0.00,0.00,44,-96,18055,0,96,91
99,FWD,590760,Daniel,Adu-Adjei,2562134,0,False,0,0,0,0,0,0,0,0,0,0,0,0,0,0.0,0.0,0.0,0.0,0,0,0,0,0,0.00,0.00,0.00,0.00,44,-118,17932,0,118,91
99,FWD,590760,Daniel,Adu-Adjei,2562135,0,False,0,0,0,0,0,0,0,0,0,0,0,0,0,0.0,0.0,0.0,0.0,0,0,0,0,0,0.00,0.00,0.00,0.00,44,-119,17814,0,119,91
99,FWD,590760,Daniel,Adu-Adjei,2562149,0,False,0,0,0,0,0,0,0,0,0,0,0,0,0,0.0,0.0,0.0,0.0,0,0,0,0,0,0.00,0.00,0.00,0.00,44,-101,17709,0,101,91
99,FWD,590760,Daniel,Adu-Adjei,2562164,0,False,0,0,0,0,0,0,0,0,0,0,0,0,0,0.0,0.0,0.0,0.0,0,0,0,0,0,0.00,0.00,0.00,0.00,44,-96,17623,0,96,91
99,FWD,590760,Daniel,Adu-Adjei,2562165,0,False,0,0,0,0,0,0,0,0,0,0,0,0,0,0.0,0.0,0.0,0.0,0,0,0,0,0,0.00,0.00,0.00,0.00,44,-50,17572,0,50,91
99,FWD,590760,Daniel,Adu-Adjei,2562175,0,False,0,0,0,0,0,0,0,0,0,0,0,0,0,0.0,0.0,0.0,0.0,0,0,0,0,0,0.00,0.00,0.00,0.00,44,-74,17500,0,74,91
99,FWD,590760,Daniel,Adu-Adjei,2562187,0,False,0,0,0,0,0,0,0,0,0,0,0,0,0,0.0,0.0,0.0,0.0,0,0,0,0,0,0.00,0.00,0.00,0.00,44,-71,17428,0,71,91
99,FWD,590760,Daniel,Adu-Adjei,2562195,0,False,0,0,0,0,0,0,0,0,0,0,0,0,0,0.0,0.0,0.0,0.0,0,0,0,0,0,0.00,0.00,0.00,0.00,44,-32,17372,0,32,91
99,FWD,590760,Daniel,Adu-Adjei,2562205,0,False,0,0,0,0,0,0,0,0,0,0,0,0,0,0.0,0.0,0.0,0.0,0,0,0,0,0,0.00,0.00,0.00,0.00,44,-54,17351,0,54,91
99,FWD,590760,Daniel,Adu-Adjei,2562222,0,False,0,0,0,0,0,0,0,0,0,0,0,0,0,0.0,0.0,0.0,0.0,0,0,0,0,0,0.00,0.00,0.00,0.00,44,-53,17288,0,53,91
99,FWD,590760,Daniel,Adu-Adjei,2562225,0,False,0,0,0,0,0,0,0,0,0,0,0,0,0,0.0,0.0,0.0,0.0,0,0,0,0,0,0.00,0.00,0.00,0.00,44,-53,17288,0,53,91
99,FWD,590760,Daniel,Adu-Adjei,2562235,0,False,0,0,0,0,0,0,0,0,0,0,0,0,0,0.0,0.0,0.0,0.0,0,0,0,0,0,0.00,0.00,0.00,0.00,44,-22,17244,0,22,91
99,FWD,590760,Daniel,Adu-Adjei,2562248,0,False,0,0,0,0,0,0,0,0,0,0,0,0,0,0.0,0.0,0.0,0.0,0,0,0,0,0,0.00,0.00,0.00,0.00,44,-24,17218,0,24,91
99,FWD,590760,Daniel,Adu-Adjei,2562255,0,False,0,0,0,0,0,0,0,0,0,0,0,0,0,0.0,0.0,0.0,0.0,0,0,0,0,0,0.00,0.00,0.00,0.00,44,-21,17198,0,21,91
99,FWD,590760,Daniel,Adu-Adjei,2562271,0,False,0,0,0,0,0,0,0,0,0,0,0,0,0,0.0,0.0,0.0,0.0,0,0,0,0,0,0.00,0.00,0.00,0.00,44,-26,17171,0,26,91
100,FWD,560262,Junior,Kroupi,2561895,1,False,1,0,0,0,1,0,0,0,0,0,0,0,2,0.0,0.0,0.0,0.0,0,0,0,0,0,0.00,0.00,0.00,0.11,45,0,85883,0,0,91
100,FWD,560262,Junior,Kroupi,2561905,1,False,2,0,0,0,0,0,0,0,0,0,0,0,3,0.0,0.0,2.0,0.2,0,0,0,0,0,0.00,0.00,0.00,0.06,45,28243,146695,48171,19928,91
100,FWD,560262,Junior,Kroupi,2561923,1,False,9,0,0,0,0,0,0,0,0,0,0,0,3,0.0,0.0,0.0,0.0,0,1,0,1,0,0.00,0.00,0.00,0.07,45,-15048,130246,20512,35560,91
100,FWD,560262,Junior,Kroupi,2561925,0,False,0,0,0,0,0,0,0,0,0,0,0,0,0,0.0,0.0,0.0,0.0,0,0,0,0,0,0.00,0.00,0.00,0.00,45,8520,148264,38988,30468,91
100,FWD,560262,Junior,Kroupi,2561935,0,False,0,0,0,0,0,0,0,0,0,0,0,0,0,0.0,0.0,0.0,0.0,0,0,0,0,0,0.00,0.00,0.00,0.00,45,21660,175579,38996,17336,91
100,FWD,560262,Junior,Kroupi,2561950,6,False,9,1,0,0,0,0,0,0,1,0,0,2,28,35.0,0.6,38.0,7.4,0,1,0,1,0,0.23,0.00,0.23,0.07,45,3779,181004,29894,26115,91
100,FWD,560262,Junior,Kroupi,2561955,0,False,0,0,0,0,0,0,0,0,0,0,0,0,0,0.0,0.0,0.0,0.0,0,0,0,0,0,0.00,0.00,0.00,0.00,45,20730,205044,38291,17561,91
100,FWD,560262,Junior,Kroupi,2561967,12,False,74,2,0,0,2,0,0,0,0,0,0,2,59,70.6,2.6,54.0,12.7,4,3,0,7,1,1.18,0.01,1.19,2.49,45,8066,215897,32682,24616,91
100,FWD,560262,Junior,Kroupi,2561975,6,False,68,1,0,1,0,0,0,0,0,0,0,0,30,32.4,13.9,17.0,6.3,0,2,0,2,1,0.15,0.06,0.21,0.14,45,136515,362815,153019,16504,91
100,FWD,560262,Junior,Kroupi,2561990,2,False,61,0,0,0,3,0,0,0,0,0,0,0,6,4.4,11.8,25.0,4.1,1,1,1,3,1,0.25,0.06,0.31,1.91,46,121661,484074,149346,27685,91
100,FWD,560262,Junior,Kroupi,2561995,1,False,27,0,0,0,2,0,0,0,0,0,0,0,2,0.0,1.2,0.0,0.1,0,1,0,1,0,0.00,0.00,0.00,0.84,46,86604,576124,112181,25577,91
100,FWD,560262,Junior,Kroupi,2562005,2,False,85,0,0,0,2,0,0,0,0,0,0,0,15,14.4,23.8,48.0,8.6,1,7,3,11,1,0.83,0.03,0.86,0.65,46,17971,596801,66722,48751,91
100,FWD,560262,Junior,Kroupi,2562022,1,False,10,0,0,0,0,0,0,0,0,0,0,0,2,0.0,2.0,2.0,0.3,0,0,0,0,0,0.00,0.00,0.00,0.07,46,-28157,553817,25527,53684,91
100,FWD,560262,Junior,Kroupi,2562025,2,False,60,0,0,1,0,0,0,0,0,0,0,0,6,1.0,2.8,6.0,1.0,2,1,0,3,1,0.00,0.00,0.00,0.83,46,-30257,540952,16976,47233,91
100,FWD,560262,Junior,Kroupi,2562035,0,False,0,0,0,0,0,0,0,0,0,0,0,0,0,0.0,0.0,0.0,0.0,0,0,0,0,0,0.00,0.00,0.00,0.00,46,-15404,525779,29329,44733,91
100,FWD,560262,Junior,Kroupi,2562051,5,False,12,1,0,0,1,0,0,0,0,0,0,0,29,33.0,0.3,17.0,5.0,0,0,0,0,0,0.23,0.00,0.23,0.49,46,-57442,468846,57100,114542,91
100,FWD,560262,Junior,Kroupi,2562055,1,False,26,0,0,0,1,0,0,0,0,0,0,0,4,4.2,11.5,14.0,3.0,2,2,0,4,0,0.05,0.01,0.06,0.38,46,67761,549888,100591,32830,91
100,FWD,560262,Junior,Kroupi,2562066,1,False,45,0,0,0,2,0,0,0,0,0,0,0,7,3.4,1.1,0.0,0.5,1,1,1,3,1,0.00,0.02,0.02,1.53,46,-20737,515021,43407,64144,91
100,FWD,560262,Junior,Kroupi,2562078,0,False,0,0,0,0,0,0,0,0,0,0,0,0,0,0.0,0.0,0.0,0.0,0,0,0,0,0,0.00,0.00,0.00,0.00,46,-22457,494153,19075,41532,91
100,FWD,560262,Junior,Kroupi,2562085,5,False,16,1,0,0,0,0,0,0,1,0,0,1,25,32.8,0.8,7.0,4.1,1,1,0,2,0,0.02,0.01,0.03,0.11,46,-16863,484438,19032,35895,91
100,FWD,560262,Junior,Kroupi,2562095,7,False,63,1,0,0,1,0,0,0,0,0,0,1,29,34.8,13.8,35.0,8.4,1,1,0,2,1,0.65,0.01,0.66,0.27,46,7341,494959,35324,27983,91
100,FWD,560262,Junior,Kroupi,2562106,2,False,71,0,0,1,0,0,0,0,0,0,0,0,10,8.8,12.1,9.0,3.0,6,1,0,7,1,0.05,0.01,0.06,0.55,46,54148,552206,90682,36534,91
100,FWD,560262,Junior,Kroupi,2562115,1,False,66,0,0,0,1,0,0,0,1,0,0,0,3,2.2,1.5,0.0,0.4,3,1,0,4,1,0.00,0.01,0.01,0.74,46,40217,592992,64701,24484,91
100,FWD,560262,Junior,Kroupi,2562134,7,False,67,1,0,1,0,0,0,0,0,0,0,1,35,35.6,18.1,20.0,7.4,0,4,1,5,1,0.09,0.18,0.27,0.58,46,121231,718650,178223,56992,91
100,FWD,560262,Junior,Kroupi,2562135,2,False,64,0,0,0,1,0,0,0,0,0,0,0,7,7.2,12.3,19.0,3.9,1,4,0,5,1,0.64,0.02,0.66,0.42,47,109947,829506,139061,29114,91
100,FWD,560262,Junior,Kroupi,2562149,1,False,32,0,0,0,0,0,0,0,0,0,0,0,3,3.6,14.5,0.0,1.8,2,1,0,3,0,0.00,0.16,0.16,1.00,47,86377,918142,129204,42827,91
100,FWD,560262,Junior,Kroupi,2562164,2,False,88,0,0,1,0,0,0,0,0,0,0,0,10,9.0,33.3,13.0,5.5,1,2,1,4,1,0.02,0.05,0.07,3.18,47,30056,945922,80377,50321,91
100,FWD,560262,Junior,Kroupi,2562165,2,False,80,0,0,0,1,0,0,0,0,0,0,0,1,0.0,23.8,13.0,3.6,0,3,0,3,1,0.26,0.04,0.30,1.34,47,596,946905,50112,49516,91
100,FWD,560262,Junior,Kroupi,2562175,1,False,16,0,0,0,0,0,0,0,0,0,0,0,3,4.8,0.8,5.0,1.1,2,5,1,8,0,0.13,0.03,0.16,0.23,47,-48325,896458,27032,75357,91
100,FWD,560262,Junior,Kroupi,2562187,2,False,79,0,0,1,0,0,0,0,0,0,0,0,15,14.0,48.2,21.0,8.3,5,3,0,8,1,0.26,0.25,0.51,1.37,47,-59027,841806,23864,82891,91
100,FWD,560262,Junior,Kroupi,2562195,5,False,17,1,0,0,0,0,0,0,0,0,0,0,16,33.6,2.4,19.0,5.5,1,2,0,3,0,0.81,0.03,0.84,0.02,47,-44139,697716,7851,51990,91
100,FWD,560262,Junior,Kroupi,2562205,6,False,84,1,0,0,1,0,0,0,1,0,0,1,25,30.6,0.8,46.0,7.7,1,1,0,2,1,0.66,0.00,0.66,2.08,47,-97267,702624,13289,110556,91
100,FWD,560262,Junior,Kroupi,2562222,2,False,65,0,0,1,0,0,0,0,0,0,0,0,6,2.0,1.0,11.0,1.4,2,2,0,4,1,0.14,0.04,0.18,0.47,46,104151,815862,122780,18629,91
100,FWD,560262,Junior,Kroupi,2562225,8,False,72,1,0,0,1,0,0,0,1,0,0,3,31,37.0,23.7,27.0,8.8,1,1,0,2,1,0.21,0.23,0.44,0.45,46,104151,815862,122780,18629,91
100,FWD,560262,Junior,Kroupi,2562235,6,False,69,1,0,1,0,0,0,0,0,0,0,0,22,38.6,4.4,37.0,8.0,1,4,1,6,1,1.00,0.01,1.01,0.25,46,14363,748308,54094,39731,91
100,FWD,560262,Junior,Kroupi,2562248,2,False,78,0,0,1,0,0,0,0,0,0,0,0,-1,0.0,1.5,1.0,0.0,1,1,0,2,1,0.05,0.00,0.05,0.99,46,84019,837166,104328,20309,91
100,FWD,560262,Junior,Kroupi,2562255,8,False,75,1,0,1,0,0,0,0,0,0,0,2,32,33.0,6.3,22.0,6.1,1,2,0,3,1,0.19,0.16,0.35,1.00,46,-17836,813076,29814,47650,91
100,FWD,560262,Junior,Kroupi,2562271,2,False,72,0,0,0,1,0,0,0,0,0,0,0,12,6.2,16.0,35.0,5.7,1,2,0,3,1,0.21,0.08,0.29,1.22,47,179095,1010073,200328,21233,91
391,MID,496208,Ben,Gannon-Doak,2561895,0,False,0,0,0,0,0,0,0,0,0,0,0,0,0,0.0,0.0,0.0,0.0,0,0,0,0,0,0.00,0.00,0.00,0.00,50,0,4207,0,0,91
391,MID,496208,Ben,Gannon-Doak,2561905,0,False,0,0,0,0,0,0,0,0,0,0,0,0,0,0.0,0.0,0.0,0.0,0,0,0,0,0,0.00,0.00,0.00,0.00,50,959,6612,2016,1057,91
391,MID,496208,Ben,Gannon-Doak,2561923,0,False,0,0,0,0,0,0,0,0,0,0,0,0,0,0.0,0.0,0.0,0.0,0,0,0,0,0,0.00,0.00,0.00,0.00,50,-543,6354,508,1051,91
391,MID,496208,Ben,Gannon-Doak,2561925,0,False,0,0,0,0,0,0,0,0,0,0,0,0,0,0.0,0.0,0.0,0.0,0,0,0,0,0,0.00,0.00,0.00,0.00,50,-494,6311,652,1146,91
391,MID,496208,Ben,Gannon-Doak,2561935,0,False,0,0,0,0,0,0,0,0,0,0,0,0,0,0.0,0.0,0.0,0.0,0,0,0,0,0,0.00,0.00,0.00,0.00,50,-509,6017,191,700,91
391,MID,496208,Ben,Gannon-Doak,2561950,1,False,17,0,0,0,0,0,0,0,0,0,0,0,0,1.0,1.2,5.0,0.7,1,0,0,1,0,0.09,0.01,0.10,0.21,50,-592,5566,129,721,91
391,MID,496208,Ben,Gannon-Doak,2561955,4,False,12,0,1,0,0,0,0,0,0,0,0,0,16,19.0,11.0,4.0,3.4,0,0,1,1,0,0.00,0.06,0.06,0.28,49,-240,5440,135,375,91
391,MID,496208,Ben,Gannon-Doak,2561967,1,False,14,0,0,0,1,0,0,0,0,0,0,0,4,0.2,0.3,0.0,0.1,0,0,0,0,0,0.00,0.01,0.01,1.95,49,60,5682,395,335,91
391,MID,496208,Ben,Gannon-Doak,2561975,0,False,0,0,0,0,0,0,0,0,0,0,0,0,0,0.0,0.0,0.0,0.0,0,0,0,0,0,0.00,0.00,0.00,0.00,49,-90,5665,167,257,91
391,MID,496208,Ben,Gannon-Doak,2561990,1,False,10,0,0,0,0,0,0,0,0,0,0,0,2,1.0,1.5,2.0,0.5,0,0,1,1,0,0.00,0.01,0.01,0.22,49,-220,5530,101,321,91
391,MID,496208,Ben,Gannon-Doak,2561995,0,False,0,0,0,0,0,0,0,0,0,0,0,0,0,0.0,0.0,0.0,0.0,0,0,0,0,0,0.00,0.00,0.00,0.00,49,-153,5458,77,230,91
391,MID,496208,Ben,Gannon-Doak,2562005,0,False,0,0,0,0,0,0,0,0,0,0,0,0,0,0.0,0.0,0.0,0.0,0,0,0,0,0,0.00,0.00,0.00,0.00,49,-283,5238,76,359,91
391,MID,496208,Ben,Gannon-Doak,2562022,0,False,0,0,0,0,0,0,0,0,0,0,0,0,0,0.0,0.0,0.0,0.0,0,0,0,0,0,0.00,0.00,0.00,0.00,49,-363,4900,14,377,91
391,MID,496208,Ben,Gannon-Doak,2562025,0,False,0,0,0,0,0,0,0,0,0,0,0,0,0,0.0,0.0,0.0,0.0,0,0,0,0,0,0.00,0.00,0.00,0.00,49,-146,4767,7,153,91
391,MID,496208,Ben,Gannon-Doak,2562035,0,False,0,0,0,0,0,0,0,0,0,0,0,0,0,0.0,0.0,0.0,0.0,0,0,0,0,0,0.00,0.00,0.00,0.00,49,-150,4615,13,163,91
391,MID,496208,Ben,Gannon-Doak,2562051,0,False,0,0,0,0,0,0,0,0,0,0,0,0,0,0.0,0.0,0.0,0.0,0,0,0,0,0,0.00,0.00,0.00,0.00,48,-218,4398,9,227,91
391,MID,496208,Ben,Gannon-Doak,2562055,0,False,0,0,0,0,0,0,0,0,0,0,0,0,0,0.0,0.0,0.0,0.0,0,0,0,0,0,0.00,0.00,0.00,0.00,48,-120,4286,8,128,91
391,MID,496208,Ben,Gannon-Doak,2562066,0,False,0,0,0,0,0,0,0,0,0,0,0,0,0,0.0,0.0,0.0,0.0,0,0,0,0,0,0.00,0.00,0.00,0.00,48,-79,4210,8,87,91
391,MID,496208,Ben,Gannon-Doak,2562078,0,False,0,0,0,0,0,0,0,0,0,0,0,0,0,0.0,0.0,0.0,0.0,0,0,0,0,0,0.00,0.00,0.00,0.00,48,-49,4166,15,64,91
391,MID,496208,Ben,Gannon-Doak,2562085,0,False,0,0,0,0,0,0,0,0,0,0,0,0,0,0.0,0.0,0.0,0.0,0,0,0,0,0,0.00,0.00,0.00,0.00,48,-23,4148,14,37,91
391,MID,496208,Ben,Gannon-Doak,2562095,0,False,0,0,0,0,0,0,0,0,0,0,0,0,0,0.0,0.0,0.0,0.0,0,0,0,0,0,0.00,0.00,0.00,0.00,48,-24,4124,8,32,91
391,MID,496208,Ben,Gannon-Doak,2562106,0,False,0,0,0,0,0,0,0,0,0,0,0,0,0,0.0,0.0,0.0,0.0,0,0,0,0,0,0.00,0.00,0.00,0.00,48,-46,4079,15,61,91
391,MID,496208,Ben,Gannon-Doak,2562115,0,False,0,0,0,0,0,0,0,0,0,0,0,0,0,0.0,0.0,0.0,0.0,0,0,0,0,0,0.00,0.00,0.00,0.00,48,-30,4054,10,40,91
391,MID,496208,Ben,Gannon-Doak,2562134,0,False,0,0,0,0,0,0,0,0,0,0,0,0,0,0.0,0.0,0.0,0.0,0,0,0,0,0,0.00,0.00,0.00,0.00,48,-30,4023,8,38,91
391,MID,496208,Ben,Gannon-Doak,2562135,0,False,0,0,0,0,0,0,0,0,0,0,0,0,0,0.0,0.0,0.0,0.0,0,0,0,0,0,0.00,0.00,0.00,0.00,48,-21,4005,14,35,91
391,MID,496208,Ben,Gannon-Doak,2562149,0,False,0,0,0,0,0,0,0,0,0,0,0,0,0,0.0,0.0,0.0,0.0,0,0,0,0,0,0.00,0.00,0.00,0.00,48,-18,3987,5,23,91
391,MID,496208,Ben,Gannon-Doak,2562164,0,False,0,0,0,0,0,0,0,0,0,0,0,0,0,0.0,0.0,0.0,0.0,0,0,0,0,0,0.00,0.00,0.00,0.00,48,-15,3974,17,32,91
391,MID,496208,Ben,Gannon-Doak,2562165,0,False,0,0,0,0,0,0,0,0,0,0,0,0,0,0.0,0.0,0.0,0.0,0,0,0,0,0,0.00,0.00,0.00,0.00,48,-21,3953,8,29,91
391,MID,496208,Ben,Gannon-Doak,2562175,0,False,0,0,0,0,0,0,0,0,0,0,0,0,0,0.0,0.0,0.0,0.0,0,0,0,0,0,0.00,0.00,0.00,0.00,48,-7,3947,4,11,91
391,MID,496208,Ben,Gannon-Doak,2562187,0,False,0,0,0,0,0,0,0,0,0,0,0,0,0,0.0,0.0,0.0,0.0,0,0,0,0,0,0.00,0.00,0.00,0.00,48,-2,3945,13,15,91
391,MID,496208,Ben,Gannon-Doak,2562195,1,False,3,0,0,0,0,0,0,0,0,0,0,0,-1,0.0,0.5,4.0,0.3,0,1,0,1,0,0.00,0.01,0.01,0.02,48,10,3976,19,9,91
391,MID,496208,Ben,Gannon-Doak,2562205,0,False,0,0,0,0,0,0,0,0,0,0,0,0,0,0.0,0.0,0.0,0.0,0,0,0,0,0,0.00,0.00,0.00,0.00,48,55,4080,66,11,91
391,MID,496208,Ben,Gannon-Doak,2562222,1,False,12,0,0,0,0,0,0,0,0,0,0,0,5,7.2,0.4,2.0,1.0,0,2,3,5,0,0.00,0.00,0.00,0.83,48,35,4127,52,17,91
391,MID,496208,Ben,Gannon-Doak,2562225,0,False,0,0,0,0,0,0,0,0,0,0,0,0,0,0.0,0.0,0.0,0.0,0,0,0,0,0,0.00,0.00,0.00,0.00,48,35,4127,52,17,91
391,MID,496208,Ben,Gannon-Doak,2562235,1,False,4,0,0,0,0,0,0,0,0,0,0,0,3,0.0,1.5,0.0,0.2,0,1,0,1,0,0.00,0.00,0.00,0.54,48,14,4156,38,24,91
391,MID,496208,Ben,Gannon-Doak,2562248,0,False,0,0,0,0,0,0,0,0,0,0,0,0,0,0.0,0.0,0.0,0.0,0,0,0,0,0,0.00,0.00,0.00,0.00,48,8,4181,31,23,91
391,MID,496208,Ben,Gannon-Doak,2562255,0,False,0,0,0,0,0,0,0,0,0,0,0,0,0,0.0,0.0,0.0,0.0,0,0,0,0,0,0.00,0.00,0.00,0.00,48,20,4211,36,16,91
391,MID,496208,Ben,Gannon-Doak,2562271,1,False,33,0,0,0,0,0,0,0,0,0,0,0,4,4.0,1.4,22.0,2.7,0,2,1,3,0,0.17,0.03,0.20,0.69,48,15,4237,44,29,91
685,DEF,242882,Bafodé,Diakité,2561895,0,False,90,0,0,0,4,0,0,0,0,0,0,0,2,14.8,0.2,0.0,1.5,7,8,2,9,1,0.00,0.00,0.00,2.21,45,0,10051,0,0,91
685,DEF,242882,Bafodé,Diakité,2561905,10,False,90,0,0,1,0,0,0,0,0,0,0,2,34,20.8,0.9,0.0,2.2,7,3,3,10,1,0.00,0.00,0.00,0.46,45,5095,22249,7140,2045,91
685,DEF,242882,Bafodé,Diakité,2561923,6,False,90,0,0,1,0,0,0,0,0,0,0,0,22,15.4,10.9,2.0,2.8,7,3,0,7,1,0.00,0.01,0.01,0.19,45,8790,35681,13382,4592,91
685,DEF,242882,Bafodé,Diakité,2561925,0,False,0,0,0,0,0,0,0,0,0,0,0,0,0,0.0,0.0,0.0,0.0,0,0,0,0,0,0.00,0.00,0.00,0.00,45,22607,65267,31517,8910,91
685,DEF,242882,Bafodé,Diakité,2561935,5,False,90,0,0,1,0,0,0,0,1,0,0,0,25,20.0,11.8,4.0,3.6,5,3,2,7,1,0.00,0.03,0.03,0.14,45,-14353,48635,1122,15475,91
685,DEF,242882,Bafodé,Diakité,2561950,3,False,90,0,0,0,2,0,0,0,0,0,0,0,11,31.4,2.1,0.0,3.4,13,3,1,14,1,0.00,0.02,0.02,1.84,45,6339,57406,10673,4334,91
685,DEF,242882,Bafodé,Diakité,2561955,2,False,90,0,0,0,1,0,0,0,0,0,0,0,11,23.2,1.4,4.0,2.9,8,4,0,8,1,0.00,0.02,0.02,0.88,45,1192,59181,5494,4302,91
685,DEF,242882,Bafodé,Diakité,2561967,3,False,90,0,0,0,3,0,0,0,0,0,0,0,-1,17.2,10.5,2.0,3.0,10,4,0,10,1,0.00,0.00,0.00,4.44,45,652,60661,4906,4254,91
685,DEF,242882,Bafodé,Diakité,2561975,0,False,0,0,0,0,0,0,0,0,0,0,0,0,0,0.0,0.0,0.0,0.0,0,0,0,0,0,0.00,0.00,0.00,0.00,45,302,61691,3777,3475,91
685,DEF,242882,Bafodé,Diakité,2561990,1,False,90,0,0,0,3,0,0,0,0,0,0,0,5,18.6,0.5,0.0,1.9,4,2,3,7,1,0.00,0.01,0.01,2.22,45,-5546,55748,884,6430,91
685,DEF,242882,Bafodé,Diakité,2561995,0,False,0,0,0,0,0,0,0,0,0,0,0,0,0,0.0,0.0,0.0,0.0,0,0,0,0,0,0.00,0.00,0.00,0.00,45,-2590,53825,719,3309,91
685,DEF,242882,Bafodé,Diakité,2562005,0,False,45,0,0,0,2,0,0,0,0,0,0,0,2,6.2,3.0,0.0,0.9,1,3,0,1,1,0.00,0.03,0.03,0.53,45,-1568,52730,1648,3216,91
685,DEF,242882,Bafodé,Diakité,2562022,1,False,90,0,0,0,3,0,0,0,0,0,0,0,5,17.4,1.8,4.0,2.3,4,2,3,7,1,0.02,0.01,0.03,1.28,45,-3117,48892,585,3702,91
685,DEF,242882,Bafodé,Diakité,2562025,4,False,90,0,0,0,1,0,0,0,0,0,0,0,17,23.6,1.8,2.0,2.7,9,6,1,10,1,0.00,0.00,0.00,1.44,44,-1036,49341,952,1988,91
685,DEF,242882,Bafodé,Diakité,2562035,6,False,90,0,0,1,0,0,0,0,0,0,0,0,22,12.4,0.6,2.0,1.5,4,4,2,6,1,0.00,0.02,0.02,0.92,44,-1625,47475,853,2478,91
685,DEF,242882,Bafodé,Diakité,2562051,0,False,90,0,0,0,4,0,0,0,0,0,0,0,-5,20.2,1.2,2.0,2.3,6,1,2,8,1,0.00,0.02,0.02,3.29,44,-2012,45673,2035,4047,91
685,DEF,242882,Bafodé,Diakité,2562055,2,False,90,0,0,0,1,0,0,0,0,0,0,0,10,12.0,7.6,0.0,2.0,4,2,0,4,1,0.00,0.02,0.02,0.38,44,4556,51642,6188,1632,91
685,DEF,242882,Bafodé,Diakité,2562066,0,False,45,0,0,0,2,0,0,0,0,0,0,0,-2,9.6,0.0,0.0,1.0,6,0,1,7,1,0.00,0.00,0.00,1.53,44,-1644,48723,1420,3064,91
685,DEF,242882,Bafodé,Diakité,2562078,0,False,0,0,0,0,0,0,0,0,0,0,0,0,0,0.0,0.0,0.0,0.0,0,0,0,0,0,0.00,0.00,0.00,0.00,44,-3481,45083,488,3969,91
685,DEF,242882,Bafodé,Diakité,2562085,0,False,0,0,0,0,0,0,0,0,0,0,0,0,0,0.0,0.0,0.0,0.0,0,0,0,0,0,0.00,0.00,0.00,0.00,43,-2355,43647,401,2756,91
685,DEF,242882,Bafodé,Diakité,2562095,1,False,3,0,0,0,0,0,0,0,0,0,0,0,3,0.0,0.0,0.0,0.0,0,0,0,0,0,0.00,0.00,0.00,0.04,43,-1936,41813,318,2254,91
685,DEF,242882,Bafodé,Diakité,2562106,1,False,11,0,0,0,1,0,0,0,0,0,0,0,0,4.2,0.0,0.0,0.4,2,0,0,2,0,0.00,0.00,0.00,0.50,43,-1713,40247,330,2043,91
685,DEF,242882,Bafodé,Diakité,2562115,0,False,0,0,0,0,0,0,0,0,0,0,0,0,0,0.0,0.0,0.0,0.0,0,0,0,0,0,0.00,0.00,0.00,0.00,43,-1073,39287,203,1276,91
685,DEF,242882,Bafodé,Diakité,2562134,1,False,1,0,0,0,0,0,0,0,0,0,0,0,3,0.0,0.0,0.0,0.0,0,0,0,0,0,0.00,0.00,0.00,0.18,42,-441,38995,976,1417,91
685,DEF,242882,Bafodé,Diakité,2562135,0,False,0,0,0,0,0,0,0,0,0,0,0,0,0,0.0,0.0,0.0,0.0,0,0,0,0,0,0.00,0.00,0.00,0.00,42,-488,38514,665,1153,91
685,DEF,242882,Bafodé,Diakité,2562149,0,False,0,0,0,0,0,0,0,0,0,0,0,0,0,0.0,0.0,0.0,0.0,0,0,0,0,0,0.00,0.00,0.00,0.00,42,-379,38243,696,1075,91
685,DEF,242882,Bafodé,Diakité,2562164,0,False,0,0,0,0,0,0,0,0,0,0,0,0,0,0.0,0.0,0.0,0.0,0,0,0,0,0,0.00,0.00,0.00,0.00,42,-561,37800,391,952,91
685,DEF,242882,Bafodé,Diakité,2562165,0,False,0,0,0,0,0,0,0,0,0,0,0,0,0,0.0,0.0,0.0,0.0,0,0,0,0,0,0.00,0.00,0.00,0.00,42,-540,37327,255,795,91
685,DEF,242882,Bafodé,Diakité,2562175,0,False,0,0,0,0,0,0,0,0,0,0,0,0,0,0.0,0.0,0.0,0.0,0,0,0,0,0,0.00,0.00,0.00,0.00,42,-574,36786,227,801,91
685,DEF,242882,Bafodé,Diakité,2562187,0,False,0,0,0,0,0,0,0,0,0,0,0,0,0,0.0,0.0,0.0,0.0,0,0,0,0,0,0.00,0.00,0.00,0.00,42,-490,36412,301,791,91
685,DEF,242882,Bafodé,Diakité,2562195,0,False,0,0,0,0,0,0,0,0,0,0,0,0,0,0.0,0.0,0.0,0.0,0,0,0,0,0,0.00,0.00,0.00,0.00,42,-435,35740,112,547,91
685,DEF,242882,Bafodé,Diakité,2562205,0,False,0,0,0,0,0,0,0,0,0,0,0,0,0,0.0,0.0,0.0,0.0,0,0,0,0,0,0.00,0.00,0.00,0.00,41,-317,35768,239,556,91
685,DEF,242882,Bafodé,Diakité,2562222,0,False,0,0,0,0,0,0,0,0,0,0,0,0,0,0.0,0.0,0.0,0.0,0,0,0,0,0,0.00,0.00,0.00,0.00,41,-183,35646,374,557,91
685,DEF,242882,Bafodé,Diakité,2562225,0,False,0,0,0,0,0,0,0,0,0,0,0,0,0,0.0,0.0,0.0,0.0,0,0,0,0,0,0.00,0.00,0.00,0.00,41,-183,35646,374,557,91
685,DEF,242882,Bafodé,Diakité,2562235,0,False,0,0,0,0,0,0,0,0,0,0,0,0,0,0.0,0.0,0.0,0.0,0,0,0,0,0,0.00,0.00,0.00,0.00,41,-219,34934,120,339,91
685,DEF,242882,Bafodé,Diakité,2562248,0,False,0,0,0,0,0,0,0,0,0,0,0,0,0,0.0,0.0,0.0,0.0,0,0,0,0,0,0.00,0.00,0.00,0.00,41,-178,34790,176,354,91
685,DEF,242882,Bafodé,Diakité,2562255,0,False,0,0,0,0,0,0,0,0,0,0,0,0,0,0.0,0.0,0.0,0.0,0,0,0,0,0,0.00,0.00,0.00,0.00,41,-215,34581,100,315,91
685,DEF,242882,Bafodé,Diakité,2562271,0,False,0,0,0,0,0,0,0,0,0,0,0,0,0,0.0,0.0,0.0,0.0,0,0,0,0,0,0.00,0.00,0.00,0.00,41,-106,34526,187,293,91
687,MID,606774,Remy,Rees-Dottin,2561895,0,False,0,0,0,0,0,0,0,0,0,0,0,0,0,0.0,0.0,0.0,0.0,0,0,0,0,0,0.00,0.00,0.00,0.00,45,0,0,0,0,91
687,MID,606774,Remy,Rees-Dottin,2561905,0,False,0,0,0,0,0,0,0,0,0,0,0,0,0,0.0,0.0,0.0,0.0,0,0,0,0,0,0.00,0.00,0.00,0.00,45,3027,16157,4571,1544,91
687,MID,606774,Remy,Rees-Dottin,2561923,0,False,0,0,0,0,0,0,0,0,0,0,0,0,0,0.0,0.0,0.0,0.0,0,0,0,0,0,0.00,0.00,0.00,0.00,45,-1653,15182,846,2499,91
687,MID,606774,Remy,Rees-Dottin,2561925,0,False,0,0,0,0,0,0,0,0,0,0,0,0,0,0.0,0.0,0.0,0.0,0,0,0,0,0,0.00,0.00,0.00,0.00,45,-1070,14581,348,1418,91
687,MID,606774,Remy,Rees-Dottin,2561935,0,False,0,0,0,0,0,0,0,0,0,0,0,0,0,0.0,0.0,0.0,0.0,0,0,0,0,0,0.00,0.00,0.00,0.00,45,-640,14138,242,882,91
687,MID,606774,Remy,Rees-Dottin,2561950,0,False,0,0,0,0,0,0,0,0,0,0,0,0,0,0.0,0.0,0.0,0.0,0,0,0,0,0,0.00,0.00,0.00,0.00,45,-349,13937,336,685,91
687,MID,606774,Remy,Rees-Dottin,2561955,0,False,0,0,0,0,0,0,0,0,0,0,0,0,0,0.0,0.0,0.0,0.0,0,0,0,0,0,0.00,0.00,0.00,0.00,44,613,15188,1270,657,91
687,MID,606774,Remy,Rees-Dottin,2561967,0,False,0,0,0,0,0,0,0,0,0,0,0,0,0,0.0,0.0,0.0,0.0,0,0,0,0,0,0.00,0.00,0.00,0.00,44,1127,17085,2329,1202,91
687,MID,606774,Remy,Rees-Dottin,2561975,0,False,0,0,0,0,0,0,0,0,0,0,0,0,0,0.0,0.0,0.0,0.0,0,0,0,0,0,0.00,0.00,0.00,0.00,44,-147,16959,666,813,91
687,MID,606774,Remy,Rees-Dottin,2561990,0,False,0,0,0,0,0,0,0,0,0,0,0,0,0,0.0,0.0,0.0,0.0,0,0,0,0,0,0.00,0.00,0.00,0.00,44,-327,16826,414,741,91
687,MID,606774,Remy,Rees-Dottin,2561995,0,False,0,0,0,0,0,0,0,0,0,0,0,0,0,0.0,0.0,0.0,0.0,0,0,0,0,0,0.00,0.00,0.00,0.00,44,-147,16819,426,573,91
687,MID,606774,Remy,Rees-Dottin,2562005,0,False,0,0,0,0,0,0,0,0,0,0,0,0,0,0.0,0.0,0.0,0.0,0,0,0,0,0,0.00,0.00,0.00,0.00,44,-300,16646,224,524,91
687,MID,606774,Remy,Rees-Dottin,2562022,0,False,0,0,0,0,0,0,0,0,0,0,0,0,0,0.0,0.0,0.0,0.0,0,0,0,0,0,0.00,0.00,0.00,0.00,44,-301,16393,96,397,91
687,MID,606774,Remy,Rees-Dottin,2562025,0,False,0,0,0,0,0,0,0,0,0,0,0,0,0,0.0,0.0,0.0,0.0,0,0,0,0,0,0.00,0.00,0.00,0.00,44,-211,16197,68,279,91
687,MID,606774,Remy,Rees-Dottin,2562035,0,False,0,0,0,0,0,0,0,0,0,0,0,0,0,0.0,0.0,0.0,0.0,0,0,0,0,0,0.00,0.00,0.00,0.00,44,-45,16215,282,327,91
687,MID,606774,Remy,Rees-Dottin,2562051,0,False,0,0,0,0,0,0,0,0,0,0,0,0,0,0.0,0.0,0.0,0.0,0,0,0,0,0,0.00,0.00,0.00,0.00,44,-686,15575,99,785,91
687,MID,606774,Remy,Rees-Dottin,2562055,0,False,0,0,0,0,0,0,0,0,0,0,0,0,0,0.0,0.0,0.0,0.0,0,0,0,0,0,0.00,0.00,0.00,0.00,44,-184,15462,192,376,91
687,MID,606774,Remy,Rees-Dottin,2562066,0,False,0,0,0,0,0,0,0,0,0,0,0,0,0,0.0,0.0,0.0,0.0,0,0,0,0,0,0.00,0.00,0.00,0.00,44,112,15652,404,292,91
687,MID,606774,Remy,Rees-Dottin,2562078,0,False,0,0,0,0,0,0,0,0,0,0,0,0,0,0.0,0.0,0.0,0.0,0,0,0,0,0,0.00,0.00,0.00,0.00,44,-252,15424,93,345,91
687,MID,606774,Remy,Rees-Dottin,2562085,0,False,0,0,0,0,0,0,0,0,0,0,0,0,0,0.0,0.0,0.0,0.0,0,0,0,0,0,0.00,0.00,0.00,0.00,44,-121,15337,94,215,91
687,MID,606774,Remy,Rees-Dottin,2562095,0,False,0,0,0,0,0,0,0,0,0,0,0,0,0,0.0,0.0,0.0,0.0,0,0,0,0,0,0.00,0.00,0.00,0.00,44,-163,15187,51,214,91
687,MID,606774,Remy,Rees-Dottin,2562106,0,False,0,0,0,0,0,0,0,0,0,0,0,0,0,0.0,0.0,0.0,0.0,0,0,0,0,0,0.00,0.00,0.00,0.00,44,-130,15111,68,198,91
687,MID,606774,Remy,Rees-Dottin,2562115,0,False,0,0,0,0,0,0,0,0,0,0,0,0,0,0.0,0.0,0.0,0.0,0,0,0,0,0,0.00,0.00,0.00,0.00,44,-87,15054,54,141,91
687,MID,606774,Remy,Rees-Dottin,2562134,0,False,0,0,0,0,0,0,0,0,0,0,0,0,0,0.0,0.0,0.0,0.0,0,0,0,0,0,0.00,0.00,0.00,0.00,43,929,16391,1279,350,91
687,MID,606774,Remy,Rees-Dottin,2562135,0,False,0,0,0,0,0,0,0,0,0,0,0,0,0,0.0,0.0,0.0,0.0,0,0,0,0,0,0.00,0.00,0.00,0.00,43,1111,17876,1606,495,91
687,MID,606774,Remy,Rees-Dottin,2562149,0,False,0,0,0,0,0,0,0,0,0,0,0,0,0,0.0,0.0,0.0,0.0,0,0,0,0,0,0.00,0.00,0.00,0.00,43,2537,22220,3313,776,91
687,MID,606774,Remy,Rees-Dottin,2562164,0,False,0,0,0,0,0,0,0,0,0,0,0,0,0,0.0,0.0,0.0,0.0,0,0,0,0,0,0.00,0.00,0.00,0.00,43,1220,21991,2150,930,91
687,MID,606774,Remy,Rees-Dottin,2562165,0,False,0,0,0,0,0,0,0,0,0,0,0,0,0,0.0,0.0,0.0,0.0,0,0,0,0,0,0.00,0.00,0.00,0.00,43,730,22994,1404,674,91
687,MID,606774,Remy,Rees-Dottin,2562175,0,False,0,0,0,0,0,0,0,0,0,0,0,0,0,0.0,0.0,0.0,0.0,0,0,0,0,0,0.00,0.00,0.00,0.00,43,204,23171,1094,890,91
687,MID,606774,Remy,Rees-Dottin,2562187,0,False,0,0,0,0,0,0,0,0,0,0,0,0,0,0.0,0.0,0.0,0.0,0,0,0,0,0,0.00,0.00,0.00,0.00,43,412,23762,1285,873,91
687,MID,606774,Remy,Rees-Dottin,2562195,0,False,0,0,0,0,0,0,0,0,0,0,0,0,0,0.0,0.0,0.0,0.0,0,0,0,0,0,0.00,0.00,0.00,0.00,43,-289,23530,360,649,91
687,MID,606774,Remy,Rees-Dottin,2562205,0,False,0,0,0,0,0,0,0,0,0,0,0,0,0,0.0,0.0,0.0,0.0,0,0,0,0,0,0.00,0.00,0.00,0.00,43,39,23648,635,596,91
687,MID,606774,Remy,Rees-Dottin,2562222,0,False,0,0,0,0,0,0,0,0,0,0,0,0,0,0.0,0.0,0.0,0.0,0,0,0,0,0,0.00,0.00,0.00,0.00,43,-363,23259,288,651,91
687,MID,606774,Remy,Rees-Dottin,2562225,0,False,0,0,0,0,0,0,0,0,0,0,0,0,0,0.0,0.0,0.0,0.0,0,0,0,0,0,0.00,0.00,0.00,0.00,43,-363,23259,288,651,91
687,MID,606774,Remy,Rees-Dottin,2562235,0,False,0,0,0,0,0,0,0,0,0,0,0,0,0,0.0,0.0,0.0,0.0,0,0,0,0,0,0.00,0.00,0.00,0.00,43,-48,22909,265,313,91
687,MID,606774,Remy,Rees-Dottin,2562248,0,False,0,0,0,0,0,0,0,0,0,0,0,0,0,0.0,0.0,0.0,0.0,0,0,0,0,0,0.00,0.00,0.00,0.00,43,-10,22995,405,415,91
687,MID,606774,Remy,Rees-Dottin,2562255,0,False,0,0,0,0,0,0,0,0,0,0,0,0,0,0.0,0.0,0.0,0.0,0,0,0,0,0,0.00,0.00,0.00,0.00,43,64,23062,370,306,91
687,MID,606774,Remy,Rees-Dottin,2562271,0,False,0,0,0,0,0,0,0,0,0,0,0,0,0,0.0,0.0,0.0,0.0,0,0,0,0,0,0.00,0.00,0.00,0.00,43,58,23183,435,377,91
697,MID,489888,Amine,Adli,2561905,1,False,24,0,0,0,0,0,0,0,0,0,0,0,9,10.4,15.0,2.0,2.7,1,2,3,6,0,0.00,0.02,0.02,0.06,55,418,859,506,88,91
697,MID,489888,Amine,Adli,2561923,1,False,26,0,0,0,0,0,0,0,0,0,0,0,7,12.8,10.5,0.0,2.3,2,5,4,11,0,0.00,0.01,0.01,0.18,55,623,2547,1077,454,91
697,MID,489888,Amine,Adli,2561925,1,False,23,0,0,0,0,0,0,0,0,0,0,0,5,6.6,1.3,7.0,1.5,2,1,0,3,0,0.04,0.00,0.04,0.05,55,291,3473,897,606,91
697,MID,489888,Amine,Adli,2561935,1,False,15,0,0,0,0,0,0,0,0,0,0,0,4,2.2,0.3,0.0,0.3,0,3,1,4,0,0.00,0.00,0.00,0.00,55,-186,3592,413,599,91
697,MID,489888,Amine,Adli,2561950,1,False,59,0,0,0,2,0,0,0,0,0,0,0,9,16.8,23.1,23.0,6.3,2,3,2,7,1,0.06,0.06,0.12,1.36,55,-119,3753,401,520,91
697,MID,489888,Amine,Adli,2561955,0,False,0,0,0,0,0,0,0,0,0,0,0,0,0,0.0,0.0,0.0,0.0,0,0,0,0,0,0.00,0.00,0.00,0.00,55,55,4053,462,407,91
697,MID,489888,Amine,Adli,2561967,1,False,15,0,0,0,1,0,0,0,0,0,0,0,2,4.0,0.1,2.0,0.6,1,1,1,3,0,0.00,0.00,0.00,1.95,55,-304,3993,331,635,91
697,MID,489888,Amine,Adli,2561975,1,False,21,0,0,0,0,0,0,0,0,0,0,0,0,0.0,0.1,0.0,0.0,0,1,0,1,0,0.00,0.00,0.00,0.21,55,-41,4098,241,282,91
697,MID,489888,Amine,Adli,2561990,0,False,0,0,0,0,0,0,0,0,0,0,0,0,0,0.0,0.0,0.0,0.0,0,0,0,0,0,0.00,0.00,0.00,0.00,55,-152,4101,193,345,91
697,MID,489888,Amine,Adli,2561995,1,False,27,0,0,0,2,0,0,0,0,0,0,0,2,0.0,1.7,0.0,0.1,0,1,0,1,0,0.00,0.01,0.01,0.84,54,-101,4131,165,266,91
697,MID,489888,Amine,Adli,2562005,1,False,29,0,0,0,0,0,0,0,0,0,0,0,1,3.6,2.1,31.0,3.7,1,1,0,2,0,0.48,0.11,0.59,0.00,54,3,4319,225,222,91
697,MID,489888,Amine,Adli,2562022,7,False,70,1,0,0,3,0,0,0,0,0,0,0,30,40.2,14.5,23.0,7.8,0,4,4,8,1,0.36,0.01,0.37,1.20,54,-98,4300,109,207,91
697,MID,489888,Amine,Adli,2562025,1,False,59,0,0,0,0,0,0,0,0,0,0,0,3,7.0,2.3,4.0,1.3,4,0,2,6,1,0.00,0.01,0.01,0.83,54,1019,5594,1185,166,91
697,MID,489888,Amine,Adli,2562035,1,False,16,0,0,0,0,0,0,0,0,0,0,0,4,0.2,3.1,0.0,0.3,0,2,0,2,0,0.00,0.00,0.00,0.03,54,-63,5470,416,479,91
697,MID,489888,Amine,Adli,2562051,0,False,0,0,0,0,0,0,0,0,0,0,0,0,0,0.0,0.0,0.0,0.0,0,0,0,0,0,0.00,0.00,0.00,0.00,54,-492,5094,347,839,91
697,MID,489888,Amine,Adli,2562055,1,False,1,0,0,0,0,0,0,0,0,0,0,0,2,0.0,0.0,4.0,0.2,0,0,0,0,0,0.02,0.00,0.02,0.00,54,118,5370,533,415,91
697,MID,489888,Amine,Adli,2562066,1,False,6,0,0,0,1,0,0,0,0,0,0,0,7,5.8,0.4,7.0,1.3,0,0,1,1,0,0.03,0.00,0.03,0.67,54,-97,5332,269,366,91
697,MID,489888,Amine,Adli,2562078,1,False,12,0,0,0,0,0,0,0,0,0,0,0,7,2.8,10.8,4.0,1.8,0,0,0,0,0,0.00,0.13,0.13,0.28,54,-151,5226,123,274,91
697,MID,489888,Amine,Adli,2562085,0,False,23,0,0,0,1,0,0,0,1,0,0,0,-4,0.0,1.9,2.0,0.0,0,1,0,1,0,0.01,0.01,0.02,0.54,54,-76,5233,122,198,91
697,MID,489888,Amine,Adli,2562095,1,False,3,0,0,0,0,0,0,0,0,0,0,0,5,1.2,0.0,0.0,0.1,0,1,1,2,0,0.00,0.00,0.00,0.04,54,-90,5184,141,231,91
697,MID,489888,Amine,Adli,2562106,6,False,78,0,1,1,0,0,0,0,0,0,0,0,15,4.2,3.8,4.0,1.2,1,1,2,4,1,0.00,0.02,0.02,0.55,54,26,5291,247,221,91
697,MID,489888,Amine,Adli,2562115,10,False,90,1,0,0,2,0,0,0,0,0,0,1,30,48.6,5.3,47.0,10.1,5,8,3,16,1,0.38,0.10,0.48,0.93,54,407,5804,620,213,91
697,MID,489888,Amine,Adli,2562134,5,False,67,0,1,1,0,0,0,0,1,0,0,0,13,25.4,39.4,18.0,8.3,2,3,1,6,1,0.30,0.08,0.38,0.58,54,19426,26897,21657,2231,91
697,MID,489888,Amine,Adli,2562135,2,False,90,0,0,0,1,0,0,0,0,0,0,0,14,9.8,45.8,9.0,6.5,1,3,1,5,1,0.06,0.86,0.92,0.44,54,2366,28049,7336,4970,91
697,MID,489888,Amine,Adli,2562149,10,False,79,1,0,0,1,0,0,0,0,0,0,3,36,41.6,6.1,40.0,8.8,1,3,4,8,1,0.75,0.02,0.77,2.13,54,-398,27584,5259,5657,91
697,MID,489888,Amine,Adli,2562164,3,False,65,0,0,1,0,0,0,0,0,0,0,0,11,6.4,16.4,0.0,2.3,1,5,1,7,1,0.00,0.02,0.02,1.47,54,52260,82644,55936,3676,91
697,MID,489888,Amine,Adli,2562165,1,False,9,0,0,0,0,0,0,0,0,0,0,0,6,2.0,4.8,4.0,1.1,0,1,0,1,0,0.00,0.02,0.02,0.08,54,8889,90639,15809,6920,91
697,MID,489888,Amine,Adli,2562175,1,False,16,0,0,0,0,0,0,0,0,0,0,0,5,5.0,0.3,9.0,1.4,1,2,0,3,0,0.04,0.00,0.04,0.23,54,-14079,75565,1843,15922,91
697,MID,489888,Amine,Adli,2562187,1,False,29,0,0,0,0,0,0,0,0,0,0,0,2,0.6,11.4,3.0,1.5,0,2,0,2,0,0.02,0.04,0.06,0.05,54,-13379,62859,1341,14720,91
697,MID,489888,Amine,Adli,2562195,2,False,72,0,0,0,2,0,0,0,0,0,0,0,9,7.6,2.4,8.0,1.8,0,5,3,8,1,0.00,0.06,0.06,1.75,54,-8392,46874,180,8572,91
697,MID,489888,Amine,Adli,2562205,0,False,0,0,0,0,0,0,0,0,0,0,0,0,0,0.0,0.0,0.0,0.0,0,0,0,0,0,0.00,0.00,0.00,0.00,54,-8219,46780,601,8820,91
697,MID,489888,Amine,Adli,2562222,0,False,0,0,0,0,0,0,0,0,0,0,0,0,0,0.0,0.0,0.0,0.0,0,0,0,0,0,0.00,0.00,0.00,0.00,54,-4810,40697,763,5573,91
697,MID,489888,Amine,Adli,2562225,1,False,17,0,0,0,1,0,0,0,0,0,0,0,4,2.4,11.7,7.0,2.1,0,1,0,1,0,0.05,0.03,0.08,0.38,54,-4810,40697,763,5573,91
697,MID,489888,Amine,Adli,2562235,1,False,4,0,0,0,0,0,0,0,0,0,0,0,3,0.2,0.5,0.0,0.1,0,0,0,0,0,0.00,0.00,0.00,0.54,54,-3090,32298,136,3226,91
697,MID,489888,Amine,Adli,2562248,1,False,12,0,0,0,0,0,0,0,0,0,0,0,-4,0.0,0.0,2.0,0.0,0,1,0,1,0,0.00,0.00,0.00,0.34,54,-2573,29680,182,2755,91
697,MID,489888,Amine,Adli,2562255,0,False,0,0,0,0,0,0,0,0,0,0,0,0,0,0.0,0.0,0.0,0.0,0,0,0,0,0,0.00,0.00,0.00,0.00,54,-1579,28206,79,1658,91
697,MID,489888,Amine,Adli,2562271,1,False,17,0,0,0,0,0,0,0,0,0,0,0,4,5.2,0.8,0.0,0.6,1,0,2,3,0,0.00,0.00,0.00,0.51,54,-1206,26977,224,1430,91
713,DEF,551483,Álex,Jiménez Sánchez,2561925,0,False,3,0,0,0,0,0,0,0,1,0,0,0,2,2.2,0.1,0.0,0.2,1,0,1,2,0,0.00,0.00,0.00,0.00,45,432,790,568,136,91
713,DEF,551483,Álex,Jiménez Sánchez,2561935,0,False,45,0,0,0,0,0,0,0,1,0,0,0,2,2.2,1.8,9.0,1.3,1,2,2,3,1,0.05,0.01,0.06,0.14,45,95,1108,231,136,91
713,DEF,551483,Álex,Jiménez Sánchez,2561950,0,False,72,0,0,0,2,0,0,0,1,0,0,0,3,15.6,12.8,2.0,3.0,1,5,4,5,1,0.00,0.02,0.02,1.62,45,272,1645,458,186,91
713,DEF,551483,Álex,Jiménez Sánchez,2561955,1,False,29,0,0,0,1,0,0,0,0,0,0,0,0,3.6,0.9,2.0,0.7,1,0,0,1,0,0.00,0.00,0.00,0.69,45,125,1963,344,219,91
713,DEF,551483,Álex,Jiménez Sánchez,2561967,1,False,74,0,0,0,2,0,0,0,0,0,0,0,3,10.0,4.8,2.0,1.7,4,1,0,4,1,0.00,0.05,0.05,2.49,45,33,2312,271,238,91
713,DEF,551483,Álex,Jiménez Sánchez,2561975,6,False,90,0,0,1,0,0,0,0,0,0,0,0,24,7.2,12.8,0.0,2.0,2,3,0,2,1,0.00,0.03,0.03,0.35,45,99,2592,276,177,91
713,DEF,551483,Álex,Jiménez Sánchez,2561990,1,False,61,0,0,0,3,0,0,0,0,0,0,0,16,15.2,1.5,0.0,1.7,2,4,3,5,1,0.00,0.01,0.01,1.91,45,140,2955,330,190,91
713,DEF,551483,Álex,Jiménez Sánchez,2561995,-1,False,35,0,0,0,2,0,0,0,1,0,0,0,-7,7.8,0.3,7.0,1.5,3,1,1,4,0,0.03,0.00,0.03,0.84,45,155,3344,343,188,91
713,DEF,551483,Álex,Jiménez Sánchez,2562005,1,False,45,0,0,0,0,0,0,0,0,0,0,0,5,3.4,6.9,2.0,1.2,0,4,0,0,0,0.00,0.05,0.05,0.12,45,99,3707,351,252,91
713,DEF,551483,Álex,Jiménez Sánchez,2562022,0,False,0,0,0,0,0,0,0,0,0,0,0,0,0,0.0,0.0,0.0,0.0,0,0,0,0,0,0.00,0.00,0.00,0.00,45,-71,3731,150,221,91
713,DEF,551483,Álex,Jiménez Sánchez,2562025,4,False,90,0,0,0,1,0,0,0,0,0,0,0,14,22.8,6.3,11.0,4.0,9,2,2,11,1,0.09,0.04,0.13,1.44,45,-36,3825,151,187,91
713,DEF,551483,Álex,Jiménez Sánchez,2562035,6,False,73,0,0,1,0,0,0,0,0,0,0,0,16,0.0,0.9,9.0,0.9,0,1,0,0,1,0.07,0.02,0.09,0.90,45,70,3990,239,169,91
713,DEF,551483,Álex,Jiménez Sánchez,2562051,3,False,90,0,1,0,4,0,0,0,0,0,0,0,6,10.0,17.4,4.0,3.1,1,2,0,1,1,0.00,0.22,0.22,3.29,45,431,4642,683,252,91
713,DEF,551483,Álex,Jiménez Sánchez,2562055,2,False,90,0,0,0,1,0,0,0,0,0,0,0,13,11.4,22.4,8.0,4.2,1,7,2,3,1,0.02,0.11,0.13,0.38,45,6219,12958,6614,395,91
713,DEF,551483,Álex,Jiménez Sánchez,2562066,3,False,90,0,1,0,4,0,0,0,0,0,0,0,2,12.2,1.1,13.0,2.6,1,6,3,4,1,0.05,0.02,0.07,3.66,45,-714,10213,985,1699,91
713,DEF,551483,Álex,Jiménez Sánchez,2562078,3,False,90,0,0,0,2,0,0,0,0,0,0,0,11,26.2,0.4,4.0,3.1,7,7,6,13,1,0.12,0.01,0.13,2.31,45,-932,9354,582,1514,91
713,DEF,551483,Álex,Jiménez Sánchez,2562085,1,False,90,0,0,0,3,0,0,0,0,0,0,0,-1,13.4,1.3,1.0,1.6,2,3,4,6,1,0.02,0.01,0.03,1.13,45,-322,9366,661,983,91
713,DEF,551483,Álex,Jiménez Sánchez,2562095,0,False,86,0,0,0,2,0,0,0,1,0,0,0,-3,6.4,2.3,0.0,0.9,2,5,2,4,1,0.00,0.01,0.01,1.21,45,393,9906,1148,755,91
713,DEF,551483,Álex,Jiménez Sánchez,2562106,2,False,90,0,0,0,1,0,0,0,0,0,0,0,11,12.8,24.3,10.0,4.7,3,7,2,5,1,0.02,0.13,0.15,1.03,45,-877,9131,476,1353,91
713,DEF,551483,Álex,Jiménez Sánchez,2562115,7,False,84,1,0,0,2,0,0,0,0,0,0,0,16,54.4,1.1,52.0,10.8,7,5,1,8,1,0.43,0.01,0.44,0.79,45,-170,9038,498,668,91
713,DEF,551483,Álex,Jiménez Sánchez,2562134,5,False,85,0,0,1,0,0,0,0,1,0,0,0,21,7.4,1.4,17.0,2.6,0,7,2,2,1,0.03,0.03,0.06,1.13,45,16054,26474,19167,3113,91
713,DEF,551483,Álex,Jiménez Sánchez,2562135,1,False,85,0,0,0,1,0,0,0,1,0,0,0,10,17.8,18.1,0.0,3.6,1,4,5,6,1,0.00,0.02,0.02,0.44,45,3529,29170,6291,2762,91
713,DEF,551483,Álex,Jiménez Sánchez,2562149,1,False,90,0,0,0,1,0,0,0,1,0,0,0,12,23.4,18.3,4.0,4.6,3,9,6,9,1,0.00,0.06,0.06,2.94,45,-410,28510,2831,3241,91
713,DEF,551483,Álex,Jiménez Sánchez,2562164,6,False,88,0,0,1,0,0,0,0,0,0,0,0,20,10.8,1.3,0.0,1.2,3,4,2,5,1,0.00,0.01,0.01,3.18,45,232,29093,2497,2265,91
713,DEF,551483,Álex,Jiménez Sánchez,2562165,2,False,90,0,0,0,1,0,0,0,0,0,0,0,12,18.4,27.8,4.0,5.0,5,3,2,7,1,0.08,0.23,0.31,1.42,45,1774,31104,3264,1490,91
713,DEF,551483,Álex,Jiménez Sánchez,2562175,8,False,90,0,0,1,0,0,0,0,0,0,0,2,30,16.4,25.8,8.0,5.0,5,5,2,7,1,0.03,0.39,0.42,0.40,45,454,31639,2244,1790,91
713,DEF,551483,Álex,Jiménez Sánchez,2562187,1,False,29,0,0,0,0,0,0,0,0,0,0,0,9,9.6,15.5,0.0,2.5,0,4,1,1,0,0.00,0.04,0.04,0.05,45,6122,38325,7388,1266,91
713,DEF,551483,Álex,Jiménez Sánchez,2562195,0,False,72,0,0,0,2,0,0,0,1,0,0,0,1,9.2,2.5,1.0,1.3,6,7,1,7,1,0.03,0.01,0.04,1.75,45,-2785,33177,991,3776,91
713,DEF,551483,Álex,Jiménez Sánchez,2562205,2,False,89,0,0,0,1,0,0,0,0,0,0,0,9,6.6,1.5,0.0,0.8,2,9,2,4,1,0.00,0.01,0.01,2.19,45,-2670,32831,1217,3887,91
713,DEF,551483,Álex,Jiménez Sánchez,2562222,2,False,90,0,0,0,1,0,0,0,0,0,0,0,13,21.4,15.5,2.0,3.9,3,6,6,9,1,0.00,0.03,0.03,1.59,45,3142,37346,4340,1198,91
713,DEF,551483,Álex,Jiménez Sánchez,2562225,0,False,90,0,0,0,2,0,0,0,1,0,0,0,2,15.0,3.2,8.0,2.6,3,5,3,6,1,0.00,0.03,0.03,0.83,45,3142,37346,4340,1198,91
713,DEF,551483,Álex,Jiménez Sánchez,2562235,6,False,90,0,0,1,0,0,0,0,0,0,0,0,25,13.2,19.0,4.0,3.6,1,7,3,4,1,0.02,0.12,0.14,0.89,45,-947,29969,496,1443,91
713,DEF,551483,Álex,Jiménez Sánchez,2562248,0,False,0,0,0,0,0,0,0,0,0,0,0,0,0,0.0,0.0,0.0,0.0,0,0,0,0,0,0.00,0.00,0.00,0.00,45,-4394,25455,624,5018,91
713,DEF,551483,Álex,Jiménez Sánchez,2562255,0,False,0,0,0,0,0,0,0,0,0,0,0,0,0,0.0,0.0,0.0,0.0,0,0,0,0,0,0.00,0.00,0.00,0.00,45,-4461,21050,58,4519,91
713,DEF,551483,Álex,Jiménez Sánchez,2562271,0,False,0,0,0,0,0,0,0,0,0,0,0,0,0,0.0,0.0,0.0,0.0,0,0,0,0,0,0.00,0.00,0.00,0.00,45,-2524,18546,79,2603,91
721,DEF,620487,Veljko,Milosavljevic,2561925,4,False,90,0,0,0,1,0,0,0,0,0,0,0,15,23.4,11.3,6.0,4.1,10,3,1,11,1,0.00,0.18,0.18,0.62,45,149,385,176,27,91
721,DEF,620487,Veljko,Milosavljevic,2561935,0,False,0,0,0,0,0,0,0,0,0,0,0,0,0,0.0,0.0,0.0,0.0,0,0,0,0,0,0.00,0.00,0.00,0.00,45,2451,3585,2777,326,91
721,DEF,620487,Veljko,Milosavljevic,2561950,0,False,0,0,0,0,0,0,0,0,0,0,0,0,0,0.0,0.0,0.0,0.0,0,0,0,0,0,0.00,0.00,0.00,0.00,45,22,3788,645,623,91
721,DEF,620487,Veljko,Milosavljevic,2561955,1,False,5,0,0,0,0,0,0,0,0,0,0,0,3,0.4,0.0,0.0,0.0,0,0,0,0,0,0.00,0.00,0.00,0.24,45,-299,3651,241,540,91
721,DEF,620487,Veljko,Milosavljevic,2561967,0,False,0,0,0,0,0,0,0,0,0,0,0,0,0,0.0,0.0,0.0,0.0,0,0,0,0,0,0.00,0.00,0.00,0.00,45,-204,3760,230,434,91
721,DEF,620487,Veljko,Milosavljevic,2561975,6,False,90,0,0,1,0,0,0,0,0,0,0,0,24,13.4,0.5,0.0,1.4,4,0,0,4,1,0.00,0.00,0.00,0.35,45,-216,3717,129,345,91
721,DEF,620487,Veljko,Milosavljevic,2561990,0,False,0,0,0,0,0,0,0,0,0,0,0,0,0,0.0,0.0,0.0,0.0,0,0,0,0,0,0.00,0.00,0.00,0.00,45,93,4053,293,200,91
721,DEF,620487,Veljko,Milosavljevic,2561995,2,False,90,0,0,0,4,0,0,0,0,0,0,0,6,35.0,0.3,0.0,3.5,10,6,4,14,1,0.00,0.00,0.00,1.70,45,-83,4086,148,231,91
721,DEF,620487,Veljko,Milosavljevic,2562005,0,False,0,0,0,0,0,0,0,0,0,0,0,0,0,0.0,0.0,0.0,0.0,0,0,0,0,0,0.00,0.00,0.00,0.00,45,226,4590,417,191,91
721,DEF,620487,Veljko,Milosavljevic,2562022,0,False,0,0,0,0,0,0,0,0,0,0,0,0,0,0.0,0.0,0.0,0.0,0,0,0,0,0,0.00,0.00,0.00,0.00,45,-159,4486,112,271,91
721,DEF,620487,Veljko,Milosavljevic,2562025,4,False,90,0,0,0,1,0,0,0,0,0,0,0,9,26.2,1.8,4.0,3.2,10,4,0,10,1,0.15,0.01,0.16,1.44,45,4,4810,205,201,91
721,DEF,620487,Veljko,Milosavljevic,2562035,0,False,0,0,0,0,0,0,0,0,0,0,0,0,0,0.0,0.0,0.0,0.0,0,0,0,0,0,0.00,0.00,0.00,0.00,45,-239,4394,102,341,91
721,DEF,620487,Veljko,Milosavljevic,2562051,0,False,0,0,0,0,0,0,0,0,0,0,0,0,0,0.0,0.0,0.0,0.0,0,0,0,0,0,0.00,0.00,0.00,0.00,45,-774,3617,15,789,91
721,DEF,620487,Veljko,Milosavljevic,2562055,0,False,0,0,0,0,0,0,0,0,0,0,0,0,0,0.0,0.0,0.0,0.0,0,0,0,0,0,0.00,0.00,0.00,0.00,45,-354,3289,11,365,91
721,DEF,620487,Veljko,Milosavljevic,2562066,0,False,0,0,0,0,0,0,0,0,0,0,0,0,0,0.0,0.0,0.0,0.0,0,0,0,0,0,0.00,0.00,0.00,0.00,44,-163,3146,29,192,91
721,DEF,620487,Veljko,Milosavljevic,2562078,0,False,0,0,0,0,0,0,0,0,0,0,0,0,0,0.0,0.0,0.0,0.0,0,0,0,0,0,0.00,0.00,0.00,0.00,44,-78,3068,12,90,91
721,DEF,620487,Veljko,Milosavljevic,2562085,0,False,0,0,0,0,0,0,0,0,0,0,0,0,0,0.0,0.0,0.0,0.0,0,0,0,0,0,0.00,0.00,0.00,0.00,44,104,3178,174,70,91
721,DEF,620487,Veljko,Milosavljevic,2562095,1,False,1,0,0,0,0,0,0,0,0,0,0,0,3,0.0,0.0,0.0,0.0,0,0,0,0,0,0.00,0.00,0.00,0.04,44,-153,3025,15,168,91
721,DEF,620487,Veljko,Milosavljevic,2562106,1,False,1,0,0,0,0,0,0,0,0,0,0,0,3,0.0,0.0,0.0,0.0,0,0,0,0,0,0.00,0.00,0.00,0.03,44,16,3155,86,70,91
721,DEF,620487,Veljko,Milosavljevic,2562115,0,False,0,0,0,0,0,0,0,0,0,0,0,0,0,0.0,0.0,0.0,0.0,0,0,0,0,0,0.00,0.00,0.00,0.00,44,1,3182,41,40,91
721,DEF,620487,Veljko,Milosavljevic,2562134,0,False,0,0,0,0,0,0,0,0,0,0,0,0,0,0.0,0.0,0.0,0.0,0,0,0,0,0,0.00,0.00,0.00,0.00,44,43,3286,96,53,91
721,DEF,620487,Veljko,Milosavljevic,2562135,0,False,0,0,0,0,0,0,0,0,0,0,0,0,0,0.0,0.0,0.0,0.0,0,0,0,0,0,0.00,0.00,0.00,0.00,44,4,3352,65,61,91
721,DEF,620487,Veljko,Milosavljevic,2562149,0,False,0,0,0,0,0,0,0,0,0,0,0,0,0,0.0,0.0,0.0,0.0,0,0,0,0,0,0.00,0.00,0.00,0.00,44,0,3390,79,79,91
721,DEF,620487,Veljko,Milosavljevic,2562164,0,False,0,0,0,0,0,0,0,0,0,0,0,0,0,0.0,0.0,0.0,0.0,0,0,0,0,0,0.00,0.00,0.00,0.00,44,4,3472,81,77,91
721,DEF,620487,Veljko,Milosavljevic,2562165,0,False,0,0,0,0,0,0,0,0,0,0,0,0,0,0.0,0.0,0.0,0.0,0,0,0,0,0,0.00,0.00,0.00,0.00,44,20,3541,64,44,91
721,DEF,620487,Veljko,Milosavljevic,2562175,0,False,0,0,0,0,0,0,0,0,0,0,0,0,0,0.0,0.0,0.0,0.0,0,0,0,0,0,0.00,0.00,0.00,0.00,44,-5,3573,44,49,91
721,DEF,620487,Veljko,Milosavljevic,2562187,0,False,0,0,0,0,0,0,0,0,0,0,0,0,0,0.0,0.0,0.0,0.0,0,0,0,0,0,0.00,0.00,0.00,0.00,44,35,3674,86,51,91
721,DEF,620487,Veljko,Milosavljevic,2562195,0,False,0,0,0,0,0,0,0,0,0,0,0,0,0,0.0,0.0,0.0,0.0,0,0,0,0,0,0.00,0.00,0.00,0.00,44,-15,3722,31,46,91
721,DEF,620487,Veljko,Milosavljevic,2562205,0,False,0,0,0,0,0,0,0,0,0,0,0,0,0,0.0,0.0,0.0,0.0,0,0,0,0,0,0.00,0.00,0.00,0.00,44,9,3774,53,44,91
721,DEF,620487,Veljko,Milosavljevic,2562222,0,False,0,0,0,0,0,0,0,0,0,0,0,0,0,0.0,0.0,0.0,0.0,0,0,0,0,0,0.00,0.00,0.00,0.00,44,91,3978,141,50,91
721,DEF,620487,Veljko,Milosavljevic,2562225,0,False,0,0,0,0,0,0,0,0,0,0,0,0,0,0.0,0.0,0.0,0.0,0,0,0,0,0,0.00,0.00,0.00,0.00,44,91,3978,141,50,91
721,DEF,620487,Veljko,Milosavljevic,2562235,0,False,0,0,0,0,0,0,0,0,0,0,0,0,0,0.0,0.0,0.0,0.0,0,0,0,0,0,0.00,0.00,0.00,0.00,44,-2,3891,22,24,91
721,DEF,620487,Veljko,Milosavljevic,2562248,0,False,0,0,0,0,0,0,0,0,0,0,0,0,0,0.0,0.0,0.0,0.0,0,0,0,0,0,0.00,0.00,0.00,0.00,44,3,3929,33,30,91
721,DEF,620487,Veljko,Milosavljevic,2562255,0,False,0,0,0,0,0,0,0,0,0,0,0,0,0,0.0,0.0,0.0,0.0,0,0,0,0,0,0.00,0.00,0.00,0.00,44,1,3945,31,30,91
721,DEF,620487,Veljko,Milosavljevic,2562271,0,False,0,0,0,0,0,0,0,0,0,0,0,0,0,0.0,0.0,0.0,0.0,0,0,0,0,0,0.00,0.00,0.00,0.00,44,46,4034,69,23,91
756,MID,678552,Malcom,DaCosta,2562025,0,False,0,0,0,0,0,0,0,0,0,0,0,0,0,0.0,0.0,0.0,0.0,0,0,0,0,0,0.00,0.00,0.00,0.00,45,0,0,0,0,91
756,MID,678552,Malcom,DaCosta,2562035,0,False,0,0,0,0,0,0,0,0,0,0,0,0,0,0.0,0.0,0.0,0.0,0,0,0,0,0,0.00,0.00,0.00,0.00,45,198,267,213,15,91
756,MID,678552,Malcom,DaCosta,2562051,0,False,0,0,0,0,0,0,0,0,0,0,0,0,0,0.0,0.0,0.0,0.0,0,0,0,0,0,0.00,0.00,0.00,0.00,45,26,352,166,140,91
756,MID,678552,Malcom,DaCosta,2562055,0,False,0,0,0,0,0,0,0,0,0,0,0,0,0,0.0,0.0,0.0,0.0,0,0,0,0,0,0.00,0.00,0.00,0.00,45,182,623,260,78,91
756,MID,678552,Malcom,DaCosta,2562066,0,False,0,0,0,0,0,0,0,0,0,0,0,0,0,0.0,0.0,0.0,0.0,0,0,0,0,0,0.00,0.00,0.00,0.00,45,169,884,265,96,91
756,MID,678552,Malcom,DaCosta,2562078,0,False,0,0,0,0,0,0,0,0,0,0,0,0,0,0.0,0.0,0.0,0.0,0,0,0,0,0,0.00,0.00,0.00,0.00,45,-30,874,85,115,91
756,MID,678552,Malcom,DaCosta,2562085,0,False,0,0,0,0,0,0,0,0,0,0,0,0,0,0.0,0.0,0.0,0.0,0,0,0,0,0,0.00,0.00,0.00,0.00,45,1,877,80,79,91
756,MID,678552,Malcom,DaCosta,2562095,0,False,0,0,0,0,0,0,0,0,0,0,0,0,0,0.0,0.0,0.0,0.0,0,0,0,0,0,0.00,0.00,0.00,0.00,45,-23,886,64,87,91
756,MID,678552,Malcom,DaCosta,2562106,0,False,0,0,0,0,0,0,0,0,0,0,0,0,0,0.0,0.0,0.0,0.0,0,0,0,0,0,0.00,0.00,0.00,0.00,45,-11,929,82,93,91
756,MID,678552,Malcom,DaCosta,2562115,0,False,0,0,0,0,0,0,0,0,0,0,0,0,0,0.0,0.0,0.0,0.0,0,0,0,0,0,0.00,0.00,0.00,0.00,45,-10,938,28,38,91
756,MID,678552,Malcom,DaCosta,2562134,0,False,0,0,0,0,0,0,0,0,0,0,0,0,0,0.0,0.0,0.0,0.0,0,0,0,0,0,0.00,0.00,0.00,0.00,45,-8,955,58,66,91
756,MID,678552,Malcom,DaCosta,2562135,0,False,0,0,0,0,0,0,0,0,0,0,0,0,0,0.0,0.0,0.0,0.0,0,0,0,0,0,0.00,0.00,0.00,0.00,45,-2,989,51,53,91
756,MID,678552,Malcom,DaCosta,2562149,0,False,0,0,0,0,0,0,0,0,0,0,0,0,0,0.0,0.0,0.0,0.0,0,0,0,0,0,0.00,0.00,0.00,0.00,45,95,1146,141,46,91
756,MID,678552,Malcom,DaCosta,2562164,0,False,0,0,0,0,0,0,0,0,0,0,0,0,0,0.0,0.0,0.0,0.0,0,0,0,0,0,0.00,0.00,0.00,0.00,45,25,1180,89,64,91
756,MID,678552,Malcom,DaCosta,2562165,0,False,0,0,0,0,0,0,0,0,0,0,0,0,0,0.0,0.0,0.0,0.0,0,0,0,0,0,0.00,0.00,0.00,0.00,45,2,1215,57,55,91
756,MID,678552,Malcom,DaCosta,2562175,0,False,0,0,0,0,0,0,0,0,0,0,0,0,0,0.0,0.0,0.0,0.0,0,0,0,0,0,0.00,0.00,0.00,0.00,45,-14,1220,45,59,91
756,MID,678552,Malcom,DaCosta,2562187,0,False,0,0,0,0,0,0,0,0,0,0,0,0,0,0.0,0.0,0.0,0.0,0,0,0,0,0,0.00,0.00,0.00,0.00,45,23,1279,78,55,91
756,MID,678552,Malcom,DaCosta,2562195,0,False,0,0,0,0,0,0,0,0,0,0,0,0,0,0.0,0.0,0.0,0.0,0,0,0,0,0,0.00,0.00,0.00,0.00,45,-23,1274,23,46,91
756,MID,678552,Malcom,DaCosta,2562205,0,False,0,0,0,0,0,0,0,0,0,0,0,0,0,0.0,0.0,0.0,0.0,0,0,0,0,0,0.00,0.00,0.00,0.00,45,23,1345,66,43,91
756,MID,678552,Malcom,DaCosta,2562222,0,False,0,0,0,0,0,0,0,0,0,0,0,0,0,0.0,0.0,0.0,0.0,0,0,0,0,0,0.00,0.00,0.00,0.00,45,-6,1369,61,67,91
756,MID,678552,Malcom,DaCosta,2562225,0,False,0,0,0,0,0,0,0,0,0,0,0,0,0,0.0,0.0,0.0,0.0,0,0,0,0,0,0.00,0.00,0.00,0.00,45,-6,1369,61,67,91
756,MID,678552,Malcom,DaCosta,2562235,0,False,0,0,0,0,0,0,0,0,0,0,0,0,0,0.0,0.0,0.0,0.0,0,0,0,0,0,0.00,0.00,0.00,0.00,45,13,1391,40,27,91
756,MID,678552,Malcom,DaCosta,2562248,0,False,0,0,0,0,0,0,0,0,0,0,0,0,0,0.0,0.0,0.0,0.0,0,0,0,0,0,0.00,0.00,0.00,0.00,45,1,1417,47,46,91
756,MID,678552,Malcom,DaCosta,2562255,0,False,0,0,0,0,0,0,0,0,0,0,0,0,0,0.0,0.0,0.0,0.0,0,0,0,0,0,0.00,0.00,0.00,0.00,45,15,1452,38,23,91
756,MID,678552,Malcom,DaCosta,2562271,0,False,0,0,0,0,0,0,0,0,0,0,0,0,0,0.0,0.0,0.0,0.0,0,0,0,0,0,0.00,0.00,0.00,0.00,45,25,1483,52,27,91
782,GKP,40383,Fraser,Forster,2562085,0,False,0,0,0,0,0,0,0,0,0,0,0,0,0,0.0,0.0,0.0,0.0,0,0,0,0,0,0.00,0.00,0.00,0.00,40,0,0,0,0,91
782,GKP,40383,Fraser,Forster,2562095,0,False,0,0,0,0,0,0,0,0,0,0,0,0,0,0.0,0.0,0.0,0.0,0,0,0,0,0,0.00,0.00,0.00,0.00,40,295,452,326,31,91
782,GKP,40383,Fraser,Forster,2562106,0,False,0,0,0,0,0,0,0,0,0,0,0,0,0,0.0,0.0,0.0,0.0,0,0,0,0,0,0.00,0.00,0.00,0.00,40,340,974,422,82,91
782,GKP,40383,Fraser,Forster,2562115,0,False,0,0,0,0,0,0,0,0,0,0,0,0,0,0.0,0.0,0.0,0.0,0,0,0,0,0,0.00,0.00,0.00,0.00,40,184,1241,256,72,91
782,GKP,40383,Fraser,Forster,2562134,0,False,0,0,0,0,0,0,0,0,0,0,0,0,0,0.0,0.0,0.0,0.0,0,0,0,0,0,0.00,0.00,0.00,0.00,40,212,1601,327,115,91
782,GKP,40383,Fraser,Forster,2562135,0,False,0,0,0,0,0,0,0,0,0,0,0,0,0,0.0,0.0,0.0,0.0,0,0,0,0,0,0.00,0.00,0.00,0.00,40,163,1883,271,108,91
782,GKP,40383,Fraser,Forster,2562149,0,False,0,0,0,0,0,0,0,0,0,0,0,0,0,0.0,0.0,0.0,0.0,0,0,0,0,0,0.00,0.00,0.00,0.00,40,268,2298,365,97,91
782,GKP,40383,Fraser,Forster,2562164,0,False,0,0,0,0,0,0,0,0,0,0,0,0,0,0.0,0.0,0.0,0.0,0,0,0,0,0,0.00,0.00,0.00,0.00,40,162,2582,312,150,91
782,GKP,40383,Fraser,Forster,2562165,0,False,0,0,0,0,0,0,0,0,0,0,0,0,0,0.0,0.0,0.0,0.0,0,0,0,0,0,0.00,0.00,0.00,0.00,40,95,2741,191,96,91
782,GKP,40383,Fraser,Forster,2562175,0,False,0,0,0,0,0,0,0,0,0,0,0,0,0,0.0,0.0,0.0,0.0,0,0,0,0,0,0.00,0.00,0.00,0.00,40,95,2935,177,82,91
782,GKP,40383,Fraser,Forster,2562187,0,False,0,0,0,0,0,0,0,0,0,0,0,0,0,0.0,0.0,0.0,0.0,0,0,0,0,0,0.00,0.00,0.00,0.00,40,95,3163,229,134,91
782,GKP,40383,Fraser,Forster,2562195,0,False,0,0,0,0,0,0,0,0,0,0,0,0,0,0.0,0.0,0.0,0.0,0,0,0,0,0,0.00,0.00,0.00,0.00,40,-20,3331,102,122,91
782,GKP,40383,Fraser,Forster,2562205,0,False,0,0,0,0,0,0,0,0,0,0,0,0,0,0.0,0.0,0.0,0.0,0,0,0,0,0,0.00,0.00,0.00,0.00,40,33,3364,117,84,91
782,GKP,40383,Fraser,Forster,2562222,0,False,0,0,0,0,0,0,0,0,0,0,0,0,0,0.0,0.0,0.0,0.0,0,0,0,0,0,0.00,0.00,0.00,0.00,40,52,3544,174,122,91
782,GKP,40383,Fraser,Forster,2562225,0,False,0,0,0,0,0,0,0,0,0,0,0,0,0,0.0,0.0,0.0,0.0,0,0,0,0,0,0.00,0.00,0.00,0.00,40,52,3544,174,122,91
782,GKP,40383,Fraser,Forster,2562235,0,False,0,0,0,0,0,0,0,0,0,0,0,0,0,0.0,0.0,0.0,0.0,0,0,0,0,0,0.00,0.00,0.00,0.00,40,58,3652,114,56,91
782,GKP,40383,Fraser,Forster,2562248,0,False,0,0,0,0,0,0,0,0,0,0,0,0,0,0.0,0.0,0.0,0.0,0,0,0,0,0,0.00,0.00,0.00,0.00,40,73,3777,144,71,91
782,GKP,40383,Fraser,Forster,2562255,0,False,0,0,0,0,0,0,0,0,0,0,0,0,0,0.0,0.0,0.0,0.0,0,0,0,0,0,0.00,0.00,0.00,0.00,40,-3,3818,81,84,91
782,GKP,40383,Fraser,Forster,2562271,0,False,0,0,0,0,0,0,0,0,0,0,0,0,0,0.0,0.0,0.0,0.0,0,0,0,0,0,0.00,0.00,0.00,0.00,40,41,3907,119,78,91
799,MID,658013,Charlie,Stevens,2562106,0,False,0,0,0,0,0,0,0,0,0,0,0,0,0,0.0,0.0,0.0,0.0,0,0,0,0,0,0.00,0.00,0.00,0.00,45,0,0,0,0,91
799,MID,658013,Charlie,Stevens,2562115,0,False,0,0,0,0,0,0,0,0,0,0,0,0,0,0.0,0.0,0.0,0.0,0,0,0,0,0,0.00,0.00,0.00,0.00,45,52,65,56,4,91
799,MID,658013,Charlie,Stevens,2562134,0,False,0,0,0,0,0,0,0,0,0,0,0,0,0,0.0,0.0,0.0,0.0,0,0,0,0,0,0.00,0.00,0.00,0.00,45,55,148,76,21,91
799,MID,658013,Charlie,Stevens,2562135,0,False,0,0,0,0,0,0,0,0,0,0,0,0,0,0.0,0.0,0.0,0.0,0,0,0,0,0,0.00,0.00,0.00,0.00,45,58,237,82,24,91
799,MID,658013,Charlie,Stevens,2562149,0,False,0,0,0,0,0,0,0,0,0,0,0,0,0,0.0,0.0,0.0,0.0,0,0,0,0,0,0.00,0.00,0.00,0.00,45,115,393,147,32,91
799,MID,658013,Charlie,Stevens,2562164,0,False,0,0,0,0,0,0,0,0,0,0,0,0,0,0.0,0.0,0.0,0.0,0,0,0,0,0,0.00,0.00,0.00,0.00,45,51,468,105,54,91
799,MID,658013,Charlie,Stevens,2562165,0,False,0,0,0,0,0,0,0,0,0,0,0,0,0,0.0,0.0,0.0,0.0,0,0,0,0,0,0.00,0.00,0.00,0.00,45,22,520,57,35,91
799,MID,658013,Charlie,Stevens,2562175,0,False,0,0,0,0,0,0,0,0,0,0,0,0,0,0.0,0.0,0.0,0.0,0,0,0,0,0,0.00,0.00,0.00,0.00,45,26,558,62,36,91
799,MID,658013,Charlie,Stevens,2562187,0,False,0,0,0,0,0,0,0,0,0,0,0,0,0,0.0,0.0,0.0,0.0,0,0,0,0,0,0.00,0.00,0.00,0.00,45,27,629,74,47,91
799,MID,658013,Charlie,Stevens,2562195,0,False,0,0,0,0,0,0,0,0,0,0,0,0,0,0.0,0.0,0.0,0.0,0,0,0,0,0,0.00,0.00,0.00,0.00,45,-5,641,24,29,91
799,MID,658013,Charlie,Stevens,2562205,0,False,0,0,0,0,0,0,0,0,0,0,0,0,0,0.0,0.0,0.0,0.0,0,0,0,0,0,0.00,0.00,0.00,0.00,45,12,686,50,38,91
799,MID,658013,Charlie,Stevens,2562222,0,False,0,0,0,0,0,0,0,0,0,0,0,0,0,0.0,0.0,0.0,0.0,0,0,0,0,0,0.00,0.00,0.00,0.00,45,10,718,60,50,91
799,MID,658013,Charlie,Stevens,2562225,0,False,0,0,0,0,0,0,0,0,0,0,0,0,0,0.0,0.0,0.0,0.0,0,0,0,0,0,0.00,0.00,0.00,0.00,45,10,718,60,50,91
799,MID,658013,Charlie,Stevens,2562235,0,False,0,0,0,0,0,0,0,0,0,0,0,0,0,0.0,0.0,0.0,0.0,0,0,0,0,0,0.00,0.00,0.00,0.00,45,10,723,36,26,91
799,MID,658013,Charlie,Stevens,2562248,0,False,0,0,0,0,0,0,0,0,0,0,0,0,0,0.0,0.0,0.0,0.0,0,0,0,0,0,0.00,0.00,0.00,0.00,45,27,763,64,37,91
799,MID,658013,Charlie,Stevens,2562255,0,False,0,0,0,0,0,0,0,0,0,0,0,0,0,0.0,0.0,0.0,0.0,0,0,0,0,0,0.00,0.00,0.00,0.00,45,12,780,33,21,91
799,MID,658013,Charlie,Stevens,2562271,0,False,0,0,0,0,0,0,0,0,0,0,0,0,0,0.0,0.0,0.0,0.0,0,0,0,0,0,0.00,0.00,0.00,0.00,45,8,799,40,32,91
801,MID,614574,Alex,Tóth,2562115,1,False,5,0,0,0,0,0,0,0,0,0,0,0,3,0.2,0.1,0.0,0.0,0,0,0,0,0,0.00,0.00,0.00,0.14,50,324,367,333,9,91
801,MID,614574,Alex,Tóth,2562134,1,False,4,0,0,0,0,0,0,0,0,0,0,0,4,1.0,0.3,4.0,0.5,1,3,1,5,0,0.06,0.00,0.06,0.25,50,205,647,273,68,91
801,MID,614574,Alex,Tóth,2562135,0,False,0,0,0,0,0,0,0,0,0,0,0,0,0,0.0,0.0,0.0,0.0,0,0,0,0,0,0.00,0.00,0.00,0.00,50,-8,700,76,84,91
801,MID,614574,Alex,Tóth,2562149,1,False,57,0,0,0,1,0,0,0,0,0,0,0,3,4.8,22.8,4.0,3.2,1,2,0,3,1,0.00,0.08,0.08,1.95,50,-25,739,58,83,91
801,MID,614574,Alex,Tóth,2562164,0,False,0,0,0,0,0,0,0,0,0,0,0,0,0,0.0,0.0,0.0,0.0,0,0,0,0,0,0.00,0.00,0.00,0.00,50,24,863,74,50,91
801,MID,614574,Alex,Tóth,2562165,0,False,5,0,0,0,0,0,0,0,1,0,0,0,0,0.0,10.3,6.0,1.6,0,0,0,0,0,0.00,0.17,0.17,0.00,50,-33,872,30,63,91
801,MID,614574,Alex,Tóth,2562175,0,False,0,0,0,0,0,0,0,0,0,0,0,0,0,0.0,0.0,0.0,0.0,0,0,0,0,0,0.00,0.00,0.00,0.00,50,-42,874,24,66,91
801,MID,614574,Alex,Tóth,2562187,0,False,0,0,0,0,0,0,0,0,0,0,0,0,0,0.0,0.0,0.0,0.0,0,0,0,0,0,0.00,0.00,0.00,0.00,49,-28,887,22,50,91
801,MID,614574,Alex,Tóth,2562195,0,False,0,0,0,0,0,0,0,0,0,0,0,0,0,0.0,0.0,0.0,0.0,0,0,0,0,0,0.00,0.00,0.00,0.00,49,-17,872,11,28,91
801,MID,614574,Alex,Tóth,2562205,1,False,5,0,0,0,0,0,0,0,0,0,0,0,4,2.0,0.0,0.0,0.2,2,0,0,2,0,0.00,0.00,0.00,0.24,49,-7,920,29,36,91
801,MID,614574,Alex,Tóth,2562222,1,False,1,0,0,0,0,0,0,0,0,0,0,0,3,0.0,0.0,0.0,0.0,0,0,0,0,0,0.00,0.00,0.00,0.58,49,-15,914,22,37,91
801,MID,614574,Alex,Tóth,2562225,1,False,1,0,0,0,1,0,0,0,0,0,0,0,3,0.2,0.8,0.0,0.1,0,0,0,0,0,0.00,0.00,0.00,0.36,49,-15,914,22,37,91
801,MID,614574,Alex,Tóth,2562235,0,False,0,0,0,0,0,0,0,0,0,0,0,0,0,0.0,0.0,0.0,0.0,0,0,0,0,0,0.00,0.00,0.00,0.00,49,-3,919,16,19,91
801,MID,614574,Alex,Tóth,2562248,1,False,1,0,0,0,0,0,0,0,0,0,0,0,3,1.4,10.8,0.0,1.2,1,1,0,2,0,0.00,0.02,0.02,0.34,49,3,931,20,17,91
801,MID,614574,Alex,Tóth,2562255,0,False,0,0,0,0,0,0,0,0,0,0,0,0,0,0.0,0.0,0.0,0.0,0,0,0,0,0,0.00,0.00,0.00,0.00,49,-2,935,15,17,91
801,MID,614574,Alex,Tóth,2562271,1,False,56,0,0,0,1,0,0,0,0,0,0,0,9,9.0,15.1,4.0,2.8,3,2,0,5,1,0.05,0.06,0.11,1.04,49,1,955,19,18,91
806,GKP,436416,Christos,Mandas,2562134,0,False,0,0,0,0,0,0,0,0,0,0,0,0,0,0.0,0.0,0.0,0.0,0,0,0,0,0,0.00,0.00,0.00,0.00,40,145,186,170,25,91
806,GKP,436416,Christos,Mandas,2562135,0,False,0,0,0,0,0,0,0,0,0,0,0,0,0,0.0,0.0,0.0,0.0,0,0,0,0,0,0.00,0.00,0.00,0.00,40,84,338,113,29,91
806,GKP,436416,Christos,Mandas,2562149,0,False,0,0,0,0,0,0,0,0,0,0,0,0,0,0.0,0.0,0.0,0.0,0,0,0,0,0,0.00,0.00,0.00,0.00,40,63,488,107,44,91
806,GKP,436416,Christos,Mandas,2562164,0,False,0,0,0,0,0,0,0,0,0,0,0,0,0,0.0,0.0,0.0,0.0,0,0,0,0,0,0.00,0.00,0.00,0.00,40,27,621,77,50,91
806,GKP,436416,Christos,Mandas,2562165,0,False,0,0,0,0,0,0,0,0,0,0,0,0,0,0.0,0.0,0.0,0.0,0,0,0,0,0,0.00,0.00,0.00,0.00,40,0,692,64,64,91
806,GKP,436416,Christos,Mandas,2562175,0,False,0,0,0,0,0,0,0,0,0,0,0,0,0,0.0,0.0,0.0,0.0,0,0,0,0,0,0.00,0.00,0.00,0.00,40,2,748,49,47,91
806,GKP,436416,Christos,Mandas,2562187,0,False,0,0,0,0,0,0,0,0,0,0,0,0,0,0.0,0.0,0.0,0.0,0,0,0,0,0,0.00,0.00,0.00,0.00,40,26,856,74,48,91
806,GKP,436416,Christos,Mandas,2562195,0,False,0,0,0,0,0,0,0,0,0,0,0,0,0,0.0,0.0,0.0,0.0,0,0,0,0,0,0.00,0.00,0.00,0.00,40,-19,1015,28,47,91
806,GKP,436416,Christos,Mandas,2562205,0,False,0,0,0,0,0,0,0,0,0,0,0,0,0,0.0,0.0,0.0,0.0,0,0,0,0,0,0.00,0.00,0.00,0.00,40,15,1000,39,24,91
806,GKP,436416,Christos,Mandas,2562222,0,False,0,0,0,0,0,0,0,0,0,0,0,0,0,0.0,0.0,0.0,0.0,0,0,0,0,0,0.00,0.00,0.00,0.00,40,-13,1027,33,46,91
806,GKP,436416,Christos,Mandas,2562225,0,False,0,0,0,0,0,0,0,0,0,0,0,0,0,0.0,0.0,0.0,0.0,0,0,0,0,0,0.00,0.00,0.00,0.00,40,-13,1027,33,46,91
806,GKP,436416,Christos,Mandas,2562235,0,False,0,0,0,0,0,0,0,0,0,0,0,0,0,0.0,0.0,0.0,0.0,0,0,0,0,0,0.00,0.00,0.00,0.00,40,1,1075,16,15,91
806,GKP,436416,Christos,Mandas,2562248,0,False,0,0,0,0,0,0,0,0,0,0,0,0,0,0.0,0.0,0.0,0.0,0,0,0,0,0,0.00,0.00,0.00,0.00,40,19,1135,41,22,91
806,GKP,436416,Christos,Mandas,2562255,0,False,0,0,0,0,0,0,0,0,0,0,0,0,0,0.0,0.0,0.0,0.0,0,0,0,0,0,0.00,0.00,0.00,0.00,40,-13,1159,20,33,91
806,GKP,436416,Christos,Mandas,2562271,0,False,0,0,0,0,0,0,0,0,0,0,0,0,0,0.0,0.0,0.0,0.0,0,0,0,0,0,0.00,0.00,0.00,0.00,40,6,1204,28,22,91
807,MID,499604,Rayan Vitor,Simplício Rocha,2562134,4,False,22,0,1,0,0,0,0,0,0,0,0,0,17,23.0,22.8,2.0,4.8,1,1,0,2,0,0.00,0.60,0.60,0.80,55,2479,2614,2785,306,91
807,MID,499604,Rayan Vitor,Simplício Rocha,2562135,9,False,86,1,0,0,1,0,0,0,0,0,0,2,26,33.8,12.5,29.0,7.5,0,2,0,2,1,0.16,0.02,0.18,0.44,55,3908,6645,4505,597,91
807,MID,499604,Rayan Vitor,Simplício Rocha,2562149,6,False,90,1,0,0,1,0,0,0,1,0,0,0,23,33.4,27.4,39.0,10.0,0,5,0,5,1,0.34,0.10,0.44,2.94,55,35309,45145,37032,1723,91
807,MID,499604,Rayan Vitor,Simplício Rocha,2562164,3,False,90,0,0,1,0,0,0,0,0,0,0,0,8,11.2,16.0,15.0,4.2,1,2,2,5,1,0.30,0.09,0.39,3.27,55,153415,198799,158248,4833,91
807,MID,499604,Rayan Vitor,Simplício Rocha,2562165,2,False,90,0,0,0,1,0,0,0,0,0,0,0,13,13.0,34.3,12.0,5.9,1,3,1,5,1,0.07,0.18,0.25,1.42,56,145369,346292,153588,8219,91
807,MID,499604,Rayan Vitor,Simplício Rocha,2562175,3,False,73,0,0,1,0,0,0,0,0,0,0,0,8,8.2,5.1,6.0,1.9,3,3,2,8,1,0.00,0.04,0.04,0.17,56,1931,343189,26660,24729,91
807,MID,499604,Rayan Vitor,Simplício Rocha,2562187,3,False,86,0,0,1,0,0,0,0,0,0,0,0,10,1.4,5.7,8.0,1.5,2,4,0,6,1,0.02,0.04,0.06,1.40,56,-7020,337697,18584,25604,91
807,MID,499604,Rayan Vitor,Simplício Rocha,2562195,2,False,86,0,0,0,2,0,0,0,0,0,0,0,14,8.6,18.9,15.0,4.3,2,3,1,6,1,0.41,0.15,0.56,1.75,56,-36453,247246,2460,38913,91
807,MID,499604,Rayan Vitor,Simplício Rocha,2562205,2,False,69,0,0,0,1,0,0,0,0,0,0,0,10,7.4,17.7,4.0,2.9,2,1,1,4,1,0.00,0.06,0.06,1.91,55,-54230,247848,16178,70408,91
807,MID,499604,Rayan Vitor,Simplício Rocha,2562222,5,False,77,0,1,0,1,0,0,0,0,0,0,0,20,18.6,13.0,5.0,3.7,1,5,1,7,1,0.03,0.27,0.30,0.76,55,-548,239772,16132,16680,91
807,MID,499604,Rayan Vitor,Simplício Rocha,2562225,6,False,23,1,0,0,2,0,0,0,0,0,0,0,20,36.0,1.6,36.0,7.4,1,0,0,1,0,0.30,0.00,0.30,0.56,55,-548,239772,16132,16680,91
807,MID,499604,Rayan Vitor,Simplício Rocha,2562235,8,False,85,1,0,1,0,0,0,0,0,0,0,0,25,34.6,5.6,47.0,8.7,3,4,2,9,1,0.57,0.23,0.80,0.35,54,-11396,181521,6161,17557,91
807,MID,499604,Rayan Vitor,Simplício Rocha,2562248,9,False,78,1,0,1,0,0,0,0,0,0,0,1,29,34.4,12.3,24.0,7.1,2,6,0,8,1,0.06,0.01,0.07,0.99,54,7779,189760,18871,11092,91
807,MID,499604,Rayan Vitor,Simplício Rocha,2562255,3,False,83,0,0,1,0,0,0,0,0,0,0,0,6,4.2,2.2,13.0,1.9,5,2,1,8,1,0.35,0.01,0.36,1.16,54,30298,221140,43359,13061,91
807,MID,499604,Rayan Vitor,Simplício Rocha,2562271,2,False,72,0,0,0,1,0,0,0,0,0,0,0,9,9.8,16.8,8.0,3.5,4,2,0,6,1,0.06,0.04,0.10,1.22,54,79479,306162,88887,9408,91
