season,matchId,gameweek,team_id,team,venue,playerId,pl_code,playerName,slug,position,substitute,accurateCross,accurateLongBalls,accurateOppositionHalfPasses,accurateOwnHalfPasses,accuratePass,aerialLost,aerialWon,ballRecovery,bigChanceCreated,bigChanceMissed,blockedScoringAttempt,challengeLost,dispossessed,duelLost,duelWon,errorLeadToAShot,fouls,goalAssist,goals,interceptionWon,keyPass,minutesPlayed,onTargetScoringAttempt,outfielderBlock,ownGoals,penaltyMiss,possessionLostCtrl,punches,rating,savedShotsFromInsideTheBox,saves,shotOffTarget,totalClearance,totalContest,totalCross,totalLongBalls,totalOffside,totalOppositionHalfPasses,totalOwnHalfPasses,totalPass,totalShots,totalTackle,touches,unsuccessfulTouch,wasFouled,wonContest,wonTackle
2013-14,3964791,1,6,Tottenham_Hotspur,Away,597,1803.0,Brad Friedel,brad-friedel,G,True,,,,,,,,,,,,,,,,,,,,,,,,,,,,,,,,,,,,,,,,,,,,,,,
2013-14,3964791,1,6,Tottenham_Hotspur,Away,927,12679.0,Michael Dawson,michael-dawson,D,False,,,,,,,,,,,,,,,,,,0.0,0.0,,,90.0,,,0.0,,,,,,,,,,,,,,,,0.0,,,,,,
2013-14,3964791,1,6,Tottenham_Hotspur,Away,946,7958.0,Jermain Defoe,jermain-defoe,F,True,,,,,,,,,,,,,,,,,,0.0,0.0,,,7.0,,,0.0,,,,,,,,,,,,,,,,0.0,,,,,,
2013-14,3964791,1,6,Tottenham_Hotspur,Away,1018,37742.0,Younès Kaboul,younes-kaboul,D,True,,,,,,,,,,,,,,,,,,0.0,0.0,,,4.0,,,0.0,,,,,,,,,,,,,,,,0.0,,,,,,
2013-14,3964791,1,6,Tottenham_Hotspur,Away,9048,37915.0,Hugo Lloris,hugo-lloris,G,False,,,,,,,,,,,,,,,,,,0.0,0.0,,,90.0,,,0.0,,,,,,,,,,,,,,,,0.0,,,,,,
2013-14,3964791,1,6,Tottenham_Hotspur,Away,9692,17349.0,Aaron Lennon,aaron-lennon,M,False,,,,,,,,,,,,,,,,,,0.0,0.0,,,90.0,,,0.0,,,,,,,,,,,,,,,,0.0,,,,,,
2013-14,3964791,1,6,Tottenham_Hotspur,Away,9865,39104.0,Mousa Dembélé,mousa-dembele,M,False,,,,,,,,,,,,,,,,,,0.0,0.0,,,57.0,,,0.0,,,,,,,,,,,,,,,,0.0,,,,,,
2013-14,3964791,1,6,Tottenham_Hotspur,Away,13208,17926.0,Roberto Soldado,roberto-soldado,F,False,,,,,,,,,,,,,,,,,,0.0,1.0,,,83.0,,,0.0,,,,,,,,,,,,,,,,0.0,,,,,,
2013-14,3964791,1,6,Tottenham_Hotspur,Away,16586,38290.0,Danny Rose,danny-rose,D,False,,,,,,,,,,,,,,,,,,0.0,0.0,,,86.0,,,0.0,,,,,,,,,,,,,,,,0.0,,,,,,
2013-14,3964791,1,6,Tottenham_Hotspur,Away,16701,38439.0,Étienne Capoue,etienne-capoue,M,True,,,,,,,,,,,,,,,,,,0.0,0.0,,,33.0,,,0.0,,,,,,,,,,,,,,,,0.0,,,,,,
2013-14,3964791,1,6,Tottenham_Hotspur,Away,16921,39194.0,Jan Vertonghen,jan-vertonghen,D,False,,,,,,,,,,,,,,,,,,0.0,0.0,,,90.0,,,0.0,,,,,,,,,,,,,,,,0.0,,,,,,
2013-14,3964791,1,6,Tottenham_Hotspur,Away,32492,54908.0,Nacer Chadli,nacer-chadli,M,False,,,,,,,,,,,,,,,,,,0.0,0.0,,,90.0,,,0.0,,,,,,,,,,,,,,,,0.0,,,,,,
2013-14,3964791,1,6,Tottenham_Hotspur,Away,32821,49539.0,Kyle Naughton,kyle-naughton,D,True,,,,,,,,,,,,,,,,,,,,,,,,,,,,,,,,,,,,,,,,,,,,,,,
2013-14,3964791,1,6,Tottenham_Hotspur,Away,43192,55422.0,Gylfi Sigurðsson,gylfi-sigursson,M,False,,,,,,,,,,,,,,,,,,0.0,0.0,,,90.0,,,0.0,,,,,,,,,,,,,,,,0.0,,,,,,
2013-14,3964791,1,6,Tottenham_Hotspur,Away,44614,58621.0,Kyle Walker,kyle-walker,D,False,,,,,,,,,,,,,,,,,,0.0,0.0,,,90.0,,,0.0,,,,,,,,,,,,,,,,0.0,,,,,,
2013-14,3964791,1,6,Tottenham_Hotspur,Away,47992,60252.0,Andros Townsend,andros-townsend,F,True,,,,,,,,,,,,,,,,,,,,,,,,,,,,,,,,,,,,,,,,,,,,,,,
2013-14,3964791,1,6,Tottenham_Hotspur,Away,115183,100534.0,Paulinho,paulinho,M,False,,,,,,,,,,,,,,,,,,0.0,0.0,,,90.0,,,0.0,,,,,,,,,,,,,,,,0.0,,,,,,
2013-14,3964791,1,6,Tottenham_Hotspur,Away,801460,93464.0,Tom Carroll,carroll-tom,M,True,,,,,,,,,,,,,,,,,,,,,,,,,,,,,,,,,,,,,,,,,,,,,,,
2013-14,3964829,2,6,Tottenham_Hotspur,Home,597,1803.0,Brad Friedel,brad-friedel,G,True,,,,,,,,,,,,,,,,,,,,,,,,,,,,,,,,,,,,,,,,,,,,,,,
2013-14,3964829,2,6,Tottenham_Hotspur,Home,927,12679.0,Michael Dawson,michael-dawson,D,False,,,,,,,,,,,,,,,,,,0.0,0.0,,,90.0,,,0.0,,,,,,,,,,,,,,,,0.0,,,,,,
2013-14,3964829,2,6,Tottenham_Hotspur,Home,946,7958.0,Jermain Defoe,jermain-defoe,F,True,,,,,,,,,,,,,,,,,,0.0,0.0,,,9.0,,,0.0,,,,,,,,,,,,,,,,0.0,,,,,,
2013-14,3964829,2,6,Tottenham_Hotspur,Home,1018,37742.0,Younès Kaboul,younes-kaboul,D,True,,,,,,,,,,,,,,,,,,,,,,,,,,,,,,,,,,,,,,,,,,,,,,,
2013-14,3964829,2,6,Tottenham_Hotspur,Home,9048,37915.0,Hugo Lloris,hugo-lloris,G,False,,,,,,,,,,,,,,,,,,0.0,0.0,,,90.0,,,0.0,,,,,,,,,,,,,,,,0.0,,,,,,
2013-14,3964829,2,6,Tottenham_Hotspur,Home,9865,39104.0,Mousa Dembélé,mousa-dembele,M,False,,,,,,,,,,,,,,,,,,0.0,0.0,,,64.0,,,0.0,,,,,,,,,,,,,,,,0.0,,,,,,
2013-14,3964829,2,6,Tottenham_Hotspur,Home,13208,17926.0,Roberto Soldado,roberto-soldado,F,False,,,,,,,,,,,,,,,,,,0.0,1.0,,,81.0,,,0.0,,,,,,,,,,,,,,,,0.0,,,,,,
2013-14,3964829,2,6,Tottenham_Hotspur,Home,16586,38290.0,Danny Rose,danny-rose,D,False,,,,,,,,,,,,,,,,,,0.0,0.0,,,90.0,,,0.0,,,,,,,,,,,,,,,,0.0,,,,,,
2013-14,3964829,2,6,Tottenham_Hotspur,Home,16701,38439.0,Étienne Capoue,etienne-capoue,M,False,,,,,,,,,,,,,,,,,,0.0,0.0,,,90.0,,,0.0,,,,,,,,,,,,,,,,0.0,,,,,,
2013-14,3964829,2,6,Tottenham_Hotspur,Home,16921,39194.0,Jan Vertonghen,jan-vertonghen,D,False,,,,,,,,,,,,,,,,,,0.0,0.0,,,90.0,,,0.0,,,,,,,,,,,,,,,,0.0,,,,,,
2013-14,3964829,2,6,Tottenham_Hotspur,Home,32492,54908.0,Nacer Chadli,nacer-chadli,M,False,,,,,,,,,,,,,,,,,,0.0,0.0,,,90.0,,,0.0,,,,,,,,,,,,,,,,0.0,,,,,,
2013-14,3964829,2,6,Tottenham_Hotspur,Home,32821,49539.0,Kyle Naughton,kyle-naughton,D,True,,,,,,,,,,,,,,,,,,,,,,,,,,,,,,,,,,,,,,,,,,,,,,,
2013-14,3964829,2,6,Tottenham_Hotspur,Home,43192,55422.0,Gylfi Sigurðsson,gylfi-sigursson,M,True,,,,,,,,,,,,,,,,,,0.0,0.0,,,26.0,,,0.0,,,,,,,,,,,,,,,,0.0,,,,,,
2013-14,3964829,2,6,Tottenham_Hotspur,Home,43301,52876.0,Sandro,sandro,M,True,,,,,,,,,,,,,,,,,,0.0,0.0,,,2.0,,,0.0,,,,,,,,,,,,,,,,0.0,,,,,,
2013-14,3964829,2,6,Tottenham_Hotspur,Home,44614,58621.0,Kyle Walker,kyle-walker,D,False,,,,,,,,,,,,,,,,,,0.0,0.0,,,90.0,,,0.0,,,,,,,,,,,,,,,,0.0,,,,,,
2013-14,3964829,2,6,Tottenham_Hotspur,Home,47992,60252.0,Andros Townsend,andros-townsend,F,False,,,,,,,,,,,,,,,,,,0.0,0.0,,,88.0,,,0.0,,,,,,,,,,,,,,,,0.0,,,,,,
2013-14,3964829,2,6,Tottenham_Hotspur,Home,115183,100534.0,Paulinho,paulinho,M,False,,,,,,,,,,,,,,,,,,0.0,0.0,,,90.0,,,0.0,,,,,,,,,,,,,,,,0.0,,,,,,
2013-14,3964829,2,6,Tottenham_Hotspur,Home,801460,93464.0,Tom Carroll,carroll-tom,M,True,,,,,,,,,,,,,,,,,,,,,,,,,,,,,,,,,,,,,,,,,,,,,,,
2013-14,3964831,3,6,Tottenham_Hotspur,Away,597,1803.0,Brad Friedel,brad-friedel,G,True,,,,,,,,,,,,,,,,,,,,,,,,,,,,,,,,,,,,,,,,,,,,,,,
2013-14,3964831,3,6,Tottenham_Hotspur,Away,927,12679.0,Michael Dawson,michael-dawson,D,False,,,,,,,,,,,,,,,,,,0.0,0.0,,,90.0,,,0.0,,,,,,,,,,,,,,,,0.0,,,,,,
2013-14,3964831,3,6,Tottenham_Hotspur,Away,946,7958.0,Jermain Defoe,jermain-defoe,F,True,,,,,,,,,,,,,,,,,,0.0,0.0,,,21.0,,,0.0,,,,,,,,,,,,,,,,0.0,,,,,,
2013-14,3964831,3,6,Tottenham_Hotspur,Away,9048,37915.0,Hugo Lloris,hugo-lloris,G,False,,,,,,,,,,,,,,,,,,0.0,0.0,,,90.0,,,0.0,,,,,,,,,,,,,,,,0.0,,,,,,
2013-14,3964831,3,6,Tottenham_Hotspur,Away,9865,39104.0,Mousa Dembélé,mousa-dembele,M,False,,,,,,,,,,,,,,,,,,0.0,0.0,,,69.0,,,0.0,,,,,,,,,,,,,,,,0.0,,,,,,
2013-14,3964831,3,6,Tottenham_Hotspur,Away,13208,17926.0,Roberto Soldado,roberto-soldado,F,False,,,,,,,,,,,,,,,,,,0.0,0.0,,,90.0,,,0.0,,,,,,,,,,,,,,,,0.0,,,,,,
2013-14,3964831,3,6,Tottenham_Hotspur,Away,16586,38290.0,Danny Rose,danny-rose,D,False,,,,,,,,,,,,,,,,,,0.0,0.0,,,90.0,,,0.0,,,,,,,,,,,,,,,,0.0,,,,,,
2013-14,3964831,3,6,Tottenham_Hotspur,Away,16701,38439.0,Étienne Capoue,etienne-capoue,M,False,,,,,,,,,,,,,,,,,,0.0,0.0,,,75.0,,,0.0,,,,,,,,,,,,,,,,0.0,,,,,,
2013-14,3964831,3,6,Tottenham_Hotspur,Away,16921,39194.0,Jan Vertonghen,jan-vertonghen,D,False,,,,,,,,,,,,,,,,,,0.0,0.0,,,90.0,,,0.0,,,,,,,,,,,,,,,,0.0,,,,,,
2013-14,3964831,3,6,Tottenham_Hotspur,Away,32492,54908.0,Nacer Chadli,nacer-chadli,M,False,,,,,,,,,,,,,,,,,,0.0,0.0,,,90.0,,,0.0,,,,,,,,,,,,,,,,0.0,,,,,,
2013-14,3964831,3,6,Tottenham_Hotspur,Away,32821,49539.0,Kyle Naughton,kyle-naughton,D,True,,,,,,,,,,,,,,,,,,,,,,,,,,,,,,,,,,,,,,,,,,,,,,,
2013-14,3964831,3,6,Tottenham_Hotspur,Away,43192,55422.0,Gylfi Sigurðsson,gylfi-sigursson,M,True,,,,,,,,,,,,,,,,,,,,,,,,,,,,,,,,,,,,,,,,,,,,,,,
2013-14,3964831,3,6,Tottenham_Hotspur,Away,43301,52876.0,Sandro,sandro,M,True,,,,,,,,,,,,,,,,,,0.0,0.0,,,15.0,,,0.0,,,,,,,,,,,,,,,,0.0,,,,,,
2013-14,3964831,3,6,Tottenham_Hotspur,Away,44614,58621.0,Kyle Walker,kyle-walker,D,False,,,,,,,,,,,,,,,,,,0.0,0.0,,,90.0,,,0.0,,,,,,,,,,,,,,,,0.0,,,,,,
2013-14,3964831,3,6,Tottenham_Hotspur,Away,47992,60252.0,Andros Townsend,andros-townsend,F,False,,,,,,,,,,,,,,,,,,0.0,0.0,,,75.0,,,0.0,,,,,,,,,,,,,,,,0.0,,,,,,
2013-14,3964831,3,6,Tottenham_Hotspur,Away,115183,100534.0,Paulinho,paulinho,M,False,,,,,,,,,,,,,,,,,,0.0,0.0,,,90.0,,,0.0,,,,,,,,,,,,,,,,0.0,,,,,,
2013-14,3964831,3,6,Tottenham_Hotspur,Away,122702,62974.0,Erik Lamela,erik-lamela,M,True,,,,,,,,,,,,,,,,,,0.0,0.0,,,15.0,,,0.0,,,,,,,,,,,,,,,,0.0,,,,,,
2013-14,3964831,3,6,Tottenham_Hotspur,Away,1135884,49318.0,Lewis Holtby,lewis-holtby,M,True,,,,,,,,,,,,,,,,,,,,,,,,,,,,,,,,,,,,,,,,,,,,,,,
2013-14,3965135,4,6,Tottenham_Hotspur,Home,597,1803.0,Brad Friedel,brad-friedel,G,True,,,,,,,,,,,,,,,,,,,,,,,,,,,,,,,,,,,,,,,,,,,,,,,
2013-14,3965135,4,6,Tottenham_Hotspur,Home,927,12679.0,Michael Dawson,michael-dawson,D,False,,,,,,,,,,,,,,,,,,0.0,0.0,,,90.0,,,0.0,,,,,,,,,,,,,,,,0.0,,,,,,
2013-14,3965135,4,6,Tottenham_Hotspur,Home,946,7958.0,Jermain Defoe,jermain-defoe,F,True,,,,,,,,,,,,,,,,,,,,,,,,,,,,,,,,,,,,,,,,,,,,,,,
2013-14,3965135,4,6,Tottenham_Hotspur,Home,1018,37742.0,Younès Kaboul,younes-kaboul,D,True,,,,,,,,,,,,,,,,,,,,,,,,,,,,,,,,,,,,,,,,,,,,,,,
2013-14,3965135,4,6,Tottenham_Hotspur,Home,9048,37915.0,Hugo Lloris,hugo-lloris,G,False,,,,,,,,,,,,,,,,,,0.0,0.0,,,90.0,,,0.0,,,,,,,,,,,,,,,,0.0,,,,,,
2013-14,3965135,4,6,Tottenham_Hotspur,Home,9865,39104.0,Mousa Dembélé,mousa-dembele,M,False,,,,,,,,,,,,,,,,,,0.0,0.0,,,83.0,,,0.0,,,,,,,,,,,,,,,,0.0,,,,,,
2013-14,3965135,4,6,Tottenham_Hotspur,Home,13208,17926.0,Roberto Soldado,roberto-soldado,F,False,,,,,,,,,,,,,,,,,,0.0,0.0,,,90.0,,,0.0,,,,,,,,,,,,,,,,0.0,,,,,,
2013-14,3965135,4,6,Tottenham_Hotspur,Home,16586,38290.0,Danny Rose,danny-rose,D,False,,,,,,,,,,,,,,,,,,0.0,0.0,,,90.0,,,0.0,,,,,,,,,,,,,,,,0.0,,,,,,
2013-14,3965135,4,6,Tottenham_Hotspur,Home,16921,39194.0,Jan Vertonghen,jan-vertonghen,D,False,,,,,,,,,,,,,,,,,,0.0,0.0,,,90.0,,,0.0,,,,,,,,,,,,,,,,0.0,,,,,,
2013-14,3965135,4,6,Tottenham_Hotspur,Home,32821,49539.0,Kyle Naughton,kyle-naughton,D,True,,,,,,,,,,,,,,,,,,,,,,,,,,,,,,,,,,,,,,,,,,,,,,,
2013-14,3965135,4,6,Tottenham_Hotspur,Home,43192,55422.0,Gylfi Sigurðsson,gylfi-sigursson,M,False,,,,,,,,,,,,,,,,,,0.0,2.0,,,79.0,,,0.0,,,,,,,,,,,,,,,,0.0,,,,,,
2013-14,3965135,4,6,Tottenham_Hotspur,Home,43301,52876.0,Sandro,sandro,M,True,,,,,,,,,,,,,,,,,,0.0,0.0,,,11.0,,,0.0,,,,,,,,,,,,,,,,0.0,,,,,,
2013-14,3965135,4,6,Tottenham_Hotspur,Home,44614,58621.0,Kyle Walker,kyle-walker,D,False,,,,,,,,,,,,,,,,,,0.0,0.0,,,90.0,,,0.0,,,,,,,,,,,,,,,,0.0,,,,,,
2013-14,3965135,4,6,Tottenham_Hotspur,Home,47992,60252.0,Andros Townsend,andros-townsend,F,False,,,,,,,,,,,,,,,,,,0.0,0.0,,,90.0,,,0.0,,,,,,,,,,,,,,,,0.0,,,,,,
2013-14,3965135,4,6,Tottenham_Hotspur,Home,105734,80607.0,Christian Eriksen,christian-eriksen,M,False,,,,,,,,,,,,,,,,,,0.0,0.0,,,71.0,,,0.0,,,,,,,,,,,,,,,,0.0,,,,,,
2013-14,3965135,4,6,Tottenham_Hotspur,Home,115183,100534.0,Paulinho,paulinho,M,False,,,,,,,,,,,,,,,,,,0.0,0.0,,,90.0,,,0.0,,,,,,,,,,,,,,,,0.0,,,,,,
2013-14,3965135,4,6,Tottenham_Hotspur,Home,122702,62974.0,Erik Lamela,erik-lamela,M,True,,,,,,,,,,,,,,,,,,0.0,0.0,,,7.0,,,0.0,,,,,,,,,,,,,,,,0.0,,,,,,
2013-14,3965135,4,6,Tottenham_Hotspur,Home,1135884,49318.0,Lewis Holtby,lewis-holtby,M,True,,,,,,,,,,,,,,,,,,0.0,0.0,,,19.0,,,0.0,,,,,,,,,,,,,,,,0.0,,,,,,
2013-14,3965139,5,6,Tottenham_Hotspur,Away,597,1803.0,Brad Friedel,brad-friedel,G,True,,,,,,,,,,,,,,,,,,,,,,,,,,,,,,,,,,,,,,,,,,,,,,,
2013-14,3965139,5,6,Tottenham_Hotspur,Away,927,12679.0,Michael Dawson,michael-dawson,D,False,,,,,,,,,,,,,,,,,,0.0,0.0,,,90.0,,,0.0,,,,,,,,,,,,,,,,0.0,,,,,,
2013-14,3965139,5,6,Tottenham_Hotspur,Away,9048,37915.0,Hugo Lloris,hugo-lloris,G,False,,,,,,,,,,,,,,,,,,0.0,0.0,,,90.0,,,0.0,,,,,,,,,,,,,,,,0.0,,,,,,
2013-14,3965139,5,6,Tottenham_Hotspur,Away,9865,39104.0,Mousa Dembélé,mousa-dembele,M,False,,,,,,,,,,,,,,,,,,0.0,0.0,,,90.0,,,0.0,,,,,,,,,,,,,,,,0.0,,,,,,
2013-14,3965139,5,6,Tottenham_Hotspur,Away,13208,17926.0,Roberto Soldado,roberto-soldado,F,False,,,,,,,,,,,,,,,,,,0.0,0.0,,,90.0,,,0.0,,,,,,,,,,,,,,,,0.0,,,,,,
2013-14,3965139,5,6,Tottenham_Hotspur,Away,16921,39194.0,Jan Vertonghen,jan-vertonghen,D,False,,,,,,,,,,,,,,,,,,0.0,0.0,,,90.0,,,0.0,,,,,,,,,,,,,,,,0.0,,,,,,
2013-14,3965139,5,6,Tottenham_Hotspur,Away,32821,49539.0,Kyle Naughton,kyle-naughton,D,False,,,,,,,,,,,,,,,,,,0.0,0.0,,,90.0,,,0.0,,,,,,,,,,,,,,,,0.0,,,,,,
2013-14,3965139,5,6,Tottenham_Hotspur,Away,43192,55422.0,Gylfi Sigurðsson,gylfi-sigursson,M,False,,,,,,,,,,,,,,,,,,0.0,0.0,,,71.0,,,0.0,,,,,,,,,,,,,,,,0.0,,,,,,
2013-14,3965139,5,6,Tottenham_Hotspur,Away,43301,52876.0,Sandro,sandro,M,True,,,,,,,,,,,,,,,,,,,,,,,,,,,,,,,,,,,,,,,,,,,,,,,
2013-14,3965139,5,6,Tottenham_Hotspur,Away,44614,58621.0,Kyle Walker,kyle-walker,D,False,,,,,,,,,,,,,,,,,,0.0,0.0,,,90.0,,,0.0,,,,,,,,,,,,,,,,0.0,,,,,,
2013-14,3965139,5,6,Tottenham_Hotspur,Away,47992,60252.0,Andros Townsend,andros-townsend,F,False,,,,,,,,,,,,,,,,,,0.0,0.0,,,82.0,,,0.0,,,,,,,,,,,,,,,,0.0,,,,,,
2013-14,3965139,5,6,Tottenham_Hotspur,Away,69295,62305.0,Vlad Chiricheş,vlad-chiriches,M,True,,,,,,,,,,,,,,,,,,,,,,,,,,,,,,,,,,,,,,,,,,,,,,,
2013-14,3965139,5,6,Tottenham_Hotspur,Away,105734,80607.0,Christian Eriksen,christian-eriksen,M,False,,,,,,,,,,,,,,,,,,0.0,0.0,,,89.0,,,0.0,,,,,,,,,,,,,,,,0.0,,,,,,
2013-14,3965139,5,6,Tottenham_Hotspur,Away,108579,78830.0,Harry Kane,harry-kane,F,True,,,,,,,,,,,,,,,,,,0.0,0.0,,,8.0,,,0.0,,,,,,,,,,,,,,,,0.0,,,,,,
2013-14,3965139,5,6,Tottenham_Hotspur,Away,115183,100534.0,Paulinho,paulinho,M,False,,,,,,,,,,,,,,,,,,0.0,1.0,,,90.0,,,0.0,,,,,,,,,,,,,,,,0.0,,,,,,
2013-14,3965139,5,6,Tottenham_Hotspur,Away,122702,62974.0,Erik Lamela,erik-lamela,M,True,,,,,,,,,,,,,,,,,,0.0,0.0,,,19.0,,,0.0,,,,,,,,,,,,,,,,0.0,,,,,,
2013-14,3965139,5,6,Tottenham_Hotspur,Away,137756,,Zeki Fryers,zeki-fryers,D,True,,,,,,,,,,,,,,,,,,,,,,,,,,,,,,,,,,,,,,,,,,,,,,,
2013-14,3965139,5,6,Tottenham_Hotspur,Away,1135884,49318.0,Lewis Holtby,lewis-holtby,M,True,,,,,,,,,,,,,,,,,,0.0,0.0,,,1.0,,,0.0,,,,,,,,,,,,,,,,0.0,,,,,,
2013-14,3965175,6,6,Tottenham_Hotspur,Home,597,1803.0,Brad Friedel,brad-friedel,G,True,,,,,,,,,,,,,,,,,,,,,,,,,,,,,,,,,,,,,,,,,,,,,,,
2013-14,3965175,6,6,Tottenham_Hotspur,Home,927,12679.0,Michael Dawson,michael-dawson,D,False,,,,,,,,,,,,,,,,,,0.0,0.0,,,90.0,,,0.0,,,,,,,,,,,,,,,,0.0,,,,,,
2013-14,3965175,6,6,Tottenham_Hotspur,Home,946,7958.0,Jermain Defoe,jermain-defoe,F,True,,,,,,,,,,,,,,,,,,0.0,0.0,,,13.0,,,0.0,,,,,,,,,,,,,,,,0.0,,,,,,
2013-14,3965175,6,6,Tottenham_Hotspur,Home,9048,37915.0,Hugo Lloris,hugo-lloris,G,False,,,,,,,,,,,,,,,,,,0.0,0.0,,,90.0,,,0.0,,,,,,,,,,,,,,,,0.0,,,,,,
2013-14,3965175,6,6,Tottenham_Hotspur,Home,9865,39104.0,Mousa Dembélé,mousa-dembele,M,False,,,,,,,,,,,,,,,,,,0.0,0.0,,,90.0,,,0.0,,,,,,,,,,,,,,,,0.0,,,,,,
2013-14,3965175,6,6,Tottenham_Hotspur,Home,13208,17926.0,Roberto Soldado,roberto-soldado,F,False,,,,,,,,,,,,,,,,,,1.0,0.0,,,77.0,,,0.0,,,,,,,,,,,,,,,,0.0,,,,,,
2013-14,3965175,6,6,Tottenham_Hotspur,Home,16921,39194.0,Jan Vertonghen,jan-vertonghen,D,False,,,,,,,,,,,,,,,,,,0.0,0.0,,,90.0,,,0.0,,,,,,,,,,,,,,,,0.0,,,,,,
2013-14,3965175,6,6,Tottenham_Hotspur,Home,32492,54908.0,Nacer Chadli,nacer-chadli,M,True,,,,,,,,,,,,,,,,,,0.0,0.0,,,28.0,,,0.0,,,,,,,,,,,,,,,,0.0,,,,,,
2013-14,3965175,6,6,Tottenham_Hotspur,Home,32821,49539.0,Kyle Naughton,kyle-naughton,D,False,,,,,,,,,,,,,,,,,,0.0,0.0,,,90.0,,,0.0,,,,,,,,,,,,,,,,0.0,,,,,,
2013-14,3965175,6,6,Tottenham_Hotspur,Home,43192,55422.0,Gylfi Sigurðsson,gylfi-sigursson,M,False,,,,,,,,,,,,,,,,,,0.0,1.0,,,90.0,,,0.0,,,,,,,,,,,,,,,,0.0,,,,,,
2013-14,3965175,6,6,Tottenham_Hotspur,Home,43301,52876.0,Sandro,sandro,M,True,,,,,,,,,,,,,,,,,,,,,,,,,,,,,,,,,,,,,,,,,,,,,,,
2013-14,3965175,6,6,Tottenham_Hotspur,Home,44614,58621.0,Kyle Walker,kyle-walker,D,False,,,,,,,,,,,,,,,,,,0.0,0.0,,,90.0,,,0.0,,,,,,,,,,,,,,,,0.0,,,,,,
2013-14,3965175,6,6,Tottenham_Hotspur,Home,47992,60252.0,Andros Townsend,andros-townsend,F,False,,,,,,,,,,,,,,,,,,0.0,0.0,,,62.0,,,0.0,,,,,,,,,,,,,,,,0.0,,,,,,
2013-14,3965175,6,6,Tottenham_Hotspur,Home,69295,62305.0,Vlad Chiricheş,vlad-chiriches,M,True,,,,,,,,,,,,,,,,,,,,,,,,,,,,,,,,,,,,,,,,,,,,,,,
2013-14,3965175,6,6,Tottenham_Hotspur,Home,105734,80607.0,Christian Eriksen,christian-eriksen,M,False,,,,,,,,,,,,,,,,,,0.0,0.0,,,70.0,,,0.0,,,,,,,,,,,,,,,,0.0,,,,,,
2013-14,3965175,6,6,Tottenham_Hotspur,Home,115183,100534.0,Paulinho,paulinho,M,False,,,,,,,,,,,,,,,,,,0.0,0.0,,,90.0,,,0.0,,,,,,,,,,,,,,,,0.0,,,,,,
2013-14,3965175,6,6,Tottenham_Hotspur,Home,122702,62974.0,Erik Lamela,erik-lamela,M,True,,,,,,,,,,,,,,,,,,,,,,,,,,,,,,,,,,,,,,,,,,,,,,,
2013-14,3965175,6,6,Tottenham_Hotspur,Home,1135884,49318.0,Lewis Holtby,lewis-holtby,M,True,,,,,,,,,,,,,,,,,,0.0,0.0,,,20.0,,,0.0,,,,,,,,,,,,,,,,0.0,,,,,,
2013-14,3965193,7,6,Tottenham_Hotspur,Home,597,1803.0,Brad Friedel,brad-friedel,G,True,,,,,,,,,,,,,,,,,,,,,,,,,,,,,,,,,,,,,,,,,,,,,,,
2013-14,3965193,7,6,Tottenham_Hotspur,Home,927,12679.0,Michael Dawson,michael-dawson,D,False,,,,,,,,,,,,,,,,,,0.0,0.0,,,90.0,,,0.0,,,,,,,,,,,,,,,,0.0,,,,,,
2013-14,3965193,7,6,Tottenham_Hotspur,Home,946,7958.0,Jermain Defoe,jermain-defoe,F,False,,,,,,,,,,,,,,,,,,0.0,0.0,,,90.0,,,0.0,,,,,,,,,,,,,,,,0.0,,,,,,
2013-14,3965193,7,6,Tottenham_Hotspur,Home,9048,37915.0,Hugo Lloris,hugo-lloris,G,False,,,,,,,,,,,,,,,,,,0.0,0.0,,,90.0,,,0.0,,,,,,,,,,,,,,,,0.0,,,,,,
2013-14,3965193,7,6,Tottenham_Hotspur,Home,9865,39104.0,Mousa Dembélé,mousa-dembele,M,False,,,,,,,,,,,,,,,,,,0.0,0.0,,,90.0,,,0.0,,,,,,,,,,,,,,,,0.0,,,,,,
2013-14,3965193,7,6,Tottenham_Hotspur,Home,13208,17926.0,Roberto Soldado,roberto-soldado,F,True,,,,,,,,,,,,,,,,,,0.0,0.0,,,16.0,,,0.0,,,,,,,,,,,,,,,,0.0,,,,,,
2013-14,3965193,7,6,Tottenham_Hotspur,Home,16921,39194.0,Jan Vertonghen,jan-vertonghen,D,False,,,,,,,,,,,,,,,,,,0.0,0.0,,,90.0,,,0.0,,,,,,,,,,,,,,,,0.0,,,,,,
2013-14,3965193,7,6,Tottenham_Hotspur,Home,32492,54908.0,Nacer Chadli,nacer-chadli,M,True,,,,,,,,,,,,,,,,,,,,,,,,,,,,,,,,,,,,,,,,,,,,,,,
2013-14,3965193,7,6,Tottenham_Hotspur,Home,32821,49539.0,Kyle Naughton,kyle-naughton,D,False,,,,,,,,,,,,,,,,,,0.0,0.0,,,81.0,,,0.0,,,,,,,,,,,,,,,,0.0,,,,,,
2013-14,3965193,7,6,Tottenham_Hotspur,Home,43192,55422.0,Gylfi Sigurðsson,gylfi-sigursson,M,False,,,,,,,,,,,,,,,,,,0.0,0.0,,,63.0,,,0.0,,,,,,,,,,,,,,,,0.0,,,,,,
2013-14,3965193,7,6,Tottenham_Hotspur,Home,43301,52876.0,Sandro,sandro,M,True,,,,,,,,,,,,,,,,,,,,,,,,,,,,,,,,,,,,,,,,,,,,,,,
2013-14,3965193,7,6,Tottenham_Hotspur,Home,44614,58621.0,Kyle Walker,kyle-walker,D,False,,,,,,,,,,,,,,,,,,0.0,0.0,,,90.0,,,0.0,,,,,,,,,,,,,,,,0.0,,,,,,
2013-14,3965193,7,6,Tottenham_Hotspur,Home,47992,60252.0,Andros Townsend,andros-townsend,F,False,,,,,,,,,,,,,,,,,,0.0,0.0,,,90.0,,,0.0,,,,,,,,,,,,,,,,0.0,,,,,,
2013-14,3965193,7,6,Tottenham_Hotspur,Home,69295,62305.0,Vlad Chiricheş,vlad-chiriches,M,True,,,,,,,,,,,,,,,,,,,,,,,,,,,,,,,,,,,,,,,,,,,,,,,
2013-14,3965193,7,6,Tottenham_Hotspur,Home,105734,80607.0,Christian Eriksen,christian-eriksen,M,False,,,,,,,,,,,,,,,,,,0.0,0.0,,,74.0,,,0.0,,,,,,,,,,,,,,,,0.0,,,,,,
2013-14,3965193,7,6,Tottenham_Hotspur,Home,115183,100534.0,Paulinho,paulinho,M,False,,,,,,,,,,,,,,,,,,0.0,0.0,,,90.0,,,0.0,,,,,,,,,,,,,,,,0.0,,,,,,
2013-14,3965193,7,6,Tottenham_Hotspur,Home,122702,62974.0,Erik Lamela,erik-lamela,M,True,,,,,,,,,,,,,,,,,,0.0,0.0,,,27.0,,,0.0,,,,,,,,,,,,,,,,0.0,,,,,,
2013-14,3965193,7,6,Tottenham_Hotspur,Home,1135884,49318.0,Lewis Holtby,lewis-holtby,M,True,,,,,,,,,,,,,,,,,,0.0,0.0,,,9.0,,,0.0,,,,,,,,,,,,,,,,0.0,,,,,,
2013-14,3965199,8,6,Tottenham_Hotspur,Away,597,1803.0,Brad Friedel,brad-friedel,G,True,,,,,,,,,,,,,,,,,,,,,,,,,,,,,,,,,,,,,,,,,,,,,,,
2013-14,3965199,8,6,Tottenham_Hotspur,Away,927,12679.0,Michael Dawson,michael-dawson,D,False,,,,,,,,,,,,,,,,,,0.0,0.0,,,90.0,,,0.0,,,,,,,,,,,,,,,,0.0,,,,,,
2013-14,3965199,8,6,Tottenham_Hotspur,Away,946,7958.0,Jermain Defoe,jermain-defoe,F,True,,,,,,,,,,,,,,,,,,0.0,0.0,,,3.0,,,0.0,,,,,,,,,,,,,,,,0.0,,,,,,
2013-14,3965199,8,6,Tottenham_Hotspur,Away,9048,37915.0,Hugo Lloris,hugo-lloris,G,False,,,,,,,,,,,,,,,,,,0.0,0.0,,,90.0,,,0.0,,,,,,,,,,,,,,,,0.0,,,,,,
2013-14,3965199,8,6,Tottenham_Hotspur,Away,9692,17349.0,Aaron Lennon,aaron-lennon,M,True,,,,,,,,,,,,,,,,,,0.0,0.0,,,24.0,,,0.0,,,,,,,,,,,,,,,,0.0,,,,,,
2013-14,3965199,8,6,Tottenham_Hotspur,Away,9865,39104.0,Mousa Dembélé,mousa-dembele,M,True,,,,,,,,,,,,,,,,,,0.0,0.0,,,17.0,,,0.0,,,,,,,,,,,,,,,,0.0,,,,,,
2013-14,3965199,8,6,Tottenham_Hotspur,Away,13208,17926.0,Roberto Soldado,roberto-soldado,F,False,,,,,,,,,,,,,,,,,,1.0,1.0,,,87.0,,,0.0,,,,,,,,,,,,,,,,0.0,,,,,,
2013-14,3965199,8,6,Tottenham_Hotspur,Away,16921,39194.0,Jan Vertonghen,jan-vertonghen,D,False,,,,,,,,,,,,,,,,,,0.0,0.0,,,90.0,,,0.0,,,,,,,,,,,,,,,,0.0,,,,,,
2013-14,3965199,8,6,Tottenham_Hotspur,Away,32821,49539.0,Kyle Naughton,kyle-naughton,D,True,,,,,,,,,,,,,,,,,,,,,,,,,,,,,,,,,,,,,,,,,,,,,,,
2013-14,3965199,8,6,Tottenham_Hotspur,Away,43192,55422.0,Gylfi Sigurðsson,gylfi-sigursson,M,False,,,,,,,,,,,,,,,,,,0.0,0.0,,,66.0,,,0.0,,,,,,,,,,,,,,,,0.0,,,,,,
2013-14,3965199,8,6,Tottenham_Hotspur,Away,43301,52876.0,Sandro,sandro,M,False,,,,,,,,,,,,,,,,,,0.0,0.0,,,90.0,,,0.0,,,,,,,,,,,,,,,,0.0,,,,,,
2013-14,3965199,8,6,Tottenham_Hotspur,Away,44614,58621.0,Kyle Walker,kyle-walker,D,False,,,,,,,,,,,,,,,,,,0.0,0.0,,,90.0,,,0.0,,,,,,,,,,,,,,,,0.0,,,,,,
2013-14,3965199,8,6,Tottenham_Hotspur,Away,47992,60252.0,Andros Townsend,andros-townsend,F,False,,,,,,,,,,,,,,,,,,0.0,1.0,,,90.0,,,0.0,,,,,,,,,,,,,,,,0.0,,,,,,
2013-14,3965199,8,6,Tottenham_Hotspur,Away,69295,62305.0,Vlad Chiricheş,vlad-chiriches,M,False,,,,,,,,,,,,,,,,,,0.0,0.0,,,90.0,,,0.0,,,,,,,,,,,,,,,,0.0,,,,,,
2013-14,3965199,8,6,Tottenham_Hotspur,Away,105734,80607.0,Christian Eriksen,christian-eriksen,M,True,,,,,,,,,,,,,,,,,,,,,,,,,,,,,,,,,,,,,,,,,,,,,,,
2013-14,3965199,8,6,Tottenham_Hotspur,Away,115183,100534.0,Paulinho,paulinho,M,False,,,,,,,,,,,,,,,,,,1.0,0.0,,,90.0,,,0.0,,,,,,,,,,,,,,,,0.0,,,,,,
2013-14,3965199,8,6,Tottenham_Hotspur,Away,122702,62974.0,Erik Lamela,erik-lamela,M,True,,,,,,,,,,,,,,,,,,,,,,,,,,,,,,,,,,,,,,,,,,,,,,,
2013-14,3965199,8,6,Tottenham_Hotspur,Away,1135884,49318.0,Lewis Holtby,lewis-holtby,M,False,,,,,,,,,,,,,,,,,,0.0,0.0,,,73.0,,,0.0,,,,,,,,,,,,,,,,0.0,,,,,,
2013-14,3965235,9,6,Tottenham_Hotspur,Home,597,1803.0,Brad Friedel,brad-friedel,G,True,,,,,,,,,,,,,,,,,,,,,,,,,,,,,,,,,,,,,,,,,,,,,,,
2013-14,3965235,9,6,Tottenham_Hotspur,Home,927,12679.0,Michael Dawson,michael-dawson,D,False,,5.0,20.0,33.0,53.0,1.0,3.0,10.0,,,,,,1.0,4.0,,1.0,0.0,0.0,,,90.0,,1.0,0.0,,6.0,,7.4,,,1.0,5.0,,,7.0,,22.0,36.0,58.0,1.0,1.0,67.0,1.0,,,1.0
2013-14,3965235,9,6,Tottenham_Hotspur,Home,946,7958.0,Jermain Defoe,jermain-defoe,F,True,,,1.0,1.0,2.0,,,,,,,,,,,,,0.0,0.0,,,20.0,,,0.0,,2.0,,6.5,,,,,,1.0,,,2.0,1.0,2.0,0.0,,5.0,1.0,,,
2013-14,3965235,9,6,Tottenham_Hotspur,Home,9048,37915.0,Hugo Lloris,hugo-lloris,G,False,,4.0,,13.0,13.0,,,8.0,,,,,,,,,,0.0,0.0,,,90.0,,,0.0,,6.0,1.0,7.6,2.0,4.0,,1.0,,,10.0,,5.0,14.0,19.0,0.0,,27.0,,,,
2013-14,3965235,9,6,Tottenham_Hotspur,Home,9692,17349.0,Aaron Lennon,aaron-lennon,M,False,,,15.0,6.0,21.0,,,3.0,,,1.0,,,4.0,1.0,,1.0,0.0,0.0,,,70.0,,,0.0,,5.0,,6.4,,,,,4.0,1.0,,1.0,17.0,6.0,22.0,1.0,,32.0,,,1.0,
2013-14,3965235,9,6,Tottenham_Hotspur,Home,9865,39104.0,Mousa Dembélé,mousa-dembele,M,True,,6.0,23.0,11.0,34.0,,,3.0,,,1.0,,1.0,1.0,4.0,,,0.0,0.0,,,44.0,,,0.0,,4.0,,7.1,,,,,,,6.0,,25.0,12.0,37.0,1.0,4.0,43.0,,,,3.0
2013-14,3965235,9,6,Tottenham_Hotspur,Home,13208,17926.0,Roberto Soldado,roberto-soldado,F,False,,,12.0,2.0,14.0,1.0,,7.0,,,,,1.0,5.0,2.0,,3.0,0.0,1.0,1.0,1.0,90.0,2.0,,0.0,,12.0,,7.5,,,1.0,2.0,,1.0,,,18.0,3.0,20.0,3.0,2.0,35.0,3.0,,,1.0
2013-14,3965235,9,6,Tottenham_Hotspur,Home,16921,39194.0,Jan Vertonghen,jan-vertonghen,D,False,,2.0,18.0,11.0,29.0,,4.0,8.0,,,,1.0,2.0,3.0,6.0,,,0.0,0.0,2.0,1.0,90.0,,,0.0,,16.0,,7.3,,,,6.0,1.0,3.0,3.0,,25.0,14.0,36.0,0.0,1.0,68.0,1.0,1.0,1.0,1.0
2013-14,3965235,9,6,Tottenham_Hotspur,Home,32821,49539.0,Kyle Naughton,kyle-naughton,D,True,,,,,,,,,,,,,,,,,,,,,,,,,,,,,,,,,,,,,,,,,,,,,,,
2013-14,3965235,9,6,Tottenham_Hotspur,Home,43192,55422.0,Gylfi Sigurðsson,gylfi-sigursson,M,True,,,,,,,,,,,,,,,,,,,,,,,,,,,,,,,,,,,,,,,,,,,,,,,
2013-14,3965235,9,6,Tottenham_Hotspur,Home,43301,52876.0,Sandro,sandro,M,False,,,17.0,15.0,32.0,2.0,2.0,2.0,,,,2.0,,6.0,4.0,1.0,2.0,0.0,0.0,2.0,1.0,46.0,,1.0,0.0,,10.0,,6.5,,,,2.0,1.0,,,,22.0,17.0,39.0,0.0,1.0,51.0,3.0,,1.0,1.0
2013-14,3965235,9,6,Tottenham_Hotspur,Home,44614,58621.0,Kyle Walker,kyle-walker,D,False,,8.0,42.0,24.0,66.0,1.0,2.0,2.0,,,,,2.0,3.0,4.0,,,0.0,0.0,1.0,,90.0,2.0,,0.0,,10.0,,7.5,,,,4.0,,,8.0,,47.0,25.0,72.0,2.0,,99.0,1.0,2.0,,
2013-14,3965235,9,6,Tottenham_Hotspur,Home,47992,60252.0,Andros Townsend,andros-townsend,F,False,1.0,1.0,36.0,3.0,38.0,,,6.0,,,1.0,,2.0,3.0,11.0,,,0.0,0.0,1.0,2.0,90.0,1.0,,0.0,,20.0,,7.8,,,2.0,,10.0,5.0,2.0,,47.0,6.0,48.0,4.0,,77.0,2.0,2.0,9.0,
2013-14,3965235,9,6,Tottenham_Hotspur,Home,69295,62305.0,Vlad Chiricheş,vlad-chiriches,M,False,,11.0,26.0,34.0,60.0,2.0,4.0,7.0,,,,,3.0,9.0,7.0,,2.0,0.0,0.0,3.0,1.0,90.0,,,0.0,,11.0,,7.2,,,,6.0,3.0,1.0,12.0,,30.0,36.0,65.0,0.0,1.0,84.0,,1.0,1.0,1.0
2013-14,3965235,9,6,Tottenham_Hotspur,Home,105734,80607.0,Christian Eriksen,christian-eriksen,M,True,,1.0,8.0,4.0,12.0,,,2.0,,,,,2.0,4.0,1.0,,1.0,0.0,0.0,1.0,,30.0,,,0.0,,14.0,,6.3,,,,,1.0,4.0,2.0,,18.0,4.0,18.0,0.0,1.0,28.0,,,,1.0
2013-14,3965235,9,6,Tottenham_Hotspur,Home,115183,100534.0,Paulinho,paulinho,M,False,,4.0,38.0,12.0,50.0,3.0,1.0,4.0,,1.0,,1.0,3.0,8.0,5.0,,1.0,0.0,0.0,,1.0,90.0,,,0.0,,13.0,,6.7,,,2.0,1.0,,1.0,5.0,,44.0,14.0,57.0,2.0,4.0,72.0,2.0,,,3.0
2013-14,3965235,9,6,Tottenham_Hotspur,Home,122702,62974.0,Erik Lamela,erik-lamela,M,True,,,,,,,,,,,,,,,,,,,,,,,,,,,,,,,,,,,,,,,,,,,,,,,
2013-14,3965235,9,6,Tottenham_Hotspur,Home,1135884,49318.0,Lewis Holtby,lewis-holtby,M,False,3.0,4.0,40.0,13.0,50.0,,,5.0,1.0,,,,2.0,6.0,5.0,,2.0,0.0,0.0,1.0,3.0,60.0,1.0,,0.0,,15.0,,7.8,,,,1.0,2.0,4.0,4.0,,49.0,13.0,58.0,1.0,4.0,77.0,1.0,1.0,,4.0
2013-14,3965241,10,6,Tottenham_Hotspur,Away,597,1803.0,Brad Friedel,brad-friedel,G,True,,,,,,,,,,,,,,,,,,,,,,,,,,,,,,,,,,,,,,,,,,,,,,,
2013-14,3965241,10,6,Tottenham_Hotspur,Away,927,12679.0,Michael Dawson,michael-dawson,D,False,,,,,,,,,,,,,,,,,,0.0,0.0,,,90.0,,,0.0,,,,,,,,,,,,,,,,0.0,,,,,,
2013-14,3965241,10,6,Tottenham_Hotspur,Away,946,7958.0,Jermain Defoe,jermain-defoe,F,True,,,,,,,,,,,,,,,,,,,,,,,,,,,,,,,,,,,,,,,,,,,,,,,
2013-14,3965241,10,6,Tottenham_Hotspur,Away,1018,37742.0,Younès Kaboul,younes-kaboul,D,True,,,,,,,,,,,,,,,,,,,,,,,,,,,,,,,,,,,,,,,,,,,,,,,
2013-14,3965241,10,6,Tottenham_Hotspur,Away,9048,37915.0,Hugo Lloris,hugo-lloris,G,False,,,,,,,,,,,,,,,,,,0.0,0.0,,,90.0,,,0.0,,,,,,,,,,,,,,,,0.0,,,,,,
2013-14,3965241,10,6,Tottenham_Hotspur,Away,9692,17349.0,Aaron Lennon,aaron-lennon,M,False,,,,,,,,,,,,,,,,,,0.0,0.0,,,69.0,,,0.0,,,,,,,,,,,,,,,,0.0,,,,,,
2013-14,3965241,10,6,Tottenham_Hotspur,Away,9865,39104.0,Mousa Dembélé,mousa-dembele,M,True,,,,,,,,,,,,,,,,,,0.0,0.0,,,29.0,,,0.0,,,,,,,,,,,,,,,,0.0,,,,,,
2013-14,3965241,10,6,Tottenham_Hotspur,Away,13208,17926.0,Roberto Soldado,roberto-soldado,F,False,,,,,,,,,,,,,,,,,,0.0,0.0,,,90.0,,,0.0,,,,,,,,,,,,,,,,0.0,,,,,,
2013-14,3965241,10,6,Tottenham_Hotspur,Away,16921,39194.0,Jan Vertonghen,jan-vertonghen,D,False,,,,,,,,,,,,,,,,,,0.0,0.0,,,90.0,,,0.0,,,,,,,,,,,,,,,,0.0,,,,,,
2013-14,3965241,10,6,Tottenham_Hotspur,Away,43192,55422.0,Gylfi Sigurðsson,gylfi-sigursson,M,True,,,,,,,,,,,,,,,,,,0.0,0.0,,,21.0,,,0.0,,,,,,,,,,,,,,,,0.0,,,,,,
2013-14,3965241,10,6,Tottenham_Hotspur,Away,43301,52876.0,Sandro,sandro,M,False,,,,,,,,,,,,,,,,,,0.0,0.0,,,61.0,,,0.0,,,,,,,,,,,,,,,,0.0,,,,,,
2013-14,3965241,10,6,Tottenham_Hotspur,Away,44614,58621.0,Kyle Walker,kyle-walker,D,False,,,,,,,,,,,,,,,,,,0.0,0.0,,,90.0,,,0.0,,,,,,,,,,,,,,,,0.0,,,,,,
2013-14,3965241,10,6,Tottenham_Hotspur,Away,47992,60252.0,Andros Townsend,andros-townsend,F,False,,,,,,,,,,,,,,,,,,0.0,0.0,,,90.0,,,0.0,,,,,,,,,,,,,,,,0.0,,,,,,
2013-14,3965241,10,6,Tottenham_Hotspur,Away,69295,62305.0,Vlad Chiricheş,vlad-chiriches,M,False,,,,,,,,,,,,,,,,,,0.0,0.0,,,90.0,,,0.0,,,,,,,,,,,,,,,,0.0,,,,,,
2013-14,3965241,10,6,Tottenham_Hotspur,Away,105734,80607.0,Christian Eriksen,christian-eriksen,M,True,,,,,,,,,,,,,,,,,,0.0,0.0,,,4.0,,,0.0,,,,,,,,,,,,,,,,0.0,,,,,,
2013-14,3965241,10,6,Tottenham_Hotspur,Away,115183,100534.0,Paulinho,paulinho,M,False,,,,,,,,,,,,,,,,,,0.0,0.0,,,90.0,,,0.0,,,,,,,,,,,,,,,,0.0,,,,,,
2013-14,3965241,10,6,Tottenham_Hotspur,Away,122702,62974.0,Erik Lamela,erik-lamela,M,True,,,,,,,,,,,,,,,,,,,,,,,,,,,,,,,,,,,,,,,,,,,,,,,
2013-14,3965241,10,6,Tottenham_Hotspur,Away,1135884,49318.0,Lewis Holtby,lewis-holtby,M,False,,,,,,,,,,,,,,,,,,0.0,0.0,,,86.0,,,0.0,,,,,,,,,,,,,,,,0.0,,,,,,
2013-14,3965275,11,6,Tottenham_Hotspur,Home,597,1803.0,Brad Friedel,brad-friedel,G,False,,,,,,,,,,,,,,,,,,0.0,0.0,,,90.0,,,0.0,,,,,,,,,,,,,,,,0.0,,,,,,
2013-14,3965275,11,6,Tottenham_Hotspur,Home,927,12679.0,Michael Dawson,michael-dawson,D,False,,,,,,,,,,,,,,,,,,0.0,0.0,,,90.0,,,0.0,,,,,,,,,,,,,,,,0.0,,,,,,
2013-14,3965275,11,6,Tottenham_Hotspur,Home,946,7958.0,Jermain Defoe,jermain-defoe,F,True,,,,,,,,,,,,,,,,,,0.0,0.0,,,21.0,,,0.0,,,,,,,,,,,,,,,,0.0,,,,,,
2013-14,3965275,11,6,Tottenham_Hotspur,Home,1018,37742.0,Younès Kaboul,younes-kaboul,D,True,,,,,,,,,,,,,,,,,,0.0,0.0,,,44.0,,,0.0,,,,,,,,,,,,,,,,0.0,,,,,,
2013-14,3965275,11,6,Tottenham_Hotspur,Home,2490,18656.0,Heurelho Gomes,heurelho-gomes,G,True,,,,,,,,,,,,,,,,,,,,,,,,,,,,,,,,,,,,,,,,,,,,,,,
2013-14,3965275,11,6,Tottenham_Hotspur,Home,9692,17349.0,Aaron Lennon,aaron-lennon,M,True,,,,,,,,,,,,,,,,,,,,,,,,,,,,,,,,,,,,,,,,,,,,,,,
2013-14,3965275,11,6,Tottenham_Hotspur,Home,9865,39104.0,Mousa Dembélé,mousa-dembele,M,False,,,,,,,,,,,,,,,,,,0.0,0.0,,,46.0,,,0.0,,,,,,,,,,,,,,,,0.0,,,,,,
2013-14,3965275,11,6,Tottenham_Hotspur,Home,13208,17926.0,Roberto Soldado,roberto-soldado,F,False,,,,,,,,,,,,,,,,,,0.0,0.0,,,90.0,,,0.0,,,,,,,,,,,,,,,,0.0,,,,,,
2013-14,3965275,11,6,Tottenham_Hotspur,Home,16921,39194.0,Jan Vertonghen,jan-vertonghen,D,False,,,,,,,,,,,,,,,,,,0.0,0.0,,,90.0,,,0.0,,,,,,,,,,,,,,,,0.0,,,,,,
2013-14,3965275,11,6,Tottenham_Hotspur,Home,43192,55422.0,Gylfi Sigurðsson,gylfi-sigursson,M,False,,,,,,,,,,,,,,,,,,0.0,0.0,,,69.0,,,0.0,,,,,,,,,,,,,,,,0.0,,,,,,
2013-14,3965275,11,6,Tottenham_Hotspur,Home,43301,52876.0,Sandro,sandro,M,True,,,,,,,,,,,,,,,,,,0.0,0.0,,,44.0,,,0.0,,,,,,,,,,,,,,,,0.0,,,,,,
2013-14,3965275,11,6,Tottenham_Hotspur,Home,44614,58621.0,Kyle Walker,kyle-walker,D,False,,,,,,,,,,,,,,,,,,0.0,0.0,,,90.0,,,0.0,,,,,,,,,,,,,,,,0.0,,,,,,
2013-14,3965275,11,6,Tottenham_Hotspur,Home,47992,60252.0,Andros Townsend,andros-townsend,F,False,,,,,,,,,,,,,,,,,,0.0,0.0,,,90.0,,,0.0,,,,,,,,,,,,,,,,0.0,,,,,,
2013-14,3965275,11,6,Tottenham_Hotspur,Home,69295,62305.0,Vlad Chiricheş,vlad-chiriches,M,False,,,,,,,,,,,,,,,,,,0.0,0.0,,,46.0,,,0.0,,,,,,,,,,,,,,,,0.0,,,,,,
2013-14,3965275,11,6,Tottenham_Hotspur,Home,105734,80607.0,Christian Eriksen,christian-eriksen,M,False,,,,,,,,,,,,,,,,,,0.0,0.0,,,90.0,,,0.0,,,,,,,,,,,,,,,,0.0,,,,,,
2013-14,3965275,11,6,Tottenham_Hotspur,Home,115183,100534.0,Paulinho,paulinho,M,False,,,,,,,,,,,,,,,,,,0.0,0.0,,,90.0,,,0.0,,,,,,,,,,,,,,,,0.0,,,,,,
2013-14,3965275,11,6,Tottenham_Hotspur,Home,122702,62974.0,Erik Lamela,erik-lamela,M,True,,,,,,,,,,,,,,,,,,,,,,,,,,,,,,,,,,,,,,,,,,,,,,,
2013-14,3965275,11,6,Tottenham_Hotspur,Home,1135884,49318.0,Lewis Holtby,lewis-holtby,M,True,,,,,,,,,,,,,,,,,,,,,,,,,,,,,,,,,,,,,,,,,,,,,,,
2013-14,3965287,12,6,Tottenham_Hotspur,Away,597,1803.0,Brad Friedel,brad-friedel,G,True,,,,,,,,,,,,,,,,,,,,,,,,,,,,,,,,,,,,,,,,,,,,,,,
2013-14,3965287,12,6,Tottenham_Hotspur,Away,927,12679.0,Michael Dawson,michael-dawson,D,False,,,,,,,,,,,,,,,,,,0.0,0.0,,,90.0,,,0.0,,,,,,,,,,,,,,,,0.0,,,,,,
2013-14,3965287,12,6,Tottenham_Hotspur,Away,946,7958.0,Jermain Defoe,jermain-defoe,F,True,,,,,,,,,,,,,,,,,,,,,,,,,,,,,,,,,,,,,,,,,,,,,,,
2013-14,3965287,12,6,Tottenham_Hotspur,Away,1018,37742.0,Younès Kaboul,younes-kaboul,D,False,,,,,,,,,,,,,,,,,,0.0,0.0,,,90.0,,,0.0,,,,,,,,,,,,,,,,0.0,,,,,,
2013-14,3965287,12,6,Tottenham_Hotspur,Away,3094,17500.0,Emmanuel Adebayor,emmanuel-adebayor,F,True,,,,,,,,,,,,,,,,,,0.0,0.0,,,44.0,,,0.0,,,,,,,,,,,,,,,,0.0,,,,,,
2013-14,3965287,12,6,Tottenham_Hotspur,Away,9048,37915.0,Hugo Lloris,hugo-lloris,G,False,,,,,,,,,,,,,,,,,,0.0,0.0,,,90.0,,,0.0,,,,,,,,,,,,,,,,0.0,,,,,,
2013-14,3965287,12,6,Tottenham_Hotspur,Away,9692,17349.0,Aaron Lennon,aaron-lennon,M,False,,,,,,,,,,,,,,,,,,0.0,0.0,,,90.0,,,0.0,,,,,,,,,,,,,,,,0.0,,,,,,
2013-14,3965287,12,6,Tottenham_Hotspur,Away,9865,39104.0,Mousa Dembélé,mousa-dembele,M,True,,,,,,,,,,,,,,,,,,0.0,0.0,,,29.0,,,0.0,,,,,,,,,,,,,,,,0.0,,,,,,
2013-14,3965287,12,6,Tottenham_Hotspur,Away,13208,17926.0,Roberto Soldado,roberto-soldado,F,False,,,,,,,,,,,,,,,,,,0.0,0.0,,,61.0,,,0.0,,,,,,,,,,,,,,,,0.0,,,,,,
2013-14,3965287,12,6,Tottenham_Hotspur,Away,16921,39194.0,Jan Vertonghen,jan-vertonghen,D,False,,,,,,,,,,,,,,,,,,0.0,0.0,,,90.0,,,0.0,,,,,,,,,,,,,,,,0.0,,,,,,
2013-14,3965287,12,6,Tottenham_Hotspur,Away,43192,55422.0,Gylfi Sigurðsson,gylfi-sigursson,M,True,,,,,,,,,,,,,,,,,,0.0,0.0,,,29.0,,,0.0,,,,,,,,,,,,,,,,0.0,,,,,,
2013-14,3965287,12,6,Tottenham_Hotspur,Away,43301,52876.0,Sandro,sandro,M,False,,,,,,,,,,,,,,,,,,0.0,0.0,,,90.0,,,1.0,,,,,,,,,,,,,,,,0.0,,,,,,
2013-14,3965287,12,6,Tottenham_Hotspur,Away,44614,58621.0,Kyle Walker,kyle-walker,D,False,,,,,,,,,,,,,,,,,,0.0,0.0,,,90.0,,,0.0,,,,,,,,,,,,,,,,0.0,,,,,,
2013-14,3965287,12,6,Tottenham_Hotspur,Away,47992,60252.0,Andros Townsend,andros-townsend,F,True,,,,,,,,,,,,,,,,,,,,,,,,,,,,,,,,,,,,,,,,,,,,,,,
2013-14,3965287,12,6,Tottenham_Hotspur,Away,69295,62305.0,Vlad Chiricheş,vlad-chiriches,M,True,,,,,,,,,,,,,,,,,,,,,,,,,,,,,,,,,,,,,,,,,,,,,,,
2013-14,3965287,12,6,Tottenham_Hotspur,Away,115183,100534.0,Paulinho,paulinho,M,False,,,,,,,,,,,,,,,,,,0.0,0.0,,,61.0,,,0.0,,,,,,,,,,,,,,,,0.0,,,,,,
2013-14,3965287,12,6,Tottenham_Hotspur,Away,122702,62974.0,Erik Lamela,erik-lamela,M,False,,,,,,,,,,,,,,,,,,0.0,0.0,,,90.0,,,0.0,,,,,,,,,,,,,,,,0.0,,,,,,
2013-14,3965287,12,6,Tottenham_Hotspur,Away,1135884,49318.0,Lewis Holtby,lewis-holtby,M,False,,,,,,,,,,,,,,,,,,0.0,0.0,,,46.0,,,0.0,,,,,,,,,,,,,,,,0.0,,,,,,
2013-14,3965313,13,6,Tottenham_Hotspur,Home,597,1803.0,Brad Friedel,brad-friedel,G,True,,,,,,,,,,,,,,,,,,,,,,,,,,,,,,,,,,,,,,,,,,,,,,,
2013-14,3965313,13,6,Tottenham_Hotspur,Home,927,12679.0,Michael Dawson,michael-dawson,D,False,,,,,,,,,,,,,,,,,,0.0,0.0,,,90.0,,,0.0,,,,,,,,,,,,,,,,0.0,,,,,,
2013-14,3965313,13,6,Tottenham_Hotspur,Home,946,7958.0,Jermain Defoe,jermain-defoe,F,True,,,,,,,,,,,,,,,,,,0.0,0.0,,,18.0,,,0.0,,,,,,,,,,,,,,,,0.0,,,,,,
2013-14,3965313,13,6,Tottenham_Hotspur,Home,1018,37742.0,Younès Kaboul,younes-kaboul,D,True,,,,,,,,,,,,,,,,,,,,,,,,,,,,,,,,,,,,,,,,,,,,,,,
2013-14,3965313,13,6,Tottenham_Hotspur,Home,9048,37915.0,Hugo Lloris,hugo-lloris,G,False,,,,,,,,,,,,,,,,,,0.0,0.0,,,90.0,,,0.0,,,,,,,,,,,,,,,,0.0,,,,,,
2013-14,3965313,13,6,Tottenham_Hotspur,Home,9692,17349.0,Aaron Lennon,aaron-lennon,M,False,,,,,,,,,,,,,,,,,,0.0,0.0,,,65.0,,,0.0,,,,,,,,,,,,,,,,0.0,,,,,,
2013-14,3965313,13,6,Tottenham_Hotspur,Home,9865,39104.0,Mousa Dembélé,mousa-dembele,M,False,,,,,,,,,,,,,,,,,,0.0,0.0,,,90.0,,,0.0,,,,,,,,,,,,,,,,0.0,,,,,,
2013-14,3965313,13,6,Tottenham_Hotspur,Home,13208,17926.0,Roberto Soldado,roberto-soldado,F,False,,,,,,,,,,,,,,,,,,0.0,0.0,,,72.0,,,0.0,,,,,,,,,,,,,,,,0.0,,,,,,
2013-14,3965313,13,6,Tottenham_Hotspur,Home,16701,38439.0,Étienne Capoue,etienne-capoue,M,True,,,,,,,,,,,,,,,,,,,,,,,,,,,,,,,,,,,,,,,,,,,,,,,
2013-14,3965313,13,6,Tottenham_Hotspur,Home,16921,39194.0,Jan Vertonghen,jan-vertonghen,D,False,,,,,,,,,,,,,,,,,,0.0,0.0,,,90.0,,,0.0,,,,,,,,,,,,,,,,0.0,,,,,,
2013-14,3965313,13,6,Tottenham_Hotspur,Home,32492,54908.0,Nacer Chadli,nacer-chadli,M,False,,,,,,,,,,,,,,,,,,0.0,0.0,,,85.0,,,0.0,,,,,,,,,,,,,,,,0.0,,,,,,
2013-14,3965313,13,6,Tottenham_Hotspur,Home,43192,55422.0,Gylfi Sigurðsson,gylfi-sigursson,M,True,,,,,,,,,,,,,,,,,,0.0,0.0,,,5.0,,,0.0,,,,,,,,,,,,,,,,0.0,,,,,,
2013-14,3965313,13,6,Tottenham_Hotspur,Home,43301,52876.0,Sandro,sandro,M,False,,,,,,,,,,,,,,,,,,0.0,1.0,,,90.0,,,0.0,,,,,,,,,,,,,,,,0.0,,,,,,
2013-14,3965313,13,6,Tottenham_Hotspur,Home,44614,58621.0,Kyle Walker,kyle-walker,D,False,,,,,,,,,,,,,,,,,,0.0,1.0,,,90.0,,,0.0,,,,,,,,,,,,,,,,0.0,,,,,,
2013-14,3965313,13,6,Tottenham_Hotspur,Home,47992,60252.0,Andros Townsend,andros-townsend,F,True,,,,,,,,,,,,,,,,,,0.0,0.0,,,25.0,,,0.0,,,,,,,,,,,,,,,,0.0,,,,,,
2013-14,3965313,13,6,Tottenham_Hotspur,Home,69295,62305.0,Vlad Chiricheş,vlad-chiriches,M,False,,,,,,,,,,,,,,,,,,0.0,0.0,,,90.0,,,0.0,,,,,,,,,,,,,,,,0.0,,,,,,
2013-14,3965313,13,6,Tottenham_Hotspur,Home,115183,100534.0,Paulinho,paulinho,M,False,,,,,,,,,,,,,,,,,,0.0,0.0,,,90.0,,,0.0,,,,,,,,,,,,,,,,0.0,,,,,,
2013-14,3965313,13,6,Tottenham_Hotspur,Home,1135884,49318.0,Lewis Holtby,lewis-holtby,M,True,,,,,,,,,,,,,,,,,,,,,,,,,,,,,,,,,,,,,,,,,,,,,,,
2013-14,3965335,14,6,Tottenham_Hotspur,Away,597,1803.0,Brad Friedel,brad-friedel,G,True,,,,,,,,,,,,,,,,,,,,,,,,,,,,,,,,,,,,,,,,,,,,,,,
2013-14,3965335,14,6,Tottenham_Hotspur,Away,927,12679.0,Michael Dawson,michael-dawson,D,False,,,,,,,,,,,,,,,,,,0.0,0.0,,,90.0,,,0.0,,,,,,,,,,,,,,,,0.0,,,,,,
2013-14,3965335,14,6,Tottenham_Hotspur,Away,946,7958.0,Jermain Defoe,jermain-defoe,F,False,,,,,,,,,,,,,,,,,,0.0,0.0,,,90.0,,,0.0,,,,,,,,,,,,,,,,0.0,,,,,,
2013-14,3965335,14,6,Tottenham_Hotspur,Away,9048,37915.0,Hugo Lloris,hugo-lloris,G,False,,,,,,,,,,,,,,,,,,0.0,0.0,,,90.0,,,0.0,,,,,,,,,,,,,,,,0.0,,,,,,
2013-14,3965335,14,6,Tottenham_Hotspur,Away,9692,17349.0,Aaron Lennon,aaron-lennon,M,False,,,,,,,,,,,,,,,,,,1.0,0.0,,,90.0,,,0.0,,,,,,,,,,,,,,,,0.0,,,,,,
2013-14,3965335,14,6,Tottenham_Hotspur,Away,13208,17926.0,Roberto Soldado,roberto-soldado,F,True,,,,,,,,,,,,,,,,,,,,,,,,,,,,,,,,,,,,,,,,,,,,,,,
2013-14,3965335,14,6,Tottenham_Hotspur,Away,16701,38439.0,Étienne Capoue,etienne-capoue,M,False,,,,,,,,,,,,,,,,,,0.0,0.0,,,45.0,,,0.0,,,,,,,,,,,,,,,,0.0,,,,,,
2013-14,3965335,14,6,Tottenham_Hotspur,Away,16921,39194.0,Jan Vertonghen,jan-vertonghen,D,False,,,,,,,,,,,,,,,,,,0.0,0.0,,,90.0,,,0.0,,,,,,,,,,,,,,,,0.0,,,,,,
2013-14,3965335,14,6,Tottenham_Hotspur,Away,32492,54908.0,Nacer Chadli,nacer-chadli,M,True,,,,,,,,,,,,,,,,,,0.0,0.0,,,21.0,,,0.0,,,,,,,,,,,,,,,,0.0,,,,,,
2013-14,3965335,14,6,Tottenham_Hotspur,Away,32821,49539.0,Kyle Naughton,kyle-naughton,D,True,,,,,,,,,,,,,,,,,,,,,,,,,,,,,,,,,,,,,,,,,,,,,,,
2013-14,3965335,14,6,Tottenham_Hotspur,Away,43192,55422.0,Gylfi Sigurðsson,gylfi-sigursson,M,True,,,,,,,,,,,,,,,,,,,,,,,,,,,,,,,,,,,,,,,,,,,,,,,
2013-14,3965335,14,6,Tottenham_Hotspur,Away,43301,52876.0,Sandro,sandro,M,False,,,,,,,,,,,,,,,,,,0.0,0.0,,,69.0,,,0.0,,,,,,,,,,,,,,,,0.0,,,,,,
2013-14,3965335,14,6,Tottenham_Hotspur,Away,44614,58621.0,Kyle Walker,kyle-walker,D,False,,,,,,,,,,,,,,,,,,0.0,0.0,,,90.0,,,0.0,,,,,,,,,,,,,,,,0.0,,,,,,
2013-14,3965335,14,6,Tottenham_Hotspur,Away,47992,60252.0,Andros Townsend,andros-townsend,F,True,,,,,,,,,,,,,,,,,,0.0,0.0,,,12.0,,,0.0,,,,,,,,,,,,,,,,0.0,,,,,,
2013-14,3965335,14,6,Tottenham_Hotspur,Away,69295,62305.0,Vlad Chiricheş,vlad-chiriches,M,False,,,,,,,,,,,,,,,,,,0.0,1.0,,,90.0,,,0.0,,,,,,,,,,,,,,,,0.0,,,,,,
2013-14,3965335,14,6,Tottenham_Hotspur,Away,115183,100534.0,Paulinho,paulinho,M,False,,,,,,,,,,,,,,,,,,0.0,0.0,,,90.0,,,0.0,,,,,,,,,,,,,,,,0.0,,,,,,
2013-14,3965335,14,6,Tottenham_Hotspur,Away,122702,62974.0,Erik Lamela,erik-lamela,M,False,,,,,,,,,,,,,,,,,,0.0,0.0,,,78.0,,,0.0,,,,,,,,,,,,,,,,0.0,,,,,,
2013-14,3965335,14,6,Tottenham_Hotspur,Away,1135884,49318.0,Lewis Holtby,lewis-holtby,M,True,,,,,,,,,,,,,,,,,,0.0,1.0,,,45.0,,,0.0,,,,,,,,,,,,,,,,0.0,,,,,,
2013-14,3965351,15,6,Tottenham_Hotspur,Away,597,1803.0,Brad Friedel,brad-friedel,G,True,,,,,,,,,,,,,,,,,,,,,,,,,,,,,,,,,,,,,,,,,,,,,,,
2013-14,3965351,15,6,Tottenham_Hotspur,Away,927,12679.0,Michael Dawson,michael-dawson,D,False,,,,,,,,,,,,,,,,,,0.0,0.0,,,90.0,,,0.0,,,,,,,,,,,,,,,,0.0,,,,,,
2013-14,3965351,15,6,Tottenham_Hotspur,Away,946,7958.0,Jermain Defoe,jermain-defoe,F,False,,,,,,,,,,,,,,,,,,0.0,0.0,,,90.0,,,0.0,,,,,,,,,,,,,,,,0.0,,,,,,
2013-14,3965351,15,6,Tottenham_Hotspur,Away,9048,37915.0,Hugo Lloris,hugo-lloris,G,False,,,,,,,,,,,,,,,,,,0.0,0.0,,,90.0,,,0.0,,,,,,,,,,,,,,,,0.0,,,,,,
2013-14,3965351,15,6,Tottenham_Hotspur,Away,9692,17349.0,Aaron Lennon,aaron-lennon,M,False,,,,,,,,,,,,,,,,,,0.0,0.0,,,90.0,,,0.0,,,,,,,,,,,,,,,,0.0,,,,,,
2013-14,3965351,15,6,Tottenham_Hotspur,Away,9865,39104.0,Mousa Dembélé,mousa-dembele,M,False,,,,,,,,,,,,,,,,,,0.0,0.0,,,73.0,,,0.0,,,,,,,,,,,,,,,,0.0,,,,,,
2013-14,3965351,15,6,Tottenham_Hotspur,Away,13208,17926.0,Roberto Soldado,roberto-soldado,F,True,,,,,,,,,,,,,,,,,,,,,,,,,,,,,,,,,,,,,,,,,,,,,,,
2013-14,3965351,15,6,Tottenham_Hotspur,Away,16701,38439.0,Étienne Capoue,etienne-capoue,M,False,,,,,,,,,,,,,,,,,,0.0,0.0,,,90.0,,,0.0,,,,,,,,,,,,,,,,0.0,,,,,,
2013-14,3965351,15,6,Tottenham_Hotspur,Away,32492,54908.0,Nacer Chadli,nacer-chadli,M,False,,,,,,,,,,,,,,,,,,1.0,0.0,,,84.0,,,0.0,,,,,,,,,,,,,,,,0.0,,,,,,
2013-14,3965351,15,6,Tottenham_Hotspur,Away,32821,49539.0,Kyle Naughton,kyle-naughton,D,False,,,,,,,,,,,,,,,,,,0.0,0.0,,,90.0,,,0.0,,,,,,,,,,,,,,,,0.0,,,,,,
2013-14,3965351,15,6,Tottenham_Hotspur,Away,43192,55422.0,Gylfi Sigurðsson,gylfi-sigursson,M,True,,,,,,,,,,,,,,,,,,0.0,0.0,,,6.0,,,0.0,,,,,,,,,,,,,,,,0.0,,,,,,
2013-14,3965351,15,6,Tottenham_Hotspur,Away,43301,52876.0,Sandro,sandro,M,True,,,,,,,,,,,,,,,,,,0.0,0.0,,,17.0,,,0.0,,,,,,,,,,,,,,,,0.0,,,,,,
2013-14,3965351,15,6,Tottenham_Hotspur,Away,44614,58621.0,Kyle Walker,kyle-walker,D,False,,,,,,,,,,,,,,,,,,0.0,0.0,,,90.0,,,0.0,,,,,,,,,,,,,,,,0.0,,,,,,
2013-14,3965351,15,6,Tottenham_Hotspur,Away,47992,60252.0,Andros Townsend,andros-townsend,F,True,,,,,,,,,,,,,,,,,,0.0,0.0,,,11.0,,,0.0,,,,,,,,,,,,,,,,0.0,,,,,,
2013-14,3965351,15,6,Tottenham_Hotspur,Away,115183,100534.0,Paulinho,paulinho,M,False,,,,,,,,,,,,,,,,,,0.0,1.0,,,90.0,,,0.0,,,,,,,,,,,,,,,,0.0,,,,,,
2013-14,3965351,15,6,Tottenham_Hotspur,Away,122702,62974.0,Erik Lamela,erik-lamela,M,True,,,,,,,,,,,,,,,,,,,,,,,,,,,,,,,,,,,,,,,,,,,,,,,
2013-14,3965351,15,6,Tottenham_Hotspur,Away,137756,,Zeki Fryers,zeki-fryers,D,True,,,,,,,,,,,,,,,,,,,,,,,,,,,,,,,,,,,,,,,,,,,,,,,
2013-14,3965351,15,6,Tottenham_Hotspur,Away,1135884,49318.0,Lewis Holtby,lewis-holtby,M,False,,,,,,,,,,,,,,,,,,0.0,0.0,,,79.0,,,0.0,,,,,,,,,,,,,,,,0.0,,,,,,
2013-14,3965373,16,6,Tottenham_Hotspur,Home,597,1803.0,Brad Friedel,brad-friedel,G,True,,,,,,,,,,,,,,,,,,,,,,,,,,,,,,,,,,,,,,,,,,,,,,,
2013-14,3965373,16,6,Tottenham_Hotspur,Home,927,12679.0,Michael Dawson,michael-dawson,D,False,,,,,,,,,,,,,,,,,,0.0,0.0,,,90.0,,,0.0,,,,,,,,,,,,,,,,0.0,,,,,,
2013-14,3965373,16,6,Tottenham_Hotspur,Home,946,7958.0,Jermain Defoe,jermain-defoe,F,True,,,,,,,,,,,,,,,,,,,,,,,,,,,,,,,,,,,,,,,,,,,,,,,
2013-14,3965373,16,6,Tottenham_Hotspur,Home,9048,37915.0,Hugo Lloris,hugo-lloris,G,False,,,,,,,,,,,,,,,,,,0.0,0.0,,,90.0,,,0.0,,,,,,,,,,,,,,,,0.0,,,,,,
2013-14,3965373,16,6,Tottenham_Hotspur,Home,9692,17349.0,Aaron Lennon,aaron-lennon,M,False,,,,,,,,,,,,,,,,,,0.0,0.0,,,90.0,,,0.0,,,,,,,,,,,,,,,,0.0,,,,,,
2013-14,3965373,16,6,Tottenham_Hotspur,Home,9865,39104.0,Mousa Dembélé,mousa-dembele,M,False,,,,,,,,,,,,,,,,,,0.0,0.0,,,61.0,,,0.0,,,,,,,,,,,,,,,,0.0,,,,,,
2013-14,3965373,16,6,Tottenham_Hotspur,Home,13208,17926.0,Roberto Soldado,roberto-soldado,F,False,,,,,,,,,,,,,,,,,,0.0,0.0,,,90.0,,,0.0,,,,,,,,,,,,,,,,0.0,,,,,,
2013-14,3965373,16,6,Tottenham_Hotspur,Home,16701,38439.0,Étienne Capoue,etienne-capoue,M,False,,,,,,,,,,,,,,,,,,0.0,0.0,,,90.0,,,0.0,,,,,,,,,,,,,,,,0.0,,,,,,
2013-14,3965373,16,6,Tottenham_Hotspur,Home,32492,54908.0,Nacer Chadli,nacer-chadli,M,False,,,,,,,,,,,,,,,,,,0.0,0.0,,,90.0,,,0.0,,,,,,,,,,,,,,,,0.0,,,,,,
2013-14,3965373,16,6,Tottenham_Hotspur,Home,32821,49539.0,Kyle Naughton,kyle-naughton,D,False,,,,,,,,,,,,,,,,,,0.0,0.0,,,46.0,,,0.0,,,,,,,,,,,,,,,,0.0,,,,,,
2013-14,3965373,16,6,Tottenham_Hotspur,Home,43192,55422.0,Gylfi Sigurðsson,gylfi-sigursson,M,True,,,,,,,,,,,,,,,,,,,,,,,,,,,,,,,,,,,,,,,,,,,,,,,
2013-14,3965373,16,6,Tottenham_Hotspur,Home,43301,52876.0,Sandro,sandro,M,False,,,,,,,,,,,,,,,,,,0.0,0.0,,,30.0,,,0.0,,,,,,,,,,,,,,,,0.0,,,,,,
2013-14,3965373,16,6,Tottenham_Hotspur,Home,44614,58621.0,Kyle Walker,kyle-walker,D,False,,,,,,,,,,,,,,,,,,0.0,0.0,,,90.0,,,0.0,,,,,,,,,,,,,,,,0.0,,,,,,
2013-14,3965373,16,6,Tottenham_Hotspur,Home,47992,60252.0,Andros Townsend,andros-townsend,F,True,,,,,,,,,,,,,,,,,,0.0,0.0,,,29.0,,,0.0,,,,,,,,,,,,,,,,0.0,,,,,,
2013-14,3965373,16,6,Tottenham_Hotspur,Home,115183,100534.0,Paulinho,paulinho,M,False,,,,,,,,,,,,,,,,,,0.0,0.0,,,63.0,,,0.0,,,,,,,,,,,,,,,,0.0,,,,,,
2013-14,3965373,16,6,Tottenham_Hotspur,Home,122702,62974.0,Erik Lamela,erik-lamela,M,True,,,,,,,,,,,,,,,,,,,,,,,,,,,,,,,,,,,,,,,,,,,,,,,
2013-14,3965373,16,6,Tottenham_Hotspur,Home,137756,,Zeki Fryers,zeki-fryers,D,True,,,,,,,,,,,,,,,,,,0.0,0.0,,,44.0,,,0.0,,,,,,,,,,,,,,,,0.0,,,,,,
2013-14,3965373,16,6,Tottenham_Hotspur,Home,1135884,49318.0,Lewis Holtby,lewis-holtby,M,True,,,,,,,,,,,,,,,,,,0.0,0.0,,,60.0,,,0.0,,,,,,,,,,,,,,,,0.0,,,,,,
2013-14,3965387,17,6,Tottenham_Hotspur,Away,597,1803.0,Brad Friedel,brad-friedel,G,True,,,,,,,,,,,,,,,,,,,,,,,,,,,,,,,,,,,,,,,,,,,,,,,
2013-14,3965387,17,6,Tottenham_Hotspur,Away,927,12679.0,Michael Dawson,michael-dawson,D,False,,,,,,,,,,,,,,,,,,0.0,0.0,,,90.0,,,0.0,,,,,,,,,,,,,,,,0.0,,,,,,
2013-14,3965387,17,6,Tottenham_Hotspur,Away,946,7958.0,Jermain Defoe,jermain-defoe,F,True,,,,,,,,,,,,,,,,,,0.0,0.0,,,5.0,,,0.0,,,,,,,,,,,,,,,,0.0,,,,,,
2013-14,3965387,17,6,Tottenham_Hotspur,Away,3094,17500.0,Emmanuel Adebayor,emmanuel-adebayor,F,False,,,,,,,,,,,,,,,,,,0.0,2.0,,,90.0,,,0.0,,,,,,,,,,,,,,,,0.0,,,,,,
2013-14,3965387,17,6,Tottenham_Hotspur,Away,9048,37915.0,Hugo Lloris,hugo-lloris,G,False,,,,,,,,,,,,,,,,,,0.0,0.0,,,90.0,,,0.0,,,,,,,,,,,,,,,,0.0,,,,,,
2013-14,3965387,17,6,Tottenham_Hotspur,Away,9865,39104.0,Mousa Dembélé,mousa-dembele,M,False,,,,,,,,,,,,,,,,,,0.0,0.0,,,50.0,,,0.0,,,,,,,,,,,,,,,,0.0,,,,,,
2013-14,3965387,17,6,Tottenham_Hotspur,Away,13208,17926.0,Roberto Soldado,roberto-soldado,F,False,,,,,,,,,,,,,,,,,,0.0,0.0,,,85.0,,,0.0,,,,,,,,,,,,,,,,0.0,,,,,,
2013-14,3965387,17,6,Tottenham_Hotspur,Away,16586,38290.0,Danny Rose,danny-rose,D,False,,,,,,,,,,,,,,,,,,0.0,0.0,,,90.0,,,0.0,,,,,,,,,,,,,,,,0.0,,,,,,
2013-14,3965387,17,6,Tottenham_Hotspur,Away,16701,38439.0,Étienne Capoue,etienne-capoue,M,True,,,,,,,,,,,,,,,,,,,,,,,,,,,,,,,,,,,,,,,,,,,,,,,
2013-14,3965387,17,6,Tottenham_Hotspur,Away,32492,54908.0,Nacer Chadli,nacer-chadli,M,True,,,,,,,,,,,,,,,,,,0.0,0.0,,,29.0,,,0.0,,,,,,,,,,,,,,,,0.0,,,,,,
2013-14,3965387,17,6,Tottenham_Hotspur,Away,43192,55422.0,Gylfi Sigurðsson,gylfi-sigursson,M,False,,,,,,,,,,,,,,,,,,0.0,0.0,,,90.0,,,0.0,,,,,,,,,,,,,,,,0.0,,,,,,
2013-14,3965387,17,6,Tottenham_Hotspur,Away,44614,58621.0,Kyle Walker,kyle-walker,D,False,,,,,,,,,,,,,,,,,,0.0,0.0,,,90.0,,,0.0,,,,,,,,,,,,,,,,0.0,,,,,,
2013-14,3965387,17,6,Tottenham_Hotspur,Away,69295,62305.0,Vlad Chiricheş,vlad-chiriches,M,False,,,,,,,,,,,,,,,,,,0.0,0.0,,,90.0,,,0.0,,,,,,,,,,,,,,,,0.0,,,,,,
2013-14,3965387,17,6,Tottenham_Hotspur,Away,105734,80607.0,Christian Eriksen,christian-eriksen,M,False,,,,,,,,,,,,,,,,,,0.0,0.0,,,90.0,,,0.0,,,,,,,,,,,,,,,,0.0,,,,,,
2013-14,3965387,17,6,Tottenham_Hotspur,Away,106920,81012.0,Ryan Fredericks,ryan-fredericks,D,True,,,,,,,,,,,,,,,,,,,,,,,,,,,,,,,,,,,,,,,,,,,,,,,
2013-14,3965387,17,6,Tottenham_Hotspur,Away,122702,62974.0,Erik Lamela,erik-lamela,M,False,,,,,,,,,,,,,,,,,,0.0,0.0,,,61.0,,,0.0,,,,,,,,,,,,,,,,0.0,,,,,,
2013-14,3965387,17,6,Tottenham_Hotspur,Away,368120,126407.0,Nabil Bentaleb,nabil-bentaleb,M,True,,,,,,,,,,,,,,,,,,0.0,0.0,,,40.0,,,0.0,,,,,,,,,,,,,,,,0.0,,,,,,
2013-14,3965387,17,6,Tottenham_Hotspur,Away,1135884,49318.0,Lewis Holtby,lewis-holtby,M,True,,,,,,,,,,,,,,,,,,,,,,,,,,,,,,,,,,,,,,,,,,,,,,,
2013-14,3965413,18,6,Tottenham_Hotspur,Home,597,1803.0,Brad Friedel,brad-friedel,G,True,,,,,,,,,,,,,,,,,,,,,,,,,,,,,,,,,,,,,,,,,,,,,,,
2013-14,3965413,18,6,Tottenham_Hotspur,Home,927,12679.0,Michael Dawson,michael-dawson,D,False,,,,,,,,,,,,,,,,,,0.0,0.0,,,90.0,,,0.0,,,,,,,,,,,,,,,,0.0,,,,,,
2013-14,3965413,18,6,Tottenham_Hotspur,Home,3094,17500.0,Emmanuel Adebayor,emmanuel-adebayor,F,False,,,,,,,,,,,,,,,,,,0.0,0.0,,,90.0,,,0.0,,,,,,,,,,,,,,,,0.0,,,,,,
2013-14,3965413,18,6,Tottenham_Hotspur,Home,9048,37915.0,Hugo Lloris,hugo-lloris,G,False,,,,,,,,,,,,,,,,,,0.0,0.0,,,90.0,,,0.0,,,,,,,,,,,,,,,,0.0,,,,,,
2013-14,3965413,18,6,Tottenham_Hotspur,Home,13208,17926.0,Roberto Soldado,roberto-soldado,F,False,,,,,,,,,,,,,,,,,,0.0,0.0,,,90.0,,,0.0,,,,,,,,,,,,,,,,0.0,,,,,,
2013-14,3965413,18,6,Tottenham_Hotspur,Home,16586,38290.0,Danny Rose,danny-rose,D,False,,,,,,,,,,,,,,,,,,0.0,0.0,,,90.0,,,0.0,,,,,,,,,,,,,,,,0.0,,,,,,
2013-14,3965413,18,6,Tottenham_Hotspur,Home,16701,38439.0,Étienne Capoue,etienne-capoue,M,True,,,,,,,,,,,,,,,,,,,,,,,,,,,,,,,,,,,,,,,,,,,,,,,
2013-14,3965413,18,6,Tottenham_Hotspur,Home,32492,54908.0,Nacer Chadli,nacer-chadli,M,False,,,,,,,,,,,,,,,,,,0.0,0.0,,,75.0,,,0.0,,,,,,,,,,,,,,,,0.0,,,,,,
2013-14,3965413,18,6,Tottenham_Hotspur,Home,32821,49539.0,Kyle Naughton,kyle-naughton,D,True,,,,,,,,,,,,,,,,,,,,,,,,,,,,,,,,,,,,,,,,,,,,,,,
2013-14,3965413,18,6,Tottenham_Hotspur,Home,43192,55422.0,Gylfi Sigurðsson,gylfi-sigursson,M,False,,,,,,,,,,,,,,,,,,0.0,0.0,,,90.0,,,0.0,,,,,,,,,,,,,,,,0.0,,,,,,
2013-14,3965413,18,6,Tottenham_Hotspur,Home,44614,58621.0,Kyle Walker,kyle-walker,D,False,,,,,,,,,,,,,,,,,,0.0,0.0,,,90.0,,,0.0,,,,,,,,,,,,,,,,0.0,,,,,,
2013-14,3965413,18,6,Tottenham_Hotspur,Home,69295,62305.0,Vlad Chiricheş,vlad-chiriches,M,False,,,,,,,,,,,,,,,,,,0.0,0.0,,,90.0,,,0.0,,,,,,,,,,,,,,,,0.0,,,,,,
2013-14,3965413,18,6,Tottenham_Hotspur,Home,105734,80607.0,Christian Eriksen,christian-eriksen,M,False,,,,,,,,,,,,,,,,,,0.0,1.0,,,90.0,,,0.0,,,,,,,,,,,,,,,,0.0,,,,,,
2013-14,3965413,18,6,Tottenham_Hotspur,Home,106920,81012.0,Ryan Fredericks,ryan-fredericks,D,True,,,,,,,,,,,,,,,,,,,,,,,,,,,,,,,,,,,,,,,,,,,,,,,
2013-14,3965413,18,6,Tottenham_Hotspur,Home,122702,62974.0,Erik Lamela,erik-lamela,M,True,,,,,,,,,,,,,,,,,,0.0,0.0,,,15.0,,,0.0,,,,,,,,,,,,,,,,0.0,,,,,,
2013-14,3965413,18,6,Tottenham_Hotspur,Home,227224,153265.0,Miloš Veljković,milos-veljkovic,D,True,,,,,,,,,,,,,,,,,,,,,,,,,,,,,,,,,,,,,,,,,,,,,,,
2013-14,3965413,18,6,Tottenham_Hotspur,Home,368120,126407.0,Nabil Bentaleb,nabil-bentaleb,M,True,,,,,,,,,,,,,,,,,,0.0,0.0,,,28.0,,,0.0,,,,,,,,,,,,,,,,0.0,,,,,,
2013-14,3965413,18,6,Tottenham_Hotspur,Home,1135884,49318.0,Lewis Holtby,lewis-holtby,M,False,,,,,,,,,,,,,,,,,,0.0,0.0,,,62.0,,,0.0,,,,,,,,,,,,,,,,0.0,,,,,,
2013-14,3965433,19,6,Tottenham_Hotspur,Home,597,1803.0,Brad Friedel,brad-friedel,G,True,,,,,,,,,,,,,,,,,,,,,,,,,,,,,,,,,,,,,,,,,,,,,,,
2013-14,3965433,19,6,Tottenham_Hotspur,Home,927,12679.0,Michael Dawson,michael-dawson,D,False,,,,,,,,,,,,,,,,,,0.0,0.0,,,90.0,,,0.0,,,,,,,,,,,,,,,,0.0,,,,,,
2013-14,3965433,19,6,Tottenham_Hotspur,Home,3094,17500.0,Emmanuel Adebayor,emmanuel-adebayor,F,False,,,,,,,,,,,,,,,,,,1.0,0.0,,,80.0,,,0.0,,,,,,,,,,,,,,,,0.0,,,,,,
2013-14,3965433,19,6,Tottenham_Hotspur,Home,9048,37915.0,Hugo Lloris,hugo-lloris,G,False,,,,,,,,,,,,,,,,,,0.0,0.0,,,90.0,,,0.0,,,,,,,,,,,,,,,,0.0,,,,,,
2013-14,3965433,19,6,Tottenham_Hotspur,Home,9692,17349.0,Aaron Lennon,aaron-lennon,M,False,,,,,,,,,,,,,,,,,,0.0,1.0,,,75.0,,,0.0,,,,,,,,,,,,,,,,0.0,,,,,,
2013-14,3965433,19,6,Tottenham_Hotspur,Home,9865,39104.0,Mousa Dembélé,mousa-dembele,M,False,,,,,,,,,,,,,,,,,,0.0,1.0,,,90.0,,,0.0,,,,,,,,,,,,,,,,0.0,,,,,,
2013-14,3965433,19,6,Tottenham_Hotspur,Home,13208,17926.0,Roberto Soldado,roberto-soldado,F,False,,,,,,,,,,,,,,,,,,0.0,1.0,,,90.0,,,0.0,,,,,,,,,,,,,,,,0.0,,,,,,
2013-14,3965433,19,6,Tottenham_Hotspur,Home,16701,38439.0,Étienne Capoue,etienne-capoue,M,True,,,,,,,,,,,,,,,,,,0.0,0.0,,,28.0,,,0.0,,,,,,,,,,,,,,,,0.0,,,,,,
2013-14,3965433,19,6,Tottenham_Hotspur,Home,32492,54908.0,Nacer Chadli,nacer-chadli,M,True,,,,,,,,,,,,,,,,,,0.0,0.0,,,10.0,,,0.0,,,,,,,,,,,,,,,,0.0,,,,,,
2013-14,3965433,19,6,Tottenham_Hotspur,Home,32821,49539.0,Kyle Naughton,kyle-naughton,D,False,,,,,,,,,,,,,,,,,,0.0,0.0,,,90.0,,,0.0,,,,,,,,,,,,,,,,0.0,,,,,,
2013-14,3965433,19,6,Tottenham_Hotspur,Home,69295,62305.0,Vlad Chiricheş,vlad-chiriches,M,False,,,,,,,,,,,,,,,,,,0.0,0.0,,,90.0,,,0.0,,,,,,,,,,,,,,,,0.0,,,,,,
2013-14,3965433,19,6,Tottenham_Hotspur,Home,105734,80607.0,Christian Eriksen,christian-eriksen,M,False,,,,,,,,,,,,,,,,,,0.0,0.0,,,90.0,,,0.0,,,,,,,,,,,,,,,,0.0,,,,,,
2013-14,3965433,19,6,Tottenham_Hotspur,Home,106920,81012.0,Ryan Fredericks,ryan-fredericks,D,True,,,,,,,,,,,,,,,,,,,,,,,,,,,,,,,,,,,,,,,,,,,,,,,
2013-14,3965433,19,6,Tottenham_Hotspur,Home,115183,100534.0,Paulinho,paulinho,M,False,,,,,,,,,,,,,,,,,,0.0,0.0,,,62.0,,,0.0,,,,,,,,,,,,,,,,0.0,,,,,,
2013-14,3965433,19,6,Tottenham_Hotspur,Home,122702,62974.0,Erik Lamela,erik-lamela,M,True,,,,,,,,,,,,,,,,,,0.0,0.0,,,15.0,,,0.0,,,,,,,,,,,,,,,,0.0,,,,,,
2013-14,3965433,19,6,Tottenham_Hotspur,Home,137756,,Zeki Fryers,zeki-fryers,D,False,,,,,,,,,,,,,,,,,,0.0,0.0,,,90.0,,,0.0,,,,,,,,,,,,,,,,0.0,,,,,,
2013-14,3965433,19,6,Tottenham_Hotspur,Home,227224,153265.0,Miloš Veljković,milos-veljkovic,D,True,,,,,,,,,,,,,,,,,,,,,,,,,,,,,,,,,,,,,,,,,,,,,,,
2013-14,3965433,19,6,Tottenham_Hotspur,Home,368120,126407.0,Nabil Bentaleb,nabil-bentaleb,M,True,,,,,,,,,,,,,,,,,,,,,,,,,,,,,,,,,,,,,,,,,,,,,,,
2013-14,3965445,20,6,Tottenham_Hotspur,Away,597,1803.0,Brad Friedel,brad-friedel,G,True,,,,,,,,,,,,,,,,,,,,,,,,,,,,,,,,,,,,,,,,,,,,,,,
2013-14,3965445,20,6,Tottenham_Hotspur,Away,927,12679.0,Michael Dawson,michael-dawson,D,False,,,,,,,,,,,,,,,,,,0.0,0.0,,,90.0,,,0.0,,,,,,,,,,,,,,,,0.0,,,,,,
2013-14,3965445,20,6,Tottenham_Hotspur,Away,3094,17500.0,Emmanuel Adebayor,emmanuel-adebayor,F,False,,,,,,,,,,,,,,,,,,0.0,1.0,,,70.0,,,0.0,,,,,,,,,,,,,,,,0.0,,,,,,
2013-14,3965445,20,6,Tottenham_Hotspur,Away,9048,37915.0,Hugo Lloris,hugo-lloris,G,False,,,,,,,,,,,,,,,,,,0.0,0.0,,,90.0,,,0.0,,,,,,,,,,,,,,,,0.0,,,,,,
2013-14,3965445,20,6,Tottenham_Hotspur,Away,9692,17349.0,Aaron Lennon,aaron-lennon,M,False,,,,,,,,,,,,,,,,,,0.0,0.0,,,90.0,,,0.0,,,,,,,,,,,,,,,,0.0,,,,,,
2013-14,3965445,20,6,Tottenham_Hotspur,Away,9865,39104.0,Mousa Dembélé,mousa-dembele,M,False,,,,,,,,,,,,,,,,,,0.0,0.0,,,90.0,,,0.0,,,,,,,,,,,,,,,,0.0,,,,,,
2013-14,3965445,20,6,Tottenham_Hotspur,Away,13208,17926.0,Roberto Soldado,roberto-soldado,F,False,,,,,,,,,,,,,,,,,,0.0,0.0,,,75.0,,,0.0,,,,,,,,,,,,,,,,0.0,,,,,,
2013-14,3965445,20,6,Tottenham_Hotspur,Away,16586,38290.0,Danny Rose,danny-rose,D,False,,,,,,,,,,,,,,,,,,0.0,0.0,,,90.0,,,0.0,,,,,,,,,,,,,,,,0.0,,,,,,
2013-14,3965445,20,6,Tottenham_Hotspur,Away,16701,38439.0,Étienne Capoue,etienne-capoue,M,False,,,,,,,,,,,,,,,,,,0.0,0.0,,,64.0,,,0.0,,,,,,,,,,,,,,,,0.0,,,,,,
2013-14,3965445,20,6,Tottenham_Hotspur,Away,32492,54908.0,Nacer Chadli,nacer-chadli,M,True,,,,,,,,,,,,,,,,,,0.0,0.0,,,20.0,,,0.0,,,,,,,,,,,,,,,,0.0,,,,,,
2013-14,3965445,20,6,Tottenham_Hotspur,Away,44614,58621.0,Kyle Walker,kyle-walker,D,False,,,,,,,,,,,,,,,,,,0.0,0.0,,,90.0,,,0.0,,,,,,,,,,,,,,,,0.0,,,,,,
2013-14,3965445,20,6,Tottenham_Hotspur,Away,69295,62305.0,Vlad Chiricheş,vlad-chiriches,M,False,,,,,,,,,,,,,,,,,,0.0,0.0,,,90.0,,,0.0,,,,,,,,,,,,,,,,0.0,,,,,,
2013-14,3965445,20,6,Tottenham_Hotspur,Away,105734,80607.0,Christian Eriksen,christian-eriksen,M,False,,,,,,,,,,,,,,,,,,1.0,1.0,,,90.0,,,0.0,,,,,,,,,,,,,,,,0.0,,,,,,
2013-14,3965445,20,6,Tottenham_Hotspur,Away,106920,81012.0,Ryan Fredericks,ryan-fredericks,D,True,,,,,,,,,,,,,,,,,,,,,,,,,,,,,,,,,,,,,,,,,,,,,,,
2013-14,3965445,20,6,Tottenham_Hotspur,Away,108579,78830.0,Harry Kane,harry-kane,F,True,,,,,,,,,,,,,,,,,,0.0,0.0,,,15.0,,,0.0,,,,,,,,,,,,,,,,0.0,,,,,,
2013-14,3965445,20,6,Tottenham_Hotspur,Away,122702,62974.0,Erik Lamela,erik-lamela,M,True,,,,,,,,,,,,,,,,,,,,,,,,,,,,,,,,,,,,,,,,,,,,,,,
2013-14,3965445,20,6,Tottenham_Hotspur,Away,137756,,Zeki Fryers,zeki-fryers,D,True,,,,,,,,,,,,,,,,,,,,,,,,,,,,,,,,,,,,,,,,,,,,,,,
2013-14,3965445,20,6,Tottenham_Hotspur,Away,368120,126407.0,Nabil Bentaleb,nabil-bentaleb,M,True,,,,,,,,,,,,,,,,,,0.0,0.0,,,26.0,,,0.0,,,,,,,,,,,,,,,,0.0,,,,,,
2013-14,3965475,21,6,Tottenham_Hotspur,Home,597,1803.0,Brad Friedel,brad-friedel,G,True,,,,,,,,,,,,,,,,,,,,,,,,,,,,,,,,,,,,,,,,,,,,,,,
2013-14,3965475,21,6,Tottenham_Hotspur,Home,927,12679.0,Michael Dawson,michael-dawson,D,False,,,,,,,,,,,,,,,,,,0.0,0.0,,,90.0,,,0.0,,,,,,,,,,,,,,,,0.0,,,,,,
2013-14,3965475,21,6,Tottenham_Hotspur,Home,946,7958.0,Jermain Defoe,jermain-defoe,F,True,,,,,,,,,,,,,,,,,,0.0,1.0,,,32.0,,,0.0,,,,,,,,,,,,,,,,0.0,,,,,,
2013-14,3965475,21,6,Tottenham_Hotspur,Home,3094,17500.0,Emmanuel Adebayor,emmanuel-adebayor,F,False,,,,,,,,,,,,,,,,,,1.0,0.0,,,90.0,,,0.0,,,,,,,,,,,,,,,,0.0,,,,,,
2013-14,3965475,21,6,Tottenham_Hotspur,Home,9048,37915.0,Hugo Lloris,hugo-lloris,G,False,,,,,,,,,,,,,,,,,,0.0,0.0,,,90.0,,,0.0,,,,,,,,,,,,,,,,0.0,,,,,,
2013-14,3965475,21,6,Tottenham_Hotspur,Home,9692,17349.0,Aaron Lennon,aaron-lennon,M,False,,,,,,,,,,,,,,,,,,0.0,0.0,,,90.0,,,0.0,,,,,,,,,,,,,,,,0.0,,,,,,
2013-14,3965475,21,6,Tottenham_Hotspur,Home,9865,39104.0,Mousa Dembélé,mousa-dembele,M,False,,,,,,,,,,,,,,,,,,0.0,0.0,,,90.0,,,0.0,,,,,,,,,,,,,,,,0.0,,,,,,
2013-14,3965475,21,6,Tottenham_Hotspur,Home,13208,17926.0,Roberto Soldado,roberto-soldado,F,False,,,,,,,,,,,,,,,,,,0.0,0.0,,,58.0,,,0.0,,,,,,,,,,,,,,,,0.0,,,,,,
2013-14,3965475,21,6,Tottenham_Hotspur,Home,16586,38290.0,Danny Rose,danny-rose,D,False,,,,,,,,,,,,,,,,,,0.0,0.0,,,90.0,,,0.0,,,,,,,,,,,,,,,,0.0,,,,,,
2013-14,3965475,21,6,Tottenham_Hotspur,Home,16701,38439.0,Étienne Capoue,etienne-capoue,M,True,,,,,,,,,,,,,,,,,,,,,,,,,,,,,,,,,,,,,,,,,,,,,,,
2013-14,3965475,21,6,Tottenham_Hotspur,Home,32492,54908.0,Nacer Chadli,nacer-chadli,M,True,,,,,,,,,,,,,,,,,,0.0,0.0,,,14.0,,,0.0,,,,,,,,,,,,,,,,0.0,,,,,,
2013-14,3965475,21,6,Tottenham_Hotspur,Home,32821,49539.0,Kyle Naughton,kyle-naughton,D,True,,,,,,,,,,,,,,,,,,0.0,0.0,,,42.0,,,0.0,,,,,,,,,,,,,,,,0.0,,,,,,
2013-14,3965475,21,6,Tottenham_Hotspur,Home,44614,58621.0,Kyle Walker,kyle-walker,D,False,,,,,,,,,,,,,,,,,,0.0,0.0,,,48.0,,,0.0,,,,,,,,,,,,,,,,0.0,,,,,,
2013-14,3965475,21,6,Tottenham_Hotspur,Home,69295,62305.0,Vlad Chiricheş,vlad-chiriches,M,False,,,,,,,,,,,,,,,,,,0.0,0.0,,,90.0,,,0.0,,,,,,,,,,,,,,,,0.0,,,,,,
2013-14,3965475,21,6,Tottenham_Hotspur,Home,105734,80607.0,Christian Eriksen,christian-eriksen,M,False,,,,,,,,,,,,,,,,,,0.0,1.0,,,76.0,,,0.0,,,,,,,,,,,,,,,,0.0,,,,,,
2013-14,3965475,21,6,Tottenham_Hotspur,Home,137756,,Zeki Fryers,zeki-fryers,D,True,,,,,,,,,,,,,,,,,,,,,,,,,,,,,,,,,,,,,,,,,,,,,,,
2013-14,3965475,21,6,Tottenham_Hotspur,Home,368120,126407.0,Nabil Bentaleb,nabil-bentaleb,M,False,,,,,,,,,,,,,,,,,,0.0,0.0,,,90.0,,,0.0,,,,,,,,,,,,,,,,0.0,,,,,,
2013-14,3965475,21,6,Tottenham_Hotspur,Home,1135884,49318.0,Lewis Holtby,lewis-holtby,M,True,,,,,,,,,,,,,,,,,,,,,,,,,,,,,,,,,,,,,,,,,,,,,,,
2013-14,3965491,22,6,Tottenham_Hotspur,Away,597,1803.0,Brad Friedel,brad-friedel,G,True,,,,,,,,,,,,,,,,,,,,,,,,,,,,,,,,,,,,,,,,,,,,,,,
2013-14,3965491,22,6,Tottenham_Hotspur,Away,927,12679.0,Michael Dawson,michael-dawson,D,False,,,,,,,,,,,,,,,,,,0.0,0.0,,,90.0,,,0.0,,,,,,,,,,,,,,,,0.0,,,,,,
2013-14,3965491,22,6,Tottenham_Hotspur,Away,946,7958.0,Jermain Defoe,jermain-defoe,F,True,,,,,,,,,,,,,,,,,,,,,,,,,,,,,,,,,,,,,,,,,,,,,,,
2013-14,3965491,22,6,Tottenham_Hotspur,Away,3094,17500.0,Emmanuel Adebayor,emmanuel-adebayor,F,False,,,,,,,,,,,,,,,,,,0.0,2.0,,,90.0,,,0.0,,,,,,,,,,,,,,,,0.0,,,,,,
2013-14,3965491,22,6,Tottenham_Hotspur,Away,9048,37915.0,Hugo Lloris,hugo-lloris,G,False,,,,,,,,,,,,,,,,,,0.0,0.0,,,90.0,,,0.0,,,,,,,,,,,,,,,,0.0,,,,,,
2013-14,3965491,22,6,Tottenham_Hotspur,Away,9692,17349.0,Aaron Lennon,aaron-lennon,M,False,,,,,,,,,,,,,,,,,,0.0,0.0,,,79.0,,,0.0,,,,,,,,,,,,,,,,0.0,,,,,,
2013-14,3965491,22,6,Tottenham_Hotspur,Away,9865,39104.0,Mousa Dembélé,mousa-dembele,M,False,,,,,,,,,,,,,,,,,,0.0,0.0,,,90.0,,,0.0,,,,,,,,,,,,,,,,0.0,,,,,,
2013-14,3965491,22,6,Tottenham_Hotspur,Away,13208,17926.0,Roberto Soldado,roberto-soldado,F,True,,,,,,,,,,,,,,,,,,,,,,,,,,,,,,,,,,,,,,,,,,,,,,,
2013-14,3965491,22,6,Tottenham_Hotspur,Away,16586,38290.0,Danny Rose,danny-rose,D,False,,,,,,,,,,,,,,,,,,1.0,0.0,,,90.0,,,0.0,,,,,,,,,,,,,,,,0.0,,,,,,
2013-14,3965491,22,6,Tottenham_Hotspur,Away,16701,38439.0,Étienne Capoue,etienne-capoue,M,True,,,,,,,,,,,,,,,,,,,,,,,,,,,,,,,,,,,,,,,,,,,,,,,
2013-14,3965491,22,6,Tottenham_Hotspur,Away,32492,54908.0,Nacer Chadli,nacer-chadli,M,False,,,,,,,,,,,,,,,,,,0.0,0.0,,,67.0,,,0.0,,,,,,,,,,,,,,,,0.0,,,,,,
2013-14,3965491,22,6,Tottenham_Hotspur,Away,32821,49539.0,Kyle Naughton,kyle-naughton,D,True,,,,,,,,,,,,,,,,,,0.0,0.0,,,11.0,,,0.0,,,,,,,,,,,,,,,,0.0,,,,,,
2013-14,3965491,22,6,Tottenham_Hotspur,Away,43192,55422.0,Gylfi Sigurðsson,gylfi-sigursson,M,True,,,,,,,,,,,,,,,,,,0.0,0.0,,,23.0,,,0.0,,,,,,,,,,,,,,,,0.0,,,,,,
2013-14,3965491,22,6,Tottenham_Hotspur,Away,44614,58621.0,Kyle Walker,kyle-walker,D,False,,,,,,,,,,,,,,,,,,0.0,0.0,,,90.0,,,0.0,,,,,,,,,,,,,,,,0.0,,,,,,
2013-14,3965491,22,6,Tottenham_Hotspur,Away,69295,62305.0,Vlad Chiricheş,vlad-chiriches,M,False,,,,,,,,,,,,,,,,,,0.0,0.0,,,90.0,,,0.0,,,,,,,,,,,,,,,,0.0,,,,,,
2013-14,3965491,22,6,Tottenham_Hotspur,Away,105734,80607.0,Christian Eriksen,christian-eriksen,M,False,,,,,,,,,,,,,,,,,,1.0,0.0,,,90.0,,,0.0,,,,,,,,,,,,,,,,0.0,,,,,,
2013-14,3965491,22,6,Tottenham_Hotspur,Away,368120,126407.0,Nabil Bentaleb,nabil-bentaleb,M,False,,,,,,,,,,,,,,,,,,0.0,0.0,,,90.0,,,0.0,,,,,,,,,,,,,,,,0.0,,,,,,
2013-14,3965491,22,6,Tottenham_Hotspur,Away,1135884,49318.0,Lewis Holtby,lewis-holtby,M,True,,,,,,,,,,,,,,,,,,,,,,,,,,,,,,,,,,,,,,,,,,,,,,,
2013-14,3965515,23,6,Tottenham_Hotspur,Home,597,1803.0,Brad Friedel,brad-friedel,G,True,,,,,,,,,,,,,,,,,,,,,,,,,,,,,,,,,,,,,,,,,,,,,,,
2013-14,3965515,23,6,Tottenham_Hotspur,Home,927,12679.0,Michael Dawson,michael-dawson,D,False,,,,,,,,,,,,,,,,,,0.0,0.0,,,90.0,,,0.0,,,,,,,,,,,,,,,,0.0,,,,,,
2013-14,3965515,23,6,Tottenham_Hotspur,Home,946,7958.0,Jermain Defoe,jermain-defoe,F,True,,,,,,,,,,,,,,,,,,,,,,,,,,,,,,,,,,,,,,,,,,,,,,,
2013-14,3965515,23,6,Tottenham_Hotspur,Home,3094,17500.0,Emmanuel Adebayor,emmanuel-adebayor,F,False,,,,,,,,,,,,,,,,,,0.0,0.0,,,90.0,,,0.0,,,,,,,,,,,,,,,,0.0,,,,,,
2013-14,3965515,23,6,Tottenham_Hotspur,Home,9048,37915.0,Hugo Lloris,hugo-lloris,G,False,,,,,,,,,,,,,,,,,,0.0,0.0,,,90.0,,,0.0,,,,,,,,,,,,,,,,0.0,,,,,,
2013-14,3965515,23,6,Tottenham_Hotspur,Home,9692,17349.0,Aaron Lennon,aaron-lennon,M,False,,,,,,,,,,,,,,,,,,0.0,0.0,,,90.0,,,0.0,,,,,,,,,,,,,,,,0.0,,,,,,
2013-14,3965515,23,6,Tottenham_Hotspur,Home,9865,39104.0,Mousa Dembélé,mousa-dembele,M,False,,,,,,,,,,,,,,,,,,0.0,0.0,,,45.0,,,0.0,,,,,,,,,,,,,,,,0.0,,,,,,
2013-14,3965515,23,6,Tottenham_Hotspur,Home,13208,17926.0,Roberto Soldado,roberto-soldado,F,True,,,,,,,,,,,,,,,,,,,,,,,,,,,,,,,,,,,,,,,,,,,,,,,
2013-14,3965515,23,6,Tottenham_Hotspur,Home,16586,38290.0,Danny Rose,danny-rose,D,False,,,,,,,,,,,,,,,,,,0.0,0.0,,,50.0,,,0.0,,,,,,,,,,,,,,,,0.0,,,,,,
2013-14,3965515,23,6,Tottenham_Hotspur,Home,16701,38439.0,Étienne Capoue,etienne-capoue,M,True,,,,,,,,,,,,,,,,,,0.0,1.0,,,45.0,,,0.0,,,,,,,,,,,,,,,,0.0,,,,,,
2013-14,3965515,23,6,Tottenham_Hotspur,Home,32492,54908.0,Nacer Chadli,nacer-chadli,M,True,,,,,,,,,,,,,,,,,,,,,,,,,,,,,,,,,,,,,,,,,,,,,,,
2013-14,3965515,23,6,Tottenham_Hotspur,Home,32821,49539.0,Kyle Naughton,kyle-naughton,D,True,,,,,,,,,,,,,,,,,,0.0,0.0,,,35.0,,,0.0,,,,,,,,,,,,,,,,0.0,,,,,,
2013-14,3965515,23,6,Tottenham_Hotspur,Home,43192,55422.0,Gylfi Sigurðsson,gylfi-sigursson,M,False,,,,,,,,,,,,,,,,,,0.0,0.0,,,55.0,,,0.0,,,,,,,,,,,,,,,,0.0,,,,,,
2013-14,3965515,23,6,Tottenham_Hotspur,Home,44614,58621.0,Kyle Walker,kyle-walker,D,False,,,,,,,,,,,,,,,,,,0.0,0.0,,,90.0,,,0.0,,,,,,,,,,,,,,,,0.0,,,,,,
2013-14,3965515,23,6,Tottenham_Hotspur,Home,69295,62305.0,Vlad Chiricheş,vlad-chiriches,M,False,,,,,,,,,,,,,,,,,,0.0,0.0,,,90.0,,,0.0,,,,,,,,,,,,,,,,0.0,,,,,,
2013-14,3965515,23,6,Tottenham_Hotspur,Home,105734,80607.0,Christian Eriksen,christian-eriksen,M,False,,,,,,,,,,,,,,,,,,0.0,0.0,,,83.0,,,0.0,,,,,,,,,,,,,,,,0.0,,,,,,
2013-14,3965515,23,6,Tottenham_Hotspur,Home,368120,126407.0,Nabil Bentaleb,nabil-bentaleb,M,False,,,,,,,,,,,,,,,,,,0.0,0.0,,,90.0,,,0.0,,,,,,,,,,,,,,,,0.0,,,,,,
2013-14,3965515,23,6,Tottenham_Hotspur,Home,1135884,49318.0,Lewis Holtby,lewis-holtby,M,True,,,,,,,,,,,,,,,,,,0.0,0.0,,,7.0,,,0.0,,,,,,,,,,,,,,,,0.0,,,,,,
2013-14,3965525,24,6,Tottenham_Hotspur,Away,597,1803.0,Brad Friedel,brad-friedel,G,True,,,,,,,,,,,,,,,,,,,,,,,,,,,,,,,,,,,,,,,,,,,,,,,
2013-14,3965525,24,6,Tottenham_Hotspur,Away,927,12679.0,Michael Dawson,michael-dawson,D,False,,,,,,,,,,,,,,,,,,0.0,0.0,,,90.0,,,0.0,,,,,,,,,,,,,,,,0.0,,,,,,
2013-14,3965525,24,6,Tottenham_Hotspur,Away,1018,37742.0,Younès Kaboul,younes-kaboul,D,True,,,,,,,,,,,,,,,,,,,,,,,,,,,,,,,,,,,,,,,,,,,,,,,
2013-14,3965525,24,6,Tottenham_Hotspur,Away,3094,17500.0,Emmanuel Adebayor,emmanuel-adebayor,F,False,,,,,,,,,,,,,,,,,,0.0,0.0,,,90.0,,,0.0,,,,,,,,,,,,,,,,0.0,,,,,,
2013-14,3965525,24,6,Tottenham_Hotspur,Away,9048,37915.0,Hugo Lloris,hugo-lloris,G,False,,,,,,,,,,,,,,,,,,0.0,0.0,,,90.0,,,0.0,,,,,,,,,,,,,,,,0.0,,,,,,
2013-14,3965525,24,6,Tottenham_Hotspur,Away,9692,17349.0,Aaron Lennon,aaron-lennon,M,False,,,,,,,,,,,,,,,,,,0.0,0.0,,,90.0,,,0.0,,,,,,,,,,,,,,,,0.0,,,,,,
2013-14,3965525,24,6,Tottenham_Hotspur,Away,13208,17926.0,Roberto Soldado,roberto-soldado,F,False,,,,,,,,,,,,,,,,,,0.0,0.0,,,90.0,,,0.0,,,,,,,,,,,,,,,,0.0,,,,,,
2013-14,3965525,24,6,Tottenham_Hotspur,Away,16586,38290.0,Danny Rose,danny-rose,D,False,,,,,,,,,,,,,,,,,,0.0,0.0,,,90.0,,,0.0,,,,,,,,,,,,,,,,0.0,,,,,,
2013-14,3965525,24,6,Tottenham_Hotspur,Away,16701,38439.0,Étienne Capoue,etienne-capoue,M,True,,,,,,,,,,,,,,,,,,,,,,,,,,,,,,,,,,,,,,,,,,,,,,,
2013-14,3965525,24,6,Tottenham_Hotspur,Away,16921,39194.0,Jan Vertonghen,jan-vertonghen,D,False,,,,,,,,,,,,,,,,,,0.0,0.0,,,90.0,,,0.0,,,,,,,,,,,,,,,,0.0,,,,,,
2013-14,3965525,24,6,Tottenham_Hotspur,Away,32492,54908.0,Nacer Chadli,nacer-chadli,M,True,,,,,,,,,,,,,,,,,,,,,,,,,,,,,,,,,,,,,,,,,,,,,,,
2013-14,3965525,24,6,Tottenham_Hotspur,Away,32821,49539.0,Kyle Naughton,kyle-naughton,D,True,,,,,,,,,,,,,,,,,,,,,,,,,,,,,,,,,,,,,,,,,,,,,,,
2013-14,3965525,24,6,Tottenham_Hotspur,Away,43192,55422.0,Gylfi Sigurðsson,gylfi-sigursson,M,True,,,,,,,,,,,,,,,,,,,,,,,,,,,,,,,,,,,,,,,,,,,,,,,
2013-14,3965525,24,6,Tottenham_Hotspur,Away,44614,58621.0,Kyle Walker,kyle-walker,D,False,,,,,,,,,,,,,,,,,,0.0,0.0,,,90.0,,,0.0,,,,,,,,,,,,,,,,0.0,,,,,,
2013-14,3965525,24,6,Tottenham_Hotspur,Away,105734,80607.0,Christian Eriksen,christian-eriksen,M,False,,,,,,,,,,,,,,,,,,0.0,0.0,,,90.0,,,0.0,,,,,,,,,,,,,,,,0.0,,,,,,
2013-14,3965525,24,6,Tottenham_Hotspur,Away,108579,78830.0,Harry Kane,harry-kane,F,True,,,,,,,,,,,,,,,,,,0.0,0.0,,,1.0,,,0.0,,,,,,,,,,,,,,,,0.0,,,,,,
2013-14,3965525,24,6,Tottenham_Hotspur,Away,115183,100534.0,Paulinho,paulinho,M,False,,,,,,,,,,,,,,,,,,0.0,1.0,,,90.0,,,0.0,,,,,,,,,,,,,,,,0.0,,,,,,
2013-14,3965525,24,6,Tottenham_Hotspur,Away,368120,126407.0,Nabil Bentaleb,nabil-bentaleb,M,False,,,,,,,,,,,,,,,,,,0.0,0.0,,,90.0,,,0.0,,,,,,,,,,,,,,,,0.0,,,,,,
2013-14,3965555,25,6,Tottenham_Hotspur,Home,597,1803.0,Brad Friedel,brad-friedel,G,True,,,,,,,,,,,,,,,,,,,,,,,,,,,,,,,,,,,,,,,,,,,,,,,
2013-14,3965555,25,6,Tottenham_Hotspur,Home,927,12679.0,Michael Dawson,michael-dawson,D,False,,,,,,,,,,,,,,,,,,0.0,0.0,,,90.0,,,0.0,,,,,,,,,,,,,,,,0.0,,,,,,
2013-14,3965555,25,6,Tottenham_Hotspur,Home,946,7958.0,Jermain Defoe,jermain-defoe,F,True,,,,,,,,,,,,,,,,,,0.0,0.0,,,4.0,,,0.0,,,,,,,,,,,,,,,,0.0,,,,,,
2013-14,3965555,25,6,Tottenham_Hotspur,Home,1018,37742.0,Younès Kaboul,younes-kaboul,D,True,,,,,,,,,,,,,,,,,,,,,,,,,,,,,,,,,,,,,,,,,,,,,,,
2013-14,3965555,25,6,Tottenham_Hotspur,Home,3094,17500.0,Emmanuel Adebayor,emmanuel-adebayor,F,False,,,,,,,,,,,,,,,,,,0.0,1.0,,,90.0,,,0.0,,,,,,,,,,,,,,,,0.0,,,,,,
2013-14,3965555,25,6,Tottenham_Hotspur,Home,9048,37915.0,Hugo Lloris,hugo-lloris,G,False,,,,,,,,,,,,,,,,,,0.0,0.0,,,90.0,,,0.0,,,,,,,,,,,,,,,,0.0,,,,,,
2013-14,3965555,25,6,Tottenham_Hotspur,Home,9692,17349.0,Aaron Lennon,aaron-lennon,M,False,,,,,,,,,,,,,,,,,,0.0,0.0,,,86.0,,,0.0,,,,,,,,,,,,,,,,0.0,,,,,,
2013-14,3965555,25,6,Tottenham_Hotspur,Home,9865,39104.0,Mousa Dembélé,mousa-dembele,M,False,,,,,,,,,,,,,,,,,,0.0,0.0,,,90.0,,,0.0,,,,,,,,,,,,,,,,0.0,,,,,,
2013-14,3965555,25,6,Tottenham_Hotspur,Home,13208,17926.0,Roberto Soldado,roberto-soldado,F,True,,,,,,,,,,,,,,,,,,,,,,,,,,,,,,,,,,,,,,,,,,,,,,,
2013-14,3965555,25,6,Tottenham_Hotspur,Home,16586,38290.0,Danny Rose,danny-rose,D,False,,,,,,,,,,,,,,,,,,0.0,0.0,,,90.0,,,0.0,,,,,,,,,,,,,,,,0.0,,,,,,
2013-14,3965555,25,6,Tottenham_Hotspur,Home,16701,38439.0,Étienne Capoue,etienne-capoue,M,True,,,,,,,,,,,,,,,,,,0.0,0.0,,,22.0,,,0.0,,,,,,,,,,,,,,,,0.0,,,,,,
2013-14,3965555,25,6,Tottenham_Hotspur,Home,16921,39194.0,Jan Vertonghen,jan-vertonghen,D,False,,,,,,,,,,,,,,,,,,0.0,0.0,,,90.0,,,0.0,,,,,,,,,,,,,,,,0.0,,,,,,
2013-14,3965555,25,6,Tottenham_Hotspur,Home,32821,49539.0,Kyle Naughton,kyle-naughton,D,True,,,,,,,,,,,,,,,,,,,,,,,,,,,,,,,,,,,,,,,,,,,,,,,
2013-14,3965555,25,6,Tottenham_Hotspur,Home,44614,58621.0,Kyle Walker,kyle-walker,D,False,,,,,,,,,,,,,,,,,,0.0,0.0,,,90.0,,,0.0,,,,,,,,,,,,,,,,0.0,,,,,,
2013-14,3965555,25,6,Tottenham_Hotspur,Home,47992,60252.0,Andros Townsend,andros-townsend,F,True,,,,,,,,,,,,,,,,,,0.0,0.0,,,31.0,,,0.0,,,,,,,,,,,,,,,,0.0,,,,,,
2013-14,3965555,25,6,Tottenham_Hotspur,Home,105734,80607.0,Christian Eriksen,christian-eriksen,M,False,,,,,,,,,,,,,,,,,,0.0,0.0,,,59.0,,,0.0,,,,,,,,,,,,,,,,0.0,,,,,,
2013-14,3965555,25,6,Tottenham_Hotspur,Home,115183,100534.0,Paulinho,paulinho,M,False,,,,,,,,,,,,,,,,,,0.0,0.0,,,68.0,,,0.0,,,,,,,,,,,,,,,,0.0,,,,,,
2013-14,3965555,25,6,Tottenham_Hotspur,Home,368120,126407.0,Nabil Bentaleb,nabil-bentaleb,M,False,,,,,,,,,,,,,,,,,,0.0,0.0,,,90.0,,,0.0,,,,,,,,,,,,,,,,0.0,,,,,,
2013-14,3965575,26,6,Tottenham_Hotspur,Away,597,1803.0,Brad Friedel,brad-friedel,G,True,,,,,,,,,,,,,,,,,,,,,,,,,,,,,,,,,,,,,,,,,,,,,,,
2013-14,3965575,26,6,Tottenham_Hotspur,Away,927,12679.0,Michael Dawson,michael-dawson,D,True,,,,,,,,,,,,,,,,,,,,,,,,,,,,,,,,,,,,,,,,,,,,,,,
2013-14,3965575,26,6,Tottenham_Hotspur,Away,1018,37742.0,Younès Kaboul,younes-kaboul,D,False,,,,,,,,,,,,,,,,,,0.0,0.0,,,90.0,,,0.0,,,,,,,,,,,,,,,,0.0,,,,,,
2013-14,3965575,26,6,Tottenham_Hotspur,Away,3094,17500.0,Emmanuel Adebayor,emmanuel-adebayor,F,False,,,,,,,,,,,,,,,,,,0.0,2.0,,,84.0,,,0.0,,,,,,,,,,,,,,,,0.0,,,,,,
2013-14,3965575,26,6,Tottenham_Hotspur,Away,9048,37915.0,Hugo Lloris,hugo-lloris,G,False,,,,,,,,,,,,,,,,,,0.0,0.0,,,90.0,,,0.0,,,,,,,,,,,,,,,,0.0,,,,,,
2013-14,3965575,26,6,Tottenham_Hotspur,Away,9692,17349.0,Aaron Lennon,aaron-lennon,M,False,,,,,,,,,,,,,,,,,,0.0,0.0,,,75.0,,,0.0,,,,,,,,,,,,,,,,0.0,,,,,,
2013-14,3965575,26,6,Tottenham_Hotspur,Away,9865,39104.0,Mousa Dembélé,mousa-dembele,M,False,,,,,,,,,,,,,,,,,,0.0,0.0,,,64.0,,,0.0,,,,,,,,,,,,,,,,0.0,,,,,,
2013-14,3965575,26,6,Tottenham_Hotspur,Away,13208,17926.0,Roberto Soldado,roberto-soldado,F,True,,,,,,,,,,,,,,,,,,0.0,0.0,,,6.0,,,0.0,,,,,,,,,,,,,,,,0.0,,,,,,
2013-14,3965575,26,6,Tottenham_Hotspur,Away,16701,38439.0,Étienne Capoue,etienne-capoue,M,False,,,,,,,,,,,,,,,,,,0.0,0.0,,,90.0,,,0.0,,,,,,,,,,,,,,,,0.0,,,,,,
2013-14,3965575,26,6,Tottenham_Hotspur,Away,16921,39194.0,Jan Vertonghen,jan-vertonghen,D,False,,,,,,,,,,,,,,,,,,0.0,0.0,,,90.0,,,0.0,,,,,,,,,,,,,,,,0.0,,,,,,
2013-14,3965575,26,6,Tottenham_Hotspur,Away,32492,54908.0,Nacer Chadli,nacer-chadli,M,True,,,,,,,,,,,,,,,,,,0.0,1.0,,,15.0,,,0.0,,,,,,,,,,,,,,,,0.0,,,,,,
2013-14,3965575,26,6,Tottenham_Hotspur,Away,32821,49539.0,Kyle Naughton,kyle-naughton,D,False,,,,,,,,,,,,,,,,,,0.0,0.0,,,90.0,,,0.0,,,,,,,,,,,,,,,,0.0,,,,,,
2013-14,3965575,26,6,Tottenham_Hotspur,Away,44614,58621.0,Kyle Walker,kyle-walker,D,False,,,,,,,,,,,,,,,,,,0.0,0.0,,,90.0,,,0.0,,,,,,,,,,,,,,,,0.0,,,,,,
2013-14,3965575,26,6,Tottenham_Hotspur,Away,47992,60252.0,Andros Townsend,andros-townsend,F,True,,,,,,,,,,,,,,,,,,0.0,0.0,,,26.0,,,0.0,,,,,,,,,,,,,,,,0.0,,,,,,
2013-14,3965575,26,6,Tottenham_Hotspur,Away,105734,80607.0,Christian Eriksen,christian-eriksen,M,True,,,,,,,,,,,,,,,,,,,,,,,,,,,,,,,,,,,,,,,,,,,,,,,
2013-14,3965575,26,6,Tottenham_Hotspur,Away,108579,78830.0,Harry Kane,harry-kane,F,True,,,,,,,,,,,,,,,,,,,,,,,,,,,,,,,,,,,,,,,,,,,,,,,
2013-14,3965575,26,6,Tottenham_Hotspur,Away,115183,100534.0,Paulinho,paulinho,M,False,,,,,,,,,,,,,,,,,,0.0,1.0,,,90.0,,,0.0,,,,,,,,,,,,,,,,0.0,,,,,,
2013-14,3965575,26,6,Tottenham_Hotspur,Away,368120,126407.0,Nabil Bentaleb,nabil-bentaleb,M,False,,,,,,,,,,,,,,,,,,1.0,0.0,,,90.0,,,0.0,,,,,,,,,,,,,,,,0.0,,,,,,
2013-14,3965591,27,6,Tottenham_Hotspur,Away,597,1803.0,Brad Friedel,brad-friedel,G,True,,,,,,,,,,,,,,,,,,,,,,,,,,,,,,,,,,,,,,,,,,,,,,,
2013-14,3965591,27,6,Tottenham_Hotspur,Away,927,12679.0,Michael Dawson,michael-dawson,D,False,,,,,,,,,,,,,,,,,,0.0,0.0,,,90.0,,,0.0,,,,,,,,,,,,,,,,0.0,,,,,,
2013-14,3965591,27,6,Tottenham_Hotspur,Away,3094,17500.0,Emmanuel Adebayor,emmanuel-adebayor,F,False,,,,,,,,,,,,,,,,,,0.0,0.0,,,90.0,,,0.0,,,,,,,,,,,,,,,,0.0,,,,,,
2013-14,3965591,27,6,Tottenham_Hotspur,Away,9048,37915.0,Hugo Lloris,hugo-lloris,G,False,,,,,,,,,,,,,,,,,,0.0,0.0,,,90.0,,,0.0,,,,,,,,,,,,,,,,0.0,,,,,,
2013-14,3965591,27,6,Tottenham_Hotspur,Away,9692,17349.0,Aaron Lennon,aaron-lennon,M,False,,,,,,,,,,,,,,,,,,0.0,0.0,,,90.0,,,0.0,,,,,,,,,,,,,,,,0.0,,,,,,
2013-14,3965591,27,6,Tottenham_Hotspur,Away,9865,39104.0,Mousa Dembélé,mousa-dembele,M,False,,,,,,,,,,,,,,,,,,0.0,0.0,,,90.0,,,0.0,,,,,,,,,,,,,,,,0.0,,,,,,
2013-14,3965591,27,6,Tottenham_Hotspur,Away,13208,17926.0,Roberto Soldado,roberto-soldado,F,True,,,,,,,,,,,,,,,,,,0.0,0.0,,,25.0,,,0.0,,,,,,,,,,,,,,,,0.0,,,,,,
2013-14,3965591,27,6,Tottenham_Hotspur,Away,16586,38290.0,Danny Rose,danny-rose,D,False,,,,,,,,,,,,,,,,,,0.0,0.0,,,82.0,,,0.0,,,,,,,,,,,,,,,,0.0,,,,,,
2013-14,3965591,27,6,Tottenham_Hotspur,Away,16701,38439.0,Étienne Capoue,etienne-capoue,M,False,,,,,,,,,,,,,,,,,,0.0,0.0,,,14.0,,,0.0,,,,,,,,,,,,,,,,0.0,,,,,,
2013-14,3965591,27,6,Tottenham_Hotspur,Away,16921,39194.0,Jan Vertonghen,jan-vertonghen,D,False,,,,,,,,,,,,,,,,,,0.0,0.0,,,90.0,,,0.0,,,,,,,,,,,,,,,,0.0,,,,,,
2013-14,3965591,27,6,Tottenham_Hotspur,Away,32492,54908.0,Nacer Chadli,nacer-chadli,M,True,,,,,,,,,,,,,,,,,,0.0,0.0,,,76.0,,,0.0,,,,,,,,,,,,,,,,0.0,,,,,,
2013-14,3965591,27,6,Tottenham_Hotspur,Away,32821,49539.0,Kyle Naughton,kyle-naughton,D,False,,,,,,,,,,,,,,,,,,0.0,0.0,,,90.0,,,0.0,,,,,,,,,,,,,,,,0.0,,,,,,
2013-14,3965591,27,6,Tottenham_Hotspur,Away,47992,60252.0,Andros Townsend,andros-townsend,F,True,,,,,,,,,,,,,,,,,,0.0,0.0,,,8.0,,,0.0,,,,,,,,,,,,,,,,0.0,,,,,,
2013-14,3965591,27,6,Tottenham_Hotspur,Away,105734,80607.0,Christian Eriksen,christian-eriksen,M,True,,,,,,,,,,,,,,,,,,,,,,,,,,,,,,,,,,,,,,,,,,,,,,,
2013-14,3965591,27,6,Tottenham_Hotspur,Away,108579,78830.0,Harry Kane,harry-kane,F,True,,,,,,,,,,,,,,,,,,,,,,,,,,,,,,,,,,,,,,,,,,,,,,,
2013-14,3965591,27,6,Tottenham_Hotspur,Away,115183,100534.0,Paulinho,paulinho,M,False,,,,,,,,,,,,,,,,,,0.0,0.0,,,65.0,,,0.0,,,,,,,,,,,,,,,,0.0,,,,,,
2013-14,3965591,27,6,Tottenham_Hotspur,Away,137756,,Zeki Fryers,zeki-fryers,D,True,,,,,,,,,,,,,,,,,,,,,,,,,,,,,,,,,,,,,,,,,,,,,,,
2013-14,3965591,27,6,Tottenham_Hotspur,Away,368120,126407.0,Nabil Bentaleb,nabil-bentaleb,M,False,,,,,,,,,,,,,,,,,,0.0,0.0,,,90.0,,,0.0,,,,,,,,,,,,,,,,0.0,,,,,,
2013-14,3965615,28,6,Tottenham_Hotspur,Home,597,1803.0,Brad Friedel,brad-friedel,G,True,,,,,,,,,,,,,,,,,,,,,,,,,,,,,,,,,,,,,,,,,,,,,,,
2013-14,3965615,28,6,Tottenham_Hotspur,Home,927,12679.0,Michael Dawson,michael-dawson,D,False,,,,,,,,,,,,,,,,,,0.0,0.0,,,90.0,,,0.0,,,,,,,,,,,,,,,,0.0,,,,,,
2013-14,3965615,28,6,Tottenham_Hotspur,Home,3094,17500.0,Emmanuel Adebayor,emmanuel-adebayor,F,False,,,,,,,,,,,,,,,,,,0.0,0.0,,,90.0,,,0.0,,,,,,,,,,,,,,,,0.0,,,,,,
2013-14,3965615,28,6,Tottenham_Hotspur,Home,9048,37915.0,Hugo Lloris,hugo-lloris,G,False,,,,,,,,,,,,,,,,,,0.0,0.0,,,90.0,,,0.0,,,,,,,,,,,,,,,,0.0,,,,,,
2013-14,3965615,28,6,Tottenham_Hotspur,Home,9692,17349.0,Aaron Lennon,aaron-lennon,M,False,,,,,,,,,,,,,,,,,,0.0,0.0,,,90.0,,,0.0,,,,,,,,,,,,,,,,0.0,,,,,,
2013-14,3965615,28,6,Tottenham_Hotspur,Home,9865,39104.0,Mousa Dembélé,mousa-dembele,M,False,,,,,,,,,,,,,,,,,,0.0,0.0,,,90.0,,,0.0,,,,,,,,,,,,,,,,0.0,,,,,,
2013-14,3965615,28,6,Tottenham_Hotspur,Home,13208,17926.0,Roberto Soldado,roberto-soldado,F,False,,,,,,,,,,,,,,,,,,0.0,1.0,,,83.0,,,0.0,,,,,,,,,,,,,,,,0.0,,,,,,
2013-14,3965615,28,6,Tottenham_Hotspur,Home,16921,39194.0,Jan Vertonghen,jan-vertonghen,D,False,,,,,,,,,,,,,,,,,,0.0,0.0,,,90.0,,,0.0,,,,,,,,,,,,,,,,0.0,,,,,,
2013-14,3965615,28,6,Tottenham_Hotspur,Home,32492,54908.0,Nacer Chadli,nacer-chadli,M,True,,,,,,,,,,,,,,,,,,0.0,0.0,,,20.0,,,0.0,,,,,,,,,,,,,,,,0.0,,,,,,
2013-14,3965615,28,6,Tottenham_Hotspur,Home,32821,49539.0,Kyle Naughton,kyle-naughton,D,False,,,,,,,,,,,,,,,,,,0.0,0.0,,,90.0,,,0.0,,,,,,,,,,,,,,,,0.0,,,,,,
2013-14,3965615,28,6,Tottenham_Hotspur,Home,43192,55422.0,Gylfi Sigurðsson,gylfi-sigursson,M,True,,,,,,,,,,,,,,,,,,,,,,,,,,,,,,,,,,,,,,,,,,,,,,,
2013-14,3965615,28,6,Tottenham_Hotspur,Home,43301,52876.0,Sandro,sandro,M,True,,,,,,,,,,,,,,,,,,0.0,0.0,,,17.0,,,0.0,,,,,,,,,,,,,,,,0.0,,,,,,
2013-14,3965615,28,6,Tottenham_Hotspur,Home,47992,60252.0,Andros Townsend,andros-townsend,F,False,,,,,,,,,,,,,,,,,,0.0,0.0,,,70.0,,,0.0,,,,,,,,,,,,,,,,0.0,,,,,,
2013-14,3965615,28,6,Tottenham_Hotspur,Home,108579,78830.0,Harry Kane,harry-kane,F,True,,,,,,,,,,,,,,,,,,0.0,0.0,,,7.0,,,0.0,,,,,,,,,,,,,,,,0.0,,,,,,
2013-14,3965615,28,6,Tottenham_Hotspur,Home,115183,100534.0,Paulinho,paulinho,M,False,,,,,,,,,,,,,,,,,,0.0,0.0,,,73.0,,,0.0,,,,,,,,,,,,,,,,0.0,,,,,,
2013-14,3965615,28,6,Tottenham_Hotspur,Home,137756,,Zeki Fryers,zeki-fryers,D,False,,,,,,,,,,,,,,,,,,0.0,0.0,,,90.0,,,0.0,,,,,,,,,,,,,,,,0.0,,,,,,
2013-14,3965615,28,6,Tottenham_Hotspur,Home,227224,153265.0,Miloš Veljković,milos-veljkovic,D,True,,,,,,,,,,,,,,,,,,,,,,,,,,,,,,,,,,,,,,,,,,,,,,,
2013-14,3965615,28,6,Tottenham_Hotspur,Home,368120,126407.0,Nabil Bentaleb,nabil-bentaleb,M,True,,,,,,,,,,,,,,,,,,,,,,,,,,,,,,,,,,,,,,,,,,,,,,,
2013-14,3965621,29,6,Tottenham_Hotspur,Away,597,1803.0,Brad Friedel,brad-friedel,G,True,,,,,,,,,,,,,,,,,,,,,,,,,,,,,,,,,,,,,,,,,,,,,,,
2013-14,3965621,29,6,Tottenham_Hotspur,Away,927,12679.0,Michael Dawson,michael-dawson,D,False,,,,,,,,,,,,,,,,,,0.0,0.0,,,72.0,,,0.0,,,,,,,,,,,,,,,,0.0,,,,,,
2013-14,3965621,29,6,Tottenham_Hotspur,Away,1018,37742.0,Younès Kaboul,younes-kaboul,D,False,,,,,,,,,,,,,,,,,,0.0,0.0,,,59.0,,,0.0,,,,,,,,,,,,,,,,0.0,,,,,,
2013-14,3965621,29,6,Tottenham_Hotspur,Away,3094,17500.0,Emmanuel Adebayor,emmanuel-adebayor,F,False,,,,,,,,,,,,,,,,,,0.0,0.0,,,90.0,,,0.0,,,,,,,,,,,,,,,,0.0,,,,,,
2013-14,3965621,29,6,Tottenham_Hotspur,Away,9048,37915.0,Hugo Lloris,hugo-lloris,G,False,,,,,,,,,,,,,,,,,,0.0,0.0,,,90.0,,,0.0,,,,,,,,,,,,,,,,0.0,,,,,,
2013-14,3965621,29,6,Tottenham_Hotspur,Away,9692,17349.0,Aaron Lennon,aaron-lennon,M,False,,,,,,,,,,,,,,,,,,0.0,0.0,,,90.0,,,0.0,,,,,,,,,,,,,,,,0.0,,,,,,
2013-14,3965621,29,6,Tottenham_Hotspur,Away,13208,17926.0,Roberto Soldado,roberto-soldado,F,True,,,,,,,,,,,,,,,,,,,,,,,,,,,,,,,,,,,,,,,,,,,,,,,
2013-14,3965621,29,6,Tottenham_Hotspur,Away,16921,39194.0,Jan Vertonghen,jan-vertonghen,D,False,,,,,,,,,,,,,,,,,,0.0,0.0,,,90.0,,,0.0,,,,,,,,,,,,,,,,0.0,,,,,,
2013-14,3965621,29,6,Tottenham_Hotspur,Away,32492,54908.0,Nacer Chadli,nacer-chadli,M,True,,,,,,,,,,,,,,,,,,,,,,,,,,,,,,,,,,,,,,,,,,,,,,,
2013-14,3965621,29,6,Tottenham_Hotspur,Away,32821,49539.0,Kyle Naughton,kyle-naughton,D,False,,,,,,,,,,,,,,,,,,0.0,0.0,,,90.0,,,0.0,,,,,,,,,,,,,,,,0.0,,,,,,
2013-14,3965621,29,6,Tottenham_Hotspur,Away,43192,55422.0,Gylfi Sigurðsson,gylfi-sigursson,M,False,,,,,,,,,,,,,,,,,,0.0,0.0,,,61.0,,,0.0,,,,,,,,,,,,,,,,0.0,,,,,,
2013-14,3965621,29,6,Tottenham_Hotspur,Away,43301,52876.0,Sandro,sandro,M,False,,,,,,,,,,,,,,,,,,0.0,0.0,,,90.0,,,0.0,,,,,,,,,,,,,,,,0.0,,,,,,
2013-14,3965621,29,6,Tottenham_Hotspur,Away,44614,58621.0,Kyle Walker,kyle-walker,D,False,,,,,,,,,,,,,,,,,,0.0,0.0,,,90.0,,,0.0,,,,,,,,,,,,,,,,0.0,,,,,,
2013-14,3965621,29,6,Tottenham_Hotspur,Away,47992,60252.0,Andros Townsend,andros-townsend,F,True,,,,,,,,,,,,,,,,,,,,,,,,,,,,,,,,,,,,,,,,,,,,,,,
2013-14,3965621,29,6,Tottenham_Hotspur,Away,108579,78830.0,Harry Kane,harry-kane,F,True,,,,,,,,,,,,,,,,,,,,,,,,,,,,,,,,,,,,,,,,,,,,,,,
2013-14,3965621,29,6,Tottenham_Hotspur,Away,115183,100534.0,Paulinho,paulinho,M,True,,,,,,,,,,,,,,,,,,0.0,0.0,,,29.0,,,0.0,,,,,,,,,,,,,,,,0.0,,,,,,
2013-14,3965621,29,6,Tottenham_Hotspur,Away,137756,,Zeki Fryers,zeki-fryers,D,True,,,,,,,,,,,,,,,,,,0.0,0.0,,,18.0,,,0.0,,,,,,,,,,,,,,,,0.0,,,,,,
2013-14,3965621,29,6,Tottenham_Hotspur,Away,368120,126407.0,Nabil Bentaleb,nabil-bentaleb,M,False,,,,,,,,,,,,,,,,,,0.0,0.0,,,90.0,,,0.0,,,,,,,,,,,,,,,,0.0,,,,,,
2013-14,3965655,30,6,Tottenham_Hotspur,Home,597,1803.0,Brad Friedel,brad-friedel,G,True,,,,,,,,,,,,,,,,,,,,,,,,,,,,,,,,,,,,,,,,,,,,,,,
2013-14,3965655,30,6,Tottenham_Hotspur,Home,1018,37742.0,Younès Kaboul,younes-kaboul,D,False,,,,,,,,,,,,,,,,,,0.0,0.0,,,90.0,,,0.0,,,,,,,,,,,,,,,,0.0,,,,,,
2013-14,3965655,30,6,Tottenham_Hotspur,Home,3094,17500.0,Emmanuel Adebayor,emmanuel-adebayor,F,False,,,,,,,,,,,,,,,,,,0.0,0.0,,,90.0,,,0.0,,,,,,,,,,,,,,,,0.0,,,,,,
2013-14,3965655,30,6,Tottenham_Hotspur,Home,9048,37915.0,Hugo Lloris,hugo-lloris,G,False,,,,,,,,,,,,,,,,,,0.0,0.0,,,90.0,,,0.0,,,,,,,,,,,,,,,,0.0,,,,,,
2013-14,3965655,30,6,Tottenham_Hotspur,Home,9692,17349.0,Aaron Lennon,aaron-lennon,M,True,,,,,,,,,,,,,,,,,,,,,,,,,,,,,,,,,,,,,,,,,,,,,,,
2013-14,3965655,30,6,Tottenham_Hotspur,Home,13208,17926.0,Roberto Soldado,roberto-soldado,F,True,,,,,,,,,,,,,,,,,,0.0,0.0,,,8.0,,,0.0,,,,,,,,,,,,,,,,0.0,,,,,,
2013-14,3965655,30,6,Tottenham_Hotspur,Home,16586,38290.0,Danny Rose,danny-rose,D,False,,,,,,,,,,,,,,,,,,0.0,0.0,,,90.0,,,0.0,,,,,,,,,,,,,,,,0.0,,,,,,
2013-14,3965655,30,6,Tottenham_Hotspur,Home,16921,39194.0,Jan Vertonghen,jan-vertonghen,D,False,,,,,,,,,,,,,,,,,,0.0,0.0,,,90.0,,,0.0,,,,,,,,,,,,,,,,0.0,,,,,,
2013-14,3965655,30,6,Tottenham_Hotspur,Home,32492,54908.0,Nacer Chadli,nacer-chadli,M,False,,,,,,,,,,,,,,,,,,0.0,0.0,,,69.0,,,0.0,,,,,,,,,,,,,,,,0.0,,,,,,
2013-14,3965655,30,6,Tottenham_Hotspur,Home,32821,49539.0,Kyle Naughton,kyle-naughton,D,False,,,,,,,,,,,,,,,,,,0.0,0.0,,,90.0,,,0.0,,,,,,,,,,,,,,,,0.0,,,,,,
2013-14,3965655,30,6,Tottenham_Hotspur,Home,43192,55422.0,Gylfi Sigurðsson,gylfi-sigursson,M,True,,,,,,,,,,,,,,,,,,0.0,0.0,,,21.0,,,0.0,,,,,,,,,,,,,,,,0.0,,,,,,
2013-14,3965655,30,6,Tottenham_Hotspur,Home,43301,52876.0,Sandro,sandro,M,False,,,,,,,,,,,,,,,,,,0.0,0.0,,,68.0,,,0.0,,,,,,,,,,,,,,,,0.0,,,,,,
2013-14,3965655,30,6,Tottenham_Hotspur,Home,44614,58621.0,Kyle Walker,kyle-walker,D,True,,,,,,,,,,,,,,,,,,,,,,,,,,,,,,,,,,,,,,,,,,,,,,,
2013-14,3965655,30,6,Tottenham_Hotspur,Home,47992,60252.0,Andros Townsend,andros-townsend,F,False,,,,,,,,,,,,,,,,,,0.0,0.0,,,90.0,,,0.0,,,,,,,,,,,,,,,,0.0,,,,,,
2013-14,3965655,30,6,Tottenham_Hotspur,Home,105734,80607.0,Christian Eriksen,christian-eriksen,M,False,,,,,,,,,,,,,,,,,,0.0,0.0,,,82.0,,,0.0,,,,,,,,,,,,,,,,0.0,,,,,,
2013-14,3965655,30,6,Tottenham_Hotspur,Home,108579,78830.0,Harry Kane,harry-kane,F,True,,,,,,,,,,,,,,,,,,,,,,,,,,,,,,,,,,,,,,,,,,,,,,,
2013-14,3965655,30,6,Tottenham_Hotspur,Home,115183,100534.0,Paulinho,paulinho,M,True,,,,,,,,,,,,,,,,,,0.0,0.0,,,22.0,,,0.0,,,,,,,,,,,,,,,,0.0,,,,,,
2013-14,3965655,30,6,Tottenham_Hotspur,Home,368120,126407.0,Nabil Bentaleb,nabil-bentaleb,M,False,,,,,,,,,,,,,,,,,,0.0,0.0,,,90.0,,,0.0,,,,,,,,,,,,,,,,0.0,,,,,,
2013-14,3965673,31,6,Tottenham_Hotspur,Home,597,1803.0,Brad Friedel,brad-friedel,G,True,,,,,,,,,,,,,,,,,,,,,,,,,,,,,,,,,,,,,,,,,,,,,,,
2013-14,3965673,31,6,Tottenham_Hotspur,Home,927,12679.0,Michael Dawson,michael-dawson,D,True,,,,,,,,,,,,,,,,,,,,,,,,,,,,,,,,,,,,,,,,,,,,,,,
2013-14,3965673,31,6,Tottenham_Hotspur,Home,1018,37742.0,Younès Kaboul,younes-kaboul,D,False,,,,,,,,,,,,,,,,,,0.0,0.0,,,90.0,,,0.0,,,,,,,,,,,,,,,,0.0,,,,,,
2013-14,3965673,31,6,Tottenham_Hotspur,Home,9048,37915.0,Hugo Lloris,hugo-lloris,G,False,,,,,,,,,,,,,,,,,,0.0,0.0,,,90.0,,,0.0,,,,,,,,,,,,,,,,0.0,,,,,,
2013-14,3965673,31,6,Tottenham_Hotspur,Home,9692,17349.0,Aaron Lennon,aaron-lennon,M,False,,,,,,,,,,,,,,,,,,0.0,0.0,,,72.0,,,0.0,,,,,,,,,,,,,,,,0.0,,,,,,
2013-14,3965673,31,6,Tottenham_Hotspur,Home,9865,39104.0,Mousa Dembélé,mousa-dembele,M,False,,,,,,,,,,,,,,,,,,0.0,0.0,,,45.0,,,0.0,,,,,,,,,,,,,,,,0.0,,,,,,
2013-14,3965673,31,6,Tottenham_Hotspur,Home,13208,17926.0,Roberto Soldado,roberto-soldado,F,False,,,,,,,,,,,,,,,,,,0.0,0.0,,,90.0,,,0.0,,,,,,,,,,,,,,,,0.0,,,,,,
2013-14,3965673,31,6,Tottenham_Hotspur,Home,16586,38290.0,Danny Rose,danny-rose,D,False,,,,,,,,,,,,,,,,,,0.0,0.0,,,90.0,,,0.0,,,,,,,,,,,,,,,,0.0,,,,,,
2013-14,3965673,31,6,Tottenham_Hotspur,Home,16921,39194.0,Jan Vertonghen,jan-vertonghen,D,False,,,,,,,,,,,,,,,,,,0.0,0.0,,,90.0,,,0.0,,,,,,,,,,,,,,,,0.0,,,,,,
2013-14,3965673,31,6,Tottenham_Hotspur,Home,32492,54908.0,Nacer Chadli,nacer-chadli,M,False,,,,,,,,,,,,,,,,,,0.0,0.0,,,90.0,,,0.0,,,,,,,,,,,,,,,,0.0,,,,,,
2013-14,3965673,31,6,Tottenham_Hotspur,Home,32821,49539.0,Kyle Naughton,kyle-naughton,D,False,,,,,,,,,,,,,,,,,,0.0,0.0,,,90.0,,,0.0,,,,,,,,,,,,,,,,0.0,,,,,,
2013-14,3965673,31,6,Tottenham_Hotspur,Home,43192,55422.0,Gylfi Sigurðsson,gylfi-sigursson,M,True,,,,,,,,,,,,,,,,,,0.0,1.0,,,45.0,,,0.0,,,,,,,,,,,,,,,,0.0,,,,,,
2013-14,3965673,31,6,Tottenham_Hotspur,Home,47992,60252.0,Andros Townsend,andros-townsend,F,True,,,,,,,,,,,,,,,,,,0.0,0.0,,,18.0,,,0.0,,,,,,,,,,,,,,,,0.0,,,,,,
2013-14,3965673,31,6,Tottenham_Hotspur,Home,105734,80607.0,Christian Eriksen,christian-eriksen,M,False,,,,,,,,,,,,,,,,,,0.0,2.0,,,90.0,,,0.0,,,,,,,,,,,,,,,,0.0,,,,,,
2013-14,3965673,31,6,Tottenham_Hotspur,Home,108579,78830.0,Harry Kane,harry-kane,F,True,,,,,,,,,,,,,,,,,,,,,,,,,,,,,,,,,,,,,,,,,,,,,,,
2013-14,3965673,31,6,Tottenham_Hotspur,Home,115183,100534.0,Paulinho,paulinho,M,True,,,,,,,,,,,,,,,,,,,,,,,,,,,,,,,,,,,,,,,,,,,,,,,
2013-14,3965673,31,6,Tottenham_Hotspur,Home,137756,,Zeki Fryers,zeki-fryers,D,True,,,,,,,,,,,,,,,,,,,,,,,,,,,,,,,,,,,,,,,,,,,,,,,
2013-14,3965673,31,6,Tottenham_Hotspur,Home,368120,126407.0,Nabil Bentaleb,nabil-bentaleb,M,False,,,,,,,,,,,,,,,,,,0.0,0.0,,,90.0,,,0.0,,,,,,,,,,,,,,,,0.0,,,,,,
2013-14,3965683,32,6,Tottenham_Hotspur,Away,597,1803.0,Brad Friedel,brad-friedel,G,True,,,,,,,,,,,,,,,,,,,,,,,,,,,,,,,,,,,,,,,,,,,,,,,
2013-14,3965683,32,6,Tottenham_Hotspur,Away,927,12679.0,Michael Dawson,michael-dawson,D,True,,,,,,,,,,,,,,,,,,0.0,0.0,,,66.0,,,0.0,,,,,,,,,,,,,,,,0.0,,,,,,
2013-14,3965683,32,6,Tottenham_Hotspur,Away,1018,37742.0,Younès Kaboul,younes-kaboul,D,False,,,,,,,,,,,,,,,,,,0.0,0.0,,,90.0,,,1.0,,,,,,,,,,,,,,,,0.0,,,,,,
2013-14,3965683,32,6,Tottenham_Hotspur,Away,9048,37915.0,Hugo Lloris,hugo-lloris,G,False,,,,,,,,,,,,,,,,,,0.0,0.0,,,90.0,,,0.0,,,,,,,,,,,,,,,,0.0,,,,,,
2013-14,3965683,32,6,Tottenham_Hotspur,Away,9692,17349.0,Aaron Lennon,aaron-lennon,M,False,,,,,,,,,,,,,,,,,,0.0,0.0,,,60.0,,,0.0,,,,,,,,,,,,,,,,0.0,,,,,,
2013-14,3965683,32,6,Tottenham_Hotspur,Away,9865,39104.0,Mousa Dembélé,mousa-dembele,M,True,,,,,,,,,,,,,,,,,,0.0,0.0,,,30.0,,,0.0,,,,,,,,,,,,,,,,0.0,,,,,,
2013-14,3965683,32,6,Tottenham_Hotspur,Away,13208,17926.0,Roberto Soldado,roberto-soldado,F,False,,,,,,,,,,,,,,,,,,0.0,0.0,,,90.0,,,0.0,,,,,,,,,,,,,,,,0.0,,,,,,
2013-14,3965683,32,6,Tottenham_Hotspur,Away,16586,38290.0,Danny Rose,danny-rose,D,False,,,,,,,,,,,,,,,,,,0.0,0.0,,,90.0,,,0.0,,,,,,,,,,,,,,,,0.0,,,,,,
2013-14,3965683,32,6,Tottenham_Hotspur,Away,16921,39194.0,Jan Vertonghen,jan-vertonghen,D,False,,,,,,,,,,,,,,,,,,0.0,0.0,,,24.0,,,0.0,,,,,,,,,,,,,,,,0.0,,,,,,
2013-14,3965683,32,6,Tottenham_Hotspur,Away,32492,54908.0,Nacer Chadli,nacer-chadli,M,False,,,,,,,,,,,,,,,,,,0.0,0.0,,,90.0,,,0.0,,,,,,,,,,,,,,,,0.0,,,,,,
2013-14,3965683,32,6,Tottenham_Hotspur,Away,32821,49539.0,Kyle Naughton,kyle-naughton,D,False,,,,,,,,,,,,,,,,,,0.0,0.0,,,90.0,,,0.0,,,,,,,,,,,,,,,,0.0,,,,,,
2013-14,3965683,32,6,Tottenham_Hotspur,Away,43192,55422.0,Gylfi Sigurðsson,gylfi-sigursson,M,False,,,,,,,,,,,,,,,,,,0.0,0.0,,,90.0,,,0.0,,,,,,,,,,,,,,,,0.0,,,,,,
2013-14,3965683,32,6,Tottenham_Hotspur,Away,43301,52876.0,Sandro,sandro,M,True,,,,,,,,,,,,,,,,,,,,,,,,,,,,,,,,,,,,,,,,,,,,,,,
2013-14,3965683,32,6,Tottenham_Hotspur,Away,47992,60252.0,Andros Townsend,andros-townsend,F,True,,,,,,,,,,,,,,,,,,0.0,0.0,,,30.0,,,0.0,,,,,,,,,,,,,,,,0.0,,,,,,
2013-14,3965683,32,6,Tottenham_Hotspur,Away,105734,80607.0,Christian Eriksen,christian-eriksen,M,False,,,,,,,,,,,,,,,,,,0.0,0.0,,,90.0,,,0.0,,,,,,,,,,,,,,,,0.0,,,,,,
2013-14,3965683,32,6,Tottenham_Hotspur,Away,108579,78830.0,Harry Kane,harry-kane,F,True,,,,,,,,,,,,,,,,,,,,,,,,,,,,,,,,,,,,,,,,,,,,,,,
2013-14,3965683,32,6,Tottenham_Hotspur,Away,368120,126407.0,Nabil Bentaleb,nabil-bentaleb,M,False,,,,,,,,,,,,,,,,,,0.0,0.0,,,60.0,,,0.0,,,,,,,,,,,,,,,,0.0,,,,,,
2013-14,3965683,32,6,Tottenham_Hotspur,Away,545780,157668.0,Harry Winks,harry-winks,M,True,,,,,,,,,,,,,,,,,,,,,,,,,,,,,,,,,,,,,,,,,,,,,,,
2013-14,3965713,33,6,Tottenham_Hotspur,Home,597,1803.0,Brad Friedel,brad-friedel,G,True,,,,,,,,,,,,,,,,,,,,,,,,,,,,,,,,,,,,,,,,,,,,,,,
2013-14,3965713,33,6,Tottenham_Hotspur,Home,1018,37742.0,Younès Kaboul,younes-kaboul,D,False,,,,,,,,,,,,,,,,,,1.0,0.0,,,90.0,,,0.0,,,,,,,,,,,,,,,,0.0,,,,,,
2013-14,3965713,33,6,Tottenham_Hotspur,Home,3094,17500.0,Emmanuel Adebayor,emmanuel-adebayor,F,False,,,,,,,,,,,,,,,,,,0.0,2.0,,,90.0,,,0.0,,,,,,,,,,,,,,,,0.0,,,,,,
2013-14,3965713,33,6,Tottenham_Hotspur,Home,9048,37915.0,Hugo Lloris,hugo-lloris,G,False,,,,,,,,,,,,,,,,,,0.0,0.0,,,90.0,,,0.0,,,,,,,,,,,,,,,,0.0,,,,,,
2013-14,3965713,33,6,Tottenham_Hotspur,Home,9692,17349.0,Aaron Lennon,aaron-lennon,M,False,,,,,,,,,,,,,,,,,,0.0,0.0,,,84.0,,,0.0,,,,,,,,,,,,,,,,0.0,,,,,,
2013-14,3965713,33,6,Tottenham_Hotspur,Home,16586,38290.0,Danny Rose,danny-rose,D,False,,,,,,,,,,,,,,,,,,0.0,0.0,,,90.0,,,0.0,,,,,,,,,,,,,,,,0.0,,,,,,
2013-14,3965713,33,6,Tottenham_Hotspur,Home,32492,54908.0,Nacer Chadli,nacer-chadli,M,False,,,,,,,,,,,,,,,,,,1.0,0.0,,,82.0,,,0.0,,,,,,,,,,,,,,,,0.0,,,,,,
2013-14,3965713,33,6,Tottenham_Hotspur,Home,32821,49539.0,Kyle Naughton,kyle-naughton,D,False,,,,,,,,,,,,,,,,,,0.0,0.0,,,90.0,,,0.0,,,,,,,,,,,,,,,,0.0,,,,,,
2013-14,3965713,33,6,Tottenham_Hotspur,Home,43192,55422.0,Gylfi Sigurðsson,gylfi-sigursson,M,True,,,,,,,,,,,,,,,,,,0.0,1.0,,,8.0,,,0.0,,,,,,,,,,,,,,,,0.0,,,,,,
2013-14,3965713,33,6,Tottenham_Hotspur,Home,43301,52876.0,Sandro,sandro,M,True,,,,,,,,,,,,,,,,,,,,,,,,,,,,,,,,,,,,,,,,,,,,,,,
2013-14,3965713,33,6,Tottenham_Hotspur,Home,47992,60252.0,Andros Townsend,andros-townsend,F,True,,,,,,,,,,,,,,,,,,0.0,0.0,,,6.0,,,0.0,,,,,,,,,,,,,,,,0.0,,,,,,
2013-14,3965713,33,6,Tottenham_Hotspur,Home,69295,62305.0,Vlad Chiricheş,vlad-chiriches,M,False,,,,,,,,,,,,,,,,,,0.0,0.0,,,90.0,,,0.0,,,,,,,,,,,,,,,,0.0,,,,,,
2013-14,3965713,33,6,Tottenham_Hotspur,Home,105734,80607.0,Christian Eriksen,christian-eriksen,M,False,,,,,,,,,,,,,,,,,,2.0,1.0,,,90.0,,,0.0,,,,,,,,,,,,,,,,0.0,,,,,,
2013-14,3965713,33,6,Tottenham_Hotspur,Home,108579,78830.0,Harry Kane,harry-kane,F,False,,,,,,,,,,,,,,,,,,0.0,1.0,,,90.0,,,0.0,,,,,,,,,,,,,,,,0.0,,,,,,
2013-14,3965713,33,6,Tottenham_Hotspur,Home,115183,100534.0,Paulinho,paulinho,M,False,,,,,,,,,,,,,,,,,,0.0,0.0,,,88.0,,,0.0,,,,,,,,,,,,,,,,0.0,,,,,,
2013-14,3965713,33,6,Tottenham_Hotspur,Home,137756,,Zeki Fryers,zeki-fryers,D,True,,,,,,,,,,,,,,,,,,,,,,,,,,,,,,,,,,,,,,,,,,,,,,,
2013-14,3965713,33,6,Tottenham_Hotspur,Home,227224,153265.0,Miloš Veljković,milos-veljkovic,D,True,,,,,,,,,,,,,,,,,,0.0,0.0,,,2.0,,,0.0,,,,,,,,,,,,,,,,0.0,,,,,,
2013-14,3965713,33,6,Tottenham_Hotspur,Home,368120,126407.0,Nabil Bentaleb,nabil-bentaleb,M,True,,,,,,,,,,,,,,,,,,,,,,,,,,,,,,,,,,,,,,,,,,,,,,,
2013-14,3965735,34,6,Tottenham_Hotspur,Away,597,1803.0,Brad Friedel,brad-friedel,G,True,,,,,,,,,,,,,,,,,,,,,,,,,,,,,,,,,,,,,,,,,,,,,,,
2013-14,3965735,34,6,Tottenham_Hotspur,Away,1018,37742.0,Younès Kaboul,younes-kaboul,D,False,,,,,,,,,,,,,,,,,,0.0,0.0,,,90.0,,,0.0,,,,,,,,,,,,,,,,0.0,,,,,,
2013-14,3965735,34,6,Tottenham_Hotspur,Away,3094,17500.0,Emmanuel Adebayor,emmanuel-adebayor,F,False,,,,,,,,,,,,,,,,,,0.0,0.0,,,90.0,,,0.0,1.0,,,,,,,,,,,,,,,0.0,,,,,,
2013-14,3965735,34,6,Tottenham_Hotspur,Away,9048,37915.0,Hugo Lloris,hugo-lloris,G,False,,,,,,,,,,,,,,,,,,0.0,0.0,,,90.0,,,0.0,,,,,,,,,,,,,,,,0.0,,,,,,
2013-14,3965735,34,6,Tottenham_Hotspur,Away,9692,17349.0,Aaron Lennon,aaron-lennon,M,False,,,,,,,,,,,,,,,,,,1.0,0.0,,,90.0,,,0.0,,,,,,,,,,,,,,,,0.0,,,,,,
2013-14,3965735,34,6,Tottenham_Hotspur,Away,16586,38290.0,Danny Rose,danny-rose,D,False,,,,,,,,,,,,,,,,,,0.0,0.0,,,85.0,,,0.0,,,,,,,,,,,,,,,,0.0,,,,,,
2013-14,3965735,34,6,Tottenham_Hotspur,Away,32492,54908.0,Nacer Chadli,nacer-chadli,M,False,,,,,,,,,,,,,,,,,,0.0,0.0,,,78.0,,,0.0,,,,,,,,,,,,,,,,0.0,,,,,,
2013-14,3965735,34,6,Tottenham_Hotspur,Away,32821,49539.0,Kyle Naughton,kyle-naughton,D,False,,,,,,,,,,,,,,,,,,0.0,0.0,,,90.0,,,0.0,,,,,,,,,,,,,,,,0.0,,,,,,
2013-14,3965735,34,6,Tottenham_Hotspur,Away,43192,55422.0,Gylfi Sigurðsson,gylfi-sigursson,M,True,,,,,,,,,,,,,,,,,,0.0,0.0,,,12.0,,,0.0,,,,,,,,,,,,,,,,0.0,,,,,,
2013-14,3965735,34,6,Tottenham_Hotspur,Away,47992,60252.0,Andros Townsend,andros-townsend,F,True,,,,,,,,,,,,,,,,,,0.0,0.0,,,5.0,,,0.0,,,,,,,,,,,,,,,,0.0,,,,,,
2013-14,3965735,34,6,Tottenham_Hotspur,Away,69295,62305.0,Vlad Chiricheş,vlad-chiriches,M,False,,,,,,,,,,,,,,,,,,0.0,0.0,,,45.0,,,0.0,,,,,,,,,,,,,,,,0.0,,,,,,
2013-14,3965735,34,6,Tottenham_Hotspur,Away,105734,80607.0,Christian Eriksen,christian-eriksen,M,False,,,,,,,,,,,,,,,,,,0.0,1.0,,,90.0,,,0.0,,,,,,,,,,,,,,,,0.0,,,,,,
2013-14,3965735,34,6,Tottenham_Hotspur,Away,108579,78830.0,Harry Kane,harry-kane,F,False,,,,,,,,,,,,,,,,,,0.0,1.0,,,90.0,,,0.0,,,,,,,,,,,,,,,,0.0,,,,,,
2013-14,3965735,34,6,Tottenham_Hotspur,Away,115183,100534.0,Paulinho,paulinho,M,False,,,,,,,,,,,,,,,,,,0.0,0.0,,,90.0,,,0.0,,,,,,,,,,,,,,,,0.0,,,,,,
2013-14,3965735,34,6,Tottenham_Hotspur,Away,137756,,Zeki Fryers,zeki-fryers,D,True,,,,,,,,,,,,,,,,,,0.0,0.0,,,45.0,,,0.0,,,,,,,,,,,,,,,,0.0,,,,,,
2013-14,3965735,34,6,Tottenham_Hotspur,Away,227224,153265.0,Miloš Veljković,milos-veljkovic,D,True,,,,,,,,,,,,,,,,,,,,,,,,,,,,,,,,,,,,,,,,,,,,,,,
2013-14,3965735,34,6,Tottenham_Hotspur,Away,368120,126407.0,Nabil Bentaleb,nabil-bentaleb,M,True,,,,,,,,,,,,,,,,,,,,,,,,,,,,,,,,,,,,,,,,,,,,,,,
2013-14,3965735,34,6,Tottenham_Hotspur,Away,545780,157668.0,Harry Winks,harry-winks,M,True,,,,,,,,,,,,,,,,,,,,,,,,,,,,,,,,,,,,,,,,,,,,,,,
2013-14,3965753,35,6,Tottenham_Hotspur,Home,597,1803.0,Brad Friedel,brad-friedel,G,True,,,,,,,,,,,,,,,,,,,,,,,,,,,,,,,,,,,,,,,,,,,,,,,
2013-14,3965753,35,6,Tottenham_Hotspur,Home,1018,37742.0,Younès Kaboul,younes-kaboul,D,False,,,,,,,,,,,,,,,,,,0.0,1.0,,,90.0,,,0.0,,,,,,,,,,,,,,,,0.0,,,,,,
2013-14,3965753,35,6,Tottenham_Hotspur,Home,3094,17500.0,Emmanuel Adebayor,emmanuel-adebayor,F,False,,,,,,,,,,,,,,,,,,0.0,0.0,,,90.0,,,0.0,,,,,,,,,,,,,,,,0.0,,,,,,
2013-14,3965753,35,6,Tottenham_Hotspur,Home,9048,37915.0,Hugo Lloris,hugo-lloris,G,False,,,,,,,,,,,,,,,,,,0.0,0.0,,,90.0,,,0.0,,,,,,,,,,,,,,,,0.0,,,,,,
2013-14,3965753,35,6,Tottenham_Hotspur,Home,9692,17349.0,Aaron Lennon,aaron-lennon,M,False,,,,,,,,,,,,,,,,,,1.0,0.0,,,90.0,,,0.0,,,,,,,,,,,,,,,,0.0,,,,,,
2013-14,3965753,35,6,Tottenham_Hotspur,Home,9865,39104.0,Mousa Dembélé,mousa-dembele,M,True,,,,,,,,,,,,,,,,,,0.0,0.0,,,23.0,,,0.0,,,,,,,,,,,,,,,,0.0,,,,,,
2013-14,3965753,35,6,Tottenham_Hotspur,Home,13208,17926.0,Roberto Soldado,roberto-soldado,F,True,,,,,,,,,,,,,,,,,,0.0,0.0,,,11.0,,,0.0,,,,,,,,,,,,,,,,0.0,,,,,,
2013-14,3965753,35,6,Tottenham_Hotspur,Home,16586,38290.0,Danny Rose,danny-rose,D,False,,,,,,,,,,,,,,,,,,0.0,0.0,,,90.0,,,0.0,,,,,,,,,,,,,,,,0.0,,,,,,
2013-14,3965753,35,6,Tottenham_Hotspur,Home,32492,54908.0,Nacer Chadli,nacer-chadli,M,False,,,,,,,,,,,,,,,,,,0.0,0.0,,,67.0,,,0.0,,,,,,,,,,,,,,,,0.0,,,,,,
2013-14,3965753,35,6,Tottenham_Hotspur,Home,32821,49539.0,Kyle Naughton,kyle-naughton,D,False,,,,,,,,,,,,,,,,,,0.0,0.0,,,90.0,,,0.0,,,,,,,,,,,,,,,,0.0,,,,,,
2013-14,3965753,35,6,Tottenham_Hotspur,Home,43192,55422.0,Gylfi Sigurðsson,gylfi-sigursson,M,True,,,,,,,,,,,,,,,,,,,,,,,,,,,,,,,,,,,,,,,,,,,,,,,
2013-14,3965753,35,6,Tottenham_Hotspur,Home,47992,60252.0,Andros Townsend,andros-townsend,F,True,,,,,,,,,,,,,,,,,,0.0,0.0,,,5.0,,,0.0,,,,,,,,,,,,,,,,0.0,,,,,,
2013-14,3965753,35,6,Tottenham_Hotspur,Home,69295,62305.0,Vlad Chiricheş,vlad-chiriches,M,True,,,,,,,,,,,,,,,,,,,,,,,,,,,,,,,,,,,,,,,,,,,,,,,
2013-14,3965753,35,6,Tottenham_Hotspur,Home,105734,80607.0,Christian Eriksen,christian-eriksen,M,False,,,,,,,,,,,,,,,,,,2.0,0.0,,,85.0,,,0.0,,,,,,,,,,,,,,,,0.0,,,,,,
2013-14,3965753,35,6,Tottenham_Hotspur,Home,108579,78830.0,Harry Kane,harry-kane,F,False,,,,,,,,,,,,,,,,,,0.0,1.0,,,79.0,,,0.0,,,,,,,,,,,,,,,,0.0,,,,,,
2013-14,3965753,35,6,Tottenham_Hotspur,Home,115183,100534.0,Paulinho,paulinho,M,False,,,,,,,,,,,,,,,,,,0.0,1.0,,,90.0,,,0.0,,,,,,,,,,,,,,,,0.0,,,,,,
2013-14,3965753,35,6,Tottenham_Hotspur,Home,137756,,Zeki Fryers,zeki-fryers,D,False,,,,,,,,,,,,,,,,,,0.0,0.0,,,90.0,,,0.0,,,,,,,,,,,,,,,,0.0,,,,,,
2013-14,3965753,35,6,Tottenham_Hotspur,Home,368120,126407.0,Nabil Bentaleb,nabil-bentaleb,M,True,,,,,,,,,,,,,,,,,,,,,,,,,,,,,,,,,,,,,,,,,,,,,,,
2013-14,3965769,36,6,Tottenham_Hotspur,Away,597,1803.0,Brad Friedel,brad-friedel,G,True,,,,,,,,,,,,,,,,,,,,,,,,,,,,,,,,,,,,,,,,,,,,,,,
2013-14,3965769,36,6,Tottenham_Hotspur,Away,927,12679.0,Michael Dawson,michael-dawson,D,False,,,,,,,,,,,,,,,,,,0.0,0.0,,,90.0,,,0.0,,,,,,,,,,,,,,,,0.0,,,,,,
2013-14,3965769,36,6,Tottenham_Hotspur,Away,1018,37742.0,Younès Kaboul,younes-kaboul,D,False,,,,,,,,,,,,,,,,,,0.0,0.0,,,90.0,,,0.0,,,,,,,,,,,,,,,,0.0,,,,,,
2013-14,3965769,36,6,Tottenham_Hotspur,Away,3094,17500.0,Emmanuel Adebayor,emmanuel-adebayor,F,False,,,,,,,,,,,,,,,,,,1.0,0.0,,,90.0,,,0.0,,,,,,,,,,,,,,,,0.0,,,,,,
2013-14,3965769,36,6,Tottenham_Hotspur,Away,9048,37915.0,Hugo Lloris,hugo-lloris,G,False,,,,,,,,,,,,,,,,,,0.0,0.0,,,90.0,,,0.0,,,,,,,,,,,,,,,,0.0,,,,,,
2013-14,3965769,36,6,Tottenham_Hotspur,Away,9692,17349.0,Aaron Lennon,aaron-lennon,M,False,,,,,,,,,,,,,,,,,,0.0,0.0,,,78.0,,,0.0,,,,,,,,,,,,,,,,0.0,,,,,,
2013-14,3965769,36,6,Tottenham_Hotspur,Away,13208,17926.0,Roberto Soldado,roberto-soldado,F,True,,,,,,,,,,,,,,,,,,,,,,,,,,,,,,,,,,,,,,,,,,,,,,,
2013-14,3965769,36,6,Tottenham_Hotspur,Away,16586,38290.0,Danny Rose,danny-rose,D,False,,,,,,,,,,,,,,,,,,0.0,1.0,,,69.0,,,0.0,,,,,,,,,,,,,,,,0.0,,,,,,
2013-14,3965769,36,6,Tottenham_Hotspur,Away,32492,54908.0,Nacer Chadli,nacer-chadli,M,False,,,,,,,,,,,,,,,,,,0.0,0.0,,,73.0,,,0.0,,,,,,,,,,,,,,,,0.0,,,,,,
2013-14,3965769,36,6,Tottenham_Hotspur,Away,32821,49539.0,Kyle Naughton,kyle-naughton,D,False,,,,,,,,,,,,,,,,,,0.0,0.0,,,90.0,,,0.0,,,,,,,,,,,,,,,,0.0,,,,,,
2013-14,3965769,36,6,Tottenham_Hotspur,Away,43192,55422.0,Gylfi Sigurðsson,gylfi-sigursson,M,True,,,,,,,,,,,,,,,,,,0.0,0.0,,,17.0,,,0.0,,,,,,,,,,,,,,,,0.0,,,,,,
2013-14,3965769,36,6,Tottenham_Hotspur,Away,43301,52876.0,Sandro,sandro,M,True,,,,,,,,,,,,,,,,,,,,,,,,,,,,,,,,,,,,,,,,,,,,,,,
2013-14,3965769,36,6,Tottenham_Hotspur,Away,47992,60252.0,Andros Townsend,andros-townsend,F,True,,,,,,,,,,,,,,,,,,0.0,0.0,,,12.0,,,0.0,,,,,,,,,,,,,,,,0.0,,,,,,
2013-14,3965769,36,6,Tottenham_Hotspur,Away,105734,80607.0,Christian Eriksen,christian-eriksen,M,False,,,,,,,,,,,,,,,,,,0.0,0.0,,,90.0,,,0.0,,,,,,,,,,,,,,,,0.0,,,,,,
2013-14,3965769,36,6,Tottenham_Hotspur,Away,108579,78830.0,Harry Kane,harry-kane,F,False,,,,,,,,,,,,,,,,,,0.0,0.0,,,90.0,,,0.0,,,,,,,,,,,,,,,,0.0,,,,,,
2013-14,3965769,36,6,Tottenham_Hotspur,Away,115183,100534.0,Paulinho,paulinho,M,False,,,,,,,,,,,,,,,,,,0.0,0.0,,,90.0,,,0.0,,,,,,,,,,,,,,,,0.0,,,,,,
2013-14,3965769,36,6,Tottenham_Hotspur,Away,137756,,Zeki Fryers,zeki-fryers,D,True,,,,,,,,,,,,,,,,,,0.0,0.0,,,21.0,,,0.0,,,,,,,,,,,,,,,,0.0,,,,,,
2013-14,3965769,36,6,Tottenham_Hotspur,Away,368120,126407.0,Nabil Bentaleb,nabil-bentaleb,M,True,,,,,,,,,,,,,,,,,,,,,,,,,,,,,,,,,,,,,,,,,,,,,,,
2013-14,3965795,37,6,Tottenham_Hotspur,Away,597,1803.0,Brad Friedel,brad-friedel,G,True,,,,,,,,,,,,,,,,,,,,,,,,,,,,,,,,,,,,,,,,,,,,,,,
2013-14,3965795,37,6,Tottenham_Hotspur,Away,927,12679.0,Michael Dawson,michael-dawson,D,False,,,,,,,,,,,,,,,,,,0.0,0.0,,,90.0,,,0.0,,,,,,,,,,,,,,,,0.0,,,,,,
2013-14,3965795,37,6,Tottenham_Hotspur,Away,1018,37742.0,Younès Kaboul,younes-kaboul,D,False,,,,,,,,,,,,,,,,,,0.0,0.0,,,25.0,,,0.0,,,,,,,,,,,,,,,,0.0,,,,,,
2013-14,3965795,37,6,Tottenham_Hotspur,Away,3094,17500.0,Emmanuel Adebayor,emmanuel-adebayor,F,False,,,,,,,,,,,,,,,,,,0.0,0.0,,,90.0,,,0.0,,,,,,,,,,,,,,,,0.0,,,,,,
2013-14,3965795,37,6,Tottenham_Hotspur,Away,9048,37915.0,Hugo Lloris,hugo-lloris,G,False,,,,,,,,,,,,,,,,,,0.0,0.0,,,90.0,,,0.0,,,,,,,,,,,,,,,,0.0,,,,,,
2013-14,3965795,37,6,Tottenham_Hotspur,Away,9692,17349.0,Aaron Lennon,aaron-lennon,M,False,,,,,,,,,,,,,,,,,,0.0,0.0,,,90.0,,,0.0,,,,,,,,,,,,,,,,0.0,,,,,,
2013-14,3965795,37,6,Tottenham_Hotspur,Away,13208,17926.0,Roberto Soldado,roberto-soldado,F,True,,,,,,,,,,,,,,,,,,0.0,0.0,,,24.0,,,0.0,,,,,,,,,,,,,,,,0.0,,,,,,
2013-14,3965795,37,6,Tottenham_Hotspur,Away,16586,38290.0,Danny Rose,danny-rose,D,False,,,,,,,,,,,,,,,,,,0.0,0.0,,,90.0,,,0.0,,,,,,,,,,,,,,,,0.0,,,,,,
2013-14,3965795,37,6,Tottenham_Hotspur,Away,32821,49539.0,Kyle Naughton,kyle-naughton,D,False,,,,,,,,,,,,,,,,,,0.0,0.0,,,90.0,,,0.0,,,,,,,,,,,,,,,,0.0,,,,,,
2013-14,3965795,37,6,Tottenham_Hotspur,Away,43192,55422.0,Gylfi Sigurðsson,gylfi-sigursson,M,False,,,,,,,,,,,,,,,,,,0.0,0.0,,,66.0,,,0.0,,,,,,,,,,,,,,,,0.0,,,,,,
2013-14,3965795,37,6,Tottenham_Hotspur,Away,43301,52876.0,Sandro,sandro,M,True,,,,,,,,,,,,,,,,,,0.0,0.0,,,25.0,,,0.0,,,,,,,,,,,,,,,,0.0,,,,,,
2013-14,3965795,37,6,Tottenham_Hotspur,Away,69295,62305.0,Vlad Chiricheş,vlad-chiriches,M,True,,,,,,,,,,,,,,,,,,0.0,0.0,,,62.0,,,0.0,,,,,,,,,,,,,,,,0.0,,,,,,
2013-14,3965795,37,6,Tottenham_Hotspur,Away,105734,80607.0,Christian Eriksen,christian-eriksen,M,False,,,,,,,,,,,,,,,,,,0.0,0.0,,,90.0,,,0.0,,,,,,,,,,,,,,,,0.0,,,,,,
2013-14,3965795,37,6,Tottenham_Hotspur,Away,108579,78830.0,Harry Kane,harry-kane,F,False,,,,,,,,,,,,,,,,,,0.0,0.0,,,28.0,,,1.0,,,,,,,,,,,,,,,,0.0,,,,,,
2013-14,3965795,37,6,Tottenham_Hotspur,Away,115183,100534.0,Paulinho,paulinho,M,False,,,,,,,,,,,,,,,,,,0.0,0.0,,,65.0,,,0.0,,,,,,,,,,,,,,,,0.0,,,,,,
2013-14,3965795,37,6,Tottenham_Hotspur,Away,137756,,Zeki Fryers,zeki-fryers,D,True,,,,,,,,,,,,,,,,,,,,,,,,,,,,,,,,,,,,,,,,,,,,,,,
2013-14,3965795,37,6,Tottenham_Hotspur,Away,180009,106450.0,Alex Pritchard,alex-pritchard,M,True,,,,,,,,,,,,,,,,,,,,,,,,,,,,,,,,,,,,,,,,,,,,,,,
2013-14,3965795,37,6,Tottenham_Hotspur,Away,368120,126407.0,Nabil Bentaleb,nabil-bentaleb,M,True,,,,,,,,,,,,,,,,,,,,,,,,,,,,,,,,,,,,,,,,,,,,,,,
2013-14,3965813,38,6,Tottenham_Hotspur,Home,597,1803.0,Brad Friedel,brad-friedel,G,True,,,,,,,,,,,,,,,,,,,,,,,,,,,,,,,,,,,,,,,,,,,,,,,
2013-14,3965813,38,6,Tottenham_Hotspur,Home,927,12679.0,Michael Dawson,michael-dawson,D,False,,,,,,,,,,,,,,,,,,0.0,0.0,,,90.0,,,0.0,,,,,,,,,,,,,,,,0.0,,,,,,
2013-14,3965813,38,6,Tottenham_Hotspur,Home,3094,17500.0,Emmanuel Adebayor,emmanuel-adebayor,F,False,,,,,,,,,,,,,,,,,,0.0,1.0,,,90.0,,,0.0,,,,,,,,,,,,,,,,0.0,,,,,,
2013-14,3965813,38,6,Tottenham_Hotspur,Home,9048,37915.0,Hugo Lloris,hugo-lloris,G,False,,,,,,,,,,,,,,,,,,0.0,0.0,,,90.0,,,0.0,,,,,,,,,,,,,,,,0.0,,,,,,
2013-14,3965813,38,6,Tottenham_Hotspur,Home,13208,17926.0,Roberto Soldado,roberto-soldado,F,True,,,,,,,,,,,,,,,,,,,,,,,,,,,,,,,,,,,,,,,,,,,,,,,
2013-14,3965813,38,6,Tottenham_Hotspur,Home,16586,38290.0,Danny Rose,danny-rose,D,False,,,,,,,,,,,,,,,,,,0.0,0.0,,,90.0,,,0.0,,,,,,,,,,,,,,,,0.0,,,,,,
2013-14,3965813,38,6,Tottenham_Hotspur,Home,16701,38439.0,Étienne Capoue,etienne-capoue,M,True,,,,,,,,,,,,,,,,,,,,,,,,,,,,,,,,,,,,,,,,,,,,,,,
2013-14,3965813,38,6,Tottenham_Hotspur,Home,32821,49539.0,Kyle Naughton,kyle-naughton,D,False,,,,,,,,,,,,,,,,,,0.0,0.0,,,90.0,,,0.0,,,,,,,,,,,,,,,,0.0,,,,,,
2013-14,3965813,38,6,Tottenham_Hotspur,Home,43192,55422.0,Gylfi Sigurðsson,gylfi-sigursson,M,False,,,,,,,,,,,,,,,,,,0.0,0.0,,,83.0,,,0.0,,,,,,,,,,,,,,,,0.0,,,,,,
2013-14,3965813,38,6,Tottenham_Hotspur,Home,43301,52876.0,Sandro,sandro,M,False,,,,,,,,,,,,,,,,,,0.0,0.0,,,62.0,,,0.0,,,,,,,,,,,,,,,,0.0,,,,,,
2013-14,3965813,38,6,Tottenham_Hotspur,Home,69295,62305.0,Vlad Chiricheş,vlad-chiriches,M,False,,,,,,,,,,,,,,,,,,0.0,0.0,,,90.0,,,0.0,,,,,,,,,,,,,,,,0.0,,,,,,
2013-14,3965813,38,6,Tottenham_Hotspur,Home,105734,80607.0,Christian Eriksen,christian-eriksen,M,False,,,,,,,,,,,,,,,,,,0.0,0.0,,,90.0,,,0.0,,,,,,,,,,,,,,,,0.0,,,,,,
2013-14,3965813,38,6,Tottenham_Hotspur,Home,108579,78830.0,Harry Kane,harry-kane,F,False,,,,,,,,,,,,,,,,,,0.0,0.0,,,90.0,,,0.0,,,,,,,,,,,,,,,,0.0,,,,,,
2013-14,3965813,38,6,Tottenham_Hotspur,Home,115183,100534.0,Paulinho,paulinho,M,False,,,,,,,,,,,,,,,,,,0.0,1.0,,,75.0,,,0.0,,,,,,,,,,,,,,,,0.0,,,,,,
2013-14,3965813,38,6,Tottenham_Hotspur,Home,137756,,Zeki Fryers,zeki-fryers,D,True,,,,,,,,,,,,,,,,,,,,,,,,,,,,,,,,,,,,,,,,,,,,,,,
2013-14,3965813,38,6,Tottenham_Hotspur,Home,180009,106450.0,Alex Pritchard,alex-pritchard,M,True,,,,,,,,,,,,,,,,,,0.0,0.0,,,7.0,,,0.0,,,,,,,,,,,,,,,,0.0,,,,,,
2013-14,3965813,38,6,Tottenham_Hotspur,Home,227224,153265.0,Miloš Veljković,milos-veljkovic,D,True,,,,,,,,,,,,,,,,,,0.0,0.0,,,28.0,,,0.0,,,,,,,,,,,,,,,,0.0,,,,,,
2013-14,3965813,38,6,Tottenham_Hotspur,Home,368120,126407.0,Nabil Bentaleb,nabil-bentaleb,M,True,,,,,,,,,,,,,,,,,,0.0,0.0,,,15.0,,,0.0,,,,,,,,,,,,,,,,0.0,,,,,,
