season,matchId,gameweek,team_id,team,venue,playerId,pl_code,playerName,slug,position,substitute,accurateCross,accurateKeeperSweeper,accurateLongBalls,accurateOppositionHalfPasses,accurateOwnHalfPasses,accuratePass,aerialLost,aerialWon,ballRecovery,bigChanceCreated,bigChanceMissed,blockedScoringAttempt,challengeLost,clearanceOffLine,crossNotClaimed,dispossessed,duelLost,duelWon,errorLeadToAGoal,errorLeadToAShot,fouls,goalAssist,goals,goodHighClaim,hitWoodwork,interceptionWon,keyPass,lastManTackle,minutesPlayed,onTargetScoringAttempt,outfielderBlock,ownGoals,penaltyConceded,penaltyFaced,penaltyWon,punches,rating,savedShotsFromInsideTheBox,saves,shotOffTarget,substitute.1,totalClearance,totalContest,totalCross,totalKeeperSweeper,totalLongBalls,totalOffside,totalOppositionHalfPasses,totalOwnHalfPasses,totalPass,totalShots,totalTackle,touches,unsuccessfulTouch,wasFouled,wonContest
2015-16,6767929,1,6,Tottenham_Hotspur,Away,9048,37915,Hugo Lloris,hugo-lloris,G,True,,,,,,,,,,,,,,,,,,,,,,,,,,,,,,,,,,,,,,,,,,,,,,,,,,,0,,,,,
2015-16,6767929,1,6,Tottenham_Hotspur,Away,9865,39104,Mousa Dembélé,mousa-dembele,M,False,,,1.0,6.0,25.0,31.0,2.0,2.0,10.0,,,,,,,5.0,10.0,8.0,,,3.0,,,,,1.0,,,68.0,,,,,,,,6.5,,,,,1.0,,1.0,,2.0,1.0,9.0,26.0,34.0,0,5.0,49.0,,1.0,
2015-16,6767929,1,6,Tottenham_Hotspur,Away,16921,39194,Jan Vertonghen,jan-vertonghen,D,False,,,4.0,14.0,42.0,56.0,1.0,1.0,5.0,,,,,,,,2.0,2.0,,,1.0,,,,,3.0,,,90.0,,1.0,,,,,,6.8,,,,,2.0,,,,5.0,,18.0,42.0,60.0,0,1.0,68.0,1.0,,
2015-16,6767929,1,6,Tottenham_Hotspur,Away,16944,39215,Michel Vorm,michel-vorm,G,False,,,8.0,,42.0,42.0,,,8.0,,,,,,,,,,,,,,,1.0,,,,,90.0,,,,,,,,6.6,1.0,1.0,,,,,,,11.0,,1.0,44.0,45.0,0,,51.0,,,
2015-16,6767929,1,6,Tottenham_Hotspur,Away,32492,54908,Nacer Chadli,nacer-chadli,M,False,,,,9.0,11.0,20.0,,,6.0,,,,,,,1.0,4.0,2.0,,,2.0,,,,,2.0,,,90.0,,,,,,,,6.5,,,,,,1.0,,,1.0,1.0,13.0,13.0,26.0,0,1.0,36.0,1.0,1.0,
2015-16,6767929,1,6,Tottenham_Hotspur,Away,44567,58791,Ryan Mason,ryan-mason,M,True,,,3.0,12.0,5.0,17.0,,1.0,4.0,,,,,,,,1.0,4.0,,,,,,,,,,,37.0,,,,,,,,6.7,,,,,,1.0,1.0,,5.0,,15.0,5.0,19.0,0,1.0,25.0,1.0,2.0,
2015-16,6767929,1,6,Tottenham_Hotspur,Away,44575,55605,Toby Alderweireld,toby-alderweireld,D,False,,,8.0,11.0,47.0,58.0,1.0,1.0,3.0,,,1.0,1.0,,,,4.0,4.0,,,2.0,,,,,6.0,1.0,,90.0,1.0,,,,,,,7.7,,,,,7.0,2.0,1.0,,19.0,,23.0,48.0,70.0,2,1.0,90.0,,,2.0
2015-16,6767929,1,6,Tottenham_Hotspur,Away,44614,58621,Kyle Walker,kyle-walker,D,False,,,2.0,13.0,13.0,26.0,,1.0,7.0,,,,,,,,1.0,11.0,,,,,,,,5.0,,,90.0,1.0,1.0,1.0,,,,,7.7,,,,,4.0,1.0,,,11.0,,18.0,21.0,39.0,1,8.0,80.0,2.0,2.0,
2015-16,6767929,1,6,Tottenham_Hotspur,Away,69256,77794,Kieran Trippier,kieran-trippier,D,True,,,,,,,,,,,,,,,,,,,,,,,,,,,,,,,,,,,,,,,,,,,,,,,,,,,0,,,,,
2015-16,6767929,1,6,Tottenham_Hotspur,Away,94758,115556,Ben Davies,ben-davies,D,False,,,2.0,9.0,11.0,20.0,,2.0,3.0,,,,,,,,1.0,3.0,,,1.0,,,,,3.0,,,90.0,,,,,,,,6.8,,,,,6.0,1.0,3.0,,4.0,,17.0,13.0,27.0,0,,49.0,,,1.0
2015-16,6767929,1,6,Tottenham_Hotspur,Away,105734,80607,Christian Eriksen,christian-eriksen,M,False,2.0,,3.0,23.0,9.0,30.0,,,7.0,,1.0,,,,,2.0,4.0,5.0,,,,,,,,1.0,4.0,,90.0,2.0,,,,,,,7.2,,,1.0,,,2.0,5.0,,5.0,,36.0,12.0,43.0,3,2.0,66.0,2.0,3.0,
2015-16,6767929,1,6,Tottenham_Hotspur,Away,108579,78830,Harry Kane,harry-kane,F,False,,,,16.0,3.0,19.0,1.0,2.0,2.0,1.0,,2.0,,,,2.0,7.0,7.0,,,1.0,,,,,,1.0,,90.0,,,,,,,,7.3,,,1.0,,,6.0,,,1.0,,26.0,3.0,29.0,3,1.0,45.0,,1.0,3.0
2015-16,6767929,1,6,Tottenham_Hotspur,Away,122702,62974,Erik Lamela,erik-lamela,M,True,,,1.0,3.0,2.0,5.0,,,1.0,,,,,,,2.0,2.0,3.0,,,,,,,,1.0,1.0,,22.0,,,,,,,,6.8,,,,,,,1.0,,1.0,,7.0,3.0,9.0,0,2.0,16.0,,1.0,
2015-16,6767929,1,6,Tottenham_Hotspur,Away,141203,97485,Kevin Wimmer,kevin-wimmer,D,True,,,,,,,,,,,,,,,,,,,,,,,,,,,,,,,,,,,,,,,,,,,,,,,,,,,0,,,,,
2015-16,6767929,1,6,Tottenham_Hotspur,Away,146101,93264,Eric Dier,eric-dier,D,False,,,1.0,9.0,25.0,34.0,2.0,,3.0,,,,1.0,,,,4.0,4.0,,,1.0,,,,,2.0,,,77.0,,,,,,,,6.8,,,,,,,,,6.0,,13.0,30.0,43.0,0,4.0,49.0,,,
2015-16,6767929,1,6,Tottenham_Hotspur,Away,198028,108823,Dele Alli,dele-alli,M,True,,,,2.0,1.0,3.0,1.0,,2.0,,,,,,,,2.0,1.0,,,1.0,,,,,4.0,,,13.0,,,,,,,,6.8,,,,,,,,,1.0,,4.0,1.0,5.0,0,,11.0,,1.0,
2015-16,6767929,1,6,Tottenham_Hotspur,Away,368120,126407,Nabil Bentaleb,nabil-bentaleb,M,False,,,,8.0,22.0,30.0,,1.0,5.0,,,,,,,1.0,1.0,1.0,,1.0,,,,,,1.0,,,53.0,,2.0,,,,,,6.2,,,,,,,,,2.0,,14.0,24.0,38.0,0,,44.0,2.0,,
2015-16,6767929,1,6,Tottenham_Hotspur,Away,801460,93464,Tom Carroll,carroll-tom,M,True,,,,,,,,,,,,,,,,,,,,,,,,,,,,,,,,,,,,,,,,,,,,,,,,,,,0,,,,,
2015-16,6767954,2,6,Tottenham_Hotspur,Home,9048,37915,Hugo Lloris,hugo-lloris,G,False,,,3.0,1.0,19.0,20.0,,1.0,8.0,,,,,,,,,1.0,,1.0,,,,1.0,,,,,90.0,,,,,,,1.0,6.7,4.0,5.0,,,1.0,,,,20.0,,15.0,23.0,38.0,0,,49.0,,,
2015-16,6767954,2,6,Tottenham_Hotspur,Home,9865,39104,Mousa Dembélé,mousa-dembele,M,False,,,2.0,29.0,27.0,56.0,,1.0,4.0,,,1.0,1.0,,,1.0,3.0,10.0,,,,,,,,3.0,,,90.0,1.0,,,,,,,7.6,,,,,,4.0,,,2.0,,36.0,27.0,63.0,2,5.0,81.0,1.0,1.0,3.0
2015-16,6767954,2,6,Tottenham_Hotspur,Home,16586,38290,Danny Rose,danny-rose,D,True,,,,,,,,,,,,,,,,,,,,,,,,,,,,,,,,,,,,,,,,,,,,,,,,,,,0,,,,,
2015-16,6767954,2,6,Tottenham_Hotspur,Home,16921,39194,Jan Vertonghen,jan-vertonghen,D,False,,,3.0,8.0,38.0,46.0,1.0,4.0,3.0,,,,,,,,1.0,5.0,,,,,,,,2.0,,,90.0,,,,,,,,6.7,,,,,5.0,,,,7.0,,12.0,40.0,52.0,0,,60.0,,1.0,
2015-16,6767954,2,6,Tottenham_Hotspur,Home,16944,39215,Michel Vorm,michel-vorm,G,True,,,,,,,,,,,,,,,,,,,,,,,,,,,,,,,,,,,,,,,,,,,,,,,,,,,0,,,,,
2015-16,6767954,2,6,Tottenham_Hotspur,Home,32492,54908,Nacer Chadli,nacer-chadli,M,False,1.0,,1.0,17.0,12.0,28.0,1.0,1.0,4.0,1.0,1.0,,1.0,,,1.0,7.0,2.0,,,4.0,,1.0,,,,2.0,,90.0,1.0,,,,,,,6.9,,,,,2.0,1.0,1.0,,1.0,2.0,21.0,12.0,32.0,1,,43.0,3.0,,1.0
2015-16,6767954,2,6,Tottenham_Hotspur,Home,44567,58791,Ryan Mason,ryan-mason,M,False,,,3.0,13.0,27.0,40.0,,1.0,3.0,,1.0,1.0,2.0,,,1.0,4.0,4.0,,,,,,,,2.0,1.0,,69.0,1.0,2.0,,,,,,6.9,,,1.0,,1.0,2.0,,,7.0,,19.0,29.0,48.0,3,2.0,64.0,2.0,,1.0
2015-16,6767954,2,6,Tottenham_Hotspur,Home,44575,55605,Toby Alderweireld,toby-alderweireld,D,False,,,5.0,8.0,42.0,50.0,2.0,2.0,1.0,,,,,,,,3.0,3.0,,,1.0,,,,,1.0,,,90.0,,,,1.0,,,,6.0,,,,,1.0,,,,14.0,,14.0,47.0,61.0,0,1.0,65.0,,,
2015-16,6767954,2,6,Tottenham_Hotspur,Home,44614,58621,Kyle Walker,kyle-walker,D,False,,,1.0,9.0,21.0,30.0,,1.0,10.0,,,,1.0,,,1.0,7.0,7.0,,,1.0,,,,,3.0,,,90.0,,,,,,,,6.0,,,,,2.0,4.0,2.0,,5.0,,13.0,26.0,37.0,0,2.0,70.0,1.0,4.0,
2015-16,6767954,2,6,Tottenham_Hotspur,Home,69256,77794,Kieran Trippier,kieran-trippier,D,True,,,,,,,,,,,,,,,,,,,,,,,,,,,,,,,,,,,,,,,,,,,,,,,,,,,0,,,,,
2015-16,6767954,2,6,Tottenham_Hotspur,Home,94758,115556,Ben Davies,ben-davies,D,False,1.0,,3.0,17.0,9.0,25.0,2.0,1.0,,1.0,,1.0,1.0,,,1.0,7.0,4.0,,,2.0,1.0,,,,2.0,1.0,,90.0,,,,,,,,6.7,,,,,4.0,1.0,3.0,,5.0,,24.0,9.0,30.0,1,1.0,63.0,,2.0,
2015-16,6767954,2,6,Tottenham_Hotspur,Home,105734,80607,Christian Eriksen,christian-eriksen,M,False,1.0,,3.0,30.0,7.0,36.0,1.0,,8.0,1.0,,,,,,1.0,2.0,3.0,,,,1.0,,,,1.0,2.0,,90.0,2.0,,,,,,,7.8,,,1.0,,,2.0,6.0,,6.0,,43.0,7.0,44.0,3,1.0,64.0,,,2.0
2015-16,6767954,2,6,Tottenham_Hotspur,Home,108579,78830,Harry Kane,harry-kane,F,False,,,,5.0,5.0,10.0,5.0,,2.0,1.0,1.0,,1.0,,,,9.0,3.0,,,1.0,,,,,1.0,2.0,,64.0,1.0,,,,,,,6.7,,,,,,3.0,,,2.0,1.0,9.0,7.0,16.0,1,1.0,26.0,1.0,1.0,1.0
2015-16,6767954,2,6,Tottenham_Hotspur,Home,122702,62974,Erik Lamela,erik-lamela,M,True,,,,4.0,2.0,6.0,1.0,,4.0,,,1.0,2.0,,,2.0,9.0,2.0,,,3.0,,,,,,,,26.0,,,,,,,,5.8,,,,,,1.0,2.0,,,,7.0,3.0,8.0,1,2.0,18.0,,,
2015-16,6767954,2,6,Tottenham_Hotspur,Home,146101,93264,Eric Dier,eric-dier,D,False,,,2.0,23.0,28.0,51.0,,3.0,1.0,,,,,,,,3.0,7.0,,,3.0,,1.0,,,1.0,2.0,,90.0,1.0,,,,,,,7.6,,,,,1.0,1.0,,,4.0,,28.0,32.0,60.0,1,1.0,71.0,1.0,2.0,1.0
2015-16,6767954,2,6,Tottenham_Hotspur,Home,198028,108823,Dele Alli,dele-alli,M,True,,,,,,,,,,,,,,,,,,,,,,,,,,,,,,,,,,,,,,,,,,,,,,,,,,,0,,,,,
2015-16,6767954,2,6,Tottenham_Hotspur,Home,368120,126407,Nabil Bentaleb,nabil-bentaleb,M,True,,,1.0,4.0,5.0,9.0,,2.0,1.0,,,,,,,,1.0,2.0,,,,,,,,,,,21.0,,,,,,,,6.3,,,,,,1.0,,,1.0,,6.0,5.0,11.0,0,,13.0,,,
2015-16,6767954,2,6,Tottenham_Hotspur,Home,801460,93464,Tom Carroll,carroll-tom,M,True,,,,,,,,,,,,,,,,,,,,,,,,,,,,,,,,,,,,,,,,,,,,,,,,,,,0,,,,,
2015-16,6767958,3,6,Tottenham_Hotspur,Away,9048,37915,Hugo Lloris,hugo-lloris,G,False,,2.0,3.0,2.0,6.0,8.0,,,3.0,,,,,,,,,,,,,,,,,,1.0,,90.0,,,,,,,,6.6,1.0,1.0,,,2.0,,,2.0,9.0,,5.0,9.0,14.0,0,,18.0,,,
2015-16,6767958,3,6,Tottenham_Hotspur,Away,9865,39104,Mousa Dembélé,mousa-dembele,M,False,,,,26.0,11.0,37.0,1.0,1.0,6.0,,,,2.0,,,2.0,10.0,8.0,,,3.0,,,,,,1.0,,77.0,2.0,,,,,,,6.8,,,,,,6.0,,,1.0,,28.0,12.0,40.0,2,2.0,55.0,1.0,1.0,4.0
2015-16,6767958,3,6,Tottenham_Hotspur,Away,16586,38290,Danny Rose,danny-rose,D,True,,,,,,,,,,,,,,,,,,,,,,,,,,,,,,,,,,,,,,,,,,,,,,,,,,,0,,,,,
2015-16,6767958,3,6,Tottenham_Hotspur,Away,16921,39194,Jan Vertonghen,jan-vertonghen,D,False,1.0,,4.0,13.0,47.0,59.0,,7.0,9.0,,,,,,,,1.0,12.0,,,1.0,,,,,4.0,1.0,,90.0,,,,,,,,7.9,,,,,12.0,,1.0,,8.0,,21.0,49.0,69.0,0,4.0,92.0,,1.0,
2015-16,6767958,3,6,Tottenham_Hotspur,Away,16944,39215,Michel Vorm,michel-vorm,G,True,,,,,,,,,,,,,,,,,,,,,,,,,,,,,,,,,,,,,,,,,,,,,,,,,,,0,,,,,
2015-16,6767958,3,6,Tottenham_Hotspur,Away,32492,54908,Nacer Chadli,nacer-chadli,M,False,1.0,,4.0,21.0,10.0,30.0,4.0,3.0,6.0,1.0,1.0,1.0,1.0,,,1.0,6.0,3.0,,,,1.0,,,,,1.0,,90.0,,1.0,,,,,,7.3,,,4.0,,1.0,,1.0,,5.0,,24.0,10.0,33.0,5,,45.0,1.0,,
2015-16,6767958,3,6,Tottenham_Hotspur,Away,44567,58791,Ryan Mason,ryan-mason,M,False,,,7.0,36.0,24.0,60.0,,1.0,6.0,,,1.0,3.0,,,1.0,6.0,5.0,,,2.0,,,,,,1.0,,88.0,,,,,,,,6.9,,,1.0,,1.0,2.0,,,10.0,,44.0,27.0,71.0,2,1.0,81.0,2.0,1.0,2.0
2015-16,6767958,3,6,Tottenham_Hotspur,Away,44575,55605,Toby Alderweireld,toby-alderweireld,D,False,,,9.0,21.0,36.0,57.0,1.0,,3.0,,,1.0,,,,,1.0,,,,,,,,,1.0,,,90.0,,1.0,,,,,,7.1,,,,,8.0,,1.0,,13.0,,26.0,41.0,66.0,1,,78.0,,,
2015-16,6767958,3,6,Tottenham_Hotspur,Away,44614,58621,Kyle Walker,kyle-walker,D,False,,,2.0,36.0,13.0,49.0,,3.0,4.0,1.0,,,2.0,,,,3.0,4.0,,,,,,,,2.0,3.0,,90.0,1.0,,,,,,,7.0,,,,,2.0,2.0,4.0,,8.0,,46.0,17.0,59.0,1,,82.0,1.0,1.0,1.0
2015-16,6767958,3,6,Tottenham_Hotspur,Away,69256,77794,Kieran Trippier,kieran-trippier,D,True,,,,,,,,,,,,,,,,,,,,,,,,,,,,,,,,,,,,,,,,,,,,,,,,,,,0,,,,,
2015-16,6767958,3,6,Tottenham_Hotspur,Away,94758,115556,Ben Davies,ben-davies,D,False,,,2.0,21.0,16.0,37.0,4.0,4.0,1.0,,,,,,,1.0,9.0,5.0,,1.0,3.0,,,,,,,,90.0,,1.0,,,,,,6.1,,,,,10.0,2.0,4.0,,5.0,,32.0,18.0,46.0,0,,81.0,,,1.0
2015-16,6767958,3,6,Tottenham_Hotspur,Away,108579,78830,Harry Kane,harry-kane,F,False,,,,14.0,2.0,16.0,2.0,1.0,2.0,,,1.0,,,,3.0,8.0,6.0,,,1.0,,,,,,4.0,,90.0,1.0,,,,,,,7.3,,,2.0,,1.0,5.0,1.0,,1.0,,19.0,2.0,20.0,4,1.0,48.0,3.0,1.0,3.0
2015-16,6767958,3,6,Tottenham_Hotspur,Away,122702,62974,Erik Lamela,erik-lamela,M,False,3.0,,1.0,26.0,6.0,29.0,2.0,,4.0,,,,2.0,,,2.0,9.0,2.0,,,2.0,,,,,,5.0,,65.0,,1.0,,,,,,6.7,,,1.0,,,1.0,4.0,,1.0,,30.0,9.0,35.0,1,2.0,48.0,1.0,,
2015-16,6767958,3,6,Tottenham_Hotspur,Away,146101,93264,Eric Dier,eric-dier,D,False,,,,24.0,27.0,51.0,,5.0,2.0,,,,,,,1.0,2.0,7.0,,,1.0,,,,,1.0,,,90.0,,2.0,,,,,,6.9,,,1.0,,4.0,,,,,,28.0,29.0,57.0,1,1.0,68.0,,1.0,
2015-16,6767958,3,6,Tottenham_Hotspur,Away,198028,108823,Dele Alli,dele-alli,M,True,,,,4.0,2.0,6.0,2.0,,2.0,,,,,,,1.0,4.0,1.0,,,1.0,,1.0,,,,,,25.0,2.0,,,,,,,7.0,,,,,,,,,,,6.0,2.0,8.0,2,,12.0,,1.0,
2015-16,6767958,3,6,Tottenham_Hotspur,Away,361332,168765,Joshua Onomah,joshua-onomah,M,True,,,,,,,,,,,,,,,,,,,,,,,,,,,,,,,,,,,,,,,,,,,,,,,,,,,0,,,,,
2015-16,6767958,3,6,Tottenham_Hotspur,Away,368120,126407,Nabil Bentaleb,nabil-bentaleb,M,True,,,,,,,,,,,,,1.0,,,,1.0,,,,,,,,,,,,2.0,,,,,,,,,,,,,,,,,,,,,,0,,,,,
2015-16,6767958,3,6,Tottenham_Hotspur,Away,801460,93464,Tom Carroll,carroll-tom,M,True,,,,1.0,,1.0,,,,,,,,,,,,,,,,,,,,,,,13.0,,,,,,,,6.3,,,,,,,2.0,,,,6.0,1.0,5.0,0,,7.0,,,
2015-16,6768030,4,6,Tottenham_Hotspur,Home,9048,37915,Hugo Lloris,hugo-lloris,G,False,,,11.0,3.0,16.0,19.0,,,9.0,,,,,,,,,,,,,,,,,,,,90.0,,,,,,,,7.3,1.0,3.0,,,,,,,15.0,,6.0,18.0,24.0,0,,31.0,,,
2015-16,6768030,4,6,Tottenham_Hotspur,Home,9865,39104,Mousa Dembélé,mousa-dembele,M,False,,,,15.0,4.0,19.0,,,8.0,,,,,,,1.0,4.0,6.0,,,2.0,,,,,1.0,2.0,,53.0,,,,,,,,7.1,,,,,,2.0,,,1.0,,21.0,4.0,25.0,0,4.0,36.0,1.0,1.0,1.0
2015-16,6768030,4,6,Tottenham_Hotspur,Home,16586,38290,Danny Rose,danny-rose,D,False,1.0,,3.0,13.0,14.0,26.0,1.0,1.0,10.0,,,,1.0,,,2.0,6.0,8.0,,,2.0,,,,,2.0,1.0,,90.0,,,,,,,,7.3,,,1.0,,1.0,,4.0,,6.0,1.0,18.0,18.0,32.0,1,5.0,59.0,,2.0,
2015-16,6768030,4,6,Tottenham_Hotspur,Home,16921,39194,Jan Vertonghen,jan-vertonghen,D,False,,,1.0,13.0,28.0,41.0,2.0,1.0,6.0,,,,1.0,,,,5.0,5.0,,,1.0,,,,,2.0,,,90.0,,1.0,,,,,,7.3,,,1.0,,8.0,2.0,,,5.0,,17.0,29.0,46.0,1,2.0,65.0,1.0,1.0,1.0
2015-16,6768030,4,6,Tottenham_Hotspur,Home,16944,39215,Michel Vorm,michel-vorm,G,True,,,,,,,,,,,,,,,,,,,,,,,,,,,,,,,,,,,,,,,,,,,,,,,,,,,0,,,,,
2015-16,6768030,4,6,Tottenham_Hotspur,Home,32492,54908,Nacer Chadli,nacer-chadli,M,False,,,1.0,24.0,9.0,33.0,1.0,1.0,6.0,1.0,,1.0,,,,4.0,7.0,1.0,,,2.0,,,,,1.0,5.0,,90.0,,,,,,,,6.9,,,2.0,,,,3.0,,2.0,,29.0,10.0,36.0,3,,51.0,3.0,,
2015-16,6768030,4,6,Tottenham_Hotspur,Home,44567,58791,Ryan Mason,ryan-mason,M,False,1.0,,3.0,19.0,6.0,24.0,1.0,,4.0,1.0,2.0,2.0,1.0,,,,4.0,1.0,,,2.0,,,,,,4.0,,85.0,2.0,,,,,,,7.2,,,,,,,5.0,,4.0,,25.0,7.0,27.0,4,1.0,40.0,2.0,,
2015-16,6768030,4,6,Tottenham_Hotspur,Home,44575,55605,Toby Alderweireld,toby-alderweireld,D,False,,,2.0,11.0,26.0,37.0,1.0,4.0,2.0,,,,,,,,1.0,5.0,,,,,,,,,,,90.0,1.0,,,,,,,7.2,,,,,3.0,,1.0,,8.0,,19.0,29.0,47.0,1,1.0,53.0,,,
2015-16,6768030,4,6,Tottenham_Hotspur,Home,44614,58621,Kyle Walker,kyle-walker,D,False,1.0,,4.0,24.0,18.0,41.0,1.0,2.0,8.0,,,,,,,,2.0,5.0,,1.0,2.0,,,,,2.0,,,90.0,,,,,,,,7.0,,,,,,,4.0,,7.0,,31.0,22.0,49.0,0,1.0,67.0,,3.0,
2015-16,6768030,4,6,Tottenham_Hotspur,Home,69256,77794,Kieran Trippier,kieran-trippier,D,True,,,,,,,,,,,,,,,,,,,,,,,,,,,,,,,,,,,,,,,,,,,,,,,,,,,0,,,,,
2015-16,6768030,4,6,Tottenham_Hotspur,Home,94758,115556,Ben Davies,ben-davies,D,True,,,,,,,,,,,,,,,,,,,,,,,,,,,,,,,,,,,,,,,,,,,,,,,,,,,0,,,,,
2015-16,6768030,4,6,Tottenham_Hotspur,Home,108579,78830,Harry Kane,harry-kane,F,False,,,,18.0,4.0,22.0,1.0,2.0,3.0,,1.0,2.0,1.0,,,4.0,8.0,8.0,,,1.0,,,,,,3.0,,90.0,1.0,,,,,,,7.3,,,2.0,,3.0,3.0,2.0,,,2.0,26.0,4.0,28.0,5,3.0,54.0,2.0,1.0,2.0
2015-16,6768030,4,6,Tottenham_Hotspur,Home,122702,62974,Erik Lamela,erik-lamela,M,True,,,,,,,,,,,,,,,,,,,,,,,,,,,,,,,,,,,,,,,,,,,,,,,,,,,0,,,,,
2015-16,6768030,4,6,Tottenham_Hotspur,Home,146101,93264,Eric Dier,eric-dier,D,False,,,3.0,31.0,25.0,56.0,,1.0,3.0,,,1.0,2.0,,,1.0,8.0,7.0,,,4.0,,,,,3.0,,,90.0,,,,,,,,7.1,,,1.0,,1.0,1.0,1.0,,4.0,,33.0,25.0,57.0,2,5.0,76.0,1.0,1.0,
2015-16,6768030,4,6,Tottenham_Hotspur,Home,180009,106450,Alex Pritchard,alex-pritchard,M,True,,,,2.0,1.0,3.0,,,1.0,,,,,,,,1.0,,,,1.0,,,,,,,,5.0,,,,,,,,,,,,,,,,,,,2.0,1.0,3.0,0,,4.0,,,
2015-16,6768030,4,6,Tottenham_Hotspur,Home,198028,108823,Dele Alli,dele-alli,M,True,,,,11.0,2.0,13.0,1.0,2.0,2.0,1.0,,,2.0,,,,4.0,3.0,,,,,,,,1.0,1.0,,37.0,1.0,,,,,,,6.6,,,,,,1.0,2.0,,,,18.0,2.0,18.0,1,1.0,32.0,3.0,,
2015-16,6768030,4,6,Tottenham_Hotspur,Home,368120,126407,Nabil Bentaleb,nabil-bentaleb,M,False,,,1.0,20.0,18.0,38.0,2.0,2.0,4.0,,,,,,,,5.0,5.0,,,3.0,,,,,1.0,2.0,,90.0,1.0,,,,,,,7.3,,,1.0,,1.0,1.0,,,5.0,,29.0,19.0,48.0,2,2.0,56.0,,,1.0
2015-16,6768030,4,6,Tottenham_Hotspur,Home,801460,93464,Tom Carroll,carroll-tom,M,True,,,,,,,,,,,,,,,,,,,,,,,,,,,,,,,,,,,,,,,,,,,,,,,,,,,0,,,,,
2015-16,6768045,5,6,Tottenham_Hotspur,Away,9048,37915,Hugo Lloris,hugo-lloris,G,False,,2.0,7.0,2.0,9.0,11.0,,,10.0,,,,,,,,,1.0,,,,,,1.0,,,,,90.0,,,,,,,1.0,7.3,1.0,2.0,,,1.0,,,2.0,19.0,,10.0,14.0,24.0,0,,37.0,,1.0,
2015-16,6768045,5,6,Tottenham_Hotspur,Away,16586,38290,Danny Rose,danny-rose,D,True,,,,,,,,,,,,,,,,,,,,,,,,,,,,,,,,,,,,,,,,,,,,,,,,,,,0,,,,,
2015-16,6768045,5,6,Tottenham_Hotspur,Away,16921,39194,Jan Vertonghen,jan-vertonghen,D,False,,,1.0,9.0,21.0,30.0,3.0,1.0,5.0,,,,,,,,4.0,3.0,,,1.0,,,,,3.0,,,90.0,,,,,,,,7.2,,,,,7.0,,,,5.0,,13.0,24.0,37.0,0,2.0,49.0,,,
2015-16,6768045,5,6,Tottenham_Hotspur,Away,16944,39215,Michel Vorm,michel-vorm,G,True,,,,,,,,,,,,,,,,,,,,,,,,,,,,,,,,,,,,,,,,,,,,,,,,,,,0,,,,,
2015-16,6768045,5,6,Tottenham_Hotspur,Away,32492,54908,Nacer Chadli,nacer-chadli,M,False,,,1.0,25.0,8.0,33.0,2.0,1.0,5.0,,,1.0,1.0,,,4.0,9.0,4.0,,,1.0,,,,,1.0,2.0,,90.0,,,,,,,,6.7,,,2.0,,2.0,3.0,1.0,,2.0,,30.0,9.0,38.0,3,,59.0,4.0,1.0,2.0
2015-16,6768045,5,6,Tottenham_Hotspur,Away,44567,58791,Ryan Mason,ryan-mason,M,False,,,9.0,40.0,16.0,56.0,1.0,1.0,5.0,,,,,,,,2.0,6.0,,,1.0,,1.0,,,,2.0,,85.0,2.0,1.0,,,,,,8.3,,,1.0,,,1.0,2.0,,12.0,,54.0,17.0,69.0,3,3.0,81.0,,1.0,1.0
2015-16,6768045,5,6,Tottenham_Hotspur,Away,44575,55605,Toby Alderweireld,toby-alderweireld,D,False,,,5.0,8.0,19.0,27.0,,1.0,4.0,,,,1.0,,,,1.0,2.0,,,,,,,,2.0,,,90.0,,,,,,,,7.3,,,,,8.0,,1.0,,10.0,,14.0,19.0,32.0,0,1.0,45.0,,,
2015-16,6768045,5,6,Tottenham_Hotspur,Away,44614,58621,Kyle Walker,kyle-walker,D,False,,,3.0,10.0,9.0,19.0,1.0,1.0,8.0,,,,1.0,,,,3.0,4.0,,,1.0,,,,,2.0,1.0,,90.0,,,,,,,,7.1,,,,,2.0,,1.0,,7.0,,18.0,11.0,28.0,0,1.0,58.0,2.0,2.0,
2015-16,6768045,5,6,Tottenham_Hotspur,Away,47992,60252,Andros Townsend,andros-townsend,F,True,,,1.0,7.0,2.0,9.0,,,2.0,2.0,,1.0,1.0,,,,2.0,3.0,,,1.0,,,,,,2.0,,28.0,,,,,,,,7.3,,,,,1.0,2.0,4.0,,1.0,,13.0,2.0,11.0,1,1.0,21.0,,,2.0
2015-16,6768045,5,6,Tottenham_Hotspur,Away,69256,77794,Kieran Trippier,kieran-trippier,D,True,,,,,,,,,,,,,,,,,,,,,,,,,,,,,,,,,,,,,,,,,,,,,,,,,,,0,,,,,
2015-16,6768045,5,6,Tottenham_Hotspur,Away,94758,115556,Ben Davies,ben-davies,D,False,,,1.0,26.0,14.0,40.0,,,7.0,,,,,,,1.0,2.0,3.0,,,1.0,,,,,3.0,1.0,,90.0,,,,,,,,7.1,,,,,2.0,,3.0,,3.0,,34.0,17.0,48.0,0,2.0,75.0,,1.0,
2015-16,6768045,5,6,Tottenham_Hotspur,Away,108579,78830,Harry Kane,harry-kane,F,False,,,,19.0,6.0,25.0,7.0,1.0,2.0,,1.0,2.0,,,,7.0,15.0,5.0,,,1.0,,,,,,,,90.0,1.0,,,,,,,6.5,,,1.0,,2.0,3.0,1.0,,1.0,,24.0,6.0,29.0,4,2.0,59.0,8.0,,2.0
2015-16,6768045,5,6,Tottenham_Hotspur,Away,111505,85971,Son Heung-min,son-heung-min,F,False,1.0,,,10.0,6.0,15.0,2.0,,2.0,,,1.0,,,,3.0,6.0,2.0,,,1.0,,,,,1.0,,,62.0,,,,,,,,6.6,,,1.0,,,,5.0,,,,19.0,6.0,20.0,2,1.0,36.0,1.0,1.0,
2015-16,6768045,5,6,Tottenham_Hotspur,Away,122702,62974,Erik Lamela,erik-lamela,M,True,1.0,,1.0,10.0,2.0,11.0,1.0,,,1.0,1.0,,1.0,,,1.0,3.0,1.0,,,,1.0,,,,,4.0,,23.0,,,,,,,,7.3,,,1.0,,,,2.0,,1.0,,11.0,2.0,11.0,1,1.0,18.0,1.0,,
2015-16,6768045,5,6,Tottenham_Hotspur,Away,146101,93264,Eric Dier,eric-dier,D,False,,,3.0,10.0,16.0,26.0,4.0,3.0,3.0,,,,1.0,,,1.0,6.0,11.0,,,,,,,,2.0,,,90.0,1.0,4.0,,,,,,7.6,,,,,5.0,,1.0,,6.0,,15.0,18.0,32.0,1,8.0,56.0,,,
2015-16,6768045,5,6,Tottenham_Hotspur,Away,198028,108823,Dele Alli,dele-alli,M,False,,,1.0,14.0,8.0,22.0,3.0,,6.0,,,,2.0,,,1.0,11.0,9.0,,,4.0,,,,,,1.0,,67.0,,,,,,,,6.6,,,,,1.0,4.0,1.0,,2.0,,20.0,9.0,28.0,0,3.0,46.0,3.0,4.0,2.0
2015-16,6768045,5,6,Tottenham_Hotspur,Away,545780,157668,Harry Winks,harry-winks,M,True,,,,,,,,,,,,,,,,,,,,,,,,,,,,,,,,,,,,,,,,,,,,,,,,,,,0,,,,,
2015-16,6768045,5,6,Tottenham_Hotspur,Away,801460,93464,Tom Carroll,carroll-tom,M,True,,,,3.0,,3.0,1.0,,,,,,,,,,1.0,1.0,,,,,,,,1.0,,,5.0,,,,,,,,,,,,,,,,,1.0,,4.0,,4.0,0,1.0,6.0,,,
2015-16,6768065,6,6,Tottenham_Hotspur,Home,9048,37915,Hugo Lloris,hugo-lloris,G,False,,1.0,12.0,7.0,12.0,19.0,,,10.0,,,,,,,,,1.0,,,,,,3.0,,,,,90.0,,,,,,,1.0,7.8,2.0,4.0,,,1.0,,,1.0,20.0,,15.0,12.0,27.0,0,,42.0,,1.0,
2015-16,6768065,6,6,Tottenham_Hotspur,Home,16921,39194,Jan Vertonghen,jan-vertonghen,D,False,,,4.0,16.0,21.0,37.0,,,5.0,,,,,,,,,4.0,,,,,,,,2.0,,,90.0,,2.0,,,,,,7.6,,,,,7.0,2.0,,,6.0,,19.0,21.0,40.0,0,2.0,58.0,1.0,,2.0
2015-16,6768065,6,6,Tottenham_Hotspur,Home,16944,39215,Michel Vorm,michel-vorm,G,True,,,,,,,,,,,,,,,,,,,,,,,,,,,,,,,,,,,,,,,,,,,,,,,,,,,0,,,,,
2015-16,6768065,6,6,Tottenham_Hotspur,Home,27569,40792,Federico Fazio,federico-fazio,D,True,,,,,,,,,,,,,,,,,,,,,,,,,,,,,,,,,,,,,,,,,,,,,,,,,,,0,,,,,
2015-16,6768065,6,6,Tottenham_Hotspur,Home,32492,54908,Nacer Chadli,nacer-chadli,M,False,1.0,,1.0,20.0,3.0,22.0,2.0,1.0,4.0,,,,,,,3.0,10.0,3.0,,,1.0,,,,,,4.0,,66.0,1.0,1.0,,,,,,6.4,,,,,,6.0,2.0,,1.0,,27.0,3.0,28.0,1,,47.0,3.0,,2.0
2015-16,6768065,6,6,Tottenham_Hotspur,Home,44575,55605,Toby Alderweireld,toby-alderweireld,D,False,,,10.0,14.0,29.0,43.0,1.0,,4.0,,,1.0,2.0,,,,3.0,2.0,,,,,,,,2.0,,,90.0,,,,,,,,7.4,,,,,5.0,,1.0,,13.0,,21.0,29.0,49.0,1,1.0,60.0,,1.0,
2015-16,6768065,6,6,Tottenham_Hotspur,Home,44614,58621,Kyle Walker,kyle-walker,D,False,,,1.0,14.0,15.0,29.0,2.0,,5.0,,,,1.0,,,,3.0,6.0,,,,,,,,3.0,,,90.0,,,,,,,,7.3,,,,,2.0,,1.0,,7.0,,21.0,17.0,37.0,0,5.0,68.0,3.0,1.0,
2015-16,6768065,6,6,Tottenham_Hotspur,Home,47992,60252,Andros Townsend,andros-townsend,F,True,,,,,,,,,,,,,,,,,,,,,,,,,,,,,,,,,,,,,,,,,,,,,,,,,,,0,,,,,
2015-16,6768065,6,6,Tottenham_Hotspur,Home,69256,77794,Kieran Trippier,kieran-trippier,D,True,,,,,,,,,,,,,,,,,,,,,,,,,,,,,,,,,,,,,,,,,,,,,,,,,,,0,,,,,
2015-16,6768065,6,6,Tottenham_Hotspur,Home,94758,115556,Ben Davies,ben-davies,D,False,,,1.0,11.0,9.0,20.0,3.0,,1.0,,,,1.0,,,,6.0,5.0,,,2.0,,,,,1.0,1.0,,90.0,,,,,,,,7.2,,,1.0,,5.0,,2.0,,6.0,,21.0,12.0,31.0,1,5.0,63.0,,,
2015-16,6768065,6,6,Tottenham_Hotspur,Home,105734,80607,Christian Eriksen,christian-eriksen,M,True,,,3.0,11.0,5.0,16.0,,,2.0,,,,,,,1.0,1.0,1.0,,,,1.0,,,,,3.0,,24.0,,,,,,,,7.2,,,1.0,,,1.0,1.0,,3.0,,13.0,5.0,17.0,1,,23.0,,,1.0
2015-16,6768065,6,6,Tottenham_Hotspur,Home,108579,78830,Harry Kane,harry-kane,F,False,,,1.0,19.0,5.0,24.0,6.0,3.0,5.0,,,2.0,1.0,,,3.0,13.0,7.0,,,1.0,,,,,,1.0,,90.0,,,,,,,,6.8,,,2.0,,,2.0,1.0,,2.0,2.0,24.0,6.0,29.0,4,1.0,49.0,2.0,4.0,
2015-16,6768065,6,6,Tottenham_Hotspur,Home,111505,85971,Son Heung-min,son-heung-min,F,False,,,,23.0,6.0,29.0,2.0,,6.0,,,3.0,1.0,,,6.0,14.0,7.0,,,1.0,,1.0,,,1.0,2.0,,79.0,2.0,,,,,,,7.3,,,,,,7.0,,,,1.0,28.0,9.0,37.0,5,3.0,67.0,1.0,1.0,3.0
2015-16,6768065,6,6,Tottenham_Hotspur,Home,122702,62974,Erik Lamela,erik-lamela,M,False,2.0,,,28.0,6.0,32.0,1.0,,5.0,,,1.0,,,,2.0,5.0,6.0,,,2.0,,,,,2.0,4.0,,87.0,2.0,,,,,,,7.7,,,1.0,,,2.0,8.0,,,,37.0,7.0,36.0,4,3.0,66.0,5.0,1.0,2.0
2015-16,6768065,6,6,Tottenham_Hotspur,Home,146101,93264,Eric Dier,eric-dier,D,False,,,5.0,21.0,23.0,44.0,1.0,3.0,3.0,,,,,,,1.0,4.0,9.0,,,1.0,,,,,1.0,,,90.0,,,,,,,,7.4,,,,,4.0,1.0,,,6.0,,25.0,26.0,51.0,0,6.0,67.0,1.0,,
2015-16,6768065,6,6,Tottenham_Hotspur,Home,198028,108823,Dele Alli,dele-alli,M,False,,,,27.0,13.0,40.0,,1.0,4.0,,,2.0,4.0,,,2.0,9.0,8.0,,,1.0,,,,,5.0,2.0,,90.0,1.0,1.0,,,,,,7.5,,,1.0,,3.0,3.0,1.0,,3.0,,35.0,16.0,50.0,4,5.0,81.0,2.0,2.0,1.0
2015-16,6768065,6,6,Tottenham_Hotspur,Home,291665,145212,Clinton N'Jie,clinton-njie,F,True,,,,1.0,2.0,3.0,,1.0,1.0,,,,,,,,,2.0,,,,,,,,,,,11.0,,,,,,,,6.7,,,,,,,,,,,1.0,2.0,3.0,0,1.0,5.0,,,
2015-16,6768065,6,6,Tottenham_Hotspur,Home,801460,93464,Tom Carroll,carroll-tom,M,True,,,,,,,,,,,,,,,,,,,,,,,,,,1.0,,,3.0,,,,,,,,,,,,,,,,,1.0,,,1.0,1.0,0,,2.0,,,
2015-16,6768068,7,6,Tottenham_Hotspur,Home,9048,37915,Hugo Lloris,hugo-lloris,G,False,,1.0,6.0,3.0,15.0,18.0,,,12.0,,,,,,,,,,,,,,,2.0,,,,,90.0,,,,,,,1.0,7.7,3.0,7.0,,,2.0,,,1.0,22.0,,17.0,18.0,35.0,0,,51.0,,,
2015-16,6768068,7,6,Tottenham_Hotspur,Home,16586,38290,Danny Rose,danny-rose,D,True,,,,,,,,,,,,,,,,,,,,,,,,,,,,,,,,,,,,,,,,,,,,,,,,,,,0,,,,,
2015-16,6768068,7,6,Tottenham_Hotspur,Home,16921,39194,Jan Vertonghen,jan-vertonghen,D,False,,,6.0,19.0,25.0,44.0,,2.0,2.0,,,,,,,,1.0,6.0,,,1.0,,,,,1.0,,,90.0,,,,,,,,7.4,,,,,9.0,2.0,,,7.0,,23.0,27.0,50.0,0,2.0,68.0,,,2.0
2015-16,6768068,7,6,Tottenham_Hotspur,Home,16944,39215,Michel Vorm,michel-vorm,G,True,,,,,,,,,,,,,,,,,,,,,,,,,,,,,,,,,,,,,,,,,,,,,,,,,,,0,,,,,
2015-16,6768068,7,6,Tottenham_Hotspur,Home,32492,54908,Nacer Chadli,nacer-chadli,M,True,,,1.0,3.0,3.0,6.0,2.0,1.0,1.0,,,1.0,1.0,,,,3.0,2.0,,,,,,,,,2.0,,22.0,,1.0,,,,,,6.9,,,,,2.0,,,,1.0,,5.0,3.0,8.0,1,1.0,17.0,1.0,,
2015-16,6768068,7,6,Tottenham_Hotspur,Home,44575,55605,Toby Alderweireld,toby-alderweireld,D,False,,,6.0,7.0,13.0,20.0,,2.0,1.0,,,,1.0,,,1.0,2.0,2.0,,,,,1.0,,,,,,90.0,1.0,2.0,,,,,,7.3,,,,,12.0,,,,11.0,1.0,13.0,14.0,27.0,1,,43.0,,,
2015-16,6768068,7,6,Tottenham_Hotspur,Home,44614,58621,Kyle Walker,kyle-walker,D,False,,,,11.0,12.0,23.0,,1.0,5.0,1.0,,,,,,,2.0,3.0,,,2.0,,,,,7.0,2.0,,90.0,,,,,,,,7.5,,,,,2.0,1.0,,,1.0,,19.0,13.0,32.0,0,1.0,56.0,,,1.0
2015-16,6768068,7,6,Tottenham_Hotspur,Home,47992,60252,Andros Townsend,andros-townsend,F,True,,,,,,,,,,,,,,,,,,,,,,,,,,,,,,,,,,,,,,,,,,,,,,,,,,,0,,,,,
2015-16,6768068,7,6,Tottenham_Hotspur,Home,69256,77794,Kieran Trippier,kieran-trippier,D,True,,,,,,,,,,,,,,,,,,,,,,,,,,,,,,,,,,,,,,,,,,,,,,,,,,,0,,,,,
2015-16,6768068,7,6,Tottenham_Hotspur,Home,94758,115556,Ben Davies,ben-davies,D,False,2.0,,1.0,12.0,10.0,20.0,2.0,1.0,4.0,,,,,,,,3.0,3.0,,,1.0,,,,,1.0,2.0,,90.0,,2.0,,,,,,7.2,,,,,9.0,,3.0,,6.0,,20.0,14.0,31.0,0,2.0,75.0,2.0,,
2015-16,6768068,7,6,Tottenham_Hotspur,Home,105734,80607,Christian Eriksen,christian-eriksen,M,False,,,,15.0,5.0,20.0,2.0,,5.0,,,,,,,2.0,6.0,5.0,,,1.0,,,,1.0,1.0,1.0,,68.0,,,,,,,,6.8,,,1.0,,2.0,1.0,5.0,,2.0,,31.0,7.0,33.0,1,5.0,57.0,1.0,,
2015-16,6768068,7,6,Tottenham_Hotspur,Home,108579,78830,Harry Kane,harry-kane,F,False,1.0,,4.0,18.0,3.0,20.0,9.0,1.0,3.0,,,,,,,1.0,13.0,5.0,,,2.0,,1.0,,,2.0,,,90.0,3.0,,,,,,,7.8,,,1.0,,1.0,4.0,3.0,,4.0,,26.0,3.0,26.0,4,,46.0,1.0,1.0,3.0
2015-16,6768068,7,6,Tottenham_Hotspur,Home,111505,85971,Son Heung-min,son-heung-min,F,False,,,,7.0,10.0,17.0,4.0,1.0,6.0,,1.0,,1.0,,,3.0,9.0,6.0,,,,,,,,2.0,,,77.0,2.0,1.0,,,,,,6.4,,,,,,2.0,1.0,,3.0,3.0,14.0,14.0,27.0,2,3.0,46.0,1.0,1.0,1.0
2015-16,6768068,7,6,Tottenham_Hotspur,Home,122702,62974,Erik Lamela,erik-lamela,M,False,2.0,,,20.0,11.0,29.0,,1.0,9.0,,,2.0,3.0,,,3.0,9.0,10.0,,,3.0,1.0,1.0,,,1.0,2.0,,87.0,1.0,,,,,,,8.3,,,1.0,,,3.0,5.0,,,1.0,29.0,13.0,37.0,4,4.0,63.0,2.0,2.0,3.0
2015-16,6768068,7,6,Tottenham_Hotspur,Home,146101,93264,Eric Dier,eric-dier,D,False,,,4.0,17.0,21.0,38.0,,3.0,3.0,,,,1.0,,,1.0,5.0,6.0,,,3.0,,1.0,,,5.0,,,90.0,1.0,2.0,,,,,,7.5,,,,,,1.0,,,8.0,,30.0,23.0,53.0,1,2.0,71.0,,,1.0
2015-16,6768068,7,6,Tottenham_Hotspur,Home,198028,108823,Dele Alli,dele-alli,M,False,,,2.0,17.0,13.0,30.0,2.0,2.0,6.0,,,,,,,2.0,7.0,10.0,,,2.0,,,,,5.0,,,90.0,,,,,,,,7.2,,,,,1.0,1.0,,,7.0,,24.0,17.0,41.0,0,7.0,62.0,,1.0,
2015-16,6768068,7,6,Tottenham_Hotspur,Home,291665,145212,Clinton N'Jie,clinton-njie,F,True,,,,4.0,,4.0,2.0,,,1.0,,1.0,,,,1.0,4.0,2.0,,,1.0,1.0,,,,,1.0,,13.0,,,,,,,,7.4,,,,,,2.0,,,,,5.0,,5.0,1,,11.0,,,2.0
2015-16,6768068,7,6,Tottenham_Hotspur,Home,801460,93464,Tom Carroll,carroll-tom,M,True,,,,2.0,,2.0,,,,,,,,,,,1.0,1.0,,,1.0,,,,,1.0,,,3.0,,,,,,,,6.6,,,,,,,,,,,2.0,,2.0,0,1.0,5.0,1.0,,
2015-16,6768092,8,6,Tottenham_Hotspur,Away,9048,37915,Hugo Lloris,hugo-lloris,G,False,,2.0,4.0,,22.0,22.0,,,7.0,,,,,,,,,,,,,,,1.0,,,,,90.0,,,,,,,,6.4,1.0,1.0,,,1.0,,,2.0,8.0,,3.0,23.0,26.0,0,,34.0,,,
2015-16,6768092,8,6,Tottenham_Hotspur,Away,9865,39104,Mousa Dembélé,mousa-dembele,M,True,,,,7.0,2.0,9.0,,,1.0,,,,,,,,1.0,,,,1.0,,,,,,1.0,,9.0,,,,,,,,6.6,,,,,,,,,,,9.0,2.0,11.0,0,,12.0,,,
2015-16,6768092,8,6,Tottenham_Hotspur,Away,16921,39194,Jan Vertonghen,jan-vertonghen,D,False,,,1.0,10.0,39.0,49.0,5.0,1.0,5.0,,,,1.0,,,,6.0,5.0,,,1.0,,,,,2.0,1.0,,90.0,,,,,,,,6.8,,,,,7.0,1.0,,,3.0,,13.0,41.0,54.0,0,2.0,68.0,1.0,1.0,1.0
2015-16,6768092,8,6,Tottenham_Hotspur,Away,16944,39215,Michel Vorm,michel-vorm,G,True,,,,,,,,,,,,,,,,,,,,,,,,,,,,,,,,,,,,,,,,,,,,,,,,,,,0,,,,,
2015-16,6768092,8,6,Tottenham_Hotspur,Away,32492,54908,Nacer Chadli,nacer-chadli,M,False,,,1.0,10.0,4.0,14.0,1.0,1.0,4.0,,,,,,,,2.0,1.0,,,1.0,,,,,,1.0,,64.0,2.0,,,,,,,6.8,,,,,2.0,,2.0,,1.0,,15.0,4.0,17.0,2,,24.0,,,
2015-16,6768092,8,6,Tottenham_Hotspur,Away,44575,55605,Toby Alderweireld,toby-alderweireld,D,False,,,8.0,15.0,43.0,58.0,2.0,,5.0,,,,,,,,2.0,,,,,,,,,2.0,,,90.0,,2.0,,,,,,7.0,,,1.0,,12.0,,,,13.0,,21.0,44.0,65.0,1,,82.0,,,
2015-16,6768092,8,6,Tottenham_Hotspur,Away,44614,58621,Kyle Walker,kyle-walker,D,False,,,3.0,17.0,16.0,33.0,,,6.0,,,,2.0,,,,6.0,6.0,,,3.0,,,,,1.0,,,90.0,,1.0,,,,,,6.3,,,,,,1.0,4.0,,4.0,,26.0,18.0,40.0,0,5.0,58.0,,1.0,
2015-16,6768092,8,6,Tottenham_Hotspur,Away,47992,60252,Andros Townsend,andros-townsend,F,True,,,,12.0,1.0,13.0,,,5.0,,,2.0,1.0,,,,3.0,3.0,,,,,,,,,,,33.0,2.0,,,,,,,7.0,,,,,1.0,4.0,4.0,,,,18.0,2.0,16.0,4,1.0,34.0,1.0,,2.0
2015-16,6768092,8,6,Tottenham_Hotspur,Away,69256,77794,Kieran Trippier,kieran-trippier,D,True,,,,,,,,,,,,,,,,,,,,,,,,,,,,,,,,,,,,,,,,,,,,,,,,,,,0,,,,,
2015-16,6768092,8,6,Tottenham_Hotspur,Away,94758,115556,Ben Davies,ben-davies,D,False,,,1.0,22.0,15.0,37.0,3.0,2.0,3.0,1.0,,,,,,1.0,5.0,5.0,,,2.0,,,,,3.0,3.0,,90.0,,1.0,,,,,,6.9,,,,,2.0,,2.0,,3.0,,32.0,17.0,47.0,0,2.0,67.0,1.0,1.0,
2015-16,6768092,8,6,Tottenham_Hotspur,Away,105734,80607,Christian Eriksen,christian-eriksen,M,False,1.0,,,35.0,7.0,41.0,3.0,1.0,4.0,,,1.0,,,,1.0,5.0,6.0,,,,,2.0,,,,2.0,,90.0,4.0,,,,,,,8.9,,,2.0,,1.0,3.0,7.0,,2.0,,50.0,8.0,51.0,7,3.0,78.0,2.0,,2.0
2015-16,6768092,8,6,Tottenham_Hotspur,Away,108579,78830,Harry Kane,harry-kane,F,False,,,3.0,19.0,3.0,22.0,1.0,,4.0,,1.0,1.0,,,,,4.0,3.0,,,1.0,,,,,,2.0,,81.0,2.0,,1.0,,,,,6.7,,,,,,4.0,1.0,,3.0,,22.0,4.0,25.0,3,,35.0,,1.0,2.0
2015-16,6768092,8,6,Tottenham_Hotspur,Away,122702,62974,Erik Lamela,erik-lamela,M,False,1.0,,1.0,11.0,11.0,21.0,1.0,,2.0,,,,1.0,,,1.0,5.0,3.0,,,1.0,,,,,1.0,3.0,,57.0,,,,,,,,6.5,,,,,,2.0,3.0,,1.0,,18.0,12.0,27.0,0,,40.0,2.0,2.0,1.0
2015-16,6768092,8,6,Tottenham_Hotspur,Away,141203,97485,Kevin Wimmer,kevin-wimmer,D,True,,,,,,,,,,,,,,,,,,,,,,,,,,,,,,,,,,,,,,,,,,,,,,,,,,,0,,,,,
2015-16,6768092,8,6,Tottenham_Hotspur,Away,146101,93264,Eric Dier,eric-dier,D,False,,,2.0,22.0,29.0,51.0,1.0,,5.0,,,,1.0,,,,7.0,,,,4.0,,,,,6.0,,,90.0,,,,,,,,6.5,,,,,,1.0,,,2.0,,25.0,31.0,56.0,0,,64.0,,,
2015-16,6768092,8,6,Tottenham_Hotspur,Away,198028,108823,Dele Alli,dele-alli,M,False,,,2.0,15.0,19.0,34.0,1.0,,9.0,,,,2.0,,,3.0,13.0,9.0,,,4.0,,,,,4.0,1.0,,90.0,1.0,,,,,,,6.7,,,,,2.0,6.0,1.0,,4.0,,22.0,20.0,41.0,1,4.0,70.0,3.0,2.0,3.0
2015-16,6768092,8,6,Tottenham_Hotspur,Away,291665,145212,Clinton N'Jie,clinton-njie,F,True,,,1.0,3.0,1.0,4.0,,,2.0,,,,,,,,2.0,2.0,,,1.0,,,,,,1.0,,26.0,,,,,,,,6.7,,,1.0,,,3.0,2.0,,1.0,,8.0,1.0,7.0,1,,14.0,,,2.0
2015-16,6768092,8,6,Tottenham_Hotspur,Away,801460,93464,Tom Carroll,carroll-tom,M,True,,,,,,,,,,,,,,,,,,,,,,,,,,,,,,,,,,,,,,,,,,,,,,,,,,,0,,,,,
2015-16,6768096,9,6,Tottenham_Hotspur,Home,9048,37915,Hugo Lloris,hugo-lloris,G,False,,3.0,5.0,2.0,19.0,21.0,,,12.0,,,,,,,,,1.0,,,,,,1.0,,,,,90.0,,,,,,,,7.4,1.0,3.0,,,2.0,,,3.0,13.0,,10.0,19.0,29.0,0,1.0,43.0,1.0,,
2015-16,6768096,9,6,Tottenham_Hotspur,Home,9865,39104,Mousa Dembélé,mousa-dembele,M,False,,,2.0,16.0,13.0,29.0,3.0,1.0,10.0,,,,,,,3.0,6.0,16.0,,,,,,,,6.0,,,90.0,,,,,,,,8.5,,,1.0,,3.0,5.0,,,2.0,,18.0,14.0,32.0,1,9.0,64.0,1.0,1.0,5.0
2015-16,6768096,9,6,Tottenham_Hotspur,Home,16586,38290,Danny Rose,danny-rose,D,False,1.0,,1.0,24.0,15.0,38.0,1.0,2.0,9.0,,,,1.0,,,,3.0,15.0,,,1.0,,,,,1.0,,,90.0,,,,,,,,7.9,,,,,4.0,2.0,4.0,,6.0,,35.0,22.0,53.0,0,8.0,97.0,4.0,3.0,2.0
2015-16,6768096,9,6,Tottenham_Hotspur,Home,16921,39194,Jan Vertonghen,jan-vertonghen,D,False,,,7.0,7.0,34.0,41.0,,6.0,4.0,,,,1.0,,,,1.0,11.0,,,,,,,,5.0,,,90.0,,1.0,,,,,,8.1,,,1.0,,8.0,1.0,,,12.0,,13.0,37.0,50.0,1,4.0,71.0,,,1.0
2015-16,6768096,9,6,Tottenham_Hotspur,Home,16944,39215,Michel Vorm,michel-vorm,G,True,,,,,,,,,,,,,,,,,,,,,,,,,,,,,,,,,,,,,,,,,,,,,,,,,,,0,,,,,
2015-16,6768096,9,6,Tottenham_Hotspur,Home,32492,54908,Nacer Chadli,nacer-chadli,M,False,,,,1.0,,1.0,,,1.0,,,,,,,,,,,,,,,,,,,,11.0,,,,,,,,6.5,,,,,,,,,,,1.0,,1.0,0,,1.0,,,
2015-16,6768096,9,6,Tottenham_Hotspur,Home,44575,55605,Toby Alderweireld,toby-alderweireld,D,False,,,6.0,7.0,29.0,36.0,1.0,,8.0,,,,,,,,1.0,2.0,,,,,,,,2.0,,,90.0,,,,,,,,7.4,,,,,6.0,,,,17.0,,17.0,32.0,49.0,0,2.0,61.0,,,
2015-16,6768096,9,6,Tottenham_Hotspur,Home,44614,58621,Kyle Walker,kyle-walker,D,False,,,2.0,12.0,12.0,24.0,,2.0,6.0,,,,1.0,,,1.0,5.0,5.0,,,1.0,,,,,2.0,,,90.0,1.0,,,,,,,7.1,,,1.0,,5.0,2.0,1.0,,4.0,,18.0,15.0,32.0,2,2.0,67.0,2.0,1.0,
2015-16,6768096,9,6,Tottenham_Hotspur,Home,47992,60252,Andros Townsend,andros-townsend,F,True,,,,,1.0,1.0,,,,,,,,,,,,,,,,,,,,,,,3.0,,,,,,,,,,,,,,,,,,,,1.0,1.0,0,,1.0,,,
2015-16,6768096,9,6,Tottenham_Hotspur,Home,69256,77794,Kieran Trippier,kieran-trippier,D,True,,,,,,,,,,,,,,,,,,,,,,,,,,,,,,,,,,,,,,,,,,,,,,,,,,,0,,,,,
2015-16,6768096,9,6,Tottenham_Hotspur,Home,94758,115556,Ben Davies,ben-davies,D,True,,,,,,,,,,,,,,,,,,,,,,,,,,,,,,,,,,,,,,,,,,,,,,,,,,,0,,,,,
2015-16,6768096,9,6,Tottenham_Hotspur,Home,105734,80607,Christian Eriksen,christian-eriksen,M,False,2.0,,2.0,26.0,11.0,35.0,2.0,1.0,4.0,,,1.0,,,,3.0,6.0,2.0,,,,,,,,,4.0,,90.0,,,,,,,,6.9,,,,,2.0,1.0,8.0,,2.0,,43.0,11.0,46.0,1,1.0,70.0,,,
2015-16,6768096,9,6,Tottenham_Hotspur,Home,108579,78830,Harry Kane,harry-kane,F,False,,,,10.0,,10.0,9.0,,5.0,,,2.0,1.0,,,6.0,20.0,7.0,,,1.0,,,,,1.0,2.0,,90.0,2.0,1.0,,,,,,7.0,,,,,2.0,5.0,1.0,,,1.0,13.0,,12.0,4,2.0,42.0,2.0,3.0,2.0
2015-16,6768096,9,6,Tottenham_Hotspur,Home,122702,62974,Erik Lamela,erik-lamela,M,False,1.0,,,14.0,6.0,19.0,1.0,,3.0,,,,2.0,,,1.0,11.0,7.0,,,7.0,,,,,1.0,1.0,,87.0,,,,,,,,6.5,,,,,,2.0,5.0,,,,21.0,9.0,25.0,0,4.0,49.0,5.0,2.0,1.0
2015-16,6768096,9,6,Tottenham_Hotspur,Home,141203,97485,Kevin Wimmer,kevin-wimmer,D,True,,,,,,,,,,,,,,,,,,,,,,,,,,,,,,,,,,,,,,,,,,,,,,,,,,,0,,,,,
2015-16,6768096,9,6,Tottenham_Hotspur,Home,198028,108823,Dele Alli,dele-alli,M,False,1.0,,1.0,10.0,18.0,27.0,3.0,1.0,8.0,,,1.0,3.0,,,2.0,13.0,8.0,,,4.0,,,,,2.0,2.0,,90.0,,2.0,,,,,,6.9,,,,,4.0,2.0,1.0,,3.0,,18.0,23.0,40.0,1,6.0,67.0,4.0,1.0,
2015-16,6768096,9,6,Tottenham_Hotspur,Home,291665,145212,Clinton N'Jie,clinton-njie,F,True,1.0,,,14.0,9.0,22.0,,1.0,4.0,,,1.0,3.0,,,3.0,8.0,4.0,,,1.0,,,,,,,,79.0,1.0,1.0,,,,,,6.7,,,1.0,,,2.0,1.0,,2.0,1.0,29.0,9.0,37.0,3,2.0,54.0,3.0,,1.0
2015-16,6768096,9,6,Tottenham_Hotspur,Home,545780,157668,Harry Winks,harry-winks,M,True,,,,,,,,,,,,,,,,,,,,,,,,,,,,,,,,,,,,,,,,,,,,,,,,,,,0,,,,,
2015-16,6768087,10,6,Tottenham_Hotspur,Away,9048,37915,Hugo Lloris,hugo-lloris,G,False,,,10.0,7.0,15.0,22.0,,,3.0,,,,,,,,,,,,,,,,,,,,90.0,,,,,,,,6.4,,1.0,,,,,,,19.0,,14.0,17.0,31.0,0,,34.0,,,
2015-16,6768087,10,6,Tottenham_Hotspur,Away,9865,39104,Mousa Dembélé,mousa-dembele,M,False,,,1.0,18.0,8.0,26.0,2.0,,4.0,,,,,,,3.0,8.0,6.0,,,4.0,,1.0,,,,1.0,,68.0,1.0,,,,,,,7.3,,,,,,3.0,,,1.0,1.0,21.0,8.0,29.0,1,3.0,45.0,3.0,,3.0
2015-16,6768087,10,6,Tottenham_Hotspur,Away,16586,38290,Danny Rose,danny-rose,D,False,,,,15.0,10.0,25.0,1.0,1.0,6.0,,,2.0,1.0,,,3.0,7.0,6.0,1.0,,2.0,,,,,1.0,,,90.0,,,,,,,,6.1,,,,,3.0,,4.0,,4.0,,23.0,13.0,32.0,2,4.0,62.0,,1.0,
2015-16,6768087,10,6,Tottenham_Hotspur,Away,16921,39194,Jan Vertonghen,jan-vertonghen,D,False,,,3.0,12.0,26.0,38.0,1.0,1.0,2.0,,,,,,,,2.0,3.0,,,1.0,,,,,6.0,,,90.0,,,,,,,,7.2,,,,,5.0,,,,10.0,,22.0,27.0,49.0,0,2.0,62.0,,,
2015-16,6768087,10,6,Tottenham_Hotspur,Away,16944,39215,Michel Vorm,michel-vorm,G,True,,,,,,,,,,,,,,,,,,,,,,,,,,,,,,,,,,,,,,,,,,,,,,,,,,,0,,,,,
2015-16,6768087,10,6,Tottenham_Hotspur,Away,44567,58791,Ryan Mason,ryan-mason,M,True,,,2.0,16.0,5.0,21.0,,,2.0,,,,,,,,,,,,,,,,,1.0,,,22.0,,,,,,,,6.7,,,,,,,,,2.0,,18.0,5.0,23.0,0,,24.0,,,
2015-16,6768087,10,6,Tottenham_Hotspur,Away,44575,55605,Toby Alderweireld,toby-alderweireld,D,False,,,5.0,9.0,30.0,39.0,1.0,1.0,5.0,,,,,1.0,,,1.0,3.0,,,,,,,,2.0,,,90.0,2.0,2.0,,,,,,7.5,,,,,8.0,,,,15.0,,18.0,34.0,52.0,2,2.0,68.0,,,
2015-16,6768087,10,6,Tottenham_Hotspur,Away,44614,58621,Kyle Walker,kyle-walker,D,False,,,2.0,18.0,24.0,42.0,1.0,4.0,7.0,,,,2.0,,,2.0,7.0,12.0,,,1.0,,,,,4.0,1.0,,82.0,,,,,,,,7.3,,,,,2.0,2.0,,,3.0,,22.0,24.0,46.0,0,6.0,76.0,,1.0,1.0
2015-16,6768087,10,6,Tottenham_Hotspur,Away,47992,60252,Andros Townsend,andros-townsend,F,True,,,,,,,,,,,,,,,,,,,,,,,,,,,,,,,,,,,,,,,,,,,,,,,,,,,0,,,,,
2015-16,6768087,10,6,Tottenham_Hotspur,Away,69256,77794,Kieran Trippier,kieran-trippier,D,True,,,1.0,2.0,3.0,5.0,,,1.0,,,,,,,,,,,,,,,,,,,,8.0,,,,,,,,6.6,,,,,,,,,1.0,,2.0,3.0,5.0,0,,6.0,,,
2015-16,6768087,10,6,Tottenham_Hotspur,Away,105734,80607,Christian Eriksen,christian-eriksen,M,False,3.0,,1.0,42.0,5.0,44.0,2.0,,7.0,1.0,,,,,,1.0,3.0,2.0,,,,1.0,,,1.0,2.0,5.0,,90.0,,,,,,,,7.9,,,1.0,,,1.0,5.0,,3.0,,51.0,11.0,57.0,1,,74.0,2.0,1.0,1.0
2015-16,6768087,10,6,Tottenham_Hotspur,Away,108579,78830,Harry Kane,harry-kane,F,False,,,,6.0,1.0,7.0,2.0,7.0,3.0,,,,1.0,,,3.0,8.0,11.0,,,1.0,,3.0,,,1.0,,,85.0,4.0,1.0,,,,1.0,,9.0,,,,,1.0,1.0,2.0,,1.0,3.0,16.0,1.0,15.0,4,2.0,35.0,2.0,2.0,
2015-16,6768087,10,6,Tottenham_Hotspur,Away,122702,62974,Erik Lamela,erik-lamela,M,False,,,1.0,25.0,16.0,41.0,,1.0,11.0,,,,1.0,,,2.0,7.0,4.0,,,3.0,,1.0,,,2.0,,,90.0,1.0,,,,,,,7.2,,,,,2.0,2.0,1.0,,1.0,1.0,30.0,17.0,46.0,1,2.0,62.0,1.0,,1.0
2015-16,6768087,10,6,Tottenham_Hotspur,Away,141203,97485,Kevin Wimmer,kevin-wimmer,D,True,,,,,,,,,,,,,,,,,,,,,,,,,,,,,,,,,,,,,,,,,,,,,,,,,,,0,,,,,
2015-16,6768087,10,6,Tottenham_Hotspur,Away,146101,93264,Eric Dier,eric-dier,D,False,,,6.0,27.0,27.0,54.0,2.0,4.0,6.0,,,,2.0,,,2.0,7.0,6.0,,,1.0,,,,,4.0,,,90.0,,,,,,,,6.7,,,,,1.0,,1.0,,7.0,,32.0,30.0,61.0,0,1.0,74.0,,1.0,
2015-16,6768087,10,6,Tottenham_Hotspur,Away,198028,108823,Dele Alli,dele-alli,M,False,,,2.0,28.0,10.0,38.0,,,8.0,,,1.0,1.0,,,2.0,11.0,3.0,,,2.0,,,,,3.0,1.0,,90.0,,,,,,,,6.1,,,1.0,,2.0,6.0,1.0,,3.0,,33.0,10.0,42.0,2,1.0,63.0,1.0,2.0,
2015-16,6768087,10,6,Tottenham_Hotspur,Away,291665,145212,Clinton N'Jie,clinton-njie,F,True,,,,1.0,,1.0,,,,,,,,,,,1.0,1.0,,,,,,,,,,,5.0,1.0,,,,,,,,,,,,,1.0,,,,,2.0,,2.0,1,1.0,5.0,,,
2015-16,6768087,10,6,Tottenham_Hotspur,Away,361332,168765,Joshua Onomah,joshua-onomah,M,True,,,,,,,,,,,,,,,,,,,,,,,,,,,,,,,,,,,,,,,,,,,,,,,,,,,0,,,,,
2015-16,6768107,11,6,Tottenham_Hotspur,Home,9048,37915,Hugo Lloris,hugo-lloris,G,False,,,14.0,8.0,21.0,29.0,,,5.0,,,,,,1.0,,,,,,,,,,,,,,90.0,,,,,,,1.0,6.4,1.0,1.0,,,2.0,,,1.0,24.0,,18.0,21.0,39.0,0,,44.0,,,
2015-16,6768107,11,6,Tottenham_Hotspur,Home,9865,39104,Mousa Dembélé,mousa-dembele,M,False,,,1.0,23.0,10.0,33.0,,2.0,5.0,,,,,,,3.0,5.0,8.0,,,2.0,,1.0,,,,,,69.0,1.0,,,,,,,7.5,,,1.0,,,3.0,,,1.0,,32.0,11.0,43.0,2,1.0,55.0,1.0,2.0,3.0
2015-16,6768107,11,6,Tottenham_Hotspur,Home,16586,38290,Danny Rose,danny-rose,D,False,,,3.0,16.0,13.0,29.0,2.0,,6.0,,,1.0,1.0,,,,5.0,3.0,,,1.0,1.0,,,,4.0,1.0,,82.0,,1.0,,,,,,7.0,,,2.0,,3.0,2.0,4.0,,8.0,,28.0,14.0,38.0,3,2.0,77.0,1.0,1.0,
2015-16,6768107,11,6,Tottenham_Hotspur,Home,16921,39194,Jan Vertonghen,jan-vertonghen,D,False,,,6.0,18.0,39.0,57.0,1.0,,4.0,,,,,,,,1.0,3.0,,,,,,,,3.0,,,90.0,,2.0,,,,,,7.1,,,,,4.0,,,,12.0,,27.0,39.0,66.0,0,1.0,78.0,,2.0,
2015-16,6768107,11,6,Tottenham_Hotspur,Home,16944,39215,Michel Vorm,michel-vorm,G,True,,,,,,,,,,,,,,,,,,,,,,,,,,,,,,,,,,,,,,,,,,,,,,,,,,,0,,,,,
2015-16,6768107,11,6,Tottenham_Hotspur,Home,27569,40792,Federico Fazio,federico-fazio,D,True,,,,,,,,,,,,,,,,,,,,,,,,,,,,,,,,,,,,,,,,,,,,,,,,,,,0,,,,,
2015-16,6768107,11,6,Tottenham_Hotspur,Home,44567,58791,Ryan Mason,ryan-mason,M,True,,,,7.0,3.0,10.0,,,1.0,,,,,,,1.0,1.0,1.0,1.0,,,,,,,,,,21.0,,,,,,,,5.3,,,,,1.0,,,,,,7.0,3.0,10.0,0,,17.0,1.0,1.0,
2015-16,6768107,11,6,Tottenham_Hotspur,Home,44575,55605,Toby Alderweireld,toby-alderweireld,D,False,,,7.0,17.0,45.0,62.0,2.0,1.0,5.0,,,,,,,,3.0,1.0,,,,,,,,3.0,,,90.0,,,,,,,,6.9,,,,,7.0,1.0,,,11.0,,24.0,47.0,71.0,0,,82.0,,,
2015-16,6768107,11,6,Tottenham_Hotspur,Home,44614,58621,Kyle Walker,kyle-walker,D,False,,,2.0,14.0,11.0,25.0,1.0,3.0,7.0,,,,,,,1.0,2.0,7.0,,,,,,,,4.0,,,90.0,,1.0,,,,,,7.1,,,,,5.0,,1.0,,6.0,,22.0,12.0,33.0,0,3.0,70.0,2.0,1.0,
2015-16,6768107,11,6,Tottenham_Hotspur,Home,47992,60252,Andros Townsend,andros-townsend,F,True,,,,,,,,,,,,,,,,,,,,,,,,,,,,,,,,,,,,,,,,,,,,,,,,,,,0,,,,,
2015-16,6768107,11,6,Tottenham_Hotspur,Home,69256,77794,Kieran Trippier,kieran-trippier,D,True,,,,,,,,,,,,,,,,,,,,,,,,,,,,,,,,,,,,,,,,,,,,,,,,,,,0,,,,,
2015-16,6768107,11,6,Tottenham_Hotspur,Home,94758,115556,Ben Davies,ben-davies,D,True,,,,1.0,2.0,3.0,1.0,1.0,2.0,,,,,,,,1.0,1.0,,,,,,,,,,,8.0,,,,,,,,6.5,,,,,,,,,2.0,,4.0,2.0,6.0,0,,7.0,,,
2015-16,6768107,11,6,Tottenham_Hotspur,Home,105734,80607,Christian Eriksen,christian-eriksen,M,False,,,,32.0,13.0,45.0,,,5.0,,,1.0,2.0,,,,2.0,4.0,,,,,,,,1.0,5.0,,90.0,,,,,,,,7.4,,,1.0,,,2.0,3.0,,1.0,,39.0,14.0,50.0,2,2.0,67.0,5.0,,2.0
2015-16,6768107,11,6,Tottenham_Hotspur,Home,108579,78830,Harry Kane,harry-kane,F,False,,,2.0,10.0,2.0,12.0,3.0,5.0,1.0,,,1.0,,,,3.0,9.0,7.0,,,2.0,,1.0,,,,1.0,,90.0,2.0,,,,,,,7.3,,,,,2.0,1.0,,,2.0,2.0,21.0,3.0,24.0,3,1.0,41.0,2.0,1.0,
2015-16,6768107,11,6,Tottenham_Hotspur,Home,122702,62974,Erik Lamela,erik-lamela,M,False,1.0,,1.0,20.0,11.0,30.0,2.0,,5.0,1.0,,2.0,7.0,,,2.0,14.0,6.0,,,1.0,1.0,,,,1.0,4.0,,90.0,1.0,,,,,,,6.8,,,,,,5.0,2.0,,2.0,1.0,25.0,11.0,34.0,3,2.0,58.0,2.0,2.0,2.0
2015-16,6768107,11,6,Tottenham_Hotspur,Home,146101,93264,Eric Dier,eric-dier,D,False,,,4.0,25.0,20.0,45.0,5.0,5.0,2.0,,,1.0,1.0,,,,6.0,13.0,,,,,,,,,1.0,,90.0,,1.0,,,,,,7.8,,,,,3.0,,,,6.0,,32.0,22.0,54.0,1,7.0,68.0,,1.0,
2015-16,6768107,11,6,Tottenham_Hotspur,Home,198028,108823,Dele Alli,dele-alli,M,False,,,5.0,31.0,19.0,50.0,3.0,2.0,8.0,,,1.0,1.0,,,3.0,11.0,7.0,,,,,1.0,,,3.0,1.0,,89.0,1.0,,,,,,,7.1,,,,,4.0,5.0,1.0,,7.0,,41.0,20.0,60.0,2,2.0,85.0,1.0,2.0,1.0
2015-16,6768107,11,6,Tottenham_Hotspur,Home,361332,168765,Joshua Onomah,joshua-onomah,M,True,,,,2.0,,2.0,,,,,,,,,,,,1.0,,,,,,,,,,,1.0,1.0,,,,,,,,,,,,,1.0,1.0,,,,3.0,,2.0,1,,5.0,,,1.0
2015-16,6768116,12,6,Tottenham_Hotspur,Away,9048,37915,Hugo Lloris,hugo-lloris,G,False,,,8.0,4.0,14.0,18.0,,1.0,6.0,,,,,,,,,1.0,1.0,,,,,,,,,,90.0,,,,,,,2.0,6.6,2.0,3.0,,,3.0,,,,22.0,,15.0,17.0,32.0,0,,41.0,,,
2015-16,6768116,12,6,Tottenham_Hotspur,Away,9865,39104,Mousa Dembélé,mousa-dembele,M,False,1.0,,,24.0,14.0,37.0,3.0,2.0,9.0,,,1.0,,,,4.0,11.0,14.0,,,4.0,,,,,2.0,1.0,,90.0,,,,,,,,7.8,,,,,,5.0,1.0,,,,29.0,14.0,42.0,1,7.0,66.0,,1.0,5.0
2015-16,6768116,12,6,Tottenham_Hotspur,Away,16586,38290,Danny Rose,danny-rose,D,False,,,3.0,15.0,14.0,29.0,1.0,3.0,5.0,1.0,,,,,,1.0,6.0,6.0,,,3.0,1.0,,,,,2.0,,90.0,,,,,,,,7.4,,,1.0,,8.0,2.0,4.0,,6.0,,24.0,15.0,35.0,1,1.0,62.0,,1.0,1.0
2015-16,6768116,12,6,Tottenham_Hotspur,Away,16921,39194,Jan Vertonghen,jan-vertonghen,D,False,,,5.0,7.0,28.0,35.0,1.0,1.0,6.0,,,,1.0,,,,2.0,4.0,,,,,,,,4.0,,,90.0,,1.0,,,,,,7.0,,,,,2.0,,,,9.0,,13.0,28.0,41.0,0,2.0,52.0,,2.0,
2015-16,6768116,12,6,Tottenham_Hotspur,Away,16944,39215,Michel Vorm,michel-vorm,G,True,,,,,,,,,,,,,,,,,,,,,,,,,,,,,,,,,,,,,,,,,,,,,,,,,,,0,,,,,
2015-16,6768116,12,6,Tottenham_Hotspur,Away,44567,58791,Ryan Mason,ryan-mason,M,True,,,,,1.0,1.0,,,,,,,,,,,1.0,,,,1.0,,,,,1.0,,,8.0,,,,,,,,6.5,,,,,1.0,,,,2.0,,,3.0,3.0,0,,6.0,,,
2015-16,6768116,12,6,Tottenham_Hotspur,Away,44575,55605,Toby Alderweireld,toby-alderweireld,D,False,,,1.0,4.0,17.0,21.0,,1.0,6.0,,,,,,,,,2.0,,,,,,,,,,,90.0,1.0,,,,,,,6.9,,,,,8.0,,1.0,,9.0,,17.0,19.0,35.0,1,1.0,49.0,1.0,,
2015-16,6768116,12,6,Tottenham_Hotspur,Away,44614,58621,Kyle Walker,kyle-walker,D,False,,,1.0,7.0,11.0,18.0,,5.0,5.0,,,,,,,,1.0,8.0,,,,,,,,2.0,1.0,,90.0,,,,,,,,7.0,,,,,7.0,3.0,1.0,,5.0,,16.0,13.0,28.0,0,1.0,58.0,1.0,1.0,2.0
2015-16,6768116,12,6,Tottenham_Hotspur,Away,69256,77794,Kieran Trippier,kieran-trippier,D,True,,,,,,,,,,,,,,,,,,,,,,,,,,,,,,,,,,,,,,,,,,,,,,,,,,,0,,,,,
2015-16,6768116,12,6,Tottenham_Hotspur,Away,94758,115556,Ben Davies,ben-davies,D,True,,,,,,,,,,,,,,,,,,,,,,,,,,,,,,,,,,,,,,,,,,,,,,,,,,,0,,,,,
2015-16,6768116,12,6,Tottenham_Hotspur,Away,105734,80607,Christian Eriksen,christian-eriksen,M,False,,,3.0,31.0,8.0,39.0,1.0,2.0,4.0,,,1.0,1.0,,,4.0,8.0,3.0,,,,,,,,2.0,3.0,,89.0,1.0,,,,,,,6.7,,,1.0,,2.0,2.0,3.0,,4.0,,38.0,10.0,45.0,3,1.0,68.0,,,
2015-16,6768116,12,6,Tottenham_Hotspur,Away,108579,78830,Harry Kane,harry-kane,F,False,,,2.0,16.0,3.0,19.0,4.0,1.0,3.0,,,1.0,,,,,7.0,5.0,,,1.0,,1.0,,,1.0,,,90.0,2.0,,,,,,,7.7,,,3.0,,,4.0,2.0,,3.0,1.0,23.0,4.0,25.0,6,,44.0,2.0,2.0,2.0
2015-16,6768116,12,6,Tottenham_Hotspur,Away,111505,85971,Son Heung-min,son-heung-min,F,True,,,,1.0,1.0,2.0,,,1.0,,,,,,,1.0,1.0,1.0,,,,,,,,,,,15.0,,,,,,,,6.5,,,,,,,,,,,2.0,3.0,5.0,0,,10.0,,1.0,
2015-16,6768116,12,6,Tottenham_Hotspur,Away,122702,62974,Erik Lamela,erik-lamela,M,False,1.0,,,12.0,3.0,14.0,,,8.0,,,,2.0,,,4.0,10.0,10.0,,,2.0,,,,,,2.0,,75.0,,,,,,,,7.1,,,,,,4.0,1.0,,,1.0,14.0,5.0,18.0,0,8.0,40.0,,,2.0
2015-16,6768116,12,6,Tottenham_Hotspur,Away,146101,93264,Eric Dier,eric-dier,D,False,,,1.0,26.0,12.0,38.0,2.0,,2.0,,,,1.0,,,2.0,8.0,1.0,,,2.0,,,,,,1.0,,90.0,,,,,,,,6.3,,,1.0,,4.0,1.0,,,3.0,,32.0,13.0,45.0,1,,58.0,1.0,1.0,
2015-16,6768116,12,6,Tottenham_Hotspur,Away,198028,108823,Dele Alli,dele-alli,M,False,,,,13.0,5.0,18.0,,,7.0,,,,,,,3.0,13.0,8.0,,,3.0,,,,,2.0,,,82.0,,,,,,,,6.1,,,1.0,,,11.0,1.0,,4.0,1.0,21.0,7.0,27.0,1,1.0,57.0,3.0,3.0,4.0
2015-16,6768116,12,6,Tottenham_Hotspur,Away,361332,168765,Joshua Onomah,joshua-onomah,M,True,,,,,,,,,,,,,,,,,,,,,1.0,,,,,,,,1.0,,,,,,,,,,,,,,,,,,,1.0,1.0,2.0,0,,2.0,,,
2015-16,6768116,12,6,Tottenham_Hotspur,Away,801460,93464,Tom Carroll,carroll-tom,M,True,,,,,,,,,,,,,,,,,,,,,,,,,,,,,,,,,,,,,,,,,,,,,,,,,,,0,,,,,
2015-16,6768136,13,6,Tottenham_Hotspur,Home,9048,37915,Hugo Lloris,hugo-lloris,G,False,,1.0,8.0,4.0,14.0,18.0,,,7.0,,,,,,,,,,,,,,,,,,,,90.0,,,,,,,,6.7,2.0,3.0,,,,,,1.0,15.0,,11.0,14.0,25.0,0,,31.0,,,
2015-16,6768136,13,6,Tottenham_Hotspur,Home,9865,39104,Mousa Dembélé,mousa-dembele,M,False,,,2.0,40.0,16.0,56.0,,1.0,14.0,,,,2.0,,,2.0,6.0,11.0,,,1.0,,,,,4.0,4.0,,90.0,,,,,,,,7.7,,,,,3.0,6.0,2.0,,3.0,,45.0,18.0,61.0,0,4.0,85.0,,1.0,5.0
2015-16,6768136,13,6,Tottenham_Hotspur,Home,16586,38290,Danny Rose,danny-rose,D,False,,,,21.0,9.0,30.0,,2.0,4.0,,,,3.0,,,1.0,7.0,6.0,,,3.0,,,,,3.0,1.0,,90.0,,1.0,,,,,,6.4,,,,,5.0,1.0,2.0,,3.0,,28.0,11.0,37.0,0,1.0,67.0,1.0,2.0,1.0
2015-16,6768136,13,6,Tottenham_Hotspur,Home,16921,39194,Jan Vertonghen,jan-vertonghen,D,False,,,3.0,15.0,29.0,44.0,2.0,2.0,8.0,,,,,,,,2.0,6.0,,,,,,,,3.0,,,90.0,,1.0,,,,,,7.3,,,1.0,,4.0,1.0,,,4.0,,17.0,30.0,47.0,1,2.0,60.0,,1.0,1.0
2015-16,6768136,13,6,Tottenham_Hotspur,Home,16944,39215,Michel Vorm,michel-vorm,G,True,,,,,,,,,,,,,,,,,,,,,,,,,,,,,,,,,,,,,,,,,,,,,,,,,,,0,,,,,
2015-16,6768136,13,6,Tottenham_Hotspur,Home,44567,58791,Ryan Mason,ryan-mason,M,True,,,1.0,8.0,3.0,11.0,,,1.0,,2.0,,,,,1.0,1.0,,,,,,,,1.0,1.0,,,19.0,2.0,,,,,,,6.4,,,1.0,,,,,,2.0,,12.0,3.0,15.0,3,,22.0,,,
2015-16,6768136,13,6,Tottenham_Hotspur,Home,44575,55605,Toby Alderweireld,toby-alderweireld,D,False,,,8.0,11.0,22.0,33.0,,2.0,2.0,,,,1.0,,,1.0,2.0,2.0,,,,,1.0,,,1.0,,,90.0,1.0,1.0,,,,,,7.3,,,,,10.0,,,,15.0,,19.0,22.0,41.0,1,,59.0,2.0,,
2015-16,6768136,13,6,Tottenham_Hotspur,Home,44614,58621,Kyle Walker,kyle-walker,D,False,2.0,,3.0,21.0,12.0,31.0,,,9.0,,,,1.0,,,,4.0,2.0,1.0,,3.0,,1.0,,,5.0,1.0,,90.0,1.0,,,,,,,7.0,,,,,1.0,,4.0,,7.0,,28.0,16.0,40.0,1,1.0,68.0,1.0,1.0,
2015-16,6768136,13,6,Tottenham_Hotspur,Home,47992,60252,Andros Townsend,andros-townsend,F,True,,,,,,,,,,,,,,,,,,,,,,,,,,,,,,,,,,,,,,,,,,,,,,,,,,,0,,,,,
2015-16,6768136,13,6,Tottenham_Hotspur,Home,69256,77794,Kieran Trippier,kieran-trippier,D,True,,,,,,,,,,,,,,,,,,,,,,,,,,,,,,,,,,,,,,,,,,,,,,,,,,,0,,,,,
2015-16,6768136,13,6,Tottenham_Hotspur,Home,94758,115556,Ben Davies,ben-davies,D,True,,,,,,,,,,,,,,,,,,,,,,,,,,,,,,,,,,,,,,,,,,,,,,,,,,,0,,,,,
2015-16,6768136,13,6,Tottenham_Hotspur,Home,105734,80607,Christian Eriksen,christian-eriksen,M,False,1.0,,,37.0,11.0,47.0,,,5.0,1.0,,,1.0,,,3.0,4.0,2.0,,,,2.0,,,,1.0,4.0,,90.0,2.0,,,,,,,7.8,,,,,1.0,2.0,7.0,,,,54.0,15.0,62.0,2,,84.0,1.0,,2.0
2015-16,6768136,13,6,Tottenham_Hotspur,Home,108579,78830,Harry Kane,harry-kane,F,False,,,2.0,18.0,4.0,22.0,5.0,3.0,4.0,,1.0,,,,,4.0,11.0,7.0,,,2.0,,2.0,,,,,,89.0,4.0,,,,,,,8.2,,,2.0,,1.0,,2.0,,3.0,,26.0,7.0,31.0,6,2.0,54.0,3.0,2.0,
2015-16,6768136,13,6,Tottenham_Hotspur,Home,111505,85971,Son Heung-min,son-heung-min,F,False,,,,19.0,6.0,25.0,2.0,,6.0,,,1.0,4.0,,,5.0,15.0,4.0,,,,1.0,,,,1.0,3.0,,85.0,2.0,,,,,,,6.4,,,,,1.0,4.0,,,,1.0,20.0,8.0,28.0,3,4.0,49.0,2.0,,
2015-16,6768136,13,6,Tottenham_Hotspur,Home,146101,93264,Eric Dier,eric-dier,D,False,,,5.0,26.0,26.0,52.0,,2.0,7.0,,,1.0,,,,,3.0,7.0,,,3.0,,,,,3.0,,,90.0,,,,,,,,7.4,,,,,3.0,,1.0,,8.0,,35.0,32.0,66.0,1,4.0,79.0,,1.0,
2015-16,6768136,13,6,Tottenham_Hotspur,Home,198028,108823,Dele Alli,dele-alli,M,False,,,1.0,15.0,5.0,20.0,1.0,,5.0,2.0,1.0,3.0,1.0,,,6.0,9.0,3.0,,,1.0,1.0,,,1.0,,3.0,,71.0,,,,,,,,7.0,,,1.0,,,,,,1.0,2.0,20.0,7.0,27.0,4,2.0,43.0,2.0,1.0,
2015-16,6768136,13,6,Tottenham_Hotspur,Home,361332,168765,Joshua Onomah,joshua-onomah,M,True,,,,3.0,,3.0,,,,,,,,,,,,1.0,,,,,,,,,,,5.0,,,,,,,,6.5,,,,,,,,,,,4.0,,4.0,0,1.0,6.0,,,
2015-16,6768136,13,6,Tottenham_Hotspur,Home,801460,93464,Tom Carroll,carroll-tom,M,True,,,,,,,,,,,,,,,,,,,,,,,,,,,,,1.0,,,,,,,,,,,,,,,1.0,,,,1.0,,,0,,1.0,,,
2015-16,6768143,14,6,Tottenham_Hotspur,Home,9048,37915,Hugo Lloris,hugo-lloris,G,False,,3.0,3.0,2.0,14.0,16.0,,,8.0,,,,,,,,,,,,,,,,,1.0,,,90.0,,,,,,,2.0,7.5,1.0,1.0,,,4.0,,,3.0,10.0,,8.0,15.0,23.0,0,,32.0,,,
2015-16,6768143,14,6,Tottenham_Hotspur,Home,9865,39104,Mousa Dembélé,mousa-dembele,M,False,,,1.0,27.0,18.0,45.0,,,5.0,,,,,,,3.0,4.0,10.0,,,1.0,,,,,6.0,,,90.0,1.0,,,,,,,7.9,,,,,1.0,4.0,,,4.0,,35.0,20.0,55.0,1,4.0,77.0,,2.0,4.0
2015-16,6768143,14,6,Tottenham_Hotspur,Home,16586,38290,Danny Rose,danny-rose,D,False,1.0,,,11.0,11.0,21.0,,1.0,6.0,,,,,,,1.0,5.0,2.0,,,2.0,,,,,,,,90.0,,,,,,,,6.3,,,,,3.0,3.0,3.0,,8.0,,22.0,16.0,35.0,0,,59.0,1.0,,1.0
2015-16,6768143,14,6,Tottenham_Hotspur,Home,16921,39194,Jan Vertonghen,jan-vertonghen,D,False,,,4.0,20.0,42.0,62.0,1.0,2.0,3.0,,,,,,,,2.0,5.0,,,1.0,,,,,1.0,1.0,,90.0,,,,,,,,7.5,,,,,11.0,,,,8.0,,25.0,46.0,71.0,0,2.0,87.0,,1.0,
2015-16,6768143,14,6,Tottenham_Hotspur,Home,16944,39215,Michel Vorm,michel-vorm,G,True,,,,,,,,,,,,,,,,,,,,,,,,,,,,,,,,,,,,,,,,,,,,,,,,,,,0,,,,,
2015-16,6768143,14,6,Tottenham_Hotspur,Home,44567,58791,Ryan Mason,ryan-mason,M,False,,,,10.0,4.0,14.0,,1.0,2.0,,,,1.0,,,2.0,3.0,5.0,,,,,,,,1.0,,,56.0,,,,,,,,6.7,,,,,,1.0,2.0,,,,13.0,4.0,15.0,0,3.0,27.0,1.0,,1.0
2015-16,6768143,14,6,Tottenham_Hotspur,Home,44575,55605,Toby Alderweireld,toby-alderweireld,D,False,,,7.0,22.0,31.0,53.0,,,5.0,,,,,,,,,2.0,,,,,,,,2.0,,,90.0,,,,,,,,7.5,,,,,13.0,,,,18.0,,31.0,35.0,66.0,0,1.0,84.0,1.0,1.0,
2015-16,6768143,14,6,Tottenham_Hotspur,Home,44614,58621,Kyle Walker,kyle-walker,D,False,1.0,,3.0,18.0,9.0,26.0,1.0,2.0,5.0,,,,,,,,3.0,2.0,,,1.0,,,,,2.0,,,90.0,,,,,,,,6.9,,,,,5.0,1.0,3.0,,8.0,,26.0,12.0,35.0,0,,72.0,2.0,,
2015-16,6768143,14,6,Tottenham_Hotspur,Home,69256,77794,Kieran Trippier,kieran-trippier,D,True,,,,,,,,,,,,,,,,,,,,,,,,,,,,,,,,,,,,,,,,,,,,,,,,,,,0,,,,,
2015-16,6768143,14,6,Tottenham_Hotspur,Home,105734,80607,Christian Eriksen,christian-eriksen,M,False,,,,36.0,8.0,44.0,1.0,1.0,4.0,,,,,,,2.0,5.0,4.0,,,,,,,,,2.0,,90.0,,,,,,,,6.4,,,,,1.0,2.0,5.0,,2.0,,47.0,9.0,51.0,0,1.0,72.0,3.0,2.0,
2015-16,6768143,14,6,Tottenham_Hotspur,Home,108579,78830,Harry Kane,harry-kane,F,False,1.0,,1.0,15.0,5.0,19.0,5.0,1.0,2.0,,,2.0,,,,1.0,9.0,2.0,,,3.0,,,,,,1.0,,90.0,1.0,,,,,,,7.0,,,1.0,,,,1.0,,2.0,,22.0,7.0,28.0,4,1.0,42.0,4.0,,
2015-16,6768143,14,6,Tottenham_Hotspur,Home,111505,85971,Son Heung-min,son-heung-min,F,False,,,,17.0,4.0,21.0,,1.0,3.0,,,1.0,,,,2.0,3.0,4.0,,,1.0,,,,,1.0,1.0,,75.0,2.0,,,,,,,7.2,,,1.0,,1.0,1.0,1.0,,1.0,1.0,25.0,5.0,29.0,4,,45.0,,2.0,1.0
2015-16,6768143,14,6,Tottenham_Hotspur,Home,122702,62974,Erik Lamela,erik-lamela,M,True,,,,8.0,3.0,11.0,,1.0,2.0,,,,1.0,,,4.0,8.0,3.0,,,3.0,,,,,2.0,2.0,,34.0,,,,,,,,6.5,,,,,,1.0,,,,1.0,15.0,3.0,18.0,0,1.0,29.0,2.0,,1.0
2015-16,6768143,14,6,Tottenham_Hotspur,Home,141203,97485,Kevin Wimmer,kevin-wimmer,D,True,,,,,,,,,,,,,,,,,,,,,,,,,,,,,,,,,,,,,,,,,,,,,,,,,,,0,,,,,
2015-16,6768143,14,6,Tottenham_Hotspur,Home,146101,93264,Eric Dier,eric-dier,D,False,,,3.0,20.0,35.0,55.0,2.0,2.0,4.0,,,,,,,1.0,4.0,3.0,,,1.0,,,,,1.0,1.0,,90.0,,1.0,,,,,,6.8,,,,,2.0,,,,6.0,,27.0,39.0,66.0,0,1.0,73.0,,,
2015-16,6768143,14,6,Tottenham_Hotspur,Home,291665,145212,Clinton N'Jie,clinton-njie,F,True,,,,3.0,1.0,4.0,,,1.0,,,,,,,2.0,3.0,2.0,,,1.0,,,,,,,,15.0,,,,,,,,6.5,,,,,,,1.0,,,,4.0,2.0,5.0,0,1.0,11.0,1.0,1.0,
2015-16,6768143,14,6,Tottenham_Hotspur,Home,361332,168765,Joshua Onomah,joshua-onomah,M,True,,,,,,,,,,,,,,,,,,,,,,,,,,,,,,,,,,,,,,,,,,,,,,,,,,,0,,,,,
2015-16,6768143,14,6,Tottenham_Hotspur,Home,801460,93464,Tom Carroll,carroll-tom,M,True,,,,,,,,,,,,,,,,,,,,,,,,,,,,,,,,,,,,,,,,,,,,,,,,,,,0,,,,,
2015-16,6768152,15,6,Tottenham_Hotspur,Away,9048,37915,Hugo Lloris,hugo-lloris,G,False,,2.0,8.0,1.0,21.0,22.0,,1.0,6.0,,,,,,,,,2.0,,,,,,1.0,,,,,90.0,,,,,,,,6.9,2.0,3.0,,,,,,2.0,20.0,,7.0,27.0,34.0,0,,42.0,1.0,1.0,
2015-16,6768152,15,6,Tottenham_Hotspur,Away,9865,39104,Mousa Dembélé,mousa-dembele,M,False,,,,45.0,18.0,63.0,,1.0,8.0,,,,,,,1.0,4.0,10.0,,,3.0,,,,,1.0,1.0,,90.0,1.0,2.0,,,,,,7.7,,,1.0,,,4.0,,,1.0,,47.0,22.0,69.0,2,4.0,93.0,3.0,1.0,4.0
2015-16,6768152,15,6,Tottenham_Hotspur,Away,16586,38290,Danny Rose,danny-rose,D,False,,,4.0,20.0,23.0,43.0,1.0,1.0,6.0,,,,,,,,4.0,9.0,,,2.0,,,,,,,,90.0,,,,,,,,7.0,,,,,2.0,3.0,5.0,,9.0,,31.0,26.0,52.0,0,3.0,80.0,,3.0,2.0
2015-16,6768152,15,6,Tottenham_Hotspur,Away,16921,39194,Jan Vertonghen,jan-vertonghen,D,False,,,2.0,17.0,41.0,58.0,3.0,3.0,3.0,,,,,,,,3.0,3.0,,1.0,,,,,,2.0,,,90.0,,1.0,,,,,,6.7,,,,,9.0,,,,7.0,,22.0,44.0,66.0,0,,80.0,1.0,,
2015-16,6768152,15,6,Tottenham_Hotspur,Away,16944,39215,Michel Vorm,michel-vorm,G,True,,,,,,,,,,,,,,,,,,,,,,,,,,,,,,,,,,,,,,,,,,,,,,,,,,,0,,,,,
2015-16,6768152,15,6,Tottenham_Hotspur,Away,44575,55605,Toby Alderweireld,toby-alderweireld,D,False,,,4.0,22.0,24.0,46.0,,1.0,4.0,1.0,,,,,,,1.0,2.0,,,,1.0,,,,1.0,1.0,,90.0,,,,,,,,7.2,,,,,6.0,1.0,,,15.0,,32.0,28.0,60.0,0,1.0,69.0,,,
2015-16,6768152,15,6,Tottenham_Hotspur,Away,44614,58621,Kyle Walker,kyle-walker,D,False,,,5.0,23.0,20.0,43.0,1.0,,10.0,,,,1.0,,,,4.0,4.0,,,,,,,,2.0,,,90.0,,,,,,,,7.0,,,,,5.0,4.0,,,7.0,,26.0,22.0,48.0,0,2.0,70.0,,,2.0
2015-16,6768152,15,6,Tottenham_Hotspur,Away,69256,77794,Kieran Trippier,kieran-trippier,D,True,,,,,,,,,,,,,,,,,,,,,,,,,,,,,,,,,,,,,,,,,,,,,,,,,,,0,,,,,
2015-16,6768152,15,6,Tottenham_Hotspur,Away,105734,80607,Christian Eriksen,christian-eriksen,M,False,2.0,,1.0,38.0,15.0,51.0,,,5.0,,,,1.0,,,1.0,2.0,4.0,,,,,,,,,2.0,,90.0,,,,,,,,7.3,,,1.0,,,2.0,4.0,,1.0,,49.0,15.0,60.0,1,2.0,79.0,2.0,,2.0
2015-16,6768152,15,6,Tottenham_Hotspur,Away,108579,78830,Harry Kane,harry-kane,F,False,,,1.0,16.0,7.0,23.0,5.0,,3.0,,1.0,3.0,,,,2.0,9.0,3.0,,,2.0,,,,,2.0,1.0,,90.0,,,,,,,,6.8,,,,,,,1.0,,2.0,,23.0,9.0,31.0,3,1.0,44.0,,2.0,
2015-16,6768152,15,6,Tottenham_Hotspur,Away,111505,85971,Son Heung-min,son-heung-min,F,True,,,,10.0,3.0,13.0,,,,,,,,,,1.0,1.0,1.0,,,,,,,,,,,25.0,,,,,,,,6.6,,,,,,1.0,,,,,11.0,3.0,14.0,0,,17.0,1.0,,1.0
2015-16,6768152,15,6,Tottenham_Hotspur,Away,122702,62974,Erik Lamela,erik-lamela,M,False,,,,10.0,4.0,14.0,4.0,1.0,3.0,,,,2.0,,,2.0,11.0,6.0,,,2.0,,,,,2.0,,,65.0,1.0,1.0,,,,,,6.3,,,,,,3.0,3.0,,,,17.0,4.0,18.0,1,1.0,37.0,2.0,2.0,2.0
2015-16,6768152,15,6,Tottenham_Hotspur,Away,141203,97485,Kevin Wimmer,kevin-wimmer,D,True,,,,,,,,,,,,,,,,,,,,,,,,,,,,,,,,,,,,,,,,,,,,,,,,,,,0,,,,,
2015-16,6768152,15,6,Tottenham_Hotspur,Away,146101,93264,Eric Dier,eric-dier,D,False,,,4.0,27.0,27.0,54.0,1.0,1.0,3.0,,,,1.0,,,2.0,4.0,2.0,,,,,,,,4.0,,,90.0,,,,,,,,6.6,,,,,1.0,,1.0,,8.0,,38.0,30.0,67.0,0,1.0,82.0,1.0,1.0,
2015-16,6768152,15,6,Tottenham_Hotspur,Away,198028,108823,Dele Alli,dele-alli,M,False,,,,19.0,8.0,27.0,,1.0,8.0,1.0,,1.0,2.0,,,,4.0,4.0,,,1.0,,1.0,,,,3.0,,80.0,1.0,,,,,,,7.6,,,,,,1.0,1.0,,3.0,,26.0,11.0,36.0,2,,51.0,1.0,3.0,
2015-16,6768152,15,6,Tottenham_Hotspur,Away,291665,145212,Clinton N'Jie,clinton-njie,F,True,,,,1.0,,1.0,,,1.0,,,,,,,,,1.0,,,,,,,,,,,10.0,,,,,,,,6.6,,,,,,1.0,,,,1.0,4.0,,4.0,0,,8.0,2.0,,1.0
2015-16,6768152,15,6,Tottenham_Hotspur,Away,361332,168765,Joshua Onomah,joshua-onomah,M,True,,,,,,,,,,,,,,,,,,,,,,,,,,,,,,,,,,,,,,,,,,,,,,,,,,,0,,,,,
2015-16,6768152,15,6,Tottenham_Hotspur,Away,545780,157668,Harry Winks,harry-winks,M,True,,,,,,,,,,,,,,,,,,,,,,,,,,,,,,,,,,,,,,,,,,,,,,,,,,,0,,,,,
2015-16,6768177,16,6,Tottenham_Hotspur,Home,9048,37915,Hugo Lloris,hugo-lloris,G,False,,,8.0,4.0,19.0,23.0,,,10.0,,,,,,,,,,1.0,,,,,2.0,,,,,90.0,,,,,,,,5.9,2.0,2.0,,,,,,,18.0,,13.0,20.0,33.0,0,,44.0,,,
2015-16,6768177,16,6,Tottenham_Hotspur,Home,16586,38290,Danny Rose,danny-rose,D,False,,,4.0,22.0,13.0,35.0,1.0,1.0,7.0,,1.0,,,,,1.0,3.0,7.0,,,2.0,,,,,2.0,3.0,,90.0,,,,,,,,7.2,,,1.0,,7.0,2.0,3.0,,9.0,,34.0,14.0,45.0,1,5.0,89.0,,,1.0
2015-16,6768177,16,6,Tottenham_Hotspur,Home,16921,39194,Jan Vertonghen,jan-vertonghen,D,False,,,1.0,10.0,23.0,33.0,,,3.0,,,,,,,,,4.0,,,,,,,,1.0,,,90.0,,,,,,,,6.8,,,,,6.0,,,,7.0,,15.0,25.0,40.0,0,2.0,55.0,,2.0,
2015-16,6768177,16,6,Tottenham_Hotspur,Home,16944,39215,Michel Vorm,michel-vorm,G,True,,,,,,,,,,,,,,,,,,,,,,,,,,,,,,,,,,,,,,,,,,,,,,,,,,,0,,,,,
2015-16,6768177,16,6,Tottenham_Hotspur,Home,32492,54908,Nacer Chadli,nacer-chadli,M,True,,,,3.0,,3.0,,,,,,,,,,,,,,,,,,,,,,,4.0,,,,,,,,6.3,,,,,,,,,,,5.0,,5.0,0,,6.0,1.0,,
2015-16,6768177,16,6,Tottenham_Hotspur,Home,44575,55605,Toby Alderweireld,toby-alderweireld,D,False,1.0,,8.0,12.0,20.0,31.0,1.0,2.0,1.0,,,,,,,,1.0,4.0,,,,,,,,1.0,,,90.0,,1.0,,,,,,7.1,,,1.0,,8.0,,1.0,,14.0,,21.0,21.0,41.0,1,2.0,56.0,,,
2015-16,6768177,16,6,Tottenham_Hotspur,Home,44614,58621,Kyle Walker,kyle-walker,D,False,,,3.0,24.0,10.0,34.0,,,5.0,,,,1.0,,,1.0,4.0,2.0,,,1.0,,,,,2.0,2.0,,90.0,,,,,,,,6.4,,,,,2.0,1.0,1.0,,5.0,,29.0,12.0,40.0,0,1.0,68.0,1.0,1.0,
2015-16,6768177,16,6,Tottenham_Hotspur,Home,69256,77794,Kieran Trippier,kieran-trippier,D,True,,,,,,,,,,,,,,,,,,,,,,,,,,,,,,,,,,,,,,,,,,,,,,,,,,,0,,,,,
2015-16,6768177,16,6,Tottenham_Hotspur,Home,94758,115556,Ben Davies,ben-davies,D,True,,,,,,,,,,,,,,,,,,,,,,,,,,,,,,,,,,,,,,,,,,,,,,,,,,,0,,,,,
2015-16,6768177,16,6,Tottenham_Hotspur,Home,105734,80607,Christian Eriksen,christian-eriksen,M,False,1.0,,3.0,30.0,9.0,38.0,,2.0,6.0,,,4.0,1.0,,,4.0,5.0,6.0,,,,1.0,,,,1.0,2.0,,90.0,2.0,,,,,,,7.6,,,1.0,,1.0,1.0,4.0,,5.0,,45.0,13.0,54.0,7,,86.0,4.0,3.0,1.0
2015-16,6768177,16,6,Tottenham_Hotspur,Home,108579,78830,Harry Kane,harry-kane,F,False,,,2.0,22.0,5.0,27.0,5.0,2.0,6.0,,,,,,,3.0,9.0,3.0,,,,,,,,,2.0,,90.0,2.0,,,,,,,6.8,,,,,,1.0,,,3.0,,33.0,5.0,38.0,2,,52.0,4.0,1.0,
2015-16,6768177,16,6,Tottenham_Hotspur,Home,111505,85971,Son Heung-min,son-heung-min,F,True,,,,9.0,2.0,11.0,,,1.0,,,,,,,,,2.0,,,,,,,,,1.0,,21.0,,,,,,,,6.9,,,2.0,,,,,,,,10.0,3.0,13.0,2,2.0,17.0,,,
2015-16,6768177,16,6,Tottenham_Hotspur,Home,122702,62974,Erik Lamela,erik-lamela,M,False,1.0,,2.0,19.0,6.0,24.0,2.0,,8.0,,,1.0,,,,1.0,6.0,3.0,,,2.0,,,,,,3.0,,86.0,2.0,,,,,,,7.1,,,,,,2.0,4.0,,2.0,2.0,32.0,6.0,34.0,3,2.0,49.0,2.0,,1.0
2015-16,6768177,16,6,Tottenham_Hotspur,Home,146101,93264,Eric Dier,eric-dier,D,False,,,3.0,25.0,19.0,44.0,2.0,4.0,6.0,,,,1.0,,,3.0,8.0,7.0,,,2.0,,1.0,,,2.0,,,90.0,1.0,,,,,,,7.1,,,1.0,,3.0,2.0,,,7.0,,37.0,20.0,57.0,2,1.0,75.0,1.0,1.0,1.0
2015-16,6768177,16,6,Tottenham_Hotspur,Home,198028,108823,Dele Alli,dele-alli,M,False,1.0,,,25.0,10.0,34.0,3.0,3.0,5.0,,,,,,,2.0,10.0,11.0,,,2.0,,,,,3.0,1.0,,90.0,1.0,,,,,,,7.0,,,1.0,,1.0,3.0,1.0,,3.0,,35.0,10.0,44.0,2,3.0,70.0,2.0,5.0,
2015-16,6768177,16,6,Tottenham_Hotspur,Home,361332,168765,Joshua Onomah,joshua-onomah,M,True,,,,,,,,,,,,,,,,,,,,,,,,,,,,,,,,,,,,,,,,,,,,,,,,,,,0,,,,,
2015-16,6768177,16,6,Tottenham_Hotspur,Home,368120,126407,Nabil Bentaleb,nabil-bentaleb,M,True,,,,,,,,,,,,,,,,,,,,,,,,,,,,,,,,,,,,,,,,,,,,,,,,,,,0,,,,,
2015-16,6768177,16,6,Tottenham_Hotspur,Home,801460,93464,Tom Carroll,carroll-tom,M,False,,,,18.0,9.0,27.0,,1.0,2.0,,,,,,,2.0,6.0,1.0,,,4.0,,,,,1.0,2.0,,69.0,,,,,,,,6.3,,,,,,,,,2.0,,23.0,10.0,33.0,0,,40.0,2.0,,
2015-16,6768176,17,6,Tottenham_Hotspur,Away,9048,37915,Hugo Lloris,hugo-lloris,G,False,,2.0,10.0,2.0,14.0,16.0,,,16.0,,,,,,,,,,,,,,,2.0,,,,,90.0,,,,,,,2.0,7.8,3.0,4.0,,,2.0,,,2.0,27.0,,15.0,19.0,34.0,0,,49.0,,,
2015-16,6768176,17,6,Tottenham_Hotspur,Away,9865,39104,Mousa Dembélé,mousa-dembele,M,False,,,2.0,23.0,25.0,48.0,,1.0,14.0,,,,,,,5.0,8.0,12.0,,,3.0,,,,,2.0,,,90.0,,,,,,,,7.1,,,,,,3.0,,,3.0,,26.0,25.0,51.0,0,3.0,73.0,1.0,5.0,3.0
2015-16,6768176,17,6,Tottenham_Hotspur,Away,16921,39194,Jan Vertonghen,jan-vertonghen,D,False,,,2.0,4.0,14.0,18.0,1.0,,4.0,,,,,,,,1.0,3.0,,,,,,,,3.0,,,90.0,,3.0,,,,,,7.3,,,,,3.0,,,,5.0,,6.0,16.0,22.0,0,3.0,35.0,1.0,,
2015-16,6768176,17,6,Tottenham_Hotspur,Away,16944,39215,Michel Vorm,michel-vorm,G,True,,,,,,,,,,,,,,,,,,,,,,,,,,,,,,,,,,,,,,,,,,,,,,,,,,,0,,,,,
2015-16,6768176,17,6,Tottenham_Hotspur,Away,32492,54908,Nacer Chadli,nacer-chadli,M,True,,,,,1.0,1.0,,,,,,,,,,,,,,,,,,,,,,,4.0,,,,,,,,6.5,,,,,,,,,,,3.0,1.0,4.0,0,,4.0,,,
2015-16,6768176,17,6,Tottenham_Hotspur,Away,44575,55605,Toby Alderweireld,toby-alderweireld,D,False,,,2.0,6.0,18.0,24.0,1.0,2.0,4.0,,,,,,,,1.0,2.0,,,,,,,,1.0,,,90.0,,2.0,,,,,,7.1,,,1.0,,9.0,,,,6.0,,13.0,19.0,32.0,1,,47.0,,,
2015-16,6768176,17,6,Tottenham_Hotspur,Away,44614,58621,Kyle Walker,kyle-walker,D,False,1.0,,1.0,18.0,11.0,28.0,,3.0,7.0,1.0,,,,,,1.0,3.0,8.0,,,1.0,1.0,,,,1.0,3.0,,90.0,,,,,,,,7.9,,,,,3.0,2.0,2.0,,3.0,,22.0,14.0,34.0,0,3.0,62.0,1.0,1.0,1.0
2015-16,6768176,17,6,Tottenham_Hotspur,Away,94758,115556,Ben Davies,ben-davies,D,False,,,2.0,12.0,10.0,22.0,1.0,3.0,5.0,,,,1.0,,,1.0,3.0,5.0,,,,,,,,2.0,,,90.0,,,,,,,,6.9,,,,,4.0,,2.0,,5.0,,21.0,16.0,35.0,0,2.0,65.0,1.0,,
2015-16,6768176,17,6,Tottenham_Hotspur,Away,105734,80607,Christian Eriksen,christian-eriksen,M,False,,,,25.0,7.0,32.0,2.0,,10.0,,,1.0,,,,1.0,7.0,6.0,,,,,,,,1.0,3.0,,86.0,1.0,,,,,,,7.1,,,1.0,,,7.0,8.0,,2.0,,41.0,9.0,42.0,3,2.0,73.0,2.0,1.0,3.0
2015-16,6768176,17,6,Tottenham_Hotspur,Away,108579,78830,Harry Kane,harry-kane,F,False,,,1.0,15.0,4.0,19.0,8.0,4.0,1.0,,,,1.0,,,5.0,16.0,11.0,,,,,1.0,,,,,,89.0,2.0,,,,,,,7.4,,,,,,5.0,1.0,,2.0,,23.0,4.0,26.0,2,1.0,48.0,1.0,3.0,3.0
2015-16,6768176,17,6,Tottenham_Hotspur,Away,111505,85971,Son Heung-min,son-heung-min,F,True,,,,,,,,,,,,,,,,,,,,,,,,,,,,,1.0,,,,,,,,,,,,,1.0,,,,,,1.0,,1.0,0,,4.0,,,
2015-16,6768176,17,6,Tottenham_Hotspur,Away,122702,62974,Erik Lamela,erik-lamela,M,False,,,1.0,16.0,5.0,21.0,1.0,,3.0,,,2.0,1.0,,,,2.0,8.0,,,1.0,,,,,,1.0,,90.0,,,,,,,,7.4,,,1.0,,,1.0,3.0,,1.0,1.0,23.0,8.0,28.0,3,4.0,51.0,1.0,3.0,1.0
2015-16,6768176,17,6,Tottenham_Hotspur,Away,141203,97485,Kevin Wimmer,kevin-wimmer,D,True,,,,,,,,,,,,,,,,,,,,,,,,,,,,,,,,,,,,,,,,,,,,,,,,,,,0,,,,,
2015-16,6768176,17,6,Tottenham_Hotspur,Away,146101,93264,Eric Dier,eric-dier,D,False,,,4.0,13.0,13.0,26.0,5.0,2.0,4.0,,,,,,,1.0,8.0,4.0,,,2.0,,,,,1.0,,,90.0,,,,,,,,6.6,,,,,1.0,,,,7.0,,21.0,15.0,36.0,0,1.0,42.0,1.0,1.0,
2015-16,6768176,17,6,Tottenham_Hotspur,Away,198028,108823,Dele Alli,dele-alli,M,False,,,1.0,9.0,7.0,16.0,1.0,2.0,5.0,1.0,,,2.0,,,,7.0,6.0,,,2.0,1.0,1.0,,,2.0,1.0,,79.0,1.0,,,,,,,7.8,,,1.0,,,2.0,,,4.0,1.0,21.0,8.0,29.0,2,1.0,44.0,2.0,3.0,
2015-16,6768176,17,6,Tottenham_Hotspur,Away,368120,126407,Nabil Bentaleb,nabil-bentaleb,M,True,,,,,,,,,,,,,,,,,,,,,,,,,,,,,,,,,,,,,,,,,,,,,,,,,,,0,,,,,
2015-16,6768176,17,6,Tottenham_Hotspur,Away,545780,157668,Harry Winks,harry-winks,M,True,,,,,,,,,,,,,,,,,,,,,,,,,,,,,,,,,,,,,,,,,,,,,,,,,,,0,,,,,
2015-16,6768176,17,6,Tottenham_Hotspur,Away,801460,93464,Tom Carroll,carroll-tom,M,True,,,,7.0,,7.0,,1.0,,,,,,,,1.0,1.0,2.0,,,,,,,,1.0,1.0,,11.0,1.0,,,,,,,6.9,,,,,,1.0,,,,,8.0,1.0,9.0,1,,14.0,1.0,,1.0
2015-16,6768181,18,6,Tottenham_Hotspur,Home,9048,37915,Hugo Lloris,hugo-lloris,G,False,,2.0,6.0,3.0,12.0,15.0,,,4.0,,,,,,,,,,,,,,,,,,,,90.0,,,,,,,1.0,7.6,1.0,3.0,,,3.0,,,2.0,16.0,,13.0,12.0,25.0,0,,34.0,,,
2015-16,6768181,18,6,Tottenham_Hotspur,Home,9865,39104,Mousa Dembélé,mousa-dembele,M,False,,,1.0,23.0,31.0,54.0,,,6.0,,,,,,,2.0,3.0,6.0,,,1.0,,,,,4.0,1.0,,86.0,,,,,,,,7.4,,,,,1.0,2.0,,,1.0,,25.0,32.0,57.0,0,3.0,74.0,1.0,1.0,2.0
2015-16,6768181,18,6,Tottenham_Hotspur,Home,16586,38290,Danny Rose,danny-rose,D,True,,,,,,,,,,,,,,,,,,,,,,,,,,,,,,,,,,,,,,,,,,,,,,,,,,,0,,,,,
2015-16,6768181,18,6,Tottenham_Hotspur,Home,16921,39194,Jan Vertonghen,jan-vertonghen,D,False,,,4.0,6.0,44.0,50.0,1.0,2.0,4.0,,,,,,,1.0,3.0,4.0,,,1.0,,,,,2.0,,,90.0,1.0,,,,,,,7.1,,,,,,1.0,,,11.0,,14.0,47.0,61.0,1,1.0,67.0,,,1.0
2015-16,6768181,18,6,Tottenham_Hotspur,Home,16944,39215,Michel Vorm,michel-vorm,G,True,,,,,,,,,,,,,,,,,,,,,,,,,,,,,,,,,,,,,,,,,,,,,,,,,,,0,,,,,
2015-16,6768181,18,6,Tottenham_Hotspur,Home,32492,54908,Nacer Chadli,nacer-chadli,M,True,,,,2.0,2.0,4.0,,,2.0,,,,,,,,,1.0,,,,,,,,,,,4.0,,,,,,,,,,,,,1.0,,,,1.0,,2.0,3.0,5.0,0,1.0,8.0,1.0,,
2015-16,6768181,18,6,Tottenham_Hotspur,Home,44575,55605,Toby Alderweireld,toby-alderweireld,D,False,,,2.0,10.0,41.0,51.0,1.0,1.0,3.0,,1.0,,,,,,1.0,1.0,,,,,,,,,,,90.0,1.0,1.0,,,,,,7.0,,,1.0,,6.0,,,,9.0,,20.0,43.0,63.0,2,,73.0,,,
2015-16,6768181,18,6,Tottenham_Hotspur,Home,44614,58621,Kyle Walker,kyle-walker,D,False,,,3.0,19.0,17.0,36.0,2.0,2.0,7.0,,,,1.0,,,,3.0,3.0,,1.0,,,,,,1.0,,,90.0,,,,,,,,6.7,,,,,4.0,,3.0,,5.0,,27.0,21.0,45.0,0,1.0,69.0,1.0,,
2015-16,6768181,18,6,Tottenham_Hotspur,Home,69256,77794,Kieran Trippier,kieran-trippier,D,True,,,,,,,,,,,,,,,,,,,,,,,,,,,,,,,,,,,,,,,,,,,,,,,,,,,0,,,,,
2015-16,6768181,18,6,Tottenham_Hotspur,Home,94758,115556,Ben Davies,ben-davies,D,False,,,2.0,23.0,26.0,49.0,1.0,4.0,4.0,,,,,,,1.0,2.0,9.0,,,,1.0,,,,6.0,1.0,,90.0,,,,,,,,8.0,,,,,3.0,,,,4.0,,29.0,33.0,62.0,0,4.0,96.0,,1.0,
2015-16,6768181,18,6,Tottenham_Hotspur,Home,105734,80607,Christian Eriksen,christian-eriksen,M,False,2.0,,2.0,28.0,11.0,37.0,,1.0,3.0,,,,,,,,1.0,2.0,,,,,,,,,5.0,,72.0,,,,,,,,7.3,,,,,1.0,1.0,5.0,,3.0,,35.0,12.0,42.0,0,1.0,57.0,1.0,,
2015-16,6768181,18,6,Tottenham_Hotspur,Home,108579,78830,Harry Kane,harry-kane,F,False,,,2.0,19.0,4.0,23.0,2.0,4.0,2.0,,,1.0,,,,3.0,5.0,7.0,,,,,2.0,,,3.0,1.0,,90.0,2.0,,,,,1.0,,8.7,,,1.0,,,2.0,1.0,,3.0,1.0,30.0,6.0,35.0,4,,54.0,3.0,1.0,2.0
2015-16,6768181,18,6,Tottenham_Hotspur,Home,111505,85971,Son Heung-min,son-heung-min,F,True,,,,2.0,,2.0,1.0,,,,,,1.0,,,,2.0,,,,,,,,,,,,11.0,,,,,,,,6.4,,,,,,,,,,1.0,3.0,1.0,4.0,0,,5.0,,,
2015-16,6768181,18,6,Tottenham_Hotspur,Home,122702,62974,Erik Lamela,erik-lamela,M,False,1.0,,1.0,24.0,10.0,33.0,3.0,,12.0,2.0,,,1.0,,,4.0,9.0,10.0,,,,,,,,2.0,2.0,,90.0,2.0,,,,,,,8.0,,,1.0,,,3.0,6.0,,1.0,1.0,35.0,13.0,42.0,3,5.0,81.0,4.0,3.0,2.0
2015-16,6768181,18,6,Tottenham_Hotspur,Home,146101,93264,Eric Dier,eric-dier,D,False,,,4.0,21.0,24.0,45.0,1.0,3.0,6.0,,,,,,,1.0,4.0,5.0,,,2.0,,,,,1.0,,,90.0,,,,,,,,6.6,,,,,,,2.0,,7.0,,32.0,26.0,56.0,0,,66.0,,2.0,
2015-16,6768181,18,6,Tottenham_Hotspur,Home,198028,108823,Dele Alli,dele-alli,M,False,,,1.0,15.0,8.0,23.0,,1.0,7.0,,1.0,1.0,1.0,,,2.0,5.0,10.0,,,,1.0,,,,2.0,2.0,,79.0,3.0,,,,,,,7.7,,,,,,4.0,1.0,,1.0,,20.0,10.0,29.0,4,2.0,54.0,3.0,5.0,2.0
2015-16,6768181,18,6,Tottenham_Hotspur,Home,368120,126407,Nabil Bentaleb,nabil-bentaleb,M,True,,,,,,,,,,,,,,,,,,,,,,,,,,,,,,,,,,,,,,,,,,,,,,,,,,,0,,,,,
2015-16,6768181,18,6,Tottenham_Hotspur,Home,801460,93464,Tom Carroll,carroll-tom,M,True,,,,1.0,5.0,6.0,,,1.0,,,,,,,,,,,,,,1.0,,,,,,18.0,1.0,,,,,,,7.2,,,,,,,,,,,1.0,6.0,7.0,1,,9.0,,,
2015-16,6768371,19,6,Tottenham_Hotspur,Away,9048,37915,Hugo Lloris,hugo-lloris,G,False,,,2.0,,12.0,12.0,,1.0,8.0,,,,,,,,,1.0,,,,,,1.0,,,,,90.0,,,,,,,4.0,6.6,,,,,4.0,,,,10.0,,4.0,18.0,22.0,0,,36.0,1.0,1.0,
2015-16,6768371,19,6,Tottenham_Hotspur,Away,9865,39104,Mousa Dembélé,mousa-dembele,M,False,,,,10.0,13.0,23.0,,,7.0,,,,,,,,1.0,1.0,,,1.0,,,,,1.0,,,45.0,,,,,,,,6.6,,,,,,1.0,,,,,13.0,13.0,26.0,0,,28.0,,,1.0
2015-16,6768371,19,6,Tottenham_Hotspur,Away,16586,38290,Danny Rose,danny-rose,D,False,,,4.0,32.0,14.0,46.0,2.0,1.0,2.0,,,,,,,,4.0,5.0,,,1.0,,,,,2.0,,,90.0,,,,,,,,6.7,,,,,,1.0,5.0,,7.0,,45.0,16.0,56.0,0,2.0,85.0,2.0,2.0,
2015-16,6768371,19,6,Tottenham_Hotspur,Away,16921,39194,Jan Vertonghen,jan-vertonghen,D,False,,,5.0,15.0,33.0,48.0,1.0,2.0,5.0,,,,1.0,,,,2.0,4.0,,,,,,,,,1.0,,90.0,,1.0,,,,,,6.9,,,,,6.0,,,,9.0,,19.0,36.0,55.0,0,1.0,66.0,,1.0,
2015-16,6768371,19,6,Tottenham_Hotspur,Away,16944,39215,Michel Vorm,michel-vorm,G,True,,,,,,,,,,,,,,,,,,,,,,,,,,,,,,,,,,,,,,,,,,,,,,,,,,,0,,,,,
2015-16,6768371,19,6,Tottenham_Hotspur,Away,32492,54908,Nacer Chadli,nacer-chadli,M,True,,,1.0,2.0,1.0,3.0,,1.0,1.0,,,,,,,,,2.0,,,,,,,,,,,9.0,,,,,,,,6.7,,,,,2.0,,,,2.0,,2.0,3.0,5.0,0,,8.0,,1.0,
2015-16,6768371,19,6,Tottenham_Hotspur,Away,44567,58791,Ryan Mason,ryan-mason,M,True,,,,,,,,,,,,,,,,,,,,,,,,,,,,,,,,,,,,,,,,,,,,,,,,,,,0,,,,,
2015-16,6768371,19,6,Tottenham_Hotspur,Away,44575,55605,Toby Alderweireld,toby-alderweireld,D,False,,,10.0,24.0,28.0,52.0,2.0,2.0,6.0,,,,1.0,,,,4.0,4.0,,,1.0,,,,,3.0,,,90.0,,,,,,,,7.1,,,1.0,,6.0,,,,16.0,,33.0,35.0,68.0,1,2.0,82.0,1.0,,
2015-16,6768371,19,6,Tottenham_Hotspur,Away,44614,58621,Kyle Walker,kyle-walker,D,True,,,,,,,,,,,,,,,,,,,,,,,,,,,,,,,,,,,,,,,,,,,,,,,,,,,0,,,,,
2015-16,6768371,19,6,Tottenham_Hotspur,Away,69256,77794,Kieran Trippier,kieran-trippier,D,False,2.0,,1.0,20.0,6.0,24.0,2.0,5.0,5.0,,,,,,,2.0,6.0,7.0,,,1.0,1.0,,,,3.0,2.0,,90.0,,1.0,,,,,,6.9,,,1.0,,4.0,1.0,9.0,,4.0,,34.0,12.0,37.0,1,1.0,80.0,2.0,1.0,
2015-16,6768371,19,6,Tottenham_Hotspur,Away,94758,115556,Ben Davies,ben-davies,D,True,,,,,,,,,,,,,,,,,,,,,,,,,,,,,,,,,,,,,,,,,,,,,,,,,,,0,,,,,
2015-16,6768371,19,6,Tottenham_Hotspur,Away,105734,80607,Christian Eriksen,christian-eriksen,M,True,,,6.0,30.0,7.0,37.0,2.0,,6.0,,,,1.0,,,,6.0,1.0,,,,,,,,2.0,1.0,,45.0,,,,,,,,6.8,,,1.0,,1.0,4.0,,,8.0,,38.0,7.0,45.0,1,,54.0,,,1.0
2015-16,6768371,19,6,Tottenham_Hotspur,Away,108579,78830,Harry Kane,harry-kane,F,False,1.0,,4.0,17.0,5.0,21.0,9.0,1.0,4.0,,,,,,,,10.0,7.0,,,1.0,1.0,,,,,2.0,,90.0,1.0,1.0,,,,,,7.7,,,2.0,,2.0,4.0,4.0,,6.0,,27.0,7.0,30.0,3,1.0,53.0,1.0,1.0,4.0
2015-16,6768371,19,6,Tottenham_Hotspur,Away,111505,85971,Son Heung-min,son-heung-min,F,True,,,,5.0,,5.0,1.0,,1.0,,,,,,,1.0,3.0,1.0,,,,,1.0,,,,,,22.0,1.0,,,,,,,7.1,,,,,,2.0,,,,,7.0,,7.0,1,,13.0,,,1.0
2015-16,6768371,19,6,Tottenham_Hotspur,Away,122702,62974,Erik Lamela,erik-lamela,M,False,,,,18.0,5.0,23.0,,,6.0,,,,1.0,,,2.0,7.0,3.0,,,3.0,,1.0,,,2.0,,,90.0,1.0,,,,,,,7.2,,,1.0,,,3.0,4.0,,,1.0,29.0,7.0,32.0,2,,47.0,1.0,1.0,2.0
2015-16,6768371,19,6,Tottenham_Hotspur,Away,146101,93264,Eric Dier,eric-dier,D,False,,,6.0,14.0,31.0,45.0,1.0,1.0,1.0,,,,1.0,,,,3.0,2.0,,,2.0,,,,,2.0,,,90.0,,1.0,,,,,,6.7,,,,,4.0,,,,12.0,,19.0,35.0,54.0,0,1.0,63.0,,,
2015-16,6768371,19,6,Tottenham_Hotspur,Away,198028,108823,Dele Alli,dele-alli,M,False,,,2.0,22.0,15.0,37.0,,2.0,7.0,,,,,,,,3.0,8.0,,,2.0,,,,,7.0,1.0,,81.0,,,,,,,,7.3,,,1.0,,1.0,2.0,,,3.0,,29.0,16.0,45.0,1,3.0,67.0,3.0,2.0,1.0
2015-16,6768371,19,6,Tottenham_Hotspur,Away,801460,93464,Tom Carroll,carroll-tom,M,False,,,8.0,23.0,11.0,34.0,1.0,,4.0,,,,,,,1.0,4.0,2.0,,,1.0,,,,,3.0,,,68.0,,,,,,,,6.8,,,,,,1.0,,,10.0,,30.0,13.0,43.0,0,1.0,54.0,2.0,1.0,
2015-16,6768331,20,6,Tottenham_Hotspur,Away,9048,37915,Hugo Lloris,hugo-lloris,G,False,,2.0,7.0,1.0,14.0,15.0,,,11.0,,,,,,,,,,,,,,,,,,,,90.0,,,,,,,,6.9,1.0,2.0,,,1.0,,,2.0,11.0,,2.0,17.0,19.0,0,,31.0,,,
2015-16,6768331,20,6,Tottenham_Hotspur,Away,16586,38290,Danny Rose,danny-rose,D,True,,,,,,,,,,,,,,,,,,,,,,,,,,,,,,,,,,,,,,,,,,,,,,,,,,,0,,,,,
2015-16,6768331,20,6,Tottenham_Hotspur,Away,16921,39194,Jan Vertonghen,jan-vertonghen,D,False,,,2.0,17.0,40.0,57.0,3.0,2.0,4.0,,,,,,,,5.0,3.0,,,2.0,,,,,2.0,,,90.0,,2.0,,,,,,6.7,,,,,7.0,,,,5.0,,22.0,42.0,64.0,0,,80.0,,1.0,
2015-16,6768331,20,6,Tottenham_Hotspur,Away,16944,39215,Michel Vorm,michel-vorm,G,True,,,,,,,,,,,,,,,,,,,,,,,,,,,,,,,,,,,,,,,,,,,,,,,,,,,0,,,,,
2015-16,6768331,20,6,Tottenham_Hotspur,Away,32492,54908,Nacer Chadli,nacer-chadli,M,True,,,,1.0,3.0,4.0,,,1.0,,,,,,,,,,,,,,,,,,,,7.0,,,,,,,,6.6,,,,,,,,,,,2.0,3.0,5.0,0,,5.0,,,
2015-16,6768331,20,6,Tottenham_Hotspur,Away,44575,55605,Toby Alderweireld,toby-alderweireld,D,False,,,10.0,33.0,38.0,71.0,,,3.0,,,,,,,,,3.0,,,,1.0,,,,1.0,1.0,,90.0,,1.0,,,,,,7.8,,,,,9.0,,1.0,,16.0,,41.0,41.0,81.0,0,3.0,98.0,,,
2015-16,6768331,20,6,Tottenham_Hotspur,Away,44614,58621,Kyle Walker,kyle-walker,D,False,,,2.0,26.0,17.0,43.0,1.0,,4.0,,,1.0,2.0,,,1.0,5.0,1.0,,,,,,,,2.0,2.0,,90.0,,,,,,,,6.5,,,,,1.0,1.0,3.0,,4.0,1.0,31.0,20.0,48.0,1,1.0,72.0,,,
2015-16,6768331,20,6,Tottenham_Hotspur,Away,69256,77794,Kieran Trippier,kieran-trippier,D,True,,,,,,,,,,,,,,,,,,,,,,,,,,,,,,,,,,,,,,,,,,,,,,,,,,,0,,,,,
2015-16,6768331,20,6,Tottenham_Hotspur,Away,94758,115556,Ben Davies,ben-davies,D,False,1.0,,4.0,31.0,19.0,49.0,2.0,1.0,4.0,,,2.0,1.0,,,2.0,6.0,3.0,,,1.0,,,,1.0,,1.0,,90.0,,1.0,,,,,,6.9,,,1.0,,1.0,,3.0,,7.0,,36.0,22.0,55.0,3,2.0,83.0,2.0,,
2015-16,6768331,20,6,Tottenham_Hotspur,Away,105734,80607,Christian Eriksen,christian-eriksen,M,False,2.0,,2.0,35.0,11.0,44.0,,,11.0,,,1.0,1.0,,,,1.0,6.0,,,,,,,,1.0,3.0,,69.0,1.0,,,,,,,7.9,,,,,,2.0,2.0,,2.0,,43.0,11.0,52.0,2,3.0,65.0,2.0,1.0,2.0
2015-16,6768331,20,6,Tottenham_Hotspur,Away,108579,78830,Harry Kane,harry-kane,F,False,,,2.0,15.0,7.0,22.0,,1.0,4.0,,,1.0,1.0,,,4.0,6.0,1.0,,,1.0,,,,1.0,1.0,,,90.0,,,,,,,,6.7,,,2.0,,,,,,3.0,,18.0,9.0,27.0,3,,39.0,2.0,1.0,
2015-16,6768331,20,6,Tottenham_Hotspur,Away,111505,85971,Son Heung-min,son-heung-min,F,True,,,,4.0,4.0,8.0,,,2.0,,,1.0,5.0,,,2.0,8.0,1.0,,,1.0,,,,,,2.0,,21.0,,,,,,,,6.3,,,,,,,,,,,6.0,4.0,10.0,1,1.0,15.0,,,
2015-16,6768331,20,6,Tottenham_Hotspur,Away,122702,62974,Erik Lamela,erik-lamela,M,False,1.0,,1.0,21.0,8.0,28.0,2.0,,5.0,,,2.0,4.0,,,3.0,15.0,7.0,,,5.0,,,,,,1.0,,88.0,,,,,,,,6.4,,,,,2.0,4.0,4.0,,1.0,,33.0,11.0,40.0,2,4.0,62.0,1.0,,3.0
2015-16,6768331,20,6,Tottenham_Hotspur,Away,146101,93264,Eric Dier,eric-dier,D,False,,,4.0,29.0,28.0,57.0,1.0,3.0,8.0,,,,,,,,1.0,4.0,,,,,,,,6.0,,,90.0,,,,,,,,7.3,,,,,3.0,1.0,2.0,,10.0,,44.0,33.0,75.0,0,,88.0,,,1.0
2015-16,6768331,20,6,Tottenham_Hotspur,Away,198028,108823,Dele Alli,dele-alli,M,False,,,1.0,30.0,3.0,33.0,2.0,,3.0,,,3.0,1.0,,,4.0,9.0,3.0,,,,,1.0,,,1.0,3.0,,83.0,2.0,1.0,,,,,,7.4,,,1.0,,,2.0,,,1.0,,37.0,3.0,40.0,6,,63.0,3.0,3.0,
2015-16,6768331,20,6,Tottenham_Hotspur,Away,361332,168765,Joshua Onomah,joshua-onomah,M,True,,,,1.0,2.0,3.0,,,1.0,,,,,,,,,,,,,,,,,1.0,1.0,,2.0,,,,,,,,,,,,,,,,,,,1.0,2.0,3.0,0,,4.0,,,
2015-16,6768331,20,6,Tottenham_Hotspur,Away,368120,126407,Nabil Bentaleb,nabil-bentaleb,M,True,,,,,,,,,,,,,,,,,,,,,,,,,,,,,,,,,,,,,,,,,,,,,,,,,,,0,,,,,
2015-16,6768331,20,6,Tottenham_Hotspur,Away,801460,93464,Tom Carroll,carroll-tom,M,False,,,5.0,47.0,24.0,71.0,3.0,,7.0,,,,1.0,,,1.0,6.0,5.0,,,1.0,,,,,4.0,4.0,,90.0,1.0,,,,,,,7.6,,,,,1.0,,,,8.0,,56.0,24.0,80.0,1,4.0,100.0,3.0,1.0,
2015-16,6768207,21,6,Tottenham_Hotspur,Home,9048,37915,Hugo Lloris,hugo-lloris,G,False,,2.0,5.0,4.0,7.0,11.0,,,9.0,,,,,,,,,1.0,,,,,,1.0,,,,,90.0,,,,,,,,6.7,,1.0,,,1.0,,,2.0,18.0,,17.0,7.0,24.0,0,1.0,31.0,,,
2015-16,6768207,21,6,Tottenham_Hotspur,Home,9865,39104,Mousa Dembélé,mousa-dembele,M,True,,,1.0,6.0,2.0,8.0,,2.0,2.0,,,,,,,,,2.0,,,,,,,,2.0,,,19.0,,,,,,,,6.7,,,,,1.0,,,,1.0,,6.0,3.0,9.0,0,,14.0,,,
2015-16,6768207,21,6,Tottenham_Hotspur,Home,16586,38290,Danny Rose,danny-rose,D,True,,,,,,,,,,,,,,,,,,,,,,,,,,,,,,,,,,,,,,,,,,,,,,,,,,,0,,,,,
2015-16,6768207,21,6,Tottenham_Hotspur,Home,16921,39194,Jan Vertonghen,jan-vertonghen,D,False,,,10.0,23.0,25.0,48.0,1.0,2.0,4.0,,,,,,,,2.0,4.0,,,1.0,,,,,1.0,,,90.0,,1.0,,,,,,7.1,,,,,8.0,,,,13.0,,25.0,28.0,53.0,0,1.0,66.0,,1.0,
2015-16,6768207,21,6,Tottenham_Hotspur,Home,16944,39215,Michel Vorm,michel-vorm,G,True,,,,,,,,,,,,,,,,,,,,,,,,,,,,,,,,,,,,,,,,,,,,,,,,,,,0,,,,,
2015-16,6768207,21,6,Tottenham_Hotspur,Home,44575,55605,Toby Alderweireld,toby-alderweireld,D,False,,,8.0,16.0,23.0,39.0,3.0,10.0,6.0,,,2.0,1.0,,,2.0,7.0,12.0,,,1.0,,,,,1.0,,,90.0,1.0,1.0,,,,,,7.4,,,1.0,,6.0,,1.0,,14.0,,22.0,27.0,48.0,4,2.0,66.0,,,
2015-16,6768207,21,6,Tottenham_Hotspur,Home,44614,58621,Kyle Walker,kyle-walker,D,False,1.0,,3.0,18.0,14.0,31.0,2.0,2.0,5.0,,,1.0,,,,,2.0,7.0,,1.0,,,,,,2.0,,,90.0,,1.0,,,,,,7.3,,,,,9.0,2.0,5.0,,6.0,,30.0,17.0,42.0,1,2.0,80.0,1.0,1.0,2.0
2015-16,6768207,21,6,Tottenham_Hotspur,Home,69256,77794,Kieran Trippier,kieran-trippier,D,True,,,,,,,,,,,,,,,,,,,,,,,,,,,,,,,,,,,,,,,,,,,,,,,,,,,0,,,,,
2015-16,6768207,21,6,Tottenham_Hotspur,Home,94758,115556,Ben Davies,ben-davies,D,False,4.0,,1.0,22.0,18.0,36.0,,1.0,3.0,,,,,,,2.0,5.0,1.0,,,2.0,,,,,1.0,2.0,,90.0,,,,,,,,6.5,,,,,6.0,1.0,8.0,,5.0,,34.0,20.0,46.0,0,,87.0,2.0,1.0,
2015-16,6768207,21,6,Tottenham_Hotspur,Home,105734,80607,Christian Eriksen,christian-eriksen,M,False,1.0,,5.0,31.0,6.0,36.0,,,3.0,,,1.0,1.0,,,3.0,7.0,,,,1.0,,,,,,1.0,,71.0,2.0,,,,,,,6.4,,,,,1.0,2.0,6.0,,5.0,,40.0,8.0,42.0,3,,59.0,1.0,,
2015-16,6768207,21,6,Tottenham_Hotspur,Home,108579,78830,Harry Kane,harry-kane,F,False,,,1.0,16.0,2.0,18.0,3.0,2.0,4.0,,1.0,3.0,,,,2.0,11.0,3.0,,,4.0,,,,1.0,,4.0,,90.0,1.0,1.0,,,,,,6.8,,,,,1.0,3.0,,,1.0,1.0,22.0,2.0,24.0,4,,39.0,,1.0,
2015-16,6768207,21,6,Tottenham_Hotspur,Home,111505,85971,Son Heung-min,son-heung-min,F,True,,,,,,,,,,,,,,,,,,,,,,,,,,,,,8.0,,,,,,,,6.5,,,,,,,,,,,1.0,,1.0,0,,4.0,1.0,,
2015-16,6768207,21,6,Tottenham_Hotspur,Home,122702,62974,Erik Lamela,erik-lamela,M,False,3.0,,,34.0,5.0,36.0,2.0,2.0,5.0,1.0,,2.0,,,,3.0,8.0,3.0,,,2.0,,,,,3.0,6.0,,90.0,,,,,,,,7.1,,,1.0,,,1.0,16.0,,,1.0,52.0,6.0,42.0,3,,77.0,2.0,1.0,
2015-16,6768207,21,6,Tottenham_Hotspur,Home,141203,97485,Kevin Wimmer,kevin-wimmer,D,True,,,,,,,,,,,,,,,,,,,,,,,,,,,,,,,,,,,,,,,,,,,,,,,,,,,0,,,,,
2015-16,6768207,21,6,Tottenham_Hotspur,Home,146101,93264,Eric Dier,eric-dier,D,False,,,4.0,13.0,17.0,30.0,1.0,3.0,3.0,,,,,,,2.0,4.0,7.0,,,1.0,,,,,3.0,1.0,,89.0,,,,,,,,7.0,,,1.0,,2.0,,,,9.0,,21.0,20.0,41.0,1,3.0,54.0,,1.0,
2015-16,6768207,21,6,Tottenham_Hotspur,Home,198028,108823,Dele Alli,dele-alli,M,False,,,3.0,21.0,7.0,28.0,4.0,3.0,10.0,,,2.0,1.0,,,2.0,10.0,10.0,,,1.0,,,,,1.0,1.0,,90.0,1.0,,,,,,,7.1,,,1.0,,,4.0,2.0,,5.0,,30.0,9.0,37.0,4,2.0,61.0,2.0,3.0,2.0
2015-16,6768207,21,6,Tottenham_Hotspur,Home,361332,168765,Joshua Onomah,joshua-onomah,M,True,,,,,,,,,,,,,,,,1.0,1.0,,,,,,,,,,,,1.0,,,,,,,,,,,,,,,1.0,,,,1.0,,,0,,2.0,,,
2015-16,6768207,21,6,Tottenham_Hotspur,Home,801460,93464,Tom Carroll,carroll-tom,M,False,1.0,,1.0,22.0,16.0,37.0,2.0,1.0,4.0,,,,2.0,,,2.0,6.0,6.0,,,,,,,,1.0,,,82.0,,1.0,,,,,,6.9,,,1.0,,2.0,1.0,3.0,,4.0,,31.0,17.0,45.0,1,3.0,67.0,1.0,1.0,1.0
2015-16,6768216,22,6,Tottenham_Hotspur,Home,9048,37915,Hugo Lloris,hugo-lloris,G,False,,,6.0,3.0,19.0,22.0,,,8.0,,,,,,,,,,,,,,,,,,,,90.0,,,,,,,1.0,6.5,,1.0,,,1.0,,,,9.0,,5.0,20.0,25.0,0,,30.0,,,
2015-16,6768216,22,6,Tottenham_Hotspur,Home,9865,39104,Mousa Dembélé,mousa-dembele,M,False,,,2.0,51.0,18.0,69.0,,2.0,9.0,,,1.0,,,,1.0,4.0,6.0,,,3.0,,1.0,,,1.0,4.0,,80.0,1.0,,,,,,,8.0,,,,,1.0,,,,2.0,,57.0,19.0,76.0,2,3.0,86.0,1.0,1.0,
2015-16,6768216,22,6,Tottenham_Hotspur,Home,16586,38290,Danny Rose,danny-rose,D,False,,,2.0,25.0,14.0,39.0,1.0,1.0,6.0,,,1.0,,,,,2.0,8.0,,,,,,,,1.0,1.0,,90.0,1.0,1.0,,,,1.0,,7.6,,,1.0,,1.0,2.0,4.0,,4.0,,34.0,15.0,45.0,3,2.0,76.0,,5.0,1.0
2015-16,6768216,22,6,Tottenham_Hotspur,Home,16921,39194,Jan Vertonghen,jan-vertonghen,D,False,,,4.0,18.0,33.0,51.0,,4.0,6.0,,,1.0,1.0,,,,2.0,7.0,,,1.0,,,,,1.0,1.0,,90.0,,,,,,,,7.3,,,1.0,,5.0,2.0,,,6.0,,23.0,33.0,56.0,2,1.0,68.0,,1.0,2.0
2015-16,6768216,22,6,Tottenham_Hotspur,Home,16944,39215,Michel Vorm,michel-vorm,G,True,,,,,,,,,,,,,,,,,,,,,,,,,,,,,,,,,,,,,,,,,,,,,,,,,,,0,,,,,
2015-16,6768216,22,6,Tottenham_Hotspur,Home,32492,54908,Nacer Chadli,nacer-chadli,M,True,,,,,,,,,,,,,,,,,,,,,,,,,,,,,,,,,,,,,,,,,,,,,,,,,,,0,,,,,
2015-16,6768216,22,6,Tottenham_Hotspur,Home,44575,55605,Toby Alderweireld,toby-alderweireld,D,False,,,2.0,13.0,32.0,45.0,1.0,3.0,8.0,,,,1.0,,,,2.0,6.0,,,,,,,,4.0,,,90.0,1.0,,,,,,,7.5,,,2.0,,6.0,,1.0,,15.0,,25.0,37.0,61.0,3,3.0,78.0,,,
2015-16,6768216,22,6,Tottenham_Hotspur,Home,69256,77794,Kieran Trippier,kieran-trippier,D,False,,,,29.0,15.0,44.0,2.0,1.0,7.0,,,,1.0,,,1.0,4.0,6.0,,,,,,,,1.0,,,90.0,,,,,,,,6.7,,,,,2.0,1.0,4.0,,5.0,,47.0,17.0,60.0,0,3.0,92.0,2.0,2.0,1.0
2015-16,6768216,22,6,Tottenham_Hotspur,Home,94758,115556,Ben Davies,ben-davies,D,True,,,,,,,,,,,,,,,,,,,,,,,,,,,,,,,,,,,,,,,,,,,,,,,,,,,0,,,,,
2015-16,6768216,22,6,Tottenham_Hotspur,Home,105734,80607,Christian Eriksen,christian-eriksen,M,False,4.0,,1.0,49.0,12.0,57.0,1.0,,2.0,1.0,,,,,,3.0,6.0,2.0,,,1.0,,2.0,,,,6.0,,90.0,3.0,,,,,,,8.9,,,1.0,,,2.0,8.0,,1.0,,63.0,14.0,69.0,4,1.0,91.0,1.0,,1.0
2015-16,6768216,22,6,Tottenham_Hotspur,Home,108579,78830,Harry Kane,harry-kane,F,False,,,,23.0,4.0,27.0,1.0,2.0,1.0,,1.0,2.0,,,,2.0,5.0,5.0,,,,,1.0,,,,2.0,,88.0,5.0,,,,,,,7.8,,,1.0,,,4.0,1.0,,,,31.0,4.0,34.0,8,,53.0,1.0,1.0,2.0
2015-16,6768216,22,6,Tottenham_Hotspur,Home,111505,85971,Son Heung-min,son-heung-min,F,True,,,,3.0,,3.0,,,,,,,1.0,,,,1.0,,,,,,,,,,1.0,,2.0,,,,,,,,,,,,,,,,,,,4.0,,4.0,0,,4.0,,,
2015-16,6768216,22,6,Tottenham_Hotspur,Home,122702,62974,Erik Lamela,erik-lamela,M,False,3.0,,,31.0,2.0,30.0,1.0,,4.0,,,,1.0,,,,4.0,3.0,,,2.0,,,,,,2.0,,73.0,,,,,,,,7.0,,,1.0,,,2.0,5.0,,,1.0,40.0,3.0,38.0,1,2.0,49.0,1.0,,1.0
2015-16,6768216,22,6,Tottenham_Hotspur,Home,141203,97485,Kevin Wimmer,kevin-wimmer,D,True,,,,,,,,,,,,,,,,,,,,,,,,,,,,,,,,,,,,,,,,,,,,,,,,,,,0,,,,,
2015-16,6768216,22,6,Tottenham_Hotspur,Home,146101,93264,Eric Dier,eric-dier,D,False,,,5.0,48.0,29.0,77.0,1.0,3.0,7.0,,,,,,,,2.0,5.0,,,1.0,1.0,,,,1.0,1.0,,90.0,,,,,,,,7.3,,,,,1.0,1.0,1.0,,5.0,,55.0,35.0,89.0,0,1.0,94.0,,,1.0
2015-16,6768216,22,6,Tottenham_Hotspur,Home,198028,108823,Dele Alli,dele-alli,M,False,,,,23.0,6.0,29.0,1.0,1.0,2.0,,,1.0,1.0,,,5.0,9.0,4.0,,,,,,,,2.0,,,90.0,,,,,,,,6.2,,,2.0,,2.0,2.0,,,,,29.0,6.0,35.0,3,1.0,57.0,3.0,2.0,
2015-16,6768216,22,6,Tottenham_Hotspur,Home,361332,168765,Joshua Onomah,joshua-onomah,M,True,,,,11.0,,11.0,,,,,,,,,,,,,,,,,,,,,,,17.0,,,,,,,,6.5,,,,,,,1.0,,,,13.0,,12.0,0,,13.0,,,
2015-16,6768216,22,6,Tottenham_Hotspur,Home,801460,93464,Tom Carroll,carroll-tom,M,True,1.0,,1.0,14.0,4.0,17.0,,,1.0,,,,,,,,,1.0,,,,,,,,,,,10.0,,,,,,,,7.0,,,,,,,1.0,,1.0,,14.0,4.0,17.0,0,1.0,20.0,,,
2015-16,6768211,23,6,Tottenham_Hotspur,Away,9048,37915,Hugo Lloris,hugo-lloris,G,False,,1.0,9.0,6.0,13.0,19.0,,,12.0,,,,,,,,,,,1.0,,,,2.0,,,,,90.0,,,,,,,1.0,6.7,2.0,3.0,,,1.0,,,1.0,18.0,,13.0,16.0,29.0,0,,40.0,,,
2015-16,6768211,23,6,Tottenham_Hotspur,Away,9865,39104,Mousa Dembélé,mousa-dembele,M,False,,,2.0,44.0,20.0,64.0,2.0,1.0,8.0,,,2.0,,,,2.0,4.0,13.0,,,,,,,,1.0,2.0,,90.0,,,,,,,,8.2,,,,,3.0,4.0,,,3.0,,45.0,21.0,66.0,2,7.0,87.0,,1.0,4.0
2015-16,6768211,23,6,Tottenham_Hotspur,Away,16586,38290,Danny Rose,danny-rose,D,False,1.0,,2.0,16.0,15.0,30.0,,1.0,4.0,,1.0,,2.0,,,1.0,6.0,3.0,,,3.0,,,,,,1.0,,90.0,1.0,,,,,,,6.4,,,,,6.0,,2.0,,5.0,,19.0,19.0,36.0,1,1.0,62.0,3.0,1.0,
2015-16,6768211,23,6,Tottenham_Hotspur,Away,16921,39194,Jan Vertonghen,jan-vertonghen,D,False,,,4.0,17.0,27.0,44.0,1.0,3.0,4.0,,,,,,,,2.0,6.0,,,1.0,,,,,,,,75.0,,,1.0,,,,,6.8,,,,,7.0,,,,9.0,,23.0,29.0,52.0,0,2.0,64.0,,1.0,
2015-16,6768211,23,6,Tottenham_Hotspur,Away,16944,39215,Michel Vorm,michel-vorm,G,True,,,,,,,,,,,,,,,,,,,,,,,,,,,,,,,,,,,,,,,,,,,,,,,,,,,0,,,,,
2015-16,6768211,23,6,Tottenham_Hotspur,Away,32492,54908,Nacer Chadli,nacer-chadli,M,True,1.0,,1.0,7.0,5.0,11.0,1.0,1.0,2.0,1.0,,,1.0,,,2.0,6.0,2.0,,,1.0,1.0,1.0,,,,2.0,,34.0,1.0,,,,,,,7.7,,,,,,2.0,1.0,,1.0,,10.0,5.0,14.0,1,,22.0,,,1.0
2015-16,6768211,23,6,Tottenham_Hotspur,Away,44575,55605,Toby Alderweireld,toby-alderweireld,D,False,,,3.0,23.0,19.0,42.0,3.0,1.0,6.0,,,,,,,,4.0,4.0,,,1.0,,,,,1.0,,,90.0,,4.0,,,,,,7.4,,,2.0,,12.0,2.0,1.0,,8.0,,34.0,20.0,53.0,2,1.0,78.0,,,2.0
2015-16,6768211,23,6,Tottenham_Hotspur,Away,69256,77794,Kieran Trippier,kieran-trippier,D,False,,,1.0,20.0,10.0,30.0,,2.0,5.0,,,,,,,1.0,3.0,4.0,,,1.0,,,,,3.0,1.0,,90.0,,1.0,,,,,,6.7,,,,,5.0,1.0,6.0,,2.0,,36.0,12.0,42.0,0,1.0,79.0,,2.0,
2015-16,6768211,23,6,Tottenham_Hotspur,Away,94758,115556,Ben Davies,ben-davies,D,True,,,,,,,,,,,,,,,,,,,,,,,,,,,,,,,,,,,,,,,,,,,,,,,,,,,0,,,,,
2015-16,6768211,23,6,Tottenham_Hotspur,Away,105734,80607,Christian Eriksen,christian-eriksen,M,False,3.0,,3.0,45.0,9.0,51.0,,,7.0,1.0,,2.0,1.0,,,1.0,2.0,4.0,,,,1.0,,,,,9.0,,88.0,1.0,,,,,,,8.5,,,1.0,,2.0,1.0,9.0,,5.0,,57.0,12.0,60.0,4,2.0,85.0,2.0,1.0,1.0
2015-16,6768211,23,6,Tottenham_Hotspur,Away,108579,78830,Harry Kane,harry-kane,F,False,,,2.0,19.0,2.0,21.0,1.0,6.0,4.0,,1.0,1.0,,,,1.0,5.0,8.0,,,2.0,,1.0,,,,1.0,,90.0,3.0,,,,,,,7.4,,,,,2.0,2.0,3.0,,3.0,2.0,33.0,2.0,32.0,4,,52.0,1.0,1.0,1.0
2015-16,6768211,23,6,Tottenham_Hotspur,Away,111505,85971,Son Heung-min,son-heung-min,F,False,,,,32.0,7.0,39.0,2.0,,6.0,,,1.0,1.0,,,7.0,13.0,6.0,,,2.0,,,,,1.0,1.0,,90.0,,,,,,,,6.3,,,1.0,,1.0,4.0,,,,,36.0,9.0,45.0,2,1.0,71.0,2.0,2.0,3.0
2015-16,6768211,23,6,Tottenham_Hotspur,Away,122702,62974,Erik Lamela,erik-lamela,M,True,,,,,,,,,,,,,,,,,,,,,,,,,,,,,,,,,,,,,,,,,,,,,,,,,,,0,,,,,
2015-16,6768211,23,6,Tottenham_Hotspur,Away,141203,97485,Kevin Wimmer,kevin-wimmer,D,True,,,,,3.0,3.0,,,2.0,,,,,,,,,,,,,,,,,,,,15.0,,,,,,,,6.6,,,,,2.0,,,,1.0,,,5.0,5.0,0,,7.0,,,
2015-16,6768211,23,6,Tottenham_Hotspur,Away,146101,93264,Eric Dier,eric-dier,D,False,1.0,,3.0,24.0,18.0,41.0,3.0,1.0,2.0,1.0,,,,,,,3.0,3.0,,,,,,,,,1.0,,56.0,,,,,,,,7.1,,,,,2.0,,1.0,,5.0,,31.0,19.0,49.0,0,1.0,57.0,1.0,1.0,
2015-16,6768211,23,6,Tottenham_Hotspur,Away,198028,108823,Dele Alli,dele-alli,M,False,,,,35.0,6.0,41.0,2.0,3.0,7.0,,,1.0,2.0,,,3.0,8.0,8.0,,,1.0,1.0,1.0,,1.0,1.0,3.0,,90.0,4.0,,,,,,,8.6,,,2.0,,1.0,3.0,,,1.0,,41.0,9.0,50.0,7,1.0,74.0,3.0,1.0,3.0
2015-16,6768211,23,6,Tottenham_Hotspur,Away,368120,126407,Nabil Bentaleb,nabil-bentaleb,M,True,,,,,,,,,,,,,,,,,,,,,,,,,,,,,2.0,1.0,,,,,,,,,,,,,,,,,,,,,1,,1.0,,,
2015-16,6768211,23,6,Tottenham_Hotspur,Away,801460,93464,Tom Carroll,carroll-tom,M,True,,,,,,,,,,,,,,,,,,,,,,,,,,,,,,,,,,,,,,,,,,,,,,,,,,,0,,,,,
2015-16,6768218,24,6,Tottenham_Hotspur,Away,9048,37915,Hugo Lloris,hugo-lloris,G,False,,,5.0,2.0,13.0,15.0,,,7.0,,,,,,,,,,,,,,,2.0,,,,,90.0,,,,,,,1.0,7.2,2.0,2.0,,,1.0,,,,24.0,,19.0,15.0,34.0,0,,44.0,,,
2015-16,6768218,24,6,Tottenham_Hotspur,Away,9865,39104,Mousa Dembélé,mousa-dembele,M,False,,,4.0,16.0,32.0,48.0,1.0,1.0,8.0,,,,,,,,1.0,9.0,,,,,,,,5.0,,,90.0,,,,,,,,8.0,,,,,2.0,,,,6.0,,18.0,37.0,55.0,0,7.0,72.0,1.0,1.0,
2015-16,6768218,24,6,Tottenham_Hotspur,Away,16586,38290,Danny Rose,danny-rose,D,False,1.0,,2.0,16.0,17.0,32.0,1.0,,2.0,1.0,,,1.0,,,2.0,5.0,4.0,,,1.0,,,,,,1.0,,90.0,,,,,,,,7.1,,,,,3.0,,1.0,,7.0,,24.0,20.0,43.0,0,2.0,70.0,,2.0,
2015-16,6768218,24,6,Tottenham_Hotspur,Away,16944,39215,Michel Vorm,michel-vorm,G,True,,,,,,,,,,,,,,,,,,,,,,,,,,,,,,,,,,,,,,,,,,,,,,,,,,,0,,,,,
2015-16,6768218,24,6,Tottenham_Hotspur,Away,32492,54908,Nacer Chadli,nacer-chadli,M,True,,,,6.0,7.0,13.0,1.0,,2.0,,,,,,,1.0,3.0,2.0,,,1.0,,,,,1.0,,,45.0,,,,,,,,6.6,,,,,,,,,2.0,,11.0,7.0,18.0,0,2.0,26.0,1.0,,
2015-16,6768218,24,6,Tottenham_Hotspur,Away,44575,55605,Toby Alderweireld,toby-alderweireld,D,False,1.0,,4.0,9.0,24.0,32.0,3.0,4.0,1.0,,,1.0,,,,,4.0,4.0,,,1.0,,,,,1.0,1.0,,90.0,,1.0,,,,,,7.5,,,1.0,,12.0,,1.0,,13.0,,19.0,26.0,44.0,2,,65.0,,,
2015-16,6768218,24,6,Tottenham_Hotspur,Away,44614,58621,Kyle Walker,kyle-walker,D,False,,,2.0,22.0,15.0,37.0,2.0,1.0,10.0,,,,,,,1.0,4.0,7.0,,,,,,,,2.0,1.0,,90.0,,,,,,,,7.4,,,,,3.0,1.0,2.0,,8.0,,33.0,19.0,50.0,0,4.0,76.0,1.0,2.0,
2015-16,6768218,24,6,Tottenham_Hotspur,Away,69256,77794,Kieran Trippier,kieran-trippier,D,True,,,,,,,,,,,,,,,,,,,,,,,,,,,,,,,,,,,,,,,,,,,,,,,,,,,0,,,,,
2015-16,6768218,24,6,Tottenham_Hotspur,Away,94758,115556,Ben Davies,ben-davies,D,True,,,,,,,,,,,,,,,,,,,,,,,,,,,,,,,,,,,,,,,,,,,,,,,,,,,0,,,,,
2015-16,6768218,24,6,Tottenham_Hotspur,Away,105734,80607,Christian Eriksen,christian-eriksen,M,False,2.0,,1.0,25.0,8.0,31.0,2.0,,2.0,1.0,,,,,,3.0,6.0,4.0,,,,1.0,,,,,3.0,,89.0,2.0,,,,,,,7.4,,,1.0,,,1.0,9.0,,2.0,,40.0,12.0,43.0,3,3.0,68.0,3.0,1.0,
2015-16,6768218,24,6,Tottenham_Hotspur,Away,108579,78830,Harry Kane,harry-kane,F,False,,,1.0,14.0,1.0,15.0,7.0,1.0,7.0,,,,1.0,,,1.0,10.0,6.0,,,1.0,,2.0,,2.0,,2.0,,90.0,3.0,,,,,,,8.8,,,3.0,,,3.0,2.0,,1.0,,22.0,2.0,22.0,6,2.0,45.0,3.0,,3.0
2015-16,6768218,24,6,Tottenham_Hotspur,Away,111505,85971,Son Heung-min,son-heung-min,F,False,,,,11.0,5.0,16.0,,1.0,2.0,,,,,,,4.0,5.0,4.0,,,1.0,,,,1.0,,2.0,,70.0,,,,,,,,6.9,,,2.0,,1.0,,,,,,12.0,5.0,17.0,2,3.0,30.0,1.0,,
2015-16,6768218,24,6,Tottenham_Hotspur,Away,122702,62974,Erik Lamela,erik-lamela,M,True,,,,,,,,,,,,,,,,1.0,1.0,,,,,,,,,,,,1.0,,,,,,,,,,,,,,,,,,,,,,0,,2.0,,,
2015-16,6768218,24,6,Tottenham_Hotspur,Away,141203,97485,Kevin Wimmer,kevin-wimmer,D,False,,,6.0,4.0,39.0,43.0,,2.0,2.0,,,,,1.0,,,3.0,2.0,,,3.0,,,,,2.0,,,90.0,,2.0,,,,,,7.2,,,,,4.0,,,,9.0,,8.0,40.0,48.0,0,,57.0,,,
2015-16,6768218,24,6,Tottenham_Hotspur,Away,146101,93264,Eric Dier,eric-dier,D,False,,,3.0,8.0,13.0,21.0,2.0,1.0,3.0,,,1.0,,,,,3.0,2.0,,,1.0,,,,,4.0,,,90.0,,,,,,,,7.0,,,1.0,,,,,,7.0,,13.0,16.0,29.0,2,,39.0,1.0,1.0,
2015-16,6768218,24,6,Tottenham_Hotspur,Away,198028,108823,Dele Alli,dele-alli,M,False,,,,7.0,3.0,10.0,,2.0,4.0,,1.0,,,,,1.0,2.0,4.0,,,,,1.0,,,,2.0,,45.0,1.0,,,,,1.0,,7.4,,,1.0,,2.0,1.0,2.0,,,,14.0,3.0,15.0,2,1.0,27.0,2.0,1.0,
2015-16,6768218,24,6,Tottenham_Hotspur,Away,368120,126407,Nabil Bentaleb,nabil-bentaleb,M,True,,,,,,,,,,,,,,,,,,,,,,,,,,,,,,,,,,,,,,,,,,,,,,,,,,,0,,,,,
2015-16,6768218,24,6,Tottenham_Hotspur,Away,801460,93464,Tom Carroll,carroll-tom,M,True,,,1.0,2.0,4.0,6.0,1.0,,3.0,,,,,,,,1.0,,,,,,,,,,,,20.0,,,,,,,,6.5,,,,,,,,,1.0,,3.0,5.0,8.0,0,,8.0,,,
2015-16,6768231,25,6,Tottenham_Hotspur,Home,9048,37915,Hugo Lloris,hugo-lloris,G,False,,1.0,5.0,2.0,15.0,17.0,,,9.0,,,,,,,,,,,,,,,1.0,,,,,90.0,,,,,,,,7.0,,,,,,,,1.0,18.0,,15.0,15.0,30.0,0,,34.0,,,
2015-16,6768231,25,6,Tottenham_Hotspur,Home,9865,39104,Mousa Dembélé,mousa-dembele,M,False,,,1.0,28.0,25.0,53.0,2.0,1.0,8.0,,,1.0,,,,2.0,7.0,10.0,,,3.0,,,,,,,,90.0,,,,,,,,7.2,,,1.0,,,5.0,,,4.0,,33.0,28.0,61.0,2,2.0,78.0,1.0,3.0,4.0
2015-16,6768231,25,6,Tottenham_Hotspur,Home,16586,38290,Danny Rose,danny-rose,D,True,,,,,,,,,,,,,,,,,,,,,,,,,,,,,,,,,,,,,,,,,,,,,,,,,,,0,,,,,
2015-16,6768231,25,6,Tottenham_Hotspur,Home,16944,39215,Michel Vorm,michel-vorm,G,True,,,,,,,,,,,,,,,,,,,,,,,,,,,,,,,,,,,,,,,,,,,,,,,,,,,0,,,,,
2015-16,6768231,25,6,Tottenham_Hotspur,Home,32492,54908,Nacer Chadli,nacer-chadli,M,False,,,,12.0,6.0,18.0,1.0,,3.0,,,1.0,1.0,,,,4.0,1.0,,,1.0,,,,,2.0,2.0,,61.0,,,,,,,,6.8,,,1.0,,2.0,1.0,1.0,,,1.0,16.0,7.0,22.0,2,1.0,34.0,2.0,,
2015-16,6768231,25,6,Tottenham_Hotspur,Home,44567,58791,Ryan Mason,ryan-mason,M,True,,,,,,,,,,,,,,,,,,,,,,,,,,,,,,,,,,,,,,,,,,,,,,,,,,,0,,,,,
2015-16,6768231,25,6,Tottenham_Hotspur,Home,44575,55605,Toby Alderweireld,toby-alderweireld,D,False,,,11.0,24.0,39.0,63.0,4.0,2.0,5.0,,,,1.0,,,,5.0,3.0,,,,,,,,5.0,1.0,,90.0,,,,,,,,7.6,,,1.0,,4.0,1.0,1.0,,15.0,,33.0,39.0,71.0,1,,84.0,1.0,,1.0
2015-16,6768231,25,6,Tottenham_Hotspur,Home,44614,58621,Kyle Walker,kyle-walker,D,True,,,,,,,,,,,,,,,,,,,,,,,,,,,,,,,,,,,,,,,,,,,,,,,,,,,0,,,,,
2015-16,6768231,25,6,Tottenham_Hotspur,Home,69256,77794,Kieran Trippier,kieran-trippier,D,False,3.0,,4.0,38.0,14.0,49.0,2.0,1.0,6.0,,,,,,,,3.0,9.0,,,,,1.0,,,3.0,2.0,,90.0,1.0,,,,,,,8.5,,,,,1.0,2.0,10.0,,8.0,,53.0,15.0,58.0,1,4.0,92.0,1.0,3.0,1.0
2015-16,6768231,25,6,Tottenham_Hotspur,Home,94758,115556,Ben Davies,ben-davies,D,False,1.0,,3.0,16.0,17.0,32.0,2.0,2.0,3.0,,,,1.0,,,,4.0,7.0,,,,,,,,1.0,1.0,,90.0,2.0,,,,,,,7.5,,,1.0,,2.0,4.0,2.0,,9.0,,31.0,18.0,47.0,3,1.0,77.0,2.0,1.0,3.0
2015-16,6768231,25,6,Tottenham_Hotspur,Home,105734,80607,Christian Eriksen,christian-eriksen,M,False,2.0,,4.0,44.0,14.0,56.0,,,3.0,,,3.0,,,,3.0,3.0,2.0,,,,,,,,3.0,8.0,,89.0,1.0,,,,,,,8.1,,,,,,2.0,10.0,,6.0,,57.0,17.0,64.0,4,,95.0,3.0,,2.0
2015-16,6768231,25,6,Tottenham_Hotspur,Home,108579,78830,Harry Kane,harry-kane,F,False,,,1.0,15.0,3.0,18.0,1.0,2.0,3.0,,1.0,,,,,4.0,6.0,4.0,,,,,,,,,1.0,,90.0,1.0,,,,,,,6.4,,,1.0,,1.0,2.0,2.0,,2.0,1.0,26.0,3.0,27.0,2,1.0,47.0,4.0,,1.0
2015-16,6768231,25,6,Tottenham_Hotspur,Home,111505,85971,Son Heung-min,son-heung-min,F,True,,,,5.0,,5.0,1.0,,2.0,,,,1.0,,,2.0,5.0,2.0,,,,,,,,1.0,1.0,,18.0,1.0,,,,,,,6.7,,,,,,2.0,,,,,7.0,,7.0,1,,17.0,1.0,1.0,1.0
2015-16,6768231,25,6,Tottenham_Hotspur,Home,122702,62974,Erik Lamela,erik-lamela,M,False,3.0,,,20.0,7.0,24.0,,,3.0,,,1.0,3.0,,,,7.0,3.0,,,2.0,,,,,,1.0,,72.0,2.0,,,,,,,6.9,,,2.0,,,5.0,11.0,,,,34.0,7.0,30.0,5,,60.0,3.0,,3.0
2015-16,6768231,25,6,Tottenham_Hotspur,Home,141203,97485,Kevin Wimmer,kevin-wimmer,D,False,,,6.0,14.0,46.0,60.0,,1.0,6.0,,,,,,,1.0,1.0,1.0,,1.0,,,,,,4.0,,,90.0,,,,,,,,7.1,,,1.0,,6.0,,,,9.0,,18.0,48.0,66.0,1,,79.0,1.0,,
2015-16,6768231,25,6,Tottenham_Hotspur,Home,146101,93264,Eric Dier,eric-dier,D,False,,,4.0,21.0,31.0,52.0,1.0,2.0,8.0,1.0,,2.0,1.0,,,1.0,6.0,4.0,,,3.0,,,,,2.0,1.0,,90.0,,1.0,,,,,,7.2,,,1.0,,1.0,,1.0,,8.0,,29.0,34.0,62.0,3,1.0,75.0,,1.0,
2015-16,6768231,25,6,Tottenham_Hotspur,Home,198028,108823,Dele Alli,dele-alli,M,True,1.0,,,8.0,,7.0,,,1.0,1.0,,,,,,2.0,4.0,4.0,,,2.0,1.0,,,,,3.0,,29.0,,,,,,,,7.5,,,,,,1.0,1.0,,1.0,,11.0,,10.0,0,3.0,22.0,1.0,,1.0
2015-16,6768231,25,6,Tottenham_Hotspur,Home,801460,93464,Tom Carroll,carroll-tom,M,True,,,,,,,,,,,,,,,,,1.0,1.0,,,1.0,,,,,,,,1.0,,,,,,,,,,,,,,,,,,,,,,0,1.0,1.0,,,
2015-16,6768254,26,6,Tottenham_Hotspur,Away,9048,37915,Hugo Lloris,hugo-lloris,G,False,,1.0,9.0,4.0,13.0,17.0,,,6.0,,,,,,,,,,,,,,,,,,,,90.0,,,,,,,3.0,6.8,1.0,3.0,,,3.0,,,1.0,23.0,,14.0,17.0,31.0,0,,40.0,,,
2015-16,6768254,26,6,Tottenham_Hotspur,Away,9865,39104,Mousa Dembélé,mousa-dembele,M,False,,,3.0,33.0,29.0,62.0,4.0,2.0,14.0,,,,,,,4.0,8.0,14.0,,,1.0,,,,,2.0,,,90.0,,1.0,,,,,,7.6,,,,,2.0,4.0,,,3.0,,35.0,32.0,67.0,0,6.0,93.0,2.0,2.0,4.0
2015-16,6768254,26,6,Tottenham_Hotspur,Away,16586,38290,Danny Rose,danny-rose,D,False,,,2.0,25.0,20.0,45.0,1.0,,4.0,,,1.0,,,,,4.0,7.0,,,2.0,,,,,2.0,,,90.0,,2.0,,,,,,7.0,,,,,3.0,4.0,8.0,,5.0,,39.0,22.0,53.0,1,2.0,89.0,,2.0,3.0
2015-16,6768254,26,6,Tottenham_Hotspur,Away,16944,39215,Michel Vorm,michel-vorm,G,True,,,,,,,,,,,,,,,,,,,,,,,,,,,,,,,,,,,,,,,,,,,,,,,,,,,0,,,,,
2015-16,6768254,26,6,Tottenham_Hotspur,Away,32492,54908,Nacer Chadli,nacer-chadli,M,True,,,,,1.0,1.0,,,,,,,,,,,,,,,,,,,,,,,1.0,,,,,,,,,,,,,,,,,,,,1.0,1.0,0,,1.0,,,
2015-16,6768254,26,6,Tottenham_Hotspur,Away,44567,58791,Ryan Mason,ryan-mason,M,True,,,,,,,,,,,,,,,,,,,,,,,,,,,,,,,,,,,,,,,,,,,,,,,,,,,0,,,,,
2015-16,6768254,26,6,Tottenham_Hotspur,Away,44575,55605,Toby Alderweireld,toby-alderweireld,D,False,,,7.0,16.0,31.0,47.0,1.0,,9.0,,,,,,,,1.0,4.0,,,,,,,,2.0,,,90.0,,2.0,,,,,,7.3,,,,,9.0,,,,15.0,,27.0,33.0,60.0,0,3.0,80.0,,1.0,
2015-16,6768254,26,6,Tottenham_Hotspur,Away,44614,58621,Kyle Walker,kyle-walker,D,False,1.0,,,16.0,13.0,28.0,2.0,2.0,6.0,,,,,,,2.0,8.0,7.0,,,1.0,,,,,3.0,,,90.0,,,,,,,,6.7,,,,,6.0,3.0,2.0,,2.0,,22.0,16.0,36.0,0,5.0,71.0,2.0,,
2015-16,6768254,26,6,Tottenham_Hotspur,Away,69256,77794,Kieran Trippier,kieran-trippier,D,True,,,,,,,,,,,,,,,,,,,,,,,,,,,,,,,,,,,,,,,,,,,,,,,,,,,0,,,,,
2015-16,6768254,26,6,Tottenham_Hotspur,Away,94758,115556,Ben Davies,ben-davies,D,True,,,,,,,,,,,,,,,,,,,,,,,,,,,,,,,,,,,,,,,,,,,,,,,,,,,0,,,,,
2015-16,6768254,26,6,Tottenham_Hotspur,Away,105734,80607,Christian Eriksen,christian-eriksen,M,False,,,1.0,31.0,21.0,52.0,1.0,1.0,6.0,,,,2.0,,,2.0,6.0,3.0,,,,,1.0,,,,1.0,,90.0,2.0,,,,,,,7.0,,,,,1.0,2.0,3.0,,1.0,,45.0,22.0,64.0,2,1.0,79.0,2.0,,1.0
2015-16,6768254,26,6,Tottenham_Hotspur,Away,108579,78830,Harry Kane,harry-kane,F,False,,,3.0,13.0,8.0,21.0,4.0,,2.0,,,,1.0,,,3.0,11.0,2.0,,,3.0,,1.0,,,1.0,,,89.0,1.0,1.0,,,,,,6.9,,,1.0,,,,,,4.0,,18.0,9.0,27.0,2,1.0,43.0,3.0,1.0,
2015-16,6768254,26,6,Tottenham_Hotspur,Away,111505,85971,Son Heung-min,son-heung-min,F,False,,,,24.0,4.0,28.0,,1.0,7.0,,,,1.0,,,5.0,7.0,9.0,,,1.0,,,,,,1.0,,72.0,,,,,,,,6.8,,,,,,4.0,,,1.0,1.0,26.0,4.0,30.0,0,5.0,46.0,1.0,,3.0
2015-16,6768254,26,6,Tottenham_Hotspur,Away,122702,62974,Erik Lamela,erik-lamela,M,True,,,,1.0,1.0,2.0,,,1.0,1.0,,,1.0,,,1.0,3.0,3.0,,,1.0,1.0,,,,,1.0,,9.0,,,,,,,,7.5,,,,,,1.0,,,,,1.0,1.0,2.0,0,2.0,7.0,,,1.0
2015-16,6768254,26,6,Tottenham_Hotspur,Away,141203,97485,Kevin Wimmer,kevin-wimmer,D,False,,,5.0,13.0,52.0,65.0,1.0,1.0,5.0,,,,2.0,,,,6.0,1.0,,,3.0,,,,,1.0,,,90.0,,1.0,,,,,,6.4,,,,,7.0,,,,6.0,,15.0,53.0,68.0,0,,78.0,,,
2015-16,6768254,26,6,Tottenham_Hotspur,Away,146101,93264,Eric Dier,eric-dier,D,False,,,3.0,26.0,28.0,54.0,2.0,4.0,1.0,,,,,,,,4.0,8.0,,,2.0,,,,,3.0,,,90.0,,1.0,,,,,,7.4,,,1.0,,2.0,,,,5.0,,35.0,31.0,66.0,1,4.0,81.0,,,
2015-16,6768254,26,6,Tottenham_Hotspur,Away,198028,108823,Dele Alli,dele-alli,M,False,,,,20.0,12.0,32.0,2.0,,8.0,,,,4.0,,,2.0,10.0,9.0,,,3.0,,,,,2.0,,,81.0,,,,,,,,6.4,,,,,1.0,3.0,,,3.0,,32.0,15.0,47.0,0,2.0,65.0,2.0,5.0,2.0
2015-16,6768254,26,6,Tottenham_Hotspur,Away,801460,93464,Tom Carroll,carroll-tom,M,True,,,1.0,6.0,3.0,9.0,,,1.0,,,,1.0,,,,1.0,2.0,,,,,,,,,,,18.0,,,,,,,,6.5,,,,,,,,,2.0,,9.0,3.0,12.0,0,2.0,15.0,,,
2015-16,6768252,27,6,Tottenham_Hotspur,Home,9048,37915,Hugo Lloris,hugo-lloris,G,False,,,6.0,3.0,12.0,15.0,,,8.0,,,,,,,,,,,,,,,,,,,,90.0,,,,,,,,6.8,2.0,3.0,,,,,,,16.0,,10.0,15.0,25.0,0,,31.0,,,
2015-16,6768252,27,6,Tottenham_Hotspur,Home,16586,38290,Danny Rose,danny-rose,D,False,1.0,,,18.0,4.0,21.0,1.0,2.0,6.0,2.0,,1.0,,,,2.0,4.0,6.0,,,1.0,,1.0,,,2.0,2.0,,90.0,2.0,1.0,,,,,,8.2,,,,,7.0,,3.0,,4.0,,25.0,6.0,28.0,3,2.0,72.0,1.0,2.0,
2015-16,6768252,27,6,Tottenham_Hotspur,Home,16944,39215,Michel Vorm,michel-vorm,G,True,,,,,,,,,,,,,,,,,,,,,,,,,,,,,,,,,,,,,,,,,,,,,,,,,,,0,,,,,
2015-16,6768252,27,6,Tottenham_Hotspur,Home,32492,54908,Nacer Chadli,nacer-chadli,M,True,,,1.0,9.0,1.0,10.0,,,1.0,,,1.0,,,,1.0,1.0,1.0,,,,,1.0,,,,1.0,,27.0,1.0,,,,,,,7.4,,,2.0,,1.0,,,,1.0,,9.0,1.0,10.0,4,,18.0,,1.0,
2015-16,6768252,27,6,Tottenham_Hotspur,Home,44567,58791,Ryan Mason,ryan-mason,M,True,,,,4.0,3.0,7.0,,1.0,1.0,,,,,,,,,2.0,,,,,,,,,1.0,,15.0,,,,,,,,6.9,,,1.0,,1.0,,,,,,5.0,3.0,8.0,1,1.0,11.0,,,
2015-16,6768252,27,6,Tottenham_Hotspur,Home,44575,55605,Toby Alderweireld,toby-alderweireld,D,False,,,6.0,22.0,26.0,48.0,,1.0,9.0,,,,,,,,1.0,2.0,,,1.0,,,,,2.0,1.0,,90.0,,1.0,,,,,,7.3,,,,,6.0,,,,15.0,,31.0,28.0,59.0,0,1.0,71.0,,,
2015-16,6768252,27,6,Tottenham_Hotspur,Home,44614,58621,Kyle Walker,kyle-walker,D,False,2.0,,2.0,21.0,12.0,31.0,,1.0,9.0,1.0,,1.0,,,,1.0,3.0,3.0,,,2.0,1.0,,,,4.0,4.0,,90.0,,,,,,,,7.6,,,1.0,,2.0,,7.0,,3.0,1.0,32.0,12.0,37.0,2,1.0,68.0,,1.0,
2015-16,6768252,27,6,Tottenham_Hotspur,Home,69256,77794,Kieran Trippier,kieran-trippier,D,True,,,,,,,,,,,,,,,,,,,,,,,,,,,,,,,,,,,,,,,,,,,,,,,,,,,0,,,,,
2015-16,6768252,27,6,Tottenham_Hotspur,Home,94758,115556,Ben Davies,ben-davies,D,True,,,,,,,,,,,,,,,,,,,,,,,,,,,,,,,,,,,,,,,,,,,,,,,,,,,0,,,,,
2015-16,6768252,27,6,Tottenham_Hotspur,Home,105734,80607,Christian Eriksen,christian-eriksen,M,False,1.0,,4.0,50.0,10.0,59.0,1.0,1.0,10.0,1.0,,,2.0,,,3.0,8.0,5.0,,,1.0,,,,,6.0,3.0,,90.0,4.0,,,,,,,7.9,,,2.0,,,3.0,9.0,,9.0,,67.0,13.0,71.0,6,1.0,102.0,,1.0,2.0
2015-16,6768252,27,6,Tottenham_Hotspur,Home,108579,78830,Harry Kane,harry-kane,F,False,,,1.0,13.0,1.0,14.0,6.0,7.0,,,1.0,,,,,1.0,7.0,7.0,,,,,,,,1.0,1.0,,84.0,4.0,,,,,,,7.2,,,3.0,,,,2.0,,1.0,2.0,20.0,1.0,19.0,7,,35.0,2.0,1.0,
2015-16,6768252,27,6,Tottenham_Hotspur,Home,111505,85971,Son Heung-min,son-heung-min,F,False,,,,14.0,6.0,20.0,,1.0,4.0,,1.0,,,,,,,2.0,,,,,,,,,2.0,,75.0,1.0,,,,,,,6.6,,,,,1.0,,2.0,,,,21.0,6.0,25.0,1,,33.0,,1.0,
2015-16,6768252,27,6,Tottenham_Hotspur,Home,122702,62974,Erik Lamela,erik-lamela,M,False,2.0,,1.0,14.0,1.0,13.0,1.0,,4.0,,1.0,,,,,1.0,4.0,4.0,,,2.0,,,,,,2.0,,63.0,1.0,,,,,,,6.9,,,1.0,,,,4.0,,3.0,,25.0,2.0,23.0,2,2.0,36.0,2.0,2.0,
2015-16,6768252,27,6,Tottenham_Hotspur,Home,141203,97485,Kevin Wimmer,kevin-wimmer,D,False,,,3.0,13.0,32.0,45.0,1.0,,4.0,,,,,,,,3.0,1.0,,,2.0,,,,,2.0,,,90.0,,,,,,,,6.7,,,,,5.0,,,,11.0,,22.0,34.0,56.0,0,,65.0,,1.0,
2015-16,6768252,27,6,Tottenham_Hotspur,Home,146101,93264,Eric Dier,eric-dier,D,False,,,3.0,33.0,13.0,46.0,2.0,4.0,4.0,,1.0,,,,,1.0,3.0,7.0,,,,,,,,3.0,3.0,,90.0,1.0,,,,,,,7.2,,,2.0,,1.0,,1.0,,7.0,,43.0,16.0,58.0,3,1.0,72.0,,2.0,
2015-16,6768252,27,6,Tottenham_Hotspur,Home,198028,108823,Dele Alli,dele-alli,M,False,,,1.0,17.0,1.0,18.0,2.0,4.0,2.0,1.0,,3.0,1.0,,,4.0,10.0,11.0,,,2.0,,,,,1.0,3.0,,90.0,1.0,1.0,,,,,,7.1,,,,,1.0,5.0,,,1.0,,24.0,2.0,26.0,4,2.0,52.0,3.0,2.0,3.0
2015-16,6768252,27,6,Tottenham_Hotspur,Home,361332,168765,Joshua Onomah,joshua-onomah,M,True,,,,2.0,,2.0,1.0,,,,,,,,,1.0,2.0,,,,,,,,,,,,6.0,,,,,,,,6.3,,,1.0,,,,,,1.0,,5.0,,5.0,1,,9.0,1.0,,
2015-16,6768252,27,6,Tottenham_Hotspur,Home,368120,126407,Nabil Bentaleb,nabil-bentaleb,M,True,,,,,,,,,,,,,,,,,,,,,,,,,,,,,,,,,,,,,,,,,,,,,,,,,,,0,,,,,
2015-16,6768265,28,6,Tottenham_Hotspur,Away,9048,37915,Hugo Lloris,hugo-lloris,G,False,,1.0,12.0,7.0,10.0,17.0,,,10.0,,,,,,,,,,,,,,,,,,,,90.0,,,,,,,,6.7,,2.0,,,2.0,,,1.0,28.0,,19.0,14.0,33.0,0,,42.0,,,
2015-16,6768265,28,6,Tottenham_Hotspur,Away,16586,38290,Danny Rose,danny-rose,D,True,,,,,,,,,,,,,,,,,,,,,,,,,,,,,,,,,,,,,,,,,,,,,,,,,,,0,,,,,
2015-16,6768265,28,6,Tottenham_Hotspur,Away,16944,39215,Michel Vorm,michel-vorm,G,True,,,,,,,,,,,,,,,,,,,,,,,,,,,,,,,,,,,,,,,,,,,,,,,,,,,0,,,,,
2015-16,6768265,28,6,Tottenham_Hotspur,Away,32492,54908,Nacer Chadli,nacer-chadli,M,False,,,,14.0,7.0,21.0,6.0,4.0,3.0,,,,,,,,8.0,10.0,,,1.0,,,,,1.0,,,61.0,,,,,,,,6.9,,,,,1.0,1.0,,,1.0,,19.0,8.0,27.0,0,4.0,40.0,3.0,2.0,
2015-16,6768265,28,6,Tottenham_Hotspur,Away,44567,58791,Ryan Mason,ryan-mason,M,False,,,1.0,14.0,21.0,35.0,1.0,1.0,3.0,,,,2.0,,,,3.0,11.0,,,,,,,,2.0,,,90.0,,,,,,,,7.5,,,1.0,,1.0,,,,2.0,,19.0,23.0,42.0,1,8.0,59.0,,2.0,
2015-16,6768265,28,6,Tottenham_Hotspur,Away,44575,55605,Toby Alderweireld,toby-alderweireld,D,False,,,6.0,11.0,24.0,35.0,1.0,2.0,3.0,,,,,,,,2.0,4.0,,,1.0,,,,,2.0,,,90.0,1.0,1.0,,,,,,7.3,,,1.0,,4.0,,,,10.0,,16.0,27.0,43.0,2,2.0,58.0,,,
2015-16,6768265,28,6,Tottenham_Hotspur,Away,44614,58621,Kyle Walker,kyle-walker,D,True,,,,,,,,,,,,,,,,,,,,,,,,,,,,,,,,,,,,,,,,,,,,,,,,,,,0,,,,,
2015-16,6768265,28,6,Tottenham_Hotspur,Away,69256,77794,Kieran Trippier,kieran-trippier,D,False,2.0,,4.0,28.0,18.0,44.0,2.0,2.0,5.0,,,,1.0,,,,4.0,10.0,,,1.0,,,,,1.0,1.0,,90.0,,,,,,,,7.3,,,,,,1.0,5.0,,8.0,,43.0,25.0,63.0,0,5.0,99.0,2.0,2.0,1.0
2015-16,6768265,28,6,Tottenham_Hotspur,Away,94758,115556,Ben Davies,ben-davies,D,False,,,,20.0,15.0,35.0,,1.0,6.0,,,,3.0,,,,5.0,6.0,,,1.0,,,,,3.0,,,90.0,,,,,,,,6.6,,,1.0,,3.0,1.0,2.0,,5.0,,34.0,22.0,54.0,1,5.0,86.0,3.0,,
2015-16,6768265,28,6,Tottenham_Hotspur,Away,105734,80607,Christian Eriksen,christian-eriksen,M,False,1.0,,1.0,38.0,10.0,47.0,1.0,1.0,11.0,1.0,,,,,,3.0,6.0,4.0,,,,,,,,1.0,3.0,,90.0,1.0,,,,,,,6.8,,,,,,4.0,5.0,,4.0,,48.0,16.0,59.0,1,,84.0,3.0,1.0,2.0
2015-16,6768265,28,6,Tottenham_Hotspur,Away,108579,78830,Harry Kane,harry-kane,F,False,,,,10.0,2.0,12.0,3.0,3.0,2.0,,2.0,,1.0,,,2.0,10.0,3.0,,,1.0,,,,,1.0,,,90.0,1.0,1.0,,,,,,5.8,,,1.0,,1.0,3.0,2.0,,,2.0,18.0,2.0,18.0,2,,36.0,1.0,1.0,
2015-16,6768265,28,6,Tottenham_Hotspur,Away,111505,85971,Son Heung-min,son-heung-min,F,True,,,,2.0,1.0,3.0,1.0,,2.0,,,,,,,,1.0,2.0,,,,,,,,,,,20.0,,,,,,,,6.7,,,1.0,,,,,,,,5.0,2.0,7.0,1,2.0,14.0,3.0,,
2015-16,6768265,28,6,Tottenham_Hotspur,Away,122702,62974,Erik Lamela,erik-lamela,M,False,,,,11.0,7.0,18.0,,4.0,6.0,,,,,,,1.0,5.0,7.0,,,3.0,,,,,1.0,2.0,,70.0,,,,,,,,6.8,,,1.0,,,2.0,2.0,,,,19.0,9.0,26.0,1,2.0,46.0,6.0,1.0,1.0
2015-16,6768265,28,6,Tottenham_Hotspur,Away,141203,97485,Kevin Wimmer,kevin-wimmer,D,False,,,4.0,11.0,30.0,41.0,1.0,1.0,,,,,,,,,2.0,2.0,,,1.0,,,,,1.0,,,77.0,,1.0,,,,,,6.8,,,,,5.0,,,,7.0,,13.0,34.0,47.0,0,,55.0,,1.0,
2015-16,6768265,28,6,Tottenham_Hotspur,Away,146101,93264,Eric Dier,eric-dier,D,False,,,1.0,16.0,28.0,44.0,1.0,4.0,10.0,,,,2.0,,,1.0,5.0,5.0,,,1.0,,,,,3.0,2.0,,90.0,,2.0,,,,,,6.9,,,,,3.0,,1.0,,5.0,,27.0,33.0,59.0,0,1.0,70.0,,,
2015-16,6768265,28,6,Tottenham_Hotspur,Away,198028,108823,Dele Alli,dele-alli,M,True,,,,7.0,3.0,10.0,1.0,1.0,,,,,1.0,,,1.0,6.0,3.0,,,1.0,,,,,,,,29.0,,,,,,,,6.2,,,,,,2.0,,,1.0,,14.0,3.0,17.0,0,2.0,26.0,2.0,,
2015-16,6768265,28,6,Tottenham_Hotspur,Away,361332,168765,Joshua Onomah,joshua-onomah,M,True,,,,,,,,,,,,,,,,,,,,,,,,,,,,,,,,,,,,,,,,,,,,,,,,,,,0,,,,,
2015-16,6768265,28,6,Tottenham_Hotspur,Away,801460,93464,Tom Carroll,carroll-tom,M,True,,,1.0,5.0,1.0,6.0,,,,,,,1.0,,,,2.0,1.0,,,,,,,,1.0,,,13.0,,,,,,,,6.4,,,,,,1.0,1.0,,2.0,,7.0,1.0,7.0,0,1.0,15.0,1.0,,
2015-16,6768278,29,6,Tottenham_Hotspur,Home,9048,37915,Hugo Lloris,hugo-lloris,G,False,,2.0,4.0,2.0,9.0,11.0,,,7.0,,,,,,,,,,,,,,,,,,,,90.0,,,,,,,,6.5,1.0,2.0,,,1.0,,,2.0,11.0,,9.0,9.0,18.0,0,,26.0,,,
2015-16,6768278,29,6,Tottenham_Hotspur,Home,9865,39104,Mousa Dembélé,mousa-dembele,M,False,,,3.0,21.0,14.0,35.0,1.0,,9.0,,,,,,,1.0,3.0,12.0,,,,,,,,2.0,2.0,,82.0,,,,,,,,8.1,,,,,1.0,6.0,,,3.0,,22.0,14.0,36.0,0,7.0,58.0,,,5.0
2015-16,6768278,29,6,Tottenham_Hotspur,Home,16586,38290,Danny Rose,danny-rose,D,False,2.0,,2.0,15.0,11.0,24.0,1.0,,10.0,,,1.0,,,,2.0,4.0,8.0,,,1.0,,,,,1.0,2.0,,78.0,,2.0,,,,,,7.4,,,2.0,,2.0,3.0,7.0,,7.0,,28.0,17.0,38.0,3,4.0,76.0,,1.0,3.0
2015-16,6768278,29,6,Tottenham_Hotspur,Home,16944,39215,Michel Vorm,michel-vorm,G,True,,,,,,,,,,,,,,,,,,,,,,,,,,,,,,,,,,,,,,,,,,,,,,,,,,,0,,,,,
2015-16,6768278,29,6,Tottenham_Hotspur,Home,32492,54908,Nacer Chadli,nacer-chadli,M,True,,,,,,,,,,,,,,,,,,,,,,,,,,,,,,,,,,,,,,,,,,,,,,,,,,,0,,,,,
2015-16,6768278,29,6,Tottenham_Hotspur,Home,44567,58791,Ryan Mason,ryan-mason,M,True,,,,1.0,2.0,3.0,,2.0,1.0,,,1.0,,,,,,4.0,,,,,,,,,,,23.0,,,,,,,,6.8,,,,,1.0,,,,,,3.0,3.0,6.0,1,1.0,13.0,,1.0,
2015-16,6768278,29,6,Tottenham_Hotspur,Home,44575,55605,Toby Alderweireld,toby-alderweireld,D,False,,,3.0,11.0,27.0,38.0,1.0,,7.0,,,,3.0,,,,4.0,2.0,,,,,1.0,,,1.0,1.0,,90.0,1.0,,,,,,,6.9,,,,,4.0,,,,12.0,,22.0,32.0,54.0,1,2.0,63.0,,,
2015-16,6768278,29,6,Tottenham_Hotspur,Home,44614,58621,Kyle Walker,kyle-walker,D,False,1.0,,2.0,15.0,5.0,19.0,2.0,2.0,5.0,1.0,,,,,,,7.0,6.0,,,3.0,,,,,4.0,2.0,,90.0,1.0,,,,,,,7.1,,,,,2.0,3.0,4.0,,6.0,,26.0,10.0,32.0,1,3.0,62.0,1.0,,1.0
2015-16,6768278,29,6,Tottenham_Hotspur,Home,69256,77794,Kieran Trippier,kieran-trippier,D,True,,,,,,,,,,,,,,,,,,,,,,,,,,,,,,,,,,,,,,,,,,,,,,,,,,,0,,,,,
2015-16,6768278,29,6,Tottenham_Hotspur,Home,94758,115556,Ben Davies,ben-davies,D,True,,,1.0,4.0,1.0,5.0,1.0,,,,,,1.0,,,,2.0,,,,,,,,,,1.0,,12.0,,,,,,,,6.4,,,,,1.0,,1.0,,1.0,,6.0,1.0,6.0,0,,12.0,,,
2015-16,6768278,29,6,Tottenham_Hotspur,Home,105734,80607,Christian Eriksen,christian-eriksen,M,False,1.0,,1.0,31.0,5.0,35.0,,,5.0,,,1.0,1.0,,,1.0,3.0,1.0,,1.0,,,,,,,5.0,,90.0,2.0,,,,,,,6.6,,,1.0,,1.0,1.0,10.0,,3.0,,51.0,8.0,49.0,4,1.0,78.0,5.0,,
2015-16,6768278,29,6,Tottenham_Hotspur,Home,108579,78830,Harry Kane,harry-kane,F,False,,,,13.0,6.0,19.0,4.0,,5.0,,,1.0,,,,1.0,8.0,4.0,,,1.0,,1.0,,,1.0,2.0,,90.0,4.0,,,,,,,7.9,,,3.0,,2.0,2.0,,,,2.0,15.0,7.0,22.0,8,1.0,47.0,4.0,3.0,
2015-16,6768278,29,6,Tottenham_Hotspur,Home,111505,85971,Son Heung-min,son-heung-min,F,True,,,,1.0,1.0,2.0,,,,,,,,,,,,,,,,,,,,,,,8.0,,,,,,,,6.5,,,,,,,,,,,3.0,1.0,4.0,0,,4.0,,,
2015-16,6768278,29,6,Tottenham_Hotspur,Home,122702,62974,Erik Lamela,erik-lamela,M,False,1.0,,,15.0,6.0,20.0,,,8.0,1.0,1.0,1.0,2.0,,,1.0,7.0,5.0,,,1.0,1.0,,,,2.0,1.0,,67.0,1.0,,,,,,,6.7,,,,,,3.0,3.0,,1.0,,22.0,7.0,26.0,2,5.0,45.0,1.0,,
2015-16,6768278,29,6,Tottenham_Hotspur,Home,141203,97485,Kevin Wimmer,kevin-wimmer,D,False,,,5.0,11.0,31.0,42.0,,1.0,5.0,,,,,,,,,3.0,,,1.0,,,,,2.0,,,90.0,,2.0,,,,,,7.3,,,,,6.0,,,,9.0,,16.0,35.0,51.0,0,2.0,65.0,1.0,,
2015-16,6768278,29,6,Tottenham_Hotspur,Home,146101,93264,Eric Dier,eric-dier,D,False,,,1.0,20.0,22.0,42.0,3.0,1.0,6.0,,,,1.0,,,1.0,7.0,2.0,,,2.0,,,,,1.0,,,90.0,1.0,,,,,,,6.5,,,1.0,,,,1.0,,5.0,,30.0,23.0,52.0,2,1.0,61.0,2.0,,
2015-16,6768278,29,6,Tottenham_Hotspur,Home,198028,108823,Dele Alli,dele-alli,M,False,,,,16.0,6.0,22.0,3.0,3.0,9.0,,,3.0,3.0,,,5.0,16.0,9.0,,,1.0,1.0,,,,3.0,3.0,,90.0,1.0,,,,,,,6.1,,,,,1.0,4.0,,,1.0,,21.0,8.0,29.0,4,3.0,65.0,8.0,3.0,
2015-16,6768278,29,6,Tottenham_Hotspur,Home,801460,93464,Tom Carroll,carroll-tom,M,True,,,,,,,,,,,,,,,,,,,,,,,,,,,,,,,,,,,,,,,,,,,,,,,,,,,0,,,,,
2015-16,6768288,30,6,Tottenham_Hotspur,Away,9048,37915,Hugo Lloris,hugo-lloris,G,False,,,7.0,1.0,26.0,27.0,,,9.0,,,,,,,,,,,,,,,2.0,,,,,90.0,,,,,,,,7.1,1.0,2.0,,,,,,,22.0,,10.0,32.0,42.0,0,,52.0,,,
2015-16,6768288,30,6,Tottenham_Hotspur,Away,9865,39104,Mousa Dembélé,mousa-dembele,M,False,,,1.0,33.0,33.0,66.0,1.0,2.0,5.0,,,,2.0,,,5.0,9.0,9.0,,,1.0,,,,,2.0,1.0,,90.0,,1.0,,,,,,7.0,,,,,1.0,4.0,,,1.0,,36.0,35.0,71.0,0,2.0,90.0,,1.0,4.0
2015-16,6768288,30,6,Tottenham_Hotspur,Away,16586,38290,Danny Rose,danny-rose,D,False,1.0,,1.0,23.0,20.0,42.0,,1.0,14.0,1.0,,1.0,1.0,,,,2.0,6.0,,,,,,,,1.0,2.0,,90.0,,,,,,,,7.6,,,,,5.0,2.0,4.0,,3.0,,32.0,25.0,53.0,1,3.0,79.0,,1.0,1.0
2015-16,6768288,30,6,Tottenham_Hotspur,Away,16944,39215,Michel Vorm,michel-vorm,G,True,,,,,,,,,,,,,,,,,,,,,,,,,,,,,,,,,,,,,,,,,,,,,,,,,,,0,,,,,
2015-16,6768288,30,6,Tottenham_Hotspur,Away,32492,54908,Nacer Chadli,nacer-chadli,M,True,,,,,1.0,1.0,,,,,,,,,,,,,,,,,,,,,,,1.0,,,,,,,,,,,,,,,,,,,,1.0,1.0,0,,1.0,,,
2015-16,6768288,30,6,Tottenham_Hotspur,Away,44567,58791,Ryan Mason,ryan-mason,M,True,,,,1.0,7.0,8.0,,,1.0,,,,,,,,,1.0,,,,,,,,,,,3.0,,,,,,,,,,,,,,,,,,,1.0,7.0,8.0,0,1.0,9.0,,,
2015-16,6768288,30,6,Tottenham_Hotspur,Away,44575,55605,Toby Alderweireld,toby-alderweireld,D,False,,,9.0,18.0,39.0,57.0,,,5.0,,,,1.0,,,,1.0,1.0,,,,,,,,1.0,,,90.0,,1.0,,,,,,7.5,,,,,12.0,,,,16.0,,25.0,42.0,67.0,0,1.0,83.0,,,
2015-16,6768288,30,6,Tottenham_Hotspur,Away,44614,58621,Kyle Walker,kyle-walker,D,False,,,2.0,16.0,17.0,33.0,,3.0,4.0,,,1.0,1.0,,,,4.0,8.0,,,2.0,,,,,2.0,1.0,,90.0,2.0,,,,,,,7.8,,,,,6.0,2.0,1.0,,8.0,,24.0,22.0,45.0,3,4.0,79.0,1.0,,1.0
2015-16,6768288,30,6,Tottenham_Hotspur,Away,69256,77794,Kieran Trippier,kieran-trippier,D,True,,,,,,,,,,,,,,,,,,,,,,,,,,,,,,,,,,,,,,,,,,,,,,,,,,,0,,,,,
2015-16,6768288,30,6,Tottenham_Hotspur,Away,94758,115556,Ben Davies,ben-davies,D,True,,,,,,,,,,,,,,,,,,,,,,,,,,,,,,,,,,,,,,,,,,,,,,,,,,,0,,,,,
2015-16,6768288,30,6,Tottenham_Hotspur,Away,105734,80607,Christian Eriksen,christian-eriksen,M,False,,,2.0,34.0,11.0,45.0,1.0,,4.0,,,,,,,2.0,4.0,3.0,,,1.0,,,,,,,,78.0,,,,,,,,6.9,,,3.0,,2.0,1.0,5.0,,2.0,,46.0,12.0,53.0,3,2.0,68.0,,,1.0
2015-16,6768288,30,6,Tottenham_Hotspur,Away,108579,78830,Harry Kane,harry-kane,F,False,,,1.0,19.0,6.0,25.0,2.0,,4.0,,2.0,,,,,2.0,5.0,2.0,,,,,2.0,,1.0,,1.0,,90.0,4.0,,,,,,,8.1,,,3.0,,1.0,1.0,1.0,,1.0,2.0,24.0,6.0,29.0,7,1.0,43.0,,1.0,
2015-16,6768288,30,6,Tottenham_Hotspur,Away,111505,85971,Son Heung-min,son-heung-min,F,True,,,,,,,,,,,,,,,,,,,,,,,,,,,,,,,,,,,,,,,,,,,,,,,,,,,0,,,,,
2015-16,6768288,30,6,Tottenham_Hotspur,Away,122702,62974,Erik Lamela,erik-lamela,M,False,,,2.0,29.0,8.0,37.0,,,7.0,1.0,,3.0,2.0,,,2.0,6.0,1.0,,,1.0,,,,1.0,1.0,4.0,,89.0,1.0,,,,,,,7.2,,,,,,1.0,1.0,,2.0,,36.0,10.0,45.0,4,1.0,61.0,1.0,,
2015-16,6768288,30,6,Tottenham_Hotspur,Away,141203,97485,Kevin Wimmer,kevin-wimmer,D,False,,,2.0,10.0,44.0,54.0,1.0,1.0,5.0,,,,,,,,2.0,2.0,,,1.0,,,,,3.0,1.0,,90.0,,1.0,,,,,,7.5,,,,,6.0,,,,3.0,,11.0,45.0,56.0,0,1.0,68.0,,,
2015-16,6768288,30,6,Tottenham_Hotspur,Away,146101,93264,Eric Dier,eric-dier,D,False,,,2.0,23.0,25.0,48.0,7.0,2.0,5.0,,,,2.0,,,,9.0,4.0,,,,,,,,2.0,1.0,,90.0,,1.0,,,,,,7.1,,,,,3.0,,,,3.0,,28.0,27.0,55.0,0,2.0,67.0,,1.0,
2015-16,6768288,30,6,Tottenham_Hotspur,Away,198028,108823,Dele Alli,dele-alli,M,False,,,1.0,17.0,5.0,22.0,1.0,,4.0,1.0,,,2.0,,,6.0,10.0,5.0,,,,2.0,,,,2.0,3.0,,87.0,1.0,,,,,,,7.6,,,,,1.0,2.0,1.0,,4.0,,31.0,7.0,37.0,1,3.0,65.0,8.0,1.0,1.0
2015-16,6768288,30,6,Tottenham_Hotspur,Away,801460,93464,Tom Carroll,carroll-tom,M,True,,,1.0,8.0,2.0,10.0,,,5.0,,,,,,,1.0,1.0,,,,,,,,,,1.0,,12.0,,,,,,,,6.5,,,,,,,1.0,,2.0,,11.0,2.0,12.0,0,,14.0,,,
2015-16,6768293,31,6,Tottenham_Hotspur,Home,9048,37915,Hugo Lloris,hugo-lloris,G,False,,1.0,2.0,1.0,19.0,20.0,,,5.0,,,,,,,,,,,,,,,2.0,,,,,90.0,,,,,,,,6.9,,,,,,,,1.0,8.0,,7.0,19.0,26.0,0,,30.0,,,
2015-16,6768293,31,6,Tottenham_Hotspur,Home,9865,39104,Mousa Dembélé,mousa-dembele,M,False,,,2.0,18.0,39.0,57.0,,1.0,7.0,,,,,,,2.0,4.0,7.0,,,2.0,,,,,2.0,,,90.0,,,,,,,,7.3,,,,,,1.0,,,2.0,,21.0,39.0,60.0,0,5.0,76.0,3.0,,1.0
2015-16,6768293,31,6,Tottenham_Hotspur,Home,16586,38290,Danny Rose,danny-rose,D,False,,,3.0,31.0,24.0,55.0,1.0,1.0,5.0,,,,3.0,,,3.0,11.0,10.0,,,3.0,,,,,4.0,1.0,,90.0,,,,,,,,7.0,,,1.0,,2.0,3.0,3.0,,6.0,,42.0,27.0,66.0,1,3.0,104.0,,4.0,2.0
2015-16,6768293,31,6,Tottenham_Hotspur,Home,16944,39215,Michel Vorm,michel-vorm,G,True,,,,,,,,,,,,,,,,,,,,,,,,,,,,,,,,,,,,,,,,,,,,,,,,,,,0,,,,,
2015-16,6768293,31,6,Tottenham_Hotspur,Home,32492,54908,Nacer Chadli,nacer-chadli,M,True,,,,1.0,3.0,4.0,,,1.0,,,,1.0,,,,1.0,,,,,,,,,,1.0,,1.0,,,,,,,,,,,,,,,,,,,1.0,3.0,4.0,0,,5.0,,,
2015-16,6768293,31,6,Tottenham_Hotspur,Home,44567,58791,Ryan Mason,ryan-mason,M,True,,,,3.0,4.0,7.0,,,,,,,,,,,,,,,,,,,,,,,8.0,1.0,,,,,,,6.7,,,,,,,1.0,,1.0,,5.0,4.0,8.0,1,,11.0,,,
2015-16,6768293,31,6,Tottenham_Hotspur,Home,44575,55605,Toby Alderweireld,toby-alderweireld,D,False,,,7.0,12.0,39.0,51.0,,2.0,4.0,,,,1.0,,,,1.0,5.0,,,,,,,,,1.0,,90.0,,,,,,,,7.5,,,,,7.0,,,,16.0,,23.0,41.0,64.0,0,3.0,75.0,,,
2015-16,6768293,31,6,Tottenham_Hotspur,Home,44614,58621,Kyle Walker,kyle-walker,D,False,1.0,,1.0,24.0,12.0,35.0,,2.0,6.0,,,,1.0,,,,2.0,5.0,,,,1.0,,,,2.0,1.0,,90.0,,,,,,,,7.8,,,2.0,,4.0,2.0,1.0,,6.0,,27.0,17.0,43.0,2,2.0,67.0,,,1.0
2015-16,6768293,31,6,Tottenham_Hotspur,Home,69256,77794,Kieran Trippier,kieran-trippier,D,True,,,,,,,,,,,,,,,,,,,,,,,,,,,,,,,,,,,,,,,,,,,,,,,,,,,0,,,,,
2015-16,6768293,31,6,Tottenham_Hotspur,Home,105734,80607,Christian Eriksen,christian-eriksen,M,False,1.0,,5.0,47.0,14.0,60.0,,2.0,6.0,1.0,,,4.0,,,1.0,6.0,3.0,,,1.0,,1.0,,,2.0,4.0,,90.0,2.0,,,,,,,7.9,,,2.0,,1.0,1.0,2.0,,6.0,,57.0,15.0,70.0,4,,87.0,,,1.0
2015-16,6768293,31,6,Tottenham_Hotspur,Home,108579,78830,Harry Kane,harry-kane,F,False,,,1.0,15.0,5.0,20.0,2.0,3.0,2.0,,,,1.0,,,2.0,7.0,5.0,,,,,2.0,,,1.0,2.0,1.0,90.0,4.0,,,,,,,8.5,,,1.0,,1.0,2.0,,,1.0,1.0,20.0,5.0,25.0,5,1.0,41.0,2.0,1.0,
2015-16,6768293,31,6,Tottenham_Hotspur,Home,111505,85971,Son Heung-min,son-heung-min,F,True,,,,,,,,,,,,,,,,,,,,,,,,,,,,,,,,,,,,,,,,,,,,,,,,,,,0,,,,,
2015-16,6768293,31,6,Tottenham_Hotspur,Home,122702,62974,Erik Lamela,erik-lamela,M,False,1.0,,,13.0,8.0,20.0,,,1.0,,,,3.0,,,2.0,6.0,4.0,,,1.0,,,,,,1.0,,66.0,,,,,,,,6.3,,,,,,1.0,5.0,,,1.0,21.0,9.0,25.0,0,2.0,41.0,2.0,1.0,1.0
2015-16,6768293,31,6,Tottenham_Hotspur,Home,141203,97485,Kevin Wimmer,kevin-wimmer,D,False,,,14.0,26.0,57.0,83.0,3.0,1.0,7.0,,,,1.0,,,1.0,5.0,2.0,,,,,,,,2.0,1.0,,90.0,,,,,,,,7.4,,,,,5.0,,,,18.0,,30.0,58.0,88.0,0,1.0,98.0,1.0,,
2015-16,6768293,31,6,Tottenham_Hotspur,Home,146101,93264,Eric Dier,eric-dier,D,False,,,9.0,25.0,41.0,66.0,2.0,2.0,5.0,,,1.0,4.0,,,1.0,8.0,4.0,,,1.0,,,,,2.0,,,89.0,,,,,,,,6.9,,,1.0,,4.0,,,,13.0,,32.0,42.0,74.0,2,2.0,88.0,,,
2015-16,6768293,31,6,Tottenham_Hotspur,Home,198028,108823,Dele Alli,dele-alli,M,False,1.0,,1.0,22.0,3.0,24.0,1.0,2.0,4.0,,1.0,,,,,4.0,8.0,3.0,,,3.0,1.0,,,,,1.0,,82.0,1.0,,,,,,,6.7,,,1.0,,,,1.0,,1.0,1.0,28.0,3.0,30.0,2,1.0,41.0,2.0,,
2015-16,6768293,31,6,Tottenham_Hotspur,Home,801460,93464,Tom Carroll,carroll-tom,M,True,,,1.0,15.0,3.0,18.0,,,,,,,1.0,,,,1.0,,,,,,,,,,,,24.0,,,,,,,,6.4,,,,,1.0,,,,1.0,,15.0,3.0,18.0,0,,20.0,,,
2015-16,6768293,31,6,Tottenham_Hotspur,Home,823085,158534,Kyle Walker-Peters,kyle-walker-peters,D,True,,,,,,,,,,,,,,,,,,,,,,,,,,,,,,,,,,,,,,,,,,,,,,,,,,,0,,,,,
2015-16,6768305,32,6,Tottenham_Hotspur,Away,9048,37915,Hugo Lloris,hugo-lloris,G,False,,1.0,4.0,4.0,11.0,15.0,,,14.0,,,,,,,,,,,,,,,3.0,,,,,90.0,,,,,,,2.0,7.8,3.0,7.0,,,2.0,,,1.0,14.0,,11.0,14.0,25.0,0,,46.0,,,
2015-16,6768305,32,6,Tottenham_Hotspur,Away,9865,39104,Mousa Dembélé,mousa-dembele,M,False,,,1.0,32.0,29.0,61.0,,4.0,12.0,,,,1.0,,,5.0,6.0,17.0,,,,,,,,2.0,,,90.0,1.0,,,,,,,8.0,,,,,6.0,8.0,,,1.0,,35.0,33.0,68.0,1,3.0,97.0,,2.0,8.0
2015-16,6768305,32,6,Tottenham_Hotspur,Away,16586,38290,Danny Rose,danny-rose,D,False,,,2.0,22.0,23.0,45.0,,,7.0,,,,,,,3.0,4.0,7.0,,,1.0,,,,,6.0,1.0,,90.0,,,,,,,,7.3,,,,,3.0,4.0,3.0,,6.0,,38.0,25.0,60.0,0,3.0,94.0,,,4.0
2015-16,6768305,32,6,Tottenham_Hotspur,Away,16944,39215,Michel Vorm,michel-vorm,G,True,,,,,,,,,,,,,,,,,,,,,,,,,,,,,,,,,,,,,,,,,,,,,,,,,,,0,,,,,
2015-16,6768305,32,6,Tottenham_Hotspur,Away,32492,54908,Nacer Chadli,nacer-chadli,M,True,,,,4.0,1.0,5.0,1.0,1.0,2.0,,,,,,,1.0,4.0,3.0,,,1.0,,,,,,,,24.0,,,,,,,,6.3,,,,,,1.0,2.0,,,,7.0,2.0,7.0,0,1.0,14.0,,1.0,
2015-16,6768305,32,6,Tottenham_Hotspur,Away,44567,58791,Ryan Mason,ryan-mason,M,True,,,,1.0,,1.0,1.0,,,,,,,,,,1.0,1.0,,,,,,,,,,,2.0,,,,,,,,,,,,,,,,,,,2.0,,2.0,0,,3.0,,1.0,
2015-16,6768305,32,6,Tottenham_Hotspur,Away,44575,55605,Toby Alderweireld,toby-alderweireld,D,False,,,9.0,10.0,32.0,42.0,,2.0,3.0,,,,,,,,,7.0,,,,,,,,1.0,,,90.0,,1.0,,,,,,7.8,,,3.0,,8.0,2.0,,,17.0,,21.0,33.0,54.0,3,2.0,74.0,,1.0,2.0
2015-16,6768305,32,6,Tottenham_Hotspur,Away,44614,58621,Kyle Walker,kyle-walker,D,False,,,2.0,14.0,9.0,23.0,,1.0,5.0,,,,3.0,,,3.0,7.0,3.0,,,1.0,,,,,5.0,2.0,,90.0,,,,,,,,6.5,,,,,2.0,,2.0,,3.0,,22.0,14.0,34.0,0,2.0,61.0,,,
2015-16,6768305,32,6,Tottenham_Hotspur,Away,69256,77794,Kieran Trippier,kieran-trippier,D,True,,,,,,,,,,,,,,,,,,,,,,,,,,,,,,,,,,,,,,,,,,,,,,,,,,,0,,,,,
2015-16,6768305,32,6,Tottenham_Hotspur,Away,94758,115556,Ben Davies,ben-davies,D,True,,,,,,,,,,,,,,,,,,,,,,,,,,,,,,,,,,,,,,,,,,,,,,,,,,,0,,,,,
2015-16,6768305,32,6,Tottenham_Hotspur,Away,105734,80607,Christian Eriksen,christian-eriksen,M,False,4.0,,4.0,37.0,8.0,41.0,1.0,,5.0,,,,,,,4.0,6.0,4.0,,1.0,1.0,1.0,,,,,5.0,,90.0,2.0,,,,,,,7.7,,,1.0,,1.0,1.0,7.0,,9.0,,48.0,8.0,49.0,3,3.0,79.0,2.0,,1.0
2015-16,6768305,32,6,Tottenham_Hotspur,Away,108579,78830,Harry Kane,harry-kane,F,False,,,1.0,9.0,4.0,13.0,2.0,1.0,4.0,1.0,,2.0,,,,3.0,7.0,6.0,,,1.0,,1.0,,,1.0,3.0,,90.0,1.0,1.0,,,,,,8.0,,,1.0,,,5.0,1.0,,2.0,,13.0,5.0,17.0,4,,38.0,3.0,1.0,4.0
2015-16,6768305,32,6,Tottenham_Hotspur,Away,111505,85971,Son Heung-min,son-heung-min,F,False,,,,16.0,7.0,23.0,,1.0,4.0,,1.0,2.0,,,,1.0,4.0,1.0,,,2.0,,,,,1.0,,,66.0,,,,,,,,6.0,,,1.0,,,1.0,3.0,,,1.0,26.0,7.0,30.0,3,,46.0,3.0,,
2015-16,6768305,32,6,Tottenham_Hotspur,Away,141203,97485,Kevin Wimmer,kevin-wimmer,D,False,,,1.0,8.0,40.0,48.0,1.0,1.0,7.0,,,,1.0,,,,3.0,3.0,,,1.0,,,,,3.0,,,90.0,,2.0,,,,,,7.0,,,,,3.0,,,,5.0,,12.0,44.0,56.0,0,1.0,67.0,,1.0,
2015-16,6768305,32,6,Tottenham_Hotspur,Away,146101,93264,Eric Dier,eric-dier,D,False,,,4.0,28.0,37.0,65.0,,6.0,4.0,1.0,,1.0,1.0,,,,1.0,8.0,,,,,,,,1.0,1.0,,90.0,,2.0,,,,,,7.8,,,,,3.0,1.0,,,9.0,,37.0,41.0,78.0,1,,94.0,1.0,1.0,1.0
2015-16,6768305,32,6,Tottenham_Hotspur,Away,198028,108823,Dele Alli,dele-alli,M,False,,,,22.0,6.0,28.0,2.0,,4.0,,1.0,1.0,,,,4.0,9.0,4.0,,,3.0,,,,,,2.0,,88.0,1.0,,,,,,,6.3,,,1.0,,,2.0,,,1.0,,34.0,6.0,40.0,3,2.0,59.0,2.0,2.0,
2015-16,6768305,32,6,Tottenham_Hotspur,Away,361332,168765,Joshua Onomah,joshua-onomah,M,True,,,,,,,,,,,,,,,,,,,,,,,,,,,,,,,,,,,,,,,,,,,,,,,,,,,0,,,,,
2015-16,6768305,32,6,Tottenham_Hotspur,Away,801460,93464,Tom Carroll,carroll-tom,M,True,,,,,,,,,,,,,,,,,,,,,,,,,,,,,,,,,,,,,,,,,,,,,,,,,,,0,,,,,
2015-16,6768321,33,6,Tottenham_Hotspur,Home,9048,37915,Hugo Lloris,hugo-lloris,G,False,,1.0,4.0,2.0,11.0,13.0,,,4.0,,,,,,,,,,,,,,,,,,,,90.0,,,,,,,,7.0,1.0,1.0,,,,,,1.0,18.0,,12.0,16.0,28.0,0,,32.0,,,
2015-16,6768321,33,6,Tottenham_Hotspur,Home,9865,39104,Mousa Dembélé,mousa-dembele,M,False,,,,23.0,12.0,35.0,2.0,1.0,13.0,,1.0,,1.0,,,1.0,5.0,8.0,,,1.0,,,,,4.0,3.0,,90.0,,1.0,,,,,,7.6,,,1.0,,1.0,4.0,,,,,27.0,17.0,44.0,1,3.0,65.0,2.0,,4.0
2015-16,6768321,33,6,Tottenham_Hotspur,Home,16586,38290,Danny Rose,danny-rose,D,False,,,3.0,21.0,8.0,29.0,1.0,,7.0,,,,,,,1.0,6.0,7.0,,,2.0,1.0,,,,1.0,1.0,,90.0,,,,,,,,7.2,,,2.0,,2.0,3.0,5.0,,7.0,,38.0,9.0,42.0,2,3.0,75.0,,3.0,1.0
2015-16,6768321,33,6,Tottenham_Hotspur,Home,16921,39194,Jan Vertonghen,jan-vertonghen,D,False,,,1.0,6.0,24.0,30.0,,1.0,3.0,,,,,,,,1.0,3.0,,,1.0,,,,,1.0,,,90.0,1.0,,,,,,,7.3,,,,,3.0,,,,1.0,,8.0,24.0,32.0,1,2.0,41.0,,,
2015-16,6768321,33,6,Tottenham_Hotspur,Home,16944,39215,Michel Vorm,michel-vorm,G,True,,,,,,,,,,,,,,,,,,,,,,,,,,,,,,,,,,,,,,,,,,,,,,,,,,,0,,,,,
2015-16,6768321,33,6,Tottenham_Hotspur,Home,32492,54908,Nacer Chadli,nacer-chadli,M,True,,,,3.0,,3.0,,,,,,,,,,,,,,,,,,,,,,,3.0,,,,,,,,6.5,,,,,,,,,,,3.0,,3.0,0,,3.0,,,
2015-16,6768321,33,6,Tottenham_Hotspur,Home,44567,58791,Ryan Mason,ryan-mason,M,True,,,,2.0,1.0,3.0,,,1.0,,,,,,,,,,,,,,,,,,,,1.0,,,,,,,,,,,,,,,,,,,2.0,1.0,3.0,0,,4.0,1.0,,
2015-16,6768321,33,6,Tottenham_Hotspur,Home,44575,55605,Toby Alderweireld,toby-alderweireld,D,False,,,7.0,8.0,23.0,31.0,,3.0,5.0,,,,,,,,1.0,4.0,,,,,1.0,,,1.0,1.0,,90.0,1.0,1.0,,,,,,8.3,,,,,11.0,1.0,,,14.0,,17.0,24.0,41.0,1,1.0,63.0,,,
2015-16,6768321,33,6,Tottenham_Hotspur,Home,44614,58621,Kyle Walker,kyle-walker,D,False,,,6.0,5.0,7.0,12.0,3.0,,9.0,,,1.0,1.0,,,,5.0,7.0,,,1.0,,,,,3.0,,,90.0,,,,,,,,7.6,,,,,5.0,2.0,1.0,,10.0,1.0,10.0,8.0,17.0,1,4.0,53.0,2.0,1.0,2.0
2015-16,6768321,33,6,Tottenham_Hotspur,Home,69256,77794,Kieran Trippier,kieran-trippier,D,True,,,,,,,,,,,,,,,,,,,,,,,,,,,,,,,,,,,,,,,,,,,,,,,,,,,0,,,,,
2015-16,6768321,33,6,Tottenham_Hotspur,Home,105734,80607,Christian Eriksen,christian-eriksen,M,False,1.0,,4.0,28.0,13.0,40.0,,,9.0,2.0,,,3.0,,,3.0,7.0,1.0,,,1.0,1.0,,,,3.0,4.0,,90.0,1.0,,,,,,,7.6,,,2.0,,1.0,,2.0,,6.0,,44.0,15.0,57.0,3,1.0,72.0,1.0,,
2015-16,6768321,33,6,Tottenham_Hotspur,Home,108579,78830,Harry Kane,harry-kane,F,False,,,2.0,12.0,2.0,14.0,1.0,3.0,2.0,,,,,,,4.0,7.0,8.0,,,2.0,,,,,,,,89.0,2.0,,,,,,,7.1,,,,,,2.0,,,2.0,1.0,21.0,4.0,25.0,2,,39.0,,3.0,2.0
2015-16,6768321,33,6,Tottenham_Hotspur,Home,111505,85971,Son Heung-min,son-heung-min,F,True,,,,4.0,1.0,5.0,,,,,,,,,,1.0,1.0,1.0,,,,,,,,,,,1.0,,,,,,,,,,,,,,1.0,,,,,5.0,1.0,6.0,0,,8.0,,,1.0
2015-16,6768321,33,6,Tottenham_Hotspur,Home,122702,62974,Erik Lamela,erik-lamela,M,False,2.0,,2.0,9.0,7.0,14.0,,,7.0,,1.0,,,,,4.0,4.0,10.0,,,,1.0,1.0,,,2.0,2.0,,87.0,1.0,,,,,,,8.6,,,2.0,,,1.0,4.0,,4.0,,18.0,13.0,27.0,3,7.0,66.0,3.0,2.0,1.0
2015-16,6768321,33,6,Tottenham_Hotspur,Home,141203,97485,Kevin Wimmer,kevin-wimmer,D,True,,,,,,,,,,,,,,,,,,,,,,,,,,,,,,,,,,,,,,,,,,,,,,,,,,,0,,,,,
2015-16,6768321,33,6,Tottenham_Hotspur,Home,146101,93264,Eric Dier,eric-dier,D,False,,,2.0,13.0,16.0,29.0,2.0,3.0,7.0,,,,1.0,,,1.0,5.0,6.0,,,,,,,,4.0,,,90.0,1.0,1.0,,,,,,7.2,,,,,6.0,1.0,,,7.0,,20.0,17.0,37.0,1,3.0,57.0,,,
2015-16,6768321,33,6,Tottenham_Hotspur,Home,198028,108823,Dele Alli,dele-alli,M,False,,,,16.0,7.0,23.0,1.0,,8.0,1.0,,,2.0,,,4.0,9.0,5.0,,,2.0,,1.0,,,3.0,2.0,,89.0,1.0,,,,,,,7.4,,,,,2.0,2.0,,,2.0,1.0,24.0,9.0,33.0,1,3.0,57.0,3.0,1.0,1.0
2015-16,6768321,33,6,Tottenham_Hotspur,Home,801460,93464,Tom Carroll,carroll-tom,M,True,,,,,,,,,,,,,,,,,,,,,,,,,,,,,,,,,,,,,,,,,,,,,,,,,,,0,,,,,
2015-16,6768367,34,6,Tottenham_Hotspur,Away,9048,37915,Hugo Lloris,hugo-lloris,G,False,,,8.0,2.0,19.0,21.0,,,11.0,,,,,,,,,,,,,,,3.0,,,,,90.0,,,,,,,1.0,7.2,1.0,2.0,,,1.0,,,,20.0,,9.0,25.0,34.0,0,,46.0,,,
2015-16,6768367,34,6,Tottenham_Hotspur,Away,9865,39104,Mousa Dembélé,mousa-dembele,M,False,,,,15.0,10.0,25.0,,,7.0,,,,2.0,,,,5.0,5.0,,,3.0,1.0,,,,,2.0,,87.0,,3.0,,,,,,7.6,,,1.0,,1.0,1.0,,,,,16.0,13.0,29.0,1,3.0,40.0,,1.0,1.0
2015-16,6768367,34,6,Tottenham_Hotspur,Away,16586,38290,Danny Rose,danny-rose,D,False,2.0,,1.0,12.0,21.0,31.0,,2.0,9.0,,,,2.0,,,2.0,5.0,4.0,,,1.0,,,,,,1.0,,90.0,,,,,,,,6.5,,,1.0,,1.0,,3.0,,2.0,,15.0,21.0,33.0,1,,57.0,3.0,2.0,
2015-16,6768367,34,6,Tottenham_Hotspur,Away,16921,39194,Jan Vertonghen,jan-vertonghen,D,False,,,5.0,14.0,20.0,34.0,,2.0,5.0,,,,,,,1.0,1.0,5.0,,,,,,,,2.0,,,90.0,,,,,,,,7.5,,,1.0,,4.0,,,,7.0,,16.0,26.0,42.0,1,3.0,54.0,1.0,,
2015-16,6768367,34,6,Tottenham_Hotspur,Away,16944,39215,Michel Vorm,michel-vorm,G,True,,,,,,,,,,,,,,,,,,,,,,,,,,,,,,,,,,,,,,,,,,,,,,,,,,,0,,,,,
2015-16,6768367,34,6,Tottenham_Hotspur,Away,32492,54908,Nacer Chadli,nacer-chadli,M,True,,,,2.0,1.0,3.0,,,,,,,,,,,,1.0,,,,,,,,,,,6.0,,,,,,,,6.8,,,1.0,,,1.0,,,,,5.0,1.0,6.0,1,,8.0,,,1.0
2015-16,6768367,34,6,Tottenham_Hotspur,Away,44567,58791,Ryan Mason,ryan-mason,M,True,,,,3.0,7.0,10.0,1.0,,,,,,,,,,1.0,,,,,,,,,,1.0,,3.0,,,,,,,,,,,,,,,,,,,3.0,7.0,10.0,0,,12.0,1.0,,
2015-16,6768367,34,6,Tottenham_Hotspur,Away,44575,55605,Toby Alderweireld,toby-alderweireld,D,False,,,4.0,8.0,23.0,31.0,,2.0,4.0,,,,1.0,,,,1.0,3.0,,,,,,,,3.0,,,90.0,,1.0,,,,,,7.5,,,1.0,,9.0,,,,10.0,,14.0,24.0,38.0,1,1.0,55.0,,,
2015-16,6768367,34,6,Tottenham_Hotspur,Away,44614,58621,Kyle Walker,kyle-walker,D,False,1.0,,3.0,10.0,13.0,22.0,,1.0,6.0,,,,1.0,,,3.0,6.0,8.0,,,1.0,,,,,2.0,1.0,,90.0,,,,,,,,7.3,,,1.0,,2.0,1.0,2.0,,4.0,,17.0,13.0,28.0,1,5.0,62.0,,2.0,
2015-16,6768367,34,6,Tottenham_Hotspur,Away,69256,77794,Kieran Trippier,kieran-trippier,D,True,,,,,,,,,,,,,,,,,,,,,,,,,,,,,,,,,,,,,,,,,,,,,,,,,,,0,,,,,
2015-16,6768367,34,6,Tottenham_Hotspur,Away,94758,115556,Ben Davies,ben-davies,D,True,,,,,,,,,,,,,,,,,,,,,,,,,,,,,,,,,,,,,,,,,,,,,,,,,,,0,,,,,
2015-16,6768367,34,6,Tottenham_Hotspur,Away,105734,80607,Christian Eriksen,christian-eriksen,M,False,,,1.0,20.0,17.0,37.0,,1.0,3.0,1.0,1.0,,1.0,,,1.0,3.0,4.0,,,1.0,2.0,,,1.0,1.0,3.0,,90.0,,,,,,,,8.0,,,1.0,,1.0,1.0,2.0,,3.0,,27.0,19.0,44.0,1,2.0,59.0,2.0,,1.0
2015-16,6768367,34,6,Tottenham_Hotspur,Away,108579,78830,Harry Kane,harry-kane,F,False,1.0,,1.0,10.0,6.0,15.0,3.0,1.0,4.0,,,,,,,2.0,10.0,6.0,,,2.0,,2.0,,,3.0,1.0,,90.0,3.0,,,,,,,8.8,,,2.0,,2.0,4.0,2.0,,2.0,,20.0,7.0,25.0,5,2.0,56.0,1.0,2.0,1.0
2015-16,6768367,34,6,Tottenham_Hotspur,Away,111505,85971,Son Heung-min,son-heung-min,F,True,,,,1.0,,1.0,,,,,,1.0,,,,,,,,,,,,,,,,,1.0,,,,,,,,,,,1.0,,,,,,,,1.0,,1.0,2,,3.0,,,
2015-16,6768367,34,6,Tottenham_Hotspur,Away,122702,62974,Erik Lamela,erik-lamela,M,False,1.0,,,16.0,10.0,25.0,,,7.0,1.0,,,3.0,,,3.0,8.0,6.0,,,2.0,1.0,,,,,4.0,,89.0,1.0,,,,,,,7.4,,,,,1.0,2.0,4.0,,1.0,1.0,26.0,11.0,33.0,1,2.0,49.0,1.0,2.0,2.0
2015-16,6768367,34,6,Tottenham_Hotspur,Away,141203,97485,Kevin Wimmer,kevin-wimmer,D,True,,,,,,,,,,,,,,,,,,,,,,,,,,,,,,,,,,,,,,,,,,,,,,,,,,,0,,,,,
2015-16,6768367,34,6,Tottenham_Hotspur,Away,146101,93264,Eric Dier,eric-dier,D,False,,,,9.0,25.0,34.0,4.0,3.0,3.0,,,,5.0,,,,10.0,9.0,,,1.0,,,,,3.0,,,90.0,,,,,,,,6.8,,,,,1.0,1.0,,,3.0,,18.0,28.0,46.0,0,4.0,61.0,1.0,2.0,1.0
2015-16,6768367,34,6,Tottenham_Hotspur,Away,198028,108823,Dele Alli,dele-alli,M,False,,,1.0,18.0,7.0,25.0,1.0,1.0,6.0,1.0,1.0,3.0,2.0,,,6.0,12.0,6.0,,,1.0,,2.0,,1.0,1.0,4.0,,84.0,2.0,,,,,,,8.1,,,3.0,,1.0,5.0,,,1.0,,20.0,7.0,27.0,8,2.0,60.0,4.0,1.0,2.0
2015-16,6768362,35,6,Tottenham_Hotspur,Home,9048,37915,Hugo Lloris,hugo-lloris,G,False,,,8.0,5.0,19.0,24.0,,,11.0,,,,,,1.0,,,,1.0,,,,,,,,,,90.0,,,,,,,,6.5,1.0,2.0,,,,,,,13.0,,9.0,20.0,29.0,0,,39.0,,,
2015-16,6768362,35,6,Tottenham_Hotspur,Home,9865,39104,Mousa Dembélé,mousa-dembele,M,False,,,4.0,46.0,12.0,58.0,2.0,2.0,6.0,,,,,,,2.0,7.0,9.0,,,3.0,,,,,2.0,1.0,,90.0,,,,,,,,7.6,,,1.0,,4.0,4.0,,,4.0,,50.0,13.0,63.0,1,2.0,86.0,1.0,1.0,4.0
2015-16,6768362,35,6,Tottenham_Hotspur,Home,16586,38290,Danny Rose,danny-rose,D,False,,,,24.0,17.0,41.0,1.0,,5.0,,,,1.0,,,2.0,6.0,9.0,,,1.0,,,,,2.0,,,90.0,,1.0,,,,,,7.0,,,,,3.0,2.0,2.0,,2.0,,30.0,21.0,49.0,0,7.0,83.0,2.0,1.0,1.0
2015-16,6768362,35,6,Tottenham_Hotspur,Home,16921,39194,Jan Vertonghen,jan-vertonghen,D,False,,,2.0,8.0,27.0,35.0,3.0,1.0,3.0,,,1.0,,,,1.0,5.0,3.0,,,1.0,,,,,1.0,,,90.0,,,,,,,,7.1,,,,,13.0,,,,6.0,,11.0,28.0,39.0,1,2.0,59.0,2.0,,
2015-16,6768362,35,6,Tottenham_Hotspur,Home,16944,39215,Michel Vorm,michel-vorm,G,True,,,,,,,,,,,,,,,,,,,,,,,,,,,,,,,,,,,,,,,,,,,,,,,,,,,0,,,,,
2015-16,6768362,35,6,Tottenham_Hotspur,Home,32492,54908,Nacer Chadli,nacer-chadli,M,True,,,,,1.0,1.0,,,,,,,,,,,,,,,,,,,,,,,1.0,,,,,,,,,,,,,,,1.0,,,,1.0,1.0,1.0,0,,3.0,,,
2015-16,6768362,35,6,Tottenham_Hotspur,Home,44567,58791,Ryan Mason,ryan-mason,M,True,1.0,,,11.0,6.0,16.0,1.0,,,,,,,,,,1.0,,,,,,,,,,,,15.0,,,,,,,,6.6,,,,,1.0,,1.0,,,,12.0,6.0,17.0,0,,19.0,,,
2015-16,6768362,35,6,Tottenham_Hotspur,Home,44575,55605,Toby Alderweireld,toby-alderweireld,D,False,,,10.0,26.0,32.0,58.0,,1.0,1.0,,,1.0,,,,,,2.0,,,,,,,,,,,90.0,,4.0,,,,,,7.6,,,1.0,,6.0,,1.0,,19.0,,35.0,36.0,70.0,2,1.0,87.0,,,
2015-16,6768362,35,6,Tottenham_Hotspur,Home,44614,58621,Kyle Walker,kyle-walker,D,False,,,4.0,20.0,8.0,28.0,2.0,2.0,3.0,,,,,,,2.0,4.0,5.0,,,,,,,,2.0,,,90.0,,,,,,,,6.7,,,,,4.0,1.0,3.0,,7.0,,25.0,11.0,33.0,0,2.0,60.0,1.0,,1.0
2015-16,6768362,35,6,Tottenham_Hotspur,Home,69256,77794,Kieran Trippier,kieran-trippier,D,True,,,,,,,,,,,,,,,,,,,,,,,,,,,,,,,,,,,,,,,,,,,,,,,,,,,0,,,,,
2015-16,6768362,35,6,Tottenham_Hotspur,Home,94758,115556,Ben Davies,ben-davies,D,True,,,,,,,,,,,,,,,,,,,,,,,,,,,,,,,,,,,,,,,,,,,,,,,,,,,0,,,,,
2015-16,6768362,35,6,Tottenham_Hotspur,Home,105734,80607,Christian Eriksen,christian-eriksen,M,False,1.0,,,47.0,14.0,60.0,2.0,1.0,5.0,,,3.0,1.0,,,,4.0,3.0,,,,,,,1.0,2.0,3.0,,90.0,,,,,,,,7.3,,,3.0,,1.0,1.0,4.0,,4.0,,64.0,16.0,76.0,6,2.0,97.0,2.0,,
2015-16,6768362,35,6,Tottenham_Hotspur,Home,108579,78830,Harry Kane,harry-kane,F,False,,,3.0,12.0,2.0,14.0,3.0,2.0,1.0,,1.0,2.0,1.0,,,2.0,8.0,7.0,,,1.0,,,,1.0,,,,90.0,2.0,,,,,,,6.9,,,1.0,,1.0,3.0,1.0,,4.0,1.0,16.0,3.0,18.0,5,,35.0,,3.0,2.0
2015-16,6768362,35,6,Tottenham_Hotspur,Home,111505,85971,Son Heung-min,son-heung-min,F,True,,,,2.0,,2.0,,,,,,,,,,,,,,,,,,,,,,,5.0,,,,,,,,6.5,,,,,,,,,,,2.0,,2.0,0,,4.0,2.0,,
2015-16,6768362,35,6,Tottenham_Hotspur,Home,122702,62974,Erik Lamela,erik-lamela,M,False,3.0,,1.0,31.0,8.0,36.0,,,5.0,,,1.0,1.0,,,2.0,7.0,4.0,,,2.0,,,,1.0,,2.0,,85.0,,,,,,,,6.8,,,1.0,,,3.0,6.0,,1.0,,39.0,8.0,41.0,2,,63.0,4.0,3.0,1.0
2015-16,6768362,35,6,Tottenham_Hotspur,Home,146101,93264,Eric Dier,eric-dier,D,False,,,1.0,24.0,28.0,52.0,2.0,1.0,2.0,,,,1.0,,,,3.0,2.0,,,,,,,,,,,75.0,,,,,,,,6.6,,,1.0,,1.0,,,,3.0,,30.0,29.0,59.0,1,1.0,64.0,1.0,,
2015-16,6768362,35,6,Tottenham_Hotspur,Home,198028,108823,Dele Alli,dele-alli,M,False,,,,25.0,7.0,32.0,,,4.0,1.0,,,,,,2.0,4.0,6.0,,,,,,,,1.0,6.0,,89.0,,,,,,,,7.3,,,,,1.0,3.0,,,1.0,,32.0,8.0,40.0,0,2.0,56.0,1.0,3.0,1.0
2015-16,6768362,35,6,Tottenham_Hotspur,Home,801460,93464,Tom Carroll,carroll-tom,M,True,,,,,,,,,,,,,,,,,,,,,,,,,,,,,,,,,,,,,,,,,,,,,,,,,,,0,,,,,
2015-16,6768354,36,6,Tottenham_Hotspur,Away,9048,37915,Hugo Lloris,hugo-lloris,G,False,,,5.0,4.0,13.0,17.0,,,13.0,,,,,,,,,,,,,,,3.0,,,,,90.0,,,,,,,,6.5,1.0,3.0,,,,,,,16.0,,11.0,17.0,28.0,0,,42.0,,,
2015-16,6768354,36,6,Tottenham_Hotspur,Away,9865,39104,Mousa Dembélé,mousa-dembele,M,False,,,3.0,19.0,14.0,33.0,2.0,,4.0,,,,2.0,,,3.0,9.0,2.0,,,2.0,,,,,,1.0,,90.0,,,,,,,,6.0,,,,,1.0,1.0,,,4.0,,21.0,14.0,35.0,0,,44.0,,1.0,1.0
2015-16,6768354,36,6,Tottenham_Hotspur,Away,16586,38290,Danny Rose,danny-rose,D,False,,,3.0,18.0,19.0,37.0,,2.0,3.0,,,,,,,,5.0,8.0,,,5.0,,,,,4.0,1.0,,82.0,,1.0,,,,,,7.4,,,1.0,,3.0,2.0,1.0,,4.0,,25.0,19.0,43.0,1,3.0,69.0,2.0,1.0,2.0
2015-16,6768354,36,6,Tottenham_Hotspur,Away,16921,39194,Jan Vertonghen,jan-vertonghen,D,False,1.0,,3.0,12.0,35.0,46.0,,1.0,7.0,,,,,,,,,1.0,,,,,,,,4.0,,,90.0,,,,,,,,6.7,,,,,2.0,,1.0,,5.0,,12.0,40.0,51.0,0,,59.0,,,
2015-16,6768354,36,6,Tottenham_Hotspur,Away,16944,39215,Michel Vorm,michel-vorm,G,True,,,,,,,,,,,,,,,,,,,,,,,,,,,,,,,,,,,,,,,,,,,,,,,,,,,0,,,,,
2015-16,6768354,36,6,Tottenham_Hotspur,Away,32492,54908,Nacer Chadli,nacer-chadli,M,True,,,,,,,,,,,,,,,,,,,,,,,,,,,,,1.0,,,,,,,,,,,,,,,,,,,,,,0,,,,,
2015-16,6768354,36,6,Tottenham_Hotspur,Away,44567,58791,Ryan Mason,ryan-mason,M,True,,,,3.0,4.0,7.0,,,1.0,,,,1.0,,,1.0,5.0,2.0,,,2.0,,,,,,,,25.0,1.0,,,,,,,6.4,,,,,,1.0,,,,,3.0,5.0,8.0,1,1.0,14.0,,1.0,
2015-16,6768354,36,6,Tottenham_Hotspur,Away,44575,55605,Toby Alderweireld,toby-alderweireld,D,False,,,4.0,5.0,25.0,30.0,1.0,1.0,3.0,,,,,,,2.0,3.0,2.0,,,,,,,,4.0,1.0,,89.0,,,,,,,,6.7,,,,,5.0,,,,9.0,,11.0,28.0,39.0,0,1.0,53.0,,,
2015-16,6768354,36,6,Tottenham_Hotspur,Away,44614,58621,Kyle Walker,kyle-walker,D,False,2.0,,,14.0,10.0,22.0,,4.0,6.0,,,,1.0,,,1.0,3.0,11.0,,1.0,1.0,,,,,1.0,2.0,,90.0,,,,,,,,7.0,,,,,4.0,,2.0,,4.0,,25.0,14.0,37.0,0,7.0,69.0,3.0,,
2015-16,6768354,36,6,Tottenham_Hotspur,Away,94758,115556,Ben Davies,ben-davies,D,True,,,,1.0,2.0,3.0,2.0,,1.0,,,,,,,1.0,3.0,1.0,,,,,,,,,,,8.0,,1.0,,,,,,6.4,,,,,2.0,,,,1.0,,2.0,2.0,4.0,0,1.0,12.0,,,
2015-16,6768354,36,6,Tottenham_Hotspur,Away,105734,80607,Christian Eriksen,christian-eriksen,M,False,1.0,,1.0,22.0,6.0,27.0,2.0,2.0,6.0,1.0,,2.0,1.0,,,,7.0,7.0,,,3.0,1.0,,,,1.0,2.0,,90.0,,,,,,,,7.2,,,1.0,,,3.0,6.0,,2.0,,34.0,7.0,35.0,3,2.0,59.0,3.0,1.0,2.0
2015-16,6768354,36,6,Tottenham_Hotspur,Away,108579,78830,Harry Kane,harry-kane,F,False,,,1.0,11.0,6.0,17.0,4.0,2.0,1.0,,,1.0,,,,2.0,8.0,5.0,,,1.0,,1.0,,,,,,90.0,3.0,,,,,,,7.4,,,1.0,,2.0,2.0,3.0,,2.0,,19.0,6.0,22.0,5,,41.0,2.0,2.0,1.0
2015-16,6768354,36,6,Tottenham_Hotspur,Away,111505,85971,Son Heung-min,son-heung-min,F,False,,,1.0,15.0,6.0,21.0,1.0,1.0,2.0,,,2.0,2.0,,,3.0,7.0,3.0,,,1.0,,1.0,,,2.0,,,65.0,1.0,,,,,,,7.0,,,2.0,,,,,,2.0,,16.0,9.0,25.0,5,2.0,41.0,,,
2015-16,6768354,36,6,Tottenham_Hotspur,Away,122702,62974,Erik Lamela,erik-lamela,M,False,1.0,,2.0,20.0,11.0,30.0,2.0,1.0,6.0,1.0,,1.0,3.0,,,6.0,13.0,4.0,,,2.0,1.0,,,,,5.0,,90.0,,,,,,,,6.3,,,,,,,6.0,,3.0,,34.0,12.0,40.0,1,1.0,61.0,,2.0,
2015-16,6768354,36,6,Tottenham_Hotspur,Away,141203,97485,Kevin Wimmer,kevin-wimmer,D,True,,,,,,,,,,,,,,,,,,,,,,,,,,,,,,,,,,,,,,,,,,,,,,,,,,,0,,,,,
2015-16,6768354,36,6,Tottenham_Hotspur,Away,146101,93264,Eric Dier,eric-dier,D,False,,,4.0,11.0,26.0,37.0,2.0,3.0,4.0,,,,1.0,,,2.0,8.0,8.0,,,3.0,,,,,1.0,,,90.0,,,,,,,,6.7,,,,,,,1.0,,4.0,,15.0,27.0,41.0,0,5.0,52.0,1.0,,
2015-16,6768354,36,6,Tottenham_Hotspur,Away,291665,145212,Clinton N'Jie,clinton-njie,F,True,,,,,,,,,,,,,,,,,,,,,,,,,,,,,,,,,,,,,,,,,,,,,,,,,,,0,,,,,
2015-16,6768354,36,6,Tottenham_Hotspur,Away,801460,93464,Tom Carroll,carroll-tom,M,True,,,,,,,,,,,,,,,,,,,,,,,,,,,,,,,,,,,,,,,,,,,,,,,,,,,0,,,,,
2015-16,6768398,37,6,Tottenham_Hotspur,Home,9048,37915,Hugo Lloris,hugo-lloris,G,False,,5.0,12.0,8.0,18.0,26.0,,,16.0,,,,,,,,,1.0,,,,,,1.0,,,,,90.0,,,,,,,1.0,6.5,,,,,2.0,,,5.0,19.0,,11.0,22.0,33.0,0,,49.0,,1.0,
2015-16,6768398,37,6,Tottenham_Hotspur,Home,16586,38290,Danny Rose,danny-rose,D,False,1.0,,4.0,34.0,18.0,51.0,2.0,,3.0,1.0,,,1.0,,,2.0,7.0,6.0,,,1.0,,,,,,2.0,,90.0,,1.0,,,,,,6.5,,,1.0,,2.0,4.0,4.0,,6.0,,44.0,18.0,58.0,1,1.0,93.0,,3.0,2.0
2015-16,6768398,37,6,Tottenham_Hotspur,Home,16921,39194,Jan Vertonghen,jan-vertonghen,D,False,,,4.0,17.0,39.0,56.0,2.0,1.0,1.0,,,1.0,,,,,2.0,8.0,,,,,,,,2.0,1.0,,90.0,,1.0,,,,,,7.5,,,,,7.0,1.0,,,5.0,,19.0,39.0,58.0,1,2.0,75.0,,4.0,1.0
2015-16,6768398,37,6,Tottenham_Hotspur,Home,16944,39215,Michel Vorm,michel-vorm,G,True,,,,,,,,,,,,,,,,,,,,,,,,,,,,,,,,,,,,,,,,,,,,,,,,,,,0,,,,,
2015-16,6768398,37,6,Tottenham_Hotspur,Home,32492,54908,Nacer Chadli,nacer-chadli,M,True,,,,6.0,1.0,7.0,1.0,,,,1.0,,,,,1.0,2.0,,,,,,,,,,,,12.0,1.0,,,,,,,6.2,,,,,,,,,,,7.0,1.0,8.0,1,,10.0,,,
2015-16,6768398,37,6,Tottenham_Hotspur,Home,44567,58791,Ryan Mason,ryan-mason,M,False,1.0,,5.0,49.0,16.0,64.0,1.0,1.0,4.0,,,,3.0,,,1.0,5.0,1.0,,,,,,,,,,,78.0,,,,,,,,6.3,,,,,1.0,,1.0,,7.0,,53.0,18.0,70.0,0,,76.0,1.0,,
2015-16,6768398,37,6,Tottenham_Hotspur,Home,44575,55605,Toby Alderweireld,toby-alderweireld,D,False,,,11.0,20.0,32.0,52.0,3.0,2.0,4.0,,,1.0,,,,,3.0,3.0,,,,,,,,4.0,,,90.0,,,,,,,,7.2,,,,,9.0,,,,19.0,,30.0,35.0,65.0,1,1.0,81.0,,,
2015-16,6768398,37,6,Tottenham_Hotspur,Home,44614,58621,Kyle Walker,kyle-walker,D,False,3.0,,5.0,30.0,8.0,35.0,1.0,1.0,7.0,,,2.0,,,,1.0,3.0,4.0,,,,,,,,6.0,3.0,,90.0,,1.0,,,,,,7.2,,,,,2.0,2.0,6.0,,7.0,,37.0,10.0,41.0,2,1.0,74.0,1.0,1.0,1.0
2015-16,6768398,37,6,Tottenham_Hotspur,Home,94758,115556,Ben Davies,ben-davies,D,True,,,,,,,,,,,,,,,,,,,,,,,,,,,,,,,,,,,,,,,,,,,,,,,,,,,0,,,,,
2015-16,6768398,37,6,Tottenham_Hotspur,Home,105734,80607,Christian Eriksen,christian-eriksen,M,False,1.0,,4.0,46.0,18.0,63.0,2.0,,3.0,,,,1.0,,,2.0,8.0,2.0,,,1.0,,,,,1.0,1.0,,90.0,3.0,,,,,,,6.9,,,1.0,,1.0,3.0,4.0,,4.0,,59.0,21.0,76.0,4,,94.0,2.0,1.0,1.0
2015-16,6768398,37,6,Tottenham_Hotspur,Home,108579,78830,Harry Kane,harry-kane,F,False,,,1.0,11.0,2.0,13.0,5.0,1.0,1.0,,1.0,,,,,3.0,9.0,3.0,,,,,,,,,2.0,,90.0,1.0,,,,,,,6.8,,,5.0,,,1.0,,,1.0,1.0,18.0,2.0,20.0,6,,35.0,1.0,2.0,
2015-16,6768398,37,6,Tottenham_Hotspur,Home,111505,85971,Son Heung-min,son-heung-min,F,False,,,1.0,20.0,7.0,27.0,,1.0,2.0,,,,1.0,,,2.0,4.0,4.0,,,,,1.0,,,1.0,,,65.0,1.0,,,,,,,7.1,,,,,1.0,3.0,2.0,,1.0,,27.0,7.0,32.0,1,,45.0,,1.0,2.0
2015-16,6768398,37,6,Tottenham_Hotspur,Home,122702,62974,Erik Lamela,erik-lamela,M,False,2.0,,,32.0,7.0,37.0,,1.0,4.0,1.0,,1.0,1.0,,,3.0,9.0,10.0,,,4.0,1.0,,,,1.0,3.0,,90.0,,,,,,,,7.7,,,1.0,,,5.0,7.0,,1.0,,44.0,10.0,47.0,2,4.0,76.0,3.0,1.0,4.0
2015-16,6768398,37,6,Tottenham_Hotspur,Home,141203,97485,Kevin Wimmer,kevin-wimmer,D,True,,,,,,,,,,,,,,,,,,,,,,,,,,,,,,,,,,,,,,,,,,,,,,,,,,,0,,,,,
2015-16,6768398,37,6,Tottenham_Hotspur,Home,146101,93264,Eric Dier,eric-dier,D,False,,,2.0,30.0,32.0,62.0,2.0,,4.0,,,,1.0,,,1.0,6.0,4.0,,,2.0,,,,,2.0,1.0,,90.0,,,,,,,,6.9,,,1.0,,,,,,3.0,,36.0,33.0,69.0,1,3.0,80.0,,1.0,
2015-16,6768398,37,6,Tottenham_Hotspur,Home,291665,145212,Clinton N'Jie,clinton-njie,F,True,,,,6.0,1.0,7.0,,,1.0,,,,,,,1.0,2.0,2.0,,,,,,,,,,,25.0,,,,,,,,6.5,,,,,,1.0,,,,,7.0,2.0,9.0,0,2.0,15.0,1.0,,
2015-16,6768398,37,6,Tottenham_Hotspur,Home,545780,157668,Harry Winks,harry-winks,M,True,,,,,,,,,,,,,,,,,,,,,,,,,,,,,,,,,,,,,,,,,,,,,,,,,,,0,,,,,
2015-16,6768398,37,6,Tottenham_Hotspur,Home,801460,93464,Tom Carroll,carroll-tom,M,True,,,,,,,,,,,,,,,,,,,,,,,,,,,,,,,,,,,,,,,,,,,,,,,,,,,0,,,,,
2015-16,6768383,38,6,Tottenham_Hotspur,Away,9048,37915,Hugo Lloris,hugo-lloris,G,False,,,7.0,5.0,12.0,17.0,,,7.0,,,,,,,,,,,,,,,,,,,,90.0,,,,,1.0,,1.0,6.3,3.0,5.0,,,1.0,,,,9.0,,7.0,12.0,19.0,0,,28.0,,,
2015-16,6768383,38,6,Tottenham_Hotspur,Away,16586,38290,Danny Rose,danny-rose,D,True,,,,,,,,,,,,,,,,,,,,,,,,,,,,,,,,,,,,,,,,,,,,,,,,,,,0,,,,,
2015-16,6768383,38,6,Tottenham_Hotspur,Away,16921,39194,Jan Vertonghen,jan-vertonghen,D,False,,,1.0,21.0,25.0,46.0,2.0,1.0,3.0,,,1.0,1.0,,,,4.0,2.0,,,1.0,,,,,,,,90.0,,,,1.0,,,,5.4,,,,,3.0,1.0,,,2.0,,24.0,27.0,51.0,1,,57.0,,,1.0
2015-16,6768383,38,6,Tottenham_Hotspur,Away,16944,39215,Michel Vorm,michel-vorm,G,True,,,,,,,,,,,,,,,,,,,,,,,,,,,,,,,,,,,,,,,,,,,,,,,,,,,0,,,,,
2015-16,6768383,38,6,Tottenham_Hotspur,Away,32492,54908,Nacer Chadli,nacer-chadli,M,True,,,,11.0,1.0,12.0,,,1.0,,,,,,,,,,,,,,,,,,1.0,,19.0,,,,,,,,6.3,,,,,,,,,,,12.0,1.0,13.0,0,,13.0,,,
2015-16,6768383,38,6,Tottenham_Hotspur,Away,44567,58791,Ryan Mason,ryan-mason,M,False,,,2.0,27.0,12.0,39.0,,1.0,3.0,,,,2.0,,,1.0,5.0,5.0,,,1.0,,,,,1.0,,,45.0,,,,,,,,6.3,,,,,,2.0,,,3.0,,32.0,12.0,44.0,0,2.0,52.0,1.0,1.0,1.0
2015-16,6768383,38,6,Tottenham_Hotspur,Away,44575,55605,Toby Alderweireld,toby-alderweireld,D,False,,,4.0,36.0,25.0,61.0,1.0,,3.0,,,,,,,1.0,2.0,2.0,,,,,,,,2.0,,,90.0,1.0,2.0,,,,,,6.5,,,1.0,,3.0,,2.0,,9.0,,43.0,28.0,69.0,2,1.0,86.0,,1.0,
2015-16,6768383,38,6,Tottenham_Hotspur,Away,44614,58621,Kyle Walker,kyle-walker,D,False,1.0,,2.0,19.0,6.0,24.0,,,3.0,,,1.0,1.0,,,,1.0,2.0,,,,,,,,2.0,1.0,,71.0,,,,,,,,6.5,,,1.0,,1.0,,5.0,,2.0,,24.0,6.0,25.0,2,1.0,47.0,,1.0,
2015-16,6768383,38,6,Tottenham_Hotspur,Away,94758,115556,Ben Davies,ben-davies,D,False,,,2.0,33.0,9.0,42.0,,2.0,5.0,,,,2.0,,,,2.0,8.0,,,,,,,,2.0,1.0,,90.0,,,,,,,,6.3,,,,,1.0,1.0,4.0,,2.0,,42.0,10.0,48.0,0,5.0,79.0,,1.0,1.0
2015-16,6768383,38,6,Tottenham_Hotspur,Away,105734,80607,Christian Eriksen,christian-eriksen,M,False,,,6.0,53.0,9.0,62.0,1.0,,5.0,,,1.0,,,,3.0,5.0,2.0,,,,,,,,,4.0,,90.0,1.0,,,,,,,6.8,,,2.0,,,1.0,3.0,,6.0,,60.0,10.0,67.0,4,2.0,86.0,5.0,,
2015-16,6768383,38,6,Tottenham_Hotspur,Away,108579,78830,Harry Kane,harry-kane,F,False,,,,20.0,5.0,25.0,1.0,1.0,4.0,,,2.0,,,,1.0,3.0,5.0,,,,,,,1.0,,1.0,,90.0,,2.0,,,,,,7.1,,,2.0,,2.0,3.0,,,,1.0,27.0,5.0,32.0,4,,49.0,,2.0,2.0
2015-16,6768383,38,6,Tottenham_Hotspur,Away,111505,85971,Son Heung-min,son-heung-min,F,False,,,,11.0,2.0,13.0,,,1.0,,,,,,,4.0,5.0,,,,1.0,,,,,,1.0,,45.0,,,,,,,,5.9,,,,,,,,,,,14.0,2.0,16.0,0,,23.0,2.0,,
2015-16,6768383,38,6,Tottenham_Hotspur,Away,122702,62974,Erik Lamela,erik-lamela,M,False,,,,32.0,9.0,41.0,,,5.0,,,,1.0,,,3.0,7.0,6.0,,,1.0,,1.0,,,,4.0,,90.0,2.0,,,,,,,6.9,,,,,,3.0,7.0,,,,40.0,9.0,42.0,2,4.0,66.0,2.0,1.0,1.0
2015-16,6768383,38,6,Tottenham_Hotspur,Away,141203,97485,Kevin Wimmer,kevin-wimmer,D,True,,,,,,,,,,,,,,,,,,,,,,,,,,,,,,,,,,,,,,,,,,,,,,,,,,,0,,,,,
2015-16,6768383,38,6,Tottenham_Hotspur,Away,146101,93264,Eric Dier,eric-dier,D,False,1.0,,5.0,47.0,23.0,69.0,1.0,,1.0,,,1.0,,,,,3.0,4.0,,,2.0,1.0,,,,,1.0,,90.0,,2.0,,,,,,7.3,,,,,,1.0,3.0,,6.0,,53.0,24.0,74.0,1,3.0,87.0,,,1.0
2015-16,6768383,38,6,Tottenham_Hotspur,Away,291665,145212,Clinton N'Jie,clinton-njie,F,True,,,,,,,,,,,,,,,,,,,,,,,,,,,,,,,,,,,,,,,,,,,,,,,,,,,0,,,,,
2015-16,6768383,38,6,Tottenham_Hotspur,Away,361332,168765,Joshua Onomah,joshua-onomah,M,True,,,,9.0,2.0,11.0,,,2.0,,,,,,,,1.0,3.0,,,,,,,,,,,45.0,1.0,,,,,,,6.7,,,,,,1.0,1.0,,,,15.0,2.0,16.0,1,3.0,24.0,,,
2015-16,6768383,38,6,Tottenham_Hotspur,Away,801460,93464,Tom Carroll,carroll-tom,M,True,1.0,,1.0,27.0,5.0,31.0,,,2.0,,,,3.0,,,,4.0,,,,,,,,,,1.0,,45.0,,,,,,,,6.0,,,1.0,,,1.0,3.0,,2.0,,32.0,6.0,35.0,1,,42.0,2.0,,
