season,matchId,gameweek,kickoff,team_id,team,venue,accurateBackZonePass,accurateChippedPass,accurateCornersIntobox,accurateCross,accurateCrossNocorner,accurateFlickOn,accurateFreekickCross,accurateFwdZonePass,accurateGoalKicks,accurateKeeperSweeper,accurateKeeperThrows,accurateLaunches,accurateLayoffs,accurateLongBalls,accuratePass,accuratePullBack,accurateThroughBall,accurateThrows,aerialLost,aerialWon,attAssistOpenplay,attAssistSetplay,attCorner,attFastbreak,attFreekickGoal,attFreekickMiss,attFreekickPost,attFreekickTarget,attFreekickTotal,attIboxOwnGoal,attLgCentre,attObxdLeft,attObxdRight,attOpenplay,attPenGoal,attPostHigh,attPostLeft,attPostRight,attSetpiece,attemptsConcededIbox,attemptsConcededObox,attemptsIbox,attemptsObox,ballRecovery,blockedCross,blockedScoringAtt,challengeLost,clearanceOffLine,cornerTaken,crosses18yard,crosses18yardplus,defenderGoals,dispossessed,divingSave,duelLost,duelWon,effectiveBlockedCross,effectiveClearance,effectiveHeadClearance,errorLeadToGoal,errorLeadToShot,finalThirdEntries,fkFoulLost,fkFoulWon,forwardGoals,foulThrowIn,fouledFinalThird,freekickCross,freekickTotal,goalAssist,goalAssistDeadball,goalAssistIntentional,goalAssistOpenplay,goalAssistSetplay,goalKicks,goalsOpenplay,goodHighClaim,handBall,headClearance,hitWoodwork,interception,interceptionWon,interceptionsInBox,keeperThrows,longPassOwnToOpp,longPassOwnToOppSuccess,lostCorners,midfielderGoals,offtargetAttAssist,ontargetAttAssist,ontargetScoringAtt,openPlayPass,outfielderBlock,ownGoals,passesLeft,passesRight,penAreaEntries,penGoalsConceded,penaltyConceded,penaltyFaced,penaltyWon,possLostAll,possLostCtrl,possWonAtt3rd,possWonDef3rd,possWonMid3rd,possessionPercentage,postScoringAtt,ptsDroppedWinningPos,punches,redCard,savedIbox,savedObox,saves,shieldBallOop,shotFastbreak,shotOffTarget,sixYardBlock,subsMade,successfulFinalThirdPasses,successfulOpenPlayPass,totalAttAssist,totalBackZonePass,totalChippedPass,totalClearance,totalContest,totalCornersIntobox,totalCross,totalCrossNocorner,totalFastbreak,totalFinalThirdPasses,totalFlickOn,totalFwdZonePass,totalHighClaim,totalKeeperSweeper,totalLaunches,totalLayoffs,totalLongBalls,totalOffside,totalPass,totalPullBack,totalRedCard,totalScoringAtt,totalTackle,totalThroughBall,totalThrows,totalYelCard,touches,touchesInOppBox,wonContest,wonCorners,wonTackle,yellowCard,attPenTarget,backwardPass,bigChanceCreated,bigChanceMissed,bigChanceScored,fwdPass,goalFastbreak,leftsidePass,overrun,penaltySave,rightsidePass,unsuccessfulTouch,attOneOnOne,contentiousDecision,keeperGoals,ptsGainedLosingPos,subsGoals,winningGoal,attLgRight,attemptedTackleFoul,blockedPass,putThrough,successfulPutThrough,attLgLeft,secondYellow,attPenMiss,attPenPost,expectedAssists,expectedGoals,expectedGoalsOnTarget,expectedGoalsOnTargetConceded,fiftyFifty,successfulFiftyFifty,expectedGoalsFreekick,totalDistance
2009-10,284006,1,2009-08-15 15:00:00,54,Fulham,Away,112.0,14.0,,2.0,2.0,6.0,,142.0,9.0,2.0,6.0,5.0,9.0,19.0,252.0,,,20.0,10.0,13.0,7.0,3.0,,,,,,,,,,1.0,,,,,,,4.0,10.0,7.0,,,52.0,9.0,3.0,4.0,,4.0,1.0,5.0,,20.0,1.0,58.0,44.0,9.0,18.0,10.0,,,66.0,18.0,10.0,1.0,,,,,1.0,,,,1.0,17.0,,3.0,,19.0,,15.0,15.0,2.0,6.0,83.0,42.0,6.0,,6.0,5.0,2.0,,4.0,,45.0,46.0,22.0,,,,,150.0,139.0,2.0,21.0,21.0,44.9,,,1.0,0.0,2.0,,,,,8.0,,2.0,66.0,,11.0,127.0,30.0,29.0,9.0,4.0,12.0,8.0,,112.0,15.0,223.0,3.0,2.0,22.0,12.0,43.0,4.0,338.0,,0.0,13.0,18.0,6.0,25.0,2.0,584.0,,3.0,4.0,15.0,0.0,,,,,,,,,,,,,,,,,,,,,,,,,,,,,,,,,,,
2009-10,284013,2,2009-11-25 20:00:00,54,Fulham,Home,137.0,10.0,1.0,7.0,6.0,6.0,,121.0,6.0,,6.0,10.0,22.0,31.0,251.0,,2.0,18.0,27.0,13.0,6.0,3.0,,1.0,,,,,,,,,,,,,,,2.0,12.0,1.0,,,37.0,3.0,4.0,4.0,,3.0,7.0,6.0,,8.0,1.0,51.0,42.0,3.0,24.0,13.0,,,75.0,9.0,12.0,1.0,,,,,2.0,,2.0,2.0,,11.0,,4.0,2.0,26.0,,18.0,18.0,,6.0,98.0,43.0,3.0,2.0,5.0,6.0,4.0,,2.0,,45.0,44.0,22.0,,,,,183.0,160.0,1.0,11.0,12.0,46.3,,,,0.0,2.0,1.0,,4.0,1.0,5.0,,3.0,54.0,,11.0,172.0,23.0,47.0,6.0,2.0,20.0,18.0,,106.0,12.0,219.0,4.0,,34.0,27.0,61.0,1.0,371.0,,0.0,13.0,16.0,5.0,26.0,0.0,604.0,,1.0,3.0,9.0,0.0,,,,,,,,,,,,,,,,,,,,,,,,,,,,,,,,,,,
2009-10,284023,3,2009-08-23 16:00:00,54,Fulham,Home,146.0,16.0,,2.0,2.0,5.0,,122.0,7.0,2.0,8.0,15.0,13.0,25.0,266.0,,1.0,16.0,14.0,15.0,4.0,,,,,,,,,,,,,,,,,,1.0,7.0,9.0,,,53.0,,1.0,12.0,,4.0,11.0,6.0,,11.0,1.0,52.0,44.0,,13.0,4.0,,,73.0,11.0,9.0,,,,,,,,,,,10.0,,1.0,,17.0,,33.0,33.0,3.0,8.0,87.0,46.0,7.0,,3.0,1.0,1.0,,4.0,,50.0,60.0,17.0,,,,,160.0,140.0,2.0,22.0,14.0,39.7,,,1.0,0.0,2.0,,,1.0,,4.0,,3.0,50.0,,4.0,160.0,33.0,33.0,9.0,4.0,21.0,17.0,,110.0,21.0,223.0,1.0,2.0,35.0,19.0,52.0,2.0,362.0,,0.0,6.0,15.0,2.0,21.0,0.0,601.0,,5.0,4.0,12.0,0.0,,,,,,,,,,,,,,,,,,,,,,,,,,,,,,,,,,,
2009-10,284030,4,2009-08-30 16:00:00,54,Fulham,Away,199.0,14.0,2.0,5.0,3.0,4.0,2.0,237.0,3.0,1.0,6.0,5.0,30.0,23.0,431.0,,,20.0,8.0,13.0,1.0,4.0,,,,1.0,,,2.0,1.0,,,,1.0,,,,,3.0,6.0,5.0,,,54.0,3.0,3.0,4.0,,4.0,4.0,3.0,,17.0,,45.0,43.0,3.0,17.0,13.0,,,89.0,9.0,12.0,,,5.0,3.0,2.0,,,,,,7.0,,3.0,,19.0,,20.0,20.0,,7.0,82.0,45.0,9.0,,4.0,1.0,,,3.0,1.0,55.0,39.0,21.0,,,,,148.0,138.0,2.0,24.0,18.0,55.9,,,1.0,0.0,1.0,,,2.0,,5.0,,1.0,94.0,,5.0,218.0,34.0,27.0,8.0,4.0,14.0,10.0,,152.0,10.0,326.0,4.0,1.0,22.0,31.0,45.0,1.0,530.0,,0.0,8.0,17.0,2.0,20.0,2.0,710.0,,1.0,4.0,14.0,0.0,,,,,,,,,,,,,,,,,,,,,,,,,,,,,,,,,,,
2009-10,284042,5,2009-09-13 16:15:00,54,Fulham,Home,115.0,14.0,1.0,7.0,6.0,5.0,,156.0,4.0,,2.0,13.0,15.0,22.0,264.0,1.0,3.0,17.0,14.0,10.0,10.0,1.0,,,,,,,2.0,,1.0,,,,,,,,1.0,8.0,5.0,,,56.0,4.0,4.0,4.0,1.0,5.0,13.0,9.0,1.0,19.0,2.0,50.0,41.0,4.0,22.0,14.0,,,84.0,7.0,13.0,,1.0,,,2.0,1.0,,,1.0,,9.0,,1.0,,27.0,,23.0,23.0,1.0,3.0,98.0,40.0,4.0,1.0,6.0,6.0,8.0,,9.0,,69.0,47.0,20.0,,,,,190.0,170.0,4.0,25.0,19.0,51.9,,,1.0,0.0,2.0,1.0,,1.0,,7.0,1.0,2.0,84.0,,12.0,137.0,27.0,42.0,9.0,4.0,27.0,23.0,,150.0,17.0,267.0,1.0,,45.0,17.0,64.0,,377.0,1.0,0.0,19.0,15.0,5.0,22.0,1.0,657.0,,3.0,6.0,12.0,0.0,,,,,,,,,,,,,,,,,,,,,,,,,,,,,,,,,,,
2009-10,284059,6,2009-09-20 14:00:00,54,Fulham,Away,173.0,20.0,,3.0,3.0,5.0,,146.0,2.0,,8.0,12.0,23.0,28.0,316.0,1.0,,27.0,16.0,21.0,3.0,,,,,,,,,,,,,,1.0,,,,1.0,8.0,5.0,,,56.0,1.0,3.0,3.0,,3.0,13.0,5.0,,5.0,,37.0,55.0,1.0,25.0,16.0,,1.0,75.0,11.0,15.0,,,,,,,,,,,10.0,,4.0,1.0,37.0,,20.0,20.0,,8.0,113.0,48.0,3.0,1.0,1.0,2.0,4.0,,2.0,,21.0,69.0,22.0,,,,1.0,205.0,171.0,2.0,31.0,11.0,55.5,,,,0.0,,1.0,,,,1.0,2.0,3.0,54.0,,3.0,201.0,41.0,59.0,6.0,2.0,24.0,22.0,,117.0,15.0,269.0,4.0,,45.0,26.0,70.0,4.0,446.0,1.0,0.0,8.0,16.0,3.0,27.0,1.0,706.0,,3.0,3.0,13.0,0.0,,,,,,,,,,,,,,,,,,,,,,,,,,,,,,,,,,,
2009-10,284062,7,2009-09-26 17:30:00,54,Fulham,Home,142.0,13.0,1.0,6.0,5.0,8.0,,142.0,9.0,2.0,5.0,13.0,10.0,21.0,278.0,,,31.0,24.0,18.0,12.0,2.0,,,,,,,,,1.0,,,,,,,,3.0,11.0,5.0,,,60.0,2.0,4.0,11.0,,3.0,15.0,5.0,,14.0,2.0,69.0,67.0,2.0,19.0,8.0,,,83.0,15.0,10.0,,1.0,,,,,,,,,14.0,,3.0,1.0,21.0,1.0,24.0,23.0,3.0,5.0,99.0,42.0,6.0,,5.0,9.0,8.0,,2.0,,41.0,74.0,24.0,,,,,209.0,192.0,5.0,23.0,24.0,49.1,,,3.0,0.0,2.0,1.0,,3.0,,8.0,,2.0,71.0,,14.0,163.0,40.0,36.0,17.0,3.0,25.0,22.0,,153.0,24.0,279.0,3.0,2.0,32.0,13.0,45.0,4.0,417.0,,0.0,20.0,28.0,2.0,35.0,4.0,714.0,,11.0,4.0,19.0,0.0,,,,,,,,,,,,,,,,,,,,,,,,,,,,,,,,,,,
2009-10,284078,8,2009-10-04 15:00:00,54,Fulham,Away,123.0,9.0,1.0,2.0,1.0,3.0,,118.0,7.0,,5.0,9.0,21.0,14.0,239.0,,1.0,16.0,15.0,20.0,4.0,1.0,,1.0,,,,1.0,1.0,,,,,,1.0,,,,1.0,15.0,14.0,,,52.0,6.0,1.0,15.0,,4.0,1.0,2.0,,11.0,2.0,63.0,57.0,6.0,25.0,13.0,,,59.0,15.0,14.0,,,,,1.0,1.0,1.0,1.0,,1.0,14.0,,4.0,1.0,22.0,,15.0,14.0,2.0,5.0,89.0,44.0,8.0,2.0,2.0,4.0,6.0,,9.0,,44.0,21.0,10.0,,,,1.0,139.0,112.0,1.0,18.0,22.0,35.2,,,1.0,0.0,3.0,2.0,5.0,,1.0,4.0,,3.0,43.0,,6.0,136.0,23.0,52.0,19.0,3.0,6.0,3.0,,90.0,11.0,187.0,4.0,,30.0,21.0,49.0,1.0,317.0,,1.0,11.0,13.0,4.0,18.0,2.0,569.0,,10.0,4.0,10.0,0.0,,,,,,,,,,,,,,,,,,,,,,,,,,,,,,,,,,,
2009-10,284084,9,2009-10-19 20:00:00,54,Fulham,Home,204.0,16.0,2.0,6.0,4.0,3.0,,219.0,9.0,,3.0,6.0,25.0,24.0,417.0,,1.0,20.0,23.0,14.0,12.0,1.0,,2.0,,,,,,,,,,,,,,,1.0,2.0,6.0,,,50.0,2.0,5.0,4.0,,7.0,12.0,9.0,,8.0,,53.0,47.0,2.0,19.0,14.0,,,89.0,15.0,15.0,2.0,,,,,1.0,,,1.0,,11.0,,2.0,2.0,29.0,,13.0,13.0,1.0,3.0,98.0,53.0,4.0,,7.0,7.0,8.0,,4.0,,50.0,65.0,30.0,,,,,167.0,146.0,3.0,24.0,18.0,59.5,,,,0.0,,,,1.0,2.0,7.0,,3.0,102.0,,14.0,220.0,32.0,40.0,7.0,5.0,28.0,23.0,,165.0,9.0,328.0,2.0,,30.0,25.0,53.0,5.0,520.0,3.0,0.0,20.0,16.0,1.0,21.0,1.0,765.0,,2.0,7.0,10.0,0.0,,,,,,,,,,,,,,,,,,,,,,,,,,,,,,,,,,,
2009-10,284096,10,2009-10-25 15:00:00,54,Fulham,Away,144.0,14.0,2.0,5.0,3.0,4.0,,139.0,4.0,,2.0,6.0,18.0,14.0,278.0,1.0,2.0,12.0,15.0,12.0,7.0,1.0,,2.0,,1.0,,,1.0,,,,,,,,,,1.0,14.0,10.0,,,49.0,11.0,1.0,6.0,,2.0,5.0,1.0,,12.0,3.0,47.0,49.0,11.0,17.0,9.0,,,51.0,13.0,12.0,,,,,1.0,2.0,1.0,2.0,1.0,1.0,17.0,,3.0,1.0,24.0,,24.0,24.0,2.0,2.0,100.0,46.0,14.0,2.0,5.0,5.0,5.0,,5.0,,31.0,42.0,10.0,,,,,149.0,128.0,,16.0,20.0,42.7,,,1.0,0.0,3.0,1.0,,1.0,2.0,7.0,,1.0,50.0,,10.0,168.0,29.0,38.0,7.0,2.0,10.0,8.0,,84.0,6.0,210.0,3.0,,27.0,19.0,39.0,3.0,368.0,1.0,0.0,13.0,20.0,4.0,15.0,2.0,621.0,,5.0,2.0,19.0,0.0,,,,,,,,,,,,,,,,,,,,,,,,,,,,,,,,,,,
2009-10,284105,11,2009-10-31 15:00:00,54,Fulham,Home,137.0,17.0,,3.0,3.0,4.0,,128.0,,,3.0,9.0,21.0,26.0,262.0,,1.0,17.0,9.0,15.0,4.0,1.0,,,,,,,1.0,,,,,,,,,,2.0,1.0,9.0,,,49.0,1.0,3.0,6.0,,2.0,6.0,3.0,,15.0,,41.0,52.0,1.0,16.0,8.0,,,61.0,10.0,13.0,2.0,,,,1.0,3.0,,3.0,3.0,,3.0,,1.0,,18.0,,20.0,20.0,1.0,3.0,87.0,54.0,2.0,1.0,2.0,6.0,6.0,,4.0,,30.0,46.0,17.0,,,,,144.0,128.0,2.0,27.0,12.0,35.8,,,2.0,0.0,,,,,,4.0,,3.0,56.0,,8.0,164.0,29.0,32.0,6.0,1.0,10.0,9.0,,100.0,13.0,202.0,1.0,,35.0,23.0,55.0,3.0,356.0,2.0,0.0,13.0,19.0,3.0,22.0,1.0,575.0,,5.0,2.0,13.0,0.0,,,,,,,,,,,,,,,,,,,,,,,,,,,,,,,,,,,
2009-10,284118,12,2009-11-08 15:00:00,54,Fulham,Away,117.0,8.0,1.0,5.0,4.0,6.0,,137.0,3.0,,4.0,10.0,17.0,14.0,249.0,,1.0,15.0,12.0,9.0,4.0,2.0,,,,,,1.0,1.0,,,,,,1.0,,1.0,,2.0,10.0,12.0,,,41.0,3.0,1.0,10.0,,6.0,4.0,9.0,,12.0,5.0,57.0,47.0,3.0,23.0,9.0,,,50.0,15.0,15.0,,,,,1.0,,,,,,8.0,,1.0,,16.0,1.0,23.0,23.0,1.0,4.0,76.0,40.0,10.0,1.0,4.0,2.0,4.0,,6.0,,27.0,54.0,26.0,,,,1.0,139.0,128.0,2.0,16.0,12.0,42.5,1.0,,2.0,0.0,4.0,4.0,,,,6.0,1.0,2.0,55.0,,6.0,133.0,15.0,34.0,11.0,5.0,22.0,17.0,,94.0,9.0,216.0,1.0,,32.0,24.0,39.0,5.0,327.0,,0.0,11.0,20.0,3.0,18.0,1.0,566.0,,3.0,6.0,14.0,0.0,,,,,,,,,,,,,,,,,,,,,,,,,,,,,,,,,,,
2009-10,284120,13,2009-11-21 15:00:00,54,Fulham,Away,189.0,25.0,1.0,6.0,5.0,9.0,,222.0,3.0,,3.0,16.0,26.0,36.0,405.0,,,35.0,14.0,25.0,11.0,1.0,,,,,,,,,,,,,,,,,,2.0,1.0,,,63.0,2.0,5.0,7.0,,5.0,12.0,12.0,,11.0,,46.0,52.0,2.0,19.0,10.0,,,98.0,13.0,7.0,,,,,,,,,,,8.0,,2.0,4.0,19.0,,10.0,10.0,,4.0,113.0,64.0,,,7.0,5.0,2.0,,,,61.0,79.0,37.0,,,,,205.0,189.0,2.0,30.0,21.0,66.0,,,,0.0,1.0,,,1.0,,7.0,,2.0,102.0,,12.0,218.0,57.0,35.0,9.0,5.0,30.0,25.0,,180.0,26.0,353.0,3.0,,35.0,30.0,70.0,1.0,541.0,,0.0,14.0,16.0,2.0,41.0,0.0,805.0,,4.0,7.0,13.0,0.0,,,,,,,,,,,,,,,,,,,,,,,,,,,,,,,,,,,
2009-10,284134,14,2009-11-28 15:00:00,54,Fulham,Home,213.0,16.0,3.0,6.0,3.0,10.0,,241.0,2.0,,,7.0,24.0,26.0,448.0,,1.0,37.0,32.0,18.0,8.0,2.0,,,,,,,2.0,,1.0,,,,,,,,2.0,3.0,2.0,,,59.0,4.0,7.0,6.0,,8.0,7.0,10.0,,6.0,,60.0,56.0,4.0,17.0,6.0,,,91.0,8.0,19.0,,,,,2.0,1.0,,,1.0,,4.0,,1.0,2.0,12.0,,20.0,20.0,1.0,,100.0,49.0,5.0,1.0,4.0,7.0,5.0,,2.0,,58.0,93.0,35.0,,,,,193.0,181.0,2.0,28.0,22.0,63.6,,,1.0,0.0,,,,1.0,,6.0,1.0,2.0,112.0,,11.0,241.0,45.0,29.0,12.0,7.0,27.0,20.0,,188.0,20.0,374.0,1.0,,41.0,27.0,61.0,1.0,588.0,1.0,0.0,18.0,17.0,4.0,38.0,1.0,851.0,,2.0,8.0,14.0,0.0,,,,,,,,,,,,,,,,,,,,,,,,,,,,,,,,,,,
2009-10,284144,15,2009-12-06 15:00:00,54,Fulham,Home,84.0,22.0,1.0,6.0,5.0,12.0,,141.0,3.0,1.0,3.0,14.0,20.0,29.0,219.0,,1.0,31.0,11.0,17.0,11.0,,,,,1.0,,,3.0,,,,,,,1.0,,,2.0,4.0,4.0,,,62.0,4.0,3.0,5.0,,4.0,6.0,5.0,,10.0,3.0,38.0,48.0,4.0,24.0,11.0,,1.0,84.0,10.0,14.0,1.0,,,,3.0,1.0,,1.0,1.0,,8.0,,6.0,2.0,22.0,1.0,19.0,19.0,1.0,3.0,109.0,45.0,8.0,,9.0,3.0,2.0,,1.0,,49.0,71.0,30.0,,,,,187.0,163.0,,22.0,21.0,46.8,1.0,,2.0,0.0,2.0,2.0,,1.0,,11.0,,2.0,75.0,,12.0,103.0,41.0,48.0,8.0,2.0,15.0,13.0,,140.0,26.0,260.0,6.0,1.0,36.0,24.0,69.0,2.0,348.0,1.0,0.0,16.0,13.0,3.0,35.0,1.0,625.0,,4.0,4.0,6.0,0.0,,,,,,,,,,,,,,,,,,,,,,,,,,,,,,,,,,,
2009-10,284152,16,2009-12-12 15:00:00,54,Fulham,Away,135.0,20.0,1.0,4.0,3.0,12.0,,181.0,4.0,,3.0,11.0,27.0,24.0,312.0,,3.0,28.0,23.0,19.0,8.0,1.0,1.0,1.0,,,,,,,,,,7.0,,,,,3.0,6.0,8.0,9.0,3.0,75.0,7.0,1.0,4.0,,4.0,8.0,7.0,,8.0,2.0,48.0,60.0,7.0,19.0,8.0,,1.0,61.0,9.0,13.0,1.0,,3.0,3.0,,1.0,1.0,1.0,,1.0,8.0,,,1.0,19.0,,21.0,21.0,,3.0,117.0,61.0,7.0,,4.0,6.0,6.0,418.0,3.0,,32.0,80.0,33.0,,,,,184.0,164.0,1.0,26.0,37.0,50.5,,2.0,,0.0,2.0,4.0,6.0,3.0,1.0,5.0,,1.0,68.0,300.0,10.0,156.0,46.0,39.0,10.0,4.0,22.0,18.0,1.0,124.0,21.0,307.0,1.0,,36.0,32.0,54.0,1.0,441.0,,0.0,12.0,23.0,7.0,31.0,2.0,674.0,17.0,5.0,4.0,20.0,0.0,,,,,,,,,,,,,,,,,,,,,,,,,,,,,,,,,,,
2009-10,284165,17,2010-01-05 19:45:00,54,Fulham,Away,165.0,21.0,2.0,4.0,2.0,5.0,,134.0,4.0,1.0,5.0,8.0,24.0,38.0,295.0,,1.0,32.0,19.0,9.0,11.0,2.0,,,,2.0,,,2.0,,,,1.0,,,,,,,13.0,2.0,,,52.0,3.0,10.0,6.0,2.0,10.0,5.0,3.0,,13.0,2.0,51.0,38.0,3.0,16.0,7.0,,,72.0,9.0,13.0,,,,,2.0,2.0,,2.0,2.0,,7.0,,1.0,2.0,13.0,,15.0,15.0,1.0,5.0,103.0,47.0,8.0,2.0,4.0,11.0,4.0,,5.0,,49.0,44.0,23.0,,,,,193.0,177.0,,25.0,19.0,57.8,,,,0.0,4.0,1.0,,3.0,,6.0,,3.0,48.0,,15.0,194.0,53.0,32.0,8.0,9.0,18.0,9.0,,106.0,16.0,252.0,1.0,1.0,34.0,25.0,75.0,1.0,428.0,1.0,0.0,20.0,14.0,2.0,39.0,0.0,683.0,,2.0,10.0,12.0,0.0,,,,,,,,,,,,,,,,,,,,,,,,,,,,,,,,,,,
2009-10,284174,18,2009-12-19 15:00:00,54,Fulham,Home,156.0,17.0,,8.0,8.0,9.0,,186.0,6.0,,4.0,12.0,17.0,23.0,334.0,,1.0,13.0,10.0,13.0,6.0,1.0,,,,,,,,,,,,,,,,,1.0,4.0,12.0,,,58.0,3.0,2.0,8.0,,5.0,10.0,4.0,,22.0,,54.0,44.0,3.0,18.0,9.0,,,69.0,10.0,9.0,1.0,,,,,2.0,,2.0,2.0,,12.0,,1.0,,22.0,,31.0,31.0,1.0,4.0,105.0,62.0,2.0,2.0,3.0,6.0,6.0,,2.0,,27.0,79.0,24.0,,,,,175.0,148.0,4.0,24.0,17.0,41.6,,,,0.0,1.0,1.0,,,,3.0,1.0,3.0,95.0,,9.0,175.0,21.0,45.0,6.0,4.0,21.0,17.0,,139.0,18.0,275.0,1.0,,33.0,20.0,49.0,3.0,429.0,1.0,0.0,11.0,20.0,1.0,18.0,0.0,708.0,,2.0,5.0,14.0,0.0,,,,,,,,,,,,,,,,,,,,,,,,,,,,,,,,,,,
2009-10,284183,19,2009-12-26 13:00:00,54,Fulham,Home,152.0,24.0,1.0,8.0,7.0,3.0,,177.0,5.0,,2.0,14.0,21.0,28.0,321.0,,1.0,19.0,18.0,11.0,9.0,3.0,,,,,1.0,,1.0,,,,,,,1.0,,,3.0,3.0,6.0,,,57.0,1.0,1.0,3.0,,4.0,3.0,6.0,,9.0,1.0,58.0,49.0,1.0,15.0,7.0,,,76.0,19.0,12.0,,,,,1.0,,,,,,8.0,,1.0,,14.0,1.0,21.0,21.0,2.0,2.0,93.0,48.0,2.0,,7.0,5.0,6.0,,2.0,,21.0,72.0,26.0,,,,,169.0,150.0,1.0,30.0,20.0,51.3,1.0,,,0.0,,2.0,,,,9.0,,,79.0,,12.0,179.0,44.0,34.0,16.0,4.0,16.0,12.0,,133.0,13.0,269.0,1.0,,39.0,23.0,57.0,1.0,432.0,,0.0,16.0,19.0,2.0,28.0,1.0,689.0,,7.0,4.0,14.0,0.0,,,,,,,,,,,,,,,,,,,,,,,,,,,,,,,,,,,
2009-10,284193,20,2009-12-28 15:00:00,54,Fulham,Away,97.0,12.0,1.0,3.0,2.0,9.0,,99.0,5.0,1.0,3.0,10.0,13.0,20.0,193.0,,,21.0,11.0,9.0,1.0,2.0,,,,,,,,1.0,,,,3.0,,,,,1.0,11.0,12.0,,,56.0,6.0,2.0,8.0,,6.0,9.0,5.0,,10.0,4.0,49.0,47.0,6.0,29.0,12.0,,,48.0,15.0,12.0,,1.0,1.0,1.0,,1.0,,1.0,1.0,,11.0,1.0,1.0,1.0,23.0,,17.0,17.0,4.0,3.0,69.0,25.0,10.0,1.0,,4.0,3.0,,7.0,1.0,31.0,69.0,17.0,,,,,167.0,143.0,,28.0,16.0,34.6,,,1.0,0.0,4.0,2.0,,3.0,,,1.0,3.0,42.0,,4.0,122.0,26.0,53.0,6.0,6.0,21.0,15.0,,80.0,13.0,187.0,1.0,1.0,32.0,16.0,49.0,3.0,288.0,,0.0,5.0,26.0,,25.0,1.0,516.0,,,6.0,20.0,0.0,,,,,,,,,,,,,,,,,,,,,,,,,,,,,,,,,,,
2009-10,284203,21,2010-02-03 20:00:00,54,Fulham,Home,120.0,13.0,3.0,11.0,8.0,9.0,,198.0,7.0,,7.0,7.0,21.0,26.0,307.0,,,21.0,15.0,26.0,10.0,3.0,,,,,,,,,,,,,,,,,2.0,7.0,7.0,,,60.0,1.0,6.0,8.0,,5.0,15.0,10.0,,12.0,3.0,55.0,65.0,1.0,20.0,14.0,,,71.0,12.0,13.0,,,,,,,,,,,13.0,,2.0,,24.0,,16.0,16.0,,7.0,88.0,43.0,5.0,1.0,4.0,9.0,5.0,,4.0,,55.0,88.0,27.0,,,,,192.0,177.0,1.0,14.0,30.0,48.9,,,,0.0,4.0,1.0,,4.0,,6.0,,3.0,108.0,,13.0,155.0,29.0,35.0,15.0,5.0,33.0,28.0,,163.0,19.0,306.0,2.0,,27.0,27.0,50.0,1.0,428.0,,0.0,17.0,19.0,1.0,28.0,0.0,708.0,,7.0,5.0,13.0,0.0,,,,,,,,,,,,,,,,,,,,,,,,,,,,,,,,,,,
2009-10,284211,22,2010-01-17 15:00:00,54,Fulham,Away,136.0,17.0,3.0,8.0,5.0,6.0,,241.0,3.0,1.0,10.0,7.0,25.0,16.0,369.0,,1.0,26.0,36.0,18.0,9.0,4.0,,1.0,,,,,1.0,,,,,,,1.0,,,2.0,6.0,5.0,,,67.0,1.0,6.0,6.0,,5.0,17.0,8.0,,13.0,1.0,66.0,61.0,1.0,20.0,11.0,,1.0,65.0,10.0,15.0,,,,,1.0,,,,,,4.0,,3.0,1.0,19.0,1.0,15.0,15.0,2.0,10.0,97.0,47.0,3.0,,4.0,9.0,4.0,,1.0,,74.0,73.0,26.0,,,,,198.0,179.0,1.0,28.0,23.0,59.4,1.0,,,0.0,2.0,2.0,,,1.0,6.0,,2.0,115.0,,13.0,157.0,36.0,39.0,8.0,5.0,31.0,26.0,,173.0,17.0,370.0,4.0,1.0,33.0,28.0,46.0,5.0,496.0,,0.0,16.0,22.0,6.0,34.0,3.0,787.0,,6.0,6.0,17.0,0.0,,,,,,,,,,,,,,,,,,,,,,,,,,,,,,,,,,,
2009-10,284224,23,2010-01-26 20:00:00,54,Fulham,Away,168.0,20.0,,1.0,1.0,6.0,,201.0,6.0,,5.0,8.0,31.0,17.0,368.0,,1.0,18.0,21.0,8.0,7.0,2.0,,,,,,,,,,,,,,,,,2.0,8.0,8.0,,,63.0,2.0,5.0,9.0,,3.0,3.0,5.0,,13.0,1.0,63.0,41.0,2.0,17.0,9.0,,,68.0,17.0,11.0,,,,,,,,,,,8.0,,3.0,1.0,15.0,,26.0,26.0,1.0,5.0,99.0,59.0,11.0,,3.0,6.0,3.0,,3.0,,24.0,97.0,16.0,,,,,179.0,161.0,1.0,26.0,24.0,49.9,,,,0.0,,3.0,,,,3.0,,3.0,77.0,,9.0,193.0,42.0,35.0,6.0,2.0,11.0,9.0,,134.0,18.0,306.0,3.0,,29.0,34.0,40.0,5.0,488.0,,0.0,11.0,20.0,2.0,25.0,1.0,729.0,,2.0,3.0,15.0,0.0,,,,,,,,,,,,,,,,,,,,,,,,,,,,,,,,,,,
2009-10,284233,24,2010-01-30 15:00:00,54,Fulham,Home,125.0,29.0,4.0,6.0,2.0,8.0,,241.0,5.0,,6.0,8.0,27.0,25.0,360.0,,,13.0,17.0,15.0,11.0,4.0,,,,1.0,,,1.0,,,,,,,,,,,9.0,4.0,,,71.0,2.0,10.0,6.0,,9.0,3.0,5.0,,11.0,2.0,51.0,56.0,2.0,19.0,9.0,,1.0,92.0,10.0,16.0,,,,,1.0,,,,,,8.0,,1.0,1.0,18.0,,17.0,17.0,1.0,6.0,100.0,58.0,3.0,,4.0,11.0,4.0,,3.0,,41.0,90.0,23.0,,,,,163.0,149.0,4.0,19.0,38.0,54.1,,,1.0,0.0,3.0,1.0,,2.0,,5.0,1.0,3.0,110.0,,15.0,139.0,57.0,33.0,12.0,8.0,18.0,10.0,,176.0,19.0,343.0,1.0,,22.0,30.0,51.0,5.0,464.0,,0.0,19.0,21.0,,19.0,0.0,737.0,,4.0,9.0,19.0,0.0,,,,,,,,,,,,,,,,,,,,,,,,,,,,,,,,,,,
2009-10,284241,25,2010-02-06 15:00:00,54,Fulham,Away,160.0,21.0,2.0,3.0,1.0,10.0,,158.0,1.0,2.0,5.0,6.0,29.0,24.0,315.0,,,21.0,24.0,11.0,3.0,,,,,,,,1.0,,,,,,,,,,,12.0,9.0,,,71.0,2.0,3.0,6.0,,5.0,5.0,5.0,,17.0,2.0,68.0,47.0,2.0,28.0,12.0,,,72.0,14.0,9.0,,,,,1.0,,,,,,7.0,,5.0,,22.0,,18.0,17.0,2.0,5.0,110.0,43.0,2.0,,1.0,2.0,,,8.0,,62.0,66.0,17.0,,,,,200.0,172.0,,31.0,22.0,49.9,,,2.0,0.0,7.0,1.0,,3.0,,4.0,,3.0,71.0,,3.0,189.0,36.0,56.0,15.0,5.0,15.0,10.0,,121.0,18.0,263.0,5.0,2.0,34.0,32.0,71.0,1.0,437.0,,0.0,7.0,18.0,,28.0,0.0,737.0,,8.0,5.0,14.0,0.0,,,,,,,,,,,,,,,,,,,,,,,,,,,,,,,,,,,
2009-10,284251,26,2010-02-09 20:00:00,54,Fulham,Home,138.0,16.0,1.0,6.0,5.0,3.0,,218.0,3.0,,10.0,5.0,26.0,36.0,350.0,,1.0,24.0,11.0,14.0,10.0,,,,1.0,,,,1.0,,,,,,,,,,,2.0,9.0,,,70.0,1.0,5.0,6.0,,6.0,13.0,6.0,,10.0,1.0,48.0,64.0,1.0,14.0,7.0,,,65.0,12.0,9.0,2.0,,,,1.0,1.0,,1.0,1.0,,9.0,,4.0,1.0,13.0,,19.0,18.0,,10.0,111.0,56.0,2.0,1.0,3.0,8.0,8.0,,,,44.0,94.0,30.0,,,,,181.0,170.0,1.0,24.0,25.0,50.9,,,1.0,0.0,1.0,2.0,,,,4.0,,3.0,122.0,,11.0,164.0,39.0,25.0,17.0,3.0,23.0,20.0,,172.0,11.0,322.0,4.0,,24.0,29.0,61.0,6.0,463.0,1.0,0.0,17.0,34.0,5.0,32.0,1.0,749.0,,7.0,6.0,23.0,0.0,,,,,,,,,,,,,,,,,,,,,,,,,,,,,,,,,,,
2009-10,284264,27,2010-02-21 15:00:00,54,Fulham,Home,205.0,24.0,2.0,7.0,5.0,3.0,,182.0,2.0,1.0,11.0,11.0,22.0,51.0,380.0,,1.0,29.0,27.0,20.0,7.0,3.0,,,1.0,,,,1.0,1.0,,,,8.0,,,,,1.0,4.0,7.0,,,60.0,1.0,1.0,4.0,,3.0,13.0,3.0,,12.0,2.0,59.0,63.0,1.0,25.0,14.0,,,75.0,10.0,17.0,1.0,,6.0,2.0,1.0,1.0,,1.0,1.0,,5.0,1.0,3.0,1.0,28.0,,23.0,23.0,1.0,11.0,110.0,51.0,1.0,1.0,5.0,6.0,6.0,,3.0,1.0,44.0,91.0,21.0,,,,,212.0,189.0,3.0,25.0,14.0,57.0,,,1.0,0.0,2.0,3.0,,,,6.0,,2.0,92.0,,11.0,249.0,51.0,48.0,16.0,2.0,20.0,18.0,,153.0,13.0,297.0,3.0,1.0,39.0,24.0,81.0,2.0,526.0,1.0,0.0,13.0,17.0,3.0,35.0,1.0,766.0,,9.0,3.0,13.0,0.0,,,,,,,,,,,,,,,,,,,,,,,,,,,,,,,,,,,
2009-10,284278,28,2010-02-28 15:00:00,54,Fulham,Away,254.0,24.0,,2.0,2.0,7.0,,146.0,5.0,,3.0,11.0,22.0,29.0,398.0,,2.0,16.0,24.0,17.0,4.0,,,,,,,,,,,,,,,,,,,5.0,7.0,,,67.0,2.0,2.0,3.0,,2.0,4.0,2.0,,8.0,,56.0,45.0,2.0,24.0,12.0,,1.0,57.0,16.0,15.0,,1.0,,,,,,,,,9.0,,1.0,1.0,25.0,,24.0,24.0,,3.0,101.0,52.0,2.0,,2.0,2.0,,,1.0,,28.0,82.0,18.0,,,,,186.0,160.0,,26.0,31.0,56.2,,,,0.0,2.0,2.0,,,,2.0,,2.0,71.0,,4.0,296.0,42.0,50.0,7.0,2.0,11.0,9.0,,113.0,17.0,234.0,1.0,,33.0,25.0,50.0,3.0,519.0,,0.0,4.0,12.0,3.0,24.0,3.0,773.0,,1.0,2.0,7.0,0.0,,,,,,,,,,,,,,,,,,,,,,,,,,,,,,,,,,,
2009-10,284284,29,2010-05-05 20:00:00,54,Fulham,Home,240.0,15.0,2.0,5.0,3.0,7.0,,226.0,7.0,,13.0,13.0,27.0,43.0,461.0,,1.0,27.0,26.0,24.0,8.0,4.0,,,,,,,,,,,,,,,,,,3.0,4.0,,,63.0,2.0,3.0,3.0,,8.0,10.0,11.0,,14.0,,53.0,50.0,2.0,15.0,8.0,,,80.0,7.0,6.0,,,,,,,,,,,8.0,,2.0,,17.0,,16.0,16.0,1.0,13.0,96.0,60.0,3.0,,6.0,6.0,3.0,,2.0,,76.0,58.0,34.0,,,,,173.0,158.0,1.0,26.0,22.0,62.8,,,1.0,0.0,1.0,,,1.0,,7.0,,2.0,94.0,,12.0,267.0,30.0,30.0,6.0,4.0,25.0,21.0,,160.0,19.0,334.0,4.0,,31.0,28.0,72.0,1.0,576.0,1.0,0.0,13.0,17.0,3.0,31.0,1.0,828.0,,3.0,8.0,14.0,0.0,,,,,,,,,,,,,,,,,,,,,,,,,,,,,,,,,,,
2009-10,284296,30,2010-03-14 13:30:00,54,Fulham,Away,185.0,16.0,,1.0,1.0,5.0,,143.0,6.0,,2.0,7.0,16.0,17.0,327.0,,1.0,8.0,17.0,10.0,6.0,,,,,,,,,,,,,,,,,,,19.0,16.0,,,63.0,4.0,3.0,9.0,,,2.0,2.0,,10.0,1.0,52.0,31.0,4.0,24.0,13.0,,,46.0,12.0,7.0,,,,,,,,,,,14.0,,2.0,1.0,22.0,,28.0,28.0,1.0,2.0,92.0,48.0,11.0,,2.0,4.0,3.0,,12.0,,30.0,52.0,12.0,,,,,160.0,146.0,1.0,34.0,16.0,43.2,,,,0.0,3.0,3.0,,,,2.0,,3.0,51.0,,6.0,223.0,41.0,38.0,5.0,,4.0,4.0,,89.0,13.0,221.0,4.0,,26.0,18.0,31.0,2.0,440.0,,0.0,8.0,14.0,1.0,13.0,1.0,686.0,,,1.0,7.0,0.0,,,,,,,,,,,,,,,,,,,,,,,,,,,,,,,,,,,
2009-10,284304,31,2010-03-21 15:00:00,54,Fulham,Home,196.0,32.0,1.0,6.0,5.0,6.0,,249.0,3.0,,5.0,7.0,25.0,30.0,439.0,,,22.0,21.0,15.0,7.0,,,,,,,,2.0,,,,,,1.0,,,,1.0,11.0,6.0,,,70.0,,5.0,6.0,,4.0,10.0,7.0,,12.0,3.0,53.0,45.0,,8.0,6.0,,,90.0,8.0,10.0,,1.0,,,2.0,,,,,,8.0,,2.0,,14.0,,20.0,20.0,1.0,5.0,115.0,63.0,2.0,1.0,2.0,5.0,3.0,,4.0,,51.0,69.0,31.0,,,,1.0,185.0,172.0,1.0,26.0,32.0,54.2,,,,0.0,4.0,2.0,,1.0,,5.0,,3.0,127.0,,7.0,216.0,54.0,21.0,9.0,4.0,21.0,17.0,,191.0,16.0,368.0,2.0,,35.0,27.0,63.0,5.0,563.0,2.0,0.0,13.0,17.0,6.0,26.0,0.0,827.0,,3.0,4.0,11.0,0.0,,,,,,,,,,,,,,,,,,,,,,,,,,,,,,,,,,,
2009-10,284314,32,2010-03-27 15:00:00,54,Fulham,Away,144.0,16.0,3.0,4.0,1.0,5.0,,201.0,5.0,,2.0,10.0,12.0,28.0,341.0,,1.0,23.0,18.0,26.0,12.0,,,,,,,,,,,,,11.0,,,,,2.0,6.0,4.0,,,55.0,1.0,8.0,2.0,,8.0,12.0,6.0,,7.0,1.0,48.0,57.0,1.0,28.0,15.0,,,63.0,19.0,11.0,,,2.0,2.0,,,,,,,7.0,,2.0,2.0,25.0,,25.0,25.0,2.0,2.0,92.0,50.0,6.0,,2.0,10.0,4.0,,1.0,,48.0,72.0,29.0,1.0,1.0,1.0,,168.0,154.0,2.0,24.0,21.0,61.7,,,1.0,0.0,2.0,1.0,,1.0,,3.0,1.0,2.0,93.0,,12.0,175.0,29.0,42.0,7.0,8.0,28.0,20.0,,145.0,12.0,303.0,2.0,,39.0,13.0,55.0,1.0,450.0,,0.0,15.0,18.0,5.0,29.0,4.0,673.0,,2.0,8.0,15.0,0.0,,,,,,,,,,,,,,,,,,,,,,,,,,,,,,,,,,,
2009-10,284325,33,2010-04-04 15:00:00,54,Fulham,Home,152.0,19.0,1.0,5.0,4.0,6.0,,161.0,2.0,,7.0,6.0,15.0,20.0,308.0,,,20.0,18.0,17.0,4.0,1.0,,,,,,,,,,,,,,,,,,7.0,9.0,,,72.0,3.0,,17.0,1.0,6.0,7.0,7.0,1.0,20.0,1.0,73.0,65.0,3.0,20.0,12.0,,1.0,99.0,13.0,11.0,1.0,,,,,2.0,1.0,2.0,1.0,1.0,8.0,,3.0,,22.0,,15.0,15.0,,7.0,120.0,46.0,3.0,,2.0,5.0,5.0,,9.0,,53.0,56.0,26.0,,,,,212.0,194.0,4.0,22.0,32.0,52.6,,,1.0,0.0,,2.0,,1.0,,3.0,,3.0,86.0,,7.0,179.0,50.0,38.0,9.0,4.0,21.0,17.0,,166.0,10.0,288.0,4.0,,25.0,15.0,62.0,2.0,446.0,1.0,0.0,8.0,33.0,,27.0,1.0,739.0,,4.0,6.0,26.0,0.0,,,,,,,,,,,,,,,,,,,,,,,,,,,,,,,,,,,
2009-10,284334,34,2010-04-11 15:00:00,54,Fulham,Away,150.0,14.0,,1.0,1.0,2.0,,86.0,9.0,,1.0,7.0,13.0,16.0,235.0,,,16.0,9.0,8.0,3.0,,,,,,,,1.0,,,,,,,,,,,11.0,14.0,,,57.0,6.0,2.0,9.0,1.0,1.0,1.0,4.0,,14.0,3.0,55.0,42.0,6.0,26.0,16.0,,,43.0,19.0,6.0,,,,,1.0,,,,,,14.0,,1.0,2.0,24.0,,19.0,18.0,3.0,1.0,72.0,31.0,10.0,,,3.0,1.0,,9.0,,43.0,38.0,9.0,,,,,142.0,122.0,1.0,30.0,15.0,34.9,,,2.0,0.0,5.0,2.0,,1.0,,,,3.0,38.0,,3.0,174.0,20.0,46.0,7.0,1.0,7.0,6.0,,69.0,7.0,155.0,1.0,,32.0,14.0,45.0,,322.0,,0.0,3.0,27.0,1.0,20.0,3.0,585.0,,1.0,1.0,20.0,0.0,,,,,,,,,,,,,,,,,,,,,,,,,,,,,,,,,,,
2009-10,284342,35,2010-04-17 15:00:00,54,Fulham,Home,121.0,19.0,2.0,6.0,4.0,2.0,,199.0,7.0,2.0,5.0,8.0,12.0,33.0,314.0,,,22.0,19.0,22.0,7.0,2.0,,,,1.0,,,1.0,,,,,,,,,1.0,1.0,7.0,2.0,,,49.0,6.0,5.0,4.0,,5.0,13.0,5.0,,7.0,,45.0,49.0,6.0,21.0,15.0,,,79.0,10.0,10.0,,1.0,,,1.0,,,,,,14.0,,2.0,,29.0,1.0,17.0,17.0,3.0,5.0,92.0,42.0,9.0,,5.0,4.0,,,2.0,,59.0,55.0,29.0,,,,,183.0,163.0,2.0,20.0,13.0,56.7,1.0,,,0.0,1.0,,,1.0,,9.0,,,104.0,,9.0,154.0,31.0,41.0,8.0,5.0,24.0,19.0,,150.0,11.0,297.0,2.0,2.0,37.0,16.0,66.0,2.0,427.0,1.0,0.0,14.0,14.0,1.0,32.0,1.0,684.0,,3.0,5.0,9.0,0.0,,,,,,,,,,,,,,,,,,,,,,,,,,,,,,,,,,,
2009-10,284355,36,2010-04-25 15:00:00,54,Fulham,Away,191.0,19.0,,3.0,3.0,7.0,1.0,151.0,3.0,,7.0,8.0,16.0,21.0,339.0,,3.0,15.0,17.0,13.0,4.0,1.0,,,,,,1.0,1.0,1.0,,,,5.0,,,,,,13.0,5.0,,,60.0,2.0,3.0,7.0,,3.0,5.0,5.0,,16.0,4.0,58.0,50.0,2.0,26.0,12.0,,2.0,61.0,15.0,7.0,1.0,,2.0,1.0,1.0,,,,,,10.0,1.0,7.0,2.0,19.0,,14.0,14.0,,7.0,101.0,48.0,10.0,,1.0,4.0,3.0,,3.0,1.0,34.0,34.0,20.0,1.0,1.0,1.0,,150.0,130.0,,24.0,18.0,44.7,,,1.0,0.0,3.0,3.0,,2.0,,2.0,,2.0,48.0,,5.0,206.0,34.0,46.0,6.0,3.0,14.0,11.0,,87.0,11.0,234.0,7.0,,27.0,16.0,50.0,,426.0,,0.0,8.0,29.0,6.0,19.0,1.0,630.0,,1.0,3.0,22.0,0.0,,,,,,,,,,,,,,,,,,,,,,,,,,,,,,,,,,,
2009-10,284362,37,2010-05-02 15:00:00,54,Fulham,Home,204.0,14.0,3.0,5.0,2.0,3.0,,162.0,6.0,,8.0,15.0,17.0,34.0,361.0,,1.0,15.0,19.0,20.0,2.0,,,,,,,,,,,,,6.0,,1.0,,,,5.0,3.0,,,55.0,1.0,3.0,6.0,,9.0,9.0,7.0,,16.0,2.0,63.0,67.0,1.0,18.0,10.0,,,62.0,14.0,16.0,2.0,,1.0,1.0,,2.0,,2.0,2.0,,8.0,2.0,1.0,5.0,20.0,1.0,15.0,15.0,2.0,8.0,94.0,50.0,3.0,,1.0,3.0,2.0,,,,58.0,60.0,16.0,,,,,170.0,157.0,4.0,18.0,21.0,49.2,1.0,,1.0,0.0,,3.0,,,,2.0,,2.0,75.0,,4.0,220.0,28.0,31.0,19.0,8.0,25.0,17.0,,128.0,16.0,267.0,1.0,,40.0,17.0,66.0,1.0,462.0,,0.0,7.0,25.0,5.0,19.0,0.0,668.0,,6.0,9.0,17.0,0.0,,,,,,,,,,,,,,,,,,,,,,,,,,,,,,,,,,,
2009-10,284370,38,2010-05-09 16:00:00,54,Fulham,Away,177.0,8.0,1.0,2.0,1.0,4.0,,94.0,6.0,1.0,7.0,7.0,18.0,26.0,269.0,,,11.0,15.0,12.0,2.0,,,,,,,,,1.0,,,,2.0,,,,,1.0,14.0,5.0,,,53.0,4.0,2.0,18.0,,2.0,3.0,,,14.0,2.0,61.0,52.0,4.0,11.0,3.0,1.0,,45.0,10.0,11.0,,,3.0,2.0,,,,,,,9.0,,3.0,,10.0,,23.0,23.0,3.0,8.0,73.0,37.0,5.0,,1.0,1.0,,,6.0,1.0,15.0,43.0,16.0,,,,,131.0,121.0,1.0,20.0,15.0,35.7,,,,0.0,3.0,,,,,1.0,,3.0,36.0,,2.0,203.0,26.0,21.0,6.0,2.0,7.0,5.0,,71.0,12.0,160.0,3.0,1.0,25.0,19.0,52.0,4.0,356.0,,0.0,3.0,27.0,3.0,14.0,2.0,546.0,,2.0,2.0,19.0,0.0,,,,,,,,,,,,,,,,,,,,,,,,,,,,,,,,,,,
2010-11,321660,1,2010-08-14 15:00:00,54,Fulham,Away,114.0,12.0,2.0,5.0,3.0,1.0,,174.0,1.0,,3.0,9.0,27.0,13.0,283.0,,1.0,27.0,19.0,13.0,10.0,1.0,,,,,,,,,,,,11.0,,,,,,3.0,8.0,,,55.0,3.0,4.0,5.0,,8.0,11.0,10.0,,19.0,3.0,64.0,46.0,3.0,32.0,20.0,,,100.0,14.0,11.0,,1.0,3.0,2.0,,,,,,,11.0,,4.0,,34.0,,8.0,6.0,,4.0,101.0,40.0,4.0,,6.0,5.0,4.0,,,,52.0,53.0,29.0,,,,,216.0,196.0,1.0,23.0,17.0,53.5,,,2.0,0.0,3.0,2.0,,4.0,,7.0,,1.0,86.0,,11.0,141.0,26.0,52.0,11.0,7.0,30.0,23.0,,151.0,6.0,283.0,5.0,,45.0,28.0,51.0,3.0,394.0,,0.0,15.0,18.0,8.0,34.0,3.0,636.0,,4.0,8.0,15.0,0.0,,81.0,,,,195.0,,53.0,,,65.0,12.0,,,,,,,,,,,,,,,,,,,,,,,
2010-11,321670,2,2010-08-22 16:00:00,54,Fulham,Home,135.0,17.0,3.0,17.0,14.0,3.0,,213.0,7.0,,8.0,4.0,22.0,26.0,331.0,1.0,2.0,6.0,12.0,14.0,14.0,1.0,,,,,,,1.0,1.0,,,,15.0,,,,,2.0,17.0,6.0,,,65.0,2.0,3.0,3.0,,5.0,9.0,21.0,1.0,4.0,3.0,28.0,36.0,2.0,19.0,8.0,,,71.0,10.0,6.0,,,2.0,,1.0,2.0,1.0,2.0,1.0,1.0,13.0,1.0,,3.0,20.0,,22.0,18.0,4.0,8.0,62.0,31.0,11.0,1.0,8.0,9.0,8.0,,5.0,1.0,42.0,55.0,40.0,,1.0,1.0,,145.0,126.0,3.0,30.0,20.0,42.8,,,,0.0,6.0,1.0,,1.0,,9.0,,3.0,115.0,,17.0,149.0,32.0,38.0,4.0,4.0,34.0,30.0,,163.0,8.0,295.0,,,14.0,25.0,42.0,,410.0,1.0,0.0,20.0,14.0,5.0,8.0,2.0,629.0,,2.0,5.0,11.0,0.0,,57.0,3.0,3.0,1.0,153.0,,103.0,1.0,1.0,97.0,15.0,,,,,,,,,,,,,,,,,,,,,,,
2010-11,321679,3,2010-08-28 15:00:00,54,Fulham,Away,128.0,13.0,1.0,3.0,2.0,4.0,1.0,188.0,6.0,,3.0,12.0,23.0,19.0,313.0,1.0,1.0,17.0,7.0,19.0,5.0,3.0,,1.0,,,,,1.0,1.0,,,,7.0,,,,,1.0,10.0,8.0,,,53.0,4.0,4.0,7.0,,5.0,8.0,2.0,,18.0,2.0,58.0,53.0,4.0,33.0,20.0,,1.0,80.0,16.0,12.0,1.0,,3.0,2.0,1.0,2.0,,2.0,2.0,,17.0,2.0,,,29.0,,10.0,9.0,,3.0,102.0,56.0,4.0,1.0,4.0,6.0,5.0,,3.0,1.0,42.0,44.0,16.0,,,,,182.0,165.0,2.0,20.0,23.0,46.0,,,,0.0,2.0,2.0,,1.0,1.0,4.0,1.0,3.0,90.0,,10.0,146.0,20.0,50.0,15.0,3.0,15.0,12.0,2.0,141.0,10.0,271.0,,,39.0,26.0,44.0,7.0,402.0,1.0,0.0,13.0,17.0,1.0,23.0,0.0,629.0,,5.0,5.0,11.0,0.0,,78.0,3.0,1.0,2.0,178.0,1.0,82.0,,,64.0,12.0,,,,,,,,,,,,,,,,,,,,,,,
2010-11,321690,4,2010-09-11 15:00:00,54,Fulham,Home,211.0,12.0,1.0,4.0,3.0,4.0,,257.0,,,8.0,8.0,31.0,23.0,464.0,,1.0,21.0,17.0,12.0,11.0,1.0,,,1.0,2.0,,,3.0,,,,,10.0,,,,,2.0,7.0,,,,47.0,,6.0,2.0,,6.0,11.0,2.0,,12.0,,46.0,53.0,,25.0,10.0,1.0,,86.0,9.0,19.0,,,4.0,,3.0,1.0,,1.0,1.0,,4.0,1.0,2.0,,20.0,,12.0,9.0,1.0,8.0,110.0,65.0,6.0,2.0,5.0,8.0,3.0,,3.0,,36.0,60.0,25.0,,,,,189.0,171.0,1.0,21.0,15.0,61.3,,,3.0,0.0,1.0,,,,,8.0,,3.0,99.0,,13.0,228.0,31.0,43.0,11.0,5.0,18.0,13.0,,155.0,6.0,360.0,2.0,,31.0,35.0,54.0,6.0,570.0,1.0,0.0,17.0,17.0,3.0,23.0,3.0,780.0,,5.0,6.0,12.0,0.0,,85.0,2.0,3.0,,226.0,,113.0,2.0,,146.0,19.0,,,,,,,,,,,,,,,,,,,,,,,
2010-11,321698,5,2010-09-18 15:00:00,54,Fulham,Away,152.0,18.0,,6.0,6.0,3.0,,233.0,4.0,,5.0,8.0,13.0,26.0,379.0,,,27.0,23.0,21.0,5.0,,,,,3.0,,,3.0,,,,,6.0,,,,,,4.0,7.0,,,57.0,4.0,2.0,4.0,1.0,3.0,12.0,6.0,,17.0,,61.0,59.0,4.0,24.0,14.0,1.0,1.0,81.0,10.0,17.0,1.0,,5.0,,3.0,1.0,,1.0,1.0,,10.0,1.0,2.0,,31.0,,12.0,10.0,1.0,5.0,105.0,54.0,3.0,,3.0,3.0,2.0,,4.0,,73.0,71.0,19.0,,,,,216.0,190.0,1.0,25.0,22.0,61.1,,,3.0,0.0,1.0,2.0,,,,5.0,,2.0,124.0,,6.0,180.0,35.0,50.0,12.0,1.0,19.0,18.0,,176.0,10.0,333.0,4.0,,32.0,14.0,54.0,1.0,494.0,,0.0,9.0,16.0,2.0,31.0,1.0,727.0,,5.0,3.0,12.0,0.0,,64.0,,,,204.0,,110.0,1.0,,116.0,26.0,,,,,,,,,,,,,,,,,,,,,,,
2010-11,321711,6,2010-09-25 15:00:00,54,Fulham,Home,135.0,12.0,1.0,4.0,3.0,5.0,,176.0,3.0,1.0,12.0,5.0,16.0,17.0,307.0,,,18.0,24.0,19.0,8.0,1.0,,,,,,,,,,,,10.0,,,,,,5.0,11.0,,,62.0,,1.0,13.0,,4.0,5.0,8.0,,14.0,4.0,74.0,56.0,,20.0,12.0,,,86.0,14.0,12.0,,,2.0,1.0,,,,,,,10.0,,3.0,,27.0,,24.0,17.0,1.0,14.0,87.0,37.0,5.0,,6.0,3.0,2.0,,4.0,,33.0,64.0,21.0,,,,,189.0,165.0,1.0,20.0,19.0,45.8,,,,0.0,2.0,3.0,,,,8.0,,3.0,86.0,,9.0,153.0,26.0,44.0,11.0,3.0,17.0,14.0,,143.0,12.0,270.0,3.0,1.0,29.0,20.0,50.0,3.0,406.0,,0.0,11.0,23.0,2.0,26.0,2.0,637.0,,2.0,4.0,15.0,0.0,,74.0,,,,178.0,,77.0,1.0,,77.0,9.0,,,,,,,,,,,,,,,,,,,,,,,
2010-11,321725,7,2010-10-02 15:00:00,54,Fulham,Away,175.0,7.0,,6.0,6.0,3.0,1.0,212.0,4.0,1.0,5.0,6.0,11.0,24.0,381.0,,,18.0,18.0,16.0,15.0,1.0,,2.0,,,,,,,,,,15.0,,,,,3.0,10.0,2.0,,,72.0,4.0,2.0,12.0,,3.0,10.0,10.0,,11.0,,55.0,58.0,4.0,37.0,24.0,,,91.0,8.0,20.0,1.0,,3.0,5.0,,,,,,,8.0,1.0,4.0,,35.0,,14.0,12.0,2.0,5.0,100.0,51.0,2.0,,10.0,6.0,5.0,,1.0,,65.0,72.0,27.0,,,,,188.0,173.0,,25.0,34.0,54.4,,,2.0,0.0,2.0,,,1.0,2.0,11.0,,3.0,90.0,,16.0,196.0,28.0,52.0,11.0,2.0,27.0,25.0,2.0,144.0,13.0,328.0,4.0,1.0,29.0,13.0,60.0,,497.0,,0.0,18.0,17.0,,19.0,1.0,718.0,,5.0,3.0,14.0,0.0,,82.0,1.0,1.0,1.0,187.0,,119.0,2.0,,109.0,12.0,,,,,,,,,,,,,,,,,,,,,,,
2010-11,321733,8,2010-10-16 15:00:00,54,Fulham,Home,162.0,18.0,3.0,8.0,5.0,8.0,,203.0,7.0,1.0,4.0,11.0,21.0,20.0,357.0,1.0,,15.0,18.0,19.0,10.0,4.0,,,,,,,1.0,,,,,9.0,,,,,4.0,10.0,8.0,,,54.0,7.0,4.0,10.0,,4.0,13.0,3.0,,17.0,1.0,60.0,64.0,7.0,14.0,5.0,,,74.0,9.0,11.0,1.0,,3.0,1.0,1.0,1.0,,1.0,1.0,,16.0,1.0,1.0,2.0,12.0,,22.0,15.0,3.0,4.0,106.0,60.0,11.0,,8.0,7.0,5.0,,4.0,,33.0,44.0,23.0,,,,,181.0,163.0,1.0,22.0,23.0,49.4,,,,0.0,3.0,,,,,9.0,1.0,3.0,71.0,,15.0,184.0,31.0,32.0,10.0,3.0,20.0,17.0,,115.0,20.0,290.0,1.0,1.0,33.0,21.0,52.0,4.0,454.0,1.0,0.0,18.0,32.0,5.0,17.0,1.0,690.0,,2.0,4.0,21.0,0.0,,67.0,3.0,2.0,1.0,196.0,,91.0,2.0,,100.0,12.0,,,,,,,,,,,,,,,,,,,,,,,
2010-11,321744,9,2010-10-23 15:00:00,54,Fulham,Away,165.0,11.0,1.0,2.0,1.0,3.0,,176.0,9.0,,9.0,5.0,16.0,21.0,339.0,,,24.0,8.0,2.0,5.0,,,,,,,,,,,,,8.0,,,,,,10.0,6.0,,,56.0,4.0,3.0,9.0,1.0,5.0,9.0,9.0,,15.0,1.0,51.0,27.0,4.0,14.0,7.0,,,77.0,11.0,4.0,,,1.0,1.0,,,,,,,12.0,,4.0,3.0,13.0,1.0,13.0,13.0,,9.0,86.0,51.0,7.0,,3.0,2.0,1.0,,2.0,,55.0,54.0,22.0,,,,,165.0,156.0,5.0,21.0,17.0,50.1,,,2.0,0.0,2.0,2.0,,1.0,,5.0,1.0,2.0,72.0,,5.0,181.0,30.0,23.0,16.0,4.0,23.0,19.0,,130.0,10.0,275.0,4.0,,20.0,18.0,41.0,1.0,433.0,,0.0,9.0,16.0,5.0,26.0,0.0,629.0,,5.0,5.0,11.0,0.0,,62.0,,,,178.0,,95.0,,,98.0,9.0,,,,,,,,,,,,,,,,,,,,,,,
2010-11,321753,10,2010-10-30 15:00:00,54,Fulham,Home,143.0,25.0,,6.0,6.0,3.0,1.0,309.0,3.0,,3.0,11.0,18.0,28.0,446.0,,,24.0,20.0,16.0,6.0,1.0,,,,1.0,,,2.0,,,,,11.0,,,,,1.0,3.0,6.0,,,78.0,1.0,6.0,14.0,,7.0,13.0,7.0,,16.0,1.0,69.0,71.0,1.0,9.0,7.0,,,127.0,8.0,12.0,2.0,,6.0,1.0,2.0,2.0,,2.0,2.0,,5.0,2.0,,,13.0,1.0,19.0,17.0,,3.0,110.0,57.0,1.0,,3.0,6.0,5.0,,,,61.0,99.0,23.0,,,,,206.0,196.0,1.0,26.0,41.0,59.1,,,,0.0,1.0,2.0,,,,5.0,,2.0,130.0,,9.0,152.0,54.0,19.0,21.0,7.0,28.0,21.0,,207.0,14.0,436.0,,,28.0,19.0,63.0,5.0,560.0,,0.0,16.0,33.0,2.0,30.0,0.0,799.0,,10.0,7.0,24.0,0.0,,96.0,2.0,2.0,1.0,218.0,,126.0,,,120.0,20.0,,,,,,,,,,,,,,,,,,,,,,,
2010-11,321762,11,2010-11-06 15:00:00,54,Fulham,Home,152.0,15.0,,5.0,5.0,5.0,1.0,237.0,6.0,,3.0,17.0,17.0,30.0,384.0,,1.0,25.0,20.0,25.0,12.0,,,,,,,,,,,,,12.0,,,,,1.0,10.0,5.0,,,79.0,1.0,5.0,3.0,,3.0,13.0,4.0,1.0,15.0,3.0,63.0,59.0,1.0,26.0,14.0,,,122.0,14.0,6.0,,,2.0,2.0,,1.0,1.0,1.0,,1.0,10.0,,,,20.0,,13.0,12.0,2.0,4.0,112.0,50.0,3.0,,4.0,9.0,5.0,,2.0,,47.0,73.0,25.0,,,,,226.0,215.0,3.0,25.0,36.0,57.1,,,1.0,0.0,2.0,3.0,,,,5.0,,3.0,118.0,,13.0,177.0,29.0,37.0,17.0,2.0,21.0,19.0,,200.0,24.0,375.0,,,56.0,19.0,71.0,1.0,531.0,,0.0,15.0,22.0,4.0,35.0,1.0,758.0,,6.0,3.0,18.0,0.0,,73.0,1.0,1.0,1.0,247.0,,106.0,2.0,,105.0,8.0,,,,,,,,,,,,,,,,,,,,,,,
2010-11,321773,12,2010-11-10 19:45:00,54,Fulham,Away,153.0,6.0,,3.0,3.0,3.0,,149.0,8.0,,6.0,7.0,11.0,17.0,299.0,,,19.0,15.0,9.0,7.0,,,,,,,,,,,,,7.0,,,,,,10.0,11.0,,,67.0,5.0,3.0,16.0,2.0,4.0,3.0,7.0,,15.0,2.0,64.0,58.0,5.0,13.0,5.0,,,65.0,15.0,14.0,,,4.0,4.0,,,,,,,12.0,,2.0,,15.0,,17.0,14.0,4.0,7.0,84.0,39.0,4.0,,2.0,5.0,3.0,,5.0,,36.0,60.0,14.0,,,,,159.0,143.0,2.0,34.0,19.0,42.7,,,,0.0,3.0,5.0,,1.0,,2.0,,2.0,64.0,,7.0,173.0,24.0,29.0,12.0,3.0,17.0,14.0,,105.0,7.0,232.0,2.0,,27.0,11.0,43.0,2.0,388.0,,0.0,8.0,25.0,1.0,20.0,0.0,598.0,,9.0,4.0,19.0,0.0,,58.0,,,,164.0,,85.0,3.0,,81.0,11.0,,,,,,,,,,,,,,,,,,,,,,,
2010-11,321781,13,2010-11-13 15:00:00,54,Fulham,Away,118.0,19.0,2.0,5.0,3.0,,1.0,139.0,5.0,,3.0,3.0,15.0,22.0,252.0,,,13.0,24.0,16.0,6.0,4.0,,1.0,,,,,,,,,,5.0,,1.0,,,1.0,7.0,9.0,,,46.0,5.0,3.0,15.0,,5.0,5.0,10.0,,6.0,3.0,71.0,56.0,4.0,24.0,15.0,,,70.0,22.0,11.0,,,3.0,4.0,,,,,,,11.0,,2.0,,26.0,1.0,19.0,14.0,2.0,3.0,83.0,33.0,5.0,,3.0,7.0,4.0,,4.0,,41.0,52.0,24.0,,,,,186.0,164.0,1.0,15.0,19.0,46.0,1.0,,,0.0,3.0,1.0,,,1.0,5.0,,2.0,65.0,,10.0,137.0,34.0,45.0,12.0,4.0,23.0,19.0,1.0,118.0,8.0,239.0,2.0,,27.0,16.0,52.0,5.0,353.0,,0.0,12.0,21.0,2.0,19.0,2.0,573.0,,8.0,5.0,15.0,0.0,,55.0,,,,144.0,,78.0,1.0,,76.0,17.0,,,,,,,,,,,,,,,,,,,,,,,
2010-11,321792,14,2010-11-21 16:00:00,54,Fulham,Home,136.0,9.0,3.0,6.0,3.0,6.0,,186.0,3.0,,5.0,9.0,17.0,26.0,316.0,,1.0,25.0,22.0,20.0,5.0,5.0,,,,1.0,,,1.0,,,,,7.0,,,,,3.0,6.0,5.0,,,63.0,2.0,5.0,8.0,,7.0,14.0,11.0,,15.0,2.0,62.0,57.0,2.0,12.0,4.0,1.0,2.0,75.0,15.0,15.0,,,6.0,1.0,1.0,,,,,,6.0,,2.0,1.0,12.0,,15.0,13.0,1.0,5.0,97.0,49.0,7.0,1.0,4.0,6.0,2.0,,1.0,,59.0,58.0,26.0,,,,,182.0,168.0,3.0,18.0,33.0,45.4,,,1.0,0.0,1.0,1.0,,,,8.0,1.0,2.0,84.0,,10.0,148.0,32.0,26.0,4.0,6.0,32.0,26.0,,143.0,16.0,305.0,2.0,,24.0,20.0,48.0,2.0,421.0,,0.0,15.0,21.0,2.0,27.0,2.0,617.0,,1.0,7.0,18.0,0.0,,63.0,,,,179.0,,91.0,1.0,,88.0,11.0,,,,,,,,,,,,,,,,,,,,,,,
2010-11,321800,15,2010-11-27 15:00:00,54,Fulham,Home,175.0,21.0,6.0,15.0,10.0,3.0,1.0,262.0,2.0,,7.0,9.0,30.0,41.0,422.0,,1.0,22.0,21.0,21.0,11.0,3.0,,1.0,,,,,,,,,,15.0,,,,,,7.0,1.0,,,72.0,2.0,2.0,3.0,,8.0,12.0,16.0,,12.0,,54.0,56.0,2.0,17.0,10.0,,,85.0,12.0,9.0,1.0,,2.0,3.0,,1.0,,1.0,,1.0,6.0,,2.0,,27.0,,16.0,13.0,,7.0,99.0,58.0,4.0,,8.0,7.0,6.0,,1.0,,74.0,91.0,27.0,,,,,207.0,178.0,2.0,32.0,27.0,59.0,,,,0.0,1.0,,,2.0,1.0,11.0,,2.0,111.0,,15.0,197.0,46.0,46.0,10.0,6.0,36.0,31.0,1.0,173.0,15.0,377.0,2.0,,29.0,31.0,79.0,6.0,538.0,,0.0,19.0,22.0,2.0,22.0,1.0,768.0,,4.0,8.0,16.0,0.0,,77.0,2.0,1.0,1.0,196.0,,131.0,1.0,,134.0,12.0,,,,,,,,,,,,,,,,,,,,,,,
2010-11,321807,16,2010-12-04 15:00:00,54,Fulham,Away,147.0,11.0,1.0,1.0,,5.0,,151.0,3.0,1.0,1.0,13.0,16.0,23.0,297.0,,3.0,14.0,20.0,14.0,8.0,1.0,,,,,,,,,,,,10.0,,,,,,13.0,3.0,,,69.0,3.0,4.0,17.0,,7.0,6.0,5.0,,13.0,4.0,62.0,48.0,3.0,18.0,13.0,,2.0,75.0,7.0,7.0,1.0,,1.0,2.0,,1.0,,1.0,1.0,,14.0,1.0,,2.0,19.0,,26.0,23.0,1.0,1.0,110.0,40.0,3.0,,5.0,5.0,4.0,,3.0,,23.0,44.0,23.0,,,,,214.0,203.0,1.0,31.0,28.0,45.6,,,,0.0,4.0,1.0,,1.0,,6.0,,3.0,62.0,,10.0,171.0,29.0,29.0,11.0,7.0,20.0,13.0,,112.0,14.0,265.0,,1.0,45.0,17.0,58.0,7.0,416.0,,0.0,14.0,23.0,7.0,23.0,0.0,642.0,,4.0,7.0,18.0,0.0,,74.0,2.0,1.0,1.0,183.0,,76.0,1.0,,83.0,17.0,,,,,,,,,,,,,,,,,,,,,,,
2010-11,321820,17,2010-12-11 15:00:00,54,Fulham,Home,134.0,9.0,1.0,4.0,3.0,5.0,,169.0,4.0,,5.0,10.0,16.0,19.0,299.0,1.0,2.0,24.0,31.0,30.0,13.0,,,,,,,1.0,1.0,,,,,14.0,,,,,,6.0,7.0,,,67.0,2.0,8.0,9.0,,3.0,12.0,4.0,,12.0,,68.0,62.0,2.0,29.0,19.0,,,94.0,15.0,10.0,,1.0,3.0,1.0,1.0,,,,,,11.0,,3.0,2.0,30.0,,21.0,16.0,1.0,5.0,114.0,45.0,3.0,,1.0,12.0,9.0,,4.0,,47.0,40.0,18.0,,,,,205.0,186.0,,24.0,34.0,54.5,,,,0.0,,,,4.0,,1.0,1.0,3.0,71.0,,13.0,153.0,33.0,48.0,8.0,3.0,20.0,17.0,,141.0,20.0,295.0,3.0,,40.0,20.0,57.0,1.0,428.0,1.0,0.0,18.0,17.0,8.0,30.0,0.0,655.0,,5.0,4.0,14.0,0.0,,48.0,1.0,2.0,,209.0,,78.0,3.0,,93.0,8.0,,,,,,,,,,,,,,,,,,,,,,,
2010-11,321832,18,2011-01-26 20:00:00,54,Fulham,Away,174.0,10.0,2.0,7.0,5.0,,2.0,185.0,4.0,1.0,1.0,7.0,10.0,26.0,352.0,1.0,,25.0,10.0,12.0,6.0,2.0,,,,1.0,,,1.0,1.0,,,,7.0,,,,,1.0,11.0,4.0,,,56.0,2.0,1.0,8.0,,2.0,6.0,4.0,,24.0,2.0,60.0,58.0,2.0,19.0,9.0,,,77.0,13.0,11.0,,,5.0,3.0,1.0,,,,,,8.0,,,1.0,16.0,,15.0,11.0,,1.0,82.0,44.0,6.0,,3.0,5.0,5.0,,4.0,1.0,51.0,57.0,13.0,,,,,174.0,162.0,1.0,22.0,24.0,46.5,,,,0.0,1.0,2.0,,,,5.0,,1.0,62.0,,8.0,192.0,31.0,31.0,16.0,2.0,15.0,13.0,,121.0,15.0,275.0,,1.0,17.0,10.0,48.0,,452.0,1.0,0.0,11.0,25.0,1.0,36.0,1.0,677.0,,10.0,2.0,18.0,0.0,,76.0,2.0,2.0,,160.0,,93.0,,,123.0,9.0,,,,,,,,,,,,,,,,,,,,,,,
2010-11,321843,19,2010-12-26 12:00:00,54,Fulham,Home,188.0,20.0,4.0,10.0,6.0,5.0,,275.0,7.0,,9.0,6.0,19.0,23.0,453.0,,1.0,17.0,19.0,20.0,14.0,2.0,,,,,,,,,1.0,,,12.0,,,,,1.0,11.0,3.0,,,55.0,2.0,4.0,2.0,,8.0,19.0,12.0,1.0,13.0,1.0,50.0,52.0,2.0,23.0,13.0,2.0,,98.0,13.0,11.0,,1.0,1.0,1.0,,1.0,,1.0,,1.0,7.0,,1.0,1.0,22.0,,11.0,9.0,2.0,9.0,76.0,47.0,4.0,,10.0,7.0,5.0,,5.0,,56.0,89.0,33.0,,,,,178.0,161.0,2.0,14.0,24.0,64.4,,,1.0,0.0,1.0,,,1.0,,11.0,,2.0,113.0,,17.0,200.0,41.0,40.0,10.0,8.0,40.0,32.0,,179.0,15.0,393.0,1.0,,18.0,21.0,47.0,,553.0,,0.0,20.0,15.0,5.0,20.0,1.0,768.0,,6.0,8.0,8.0,0.0,,81.0,1.0,1.0,,198.0,,125.0,1.0,,149.0,9.0,,,,,,,,,,,,,,,,,,,,,,,
2010-11,321851,20,2010-12-28 15:00:00,54,Fulham,Away,103.0,7.0,,4.0,4.0,5.0,1.0,129.0,3.0,,3.0,17.0,4.0,20.0,228.0,,,11.0,25.0,28.0,,2.0,,,1.0,,,,1.0,,,,,2.0,,,,,2.0,9.0,7.0,,,56.0,5.0,1.0,4.0,1.0,2.0,7.0,2.0,2.0,9.0,1.0,57.0,60.0,5.0,44.0,27.0,,,80.0,14.0,8.0,,1.0,2.0,1.0,1.0,1.0,,1.0,1.0,,9.0,1.0,2.0,1.0,53.0,,17.0,15.0,,3.0,107.0,35.0,9.0,,1.0,2.0,3.0,,9.0,,55.0,45.0,12.0,,,,,228.0,192.0,3.0,15.0,26.0,51.7,,,4.0,0.0,2.0,,,1.0,,1.0,,,49.0,,3.0,131.0,19.0,80.0,8.0,2.0,12.0,10.0,,99.0,13.0,236.0,3.0,,57.0,6.0,54.0,3.0,355.0,,0.0,5.0,22.0,,24.0,2.0,604.0,,2.0,2.0,16.0,0.0,,59.0,1.0,1.0,,167.0,,61.0,1.0,,68.0,18.0,,,,,,,,,,,,,,,,,,,,,,,
2010-11,321863,21,2011-01-01 15:00:00,54,Fulham,Away,150.0,9.0,,4.0,4.0,5.0,,219.0,5.0,1.0,6.0,7.0,23.0,15.0,365.0,1.0,1.0,16.0,19.0,6.0,11.0,,,1.0,,,,,1.0,,,,,11.0,,,,,1.0,6.0,9.0,,,66.0,6.0,4.0,3.0,,1.0,17.0,7.0,,13.0,3.0,46.0,37.0,6.0,17.0,7.0,,,80.0,11.0,12.0,,,2.0,2.0,1.0,,,,,,8.0,,,2.0,16.0,,26.0,19.0,1.0,6.0,86.0,43.0,5.0,,7.0,4.0,2.0,,3.0,,43.0,55.0,21.0,,,,,169.0,157.0,6.0,22.0,25.0,44.5,,,,0.0,1.0,3.0,,,1.0,8.0,,1.0,94.0,,11.0,163.0,26.0,29.0,4.0,1.0,27.0,26.0,1.0,147.0,16.0,326.0,,1.0,29.0,25.0,45.0,2.0,462.0,1.0,0.0,14.0,17.0,6.0,18.0,1.0,669.0,,2.0,1.0,14.0,0.0,,77.0,,,,188.0,,96.0,,,101.0,15.0,,,,,,,,,,,,,,,,,,,,,,,
2010-11,321875,22,2011-01-04 20:00:00,54,Fulham,Home,148.0,14.0,4.0,7.0,3.0,5.0,1.0,218.0,1.0,,5.0,10.0,29.0,22.0,359.0,,,18.0,10.0,18.0,5.0,1.0,,,,,,,,,,,,9.0,,,,,,2.0,14.0,,,70.0,2.0,2.0,4.0,,7.0,14.0,6.0,1.0,22.0,2.0,51.0,72.0,2.0,19.0,12.0,,2.0,101.0,7.0,11.0,1.0,,3.0,3.0,,3.0,2.0,2.0,1.0,2.0,9.0,1.0,1.0,,26.0,,15.0,11.0,,5.0,96.0,55.0,4.0,1.0,3.0,6.0,5.0,,3.0,,54.0,76.0,25.0,,,,,187.0,166.0,3.0,26.0,30.0,50.8,,,2.0,0.0,,3.0,,,,6.0,1.0,3.0,100.0,,9.0,159.0,28.0,40.0,14.0,7.0,30.0,23.0,,158.0,13.0,317.0,1.0,,24.0,30.0,43.0,,446.0,1.0,0.0,13.0,37.0,3.0,23.0,0.0,699.0,,6.0,7.0,26.0,0.0,,79.0,2.0,1.0,1.0,180.0,,86.0,1.0,,101.0,12.0,,,,,,,,,,,,,,,,,,,,,,,
2010-11,321886,23,2011-01-15 15:00:00,54,Fulham,Away,120.0,12.0,3.0,6.0,3.0,5.0,1.0,197.0,2.0,,4.0,8.0,10.0,22.0,311.0,,3.0,19.0,19.0,15.0,6.0,5.0,,1.0,,,,,,,,,,8.0,,,,,2.0,7.0,1.0,,,56.0,,1.0,7.0,,11.0,12.0,5.0,,17.0,1.0,56.0,62.0,,11.0,6.0,1.0,,86.0,9.0,22.0,1.0,,2.0,2.0,,1.0,,1.0,1.0,,8.0,1.0,1.0,2.0,15.0,,17.0,11.0,,4.0,102.0,50.0,3.0,,7.0,5.0,5.0,,,,41.0,72.0,16.0,,,,,191.0,176.0,1.0,21.0,22.0,52.7,,,,0.0,2.0,1.0,,1.0,1.0,8.0,1.0,2.0,72.0,,12.0,132.0,27.0,26.0,12.0,9.0,28.0,19.0,1.0,134.0,14.0,308.0,2.0,,38.0,10.0,53.0,4.0,412.0,1.0,0.0,14.0,19.0,3.0,24.0,2.0,617.0,,6.0,11.0,15.0,0.0,,58.0,,,,167.0,,88.0,,,99.0,15.0,,,,,,,,,,,,,,,,,,,,,,,
2010-11,321893,24,2011-01-22 15:00:00,54,Fulham,Home,154.0,17.0,,1.0,1.0,2.0,,237.0,2.0,,5.0,7.0,21.0,33.0,390.0,,,19.0,30.0,14.0,8.0,1.0,,,,,,,1.0,,,,,11.0,1.0,1.0,,,2.0,6.0,4.0,,,62.0,1.0,8.0,10.0,,2.0,9.0,5.0,,19.0,1.0,72.0,43.0,1.0,14.0,8.0,,,102.0,11.0,11.0,2.0,,5.0,3.0,1.0,1.0,,1.0,1.0,,10.0,1.0,3.0,,26.0,1.0,13.0,11.0,,5.0,109.0,51.0,2.0,,2.0,8.0,4.0,,1.0,,59.0,80.0,25.0,,,,1.0,202.0,181.0,3.0,14.0,32.0,62.8,1.0,,1.0,0.0,1.0,,,,,3.0,,3.0,121.0,,10.0,172.0,39.0,35.0,3.0,1.0,18.0,17.0,,186.0,6.0,344.0,3.0,,31.0,21.0,65.0,5.0,498.0,,0.0,15.0,17.0,1.0,31.0,1.0,705.0,,1.0,3.0,14.0,0.0,,84.0,2.0,1.0,2.0,185.0,,107.0,,,122.0,10.0,,,,,,,,,,,,,,,,,,,,,,,
2010-11,321905,25,2011-02-02 20:00:00,54,Fulham,Home,119.0,19.0,,1.0,1.0,1.0,,139.0,2.0,1.0,5.0,8.0,4.0,19.0,257.0,,2.0,9.0,23.0,18.0,11.0,1.0,,,,,,1.0,1.0,,,,,14.0,,,,,1.0,3.0,2.0,,,70.0,2.0,4.0,8.0,,5.0,7.0,4.0,,15.0,2.0,65.0,74.0,2.0,22.0,14.0,,,81.0,15.0,20.0,,,5.0,2.0,1.0,1.0,,1.0,1.0,,10.0,1.0,2.0,1.0,18.0,,16.0,15.0,1.0,5.0,109.0,43.0,7.0,1.0,1.0,12.0,9.0,,1.0,,37.0,53.0,16.0,,,,,193.0,184.0,2.0,31.0,21.0,49.1,,,1.0,0.0,2.0,1.0,,,,3.0,,3.0,70.0,,13.0,140.0,38.0,31.0,14.0,4.0,17.0,13.0,,119.0,5.0,243.0,2.0,1.0,35.0,4.0,58.0,6.0,366.0,1.0,0.0,16.0,27.0,3.0,17.0,0.0,584.0,,9.0,5.0,24.0,0.0,,60.0,3.0,3.0,1.0,189.0,,53.0,1.0,,64.0,16.0,,,,,,,,,,,,,,,,,,,,,,,
2010-11,321907,26,2011-02-05 15:00:00,54,Fulham,Away,133.0,11.0,2.0,3.0,1.0,3.0,,167.0,2.0,2.0,2.0,15.0,6.0,23.0,297.0,,,18.0,19.0,18.0,8.0,1.0,,1.0,,,,,,1.0,,,,11.0,,,,,,4.0,8.0,,,58.0,,4.0,5.0,,6.0,9.0,4.0,,21.0,1.0,58.0,59.0,,21.0,15.0,,,68.0,12.0,15.0,2.0,,2.0,3.0,,1.0,1.0,1.0,,1.0,7.0,1.0,,,22.0,,25.0,21.0,,2.0,85.0,42.0,3.0,,2.0,8.0,5.0,,3.0,1.0,30.0,71.0,20.0,,,,,163.0,152.0,5.0,20.0,28.0,44.3,,,2.0,0.0,,2.0,,,1.0,5.0,,3.0,80.0,,10.0,147.0,22.0,32.0,6.0,6.0,22.0,16.0,1.0,123.0,10.0,252.0,,2.0,33.0,7.0,44.0,1.0,377.0,,0.0,14.0,21.0,2.0,27.0,2.0,588.0,,5.0,6.0,15.0,0.0,,58.0,1.0,,2.0,150.0,,85.0,1.0,,84.0,15.0,,,,,,,,,,,,,,,,,,,,,,,
2010-11,321922,27,2011-02-14 20:00:00,54,Fulham,Home,124.0,9.0,1.0,4.0,3.0,1.0,,121.0,7.0,,1.0,6.0,2.0,26.0,241.0,,,15.0,22.0,11.0,9.0,1.0,,,,,,,,,,,,10.0,,,,,1.0,11.0,14.0,,,66.0,4.0,3.0,13.0,,4.0,10.0,6.0,,20.0,1.0,68.0,59.0,4.0,29.0,15.0,,,49.0,11.0,13.0,,,3.0,,,,,,,,17.0,,,,27.0,,28.0,25.0,3.0,1.0,83.0,38.0,6.0,,3.0,7.0,5.0,,4.0,,55.0,38.0,11.0,,,,1.0,173.0,152.0,2.0,26.0,28.0,37.4,,,1.0,0.0,,3.0,,,,5.0,,3.0,44.0,,10.0,148.0,20.0,50.0,6.0,4.0,20.0,16.0,,80.0,8.0,205.0,,,33.0,6.0,51.0,1.0,333.0,,0.0,13.0,32.0,2.0,19.0,2.0,576.0,,3.0,4.0,20.0,0.0,1.0,61.0,,1.0,,143.0,,63.0,2.0,,66.0,4.0,,,,,,,,,,,,,,,,,,,,,,,
2010-11,321930,28,2011-02-27 15:00:00,54,Fulham,Away,128.0,15.0,1.0,9.0,8.0,3.0,1.0,200.0,4.0,1.0,5.0,6.0,4.0,28.0,319.0,,,14.0,20.0,13.0,9.0,1.0,,,,,,,,,,,,8.0,,,,,3.0,6.0,8.0,,,64.0,,2.0,8.0,,1.0,13.0,5.0,,25.0,2.0,70.0,66.0,,25.0,14.0,,1.0,73.0,13.0,16.0,,,7.0,3.0,,1.0,,1.0,1.0,,13.0,1.0,3.0,,23.0,,17.0,13.0,,5.0,96.0,46.0,10.0,1.0,5.0,6.0,4.0,,,,58.0,76.0,18.0,,,,,179.0,168.0,1.0,23.0,28.0,49.2,,,,0.0,1.0,2.0,,,,5.0,,1.0,94.0,,11.0,146.0,36.0,36.0,16.0,1.0,22.0,21.0,,140.0,11.0,291.0,3.0,1.0,30.0,5.0,62.0,1.0,415.0,,0.0,11.0,25.0,2.0,19.0,2.0,648.0,,12.0,1.0,20.0,0.0,,64.0,1.0,,1.0,164.0,,87.0,,,100.0,15.0,,,,,,,,,,,,,,,,,,,,,,,
2010-11,321941,29,2011-03-05 15:00:00,54,Fulham,Home,84.0,12.0,2.0,6.0,4.0,1.0,,190.0,6.0,,2.0,15.0,14.0,31.0,268.0,,1.0,19.0,27.0,21.0,12.0,,,,,1.0,,1.0,3.0,1.0,,,,13.0,1.0,,,,1.0,11.0,5.0,,,50.0,4.0,8.0,14.0,1.0,9.0,15.0,3.0,,18.0,1.0,74.0,68.0,4.0,19.0,12.0,,1.0,74.0,12.0,19.0,1.0,,7.0,1.0,3.0,2.0,,1.0,2.0,,7.0,2.0,5.0,1.0,23.0,,16.0,12.0,2.0,2.0,95.0,55.0,7.0,2.0,2.0,12.0,7.0,,6.0,1.0,27.0,77.0,24.0,,,,1.0,195.0,168.0,,17.0,20.0,55.2,,,3.0,0.0,5.0,,,,,5.0,1.0,2.0,107.0,,14.0,108.0,23.0,46.0,11.0,9.0,28.0,19.0,,158.0,9.0,288.0,5.0,,38.0,17.0,65.0,2.0,368.0,,0.0,20.0,21.0,6.0,25.0,2.0,624.0,,7.0,9.0,14.0,0.0,,43.0,,,1.0,185.0,,57.0,,,83.0,15.0,,,,,,,,,,,,,,,,,,,,,,,
2010-11,321950,30,2011-03-19 17:30:00,54,Fulham,Away,117.0,8.0,2.0,6.0,4.0,6.0,2.0,224.0,6.0,1.0,7.0,8.0,17.0,21.0,335.0,,,14.0,15.0,17.0,8.0,1.0,,,,,,,,,,,,12.0,,,,,2.0,9.0,6.0,,,68.0,1.0,6.0,10.0,2.0,5.0,8.0,6.0,,16.0,1.0,66.0,59.0,1.0,21.0,14.0,,,94.0,19.0,15.0,1.0,,3.0,3.0,,1.0,,1.0,1.0,,6.0,1.0,4.0,,32.0,,11.0,10.0,2.0,7.0,86.0,42.0,7.0,,4.0,6.0,2.0,,7.0,,56.0,66.0,23.0,,,,,192.0,162.0,,30.0,25.0,54.9,,,1.0,0.0,4.0,1.0,,,,6.0,,3.0,93.0,,10.0,133.0,29.0,51.0,11.0,5.0,22.0,17.0,,150.0,14.0,327.0,4.0,1.0,35.0,18.0,59.0,2.0,438.0,,0.0,14.0,22.0,1.0,16.0,0.0,664.0,,5.0,5.0,15.0,0.0,,58.0,,,,177.0,,106.0,1.0,,97.0,16.0,,,,,,,,,,,,,,,,,,,,,,,
2010-11,321960,31,2011-04-03 13:30:00,54,Fulham,Home,83.0,11.0,1.0,7.0,6.0,2.0,2.0,146.0,5.0,,3.0,6.0,13.0,27.0,222.0,,1.0,20.0,16.0,13.0,13.0,1.0,,,,,,,,,,,,15.0,,,,1.0,4.0,7.0,7.0,,,49.0,,9.0,10.0,1.0,4.0,6.0,3.0,,13.0,1.0,63.0,47.0,,27.0,20.0,,1.0,63.0,15.0,6.0,2.0,,3.0,3.0,,2.0,1.0,1.0,,2.0,8.0,1.0,1.0,1.0,26.0,2.0,16.0,14.0,2.0,3.0,72.0,35.0,7.0,1.0,3.0,13.0,6.0,,7.0,,30.0,52.0,17.0,,,,,145.0,130.0,3.0,17.0,20.0,34.6,1.0,,2.0,0.0,2.0,1.0,,,,4.0,,3.0,80.0,,16.0,95.0,24.0,42.0,14.0,4.0,16.0,12.0,,124.0,7.0,216.0,1.0,,27.0,16.0,55.0,4.0,295.0,,0.0,19.0,24.0,2.0,26.0,2.0,517.0,,4.0,4.0,17.0,0.0,,51.0,2.0,1.0,1.0,119.0,,62.0,,,63.0,12.0,,,,,,,,,,,,,,,,,,,,,,,
2010-11,321973,32,2011-04-09 15:00:00,54,Fulham,Away,180.0,9.0,1.0,2.0,1.0,1.0,,265.0,8.0,1.0,10.0,4.0,33.0,21.0,443.0,,,12.0,9.0,7.0,8.0,,,,,2.0,,,2.0,,,,,10.0,,,,,,12.0,7.0,,,59.0,3.0,3.0,16.0,1.0,3.0,7.0,8.0,,7.0,4.0,45.0,46.0,3.0,15.0,7.0,1.0,,77.0,8.0,12.0,,,3.0,,2.0,,,,,,10.0,,1.0,,17.0,,22.0,17.0,2.0,10.0,81.0,62.0,7.0,,4.0,4.0,2.0,,5.0,,36.0,49.0,23.0,,,,,133.0,120.0,6.0,20.0,23.0,52.2,,,1.0,0.0,2.0,4.0,,2.0,,7.0,,3.0,88.0,,8.0,185.0,24.0,28.0,12.0,2.0,17.0,15.0,,139.0,9.0,351.0,1.0,2.0,16.0,34.0,34.0,,519.0,,0.0,12.0,20.0,3.0,13.0,0.0,706.0,,7.0,3.0,14.0,0.0,,78.0,,,,176.0,,139.0,4.0,,126.0,10.0,,,,,,,,,,,,,,,,,,,,,,,
2010-11,321980,33,2011-04-27 20:00:00,54,Fulham,Home,104.0,10.0,3.0,9.0,6.0,5.0,1.0,189.0,4.0,,4.0,13.0,13.0,31.0,284.0,,3.0,17.0,25.0,19.0,11.0,4.0,,,,,,,,,,,,11.0,,,,,2.0,9.0,5.0,,,62.0,3.0,3.0,4.0,,10.0,11.0,5.0,1.0,15.0,3.0,69.0,56.0,3.0,14.0,6.0,,,81.0,14.0,10.0,2.0,,2.0,1.0,,2.0,1.0,2.0,,2.0,13.0,,5.0,2.0,14.0,2.0,17.0,16.0,1.0,4.0,120.0,56.0,7.0,,9.0,8.0,6.0,,3.0,,48.0,71.0,26.0,,,,,202.0,189.0,1.0,24.0,22.0,51.9,,,,0.0,3.0,1.0,,,,10.0,,3.0,93.0,,17.0,129.0,26.0,27.0,27.0,9.0,26.0,17.0,,148.0,10.0,298.0,5.0,,40.0,13.0,71.0,2.0,401.0,,0.0,19.0,13.0,4.0,21.0,1.0,635.0,,14.0,10.0,7.0,0.0,,73.0,3.0,2.0,1.0,189.0,,62.0,1.0,,77.0,11.0,,,,,,,,,,,,,,,,,,,,,,,
2010-11,321996,34,2011-04-23 15:00:00,54,Fulham,Away,113.0,16.0,1.0,6.0,5.0,2.0,1.0,244.0,3.0,,6.0,8.0,22.0,23.0,351.0,1.0,1.0,19.0,16.0,16.0,15.0,1.0,,,,,,,,,,,,18.0,,,,,1.0,7.0,4.0,,,49.0,2.0,4.0,6.0,1.0,5.0,11.0,10.0,,9.0,2.0,56.0,56.0,2.0,18.0,9.0,,,75.0,20.0,16.0,1.0,,1.0,1.0,,,,,,,10.0,1.0,,,26.0,,13.0,11.0,1.0,6.0,93.0,45.0,3.0,,8.0,8.0,5.0,,2.0,,48.0,57.0,27.0,,,,,164.0,139.0,,19.0,19.0,57.6,,,1.0,0.0,2.0,1.0,,,,10.0,,3.0,141.0,,16.0,123.0,29.0,43.0,12.0,5.0,27.0,22.0,,184.0,6.0,337.0,,,32.0,23.0,52.0,3.0,433.0,1.0,0.0,19.0,17.0,3.0,24.0,2.0,646.0,,7.0,5.0,14.0,0.0,,68.0,2.0,2.0,,160.0,,94.0,,,111.0,7.0,,,,,,,,,,,,,,,,,,,,,,,
2010-11,322004,35,2011-04-30 15:00:00,54,Fulham,Away,163.0,18.0,,1.0,1.0,5.0,,167.0,6.0,,9.0,14.0,25.0,31.0,329.0,1.0,1.0,11.0,13.0,19.0,6.0,,,,,,,,,,,,,9.0,,,,,,6.0,10.0,,,80.0,2.0,4.0,13.0,,4.0,7.0,5.0,,17.0,2.0,60.0,44.0,2.0,25.0,16.0,,1.0,94.0,14.0,7.0,,,1.0,,,2.0,,2.0,2.0,,9.0,3.0,5.0,,26.0,,26.0,19.0,1.0,9.0,102.0,57.0,5.0,3.0,2.0,6.0,3.0,,6.0,,51.0,50.0,20.0,,,,,214.0,193.0,3.0,35.0,23.0,49.7,,,1.0,0.0,1.0,3.0,,,,3.0,,3.0,79.0,,8.0,195.0,34.0,46.0,6.0,3.0,15.0,12.0,,145.0,13.0,284.0,5.0,,46.0,28.0,71.0,5.0,464.0,1.0,0.0,10.0,15.0,2.0,17.0,0.0,682.0,,3.0,4.0,8.0,0.0,,96.0,2.0,,3.0,196.0,,89.0,1.0,,83.0,9.0,,,,,,,,,,,,,,,,,,,,,,,
2010-11,322010,36,2011-05-09 20:00:00,54,Fulham,Home,128.0,16.0,2.0,7.0,5.0,1.0,2.0,229.0,3.0,,2.0,6.0,15.0,30.0,350.0,,,29.0,14.0,12.0,6.0,2.0,,,,,,,1.0,,,,,7.0,,,,,,12.0,5.0,,,59.0,3.0,4.0,16.0,1.0,6.0,7.0,9.0,,19.0,2.0,72.0,45.0,3.0,31.0,17.0,2.0,,89.0,17.0,12.0,,,4.0,3.0,1.0,1.0,,1.0,1.0,,7.0,2.0,3.0,,25.0,,20.0,16.0,1.0,2.0,83.0,48.0,5.0,2.0,3.0,6.0,4.0,,2.0,,45.0,73.0,25.0,,,,,188.0,172.0,1.0,27.0,21.0,49.1,,,,0.0,2.0,2.0,,1.0,,3.0,1.0,3.0,92.0,,9.0,145.0,37.0,47.0,10.0,5.0,24.0,19.0,,152.0,11.0,331.0,3.0,,17.0,20.0,52.0,1.0,452.0,,0.0,11.0,17.0,3.0,35.0,5.0,687.0,,4.0,6.0,13.0,0.0,,53.0,,,,167.0,,109.0,2.0,,123.0,15.0,,,,,,,,,,,,,,,,,,,,,,,
2010-11,322018,37,2011-05-15 16:00:00,54,Fulham,Away,92.0,14.0,1.0,6.0,5.0,2.0,1.0,164.0,2.0,,2.0,7.0,12.0,26.0,250.0,1.0,4.0,10.0,8.0,18.0,12.0,1.0,,,,,,,,,,,,17.0,,,1.0,1.0,1.0,5.0,6.0,,,55.0,3.0,5.0,7.0,,4.0,9.0,4.0,2.0,4.0,,37.0,45.0,3.0,25.0,14.0,,,79.0,16.0,7.0,,,2.0,2.0,,1.0,1.0,1.0,,1.0,7.0,,5.0,1.0,30.0,2.0,19.0,15.0,1.0,2.0,77.0,33.0,5.0,,7.0,7.0,9.0,,2.0,,52.0,49.0,18.0,,,,,173.0,135.0,4.0,17.0,21.0,42.8,2.0,,1.0,0.0,,1.0,,,,7.0,2.0,3.0,77.0,,14.0,105.0,35.0,63.0,6.0,3.0,18.0,15.0,,127.0,12.0,252.0,5.0,,20.0,12.0,51.0,,339.0,1.0,0.0,21.0,17.0,6.0,23.0,5.0,555.0,,3.0,5.0,16.0,0.0,,38.0,5.0,5.0,2.0,130.0,,92.0,,,79.0,9.0,,,,,,,,,,,,,,,,,,,,,,,
2010-11,322030,38,2011-05-22 16:00:00,54,Fulham,Home,92.0,18.0,3.0,4.0,1.0,1.0,,102.0,4.0,,2.0,10.0,15.0,27.0,190.0,1.0,,11.0,8.0,7.0,4.0,2.0,,3.0,,,,,,,,,1.0,7.0,,,,,,9.0,4.0,,,76.0,1.0,1.0,12.0,,5.0,15.0,1.0,,12.0,2.0,48.0,41.0,1.0,10.0,5.0,,1.0,80.0,14.0,6.0,1.0,,2.0,1.0,,2.0,,2.0,2.0,,10.0,2.0,3.0,,12.0,,25.0,20.0,2.0,3.0,80.0,33.0,3.0,1.0,5.0,3.0,3.0,,1.0,,28.0,44.0,21.0,,,,,157.0,140.0,6.0,25.0,32.0,32.2,,,1.0,0.0,2.0,1.0,,1.0,3.0,5.0,,3.0,53.0,,8.0,105.0,32.0,27.0,8.0,4.0,21.0,17.0,4.0,109.0,5.0,188.0,4.0,,35.0,18.0,60.0,4.0,272.0,1.0,1.0,9.0,22.0,2.0,17.0,2.0,460.0,,6.0,5.0,17.0,0.0,,54.0,2.0,1.0,2.0,122.0,1.0,48.0,,,48.0,10.0,,,,,,,,,,,,,,,,,,,,,,,
2011-12,360470,1,2011-08-13 15:00:00,54,Fulham,Home,154.0,5.0,,6.0,6.0,3.0,,166.0,5.0,,8.0,6.0,21.0,21.0,314.0,,3.0,19.0,19.0,19.0,11.0,1.0,,,,1.0,,,1.0,,,,,12.0,,,,,1.0,5.0,2.0,,,40.0,,5.0,2.0,,2.0,8.0,9.0,,8.0,,42.0,50.0,,15.0,9.0,,,75.0,10.0,19.0,,,4.0,2.0,1.0,,,,,,7.0,,3.0,,15.0,,10.0,9.0,,9.0,94.0,48.0,3.0,,3.0,9.0,5.0,,1.0,,45.0,48.0,33.0,,,,,167.0,157.0,,17.0,11.0,54.1,,,1.0,0.0,1.0,,,,,5.0,1.0,1.0,81.0,,12.0,175.0,22.0,25.0,6.0,2.0,21.0,19.0,,140.0,9.0,265.0,3.0,,23.0,21.0,51.0,5.0,419.0,,0.0,15.0,9.0,8.0,30.0,2.0,584.0,,3.0,2.0,6.0,0.0,,53.0,2.0,2.0,,187.0,,95.0,2.0,,84.0,5.0,,,,,,,,,,,,,,,,,,,,,,,
2011-12,360488,2,2011-08-21 14:00:00,54,Fulham,Away,159.0,6.0,5.0,6.0,1.0,2.0,,143.0,5.0,,6.0,2.0,15.0,17.0,296.0,1.0,1.0,16.0,11.0,17.0,8.0,3.0,,,,1.0,,,1.0,,,,,8.0,,,,,,10.0,10.0,,,50.0,1.0,3.0,8.0,,8.0,11.0,2.0,,6.0,3.0,39.0,38.0,1.0,19.0,11.0,1.0,2.0,57.0,11.0,7.0,,,1.0,,1.0,,,,,,17.0,,3.0,1.0,21.0,,17.0,16.0,2.0,6.0,89.0,40.0,7.0,,5.0,6.0,4.0,,3.0,,38.0,43.0,13.0,,,,,166.0,151.0,2.0,20.0,18.0,46.5,,,,0.0,1.0,3.0,,,,5.0,1.0,2.0,63.0,,11.0,185.0,22.0,34.0,7.0,8.0,21.0,13.0,,106.0,6.0,230.0,3.0,,18.0,15.0,47.0,1.0,394.0,1.0,0.0,12.0,11.0,5.0,20.0,2.0,577.0,,3.0,8.0,8.0,0.0,,64.0,2.0,2.0,,156.0,,99.0,2.0,,75.0,9.0,,,,,,,,,,,,,,,,,,,,,,,
2011-12,360494,3,2011-08-28 13:00:00,54,Fulham,Away,142.0,15.0,1.0,7.0,6.0,1.0,,216.0,5.0,,,6.0,13.0,24.0,351.0,,,26.0,14.0,17.0,13.0,2.0,,,,1.0,,,2.0,,,,,11.0,,,,,3.0,7.0,5.0,,,56.0,2.0,5.0,8.0,,6.0,11.0,5.0,,21.0,3.0,66.0,65.0,2.0,15.0,9.0,1.0,,81.0,9.0,19.0,1.0,,8.0,1.0,2.0,1.0,1.0,1.0,,1.0,9.0,,1.0,,19.0,1.0,16.0,15.0,,,86.0,51.0,6.0,,6.0,10.0,6.0,,3.0,,39.0,55.0,18.0,,,,,174.0,161.0,,21.0,29.0,53.6,,,,0.0,2.0,2.0,,1.0,,7.0,,1.0,95.0,,16.0,168.0,24.0,28.0,25.0,6.0,23.0,17.0,,140.0,9.0,297.0,1.0,,23.0,13.0,42.0,3.0,442.0,1.0,0.0,18.0,18.0,,29.0,1.0,664.0,,11.0,6.0,16.0,0.0,,71.0,1.0,1.0,,168.0,,98.0,,,105.0,9.0,,,,,,,,,,,,,,,,,,,,,,,
2011-12,360502,4,2011-09-11 16:00:00,54,Fulham,Home,132.0,14.0,2.0,4.0,2.0,1.0,,230.0,6.0,,12.0,8.0,21.0,29.0,358.0,1.0,,21.0,12.0,10.0,5.0,4.0,,,,,,,3.0,,,,,,,,,,1.0,4.0,7.0,,,68.0,1.0,6.0,6.0,,11.0,27.0,8.0,,21.0,1.0,54.0,55.0,1.0,13.0,6.0,,,96.0,8.0,12.0,1.0,,,,3.0,1.0,,,1.0,,9.0,,3.0,1.0,15.0,,20.0,16.0,,12.0,84.0,53.0,2.0,,5.0,5.0,3.0,,3.0,,46.0,101.0,28.0,,,,,192.0,177.0,3.0,26.0,24.0,58.3,,,1.0,0.0,1.0,1.0,,1.0,,5.0,,3.0,144.0,,10.0,147.0,25.0,28.0,20.0,10.0,45.0,35.0,,193.0,6.0,339.0,3.0,,16.0,25.0,48.0,2.0,441.0,2.0,0.0,14.0,21.0,2.0,27.0,3.0,692.0,,12.0,11.0,16.0,0.0,,63.0,,,,183.0,,97.0,3.0,,98.0,10.0,,,,,,,,,,,,,,,,,,,,,,,
2011-12,360513,5,2011-09-18 15:00:00,54,Fulham,Home,105.0,10.0,3.0,5.0,2.0,5.0,1.0,161.0,10.0,1.0,4.0,8.0,18.0,25.0,261.0,,,18.0,11.0,5.0,7.0,4.0,,,,1.0,,,2.0,,,,,10.0,,,,,1.0,8.0,10.0,,,38.0,3.0,5.0,5.0,,6.0,8.0,4.0,,15.0,2.0,44.0,36.0,2.0,15.0,7.0,,,61.0,10.0,9.0,1.0,,5.0,1.0,2.0,1.0,,,1.0,,15.0,1.0,2.0,,16.0,,20.0,14.0,4.0,4.0,84.0,51.0,9.0,,4.0,8.0,5.0,,6.0,,27.0,35.0,23.0,,,,,136.0,122.0,1.0,13.0,17.0,35.8,,,1.0,0.0,2.0,1.0,,,,4.0,,2.0,74.0,,12.0,123.0,23.0,28.0,5.0,5.0,18.0,13.0,,113.0,8.0,225.0,2.0,1.0,25.0,20.0,46.0,2.0,330.0,,0.0,14.0,20.0,,24.0,1.0,526.0,,2.0,6.0,17.0,0.0,,55.0,2.0,2.0,,139.0,,66.0,,,70.0,9.0,,,,,,,,,,,,,,,,,,,,,,,
2011-12,360527,6,2011-09-24 15:00:00,54,Fulham,Away,224.0,15.0,,3.0,3.0,1.0,,242.0,7.0,,5.0,8.0,28.0,46.0,463.0,,1.0,14.0,8.0,10.0,14.0,1.0,,,,,,1.0,1.0,,,,,16.0,,,,1.0,1.0,5.0,4.0,,,62.0,3.0,4.0,8.0,,1.0,5.0,6.0,,21.0,2.0,60.0,46.0,3.0,8.0,2.0,,1.0,80.0,15.0,6.0,,,1.0,,1.0,,,,,,9.0,,4.0,,7.0,1.0,17.0,14.0,1.0,6.0,98.0,66.0,1.0,,6.0,9.0,5.0,,2.0,,48.0,56.0,19.0,,,,,142.0,133.0,,24.0,28.0,56.9,1.0,,1.0,0.0,2.0,1.0,,,,9.0,,2.0,96.0,,15.0,243.0,21.0,17.0,14.0,1.0,12.0,11.0,,134.0,4.0,306.0,4.0,,27.0,28.0,67.0,2.0,537.0,1.0,0.0,18.0,24.0,1.0,17.0,3.0,724.0,,6.0,1.0,16.0,0.0,,90.0,,1.0,,154.0,,147.0,1.0,,146.0,12.0,,,,,,,,,,,,,,,,,,,,,,,
2011-12,360533,7,2011-10-02 15:00:00,54,Fulham,Home,147.0,15.0,1.0,5.0,4.0,3.0,,209.0,5.0,,3.0,8.0,19.0,32.0,351.0,2.0,,23.0,12.0,12.0,11.0,,,1.0,,,,,,,,,,20.0,1.0,,,,1.0,4.0,13.0,,,49.0,3.0,6.0,2.0,,4.0,8.0,,,4.0,3.0,35.0,37.0,3.0,15.0,6.0,,1.0,73.0,12.0,7.0,5.0,,4.0,,,4.0,1.0,4.0,3.0,1.0,13.0,4.0,1.0,2.0,12.0,,17.0,11.0,1.0,3.0,85.0,43.0,4.0,1.0,5.0,10.0,10.0,,5.0,,56.0,49.0,15.0,,,,1.0,142.0,129.0,1.0,21.0,21.0,48.9,,,,0.0,,5.0,,,1.0,6.0,,3.0,107.0,,15.0,160.0,33.0,28.0,11.0,3.0,11.0,8.0,1.0,152.0,6.0,283.0,1.0,,22.0,21.0,55.0,1.0,432.0,2.0,0.0,22.0,14.0,1.0,27.0,2.0,625.0,,4.0,4.0,12.0,0.0,,73.0,3.0,,5.0,152.0,,111.0,1.0,,96.0,17.0,,,,,,,,,,,,,,,,,,,,,,,
2011-12,360546,8,2011-10-15 15:00:00,54,Fulham,Away,117.0,14.0,,3.0,3.0,1.0,,127.0,6.0,,4.0,10.0,19.0,25.0,241.0,,,18.0,8.0,11.0,5.0,1.0,,,,,,,,,,,,7.0,,1.0,,,,9.0,8.0,,,39.0,3.0,3.0,5.0,1.0,2.0,7.0,,,9.0,,43.0,41.0,3.0,15.0,3.0,,,76.0,18.0,14.0,,,2.0,,,,,,,,12.0,,2.0,,13.0,1.0,14.0,10.0,,4.0,85.0,34.0,5.0,,3.0,3.0,1.0,,7.0,,37.0,43.0,19.0,,,,,181.0,156.0,,20.0,12.0,51.8,1.0,,1.0,0.0,1.0,1.0,,,,3.0,,3.0,56.0,,6.0,142.0,37.0,40.0,5.0,2.0,9.0,7.0,,111.0,4.0,216.0,2.0,,37.0,20.0,63.0,1.0,349.0,,0.0,7.0,14.0,2.0,27.0,4.0,528.0,,2.0,2.0,8.0,0.0,,67.0,,,,151.0,,60.0,,,71.0,14.0,,,,,,,,,,,,,,,,,,,,,,,
2011-12,360553,9,2011-10-23 13:30:00,54,Fulham,Home,167.0,11.0,1.0,6.0,5.0,4.0,1.0,229.0,6.0,,11.0,12.0,23.0,29.0,390.0,,1.0,19.0,9.0,15.0,10.0,3.0,,,,,,,1.0,,,,,12.0,,1.0,1.0,,1.0,5.0,7.0,,,61.0,3.0,4.0,6.0,,5.0,18.0,8.0,,14.0,1.0,46.0,55.0,3.0,17.0,10.0,,,79.0,12.0,8.0,1.0,,3.0,2.0,1.0,1.0,,1.0,1.0,,8.0,1.0,2.0,,13.0,2.0,17.0,12.0,1.0,11.0,102.0,66.0,1.0,,6.0,8.0,4.0,,3.0,,48.0,56.0,37.0,,,,,152.0,146.0,1.0,24.0,22.0,53.3,2.0,,,0.0,1.0,1.0,,,,7.0,,2.0,108.0,,14.0,179.0,25.0,23.0,13.0,4.0,32.0,28.0,,160.0,11.0,323.0,2.0,,28.0,25.0,58.0,,470.0,,0.0,15.0,24.0,1.0,22.0,3.0,682.0,,8.0,5.0,16.0,0.0,,71.0,1.0,1.0,,197.0,,106.0,,,96.0,16.0,,,,,,,,,,,,,,,,,,,,,,,
2011-12,360568,10,2011-10-29 15:00:00,54,Fulham,Away,165.0,16.0,,,,1.0,,168.0,6.0,,4.0,6.0,22.0,20.0,333.0,,,10.0,6.0,8.0,4.0,,,1.0,,,,,,,,,,6.0,,1.0,,,,9.0,11.0,,,60.0,8.0,1.0,9.0,,,7.0,1.0,,8.0,1.0,41.0,50.0,8.0,18.0,10.0,,,69.0,13.0,17.0,1.0,,5.0,,,2.0,,1.0,2.0,,12.0,2.0,2.0,,19.0,1.0,14.0,9.0,1.0,4.0,96.0,51.0,9.0,1.0,2.0,4.0,3.0,,3.0,,40.0,51.0,12.0,,,,,148.0,134.0,4.0,28.0,19.0,45.9,1.0,,,0.0,2.0,4.0,,,1.0,2.0,,3.0,76.0,,6.0,187.0,31.0,32.0,11.0,,8.0,8.0,2.0,127.0,7.0,250.0,2.0,,29.0,23.0,45.0,1.0,429.0,,0.0,6.0,19.0,,10.0,5.0,601.0,,6.0,,13.0,0.0,,72.0,1.0,,1.0,166.0,1.0,101.0,1.0,,90.0,9.0,,,,,,,,,,,,,,,,,,,,,,,
2011-12,360573,11,2011-11-06 16:00:00,54,Fulham,Home,164.0,20.0,4.0,8.0,4.0,1.0,,258.0,1.0,,7.0,13.0,37.0,41.0,414.0,,2.0,12.0,13.0,11.0,16.0,3.0,,,,1.0,,,1.0,1.0,,,,21.0,,,,,2.0,4.0,6.0,,,75.0,,11.0,6.0,,11.0,11.0,16.0,,19.0,,44.0,45.0,,10.0,4.0,1.0,,106.0,6.0,11.0,,,7.0,4.0,1.0,,,,,,4.0,,1.0,,7.0,,20.0,17.0,2.0,7.0,82.0,50.0,1.0,,3.0,16.0,13.0,,2.0,1.0,39.0,101.0,36.0,,,,,172.0,161.0,3.0,31.0,32.0,53.9,,,1.0,0.0,,2.0,,2.0,,7.0,1.0,3.0,156.0,,19.0,178.0,37.0,21.0,4.0,10.0,41.0,31.0,,210.0,6.0,368.0,1.0,,23.0,41.0,64.0,1.0,505.0,,0.0,31.0,19.0,6.0,14.0,0.0,717.0,,4.0,11.0,16.0,0.0,,88.0,1.0,3.0,,192.0,,99.0,,,126.0,12.0,,,,,,,,,,,,,,,,,,,,,,,
2011-12,360584,12,2011-11-19 15:00:00,54,Fulham,Away,190.0,10.0,2.0,5.0,3.0,1.0,,176.0,7.0,,10.0,8.0,13.0,21.0,361.0,,,15.0,10.0,23.0,10.0,3.0,,1.0,,,,1.0,1.0,,,,,10.0,,,,,,8.0,5.0,,,52.0,4.0,6.0,6.0,,7.0,6.0,4.0,,9.0,1.0,42.0,48.0,4.0,20.0,8.0,,,51.0,12.0,8.0,,,1.0,,1.0,,,,,,10.0,,2.0,,15.0,,23.0,17.0,5.0,10.0,89.0,43.0,6.0,,3.0,10.0,4.0,,4.0,,18.0,62.0,18.0,,,,,160.0,146.0,,20.0,16.0,48.1,,,3.0,0.0,2.0,1.0,,,1.0,5.0,1.0,3.0,77.0,,13.0,214.0,28.0,34.0,9.0,7.0,17.0,10.0,1.0,117.0,10.0,267.0,2.0,,27.0,14.0,50.0,4.0,464.0,,0.0,15.0,13.0,,17.0,1.0,657.0,,4.0,7.0,13.0,0.0,,80.0,2.0,2.0,,167.0,,107.0,2.0,,110.0,6.0,,,,,,,,,,,,,,,,,,,,,,,
2011-12,360589,13,2011-11-26 17:30:00,54,Fulham,Away,241.0,10.0,1.0,2.0,1.0,3.0,,148.0,3.0,,4.0,4.0,21.0,20.0,387.0,,,9.0,8.0,8.0,7.0,2.0,,,,,,,,,1.0,,,7.0,,,,,1.0,15.0,5.0,,,63.0,8.0,5.0,14.0,1.0,4.0,4.0,2.0,,22.0,2.0,57.0,45.0,8.0,15.0,6.0,,,53.0,9.0,9.0,,,2.0,1.0,,,,,,,9.0,,3.0,2.0,12.0,,18.0,11.0,1.0,4.0,85.0,49.0,13.0,,3.0,6.0,2.0,,5.0,,21.0,42.0,14.0,,,,,139.0,125.0,,33.0,18.0,44.4,,,1.0,0.0,8.0,,,,,3.0,,2.0,63.0,,9.0,253.0,21.0,29.0,13.0,4.0,11.0,7.0,,95.0,5.0,210.0,4.0,,19.0,22.0,45.0,2.0,452.0,,0.0,10.0,21.0,1.0,10.0,3.0,657.0,,7.0,4.0,15.0,0.0,,82.0,,,,151.0,,111.0,1.0,,108.0,13.0,,,,,,,,,,,,,,,,,,,,,,,
2011-12,360602,14,2011-12-05 20:00:00,54,Fulham,Home,153.0,13.0,,1.0,1.0,3.0,,203.0,4.0,,5.0,6.0,19.0,24.0,355.0,2.0,,7.0,15.0,12.0,16.0,,,1.0,,,,,,,,,,16.0,,1.0,,,1.0,9.0,11.0,,,60.0,2.0,5.0,7.0,,2.0,5.0,3.0,,3.0,3.0,49.0,52.0,2.0,25.0,10.0,,,58.0,12.0,9.0,1.0,,2.0,,,,,,,,8.0,,4.0,,17.0,1.0,18.0,13.0,1.0,5.0,75.0,42.0,10.0,,6.0,10.0,8.0,,5.0,,33.0,49.0,21.0,,,,,148.0,135.0,1.0,32.0,17.0,45.4,1.0,,1.0,0.0,3.0,3.0,,,1.0,6.0,,2.0,90.0,,16.0,177.0,33.0,38.0,21.0,2.0,10.0,8.0,1.0,134.0,9.0,276.0,4.0,,19.0,21.0,46.0,2.0,443.0,2.0,0.0,19.0,22.0,,10.0,3.0,635.0,,9.0,2.0,17.0,0.0,,72.0,1.0,1.0,1.0,152.0,,110.0,,,109.0,14.0,,,,,,,,,,,,,,,,,,,,,,,
2011-12,360617,15,2011-12-10 15:00:00,54,Fulham,Away,123.0,15.0,1.0,4.0,3.0,4.0,,219.0,8.0,,3.0,5.0,11.0,20.0,338.0,,2.0,17.0,4.0,9.0,6.0,2.0,,,,2.0,,,3.0,,,,,9.0,,,,,,9.0,8.0,,,50.0,2.0,1.0,5.0,,5.0,7.0,4.0,,10.0,,32.0,38.0,2.0,11.0,4.0,1.0,,61.0,8.0,8.0,,,4.0,,3.0,,,,,,11.0,,2.0,1.0,6.0,,16.0,9.0,2.0,3.0,69.0,42.0,6.0,,3.0,5.0,7.0,,3.0,,35.0,67.0,12.0,,,,1.0,126.0,123.0,2.0,15.0,24.0,43.4,,,1.0,0.0,3.0,,,1.0,,5.0,,2.0,115.0,,8.0,145.0,31.0,14.0,10.0,4.0,15.0,11.0,,151.0,8.0,285.0,2.0,,16.0,11.0,40.0,,415.0,,0.0,13.0,17.0,3.0,20.0,1.0,575.0,,4.0,5.0,15.0,0.0,1.0,71.0,1.0,2.0,,148.0,,89.0,1.0,,107.0,12.0,,,,,,,,,,,,,,,,,,,,,,,
2011-12,360622,16,2011-12-17 15:00:00,54,Fulham,Home,168.0,13.0,5.0,10.0,5.0,2.0,,177.0,4.0,,4.0,6.0,15.0,22.0,335.0,,4.0,20.0,9.0,14.0,14.0,3.0,,,,1.0,,,1.0,,,,,17.0,,,,,1.0,6.0,10.0,,,67.0,2.0,9.0,10.0,,8.0,9.0,2.0,,16.0,3.0,48.0,57.0,2.0,14.0,8.0,,1.0,80.0,8.0,11.0,2.0,,4.0,2.0,1.0,2.0,,2.0,2.0,,10.0,2.0,,1.0,14.0,,16.0,11.0,1.0,4.0,112.0,47.0,4.0,,7.0,12.0,5.0,,2.0,,29.0,72.0,23.0,,,,,173.0,163.0,2.0,35.0,17.0,51.2,,,,0.0,3.0,3.0,,,,9.0,1.0,,91.0,,19.0,185.0,35.0,24.0,14.0,7.0,19.0,13.0,,146.0,7.0,274.0,,,32.0,17.0,61.0,7.0,440.0,,0.0,23.0,24.0,5.0,26.0,1.0,656.0,,8.0,8.0,20.0,0.0,,87.0,4.0,3.0,1.0,183.0,,77.0,,,93.0,8.0,,,,,,,,,,,,,,,,,,,,,,,
2011-12,360636,17,2011-12-21 20:00:00,54,Fulham,Home,154.0,12.0,1.0,3.0,2.0,,,193.0,3.0,,6.0,7.0,8.0,25.0,344.0,,,15.0,6.0,5.0,10.0,3.0,,,,1.0,,,1.0,,,,,13.0,,,,,,11.0,7.0,,,49.0,3.0,5.0,3.0,,3.0,6.0,2.0,,12.0,1.0,39.0,38.0,3.0,13.0,4.0,,,51.0,7.0,8.0,,,2.0,1.0,1.0,,,,,,7.0,,,,5.0,,14.0,9.0,4.0,6.0,76.0,44.0,10.0,,3.0,10.0,5.0,,7.0,,38.0,33.0,20.0,,,,,133.0,126.0,2.0,22.0,20.0,43.5,,,,0.0,,3.0,,1.0,,5.0,,2.0,93.0,,13.0,173.0,29.0,20.0,16.0,3.0,12.0,9.0,,128.0,6.0,260.0,,,21.0,8.0,43.0,,421.0,,0.0,15.0,20.0,1.0,18.0,1.0,587.0,,5.0,3.0,19.0,0.0,,61.0,,1.0,,151.0,,99.0,2.0,,110.0,8.0,,,,,,,,,,,,,,,,,,,,,,,
2011-12,360641,18,2011-12-26 13:00:00,54,Fulham,Away,251.0,12.0,1.0,4.0,3.0,,,159.0,8.0,,7.0,6.0,14.0,26.0,406.0,,,8.0,10.0,6.0,6.0,1.0,,,,,,,,,,,,7.0,,,,,,15.0,10.0,,,64.0,4.0,1.0,11.0,,3.0,4.0,1.0,,16.0,5.0,56.0,51.0,4.0,14.0,10.0,,1.0,51.0,12.0,10.0,1.0,,3.0,1.0,,1.0,,1.0,1.0,,17.0,1.0,4.0,,15.0,,12.0,8.0,,9.0,77.0,49.0,9.0,,3.0,5.0,5.0,,3.0,,46.0,32.0,9.0,,,,,143.0,128.0,2.0,30.0,18.0,47.5,,,,0.0,7.0,4.0,,1.0,,3.0,,1.0,60.0,,8.0,273.0,24.0,29.0,21.0,3.0,9.0,6.0,,89.0,2.0,209.0,4.0,,20.0,16.0,43.0,,473.0,,0.0,9.0,21.0,,14.0,1.0,680.0,,14.0,3.0,15.0,0.0,,90.0,2.0,1.0,1.0,164.0,,127.0,3.0,,92.0,13.0,,,,,,,,,,,,,,,,,,,,,,,
2011-12,360654,19,2011-12-31 15:00:00,54,Fulham,Away,221.0,21.0,1.0,3.0,2.0,,,168.0,1.0,1.0,3.0,3.0,16.0,32.0,386.0,,1.0,13.0,5.0,3.0,7.0,1.0,,1.0,,1.0,,,2.0,,,,,8.0,,1.0,,,,11.0,9.0,,,56.0,5.0,3.0,1.0,,3.0,3.0,1.0,,6.0,2.0,32.0,38.0,5.0,15.0,6.0,,,50.0,7.0,10.0,1.0,,3.0,,2.0,1.0,,,1.0,,12.0,1.0,1.0,,13.0,2.0,15.0,13.0,,3.0,95.0,46.0,4.0,,4.0,5.0,3.0,,8.0,,47.0,52.0,6.0,,,,,154.0,133.0,1.0,28.0,12.0,48.6,1.0,,1.0,0.0,3.0,,,,1.0,5.0,,3.0,60.0,,9.0,246.0,36.0,36.0,21.0,3.0,7.0,4.0,1.0,90.0,1.0,224.0,1.0,1.0,24.0,17.0,65.0,3.0,463.0,,0.0,11.0,17.0,1.0,17.0,0.0,657.0,,8.0,3.0,13.0,0.0,,88.0,1.0,1.0,,147.0,,127.0,2.0,,101.0,13.0,,,,,,,,,,,,,,,,,,,,,,,
2011-12,360662,20,2012-01-02 17:30:00,54,Fulham,Home,216.0,18.0,1.0,8.0,7.0,3.0,3.0,233.0,2.0,,10.0,5.0,13.0,33.0,441.0,,2.0,11.0,5.0,8.0,11.0,4.0,,,,,,,1.0,,,,,15.0,,,,,3.0,11.0,8.0,,,60.0,2.0,4.0,7.0,,4.0,14.0,3.0,,22.0,4.0,43.0,55.0,2.0,17.0,10.0,,,89.0,7.0,13.0,1.0,,4.0,3.0,1.0,1.0,,1.0,,1.0,5.0,1.0,2.0,1.0,20.0,,8.0,8.0,1.0,10.0,75.0,43.0,3.0,1.0,10.0,6.0,5.0,,3.0,,71.0,53.0,24.0,,,,,156.0,140.0,1.0,17.0,32.0,52.8,,,,0.0,5.0,3.0,,,,13.0,,1.0,111.0,,16.0,222.0,42.0,33.0,17.0,4.0,24.0,20.0,,170.0,6.0,321.0,2.0,,16.0,13.0,55.0,4.0,519.0,1.0,0.0,22.0,20.0,4.0,17.0,0.0,734.0,,14.0,4.0,16.0,0.0,,81.0,4.0,3.0,1.0,176.0,,126.0,1.0,,136.0,7.0,,,,,,,,,,,,,,,,,,,,,,,
2011-12,360670,21,2012-01-14 15:00:00,54,Fulham,Away,137.0,16.0,,11.0,11.0,3.0,1.0,307.0,8.0,,3.0,3.0,13.0,46.0,433.0,,,18.0,3.0,8.0,11.0,3.0,,1.0,,1.0,,2.0,3.0,,,,,14.0,,,,1.0,1.0,8.0,6.0,,,42.0,3.0,3.0,4.0,,9.0,20.0,14.0,,15.0,2.0,38.0,32.0,3.0,3.0,,,,69.0,11.0,14.0,,,4.0,1.0,3.0,1.0,,,1.0,,9.0,1.0,1.0,1.0,1.0,1.0,13.0,11.0,4.0,3.0,68.0,53.0,,1.0,7.0,8.0,5.0,,3.0,,87.0,84.0,26.0,,,,,133.0,128.0,1.0,19.0,17.0,60.4,1.0,,,0.0,3.0,,,,1.0,10.0,,3.0,163.0,,15.0,148.0,23.0,8.0,8.0,8.0,43.0,35.0,1.0,199.0,3.0,387.0,2.0,,8.0,13.0,56.0,1.0,492.0,1.0,0.0,18.0,8.0,,18.0,1.0,669.0,,2.0,9.0,5.0,0.0,,71.0,,,,132.0,,138.0,1.0,,151.0,13.0,,,,,,,,,,,,,,,,,,,,,,,
2011-12,360682,22,2012-01-21 15:00:00,54,Fulham,Home,140.0,22.0,1.0,1.0,,2.0,,129.0,5.0,1.0,3.0,11.0,7.0,28.0,268.0,,2.0,16.0,13.0,14.0,4.0,1.0,,3.0,,,,,,,1.0,,,7.0,2.0,,,,1.0,5.0,12.0,,,64.0,2.0,,10.0,,2.0,1.0,2.0,,15.0,3.0,55.0,55.0,2.0,19.0,10.0,,,61.0,11.0,13.0,4.0,,4.0,1.0,,2.0,,2.0,2.0,,10.0,3.0,1.0,1.0,15.0,,15.0,9.0,,3.0,100.0,58.0,6.0,1.0,2.0,5.0,9.0,,3.0,,27.0,54.0,19.0,,,,2.0,173.0,158.0,3.0,28.0,21.0,44.3,,,,0.0,2.0,4.0,,,3.0,3.0,,3.0,54.0,,7.0,159.0,41.0,34.0,11.0,2.0,6.0,4.0,4.0,97.0,8.0,208.0,1.0,1.0,22.0,7.0,52.0,8.0,361.0,,0.0,12.0,24.0,2.0,19.0,0.0,565.0,,4.0,2.0,21.0,0.0,,65.0,2.0,,5.0,158.0,2.0,69.0,,,69.0,22.0,,,,,,,,,,,,,,,,,,,,,,,
2011-12,360698,23,2012-02-01 20:00:00,54,Fulham,Home,273.0,44.0,1.0,3.0,2.0,2.0,,282.0,2.0,,8.0,4.0,10.0,70.0,552.0,,1.0,21.0,11.0,6.0,8.0,2.0,,,,,,,1.0,,,,,12.0,,,,,,7.0,7.0,,,73.0,5.0,4.0,6.0,,8.0,8.0,11.0,,10.0,3.0,41.0,40.0,5.0,14.0,6.0,,,93.0,6.0,7.0,1.0,,2.0,1.0,1.0,1.0,,1.0,1.0,,7.0,1.0,1.0,,9.0,,17.0,14.0,2.0,8.0,94.0,55.0,7.0,,5.0,6.0,4.0,,4.0,,77.0,84.0,30.0,,,,,174.0,164.0,4.0,24.0,31.0,62.3,,,3.0,0.0,2.0,2.0,,3.0,,7.0,,,140.0,,11.0,291.0,77.0,24.0,18.0,8.0,28.0,20.0,,205.0,10.0,390.0,1.0,,19.0,10.0,100.0,1.0,653.0,1.0,0.0,15.0,17.0,1.0,22.0,1.0,865.0,,10.0,8.0,14.0,0.0,,92.0,1.0,1.0,,195.0,,172.0,2.0,,194.0,11.0,,,,,,,,,,,,,,,,,,,,,,,
2011-12,360702,24,2012-02-04 17:30:00,54,Fulham,Away,249.0,26.0,1.0,1.0,,1.0,,257.0,7.0,,7.0,4.0,3.0,28.0,505.0,,,12.0,8.0,4.0,8.0,1.0,,,,,,1.0,1.0,1.0,,,,10.0,,,,,,11.0,6.0,,,45.0,1.0,3.0,7.0,,6.0,10.0,2.0,,10.0,1.0,40.0,39.0,1.0,6.0,,,,39.0,7.0,8.0,,,1.0,,1.0,,,,,,9.0,,1.0,,4.0,1.0,17.0,13.0,5.0,7.0,86.0,63.0,4.0,,2.0,7.0,5.0,,6.0,1.0,54.0,76.0,14.0,1.0,1.0,1.0,,124.0,114.0,,16.0,19.0,53.1,,,,0.0,2.0,,,,,5.0,,3.0,114.0,,9.0,269.0,36.0,16.0,15.0,6.0,18.0,12.0,,140.0,5.0,321.0,1.0,,17.0,3.0,48.0,1.0,572.0,,0.0,13.0,20.0,,12.0,3.0,738.0,,7.0,6.0,14.0,0.0,,101.0,,,,165.0,,149.0,,,157.0,9.0,,,,,,,,,,,,,,,,,,,,,,,
2011-12,360713,25,2012-02-11 15:00:00,54,Fulham,Home,177.0,21.0,1.0,2.0,1.0,,,136.0,13.0,,2.0,5.0,5.0,27.0,311.0,,,18.0,21.0,16.0,7.0,1.0,,,,,,,,,,,,7.0,,,1.0,,2.0,8.0,5.0,,,50.0,3.0,2.0,3.0,,5.0,5.0,3.0,,8.0,,50.0,42.0,3.0,16.0,6.0,,,55.0,13.0,7.0,1.0,,1.0,,,1.0,,,1.0,,19.0,1.0,,1.0,14.0,1.0,17.0,15.0,5.0,2.0,101.0,47.0,4.0,,4.0,5.0,3.0,,3.0,,44.0,45.0,17.0,,,,,203.0,184.0,1.0,29.0,16.0,53.2,1.0,,4.0,0.0,,1.0,,1.0,,5.0,,3.0,63.0,,9.0,225.0,45.0,35.0,11.0,4.0,12.0,8.0,,109.0,14.0,233.0,,,36.0,6.0,58.0,2.0,446.0,,0.0,10.0,14.0,,24.0,1.0,624.0,,5.0,5.0,11.0,0.0,,58.0,1.0,1.0,,187.0,,97.0,1.0,,104.0,10.0,,,,,,,,,,,,,,,,,,,,,,,
2011-12,360725,26,2012-02-25 15:00:00,54,Fulham,Away,214.0,18.0,,,,1.0,,201.0,6.0,,5.0,4.0,4.0,34.0,415.0,,,21.0,7.0,6.0,4.0,1.0,,,,,,,,,,,,6.0,,,,,,6.0,11.0,,,51.0,4.0,2.0,7.0,,5.0,6.0,1.0,,13.0,1.0,46.0,52.0,4.0,14.0,4.0,,,61.0,14.0,17.0,1.0,,2.0,,,1.0,,,1.0,,12.0,1.0,,2.0,9.0,,21.0,13.0,3.0,6.0,94.0,57.0,6.0,,3.0,3.0,2.0,,2.0,,40.0,84.0,19.0,,,,,171.0,157.0,,25.0,22.0,55.8,,,,0.0,,7.0,,,,4.0,,3.0,80.0,,6.0,246.0,44.0,28.0,16.0,4.0,11.0,7.0,,125.0,2.0,278.0,,,15.0,6.0,49.0,4.0,513.0,,0.0,8.0,20.0,1.0,26.0,4.0,709.0,,9.0,5.0,17.0,0.0,,94.0,1.0,,1.0,170.0,,130.0,2.0,,119.0,10.0,,,,,,,,,,,,,,,,,,,,,,,
2011-12,360730,27,2012-03-04 14:05:00,54,Fulham,Home,230.0,20.0,3.0,7.0,4.0,1.0,,286.0,6.0,,10.0,2.0,5.0,43.0,509.0,2.0,2.0,15.0,1.0,4.0,16.0,3.0,,5.0,,,,,1.0,,,,,20.0,,1.0,,,2.0,8.0,5.0,,,56.0,4.0,8.0,4.0,,7.0,12.0,5.0,,12.0,,31.0,33.0,4.0,13.0,5.0,,,62.0,7.0,10.0,5.0,,1.0,,1.0,4.0,1.0,4.0,3.0,1.0,8.0,4.0,2.0,,8.0,1.0,10.0,5.0,1.0,10.0,75.0,42.0,7.0,,7.0,16.0,12.0,,7.0,,57.0,116.0,23.0,,,,,115.0,110.0,2.0,22.0,18.0,58.2,1.0,,1.0,0.0,,1.0,,,5.0,7.0,,3.0,146.0,,23.0,239.0,40.0,18.0,13.0,4.0,21.0,17.0,5.0,175.0,1.0,349.0,2.0,,10.0,5.0,63.0,4.0,567.0,2.0,0.0,27.0,13.0,2.0,19.0,1.0,751.0,,6.0,7.0,7.0,0.0,,96.0,4.0,2.0,3.0,158.0,,152.0,,,161.0,9.0,,,,,,,,,,,,,,,,,,,,,,,
2011-12,360740,28,2012-03-10 15:00:00,54,Fulham,Away,253.0,14.0,,1.0,1.0,3.0,,106.0,7.0,,7.0,3.0,11.0,18.0,358.0,,,8.0,15.0,9.0,4.0,1.0,,,,,,,,,,,,,,,1.0,,1.0,9.0,7.0,,,53.0,3.0,2.0,3.0,,4.0,5.0,2.0,,9.0,1.0,44.0,34.0,3.0,24.0,13.0,1.0,,30.0,11.0,9.0,,,,,,,,,,,19.0,,2.0,,24.0,1.0,18.0,13.0,2.0,7.0,76.0,37.0,10.0,,3.0,2.0,1.0,,2.0,,29.0,32.0,11.0,,,,,155.0,138.0,1.0,27.0,14.0,48.8,1.0,,1.0,0.0,3.0,2.0,,,,4.0,,2.0,43.0,,5.0,280.0,23.0,41.0,13.0,3.0,11.0,8.0,,65.0,11.0,166.0,4.0,,23.0,12.0,37.0,3.0,435.0,,0.0,7.0,9.0,2.0,15.0,0.0,626.0,,7.0,4.0,7.0,0.0,,75.0,,,,154.0,,104.0,1.0,,102.0,13.0,,,,,,,,,,,,,,,,,,,,,,,
2011-12,360752,29,2012-03-17 15:00:00,54,Fulham,Home,157.0,20.0,1.0,1.0,,5.0,,190.0,4.0,,5.0,9.0,1.0,27.0,346.0,,,16.0,8.0,7.0,6.0,3.0,,,,,,,,,,,,11.0,,1.0,,,1.0,7.0,3.0,,,58.0,1.0,4.0,3.0,,6.0,3.0,4.0,,12.0,,44.0,37.0,1.0,8.0,4.0,1.0,,60.0,8.0,7.0,,,,,,,,,,,5.0,,2.0,,5.0,2.0,24.0,17.0,2.0,5.0,74.0,40.0,2.0,,6.0,3.0,5.0,,1.0,,29.0,44.0,25.0,,,,,148.0,145.0,5.0,16.0,28.0,38.1,1.0,,1.0,0.0,2.0,,,,,7.0,,3.0,86.0,,9.0,171.0,41.0,11.0,19.0,5.0,12.0,7.0,,135.0,9.0,271.0,2.0,,19.0,1.0,51.0,2.0,430.0,,0.0,16.0,17.0,,23.0,0.0,607.0,,6.0,6.0,13.0,0.0,,73.0,,,,148.0,,102.0,,,107.0,15.0,,,,,,,,,,,,,,,,,,,,,,,
2011-12,360763,30,2012-03-26 20:00:00,54,Fulham,Away,221.0,14.0,,1.0,1.0,1.0,,172.0,2.0,2.0,5.0,8.0,2.0,30.0,392.0,,,12.0,10.0,6.0,7.0,,,,,,,,,,,,,7.0,,,,,,14.0,7.0,,,69.0,5.0,4.0,12.0,1.0,1.0,3.0,1.0,,10.0,2.0,43.0,51.0,5.0,16.0,4.0,1.0,,46.0,6.0,17.0,,,1.0,3.0,,,,,,,5.0,,2.0,,8.0,,25.0,18.0,6.0,5.0,87.0,44.0,7.0,,1.0,6.0,2.0,,9.0,,34.0,57.0,13.0,,,,,151.0,137.0,2.0,29.0,22.0,40.5,,,1.0,0.0,6.0,2.0,,1.0,,1.0,,2.0,61.0,,7.0,244.0,35.0,30.0,11.0,1.0,8.0,7.0,,99.0,7.0,251.0,2.0,2.0,28.0,2.0,62.0,,487.0,,0.0,7.0,22.0,1.0,15.0,0.0,680.0,,6.0,1.0,16.0,0.0,,110.0,,,,159.0,,117.0,,,101.0,14.0,,,,,,,,,,,,,,,,,,,,,,,
2011-12,360772,31,2012-03-31 15:00:00,54,Fulham,Home,143.0,14.0,,3.0,3.0,2.0,1.0,167.0,10.0,,8.0,6.0,2.0,28.0,307.0,,2.0,9.0,4.0,13.0,9.0,1.0,,,,,,,,,,,,12.0,,,1.0,,3.0,9.0,7.0,,,61.0,5.0,3.0,2.0,,6.0,6.0,1.0,,9.0,2.0,33.0,45.0,5.0,22.0,11.0,,,50.0,12.0,9.0,1.0,,2.0,2.0,,1.0,,1.0,1.0,,15.0,2.0,5.0,1.0,20.0,2.0,16.0,11.0,,8.0,79.0,39.0,7.0,1.0,4.0,7.0,8.0,,4.0,,42.0,49.0,22.0,,,,,161.0,142.0,1.0,29.0,16.0,38.1,1.0,,1.0,0.0,1.0,2.0,,,,4.0,,3.0,74.0,,11.0,165.0,38.0,41.0,11.0,3.0,12.0,9.0,,117.0,12.0,252.0,5.0,,28.0,2.0,58.0,3.0,405.0,,0.0,15.0,19.0,3.0,14.0,1.0,598.0,,4.0,6.0,15.0,0.0,,69.0,1.0,1.0,2.0,145.0,,85.0,,,106.0,6.0,,,,,,,,,,,,,,,,,,,,,,,
2011-12,360780,32,2012-04-07 15:00:00,54,Fulham,Away,188.0,10.0,1.0,3.0,2.0,2.0,,160.0,5.0,,7.0,,8.0,21.0,345.0,,1.0,15.0,15.0,11.0,7.0,,,,1.0,,,,1.0,,,,,10.0,,,,,,8.0,4.0,,,59.0,4.0,2.0,4.0,,3.0,6.0,2.0,,9.0,1.0,38.0,49.0,4.0,17.0,12.0,,,58.0,10.0,12.0,2.0,,1.0,,1.0,2.0,,2.0,2.0,,11.0,2.0,3.0,3.0,29.0,,20.0,13.0,2.0,7.0,84.0,39.0,5.0,1.0,3.0,6.0,6.0,,3.0,,35.0,59.0,12.0,,,,,154.0,128.0,,28.0,19.0,47.6,,,,0.0,,1.0,,,,3.0,,3.0,62.0,,9.0,207.0,30.0,43.0,12.0,2.0,10.0,8.0,,101.0,8.0,231.0,4.0,,20.0,8.0,53.0,4.0,428.0,1.0,0.0,11.0,17.0,3.0,19.0,0.0,627.0,,9.0,3.0,13.0,0.0,,74.0,4.0,2.0,2.0,144.0,,105.0,2.0,,105.0,10.0,,,,,,,,,,,,,,,,,,,,,,,
2011-12,360792,33,2012-04-09 20:00:00,54,Fulham,Home,223.0,20.0,3.0,5.0,2.0,,,186.0,5.0,,1.0,4.0,6.0,27.0,404.0,,1.0,6.0,6.0,7.0,4.0,3.0,,,,,,,,,,,,6.0,,,,,1.0,6.0,9.0,,,58.0,5.0,2.0,3.0,,7.0,12.0,3.0,,9.0,,30.0,52.0,5.0,17.0,11.0,,,58.0,6.0,16.0,1.0,,4.0,1.0,,1.0,1.0,1.0,,1.0,8.0,,,1.0,22.0,,20.0,17.0,2.0,1.0,79.0,45.0,11.0,,1.0,7.0,7.0,,4.0,,46.0,50.0,14.0,1.0,1.0,1.0,,138.0,122.0,2.0,28.0,21.0,46.6,,,,0.0,1.0,1.0,,,,1.0,,3.0,73.0,,8.0,232.0,38.0,33.0,11.0,6.0,22.0,16.0,,112.0,4.0,261.0,,,10.0,6.0,41.0,4.0,471.0,,0.0,10.0,25.0,1.0,10.0,1.0,659.0,,4.0,7.0,20.0,0.0,,73.0,1.0,1.0,,156.0,,119.0,,,123.0,11.0,,,,,,,,,,,,,,,,,,,,,,,
2011-12,360802,34,2012-05-01 19:45:00,54,Fulham,Away,197.0,16.0,1.0,3.0,2.0,3.0,,125.0,8.0,,5.0,10.0,2.0,29.0,319.0,,2.0,14.0,20.0,9.0,7.0,1.0,,1.0,,1.0,,,1.0,,,,,8.0,,,1.0,,,11.0,10.0,,,55.0,4.0,2.0,4.0,1.0,4.0,4.0,1.0,,15.0,1.0,53.0,43.0,4.0,17.0,7.0,,,42.0,8.0,11.0,,,2.0,,1.0,,,,,,17.0,,,1.0,9.0,1.0,17.0,14.0,1.0,5.0,97.0,48.0,5.0,,3.0,5.0,4.0,,3.0,,32.0,48.0,10.0,,,,,140.0,129.0,1.0,24.0,19.0,40.5,1.0,,1.0,0.0,2.0,2.0,,1.0,1.0,4.0,,3.0,49.0,,8.0,212.0,35.0,28.0,14.0,3.0,8.0,5.0,1.0,82.0,9.0,188.0,1.0,,32.0,3.0,53.0,,392.0,,0.0,10.0,16.0,4.0,18.0,0.0,590.0,,7.0,4.0,11.0,0.0,,79.0,1.0,1.0,,145.0,,89.0,,,79.0,16.0,,,,,,,,,,,,,,,,,,,,,,,
2011-12,360813,35,2012-04-21 15:00:00,54,Fulham,Home,163.0,15.0,1.0,3.0,2.0,1.0,1.0,269.0,7.0,,14.0,2.0,9.0,26.0,429.0,,,13.0,4.0,4.0,7.0,3.0,,,,,,1.0,1.0,,,,,10.0,,1.0,,1.0,2.0,5.0,5.0,,,50.0,2.0,4.0,4.0,,4.0,13.0,5.0,1.0,11.0,1.0,35.0,38.0,2.0,7.0,4.0,,,71.0,11.0,16.0,1.0,1.0,6.0,2.0,1.0,2.0,1.0,1.0,1.0,1.0,10.0,1.0,,,6.0,2.0,18.0,10.0,1.0,14.0,71.0,50.0,,,5.0,7.0,4.0,,1.0,,42.0,49.0,19.0,,,,,129.0,125.0,2.0,19.0,15.0,51.2,2.0,,,0.0,2.0,1.0,,,,6.0,,1.0,120.0,,12.0,179.0,28.0,11.0,8.0,2.0,22.0,20.0,,154.0,3.0,335.0,,,12.0,9.0,43.0,2.0,492.0,,0.0,14.0,15.0,1.0,19.0,1.0,669.0,,3.0,4.0,10.0,0.0,,81.0,1.0,2.0,,160.0,,130.0,2.0,,121.0,13.0,,,,,,,,,,,,,,,,,,,,,,,
2011-12,360820,36,2012-04-28 15:00:00,54,Fulham,Away,248.0,14.0,,2.0,2.0,,,237.0,1.0,,6.0,7.0,6.0,34.0,483.0,,,11.0,3.0,4.0,4.0,,,,,,,,,,,,,6.0,,,,,,6.0,6.0,,,46.0,6.0,3.0,4.0,,4.0,7.0,1.0,,11.0,3.0,40.0,37.0,6.0,9.0,5.0,,,60.0,10.0,13.0,,,2.0,,,,,,,,6.0,,,1.0,6.0,1.0,23.0,17.0,2.0,6.0,87.0,54.0,3.0,,1.0,3.0,2.0,,2.0,,49.0,72.0,10.0,1.0,1.0,1.0,,127.0,123.0,,24.0,16.0,47.6,,,,0.0,1.0,2.0,,,,1.0,,3.0,86.0,,4.0,265.0,29.0,13.0,21.0,4.0,12.0,8.0,,121.0,3.0,304.0,,,21.0,6.0,53.0,2.0,557.0,,0.0,6.0,12.0,2.0,12.0,1.0,705.0,,8.0,5.0,8.0,0.0,,98.0,,,,150.0,,145.0,,,164.0,7.0,,,,,,,,,,,,,,,,,,,,,,,
2011-12,360833,37,2012-05-06 14:00:00,54,Fulham,Home,316.0,24.0,1.0,2.0,1.0,,,231.0,3.0,,4.0,2.0,19.0,28.0,545.0,,,13.0,4.0,8.0,11.0,4.0,,2.0,1.0,1.0,,1.0,4.0,,,,,12.0,,,,,2.0,6.0,7.0,,,63.0,1.0,8.0,6.0,,8.0,8.0,3.0,,12.0,,37.0,47.0,1.0,15.0,9.0,,,58.0,8.0,13.0,1.0,,5.0,1.0,4.0,1.0,,,1.0,,6.0,1.0,1.0,,9.0,,12.0,9.0,,4.0,94.0,57.0,2.0,1.0,6.0,10.0,8.0,,2.0,,60.0,46.0,23.0,,,,,120.0,119.0,3.0,25.0,26.0,56.8,,,,0.0,3.0,2.0,,,2.0,6.0,,2.0,97.0,,16.0,331.0,41.0,16.0,16.0,3.0,15.0,12.0,2.0,133.0,2.0,305.0,1.0,,17.0,19.0,53.0,,621.0,,0.0,22.0,17.0,,15.0,0.0,783.0,,9.0,8.0,14.0,0.0,,121.0,1.0,1.0,,175.0,,162.0,2.0,,163.0,4.0,,,,,,,,,,,,,,,,,,,,,,,
2011-12,360846,38,2012-05-13 15:00:00,54,Fulham,Away,228.0,11.0,1.0,3.0,2.0,1.0,,214.0,6.0,,10.0,4.0,3.0,21.0,439.0,,,11.0,8.0,3.0,8.0,1.0,,,,,,,,,,,,9.0,,,,1.0,,10.0,7.0,,,61.0,1.0,2.0,6.0,,3.0,8.0,3.0,,17.0,,50.0,32.0,1.0,8.0,3.0,,,44.0,12.0,9.0,,,,,,,,,,,9.0,,,1.0,7.0,2.0,19.0,16.0,1.0,10.0,81.0,52.0,9.0,,4.0,5.0,5.0,,4.0,,62.0,76.0,8.0,,,,,123.0,117.0,1.0,19.0,27.0,49.0,1.0,,,0.0,3.0,1.0,,,,4.0,,1.0,68.0,,9.0,246.0,26.0,14.0,12.0,2.0,13.0,11.0,,94.0,3.0,276.0,,,12.0,3.0,40.0,3.0,509.0,,0.0,11.0,16.0,,12.0,2.0,668.0,,4.0,3.0,13.0,0.0,,95.0,,,,135.0,,141.0,,,138.0,5.0,,,,,,,,,,,,,,,,,,,,,,,
2012-13,442001,1,2012-08-18 15:00:00,54,Fulham,Home,282.0,22.0,3.0,6.0,3.0,,1.0,236.0,4.0,3.0,5.0,3.0,12.0,40.0,512.0,,2.0,14.0,3.0,14.0,7.0,,,,,,,1.0,1.0,,,,,12.0,1.0,,,,,4.0,5.0,,,55.0,1.0,4.0,1.0,,6.0,13.0,1.0,,12.0,1.0,32.0,40.0,1.0,13.0,6.0,,,55.0,12.0,11.0,2.0,,5.0,3.0,1.0,4.0,1.0,3.0,3.0,1.0,9.0,3.0,1.0,,14.0,,16.0,15.0,,5.0,86.0,57.0,3.0,3.0,,11.0,9.0,,3.0,,68.0,29.0,18.0,,,,1.0,122.0,107.0,3.0,24.0,21.0,59.8,,,1.0,0.0,1.0,1.0,,,,2.0,,3.0,108.0,,11.0,291.0,35.0,28.0,8.0,5.0,22.0,17.0,,138.0,,299.0,1.0,3.0,17.0,12.0,57.0,2.0,568.0,1.0,0.0,15.0,11.0,3.0,18.0,0.0,734.0,,4.0,6.0,9.0,0.0,,101.0,3.0,2.0,3.0,148.0,,162.0,1.0,,157.0,7.0,2.0,,,,,,,,,,,,,,,,,,,,,,
2012-13,442012,2,2012-08-25 15:00:00,54,Fulham,Away,225.0,12.0,1.0,3.0,2.0,,,152.0,8.0,,3.0,6.0,9.0,39.0,374.0,,,9.0,5.0,5.0,7.0,,,,0.0,1.0,,,2.0,,1.0,,,13.0,0.0,,,,1.0,11.0,9.0,8.0,8.0,40.0,8.0,7.0,8.0,,8.0,6.0,4.0,0.0,16.0,1.0,45.0,52.0,8.0,19.0,4.0,,,24.0,7.0,11.0,,,3.0,,2.0,1.0,1.0,1.0,,1.0,12.0,0.0,,,13.0,1.0,16.0,14.0,4.0,3.0,65.0,45.0,8.0,1.0,,8.0,6.0,396.0,4.0,0.0,41.0,32.0,19.0,,,,,94.0,94.0,,20.0,16.0,40.1,,3.0,1.0,0.0,1.0,3.0,4.0,,,3.0,,3.0,40.0,354.0,8.0,241.0,21.0,34.0,21.0,5.0,15.0,10.0,,58.0,1.0,195.0,,,20.0,9.0,61.0,,421.0,,0.0,16.0,24.0,,12.0,1.0,618.0,12.0,12.0,8.0,20.0,0.0,,75.0,,2.0,,107.0,,117.0,,,122.0,7.0,,,0.0,,0.0,0.0,,,,,,,,,,,,,,,,,
2012-13,442027,3,2012-09-01 12:45:00,54,Fulham,Away,236.0,25.0,2.0,2.0,,1.0,,236.0,6.0,1.0,6.0,5.0,9.0,29.0,470.0,,,33.0,18.0,17.0,10.0,1.0,,,,,,,,,,,,13.0,,,,,,10.0,6.0,,,45.0,3.0,5.0,3.0,,6.0,7.0,5.0,,19.0,1.0,52.0,57.0,3.0,6.0,,1.0,,64.0,5.0,12.0,,,1.0,,,,,,,,8.0,,4.0,,7.0,1.0,15.0,13.0,1.0,6.0,84.0,47.0,6.0,,1.0,10.0,9.0,,6.0,,46.0,73.0,20.0,,,,,152.0,140.0,,18.0,18.0,54.9,,,,0.0,2.0,1.0,,1.0,,1.0,,2.0,98.0,,11.0,256.0,44.0,18.0,14.0,6.0,18.0,12.0,,130.0,5.0,316.0,4.0,1.0,23.0,10.0,52.0,2.0,554.0,,0.0,15.0,21.0,2.0,35.0,0.0,757.0,,7.0,6.0,20.0,0.0,,89.0,,,,191.0,,143.0,,,131.0,8.0,,,,,,,,,,,,,,,,,,,,,,,
2012-13,442032,4,2012-09-15 15:00:00,54,Fulham,Home,262.0,40.0,2.0,9.0,7.0,,,332.0,4.0,,11.0,1.0,3.0,60.0,585.0,,,22.0,8.0,12.0,17.0,1.0,,2.0,,,,,,,1.0,,,20.0,1.0,1.0,,,,5.0,5.0,,,59.0,2.0,5.0,4.0,,5.0,25.0,5.0,,8.0,3.0,37.0,42.0,2.0,6.0,4.0,,1.0,73.0,7.0,10.0,2.0,,4.0,1.0,,1.0,,1.0,1.0,,5.0,2.0,,,8.0,1.0,19.0,12.0,2.0,11.0,80.0,63.0,4.0,1.0,6.0,13.0,10.0,,3.0,,105.0,116.0,20.0,,,,1.0,119.0,111.0,2.0,23.0,20.0,63.0,1.0,,,0.0,2.0,3.0,,1.0,2.0,8.0,,2.0,182.0,,19.0,271.0,50.0,14.0,16.0,4.0,35.0,31.0,2.0,208.0,1.0,402.0,1.0,,10.0,3.0,76.0,3.0,638.0,,0.0,23.0,14.0,,23.0,0.0,847.0,,6.0,5.0,11.0,0.0,,130.0,,1.0,2.0,162.0,,166.0,1.0,,180.0,8.0,,,,,,,,,,,,,,,,,,,,,,,
2012-13,442048,5,2012-09-22 15:00:00,54,Fulham,Away,123.0,7.0,1.0,3.0,2.0,1.0,,118.0,7.0,,1.0,6.0,12.0,14.0,238.0,,,11.0,15.0,20.0,3.0,1.0,,,,,,1.0,1.0,,,,,7.0,,,,,,10.0,9.0,,,39.0,1.0,1.0,7.0,,7.0,9.0,1.0,,11.0,1.0,51.0,40.0,1.0,21.0,9.0,,,46.0,13.0,7.0,1.0,,1.0,,1.0,2.0,,2.0,2.0,,17.0,2.0,3.0,,14.0,,24.0,17.0,2.0,2.0,80.0,34.0,9.0,1.0,1.0,5.0,7.0,,5.0,,18.0,51.0,9.0,,,,,150.0,137.0,,20.0,13.0,36.4,,,2.0,0.0,3.0,1.0,,1.0,,4.0,,2.0,43.0,,6.0,138.0,15.0,34.0,9.0,7.0,17.0,10.0,,81.0,7.0,199.0,3.0,,29.0,12.0,35.0,,320.0,,0.0,12.0,9.0,1.0,17.0,3.0,509.0,,4.0,7.0,7.0,0.0,,57.0,1.0,1.0,1.0,130.0,,60.0,1.0,,73.0,7.0,,,,,,,,,,,,,,,,,,,,,,,
2012-13,442052,6,2012-09-29 15:00:00,54,Fulham,Home,119.0,13.0,,,,3.0,,83.0,8.0,,8.0,5.0,8.0,24.0,202.0,,2.0,9.0,9.0,14.0,2.0,,,1.0,,,,1.0,2.0,,,,,3.0,1.0,,,,1.0,11.0,12.0,,,54.0,4.0,1.0,7.0,,2.0,7.0,2.0,,5.0,3.0,37.0,43.0,2.0,16.0,8.0,1.0,2.0,59.0,8.0,12.0,1.0,,6.0,1.0,2.0,,,,,,13.0,,,,13.0,,26.0,17.0,4.0,8.0,69.0,30.0,4.0,,2.0,,3.0,,7.0,,30.0,42.0,5.0,,,,1.0,136.0,122.0,,26.0,16.0,28.9,,,1.0,0.0,2.0,3.0,,2.0,1.0,3.0,,2.0,39.0,,2.0,139.0,16.0,28.0,10.0,2.0,12.0,10.0,1.0,76.0,11.0,149.0,3.0,,35.0,12.0,51.0,1.0,276.0,1.0,0.0,7.0,15.0,2.0,9.0,0.0,466.0,,2.0,2.0,11.0,0.0,,40.0,,,1.0,121.0,,53.0,2.0,,62.0,15.0,,1.0,,,,,,,,,,,,,,,,,,,,,
2012-13,442063,7,2012-10-07 13:30:00,54,Fulham,Away,267.0,25.0,3.0,7.0,4.0,3.0,,173.0,2.0,,5.0,4.0,3.0,45.0,433.0,2.0,1.0,22.0,15.0,12.0,7.0,2.0,,,,1.0,,,1.0,,,,,7.0,,,,,2.0,9.0,5.0,,,55.0,5.0,4.0,2.0,,8.0,11.0,3.0,,13.0,,46.0,41.0,5.0,21.0,15.0,,1.0,59.0,7.0,13.0,,,4.0,3.0,1.0,1.0,,1.0,1.0,,6.0,1.0,,,28.0,1.0,21.0,16.0,2.0,5.0,89.0,43.0,8.0,1.0,5.0,5.0,3.0,,4.0,,53.0,62.0,19.0,,,,,173.0,154.0,,26.0,24.0,58.1,,,1.0,0.0,1.0,1.0,,,,6.0,1.0,2.0,72.0,,10.0,284.0,54.0,40.0,13.0,8.0,25.0,17.0,,112.0,11.0,262.0,,,19.0,3.0,72.0,,521.0,2.0,0.0,13.0,12.0,1.0,24.0,0.0,735.0,,4.0,8.0,8.0,0.0,,76.0,,1.0,,172.0,,130.0,2.0,,143.0,18.0,,,,,,,,,,,,,,,,,,,,,,,
2012-13,442069,8,2012-10-20 15:00:00,54,Fulham,Home,154.0,25.0,3.0,8.0,5.0,1.0,1.0,224.0,1.0,,7.0,4.0,6.0,41.0,370.0,1.0,,25.0,14.0,27.0,10.0,2.0,,,,,,,,,,,,16.0,,,,,1.0,7.0,5.0,,,63.0,1.0,4.0,5.0,,6.0,18.0,7.0,1.0,12.0,1.0,44.0,51.0,1.0,21.0,14.0,,2.0,72.0,7.0,11.0,,,2.0,1.0,,1.0,1.0,1.0,,1.0,6.0,,3.0,,23.0,,14.0,11.0,1.0,8.0,74.0,42.0,4.0,,7.0,6.0,5.0,,4.0,,74.0,84.0,23.0,,,,,169.0,154.0,5.0,25.0,20.0,50.7,,,,0.0,1.0,,,1.0,,10.0,,3.0,110.0,,13.0,174.0,38.0,36.0,11.0,5.0,31.0,26.0,,154.0,4.0,312.0,4.0,,20.0,7.0,57.0,2.0,455.0,1.0,0.0,19.0,8.0,,32.0,1.0,678.0,,5.0,6.0,6.0,0.0,,76.0,,1.0,,157.0,,122.0,3.0,,100.0,10.0,,,,,,,,,,,,,,,,,,,,,,,
2012-13,442085,9,2012-10-27 15:00:00,54,Fulham,Away,231.0,15.0,3.0,7.0,4.0,3.0,,295.0,3.0,1.0,2.0,5.0,8.0,41.0,519.0,1.0,,18.0,11.0,28.0,11.0,1.0,,,,,,,2.0,,,,,13.0,,,,,,10.0,5.0,,,52.0,5.0,5.0,2.0,,8.0,11.0,5.0,1.0,6.0,4.0,40.0,53.0,5.0,23.0,17.0,,,65.0,17.0,6.0,2.0,,3.0,,2.0,3.0,1.0,1.0,2.0,1.0,8.0,2.0,1.0,1.0,26.0,,12.0,9.0,1.0,2.0,113.0,60.0,6.0,,6.0,9.0,6.0,,1.0,,76.0,55.0,18.0,,,,,161.0,141.0,1.0,19.0,23.0,65.9,,,,0.0,4.0,1.0,,1.0,,8.0,,3.0,139.0,,15.0,251.0,36.0,43.0,9.0,8.0,24.0,16.0,,173.0,7.0,385.0,1.0,1.0,30.0,8.0,70.0,,612.0,1.0,0.0,19.0,15.0,,25.0,1.0,811.0,,4.0,8.0,11.0,0.0,,98.0,2.0,2.0,,187.0,,159.0,,,168.0,8.0,,,,,,,,,,,,,,,,,,,,,,,
2012-13,442089,10,2012-11-03 15:00:00,54,Fulham,Home,111.0,14.0,2.0,4.0,2.0,1.0,,158.0,9.0,,5.0,4.0,6.0,28.0,265.0,,1.0,13.0,10.0,11.0,6.0,,,,1.0,,,,1.0,,,,,7.0,,,,,1.0,19.0,8.0,,,66.0,9.0,3.0,8.0,1.0,5.0,7.0,1.0,,8.0,4.0,55.0,51.0,9.0,21.0,9.0,,1.0,53.0,17.0,10.0,1.0,,3.0,1.0,1.0,1.0,,,1.0,,14.0,1.0,1.0,1.0,19.0,,24.0,20.0,2.0,5.0,84.0,42.0,9.0,1.0,2.0,5.0,4.0,,9.0,,30.0,61.0,13.0,,,,,144.0,127.0,1.0,34.0,16.0,40.9,,,2.0,0.0,6.0,1.0,,,,2.0,,3.0,54.0,,7.0,128.0,29.0,38.0,17.0,5.0,14.0,9.0,,85.0,8.0,229.0,1.0,,16.0,7.0,59.0,,343.0,,0.0,9.0,26.0,1.0,15.0,3.0,569.0,,4.0,5.0,19.0,0.0,,52.0,2.0,1.0,1.0,128.0,,84.0,1.0,,79.0,10.0,,,,,,,,,,,,,,,,,,,,,,,
2012-13,442099,11,2012-11-10 15:00:00,54,Fulham,Away,220.0,16.0,2.0,4.0,2.0,1.0,,162.0,5.0,,7.0,6.0,4.0,36.0,378.0,,,14.0,16.0,15.0,5.0,1.0,2.0,4.0,,,,,,,,,,8.0,1.0,,,,,8.0,6.0,7.0,4.0,58.0,11.0,2.0,10.0,,6.0,6.0,4.0,,16.0,2.0,59.0,44.0,11.0,20.0,12.0,,1.0,42.0,12.0,11.0,2.0,,2.0,1.0,,2.0,1.0,2.0,1.0,1.0,8.0,1.0,2.0,2.0,18.0,,18.0,9.0,2.0,8.0,78.0,47.0,8.0,,3.0,5.0,5.0,426.0,2.0,,39.0,55.0,22.0,,1.0,1.0,1.0,118.0,118.0,2.0,20.0,24.0,43.6,,2.0,,0.0,2.0,1.0,3.0,,4.0,4.0,,2.0,61.0,363.0,8.0,235.0,27.0,37.0,11.0,5.0,16.0,11.0,4.0,86.0,7.0,228.0,2.0,,26.0,4.0,65.0,5.0,447.0,1.0,0.0,11.0,14.0,,15.0,2.0,645.0,17.0,4.0,6.0,12.0,0.0,,79.0,1.0,,2.0,147.0,,106.0,,1.0,115.0,7.0,,1.0,,1.0,1.0,,,,,,,,,,,,,,,,,,
2012-13,442110,12,2012-11-18 16:00:00,54,Fulham,Home,169.0,17.0,,4.0,4.0,2.0,,227.0,3.0,,8.0,12.0,6.0,37.0,392.0,,,13.0,20.0,22.0,14.0,1.0,,,,,,,3.0,,,,,14.0,,,,,2.0,4.0,7.0,,,71.0,2.0,7.0,6.0,,4.0,7.0,7.0,,4.0,1.0,47.0,57.0,2.0,14.0,12.0,,1.0,59.0,10.0,13.0,1.0,,3.0,,3.0,1.0,,1.0,1.0,,4.0,1.0,2.0,1.0,19.0,1.0,24.0,21.0,3.0,8.0,72.0,40.0,4.0,,5.0,11.0,7.0,,2.0,,68.0,46.0,33.0,,,,,146.0,128.0,2.0,23.0,34.0,49.3,,,,0.0,1.0,2.0,,,,6.0,,3.0,105.0,,16.0,185.0,42.0,32.0,15.0,4.0,18.0,14.0,,152.0,3.0,313.0,2.0,,25.0,6.0,57.0,4.0,480.0,,1.0,20.0,15.0,2.0,15.0,1.0,661.0,,7.0,4.0,12.0,0.0,,69.0,3.0,2.0,1.0,158.0,,122.0,1.0,,131.0,6.0,2.0,,,,,,,,,,,,,,,,,,,,,,
2012-13,442124,13,2012-11-24 15:00:00,54,Fulham,Away,153.0,13.0,,5.0,5.0,1.0,,250.0,5.0,1.0,7.0,4.0,7.0,27.0,398.0,,,24.0,25.0,15.0,9.0,,,,,,,,,,,,,8.0,,,,,1.0,9.0,7.0,,,48.0,2.0,3.0,6.0,,2.0,16.0,2.0,,11.0,,61.0,54.0,2.0,21.0,8.0,,,63.0,11.0,16.0,,,4.0,2.0,,,,,,,13.0,,1.0,,19.0,,18.0,11.0,2.0,8.0,81.0,48.0,7.0,,4.0,5.0,2.0,,3.0,,56.0,89.0,13.0,,,,,179.0,153.0,2.0,21.0,17.0,59.7,,,2.0,0.0,1.0,,,,,4.0,,2.0,113.0,,9.0,179.0,29.0,47.0,14.0,2.0,22.0,20.0,,153.0,1.0,332.0,2.0,1.0,21.0,8.0,43.0,2.0,489.0,,0.0,9.0,17.0,1.0,31.0,1.0,710.0,,6.0,2.0,14.0,0.0,,79.0,1.0,1.0,,167.0,,133.0,2.0,,110.0,6.0,,,,,,,,,,,,,,,,,,,,,,,
2012-13,442137,14,2012-11-28 19:45:00,54,Fulham,Away,184.0,12.0,,1.0,1.0,3.0,,145.0,3.0,,4.0,11.0,5.0,29.0,328.0,,,14.0,15.0,13.0,6.0,1.0,,,,,,1.0,2.0,,,,,7.0,,,,,,4.0,13.0,,,53.0,4.0,3.0,2.0,1.0,2.0,4.0,3.0,,7.0,1.0,42.0,56.0,4.0,34.0,10.0,,1.0,43.0,12.0,10.0,,,1.0,,2.0,,,,,,6.0,,,1.0,20.0,,29.0,14.0,6.0,5.0,72.0,40.0,10.0,,2.0,5.0,4.0,,11.0,,56.0,49.0,5.0,,,,,135.0,114.0,,29.0,15.0,40.3,,,1.0,0.0,2.0,1.0,,,,2.0,,3.0,61.0,,7.0,211.0,28.0,55.0,14.0,1.0,8.0,7.0,,82.0,9.0,202.0,,,29.0,5.0,48.0,2.0,405.0,,0.0,9.0,26.0,,17.0,0.0,623.0,,7.0,2.0,24.0,0.0,,81.0,1.0,1.0,,128.0,,96.0,1.0,,100.0,6.0,1.0,1.0,,,,,,,,,,,,,,,,,,,,,
2012-13,442140,15,2012-12-01 15:00:00,54,Fulham,Home,204.0,19.0,1.0,6.0,5.0,2.0,,175.0,6.0,1.0,2.0,16.0,3.0,37.0,373.0,,,19.0,15.0,24.0,5.0,1.0,,,,1.0,,,1.0,,,,,6.0,,,,,,6.0,4.0,,,69.0,5.0,,5.0,,2.0,16.0,4.0,,14.0,,51.0,57.0,5.0,8.0,2.0,1.0,,85.0,10.0,9.0,,,3.0,1.0,1.0,,,,,,7.0,,,1.0,6.0,,16.0,14.0,1.0,2.0,99.0,57.0,1.0,,4.0,2.0,2.0,,,,50.0,54.0,15.0,,,,,153.0,147.0,3.0,24.0,39.0,45.8,,,,0.0,2.0,1.0,,1.0,,6.0,,3.0,76.0,,6.0,218.0,36.0,14.0,12.0,2.0,23.0,21.0,,121.0,10.0,264.0,,1.0,37.0,3.0,62.0,2.0,459.0,,0.0,8.0,20.0,1.0,21.0,0.0,641.0,,4.0,2.0,13.0,0.0,,83.0,1.0,1.0,,165.0,,107.0,2.0,,104.0,15.0,,,,,,,,,,,,,,,,,,,,,,,
2012-13,442152,16,2012-12-10 20:00:00,54,Fulham,Home,125.0,21.0,1.0,5.0,4.0,2.0,1.0,178.0,6.0,2.0,5.0,12.0,4.0,33.0,298.0,,,17.0,24.0,23.0,11.0,1.0,,,,,,,,,,,,14.0,,,1.0,,1.0,8.0,12.0,,,74.0,2.0,,10.0,2.0,5.0,11.0,4.0,,8.0,4.0,66.0,63.0,2.0,19.0,11.0,,,62.0,14.0,11.0,1.0,,2.0,1.0,,2.0,1.0,2.0,1.0,1.0,11.0,1.0,4.0,1.0,28.0,1.0,18.0,9.0,,5.0,92.0,49.0,4.0,1.0,9.0,5.0,7.0,,7.0,,35.0,78.0,16.0,,,,,187.0,163.0,2.0,28.0,28.0,45.3,1.0,,3.0,0.0,2.0,5.0,,,,9.0,,2.0,89.0,,14.0,143.0,38.0,43.0,15.0,5.0,21.0,16.0,2.0,134.0,8.0,279.0,4.0,2.0,31.0,4.0,59.0,,401.0,,0.0,16.0,25.0,,21.0,0.0,635.0,,4.0,5.0,18.0,0.0,,64.0,2.0,2.0,1.0,176.0,,79.0,2.0,,82.0,14.0,1.0,,,,,,,,,,,,,,,,,,,,,,
2012-13,442164,17,2012-12-15 15:00:00,54,Fulham,Away,217.0,12.0,1.0,2.0,1.0,3.0,,176.0,7.0,1.0,6.0,6.0,11.0,35.0,391.0,,,31.0,18.0,17.0,1.0,1.0,,,,,,1.0,1.0,,,,,2.0,,,,,1.0,9.0,11.0,,,57.0,2.0,1.0,8.0,,3.0,7.0,6.0,,14.0,2.0,57.0,37.0,2.0,11.0,10.0,,1.0,62.0,15.0,10.0,1.0,,2.0,1.0,1.0,1.0,,,1.0,,13.0,1.0,3.0,1.0,16.0,,15.0,13.0,1.0,6.0,110.0,53.0,3.0,,1.0,2.0,2.0,,3.0,,62.0,58.0,18.0,,,,,166.0,154.0,,26.0,18.0,55.1,,,1.0,0.0,2.0,2.0,,1.0,,2.0,,3.0,66.0,,3.0,230.0,33.0,23.0,4.0,3.0,17.0,14.0,,110.0,8.0,273.0,3.0,1.0,33.0,11.0,71.0,2.0,486.0,,0.0,5.0,9.0,,35.0,2.0,675.0,,1.0,3.0,3.0,0.0,,77.0,,,,175.0,,118.0,,,116.0,15.0,,2.0,,,,,,,,,,,,,,,,,,,,,
2012-13,442170,18,2012-12-22 17:30:00,54,Fulham,Away,175.0,11.0,1.0,1.0,,,,186.0,5.0,,11.0,7.0,6.0,20.0,360.0,,,21.0,14.0,5.0,6.0,1.0,,,,,,1.0,1.0,,,,,6.0,,,,,,17.0,6.0,,,58.0,1.0,2.0,8.0,,2.0,5.0,1.0,,17.0,1.0,52.0,45.0,1.0,12.0,5.0,1.0,,41.0,6.0,13.0,,,3.0,2.0,1.0,,,,,,12.0,,1.0,,5.0,1.0,17.0,12.0,3.0,11.0,77.0,46.0,8.0,,2.0,5.0,4.0,,5.0,,39.0,57.0,9.0,,,,,131.0,122.0,1.0,29.0,14.0,44.4,,,1.0,0.0,4.0,1.0,,,,2.0,,2.0,76.0,,7.0,198.0,25.0,21.0,15.0,2.0,10.0,8.0,,96.0,3.0,243.0,1.0,,21.0,6.0,38.0,,431.0,1.0,0.0,8.0,19.0,,22.0,2.0,622.0,,8.0,2.0,15.0,0.0,,75.0,1.0,1.0,,147.0,,119.0,2.0,,90.0,8.0,,,,,,,,,,,,,,,,,,,,,,,
2012-13,442182,19,2012-12-26 15:00:00,54,Fulham,Home,140.0,4.0,,3.0,3.0,3.0,1.0,170.0,6.0,1.0,3.0,11.0,13.0,22.0,307.0,,,23.0,25.0,11.0,4.0,1.0,,,,,,,,,,,,7.0,,,,,2.0,4.0,4.0,,,67.0,5.0,,8.0,,3.0,11.0,1.0,,9.0,1.0,63.0,45.0,5.0,18.0,12.0,,1.0,90.0,14.0,12.0,1.0,,1.0,2.0,,,,,,,8.0,1.0,3.0,1.0,21.0,,21.0,18.0,,3.0,107.0,42.0,5.0,,5.0,,1.0,,1.0,,57.0,75.0,17.0,1.0,1.0,1.0,,190.0,174.0,2.0,18.0,28.0,50.6,,,,0.0,,2.0,,,,8.0,,3.0,66.0,,5.0,156.0,15.0,34.0,11.0,2.0,16.0,14.0,,133.0,6.0,290.0,3.0,1.0,54.0,14.0,79.0,2.0,430.0,,0.0,9.0,19.0,2.0,27.0,3.0,635.0,,3.0,3.0,15.0,0.0,,77.0,,,1.0,166.0,,100.0,2.0,,87.0,11.0,,,,,,,,,,,,,,,,,,,,,,,
2012-13,442192,20,2012-12-29 15:00:00,54,Fulham,Home,158.0,17.0,3.0,9.0,6.0,1.0,1.0,269.0,1.0,,3.0,8.0,6.0,32.0,418.0,,,27.0,13.0,11.0,13.0,3.0,,,,2.0,,,3.0,,,,,16.0,,1.0,,,1.0,6.0,4.0,,,67.0,3.0,7.0,5.0,,9.0,19.0,10.0,,8.0,2.0,50.0,44.0,3.0,7.0,5.0,2.0,,78.0,14.0,12.0,1.0,,7.0,3.0,3.0,,,,,,2.0,1.0,1.0,,11.0,2.0,21.0,12.0,2.0,3.0,78.0,47.0,8.0,,8.0,8.0,6.0,,2.0,,67.0,79.0,36.0,,,,,154.0,145.0,5.0,16.0,40.0,59.4,1.0,,,0.0,4.0,1.0,,,,10.0,1.0,2.0,136.0,,16.0,168.0,31.0,16.0,18.0,8.0,40.0,32.0,,184.0,7.0,372.0,2.0,,27.0,6.0,54.0,1.0,500.0,,0.0,23.0,13.0,,27.0,2.0,719.0,,8.0,9.0,11.0,0.0,,85.0,,,1.0,161.0,,123.0,3.0,,131.0,9.0,,,,,,,,,,,,,,,,,,,,,,,
2012-13,442206,21,2013-01-01 12:45:00,54,Fulham,Away,223.0,16.0,,,,1.0,,197.0,5.0,,7.0,4.0,6.0,32.0,420.0,,,14.0,15.0,13.0,7.0,,,2.0,,,,,,,,,,10.0,,,,,,14.0,4.0,,,74.0,4.0,2.0,10.0,,5.0,7.0,,,10.0,,50.0,61.0,4.0,20.0,16.0,,,55.0,9.0,14.0,1.0,,1.0,1.0,,2.0,,1.0,2.0,,12.0,2.0,1.0,1.0,28.0,,25.0,20.0,2.0,7.0,93.0,50.0,10.0,1.0,4.0,5.0,3.0,,6.0,,57.0,74.0,8.0,,,,,157.0,137.0,4.0,26.0,34.0,55.3,,,,0.0,2.0,1.0,,,2.0,5.0,,2.0,92.0,,9.0,240.0,37.0,40.0,15.0,4.0,12.0,8.0,3.0,127.0,2.0,276.0,2.0,,24.0,6.0,59.0,2.0,504.0,,0.0,10.0,26.0,,15.0,0.0,723.0,,8.0,5.0,20.0,0.0,,89.0,1.0,,1.0,152.0,1.0,136.0,4.0,,127.0,10.0,,2.0,,,,,,,,,,,,,,,,,,,,,
2012-13,442212,22,2013-01-12 15:00:00,54,Fulham,Home,148.0,22.0,,5.0,5.0,3.0,,221.0,6.0,1.0,9.0,10.0,6.0,32.0,364.0,,,19.0,8.0,9.0,6.0,,,1.0,,3.0,,,3.0,,,,,8.0,,,,,1.0,6.0,10.0,,,73.0,2.0,3.0,8.0,,6.0,12.0,6.0,,17.0,3.0,48.0,47.0,2.0,11.0,4.0,,,55.0,9.0,15.0,,,6.0,3.0,3.0,1.0,,,1.0,,10.0,1.0,2.0,,8.0,,25.0,20.0,3.0,9.0,78.0,47.0,8.0,1.0,3.0,4.0,2.0,,2.0,,66.0,75.0,18.0,,,,,160.0,145.0,3.0,32.0,27.0,49.2,,,,0.0,3.0,3.0,,1.0,1.0,7.0,,3.0,110.0,,7.0,168.0,38.0,26.0,16.0,5.0,26.0,21.0,3.0,143.0,10.0,301.0,2.0,1.0,27.0,6.0,53.0,2.0,443.0,,0.0,12.0,13.0,,22.0,0.0,663.0,,10.0,6.0,12.0,0.0,,78.0,,,,142.0,,100.0,2.0,,123.0,11.0,,,,,,,,,,,,,,,,,,,,,,,
2012-13,442221,23,2013-01-19 15:00:00,54,Fulham,Away,218.0,17.0,1.0,4.0,3.0,1.0,,260.0,9.0,,6.0,5.0,12.0,34.0,474.0,,,16.0,6.0,12.0,1.0,,,,,,,,,,,,,2.0,,,1.0,,,12.0,8.0,,,66.0,2.0,,7.0,1.0,2.0,15.0,7.0,,17.0,2.0,46.0,52.0,2.0,8.0,3.0,,,51.0,6.0,12.0,,,,,,,,,,,13.0,,,,7.0,1.0,23.0,18.0,5.0,6.0,77.0,49.0,1.0,,1.0,,,,3.0,,74.0,119.0,16.0,,,,,142.0,136.0,1.0,22.0,33.0,54.5,1.0,,,0.0,3.0,2.0,,1.0,,2.0,,2.0,112.0,,1.0,233.0,28.0,14.0,19.0,2.0,24.0,22.0,,142.0,5.0,340.0,,,19.0,12.0,52.0,1.0,549.0,,0.0,2.0,19.0,2.0,18.0,2.0,731.0,,9.0,2.0,16.0,0.0,,105.0,,,,171.0,,126.0,2.0,,147.0,5.0,,,,,,,,,,,,,,,,,,,,,,,
2012-13,442238,24,2013-01-30 20:00:00,54,Fulham,Home,103.0,8.0,,2.0,2.0,4.0,1.0,126.0,1.0,,,7.0,4.0,16.0,227.0,,,19.0,24.0,24.0,10.0,1.0,,,,,,,1.0,,,,,16.0,,,1.0,,1.0,9.0,3.0,,,76.0,2.0,5.0,10.0,,2.0,8.0,3.0,,18.0,2.0,64.0,80.0,2.0,46.0,29.0,,1.0,64.0,8.0,10.0,2.0,,3.0,1.0,1.0,2.0,1.0,2.0,1.0,1.0,11.0,1.0,4.0,1.0,41.0,1.0,23.0,19.0,,,97.0,32.0,8.0,,6.0,7.0,5.0,,1.0,,44.0,51.0,12.0,,,,,179.0,152.0,2.0,36.0,26.0,44.0,1.0,,1.0,0.0,2.0,1.0,,,,8.0,,3.0,73.0,,13.0,115.0,22.0,73.0,14.0,2.0,14.0,12.0,,116.0,6.0,212.0,4.0,,30.0,6.0,57.0,2.0,313.0,,0.0,18.0,37.0,1.0,26.0,2.0,586.0,,9.0,2.0,34.0,0.0,,47.0,3.0,2.0,2.0,147.0,,68.0,,,51.0,12.0,,,,,,,,,,,,,,,,,,,,,,,
2012-13,442241,25,2013-02-02 17:30:00,54,Fulham,Home,112.0,21.0,3.0,4.0,1.0,5.0,,161.0,4.0,,3.0,12.0,7.0,29.0,269.0,,,18.0,19.0,12.0,10.0,2.0,,,,1.0,,,2.0,,,,,10.0,,,,,1.0,10.0,6.0,,,68.0,2.0,4.0,3.0,1.0,5.0,11.0,3.0,,12.0,3.0,50.0,53.0,2.0,20.0,11.0,1.0,1.0,72.0,10.0,15.0,,,4.0,1.0,2.0,,,,,,7.0,,,2.0,21.0,2.0,20.0,14.0,1.0,3.0,80.0,43.0,8.0,,4.0,8.0,6.0,,4.0,,36.0,70.0,23.0,,,,,159.0,144.0,5.0,28.0,21.0,44.8,,,1.0,0.0,4.0,2.0,,2.0,,6.0,,3.0,90.0,,12.0,121.0,45.0,35.0,13.0,5.0,20.0,15.0,,153.0,12.0,259.0,,,34.0,7.0,68.0,2.0,360.0,,0.0,16.0,21.0,,22.0,1.0,575.0,,5.0,5.0,18.0,0.0,,55.0,,,,156.0,,74.0,,,75.0,8.0,,,,,,,,,,,,,,,,,,,,,,,
2012-13,442253,26,2013-02-09 15:00:00,54,Fulham,Away,218.0,32.0,1.0,2.0,1.0,5.0,,226.0,5.0,,2.0,12.0,7.0,48.0,442.0,,,15.0,11.0,28.0,4.0,,,,,,,,,,,,,6.0,,,,,,7.0,8.0,,,56.0,2.0,4.0,9.0,,4.0,9.0,4.0,,11.0,1.0,50.0,68.0,2.0,16.0,8.0,,,75.0,16.0,10.0,,,1.0,1.0,,,,,,,10.0,,2.0,,18.0,,15.0,9.0,,2.0,97.0,53.0,3.0,,1.0,3.0,1.0,,4.0,,59.0,71.0,14.0,,,,,163.0,146.0,1.0,20.0,26.0,56.9,,,1.0,0.0,2.0,2.0,,2.0,,2.0,,3.0,102.0,,4.0,232.0,51.0,33.0,9.0,4.0,18.0,14.0,,159.0,17.0,327.0,2.0,,37.0,8.0,79.0,,541.0,,0.0,7.0,24.0,,17.0,2.0,726.0,,6.0,4.0,14.0,0.0,,90.0,,,,168.0,,150.0,,,133.0,10.0,,,,,,,,,,,,,,,,,,,,,,,
2012-13,442260,27,2013-02-23 12:45:00,54,Fulham,Home,181.0,27.0,,5.0,5.0,3.0,,252.0,4.0,1.0,3.0,5.0,10.0,33.0,428.0,,,14.0,22.0,24.0,15.0,,,2.0,,,,1.0,1.0,,,,,18.0,,,,,,6.0,4.0,,,72.0,3.0,5.0,7.0,,9.0,13.0,7.0,,12.0,3.0,54.0,56.0,3.0,21.0,14.0,,1.0,64.0,7.0,9.0,1.0,,3.0,2.0,1.0,,,,,,8.0,1.0,,3.0,30.0,,20.0,16.0,2.0,3.0,76.0,40.0,4.0,,11.0,4.0,4.0,,2.0,,77.0,90.0,19.0,,1.0,1.0,,165.0,145.0,3.0,28.0,36.0,60.7,,,,0.0,3.0,,,1.0,2.0,11.0,1.0,3.0,134.0,,15.0,199.0,46.0,41.0,19.0,7.0,29.0,22.0,2.0,177.0,5.0,343.0,,1.0,27.0,10.0,61.0,1.0,513.0,,0.0,20.0,13.0,2.0,15.0,1.0,726.0,,10.0,9.0,9.0,0.0,,95.0,1.0,1.0,,173.0,,127.0,1.0,1.0,118.0,8.0,,2.0,,,,,,,,,,,,,,,,,,,,,
2012-13,442275,28,2013-03-02 15:00:00,54,Fulham,Away,184.0,22.0,1.0,3.0,2.0,2.0,,181.0,6.0,,3.0,4.0,8.0,25.0,362.0,,1.0,15.0,15.0,21.0,7.0,,,3.0,,,,,,,,,,8.0,1.0,,,,,11.0,7.0,,,63.0,6.0,2.0,8.0,,3.0,12.0,2.0,1.0,13.0,1.0,58.0,56.0,6.0,17.0,11.0,,,47.0,14.0,9.0,1.0,,1.0,,,,,,,,13.0,1.0,3.0,,27.0,,17.0,13.0,2.0,5.0,89.0,46.0,7.0,,2.0,5.0,5.0,,5.0,,58.0,52.0,10.0,1.0,1.0,1.0,1.0,159.0,131.0,,30.0,23.0,50.5,,,,0.0,3.0,,,,3.0,3.0,1.0,3.0,76.0,,7.0,199.0,32.0,45.0,15.0,3.0,17.0,14.0,3.0,104.0,10.0,257.0,3.0,,25.0,8.0,51.0,1.0,439.0,,0.0,10.0,19.0,1.0,16.0,3.0,650.0,,7.0,3.0,15.0,0.0,,71.0,1.0,1.0,2.0,136.0,1.0,122.0,2.0,,110.0,6.0,,1.0,,,,,,,,,,,,,,,,,,,,,
2012-13,442280,29,2013-04-17 20:00:00,54,Fulham,Home,195.0,25.0,1.0,3.0,2.0,,,201.0,4.0,,8.0,7.0,10.0,50.0,393.0,,,26.0,11.0,5.0,8.0,1.0,,,,,,,2.0,,,,,7.0,,,,,,10.0,7.0,,,62.0,1.0,5.0,14.0,,6.0,6.0,3.0,,15.0,1.0,61.0,47.0,1.0,11.0,9.0,,,64.0,14.0,13.0,,,4.0,2.0,2.0,,,,,,9.0,,2.0,1.0,11.0,,24.0,15.0,4.0,8.0,80.0,51.0,5.0,,4.0,5.0,2.0,,4.0,,66.0,62.0,18.0,,,,,146.0,140.0,2.0,27.0,23.0,52.8,,,,0.0,3.0,1.0,,,,4.0,1.0,3.0,85.0,,9.0,209.0,44.0,17.0,15.0,6.0,17.0,11.0,,125.0,3.0,277.0,2.0,,19.0,10.0,67.0,3.0,469.0,,0.0,11.0,23.0,3.0,30.0,2.0,681.0,,6.0,6.0,19.0,0.0,,64.0,1.0,1.0,,137.0,,126.0,2.0,,142.0,12.0,,,,,,,,,,,,,,,,,,,,,,,
2012-13,442297,30,2013-03-17 15:00:00,54,Fulham,Away,152.0,12.0,3.0,5.0,2.0,2.0,,110.0,8.0,2.0,4.0,5.0,10.0,18.0,257.0,,,27.0,7.0,18.0,4.0,,,,,,,,,,1.0,,,5.0,,,,,,6.0,9.0,,,56.0,5.0,,6.0,,5.0,10.0,,,8.0,2.0,31.0,55.0,5.0,23.0,13.0,,,55.0,8.0,10.0,1.0,,,,,1.0,,1.0,1.0,,13.0,1.0,1.0,3.0,23.0,,27.0,16.0,,4.0,80.0,37.0,5.0,,3.0,2.0,2.0,,2.0,,29.0,67.0,10.0,,,,,157.0,140.0,2.0,25.0,21.0,40.5,,,,0.0,2.0,1.0,,1.0,,5.0,,2.0,47.0,,5.0,174.0,32.0,40.0,12.0,5.0,15.0,10.0,1.0,86.0,7.0,185.0,1.0,2.0,24.0,10.0,49.0,4.0,344.0,,0.0,7.0,20.0,1.0,33.0,1.0,570.0,,7.0,5.0,14.0,0.0,,59.0,2.0,1.0,1.0,130.0,,76.0,1.0,,79.0,14.0,,1.0,,,,,,,,,,,,,,,,,,,,,
2012-13,442302,31,2013-04-01 20:00:00,54,Fulham,Home,137.0,11.0,2.0,3.0,1.0,2.0,1.0,196.0,3.0,,2.0,5.0,13.0,22.0,330.0,,1.0,16.0,9.0,20.0,4.0,2.0,,,,1.0,,,1.0,,,,,5.0,1.0,,,,1.0,8.0,13.0,,,60.0,2.0,2.0,15.0,,3.0,9.0,2.0,,11.0,3.0,52.0,51.0,2.0,21.0,13.0,1.0,,52.0,12.0,7.0,2.0,,4.0,2.0,1.0,,,,,,10.0,1.0,2.0,,25.0,,12.0,9.0,2.0,2.0,77.0,41.0,6.0,,3.0,3.0,3.0,,7.0,,56.0,79.0,12.0,,1.0,1.0,1.0,152.0,132.0,2.0,22.0,27.0,48.3,,,,0.0,1.0,4.0,,1.0,,4.0,1.0,2.0,79.0,,6.0,151.0,16.0,41.0,12.0,3.0,16.0,13.0,1.0,111.0,8.0,269.0,2.0,,22.0,13.0,40.0,6.0,404.0,1.0,1.0,9.0,17.0,3.0,21.0,2.0,605.0,,7.0,3.0,13.0,0.0,,81.0,,,1.0,125.0,,101.0,6.0,1.0,97.0,5.0,,2.0,,,,,,,,,,,,,,,,,,,,,
2012-13,442312,32,2013-04-07 15:00:00,54,Fulham,Away,195.0,12.0,2.0,4.0,2.0,1.0,1.0,162.0,6.0,,2.0,9.0,15.0,29.0,353.0,,,13.0,15.0,19.0,2.0,2.0,,1.0,,,,,,,,,,4.0,,,,,1.0,17.0,11.0,,,45.0,8.0,2.0,12.0,1.0,3.0,4.0,4.0,,16.0,3.0,58.0,55.0,8.0,22.0,15.0,,,46.0,11.0,13.0,,,3.0,1.0,,,,,,,14.0,,2.0,,21.0,,11.0,8.0,1.0,2.0,81.0,43.0,10.0,,1.0,3.0,2.0,,7.0,,29.0,84.0,12.0,,,,,149.0,125.0,,22.0,11.0,50.4,,,,0.0,4.0,,,1.0,1.0,4.0,,2.0,64.0,,4.0,214.0,21.0,46.0,7.0,3.0,12.0,9.0,1.0,97.0,6.0,230.0,4.0,,27.0,16.0,53.0,,432.0,,0.0,8.0,20.0,1.0,16.0,2.0,634.0,,3.0,3.0,14.0,0.0,,83.0,3.0,3.0,,146.0,,98.0,2.0,,105.0,5.0,,,,,,,,,,,,,,,,,,,,,,,
2012-13,442320,33,2013-04-13 15:00:00,54,Fulham,Away,199.0,21.0,,2.0,2.0,5.0,,197.0,4.0,,6.0,4.0,18.0,25.0,394.0,1.0,2.0,17.0,12.0,17.0,8.0,,,,,,,,,,,,,10.0,,,,1.0,,8.0,10.0,,,55.0,2.0,3.0,9.0,,5.0,5.0,7.0,,12.0,,55.0,43.0,2.0,26.0,16.0,1.0,,50.0,15.0,5.0,,,,,,,,,,,10.0,,3.0,,20.0,1.0,20.0,10.0,4.0,6.0,85.0,49.0,8.0,,6.0,2.0,,,5.0,,40.0,84.0,19.0,,,,,145.0,131.0,1.0,28.0,20.0,51.3,1.0,,2.0,0.0,2.0,1.0,,1.0,,7.0,,3.0,75.0,,8.0,223.0,30.0,40.0,13.0,3.0,15.0,12.0,,111.0,7.0,267.0,3.0,,19.0,18.0,44.0,2.0,475.0,1.0,0.0,10.0,15.0,2.0,18.0,2.0,665.0,,6.0,5.0,12.0,0.0,,87.0,2.0,2.0,,140.0,,135.0,1.0,,113.0,8.0,1.0,,,,,,,,,,,,,,,,,,,,,,
2012-13,442329,34,2013-04-20 15:00:00,54,Fulham,Home,130.0,13.0,,3.0,3.0,,,99.0,7.0,,7.0,3.0,12.0,24.0,226.0,,1.0,12.0,12.0,7.0,1.0,,1.0,2.0,,1.0,,1.0,3.0,,,,,3.0,,,,,,7.0,4.0,2.0,5.0,59.0,3.0,2.0,12.0,,7.0,9.0,6.0,,8.0,1.0,50.0,42.0,3.0,8.0,6.0,,,40.0,12.0,8.0,,,3.0,,3.0,,,,,,9.0,,,,11.0,,35.0,20.0,3.0,7.0,57.0,27.0,3.0,,,1.0,3.0,276.0,4.0,,24.0,53.0,23.0,,,,,123.0,123.0,2.0,29.0,18.0,28.8,,,,0.0,,2.0,2.0,,2.0,2.0,,2.0,43.0,210.0,1.0,145.0,20.0,19.0,16.0,6.0,21.0,15.0,3.0,73.0,3.0,170.0,1.0,,20.0,12.0,44.0,8.0,294.0,1.0,1.0,7.0,17.0,1.0,13.0,0.0,485.0,10.0,10.0,7.0,16.0,0.0,,52.0,,,,114.0,,57.0,2.0,,71.0,12.0,,,,,,,,,,,,,,,,,,,,,,,
2012-13,442342,35,2013-04-27 15:00:00,54,Fulham,Away,167.0,8.0,1.0,3.0,2.0,1.0,,127.0,10.0,,3.0,9.0,14.0,20.0,291.0,,,22.0,8.0,4.0,3.0,,,,,,,,1.0,,,,,5.0,,,,,,14.0,7.0,,,42.0,4.0,3.0,7.0,,2.0,6.0,3.0,,15.0,1.0,54.0,35.0,4.0,21.0,5.0,,,41.0,17.0,12.0,,,2.0,2.0,1.0,,,,,,15.0,,,1.0,7.0,,22.0,13.0,3.0,3.0,67.0,34.0,7.0,,2.0,1.0,,,6.0,,37.0,40.0,14.0,,,,,138.0,125.0,,19.0,18.0,46.1,,,3.0,0.0,3.0,,,1.0,,3.0,,3.0,54.0,,3.0,183.0,23.0,34.0,13.0,2.0,13.0,11.0,,89.0,4.0,194.0,,,22.0,15.0,37.0,4.0,364.0,,0.0,6.0,14.0,1.0,23.0,3.0,562.0,,5.0,2.0,13.0,0.0,,55.0,,,,131.0,,89.0,,,89.0,9.0,,,,,,,,,,,,,,,,,,,,,,,
2012-13,442349,36,2013-05-04 15:00:00,54,Fulham,Home,159.0,20.0,1.0,11.0,10.0,5.0,,182.0,4.0,,3.0,11.0,8.0,40.0,330.0,,,21.0,8.0,17.0,13.0,2.0,,,,1.0,,,1.0,,,,,18.0,,1.0,,1.0,2.0,12.0,9.0,,,48.0,2.0,5.0,6.0,,3.0,24.0,6.0,,5.0,,42.0,44.0,2.0,13.0,7.0,,,69.0,16.0,6.0,2.0,,2.0,1.0,1.0,2.0,,2.0,2.0,,11.0,2.0,1.0,1.0,9.0,2.0,14.0,9.0,2.0,3.0,85.0,45.0,3.0,,4.0,13.0,10.0,,5.0,,44.0,52.0,26.0,1.0,1.0,1.0,,148.0,136.0,,24.0,15.0,49.0,2.0,,,0.0,2.0,4.0,,,,7.0,,3.0,91.0,,17.0,173.0,37.0,25.0,11.0,3.0,34.0,31.0,,133.0,11.0,270.0,1.0,,24.0,9.0,59.0,2.0,409.0,,0.0,22.0,18.0,1.0,21.0,2.0,620.0,,3.0,3.0,11.0,0.0,,54.0,4.0,3.0,1.0,153.0,,93.0,,,109.0,12.0,1.0,,,,,,,,,,,,,,,,,,,,,,
2012-13,442362,37,2013-05-12 15:00:00,54,Fulham,Home,220.0,17.0,2.0,4.0,2.0,,,235.0,6.0,1.0,3.0,3.0,18.0,40.0,451.0,,,22.0,4.0,5.0,5.0,1.0,,1.0,,,,1.0,1.0,,,,,7.0,,,,,,15.0,5.0,,,49.0,1.0,3.0,14.0,,7.0,9.0,4.0,,14.0,3.0,42.0,41.0,1.0,13.0,7.0,,1.0,51.0,1.0,11.0,1.0,,3.0,1.0,1.0,1.0,,1.0,1.0,,8.0,1.0,,,13.0,,16.0,12.0,,3.0,62.0,40.0,8.0,,1.0,6.0,5.0,,6.0,,50.0,105.0,15.0,,,,,129.0,116.0,3.0,22.0,20.0,48.4,,,,0.0,3.0,1.0,,,1.0,2.0,,3.0,82.0,,7.0,232.0,35.0,26.0,20.0,7.0,21.0,14.0,1.0,117.0,1.0,302.0,,2.0,14.0,18.0,60.0,3.0,513.0,,0.0,10.0,14.0,,23.0,0.0,703.0,,11.0,7.0,11.0,0.0,,97.0,1.0,,1.0,129.0,,134.0,2.0,,153.0,6.0,,1.0,,,,,,,,,,,,,,,,,,,,,
2012-13,442374,38,2013-05-19 16:00:00,54,Fulham,Away,193.0,9.0,,2.0,2.0,,,107.0,8.0,,5.0,9.0,13.0,27.0,298.0,,4.0,7.0,5.0,11.0,3.0,1.0,,,,1.0,,,1.0,,,,,7.0,,1.0,,,1.0,16.0,11.0,,,79.0,7.0,1.0,3.0,,,4.0,1.0,,14.0,2.0,39.0,50.0,7.0,20.0,7.0,,1.0,36.0,10.0,12.0,1.0,,2.0,,1.0,2.0,,2.0,2.0,,13.0,3.0,3.0,,21.0,3.0,12.0,9.0,4.0,6.0,73.0,40.0,8.0,2.0,2.0,4.0,5.0,,6.0,,26.0,45.0,7.0,,,,,139.0,115.0,1.0,39.0,24.0,35.6,1.0,,,0.0,8.0,2.0,,2.0,,3.0,,3.0,30.0,,6.0,222.0,24.0,44.0,16.0,,5.0,5.0,1.0,49.0,8.0,150.0,3.0,,25.0,17.0,52.0,1.0,367.0,,0.0,9.0,18.0,5.0,9.0,1.0,573.0,,9.0,,15.0,0.0,,62.0,2.0,1.0,2.0,133.0,,84.0,1.0,,88.0,12.0,2.0,,,,,,,,,,,,,,,,,,,,,,
2013-14,694907,1,2013-08-17 15:00:00,54,Fulham,Away,139.0,11.0,1.0,1.0,,6.0,,116.0,14.0,,3.0,12.0,5.0,31.0,254.0,,,17.0,13.0,18.0,2.0,1.0,,,,,,,1.0,,,,,2.0,,,,,1.0,6.0,15.0,,,37.0,4.0,4.0,7.0,,1.0,2.0,4.0,,18.0,1.0,56.0,52.0,4.0,30.0,22.0,,,45.0,14.0,15.0,,,3.0,1.0,1.0,1.0,1.0,1.0,,1.0,22.0,,1.0,1.0,22.0,,8.0,8.0,,3.0,93.0,44.0,6.0,1.0,,4.0,1.0,305.0,7.0,,54.0,52.0,7.0,,,,,133.0,132.0,1.0,18.0,8.0,42.2,,,1.0,0.0,1.0,2.0,3.0,1.0,,,,3.0,41.0,236.0,4.0,155.0,32.0,31.0,14.0,1.0,8.0,7.0,,66.0,12.0,179.0,1.0,,29.0,5.0,53.0,,326.0,,0.0,5.0,13.0,,21.0,3.0,533.0,,8.0,1.0,9.0,0.0,,56.0,1.0,,1.0,126.0,,77.0,,,67.0,17.0,,,,,,,,5.0,12.0,12.0,7.0,,,,,,,,,,,,
2013-14,694914,2,2013-08-24 12:45:00,54,Fulham,Home,233.0,16.0,,1.0,1.0,1.0,,189.0,3.0,,5.0,4.0,16.0,36.0,421.0,1.0,,18.0,15.0,8.0,11.0,,,,,1.0,,1.0,2.0,,1.0,,,14.0,,,,,,12.0,7.0,4.0,12.0,48.0,4.0,3.0,10.0,1.0,1.0,12.0,2.0,,9.0,1.0,44.0,48.0,4.0,25.0,15.0,,,61.0,10.0,8.0,,,4.0,3.0,2.0,,,,,,5.0,1.0,,,15.0,,9.0,9.0,1.0,5.0,59.0,39.0,8.0,,5.0,6.0,7.0,470.0,7.0,,38.0,95.0,27.0,,,,,106.0,106.0,3.0,22.0,17.0,46.2,,,1.0,0.0,4.0,2.0,5.0,,,6.0,,3.0,86.0,410.0,11.0,244.0,31.0,25.0,15.0,1.0,18.0,17.0,1.0,127.0,5.0,258.0,,,8.0,17.0,57.0,3.0,484.0,1.0,0.0,16.0,18.0,1.0,23.0,2.0,663.0,12.0,14.0,1.0,17.0,0.0,,80.0,,,1.0,141.0,,128.0,2.0,,135.0,6.0,,,,,1.0,,,6.0,4.0,15.0,4.0,,,,,,,,,,,,
2013-14,694926,3,2013-08-31 15:00:00,54,Fulham,Away,201.0,16.0,,3.0,3.0,1.0,,137.0,5.0,1.0,6.0,5.0,12.0,31.0,335.0,,,10.0,26.0,14.0,1.0,,,,,,,1.0,1.0,,,,,2.0,,,,,,13.0,11.0,,,57.0,7.0,,10.0,,2.0,8.0,2.0,,16.0,5.0,62.0,44.0,7.0,38.0,21.0,,,47.0,10.0,13.0,,,2.0,,1.0,,,,,,11.0,,5.0,1.0,21.0,,7.0,7.0,2.0,6.0,75.0,33.0,13.0,,1.0,,2.0,393.0,5.0,,32.0,72.0,16.0,,,,,135.0,135.0,1.0,24.0,15.0,46.2,,,,0.0,6.0,2.0,8.0,,,1.0,,3.0,45.0,322.0,1.0,216.0,39.0,38.0,8.0,1.0,11.0,10.0,,81.0,6.0,212.0,5.0,1.0,19.0,13.0,59.0,3.0,417.0,1.0,0.0,3.0,13.0,2.0,11.0,2.0,615.0,,4.0,2.0,11.0,0.0,,71.0,,,,143.0,,103.0,1.0,,100.0,14.0,,1.0,,,,,,4.0,11.0,11.0,9.0,,,,,,,,,,,,
2013-14,694933,4,2013-09-14 15:00:00,54,Fulham,Home,230.0,17.0,1.0,3.0,2.0,4.0,,234.0,3.0,1.0,4.0,4.0,21.0,38.0,461.0,1.0,1.0,14.0,18.0,14.0,7.0,1.0,,,,,,,,,,,,11.0,,1.0,,,,8.0,4.0,,,50.0,5.0,2.0,4.0,,4.0,14.0,7.0,,11.0,2.0,45.0,45.0,5.0,29.0,18.0,,,49.0,11.0,12.0,,,1.0,,,1.0,,1.0,,1.0,8.0,,,2.0,18.0,1.0,8.0,8.0,,4.0,89.0,60.0,5.0,1.0,5.0,4.0,2.0,502.0,2.0,,55.0,99.0,17.0,,,,,118.0,118.0,,32.0,12.0,56.6,1.0,,,0.0,3.0,,3.0,,,8.0,,3.0,91.0,446.0,9.0,242.0,29.0,29.0,11.0,4.0,25.0,21.0,,131.0,7.0,305.0,,1.0,17.0,22.0,56.0,3.0,522.0,1.0,0.0,12.0,14.0,1.0,16.0,0.0,715.0,,7.0,4.0,14.0,0.0,,74.0,2.0,2.0,,171.0,,142.0,1.0,,135.0,9.0,1.0,1.0,,,,,,5.0,16.0,16.0,11.0,,,,,,,,,,,,
2013-14,694942,5,2013-09-21 17:30:00,54,Fulham,Away,166.0,14.0,,1.0,1.0,2.0,,102.0,8.0,1.0,4.0,5.0,6.0,19.0,267.0,,1.0,18.0,15.0,14.0,3.0,1.0,,,,,,,,,,,,3.0,,,,,1.0,13.0,11.0,,,54.0,8.0,,6.0,,3.0,9.0,,,18.0,2.0,57.0,43.0,8.0,35.0,21.0,1.0,,38.0,9.0,11.0,,,1.0,,,,,,,,12.0,,1.0,,21.0,,21.0,21.0,1.0,4.0,62.0,35.0,13.0,,3.0,1.0,1.0,314.0,8.0,,28.0,37.0,10.0,,,,,124.0,124.0,1.0,34.0,10.0,35.6,,,2.0,0.0,5.0,2.0,7.0,1.0,,3.0,,3.0,42.0,253.0,4.0,184.0,31.0,35.0,12.0,3.0,12.0,9.0,,69.0,12.0,160.0,2.0,1.0,11.0,7.0,34.0,1.0,332.0,,0.0,4.0,16.0,3.0,24.0,0.0,552.0,,3.0,3.0,15.0,0.0,,45.0,1.0,1.0,,120.0,,85.0,2.0,,82.0,8.0,1.0,,,,,,,3.0,12.0,12.0,2.0,,,,,,,,,,,,
2013-14,694953,6,2013-09-28 15:00:00,54,Fulham,Home,157.0,16.0,2.0,6.0,4.0,3.0,,158.0,12.0,,6.0,12.0,8.0,41.0,309.0,,,20.0,23.0,27.0,6.0,1.0,,,,,,,,,,,,8.0,,,,,,13.0,9.0,,,40.0,4.0,1.0,7.0,1.0,11.0,18.0,7.0,,14.0,1.0,58.0,51.0,4.0,32.0,16.0,,1.0,58.0,14.0,13.0,1.0,,,,,1.0,,,1.0,,18.0,1.0,3.0,,16.0,,7.0,7.0,,6.0,84.0,50.0,10.0,,3.0,5.0,5.0,368.0,6.0,,62.0,59.0,15.0,,,,,140.0,140.0,,21.0,9.0,48.6,,,2.0,0.0,3.0,,2.0,,,3.0,,3.0,68.0,291.0,8.0,169.0,33.0,32.0,7.0,10.0,35.0,25.0,,108.0,11.0,254.0,3.0,,27.0,10.0,65.0,1.0,388.0,1.0,0.0,9.0,10.0,,20.0,1.0,603.0,,5.0,11.0,7.0,0.0,,65.0,1.0,1.0,,142.0,,100.0,,,81.0,9.0,,,,,,,,,19.0,19.0,10.0,,,,,,,,,,,,
2013-14,694962,7,2013-10-05 15:00:00,54,Fulham,Home,147.0,11.0,2.0,5.0,3.0,4.0,,167.0,4.0,,3.0,4.0,15.0,27.0,309.0,,,20.0,28.0,17.0,4.0,,,1.0,,,,,1.0,,,,,7.0,,,,,1.0,7.0,9.0,,,48.0,4.0,4.0,8.0,2.0,7.0,8.0,2.0,,13.0,1.0,62.0,60.0,4.0,35.0,21.0,,,61.0,11.0,13.0,1.0,,5.0,3.0,1.0,,,,,,11.0,1.0,1.0,1.0,21.0,,16.0,16.0,1.0,3.0,84.0,38.0,5.0,,2.0,2.0,2.0,374.0,6.0,,60.0,60.0,16.0,,,,,144.0,144.0,2.0,23.0,17.0,44.2,,,,0.0,2.0,1.0,1.0,,1.0,3.0,,3.0,80.0,294.0,4.0,159.0,23.0,35.0,16.0,5.0,18.0,13.0,1.0,126.0,9.0,253.0,1.0,,31.0,17.0,58.0,6.0,394.0,,0.0,9.0,18.0,,23.0,3.0,624.0,,13.0,7.0,16.0,0.0,,74.0,,,1.0,141.0,,101.0,1.0,,78.0,13.0,,1.0,,,,,,1.0,12.0,12.0,8.0,,,,,,,,,,,,
2013-14,694973,8,2013-10-21 20:00:00,54,Fulham,Away,206.0,8.0,4.0,4.0,,4.0,,176.0,4.0,,5.0,10.0,14.0,41.0,378.0,,,15.0,27.0,15.0,3.0,1.0,,1.0,,,,,1.0,,,,,4.0,,,,,1.0,6.0,8.0,,,37.0,4.0,2.0,7.0,,7.0,2.0,4.0,1.0,20.0,3.0,68.0,55.0,4.0,31.0,21.0,,,65.0,13.0,10.0,1.0,,1.0,,1.0,3.0,2.0,2.0,1.0,2.0,14.0,1.0,1.0,,21.0,,11.0,11.0,,5.0,92.0,47.0,5.0,2.0,1.0,6.0,6.0,438.0,3.0,,68.0,55.0,11.0,,,,,140.0,140.0,,17.0,9.0,54.1,,,,0.0,,3.0,3.0,1.0,1.0,1.0,,3.0,73.0,367.0,7.0,222.0,23.0,31.0,5.0,6.0,12.0,6.0,1.0,111.0,11.0,243.0,1.0,,35.0,15.0,67.0,1.0,453.0,,0.0,9.0,27.0,,24.0,1.0,664.0,,3.0,7.0,17.0,0.0,,85.0,1.0,,1.0,146.0,,120.0,3.0,,102.0,12.0,,,,,,,,3.0,16.0,16.0,5.0,,,,,,,,,,,,
2013-14,694987,9,2013-10-26 17:30:00,54,Fulham,Away,142.0,10.0,,2.0,2.0,2.0,,96.0,5.0,,2.0,5.0,9.0,20.0,236.0,,,19.0,20.0,18.0,,,,,,,,,,,,,,,,,,,,13.0,7.0,,,42.0,4.0,,15.0,1.0,3.0,5.0,1.0,,12.0,2.0,70.0,56.0,4.0,30.0,19.0,,2.0,47.0,8.0,11.0,,,1.0,2.0,,,,,,,17.0,,,,19.0,,16.0,16.0,1.0,2.0,77.0,37.0,10.0,,,,,294.0,6.0,,42.0,36.0,11.0,,,,,149.0,149.0,1.0,18.0,19.0,33.8,,,,0.0,4.0,,3.0,1.0,,1.0,,3.0,26.0,222.0,,163.0,20.0,30.0,27.0,3.0,11.0,8.0,,56.0,12.0,160.0,,,28.0,10.0,41.0,3.0,312.0,,0.0,1.0,16.0,,24.0,2.0,532.0,,11.0,3.0,12.0,0.0,,62.0,,,,124.0,,67.0,1.0,,59.0,15.0,,,,,,,,1.0,20.0,20.0,13.0,,,,,,,,,,,,
2013-14,694993,10,2013-11-02 15:00:00,54,Fulham,Home,179.0,12.0,1.0,5.0,4.0,5.0,,200.0,7.0,,3.0,5.0,11.0,35.0,374.0,,1.0,20.0,10.0,12.0,13.0,1.0,,1.0,,,,,,,,,,13.0,,1.0,,,,6.0,4.0,,,61.0,3.0,3.0,15.0,,4.0,13.0,5.0,,22.0,,55.0,56.0,3.0,24.0,13.0,1.0,,53.0,6.0,12.0,,,1.0,1.0,,1.0,,,1.0,,8.0,1.0,1.0,1.0,13.0,1.0,15.0,15.0,4.0,3.0,62.0,41.0,4.0,1.0,6.0,9.0,6.0,435.0,1.0,,60.0,68.0,27.0,,,,,139.0,139.0,3.0,29.0,26.0,47.0,1.0,,1.0,0.0,1.0,,1.0,,1.0,6.0,,3.0,99.0,360.0,15.0,201.0,19.0,24.0,11.0,4.0,23.0,19.0,1.0,134.0,8.0,273.0,1.0,,22.0,12.0,54.0,2.0,451.0,,0.0,15.0,25.0,1.0,23.0,2.0,675.0,,8.0,4.0,24.0,0.0,,69.0,2.0,2.0,,157.0,,108.0,3.0,,117.0,10.0,,,,,,,,,15.0,15.0,11.0,,,,,,,,,,,,
2013-14,695004,11,2013-11-09 15:00:00,54,Fulham,Away,142.0,14.0,,3.0,3.0,3.0,,134.0,8.0,1.0,4.0,7.0,28.0,22.0,273.0,,,22.0,10.0,6.0,4.0,,,,,,,,,1.0,,,,4.0,,,,,,17.0,16.0,,,47.0,4.0,1.0,14.0,,3.0,5.0,4.0,,22.0,4.0,55.0,46.0,4.0,27.0,9.0,1.0,,48.0,9.0,13.0,,,1.0,1.0,,,,,,,16.0,,2.0,2.0,9.0,,24.0,24.0,6.0,4.0,71.0,41.0,9.0,,2.0,2.0,1.0,309.0,9.0,1.0,41.0,56.0,10.0,,,,,125.0,125.0,,23.0,14.0,32.7,,,,0.0,5.0,2.0,7.0,1.0,,2.0,,3.0,58.0,250.0,4.0,159.0,23.0,27.0,10.0,3.0,13.0,10.0,,85.0,9.0,188.0,2.0,1.0,17.0,30.0,38.0,2.0,334.0,,0.0,4.0,20.0,1.0,26.0,1.0,567.0,,7.0,3.0,15.0,0.0,,52.0,,,,123.0,,78.0,1.0,,81.0,14.0,,,,,,,,1.0,14.0,14.0,10.0,,,,,,,,,,,,
2013-14,695013,12,2013-11-23 15:00:00,54,Fulham,Home,160.0,10.0,2.0,6.0,4.0,7.0,,133.0,2.0,1.0,5.0,11.0,13.0,32.0,287.0,,1.0,15.0,21.0,29.0,5.0,1.0,,,,,,,,1.0,1.0,,,6.0,,,,1.0,,12.0,10.0,,,60.0,3.0,2.0,7.0,,8.0,8.0,8.0,,11.0,2.0,58.0,59.0,3.0,39.0,20.0,,1.0,52.0,11.0,7.0,,,1.0,2.0,,1.0,1.0,,,1.0,7.0,,2.0,,20.0,1.0,16.0,16.0,1.0,5.0,66.0,39.0,8.0,1.0,2.0,5.0,3.0,350.0,9.0,1.0,20.0,78.0,20.0,,,,,130.0,130.0,2.0,24.0,26.0,36.7,1.0,,2.0,0.0,2.0,2.0,4.0,,,4.0,,3.0,61.0,274.0,7.0,178.0,25.0,39.0,17.0,5.0,23.0,18.0,,111.0,14.0,210.0,2.0,2.0,23.0,17.0,51.0,2.0,365.0,,0.0,9.0,15.0,1.0,18.0,3.0,575.0,,9.0,8.0,10.0,0.0,,70.0,2.0,3.0,,127.0,,87.0,,,81.0,6.0,,,,,,,,5.0,13.0,13.0,9.0,,,,,,,,,,,,
2013-14,695030,13,2013-11-30 15:00:00,54,Fulham,Away,130.0,6.0,,3.0,3.0,2.0,,188.0,3.0,,9.0,8.0,22.0,15.0,315.0,,1.0,19.0,38.0,30.0,7.0,,,,,2.0,,,2.0,,,,,8.0,,,,,,14.0,9.0,,,61.0,7.0,5.0,14.0,1.0,3.0,8.0,3.0,,17.0,2.0,83.0,62.0,7.0,43.0,30.0,1.0,,52.0,8.0,11.0,,,2.0,,2.0,,,,,,10.0,,3.0,,30.0,,6.0,6.0,2.0,9.0,81.0,40.0,6.0,,3.0,4.0,,391.0,3.0,,40.0,71.0,17.0,,,,,154.0,154.0,,29.0,19.0,51.7,,,1.0,0.0,5.0,4.0,8.0,2.0,,5.0,,3.0,67.0,305.0,7.0,156.0,26.0,43.0,18.0,3.0,14.0,11.0,,112.0,11.0,269.0,3.0,,33.0,23.0,45.0,1.0,411.0,1.0,0.0,10.0,11.0,1.0,24.0,2.0,627.0,,12.0,3.0,9.0,0.0,,58.0,,1.0,,176.0,,91.0,3.0,,86.0,8.0,,,,,,,,2.0,14.0,14.0,4.0,,,,,,,,,,,,
2013-14,695040,14,2013-12-04 20:00:00,54,Fulham,Home,108.0,16.0,1.0,5.0,4.0,6.0,1.0,142.0,4.0,,5.0,7.0,14.0,28.0,245.0,,,21.0,10.0,17.0,7.0,3.0,,,,,,,,,,,,8.0,,,,1.0,4.0,11.0,7.0,,,58.0,3.0,3.0,8.0,,9.0,15.0,6.0,,9.0,3.0,39.0,66.0,3.0,36.0,21.0,,1.0,52.0,7.0,14.0,,,2.0,3.0,,1.0,,1.0,1.0,,8.0,1.0,,1.0,21.0,1.0,21.0,21.0,1.0,5.0,70.0,38.0,7.0,1.0,4.0,7.0,6.0,305.0,6.0,,46.0,68.0,25.0,,,,,145.0,145.0,5.0,24.0,23.0,39.4,1.0,,,0.0,2.0,1.0,3.0,,,7.0,1.0,3.0,74.0,233.0,11.0,125.0,33.0,36.0,19.0,9.0,33.0,24.0,1.0,114.0,14.0,229.0,,,21.0,14.0,52.0,4.0,321.0,1.0,0.0,16.0,23.0,2.0,25.0,2.0,578.0,,13.0,9.0,15.0,0.0,,53.0,1.0,,1.0,130.0,,70.0,2.0,,68.0,12.0,,,,,,,,1.0,21.0,21.0,11.0,,,,,,,,,,,,
2013-14,695043,15,2013-12-08 13:30:00,54,Fulham,Home,112.0,26.0,1.0,7.0,6.0,4.0,1.0,232.0,4.0,,3.0,4.0,7.0,41.0,337.0,1.0,1.0,22.0,25.0,21.0,14.0,3.0,,,,,,,,,,,,17.0,1.0,,1.0,,1.0,4.0,6.0,,,53.0,2.0,4.0,11.0,,4.0,12.0,5.0,,19.0,2.0,67.0,63.0,2.0,43.0,25.0,,,68.0,12.0,12.0,1.0,,3.0,1.0,,1.0,,1.0,1.0,,9.0,1.0,4.0,1.0,25.0,2.0,5.0,5.0,,3.0,87.0,40.0,7.0,1.0,8.0,10.0,10.0,409.0,4.0,,69.0,103.0,19.0,,,,1.0,151.0,151.0,3.0,18.0,22.0,52.9,1.0,,,0.0,,2.0,2.0,1.0,,8.0,1.0,2.0,130.0,325.0,18.0,127.0,48.0,43.0,15.0,3.0,21.0,18.0,1.0,178.0,11.0,322.0,4.0,,25.0,7.0,71.0,2.0,428.0,1.0,0.0,22.0,20.0,2.0,25.0,0.0,661.0,,12.0,4.0,18.0,0.0,,72.0,,,1.0,170.0,,101.0,2.0,,85.0,12.0,,,,,,,,2.0,10.0,10.0,2.0,,,,,,,,,,,,
2013-14,695054,16,2013-12-14 15:00:00,54,Fulham,Away,156.0,23.0,1.0,3.0,2.0,2.0,1.0,171.0,8.0,1.0,5.0,5.0,22.0,40.0,324.0,1.0,1.0,15.0,8.0,9.0,8.0,,,,,,,,,,,,,13.0,1.0,,,,1.0,13.0,9.0,,,54.0,6.0,3.0,6.0,,2.0,5.0,2.0,,11.0,2.0,37.0,45.0,6.0,25.0,16.0,1.0,,64.0,7.0,10.0,1.0,,2.0,1.0,,,,,,,14.0,,,,16.0,,13.0,13.0,2.0,5.0,73.0,44.0,12.0,,6.0,2.0,3.0,378.0,7.0,,52.0,74.0,11.0,,,,1.0,118.0,118.0,3.0,18.0,25.0,42.5,,,,0.0,2.0,1.0,3.0,2.0,,10.0,,3.0,71.0,313.0,8.0,169.0,36.0,25.0,11.0,2.0,10.0,8.0,,106.0,11.0,234.0,,1.0,16.0,22.0,61.0,3.0,393.0,1.0,0.0,16.0,21.0,1.0,20.0,2.0,594.0,,6.0,2.0,18.0,0.0,,70.0,1.0,2.0,1.0,134.0,,92.0,2.0,,97.0,10.0,,1.0,,,,,,3.0,13.0,13.0,6.0,,,,,,,,,,,,
2013-14,695063,17,2013-12-21 15:00:00,54,Fulham,Home,208.0,18.0,,4.0,4.0,1.0,,179.0,2.0,,5.0,4.0,11.0,41.0,383.0,,,20.0,14.0,12.0,8.0,,,2.0,,,,,1.0,,,,,10.0,,,,,,14.0,3.0,,,48.0,3.0,4.0,5.0,,4.0,12.0,5.0,,9.0,3.0,38.0,56.0,3.0,29.0,13.0,1.0,1.0,47.0,7.0,15.0,,,2.0,1.0,1.0,1.0,,1.0,1.0,,4.0,1.0,,1.0,13.0,,13.0,13.0,2.0,5.0,72.0,43.0,4.0,1.0,3.0,6.0,5.0,439.0,4.0,,49.0,79.0,11.0,,,,,127.0,127.0,1.0,23.0,17.0,46.1,,,,0.0,5.0,1.0,6.0,,2.0,3.0,,3.0,82.0,366.0,9.0,222.0,35.0,29.0,16.0,3.0,21.0,18.0,3.0,118.0,2.0,259.0,,,14.0,14.0,64.0,4.0,460.0,,0.0,12.0,18.0,,23.0,1.0,670.0,,11.0,4.0,17.0,0.0,,69.0,2.0,1.0,1.0,137.0,1.0,126.0,,,128.0,10.0,,,,,,,,3.0,14.0,14.0,10.0,,,,,,,,,,,,
2013-14,695078,18,2013-12-26 15:00:00,54,Fulham,Away,141.0,9.0,1.0,2.0,1.0,4.0,,176.0,1.0,,2.0,13.0,17.0,37.0,315.0,,,16.0,23.0,30.0,7.0,,,,1.0,2.0,,,3.0,,,,,9.0,,,,,,6.0,7.0,,,61.0,3.0,1.0,9.0,1.0,4.0,7.0,5.0,,7.0,,52.0,64.0,3.0,42.0,29.0,,1.0,56.0,10.0,12.0,,,4.0,1.0,3.0,,,,,,9.0,1.0,4.0,1.0,29.0,,18.0,18.0,1.0,2.0,83.0,38.0,5.0,2.0,2.0,5.0,7.0,376.0,5.0,,46.0,81.0,14.0,,,,,135.0,135.0,1.0,17.0,30.0,49.8,,,1.0,0.0,3.0,,2.0,2.0,,7.0,,3.0,88.0,300.0,7.0,157.0,21.0,42.0,15.0,4.0,17.0,13.0,,126.0,9.0,260.0,4.0,1.0,34.0,18.0,68.0,2.0,400.0,1.0,0.0,15.0,13.0,,18.0,0.0,615.0,,9.0,4.0,10.0,0.0,,69.0,2.0,3.0,,152.0,,89.0,,,90.0,10.0,,,,,,,,4.0,17.0,17.0,9.0,,,,,,,,,,,,
2013-14,695085,19,2013-12-28 15:00:00,54,Fulham,Away,235.0,18.0,,,,5.0,,126.0,1.0,,5.0,10.0,30.0,48.0,361.0,,1.0,19.0,26.0,18.0,3.0,,,,,,,,1.0,,,,,4.0,,,,,,10.0,11.0,,,53.0,6.0,1.0,8.0,,1.0,2.0,1.0,,17.0,5.0,60.0,53.0,6.0,43.0,19.0,,,62.0,9.0,11.0,,,1.0,,1.0,,,,,,4.0,,2.0,2.0,19.0,,16.0,16.0,1.0,5.0,109.0,52.0,6.0,,1.0,2.0,2.0,443.0,3.0,,37.0,53.0,14.0,,,,,154.0,154.0,,19.0,21.0,47.3,,,1.0,0.0,3.0,4.0,7.0,,,2.0,,3.0,41.0,346.0,3.0,252.0,41.0,43.0,9.0,1.0,4.0,3.0,,95.0,13.0,217.0,2.0,,38.0,32.0,96.0,,465.0,,0.0,5.0,17.0,2.0,25.0,0.0,675.0,,7.0,1.0,11.0,0.0,,87.0,,,,174.0,,102.0,1.0,,102.0,17.0,,,,,,,,,18.0,18.0,12.0,,,,,,,,,,,,
2013-14,695093,20,2014-01-01 15:00:00,54,Fulham,Home,189.0,12.0,3.0,7.0,4.0,8.0,,311.0,8.0,1.0,2.0,7.0,27.0,42.0,493.0,1.0,,26.0,6.0,13.0,18.0,4.0,,,,,,,2.0,,,,1.0,18.0,,,,,1.0,6.0,5.0,,,45.0,1.0,10.0,2.0,,12.0,17.0,10.0,,5.0,1.0,20.0,41.0,1.0,37.0,26.0,,1.0,63.0,6.0,5.0,1.0,1.0,3.0,1.0,2.0,2.0,1.0,1.0,1.0,1.0,11.0,1.0,1.0,,26.0,2.0,17.0,17.0,3.0,2.0,85.0,56.0,4.0,1.0,6.0,18.0,11.0,545.0,3.0,,77.0,97.0,23.0,,,,,123.0,123.0,3.0,18.0,19.0,67.7,,,1.0,0.0,2.0,,2.0,,,9.0,1.0,3.0,150.0,475.0,24.0,209.0,18.0,37.0,9.0,4.0,32.0,28.0,,179.0,13.0,387.0,1.0,1.0,24.0,28.0,61.0,4.0,564.0,1.0,0.0,30.0,15.0,1.0,29.0,2.0,783.0,,8.0,12.0,9.0,0.0,,83.0,4.0,3.0,2.0,173.0,,151.0,3.0,,157.0,7.0,2.0,,,,,,,1.0,9.0,9.0,1.0,,,,,,,,,,,,
2013-14,695104,21,2014-01-11 15:00:00,54,Fulham,Home,143.0,14.0,4.0,8.0,4.0,1.0,,261.0,3.0,1.0,7.0,6.0,12.0,32.0,396.0,,,17.0,13.0,13.0,13.0,2.0,,1.0,,,,,,,,,,12.0,,,,,,6.0,4.0,,,61.0,2.0,2.0,6.0,,10.0,15.0,6.0,,13.0,3.0,51.0,50.0,2.0,24.0,15.0,,1.0,62.0,15.0,12.0,,,2.0,1.0,,1.0,1.0,1.0,,1.0,7.0,,1.0,,15.0,,10.0,10.0,3.0,7.0,74.0,45.0,6.0,1.0,9.0,7.0,5.0,445.0,1.0,,54.0,94.0,26.0,1.0,1.0,1.0,,121.0,121.0,2.0,25.0,26.0,58.9,,,,0.0,1.0,1.0,2.0,,1.0,10.0,,3.0,141.0,380.0,16.0,148.0,31.0,24.0,13.0,9.0,31.0,22.0,1.0,192.0,6.0,346.0,2.0,1.0,14.0,12.0,53.0,3.0,463.0,,0.0,17.0,17.0,1.0,19.0,3.0,664.0,,8.0,10.0,13.0,0.0,,61.0,4.0,3.0,1.0,159.0,,114.0,1.0,,129.0,3.0,,,,,,,,7.0,8.0,8.0,5.0,,,,,,,,,,,,
2013-14,695111,22,2014-01-18 15:00:00,54,Fulham,Away,253.0,13.0,3.0,3.0,,1.0,,162.0,4.0,,,7.0,10.0,35.0,412.0,,,15.0,14.0,9.0,3.0,,2.0,,,,,1.0,1.0,,,,1.0,5.0,,,,,,12.0,10.0,3.0,5.0,48.0,1.0,4.0,13.0,2.0,4.0,9.0,5.0,,9.0,3.0,51.0,34.0,1.0,28.0,14.0,,,43.0,7.0,5.0,,,1.0,,1.0,,,,,,10.0,,,,14.0,,21.0,21.0,5.0,,71.0,48.0,4.0,,,3.0,2.0,467.0,9.0,,39.0,88.0,21.0,,,,,120.0,120.0,1.0,29.0,16.0,41.3,,,,0.0,4.0,2.0,4.0,1.0,,2.0,1.0,2.0,47.0,401.0,3.0,275.0,25.0,28.0,13.0,3.0,17.0,14.0,2.0,79.0,6.0,230.0,,,12.0,11.0,55.0,1.0,488.0,1.0,0.0,8.0,16.0,2.0,19.0,0.0,662.0,14.0,4.0,4.0,10.0,0.0,,69.0,,1.0,,165.0,,116.0,,,138.0,7.0,,,,,,,,3.0,9.0,19.0,9.0,,,,,,,,,,,,
2013-14,695128,23,2014-01-28 19:45:00,54,Fulham,Away,213.0,17.0,4.0,9.0,5.0,3.0,3.0,100.0,6.0,,4.0,3.0,19.0,30.0,304.0,,2.0,10.0,11.0,26.0,7.0,6.0,,1.0,,,,,,1.0,,,,7.0,,,,,2.0,7.0,8.0,,,60.0,3.0,3.0,5.0,,8.0,5.0,1.0,,9.0,3.0,43.0,58.0,3.0,42.0,24.0,,,41.0,10.0,12.0,,,4.0,4.0,,,,,,,8.0,,2.0,,24.0,,15.0,15.0,,4.0,67.0,29.0,5.0,,6.0,7.0,4.0,368.0,1.0,1.0,27.0,37.0,16.0,,,,,130.0,130.0,3.0,30.0,17.0,38.1,,,,0.0,2.0,3.0,5.0,1.0,1.0,8.0,1.0,3.0,35.0,295.0,13.0,232.0,37.0,42.0,18.0,7.0,17.0,10.0,1.0,71.0,12.0,170.0,2.0,,22.0,20.0,54.0,2.0,385.0,1.0,0.0,15.0,12.0,2.0,18.0,1.0,592.0,,9.0,8.0,8.0,0.0,,70.0,2.0,2.0,,129.0,,84.0,,,102.0,11.0,,,,,,,,,16.0,16.0,7.0,,,,,,,,,,,,
2013-14,695134,24,2014-02-01 15:00:00,54,Fulham,Home,134.0,17.0,2.0,2.0,,1.0,,104.0,4.0,,7.0,6.0,6.0,23.0,236.0,,,25.0,17.0,17.0,3.0,2.0,,,,,,,,,,,,6.0,,,,,,11.0,6.0,,,62.0,3.0,,6.0,,4.0,4.0,1.0,,7.0,2.0,50.0,52.0,3.0,44.0,18.0,,1.0,61.0,10.0,8.0,,,1.0,1.0,,,,,,,10.0,,1.0,2.0,18.0,,18.0,18.0,,7.0,87.0,37.0,5.0,,1.0,4.0,4.0,337.0,4.0,,37.0,62.0,22.0,,,,,184.0,184.0,4.0,26.0,24.0,39.1,,,,0.0,1.0,1.0,2.0,,,4.0,,3.0,42.0,227.0,5.0,154.0,43.0,44.0,19.0,4.0,10.0,6.0,,102.0,13.0,207.0,1.0,1.0,29.0,7.0,53.0,5.0,351.0,,0.0,8.0,21.0,,34.0,0.0,584.0,,6.0,4.0,19.0,0.0,,48.0,,,,159.0,,71.0,3.0,,73.0,18.0,,,,,,,,3.0,12.0,12.0,4.0,,,,,,,,,,,,
2013-14,695145,25,2014-02-09 16:00:00,54,Fulham,Away,83.0,6.0,,1.0,1.0,1.0,,54.0,4.0,,4.0,3.0,3.0,12.0,136.0,,1.0,9.0,16.0,15.0,4.0,,,1.0,,,,,,,,,,6.0,,,,,,20.0,11.0,,,49.0,5.0,1.0,7.0,,1.0,1.0,2.0,,8.0,1.0,37.0,39.0,5.0,89.0,44.0,,1.0,37.0,6.0,3.0,1.0,,,,,1.0,,1.0,1.0,,17.0,2.0,6.0,1.0,44.0,,9.0,9.0,2.0,4.0,79.0,21.0,10.0,1.0,2.0,3.0,3.0,198.0,7.0,,30.0,19.0,8.0,,,,,117.0,117.0,,29.0,6.0,24.6,,,2.0,0.0,6.0,1.0,7.0,,1.0,2.0,,3.0,17.0,130.0,5.0,103.0,20.0,89.0,6.0,1.0,4.0,3.0,1.0,44.0,8.0,117.0,6.0,,27.0,5.0,44.0,,216.0,,0.0,6.0,17.0,1.0,15.0,0.0,435.0,,4.0,1.0,14.0,0.0,,28.0,2.0,1.0,2.0,107.0,,38.0,1.0,,43.0,4.0,,,,,,,,3.0,10.0,10.0,7.0,,,,,,,,,,,,
2013-14,695158,26,2014-02-12 20:00:00,54,Fulham,Home,84.0,13.0,1.0,2.0,1.0,3.0,,92.0,7.0,1.0,4.0,10.0,3.0,29.0,174.0,,1.0,14.0,22.0,11.0,6.0,,,,,,,,,,1.0,,,8.0,,,,,,13.0,8.0,,,59.0,2.0,3.0,11.0,,7.0,6.0,3.0,,13.0,1.0,59.0,40.0,2.0,31.0,16.0,,1.0,66.0,7.0,9.0,,,1.0,1.0,,,,,,,14.0,,1.0,,16.0,,10.0,10.0,1.0,4.0,89.0,38.0,5.0,1.0,3.0,3.0,3.0,258.0,3.0,,33.0,43.0,23.0,1.0,1.0,1.0,,159.0,159.0,4.0,29.0,15.0,31.1,,,,0.0,2.0,2.0,4.0,,,4.0,,2.0,57.0,164.0,6.0,97.0,36.0,31.0,12.0,7.0,17.0,10.0,,121.0,7.0,196.0,1.0,1.0,36.0,3.0,64.0,,276.0,,0.0,10.0,15.0,1.0,19.0,4.0,471.0,,5.0,7.0,11.0,0.0,,44.0,,,1.0,142.0,,40.0,4.0,,50.0,6.0,,,,,,,,3.0,18.0,18.0,11.0,,,,,,,,,,,,
2013-14,695168,27,2014-02-22 15:00:00,54,Fulham,Away,86.0,16.0,,4.0,4.0,,,104.0,6.0,1.0,2.0,5.0,5.0,19.0,186.0,,,11.0,33.0,21.0,6.0,,,,,,,,,,,,,6.0,,,,,,9.0,7.0,,,69.0,5.0,,6.0,,2.0,6.0,3.0,,14.0,4.0,67.0,69.0,5.0,64.0,35.0,1.0,,64.0,15.0,13.0,,,3.0,4.0,,1.0,,1.0,1.0,,9.0,1.0,2.0,1.0,35.0,,17.0,17.0,2.0,2.0,86.0,41.0,8.0,1.0,4.0,3.0,3.0,271.0,7.0,,26.0,54.0,16.0,,,,,154.0,154.0,5.0,28.0,28.0,36.6,,,3.0,0.0,1.0,3.0,4.0,,,4.0,,3.0,39.0,180.0,7.0,110.0,38.0,64.0,10.0,2.0,15.0,13.0,1.0,84.0,7.0,192.0,2.0,1.0,32.0,5.0,62.0,3.0,287.0,,0.0,7.0,29.0,,21.0,3.0,529.0,,6.0,2.0,21.0,0.0,,33.0,2.0,2.0,,125.0,,57.0,1.0,,72.0,7.0,,,,,,,,3.0,15.0,15.0,7.0,,,,,,,,,,,,
2013-14,695173,28,2014-03-01 15:00:00,54,Fulham,Home,122.0,5.0,,5.0,5.0,4.0,1.0,108.0,6.0,1.0,3.0,12.0,4.0,23.0,225.0,,,15.0,38.0,20.0,4.0,1.0,,,,,,1.0,1.0,,,,,4.0,,,,,1.0,14.0,3.0,,,61.0,1.0,1.0,11.0,1.0,5.0,15.0,3.0,1.0,12.0,3.0,73.0,51.0,1.0,28.0,14.0,,1.0,74.0,14.0,12.0,,,4.0,3.0,1.0,1.0,,,,1.0,11.0,,1.0,2.0,14.0,,16.0,16.0,1.0,3.0,85.0,31.0,4.0,,3.0,3.0,3.0,315.0,5.0,,46.0,69.0,23.0,,,,,171.0,171.0,2.0,27.0,24.0,41.9,,,1.0,0.0,5.0,,4.0,,,3.0,,3.0,50.0,215.0,6.0,135.0,26.0,28.0,10.0,5.0,26.0,21.0,1.0,118.0,13.0,226.0,1.0,1.0,42.0,4.0,66.0,1.0,335.0,1.0,0.0,7.0,13.0,,22.0,2.0,537.0,,7.0,5.0,7.0,0.0,,53.0,2.0,1.0,1.0,155.0,,67.0,2.0,,60.0,10.0,,,,,,,,1.0,21.0,21.0,10.0,,,,,,,,,,,,
2013-14,695181,29,2014-03-08 15:00:00,54,Fulham,Away,188.0,26.0,1.0,2.0,1.0,4.0,,183.0,1.0,,6.0,4.0,10.0,39.0,369.0,1.0,,11.0,22.0,22.0,7.0,2.0,,,,,,,,1.0,,,,8.0,,,,,2.0,12.0,8.0,,,57.0,5.0,2.0,9.0,,6.0,7.0,4.0,,11.0,4.0,55.0,66.0,5.0,38.0,19.0,1.0,1.0,70.0,12.0,9.0,,,1.0,1.0,,1.0,,,,1.0,10.0,,2.0,,19.0,,9.0,9.0,2.0,7.0,88.0,41.0,7.0,1.0,4.0,6.0,6.0,443.0,4.0,1.0,58.0,68.0,25.0,,,,,146.0,146.0,,29.0,17.0,53.6,,,1.0,0.0,4.0,3.0,7.0,,,6.0,,3.0,92.0,356.0,10.0,207.0,43.0,38.0,14.0,6.0,18.0,12.0,,131.0,9.0,269.0,2.0,,28.0,13.0,72.0,2.0,458.0,1.0,0.0,14.0,23.0,,14.0,0.0,675.0,,12.0,6.0,17.0,0.0,,80.0,1.0,,1.0,160.0,,114.0,1.0,,104.0,12.0,,,,,,,,7.0,12.0,12.0,6.0,,,,,,,,,,,,
2013-14,695193,30,2014-03-15 15:00:00,54,Fulham,Home,91.0,8.0,1.0,2.0,1.0,2.0,,101.0,1.0,,5.0,9.0,2.0,20.0,190.0,,,19.0,26.0,20.0,7.0,,,,,,,,,,,,,12.0,,,,,,9.0,3.0,,,61.0,,3.0,11.0,,9.0,15.0,2.0,,15.0,2.0,71.0,54.0,,39.0,25.0,,2.0,48.0,11.0,6.0,,,1.0,1.0,,1.0,,,1.0,,9.0,1.0,8.0,,25.0,1.0,16.0,16.0,2.0,5.0,69.0,25.0,7.0,1.0,3.0,5.0,3.0,264.0,3.0,,26.0,68.0,16.0,,,,,167.0,167.0,1.0,25.0,22.0,38.9,,,,0.0,2.0,1.0,3.0,,,6.0,,3.0,64.0,181.0,8.0,117.0,23.0,39.0,15.0,7.0,25.0,18.0,,102.0,11.0,185.0,8.0,,28.0,2.0,48.0,6.0,277.0,,0.0,12.0,23.0,1.0,28.0,1.0,516.0,,7.0,9.0,17.0,0.0,,32.0,,,,128.0,,64.0,2.0,,53.0,9.0,,,,,,,,5.0,20.0,20.0,9.0,,,,,,,,,,,,
2013-14,695206,31,2014-03-22 15:00:00,54,Fulham,Away,110.0,13.0,1.0,2.0,1.0,2.0,,122.0,4.0,,1.0,5.0,1.0,17.0,230.0,,,11.0,17.0,13.0,3.0,1.0,,,,,,,1.0,,,,,4.0,,,,,,16.0,6.0,,,52.0,9.0,2.0,10.0,2.0,2.0,7.0,1.0,,10.0,2.0,56.0,42.0,9.0,24.0,18.0,,1.0,51.0,15.0,8.0,,,1.0,,1.0,,,,,,8.0,,1.0,,18.0,,12.0,12.0,2.0,1.0,67.0,30.0,13.0,,3.0,1.0,,284.0,7.0,,40.0,35.0,7.0,2.0,2.0,2.0,,111.0,111.0,2.0,29.0,16.0,32.4,,,,0.0,6.0,1.0,5.0,,,4.0,,3.0,60.0,221.0,5.0,125.0,22.0,24.0,13.0,2.0,10.0,8.0,,93.0,7.0,184.0,1.0,,25.0,3.0,39.0,2.0,299.0,,1.0,6.0,16.0,,13.0,4.0,462.0,,6.0,2.0,12.0,0.0,,58.0,1.0,1.0,,130.0,,56.0,2.0,,55.0,7.0,1.0,,,,,,,7.0,10.0,10.0,6.0,,,,,,,,,,,,
2013-14,695213,32,2014-03-30 13:30:00,54,Fulham,Home,98.0,15.0,2.0,7.0,5.0,3.0,1.0,138.0,6.0,,4.0,4.0,11.0,35.0,229.0,,2.0,16.0,10.0,17.0,13.0,4.0,,1.0,,,,,,1.0,,,,17.0,,,,,3.0,11.0,4.0,,,57.0,,6.0,23.0,,5.0,16.0,9.0,,7.0,3.0,48.0,62.0,,40.0,25.0,1.0,1.0,58.0,7.0,4.0,,,1.0,1.0,,1.0,,,1.0,,10.0,1.0,2.0,1.0,25.0,,8.0,8.0,,4.0,73.0,40.0,6.0,1.0,8.0,10.0,8.0,285.0,4.0,1.0,50.0,49.0,18.0,,,,,132.0,132.0,3.0,23.0,21.0,38.2,,,,0.0,4.0,1.0,5.0,1.0,1.0,9.0,1.0,3.0,76.0,219.0,18.0,113.0,28.0,40.0,8.0,4.0,30.0,26.0,2.0,108.0,5.0,213.0,2.0,,24.0,11.0,58.0,8.0,296.0,,0.0,23.0,35.0,3.0,21.0,1.0,538.0,,6.0,6.0,29.0,0.0,,38.0,3.0,3.0,,115.0,,76.0,1.0,,67.0,15.0,,1.0,,,,,,2.0,17.0,17.0,8.0,,,,,,,,,,,,
2013-14,695221,33,2014-04-05 15:00:00,54,Fulham,Away,143.0,22.0,,2.0,2.0,3.0,,169.0,5.0,1.0,8.0,2.0,11.0,22.0,310.0,,1.0,19.0,10.0,25.0,10.0,,,2.0,,,,,,,,,,16.0,,,,,,8.0,4.0,,,54.0,3.0,4.0,8.0,,7.0,10.0,2.0,,9.0,4.0,43.0,61.0,3.0,34.0,25.0,,,81.0,13.0,10.0,1.0,,2.0,2.0,,2.0,,2.0,2.0,,7.0,2.0,3.0,,25.0,,12.0,12.0,3.0,8.0,76.0,35.0,2.0,1.0,1.0,11.0,8.0,396.0,3.0,,49.0,85.0,25.0,,,,,139.0,139.0,6.0,22.0,17.0,49.9,,,1.0,0.0,4.0,1.0,5.0,1.0,2.0,4.0,,3.0,83.0,298.0,12.0,159.0,49.0,34.0,15.0,4.0,18.0,14.0,4.0,148.0,4.0,269.0,3.0,1.0,22.0,13.0,50.0,1.0,410.0,,0.0,16.0,15.0,2.0,22.0,2.0,609.0,,12.0,7.0,10.0,0.0,,51.0,1.0,1.0,,172.0,,88.0,2.0,,99.0,3.0,1.0,,,,,,1.0,4.0,16.0,16.0,7.0,,,,,,,,,,,,
2013-14,695232,34,2014-04-12 15:07:00,54,Fulham,Home,110.0,18.0,3.0,8.0,5.0,5.0,1.0,153.0,4.0,1.0,4.0,4.0,10.0,22.0,255.0,1.0,,21.0,19.0,14.0,11.0,2.0,,1.0,,,,,,,,,,9.0,,,,,1.0,7.0,7.0,,,71.0,4.0,3.0,6.0,,8.0,9.0,5.0,,9.0,2.0,50.0,62.0,4.0,35.0,20.0,,,66.0,10.0,12.0,1.0,,3.0,3.0,,1.0,,1.0,,1.0,9.0,,3.0,,20.0,1.0,12.0,12.0,,4.0,82.0,31.0,8.0,,8.0,6.0,3.0,346.0,3.0,,53.0,79.0,18.0,,,,,162.0,162.0,2.0,37.0,24.0,45.1,,,,0.0,2.0,2.0,4.0,1.0,1.0,8.0,,3.0,76.0,242.0,15.0,129.0,32.0,35.0,18.0,4.0,21.0,17.0,3.0,127.0,9.0,257.0,3.0,1.0,40.0,11.0,63.0,,365.0,1.0,0.0,14.0,27.0,,28.0,1.0,589.0,,10.0,8.0,24.0,0.0,,67.0,4.0,3.0,1.0,153.0,,75.0,1.0,,70.0,9.0,,,,,,,,5.0,21.0,21.0,9.0,,,,,,,,,,,,
2013-14,695249,35,2014-04-19 12:45:00,54,Fulham,Away,141.0,14.0,2.0,7.0,5.0,,,128.0,4.0,,4.0,10.0,3.0,39.0,262.0,,,13.0,19.0,14.0,8.0,,,,,,,,,,,,,9.0,,,,,,8.0,6.0,,,55.0,2.0,2.0,6.0,,5.0,4.0,4.0,,15.0,1.0,58.0,54.0,2.0,36.0,18.0,,,65.0,11.0,7.0,,,1.0,,,,,,,,9.0,1.0,1.0,1.0,18.0,,11.0,11.0,2.0,4.0,79.0,39.0,4.0,1.0,5.0,3.0,4.0,337.0,4.0,,33.0,51.0,21.0,,,,1.0,152.0,152.0,2.0,32.0,15.0,37.8,,,,0.0,2.0,,2.0,,,5.0,,2.0,48.0,252.0,8.0,158.0,30.0,36.0,16.0,5.0,13.0,8.0,,97.0,12.0,207.0,1.0,,25.0,3.0,65.0,4.0,352.0,,0.0,11.0,25.0,,19.0,1.0,566.0,,8.0,5.0,19.0,0.0,1.0,52.0,,2.0,,153.0,,75.0,1.0,,72.0,17.0,2.0,1.0,,,,,,3.0,12.0,12.0,7.0,,,,,,,,,,,,
2013-14,695253,36,2014-04-26 15:00:00,54,Fulham,Home,156.0,15.0,3.0,6.0,3.0,3.0,,152.0,4.0,,6.0,11.0,10.0,49.0,302.0,,,21.0,16.0,19.0,3.0,2.0,,1.0,,,,,,,,,,6.0,,,,,,6.0,2.0,,,61.0,1.0,,6.0,,7.0,11.0,6.0,1.0,16.0,2.0,49.0,45.0,1.0,31.0,19.0,,,74.0,8.0,5.0,,1.0,,1.0,,2.0,,1.0,1.0,1.0,7.0,1.0,1.0,,19.0,,9.0,9.0,,6.0,77.0,42.0,2.0,1.0,4.0,3.0,3.0,364.0,3.0,,51.0,62.0,25.0,,,,,140.0,140.0,3.0,20.0,26.0,46.0,,,,0.0,2.0,,3.0,,1.0,7.0,,3.0,73.0,293.0,8.0,168.0,34.0,31.0,7.0,6.0,24.0,18.0,1.0,114.0,8.0,235.0,1.0,,27.0,11.0,76.0,,379.0,,0.0,10.0,17.0,,27.0,1.0,581.0,,4.0,7.0,11.0,0.0,,60.0,2.0,2.0,,145.0,,88.0,2.0,,86.0,14.0,,,,,,,,6.0,17.0,17.0,7.0,,,,,,,,,,,,
2013-14,695268,37,2014-05-03 15:00:00,54,Fulham,Away,113.0,15.0,,3.0,3.0,3.0,,149.0,4.0,1.0,2.0,1.0,9.0,23.0,259.0,,,15.0,21.0,12.0,6.0,1.0,,,,,,,,,,,,7.0,,,,,,11.0,12.0,,,59.0,3.0,5.0,21.0,,5.0,11.0,3.0,,12.0,4.0,67.0,49.0,3.0,17.0,9.0,,2.0,63.0,13.0,9.0,,,3.0,3.0,,1.0,,,1.0,,12.0,1.0,,3.0,9.0,,20.0,20.0,2.0,2.0,67.0,31.0,3.0,1.0,2.0,6.0,2.0,319.0,6.0,,45.0,45.0,18.0,,,,,130.0,130.0,2.0,29.0,23.0,36.7,,,,0.0,2.0,2.0,4.0,,,3.0,,3.0,55.0,245.0,8.0,136.0,28.0,17.0,14.0,2.0,19.0,17.0,,91.0,5.0,219.0,,1.0,21.0,9.0,48.0,,336.0,,0.0,10.0,17.0,,26.0,2.0,522.0,,11.0,5.0,14.0,0.0,,40.0,1.0,1.0,1.0,117.0,,89.0,,,90.0,3.0,,,,,,,,7.0,12.0,12.0,5.0,,,,,,,,,,,,
2013-14,695272,38,2014-05-11 15:00:00,54,Fulham,Home,181.0,21.0,2.0,7.0,5.0,1.0,,244.0,3.0,,5.0,3.0,11.0,46.0,418.0,,,19.0,19.0,20.0,6.0,,,,,1.0,,,2.0,,,,,11.0,,,1.0,,,12.0,3.0,,,55.0,,3.0,9.0,,6.0,20.0,6.0,,14.0,2.0,57.0,62.0,,33.0,26.0,,,82.0,11.0,14.0,1.0,,4.0,2.0,2.0,2.0,,,2.0,,7.0,2.0,3.0,1.0,26.0,1.0,7.0,7.0,1.0,5.0,76.0,50.0,4.0,1.0,2.0,6.0,5.0,476.0,4.0,,69.0,84.0,23.0,,,,,145.0,145.0,1.0,24.0,21.0,66.1,1.0,,,0.0,4.0,,4.0,,,7.0,1.0,3.0,115.0,401.0,9.0,196.0,40.0,33.0,15.0,4.0,32.0,28.0,,161.0,6.0,332.0,3.0,,13.0,14.0,71.0,1.0,496.0,,0.0,15.0,21.0,,22.0,3.0,717.0,,8.0,6.0,17.0,0.0,,81.0,3.0,3.0,,169.0,,124.0,1.0,,122.0,12.0,,,,,,,,3.0,11.0,11.0,4.0,,,,,,,,,,,,
2018-19,987594,1,2018-08-11 15:00:00,54,Fulham,Home,292.0,16.0,2.0,8.0,6.0,,,307.0,5.0,1.0,9.0,2.0,13.0,40.0,591.0,,1.0,14.0,20.0,10.0,9.0,1.0,,,,,,,1.0,,,,,11.0,,,,,2.0,8.0,4.0,6.0,9.0,67.0,1.0,5.0,13.0,,5.0,11.0,16.0,,15.0,3.0,63.0,55.0,1.0,22.0,7.0,1.0,,78.0,9.0,11.0,,,1.0,,1.0,,,,,,5.0,,,,7.0,,15.0,15.0,1.0,9.0,79.0,62.0,5.0,,3.0,7.0,6.0,652.0,2.0,,99.0,94.0,45.0,,,,,144.0,144.0,3.0,28.0,27.0,66.3,,,,0.0,5.0,3.0,8.0,,,4.0,,3.0,126.0,572.0,10.0,312.0,36.0,22.0,15.0,5.0,32.0,27.0,,173.0,1.0,392.0,,2.0,14.0,13.0,70.0,2.0,672.0,,0.0,15.0,25.0,3.0,16.0,1.0,893.0,19.0,9.0,5.0,19.0,0.0,,83.0,,,,180.0,,196.0,,,213.0,14.0,,1.0,,,,,,4.0,9.0,9.0,3.0,,,,,,,,,,,,
2018-19,987610,2,2018-08-18 15:00:00,54,Fulham,Away,222.0,25.0,,2.0,2.0,3.0,,136.0,6.0,1.0,5.0,3.0,8.0,33.0,356.0,,1.0,11.0,14.0,7.0,8.0,,,,,,,,,,,,,10.0,,,1.0,,,18.0,7.0,5.0,5.0,53.0,3.0,2.0,6.0,,2.0,3.0,3.0,,11.0,2.0,37.0,40.0,3.0,39.0,13.0,,3.0,37.0,5.0,9.0,1.0,1.0,,,,1.0,,1.0,1.0,,9.0,1.0,1.0,,13.0,1.0,10.0,10.0,2.0,5.0,55.0,33.0,6.0,,5.0,4.0,3.0,406.0,4.0,,37.0,36.0,14.0,,,,,119.0,119.0,2.0,25.0,15.0,40.4,1.0,,,0.0,7.0,1.0,8.0,,,5.0,1.0,3.0,49.0,334.0,9.0,252.0,42.0,39.0,12.0,1.0,7.0,6.0,,78.0,7.0,190.0,2.0,1.0,12.0,9.0,62.0,3.0,435.0,,0.0,10.0,13.0,2.0,12.0,0.0,615.0,14.0,11.0,3.0,8.0,0.0,,76.0,3.0,2.0,1.0,131.0,,112.0,3.0,,116.0,15.0,1.0,,,,,,,2.0,9.0,9.0,6.0,,,,,,,,,,,,
2018-19,987614,3,2018-08-26 16:00:00,54,Fulham,Home,271.0,21.0,,5.0,5.0,4.0,,222.0,3.0,,3.0,4.0,14.0,37.0,488.0,,,15.0,17.0,14.0,19.0,,,,,,,,,,,,,22.0,,1.0,,,,9.0,3.0,8.0,17.0,64.0,3.0,3.0,7.0,,6.0,6.0,8.0,,12.0,,55.0,34.0,3.0,25.0,15.0,,,62.0,11.0,8.0,3.0,,1.0,,,3.0,,2.0,2.0,1.0,9.0,3.0,,1.0,15.0,2.0,4.0,4.0,,3.0,94.0,57.0,4.0,1.0,10.0,12.0,12.0,541.0,5.0,,65.0,61.0,32.0,,,,,129.0,129.0,3.0,33.0,22.0,63.8,1.0,,1.0,0.0,,,,,,10.0,,3.0,113.0,464.0,22.0,294.0,45.0,25.0,13.0,2.0,16.0,14.0,,152.0,5.0,294.0,,,14.0,14.0,72.0,1.0,572.0,1.0,0.0,25.0,9.0,,18.0,2.0,735.0,25.0,4.0,6.0,8.0,0.0,,88.0,2.0,,2.0,191.0,,156.0,1.0,,137.0,8.0,,1.0,,,,,,5.0,10.0,10.0,3.0,,,,,,,,,,,,
2018-19,987622,4,2018-09-01 15:00:00,54,Fulham,Away,229.0,15.0,,1.0,1.0,1.0,,238.0,5.0,,4.0,4.0,8.0,33.0,466.0,,1.0,18.0,15.0,15.0,5.0,,,,,1.0,,,1.0,,,,,9.0,,,,,,12.0,3.0,7.0,3.0,58.0,3.0,2.0,7.0,,1.0,7.0,2.0,,9.0,3.0,50.0,52.0,3.0,26.0,14.0,1.0,,50.0,14.0,12.0,2.0,,,,1.0,1.0,,1.0,1.0,,9.0,2.0,,3.0,14.0,,9.0,9.0,1.0,4.0,71.0,47.0,7.0,,2.0,4.0,5.0,523.0,2.0,,63.0,85.0,15.0,1.0,2.0,2.0,,134.0,134.0,4.0,28.0,19.0,58.5,,2.0,1.0,0.0,3.0,,3.0,,,3.0,,3.0,87.0,443.0,6.0,264.0,28.0,26.0,19.0,1.0,10.0,9.0,,113.0,3.0,297.0,,,13.0,8.0,57.0,4.0,551.0,,0.0,10.0,14.0,1.0,21.0,3.0,739.0,14.0,11.0,1.0,12.0,0.0,,82.0,1.0,1.0,2.0,157.0,,171.0,2.0,1.0,141.0,14.0,1.0,,,,,,,5.0,18.0,18.0,8.0,,,,,,,,,,,,
2018-19,987636,5,2018-09-15 15:00:00,54,Fulham,Away,186.0,17.0,,,,3.0,,136.0,3.0,,4.0,4.0,2.0,30.0,322.0,1.0,,13.0,10.0,8.0,7.0,,,,,,,,,,,,,8.0,,,,,,18.0,10.0,2.0,7.0,53.0,,1.0,13.0,,4.0,6.0,2.0,,9.0,5.0,46.0,35.0,,22.0,11.0,1.0,,38.0,7.0,6.0,,,,,,,,,,,11.0,,,,11.0,,16.0,16.0,4.0,4.0,60.0,30.0,10.0,,4.0,3.0,3.0,372.0,10.0,,43.0,56.0,17.0,,,,,122.0,122.0,3.0,31.0,14.0,35.3,,,1.0,0.0,5.0,1.0,6.0,,,5.0,,2.0,59.0,304.0,7.0,216.0,31.0,22.0,15.0,3.0,11.0,8.0,,80.0,6.0,195.0,,,18.0,4.0,65.0,2.0,400.0,1.0,0.0,9.0,14.0,,15.0,0.0,576.0,10.0,8.0,4.0,6.0,0.0,,74.0,,,,143.0,,97.0,,,86.0,13.0,,,,,,,,5.0,22.0,22.0,13.0,,,,,,,,,,,,
2018-19,987647,6,2018-09-22 12:30:00,54,Fulham,Home,222.0,22.0,3.0,6.0,3.0,,,183.0,7.0,,7.0,6.0,5.0,35.0,399.0,,1.0,14.0,17.0,28.0,10.0,2.0,,2.0,,,,,,,,,,11.0,,1.0,,,,8.0,3.0,9.0,6.0,79.0,2.0,6.0,4.0,,8.0,7.0,10.0,,8.0,3.0,42.0,55.0,2.0,35.0,17.0,,1.0,47.0,11.0,9.0,1.0,,1.0,1.0,,1.0,,1.0,1.0,,9.0,1.0,,,17.0,1.0,14.0,14.0,4.0,7.0,84.0,50.0,8.0,,4.0,9.0,3.0,496.0,1.0,,51.0,61.0,34.0,,,,,183.0,183.0,2.0,35.0,32.0,60.7,1.0,,1.0,0.0,4.0,1.0,5.0,,2.0,6.0,,3.0,71.0,377.0,13.0,278.0,40.0,35.0,7.0,8.0,26.0,18.0,2.0,105.0,7.0,272.0,,,23.0,6.0,71.0,5.0,524.0,1.0,0.0,15.0,14.0,1.0,18.0,2.0,724.0,20.0,4.0,8.0,9.0,0.0,,86.0,3.0,2.0,1.0,195.0,,127.0,2.0,,116.0,16.0,,,,1.0,,,,5.0,15.0,15.0,5.0,,,,,,,,,,,,
2018-19,987656,7,2018-09-29 15:00:00,54,Fulham,Away,150.0,13.0,,1.0,1.0,1.0,,164.0,3.0,1.0,2.0,3.0,3.0,18.0,313.0,,,21.0,16.0,20.0,6.0,,,,,,,,,,,,,6.0,,1.0,,,,13.0,6.0,3.0,3.0,47.0,4.0,,7.0,,1.0,3.0,4.0,,14.0,2.0,62.0,58.0,4.0,33.0,18.0,,,54.0,13.0,13.0,,,,,,,,,,,6.0,,,,18.0,1.0,14.0,14.0,1.0,2.0,65.0,39.0,12.0,,6.0,,,362.0,6.0,,53.0,61.0,16.0,,1.0,1.0,,135.0,135.0,1.0,17.0,25.0,48.8,1.0,,1.0,0.0,1.0,2.0,3.0,1.0,,6.0,,3.0,69.0,290.0,7.0,167.0,27.0,33.0,19.0,1.0,8.0,7.0,,108.0,5.0,232.0,,1.0,15.0,4.0,44.0,,391.0,,0.0,6.0,18.0,,28.0,3.0,597.0,12.0,7.0,1.0,10.0,0.0,,60.0,2.0,2.0,,138.0,,94.0,3.0,,99.0,14.0,,,,,,,,8.0,14.0,14.0,7.0,,,,,,,,,,,,
2018-19,987665,8,2018-10-07 12:00:00,54,Fulham,Home,157.0,17.0,1.0,4.0,3.0,1.0,,230.0,5.0,2.0,7.0,12.0,9.0,30.0,383.0,,2.0,10.0,14.0,20.0,13.0,2.0,,,,,,,,,,,,16.0,,,,,1.0,6.0,3.0,7.0,14.0,62.0,1.0,9.0,8.0,,4.0,11.0,4.0,,16.0,2.0,54.0,51.0,1.0,21.0,4.0,,,68.0,11.0,12.0,1.0,,2.0,,,1.0,,1.0,1.0,,10.0,1.0,,,4.0,,10.0,10.0,2.0,7.0,89.0,59.0,2.0,,7.0,9.0,4.0,441.0,,,54.0,69.0,33.0,,,,,147.0,147.0,3.0,22.0,29.0,48.9,,,1.0,0.0,2.0,,2.0,,,8.0,,3.0,90.0,357.0,16.0,170.0,41.0,21.0,8.0,2.0,17.0,15.0,,140.0,6.0,320.0,,2.0,22.0,11.0,63.0,4.0,473.0,,0.0,21.0,16.0,3.0,12.0,2.0,667.0,16.0,3.0,4.0,8.0,0.0,,76.0,2.0,1.0,1.0,163.0,,119.0,3.0,,115.0,14.0,1.0,,,,,,,6.0,19.0,19.0,8.0,,,,,,,,,,,,
2018-19,987674,9,2018-10-20 15:00:00,54,Fulham,Away,189.0,15.0,2.0,4.0,2.0,2.0,,183.0,8.0,2.0,5.0,11.0,6.0,34.0,368.0,,,13.0,26.0,24.0,3.0,2.0,,,,1.0,,,2.0,,,,,5.0,,,,,,13.0,9.0,3.0,6.0,60.0,1.0,2.0,9.0,,4.0,5.0,1.0,,12.0,1.0,61.0,57.0,1.0,32.0,14.0,,1.0,49.0,16.0,14.0,2.0,,2.0,,2.0,2.0,,1.0,2.0,,13.0,2.0,1.0,1.0,14.0,,6.0,6.0,,5.0,79.0,45.0,4.0,,2.0,5.0,4.0,446.0,7.0,,48.0,47.0,20.0,,,,,152.0,152.0,5.0,25.0,23.0,59.5,,3.0,2.0,0.0,1.0,,1.0,1.0,,3.0,,3.0,77.0,342.0,7.0,223.0,32.0,32.0,4.0,3.0,9.0,6.0,,111.0,7.0,265.0,1.0,2.0,29.0,7.0,73.0,,479.0,,0.0,9.0,16.0,,17.0,3.0,663.0,11.0,4.0,4.0,7.0,0.0,,63.0,2.0,2.0,1.0,178.0,,118.0,,,120.0,20.0,1.0,,,,,,,5.0,15.0,15.0,7.0,,,,,,,,,,,,
2018-19,987685,10,2018-10-27 15:00:00,54,Fulham,Home,203.0,5.0,3.0,4.0,1.0,,,254.0,6.0,1.0,4.0,6.0,4.0,22.0,453.0,,,13.0,9.0,27.0,6.0,4.0,,,,,,,,,,,,7.0,,,,,,8.0,4.0,7.0,4.0,56.0,4.0,1.0,7.0,,5.0,7.0,5.0,,5.0,2.0,37.0,45.0,4.0,34.0,11.0,,,65.0,16.0,3.0,,,,,,,,,,,11.0,,,,11.0,,13.0,13.0,3.0,5.0,73.0,36.0,5.0,,8.0,2.0,1.0,527.0,1.0,,44.0,80.0,26.0,1.0,1.0,1.0,,126.0,126.0,1.0,26.0,23.0,52.0,,,2.0,0.0,,2.0,2.0,,,9.0,1.0,2.0,86.0,439.0,10.0,223.0,29.0,34.0,7.0,4.0,16.0,12.0,,132.0,5.0,340.0,,1.0,16.0,4.0,56.0,1.0,547.0,1.0,1.0,11.0,10.0,1.0,15.0,2.0,704.0,11.0,5.0,5.0,8.0,0.0,,73.0,,,,162.0,,159.0,1.0,,153.0,8.0,,,,,,,,11.0,17.0,17.0,6.0,,1.0,,,,,,,,,,
2018-19,987697,11,2018-11-05 20:00:00,54,Fulham,Away,172.0,12.0,4.0,4.0,,2.0,,182.0,7.0,3.0,5.0,8.0,15.0,29.0,350.0,,,35.0,27.0,27.0,3.0,4.0,,,,1.0,,,1.0,1.0,,,,3.0,,,,,,6.0,5.0,7.0,1.0,69.0,4.0,4.0,5.0,,4.0,2.0,1.0,,11.0,1.0,64.0,67.0,4.0,17.0,9.0,,,48.0,8.0,11.0,,,2.0,,1.0,,,,,,12.0,,1.0,,9.0,,7.0,7.0,,6.0,82.0,43.0,5.0,,2.0,5.0,1.0,461.0,2.0,1.0,44.0,75.0,12.0,,,,,205.0,205.0,1.0,35.0,24.0,54.9,,,,0.0,,2.0,2.0,,,3.0,,3.0,66.0,330.0,7.0,234.0,38.0,17.0,27.0,4.0,7.0,3.0,,105.0,9.0,263.0,1.0,3.0,37.0,17.0,83.0,6.0,490.0,1.0,0.0,8.0,17.0,,44.0,2.0,714.0,12.0,13.0,4.0,11.0,0.0,,85.0,,,,203.0,,108.0,1.0,,94.0,20.0,,,,,,,,7.0,34.0,34.0,12.0,,,,,,,,,,,,
2018-19,987708,12,2018-11-11 12:00:00,54,Fulham,Away,106.0,16.0,,,,2.0,,80.0,10.0,,4.0,2.0,5.0,21.0,186.0,,,23.0,11.0,10.0,5.0,,,1.0,,,,,,,,,,8.0,,,,,,10.0,11.0,3.0,5.0,54.0,1.0,1.0,9.0,,3.0,5.0,4.0,,13.0,3.0,44.0,42.0,1.0,32.0,15.0,,,42.0,9.0,11.0,,,,,,,,,,,12.0,,,2.0,15.0,,14.0,14.0,1.0,4.0,59.0,22.0,6.0,,2.0,3.0,3.0,234.0,7.0,,32.0,42.0,15.0,,,,,136.0,136.0,2.0,29.0,17.0,27.0,,,,0.0,4.0,1.0,5.0,,1.0,4.0,,3.0,44.0,164.0,5.0,129.0,31.0,32.0,12.0,2.0,11.0,9.0,1.0,70.0,5.0,145.0,,,20.0,6.0,53.0,5.0,263.0,,0.0,8.0,15.0,,30.0,1.0,476.0,6.0,7.0,3.0,8.0,0.0,,39.0,,1.0,,110.0,,50.0,1.0,,64.0,17.0,,1.0,,,,,1.0,5.0,18.0,18.0,10.0,,,,,,,,,,,,
2018-19,987716,13,2018-11-24 15:00:00,54,Fulham,Home,128.0,16.0,1.0,5.0,4.0,1.0,,141.0,3.0,,,7.0,9.0,28.0,264.0,,1.0,15.0,17.0,21.0,6.0,1.0,,1.0,,,,,,,,,,8.0,,,,,1.0,10.0,9.0,8.0,2.0,57.0,5.0,2.0,10.0,,2.0,6.0,3.0,,15.0,3.0,56.0,57.0,5.0,43.0,23.0,,,64.0,10.0,5.0,2.0,,,,,3.0,,3.0,3.0,,10.0,3.0,,,23.0,,8.0,8.0,,,79.0,30.0,5.0,1.0,3.0,7.0,5.0,346.0,5.0,,51.0,50.0,23.0,,,,,152.0,152.0,3.0,22.0,22.0,37.2,,,1.0,0.0,3.0,3.0,6.0,,1.0,3.0,,3.0,72.0,251.0,10.0,147.0,38.0,43.0,15.0,2.0,11.0,9.0,1.0,115.0,7.0,234.0,,,24.0,10.0,71.0,4.0,370.0,1.0,0.0,10.0,20.0,1.0,22.0,2.0,578.0,20.0,11.0,2.0,9.0,0.0,,40.0,2.0,,2.0,162.0,,82.0,,,86.0,10.0,,,,3.0,,,,5.0,6.0,6.0,2.0,,,,,,,,,,,,
2018-19,987724,14,2018-12-02 12:00:00,54,Fulham,Away,122.0,19.0,2.0,4.0,2.0,1.0,,144.0,3.0,,4.0,4.0,9.0,34.0,262.0,,,25.0,15.0,15.0,7.0,1.0,,,,,,,,,,,,8.0,,,,,,9.0,7.0,2.0,7.0,61.0,1.0,1.0,8.0,,6.0,6.0,7.0,,12.0,2.0,58.0,56.0,1.0,18.0,3.0,1.0,3.0,52.0,17.0,8.0,,,,,,,,,,,5.0,,,,3.0,,9.0,9.0,,4.0,63.0,30.0,4.0,,3.0,5.0,4.0,341.0,6.0,,60.0,49.0,20.0,,,,,143.0,143.0,1.0,30.0,22.0,34.0,,,,0.0,3.0,4.0,7.0,,,4.0,,3.0,62.0,248.0,8.0,148.0,46.0,18.0,17.0,5.0,18.0,13.0,,103.0,7.0,230.0,,,20.0,9.0,73.0,1.0,360.0,,0.0,9.0,23.0,,27.0,1.0,555.0,14.0,11.0,6.0,12.0,0.0,,64.0,,,,127.0,,88.0,1.0,,81.0,9.0,,,,,,,,6.0,19.0,19.0,11.0,,,,,,,,,,,,
2018-19,987735,15,2018-12-05 19:45:00,54,Fulham,Home,64.0,12.0,5.0,7.0,2.0,5.0,1.0,152.0,5.0,1.0,2.0,7.0,9.0,24.0,209.0,,,20.0,20.0,31.0,15.0,5.0,,,,,,1.0,2.0,,,1.0,,15.0,,,,,2.0,11.0,2.0,15.0,10.0,60.0,5.0,8.0,4.0,,10.0,9.0,4.0,,12.0,1.0,49.0,54.0,5.0,13.0,7.0,,1.0,70.0,12.0,7.0,,,4.0,2.0,2.0,1.0,,,1.0,,8.0,1.0,,,7.0,,14.0,14.0,1.0,2.0,79.0,33.0,8.0,1.0,10.0,11.0,7.0,296.0,2.0,,28.0,73.0,33.0,,,,,172.0,172.0,8.0,21.0,23.0,45.5,,2.0,,0.0,3.0,1.0,4.0,,,10.0,1.0,3.0,88.0,196.0,21.0,93.0,24.0,13.0,11.0,9.0,24.0,15.0,,137.0,12.0,246.0,,1.0,36.0,10.0,68.0,2.0,315.0,,0.0,25.0,7.0,1.0,31.0,0.0,533.0,25.0,9.0,10.0,5.0,0.0,,50.0,1.0,1.0,,162.0,,54.0,2.0,,49.0,20.0,,,,,,,,4.0,22.0,22.0,12.0,,,,,,,,,,,,
2018-19,987749,16,2018-12-08 15:00:00,54,Fulham,Away,124.0,7.0,1.0,1.0,,2.0,,162.0,5.0,,1.0,7.0,4.0,24.0,285.0,,,12.0,24.0,12.0,6.0,1.0,1.0,,,,,,,,,,,8.0,1.0,,,,,14.0,6.0,5.0,5.0,64.0,2.0,2.0,10.0,,3.0,5.0,6.0,,9.0,5.0,63.0,53.0,2.0,26.0,14.0,1.0,1.0,58.0,15.0,11.0,,,1.0,1.0,,,,,,,10.0,,,1.0,14.0,,7.0,7.0,2.0,1.0,64.0,30.0,10.0,,2.0,5.0,4.0,343.0,3.0,,54.0,43.0,19.0,,,,1.0,140.0,140.0,3.0,31.0,23.0,37.3,,,1.0,0.0,6.0,1.0,7.0,1.0,,4.0,,3.0,84.0,265.0,7.0,140.0,22.0,26.0,18.0,2.0,14.0,12.0,,125.0,7.0,250.0,,,18.0,4.0,59.0,3.0,376.0,,1.0,10.0,18.0,,16.0,1.0,572.0,17.0,12.0,3.0,12.0,0.0,,49.0,,,1.0,154.0,,92.0,1.0,,81.0,13.0,,2.0,,,,,,9.0,18.0,18.0,11.0,,1.0,,,,,,,,,,
2018-19,987754,17,2018-12-15 17:30:00,54,Fulham,Home,140.0,20.0,1.0,4.0,3.0,2.0,,263.0,4.0,3.0,1.0,7.0,4.0,27.0,399.0,,1.0,23.0,19.0,21.0,8.0,3.0,,,,,,,,,,,,11.0,,,,,2.0,4.0,2.0,7.0,9.0,76.0,2.0,3.0,7.0,,6.0,10.0,10.0,,15.0,1.0,62.0,62.0,2.0,19.0,10.0,,,74.0,14.0,9.0,,,1.0,,,,,,,,7.0,,,,10.0,,5.0,5.0,1.0,1.0,80.0,55.0,4.0,,5.0,6.0,4.0,474.0,1.0,,61.0,88.0,38.0,,,,,166.0,166.0,3.0,26.0,42.0,56.0,,,,0.0,1.0,,1.0,,,9.0,,3.0,109.0,381.0,11.0,158.0,39.0,19.0,23.0,6.0,26.0,20.0,,163.0,6.0,366.0,,3.0,18.0,5.0,55.0,6.0,498.0,,0.0,16.0,16.0,2.0,26.0,2.0,700.0,24.0,16.0,6.0,11.0,0.0,,58.0,3.0,3.0,,179.0,,122.0,3.0,,139.0,11.0,1.0,,,,,,,7.0,15.0,15.0,4.0,,,,,,,,,,,,
2018-19,987769,18,2018-12-22 15:00:00,54,Fulham,Away,208.0,9.0,,,,3.0,,154.0,4.0,,2.0,4.0,7.0,25.0,362.0,,,14.0,21.0,22.0,3.0,,,,,,,1.0,1.0,,,,,3.0,,,,,,5.0,4.0,2.0,2.0,60.0,4.0,2.0,5.0,,,3.0,2.0,,19.0,,58.0,49.0,4.0,40.0,18.0,,,47.0,12.0,9.0,,,2.0,1.0,1.0,,,,,,11.0,,,1.0,18.0,,10.0,10.0,,2.0,76.0,39.0,6.0,,,3.0,2.0,439.0,4.0,,42.0,54.0,17.0,,,,,159.0,159.0,1.0,22.0,30.0,46.5,,,3.0,0.0,,,,1.0,,,,2.0,59.0,352.0,3.0,238.0,25.0,40.0,12.0,,6.0,6.0,,98.0,8.0,231.0,,,25.0,7.0,65.0,4.0,463.0,1.0,0.0,4.0,9.0,,21.0,2.0,653.0,10.0,9.0,,7.0,0.0,,78.0,,,,170.0,,114.0,2.0,,101.0,17.0,,,,,,,,5.0,15.0,15.0,5.0,,,,,,,,,,,,
2018-19,987775,19,2018-12-26 12:30:00,54,Fulham,Home,101.0,9.0,,3.0,3.0,6.0,,104.0,7.0,,3.0,9.0,10.0,30.0,202.0,,,15.0,33.0,31.0,8.0,1.0,,,,,,,,,,,,8.0,,,,,1.0,8.0,6.0,8.0,3.0,58.0,3.0,1.0,11.0,,2.0,5.0,5.0,,13.0,2.0,74.0,61.0,3.0,28.0,16.0,,,49.0,9.0,6.0,,,2.0,2.0,,,,,,,18.0,,1.0,,16.0,,16.0,16.0,3.0,3.0,74.0,35.0,,,5.0,4.0,5.0,253.0,2.0,,37.0,28.0,19.0,,,,,144.0,144.0,3.0,25.0,20.0,29.8,,2.0,,0.0,2.0,2.0,4.0,,,5.0,,3.0,43.0,185.0,9.0,119.0,24.0,28.0,19.0,,12.0,12.0,,77.0,10.0,179.0,1.0,,20.0,10.0,70.0,,286.0,,0.0,11.0,15.0,,24.0,2.0,493.0,17.0,9.0,2.0,8.0,0.0,,47.0,,1.0,1.0,137.0,,50.0,4.0,,52.0,15.0,,,,,,,,5.0,9.0,9.0,5.0,,,,,,,,,,,,
2018-19,987785,20,2018-12-29 15:00:00,54,Fulham,Home,114.0,18.0,2.0,6.0,4.0,6.0,,187.0,5.0,,7.0,12.0,3.0,34.0,295.0,,,16.0,25.0,38.0,8.0,3.0,,1.0,,,,,,,,,,10.0,,,,,1.0,5.0,4.0,12.0,2.0,60.0,2.0,2.0,5.0,,4.0,10.0,5.0,,8.0,,51.0,60.0,2.0,26.0,15.0,,,75.0,12.0,9.0,1.0,,5.0,3.0,,1.0,,1.0,1.0,,7.0,1.0,,,15.0,,10.0,10.0,,7.0,78.0,43.0,3.0,,6.0,6.0,5.0,377.0,3.0,,40.0,82.0,32.0,,,,1.0,151.0,151.0,4.0,20.0,25.0,43.5,,,,0.0,3.0,2.0,5.0,,1.0,7.0,,3.0,88.0,282.0,12.0,135.0,36.0,26.0,6.0,4.0,22.0,18.0,2.0,134.0,16.0,282.0,,,29.0,3.0,70.0,3.0,395.0,,0.0,14.0,8.0,,23.0,3.0,585.0,18.0,5.0,4.0,8.0,0.0,1.0,59.0,1.0,2.0,,156.0,1.0,86.0,1.0,,94.0,15.0,,,,,,,,8.0,15.0,15.0,7.0,,,,,,,,,,,,
2018-19,987793,21,2019-01-01 15:00:00,54,Fulham,Away,151.0,15.0,2.0,4.0,2.0,5.0,,124.0,4.0,1.0,6.0,4.0,8.0,18.0,271.0,,1.0,8.0,20.0,19.0,5.0,1.0,,,,1.0,,,1.0,,,,,6.0,,,,,,16.0,,5.0,4.0,73.0,1.0,1.0,13.0,1.0,3.0,6.0,5.0,,4.0,2.0,60.0,49.0,1.0,33.0,14.0,,1.0,49.0,12.0,7.0,,,3.0,1.0,1.0,1.0,,1.0,1.0,,8.0,1.0,,,14.0,,12.0,12.0,1.0,6.0,80.0,42.0,9.0,,2.0,5.0,4.0,341.0,4.0,,52.0,36.0,19.0,,,,,150.0,150.0,3.0,25.0,37.0,40.4,,,1.0,0.0,5.0,,4.0,,,4.0,,3.0,50.0,255.0,8.0,172.0,31.0,33.0,16.0,2.0,14.0,12.0,,93.0,9.0,207.0,,1.0,21.0,9.0,54.0,4.0,365.0,,0.0,9.0,18.0,1.0,11.0,1.0,568.0,14.0,5.0,3.0,11.0,0.0,,60.0,4.0,3.0,1.0,162.0,,72.0,5.0,,71.0,19.0,,,,,,,,4.0,22.0,22.0,12.0,,,,,,,,,,,,
2018-19,987803,22,2019-01-12 15:00:00,54,Fulham,Away,242.0,15.0,1.0,7.0,6.0,3.0,,219.0,8.0,,4.0,9.0,4.0,26.0,454.0,,,14.0,30.0,31.0,10.0,,,,,,,,,1.0,,,,9.0,,1.0,,,2.0,6.0,6.0,9.0,3.0,76.0,2.0,4.0,5.0,,6.0,17.0,12.0,,13.0,,66.0,52.0,2.0,23.0,13.0,,,74.0,9.0,5.0,1.0,,1.0,1.0,,1.0,,1.0,1.0,,11.0,1.0,2.0,,13.0,1.0,13.0,13.0,,4.0,81.0,38.0,2.0,,4.0,7.0,4.0,539.0,5.0,1.0,70.0,97.0,32.0,,,,,185.0,185.0,4.0,32.0,31.0,58.2,1.0,3.0,,0.0,,,,,,4.0,,3.0,96.0,435.0,11.0,271.0,37.0,23.0,16.0,3.0,33.0,30.0,,141.0,13.0,326.0,2.0,,29.0,5.0,69.0,,564.0,,0.0,12.0,10.0,1.0,23.0,2.0,785.0,17.0,7.0,6.0,7.0,0.0,,92.0,1.0,1.0,,194.0,,142.0,1.0,,136.0,17.0,,,,,,,,3.0,19.0,19.0,10.0,,,,,,,,,,,,
2018-19,987814,23,2019-01-20 16:00:00,54,Fulham,Home,82.0,12.0,2.0,5.0,3.0,5.0,,92.0,7.0,,1.0,5.0,3.0,29.0,169.0,,,14.0,27.0,20.0,8.0,1.0,,,,,,,,,1.0,,,8.0,,,,,,11.0,3.0,7.0,5.0,58.0,5.0,3.0,6.0,,7.0,7.0,2.0,,5.0,,55.0,48.0,5.0,37.0,18.0,1.0,,44.0,10.0,7.0,,,,1.0,,,,,,,11.0,,,,18.0,,15.0,15.0,,1.0,61.0,31.0,10.0,,2.0,7.0,4.0,218.0,3.0,,45.0,19.0,25.0,,,,,141.0,141.0,,24.0,27.0,26.8,,3.0,,0.0,2.0,1.0,3.0,,,5.0,,3.0,35.0,152.0,9.0,105.0,26.0,37.0,16.0,7.0,17.0,10.0,,69.0,11.0,157.0,,,22.0,4.0,63.0,7.0,245.0,,0.0,12.0,13.0,,19.0,2.0,458.0,19.0,8.0,7.0,7.0,0.0,,33.0,1.0,1.0,,120.0,,42.0,,,50.0,28.0,,,,,,,,6.0,16.0,16.0,5.0,,,,,,,,,,,,
2018-19,987824,24,2019-01-29 19:45:00,54,Fulham,Home,262.0,19.0,3.0,8.0,5.0,2.0,,275.0,1.0,,3.0,4.0,7.0,33.0,529.0,,,20.0,35.0,30.0,14.0,1.0,,1.0,,,,,,,,,,20.0,,2.0,,1.0,,11.0,4.0,16.0,8.0,69.0,2.0,7.0,10.0,,10.0,15.0,11.0,,13.0,2.0,69.0,51.0,2.0,27.0,11.0,,,64.0,10.0,5.0,2.0,,,,,2.0,,1.0,2.0,,4.0,2.0,,,11.0,3.0,11.0,11.0,2.0,3.0,64.0,38.0,1.0,1.0,7.0,10.0,8.0,604.0,5.0,,68.0,71.0,40.0,,,,,148.0,148.0,3.0,31.0,28.0,61.9,3.0,,,0.0,3.0,1.0,4.0,,1.0,9.0,1.0,3.0,124.0,515.0,17.0,291.0,38.0,27.0,12.0,7.0,33.0,26.0,1.0,160.0,5.0,365.0,,,23.0,9.0,71.0,1.0,623.0,,0.0,24.0,6.0,1.0,21.0,2.0,848.0,34.0,11.0,10.0,5.0,0.0,,117.0,4.0,4.0,2.0,184.0,,163.0,1.0,,159.0,12.0,,1.0,,3.0,,,,4.0,21.0,21.0,7.0,,,,,,,,,,,,
2018-19,987836,25,2019-02-02 15:00:00,54,Fulham,Away,267.0,23.0,1.0,6.0,5.0,2.0,,260.0,10.0,,3.0,2.0,5.0,38.0,521.0,,,13.0,20.0,20.0,6.0,1.0,,,,,,,,,,,,7.0,,,,,,13.0,4.0,4.0,4.0,56.0,4.0,1.0,5.0,,1.0,7.0,13.0,,20.0,,59.0,55.0,4.0,27.0,11.0,,,66.0,12.0,8.0,,,1.0,,,,,,,,11.0,,,2.0,11.0,,9.0,9.0,2.0,3.0,88.0,64.0,11.0,,6.0,1.0,,581.0,5.0,,74.0,104.0,26.0,1.0,1.0,1.0,,151.0,151.0,2.0,18.0,30.0,62.7,,,1.0,0.0,3.0,1.0,4.0,,,7.0,,3.0,92.0,498.0,7.0,285.0,44.0,27.0,16.0,1.0,21.0,20.0,,130.0,4.0,344.0,,,11.0,5.0,59.0,1.0,608.0,,0.0,8.0,15.0,,16.0,3.0,806.0,11.0,12.0,1.0,11.0,0.0,,90.0,1.0,1.0,,174.0,,162.0,,,182.0,21.0,,,,,,,,7.0,18.0,18.0,5.0,,,,,,,,,,,,
2018-19,987844,26,2019-02-09 12:30:00,54,Fulham,Home,184.0,21.0,1.0,4.0,3.0,,,212.0,6.0,,5.0,2.0,4.0,21.0,392.0,,,16.0,22.0,13.0,6.0,1.0,,1.0,,,,,,,,,,10.0,,,1.0,,3.0,11.0,4.0,8.0,7.0,73.0,1.0,5.0,14.0,,5.0,9.0,10.0,,6.0,1.0,61.0,54.0,1.0,19.0,8.0,,3.0,63.0,14.0,9.0,,,1.0,,,,,,,,7.0,,,,8.0,1.0,17.0,17.0,4.0,5.0,68.0,33.0,4.0,,3.0,4.0,3.0,476.0,4.0,,48.0,79.0,36.0,1.0,1.0,1.0,,163.0,163.0,5.0,33.0,28.0,51.2,1.0,,1.0,0.0,3.0,1.0,4.0,,1.0,7.0,,3.0,94.0,371.0,7.0,215.0,57.0,19.0,18.0,3.0,22.0,19.0,1.0,144.0,1.0,310.0,1.0,,20.0,6.0,69.0,2.0,503.0,1.0,0.0,15.0,19.0,1.0,18.0,3.0,712.0,21.0,13.0,5.0,10.0,0.0,,67.0,2.0,3.0,,159.0,,128.0,2.0,,149.0,17.0,,,,,,,,10.0,28.0,28.0,13.0,,,,,,,,,,,,
2018-19,987861,27,2019-02-22 19:45:00,54,Fulham,Away,199.0,11.0,,2.0,2.0,2.0,,193.0,7.0,,,7.0,3.0,27.0,390.0,,1.0,7.0,21.0,19.0,5.0,,,,,,,,,,,,,8.0,,,,,,20.0,1.0,4.0,4.0,69.0,4.0,1.0,7.0,,,4.0,4.0,,18.0,1.0,61.0,60.0,4.0,32.0,12.0,,,51.0,11.0,11.0,1.0,,1.0,,,,,,,,10.0,1.0,,1.0,12.0,,13.0,13.0,3.0,,81.0,47.0,12.0,,2.0,3.0,5.0,443.0,4.0,,60.0,36.0,16.0,,,,,139.0,139.0,1.0,31.0,34.0,44.9,,3.0,2.0,0.0,4.0,,4.0,,,2.0,,2.0,55.0,369.0,5.0,222.0,34.0,32.0,17.0,,8.0,8.0,,88.0,7.0,259.0,,,20.0,4.0,59.0,3.0,473.0,,0.0,8.0,18.0,1.0,12.0,1.0,673.0,12.0,12.0,,11.0,0.0,,71.0,,1.0,1.0,170.0,,120.0,2.0,,112.0,17.0,1.0,1.0,,,,,,6.0,15.0,15.0,8.0,,,,,,,,,,,,
2018-19,987871,28,2019-02-27 19:45:00,54,Fulham,Away,246.0,21.0,,1.0,1.0,3.0,,205.0,4.0,,3.0,5.0,8.0,32.0,450.0,,1.0,22.0,26.0,29.0,8.0,,,,,,,,,,,,,13.0,,,,,,7.0,7.0,7.0,7.0,60.0,3.0,6.0,6.0,,4.0,4.0,4.0,,13.0,1.0,66.0,63.0,3.0,19.0,8.0,1.0,,58.0,13.0,14.0,,,,1.0,,,,,,,11.0,,,,8.0,1.0,9.0,9.0,,3.0,82.0,43.0,7.0,,3.0,5.0,4.0,533.0,2.0,,68.0,40.0,22.0,,,,,169.0,169.0,1.0,34.0,20.0,59.1,,,1.0,0.0,1.0,1.0,2.0,,,4.0,,2.0,71.0,427.0,8.0,294.0,49.0,19.0,14.0,2.0,11.0,9.0,,105.0,12.0,283.0,,,27.0,9.0,79.0,2.0,566.0,,0.0,14.0,15.0,1.0,24.0,1.0,746.0,11.0,5.0,4.0,10.0,0.0,,87.0,1.0,1.0,,190.0,,151.0,4.0,,138.0,13.0,,,,,,,,6.0,20.0,20.0,3.0,,,,,,,,,,,,
2018-19,987876,29,2019-03-03 14:05:00,54,Fulham,Home,190.0,19.0,,4.0,4.0,1.0,1.0,123.0,6.0,,1.0,6.0,1.0,26.0,309.0,,1.0,18.0,9.0,3.0,5.0,,,,,,,,,,,,,7.0,,,,,,15.0,5.0,5.0,7.0,62.0,1.0,3.0,6.0,,5.0,9.0,3.0,,11.0,4.0,41.0,36.0,1.0,17.0,5.0,,1.0,45.0,11.0,9.0,,1.0,,1.0,,1.0,,1.0,,1.0,8.0,,,,5.0,,18.0,18.0,2.0,1.0,67.0,35.0,4.0,1.0,2.0,4.0,5.0,362.0,8.0,,54.0,35.0,31.0,,,,,121.0,121.0,3.0,30.0,28.0,36.0,,,,0.0,5.0,,5.0,,,4.0,,3.0,62.0,292.0,6.0,205.0,39.0,17.0,14.0,3.0,16.0,13.0,,98.0,4.0,195.0,,,14.0,1.0,53.0,2.0,384.0,,0.0,12.0,14.0,2.0,18.0,2.0,566.0,19.0,10.0,5.0,10.0,0.0,,53.0,2.0,2.0,1.0,140.0,,99.0,,,92.0,16.0,1.0,,,,,,,6.0,17.0,17.0,6.0,,,,,,,,,,,,
2018-19,987887,30,2019-03-09 15:00:00,54,Fulham,Away,217.0,19.0,,1.0,1.0,3.0,,162.0,6.0,,3.0,4.0,8.0,30.0,378.0,,,20.0,16.0,7.0,5.0,,,,,,,,,,,,,6.0,,,,,,9.0,9.0,3.0,3.0,59.0,2.0,2.0,6.0,,5.0,3.0,6.0,,21.0,3.0,58.0,51.0,2.0,17.0,10.0,2.0,,43.0,13.0,9.0,,,,,,1.0,,,1.0,,12.0,1.0,,,10.0,,19.0,19.0,4.0,3.0,77.0,44.0,6.0,,1.0,5.0,3.0,433.0,2.0,,65.0,46.0,20.0,,,,,145.0,145.0,1.0,21.0,29.0,47.2,,,1.0,0.0,2.0,3.0,5.0,,,1.0,,3.0,53.0,360.0,6.0,247.0,43.0,17.0,12.0,5.0,14.0,9.0,,76.0,6.0,231.0,,,14.0,8.0,60.0,1.0,464.0,,0.0,6.0,26.0,,23.0,2.0,671.0,7.0,9.0,5.0,18.0,0.0,,82.0,,,,151.0,,121.0,,,110.0,18.0,,,,,,,,7.0,15.0,15.0,7.0,,,,,,,,,,,,
2018-19,987896,31,2019-03-17 14:15:00,54,Fulham,Home,148.0,9.0,,1.0,1.0,3.0,,127.0,8.0,,3.0,7.0,6.0,24.0,274.0,,,12.0,19.0,16.0,5.0,,,1.0,,,,,,,,,,7.0,,,,,,11.0,5.0,2.0,5.0,60.0,3.0,3.0,10.0,,1.0,2.0,3.0,,14.0,1.0,58.0,55.0,3.0,20.0,8.0,,,44.0,11.0,7.0,1.0,1.0,,,,,,,,,18.0,1.0,,,8.0,,13.0,13.0,3.0,3.0,73.0,30.0,10.0,,2.0,3.0,2.0,331.0,3.0,,73.0,23.0,12.0,1.0,1.0,1.0,,137.0,137.0,1.0,27.0,22.0,37.2,,,1.0,0.0,3.0,1.0,4.0,,1.0,2.0,,3.0,53.0,257.0,5.0,171.0,21.0,20.0,16.0,,5.0,5.0,1.0,81.0,10.0,199.0,,,31.0,10.0,72.0,4.0,365.0,,0.0,7.0,21.0,1.0,18.0,2.0,540.0,11.0,11.0,1.0,9.0,0.0,,63.0,,,1.0,139.0,,68.0,2.0,,95.0,10.0,,,,,,,,5.0,18.0,18.0,13.0,,,,,,,,,,,,
2018-19,987907,32,2019-03-30 12:30:00,54,Fulham,Home,173.0,11.0,,4.0,4.0,,1.0,114.0,2.0,,4.0,2.0,2.0,19.0,283.0,,,12.0,6.0,12.0,3.0,1.0,,,,,,,1.0,,,1.0,,3.0,,,,,1.0,14.0,10.0,3.0,2.0,52.0,4.0,2.0,9.0,,,6.0,1.0,,9.0,1.0,35.0,53.0,4.0,20.0,7.0,2.0,,37.0,4.0,12.0,,,3.0,1.0,1.0,,,,,,11.0,,,,7.0,,12.0,12.0,3.0,4.0,59.0,30.0,11.0,,3.0,1.0,,335.0,8.0,,45.0,34.0,13.0,,,,,120.0,120.0,1.0,28.0,18.0,34.6,,,,0.0,4.0,1.0,5.0,,,3.0,,3.0,44.0,271.0,4.0,203.0,27.0,20.0,16.0,,8.0,8.0,,69.0,3.0,164.0,,,15.0,2.0,55.0,4.0,359.0,,0.0,5.0,20.0,,15.0,2.0,544.0,7.0,9.0,,10.0,0.0,,65.0,1.0,1.0,,121.0,,92.0,,,81.0,17.0,,,,,,,,3.0,14.0,14.0,10.0,,,,,,,,,,,,
2018-19,987920,33,2019-04-02 19:45:00,54,Fulham,Away,242.0,29.0,2.0,6.0,4.0,3.0,,224.0,2.0,,5.0,5.0,6.0,38.0,460.0,,2.0,16.0,14.0,21.0,11.0,3.0,,1.0,,,,,,,,,,14.0,,,,,1.0,12.0,3.0,15.0,2.0,63.0,1.0,7.0,11.0,,4.0,9.0,8.0,,13.0,2.0,51.0,65.0,1.0,24.0,13.0,,,52.0,5.0,12.0,1.0,,2.0,1.0,,1.0,,1.0,1.0,,2.0,1.0,,1.0,13.0,,8.0,8.0,1.0,5.0,73.0,54.0,6.0,,3.0,12.0,7.0,511.0,7.0,,67.0,62.0,30.0,,,,,126.0,126.0,6.0,32.0,19.0,53.4,,,1.0,0.0,3.0,,3.0,,1.0,3.0,3.0,3.0,94.0,441.0,15.0,267.0,45.0,24.0,23.0,4.0,22.0,18.0,1.0,124.0,8.0,286.0,,,17.0,6.0,60.0,,531.0,,0.0,17.0,18.0,3.0,18.0,2.0,756.0,31.0,14.0,4.0,8.0,0.0,,95.0,2.0,2.0,1.0,162.0,,125.0,1.0,,149.0,14.0,,,,,,,,2.0,18.0,18.0,10.0,,,,,,,,,,,,
2018-19,987925,34,2019-04-13 15:00:00,54,Fulham,Home,144.0,16.0,3.0,5.0,2.0,3.0,,111.0,5.0,,1.0,7.0,2.0,31.0,250.0,,,10.0,29.0,30.0,6.0,3.0,,1.0,,,,,,,,,,8.0,,1.0,,,1.0,7.0,2.0,9.0,3.0,69.0,2.0,,9.0,,7.0,4.0,2.0,,23.0,,74.0,71.0,2.0,25.0,9.0,,,53.0,8.0,9.0,,,1.0,1.0,,2.0,,2.0,2.0,,8.0,2.0,,,9.0,1.0,8.0,8.0,,1.0,79.0,40.0,3.0,2.0,6.0,5.0,5.0,316.0,2.0,,61.0,23.0,23.0,,,,,170.0,170.0,6.0,28.0,27.0,40.6,1.0,,2.0,0.0,1.0,,1.0,,1.0,7.0,,3.0,48.0,233.0,11.0,173.0,31.0,25.0,17.0,5.0,12.0,7.0,2.0,84.0,10.0,182.0,1.0,,29.0,2.0,69.0,1.0,343.0,,0.0,12.0,20.0,1.0,22.0,2.0,566.0,19.0,12.0,7.0,11.0,0.0,,43.0,3.0,1.0,2.0,164.0,1.0,69.0,2.0,,67.0,27.0,1.0,,,,,,,3.0,14.0,14.0,9.0,,,,,,,,,,,,
2018-19,987932,35,2019-04-20 15:00:00,54,Fulham,Away,167.0,17.0,4.0,7.0,3.0,4.0,,218.0,8.0,,5.0,8.0,4.0,31.0,378.0,1.0,,17.0,20.0,21.0,10.0,3.0,,,,,,,,,,,,9.0,1.0,,,,,13.0,2.0,10.0,7.0,56.0,,6.0,7.0,,7.0,7.0,4.0,,12.0,3.0,65.0,53.0,,12.0,7.0,,,47.0,18.0,10.0,1.0,,2.0,1.0,,,,,,,11.0,,,,7.0,,14.0,14.0,3.0,5.0,90.0,54.0,3.0,,5.0,8.0,5.0,431.0,3.0,,91.0,49.0,22.0,,,,1.0,131.0,131.0,1.0,21.0,25.0,51.0,,,1.0,0.0,5.0,,5.0,,,6.0,1.0,3.0,86.0,362.0,13.0,182.0,33.0,12.0,18.0,5.0,17.0,12.0,,120.0,8.0,292.0,,,22.0,5.0,60.0,,457.0,2.0,0.0,17.0,14.0,2.0,23.0,3.0,642.0,32.0,9.0,7.0,10.0,0.0,,87.0,3.0,4.0,1.0,175.0,,96.0,1.0,,99.0,14.0,,,,,,,,9.0,14.0,14.0,5.0,,,,,,,,,,,,
2018-19,987945,36,2019-04-27 15:00:00,54,Fulham,Home,338.0,14.0,2.0,3.0,1.0,2.0,,208.0,6.0,,5.0,3.0,8.0,23.0,543.0,1.0,,17.0,19.0,18.0,6.0,,,,,,,,,,,,,8.0,,,,,,10.0,3.0,2.0,6.0,59.0,2.0,1.0,13.0,,10.0,6.0,3.0,,24.0,5.0,69.0,61.0,2.0,25.0,10.0,,,56.0,10.0,8.0,,,1.0,,,1.0,,1.0,1.0,,7.0,1.0,,1.0,10.0,,6.0,6.0,1.0,5.0,70.0,46.0,3.0,1.0,4.0,3.0,2.0,601.0,3.0,,57.0,51.0,29.0,,,,,148.0,148.0,3.0,21.0,24.0,73.0,,,1.0,0.0,8.0,,8.0,,,5.0,,3.0,92.0,527.0,7.0,356.0,30.0,25.0,17.0,9.0,18.0,9.0,,131.0,4.0,285.0,,,15.0,8.0,47.0,1.0,623.0,2.0,0.0,8.0,22.0,,20.0,0.0,833.0,21.0,13.0,10.0,10.0,0.0,,98.0,,1.0,,193.0,,158.0,2.0,,174.0,19.0,,,,,,,,5.0,11.0,11.0,4.0,1.0,,,,,,,,,,,
2018-19,987961,37,2019-05-04 15:00:00,54,Fulham,Away,325.0,14.0,,1.0,1.0,5.0,1.0,194.0,5.0,,1.0,11.0,1.0,34.0,518.0,,,16.0,17.0,24.0,3.0,1.0,,,,,,,,,,,,5.0,,,,,1.0,12.0,7.0,3.0,3.0,52.0,,1.0,5.0,,1.0,3.0,4.0,,17.0,2.0,54.0,62.0,,36.0,24.0,,1.0,50.0,15.0,9.0,,,1.0,1.0,,,,,,,8.0,,,2.0,24.0,,12.0,12.0,,1.0,90.0,62.0,7.0,,3.0,1.0,2.0,580.0,2.0,,70.0,52.0,14.0,,,,,126.0,126.0,1.0,22.0,26.0,60.8,,,,0.0,4.0,1.0,5.0,,,3.0,,2.0,50.0,506.0,4.0,347.0,30.0,36.0,18.0,1.0,9.0,8.0,,83.0,11.0,263.0,,,29.0,2.0,67.0,,601.0,,0.0,6.0,13.0,1.0,17.0,3.0,782.0,9.0,16.0,1.0,6.0,0.0,,104.0,1.0,1.0,,156.0,,165.0,1.0,,176.0,14.0,,,,,,,,4.0,8.0,8.0,2.0,,,,,,,,,,,,
2018-19,987965,38,2019-05-12 15:00:00,54,Fulham,Home,344.0,18.0,2.0,5.0,3.0,1.0,,351.0,6.0,,3.0,5.0,2.0,29.0,690.0,,,13.0,12.0,17.0,7.0,2.0,,,,,,,,,,,,13.0,,,,1.0,,8.0,5.0,8.0,8.0,58.0,1.0,6.0,4.0,,5.0,14.0,9.0,,9.0,,36.0,48.0,1.0,7.0,1.0,1.0,,84.0,6.0,8.0,,,1.0,,,,,,,,6.0,,,1.0,1.0,1.0,13.0,13.0,5.0,3.0,81.0,68.0,5.0,,6.0,3.0,2.0,745.0,1.0,,124.0,57.0,44.0,,,,,133.0,133.0,6.0,22.0,27.0,68.1,1.0,,1.0,0.0,2.0,,2.0,,,8.0,1.0,3.0,152.0,671.0,9.0,355.0,35.0,7.0,17.0,5.0,28.0,23.0,,197.0,3.0,438.0,,,11.0,2.0,51.0,1.0,765.0,2.0,0.0,16.0,12.0,2.0,15.0,1.0,940.0,36.0,11.0,5.0,9.0,0.0,,113.0,,,,206.0,,224.0,1.0,,222.0,16.0,,1.0,,,,,,2.0,14.0,14.0,7.0,,,,,,,,,,,,
2020-21,2128288,1,2020-09-12 12:30:00,54,Fulham,Home,246.0,13.0,,2.0,2.0,1.0,,217.0,3.0,1.0,2.0,6.0,1.0,32.0,461.0,,,20.0,7.0,8.0,3.0,,,,,,,,,,1.0,,,4.0,,,,,1.0,9.0,4.0,1.0,4.0,50.0,4.0,1.0,6.0,1.0,2.0,5.0,5.0,,6.0,,35.0,36.0,4.0,7.0,4.0,,1.0,47.0,12.0,11.0,,,4.0,3.0,,,,,,,4.0,,,,4.0,,10.0,10.0,1.0,2.0,66.0,50.0,3.0,,,3.0,2.0,505.0,4.0,,70.0,86.0,17.0,,,,,107.0,107.0,3.0,28.0,15.0,45.6,,,,0.0,3.0,,2.0,,,2.0,1.0,3.0,95.0,444.0,3.0,272.0,24.0,7.0,12.0,2.0,15.0,13.0,,115.0,3.0,266.0,,1.0,19.0,1.0,55.0,2.0,523.0,,0.0,5.0,11.0,,20.0,2.0,667.0,3.0,6.0,2.0,7.0,0.0,,99.0,,,,159.0,,134.0,,,131.0,18.0,,,,,,,,5.0,5.0,9.0,5.0,,,,,,,,,31.0,14.0,,
2020-21,2128300,2,2020-09-19 15:00:00,54,Fulham,Away,189.0,15.0,1.0,4.0,3.0,1.0,,169.0,2.0,,8.0,6.0,10.0,20.0,354.0,,,14.0,18.0,20.0,6.0,1.0,2.0,,,1.0,,,1.0,,,,,10.0,1.0,,1.0,,,8.0,2.0,7.0,7.0,79.0,1.0,3.0,12.0,,3.0,11.0,4.0,,13.0,3.0,69.0,70.0,1.0,16.0,6.0,,,50.0,18.0,12.0,2.0,,2.0,,1.0,2.0,,2.0,2.0,,3.0,2.0,,,6.0,1.0,16.0,16.0,2.0,8.0,58.0,33.0,5.0,,3.0,6.0,6.0,416.0,1.0,,40.0,62.0,24.0,1.0,1.0,1.0,1.0,153.0,153.0,10.0,28.0,32.0,49.7,1.0,,2.0,0.0,2.0,1.0,3.0,,,5.0,,3.0,86.0,339.0,9.0,211.0,35.0,16.0,29.0,3.0,18.0,15.0,,122.0,7.0,245.0,,,17.0,11.0,47.0,,438.0,,0.0,14.0,18.0,,16.0,2.0,668.0,14.0,20.0,3.0,11.0,0.0,,81.0,2.0,,3.0,157.0,,98.0,2.0,,102.0,29.0,,,,,,,,8.0,22.0,22.0,15.0,,,,,,,,,17.0,9.0,,
2020-21,2128309,3,2020-09-28 17:45:00,54,Fulham,Home,230.0,31.0,,11.0,11.0,1.0,,242.0,6.0,,3.0,3.0,7.0,36.0,461.0,,,18.0,20.0,19.0,13.0,,,,,,,,,,,,,14.0,,,,,2.0,10.0,2.0,11.0,5.0,59.0,,4.0,10.0,,5.0,21.0,15.0,,9.0,,71.0,64.0,,7.0,4.0,,,66.0,18.0,14.0,,,3.0,2.0,,,,,,,7.0,,1.0,,4.0,1.0,7.0,7.0,,3.0,62.0,38.0,3.0,,7.0,6.0,3.0,512.0,3.0,,74.0,97.0,47.0,,,,,154.0,154.0,1.0,29.0,25.0,65.0,,,,0.0,2.0,,2.0,,,9.0,,3.0,111.0,438.0,13.0,255.0,48.0,7.0,36.0,5.0,43.0,38.0,,146.0,3.0,326.0,1.0,,18.0,8.0,68.0,,538.0,,0.0,16.0,9.0,,21.0,6.0,759.0,31.0,22.0,5.0,4.0,0.0,,72.0,,,,173.0,,146.0,1.0,,147.0,18.0,,1.0,,,,,,10.0,14.0,14.0,5.0,,,,,,,,,21.0,12.0,,
2020-21,2128325,4,2020-10-04 14:00:00,54,Fulham,Away,257.0,14.0,1.0,4.0,3.0,,,207.0,5.0,,9.0,2.0,4.0,34.0,460.0,,,17.0,12.0,9.0,7.0,1.0,3.0,1.0,,,,,1.0,,,,,4.0,,,,,2.0,7.0,7.0,6.0,4.0,53.0,1.0,3.0,6.0,,2.0,11.0,13.0,,7.0,1.0,33.0,48.0,1.0,14.0,9.0,,1.0,49.0,8.0,15.0,,,3.0,3.0,1.0,,,,,,6.0,,3.0,2.0,9.0,,5.0,5.0,,9.0,68.0,39.0,6.0,,5.0,3.0,2.0,504.0,6.0,,66.0,82.0,31.0,,,,,116.0,116.0,,17.0,27.0,52.9,,,1.0,0.0,2.0,2.0,4.0,,1.0,5.0,,3.0,97.0,441.0,8.0,271.0,29.0,14.0,12.0,1.0,28.0,27.0,1.0,117.0,3.0,281.0,3.0,,12.0,4.0,55.0,,524.0,1.0,0.0,10.0,14.0,,19.0,1.0,713.0,17.0,10.0,2.0,11.0,0.0,,88.0,1.0,1.0,,147.0,,143.0,,,146.0,17.0,,,,,,,,2.0,12.0,12.0,7.0,,,,,,,,,27.0,9.0,,
2020-21,2128333,5,2020-10-18 12:00:00,54,Fulham,Away,251.0,13.0,2.0,7.0,5.0,1.0,1.0,231.0,1.0,,7.0,4.0,4.0,19.0,475.0,,,16.0,25.0,20.0,10.0,2.0,4.0,,,,,1.0,1.0,,,,,9.0,,1.0,,,,6.0,4.0,9.0,6.0,58.0,2.0,4.0,4.0,,5.0,3.0,7.0,,7.0,2.0,52.0,53.0,2.0,22.0,7.0,,,40.0,9.0,4.0,1.0,,2.0,1.0,1.0,,,,,,4.0,1.0,2.0,,7.0,1.0,12.0,12.0,3.0,7.0,68.0,42.0,2.0,,4.0,8.0,6.0,548.0,1.0,,55.0,63.0,25.0,1.0,1.0,1.0,1.0,129.0,129.0,2.0,26.0,22.0,58.5,1.0,2.0,,0.0,3.0,2.0,5.0,1.0,,5.0,,1.0,80.0,467.0,12.0,284.0,24.0,22.0,23.0,5.0,16.0,11.0,,107.0,7.0,295.0,3.0,,20.0,6.0,47.0,,563.0,,0.0,15.0,14.0,,20.0,2.0,743.0,20.0,15.0,5.0,8.0,0.0,,90.0,1.0,2.0,,163.0,,150.0,2.0,,160.0,11.0,,,,,,,,2.0,8.0,8.0,,,,,1.0,,,,,33.0,17.0,,
2020-21,2128340,6,2020-10-24 15:00:00,54,Fulham,Home,224.0,14.0,,9.0,9.0,2.0,2.0,359.0,5.0,1.0,5.0,,3.0,24.0,574.0,,,19.0,5.0,9.0,9.0,5.0,1.0,,,,,,,,,,,11.0,,,,1.0,3.0,11.0,3.0,10.0,6.0,52.0,1.0,4.0,13.0,,4.0,8.0,16.0,,14.0,2.0,51.0,52.0,1.0,13.0,3.0,,,59.0,11.0,11.0,,,6.0,2.0,,1.0,,,1.0,,5.0,1.0,,,3.0,2.0,10.0,10.0,,5.0,68.0,56.0,4.0,1.0,8.0,7.0,3.0,623.0,1.0,,105.0,120.0,36.0,,,,,131.0,131.0,4.0,20.0,23.0,64.2,1.0,,1.0,0.0,6.0,2.0,8.0,,,9.0,,3.0,161.0,554.0,15.0,238.0,28.0,13.0,21.0,3.0,29.0,26.0,,198.0,3.0,434.0,,1.0,3.0,3.0,37.0,1.0,643.0,1.0,1.0,16.0,19.0,,20.0,0.0,851.0,30.0,13.0,4.0,7.0,0.0,,104.0,,1.0,,140.0,,218.0,1.0,,181.0,17.0,,1.0,,,,,,5.0,16.0,16.0,6.0,,,,,,,,,29.0,17.0,,
2020-21,2128348,7,2020-11-02 17:30:00,54,Fulham,Home,136.0,15.0,,1.0,1.0,2.0,,168.0,4.0,,3.0,6.0,7.0,20.0,303.0,,,24.0,16.0,15.0,6.0,,1.0,,,,,,,,,,,12.0,,,,,,6.0,4.0,6.0,7.0,56.0,1.0,4.0,9.0,,5.0,11.0,1.0,1.0,19.0,,65.0,64.0,1.0,13.0,5.0,,1.0,46.0,13.0,10.0,,1.0,2.0,1.0,,2.0,,1.0,2.0,,8.0,2.0,,,5.0,,10.0,10.0,1.0,4.0,66.0,26.0,2.0,1.0,2.0,6.0,6.0,368.0,5.0,,83.0,41.0,31.0,,,,,179.0,179.0,4.0,29.0,17.0,45.7,,,,0.0,1.0,,1.0,2.0,,3.0,,3.0,87.0,287.0,8.0,158.0,36.0,13.0,33.0,3.0,16.0,13.0,,127.0,8.0,253.0,,,21.0,8.0,56.0,1.0,395.0,,0.0,13.0,15.0,,39.0,3.0,627.0,17.0,24.0,5.0,6.0,0.0,,61.0,1.0,1.0,1.0,149.0,,94.0,2.0,,91.0,24.0,,1.0,,,,,,7.0,21.0,21.0,13.0,,,,,,,,,27.0,18.0,,
2020-21,2128365,8,2020-11-07 20:00:00,54,Fulham,Away,164.0,12.0,1.0,7.0,7.0,1.0,1.0,225.0,6.0,,2.0,1.0,6.0,14.0,382.0,,,11.0,23.0,23.0,7.0,1.0,1.0,,,,,1.0,2.0,,,,,6.0,,,,,3.0,10.0,6.0,7.0,6.0,37.0,2.0,6.0,5.0,,5.0,10.0,6.0,,10.0,3.0,49.0,53.0,2.0,24.0,14.0,,,45.0,9.0,9.0,,,4.0,1.0,2.0,,,,,,11.0,,,,14.0,,5.0,5.0,1.0,2.0,63.0,39.0,9.0,,4.0,4.0,3.0,434.0,1.0,,88.0,47.0,27.0,,,,1.0,128.0,128.0,1.0,22.0,12.0,47.0,,,2.0,0.0,4.0,2.0,6.0,1.0,,4.0,,2.0,111.0,364.0,8.0,190.0,24.0,24.0,13.0,3.0,19.0,17.0,,140.0,3.0,289.0,,,16.0,6.0,42.0,2.0,460.0,,0.0,13.0,12.0,,17.0,2.0,629.0,27.0,9.0,5.0,7.0,0.0,1.0,71.0,1.0,2.0,,137.0,,125.0,1.0,,127.0,15.0,,1.0,,,,,,2.0,12.0,12.0,5.0,,,,,,,,,19.0,13.0,,
2020-21,2128368,9,2020-11-22 12:00:00,54,Fulham,Home,218.0,18.0,,3.0,3.0,1.0,,307.0,,,11.0,,1.0,25.0,522.0,1.0,,25.0,18.0,13.0,11.0,,,,,,,,,,,,,13.0,,,,,,7.0,2.0,7.0,7.0,66.0,2.0,4.0,11.0,,2.0,7.0,2.0,,18.0,2.0,64.0,51.0,2.0,18.0,13.0,,,72.0,14.0,8.0,,,2.0,1.0,,2.0,,2.0,2.0,,,2.0,2.0,,13.0,,10.0,10.0,2.0,11.0,56.0,36.0,5.0,1.0,3.0,10.0,6.0,603.0,2.0,,82.0,85.0,28.0,,,,1.0,154.0,154.0,8.0,22.0,25.0,54.1,,,,0.0,3.0,1.0,4.0,,,4.0,,3.0,167.0,506.0,13.0,242.0,38.0,18.0,23.0,,10.0,10.0,,218.0,1.0,388.0,3.0,,5.0,2.0,41.0,2.0,620.0,1.0,0.0,14.0,12.0,1.0,26.0,2.0,838.0,24.0,19.0,2.0,6.0,0.0,,77.0,2.0,1.0,2.0,176.0,,181.0,2.0,,186.0,22.0,,,,,,,,8.0,20.0,20.0,13.0,,,1.0,,,,,,31.0,16.0,,
2020-21,2128381,10,2020-11-30 17:30:00,54,Fulham,Away,97.0,14.0,1.0,2.0,1.0,,,130.0,2.0,,1.0,6.0,1.0,20.0,225.0,1.0,1.0,10.0,10.0,11.0,6.0,1.0,,2.0,,1.0,,,1.0,,,,,7.0,1.0,,,,1.0,8.0,8.0,7.0,3.0,58.0,4.0,2.0,8.0,,5.0,3.0,1.0,,14.0,1.0,57.0,54.0,4.0,31.0,17.0,,,47.0,21.0,9.0,1.0,,3.0,,1.0,1.0,,1.0,1.0,,6.0,1.0,1.0,1.0,17.0,,18.0,18.0,,1.0,56.0,21.0,6.0,1.0,2.0,6.0,5.0,295.0,6.0,,53.0,61.0,13.0,,,,1.0,133.0,133.0,2.0,30.0,18.0,32.0,,,1.0,0.0,2.0,,2.0,,2.0,3.0,,3.0,63.0,217.0,8.0,120.0,41.0,31.0,16.0,4.0,8.0,4.0,3.0,100.0,4.0,205.0,1.0,,21.0,3.0,56.0,,317.0,1.0,0.0,10.0,24.0,1.0,16.0,2.0,512.0,16.0,11.0,5.0,12.0,0.0,,57.0,3.0,2.0,2.0,133.0,1.0,59.0,1.0,,68.0,9.0,1.0,1.0,,,,,,16.0,10.0,10.0,3.0,,,,,,,,,38.0,21.0,,
2020-21,2128391,11,2020-12-05 15:00:00,54,Fulham,Away,159.0,12.0,2.0,2.0,,,,117.0,11.0,,6.0,1.0,3.0,16.0,274.0,,,8.0,8.0,9.0,3.0,2.0,2.0,,0.0,,,,,,1.0,,,4.0,0.0,,,,,13.0,2.0,4.0,2.0,55.0,,1.0,12.0,,3.0,1.0,3.0,0.0,12.0,3.0,42.0,52.0,,23.0,7.0,,,43.0,6.0,7.0,,,,1.0,,,,,,,15.0,0.0,,1.0,7.0,,18.0,18.0,5.0,6.0,45.0,24.0,9.0,0.0,3.0,2.0,1.0,325.0,2.0,0.0,57.0,48.0,17.0,1.0,1.0,1.0,,118.0,118.0,3.0,22.0,23.0,31.1,,,1.0,0.0,3.0,,4.0,2.0,,4.0,,3.0,50.0,254.0,5.0,181.0,36.0,23.0,24.0,2.0,7.0,5.0,,88.0,1.0,177.0,,,7.0,3.0,45.0,1.0,351.0,,0.0,6.0,17.0,2.0,10.0,0.0,531.0,6.0,19.0,3.0,12.0,0.0,,65.0,,,,137.0,,86.0,,,63.0,16.0,,,0.0,,0.0,0.0,,4.0,12.0,12.0,8.0,,,,,,,,,32.0,18.0,,
2020-21,2128399,12,2020-12-13 16:30:00,54,Fulham,Home,66.0,15.0,1.0,3.0,2.0,1.0,,90.0,6.0,,2.0,5.0,,28.0,153.0,,1.0,14.0,12.0,19.0,5.0,1.0,2.0,,,,,,,,,,,7.0,,,,,1.0,7.0,5.0,6.0,4.0,60.0,5.0,1.0,14.0,,6.0,8.0,3.0,,11.0,3.0,54.0,51.0,5.0,42.0,25.0,,,47.0,9.0,4.0,,,2.0,,,1.0,,1.0,,1.0,8.0,,1.0,2.0,25.0,,17.0,17.0,1.0,2.0,51.0,20.0,8.0,1.0,2.0,5.0,5.0,206.0,2.0,,35.0,37.0,29.0,1.0,1.0,1.0,,141.0,141.0,5.0,31.0,13.0,24.9,,2.0,1.0,0.0,2.0,3.0,5.0,,,4.0,,3.0,61.0,139.0,7.0,85.0,23.0,42.0,21.0,6.0,17.0,11.0,,96.0,6.0,159.0,1.0,,26.0,1.0,63.0,2.0,227.0,,0.0,10.0,17.0,1.0,19.0,3.0,452.0,21.0,11.0,6.0,8.0,0.0,,24.0,3.0,4.0,,118.0,,30.0,3.0,,55.0,22.0,,1.0,,,,,,5.0,11.0,11.0,5.0,,,,,,,,,33.0,15.0,,
2020-21,2128408,13,2020-12-16 20:00:00,54,Fulham,Home,162.0,21.0,1.0,1.0,,1.0,,151.0,4.0,,4.0,3.0,6.0,21.0,312.0,,,13.0,15.0,13.0,4.0,3.0,1.0,,,,,,,,,,,6.0,,,,,1.0,5.0,4.0,7.0,2.0,80.0,2.0,2.0,9.0,,1.0,6.0,2.0,,9.0,1.0,53.0,52.0,2.0,23.0,9.0,,,67.0,15.0,10.0,,,,,,,,,,,6.0,,,1.0,9.0,,17.0,17.0,2.0,4.0,81.0,29.0,8.0,,2.0,5.0,4.0,404.0,1.0,,47.0,71.0,18.0,,,,,173.0,173.0,7.0,37.0,29.0,46.4,,,1.0,0.0,2.0,2.0,4.0,2.0,,3.0,,3.0,93.0,300.0,7.0,195.0,43.0,23.0,20.0,1.0,9.0,8.0,,143.0,5.0,240.0,,,37.0,6.0,76.0,1.0,426.0,,0.0,9.0,16.0,,22.0,1.0,637.0,13.0,13.0,1.0,11.0,0.0,,58.0,1.0,2.0,,175.0,,91.0,,,102.0,25.0,,,,,,,,6.0,18.0,18.0,8.0,,,,,,,,,31.0,18.0,,
2020-21,2128422,14,2020-12-19 20:00:00,54,Fulham,Away,220.0,21.0,3.0,6.0,3.0,1.0,,181.0,6.0,,1.0,2.0,5.0,33.0,395.0,,,5.0,22.0,16.0,6.0,1.0,3.0,,,,,,1.0,,,,,5.0,,,,,1.0,6.0,6.0,6.0,5.0,52.0,3.0,3.0,5.0,,9.0,9.0,2.0,,7.0,2.0,55.0,43.0,3.0,20.0,17.0,,,62.0,17.0,7.0,,,3.0,2.0,1.0,,,,,,9.0,,1.0,1.0,17.0,,12.0,12.0,1.0,1.0,76.0,44.0,2.0,,3.0,4.0,4.0,460.0,2.0,,87.0,46.0,34.0,1.0,1.0,1.0,,143.0,143.0,1.0,24.0,22.0,50.5,,2.0,,0.0,3.0,1.0,4.0,3.0,,4.0,,3.0,79.0,383.0,7.0,235.0,41.0,20.0,18.0,9.0,22.0,13.0,,123.0,2.0,267.0,1.0,,15.0,5.0,64.0,,480.0,1.0,1.0,11.0,7.0,,18.0,3.0,649.0,20.0,13.0,9.0,4.0,0.0,,87.0,2.0,2.0,,143.0,,119.0,1.0,,131.0,16.0,,1.0,,,,,,11.0,16.0,16.0,7.0,,,,,,,,,33.0,13.0,,
2020-21,2128428,15,2020-12-26 15:00:00,54,Fulham,Home,109.0,21.0,1.0,4.0,3.0,2.0,,133.0,7.0,2.0,6.0,5.0,2.0,26.0,238.0,2.0,,25.0,16.0,20.0,7.0,1.0,1.0,,,,,,,,,,,8.0,,,,,1.0,1.0,2.0,7.0,3.0,54.0,3.0,5.0,9.0,,6.0,11.0,5.0,,19.0,1.0,72.0,67.0,3.0,22.0,15.0,,,42.0,15.0,11.0,,,1.0,2.0,,,,,,,8.0,,,2.0,15.0,,15.0,15.0,1.0,6.0,75.0,39.0,3.0,,3.0,5.0,1.0,308.0,,,62.0,51.0,26.0,,,,,182.0,182.0,8.0,27.0,13.0,46.7,,,,0.0,,2.0,2.0,2.0,,4.0,,2.0,72.0,221.0,8.0,136.0,37.0,22.0,27.0,6.0,24.0,18.0,,107.0,4.0,219.0,,2.0,23.0,4.0,55.0,1.0,331.0,2.0,0.0,10.0,24.0,,33.0,2.0,573.0,21.0,12.0,6.0,14.0,0.0,,49.0,1.0,1.0,,142.0,,65.0,2.0,,75.0,24.0,,,,,,,,8.0,8.0,8.0,3.0,,,,,,,,,34.0,17.0,,
2020-21,2128444,16,2021-01-13 20:15:00,54,Fulham,Away,192.0,27.0,2.0,3.0,2.0,3.0,,187.0,4.0,,6.0,4.0,6.0,32.0,376.0,,,6.0,19.0,24.0,9.0,2.0,4.0,1.0,,,,,1.0,,,,,10.0,,,,,,10.0,5.0,10.0,5.0,68.0,1.0,6.0,13.0,,5.0,13.0,3.0,,4.0,3.0,60.0,68.0,1.0,20.0,12.0,,,44.0,15.0,13.0,1.0,,2.0,1.0,1.0,1.0,,1.0,1.0,,6.0,1.0,1.0,1.0,12.0,,13.0,13.0,1.0,7.0,66.0,41.0,6.0,,4.0,8.0,4.0,443.0,3.0,,79.0,56.0,25.0,,,,,148.0,148.0,3.0,26.0,31.0,47.6,,,1.0,0.0,3.0,2.0,5.0,,1.0,5.0,,3.0,82.0,359.0,12.0,222.0,42.0,20.0,28.0,4.0,20.0,17.0,1.0,113.0,6.0,265.0,1.0,,15.0,6.0,57.0,2.0,467.0,,0.0,15.0,13.0,,8.0,2.0,664.0,21.0,18.0,5.0,7.0,0.0,,76.0,1.0,1.0,,168.0,,109.0,3.0,,114.0,18.0,,,,1.0,,,,7.0,19.0,19.0,5.0,,,,,,,,,30.0,16.0,,
2020-21,2128447,17,2021-02-17 18:00:00,54,Fulham,Away,227.0,13.0,3.0,4.0,2.0,2.0,,126.0,5.0,,4.0,5.0,2.0,13.0,349.0,,,9.0,27.0,33.0,5.0,2.0,3.0,,,,,,,,,,,5.0,,,,,,7.0,1.0,5.0,3.0,65.0,3.0,1.0,6.0,,5.0,7.0,3.0,1.0,6.0,,56.0,63.0,3.0,30.0,13.0,,1.0,39.0,13.0,7.0,,,,,,1.0,,1.0,,1.0,7.0,,1.0,,13.0,,8.0,8.0,,4.0,79.0,29.0,5.0,,4.0,4.0,3.0,452.0,,,43.0,63.0,15.0,,,,,178.0,178.0,2.0,30.0,27.0,54.0,,2.0,1.0,0.0,1.0,1.0,2.0,1.0,,4.0,,3.0,49.0,330.0,8.0,281.0,42.0,30.0,13.0,5.0,14.0,10.0,,79.0,7.0,210.0,1.0,,28.0,3.0,63.0,,477.0,1.0,0.0,8.0,14.0,,18.0,1.0,647.0,13.0,9.0,5.0,9.0,0.0,,62.0,,,,166.0,,134.0,2.0,,115.0,19.0,,1.0,,,,,,7.0,23.0,23.0,6.0,,,,,,,,,30.0,14.0,,
2020-21,2128458,18,2021-01-20 20:15:00,54,Fulham,Home,209.0,14.0,,4.0,4.0,,,118.0,12.0,,3.0,,2.0,14.0,323.0,,1.0,10.0,10.0,11.0,9.0,,1.0,1.0,,,,,,,,,,11.0,,,,,,10.0,5.0,8.0,4.0,58.0,4.0,3.0,10.0,,2.0,8.0,3.0,,10.0,3.0,44.0,44.0,4.0,29.0,18.0,1.0,,41.0,6.0,10.0,1.0,,2.0,2.0,,1.0,,1.0,1.0,,14.0,1.0,1.0,,18.0,,15.0,15.0,1.0,3.0,61.0,35.0,8.0,,3.0,7.0,5.0,373.0,4.0,,32.0,41.0,23.0,,,,,133.0,133.0,4.0,32.0,19.0,38.4,,3.0,,0.0,2.0,1.0,3.0,,1.0,4.0,,3.0,46.0,298.0,10.0,244.0,36.0,29.0,19.0,2.0,15.0,13.0,1.0,74.0,6.0,171.0,2.0,,14.0,2.0,46.0,1.0,400.0,,0.0,12.0,12.0,2.0,17.0,3.0,601.0,15.0,11.0,2.0,9.0,0.0,,42.0,1.0,,1.0,137.0,,119.0,1.0,,102.0,18.0,1.0,,,,,,,3.0,14.0,14.0,7.0,,,,,,,,,,,,
2020-21,2128468,19,2021-01-16 17:30:00,54,Fulham,Home,114.0,16.0,,3.0,3.0,1.0,1.0,127.0,4.0,,4.0,8.0,7.0,25.0,238.0,1.0,,19.0,14.0,22.0,5.0,,1.0,,,1.0,,,1.0,,1.0,,,8.0,,,,,,13.0,8.0,7.0,3.0,60.0,2.0,2.0,7.0,,1.0,8.0,1.0,,12.0,4.0,49.0,62.0,2.0,33.0,13.0,,,50.0,11.0,10.0,,,1.0,1.0,1.0,,,,,,8.0,,1.0,,13.0,,18.0,18.0,2.0,4.0,67.0,39.0,12.0,,4.0,1.0,3.0,306.0,8.0,,69.0,38.0,20.0,,,,,147.0,147.0,8.0,32.0,14.0,30.2,,,1.0,0.0,3.0,2.0,5.0,,,5.0,,3.0,57.0,227.0,5.0,139.0,44.0,33.0,15.0,1.0,11.0,10.0,,102.0,9.0,200.0,1.0,,17.0,9.0,56.0,1.0,328.0,2.0,1.0,10.0,20.0,,25.0,2.0,557.0,18.0,10.0,1.0,10.0,0.0,,55.0,1.0,1.0,,141.0,,70.0,2.0,,62.0,23.0,,1.0,,,,,,8.0,14.0,14.0,5.0,,,,,,,,,30.0,10.0,,
2020-21,2128476,20,2021-01-27 19:30:00,54,Fulham,Away,188.0,20.0,,3.0,3.0,2.0,,139.0,3.0,,5.0,4.0,1.0,18.0,324.0,,,15.0,28.0,26.0,9.0,,,1.0,,,,,,,,,,10.0,,,,,,12.0,4.0,8.0,2.0,57.0,3.0,2.0,13.0,,,5.0,6.0,,14.0,2.0,78.0,58.0,3.0,20.0,8.0,,1.0,36.0,14.0,10.0,,,1.0,,,,,,,,9.0,,1.0,,8.0,,16.0,16.0,5.0,5.0,75.0,38.0,10.0,,4.0,5.0,3.0,414.0,6.0,,60.0,50.0,12.0,,,,,169.0,169.0,,27.0,22.0,50.5,,,4.0,0.0,4.0,1.0,5.0,,1.0,5.0,,3.0,66.0,310.0,9.0,233.0,36.0,20.0,20.0,,11.0,11.0,1.0,90.0,3.0,217.0,1.0,,25.0,2.0,56.0,,439.0,,0.0,10.0,12.0,1.0,18.0,1.0,646.0,15.0,11.0,,7.0,0.0,,72.0,,,,178.0,,94.0,3.0,,95.0,17.0,,,,,,,,9.0,29.0,29.0,10.0,,,,,,,,,36.0,16.0,,
2020-21,2128494,21,2021-01-30 15:00:00,54,Fulham,Away,245.0,19.0,1.0,2.0,1.0,1.0,,221.0,5.0,,3.0,5.0,6.0,27.0,464.0,,,13.0,20.0,36.0,8.0,1.0,1.0,,,,,,,,,,,10.0,,,1.0,,1.0,4.0,1.0,8.0,4.0,65.0,2.0,2.0,8.0,,3.0,5.0,8.0,,8.0,1.0,50.0,63.0,2.0,17.0,9.0,,,61.0,10.0,9.0,,,3.0,2.0,,2.0,,2.0,2.0,,8.0,2.0,,1.0,9.0,1.0,6.0,6.0,,3.0,74.0,41.0,2.0,1.0,3.0,8.0,7.0,554.0,,,55.0,58.0,28.0,,,,,166.0,166.0,6.0,36.0,19.0,62.5,1.0,2.0,,0.0,1.0,,1.0,2.0,,3.0,,3.0,93.0,450.0,11.0,286.0,39.0,17.0,15.0,3.0,18.0,15.0,,135.0,5.0,306.0,,,21.0,6.0,62.0,1.0,574.0,,0.0,12.0,8.0,1.0,20.0,0.0,742.0,18.0,10.0,3.0,5.0,0.0,,84.0,3.0,1.0,2.0,175.0,,153.0,3.0,,162.0,16.0,,,,1.0,1.0,,,5.0,6.0,14.0,6.0,,,,,0.76922,1.34965,1.0982,1.3247,32.0,20.0,,
2020-21,2128498,22,2021-02-03 18:00:00,54,Fulham,Home,275.0,19.0,1.0,6.0,5.0,2.0,,229.0,3.0,,4.0,3.0,4.0,27.0,498.0,,1.0,20.0,15.0,16.0,5.0,2.0,1.0,1.0,,,,,,,,,,7.0,,,,,,7.0,2.0,4.0,4.0,68.0,3.0,3.0,9.0,,5.0,9.0,10.0,,8.0,2.0,57.0,66.0,3.0,16.0,14.0,,,70.0,17.0,10.0,,,1.0,1.0,,,,,,,3.0,,,1.0,14.0,,13.0,13.0,,4.0,88.0,62.0,2.0,,3.0,4.0,1.0,580.0,2.0,,51.0,91.0,34.0,,,,,155.0,155.0,9.0,27.0,28.0,57.5,,,,0.0,2.0,1.0,3.0,,1.0,4.0,1.0,3.0,102.0,480.0,7.0,293.0,49.0,16.0,28.0,5.0,25.0,20.0,1.0,161.0,4.0,330.0,,,7.0,4.0,57.0,1.0,598.0,,0.0,8.0,22.0,1.0,27.0,3.0,802.0,26.0,18.0,5.0,13.0,0.0,,87.0,1.0,1.0,,166.0,,174.0,1.0,,171.0,9.0,,,,,,,,7.0,18.0,18.0,8.0,,,,,,,,,37.0,17.0,,
2020-21,2128508,23,2021-02-06 17:30:00,54,Fulham,Home,277.0,19.0,2.0,5.0,3.0,,,191.0,4.0,,4.0,1.0,4.0,21.0,463.0,,1.0,13.0,26.0,11.0,12.0,2.0,2.0,,,1.0,,,2.0,,,,,16.0,,,,,,7.0,1.0,13.0,7.0,62.0,,6.0,4.0,,7.0,8.0,4.0,,6.0,1.0,49.0,42.0,,11.0,7.0,,,56.0,11.0,10.0,,,2.0,1.0,2.0,,,,,,6.0,,,1.0,7.0,,11.0,11.0,1.0,4.0,81.0,51.0,3.0,,9.0,5.0,2.0,530.0,1.0,,52.0,57.0,36.0,,,,,132.0,132.0,7.0,20.0,31.0,60.6,,,,0.0,1.0,,1.0,,,12.0,1.0,3.0,91.0,448.0,14.0,295.0,33.0,11.0,11.0,5.0,18.0,13.0,,139.0,2.0,273.0,,,20.0,6.0,52.0,1.0,550.0,2.0,0.0,20.0,13.0,1.0,15.0,1.0,722.0,29.0,8.0,7.0,9.0,0.0,,80.0,2.0,2.0,,162.0,,152.0,2.0,,156.0,18.0,1.0,,,,,,,6.0,14.0,14.0,10.0,,,,,,,,,27.0,12.0,,
2020-21,2128520,24,2021-02-14 19:00:00,54,Fulham,Away,229.0,16.0,1.0,3.0,2.0,1.0,1.0,240.0,5.0,,2.0,3.0,7.0,24.0,466.0,,,20.0,15.0,9.0,7.0,1.0,1.0,,,,,,,,,,,9.0,,,,,2.0,4.0,3.0,8.0,4.0,62.0,3.0,3.0,8.0,,4.0,7.0,3.0,,11.0,,56.0,34.0,3.0,24.0,13.0,,,58.0,16.0,7.0,2.0,,1.0,2.0,,1.0,,1.0,1.0,,6.0,2.0,,,13.0,2.0,12.0,12.0,1.0,2.0,63.0,43.0,5.0,,5.0,4.0,3.0,527.0,2.0,,100.0,53.0,28.0,,,,,126.0,126.0,8.0,24.0,24.0,50.3,,,1.0,0.0,1.0,1.0,2.0,,,6.0,1.0,3.0,125.0,454.0,9.0,260.0,34.0,24.0,14.0,3.0,15.0,12.0,,158.0,5.0,300.0,,,16.0,7.0,53.0,2.0,545.0,,0.0,12.0,10.0,1.0,21.0,1.0,722.0,29.0,8.0,4.0,4.0,0.0,,93.0,1.0,1.0,2.0,176.0,,139.0,,,137.0,15.0,,,,,,,,6.0,17.0,17.0,8.0,,,,,,,,,,,,
2020-21,2128530,25,2021-02-20 20:00:00,54,Fulham,Home,262.0,23.0,1.0,4.0,3.0,4.0,,236.0,5.0,,3.0,6.0,1.0,32.0,494.0,,,21.0,27.0,26.0,9.0,1.0,2.0,,,,,,,,,,,13.0,,,,,,4.0,,7.0,8.0,60.0,1.0,2.0,3.0,,6.0,12.0,5.0,,7.0,,60.0,72.0,1.0,19.0,11.0,,,63.0,11.0,14.0,,,3.0,1.0,,,,,,,6.0,1.0,,1.0,11.0,,7.0,7.0,1.0,3.0,74.0,42.0,4.0,1.0,5.0,5.0,7.0,572.0,,,57.0,96.0,28.0,,,,,168.0,168.0,4.0,31.0,22.0,65.1,,,,0.0,2.0,,2.0,2.0,,6.0,,3.0,127.0,473.0,10.0,298.0,45.0,19.0,39.0,4.0,22.0,18.0,,168.0,9.0,321.0,,,29.0,1.0,72.0,1.0,597.0,,0.0,15.0,6.0,,22.0,1.0,800.0,28.0,26.0,6.0,3.0,0.0,,89.0,,1.0,1.0,190.0,,157.0,1.0,,161.0,24.0,,,,,,,,1.0,19.0,19.0,6.0,,,,,,,,,35.0,20.0,,
2020-21,2128537,26,2021-02-28 12:00:00,54,Fulham,Away,223.0,19.0,2.0,11.0,9.0,4.0,3.0,236.0,,,3.0,2.0,9.0,31.0,448.0,,,27.0,22.0,19.0,8.0,4.0,4.0,,,1.0,,,1.0,,,,,8.0,,,,,3.0,2.0,1.0,8.0,8.0,59.0,1.0,2.0,8.0,,3.0,9.0,4.0,,11.0,,63.0,63.0,1.0,16.0,7.0,,,66.0,14.0,10.0,,,5.0,4.0,1.0,,,,,,,,,,7.0,,4.0,4.0,1.0,3.0,73.0,56.0,1.0,,8.0,4.0,4.0,532.0,2.0,,80.0,104.0,27.0,,,,,141.0,141.0,5.0,22.0,28.0,59.6,,,,0.0,,,1.0,,,10.0,1.0,3.0,91.0,442.0,12.0,251.0,37.0,16.0,25.0,3.0,20.0,17.0,,138.0,6.0,309.0,,,11.0,10.0,52.0,,540.0,1.0,0.0,16.0,18.0,,31.0,1.0,737.0,18.0,16.0,3.0,10.0,0.0,,90.0,1.0,1.0,,169.0,,147.0,2.0,,134.0,14.0,,,,,,,,12.0,22.0,22.0,4.0,,,,,,,,,29.0,14.0,,
2020-21,2128550,27,2021-03-07 14:00:00,54,Fulham,Away,205.0,28.0,,3.0,3.0,2.0,,119.0,5.0,,8.0,6.0,6.0,32.0,321.0,,,10.0,17.0,16.0,7.0,,,3.0,,,,,,,,,,9.0,,,,,1.0,10.0,6.0,9.0,1.0,65.0,3.0,2.0,7.0,,4.0,9.0,3.0,,5.0,1.0,43.0,49.0,3.0,42.0,17.0,,,47.0,8.0,10.0,,,3.0,2.0,,,,,,,10.0,,,2.0,17.0,,19.0,19.0,3.0,8.0,84.0,42.0,9.0,1.0,4.0,3.0,3.0,389.0,2.0,,66.0,39.0,21.0,,,,,142.0,142.0,2.0,29.0,24.0,36.9,,,3.0,0.0,2.0,1.0,3.0,,3.0,5.0,1.0,3.0,50.0,307.0,7.0,236.0,48.0,42.0,16.0,3.0,17.0,14.0,3.0,83.0,4.0,195.0,,,23.0,6.0,69.0,1.0,414.0,,0.0,10.0,15.0,1.0,14.0,3.0,629.0,18.0,8.0,4.0,5.0,0.0,,70.0,,1.0,,161.0,,82.0,,,101.0,17.0,,,,,,,,4.0,16.0,16.0,9.0,,,,,,,,,26.0,15.0,,
2020-21,2128559,28,2021-03-13 20:00:00,54,Fulham,Home,241.0,25.0,1.0,3.0,2.0,2.0,,119.0,4.0,,5.0,3.0,2.0,29.0,357.0,,1.0,17.0,8.0,10.0,3.0,,,,,,,,,,,,,3.0,,,,,,7.0,1.0,3.0,,60.0,,3.0,15.0,,4.0,8.0,3.0,,8.0,1.0,56.0,56.0,,7.0,5.0,1.0,,38.0,14.0,12.0,,,3.0,2.0,,,,,,,5.0,,,1.0,5.0,,8.0,8.0,2.0,5.0,54.0,34.0,2.0,,,3.0,,421.0,,,56.0,34.0,25.0,1.0,1.0,1.0,,148.0,148.0,6.0,26.0,22.0,46.1,,,1.0,0.0,4.0,,4.0,,,,1.0,3.0,59.0,338.0,3.0,279.0,54.0,7.0,24.0,4.0,17.0,13.0,,88.0,4.0,182.0,,,10.0,2.0,61.0,1.0,444.0,,0.0,3.0,22.0,1.0,23.0,0.0,632.0,15.0,12.0,4.0,7.0,0.0,,79.0,,,,150.0,,109.0,,,106.0,20.0,,,,,,,,9.0,18.0,18.0,7.0,,,,,,,,,32.0,17.0,,
2020-21,2128569,29,2021-03-19 20:00:00,54,Fulham,Home,130.0,17.0,4.0,5.0,1.0,,,121.0,5.0,,6.0,10.0,6.0,25.0,246.0,,,21.0,13.0,19.0,7.0,3.0,6.0,,,,,,,,,,,6.0,,,,,1.0,8.0,5.0,11.0,2.0,55.0,,3.0,9.0,,13.0,7.0,2.0,1.0,12.0,1.0,60.0,64.0,,32.0,12.0,,,45.0,13.0,12.0,,,2.0,2.0,,1.0,1.0,1.0,,1.0,5.0,,,,12.0,,9.0,9.0,,6.0,63.0,35.0,7.0,,2.0,9.0,6.0,316.0,2.0,,32.0,35.0,42.0,,,,,178.0,178.0,6.0,22.0,20.0,51.2,,,1.0,0.0,2.0,,2.0,,,4.0,1.0,3.0,54.0,229.0,11.0,157.0,35.0,32.0,26.0,13.0,24.0,11.0,,92.0,5.0,206.0,,,22.0,8.0,48.0,1.0,339.0,,0.0,13.0,20.0,,29.0,2.0,590.0,30.0,13.0,13.0,10.0,0.0,,53.0,1.0,,1.0,121.0,,80.0,,,85.0,32.0,,,,,,,,9.0,17.0,17.0,11.0,,,,,,,,,,,,
2020-21,2128577,30,2021-04-04 16:30:00,54,Fulham,Away,180.0,12.0,1.0,4.0,3.0,1.0,,112.0,6.0,,7.0,7.0,5.0,25.0,288.0,,,10.0,19.0,19.0,10.0,,,1.0,,,,,,,1.0,,,14.0,,,,,1.0,7.0,7.0,8.0,7.0,62.0,2.0,3.0,12.0,,4.0,5.0,1.0,,7.0,1.0,65.0,67.0,2.0,25.0,12.0,1.0,,55.0,20.0,13.0,1.0,,2.0,1.0,,,,,,,7.0,1.0,2.0,1.0,12.0,,4.0,4.0,,7.0,66.0,39.0,4.0,,4.0,6.0,7.0,353.0,5.0,,62.0,23.0,15.0,,,,,148.0,148.0,4.0,28.0,19.0,47.5,,3.0,2.0,0.0,,1.0,1.0,,1.0,5.0,,3.0,47.0,264.0,10.0,218.0,33.0,25.0,20.0,4.0,11.0,7.0,1.0,86.0,7.0,177.0,2.0,,18.0,8.0,55.0,2.0,384.0,1.0,0.0,15.0,23.0,,15.0,2.0,582.0,15.0,12.0,4.0,13.0,0.0,,64.0,,,1.0,153.0,,85.0,1.0,,82.0,22.0,,,,,,,,11.0,17.0,17.0,5.0,,,,,,,,,31.0,15.0,,
2020-21,2128589,31,2021-04-09 20:00:00,54,Fulham,Home,207.0,23.0,,9.0,9.0,2.0,,171.0,12.0,,5.0,6.0,5.0,39.0,369.0,,,19.0,16.0,24.0,9.0,1.0,1.0,,,,,,,,,,,9.0,,,1.0,,4.0,5.0,2.0,9.0,5.0,47.0,4.0,4.0,8.0,,3.0,10.0,13.0,,12.0,1.0,54.0,55.0,4.0,10.0,6.0,1.0,,62.0,11.0,8.0,,,2.0,2.0,,,,,,,13.0,,,,6.0,1.0,9.0,9.0,,5.0,74.0,55.0,4.0,,5.0,5.0,3.0,417.0,,,47.0,64.0,45.0,,,,,141.0,141.0,4.0,12.0,26.0,49.6,1.0,,,0.0,2.0,,2.0,1.0,,7.0,,3.0,80.0,351.0,10.0,222.0,42.0,10.0,12.0,3.0,28.0,25.0,,117.0,4.0,245.0,,,14.0,7.0,69.0,3.0,439.0,,0.0,14.0,18.0,,23.0,0.0,641.0,26.0,5.0,3.0,8.0,0.0,,68.0,1.0,1.0,,138.0,,109.0,1.0,,124.0,25.0,,,,,,,,6.0,11.0,11.0,6.0,,,,,,,,,29.0,13.0,,
2020-21,2128596,32,2021-04-18 13:30:00,54,Fulham,Away,150.0,15.0,,,,3.0,,62.0,8.0,,1.0,2.0,,15.0,212.0,,,6.0,19.0,17.0,1.0,,,,,,,,,,,,,2.0,1.0,,,,,12.0,6.0,2.0,1.0,40.0,2.0,2.0,11.0,,1.0,3.0,2.0,,8.0,2.0,59.0,49.0,2.0,32.0,15.0,,,35.0,11.0,9.0,1.0,,1.0,,,,,,,,16.0,,2.0,,15.0,,11.0,11.0,1.0,1.0,50.0,18.0,11.0,,,1.0,1.0,254.0,5.0,,26.0,33.0,11.0,,,,1.0,118.0,118.0,3.0,22.0,13.0,30.5,,2.0,1.0,0.0,4.0,,4.0,2.0,,,,3.0,33.0,194.0,1.0,171.0,31.0,32.0,21.0,1.0,6.0,5.0,,64.0,9.0,121.0,2.0,,14.0,,50.0,,286.0,2.0,0.0,3.0,12.0,,13.0,3.0,448.0,15.0,11.0,1.0,8.0,0.0,,40.0,,,1.0,108.0,,63.0,2.0,,75.0,11.0,,1.0,,,,,,7.0,10.0,10.0,5.0,,,,,,,,,26.0,13.0,,
2020-21,2128608,33,2021-03-04 18:00:00,54,Fulham,Home,276.0,17.0,1.0,5.0,4.0,,1.0,180.0,4.0,,5.0,3.0,5.0,28.0,451.0,2.0,,19.0,13.0,12.0,7.0,2.0,1.0,,,,,,,1.0,,,,9.0,,,,,1.0,6.0,4.0,7.0,4.0,67.0,1.0,1.0,10.0,,4.0,9.0,9.0,,12.0,2.0,56.0,51.0,1.0,5.0,1.0,,2.0,49.0,13.0,9.0,,,2.0,1.0,,,,,,,7.0,,,1.0,1.0,1.0,14.0,14.0,1.0,5.0,80.0,46.0,1.0,,5.0,4.0,3.0,525.0,2.0,1.0,78.0,50.0,36.0,,,,,169.0,169.0,2.0,28.0,32.0,59.6,,,,0.0,2.0,,2.0,1.0,,7.0,,3.0,89.0,439.0,9.0,307.0,38.0,5.0,28.0,4.0,23.0,19.0,,128.0,2.0,260.0,1.0,,20.0,6.0,68.0,4.0,544.0,2.0,0.0,11.0,11.0,,25.0,2.0,754.0,30.0,19.0,4.0,7.0,0.0,,94.0,,,,176.0,,130.0,3.0,,144.0,24.0,,1.0,,,,,,10.0,21.0,21.0,11.0,,,,,,,,,39.0,14.0,,
2020-21,2128618,34,2021-05-01 17:30:00,54,Fulham,Away,235.0,24.0,2.0,3.0,1.0,2.0,,214.0,,,4.0,2.0,6.0,21.0,446.0,,,20.0,11.0,12.0,6.0,2.0,4.0,,,,,,,,,,,5.0,,,,,1.0,7.0,2.0,5.0,5.0,57.0,2.0,3.0,9.0,,8.0,7.0,4.0,,16.0,2.0,51.0,58.0,2.0,8.0,2.0,,1.0,53.0,8.0,14.0,,,2.0,2.0,,,,,,,,,,,2.0,,8.0,8.0,1.0,5.0,52.0,40.0,1.0,,3.0,5.0,3.0,498.0,3.0,,79.0,66.0,36.0,,,,,153.0,153.0,7.0,17.0,27.0,51.3,,,,0.0,3.0,,3.0,,,4.0,,3.0,88.0,425.0,8.0,255.0,35.0,8.0,19.0,8.0,21.0,13.0,,124.0,3.0,287.0,,,8.0,7.0,33.0,1.0,521.0,,0.0,10.0,21.0,,23.0,1.0,736.0,25.0,11.0,8.0,15.0,0.0,,96.0,,,,134.0,,143.0,1.0,,148.0,30.0,,,,,,,,5.0,21.0,21.0,9.0,,,,,,,,,37.0,20.0,,
2020-21,2128628,35,2021-05-10 20:00:00,54,Fulham,Home,199.0,17.0,3.0,9.0,6.0,1.0,,203.0,4.0,1.0,7.0,4.0,7.0,29.0,393.0,2.0,,22.0,37.0,38.0,13.0,2.0,3.0,,,,,,,,,,,18.0,,1.0,,,,10.0,4.0,12.0,9.0,71.0,,7.0,5.0,,8.0,11.0,15.0,,11.0,2.0,69.0,77.0,,13.0,8.0,,,70.0,11.0,8.0,,,1.0,1.0,,,,,,,7.0,,2.0,,8.0,1.0,11.0,11.0,,7.0,69.0,30.0,4.0,,7.0,8.0,3.0,498.0,3.0,,79.0,71.0,61.0,,,,,197.0,197.0,4.0,34.0,24.0,68.0,1.0,,,0.0,3.0,,3.0,,,11.0,1.0,3.0,127.0,376.0,15.0,235.0,52.0,13.0,21.0,7.0,34.0,27.0,,190.0,9.0,320.0,2.0,1.0,19.0,7.0,75.0,4.0,521.0,4.0,0.0,21.0,16.0,,26.0,2.0,755.0,44.0,15.0,8.0,8.0,0.0,,74.0,,,,192.0,,126.0,3.0,,129.0,16.0,,,,,,,,2.0,16.0,16.0,5.0,,,,,,,,,33.0,12.0,,
2020-21,2128644,36,2021-05-15 15:00:00,54,Fulham,Away,320.0,22.0,2.0,2.0,,2.0,,155.0,3.0,1.0,6.0,2.0,3.0,15.0,473.0,,1.0,17.0,10.0,10.0,6.0,2.0,3.0,1.0,,,,,,,,,,7.0,,,,,,8.0,3.0,7.0,3.0,55.0,1.0,3.0,9.0,1.0,5.0,6.0,2.0,,13.0,2.0,52.0,60.0,1.0,14.0,3.0,,,42.0,15.0,9.0,,1.0,1.0,,,1.0,,1.0,1.0,,3.0,1.0,,1.0,3.0,,11.0,11.0,1.0,6.0,58.0,38.0,6.0,1.0,4.0,5.0,3.0,528.0,3.0,,46.0,53.0,27.0,,,,,130.0,130.0,4.0,20.0,25.0,53.8,,,,0.0,3.0,1.0,3.0,,1.0,4.0,,3.0,74.0,454.0,9.0,346.0,41.0,14.0,24.0,5.0,13.0,8.0,1.0,97.0,3.0,214.0,,1.0,9.0,5.0,34.0,1.0,547.0,,0.0,10.0,23.0,2.0,18.0,1.0,740.0,22.0,18.0,5.0,13.0,0.0,,88.0,1.0,,1.0,173.0,,135.0,3.0,,151.0,20.0,,,,,,,,9.0,21.0,21.0,6.0,,,,,,,,,35.0,19.0,,
2020-21,2128651,37,2021-05-18 18:00:00,54,Fulham,Away,258.0,15.0,1.0,2.0,1.0,,,77.0,7.0,,7.0,2.0,4.0,22.0,333.0,,1.0,11.0,11.0,11.0,2.0,2.0,1.0,,,,,,,,,,,4.0,,,,,3.0,4.0,9.0,5.0,3.0,63.0,2.0,1.0,10.0,,1.0,3.0,3.0,,9.0,4.0,49.0,59.0,2.0,20.0,13.0,,,32.0,15.0,10.0,,,2.0,2.0,,1.0,,1.0,1.0,,9.0,1.0,,,13.0,1.0,18.0,18.0,2.0,7.0,45.0,20.0,6.0,1.0,,5.0,5.0,388.0,2.0,,36.0,32.0,14.0,,,,,124.0,124.0,4.0,33.0,17.0,42.9,,,,0.0,1.0,4.0,5.0,,,2.0,,3.0,45.0,317.0,5.0,295.0,28.0,20.0,17.0,1.0,9.0,8.0,,68.0,2.0,124.0,,,18.0,5.0,52.0,1.0,410.0,,0.0,8.0,25.0,1.0,15.0,3.0,599.0,12.0,13.0,1.0,14.0,0.0,,70.0,2.0,1.0,1.0,143.0,,99.0,3.0,,98.0,19.0,1.0,1.0,,1.0,,,,10.0,13.0,13.0,6.0,,,,,,,,,32.0,18.0,,
2020-21,2128658,38,2021-05-23 16:00:00,54,Fulham,Home,255.0,13.0,1.0,5.0,4.0,,,287.0,3.0,,4.0,3.0,3.0,26.0,537.0,,,19.0,10.0,7.0,7.0,1.0,2.0,1.0,,,,,,,,,,12.0,,,,,,5.0,5.0,8.0,6.0,53.0,,7.0,,,5.0,21.0,11.0,,8.0,2.0,35.0,38.0,,13.0,7.0,,1.0,70.0,12.0,6.0,,,2.0,1.0,,,,,,,3.0,,1.0,,7.0,,10.0,10.0,,4.0,49.0,37.0,4.0,,5.0,3.0,,584.0,3.0,,121.0,82.0,37.0,1.0,1.0,1.0,,119.0,119.0,6.0,20.0,23.0,64.3,,,2.0,0.0,1.0,1.0,2.0,,1.0,7.0,,3.0,161.0,527.0,8.0,266.0,21.0,13.0,12.0,4.0,37.0,33.0,1.0,198.0,1.0,367.0,1.0,,9.0,3.0,38.0,1.0,596.0,,0.0,14.0,18.0,,22.0,1.0,778.0,23.0,7.0,5.0,7.0,0.0,,114.0,1.0,1.0,,157.0,,165.0,,,160.0,11.0,,,,,,,,8.0,14.0,14.0,3.0,,,,,,,,,28.0,13.0,,
2022-23,2292813,1,2022-08-06 12:30:00,54,Fulham,Home,71.0,12.0,1.0,4.0,3.0,1.0,1.0,114.0,4.0,,1.0,6.0,2.0,24.0,181.0,,,17.0,13.0,23.0,5.0,,,,,,,,,,,,,6.0,1.0,,1.0,,2.0,9.0,2.0,7.0,2.0,73.0,1.0,4.0,4.0,1.0,4.0,12.0,3.0,,6.0,,35.0,61.0,1.0,30.0,18.0,,,63.0,7.0,8.0,2.0,,2.0,1.0,,1.0,,1.0,1.0,,8.0,1.0,1.0,,18.0,1.0,10.0,10.0,1.0,1.0,72.0,26.0,4.0,,2.0,4.0,3.0,265.0,3.0,,36.0,75.0,24.0,,,,1.0,171.0,171.0,5.0,26.0,33.0,33.1,1.0,2.0,,0.0,2.0,,1.0,,,2.0,,3.0,64.0,168.0,6.0,95.0,29.0,30.0,10.0,3.0,19.0,16.0,,116.0,8.0,218.0,1.0,,24.0,2.0,65.0,4.0,294.0,,0.0,9.0,25.0,1.0,22.0,2.0,499.0,18.0,5.0,4.0,13.0,0.0,,35.0,,,1.0,159.0,,50.0,2.0,,50.0,21.0,,,,,,,,5.0,20.0,20.0,6.0,,,,,,,,,24.0,5.0,,
2022-23,2292829,2,2022-08-13 15:00:00,54,Fulham,Away,135.0,12.0,2.0,5.0,3.0,1.0,,105.0,4.0,1.0,2.0,5.0,,21.0,235.0,,,19.0,15.0,13.0,4.0,2.0,5.0,,,,,,,,,,,3.0,,,,,,4.0,3.0,8.0,1.0,57.0,3.0,1.0,5.0,,3.0,14.0,5.0,,11.0,,50.0,48.0,3.0,22.0,9.0,,1.0,48.0,14.0,7.0,,,1.0,,,,,,,,7.0,,,,9.0,,9.0,9.0,,2.0,52.0,31.0,5.0,,3.0,3.0,3.0,309.0,1.0,,56.0,46.0,25.0,,,,1.0,151.0,151.0,4.0,21.0,26.0,40.4,,,1.0,0.0,1.0,,1.0,1.0,,5.0,1.0,4.0,42.0,224.0,6.0,164.0,29.0,22.0,15.0,3.0,22.0,19.0,,81.0,6.0,186.0,,1.0,17.0,,48.0,,328.0,,0.0,9.0,19.0,,24.0,3.0,529.0,14.0,9.0,3.0,8.0,0.0,1.0,46.0,1.0,2.0,,125.0,,79.0,1.0,,78.0,18.0,,,,,,,,10.0,16.0,26.0,16.0,,,,,,,,,25.0,9.0,,
2022-23,2292833,3,2022-08-20 15:00:00,54,Fulham,Home,117.0,18.0,4.0,9.0,5.0,2.0,1.0,111.0,6.0,3.0,3.0,5.0,4.0,22.0,219.0,,,18.0,23.0,20.0,7.0,3.0,3.0,,,,,1.0,1.0,,,,,13.0,,,,,1.0,11.0,2.0,13.0,5.0,55.0,,5.0,8.0,,6.0,9.0,5.0,,11.0,1.0,54.0,43.0,,22.0,10.0,,,51.0,13.0,7.0,1.0,,2.0,1.0,1.0,2.0,1.0,2.0,1.0,1.0,8.0,2.0,,2.0,10.0,1.0,11.0,11.0,,3.0,61.0,26.0,3.0,2.0,3.0,9.0,9.0,288.0,4.0,,36.0,60.0,26.0,,,,,146.0,146.0,4.0,22.0,25.0,43.7,,,1.0,0.0,2.0,1.0,3.0,1.0,,4.0,1.0,3.0,53.0,201.0,12.0,147.0,41.0,22.0,5.0,6.0,21.0,15.0,,91.0,6.0,185.0,,3.0,23.0,4.0,57.0,5.0,311.0,,0.0,18.0,12.0,,21.0,3.0,498.0,30.0,4.0,6.0,8.0,0.0,,39.0,3.0,4.0,1.0,150.0,,60.0,2.0,,62.0,20.0,,,,,,,,5.0,11.0,11.0,4.0,,,,,,,,,23.0,12.0,,
2022-23,2292840,4,2022-08-27 17:30:00,54,Fulham,Away,84.0,6.0,2.0,7.0,5.0,1.0,1.0,61.0,6.0,,7.0,6.0,,13.0,138.0,,,14.0,11.0,22.0,6.0,3.0,3.0,,,,,,,,,,,7.0,,,,,1.0,16.0,6.0,9.0,2.0,60.0,,2.0,13.0,,2.0,5.0,3.0,,9.0,4.0,51.0,56.0,,30.0,13.0,1.0,1.0,33.0,12.0,6.0,1.0,,1.0,1.0,,,,,,,10.0,1.0,3.0,,13.0,,14.0,14.0,2.0,7.0,48.0,16.0,9.0,,6.0,3.0,3.0,204.0,10.0,,24.0,26.0,19.0,,,,,120.0,120.0,4.0,31.0,13.0,28.0,,3.0,1.0,0.0,5.0,1.0,6.0,,,6.0,1.0,5.0,25.0,125.0,9.0,121.0,22.0,30.0,10.0,2.0,11.0,9.0,,48.0,5.0,113.0,3.0,,19.0,,45.0,,223.0,,0.0,11.0,24.0,,18.0,3.0,425.0,14.0,4.0,2.0,11.0,0.0,,29.0,,,1.0,113.0,,45.0,1.0,,36.0,11.0,,,,,,,,9.0,13.0,28.0,13.0,,,,,,,,,22.0,8.0,,
2022-23,2292853,5,2022-08-30 19:30:00,54,Fulham,Home,158.0,19.0,1.0,2.0,1.0,1.0,,101.0,7.0,1.0,5.0,3.0,2.0,16.0,257.0,,,15.0,13.0,18.0,6.0,1.0,3.0,,,1.0,,,1.0,,,,,6.0,,,,,,6.0,1.0,7.0,3.0,60.0,2.0,,11.0,1.0,3.0,3.0,3.0,,14.0,2.0,56.0,64.0,2.0,22.0,8.0,,,35.0,9.0,11.0,1.0,,3.0,1.0,1.0,1.0,,,,1.0,8.0,,2.0,,8.0,,6.0,6.0,,5.0,53.0,26.0,3.0,,5.0,3.0,3.0,320.0,1.0,,35.0,29.0,17.0,1.0,1.0,1.0,,144.0,144.0,4.0,31.0,19.0,39.1,,,,0.0,2.0,1.0,2.0,1.0,,7.0,,2.0,46.0,240.0,8.0,189.0,36.0,22.0,18.0,1.0,8.0,7.0,,77.0,7.0,163.0,2.0,1.0,8.0,2.0,38.0,,344.0,,0.0,10.0,26.0,,23.0,2.0,545.0,15.0,9.0,3.0,15.0,0.0,,41.0,1.0,1.0,1.0,139.0,,83.0,5.0,,81.0,15.0,,,,,,,,3.0,27.0,27.0,18.0,,,,,,,,,28.0,11.0,,
2022-23,2292868,6,2022-09-03 15:00:00,54,Fulham,Away,155.0,11.0,,2.0,2.0,2.0,,218.0,4.0,,8.0,2.0,3.0,24.0,371.0,,,20.0,17.0,11.0,6.0,,,,,,,,,,,,,9.0,,,,,,17.0,6.0,6.0,3.0,47.0,5.0,1.0,7.0,,3.0,9.0,9.0,,15.0,5.0,49.0,46.0,5.0,19.0,6.0,,1.0,60.0,6.0,9.0,1.0,,1.0,1.0,,1.0,,,1.0,,5.0,1.0,,,6.0,,7.0,7.0,1.0,8.0,59.0,42.0,10.0,,3.0,4.0,3.0,412.0,6.0,,99.0,57.0,30.0,,,,,117.0,117.0,5.0,12.0,21.0,48.1,,,,0.0,6.0,2.0,8.0,,,5.0,,5.0,101.0,353.0,7.0,170.0,25.0,19.0,12.0,2.0,21.0,19.0,,132.0,3.0,284.0,,,10.0,4.0,44.0,,433.0,,0.0,9.0,18.0,,26.0,4.0,629.0,10.0,8.0,3.0,11.0,0.0,,70.0,,,,139.0,,107.0,1.0,,117.0,10.0,,,,,,,,5.0,15.0,15.0,6.0,,,,,,,,,18.0,8.0,,
2022-23,2292873,7,2023-01-12 20:00:00,54,Fulham,Home,162.0,9.0,,4.0,4.0,3.0,1.0,204.0,6.0,,5.0,2.0,2.0,23.0,362.0,,,23.0,5.0,10.0,5.0,,1.0,,,,,,,,,,,7.0,,1.0,,,,14.0,6.0,6.0,2.0,56.0,1.0,2.0,5.0,,5.0,8.0,6.0,,12.0,4.0,40.0,40.0,1.0,22.0,16.0,,1.0,56.0,12.0,16.0,1.0,,4.0,3.0,,1.0,,1.0,1.0,,8.0,2.0,1.0,,16.0,1.0,10.0,10.0,1.0,5.0,57.0,37.0,7.0,1.0,3.0,3.0,3.0,422.0,5.0,,85.0,98.0,27.0,,,,,154.0,154.0,7.0,19.0,24.0,47.4,1.0,,,0.0,7.0,2.0,9.0,1.0,,3.0,,5.0,99.0,340.0,6.0,185.0,24.0,22.0,9.0,3.0,20.0,17.0,,142.0,5.0,284.0,1.0,,12.0,2.0,43.0,3.0,449.0,,0.0,8.0,11.0,,33.0,4.0,666.0,11.0,3.0,5.0,6.0,0.0,,67.0,1.0,,1.0,150.0,,112.0,1.0,,120.0,19.0,,1.0,,,,,,4.0,13.0,26.0,13.0,,,,,,,,,23.0,9.0,,
2022-23,2292887,8,2022-09-16 20:00:00,54,Fulham,Away,216.0,20.0,3.0,7.0,4.0,,,251.0,5.0,1.0,3.0,3.0,3.0,27.0,460.0,,1.0,12.0,19.0,15.0,6.0,3.0,3.0,1.0,,,,1.0,2.0,,,,,9.0,,,,,1.0,7.0,4.0,10.0,5.0,57.0,1.0,5.0,2.0,,10.0,7.0,6.0,1.0,4.0,,40.0,46.0,1.0,14.0,6.0,,,70.0,10.0,10.0,,,2.0,,2.0,3.0,1.0,3.0,2.0,1.0,7.0,2.0,1.0,,6.0,,6.0,6.0,,3.0,88.0,55.0,2.0,2.0,3.0,9.0,7.0,532.0,3.0,,65.0,110.0,30.0,,,,,143.0,143.0,8.0,13.0,30.0,59.2,,,,0.0,,1.0,1.0,1.0,1.0,3.0,,4.0,96.0,442.0,12.0,241.0,47.0,14.0,15.0,9.0,22.0,13.0,1.0,143.0,5.0,336.0,1.0,1.0,12.0,4.0,61.0,1.0,555.0,,0.0,15.0,12.0,1.0,14.0,4.0,725.0,21.0,9.0,10.0,5.0,0.0,,74.0,2.0,1.0,1.0,167.0,,151.0,,,163.0,20.0,,,,3.0,,,,5.0,5.0,12.0,5.0,,,,,,,,,22.0,12.0,,
2022-23,2292893,9,2022-10-01 15:00:00,54,Fulham,Home,128.0,5.0,1.0,2.0,1.0,,,64.0,2.0,1.0,3.0,1.0,4.0,9.0,190.0,,,13.0,9.0,1.0,2.0,,,1.0,,,,,,,,,,3.0,,,,,,16.0,3.0,2.0,1.0,48.0,2.0,1.0,3.0,,1.0,5.0,1.0,,7.0,6.0,35.0,29.0,2.0,14.0,5.0,,,45.0,9.0,10.0,,,3.0,1.0,,1.0,,1.0,1.0,,10.0,1.0,1.0,,5.0,,8.0,8.0,2.0,3.0,56.0,16.0,8.0,1.0,1.0,2.0,1.0,247.0,4.0,,42.0,23.0,16.0,,,,,127.0,127.0,1.0,23.0,15.0,31.7,,,,0.0,6.0,,6.0,,1.0,1.0,,4.0,32.0,178.0,3.0,148.0,32.0,14.0,13.0,1.0,8.0,7.0,1.0,80.0,1.0,141.0,1.0,1.0,9.0,5.0,42.0,4.0,281.0,,1.0,3.0,13.0,,17.0,2.0,423.0,8.0,5.0,1.0,10.0,0.0,,38.0,1.0,,1.0,123.0,,52.0,,,68.0,7.0,,1.0,,,,,,5.0,19.0,19.0,9.0,,,,,,,,,24.0,9.0,,
2022-23,2292909,10,2022-10-09 14:00:00,54,Fulham,Away,221.0,16.0,1.0,2.0,1.0,,,181.0,7.0,,4.0,,5.0,22.0,400.0,,,15.0,7.0,9.0,3.0,,,1.0,,,,1.0,1.0,,,1.0,,7.0,,1.0,,,,13.0,4.0,6.0,2.0,60.0,3.0,2.0,12.0,,2.0,8.0,2.0,,10.0,3.0,39.0,38.0,3.0,17.0,11.0,1.0,,60.0,7.0,9.0,,,2.0,,1.0,1.0,,1.0,1.0,,7.0,1.0,1.0,,11.0,1.0,5.0,5.0,1.0,4.0,62.0,38.0,4.0,1.0,2.0,2.0,2.0,467.0,5.0,,66.0,52.0,26.0,1.0,1.0,1.0,,137.0,137.0,2.0,29.0,25.0,49.7,1.0,3.0,,0.0,4.0,1.0,5.0,,1.0,4.0,1.0,4.0,68.0,384.0,4.0,242.0,41.0,17.0,7.0,2.0,12.0,10.0,2.0,112.0,1.0,256.0,1.0,,8.0,6.0,52.0,2.0,486.0,,0.0,8.0,16.0,,18.0,3.0,666.0,18.0,4.0,2.0,8.0,0.0,,73.0,,,,147.0,1.0,147.0,3.0,,119.0,20.0,,,,,,,,4.0,6.0,13.0,6.0,,,,,,,,,20.0,10.0,,
2022-23,2292912,11,2022-10-15 15:00:00,54,Fulham,Home,208.0,20.0,2.0,9.0,7.0,2.0,1.0,297.0,6.0,,6.0,1.0,3.0,32.0,496.0,,,19.0,18.0,19.0,10.0,1.0,1.0,,,,,,,,,,,17.0,1.0,,,,,8.0,2.0,12.0,7.0,59.0,1.0,7.0,3.0,,5.0,17.0,15.0,1.0,9.0,1.0,44.0,49.0,1.0,8.0,4.0,,,79.0,9.0,11.0,1.0,1.0,2.0,1.0,,1.0,1.0,1.0,,1.0,6.0,,1.0,,4.0,,5.0,5.0,,6.0,57.0,32.0,6.0,,6.0,6.0,4.0,566.0,,,97.0,85.0,49.0,,,,1.0,149.0,149.0,4.0,23.0,26.0,68.9,,,,0.0,3.0,1.0,4.0,,,8.0,,4.0,151.0,477.0,12.0,221.0,51.0,8.0,13.0,4.0,37.0,33.0,,203.0,3.0,401.0,1.0,,10.0,4.0,60.0,1.0,585.0,,0.0,19.0,12.0,1.0,20.0,2.0,773.0,40.0,8.0,5.0,9.0,0.0,,97.0,,,1.0,171.0,,153.0,,,164.0,15.0,,1.0,,1.0,,,,5.0,6.0,23.0,6.0,,,,,,,,,20.0,11.0,,
2022-23,2292925,12,2022-10-20 19:30:00,54,Fulham,Home,226.0,32.0,5.0,6.0,2.0,,1.0,193.0,4.0,1.0,4.0,4.0,4.0,34.0,413.0,1.0,,16.0,15.0,17.0,8.0,4.0,4.0,5.0,,,,1.0,1.0,,,,,11.0,1.0,,,,1.0,9.0,3.0,13.0,5.0,47.0,2.0,5.0,4.0,,9.0,7.0,5.0,,6.0,2.0,43.0,40.0,2.0,14.0,7.0,,,45.0,11.0,10.0,1.0,,6.0,3.0,1.0,,,,,,4.0,,2.0,1.0,7.0,,2.0,2.0,,4.0,61.0,37.0,7.0,1.0,4.0,8.0,8.0,467.0,3.0,,81.0,69.0,37.0,,,,1.0,119.0,119.0,5.0,20.0,16.0,60.4,,,1.0,0.0,4.0,2.0,6.0,,5.0,5.0,1.0,5.0,100.0,399.0,12.0,250.0,41.0,14.0,9.0,8.0,22.0,15.0,5.0,129.0,4.0,254.0,3.0,1.0,14.0,4.0,55.0,,482.0,2.0,0.0,18.0,12.0,,23.0,0.0,651.0,23.0,1.0,9.0,7.0,0.0,,79.0,2.0,3.0,1.0,138.0,,133.0,,,132.0,13.0,,,,,,,,6.0,23.0,23.0,8.0,,,,,,,,,19.0,7.0,,
2022-23,2292933,13,2022-10-23 14:00:00,54,Fulham,Away,151.0,19.0,3.0,9.0,6.0,,1.0,113.0,8.0,,6.0,1.0,5.0,24.0,255.0,1.0,1.0,16.0,14.0,17.0,5.0,2.0,3.0,2.0,,,,,,,,,,7.0,,,,,1.0,9.0,5.0,10.0,1.0,68.0,,3.0,4.0,,6.0,8.0,3.0,1.0,14.0,1.0,47.0,58.0,,16.0,6.0,,1.0,48.0,8.0,12.0,1.0,,1.0,1.0,,3.0,1.0,3.0,1.0,2.0,9.0,1.0,1.0,1.0,6.0,,10.0,10.0,,6.0,77.0,38.0,3.0,1.0,2.0,8.0,5.0,327.0,4.0,,38.0,55.0,21.0,,,,,155.0,155.0,3.0,31.0,27.0,42.8,,,,0.0,2.0,1.0,3.0,1.0,2.0,3.0,,4.0,47.0,235.0,10.0,191.0,50.0,16.0,21.0,5.0,17.0,12.0,2.0,84.0,5.0,181.0,1.0,,12.0,8.0,59.0,4.0,355.0,1.0,0.0,11.0,16.0,3.0,23.0,1.0,567.0,28.0,13.0,6.0,9.0,0.0,,51.0,5.0,2.0,3.0,142.0,,78.0,2.0,,84.0,12.0,1.0,,,3.0,,,,4.0,11.0,22.0,11.0,,,,,,,,,23.0,15.0,,
2022-23,2292945,14,2022-10-29 17:30:00,54,Fulham,Home,197.0,29.0,5.0,11.0,7.0,2.0,,200.0,6.0,1.0,7.0,5.0,6.0,35.0,386.0,,,22.0,12.0,21.0,17.0,3.0,8.0,,,,,,,,,,,15.0,,,,,1.0,9.0,,17.0,7.0,57.0,1.0,8.0,6.0,,13.0,13.0,10.0,,10.0,2.0,43.0,46.0,1.0,8.0,7.0,,,43.0,10.0,8.0,,,1.0,1.0,,,,,,,6.0,,,,7.0,,3.0,3.0,,7.0,53.0,35.0,4.0,,9.0,11.0,6.0,442.0,2.0,,93.0,48.0,44.0,,,,,135.0,135.0,4.0,18.0,28.0,56.5,,,,0.0,4.0,,4.0,1.0,,10.0,,3.0,120.0,366.0,20.0,218.0,44.0,8.0,10.0,11.0,34.0,24.0,,159.0,6.0,279.0,,1.0,13.0,7.0,55.0,,463.0,2.0,0.0,24.0,12.0,,24.0,2.0,652.0,40.0,5.0,13.0,6.0,0.0,,76.0,,1.0,,130.0,,112.0,1.0,,145.0,17.0,,,,,,,,4.0,22.0,22.0,9.0,,,,,,,,,17.0,7.0,,
2022-23,2292954,15,2022-11-05 15:00:00,54,Fulham,Away,161.0,19.0,,1.0,1.0,1.0,,74.0,5.0,,9.0,4.0,3.0,19.0,234.0,,1.0,9.0,12.0,10.0,3.0,,,,,,,,,,,,,3.0,1.0,,,,,12.0,4.0,3.0,1.0,46.0,1.0,1.0,5.0,,,4.0,2.0,,4.0,2.0,44.0,31.0,1.0,21.0,14.0,,,26.0,11.0,6.0,,,1.0,,,,,,,,8.0,,1.0,,14.0,,5.0,5.0,1.0,9.0,45.0,24.0,9.0,1.0,1.0,2.0,2.0,276.0,6.0,,34.0,28.0,10.0,1.0,1.0,1.0,1.0,98.0,98.0,1.0,25.0,11.0,29.4,,,1.0,0.0,1.0,2.0,3.0,,,1.0,,4.0,28.0,220.0,3.0,186.0,34.0,21.0,12.0,,6.0,6.0,,47.0,3.0,115.0,1.0,,7.0,4.0,39.0,,295.0,,0.0,4.0,15.0,1.0,11.0,4.0,444.0,8.0,,,11.0,0.0,,46.0,,,1.0,109.0,,74.0,1.0,,66.0,13.0,,,,,,,,9.0,8.0,13.0,8.0,,,,,,,,,17.0,5.0,,
2022-23,2292962,16,2022-11-13 16:30:00,54,Fulham,Home,207.0,22.0,2.0,4.0,3.0,4.0,1.0,163.0,5.0,1.0,12.0,2.0,2.0,24.0,366.0,,,18.0,17.0,11.0,7.0,2.0,6.0,1.0,,,,,,,,,,7.0,,,,,1.0,10.0,4.0,10.0,4.0,61.0,,2.0,1.0,,10.0,15.0,7.0,,6.0,4.0,37.0,42.0,,11.0,8.0,,,59.0,9.0,9.0,,,1.0,1.0,,,,,,,5.0,1.0,,1.0,8.0,,7.0,7.0,,12.0,54.0,27.0,3.0,,4.0,5.0,7.0,439.0,2.0,,68.0,72.0,42.0,,,,,155.0,155.0,12.0,17.0,18.0,52.7,,,,0.0,4.0,3.0,8.0,1.0,1.0,5.0,,2.0,96.0,345.0,9.0,225.0,41.0,11.0,10.0,8.0,30.0,23.0,1.0,150.0,7.0,266.0,,1.0,15.0,2.0,57.0,1.0,461.0,1.0,0.0,14.0,18.0,,20.0,1.0,652.0,30.0,4.0,10.0,8.0,0.0,,77.0,1.0,1.0,1.0,157.0,1.0,120.0,,,107.0,19.0,,,,,,,,4.0,6.0,19.0,6.0,,,,,,,,,18.0,4.0,,
2022-23,2292974,17,2022-12-26 15:00:00,54,Fulham,Away,250.0,19.0,3.0,13.0,10.0,1.0,2.0,306.0,4.0,1.0,2.0,1.0,3.0,35.0,543.0,,,15.0,4.0,10.0,10.0,5.0,5.0,,,,,1.0,1.0,,,,,13.0,,,1.0,,4.0,4.0,,20.0,3.0,66.0,,6.0,2.0,,7.0,20.0,10.0,1.0,12.0,,36.0,41.0,,3.0,3.0,,,70.0,15.0,11.0,1.0,,3.0,2.0,1.0,1.0,,1.0,1.0,,4.0,2.0,,,3.0,1.0,9.0,9.0,,2.0,76.0,51.0,1.0,1.0,5.0,11.0,11.0,616.0,1.0,,88.0,123.0,53.0,,,,,149.0,149.0,4.0,20.0,40.0,63.8,1.0,,,0.0,,,,1.0,,6.0,1.0,5.0,168.0,527.0,16.0,269.0,37.0,3.0,7.0,5.0,37.0,32.0,,213.0,2.0,401.0,,1.0,12.0,3.0,59.0,2.0,633.0,1.0,0.0,23.0,16.0,1.0,19.0,0.0,815.0,48.0,4.0,8.0,9.0,0.0,,100.0,2.0,1.0,2.0,179.0,,180.0,,,174.0,14.0,,1.0,,,,,,9.0,5.0,18.0,5.0,,,,,,,,,24.0,15.0,,
2022-23,2292982,18,2022-12-31 15:00:00,54,Fulham,Home,244.0,20.0,2.0,2.0,1.0,1.0,,222.0,6.0,,6.0,4.0,,43.0,464.0,,,24.0,19.0,13.0,2.0,1.0,2.0,,,,,,,,,,,5.0,,,,,,3.0,6.0,5.0,3.0,79.0,1.0,1.0,4.0,,4.0,8.0,2.0,,14.0,,50.0,44.0,1.0,23.0,8.0,,,75.0,8.0,11.0,,,2.0,1.0,,1.0,,1.0,,1.0,6.0,,1.0,2.0,8.0,,12.0,12.0,1.0,6.0,88.0,55.0,4.0,1.0,3.0,1.0,2.0,554.0,2.0,,79.0,95.0,24.0,,,,1.0,173.0,173.0,6.0,28.0,37.0,62.5,,,1.0,0.0,1.0,1.0,2.0,2.0,,5.0,,3.0,98.0,441.0,4.0,267.0,42.0,23.0,8.0,2.0,12.0,11.0,,153.0,2.0,324.0,1.0,,18.0,,73.0,1.0,579.0,,0.0,8.0,19.0,,30.0,0.0,792.0,18.0,1.0,4.0,10.0,0.0,1.0,102.0,1.0,1.0,1.0,187.0,,134.0,2.0,,156.0,18.0,,,,,,,,2.0,9.0,20.0,9.0,,,,,,,,,18.0,10.0,,
2022-23,2292997,19,2023-01-03 19:45:00,54,Fulham,Away,144.0,19.0,,4.0,4.0,,,124.0,7.0,,5.0,1.0,1.0,20.0,264.0,,2.0,18.0,13.0,10.0,6.0,,1.0,1.0,,,,,,,,,,10.0,,,,,,8.0,7.0,7.0,4.0,68.0,,2.0,7.0,,3.0,6.0,7.0,,10.0,2.0,48.0,46.0,,32.0,19.0,,,33.0,11.0,12.0,1.0,,1.0,,,1.0,,1.0,1.0,,9.0,1.0,1.0,,19.0,,10.0,10.0,1.0,5.0,50.0,23.0,6.0,,4.0,3.0,2.0,325.0,3.0,,48.0,59.0,22.0,,,,,138.0,138.0,4.0,36.0,21.0,38.6,,,,0.0,4.0,2.0,6.0,,1.0,7.0,,3.0,55.0,252.0,7.0,178.0,46.0,32.0,18.0,2.0,15.0,13.0,1.0,85.0,1.0,187.0,1.0,,12.0,2.0,55.0,1.0,350.0,,0.0,11.0,13.0,2.0,27.0,6.0,570.0,17.0,11.0,3.0,8.0,0.0,,52.0,2.0,1.0,1.0,129.0,,89.0,2.0,,80.0,12.0,2.0,,,,,,,8.0,18.0,28.0,18.0,,,,,,,,,25.0,16.0,,
2022-23,2293006,20,2023-01-15 14:00:00,54,Fulham,Away,120.0,10.0,2.0,4.0,2.0,,,73.0,7.0,,5.0,2.0,2.0,21.0,189.0,,,14.0,12.0,14.0,2.0,1.0,1.0,,,,,,,,,,,2.0,,,,,1.0,12.0,8.0,4.0,1.0,56.0,2.0,1.0,7.0,,5.0,3.0,4.0,,10.0,1.0,48.0,44.0,2.0,27.0,14.0,,,32.0,14.0,5.0,,,3.0,1.0,,,,,,,11.0,,3.0,1.0,14.0,,9.0,9.0,3.0,5.0,48.0,17.0,10.0,,2.0,1.0,,246.0,8.0,,41.0,26.0,23.0,,,,1.0,125.0,125.0,2.0,27.0,16.0,37.7,,,1.0,0.0,3.0,1.0,4.0,,,4.0,,5.0,30.0,177.0,3.0,144.0,26.0,27.0,16.0,5.0,13.0,8.0,,58.0,2.0,139.0,3.0,,13.0,2.0,50.0,3.0,270.0,,0.0,5.0,17.0,,19.0,3.0,450.0,17.0,8.0,5.0,10.0,0.0,,40.0,,1.0,,112.0,,49.0,2.0,,69.0,7.0,,1.0,,,,,,5.0,7.0,18.0,7.0,,,1.0,,,,,,15.0,10.0,,
2022-23,2293013,21,2023-01-23 20:15:00,54,Fulham,Home,184.0,23.0,,9.0,9.0,1.0,3.0,223.0,3.0,1.0,3.0,1.0,4.0,34.0,398.0,,,29.0,21.0,9.0,6.0,1.0,,1.0,,,,1.0,1.0,,,,,7.0,,,,,2.0,7.0,3.0,6.0,4.0,64.0,1.0,1.0,5.0,,3.0,12.0,13.0,,17.0,1.0,59.0,42.0,1.0,14.0,6.0,,,59.0,10.0,10.0,,,3.0,3.0,1.0,,,,,,7.0,,1.0,,6.0,,10.0,10.0,,3.0,63.0,40.0,8.0,,3.0,4.0,5.0,470.0,3.0,,84.0,80.0,32.0,,,,,158.0,158.0,9.0,20.0,32.0,52.9,,,,0.0,2.0,,2.0,,1.0,4.0,,4.0,104.0,388.0,7.0,210.0,54.0,14.0,10.0,3.0,31.0,28.0,1.0,141.0,3.0,306.0,1.0,1.0,6.0,4.0,65.0,2.0,485.0,,0.0,10.0,19.0,,32.0,1.0,707.0,22.0,4.0,3.0,10.0,0.0,,92.0,1.0,1.0,,166.0,,109.0,,,118.0,21.0,,,,,,,,7.0,11.0,17.0,11.0,,,,,,,,,16.0,8.0,,
2022-23,2293023,22,2023-02-03 20:00:00,54,Fulham,Away,109.0,17.0,1.0,3.0,2.0,2.0,,120.0,8.0,,5.0,1.0,1.0,23.0,226.0,,1.0,15.0,13.0,12.0,6.0,,,2.0,,,,,,,1.0,,,8.0,,,,,2.0,8.0,4.0,5.0,5.0,72.0,1.0,3.0,7.0,1.0,2.0,11.0,7.0,,14.0,,56.0,60.0,1.0,20.0,10.0,,,53.0,12.0,15.0,,,1.0,2.0,,,,,,,9.0,,1.0,,10.0,,19.0,19.0,1.0,5.0,60.0,32.0,6.0,,1.0,5.0,4.0,284.0,3.0,,20.0,88.0,21.0,,,,,152.0,152.0,8.0,28.0,27.0,33.1,,,,0.0,3.0,,2.0,2.0,2.0,3.0,,5.0,61.0,204.0,6.0,128.0,47.0,20.0,24.0,1.0,21.0,20.0,2.0,101.0,7.0,206.0,1.0,1.0,6.0,2.0,50.0,,313.0,1.0,0.0,10.0,19.0,1.0,20.0,4.0,545.0,17.0,14.0,2.0,14.0,0.0,,39.0,,,,131.0,,60.0,1.0,,83.0,17.0,,1.0,,,,,,9.0,3.0,18.0,3.0,,,,,,,,,30.0,17.0,,
2022-23,2293033,23,2023-02-11 15:00:00,54,Fulham,Home,185.0,21.0,4.0,10.0,6.0,3.0,,138.0,8.0,,4.0,1.0,4.0,24.0,313.0,,,15.0,16.0,18.0,10.0,3.0,3.0,,,,1.0,,1.0,,,,,8.0,,2.0,,1.0,3.0,7.0,3.0,12.0,4.0,62.0,1.0,2.0,7.0,,5.0,16.0,7.0,,6.0,1.0,42.0,57.0,1.0,17.0,8.0,,,55.0,9.0,11.0,,,1.0,1.0,1.0,1.0,,1.0,1.0,,8.0,1.0,,,8.0,3.0,15.0,15.0,1.0,4.0,67.0,36.0,4.0,1.0,10.0,4.0,3.0,375.0,2.0,,72.0,53.0,34.0,,,,,128.0,128.0,4.0,21.0,33.0,50.0,3.0,,1.0,0.0,1.0,,1.0,1.0,,11.0,1.0,5.0,62.0,293.0,14.0,199.0,42.0,17.0,22.0,5.0,29.0,24.0,,104.0,7.0,226.0,1.0,,7.0,5.0,45.0,1.0,396.0,,0.0,16.0,10.0,,20.0,0.0,585.0,32.0,18.0,5.0,5.0,0.0,,47.0,2.0,1.0,1.0,141.0,,101.0,4.0,,107.0,6.0,,,,,1.0,,,5.0,5.0,14.0,5.0,,,,,,,,,16.0,9.0,,
2022-23,2293042,24,2023-02-18 15:00:00,54,Fulham,Away,173.0,5.0,1.0,3.0,2.0,2.0,,61.0,8.0,2.0,6.0,5.0,1.0,18.0,231.0,,,8.0,16.0,11.0,2.0,1.0,1.0,,,,,,,,,,,4.0,,,,,,14.0,7.0,4.0,1.0,51.0,1.0,3.0,15.0,,2.0,2.0,2.0,,8.0,1.0,54.0,44.0,1.0,19.0,10.0,,,35.0,14.0,12.0,,,1.0,,,1.0,,1.0,1.0,,12.0,1.0,,1.0,10.0,,11.0,11.0,3.0,6.0,54.0,17.0,10.0,,,4.0,2.0,285.0,4.0,,44.0,22.0,7.0,,,,,111.0,111.0,2.0,23.0,15.0,34.7,,,,0.0,6.0,1.0,7.0,,,,1.0,2.0,24.0,210.0,4.0,201.0,30.0,19.0,11.0,2.0,6.0,4.0,,53.0,5.0,121.0,,2.0,21.0,1.0,57.0,,316.0,,0.0,5.0,13.0,,9.0,5.0,461.0,8.0,9.0,2.0,5.0,0.0,,33.0,,,,129.0,,79.0,2.0,,75.0,10.0,,,,,1.0,,,7.0,2.0,6.0,2.0,,,,,,,,,18.0,11.0,,
2022-23,2293053,25,2023-02-24 20:00:00,54,Fulham,Home,211.0,18.0,2.0,5.0,3.0,1.0,,158.0,7.0,1.0,2.0,3.0,3.0,27.0,364.0,,,23.0,19.0,11.0,8.0,,,,,,,1.0,1.0,,,,,9.0,,,,,,6.0,2.0,3.0,7.0,68.0,,3.0,15.0,,3.0,8.0,9.0,,15.0,,65.0,55.0,,15.0,12.0,,,58.0,12.0,15.0,,,3.0,,1.0,1.0,,,1.0,,10.0,1.0,,,12.0,,14.0,14.0,,2.0,69.0,43.0,3.0,,2.0,7.0,5.0,420.0,1.0,,54.0,58.0,26.0,,,,,147.0,147.0,5.0,32.0,27.0,50.5,,,,0.0,1.0,,1.0,1.0,,2.0,,3.0,77.0,343.0,9.0,235.0,38.0,15.0,13.0,3.0,20.0,17.0,,114.0,5.0,233.0,1.0,1.0,15.0,3.0,59.0,1.0,448.0,,0.0,10.0,20.0,,34.0,2.0,655.0,17.0,9.0,4.0,11.0,0.0,,74.0,2.0,2.0,,148.0,,116.0,,,110.0,17.0,,,,1.0,1.0,,,7.0,8.0,15.0,8.0,,,,,,,,,20.0,7.0,,
2022-23,2293062,26,2023-03-06 20:00:00,54,Fulham,Away,180.0,19.0,1.0,4.0,4.0,1.0,,224.0,8.0,,6.0,1.0,7.0,22.0,400.0,,,20.0,18.0,8.0,3.0,,1.0,,,,1.0,,1.0,,,,,6.0,,,,1.0,1.0,9.0,5.0,5.0,4.0,58.0,,,6.0,,3.0,18.0,12.0,,14.0,1.0,62.0,46.0,,22.0,14.0,,,56.0,17.0,12.0,,,1.0,,1.0,,,,,,9.0,1.0,1.0,,14.0,1.0,13.0,13.0,1.0,6.0,49.0,29.0,2.0,1.0,2.0,1.0,5.0,454.0,1.0,,82.0,84.0,30.0,1.0,1.0,1.0,,148.0,148.0,1.0,23.0,28.0,63.8,1.0,,,0.0,2.0,1.0,3.0,,,4.0,,4.0,119.0,374.0,3.0,220.0,41.0,22.0,23.0,2.0,31.0,30.0,,142.0,5.0,294.0,1.0,,10.0,8.0,49.0,1.0,483.0,,0.0,9.0,12.0,,21.0,3.0,694.0,13.0,15.0,3.0,7.0,0.0,,82.0,,1.0,2.0,154.0,,129.0,2.0,,118.0,12.0,,,,,1.0,,,6.0,12.0,26.0,12.0,,,,,,,,,17.0,7.0,,
2022-23,2293073,27,2023-03-12 14:00:00,54,Fulham,Home,190.0,14.0,1.0,4.0,3.0,1.0,,172.0,5.0,1.0,6.0,4.0,7.0,22.0,358.0,1.0,,17.0,11.0,16.0,6.0,2.0,1.0,,,,,,,,,,1.0,9.0,,1.0,,,2.0,11.0,4.0,7.0,5.0,58.0,,4.0,14.0,,4.0,6.0,4.0,,9.0,2.0,55.0,49.0,,12.0,9.0,,1.0,58.0,10.0,9.0,,,1.0,2.0,,,,,,,6.0,,1.0,,9.0,1.0,7.0,7.0,,6.0,49.0,31.0,8.0,,4.0,4.0,2.0,416.0,4.0,,53.0,56.0,28.0,,,,,124.0,124.0,5.0,24.0,22.0,44.7,1.0,,,0.0,3.0,1.0,4.0,,,6.0,,2.0,77.0,342.0,8.0,219.0,32.0,12.0,21.0,4.0,16.0,12.0,,110.0,1.0,230.0,1.0,1.0,9.0,7.0,46.0,2.0,433.0,1.0,0.0,12.0,14.0,,22.0,0.0,606.0,17.0,10.0,4.0,8.0,0.0,,61.0,,,,148.0,,121.0,,,103.0,10.0,,1.0,,,,,,4.0,12.0,19.0,12.0,,,,,,,,,20.0,13.0,,
2022-23,2293085,28,2023-05-03 20:00:00,54,Fulham,Away,241.0,25.0,,3.0,3.0,1.0,,143.0,9.0,2.0,6.0,3.0,3.0,33.0,381.0,,2.0,14.0,14.0,7.0,7.0,,1.0,,,,,,,,,,,7.0,,,,,1.0,6.0,9.0,7.0,2.0,54.0,1.0,3.0,13.0,,5.0,11.0,4.0,,9.0,,48.0,41.0,1.0,33.0,16.0,,,50.0,8.0,10.0,,,1.0,,,,,,,,11.0,,,1.0,16.0,,11.0,11.0,5.0,6.0,54.0,33.0,7.0,,2.0,5.0,3.0,427.0,2.0,,58.0,40.0,24.0,1.0,1.0,1.0,,119.0,119.0,1.0,29.0,18.0,42.9,,,,0.0,1.0,1.0,2.0,1.0,,3.0,,5.0,70.0,358.0,7.0,275.0,51.0,33.0,14.0,3.0,18.0,15.0,,97.0,3.0,197.0,,2.0,4.0,4.0,54.0,2.0,454.0,1.0,0.0,9.0,15.0,2.0,14.0,0.0,642.0,13.0,9.0,5.0,8.0,0.0,,63.0,1.0,1.0,,151.0,,119.0,,,121.0,15.0,,,,,,,,6.0,11.0,16.0,11.0,,,,,,,,,22.0,10.0,,
2022-23,2293090,29,2023-04-01 15:00:00,54,Fulham,Away,230.0,18.0,,6.0,6.0,,1.0,200.0,7.0,1.0,2.0,2.0,6.0,35.0,424.0,1.0,,14.0,12.0,11.0,6.0,1.0,1.0,,,,,,,,,,,8.0,,1.0,,,1.0,9.0,3.0,7.0,3.0,54.0,1.0,2.0,16.0,1.0,3.0,8.0,6.0,,14.0,2.0,58.0,52.0,1.0,16.0,5.0,,1.0,51.0,13.0,14.0,,,3.0,2.0,,1.0,,1.0,1.0,,8.0,1.0,,,5.0,1.0,4.0,4.0,1.0,2.0,60.0,39.0,4.0,1.0,5.0,3.0,2.0,470.0,3.0,,65.0,60.0,30.0,,,,,118.0,118.0,4.0,27.0,20.0,57.3,1.0,3.0,1.0,0.0,5.0,,4.0,,,6.0,,5.0,107.0,402.0,8.0,260.0,45.0,16.0,11.0,2.0,18.0,16.0,,133.0,2.0,254.0,,1.0,8.0,7.0,61.0,1.0,496.0,1.0,0.0,10.0,19.0,1.0,18.0,4.0,668.0,19.0,8.0,3.0,11.0,0.0,,83.0,,,,162.0,,120.0,2.0,,131.0,10.0,,1.0,,,,,,9.0,9.0,15.0,9.0,,,,,,,,,12.0,5.0,,
2022-23,2293102,30,2023-04-08 15:00:00,54,Fulham,Home,219.0,19.0,2.0,7.0,5.0,1.0,,369.0,6.0,,5.0,1.0,10.0,20.0,581.0,,1.0,20.0,24.0,15.0,11.0,1.0,1.0,,,,,,,1.0,,,,15.0,,,,,,8.0,2.0,7.0,9.0,44.0,1.0,11.0,2.0,,11.0,20.0,16.0,,9.0,2.0,52.0,45.0,1.0,26.0,16.0,,1.0,81.0,10.0,10.0,,,4.0,3.0,,,,,,,7.0,,,1.0,16.0,,5.0,5.0,,5.0,57.0,33.0,4.0,,1.0,11.0,3.0,636.0,,1.0,104.0,121.0,58.0,,,,,154.0,154.0,4.0,13.0,22.0,76.6,,,,0.0,4.0,1.0,5.0,,,2.0,,5.0,204.0,560.0,13.0,230.0,39.0,26.0,11.0,8.0,47.0,39.0,,250.0,1.0,476.0,,,5.0,10.0,36.0,,659.0,,0.0,16.0,17.0,1.0,24.0,1.0,880.0,39.0,3.0,11.0,9.0,0.0,,96.0,1.0,1.0,,186.0,,183.0,1.0,,194.0,14.0,1.0,,,,,,,7.0,8.0,17.0,8.0,,,,,,,,,18.0,9.0,,
2022-23,2293112,31,2023-04-15 15:00:00,54,Fulham,Away,166.0,25.0,2.0,10.0,8.0,1.0,1.0,195.0,5.0,,7.0,1.0,3.0,33.0,351.0,,,14.0,21.0,21.0,9.0,2.0,5.0,,,,,,,,,,,15.0,,,1.0,1.0,1.0,8.0,7.0,11.0,10.0,76.0,3.0,5.0,13.0,,7.0,14.0,3.0,,8.0,2.0,54.0,54.0,3.0,19.0,9.0,,1.0,68.0,6.0,10.0,1.0,,1.0,2.0,,2.0,,1.0,2.0,,8.0,3.0,,,9.0,2.0,13.0,13.0,1.0,7.0,76.0,31.0,4.0,2.0,6.0,7.0,7.0,445.0,2.0,,100.0,76.0,28.0,,,,,158.0,158.0,6.0,29.0,32.0,53.5,2.0,,,0.0,4.0,2.0,6.0,,,9.0,,4.0,108.0,335.0,13.0,205.0,62.0,19.0,12.0,4.0,23.0,19.0,,157.0,3.0,285.0,,,11.0,4.0,77.0,,467.0,1.0,0.0,21.0,17.0,,22.0,2.0,659.0,28.0,6.0,8.0,11.0,0.0,,82.0,2.0,,3.0,178.0,,105.0,,,102.0,7.0,,,,,,,,2.0,7.0,22.0,7.0,,,,,,,,,25.0,13.0,,
2022-23,2293125,32,2023-04-22 12:30:00,54,Fulham,Home,161.0,18.0,,,,2.0,,120.0,4.0,,7.0,4.0,2.0,28.0,281.0,,,17.0,22.0,16.0,4.0,1.0,,1.0,,1.0,1.0,1.0,3.0,1.0,,,,9.0,,1.0,,,,7.0,4.0,4.0,8.0,73.0,,4.0,5.0,,8.0,9.0,6.0,,9.0,1.0,61.0,66.0,,23.0,9.0,,,58.0,10.0,15.0,,,7.0,2.0,3.0,,,,,,5.0,2.0,,,9.0,2.0,9.0,9.0,2.0,7.0,64.0,28.0,6.0,2.0,1.0,4.0,5.0,355.0,4.0,1.0,47.0,60.0,34.0,,,,,173.0,173.0,5.0,23.0,36.0,49.3,1.0,,,0.0,,2.0,2.0,1.0,1.0,3.0,,5.0,83.0,267.0,5.0,191.0,37.0,23.0,31.0,7.0,24.0,17.0,1.0,116.0,7.0,208.0,1.0,,19.0,3.0,58.0,5.0,375.0,,0.0,12.0,19.0,1.0,23.0,1.0,614.0,13.0,16.0,8.0,11.0,0.0,,59.0,,,1.0,153.0,,79.0,3.0,,84.0,17.0,,,,,,,1.0,9.0,6.0,16.0,6.0,,,,,,,,,29.0,12.0,,
2022-23,2293130,33,2023-04-25 19:45:00,54,Fulham,Away,181.0,12.0,1.0,4.0,3.0,,,149.0,4.0,1.0,4.0,,2.0,19.0,326.0,,1.0,14.0,15.0,8.0,1.0,,,,,,,,,,,,,1.0,,,,,,8.0,6.0,1.0,,54.0,1.0,,6.0,,2.0,7.0,7.0,,5.0,,50.0,47.0,1.0,14.0,9.0,,,51.0,18.0,6.0,,,1.0,1.0,,,,,,,4.0,,,,9.0,,6.0,6.0,1.0,4.0,47.0,29.0,8.0,,1.0,,,390.0,7.0,,48.0,80.0,23.0,,,,,119.0,119.0,3.0,21.0,24.0,48.2,,,,0.0,1.0,1.0,2.0,2.0,,1.0,,5.0,64.0,316.0,1.0,209.0,28.0,14.0,18.0,2.0,17.0,15.0,,99.0,3.0,209.0,,1.0,10.0,2.0,43.0,5.0,401.0,1.0,0.0,1.0,21.0,1.0,18.0,2.0,566.0,15.0,12.0,2.0,8.0,0.0,,69.0,,,,121.0,,112.0,2.0,,99.0,9.0,,,,,,,,8.0,6.0,16.0,6.0,,,,,,,,,16.0,8.0,,
2022-23,2293145,34,2023-04-30 14:00:00,54,Fulham,Home,188.0,20.0,1.0,2.0,1.0,2.0,,122.0,2.0,1.0,2.0,2.0,3.0,13.0,308.0,,1.0,15.0,17.0,15.0,,,,,,,,,,,,,,3.0,,,,,1.0,11.0,1.0,1.0,3.0,48.0,1.0,2.0,8.0,,2.0,5.0,4.0,,11.0,3.0,46.0,53.0,1.0,31.0,19.0,,,35.0,9.0,10.0,1.0,,,1.0,,1.0,,1.0,1.0,,2.0,1.0,2.0,1.0,19.0,,9.0,9.0,,2.0,48.0,21.0,5.0,,,1.0,1.0,363.0,,,55.0,42.0,16.0,1.0,1.0,1.0,,111.0,111.0,1.0,23.0,17.0,37.4,,,,0.0,7.0,,7.0,,,1.0,,5.0,55.0,297.0,1.0,210.0,51.0,31.0,9.0,2.0,12.0,10.0,,85.0,5.0,181.0,2.0,1.0,3.0,3.0,37.0,3.0,379.0,,0.0,4.0,22.0,1.0,15.0,1.0,552.0,9.0,6.0,2.0,14.0,0.0,,61.0,1.0,,1.0,129.0,,102.0,2.0,,87.0,11.0,,,,,,,,1.0,13.0,21.0,13.0,,,,,,,,,19.0,8.0,,
2022-23,2293152,35,2023-05-08 15:00:00,54,Fulham,Home,252.0,17.0,1.0,5.0,4.0,2.0,2.0,172.0,8.0,,8.0,2.0,3.0,24.0,419.0,1.0,1.0,10.0,9.0,16.0,7.0,4.0,1.0,1.0,1.0,,,,1.0,,,,,10.0,,,,,5.0,9.0,9.0,10.0,7.0,64.0,1.0,5.0,17.0,,2.0,5.0,1.0,,8.0,5.0,51.0,57.0,1.0,14.0,11.0,1.0,1.0,57.0,13.0,15.0,1.0,,5.0,2.0,1.0,4.0,,3.0,4.0,,8.0,4.0,2.0,2.0,11.0,,6.0,6.0,,8.0,68.0,39.0,7.0,4.0,5.0,10.0,7.0,484.0,5.0,,57.0,70.0,21.0,1.0,2.0,2.0,,137.0,137.0,7.0,24.0,24.0,57.1,,,,0.0,2.0,4.0,6.0,,1.0,5.0,,5.0,88.0,395.0,15.0,282.0,42.0,14.0,10.0,2.0,10.0,8.0,2.0,130.0,9.0,239.0,2.0,1.0,11.0,3.0,50.0,1.0,511.0,2.0,0.0,17.0,22.0,1.0,20.0,0.0,704.0,24.0,4.0,2.0,14.0,0.0,,87.0,2.0,1.0,1.0,173.0,1.0,136.0,4.0,1.0,115.0,11.0,,,,,,,,6.0,12.0,26.0,12.0,,,,,,,,,25.0,12.0,,
2022-23,2293169,36,2023-05-13 15:00:00,54,Fulham,Away,272.0,17.0,2.0,3.0,1.0,4.0,,279.0,4.0,1.0,6.0,2.0,4.0,30.0,548.0,1.0,,18.0,14.0,8.0,6.0,1.0,1.0,1.0,,,,,,,,,,7.0,,,,,1.0,1.0,4.0,5.0,4.0,55.0,2.0,4.0,6.0,,8.0,7.0,7.0,,10.0,,45.0,45.0,2.0,6.0,4.0,,1.0,51.0,12.0,17.0,1.0,,2.0,1.0,,2.0,,1.0,2.0,,4.0,2.0,,3.0,4.0,,10.0,10.0,,6.0,61.0,43.0,1.0,,1.0,8.0,4.0,598.0,2.0,,105.0,102.0,34.0,,,,,124.0,124.0,6.0,14.0,27.0,64.4,,,,0.0,,1.0,1.0,,1.0,1.0,,5.0,150.0,522.0,9.0,294.0,34.0,6.0,16.0,5.0,20.0,15.0,1.0,188.0,7.0,352.0,1.0,1.0,6.0,4.0,46.0,1.0,626.0,2.0,0.0,9.0,10.0,,18.0,0.0,781.0,33.0,10.0,8.0,5.0,0.0,,107.0,2.0,,2.0,205.0,,151.0,2.0,,163.0,10.0,,,,,1.0,,,6.0,8.0,21.0,8.0,,,,,,,,,21.0,9.0,,
2022-23,2293172,37,2023-05-20 15:00:00,54,Fulham,Home,147.0,17.0,3.0,6.0,3.0,,2.0,124.0,6.0,1.0,7.0,2.0,6.0,22.0,265.0,,,16.0,12.0,13.0,4.0,3.0,3.0,,,,,1.0,1.0,,,,,5.0,1.0,,,,1.0,7.0,4.0,8.0,3.0,54.0,2.0,4.0,12.0,,7.0,9.0,4.0,,7.0,1.0,49.0,47.0,2.0,21.0,9.0,1.0,,42.0,13.0,12.0,2.0,,6.0,4.0,1.0,1.0,1.0,1.0,,1.0,7.0,,3.0,,9.0,,9.0,9.0,1.0,7.0,52.0,25.0,4.0,,2.0,6.0,4.0,332.0,3.0,,40.0,61.0,31.0,,,,1.0,140.0,140.0,9.0,24.0,13.0,49.5,,2.0,,0.0,1.0,2.0,3.0,,,3.0,1.0,2.0,67.0,247.0,8.0,167.0,43.0,21.0,11.0,6.0,23.0,17.0,,109.0,2.0,208.0,3.0,1.0,12.0,6.0,51.0,2.0,352.0,1.0,0.0,11.0,16.0,,20.0,3.0,548.0,27.0,6.0,7.0,7.0,0.0,,52.0,2.0,1.0,2.0,122.0,,90.0,1.0,,88.0,17.0,,,,1.0,,,,9.0,7.0,19.0,7.0,,,,,,,,,29.0,15.0,,
2022-23,2293188,38,2023-05-28 16:30:00,54,Fulham,Away,209.0,16.0,2.0,8.0,6.0,,,157.0,8.0,1.0,4.0,3.0,2.0,29.0,358.0,,,11.0,13.0,15.0,5.0,1.0,3.0,,,1.0,,,1.0,,,,,3.0,,,,,1.0,12.0,9.0,6.0,4.0,57.0,1.0,1.0,9.0,,4.0,7.0,5.0,1.0,12.0,1.0,51.0,51.0,1.0,17.0,9.0,,,34.0,10.0,14.0,,,3.0,1.0,1.0,1.0,1.0,1.0,,1.0,9.0,,,,9.0,,11.0,11.0,2.0,4.0,61.0,42.0,5.0,,4.0,3.0,3.0,401.0,6.0,,44.0,53.0,28.0,,,,1.0,119.0,119.0,3.0,28.0,21.0,46.8,,3.0,,0.0,2.0,4.0,6.0,2.0,,6.0,,4.0,66.0,336.0,7.0,231.0,30.0,17.0,14.0,3.0,16.0,13.0,,91.0,1.0,211.0,,1.0,10.0,2.0,46.0,1.0,426.0,,0.0,10.0,15.0,1.0,13.0,2.0,609.0,20.0,7.0,4.0,10.0,0.0,1.0,74.0,2.0,2.0,1.0,143.0,,102.0,1.0,,107.0,20.0,,,,,,,,6.0,7.0,16.0,7.0,,,,,,,,,17.0,5.0,,
2023-24,2367542,1,2023-08-12 15:00:00,54,Fulham,Away,285.0,20.0,1.0,3.0,3.0,2.0,,188.0,7.0,,8.0,2.0,2.0,26.0,470.0,,,17.0,9.0,15.0,6.0,1.0,2.0,,,,,,,,,,,7.0,,,1.0,,,14.0,5.0,6.0,3.0,56.0,4.0,1.0,7.0,,4.0,6.0,3.0,,9.0,3.0,35.0,42.0,4.0,29.0,16.0,,,53.0,6.0,12.0,,,2.0,,,,,,,,7.0,1.0,,,16.0,1.0,4.0,4.0,,8.0,70.0,49.0,10.0,,6.0,1.0,2.0,527.0,4.0,,89.0,59.0,20.0,,,,,126.0,126.0,2.0,22.0,19.0,59.4,1.0,,2.0,0.0,8.0,1.0,9.0,,,6.0,,3.0,81.0,443.0,7.0,316.0,37.0,29.0,10.0,3.0,11.0,9.0,,114.0,5.0,251.0,,,8.0,3.0,45.0,3.0,556.0,,0.0,9.0,10.0,,22.0,2.0,726.0,18.0,6.0,4.0,4.0,0.0,,96.0,1.0,1.0,1.0,190.0,,135.0,3.0,,135.0,8.0,,,,,1.0,,,3.0,6.0,18.0,6.0,,,,,,,,,,,,
2023-24,2367550,2,2023-08-19 15:00:00,54,Fulham,Home,185.0,22.0,,1.0,1.0,,,212.0,6.0,,4.0,,4.0,25.0,396.0,,1.0,18.0,12.0,12.0,6.0,,2.0,,,1.0,,,1.0,,1.0,,,6.0,,1.0,,,1.0,15.0,2.0,4.0,6.0,51.0,1.0,4.0,8.0,,5.0,6.0,3.0,,8.0,2.0,46.0,42.0,1.0,22.0,10.0,1.0,,58.0,13.0,12.0,,,1.0,2.0,1.0,,,,,,7.0,,2.0,,10.0,1.0,3.0,3.0,,4.0,56.0,29.0,5.0,,1.0,5.0,2.0,450.0,2.0,,40.0,75.0,30.0,1.0,1.0,1.0,,118.0,118.0,5.0,18.0,20.0,54.6,1.0,,,0.0,4.0,1.0,5.0,1.0,,4.0,,5.0,90.0,375.0,6.0,203.0,54.0,22.0,13.0,5.0,16.0,11.0,,126.0,1.0,287.0,2.0,,3.0,5.0,52.0,1.0,474.0,,1.0,10.0,10.0,1.0,18.0,2.0,632.0,20.0,8.0,5.0,9.0,0.0,,67.0,,,,135.0,,139.0,,,133.0,11.0,,,,,,,,10.0,5.0,14.0,5.0,,1.0,,,,,,,,,,
2023-24,2367559,3,2023-08-26 15:00:00,54,Fulham,Away,122.0,22.0,1.0,2.0,1.0,3.0,,76.0,7.0,,7.0,1.0,2.0,22.0,196.0,,1.0,6.0,9.0,14.0,2.0,1.0,3.0,1.0,,,,,,,,,,4.0,,,,,1.0,16.0,3.0,6.0,2.0,64.0,,2.0,15.0,1.0,3.0,4.0,4.0,,9.0,2.0,43.0,38.0,,38.0,21.0,,,29.0,5.0,5.0,,,,,,1.0,1.0,1.0,,1.0,9.0,1.0,,,21.0,,6.0,6.0,1.0,7.0,47.0,21.0,8.0,2.0,1.0,3.0,3.0,250.0,4.0,,29.0,21.0,13.0,1.0,1.0,1.0,,113.0,113.0,2.0,30.0,18.0,28.9,,2.0,1.0,0.0,7.0,2.0,8.0,1.0,1.0,3.0,,4.0,27.0,179.0,4.0,158.0,46.0,38.0,6.0,3.0,11.0,8.0,1.0,44.0,7.0,127.0,,,14.0,3.0,54.0,1.0,274.0,,1.0,8.0,18.0,3.0,6.0,4.0,440.0,11.0,1.0,3.0,10.0,0.0,,46.0,1.0,1.0,,122.0,,55.0,,,51.0,11.0,1.0,,,1.0,,,,4.0,8.0,20.0,8.0,,1.0,,,,,,,,,,
2023-24,2367576,4,2023-09-02 15:00:00,54,Fulham,Away,195.0,18.0,2.0,2.0,,2.0,,79.0,1.0,,4.0,,2.0,22.0,272.0,1.0,,12.0,8.0,6.0,3.0,1.0,3.0,,,,,,,,,,,3.0,,,,,,7.0,,5.0,1.0,53.0,2.0,1.0,12.0,,5.0,3.0,2.0,1.0,11.0,,48.0,32.0,2.0,10.0,5.0,1.0,,30.0,12.0,11.0,,,1.0,1.0,,,,,,,1.0,,,1.0,5.0,,7.0,7.0,,4.0,47.0,31.0,4.0,,1.0,3.0,4.0,317.0,1.0,,25.0,37.0,16.0,1.0,1.0,1.0,,105.0,105.0,2.0,28.0,17.0,32.1,,,,0.0,,,,,,1.0,1.0,5.0,41.0,255.0,4.0,226.0,32.0,10.0,10.0,5.0,11.0,6.0,,64.0,7.0,121.0,,,4.0,3.0,40.0,1.0,336.0,1.0,0.0,6.0,11.0,,15.0,4.0,479.0,15.0,4.0,5.0,9.0,0.0,,62.0,2.0,2.0,1.0,109.0,,78.0,1.0,,87.0,10.0,,,,,,,,6.0,9.0,12.0,9.0,,,,,,,,,,,,
2023-24,2367581,5,2023-09-16 15:00:00,54,Fulham,Home,275.0,23.0,2.0,7.0,5.0,3.0,1.0,465.0,4.0,,2.0,1.0,5.0,26.0,733.0,,,23.0,19.0,12.0,9.0,1.0,2.0,,,1.0,,1.0,2.0,,,,,8.0,,,,,1.0,7.0,,6.0,7.0,53.0,,6.0,4.0,,6.0,11.0,8.0,,12.0,,48.0,45.0,,10.0,3.0,,,80.0,6.0,13.0,,,7.0,1.0,2.0,,,,,,6.0,1.0,,,3.0,,7.0,7.0,,2.0,78.0,59.0,2.0,,4.0,6.0,2.0,788.0,1.0,,94.0,147.0,38.0,,,,,134.0,134.0,5.0,21.0,25.0,77.6,,,,0.0,2.0,,2.0,1.0,,5.0,,5.0,170.0,715.0,10.0,294.0,49.0,10.0,12.0,4.0,24.0,20.0,,209.0,4.0,539.0,,,3.0,6.0,45.0,,809.0,,0.0,13.0,17.0,3.0,23.0,2.0,983.0,22.0,4.0,6.0,9.0,0.0,,128.0,1.0,1.0,1.0,211.0,,230.0,2.0,,240.0,19.0,,,,,1.0,,,4.0,5.0,11.0,5.0,,,,,,,,,,,,
2023-24,2367593,6,2023-09-23 15:00:00,54,Fulham,Away,188.0,24.0,,2.0,2.0,,,197.0,2.0,1.0,6.0,3.0,6.0,30.0,383.0,,1.0,13.0,14.0,17.0,8.0,,,,,,,,1.0,,,,,8.0,,,,,1.0,4.0,3.0,5.0,5.0,74.0,2.0,2.0,15.0,,2.0,13.0,4.0,,9.0,1.0,57.0,60.0,2.0,18.0,9.0,,,50.0,15.0,10.0,,,1.0,1.0,1.0,,,,,,2.0,,1.0,,9.0,,9.0,9.0,,6.0,50.0,32.0,3.0,,2.0,6.0,5.0,446.0,2.0,,66.0,86.0,32.0,,,,,131.0,131.0,3.0,32.0,31.0,49.5,,,,0.0,1.0,2.0,3.0,,,3.0,,3.0,103.0,370.0,8.0,216.0,44.0,18.0,12.0,,18.0,18.0,,137.0,2.0,264.0,1.0,1.0,14.0,6.0,54.0,1.0,462.0,,0.0,10.0,27.0,1.0,15.0,2.0,651.0,15.0,7.0,2.0,11.0,0.0,,79.0,,,,150.0,,123.0,3.0,,110.0,16.0,,,,,,,,6.0,7.0,15.0,7.0,,,,,,,,,,,,
2023-24,2367601,7,2023-10-02 20:00:00,54,Fulham,Home,304.0,35.0,3.0,6.0,3.0,,,195.0,6.0,,11.0,2.0,10.0,38.0,493.0,,1.0,20.0,9.0,10.0,6.0,3.0,4.0,,,,,,,,,,,6.0,,,,,,8.0,3.0,9.0,1.0,57.0,,3.0,8.0,,8.0,12.0,4.0,,18.0,1.0,54.0,39.0,,5.0,,1.0,,62.0,15.0,11.0,,,,,,,,,,,6.0,,1.0,1.0,,,13.0,13.0,2.0,11.0,62.0,48.0,1.0,,4.0,5.0,3.0,535.0,1.0,,54.0,98.0,37.0,,,,,128.0,128.0,4.0,28.0,14.0,55.7,,,,0.0,1.0,1.0,2.0,,,4.0,,4.0,113.0,467.0,9.0,324.0,58.0,5.0,9.0,6.0,22.0,16.0,,152.0,1.0,259.0,1.0,,9.0,10.0,62.0,2.0,561.0,2.0,0.0,10.0,16.0,1.0,21.0,1.0,748.0,27.0,3.0,8.0,7.0,0.0,,93.0,1.0,1.0,,169.0,,151.0,2.0,,148.0,15.0,,,,,,,,9.0,9.0,21.0,9.0,,,,,,,,,,,,
2023-24,2367613,8,2023-10-07 15:00:00,54,Fulham,Home,196.0,20.0,2.0,5.0,3.0,3.0,,223.0,5.0,,4.0,3.0,5.0,30.0,414.0,,1.0,22.0,18.0,21.0,11.0,1.0,2.0,2.0,,,,,,1.0,,,,18.0,,1.0,1.0,,,4.0,2.0,9.0,11.0,66.0,,6.0,8.0,,9.0,18.0,4.0,,15.0,,54.0,68.0,,13.0,9.0,,,63.0,8.0,10.0,2.0,,2.0,,,1.0,,1.0,1.0,,5.0,2.0,,,9.0,2.0,12.0,12.0,,4.0,67.0,37.0,4.0,,4.0,9.0,6.0,497.0,1.0,1.0,83.0,70.0,43.0,,,,,169.0,169.0,10.0,23.0,26.0,60.3,2.0,,,0.0,2.0,,2.0,,2.0,8.0,1.0,5.0,129.0,394.0,13.0,223.0,53.0,13.0,19.0,7.0,29.0,22.0,3.0,186.0,6.0,323.0,,,10.0,5.0,57.0,2.0,517.0,,0.0,20.0,24.0,2.0,29.0,1.0,749.0,36.0,14.0,9.0,15.0,0.0,,86.0,2.0,2.0,1.0,162.0,1.0,128.0,,,141.0,13.0,,,,,,,,6.0,12.0,31.0,12.0,,,,,,,,,,,,
2023-24,2367627,9,2023-10-23 20:00:00,54,Fulham,Away,244.0,38.0,2.0,4.0,2.0,,,151.0,9.0,,3.0,1.0,4.0,41.0,391.0,,2.0,21.0,5.0,4.0,7.0,2.0,2.0,,,,,,,,,,,8.0,,,,,,10.0,5.0,7.0,3.0,61.0,1.0,3.0,9.0,,5.0,8.0,6.0,,9.0,,47.0,45.0,1.0,12.0,6.0,1.0,1.0,46.0,14.0,10.0,,,2.0,,,,,,,,10.0,,,,6.0,,12.0,12.0,3.0,3.0,56.0,32.0,3.0,,3.0,6.0,3.0,436.0,6.0,,59.0,49.0,22.0,,,,,127.0,127.0,9.0,25.0,23.0,44.4,,,,0.0,1.0,2.0,3.0,1.0,,4.0,,5.0,76.0,367.0,9.0,274.0,61.0,12.0,22.0,5.0,19.0,14.0,,100.0,2.0,208.0,,,4.0,5.0,62.0,6.0,463.0,,0.0,10.0,19.0,3.0,22.0,0.0,663.0,14.0,12.0,5.0,11.0,0.0,,73.0,1.0,1.0,,151.0,,121.0,,,118.0,14.0,,,,,,,,11.0,18.0,31.0,18.0,,,,,,,,,,,,
2023-24,2367631,10,2023-10-29 14:00:00,54,Fulham,Away,158.0,20.0,,1.0,1.0,1.0,,104.0,6.0,1.0,1.0,,2.0,21.0,261.0,,,13.0,13.0,10.0,6.0,,2.0,,,,,,,,,,,8.0,,,,,,10.0,8.0,5.0,5.0,55.0,2.0,1.0,6.0,1.0,3.0,4.0,3.0,,13.0,3.0,48.0,57.0,2.0,14.0,8.0,,1.0,43.0,8.0,11.0,,,3.0,1.0,,1.0,,1.0,1.0,,8.0,1.0,,,8.0,,19.0,19.0,3.0,1.0,50.0,24.0,7.0,1.0,2.0,5.0,5.0,310.0,4.0,,48.0,32.0,16.0,,,,,116.0,116.0,5.0,22.0,24.0,28.9,,,,0.0,4.0,2.0,5.0,,,4.0,,5.0,51.0,244.0,7.0,178.0,43.0,14.0,17.0,3.0,11.0,8.0,,82.0,4.0,164.0,,1.0,6.0,2.0,44.0,1.0,331.0,1.0,0.0,10.0,27.0,,14.0,3.0,512.0,20.0,9.0,3.0,17.0,0.0,,51.0,,,,112.0,,76.0,1.0,,92.0,12.0,,,,1.0,,,,5.0,3.0,12.0,3.0,,,,,,,,,,,,
2023-24,2367641,11,2023-11-04 12:30:00,54,Fulham,Home,149.0,19.0,3.0,4.0,1.0,1.0,,115.0,5.0,,2.0,2.0,5.0,22.0,260.0,,1.0,14.0,20.0,19.0,8.0,4.0,6.0,3.0,,1.0,,,1.0,,,,,9.0,,,,,1.0,6.0,6.0,9.0,9.0,67.0,,7.0,7.0,,9.0,9.0,3.0,,6.0,3.0,49.0,58.0,,21.0,6.0,,,60.0,9.0,15.0,,,1.0,,1.0,,,,,,9.0,,,,6.0,,9.0,9.0,,2.0,66.0,29.0,4.0,,5.0,7.0,3.0,334.0,2.0,,40.0,41.0,30.0,,,,,160.0,160.0,5.0,33.0,21.0,45.0,,,,0.0,2.0,2.0,4.0,1.0,3.0,8.0,1.0,5.0,59.0,241.0,12.0,180.0,37.0,21.0,17.0,7.0,19.0,12.0,3.0,114.0,2.0,202.0,,,21.0,6.0,61.0,1.0,363.0,1.0,0.0,18.0,14.0,1.0,19.0,5.0,565.0,20.0,10.0,9.0,9.0,0.0,,62.0,1.0,1.0,,140.0,,83.0,3.0,,78.0,20.0,,,,,,,,5.0,9.0,24.0,9.0,,,,,,,,,,,,
2023-24,2367650,12,2023-11-12 14:00:00,54,Fulham,Away,245.0,15.0,,4.0,4.0,,,172.0,3.0,,5.0,2.0,6.0,22.0,413.0,,2.0,12.0,10.0,6.0,7.0,,,1.0,,,,,,1.0,,,,9.0,,,,,,10.0,3.0,5.0,4.0,57.0,1.0,,11.0,,2.0,8.0,4.0,,5.0,1.0,45.0,37.0,1.0,13.0,5.0,,,45.0,17.0,4.0,1.0,,,,,1.0,,1.0,1.0,,3.0,1.0,,,5.0,2.0,13.0,13.0,2.0,5.0,54.0,35.0,2.0,,3.0,5.0,5.0,475.0,1.0,1.0,42.0,73.0,19.0,,,,,114.0,114.0,6.0,25.0,21.0,49.3,,,,0.0,3.0,1.0,4.0,,1.0,4.0,,5.0,70.0,400.0,8.0,272.0,38.0,13.0,14.0,2.0,14.0,12.0,1.0,108.0,,231.0,,,10.0,6.0,48.0,7.0,489.0,,0.0,9.0,15.0,4.0,12.0,5.0,652.0,11.0,12.0,2.0,6.0,0.0,,79.0,1.0,,1.0,132.0,,148.0,1.0,,130.0,13.0,,,,,,,,12.0,12.0,21.0,12.0,,,,,,,,,,,,
2023-24,2367661,13,2023-11-27 20:00:00,54,Fulham,Home,298.0,28.0,,4.0,4.0,,,245.0,2.0,3.0,6.0,6.0,6.0,29.0,539.0,1.0,1.0,20.0,6.0,11.0,7.0,,1.0,,,,,,,,,,,9.0,2.0,,,,,7.0,3.0,6.0,6.0,59.0,,3.0,5.0,,6.0,8.0,7.0,,7.0,3.0,34.0,45.0,,14.0,5.0,,1.0,60.0,13.0,13.0,,,4.0,1.0,,1.0,,1.0,1.0,,5.0,1.0,,1.0,5.0,,16.0,16.0,3.0,6.0,75.0,44.0,2.0,3.0,3.0,5.0,6.0,616.0,,,82.0,95.0,38.0,1.0,1.0,1.0,2.0,150.0,150.0,5.0,21.0,25.0,59.8,,,,0.0,4.0,,4.0,2.0,,3.0,,4.0,119.0,519.0,8.0,321.0,53.0,14.0,8.0,2.0,18.0,16.0,,170.0,3.0,336.0,,3.0,14.0,6.0,55.0,1.0,639.0,1.0,0.0,12.0,17.0,1.0,23.0,2.0,834.0,26.0,4.0,6.0,7.0,0.0,,85.0,1.0,,3.0,211.0,,159.0,1.0,,184.0,20.0,,1.0,,,,,,4.0,8.0,25.0,8.0,,,,,,,,,,,,
2023-24,2367673,14,2023-12-03 14:00:00,54,Fulham,Away,159.0,21.0,2.0,3.0,1.0,2.0,,128.0,3.0,1.0,5.0,13.0,3.0,25.0,284.0,,,17.0,12.0,15.0,3.0,2.0,3.0,,,,,,,1.0,,,,6.0,,,,,,16.0,11.0,7.0,2.0,70.0,1.0,3.0,8.0,,4.0,6.0,1.0,1.0,3.0,3.0,42.0,49.0,1.0,31.0,11.0,,,46.0,7.0,6.0,,,,,,2.0,,2.0,2.0,,10.0,2.0,,,11.0,,33.0,33.0,3.0,5.0,57.0,26.0,3.0,1.0,1.0,6.0,5.0,361.0,6.0,1.0,65.0,51.0,16.0,,,,,157.0,157.0,4.0,30.0,23.0,38.8,,3.0,,0.0,4.0,5.0,9.0,1.0,,1.0,1.0,5.0,83.0,266.0,7.0,203.0,36.0,31.0,18.0,3.0,10.0,7.0,,115.0,7.0,199.0,,1.0,32.0,4.0,59.0,1.0,392.0,,0.0,9.0,22.0,,20.0,0.0,626.0,16.0,6.0,4.0,9.0,0.0,,53.0,1.0,,2.0,170.0,,80.0,6.0,,89.0,17.0,,1.0,,,1.0,,,5.0,12.0,28.0,12.0,,,,,,,,,,,,
2023-24,2367682,15,2023-12-06 19:30:00,54,Fulham,Home,317.0,20.0,2.0,2.0,1.0,1.0,,301.0,4.0,3.0,4.0,4.0,10.0,39.0,616.0,,2.0,17.0,9.0,16.0,5.0,1.0,1.0,,,,1.0,,1.0,,,,,12.0,,,1.0,,,3.0,1.0,9.0,5.0,55.0,1.0,4.0,5.0,,6.0,11.0,1.0,,8.0,1.0,34.0,53.0,1.0,8.0,4.0,,1.0,66.0,7.0,10.0,2.0,,2.0,,1.0,4.0,,4.0,4.0,,4.0,5.0,,,4.0,1.0,10.0,10.0,,4.0,74.0,53.0,1.0,3.0,1.0,9.0,6.0,681.0,,,112.0,95.0,37.0,,,,,133.0,133.0,1.0,25.0,25.0,63.7,1.0,,1.0,0.0,1.0,,1.0,,,4.0,,5.0,146.0,597.0,10.0,341.0,32.0,8.0,10.0,4.0,15.0,12.0,,185.0,3.0,374.0,,3.0,13.0,10.0,57.0,2.0,700.0,1.0,0.0,14.0,22.0,2.0,19.0,0.0,864.0,24.0,5.0,6.0,20.0,0.0,,139.0,4.0,,5.0,204.0,,178.0,,,179.0,19.0,1.0,,,,,,,5.0,9.0,14.0,9.0,,,,,,,,,,,,
2023-24,2367692,16,2023-12-10 14:00:00,54,Fulham,Home,385.0,29.0,2.0,6.0,4.0,3.0,,301.0,6.0,,3.0,1.0,5.0,30.0,680.0,1.0,2.0,19.0,5.0,14.0,8.0,1.0,2.0,,,,,,,,1.0,,,12.0,,,,,,5.0,4.0,9.0,5.0,63.0,2.0,1.0,9.0,,3.0,8.0,5.0,1.0,5.0,4.0,29.0,54.0,2.0,21.0,11.0,,1.0,59.0,5.0,9.0,1.0,,,1.0,,5.0,1.0,3.0,4.0,1.0,6.0,4.0,,,11.0,,8.0,8.0,,3.0,77.0,57.0,6.0,1.0,5.0,9.0,8.0,746.0,1.0,,94.0,60.0,30.0,,,,,120.0,120.0,6.0,27.0,25.0,63.2,,,3.0,0.0,3.0,2.0,5.0,1.0,,5.0,,5.0,129.0,667.0,14.0,417.0,46.0,21.0,15.0,3.0,17.0,14.0,,163.0,7.0,362.0,,,8.0,6.0,52.0,,762.0,3.0,0.0,14.0,21.0,8.0,20.0,2.0,941.0,23.0,10.0,3.0,9.0,0.0,,120.0,4.0,2.0,2.0,203.0,,211.0,2.0,,228.0,14.0,,,,,2.0,,,5.0,6.0,18.0,6.0,,,,,,,,,,,,
2023-24,2367705,17,2023-12-16 15:00:00,54,Fulham,Away,124.0,13.0,,2.0,2.0,,,99.0,4.0,,5.0,,5.0,12.0,221.0,,1.0,10.0,17.0,4.0,5.0,,,,,,,,,,,,,6.0,,,,,,19.0,8.0,3.0,3.0,43.0,,,11.0,,1.0,5.0,4.0,,5.0,2.0,51.0,36.0,,26.0,12.0,,,36.0,12.0,7.0,,,1.0,1.0,,,,,,,14.0,,1.0,,12.0,,12.0,12.0,2.0,5.0,50.0,16.0,5.0,,2.0,3.0,4.0,258.0,7.0,,34.0,34.0,15.0,,,,,97.0,97.0,2.0,24.0,8.0,29.2,,,1.0,0.0,5.0,2.0,7.0,,,2.0,,5.0,56.0,209.0,5.0,141.0,18.0,26.0,9.0,,10.0,10.0,,76.0,2.0,156.0,1.0,,23.0,5.0,51.0,,287.0,1.0,1.0,6.0,22.0,2.0,13.0,2.0,453.0,10.0,3.0,1.0,11.0,0.0,,49.0,,1.0,,113.0,,63.0,,,62.0,9.0,,1.0,,,,,,12.0,10.0,13.0,10.0,,,,,,,,,,,,
2023-24,2367710,18,2023-12-23 15:00:00,54,Fulham,Home,326.0,28.0,,6.0,6.0,5.0,,278.0,4.0,,3.0,1.0,5.0,27.0,598.0,,1.0,26.0,10.0,18.0,14.0,,1.0,,,,,,1.0,,,,,13.0,,,,,3.0,4.0,3.0,15.0,4.0,61.0,1.0,9.0,4.0,,8.0,14.0,5.0,,11.0,,40.0,57.0,1.0,11.0,7.0,,,67.0,5.0,16.0,,,3.0,1.0,1.0,,,,,,6.0,,1.0,,7.0,,13.0,13.0,1.0,3.0,64.0,42.0,6.0,,4.0,10.0,5.0,672.0,2.0,,91.0,85.0,40.0,,,,,161.0,161.0,8.0,24.0,26.0,65.6,,,,0.0,,,,,,5.0,1.0,4.0,141.0,572.0,14.0,359.0,56.0,11.0,23.0,5.0,25.0,20.0,,191.0,7.0,368.0,1.0,,14.0,6.0,58.0,2.0,702.0,1.0,0.0,19.0,10.0,2.0,28.0,2.0,912.0,38.0,13.0,8.0,7.0,0.0,,98.0,1.0,1.0,,211.0,,195.0,1.0,,198.0,12.0,,,,,,,,4.0,12.0,30.0,12.0,,,,,,,,,,,,
2023-24,2367718,19,2023-12-26 15:00:00,54,Fulham,Away,244.0,19.0,1.0,3.0,3.0,,,221.0,4.0,,2.0,8.0,6.0,27.0,462.0,,,23.0,16.0,12.0,4.0,1.0,3.0,,,,,1.0,1.0,,,,,4.0,,,,,,10.0,6.0,4.0,4.0,56.0,,4.0,13.0,,5.0,15.0,5.0,,6.0,,51.0,52.0,,25.0,10.0,,,59.0,10.0,10.0,,,1.0,2.0,1.0,,,,,,5.0,,1.0,1.0,10.0,,8.0,8.0,1.0,2.0,72.0,47.0,6.0,,,5.0,3.0,526.0,7.0,,92.0,82.0,41.0,1.0,1.0,1.0,,138.0,138.0,4.0,22.0,26.0,57.5,,,1.0,0.0,1.0,,1.0,2.0,,1.0,,5.0,119.0,442.0,5.0,264.0,35.0,25.0,21.0,3.0,24.0,22.0,,157.0,2.0,308.0,1.0,,25.0,7.0,57.0,,548.0,,0.0,8.0,16.0,,24.0,2.0,732.0,21.0,14.0,5.0,12.0,0.0,,104.0,,,,186.0,,130.0,,,128.0,17.0,,,,,,,,10.0,6.0,16.0,6.0,,,,,,,,,,,,
2023-24,2367730,20,2023-12-31 14:00:00,54,Fulham,Home,168.0,15.0,2.0,6.0,4.0,1.0,,178.0,7.0,,1.0,5.0,6.0,28.0,340.0,,1.0,8.0,10.0,10.0,7.0,2.0,4.0,,,,1.0,,1.0,,1.0,,,10.0,,1.0,,,,10.0,3.0,8.0,7.0,52.0,1.0,6.0,6.0,,5.0,11.0,2.0,,7.0,1.0,40.0,40.0,1.0,22.0,13.0,,1.0,37.0,11.0,8.0,1.0,,2.0,1.0,1.0,1.0,,1.0,1.0,,13.0,1.0,,,13.0,1.0,17.0,17.0,1.0,1.0,64.0,37.0,4.0,1.0,3.0,7.0,4.0,389.0,3.0,,63.0,60.0,22.0,,,,,120.0,120.0,2.0,22.0,24.0,39.5,1.0,,,0.0,2.0,,2.0,1.0,,5.0,,4.0,55.0,327.0,10.0,189.0,23.0,22.0,13.0,5.0,19.0,14.0,,77.0,5.0,242.0,,,20.0,6.0,56.0,4.0,412.0,,0.0,15.0,15.0,3.0,10.0,4.0,583.0,20.0,7.0,5.0,6.0,0.0,,67.0,1.0,,2.0,149.0,,105.0,3.0,,91.0,13.0,,,,3.0,,,,9.0,6.0,16.0,6.0,,,,,,,,,,,,
2023-24,2367743,21,2024-01-13 12:30:00,54,Fulham,Away,190.0,18.0,1.0,4.0,3.0,1.0,1.0,144.0,7.0,,6.0,6.0,4.0,22.0,330.0,,,23.0,14.0,15.0,9.0,1.0,3.0,1.0,,2.0,,,2.0,,1.0,,,7.0,,,,,2.0,12.0,5.0,8.0,6.0,47.0,1.0,4.0,13.0,,4.0,10.0,2.0,,13.0,1.0,55.0,61.0,1.0,24.0,8.0,,,40.0,9.0,13.0,,,5.0,2.0,2.0,,,,,,8.0,,2.0,1.0,8.0,,18.0,18.0,5.0,6.0,50.0,29.0,6.0,,4.0,6.0,4.0,399.0,5.0,,58.0,49.0,27.0,1.0,1.0,1.0,,148.0,148.0,2.0,23.0,15.0,44.9,,,,0.0,1.0,1.0,2.0,,1.0,6.0,1.0,4.0,83.0,309.0,10.0,223.0,35.0,24.0,15.0,3.0,17.0,14.0,1.0,123.0,6.0,217.0,2.0,,19.0,4.0,44.0,,423.0,1.0,0.0,14.0,25.0,,25.0,1.0,657.0,25.0,8.0,4.0,15.0,0.0,,61.0,,,,143.0,,105.0,1.0,,114.0,19.0,,,,,,,,9.0,7.0,21.0,7.0,,,,,,,,,,,,
2023-24,2367750,22,2024-01-30 19:45:00,54,Fulham,Home,306.0,19.0,4.0,11.0,8.0,1.0,1.0,232.0,7.0,,4.0,3.0,4.0,36.0,527.0,,,15.0,23.0,14.0,14.0,3.0,10.0,1.0,,,,,,,,,,14.0,,1.0,,,1.0,15.0,6.0,15.0,10.0,45.0,,6.0,4.0,2.0,15.0,14.0,10.0,,10.0,1.0,55.0,39.0,,21.0,10.0,,,43.0,6.0,12.0,,,1.0,1.0,,,,,,,7.0,,,,10.0,1.0,8.0,8.0,2.0,4.0,58.0,40.0,6.0,,8.0,9.0,6.0,583.0,6.0,,108.0,74.0,41.0,,,,,146.0,146.0,2.0,11.0,27.0,69.8,1.0,,,0.0,2.0,2.0,2.0,,1.0,13.0,,2.0,130.0,498.0,17.0,339.0,34.0,21.0,19.0,9.0,33.0,25.0,1.0,163.0,5.0,306.0,1.0,,13.0,4.0,55.0,3.0,612.0,,0.0,25.0,6.0,,18.0,1.0,822.0,33.0,7.0,15.0,5.0,0.0,,101.0,2.0,4.0,,176.0,,169.0,,,166.0,11.0,,,,,,,,5.0,6.0,12.0,6.0,,,,,,,,,,,,
2023-24,2367762,23,2024-02-03 15:00:00,54,Fulham,Away,223.0,19.0,4.0,9.0,5.0,,,158.0,4.0,2.0,4.0,7.0,5.0,24.0,372.0,1.0,1.0,27.0,24.0,27.0,7.0,3.0,9.0,,,,,,,,,,,6.0,,,,,,9.0,3.0,12.0,3.0,49.0,1.0,4.0,9.0,,13.0,5.0,5.0,,10.0,,55.0,48.0,1.0,21.0,13.0,1.0,,59.0,7.0,11.0,1.0,,2.0,2.0,,2.0,1.0,1.0,1.0,1.0,7.0,1.0,,,13.0,,17.0,17.0,1.0,4.0,80.0,36.0,2.0,1.0,3.0,9.0,7.0,468.0,3.0,,61.0,66.0,38.0,,,,,168.0,168.0,3.0,18.0,22.0,56.3,,2.0,,0.0,1.0,1.0,2.0,1.0,,4.0,,3.0,61.0,355.0,12.0,257.0,51.0,21.0,5.0,12.0,24.0,12.0,,114.0,2.0,256.0,,2.0,26.0,9.0,65.0,1.0,489.0,1.0,0.0,15.0,10.0,3.0,31.0,2.0,679.0,27.0,,13.0,5.0,0.0,,74.0,1.0,,1.0,178.0,,113.0,3.0,,124.0,13.0,,,,,,,,6.0,9.0,21.0,9.0,,,,,,,,,,,,
2023-24,2367770,24,2024-02-10 15:00:00,54,Fulham,Home,183.0,17.0,,2.0,2.0,2.0,,161.0,11.0,1.0,2.0,9.0,3.0,34.0,342.0,1.0,,14.0,30.0,26.0,4.0,,,,,,,,,,,,,7.0,,,,,,17.0,8.0,5.0,2.0,62.0,1.0,,7.0,,1.0,6.0,7.0,,13.0,2.0,64.0,63.0,1.0,37.0,21.0,,,50.0,11.0,9.0,2.0,,,,,2.0,,2.0,2.0,,14.0,3.0,,,21.0,,8.0,8.0,1.0,2.0,84.0,45.0,14.0,1.0,1.0,5.0,6.0,423.0,12.0,,68.0,62.0,26.0,,,,,160.0,160.0,6.0,26.0,23.0,49.2,,,,0.0,1.0,2.0,4.0,,,1.0,,5.0,85.0,319.0,6.0,221.0,33.0,37.0,13.0,1.0,14.0,13.0,,123.0,8.0,246.0,,2.0,34.0,3.0,74.0,1.0,453.0,3.0,0.0,7.0,20.0,,18.0,1.0,656.0,19.0,9.0,1.0,14.0,0.0,,71.0,4.0,2.0,3.0,174.0,,100.0,2.0,,108.0,13.0,,,,,,,,11.0,3.0,13.0,3.0,,,,,,,,,,,,
2023-24,2367781,25,2024-02-17 15:00:00,54,Fulham,Home,223.0,20.0,2.0,9.0,7.0,1.0,,170.0,8.0,,2.0,3.0,4.0,26.0,384.0,,3.0,12.0,8.0,7.0,9.0,3.0,2.0,1.0,,,,,,,,,,12.0,,,,,1.0,7.0,5.0,11.0,4.0,40.0,4.0,1.0,5.0,,4.0,15.0,10.0,,5.0,,35.0,30.0,4.0,10.0,6.0,1.0,,47.0,11.0,4.0,1.0,,1.0,1.0,,1.0,,1.0,1.0,,8.0,1.0,,,6.0,,3.0,3.0,,2.0,62.0,42.0,4.0,,9.0,4.0,4.0,429.0,3.0,,70.0,53.0,39.0,,,,,117.0,117.0,2.0,19.0,16.0,52.2,,,,0.0,1.0,,1.0,2.0,1.0,10.0,,5.0,82.0,363.0,13.0,236.0,38.0,10.0,11.0,4.0,30.0,26.0,1.0,115.0,2.0,244.0,,,13.0,5.0,51.0,2.0,450.0,,0.0,15.0,14.0,7.0,15.0,5.0,608.0,27.0,5.0,4.0,8.0,0.0,,58.0,2.0,1.0,1.0,139.0,,121.0,,,132.0,14.0,1.0,,,,,,,11.0,7.0,18.0,7.0,,,,,,,,,,,,
2023-24,2367795,26,2024-02-24 15:00:00,54,Fulham,Away,186.0,21.0,4.0,4.0,,2.0,,144.0,3.0,,2.0,1.0,4.0,16.0,326.0,,,14.0,9.0,11.0,9.0,4.0,6.0,4.0,,,,,,,,,,11.0,,,,1.0,,11.0,10.0,11.0,6.0,44.0,2.0,4.0,10.0,1.0,9.0,9.0,2.0,1.0,5.0,6.0,43.0,43.0,2.0,24.0,14.0,,,34.0,11.0,6.0,,,1.0,,,2.0,,1.0,2.0,,8.0,1.0,,1.0,14.0,1.0,8.0,8.0,,2.0,53.0,33.0,10.0,1.0,6.0,9.0,5.0,382.0,6.0,,48.0,44.0,31.0,,,,,119.0,119.0,3.0,20.0,13.0,43.2,1.0,,2.0,0.0,4.0,4.0,7.0,,4.0,8.0,1.0,3.0,70.0,314.0,15.0,212.0,38.0,24.0,18.0,8.0,19.0,11.0,4.0,98.0,4.0,207.0,,,14.0,4.0,39.0,1.0,400.0,1.0,0.0,17.0,18.0,,18.0,5.0,594.0,25.0,9.0,9.0,12.0,0.0,,63.0,1.0,,1.0,138.0,,88.0,2.0,,111.0,9.0,,,,,,,,9.0,11.0,19.0,11.0,,,,,,,,,,,,
2023-24,2367801,27,2024-03-02 15:00:00,54,Fulham,Home,136.0,14.0,1.0,3.0,2.0,1.0,,84.0,6.0,,4.0,5.0,2.0,14.0,217.0,,,15.0,17.0,12.0,7.0,1.0,1.0,2.0,,,,,,,,,,10.0,,,,,1.0,10.0,5.0,9.0,3.0,56.0,2.0,3.0,11.0,,2.0,9.0,3.0,,5.0,2.0,60.0,49.0,2.0,27.0,13.0,,,39.0,16.0,9.0,1.0,,1.0,,,3.0,,3.0,3.0,,10.0,3.0,2.0,,13.0,,8.0,8.0,1.0,4.0,62.0,26.0,6.0,1.0,4.0,7.0,5.0,282.0,3.0,,37.0,37.0,18.0,,,,,127.0,127.0,4.0,29.0,12.0,29.5,,,1.0,0.0,3.0,2.0,5.0,1.0,2.0,4.0,2.0,5.0,45.0,203.0,11.0,170.0,28.0,27.0,15.0,2.0,14.0,12.0,3.0,76.0,4.0,151.0,2.0,,30.0,2.0,52.0,2.0,307.0,,0.0,12.0,24.0,,16.0,1.0,488.0,16.0,4.0,2.0,12.0,0.0,,41.0,2.0,,2.0,142.0,1.0,63.0,1.0,,61.0,6.0,1.0,,,,1.0,,,16.0,10.0,22.0,10.0,,,,,,,,,,,,
2023-24,2367817,28,2024-03-09 15:00:00,54,Fulham,Away,260.0,17.0,2.0,5.0,3.0,3.0,,162.0,9.0,,5.0,4.0,1.0,23.0,417.0,1.0,1.0,11.0,10.0,12.0,13.0,1.0,7.0,,,,,,,1.0,,,,14.0,,1.0,,,2.0,6.0,3.0,16.0,7.0,52.0,1.0,7.0,10.0,,4.0,7.0,5.0,,7.0,,39.0,44.0,1.0,11.0,9.0,,,33.0,11.0,7.0,,,1.0,,,1.0,,,1.0,,9.0,1.0,1.0,,9.0,1.0,4.0,4.0,,5.0,59.0,45.0,3.0,1.0,5.0,10.0,7.0,472.0,,1.0,61.0,56.0,29.0,,,,,110.0,110.0,3.0,28.0,15.0,52.2,1.0,,,0.0,1.0,1.0,2.0,1.0,,9.0,1.0,5.0,69.0,395.0,15.0,295.0,31.0,11.0,6.0,3.0,15.0,12.0,,96.0,5.0,215.0,1.0,,15.0,2.0,41.0,,495.0,1.0,0.0,23.0,21.0,3.0,11.0,2.0,650.0,36.0,4.0,4.0,18.0,0.0,,71.0,4.0,3.0,1.0,155.0,,145.0,1.0,,124.0,12.0,1.0,,,,,,,11.0,7.0,19.0,7.0,,,,,,,,,,,,
2023-24,2367823,29,2024-03-16 17:30:00,54,Fulham,Home,172.0,18.0,2.0,7.0,5.0,1.0,,140.0,8.0,,4.0,8.0,2.0,31.0,305.0,,2.0,22.0,14.0,11.0,8.0,2.0,4.0,5.0,,,,,,,,,,11.0,,,1.0,,1.0,12.0,2.0,15.0,1.0,53.0,2.0,6.0,13.0,,4.0,8.0,4.0,,6.0,3.0,48.0,49.0,2.0,8.0,5.0,,,39.0,9.0,10.0,2.0,,1.0,1.0,,2.0,,2.0,2.0,,11.0,2.0,,,5.0,1.0,13.0,13.0,2.0,4.0,67.0,35.0,5.0,1.0,3.0,9.0,7.0,374.0,1.0,,66.0,45.0,31.0,,,,,139.0,139.0,3.0,18.0,21.0,42.9,1.0,,,0.0,3.0,2.0,5.0,,5.0,3.0,1.0,5.0,79.0,286.0,12.0,207.0,33.0,8.0,14.0,4.0,17.0,13.0,5.0,109.0,2.0,210.0,,,28.0,3.0,66.0,2.0,400.0,,0.0,16.0,20.0,3.0,23.0,2.0,590.0,39.0,8.0,4.0,9.0,0.0,,71.0,2.0,1.0,2.0,151.0,,92.0,,,86.0,19.0,,,,,,,,9.0,14.0,25.0,14.0,,,,,,,,,,,,
2023-24,2367836,30,2024-03-30 15:00:00,54,Fulham,Away,251.0,13.0,9.0,13.0,4.0,1.0,,270.0,7.0,,4.0,2.0,3.0,31.0,508.0,1.0,1.0,21.0,23.0,19.0,6.0,7.0,9.0,,,,,,,,,,,12.0,,,,1.0,3.0,6.0,2.0,17.0,7.0,45.0,,8.0,3.0,,15.0,12.0,13.0,,14.0,,58.0,49.0,,13.0,7.0,,,76.0,13.0,10.0,1.0,,3.0,1.0,,3.0,1.0,2.0,2.0,1.0,7.0,2.0,1.0,,7.0,2.0,3.0,3.0,,4.0,74.0,56.0,2.0,1.0,5.0,11.0,9.0,569.0,2.0,,88.0,69.0,56.0,,,,,148.0,148.0,2.0,14.0,23.0,73.6,1.0,,1.0,0.0,1.0,,1.0,2.0,,7.0,,5.0,141.0,487.0,16.0,276.0,29.0,13.0,16.0,15.0,41.0,26.0,,186.0,1.0,357.0,1.0,,7.0,3.0,48.0,,592.0,2.0,0.0,24.0,9.0,3.0,22.0,1.0,784.0,39.0,11.0,15.0,6.0,0.0,,84.0,,,,193.0,,148.0,4.0,,167.0,12.0,,,,1.0,1.0,,,13.0,5.0,21.0,5.0,,,,,,,,,,,,
2023-24,2367842,31,2024-04-02 19:30:00,54,Fulham,Away,227.0,20.0,3.0,12.0,9.0,2.0,,336.0,8.0,1.0,2.0,4.0,11.0,26.0,551.0,,1.0,18.0,15.0,19.0,13.0,2.0,6.0,,,,,,,,,,,12.0,,1.0,,1.0,,9.0,7.0,15.0,3.0,48.0,,2.0,8.0,,8.0,25.0,4.0,1.0,8.0,,40.0,44.0,,13.0,5.0,,,82.0,8.0,6.0,,,1.0,2.0,,1.0,1.0,1.0,,1.0,8.0,,,1.0,5.0,2.0,4.0,4.0,,2.0,63.0,45.0,3.0,,12.0,4.0,3.0,608.0,3.0,,109.0,78.0,45.0,,,,,131.0,131.0,2.0,22.0,22.0,66.7,2.0,,,0.0,1.0,,1.0,1.0,,13.0,,5.0,179.0,530.0,16.0,242.0,34.0,13.0,7.0,6.0,37.0,31.0,,229.0,3.0,424.0,,1.0,11.0,12.0,46.0,,629.0,,0.0,18.0,15.0,2.0,18.0,0.0,797.0,30.0,4.0,8.0,11.0,0.0,,84.0,,,,198.0,,162.0,2.0,,185.0,15.0,,,,,,,,8.0,4.0,13.0,4.0,,,,,,,,,,,,
2023-24,2367852,32,2024-04-06 15:00:00,54,Fulham,Home,223.0,21.0,2.0,6.0,4.0,1.0,1.0,283.0,7.0,1.0,4.0,5.0,4.0,34.0,500.0,,,18.0,9.0,10.0,10.0,1.0,2.0,1.0,,,,,,,,,,12.0,,,,,,9.0,3.0,9.0,5.0,59.0,1.0,4.0,9.0,,14.0,19.0,8.0,,9.0,2.0,41.0,57.0,1.0,6.0,1.0,,,56.0,10.0,13.0,,,1.0,1.0,,,,,,,8.0,,,1.0,1.0,,9.0,9.0,4.0,5.0,66.0,49.0,3.0,,4.0,7.0,4.0,562.0,2.0,,106.0,65.0,53.0,,,,,151.0,151.0,7.0,24.0,23.0,66.6,,,1.0,0.0,3.0,1.0,4.0,,1.0,6.0,,5.0,141.0,476.0,11.0,252.0,38.0,6.0,20.0,12.0,40.0,28.0,1.0,177.0,4.0,376.0,,1.0,19.0,4.0,62.0,,588.0,1.0,0.0,14.0,20.0,,18.0,1.0,782.0,40.0,15.0,14.0,9.0,0.0,,93.0,1.0,1.0,,175.0,,160.0,,,160.0,14.0,,,,,,,,10.0,4.0,26.0,4.0,,,,,,,,,,,,
2023-24,2367867,33,2024-04-14 14:00:00,54,Fulham,Away,207.0,14.0,2.0,3.0,1.0,,1.0,127.0,12.0,,5.0,3.0,5.0,13.0,331.0,,,8.0,14.0,14.0,12.0,2.0,2.0,1.0,,,,,,,,,,16.0,,,,,,11.0,4.0,13.0,5.0,60.0,4.0,3.0,17.0,,3.0,4.0,2.0,,8.0,2.0,59.0,53.0,4.0,35.0,17.0,,,39.0,13.0,6.0,,,1.0,1.0,,1.0,,1.0,1.0,,14.0,2.0,1.0,1.0,17.0,,5.0,5.0,,5.0,48.0,27.0,8.0,2.0,5.0,10.0,10.0,390.0,2.0,,38.0,46.0,22.0,,,,,115.0,115.0,3.0,31.0,15.0,41.8,,,1.0,0.0,3.0,1.0,4.0,,1.0,5.0,,5.0,69.0,315.0,15.0,242.0,34.0,35.0,15.0,3.0,10.0,7.0,2.0,94.0,2.0,180.0,2.0,,20.0,5.0,45.0,,412.0,,0.0,18.0,26.0,,10.0,2.0,616.0,31.0,7.0,3.0,12.0,0.0,,61.0,5.0,4.0,2.0,146.0,1.0,99.0,1.0,,106.0,8.0,,,,,,,,11.0,12.0,18.0,12.0,,,,,,,,,,,,
2023-24,2367872,34,2024-04-21 16:30:00,54,Fulham,Home,234.0,20.0,,5.0,5.0,,1.0,102.0,7.0,1.0,10.0,1.0,4.0,13.0,331.0,1.0,,17.0,14.0,11.0,8.0,,1.0,,,,1.0,,1.0,,,,,8.0,,1.0,,,2.0,7.0,7.0,8.0,4.0,64.0,1.0,2.0,11.0,,1.0,6.0,6.0,1.0,5.0,3.0,42.0,42.0,1.0,16.0,5.0,,1.0,42.0,5.0,10.0,,,3.0,3.0,1.0,,,,,,7.0,1.0,,,5.0,1.0,7.0,7.0,1.0,11.0,66.0,28.0,4.0,,2.0,6.0,5.0,404.0,2.0,,45.0,53.0,23.0,,,,,146.0,146.0,5.0,27.0,19.0,39.9,1.0,,,0.0,3.0,1.0,4.0,,,5.0,,3.0,45.0,311.0,8.0,265.0,42.0,16.0,16.0,1.0,16.0,15.0,,78.0,1.0,176.0,,1.0,19.0,4.0,50.0,1.0,425.0,1.0,0.0,12.0,12.0,,17.0,3.0,622.0,22.0,9.0,1.0,6.0,0.0,,61.0,,1.0,,152.0,,97.0,2.0,,115.0,25.0,,,,,,,,4.0,15.0,24.0,15.0,,,,,,,,,,,,
2023-24,2367881,35,2024-04-27 15:00:00,54,Fulham,Home,302.0,16.0,1.0,3.0,2.0,1.0,,118.0,10.0,2.0,7.0,10.0,5.0,23.0,417.0,,,10.0,24.0,15.0,5.0,1.0,2.0,,,,,,,,,,,7.0,,,,,,6.0,8.0,7.0,2.0,72.0,5.0,1.0,12.0,,5.0,6.0,1.0,,13.0,2.0,66.0,53.0,5.0,21.0,7.0,,,44.0,11.0,13.0,1.0,,2.0,2.0,,1.0,,1.0,1.0,,13.0,1.0,1.0,1.0,7.0,,8.0,8.0,1.0,7.0,61.0,29.0,9.0,,4.0,3.0,2.0,501.0,2.0,,37.0,49.0,25.0,,,,,164.0,164.0,6.0,33.0,22.0,54.0,,2.0,1.0,0.0,1.0,2.0,3.0,2.0,,6.0,,5.0,53.0,394.0,7.0,353.0,34.0,21.0,8.0,5.0,14.0,9.0,,93.0,4.0,191.0,2.0,2.0,38.0,6.0,72.0,1.0,530.0,,0.0,9.0,24.0,,12.0,0.0,708.0,17.0,1.0,5.0,17.0,0.0,,75.0,3.0,2.0,1.0,182.0,,137.0,,,136.0,17.0,,,,,,,,7.0,3.0,14.0,3.0,,,,,,,,,,,,
2023-24,2367889,36,2024-05-04 15:00:00,54,Fulham,Away,161.0,17.0,3.0,5.0,2.0,1.0,,164.0,8.0,,4.0,4.0,2.0,18.0,320.0,,,16.0,17.0,15.0,10.0,1.0,2.0,2.0,,,,,,,,,,13.0,,1.0,,,,7.0,,10.0,5.0,60.0,1.0,6.0,10.0,1.0,6.0,10.0,8.0,,9.0,,44.0,43.0,1.0,33.0,19.0,,1.0,53.0,6.0,3.0,,,,,,,,,,,10.0,,,,19.0,1.0,7.0,7.0,,4.0,44.0,23.0,7.0,,4.0,7.0,3.0,410.0,3.0,,42.0,53.0,35.0,,,,,146.0,146.0,4.0,28.0,23.0,45.9,1.0,,,0.0,3.0,,2.0,,2.0,6.0,,5.0,79.0,307.0,11.0,205.0,41.0,33.0,8.0,6.0,24.0,18.0,2.0,119.0,5.0,244.0,,,20.0,2.0,45.0,,425.0,,0.0,15.0,19.0,,19.0,1.0,610.0,30.0,6.0,6.0,12.0,0.0,,56.0,,1.0,,152.0,,100.0,1.0,,117.0,7.0,,,,,,,,3.0,16.0,28.0,16.0,,,,,,,,,,,,
2023-24,2367901,37,2024-05-11 12:30:00,54,Fulham,Home,278.0,17.0,,1.0,1.0,,,75.0,7.0,,5.0,3.0,2.0,23.0,352.0,,,17.0,8.0,5.0,,,,,,,,,,,,,,1.0,,,,,,12.0,4.0,1.0,,38.0,,,4.0,,1.0,9.0,3.0,,6.0,4.0,27.0,40.0,,17.0,8.0,,,32.0,9.0,5.0,,,,,,,,,,,9.0,,1.0,1.0,8.0,,6.0,6.0,1.0,5.0,46.0,25.0,7.0,,,,1.0,400.0,2.0,,33.0,40.0,20.0,1.0,1.0,1.0,,99.0,99.0,2.0,20.0,9.0,35.8,,,1.0,0.0,2.0,3.0,5.0,,,,,4.0,26.0,334.0,,303.0,36.0,17.0,8.0,1.0,13.0,12.0,,52.0,,130.0,1.0,,13.0,2.0,50.0,,420.0,1.0,1.0,1.0,23.0,,17.0,1.0,568.0,6.0,7.0,1.0,6.0,0.0,,75.0,,,,135.0,,106.0,,,104.0,12.0,,,,,,,,2.0,11.0,23.0,11.0,,1.0,,,,,,,,,,
2023-24,2367915,38,2024-05-19 16:00:00,54,Fulham,Away,207.0,20.0,1.0,5.0,4.0,2.0,1.0,189.0,5.0,1.0,4.0,1.0,5.0,23.0,391.0,,,15.0,11.0,6.0,8.0,2.0,1.0,,,,,2.0,2.0,,1.0,,,11.0,,1.0,,,2.0,9.0,6.0,8.0,8.0,40.0,1.0,2.0,5.0,,4.0,7.0,4.0,,3.0,2.0,45.0,45.0,1.0,16.0,9.0,,,40.0,20.0,14.0,2.0,1.0,4.0,1.0,2.0,4.0,1.0,3.0,3.0,1.0,7.0,3.0,,,9.0,1.0,4.0,4.0,,5.0,57.0,40.0,4.0,2.0,6.0,8.0,8.0,429.0,5.0,,55.0,60.0,24.0,1.0,1.0,1.0,,102.0,102.0,2.0,18.0,14.0,59.6,1.0,,1.0,0.0,3.0,1.0,4.0,,,6.0,,5.0,90.0,363.0,14.0,243.0,34.0,16.0,11.0,3.0,15.0,12.0,,111.0,5.0,232.0,,1.0,12.0,7.0,44.0,1.0,460.0,,0.0,16.0,20.0,,15.0,4.0,617.0,22.0,5.0,4.0,9.0,0.0,,86.0,2.0,1.0,1.0,171.0,,92.0,,,111.0,11.0,,,,,,,,9.0,4.0,14.0,4.0,,,,,,,,,,,,
2024-25,2444470,1,2024-08-16 20:00:00,54,Fulham,Away,173.0,11.0,4.0,6.0,2.0,1.0,1.0,139.0,8.0,,3.0,6.0,7.0,17.0,306.0,,,14.0,19.0,16.0,5.0,4.0,4.0,,,,,,,,,,,5.0,,,,,1.0,7.0,7.0,6.0,4.0,61.0,,4.0,8.0,,8.0,5.0,5.0,,9.0,1.0,58.0,59.0,,19.0,11.0,,2.0,40.0,10.0,11.0,,,4.0,3.0,,,,,,,10.0,,,,11.0,,9.0,9.0,2.0,3.0,53.0,34.0,7.0,,4.0,5.0,2.0,357.0,2.0,,34.0,41.0,21.0,,,,,134.0,134.0,2.0,28.0,23.0,44.6,,,1.0,0.0,3.0,1.0,4.0,,,4.0,,5.0,57.0,283.0,9.0,204.0,20.0,19.0,20.0,8.0,21.0,13.0,,87.0,5.0,201.0,,,21.0,7.0,39.0,1.0,384.0,1.0,0.0,10.0,24.0,2.0,15.0,3.0,580.0,22.0,8.0,8.0,17.0,0.0,,53.0,,,,133.0,,102.0,1.0,,96.0,17.0,,,,,,,,5.0,7.0,17.0,7.0,,,,,,,,,,,,
2024-25,2444484,2,2024-08-24 15:00:00,54,Fulham,Home,190.0,20.0,5.0,7.0,2.0,,,276.0,5.0,1.0,2.0,6.0,4.0,25.0,459.0,,,21.0,13.0,17.0,10.0,5.0,6.0,1.0,,1.0,,,1.0,,,,,11.0,,,,,,6.0,4.0,13.0,5.0,50.0,2.0,5.0,7.0,,7.0,11.0,4.0,,12.0,1.0,55.0,46.0,2.0,7.0,2.0,,,66.0,14.0,12.0,,,3.0,,1.0,2.0,,1.0,2.0,,5.0,2.0,1.0,,2.0,,8.0,8.0,,2.0,65.0,46.0,5.0,2.0,6.0,11.0,6.0,513.0,2.0,,84.0,87.0,38.0,,,,,137.0,137.0,6.0,11.0,27.0,54.2,,,1.0,0.0,1.0,2.0,3.0,,1.0,7.0,,4.0,135.0,434.0,17.0,204.0,30.0,7.0,13.0,6.0,21.0,15.0,1.0,178.0,2.0,355.0,2.0,1.0,21.0,4.0,47.0,,538.0,,0.0,18.0,14.0,,21.0,2.0,723.0,31.0,4.0,7.0,10.0,0.0,,73.0,3.0,1.0,2.0,162.0,,155.0,2.0,,148.0,21.0,1.0,,,,,,,12.0,5.0,20.0,5.0,,,,,,,,,,,,
2024-25,2444494,3,2024-08-31 15:00:00,54,Fulham,Away,194.0,11.0,2.0,5.0,3.0,1.0,,170.0,4.0,,2.0,5.0,3.0,21.0,359.0,,,17.0,11.0,12.0,6.0,1.0,2.0,1.0,,,,,,,,,,7.0,,,,,,6.0,5.0,9.0,,35.0,2.0,3.0,10.0,,6.0,9.0,9.0,,7.0,3.0,49.0,52.0,2.0,11.0,7.0,,,40.0,15.0,15.0,1.0,,1.0,3.0,,1.0,,1.0,1.0,,7.0,1.0,1.0,,7.0,,6.0,6.0,,2.0,53.0,30.0,8.0,,2.0,6.0,4.0,392.0,3.0,,53.0,59.0,29.0,,,,,110.0,110.0,1.0,13.0,16.0,51.3,,,,0.0,3.0,,3.0,1.0,1.0,2.0,2.0,5.0,74.0,338.0,8.0,215.0,20.0,11.0,20.0,5.0,26.0,21.0,1.0,96.0,1.0,229.0,1.0,,22.0,4.0,52.0,,418.0,,0.0,9.0,11.0,,23.0,3.0,582.0,19.0,14.0,6.0,7.0,0.0,,61.0,2.0,1.0,1.0,120.0,,132.0,1.0,,105.0,10.0,,,,1.0,,,,6.0,6.0,15.0,6.0,,,,,,,,,,,,101691.57
2024-25,2444504,4,2024-09-14 15:00:00,54,Fulham,Home,187.0,16.0,1.0,9.0,8.0,,1.0,138.0,4.0,,3.0,6.0,5.0,26.0,316.0,1.0,,23.0,10.0,21.0,13.0,2.0,1.0,1.0,,1.0,,,2.0,,,,,17.0,,,,,1.0,7.0,4.0,17.0,4.0,47.0,2.0,8.0,9.0,,3.0,11.0,7.0,,9.0,,52.0,80.0,2.0,21.0,9.0,,,47.0,15.0,18.0,1.0,,3.0,1.0,2.0,1.0,,1.0,1.0,,6.0,1.0,,,9.0,,13.0,13.0,1.0,3.0,49.0,24.0,2.0,,6.0,10.0,5.0,370.0,3.0,,60.0,54.0,28.0,,,,,130.0,130.0,9.0,19.0,16.0,54.5,,2.0,,0.0,2.0,,2.0,1.0,1.0,8.0,,5.0,86.0,295.0,16.0,212.0,30.0,21.0,21.0,3.0,22.0,19.0,1.0,124.0,1.0,205.0,,,23.0,5.0,55.0,3.0,395.0,1.0,0.0,21.0,30.0,1.0,28.0,2.0,640.0,29.0,12.0,3.0,19.0,0.0,,63.0,3.0,3.0,1.0,134.0,,95.0,,,103.0,12.0,1.0,,,,,,,9.0,11.0,20.0,11.0,,,,,,,,,,,,101989.44
2024-25,2444513,5,2024-09-21 15:00:00,54,Fulham,Home,111.0,14.0,3.0,7.0,4.0,1.0,,179.0,9.0,,3.0,3.0,4.0,12.0,283.0,1.0,1.0,12.0,16.0,6.0,11.0,3.0,5.0,2.0,,,,,,,,,,16.0,,1.0,,,1.0,12.0,4.0,18.0,4.0,44.0,,2.0,7.0,,6.0,4.0,8.0,,2.0,,47.0,37.0,,21.0,8.0,,1.0,54.0,16.0,8.0,1.0,,1.0,,,3.0,,2.0,3.0,,12.0,3.0,1.0,,8.0,1.0,6.0,6.0,,3.0,51.0,23.0,,1.0,6.0,11.0,11.0,315.0,3.0,,54.0,67.0,29.0,,,,,100.0,100.0,4.0,18.0,16.0,38.6,1.0,,,0.0,3.0,1.0,4.0,1.0,2.0,9.0,2.0,5.0,99.0,263.0,17.0,117.0,26.0,21.0,11.0,5.0,17.0,12.0,2.0,139.0,3.0,244.0,1.0,,20.0,4.0,41.0,1.0,344.0,2.0,0.0,22.0,19.0,3.0,14.0,6.0,504.0,38.0,4.0,6.0,9.0,0.0,,49.0,5.0,3.0,2.0,113.0,,80.0,1.0,,102.0,16.0,1.0,,,,1.0,,,11.0,3.0,7.0,3.0,,,,,,,,,,,,109770.61
2024-25,2444528,6,2024-09-28 15:00:00,54,Fulham,Away,205.0,12.0,2.0,4.0,2.0,,1.0,258.0,4.0,,2.0,4.0,4.0,18.0,459.0,,1.0,8.0,18.0,7.0,6.0,1.0,1.0,,,,,,,,,,,10.0,1.0,,,,2.0,6.0,5.0,10.0,4.0,34.0,5.0,7.0,4.0,,5.0,13.0,5.0,,3.0,,45.0,34.0,5.0,40.0,22.0,,1.0,60.0,15.0,11.0,1.0,,2.0,1.0,,,,,,,6.0,,1.0,,22.0,,9.0,9.0,1.0,2.0,61.0,37.0,6.0,,1.0,6.0,2.0,503.0,5.0,,68.0,86.0,24.0,,,,1.0,114.0,114.0,1.0,18.0,10.0,59.4,,,1.0,0.0,,1.0,1.0,1.0,,5.0,,5.0,126.0,439.0,7.0,222.0,25.0,40.0,14.0,4.0,23.0,19.0,,157.0,1.0,328.0,1.0,,15.0,4.0,36.0,1.0,527.0,,0.0,14.0,7.0,1.0,10.0,4.0,707.0,24.0,9.0,5.0,2.0,0.0,,90.0,,,1.0,152.0,,130.0,2.0,,155.0,14.0,,1.0,,,,,,9.0,3.0,8.0,3.0,,,,,,,,,,,,106402.95
2024-25,2444538,7,2024-10-05 15:00:00,54,Fulham,Away,161.0,19.0,2.0,4.0,2.0,,,235.0,6.0,,4.0,2.0,4.0,26.0,392.0,,1.0,10.0,7.0,6.0,8.0,1.0,1.0,4.0,,,,,,,,,,10.0,,,,,,10.0,10.0,9.0,2.0,38.0,,4.0,11.0,,3.0,11.0,1.0,,4.0,3.0,38.0,37.0,,22.0,10.0,,1.0,53.0,10.0,4.0,,,,,,2.0,,2.0,2.0,,8.0,2.0,1.0,,10.0,,7.0,7.0,1.0,4.0,45.0,29.0,8.0,1.0,3.0,8.0,4.0,436.0,6.0,,63.0,67.0,18.0,,,,,99.0,99.0,1.0,23.0,8.0,41.9,,3.0,,0.0,3.0,1.0,4.0,2.0,4.0,3.0,,5.0,119.0,378.0,11.0,187.0,33.0,22.0,11.0,3.0,15.0,12.0,4.0,143.0,3.0,280.0,1.0,,9.0,4.0,46.0,3.0,452.0,,0.0,11.0,23.0,1.0,12.0,1.0,621.0,26.0,5.0,3.0,9.0,0.0,,75.0,5.0,3.0,2.0,121.0,,128.0,2.0,,128.0,11.0,1.0,,,,1.0,,,5.0,13.0,21.0,13.0,,,,,,,,,,,,103254.8
2024-25,2444541,8,2024-10-19 15:00:00,54,Fulham,Home,194.0,18.0,2.0,7.0,5.0,,,190.0,5.0,1.0,3.0,7.0,2.0,23.0,377.0,,,11.0,5.0,14.0,5.0,2.0,3.0,,,,,,,1.0,,,,5.0,,,,,,11.0,4.0,9.0,1.0,43.0,1.0,1.0,8.0,,6.0,16.0,5.0,,8.0,3.0,32.0,45.0,1.0,22.0,11.0,,1.0,47.0,8.0,10.0,1.0,,5.0,4.0,,1.0,,,1.0,,8.0,1.0,1.0,,11.0,,14.0,14.0,3.0,3.0,59.0,40.0,11.0,,4.0,4.0,4.0,413.0,4.0,1.0,69.0,37.0,32.0,,,,1.0,109.0,109.0,2.0,21.0,17.0,52.1,,3.0,2.0,0.0,3.0,,4.0,,,5.0,,4.0,83.0,360.0,8.0,212.0,33.0,22.0,6.0,5.0,30.0,25.0,,106.0,,252.0,1.0,1.0,18.0,2.0,46.0,2.0,434.0,1.0,1.0,10.0,18.0,,14.0,3.0,617.0,24.0,3.0,6.0,11.0,0.0,1.0,74.0,3.0,4.0,,121.0,,124.0,4.0,,115.0,9.0,,1.0,,,,,,5.0,4.0,16.0,4.0,,,,,,,,,,,,
2024-25,2444556,9,2024-10-26 17:30:00,54,Fulham,Away,284.0,16.0,,8.0,8.0,1.0,,229.0,1.0,2.0,7.0,4.0,9.0,26.0,505.0,,,19.0,18.0,8.0,11.0,,1.0,1.0,,,,,,,,,,12.0,,,,,1.0,8.0,2.0,7.0,7.0,58.0,2.0,2.0,7.0,,2.0,10.0,5.0,,10.0,2.0,52.0,38.0,2.0,21.0,11.0,,,75.0,8.0,7.0,,,,1.0,,1.0,,,1.0,,2.0,1.0,1.0,,11.0,,4.0,4.0,,7.0,74.0,49.0,4.0,1.0,7.0,5.0,3.0,571.0,2.0,,76.0,92.0,27.0,,,,,134.0,134.0,8.0,18.0,18.0,60.1,,2.0,,0.0,3.0,1.0,4.0,1.0,1.0,9.0,1.0,5.0,116.0,490.0,12.0,304.0,35.0,21.0,16.0,1.0,17.0,16.0,1.0,162.0,5.0,301.0,1.0,2.0,14.0,11.0,50.0,2.0,588.0,,0.0,14.0,16.0,1.0,24.0,0.0,775.0,23.0,7.0,2.0,11.0,0.0,,108.0,1.0,1.0,,165.0,,140.0,4.0,,175.0,12.0,,,,,,,,3.0,9.0,19.0,9.0,,,,,,,,,,,,
2024-25,2444561,10,2024-11-04 20:00:00,54,Fulham,Home,238.0,29.0,4.0,9.0,5.0,,,336.0,5.0,,3.0,3.0,18.0,28.0,565.0,,3.0,18.0,23.0,17.0,14.0,3.0,5.0,1.0,,,,,,,,,,21.0,,,,,,3.0,2.0,16.0,10.0,52.0,,10.0,7.0,,11.0,22.0,9.0,,11.0,1.0,49.0,53.0,,11.0,5.0,,,74.0,3.0,10.0,,,2.0,1.0,,2.0,,2.0,2.0,,6.0,2.0,,,5.0,,13.0,13.0,1.0,3.0,44.0,27.0,3.0,,3.0,16.0,12.0,625.0,2.0,,96.0,72.0,55.0,,,,,144.0,144.0,5.0,18.0,23.0,67.6,,,1.0,0.0,1.0,,1.0,3.0,1.0,4.0,1.0,5.0,215.0,550.0,19.0,272.0,41.0,11.0,17.0,11.0,43.0,32.0,1.0,239.0,3.0,414.0,,,24.0,20.0,59.0,2.0,643.0,2.0,0.0,26.0,15.0,4.0,21.0,2.0,848.0,49.0,12.0,11.0,8.0,0.0,,117.0,,1.0,,199.0,,146.0,2.0,,181.0,9.0,,,,3.0,2.0,,,2.0,6.0,15.0,6.0,,,,,,,,,,,,
2024-25,2444573,11,2024-11-09 15:00:00,54,Fulham,Away,264.0,28.0,3.0,5.0,2.0,2.0,,272.0,5.0,,7.0,3.0,17.0,30.0,531.0,,5.0,17.0,13.0,17.0,12.0,2.0,2.0,2.0,,,,,,,,,,14.0,,,,,,8.0,5.0,11.0,6.0,66.0,,4.0,6.0,1.0,8.0,11.0,2.0,,13.0,3.0,48.0,53.0,,12.0,7.0,,2.0,72.0,11.0,10.0,,,1.0,,,2.0,,2.0,2.0,,6.0,2.0,1.0,1.0,7.0,,11.0,11.0,,7.0,75.0,52.0,1.0,1.0,5.0,11.0,7.0,607.0,3.0,,93.0,89.0,32.0,,,,,155.0,155.0,6.0,24.0,28.0,63.9,,,,0.0,4.0,1.0,4.0,,2.0,6.0,1.0,5.0,141.0,515.0,16.0,296.0,43.0,12.0,16.0,7.0,20.0,13.0,2.0,182.0,3.0,349.0,1.0,,12.0,18.0,53.0,4.0,625.0,,0.0,17.0,16.0,5.0,20.0,1.0,820.0,32.0,10.0,8.0,10.0,0.0,,102.0,3.0,1.0,2.0,199.0,,156.0,1.0,,168.0,19.0,,2.0,,,1.0,,,5.0,8.0,17.0,8.0,,,,,,,,,,,,
2024-25,2444584,12,2024-11-23 15:00:00,54,Fulham,Home,207.0,13.0,2.0,8.0,6.0,2.0,,264.0,4.0,,7.0,1.0,10.0,18.0,463.0,,1.0,21.0,7.0,6.0,5.0,2.0,1.0,,,,,,,,,,,7.0,,2.0,,,1.0,7.0,3.0,5.0,5.0,51.0,,3.0,10.0,,7.0,17.0,3.0,,11.0,,47.0,50.0,,10.0,5.0,,1.0,60.0,14.0,13.0,,,2.0,3.0,,1.0,,1.0,1.0,,4.0,1.0,,1.0,5.0,2.0,11.0,11.0,3.0,7.0,61.0,40.0,2.0,1.0,4.0,4.0,3.0,522.0,3.0,,106.0,82.0,38.0,,,,,138.0,138.0,6.0,18.0,20.0,59.2,2.0,3.0,1.0,0.0,,1.0,1.0,2.0,,4.0,,5.0,156.0,441.0,8.0,226.0,33.0,10.0,14.0,5.0,28.0,23.0,,201.0,2.0,347.0,,,13.0,10.0,43.0,2.0,545.0,,0.0,10.0,23.0,2.0,21.0,3.0,745.0,23.0,8.0,7.0,15.0,0.0,,88.0,1.0,1.0,,171.0,,140.0,,,146.0,17.0,,,,,,,,8.0,12.0,23.0,12.0,,,,,0.93267,1.0256,0.7437,1.4365,,,,
2024-25,2444597,13,2024-12-01 13:30:00,54,Fulham,Away,187.0,23.0,3.0,8.0,5.0,1.0,,204.0,1.0,1.0,4.0,11.0,13.0,32.0,383.0,1.0,1.0,14.0,12.0,15.0,6.0,2.0,6.0,,,,,,,,,,,8.0,,,,,,4.0,4.0,12.0,2.0,59.0,1.0,4.0,3.0,,11.0,15.0,4.0,,6.0,,45.0,45.0,1.0,22.0,11.0,,1.0,52.0,14.0,3.0,,,1.0,1.0,,1.0,,1.0,1.0,,5.0,1.0,1.0,,11.0,1.0,14.0,14.0,2.0,4.0,54.0,34.0,7.0,,4.0,5.0,6.0,440.0,2.0,,75.0,61.0,28.0,,,,,121.0,121.0,4.0,26.0,22.0,48.7,,,1.0,0.0,2.0,,2.0,1.0,,4.0,,5.0,102.0,374.0,9.0,209.0,37.0,22.0,21.0,8.0,28.0,20.0,,135.0,5.0,273.0,1.0,1.0,22.0,13.0,55.0,1.0,454.0,4.0,1.0,14.0,16.0,2.0,15.0,1.0,639.0,36.0,11.0,11.0,10.0,0.0,,72.0,2.0,3.0,,151.0,,111.0,2.0,,120.0,10.0,,1.0,,1.0,1.0,,,8.0,5.0,17.0,5.0,,,,,,,,,,,,
2024-25,2444604,14,2024-12-05 19:30:00,54,Fulham,Home,195.0,18.0,2.0,3.0,1.0,1.0,,117.0,8.0,,3.0,6.0,3.0,30.0,309.0,,,15.0,13.0,15.0,2.0,1.0,1.0,,,,,,,,,,,5.0,,,,,,8.0,5.0,6.0,,31.0,3.0,1.0,11.0,,5.0,10.0,,,4.0,1.0,42.0,49.0,3.0,32.0,18.0,,,32.0,7.0,7.0,,,1.0,1.0,,1.0,,,1.0,,12.0,2.0,,,18.0,,8.0,8.0,,3.0,52.0,25.0,6.0,2.0,3.0,1.0,2.0,360.0,5.0,,64.0,31.0,26.0,,,,,118.0,118.0,5.0,12.0,10.0,43.4,,,,0.0,2.0,,2.0,,,3.0,,5.0,61.0,295.0,4.0,216.0,33.0,32.0,18.0,5.0,16.0,11.0,,88.0,4.0,182.0,,,19.0,3.0,58.0,,382.0,,0.0,6.0,16.0,,18.0,2.0,553.0,19.0,11.0,5.0,7.0,0.0,,61.0,,,1.0,126.0,,92.0,1.0,,103.0,17.0,,,,,,,,5.0,7.0,17.0,7.0,,,,,,,,,,,,
2024-25,2444614,15,2024-12-08 14:00:00,54,Fulham,Home,147.0,18.0,,,,,,71.0,11.0,,7.0,11.0,4.0,28.0,218.0,,2.0,8.0,10.0,6.0,1.0,,,1.0,,,,,,,,,,2.0,,,,,,10.0,2.0,2.0,,49.0,1.0,,8.0,,,7.0,1.0,,6.0,3.0,36.0,47.0,1.0,25.0,10.0,,,30.0,10.0,9.0,1.0,,,2.0,,1.0,,1.0,1.0,,15.0,1.0,4.0,1.0,10.0,,9.0,9.0,3.0,7.0,54.0,19.0,6.0,,,2.0,2.0,273.0,,,30.0,26.0,11.0,,,,,113.0,113.0,,28.0,10.0,33.8,,2.0,2.0,0.0,2.0,1.0,3.0,1.0,1.0,,,4.0,27.0,199.0,2.0,181.0,27.0,25.0,8.0,,10.0,10.0,1.0,47.0,3.0,131.0,4.0,,30.0,6.0,61.0,,302.0,,0.0,2.0,27.0,3.0,9.0,4.0,457.0,3.0,5.0,,16.0,0.0,,45.0,,,,128.0,,77.0,,,52.0,9.0,,,,,,,,6.0,10.0,17.0,10.0,,,,,,,,,,,,
2024-25,2444624,16,2024-12-14 15:00:00,54,Fulham,Away,176.0,18.0,,4.0,4.0,3.0,,108.0,11.0,1.0,4.0,3.0,2.0,26.0,280.0,1.0,,7.0,14.0,9.0,8.0,,,2.0,,1.0,,,1.0,,,,,11.0,,,,,,16.0,,7.0,5.0,40.0,2.0,4.0,12.0,,4.0,7.0,4.0,,6.0,1.0,47.0,39.0,2.0,29.0,16.0,,1.0,38.0,7.0,8.0,,,1.0,,1.0,2.0,,2.0,2.0,,13.0,2.0,1.0,,16.0,,7.0,7.0,,4.0,57.0,31.0,5.0,1.0,3.0,7.0,3.0,312.0,5.0,,60.0,35.0,21.0,,,,,101.0,101.0,1.0,18.0,13.0,38.7,,2.0,1.0,0.0,2.0,,2.0,,2.0,5.0,,4.0,47.0,257.0,10.0,195.0,32.0,29.0,16.0,3.0,14.0,11.0,2.0,75.0,4.0,159.0,1.0,1.0,14.0,2.0,50.0,2.0,340.0,1.0,0.0,12.0,15.0,,11.0,4.0,507.0,17.0,7.0,4.0,8.0,0.0,,49.0,1.0,,1.0,108.0,,94.0,,,89.0,10.0,,,,,1.0,,,4.0,6.0,11.0,6.0,,,,,,,,,,,,
2024-25,2444634,17,2024-12-22 14:00:00,54,Fulham,Home,246.0,9.0,1.0,8.0,7.0,6.0,1.0,227.0,2.0,,5.0,4.0,6.0,12.0,465.0,,,21.0,15.0,15.0,12.0,,1.0,,,,,,,,,,,14.0,,,,,,3.0,2.0,7.0,8.0,40.0,,4.0,1.0,,6.0,16.0,6.0,,10.0,,43.0,45.0,,12.0,6.0,,,43.0,8.0,15.0,,,1.0,1.0,,,,,,,3.0,,2.0,,6.0,,8.0,8.0,2.0,5.0,60.0,39.0,5.0,,4.0,8.0,5.0,517.0,3.0,,89.0,59.0,36.0,,,,,128.0,128.0,2.0,13.0,20.0,56.8,,,,0.0,1.0,,1.0,,,6.0,,5.0,120.0,446.0,12.0,264.0,21.0,12.0,14.0,5.0,28.0,23.0,,153.0,7.0,302.0,2.0,,10.0,6.0,30.0,1.0,538.0,,0.0,15.0,10.0,,26.0,1.0,731.0,34.0,5.0,6.0,6.0,0.0,,78.0,2.0,2.0,,179.0,,163.0,1.0,,118.0,9.0,,,,,,,,5.0,12.0,19.0,12.0,,,,,,,,,,,,
2024-25,2444643,18,2024-12-26 15:00:00,54,Fulham,Away,321.0,13.0,1.0,7.0,6.0,,,175.0,6.0,,7.0,7.0,3.0,31.0,489.0,,,10.0,7.0,11.0,9.0,1.0,1.0,2.0,,,,1.0,1.0,,,1.0,,12.0,,,,,,7.0,5.0,10.0,4.0,57.0,1.0,,8.0,,1.0,17.0,2.0,,7.0,6.0,40.0,46.0,1.0,20.0,13.0,,,51.0,13.0,12.0,,,2.0,,1.0,2.0,,1.0,2.0,,6.0,2.0,1.0,,13.0,,12.0,12.0,2.0,7.0,66.0,47.0,3.0,,7.0,5.0,7.0,544.0,3.0,,87.0,46.0,22.0,,,,,113.0,113.0,1.0,28.0,20.0,52.9,,,,0.0,5.0,2.0,7.0,,2.0,7.0,,4.0,73.0,466.0,12.0,351.0,30.0,20.0,19.0,1.0,20.0,19.0,3.0,106.0,,236.0,1.0,,14.0,4.0,54.0,1.0,567.0,,0.0,14.0,9.0,2.0,10.0,3.0,742.0,23.0,14.0,1.0,5.0,0.0,,86.0,3.0,1.0,2.0,197.0,1.0,154.0,1.0,,130.0,8.0,,,,3.0,2.0,,,4.0,7.0,14.0,7.0,,,,,,,,,,,,
2024-25,2444654,19,2024-12-29 15:00:00,54,Fulham,Home,219.0,15.0,1.0,6.0,5.0,3.0,,174.0,5.0,2.0,5.0,6.0,9.0,24.0,387.0,,,19.0,26.0,15.0,7.0,,1.0,2.0,,,,,,,,,,10.0,,,,,,12.0,4.0,8.0,3.0,53.0,2.0,2.0,8.0,1.0,1.0,10.0,3.0,,8.0,2.0,52.0,67.0,2.0,31.0,15.0,1.0,1.0,52.0,7.0,16.0,1.0,,1.0,1.0,,2.0,1.0,2.0,1.0,1.0,6.0,1.0,,,15.0,,11.0,11.0,1.0,6.0,59.0,29.0,7.0,1.0,3.0,6.0,6.0,462.0,2.0,,69.0,49.0,26.0,,,,,143.0,143.0,1.0,27.0,19.0,52.0,,2.0,1.0,0.0,5.0,2.0,6.0,1.0,2.0,3.0,1.0,5.0,79.0,366.0,9.0,262.0,34.0,31.0,14.0,1.0,15.0,14.0,2.0,115.0,6.0,238.0,,2.0,23.0,9.0,57.0,,485.0,,0.0,11.0,26.0,2.0,22.0,1.0,709.0,21.0,10.0,1.0,14.0,0.0,,81.0,1.0,,1.0,174.0,,117.0,1.0,,113.0,19.0,,,,,,,,4.0,7.0,14.0,7.0,,,,,,,,,,,,
2024-25,2444664,20,2025-01-05 14:00:00,54,Fulham,Home,252.0,19.0,,4.0,4.0,2.0,1.0,354.0,4.0,1.0,,4.0,14.0,18.0,602.0,,,27.0,20.0,24.0,9.0,1.0,3.0,,,,,,,,,,,6.0,2.0,,,,4.0,5.0,2.0,10.0,5.0,40.0,,7.0,6.0,,9.0,9.0,15.0,,4.0,1.0,46.0,67.0,,13.0,6.0,1.0,,65.0,10.0,14.0,2.0,,4.0,4.0,,,,,,,4.0,,,,6.0,,2.0,2.0,,,54.0,34.0,2.0,,3.0,7.0,4.0,663.0,1.0,,113.0,68.0,50.0,1.0,1.0,1.0,2.0,133.0,133.0,3.0,18.0,19.0,72.6,,,,0.0,,1.0,1.0,1.0,,4.0,,4.0,196.0,586.0,10.0,275.0,33.0,13.0,19.0,7.0,35.0,28.0,,237.0,5.0,441.0,,1.0,14.0,14.0,40.0,,681.0,1.0,0.0,15.0,17.0,,29.0,1.0,862.0,32.0,12.0,9.0,9.0,0.0,,90.0,2.0,2.0,2.0,164.0,,214.0,2.0,,213.0,8.0,,1.0,,1.0,,,,6.0,4.0,11.0,4.0,,,,,,,,,,,,106958.78
2024-25,2444676,21,2025-01-14 19:30:00,54,Fulham,Away,239.0,29.0,,6.0,6.0,1.0,,212.0,3.0,,2.0,2.0,6.0,31.0,445.0,,,25.0,15.0,16.0,14.0,1.0,1.0,2.0,,,,,1.0,,,,,17.0,,1.0,,1.0,1.0,3.0,1.0,12.0,9.0,46.0,,5.0,10.0,,3.0,15.0,6.0,,9.0,,56.0,41.0,,10.0,9.0,2.0,,71.0,18.0,9.0,,,3.0,2.0,1.0,2.0,,,2.0,,3.0,2.0,,,9.0,2.0,10.0,10.0,,2.0,50.0,29.0,,2.0,8.0,9.0,5.0,501.0,,,84.0,66.0,36.0,,,,,119.0,119.0,3.0,20.0,21.0,56.1,2.0,,,0.0,,,,1.0,2.0,11.0,1.0,4.0,128.0,426.0,17.0,258.0,45.0,10.0,8.0,1.0,24.0,23.0,2.0,169.0,2.0,288.0,,,19.0,6.0,56.0,,522.0,,0.0,21.0,13.0,,25.0,3.0,690.0,27.0,4.0,3.0,7.0,0.0,,81.0,2.0,3.0,,160.0,,147.0,,,134.0,11.0,,,,,,,,11.0,6.0,18.0,6.0,,,,,,,,,,,,
2024-25,2444685,22,2025-01-18 15:00:00,54,Fulham,Away,227.0,21.0,2.0,11.0,9.0,1.0,,289.0,3.0,,5.0,5.0,10.0,33.0,505.0,1.0,,19.0,21.0,21.0,9.0,2.0,3.0,,,1.0,,,1.0,,,,,13.0,,,,,,7.0,1.0,14.0,3.0,54.0,3.0,6.0,6.0,,2.0,15.0,5.0,,7.0,3.0,45.0,56.0,3.0,25.0,11.0,,2.0,74.0,8.0,8.0,,,2.0,1.0,1.0,2.0,,1.0,2.0,,4.0,2.0,,,11.0,1.0,7.0,7.0,1.0,5.0,67.0,41.0,5.0,1.0,7.0,6.0,2.0,577.0,1.0,,115.0,80.0,26.0,,,,,125.0,125.0,2.0,21.0,23.0,60.7,,,,0.0,3.0,1.0,5.0,,,9.0,2.0,5.0,150.0,495.0,13.0,261.0,33.0,25.0,11.0,2.0,23.0,21.0,,187.0,3.0,352.0,,,26.0,10.0,66.0,2.0,590.0,1.0,0.0,17.0,21.0,,19.0,1.0,778.0,33.0,7.0,2.0,13.0,0.0,,109.0,4.0,2.0,2.0,171.0,,138.0,1.0,,172.0,14.0,,,,,1.0,,,5.0,5.0,16.0,5.0,,,,,,,,,,,,
2024-25,2444694,23,2025-01-26 19:00:00,54,Fulham,Home,222.0,18.0,2.0,8.0,6.0,,1.0,199.0,4.0,,1.0,4.0,14.0,20.0,413.0,,,15.0,16.0,14.0,6.0,1.0,2.0,1.0,,,,,,,,,,7.0,,,,,,1.0,3.0,8.0,1.0,51.0,2.0,,3.0,,3.0,14.0,5.0,,8.0,,44.0,42.0,2.0,10.0,4.0,,,51.0,7.0,9.0,,,,1.0,,,,,,,4.0,,,,4.0,,7.0,7.0,2.0,1.0,62.0,33.0,,,4.0,3.0,3.0,480.0,1.0,,82.0,53.0,23.0,,,,,126.0,126.0,1.0,18.0,30.0,50.9,,,,0.0,,,,,1.0,6.0,,4.0,86.0,398.0,7.0,245.0,34.0,10.0,14.0,3.0,23.0,20.0,1.0,117.0,1.0,274.0,,,18.0,15.0,46.0,2.0,496.0,,0.0,9.0,16.0,1.0,16.0,0.0,660.0,22.0,4.0,3.0,10.0,0.0,,90.0,,,,158.0,,122.0,,,126.0,7.0,,,,,,,,3.0,10.0,20.0,10.0,,,,,0.413222,0.6709,0.1864,0.1616,,,,112601.68
2024-25,2444707,24,2025-02-01 15:00:00,54,Fulham,Away,163.0,19.0,2.0,8.0,6.0,1.0,1.0,198.0,6.0,,5.0,8.0,8.0,26.0,353.0,,,14.0,14.0,13.0,10.0,1.0,3.0,2.0,,,,,,,,,,11.0,,,,,1.0,9.0,2.0,10.0,5.0,53.0,2.0,7.0,3.0,,7.0,22.0,4.0,,5.0,,38.0,52.0,2.0,26.0,12.0,,,52.0,15.0,10.0,1.0,,1.0,1.0,,2.0,1.0,2.0,1.0,1.0,7.0,1.0,,,12.0,,7.0,7.0,1.0,5.0,64.0,40.0,4.0,,3.0,10.0,4.0,406.0,1.0,,99.0,43.0,34.0,,,,,127.0,127.0,3.0,16.0,26.0,52.2,,,1.0,0.0,3.0,,3.0,2.0,2.0,4.0,1.0,4.0,110.0,331.0,13.0,181.0,32.0,26.0,11.0,5.0,32.0,27.0,3.0,148.0,4.0,282.0,,,28.0,9.0,58.0,,431.0,,0.0,15.0,20.0,,14.0,4.0,622.0,30.0,9.0,7.0,12.0,0.0,,77.0,2.0,1.0,1.0,145.0,1.0,96.0,1.0,,113.0,17.0,,,,3.0,1.0,,,9.0,11.0,22.0,11.0,,,,,1.02762,1.5561,1.5419,1.6833,,,,112033.26
2024-25,2444713,25,2025-02-15 15:00:00,54,Fulham,Home,204.0,13.0,3.0,10.0,7.0,,,245.0,7.0,,5.0,2.0,12.0,28.0,439.0,1.0,,10.0,15.0,16.0,12.0,1.0,6.0,,,,,,,,,,,17.0,,,,,1.0,6.0,2.0,20.0,4.0,50.0,1.0,6.0,7.0,,8.0,18.0,7.0,1.0,4.0,1.0,44.0,37.0,1.0,25.0,17.0,,,61.0,13.0,8.0,,,2.0,1.0,,2.0,,1.0,1.0,1.0,8.0,1.0,,1.0,17.0,,7.0,7.0,,5.0,68.0,44.0,4.0,1.0,5.0,10.0,10.0,480.0,3.0,,68.0,78.0,37.0,,,,,110.0,110.0,2.0,22.0,21.0,55.5,,,1.0,0.0,1.0,,1.0,,,8.0,1.0,5.0,119.0,422.0,15.0,218.0,20.0,25.0,11.0,7.0,33.0,26.0,,152.0,,314.0,,,16.0,14.0,51.0,1.0,499.0,1.0,0.0,24.0,8.0,,11.0,0.0,674.0,37.0,5.0,8.0,8.0,0.0,,92.0,3.0,2.0,2.0,143.0,,123.0,,,141.0,15.0,,,,,,,,5.0,3.0,9.0,3.0,,,,,1.55193,2.1753,3.7715,1.0642,,,,107025.65
2024-25,2444724,26,2025-02-22 15:00:00,54,Fulham,Home,232.0,23.0,4.0,5.0,1.0,2.0,,223.0,6.0,1.0,1.0,3.0,12.0,31.0,450.0,,,15.0,10.0,16.0,3.0,3.0,5.0,,,,,,,1.0,,,,4.0,,,,,1.0,8.0,3.0,4.0,6.0,54.0,,5.0,9.0,,7.0,11.0,8.0,,13.0,2.0,53.0,41.0,,18.0,8.0,,,74.0,10.0,7.0,,,3.0,1.0,,,,,,,6.0,,,,8.0,,8.0,8.0,,1.0,74.0,54.0,7.0,,2.0,4.0,,525.0,2.0,1.0,74.0,59.0,34.0,,,,,152.0,152.0,2.0,25.0,24.0,62.2,,,1.0,0.0,2.0,2.0,4.0,,,5.0,,5.0,100.0,433.0,6.0,260.0,44.0,18.0,15.0,7.0,27.0,20.0,,147.0,2.0,310.0,,1.0,18.0,12.0,64.0,,543.0,,0.0,10.0,15.0,,17.0,1.0,730.0,22.0,3.0,7.0,5.0,0.0,,81.0,,,,165.0,,138.0,,,159.0,10.0,,,,,,,,6.0,6.0,21.0,6.0,,,,,0.410384,0.205,,1.3928,,,,103024.71
2024-25,2444736,27,2025-02-25 19:30:00,54,Fulham,Away,196.0,12.0,1.0,3.0,2.0,,,134.0,8.0,,6.0,14.0,4.0,27.0,327.0,1.0,1.0,7.0,12.0,19.0,7.0,1.0,1.0,,,,,,,,,,,10.0,,,,,,11.0,7.0,10.0,1.0,43.0,3.0,3.0,10.0,,4.0,3.0,3.0,,4.0,,47.0,52.0,3.0,40.0,23.0,,1.0,46.0,15.0,8.0,1.0,,,,,2.0,,2.0,2.0,,11.0,2.0,,,23.0,,6.0,6.0,,6.0,51.0,31.0,7.0,1.0,2.0,8.0,5.0,364.0,5.0,,37.0,52.0,17.0,,,,,95.0,95.0,3.0,18.0,15.0,40.0,,,1.0,0.0,3.0,1.0,4.0,,,3.0,1.0,5.0,74.0,308.0,10.0,213.0,22.0,40.0,12.0,3.0,9.0,6.0,,100.0,2.0,183.0,,,30.0,5.0,51.0,,387.0,1.0,0.0,11.0,20.0,5.0,8.0,3.0,562.0,14.0,6.0,5.0,17.0,0.0,,71.0,4.0,2.0,2.0,136.0,,86.0,1.0,,94.0,17.0,3.0,,,,,,,7.0,4.0,8.0,4.0,,,,,0.754716,1.6932,1.7357,0.4393,,,,110615.39
2024-25,2444741,28,2025-03-08 15:00:00,54,Fulham,Away,244.0,16.0,2.0,3.0,1.0,4.0,,133.0,7.0,,2.0,7.0,11.0,27.0,374.0,,,12.0,19.0,13.0,2.0,2.0,2.0,1.0,,,,,,,,,,4.0,,,,,,8.0,1.0,6.0,,48.0,1.0,3.0,6.0,,7.0,9.0,6.0,,9.0,2.0,54.0,53.0,1.0,41.0,17.0,,,36.0,12.0,6.0,1.0,,,,,1.0,,1.0,1.0,,7.0,1.0,,1.0,17.0,,4.0,4.0,,2.0,52.0,34.0,3.0,,2.0,3.0,1.0,420.0,2.0,,44.0,63.0,24.0,1.0,1.0,1.0,,121.0,121.0,3.0,26.0,15.0,46.7,,3.0,,0.0,2.0,,2.0,,1.0,2.0,1.0,4.0,55.0,355.0,5.0,267.0,30.0,41.0,21.0,7.0,22.0,15.0,2.0,77.0,6.0,196.0,,,25.0,11.0,52.0,1.0,441.0,,0.0,6.0,22.0,,13.0,2.0,635.0,13.0,12.0,7.0,9.0,0.0,,79.0,1.0,,1.0,141.0,1.0,111.0,,,110.0,15.0,,,,,,,,7.0,8.0,16.0,8.0,,,,,0.22646,0.9026,0.7469,1.7506,,,,112146.75
2024-25,2444754,29,2025-03-16 13:30:00,54,Fulham,Home,201.0,11.0,3.0,7.0,4.0,4.0,,253.0,5.0,1.0,5.0,6.0,9.0,24.0,447.0,1.0,,22.0,15.0,18.0,5.0,1.0,3.0,,,,,,,,,,,8.0,,,,,2.0,11.0,1.0,7.0,6.0,60.0,,6.0,8.0,,6.0,15.0,11.0,,16.0,2.0,61.0,68.0,,18.0,9.0,,1.0,64.0,13.0,10.0,,,2.0,1.0,,1.0,,1.0,1.0,,7.0,2.0,1.0,,9.0,,10.0,10.0,,5.0,56.0,33.0,5.0,,1.0,6.0,4.0,506.0,4.0,,97.0,61.0,34.0,,,,,147.0,147.0,5.0,14.0,31.0,56.6,,,,0.0,3.0,1.0,4.0,,,3.0,1.0,4.0,126.0,430.0,7.0,225.0,26.0,18.0,18.0,6.0,33.0,27.0,,163.0,6.0,336.0,1.0,1.0,20.0,9.0,52.0,1.0,528.0,1.0,0.0,13.0,31.0,2.0,23.0,0.0,750.0,27.0,9.0,6.0,20.0,0.0,,91.0,1.0,1.0,1.0,154.0,,135.0,,,148.0,13.0,,,,,2.0,,,4.0,7.0,23.0,7.0,,,,,0.850797,0.972,1.7626,0.4431,,,,109100.21
2024-25,2444761,30,2025-04-01 19:45:00,54,Fulham,Away,196.0,17.0,3.0,4.0,1.0,3.0,,216.0,8.0,,3.0,6.0,8.0,22.0,408.0,,,9.0,9.0,18.0,4.0,2.0,2.0,1.0,,,,,,,,,,7.0,,,,,,15.0,2.0,8.0,1.0,34.0,,2.0,8.0,,4.0,7.0,4.0,,5.0,2.0,42.0,43.0,,29.0,15.0,1.0,2.0,63.0,10.0,2.0,,,,,,1.0,,1.0,1.0,,10.0,1.0,1.0,,15.0,,4.0,4.0,2.0,3.0,52.0,30.0,5.0,,3.0,4.0,3.0,453.0,7.0,,73.0,53.0,20.0,,,,,100.0,100.0,2.0,17.0,9.0,49.1,,,1.0,0.0,2.0,,3.0,,1.0,4.0,,5.0,106.0,390.0,7.0,219.0,26.0,29.0,17.0,4.0,15.0,11.0,1.0,132.0,5.0,269.0,1.0,,22.0,8.0,47.0,,473.0,,0.0,9.0,16.0,,9.0,3.0,619.0,15.0,7.0,4.0,13.0,0.0,,77.0,2.0,2.0,,153.0,,129.0,,,114.0,9.0,,,,,1.0,,,3.0,3.0,10.0,3.0,,,,,0.958185,0.9895,1.0343,1.8231,,,,111146.76
2024-25,2444774,31,2025-04-06 14:00:00,54,Fulham,Home,150.0,9.0,,1.0,1.0,2.0,,112.0,6.0,,3.0,8.0,2.0,25.0,261.0,1.0,1.0,9.0,12.0,21.0,6.0,,2.0,,,,,,,,,,,10.0,,,,,,10.0,4.0,8.0,4.0,62.0,3.0,2.0,4.0,,4.0,6.0,2.0,,9.0,2.0,42.0,61.0,3.0,44.0,19.0,,2.0,42.0,10.0,8.0,1.0,,1.0,1.0,,1.0,,,,1.0,7.0,2.0,,,19.0,,8.0,8.0,1.0,4.0,53.0,26.0,4.0,2.0,3.0,4.0,6.0,316.0,3.0,,55.0,30.0,15.0,,,,,134.0,134.0,5.0,22.0,25.0,37.9,,,2.0,0.0,4.0,,4.0,,,4.0,,5.0,60.0,245.0,7.0,178.0,24.0,44.0,14.0,4.0,13.0,9.0,,87.0,7.0,172.0,,,30.0,2.0,58.0,2.0,337.0,1.0,0.0,12.0,25.0,2.0,11.0,3.0,558.0,22.0,7.0,4.0,19.0,0.0,,58.0,2.0,1.0,2.0,119.0,,77.0,1.0,,83.0,24.0,,,,3.0,,,,5.0,7.0,17.0,7.0,,,,,0.783065,0.7434,1.3425,2.0156,,,,113334.62
2024-25,2444780,32,2025-04-14 20:00:00,54,Fulham,Away,163.0,16.0,2.0,7.0,5.0,2.0,1.0,229.0,6.0,,4.0,5.0,3.0,19.0,385.0,,,23.0,28.0,19.0,6.0,2.0,1.0,3.0,,,,,,,,,,10.0,,,,,1.0,8.0,4.0,7.0,5.0,57.0,1.0,4.0,10.0,,9.0,11.0,11.0,,7.0,1.0,62.0,51.0,1.0,24.0,18.0,1.0,1.0,77.0,10.0,11.0,,,1.0,2.0,,,,,,,6.0,,,,18.0,,9.0,9.0,1.0,4.0,68.0,39.0,6.0,,,8.0,7.0,453.0,4.0,,78.0,65.0,40.0,,,,,148.0,148.0,4.0,20.0,29.0,59.2,,,,0.0,2.0,,2.0,,3.0,1.0,,5.0,119.0,366.0,8.0,184.0,37.0,24.0,17.0,7.0,31.0,24.0,3.0,163.0,6.0,320.0,,,19.0,3.0,45.0,1.0,473.0,1.0,0.0,12.0,12.0,,25.0,2.0,683.0,37.0,9.0,9.0,10.0,0.0,,77.0,1.0,1.0,,155.0,,125.0,1.0,,116.0,17.0,,,,,,,,3.0,9.0,19.0,9.0,,,,,0.876343,1.0658,0.9129,1.5388,,,,112559.05
2024-25,2444794,33,2025-04-20 14:00:00,54,Fulham,Home,170.0,20.0,2.0,5.0,3.0,1.0,,115.0,7.0,1.0,15.0,6.0,5.0,21.0,280.0,,,10.0,10.0,7.0,2.0,1.0,2.0,1.0,,1.0,,,1.0,,,,,3.0,,,,,,9.0,4.0,3.0,3.0,62.0,3.0,3.0,7.0,1.0,5.0,11.0,7.0,,6.0,2.0,38.0,33.0,3.0,33.0,18.0,1.0,,34.0,13.0,8.0,,,3.0,2.0,1.0,1.0,,,1.0,,9.0,1.0,,1.0,18.0,,5.0,5.0,,16.0,47.0,27.0,4.0,1.0,1.0,3.0,1.0,327.0,3.0,,49.0,34.0,26.0,,,,,113.0,113.0,3.0,26.0,13.0,40.7,,3.0,,0.0,3.0,3.0,5.0,1.0,1.0,2.0,,5.0,52.0,265.0,4.0,192.0,38.0,33.0,7.0,5.0,25.0,20.0,1.0,83.0,3.0,178.0,,1.0,17.0,6.0,48.0,1.0,345.0,1.0,0.0,6.0,14.0,,10.0,1.0,523.0,16.0,4.0,6.0,12.0,0.0,,65.0,,,,125.0,,73.0,1.0,,82.0,16.0,,,,,,,,7.0,7.0,14.0,7.0,,,,,0.310326,0.252,0.3582,1.1034,,,0.0378,110398.4
2024-25,2444808,34,2025-04-26 15:00:00,54,Fulham,Away,155.0,13.0,6.0,16.0,10.0,1.0,1.0,341.0,1.0,,6.0,4.0,6.0,10.0,480.0,,1.0,15.0,15.0,21.0,13.0,5.0,12.0,,,,,,,,,,,14.0,,,1.0,,,6.0,1.0,18.0,8.0,52.0,,5.0,8.0,,13.0,28.0,12.0,1.0,1.0,2.0,44.0,52.0,,30.0,22.0,,,59.0,12.0,10.0,,,3.0,2.0,,2.0,,2.0,2.0,,1.0,2.0,,,22.0,1.0,1.0,1.0,,6.0,47.0,35.0,,,12.0,8.0,5.0,530.0,4.0,,126.0,78.0,59.0,,,,,126.0,126.0,1.0,27.0,18.0,64.6,1.0,,,0.0,2.0,,2.0,,,16.0,,5.0,214.0,467.0,20.0,172.0,22.0,30.0,12.0,11.0,53.0,42.0,,249.0,4.0,425.0,,,13.0,7.0,24.0,2.0,544.0,1.0,0.0,26.0,18.0,1.0,17.0,1.0,756.0,39.0,4.0,13.0,11.0,0.0,,73.0,1.0,1.0,,159.0,,164.0,1.0,,148.0,11.0,,,,3.0,1.0,,,6.0,5.0,19.0,5.0,,,,,1.93087,2.4166,2.912,1.4104,,,,107544.71
2024-25,2444811,35,2025-05-03 12:30:00,54,Fulham,Away,163.0,16.0,,9.0,9.0,2.0,,195.0,9.0,2.0,6.0,6.0,6.0,29.0,349.0,,1.0,11.0,11.0,11.0,10.0,,,1.0,,,,,,,,,,11.0,,,,,,7.0,3.0,8.0,3.0,48.0,1.0,3.0,9.0,,3.0,11.0,8.0,,4.0,1.0,48.0,48.0,1.0,19.0,11.0,,,54.0,17.0,6.0,,,3.0,2.0,,,,,,,10.0,,,1.0,11.0,,7.0,7.0,1.0,6.0,52.0,35.0,5.0,,5.0,5.0,3.0,379.0,2.0,,64.0,43.0,27.0,,,,,96.0,96.0,9.0,21.0,10.0,48.0,,,,0.0,2.0,1.0,2.0,,1.0,5.0,1.0,5.0,88.0,333.0,10.0,178.0,33.0,19.0,15.0,3.0,24.0,21.0,1.0,110.0,5.0,242.0,,2.0,8.0,7.0,46.0,2.0,396.0,,0.0,11.0,24.0,1.0,11.0,5.0,574.0,24.0,7.0,3.0,13.0,0.0,,73.0,1.0,1.0,,106.0,,114.0,4.0,,103.0,16.0,,,,,,,,12.0,7.0,12.0,7.0,,,,,0.900712,0.8537,0.9935,1.2363,,,,105370.54
2024-25,2444821,36,2025-05-10 15:00:00,54,Fulham,Home,215.0,16.0,1.0,7.0,6.0,,,268.0,4.0,1.0,8.0,2.0,10.0,23.0,476.0,,,17.0,16.0,11.0,15.0,1.0,1.0,1.0,,,,,,,,,1.0,17.0,,,,,,9.0,2.0,12.0,6.0,52.0,2.0,4.0,2.0,,5.0,13.0,8.0,,6.0,1.0,43.0,43.0,2.0,29.0,12.0,1.0,1.0,69.0,15.0,9.0,1.0,,3.0,2.0,,1.0,,1.0,1.0,,4.0,1.0,1.0,,12.0,,3.0,3.0,,9.0,50.0,31.0,5.0,,8.0,9.0,6.0,536.0,3.0,,117.0,59.0,39.0,,,,,126.0,126.0,3.0,22.0,17.0,64.0,,3.0,1.0,0.0,4.0,1.0,4.0,2.0,1.0,8.0,,5.0,126.0,462.0,17.0,233.0,32.0,29.0,12.0,5.0,28.0,23.0,1.0,165.0,1.0,347.0,1.0,1.0,12.0,10.0,48.0,,552.0,2.0,0.0,18.0,15.0,,18.0,1.0,746.0,34.0,8.0,5.0,8.0,0.0,,102.0,1.0,,1.0,151.0,,145.0,,,154.0,17.0,,1.0,,,,,,7.0,5.0,17.0,5.0,,,,,0.798867,0.7855,1.2805,1.3709,,,,106484.67
2024-25,2444832,37,2025-05-18 15:00:00,54,Fulham,Away,143.0,18.0,1.0,5.0,4.0,2.0,,176.0,11.0,1.0,1.0,3.0,3.0,22.0,314.0,,,8.0,15.0,22.0,7.0,1.0,2.0,2.0,,,,,2.0,,,,,9.0,,,,,2.0,10.0,1.0,9.0,7.0,46.0,2.0,9.0,8.0,,3.0,10.0,4.0,,9.0,2.0,42.0,56.0,2.0,36.0,16.0,1.0,2.0,47.0,8.0,12.0,1.0,,2.0,1.0,2.0,1.0,,,1.0,,12.0,3.0,,,16.0,,6.0,6.0,,1.0,46.0,27.0,5.0,,,9.0,7.0,347.0,2.0,,52.0,64.0,26.0,,1.0,1.0,,101.0,101.0,2.0,26.0,15.0,49.5,,,1.0,0.0,4.0,,3.0,,2.0,,1.0,5.0,116.0,293.0,9.0,161.0,30.0,36.0,7.0,3.0,18.0,15.0,2.0,141.0,4.0,228.0,,1.0,19.0,3.0,46.0,,371.0,,0.0,16.0,19.0,,10.0,4.0,554.0,19.0,5.0,3.0,13.0,0.0,,48.0,,,2.0,123.0,,93.0,1.0,1.0,107.0,17.0,,,,3.0,2.0,,,5.0,13.0,17.0,13.0,,,,,0.538435,0.9946,1.8698,2.6976,,,0.1806,104557.41
2024-25,2444841,38,2025-05-25 16:00:00,54,Fulham,Home,256.0,19.0,,5.0,5.0,,,124.0,4.0,1.0,4.0,6.0,4.0,32.0,375.0,,1.0,15.0,10.0,12.0,7.0,,1.0,,,,,,,,,,,12.0,,,,,,16.0,4.0,11.0,2.0,37.0,,4.0,7.0,,1.0,9.0,3.0,,9.0,2.0,42.0,41.0,,29.0,18.0,,,43.0,11.0,5.0,,,,,,,,,,,5.0,,1.0,,18.0,,11.0,11.0,1.0,4.0,48.0,31.0,6.0,,4.0,3.0,3.0,428.0,7.0,,53.0,38.0,23.0,1.0,1.0,1.0,,105.0,105.0,1.0,22.0,9.0,46.8,,,,0.0,2.0,1.0,3.0,,,6.0,1.0,5.0,60.0,362.0,7.0,281.0,34.0,29.0,12.0,,12.0,12.0,,91.0,1.0,174.0,2.0,1.0,16.0,4.0,59.0,2.0,443.0,,0.0,13.0,18.0,2.0,16.0,0.0,627.0,32.0,7.0,1.0,8.0,0.0,,55.0,1.0,4.0,,143.0,,120.0,1.0,,125.0,12.0,1.0,,,,,,,7.0,8.0,10.0,8.0,,,,,0.745157,1.2837,1.3306,2.6387,,,,102578.83
2025-26,2561897,1,2025-08-16 15:00:00,54,Fulham,Away,209.0,14.0,1.0,3.0,2.0,,,143.0,9.0,,6.0,6.0,6.0,29.0,349.0,,,18.0,14.0,10.0,5.0,,1.0,,0.0,,,,,,,,,6.0,0.0,,,,,6.0,4.0,5.0,2.0,38.0,,1.0,4.0,,3.0,7.0,3.0,0.0,11.0,2.0,51.0,44.0,,15.0,7.0,,1.0,49.0,15.0,16.0,,,1.0,1.0,,,,,,,10.0,0.0,2.0,,7.0,,2.0,2.0,1.0,7.0,54.0,29.0,4.0,0.0,3.0,2.0,2.0,393.0,1.0,0.0,60.0,40.0,22.0,1.0,1.0,1.0,,122.0,122.0,1.0,9.0,18.0,50.2,,,,0.0,1.0,2.0,3.0,1.0,,4.0,,5.0,64.0,324.0,5.0,228.0,28.0,15.0,13.0,3.0,14.0,11.0,,100.0,3.0,209.0,2.0,,22.0,8.0,53.0,2.0,423.0,,0.0,7.0,15.0,,20.0,3.0,583.0,19.0,5.0,3.0,8.0,0.0,,78.0,,,1.0,151.0,,96.0,2.0,,98.0,11.0,,,0.0,1.0,1.0,0.0,,6.0,3.0,13.0,3.0,,,,,0.505336,0.7603,0.7315,1.0209,,,,107226.55
2025-26,2561911,2,2025-08-24 16:30:00,54,Fulham,Home,172.0,14.0,5.0,10.0,5.0,2.0,1.0,191.0,5.0,,4.0,3.0,13.0,21.0,353.0,2.0,2.0,19.0,23.0,20.0,6.0,2.0,7.0,,0.0,,,,,1.0,,,,6.0,0.0,,,,,9.0,2.0,10.0,3.0,36.0,1.0,5.0,2.0,,9.0,13.0,9.0,0.0,6.0,2.0,53.0,41.0,1.0,24.0,14.0,,,47.0,12.0,9.0,,,2.0,2.0,,1.0,,1.0,1.0,,9.0,1.0,,1.0,14.0,,8.0,8.0,,4.0,46.0,26.0,6.0,0.0,2.0,7.0,4.0,399.0,1.0,1.0,54.0,70.0,40.0,,1.0,1.0,,125.0,125.0,2.0,11.0,18.0,52.4,,,2.0,0.0,2.0,1.0,3.0,3.0,,4.0,1.0,4.0,113.0,337.0,9.0,187.0,20.0,24.0,13.0,9.0,33.0,24.0,,138.0,4.0,265.0,,,17.0,13.0,43.0,2.0,419.0,2.0,0.0,13.0,10.0,2.0,21.0,1.0,611.0,38.0,2.0,9.0,8.0,0.0,,76.0,3.0,2.0,1.0,126.0,,106.0,1.0,,111.0,14.0,1.0,,0.0,1.0,1.0,0.0,,5.0,4.0,17.0,4.0,,,,,2.08083,1.7567,1.374,0.5612,,,,106068.29
2025-26,2561917,3,2025-08-30 12:30:00,54,Fulham,Away,203.0,14.0,2.0,5.0,3.0,2.0,,139.0,6.0,2.0,8.0,3.0,6.0,25.0,337.0,1.0,1.0,19.0,17.0,13.0,7.0,2.0,3.0,1.0,0.0,1.0,,,1.0,,,,,7.0,0.0,,,,,10.0,3.0,8.0,3.0,46.0,1.0,2.0,8.0,,4.0,8.0,2.0,0.0,7.0,3.0,60.0,56.0,1.0,20.0,8.0,,1.0,49.0,17.0,11.0,,,3.0,2.0,1.0,1.0,,1.0,1.0,,8.0,0.0,1.0,1.0,8.0,,6.0,6.0,1.0,8.0,58.0,28.0,6.0,0.0,4.0,5.0,3.0,392.0,6.0,0.0,59.0,34.0,25.0,1.0,1.0,1.0,,127.0,127.0,4.0,17.0,15.0,46.2,,,,0.0,2.0,2.0,4.0,1.0,1.0,6.0,,5.0,64.0,316.0,9.0,230.0,33.0,20.0,15.0,3.0,15.0,12.0,2.0,94.0,4.0,200.0,1.0,2.0,24.0,6.0,62.0,1.0,415.0,1.0,0.0,11.0,29.0,3.0,20.0,2.0,610.0,20.0,3.0,4.0,12.0,0.0,,67.0,1.0,1.0,,143.0,1.0,96.0,1.0,,109.0,17.0,,1.0,0.0,,0.0,0.0,,10.0,4.0,8.0,4.0,,,,,0.468234,1.023,0.1025,3.1877,,,0.0393,112319.18
2025-26,2561931,4,2025-09-13 15:00:00,54,Fulham,Home,174.0,7.0,,3.0,3.0,1.0,,211.0,6.0,,5.0,2.0,8.0,19.0,382.0,,,18.0,20.0,14.0,4.0,,,,0.0,,,1.0,1.0,,,,,4.0,0.0,,,,,7.0,3.0,3.0,2.0,42.0,1.0,,4.0,,3.0,9.0,8.0,0.0,9.0,1.0,60.0,59.0,1.0,23.0,9.0,,,76.0,20.0,15.0,,,3.0,2.0,1.0,,,,,,7.0,0.0,,,9.0,,6.0,6.0,,5.0,52.0,35.0,3.0,0.0,2.0,2.0,3.0,429.0,4.0,0.0,66.0,54.0,38.0,,,,,131.0,131.0,3.0,16.0,18.0,54.0,,,1.0,0.0,2.0,1.0,3.0,,,2.0,,5.0,90.0,362.0,4.0,191.0,23.0,23.0,15.0,3.0,22.0,19.0,,131.0,8.0,282.0,,,6.0,9.0,39.0,1.0,451.0,1.0,0.0,5.0,24.0,,25.0,1.0,650.0,10.0,6.0,3.0,16.0,0.0,,64.0,2.0,2.0,,149.0,,121.0,,,117.0,17.0,,,0.0,,0.0,0.0,,8.0,9.0,18.0,9.0,,,,,0.613838,0.8471,0.8843,0.516,,,0.1211,105166.99
2025-26,2561939,5,2025-09-20 20:00:00,54,Fulham,Home,221.0,11.0,1.0,5.0,4.0,,,166.0,1.0,,6.0,6.0,10.0,22.0,382.0,,1.0,14.0,10.0,15.0,7.0,2.0,2.0,,0.0,,,,,,,,,11.0,0.0,,,,1.0,8.0,,8.0,6.0,43.0,2.0,6.0,4.0,,2.0,10.0,1.0,0.0,9.0,,36.0,54.0,2.0,39.0,25.0,1.0,1.0,40.0,11.0,13.0,1.0,,1.0,,,2.0,,1.0,2.0,,5.0,2.0,1.0,,25.0,,6.0,6.0,2.0,6.0,63.0,36.0,10.0,2.0,4.0,7.0,3.0,434.0,3.0,0.0,44.0,71.0,16.0,,,,,125.0,125.0,1.0,19.0,17.0,53.0,,,1.0,0.0,2.0,,2.0,,,5.0,,5.0,71.0,368.0,11.0,242.0,20.0,39.0,12.0,2.0,13.0,11.0,,99.0,3.0,227.0,1.0,,23.0,11.0,49.0,2.0,456.0,,0.0,14.0,19.0,2.0,16.0,4.0,663.0,27.0,8.0,2.0,9.0,0.0,,77.0,2.0,1.0,2.0,135.0,,131.0,1.0,,113.0,25.0,,1.0,0.0,3.0,0.0,0.0,,4.0,8.0,18.0,8.0,,,,,0.615055,1.0051,0.8459,0.8847,,,,112070.42
2025-26,2561945,6,2025-09-28 14:00:00,54,Fulham,Away,209.0,19.0,1.0,7.0,6.0,1.0,1.0,155.0,4.0,2.0,3.0,1.0,4.0,26.0,357.0,1.0,2.0,13.0,14.0,9.0,6.0,,1.0,2.0,0.0,,,,,,,,,9.0,0.0,,,,,4.0,5.0,9.0,2.0,52.0,2.0,3.0,5.0,,8.0,16.0,5.0,0.0,4.0,1.0,38.0,46.0,2.0,23.0,11.0,,1.0,56.0,13.0,10.0,1.0,,3.0,2.0,,1.0,1.0,1.0,,1.0,4.0,0.0,2.0,1.0,11.0,,9.0,9.0,,4.0,43.0,26.0,2.0,0.0,2.0,5.0,4.0,395.0,2.0,0.0,70.0,35.0,36.0,,,,,116.0,116.0,3.0,24.0,16.0,51.7,,3.0,,0.0,,1.0,1.0,,2.0,4.0,,5.0,89.0,339.0,7.0,231.0,31.0,23.0,17.0,7.0,30.0,23.0,2.0,114.0,2.0,213.0,2.0,2.0,7.0,4.0,46.0,4.0,414.0,1.0,0.0,11.0,16.0,2.0,18.0,4.0,611.0,27.0,11.0,8.0,7.0,0.0,,64.0,1.0,1.0,,128.0,,122.0,,,100.0,16.0,,1.0,0.0,,0.0,0.0,,3.0,8.0,21.0,8.0,,,,,0.846442,0.9233,0.7571,1.704,,,,111007.39
2025-26,2561955,7,2025-10-03 20:00:00,54,Fulham,Away,208.0,14.0,,3.0,3.0,1.0,,178.0,13.0,,2.0,5.0,6.0,22.0,383.0,,2.0,16.0,11.0,6.0,8.0,,2.0,1.0,0.0,,,,,,,,,8.0,0.0,,,,,6.0,5.0,5.0,7.0,54.0,2.0,4.0,10.0,,3.0,12.0,1.0,0.0,7.0,3.0,40.0,33.0,2.0,38.0,17.0,,1.0,55.0,10.0,7.0,,,1.0,1.0,,1.0,,1.0,1.0,,14.0,1.0,1.0,1.0,17.0,,7.0,7.0,1.0,2.0,54.0,24.0,4.0,1.0,2.0,7.0,4.0,446.0,3.0,0.0,61.0,49.0,28.0,,,,,136.0,136.0,3.0,29.0,18.0,46.5,,3.0,2.0,0.0,2.0,1.0,3.0,,1.0,4.0,2.0,5.0,112.0,360.0,9.0,245.0,35.0,38.0,12.0,3.0,17.0,14.0,1.0,149.0,2.0,245.0,1.0,,24.0,7.0,57.0,2.0,473.0,1.0,0.0,12.0,11.0,3.0,19.0,1.0,654.0,17.0,9.0,3.0,9.0,0.0,,74.0,1.0,,1.0,158.0,,121.0,,,120.0,17.0,1.0,,0.0,,0.0,0.0,,5.0,9.0,21.0,9.0,,,,,1.00707,0.8824,1.0641,1.808,,,,119024.89
2025-26,2561968,8,2025-10-18 17:30:00,54,Fulham,Home,150.0,16.0,2.0,2.0,,1.0,,100.0,7.0,1.0,5.0,5.0,2.0,19.0,248.0,,,11.0,22.0,8.0,6.0,2.0,3.0,2.0,0.0,,,,,,1.0,,,6.0,0.0,,,,,14.0,2.0,6.0,3.0,44.0,1.0,3.0,10.0,,6.0,6.0,5.0,0.0,5.0,4.0,52.0,38.0,1.0,35.0,16.0,,,37.0,11.0,4.0,,,1.0,1.0,,,,,,,11.0,0.0,2.0,,16.0,,7.0,7.0,2.0,6.0,59.0,23.0,10.0,0.0,5.0,3.0,,294.0,4.0,0.0,33.0,35.0,28.0,,1.0,,,117.0,117.0,1.0,22.0,10.0,37.0,,,2.0,0.0,4.0,,4.0,1.0,2.0,6.0,,5.0,44.0,234.0,8.0,167.0,34.0,35.0,10.0,6.0,18.0,12.0,2.0,66.0,5.0,164.0,2.0,1.0,19.0,2.0,54.0,,313.0,1.0,0.0,9.0,20.0,1.0,17.0,0.0,504.0,16.0,6.0,6.0,13.0,0.0,,51.0,,,,118.0,,74.0,1.0,,70.0,20.0,,,0.0,,0.0,0.0,,4.0,8.0,14.0,8.0,,,,,0.241329,0.4403,,1.4233,,,,109892.3
2025-26,2561983,9,2025-10-25 15:00:00,54,Fulham,Away,205.0,13.0,1.0,1.0,,,,147.0,3.0,,4.0,6.0,11.0,22.0,351.0,,,20.0,14.0,11.0,6.0,1.0,1.0,1.0,0.0,,,,,,,,,11.0,0.0,,,,,10.0,8.0,8.0,4.0,48.0,,5.0,6.0,,3.0,8.0,2.0,0.0,7.0,2.0,52.0,46.0,,21.0,9.0,2.0,1.0,48.0,18.0,11.0,,,,,,,,,,,8.0,1.0,,,9.0,1.0,9.0,9.0,1.0,4.0,55.0,28.0,4.0,1.0,1.0,6.0,5.0,422.0,5.0,0.0,49.0,44.0,15.0,,,,,140.0,140.0,3.0,24.0,16.0,49.2,,,1.0,0.0,3.0,2.0,5.0,3.0,1.0,2.0,,5.0,72.0,336.0,7.0,241.0,33.0,21.0,12.0,3.0,13.0,10.0,1.0,106.0,2.0,216.0,,,16.0,13.0,50.0,1.0,444.0,1.0,0.0,12.0,19.0,,23.0,2.0,627.0,25.0,5.0,3.0,11.0,0.0,,75.0,,1.0,1.0,138.0,,117.0,1.0,,114.0,16.0,,,0.0,,0.0,0.0,,6.0,7.0,18.0,7.0,,,,,0.318324,1.5272,2.6891,2.1465,,,,110770.79
2025-26,2561988,10,2025-11-01 15:00:00,54,Fulham,Home,244.0,16.0,4.0,6.0,3.0,,1.0,239.0,4.0,,10.0,,9.0,19.0,477.0,1.0,1.0,25.0,15.0,14.0,12.0,3.0,2.0,2.0,0.0,,,,,,,,,16.0,0.0,,1.0,,1.0,3.0,2.0,11.0,8.0,48.0,3.0,8.0,2.0,,10.0,11.0,1.0,1.0,9.0,,46.0,40.0,3.0,22.0,13.0,,,58.0,13.0,13.0,,,6.0,2.0,,1.0,,1.0,1.0,,4.0,2.0,1.0,,13.0,1.0,4.0,4.0,1.0,10.0,59.0,40.0,1.0,1.0,4.0,12.0,6.0,529.0,1.0,0.0,90.0,58.0,33.0,,,,,129.0,129.0,3.0,21.0,14.0,63.3,1.0,,1.0,0.0,2.0,,2.0,,2.0,5.0,1.0,5.0,123.0,459.0,16.0,263.0,35.0,22.0,15.0,8.0,21.0,14.0,2.0,161.0,,307.0,1.0,,6.0,10.0,41.0,3.0,549.0,2.0,0.0,19.0,6.0,2.0,31.0,1.0,751.0,37.0,7.0,10.0,2.0,0.0,,86.0,1.0,1.0,1.0,170.0,,148.0,1.0,,145.0,15.0,1.0,,0.0,,0.0,0.0,,3.0,4.0,13.0,4.0,,,,,1.09054,1.3868,1.9238,0.0973,,,,110827.54
2025-26,2561999,11,2025-11-08 15:00:00,54,Fulham,Away,217.0,19.0,1.0,2.0,2.0,1.0,,123.0,6.0,,3.0,3.0,1.0,22.0,338.0,,,15.0,17.0,12.0,6.0,,,,0.0,,,,1.0,,,,,5.0,0.0,,,,1.0,6.0,8.0,5.0,3.0,36.0,3.0,3.0,6.0,,5.0,8.0,2.0,0.0,5.0,1.0,50.0,49.0,3.0,34.0,21.0,,,37.0,14.0,11.0,,,2.0,1.0,1.0,,,,,,7.0,0.0,,1.0,21.0,,13.0,13.0,3.0,3.0,48.0,32.0,7.0,0.0,,6.0,4.0,385.0,4.0,0.0,32.0,40.0,23.0,,,,,115.0,115.0,2.0,19.0,11.0,49.9,,,1.0,0.0,1.0,2.0,3.0,,,1.0,,5.0,56.0,317.0,6.0,246.0,33.0,34.0,19.0,3.0,14.0,11.0,,92.0,3.0,179.0,,,19.0,2.0,47.0,1.0,411.0,,0.0,8.0,17.0,1.0,18.0,2.0,602.0,19.0,9.0,5.0,12.0,0.0,,59.0,,,,111.0,,114.0,,,127.0,11.0,,,0.0,,0.0,0.0,,6.0,7.0,19.0,7.0,,,,,0.326061,0.3994,0.9135,1.4565,,,0.1747,105733.07
2025-26,2562009,12,2025-11-22 15:00:00,54,Fulham,Home,213.0,11.0,1.0,8.0,7.0,2.0,,207.0,4.0,,5.0,4.0,6.0,22.0,412.0,3.0,,20.0,14.0,12.0,17.0,1.0,3.0,3.0,0.0,,,,,,1.0,,,20.0,0.0,,,,1.0,4.0,,18.0,6.0,41.0,4.0,5.0,3.0,,7.0,16.0,1.0,0.0,9.0,1.0,43.0,36.0,4.0,28.0,12.0,,,51.0,5.0,11.0,1.0,,2.0,2.0,,1.0,,1.0,1.0,,7.0,1.0,1.0,,12.0,,6.0,6.0,,5.0,56.0,29.0,4.0,0.0,10.0,9.0,6.0,463.0,1.0,0.0,75.0,50.0,32.0,,,,,125.0,125.0,3.0,15.0,17.0,56.9,,,,0.0,2.0,,2.0,,3.0,13.0,1.0,4.0,101.0,396.0,19.0,233.0,23.0,28.0,14.0,7.0,26.0,19.0,3.0,136.0,4.0,278.0,1.0,,17.0,7.0,45.0,1.0,485.0,3.0,0.0,24.0,11.0,,20.0,3.0,685.0,46.0,2.0,7.0,7.0,0.0,,71.0,3.0,3.0,1.0,142.0,,142.0,1.0,,130.0,11.0,,,0.0,,0.0,0.0,,2.0,8.0,18.0,8.0,,,,,1.2368,2.1577,1.2667,0.1832,,,,113333.53
2025-26,2562023,13,2025-11-29 20:00:00,54,Fulham,Away,166.0,16.0,1.0,1.0,,2.0,,75.0,5.0,,3.0,4.0,3.0,21.0,240.0,1.0,,14.0,24.0,17.0,2.0,1.0,1.0,1.0,0.0,,,,,,,,,6.0,0.0,,1.0,,,10.0,4.0,3.0,4.0,49.0,5.0,3.0,7.0,1.0,2.0,3.0,,1.0,9.0,,49.0,61.0,5.0,47.0,22.0,,1.0,32.0,7.0,11.0,,1.0,1.0,1.0,,2.0,,,2.0,,10.0,2.0,1.0,2.0,22.0,1.0,9.0,9.0,1.0,3.0,63.0,24.0,8.0,1.0,,4.0,3.0,295.0,7.0,0.0,44.0,31.0,10.0,,,,,133.0,133.0,1.0,15.0,26.0,37.4,1.0,,3.0,0.0,1.0,,,,1.0,1.0,1.0,4.0,36.0,223.0,4.0,191.0,26.0,47.0,10.0,2.0,6.0,4.0,1.0,53.0,6.0,135.0,1.0,,27.0,3.0,59.0,4.0,320.0,1.0,0.0,7.0,29.0,,23.0,2.0,535.0,15.0,5.0,2.0,16.0,0.0,,55.0,,,,125.0,,68.0,2.0,,72.0,18.0,,,0.0,,0.0,0.0,,1.0,6.0,16.0,6.0,,,,,0.825086,0.4492,1.0794,0.4624,,,,110646.09
2025-26,2562029,14,2025-12-02 19:30:00,54,Fulham,Home,305.0,23.0,1.0,5.0,4.0,1.0,,238.0,3.0,,2.0,1.0,14.0,25.0,538.0,,1.0,17.0,14.0,6.0,5.0,1.0,4.0,,0.0,,,,,1.0,,,,8.0,0.0,,,,,10.0,2.0,9.0,3.0,49.0,,3.0,8.0,,7.0,11.0,3.0,0.0,12.0,,47.0,39.0,,19.0,6.0,1.0,,47.0,9.0,7.0,,,,,,1.0,,1.0,1.0,1.0,4.0,2.0,,,6.0,,11.0,11.0,2.0,3.0,66.0,47.0,2.0,2.0,3.0,4.0,6.0,594.0,4.0,1.0,82.0,78.0,28.0,,,,,128.0,128.0,4.0,20.0,22.0,57.2,,,1.0,0.0,,,,1.0,,3.0,,5.0,103.0,522.0,7.0,329.0,40.0,19.0,12.0,7.0,21.0,14.0,,138.0,2.0,304.0,,,4.0,14.0,40.0,4.0,612.0,2.0,0.0,12.0,18.0,1.0,18.0,0.0,800.0,23.0,8.0,7.0,11.0,0.0,,105.0,1.0,1.0,,164.0,,164.0,1.0,,179.0,15.0,1.0,,0.0,,2.0,0.0,,2.0,10.0,20.0,10.0,,,,,0.872675,0.911,1.9087,2.0065,,,,115352.72
2025-26,2562039,15,2025-12-07 16:30:00,54,Fulham,Home,311.0,16.0,3.0,7.0,4.0,2.0,,252.0,7.0,,2.0,1.0,8.0,23.0,556.0,,,24.0,7.0,16.0,8.0,1.0,2.0,,0.0,,,,,,,,,9.0,0.0,,,1.0,1.0,9.0,2.0,9.0,3.0,50.0,4.0,3.0,6.0,,6.0,6.0,6.0,0.0,10.0,2.0,38.0,44.0,4.0,23.0,10.0,,,69.0,5.0,8.0,,,3.0,1.0,,1.0,,1.0,1.0,,7.0,1.0,,,10.0,1.0,8.0,8.0,,2.0,78.0,52.0,4.0,1.0,4.0,6.0,4.0,621.0,5.0,0.0,92.0,90.0,30.0,,,,,134.0,134.0,2.0,29.0,17.0,63.1,1.0,,,0.0,3.0,,3.0,3.0,,5.0,,5.0,99.0,538.0,10.0,332.0,34.0,23.0,19.0,6.0,19.0,13.0,,141.0,5.0,327.0,,,12.0,9.0,51.0,3.0,640.0,1.0,0.0,12.0,12.0,,25.0,0.0,827.0,26.0,9.0,6.0,7.0,0.0,,90.0,2.0,2.0,1.0,151.0,,200.0,1.0,,199.0,13.0,,1.0,0.0,,0.0,0.0,,4.0,2.0,13.0,2.0,,,,,0.886401,0.7566,1.3462,2.0678,,,,110602.42
2025-26,2562047,16,2025-12-13 17:30:00,54,Fulham,Away,270.0,17.0,1.0,4.0,3.0,1.0,,127.0,7.0,,4.0,2.0,12.0,18.0,393.0,,2.0,10.0,14.0,18.0,3.0,,2.0,3.0,0.0,,,,,,,,,4.0,0.0,,,,,10.0,6.0,6.0,,53.0,2.0,1.0,6.0,,4.0,7.0,4.0,1.0,9.0,1.0,40.0,52.0,2.0,38.0,17.0,,1.0,43.0,8.0,8.0,,,1.0,1.0,,3.0,1.0,3.0,1.0,2.0,10.0,1.0,,1.0,17.0,,12.0,12.0,2.0,4.0,62.0,35.0,10.0,2.0,2.0,4.0,4.0,457.0,4.0,0.0,41.0,46.0,20.0,,,,,130.0,130.0,2.0,33.0,12.0,47.2,,,1.0,0.0,5.0,1.0,6.0,1.0,3.0,2.0,,4.0,58.0,378.0,6.0,300.0,30.0,38.0,8.0,3.0,15.0,12.0,4.0,86.0,1.0,194.0,,,21.0,12.0,50.0,,479.0,2.0,0.0,6.0,22.0,2.0,19.0,2.0,657.0,15.0,4.0,4.0,12.0,0.0,,75.0,2.0,1.0,2.0,160.0,1.0,123.0,1.0,,121.0,10.0,,,0.0,,0.0,0.0,,2.0,5.0,14.0,5.0,,,,,1.45724,2.2256,3.5915,2.702,,,,116241.8
2025-26,2562059,17,2025-12-22 20:00:00,54,Fulham,Home,252.0,12.0,,4.0,4.0,3.0,,148.0,5.0,,5.0,6.0,8.0,27.0,396.0,,,13.0,17.0,17.0,9.0,,2.0,,0.0,,,,,,,,,8.0,1.0,,,,,6.0,6.0,8.0,3.0,58.0,1.0,6.0,3.0,,1.0,7.0,,0.0,6.0,,35.0,55.0,1.0,29.0,15.0,,1.0,38.0,5.0,9.0,1.0,,1.0,,,,,,,,9.0,0.0,2.0,,15.0,,10.0,10.0,1.0,5.0,70.0,37.0,5.0,0.0,3.0,6.0,1.0,471.0,4.0,0.0,58.0,46.0,14.0,,,,1.0,134.0,134.0,1.0,18.0,27.0,49.7,,,2.0,0.0,,2.0,2.0,,,4.0,,5.0,69.0,383.0,9.0,289.0,28.0,29.0,12.0,,7.0,7.0,,101.0,6.0,213.0,2.0,,29.0,9.0,65.0,2.0,495.0,1.0,0.0,11.0,21.0,1.0,18.0,5.0,681.0,24.0,8.0,1.0,13.0,0.0,,101.0,1.0,1.0,1.0,161.0,,121.0,2.0,,112.0,13.0,,,0.0,,0.0,0.0,,,5.0,11.0,5.0,,,,,0.478228,1.4965,0.7469,0.0772,,,,112825.11
2025-26,2562074,18,2025-12-27 15:00:00,54,Fulham,Away,178.0,19.0,1.0,10.0,9.0,3.0,1.0,271.0,6.0,,2.0,2.0,13.0,22.0,439.0,,,18.0,17.0,17.0,11.0,1.0,1.0,,0.0,,,,,,,,,14.0,0.0,,,,1.0,7.0,4.0,11.0,6.0,36.0,2.0,6.0,7.0,,4.0,12.0,8.0,0.0,16.0,,61.0,46.0,2.0,34.0,12.0,,,64.0,8.0,6.0,1.0,,1.0,1.0,,1.0,,1.0,1.0,,7.0,1.0,,,12.0,,12.0,12.0,3.0,2.0,67.0,45.0,5.0,0.0,5.0,8.0,5.0,485.0,5.0,0.0,96.0,72.0,30.0,,,,,135.0,135.0,3.0,17.0,13.0,55.7,,,1.0,0.0,1.0,1.0,2.0,,,6.0,1.0,4.0,123.0,418.0,13.0,189.0,30.0,34.0,20.0,3.0,24.0,21.0,,156.0,6.0,343.0,,,11.0,15.0,42.0,2.0,508.0,,0.0,17.0,16.0,,24.0,3.0,737.0,35.0,7.0,4.0,5.0,0.0,,95.0,1.0,,1.0,156.0,,120.0,,,137.0,15.0,,,0.0,,0.0,0.0,,6.0,6.0,19.0,6.0,,,,,1.44639,1.6213,1.3646,0.2014,,,,109210.04
2025-26,2562079,19,2026-01-01 17:30:00,54,Fulham,Away,260.0,22.0,1.0,7.0,6.0,1.0,,249.0,8.0,2.0,2.0,4.0,12.0,30.0,502.0,,,16.0,15.0,23.0,10.0,,1.0,2.0,0.0,,,,,,,,,14.0,0.0,,1.0,,,9.0,2.0,12.0,5.0,49.0,1.0,6.0,7.0,,3.0,14.0,3.0,0.0,7.0,,46.0,51.0,1.0,35.0,18.0,,,75.0,10.0,7.0,,,,,,1.0,,1.0,1.0,,8.0,1.0,,,18.0,1.0,9.0,9.0,,2.0,69.0,43.0,6.0,0.0,3.0,8.0,5.0,563.0,3.0,0.0,91.0,71.0,28.0,,,,,123.0,123.0,1.0,22.0,24.0,60.0,1.0,,1.0,0.0,1.0,,1.0,1.0,2.0,6.0,1.0,4.0,104.0,480.0,11.0,284.0,43.0,35.0,12.0,2.0,19.0,17.0,2.0,147.0,3.0,321.0,,2.0,15.0,12.0,56.0,1.0,586.0,1.0,0.0,17.0,16.0,,17.0,5.0,779.0,31.0,5.0,3.0,9.0,0.0,,80.0,1.0,3.0,,152.0,,168.0,1.0,,186.0,10.0,1.0,,0.0,1.0,1.0,0.0,,6.0,8.0,17.0,8.0,,,,,1.21642,1.7565,1.5633,1.3725,,,,111727.02
2025-26,2562089,20,2026-01-04 15:15:00,54,Fulham,Home,237.0,18.0,,1.0,1.0,1.0,,150.0,6.0,2.0,5.0,4.0,5.0,14.0,386.0,,,16.0,9.0,13.0,4.0,,1.0,2.0,0.0,,,,,,,,,4.0,0.0,1.0,,,,7.0,3.0,5.0,3.0,40.0,4.0,3.0,4.0,,3.0,10.0,1.0,0.0,3.0,,30.0,37.0,4.0,40.0,19.0,2.0,,39.0,11.0,4.0,1.0,,,,,2.0,,1.0,1.0,1.0,9.0,1.0,1.0,1.0,19.0,1.0,10.0,10.0,1.0,5.0,54.0,23.0,8.0,0.0,1.0,5.0,2.0,441.0,3.0,0.0,72.0,28.0,21.0,,,,,116.0,116.0,,16.0,18.0,41.9,1.0,2.0,,0.0,,,,2.0,2.0,3.0,,5.0,69.0,372.0,6.0,260.0,34.0,40.0,9.0,2.0,13.0,11.0,2.0,103.0,6.0,215.0,1.0,2.0,25.0,6.0,46.0,2.0,462.0,,0.0,8.0,15.0,,17.0,1.0,641.0,15.0,5.0,3.0,9.0,0.0,,90.0,1.0,,1.0,162.0,,108.0,,,102.0,18.0,,1.0,0.0,1.0,1.0,0.0,,3.0,8.0,13.0,8.0,,,,,0.379962,0.7382,1.2116,1.2138,,,,114707.91
2025-26,2562101,21,2026-01-07 19:30:00,54,Fulham,Home,235.0,17.0,,4.0,4.0,,,272.0,6.0,,2.0,1.0,8.0,24.0,503.0,1.0,1.0,15.0,10.0,19.0,10.0,,1.0,1.0,0.0,,,,1.0,,,,,13.0,0.0,,,,1.0,11.0,3.0,9.0,7.0,40.0,2.0,8.0,7.0,1.0,2.0,14.0,5.0,0.0,3.0,,41.0,52.0,2.0,28.0,18.0,,,55.0,11.0,5.0,2.0,,1.0,,1.0,1.0,,1.0,1.0,,8.0,2.0,,,18.0,1.0,9.0,9.0,,2.0,50.0,34.0,11.0,0.0,3.0,8.0,5.0,553.0,4.0,0.0,69.0,57.0,30.0,,,,,112.0,112.0,5.0,14.0,18.0,55.0,,,1.0,0.0,4.0,1.0,4.0,,1.0,3.0,2.0,5.0,159.0,486.0,11.0,256.0,27.0,28.0,22.0,,19.0,19.0,1.0,195.0,1.0,335.0,,,9.0,10.0,40.0,1.0,572.0,3.0,0.0,16.0,16.0,1.0,15.0,3.0,751.0,34.0,12.0,2.0,10.0,0.0,,88.0,1.0,,1.0,157.0,,165.0,2.0,,162.0,12.0,,1.0,0.0,,0.0,0.0,,7.0,7.0,16.0,7.0,,,,,1.31218,1.1962,1.7623,1.9258,,,0.1266,112870.59
2025-26,2562108,22,2026-01-17 15:00:00,54,Fulham,Away,272.0,17.0,1.0,1.0,,,,117.0,10.0,,9.0,8.0,7.0,22.0,388.0,,1.0,13.0,22.0,27.0,4.0,1.0,3.0,,0.0,,,,,,,,,5.0,0.0,,,,,10.0,4.0,5.0,3.0,40.0,5.0,2.0,4.0,,3.0,2.0,2.0,0.0,5.0,2.0,46.0,52.0,5.0,31.0,16.0,,1.0,48.0,11.0,6.0,,,1.0,1.0,,,,,,,13.0,0.0,3.0,,16.0,,10.0,10.0,,10.0,81.0,51.0,7.0,0.0,4.0,1.0,1.0,450.0,1.0,0.0,44.0,37.0,16.0,,,,,122.0,122.0,2.0,15.0,11.0,53.7,,,,0.0,2.0,2.0,4.0,1.0,,5.0,,5.0,38.0,364.0,5.0,300.0,30.0,31.0,8.0,3.0,8.0,5.0,,76.0,7.0,185.0,4.0,,28.0,9.0,54.0,3.0,477.0,,0.0,8.0,16.0,1.0,16.0,5.0,645.0,7.0,3.0,3.0,7.0,0.0,,71.0,,,,156.0,,130.0,,,120.0,9.0,,,0.0,,0.0,0.0,,5.0,3.0,11.0,3.0,,,,,0.420435,0.3873,0.0899,1.119,,,,112651.4
2025-26,2562121,23,2026-01-24 15:00:00,54,Fulham,Home,257.0,14.0,1.0,2.0,1.0,2.0,,162.0,9.0,,4.0,8.0,10.0,26.0,417.0,,,23.0,13.0,12.0,7.0,1.0,1.0,,1.0,,,,1.0,,,,,10.0,0.0,,,,,10.0,3.0,5.0,7.0,43.0,3.0,3.0,7.0,1.0,6.0,10.0,2.0,0.0,9.0,1.0,45.0,33.0,3.0,41.0,20.0,,1.0,46.0,10.0,6.0,,,1.0,,1.0,1.0,,1.0,1.0,,11.0,1.0,1.0,1.0,20.0,,7.0,7.0,1.0,5.0,69.0,40.0,6.0,1.0,4.0,5.0,4.0,480.0,4.0,0.0,69.0,40.0,27.0,,,,,135.0,135.0,3.0,14.0,18.0,49.1,,,,0.0,4.0,,3.0,4.0,,5.0,,4.0,70.0,399.0,9.0,289.0,32.0,41.0,11.0,6.0,18.0,12.0,,100.0,3.0,231.0,1.0,,22.0,11.0,56.0,1.0,502.0,1.0,0.0,12.0,11.0,1.0,24.0,1.0,701.0,19.0,4.0,6.0,8.0,0.0,,90.0,2.0,1.0,1.0,161.0,,129.0,,,122.0,15.0,,,0.0,3.0,1.0,0.0,,3.0,10.0,26.0,10.0,,,,,0.35906,1.0494,1.0612,0.5131,,,0.0331,113723.63
2025-26,2562130,24,2026-02-01 14:00:00,54,Fulham,Away,266.0,15.0,2.0,8.0,6.0,1.0,,259.0,5.0,1.0,4.0,2.0,7.0,11.0,517.0,,2.0,19.0,14.0,10.0,6.0,2.0,3.0,1.0,0.0,,,1.0,2.0,,,,,7.0,1.0,,,,1.0,12.0,1.0,8.0,6.0,43.0,1.0,5.0,5.0,,7.0,11.0,11.0,0.0,10.0,2.0,50.0,39.0,1.0,10.0,4.0,,,53.0,9.0,6.0,1.0,,3.0,,2.0,1.0,,1.0,1.0,,5.0,1.0,,,4.0,,13.0,13.0,,4.0,51.0,34.0,3.0,0.0,2.0,7.0,6.0,562.0,3.0,0.0,76.0,72.0,37.0,,1.0,,1.0,121.0,121.0,3.0,20.0,15.0,57.9,,,,0.0,3.0,,3.0,2.0,1.0,3.0,2.0,4.0,132.0,504.0,9.0,278.0,27.0,10.0,18.0,6.0,28.0,22.0,1.0,167.0,1.0,326.0,,1.0,14.0,7.0,33.0,2.0,576.0,1.0,0.0,14.0,17.0,3.0,23.0,1.0,758.0,26.0,6.0,7.0,12.0,0.0,,88.0,1.0,1.0,1.0,144.0,,191.0,1.0,,153.0,13.0,,1.0,0.0,,1.0,0.0,,4.0,9.0,21.0,9.0,,,,,1.41529,1.9421,3.3478,2.4425,,,0.1198,114036.0
2025-26,2562139,25,2026-02-07 15:00:00,54,Fulham,Home,229.0,13.0,3.0,10.0,7.0,,2.0,200.0,5.0,,13.0,3.0,8.0,16.0,419.0,,2.0,9.0,18.0,14.0,7.0,2.0,5.0,,0.0,,,,,1.0,,,,8.0,0.0,2.0,,,,13.0,4.0,11.0,2.0,46.0,1.0,2.0,4.0,,6.0,6.0,6.0,0.0,7.0,1.0,48.0,48.0,1.0,22.0,12.0,,,44.0,11.0,11.0,,,2.0,2.0,,,,,,,7.0,0.0,3.0,,12.0,2.0,9.0,9.0,1.0,13.0,47.0,23.0,6.0,0.0,5.0,4.0,3.0,460.0,3.0,1.0,75.0,53.0,35.0,,,,,111.0,111.0,1.0,17.0,15.0,55.4,2.0,3.0,1.0,0.0,,2.0,2.0,,,8.0,1.0,4.0,107.0,398.0,9.0,249.0,26.0,22.0,11.0,5.0,19.0,14.0,,131.0,,253.0,3.0,,13.0,8.0,38.0,2.0,483.0,,0.0,13.0,20.0,2.0,12.0,1.0,665.0,26.0,3.0,6.0,12.0,0.0,,69.0,3.0,4.0,,139.0,,143.0,,,132.0,18.0,1.0,,0.0,,0.0,0.0,,6.0,3.0,11.0,3.0,,,,,2.01557,1.9716,1.6746,0.734,,,,105699.68
2025-26,2562150,26,2026-02-11 19:30:00,54,Fulham,Away,273.0,16.0,,4.0,4.0,2.0,,149.0,5.0,1.0,1.0,3.0,4.0,22.0,418.0,,1.0,21.0,8.0,7.0,9.0,,3.0,,0.0,,,,,,,,,11.0,0.0,,,,,5.0,8.0,12.0,2.0,47.0,1.0,3.0,5.0,,4.0,7.0,3.0,0.0,14.0,2.0,44.0,41.0,1.0,11.0,5.0,1.0,3.0,33.0,10.0,8.0,,,,,,,,,,,6.0,0.0,,,5.0,,8.0,8.0,1.0,1.0,48.0,28.0,4.0,0.0,4.0,5.0,3.0,471.0,5.0,0.0,51.0,52.0,19.0,,,,,123.0,123.0,3.0,19.0,20.0,44.0,,,,0.0,1.0,1.0,2.0,,,8.0,1.0,5.0,66.0,399.0,9.0,307.0,29.0,11.0,11.0,4.0,14.0,10.0,,87.0,2.0,199.0,,1.0,17.0,4.0,47.0,1.0,492.0,,0.0,14.0,23.0,1.0,22.0,1.0,669.0,21.0,3.0,4.0,14.0,0.0,,91.0,1.0,1.0,,146.0,,122.0,3.0,,133.0,12.0,1.0,,0.0,,0.0,0.0,,5.0,4.0,16.0,4.0,,,,,0.557935,1.4178,0.4596,1.6209,,,,114295.65
2025-26,2562162,27,2026-02-22 14:00:00,54,Fulham,Away,136.0,9.0,1.0,3.0,2.0,1.0,,154.0,3.0,,1.0,6.0,4.0,19.0,287.0,,1.0,13.0,14.0,16.0,7.0,,3.0,1.0,0.0,,,,,,,,,8.0,1.0,,,,,8.0,4.0,9.0,3.0,47.0,1.0,3.0,4.0,,4.0,9.0,4.0,0.0,5.0,1.0,41.0,47.0,1.0,37.0,17.0,,3.0,44.0,13.0,6.0,2.0,,2.0,1.0,,2.0,1.0,2.0,1.0,1.0,10.0,1.0,,,17.0,,9.0,9.0,1.0,1.0,70.0,35.0,6.0,1.0,5.0,4.0,4.0,337.0,5.0,0.0,59.0,52.0,22.0,1.0,1.0,1.0,1.0,117.0,117.0,4.0,20.0,16.0,46.6,,,,0.0,,1.0,1.0,,1.0,5.0,,5.0,62.0,277.0,9.0,151.0,21.0,37.0,10.0,3.0,17.0,14.0,2.0,86.0,2.0,221.0,,,29.0,4.0,57.0,1.0,355.0,1.0,0.0,12.0,22.0,1.0,23.0,1.0,545.0,19.0,3.0,4.0,10.0,0.0,,70.0,2.0,,3.0,115.0,1.0,85.0,,,85.0,12.0,,1.0,0.0,,0.0,0.0,,5.0,5.0,11.0,5.0,,,,,0.651215,1.8802,2.1691,1.016,,,,110645.29
2025-26,2562169,28,2026-03-01 14:00:00,54,Fulham,Home,233.0,19.0,1.0,5.0,4.0,3.0,,156.0,5.0,,3.0,4.0,13.0,23.0,384.0,1.0,,11.0,14.0,23.0,11.0,1.0,4.0,1.0,0.0,,,,,,,,,13.0,0.0,,,,1.0,10.0,3.0,15.0,3.0,45.0,1.0,4.0,6.0,1.0,5.0,5.0,3.0,0.0,7.0,,47.0,55.0,1.0,34.0,20.0,,,51.0,11.0,13.0,,,1.0,,,1.0,,,1.0,,12.0,2.0,,,20.0,,10.0,10.0,,3.0,71.0,31.0,8.0,2.0,6.0,7.0,4.0,451.0,7.0,0.0,65.0,30.0,26.0,,,,,138.0,138.0,2.0,21.0,18.0,54.1,,,3.0,0.0,,,,1.0,1.0,10.0,,5.0,65.0,366.0,13.0,253.0,35.0,34.0,17.0,5.0,13.0,8.0,1.0,107.0,10.0,240.0,,,20.0,14.0,54.0,1.0,480.0,3.0,0.0,18.0,12.0,,16.0,3.0,676.0,34.0,8.0,5.0,8.0,0.0,,85.0,2.0,2.0,1.0,165.0,,110.0,,,120.0,12.0,1.0,,0.0,,0.0,0.0,,4.0,10.0,23.0,10.0,,,,,0.898033,2.2803,0.7878,0.7587,,,,113127.77
2025-26,2562179,29,2026-03-04 19:30:00,54,Fulham,Home,261.0,9.0,3.0,9.0,6.0,,1.0,218.0,4.0,1.0,8.0,5.0,13.0,28.0,470.0,,,17.0,13.0,16.0,5.0,3.0,6.0,,0.0,,,,1.0,,,,,5.0,0.0,,,,1.0,6.0,3.0,10.0,3.0,53.0,2.0,4.0,8.0,,6.0,11.0,8.0,0.0,5.0,2.0,40.0,41.0,2.0,21.0,10.0,1.0,,64.0,14.0,10.0,,,3.0,1.0,1.0,,,,,,6.0,0.0,1.0,,10.0,,3.0,3.0,,8.0,64.0,38.0,5.0,0.0,3.0,5.0,5.0,537.0,2.0,0.0,87.0,61.0,42.0,,,,1.0,139.0,139.0,3.0,18.0,23.0,59.7,,,,0.0,2.0,,3.0,,,4.0,2.0,5.0,96.0,449.0,8.0,282.0,26.0,21.0,8.0,5.0,25.0,20.0,,144.0,5.0,306.0,1.0,1.0,19.0,13.0,56.0,,563.0,1.0,0.0,13.0,9.0,,18.0,2.0,731.0,29.0,6.0,7.0,4.0,0.0,,73.0,,,,173.0,,160.0,1.0,,157.0,21.0,,1.0,0.0,,0.0,0.0,,6.0,5.0,13.0,5.0,,,,,0.699111,0.8884,0.5562,1.1335,,,0.1589,113423.39
2025-26,2562192,30,2026-03-15 14:00:00,54,Fulham,Away,227.0,19.0,1.0,3.0,2.0,2.0,1.0,154.0,7.0,2.0,4.0,4.0,11.0,26.0,378.0,,,19.0,14.0,13.0,1.0,2.0,2.0,,0.0,,,,1.0,,,,,2.0,0.0,,,,1.0,5.0,6.0,5.0,1.0,48.0,2.0,2.0,10.0,,4.0,11.0,2.0,0.0,7.0,1.0,42.0,45.0,2.0,22.0,16.0,,,60.0,11.0,8.0,,,2.0,1.0,1.0,,,,,,12.0,0.0,,1.0,16.0,,10.0,10.0,,4.0,62.0,35.0,5.0,0.0,2.0,1.0,1.0,453.0,5.0,0.0,58.0,59.0,25.0,,,,,130.0,130.0,5.0,21.0,17.0,54.2,,,,0.0,,2.0,2.0,1.0,,3.0,1.0,5.0,77.0,364.0,3.0,253.0,39.0,22.0,9.0,4.0,18.0,14.0,,122.0,7.0,239.0,,2.0,12.0,13.0,57.0,1.0,474.0,,0.0,6.0,16.0,2.0,21.0,3.0,639.0,15.0,8.0,4.0,10.0,0.0,,77.0,1.0,1.0,,174.0,,108.0,1.0,,115.0,8.0,,,0.0,,0.0,0.0,,3.0,10.0,25.0,10.0,,,,,0.576357,1.0338,0.288,0.4413,,,0.0677,112497.49
2025-26,2562199,31,2026-03-21 15:00:00,54,Fulham,Home,219.0,18.0,1.0,5.0,4.0,1.0,1.0,228.0,3.0,,3.0,7.0,6.0,30.0,442.0,,1.0,14.0,13.0,19.0,14.0,1.0,3.0,3.0,0.0,,,,,,,,,18.0,1.0,,,,,6.0,3.0,17.0,5.0,57.0,2.0,6.0,3.0,,6.0,14.0,4.0,0.0,8.0,2.0,34.0,49.0,2.0,25.0,19.0,,,68.0,6.0,9.0,,,2.0,1.0,,1.0,,,1.0,,4.0,2.0,,1.0,19.0,,6.0,6.0,1.0,3.0,49.0,33.0,6.0,2.0,7.0,9.0,6.0,501.0,3.0,0.0,63.0,57.0,36.0,,,,1.0,121.0,121.0,3.0,26.0,22.0,55.5,,,,0.0,2.0,2.0,4.0,,3.0,10.0,1.0,5.0,130.0,426.0,16.0,240.0,34.0,25.0,8.0,3.0,22.0,19.0,3.0,168.0,4.0,300.0,,,19.0,6.0,55.0,1.0,518.0,,0.0,22.0,18.0,4.0,19.0,2.0,696.0,42.0,3.0,6.0,13.0,0.0,,80.0,1.0,2.0,2.0,168.0,,130.0,,,140.0,9.0,,,0.0,3.0,1.0,0.0,,3.0,2.0,15.0,2.0,,,,,1.03402,3.1535,3.1582,1.174,,,,116494.23
2025-26,2562210,32,2026-04-11 17:30:00,54,Fulham,Away,200.0,18.0,2.0,11.0,9.0,3.0,,182.0,6.0,1.0,5.0,5.0,8.0,24.0,371.0,1.0,,16.0,8.0,14.0,13.0,3.0,5.0,,0.0,,,,,,,,,13.0,0.0,,,,,14.0,4.0,13.0,6.0,41.0,4.0,8.0,5.0,,9.0,16.0,6.0,0.0,9.0,2.0,34.0,49.0,4.0,28.0,10.0,,,44.0,4.0,10.0,,,1.0,1.0,,,,,,,6.0,0.0,1.0,,10.0,,15.0,15.0,1.0,5.0,42.0,29.0,6.0,0.0,5.0,11.0,4.0,411.0,6.0,0.0,77.0,41.0,32.0,,,,,120.0,120.0,3.0,16.0,15.0,47.0,,,,0.0,2.0,1.0,3.0,,,7.0,1.0,5.0,102.0,348.0,16.0,224.0,24.0,28.0,14.0,7.0,30.0,23.0,,129.0,7.0,241.0,1.0,1.0,18.0,9.0,40.0,2.0,435.0,1.0,0.0,19.0,20.0,,18.0,0.0,662.0,42.0,6.0,9.0,11.0,0.0,,79.0,1.0,2.0,,135.0,,108.0,2.0,,113.0,14.0,,,0.0,,0.0,0.0,,1.0,7.0,19.0,7.0,,,,,1.35028,1.0376,0.2753,1.6171,,,,115252.87
2025-26,2562216,33,2026-04-18 12:30:00,54,Fulham,Away,215.0,15.0,1.0,2.0,1.0,,1.0,142.0,8.0,1.0,7.0,2.0,11.0,16.0,355.0,1.0,2.0,15.0,18.0,20.0,8.0,1.0,1.0,,0.0,,,,,,,,,7.0,0.0,,,,2.0,12.0,1.0,8.0,3.0,37.0,4.0,6.0,7.0,,3.0,7.0,2.0,0.0,7.0,2.0,48.0,46.0,4.0,22.0,12.0,,1.0,41.0,13.0,8.0,,,1.0,1.0,,,,,,,14.0,0.0,1.0,1.0,12.0,,5.0,5.0,,7.0,60.0,34.0,9.0,0.0,4.0,5.0,,412.0,2.0,0.0,43.0,37.0,27.0,,,,,129.0,129.0,,14.0,15.0,51.9,,,2.0,0.0,3.0,1.0,4.0,1.0,,5.0,1.0,5.0,64.0,340.0,9.0,244.0,28.0,22.0,10.0,3.0,13.0,10.0,,95.0,6.0,204.0,1.0,1.0,19.0,11.0,50.0,1.0,435.0,1.0,0.0,11.0,13.0,2.0,20.0,1.0,599.0,20.0,5.0,3.0,10.0,0.0,,61.0,1.0,1.0,,144.0,,120.0,,,110.0,20.0,,,0.0,,0.0,0.0,,4.0,8.0,14.0,8.0,,,,,0.782252,0.7745,,0.2715,,,,115015.89
2025-26,2562229,34,2026-04-25 12:30:00,54,Fulham,Home,138.0,5.0,1.0,4.0,4.0,,,142.0,15.0,,1.0,3.0,4.0,16.0,276.0,2.0,,10.0,10.0,20.0,8.0,1.0,,,0.0,,,,1.0,,,,,10.0,0.0,,,,2.0,6.0,4.0,6.0,7.0,38.0,4.0,5.0,6.0,,2.0,8.0,5.0,1.0,4.0,1.0,41.0,56.0,4.0,25.0,10.0,,,53.0,14.0,12.0,,,2.0,1.0,1.0,,,,,,17.0,1.0,1.0,2.0,10.0,,16.0,16.0,2.0,1.0,42.0,26.0,5.0,0.0,1.0,8.0,6.0,307.0,1.0,0.0,44.0,43.0,23.0,,,,,109.0,109.0,6.0,14.0,14.0,38.9,,,2.0,0.0,,1.0,1.0,1.0,,2.0,,4.0,66.0,249.0,9.0,153.0,16.0,25.0,16.0,1.0,15.0,14.0,,95.0,4.0,199.0,1.0,,12.0,5.0,36.0,7.0,337.0,2.0,0.0,13.0,18.0,2.0,13.0,2.0,527.0,19.0,7.0,2.0,12.0,0.0,,49.0,1.0,1.0,1.0,113.0,,80.0,,,95.0,14.0,,,0.0,,0.0,0.0,,2.0,14.0,22.0,14.0,,,,,0.593849,1.1764,2.0149,0.0666,,,0.127,110422.75
2025-26,2562236,35,2026-05-02 17:30:00,54,Fulham,Away,204.0,17.0,1.0,1.0,,,,156.0,4.0,2.0,4.0,3.0,9.0,13.0,359.0,,1.0,9.0,14.0,14.0,5.0,1.0,3.0,1.0,0.0,,,,1.0,,,,,5.0,0.0,,,,1.0,14.0,4.0,5.0,5.0,45.0,,6.0,12.0,,4.0,6.0,2.0,0.0,5.0,1.0,44.0,45.0,,20.0,11.0,,2.0,43.0,12.0,6.0,,,2.0,,1.0,,,,,,7.0,0.0,1.0,,11.0,,5.0,5.0,,4.0,41.0,18.0,3.0,0.0,2.0,4.0,1.0,408.0,3.0,0.0,71.0,39.0,17.0,,,,,110.0,110.0,1.0,18.0,20.0,46.2,,,1.0,0.0,5.0,1.0,6.0,,1.0,3.0,1.0,5.0,72.0,339.0,6.0,233.0,36.0,20.0,4.0,4.0,12.0,8.0,1.0,96.0,2.0,212.0,2.0,2.0,17.0,11.0,40.0,,433.0,,0.0,10.0,22.0,1.0,12.0,1.0,581.0,12.0,3.0,4.0,16.0,0.0,,69.0,1.0,1.0,,138.0,,107.0,1.0,,119.0,16.0,,,0.0,,0.0,0.0,,7.0,6.0,16.0,6.0,,,,,0.386963,0.37,0.0538,3.6589,,,0.0616,111226.1
2025-26,2562248,36,2026-05-09 15:00:00,54,Fulham,Home,240.0,11.0,1.0,3.0,2.0,1.0,,219.0,5.0,,6.0,10.0,9.0,23.0,456.0,,1.0,11.0,11.0,13.0,10.0,,3.0,,0.0,,,,,,,,,8.0,0.0,2.0,,,1.0,5.0,5.0,11.0,3.0,40.0,,6.0,5.0,1.0,11.0,13.0,6.0,0.0,6.0,1.0,39.0,57.0,,9.0,6.0,,3.0,49.0,12.0,21.0,,,2.0,,,,,,,,5.0,0.0,,,6.0,2.0,5.0,5.0,,6.0,62.0,44.0,2.0,0.0,5.0,5.0,2.0,487.0,3.0,0.0,55.0,62.0,41.0,,,,,120.0,120.0,1.0,17.0,13.0,59.6,2.0,,,0.0,2.0,2.0,3.0,,,6.0,1.0,5.0,92.0,425.0,10.0,250.0,21.0,9.0,12.0,9.0,28.0,19.0,,125.0,7.0,298.0,,,17.0,10.0,38.0,1.0,520.0,1.0,1.0,14.0,16.0,1.0,14.0,4.0,690.0,33.0,7.0,11.0,12.0,0.0,,80.0,1.0,1.0,,153.0,,136.0,1.0,,151.0,15.0,,1.0,0.0,,0.0,0.0,,7.0,,9.0,,,,,,0.723846,1.3298,0.1602,0.7181,,,,104896.03
2025-26,2562264,37,2026-05-17 15:00:00,54,Fulham,Away,277.0,16.0,1.0,4.0,3.0,,,239.0,10.0,4.0,7.0,3.0,12.0,19.0,512.0,1.0,2.0,13.0,9.0,11.0,7.0,1.0,2.0,1.0,0.0,,,,1.0,,,,,9.0,1.0,,,,,7.0,4.0,8.0,5.0,57.0,1.0,3.0,5.0,,6.0,15.0,,1.0,11.0,1.0,38.0,59.0,1.0,24.0,15.0,,1.0,55.0,8.0,20.0,,1.0,3.0,1.0,1.0,,,,,,11.0,0.0,2.0,,15.0,,10.0,10.0,1.0,7.0,51.0,35.0,3.0,0.0,4.0,4.0,5.0,560.0,,0.0,74.0,66.0,32.0,,,,1.0,128.0,128.0,1.0,19.0,29.0,68.9,,,,0.0,,2.0,2.0,,1.0,5.0,,5.0,124.0,481.0,8.0,303.0,26.0,24.0,15.0,4.0,20.0,16.0,1.0,162.0,3.0,309.0,2.0,4.0,10.0,13.0,37.0,2.0,592.0,2.0,0.0,13.0,19.0,5.0,16.0,0.0,784.0,35.0,10.0,6.0,11.0,0.0,,81.0,1.0,1.0,1.0,176.0,,159.0,2.0,,176.0,8.0,,1.0,0.0,1.0,0.0,0.0,,5.0,3.0,12.0,3.0,,,,,0.896245,1.5947,1.3697,0.5087,,,0.0702,112622.29
2025-26,2562268,38,2026-05-24 16:00:00,54,Fulham,Home,156.0,14.0,1.0,2.0,1.0,1.0,,191.0,6.0,,5.0,4.0,9.0,20.0,345.0,1.0,1.0,14.0,16.0,12.0,13.0,2.0,2.0,2.0,0.0,,1.0,,1.0,,,,,16.0,0.0,1.0,,,1.0,4.0,3.0,10.0,11.0,47.0,1.0,6.0,2.0,,6.0,8.0,1.0,1.0,11.0,,45.0,43.0,1.0,13.0,4.0,,,52.0,13.0,5.0,,,1.0,,1.0,1.0,,,,1.0,9.0,0.0,1.0,,4.0,1.0,12.0,12.0,1.0,5.0,53.0,24.0,6.0,0.0,5.0,11.0,6.0,399.0,2.0,0.0,67.0,55.0,27.0,,,,,113.0,113.0,7.0,10.0,23.0,44.9,1.0,,,0.0,1.0,1.0,2.0,,2.0,9.0,,5.0,102.0,330.0,16.0,164.0,26.0,13.0,13.0,4.0,13.0,9.0,2.0,147.0,5.0,267.0,1.0,,12.0,9.0,46.0,1.0,418.0,1.0,0.0,21.0,16.0,1.0,15.0,2.0,579.0,33.0,10.0,6.0,13.0,0.0,,63.0,1.0,2.0,1.0,127.0,,107.0,,,121.0,13.0,,,0.0,,1.0,0.0,,7.0,4.0,13.0,4.0,,,,,0.814026,1.8075,1.8292,0.1642,,,0.0398,112046.51
2026-27,2645204,1,2026-08-24 20:00:00,54,Fulham,Home,286.0,18.0,1.0,4.0,3.0,2.0,,271.0,8.0,,5.0,5.0,14.0,34.0,553.0,,,17.0,10.0,14.0,9.0,1.0,1.0,,0.0,,,,,,,,,13.0,0.0,,,,,13.0,5.0,7.0,7.0,46.0,1.0,5.0,14.0,,6.0,5.0,6.0,0.0,11.0,,58.0,48.0,1.0,17.0,9.0,,2.0,68.0,12.0,7.0,1.0,,,1.0,,1.0,,1.0,1.0,,11.0,2.0,,,9.0,,8.0,8.0,4.0,5.0,77.0,46.0,4.0,1.0,3.0,7.0,6.0,614.0,6.0,0.0,97.0,75.0,24.0,,,,,148.0,148.0,2.0,21.0,17.0,61.9,,,1.0,0.0,3.0,,3.0,,,3.0,,4.0,117.0,532.0,10.0,309.0,35.0,17.0,20.0,5.0,17.0,12.0,,156.0,4.0,347.0,,,18.0,14.0,64.0,,639.0,1.0,0.0,14.0,19.0,,17.0,2.0,827.0,25.0,8.0,6.0,12.0,0.0,,116.0,1.0,1.0,1.0,184.0,,181.0,3.0,,158.0,23.0,,,0.0,,0.0,0.0,,7.0,5.0,16.0,5.0,,,,,0.668559,1.3326,1.1713,2.0213,,,,
2026-27,2645213,2,2026-08-30 14:00:00,54,Fulham,Away,253.0,16.0,1.0,4.0,3.0,,1.0,224.0,6.0,,6.0,1.0,5.0,17.0,473.0,,2.0,20.0,22.0,13.0,7.0,1.0,4.0,,0.0,,,,,,,,,5.0,0.0,,,,,9.0,3.0,7.0,4.0,38.0,2.0,8.0,7.0,,4.0,9.0,4.0,0.0,5.0,,56.0,44.0,2.0,17.0,10.0,1.0,,52.0,15.0,9.0,,,1.0,1.0,,,,,,,9.0,0.0,,1.0,10.0,,7.0,7.0,1.0,6.0,60.0,32.0,3.0,0.0,2.0,6.0,,539.0,2.0,0.0,91.0,67.0,27.0,,,,,127.0,127.0,4.0,14.0,13.0,58.6,,,1.0,0.0,2.0,1.0,3.0,,,3.0,1.0,4.0,122.0,458.0,8.0,277.0,30.0,17.0,19.0,4.0,18.0,14.0,,158.0,1.0,301.0,,,20.0,5.0,46.0,1.0,560.0,1.0,0.0,11.0,11.0,2.0,22.0,2.0,731.0,26.0,11.0,4.0,4.0,0.0,,83.0,2.0,2.0,,149.0,,159.0,1.0,,169.0,9.0,,,0.0,,0.0,0.0,,5.0,5.0,18.0,5.0,,,,,0.952526,0.9477,,1.3319,,,,
2026-27,2645219,3,2026-09-05 15:00:00,54,Fulham,Home,299.0,27.0,3.0,4.0,1.0,,1.0,307.0,3.0,1.0,4.0,1.0,9.0,30.0,602.0,5.0,1.0,16.0,15.0,8.0,18.0,2.0,3.0,1.0,0.0,,,,,,,,,21.0,0.0,,,,1.0,7.0,3.0,22.0,3.0,53.0,2.0,9.0,5.0,,7.0,8.0,,0.0,3.0,2.0,44.0,36.0,2.0,12.0,6.0,,1.0,63.0,6.0,7.0,,,1.0,1.0,,,,,,,6.0,2.0,,,6.0,,9.0,9.0,3.0,4.0,68.0,53.0,1.0,2.0,8.0,12.0,6.0,655.0,1.0,0.0,119.0,72.0,39.0,,,,,129.0,129.0,3.0,20.0,24.0,64.4,,3.0,,0.0,1.0,1.0,2.0,1.0,1.0,10.0,1.0,5.0,131.0,583.0,20.0,320.0,37.0,12.0,25.0,7.0,16.0,9.0,1.0,169.0,2.0,374.0,,1.0,8.0,10.0,49.0,1.0,678.0,7.0,0.0,25.0,11.0,4.0,20.0,0.0,871.0,64.0,10.0,7.0,6.0,0.0,,110.0,1.0,1.0,1.0,192.0,1.0,190.0,2.0,,186.0,16.0,,,0.0,,0.0,0.0,,2.0,8.0,20.0,8.0,,,,,2.52509,3.1404,1.8108,2.5652,,,,
