element,player_code,first_name,second_name,fixture_code,total_points,modified,minutes,goals_scored,assists,clean_sheets,goals_conceded,own_goals,penalties_saved,penalties_missed,yellow_cards,red_cards,saves,bonus,bps,influence,creativity,threat,ict_index,clearances_blocks_interceptions,recoveries,tackles,defensive_contribution,starts,expected_goals,expected_assists,expected_goal_involvements,expected_goals_conceded,value,transfers_balance,selected,transfers_in,transfers_out
12,206325,Oleksandr,Zinchenko,2561903,0,False,0,0,0,0,0,0,0,0,0,0,0,0,0,0.0,0.0,0.0,0.0,0,0,0,0,0,0.00,0.00,0.00,0.00,50,0,32155,0,0
12,206325,Oleksandr,Zinchenko,2561906,0,False,0,0,0,0,0,0,0,0,0,0,0,0,0,0.0,0.0,0.0,0.0,0,0,0,0,0,0.00,0.00,0.00,0.00,50,-3567,38783,3119,6686
12,206325,Oleksandr,Zinchenko,2561919,0,False,0,0,0,0,0,0,0,0,0,0,0,0,0,0.0,0.0,0.0,0.0,0,0,0,0,0,0.00,0.00,0.00,0.00,49,-6195,35968,1695,7890
12,206325,Oleksandr,Zinchenko,2561926,0,False,0,0,0,0,0,0,0,0,0,0,0,0,0,0.0,0.0,0.0,0.0,0,0,0,0,0,0.00,0.00,0.00,0.00,49,-2123,36174,3739,5862
12,206325,Oleksandr,Zinchenko,2561938,2,False,90,0,0,0,1,0,0,0,0,0,0,0,19,29.6,18.0,15.0,6.3,6,6,3,9,1,0.04,0.07,0.11,0.85,49,1834,39722,4930,3096
12,206325,Oleksandr,Zinchenko,2561953,2,False,90,0,0,0,1,0,0,0,0,0,0,0,13,14.8,19.3,0.0,3.4,1,3,3,4,1,0.00,0.10,0.10,1.19,49,2180,43451,4837,2657
12,206325,Oleksandr,Zinchenko,2561963,0,False,0,0,0,0,0,0,0,0,0,0,0,0,0,0.0,0.0,0.0,0.0,0,0,0,0,0,0.00,0.00,0.00,0.00,49,-3685,39509,1168,4853
12,206325,Oleksandr,Zinchenko,2561971,1,False,73,0,0,0,2,0,0,0,0,0,0,0,14,18.2,15.1,0.0,3.3,4,3,4,8,1,0.00,0.13,0.13,1.41,49,-5285,34410,317,5602
12,206325,Oleksandr,Zinchenko,2561975,0,False,0,0,0,0,0,0,0,0,0,0,0,0,0,0.0,0.0,0.0,0.0,0,0,0,0,0,0.00,0.00,0.00,0.00,49,-512,34500,976,1488
12,206325,Oleksandr,Zinchenko,2561991,0,False,0,0,0,0,0,0,0,0,0,0,0,0,0,0.0,0.0,0.0,0.0,0,0,0,0,0,0.00,0.00,0.00,0.00,49,-2909,31579,72,2981
12,206325,Oleksandr,Zinchenko,2562001,0,False,0,0,0,0,0,0,0,0,0,0,0,0,0,0.0,0.0,0.0,0.0,0,0,0,0,0,0.00,0.00,0.00,0.00,49,-1864,29793,35,1899
12,206325,Oleksandr,Zinchenko,2562011,0,False,0,0,0,0,0,0,0,0,0,0,0,0,0,0.0,0.0,0.0,0.0,0,0,0,0,0,0.00,0.00,0.00,0.00,49,-1417,28434,44,1461
12,206325,Oleksandr,Zinchenko,2562021,0,False,0,0,0,0,0,0,0,0,0,0,0,0,0,0.0,0.0,0.0,0.0,0,0,0,0,0,0.00,0.00,0.00,0.00,49,-733,27744,46,779
12,206325,Oleksandr,Zinchenko,2562034,0,False,0,0,0,0,0,0,0,0,0,0,0,0,0,0.0,0.0,0.0,0.0,0,0,0,0,0,0.00,0.00,0.00,0.00,49,-374,27425,49,423
12,206325,Oleksandr,Zinchenko,2562038,0,False,0,0,0,0,0,0,0,0,0,0,0,0,0,0.0,0.0,0.0,0.0,0,0,0,0,0,0.00,0.00,0.00,0.00,49,-442,26997,23,465
12,206325,Oleksandr,Zinchenko,2562052,0,False,0,0,0,0,0,0,0,0,0,0,0,0,0,0.0,0.0,0.0,0.0,0,0,0,0,0,0.00,0.00,0.00,0.00,49,-154,26973,415,569
12,206325,Oleksandr,Zinchenko,2562059,1,False,9,0,0,0,0,0,0,0,0,0,0,0,3,2.4,0.8,0.0,0.3,1,0,0,1,0,0.00,0.00,0.00,0.31,49,673,28002,957,284
12,206325,Oleksandr,Zinchenko,2562072,0,False,0,0,0,0,0,0,0,0,0,0,0,0,0,0.0,0.0,0.0,0.0,0,0,0,0,0,0.00,0.00,0.00,0.00,49,287,28570,719,432
12,206325,Oleksandr,Zinchenko,2562082,1,False,90,0,0,0,2,0,0,0,0,0,0,0,7,15.8,30.2,7.0,5.3,2,5,0,2,1,0.03,0.06,0.09,1.26,49,383,29254,740,357
12,206325,Oleksandr,Zinchenko,2562086,0,False,0,0,0,0,0,0,0,0,0,0,0,0,0,0.0,0.0,0.0,0.0,0,0,0,0,0,0.00,0.00,0.00,0.00,49,266,29530,561,295
12,206325,Oleksandr,Zinchenko,2562104,0,False,0,0,0,0,0,0,0,0,0,0,0,0,0,0.0,0.0,0.0,0.0,0,0,0,0,0,0.00,0.00,0.00,0.00,49,66,29797,570,504
12,206325,Oleksandr,Zinchenko,2562111,0,False,0,0,0,0,0,0,0,0,0,0,0,0,0,0.0,0.0,0.0,0.0,0,0,0,0,0,0.00,0.00,0.00,0.00,49,-1216,28535,143,1359
12,206325,Oleksandr,Zinchenko,2562117,0,False,0,0,0,0,0,0,0,0,0,0,0,0,0,0.0,0.0,0.0,0.0,0,0,0,0,0,0.00,0.00,0.00,0.00,49,291,29068,607,316
12,206325,Oleksandr,Zinchenko,2562131,0,False,0,0,0,0,0,0,0,0,0,0,0,0,0,0.0,0.0,0.0,0.0,0,0,0,0,0,0.00,0.00,0.00,0.00,49,325,29628,679,354
12,206325,Oleksandr,Zinchenko,2562140,0,False,0,0,0,0,0,0,0,0,0,0,0,0,0,0.0,0.0,0.0,0.0,0,0,0,0,0,0.00,0.00,0.00,0.00,49,-263,29443,461,724
12,206325,Oleksandr,Zinchenko,2562151,0,False,0,0,0,0,0,0,0,0,0,0,0,0,0,0.0,0.0,0.0,0.0,0,0,0,0,0,0.00,0.00,0.00,0.00,49,-908,28513,0,908
12,206325,Oleksandr,Zinchenko,2562161,0,False,0,0,0,0,0,0,0,0,0,0,0,0,0,0.0,0.0,0.0,0.0,0,0,0,0,0,0.00,0.00,0.00,0.00,49,-586,27961,0,586
12,206325,Oleksandr,Zinchenko,2562167,0,False,0,0,0,0,0,0,0,0,0,0,0,0,0,0.0,0.0,0.0,0.0,0,0,0,0,0,0.00,0.00,0.00,0.00,49,-281,27692,0,281
12,206325,Oleksandr,Zinchenko,2562181,0,False,0,0,0,0,0,0,0,0,0,0,0,0,0,0.0,0.0,0.0,0.0,0,0,0,0,0,0.00,0.00,0.00,0.00,49,-195,27501,0,195
12,206325,Oleksandr,Zinchenko,2562192,0,False,0,0,0,0,0,0,0,0,0,0,0,0,0,0.0,0.0,0.0,0.0,0,0,0,0,0,0.00,0.00,0.00,0.00,49,-224,27281,0,224
12,206325,Oleksandr,Zinchenko,2562203,0,False,0,0,0,0,0,0,0,0,0,0,0,0,0,0.0,0.0,0.0,0.0,0,0,0,0,0,0.00,0.00,0.00,0.00,49,-87,27184,0,87
12,206325,Oleksandr,Zinchenko,2562212,0,False,0,0,0,0,0,0,0,0,0,0,0,0,0,0.0,0.0,0.0,0.0,0,0,0,0,0,0.00,0.00,0.00,0.00,49,-144,27059,0,144
12,206325,Oleksandr,Zinchenko,2562223,0,False,0,0,0,0,0,0,0,0,0,0,0,0,0,0.0,0.0,0.0,0.0,0,0,0,0,0,0.00,0.00,0.00,0.00,49,-81,26979,0,81
12,206325,Oleksandr,Zinchenko,2562232,0,False,0,0,0,0,0,0,0,0,0,0,0,0,0,0.0,0.0,0.0,0.0,0,0,0,0,0,0.00,0.00,0.00,0.00,49,-72,26907,0,72
12,206325,Oleksandr,Zinchenko,2562239,0,False,0,0,0,0,0,0,0,0,0,0,0,0,0,0.0,0.0,0.0,0.0,0,0,0,0,0,0.00,0.00,0.00,0.00,49,-50,26863,0,50
12,206325,Oleksandr,Zinchenko,2562251,0,False,0,0,0,0,0,0,0,0,0,0,0,0,0,0.0,0.0,0.0,0.0,0,0,0,0,0,0.00,0.00,0.00,0.00,49,-55,26807,0,55
12,206325,Oleksandr,Zinchenko,2562262,0,False,0,0,0,0,0,0,0,0,0,0,0,0,0,0.0,0.0,0.0,0.0,0,0,0,0,0,0.00,0.00,0.00,0.00,49,-41,26768,0,41
12,206325,Oleksandr,Zinchenko,2562271,0,False,0,0,0,0,0,0,0,0,0,0,0,0,0,0.0,0.0,0.0,0.0,0,0,0,0,0,0.00,0.00,0.00,0.00,49,-46,26723,0,46
400,88248,Stefan,Ortega Moreno,2561901,0,False,0,0,0,0,0,0,0,0,0,0,0,0,0,0.0,0.0,0.0,0.0,0,0,0,0,0,0.00,0.00,0.00,0.00,50,0,24396,0,0
400,88248,Stefan,Ortega Moreno,2561912,0,False,0,0,0,0,0,0,0,0,0,0,0,0,0,0.0,0.0,0.0,0.0,0,0,0,0,0,0.00,0.00,0.00,0.00,50,-4142,26147,416,4558
400,88248,Stefan,Ortega Moreno,2561916,0,False,0,0,0,0,0,0,0,0,0,0,0,0,0,0.0,0.0,0.0,0.0,0,0,0,0,0,0.00,0.00,0.00,0.00,49,-2963,25305,416,3379
400,88248,Stefan,Ortega Moreno,2561932,0,False,0,0,0,0,0,0,0,0,0,0,0,0,0,0.0,0.0,0.0,0.0,0,0,0,0,0,0.00,0.00,0.00,0.00,49,-1757,24572,466,2223
400,88248,Stefan,Ortega Moreno,2561936,0,False,0,0,0,0,0,0,0,0,0,0,0,0,0,0.0,0.0,0.0,0.0,0,0,0,0,0,0.00,0.00,0.00,0.00,49,-1291,23634,180,1471
400,88248,Stefan,Ortega Moreno,2561951,0,False,0,0,0,0,0,0,0,0,0,0,0,0,0,0.0,0.0,0.0,0.0,0,0,0,0,0,0.00,0.00,0.00,0.00,49,-1084,22798,106,1190
400,88248,Stefan,Ortega Moreno,2561958,0,False,0,0,0,0,0,0,0,0,0,0,0,0,0,0.0,0.0,0.0,0.0,0,0,0,0,0,0.00,0.00,0.00,0.00,48,-764,22267,104,868
400,88248,Stefan,Ortega Moreno,2561970,0,False,0,0,0,0,0,0,0,0,0,0,0,0,0,0.0,0.0,0.0,0.0,0,0,0,0,0,0.00,0.00,0.00,0.00,48,-747,21831,129,876
400,88248,Stefan,Ortega Moreno,2561977,0,False,0,0,0,0,0,0,0,0,0,0,0,0,0,0.0,0.0,0.0,0.0,0,0,0,0,0,0.00,0.00,0.00,0.00,48,-388,21618,114,502
400,88248,Stefan,Ortega Moreno,2561990,0,False,0,0,0,0,0,0,0,0,0,0,0,0,0,0.0,0.0,0.0,0.0,0,0,0,0,0,0.00,0.00,0.00,0.00,48,-350,21474,120,470
400,88248,Stefan,Ortega Moreno,2562000,0,False,0,0,0,0,0,0,0,0,0,0,0,0,0,0.0,0.0,0.0,0.0,0,0,0,0,0,0.00,0.00,0.00,0.00,48,-295,21360,103,398
400,88248,Stefan,Ortega Moreno,2562013,0,False,0,0,0,0,0,0,0,0,0,0,0,0,0,0.0,0.0,0.0,0.0,0,0,0,0,0,0.00,0.00,0.00,0.00,48,-277,21333,126,403
400,88248,Stefan,Ortega Moreno,2562020,0,False,0,0,0,0,0,0,0,0,0,0,0,0,0,0.0,0.0,0.0,0.0,0,0,0,0,0,0.00,0.00,0.00,0.00,48,-202,21264,88,290
400,88248,Stefan,Ortega Moreno,2562029,0,False,0,0,0,0,0,0,0,0,0,0,0,0,0,0.0,0.0,0.0,0.0,0,0,0,0,0,0.00,0.00,0.00,0.00,48,-148,21222,70,218
400,88248,Stefan,Ortega Moreno,2562041,0,False,0,0,0,0,0,0,0,0,0,0,0,0,0,0.0,0.0,0.0,0.0,0,0,0,0,0,0.00,0.00,0.00,0.00,48,-178,21180,102,280
400,88248,Stefan,Ortega Moreno,2562049,0,False,0,0,0,0,0,0,0,0,0,0,0,0,0,0.0,0.0,0.0,0.0,0,0,0,0,0,0.00,0.00,0.00,0.00,47,-469,20890,107,576
400,88248,Stefan,Ortega Moreno,2562061,0,False,0,0,0,0,0,0,0,0,0,0,0,0,0,0.0,0.0,0.0,0.0,0,0,0,0,0,0.00,0.00,0.00,0.00,47,-234,20833,122,356
400,88248,Stefan,Ortega Moreno,2562072,0,False,0,0,0,0,0,0,0,0,0,0,0,0,0,0.0,0.0,0.0,0.0,0,0,0,0,0,0.00,0.00,0.00,0.00,47,-237,20741,55,292
400,88248,Stefan,Ortega Moreno,2562083,0,False,0,0,0,0,0,0,0,0,0,0,0,0,0,0.0,0.0,0.0,0.0,0,0,0,0,0,0.00,0.00,0.00,0.00,47,-142,20701,40,182
400,88248,Stefan,Ortega Moreno,2562091,0,False,0,0,0,0,0,0,0,0,0,0,0,0,0,0.0,0.0,0.0,0.0,0,0,0,0,0,0.00,0.00,0.00,0.00,47,-104,20682,37,141
400,88248,Stefan,Ortega Moreno,2562102,0,False,0,0,0,0,0,0,0,0,0,0,0,0,0,0.0,0.0,0.0,0.0,0,0,0,0,0,0.00,0.00,0.00,0.00,47,-79,20679,57,136
400,88248,Stefan,Ortega Moreno,2562110,0,False,0,0,0,0,0,0,0,0,0,0,0,0,0,0.0,0.0,0.0,0.0,0,0,0,0,0,0.00,0.00,0.00,0.00,47,-187,20629,90,277
400,88248,Stefan,Ortega Moreno,2562122,0,False,0,0,0,0,0,0,0,0,0,0,0,0,0,0.0,0.0,0.0,0.0,0,0,0,0,0,0.00,0.00,0.00,0.00,47,-161,20558,51,212
400,88248,Stefan,Ortega Moreno,2562133,0,False,0,0,0,0,0,0,0,0,0,0,0,0,0,0.0,0.0,0.0,0.0,0,0,0,0,0,0.00,0.00,0.00,0.00,47,-99,20570,108,207
400,88248,Stefan,Ortega Moreno,2562140,1,False,90,0,0,0,3,0,0,0,0,0,2,0,1,18.6,0.0,0.0,1.9,0,4,0,0,1,0.00,0.01,0.01,2.50,47,1240,22144,1574,334
400,88248,Stefan,Ortega Moreno,2562151,7,False,90,0,0,1,0,0,0,0,0,0,3,0,26,22.6,0.0,0.0,2.3,0,2,0,0,1,0.00,0.00,0.00,0.42,47,2946,26678,3456,510
400,88248,Stefan,Ortega Moreno,2562161,3,False,90,0,0,0,1,0,0,0,0,0,3,0,11,27.4,0.0,0.0,2.7,1,2,0,0,1,0.00,0.00,0.00,1.73,47,-112,25145,1159,1271
400,88248,Stefan,Ortega Moreno,2562167,0,False,0,0,0,0,0,0,0,0,0,0,0,0,0,0.0,0.0,0.0,0.0,0,0,0,0,0,0.00,0.00,0.00,0.00,47,750,26086,1348,598
400,88248,Stefan,Ortega Moreno,2562181,0,False,0,0,0,0,0,0,0,0,0,0,0,0,0,0.0,0.0,0.0,0.0,0,0,0,0,0,0.00,0.00,0.00,0.00,47,-1135,24886,183,1318
400,88248,Stefan,Ortega Moreno,2562192,0,False,0,0,0,0,0,0,0,0,0,0,0,0,0,0.0,0.0,0.0,0.0,0,0,0,0,0,0.00,0.00,0.00,0.00,47,-1226,23721,44,1270
400,88248,Stefan,Ortega Moreno,2562203,0,False,0,0,0,0,0,0,0,0,0,0,0,0,0,0.0,0.0,0.0,0.0,0,0,0,0,0,0.00,0.00,0.00,0.00,47,-217,23746,196,413
400,88248,Stefan,Ortega Moreno,2562212,0,False,0,0,0,0,0,0,0,0,0,0,0,0,0,0.0,0.0,0.0,0.0,0,0,0,0,0,0.00,0.00,0.00,0.00,47,133,23888,438,305
400,88248,Stefan,Ortega Moreno,2562223,0,False,0,0,0,0,0,0,0,0,0,0,0,0,0,0.0,0.0,0.0,0.0,0,0,0,0,0,0.00,0.00,0.00,0.00,47,695,25385,1115,420
400,88248,Stefan,Ortega Moreno,2562232,0,False,0,0,0,0,0,0,0,0,0,0,0,0,0,0.0,0.0,0.0,0.0,0,0,0,0,0,0.00,0.00,0.00,0.00,47,128,25486,637,509
400,88248,Stefan,Ortega Moreno,2562239,0,False,0,0,0,0,0,0,0,0,0,0,0,0,0,0.0,0.0,0.0,0.0,0,0,0,0,0,0.00,0.00,0.00,0.00,47,-204,24709,321,525
400,88248,Stefan,Ortega Moreno,2562251,0,False,0,0,0,0,0,0,0,0,0,0,0,0,0,0.0,0.0,0.0,0.0,0,0,0,0,0,0.00,0.00,0.00,0.00,47,60,24911,528,468
400,88248,Stefan,Ortega Moreno,2562262,0,False,0,0,0,0,0,0,0,0,0,0,0,0,0,0.0,0.0,0.0,0.0,0,0,0,0,0,0.00,0.00,0.00,0.00,47,-70,24871,257,327
400,88248,Stefan,Ortega Moreno,2562271,0,False,0,0,0,0,0,0,0,0,0,0,0,0,0,0.0,0.0,0.0,0.0,0,0,0,0,0,0.00,0.00,0.00,0.00,47,3,24955,361,358
426,432714,James,McAtee,2561901,0,False,0,0,0,0,0,0,0,0,0,0,0,0,0,0.0,0.0,0.0,0.0,0,0,0,0,0,0.00,0.00,0.00,0.00,55,0,15888,0,0
426,432714,James,McAtee,2561909,1,False,18,0,0,0,0,0,0,0,0,0,0,0,4,1.4,11.3,2.0,1.5,0,0,0,0,0,0.00,0.03,0.03,0.00,55,-753,18337,2828,3581
426,432714,James,McAtee,2561921,1,False,32,0,0,0,3,0,0,0,0,0,0,0,7,5.4,12.3,2.0,2.0,0,3,1,4,0,0.00,0.09,0.09,1.95,55,-1046,18556,2049,3095
426,432714,James,McAtee,2561926,1,False,17,0,0,0,1,0,0,0,0,0,0,0,2,2.8,12.1,0.0,1.5,0,0,0,0,0,0.00,0.01,0.01,0.08,54,-2686,16750,1352,4038
426,432714,James,McAtee,2561938,0,False,0,0,0,0,0,0,0,0,0,0,0,0,0,0.0,0.0,0.0,0.0,0,0,0,0,0,0.00,0.00,0.00,0.00,54,-1649,15694,795,2444
426,432714,James,McAtee,2561953,1,False,59,0,0,0,1,0,0,0,0,0,0,0,7,4.4,4.1,2.0,1.1,1,3,1,5,1,0.02,0.04,0.06,0.74,53,-1800,14212,595,2395
426,432714,James,McAtee,2561963,0,False,0,0,0,0,0,0,0,0,0,0,0,0,0,0.0,0.0,0.0,0.0,0,0,0,0,0,0.00,0.00,0.00,0.00,53,-876,13689,542,1418
426,432714,James,McAtee,2561971,0,False,0,0,0,0,0,0,0,0,0,0,0,0,0,0.0,0.0,0.0,0.0,0,0,0,0,0,0.00,0.00,0.00,0.00,52,-1263,12762,461,1724
426,432714,James,McAtee,2561975,0,False,0,0,0,0,0,0,0,0,0,0,0,0,0,0.0,0.0,0.0,0.0,0,0,0,0,0,0.00,0.00,0.00,0.00,52,-608,12330,353,961
426,432714,James,McAtee,2561991,0,False,0,0,0,0,0,0,0,0,0,0,0,0,0,0.0,0.0,0.0,0.0,0,0,0,0,0,0.00,0.00,0.00,0.00,52,-633,11848,270,903
426,432714,James,McAtee,2562001,0,False,0,0,0,0,0,0,0,0,0,0,0,0,0,0.0,0.0,0.0,0.0,0,0,0,0,0,0.00,0.00,0.00,0.00,51,-454,11569,288,742
426,432714,James,McAtee,2562011,0,False,0,0,0,0,0,0,0,0,0,0,0,0,0,0.0,0.0,0.0,0.0,0,0,0,0,0,0.00,0.00,0.00,0.00,51,-326,11416,260,586
426,432714,James,McAtee,2562021,1,False,5,0,0,0,1,0,0,0,0,0,0,0,3,0.2,1.7,2.0,0.4,0,0,0,0,0,0.00,0.00,0.00,0.09,51,-214,11309,178,392
426,432714,James,McAtee,2562034,0,False,0,0,0,0,0,0,0,0,0,0,0,0,0,0.0,0.0,0.0,0.0,0,0,0,0,0,0.00,0.00,0.00,0.00,51,-29,11362,244,273
426,432714,James,McAtee,2562038,0,False,0,0,0,0,0,0,0,0,0,0,0,0,0,0.0,0.0,0.0,0.0,0,0,0,0,0,0.00,0.00,0.00,0.00,51,-169,11252,202,371
426,432714,James,McAtee,2562052,0,False,0,0,0,0,0,0,0,0,0,0,0,0,0,0.0,0.0,0.0,0.0,0,0,0,0,0,0.00,0.00,0.00,0.00,51,-411,10932,181,592
426,432714,James,McAtee,2562059,1,False,17,0,0,0,0,0,0,0,0,0,0,0,3,2.0,0.3,0.0,0.2,0,0,1,1,0,0.00,0.00,0.00,0.31,51,-71,10969,306,377
426,432714,James,McAtee,2562072,0,False,0,0,0,0,0,0,0,0,0,0,0,0,0,0.0,0.0,0.0,0.0,0,0,0,0,0,0.00,0.00,0.00,0.00,51,-86,11006,269,355
426,432714,James,McAtee,2562082,0,False,0,0,0,0,0,0,0,0,0,0,0,0,0,0.0,0.0,0.0,0.0,0,0,0,0,0,0.00,0.00,0.00,0.00,50,-82,11013,200,282
426,432714,James,McAtee,2562086,0,False,21,0,0,0,1,0,0,0,1,0,0,0,-2,0.0,3.1,0.0,0.3,0,0,1,1,0,0.00,0.00,0.00,0.39,50,-27,11048,140,167
426,432714,James,McAtee,2562104,0,False,0,0,0,0,0,0,0,0,0,0,0,0,0,0.0,0.0,0.0,0.0,0,0,0,0,0,0.00,0.00,0.00,0.00,50,-78,11064,141,219
426,432714,James,McAtee,2562111,0,False,0,0,0,0,0,0,0,0,0,0,0,0,0,0.0,0.0,0.0,0.0,0,0,0,0,0,0.00,0.00,0.00,0.00,50,-141,11026,184,325
426,432714,James,McAtee,2562117,0,False,0,0,0,0,0,0,0,0,0,0,0,0,0,0.0,0.0,0.0,0.0,0,0,0,0,0,0.00,0.00,0.00,0.00,50,26,11124,195,169
426,432714,James,McAtee,2562131,0,False,0,0,0,0,0,0,0,0,0,0,0,0,0,0.0,0.0,0.0,0.0,0,0,0,0,0,0.00,0.00,0.00,0.00,50,109,11344,348,239
426,432714,James,McAtee,2562140,0,False,0,0,0,0,0,0,0,0,0,0,0,0,0,0.0,0.0,0.0,0.0,0,0,0,0,0,0.00,0.00,0.00,0.00,50,32,11445,244,212
426,432714,James,McAtee,2562151,0,False,0,0,0,0,0,0,0,0,0,0,0,0,0,0.0,0.0,0.0,0.0,0,0,0,0,0,0.00,0.00,0.00,0.00,50,-18,11491,221,239
426,432714,James,McAtee,2562161,1,False,1,0,0,0,1,0,0,0,0,0,0,0,3,0.0,0.1,2.0,0.2,0,0,0,0,0,0.00,0.00,0.00,0.64,50,-95,11490,130,225
426,432714,James,McAtee,2562167,0,False,0,0,0,0,0,0,0,0,0,0,0,0,0,0.0,0.0,0.0,0.0,0,0,0,0,0,0.00,0.00,0.00,0.00,50,-26,11524,79,105
426,432714,James,McAtee,2562181,0,False,0,0,0,0,0,0,0,0,0,0,0,0,0,0.0,0.0,0.0,0.0,0,0,0,0,0,0.00,0.00,0.00,0.00,50,-92,11487,45,137
426,432714,James,McAtee,2562192,1,False,2,0,0,0,0,0,0,0,0,0,0,0,2,1.4,0.5,2.0,0.4,1,1,0,2,0,0.00,0.01,0.01,0.00,50,-53,11524,105,158
426,432714,James,McAtee,2562203,1,False,1,0,0,0,0,0,0,0,0,0,0,0,3,0.0,0.0,0.0,0.0,0,0,0,0,0,0.00,0.00,0.00,0.00,50,-34,11531,39,73
426,432714,James,McAtee,2562212,0,False,0,0,0,0,0,0,0,0,0,0,0,0,0,0.0,0.0,0.0,0.0,0,0,0,0,0,0.00,0.00,0.00,0.00,50,-30,11587,70,100
426,432714,James,McAtee,2562223,0,False,0,0,0,0,0,0,0,0,0,0,0,0,0,0.0,0.0,0.0,0.0,0,0,0,0,0,0.00,0.00,0.00,0.00,50,-31,11605,48,79
426,432714,James,McAtee,2562232,0,False,0,0,0,0,0,0,0,0,0,0,0,0,0,0.0,0.0,0.0,0.0,0,0,0,0,0,0.00,0.00,0.00,0.00,50,-8,11721,91,99
426,432714,James,McAtee,2562239,2,False,90,0,0,0,1,0,0,0,0,0,0,0,6,12.2,11.8,17.0,4.1,5,5,1,11,1,0.11,0.09,0.20,2.15,50,-30,11658,41,71
426,432714,James,McAtee,2562251,4,False,7,0,1,0,0,0,0,0,0,0,0,0,15,15.0,10.3,6.0,3.1,0,1,0,1,0,0.05,0.02,0.07,0.02,50,77,11791,150,73
426,432714,James,McAtee,2562262,1,False,6,0,0,0,0,0,0,0,0,0,0,0,5,6.6,11.3,2.0,2.0,0,2,2,4,0,0.00,0.08,0.08,0.83,50,49,11872,128,79
426,432714,James,McAtee,2562271,1,False,12,0,0,0,0,0,0,0,0,0,0,0,2,0.2,3.1,2.0,0.5,0,3,0,3,0,0.00,0.00,0.00,0.14,50,-16,11907,98,114
502,85633,Matz,Sels,2561898,2,False,90,0,0,0,1,0,0,0,0,0,2,0,9,14.6,0.0,0.0,1.5,0,7,0,0,1,0.00,0.00,0.00,1.50,50,0,2023172,0,0
502,85633,Matz,Sels,2561909,2,False,90,0,0,0,1,0,0,0,1,0,3,0,11,21.6,0.0,0.0,2.2,0,13,0,0,1,0.00,0.00,0.00,1.10,50,-70930,2048517,52826,123756
502,85633,Matz,Sels,2561921,2,False,90,0,0,0,3,0,0,0,0,0,5,0,9,37.6,0.0,0.0,3.8,1,3,0,0,1,0.00,0.00,0.00,2.42,50,-39003,2115825,101784,140787
502,85633,Matz,Sels,2561926,1,False,90,0,0,0,3,0,0,0,0,0,2,0,2,20.6,0.0,0.0,2.1,2,4,0,0,1,0.00,0.00,0.00,1.84,50,-305019,1746704,27326,332345
502,85633,Matz,Sels,2561938,3,False,90,0,0,0,1,0,0,0,0,0,4,0,14,29.4,0.0,0.0,2.9,2,3,0,0,1,0.00,0.00,0.00,0.85,50,-106717,1691992,37373,144090
502,85633,Matz,Sels,2561953,2,False,90,0,0,0,1,0,0,0,0,0,2,0,10,19.4,0.0,0.0,1.9,1,6,0,0,1,0.00,0.00,0.00,1.19,50,-162373,1528952,25635,188008
502,85633,Matz,Sels,2561963,3,False,90,0,0,0,2,0,0,0,0,0,7,0,20,54.2,0.0,0.0,5.4,0,8,0,0,1,0.00,0.00,0.00,3.28,49,-191134,1336799,5161,196295
502,85633,Matz,Sels,2561971,2,False,90,0,0,0,3,0,0,0,0,0,3,0,2,17.0,0.0,0.0,1.7,2,7,0,0,1,0.00,0.00,0.00,1.67,49,-144564,1201981,7026,151590
502,85633,Matz,Sels,2561975,2,False,90,0,0,0,2,0,0,0,0,0,3,0,3,15.2,0.0,0.0,1.5,1,3,0,0,1,0.00,0.01,0.01,0.59,48,-80135,1125439,3925,84060
502,85633,Matz,Sels,2561991,2,False,90,0,0,0,2,0,0,0,0,0,4,0,11,25.8,0.0,0.0,2.6,1,11,0,0,1,0.00,0.03,0.03,1.12,48,-90743,1031878,3189,93932
502,85633,Matz,Sels,2562001,2,False,90,0,0,0,1,0,0,0,0,0,2,0,10,14.2,0.0,0.0,1.4,0,7,0,0,1,0.00,0.00,0.00,0.69,48,-25408,1022715,12321,37729
502,85633,Matz,Sels,2562011,7,False,90,0,0,1,0,0,0,0,0,0,3,0,30,24.6,10.0,0.0,3.5,2,8,0,0,1,0.00,0.02,0.02,1.93,47,-61865,946920,1738,63603
502,85633,Matz,Sels,2562021,2,False,90,0,0,0,2,0,0,0,0,0,3,0,10,26.8,0.0,0.0,2.7,0,7,1,0,1,0.00,0.00,0.00,1.53,47,-4543,945731,10703,15246
502,85633,Matz,Sels,2562034,6,False,90,0,0,1,0,0,0,0,0,0,1,0,24,10.4,0.0,0.0,1.0,1,9,0,0,1,0.00,0.00,0.00,0.91,47,20732,987237,33081,12349
502,85633,Matz,Sels,2562038,2,False,90,0,0,0,3,0,0,0,0,0,3,0,3,22.4,0.0,0.0,2.2,1,5,0,0,1,0.00,0.00,0.00,1.12,47,-1040,971430,19219,20259
502,85633,Matz,Sels,2562052,0,False,0,0,0,0,0,0,0,0,0,0,0,0,0,0.0,0.0,0.0,0.0,0,0,0,0,0,0.00,0.00,0.00,0.00,47,-112365,852551,5432,117797
502,85633,Matz,Sels,2562059,0,False,0,0,0,0,0,0,0,0,0,0,0,0,0,0.0,0.0,0.0,0.0,0,0,0,0,0,0.00,0.00,0.00,0.00,47,-64230,792198,1167,65397
502,85633,Matz,Sels,2562072,0,False,0,0,0,0,0,0,0,0,0,0,0,0,0,0.0,0.0,0.0,0.0,0,0,0,0,0,0.00,0.00,0.00,0.00,46,-34765,755656,1883,36648
502,85633,Matz,Sels,2562082,0,False,0,0,0,0,0,0,0,0,0,0,0,0,0,0.0,0.0,0.0,0.0,0,0,0,0,0,0.00,0.00,0.00,0.00,46,-16381,756426,5075,21456
502,85633,Matz,Sels,2562086,1,False,12,0,0,0,0,0,0,0,0,0,0,0,5,1.0,0.0,0.0,0.1,0,3,0,0,0,0.00,0.00,0.00,0.00,46,-18162,731702,1759,19921
502,85633,Matz,Sels,2562104,3,False,90,0,0,0,1,0,0,0,0,0,3,0,14,25.0,0.0,0.0,2.5,2,9,0,0,1,0.00,0.00,0.00,0.95,46,-10095,723236,4207,14302
502,85633,Matz,Sels,2562111,10,False,90,0,0,1,0,0,0,0,0,0,3,3,29,27.2,0.0,0.0,2.7,3,5,0,0,1,0.00,0.00,0.00,2.10,46,-16722,706256,2212,18934
502,85633,Matz,Sels,2562117,6,False,90,0,0,1,0,0,0,0,0,0,1,0,24,9.2,0.0,0.0,0.9,2,6,0,0,1,0.00,0.00,0.00,1.81,46,-601,706977,5237,5838
502,85633,Matz,Sels,2562131,1,False,45,0,0,0,1,0,0,0,0,0,1,0,1,4.8,0.0,0.0,0.5,0,2,0,0,1,0.00,0.00,0.00,1.69,46,20096,730213,32064,11968
502,85633,Matz,Sels,2562140,0,False,0,0,0,0,0,0,0,0,0,0,0,0,0,0.0,0.0,0.0,0.0,0,0,0,0,0,0.00,0.00,0.00,0.00,46,-16072,711012,5507,21579
502,85633,Matz,Sels,2562151,0,False,0,0,0,0,0,0,0,0,0,0,0,0,0,0.0,0.0,0.0,0.0,0,0,0,0,0,0.00,0.00,0.00,0.00,46,-36749,671935,622,37371
502,85633,Matz,Sels,2562161,0,False,0,0,0,0,0,0,0,0,0,0,0,0,0,0.0,0.0,0.0,0.0,0,0,0,0,0,0.00,0.00,0.00,0.00,46,-37287,637757,63,37350
502,85633,Matz,Sels,2562167,2,False,90,0,0,0,2,0,0,0,0,0,5,0,16,31.8,0.0,0.0,3.2,0,9,0,0,1,0.00,0.00,0.00,1.31,46,-17512,620741,62,17574
502,85633,Matz,Sels,2562181,1,False,90,0,0,0,2,0,0,0,1,0,3,0,5,20.2,0.0,0.0,2.0,0,9,0,0,1,0.00,0.00,0.00,2.12,46,-6384,614870,761,7145
502,85633,Matz,Sels,2562192,6,False,90,0,0,1,0,0,0,0,0,0,1,0,24,10.2,0.0,0.0,1.0,0,8,0,0,1,0.00,0.00,0.00,1.03,46,1846,617655,5378,3532
502,85633,Matz,Sels,2562203,7,False,90,0,0,1,0,0,0,0,0,0,3,0,26,18.0,0.0,0.0,1.8,1,4,0,0,1,0.00,0.00,0.00,1.14,46,1915,624573,4442,2527
502,85633,Matz,Sels,2562212,3,False,90,0,0,0,1,0,0,0,0,0,5,0,16,35.6,0.0,0.0,3.6,0,5,0,0,1,0.00,0.00,0.00,1.02,46,5851,626569,11527,5676
502,85633,Matz,Sels,2562223,2,False,90,0,0,0,1,0,0,0,0,0,2,0,9,13.8,0.0,0.0,1.4,0,6,0,0,1,0.00,0.00,0.00,0.36,46,9578,644129,14349,4771
502,85633,Matz,Sels,2562232,7,False,90,0,0,1,0,0,0,0,0,0,4,0,31,25.4,0.0,0.0,2.5,0,6,0,0,1,0.00,0.00,0.00,0.70,46,8697,668166,13909,5212
502,85633,Matz,Sels,2562239,8,False,90,0,0,0,1,0,1,0,0,0,4,0,24,52.6,0.0,0.0,5.3,2,6,0,0,1,0.00,0.00,0.00,2.15,46,-2456,642461,4526,6982
502,85633,Matz,Sels,2562251,3,False,90,0,0,0,1,0,0,0,0,0,5,0,19,38.6,0.0,0.0,3.9,0,9,0,0,1,0.00,0.00,0.00,1.48,46,7890,652060,12437,4547
502,85633,Matz,Sels,2562262,2,False,90,0,0,0,3,0,0,0,0,0,5,0,9,38.4,0.0,0.0,3.8,1,5,0,0,1,0.00,0.00,0.00,4.57,46,415,651361,5955,5540
502,85633,Matz,Sels,2562271,3,False,90,0,0,0,1,0,0,0,0,0,3,0,11,24.4,0.0,0.0,2.4,1,4,0,0,1,0.00,0.00,0.00,0.95,46,9465,663169,15598,6133
503,475123,Carlos Miguel,dos Santos Pereira,2561898,0,False,0,0,0,0,0,0,0,0,0,0,0,0,0,0.0,0.0,0.0,0.0,0,0,0,0,0,0.00,0.00,0.00,0.00,40,0,20956,0,0
503,475123,Carlos Miguel,dos Santos Pereira,2561909,0,False,0,0,0,0,0,0,0,0,0,0,0,0,0,0.0,0.0,0.0,0.0,0,0,0,0,0,0.00,0.00,0.00,0.00,40,-2152,20899,448,2600
503,475123,Carlos Miguel,dos Santos Pereira,2561921,0,False,0,0,0,0,0,0,0,0,0,0,0,0,0,0.0,0.0,0.0,0.0,0,0,0,0,0,0.00,0.00,0.00,0.00,40,-3718,16912,0,3718
503,475123,Carlos Miguel,dos Santos Pereira,2561926,0,False,0,0,0,0,0,0,0,0,0,0,0,0,0,0.0,0.0,0.0,0.0,0,0,0,0,0,0.00,0.00,0.00,0.00,40,-2280,14963,0,2280
503,475123,Carlos Miguel,dos Santos Pereira,2561938,0,False,0,0,0,0,0,0,0,0,0,0,0,0,0,0.0,0.0,0.0,0.0,0,0,0,0,0,0.00,0.00,0.00,0.00,40,-1186,13838,0,1186
503,475123,Carlos Miguel,dos Santos Pereira,2561953,0,False,0,0,0,0,0,0,0,0,0,0,0,0,0,0.0,0.0,0.0,0.0,0,0,0,0,0,0.00,0.00,0.00,0.00,40,-1058,12796,0,1058
503,475123,Carlos Miguel,dos Santos Pereira,2561963,0,False,0,0,0,0,0,0,0,0,0,0,0,0,0,0.0,0.0,0.0,0.0,0,0,0,0,0,0.00,0.00,0.00,0.00,40,-738,12077,0,738
503,475123,Carlos Miguel,dos Santos Pereira,2561971,0,False,0,0,0,0,0,0,0,0,0,0,0,0,0,0.0,0.0,0.0,0.0,0,0,0,0,0,0.00,0.00,0.00,0.00,40,-703,11397,0,703
503,475123,Carlos Miguel,dos Santos Pereira,2561975,0,False,0,0,0,0,0,0,0,0,0,0,0,0,0,0.0,0.0,0.0,0.0,0,0,0,0,0,0.00,0.00,0.00,0.00,40,-406,10999,0,406
503,475123,Carlos Miguel,dos Santos Pereira,2561991,0,False,0,0,0,0,0,0,0,0,0,0,0,0,0,0.0,0.0,0.0,0.0,0,0,0,0,0,0.00,0.00,0.00,0.00,40,-382,10616,0,382
503,475123,Carlos Miguel,dos Santos Pereira,2562001,0,False,0,0,0,0,0,0,0,0,0,0,0,0,0,0.0,0.0,0.0,0.0,0,0,0,0,0,0.00,0.00,0.00,0.00,40,-281,10342,0,281
503,475123,Carlos Miguel,dos Santos Pereira,2562011,0,False,0,0,0,0,0,0,0,0,0,0,0,0,0,0.0,0.0,0.0,0.0,0,0,0,0,0,0.00,0.00,0.00,0.00,40,-278,10057,0,278
503,475123,Carlos Miguel,dos Santos Pereira,2562021,0,False,0,0,0,0,0,0,0,0,0,0,0,0,0,0.0,0.0,0.0,0.0,0,0,0,0,0,0.00,0.00,0.00,0.00,40,-189,9854,0,189
503,475123,Carlos Miguel,dos Santos Pereira,2562034,0,False,0,0,0,0,0,0,0,0,0,0,0,0,0,0.0,0.0,0.0,0.0,0,0,0,0,0,0.00,0.00,0.00,0.00,40,-146,9738,0,146
503,475123,Carlos Miguel,dos Santos Pereira,2562038,0,False,0,0,0,0,0,0,0,0,0,0,0,0,0,0.0,0.0,0.0,0.0,0,0,0,0,0,0.00,0.00,0.00,0.00,40,-176,9559,0,176
503,475123,Carlos Miguel,dos Santos Pereira,2562052,0,False,0,0,0,0,0,0,0,0,0,0,0,0,0,0.0,0.0,0.0,0.0,0,0,0,0,0,0.00,0.00,0.00,0.00,40,-402,9156,0,402
503,475123,Carlos Miguel,dos Santos Pereira,2562059,0,False,0,0,0,0,0,0,0,0,0,0,0,0,0,0.0,0.0,0.0,0.0,0,0,0,0,0,0.00,0.00,0.00,0.00,40,-218,8936,0,218
503,475123,Carlos Miguel,dos Santos Pereira,2562072,0,False,0,0,0,0,0,0,0,0,0,0,0,0,0,0.0,0.0,0.0,0.0,0,0,0,0,0,0.00,0.00,0.00,0.00,40,-161,8767,0,161
503,475123,Carlos Miguel,dos Santos Pereira,2562082,0,False,0,0,0,0,0,0,0,0,0,0,0,0,0,0.0,0.0,0.0,0.0,0,0,0,0,0,0.00,0.00,0.00,0.00,40,-148,8635,0,148
503,475123,Carlos Miguel,dos Santos Pereira,2562086,0,False,0,0,0,0,0,0,0,0,0,0,0,0,0,0.0,0.0,0.0,0.0,0,0,0,0,0,0.00,0.00,0.00,0.00,40,-61,8586,0,61
503,475123,Carlos Miguel,dos Santos Pereira,2562104,0,False,0,0,0,0,0,0,0,0,0,0,0,0,0,0.0,0.0,0.0,0.0,0,0,0,0,0,0.00,0.00,0.00,0.00,40,-77,8511,0,77
503,475123,Carlos Miguel,dos Santos Pereira,2562111,0,False,0,0,0,0,0,0,0,0,0,0,0,0,0,0.0,0.0,0.0,0.0,0,0,0,0,0,0.00,0.00,0.00,0.00,40,-94,8418,0,94
503,475123,Carlos Miguel,dos Santos Pereira,2562117,0,False,0,0,0,0,0,0,0,0,0,0,0,0,0,0.0,0.0,0.0,0.0,0,0,0,0,0,0.00,0.00,0.00,0.00,40,-54,8367,0,54
503,475123,Carlos Miguel,dos Santos Pereira,2562131,0,False,0,0,0,0,0,0,0,0,0,0,0,0,0,0.0,0.0,0.0,0.0,0,0,0,0,0,0.00,0.00,0.00,0.00,40,-68,8299,0,68
503,475123,Carlos Miguel,dos Santos Pereira,2562140,0,False,0,0,0,0,0,0,0,0,0,0,0,0,0,0.0,0.0,0.0,0.0,0,0,0,0,0,0.00,0.00,0.00,0.00,40,-51,8244,0,51
503,475123,Carlos Miguel,dos Santos Pereira,2562151,0,False,0,0,0,0,0,0,0,0,0,0,0,0,0,0.0,0.0,0.0,0.0,0,0,0,0,0,0.00,0.00,0.00,0.00,40,-58,8186,0,58
503,475123,Carlos Miguel,dos Santos Pereira,2562161,0,False,0,0,0,0,0,0,0,0,0,0,0,0,0,0.0,0.0,0.0,0.0,0,0,0,0,0,0.00,0.00,0.00,0.00,40,-47,8140,0,47
503,475123,Carlos Miguel,dos Santos Pereira,2562167,0,False,0,0,0,0,0,0,0,0,0,0,0,0,0,0.0,0.0,0.0,0.0,0,0,0,0,0,0.00,0.00,0.00,0.00,40,-26,8116,0,26
503,475123,Carlos Miguel,dos Santos Pereira,2562181,0,False,0,0,0,0,0,0,0,0,0,0,0,0,0,0.0,0.0,0.0,0.0,0,0,0,0,0,0.00,0.00,0.00,0.00,40,-23,8091,0,23
503,475123,Carlos Miguel,dos Santos Pereira,2562192,0,False,0,0,0,0,0,0,0,0,0,0,0,0,0,0.0,0.0,0.0,0.0,0,0,0,0,0,0.00,0.00,0.00,0.00,40,-48,8044,0,48
503,475123,Carlos Miguel,dos Santos Pereira,2562203,0,False,0,0,0,0,0,0,0,0,0,0,0,0,0,0.0,0.0,0.0,0.0,0,0,0,0,0,0.00,0.00,0.00,0.00,40,-38,7989,0,38
503,475123,Carlos Miguel,dos Santos Pereira,2562212,0,False,0,0,0,0,0,0,0,0,0,0,0,0,0,0.0,0.0,0.0,0.0,0,0,0,0,0,0.00,0.00,0.00,0.00,40,-39,7969,0,39
503,475123,Carlos Miguel,dos Santos Pereira,2562223,0,False,0,0,0,0,0,0,0,0,0,0,0,0,0,0.0,0.0,0.0,0.0,0,0,0,0,0,0.00,0.00,0.00,0.00,40,-37,7926,0,37
503,475123,Carlos Miguel,dos Santos Pereira,2562232,0,False,0,0,0,0,0,0,0,0,0,0,0,0,0,0.0,0.0,0.0,0.0,0,0,0,0,0,0.00,0.00,0.00,0.00,40,-23,7904,0,23
503,475123,Carlos Miguel,dos Santos Pereira,2562239,0,False,0,0,0,0,0,0,0,0,0,0,0,0,0,0.0,0.0,0.0,0.0,0,0,0,0,0,0.00,0.00,0.00,0.00,40,-24,7888,0,24
503,475123,Carlos Miguel,dos Santos Pereira,2562251,0,False,0,0,0,0,0,0,0,0,0,0,0,0,0,0.0,0.0,0.0,0.0,0,0,0,0,0,0.00,0.00,0.00,0.00,40,-29,7858,0,29
503,475123,Carlos Miguel,dos Santos Pereira,2562262,0,False,0,0,0,0,0,0,0,0,0,0,0,0,0,0.0,0.0,0.0,0.0,0,0,0,0,0,0.00,0.00,0.00,0.00,40,-34,7823,0,34
503,475123,Carlos Miguel,dos Santos Pereira,2562271,0,False,0,0,0,0,0,0,0,0,0,0,0,0,0,0.0,0.0,0.0,0.0,0,0,0,0,0,0.00,0.00,0.00,0.00,40,-28,7794,0,28
504,224068,Matt,Turner,2561898,0,False,0,0,0,0,0,0,0,0,0,0,0,0,0,0.0,0.0,0.0,0.0,0,0,0,0,0,0.00,0.00,0.00,0.00,40,0,25695,0,0
504,224068,Matt,Turner,2561909,0,False,0,0,0,0,0,0,0,0,0,0,0,0,0,0.0,0.0,0.0,0.0,0,0,0,0,0,0.00,0.00,0.00,0.00,40,-4587,20927,0,4587
504,224068,Matt,Turner,2561921,0,False,0,0,0,0,0,0,0,0,0,0,0,0,0,0.0,0.0,0.0,0.0,0,0,0,0,0,0.00,0.00,0.00,0.00,40,-2709,18096,0,2709
504,224068,Matt,Turner,2561926,0,False,0,0,0,0,0,0,0,0,0,0,0,0,0,0.0,0.0,0.0,0.0,0,0,0,0,0,0.00,0.00,0.00,0.00,40,-1673,16698,0,1673
504,224068,Matt,Turner,2561938,0,False,0,0,0,0,0,0,0,0,0,0,0,0,0,0.0,0.0,0.0,0.0,0,0,0,0,0,0.00,0.00,0.00,0.00,40,-971,15790,0,971
504,224068,Matt,Turner,2561953,0,False,0,0,0,0,0,0,0,0,0,0,0,0,0,0.0,0.0,0.0,0.0,0,0,0,0,0,0.00,0.00,0.00,0.00,40,-905,14883,0,905
504,224068,Matt,Turner,2561963,0,False,0,0,0,0,0,0,0,0,0,0,0,0,0,0.0,0.0,0.0,0.0,0,0,0,0,0,0.00,0.00,0.00,0.00,40,-716,14208,0,716
504,224068,Matt,Turner,2561971,0,False,0,0,0,0,0,0,0,0,0,0,0,0,0,0.0,0.0,0.0,0.0,0,0,0,0,0,0.00,0.00,0.00,0.00,40,-685,13526,0,685
504,224068,Matt,Turner,2561975,0,False,0,0,0,0,0,0,0,0,0,0,0,0,0,0.0,0.0,0.0,0.0,0,0,0,0,0,0.00,0.00,0.00,0.00,40,-413,13132,0,413
504,224068,Matt,Turner,2561991,0,False,0,0,0,0,0,0,0,0,0,0,0,0,0,0.0,0.0,0.0,0.0,0,0,0,0,0,0.00,0.00,0.00,0.00,40,-330,12802,0,330
504,224068,Matt,Turner,2562001,0,False,0,0,0,0,0,0,0,0,0,0,0,0,0,0.0,0.0,0.0,0.0,0,0,0,0,0,0.00,0.00,0.00,0.00,40,-259,12544,0,259
504,224068,Matt,Turner,2562011,0,False,0,0,0,0,0,0,0,0,0,0,0,0,0,0.0,0.0,0.0,0.0,0,0,0,0,0,0.00,0.00,0.00,0.00,40,-221,12319,0,221
504,224068,Matt,Turner,2562021,0,False,0,0,0,0,0,0,0,0,0,0,0,0,0,0.0,0.0,0.0,0.0,0,0,0,0,0,0.00,0.00,0.00,0.00,40,-178,12145,0,178
504,224068,Matt,Turner,2562034,0,False,0,0,0,0,0,0,0,0,0,0,0,0,0,0.0,0.0,0.0,0.0,0,0,0,0,0,0.00,0.00,0.00,0.00,40,-134,12025,0,134
504,224068,Matt,Turner,2562038,0,False,0,0,0,0,0,0,0,0,0,0,0,0,0,0.0,0.0,0.0,0.0,0,0,0,0,0,0.00,0.00,0.00,0.00,40,-183,11845,0,183
504,224068,Matt,Turner,2562052,0,False,0,0,0,0,0,0,0,0,0,0,0,0,0,0.0,0.0,0.0,0.0,0,0,0,0,0,0.00,0.00,0.00,0.00,40,-428,11415,0,428
504,224068,Matt,Turner,2562059,0,False,0,0,0,0,0,0,0,0,0,0,0,0,0,0.0,0.0,0.0,0.0,0,0,0,0,0,0.00,0.00,0.00,0.00,40,-233,11179,0,233
504,224068,Matt,Turner,2562072,0,False,0,0,0,0,0,0,0,0,0,0,0,0,0,0.0,0.0,0.0,0.0,0,0,0,0,0,0.00,0.00,0.00,0.00,40,-207,10951,0,207
504,224068,Matt,Turner,2562082,0,False,0,0,0,0,0,0,0,0,0,0,0,0,0,0.0,0.0,0.0,0.0,0,0,0,0,0,0.00,0.00,0.00,0.00,40,-145,10818,0,145
504,224068,Matt,Turner,2562086,0,False,0,0,0,0,0,0,0,0,0,0,0,0,0,0.0,0.0,0.0,0.0,0,0,0,0,0,0.00,0.00,0.00,0.00,40,-81,10765,0,81
504,224068,Matt,Turner,2562104,0,False,0,0,0,0,0,0,0,0,0,0,0,0,0,0.0,0.0,0.0,0.0,0,0,0,0,0,0.00,0.00,0.00,0.00,40,-94,10667,0,94
504,224068,Matt,Turner,2562111,0,False,0,0,0,0,0,0,0,0,0,0,0,0,0,0.0,0.0,0.0,0.0,0,0,0,0,0,0.00,0.00,0.00,0.00,40,-139,10532,0,139
504,224068,Matt,Turner,2562117,0,False,0,0,0,0,0,0,0,0,0,0,0,0,0,0.0,0.0,0.0,0.0,0,0,0,0,0,0.00,0.00,0.00,0.00,40,-85,10444,0,85
504,224068,Matt,Turner,2562131,0,False,0,0,0,0,0,0,0,0,0,0,0,0,0,0.0,0.0,0.0,0.0,0,0,0,0,0,0.00,0.00,0.00,0.00,40,-68,10375,0,68
504,224068,Matt,Turner,2562140,0,False,0,0,0,0,0,0,0,0,0,0,0,0,0,0.0,0.0,0.0,0.0,0,0,0,0,0,0.00,0.00,0.00,0.00,40,-69,10306,0,69
504,224068,Matt,Turner,2562151,0,False,0,0,0,0,0,0,0,0,0,0,0,0,0,0.0,0.0,0.0,0.0,0,0,0,0,0,0.00,0.00,0.00,0.00,40,-55,10248,0,55
504,224068,Matt,Turner,2562161,0,False,0,0,0,0,0,0,0,0,0,0,0,0,0,0.0,0.0,0.0,0.0,0,0,0,0,0,0.00,0.00,0.00,0.00,40,-64,10191,0,64
504,224068,Matt,Turner,2562167,0,False,0,0,0,0,0,0,0,0,0,0,0,0,0,0.0,0.0,0.0,0.0,0,0,0,0,0,0.00,0.00,0.00,0.00,40,-25,10168,0,25
504,224068,Matt,Turner,2562181,0,False,0,0,0,0,0,0,0,0,0,0,0,0,0,0.0,0.0,0.0,0.0,0,0,0,0,0,0.00,0.00,0.00,0.00,40,-30,10136,0,30
504,224068,Matt,Turner,2562192,0,False,0,0,0,0,0,0,0,0,0,0,0,0,0,0.0,0.0,0.0,0.0,0,0,0,0,0,0.00,0.00,0.00,0.00,40,-59,10075,0,59
504,224068,Matt,Turner,2562203,0,False,0,0,0,0,0,0,0,0,0,0,0,0,0,0.0,0.0,0.0,0.0,0,0,0,0,0,0.00,0.00,0.00,0.00,40,-58,9986,0,58
504,224068,Matt,Turner,2562212,0,False,0,0,0,0,0,0,0,0,0,0,0,0,0,0.0,0.0,0.0,0.0,0,0,0,0,0,0.00,0.00,0.00,0.00,40,-39,9983,0,39
504,224068,Matt,Turner,2562223,0,False,0,0,0,0,0,0,0,0,0,0,0,0,0,0.0,0.0,0.0,0.0,0,0,0,0,0,0.00,0.00,0.00,0.00,40,-45,9932,0,45
504,224068,Matt,Turner,2562232,0,False,0,0,0,0,0,0,0,0,0,0,0,0,0,0.0,0.0,0.0,0.0,0,0,0,0,0,0.00,0.00,0.00,0.00,40,-29,9900,0,29
504,224068,Matt,Turner,2562239,0,False,0,0,0,0,0,0,0,0,0,0,0,0,0,0.0,0.0,0.0,0.0,0,0,0,0,0,0.00,0.00,0.00,0.00,40,-26,9883,0,26
504,224068,Matt,Turner,2562251,0,False,0,0,0,0,0,0,0,0,0,0,0,0,0,0.0,0.0,0.0,0.0,0,0,0,0,0,0.00,0.00,0.00,0.00,40,-35,9845,0,35
504,224068,Matt,Turner,2562262,0,False,0,0,0,0,0,0,0,0,0,0,0,0,0,0.0,0.0,0.0,0.0,0,0,0,0,0,0.00,0.00,0.00,0.00,40,-27,9821,0,27
504,224068,Matt,Turner,2562271,0,False,0,0,0,0,0,0,0,0,0,0,0,0,0,0.0,0.0,0.0,0.0,0,0,0,0,0,0.00,0.00,0.00,0.00,40,-40,9782,0,40
505,227444,Nikola,Milenković,2561898,2,False,90,0,0,0,1,0,0,0,0,0,0,0,5,17.2,0.5,0.0,1.8,7,2,1,8,1,0.00,0.00,0.00,1.50,55,0,1001005,0,0
505,227444,Nikola,Milenković,2561909,2,False,90,0,0,0,1,0,0,0,0,0,0,0,14,15.8,0.8,2.0,1.9,6,2,1,7,1,0.00,0.02,0.02,1.10,55,-33679,1019725,35352,69031
505,227444,Nikola,Milenković,2561921,1,False,90,0,0,0,3,0,0,0,0,0,0,0,-1,10.8,2.1,6.0,1.9,4,3,0,4,1,0.05,0.01,0.06,2.42,55,-1146,1107988,76353,77499
505,227444,Nikola,Milenković,2561926,1,False,90,0,0,0,3,0,0,0,0,0,0,0,0,10.8,1.6,2.0,1.4,5,3,0,5,1,0.00,0.02,0.02,1.84,55,-148798,890249,15892,164690
505,227444,Nikola,Milenković,2561938,2,False,90,0,0,0,1,0,0,0,0,0,0,0,16,18.4,13.3,0.0,3.2,8,2,0,8,1,0.00,0.11,0.11,0.85,55,-33963,886578,48283,82246
505,227444,Nikola,Milenković,2561953,1,False,90,0,0,0,1,0,0,0,1,0,0,0,8,22.2,3.3,4.0,3.0,6,4,0,6,1,0.02,0.02,0.04,1.19,54,-101569,780749,12101,113670
505,227444,Nikola,Milenković,2561963,3,False,90,0,0,0,2,0,0,0,0,0,0,0,9,15.2,0.4,0.0,1.6,10,4,0,10,1,0.00,0.00,0.00,3.28,54,-112825,667209,3607,116432
505,227444,Nikola,Milenković,2561971,1,False,90,0,0,0,3,0,0,0,0,0,0,0,2,8.0,1.8,27.0,3.7,2,3,0,2,1,0.31,0.02,0.33,1.67,53,-80703,591651,4091,84794
505,227444,Nikola,Milenković,2561975,1,False,90,0,0,0,2,0,0,0,0,0,0,0,4,9.6,0.7,0.0,1.0,4,3,0,4,1,0.00,0.00,0.00,0.59,53,-47751,546266,3611,51362
505,227444,Nikola,Milenković,2561991,1,False,90,0,0,0,2,0,0,0,0,0,0,0,5,22.6,1.5,13.0,3.7,8,3,0,8,1,0.18,0.01,0.19,1.12,52,-46492,499764,2333,48825
505,227444,Nikola,Milenković,2562001,4,False,90,0,0,0,1,0,0,0,0,0,0,0,16,32.0,0.4,0.0,3.2,13,3,2,15,1,0.00,0.01,0.01,0.69,52,-23807,479825,4007,27814
505,227444,Nikola,Milenković,2562011,8,False,90,0,0,1,0,0,0,0,0,0,0,0,24,28.6,0.1,0.0,2.9,13,2,0,13,1,0.00,0.00,0.00,1.93,52,-23735,453730,2031,25766
505,227444,Nikola,Milenković,2562021,1,False,90,0,0,0,2,0,0,0,0,0,0,0,3,11.6,0.8,5.0,1.7,5,5,0,5,1,0.03,0.01,0.04,1.53,52,12441,487083,18882,6441
505,227444,Nikola,Milenković,2562034,6,False,90,0,0,1,0,0,0,0,1,0,0,1,25,18.6,1.2,2.0,2.2,8,4,1,9,1,0.00,0.01,0.01,0.91,52,11539,485635,19387,7848
505,227444,Nikola,Milenković,2562038,0,False,90,0,0,0,3,1,0,0,1,0,0,0,-4,17.8,0.7,8.0,2.7,11,4,0,11,1,0.03,0.00,0.03,1.12,52,-4854,476515,8613,13467
505,227444,Nikola,Milenković,2562052,8,False,90,0,0,1,0,0,0,0,0,0,0,0,25,24.6,0.7,4.0,2.9,11,2,1,12,1,0.07,0.01,0.08,0.33,51,-40236,435298,5232,45468
505,227444,Nikola,Milenković,2562059,1,False,90,0,0,0,1,0,0,0,1,0,0,0,8,12.6,1.2,0.0,1.4,4,7,1,5,1,0.00,0.02,0.02,1.50,51,608,438683,9953,9345
505,227444,Nikola,Milenković,2562072,3,False,90,0,0,0,2,0,0,0,0,0,0,0,6,24.8,1.4,7.0,3.3,11,0,1,12,1,0.03,0.00,0.03,1.45,51,-14031,420618,3189,17220
505,227444,Nikola,Milenković,2562082,1,False,90,0,0,0,2,0,0,0,0,0,0,0,13,36.8,2.7,2.0,4.2,5,4,3,8,1,0.00,0.14,0.14,1.26,51,5428,440037,13213,7785
505,227444,Nikola,Milenković,2562086,3,False,90,0,0,0,3,0,0,0,0,0,0,0,-2,16.8,0.0,0.0,1.7,8,3,2,10,1,0.00,0.00,0.00,1.59,51,-10353,420477,2684,13037
505,227444,Nikola,Milenković,2562104,2,False,90,0,0,0,1,0,0,0,0,0,0,0,6,13.0,0.5,6.0,2.0,6,1,1,7,1,0.00,0.00,0.00,0.95,51,-4238,418327,4926,9164
505,227444,Nikola,Milenković,2562111,6,False,90,0,0,1,0,0,0,0,0,0,0,0,24,19.2,0.3,0.0,2.0,8,3,1,9,1,0.00,0.00,0.00,2.10,51,-13454,403417,1615,15069
505,227444,Nikola,Milenković,2562117,8,False,90,0,0,1,0,0,0,0,0,0,0,0,24,17.2,0.0,0.0,1.7,10,2,1,11,1,0.00,0.00,0.00,1.81,51,-1989,402337,3038,5027
505,227444,Nikola,Milenković,2562131,3,False,90,0,0,0,1,0,0,0,1,0,0,0,7,22.0,0.1,0.0,2.2,11,3,2,13,1,0.00,0.00,0.00,1.90,51,9235,413273,14727,5492
505,227444,Nikola,Milenković,2562140,1,False,90,0,0,0,3,0,0,0,0,0,0,0,-3,13.0,0.3,4.0,1.7,7,2,0,7,1,0.00,0.00,0.00,2.50,51,6122,420368,12186,6064
505,227444,Nikola,Milenković,2562151,6,False,90,0,0,1,0,0,0,0,0,0,0,0,24,12.4,1.3,1.0,1.5,6,3,0,6,1,0.01,0.00,0.01,0.42,51,2194,423872,11927,9733
505,227444,Nikola,Milenković,2562161,4,False,90,0,0,0,1,0,0,0,0,0,0,0,5,19.8,0.5,5.0,2.5,11,0,0,11,1,0.08,0.00,0.08,1.73,51,-5051,417063,6082,11133
505,227444,Nikola,Milenković,2562167,1,False,90,0,0,0,2,0,0,0,0,0,0,0,7,10.2,0.3,2.0,1.3,2,3,2,4,1,0.00,0.03,0.03,1.31,51,-1223,416364,3907,5130
505,227444,Nikola,Milenković,2562181,0,False,90,0,0,0,2,0,0,0,1,0,0,0,2,12.2,0.1,4.0,1.6,4,1,0,4,1,0.00,0.00,0.00,2.12,51,-7363,408557,1183,8546
505,227444,Nikola,Milenković,2562192,6,False,90,0,0,1,0,0,0,0,0,0,0,0,24,10.8,1.7,4.0,1.7,4,1,0,4,1,0.00,0.00,0.00,1.03,51,-3730,405749,3310,7040
505,227444,Nikola,Milenković,2562203,9,False,90,0,0,1,0,0,0,0,0,0,0,1,32,35.0,0.4,0.0,3.5,14,4,1,15,1,0.00,0.02,0.02,1.14,51,5844,428915,8303,2459
505,227444,Nikola,Milenković,2562212,2,False,90,0,0,0,1,0,0,0,0,0,0,0,10,12.6,0.7,0.0,1.3,2,2,3,5,1,0.00,0.00,0.00,1.02,51,5534,418075,10054,4520
505,227444,Nikola,Milenković,2562223,5,False,90,0,1,0,1,0,0,0,0,0,0,0,15,7.4,0.4,0.0,0.8,7,4,0,7,1,0.00,0.00,0.00,0.36,51,6205,427524,11719,5514
505,227444,Nikola,Milenković,2562232,8,False,90,0,0,1,0,0,0,0,0,0,0,0,28,31.2,0.2,0.0,3.1,17,2,3,20,1,0.00,0.00,0.00,0.70,51,15883,456869,20013,4130
505,227444,Nikola,Milenković,2562239,1,False,45,0,0,0,1,0,0,0,0,0,0,0,0,6.8,0.1,0.0,0.7,3,0,0,3,0,0.00,0.00,0.00,1.02,51,-1109,439014,5477,6586
505,227444,Nikola,Milenković,2562251,2,False,90,0,0,0,1,0,0,0,0,0,0,0,8,23.8,3.6,0.0,2.7,8,5,1,9,1,0.00,0.00,0.00,1.48,51,-4343,434246,3787,8130
505,227444,Nikola,Milenković,2562262,1,False,90,0,0,0,3,0,0,0,0,0,0,0,2,11.6,0.8,8.0,2.0,3,4,1,4,1,0.02,0.01,0.03,4.57,51,-3316,431215,3261,6577
505,227444,Nikola,Milenković,2562271,4,False,90,0,0,0,1,0,0,0,0,0,0,0,10,27.4,20.4,4.0,5.2,9,4,1,10,1,0.00,0.21,0.21,0.95,51,-1566,429989,4942,6508
506,575476,Murillo,Costa dos Santos,2561898,2,False,90,0,0,0,1,0,0,0,0,0,0,0,12,11.8,1.6,0.0,1.3,5,6,0,5,1,0.00,0.02,0.02,1.50,55,0,686137,0,0
506,575476,Murillo,Costa dos Santos,2561909,1,False,90,0,0,0,1,0,0,0,1,0,0,0,3,14.4,5.3,0.0,2.0,4,5,2,6,1,0.00,0.16,0.16,1.10,55,-21245,706645,22881,44126
506,575476,Murillo,Costa dos Santos,2561921,1,False,90,0,0,0,3,0,0,0,0,0,0,0,3,13.6,5.0,0.0,1.9,4,9,0,4,1,0.00,0.02,0.02,2.42,55,-25069,702496,29368,54437
506,575476,Murillo,Costa dos Santos,2561926,3,False,36,0,0,0,1,0,0,0,0,0,0,0,5,14.2,0.0,0.0,1.4,9,1,1,10,1,0.00,0.00,0.00,0.95,55,-114195,581711,8882,123077
506,575476,Murillo,Costa dos Santos,2561938,0,False,0,0,0,0,0,0,0,0,0,0,0,0,0,0.0,0.0,0.0,0.0,0,0,0,0,0,0.00,0.00,0.00,0.00,55,-104125,492285,2554,106679
506,575476,Murillo,Costa dos Santos,2561953,0,False,0,0,0,0,0,0,0,0,0,0,0,0,0,0.0,0.0,0.0,0.0,0,0,0,0,0,0.00,0.00,0.00,0.00,54,-137664,355178,502,138166
506,575476,Murillo,Costa dos Santos,2561963,0,False,0,0,0,0,0,0,0,0,0,0,0,0,0,0.0,0.0,0.0,0.0,0,0,0,0,0,0.00,0.00,0.00,0.00,54,-60217,298866,709,60926
506,575476,Murillo,Costa dos Santos,2561971,1,False,73,0,0,0,2,0,0,0,0,0,0,0,5,12.0,1.3,2.0,1.5,6,3,0,6,1,0.00,0.01,0.01,1.41,54,-34477,267161,2412,36889
506,575476,Murillo,Costa dos Santos,2561975,1,False,90,0,0,0,2,0,0,0,0,0,0,0,8,28.4,0.6,0.0,2.9,5,4,3,8,1,0.00,0.00,0.00,0.59,53,-12588,255762,2567,15155
506,575476,Murillo,Costa dos Santos,2561991,3,False,90,0,0,0,2,0,0,0,0,0,0,0,15,28.2,1.0,4.0,3.3,13,4,2,15,1,0.06,0.01,0.07,1.12,53,-13320,242951,2253,15573
506,575476,Murillo,Costa dos Santos,2562001,1,False,90,0,0,0,1,0,0,0,1,0,0,0,4,14.8,1.0,2.0,1.8,3,5,3,6,1,0.00,0.02,0.02,0.69,53,-1235,245520,7038,8273
506,575476,Murillo,Costa dos Santos,2562011,17,False,90,1,0,1,0,0,0,0,0,0,0,3,55,80.2,10.3,26.0,11.7,17,3,2,19,1,0.19,0.00,0.19,1.93,53,-8066,235627,3095,11161
506,575476,Murillo,Costa dos Santos,2562021,0,False,0,0,0,0,0,0,0,0,0,0,0,0,0,0.0,0.0,0.0,0.0,0,0,0,0,0,0.00,0.00,0.00,0.00,53,43362,291801,50331,6969
506,575476,Murillo,Costa dos Santos,2562034,0,False,0,0,0,0,0,0,0,0,0,0,0,0,0,0.0,0.0,0.0,0.0,0,0,0,0,0,0.00,0.00,0.00,0.00,53,-12648,268731,3691,16339
506,575476,Murillo,Costa dos Santos,2562038,0,False,0,0,0,0,0,0,0,0,0,0,0,0,0,0.0,0.0,0.0,0.0,0,0,0,0,0,0.00,0.00,0.00,0.00,53,-18329,249932,879,19208
506,575476,Murillo,Costa dos Santos,2562052,6,False,90,0,0,1,0,0,0,0,0,0,0,0,27,10.6,1.0,2.0,1.4,5,5,2,7,1,0.00,0.01,0.01,0.33,52,-18172,233168,6169,24341
506,575476,Murillo,Costa dos Santos,2562059,1,False,90,0,0,0,1,0,0,0,1,0,0,0,8,26.6,11.3,7.0,4.5,7,8,1,8,1,0.02,0.04,0.06,1.50,52,9097,245042,13242,4145
506,575476,Murillo,Costa dos Santos,2562072,3,False,90,0,0,0,2,0,0,0,0,0,0,0,7,21.6,1.2,0.0,2.3,10,2,3,13,1,0.00,0.01,0.01,1.45,52,-4500,238380,4103,8603
506,575476,Murillo,Costa dos Santos,2562082,1,False,90,0,0,0,2,0,0,0,0,0,0,0,12,20.2,12.0,7.0,3.9,4,5,3,7,1,0.08,0.04,0.12,1.26,52,7518,251937,11699,4181
506,575476,Murillo,Costa dos Santos,2562086,3,False,90,0,0,0,3,0,0,0,0,0,0,0,5,31.4,0.1,0.0,3.2,14,3,1,15,1,0.00,0.00,0.00,1.59,52,-5141,243130,2941,8082
506,575476,Murillo,Costa dos Santos,2562104,2,False,90,0,0,0,1,1,0,0,0,0,0,0,9,31.8,11.5,17.0,6.0,9,2,2,11,1,0.13,0.06,0.19,0.95,52,1079,246608,6710,5631
506,575476,Murillo,Costa dos Santos,2562111,8,False,90,0,0,1,0,0,0,0,0,0,0,0,26,23.0,13.7,0.0,3.7,12,1,1,13,1,0.00,0.01,0.01,2.10,52,-5991,239390,3910,9901
506,575476,Murillo,Costa dos Santos,2562117,8,False,90,0,0,1,0,0,0,0,0,0,0,0,23,18.6,0.3,0.0,1.9,10,2,0,10,1,0.00,0.01,0.01,1.81,52,2504,243047,8528,6024
506,575476,Murillo,Costa dos Santos,2562131,2,False,90,0,0,0,1,0,0,0,0,0,0,0,15,17.4,11.0,0.0,2.8,3,8,1,4,1,0.00,0.01,0.01,1.90,52,20209,266310,26426,6217
506,575476,Murillo,Costa dos Santos,2562140,0,False,0,0,0,0,0,0,0,0,0,0,0,0,0,0.0,0.0,0.0,0.0,0,0,0,0,0,0.00,0.00,0.00,0.00,52,22945,292689,28889,5944
506,575476,Murillo,Costa dos Santos,2562151,0,False,0,0,0,0,0,0,0,0,0,0,0,0,0,0.0,0.0,0.0,0.0,0,0,0,0,0,0.00,0.00,0.00,0.00,52,-31839,253867,878,32717
506,575476,Murillo,Costa dos Santos,2562161,2,False,90,0,0,0,1,0,0,0,0,0,0,0,15,27.4,11.8,6.0,4.5,8,6,1,9,1,0.10,0.02,0.12,1.73,52,-13808,242795,2395,16203
506,575476,Murillo,Costa dos Santos,2562167,1,False,90,0,0,0,2,0,0,0,0,0,0,0,4,14.2,1.0,0.0,1.5,4,6,2,6,1,0.00,0.00,0.00,1.31,52,1421,245419,4836,3415
506,575476,Murillo,Costa dos Santos,2562181,2,False,90,0,0,0,2,0,0,0,1,0,0,0,13,32.0,0.1,0.0,3.2,12,2,0,12,1,0.00,0.00,0.00,2.12,52,-3190,242107,1930,5120
506,575476,Murillo,Costa dos Santos,2562192,6,False,90,0,0,1,0,0,0,0,0,0,0,0,26,13.8,11.2,2.0,2.7,4,4,0,4,1,0.02,0.01,0.03,1.03,52,5713,249225,8932,3219
506,575476,Murillo,Costa dos Santos,2562203,8,False,90,0,0,1,0,0,0,0,0,0,0,0,29,20.8,1.2,0.0,2.2,9,4,2,11,1,0.00,0.00,0.00,1.14,52,16640,303502,18724,2084
506,575476,Murillo,Costa dos Santos,2562212,-1,False,90,0,0,0,1,1,0,0,1,0,0,0,-4,3.6,1.7,7.0,1.2,8,1,0,8,1,0.13,0.01,0.14,1.02,52,13161,280530,17585,4424
506,575476,Murillo,Costa dos Santos,2562223,1,False,41,0,0,0,0,0,0,0,0,0,0,0,8,11.6,0.3,0.0,1.2,3,3,3,6,1,0.00,0.00,0.00,0.04,52,-1902,277867,9888,11790
506,575476,Murillo,Costa dos Santos,2562232,0,False,0,0,0,0,0,0,0,0,0,0,0,0,0,0.0,0.0,0.0,0.0,0,0,0,0,0,0.00,0.00,0.00,0.00,52,-16660,257613,456,17116
506,575476,Murillo,Costa dos Santos,2562239,0,False,0,0,0,0,0,0,0,0,0,0,0,0,0,0.0,0.0,0.0,0.0,0,0,0,0,0,0.00,0.00,0.00,0.00,52,-13535,248300,72,13607
506,575476,Murillo,Costa dos Santos,2562251,0,False,0,0,0,0,0,0,0,0,0,0,0,0,0,0.0,0.0,0.0,0.0,0,0,0,0,0,0.00,0.00,0.00,0.00,52,-8403,239930,107,8510
506,575476,Murillo,Costa dos Santos,2562262,0,False,0,0,0,0,0,0,0,0,0,0,0,0,0,0.0,0.0,0.0,0.0,0,0,0,0,0,0.00,0.00,0.00,0.00,52,-5252,235029,71,5323
506,575476,Murillo,Costa dos Santos,2562271,0,False,0,0,0,0,0,0,0,0,0,0,0,0,0,0.0,0.0,0.0,0.0,0,0,0,0,0,0.00,0.00,0.00,0.00,52,-4985,230037,135,5120
507,159506,Ola,Aina,2561898,4,False,90,0,0,0,1,0,0,0,0,0,0,0,15,27.2,16.1,2.0,4.5,9,8,3,12,1,0.00,0.04,0.04,1.50,50,0,1453394,0,0
507,159506,Ola,Aina,2561909,1,False,90,0,0,0,1,0,0,0,1,0,0,0,5,12.4,1.9,0.0,1.4,5,10,1,6,1,0.00,0.01,0.01,1.10,50,17123,1558302,97132,80009
507,159506,Ola,Aina,2561921,1,False,90,0,0,0,3,0,0,0,0,0,0,0,0,14.2,15.3,9.0,3.9,2,2,2,4,1,0.04,0.27,0.31,2.42,50,2978,1602627,113249,110271
507,159506,Ola,Aina,2561926,0,False,0,0,0,0,0,0,0,0,0,0,0,0,0,0.0,0.0,0.0,0.0,0,0,0,0,0,0.00,0.00,0.00,0.00,50,-454673,1120295,20168,474841
507,159506,Ola,Aina,2561938,0,False,0,0,0,0,0,0,0,0,0,0,0,0,0,0.0,0.0,0.0,0.0,0,0,0,0,0,0.00,0.00,0.00,0.00,49,-390108,753345,246,390354
507,159506,Ola,Aina,2561953,0,False,0,0,0,0,0,0,0,0,0,0,0,0,0,0.0,0.0,0.0,0.0,0,0,0,0,0,0.00,0.00,0.00,0.00,49,-226703,533762,83,226786
507,159506,Ola,Aina,2561963,0,False,0,0,0,0,0,0,0,0,0,0,0,0,0,0.0,0.0,0.0,0.0,0,0,0,0,0,0.00,0.00,0.00,0.00,48,-93864,446200,56,93920
507,159506,Ola,Aina,2561971,0,False,0,0,0,0,0,0,0,0,0,0,0,0,0,0.0,0.0,0.0,0.0,0,0,0,0,0,0.00,0.00,0.00,0.00,48,-70062,378369,99,70161
507,159506,Ola,Aina,2561975,0,False,0,0,0,0,0,0,0,0,0,0,0,0,0,0.0,0.0,0.0,0.0,0,0,0,0,0,0.00,0.00,0.00,0.00,48,-32702,346732,62,32764
507,159506,Ola,Aina,2561991,0,False,0,0,0,0,0,0,0,0,0,0,0,0,0,0.0,0.0,0.0,0.0,0,0,0,0,0,0.00,0.00,0.00,0.00,47,-27062,319706,44,27106
507,159506,Ola,Aina,2562001,0,False,0,0,0,0,0,0,0,0,0,0,0,0,0,0.0,0.0,0.0,0.0,0,0,0,0,0,0.00,0.00,0.00,0.00,47,-17394,302807,40,17434
507,159506,Ola,Aina,2562011,0,False,0,0,0,0,0,0,0,0,0,0,0,0,0,0.0,0.0,0.0,0.0,0,0,0,0,0,0.00,0.00,0.00,0.00,47,-14545,288144,35,14580
507,159506,Ola,Aina,2562021,0,False,0,0,0,0,0,0,0,0,0,0,0,0,0,0.0,0.0,0.0,0.0,0,0,0,0,0,0.00,0.00,0.00,0.00,47,-8504,279886,34,8538
507,159506,Ola,Aina,2562034,0,False,0,0,0,0,0,0,0,0,0,0,0,0,0,0.0,0.0,0.0,0.0,0,0,0,0,0,0.00,0.00,0.00,0.00,47,-4847,275446,45,4892
507,159506,Ola,Aina,2562038,0,False,0,0,0,0,0,0,0,0,0,0,0,0,0,0.0,0.0,0.0,0.0,0,0,0,0,0,0.00,0.00,0.00,0.00,47,-6186,269304,32,6218
507,159506,Ola,Aina,2562052,0,False,0,0,0,0,0,0,0,0,0,0,0,0,0,0.0,0.0,0.0,0.0,0,0,0,0,0,0.00,0.00,0.00,0.00,47,-11242,258106,53,11295
507,159506,Ola,Aina,2562059,0,False,0,0,0,0,0,0,0,0,0,0,0,0,0,0.0,0.0,0.0,0.0,0,0,0,0,0,0.00,0.00,0.00,0.00,47,-6356,251918,33,6389
507,159506,Ola,Aina,2562072,0,False,0,0,0,0,0,0,0,0,0,0,0,0,0,0.0,0.0,0.0,0.0,0,0,0,0,0,0.00,0.00,0.00,0.00,47,-4521,247413,32,4553
507,159506,Ola,Aina,2562082,0,False,0,0,0,0,0,0,0,0,0,0,0,0,0,0.0,0.0,0.0,0.0,0,0,0,0,0,0.00,0.00,0.00,0.00,47,-2815,244723,41,2856
507,159506,Ola,Aina,2562086,1,False,68,0,0,0,2,0,0,0,0,0,0,0,4,18.4,10.1,20.0,4.9,7,0,2,9,1,0.01,0.01,0.02,1.20,47,-940,244033,360,1300
507,159506,Ola,Aina,2562104,2,False,90,0,0,0,1,0,0,0,0,0,0,0,15,14.4,17.5,7.0,3.9,5,5,2,7,1,0.02,0.07,0.09,0.95,47,806,245177,1719,913
507,159506,Ola,Aina,2562111,5,False,90,0,0,1,0,0,0,0,1,0,0,0,15,7.2,2.9,1.0,1.1,4,4,0,4,1,0.01,0.02,0.03,2.10,47,-250,244871,1266,1516
507,159506,Ola,Aina,2562117,11,False,90,0,1,1,0,0,0,0,0,0,0,2,32,22.2,5.5,2.0,3.0,9,8,0,9,1,0.00,0.01,0.01,1.81,47,2088,247284,2989,901
507,159506,Ola,Aina,2562131,2,False,90,0,0,0,1,0,0,0,0,0,0,0,16,15.2,2.3,4.0,2.2,6,8,1,7,1,0.05,0.02,0.07,1.90,47,24246,273409,27934,3688
507,159506,Ola,Aina,2562140,1,False,90,0,0,0,3,0,0,0,0,0,0,0,-2,8.6,3.3,2.0,1.4,5,4,1,6,1,0.07,0.00,0.07,2.50,47,21941,296863,25681,3740
507,159506,Ola,Aina,2562151,7,False,90,0,0,1,0,0,0,0,0,0,0,1,32,20.0,32.8,7.0,6.0,6,5,0,6,1,0.08,0.17,0.25,0.42,47,5441,303169,11058,5617
507,159506,Ola,Aina,2562161,1,False,90,0,0,0,1,0,0,0,1,0,0,0,8,8.2,3.2,0.0,1.1,4,6,1,5,1,0.00,0.01,0.01,1.73,47,1819,303341,10013,8194
507,159506,Ola,Aina,2562167,1,False,81,0,0,0,2,0,0,0,0,0,0,0,-1,10.4,11.8,0.0,2.2,4,2,0,4,1,0.00,0.03,0.03,1.31,47,-1507,301567,3737,5244
507,159506,Ola,Aina,2562181,1,False,90,0,0,0,2,0,0,0,0,0,0,0,8,17.0,4.8,0.0,2.2,4,2,3,7,1,0.00,0.01,0.01,2.12,47,-5437,295967,1441,6878
507,159506,Ola,Aina,2562192,10,False,90,0,0,1,0,0,0,0,0,0,0,2,32,26.4,1.5,1.0,2.9,12,3,4,16,1,0.08,0.01,0.09,1.03,47,761,297590,4954,4193
507,159506,Ola,Aina,2562203,6,False,90,0,0,1,0,0,0,0,0,0,0,0,25,14.2,1.6,0.0,1.6,5,1,3,8,1,0.00,0.01,0.01,1.14,47,10385,326557,11989,1604
507,159506,Ola,Aina,2562212,2,False,88,0,0,0,1,0,0,0,0,0,0,0,20,19.6,26.2,2.0,4.8,4,6,3,7,1,0.00,0.13,0.13,1.02,47,3160,311780,7722,4562
507,159506,Ola,Aina,2562223,2,False,90,0,0,0,1,0,0,0,0,0,0,0,9,12.2,2.6,0.0,1.5,3,6,1,4,1,0.00,0.01,0.01,0.36,47,-186,308296,3851,4037
507,159506,Ola,Aina,2562232,9,False,90,0,1,1,0,0,0,0,0,0,0,0,31,17.4,0.9,1.0,1.9,5,1,4,9,1,0.05,0.01,0.06,0.70,47,860,311863,3727,2867
507,159506,Ola,Aina,2562239,0,False,0,0,0,0,0,0,0,0,0,0,0,0,0,0.0,0.0,0.0,0.0,0,0,0,0,0,0.00,0.00,0.00,0.00,47,-2922,309723,2679,5601
507,159506,Ola,Aina,2562251,0,False,0,0,0,0,0,0,0,0,0,0,0,0,0,0.0,0.0,0.0,0.0,0,0,0,0,0,0.00,0.00,0.00,0.00,47,-16252,292441,82,16334
507,159506,Ola,Aina,2562262,0,False,0,0,0,0,0,0,0,0,0,0,0,0,0,0.0,0.0,0.0,0.0,0,0,0,0,0,0.00,0.00,0.00,0.00,47,-10699,282477,47,10746
507,159506,Ola,Aina,2562271,0,False,0,0,0,0,0,0,0,0,0,0,0,0,0,0.0,0.0,0.0,0.0,0,0,0,0,0,0.00,0.00,0.00,0.00,47,-7558,275034,40,7598
508,215136,Neco,Williams,2561898,1,False,90,0,0,0,1,0,0,0,1,0,0,0,10,19.0,28.8,2.0,5.0,4,2,2,6,1,0.00,0.09,0.09,1.50,50,0,1038264,0,0
508,215136,Neco,Williams,2561909,2,False,90,0,0,0,1,0,0,0,0,0,0,0,18,7.8,3.5,6.0,1.7,0,6,3,3,1,0.00,0.02,0.02,1.10,50,-30992,1047009,35588,66580
508,215136,Neco,Williams,2561921,1,False,90,0,0,0,3,0,0,0,0,0,0,0,2,11.4,3.9,13.0,2.8,2,5,3,5,1,0.03,0.02,0.05,2.42,50,-42554,1008472,37013,79567
508,215136,Neco,Williams,2561926,0,False,90,0,0,0,3,0,0,0,1,0,0,0,-5,16.0,2.6,2.0,2.1,4,2,1,5,1,0.01,0.01,0.02,1.84,50,-170311,840909,18884,189195
508,215136,Neco,Williams,2561938,10,False,90,1,0,0,1,0,0,0,0,0,0,2,28,49.4,8.3,37.0,9.5,5,4,2,7,1,0.15,0.01,0.16,0.85,50,-52152,820461,27438,79590
508,215136,Neco,Williams,2561953,1,False,90,0,0,0,1,0,0,0,1,0,0,0,18,26.0,56.8,6.0,8.9,1,2,3,4,1,0.00,0.23,0.23,1.19,49,-94752,735687,37588,132340
508,215136,Neco,Williams,2561963,0,False,90,0,0,0,2,0,0,0,1,0,0,0,9,25.6,11.8,17.0,5.4,3,6,4,7,1,0.03,0.01,0.04,3.28,49,-116770,609278,4677,121447
508,215136,Neco,Williams,2561971,1,False,90,0,0,0,3,0,0,0,0,0,0,0,-7,9.8,2.8,10.0,2.3,3,3,2,5,1,0.53,0.01,0.54,1.67,48,-94442,520126,5157,99599
508,215136,Neco,Williams,2561975,1,False,90,0,0,0,2,0,0,0,0,0,0,0,13,16.4,5.8,10.0,3.2,4,4,3,7,1,0.09,0.05,0.14,0.59,48,-43240,478882,4611,47851
508,215136,Neco,Williams,2561991,1,False,90,0,0,0,2,0,0,0,0,0,0,0,5,16.6,1.8,4.0,2.2,4,6,4,8,1,0.04,0.02,0.06,1.12,47,-45469,432353,2519,47988
508,215136,Neco,Williams,2562001,2,False,90,0,0,0,1,0,0,0,0,0,0,0,21,25.0,26.9,2.0,5.4,3,8,6,9,1,0.00,0.26,0.26,0.69,47,-15990,421929,6324,22314
508,215136,Neco,Williams,2562011,13,False,90,0,1,1,0,0,0,0,0,0,0,2,47,50.8,10.8,4.0,6.6,7,3,11,18,1,0.00,0.01,0.01,1.93,47,-25320,393035,2356,27676
508,215136,Neco,Williams,2562021,1,False,90,0,0,0,2,0,0,0,0,0,0,0,7,13.8,2.0,2.0,1.8,3,6,5,8,1,0.00,0.01,0.01,1.53,47,16491,420691,21752,5261
508,215136,Neco,Williams,2562034,8,False,90,0,0,1,0,0,0,0,0,0,0,2,28,14.4,3.2,11.0,2.9,5,5,0,5,1,0.09,0.13,0.22,0.91,47,29259,451821,35323,6064
508,215136,Neco,Williams,2562038,1,False,90,0,0,0,3,0,0,0,0,0,0,0,8,21.4,16.8,5.0,4.3,3,4,2,5,1,0.07,0.11,0.18,1.12,47,5365,449747,17813,12448
508,215136,Neco,Williams,2562052,7,False,90,0,0,1,0,0,0,0,0,0,0,1,30,27.6,29.4,21.0,7.8,6,4,1,7,1,0.09,0.13,0.22,0.33,47,-31667,416370,12403,44070
508,215136,Neco,Williams,2562059,2,False,90,0,0,0,1,0,0,0,0,0,0,0,11,22.2,15.4,11.0,4.9,4,5,1,5,1,0.04,0.14,0.18,1.50,47,32423,458174,43187,10764
508,215136,Neco,Williams,2562072,1,False,90,0,0,0,2,0,0,0,0,0,0,0,5,13.8,1.8,7.0,2.3,2,3,1,3,1,0.04,0.01,0.05,1.45,47,-12559,431617,9337,21896
508,215136,Neco,Williams,2562082,1,False,90,0,0,0,2,0,0,0,0,0,0,0,26,44.4,68.8,18.0,13.1,2,9,5,7,1,0.08,0.67,0.75,1.26,47,3655,452512,16421,12766
508,215136,Neco,Williams,2562086,1,False,90,0,0,0,3,0,0,0,0,0,0,0,1,15.4,10.6,5.0,3.1,6,3,3,9,1,0.01,0.01,0.02,1.59,47,-13467,432075,4745,18212
508,215136,Neco,Williams,2562104,4,False,90,0,0,0,1,0,0,0,0,0,0,0,19,30.0,17.7,17.0,6.5,10,6,1,11,1,0.05,0.05,0.10,0.95,47,-11603,422293,4756,16359
508,215136,Neco,Williams,2562111,6,False,90,0,0,1,0,0,0,0,0,0,0,0,25,12.8,12.2,4.0,2.9,2,3,2,4,1,0.00,0.19,0.19,2.10,47,-15641,405851,3115,18756
508,215136,Neco,Williams,2562117,8,False,90,0,0,1,0,0,0,0,0,0,0,0,25,25.0,1.5,2.0,2.9,8,5,4,12,1,0.00,0.00,0.00,1.81,47,-2869,404043,4163,7032
508,215136,Neco,Williams,2562131,-2,False,44,0,0,0,1,0,0,0,0,1,0,0,-14,0.0,0.6,2.0,0.0,2,1,0,2,1,0.00,0.00,0.00,0.82,47,12469,418054,21264,8795
508,215136,Neco,Williams,2562140,0,False,0,0,0,0,0,0,0,0,0,0,0,0,0,0.0,0.0,0.0,0.0,0,0,0,0,0,0.00,0.00,0.00,0.00,47,-38132,376743,2067,40199
508,215136,Neco,Williams,2562151,8,False,90,0,0,1,0,0,0,0,0,0,0,2,40,27.0,49.3,39.0,11.5,2,6,3,5,1,0.18,0.68,0.86,0.42,47,-4537,375155,4816,9353
508,215136,Neco,Williams,2562161,4,False,90,0,0,0,1,0,0,0,0,0,0,0,11,19.8,3.3,1.0,2.4,13,5,0,13,1,0.01,0.01,0.02,1.73,47,-4927,370125,2900,7827
508,215136,Neco,Williams,2562167,0,False,55,0,0,0,2,0,0,0,0,0,0,0,-5,6.4,0.9,0.0,0.7,2,4,2,4,1,0.00,0.01,0.01,1.26,47,-680,369925,3290,3970
508,215136,Neco,Williams,2562181,1,False,89,0,0,0,2,0,0,0,0,0,0,0,3,15.2,11.0,0.0,2.6,4,7,3,7,1,0.00,0.01,0.01,1.34,47,-6384,363159,1567,7951
508,215136,Neco,Williams,2562192,5,False,90,0,0,1,0,0,0,0,1,0,0,0,22,13.0,26.8,7.0,4.7,2,7,0,2,1,0.06,0.03,0.09,1.03,47,2352,366562,6890,4538
508,215136,Neco,Williams,2562203,15,False,90,0,2,1,0,0,0,0,0,0,0,3,46,51.6,30.5,28.0,11.0,5,2,1,6,1,0.08,0.39,0.47,1.14,47,4702,380809,7148,2446
508,215136,Neco,Williams,2562212,11,False,90,1,0,0,1,0,0,0,0,0,0,3,27,56.4,31.1,32.0,12.0,3,2,3,6,1,0.12,0.29,0.41,1.02,47,50921,425764,59950,9029
508,215136,Neco,Williams,2562223,2,False,90,0,0,0,1,0,0,0,0,0,0,0,8,14.8,16.4,18.0,4.9,0,4,3,3,1,0.07,0.19,0.26,0.36,48,88937,559726,95194,6257
508,215136,Neco,Williams,2562232,5,False,90,0,0,1,0,0,0,0,1,0,0,0,18,6.8,15.8,6.0,2.9,6,4,0,6,1,0.03,0.05,0.08,0.70,48,85388,695561,96919,11531
508,215136,Neco,Williams,2562239,1,False,45,0,0,0,1,0,0,0,0,0,0,0,2,13.8,1.1,0.0,1.5,3,1,4,7,0,0.00,0.00,0.00,1.81,48,-9150,587318,13559,22709
508,215136,Neco,Williams,2562251,2,False,90,0,0,0,1,0,0,0,0,0,0,0,14,20.0,15.8,2.0,3.8,6,4,3,9,1,0.04,0.02,0.06,1.48,48,-17051,569177,7976,25027
508,215136,Neco,Williams,2562262,1,False,90,0,0,0,3,0,0,0,0,0,0,0,8,28.2,17.2,2.0,4.7,6,7,3,9,1,0.00,0.05,0.05,4.57,48,-15559,553832,5144,20703
508,215136,Neco,Williams,2562271,2,False,90,0,0,0,1,0,0,0,0,0,0,0,7,16.4,9.3,27.0,5.3,6,6,2,8,1,0.07,0.05,0.12,0.95,48,-7210,547266,9710,16920
509,451432,David,Mota Veiga Teixeira do Carmo,2561898,0,False,0,0,0,0,0,0,0,0,0,0,0,0,0,0.0,0.0,0.0,0.0,0,0,0,0,0,0.00,0.00,0.00,0.00,45,0,4405,0,0
509,451432,David,Mota Veiga Teixeira do Carmo,2561909,0,False,0,0,0,0,0,0,0,0,0,0,0,0,0,0.0,0.0,0.0,0.0,0,0,0,0,0,0.00,0.00,0.00,0.00,45,-512,5271,191,703
509,451432,David,Mota Veiga Teixeira do Carmo,2561921,0,False,0,0,0,0,0,0,0,0,0,0,0,0,0,0.0,0.0,0.0,0.0,0,0,0,0,0,0.00,0.00,0.00,0.00,45,-542,5375,186,728
509,451432,David,Mota Veiga Teixeira do Carmo,2561926,0,False,0,0,0,0,0,0,0,0,0,0,0,0,0,0.0,0.0,0.0,0.0,0,0,0,0,0,0.00,0.00,0.00,0.00,45,-1100,4407,50,1150
509,451432,David,Mota Veiga Teixeira do Carmo,2561938,0,False,0,0,0,0,0,0,0,0,0,0,0,0,0,0.0,0.0,0.0,0.0,0,0,0,0,0,0.00,0.00,0.00,0.00,45,-622,3812,0,622
509,451432,David,Mota Veiga Teixeira do Carmo,2561953,0,False,0,0,0,0,0,0,0,0,0,0,0,0,0,0.0,0.0,0.0,0.0,0,0,0,0,0,0.00,0.00,0.00,0.00,45,-332,3492,0,332
509,451432,David,Mota Veiga Teixeira do Carmo,2561963,0,False,0,0,0,0,0,0,0,0,0,0,0,0,0,0.0,0.0,0.0,0.0,0,0,0,0,0,0.00,0.00,0.00,0.00,45,-184,3316,0,184
509,451432,David,Mota Veiga Teixeira do Carmo,2561971,0,False,0,0,0,0,0,0,0,0,0,0,0,0,0,0.0,0.0,0.0,0.0,0,0,0,0,0,0.00,0.00,0.00,0.00,45,-163,3154,0,163
509,451432,David,Mota Veiga Teixeira do Carmo,2561975,0,False,0,0,0,0,0,0,0,0,0,0,0,0,0,0.0,0.0,0.0,0.0,0,0,0,0,0,0.00,0.00,0.00,0.00,45,-88,3071,0,88
509,451432,David,Mota Veiga Teixeira do Carmo,2561991,0,False,0,0,0,0,0,0,0,0,0,0,0,0,0,0.0,0.0,0.0,0.0,0,0,0,0,0,0.00,0.00,0.00,0.00,45,-75,2993,0,75
509,451432,David,Mota Veiga Teixeira do Carmo,2562001,0,False,0,0,0,0,0,0,0,0,0,0,0,0,0,0.0,0.0,0.0,0.0,0,0,0,0,0,0.00,0.00,0.00,0.00,45,-60,2938,0,60
509,451432,David,Mota Veiga Teixeira do Carmo,2562011,0,False,0,0,0,0,0,0,0,0,0,0,0,0,0,0.0,0.0,0.0,0.0,0,0,0,0,0,0.00,0.00,0.00,0.00,45,-51,2887,0,51
509,451432,David,Mota Veiga Teixeira do Carmo,2562021,0,False,0,0,0,0,0,0,0,0,0,0,0,0,0,0.0,0.0,0.0,0.0,0,0,0,0,0,0.00,0.00,0.00,0.00,45,-31,2857,0,31
509,451432,David,Mota Veiga Teixeira do Carmo,2562034,0,False,0,0,0,0,0,0,0,0,0,0,0,0,0,0.0,0.0,0.0,0.0,0,0,0,0,0,0.00,0.00,0.00,0.00,45,-16,2843,0,16
509,451432,David,Mota Veiga Teixeira do Carmo,2562038,0,False,0,0,0,0,0,0,0,0,0,0,0,0,0,0.0,0.0,0.0,0.0,0,0,0,0,0,0.00,0.00,0.00,0.00,45,-29,2814,0,29
509,451432,David,Mota Veiga Teixeira do Carmo,2562052,0,False,0,0,0,0,0,0,0,0,0,0,0,0,0,0.0,0.0,0.0,0.0,0,0,0,0,0,0.00,0.00,0.00,0.00,45,-32,2781,0,32
509,451432,David,Mota Veiga Teixeira do Carmo,2562059,0,False,0,0,0,0,0,0,0,0,0,0,0,0,0,0.0,0.0,0.0,0.0,0,0,0,0,0,0.00,0.00,0.00,0.00,45,-25,2756,0,25
509,451432,David,Mota Veiga Teixeira do Carmo,2562072,0,False,0,0,0,0,0,0,0,0,0,0,0,0,0,0.0,0.0,0.0,0.0,0,0,0,0,0,0.00,0.00,0.00,0.00,45,-19,2737,0,19
509,451432,David,Mota Veiga Teixeira do Carmo,2562082,0,False,0,0,0,0,0,0,0,0,0,0,0,0,0,0.0,0.0,0.0,0.0,0,0,0,0,0,0.00,0.00,0.00,0.00,45,-22,2717,0,22
509,451432,David,Mota Veiga Teixeira do Carmo,2562086,0,False,0,0,0,0,0,0,0,0,0,0,0,0,0,0.0,0.0,0.0,0.0,0,0,0,0,0,0.00,0.00,0.00,0.00,45,-7,2711,0,7
509,451432,David,Mota Veiga Teixeira do Carmo,2562104,0,False,0,0,0,0,0,0,0,0,0,0,0,0,0,0.0,0.0,0.0,0.0,0,0,0,0,0,0.00,0.00,0.00,0.00,45,-9,2701,0,9
509,451432,David,Mota Veiga Teixeira do Carmo,2562111,0,False,0,0,0,0,0,0,0,0,0,0,0,0,0,0.0,0.0,0.0,0.0,0,0,0,0,0,0.00,0.00,0.00,0.00,45,-16,2685,0,16
509,451432,David,Mota Veiga Teixeira do Carmo,2562117,0,False,0,0,0,0,0,0,0,0,0,0,0,0,0,0.0,0.0,0.0,0.0,0,0,0,0,0,0.00,0.00,0.00,0.00,45,-9,2677,0,9
509,451432,David,Mota Veiga Teixeira do Carmo,2562131,0,False,0,0,0,0,0,0,0,0,0,0,0,0,0,0.0,0.0,0.0,0.0,0,0,0,0,0,0.00,0.00,0.00,0.00,45,-11,2666,0,11
509,451432,David,Mota Veiga Teixeira do Carmo,2562140,0,False,0,0,0,0,0,0,0,0,0,0,0,0,0,0.0,0.0,0.0,0.0,0,0,0,0,0,0.00,0.00,0.00,0.00,45,-5,2662,0,5
509,451432,David,Mota Veiga Teixeira do Carmo,2562151,0,False,0,0,0,0,0,0,0,0,0,0,0,0,0,0.0,0.0,0.0,0.0,0,0,0,0,0,0.00,0.00,0.00,0.00,45,-7,2653,0,7
509,451432,David,Mota Veiga Teixeira do Carmo,2562161,0,False,0,0,0,0,0,0,0,0,0,0,0,0,0,0.0,0.0,0.0,0.0,0,0,0,0,0,0.00,0.00,0.00,0.00,45,-9,2644,0,9
509,451432,David,Mota Veiga Teixeira do Carmo,2562167,0,False,0,0,0,0,0,0,0,0,0,0,0,0,0,0.0,0.0,0.0,0.0,0,0,0,0,0,0.00,0.00,0.00,0.00,45,-3,2642,0,3
509,451432,David,Mota Veiga Teixeira do Carmo,2562181,0,False,0,0,0,0,0,0,0,0,0,0,0,0,0,0.0,0.0,0.0,0.0,0,0,0,0,0,0.00,0.00,0.00,0.00,45,-2,2641,0,2
509,451432,David,Mota Veiga Teixeira do Carmo,2562192,0,False,0,0,0,0,0,0,0,0,0,0,0,0,0,0.0,0.0,0.0,0.0,0,0,0,0,0,0.00,0.00,0.00,0.00,45,-3,2638,0,3
509,451432,David,Mota Veiga Teixeira do Carmo,2562203,0,False,0,0,0,0,0,0,0,0,0,0,0,0,0,0.0,0.0,0.0,0.0,0,0,0,0,0,0.00,0.00,0.00,0.00,45,-3,2635,0,3
509,451432,David,Mota Veiga Teixeira do Carmo,2562212,0,False,0,0,0,0,0,0,0,0,0,0,0,0,0,0.0,0.0,0.0,0.0,0,0,0,0,0,0.00,0.00,0.00,0.00,45,-5,2629,0,5
509,451432,David,Mota Veiga Teixeira do Carmo,2562223,0,False,0,0,0,0,0,0,0,0,0,0,0,0,0,0.0,0.0,0.0,0.0,0,0,0,0,0,0.00,0.00,0.00,0.00,45,-1,2629,0,1
509,451432,David,Mota Veiga Teixeira do Carmo,2562232,0,False,0,0,0,0,0,0,0,0,0,0,0,0,0,0.0,0.0,0.0,0.0,0,0,0,0,0,0.00,0.00,0.00,0.00,45,-3,2626,0,3
509,451432,David,Mota Veiga Teixeira do Carmo,2562239,0,False,0,0,0,0,0,0,0,0,0,0,0,0,0,0.0,0.0,0.0,0.0,0,0,0,0,0,0.00,0.00,0.00,0.00,45,-6,2620,0,6
509,451432,David,Mota Veiga Teixeira do Carmo,2562251,0,False,0,0,0,0,0,0,0,0,0,0,0,0,0,0.0,0.0,0.0,0.0,0,0,0,0,0,0.00,0.00,0.00,0.00,45,-4,2616,0,4
509,451432,David,Mota Veiga Teixeira do Carmo,2562262,0,False,0,0,0,0,0,0,0,0,0,0,0,0,0,0.0,0.0,0.0,0.0,0,0,0,0,0,0.00,0.00,0.00,0.00,45,0,2616,0,0
509,451432,David,Mota Veiga Teixeira do Carmo,2562271,0,False,0,0,0,0,0,0,0,0,0,0,0,0,0,0.0,0.0,0.0,0.0,0,0,0,0,0,0.00,0.00,0.00,0.00,45,-2,2614,0,2
510,575458,Jair,Paula da Cunha Filho,2561898,0,False,0,0,0,0,0,0,0,0,0,0,0,0,0,0.0,0.0,0.0,0.0,0,0,0,0,0,0.00,0.00,0.00,0.00,45,0,7673,0,0
510,575458,Jair,Paula da Cunha Filho,2561909,0,False,0,0,0,0,0,0,0,0,0,0,0,0,0,0.0,0.0,0.0,0.0,0,0,0,0,0,0.00,0.00,0.00,0.00,45,-864,8487,311,1175
510,575458,Jair,Paula da Cunha Filho,2561921,0,False,0,0,0,0,0,0,0,0,0,0,0,0,0,0.0,0.0,0.0,0.0,0,0,0,0,0,0.00,0.00,0.00,0.00,45,-861,8155,275,1136
510,575458,Jair,Paula da Cunha Filho,2561926,0,False,0,0,0,0,0,0,0,0,0,0,0,0,0,0.0,0.0,0.0,0.0,0,0,0,0,0,0.00,0.00,0.00,0.00,44,-725,7856,193,918
510,575458,Jair,Paula da Cunha Filho,2561938,0,False,0,0,0,0,0,0,0,0,0,0,0,0,0,0.0,0.0,0.0,0.0,0,0,0,0,0,0.00,0.00,0.00,0.00,44,-494,7587,121,615
510,575458,Jair,Paula da Cunha Filho,2561953,0,False,0,0,0,0,0,0,0,0,0,0,0,0,0,0.0,0.0,0.0,0.0,0,0,0,0,0,0.00,0.00,0.00,0.00,44,-418,7337,129,547
510,575458,Jair,Paula da Cunha Filho,2561963,3,False,90,0,0,0,2,0,0,0,0,0,0,0,9,26.0,0.4,0.0,2.6,9,1,2,11,1,0.00,0.00,0.00,3.28,44,-326,7140,80,406
510,575458,Jair,Paula da Cunha Filho,2561971,0,False,0,0,0,0,0,0,0,0,0,0,0,0,0,0.0,0.0,0.0,0.0,0,0,0,0,0,0.00,0.00,0.00,0.00,43,-59,7390,307,366
510,575458,Jair,Paula da Cunha Filho,2561975,0,False,0,0,0,0,0,0,0,0,0,0,0,0,0,0.0,0.0,0.0,0.0,0,0,0,0,0,0.00,0.00,0.00,0.00,43,-153,7376,139,292
510,575458,Jair,Paula da Cunha Filho,2561991,0,False,0,0,0,0,0,0,0,0,0,0,0,0,0,0.0,0.0,0.0,0.0,0,0,0,0,0,0.00,0.00,0.00,0.00,43,-151,7386,114,265
510,575458,Jair,Paula da Cunha Filho,2562001,0,False,0,0,0,0,0,0,0,0,0,0,0,0,0,0.0,0.0,0.0,0.0,0,0,0,0,0,0.00,0.00,0.00,0.00,43,-181,7322,72,253
510,575458,Jair,Paula da Cunha Filho,2562011,0,False,0,0,0,0,0,0,0,0,0,0,0,0,0,0.0,0.0,0.0,0.0,0,0,0,0,0,0.00,0.00,0.00,0.00,43,-123,7368,94,217
510,575458,Jair,Paula da Cunha Filho,2562021,0,False,0,0,0,0,0,0,0,0,0,0,0,0,0,0.0,0.0,0.0,0.0,0,0,0,0,0,0.00,0.00,0.00,0.00,43,-83,7406,70,153
510,575458,Jair,Paula da Cunha Filho,2562034,0,False,0,0,0,0,0,0,0,0,0,0,0,0,0,0.0,0.0,0.0,0.0,0,0,0,0,0,0.00,0.00,0.00,0.00,43,-31,7457,64,95
510,575458,Jair,Paula da Cunha Filho,2562038,0,False,0,0,0,0,0,0,0,0,0,0,0,0,0,0.0,0.0,0.0,0.0,0,0,0,0,0,0.00,0.00,0.00,0.00,43,-56,7470,85,141
510,575458,Jair,Paula da Cunha Filho,2562052,0,False,0,0,0,0,0,0,0,0,0,0,0,0,0,0.0,0.0,0.0,0.0,0,0,0,0,0,0.00,0.00,0.00,0.00,43,-166,7412,123,289
510,575458,Jair,Paula da Cunha Filho,2562059,0,False,0,0,0,0,0,0,0,0,0,0,0,0,0,0.0,0.0,0.0,0.0,0,0,0,0,0,0.00,0.00,0.00,0.00,43,-32,7491,134,166
510,575458,Jair,Paula da Cunha Filho,2562072,0,False,0,0,0,0,0,0,0,0,0,0,0,0,0,0.0,0.0,0.0,0.0,0,0,0,0,0,0.00,0.00,0.00,0.00,43,-26,7556,123,149
510,575458,Jair,Paula da Cunha Filho,2562082,0,False,0,0,0,0,0,0,0,0,0,0,0,0,0,0.0,0.0,0.0,0.0,0,0,0,0,0,0.00,0.00,0.00,0.00,43,4,7664,132,128
510,575458,Jair,Paula da Cunha Filho,2562086,0,False,0,0,0,0,0,0,0,0,0,0,0,0,0,0.0,0.0,0.0,0.0,0,0,0,0,0,0.00,0.00,0.00,0.00,43,-18,7683,86,104
510,575458,Jair,Paula da Cunha Filho,2562104,0,False,0,0,0,0,0,0,0,0,0,0,0,0,0,0.0,0.0,0.0,0.0,0,0,0,0,0,0.00,0.00,0.00,0.00,43,-53,7717,72,125
510,575458,Jair,Paula da Cunha Filho,2562111,0,False,0,0,0,0,0,0,0,0,0,0,0,0,0,0.0,0.0,0.0,0.0,0,0,0,0,0,0.00,0.00,0.00,0.00,42,-62,7714,84,146
510,575458,Jair,Paula da Cunha Filho,2562117,0,False,0,0,0,0,0,0,0,0,0,0,0,0,0,0.0,0.0,0.0,0.0,0,0,0,0,0,0.00,0.00,0.00,0.00,42,-46,7729,45,91
510,575458,Jair,Paula da Cunha Filho,2562131,0,False,0,0,0,0,0,0,0,0,0,0,0,0,0,0.0,0.0,0.0,0.0,0,0,0,0,0,0.00,0.00,0.00,0.00,42,-14,7788,92,106
510,575458,Jair,Paula da Cunha Filho,2562140,0,False,0,0,0,0,0,0,0,0,0,0,0,0,0,0.0,0.0,0.0,0.0,0,0,0,0,0,0.00,0.00,0.00,0.00,42,-5,7845,107,112
510,575458,Jair,Paula da Cunha Filho,2562151,0,False,0,0,0,0,0,0,0,0,0,0,0,0,0,0.0,0.0,0.0,0.0,0,0,0,0,0,0.00,0.00,0.00,0.00,42,32,7947,117,85
510,575458,Jair,Paula da Cunha Filho,2562161,0,False,0,0,0,0,0,0,0,0,0,0,0,0,0,0.0,0.0,0.0,0.0,0,0,0,0,0,0.00,0.00,0.00,0.00,42,-54,7958,65,119
510,575458,Jair,Paula da Cunha Filho,2562167,1,False,34,0,0,0,0,0,0,0,0,0,0,0,4,6.0,0.3,10.0,1.6,2,1,1,3,0,0.14,0.00,0.14,0.05,42,-13,7993,54,67
510,575458,Jair,Paula da Cunha Filho,2562181,1,False,90,0,0,0,2,0,0,0,0,0,0,0,5,14.2,0.1,0.0,1.4,5,1,1,6,1,0.00,0.00,0.00,2.12,42,-15,8018,52,67
510,575458,Jair,Paula da Cunha Filho,2562192,0,False,0,0,0,0,0,0,0,0,0,0,0,0,0,0.0,0.0,0.0,0.0,0,0,0,0,0,0.00,0.00,0.00,0.00,42,-23,8062,104,127
510,575458,Jair,Paula da Cunha Filho,2562203,0,False,0,0,0,0,0,0,0,0,0,0,0,0,0,0.0,0.0,0.0,0.0,0,0,0,0,0,0.00,0.00,0.00,0.00,42,-118,7924,7,125
510,575458,Jair,Paula da Cunha Filho,2562212,0,False,0,0,0,0,0,0,0,0,0,0,0,0,0,0.0,0.0,0.0,0.0,0,0,0,0,0,0.00,0.00,0.00,0.00,42,-137,7821,10,147
510,575458,Jair,Paula da Cunha Filho,2562223,1,False,48,0,0,0,1,0,0,0,0,0,0,0,6,15.8,1.6,0.0,1.7,6,1,0,6,0,0.00,0.00,0.00,0.32,42,-62,7784,20,82
510,575458,Jair,Paula da Cunha Filho,2562232,1,False,49,0,0,0,0,0,0,0,0,0,0,0,6,6.2,0.3,0.0,0.7,3,0,0,3,1,0.00,0.00,0.00,0.34,42,147,8215,179,32
510,575458,Jair,Paula da Cunha Filho,2562239,1,False,45,0,0,0,0,0,0,0,0,0,0,0,4,4.8,0.2,0.0,0.5,2,2,1,3,1,0.00,0.00,0.00,1.13,42,-63,7899,24,87
510,575458,Jair,Paula da Cunha Filho,2562251,2,False,90,0,0,0,1,0,0,0,0,0,0,0,8,17.8,1.8,17.0,3.7,6,4,3,9,1,0.13,0.01,0.14,1.48,42,64,7995,106,42
510,575458,Jair,Paula da Cunha Filho,2562262,1,False,6,0,0,0,0,0,0,0,0,0,0,0,5,7.2,10.3,2.0,2.0,2,0,1,3,0,0.00,0.05,0.05,0.83,42,106,8116,147,41
510,575458,Jair,Paula da Cunha Filho,2562271,2,False,62,0,0,0,1,0,0,0,0,0,0,0,1,0.0,0.2,0.0,0.0,3,3,0,3,1,0.00,0.00,0.00,0.80,42,-13,8141,99,112
511,485047,Felipe,Rodrigues da Silva,2561898,0,False,0,0,0,0,0,0,0,0,0,0,0,0,0,0.0,0.0,0.0,0.0,0,0,0,0,0,0.00,0.00,0.00,0.00,45,0,9134,0,0
511,485047,Felipe,Rodrigues da Silva,2561909,0,False,0,0,0,0,0,0,0,0,0,0,0,0,0,0.0,0.0,0.0,0.0,0,0,0,0,0,0.00,0.00,0.00,0.00,45,-1057,9750,271,1328
511,485047,Felipe,Rodrigues da Silva,2561921,0,False,0,0,0,0,0,0,0,0,0,0,0,0,0,0.0,0.0,0.0,0.0,0,0,0,0,0,0.00,0.00,0.00,0.00,45,-1041,9325,166,1207
511,485047,Felipe,Rodrigues da Silva,2561926,1,False,90,0,0,0,3,0,0,0,0,0,0,0,1,13.6,0.8,0.0,1.4,4,4,1,5,1,0.00,0.00,0.00,1.84,44,-708,9033,243,951
511,485047,Felipe,Rodrigues da Silva,2561938,1,False,90,0,0,0,1,0,0,0,1,0,0,0,6,16.0,1.9,0.0,1.8,4,5,3,7,1,0.00,0.01,0.01,0.85,44,906,10316,1600,694
511,485047,Felipe,Rodrigues da Silva,2561953,2,False,90,0,0,0,1,0,0,0,0,0,0,0,14,19.8,1.9,3.0,2.5,5,8,1,6,1,0.03,0.01,0.04,1.19,44,-234,10303,654,888
511,485047,Felipe,Rodrigues da Silva,2561963,3,False,76,0,0,0,1,0,0,0,1,0,0,0,9,24.4,0.4,0.0,2.5,13,4,1,14,1,0.00,0.01,0.01,1.43,44,-483,9893,179,662
511,485047,Felipe,Rodrigues da Silva,2561971,0,False,90,0,0,0,3,0,0,0,1,0,0,0,3,15.6,0.5,0.0,1.6,4,1,3,7,1,0.00,0.00,0.00,1.67,44,-217,10005,346,563
511,485047,Felipe,Rodrigues da Silva,2561975,0,False,0,0,0,0,0,0,0,0,0,0,0,0,0,0.0,0.0,0.0,0.0,0,0,0,0,0,0.00,0.00,0.00,0.00,44,-381,9778,228,609
511,485047,Felipe,Rodrigues da Silva,2561991,0,False,0,0,0,0,0,0,0,0,0,0,0,0,0,0.0,0.0,0.0,0.0,0,0,0,0,0,0.00,0.00,0.00,0.00,44,-430,9502,114,544
511,485047,Felipe,Rodrigues da Silva,2562001,1,False,2,0,0,0,0,0,0,0,0,0,0,0,5,4.0,0.0,0.0,0.4,1,0,1,2,0,0.00,0.00,0.00,0.15,44,-352,9295,99,451
511,485047,Felipe,Rodrigues da Silva,2562011,0,False,0,0,0,0,0,0,0,0,0,0,0,0,0,0.0,0.0,0.0,0.0,0,0,0,0,0,0.00,0.00,0.00,0.00,43,-229,9278,113,342
511,485047,Felipe,Rodrigues da Silva,2562021,3,False,90,0,0,0,2,0,0,0,0,0,0,0,20,32.0,1.6,2.0,3.6,7,4,6,13,1,0.00,0.02,0.02,1.53,43,-106,9341,147,253
511,485047,Felipe,Rodrigues da Silva,2562034,7,False,90,0,0,1,0,0,0,0,0,0,0,1,25,12.4,0.9,0.0,1.3,5,4,0,5,1,0.00,0.01,0.01,0.91,43,363,9865,533,170
511,485047,Felipe,Rodrigues da Silva,2562038,2,False,90,0,0,0,3,0,0,0,1,0,0,0,-2,27.4,0.8,0.0,2.8,9,1,2,11,1,0.00,0.00,0.00,1.12,43,593,10636,856,263
511,485047,Felipe,Rodrigues da Silva,2562052,0,False,0,0,0,0,0,0,0,0,0,0,0,0,0,0.0,0.0,0.0,0.0,0,0,0,0,0,0.00,0.00,0.00,0.00,43,-72,10588,734,806
511,485047,Felipe,Rodrigues da Silva,2562059,0,False,0,0,0,0,0,0,0,0,0,0,0,0,0,0.0,0.0,0.0,0.0,0,0,0,0,0,0.00,0.00,0.00,0.00,43,170,10832,588,418
511,485047,Felipe,Rodrigues da Silva,2562072,0,False,0,0,0,0,0,0,0,0,0,0,0,0,0,0.0,0.0,0.0,0.0,0,0,0,0,0,0.00,0.00,0.00,0.00,43,-94,10804,339,433
511,485047,Felipe,Rodrigues da Silva,2562082,0,False,0,0,0,0,0,0,0,0,0,0,0,0,0,0.0,0.0,0.0,0.0,0,0,0,0,0,0.00,0.00,0.00,0.00,43,-212,10776,187,399
511,485047,Felipe,Rodrigues da Silva,2562086,0,False,0,0,0,0,0,0,0,0,0,0,0,0,0,0.0,0.0,0.0,0.0,0,0,0,0,0,0.00,0.00,0.00,0.00,43,-198,10587,121,319
511,485047,Felipe,Rodrigues da Silva,2562104,1,False,1,0,0,0,0,0,0,0,0,0,0,0,2,0.0,0.3,0.0,0.0,0,0,0,0,0,0.00,0.00,0.00,0.00,43,-182,10470,101,283
511,485047,Felipe,Rodrigues da Silva,2562111,0,False,0,0,0,0,0,0,0,0,0,0,0,0,0,0.0,0.0,0.0,0.0,0,0,0,0,0,0.00,0.00,0.00,0.00,43,-246,10358,85,331
511,485047,Felipe,Rodrigues da Silva,2562117,1,False,3,0,0,0,0,0,0,0,0,0,0,0,6,4.0,0.0,0.0,0.4,1,0,1,2,0,0.00,0.00,0.00,0.14,43,-120,10297,69,189
511,485047,Felipe,Rodrigues da Silva,2562131,1,False,45,0,0,0,0,0,0,0,0,0,0,0,7,6.4,0.1,2.0,0.9,4,0,1,5,0,0.00,0.00,0.00,0.29,43,-65,10318,117,182
511,485047,Felipe,Rodrigues da Silva,2562140,3,False,90,0,0,0,3,0,0,0,0,0,0,0,5,25.6,0.2,9.0,3.5,9,8,2,11,1,0.43,0.01,0.44,2.50,43,12,10407,190,178
511,485047,Felipe,Rodrigues da Silva,2562151,8,False,90,0,0,1,0,0,0,0,0,0,0,0,30,23.6,11.4,43.0,7.8,8,7,2,10,1,0.37,0.01,0.38,0.42,43,341,10952,506,165
511,485047,Felipe,Rodrigues da Silva,2562161,0,False,0,0,0,0,0,0,0,0,0,0,0,0,0,0.0,0.0,0.0,0.0,0,0,0,0,0,0.00,0.00,0.00,0.00,43,-9,10876,249,258
511,485047,Felipe,Rodrigues da Silva,2562167,0,False,0,0,0,0,0,0,0,0,0,0,0,0,0,0.0,0.0,0.0,0.0,0,0,0,0,0,0.00,0.00,0.00,0.00,43,-70,10843,108,178
511,485047,Felipe,Rodrigues da Silva,2562181,1,False,1,0,0,0,0,0,0,0,0,0,0,0,14,9.0,0.0,0.0,0.9,4,0,0,4,0,0.00,0.00,0.00,0.79,43,-90,10796,93,183
511,485047,Felipe,Rodrigues da Silva,2562192,0,False,0,0,0,0,0,0,0,0,0,0,0,0,0,0.0,0.0,0.0,0.0,0,0,0,0,0,0.00,0.00,0.00,0.00,43,50,10941,224,174
511,485047,Felipe,Rodrigues da Silva,2562203,0,False,0,0,0,0,0,0,0,0,0,0,0,0,0,0.0,0.0,0.0,0.0,0,0,0,0,0,0.00,0.00,0.00,0.00,43,-57,10943,66,123
511,485047,Felipe,Rodrigues da Silva,2562212,0,False,0,0,0,0,0,0,0,0,0,0,0,0,0,0.0,0.0,0.0,0.0,0,0,0,0,0,0.00,0.00,0.00,0.00,43,-63,10916,87,150
511,485047,Felipe,Rodrigues da Silva,2562223,1,False,2,0,0,0,0,0,0,0,0,0,0,0,3,1.2,0.2,0.0,0.1,0,0,0,0,0,0.00,0.00,0.00,0.00,43,-53,10898,88,141
511,485047,Felipe,Rodrigues da Silva,2562232,1,False,40,0,0,0,0,0,0,0,0,0,0,0,6,12.6,0.1,0.0,1.3,6,0,1,7,0,0.00,0.00,0.00,0.36,43,48,11152,135,87
511,485047,Felipe,Rodrigues da Silva,2562239,1,False,90,0,0,0,1,0,0,0,1,0,0,0,1,12.4,0.0,2.0,1.4,3,1,1,4,1,0.00,0.00,0.00,2.15,43,-32,10999,79,111
511,485047,Felipe,Rodrigues da Silva,2562251,2,False,90,0,0,0,1,0,0,0,0,0,0,0,10,25.0,12.4,0.0,3.7,8,3,1,9,1,0.00,0.07,0.07,1.48,43,41,11092,158,117
511,485047,Felipe,Rodrigues da Silva,2562262,9,False,90,1,0,0,3,0,0,0,0,0,0,0,17,60.0,3.8,33.0,9.7,8,1,2,10,1,0.49,0.00,0.49,4.57,43,161,11284,280,119
511,485047,Felipe,Rodrigues da Silva,2562271,4,False,90,0,0,0,1,0,0,0,0,0,0,0,8,26.2,0.3,2.0,2.9,11,1,1,12,1,0.00,0.00,0.00,0.95,43,2199,13893,2501,302
512,204822,Omar,Richards,2561898,0,False,0,0,0,0,0,0,0,0,0,0,0,0,0,0.0,0.0,0.0,0.0,0,0,0,0,0,0.00,0.00,0.00,0.00,45,0,4215,0,0
512,204822,Omar,Richards,2561909,0,False,0,0,0,0,0,0,0,0,0,0,0,0,0,0.0,0.0,0.0,0.0,0,0,0,0,0,0.00,0.00,0.00,0.00,45,-494,5138,189,683
512,204822,Omar,Richards,2561921,0,False,0,0,0,0,0,0,0,0,0,0,0,0,0,0.0,0.0,0.0,0.0,0,0,0,0,0,0.00,0.00,0.00,0.00,45,-514,5056,125,639
512,204822,Omar,Richards,2561926,0,False,0,0,0,0,0,0,0,0,0,0,0,0,0,0.0,0.0,0.0,0.0,0,0,0,0,0,0.00,0.00,0.00,0.00,45,-1035,4136,31,1066
512,204822,Omar,Richards,2561938,0,False,0,0,0,0,0,0,0,0,0,0,0,0,0,0.0,0.0,0.0,0.0,0,0,0,0,0,0.00,0.00,0.00,0.00,45,-586,3583,0,586
512,204822,Omar,Richards,2561953,0,False,0,0,0,0,0,0,0,0,0,0,0,0,0,0.0,0.0,0.0,0.0,0,0,0,0,0,0.00,0.00,0.00,0.00,45,-336,3254,0,336
512,204822,Omar,Richards,2561963,0,False,0,0,0,0,0,0,0,0,0,0,0,0,0,0.0,0.0,0.0,0.0,0,0,0,0,0,0.00,0.00,0.00,0.00,45,-180,3082,0,180
512,204822,Omar,Richards,2561971,0,False,0,0,0,0,0,0,0,0,0,0,0,0,0,0.0,0.0,0.0,0.0,0,0,0,0,0,0.00,0.00,0.00,0.00,45,-163,2921,0,163
512,204822,Omar,Richards,2561975,0,False,0,0,0,0,0,0,0,0,0,0,0,0,0,0.0,0.0,0.0,0.0,0,0,0,0,0,0.00,0.00,0.00,0.00,45,-60,2868,0,60
512,204822,Omar,Richards,2561991,0,False,0,0,0,0,0,0,0,0,0,0,0,0,0,0.0,0.0,0.0,0.0,0,0,0,0,0,0.00,0.00,0.00,0.00,45,-65,2802,0,65
512,204822,Omar,Richards,2562001,0,False,0,0,0,0,0,0,0,0,0,0,0,0,0,0.0,0.0,0.0,0.0,0,0,0,0,0,0.00,0.00,0.00,0.00,45,-61,2743,0,61
512,204822,Omar,Richards,2562011,0,False,0,0,0,0,0,0,0,0,0,0,0,0,0,0.0,0.0,0.0,0.0,0,0,0,0,0,0.00,0.00,0.00,0.00,45,-57,2685,0,57
512,204822,Omar,Richards,2562021,0,False,0,0,0,0,0,0,0,0,0,0,0,0,0,0.0,0.0,0.0,0.0,0,0,0,0,0,0.00,0.00,0.00,0.00,45,-28,2655,0,28
512,204822,Omar,Richards,2562034,0,False,0,0,0,0,0,0,0,0,0,0,0,0,0,0.0,0.0,0.0,0.0,0,0,0,0,0,0.00,0.00,0.00,0.00,45,-23,2636,0,23
512,204822,Omar,Richards,2562038,0,False,0,0,0,0,0,0,0,0,0,0,0,0,0,0.0,0.0,0.0,0.0,0,0,0,0,0,0.00,0.00,0.00,0.00,45,-22,2612,0,22
512,204822,Omar,Richards,2562052,0,False,0,0,0,0,0,0,0,0,0,0,0,0,0,0.0,0.0,0.0,0.0,0,0,0,0,0,0.00,0.00,0.00,0.00,45,-31,2582,0,31
512,204822,Omar,Richards,2562059,0,False,0,0,0,0,0,0,0,0,0,0,0,0,0,0.0,0.0,0.0,0.0,0,0,0,0,0,0.00,0.00,0.00,0.00,45,-29,2553,0,29
512,204822,Omar,Richards,2562072,0,False,0,0,0,0,0,0,0,0,0,0,0,0,0,0.0,0.0,0.0,0.0,0,0,0,0,0,0.00,0.00,0.00,0.00,45,-13,2540,0,13
512,204822,Omar,Richards,2562082,0,False,0,0,0,0,0,0,0,0,0,0,0,0,0,0.0,0.0,0.0,0.0,0,0,0,0,0,0.00,0.00,0.00,0.00,45,-8,2531,0,8
512,204822,Omar,Richards,2562086,0,False,0,0,0,0,0,0,0,0,0,0,0,0,0,0.0,0.0,0.0,0.0,0,0,0,0,0,0.00,0.00,0.00,0.00,45,-5,2527,0,5
512,204822,Omar,Richards,2562104,0,False,0,0,0,0,0,0,0,0,0,0,0,0,0,0.0,0.0,0.0,0.0,0,0,0,0,0,0.00,0.00,0.00,0.00,45,-12,2516,0,12
512,204822,Omar,Richards,2562111,0,False,0,0,0,0,0,0,0,0,0,0,0,0,0,0.0,0.0,0.0,0.0,0,0,0,0,0,0.00,0.00,0.00,0.00,45,-13,2501,0,13
512,204822,Omar,Richards,2562117,0,False,0,0,0,0,0,0,0,0,0,0,0,0,0,0.0,0.0,0.0,0.0,0,0,0,0,0,0.00,0.00,0.00,0.00,45,-5,2498,0,5
512,204822,Omar,Richards,2562131,0,False,0,0,0,0,0,0,0,0,0,0,0,0,0,0.0,0.0,0.0,0.0,0,0,0,0,0,0.00,0.00,0.00,0.00,45,-12,2485,0,12
512,204822,Omar,Richards,2562140,0,False,0,0,0,0,0,0,0,0,0,0,0,0,0,0.0,0.0,0.0,0.0,0,0,0,0,0,0.00,0.00,0.00,0.00,45,-11,2475,0,11
512,204822,Omar,Richards,2562151,0,False,0,0,0,0,0,0,0,0,0,0,0,0,0,0.0,0.0,0.0,0.0,0,0,0,0,0,0.00,0.00,0.00,0.00,45,-5,2470,0,5
512,204822,Omar,Richards,2562161,0,False,0,0,0,0,0,0,0,0,0,0,0,0,0,0.0,0.0,0.0,0.0,0,0,0,0,0,0.00,0.00,0.00,0.00,45,-4,2465,0,4
512,204822,Omar,Richards,2562167,0,False,0,0,0,0,0,0,0,0,0,0,0,0,0,0.0,0.0,0.0,0.0,0,0,0,0,0,0.00,0.00,0.00,0.00,45,-3,2463,0,3
512,204822,Omar,Richards,2562181,0,False,0,0,0,0,0,0,0,0,0,0,0,0,0,0.0,0.0,0.0,0.0,0,0,0,0,0,0.00,0.00,0.00,0.00,45,-3,2460,0,3
512,204822,Omar,Richards,2562192,0,False,0,0,0,0,0,0,0,0,0,0,0,0,0,0.0,0.0,0.0,0.0,0,0,0,0,0,0.00,0.00,0.00,0.00,45,-5,2454,0,5
512,204822,Omar,Richards,2562203,0,False,0,0,0,0,0,0,0,0,0,0,0,0,0,0.0,0.0,0.0,0.0,0,0,0,0,0,0.00,0.00,0.00,0.00,45,-2,2452,0,2
512,204822,Omar,Richards,2562212,0,False,0,0,0,0,0,0,0,0,0,0,0,0,0,0.0,0.0,0.0,0.0,0,0,0,0,0,0.00,0.00,0.00,0.00,45,-3,2450,0,3
512,204822,Omar,Richards,2562223,0,False,0,0,0,0,0,0,0,0,0,0,0,0,0,0.0,0.0,0.0,0.0,0,0,0,0,0,0.00,0.00,0.00,0.00,45,0,2450,0,0
512,204822,Omar,Richards,2562232,0,False,0,0,0,0,0,0,0,0,0,0,0,0,0,0.0,0.0,0.0,0.0,0,0,0,0,0,0.00,0.00,0.00,0.00,45,-2,2448,0,2
512,204822,Omar,Richards,2562239,0,False,0,0,0,0,0,0,0,0,0,0,0,0,0,0.0,0.0,0.0,0.0,0,0,0,0,0,0.00,0.00,0.00,0.00,45,-2,2447,0,2
512,204822,Omar,Richards,2562251,0,False,0,0,0,0,0,0,0,0,0,0,0,0,0,0.0,0.0,0.0,0.0,0,0,0,0,0,0.00,0.00,0.00,0.00,45,-3,2444,0,3
512,204822,Omar,Richards,2562262,0,False,0,0,0,0,0,0,0,0,0,0,0,0,0,0.0,0.0,0.0,0.0,0,0,0,0,0,0.00,0.00,0.00,0.00,45,-4,2439,0,4
512,204822,Omar,Richards,2562271,0,False,0,0,0,0,0,0,0,0,0,0,0,0,0,0.0,0.0,0.0,0.0,0,0,0,0,0,0.00,0.00,0.00,0.00,45,-4,2436,0,4
513,549067,Zach,Abbott,2561898,0,False,0,0,0,0,0,0,0,0,0,0,0,0,0,0.0,0.0,0.0,0.0,0,0,0,0,0,0.00,0.00,0.00,0.00,40,0,18923,0,0
513,549067,Zach,Abbott,2561909,0,False,0,0,0,0,0,0,0,0,0,0,0,0,0,0.0,0.0,0.0,0.0,0,0,0,0,0,0.00,0.00,0.00,0.00,40,-1294,22352,816,2110
513,549067,Zach,Abbott,2561921,0,False,0,0,0,0,0,0,0,0,0,0,0,0,0,0.0,0.0,0.0,0.0,0,0,0,0,0,0.00,0.00,0.00,0.00,40,-1935,21779,475,2410
513,549067,Zach,Abbott,2561926,0,False,0,0,0,0,0,0,0,0,0,0,0,0,0,0.0,0.0,0.0,0.0,0,0,0,0,0,0.00,0.00,0.00,0.00,40,-1378,21547,408,1786
513,549067,Zach,Abbott,2561938,0,False,0,0,0,0,0,0,0,0,0,0,0,0,0,0.0,0.0,0.0,0.0,0,0,0,0,0,0.00,0.00,0.00,0.00,40,-938,21110,321,1259
513,549067,Zach,Abbott,2561953,0,False,0,0,0,0,0,0,0,0,0,0,0,0,0,0.0,0.0,0.0,0.0,0,0,0,0,0,0.00,0.00,0.00,0.00,39,914,23418,2157,1243
513,549067,Zach,Abbott,2561963,0,False,0,0,0,0,0,0,0,0,0,0,0,0,0,0.0,0.0,0.0,0.0,0,0,0,0,0,0.00,0.00,0.00,0.00,39,-151,23300,894,1045
513,549067,Zach,Abbott,2561971,0,False,0,0,0,0,0,0,0,0,0,0,0,0,0,0.0,0.0,0.0,0.0,0,0,0,0,0,0.00,0.00,0.00,0.00,39,-301,23716,793,1094
513,549067,Zach,Abbott,2561975,0,False,0,0,0,0,0,0,0,0,0,0,0,0,0,0.0,0.0,0.0,0.0,0,0,0,0,0,0.00,0.00,0.00,0.00,39,-390,23634,376,766
513,549067,Zach,Abbott,2561991,0,False,0,0,0,0,0,0,0,0,0,0,0,0,0,0.0,0.0,0.0,0.0,0,0,0,0,0,0.00,0.00,0.00,0.00,39,-572,23381,218,790
513,549067,Zach,Abbott,2562001,0,False,0,0,0,0,0,0,0,0,0,0,0,0,0,0.0,0.0,0.0,0.0,0,0,0,0,0,0.00,0.00,0.00,0.00,39,-476,23146,150,626
513,549067,Zach,Abbott,2562011,0,False,0,0,0,0,0,0,0,0,0,0,0,0,0,0.0,0.0,0.0,0.0,0,0,0,0,0,0.00,0.00,0.00,0.00,39,-441,23012,111,552
513,549067,Zach,Abbott,2562021,0,False,0,0,0,0,0,0,0,0,0,0,0,0,0,0.0,0.0,0.0,0.0,0,0,0,0,0,0.00,0.00,0.00,0.00,39,-369,22825,89,458
513,549067,Zach,Abbott,2562034,0,False,0,0,0,0,0,0,0,0,0,0,0,0,0,0.0,0.0,0.0,0.0,0,0,0,0,0,0.00,0.00,0.00,0.00,39,-175,22787,83,258
513,549067,Zach,Abbott,2562038,1,False,45,0,0,0,1,0,0,0,0,0,0,0,5,15.6,0.6,0.0,1.6,6,1,1,7,0,0.00,0.00,0.00,0.63,39,26,22932,399,373
513,549067,Zach,Abbott,2562052,0,False,0,0,0,0,0,0,0,0,0,0,0,0,0,0.0,0.0,0.0,0.0,0,0,0,0,0,0.00,0.00,0.00,0.00,38,1378,27634,2463,1085
513,549067,Zach,Abbott,2562059,0,False,0,0,0,0,0,0,0,0,0,0,0,0,0,0.0,0.0,0.0,0.0,0,0,0,0,0,0.00,0.00,0.00,0.00,38,5045,35679,6117,1072
513,549067,Zach,Abbott,2562072,0,False,0,0,0,0,0,0,0,0,0,0,0,0,0,0.0,0.0,0.0,0.0,0,0,0,0,0,0.00,0.00,0.00,0.00,38,3946,46354,5630,1684
513,549067,Zach,Abbott,2562082,0,False,0,0,0,0,0,0,0,0,0,0,0,0,0,0.0,0.0,0.0,0.0,0,0,0,0,0,0.00,0.00,0.00,0.00,38,-82,40803,1856,1938
513,549067,Zach,Abbott,2562086,0,False,0,0,0,0,0,0,0,0,0,0,0,0,0,0.0,0.0,0.0,0.0,0,0,0,0,0,0.00,0.00,0.00,0.00,38,-668,34790,650,1318
513,549067,Zach,Abbott,2562104,0,False,0,0,0,0,0,0,0,0,0,0,0,0,0,0.0,0.0,0.0,0.0,0,0,0,0,0,0.00,0.00,0.00,0.00,38,-848,33996,368,1216
513,549067,Zach,Abbott,2562111,0,False,0,0,0,0,0,0,0,0,0,0,0,0,0,0.0,0.0,0.0,0.0,0,0,0,0,0,0.00,0.00,0.00,0.00,38,-856,33414,382,1238
513,549067,Zach,Abbott,2562117,0,False,0,0,0,0,0,0,0,0,0,0,0,0,0,0.0,0.0,0.0,0.0,0,0,0,0,0,0.00,0.00,0.00,0.00,38,-236,33360,461,697
513,549067,Zach,Abbott,2562131,0,False,0,0,0,0,0,0,0,0,0,0,0,0,0,0.0,0.0,0.0,0.0,0,0,0,0,0,0.00,0.00,0.00,0.00,38,-422,33156,494,916
513,549067,Zach,Abbott,2562140,1,False,75,0,0,0,3,0,0,0,0,0,0,0,-4,9.8,5.7,0.0,1.6,2,7,1,3,1,0.00,0.01,0.01,2.50,38,-235,33058,469,704
513,549067,Zach,Abbott,2562151,0,False,0,0,0,0,0,0,0,0,0,0,0,0,0,0.0,0.0,0.0,0.0,0,0,0,0,0,0.00,0.00,0.00,0.00,38,227,33831,877,650
513,549067,Zach,Abbott,2562161,0,False,0,0,0,0,0,0,0,0,0,0,0,0,0,0.0,0.0,0.0,0.0,0,0,0,0,0,0.00,0.00,0.00,0.00,38,9,33669,638,629
513,549067,Zach,Abbott,2562167,0,False,0,0,0,0,0,0,0,0,0,0,0,0,0,0.0,0.0,0.0,0.0,0,0,0,0,0,0.00,0.00,0.00,0.00,38,73,33960,531,458
513,549067,Zach,Abbott,2562181,0,False,0,0,0,0,0,0,0,0,0,0,0,0,0,0.0,0.0,0.0,0.0,0,0,0,0,0,0.00,0.00,0.00,0.00,38,-37,33936,525,562
513,549067,Zach,Abbott,2562192,0,False,0,0,0,0,0,0,0,0,0,0,0,0,0,0.0,0.0,0.0,0.0,0,0,0,0,0,0.00,0.00,0.00,0.00,38,-105,33976,458,563
513,549067,Zach,Abbott,2562203,0,False,0,0,0,0,0,0,0,0,0,0,0,0,0,0.0,0.0,0.0,0.0,0,0,0,0,0,0.00,0.00,0.00,0.00,38,-348,33761,125,473
513,549067,Zach,Abbott,2562212,0,False,0,0,0,0,0,0,0,0,0,0,0,0,0,0.0,0.0,0.0,0.0,0,0,0,0,0,0.00,0.00,0.00,0.00,38,-301,33509,113,414
513,549067,Zach,Abbott,2562223,0,False,0,0,0,0,0,0,0,0,0,0,0,0,0,0.0,0.0,0.0,0.0,0,0,0,0,0,0.00,0.00,0.00,0.00,38,-400,33117,90,490
513,549067,Zach,Abbott,2562232,0,False,0,0,0,0,0,0,0,0,0,0,0,0,0,0.0,0.0,0.0,0.0,0,0,0,0,0,0.00,0.00,0.00,0.00,38,-144,33894,190,334
513,549067,Zach,Abbott,2562239,1,False,45,0,0,0,0,0,0,0,0,0,0,0,2,0.0,0.1,0.0,0.0,1,2,2,3,1,0.00,0.00,0.00,0.34,38,-248,32908,93,341
513,549067,Zach,Abbott,2562251,0,False,0,0,0,0,0,0,0,0,0,0,0,0,0,0.0,0.0,0.0,0.0,0,0,0,0,0,0.00,0.00,0.00,0.00,38,-529,32386,62,591
513,549067,Zach,Abbott,2562262,0,False,0,0,0,0,0,0,0,0,0,0,0,0,0,0.0,0.0,0.0,0.0,0,0,0,0,0,0.00,0.00,0.00,0.00,38,-459,31941,29,488
513,549067,Zach,Abbott,2562271,0,False,0,0,0,0,0,0,0,0,0,0,0,0,0,0.0,0.0,0.0,0.0,0,0,0,0,0,0.00,0.00,0.00,0.00,38,-149,31884,180,329
514,90585,Willy,Boly,2561898,0,False,0,0,0,0,0,0,0,0,0,0,0,0,0,0.0,0.0,0.0,0.0,0,0,0,0,0,0.00,0.00,0.00,0.00,40,0,49986,0,0
514,90585,Willy,Boly,2561909,0,False,0,0,0,0,0,0,0,0,0,0,0,0,0,0.0,0.0,0.0,0.0,0,0,0,0,0,0.00,0.00,0.00,0.00,40,-2868,54244,2073,4941
514,90585,Willy,Boly,2561921,0,False,0,0,0,0,0,0,0,0,0,0,0,0,0,0.0,0.0,0.0,0.0,0,0,0,0,0,0.00,0.00,0.00,0.00,40,-4826,50677,1240,6066
514,90585,Willy,Boly,2561926,0,False,0,0,0,0,0,0,0,0,0,0,0,0,0,0.0,0.0,0.0,0.0,0,0,0,0,0,0.00,0.00,0.00,0.00,40,-3731,48714,1008,4739
514,90585,Willy,Boly,2561938,0,False,0,0,0,0,0,0,0,0,0,0,0,0,0,0.0,0.0,0.0,0.0,0,0,0,0,0,0.00,0.00,0.00,0.00,39,-1047,49048,2133,3180
514,90585,Willy,Boly,2561953,0,False,0,0,0,0,0,0,0,0,0,0,0,0,0,0.0,0.0,0.0,0.0,0,0,0,0,0,0.00,0.00,0.00,0.00,39,6762,60414,10965,4203
514,90585,Willy,Boly,2561963,0,False,0,0,0,0,0,0,0,0,0,0,0,0,0,0.0,0.0,0.0,0.0,0,0,0,0,0,0.00,0.00,0.00,0.00,39,323,59002,3643,3320
514,90585,Willy,Boly,2561971,0,False,0,0,0,0,0,0,0,0,0,0,0,0,0,0.0,0.0,0.0,0.0,0,0,0,0,0,0.00,0.00,0.00,0.00,39,-462,59203,2875,3337
514,90585,Willy,Boly,2561975,0,False,0,0,0,0,0,0,0,0,0,0,0,0,0,0.0,0.0,0.0,0.0,0,0,0,0,0,0.00,0.00,0.00,0.00,39,-1442,58036,1215,2657
514,90585,Willy,Boly,2561991,0,False,0,0,0,0,0,0,0,0,0,0,0,0,0,0.0,0.0,0.0,0.0,0,0,0,0,0,0.00,0.00,0.00,0.00,39,-1744,56601,749,2493
514,90585,Willy,Boly,2562001,0,False,0,0,0,0,0,0,0,0,0,0,0,0,0,0.0,0.0,0.0,0.0,0,0,0,0,0,0.00,0.00,0.00,0.00,39,-1594,55251,397,1991
514,90585,Willy,Boly,2562011,0,False,0,0,0,0,0,0,0,0,0,0,0,0,0,0.0,0.0,0.0,0.0,0,0,0,0,0,0.00,0.00,0.00,0.00,39,-1493,54060,263,1756
514,90585,Willy,Boly,2562021,0,False,0,0,0,0,0,0,0,0,0,0,0,0,0,0.0,0.0,0.0,0.0,0,0,0,0,0,0.00,0.00,0.00,0.00,39,-1162,53051,166,1328
514,90585,Willy,Boly,2562034,0,False,0,0,0,0,0,0,0,0,0,0,0,0,0,0.0,0.0,0.0,0.0,0,0,0,0,0,0.00,0.00,0.00,0.00,39,-771,52506,172,943
514,90585,Willy,Boly,2562038,0,False,0,0,0,0,0,0,0,0,0,0,0,0,0,0.0,0.0,0.0,0.0,0,0,0,0,0,0.00,0.00,0.00,0.00,39,-521,52118,638,1159
514,90585,Willy,Boly,2562052,0,False,0,0,0,0,0,0,0,0,0,0,0,0,0,0.0,0.0,0.0,0.0,0,0,0,0,0,0.00,0.00,0.00,0.00,38,-1117,54061,2093,3210
514,90585,Willy,Boly,2562059,0,False,0,0,0,0,0,0,0,0,0,0,0,0,0,0.0,0.0,0.0,0.0,0,0,0,0,0,0.00,0.00,0.00,0.00,38,-2671,50585,1486,4157
514,90585,Willy,Boly,2562072,0,False,0,0,0,0,0,0,0,0,0,0,0,0,0,0.0,0.0,0.0,0.0,0,0,0,0,0,0.00,0.00,0.00,0.00,38,-1028,52382,1766,2794
514,90585,Willy,Boly,2562082,0,False,0,0,0,0,0,0,0,0,0,0,0,0,0,0.0,0.0,0.0,0.0,0,0,0,0,0,0.00,0.00,0.00,0.00,38,-1681,47769,467,2148
514,90585,Willy,Boly,2562086,0,False,0,0,0,0,0,0,0,0,0,0,0,0,0,0.0,0.0,0.0,0.0,0,0,0,0,0,0.00,0.00,0.00,0.00,38,-1035,45351,238,1273
514,90585,Willy,Boly,2562104,0,False,0,0,0,0,0,0,0,0,0,0,0,0,0,0.0,0.0,0.0,0.0,0,0,0,0,0,0.00,0.00,0.00,0.00,38,-1095,44271,113,1208
514,90585,Willy,Boly,2562111,0,False,0,0,0,0,0,0,0,0,0,0,0,0,0,0.0,0.0,0.0,0.0,0,0,0,0,0,0.00,0.00,0.00,0.00,38,-233,44510,857,1090
514,90585,Willy,Boly,2562117,0,False,0,0,0,0,0,0,0,0,0,0,0,0,0,0.0,0.0,0.0,0.0,0,0,0,0,0,0.00,0.00,0.00,0.00,38,884,45771,1498,614
514,90585,Willy,Boly,2562131,0,False,0,0,0,0,0,0,0,0,0,0,0,0,0,0.0,0.0,0.0,0.0,0,0,0,0,0,0.00,0.00,0.00,0.00,38,801,46910,1757,956
514,90585,Willy,Boly,2562140,0,False,0,0,0,0,0,0,0,0,0,0,0,0,0,0.0,0.0,0.0,0.0,0,0,0,0,0,0.00,0.00,0.00,0.00,38,909,48154,1806,897
514,90585,Willy,Boly,2562151,0,False,0,0,0,0,0,0,0,0,0,0,0,0,0,0.0,0.0,0.0,0.0,0,0,0,0,0,0.00,0.00,0.00,0.00,38,979,50057,1849,870
514,90585,Willy,Boly,2562161,0,False,0,0,0,0,0,0,0,0,0,0,0,0,0,0.0,0.0,0.0,0.0,0,0,0,0,0,0.00,0.00,0.00,0.00,38,-1188,47731,518,1706
514,90585,Willy,Boly,2562167,0,False,0,0,0,0,0,0,0,0,0,0,0,0,0,0.0,0.0,0.0,0.0,0,0,0,0,0,0.00,0.00,0.00,0.00,38,-842,46968,230,1072
514,90585,Willy,Boly,2562181,0,False,0,0,0,0,0,0,0,0,0,0,0,0,0,0.0,0.0,0.0,0.0,0,0,0,0,0,0.00,0.00,0.00,0.00,38,-749,46187,206,955
514,90585,Willy,Boly,2562192,0,False,0,0,0,0,0,0,0,0,0,0,0,0,0,0.0,0.0,0.0,0.0,0,0,0,0,0,0.00,0.00,0.00,0.00,38,-701,45528,267,968
514,90585,Willy,Boly,2562203,0,False,0,0,0,0,0,0,0,0,0,0,0,0,0,0.0,0.0,0.0,0.0,0,0,0,0,0,0.00,0.00,0.00,0.00,38,-681,44644,84,765
514,90585,Willy,Boly,2562212,0,False,0,0,0,0,0,0,0,0,0,0,0,0,0,0.0,0.0,0.0,0.0,0,0,0,0,0,0.00,0.00,0.00,0.00,38,-504,44383,117,621
514,90585,Willy,Boly,2562223,0,False,0,0,0,0,0,0,0,0,0,0,0,0,0,0.0,0.0,0.0,0.0,0,0,0,0,0,0.00,0.00,0.00,0.00,38,-594,43800,99,693
514,90585,Willy,Boly,2562232,0,False,0,0,0,0,0,0,0,0,0,0,0,0,0,0.0,0.0,0.0,0.0,0,0,0,0,0,0.00,0.00,0.00,0.00,38,-404,43979,155,559
514,90585,Willy,Boly,2562239,0,False,0,0,0,0,0,0,0,0,0,0,0,0,0,0.0,0.0,0.0,0.0,0,0,0,0,0,0.00,0.00,0.00,0.00,38,-300,43112,117,417
514,90585,Willy,Boly,2562251,0,False,0,0,0,0,0,0,0,0,0,0,0,0,0,0.0,0.0,0.0,0.0,0,0,0,0,0,0.00,0.00,0.00,0.00,38,-294,42879,181,475
514,90585,Willy,Boly,2562262,0,False,0,0,0,0,0,0,0,0,0,0,0,0,0,0.0,0.0,0.0,0.0,0,0,0,0,0,0.00,0.00,0.00,0.00,38,-224,42641,151,375
514,90585,Willy,Boly,2562271,0,False,0,0,0,0,0,0,0,0,0,0,0,0,0,0.0,0.0,0.0,0.0,0,0,0,0,0,0.00,0.00,0.00,0.00,38,-320,42331,235,555
515,222531,Morgan,Gibbs-White,2561898,5,False,83,0,1,0,1,0,0,0,0,0,0,0,23,28.8,51.8,15.0,9.6,1,2,1,4,1,0.38,0.28,0.66,1.50,75,0,500210,0,0
515,222531,Morgan,Gibbs-White,2561909,2,False,81,0,0,0,1,0,0,0,0,0,0,0,7,0.0,20.5,4.0,2.2,0,1,0,1,1,0.11,0.10,0.21,1.10,75,-16569,550967,34109,50678
515,222531,Morgan,Gibbs-White,2561921,2,False,90,0,0,0,3,0,0,0,0,0,0,0,13,7.6,11.2,31.0,5.0,0,5,1,6,1,0.15,0.08,0.23,2.42,75,117293,754402,177897,60604
515,222531,Morgan,Gibbs-White,2561926,2,False,72,0,0,0,2,0,0,0,0,0,0,0,4,0.0,6.8,6.0,1.2,1,3,0,4,1,0.04,0.01,0.05,1.75,75,-98792,605945,36853,135645
515,222531,Morgan,Gibbs-White,2561938,2,False,90,0,0,0,1,0,0,0,0,0,0,0,16,15.0,28.7,25.0,6.9,3,3,0,6,1,0.08,0.05,0.13,0.85,75,-3629,628944,67237,70866
515,222531,Morgan,Gibbs-White,2561953,1,False,45,0,0,0,0,0,0,0,0,0,0,0,8,5.0,17.1,15.0,3.7,1,1,0,2,0,0.11,0.05,0.16,0.75,75,-73491,552813,16675,90166
515,222531,Morgan,Gibbs-White,2561963,4,False,90,0,0,0,2,0,0,0,0,0,0,0,19,14.2,7.9,21.0,4.3,5,8,0,13,1,0.12,0.08,0.20,3.28,74,-96321,457073,4634,100955
515,222531,Morgan,Gibbs-White,2561971,2,False,90,0,0,0,3,0,0,0,0,0,0,0,7,0.0,13.7,17.0,3.0,2,4,0,6,1,0.50,0.20,0.70,1.67,74,-63682,399940,7401,71083
515,222531,Morgan,Gibbs-White,2561975,2,False,88,0,0,0,2,0,0,0,0,0,0,0,9,4.2,18.0,12.0,3.4,2,2,0,4,1,0.10,0.05,0.15,0.59,73,-29169,373839,6418,35587
515,222531,Morgan,Gibbs-White,2561991,8,False,90,1,0,0,2,0,0,0,0,0,0,1,30,40.0,23.3,24.0,8.7,1,3,0,4,1,0.27,0.04,0.31,1.12,73,-29182,346531,5104,34286
515,222531,Morgan,Gibbs-White,2562001,10,False,87,1,0,0,1,0,0,0,0,0,0,3,34,39.6,3.3,55.0,9.8,0,1,0,1,1,0.63,0.04,0.67,0.53,73,42513,408809,52873,10360
515,222531,Morgan,Gibbs-White,2562011,8,False,90,1,0,1,0,0,0,0,0,0,0,0,30,40.2,8.6,21.0,7.0,2,3,0,5,1,0.25,0.03,0.28,1.93,73,-3641,391686,23218,26859
515,222531,Morgan,Gibbs-White,2562021,2,False,84,0,0,0,1,0,0,0,0,0,0,0,6,2.2,25.8,19.0,4.7,1,1,0,2,1,0.28,0.05,0.33,1.44,73,81958,511416,108983,27025
515,222531,Morgan,Gibbs-White,2562034,3,False,90,0,0,1,0,0,0,0,0,0,0,0,16,19.2,47.1,4.0,7.0,0,0,4,4,1,0.00,0.13,0.13,0.91,73,-11580,465096,21431,33011
515,222531,Morgan,Gibbs-White,2562038,2,False,90,0,0,0,3,0,0,0,0,0,0,0,7,5.6,3.0,2.0,1.1,2,3,1,6,1,0.00,0.01,0.01,1.12,73,-23516,439139,12772,36288
515,222531,Morgan,Gibbs-White,2562052,3,False,90,0,0,1,0,0,0,0,0,0,0,0,5,3.6,8.6,18.0,3.0,0,1,1,2,1,0.73,0.03,0.76,0.33,73,-57948,383001,12817,70765
515,222531,Morgan,Gibbs-White,2562059,2,False,72,0,0,0,1,0,0,0,0,0,0,0,10,6.0,25.7,9.0,4.1,1,3,0,4,1,0.13,0.06,0.19,1.19,73,-11375,375468,14898,26273
515,222531,Morgan,Gibbs-White,2562072,2,False,90,0,0,0,2,0,0,0,0,0,0,0,10,9.8,15.2,2.0,2.7,2,4,1,7,1,0.00,0.04,0.04,1.45,73,-18805,354579,5613,24418
515,222531,Morgan,Gibbs-White,2562082,2,False,90,0,0,0,2,0,0,0,0,0,0,0,5,3.2,21.7,53.0,7.8,1,5,0,6,1,0.54,0.29,0.83,1.26,73,4614,369125,16614,12000
515,222531,Morgan,Gibbs-White,2562086,8,False,90,1,0,0,3,0,0,0,0,0,0,1,32,44.6,20.9,32.0,9.8,2,4,2,8,1,0.49,0.01,0.50,1.59,73,-10427,353678,5475,15902
515,222531,Morgan,Gibbs-White,2562104,9,False,90,1,0,0,1,0,0,0,0,0,0,2,32,40.0,5.6,23.0,6.9,2,5,0,7,1,0.79,0.04,0.83,0.95,73,22126,384336,31621,9495
515,222531,Morgan,Gibbs-White,2562111,3,False,90,0,0,1,0,0,0,0,0,0,0,0,6,7.0,5.2,2.0,1.4,3,0,1,4,1,0.11,0.02,0.13,2.10,73,-4300,373585,16742,21042
515,222531,Morgan,Gibbs-White,2562117,6,False,90,0,1,1,0,0,0,0,0,0,0,0,25,27.2,22.6,6.0,5.6,3,3,0,6,1,0.00,0.08,0.08,1.81,73,6522,382238,17067,10545
515,222531,Morgan,Gibbs-White,2562131,8,False,90,1,0,0,1,0,0,0,0,0,0,1,28,40.6,35.3,31.0,10.7,0,2,1,3,1,0.20,0.09,0.29,1.90,73,35987,422597,49994,14007
515,222531,Morgan,Gibbs-White,2562140,2,False,66,0,0,0,3,0,0,0,0,0,0,0,12,11.2,33.0,13.0,5.7,0,2,0,2,1,0.08,0.03,0.11,2.50,73,72568,503921,84326,11758
515,222531,Morgan,Gibbs-White,2562151,3,False,90,0,0,1,0,0,0,0,0,0,0,0,15,15.6,61.8,28.0,10.5,1,6,1,8,1,0.40,0.11,0.51,0.42,73,-4378,494935,26332,30710
515,222531,Morgan,Gibbs-White,2562161,2,False,90,0,0,1,0,0,0,0,1,0,0,0,6,11.0,45.7,16.0,7.3,2,4,0,6,1,0.24,0.04,0.28,1.09,73,-44812,445029,8381,53193
515,222531,Morgan,Gibbs-White,2562167,9,False,90,1,0,0,2,0,0,0,0,0,0,2,37,48.0,38.5,29.0,11.6,1,2,0,3,1,0.18,0.05,0.23,1.31,73,-10890,436578,10005,20895
515,222531,Morgan,Gibbs-White,2562181,8,False,89,1,0,0,2,0,0,0,0,0,0,1,31,41.6,15.3,55.0,11.2,0,5,1,6,1,0.71,0.02,0.73,1.34,73,-721,436670,16059,16780
515,222531,Morgan,Gibbs-White,2562192,3,False,73,0,0,1,0,0,0,0,0,0,0,0,14,5.0,7.7,11.0,2.4,0,5,0,5,1,0.07,0.01,0.08,1.03,73,135621,579195,143060,7439
515,222531,Morgan,Gibbs-White,2562203,8,False,90,1,0,1,0,0,0,0,0,0,0,0,26,38.0,2.1,17.0,5.7,3,1,1,5,1,0.63,0.01,0.64,1.14,74,56458,752159,70064,13606
515,222531,Morgan,Gibbs-White,2562212,2,False,83,0,0,0,1,0,0,0,0,0,0,0,3,2.4,2.8,30.0,3.5,0,3,0,3,1,0.31,0.03,0.34,0.70,74,41701,676663,74741,33040
515,222531,Morgan,Gibbs-White,2562223,20,False,88,3,0,0,1,0,0,0,0,0,0,3,71,101.8,15.5,74.0,19.1,0,2,2,4,1,0.73,0.02,0.75,0.36,74,21339,701165,54030,32691
515,222531,Morgan,Gibbs-White,2562232,13,False,90,1,1,1,0,0,0,0,0,0,0,2,43,58.8,19.5,21.0,9.9,2,6,1,9,1,0.08,0.10,0.18,0.70,75,541122,1695692,556935,15813
515,222531,Morgan,Gibbs-White,2562239,4,False,20,0,1,0,0,0,0,0,0,0,0,0,14,17.8,10.8,4.0,3.3,1,0,0,1,0,0.00,0.55,0.55,0.05,76,399915,1639785,448299,48384
515,222531,Morgan,Gibbs-White,2562251,0,False,0,0,0,0,0,0,0,0,0,0,0,0,0,0.0,0.0,0.0,0.0,0,0,0,0,0,0.00,0.00,0.00,0.00,76,-428034,1186213,61818,489852
515,222531,Morgan,Gibbs-White,2562262,7,False,90,1,0,0,3,0,0,0,0,0,0,0,31,51.6,20.6,68.0,14.0,3,4,1,8,1,0.90,0.04,0.94,4.57,75,-290305,906527,11493,301798
515,222531,Morgan,Gibbs-White,2562271,9,False,90,1,0,0,1,0,0,0,0,0,0,2,27,37.4,26.8,23.0,8.7,0,3,0,3,1,0.47,0.04,0.51,0.95,76,289847,1234423,320321,30474
516,209046,Callum,Hudson-Odoi,2561898,2,False,90,0,0,0,1,0,0,0,0,0,0,0,20,11.8,32.3,9.0,5.3,0,0,0,0,1,0.02,0.24,0.26,1.50,60,0,118869,0,0
516,209046,Callum,Hudson-Odoi,2561909,10,False,71,1,0,0,1,0,0,0,0,0,0,3,26,35.6,3.3,24.0,6.3,1,1,1,3,1,0.31,0.02,0.33,1.10,60,-12044,116762,7349,19393
516,209046,Callum,Hudson-Odoi,2561921,2,False,88,0,0,0,2,0,0,0,0,0,0,0,16,11.2,42.3,25.0,7.9,1,2,0,3,1,0.04,0.09,0.13,1.46,60,51146,191306,67371,16225
516,209046,Callum,Hudson-Odoi,2561926,1,False,59,0,0,0,2,0,0,0,0,0,0,0,1,0.4,4.1,2.0,0.7,0,2,0,2,1,0.00,0.01,0.01,1.75,60,-9411,174587,28302,37713
516,209046,Callum,Hudson-Odoi,2561938,1,False,31,0,0,0,0,0,0,0,0,0,0,0,2,3.8,23.5,2.0,2.9,0,0,0,0,0,0.01,0.03,0.04,0.34,60,10712,192082,32649,21937
516,209046,Callum,Hudson-Odoi,2561953,1,False,30,0,0,0,0,0,0,0,0,0,0,0,5,5.8,23.3,8.0,3.7,0,0,0,0,0,0.00,0.05,0.05,0.46,60,-25997,164596,8417,34414
516,209046,Callum,Hudson-Odoi,2561963,1,False,26,0,0,0,1,0,0,0,0,0,0,0,7,7.2,1.4,17.0,2.6,1,1,0,2,0,0.07,0.01,0.08,2.25,60,-28594,136885,2700,31294
516,209046,Callum,Hudson-Odoi,2561971,1,False,37,0,0,0,1,0,0,0,0,0,0,0,9,15.2,27.5,2.0,4.5,1,2,1,4,0,0.00,0.48,0.48,0.67,59,-23205,115314,2294,25499
516,209046,Callum,Hudson-Odoi,2561975,1,False,45,0,0,0,2,0,0,0,0,0,0,0,2,1.8,12.4,0.0,1.4,1,3,0,4,1,0.00,0.02,0.02,0.48,59,-11083,105017,1468,12551
516,209046,Callum,Hudson-Odoi,2561991,2,False,90,0,0,0,2,0,0,0,0,0,0,0,9,12.2,42.8,16.0,7.1,1,4,2,7,1,0.15,0.14,0.29,1.01,58,-9604,95605,1327,10931
516,209046,Callum,Hudson-Odoi,2562001,0,False,0,0,0,0,0,0,0,0,0,0,0,0,0,0.0,0.0,0.0,0.0,0,0,0,0,0,0.00,0.00,0.00,0.00,58,-8725,87384,2439,11164
516,209046,Callum,Hudson-Odoi,2562011,1,False,4,0,0,0,0,0,0,0,0,0,0,0,5,2.0,10.3,2.0,1.4,0,0,0,0,0,0.00,0.06,0.06,0.20,57,-11286,75896,87,11373
516,209046,Callum,Hudson-Odoi,2562021,1,False,45,0,0,0,1,0,0,0,0,0,0,0,4,7.0,3.0,5.0,1.5,3,3,1,7,0,0.01,0.04,0.05,0.41,57,-667,76247,1986,2653
516,209046,Callum,Hudson-Odoi,2562034,1,False,23,0,0,0,0,0,0,0,0,0,0,0,5,7.0,1.4,0.0,0.8,1,4,2,7,0,0.00,0.01,0.01,0.12,57,1354,77984,3390,2036
516,209046,Callum,Hudson-Odoi,2562038,1,False,45,0,0,0,1,0,0,0,0,0,0,0,0,0.0,1.3,1.0,0.1,0,1,0,1,0,0.03,0.01,0.04,0.63,57,-2089,75656,1454,3543
516,209046,Callum,Hudson-Odoi,2562052,19,False,90,2,1,1,0,0,0,0,0,0,0,3,61,89.0,28.0,61.0,17.8,0,4,2,6,1,0.96,0.04,1.00,0.33,57,-3675,72153,1577,5252
516,209046,Callum,Hudson-Odoi,2562059,2,False,90,0,0,0,1,0,0,0,0,0,0,0,8,6.2,25.2,2.0,3.3,2,2,0,4,1,0.01,0.04,0.05,1.50,57,41847,118916,44600,2753
516,209046,Callum,Hudson-Odoi,2562072,2,False,90,0,0,0,2,0,0,0,0,0,0,0,6,2.2,2.0,2.0,0.6,1,5,0,6,1,0.00,0.01,0.01,1.45,57,1356,115137,10752,9396
516,209046,Callum,Hudson-Odoi,2562082,2,False,74,0,0,0,1,0,0,0,0,0,0,0,14,2.0,12.1,16.0,3.0,0,2,1,3,1,0.16,0.10,0.26,0.67,57,13111,134824,20000,6889
516,209046,Callum,Hudson-Odoi,2562086,0,False,0,0,0,0,0,0,0,0,0,0,0,0,0,0.0,0.0,0.0,0.0,0,0,0,0,0,0.00,0.00,0.00,0.00,57,-5311,124088,5784,11095
516,209046,Callum,Hudson-Odoi,2562104,2,False,90,0,0,0,1,0,0,0,0,0,0,0,8,3.0,36.8,4.0,4.4,0,3,0,3,1,0.06,0.09,0.15,0.95,57,-17623,106395,2049,19672
516,209046,Callum,Hudson-Odoi,2562111,3,False,90,0,0,1,0,0,0,0,0,0,0,0,16,8.8,30.5,8.0,4.7,1,2,0,3,1,0.01,0.11,0.12,2.10,57,-8140,99059,2406,10546
516,209046,Callum,Hudson-Odoi,2562117,3,False,86,0,0,1,0,0,0,0,0,0,0,0,13,13.0,17.4,0.0,3.0,3,6,2,11,1,0.00,0.02,0.02,1.67,57,-1450,98069,2536,3986
516,209046,Callum,Hudson-Odoi,2562131,1,False,45,0,0,0,1,0,0,0,0,0,0,0,1,0.0,2.3,0.0,0.1,0,2,0,2,1,0.00,0.01,0.01,1.69,57,-425,97869,4576,5001
516,209046,Callum,Hudson-Odoi,2562140,2,False,66,0,0,0,3,0,0,0,0,0,0,0,6,6.8,11.0,17.0,3.5,1,0,0,1,1,0.11,0.06,0.17,2.50,57,-5531,92084,1428,6959
516,209046,Callum,Hudson-Odoi,2562151,3,False,64,0,0,1,0,0,0,0,0,0,0,0,26,20.4,60.6,47.0,12.8,2,4,0,6,1,0.25,0.28,0.53,0.21,57,-190,92757,3906,4096
516,209046,Callum,Hudson-Odoi,2562161,3,False,65,0,0,1,0,0,0,0,0,0,0,0,15,12.0,34.8,21.0,6.8,0,6,0,6,1,0.44,0.16,0.60,0.53,57,-3383,89071,1195,4578
516,209046,Callum,Hudson-Odoi,2562167,2,False,73,0,0,0,2,0,0,0,0,0,0,0,13,9.0,27.3,9.0,4.5,0,3,0,3,1,0.05,0.20,0.25,1.29,57,-259,89137,1762,2021
516,209046,Callum,Hudson-Odoi,2562181,4,False,27,0,1,0,0,0,0,0,0,0,0,0,13,19.4,11.3,0.0,3.1,0,2,1,3,0,0.00,0.01,0.01,1.07,57,-2072,87011,836,2908
516,209046,Callum,Hudson-Odoi,2562192,1,False,45,0,0,0,0,0,0,0,0,0,0,0,2,1.2,2.4,0.0,0.4,1,1,0,2,1,0.00,0.01,0.01,0.89,57,1355,88780,3423,2068
516,209046,Callum,Hudson-Odoi,2562203,6,False,69,0,1,1,0,0,0,0,0,0,0,0,22,20.6,23.6,6.0,5.0,1,1,0,2,1,0.00,0.37,0.37,0.63,57,-111,88378,1198,1309
516,209046,Callum,Hudson-Odoi,2562212,7,False,90,0,1,0,1,0,0,0,0,0,0,2,23,32.0,57.5,24.0,11.4,2,2,1,5,1,0.08,0.30,0.38,1.02,57,482,89389,2240,1758
516,209046,Callum,Hudson-Odoi,2562223,0,False,0,0,0,0,0,0,0,0,0,0,0,0,0,0.0,0.0,0.0,0.0,0,0,0,0,0,0.00,0.00,0.00,0.00,57,1390,91224,4909,3519
516,209046,Callum,Hudson-Odoi,2562232,0,False,0,0,0,0,0,0,0,0,0,0,0,0,0,0.0,0.0,0.0,0.0,0,0,0,0,0,0.00,0.00,0.00,0.00,57,-5870,83724,69,5939
516,209046,Callum,Hudson-Odoi,2562239,0,False,0,0,0,0,0,0,0,0,0,0,0,0,0,0.0,0.0,0.0,0.0,0,0,0,0,0,0.00,0.00,0.00,0.00,57,-3339,81754,34,3373
516,209046,Callum,Hudson-Odoi,2562251,0,False,0,0,0,0,0,0,0,0,0,0,0,0,0,0.0,0.0,0.0,0.0,0,0,0,0,0,0.00,0.00,0.00,0.00,57,-2288,79465,25,2313
516,209046,Callum,Hudson-Odoi,2562262,0,False,0,0,0,0,0,0,0,0,0,0,0,0,0,0.0,0.0,0.0,0.0,0,0,0,0,0,0.00,0.00,0.00,0.00,57,-999,78544,48,1047
516,209046,Callum,Hudson-Odoi,2562271,0,False,0,0,0,0,0,0,0,0,0,0,0,0,0,0.0,0.0,0.0,0.0,0,0,0,0,0,0.00,0.00,0.00,0.00,57,-827,77722,52,879
517,215379,Elliot,Anderson,2561898,6,False,90,0,1,0,1,0,0,0,0,0,0,1,24,28.6,21.3,20.0,7.0,1,8,2,11,1,0.39,0.28,0.67,1.50,55,0,664673,0,0
517,215379,Elliot,Anderson,2561909,2,False,90,0,0,0,1,0,0,0,0,0,0,0,13,17.2,21.5,0.0,3.9,1,7,3,11,1,0.00,0.03,0.03,1.10,55,-5770,691968,61367,67137
517,215379,Elliot,Anderson,2561921,2,False,90,0,0,0,3,0,0,0,0,0,0,0,24,32.8,49.3,10.0,9.2,1,3,7,11,1,0.02,0.13,0.15,2.42,55,-14440,675082,53094,67534
517,215379,Elliot,Anderson,2561926,4,False,90,0,0,0,3,0,0,0,0,0,0,0,17,15.4,7.9,0.0,2.3,2,11,2,15,1,0.00,0.03,0.03,1.84,55,-73261,605848,37028,110289
517,215379,Elliot,Anderson,2561938,4,False,90,0,0,0,1,0,0,0,0,0,0,0,24,28.0,36.5,9.0,7.4,5,9,1,15,1,0.04,0.25,0.29,0.85,55,-4590,621325,38475,43065
517,215379,Elliot,Anderson,2561953,3,False,90,0,0,0,1,0,0,0,1,0,0,0,14,15.8,22.8,22.0,6.1,3,9,4,16,1,0.18,0.03,0.21,1.19,55,-67206,553143,27583,94789
517,215379,Elliot,Anderson,2561963,1,False,90,0,0,0,2,0,0,0,1,0,0,0,14,5.4,10.7,0.0,1.6,0,8,2,10,1,0.00,0.03,0.03,3.28,54,-60387,493389,7997,68384
517,215379,Elliot,Anderson,2561971,4,False,90,0,0,0,3,0,0,0,0,0,0,0,17,12.4,37.2,6.0,5.6,2,9,1,12,1,0.00,0.23,0.23,1.67,54,-72110,425302,7722,79832
517,215379,Elliot,Anderson,2561975,2,False,90,0,0,0,2,0,0,0,0,0,0,0,15,16.0,26.8,0.0,4.3,1,7,3,11,1,0.00,0.14,0.14,0.59,53,-24777,402432,8096,32873
517,215379,Elliot,Anderson,2561991,4,False,90,0,0,0,2,0,0,0,0,0,0,0,18,13.2,40.5,10.0,6.4,1,14,1,16,1,0.16,0.13,0.29,1.12,53,-35474,365775,5595,41069
517,215379,Elliot,Anderson,2562001,9,False,90,1,0,0,1,0,0,0,0,0,0,0,25,51.2,7.3,17.0,7.6,3,7,3,13,1,0.79,0.05,0.84,0.69,53,-2315,367724,14109,16424
517,215379,Elliot,Anderson,2562011,9,False,90,0,1,1,0,0,0,0,0,0,0,1,42,34.6,40.1,13.0,8.8,6,6,4,16,1,0.11,0.08,0.19,1.93,53,-6245,358857,14137,20382
517,215379,Elliot,Anderson,2562021,6,False,90,0,0,0,2,0,0,0,0,0,0,2,36,37.2,92.3,11.0,14.1,3,13,2,18,1,0.02,0.15,0.17,1.53,53,70418,452905,77089,6671
517,215379,Elliot,Anderson,2562034,2,False,90,0,0,1,0,0,0,0,1,0,0,0,10,5.0,11.7,5.0,2.2,0,4,1,5,1,0.04,0.10,0.14,0.91,54,277806,738364,284936,7130
517,215379,Elliot,Anderson,2562038,4,False,90,0,0,0,3,0,0,0,0,0,0,0,27,25.2,17.6,17.0,6.0,2,11,6,19,1,0.04,0.03,0.07,1.12,54,23921,727619,58179,34258
517,215379,Elliot,Anderson,2562052,3,False,90,0,0,1,0,0,0,0,0,0,0,0,8,7.8,13.4,0.0,2.1,1,6,1,8,1,0.00,0.02,0.02,0.33,54,-81588,641407,49537,131125
517,215379,Elliot,Anderson,2562059,4,False,90,0,0,0,1,0,0,0,0,0,0,0,11,12.8,28.3,4.0,4.5,3,10,0,13,1,0.01,0.02,0.03,1.50,54,-42162,610367,32227,74389
517,215379,Elliot,Anderson,2562072,3,False,90,0,0,0,2,0,0,0,1,0,0,0,24,26.8,16.7,0.0,4.4,6,10,4,20,1,0.00,0.04,0.04,1.45,53,-26085,569138,23298,49383
517,215379,Elliot,Anderson,2562082,4,False,90,0,0,0,2,0,0,0,0,0,0,0,21,26.6,23.7,2.0,5.2,2,7,3,12,1,0.00,0.10,0.10,1.26,53,3075,584287,33080,30005
517,215379,Elliot,Anderson,2562086,4,False,90,0,0,0,3,0,0,0,0,0,0,0,11,14.0,0.5,0.0,1.5,4,7,2,13,1,0.00,0.00,0.00,1.59,53,-8981,590074,20108,29089
517,215379,Elliot,Anderson,2562104,7,False,90,0,1,0,1,0,0,0,0,0,0,0,18,39.4,17.6,0.0,5.7,7,11,4,22,1,0.00,0.07,0.07,0.95,53,-10885,581021,19223,30108
517,215379,Elliot,Anderson,2562111,5,False,90,0,0,1,0,0,0,0,0,0,0,0,19,21.2,16.2,0.0,3.7,4,8,3,15,1,0.00,0.08,0.08,2.10,53,-19757,561075,14949,34706
517,215379,Elliot,Anderson,2562117,5,False,90,0,0,1,0,0,0,0,0,0,0,0,18,13.2,7.8,4.0,2.5,4,9,1,14,1,0.02,0.04,0.06,1.81,53,19108,583083,35964,16856
517,215379,Elliot,Anderson,2562131,7,False,90,0,0,0,1,0,0,0,0,0,0,3,30,24.8,30.1,9.0,6.4,3,10,4,17,1,0.08,0.10,0.18,1.90,53,43989,628878,79187,35198
517,215379,Elliot,Anderson,2562140,4,False,90,0,0,0,3,0,0,0,0,0,0,0,16,27.4,47.8,6.0,8.1,2,7,4,13,1,0.00,0.21,0.21,2.50,53,85774,718251,104598,18824
517,215379,Elliot,Anderson,2562151,5,False,90,0,0,1,0,0,0,0,0,0,0,0,24,32.8,30.8,40.0,10.4,2,9,5,16,1,0.27,0.52,0.79,0.42,54,42736,762682,71055,28319
517,215379,Elliot,Anderson,2562161,5,False,76,0,0,1,0,0,0,0,0,0,0,0,23,19.8,35.3,9.0,6.4,3,12,4,19,1,0.10,0.04,0.14,0.53,54,11743,770680,51764,40021
517,215379,Elliot,Anderson,2562167,1,False,90,0,0,0,2,0,0,0,1,0,0,0,13,7.6,22.8,1.0,3.1,4,5,1,10,1,0.08,0.16,0.24,1.31,54,59352,833855,77332,17980
517,215379,Elliot,Anderson,2562181,12,False,90,1,0,0,2,0,0,0,0,0,0,3,46,56.8,18.3,17.0,9.2,4,6,5,15,1,0.10,0.08,0.18,2.12,54,-30428,798759,21396,51824
517,215379,Elliot,Anderson,2562192,2,False,87,0,0,1,0,0,0,0,1,0,0,0,13,8.8,45.0,6.0,6.0,1,7,0,8,1,0.07,0.23,0.30,1.03,55,252853,1063686,264483,11630
517,215379,Elliot,Anderson,2562203,5,False,90,0,0,1,0,0,0,0,0,0,0,0,17,24.8,37.3,2.0,6.4,1,9,6,16,1,0.00,0.12,0.12,1.14,55,30247,1058931,54463,24216
517,215379,Elliot,Anderson,2562212,4,False,90,0,0,0,1,0,0,0,0,0,0,0,17,13.0,13.9,13.0,4.0,4,10,1,15,1,0.05,0.11,0.16,1.02,55,-32187,1058141,70796,102983
517,215379,Elliot,Anderson,2562223,2,False,90,0,0,0,1,0,0,0,0,0,0,0,13,14.0,13.3,0.0,2.7,1,7,3,11,1,0.00,0.05,0.05,0.36,56,-76694,893204,26027,102721
517,215379,Elliot,Anderson,2562232,9,False,90,1,0,1,0,0,0,0,1,0,0,0,28,50.4,12.4,21.0,8.4,7,5,1,13,1,0.23,0.01,0.24,0.70,56,-14850,928142,30483,45333
517,215379,Elliot,Anderson,2562239,1,False,45,0,0,0,1,0,0,0,0,0,0,0,8,13.8,1.7,0.0,1.6,1,2,2,5,0,0.00,0.00,0.00,1.02,56,-22371,948601,40870,63241
517,215379,Elliot,Anderson,2562251,12,False,90,1,0,0,1,0,0,0,0,0,0,3,30,36.6,4.8,35.0,7.6,1,10,1,12,1,0.13,0.03,0.16,1.48,56,-35589,910076,26994,62583
517,215379,Elliot,Anderson,2562262,12,False,90,0,2,0,3,0,0,0,1,0,0,3,49,72.8,50.3,0.0,12.3,8,9,3,20,1,0.00,0.68,0.68,4.57,56,51788,967579,78091,26303
517,215379,Elliot,Anderson,2562271,2,False,64,0,0,0,1,0,0,0,0,0,0,0,18,12.0,30.0,1.0,4.3,2,4,3,9,1,0.01,0.39,0.40,0.82,57,270639,1256150,290015,19376
518,510500,João Pedro,Ferreira da Silva,2561898,1,False,11,0,0,0,0,0,0,0,0,0,0,0,6,5.0,0.5,4.0,1.0,1,0,2,3,0,0.00,0.00,0.00,0.00,55,0,8787,0,0
518,510500,João Pedro,Ferreira da Silva,2561909,0,False,0,0,0,0,0,0,0,0,0,0,0,0,0,0.0,0.0,0.0,0.0,0,0,0,0,0,0.00,0.00,0.00,0.00,55,-1087,9953,349,1436
518,510500,João Pedro,Ferreira da Silva,2561921,0,False,0,0,0,0,0,0,0,0,0,0,0,0,0,0.0,0.0,0.0,0.0,0,0,0,0,0,0.00,0.00,0.00,0.00,54,-1163,9915,385,1548
518,510500,João Pedro,Ferreira da Silva,2561926,0,False,0,0,0,0,0,0,0,0,0,0,0,0,0,0.0,0.0,0.0,0.0,0,0,0,0,0,0.00,0.00,0.00,0.00,54,-1251,9365,295,1546
518,510500,João Pedro,Ferreira da Silva,2561938,0,False,0,0,0,0,0,0,0,0,0,0,0,0,0,0.0,0.0,0.0,0.0,0,0,0,0,0,0.00,0.00,0.00,0.00,54,-2053,7328,0,2053
518,510500,João Pedro,Ferreira da Silva,2561953,0,False,0,0,0,0,0,0,0,0,0,0,0,0,0,0.0,0.0,0.0,0.0,0,0,0,0,0,0.00,0.00,0.00,0.00,54,-849,6528,0,849
518,510500,João Pedro,Ferreira da Silva,2561963,0,False,0,0,0,0,0,0,0,0,0,0,0,0,0,0.0,0.0,0.0,0.0,0,0,0,0,0,0.00,0.00,0.00,0.00,54,-421,6127,0,421
518,510500,João Pedro,Ferreira da Silva,2561971,0,False,0,0,0,0,0,0,0,0,0,0,0,0,0,0.0,0.0,0.0,0.0,0,0,0,0,0,0.00,0.00,0.00,0.00,54,-366,5763,0,366
518,510500,João Pedro,Ferreira da Silva,2561975,0,False,0,0,0,0,0,0,0,0,0,0,0,0,0,0.0,0.0,0.0,0.0,0,0,0,0,0,0.00,0.00,0.00,0.00,54,-163,5607,0,163
518,510500,João Pedro,Ferreira da Silva,2561991,0,False,0,0,0,0,0,0,0,0,0,0,0,0,0,0.0,0.0,0.0,0.0,0,0,0,0,0,0.00,0.00,0.00,0.00,54,-153,5456,0,153
518,510500,João Pedro,Ferreira da Silva,2562001,0,False,0,0,0,0,0,0,0,0,0,0,0,0,0,0.0,0.0,0.0,0.0,0,0,0,0,0,0.00,0.00,0.00,0.00,54,-110,5346,0,110
518,510500,João Pedro,Ferreira da Silva,2562011,0,False,0,0,0,0,0,0,0,0,0,0,0,0,0,0.0,0.0,0.0,0.0,0,0,0,0,0,0.00,0.00,0.00,0.00,54,-100,5248,0,100
518,510500,João Pedro,Ferreira da Silva,2562021,0,False,0,0,0,0,0,0,0,0,0,0,0,0,0,0.0,0.0,0.0,0.0,0,0,0,0,0,0.00,0.00,0.00,0.00,54,-45,5204,0,45
518,510500,João Pedro,Ferreira da Silva,2562034,0,False,0,0,0,0,0,0,0,0,0,0,0,0,0,0.0,0.0,0.0,0.0,0,0,0,0,0,0.00,0.00,0.00,0.00,54,-28,5178,0,28
518,510500,João Pedro,Ferreira da Silva,2562038,0,False,0,0,0,0,0,0,0,0,0,0,0,0,0,0.0,0.0,0.0,0.0,0,0,0,0,0,0.00,0.00,0.00,0.00,54,-26,5154,0,26
518,510500,João Pedro,Ferreira da Silva,2562052,0,False,0,0,0,0,0,0,0,0,0,0,0,0,0,0.0,0.0,0.0,0.0,0,0,0,0,0,0.00,0.00,0.00,0.00,54,-46,5107,0,46
518,510500,João Pedro,Ferreira da Silva,2562059,0,False,0,0,0,0,0,0,0,0,0,0,0,0,0,0.0,0.0,0.0,0.0,0,0,0,0,0,0.00,0.00,0.00,0.00,54,-46,5063,0,46
518,510500,João Pedro,Ferreira da Silva,2562072,0,False,0,0,0,0,0,0,0,0,0,0,0,0,0,0.0,0.0,0.0,0.0,0,0,0,0,0,0.00,0.00,0.00,0.00,54,-29,5031,0,29
518,510500,João Pedro,Ferreira da Silva,2562082,0,False,0,0,0,0,0,0,0,0,0,0,0,0,0,0.0,0.0,0.0,0.0,0,0,0,0,0,0.00,0.00,0.00,0.00,54,-25,5007,0,25
518,510500,João Pedro,Ferreira da Silva,2562086,0,False,0,0,0,0,0,0,0,0,0,0,0,0,0,0.0,0.0,0.0,0.0,0,0,0,0,0,0.00,0.00,0.00,0.00,54,-14,4994,0,14
518,510500,João Pedro,Ferreira da Silva,2562104,0,False,0,0,0,0,0,0,0,0,0,0,0,0,0,0.0,0.0,0.0,0.0,0,0,0,0,0,0.00,0.00,0.00,0.00,54,-14,4981,0,14
518,510500,João Pedro,Ferreira da Silva,2562111,0,False,0,0,0,0,0,0,0,0,0,0,0,0,0,0.0,0.0,0.0,0.0,0,0,0,0,0,0.00,0.00,0.00,0.00,54,-26,4956,0,26
518,510500,João Pedro,Ferreira da Silva,2562117,0,False,0,0,0,0,0,0,0,0,0,0,0,0,0,0.0,0.0,0.0,0.0,0,0,0,0,0,0.00,0.00,0.00,0.00,54,-7,4947,0,7
518,510500,João Pedro,Ferreira da Silva,2562131,0,False,0,0,0,0,0,0,0,0,0,0,0,0,0,0.0,0.0,0.0,0.0,0,0,0,0,0,0.00,0.00,0.00,0.00,54,-20,4929,0,20
518,510500,João Pedro,Ferreira da Silva,2562140,0,False,0,0,0,0,0,0,0,0,0,0,0,0,0,0.0,0.0,0.0,0.0,0,0,0,0,0,0.00,0.00,0.00,0.00,54,-13,4915,0,13
518,510500,João Pedro,Ferreira da Silva,2562151,0,False,0,0,0,0,0,0,0,0,0,0,0,0,0,0.0,0.0,0.0,0.0,0,0,0,0,0,0.00,0.00,0.00,0.00,54,-20,4897,0,20
518,510500,João Pedro,Ferreira da Silva,2562161,0,False,0,0,0,0,0,0,0,0,0,0,0,0,0,0.0,0.0,0.0,0.0,0,0,0,0,0,0.00,0.00,0.00,0.00,54,-19,4878,0,19
518,510500,João Pedro,Ferreira da Silva,2562167,0,False,0,0,0,0,0,0,0,0,0,0,0,0,0,0.0,0.0,0.0,0.0,0,0,0,0,0,0.00,0.00,0.00,0.00,54,-10,4868,0,10
518,510500,João Pedro,Ferreira da Silva,2562181,0,False,0,0,0,0,0,0,0,0,0,0,0,0,0,0.0,0.0,0.0,0.0,0,0,0,0,0,0.00,0.00,0.00,0.00,54,-3,4866,0,3
518,510500,João Pedro,Ferreira da Silva,2562192,0,False,0,0,0,0,0,0,0,0,0,0,0,0,0,0.0,0.0,0.0,0.0,0,0,0,0,0,0.00,0.00,0.00,0.00,54,-9,4857,0,9
518,510500,João Pedro,Ferreira da Silva,2562203,0,False,0,0,0,0,0,0,0,0,0,0,0,0,0,0.0,0.0,0.0,0.0,0,0,0,0,0,0.00,0.00,0.00,0.00,54,-4,4853,0,4
518,510500,João Pedro,Ferreira da Silva,2562212,0,False,0,0,0,0,0,0,0,0,0,0,0,0,0,0.0,0.0,0.0,0.0,0,0,0,0,0,0.00,0.00,0.00,0.00,54,-9,4843,0,9
518,510500,João Pedro,Ferreira da Silva,2562223,0,False,0,0,0,0,0,0,0,0,0,0,0,0,0,0.0,0.0,0.0,0.0,0,0,0,0,0,0.00,0.00,0.00,0.00,54,-1,4843,0,1
518,510500,João Pedro,Ferreira da Silva,2562232,0,False,0,0,0,0,0,0,0,0,0,0,0,0,0,0.0,0.0,0.0,0.0,0,0,0,0,0,0.00,0.00,0.00,0.00,54,-3,4839,0,3
518,510500,João Pedro,Ferreira da Silva,2562239,0,False,0,0,0,0,0,0,0,0,0,0,0,0,0,0.0,0.0,0.0,0.0,0,0,0,0,0,0.00,0.00,0.00,0.00,54,-5,4836,0,5
518,510500,João Pedro,Ferreira da Silva,2562251,0,False,0,0,0,0,0,0,0,0,0,0,0,0,0,0.0,0.0,0.0,0.0,0,0,0,0,0,0.00,0.00,0.00,0.00,54,-2,4834,0,2
518,510500,João Pedro,Ferreira da Silva,2562262,0,False,0,0,0,0,0,0,0,0,0,0,0,0,0,0.0,0.0,0.0,0.0,0,0,0,0,0,0.00,0.00,0.00,0.00,54,-2,4832,0,2
518,510500,João Pedro,Ferreira da Silva,2562271,0,False,0,0,0,0,0,0,0,0,0,0,0,0,0,0.0,0.0,0.0,0.0,0,0,0,0,0,0.00,0.00,0.00,0.00,54,-4,4827,0,4
519,250199,Nicolás,Domínguez,2561898,0,False,0,0,0,0,0,0,0,0,0,0,0,0,0,0.0,0.0,0.0,0.0,0,0,0,0,0,0.00,0.00,0.00,0.00,50,0,175,0,0
519,250199,Nicolás,Domínguez,2561909,0,False,0,0,0,0,0,0,0,0,0,0,0,0,0,0.0,0.0,0.0,0.0,0,0,0,0,0,0.00,0.00,0.00,0.00,50,-14,198,23,37
519,250199,Nicolás,Domínguez,2561921,0,False,0,0,0,0,0,0,0,0,0,0,0,0,0,0.0,0.0,0.0,0.0,0,0,0,0,0,0.00,0.00,0.00,0.00,50,-10,200,17,27
519,250199,Nicolás,Domínguez,2561926,0,False,0,0,0,0,0,0,0,0,0,0,0,0,0,0.0,0.0,0.0,0.0,0,0,0,0,0,0.00,0.00,0.00,0.00,50,3,228,36,33
519,250199,Nicolás,Domínguez,2561938,0,False,0,0,0,0,0,0,0,0,0,0,0,0,0,0.0,0.0,0.0,0.0,0,0,0,0,0,0.00,0.00,0.00,0.00,50,-13,225,21,34
519,250199,Nicolás,Domínguez,2561953,0,False,45,0,0,0,1,0,0,0,1,0,0,0,3,2.4,3.3,0.0,0.6,1,0,2,3,1,0.00,0.01,0.01,0.44,50,38,330,87,49
519,250199,Nicolás,Domínguez,2561963,0,False,0,0,0,0,0,0,0,0,0,0,0,0,0,0.0,0.0,0.0,0.0,0,0,0,0,0,0.00,0.00,0.00,0.00,50,69,579,126,57
519,250199,Nicolás,Domínguez,2561971,0,False,0,0,0,0,0,0,0,0,0,0,0,0,0,0.0,0.0,0.0,0.0,0,0,0,0,0,0.00,0.00,0.00,0.00,50,70,962,142,72
519,250199,Nicolás,Domínguez,2561975,1,False,7,0,0,0,0,0,0,0,0,0,0,0,6,4.6,11.1,0.0,1.6,0,0,1,1,0,0.00,0.02,0.02,0.00,50,-42,1063,66,108
519,250199,Nicolás,Domínguez,2561991,0,False,0,0,0,0,0,0,0,0,0,0,0,0,0,0.0,0.0,0.0,0.0,0,0,0,0,0,0.00,0.00,0.00,0.00,50,-14,1207,65,79
519,250199,Nicolás,Domínguez,2562001,1,False,58,0,0,0,1,0,0,0,0,0,0,0,9,10.2,30.9,0.0,4.1,0,1,3,4,1,0.00,0.12,0.12,0.08,50,7,1348,80,73
519,250199,Nicolás,Domínguez,2562011,3,False,60,0,0,1,0,0,0,0,0,0,0,0,5,1.8,1.7,1.0,0.5,3,4,0,7,1,0.02,0.01,0.03,1.16,50,-16,1523,69,85
519,250199,Nicolás,Domínguez,2562021,1,False,45,0,0,0,1,0,0,0,0,0,0,0,11,11.4,29.4,2.0,4.3,2,2,1,5,1,0.03,0.05,0.08,1.12,50,55,1714,120,65
519,250199,Nicolás,Domínguez,2562034,1,False,1,0,0,0,0,0,0,0,0,0,0,0,3,0.4,0.5,0.0,0.1,0,0,0,0,0,0.00,0.00,0.00,0.00,50,89,1873,177,88
519,250199,Nicolás,Domínguez,2562038,1,False,28,0,0,0,1,0,0,0,0,0,0,0,3,8.4,0.0,4.0,1.2,1,2,2,5,0,0.29,0.00,0.29,0.41,50,-27,1939,96,123
519,250199,Nicolás,Domínguez,2562052,0,False,0,0,0,0,0,0,0,0,0,0,0,0,0,0.0,0.0,0.0,0.0,0,0,0,0,0,0.00,0.00,0.00,0.00,50,-109,1934,80,189
519,250199,Nicolás,Domínguez,2562059,0,False,17,0,0,0,0,0,0,0,1,0,0,0,0,0.2,1.6,0.0,0.2,0,1,0,1,0,0.00,0.00,0.00,0.31,50,-142,1833,33,175
519,250199,Nicolás,Domínguez,2562072,2,False,86,0,0,0,2,0,0,0,0,0,0,0,9,7.0,2.3,1.0,1.0,1,2,3,6,1,0.02,0.02,0.04,1.38,50,-28,1893,52,80
519,250199,Nicolás,Domínguez,2562082,1,False,45,0,0,0,1,0,0,0,0,0,0,0,4,9.8,18.7,4.0,3.3,1,2,2,5,1,0.00,0.05,0.05,0.29,50,62,2079,119,57
519,250199,Nicolás,Domínguez,2562086,4,False,82,0,0,0,3,0,0,0,0,0,0,0,12,13.4,11.8,2.0,2.7,2,6,5,13,1,0.01,0.02,0.03,1.59,50,15,2110,72,57
519,250199,Nicolás,Domínguez,2562104,10,False,90,1,0,0,1,0,0,0,0,0,0,3,39,51.8,20.1,50.0,12.2,0,5,4,9,1,0.31,0.07,0.38,0.95,50,90,2271,145,55
519,250199,Nicolás,Domínguez,2562111,3,False,88,0,0,1,0,0,0,0,0,0,0,0,6,17.8,3.8,15.0,3.7,4,2,2,8,1,0.21,0.01,0.22,1.99,50,389,2782,514,125
519,250199,Nicolás,Domínguez,2562117,3,False,60,0,0,1,0,0,0,0,0,0,0,0,7,4.2,2.1,3.0,0.9,1,3,3,7,1,0.01,0.00,0.01,1.36,50,364,3224,486,122
519,250199,Nicolás,Domínguez,2562131,1,False,45,0,0,0,1,0,0,0,0,0,0,0,6,7.0,2.2,0.0,0.9,0,0,3,3,1,0.00,0.00,0.00,1.61,50,1046,4426,1295,249
519,250199,Nicolás,Domínguez,2562140,1,False,53,0,0,0,3,0,0,0,0,0,0,0,8,14.8,1.1,35.0,5.1,2,2,1,5,1,0.19,0.01,0.20,2.05,50,418,4897,750,332
519,250199,Nicolás,Domínguez,2562151,0,False,0,0,0,0,0,0,0,0,0,0,0,0,0,0.0,0.0,0.0,0.0,0,0,0,0,0,0.00,0.00,0.00,0.00,50,-156,4811,269,425
519,250199,Nicolás,Domínguez,2562161,1,False,13,0,0,0,1,0,0,0,0,0,0,0,9,7.4,0.6,0.0,0.8,1,0,3,4,0,0.00,0.00,0.00,1.20,50,-369,4520,82,451
519,250199,Nicolás,Domínguez,2562167,0,False,0,0,0,0,0,0,0,0,0,0,0,0,0,0.0,0.0,0.0,0.0,0,0,0,0,0,0.00,0.00,0.00,0.00,50,-172,4417,47,219
519,250199,Nicolás,Domínguez,2562181,2,False,63,0,0,0,2,0,0,0,0,0,0,0,17,10.0,12.3,2.0,2.4,0,8,3,11,1,0.00,0.05,0.05,1.05,50,-254,4208,19,273
519,250199,Nicolás,Domínguez,2562192,1,False,45,0,0,0,0,0,0,0,0,0,0,0,9,9.8,1.8,7.0,1.9,1,2,3,6,1,0.06,0.00,0.06,0.89,50,-78,4234,87,165
519,250199,Nicolás,Domínguez,2562203,1,False,1,0,0,0,0,0,0,0,0,0,0,0,3,0.0,0.3,0.0,0.0,0,0,0,0,0,0.00,0.00,0.00,0.00,50,-41,4211,54,95
519,250199,Nicolás,Domínguez,2562212,1,False,6,0,0,0,0,0,0,0,0,0,0,0,2,0.0,0.3,0.0,0.0,0,0,0,0,0,0.00,0.00,0.00,0.33,50,-94,4248,46,140
519,250199,Nicolás,Domínguez,2562223,4,False,1,0,1,0,0,0,0,0,0,0,0,0,17,23.6,14.6,0.0,3.8,0,2,3,5,0,0.00,0.18,0.18,0.00,50,-71,4205,40,111
519,250199,Nicolás,Domínguez,2562232,0,False,45,0,0,0,0,0,0,0,1,0,0,0,2,2.6,1.5,0.0,0.4,0,5,2,7,0,0.00,0.10,0.10,0.36,50,118,4533,185,67
519,250199,Nicolás,Domínguez,2562239,1,False,45,0,0,0,0,0,0,0,0,0,0,0,6,14.0,1.9,0.0,1.6,5,2,2,9,1,0.00,0.00,0.00,1.13,50,-52,4355,59,111
519,250199,Nicolás,Domínguez,2562251,1,False,45,0,0,0,0,0,0,0,0,0,0,0,4,5.2,0.7,0.0,0.6,1,2,2,5,1,0.00,0.00,0.00,0.57,50,6,4399,87,81
519,250199,Nicolás,Domínguez,2562262,2,False,69,0,0,0,2,0,0,0,0,0,0,0,23,21.8,16.8,7.0,4.6,3,4,4,11,1,0.21,0.05,0.26,2.80,50,-1,4433,85,86
519,250199,Nicolás,Domínguez,2562271,1,False,25,0,0,0,0,0,0,0,0,0,0,0,6,5.2,2.1,5.0,1.2,0,1,2,3,0,0.11,0.00,0.11,0.14,50,-51,4414,61,112
520,243345,Lewis,O'Brien,2561898,0,False,0,0,0,0,0,0,0,0,0,0,0,0,0,0.0,0.0,0.0,0.0,0,0,0,0,0,0.00,0.00,0.00,0.00,50,0,219,0,0
520,243345,Lewis,O'Brien,2561909,0,False,0,0,0,0,0,0,0,0,0,0,0,0,0,0.0,0.0,0.0,0.0,0,0,0,0,0,0.00,0.00,0.00,0.00,50,-56,163,0,56
520,243345,Lewis,O'Brien,2561921,0,False,0,0,0,0,0,0,0,0,0,0,0,0,0,0.0,0.0,0.0,0.0,0,0,0,0,0,0.00,0.00,0.00,0.00,50,-25,137,0,25
520,243345,Lewis,O'Brien,2561926,0,False,0,0,0,0,0,0,0,0,0,0,0,0,0,0.0,0.0,0.0,0.0,0,0,0,0,0,0.00,0.00,0.00,0.00,50,-14,124,0,14
520,243345,Lewis,O'Brien,2561938,0,False,0,0,0,0,0,0,0,0,0,0,0,0,0,0.0,0.0,0.0,0.0,0,0,0,0,0,0.00,0.00,0.00,0.00,50,-5,120,0,5
520,243345,Lewis,O'Brien,2561953,0,False,0,0,0,0,0,0,0,0,0,0,0,0,0,0.0,0.0,0.0,0.0,0,0,0,0,0,0.00,0.00,0.00,0.00,50,-1,119,0,1
520,243345,Lewis,O'Brien,2561963,0,False,0,0,0,0,0,0,0,0,0,0,0,0,0,0.0,0.0,0.0,0.0,0,0,0,0,0,0.00,0.00,0.00,0.00,50,-3,116,0,3
520,243345,Lewis,O'Brien,2561971,0,False,0,0,0,0,0,0,0,0,0,0,0,0,0,0.0,0.0,0.0,0.0,0,0,0,0,0,0.00,0.00,0.00,0.00,50,-5,111,0,5
520,243345,Lewis,O'Brien,2561975,0,False,0,0,0,0,0,0,0,0,0,0,0,0,0,0.0,0.0,0.0,0.0,0,0,0,0,0,0.00,0.00,0.00,0.00,50,-2,109,0,2
520,243345,Lewis,O'Brien,2561991,0,False,0,0,0,0,0,0,0,0,0,0,0,0,0,0.0,0.0,0.0,0.0,0,0,0,0,0,0.00,0.00,0.00,0.00,50,0,109,0,0
520,243345,Lewis,O'Brien,2562001,0,False,0,0,0,0,0,0,0,0,0,0,0,0,0,0.0,0.0,0.0,0.0,0,0,0,0,0,0.00,0.00,0.00,0.00,50,0,109,0,0
520,243345,Lewis,O'Brien,2562011,0,False,0,0,0,0,0,0,0,0,0,0,0,0,0,0.0,0.0,0.0,0.0,0,0,0,0,0,0.00,0.00,0.00,0.00,50,-1,108,0,1
520,243345,Lewis,O'Brien,2562021,0,False,0,0,0,0,0,0,0,0,0,0,0,0,0,0.0,0.0,0.0,0.0,0,0,0,0,0,0.00,0.00,0.00,0.00,50,-1,107,0,1
520,243345,Lewis,O'Brien,2562034,0,False,0,0,0,0,0,0,0,0,0,0,0,0,0,0.0,0.0,0.0,0.0,0,0,0,0,0,0.00,0.00,0.00,0.00,50,0,107,0,0
520,243345,Lewis,O'Brien,2562038,0,False,0,0,0,0,0,0,0,0,0,0,0,0,0,0.0,0.0,0.0,0.0,0,0,0,0,0,0.00,0.00,0.00,0.00,50,0,107,0,0
520,243345,Lewis,O'Brien,2562052,0,False,0,0,0,0,0,0,0,0,0,0,0,0,0,0.0,0.0,0.0,0.0,0,0,0,0,0,0.00,0.00,0.00,0.00,50,-1,106,0,1
520,243345,Lewis,O'Brien,2562059,0,False,0,0,0,0,0,0,0,0,0,0,0,0,0,0.0,0.0,0.0,0.0,0,0,0,0,0,0.00,0.00,0.00,0.00,50,-1,105,0,1
520,243345,Lewis,O'Brien,2562072,0,False,0,0,0,0,0,0,0,0,0,0,0,0,0,0.0,0.0,0.0,0.0,0,0,0,0,0,0.00,0.00,0.00,0.00,50,0,105,0,0
520,243345,Lewis,O'Brien,2562082,0,False,0,0,0,0,0,0,0,0,0,0,0,0,0,0.0,0.0,0.0,0.0,0,0,0,0,0,0.00,0.00,0.00,0.00,50,-1,104,0,1
520,243345,Lewis,O'Brien,2562086,0,False,0,0,0,0,0,0,0,0,0,0,0,0,0,0.0,0.0,0.0,0.0,0,0,0,0,0,0.00,0.00,0.00,0.00,50,0,104,0,0
520,243345,Lewis,O'Brien,2562104,0,False,0,0,0,0,0,0,0,0,0,0,0,0,0,0.0,0.0,0.0,0.0,0,0,0,0,0,0.00,0.00,0.00,0.00,50,0,104,0,0
520,243345,Lewis,O'Brien,2562111,0,False,0,0,0,0,0,0,0,0,0,0,0,0,0,0.0,0.0,0.0,0.0,0,0,0,0,0,0.00,0.00,0.00,0.00,50,0,104,0,0
520,243345,Lewis,O'Brien,2562117,0,False,0,0,0,0,0,0,0,0,0,0,0,0,0,0.0,0.0,0.0,0.0,0,0,0,0,0,0.00,0.00,0.00,0.00,50,0,104,0,0
520,243345,Lewis,O'Brien,2562131,0,False,0,0,0,0,0,0,0,0,0,0,0,0,0,0.0,0.0,0.0,0.0,0,0,0,0,0,0.00,0.00,0.00,0.00,50,0,104,0,0
520,243345,Lewis,O'Brien,2562140,0,False,0,0,0,0,0,0,0,0,0,0,0,0,0,0.0,0.0,0.0,0.0,0,0,0,0,0,0.00,0.00,0.00,0.00,50,-1,103,0,1
520,243345,Lewis,O'Brien,2562151,0,False,0,0,0,0,0,0,0,0,0,0,0,0,0,0.0,0.0,0.0,0.0,0,0,0,0,0,0.00,0.00,0.00,0.00,50,0,103,0,0
520,243345,Lewis,O'Brien,2562161,0,False,0,0,0,0,0,0,0,0,0,0,0,0,0,0.0,0.0,0.0,0.0,0,0,0,0,0,0.00,0.00,0.00,0.00,50,0,103,0,0
520,243345,Lewis,O'Brien,2562167,0,False,0,0,0,0,0,0,0,0,0,0,0,0,0,0.0,0.0,0.0,0.0,0,0,0,0,0,0.00,0.00,0.00,0.00,50,0,103,0,0
520,243345,Lewis,O'Brien,2562181,0,False,0,0,0,0,0,0,0,0,0,0,0,0,0,0.0,0.0,0.0,0.0,0,0,0,0,0,0.00,0.00,0.00,0.00,50,-1,102,0,1
520,243345,Lewis,O'Brien,2562192,0,False,0,0,0,0,0,0,0,0,0,0,0,0,0,0.0,0.0,0.0,0.0,0,0,0,0,0,0.00,0.00,0.00,0.00,50,0,102,0,0
520,243345,Lewis,O'Brien,2562203,0,False,0,0,0,0,0,0,0,0,0,0,0,0,0,0.0,0.0,0.0,0.0,0,0,0,0,0,0.00,0.00,0.00,0.00,50,0,102,0,0
520,243345,Lewis,O'Brien,2562212,0,False,0,0,0,0,0,0,0,0,0,0,0,0,0,0.0,0.0,0.0,0.0,0,0,0,0,0,0.00,0.00,0.00,0.00,50,0,102,0,0
520,243345,Lewis,O'Brien,2562223,0,False,0,0,0,0,0,0,0,0,0,0,0,0,0,0.0,0.0,0.0,0.0,0,0,0,0,0,0.00,0.00,0.00,0.00,50,0,102,0,0
520,243345,Lewis,O'Brien,2562232,0,False,0,0,0,0,0,0,0,0,0,0,0,0,0,0.0,0.0,0.0,0.0,0,0,0,0,0,0.00,0.00,0.00,0.00,50,0,102,0,0
520,243345,Lewis,O'Brien,2562239,0,False,0,0,0,0,0,0,0,0,0,0,0,0,0,0.0,0.0,0.0,0.0,0,0,0,0,0,0.00,0.00,0.00,0.00,50,0,102,0,0
520,243345,Lewis,O'Brien,2562251,0,False,0,0,0,0,0,0,0,0,0,0,0,0,0,0.0,0.0,0.0,0.0,0,0,0,0,0,0.00,0.00,0.00,0.00,50,0,102,0,0
520,243345,Lewis,O'Brien,2562262,0,False,0,0,0,0,0,0,0,0,0,0,0,0,0,0.0,0.0,0.0,0.0,0,0,0,0,0,0.00,0.00,0.00,0.00,50,0,102,0,0
520,243345,Lewis,O'Brien,2562271,0,False,0,0,0,0,0,0,0,0,0,0,0,0,0,0.0,0.0,0.0,0.0,0,0,0,0,0,0.00,0.00,0.00,0.00,50,0,102,0,0
521,210462,Ibrahim,Sangaré,2561898,2,False,90,0,0,0,1,0,0,0,0,0,0,0,11,1.4,4.2,1.0,0.7,5,4,1,10,1,0.02,0.01,0.03,1.50,50,0,4944,0,0
521,210462,Ibrahim,Sangaré,2561909,2,False,87,0,0,0,1,0,0,0,0,0,0,0,14,9.4,3.3,1.0,1.4,4,3,1,8,1,0.01,0.01,0.02,1.10,50,-307,6321,529,836
521,210462,Ibrahim,Sangaré,2561921,4,False,88,0,0,0,2,0,0,0,0,0,0,0,10,7.6,5.3,0.0,1.3,7,5,2,14,1,0.00,0.04,0.04,1.46,50,-231,6849,673,904
521,210462,Ibrahim,Sangaré,2561926,2,False,72,0,0,0,2,0,0,0,0,0,0,0,16,7.8,4.5,0.0,1.2,2,2,3,7,1,0.00,0.01,0.01,1.75,50,17,7508,991,974
521,210462,Ibrahim,Sangaré,2561938,1,False,14,0,0,0,0,0,0,0,0,0,0,0,2,7.0,1.7,0.0,0.9,1,1,0,2,0,0.00,0.01,0.01,0.17,50,339,8229,1059,720
521,210462,Ibrahim,Sangaré,2561953,0,False,0,0,0,0,0,0,0,0,0,0,0,0,0,0.0,0.0,0.0,0.0,0,0,0,0,0,0.00,0.00,0.00,0.00,50,-281,8154,538,819
521,210462,Ibrahim,Sangaré,2561963,0,False,0,0,0,0,0,0,0,0,0,0,0,0,0,0.0,0.0,0.0,0.0,0,0,0,0,0,0.00,0.00,0.00,0.00,50,-536,7787,170,706
521,210462,Ibrahim,Sangaré,2561971,1,False,90,0,0,0,3,0,0,0,1,0,0,0,13,26.4,16.0,34.0,7.6,3,2,4,9,1,0.25,0.03,0.28,1.67,49,-537,7537,203,740
521,210462,Ibrahim,Sangaré,2561975,0,False,0,0,0,0,0,0,0,0,0,0,0,0,0,0.0,0.0,0.0,0.0,0,0,0,0,0,0.00,0.00,0.00,0.00,49,-213,7440,187,400
521,210462,Ibrahim,Sangaré,2561991,1,False,1,0,0,0,0,0,0,0,0,0,0,0,3,0.0,0.0,0.0,0.0,0,0,0,0,0,0.00,0.00,0.00,0.10,49,-323,7194,87,410
521,210462,Ibrahim,Sangaré,2562001,5,False,58,1,0,0,1,0,0,0,1,0,0,0,21,38.8,12.2,19.0,7.0,1,3,2,6,1,0.35,0.01,0.36,0.08,49,-183,7116,131,314
521,210462,Ibrahim,Sangaré,2562011,3,False,90,0,0,1,0,0,0,0,0,0,0,0,5,15.0,2.7,2.0,2.0,1,3,5,9,1,0.00,0.02,0.02,1.93,49,-31,7222,200,231
521,210462,Ibrahim,Sangaré,2562021,4,False,73,0,0,0,1,0,0,0,0,0,0,0,18,22.6,3.3,5.0,3.1,5,6,4,15,1,0.02,0.03,0.05,1.44,49,62,7388,259,197
521,210462,Ibrahim,Sangaré,2562034,3,False,66,0,0,1,0,0,0,0,0,0,0,0,11,10.0,1.6,2.0,1.4,3,2,1,6,1,0.00,0.02,0.02,0.79,49,509,8040,713,204
521,210462,Ibrahim,Sangaré,2562038,1,False,45,0,0,0,2,0,0,0,0,0,0,0,10,6.4,2.0,0.0,0.8,3,3,2,8,1,0.00,0.01,0.01,0.48,49,-46,7969,379,425
521,210462,Ibrahim,Sangaré,2562052,18,False,90,1,2,1,0,0,0,0,0,0,0,2,54,80.6,21.8,13.0,11.5,4,6,2,12,1,0.13,0.87,1.00,0.33,49,-440,7620,271,711
521,210462,Ibrahim,Sangaré,2562059,0,False,0,0,0,0,0,0,0,0,0,0,0,0,0,0.0,0.0,0.0,0.0,0,0,0,0,0,0.00,0.00,0.00,0.00,49,-312,7314,518,830
521,210462,Ibrahim,Sangaré,2562072,0,False,0,0,0,0,0,0,0,0,0,0,0,0,0,0.0,0.0,0.0,0.0,0,0,0,0,0,0.00,0.00,0.00,0.00,49,-400,6912,89,489
521,210462,Ibrahim,Sangaré,2562082,0,False,0,0,0,0,0,0,0,0,0,0,0,0,0,0.0,0.0,0.0,0.0,0,0,0,0,0,0.00,0.00,0.00,0.00,49,-225,6707,31,256
521,210462,Ibrahim,Sangaré,2562086,0,False,0,0,0,0,0,0,0,0,0,0,0,0,0,0.0,0.0,0.0,0.0,0,0,0,0,0,0.00,0.00,0.00,0.00,49,-111,6624,40,151
521,210462,Ibrahim,Sangaré,2562104,0,False,0,0,0,0,0,0,0,0,0,0,0,0,0,0.0,0.0,0.0,0.0,0,0,0,0,0,0.00,0.00,0.00,0.00,49,-115,6515,27,142
521,210462,Ibrahim,Sangaré,2562111,3,False,90,0,0,1,0,0,0,0,0,0,0,0,13,13.2,1.5,0.0,1.5,4,2,1,7,1,0.00,0.04,0.04,2.10,49,-33,6532,176,209
521,210462,Ibrahim,Sangaré,2562117,5,False,90,0,0,1,0,0,0,0,0,0,0,0,12,21.6,2.6,4.0,2.8,10,5,2,17,1,0.12,0.01,0.13,1.81,49,287,6879,356,69
521,210462,Ibrahim,Sangaré,2562131,2,False,90,0,0,0,1,0,0,0,0,0,0,0,10,8.2,1.8,0.0,1.0,3,3,1,7,1,0.00,0.01,0.01,1.90,49,631,7571,843,212
521,210462,Ibrahim,Sangaré,2562140,1,False,90,0,0,0,3,0,0,0,1,0,0,0,10,10.4,13.4,24.0,4.8,3,4,3,10,1,0.13,0.08,0.21,2.50,49,524,8165,782,258
521,210462,Ibrahim,Sangaré,2562151,3,False,90,0,0,1,0,0,0,0,0,0,0,0,13,9.0,14.2,2.0,2.5,0,4,4,8,1,0.00,0.10,0.10,0.42,49,272,8568,682,410
521,210462,Ibrahim,Sangaré,2562161,4,False,90,0,0,0,1,0,0,0,0,0,0,0,19,12.6,16.0,2.0,3.1,1,9,6,16,1,0.05,0.15,0.20,1.73,49,-220,8312,255,475
521,210462,Ibrahim,Sangaré,2562167,2,False,90,0,0,0,2,0,0,0,0,0,0,0,16,8.2,1.6,7.0,1.7,2,5,0,7,1,0.08,0.01,0.09,1.31,49,159,8536,391,232
521,210462,Ibrahim,Sangaré,2562181,1,False,90,0,0,0,2,0,0,0,1,0,0,0,4,14.0,12.6,0.0,2.7,4,4,2,10,1,0.00,0.00,0.00,2.12,49,-122,8420,178,300
521,210462,Ibrahim,Sangaré,2562192,3,False,90,0,0,1,0,0,0,0,0,0,0,0,14,9.6,17.1,2.0,2.9,3,6,0,9,1,0.00,0.19,0.19,1.03,49,71,8585,337,266
521,210462,Ibrahim,Sangaré,2562203,4,False,90,0,0,1,0,0,0,0,1,0,0,0,10,29.2,3.0,0.0,3.2,8,5,4,17,1,0.00,0.00,0.00,1.14,49,128,8676,298,170
521,210462,Ibrahim,Sangaré,2562212,4,False,90,0,0,0,1,0,0,0,0,0,0,0,19,15.6,23.3,6.0,4.5,2,6,4,12,1,0.00,0.03,0.03,1.02,49,-115,8719,249,364
521,210462,Ibrahim,Sangaré,2562223,4,False,90,0,0,0,1,0,0,0,0,0,0,0,12,12.8,14.6,2.0,2.9,3,7,2,12,1,0.00,0.05,0.05,0.36,49,103,8841,345,242
521,210462,Ibrahim,Sangaré,2562232,1,False,45,0,0,0,0,0,0,0,0,0,0,0,7,10.2,1.6,0.0,1.2,3,2,1,6,1,0.00,0.02,0.02,0.34,49,807,10466,1077,270
521,210462,Ibrahim,Sangaré,2562239,0,False,0,0,0,0,0,0,0,0,0,0,0,0,0,0.0,0.0,0.0,0.0,0,0,0,0,0,0.00,0.00,0.00,0.00,49,-580,9078,35,615
521,210462,Ibrahim,Sangaré,2562251,0,False,0,0,0,0,0,0,0,0,0,0,0,0,0,0.0,0.0,0.0,0.0,0,0,0,0,0,0.00,0.00,0.00,0.00,49,-574,8488,11,585
521,210462,Ibrahim,Sangaré,2562262,1,False,20,0,0,0,1,0,0,0,0,0,0,0,8,7.2,1.3,0.0,0.9,2,4,1,7,0,0.00,0.01,0.01,1.77,49,-287,8231,9,296
521,210462,Ibrahim,Sangaré,2562271,4,False,64,0,0,0,1,0,0,0,0,0,0,0,11,19.6,2.7,0.0,2.2,8,8,0,16,1,0.00,0.03,0.03,0.82,49,-59,8201,99,158
522,204968,Ryan,Yates,2561898,1,False,6,0,0,0,0,0,0,0,0,0,0,0,7,4.6,1.6,2.0,0.8,2,3,0,5,0,0.00,0.01,0.01,0.00,50,0,13051,0,0
522,204968,Ryan,Yates,2561909,1,False,2,0,0,0,0,0,0,0,0,0,0,0,3,2.6,1.8,0.0,0.4,1,0,0,1,0,0.00,0.00,0.00,0.00,50,-1618,12944,381,1999
522,204968,Ryan,Yates,2561921,0,False,0,0,0,0,0,0,0,0,0,0,0,0,0,0.0,0.0,0.0,0.0,0,0,0,0,0,0.00,0.00,0.00,0.00,49,-1611,11842,303,1914
522,204968,Ryan,Yates,2561926,1,False,17,0,0,0,1,0,0,0,0,0,0,0,1,0.0,0.6,0.0,0.0,1,0,0,1,0,0.00,0.00,0.00,0.08,49,-1304,10929,385,1689
522,204968,Ryan,Yates,2561938,0,False,0,0,0,0,0,0,0,0,0,0,0,0,0,0.0,0.0,0.0,0.0,0,0,0,0,0,0.00,0.00,0.00,0.00,49,-657,10534,362,1019
522,204968,Ryan,Yates,2561953,0,False,0,0,0,0,0,0,0,0,0,0,0,0,0,0.0,0.0,0.0,0.0,0,0,0,0,0,0.00,0.00,0.00,0.00,48,-252,10526,827,1079
522,204968,Ryan,Yates,2561963,1,False,63,0,0,0,1,0,0,0,1,0,0,0,3,12.6,1.3,17.0,3.1,5,2,0,7,1,0.07,0.00,0.07,1.03,48,-392,10247,424,816
522,204968,Ryan,Yates,2561971,0,False,0,0,0,0,0,0,0,0,0,0,0,0,0,0.0,0.0,0.0,0.0,0,0,0,0,0,0.00,0.00,0.00,0.00,48,-435,9972,405,840
522,204968,Ryan,Yates,2561975,1,False,45,0,0,0,0,0,0,0,0,0,0,0,5,3.0,2.7,0.0,0.6,2,0,0,2,0,0.00,0.00,0.00,0.10,48,-422,9644,186,608
522,204968,Ryan,Yates,2561991,5,False,76,0,1,0,2,0,0,0,0,0,0,0,21,23.4,16.8,2.0,4.2,1,4,1,6,0,0.00,0.15,0.15,1.02,47,-320,9444,216,536
522,204968,Ryan,Yates,2562001,1,False,31,0,0,0,0,0,0,0,0,0,0,0,7,6.8,0.7,0.0,0.8,1,1,2,4,0,0.00,0.01,0.01,0.61,47,1798,11712,2226,428
522,204968,Ryan,Yates,2562011,1,False,4,0,0,0,0,0,0,0,0,0,0,0,3,0.0,0.0,0.0,0.0,0,0,0,0,0,0.00,0.00,0.00,0.20,47,646,12553,1471,825
522,204968,Ryan,Yates,2562021,1,False,16,0,0,0,1,0,0,0,0,0,0,0,3,0.8,0.5,4.0,0.5,0,0,0,0,0,0.00,0.00,0.00,0.09,47,85,12674,751,666
522,204968,Ryan,Yates,2562034,1,False,23,0,0,0,0,0,0,0,0,0,0,0,8,8.8,0.6,0.0,0.9,2,1,3,6,0,0.00,0.00,0.00,0.12,47,-8,12562,488,496
522,204968,Ryan,Yates,2562038,1,False,16,0,0,0,0,0,0,0,0,0,0,0,6,1.6,0.4,0.0,0.2,0,0,1,1,0,0.00,0.00,0.00,0.23,47,-301,12279,379,680
522,204968,Ryan,Yates,2562052,0,False,0,0,0,0,0,0,0,0,0,0,0,0,0,0.0,0.0,0.0,0.0,0,0,0,0,0,0.00,0.00,0.00,0.00,47,-2307,9937,65,2372
522,204968,Ryan,Yates,2562059,0,False,0,0,0,0,0,0,0,0,0,0,0,0,0,0.0,0.0,0.0,0.0,0,0,0,0,0,0.00,0.00,0.00,0.00,47,-1059,8952,11,1070
522,204968,Ryan,Yates,2562072,0,False,0,0,0,0,0,0,0,0,0,0,0,0,0,0.0,0.0,0.0,0.0,0,0,0,0,0,0.00,0.00,0.00,0.00,47,-451,8519,94,545
522,204968,Ryan,Yates,2562082,0,False,0,0,0,0,0,0,0,0,0,0,0,0,0,0.0,0.0,0.0,0.0,0,0,0,0,0,0.00,0.00,0.00,0.00,47,-309,8238,13,322
522,204968,Ryan,Yates,2562086,0,False,0,0,0,0,0,0,0,0,0,0,0,0,0,0.0,0.0,0.0,0.0,0,0,0,0,0,0.00,0.00,0.00,0.00,47,-161,8094,16,177
522,204968,Ryan,Yates,2562104,0,False,0,0,0,0,0,0,0,0,0,0,0,0,0,0.0,0.0,0.0,0.0,0,0,0,0,0,0.00,0.00,0.00,0.00,47,-172,7923,10,182
522,204968,Ryan,Yates,2562111,0,False,0,0,0,0,0,0,0,0,0,0,0,0,0,0.0,0.0,0.0,0.0,0,0,0,0,0,0.00,0.00,0.00,0.00,47,-178,7753,52,230
522,204968,Ryan,Yates,2562117,0,False,0,0,0,0,0,0,0,0,0,0,0,0,0,0.0,0.0,0.0,0.0,0,0,0,0,0,0.00,0.00,0.00,0.00,47,-13,7768,76,89
522,204968,Ryan,Yates,2562131,1,False,45,0,0,0,0,0,0,0,0,0,0,0,5,5.4,10.5,1.0,1.7,2,0,1,3,0,0.01,0.01,0.02,0.21,47,43,7845,123,80
522,204968,Ryan,Yates,2562140,1,False,23,0,0,0,0,0,0,0,0,0,0,0,5,2.0,10.8,4.0,1.7,0,0,0,0,0,0.02,0.01,0.03,0.00,47,67,7956,151,84
522,204968,Ryan,Yates,2562151,0,False,0,0,0,0,0,0,0,0,0,0,0,0,0,0.0,0.0,0.0,0.0,0,0,0,0,0,0.00,0.00,0.00,0.00,47,95,8100,203,108
522,204968,Ryan,Yates,2562161,0,False,0,0,0,0,0,0,0,0,0,0,0,0,0,0.0,0.0,0.0,0.0,0,0,0,0,0,0.00,0.00,0.00,0.00,47,-23,8075,109,132
522,204968,Ryan,Yates,2562167,0,False,0,0,0,0,0,0,0,0,0,0,0,0,0,0.0,0.0,0.0,0.0,0,0,0,0,0,0.00,0.00,0.00,0.00,47,-12,8097,72,84
522,204968,Ryan,Yates,2562181,1,False,1,0,0,0,0,0,0,0,0,0,0,0,-2,0.0,0.1,4.0,0.2,0,0,0,0,0,0.11,0.00,0.11,0.79,47,-44,8063,44,88
522,204968,Ryan,Yates,2562192,1,False,16,0,0,0,0,0,0,0,0,0,0,0,2,1.6,0.0,4.0,0.6,1,1,0,2,0,0.01,0.00,0.01,0.00,47,25,8135,106,81
522,204968,Ryan,Yates,2562203,1,False,20,0,0,0,0,0,0,0,0,0,0,0,8,6.2,0.3,0.0,0.7,0,0,3,3,0,0.00,0.00,0.00,0.51,47,-6,8152,51,57
522,204968,Ryan,Yates,2562212,1,False,1,0,0,0,0,0,0,0,0,0,0,0,3,0.0,0.0,0.0,0.0,0,0,0,0,0,0.00,0.00,0.00,0.00,47,80,8274,143,63
522,204968,Ryan,Yates,2562223,4,False,14,0,1,0,0,0,0,0,0,0,0,0,14,19.2,16.6,0.0,3.6,0,1,0,1,0,0.00,0.03,0.03,0.06,47,1,8293,79,78
522,204968,Ryan,Yates,2562232,0,False,23,0,0,0,0,0,0,0,1,0,0,0,3,6.8,0.5,0.0,0.7,5,0,1,6,0,0.00,0.00,0.00,0.31,47,112,8630,199,87
522,204968,Ryan,Yates,2562239,4,False,90,0,0,0,1,0,0,0,0,0,0,0,13,21.8,1.8,0.0,2.4,9,2,2,13,1,0.00,0.01,0.01,2.15,47,21,8464,110,89
522,204968,Ryan,Yates,2562251,0,False,45,0,0,0,1,0,0,0,1,0,0,0,0,0.8,11.7,10.0,2.3,1,1,0,2,0,0.12,0.14,0.26,0.91,47,210,8732,304,94
522,204968,Ryan,Yates,2562262,0,False,0,0,0,0,0,0,0,0,0,0,0,0,0,0.0,0.0,0.0,0.0,0,0,0,0,0,0.00,0.00,0.00,0.00,47,38,8761,150,112
522,204968,Ryan,Yates,2562271,1,False,25,0,0,0,0,0,0,0,0,0,0,0,5,11.0,0.4,7.0,1.8,2,2,2,6,0,0.15,0.00,0.15,0.14,47,-41,8728,109,150
523,569014,Eric,da Silva Moreira,2561898,0,False,0,0,0,0,0,0,0,0,0,0,0,0,0,0.0,0.0,0.0,0.0,0,0,0,0,0,0.00,0.00,0.00,0.00,45,0,16761,0,0
523,569014,Eric,da Silva Moreira,2561909,0,False,0,0,0,0,0,0,0,0,0,0,0,0,0,0.0,0.0,0.0,0.0,0,0,0,0,0,0.00,0.00,0.00,0.00,45,-1373,18387,1064,2437
523,569014,Eric,da Silva Moreira,2561921,0,False,0,0,0,0,0,0,0,0,0,0,0,0,0,0.0,0.0,0.0,0.0,0,0,0,0,0,0.00,0.00,0.00,0.00,45,-2161,16938,632,2793
523,569014,Eric,da Silva Moreira,2561926,0,False,0,0,0,0,0,0,0,0,0,0,0,0,0,0.0,0.0,0.0,0.0,0,0,0,0,0,0.00,0.00,0.00,0.00,45,-3885,13392,200,4085
523,569014,Eric,da Silva Moreira,2561938,0,False,0,0,0,0,0,0,0,0,0,0,0,0,0,0.0,0.0,0.0,0.0,0,0,0,0,0,0.00,0.00,0.00,0.00,45,-2244,11296,0,2244
523,569014,Eric,da Silva Moreira,2561953,0,False,0,0,0,0,0,0,0,0,0,0,0,0,0,0.0,0.0,0.0,0.0,0,0,0,0,0,0.00,0.00,0.00,0.00,45,-1327,10002,0,1327
523,569014,Eric,da Silva Moreira,2561963,0,False,0,0,0,0,0,0,0,0,0,0,0,0,0,0.0,0.0,0.0,0.0,0,0,0,0,0,0.00,0.00,0.00,0.00,45,-746,9302,0,746
523,569014,Eric,da Silva Moreira,2561971,0,False,0,0,0,0,0,0,0,0,0,0,0,0,0,0.0,0.0,0.0,0.0,0,0,0,0,0,0.00,0.00,0.00,0.00,45,-679,8620,0,679
523,569014,Eric,da Silva Moreira,2561975,0,False,0,0,0,0,0,0,0,0,0,0,0,0,0,0.0,0.0,0.0,0.0,0,0,0,0,0,0.00,0.00,0.00,0.00,45,-340,8306,0,340
523,569014,Eric,da Silva Moreira,2561991,0,False,0,0,0,0,0,0,0,0,0,0,0,0,0,0.0,0.0,0.0,0.0,0,0,0,0,0,0.00,0.00,0.00,0.00,45,-318,7992,0,318
523,569014,Eric,da Silva Moreira,2562001,0,False,0,0,0,0,0,0,0,0,0,0,0,0,0,0.0,0.0,0.0,0.0,0,0,0,0,0,0.00,0.00,0.00,0.00,45,-241,7749,0,241
523,569014,Eric,da Silva Moreira,2562011,0,False,0,0,0,0,0,0,0,0,0,0,0,0,0,0.0,0.0,0.0,0.0,0,0,0,0,0,0.00,0.00,0.00,0.00,45,-224,7524,0,224
523,569014,Eric,da Silva Moreira,2562021,0,False,0,0,0,0,0,0,0,0,0,0,0,0,0,0.0,0.0,0.0,0.0,0,0,0,0,0,0.00,0.00,0.00,0.00,45,-175,7347,0,175
523,569014,Eric,da Silva Moreira,2562034,0,False,0,0,0,0,0,0,0,0,0,0,0,0,0,0.0,0.0,0.0,0.0,0,0,0,0,0,0.00,0.00,0.00,0.00,45,-78,7283,0,78
523,569014,Eric,da Silva Moreira,2562038,0,False,0,0,0,0,0,0,0,0,0,0,0,0,0,0.0,0.0,0.0,0.0,0,0,0,0,0,0.00,0.00,0.00,0.00,45,-81,7199,0,81
523,569014,Eric,da Silva Moreira,2562052,0,False,0,0,0,0,0,0,0,0,0,0,0,0,0,0.0,0.0,0.0,0.0,0,0,0,0,0,0.00,0.00,0.00,0.00,45,-241,6960,0,241
523,569014,Eric,da Silva Moreira,2562059,0,False,0,0,0,0,0,0,0,0,0,0,0,0,0,0.0,0.0,0.0,0.0,0,0,0,0,0,0.00,0.00,0.00,0.00,45,-115,6850,0,115
523,569014,Eric,da Silva Moreira,2562072,0,False,0,0,0,0,0,0,0,0,0,0,0,0,0,0.0,0.0,0.0,0.0,0,0,0,0,0,0.00,0.00,0.00,0.00,45,-111,6737,0,111
523,569014,Eric,da Silva Moreira,2562082,0,False,0,0,0,0,0,0,0,0,0,0,0,0,0,0.0,0.0,0.0,0.0,0,0,0,0,0,0.00,0.00,0.00,0.00,45,-37,6704,0,37
523,569014,Eric,da Silva Moreira,2562086,0,False,0,0,0,0,0,0,0,0,0,0,0,0,0,0.0,0.0,0.0,0.0,0,0,0,0,0,0.00,0.00,0.00,0.00,45,-33,6673,0,33
523,569014,Eric,da Silva Moreira,2562104,0,False,0,0,0,0,0,0,0,0,0,0,0,0,0,0.0,0.0,0.0,0.0,0,0,0,0,0,0.00,0.00,0.00,0.00,45,-30,6642,0,30
523,569014,Eric,da Silva Moreira,2562111,0,False,0,0,0,0,0,0,0,0,0,0,0,0,0,0.0,0.0,0.0,0.0,0,0,0,0,0,0.00,0.00,0.00,0.00,45,-50,6594,0,50
523,569014,Eric,da Silva Moreira,2562117,0,False,0,0,0,0,0,0,0,0,0,0,0,0,0,0.0,0.0,0.0,0.0,0,0,0,0,0,0.00,0.00,0.00,0.00,45,16,6639,37,21
523,569014,Eric,da Silva Moreira,2562131,0,False,0,0,0,0,0,0,0,0,0,0,0,0,0,0.0,0.0,0.0,0.0,0,0,0,0,0,0.00,0.00,0.00,0.00,45,27,6711,66,39
523,569014,Eric,da Silva Moreira,2562140,0,False,0,0,0,0,0,0,0,0,0,0,0,0,0,0.0,0.0,0.0,0.0,0,0,0,0,0,0.00,0.00,0.00,0.00,45,42,6798,83,41
523,569014,Eric,da Silva Moreira,2562151,0,False,0,0,0,0,0,0,0,0,0,0,0,0,0,0.0,0.0,0.0,0.0,0,0,0,0,0,0.00,0.00,0.00,0.00,45,153,7033,213,60
523,569014,Eric,da Silva Moreira,2562161,0,False,0,0,0,0,0,0,0,0,0,0,0,0,0,0.0,0.0,0.0,0.0,0,0,0,0,0,0.00,0.00,0.00,0.00,45,56,7118,130,74
523,569014,Eric,da Silva Moreira,2562167,0,False,0,0,0,0,0,0,0,0,0,0,0,0,0,0.0,0.0,0.0,0.0,0,0,0,0,0,0.00,0.00,0.00,0.00,45,15,7180,79,64
523,569014,Eric,da Silva Moreira,2562181,0,False,0,0,0,0,0,0,0,0,0,0,0,0,0,0.0,0.0,0.0,0.0,0,0,0,0,0,0.00,0.00,0.00,0.00,45,24,7232,91,67
523,569014,Eric,da Silva Moreira,2562192,0,False,0,0,0,0,0,0,0,0,0,0,0,0,0,0.0,0.0,0.0,0.0,0,0,0,0,0,0.00,0.00,0.00,0.00,45,24,7317,113,89
523,569014,Eric,da Silva Moreira,2562203,0,False,0,0,0,0,0,0,0,0,0,0,0,0,0,0.0,0.0,0.0,0.0,0,0,0,0,0,0.00,0.00,0.00,0.00,45,-17,7332,33,50
523,569014,Eric,da Silva Moreira,2562212,0,False,0,0,0,0,0,0,0,0,0,0,0,0,0,0.0,0.0,0.0,0.0,0,0,0,0,0,0.00,0.00,0.00,0.00,45,15,7404,75,60
523,569014,Eric,da Silva Moreira,2562223,0,False,0,0,0,0,0,0,0,0,0,0,0,0,0,0.0,0.0,0.0,0.0,0,0,0,0,0,0.00,0.00,0.00,0.00,45,1,7441,56,55
523,569014,Eric,da Silva Moreira,2562232,0,False,0,0,0,0,0,0,0,0,0,0,0,0,0,0.0,0.0,0.0,0.0,0,0,0,0,0,0.00,0.00,0.00,0.00,45,47,7617,97,50
523,569014,Eric,da Silva Moreira,2562239,0,False,0,0,0,0,0,0,0,0,0,0,0,0,0,0.0,0.0,0.0,0.0,0,0,0,0,0,0.00,0.00,0.00,0.00,45,15,7545,66,51
523,569014,Eric,da Silva Moreira,2562251,0,False,0,0,0,0,0,0,0,0,0,0,0,0,0,0.0,0.0,0.0,0.0,0,0,0,0,0,0.00,0.00,0.00,0.00,45,30,7612,92,62
523,569014,Eric,da Silva Moreira,2562262,0,False,0,0,0,0,0,0,0,0,0,0,0,0,0,0.0,0.0,0.0,0.0,0,0,0,0,0,0.00,0.00,0.00,0.00,45,17,7631,69,52
523,569014,Eric,da Silva Moreira,2562271,0,False,0,0,0,0,0,0,0,0,0,0,0,0,0,0.0,0.0,0.0,0.0,0,0,0,0,0,0.00,0.00,0.00,0.00,45,36,7698,101,65
524,495161,Marko,Stamenić,2561898,0,False,0,0,0,0,0,0,0,0,0,0,0,0,0,0.0,0.0,0.0,0.0,0,0,0,0,0,0.00,0.00,0.00,0.00,45,0,6596,0,0
524,495161,Marko,Stamenić,2561909,0,False,0,0,0,0,0,0,0,0,0,0,0,0,0,0.0,0.0,0.0,0.0,0,0,0,0,0,0.00,0.00,0.00,0.00,45,-1206,6305,245,1451
524,495161,Marko,Stamenić,2561921,0,False,0,0,0,0,0,0,0,0,0,0,0,0,0,0.0,0.0,0.0,0.0,0,0,0,0,0,0.00,0.00,0.00,0.00,45,-1834,4426,0,1834
524,495161,Marko,Stamenić,2561926,0,False,0,0,0,0,0,0,0,0,0,0,0,0,0,0.0,0.0,0.0,0.0,0,0,0,0,0,0.00,0.00,0.00,0.00,45,-821,3729,0,821
524,495161,Marko,Stamenić,2561938,0,False,0,0,0,0,0,0,0,0,0,0,0,0,0,0.0,0.0,0.0,0.0,0,0,0,0,0,0.00,0.00,0.00,0.00,45,-371,3376,0,371
524,495161,Marko,Stamenić,2561953,0,False,0,0,0,0,0,0,0,0,0,0,0,0,0,0.0,0.0,0.0,0.0,0,0,0,0,0,0.00,0.00,0.00,0.00,45,-290,3090,0,290
524,495161,Marko,Stamenić,2561963,0,False,0,0,0,0,0,0,0,0,0,0,0,0,0,0.0,0.0,0.0,0.0,0,0,0,0,0,0.00,0.00,0.00,0.00,45,-160,2928,0,160
524,495161,Marko,Stamenić,2561971,0,False,0,0,0,0,0,0,0,0,0,0,0,0,0,0.0,0.0,0.0,0.0,0,0,0,0,0,0.00,0.00,0.00,0.00,45,-167,2771,0,167
524,495161,Marko,Stamenić,2561975,0,False,0,0,0,0,0,0,0,0,0,0,0,0,0,0.0,0.0,0.0,0.0,0,0,0,0,0,0.00,0.00,0.00,0.00,45,-90,2683,0,90
524,495161,Marko,Stamenić,2561991,0,False,0,0,0,0,0,0,0,0,0,0,0,0,0,0.0,0.0,0.0,0.0,0,0,0,0,0,0.00,0.00,0.00,0.00,45,-85,2597,0,85
524,495161,Marko,Stamenić,2562001,0,False,0,0,0,0,0,0,0,0,0,0,0,0,0,0.0,0.0,0.0,0.0,0,0,0,0,0,0.00,0.00,0.00,0.00,45,-68,2530,0,68
524,495161,Marko,Stamenić,2562011,0,False,0,0,0,0,0,0,0,0,0,0,0,0,0,0.0,0.0,0.0,0.0,0,0,0,0,0,0.00,0.00,0.00,0.00,45,-65,2467,0,65
524,495161,Marko,Stamenić,2562021,0,False,0,0,0,0,0,0,0,0,0,0,0,0,0,0.0,0.0,0.0,0.0,0,0,0,0,0,0.00,0.00,0.00,0.00,45,-36,2422,0,36
524,495161,Marko,Stamenić,2562034,0,False,0,0,0,0,0,0,0,0,0,0,0,0,0,0.0,0.0,0.0,0.0,0,0,0,0,0,0.00,0.00,0.00,0.00,45,-20,2412,0,20
524,495161,Marko,Stamenić,2562038,0,False,0,0,0,0,0,0,0,0,0,0,0,0,0,0.0,0.0,0.0,0.0,0,0,0,0,0,0.00,0.00,0.00,0.00,45,-18,2393,0,18
524,495161,Marko,Stamenić,2562052,0,False,0,0,0,0,0,0,0,0,0,0,0,0,0,0.0,0.0,0.0,0.0,0,0,0,0,0,0.00,0.00,0.00,0.00,45,-74,2321,0,74
524,495161,Marko,Stamenić,2562059,0,False,0,0,0,0,0,0,0,0,0,0,0,0,0,0.0,0.0,0.0,0.0,0,0,0,0,0,0.00,0.00,0.00,0.00,45,-30,2293,0,30
524,495161,Marko,Stamenić,2562072,0,False,0,0,0,0,0,0,0,0,0,0,0,0,0,0.0,0.0,0.0,0.0,0,0,0,0,0,0.00,0.00,0.00,0.00,45,-23,2268,0,23
524,495161,Marko,Stamenić,2562082,0,False,0,0,0,0,0,0,0,0,0,0,0,0,0,0.0,0.0,0.0,0.0,0,0,0,0,0,0.00,0.00,0.00,0.00,45,-21,2248,0,21
524,495161,Marko,Stamenić,2562086,0,False,0,0,0,0,0,0,0,0,0,0,0,0,0,0.0,0.0,0.0,0.0,0,0,0,0,0,0.00,0.00,0.00,0.00,45,-9,2239,0,9
524,495161,Marko,Stamenić,2562104,0,False,0,0,0,0,0,0,0,0,0,0,0,0,0,0.0,0.0,0.0,0.0,0,0,0,0,0,0.00,0.00,0.00,0.00,45,-12,2228,0,12
524,495161,Marko,Stamenić,2562111,0,False,0,0,0,0,0,0,0,0,0,0,0,0,0,0.0,0.0,0.0,0.0,0,0,0,0,0,0.00,0.00,0.00,0.00,45,-16,2213,0,16
524,495161,Marko,Stamenić,2562117,0,False,0,0,0,0,0,0,0,0,0,0,0,0,0,0.0,0.0,0.0,0.0,0,0,0,0,0,0.00,0.00,0.00,0.00,45,-4,2209,0,4
524,495161,Marko,Stamenić,2562131,0,False,0,0,0,0,0,0,0,0,0,0,0,0,0,0.0,0.0,0.0,0.0,0,0,0,0,0,0.00,0.00,0.00,0.00,45,-14,2194,0,14
524,495161,Marko,Stamenić,2562140,0,False,0,0,0,0,0,0,0,0,0,0,0,0,0,0.0,0.0,0.0,0.0,0,0,0,0,0,0.00,0.00,0.00,0.00,45,-5,2190,0,5
524,495161,Marko,Stamenić,2562151,0,False,0,0,0,0,0,0,0,0,0,0,0,0,0,0.0,0.0,0.0,0.0,0,0,0,0,0,0.00,0.00,0.00,0.00,45,-4,2185,0,4
524,495161,Marko,Stamenić,2562161,0,False,0,0,0,0,0,0,0,0,0,0,0,0,0,0.0,0.0,0.0,0.0,0,0,0,0,0,0.00,0.00,0.00,0.00,45,-5,2180,0,5
524,495161,Marko,Stamenić,2562167,0,False,0,0,0,0,0,0,0,0,0,0,0,0,0,0.0,0.0,0.0,0.0,0,0,0,0,0,0.00,0.00,0.00,0.00,45,-4,2176,0,4
524,495161,Marko,Stamenić,2562181,0,False,0,0,0,0,0,0,0,0,0,0,0,0,0,0.0,0.0,0.0,0.0,0,0,0,0,0,0.00,0.00,0.00,0.00,45,-3,2173,0,3
524,495161,Marko,Stamenić,2562192,0,False,0,0,0,0,0,0,0,0,0,0,0,0,0,0.0,0.0,0.0,0.0,0,0,0,0,0,0.00,0.00,0.00,0.00,45,-8,2166,0,8
524,495161,Marko,Stamenić,2562203,0,False,0,0,0,0,0,0,0,0,0,0,0,0,0,0.0,0.0,0.0,0.0,0,0,0,0,0,0.00,0.00,0.00,0.00,45,-5,2159,0,5
524,495161,Marko,Stamenić,2562212,0,False,0,0,0,0,0,0,0,0,0,0,0,0,0,0.0,0.0,0.0,0.0,0,0,0,0,0,0.00,0.00,0.00,0.00,45,-6,2155,0,6
524,495161,Marko,Stamenić,2562223,0,False,0,0,0,0,0,0,0,0,0,0,0,0,0,0.0,0.0,0.0,0.0,0,0,0,0,0,0.00,0.00,0.00,0.00,45,-7,2148,0,7
524,495161,Marko,Stamenić,2562232,0,False,0,0,0,0,0,0,0,0,0,0,0,0,0,0.0,0.0,0.0,0.0,0,0,0,0,0,0.00,0.00,0.00,0.00,45,-2,2145,0,2
524,495161,Marko,Stamenić,2562239,0,False,0,0,0,0,0,0,0,0,0,0,0,0,0,0.0,0.0,0.0,0.0,0,0,0,0,0,0.00,0.00,0.00,0.00,45,-2,2144,0,2
524,495161,Marko,Stamenić,2562251,0,False,0,0,0,0,0,0,0,0,0,0,0,0,0,0.0,0.0,0.0,0.0,0,0,0,0,0,0.00,0.00,0.00,0.00,45,-7,2137,0,7
524,495161,Marko,Stamenić,2562262,0,False,0,0,0,0,0,0,0,0,0,0,0,0,0,0.0,0.0,0.0,0.0,0,0,0,0,0,0.00,0.00,0.00,0.00,45,-2,2135,0,2
524,495161,Marko,Stamenić,2562271,0,False,0,0,0,0,0,0,0,0,0,0,0,0,0,0.0,0.0,0.0,0.0,0,0,0,0,0,0.00,0.00,0.00,0.00,45,-5,2130,0,5
525,60689,Chris,Wood,2561898,13,False,78,2,0,0,1,0,0,0,0,0,0,3,58,66.2,4.3,54.0,12.5,0,2,0,2,1,0.95,0.01,0.96,1.50,75,0,1261678,0,0
525,60689,Chris,Wood,2561909,2,False,87,0,0,0,1,0,0,0,0,0,0,0,3,0.0,11.0,13.0,2.0,0,0,0,0,1,0.23,0.06,0.29,1.10,76,574932,2184516,667275,92343
525,60689,Chris,Wood,2561921,2,False,72,0,0,1,0,0,0,0,0,0,0,0,4,0.0,1.9,25.0,2.6,0,1,0,1,1,0.41,0.00,0.41,0.59,77,814169,3321006,996705,182536
525,60689,Chris,Wood,2561926,1,False,59,0,0,0,2,0,0,0,0,0,0,0,4,4.4,11.6,17.0,3.3,1,0,0,1,1,0.03,0.04,0.07,1.75,77,-525097,2578387,132233,657330
525,60689,Chris,Wood,2561938,2,False,74,0,0,0,1,0,0,0,0,0,0,0,7,5.0,17.5,24.0,4.7,2,2,0,4,1,0.41,0.00,0.41,0.68,76,-93288,2592022,207065,300353
525,60689,Chris,Wood,2561953,2,False,89,0,0,0,1,0,0,0,0,0,0,0,0,0.0,2.0,44.0,4.2,2,1,0,3,1,0.78,0.00,0.78,0.92,75,-451283,2126654,95146,546429
525,60689,Chris,Wood,2561963,2,False,63,0,0,0,1,0,0,0,0,0,0,0,4,0.0,1.3,2.0,0.3,1,1,0,2,1,0.00,0.00,0.00,1.03,74,-528915,1602878,13690,542605
525,60689,Chris,Wood,2561971,1,False,16,0,0,0,1,0,0,0,0,0,0,0,5,2.0,0.0,0.0,0.2,0,0,1,1,0,0.00,0.00,0.00,0.27,73,-428530,1192685,12494,441024
525,60689,Chris,Wood,2561975,0,False,0,0,0,0,0,0,0,0,0,0,0,0,0,0.0,0.0,0.0,0.0,0,0,0,0,0,0.00,0.00,0.00,0.00,72,-191120,1010738,6482,197602
525,60689,Chris,Wood,2561991,0,False,0,0,0,0,0,0,0,0,0,0,0,0,0,0.0,0.0,0.0,0.0,0,0,0,0,0,0.00,0.00,0.00,0.00,72,-178500,833214,459,178959
525,60689,Chris,Wood,2562001,0,False,0,0,0,0,0,0,0,0,0,0,0,0,0,0.0,0.0,0.0,0.0,0,0,0,0,0,0.00,0.00,0.00,0.00,72,-77776,758532,330,78106
525,60689,Chris,Wood,2562011,0,False,0,0,0,0,0,0,0,0,0,0,0,0,0,0.0,0.0,0.0,0.0,0,0,0,0,0,0.00,0.00,0.00,0.00,72,-48332,710991,253,48585
525,60689,Chris,Wood,2562021,0,False,0,0,0,0,0,0,0,0,0,0,0,0,0,0.0,0.0,0.0,0.0,0,0,0,0,0,0.00,0.00,0.00,0.00,72,-24870,687082,142,25012
525,60689,Chris,Wood,2562034,0,False,0,0,0,0,0,0,0,0,0,0,0,0,0,0.0,0.0,0.0,0.0,0,0,0,0,0,0.00,0.00,0.00,0.00,72,-11770,676021,111,11881
525,60689,Chris,Wood,2562038,0,False,0,0,0,0,0,0,0,0,0,0,0,0,0,0.0,0.0,0.0,0.0,0,0,0,0,0,0.00,0.00,0.00,0.00,72,-12113,664041,109,12222
525,60689,Chris,Wood,2562052,0,False,0,0,0,0,0,0,0,0,0,0,0,0,0,0.0,0.0,0.0,0.0,0,0,0,0,0,0.00,0.00,0.00,0.00,72,-15147,648894,113,15260
525,60689,Chris,Wood,2562059,0,False,0,0,0,0,0,0,0,0,0,0,0,0,0,0.0,0.0,0.0,0.0,0,0,0,0,0,0.00,0.00,0.00,0.00,72,-11545,637563,112,11657
525,60689,Chris,Wood,2562072,0,False,0,0,0,0,0,0,0,0,0,0,0,0,0,0.0,0.0,0.0,0.0,0,0,0,0,0,0.00,0.00,0.00,0.00,72,-9775,627970,83,9858
525,60689,Chris,Wood,2562082,0,False,0,0,0,0,0,0,0,0,0,0,0,0,0,0.0,0.0,0.0,0.0,0,0,0,0,0,0.00,0.00,0.00,0.00,72,-5444,622882,59,5503
525,60689,Chris,Wood,2562086,0,False,0,0,0,0,0,0,0,0,0,0,0,0,0,0.0,0.0,0.0,0.0,0,0,0,0,0,0.00,0.00,0.00,0.00,72,-3446,619655,178,3624
525,60689,Chris,Wood,2562104,0,False,0,0,0,0,0,0,0,0,0,0,0,0,0,0.0,0.0,0.0,0.0,0,0,0,0,0,0.00,0.00,0.00,0.00,72,-3723,615998,41,3764
525,60689,Chris,Wood,2562111,0,False,0,0,0,0,0,0,0,0,0,0,0,0,0,0.0,0.0,0.0,0.0,0,0,0,0,0,0.00,0.00,0.00,0.00,72,-5238,610784,61,5299
525,60689,Chris,Wood,2562117,0,False,0,0,0,0,0,0,0,0,0,0,0,0,0,0.0,0.0,0.0,0.0,0,0,0,0,0,0.00,0.00,0.00,0.00,72,-2990,607966,87,3077
525,60689,Chris,Wood,2562131,0,False,0,0,0,0,0,0,0,0,0,0,0,0,0,0.0,0.0,0.0,0.0,0,0,0,0,0,0.00,0.00,0.00,0.00,72,-3561,604438,82,3643
525,60689,Chris,Wood,2562140,0,False,0,0,0,0,0,0,0,0,0,0,0,0,0,0.0,0.0,0.0,0.0,0,0,0,0,0,0.00,0.00,0.00,0.00,72,-3425,601044,58,3483
525,60689,Chris,Wood,2562151,0,False,0,0,0,0,0,0,0,0,0,0,0,0,0,0.0,0.0,0.0,0.0,0,0,0,0,0,0.00,0.00,0.00,0.00,72,-2760,598334,51,2811
525,60689,Chris,Wood,2562161,0,False,0,0,0,0,0,0,0,0,0,0,0,0,0,0.0,0.0,0.0,0.0,0,0,0,0,0,0.00,0.00,0.00,0.00,72,-2757,595667,71,2828
525,60689,Chris,Wood,2562167,0,False,0,0,0,0,0,0,0,0,0,0,0,0,0,0.0,0.0,0.0,0.0,0,0,0,0,0,0.00,0.00,0.00,0.00,72,-1558,594195,67,1625
525,60689,Chris,Wood,2562181,0,False,0,0,0,0,0,0,0,0,0,0,0,0,0,0.0,0.0,0.0,0.0,0,0,0,0,0,0.00,0.00,0.00,0.00,72,-1460,592758,55,1515
525,60689,Chris,Wood,2562192,0,False,0,0,0,0,0,0,0,0,0,0,0,0,0,0.0,0.0,0.0,0.0,0,0,0,0,0,0.00,0.00,0.00,0.00,71,-1909,590883,70,1979
525,60689,Chris,Wood,2562203,0,False,0,0,0,0,0,0,0,0,0,0,0,0,0,0.0,0.0,0.0,0.0,0,0,0,0,0,0.00,0.00,0.00,0.00,71,-931,589994,52,983
525,60689,Chris,Wood,2562212,1,False,25,0,0,0,0,0,0,0,0,0,0,0,1,0.0,1.8,9.0,0.9,0,0,0,0,0,0.17,0.01,0.18,0.72,71,-192,589958,1098,1290
525,60689,Chris,Wood,2562223,2,False,75,0,0,0,1,0,0,0,0,0,0,0,7,0.0,13.3,13.0,2.6,0,1,0,1,1,0.15,0.02,0.17,0.30,71,493,590516,1530,1037
525,60689,Chris,Wood,2562232,7,False,87,1,0,1,0,0,0,0,0,0,0,1,35,50.4,2.0,26.0,7.8,5,0,0,5,1,0.52,0.01,0.53,0.70,71,6089,601172,7217,1128
525,60689,Chris,Wood,2562239,1,False,24,0,0,0,1,0,0,0,0,0,0,0,4,6.4,0.5,0.0,0.7,2,2,0,4,0,0.00,0.01,0.01,0.97,71,10455,607657,12939,2484
525,60689,Chris,Wood,2562251,1,False,17,0,0,0,1,0,0,0,0,0,0,0,2,0.0,2.6,4.0,0.6,0,0,0,0,0,0.00,0.07,0.07,0.31,71,2205,609900,6917,4712
525,60689,Chris,Wood,2562262,2,False,69,0,0,0,2,0,0,0,0,0,0,0,5,0.0,6.2,7.0,1.1,0,2,0,2,1,0.06,0.00,0.06,2.80,71,-2930,606816,2219,5149
525,60689,Chris,Wood,2562271,2,False,61,0,0,0,1,0,0,0,0,0,0,0,6,4.6,12.4,28.0,4.5,1,2,0,3,1,0.58,0.09,0.67,0.80,71,3042,610435,7302,4260
526,482973,Igor Jesus,Maciel da Cruz,2561898,1,False,11,0,0,0,0,0,0,0,0,0,0,0,2,1.0,1.5,2.0,0.5,1,0,0,1,0,0.00,0.00,0.00,0.00,60,0,76886,0,0
526,482973,Igor Jesus,Maciel da Cruz,2561909,1,False,2,0,0,0,0,0,0,0,0,0,0,0,1,0.0,0.3,6.0,0.4,0,0,0,0,0,0.07,0.00,0.07,0.00,60,-14720,74056,3612,18332
526,482973,Igor Jesus,Maciel da Cruz,2561921,1,False,17,0,0,0,3,0,0,0,0,0,0,0,4,1.0,0.3,0.0,0.1,0,1,1,2,0,0.00,0.00,0.00,1.83,59,-14036,63612,3374,17410
526,482973,Igor Jesus,Maciel da Cruz,2561926,0,False,0,0,0,0,0,0,0,0,0,0,0,0,0,0.0,0.0,0.0,0.0,0,0,0,0,0,0.00,0.00,0.00,0.00,59,-9246,57237,2355,11601
526,482973,Igor Jesus,Maciel da Cruz,2561938,1,False,15,0,0,0,0,0,0,0,0,0,0,0,6,5.2,10.6,17.0,3.3,0,0,0,0,0,0.04,0.03,0.07,0.17,58,-628,58793,6719,7347
526,482973,Igor Jesus,Maciel da Cruz,2561953,1,False,30,0,0,0,0,0,0,0,0,0,0,0,6,5.0,2.8,22.0,3.0,1,3,0,4,0,0.20,0.01,0.21,0.46,58,32430,96399,41173,8743
526,482973,Igor Jesus,Maciel da Cruz,2561963,1,False,26,0,0,0,1,0,0,0,0,0,0,0,6,6.0,0.4,2.0,0.8,2,1,2,5,0,0.00,0.00,0.00,2.25,58,-5929,89071,9980,15909
526,482973,Igor Jesus,Maciel da Cruz,2561971,1,False,45,0,0,0,3,0,0,0,0,0,0,0,-4,0.0,1.5,15.0,1.5,0,0,1,1,0,0.69,0.01,0.70,1.31,58,-7903,83084,8053,15956
526,482973,Igor Jesus,Maciel da Cruz,2561975,1,False,45,0,0,0,2,0,0,0,0,0,0,0,8,5.6,12.3,0.0,1.8,2,0,1,3,1,0.00,0.02,0.02,0.48,58,-4501,79482,6324,10825
526,482973,Igor Jesus,Maciel da Cruz,2561991,5,False,77,0,1,0,1,0,0,0,0,0,0,0,11,0.0,5.3,17.0,2.1,0,0,0,0,1,0.26,0.03,0.29,0.61,58,-3557,76672,5483,9040
526,482973,Igor Jesus,Maciel da Cruz,2562001,1,False,58,0,0,0,1,0,0,0,0,0,0,0,1,0.0,1.3,26.0,2.6,0,1,0,1,1,0.61,0.01,0.62,0.08,58,11611,91657,16036,4425
526,482973,Igor Jesus,Maciel da Cruz,2562011,2,False,85,0,0,1,0,0,0,0,0,0,0,0,10,9.0,0.8,27.0,3.7,3,2,2,7,1,0.06,0.00,0.06,1.73,58,-6195,84012,4658,10853
526,482973,Igor Jesus,Maciel da Cruz,2562021,2,False,74,0,0,0,1,0,0,0,0,0,0,0,11,14.0,14.7,51.0,8.0,1,3,0,4,1,0.19,0.02,0.21,1.44,58,10493,100151,15760,5267
526,482973,Igor Jesus,Maciel da Cruz,2562034,9,False,90,1,0,1,0,0,0,0,0,0,0,3,35,34.6,3.4,39.0,7.7,0,5,2,7,1,0.24,0.02,0.26,0.91,58,13739,113951,19321,5582
526,482973,Igor Jesus,Maciel da Cruz,2562038,2,False,90,0,0,0,3,0,0,0,0,0,0,0,11,10.4,10.5,34.0,5.5,2,1,2,5,1,0.07,0.00,0.07,1.12,58,19465,133120,27924,8459
526,482973,Igor Jesus,Maciel da Cruz,2562052,2,False,84,0,0,1,0,0,0,0,0,0,0,0,8,8.4,17.5,15.0,4.1,4,1,1,6,1,0.21,0.35,0.56,0.31,58,5336,138283,31353,26017
526,482973,Igor Jesus,Maciel da Cruz,2562059,2,False,71,0,0,0,1,0,0,0,0,0,0,0,7,0.0,3.5,19.0,1.7,0,4,0,4,1,0.34,0.01,0.35,1.19,58,16718,156811,30872,14154
526,482973,Igor Jesus,Maciel da Cruz,2562072,5,False,90,0,1,0,2,0,0,0,0,0,0,0,17,15.0,11.4,16.0,4.2,0,2,0,2,1,0.10,0.30,0.40,1.45,58,-16145,135736,8675,24820
526,482973,Igor Jesus,Maciel da Cruz,2562082,2,False,61,0,0,0,1,0,0,0,0,0,0,0,-1,0.0,1.2,17.0,1.2,0,2,0,2,1,0.21,0.00,0.21,0.29,58,17278,164559,26480,9202
526,482973,Igor Jesus,Maciel da Cruz,2562086,2,False,82,0,0,0,3,0,0,0,0,0,0,0,-5,0.0,2.7,6.0,0.3,0,2,0,2,1,0.02,0.00,0.02,1.59,58,-9530,148823,7101,16631
526,482973,Igor Jesus,Maciel da Cruz,2562104,2,False,90,0,0,0,1,0,0,0,0,0,0,0,0,1.4,7.0,13.0,2.1,1,1,0,2,1,0.02,0.01,0.03,0.95,58,988,153116,16274,15286
526,482973,Igor Jesus,Maciel da Cruz,2562111,2,False,75,0,0,1,0,0,0,0,0,0,0,0,1,0.6,2.4,4.0,0.7,0,0,1,1,1,0.00,0.01,0.01,1.90,58,-21526,129906,5086,26612
526,482973,Igor Jesus,Maciel da Cruz,2562117,9,False,67,1,0,1,0,0,0,0,0,0,0,3,39,42.8,0.3,35.0,7.8,2,2,3,7,1,0.23,0.01,0.24,1.36,58,-7994,123108,4024,12018
526,482973,Igor Jesus,Maciel da Cruz,2562131,2,False,69,0,0,0,1,0,0,0,0,0,0,0,2,0.0,1.3,14.0,1.5,1,1,0,2,1,0.12,0.00,0.12,1.85,58,45636,173711,57068,11432
526,482973,Igor Jesus,Maciel da Cruz,2562140,1,False,53,0,0,0,3,0,0,0,0,0,0,0,5,2.0,3.0,25.0,3.0,0,0,1,1,1,0.09,0.01,0.10,2.05,58,7640,179542,21464,13824
526,482973,Igor Jesus,Maciel da Cruz,2562151,1,False,19,0,0,0,0,0,0,0,0,0,0,0,3,5.0,0.0,33.0,3.8,1,0,0,1,0,0.33,0.00,0.33,0.20,58,6912,189824,25853,18941
526,482973,Igor Jesus,Maciel da Cruz,2562161,2,False,76,0,0,1,0,0,0,0,0,0,0,0,3,0.4,2.3,6.0,0.9,1,2,0,3,1,0.03,0.01,0.04,0.53,58,-23813,161954,6306,30119
526,482973,Igor Jesus,Maciel da Cruz,2562167,5,False,82,0,1,0,2,0,0,0,0,0,0,0,18,21.0,25.2,11.0,5.7,2,3,0,5,1,0.12,0.04,0.16,1.31,58,-7927,155063,5462,13389
526,482973,Igor Jesus,Maciel da Cruz,2562181,5,False,78,0,1,0,2,0,0,0,0,0,0,0,21,21.2,12.3,23.0,5.7,0,0,1,1,1,0.05,0.16,0.21,1.05,58,-9863,145318,2708,12571
526,482973,Igor Jesus,Maciel da Cruz,2562192,2,False,62,0,0,1,0,0,0,0,0,0,0,0,6,4.6,11.6,4.0,2.0,1,4,0,5,1,0.03,0.00,0.03,0.89,58,10547,157770,17831,7284
526,482973,Igor Jesus,Maciel da Cruz,2562203,8,False,70,1,0,1,0,0,0,0,0,0,0,2,37,44.4,0.7,54.0,9.9,5,0,0,5,1,0.16,0.01,0.17,0.63,58,2136,160006,7453,5317
526,482973,Igor Jesus,Maciel da Cruz,2562212,2,False,88,0,0,0,1,0,0,0,0,0,0,0,7,0.0,12.3,12.0,2.4,2,2,0,4,1,0.29,0.09,0.38,1.02,58,6149,167167,14402,8253
526,482973,Igor Jesus,Maciel da Cruz,2562223,7,False,45,1,0,0,0,0,0,0,0,0,0,2,34,40.4,6.3,21.0,6.8,0,1,3,4,0,0.24,0.00,0.24,0.14,58,-1691,161944,8448,10139
526,482973,Igor Jesus,Maciel da Cruz,2562232,14,False,66,1,2,1,0,0,0,0,1,0,0,3,48,58.0,22.3,21.0,10.1,3,5,0,8,1,0.14,0.06,0.20,0.39,58,59347,264495,65521,6174
526,482973,Igor Jesus,Maciel da Cruz,2562239,5,False,45,1,0,0,0,0,0,0,0,0,0,0,21,34.2,1.7,34.0,7.0,0,1,0,1,1,0.83,0.00,0.83,1.13,59,48768,275748,63888,15120
526,482973,Igor Jesus,Maciel da Cruz,2562251,1,False,82,0,0,0,1,0,0,0,1,0,0,0,8,15.8,20.7,55.0,9.2,1,4,1,6,1,0.29,0.00,0.29,1.46,59,43902,321533,57397,13495
526,482973,Igor Jesus,Maciel da Cruz,2562262,2,False,83,0,0,0,3,0,0,0,0,0,0,0,7,8.0,5.7,7.0,2.1,2,2,1,5,1,0.02,0.01,0.03,3.74,59,-4285,314648,23997,28282
526,482973,Igor Jesus,Maciel da Cruz,2562271,2,False,90,0,0,0,1,0,0,0,0,0,0,0,13,5.6,3.6,23.0,3.2,0,5,1,6,1,0.18,0.03,0.21,0.95,59,-6939,307697,27309,34248
527,210156,Taiwo,Awoniyi,2561898,0,False,0,0,0,0,0,0,0,0,0,0,0,0,0,0.0,0.0,0.0,0.0,0,0,0,0,0,0.00,0.00,0.00,0.00,55,0,74110,0,0
527,210156,Taiwo,Awoniyi,2561909,0,False,0,0,0,0,0,0,0,0,0,0,0,0,0,0.0,0.0,0.0,0.0,0,0,0,0,0,0.00,0.00,0.00,0.00,55,-11403,72590,4455,15858
527,210156,Taiwo,Awoniyi,2561921,0,False,0,0,0,0,0,0,0,0,0,0,0,0,0,0.0,0.0,0.0,0.0,0,0,0,0,0,0.00,0.00,0.00,0.00,54,-13497,61885,3227,16724
527,210156,Taiwo,Awoniyi,2561926,0,False,0,0,0,0,0,0,0,0,0,0,0,0,0,0.0,0.0,0.0,0.0,0,0,0,0,0,0.00,0.00,0.00,0.00,54,-8906,55208,2145,11051
527,210156,Taiwo,Awoniyi,2561938,0,False,0,0,0,0,0,0,0,0,0,0,0,0,0,0.0,0.0,0.0,0.0,0,0,0,0,0,0.00,0.00,0.00,0.00,53,-2835,53828,3487,6322
527,210156,Taiwo,Awoniyi,2561953,0,False,0,0,0,0,0,0,0,0,0,0,0,0,0,0.0,0.0,0.0,0.0,0,0,0,0,0,0.00,0.00,0.00,0.00,53,-3480,51115,2748,6228
527,210156,Taiwo,Awoniyi,2561963,0,False,0,0,0,0,0,0,0,0,0,0,0,0,0,0.0,0.0,0.0,0.0,0,0,0,0,0,0.00,0.00,0.00,0.00,53,-3281,48240,1392,4673
527,210156,Taiwo,Awoniyi,2561971,1,False,45,0,0,0,0,0,0,0,0,0,0,0,5,0.0,10.7,1.0,1.1,0,3,1,4,1,0.08,0.02,0.10,0.37,52,-2310,46607,2074,4384
527,210156,Taiwo,Awoniyi,2561975,1,False,45,0,0,0,0,0,0,0,0,0,0,0,8,6.6,3.2,36.0,4.6,0,1,0,1,0,0.11,0.00,0.11,0.10,52,-372,46644,2578,2950
527,210156,Taiwo,Awoniyi,2561991,1,False,12,0,0,0,1,0,0,0,0,0,0,0,4,2.0,11.5,0.0,1.4,0,2,0,2,0,0.00,0.00,0.00,0.51,52,-1200,45661,1581,2781
527,210156,Taiwo,Awoniyi,2562001,1,False,31,0,0,0,0,0,0,0,0,0,0,0,2,3.2,0.3,2.0,0.6,2,0,0,2,0,0.00,0.00,0.00,0.61,52,-505,45429,1633,2138
527,210156,Taiwo,Awoniyi,2562011,0,False,0,0,0,0,0,0,0,0,0,0,0,0,0,0.0,0.0,0.0,0.0,0,0,0,0,0,0.00,0.00,0.00,0.00,52,-2419,43138,826,3245
527,210156,Taiwo,Awoniyi,2562021,0,False,0,0,0,0,0,0,0,0,0,0,0,0,0,0.0,0.0,0.0,0.0,0,0,0,0,0,0.00,0.00,0.00,0.00,52,-2960,40256,25,2985
527,210156,Taiwo,Awoniyi,2562034,0,False,0,0,0,0,0,0,0,0,0,0,0,0,0,0.0,0.0,0.0,0.0,0,0,0,0,0,0.00,0.00,0.00,0.00,52,-1397,38993,27,1424
527,210156,Taiwo,Awoniyi,2562038,0,False,0,0,0,0,0,0,0,0,0,0,0,0,0,0.0,0.0,0.0,0.0,0,0,0,0,0,0.00,0.00,0.00,0.00,52,-1185,37829,212,1397
527,210156,Taiwo,Awoniyi,2562052,0,False,0,0,0,0,0,0,0,0,0,0,0,0,0,0.0,0.0,0.0,0.0,0,0,0,0,0,0.00,0.00,0.00,0.00,52,-1838,36017,55,1893
527,210156,Taiwo,Awoniyi,2562059,1,False,18,0,0,0,0,0,0,0,0,0,0,0,0,0.0,0.3,2.0,0.2,0,0,0,0,0,0.00,0.01,0.01,0.31,52,-1035,35027,73,1108
527,210156,Taiwo,Awoniyi,2562072,1,False,3,0,0,0,0,0,0,0,0,0,0,0,2,0.0,0.0,0.0,0.0,0,0,0,0,0,0.00,0.00,0.00,0.07,52,-21,35178,669,690
527,210156,Taiwo,Awoniyi,2562082,1,False,28,0,0,0,1,0,0,0,0,0,0,0,8,5.2,14.5,27.0,4.7,1,0,0,1,0,0.27,0.36,0.63,0.97,52,209,35579,736,527
527,210156,Taiwo,Awoniyi,2562086,0,False,0,0,0,0,0,0,0,0,0,0,0,0,0,0.0,0.0,0.0,0.0,0,0,0,0,0,0.00,0.00,0.00,0.00,52,236,35746,625,389
527,210156,Taiwo,Awoniyi,2562104,0,False,0,0,0,0,0,0,0,0,0,0,0,0,0,0.0,0.0,0.0,0.0,0,0,0,0,0,0.00,0.00,0.00,0.00,52,31,35853,556,525
527,210156,Taiwo,Awoniyi,2562111,0,False,0,0,0,0,0,0,0,0,0,0,0,0,0,0.0,0.0,0.0,0.0,0,0,0,0,0,0.00,0.00,0.00,0.00,52,-76,35892,669,745
527,210156,Taiwo,Awoniyi,2562117,6,False,22,1,0,0,0,0,0,0,0,0,0,1,30,35.4,1.3,33.0,7.0,1,1,0,2,0,0.39,0.00,0.39,0.45,52,268,36250,683,415
527,210156,Taiwo,Awoniyi,2562131,0,False,0,0,0,0,0,0,0,0,0,0,0,0,0,0.0,0.0,0.0,0.0,0,0,0,0,0,0.00,0.00,0.00,0.00,52,1788,38267,2366,578
527,210156,Taiwo,Awoniyi,2562140,0,False,0,0,0,0,0,0,0,0,0,0,0,0,0,0.0,0.0,0.0,0.0,0,0,0,0,0,0.00,0.00,0.00,0.00,52,76,38301,923,847
527,210156,Taiwo,Awoniyi,2562151,0,False,0,0,0,0,0,0,0,0,0,0,0,0,0,0.0,0.0,0.0,0.0,0,0,0,0,0,0.00,0.00,0.00,0.00,52,171,38619,1132,961
527,210156,Taiwo,Awoniyi,2562161,0,False,0,0,0,0,0,0,0,0,0,0,0,0,0,0.0,0.0,0.0,0.0,0,0,0,0,0,0.00,0.00,0.00,0.00,52,-374,38234,544,918
527,210156,Taiwo,Awoniyi,2562167,1,False,7,0,0,0,0,0,0,0,0,0,0,0,-2,0.0,0.0,4.0,0.2,0,1,0,1,0,0.20,0.00,0.20,0.00,52,-151,38112,341,492
527,210156,Taiwo,Awoniyi,2562181,1,False,11,0,0,0,0,0,0,0,0,0,0,0,3,0.0,0.0,0.0,0.0,0,0,0,0,0,0.00,0.00,0.00,1.07,52,-405,37752,173,578
527,210156,Taiwo,Awoniyi,2562192,1,False,27,0,0,0,0,0,0,0,0,0,0,0,-4,0.0,0.1,9.0,0.5,0,1,0,1,0,0.54,0.00,0.54,0.14,52,-79,37753,431,510
527,210156,Taiwo,Awoniyi,2562203,4,False,19,1,0,0,0,0,0,0,1,0,0,0,25,33.0,0.0,37.0,7.0,1,0,0,1,0,0.48,0.00,0.48,0.51,52,-96,37614,199,295
527,210156,Taiwo,Awoniyi,2562212,0,False,0,0,0,0,0,0,0,0,0,0,0,0,0,0.0,0.0,0.0,0.0,0,0,0,0,0,0.00,0.00,0.00,0.00,52,65,37822,367,302
527,210156,Taiwo,Awoniyi,2562223,0,False,0,0,0,0,0,0,0,0,0,0,0,0,0,0.0,0.0,0.0,0.0,0,0,0,0,0,0.00,0.00,0.00,0.00,52,-167,37649,187,354
527,210156,Taiwo,Awoniyi,2562232,4,False,2,0,1,0,0,0,0,0,0,0,0,0,16,17.4,10.3,2.0,3.0,0,1,0,1,0,0.00,0.01,0.01,0.00,52,189,38126,461,272
527,210156,Taiwo,Awoniyi,2562239,16,False,90,2,1,0,1,0,0,0,0,0,0,3,67,71.6,0.1,52.0,12.4,1,3,0,4,1,1.11,0.00,1.11,2.15,52,111,38042,409,298
527,210156,Taiwo,Awoniyi,2562251,2,False,72,0,0,1,0,0,0,0,0,0,0,0,10,2.0,12.2,17.0,3.1,0,3,0,3,1,0.15,0.02,0.17,1.16,52,7813,46689,8389,576
527,210156,Taiwo,Awoniyi,2562262,1,False,20,0,0,0,1,0,0,0,0,0,0,0,1,0.8,14.4,6.0,2.1,0,2,0,2,0,0.18,0.35,0.53,1.77,52,1429,47540,3232,1803
527,210156,Taiwo,Awoniyi,2562271,0,False,28,0,0,0,0,0,0,0,1,0,0,0,-5,0.0,0.1,7.0,0.5,0,0,1,1,0,0.17,0.00,0.17,0.16,52,492,48353,3657,3165
669,456512,Dan,Ndoye,2561898,9,False,78,1,0,0,1,0,0,0,0,0,0,2,29,32.2,0.8,27.0,6.0,0,3,0,3,1,0.10,0.01,0.11,1.50,60,0,27774,0,0
669,456512,Dan,Ndoye,2561909,7,False,70,0,1,0,1,0,0,0,0,0,0,2,21,23.8,29.2,8.0,6.1,2,3,0,5,1,0.00,0.35,0.35,1.10,60,30978,97626,44340,13362
669,456512,Dan,Ndoye,2561921,1,False,57,0,0,0,0,0,0,0,0,0,0,0,5,2.6,2.3,4.0,0.9,0,4,2,6,1,0.00,0.00,0.00,0.47,60,275393,458950,315205,39812
669,456512,Dan,Ndoye,2561926,2,False,90,0,0,0,3,0,0,0,0,0,0,0,10,16.6,21.1,4.0,4.2,2,2,1,5,1,0.00,0.03,0.03,1.84,61,-35866,367190,67370,103236
669,456512,Dan,Ndoye,2561938,2,False,75,0,0,0,1,0,0,0,0,0,0,0,10,9.4,21.6,12.0,4.3,2,3,1,6,1,0.00,0.18,0.18,0.68,61,25603,409024,73912,48309
669,456512,Dan,Ndoye,2561953,1,False,59,0,0,0,1,0,0,0,0,0,0,0,5,2.4,3.1,13.0,1.9,0,1,1,2,1,0.05,0.01,0.06,0.74,61,-60357,343591,14859,75216
669,456512,Dan,Ndoye,2561963,2,False,64,0,0,0,1,0,0,0,0,0,0,0,11,8.8,25.1,2.0,3.6,1,5,1,7,1,0.00,0.06,0.06,1.03,60,-79137,265722,3973,83110
669,456512,Dan,Ndoye,2561971,0,False,0,0,0,0,0,0,0,0,0,0,0,0,0,0.0,0.0,0.0,0.0,0,0,0,0,0,0.00,0.00,0.00,0.00,59,-56392,213142,3744,60136
669,456512,Dan,Ndoye,2561975,2,False,82,0,0,0,2,0,0,0,0,0,0,0,9,0.0,2.4,3.0,0.5,2,8,1,11,1,0.05,0.01,0.06,0.59,58,-33595,180761,1053,34648
669,456512,Dan,Ndoye,2561991,1,False,90,0,0,0,2,0,0,0,1,0,0,0,2,7.2,3.7,9.0,2.0,1,1,3,5,1,0.02,0.05,0.07,1.12,57,-25251,155306,1098,26349
669,456512,Dan,Ndoye,2562001,5,False,90,0,1,0,1,0,0,0,0,0,0,0,21,13.4,11.9,24.0,4.9,3,5,3,11,1,0.12,0.47,0.59,0.69,57,-9686,147548,3279,12965
669,456512,Dan,Ndoye,2562011,3,False,85,0,0,1,0,0,0,0,0,0,0,0,7,6.2,3.2,9.0,1.8,3,4,1,8,1,0.13,0.01,0.14,1.73,56,-10079,136727,1281,11360
669,456512,Dan,Ndoye,2562021,1,False,45,0,0,0,1,0,0,0,0,0,0,0,0,7.0,10.6,7.0,2.5,1,2,0,3,1,0.06,0.01,0.07,1.12,56,-3117,134644,2977,6094
669,456512,Dan,Ndoye,2562034,3,False,66,0,0,1,0,0,0,0,0,0,0,0,0,4.4,16.3,12.0,3.3,0,1,1,2,1,0.25,0.03,0.28,0.79,56,25,135656,5135,5110
669,456512,Dan,Ndoye,2562038,1,False,45,0,0,0,2,0,0,0,0,0,0,0,8,7.2,0.9,0.0,0.8,2,0,2,4,1,0.00,0.00,0.00,0.48,56,-6579,128573,1586,8165
669,456512,Dan,Ndoye,2562052,1,False,1,0,0,0,0,0,0,0,0,0,0,0,2,2.2,0.5,0.0,0.3,0,1,1,2,0,0.00,0.00,0.00,0.00,55,-14226,114528,1063,15289
669,456512,Dan,Ndoye,2562059,0,False,0,0,0,0,0,0,0,0,0,0,0,0,0,0.0,0.0,0.0,0.0,0,0,0,0,0,0.00,0.00,0.00,0.00,55,-4404,110701,1173,5577
669,456512,Dan,Ndoye,2562072,0,False,0,0,0,0,0,0,0,0,0,0,0,0,0,0.0,0.0,0.0,0.0,0,0,0,0,0,0.00,0.00,0.00,0.00,55,-7469,102838,329,7798
669,456512,Dan,Ndoye,2562082,0,False,0,0,0,0,0,0,0,0,0,0,0,0,0,0.0,0.0,0.0,0.0,0,0,0,0,0,0.00,0.00,0.00,0.00,55,-5409,97872,12,5421
669,456512,Dan,Ndoye,2562086,0,False,0,0,0,0,0,0,0,0,0,0,0,0,0,0.0,0.0,0.0,0.0,0,0,0,0,0,0.00,0.00,0.00,0.00,55,-2655,95707,23,2678
669,456512,Dan,Ndoye,2562104,0,False,0,0,0,0,0,0,0,0,0,0,0,0,0,0.0,0.0,0.0,0.0,0,0,0,0,0,0.00,0.00,0.00,0.00,55,-2185,93532,14,2199
669,456512,Dan,Ndoye,2562111,1,False,14,0,0,0,0,0,0,0,0,0,0,0,4,1.2,0.3,2.0,0.4,1,1,0,2,0,0.00,0.00,0.00,0.20,55,-1756,91874,139,1895
669,456512,Dan,Ndoye,2562117,0,False,0,0,0,0,0,0,0,0,0,0,0,0,0,0.0,0.0,0.0,0.0,0,0,0,0,0,0.00,0.00,0.00,0.00,55,-335,91669,340,675
669,456512,Dan,Ndoye,2562131,1,False,20,0,0,0,0,0,0,0,0,0,0,0,2,3.2,1.4,6.0,1.1,2,1,1,4,0,0.02,0.00,0.02,0.05,55,-494,91246,416,910
669,456512,Dan,Ndoye,2562140,1,False,23,0,0,0,0,0,0,0,0,0,0,0,7,6.0,25.0,6.0,3.7,0,2,1,3,0,0.07,0.26,0.33,0.00,55,-359,90992,430,789
669,456512,Dan,Ndoye,2562151,1,False,25,0,0,0,0,0,0,0,0,0,0,0,5,5.0,21.8,23.0,5.0,0,0,1,1,0,0.13,0.02,0.15,0.22,55,-273,90843,547,820
669,456512,Dan,Ndoye,2562161,1,False,24,0,0,0,1,0,0,0,0,0,0,0,5,4.2,4.5,7.0,1.6,1,2,1,4,0,0.05,0.00,0.05,1.20,55,-585,90289,186,771
669,456512,Dan,Ndoye,2562167,1,False,8,0,0,0,0,0,0,0,0,0,0,0,5,2.0,10.3,0.0,1.2,0,0,0,0,0,0.00,0.01,0.01,0.00,55,-249,90134,175,424
669,456512,Dan,Ndoye,2562181,0,False,0,0,0,0,0,0,0,0,0,0,0,0,0,0.0,0.0,0.0,0.0,0,0,0,0,0,0.00,0.00,0.00,0.00,55,-417,89737,118,535
669,456512,Dan,Ndoye,2562192,1,False,45,0,0,0,0,0,0,0,0,0,0,0,2,0.4,1.4,2.0,0.4,0,0,0,0,0,0.00,0.00,0.00,0.14,55,-523,89256,153,676
669,456512,Dan,Ndoye,2562203,1,False,10,0,0,0,0,0,0,0,0,0,0,0,5,0.0,0.3,0.0,0.0,0,1,0,1,0,0.00,0.00,0.00,0.27,55,-210,89071,102,312
669,456512,Dan,Ndoye,2562212,1,False,1,0,0,0,0,0,0,0,0,0,0,0,3,1.0,0.0,0.0,0.1,1,0,0,1,0,0.00,0.00,0.00,0.00,55,-199,88995,151,350
669,456512,Dan,Ndoye,2562223,0,False,0,0,0,0,0,0,0,0,0,0,0,0,0,0.0,0.0,0.0,0.0,0,0,0,0,0,0.00,0.00,0.00,0.00,55,-69,88963,208,277
669,456512,Dan,Ndoye,2562232,0,False,0,0,0,0,0,0,0,0,0,0,0,0,0,0.0,0.0,0.0,0.0,0,0,0,0,0,0.00,0.00,0.00,0.00,55,31,89089,257,226
669,456512,Dan,Ndoye,2562239,0,False,0,0,0,0,0,0,0,0,0,0,0,0,0,0.0,0.0,0.0,0.0,0,0,0,0,0,0.00,0.00,0.00,0.00,55,-293,88745,78,371
669,456512,Dan,Ndoye,2562251,0,False,0,0,0,0,0,0,0,0,0,0,0,0,0,0.0,0.0,0.0,0.0,0,0,0,0,0,0.00,0.00,0.00,0.00,55,-567,88161,15,582
669,456512,Dan,Ndoye,2562262,0,False,0,0,0,0,0,0,0,0,0,0,0,0,0,0.0,0.0,0.0,0.0,0,0,0,0,0,0.00,0.00,0.00,0.00,55,-309,87861,11,320
669,456512,Dan,Ndoye,2562271,0,False,0,0,0,0,0,0,0,0,0,0,0,0,0,0.0,0.0,0.0,0.0,0,0,0,0,0,0.00,0.00,0.00,0.00,55,-282,87596,16,298
675,107265,Angus,Gunn,2561898,0,False,0,0,0,0,0,0,0,0,0,0,0,0,0,0.0,0.0,0.0,0.0,0,0,0,0,0,0.00,0.00,0.00,0.00,40,0,167619,0,0
675,107265,Angus,Gunn,2561909,0,False,0,0,0,0,0,0,0,0,0,0,0,0,0,0.0,0.0,0.0,0.0,0,0,0,0,0,0.00,0.00,0.00,0.00,40,-243,203279,8239,8482
675,107265,Angus,Gunn,2561921,0,False,0,0,0,0,0,0,0,0,0,0,0,0,0,0.0,0.0,0.0,0.0,0,0,0,0,0,0.00,0.00,0.00,0.00,40,-7192,200202,4946,12138
675,107265,Angus,Gunn,2561926,0,False,0,0,0,0,0,0,0,0,0,0,0,0,0,0.0,0.0,0.0,0.0,0,0,0,0,0,0.00,0.00,0.00,0.00,40,-4169,200697,3716,7885
675,107265,Angus,Gunn,2561938,0,False,0,0,0,0,0,0,0,0,0,0,0,0,0,0.0,0.0,0.0,0.0,0,0,0,0,0,0.00,0.00,0.00,0.00,40,-2453,199508,3180,5633
675,107265,Angus,Gunn,2561953,0,False,0,0,0,0,0,0,0,0,0,0,0,0,0,0.0,0.0,0.0,0.0,0,0,0,0,0,0.00,0.00,0.00,0.00,40,-3441,197060,2970,6411
675,107265,Angus,Gunn,2561963,0,False,0,0,0,0,0,0,0,0,0,0,0,0,0,0.0,0.0,0.0,0.0,0,0,0,0,0,0.00,0.00,0.00,0.00,40,-4127,193173,1178,5305
675,107265,Angus,Gunn,2561971,0,False,0,0,0,0,0,0,0,0,0,0,0,0,0,0.0,0.0,0.0,0.0,0,0,0,0,0,0.00,0.00,0.00,0.00,40,-3978,189866,942,4920
675,107265,Angus,Gunn,2561975,0,False,0,0,0,0,0,0,0,0,0,0,0,0,0,0.0,0.0,0.0,0.0,0,0,0,0,0,0.00,0.00,0.00,0.00,40,-2918,187238,422,3340
675,107265,Angus,Gunn,2561991,0,False,0,0,0,0,0,0,0,0,0,0,0,0,0,0.0,0.0,0.0,0.0,0,0,0,0,0,0.00,0.00,0.00,0.00,40,-4610,182671,250,4860
675,107265,Angus,Gunn,2562001,0,False,0,0,0,0,0,0,0,0,0,0,0,0,0,0.0,0.0,0.0,0.0,0,0,0,0,0,0.00,0.00,0.00,0.00,40,-5947,176638,86,6033
675,107265,Angus,Gunn,2562011,0,False,0,0,0,0,0,0,0,0,0,0,0,0,0,0.0,0.0,0.0,0.0,0,0,0,0,0,0.00,0.00,0.00,0.00,40,-4945,171562,96,5041
675,107265,Angus,Gunn,2562021,0,False,0,0,0,0,0,0,0,0,0,0,0,0,0,0.0,0.0,0.0,0.0,0,0,0,0,0,0.00,0.00,0.00,0.00,40,-3312,168296,54,3366
675,107265,Angus,Gunn,2562034,0,False,0,0,0,0,0,0,0,0,0,0,0,0,0,0.0,0.0,0.0,0.0,0,0,0,0,0,0.00,0.00,0.00,0.00,40,-2367,166273,59,2426
675,107265,Angus,Gunn,2562038,0,False,0,0,0,0,0,0,0,0,0,0,0,0,0,0.0,0.0,0.0,0.0,0,0,0,0,0,0.00,0.00,0.00,0.00,40,-3051,163259,85,3136
675,107265,Angus,Gunn,2562052,0,False,0,0,0,0,0,0,0,0,0,0,0,0,0,0.0,0.0,0.0,0.0,0,0,0,0,0,0.00,0.00,0.00,0.00,40,-7008,156248,48,7056
675,107265,Angus,Gunn,2562059,0,False,0,0,0,0,0,0,0,0,0,0,0,0,0,0.0,0.0,0.0,0.0,0,0,0,0,0,0.00,0.00,0.00,0.00,40,-1784,154914,364,2148
675,107265,Angus,Gunn,2562072,0,False,0,0,0,0,0,0,0,0,0,0,0,0,0,0.0,0.0,0.0,0.0,0,0,0,0,0,0.00,0.00,0.00,0.00,40,-1281,153687,477,1758
675,107265,Angus,Gunn,2562082,0,False,0,0,0,0,0,0,0,0,0,0,0,0,0,0.0,0.0,0.0,0.0,0,0,0,0,0,0.00,0.00,0.00,0.00,40,-1290,152582,271,1561
675,107265,Angus,Gunn,2562086,0,False,0,0,0,0,0,0,0,0,0,0,0,0,0,0.0,0.0,0.0,0.0,0,0,0,0,0,0.00,0.00,0.00,0.00,40,-684,152121,278,962
675,107265,Angus,Gunn,2562104,0,False,0,0,0,0,0,0,0,0,0,0,0,0,0,0.0,0.0,0.0,0.0,0,0,0,0,0,0.00,0.00,0.00,0.00,40,-852,151402,286,1138
675,107265,Angus,Gunn,2562111,0,False,0,0,0,0,0,0,0,0,0,0,0,0,0,0.0,0.0,0.0,0.0,0,0,0,0,0,0.00,0.00,0.00,0.00,40,-1073,150467,249,1322
675,107265,Angus,Gunn,2562117,0,False,0,0,0,0,0,0,0,0,0,0,0,0,0,0.0,0.0,0.0,0.0,0,0,0,0,0,0.00,0.00,0.00,0.00,40,-614,149995,159,773
675,107265,Angus,Gunn,2562131,1,False,45,0,0,0,0,0,0,0,0,0,0,0,4,1.2,0.0,0.0,0.1,1,4,0,0,0,0.00,0.00,0.00,0.21,40,-734,149342,201,935
675,107265,Angus,Gunn,2562140,0,False,0,0,0,0,0,0,0,0,0,0,0,0,0,0.0,0.0,0.0,0.0,0,0,0,0,0,0.00,0.00,0.00,0.00,40,-320,149178,539,859
675,107265,Angus,Gunn,2562151,0,False,0,0,0,0,0,0,0,0,0,0,0,0,0,0.0,0.0,0.0,0.0,0,0,0,0,0,0.00,0.00,0.00,0.00,40,-343,148999,480,823
675,107265,Angus,Gunn,2562161,0,False,0,0,0,0,0,0,0,0,0,0,0,0,0,0.0,0.0,0.0,0.0,0,0,0,0,0,0.00,0.00,0.00,0.00,40,-388,148649,340,728
675,107265,Angus,Gunn,2562167,0,False,0,0,0,0,0,0,0,0,0,0,0,0,0,0.0,0.0,0.0,0.0,0,0,0,0,0,0.00,0.00,0.00,0.00,40,-317,148453,202,519
675,107265,Angus,Gunn,2562181,0,False,0,0,0,0,0,0,0,0,0,0,0,0,0,0.0,0.0,0.0,0.0,0,0,0,0,0,0.00,0.00,0.00,0.00,40,-382,148116,139,521
675,107265,Angus,Gunn,2562192,0,False,0,0,0,0,0,0,0,0,0,0,0,0,0,0.0,0.0,0.0,0.0,0,0,0,0,0,0.00,0.00,0.00,0.00,40,-470,147763,175,645
675,107265,Angus,Gunn,2562203,0,False,0,0,0,0,0,0,0,0,0,0,0,0,0,0.0,0.0,0.0,0.0,0,0,0,0,0,0.00,0.00,0.00,0.00,40,-706,146761,93,799
675,107265,Angus,Gunn,2562212,0,False,0,0,0,0,0,0,0,0,0,0,0,0,0,0.0,0.0,0.0,0.0,0,0,0,0,0,0.00,0.00,0.00,0.00,40,-422,146847,111,533
675,107265,Angus,Gunn,2562223,0,False,0,0,0,0,0,0,0,0,0,0,0,0,0,0.0,0.0,0.0,0.0,0,0,0,0,0,0.00,0.00,0.00,0.00,40,-544,146171,117,661
675,107265,Angus,Gunn,2562232,0,False,0,0,0,0,0,0,0,0,0,0,0,0,0,0.0,0.0,0.0,0.0,0,0,0,0,0,0.00,0.00,0.00,0.00,40,-206,147100,278,484
675,107265,Angus,Gunn,2562239,0,False,0,0,0,0,0,0,0,0,0,0,0,0,0,0.0,0.0,0.0,0.0,0,0,0,0,0,0.00,0.00,0.00,0.00,40,-426,145815,87,513
675,107265,Angus,Gunn,2562251,0,False,0,0,0,0,0,0,0,0,0,0,0,0,0,0.0,0.0,0.0,0.0,0,0,0,0,0,0.00,0.00,0.00,0.00,40,-448,145405,115,563
675,107265,Angus,Gunn,2562262,0,False,0,0,0,0,0,0,0,0,0,0,0,0,0,0.0,0.0,0.0,0.0,0,0,0,0,0,0.00,0.00,0.00,0.00,40,-354,145113,116,470
675,107265,Angus,Gunn,2562271,0,False,0,0,0,0,0,0,0,0,0,0,0,0,0,0.0,0.0,0.0,0.0,0,0,0,0,0,0.00,0.00,0.00,0.00,40,-597,144506,111,708
693,503301,Omari,Hutchinson,2561909,1,False,8,0,0,0,0,0,0,0,0,0,0,0,-2,0.0,0.6,8.0,0.5,0,0,0,0,0,0.20,0.00,0.20,0.00,55,502,1259,678,176
693,503301,Omari,Hutchinson,2561921,1,False,1,0,0,0,1,0,0,0,0,0,0,0,3,0.2,0.3,0.0,0.1,0,1,0,1,0,0.00,0.00,0.00,0.96,55,383,2369,795,412
693,503301,Omari,Hutchinson,2561926,0,False,0,0,0,0,0,0,0,0,0,0,0,0,0,0.0,0.0,0.0,0.0,0,0,0,0,0,0.00,0.00,0.00,0.00,55,-15,2779,521,536
693,503301,Omari,Hutchinson,2561938,0,False,0,0,0,0,0,0,0,0,0,0,0,0,0,0.0,0.0,0.0,0.0,0,0,0,0,0,0.00,0.00,0.00,0.00,55,93,3172,547,454
693,503301,Omari,Hutchinson,2561953,1,False,18,0,0,0,0,0,0,0,0,0,0,0,18,22.6,53.2,26.0,10.2,0,1,1,2,0,0.22,0.34,0.56,0.41,55,-196,3156,296,492
693,503301,Omari,Hutchinson,2561963,1,False,25,0,0,0,1,0,0,0,0,0,0,0,0,0.4,3.5,4.0,0.8,0,1,0,1,0,0.00,0.01,0.01,2.25,55,-80,3254,240,320
693,503301,Omari,Hutchinson,2561971,0,False,0,0,0,0,0,0,0,0,0,0,0,0,0,0.0,0.0,0.0,0.0,0,0,0,0,0,0.00,0.00,0.00,0.00,55,-135,3345,224,359
693,503301,Omari,Hutchinson,2561975,1,False,45,0,0,0,0,0,0,0,0,0,0,0,2,1.8,16.3,4.0,2.2,0,3,0,3,0,0.00,0.03,0.03,0.10,54,-120,3327,149,269
693,503301,Omari,Hutchinson,2561991,0,False,0,0,0,0,0,0,0,0,0,0,0,0,0,0.0,0.0,0.0,0.0,0,0,0,0,0,0.00,0.00,0.00,0.00,54,-129,3347,120,249
693,503301,Omari,Hutchinson,2562001,8,False,31,0,2,0,0,0,0,0,0,0,0,1,28,21.4,14.8,9.0,4.5,0,5,0,5,0,0.05,0.35,0.40,0.61,54,-26,3447,147,173
693,503301,Omari,Hutchinson,2562011,4,False,29,0,1,0,0,0,0,0,0,0,0,0,12,6.4,0.3,30.0,3.7,0,1,1,2,0,0.42,0.02,0.44,0.77,54,156,3754,336,180
693,503301,Omari,Hutchinson,2562021,1,False,45,0,0,0,1,0,0,0,0,0,0,0,13,16.0,47.8,12.0,7.6,0,3,1,4,0,0.03,0.12,0.15,0.41,54,552,4496,703,151
693,503301,Omari,Hutchinson,2562034,6,False,90,0,1,1,0,0,0,0,0,0,0,0,21,26.6,48.8,20.0,9.5,0,4,1,5,1,0.12,0.66,0.78,0.91,54,993,5606,1257,264
693,503301,Omari,Hutchinson,2562038,2,False,90,0,0,0,3,0,0,0,0,0,0,0,1,0.0,1.2,0.0,0.0,0,3,1,4,1,0.00,0.01,0.01,1.12,54,1041,6711,1546,505
693,503301,Omari,Hutchinson,2562052,5,False,90,0,0,1,0,0,0,0,0,0,0,0,15,16.4,4.2,24.0,4.5,3,8,5,16,1,0.15,0.01,0.16,0.33,54,-581,6111,730,1311
693,503301,Omari,Hutchinson,2562059,2,False,90,0,0,0,1,0,0,0,0,0,0,0,8,6.4,28.9,19.0,5.4,2,3,0,5,1,0.02,0.15,0.17,1.50,54,1207,7557,1662,455
693,503301,Omari,Hutchinson,2562072,9,False,90,1,0,0,2,0,0,0,0,0,0,2,32,38.2,7.3,17.0,6.3,0,6,1,7,1,0.30,0.06,0.36,1.45,54,220,7667,915,695
693,503301,Omari,Hutchinson,2562082,2,False,90,0,0,0,2,0,0,0,0,0,0,0,19,15.6,46.5,20.0,8.2,1,6,0,7,1,0.04,0.34,0.38,1.26,54,11904,23686,12636,732
693,503301,Omari,Hutchinson,2562086,2,False,90,0,0,0,3,0,0,0,0,0,0,0,12,8.6,11.3,19.0,3.9,0,3,1,4,1,0.03,0.29,0.32,1.59,54,-280,19583,2971,3251
693,503301,Omari,Hutchinson,2562104,1,False,45,0,0,0,1,0,0,0,0,0,0,0,3,2.8,1.9,4.0,0.9,1,5,1,7,1,0.00,0.01,0.01,0.45,54,456,20511,3327,2871
693,503301,Omari,Hutchinson,2562111,1,False,1,0,0,0,0,0,0,0,0,0,0,0,4,3.0,4.5,2.0,1.0,1,0,0,1,0,0.00,0.05,0.05,0.10,54,-4406,15827,425,4831
693,503301,Omari,Hutchinson,2562117,1,False,29,0,0,0,0,0,0,0,0,0,0,0,3,3.2,4.1,0.0,0.7,1,0,1,2,0,0.00,0.01,0.01,0.45,54,-1551,14528,423,1974
693,503301,Omari,Hutchinson,2562131,0,False,0,0,0,0,0,0,0,0,0,0,0,0,0,0.0,0.0,0.0,0.0,0,0,0,0,0,0.00,0.00,0.00,0.00,54,-1804,12755,354,2158
693,503301,Omari,Hutchinson,2562140,4,False,36,0,1,0,0,0,0,0,0,0,0,0,20,25.4,33.0,0.0,5.8,0,1,0,1,0,0.00,0.22,0.22,0.45,54,-1230,11626,260,1490
693,503301,Omari,Hutchinson,2562151,3,False,90,0,0,1,0,0,0,0,0,0,0,0,12,21.0,61.7,13.0,9.6,2,1,2,5,1,0.09,0.25,0.34,0.42,54,-297,11456,591,888
693,503301,Omari,Hutchinson,2562161,3,False,65,0,0,1,0,0,0,0,0,0,0,0,9,6.0,9.6,25.0,4.1,1,2,1,4,1,0.03,0.05,0.08,0.53,54,-747,10750,199,946
693,503301,Omari,Hutchinson,2562167,1,False,55,0,0,0,2,0,0,0,0,0,0,0,4,2.8,1.8,19.0,2.4,1,3,0,4,1,0.02,0.01,0.03,1.26,54,-264,10573,241,505
693,503301,Omari,Hutchinson,2562181,0,False,0,0,0,0,0,0,0,0,0,0,0,0,0,0.0,0.0,0.0,0.0,0,0,0,0,0,0.00,0.00,0.00,0.00,54,-542,10036,128,670
693,503301,Omari,Hutchinson,2562192,1,False,45,0,0,0,0,0,0,0,0,0,0,0,10,9.2,15.1,8.0,3.2,0,3,1,4,0,0.00,0.02,0.02,0.14,54,-330,9792,220,550
693,503301,Omari,Hutchinson,2562203,3,False,79,0,0,1,0,0,0,0,0,0,0,0,14,6.2,2.3,19.0,2.8,0,6,0,6,1,0.14,0.01,0.15,0.87,54,-155,9495,106,261
693,503301,Omari,Hutchinson,2562212,1,False,64,0,0,0,1,0,0,0,1,0,0,0,3,1.0,1.8,4.0,0.7,2,4,0,6,1,0.00,0.01,0.01,0.30,54,-242,9524,130,372
693,503301,Omari,Hutchinson,2562223,5,False,87,0,1,0,1,0,0,0,0,0,0,0,15,21.4,14.7,6.0,4.2,0,3,1,4,1,0.00,0.10,0.10,0.36,54,-72,9409,238,310
693,503301,Omari,Hutchinson,2562232,3,False,66,0,0,1,0,0,0,0,0,0,0,0,14,9.4,9.2,23.0,4.2,2,2,0,4,1,0.06,0.10,0.16,0.39,54,532,10439,820,288
693,503301,Omari,Hutchinson,2562239,1,False,10,0,0,0,1,0,0,0,0,0,0,0,2,2.2,0.5,2.0,0.5,1,0,0,1,0,0.00,0.00,0.00,0.89,54,-108,9969,306,414
693,503301,Omari,Hutchinson,2562251,1,False,26,0,0,0,1,0,0,0,0,0,0,0,4,7.2,25.6,11.0,4.4,0,2,0,2,0,0.09,0.28,0.37,0.52,54,-3,10009,390,393
693,503301,Omari,Hutchinson,2562262,2,False,69,0,0,0,2,0,0,0,0,0,0,0,11,5.0,15.6,2.0,2.3,2,4,0,6,1,0.00,0.20,0.20,2.80,54,-38,9992,291,329
693,503301,Omari,Hutchinson,2562271,5,False,77,0,1,0,1,0,0,0,0,0,0,0,19,27.2,40.7,6.0,7.4,0,3,3,6,1,0.00,0.16,0.16,0.82,54,-225,9739,194,419
696,465680,Arnaud,Kalimuendo,2561909,1,False,19,0,0,0,0,0,0,0,0,0,0,0,2,1.0,1.6,0.0,0.3,1,1,0,2,0,0.00,0.00,0.00,0.00,60,620,1948,779,159
696,465680,Arnaud,Kalimuendo,2561921,1,False,1,0,0,0,1,0,0,0,0,0,0,0,3,0.4,0.5,0.0,0.1,0,1,0,1,0,0.00,0.00,0.00,0.96,60,617,5132,1326,709
696,465680,Arnaud,Kalimuendo,2561926,1,False,30,0,0,0,1,0,0,0,0,0,0,0,3,1.2,12.2,13.0,2.6,0,0,0,0,0,0.11,0.01,0.12,0.08,60,322,7804,1481,1159
696,465680,Arnaud,Kalimuendo,2561938,1,False,14,0,0,0,0,0,0,0,0,0,0,0,0,0.2,1.8,9.0,1.1,0,0,0,0,0,0.24,0.01,0.25,0.17,60,439,9590,1616,1177
696,465680,Arnaud,Kalimuendo,2561953,1,False,1,0,0,0,0,0,0,0,0,0,0,0,3,0.0,0.3,0.0,0.0,0,0,0,0,0,0.00,0.00,0.00,0.27,60,-177,10470,1151,1328
696,465680,Arnaud,Kalimuendo,2561963,0,False,0,0,0,0,0,0,0,0,0,0,0,0,0,0.0,0.0,0.0,0.0,0,0,0,0,0,0.00,0.00,0.00,0.00,60,-537,10836,587,1124
696,465680,Arnaud,Kalimuendo,2561971,0,False,0,0,0,0,0,0,0,0,0,0,0,0,0,0.0,0.0,0.0,0.0,0,0,0,0,0,0.00,0.00,0.00,0.00,60,-234,12456,930,1164
696,465680,Arnaud,Kalimuendo,2561975,1,False,1,0,0,0,0,0,0,0,0,0,0,0,3,0.0,0.0,0.0,0.0,0,0,0,0,0,0.00,0.00,0.00,0.00,60,-396,12848,548,944
696,465680,Arnaud,Kalimuendo,2561991,0,False,0,0,0,0,0,0,0,0,0,0,0,0,0,0.0,0.0,0.0,0.0,0,0,0,0,0,0.00,0.00,0.00,0.00,60,-106,13623,719,825
696,465680,Arnaud,Kalimuendo,2562001,0,False,0,0,0,0,0,0,0,0,0,0,0,0,0,0.0,0.0,0.0,0.0,0,0,0,0,0,0.00,0.00,0.00,0.00,60,-46,14262,776,822
696,465680,Arnaud,Kalimuendo,2562011,0,False,0,0,0,0,0,0,0,0,0,0,0,0,0,0.0,0.0,0.0,0.0,0,0,0,0,0,0.00,0.00,0.00,0.00,60,-278,14795,539,817
696,465680,Arnaud,Kalimuendo,2562021,1,False,15,0,0,0,1,0,0,0,0,0,0,0,3,1.0,1.3,0.0,0.2,0,1,1,2,0,0.00,0.00,0.00,0.09,60,164,15534,692,528
696,465680,Arnaud,Kalimuendo,2562034,0,False,0,0,0,0,0,0,0,0,0,0,0,0,0,0.0,0.0,0.0,0.0,0,0,0,0,0,0.00,0.00,0.00,0.00,60,158,16021,682,524
696,465680,Arnaud,Kalimuendo,2562038,0,False,0,0,0,0,0,0,0,0,0,0,0,0,0,0.0,0.0,0.0,0.0,0,0,0,0,0,0.00,0.00,0.00,0.00,60,-291,15992,482,773
696,465680,Arnaud,Kalimuendo,2562052,0,False,0,0,0,0,0,0,0,0,0,0,0,0,0,0.0,0.0,0.0,0.0,0,0,0,0,0,0.00,0.00,0.00,0.00,60,-300,16214,703,1003
696,465680,Arnaud,Kalimuendo,2562059,1,False,1,0,0,0,0,0,0,0,0,0,0,0,3,0.0,0.0,0.0,0.0,0,0,0,0,0,0.00,0.00,0.00,0.00,60,82,16835,907,825
696,465680,Arnaud,Kalimuendo,2562072,0,False,0,0,0,0,0,0,0,0,0,0,0,0,0,0.0,0.0,0.0,0.0,0,0,0,0,0,0.00,0.00,0.00,0.00,60,-262,17049,534,796
696,465680,Arnaud,Kalimuendo,2562082,0,False,0,0,0,0,0,0,0,0,0,0,0,0,0,0.0,0.0,0.0,0.0,0,0,0,0,0,0.00,0.00,0.00,0.00,60,-224,17117,257,481
696,465680,Arnaud,Kalimuendo,2562086,1,False,7,0,0,0,0,0,0,0,0,0,0,0,4,3.0,0.0,17.0,2.0,0,1,0,1,0,0.09,0.00,0.09,0.00,60,-177,17138,187,364
696,465680,Arnaud,Kalimuendo,2562104,0,False,0,0,0,0,0,0,0,0,0,0,0,0,0,0.0,0.0,0.0,0.0,0,0,0,0,0,0.00,0.00,0.00,0.00,60,-70,17326,330,400
696,465680,Arnaud,Kalimuendo,2562111,0,False,0,0,0,0,0,0,0,0,0,0,0,0,0,0.0,0.0,0.0,0.0,0,0,0,0,0,0.00,0.00,0.00,0.00,60,-947,16398,65,1012
696,465680,Arnaud,Kalimuendo,2562117,0,False,0,0,0,0,0,0,0,0,0,0,0,0,0,0.0,0.0,0.0,0.0,0,0,0,0,0,0.00,0.00,0.00,0.00,60,-358,16077,0,358
696,465680,Arnaud,Kalimuendo,2562131,0,False,0,0,0,0,0,0,0,0,0,0,0,0,0,0.0,0.0,0.0,0.0,0,0,0,0,0,0.00,0.00,0.00,0.00,60,-326,15768,0,326
696,465680,Arnaud,Kalimuendo,2562140,0,False,0,0,0,0,0,0,0,0,0,0,0,0,0,0.0,0.0,0.0,0.0,0,0,0,0,0,0.00,0.00,0.00,0.00,60,-208,15558,0,208
696,465680,Arnaud,Kalimuendo,2562151,0,False,0,0,0,0,0,0,0,0,0,0,0,0,0,0.0,0.0,0.0,0.0,0,0,0,0,0,0.00,0.00,0.00,0.00,60,-161,15399,0,161
696,465680,Arnaud,Kalimuendo,2562161,0,False,0,0,0,0,0,0,0,0,0,0,0,0,0,0.0,0.0,0.0,0.0,0,0,0,0,0,0.00,0.00,0.00,0.00,60,-141,15260,0,141
696,465680,Arnaud,Kalimuendo,2562167,0,False,0,0,0,0,0,0,0,0,0,0,0,0,0,0.0,0.0,0.0,0.0,0,0,0,0,0,0.00,0.00,0.00,0.00,60,-73,15192,0,73
696,465680,Arnaud,Kalimuendo,2562181,0,False,0,0,0,0,0,0,0,0,0,0,0,0,0,0.0,0.0,0.0,0.0,0,0,0,0,0,0.00,0.00,0.00,0.00,60,-56,15138,0,56
696,465680,Arnaud,Kalimuendo,2562192,0,False,0,0,0,0,0,0,0,0,0,0,0,0,0,0.0,0.0,0.0,0.0,0,0,0,0,0,0.00,0.00,0.00,0.00,60,-79,15057,0,79
696,465680,Arnaud,Kalimuendo,2562203,0,False,0,0,0,0,0,0,0,0,0,0,0,0,0,0.0,0.0,0.0,0.0,0,0,0,0,0,0.00,0.00,0.00,0.00,60,-42,15018,0,42
696,465680,Arnaud,Kalimuendo,2562212,0,False,0,0,0,0,0,0,0,0,0,0,0,0,0,0.0,0.0,0.0,0.0,0,0,0,0,0,0.00,0.00,0.00,0.00,60,-69,14949,0,69
696,465680,Arnaud,Kalimuendo,2562223,0,False,0,0,0,0,0,0,0,0,0,0,0,0,0,0.0,0.0,0.0,0.0,0,0,0,0,0,0.00,0.00,0.00,0.00,60,-42,14908,0,42
696,465680,Arnaud,Kalimuendo,2562232,0,False,0,0,0,0,0,0,0,0,0,0,0,0,0,0.0,0.0,0.0,0.0,0,0,0,0,0,0.00,0.00,0.00,0.00,60,-32,14878,0,32
696,465680,Arnaud,Kalimuendo,2562239,0,False,0,0,0,0,0,0,0,0,0,0,0,0,0,0.0,0.0,0.0,0.0,0,0,0,0,0,0.00,0.00,0.00,0.00,60,-34,14846,0,34
696,465680,Arnaud,Kalimuendo,2562251,0,False,0,0,0,0,0,0,0,0,0,0,0,0,0,0.0,0.0,0.0,0.0,0,0,0,0,0,0.00,0.00,0.00,0.00,60,-25,14820,0,25
696,465680,Arnaud,Kalimuendo,2562262,0,False,0,0,0,0,0,0,0,0,0,0,0,0,0,0.0,0.0,0.0,0.0,0,0,0,0,0,0.00,0.00,0.00,0.00,60,-10,14812,0,10
696,465680,Arnaud,Kalimuendo,2562271,0,False,0,0,0,0,0,0,0,0,0,0,0,0,0,0.0,0.0,0.0,0.0,0,0,0,0,0,0.00,0.00,0.00,0.00,60,-21,14788,0,21
715,221389,John Victor,Maciel Furtado,2561926,0,False,0,0,0,0,0,0,0,0,0,0,0,0,0,0.0,0.0,0.0,0.0,0,0,0,0,0,0.00,0.00,0.00,0.00,40,9197,21374,10174,977
715,221389,John Victor,Maciel Furtado,2561938,0,False,0,0,0,0,0,0,0,0,0,0,0,0,0,0.0,0.0,0.0,0.0,0,0,0,0,0,0.00,0.00,0.00,0.00,40,10984,39291,13414,2430
715,221389,John Victor,Maciel Furtado,2561953,0,False,0,0,0,0,0,0,0,0,0,0,0,0,0,0.0,0.0,0.0,0.0,0,0,0,0,0,0.00,0.00,0.00,0.00,40,6026,47470,9484,3458
715,221389,John Victor,Maciel Furtado,2561963,0,False,0,0,0,0,0,0,0,0,0,0,0,0,0,0.0,0.0,0.0,0.0,0,0,0,0,0,0.00,0.00,0.00,0.00,40,-1262,44495,1607,2869
715,221389,John Victor,Maciel Furtado,2561971,0,False,0,0,0,0,0,0,0,0,0,0,0,0,0,0.0,0.0,0.0,0.0,0,0,0,0,0,0.00,0.00,0.00,0.00,40,-853,44249,1469,2322
715,221389,John Victor,Maciel Furtado,2561975,0,False,0,0,0,0,0,0,0,0,0,0,0,0,0,0.0,0.0,0.0,0.0,0,0,0,0,0,0.00,0.00,0.00,0.00,40,-999,43467,435,1434
715,221389,John Victor,Maciel Furtado,2561991,0,False,0,0,0,0,0,0,0,0,0,0,0,0,0,0.0,0.0,0.0,0.0,0,0,0,0,0,0.00,0.00,0.00,0.00,40,-921,42773,301,1222
715,221389,John Victor,Maciel Furtado,2562001,0,False,0,0,0,0,0,0,0,0,0,0,0,0,0,0.0,0.0,0.0,0.0,0,0,0,0,0,0.00,0.00,0.00,0.00,40,-706,42379,266,972
715,221389,John Victor,Maciel Furtado,2562011,0,False,0,0,0,0,0,0,0,0,0,0,0,0,0,0.0,0.0,0.0,0.0,0,0,0,0,0,0.00,0.00,0.00,0.00,40,-739,41801,224,963
715,221389,John Victor,Maciel Furtado,2562021,0,False,0,0,0,0,0,0,0,0,0,0,0,0,0,0.0,0.0,0.0,0.0,0,0,0,0,0,0.00,0.00,0.00,0.00,40,-476,41489,155,631
715,221389,John Victor,Maciel Furtado,2562034,0,False,0,0,0,0,0,0,0,0,0,0,0,0,0,0.0,0.0,0.0,0.0,0,0,0,0,0,0.00,0.00,0.00,0.00,40,-270,41447,210,480
715,221389,John Victor,Maciel Furtado,2562038,0,False,0,0,0,0,0,0,0,0,0,0,0,0,0,0.0,0.0,0.0,0.0,0,0,0,0,0,0.00,0.00,0.00,0.00,40,-114,41367,526,640
715,221389,John Victor,Maciel Furtado,2562052,6,False,90,0,0,1,0,0,0,0,0,0,1,0,24,12.4,0.0,0.0,1.2,2,7,0,0,1,0.00,0.00,0.00,0.33,40,-1271,40301,368,1639
715,221389,John Victor,Maciel Furtado,2562059,1,False,90,0,0,0,1,0,0,0,1,0,0,0,2,2.6,0.0,0.0,0.3,0,4,0,0,1,0.00,0.00,0.00,1.50,40,2649,44670,3365,716
715,221389,John Victor,Maciel Furtado,2562072,2,False,90,0,0,0,2,0,0,0,0,0,3,0,9,26.6,0.0,0.0,2.7,0,6,0,0,1,0.00,0.00,0.00,1.45,40,1441,47678,2560,1119
715,221389,John Victor,Maciel Furtado,2562082,1,False,90,0,0,0,2,0,0,0,0,0,1,0,2,11.2,0.0,0.0,1.1,1,5,0,0,1,0.00,0.00,0.00,1.26,40,9255,79143,10609,1354
715,221389,John Victor,Maciel Furtado,2562086,1,False,77,0,0,0,3,0,0,0,0,0,1,0,-5,3.6,0.0,0.0,0.4,1,4,0,0,1,0.00,0.00,0.00,1.59,40,4361,59185,8324,3963
715,221389,John Victor,Maciel Furtado,2562104,0,False,0,0,0,0,0,0,0,0,0,0,0,0,0,0.0,0.0,0.0,0.0,0,0,0,0,0,0.00,0.00,0.00,0.00,40,-2222,56723,1533,3755
715,221389,John Victor,Maciel Furtado,2562111,0,False,0,0,0,0,0,0,0,0,0,0,0,0,0,0.0,0.0,0.0,0.0,0,0,0,0,0,0.00,0.00,0.00,0.00,40,-4021,52631,339,4360
715,221389,John Victor,Maciel Furtado,2562117,0,False,0,0,0,0,0,0,0,0,0,0,0,0,0,0.0,0.0,0.0,0.0,0,0,0,0,0,0.00,0.00,0.00,0.00,40,-2182,50609,90,2272
715,221389,John Victor,Maciel Furtado,2562131,0,False,0,0,0,0,0,0,0,0,0,0,0,0,0,0.0,0.0,0.0,0.0,0,0,0,0,0,0.00,0.00,0.00,0.00,40,-2302,48287,95,2397
715,221389,John Victor,Maciel Furtado,2562140,0,False,0,0,0,0,0,0,0,0,0,0,0,0,0,0.0,0.0,0.0,0.0,0,0,0,0,0,0.00,0.00,0.00,0.00,40,-1637,46679,85,1722
715,221389,John Victor,Maciel Furtado,2562151,0,False,0,0,0,0,0,0,0,0,0,0,0,0,0,0.0,0.0,0.0,0.0,0,0,0,0,0,0.00,0.00,0.00,0.00,40,-1477,45207,112,1589
715,221389,John Victor,Maciel Furtado,2562161,0,False,0,0,0,0,0,0,0,0,0,0,0,0,0,0.0,0.0,0.0,0.0,0,0,0,0,0,0.00,0.00,0.00,0.00,40,-1088,44276,120,1208
715,221389,John Victor,Maciel Furtado,2562167,0,False,0,0,0,0,0,0,0,0,0,0,0,0,0,0.0,0.0,0.0,0.0,0,0,0,0,0,0.00,0.00,0.00,0.00,40,-775,43552,105,880
715,221389,John Victor,Maciel Furtado,2562181,0,False,0,0,0,0,0,0,0,0,0,0,0,0,0,0.0,0.0,0.0,0.0,0,0,0,0,0,0.00,0.00,0.00,0.00,40,-719,42843,87,806
715,221389,John Victor,Maciel Furtado,2562192,0,False,0,0,0,0,0,0,0,0,0,0,0,0,0,0.0,0.0,0.0,0.0,0,0,0,0,0,0.00,0.00,0.00,0.00,40,-874,41987,146,1020
715,221389,John Victor,Maciel Furtado,2562203,0,False,0,0,0,0,0,0,0,0,0,0,0,0,0,0.0,0.0,0.0,0.0,0,0,0,0,0,0.00,0.00,0.00,0.00,40,-946,40250,37,983
715,221389,John Victor,Maciel Furtado,2562212,0,False,0,0,0,0,0,0,0,0,0,0,0,0,0,0.0,0.0,0.0,0.0,0,0,0,0,0,0.00,0.00,0.00,0.00,40,-1134,39975,53,1187
715,221389,John Victor,Maciel Furtado,2562223,0,False,0,0,0,0,0,0,0,0,0,0,0,0,0,0.0,0.0,0.0,0.0,0,0,0,0,0,0.00,0.00,0.00,0.00,40,-1015,38061,14,1029
715,221389,John Victor,Maciel Furtado,2562232,0,False,0,0,0,0,0,0,0,0,0,0,0,0,0,0.0,0.0,0.0,0.0,0,0,0,0,0,0.00,0.00,0.00,0.00,40,-596,38196,19,615
715,221389,John Victor,Maciel Furtado,2562239,0,False,0,0,0,0,0,0,0,0,0,0,0,0,0,0.0,0.0,0.0,0.0,0,0,0,0,0,0.00,0.00,0.00,0.00,40,-643,37791,30,673
715,221389,John Victor,Maciel Furtado,2562251,0,False,0,0,0,0,0,0,0,0,0,0,0,0,0,0.0,0.0,0.0,0.0,0,0,0,0,0,0.00,0.00,0.00,0.00,40,-593,37189,55,648
715,221389,John Victor,Maciel Furtado,2562262,0,False,0,0,0,0,0,0,0,0,0,0,0,0,0,0.0,0.0,0.0,0.0,0,0,0,0,0,0.00,0.00,0.00,0.00,40,-408,36791,74,482
715,221389,John Victor,Maciel Furtado,2562271,0,False,0,0,0,0,0,0,0,0,0,0,0,0,0,0.0,0.0,0.0,0.0,0,0,0,0,0,0.00,0.00,0.00,0.00,40,-316,36519,77,393
716,500151,Nicolò,Savona,2561926,0,False,53,0,0,0,2,0,0,0,0,0,0,0,4,11.0,11.1,4.0,2.6,2,0,3,5,0,0.00,0.00,0.00,0.88,45,309,564,410,101
716,500151,Nicolò,Savona,2561938,0,False,0,0,0,0,0,0,0,0,0,0,0,0,0,0.0,0.0,0.0,0.0,0,0,0,0,0,0.00,0.00,0.00,0.00,45,329,1169,505,176
716,500151,Nicolò,Savona,2561953,0,False,0,0,0,0,0,0,0,0,0,0,0,0,0,0.0,0.0,0.0,0.0,0,0,0,0,0,0.00,0.00,0.00,0.00,45,-104,1228,175,279
716,500151,Nicolò,Savona,2561963,1,False,90,0,0,0,2,0,0,0,0,0,0,0,1,9.4,2.3,0.0,1.2,3,6,0,3,1,0.00,0.04,0.04,3.28,45,-69,1359,86,155
716,500151,Nicolò,Savona,2561971,1,False,16,0,0,0,1,0,0,0,0,0,0,0,0,4.2,1.2,0.0,0.5,0,1,1,1,0,0.00,0.01,0.01,0.27,45,-38,1593,128,166
716,500151,Nicolò,Savona,2561975,1,False,90,0,0,0,2,0,0,0,0,0,0,0,5,14.2,1.5,0.0,1.6,4,3,3,7,1,0.00,0.00,0.00,0.59,45,-40,1677,104,144
716,500151,Nicolò,Savona,2561991,7,False,90,1,0,0,2,0,0,0,0,0,0,0,18,45.4,2.3,37.0,8.5,3,2,4,7,1,0.78,0.01,0.79,1.12,45,-2,1844,114,116
716,500151,Nicolò,Savona,2562001,2,False,90,0,0,0,1,0,0,0,0,0,0,0,12,19.8,25.9,2.0,4.8,5,3,2,7,1,0.00,0.08,0.08,0.69,45,2356,5311,2528,172
716,500151,Nicolò,Savona,2562011,12,False,90,1,0,1,0,0,0,0,0,0,0,0,38,45.8,4.3,17.0,6.7,6,1,1,7,1,0.44,0.00,0.44,1.93,45,-569,4106,318,887
716,500151,Nicolò,Savona,2562021,1,False,90,0,0,0,2,0,0,0,0,0,0,0,4,7.4,2.3,24.0,3.4,3,2,0,3,1,0.04,0.02,0.06,1.53,45,13944,25766,14681,737
716,500151,Nicolò,Savona,2562034,6,False,90,0,0,1,0,0,0,0,0,0,0,0,22,6.2,5.8,4.0,1.6,1,1,1,2,1,0.00,0.02,0.02,0.91,45,11237,32394,12415,1178
716,500151,Nicolò,Savona,2562038,-1,False,45,0,0,0,2,0,0,0,1,0,0,0,-5,10.6,15.7,0.0,2.6,3,2,2,5,1,0.00,0.05,0.05,0.48,45,953,31364,4300,3347
716,500151,Nicolò,Savona,2562052,5,False,90,0,0,1,0,0,0,0,1,0,0,0,27,10.8,29.4,0.0,4.0,1,4,0,1,1,0.00,0.16,0.16,0.33,45,-8919,22121,1803,10722
716,500151,Nicolò,Savona,2562059,2,False,80,0,0,0,1,0,0,0,0,0,0,0,4,14.8,1.9,0.0,1.7,3,0,2,5,1,0.00,0.01,0.01,1.19,45,1470,24638,3431,1961
716,500151,Nicolò,Savona,2562072,1,False,90,0,0,0,2,0,0,0,0,0,0,0,2,16.6,19.3,6.0,4.2,3,1,1,4,1,0.08,0.05,0.13,1.45,45,-1668,21757,1090,2758
716,500151,Nicolò,Savona,2562082,0,False,0,0,0,0,0,0,0,0,0,0,0,0,0,0.0,0.0,0.0,0.0,0,0,0,0,0,0.00,0.00,0.00,0.00,45,1845,26213,3439,1594
716,500151,Nicolò,Savona,2562086,1,False,21,0,0,0,1,0,0,0,0,0,0,0,-1,0.4,0.2,0.0,0.1,0,1,0,0,0,0.00,0.00,0.00,0.39,45,-3422,21617,390,3812
716,500151,Nicolò,Savona,2562104,0,False,0,0,0,0,0,0,0,0,0,0,0,0,0,0.0,0.0,0.0,0.0,0,0,0,0,0,0.00,0.00,0.00,0.00,45,-2465,19355,319,2784
716,500151,Nicolò,Savona,2562111,0,False,0,0,0,0,0,0,0,0,0,0,0,0,0,0.0,0.0,0.0,0.0,0,0,0,0,0,0.00,0.00,0.00,0.00,45,-3019,16419,155,3174
716,500151,Nicolò,Savona,2562117,0,False,0,0,0,0,0,0,0,0,0,0,0,0,0,0.0,0.0,0.0,0.0,0,0,0,0,0,0.00,0.00,0.00,0.00,45,-1582,14944,131,1713
716,500151,Nicolò,Savona,2562131,0,False,0,0,0,0,0,0,0,0,0,0,0,0,0,0.0,0.0,0.0,0.0,0,0,0,0,0,0.00,0.00,0.00,0.00,45,-2508,12469,84,2592
716,500151,Nicolò,Savona,2562140,0,False,0,0,0,0,0,0,0,0,0,0,0,0,0,0.0,0.0,0.0,0.0,0,0,0,0,0,0.00,0.00,0.00,0.00,45,-2130,10343,12,2142
716,500151,Nicolò,Savona,2562151,0,False,0,0,0,0,0,0,0,0,0,0,0,0,0,0.0,0.0,0.0,0.0,0,0,0,0,0,0.00,0.00,0.00,0.00,45,-1300,9027,18,1318
716,500151,Nicolò,Savona,2562161,0,False,0,0,0,0,0,0,0,0,0,0,0,0,0,0.0,0.0,0.0,0.0,0,0,0,0,0,0.00,0.00,0.00,0.00,45,-839,8302,10,849
716,500151,Nicolò,Savona,2562167,0,False,0,0,0,0,0,0,0,0,0,0,0,0,0,0.0,0.0,0.0,0.0,0,0,0,0,0,0.00,0.00,0.00,0.00,45,-435,7889,12,447
716,500151,Nicolò,Savona,2562181,0,False,0,0,0,0,0,0,0,0,0,0,0,0,0,0.0,0.0,0.0,0.0,0,0,0,0,0,0.00,0.00,0.00,0.00,45,-399,7489,9,408
716,500151,Nicolò,Savona,2562192,0,False,0,0,0,0,0,0,0,0,0,0,0,0,0,0.0,0.0,0.0,0.0,0,0,0,0,0,0.00,0.00,0.00,0.00,45,-362,7140,13,375
716,500151,Nicolò,Savona,2562203,0,False,0,0,0,0,0,0,0,0,0,0,0,0,0,0.0,0.0,0.0,0.0,0,0,0,0,0,0.00,0.00,0.00,0.00,45,-190,6875,6,196
716,500151,Nicolò,Savona,2562212,0,False,0,0,0,0,0,0,0,0,0,0,0,0,0,0.0,0.0,0.0,0.0,0,0,0,0,0,0.00,0.00,0.00,0.00,45,-152,6810,25,177
716,500151,Nicolò,Savona,2562223,0,False,0,0,0,0,0,0,0,0,0,0,0,0,0,0.0,0.0,0.0,0.0,0,0,0,0,0,0.00,0.00,0.00,0.00,45,-128,6665,11,139
716,500151,Nicolò,Savona,2562232,0,False,0,0,0,0,0,0,0,0,0,0,0,0,0,0.0,0.0,0.0,0.0,0,0,0,0,0,0.00,0.00,0.00,0.00,45,-107,6570,9,116
716,500151,Nicolò,Savona,2562239,0,False,0,0,0,0,0,0,0,0,0,0,0,0,0,0.0,0.0,0.0,0.0,0,0,0,0,0,0.00,0.00,0.00,0.00,45,-85,6505,10,95
716,500151,Nicolò,Savona,2562251,0,False,0,0,0,0,0,0,0,0,0,0,0,0,0,0.0,0.0,0.0,0.0,0,0,0,0,0,0.00,0.00,0.00,0.00,45,-72,6440,14,86
716,500151,Nicolò,Savona,2562262,0,False,0,0,0,0,0,0,0,0,0,0,0,0,0,0.0,0.0,0.0,0.0,0,0,0,0,0,0.00,0.00,0.00,0.00,45,-32,6409,26,58
716,500151,Nicolò,Savona,2562271,0,False,0,0,0,0,0,0,0,0,0,0,0,0,0,0.0,0.0,0.0,0.0,0,0,0,0,0,0.00,0.00,0.00,0.00,45,-10,6400,44,54
729,560441,Luis Eduardo,Soares da Silva,2561926,0,False,0,0,0,0,0,0,0,0,0,0,0,0,0,0.0,0.0,0.0,0.0,0,0,0,0,0,0.00,0.00,0.00,0.00,45,16,78,25,9
729,560441,Luis Eduardo,Soares da Silva,2561938,0,False,0,0,0,0,0,0,0,0,0,0,0,0,0,0.0,0.0,0.0,0.0,0,0,0,0,0,0.00,0.00,0.00,0.00,45,-14,62,0,14
729,560441,Luis Eduardo,Soares da Silva,2561953,0,False,0,0,0,0,0,0,0,0,0,0,0,0,0,0.0,0.0,0.0,0.0,0,0,0,0,0,0.00,0.00,0.00,0.00,45,-3,61,0,3
729,560441,Luis Eduardo,Soares da Silva,2561963,0,False,0,0,0,0,0,0,0,0,0,0,0,0,0,0.0,0.0,0.0,0.0,0,0,0,0,0,0.00,0.00,0.00,0.00,45,-7,54,0,7
729,560441,Luis Eduardo,Soares da Silva,2561971,0,False,0,0,0,0,0,0,0,0,0,0,0,0,0,0.0,0.0,0.0,0.0,0,0,0,0,0,0.00,0.00,0.00,0.00,45,-2,53,0,2
729,560441,Luis Eduardo,Soares da Silva,2561975,0,False,0,0,0,0,0,0,0,0,0,0,0,0,0,0.0,0.0,0.0,0.0,0,0,0,0,0,0.00,0.00,0.00,0.00,45,-1,52,0,1
729,560441,Luis Eduardo,Soares da Silva,2561991,0,False,0,0,0,0,0,0,0,0,0,0,0,0,0,0.0,0.0,0.0,0.0,0,0,0,0,0,0.00,0.00,0.00,0.00,45,-1,51,0,1
729,560441,Luis Eduardo,Soares da Silva,2562001,0,False,0,0,0,0,0,0,0,0,0,0,0,0,0,0.0,0.0,0.0,0.0,0,0,0,0,0,0.00,0.00,0.00,0.00,45,0,51,0,0
729,560441,Luis Eduardo,Soares da Silva,2562011,0,False,0,0,0,0,0,0,0,0,0,0,0,0,0,0.0,0.0,0.0,0.0,0,0,0,0,0,0.00,0.00,0.00,0.00,45,-1,50,0,1
729,560441,Luis Eduardo,Soares da Silva,2562021,0,False,0,0,0,0,0,0,0,0,0,0,0,0,0,0.0,0.0,0.0,0.0,0,0,0,0,0,0.00,0.00,0.00,0.00,45,0,50,0,0
729,560441,Luis Eduardo,Soares da Silva,2562034,0,False,0,0,0,0,0,0,0,0,0,0,0,0,0,0.0,0.0,0.0,0.0,0,0,0,0,0,0.00,0.00,0.00,0.00,45,0,50,0,0
729,560441,Luis Eduardo,Soares da Silva,2562038,0,False,0,0,0,0,0,0,0,0,0,0,0,0,0,0.0,0.0,0.0,0.0,0,0,0,0,0,0.00,0.00,0.00,0.00,45,0,50,0,0
729,560441,Luis Eduardo,Soares da Silva,2562052,0,False,0,0,0,0,0,0,0,0,0,0,0,0,0,0.0,0.0,0.0,0.0,0,0,0,0,0,0.00,0.00,0.00,0.00,45,0,50,0,0
729,560441,Luis Eduardo,Soares da Silva,2562059,0,False,0,0,0,0,0,0,0,0,0,0,0,0,0,0.0,0.0,0.0,0.0,0,0,0,0,0,0.00,0.00,0.00,0.00,45,-1,49,0,1
729,560441,Luis Eduardo,Soares da Silva,2562072,0,False,0,0,0,0,0,0,0,0,0,0,0,0,0,0.0,0.0,0.0,0.0,0,0,0,0,0,0.00,0.00,0.00,0.00,45,-1,48,0,1
729,560441,Luis Eduardo,Soares da Silva,2562082,0,False,0,0,0,0,0,0,0,0,0,0,0,0,0,0.0,0.0,0.0,0.0,0,0,0,0,0,0.00,0.00,0.00,0.00,45,0,48,0,0
729,560441,Luis Eduardo,Soares da Silva,2562086,0,False,0,0,0,0,0,0,0,0,0,0,0,0,0,0.0,0.0,0.0,0.0,0,0,0,0,0,0.00,0.00,0.00,0.00,45,0,48,0,0
729,560441,Luis Eduardo,Soares da Silva,2562104,0,False,0,0,0,0,0,0,0,0,0,0,0,0,0,0.0,0.0,0.0,0.0,0,0,0,0,0,0.00,0.00,0.00,0.00,45,0,48,0,0
729,560441,Luis Eduardo,Soares da Silva,2562111,0,False,0,0,0,0,0,0,0,0,0,0,0,0,0,0.0,0.0,0.0,0.0,0,0,0,0,0,0.00,0.00,0.00,0.00,45,-1,47,0,1
729,560441,Luis Eduardo,Soares da Silva,2562117,0,False,0,0,0,0,0,0,0,0,0,0,0,0,0,0.0,0.0,0.0,0.0,0,0,0,0,0,0.00,0.00,0.00,0.00,45,0,47,0,0
729,560441,Luis Eduardo,Soares da Silva,2562131,0,False,0,0,0,0,0,0,0,0,0,0,0,0,0,0.0,0.0,0.0,0.0,0,0,0,0,0,0.00,0.00,0.00,0.00,45,22,103,24,2
729,560441,Luis Eduardo,Soares da Silva,2562140,0,False,0,0,0,0,0,0,0,0,0,0,0,0,0,0.0,0.0,0.0,0.0,0,0,0,0,0,0.00,0.00,0.00,0.00,45,30,180,36,6
729,560441,Luis Eduardo,Soares da Silva,2562151,0,False,0,0,0,0,0,0,0,0,0,0,0,0,0,0.0,0.0,0.0,0.0,0,0,0,0,0,0.00,0.00,0.00,0.00,45,-29,164,9,38
729,560441,Luis Eduardo,Soares da Silva,2562161,0,False,0,0,0,0,0,0,0,0,0,0,0,0,0,0.0,0.0,0.0,0.0,0,0,0,0,0,0.00,0.00,0.00,0.00,45,-19,146,0,19
729,560441,Luis Eduardo,Soares da Silva,2562167,0,False,0,0,0,0,0,0,0,0,0,0,0,0,0,0.0,0.0,0.0,0.0,0,0,0,0,0,0.00,0.00,0.00,0.00,45,-3,143,0,3
729,560441,Luis Eduardo,Soares da Silva,2562181,0,False,0,0,0,0,0,0,0,0,0,0,0,0,0,0.0,0.0,0.0,0.0,0,0,0,0,0,0.00,0.00,0.00,0.00,45,-2,141,0,2
729,560441,Luis Eduardo,Soares da Silva,2562192,0,False,0,0,0,0,0,0,0,0,0,0,0,0,0,0.0,0.0,0.0,0.0,0,0,0,0,0,0.00,0.00,0.00,0.00,45,-5,137,0,5
729,560441,Luis Eduardo,Soares da Silva,2562203,0,False,0,0,0,0,0,0,0,0,0,0,0,0,0,0.0,0.0,0.0,0.0,0,0,0,0,0,0.00,0.00,0.00,0.00,45,-1,135,0,1
729,560441,Luis Eduardo,Soares da Silva,2562212,0,False,0,0,0,0,0,0,0,0,0,0,0,0,0,0.0,0.0,0.0,0.0,0,0,0,0,0,0.00,0.00,0.00,0.00,45,-3,133,0,3
729,560441,Luis Eduardo,Soares da Silva,2562223,0,False,0,0,0,0,0,0,0,0,0,0,0,0,0,0.0,0.0,0.0,0.0,0,0,0,0,0,0.00,0.00,0.00,0.00,45,0,133,0,0
729,560441,Luis Eduardo,Soares da Silva,2562232,0,False,0,0,0,0,0,0,0,0,0,0,0,0,0,0.0,0.0,0.0,0.0,0,0,0,0,0,0.00,0.00,0.00,0.00,45,-1,132,0,1
729,560441,Luis Eduardo,Soares da Silva,2562239,0,False,0,0,0,0,0,0,0,0,0,0,0,0,0,0.0,0.0,0.0,0.0,0,0,0,0,0,0.00,0.00,0.00,0.00,45,0,132,0,0
729,560441,Luis Eduardo,Soares da Silva,2562251,0,False,0,0,0,0,0,0,0,0,0,0,0,0,0,0.0,0.0,0.0,0.0,0,0,0,0,0,0.00,0.00,0.00,0.00,45,-1,131,0,1
729,560441,Luis Eduardo,Soares da Silva,2562262,0,False,0,0,0,0,0,0,0,0,0,0,0,0,0,0.0,0.0,0.0,0.0,0,0,0,0,0,0.00,0.00,0.00,0.00,45,0,131,0,0
729,560441,Luis Eduardo,Soares da Silva,2562271,0,False,0,0,0,0,0,0,0,0,0,0,0,0,0,0.0,0.0,0.0,0.0,0,0,0,0,0,0.00,0.00,0.00,0.00,45,0,131,0,0
734,476887,Dilane,Bakwa,2561926,1,False,30,0,0,0,1,0,0,0,0,0,0,0,4,0.6,0.9,2.0,0.4,0,2,0,2,0,0.00,0.00,0.00,0.08,60,357,613,486,129
734,476887,Dilane,Bakwa,2561938,1,False,58,0,0,0,1,0,0,0,0,0,0,0,7,13.0,14.3,26.0,5.3,1,5,0,6,1,0.06,0.01,0.07,0.51,60,595,1490,851,256
734,476887,Dilane,Bakwa,2561953,2,False,71,0,0,0,1,0,0,0,0,0,0,0,12,14.0,45.3,17.0,7.6,1,4,0,5,1,0.07,0.23,0.30,0.79,60,169,1881,523,354
734,476887,Dilane,Bakwa,2561963,1,False,13,0,0,0,1,0,0,0,0,0,0,0,4,2.6,13.2,4.0,2.0,0,0,0,0,0,0.00,0.03,0.03,1.85,60,-112,1922,272,384
734,476887,Dilane,Bakwa,2561971,0,False,0,0,0,0,0,0,0,0,0,0,0,0,0,0.0,0.0,0.0,0.0,0,0,0,0,0,0.00,0.00,0.00,0.00,60,-196,1958,224,420
734,476887,Dilane,Bakwa,2561975,0,False,0,0,0,0,0,0,0,0,0,0,0,0,0,0.0,0.0,0.0,0.0,0,0,0,0,0,0.00,0.00,0.00,0.00,60,-152,1932,123,275
734,476887,Dilane,Bakwa,2561991,0,False,0,0,0,0,0,0,0,0,0,0,0,0,0,0.0,0.0,0.0,0.0,0,0,0,0,0,0.00,0.00,0.00,0.00,60,-294,1640,47,341
734,476887,Dilane,Bakwa,2562001,0,False,0,0,0,0,0,0,0,0,0,0,0,0,0,0.0,0.0,0.0,0.0,0,0,0,0,0,0.00,0.00,0.00,0.00,60,-127,1543,62,189
734,476887,Dilane,Bakwa,2562011,0,False,0,0,0,0,0,0,0,0,0,0,0,0,0,0.0,0.0,0.0,0.0,0,0,0,0,0,0.00,0.00,0.00,0.00,60,-111,1453,53,164
734,476887,Dilane,Bakwa,2562021,0,False,0,0,0,0,0,0,0,0,0,0,0,0,0,0.0,0.0,0.0,0.0,0,0,0,0,0,0.00,0.00,0.00,0.00,59,-75,1379,10,85
734,476887,Dilane,Bakwa,2562034,0,False,0,0,0,0,0,0,0,0,0,0,0,0,0,0.0,0.0,0.0,0.0,0,0,0,0,0,0.00,0.00,0.00,0.00,59,-15,1371,19,34
734,476887,Dilane,Bakwa,2562038,0,False,0,0,0,0,0,0,0,0,0,0,0,0,0,0.0,0.0,0.0,0.0,0,0,0,0,0,0.00,0.00,0.00,0.00,59,-26,1350,22,48
734,476887,Dilane,Bakwa,2562052,0,False,0,0,0,0,0,0,0,0,0,0,0,0,0,0.0,0.0,0.0,0.0,0,0,0,0,0,0.00,0.00,0.00,0.00,59,-16,1355,35,51
734,476887,Dilane,Bakwa,2562059,0,False,0,0,0,0,0,0,0,0,0,0,0,0,0,0.0,0.0,0.0,0.0,0,0,0,0,0,0.00,0.00,0.00,0.00,59,93,1554,140,47
734,476887,Dilane,Bakwa,2562072,1,False,1,0,0,0,0,0,0,0,0,0,0,0,3,0.2,0.1,0.0,0.0,0,0,0,0,0,0.00,0.00,0.00,0.00,59,56,1682,132,76
734,476887,Dilane,Bakwa,2562082,1,False,15,0,0,0,1,0,0,0,0,0,0,0,7,4.2,5.1,10.0,1.9,0,1,1,2,0,0.04,0.08,0.12,0.58,59,54,1816,127,73
734,476887,Dilane,Bakwa,2562086,4,False,68,0,1,0,2,0,0,0,1,0,0,0,12,11.8,13.8,10.0,3.6,1,5,0,6,1,0.22,0.17,0.39,1.20,59,32,1880,115,83
734,476887,Dilane,Bakwa,2562104,1,False,46,0,0,0,0,0,0,0,0,0,0,0,4,3.4,16.1,2.0,2.2,0,2,0,2,0,0.00,0.16,0.16,0.50,59,297,2325,407,110
734,476887,Dilane,Bakwa,2562111,0,False,0,0,0,0,0,0,0,0,0,0,0,0,0,0.0,0.0,0.0,0.0,0,0,0,0,0,0.00,0.00,0.00,0.00,59,-139,2177,93,232
734,476887,Dilane,Bakwa,2562117,0,False,0,0,0,0,0,0,0,0,0,0,0,0,0,0.0,0.0,0.0,0.0,0,0,0,0,0,0.00,0.00,0.00,0.00,59,-48,2188,61,109
734,476887,Dilane,Bakwa,2562131,0,False,0,0,0,0,0,0,0,0,0,0,0,0,0,0.0,0.0,0.0,0.0,0,0,0,0,0,0.00,0.00,0.00,0.00,59,32,2298,141,109
734,476887,Dilane,Bakwa,2562140,0,False,0,0,0,0,0,0,0,0,0,0,0,0,0,0.0,0.0,0.0,0.0,0,0,0,0,0,0.00,0.00,0.00,0.00,59,55,2435,165,110
734,476887,Dilane,Bakwa,2562151,0,False,0,0,0,0,0,0,0,0,0,0,0,0,0,0.0,0.0,0.0,0.0,0,0,0,0,0,0.00,0.00,0.00,0.00,59,19,2516,151,132
734,476887,Dilane,Bakwa,2562161,1,False,24,0,0,0,1,0,0,0,0,0,0,0,2,0.0,4.3,1.0,0.3,0,2,1,3,0,0.05,0.00,0.05,1.20,59,-42,2539,58,100
734,476887,Dilane,Bakwa,2562167,1,False,16,0,0,0,0,0,0,0,0,0,0,0,0,0.0,0.8,6.0,0.5,0,0,0,0,0,0.06,0.00,0.06,0.02,59,-6,2586,66,72
734,476887,Dilane,Bakwa,2562181,0,False,0,0,0,0,0,0,0,0,0,0,0,0,0,0.0,0.0,0.0,0.0,0,0,0,0,0,0.00,0.00,0.00,0.00,59,-11,2624,60,71
734,476887,Dilane,Bakwa,2562192,0,False,0,0,0,0,0,0,0,0,0,0,0,0,0,0.0,0.0,0.0,0.0,0,0,0,0,0,0.00,0.00,0.00,0.00,59,20,2716,96,76
734,476887,Dilane,Bakwa,2562203,0,False,0,0,0,0,0,0,0,0,0,0,0,0,0,0.0,0.0,0.0,0.0,0,0,0,0,0,0.00,0.00,0.00,0.00,59,11,2780,51,40
734,476887,Dilane,Bakwa,2562212,0,False,0,0,0,0,0,0,0,0,0,0,0,0,0,0.0,0.0,0.0,0.0,0,0,0,0,0,0.00,0.00,0.00,0.00,59,-3,2817,51,54
734,476887,Dilane,Bakwa,2562223,1,False,45,0,0,0,1,0,0,0,0,0,0,0,5,5.2,15.8,4.0,2.5,0,3,1,4,1,0.00,0.04,0.04,0.21,59,10,2858,54,44
734,476887,Dilane,Bakwa,2562232,0,False,0,0,0,0,0,0,0,0,0,0,0,0,0,0.0,0.0,0.0,0.0,0,0,0,0,0,0.00,0.00,0.00,0.00,59,66,2981,105,39
734,476887,Dilane,Bakwa,2562239,7,False,79,0,1,1,0,0,0,0,0,0,0,1,26,24.8,27.2,2.0,5.4,0,2,1,3,1,0.00,0.25,0.25,1.27,59,-13,2937,49,62
734,476887,Dilane,Bakwa,2562251,3,False,63,0,0,1,0,0,0,0,0,0,0,0,9,5.0,16.4,9.0,3.0,0,2,0,2,1,0.04,0.01,0.05,0.96,59,362,3359,437,75
734,476887,Dilane,Bakwa,2562262,1,False,20,0,0,0,1,0,0,0,0,0,0,0,5,1.6,5.5,2.0,0.9,0,0,0,0,0,0.00,0.03,0.03,1.77,59,170,3525,345,175
734,476887,Dilane,Bakwa,2562271,0,False,0,0,0,0,0,0,0,0,0,0,0,0,0,0.0,0.0,0.0,0.0,0,0,0,0,0,0.00,0.00,0.00,0.00,59,-96,3465,154,250
805,469130,Lorenzo,Lucca,2562131,0,False,0,0,0,0,0,0,0,0,0,0,0,0,0,0.0,0.0,0.0,0.0,0,0,0,0,0,0.00,0.00,0.00,0.00,55,669,729,776,107
805,469130,Lorenzo,Lucca,2562140,5,False,36,1,0,0,0,0,0,0,0,0,0,0,27,32.0,1.1,19.0,5.2,0,0,0,0,0,0.16,0.00,0.16,0.45,55,259,1015,436,177
805,469130,Lorenzo,Lucca,2562151,2,False,70,0,0,1,0,0,0,0,0,0,0,0,2,0.0,1.0,8.0,0.7,2,1,0,3,1,0.56,0.00,0.56,0.22,55,2810,4463,3105,295
805,469130,Lorenzo,Lucca,2562161,1,False,13,0,0,0,1,0,0,0,0,0,0,0,5,5.2,10.6,4.0,2.0,2,0,0,2,0,0.00,0.01,0.01,1.20,55,-421,3472,620,1041
805,469130,Lorenzo,Lucca,2562167,0,False,0,0,0,0,0,0,0,0,0,0,0,0,0,0.0,0.0,0.0,0.0,0,0,0,0,0,0.00,0.00,0.00,0.00,55,-337,3211,351,688
805,469130,Lorenzo,Lucca,2562181,0,False,0,0,0,0,0,0,0,0,0,0,0,0,0,0.0,0.0,0.0,0.0,0,0,0,0,0,0.00,0.00,0.00,0.00,55,-614,2594,139,753
805,469130,Lorenzo,Lucca,2562192,0,False,0,0,0,0,0,0,0,0,0,0,0,0,0,0.0,0.0,0.0,0.0,0,0,0,0,0,0.00,0.00,0.00,0.00,55,-310,2374,225,535
805,469130,Lorenzo,Lucca,2562203,0,False,0,0,0,0,0,0,0,0,0,0,0,0,0,0.0,0.0,0.0,0.0,0,0,0,0,0,0.00,0.00,0.00,0.00,55,-164,2139,86,250
805,469130,Lorenzo,Lucca,2562212,0,False,0,0,0,0,0,0,0,0,0,0,0,0,0,0.0,0.0,0.0,0.0,0,0,0,0,0,0.00,0.00,0.00,0.00,55,-187,2092,104,291
805,469130,Lorenzo,Lucca,2562223,0,False,0,0,0,0,0,0,0,0,0,0,0,0,0,0.0,0.0,0.0,0.0,0,0,0,0,0,0.00,0.00,0.00,0.00,54,-169,1917,47,216
805,469130,Lorenzo,Lucca,2562232,0,False,0,0,0,0,0,0,0,0,0,0,0,0,0,0.0,0.0,0.0,0.0,0,0,0,0,0,0.00,0.00,0.00,0.00,54,-10,2013,121,131
805,469130,Lorenzo,Lucca,2562239,0,False,0,0,0,0,0,0,0,0,0,0,0,0,0,0.0,0.0,0.0,0.0,0,0,0,0,0,0.00,0.00,0.00,0.00,54,-75,1903,65,140
805,469130,Lorenzo,Lucca,2562251,1,False,7,0,0,0,0,0,0,0,0,0,0,0,-1,0.0,0.3,8.0,0.6,0,2,0,2,0,0.07,0.00,0.07,0.02,54,-46,1872,74,120
805,469130,Lorenzo,Lucca,2562262,0,False,0,0,0,0,0,0,0,0,0,0,0,0,0,0.0,0.0,0.0,0.0,0,0,0,0,0,0.00,0.00,0.00,0.00,53,27,1924,104,77
805,469130,Lorenzo,Lucca,2562271,0,False,0,0,0,0,0,0,0,0,0,0,0,0,0,0.0,0.0,0.0,0.0,0,0,0,0,0,0.00,0.00,0.00,0.00,53,19,1964,136,117
814,470315,Luca,Netz,2562140,1,False,14,0,0,0,0,0,0,0,0,0,0,0,3,1.0,1.1,2.0,0.4,0,0,0,0,0,0.00,0.36,0.36,0.00,45,82,119,90,8
814,470315,Luca,Netz,2562151,0,False,0,0,0,0,0,0,0,0,0,0,0,0,0,0.0,0.0,0.0,0.0,0,0,0,0,0,0.00,0.00,0.00,0.00,45,85,268,117,32
814,470315,Luca,Netz,2562161,0,False,0,0,0,0,0,0,0,0,0,0,0,0,0,0.0,0.0,0.0,0.0,0,0,0,0,0,0.00,0.00,0.00,0.00,45,7,336,45,38
814,470315,Luca,Netz,2562167,1,False,34,0,0,0,0,0,0,0,0,0,0,0,5,6.8,0.6,0.0,0.7,1,3,0,1,0,0.00,0.00,0.00,0.05,45,0,384,39,39
814,470315,Luca,Netz,2562181,0,False,0,0,0,0,0,0,0,0,0,0,0,0,0,0.0,0.0,0.0,0.0,0,0,0,0,0,0.00,0.00,0.00,0.00,45,13,423,36,23
814,470315,Luca,Netz,2562192,0,False,0,0,0,0,0,0,0,0,0,0,0,0,0,0.0,0.0,0.0,0.0,0,0,0,0,0,0.00,0.00,0.00,0.00,45,38,529,62,24
814,470315,Luca,Netz,2562203,0,False,0,0,0,0,0,0,0,0,0,0,0,0,0,0.0,0.0,0.0,0.0,0,0,0,0,0,0.00,0.00,0.00,0.00,45,5,633,35,30
814,470315,Luca,Netz,2562212,0,False,0,0,0,0,0,0,0,0,0,0,0,0,0,0.0,0.0,0.0,0.0,0,0,0,0,0,0.00,0.00,0.00,0.00,45,15,672,34,19
814,470315,Luca,Netz,2562223,0,False,0,0,0,0,0,0,0,0,0,0,0,0,0,0.0,0.0,0.0,0.0,0,0,0,0,0,0.00,0.00,0.00,0.00,45,5,719,30,25
814,470315,Luca,Netz,2562232,1,False,23,0,0,0,0,0,0,0,0,0,0,0,5,9.2,0.3,2.0,1.2,3,2,1,4,0,0.00,0.02,0.02,0.31,45,27,803,49,22
814,470315,Luca,Netz,2562239,4,False,90,0,0,0,1,0,0,0,0,0,0,0,11,18.0,0.8,2.0,2.1,4,6,6,10,1,0.00,0.00,0.00,2.15,45,4,800,25,21
814,470315,Luca,Netz,2562251,2,False,82,0,0,0,1,0,0,0,0,0,0,0,10,16.2,25.0,2.0,4.3,3,4,4,7,1,0.00,0.03,0.03,1.46,45,100,953,136,36
814,470315,Luca,Netz,2562262,1,False,83,0,0,0,3,0,0,0,0,0,0,0,-5,8.6,2.0,2.0,1.3,2,0,1,3,1,0.00,0.00,0.00,3.74,45,123,1077,163,40
814,470315,Luca,Netz,2562271,1,False,27,0,0,0,0,0,0,0,0,0,0,0,4,3.6,0.3,0.0,0.4,2,0,0,2,0,0.00,0.00,0.00,0.16,45,-29,1086,99,128
835,568159,Archie,Whitehall,2562251,0,False,0,0,0,0,0,0,0,0,0,0,0,0,0,0.0,0.0,0.0,0.0,0,0,0,0,0,0.00,0.00,0.00,0.00,45,0,0,0,0
835,568159,Archie,Whitehall,2562262,0,False,0,0,0,0,0,0,0,0,0,0,0,0,0,0.0,0.0,0.0,0.0,0,0,0,0,0,0.00,0.00,0.00,0.00,45,39,53,41,2
835,568159,Archie,Whitehall,2562271,0,False,0,0,0,0,0,0,0,0,0,0,0,0,0,0.0,0.0,0.0,0.0,0,0,0,0,0,0.00,0.00,0.00,0.00,45,12,73,39,27
836,590040,Jimmy,Sinclair,2562251,0,False,0,0,0,0,0,0,0,0,0,0,0,0,0,0.0,0.0,0.0,0.0,0,0,0,0,0,0.00,0.00,0.00,0.00,45,0,0,0,0
836,590040,Jimmy,Sinclair,2562262,0,False,0,0,0,0,0,0,0,0,0,0,0,0,0,0.0,0.0,0.0,0.0,0,0,0,0,0,0.00,0.00,0.00,0.00,45,22,39,26,4
836,590040,Jimmy,Sinclair,2562271,0,False,0,0,0,0,0,0,0,0,0,0,0,0,0,0.0,0.0,0.0,0.0,0,0,0,0,0,0.00,0.00,0.00,0.00,45,21,74,38,17
841,687076,Lamin,Sillah,2562271,0,False,0,0,0,0,0,0,0,0,0,0,0,0,0,0.0,0.0,0.0,0.0,0,0,0,0,0,0.00,0.00,0.00,0.00,45,0,0,0,0
